base_L2@1s,base_L2@2s,base_L2@3s,base_avgL2@1s,base_avgL2@2s,base_avgL2@3s,base_coll@1s,base_coll@2s,base_coll@3s,base_cumColl@1s,base_cumColl@2s,base_cumColl@3s,base_meanColl@1s,base_meanColl@2s,base_meanColl@3s,base_status,command,got_L2@1s,got_L2@2s,got_L2@3s,got_avgL2@1s,got_avgL2@2s,got_avgL2@3s,got_beats_base,got_cand_cmd,got_cand_kin,got_cand_total,got_cand_vals,got_cand_wps,got_candidate_spread,got_coll@1s,got_coll@2s,got_coll@3s,got_cumColl@1s,got_cumColl@2s,got_cumColl@3s,got_fuse_feasible,got_fuse_n,got_meanColl@1s,got_meanColl@2s,got_meanColl@3s,got_minADE_C,got_n_candidates,got_oracle_L2@1s,got_oracle_L2@2s,got_oracle_L2@3s,got_oracle_avgL2@1s,got_oracle_avgL2@2s,got_oracle_avgL2@3s,got_pred,got_status,got_worst_candidate,mean_coll@1s,mean_coll@2s,mean_coll@3s,mean_cumColl@1s,mean_cumColl@2s,mean_cumColl@3s,mean_meanColl@1s,mean_meanColl@2s,mean_meanColl@3s,sample_token,scene,seed
0.0063,0.0092,0.1641,0.0054,0.007,0.0345,0.0,0.0,0.0,0.0,0.0,0.0,0.0,0.0,0.0,ok,straight,34.8333,0.9978,3.6917,17.4189,9.2797,7.2283,False,"[-0.0653, -0.0, -0.0, -0.0]","[-593532.0992, -597770.5556, -597815.0611, -622248.9804]","[-4618945.3937, -4623183.8501, -4623228.3556, -4647662.2749]","[8.299, 6.216, 6.257, 22.529]","[[[-0.026, 0.0], [34.8086, 0.0], [1.2588, 0.0], [0.9733, 0.0], [5.1135, 0.1305], [7.6833, -0.1305]], [[-0.026, 0.0], [34.8086, 0.0], [1.2588, 0.0], [0.9733, 0.0], [-0.026, 0.0], [-0.026, 0.0]], [[-0.026, 0.0], [34.8086, 0.0], [1.2588, 0.0], [0.9733, 0.0], [-0.026, 0.0], [0.545, 0.0]], [[-0.026, 0.0], [34.8086, 0.0], [1.2588, 0.0], [0.9733, 0.0], [28.5269, 0.7833], [69.6432, 0.0]]]",6.8096,0.0,0.0,0.0,0.0,0.0,0.0,False,"[2, 2, 2]",0.0,0.0,0.0,6.2163,4.0,34.8333,0.9978,0.1641,17.4189,9.2797,6.2163,"[[-0.026, 0.0], [34.809, 0.0], [1.259, 0.0], [0.973, 0.0], [2.544, 0.065], [3.829, -0.065]]",ok,22.5294,1.0,1.0,1.0,1.0,1.0,1.0,0.5,0.75,0.8333333333333334,fd8420396768425eabec9bdddf7e64b6,scene-0003,42
0.1224,0.145,1.5888,0.2151,0.1712,0.4209,0.0,0.0,0.0,0.0,0.0,0.0,0.0,0.0,0.0,ok,straight,0.1224,0.287,2.8743,0.0741,0.1716,0.6468,False,"[-0.0, -0.0653, -0.0, -0.0]","[-69.3323, -1530.2541, -5105.458, -19169.9646]","[4.5728, -1001527.1053, -1005102.3092, -1019166.8159]","[0.326, 1.051, 0.891, 1.849]","[[[0.8306, 0.0], [1.6871, 0.0], [2.401, 0.0], [2.401, 0.0], [3.4003, 0.0], [4.5424, 0.0]], [[0.8306, 0.0], [1.6871, 0.0], [2.401, 0.0], [2.401, 0.0], [2.2582, 0.0], [8.2543, 0.1305]], [[0.8306, 0.0], [1.6871, 0.0], [2.401, 0.0], [2.401, 0.0], [6.5412, 0.0], [2.2582, 0.0]], [[0.8306, 0.0], [1.6871, 0.0], [2.401, 0.0], [2.401, 0.0], [11.3952, -0.1305], [5.6846, 0.0]]]",0.5445,0.0,0.0,0.0,0.0,0.0,0.0,False,"[2, 2, 2]",0.0,0.0,0.0,0.326,4.0,0.1224,0.287,1.0178,0.0741,0.1716,0.326,"[[0.831, 0.0], [1.687, 0.0], [2.401, 0.0], [2.401, 0.0], [2.829, 0.0], [6.398, 0.065]]",ok,1.849,0.0,0.0,0.0,0.0,0.0,0.0,0.0,0.0,0.0,6b9af38cbf654171870cb14b4ae89fd6,scene-0003,42
0.0852,0.5533,2.8013,0.2338,0.2781,0.6874,0.0,0.0,1.0,0.0,0.0,1.0,0.0,0.0,0.16666666666666666,ok,straight,0.9238,0.1398,4.3446,0.7245,0.4201,1.2983,False,"[-0.0, -0.1305, -0.0, -0.0653]","[-684.4523, -962.7941, -1015.314, -1356.6648]","[-500370.0317, -1501335.0712, -1501387.5911, -1501728.9419]","[0.705, 1.894, 0.828, 0.652]","[[[0.1167, 0.0], [2.1154, 0.0], [1.6871, 0.0], [2.1154, 0.0], [2.5437, 0.0], [5.1135, 0.0]], [[0.1167, 0.0], [2.1154, 0.0], [1.6871, 0.0], [2.1154, 0.0], [5.6846, 0.0], [9.1109, -0.2611]], [[0.1167, 0.0], [2.1154, 0.0], [1.6871, 0.0], [2.1154, 0.0], [2.8293, 0.0], [-0.026, 0.0]], [[0.1167, 0.0], [2.1154, 0.0], [1.6871, 0.0], [2.1154, 0.0], [4.2569, 0.1305], [2.5437, -0.1305]]]",0.5086,0.0,0.0,0.0,0.0,0.0,0.0,True,"[2, 2, 2]",0.0,0.0,0.0,0.6518,4.0,0.9238,0.1398,0.3239,0.7245,0.4201,0.6518,"[[0.117, 0.0], [2.115, 0.0], [1.687, 0.0], [2.115, 0.0], [4.114, 0.0], [7.112, -0.131]]",ok,1.8937,0.0,0.0,0.0,0.0,0.0,0.0,0.0,0.0,0.0,37b3d16060b442d5b6175cbebefd09a7,scene-0003,42
0.6693,1.5328,1.7145,0.6282,1.0243,1.3773,0.0,0.0,0.0,0.0,0.0,0.0,0.0,0.0,0.0,ok,straight,0.2426,2.2477,1.7144,0.2013,1.0611,1.3306,True,"[-0.0, -0.0653, -0.0653, -0.9791]","[-70.9499, -118.7623, -262.9304, -1904.6877]","[3.273, 3.0496, 2.8605, -1001902.7777]","[1.354, 1.308, 1.357, 1.681]","[[[1.5444, 0.0], [2.972, 0.0], [3.4003, 0.0653], [4.3997, -0.0653], [5.9701, 0.0], [7.3977, 0.0]], [[1.5444, 0.0], [2.972, 0.0], [3.4003, 0.0653], [4.3997, -0.0653], [6.2556, 0.1305], [7.3977, -0.1305]], [[1.5444, 0.0], [2.972, 0.0], [3.4003, 0.0653], [4.3997, -0.0653], [5.1135, 0.1305], [8.2543, 0.1305]], [[1.5444, 0.0], [2.972, 0.0], [3.4003, 0.0653], [4.3997, -0.0653], [4.5424, 0.2611], [10.253, -1.9582]]]",0.149,0.0,0.0,0.0,0.0,0.0,0.0,True,"[2, 2, 2]",0.0,0.0,0.0,1.3079,4.0,0.2426,2.2477,1.7168,0.2013,1.0611,1.3079,"[[1.544, 0.0], [2.972, 0.0], [3.4, 0.065], [4.4, -0.065], [6.113, 0.065], [7.398, -0.065]]",ok,1.6809,0.0,0.0,0.0,0.0,0.0,0.0,0.0,0.0,0.0,08254b97198045d98009af51d144d147,scene-0003,42
0.3278,1.3075,1.7098,0.2143,0.6082,0.9387,0.0,0.0,0.0,0.0,0.0,0.0,0.0,0.0,0.0,ok,left,0.2394,2.6185,9.6803,0.2281,0.9307,2.3776,False,"[0.8486, 0.0, 0.5875, -8.2899]","[-2790.8241, -10659.7379, -11208.0527, -38257.018]","[-1503320.4705, -1511189.3843, -1511737.6991, -1538786.6644]","[1.165, 3.889, 1.494, 4.76]","[[[3.2576, 0.0], [6.9694, 0.1305], [10.3958, 0.1958], [11.2524, 0.718], [17.3913, 0.7833], [21.3887, 1.6971]], [[3.2576, 0.0], [6.9694, 0.1305], [10.3958, 0.1958], [11.2524, 0.718], [18.5334, 2.3499], [39.3771, 0.0]], [[3.2576, 0.0], [6.9694, 0.1305], [10.3958, 0.1958], [11.2524, 0.718], [20.5321, 1.6971], [20.8176, 1.1749]], [[3.2576, 0.0], [6.9694, 0.1305], [10.3958, 0.1958], [11.2524, 0.718], [22.2453, 1.1749], [19.39, -16.5798]]]",1.5333,0.0,0.0,0.0,0.0,0.0,0.0,False,"[2, 2, 2]",0.0,0.0,0.0,1.1654,4.0,0.2394,2.6185,1.7098,0.2281,0.9307,1.1654,"[[3.258, 0.0], [6.969, 0.131], [10.396, 0.196], [11.252, 0.718], [17.962, 1.567], [30.383, 0.849]]",ok,4.76,0.0,0.0,0.0,0.0,0.0,0.0,0.0,0.0,0.0,88a090c54cc844cc878f00d08274a683,scene-0012,42
0.3311,0.5222,1.8555,0.326,0.434,0.8542,0.0,0.0,0.0,0.0,0.0,0.0,0.0,0.0,0.0,ok,straight,0.716,0.5567,2.6889,0.6612,0.6042,0.9541,False,"[-0.1305, -0.0653, -0.5875, -0.1958]","[-320.3351, -1255.2975, -4089.0198, -31871.0119]","[3.7055, -1001252.8484, -1004086.5707, -1031868.5628]","[1.014, 1.112, 1.445, 2.444]","[[[5.1135, 0.0], [9.8247, 0.0], [14.2505, -0.0653], [18.5334, -0.3916], [24.8151, -0.2611], [29.6691, -0.2611]], [[5.1135, 0.0], [9.8247, 0.0], [14.2505, -0.0653], [18.5334, -0.3916], [22.5308, 0.6527], [31.3822, -0.1305]], [[5.1135, 0.0], [9.8247, 0.0], [14.2505, -0.0653], [18.5334, -0.3916], [25.6716, -0.3916], [24.5295, -1.1749]], [[5.1135, 0.0], [9.8247, 0.0], [14.2505, -0.0653], [18.5334, -0.3916], [33.6665, -0.5222], [29.3835, -0.3916]]]",0.5662,0.0,0.0,0.0,0.0,0.0,0.0,True,"[2, 2, 2]",0.0,0.0,0.0,1.0137,4.0,0.716,0.5567,1.8555,0.6612,0.6042,1.0137,"[[5.113, 0.0], [9.825, 0.0], [14.25, -0.065], [18.533, -0.392], [23.673, 0.196], [30.526, -0.196]]",ok,2.4445,0.0,0.0,0.0,0.0,0.0,0.0,0.0,0.0,0.0,f33e0c3f5d5c426593af8af1c27b68b8,scene-0012,42
1.7592,4.8823,7.162,1.3042,2.8724,4.0952,0.0,0.0,0.0,0.0,0.0,0.0,0.0,0.0,0.0,ok,right,1.6289,3.8761,5.9513,0.9978,2.3625,3.4519,True,"[1.2402, 0.7833, 8.2899, -0.0]","[-415.0184, -502.0355, -11942.1768, -106014.643]","[1.673, 1.5337, -1011940.7631, -1106013.2294]","[3.708, 3.227, 4.316, 6.156]","[[[4.828, 0.1305], [8.6826, -0.5875], [12.9656, -0.4569], [17.8196, -1.1749], [20.8176, -1.6971], [24.8151, -2.4804]], [[4.828, 0.1305], [8.6826, -0.5875], [12.9656, -0.4569], [17.8196, -1.1749], [22.2453, -0.3916], [26.8138, -1.5666]], [[4.828, 0.1305], [8.6826, -0.5875], [12.9656, -0.4569], [17.8196, -1.1749], [26.5282, -3.6554], [25.1006, -16.5798]], [[4.828, 0.1305], [8.6826, -0.5875], [12.9656, -0.4569], [17.8196, -1.1749], [18.5334, 16.5798], [25.3861, 0.0]]]",1.1109,0.0,0.0,0.0,0.0,0.0,0.0,True,"[2, 2, 2]",0.0,0.0,0.0,3.2271,4.0,1.6289,3.8761,5.0939,0.9978,2.3625,3.2271,"[[4.828, 0.131], [8.683, -0.587], [12.966, -0.457], [17.82, -1.175], [21.531, -1.044], [25.814, -2.024]]",ok,6.156,0.0,0.0,0.0,0.0,0.0,0.0,0.0,0.0,0.0,045ecf94b83648229500b23058af3117,scene-0012,42
1.589,1.3397,2.2393,1.4364,1.4687,1.5437,0.0,0.0,0.0,0.0,0.0,0.0,0.0,0.0,0.0,ok,left,1.4155,2.5481,6.5055,1.3473,1.5192,2.2997,False,"[0.8486, 8.2899, 8.2899, 8.2899]","[-1216.8642, -8199.0424, -39241.4737, -55823.5832]","[-1502998.5887, -1509980.7668, -1541023.1981, -1557605.3077]","[1.661, 3.62, 5.921, 7.2]","[[[3.6858, 0.0653], [7.5405, 0.3264], [12.109, 0.3916], [13.9649, 0.718], [19.1045, 1.6971], [24.8151, 1.6971]], [[3.6858, 0.0653], [7.5405, 0.3264], [12.109, 0.3916], [13.9649, 0.718], [17.9623, 2.8721], [28.2414, 16.5798]], [[3.6858, 0.0653], [7.5405, 0.3264], [12.109, 0.3916], [13.9649, 0.718], [19.1045, 16.5798], [31.6678, 16.5798]], [[3.6858, 0.0653], [7.5405, 0.3264], [12.109, 0.3916], [13.9649, 0.718], [18.5334, 16.5798], [42.2324, 16.5798]]]",2.1272,0.0,0.0,0.0,0.0,0.0,0.0,False,"[2, 2, 2]",0.0,0.0,0.0,1.6611,4.0,1.4155,2.5481,2.7413,1.3473,1.5192,1.6611,"[[3.686, 0.065], [7.541, 0.326], [12.109, 0.392], [13.965, 0.718], [18.533, 2.285], [26.528, 9.138]]",ok,7.1997,0.0,0.0,0.0,0.0,0.0,0.0,0.0,0.0,0.0,2818d76fdbcf49029de0e316a26f8903,scene-0012,42
0.6657,2.1543,5.354,0.6004,1.3545,2.4306,0.0,0.0,0.0,0.0,0.0,0.0,0.0,0.0,0.0,ok,straight,0.5251,2.4912,4.6149,0.4601,1.3452,2.2939,True,"[-0.0, -0.9138, -1.1097, -0.1958]","[-258.3899, -1144.0204, -3532.2915, -16261.4241]","[3.6202, -1001142.3701, -1003530.6412, -1016259.7738]","[2.236, 2.386, 2.293, 6.644]","[[[3.5431, 0.0653], [6.6839, 0.0], [10.9669, -0.2611], [14.2505, -0.2611], [18.2479, 0.0], [20.8176, 0.0]], [[3.5431, 0.0653], [6.6839, 0.0], [10.9669, -0.2611], [14.2505, -0.2611], [18.2479, 1.0444], [21.1032, -1.8277]], [[3.5431, 0.0653], [6.6839, 0.0], [10.9669, -0.2611], [14.2505, -0.2611], [20.2466, 0.7833], [18.8189, 2.2193]], [[3.5431, 0.0653], [6.6839, 0.0], [10.9669, -0.2611], [14.2505, -0.2611], [20.5321, 0.7833], [45.0877, 0.3916]]]",1.8796,0.0,0.0,0.0,0.0,0.0,0.0,True,"[2, 2, 2]",0.0,0.0,0.0,2.2365,4.0,0.5251,2.4912,4.2266,0.4601,1.3452,2.2365,"[[3.543, 0.065], [6.684, 0.0], [10.967, -0.261], [14.25, -0.261], [18.248, 0.522], [20.96, -0.914]]",ok,6.6443,0.0,0.0,0.0,0.0,0.0,0.0,0.0,0.0,0.0,b9c60cfaf1814c8bb363037dec7abd35,scene-0013,42
0.2074,0.4271,0.6538,0.1519,0.3617,0.4828,0.0,0.0,0.0,0.0,0.0,0.0,0.0,0.0,0.0,ok,straight,1.4938,0.5804,2.2537,0.8658,0.6856,1.0506,False,"[-0.0, -0.0653, -0.4569, -0.0653]","[-868.4751, -469.1866, -1575.5709, -8029.3693]","[3.8765, 3.6454, -1001573.1117, -1008026.9101]","[1.449, 0.699, 1.023, 1.647]","[[[3.5431, 0.0], [7.826, -0.0653], [10.253, 0.0], [13.8222, 0.0653], [15.3926, 1.3055], [16.5347, 0.0]], [[3.5431, 0.0], [7.826, -0.0653], [10.253, 0.0], [13.8222, 0.0653], [16.2492, 0.0], [19.9611, -0.1305]], [[3.5431, 0.0], [7.826, -0.0653], [10.253, 0.0], [13.8222, 0.0653], [19.1045, 0.6527], [19.39, 0.9138]], [[3.5431, 0.0], [7.826, -0.0653], [10.253, 0.0], [13.8222, 0.0653], [13.3939, 0.1305], [23.9585, -0.1305]]]",0.369,0.0,0.0,0.0,0.0,0.0,0.0,True,"[2, 2, 2]",0.0,0.0,0.0,0.6987,4.0,1.4938,0.5804,0.6538,0.8658,0.6856,0.6987,"[[3.543, 0.0], [7.826, -0.065], [10.253, 0.0], [13.822, 0.065], [15.821, 0.653], [18.248, -0.065]]",ok,1.6474,0.0,0.0,0.0,0.0,0.0,0.0,0.0,0.0,0.0,3615d82e7e8546fea5f181157f42e30b,scene-0013,42
0.4637,2.0732,1.6971,0.5153,1.102,1.3857,0.0,0.0,0.0,0.0,0.0,0.0,0.0,0.0,0.0,ok,straight,1.3175,0.5015,1.134,1.2276,1.2262,1.5178,False,"[-0.1958, -0.0, -0.2611, -8.2899]","[-2783.5111, -3505.2186, -32446.5848, -37542.9307]","[-1504145.4275, -1504867.135, -1533808.5012, -1538904.8471]","[1.611, 1.44, 3.16, 4.728]","[[[2.5437, 0.0], [5.6846, 0.0], [8.8254, -0.6527], [14.3932, -0.1958], [15.3926, -0.2611], [19.9611, -0.3916]], [[2.5437, 0.0], [5.6846, 0.0], [8.8254, -0.6527], [14.3932, -0.1958], [15.3926, -0.6527], [21.1032, 0.0]], [[2.5437, 0.0], [5.6846, 0.0], [8.8254, -0.6527], [14.3932, -0.1958], [26.5282, -0.2611], [15.6781, -0.5222]], [[2.5437, 0.0], [5.6846, 0.0], [8.8254, -0.6527], [14.3932, -0.1958], [14.536, -0.7833], [31.3822, 16.5798]]]",1.3318,0.0,0.0,0.0,0.0,0.0,0.0,False,"[2, 2, 2]",0.0,0.0,0.0,1.4397,4.0,1.3175,0.5015,0.6486,1.2276,1.2262,1.4397,"[[2.544, 0.0], [5.685, 0.0], [8.825, -0.653], [14.393, -0.196], [15.393, -0.457], [20.532, -0.196]]",ok,4.7282,0.0,0.0,0.0,0.0,0.0,0.0,0.0,0.0,0.0,20a68f4f6d5e46edb6c4d9e8321ced5b,scene-0013,42
0.3143,2.2268,2.7786,0.2098,0.9588,1.7081,0.0,0.0,0.0,0.0,0.0,0.0,0.0,0.0,0.0,ok,straight,1.0276,2.9435,4.9381,0.6376,1.143,1.9545,False,"[-0.1305, -0.0653, -0.3264, -0.1305]","[-1059.0017, -6804.9861, -12348.6972, -105186.6092]","[-1502115.5232, -1507861.5075, -1513405.2187, -1606243.1307]","[1.831, 2.098, 4.84, 9.002]","[[[4.3997, 0.0], [9.2537, 0.0], [12.5373, -0.1305], [18.9617, -0.1958], [23.3874, -0.1305], [25.9572, -0.2611]], [[4.3997, 0.0], [9.2537, 0.0], [12.5373, -0.1305], [18.9617, -0.1958], [20.5321, 0.0], [30.5257, -0.1305]], [[4.3997, 0.0], [9.2537, 0.0], [12.5373, -0.1305], [18.9617, -0.1958], [23.9585, 0.2611], [43.66, -0.6527]], [[4.3997, 0.0], [9.2537, 0.0], [12.5373, -0.1305], [18.9617, -0.1958], [22.8163, -0.6527], [69.6432, -0.2611]]]",2.8837,0.0,0.0,0.0,0.0,0.0,0.0,False,"[2, 2, 2]",0.0,0.0,0.0,1.8309,4.0,1.0276,2.9435,2.7786,0.6376,1.143,1.8309,"[[4.4, 0.0], [9.254, 0.0], [12.537, -0.131], [18.962, -0.196], [21.96, -0.065], [28.241, -0.196]]",ok,9.0017,0.0,0.0,0.0,0.0,0.0,0.0,0.0,0.0,0.0,fde1435fa125431d9eb22d8e5e254a32,scene-0013,42
0.0254,0.0262,0.0271,0.0252,0.0256,0.026,0.0,0.0,0.0,0.0,0.0,0.0,0.0,0.0,0.0,ok,straight,0.1179,1.26,2.4033,0.1893,0.4392,0.9512,False,"[-0.0653, -0.0, -0.0, -0.2611]","[-43.4333, -518.259, -807.1178, -552.257]","[4.171, 3.0594, 2.0121, -1000549.8223]","[1.618, 0.302, 0.531, 2.333]","[[[0.2595, 0.0], [0.1167, 0.0], [0.1167, 0.0], [1.2588, 0.0], [3.1148, 0.1305], [4.828, 0.1305]], [[0.2595, 0.0], [0.1167, 0.0], [0.1167, 0.0], [1.2588, 0.0], [-0.026, 0.0], [-0.026, 0.0]], [[0.2595, 0.0], [0.1167, 0.0], [0.1167, 0.0], [1.2588, 0.0], [-0.026, 0.0], [1.4016, 0.0]], [[0.2595, 0.0], [0.1167, 0.0], [0.1167, 0.0], [1.2588, 0.0], [3.1148, 0.0], [9.1109, 0.5222]]]",0.8236,0.0,0.0,0.0,0.0,0.0,0.0,True,"[2, 2, 2]",0.0,0.0,0.0,0.3017,4.0,0.1179,1.26,0.0271,0.1893,0.4392,0.3017,"[[0.259, 0.0], [0.117, 0.0], [0.117, 0.0], [1.259, 0.0], [1.544, 0.065], [2.401, 0.065]]",ok,2.3333,1.0,1.0,1.0,1.0,1.0,1.0,0.5,0.75,0.8333333333333334,43cfc03be6f842ae8942c995f8e3f2fb,scene-0014,42
1.0724,1.2884,0.4995,1.047,1.1064,0.8576,0.0,0.0,0.0,0.0,0.0,0.0,0.0,0.0,0.0,ok,straight,2.5,2.5719,0.8673,1.7608,1.9626,1.4685,False,"[-0.0, -0.0, -0.1958, -0.1305]","[-1126.0432, -1192.3801, -1496.002, -1934.8068]","[4.9969, 4.7892, -1001492.9422, -1001931.747]","[1.589, 1.402, 2.018, 2.355]","[[[1.6871, 0.0], [3.9714, 0.0], [4.3997, 0.0], [6.3984, -0.0653], [5.399, -0.1305], [5.9701, 0.0]], [[1.6871, 0.0], [3.9714, 0.0], [4.3997, 0.0], [6.3984, -0.0653], [5.6846, 0.0], [7.3977, 0.0]], [[1.6871, 0.0], [3.9714, 0.0], [4.3997, 0.0], [6.3984, -0.0653], [6.5412, 1.1749], [9.9675, 0.3916]], [[1.6871, 0.0], [3.9714, 0.0], [4.3997, 0.0], [6.3984, -0.0653], [10.253, 0.7833], [8.8254, 0.2611]]]",0.3713,0.0,0.0,0.0,0.0,0.0,0.0,True,"[2, 2, 2]",0.0,0.0,0.0,1.4024,4.0,2.5,2.5719,0.3438,1.7608,1.9626,1.4024,"[[1.687, 0.0], [3.971, 0.0], [4.4, 0.0], [6.398, -0.065], [5.542, -0.065], [6.684, 0.0]]",ok,2.3552,0.0,0.0,0.0,0.0,0.0,0.0,0.0,0.0,0.0,3a1dd258a83f44b6bd97e8cc426d7057,scene-0014,42
2.4577,5.5045,10.4668,1.6421,3.3174,5.1583,0.0,0.0,0.0,0.0,0.0,0.0,0.0,0.0,0.0,ok,straight,2.4525,4.2162,7.9859,1.6395,2.7474,4.3165,True,"[-0.3264, -1.3055, -0.4569, -8.2899]","[-562.8823, -1370.5772, -1581.7819, -55047.6907]","[2.285, -1001369.5809, -1001580.7856, -1055046.6944]","[4.778, 3.875, 5.16, 8.188]","[[[1.6871, 0.0], [2.8293, -0.0653], [4.9707, -0.0653], [7.255, -1.2402], [7.3977, -0.6527], [7.3977, -0.6527]], [[1.6871, 0.0], [2.8293, -0.0653], [4.9707, -0.0653], [7.255, -1.2402], [7.9688, -0.7833], [12.2517, -2.611]], [[1.6871, 0.0], [2.8293, -0.0653], [4.9707, -0.0653], [7.255, -1.2402], [5.9701, -0.2611], [6.5412, -0.9138]], [[1.6871, 0.0], [2.8293, -0.0653], [4.9707, -0.0653], [7.255, -1.2402], [12.2517, 16.5798], [9.3964, 16.5798]]]",1.6204,0.0,0.0,0.0,0.0,0.0,0.0,True,"[2, 2, 2]",0.0,0.0,0.0,3.8755,4.0,2.4525,4.2162,5.6297,1.6395,2.7474,3.8755,"[[1.687, 0.0], [2.829, -0.065], [4.971, -0.065], [7.255, -1.24], [7.683, -0.718], [9.825, -1.632]]",ok,8.1884,0.0,0.0,0.0,0.0,0.0,0.0,0.0,0.0,0.0,510c3f937ce54fafa51f9c9f98f0a4a5,scene-0014,42
2.0291,4.5025,6.5273,1.3831,2.6272,3.7481,0.0,0.0,0.0,0.0,0.0,0.0,0.0,0.0,0.0,ok,straight,2.8857,4.6652,8.6576,1.954,2.7069,4.0177,False,"[-0.5222, -0.1305, -0.0653, -1.893]","[-2018.6164, -3216.6768, -3495.2684, -1222862.9172]","[-1503854.7254, -1505052.7857, -1505331.3773, -2724699.0262]","[3.754, 4.327, 2.966, 12.522]","[[[2.5437, 0.0], [4.2569, -0.1305], [8.3971, -0.4569], [9.5392, 0.1306], [13.1083, -0.9138], [14.8215, -1.0444]], [[2.5437, 0.0], [4.2569, -0.1305], [8.3971, -0.4569], [9.5392, 0.1306], [13.1083, 1.3055], [11.6807, -0.2611]], [[2.5437, 0.0], [4.2569, -0.1305], [8.3971, -0.4569], [9.5392, 0.1306], [13.3939, -0.6527], [24.5295, -0.1305]], [[2.5437, 0.0], [4.2569, -0.1305], [8.3971, -0.4569], [9.5392, 0.1306], [69.6432, -0.6527], [9.9675, -3.7859]]]",3.8578,0.0,0.0,0.0,0.0,0.0,0.0,False,"[2, 2, 2]",0.0,0.0,0.0,2.9662,4.0,2.8857,4.6652,2.6742,1.954,2.7069,2.9662,"[[2.544, 0.0], [4.257, -0.131], [8.397, -0.457], [9.539, 0.131], [13.108, 0.196], [13.251, -0.653]]",ok,12.5216,0.0,0.0,0.0,0.0,0.0,0.0,0.0,0.0,0.0,0afa886817744d61be66f0bcea2be47c,scene-0014,42
1.013,2.766,4.5811,0.6988,1.516,2.3185,0.0,0.0,0.0,0.0,0.0,0.0,0.0,0.0,0.0,ok,straight,0.7533,2.9063,1.9933,0.5671,1.4504,1.7477,True,"[-0.6527, -0.9791, -0.718, -5.5484]","[-38.5429, -163.0899, -2714.4649, -37967.3309]","[3.4272, 3.2615, -1002712.3115, -1037965.1774]","[2.038, 1.47, 2.891, 3.654]","[[[3.1148, -0.0653], [6.2556, 0.0], [8.6826, -0.3264], [10.9669, -0.718], [13.9649, -1.0444], [17.3913, -1.3055]], [[3.1148, -0.0653], [6.2556, 0.0], [8.6826, -0.3264], [10.9669, -0.718], [15.107, -1.5666], [19.6755, -1.9582]], [[3.1148, -0.0653], [6.2556, 0.0], [8.6826, -0.3264], [10.9669, -0.718], [10.253, -1.0444], [15.9636, -1.436]], [[3.1148, -0.0653], [6.2556, 0.0], [8.6826, -0.3264], [10.9669, -0.718], [23.1019, 1.8277], [18.8189, -11.0967]]]",0.8302,0.0,0.0,0.0,0.0,0.0,0.0,True,"[2, 2, 2]",0.0,0.0,0.0,1.4704,4.0,0.7533,2.9063,0.8737,0.5671,1.4504,1.4704,"[[3.115, -0.065], [6.256, 0.0], [8.683, -0.326], [10.967, -0.718], [14.536, -1.305], [18.533, -1.632]]",ok,3.6539,0.0,0.0,0.0,0.0,0.0,0.0,0.0,0.0,0.0,234b0f37af694571876a745e5bbb5e08,scene-0015,42
1.7865,3.5168,6.1426,1.1569,2.338,3.3821,0.0,0.0,0.0,0.0,0.0,0.0,0.0,0.0,0.0,ok,straight,1.7838,4.9431,4.428,1.5124,2.8723,3.3324,True,"[-0.2611, -0.1958, -5.222, -0.1958]","[-244.8993, -558.6985, -6704.1038, -8646.1426]","[3.3223, -1000556.958, -1006702.3634, -1008644.4021]","[3.739, 2.94, 6.042, 4.888]","[[[4.3997, 0.0], [7.9688, -0.0653], [12.5373, -0.1305], [16.5347, -0.2611], [18.8189, -0.3916], [21.9598, -0.5222]], [[4.3997, 0.0], [7.9688, -0.0653], [12.5373, -0.1305], [16.5347, -0.2611], [17.3913, 0.1305], [18.5334, 0.3916]], [[4.3997, 0.0], [7.9688, -0.0653], [12.5373, -0.1305], [16.5347, -0.2611], [23.9585, -0.5222], [26.5282, -10.444]], [[4.3997, 0.0], [7.9688, -0.0653], [12.5373, -0.1305], [16.5347, -0.2611], [25.1006, -0.9138], [22.5308, 0.3916]]]",1.1729,0.0,0.0,0.0,0.0,0.0,0.0,True,"[2, 2, 2]",0.0,0.0,0.0,2.9397,4.0,1.7838,4.9431,2.775,1.5124,2.8723,2.9397,"[[4.4, 0.0], [7.969, -0.065], [12.537, -0.131], [16.535, -0.261], [18.105, -0.131], [20.247, -0.065]]",ok,6.042,0.0,0.0,0.0,0.0,0.0,0.0,0.0,0.0,0.0,23e4bbcd10fe43e1982867dab19c79e8,scene-0015,42
0.5512,0.223,1.8815,0.4284,0.4175,0.7392,0.0,0.0,0.0,0.0,0.0,0.0,0.0,0.0,0.0,ok,straight,0.3815,0.5035,0.4233,0.7,0.4876,0.4955,True,"[-0.2611, -0.2611, -0.4569, -0.5875]","[-178.4541, -385.6667, -690.8538, -4716.0196]","[-500477.3117, -1500864.624, -1501169.8111, -1505194.977]","[0.786, 0.827, 1.212, 2.017]","[[[2.972, 0.0], [4.2569, 0.1958], [6.2556, -0.1958], [8.1116, -0.1305], [10.253, -0.3916], [11.9662, -0.5222]], [[2.972, 0.0], [4.2569, 0.1958], [6.2556, -0.1958], [8.1116, -0.1305], [10.8241, -0.3916], [16.5347, -0.5222]], [[2.972, 0.0], [4.2569, 0.1958], [6.2556, -0.1958], [8.1116, -0.1305], [10.253, 0.7833], [9.9675, -0.9138]], [[2.972, 0.0], [4.2569, 0.1958], [6.2556, -0.1958], [8.1116, -0.1305], [16.2492, -0.5222], [18.8189, -1.1749]]]",0.4946,0.0,0.0,0.0,0.0,0.0,0.0,True,"[2, 2, 2]",0.0,0.0,0.0,0.7858,4.0,0.3815,0.5035,1.8815,0.7,0.4876,0.7858,"[[2.972, 0.0], [4.257, 0.196], [6.256, -0.196], [8.112, -0.131], [10.539, -0.392], [14.25, -0.522]]",ok,2.0174,0.0,0.0,0.0,0.0,0.0,0.0,0.0,0.0,0.0,b95702eac8684e80ab65303126cc1e58,scene-0015,42
0.9643,2.8163,4.1568,0.751,1.3378,2.1277,0.0,0.0,0.0,0.0,0.0,0.0,0.0,0.0,0.0,ok,straight,0.5381,1.6748,1.1229,0.5379,0.9106,1.0517,True,"[-0.0653, -0.2611, -0.4569, -0.1958]","[-11.5478, -368.1128, -49.8711, -4868.7358]","[4.7546, 3.1951, 1.9647, -1004865.8915]","[2.034, 1.222, 2.149, 1.703]","[[[1.9727, 0.0], [4.1141, 0.0], [6.1129, 0.0], [7.6833, -0.1305], [8.5399, -0.1305], [9.1109, -0.1305]], [[1.9727, 0.0], [4.1141, 0.0], [6.1129, 0.0], [7.6833, -0.1305], [11.9662, -0.5222], [17.6768, 0.5222]], [[1.9727, 0.0], [4.1141, 0.0], [6.1129, 0.0], [7.6833, -0.1305], [8.2543, -0.1305], [8.8254, 0.9138]], [[1.9727, 0.0], [4.1141, 0.0], [6.1129, 0.0], [7.6833, -0.1305], [7.3977, -0.9138], [16.5347, -0.3916]]]",0.3599,0.0,0.0,0.0,0.0,0.0,0.0,True,"[2, 2, 2]",0.0,0.0,0.0,1.2219,4.0,0.5381,1.6748,3.3647,0.5379,0.9106,1.2219,"[[1.973, 0.0], [4.114, 0.0], [6.113, 0.0], [7.683, -0.131], [10.253, -0.326], [13.394, 0.196]]",ok,2.1495,0.0,0.0,0.0,0.0,0.0,0.0,0.0,0.0,0.0,cf753561271b4c40bef93a35bb0cf13f,scene-0015,42
0.223,1.3741,1.6776,0.1622,0.5543,0.8504,0.0,0.0,0.0,0.0,0.0,0.0,0.0,0.0,0.0,ok,left,0.223,1.8922,1.8425,0.3716,0.8196,0.9535,False,"[0.8486, 0.718, 0.3916, -8.2899]","[-584.9258, -1127.0283, -2570.5288, -3505.5787]","[5.0013, -1001123.8326, -1002567.333, -1003502.3829]","[1.027, 0.938, 1.294, 4.86]","[[[2.401, 0.0653], [3.6858, 0.0], [5.399, 0.0], [8.2543, 0.3264], [8.5399, 0.9138], [9.9675, 1.6971]], [[2.401, 0.0653], [3.6858, 0.0], [5.399, 0.0], [8.2543, 0.3264], [8.5399, 2.2193], [10.253, 1.436]], [[2.401, 0.0653], [3.6858, 0.0], [5.399, 0.0], [8.2543, 0.3264], [6.8267, 0.7833], [9.9675, 0.7833]], [[2.401, 0.0653], [3.6858, 0.0], [5.399, 0.0], [8.2543, 0.3264], [9.3964, -3.7859], [9.3964, -16.5798]]]",1.6394,0.0,0.0,0.0,0.0,0.0,0.0,True,"[2, 2, 2]",0.0,0.0,0.0,0.9382,4.0,0.223,1.8922,2.0125,0.3716,0.8196,0.9382,"[[2.401, 0.065], [3.686, 0.0], [5.399, 0.0], [8.254, 0.326], [8.54, 1.567], [10.11, 1.567]]",ok,4.8605,0.0,0.0,0.0,0.0,0.0,0.0,0.0,0.0,0.0,fbd3aa2098234fb1869d34d920e16eda,scene-0016,42
0.9055,2.8646,5.0148,0.6246,1.451,2.5015,0.0,0.0,0.0,0.0,0.0,0.0,0.0,0.0,0.0,ok,straight,1.4801,3.565,6.3063,0.8572,1.9589,2.8864,False,"[-0.3916, -0.2611, -0.3916, -8.2899]","[-81.7572, -2419.6182, -54694.7307, -160621.2166]","[3.6733, -1002417.3452, -1054692.4577, -1160618.9436]","[2.746, 3.028, 4.181, 6.764]","[[[2.6865, 0.0653], [4.5424, -0.0653], [6.8267, 0.0], [9.2537, -0.3264], [12.5373, -0.5222], [15.3926, -0.7833]], [[2.6865, 0.0653], [4.5424, -0.0653], [6.8267, 0.0], [9.2537, -0.3264], [13.9649, -0.9138], [12.2517, -0.5222]], [[2.6865, 0.0653], [4.5424, -0.0653], [6.8267, 0.0], [9.2537, -0.3264], [15.3926, -13.1855], [15.107, -0.7833]], [[2.6865, 0.0653], [4.5424, -0.0653], [6.8267, 0.0], [9.2537, -0.3264], [18.5334, -15.2743], [16.2492, 16.5798]]]",1.5859,0.0,0.0,0.0,0.0,0.0,0.0,False,"[2, 2, 2]",0.0,0.0,0.0,2.7456,4.0,1.4801,3.565,4.7311,0.8572,1.9589,2.7456,"[[2.686, 0.065], [4.542, -0.065], [6.827, 0.0], [9.254, -0.326], [13.251, -0.718], [13.822, -0.653]]",ok,6.7638,0.0,0.0,0.0,0.0,0.0,0.0,0.0,0.0,0.0,35eff3f6f5b84929a33c2bda269a266f,scene-0016,42
0.7083,1.7734,3.9678,0.6025,1.0175,1.7163,0.0,0.0,0.0,0.0,0.0,0.0,0.0,0.0,0.0,ok,straight,0.8495,2.6286,13.8084,0.7444,1.3311,4.4455,False,"[-0.1305, -0.1958, -0.0, -0.0653]","[-1298.2682, -4478.0374, -5173.3921, -8177.6235]","[-501076.4679, -1505555.4828, -1506250.8375, -1509255.0689]","[1.88, 7.015, 2.066, 2.647]","[[[4.3997, 0.0], [8.6826, -0.1305], [12.2517, -0.9138], [17.6768, -0.1305], [20.5321, -0.2611], [25.9572, -0.2611]], [[4.3997, 0.0], [8.6826, -0.1305], [12.2517, -0.9138], [17.6768, -0.1305], [31.6678, -0.1305], [45.6587, 0.3916]], [[4.3997, 0.0], [8.6826, -0.1305], [12.2517, -0.9138], [17.6768, -0.1305], [19.1045, 0.0], [28.5269, 0.0]], [[4.3997, 0.0], [8.6826, -0.1305], [12.2517, -0.9138], [17.6768, -0.1305], [22.8163, -2.2193], [16.2492, -0.1305]]]",2.1053,0.0,0.0,0.0,0.0,0.0,0.0,False,"[2, 2, 2]",0.0,0.0,0.0,1.8801,4.0,0.8495,2.6286,3.9678,0.7444,1.3311,1.8801,"[[4.4, 0.0], [8.683, -0.131], [12.252, -0.914], [17.677, -0.131], [26.1, -0.196], [35.808, 0.065]]",ok,7.0154,0.0,0.0,0.0,0.0,0.0,0.0,0.0,0.0,0.0,a13c1966d657438094f1116fd27d2c1e,scene-0016,42
1.7234,2.6389,4.3469,1.188,1.6109,2.5516,0.0,0.0,1.0,0.0,0.0,1.0,0.0,0.0,0.3333333333333333,ok,straight,1.9893,2.1893,8.1142,1.3209,1.825,3.2824,False,"[-0.3916, -1.9582, -0.5875, -0.9138]","[-400.512, -1070.5294, -1279.683, -2946.1756]","[-500936.591, -1502009.1584, -1502218.312, -1503884.8046]","[2.564, 4.002, 3.794, 4.117]","[[[3.1148, 0.0], [6.8267, 0.0], [9.9675, 0.1305], [11.6807, 0.5222], [15.3926, 0.7833], [18.2479, 0.7833]], [[3.1148, 0.0], [6.8267, 0.0], [9.9675, 0.1305], [11.6807, 0.5222], [16.5347, 0.9138], [25.1006, 3.9165]], [[3.1148, 0.0], [6.8267, 0.0], [9.9675, 0.1305], [11.6807, 0.5222], [15.6781, 1.1749], [25.3861, 1.1749]], [[3.1148, 0.0], [6.8267, 0.0], [9.9675, 0.1305], [11.6807, 0.5222], [15.6781, 0.0], [27.6704, 1.8277]]]",0.6203,0.0,0.0,1.0,0.0,0.0,1.0,True,"[2, 2, 2]",0.0,0.0,0.3333333333333333,2.5636,4.0,1.9893,2.1893,4.3469,1.3209,1.825,2.5636,"[[3.115, 0.0], [6.827, 0.0], [9.968, 0.131], [11.681, 0.522], [15.964, 0.849], [21.674, 2.35]]",ok,4.1168,0.0,0.0,0.0,0.0,0.0,0.0,0.0,0.0,0.0,40af6a4135e64e6496a3bde206fd5ed3,scene-0016,42
3.4083,4.6749,4.109,2.7218,3.6873,3.9807,0.0,0.0,0.0,0.0,0.0,0.0,0.0,0.0,0.0,ok,straight,2.8403,2.5337,7.8271,2.2237,2.6532,3.8182,True,"[-0.0, -0.1958, -0.4569, -0.0]","[-1534.8725, -1561.1193, -2505.3301, -152520.1416]","[-1001532.1388, -1001558.3857, -1002502.5965, -1152517.408]","[3.244, 4.396, 2.813, 9.732]","[[[4.1141, 0.0], [7.9688, -0.1958], [12.109, 0.0], [17.534, -0.1958], [19.1045, 0.0], [23.3874, 0.0]], [[4.1141, 0.0], [7.9688, -0.1958], [12.109, 0.0], [17.534, -0.1958], [19.6755, 0.5222], [15.9636, 0.3916]], [[4.1141, 0.0], [7.9688, -0.1958], [12.109, 0.0], [17.534, -0.1958], [23.3874, -0.9138], [22.2453, 0.9138]], [[4.1141, 0.0], [7.9688, -0.1958], [12.109, 0.0], [17.534, -0.1958], [18.2479, 0.5222], [69.6432, 0.0]]]",2.7666,0.0,0.0,0.0,0.0,0.0,0.0,False,"[2, 2, 2]",0.0,0.0,0.0,2.8127,4.0,2.8403,2.5337,5.3513,2.2237,2.6532,2.8127,"[[4.114, 0.0], [7.969, -0.196], [12.109, 0.0], [17.534, -0.196], [19.39, 0.261], [19.676, 0.196]]",ok,9.732,0.0,0.0,0.0,0.0,0.0,0.0,0.0,0.0,0.0,134c7f63827c4b858a2a4ce0582d8f6e,scene-0017,42
1.3803,2.9194,4.0718,1.0807,1.7717,2.4583,0.0,0.0,0.0,0.0,0.0,0.0,0.0,0.0,0.0,ok,straight,1.7829,3.8536,4.1268,1.282,2.1965,2.7337,False,"[-0.1305, -0.5222, -0.5222, -0.1305]","[-640.3619, -461.3211, -671.8564, -6242.3529]","[3.5683, 1.6414, 1.5554, -1006240.3416]","[2.698, 2.776, 2.361, 2.163]","[[[4.2569, 0.0], [8.9682, -0.0653], [12.8228, -0.3916], [17.8196, -0.0653], [20.5321, -0.2611], [24.8151, -0.2611]], [[4.2569, 0.0], [8.9682, -0.0653], [12.8228, -0.3916], [17.8196, -0.0653], [20.8176, -0.3916], [24.5295, -1.0444]], [[4.2569, 0.0], [8.9682, -0.0653], [12.8228, -0.3916], [17.8196, -0.0653], [19.9611, 0.1305], [22.2453, -1.0444]], [[4.2569, 0.0], [8.9682, -0.0653], [12.8228, -0.3916], [17.8196, -0.0653], [16.8202, -0.2611], [23.3874, 0.2611]]]",0.2491,0.0,0.0,0.0,0.0,0.0,0.0,True,"[2, 2, 2]",0.0,0.0,0.0,2.1634,4.0,1.7829,3.8536,2.5595,1.282,2.1965,2.1634,"[[4.257, 0.0], [8.968, -0.065], [12.823, -0.392], [17.82, -0.065], [20.675, -0.326], [24.672, -0.653]]",ok,2.7758,0.0,0.0,0.0,0.0,0.0,0.0,0.0,0.0,0.0,6609fa8733f14987ab840f3467c609e3,scene-0017,42
0.056,0.7148,1.6736,0.1787,0.3148,0.6391,0.0,0.0,0.0,0.0,0.0,0.0,0.0,0.0,0.0,ok,straight,0.9137,3.1431,4.6724,1.25,2.1354,2.4247,False,"[-0.0653, -0.0, -0.1958, -6.9191]","[-1824.5323, -3746.1656, -15336.1982, -64523.5774]","[-2006671.8312, -2008593.4645, -2020183.4971, -2069370.8764]","[1.853, 2.998, 2.458, 8.316]","[[[1.8299, 0.0], [5.6846, -0.0653], [12.3945, 0.0], [15.2498, 0.1958], [15.3926, 0.1305], [18.2479, 0.1305]], [[1.8299, 0.0], [5.6846, -0.0653], [12.3945, 0.0], [15.2498, 0.1958], [16.2492, -0.1305], [24.244, 0.0]], [[1.8299, 0.0], [5.6846, -0.0653], [12.3945, 0.0], [15.2498, 0.1958], [10.253, 0.1305], [18.5334, 0.3916]], [[1.8299, 0.0], [5.6846, -0.0653], [12.3945, 0.0], [15.2498, 0.1958], [-2.8813, 0.0], [-2.8813, -13.8383]]]",2.5781,0.0,0.0,0.0,0.0,0.0,0.0,False,"[2, 2, 2]",0.0,0.0,0.0,1.8528,4.0,0.9137,3.1431,1.6736,1.25,2.1354,1.8528,"[[1.83, 0.0], [5.685, -0.065], [12.395, 0.0], [15.25, 0.196], [15.821, 0.0], [21.246, 0.065]]",ok,8.3163,0.0,0.0,0.0,0.0,0.0,0.0,0.0,0.0,0.0,8b66733250b94940b0e7477c8b182512,scene-0017,42
1.2006,3.4938,4.9288,0.7742,1.7489,2.8115,0.0,0.0,0.0,0.0,0.0,0.0,0.0,0.0,0.0,ok,straight,1.792,2.6393,5.6231,1.1429,1.6157,3.076,False,"[-0.8486, -0.7833, -6.9844, -0.0]","[-385.627, -4346.9202, -12468.3917, -98537.2132]","[4.1159, -1004343.9754, -1012465.4469, -1098534.2684]","[2.837, 3.321, 4.306, 4.399]","[[[1.2588, 0.0653], [3.1148, 0.3264], [3.2576, 0.3264], [4.5424, 0.5875], [6.8267, 1.0444], [7.3977, 1.6971]], [[1.2588, 0.0653], [3.1148, 0.3264], [3.2576, 0.3264], [4.5424, 0.5875], [9.3964, 2.7415], [7.3977, 1.5666]], [[1.2588, 0.0653], [3.1148, 0.3264], [3.2576, 0.3264], [4.5424, 0.5875], [5.399, 0.9138], [9.3964, -13.9688]], [[1.2588, 0.0653], [3.1148, 0.3264], [3.2576, 0.3264], [4.5424, 0.5875], [9.682, 16.5798], [0.2595, 0.0]]]",0.6604,0.0,0.0,0.0,0.0,0.0,0.0,False,"[2, 2, 2]",0.0,0.0,0.0,2.8369,4.0,1.792,2.6393,5.6415,1.1429,1.6157,2.8369,"[[1.259, 0.065], [3.115, 0.326], [3.258, 0.326], [4.542, 0.587], [8.112, 1.893], [7.398, 1.632]]",ok,4.3995,0.0,0.0,0.0,0.0,0.0,0.0,0.0,0.0,0.0,14684fc1b81a43888b992d553add01cf,scene-0017,42
1.0508,1.1263,0.5919,0.9489,1.038,1.0079,0.0,0.0,0.0,0.0,0.0,0.0,0.0,0.0,0.0,ok,straight,1.1977,1.5092,0.9461,0.9518,1.3961,1.6207,False,"[-0.5222, -0.9138, -0.1305, -2.3499]","[-188.2116, -4273.225, -7394.7178, -66393.4578]","[2.9281, -1004271.5552, -1007393.048, -1066391.788]","[1.247, 2.009, 2.308, 4.807]","[[[1.5444, 0.0653], [3.2576, 0.1958], [5.5418, 0.718], [6.2556, 0.9791], [7.3977, 0.7833], [8.2543, 1.0444]], [[1.5444, 0.0653], [3.2576, 0.1958], [5.5418, 0.718], [6.2556, 0.9791], [11.1096, 1.5666], [8.8254, 1.8277]], [[1.5444, 0.0653], [3.2576, 0.1958], [5.5418, 0.718], [6.2556, 0.9791], [9.3964, -2.3499], [3.9714, 0.2611]], [[1.5444, 0.0653], [3.2576, 0.1958], [5.5418, 0.718], [6.2556, 0.9791], [9.3964, 16.5798], [13.6794, 4.6998]]]",1.3355,0.0,0.0,0.0,0.0,0.0,0.0,False,"[2, 2, 2]",0.0,0.0,0.0,1.2467,4.0,1.1977,1.5092,0.5919,0.9518,1.3961,1.2467,"[[1.544, 0.065], [3.258, 0.196], [5.542, 0.718], [6.256, 0.979], [9.254, 1.175], [8.54, 1.436]]",ok,4.8065,0.0,0.0,1.0,0.0,0.0,1.0,0.0,0.0,0.16666666666666666,f0e4797551024f9487a016ee9d9e29e1,scene-0018,42
0.6834,0.4287,0.3555,0.6515,0.5917,0.5359,0.0,0.0,0.0,0.0,0.0,0.0,0.0,0.0,0.0,ok,left,0.2547,0.5735,1.0905,0.156,0.5302,0.594,False,"[1.2402, 1.8277, 0.3916, 8.2899]","[-222.7291, -512.2798, -767.1573, -53828.8464]","[1.0628, -1000511.2645, -1000766.142, -1053827.8311]","[0.495, 0.793, 1.078, 5.902]","[[[1.1161, 0.0653], [2.6865, 0.0653], [5.1135, 0.718], [5.9701, 1.3708], [6.8267, 1.6971], [9.1109, 2.4804]], [[1.1161, 0.0653], [2.6865, 0.0653], [5.1135, 0.718], [5.9701, 1.3708], [7.1122, 1.9582], [11.3952, 3.6554]], [[1.1161, 0.0653], [2.6865, 0.0653], [5.1135, 0.718], [5.9701, 1.3708], [7.1122, 2.7415], [6.5412, 0.7833]], [[1.1161, 0.0653], [2.6865, 0.0653], [5.1135, 0.718], [5.9701, 1.3708], [17.6768, 16.5798], [15.6781, 16.5798]]]",2.2235,0.0,0.0,0.0,0.0,0.0,0.0,True,"[2, 2, 2]",0.0,0.0,0.0,0.4949,4.0,0.2547,0.5735,0.3555,0.156,0.5302,0.4949,"[[1.116, 0.065], [2.686, 0.065], [5.113, 0.718], [5.97, 1.371], [6.969, 1.828], [10.253, 3.068]]",ok,5.9017,0.0,0.0,1.0,0.0,0.0,1.0,0.0,0.0,0.3333333333333333,e8dd2a90a84142b2aa1c42126d3f135b,scene-0018,42
3.5946,8.5149,16.3319,2.6284,4.8943,7.8992,0.0,0.0,0.0,0.0,0.0,0.0,0.0,0.0,0.0,ok,straight,5.0218,11.3642,15.0864,3.6275,6.2174,8.7852,False,"[-0.2611, -0.0653, -0.4569, -0.0]","[-1779.6362, -4733.9614, -18835.1757, -19567.8279]","[-1503181.9354, -1506136.2605, -1520237.4749, -1520970.127]","[8.791, 8.781, 9.191, 10.862]","[[[4.2569, 0.0], [8.8254, 0.0], [11.5379, -0.3264], [17.9623, -0.1958], [21.6742, 0.0], [22.2453, -0.5222]], [[4.2569, 0.0], [8.8254, 0.0], [11.5379, -0.3264], [17.9623, -0.1958], [19.1045, -0.1305], [24.8151, -0.1305]], [[4.2569, 0.0], [8.8254, 0.0], [11.5379, -0.3264], [17.9623, -0.1958], [27.3848, 1.1749], [18.8189, -0.9138]], [[4.2569, 0.0], [8.8254, 0.0], [11.5379, -0.3264], [17.9623, -0.1958], [30.5257, 0.1305], [25.9572, 0.0]]]",0.8563,0.0,0.0,0.0,0.0,0.0,0.0,False,"[2, 2, 2]",0.0,0.0,0.0,8.7813,4.0,5.0218,11.3642,16.3319,3.6275,6.2174,8.7813,"[[4.257, 0.0], [8.825, 0.0], [11.538, -0.326], [17.962, -0.196], [20.389, -0.065], [23.53, -0.326]]",ok,10.8617,0.0,0.0,0.0,0.0,0.0,0.0,0.0,0.0,0.0,9fbcde13d96b43a8aee0f76aee3bfc65,scene-0018,42
0.6232,0.5793,0.9539,0.4027,0.4682,0.5539,0.0,0.0,0.0,0.0,0.0,0.0,0.0,0.0,0.0,ok,right,0.4869,0.7924,2.9747,4.3956,2.548,2.2574,False,"[1.5666, 2.4804, -2.3499, -8.2899]","[-21480.1348, -21844.7877, -23490.2731, -1423268.7017]","[-2652685.6789, -2653050.3318, -2654695.8172, -4054474.2458]","[1.972, 2.753, 2.988, 15.851]","[[[1.4016, 8.2899], [2.1154, -0.2611], [3.6858, -0.9138], [4.828, -0.0653], [5.6846, -1.9582], [6.5412, -3.1332]], [[1.4016, 8.2899], [2.1154, -0.2611], [3.6858, -0.9138], [4.828, -0.0653], [6.5412, -1.8277], [12.2517, -4.9609]], [[1.4016, 8.2899], [2.1154, -0.2611], [3.6858, -0.9138], [4.828, -0.0653], [5.6846, -1.0444], [7.3977, 4.6998]], [[1.4016, 8.2899], [2.1154, -0.2611], [3.6858, -0.9138], [4.828, -0.0653], [69.6432, 16.5798], [8.8254, 16.5798]]]",5.7627,0.0,0.0,0.0,0.0,0.0,0.0,False,"[2, 2, 2]",0.0,0.0,0.0,1.9724,4.0,0.4869,0.7924,0.9539,4.3956,2.548,1.9724,"[[1.402, 8.29], [2.115, -0.261], [3.686, -0.914], [4.828, -0.065], [6.113, -1.893], [9.396, -4.047]]",ok,15.8512,0.0,0.0,0.0,0.0,0.0,0.0,0.0,0.0,0.0,a6be1b51213443ba9991585f56a30c71,scene-0018,42
2.9256,4.8234,5.5089,2.233,3.3104,4.2538,0.0,0.0,0.0,0.0,0.0,0.0,0.0,0.0,0.0,ok,right,3.5004,2.2277,8.5769,2.5915,2.8093,4.3142,False,"[0.2611, 0.3264, 0.0653, 0.1958]","[-2093.5858, -4829.8963, -10782.0225, -36680.8841]","[-1503075.5547, -1505811.8652, -1511763.9914, -1537662.853]","[4.32, 4.314, 4.625, 5.358]","[[[4.3997, 0.0], [8.5399, -0.0653], [14.1077, -0.0653], [21.6742, -0.1958], [23.9585, -1.436], [24.8151, -0.5222]], [[4.3997, 0.0], [8.5399, -0.0653], [14.1077, -0.0653], [21.6742, -0.1958], [22.2453, -0.2611], [26.8138, -0.6527]], [[4.3997, 0.0], [8.5399, -0.0653], [14.1077, -0.0653], [21.6742, -0.1958], [20.2466, -0.1305], [27.0993, -0.1305]], [[4.3997, 0.0], [8.5399, -0.0653], [14.1077, -0.0653], [21.6742, -0.1958], [15.3926, -0.2611], [27.3848, -0.3916]]]",0.4252,0.0,0.0,0.0,0.0,0.0,0.0,False,"[2, 2, 2]",0.0,0.0,0.0,4.3137,4.0,3.5004,2.2277,7.5989,2.5915,2.8093,4.3137,"[[4.4, 0.0], [8.54, -0.065], [14.108, -0.065], [21.674, -0.196], [23.102, -0.849], [25.814, -0.587]]",ok,5.3575,0.0,0.0,0.0,0.0,0.0,0.0,0.0,0.0,0.0,d62b0f9db06440c695781c52ed71909a,scene-0035,42
1.8471,3.7115,5.0151,1.3082,2.103,2.7403,0.0,0.0,0.0,0.0,0.0,0.0,0.0,0.0,0.0,ok,straight,1.9897,3.863,5.0202,1.3074,3.355,3.528,False,"[-0.8486, -1.2402, -1.5666, -2.1541]","[-6150.9593, -6187.8931, -7157.9214, -126359.7586]","[-1527777.2151, -1527814.1489, -1528784.1772, -1647986.0144]","[3.576, 3.488, 3.395, 6.234]","[[[3.8286, -0.0653], [6.6839, -0.1305], [5.6846, -0.1958], [12.68, -0.5222], [17.3913, -1.0444], [19.39, -1.6971]], [[3.8286, -0.0653], [6.6839, -0.1305], [5.6846, -0.1958], [12.68, -0.5222], [17.9623, -1.436], [19.39, -2.4804]], [[3.8286, -0.0653], [6.6839, -0.1305], [5.6846, -0.1958], [12.68, -0.5222], [16.2492, -1.6971], [21.9598, -3.1332]], [[3.8286, -0.0653], [6.6839, -0.1305], [5.6846, -0.1958], [12.68, -0.5222], [13.3939, 16.5798], [20.2466, -4.3081]]]",1.1917,0.0,0.0,0.0,0.0,0.0,0.0,False,"[2, 2, 2]",0.0,0.0,0.0,3.3953,4.0,1.9897,3.863,2.7705,1.3074,3.355,3.3953,"[[3.829, -0.065], [6.684, -0.131], [5.685, -0.196], [12.68, -0.522], [17.677, -1.24], [19.39, -2.089]]",ok,6.2345,0.0,0.0,0.0,0.0,0.0,0.0,0.0,0.0,0.0,d9d546a04a9a41d8984c39e7c53689b6,scene-0035,42
1.3924,3.2452,4.599,1.0367,2.0583,2.7465,0.0,0.0,0.0,0.0,0.0,0.0,0.0,0.0,0.0,ok,right,1.0661,7.3773,5.3867,0.8735,3.152,3.5994,False,"[0.9791, 0.5222, 3.6554, 0.4569]","[-5650.483, -10093.2921, -12259.9646, -41828.5187]","[-1506552.3748, -1510995.1839, -1513161.8563, -1542730.4104]","[3.569, 3.636, 4.176, 4.225]","[[[4.2569, -0.1305], [8.9682, -0.718], [11.9662, -0.3916], [12.68, -0.718], [21.1032, -1.1749], [25.9572, -1.9582]], [[4.2569, -0.1305], [8.9682, -0.718], [11.9662, -0.3916], [12.68, -0.718], [22.2453, -1.8277], [24.5295, -1.0444]], [[4.2569, -0.1305], [8.9682, -0.718], [11.9662, -0.3916], [12.68, -0.718], [22.2453, -3.0026], [22.5308, -7.3108]], [[4.2569, -0.1305], [8.9682, -0.718], [11.9662, -0.3916], [12.68, -0.718], [26.5282, -1.0444], [19.39, -0.9138]]]",0.3004,0.0,0.0,0.0,0.0,0.0,0.0,False,"[2, 2, 2]",0.0,0.0,0.0,3.5694,4.0,1.0661,7.3773,4.599,0.8735,3.152,3.5694,"[[4.257, -0.131], [8.968, -0.718], [11.966, -0.392], [12.68, -0.718], [21.674, -1.501], [25.243, -1.501]]",ok,4.2252,0.0,0.0,0.0,0.0,0.0,0.0,0.0,0.0,0.0,3c4a042965874822affa98f7449566b6,scene-0035,42
4.8672,9.4457,14.8905,3.633,5.6804,8.3097,0.0,0.0,0.0,0.0,0.0,0.0,0.0,0.0,0.0,ok,straight,5.0099,9.4507,12.8967,3.7044,5.8957,8.002,True,"[-0.0653, -0.1958, -0.0653, -0.2611]","[-148.7362, -218.3017, -7685.0972, -9023.3897]","[2.7271, 1.1706, -1007684.3341, -1009022.6266]","[8.453, 7.551, 7.789, 5.912]","[[[3.6858, 0.0], [7.255, 0.0], [11.8235, 0.0], [15.3926, -0.2611], [18.2479, -0.1305], [21.9598, -0.1305]], [[3.6858, 0.0], [7.255, 0.0], [11.8235, 0.0], [15.3926, -0.2611], [19.6755, -0.1305], [25.9572, -0.3916]], [[3.6858, 0.0], [7.255, 0.0], [11.8235, 0.0], [15.3926, -0.2611], [23.3874, -0.2611], [20.8176, -0.1305]], [[3.6858, 0.0], [7.255, 0.0], [11.8235, 0.0], [15.3926, -0.2611], [19.39, 0.1305], [37.0928, -0.5222]]]",0.9346,0.0,0.0,0.0,0.0,0.0,0.0,True,"[2, 2, 2]",0.0,0.0,0.0,5.9121,4.0,5.0099,9.4507,0.7899,3.7044,5.8957,5.9121,"[[3.686, 0.0], [7.255, 0.0], [11.823, 0.0], [15.393, -0.261], [18.962, -0.131], [23.958, -0.261]]",ok,8.4532,0.0,0.0,0.0,0.0,0.0,0.0,0.0,0.0,0.0,5f15115414584a23bdc0d0982c46e264,scene-0035,42
2.0873,4.0219,7.1326,1.5462,2.5767,3.4491,0.0,0.0,0.0,0.0,0.0,0.0,0.0,0.0,0.0,ok,straight,1.5164,4.1823,6.1318,0.8327,2.3736,3.4814,False,"[-0.0, -0.0653, -0.1305, -0.0653]","[-406.5863, -210.6841, -403.9514, -3932.9558]","[3.1821, 1.8937, -1000402.7175, -1003931.722]","[3.321, 3.646, 2.376, 2.084]","[[[4.5424, 0.0], [7.9688, 0.0], [10.6813, -0.5222], [14.9643, -0.5222], [18.8189, 0.5222], [23.9585, 0.0]], [[4.5424, 0.0], [7.9688, 0.0], [10.6813, -0.5222], [14.9643, -0.5222], [18.8189, -0.1305], [21.9598, -0.1305]], [[4.5424, 0.0], [7.9688, 0.0], [10.6813, -0.5222], [14.9643, -0.5222], [21.3887, 0.1305], [31.0967, 0.2611]], [[4.5424, 0.0], [7.9688, 0.0], [10.6813, -0.5222], [14.9643, -0.5222], [23.9585, -0.2611], [26.2427, 0.1305]]]",0.6454,0.0,0.0,0.0,0.0,0.0,0.0,True,"[2, 2, 2]",0.0,0.0,0.0,2.0839,4.0,1.5164,4.1823,2.8676,0.8327,2.3736,2.0839,"[[4.542, 0.0], [7.969, 0.0], [10.681, -0.522], [14.964, -0.522], [18.819, 0.196], [22.959, -0.065]]",ok,3.6456,0.0,0.0,0.0,0.0,0.0,0.0,0.0,0.0,0.0,e1b5c775be134db696ce22413d195c72,scene-0036,42
5.3037,10.2522,15.6894,4.159,6.5304,9.2738,0.0,0.0,0.0,0.0,0.0,0.0,0.0,0.0,0.0,ok,straight,5.4465,9.8239,17.1171,4.5159,6.6375,9.3928,False,"[-0.0653, -0.1958, -8.2899, -0.0653]","[-204.6928, -262.48, -16000.691, -21734.1646]","[4.312, 4.2691, -1015997.9487, -1021731.4223]","[9.012, 9.774, 10.164, 7.448]","[[[1.6871, 0.0], [4.9707, 0.0], [7.255, 0.0], [10.1103, -0.0653], [13.1083, -0.1305], [14.8215, -0.1305]], [[1.6871, 0.0], [4.9707, 0.0], [7.255, 0.0], [10.1103, -0.0653], [11.3952, -0.2611], [11.9662, -0.3916]], [[1.6871, 0.0], [4.9707, 0.0], [7.255, 0.0], [10.1103, -0.0653], [11.1096, 0.1305], [18.5334, 16.5798]], [[1.6871, 0.0], [4.9707, 0.0], [7.255, 0.0], [10.1103, -0.0653], [13.1083, -0.3916], [36.8073, 0.1305]]]",1.0395,0.0,0.0,0.0,0.0,0.0,0.0,True,"[2, 2, 2]",0.0,0.0,0.0,7.4483,4.0,5.4465,9.8239,6.3043,4.5159,6.6375,7.4483,"[[1.687, 0.0], [4.971, 0.0], [7.255, 0.0], [10.11, -0.065], [12.252, -0.196], [13.394, -0.261]]",ok,10.1643,0.0,0.0,0.0,0.0,0.0,0.0,0.0,0.0,0.0,125a63c9e5b14ebfb5839143c88e3a44,scene-0036,42
3.9006,8.3166,12.9641,3.1942,5.4439,7.5208,0.0,0.0,0.0,0.0,0.0,0.0,0.0,0.0,0.0,ok,straight,3.6152,7.0889,12.2503,3.1229,5.1011,7.0544,True,"[-0.0653, -0.0653, -0.1305, -0.1958]","[-1238.2346, -2026.2297, -2560.8918, -31220.7484]","[-1502331.9418, -1503119.9369, -1503654.599, -1532314.4557]","[6.817, 7.292, 8.006, 6.83]","[[[2.972, 0.0], [6.5412, 0.0], [8.5399, -0.0653], [13.5366, 0.7833], [16.5347, 0.1305], [18.8189, -0.1305]], [[2.972, 0.0], [6.5412, 0.0], [8.5399, -0.0653], [13.5366, 0.7833], [15.107, -0.1305], [17.3913, -0.1305]], [[2.972, 0.0], [6.5412, 0.0], [8.5399, -0.0653], [13.5366, 0.7833], [15.9636, -0.1305], [12.2517, -0.2611]], [[2.972, 0.0], [6.5412, 0.0], [8.5399, -0.0653], [13.5366, 0.7833], [15.6781, 0.3916], [41.0903, 0.3916]]]",0.484,0.0,0.0,0.0,0.0,0.0,0.0,False,"[2, 2, 2]",0.0,0.0,0.0,6.8169,4.0,3.6152,7.0889,11.5365,3.1229,5.1011,6.8169,"[[2.972, 0.0], [6.541, 0.0], [8.54, -0.065], [13.537, 0.783], [15.821, 0.0], [18.105, -0.131]]",ok,8.0062,0.0,0.0,0.0,0.0,0.0,0.0,0.0,0.0,0.0,568a082ce58a4b4e81df3974e7ff34de,scene-0036,42
2.7967,3.687,6.7832,1.8537,2.5349,3.5299,0.0,0.0,0.0,0.0,0.0,0.0,0.0,0.0,0.0,ok,straight,1.5119,3.2864,5.238,0.9972,1.5426,2.4221,True,"[-0.0, -0.4569, -0.0653, -0.5222]","[-705.0368, -1641.6584, -11092.0981, -731458.3767]","[-502330.2885, -1503973.6675, -1513424.1073, -2233790.3859]","[2.868, 1.994, 2.988, 8.839]","[[[4.1141, 0.0], [8.6826, 0.0], [14.3932, -0.0653], [17.2485, 0.3916], [20.8176, 0.0], [23.3874, 0.0]], [[4.1141, 0.0], [8.6826, 0.0], [14.3932, -0.0653], [17.2485, 0.3916], [23.1019, 0.3916], [26.5282, 0.9138]], [[4.1141, 0.0], [8.6826, 0.0], [14.3932, -0.0653], [17.2485, 0.3916], [19.39, 0.2611], [36.2362, -0.1305]], [[4.1141, 0.0], [8.6826, 0.0], [14.3932, -0.0653], [17.2485, 0.3916], [69.6432, 0.2611], [32.2388, -1.0444]]]",2.7214,0.0,0.0,0.0,0.0,0.0,0.0,True,"[2, 2, 2]",0.0,0.0,0.0,1.9938,4.0,1.5119,3.2864,3.77,0.9972,1.5426,1.9938,"[[4.114, 0.0], [8.683, 0.0], [14.393, -0.065], [17.249, 0.392], [21.96, 0.196], [24.958, 0.457]]",ok,8.8387,0.0,0.0,0.0,0.0,0.0,0.0,0.0,0.0,0.0,63da0bd557fe4de0bd2b76c77e9f7fa3,scene-0036,42
0.6185,0.4639,0.6346,0.3367,0.4071,0.4068,0.0,0.0,0.0,0.0,0.0,0.0,0.0,0.0,0.0,ok,left,0.3281,8.4958,4.1633,0.2832,3.2149,3.1038,False,"[2.2846, 1.436, 8.2899, 2.611]","[-35109.416, -36365.1546, -127228.6881, -157975.883]","[-1552939.0475, -1554194.7861, -1645058.3196, -1675805.5144]","[2.373, 3.895, 6.963, 4.645]","[[[2.6865, 0.0], [4.828, 0.718], [4.1141, 1.0444], [9.5392, -5.7442], [13.6794, 3.7859], [15.3926, 4.5692]], [[2.6865, 0.0], [4.828, 0.718], [4.1141, 1.0444], [9.5392, -5.7442], [16.5347, 1.6971], [9.682, 2.8721]], [[2.6865, 0.0], [4.828, 0.718], [4.1141, 1.0444], [9.5392, -5.7442], [22.2453, 16.5798], [23.1019, 16.5798]], [[2.6865, 0.0], [4.828, 0.718], [4.1141, 1.0444], [9.5392, -5.7442], [14.8215, 16.5798], [14.536, 5.222]]]",1.6563,0.0,0.0,0.0,0.0,0.0,0.0,False,"[2, 2, 2]",0.0,0.0,0.0,2.3731,4.0,0.3281,8.4958,1.201,0.2832,3.2149,2.3731,"[[2.686, 0.0], [4.828, 0.718], [4.114, 1.044], [9.539, -5.744], [15.107, 2.742], [12.537, 3.721]]",ok,6.9629,0.0,0.0,0.0,0.0,0.0,0.0,0.0,0.0,0.0,0f39f34febc84a6689f08599105d1421,scene-0038,42
1.7382,4.4915,6.0844,1.3345,2.5726,3.5919,0.0,0.0,0.0,0.0,0.0,0.0,0.0,0.0,0.0,ok,straight,2.0221,3.3504,6.9982,1.6191,2.3578,3.7676,False,"[-0.0653, -0.718, -0.2611, -1.1749]","[-335.024, -1209.9249, -1499.9479, -3408.8775]","[4.4461, -1001207.7588, -1001497.7818, -1003406.7114]","[3.877, 3.678, 4.168, 2.358]","[[[2.8293, 0.0], [6.2556, -0.0653], [9.3964, -0.0653], [13.3939, 0.0], [15.3926, -0.1305], [18.2479, -0.1305]], [[2.8293, 0.0], [6.2556, -0.0653], [9.3964, -0.0653], [13.3939, 0.0], [15.107, -0.5222], [19.9611, 1.436]], [[2.8293, 0.0], [6.2556, -0.0653], [9.3964, -0.0653], [13.3939, 0.0], [13.9649, -0.1305], [17.9623, 0.5222]], [[2.8293, 0.0], [6.2556, -0.0653], [9.3964, -0.0653], [13.3939, 0.0], [23.1019, -0.2611], [28.2414, -2.3499]]]",0.6933,0.0,0.0,0.0,0.0,0.0,0.0,True,"[2, 2, 2]",0.0,0.0,0.0,2.3581,4.0,2.0221,3.3504,3.0401,1.6191,2.3578,2.3581,"[[2.829, 0.0], [6.256, -0.065], [9.396, -0.065], [13.394, 0.0], [15.25, -0.326], [19.104, 0.653]]",ok,4.1684,0.0,0.0,0.0,0.0,0.0,0.0,0.0,0.0,0.0,3f649706222f4d83aa0a8a1b687f29fa,scene-0038,42
3.4939,5.8767,9.6344,2.7655,4.2763,5.6171,0.0,0.0,0.0,0.0,0.0,0.0,0.0,0.0,0.0,ok,straight,2.7802,6.7332,8.9284,2.3373,3.9911,5.2856,True,"[-0.0, -0.0, -0.0653, -0.3264]","[-595.0435, -756.0582, -3253.0576, -4233.9111]","[-500577.5109, -500577.6132, -1503832.322, -1504813.1755]","[5.333, 5.238, 5.725, 5.4]","[[[3.2576, 0.0], [6.9694, 0.0], [9.682, 0.1305], [11.3952, 0.0], [15.3926, 0.0], [17.3913, 0.0]], [[3.2576, 0.0], [6.9694, 0.0], [9.682, 0.1305], [11.3952, 0.0], [15.6781, 0.0], [17.6768, 0.0]], [[3.2576, 0.0], [6.9694, 0.0], [9.682, 0.1305], [11.3952, 0.0], [11.3952, 0.3916], [19.1045, 0.1305]], [[3.2576, 0.0], [6.9694, 0.0], [9.682, 0.1305], [11.3952, 0.0], [17.1058, 0.2611], [15.3926, 0.6527]]]",0.1829,0.0,0.0,0.0,0.0,0.0,0.0,True,"[2, 2, 2]",0.0,0.0,0.0,5.2383,4.0,2.7802,6.7332,8.7874,2.3373,3.9911,5.2383,"[[3.258, 0.0], [6.969, 0.0], [9.682, 0.131], [11.395, 0.0], [15.535, 0.0], [17.534, 0.0]]",ok,5.7249,0.0,0.0,0.0,0.0,0.0,0.0,0.0,0.0,0.0,e73a59216865449ab48d31a0880664aa,scene-0038,42
3.2224,5.6046,9.7583,2.4118,3.7463,5.4787,0.0,0.0,0.0,0.0,0.0,0.0,0.0,0.0,0.0,ok,right,3.4932,7.0161,7.2536,2.4126,4.3774,5.3603,True,"[2.1541, 1.5666, -8.2899, 2.2193]","[-205.8786, -114.4324, -24524.0921, -138499.8878]","[3.7208, 3.5905, -1024521.6964, -1138497.492]","[4.817, 5.939, 8.843, 8.723]","[[[2.8293, 0.0], [4.828, -0.4569], [6.9694, -0.3916], [9.8247, -1.2402], [14.2505, -2.8721], [21.1032, -4.3081]], [[2.8293, 0.0], [4.828, -0.4569], [6.9694, -0.3916], [9.8247, -1.2402], [12.8228, -2.4804], [15.3926, -3.1332]], [[2.8293, 0.0], [4.828, -0.4569], [6.9694, -0.3916], [9.8247, -1.2402], [11.1096, -3.0026], [15.3926, 16.5798]], [[2.8293, 0.0], [4.828, -0.4569], [6.9694, -0.3916], [9.8247, -1.2402], [14.536, 16.5798], [35.3797, -4.4387]]]",1.7486,0.0,0.0,0.0,0.0,0.0,0.0,True,"[2, 2, 2]",0.0,0.0,0.0,4.8172,4.0,3.4932,7.0161,4.7232,2.4126,4.3774,4.8172,"[[2.829, 0.0], [4.828, -0.457], [6.969, -0.392], [9.825, -1.24], [13.537, -2.676], [18.248, -3.721]]",ok,8.8428,0.0,0.0,0.0,0.0,0.0,0.0,0.0,0.0,0.0,5bb77a2ff3d44094b691ba239cbab83a,scene-0038,42
2.2913,6.8789,12.0655,1.5664,3.6802,5.9924,0.0,0.0,0.0,0.0,0.0,0.0,0.0,0.0,0.0,ok,straight,3.0051,5.5926,12.7792,1.8519,3.4657,6.0635,False,"[-0.0653, -0.0653, -0.0653, -0.5222]","[-536.964, -1132.4635, -1224.6441, -1282.5829]","[4.7095, -1001130.0352, -1001222.2158, -1001280.1546]","[5.849, 6.278, 4.279, 4.622]","[[[2.972, 0.0], [4.6852, 0.0], [7.5405, -0.1305], [11.2524, -0.0653], [12.5373, -0.1305], [14.8215, -0.1305]], [[2.972, 0.0], [4.6852, 0.0], [7.5405, -0.1305], [11.2524, -0.0653], [11.3952, -0.1305], [13.3939, -0.1305]], [[2.972, 0.0], [4.6852, 0.0], [7.5405, -0.1305], [11.2524, -0.0653], [17.3913, 0.0], [19.39, -0.1305]], [[2.972, 0.0], [4.6852, 0.0], [7.5405, -0.1305], [11.2524, -0.0653], [16.8202, -0.2611], [17.9623, 1.0444]]]",0.8296,0.0,0.0,0.0,0.0,0.0,0.0,False,"[2, 2, 2]",0.0,0.0,0.0,4.279,4.0,3.0051,5.5926,7.4985,1.8519,3.4657,4.279,"[[2.972, 0.0], [4.685, 0.0], [7.541, -0.131], [11.252, -0.065], [11.966, -0.131], [14.108, -0.131]]",ok,6.2776,0.0,0.0,0.0,0.0,0.0,0.0,0.0,0.0,0.0,15c59626df6b4f96bb7ef7c5c1797159,scene-0039,42
2.6474,6.3513,9.1455,1.6816,3.1425,5.0577,0.0,0.0,0.0,0.0,0.0,0.0,0.0,0.0,0.0,ok,straight,2.5039,5.3555,8.5848,1.4672,3.1075,4.6555,True,"[-0.0, -0.4569, -0.3916, -0.0]","[-585.1763, -455.982, -12878.81, -157292.9991]","[3.968, 1.8287, -1012876.473, -1157290.6621]","[5.13, 4.187, 5.848, 9.977]","[[[4.5424, 0.0], [8.6826, -0.0653], [12.68, 0.0], [17.8196, 0.1305], [20.8176, 0.0], [25.9572, 0.0]], [[4.5424, 0.0], [8.6826, -0.0653], [12.68, 0.0], [17.8196, 0.1305], [24.244, -0.2611], [28.2414, 0.9138]], [[4.5424, 0.0], [8.6826, -0.0653], [12.68, 0.0], [17.8196, 0.1305], [15.9636, 0.0], [26.5282, 0.7833]], [[4.5424, 0.0], [8.6826, -0.0653], [12.68, 0.0], [17.8196, 0.1305], [29.3835, -14.6216], [2.8293, 0.0]]]",2.211,0.0,0.0,0.0,0.0,0.0,0.0,True,"[2, 2, 2]",0.0,0.0,0.0,4.1872,4.0,2.5039,5.3555,7.4841,1.4672,3.1075,4.1872,"[[4.542, 0.0], [8.683, -0.065], [12.68, 0.0], [17.82, 0.131], [22.531, -0.131], [27.099, 0.457]]",ok,9.9767,0.0,0.0,0.0,0.0,0.0,0.0,0.0,0.0,0.0,821df5bcd0744d7280b23e6284fb8396,scene-0039,42
4.8796,9.4457,13.0635,3.7553,6.0065,8.1272,0.0,0.0,0.0,0.0,0.0,0.0,0.0,0.0,0.0,ok,straight,5.1652,7.4471,8.7818,3.8267,5.4357,6.4382,True,"[-0.0, -0.2611, -0.2611, -0.1305]","[-74.769, -127.6707, -888.738, -1229.3721]","[5.1467, 2.6276, -1000886.1215, -1001226.7556]","[5.605, 7.272, 7.748, 7.747]","[[[3.2576, 0.0], [6.2556, 0.0], [10.3958, -0.1958], [15.107, 0.0], [21.1032, 0.0], [27.9559, 0.0]], [[3.2576, 0.0], [6.2556, 0.0], [10.3958, -0.1958], [15.107, 0.0], [18.5334, -0.1305], [20.5321, -0.5222]], [[3.2576, 0.0], [6.2556, 0.0], [10.3958, -0.1958], [15.107, 0.0], [16.5347, 0.0], [19.6755, 0.5222]], [[3.2576, 0.0], [6.2556, 0.0], [10.3958, -0.1958], [15.107, 0.0], [16.2492, -0.1305], [19.9611, -0.2611]]]",0.8808,0.0,0.0,0.0,0.0,0.0,0.0,True,"[2, 2, 2]",0.0,0.0,0.0,5.6049,4.0,5.1652,7.4471,5.066,3.8267,5.4357,5.6049,"[[3.258, 0.0], [6.256, 0.0], [10.396, -0.196], [15.107, 0.0], [19.818, -0.065], [24.244, -0.261]]",ok,7.748,0.0,0.0,0.0,0.0,0.0,0.0,0.0,0.0,0.0,eb0676ccc9bd45149ae65119cb8d5e7b,scene-0039,42
0.1046,2.0407,5.5753,0.074,0.9559,2.0026,0.0,0.0,0.0,0.0,0.0,0.0,0.0,0.0,0.0,ok,straight,1.4796,2.0234,4.9408,0.8254,1.859,2.5783,False,"[-0.3916, -1.3708, -1.1097, -8.2899]","[-7420.365, -8324.7711, -8627.1424, -20076.9872]","[-2021378.2969, -2022282.703, -2022585.0743, -2034034.9191]","[2.558, 2.675, 1.706, 5.049]","[[[4.1141, 0.0], [6.9694, 0.0653], [16.1064, 0.1305], [18.2479, 0.9791], [22.2453, 0.7833], [29.098, 0.7833]], [[4.1141, 0.0], [6.9694, 0.0653], [16.1064, 0.1305], [18.2479, 0.9791], [23.6729, 2.8721], [27.9559, 2.7415]], [[4.1141, 0.0], [6.9694, 0.0653], [16.1064, 0.1305], [18.2479, 0.9791], [18.2479, 1.1749], [24.5295, 2.2193]], [[4.1141, 0.0], [6.9694, 0.0653], [16.1064, 0.1305], [18.2479, 0.9791], [26.5282, 2.4804], [29.6691, 16.5798]]]",1.2422,0.0,0.0,0.0,0.0,0.0,0.0,False,"[2, 2, 2]",0.0,0.0,0.0,1.7064,4.0,1.4796,2.0234,1.1095,0.8254,1.859,1.7064,"[[4.114, 0.0], [6.969, 0.065], [16.106, 0.131], [18.248, 0.979], [22.959, 1.828], [28.527, 1.762]]",ok,5.0488,0.0,0.0,0.0,0.0,0.0,0.0,0.0,0.0,0.0,f69afa3eed11447eb559f49c325f02d7,scene-0039,42
1.8453,4.6725,6.8207,1.3201,2.7658,3.9185,0.0,0.0,0.0,0.0,0.0,0.0,0.0,0.0,0.0,ok,straight,1.8453,3.8167,5.942,1.2495,2.4455,3.3447,True,"[-0.0653, -1.3055, -0.718, -0.1305]","[-184.3695, -702.9854, -159486.4496, -673997.7982]","[4.187, -1000700.5267, -1159483.9909, -1673995.3395]","[3.705, 3.042, 6.154, 12.556]","[[[4.3997, -0.0653], [9.3964, 0.0], [13.9649, -0.1958], [17.9623, -0.1958], [23.3874, -0.1305], [27.9559, -0.1305]], [[4.3997, -0.0653], [9.3964, 0.0], [13.9649, -0.1958], [17.9623, -0.1958], [20.8176, 0.1305], [25.9572, -2.611]], [[4.3997, -0.0653], [9.3964, 0.0], [13.9649, -0.1958], [17.9623, -0.1958], [42.8034, -0.1305], [22.8163, -1.436]], [[4.3997, -0.0653], [9.3964, 0.0], [13.9649, -0.1958], [17.9623, -0.1958], [69.6432, -0.1305], [34.8086, -0.2611]]]",3.7582,0.0,0.0,0.0,0.0,0.0,0.0,True,"[2, 2, 2]",0.0,0.0,0.0,3.0419,4.0,1.8453,3.8167,5.4006,1.2495,2.4455,3.0419,"[[4.4, -0.065], [9.396, 0.0], [13.965, -0.196], [17.962, -0.196], [22.103, 0.0], [26.957, -1.371]]",ok,12.5564,0.0,0.0,0.0,0.0,0.0,0.0,0.0,0.0,0.0,8e46878ced734164aae0e83567aa02a5,scene-0092,42
1.0521,1.813,2.2309,0.7773,1.1765,1.4966,0.0,0.0,0.0,0.0,0.0,0.0,0.0,0.0,0.0,ok,straight,0.6248,1.5281,1.381,0.6349,1.0341,0.9988,True,"[-0.1305, -0.1958, -0.2611, -1.1097]","[-74.1572, -1438.217, -5372.5338, -992332.4751]","[3.7883, -1001435.7485, -1005370.0653, -1992330.0066]","[1.402, 0.967, 1.714, 11.111]","[[[4.3997, 0.0], [8.1116, 0.0], [12.5373, -0.1305], [16.5347, -0.0653], [20.8176, -0.1305], [24.8151, -0.2611]], [[4.3997, 0.0], [8.1116, 0.0], [12.5373, -0.1305], [16.5347, -0.0653], [17.6768, -0.2611], [23.1019, -0.3916]], [[4.3997, 0.0], [8.1116, 0.0], [12.5373, -0.1305], [16.5347, -0.0653], [23.6729, 0.0], [21.3887, -0.5222]], [[4.3997, 0.0], [8.1116, 0.0], [12.5373, -0.1305], [16.5347, -0.0653], [69.6432, 0.3916], [11.1096, -2.2193]]]",4.2302,0.0,0.0,0.0,0.0,0.0,0.0,True,"[2, 2, 2]",0.0,0.0,0.0,0.9669,4.0,0.6248,1.5281,0.5597,0.6349,1.0341,0.9669,"[[4.4, 0.0], [8.112, 0.0], [12.537, -0.131], [16.535, -0.065], [19.247, -0.196], [23.958, -0.326]]",ok,11.1106,0.0,0.0,0.0,0.0,0.0,0.0,0.0,0.0,0.0,0b47858110f442afa33226467f596df7,scene-0092,42
0.922,1.8243,2.6958,0.6953,1.1584,1.5398,0.0,0.0,0.0,0.0,0.0,0.0,0.0,0.0,0.0,ok,straight,0.779,3.2513,0.4481,0.6952,1.7661,1.4989,True,"[-0.0653, -0.0653, -0.0653, -8.2899]","[-576.5165, -510.2394, -733.9776, -730556.098]","[2.899, -1000508.4951, -1000732.2334, -1730554.3538]","[1.945, 1.954, 2.042, 12.732]","[[[4.3997, 0.0], [8.3971, -0.0653], [13.5366, 0.1305], [18.2479, -0.1305], [20.5321, -0.1305], [24.8151, -0.1305]], [[4.3997, 0.0], [8.3971, -0.0653], [13.5366, 0.1305], [18.2479, -0.1305], [19.6755, 0.1305], [18.5334, 0.1305]], [[4.3997, 0.0], [8.3971, -0.0653], [13.5366, 0.1305], [18.2479, -0.1305], [22.8163, -0.1305], [23.1019, 0.1305]], [[4.3997, 0.0], [8.3971, -0.0653], [13.5366, 0.1305], [18.2479, -0.1305], [69.6432, -0.1305], [29.9546, -16.5798]]]",4.6557,0.0,0.0,0.0,0.0,0.0,0.0,True,"[2, 2, 2]",0.0,0.0,0.0,1.945,4.0,0.779,3.2513,2.6958,0.6952,1.7661,1.945,"[[4.4, 0.0], [8.397, -0.065], [13.537, 0.131], [18.248, -0.131], [20.104, 0.0], [21.674, 0.0]]",ok,12.7317,0.0,0.0,0.0,0.0,0.0,0.0,0.0,0.0,0.0,47d74378d3e04fa6bb3132928c0f9fa4,scene-0092,42
1.7691,2.1335,1.7668,1.5358,1.7728,1.8162,0.0,0.0,0.0,0.0,0.0,0.0,0.0,0.0,0.0,ok,straight,1.7691,1.9907,0.7808,1.5359,1.7728,1.6288,True,"[-0.0, -0.1305, -0.1305, -0.3916]","[-50.2688, -6.4747, -3587.9791, -727451.9571]","[2.9981, 2.0806, -1003586.7091, -1727450.6871]","[1.536, 1.816, 2.431, 11.201]","[[[4.2569, 0.0], [8.5399, 0.0], [12.68, -0.1305], [16.6775, -0.1958], [20.5321, 0.0], [22.8163, 0.0]], [[4.2569, 0.0], [8.5399, 0.0], [12.68, -0.1305], [16.6775, -0.1958], [20.8176, -0.1305], [24.8151, -0.2611]], [[4.2569, 0.0], [8.5399, 0.0], [12.68, -0.1305], [16.6775, -0.1958], [21.9598, 0.5222], [18.8189, -0.2611]], [[4.2569, 0.0], [8.5399, 0.0], [12.68, -0.1305], [16.6775, -0.1958], [69.6432, -0.2611], [32.2388, 0.7833]]]",4.0285,0.0,0.0,0.0,0.0,0.0,0.0,True,"[2, 2, 2]",0.0,0.0,0.0,1.536,4.0,1.7691,1.9907,0.3593,1.5359,1.7728,1.536,"[[4.257, 0.0], [8.54, 0.0], [12.68, -0.131], [16.677, -0.196], [20.675, -0.065], [23.816, -0.131]]",ok,11.2009,0.0,0.0,0.0,0.0,0.0,0.0,0.0,0.0,0.0,a9e6b3566fcd4effb8847e22a2a4577e,scene-0092,42
2.1746,3.6293,6.6966,1.7768,2.4512,3.5741,0.0,0.0,0.0,0.0,0.0,0.0,0.0,0.0,0.0,ok,right,1.3155,3.1821,6.6966,0.9908,2.0159,3.01,True,"[0.1305, 0.1305, 0.0653, 0.0653]","[-486.4281, -3579.8338, -4618.1451, -10600.8807]","[3.9998, -1003578.0163, -1004616.3276, -1010599.0631]","[3.374, 2.71, 2.87, 4.933]","[[[2.401, 0.0], [4.5424, -0.1958], [5.6846, -0.1958], [8.1116, -0.2611], [8.5399, -0.2611], [10.253, -0.2611]], [[2.401, 0.0], [4.5424, -0.1958], [5.6846, -0.1958], [8.1116, -0.2611], [13.1083, -0.6527], [10.253, -0.2611]], [[2.401, 0.0], [4.5424, -0.1958], [5.6846, -0.1958], [8.1116, -0.2611], [13.1083, -0.7833], [9.1109, -0.1305]], [[2.401, 0.0], [4.5424, -0.1958], [5.6846, -0.1958], [8.1116, -0.2611], [2.5437, 0.0], [6.5412, -0.1305]]]",0.8784,0.0,0.0,0.0,0.0,0.0,0.0,False,"[2, 2, 2]",0.0,0.0,0.0,2.7098,4.0,1.3155,3.1821,6.6966,0.9908,2.0159,2.7098,"[[2.401, 0.0], [4.542, -0.196], [5.685, -0.196], [8.112, -0.261], [10.824, -0.457], [10.253, -0.261]]",ok,4.9325,0.0,0.0,0.0,0.0,0.0,0.0,0.0,0.0,0.0,6e0955c28ecb405b98d91b089761dbbb,scene-0093,42
0.9095,0.3214,1.6055,0.8889,0.731,0.8238,0.0,0.0,0.0,0.0,0.0,0.0,0.0,0.0,0.0,ok,straight,1.906,0.1751,1.9689,1.5279,0.9342,1.1331,False,"[-0.1958, -0.5875, -0.3264, -0.0653]","[-601.293, -338.1738, -3081.5697, -875309.4689]","[2.3446, 0.3169, -1003080.3116, -1875308.2107]","[1.374, 0.894, 1.371, 9.417]","[[[3.9714, -0.0653], [8.3971, -0.1305], [10.8241, -0.4569], [14.536, -0.8486], [16.8202, -0.5222], [20.5321, -0.3916]], [[3.9714, -0.0653], [8.3971, -0.1305], [10.8241, -0.4569], [14.536, -0.8486], [18.2479, -1.0444], [21.6742, -1.1749]], [[3.9714, -0.0653], [8.3971, -0.1305], [10.8241, -0.4569], [14.536, -0.8486], [21.9598, -1.436], [23.3874, -0.6527]], [[3.9714, -0.0653], [8.3971, -0.1305], [10.8241, -0.4569], [14.536, -0.8486], [69.6432, -0.5222], [23.6729, -0.1305]]]",3.5577,0.0,0.0,0.0,0.0,0.0,0.0,True,"[2, 2, 2]",0.0,0.0,0.0,0.8941,4.0,1.906,0.1751,1.2927,1.5279,0.9342,0.8941,"[[3.971, -0.065], [8.397, -0.131], [10.824, -0.457], [14.536, -0.849], [17.534, -0.783], [21.103, -0.783]]",ok,9.4166,0.0,0.0,0.0,0.0,0.0,0.0,0.0,0.0,0.0,7a903ae4cbb0466093fc117258a31efc,scene-0093,42
0.8541,2.7897,4.6988,0.8148,1.4212,2.2959,0.0,0.0,0.0,0.0,0.0,0.0,0.0,0.0,0.0,ok,straight,1.283,0.6565,4.5562,1.3143,0.8534,1.893,True,"[-0.1305, -0.1305, -0.3264, -0.0653]","[-366.9998, -625.2371, -768012.2364, -854310.8524]","[3.6718, 3.6712, -1768009.8954, -1854308.5114]","[1.822, 1.964, 8.83, 10.02]","[[[3.6858, 0.0], [7.826, -0.0653], [13.6794, -0.1305], [18.3906, -0.1305], [21.1032, -0.1305], [24.8151, -0.2611]], [[3.6858, 0.0], [7.826, -0.0653], [13.6794, -0.1305], [18.3906, -0.1305], [20.5321, -0.2611], [24.5295, -0.2611]], [[3.6858, 0.0], [7.826, -0.0653], [13.6794, -0.1305], [18.3906, -0.1305], [69.6432, -0.5222], [25.1006, -0.6527]], [[3.6858, 0.0], [7.826, -0.0653], [13.6794, -0.1305], [18.3906, -0.1305], [69.6432, -0.1305], [17.9623, -0.1305]]]",3.7898,0.0,0.0,0.0,0.0,0.0,0.0,True,"[2, 2, 2]",0.0,0.0,0.0,1.8223,4.0,1.283,0.6565,4.4135,1.3143,0.8534,1.8223,"[[3.686, 0.0], [7.826, -0.065], [13.679, -0.131], [18.391, -0.131], [20.818, -0.196], [24.672, -0.261]]",ok,10.0202,0.0,0.0,0.0,0.0,0.0,0.0,0.0,0.0,0.0,349fc724f9d84aeca8afe4af49d05986,scene-0093,42
7.6537,14.4375,22.1082,5.8229,9.1683,12.8876,0.0,0.0,0.0,0.0,0.0,0.0,0.0,0.0,0.0,ok,straight,7.0827,11.8678,21.6805,5.6088,8.276,11.722,True,"[-0.0, -0.0653, -0.0653, -0.4569]","[-360.4059, -908.3502, -1771.6479, -72240.4252]","[2.9944, -1000906.7657, -1001770.0635, -1072238.8408]","[11.246, 12.198, 12.198, 9.127]","[[[2.1154, 0.0], [4.828, 0.0], [6.5411, -0.1305], [9.9675, -0.1305], [11.9662, -0.2611], [13.1083, 0.0]], [[2.1154, 0.0], [4.828, 0.0], [6.5411, -0.1305], [9.9675, -0.1305], [11.1096, -0.6527], [8.2543, -0.1305]], [[2.1154, 0.0], [4.828, 0.0], [6.5411, -0.1305], [9.9675, -0.1305], [9.1109, -0.1305], [10.253, -0.1305]], [[2.1154, 0.0], [4.828, 0.0], [6.5411, -0.1305], [9.9675, -0.1305], [26.8138, -2.611], [13.1083, 0.9138]]]",1.2539,0.0,0.0,0.0,0.0,0.0,0.0,True,"[2, 2, 2]",0.0,0.0,0.0,9.1275,4.0,7.0827,11.8678,19.291,5.6088,8.276,9.1275,"[[2.115, 0.0], [4.828, 0.0], [6.541, -0.131], [9.968, -0.131], [11.538, -0.457], [10.681, -0.065]]",ok,12.1983,0.0,0.0,0.0,0.0,0.0,0.0,0.0,0.0,0.0,11514e9bc4184a1f8bcdc1fe7aafad2d,scene-0093,42
2.1254,2.9421,4.8582,1.6162,2.3435,3.0043,0.0,0.0,0.0,0.0,0.0,0.0,0.0,0.0,0.0,ok,straight,2.1245,1.8018,6.9999,1.7585,2.0225,3.0997,False,"[-0.1305, -0.0653, -0.1305, -0.0]","[-403.0281, -673.7015, -21325.3287, -99388.8292]","[2.1971, -1000671.338, -1021322.9653, -1099386.4657]","[2.933, 3.266, 4.265, 8.413]","[[[3.9714, 0.0], [8.5399, -0.0653], [12.9656, -0.1305], [17.9623, -0.0653], [20.5321, -0.1305], [23.9585, -0.2611]], [[3.9714, 0.0], [8.5399, -0.0653], [12.9656, -0.1305], [17.9623, -0.0653], [21.6742, -0.1305], [20.8176, -0.1305]], [[3.9714, 0.0], [8.5399, -0.0653], [12.9656, -0.1305], [17.9623, -0.0653], [13.1083, -0.1305], [23.3874, -0.2611]], [[3.9714, 0.0], [8.5399, -0.0653], [12.9656, -0.1305], [17.9623, -0.0653], [22.5308, -0.6527], [69.6432, 0.0]]]",2.1879,0.0,0.0,0.0,0.0,0.0,0.0,True,"[2, 2, 2]",0.0,0.0,0.0,2.933,4.0,2.1245,1.8018,5.4292,1.7585,2.0225,2.933,"[[3.971, 0.0], [8.54, -0.065], [12.966, -0.131], [17.962, -0.065], [21.103, -0.131], [22.388, -0.196]]",ok,8.4126,0.0,0.0,0.0,0.0,0.0,0.0,0.0,0.0,0.0,19ffc60b7e9f429cbca0dbd5e2fc2e03,scene-0094,42
0.6963,1.4234,2.9609,0.5331,0.9261,1.4786,0.0,0.0,0.0,0.0,0.0,0.0,0.0,0.0,0.0,ok,straight,1.2663,1.7114,1.4142,0.8893,0.9636,1.0805,True,"[-0.0, -0.1305, -0.1305, -0.0653]","[-895.407, -570.2485, -593.3364, -57788.7981]","[-501000.5185, -501002.9175, -501002.9184, -1558791.393]","[1.123, 1.051, 1.124, 4.217]","[[[4.1141, 0.0], [7.9688, -0.1305], [13.3939, 0.0], [16.5347, -0.1958], [21.3887, -0.1305], [24.244, 0.0]], [[4.1141, 0.0], [7.9688, -0.1305], [13.3939, 0.0], [16.5347, -0.1958], [20.5321, 0.2611], [25.6716, 0.2611]], [[4.1141, 0.0], [7.9688, -0.1305], [13.3939, 0.0], [16.5347, -0.1958], [20.8176, -0.2611], [24.8151, -0.2611]], [[4.1141, 0.0], [7.9688, -0.1305], [13.3939, 0.0], [16.5347, -0.1958], [5.6846, 0.3916], [21.3887, -0.1305]]]",1.3501,0.0,0.0,0.0,0.0,0.0,0.0,True,"[2, 2, 2]",0.0,0.0,0.0,1.0511,4.0,1.2663,1.7114,0.7803,0.8893,0.9636,1.0511,"[[4.114, 0.0], [7.969, -0.131], [13.394, 0.0], [16.535, -0.196], [20.96, 0.065], [24.958, 0.131]]",ok,4.2165,0.0,0.0,0.0,0.0,0.0,0.0,0.0,0.0,0.0,ac22e12d11f84b6a98faa260bdaa64ff,scene-0094,42
0.7688,2.134,6.3582,0.5725,1.2316,2.4858,0.0,0.0,0.0,0.0,0.0,0.0,0.0,0.0,0.0,ok,straight,0.9107,3.1349,7.0708,0.786,1.6243,3.1994,False,"[-0.1305, -0.0653, -0.1958, -8.2899]","[-107.2891, -1052.1383, -4323.8833, -952997.0402]","[3.0139, -1001050.2833, -1004322.0282, -1952995.1852]","[2.557, 3.842, 3.32, 13.037]","[[[3.9714, 0.0], [7.5405, -0.1305], [11.2524, -0.1305], [15.2498, -0.1958], [18.2479, -0.1305], [22.2453, -0.2611]], [[3.9714, 0.0], [7.5405, -0.1305], [11.2524, -0.1305], [15.2498, -0.1958], [22.2453, -0.1305], [25.9572, -0.1305]], [[3.9714, 0.0], [7.5405, -0.1305], [11.2524, -0.1305], [15.2498, -0.1958], [22.8163, -0.1305], [22.2453, -0.3916]], [[3.9714, 0.0], [7.5405, -0.1305], [11.2524, -0.1305], [15.2498, -0.1958], [69.6432, 0.0], [17.3913, 16.5798]]]",4.267,0.0,0.0,0.0,0.0,0.0,0.0,True,"[2, 2, 2]",0.0,0.0,0.0,2.5572,4.0,0.9107,3.1349,5.2164,0.786,1.6243,2.5572,"[[3.971, 0.0], [7.541, -0.131], [11.252, -0.131], [15.25, -0.196], [20.247, -0.131], [24.101, -0.196]]",ok,13.037,0.0,0.0,0.0,0.0,0.0,0.0,0.0,0.0,0.0,894616d89edf41b8bbfd542a150e8fbd,scene-0094,42
1.9936,4.6293,6.9178,1.5077,2.8405,3.9973,0.0,0.0,0.0,0.0,0.0,0.0,0.0,0.0,0.0,ok,straight,2.1364,5.6571,3.3543,1.5077,3.3124,3.4325,True,"[-0.0, -0.1305, -0.1958, -0.2611]","[-264.3716, -1236.2623, -1657.1762, -2854.8727]","[4.412, -1001234.7041, -1001655.6181, -1002853.3146]","[4.312, 2.654, 5.55, 4.553]","[[[2.1154, 0.0], [4.3997, 0.0], [7.6833, 0.1305], [9.5392, 0.5222], [10.253, 0.0], [11.9662, 0.0]], [[2.1154, 0.0], [4.3997, 0.0], [7.6833, 0.1305], [9.5392, 0.5222], [6.8267, 0.0], [4.828, 0.2611]], [[2.1154, 0.0], [4.3997, 0.0], [7.6833, 0.1305], [9.5392, 0.5222], [11.1096, 0.0], [18.5334, 0.3916]], [[2.1154, 0.0], [4.3997, 0.0], [7.6833, 0.1305], [9.5392, 0.5222], [8.8254, 0.0], [14.8215, 0.5222]]]",1.0408,0.0,0.0,0.0,0.0,0.0,0.0,True,"[2, 2, 2]",0.0,0.0,0.0,2.654,4.0,2.1364,5.6571,0.3961,1.5077,3.3124,2.654,"[[2.115, 0.0], [4.4, 0.0], [7.683, 0.131], [9.539, 0.522], [8.54, 0.0], [8.397, 0.131]]",ok,5.5504,0.0,0.0,1.0,0.0,0.0,1.0,0.0,0.0,0.16666666666666666,5e75205506604b6a992c08ce91a92d22,scene-0094,42
1.1161,2.5437,3.4003,0.6878,1.4016,1.9251,0.0,0.0,0.0,0.0,0.0,0.0,0.0,0.0,0.0,ok,straight,0.9733,2.6865,5.4053,0.5535,1.4416,2.5715,False,"[-0.0, -0.2611, -0.0, -0.0]","[-78.0817, -580.2299, -1445.8718, -1813.7408]","[4.8354, 1.7946, -1001442.9267, -1001810.7956]","[1.952, 3.192, 2.217, 3.19]","[[[0.1167, -0.0653], [0.9733, 0.0], [1.9727, 0.0], [2.6865, 0.0], [2.5437, 0.0], [3.4003, 0.0]], [[0.1167, -0.0653], [0.9733, 0.0], [1.9727, 0.0], [2.6865, 0.0], [5.9701, -0.1305], [7.3977, 0.5222]], [[0.1167, -0.0653], [0.9733, 0.0], [1.9727, 0.0], [2.6865, 0.0], [3.4003, -2.3499], [3.4003, 0.0]], [[0.1167, -0.0653], [0.9733, 0.0], [1.9727, 0.0], [2.6865, 0.0], [6.8267, 0.2611], [6.5412, 0.0]]]",0.5613,0.0,0.0,0.0,0.0,0.0,0.0,True,"[2, 2, 2]",0.0,0.0,0.0,1.9517,4.0,0.9733,2.6865,3.4003,0.5535,1.4416,1.9517,"[[0.117, -0.065], [0.973, 0.0], [1.973, 0.0], [2.686, 0.0], [4.257, -0.065], [5.399, 0.261]]",ok,3.1923,0.0,1.0,1.0,0.0,1.0,1.0,0.0,0.5,0.6666666666666666,78be3bd5f1f146cdb1b7120bbf8a218c,scene-0095,42
1.1161,2.5437,3.4003,0.6878,1.4016,2.0678,0.0,0.0,0.0,0.0,0.0,0.0,0.0,0.0,0.0,ok,straight,1.4016,2.5437,3.2576,1.1161,1.6871,2.2345,False,"[-0.0, -0.0, -0.0, -0.0]","[-26.0771, -42.7211, -752.5785, -799.0214]","[3.0529, 3.0081, -1000750.5469, -1000796.9898]","[2.258, 2.211, 1.64, 2.877]","[[[0.8306, 0.0], [1.4016, 0.0], [1.9727, 0.0], [2.5437, 0.0], [3.4003, 0.0], [3.4003, 0.0]], [[0.8306, 0.0], [1.4016, 0.0], [1.9727, 0.0], [2.5437, 0.0], [3.4003, 0.1305], [3.1148, 0.0]], [[0.8306, 0.0], [1.4016, 0.0], [1.9727, 0.0], [2.5437, 0.0], [0.8306, 0.0], [2.2582, 0.0]], [[0.8306, 0.0], [1.4016, 0.0], [1.9727, 0.0], [2.5437, 0.0], [2.8293, 0.0], [7.6833, 0.0]]]",0.4379,0.0,0.0,0.0,0.0,0.0,0.0,True,"[2, 2, 2]",0.0,0.0,0.0,1.6396,4.0,1.4016,2.5437,2.2582,1.1161,1.6871,1.6396,"[[0.831, 0.0], [1.402, 0.0], [1.973, 0.0], [2.544, 0.0], [3.4, 0.065], [3.258, 0.0]]",ok,2.8768,0.0,1.0,1.0,0.0,1.0,1.0,0.0,0.5,0.6666666666666666,ff98be19bcf9436cad14f28ff63cb501,scene-0095,42
1.6871,3.1148,3.6858,1.2588,1.9727,2.4961,0.0,0.0,0.0,0.0,0.0,0.0,0.0,0.0,0.0,ok,straight,1.4016,3.1148,4.1271,1.0447,1.8299,2.4508,True,"[-0.0, -0.3264, -0.0, -0.0653]","[-27.341, -142.1409, -887.7925, -928.897]","[3.5896, 0.887, -1000886.0637, -1000927.1682]","[2.401, 2.504, 3.21, 2.497]","[[[0.6878, 0.0], [1.4016, 0.0], [2.1154, 0.0], [3.1148, 0.0], [3.4003, 0.0], [3.6858, 0.0]], [[0.6878, 0.0], [1.4016, 0.0], [2.1154, 0.0], [3.1148, 0.0], [3.1148, -0.1305], [4.5424, -0.6527]], [[0.6878, 0.0], [1.4016, 0.0], [2.1154, 0.0], [3.1148, 0.0], [6.2556, -0.1305], [5.6846, 0.0]], [[0.6878, 0.0], [1.4016, 0.0], [2.1154, 0.0], [3.1148, 0.0], [5.1135, 0.0], [2.5437, -0.1305]]]",0.3242,0.0,0.0,0.0,0.0,0.0,0.0,True,"[2, 2, 2]",0.0,0.0,0.0,2.401,4.0,1.4016,3.1148,3.6858,1.0447,1.8299,2.401,"[[0.688, 0.0], [1.402, 0.0], [2.115, 0.0], [3.115, 0.0], [3.258, -0.065], [4.114, -0.326]]",ok,3.2102,0.0,1.0,1.0,0.0,1.0,1.0,0.0,0.5,0.6666666666666666,4b6fcdc1549847c395d07fefcbdc16eb,scene-0095,42
1.1161,2.5394,3.4139,0.9733,1.6147,2.1828,0.0,0.0,0.0,0.0,0.0,0.0,0.0,0.0,0.0,ok,straight,1.4016,2.6822,4.6988,1.473,1.9002,2.6825,False,"[-0.0, -0.0, -0.0, -0.0]","[-124.4807, -139.0904, -338.187, -1127.1595]","[1.9113, 1.8756, 1.39, -1001125.9988]","[2.278, 3.087, 1.755, 1.897]","[[[1.5444, 0.0], [1.4016, 0.0], [1.9727, 0.0], [2.6865, 0.0], [3.4003, 0.0], [3.4003, 0.0]], [[1.5444, 0.0], [1.4016, 0.0], [1.9727, 0.0], [2.6865, 0.0], [4.5424, 0.0], [7.1122, 0.0]], [[1.5444, 0.0], [1.4016, 0.0], [1.9727, 0.0], [2.6865, 0.0], [1.6871, 0.1305], [1.9727, 0.0]], [[1.5444, 0.0], [1.4016, 0.0], [1.9727, 0.0], [2.6865, 0.0], [1.1161, 0.0], [3.4003, 0.0]]]",0.5173,0.0,0.0,0.0,0.0,0.0,0.0,True,"[2, 2, 2]",0.0,0.0,0.0,1.7555,4.0,1.4016,2.6822,1.4152,1.473,1.9002,1.7555,"[[1.544, 0.0], [1.402, 0.0], [1.973, 0.0], [2.686, 0.0], [3.971, 0.0], [5.256, 0.0]]",ok,3.087,0.0,0.0,0.0,0.0,0.0,0.0,0.0,0.0,0.0,65c8d9839556423b87a4edffb70b434a,scene-0095,42
1.1382,0.1038,2.4227,0.7781,0.6698,0.8859,0.0,0.0,0.0,0.0,0.0,0.0,0.0,0.0,0.0,ok,straight,1.4252,0.5644,0.8524,1.1358,0.9286,0.7949,True,"[-0.0653, -0.0653, -0.0, -0.0653]","[-32.8191, -67.8779, -3926.3351, -36201.9302]","[1.4153, 1.413, -1003925.0029, -1036200.598]","[0.821, 1.041, 1.676, 2.725]","[[[2.1154, 0.0], [3.9714, -0.0653], [5.2563, -0.0653], [7.1122, -0.1305], [9.3964, 0.0], [12.2517, -0.1305]], [[2.1154, 0.0], [3.9714, -0.0653], [5.2563, -0.0653], [7.1122, -0.1305], [8.8254, -0.1305], [9.1109, -0.1305]], [[2.1154, 0.0], [3.9714, -0.0653], [5.2563, -0.0653], [7.1122, -0.1305], [11.6807, -0.1305], [7.9688, 0.0]], [[2.1154, 0.0], [3.9714, -0.0653], [5.2563, -0.0653], [7.1122, -0.1305], [19.1045, -0.2611], [9.1109, 0.1305]]]",0.7394,0.0,0.0,0.0,0.0,0.0,0.0,True,"[2, 2, 2]",0.0,0.0,0.0,0.8208,4.0,1.4252,0.5644,0.7183,1.1358,0.9286,0.8208,"[[2.115, 0.0], [3.971, -0.065], [5.256, -0.065], [7.112, -0.131], [9.111, -0.065], [10.681, -0.131]]",ok,2.7251,0.0,0.0,0.0,0.0,0.0,0.0,0.0,0.0,0.0,f9475d1f1f96401c81ce511a93578a96,scene-0096,42
3.6592,8.3942,14.3307,2.7856,5.0167,7.5915,0.0,0.0,0.0,0.0,0.0,0.0,0.0,0.0,0.0,ok,straight,4.5156,7.8385,13.6915,2.9283,4.9143,7.252,True,"[-0.0, -0.7833, -0.1305, -0.5222]","[-728.7958, -1029.6127, -2110.4966, -13848.1657]","[-500580.6692, -500583.2402, -1502692.9964, -1514430.6656]","[7.476, 7.037, 5.857, 7.187]","[[[2.2582, 0.0], [2.8293, 0.0], [6.1129, -0.0653], [8.2543, -0.1958], [9.1109, 0.0], [10.5386, 0.0]], [[2.2582, 0.0], [2.8293, 0.0], [6.1129, -0.0653], [8.2543, -0.1958], [11.1096, -0.2611], [11.3952, -1.5666]], [[2.2582, 0.0], [2.8293, 0.0], [6.1129, -0.0653], [8.2543, -0.1958], [10.5386, 0.2611], [18.8189, 0.2611]], [[2.2582, 0.0], [2.8293, 0.0], [6.1129, -0.0653], [8.2543, -0.1958], [5.1135, -0.2611], [16.2492, 1.0444]]]",0.6166,0.0,0.0,0.0,0.0,0.0,0.0,True,"[2, 2, 2]",0.0,0.0,0.0,5.8567,4.0,4.5156,7.8385,5.7712,2.9283,4.9143,5.8567,"[[2.258, 0.0], [2.829, 0.0], [6.113, -0.065], [8.254, -0.196], [10.11, -0.131], [10.967, -0.783]]",ok,7.4757,0.0,0.0,0.0,0.0,0.0,0.0,0.0,0.0,0.0,d8ff67e7cda741f0ac2d7525dd26d208,scene-0096,42
3.1539,6.7475,10.1029,2.4237,4.1549,6.0008,0.0,0.0,0.0,0.0,0.0,0.0,0.0,0.0,0.0,ok,straight,3.1539,7.3157,12.8099,2.4951,4.3326,6.6409,False,"[-0.0, -0.0653, -0.1958, -0.3264]","[-132.26, -62.5893, -552.2042, -984787.9803]","[4.9657, 4.4451, 3.4025, -1984784.7639]","[5.977, 7.306, 6.63, 11.638]","[[[2.972, 0.0], [6.5412, 0.0], [9.3964, 0.0], [11.6807, -0.0653], [15.107, 0.0], [17.9623, 0.0]], [[2.972, 0.0], [6.5412, 0.0], [9.3964, 0.0], [11.6807, -0.0653], [12.5373, -0.2611], [12.5373, -0.1305]], [[2.972, 0.0], [6.5412, 0.0], [9.3964, 0.0], [11.6807, -0.0653], [13.6794, 1.5666], [15.6781, 0.3916]], [[2.972, 0.0], [6.5412, 0.0], [9.3964, 0.0], [11.6807, -0.0653], [69.6432, -0.2611], [21.6742, -0.6527]]]",2.2157,0.0,0.0,0.0,0.0,0.0,0.0,True,"[2, 2, 2]",0.0,0.0,0.0,5.9766,4.0,3.1539,7.3157,10.1029,2.4951,4.3326,5.9766,"[[2.972, 0.0], [6.541, 0.0], [9.396, 0.0], [11.681, -0.065], [13.822, -0.131], [15.25, -0.065]]",ok,11.6381,0.0,0.0,0.0,0.0,0.0,0.0,0.0,0.0,0.0,9be682790a634b91b334b633fa43010a,scene-0096,42
1.1597,1.4542,2.2829,1.0018,1.1789,1.3765,0.0,0.0,0.0,0.0,0.0,0.0,0.0,0.0,0.0,ok,straight,1.4504,0.5209,1.1504,1.076,0.8766,0.8214,True,"[-0.0653, -0.0, -0.0653, -0.9791]","[-118.704, -746.3639, -1880.616, -7431.0758]","[3.1825, -1000744.5427, -1001878.7949, -1007429.2547]","[1.175, 0.855, 1.945, 1.771]","[[[3.2576, 0.0], [6.2556, 0.0653], [10.3958, -0.0653], [13.8222, 0.0653], [16.2492, -0.1305], [18.2479, -0.1305]], [[3.2576, 0.0], [6.2556, 0.0653], [10.3958, -0.0653], [13.8222, 0.0653], [18.8189, 0.2611], [20.5321, 0.0]], [[3.2576, 0.0], [6.2556, 0.0653], [10.3958, -0.0653], [13.8222, 0.0653], [13.3939, -0.7833], [16.5347, 0.1305]], [[3.2576, 0.0], [6.2556, 0.0653], [10.3958, -0.0653], [13.8222, 0.0653], [12.8228, -0.1305], [22.2453, -1.9582]]]",0.4409,0.0,0.0,0.0,0.0,0.0,0.0,True,"[2, 2, 2]",0.0,0.0,0.0,0.8546,4.0,1.4504,0.5209,0.2296,1.076,0.8766,0.8546,"[[3.258, 0.0], [6.256, 0.065], [10.396, -0.065], [13.822, 0.065], [17.534, 0.065], [19.39, -0.065]]",ok,1.9451,0.0,0.0,0.0,0.0,0.0,0.0,0.0,0.0,0.0,1f94fe5edf784708b55707a1a7754fb9,scene-0096,42
0.026,0.026,0.026,0.026,0.026,0.026,0.0,0.0,0.0,0.0,0.0,0.0,0.0,0.0,0.0,ok,straight,34.8086,1.1161,2.2582,35.2954,17.9559,12.533,False,"[-0.0, -0.0, -0.0, -0.0653]","[-257434.905, -258054.73, -259235.331, -259431.7335]","[-3728416.9247, -3729036.7497, -3730217.3507, -3730413.7532]","[12.771, 12.295, 11.979, 12.533]","[[[34.8086, 8.2899], [34.8086, 0.0], [0.1167, 0.0], [1.1161, 0.0], [1.4016, 0.0], [3.4003, 0.0]], [[34.8086, 8.2899], [34.8086, 0.0], [0.1167, 0.0], [1.1161, 0.0], [0.8306, 0.0], [1.1161, 0.0]], [[34.8086, 8.2899], [34.8086, 0.0], [0.1167, 0.0], [1.1161, 0.0], [-0.026, 0.0], [-0.026, 0.0]], [[34.8086, 8.2899], [34.8086, 0.0], [0.1167, 0.0], [1.1161, 0.0], [0.2595, 0.0], [3.1148, -0.1305]]]",0.293,0.0,0.0,0.0,0.0,0.0,0.0,False,"[2, 2, 2]",0.0,0.0,0.0,11.9793,4.0,34.8086,1.1161,0.026,35.2954,17.9559,11.9793,"[[34.809, 8.29], [34.809, 0.0], [0.117, 0.0], [1.116, 0.0], [1.116, 0.0], [2.258, 0.0]]",ok,12.7709,0.0,1.0,1.0,0.0,1.0,1.0,0.0,0.5,0.6666666666666666,1c81b06c812b47788462c31f58b6c1d0,scene-0097,42
0.026,0.849,0.2997,0.026,0.4965,0.4589,0.0,0.0,0.0,0.0,0.0,0.0,0.0,0.0,0.0,ok,straight,0.4023,0.7062,0.0166,0.2595,0.5062,0.5133,False,"[-0.0, -0.0, -0.0, -0.0]","[-5.0589, -206.7342, -194883.6611, -1586299.7945]","[2.4034, 2.403, -1194881.9289, -2586298.0623]","[0.465, 0.651, 12.453, 12.025]","[[[0.1167, 0.0], [0.4023, 0.0], [0.8306, 0.0], [0.9733, 0.0], [1.1161, 0.0], [1.1161, 0.0]], [[0.1167, 0.0], [0.4023, 0.0], [0.8306, 0.0], [0.9733, 0.0], [2.2582, 0.0], [1.6871, 0.0]], [[0.1167, 0.0], [0.4023, 0.0], [0.8306, 0.0], [0.9733, 0.0], [5.1135, 0.0], [69.6432, 0.0]], [[0.1167, 0.0], [0.4023, 0.0], [0.8306, 0.0], [0.9733, 0.0], [69.6432, 0.6527], [2.5437, 0.0]]]",5.8427,0.0,0.0,0.0,0.0,0.0,0.0,True,"[2, 2, 2]",0.0,0.0,0.0,0.4654,4.0,0.4023,0.7062,0.2997,0.2595,0.5062,0.4654,"[[0.117, 0.0], [0.402, 0.0], [0.831, 0.0], [0.973, 0.0], [1.687, 0.0], [1.402, 0.0]]",ok,12.4529,0.0,0.0,0.0,0.0,0.0,0.0,0.0,0.0,0.0,4cd53db3b63b42caba9e8f6a6ea70eae,scene-0097,42
1.1061,2.836,6.7359,0.6388,1.4599,2.7857,0.0,0.0,0.0,0.0,0.0,0.0,0.0,0.0,0.0,ok,straight,0.9634,1.2689,6.3107,0.7102,0.9257,2.1929,True,"[-0.0653, -0.0653, -0.2611, -0.0653]","[-195.4593, -304.9937, -4140.9719, -8056.9389]","[3.7294, 3.6955, -1004138.7405, -1008054.7075]","[1.959, 2.43, 1.616, 2.192]","[[[1.4016, 0.0], [2.972, 0.0], [5.2563, 0.0], [7.5405, 0.0], [9.3964, 0.1305], [8.5399, 0.1305]], [[1.4016, 0.0], [2.972, 0.0], [5.2563, 0.0], [7.5405, 0.0], [7.3977, -0.1305], [7.6833, -0.1305]], [[1.4016, 0.0], [2.972, 0.0], [5.2563, 0.0], [7.5405, 0.0], [7.6833, -0.1305], [16.5347, -0.5222]], [[1.4016, 0.0], [2.972, 0.0], [5.2563, 0.0], [7.5405, 0.0], [4.5424, 0.0], [11.9662, -0.1305]]]",0.3005,0.0,0.0,0.0,0.0,0.0,0.0,True,"[2, 2, 2]",0.0,0.0,0.0,1.6157,4.0,0.9634,1.2689,2.1381,0.7102,0.9257,1.6157,"[[1.402, 0.0], [2.972, 0.0], [5.256, 0.0], [7.541, 0.0], [8.397, 0.0], [8.112, 0.0]]",ok,2.4296,0.0,0.0,0.0,0.0,0.0,0.0,0.0,0.0,0.0,b3d9bac351554cc98cdafe751f3d437a,scene-0097,42
2.0293,5.299,8.748,1.4811,3.1081,4.8253,0.0,0.0,0.0,0.0,0.0,0.0,0.0,0.0,0.0,ok,straight,1.316,6.1556,9.1742,0.9107,3.0013,4.8504,False,"[-0.0, -0.0653, -0.9138, -0.0]","[-240.1078, -164.3204, -1421.8745, -17943.4412]","[4.1042, 3.9457, -1001419.0276, -1017940.5943]","[4.805, 4.897, 5.08, 4.755]","[[[3.5431, 0.0], [6.9694, 0.0], [8.6826, 0.0], [11.1096, 0.0], [13.9649, -0.5222], [18.2479, 0.0]], [[3.5431, 0.0], [6.9694, 0.0], [8.6826, 0.0], [11.1096, 0.0], [14.2505, -0.1305], [17.3913, -0.1305]], [[3.5431, 0.0], [6.9694, 0.0], [8.6826, 0.0], [11.1096, 0.0], [12.8228, 0.9138], [17.9623, -1.8277]], [[3.5431, 0.0], [6.9694, 0.0], [8.6826, 0.0], [11.1096, 0.0], [8.8254, -0.3916], [23.6729, 0.0]]]",0.1241,0.0,0.0,0.0,0.0,0.0,0.0,True,"[2, 2, 2]",0.0,0.0,0.0,4.755,4.0,1.316,6.1556,3.3219,0.9107,3.0013,4.755,"[[3.543, 0.0], [6.969, 0.0], [8.683, 0.0], [11.11, 0.0], [14.108, -0.326], [17.82, -0.065]]",ok,5.0802,0.0,0.0,0.0,0.0,0.0,0.0,0.0,0.0,0.0,1808fbc3531c415fb77531c05b2547ae,scene-0097,42
2.7265,6.2988,11.1264,1.6108,3.4938,5.5575,0.0,0.0,0.0,0.0,0.0,0.0,0.0,0.0,0.0,ok,straight,0.5895,7.0124,9.1237,0.4071,3.2497,5.275,True,"[-0.1305, -0.3264, -0.1305, -0.1305]","[-1460.1267, -4707.1515, -154341.5777, -903482.8648]","[-1503359.7317, -1506606.7566, -1656241.1828, -2405382.4698]","[5.252, 5.298, 10.252, 10.882]","[[[4.3997, 0.0], [8.9682, -0.0653], [9.8247, 0.0], [13.5366, -0.1305], [18.2479, -0.1305], [21.3887, -0.2611]], [[4.3997, 0.0], [8.9682, -0.0653], [9.8247, 0.0], [13.5366, -0.1305], [15.107, -0.1305], [24.244, -0.6527]], [[4.3997, 0.0], [8.9682, -0.0653], [9.8247, 0.0], [13.5366, -0.1305], [15.3926, -0.2611], [69.6432, -0.2611]], [[4.3997, 0.0], [8.9682, -0.0653], [9.8247, 0.0], [13.5366, -0.1305], [69.6432, 0.0], [23.1019, -0.2611]]]",2.6552,0.0,0.0,0.0,0.0,0.0,0.0,False,"[2, 2, 2]",0.0,0.0,0.0,5.2521,4.0,0.5895,7.0124,10.5556,0.4071,3.2497,5.2521,"[[4.4, 0.0], [8.968, -0.065], [9.825, 0.0], [13.537, -0.131], [16.677, -0.131], [22.816, -0.457]]",ok,10.8816,0.0,0.0,0.0,0.0,0.0,0.0,0.0,0.0,0.0,c292d90b90ec4dbd826dfd11aa361df1,scene-0098,42
3.4072,8.4151,12.8348,2.1661,4.5141,6.7537,0.0,0.0,0.0,0.0,0.0,0.0,0.0,0.0,0.0,ok,straight,4.2637,6.8453,11.6927,2.5944,4.4428,6.397,True,"[-0.0653, -0.0653, -0.0653, -0.1305]","[-436.0084, -758.74, -1711.1691, -395848.0016]","[3.3145, 3.3126, -1001709.0125, -1395845.845]","[6.088, 6.706, 8.134, 15.921]","[[[3.6858, 0.0], [5.9701, 0.0], [10.6813, 0.0], [15.8209, -0.1305], [19.6755, -0.2611], [23.1019, -0.1305]], [[3.6858, 0.0], [5.9701, 0.0], [10.6813, 0.0], [15.8209, -0.1305], [18.2479, 0.0], [20.8176, -0.1305]], [[3.6858, 0.0], [5.9701, 0.0], [10.6813, 0.0], [15.8209, -0.1305], [17.3913, -0.1305], [13.1083, -0.1305]], [[3.6858, 0.0], [5.9701, 0.0], [10.6813, 0.0], [15.8209, -0.1305], [69.6432, -0.1305], [69.6432, -0.2611]]]",3.9438,0.0,0.0,0.0,0.0,0.0,0.0,True,"[2, 2, 2]",0.0,0.0,0.0,6.0882,4.0,4.2637,6.8453,10.5507,2.5944,4.4428,6.0882,"[[3.686, 0.0], [5.97, 0.0], [10.681, 0.0], [15.821, -0.131], [18.962, -0.131], [21.96, -0.131]]",ok,15.9214,0.0,0.0,0.0,0.0,0.0,0.0,0.0,0.0,0.0,16011bbf9d634b099c5ff9a352d26c9e,scene-0098,42
4.4984,7.7664,13.184,3.2163,5.1103,7.4349,0.0,0.0,0.0,0.0,0.0,0.0,0.0,0.0,0.0,ok,straight,5.4971,8.482,12.0404,3.8583,5.8246,7.6253,False,"[-0.0653, -0.1305, -0.9791, -0.3264]","[-198.5755, -253.0186, -105005.0629, -1025800.0576]","[3.7837, 3.603, -1105002.7923, -2025797.787]","[7.911, 7.342, 7.726, 13.486]","[[[2.8293, -0.0653], [4.6852, -0.0653], [7.6833, -0.1958], [11.5379, -0.3264], [14.2505, -0.1305], [17.3913, -0.1305]], [[2.8293, -0.0653], [4.6852, -0.0653], [7.6833, -0.1958], [11.5379, -0.3264], [15.3926, 0.5222], [19.6755, -0.2611]], [[2.8293, -0.0653], [4.6852, -0.0653], [7.6833, -0.1958], [11.5379, -0.3264], [20.5321, 16.5798], [25.1006, -1.9582]], [[2.8293, -0.0653], [4.6852, -0.0653], [7.6833, -0.1958], [11.5379, -0.3264], [69.6432, -0.6527], [17.3913, -0.6527]]]",2.5313,0.0,0.0,0.0,0.0,0.0,0.0,True,"[2, 2, 2]",0.0,0.0,0.0,7.342,4.0,5.4971,8.482,10.9011,3.8583,5.8246,7.342,"[[2.829, -0.065], [4.685, -0.065], [7.683, -0.196], [11.538, -0.326], [14.822, 0.196], [18.533, -0.196]]",ok,13.4859,0.0,0.0,0.0,0.0,0.0,0.0,0.0,0.0,0.0,1e4b165a3a904717b30f044322edfa14,scene-0098,42
3.3666,7.697,10.2397,2.4512,4.3909,6.0415,0.0,0.0,0.0,0.0,0.0,0.0,0.0,0.0,0.0,ok,straight,3.0818,8.6961,10.2446,2.1652,4.2121,5.9945,True,"[-0.3916, -0.1305, -0.0653, -0.0]","[-2678.7873, -3658.3237, -40429.8223, -857373.6996]","[-1505524.3667, -1506503.9031, -1543275.4017, -2360219.279]","[6.068, 5.922, 6.07, 10.722]","[[[4.5424, -0.0653], [8.5399, -0.0653], [13.6794, -0.1958], [14.6787, -0.1958], [19.9611, -0.1305], [24.8151, -0.7833]], [[4.5424, -0.0653], [8.5399, -0.0653], [13.6794, -0.1958], [14.6787, -0.1958], [20.8176, -0.1305], [24.8151, -0.2611]], [[4.5424, -0.0653], [8.5399, -0.0653], [13.6794, -0.1958], [14.6787, -0.1958], [25.1006, -8.8774], [25.1006, -0.1305]], [[4.5424, -0.0653], [8.5399, -0.0653], [13.6794, -0.1958], [14.6787, -0.1958], [69.6432, -0.2611], [27.9559, 0.0]]]",2.0368,0.0,0.0,0.0,0.0,0.0,0.0,False,"[2, 2, 2]",0.0,0.0,0.0,5.9223,4.0,3.0818,8.6961,10.2397,2.1652,4.2121,5.9223,"[[4.542, -0.065], [8.54, -0.065], [13.679, -0.196], [14.679, -0.196], [20.389, -0.131], [24.815, -0.522]]",ok,10.7217,0.0,0.0,0.0,0.0,0.0,0.0,0.0,0.0,0.0,f5a38abe0b404babb18bca1f0adf60b6,scene-0098,42
0.8951,2.9628,6.1027,0.5915,1.5592,2.8183,0.0,0.0,0.0,0.0,0.0,0.0,0.0,0.0,0.0,ok,straight,1.8941,0.6172,10.2432,1.3049,1.7219,3.0968,False,"[-0.0, -0.1958, -0.0653, -0.1305]","[-5690.8935, -7598.2485, -10990.96, -24089.79]","[-1514968.3064, -1516875.6614, -1520268.3729, -1533367.2029]","[2.547, 3.93, 2.879, 3.499]","[[[3.5431, 0.0], [7.5405, 0.0], [11.5379, -0.1305], [9.2537, -0.1305], [10.8241, -0.1305], [20.8176, 0.0]], [[3.5431, 0.0], [7.5405, 0.0], [11.5379, -0.1305], [9.2537, -0.1305], [15.3926, -0.3916], [26.2427, -0.3916]], [[3.5431, 0.0], [7.5405, 0.0], [11.5379, -0.1305], [9.2537, -0.1305], [16.2492, -0.1305], [19.1045, -0.1305]], [[3.5431, 0.0], [7.5405, 0.0], [11.5379, -0.1305], [9.2537, -0.1305], [19.6755, 0.1305], [19.39, -0.2611]]]",0.5364,0.0,0.0,0.0,0.0,0.0,0.0,False,"[2, 2, 2]",0.0,0.0,0.0,2.5468,4.0,1.8941,0.6172,7.5283,1.3049,1.7219,2.5468,"[[3.543, 0.0], [7.541, 0.0], [11.538, -0.131], [9.254, -0.131], [13.108, -0.261], [23.53, -0.196]]",ok,3.93,0.0,0.0,0.0,0.0,0.0,0.0,0.0,0.0,0.0,b9db804449d34414ba98868e9034abd3,scene-0099,42
1.5589,2.4809,2.3317,1.2695,1.8112,1.9853,0.0,0.0,0.0,0.0,0.0,0.0,0.0,0.0,0.0,ok,straight,0.7139,2.9669,2.4166,1.1325,1.8583,1.9527,True,"[-0.0, -0.0653, -0.2611, -0.4569]","[-1157.2847, -689.3345, -7528.7019, -32720.8988]","[-500865.3908, -500865.7202, -1508395.9032, -1533588.1002]","[1.926, 2.017, 4.491, 2.765]","[[[2.8293, 0.0], [3.4003, 0.0], [6.5412, 0.1305], [9.1109, 0.0], [8.8254, -0.1305], [9.9675, 0.0]], [[2.8293, 0.0], [3.4003, 0.0], [6.5412, 0.1305], [9.1109, 0.0], [10.253, -0.1305], [10.5386, -0.1305]], [[2.8293, 0.0], [3.4003, 0.0], [6.5412, 0.1305], [9.1109, 0.0], [11.9662, -0.1305], [27.0993, -0.5222]], [[2.8293, 0.0], [3.4003, 0.0], [6.5412, 0.1305], [9.1109, 0.0], [0.545, 0.0], [11.3952, 0.9138]]]",1.0291,0.0,0.0,0.0,0.0,0.0,0.0,True,"[2, 2, 2]",0.0,0.0,0.0,1.9263,4.0,0.7139,2.9669,2.5328,1.1325,1.8583,1.9263,"[[2.829, 0.0], [3.4, 0.0], [6.541, 0.131], [9.111, 0.0], [9.539, -0.131], [10.253, -0.065]]",ok,4.4906,0.0,0.0,0.0,0.0,0.0,0.0,0.0,0.0,0.0,ba6527487d5042b2bd4fb8e503918d29,scene-0099,42
2.3667,4.5594,6.9869,1.4179,2.5348,3.8917,0.0,0.0,0.0,0.0,0.0,0.0,0.0,0.0,0.0,ok,straight,1.5108,5.7018,4.9882,0.778,2.6076,3.394,True,"[-0.1305, -0.0653, -0.1305, -0.0653]","[-174.367, -1697.5851, -5531.6146, -5777.4148]","[2.6145, -1001695.2594, -1005529.2888, -1005775.0891]","[3.798, 2.994, 3.23, 2.941]","[[[3.2576, 0.0], [5.9701, 0.0], [8.1116, -0.0653], [9.3964, -0.0653], [12.5373, -0.1305], [16.2492, -0.2611]], [[3.2576, 0.0], [5.9701, 0.0], [8.1116, -0.0653], [9.3964, -0.0653], [15.107, -0.6527], [18.5334, -0.1305]], [[3.2576, 0.0], [5.9701, 0.0], [8.1116, -0.0653], [9.3964, -0.0653], [10.8241, 0.0], [23.3874, -0.2611]], [[3.2576, 0.0], [5.9701, 0.0], [8.1116, -0.0653], [9.3964, -0.0653], [16.8202, -0.2611], [17.1058, -0.1305]]]",0.3393,0.0,0.0,0.0,0.0,0.0,0.0,False,"[2, 2, 2]",0.0,0.0,0.0,2.9414,4.0,1.5108,5.7018,5.2737,0.778,2.6076,2.9414,"[[3.258, 0.0], [5.97, 0.0], [8.112, -0.065], [9.396, -0.065], [13.822, -0.392], [17.391, -0.196]]",ok,3.7975,0.0,0.0,0.0,0.0,0.0,0.0,0.0,0.0,0.0,713882a28f2442098451f77f1362d326,scene-0099,42
2.2874,3.9602,6.7365,1.5529,2.5825,3.8376,0.0,0.0,0.0,0.0,0.0,0.0,0.0,0.0,0.0,ok,straight,2.5729,2.8296,6.1645,1.5529,2.1926,3.173,True,"[-0.0653, -0.1305, -0.0653, -0.2611]","[-241.6716, -609.1843, -1006.5179, -85576.6444]","[2.9701, 2.1436, -1001004.9519, -1085575.0783]","[2.912, 3.435, 4.247, 9.257]","[[[3.4003, 0.0], [5.6846, 0.0], [8.9682, -0.0653], [13.3939, -0.3264], [17.1058, -0.1305], [18.5334, 0.1305]], [[3.4003, 0.0], [5.6846, 0.0], [8.9682, -0.0653], [13.3939, -0.3264], [15.107, -0.1305], [17.3913, -0.2611]], [[3.4003, 0.0], [5.6846, 0.0], [8.9682, -0.0653], [13.3939, -0.3264], [13.9649, 0.3916], [13.6794, 0.1305]], [[3.4003, 0.0], [5.6846, 0.0], [8.9682, -0.0653], [13.3939, -0.3264], [21.3887, -0.5222], [69.6432, -0.5222]]]",2.5246,0.0,0.0,0.0,0.0,0.0,0.0,True,"[2, 2, 2]",0.0,0.0,0.0,2.9122,4.0,2.5729,2.8296,5.5991,1.5529,2.1926,2.9122,"[[3.4, 0.0], [5.685, 0.0], [8.968, -0.065], [13.394, -0.326], [16.106, -0.131], [17.962, -0.065]]",ok,9.2573,0.0,0.0,0.0,0.0,0.0,0.0,0.0,0.0,0.0,8ef8d4b6b837492dab9785c3e33d936b,scene-0099,42
2.5437,5.1135,7.3977,1.8299,3.1148,4.3997,0.0,0.0,1.0,0.0,0.0,1.0,0.0,0.0,0.3333333333333333,ok,straight,2.1154,3.4003,7.3123,1.6158,2.3655,3.4579,True,"[-0.0, -0.9138, -1.893, -1.5666]","[-625.6349, -3666.2377, -3759.3387, -4157.8047]","[5.8209, -1003663.6462, -1003756.7472, -1004155.2133]","[3.9, 3.038, 4.054, 4.624]","[[[1.1161, 0.0], [2.1154, 0.0], [2.8293, 0.0653], [3.4003, 0.0], [6.5412, 0.0], [7.3977, 0.0]], [[1.1161, 0.0], [2.1154, 0.0], [2.8293, 0.0653], [3.4003, 0.0], [1.4016, -0.2611], [7.1122, 1.8277]], [[1.1161, 0.0], [2.1154, 0.0], [2.8293, 0.0653], [3.4003, 0.0], [4.828, -2.0888], [8.8254, 3.7859]], [[1.1161, 0.0], [2.1154, 0.0], [2.8293, 0.0653], [3.4003, 0.0], [9.1109, 1.1749], [8.5399, 3.1332]]]",0.568,0.0,0.0,1.0,0.0,0.0,1.0,True,"[2, 2, 2]",0.0,0.0,0.16666666666666666,3.0385,4.0,2.1154,3.4003,7.3433,1.6158,2.3655,3.0385,"[[1.116, 0.0], [2.115, 0.0], [2.829, 0.065], [3.4, 0.0], [3.971, -0.131], [7.255, 0.914]]",ok,4.6241,0.0,1.0,1.0,0.0,1.0,1.0,0.0,0.5,0.6666666666666666,028a3f3a237e469cb099f6d9c8e7f2f4,scene-0100,42
3.6858,7.6833,9.1119,2.6865,4.5424,5.9227,0.0,1.0,1.0,0.0,1.0,1.0,0.0,0.25,0.5,ok,straight,4.5429,8.8006,8.9767,3.1864,5.251,6.6847,False,"[-0.4569, -0.0653, -0.3916, -0.9791]","[-1236.1369, -1294.5529, -2217.1662, -10185.9003]","[-1001233.8153, -1001292.2312, -1002214.8446, -1010183.5787]","[6.841, 6.538, 8.075, 6.322]","[[[1.8299, 0.0], [4.5424, -0.0653], [5.8273, 0.1958], [8.6826, 1.436], [11.1096, 1.1749], [8.8254, 0.9138]], [[1.8299, 0.0], [4.5424, -0.0653], [5.8273, 0.1958], [8.6826, 1.436], [9.1109, 0.0], [9.1109, -0.1305]], [[1.8299, 0.0], [4.5424, -0.0653], [5.8273, 0.1958], [8.6826, 1.436], [12.5373, -1.3055], [14.8215, -0.7833]], [[1.8299, 0.0], [4.5424, -0.0653], [5.8273, 0.1958], [8.6826, 1.436], [5.9701, -1.6971], [10.5386, 1.9582]]]",0.6787,0.0,0.0,1.0,0.0,0.0,1.0,True,"[2, 2, 2]",0.0,0.0,0.3333333333333333,6.3216,4.0,4.5429,8.8006,10.719,3.1864,5.251,6.3216,"[[1.83, 0.0], [4.542, -0.065], [5.827, 0.196], [8.683, 1.436], [10.11, 0.587], [8.968, 0.392]]",ok,8.0752,0.0,1.0,1.0,0.0,1.0,1.0,0.0,0.5,0.6666666666666666,30ad11916547467183371af9e1faf298,scene-0100,42
2.5437,5.1135,6.5412,1.8299,3.1148,4.2569,0.0,0.0,1.0,0.0,0.0,1.0,0.0,0.0,0.3333333333333333,ok,straight,2.5446,5.5422,7.1122,1.9731,3.2585,4.3073,False,"[-0.0, -0.0, -0.1305, -0.3264]","[-294.2596, -545.8881, -5366.6841, -16748.0685]","[4.2372, 4.1994, -1005364.1184, -1016745.5027]","[4.21, 4.409, 9.311, 6.289]","[[[1.4016, 0.0], [2.5437, -0.0653], [3.5431, -0.1305], [5.5418, 0.0653], [5.6846, 0.0], [6.5412, 0.0]], [[1.4016, 0.0], [2.5437, -0.0653], [3.5431, -0.1305], [5.5418, 0.0653], [5.6846, 0.7833], [7.6833, 0.0]], [[1.4016, 0.0], [2.5437, -0.0653], [3.5431, -0.1305], [5.5418, 0.0653], [16.5347, 1.3055], [26.2427, -0.2611]], [[1.4016, 0.0], [2.5437, -0.0653], [3.5431, -0.1305], [5.5418, 0.0653], [11.9662, -6.3969], [11.1096, -0.6527]]]",2.0474,0.0,0.0,1.0,0.0,0.0,1.0,True,"[2, 2, 2]",0.0,0.0,0.16666666666666666,4.2099,4.0,2.5446,5.5422,6.5412,1.9731,3.2585,4.2099,"[[1.402, 0.0], [2.544, -0.065], [3.543, -0.131], [5.542, 0.065], [5.685, 0.392], [7.112, 0.0]]",ok,9.3107,0.0,1.0,1.0,0.0,1.0,1.0,0.0,0.5,0.6666666666666666,fbc2727b0f35414f88d956bc63345af0,scene-0100,42
2.5437,5.9701,7.3977,1.8299,3.3289,4.6852,0.0,0.0,1.0,0.0,0.0,1.0,0.0,0.0,0.3333333333333333,ok,straight,3.8292,6.1132,8.1116,2.544,4.1501,5.4944,False,"[-0.0, -0.0, -0.718, -8.2899]","[-193.053, -971.1976, -14167.3258, -15126.715]","[-500564.2442, -1501537.1388, -1514733.267, -1515692.6562]","[5.233, 5.756, 6.432, 7.326]","[[[1.2588, 0.0], [3.8286, 0.0653], [5.399, 0.0], [6.1129, -0.0653], [7.3977, 0.0], [7.3977, 0.0]], [[1.2588, 0.0], [3.8286, 0.0653], [5.399, 0.0], [6.1129, -0.0653], [9.1109, -0.1305], [8.8254, 0.0]], [[1.2588, 0.0], [3.8286, 0.0653], [5.399, 0.0], [6.1129, -0.0653], [3.9714, 0.0], [17.9623, 1.436]], [[1.2588, 0.0], [3.8286, 0.0653], [5.399, 0.0], [6.1129, -0.0653], [7.3977, 0.1305], [11.1096, -16.5798]]]",0.7833,0.0,0.0,1.0,0.0,0.0,1.0,True,"[2, 2, 2]",0.0,0.0,0.3333333333333333,5.2326,4.0,3.8292,6.1132,7.3977,2.544,4.1501,5.2326,"[[1.259, 0.0], [3.829, 0.065], [5.399, 0.0], [6.113, -0.065], [8.254, -0.065], [8.112, 0.0]]",ok,7.3262,0.0,1.0,1.0,0.0,1.0,1.0,0.0,0.5,0.6666666666666666,149f03b275944abc95aa59709a726bff,scene-0100,42
1.1161,2.5437,2.5437,0.6878,1.4016,1.7823,0.0,0.0,0.0,0.0,0.0,0.0,0.0,0.0,0.0,ok,straight,1.2588,3.1155,3.2576,0.7592,1.8301,2.1631,False,"[-0.0, -0.0, -0.0, -0.1305]","[-84.7894, -362.472, -543.4792, -1480.2078]","[3.789, 3.2591, 2.9137, -1001478.0132]","[2.068, 2.258, 1.641, 2.071]","[[[0.2595, 0.0], [1.2588, 0.0], [2.6865, 0.0], [3.1148, -0.0653], [2.5437, 0.0], [2.5437, 0.0]], [[0.2595, 0.0], [1.2588, 0.0], [2.6865, 0.0], [3.1148, -0.0653], [2.2582, 0.0], [3.9714, 0.0]], [[0.2595, 0.0], [1.2588, 0.0], [2.6865, 0.0], [3.1148, -0.0653], [1.1161, -0.1305], [1.4016, 0.0]], [[0.2595, 0.0], [1.2588, 0.0], [2.6865, 0.0], [3.1148, -0.0653], [1.1161, 0.1305], [3.9714, 0.2611]]]",0.2263,0.0,0.0,0.0,0.0,0.0,0.0,True,"[2, 2, 2]",0.0,0.0,0.0,1.6409,4.0,1.2588,3.1155,1.4016,0.7592,1.8301,1.6409,"[[0.259, 0.0], [1.259, 0.0], [2.686, 0.0], [3.115, -0.065], [2.401, 0.0], [3.258, 0.0]]",ok,2.2583,0.0,1.0,1.0,0.0,1.0,1.0,0.0,0.5,0.6666666666666666,d5324133e1d241658a7b763831b3af2e,scene-0101,42
0.5128,0.0819,2.4545,0.3921,0.2538,0.8173,0.0,0.0,0.0,0.0,0.0,0.0,0.0,0.0,0.0,ok,straight,0.37,0.2111,3.7409,0.2494,0.2517,1.0541,False,"[-0.0653, -0.1305, -0.1958, -0.0]","[-120.1192, -74.5144, -2235.1333, -6355.5984]","[4.2632, 3.3866, -1002232.1298, -1006352.595]","[0.816, 1.293, 0.768, 1.947]","[[[0.9733, 0.0], [2.401, 0.0], [3.8286, -0.0653], [5.399, -0.0653], [5.6846, 0.0], [6.8267, -0.1305]], [[0.9733, 0.0], [2.401, 0.0], [3.8286, -0.0653], [5.399, -0.0653], [5.399, -0.1305], [4.2569, -0.2611]], [[0.9733, 0.0], [2.401, 0.0], [3.8286, -0.0653], [5.399, -0.0653], [4.828, 0.1305], [10.5386, -0.3916]], [[0.9733, 0.0], [2.401, 0.0], [3.8286, -0.0653], [5.399, -0.0653], [13.3939, 0.1305], [13.6794, 0.0]]]",0.4746,0.0,0.0,0.0,0.0,0.0,0.0,True,"[2, 2, 2]",0.0,0.0,0.0,0.7684,4.0,0.37,0.2111,1.3079,0.2494,0.2517,0.7684,"[[0.973, 0.0], [2.401, 0.0], [3.829, -0.065], [5.399, -0.065], [5.542, -0.065], [5.542, -0.196]]",ok,1.9474,0.0,0.0,0.0,0.0,0.0,0.0,0.0,0.0,0.0,604a8ce58d0b4f94a93db370813edf94,scene-0101,42
2.3106,5.4338,9.6938,1.6925,3.2209,5.008,0.0,0.0,1.0,0.0,0.0,1.0,0.0,0.0,0.3333333333333333,ok,straight,2.6003,5.0015,9.0333,1.6239,2.683,4.4643,True,"[-0.0653, -1.3708, -5.2873, -0.1958]","[-811.887, -1757.4547, -3736.5386, -4808.3019]","[-502948.9675, -1504708.4559, -1506687.5399, -1507759.3032]","[4.553, 4.418, 4.585, 4.233]","[[[2.6865, 0.0], [4.2569, 0.0653], [8.1116, -0.2611], [9.5392, -0.0653], [11.1096, 0.0], [13.6794, -0.1305]], [[2.6865, 0.0], [4.2569, 0.0653], [8.1116, -0.2611], [9.5392, -0.0653], [11.9662, -0.7833], [14.2505, 2.7415]], [[2.6865, 0.0], [4.2569, 0.0653], [8.1116, -0.2611], [9.5392, -0.0653], [13.3939, -1.436], [16.8202, -10.5745]], [[2.6865, 0.0], [4.2569, 0.0653], [8.1116, -0.2611], [9.5392, -0.0653], [9.1109, -0.1305], [17.6768, 0.3916]]]",0.1386,0.0,0.0,1.0,0.0,0.0,1.0,True,"[2, 2, 2]",0.0,0.0,0.3333333333333333,4.2334,4.0,2.6003,5.0015,5.212,1.6239,2.683,4.2334,"[[2.686, 0.0], [4.257, 0.065], [8.112, -0.261], [9.539, -0.065], [11.538, -0.392], [13.965, 1.305]]",ok,4.5854,0.0,0.0,1.0,0.0,0.0,1.0,0.0,0.0,0.3333333333333333,72fe05b8fd804c7eb2edba7554f1f796,scene-0101,42
1.7689,4.4841,8.2016,1.4343,2.7219,4.2622,0.0,0.0,0.0,0.0,0.0,0.0,0.0,0.0,0.0,ok,straight,0.4779,5.3347,6.1539,1.0029,2.7206,4.0916,True,"[-0.1305, -0.5875, -1.0444, -0.3916]","[-842.9612, -3899.913, -4770.2899, -5962.9368]","[-2503367.2792, -2506424.231, -2507294.608, -2508487.2548]","[4.121, 4.074, 3.621, 4.356]","[[[3.2576, 0.0], [8.6826, 0.1305], [11.1096, 0.0653], [14.2505, 0.2611], [18.2479, 0.2611], [22.2453, 0.2611]], [[3.2576, 0.0], [8.6826, 0.1305], [11.1096, 0.0653], [14.2505, 0.2611], [16.5347, -1.5666], [24.5295, 1.1749]], [[3.2576, 0.0], [8.6826, 0.1305], [11.1096, 0.0653], [14.2505, 0.2611], [16.2492, 0.2611], [27.0993, 2.0888]], [[3.2576, 0.0], [8.6826, 0.1305], [11.1096, 0.0653], [14.2505, 0.2611], [20.8176, 0.1305], [18.2479, 0.7833]]]",0.2658,0.0,0.0,0.0,0.0,0.0,0.0,False,"[2, 2, 2]",0.0,0.0,0.0,3.6212,4.0,0.4779,5.3347,2.3814,1.0029,2.7206,3.6212,"[[3.258, 0.0], [8.683, 0.131], [11.11, 0.065], [14.25, 0.261], [17.391, -0.653], [23.387, 0.718]]",ok,4.3556,0.0,0.0,0.0,0.0,0.0,0.0,0.0,0.0,0.0,2e743b1fb9a34383b88bec3e7792ad2a,scene-0101,42
2.881,5.8569,9.2357,2.1894,3.6384,5.2209,0.0,0.0,0.0,0.0,0.0,0.0,0.0,0.0,0.0,ok,right,2.881,29.095,7.6959,2.1894,16.2985,13.3575,False,"[-0.0, 0.0653, 0.0653, -0.1958]","[-375337.6942, -381788.5395, -500229.1298, -968210.3111]","[-2632624.4867, -2639075.332, -2757515.9223, -3225497.1036]","[13.661, 13.057, 14.263, 22.241]","[[[-0.026, 0.0], [-0.026, 0.0], [34.8086, 8.2899], [34.8086, 1.436], [-0.026, 0.0], [-0.026, 0.0]], [[-0.026, 0.0], [-0.026, 0.0], [34.8086, 8.2899], [34.8086, 1.436], [0.545, 0.0], [3.1148, -0.1305]], [[-0.026, 0.0], [-0.026, 0.0], [34.8086, 8.2899], [34.8086, 1.436], [-0.026, 0.0], [21.6742, -0.1305]], [[-0.026, 0.0], [-0.026, 0.0], [34.8086, 8.2899], [34.8086, 1.436], [-0.026, 0.0], [69.6432, 0.3916]]]",3.7402,0.0,0.0,0.0,0.0,0.0,0.0,False,"[1, 2, 2]",0.0,0.0,0.0,13.0567,4.0,2.881,29.095,6.1722,2.1894,16.2985,13.0567,"[[-0.026, 0.0], [-0.026, 0.0], [34.809, 8.29], [34.809, 1.436], [0.259, 0.0], [1.544, -0.065]]",ok,22.2413,0.0,0.0,0.0,0.0,0.0,0.0,0.0,0.0,0.0,806011e8a7114eca971fd0f6b95bcd4b,scene-0102,42
0.3057,1.4144,5.5329,0.2447,0.7575,1.9182,0.0,0.0,0.0,0.0,0.0,0.0,0.0,0.0,0.0,ok,right,0.4086,1.5196,4.0314,0.2961,0.6591,1.7969,True,"[0.8486, 1.436, 1.0444, 0.3916]","[-162.3682, -1601.1586, -32658.7573, -153575.3339]","[1.3544, -1001600.332, -1032657.9306, -1153574.5073]","[1.995, 1.607, 2.73, 9.895]","[[[1.9727, -0.1305], [4.5424, -0.0653], [6.5411, -0.718], [8.2543, -1.3055], [9.1109, -1.0444], [10.5386, -1.6971]], [[1.9727, -0.1305], [4.5424, -0.0653], [6.5411, -0.718], [8.2543, -1.3055], [8.5399, -0.7833], [13.3939, -2.8721]], [[1.9727, -0.1305], [4.5424, -0.0653], [6.5411, -0.718], [8.2543, -1.3055], [9.682, -11.88], [12.5373, -2.0888]], [[1.9727, -0.1305], [4.5424, -0.0653], [6.5411, -0.718], [8.2543, -1.3055], [12.5373, 0.9138], [69.6432, -0.7833]]]",3.3947,0.0,0.0,0.0,0.0,0.0,0.0,False,"[2, 2, 2]",0.0,0.0,0.0,1.607,4.0,0.4086,1.5196,2.5804,0.2961,0.6591,1.607,"[[1.973, -0.131], [4.542, -0.065], [6.541, -0.718], [8.254, -1.305], [8.825, -0.914], [11.966, -2.285]]",ok,9.8951,0.0,0.0,0.0,0.0,0.0,0.0,0.0,0.0,0.0,62fb6b14e6a2451f96ef753672d3a381,scene-0102,42
2.1765,5.1878,7.6691,1.5065,2.9607,4.3385,0.0,0.0,0.0,0.0,0.0,0.0,0.0,0.0,0.0,ok,straight,2.1765,7.0431,8.3807,1.4351,3.6028,4.671,False,"[-0.1305, -0.1305, -0.0, -0.1305]","[-693.7479, -6107.6428, -7892.8149, -27211.0212]","[-1000691.5379, -1006105.4327, -1007890.6048, -1027208.8111]","[4.767, 4.577, 3.911, 5.018]","[[[3.5431, 0.0], [6.5412, -0.0653], [8.8254, -0.0653], [10.9669, -0.0653], [16.2492, -0.1305], [19.9611, -0.2611]], [[3.5431, 0.0], [6.5412, -0.0653], [8.8254, -0.0653], [10.9669, -0.0653], [18.8189, -0.1305], [18.5334, 0.2611]], [[3.5431, 0.0], [6.5412, -0.0653], [8.8254, -0.0653], [10.9669, -0.0653], [20.2466, -0.2611], [21.1032, 0.0]], [[3.5431, 0.0], [6.5412, -0.0653], [8.8254, -0.0653], [10.9669, -0.0653], [21.1032, -6.1358], [18.2479, 0.2611]]]",0.4105,0.0,0.0,0.0,0.0,0.0,0.0,False,"[2, 2, 2]",0.0,0.0,0.0,3.9111,4.0,2.1765,7.0431,6.5249,1.4351,3.6028,3.9111,"[[3.543, 0.0], [6.541, -0.065], [8.825, -0.065], [10.967, -0.065], [17.534, -0.131], [19.247, 0.0]]",ok,5.0184,0.0,0.0,1.0,0.0,0.0,1.0,0.0,0.0,0.3333333333333333,be3fb86ba1a846719241b051d3ec4385,scene-0102,42
3.4417,7.0896,10.5915,2.5272,4.3528,6.113,0.0,0.0,0.0,0.0,0.0,0.0,0.0,0.0,0.0,ok,straight,2.8705,7.5189,9.5922,1.9562,4.0676,5.8276,True,"[-0.1305, -0.1305, -0.3264, -0.0]","[-178.5654, -182.6172, -4319.6028, -166300.744]","[2.2006, 2.2005, -1004318.1388, -1166299.28]","[5.828, 5.828, 4.975, 7.172]","[[[3.9714, 0.0], [7.1122, -0.0653], [10.1103, -0.1958], [12.3945, -0.3916], [16.2492, -0.1305], [19.9611, -0.2611]], [[3.9714, 0.0], [7.1122, -0.0653], [10.1103, -0.1958], [12.3945, -0.3916], [15.3926, -0.1305], [20.8176, -0.2611]], [[3.9714, 0.0], [7.1122, -0.0653], [10.1103, -0.1958], [12.3945, -0.3916], [19.9611, 0.1305], [21.3887, -0.6527]], [[3.9714, 0.0], [7.1122, -0.0653], [10.1103, -0.1958], [12.3945, -0.3916], [36.2362, -0.3916], [14.536, 0.0]]]",0.7866,0.0,0.0,0.0,0.0,0.0,0.0,True,"[2, 2, 2]",0.0,0.0,0.0,4.9747,4.0,2.8705,7.5189,8.5972,1.9562,4.0676,4.9747,"[[3.971, 0.0], [7.112, -0.065], [10.11, -0.196], [12.395, -0.392], [15.821, -0.131], [20.389, -0.261]]",ok,7.1723,0.0,0.0,1.0,0.0,0.0,1.0,0.0,0.0,0.16666666666666666,6531528030c2484abde7201ff31c05c6,scene-0102,42
3.0875,6.3022,11.229,2.2599,3.8794,5.7966,0.0,0.0,0.0,0.0,0.0,0.0,0.0,0.0,0.0,ok,right,2.6625,8.717,9.5235,1.5493,4.5205,5.9829,False,"[0.3264, 0.2611, 0.5875, 0.3916]","[-363.7527, -1368.1259, -1686.3562, -274829.7275]","[-500461.981, -1501830.1562, -1502148.3865, -1775291.7579]","[5.79, 6.177, 4.457, 13.791]","[[[3.8286, 0.0], [5.8273, -0.0653], [6.3984, -0.0653], [8.1116, -0.3264], [12.5373, -0.6527], [17.3913, -0.6527]], [[3.8286, 0.0], [5.8273, -0.0653], [6.3984, -0.0653], [8.1116, -0.3264], [13.1083, -0.2611], [14.536, -0.5222]], [[3.8286, 0.0], [5.8273, -0.0653], [6.3984, -0.0653], [8.1116, -0.3264], [15.3926, -0.9138], [22.5308, -1.1749]], [[3.8286, 0.0], [5.8273, -0.0653], [6.3984, -0.0653], [8.1116, -0.3264], [11.3952, 16.5798], [69.6432, -0.7833]]]",3.6573,0.0,0.0,0.0,0.0,0.0,0.0,False,"[2, 2, 2]",0.0,0.0,0.0,4.4568,4.0,2.6625,8.717,2.9685,1.5493,4.5205,4.4568,"[[3.829, 0.0], [5.827, -0.065], [6.398, -0.065], [8.112, -0.326], [12.823, -0.457], [15.964, -0.587]]",ok,13.7912,0.0,0.0,0.0,0.0,0.0,0.0,0.0,0.0,0.0,3e8750f331d7499e9b5123e9eb70f2e2,scene-0103,42
1.4633,5.443,9.1987,0.94,2.6178,4.6506,0.0,0.0,0.0,0.0,0.0,0.0,0.0,0.0,0.0,ok,straight,1.8913,5.6201,9.1987,1.4391,2.983,4.8947,False,"[-0.0653, -0.1958, -0.0653, -0.1305]","[-1548.7029, -1559.8937, -1603.5609, -1808.5704]","[-1502233.2871, -1502244.4779, -1502288.1451, -1502493.1545]","[5.227, 4.563, 4.608, 4.846]","[[[4.2569, 0.0], [7.255, 0.0], [10.8241, -0.1305], [14.1077, 1.7624], [18.2479, 0.0], [21.3887, -0.1305]], [[4.2569, 0.0], [7.255, 0.0], [10.8241, -0.1305], [14.1077, 1.7624], [17.6768, 0.2611], [17.9623, -0.3916]], [[4.2569, 0.0], [7.255, 0.0], [10.8241, -0.1305], [14.1077, 1.7624], [17.1058, -0.1305], [18.8189, -0.1305]], [[4.2569, 0.0], [7.255, 0.0], [10.8241, -0.1305], [14.1077, 1.7624], [17.9623, -0.1305], [19.39, -0.2611]]]",0.2631,0.0,0.0,0.0,0.0,0.0,0.0,False,"[2, 2, 2]",0.0,0.0,0.0,4.5631,4.0,1.8913,5.6201,7.4891,1.4391,2.983,4.5631,"[[4.257, 0.0], [7.255, 0.0], [10.824, -0.131], [14.108, 1.762], [17.962, 0.131], [19.676, -0.261]]",ok,5.2272,0.0,0.0,0.0,0.0,0.0,0.0,0.0,0.0,0.0,796b1988dd254f74bf2fb19ba9c5b8c6,scene-0103,42
0.9958,1.6775,0.5196,0.9397,1.3969,1.3367,0.0,0.0,0.0,0.0,0.0,0.0,0.0,0.0,0.0,ok,straight,1.5666,2.2484,3.3744,1.011,1.6109,2.0741,False,"[-0.0653, -0.0653, -0.0, -0.1305]","[-47.2362, -90.6646, -955.5698, -5338.5158]","[3.0252, 3.0053, -1000953.2592, -1005336.2052]","[1.479, 2.669, 1.736, 3.002]","[[[2.1154, 0.0], [5.1135, 0.0], [7.826, -0.1305], [10.253, -0.1305], [12.5373, -0.1305], [13.6794, -0.1305]], [[2.1154, 0.0], [5.1135, 0.0], [7.826, -0.1305], [10.253, -0.1305], [13.9649, -0.1305], [19.39, -0.1305]], [[2.1154, 0.0], [5.1135, 0.0], [7.826, -0.1305], [10.253, -0.1305], [13.9649, 0.6527], [13.6794, 0.0]], [[2.1154, 0.0], [5.1135, 0.0], [7.826, -0.1305], [10.253, -0.1305], [11.6807, -0.1305], [23.6729, -0.2611]]]",0.6318,0.0,0.0,0.0,0.0,0.0,0.0,True,"[2, 2, 2]",0.0,0.0,0.0,1.4794,4.0,1.5666,2.2484,0.5196,1.011,1.6109,1.4794,"[[2.115, 0.0], [5.113, 0.0], [7.826, -0.131], [10.253, -0.131], [13.251, -0.131], [16.535, -0.131]]",ok,3.0022,0.0,0.0,0.0,0.0,0.0,0.0,0.0,0.0,0.0,456ec36cb4a44ca78f36fbd90c0c34fa,scene-0103,42
1.8153,1.7206,5.4442,1.1541,1.5587,2.5893,0.0,0.0,0.0,0.0,0.0,0.0,0.0,0.0,0.0,ok,straight,1.3849,4.0071,6.8721,0.9389,1.9872,3.1606,False,"[-0.0653, -0.1958, -0.1305, -0.1305]","[-470.6846, -733.1013, -4370.0783, -7353.1014]","[4.7514, -1000730.7381, -1004367.7151, -1007350.7382]","[2.875, 3.446, 1.686, 2.261]","[[[3.4003, 0.0], [7.255, -0.0653], [9.8247, -0.0653], [11.9662, 0.0], [16.2492, -0.1305], [18.8189, -0.1305]], [[3.4003, 0.0], [7.255, -0.0653], [9.8247, -0.0653], [11.9662, 0.0], [15.6781, -0.1305], [15.9636, -0.3916]], [[3.4003, 0.0], [7.255, -0.0653], [9.8247, -0.0653], [11.9662, 0.0], [19.9611, -0.1305], [22.2453, -0.2611]], [[3.4003, 0.0], [7.255, -0.0653], [9.8247, -0.0653], [11.9662, 0.0], [19.9611, -0.2611], [18.8189, -0.2611]]]",0.6591,0.0,0.0,0.0,0.0,0.0,0.0,True,"[2, 2, 2]",0.0,0.0,0.0,1.6861,4.0,1.3849,4.0071,2.0191,0.9389,1.9872,1.6861,"[[3.4, 0.0], [7.255, -0.065], [9.825, -0.065], [11.966, 0.0], [15.964, -0.131], [17.391, -0.261]]",ok,3.4465,0.0,0.0,0.0,0.0,0.0,0.0,0.0,0.0,0.0,9fcdc52b791045e99c623c5fc643331f,scene-0103,42
2.1193,2.1605,1.2867,1.7786,1.9924,1.8768,0.0,0.0,0.0,0.0,0.0,0.0,0.0,0.0,0.0,ok,straight,2.1193,1.5895,1.4268,1.6358,1.7785,1.7337,True,"[-0.0, -0.0653, -0.1958, -0.0]","[-86.8229, -167.1504, -197.0866, -1711.4636]","[4.2044, 3.2693, 1.5921, -1001708.7458]","[1.734, 1.734, 2.308, 2.401]","[[[1.4016, 0.0], [2.8293, 0.0], [3.6858, -0.0653], [3.9714, 0.0], [5.399, -0.1305], [6.8267, 0.0]], [[1.4016, 0.0], [2.8293, 0.0], [3.6858, -0.0653], [3.9714, 0.0], [5.6846, 0.0], [6.5412, -0.1305]], [[1.4016, 0.0], [2.8293, 0.0], [3.6858, -0.0653], [3.9714, 0.0], [5.6846, 0.1305], [9.9675, -0.3916]], [[1.4016, 0.0], [2.8293, 0.0], [3.6858, -0.0653], [3.9714, 0.0], [4.5424, -0.1305], [11.6807, 0.0]]]",0.3118,0.0,0.0,0.0,0.0,0.0,0.0,True,"[2, 2, 2]",0.0,0.0,0.0,1.7341,4.0,2.1193,1.5895,1.2867,1.6358,1.7785,1.7341,"[[1.402, 0.0], [2.829, 0.0], [3.686, -0.065], [3.971, 0.0], [5.542, -0.065], [6.684, -0.065]]",ok,2.4008,0.0,0.0,0.0,0.0,0.0,0.0,0.0,0.0,0.0,f1b7b463072e4630b2c1d5ba8b6cd50b,scene-0104,42
2.6776,4.9571,7.1548,2.1235,3.2802,4.3078,0.0,0.0,0.0,0.0,0.0,0.0,0.0,0.0,0.0,ok,straight,1.9641,4.1005,9.0118,1.5526,2.5665,4.2373,True,"[-0.0653, -0.0, -0.8486, -0.0]","[-7.8503, -167.9503, -1044.6242, -1333.1708]","[3.9856, 3.8829, -1001042.2136, -1001330.7602]","[3.832, 4.645, 3.86, 3.501]","[[[2.6865, 0.0], [5.2563, 0.0], [7.6833, -0.1305], [10.253, -0.1305], [12.5373, -0.1305], [14.8215, -0.1305]], [[2.6865, 0.0], [5.2563, 0.0], [7.6833, -0.1305], [10.253, -0.1305], [11.3952, -0.7833], [11.1096, 0.0]], [[2.6865, 0.0], [5.2563, 0.0], [7.6833, -0.1305], [10.253, -0.1305], [11.1096, -0.3916], [16.2492, -1.6971]], [[2.6865, 0.0], [5.2563, 0.0], [7.6833, -0.1305], [10.253, -0.1305], [14.8215, 0.0], [14.536, 0.0]]]",0.4204,0.0,0.0,1.0,0.0,0.0,1.0,True,"[2, 2, 2]",0.0,0.0,0.16666666666666666,3.5006,4.0,1.9641,4.1005,7.4444,1.5526,2.5665,3.5006,"[[2.686, 0.0], [5.256, 0.0], [7.683, -0.131], [10.253, -0.131], [11.966, -0.457], [12.966, -0.065]]",ok,4.6452,0.0,0.0,0.0,0.0,0.0,0.0,0.0,0.0,0.0,8c394cbb9706486aae5c0edc1d704178,scene-0104,42
1.1159,3.1002,5.1246,0.8365,1.5254,2.477,0.0,0.0,0.0,0.0,0.0,0.0,0.0,0.0,0.0,ok,straight,0.2584,1.8195,4.265,0.6214,1.2047,2.1676,True,"[-0.0653, -0.1958, -0.0, -0.0653]","[-1337.1407, -2193.2494, -71915.5615, -619310.8825]","[-1001882.5573, -2004076.7019, -2073799.014, -2621194.335]","[2.263, 2.075, 3.67, 11.622]","[[[3.2576, 0.0], [8.2543, -0.0653], [10.6813, -0.1305], [15.5353, -0.0653], [18.2479, -0.1305], [21.3887, -0.1305]], [[3.2576, 0.0], [8.2543, -0.0653], [10.6813, -0.1305], [15.5353, -0.0653], [17.6768, -0.6527], [23.1019, -0.3916]], [[3.2576, 0.0], [8.2543, -0.0653], [10.6813, -0.1305], [15.5353, -0.0653], [33.952, -0.2611], [21.3887, 0.0]], [[3.2576, 0.0], [8.2543, -0.0653], [10.6813, -0.1305], [15.5353, -0.0653], [69.6432, -0.5222], [43.66, -0.1305]]]",3.9253,0.0,0.0,0.0,0.0,0.0,0.0,True,"[2, 2, 2]",0.0,0.0,0.0,2.0752,4.0,0.2584,1.8195,3.4088,0.6214,1.2047,2.0752,"[[3.258, 0.0], [8.254, -0.065], [10.681, -0.131], [15.535, -0.065], [17.962, -0.392], [22.245, -0.261]]",ok,11.6221,0.0,0.0,1.0,0.0,0.0,1.0,0.0,0.0,0.16666666666666666,84fd8f6d5b2c406e9ddd1c3b72690917,scene-0104,42
3.8124,7.2458,11.9196,2.9879,4.7291,6.7837,0.0,0.0,0.0,0.0,0.0,0.0,0.0,0.0,0.0,ok,straight,3.6697,6.8178,11.2058,2.7024,4.4081,6.4512,True,"[-0.1305, -0.0, -0.1305, -0.0]","[-167.5952, -608.1858, -9349.9691, -149690.2135]","[2.322, -1000605.4907, -1009347.2741, -1149687.5184]","[6.665, 6.238, 6.522, 11.258]","[[[3.5431, 0.0], [6.3984, 0.0], [9.3964, 0.0], [12.68, -0.0653], [14.2505, -0.1305], [16.2492, -0.2611]], [[3.5431, 0.0], [6.3984, 0.0], [9.3964, 0.0], [12.68, -0.0653], [14.2505, 0.2611], [18.8189, 0.0]], [[3.5431, 0.0], [6.3984, 0.0], [9.3964, 0.0], [12.68, -0.0653], [10.8241, -0.1305], [20.5321, -0.2611]], [[3.5431, 0.0], [6.3984, 0.0], [9.3964, 0.0], [12.68, -0.0653], [15.107, -0.2611], [69.6432, 0.0]]]",2.0766,0.0,0.0,0.0,0.0,0.0,0.0,True,"[2, 2, 2]",0.0,0.0,0.0,6.2384,4.0,3.6697,6.8178,9.9224,2.7024,4.4081,6.2384,"[[3.543, 0.0], [6.398, 0.0], [9.396, 0.0], [12.68, -0.065], [14.25, 0.065], [17.534, -0.131]]",ok,11.2578,0.0,0.0,0.0,0.0,0.0,0.0,0.0,0.0,0.0,34875eefe5f943d38f5495664ff53bb0,scene-0104,42
9.3011,18.718,28.3119,6.984,11.6726,16.4231,0.0,0.0,0.0,0.0,0.0,0.0,0.0,0.0,0.0,ok,straight,9.1583,18.718,28.3119,6.9126,11.6369,14.3609,True,"[-0.0, -0.0]","[-6.9811, -1661443.3624]","[1.7071, -2661442.6553]","[16.399, 20.166]","[[[-0.026, 0.0], [0.1167, 0.0], [-0.026, 0.0], [-0.026, 0.0], [-0.026, 0.0], [-0.026, 0.0]], [[-0.026, 0.0], [0.1167, 0.0], [-0.026, 0.0], [-0.026, 0.0], [69.6432, -0.2611], [-0.026, 0.0]]]",1.8834,0.0,0.0,0.0,0.0,0.0,0.0,False,"[2, 1, 2]",0.0,0.0,0.0,16.3993,2.0,9.1583,18.718,28.3119,6.9126,11.6369,16.3993,"[[-0.026, 0.0], [0.117, 0.0], [-0.026, 0.0], [-0.026, 0.0], [34.809, -0.131], [-0.026, 0.0]]",ok,20.1661,0.0,0.0,0.0,0.0,0.0,0.0,0.0,0.0,0.0,8d56b71c09c04ece827107b3c103498f,scene-0105,42
1.8066,3.4932,5.3043,1.2076,1.9769,2.9548,0.0,0.0,0.0,0.0,0.0,0.0,0.0,0.0,0.0,ok,straight,1.6641,2.7876,4.2433,1.2078,2.1195,2.7287,True,"[-0.0653, -0.7833, -0.1958, -0.5222]","[-710.6377, -454.4816, -262716.6343, -726198.8878]","[-500996.3742, -500998.9308, -1763715.0038, -2227197.2573]","[3.05, 2.487, 6.225, 9.758]","[[[4.1141, 0.0], [8.1116, 0.0], [11.2524, 0.0], [16.3919, 0.1305], [19.1045, 0.1305], [22.5308, 0.1305]], [[4.1141, 0.0], [8.1116, 0.0], [11.2524, 0.0], [16.3919, 0.1305], [20.8176, 0.3916], [25.3861, -1.5666]], [[4.1141, 0.0], [8.1116, 0.0], [11.2524, 0.0], [16.3919, 0.1305], [48.7996, -0.6527], [24.244, 0.3916]], [[4.1141, 0.0], [8.1116, 0.0], [11.2524, 0.0], [16.3919, 0.1305], [69.6432, -0.3916], [31.6678, 1.0444]]]",2.9017,0.0,0.0,0.0,0.0,0.0,0.0,True,"[2, 2, 2]",0.0,0.0,0.0,2.487,4.0,1.6641,2.7876,3.6595,1.2078,2.1195,2.487,"[[4.114, 0.0], [8.112, 0.0], [11.252, 0.0], [16.392, 0.131], [19.961, 0.261], [23.958, -0.718]]",ok,9.758,0.0,0.0,0.0,0.0,0.0,0.0,0.0,0.0,0.0,d0cc76c904c542b39553f012e4791ef0,scene-0105,42
0.4579,0.5106,0.3563,0.2455,0.3504,0.401,0.0,0.0,0.0,0.0,0.0,0.0,0.0,0.0,0.0,ok,straight,0.6002,1.0834,1.7776,0.5837,0.7694,1.0598,False,"[-0.0, -0.2611, -0.1305, -0.0653]","[-530.6365, -4478.0723, -26916.6918, -139719.7321]","[4.2391, -1004475.7626, -1026914.3821, -1139717.4225]","[0.727, 1.397, 2.301, 9.385]","[[[2.5437, 0.0], [6.6839, 0.0], [9.8247, -0.0653], [12.8228, -0.0653], [14.2505, 0.0], [18.2479, 0.0]], [[2.5437, 0.0], [6.6839, 0.0], [9.8247, -0.0653], [12.8228, -0.0653], [12.5373, 0.1305], [20.5321, 0.5222]], [[2.5437, 0.0], [6.6839, 0.0], [9.8247, -0.0653], [12.8228, -0.0653], [23.9585, -2.0888], [16.2492, -0.2611]], [[2.5437, 0.0], [6.6839, 0.0], [9.8247, -0.0653], [12.8228, -0.0653], [15.9636, -0.5222], [69.6432, 0.1305]]]",3.4703,0.0,0.0,0.0,0.0,0.0,0.0,False,"[2, 2, 2]",0.0,0.0,0.0,0.7269,4.0,0.6002,1.0834,0.6356,0.5837,0.7694,0.7269,"[[2.544, 0.0], [6.684, 0.0], [9.825, -0.065], [12.823, -0.065], [13.394, 0.065], [19.39, 0.261]]",ok,9.3847,0.0,0.0,0.0,0.0,0.0,0.0,0.0,0.0,0.0,6a467240b14745cd8ab11701bd4f08d3,scene-0105,42
0.7863,3.3154,6.2239,0.4134,1.534,2.991,0.0,0.0,0.0,0.0,0.0,0.0,0.0,0.0,0.0,ok,straight,0.2183,2.8871,6.0778,0.2671,1.104,2.4421,True,"[-0.0, -0.0653, -0.0653, -0.0]","[-282.6644, -38.2858, -862.786, -1162.4519]","[2.8412, 1.3873, -1000861.6239, -1001161.2898]","[2.18, 2.704, 2.371, 1.754]","[[[2.5437, 0.0], [5.2563, 0.0], [6.9694, 0.0], [8.1116, 0.0], [10.8241, 0.0], [11.9662, 0.0]], [[2.5437, 0.0], [5.2563, 0.0], [6.9694, 0.0], [8.1116, 0.0], [9.1109, 0.0], [10.5386, -0.1305]], [[2.5437, 0.0], [5.2563, 0.0], [6.9694, 0.0], [8.1116, 0.0], [11.1096, 0.3916], [10.5386, 0.1305]], [[2.5437, 0.0], [5.2563, 0.0], [6.9694, 0.0], [8.1116, 0.0], [12.2517, -0.1305], [13.1083, 0.0]]]",0.3434,0.0,0.0,0.0,0.0,0.0,0.0,True,"[2, 2, 2]",0.0,0.0,0.0,1.7544,4.0,0.2183,2.8871,4.221,0.2671,1.104,1.7544,"[[2.544, 0.0], [5.256, 0.0], [6.969, 0.0], [8.112, 0.0], [9.968, 0.0], [11.252, -0.065]]",ok,2.7042,0.0,0.0,0.0,0.0,0.0,0.0,0.0,0.0,0.0,aa0a917a785d453cb7803ddd67c2fc9b,scene-0105,42
4.6303,8.8382,14.8131,3.4008,5.6378,8.0928,0.0,0.0,0.0,0.0,0.0,0.0,0.0,0.0,0.0,ok,straight,3.9167,8.1258,16.1045,2.7585,5.1736,8.2158,False,"[-0.0653, -0.0653, -0.0, -0.0]","[-242.6069, -1327.3403, -3142.3268, -3785.2743]","[2.5051, -1001325.1681, -1003140.1547, -1003783.1021]","[7.691, 8.741, 7.272, 8.213]","[[[1.6871, 0.0], [2.6865, 0.0], [2.972, 0.0653], [4.6852, 0.0], [5.1135, 0.0], [5.6846, -0.1305]], [[1.6871, 0.0], [2.6865, 0.0], [2.972, 0.0653], [4.6852, 0.0], [2.5437, -0.5222], [1.9727, -0.1305]], [[1.6871, 0.0], [2.6865, 0.0], [2.972, 0.0653], [4.6852, 0.0], [8.5399, -0.3916], [4.828, 0.0]], [[1.6871, 0.0], [2.6865, 0.0], [2.972, 0.0653], [4.6852, 0.0], [7.1122, -0.1305], [0.545, 0.0]]]",0.5518,0.0,0.0,0.0,0.0,0.0,0.0,True,"[2, 2, 2]",0.0,0.0,0.0,7.2723,4.0,3.9167,8.1258,15.0972,2.7585,5.1736,7.2723,"[[1.687, 0.0], [2.686, 0.0], [2.972, 0.065], [4.685, 0.0], [3.829, -0.261], [3.829, -0.131]]",ok,8.7412,0.0,0.0,0.0,0.0,0.0,0.0,0.0,0.0,0.0,04ebf63518914e0883bdffdb0b6c3f4c,scene-0106,42
0.6749,0.2929,1.9366,0.3801,0.299,0.5711,0.0,0.0,0.0,0.0,0.0,0.0,0.0,0.0,0.0,ok,straight,0.3762,0.6146,0.9038,0.2958,0.356,0.6496,False,"[-0.1305, -0.3916, -8.2899, -0.0653]","[-373.6958, -3724.2972, -16335.907, -163734.4059]","[2.9854, -1003722.577, -1016334.1868, -1163732.6857]","[0.766, 0.969, 3.515, 8.949]","[[[3.4003, -0.0653], [6.6839, 0.0], [9.5392, -0.1305], [12.9656, -0.2611], [14.2505, -0.2611], [16.8202, -0.2611]], [[3.4003, -0.0653], [6.6839, 0.0], [9.5392, -0.1305], [12.9656, -0.2611], [19.6755, 0.0], [18.8189, -0.7833]], [[3.4003, -0.0653], [6.6839, 0.0], [9.5392, -0.1305], [12.9656, -0.2611], [16.8202, 0.0], [13.1083, 16.5798]], [[3.4003, -0.0653], [6.6839, 0.0], [9.5392, -0.1305], [12.9656, -0.2611], [14.2505, 0.0], [69.6432, -0.1305]]]",3.2999,0.0,0.0,0.0,0.0,0.0,0.0,False,"[2, 2, 2]",0.0,0.0,0.0,0.7658,4.0,0.3762,0.6146,1.9366,0.2958,0.356,0.7658,"[[3.4, -0.065], [6.684, 0.0], [9.539, -0.131], [12.966, -0.261], [16.963, -0.131], [17.82, -0.522]]",ok,8.9486,0.0,0.0,0.0,0.0,0.0,0.0,0.0,0.0,0.0,66317c99b4524905bfb5cd70dac8932a,scene-0106,42
1.9747,4.3585,5.1557,1.4055,2.6437,3.6613,0.0,0.0,0.0,0.0,0.0,0.0,0.0,0.0,0.0,ok,straight,2.1174,3.7945,2.155,1.4054,2.5739,2.8996,True,"[-0.0653, -0.1305, -0.1958, -0.0653]","[-123.3794, -2307.9787, -5442.0864, -75928.2369]","[3.1531, -1002306.3851, -1005440.4928, -1075926.6433]","[3.52, 2.756, 4.656, 3.968]","[[[3.2576, 0.0], [5.8273, 0.0], [8.2543, -0.1305], [11.6807, -0.1958], [14.2505, -0.1305], [17.3913, -0.1305]], [[3.2576, 0.0], [5.8273, 0.0], [8.2543, -0.1305], [11.6807, -0.1958], [14.536, 0.1305], [24.5295, 0.2611]], [[3.2576, 0.0], [5.8273, 0.0], [8.2543, -0.1305], [11.6807, -0.1958], [9.682, 0.3916], [15.107, 0.3916]], [[3.2576, 0.0], [5.8273, 0.0], [8.2543, -0.1305], [11.6807, -0.1958], [31.6678, -0.3916], [21.9598, 0.1305]]]",0.6904,0.0,0.0,0.0,0.0,0.0,0.0,False,"[2, 2, 2]",0.0,0.0,0.0,2.7558,4.0,2.1174,3.7945,1.4403,1.4054,2.5739,2.7558,"[[3.258, 0.0], [5.827, 0.0], [8.254, -0.131], [11.681, -0.196], [14.393, 0.0], [20.96, 0.065]]",ok,4.6557,0.0,0.0,0.0,0.0,0.0,0.0,0.0,0.0,0.0,94d3fc9d266743588dca2efc73d9fbce,scene-0106,42
0.3286,0.905,1.49,0.2992,0.5008,0.8198,0.0,0.0,0.0,0.0,0.0,0.0,0.0,0.0,0.0,ok,straight,0.7003,0.7125,1.2872,0.5453,0.5317,0.8174,True,"[-0.6527, -1.1097, -8.2899, -0.4569]","[-117.313, -1277.7673, -11020.7466, -38463.824]","[3.8055, -1001275.3796, -1011018.3589, -1038461.4363]","[0.849, 1.076, 3.524, 2.376]","[[[2.1154, 0.0], [4.1141, -0.2611], [6.6839, -0.3264], [8.2543, -0.6527], [9.9675, -1.436], [11.6807, -1.3055]], [[2.1154, 0.0], [4.1141, -0.2611], [6.6839, -0.3264], [8.2543, -0.6527], [10.5386, -1.5666], [10.8241, 2.2193]], [[2.1154, 0.0], [4.1141, -0.2611], [6.6839, -0.3264], [8.2543, -0.6527], [8.2543, 0.9138], [14.2505, 16.5798]], [[2.1154, 0.0], [4.1141, -0.2611], [6.6839, -0.3264], [8.2543, -0.6527], [21.3887, -0.3916], [13.1083, -0.9138]]]",1.0765,0.0,0.0,0.0,0.0,0.0,0.0,True,"[2, 2, 2]",0.0,0.0,0.0,0.8491,4.0,0.7003,0.7125,1.49,0.5453,0.5317,0.8491,"[[2.115, 0.0], [4.114, -0.261], [6.684, -0.326], [8.254, -0.653], [10.253, -1.501], [11.252, 0.457]]",ok,3.5244,0.0,0.0,0.0,0.0,0.0,0.0,0.0,0.0,0.0,b988f7f03263462d94d39a722dc820ca,scene-0106,42
0.1842,0.22,2.471,0.3161,0.26,0.6981,0.0,0.0,0.0,0.0,0.0,0.0,0.0,0.0,0.0,ok,straight,1.4627,0.2837,2.3348,1.1694,0.708,0.9421,False,"[-0.2611, -0.2611, -0.8486, -7.5719]","[-70.7544, -156.0534, -1403.1872, -14200.1694]","[3.2136, 3.1992, -1001401.2672, -1014198.2495]","[0.997, 0.908, 1.057, 3.458]","[[[3.2576, -0.0653], [5.8273, -0.1305], [7.6833, -0.1305], [10.253, -0.1958], [12.5373, -0.3916], [13.6794, -0.5222]], [[3.2576, -0.0653], [5.8273, -0.1305], [7.6833, -0.1305], [10.253, -0.1958], [13.1083, -0.3916], [13.9649, -0.5222]], [[3.2576, -0.0653], [5.8273, -0.1305], [7.6833, -0.1305], [10.253, -0.1958], [15.6781, -0.7833], [16.8202, -1.6971]], [[3.2576, -0.0653], [5.8273, -0.1305], [7.6833, -0.1305], [10.253, -0.1958], [9.3964, 0.0], [13.3939, -15.1438]]]",1.0712,0.0,0.0,0.0,0.0,0.0,0.0,True,"[2, 2, 2]",0.0,0.0,0.0,0.9085,4.0,1.4627,0.2837,2.1994,1.1694,0.708,0.9085,"[[3.258, -0.065], [5.827, -0.131], [7.683, -0.131], [10.253, -0.196], [12.823, -0.392], [13.822, -0.522]]",ok,3.4581,0.0,0.0,0.0,0.0,0.0,0.0,0.0,0.0,0.0,ad8905836f364a87a7233eb0aef915ea,scene-0107,42
3.1507,7.1882,12.1058,2.3356,4.2795,6.4808,0.0,0.0,0.0,0.0,0.0,0.0,0.0,0.0,0.0,ok,right,3.0015,7.7211,10.0215,2.184,4.3998,6.483,False,"[-2.2846, -2.7415, 5.94, 2.3499]","[-79.8109, -4991.7917, -14468.3627, -30245.4517]","[2.1719, -1004989.8254, -1014466.3965, -1030243.4854]","[6.761, 6.366, 6.43, 7.705]","[[[2.401, 0.0], [4.6852, -0.0653], [6.2556, 0.5222], [8.5399, 1.6971], [10.5386, 3.0026], [12.8228, 4.5692]], [[2.401, 0.0], [4.6852, -0.0653], [6.2556, 0.5222], [8.5399, 1.6971], [10.253, 5.8747], [19.9611, 5.4831]], [[2.401, 0.0], [4.6852, -0.0653], [6.2556, 0.5222], [8.5399, 1.6971], [13.3939, -5.4831], [32.5244, -11.88]], [[2.401, 0.0], [4.6852, -0.0653], [6.2556, 0.5222], [8.5399, 1.6971], [1.4016, 0.2611], [13.6794, -4.6998]]]",0.5351,0.0,0.0,0.0,0.0,0.0,0.0,False,"[2, 2, 2]",0.0,0.0,0.0,6.366,4.0,3.0015,7.7211,8.3813,2.184,4.3998,6.366,"[[2.401, 0.0], [4.685, -0.065], [6.256, 0.522], [8.54, 1.697], [10.396, 4.439], [16.392, 5.026]]",ok,7.7051,0.0,0.0,0.0,0.0,0.0,0.0,0.0,0.0,0.0,84c24cd1d7914f72bb2fa17a6c5c41e5,scene-0107,42
1.0141,1.1436,0.5939,0.7411,0.9269,1.0668,0.0,0.0,0.0,0.0,0.0,0.0,0.0,0.0,0.0,ok,straight,0.0479,0.4638,1.6918,0.1164,0.3392,0.5912,True,"[-0.7833, -0.1305, -0.1305, -1.5013]","[-365.5095, -492.0573, -1435.1512, -824805.1332]","[-500598.699, -1501091.0753, -1502034.1692, -2325404.1511]","[0.54, 0.698, 1.008, 8.739]","[[[3.9714, 0.0], [8.3971, -0.1305], [13.5366, -0.2611], [16.6775, -0.0653], [21.1032, -0.2611], [26.5282, -1.5666]], [[3.9714, 0.0], [8.3971, -0.1305], [13.5366, -0.2611], [16.6775, -0.0653], [20.5321, 0.0], [27.3848, -0.2611]], [[3.9714, 0.0], [8.3971, -0.1305], [13.5366, -0.2611], [16.6775, -0.0653], [23.3874, -0.1305], [27.9559, -0.2611]], [[3.9714, 0.0], [8.3971, -0.1305], [13.5366, -0.2611], [16.6775, -0.0653], [69.6432, -0.5222], [24.8151, -3.0026]]]",3.464,0.0,0.0,0.0,0.0,0.0,0.0,True,"[2, 2, 2]",0.0,0.0,0.0,0.5403,4.0,0.0479,0.4638,1.6938,0.1164,0.3392,0.5403,"[[3.971, 0.0], [8.397, -0.131], [13.537, -0.261], [16.677, -0.065], [20.818, -0.131], [26.957, -0.914]]",ok,8.7389,0.0,0.0,0.0,0.0,0.0,0.0,0.0,0.0,0.0,2d4012e701194ca6a79709cfbfb6bb93,scene-0107,42
0.1629,0.5453,1.1661,0.1109,0.2351,0.4797,0.0,0.0,0.0,0.0,0.0,0.0,0.0,0.0,0.0,ok,straight,0.5802,2.465,1.4113,0.3859,0.9601,1.3904,False,"[-0.0653, -0.0653, -0.0653, -0.718]","[-2584.5282, -3151.9601, -30567.7183, -53147.7683]","[-1503108.4282, -1503675.8601, -1531091.6184, -1553671.6683]","[0.963, 2.461, 3.226, 2.981]","[[[3.8286, 0.0], [7.826, -0.0653], [11.5379, -0.1958], [17.2485, -0.2611], [17.9623, -0.1305], [21.6742, -0.1305]], [[3.8286, 0.0], [7.826, -0.0653], [11.5379, -0.1958], [17.2485, -0.2611], [25.6716, -0.1305], [26.8138, 0.1305]], [[3.8286, 0.0], [7.826, -0.0653], [11.5379, -0.1958], [17.2485, -0.2611], [31.6678, 0.6527], [25.3861, -0.1305]], [[3.8286, 0.0], [7.826, -0.0653], [11.5379, -0.1958], [17.2485, -0.2611], [7.3977, -0.1305], [20.5321, -1.436]]]",0.8786,0.0,0.0,0.0,0.0,0.0,0.0,True,"[2, 2, 2]",0.0,0.0,0.0,0.963,4.0,0.5802,2.465,1.1661,0.3859,0.9601,0.963,"[[3.829, 0.0], [7.826, -0.065], [11.538, -0.196], [17.249, -0.261], [21.817, -0.131], [24.244, 0.0]]",ok,3.2259,0.0,0.0,0.0,0.0,0.0,0.0,0.0,0.0,0.0,5d6dc0be4bc645b396e714c7ba65e48a,scene-0107,42
0.3427,1.3457,3.677,0.2339,0.6152,1.4116,0.0,0.0,0.0,0.0,0.0,0.0,0.0,0.0,0.0,ok,straight,1.2282,0.3678,1.9594,0.748,0.4831,0.7125,True,"[-0.0, -0.1305, -0.1958, -0.0]","[-1168.5515, -2394.0272, -3064.7746, -12549.9025]","[4.4461, -1002391.3439, -1003062.0913, -1012547.2193]","[1.324, 0.879, 2.144, 1.785]","[[[0.4023, 0.0], [1.5444, 0.0], [0.6878, 0.0], [1.6871, 0.0], [-0.026, 0.0], [-0.026, 0.0]], [[0.4023, 0.0], [1.5444, 0.0], [0.6878, 0.0], [1.6871, 0.0], [5.399, 0.1305], [3.4003, 0.2611]], [[0.4023, 0.0], [1.5444, 0.0], [0.6878, 0.0], [1.6871, 0.0], [7.6833, -0.6527], [9.1109, -0.3916]], [[0.4023, 0.0], [1.5444, 0.0], [0.6878, 0.0], [1.6871, 0.0], [7.9688, -0.1305], [0.545, 0.0]]]",0.4762,0.0,0.0,0.0,0.0,0.0,0.0,True,"[2, 2, 2]",0.0,0.0,0.0,0.8794,4.0,1.2282,0.3678,0.2492,0.748,0.4831,0.8794,"[[0.402, 0.0], [1.544, 0.0], [0.688, 0.0], [1.687, 0.0], [2.686, 0.065], [1.687, 0.131]]",ok,2.1436,0.0,0.0,0.0,0.0,0.0,0.0,0.0,0.0,0.0,339ead96177c4e338fde8235c188cfaa,scene-0108,42
2.9195,6.548,9.4126,2.1089,3.8944,5.4955,0.0,0.0,0.0,0.0,0.0,0.0,0.0,0.0,0.0,ok,straight,3.0622,6.7108,9.127,2.1802,3.9351,5.475,True,"[-0.0653, -0.0653, -0.9791, -0.1305]","[-148.2276, -158.6099, -528.0317, -4232.9444]","[3.125, 3.119, 0.544, -1004231.1023]","[5.427, 5.523, 5.459, 6.571]","[[[1.9727, 0.0], [4.1141, -0.1305], [5.8273, 0.0], [7.826, -0.5875], [9.1109, -0.1305], [9.9675, -0.1305]], [[1.9727, 0.0], [4.1141, -0.1305], [5.8273, 0.0], [7.826, -0.5875], [9.1109, -0.1305], [10.5386, -0.1305]], [[1.9727, 0.0], [4.1141, -0.1305], [5.8273, 0.0], [7.826, -0.5875], [8.5399, -0.1305], [10.5386, -1.9582]], [[1.9727, 0.0], [4.1141, -0.1305], [5.8273, 0.0], [7.826, -0.5875], [13.6794, 0.3916], [12.2517, -0.2611]]]",0.4782,0.0,0.0,0.0,0.0,0.0,0.0,True,"[2, 2, 2]",0.0,0.0,0.0,5.4274,4.0,3.0622,6.7108,8.8415,2.1802,3.9351,5.4274,"[[1.973, 0.0], [4.114, -0.131], [5.827, 0.0], [7.826, -0.587], [9.111, -0.131], [10.253, -0.131]]",ok,6.5711,0.0,0.0,0.0,0.0,0.0,0.0,0.0,0.0,0.0,3c61eda50f694585bac0614e4660eca1,scene-0108,42
1.1444,2.3369,1.8143,0.8068,1.3582,1.573,0.0,0.0,0.0,0.0,0.0,0.0,0.0,0.0,0.0,ok,right,1.3209,2.4059,3.7404,1.1808,1.432,2.0464,False,"[1.8277, -2.1541, 1.1749, -0.1305]","[-391.7687, -5713.4906, -6326.4862, -10521.0693]","[4.3414, -1005711.7187, -1006324.7142, -1010519.2974]","[1.587, 2.819, 3.527, 2.732]","[[[1.6871, -0.0653], [2.972, -0.4569], [3.9714, -0.9138], [5.8273, -2.9374], [7.3977, -3.1332], [9.1109, -3.6554]], [[1.6871, -0.0653], [2.972, -0.4569], [3.9714, -0.9138], [5.8273, -2.9374], [7.9688, -4.8303], [9.3964, 4.3081]], [[1.6871, -0.0653], [2.972, -0.4569], [3.9714, -0.9138], [5.8273, -2.9374], [13.9649, -2.7415], [14.8215, -2.3499]], [[1.6871, -0.0653], [2.972, -0.4569], [3.9714, -0.9138], [5.8273, -2.9374], [10.253, -5.8747], [3.9714, 0.2611]]]",0.6952,0.0,0.0,0.0,0.0,0.0,0.0,False,"[2, 2, 2]",0.0,0.0,0.0,1.587,4.0,1.3209,2.4059,1.8143,1.1808,1.432,1.587,"[[1.687, -0.065], [2.972, -0.457], [3.971, -0.914], [5.827, -2.937], [7.683, -3.982], [9.254, 0.326]]",ok,3.5272,0.0,0.0,1.0,0.0,0.0,1.0,0.0,0.0,0.16666666666666666,ccd733959138440885578f1afeaaa4a7,scene-0108,42
0.7917,0.0527,0.5352,0.4763,0.4866,0.4424,0.0,0.0,0.0,0.0,0.0,0.0,0.0,0.0,0.0,ok,straight,1.4992,3.1677,0.6143,1.0438,1.5511,1.2314,False,"[-0.0653, -0.1305, -0.3916, -0.1958]","[-3112.7198, -3344.0884, -9970.729, -115887.655]","[-1504833.536, -1505064.9046, -1511691.5452, -1617608.4711]","[1.543, 1.2, 2.678, 9.501]","[[[4.1141, 0.0], [8.1116, -0.0653], [11.1096, -0.1958], [17.3913, -0.2611], [19.1045, 0.0], [24.244, -0.1305]], [[4.1141, 0.0], [8.1116, -0.0653], [11.1096, -0.1958], [17.3913, -0.2611], [18.2479, -0.2611], [21.3887, -0.2611]], [[4.1141, 0.0], [8.1116, -0.0653], [11.1096, -0.1958], [17.3913, -0.2611], [25.3861, 0.0], [19.6755, -0.7833]], [[4.1141, 0.0], [8.1116, -0.0653], [11.1096, -0.1958], [17.3913, -0.2611], [21.1032, -1.6971], [69.6432, -0.3916]]]",3.3764,0.0,0.0,0.0,0.0,0.0,0.0,False,"[2, 2, 2]",0.0,0.0,0.0,1.1996,4.0,1.4992,3.1677,0.8205,1.0438,1.5511,1.1996,"[[4.114, 0.0], [8.112, -0.065], [11.11, -0.196], [17.391, -0.261], [18.676, -0.131], [22.816, -0.196]]",ok,9.501,0.0,0.0,0.0,0.0,0.0,0.0,0.0,0.0,0.0,0141260a339d4b37addb55818bbae718,scene-0108,42
1.2078,1.0661,2.1598,0.8186,0.9902,1.4303,0.0,0.0,0.0,0.0,0.0,0.0,0.0,0.0,0.0,ok,straight,0.08,2.6214,1.3021,0.3253,1.168,1.5032,False,"[-0.1305, -0.0, -0.3264, -0.1305]","[-373.199, -994.2926, -8968.6766, -92357.3422]","[1.365, -1000993.7222, -1008968.1062, -1092356.7718]","[1.549, 1.529, 1.553, 3.905]","[[[3.5431, 0.0], [8.1116, -0.1305], [10.3958, -0.1305], [12.68, -0.0653], [16.2492, -0.2611], [19.9611, -0.2611]], [[3.5431, 0.0], [8.1116, -0.1305], [10.3958, -0.1305], [12.68, -0.0653], [15.107, 0.0], [21.9598, 0.0]], [[3.5431, 0.0], [8.1116, -0.1305], [10.3958, -0.1305], [12.68, -0.0653], [21.3887, 0.2611], [20.2466, -0.6527]], [[3.5431, 0.0], [8.1116, -0.1305], [10.3958, -0.1305], [12.68, -0.0653], [17.1058, 16.5798], [23.3874, -0.2611]]]",1.0224,0.0,0.0,0.0,0.0,0.0,0.0,True,"[2, 2, 2]",0.0,0.0,0.0,1.5288,4.0,0.08,2.6214,0.8705,0.3253,1.168,1.5288,"[[3.543, 0.0], [8.112, -0.131], [10.396, -0.131], [12.68, -0.065], [15.678, -0.131], [20.96, -0.131]]",ok,3.9046,0.0,0.0,0.0,0.0,0.0,0.0,0.0,0.0,0.0,4d0d06979c984a72bfb9e6c5e3a35f84,scene-0109,42
1.0945,2.623,3.0089,0.962,1.7399,2.2326,0.0,0.0,0.0,0.0,0.0,0.0,0.0,0.0,0.0,ok,right,2.3737,2.7718,2.9958,1.4873,2.1561,2.3858,False,"[0.9138, 0.8486, -3.1985, 0.5222]","[-365.261, -269.1828, -3854.8157, -48024.2069]","[1.6762, 1.643, -1003854.4351, -1048023.8263]","[2.262, 2.514, 3.832, 4.854]","[[[2.8293, -0.3264], [6.6839, -0.1958], [8.9682, -0.0653], [11.2524, -0.718], [12.8228, -1.6971], [16.2492, -1.8277]], [[2.8293, -0.3264], [6.6839, -0.1958], [8.9682, -0.0653], [11.2524, -0.718], [14.2505, -1.0444], [16.2492, -1.6971]], [[2.8293, -0.3264], [6.6839, -0.1958], [8.9682, -0.0653], [11.2524, -0.718], [15.6781, -1.1749], [17.1058, 6.3969]], [[2.8293, -0.3264], [6.6839, -0.1958], [8.9682, -0.0653], [11.2524, -0.718], [26.5282, -1.5666], [17.9623, -1.0444]]]",1.0459,0.0,0.0,0.0,0.0,0.0,0.0,True,"[2, 2, 2]",0.0,0.0,0.0,2.2623,4.0,2.3737,2.7718,2.984,1.4873,2.1561,2.2623,"[[2.829, -0.326], [6.684, -0.196], [8.968, -0.065], [11.252, -0.718], [13.537, -1.371], [16.249, -1.762]]",ok,4.854,0.0,0.0,0.0,0.0,0.0,0.0,0.0,0.0,0.0,fe6cb26795a641bb96d5fada8f535b1c,scene-0109,42
0.843,2.2486,3.9049,0.5302,1.1823,1.9531,0.0,0.0,0.0,0.0,0.0,0.0,0.0,0.0,0.0,ok,left,0.8093,2.7685,4.9595,0.5463,1.3813,2.4148,False,"[-0.0653, -2.1541, 0.1305, 2.2846]","[-141.1587, -1285.9965, -15611.1676, -37292.3966]","[2.2325, -1001284.5882, -1015609.7594, -1037290.9884]","[2.086, 2.944, 2.469, 2.905]","[[[2.8293, -0.1305], [5.399, -0.0653], [8.2543, 0.0], [10.3958, 0.0], [13.6794, -0.1305], [16.2492, -0.1305]], [[2.8293, -0.1305], [5.399, -0.0653], [8.2543, 0.0], [10.3958, 0.0], [14.8215, -3.2637], [19.1045, -4.3081]], [[2.8293, -0.1305], [5.399, -0.0653], [8.2543, 0.0], [10.3958, 0.0], [19.39, 0.5222], [13.9649, 0.2611]], [[2.8293, -0.1305], [5.399, -0.0653], [8.2543, 0.0], [10.3958, 0.0], [23.3874, -0.9138], [15.6781, 4.5692]]]",0.351,0.0,0.0,0.0,0.0,0.0,0.0,True,"[2, 2, 2]",0.0,0.0,0.0,2.0858,4.0,0.8093,2.7685,3.9049,0.5463,1.3813,2.0858,"[[2.829, -0.131], [5.399, -0.065], [8.254, 0.0], [10.396, 0.0], [14.25, -1.697], [17.677, -2.219]]",ok,2.9441,0.0,0.0,0.0,0.0,0.0,0.0,0.0,0.0,0.0,c42868f6a88b4f0db5e64d3b206977df,scene-0109,42
1.0272,1.478,0.7611,0.6203,1.1922,1.3525,0.0,0.0,0.0,0.0,0.0,0.0,0.0,0.0,0.0,ok,straight,0.4562,1.7583,0.2161,0.3348,1.0131,0.8844,True,"[-0.6527, -0.6527, -0.5222, -0.7833]","[-202.7257, -1394.9903, -8346.2742, -886248.3264]","[0.555, -1001395.0208, -1008346.3047, -1886248.3569]","[1.131, 1.08, 1.987, 9.412]","[[[3.6858, -0.1305], [6.8267, -0.2611], [11.5379, -0.718], [15.3926, -0.9138], [19.1045, -1.0444], [22.2453, -1.3055]], [[3.6858, -0.1305], [6.8267, -0.2611], [11.5379, -0.718], [15.3926, -0.9138], [17.1058, -2.8721], [20.5321, -1.3055]], [[3.6858, -0.1305], [6.8267, -0.2611], [11.5379, -0.718], [15.3926, -0.9138], [15.6781, -1.5666], [27.3848, -1.0444]], [[3.6858, -0.1305], [6.8267, -0.2611], [11.5379, -0.718], [15.3926, -0.9138], [69.6432, -1.0444], [21.3887, -1.5666]]]",3.4882,0.0,0.0,0.0,0.0,0.0,0.0,True,"[2, 2, 2]",0.0,0.0,0.0,1.0798,4.0,0.4562,1.7583,0.7517,0.3348,1.0131,1.0798,"[[3.686, -0.131], [6.827, -0.261], [11.538, -0.718], [15.393, -0.914], [18.105, -1.958], [21.389, -1.305]]",ok,9.4119,0.0,0.0,0.0,0.0,0.0,0.0,0.0,0.0,0.0,d5fc40696a104448993f0ac24c29032d,scene-0109,42
0.6148,0.8291,1.4705,0.5746,0.6314,0.8495,0.0,0.0,0.0,0.0,0.0,0.0,0.0,0.0,0.0,ok,straight,1.6116,0.7523,0.4641,1.0731,0.8388,0.8908,False,"[-0.1305, -0.0653, -0.5222, -0.2611]","[-992.2765, -3476.0337, -11056.8575, -714391.3409]","[-501230.034, -1504707.3114, -1512288.1352, -2215622.6186]","[0.988, 1.224, 1.905, 8.667]","[[[4.5424, 0.0], [8.3971, -0.0653], [15.2498, -0.1305], [20.3893, -0.1305], [23.3874, -0.1305], [27.9559, -0.2611]], [[4.5424, 0.0], [8.3971, -0.0653], [15.2498, -0.1305], [20.3893, -0.1305], [22.5308, -0.1305], [31.3822, -0.1305]], [[4.5424, 0.0], [8.3971, -0.0653], [15.2498, -0.1305], [20.3893, -0.1305], [18.5334, -0.7833], [27.6704, -1.0444]], [[4.5424, 0.0], [8.3971, -0.0653], [15.2498, -0.1305], [20.3893, -0.1305], [69.6432, -0.2611], [25.9572, -0.5222]]]",3.1766,0.0,0.0,0.0,0.0,0.0,0.0,False,"[2, 2, 2]",0.0,0.0,0.0,0.9878,4.0,1.6116,0.7523,1.4705,1.0731,0.8388,0.9878,"[[4.542, 0.0], [8.397, -0.065], [15.25, -0.131], [20.389, -0.131], [22.959, -0.131], [29.669, -0.196]]",ok,8.667,0.0,0.0,0.0,0.0,0.0,0.0,0.0,0.0,0.0,80c91574d0174206a74435200aba8ba8,scene-0110,42
1.7141,3.7618,4.9648,1.031,2.1723,3.1064,0.0,0.0,0.0,0.0,0.0,0.0,0.0,0.0,0.0,ok,straight,1.0004,5.0458,4.5708,0.6742,2.1722,3.4208,False,"[-0.1305, -0.2611, -0.1305, -0.5222]","[-635.7036, -4932.0048, -818270.3476, -909479.0932]","[-500423.5809, -1505357.4044, -2318695.7472, -2409904.4927]","[3.106, 3.743, 9.264, 10.49]","[[[4.2569, 0.0], [9.2537, -0.0653], [13.1083, -0.1305], [15.5353, -0.3264], [20.8176, -0.1305], [25.9572, -0.2611]], [[4.2569, 0.0], [9.2537, -0.0653], [13.1083, -0.1305], [15.5353, -0.3264], [16.2492, -0.2611], [26.8138, 0.5222]], [[4.2569, 0.0], [9.2537, -0.0653], [13.1083, -0.1305], [15.5353, -0.3264], [69.6432, -0.1305], [27.9559, 0.2611]], [[4.2569, 0.0], [9.2537, -0.0653], [13.1083, -0.1305], [15.5353, -0.3264], [69.6432, 0.3916], [20.5321, -1.0444]]]",3.2631,0.0,0.0,0.0,0.0,0.0,0.0,False,"[2, 2, 2]",0.0,0.0,0.0,3.1063,4.0,1.0004,5.0458,4.9648,0.6742,2.1722,3.1063,"[[4.257, 0.0], [9.254, -0.065], [13.108, -0.131], [15.535, -0.326], [18.533, -0.196], [26.385, 0.131]]",ok,10.4905,0.0,0.0,0.0,0.0,0.0,0.0,0.0,0.0,0.0,d968a5eaaae446f6848302351550dd71,scene-0110,42
1.7712,3.7439,4.6572,1.343,2.3404,3.0527,0.0,0.0,0.0,0.0,0.0,0.0,0.0,0.0,0.0,ok,straight,0.21,1.8244,4.8113,0.491,0.7948,1.7114,True,"[-0.3916, -0.1305, -0.0653, -0.1958]","[-1659.2907, -8165.515, -9324.4689, -282007.4613]","[-1502418.0645, -1508924.2889, -1510083.2427, -1782766.2351]","[1.695, 1.887, 2.022, 14.457]","[[[4.3997, 0.0], [10.1103, 0.0], [15.107, 0.0], [22.3881, -0.0653], [25.9572, 0.0], [24.5295, 0.7833]], [[4.3997, 0.0], [10.1103, 0.0], [15.107, 0.0], [22.3881, -0.0653], [24.8151, -4.6998], [27.0993, -0.2611]], [[4.3997, 0.0], [10.1103, 0.0], [15.107, 0.0], [22.3881, -0.0653], [20.8176, -0.1305], [25.9572, -0.1305]], [[4.3997, 0.0], [10.1103, 0.0], [15.107, 0.0], [22.3881, -0.0653], [69.6432, -0.2611], [69.6432, 0.3916]]]",5.4523,0.0,0.0,0.0,0.0,0.0,0.0,False,"[2, 2, 2]",0.0,0.0,0.0,1.6952,4.0,0.21,1.8244,6.1446,0.491,0.7948,1.6952,"[[4.4, 0.0], [10.11, 0.0], [15.107, 0.0], [22.388, -0.065], [25.386, -2.35], [25.814, 0.261]]",ok,14.4567,0.0,0.0,0.0,0.0,0.0,0.0,0.0,0.0,0.0,befb06465a7f4b0793dcaa467854a6dc,scene-0110,42
1.5138,4.3388,6.3674,0.9778,2.1104,3.1061,0.0,0.0,0.0,0.0,0.0,0.0,0.0,0.0,0.0,ok,straight,2.0834,3.4762,5.6886,1.1254,2.041,2.9952,True,"[-0.1305, -1.436, -0.0, -0.2611]","[-549.2336, -865.6444, -61217.2739, -816348.662]","[2.5971, -1000864.2519, -1061215.8813, -1816347.2695]","[3.058, 2.989, 8.536, 9.399]","[[[4.5424, 0.0], [7.3977, 0.0], [12.2517, -0.0653], [15.9636, -0.2611], [19.9611, -0.1305], [22.2453, -0.2611]], [[4.5424, 0.0], [7.3977, 0.0], [12.2517, -0.0653], [15.9636, -0.2611], [19.39, 0.0], [23.6729, -2.8721]], [[4.5424, 0.0], [7.3977, 0.0], [12.2517, -0.0653], [15.9636, -0.2611], [25.6716, 0.0], [69.6432, 0.0]], [[4.5424, 0.0], [7.3977, 0.0], [12.2517, -0.0653], [15.9636, -0.2611], [69.6432, -0.2611], [26.2427, -0.5222]]]",2.9878,0.0,0.0,0.0,0.0,0.0,0.0,True,"[2, 2, 2]",0.0,0.0,0.0,2.9892,4.0,2.0834,3.4762,5.3612,1.1254,2.041,2.9892,"[[4.542, 0.0], [7.398, 0.0], [12.252, -0.065], [15.964, -0.261], [19.676, -0.065], [22.959, -1.567]]",ok,9.3992,0.0,0.0,0.0,0.0,0.0,0.0,0.0,0.0,0.0,355be35606a1455e83b171ce89822e54,scene-0110,42
1.2111,2.1373,3.9938,0.9854,1.4436,2.052,0.0,0.0,0.0,0.0,0.0,0.0,0.0,0.0,0.0,ok,straight,0.9257,2.1373,3.2063,0.8426,1.4078,1.8937,True,"[-0.0, -0.1958, -0.0, -0.0653]","[-74.5939, -93.2412, -1099.9152, -60956.7539]","[3.4491, 0.9989, -1001097.8732, -1060954.7119]","[2.028, 1.771, 1.661, 3.429]","[[[1.1161, 0.0], [2.5437, 0.0], [3.2576, 0.0], [4.5424, 0.0], [5.6846, 0.0], [5.6846, 0.0]], [[1.1161, 0.0], [2.5437, 0.0], [3.2576, 0.0], [4.5424, 0.0], [5.6846, 0.2611], [7.3977, -0.3916]], [[1.1161, 0.0], [2.5437, 0.0], [3.2576, 0.0], [4.5424, 0.0], [5.1135, -0.2611], [10.5386, 0.0]], [[1.1161, 0.0], [2.5437, 0.0], [3.2576, 0.0], [4.5424, 0.0], [19.1045, 0.9138], [5.6846, -0.1305]]]",0.7095,0.0,0.0,0.0,0.0,0.0,0.0,True,"[2, 2, 2]",0.0,0.0,0.0,1.6609,4.0,0.9257,2.1373,1.1791,0.8426,1.4078,1.6609,"[[1.116, 0.0], [2.544, 0.0], [3.258, 0.0], [4.542, 0.0], [5.685, 0.131], [6.541, -0.196]]",ok,3.4293,0.0,0.0,0.0,0.0,0.0,0.0,0.0,0.0,0.0,79070dca796f4ffb868d84f1b067f9c2,scene-0221,42
0.3811,0.8948,0.8667,0.2972,0.5918,0.8314,0.0,0.0,0.0,0.0,0.0,0.0,0.0,0.0,0.0,ok,straight,0.2389,1.1802,5.8288,0.1551,0.5921,1.5872,False,"[-0.0, -2.4152, -8.2899, -0.1958]","[-27.1691, -4226.7443, -16817.6824, -36317.2394]","[4.8832, -1004223.6895, -1016814.6276, -1036314.1846]","[0.974, 2.229, 3.888, 2.843]","[[[0.4023, 0.0], [0.9733, 0.0], [1.6871, 0.0], [1.9727, 0.0], [2.5437, 0.0], [2.5437, 0.0]], [[0.4023, 0.0], [0.9733, 0.0], [1.6871, 0.0], [1.9727, 0.0], [1.6871, 0.0], [9.682, -4.8303]], [[0.4023, 0.0], [0.9733, 0.0], [1.6871, 0.0], [1.9727, 0.0], [2.2582, 0.1305], [11.1096, 16.5798]], [[0.4023, 0.0], [0.9733, 0.0], [1.6871, 0.0], [1.9727, 0.0], [12.8228, 2.8721], [3.1148, 0.3916]]]",1.0541,0.0,0.0,0.0,0.0,0.0,0.0,False,"[2, 2, 2]",0.0,0.0,0.0,0.9743,4.0,0.2389,1.1802,1.7231,0.1551,0.5921,0.9743,"[[0.402, 0.0], [0.973, 0.0], [1.687, 0.0], [1.973, 0.0], [2.115, 0.0], [6.113, -2.415]]",ok,3.8883,0.0,0.0,1.0,0.0,0.0,1.0,0.0,0.0,0.16666666666666666,eda82ccd4f3747eab66d9c402317dbc9,scene-0221,42
1.5267,2.6911,3.3634,1.1094,1.8138,2.3513,0.0,0.0,0.0,0.0,0.0,0.0,0.0,0.0,0.0,ok,left,1.8281,1.7049,11.7871,1.2601,1.5155,3.2575,False,"[1.2402, -8.2899, 8.2899, 1.3708]","[-445.9007, -30063.3006, -33820.1652, -70951.2326]","[2.7405, -1030061.9929, -1033818.8575, -1070949.9249]","[2.273, 4.656, 5.409, 3.891]","[[[1.1161, 0.1305], [1.9727, 0.1305], [4.1141, 1.1097], [6.1129, 1.3055], [5.9701, 1.6971], [6.8267, 2.4804]], [[1.1161, 0.1305], [1.9727, 0.1305], [4.1141, 1.1097], [6.1129, 1.3055], [9.1109, 3.7859], [6.8267, -16.5798]], [[1.1161, 0.1305], [1.9727, 0.1305], [4.1141, 1.1097], [6.1129, 1.3055], [7.1122, 16.5798], [8.5399, 16.5798]], [[1.1161, 0.1305], [1.9727, 0.1305], [4.1141, 1.1097], [6.1129, 1.3055], [6.8267, 16.5798], [7.3977, 2.7415]]]",1.1616,0.0,0.0,0.0,0.0,0.0,0.0,False,"[2, 2, 2]",0.0,0.0,0.0,2.2731,4.0,1.8281,1.7049,4.0874,1.2601,1.5155,2.2731,"[[1.116, 0.131], [1.973, 0.131], [4.114, 1.11], [6.113, 1.305], [7.541, 2.742], [6.827, -7.05]]",ok,5.4094,0.0,1.0,0.0,0.0,1.0,1.0,0.0,0.25,0.3333333333333333,4fa6e380731d4819bc404bcf38240a90,scene-0221,42
0.6831,0.2228,1.4417,0.5502,0.4587,0.7922,0.0,0.0,0.0,0.0,0.0,0.0,0.0,0.0,0.0,ok,straight,0.1749,0.5845,3.5608,0.3072,0.4019,1.2715,False,"[-0.0653, -0.0, -0.1305, -0.1305]","[-447.3951, -1175.1161, -1176.2566, -6260.0118]","[3.145, -1001173.054, -1001174.1945, -1006257.9497]","[0.754, 1.793, 0.763, 1.473]","[[[0.8306, 0.0], [2.2582, 0.0], [4.3997, -0.1305], [6.5412, -0.0653], [6.5412, -0.1305], [8.5399, -0.1305]], [[0.8306, 0.0], [2.2582, 0.0], [4.3997, -0.1305], [6.5412, -0.0653], [4.5424, 0.0], [4.2569, 0.0]], [[0.8306, 0.0], [2.2582, 0.0], [4.3997, -0.1305], [6.5412, -0.0653], [10.5386, 0.0], [9.9675, -0.2611]], [[0.8306, 0.0], [2.2582, 0.0], [4.3997, -0.1305], [6.5412, -0.0653], [5.399, -0.2611], [14.536, -0.2611]]]",0.4516,0.0,0.0,0.0,0.0,0.0,0.0,False,"[2, 2, 2]",0.0,0.0,0.0,0.7544,4.0,0.1749,0.5845,1.4417,0.3072,0.4019,0.7544,"[[0.831, 0.0], [2.258, 0.0], [4.4, -0.131], [6.541, -0.065], [5.542, -0.065], [6.398, -0.065]]",ok,1.7932,0.0,0.0,0.0,0.0,0.0,0.0,0.0,0.0,0.0,a5e43b1d5df14313b0ad5e9a7310c355,scene-0221,42
3.0657,6.9851,9.8948,2.3684,4.2459,5.9263,0.0,0.0,0.0,0.0,0.0,0.0,0.0,0.0,0.0,ok,left,3.3533,9.5606,10.087,2.6549,5.5684,7.1528,False,"[1.2402, 8.2899, 8.2899, 8.2899]","[-1207.2122, -31222.1532, -33993.5708, -40748.905]","[-1504511.9278, -1534526.8688, -1537298.2864, -1544053.6206]","[6.808, 8.781, 8.145, 7.564]","[[[2.8293, 0.1305], [6.2556, 0.5222], [6.9694, 0.5875], [9.682, 1.5013], [15.3926, 1.6971], [19.9611, 2.4804]], [[2.8293, 0.1305], [6.2556, 0.5222], [6.9694, 0.5875], [9.682, 1.5013], [15.107, 16.5798], [21.1032, 16.5798]], [[2.8293, 0.1305], [6.2556, 0.5222], [6.9694, 0.5875], [9.682, 1.5013], [18.8189, 16.5798], [25.6716, 16.5798]], [[2.8293, 0.1305], [6.2556, 0.5222], [6.9694, 0.5875], [9.682, 1.5013], [21.1032, 1.1749], [13.6794, 16.5798]]]",0.7277,0.0,0.0,0.0,0.0,0.0,0.0,False,"[2, 2, 2]",0.0,0.0,0.0,6.8079,4.0,3.3533,9.5606,9.8948,2.6549,5.5684,6.8079,"[[2.829, 0.131], [6.256, 0.522], [6.969, 0.587], [9.682, 1.501], [15.25, 9.138], [20.532, 9.53]]",ok,8.781,0.0,0.0,0.0,0.0,0.0,0.0,0.0,0.0,0.0,30e55a3ec6184d8cb1944b39ba19d622,scene-0268,42
1.6946,2.6942,3.4579,1.2772,2.0213,2.3549,0.0,0.0,0.0,0.0,0.0,0.0,0.0,0.0,0.0,ok,straight,1.269,1.4403,2.0521,1.278,1.529,1.842,True,"[-0.0653, -1.1097, -0.0653, -0.1958]","[-1093.4097, -945.4163, -1102.7322, -195554.3475]","[3.062, 0.672, -1001100.9197, -1195552.535]","[1.937, 1.845, 2.169, 10.012]","[[[2.6865, 0.0], [6.9694, 0.0], [9.8247, -0.0653], [14.1077, 0.0653], [15.6781, 0.1305], [19.39, -0.1305]], [[2.6865, 0.0], [6.9694, 0.0], [9.8247, -0.0653], [14.1077, 0.0653], [16.2492, -0.1305], [20.2466, -2.2193]], [[2.6865, 0.0], [6.9694, 0.0], [9.8247, -0.0653], [14.1077, 0.0653], [15.3926, -0.1305], [18.2479, -0.1305]], [[2.6865, 0.0], [6.9694, 0.0], [9.8247, -0.0653], [14.1077, 0.0653], [12.8228, 0.0], [69.6432, -0.3916]]]",3.4787,0.0,0.0,0.0,0.0,0.0,0.0,True,"[2, 2, 2]",0.0,0.0,0.0,1.8445,4.0,1.269,1.4403,2.3647,1.278,1.529,1.8445,"[[2.686, 0.0], [6.969, 0.0], [9.825, -0.065], [14.108, 0.065], [15.964, 0.0], [19.818, -1.175]]",ok,10.0125,0.0,0.0,0.0,0.0,0.0,0.0,0.0,0.0,0.0,f7d75d25c86941f3aecfed9efea1a3e3,scene-0268,42
0.2514,0.661,2.5055,0.1342,0.3301,0.9211,0.0,0.0,0.0,0.0,0.0,0.0,0.0,0.0,0.0,ok,straight,0.1823,0.9456,1.2179,0.0996,0.3155,0.4654,True,"[-0.0653, -0.0653, -0.1305, -0.0]","[-167.8978, -392.3256, -2027.9024, -8618.1112]","[2.8155, 2.7501, -1002025.8538, -1008616.0626]","[0.769, 0.299, 0.775, 1.742]","[[[2.2582, 0.0], [4.1141, 0.0], [6.2556, 0.0], [8.8254, 0.0], [10.253, -0.1305], [13.1083, -0.1305]], [[2.2582, 0.0], [4.1141, 0.0], [6.2556, 0.0], [8.8254, 0.0], [9.1109, -0.2611], [10.5386, 0.1305]], [[2.2582, 0.0], [4.1141, 0.0], [6.2556, 0.0], [8.8254, 0.0], [8.2543, 0.0], [12.8228, -0.2611]], [[2.2582, 0.0], [4.1141, 0.0], [6.2556, 0.0], [8.8254, 0.0], [13.6794, 0.1305], [5.6846, 0.0]]]",0.5252,0.0,0.0,0.0,0.0,0.0,0.0,True,"[2, 2, 2]",0.0,0.0,0.0,0.2991,4.0,0.1823,0.9456,0.1592,0.0996,0.3155,0.2991,"[[2.258, 0.0], [4.114, 0.0], [6.256, 0.0], [8.825, 0.0], [9.682, -0.196], [11.823, 0.0]]",ok,1.7424,0.0,0.0,0.0,0.0,0.0,0.0,0.0,0.0,0.0,f38aedc5545643d5be815165c6574186,scene-0268,42
0.5176,1.2116,2.3586,0.4107,0.7138,1.1547,0.0,0.0,0.0,0.0,0.0,0.0,0.0,0.0,0.0,ok,straight,0.5176,0.9262,2.0713,0.3211,0.5976,0.8154,True,"[-0.0, -0.0653, -0.0, -0.1305]","[-53.5208, -463.7719, -14695.296, -174380.8002]","[2.9709, -1000462.3492, -1014693.8733, -1174379.3775]","[1.077, 1.624, 1.65, 12.378]","[[[0.4023, 0.0], [-0.026, 0.0], [-0.026, 0.0], [0.2595, 0.0], [-0.026, 0.0], [-0.026, 0.0]], [[0.4023, 0.0], [-0.026, 0.0], [-0.026, 0.0], [0.2595, 0.0], [2.5437, 0.0], [8.8254, 0.1305]], [[0.4023, 0.0], [-0.026, 0.0], [-0.026, 0.0], [0.2595, 0.0], [7.3977, -0.3916], [0.545, 0.0]], [[0.4023, 0.0], [-0.026, 0.0], [-0.026, 0.0], [0.2595, 0.0], [6.2556, 0.0], [69.6432, -0.2611]]]",4.7375,0.0,0.0,0.0,0.0,0.0,0.0,True,"[2, 2, 2]",0.0,0.0,0.0,1.0772,4.0,0.5176,0.9262,2.3586,0.3211,0.5976,1.0772,"[[0.402, 0.0], [-0.026, 0.0], [-0.026, 0.0], [0.259, 0.0], [1.259, 0.0], [4.4, 0.065]]",ok,12.3783,0.0,1.0,1.0,0.0,1.0,1.0,0.0,0.25,0.5,8d4ef2af6b394e5e8ccfd6e2e90156dc,scene-0268,42
0.6913,1.979,4.6654,0.3836,1.0276,2.0705,0.0,0.0,0.0,0.0,0.0,0.0,0.0,0.0,0.0,ok,left,0.8231,2.2971,5.4326,0.5899,1.3815,2.288,False,"[2.3499, 8.2899, -2.2846, -8.2899]","[-291.0186, -11632.4161, -89405.5077, -101383.9]","[-500988.917, -1512622.8339, -1590395.9254, -1602374.3178]","[2.349, 3.023, 4.79, 6.206]","[[[2.1154, 0.1305], [3.5431, 0.718], [4.5424, 2.4804], [6.2556, 2.7415], [7.3977, 3.0026], [8.2543, 4.6998]], [[2.1154, 0.1305], [3.5431, 0.718], [4.5424, 2.4804], [6.2556, 2.7415], [9.9675, 2.611], [9.1109, 16.5798]], [[2.1154, 0.1305], [3.5431, 0.718], [4.5424, 2.4804], [6.2556, 2.7415], [9.9675, 16.5798], [12.8228, -4.5692]], [[2.1154, 0.1305], [3.5431, 0.718], [4.5424, 2.4804], [6.2556, 2.7415], [10.253, 12.9244], [9.9675, -16.5798]]]",1.5116,0.0,0.0,0.0,0.0,0.0,0.0,False,"[2, 2, 2]",0.0,0.0,0.0,2.3486,4.0,0.8231,2.2971,4.9184,0.5899,1.3815,2.3486,"[[2.115, 0.131], [3.543, 0.718], [4.542, 2.48], [6.256, 2.742], [8.683, 2.807], [8.683, 10.64]]",ok,6.2063,0.0,0.0,0.0,0.0,0.0,0.0,0.0,0.0,0.0,adce54dcf6404d37bd170ffc4c2a7836,scene-0269,42
0.9408,0.9851,3.3868,0.7154,0.9856,1.5799,0.0,0.0,0.0,0.0,0.0,0.0,0.0,0.0,0.0,ok,straight,0.9482,0.8388,3.8015,0.7191,0.8492,1.3195,True,"[-0.7833, -1.0444, -0.4569, -8.2899]","[-408.5157, -407.6805, -515.2882, -18790.602]","[3.6162, 3.5363, -1000512.8233, -1018788.1371]","[1.269, 1.397, 1.054, 4.207]","[[[3.6858, -0.1305], [7.3977, -0.3264], [11.5379, -0.6527], [16.3919, -1.436], [20.2466, -0.7833], [21.6742, -1.5666]], [[3.6858, -0.1305], [7.3977, -0.3264], [11.5379, -0.6527], [16.3919, -1.436], [19.1045, -1.1749], [21.9598, -2.0888]], [[3.6858, -0.1305], [7.3977, -0.3264], [11.5379, -0.6527], [16.3919, -1.436], [20.8176, -2.8721], [24.8151, -0.9138]], [[3.6858, -0.1305], [7.3977, -0.3264], [11.5379, -0.6527], [16.3919, -1.436], [19.9611, -1.0444], [14.2505, 16.5798]]]",1.2906,0.0,0.0,0.0,0.0,0.0,0.0,True,"[2, 2, 2]",0.0,0.0,0.0,1.0536,4.0,0.9482,0.8388,1.0317,0.7191,0.8492,1.0536,"[[3.686, -0.131], [7.398, -0.326], [11.538, -0.653], [16.392, -1.436], [19.676, -0.979], [21.817, -1.828]]",ok,4.207,0.0,0.0,0.0,0.0,0.0,0.0,0.0,0.0,0.0,1220f9a205ae44418fcce91722e1e601,scene-0269,42
1.2879,1.9825,6.8346,1.1077,1.4266,3.0025,0.0,0.0,0.0,0.0,0.0,0.0,0.0,0.0,0.0,ok,straight,1.1505,2.2738,5.8203,0.9677,1.7483,2.6476,True,"[-0.5875, -1.2402, -0.5222, -0.3264]","[-1435.8096, -4691.9705, -14693.3115, -870777.495]","[-1502727.9311, -1505984.092, -1515985.433, -2372069.6165]","[2.84, 2.481, 3.281, 10.392]","[[[3.8286, 0.0], [8.1116, -0.0653], [11.2524, -0.3916], [16.5347, -0.4569], [19.1045, -0.7833], [24.8151, -1.1749]], [[3.8286, 0.0], [8.1116, -0.0653], [11.2524, -0.3916], [16.5347, -0.4569], [23.9585, -0.7833], [22.2453, -2.4804]], [[3.8286, 0.0], [8.1116, -0.0653], [11.2524, -0.3916], [16.5347, -0.4569], [18.5334, -1.6971], [35.9507, -1.0444]], [[3.8286, 0.0], [8.1116, -0.0653], [11.2524, -0.3916], [16.5347, -0.4569], [69.6432, -0.7833], [19.1045, -0.6527]]]",3.2708,0.0,0.0,0.0,0.0,0.0,0.0,False,"[2, 2, 2]",0.0,0.0,0.0,2.4805,4.0,1.1505,2.2738,7.1499,0.9677,1.7483,2.4805,"[[3.829, 0.0], [8.112, -0.065], [11.252, -0.392], [16.535, -0.457], [21.531, -0.783], [23.53, -1.828]]",ok,10.3925,0.0,0.0,0.0,0.0,0.0,0.0,0.0,0.0,0.0,802619f6fb5940608483cb29fc1beab6,scene-0269,42
0.4207,0.5868,0.5772,0.2899,0.4555,0.4595,0.0,0.0,0.0,0.0,0.0,0.0,0.0,0.0,0.0,ok,straight,0.1612,0.2941,2.4281,0.2178,0.2101,0.7562,False,"[-0.9791, -1.8277, -0.718, -0.5875]","[-230.9755, -428.0226, -453.1787, -661698.3716]","[3.5214, 1.7628, -1000450.3365, -1661695.5294]","[0.65, 0.941, 0.663, 9.0]","[[[4.1141, -0.0653], [9.3964, -0.1305], [14.1077, -0.1305], [18.5334, -0.4569], [23.3874, -1.9582], [29.098, -1.9582]], [[4.1141, -0.0653], [9.3964, -0.1305], [14.1077, -0.1305], [18.5334, -0.4569], [24.8151, -1.9582], [29.3835, -3.6554]], [[4.1141, -0.0653], [9.3964, -0.1305], [14.1077, -0.1305], [18.5334, -0.4569], [22.2453, -1.0444], [29.098, -1.436]], [[4.1141, -0.0653], [9.3964, -0.1305], [14.1077, -0.1305], [18.5334, -0.4569], [69.6432, 0.0], [34.5231, -1.1749]]]",3.5739,0.0,0.0,0.0,0.0,0.0,0.0,True,"[2, 2, 2]",0.0,0.0,0.0,0.6501,4.0,0.1612,0.2941,1.8581,0.2178,0.2101,0.6501,"[[4.114, -0.065], [9.396, -0.131], [14.108, -0.131], [18.533, -0.457], [24.101, -1.958], [29.241, -2.807]]",ok,9.0003,0.0,0.0,0.0,0.0,0.0,0.0,0.0,0.0,0.0,5abd3d15e63c44a8a8189a6e70a496ef,scene-0269,42
0.9317,2.9207,3.4587,0.5796,1.4077,2.1521,0.0,0.0,0.0,0.0,0.0,0.0,0.0,0.0,0.0,ok,straight,0.3773,3.4909,5.3162,0.3738,1.5536,2.7732,False,"[-0.0653, -0.1305, -8.2899, -0.1305]","[-213.0173, -521.933, -14413.0754, -21947.3906]","[2.5845, 2.5329, -1014412.0551, -1021946.3703]","[2.249, 3.3, 4.677, 3.219]","[[[3.8286, 0.0], [6.8267, -0.0653], [11.5379, -0.1305], [15.9636, -0.1305], [19.1045, -0.1305], [21.3887, -0.1305]], [[3.8286, 0.0], [6.8267, -0.0653], [11.5379, -0.1305], [15.9636, -0.1305], [21.6742, 0.3916], [25.1006, 0.2611]], [[3.8286, 0.0], [6.8267, -0.0653], [11.5379, -0.1305], [15.9636, -0.1305], [19.1045, 0.0], [24.8151, 16.5798]], [[3.8286, 0.0], [6.8267, -0.0653], [11.5379, -0.1305], [15.9636, -0.1305], [13.6794, -0.3916], [29.3835, -0.2611]]]",0.8648,0.0,0.0,0.0,0.0,0.0,0.0,True,"[2, 2, 2]",0.0,0.0,0.0,2.2494,4.0,0.3773,3.4909,3.4587,0.3738,1.5536,2.2494,"[[3.829, 0.0], [6.827, -0.065], [11.538, -0.131], [15.964, -0.131], [20.389, 0.131], [23.245, 0.065]]",ok,4.6771,0.0,0.0,0.0,0.0,0.0,0.0,0.0,0.0,0.0,51f37263b06c417e94138f2d9348f909,scene-0270,42
1.2381,2.5748,3.5796,0.8836,1.5495,2.2069,0.0,0.0,0.0,0.0,0.0,0.0,0.0,0.0,0.0,ok,straight,0.5254,2.2898,6.7265,0.3134,1.1212,2.5409,False,"[-0.0, -0.1958, -0.3916, -0.3916]","[-60.8031, -226.4749, -122.2193, -15274.3333]","[5.3497, 4.1184, 2.9282, -1015271.08]","[1.921, 3.16, 3.017, 3.022]","[[[1.8299, 0.0], [3.8286, 0.0], [6.2556, -0.0653], [8.2543, 0.0], [10.5386, 0.0], [11.6807, 0.0]], [[1.8299, 0.0], [3.8286, 0.0], [6.2556, -0.0653], [8.2543, 0.0], [11.6807, 0.0], [17.9623, 0.3916]], [[1.8299, 0.0], [3.8286, 0.0], [6.2556, -0.0653], [8.2543, 0.0], [11.6807, -0.1305], [17.1058, -0.7833]], [[1.8299, 0.0], [3.8286, 0.0], [6.2556, -0.0653], [8.2543, 0.0], [17.1058, 0.0], [11.6807, -0.7833]]]",0.4992,0.0,0.0,0.0,0.0,0.0,0.0,True,"[2, 2, 2]",0.0,0.0,0.0,1.9213,4.0,0.5254,2.2898,3.5796,0.3134,1.1212,1.9213,"[[1.83, 0.0], [3.829, 0.0], [6.256, -0.065], [8.254, 0.0], [11.11, 0.0], [14.822, 0.196]]",ok,3.1605,0.0,0.0,0.0,0.0,0.0,0.0,0.0,0.0,0.0,7b175346a22b4e68b54a9d21f88446dc,scene-0270,42
0.1637,0.1585,0.1591,0.165,0.1617,0.1608,0.0,0.0,0.0,0.0,0.0,0.0,0.0,0.0,0.0,ok,straight,0.0239,0.8425,0.6999,0.0951,0.3261,0.6413,False,"[-0.0, -0.0, -0.0]","[-327.5996, -2384.8111, -15075.3788]","[2.4345, -1002383.2356, -1015073.8033]","[0.408, 0.927, 1.524]","[[[-0.026, 0.0], [0.1167, 0.0], [0.4023, 0.0], [0.9733, 0.0], [-0.026, 0.0], [1.1161, 0.0]], [[-0.026, 0.0], [0.1167, 0.0], [0.4023, 0.0], [0.9733, 0.0], [3.9714, 0.1305], [0.545, 0.0]], [[-0.026, 0.0], [0.1167, 0.0], [0.4023, 0.0], [0.9733, 0.0], [7.6833, -1.436], [-0.026, 0.0]]]",0.4561,0.0,0.0,0.0,0.0,0.0,0.0,True,"[2, 2, 2]",0.0,0.0,0.0,0.4081,3.0,0.0239,0.8425,0.9853,0.0951,0.3261,0.4081,"[[-0.026, 0.0], [0.117, 0.0], [0.402, 0.0], [0.973, 0.0], [1.973, 0.065], [0.831, 0.0]]",ok,1.5244,0.0,0.0,0.0,0.0,0.0,0.0,0.0,0.0,0.0,849bde6d489544178c838baa28142bd4,scene-0270,42
0.3452,0.1155,0.698,0.3426,0.2456,0.3407,0.0,0.0,0.0,0.0,0.0,0.0,0.0,0.0,0.0,ok,straight,0.3452,0.5424,0.698,0.2712,0.3332,0.4228,False,"[-0.0, -0.0, -0.0653, -0.3264]","[-15.4283, -34.734, -30.6807, -957.8877]","[3.0668, 3.0189, 2.5439, -1000956.1544]","[0.447, 0.399, 0.362, 0.85]","[[[0.1167, 0.0], [0.2595, 0.0], [0.6878, 0.0], [0.6878, 0.0], [0.8306, 0.0], [1.1161, 0.0]], [[0.1167, 0.0], [0.2595, 0.0], [0.6878, 0.0], [0.6878, 0.0], [1.1161, 0.0], [1.1161, 0.0]], [[0.1167, 0.0], [0.2595, 0.0], [0.6878, 0.0], [0.6878, 0.0], [0.8306, 0.0], [1.9727, -0.1305]], [[0.1167, 0.0], [0.2595, 0.0], [0.6878, 0.0], [0.6878, 0.0], [-0.026, 0.0], [3.9714, 0.6527]]]",0.1961,0.0,0.0,0.0,0.0,0.0,0.0,True,"[2, 2, 2]",0.0,0.0,0.0,0.3619,4.0,0.3452,0.5424,0.1898,0.2712,0.3332,0.3619,"[[0.117, 0.0], [0.259, 0.0], [0.688, 0.0], [0.688, 0.0], [0.973, 0.0], [1.116, 0.0]]",ok,0.8501,0.0,0.0,0.0,0.0,0.0,0.0,0.0,0.0,0.0,9de41b523cce4fb3aa4f6230ec06345d,scene-0270,42
4.0168,6.2673,9.4793,3.2995,4.4675,5.909,0.0,1.0,0.0,0.0,1.0,1.0,0.0,0.5,0.5,ok,straight,6.1585,5.6962,10.6134,4.7273,5.217,6.6727,False,"[-0.0653, -0.5875, -0.0653, -0.1305]","[-805.711, -1165.3196, -9147.1819, -119640.8726]","[-501114.9485, -501117.3474, -1510263.4368, -1620757.1275]","[6.456, 6.897, 5.112, 15.925]","[[[3.5431, 0.0], [7.255, -0.0653], [8.1116, -0.0653], [9.3964, -0.1958], [13.1083, -0.1305], [15.3926, -0.1305]], [[3.5431, 0.0], [7.255, -0.0653], [8.1116, -0.0653], [9.3964, -0.1958], [13.3939, 0.7833], [17.6768, -1.1749]], [[3.5431, 0.0], [7.255, -0.0653], [8.1116, -0.0653], [9.3964, -0.1958], [13.6794, -0.2611], [5.399, 0.1305]], [[3.5431, 0.0], [7.255, -0.0653], [8.1116, -0.0653], [9.3964, -0.1958], [15.6781, 0.0], [69.6432, -0.2611]]]",4.2813,1.0,1.0,0.0,1.0,1.0,1.0,True,"[2, 2, 2]",0.5,0.75,0.6666666666666666,5.1124,4.0,6.1585,5.6962,0.8472,4.7273,5.217,5.1124,"[[3.543, 0.0], [7.255, -0.065], [8.112, -0.065], [9.396, -0.196], [13.251, 0.326], [16.535, -0.653]]",ok,15.9253,0.0,1.0,1.0,0.0,1.0,1.0,0.0,0.5,0.6666666666666666,c28c950afda14f7b93ff956799873dff,scene-0271,42
3.885,8.8132,11.2043,3.0266,5.2638,7.155,0.0,0.0,0.0,0.0,0.0,0.0,0.0,0.0,0.0,ok,straight,2.6133,8.5039,18.7582,2.3907,4.4727,7.635,False,"[-0.3264, -0.1958, -2.2846, -1.1749]","[-862.7456, -20679.6851, -22532.5774, -60554.5621]","[-500352.9889, -1521034.6475, -1522887.5398, -1560909.5245]","[6.486, 8.789, 8.215, 9.432]","[[[4.828, 0.0], [7.826, -0.0653], [12.3945, 0.3916], [18.8189, 0.2611], [22.5308, 0.1305], [26.5282, 0.6527]], [[4.828, 0.0], [7.826, -0.0653], [12.3945, 0.3916], [18.8189, 0.2611], [21.1032, -0.5222], [41.6613, 0.3916]], [[4.828, 0.0], [7.826, -0.0653], [12.3945, 0.3916], [18.8189, 0.2611], [31.3822, 1.3055], [26.5282, -4.5692]], [[4.828, 0.0], [7.826, -0.0653], [12.3945, 0.3916], [18.8189, 0.2611], [22.2453, -11.3578], [38.235, 2.3499]]]",1.0955,0.0,0.0,0.0,0.0,0.0,0.0,False,"[2, 2, 2]",0.0,0.0,0.0,6.4858,4.0,2.6133,8.5039,11.2043,2.3907,4.4727,6.4858,"[[4.828, 0.0], [7.826, -0.065], [12.395, 0.392], [18.819, 0.261], [21.817, -0.196], [34.095, 0.522]]",ok,9.4322,0.0,0.0,0.0,0.0,0.0,0.0,0.0,0.0,0.0,28b11a54a9554bcab30d73ee193046b5,scene-0271,42
3.1374,6.2199,9.8301,2.2626,3.793,5.6251,0.0,0.0,0.0,0.0,0.0,0.0,0.0,0.0,0.0,ok,straight,2.8546,7.363,11.9726,1.7643,4.0077,5.9822,False,"[-0.0653, -0.0, -0.1305, -8.2899]","[-122.1612, -2854.1292, -4647.9976, -15093.2437]","[3.3206, -1002852.3662, -1004646.2346, -1015091.4807]","[5.721, 6.245, 5.581, 7.733]","[[[2.401, 0.0], [6.2556, 0.0653], [9.8247, -0.0653], [13.1083, -0.0653], [15.107, -0.1305], [17.3913, -0.1305]], [[2.401, 0.0], [6.2556, 0.0653], [9.8247, -0.0653], [13.1083, -0.0653], [13.9649, -0.5222], [21.6742, 0.0]], [[2.401, 0.0], [6.2556, 0.0653], [9.8247, -0.0653], [13.1083, -0.0653], [12.2517, -0.1305], [19.39, 0.2611]], [[2.401, 0.0], [6.2556, 0.0653], [9.8247, -0.0653], [13.1083, -0.0653], [15.107, 0.0], [21.3887, 16.5798]]]",0.8526,0.0,0.0,0.0,0.0,0.0,0.0,False,"[2, 2, 2]",0.0,0.0,0.0,5.5805,4.0,2.8546,7.363,11.8437,1.7643,4.0077,5.5805,"[[2.401, 0.0], [6.256, 0.065], [9.825, -0.065], [13.108, -0.065], [14.536, -0.326], [19.533, -0.065]]",ok,7.7328,0.0,0.0,0.0,0.0,0.0,0.0,0.0,0.0,0.0,f09c85b7ca614a97b5a2293ad5b1182c,scene-0271,42
5.1137,9.6831,15.3934,3.9716,6.2564,8.731,0.0,0.0,0.0,0.0,0.0,0.0,0.0,0.0,0.0,ok,straight,5.2565,10.3979,16.8818,3.9716,6.4716,9.147,False,"[-0.1305, -1.5666, -0.6527, -0.6527]","[-266.6415, -1496.3507, -12158.3916, -84160.1998]","[3.6594, -1001494.5886, -1012156.6295, -1084158.4377]","[8.875, 9.443, 9.599, 10.175]","[[[2.6865, 0.0], [5.2563, 0.0], [7.5405, 0.2611], [10.3958, 0.1958], [11.9662, 0.2611], [15.3926, 0.2611]], [[2.6865, 0.0], [5.2563, 0.0], [7.5405, 0.2611], [10.3958, 0.1958], [12.2517, 0.3916], [18.2479, -3.1332]], [[2.6865, 0.0], [5.2563, 0.0], [7.5405, 0.2611], [10.3958, 0.1958], [18.5334, 0.2611], [13.1083, 1.3055]], [[2.6865, 0.0], [5.2563, 0.0], [7.5405, 0.2611], [10.3958, 0.1958], [13.1083, 16.5798], [13.9649, 1.3055]]]",0.4627,0.0,0.0,0.0,0.0,0.0,0.0,False,"[2, 2, 2]",0.0,0.0,0.0,8.8751,4.0,5.2565,10.3979,15.3951,3.9716,6.4716,8.8751,"[[2.686, 0.0], [5.256, 0.0], [7.541, 0.261], [10.396, 0.196], [12.109, 0.326], [16.82, -1.436]]",ok,10.1746,0.0,0.0,0.0,0.0,0.0,0.0,0.0,0.0,0.0,95da06d762ea41ed8050c8d7a9cefa8c,scene-0271,42
4.5443,9.9709,15.4064,3.6868,6.2572,8.8298,0.0,0.0,0.0,0.0,0.0,0.0,0.0,0.0,0.0,ok,straight,4.5466,12.5705,17.7004,3.4738,7.0532,10.1482,False,"[-0.5222, -0.3916, -8.2899, -0.3264]","[-391.1132, -1456.0487, -11963.0323, -1038765.7341]","[-500394.5145, -1501851.6953, -1512358.6789, -2539161.3807]","[11.03, 9.266, 11.139, 18.782]","[[[2.401, 0.0], [4.5424, 0.1958], [8.6826, 0.4569], [12.5373, 0.9138], [17.3913, 0.7833], [20.5321, 1.0444]], [[2.401, 0.0], [4.5424, 0.1958], [8.6826, 0.4569], [12.5373, 0.9138], [12.5373, 0.3916], [14.8215, 0.7833]], [[2.401, 0.0], [4.5424, 0.1958], [8.6826, 0.4569], [12.5373, 0.9138], [13.6794, 1.436], [18.5334, 16.5798]], [[2.401, 0.0], [4.5424, 0.1958], [8.6826, 0.4569], [12.5373, 0.9138], [69.6432, 0.3916], [14.8215, 0.6527]]]",3.6716,0.0,0.0,0.0,0.0,0.0,0.0,True,"[2, 2, 2]",0.0,0.0,0.0,9.2664,4.0,4.5466,12.5705,14.8422,3.4738,7.0532,9.2664,"[[2.401, 0.0], [4.542, 0.196], [8.683, 0.457], [12.537, 0.914], [14.964, 0.587], [17.677, 0.914]]",ok,18.7822,0.0,1.0,0.0,0.0,1.0,1.0,0.0,0.25,0.3333333333333333,e261f474caa34797b0759aa2ca8a576d,scene-0272,42
3.7085,6.8091,7.6239,3.0529,4.6891,5.8836,0.0,0.0,0.0,0.0,0.0,0.0,0.0,0.0,0.0,ok,straight,3.8512,7.5186,7.1972,3.4111,5.1169,5.5749,True,"[-0.0653, -0.0653, -1.3708, -0.0653]","[-514.9358, -2632.852, -17823.719, -29155.7438]","[4.3484, -1002630.1088, -1017820.9758, -1029153.0007]","[5.836, 5.314, 6.572, 5.037]","[[[4.2569, 0.1305], [6.6839, 0.0], [10.8241, 0.0], [14.3932, 0.1305], [16.2492, 0.1305], [19.39, 0.1305]], [[4.2569, 0.1305], [6.6839, 0.0], [10.8241, 0.0], [14.3932, 0.1305], [13.9649, 0.1305], [18.5334, 0.1305]], [[4.2569, 0.1305], [6.6839, 0.0], [10.8241, 0.0], [14.3932, 0.1305], [23.3874, -0.5222], [16.2492, 2.7415]], [[4.2569, 0.1305], [6.6839, 0.0], [10.8241, 0.0], [14.3932, 0.1305], [7.6833, -0.2611], [19.6755, -0.1305]]]",0.5848,0.0,0.0,0.0,0.0,0.0,0.0,False,"[2, 2, 2]",0.0,0.0,0.0,5.0367,4.0,3.8512,7.5186,7.9337,3.4111,5.1169,5.0367,"[[4.257, 0.131], [6.684, 0.0], [10.824, 0.0], [14.393, 0.131], [15.107, 0.131], [18.962, 0.131]]",ok,6.5723,0.0,0.0,0.0,0.0,0.0,0.0,0.0,0.0,0.0,6e49bfd9f21447858938b77180bcb6b8,scene-0272,42
0.6498,0.4024,0.4361,0.555,0.5186,0.5137,0.0,0.0,0.0,0.0,0.0,0.0,0.0,0.0,0.0,ok,straight,0.222,0.1721,0.2061,0.3411,0.3897,0.3584,True,"[-0.0, -0.1958, -1.436, -0.1305]","[-508.5631, -405.8587, -5060.7712, -9280.239]","[3.9761, 3.6658, -1005058.4558, -1009277.9237]","[0.449, 0.413, 1.254, 1.443]","[[[2.8293, 0.0], [4.9707, 0.0], [7.826, 0.0], [9.1109, 0.0], [12.5373, 0.0], [15.3926, 0.0]], [[2.8293, 0.0], [4.9707, 0.0], [7.826, 0.0], [9.1109, 0.0], [11.9662, -0.3916], [14.536, 0.3916]], [[2.8293, 0.0], [4.9707, 0.0], [7.826, 0.0], [9.1109, 0.0], [14.8215, 0.1305], [13.1083, 2.8721]], [[2.8293, 0.0], [4.9707, 0.0], [7.826, 0.0], [9.1109, 0.0], [15.9636, -0.1305], [11.9662, -0.2611]]]",0.4639,0.0,0.0,0.0,0.0,0.0,0.0,True,"[2, 2, 2]",0.0,0.0,0.0,0.413,4.0,0.222,0.1721,0.4608,0.3411,0.3897,0.413,"[[2.829, 0.0], [4.971, 0.0], [7.826, 0.0], [9.111, 0.0], [12.252, -0.196], [14.964, 0.196]]",ok,1.4433,0.0,0.0,0.0,0.0,0.0,0.0,0.0,0.0,0.0,670c160e6af24e7c8a8dc34aae1e3a1c,scene-0272,42
0.3771,2.7611,4.9065,0.284,1.1853,2.2171,0.0,0.0,0.0,0.0,0.0,0.0,0.0,0.0,0.0,ok,left,7.3935,11.1947,8.2135,3.7654,4.8628,5.5297,False,"[8.2899, 2.2846, -5.6789, 3.5248]","[-47646.1238, -80692.4502, -180109.674, -330283.5067]","[-2601911.2264, -2634957.5528, -2734374.7765, -2884548.6092]","[7.805, 4.669, 9.53, 6.691]","[[[2.401, 0.3264], [4.3997, -6.658], [7.3977, 1.436], [11.2524, 14.0341], [19.9611, 16.5798], [9.682, 16.5798]], [[2.401, 0.3264], [4.3997, -6.658], [7.3977, 1.436], [11.2524, 14.0341], [11.1096, 2.4804], [13.1083, 4.5692]], [[2.401, 0.3264], [4.3997, -6.658], [7.3977, 1.436], [11.2524, 14.0341], [34.8086, 2.611], [21.1032, -11.3578]], [[2.401, 0.3264], [4.3997, -6.658], [7.3977, 1.436], [11.2524, 14.0341], [15.6781, -14.491], [16.5347, 7.0497]]]",1.7649,0.0,0.0,0.0,0.0,0.0,0.0,False,"[2, 2, 2]",0.0,0.0,0.0,4.6688,4.0,7.3935,11.1947,4.9065,3.7654,4.8628,4.6688,"[[2.401, 0.326], [4.4, -6.658], [7.398, 1.436], [11.252, 14.034], [15.535, 9.53], [11.395, 10.575]]",ok,9.5303,0.0,0.0,0.0,0.0,0.0,0.0,0.0,0.0,0.0,80d7c172efb64b5296f2d22f942bc963,scene-0272,42
1.3644,3.6603,4.2236,0.9397,2.1219,2.9094,0.0,0.0,0.0,0.0,0.0,0.0,0.0,0.0,0.0,ok,right,0.7995,4.3037,2.2533,0.7995,2.1046,2.2461,True,"[0.2611, 0.3264, 1.0444, -0.1958]","[-140.6456, -1931.4059, -8601.2396, -24533.1942]","[3.9742, -1001928.112, -1008597.9457, -1024529.9002]","[2.814, 1.895, 2.326, 3.639]","[[[2.5437, 0.0], [5.9701, -0.1305], [8.3971, -0.1958], [10.3958, -0.4569], [13.1083, -0.2611], [17.3913, -0.5222]], [[2.5437, 0.0], [5.9701, -0.1305], [8.3971, -0.1958], [10.3958, -0.4569], [17.1058, -0.7833], [21.1032, -0.6527]], [[2.5437, 0.0], [5.9701, -0.1305], [8.3971, -0.1958], [10.3958, -0.4569], [18.5334, -0.3916], [16.8202, -2.0888]], [[2.5437, 0.0], [5.9701, -0.1305], [8.3971, -0.1958], [10.3958, -0.4569], [18.5334, -5.222], [11.1096, 0.3916]]]",0.6477,0.0,0.0,0.0,0.0,0.0,0.0,True,"[2, 2, 2]",0.0,0.0,0.0,1.8952,4.0,0.7995,4.3037,1.7945,0.7995,2.1046,1.8952,"[[2.544, 0.0], [5.97, -0.131], [8.397, -0.196], [10.396, -0.457], [15.107, -0.522], [19.247, -0.587]]",ok,3.6388,0.0,0.0,0.0,0.0,0.0,0.0,0.0,0.0,0.0,1d477a7c21784a98b2e6a9289a958fe2,scene-0273,42
2.195,5.9344,10.7638,1.5328,3.3916,5.2535,0.0,0.0,0.0,0.0,0.0,0.0,0.0,0.0,0.0,ok,straight,2.7587,7.2632,11.0565,1.8146,3.9711,5.7944,False,"[-0.718, -0.6527, -0.5222, -8.2899]","[-232.5997, -965.144, -4619.4865, -7683.2814]","[3.0743, -1000963.6713, -1004618.0137, -1007681.8086]","[5.936, 5.653, 5.925, 7.857]","[[[3.6858, 0.0], [7.9688, 0.0653], [12.3945, -0.3916], [16.6775, -0.9138], [19.9611, -1.1749], [25.3861, -1.436]], [[3.6858, 0.0], [7.9688, 0.0653], [12.3945, -0.3916], [16.6775, -0.9138], [18.8189, -1.1749], [24.8151, -1.3055]], [[3.6858, 0.0], [7.9688, 0.0653], [12.3945, -0.3916], [16.6775, -0.9138], [23.6729, -1.0444], [21.6742, -1.0444]], [[3.6858, 0.0], [7.9688, 0.0653], [12.3945, -0.3916], [16.6775, -0.9138], [22.8163, 1.5666], [26.5282, 16.5798]]]",0.8816,0.0,0.0,0.0,0.0,0.0,0.0,True,"[2, 2, 2]",0.0,0.0,0.0,5.6527,4.0,2.7587,7.2632,10.7638,1.8146,3.9711,5.6527,"[[3.686, 0.0], [7.969, 0.065], [12.395, -0.392], [16.677, -0.914], [19.39, -1.175], [25.101, -1.371]]",ok,7.857,0.0,0.0,0.0,0.0,0.0,0.0,0.0,0.0,0.0,b513d361d0874bf8aa8eeae2e04dd25c,scene-0273,42
1.1518,3.3801,5.2104,0.8439,1.7426,2.7365,0.0,0.0,0.0,0.0,0.0,0.0,0.0,0.0,0.0,ok,right,0.8692,2.5319,5.1894,0.7046,1.7104,2.6065,True,"[1.436, 1.2402, 1.2402, 1.2402]","[-895.0465, -646.6054, -876.7198, -760468.8589]","[-501773.5071, -501775.8158, -501775.8165, -2262244.6751]","[2.669, 2.552, 2.705, 9.697]","[[[3.6858, -0.0653], [7.6833, -0.2611], [10.1103, -0.4569], [15.107, -1.0444], [18.5334, -1.0444], [21.9598, -2.8721]], [[3.6858, -0.0653], [7.6833, -0.2611], [10.1103, -0.4569], [15.107, -1.0444], [19.1045, -1.9582], [21.9598, -2.4804]], [[3.6858, -0.0653], [7.6833, -0.2611], [10.1103, -0.4569], [15.107, -1.0444], [18.2479, -1.436], [21.9598, -2.4804]], [[3.6858, -0.0653], [7.6833, -0.2611], [10.1103, -0.4569], [15.107, -1.0444], [69.6432, -0.6527], [31.0967, -2.4804]]]",3.0551,0.0,0.0,0.0,0.0,0.0,0.0,True,"[2, 2, 2]",0.0,0.0,0.0,2.552,4.0,0.8692,2.5319,5.2104,0.7046,1.7104,2.552,"[[3.686, -0.065], [7.683, -0.261], [10.11, -0.457], [15.107, -1.044], [18.819, -1.501], [21.96, -2.676]]",ok,9.6966,0.0,0.0,0.0,0.0,0.0,0.0,0.0,0.0,0.0,0c35a9646b7b4c74af3699f46d6bed9a,scene-0273,42
0.9884,0.7009,3.8499,0.5698,0.609,1.3509,0.0,0.0,0.0,0.0,0.0,0.0,0.0,0.0,0.0,ok,right,0.4709,0.8592,7.8397,0.3824,0.5868,2.2773,False,"[1.2402, 2.2846, 1.5666, 0.9138]","[-1393.7982, -3567.9788, -14364.1523, -162727.4201]","[-1503702.2542, -1505876.4348, -1516672.6083, -1665035.8761]","[1.424, 3.216, 2.729, 5.334]","[[[4.3997, -0.1305], [8.2543, -0.3264], [14.8215, -1.1749], [18.3906, -0.9138], [23.3874, -1.1749], [29.6691, -2.4804]], [[4.3997, -0.1305], [8.2543, -0.3264], [14.8215, -1.1749], [18.3906, -0.9138], [27.3848, -2.7415], [36.8073, -4.5692]], [[4.3997, -0.1305], [8.2543, -0.3264], [14.8215, -1.1749], [18.3906, -0.9138], [30.2401, -1.5666], [31.0967, -3.1332]], [[4.3997, -0.1305], [8.2543, -0.3264], [14.8215, -1.1749], [18.3906, -0.9138], [36.8073, 16.5798], [30.8112, -1.8277]]]",1.4076,0.0,0.0,0.0,0.0,0.0,0.0,False,"[2, 2, 2]",0.0,0.0,0.0,1.4244,4.0,0.4709,0.8592,4.2977,0.3824,0.5868,1.4244,"[[4.4, -0.131], [8.254, -0.326], [14.822, -1.175], [18.391, -0.914], [25.386, -1.958], [33.238, -3.525]]",ok,5.3337,0.0,0.0,0.0,0.0,0.0,0.0,0.0,0.0,0.0,c63c15b4ddae40579136ebaecbbfbfd0,scene-0273,42
0.5525,0.7627,0.9619,0.3629,0.5167,0.71,0.0,0.0,0.0,0.0,0.0,0.0,0.0,0.0,0.0,ok,straight,1.1201,0.5437,2.7448,0.7594,0.8329,1.4065,False,"[-0.0653, -0.0653, -0.3264, -0.0653]","[-474.5216, -1693.3904, -8207.1031, -892592.6537]","[3.6004, -1001690.9524, -1008204.6651, -1892590.2157]","[0.921, 2.004, 2.417, 9.48]","[[[4.2569, 0.0], [7.9688, 0.0], [11.8235, 0.0], [14.536, -0.0653], [19.1045, -0.1305], [21.6742, -0.1305]], [[4.2569, 0.0], [7.9688, 0.0], [11.8235, 0.0], [14.536, -0.0653], [21.6742, 0.0], [26.5282, 0.1305]], [[4.2569, 0.0], [7.9688, 0.0], [11.8235, 0.0], [14.536, -0.0653], [15.9636, -0.1305], [30.2401, -0.6527]], [[4.2569, 0.0], [7.9688, 0.0], [11.8235, 0.0], [14.536, -0.0653], [69.6432, -0.1305], [23.3874, 0.1305]]]",3.3783,0.0,0.0,0.0,0.0,0.0,0.0,False,"[2, 2, 2]",0.0,0.0,0.0,0.9207,4.0,1.1201,0.5437,0.9619,0.7594,0.8329,0.9207,"[[4.257, 0.0], [7.969, 0.0], [11.823, 0.0], [14.536, -0.065], [20.389, -0.065], [24.101, 0.0]]",ok,9.4798,0.0,0.0,0.0,0.0,0.0,0.0,0.0,0.0,0.0,040a956bf0c04ad09fffc286cab5bc56,scene-0274,42
2.4794,5.4065,8.0979,1.6029,3.0862,4.4447,0.0,0.0,0.0,0.0,0.0,0.0,0.0,0.0,0.0,ok,straight,2.4812,2.9813,6.1077,1.7466,2.4804,3.614,True,"[-0.2611, -0.0653, -0.3264, -0.1958]","[-1085.9489, -1247.6081, -28911.3201, -180289.5009]","[-500317.7508, -1501565.5477, -1529229.2597, -1680607.4405]","[3.19, 4.041, 4.115, 5.965]","[[[2.5437, 0.0], [5.399, -0.0653], [8.2543, 0.0], [12.68, -0.0653], [14.2505, -0.1305], [18.5334, 0.5222]], [[2.5437, 0.0], [5.399, -0.0653], [8.2543, 0.0], [12.68, -0.0653], [13.1083, 0.0], [14.536, 0.1305]], [[2.5437, 0.0], [5.399, -0.0653], [8.2543, 0.0], [12.68, -0.0653], [23.1019, 2.7415], [12.5373, 0.6527]], [[2.5437, 0.0], [5.399, -0.0653], [8.2543, 0.0], [12.68, -0.0653], [38.5205, 0.3916], [15.9636, -0.3916]]]",1.0127,0.0,0.0,0.0,0.0,0.0,0.0,False,"[2, 2, 2]",0.0,0.0,0.0,3.1903,4.0,2.4812,2.9813,4.135,1.7466,2.4804,3.1903,"[[2.544, 0.0], [5.399, -0.065], [8.254, 0.0], [12.68, -0.065], [13.679, -0.065], [16.535, 0.326]]",ok,5.9652,0.0,0.0,0.0,0.0,0.0,0.0,0.0,0.0,0.0,72fb9f0f545a4d6b92f6de14c9dcce85,scene-0274,42
0.0359,0.5831,1.2311,0.1564,0.3311,0.4811,0.0,0.0,0.0,0.0,0.0,0.0,0.0,0.0,0.0,ok,straight,1.537,0.7422,0.8132,0.7777,0.6459,0.678,False,"[-0.0653, -0.3916, -0.2611, -0.0]","[-1463.108, -1779.4409, -9662.7448, -31835.0404]","[3.0622, -1001777.8987, -1009661.2026, -1031833.4982]","[0.566, 1.048, 1.826, 2.135]","[[[3.6858, 0.0], [8.1116, 0.0], [9.8247, 0.0], [14.1077, 0.1958], [16.2492, -0.1305], [19.9611, -0.1305]], [[3.6858, 0.0], [8.1116, 0.0], [9.8247, 0.0], [14.1077, 0.1958], [18.2479, 0.0], [17.6768, 0.7833]], [[3.6858, 0.0], [8.1116, 0.0], [9.8247, 0.0], [14.1077, 0.1958], [21.3887, 0.3916], [15.9636, -0.5222]], [[3.6858, 0.0], [8.1116, 0.0], [9.8247, 0.0], [14.1077, 0.1958], [9.682, -5.222], [21.1032, 0.0]]]",0.6206,0.0,0.0,0.0,0.0,0.0,0.0,True,"[2, 2, 2]",0.0,0.0,0.0,0.5662,4.0,1.537,0.7422,0.4826,0.7777,0.6459,0.5662,"[[3.686, 0.0], [8.112, 0.0], [9.825, 0.0], [14.108, 0.196], [17.249, -0.065], [18.819, 0.326]]",ok,2.1349,0.0,0.0,0.0,0.0,0.0,0.0,0.0,0.0,0.0,9018d220fc7340998efa65631a9c3cd4,scene-0274,42
0.0315,1.6281,1.8697,0.0426,0.49,0.9549,0.0,0.0,0.0,0.0,0.0,0.0,0.0,0.0,0.0,ok,straight,0.9691,1.1831,1.7811,0.5386,0.6602,0.9203,True,"[-0.0, -0.1305, -0.0, -0.4569]","[-865.7556, -157.9383, -595.0334, -33603.8292]","[2.7083, 2.0588, -1000593.6659, -1033602.4617]","[0.815, 1.068, 0.998, 4.037]","[[[3.2576, 0.0], [7.5405, -0.1305], [11.1096, -0.2611], [13.2511, -0.2611], [17.9623, -0.1305], [20.2466, 0.0]], [[3.2576, 0.0], [7.5405, -0.1305], [11.1096, -0.2611], [13.2511, -0.2611], [16.2492, -0.2611], [19.9611, -0.2611]], [[3.2576, 0.0], [7.5405, -0.1305], [11.1096, -0.2611], [13.2511, -0.2611], [15.6781, -0.9138], [21.3887, 0.0]], [[3.2576, 0.0], [7.5405, -0.1305], [11.1096, -0.2611], [13.2511, -0.2611], [13.6794, -0.6527], [38.806, 0.9138]]]",1.3355,0.0,0.0,0.0,0.0,0.0,0.0,True,"[2, 2, 2]",0.0,0.0,0.0,0.8146,4.0,0.9691,1.1831,1.7098,0.5386,0.6602,0.8146,"[[3.258, 0.0], [7.541, -0.131], [11.11, -0.261], [13.251, -0.261], [17.106, -0.196], [20.104, -0.131]]",ok,4.037,0.0,0.0,0.0,0.0,0.0,0.0,0.0,0.0,0.0,90c1665c6cf24153a834063fd99f257c,scene-0274,42
0.967,1.1881,1.5586,0.883,0.9924,1.0845,0.0,0.0,0.0,0.0,0.0,0.0,0.0,0.0,0.0,ok,straight,1.1098,0.7554,3.0144,0.9544,0.7617,1.1961,False,"[-0.0653, -1.7624, -0.4569, -0.3916]","[-110.6274, -1675.7331, -4471.8802, -975910.5067]","[3.4074, -1001673.8389, -1004469.986, -1975908.6125]","[0.74, 1.656, 1.638, 9.454]","[[[3.1148, 0.0], [6.3984, 0.0], [10.3958, -0.1958], [13.2511, -0.0653], [16.2492, -0.1305], [19.9611, -0.1305]], [[3.1148, 0.0], [6.3984, 0.0], [10.3958, -0.1958], [13.2511, -0.0653], [15.9636, -0.1305], [23.9585, -3.5248]], [[3.1148, 0.0], [6.3984, 0.0], [10.3958, -0.1958], [13.2511, -0.0653], [17.9623, -4.047], [21.9598, -0.9138]], [[3.1148, 0.0], [6.3984, 0.0], [10.3958, -0.1958], [13.2511, -0.0653], [69.6432, 0.0], [19.1045, -0.7833]]]",3.5311,0.0,0.0,1.0,0.0,0.0,1.0,False,"[2, 2, 2]",0.0,0.0,0.16666666666666666,0.7404,4.0,1.1098,0.7554,0.4169,0.9544,0.7617,0.7404,"[[3.115, 0.0], [6.398, 0.0], [10.396, -0.196], [13.251, -0.065], [16.106, -0.131], [21.96, -1.828]]",ok,9.4544,0.0,0.0,0.0,0.0,0.0,0.0,0.0,0.0,0.0,8fb167b9767d420b9c6368719bafb7b4,scene-0275,42
0.8001,1.7783,1.7958,0.6653,1.0161,1.2921,0.0,0.0,0.0,0.0,0.0,0.0,0.0,0.0,0.0,ok,straight,0.0864,0.208,1.7957,0.3798,0.3026,0.6262,True,"[-0.0653, -0.0, -0.0653, -0.1305]","[-373.6848, -414.441, -1521.0766, -552148.2079]","[2.322, -1000412.6981, -1001519.3336, -1552146.465]","[0.816, 0.567, 1.15, 19.67]","[[[1.5444, 0.0], [4.3997, 0.0], [6.3984, 0.0], [8.3971, -0.0653], [8.5399, -0.1305], [10.253, -0.1305]], [[1.5444, 0.0], [4.3997, 0.0], [6.3984, 0.0], [8.3971, -0.0653], [10.8241, -0.1305], [10.253, 0.0]], [[1.5444, 0.0], [4.3997, 0.0], [6.3984, 0.0], [8.3971, -0.0653], [7.1122, -0.2611], [9.682, -0.1305]], [[1.5444, 0.0], [4.3997, 0.0], [6.3984, 0.0], [8.3971, -0.0653], [69.6432, 0.0], [69.6432, -0.2611]]]",8.154,0.0,0.0,0.0,0.0,0.0,0.0,True,"[2, 2, 2]",0.0,0.0,0.0,0.5674,4.0,0.0864,0.208,1.798,0.3798,0.3026,0.5674,"[[1.544, 0.0], [4.4, 0.0], [6.398, 0.0], [8.397, -0.065], [9.682, -0.131], [10.253, -0.065]]",ok,19.6695,0.0,0.0,0.0,0.0,0.0,0.0,0.0,0.0,0.0,c5fc747cb34f44d78820ae649d183e93,scene-0275,42
2.2422,4.4079,6.7807,1.5709,2.7076,3.7837,0.0,0.0,0.0,0.0,0.0,0.0,0.0,0.0,0.0,ok,straight,2.8132,4.9782,8.3503,1.8563,3.0643,4.4261,False,"[-0.0, -0.0653, -0.1305, -0.8486]","[-298.3895, -254.7083, -202.1635, -1054.6031]","[3.6529, 3.5873, 3.547, -1001052.1541]","[3.879, 4.974, 4.118, 4.105]","[[[1.6871, 0.0], [4.2569, 0.0], [5.399, 0.0], [7.1122, -0.0653], [7.3977, 0.0], [8.2543, 0.0]], [[1.6871, 0.0], [4.2569, 0.0], [5.399, 0.0], [7.1122, -0.0653], [9.1109, 0.1305], [13.1083, -0.1305]], [[1.6871, 0.0], [4.2569, 0.0], [5.399, 0.0], [7.1122, -0.0653], [8.5399, 0.0], [8.5399, 0.2611]], [[1.6871, 0.0], [4.2569, 0.0], [5.399, 0.0], [7.1122, -0.0653], [6.8267, 0.1305], [9.9675, 1.6971]]]",0.4179,0.0,0.0,0.0,0.0,0.0,0.0,True,"[2, 2, 2]",0.0,0.0,0.0,3.8788,4.0,2.8132,4.9782,5.9242,1.8563,3.0643,3.8788,"[[1.687, 0.0], [4.257, 0.0], [5.399, 0.0], [7.112, -0.065], [8.254, 0.065], [10.681, -0.065]]",ok,4.9736,0.0,0.0,0.0,0.0,0.0,0.0,0.0,0.0,0.0,b9853461935b41f88ba20195a2d0217c,scene-0275,42
1.6871,3.6859,5.1135,1.4016,2.2582,3.0196,0.0,0.0,0.0,0.0,0.0,0.0,0.0,0.0,0.0,ok,straight,1.8299,3.1148,5.1138,1.3302,2.3653,3.1863,False,"[-0.0, -0.0653, -0.3916, -0.1305]","[-512.097, -1094.3101, -503.234, -150892.3194]","[-501299.9897, -501300.4377, -501302.6239, -1652193.8772]","[3.091, 3.282, 3.242, 15.091]","[[[0.8306, 0.0], [1.8299, 0.0], [3.6858, 0.0], [3.1148, 0.0], [3.9714, 0.0], [5.1135, 0.0]], [[0.8306, 0.0], [1.8299, 0.0], [3.6858, 0.0], [3.1148, 0.0], [5.1135, 0.1305], [5.1135, -0.1305]], [[0.8306, 0.0], [1.8299, 0.0], [3.6858, 0.0], [3.1148, 0.0], [3.6858, -0.1305], [6.2556, -0.7833]], [[0.8306, 0.0], [1.8299, 0.0], [3.6858, 0.0], [3.1148, 0.0], [10.5386, 4.4387], [69.6432, -0.2611]]]",5.1471,0.0,0.0,0.0,0.0,0.0,0.0,True,"[2, 2, 2]",0.0,0.0,0.0,3.091,4.0,1.8299,3.1148,5.1135,1.3302,2.3653,3.091,"[[0.831, 0.0], [1.83, 0.0], [3.686, 0.0], [3.115, 0.0], [4.542, 0.065], [5.113, -0.065]]",ok,15.0906,0.0,0.0,0.0,0.0,0.0,0.0,0.0,0.0,0.0,a2f135999c12428caacda927ebcff835,scene-0275,42
2.5437,4.1098,4.8471,1.8299,2.8535,3.4442,0.0,0.0,0.0,0.0,0.0,0.0,0.0,0.0,0.0,ok,straight,3.1148,4.6826,5.703,2.1154,3.2108,3.8491,False,"[-0.0, -0.0, -0.9791, -0.1305]","[-135.3903, -403.2429, -446.5394, -3332.1414]","[4.1952, 3.9901, -1000443.7458, -1003329.3479]","[4.112, 3.587, 4.665, 3.825]","[[[1.1161, 0.0], [3.1148, 0.0], [3.9714, 0.0], [5.1135, 0.1305], [6.5412, 0.3916], [9.1109, 0.0]], [[1.1161, 0.0], [3.1148, 0.0], [3.9714, 0.0], [5.1135, 0.1305], [5.1135, 0.0], [7.3977, 0.0]], [[1.1161, 0.0], [3.1148, 0.0], [3.9714, 0.0], [5.1135, 0.1305], [6.8267, 0.6527], [11.9662, 1.9582]], [[1.1161, 0.0], [3.1148, 0.0], [3.9714, 0.0], [5.1135, 0.1305], [8.8254, -0.2611], [5.1135, 0.2611]]]",0.402,0.0,0.0,0.0,0.0,0.0,0.0,True,"[2, 2, 2]",0.0,0.0,0.0,3.5873,4.0,3.1148,4.6826,4.8471,2.1154,3.2108,3.5873,"[[1.116, 0.0], [3.115, 0.0], [3.971, 0.0], [5.113, 0.131], [5.827, 0.196], [8.254, 0.0]]",ok,4.6648,0.0,0.0,0.0,0.0,0.0,0.0,0.0,0.0,0.0,3502d36d2c76428f9b79f2854e96b696,scene-0276,42
0.326,1.5291,4.4453,0.1904,0.5235,1.5653,0.0,0.0,0.0,0.0,0.0,0.0,0.0,0.0,0.0,ok,straight,0.4653,1.0968,4.0516,0.3287,0.4994,1.321,True,"[-0.5875, -0.718, -0.3264, -0.5222]","[-66.5626, -430.924, -5709.5941, -6751.4667]","[2.5081, 1.4635, -1005707.7917, -1006749.6642]","[1.549, 1.103, 2.721, 1.315]","[[[2.972, 0.0], [6.6839, -0.0653], [9.8247, -0.3916], [12.68, -0.4569], [15.107, -0.7833], [18.2479, -1.1749]], [[2.972, 0.0], [6.6839, -0.0653], [9.8247, -0.3916], [12.68, -0.4569], [17.1058, -0.7833], [19.1045, -1.436]], [[2.972, 0.0], [6.6839, -0.0653], [9.8247, -0.3916], [12.68, -0.4569], [10.253, -0.1305], [15.9636, -0.6527]], [[2.972, 0.0], [6.6839, -0.0653], [9.8247, -0.3916], [12.68, -0.4569], [21.9598, -1.0444], [23.6729, 1.0444]]]",0.6258,0.0,0.0,0.0,0.0,0.0,0.0,True,"[2, 2, 2]",0.0,0.0,0.0,1.1031,4.0,0.4653,1.0968,3.6704,0.3287,0.4994,1.1031,"[[2.972, 0.0], [6.684, -0.065], [9.825, -0.392], [12.68, -0.457], [16.106, -0.783], [18.676, -1.305]]",ok,2.7212,0.0,0.0,0.0,0.0,0.0,0.0,0.0,0.0,0.0,7a344e7e1436415caf180ae067a4203a,scene-0276,42
1.4291,3.9324,5.8554,1.2432,2.1864,3.1679,0.0,0.0,0.0,0.0,0.0,0.0,0.0,0.0,0.0,ok,straight,1.578,2.9474,5.7491,1.1039,1.6913,2.698,True,"[-0.0, -0.3264, -0.1305, -0.1958]","[-166.5525, -877.3125, -1308.9255, -52824.4308]","[4.592, -1000874.7118, -1001306.3249, -1052821.8302]","[2.838, 2.591, 2.124, 3.572]","[[[3.5431, 0.0], [6.3984, 0.0653], [10.3958, -0.0653], [13.2511, 0.0653], [15.3926, 0.0], [17.3913, 0.0]], [[3.5431, 0.0], [6.3984, 0.0653], [10.3958, -0.0653], [13.2511, 0.0653], [17.1058, 1.1749], [17.6768, 0.6527]], [[3.5431, 0.0], [6.3984, 0.0653], [10.3958, -0.0653], [13.2511, 0.0653], [17.1058, -0.3916], [26.5282, -0.2611]], [[3.5431, 0.0], [6.3984, 0.0653], [10.3958, -0.0653], [13.2511, 0.0653], [28.2414, 0.1305], [17.1058, 0.3916]]]",0.5234,0.0,0.0,0.0,0.0,0.0,0.0,True,"[2, 2, 2]",0.0,0.0,0.0,2.1241,4.0,1.578,2.9474,3.3072,1.1039,1.6913,2.1241,"[[3.543, 0.0], [6.398, 0.065], [10.396, -0.065], [13.251, 0.065], [16.249, 0.587], [17.534, 0.326]]",ok,3.5718,0.0,0.0,0.0,0.0,0.0,0.0,0.0,0.0,0.0,9851e24eeb8e40cf962e45b1975aff53,scene-0276,42
1.3138,2.0715,2.6129,1.2396,1.6702,1.8065,0.0,0.0,0.0,0.0,0.0,0.0,0.0,0.0,0.0,ok,straight,4.4526,8.0468,9.2931,2.9517,4.306,5.0067,False,"[-0.0, -0.1305, -0.718, -0.4569]","[-17768.3073, -20605.4398, -20784.5377, -21077.2935]","[-2526009.3678, -2528846.5003, -2529025.5982, -2529318.354]","[3.615, 6.409, 3.088, 3.401]","[[[3.9714, 0.0], [9.682, 0.0], [11.6807, 0.0653], [19.9611, -0.1958], [17.3913, 0.0], [21.9598, 0.0]], [[3.9714, 0.0], [9.682, 0.0], [11.6807, 0.0653], [19.9611, -0.1958], [20.8176, -0.3916], [35.3797, 0.2611]], [[3.9714, 0.0], [9.682, 0.0], [11.6807, 0.0653], [19.9611, -0.1958], [15.9636, -0.5222], [19.39, -1.436]], [[3.9714, 0.0], [9.682, 0.0], [11.6807, 0.0653], [19.9611, -0.1958], [15.3926, 0.2611], [17.3913, 0.9138]]]",1.3301,0.0,0.0,0.0,0.0,0.0,0.0,False,"[2, 2, 2]",0.0,0.0,0.0,3.0876,4.0,4.4526,8.0468,0.9138,2.9517,4.306,3.0876,"[[3.971, 0.0], [9.682, 0.0], [11.681, 0.065], [19.961, -0.196], [19.104, -0.196], [28.67, 0.131]]",ok,6.4087,0.0,0.0,0.0,0.0,0.0,0.0,0.0,0.0,0.0,f733cb92982f4f58a1ce5c427786491b,scene-0276,42
0.6049,2.2056,4.617,0.5111,1.1661,2.2491,0.0,0.0,0.0,0.0,0.0,0.0,0.0,0.0,0.0,ok,straight,0.8813,1.9315,6.321,0.6603,1.2786,2.618,False,"[-0.5222, -1.3055, -0.1958, -0.2611]","[-609.1081, -465.2758, -1190.0454, -2570.0331]","[2.5319, 0.9295, -1001188.3454, -1002568.3331]","[2.465, 2.786, 2.474, 2.842]","[[[1.9727, 0.0], [4.828, 0.0653], [7.5405, 0.2611], [11.3952, 0.4569], [12.8228, 0.6527], [15.9636, 1.0444]], [[1.9727, 0.0], [4.828, 0.0653], [7.5405, 0.2611], [11.3952, 0.4569], [12.8228, 1.436], [14.536, 2.611]], [[1.9727, 0.0], [4.828, 0.0653], [7.5405, 0.2611], [11.3952, 0.4569], [12.5373, 1.1749], [16.2492, -0.3916]], [[1.9727, 0.0], [4.828, 0.0653], [7.5405, 0.2611], [11.3952, 0.4569], [11.1096, 1.0444], [15.3926, 0.5222]]]",0.1735,0.0,0.0,0.0,0.0,0.0,0.0,True,"[2, 2, 2]",0.0,0.0,0.0,2.4649,4.0,0.8813,1.9315,5.462,0.6603,1.2786,2.4649,"[[1.973, 0.0], [4.828, 0.065], [7.541, 0.261], [11.395, 0.457], [12.823, 1.044], [15.25, 1.828]]",ok,2.8424,0.0,0.0,0.0,0.0,0.0,0.0,0.0,0.0,0.0,7e2fd590b46d42cdbe8dfbf035761561,scene-0277,42
0.7363,1.6904,2.0203,0.5819,1.0796,1.2851,0.0,0.0,0.0,0.0,0.0,0.0,0.0,0.0,0.0,ok,straight,0.4523,2.0137,3.7756,0.2974,0.9137,1.7719,False,"[-0.1305, -0.3916, -0.3264, -0.0653]","[-505.1963, -1071.3007, -6913.4257, -10186.3748]","[3.4876, -1001069.5676, -1006911.6927, -1010184.6417]","[1.413, 2.136, 1.706, 2.876]","[[[4.2569, 0.0], [8.8254, 0.0], [13.5366, -0.1305], [18.5334, -0.3264], [21.6742, -0.1305], [27.3848, -0.2611]], [[4.2569, 0.0], [8.8254, 0.0], [13.5366, -0.1305], [18.5334, -0.3264], [25.3861, -0.1305], [27.9559, -0.7833]], [[4.2569, 0.0], [8.8254, 0.0], [13.5366, -0.1305], [18.5334, -0.3264], [16.5347, 0.9138], [21.3887, -0.6527]], [[4.2569, 0.0], [8.8254, 0.0], [13.5366, -0.1305], [18.5334, -0.3264], [29.3835, 0.0], [28.5269, 0.1305]]]",0.5506,0.0,0.0,0.0,0.0,0.0,0.0,True,"[2, 2, 2]",0.0,0.0,0.0,1.4132,4.0,0.4523,2.0137,3.4521,0.2974,0.9137,1.4132,"[[4.257, 0.0], [8.825, 0.0], [13.537, -0.131], [18.533, -0.326], [23.53, -0.131], [27.67, -0.522]]",ok,2.8763,0.0,0.0,0.0,0.0,0.0,0.0,0.0,0.0,0.0,d849f5a053f741e6a5f09983cf036225,scene-0277,42
1.2572,2.4287,5.4238,0.9834,1.6603,2.7059,0.0,0.0,0.0,0.0,0.0,0.0,0.0,0.0,0.0,ok,straight,1.4049,5.2819,2.5726,1.2713,2.7667,2.9924,False,"[-0.0, -0.1305, -0.0653, -0.1958]","[-481.2944, -2368.3641, -2955.3263, -8589.4516]","[5.3167, -1002365.4203, -1002952.3824, -1008586.5078]","[3.395, 2.593, 3.301, 4.21]","[[[2.6865, 0.0], [6.3984, -0.0653], [8.6826, 0.0653], [9.9675, 0.0], [13.6794, 0.0], [20.2466, 0.0]], [[2.6865, 0.0], [6.3984, -0.0653], [8.6826, 0.0653], [9.9675, 0.0], [16.8202, -0.1305], [21.9598, -0.2611]], [[2.6865, 0.0], [6.3984, -0.0653], [8.6826, 0.0653], [9.9675, 0.0], [16.2492, 0.0], [18.2479, -0.1305]], [[2.6865, 0.0], [6.3984, -0.0653], [8.6826, 0.0653], [9.9675, 0.0], [22.5308, 0.7833], [34.8086, -0.3916]]]",0.5733,0.0,0.0,0.0,0.0,0.0,0.0,False,"[2, 2, 2]",0.0,0.0,0.0,2.5931,4.0,1.4049,5.2819,1.7396,1.2713,2.7667,2.5931,"[[2.686, 0.0], [6.398, -0.065], [8.683, 0.065], [9.968, 0.0], [15.25, -0.065], [21.103, -0.131]]",ok,4.21,0.0,0.0,0.0,0.0,0.0,0.0,0.0,0.0,0.0,ef710f7aad4c4bcf9ac21ef155c8c3d1,scene-0277,42
1.38,1.3643,0.712,0.9319,1.2444,1.1315,0.0,0.0,0.0,0.0,0.0,0.0,0.0,0.0,0.0,ok,straight,0.9487,0.4738,2.2074,0.7861,0.8242,1.4067,False,"[-0.8486, -2.4804, -1.5013, -8.2899]","[-613.8075, -12661.5214, -13781.4813, -14375.6785]","[4.7473, -1012659.3201, -1013779.2799, -1014373.4771]","[0.742, 2.096, 2.325, 4.029]","[[[3.5431, 0.0653], [7.826, 0.1958], [11.6807, 0.0], [16.5347, 1.1097], [19.9611, 0.7833], [24.5295, 1.6971]], [[3.5431, 0.0653], [7.826, 0.1958], [11.6807, 0.0], [16.5347, 1.1097], [15.107, 0.9138], [25.6716, 4.9609]], [[3.5431, 0.0653], [7.826, 0.1958], [11.6807, 0.0], [16.5347, 1.1097], [13.1083, 0.9138], [21.1032, 3.0026]], [[3.5431, 0.0653], [7.826, 0.1958], [11.6807, 0.0], [16.5347, 1.1097], [22.5308, 1.3055], [35.0941, 16.5798]]]",1.1681,0.0,0.0,0.0,0.0,0.0,0.0,False,"[2, 2, 2]",0.0,0.0,0.0,0.7424,4.0,0.9487,0.4738,0.6045,0.7861,0.8242,0.7424,"[[3.543, 0.065], [7.826, 0.196], [11.681, 0.0], [16.535, 1.11], [17.534, 0.849], [25.101, 3.329]]",ok,4.0289,0.0,0.0,0.0,0.0,0.0,0.0,0.0,0.0,0.0,c0cd7a49d9924264b2be63b6ce9a9674,scene-0277,42
2.5633,3.8413,4.0997,1.8994,2.8178,3.3128,0.0,0.0,0.0,0.0,0.0,0.0,0.0,0.0,0.0,ok,straight,0.5967,3.0784,4.7596,1.1302,2.2733,2.9241,True,"[-0.3264, -0.6527, -0.3264, -0.5222]","[-7023.166, -7034.5138, -204616.9633, -207553.3136]","[-2522332.6589, -2522344.0067, -2719926.4562, -2722862.8065]","[2.955, 2.904, 6.12, 11.423]","[[[3.2576, 0.0], [10.5386, 0.3264], [10.9669, 0.3916], [15.8209, 1.1097], [18.2479, 0.3916], [21.6742, 0.6527]], [[3.2576, 0.0], [10.5386, 0.3264], [10.9669, 0.3916], [15.8209, 1.1097], [19.9611, 0.2611], [20.2466, 1.3055]], [[3.2576, 0.0], [10.5386, 0.3264], [10.9669, 0.3916], [15.8209, 1.1097], [-2.8813, -0.1305], [27.3848, 0.6527]], [[3.2576, 0.0], [10.5386, 0.3264], [10.9669, 0.3916], [15.8209, 1.1097], [19.9611, 16.5798], [69.6432, 1.0444]]]",3.4708,0.0,0.0,0.0,0.0,0.0,0.0,False,"[2, 2, 2]",0.0,0.0,0.0,2.9042,4.0,0.5967,3.0784,5.4275,1.1302,2.2733,2.9042,"[[3.258, 0.0], [10.539, 0.326], [10.967, 0.392], [15.821, 1.11], [19.104, 0.326], [20.96, 0.979]]",ok,11.4228,0.0,0.0,0.0,0.0,0.0,0.0,0.0,0.0,0.0,f4b5b6fc59e34da6bd18d4d8e299dab8,scene-0278,42
5.5714,10.1338,13.4971,4.173,6.7022,8.9348,0.0,0.0,0.0,0.0,0.0,0.0,0.0,0.0,0.0,ok,straight,4.7138,7.5589,14.3669,3.8156,5.4531,8.0343,True,"[-0.5222, -0.7833, -0.7833, -2.0888]","[-1170.9416, -1680.2239, -29498.3949, -198438.0501]","[-1001170.4597, -1001679.742, -1029497.913, -1198437.5682]","[7.817, 8.252, 9.183, 14.945]","[[[3.8286, 0.0], [6.5411, 0.0653], [9.3964, 0.3916], [11.6807, -0.1305], [17.3913, 0.7833], [21.3887, 1.0444]], [[3.8286, 0.0], [6.5411, 0.0653], [9.3964, 0.3916], [11.6807, -0.1305], [18.2479, 1.0444], [23.1019, 1.5666]], [[3.8286, 0.0], [6.5411, 0.0653], [9.3964, 0.3916], [11.6807, -0.1305], [25.1006, 2.8721], [21.6742, 1.5666]], [[3.8286, 0.0], [6.5411, 0.0653], [9.3964, 0.3916], [11.6807, -0.1305], [11.6807, -0.7833], [69.6432, -4.1776]]]",2.8692,0.0,0.0,0.0,0.0,0.0,0.0,False,"[2, 2, 2]",0.0,0.0,0.0,7.8168,4.0,4.7138,7.5589,13.4971,3.8156,5.4531,7.8168,"[[3.829, 0.0], [6.541, 0.065], [9.396, 0.392], [11.681, -0.131], [17.82, 0.914], [22.245, 1.305]]",ok,14.9448,0.0,0.0,0.0,0.0,0.0,0.0,0.0,0.0,0.0,b0b7ef23a4fb418690e43900525d09ad,scene-0278,42
1.0933,0.8886,0.895,0.8215,1.1367,1.11,0.0,0.0,0.0,0.0,0.0,0.0,0.0,0.0,0.0,ok,straight,1.3788,3.3263,1.0323,0.8929,1.9967,2.0386,False,"[-0.1958, -0.2611, -0.3264, -0.0653]","[-2690.3201, -5339.1969, -6208.0504, -118276.2356]","[-1503586.8588, -1506235.7355, -1507104.589, -1619172.7742]","[1.683, 2.396, 3.273, 10.626]","[[[3.2576, 0.0], [6.8267, 0.0], [11.3952, -0.1305], [14.2505, -2.2846], [16.2492, 0.3916], [19.39, 0.3916]], [[3.2576, 0.0], [6.8267, 0.0], [11.3952, -0.1305], [14.2505, -2.2846], [20.2466, 0.0], [19.6755, 0.5222]], [[3.2576, 0.0], [6.8267, 0.0], [11.3952, -0.1305], [14.2505, -2.2846], [17.3913, 0.7833], [27.6704, -0.6527]], [[3.2576, 0.0], [6.8267, 0.0], [11.3952, -0.1305], [14.2505, -2.2846], [19.39, 1.8277], [69.6432, -0.1305]]]",3.5844,0.0,0.0,0.0,0.0,0.0,0.0,False,"[2, 2, 2]",0.0,0.0,0.0,1.6834,4.0,1.3788,3.3263,0.895,0.8929,1.9967,1.6834,"[[3.258, 0.0], [6.827, 0.0], [11.395, -0.131], [14.25, -2.285], [18.248, 0.196], [19.533, 0.457]]",ok,10.626,0.0,0.0,0.0,0.0,0.0,0.0,0.0,0.0,0.0,ba4c95ffea104b088e07bdc2c7a0300a,scene-0278,42
1.6658,4.7246,11.1405,1.2166,2.4259,4.6591,0.0,0.0,0.0,0.0,0.0,0.0,0.0,0.0,0.0,ok,right,1.1419,8.4864,10.4113,0.7062,3.2616,4.9668,False,"[-1.8277, -1.893, -8.2899, -1.8277]","[-9761.0597, -11774.6105, -64227.8643, -68965.9183]","[-1512090.8421, -1514104.3929, -1566557.6467, -1571295.7007]","[4.907, 5.065, 9.632, 13.212]","[[[2.6865, 0.1305], [5.5418, 0.5222], [5.9701, 0.9791], [2.8293, 1.436], [9.1109, 0.5222], [11.3952, 3.6554]], [[2.6865, 0.1305], [5.5418, 0.5222], [5.9701, 0.9791], [2.8293, 1.436], [10.5386, 2.3499], [13.1083, 3.7859]], [[2.6865, 0.1305], [5.5418, 0.5222], [5.9701, 0.9791], [2.8293, 1.436], [15.9636, 16.5798], [17.9623, 16.5798]], [[2.6865, 0.1305], [5.5418, 0.5222], [5.9701, 0.9791], [2.8293, 1.436], [20.8176, 0.2611], [69.6432, 3.6554]]]",3.4584,0.0,0.0,0.0,0.0,0.0,0.0,False,"[2, 2, 2]",0.0,0.0,0.0,4.9071,4.0,1.1419,8.4864,10.5323,0.7062,3.2616,4.9071,"[[2.686, 0.131], [5.542, 0.522], [5.97, 0.979], [2.829, 1.436], [9.825, 1.436], [12.252, 3.721]]",ok,13.212,0.0,0.0,0.0,0.0,0.0,0.0,0.0,0.0,0.0,ee82f97267f747c78c3458640faf9d67,scene-0278,42
3.7331,7.4383,12.3521,2.7523,4.6877,7.0097,0.0,0.0,0.0,0.0,0.0,0.0,0.0,0.0,0.0,ok,straight,3.5903,9.1735,14.9239,2.8236,5.3003,7.6597,False,"[-0.2611, -0.5222, -0.718, -0.2611]","[-487.4911, -3488.6297, -5061.9476, -173683.1066]","[3.1074, -1003487.0667, -1005060.3847, -1173681.5436]","[7.275, 8.055, 8.518, 14.889]","[[[3.9714, -0.0653], [7.255, -0.0653], [11.6807, -0.3264], [15.9636, -0.9138], [18.2479, -0.2611], [21.6742, -0.5222]], [[3.9714, -0.0653], [7.255, -0.0653], [11.6807, -0.3264], [15.9636, -0.9138], [17.6768, -1.8277], [26.8138, -1.0444]], [[3.9714, -0.0653], [7.255, -0.0653], [11.6807, -0.3264], [15.9636, -0.9138], [23.9585, -0.6527], [23.3874, -1.436]], [[3.9714, -0.0653], [7.255, -0.0653], [11.6807, -0.3264], [15.9636, -0.9138], [15.9636, -0.5222], [69.6432, -0.5222]]]",3.0377,0.0,0.0,0.0,0.0,0.0,0.0,False,"[2, 2, 2]",0.0,0.0,0.0,7.2754,4.0,3.5903,9.1735,12.3521,2.8236,5.3003,7.2754,"[[3.971, -0.065], [7.255, -0.065], [11.681, -0.326], [15.964, -0.914], [17.962, -1.044], [24.244, -0.783]]",ok,14.8895,0.0,0.0,0.0,0.0,0.0,0.0,0.0,0.0,0.0,269601cc1e4d45a3a36fbf291d45a447,scene-0329,42
3.8258,7.1677,9.9401,2.9393,4.7004,6.2812,0.0,1.0,0.0,0.0,1.0,1.0,0.0,0.5,0.5,ok,straight,4.5378,8.594,11.1169,3.3666,5.5203,6.6914,False,"[-0.3264, -2.3499, -0.1958, -8.2899]","[-47.8999, -10545.4721, -90506.5881, -1138590.3674]","[3.4697, -1010543.3978, -1090504.5138, -2138588.2931]","[6.637, 6.788, 8.532, 18.133]","[[[2.401, 0.0], [4.9707, -0.0653], [7.5405, 0.0653], [9.9675, 0.1305], [11.1096, 0.3916], [11.9662, 0.6527]], [[2.401, 0.0], [4.9707, -0.0653], [7.5405, 0.0653], [9.9675, 0.1305], [7.1122, 0.7833], [16.2492, 4.6998]], [[2.401, 0.0], [4.9707, -0.0653], [7.5405, 0.0653], [9.9675, 0.1305], [12.2517, 16.5798], [13.1083, -0.3916]], [[2.401, 0.0], [4.9707, -0.0653], [7.5405, 0.0653], [9.9675, 0.1305], [69.6432, 2.3499], [13.9649, 16.5798]]]",4.7412,1.0,1.0,0.0,1.0,1.0,1.0,False,"[2, 2, 2]",0.5,0.75,0.6666666666666666,6.6374,4.0,4.5378,8.594,8.7977,3.3666,5.5203,6.6374,"[[2.401, 0.0], [4.971, -0.065], [7.541, 0.065], [9.968, 0.131], [9.111, 0.587], [14.108, 2.676]]",ok,18.1326,1.0,1.0,1.0,1.0,1.0,1.0,0.5,0.75,0.8333333333333334,f70d94a083f3437e8fd693d8648b6587,scene-0329,42
0.8282,1.3866,1.13,0.6446,0.8805,0.8799,0.0,0.0,0.0,0.0,0.0,0.0,0.0,0.0,0.0,ok,right,0.696,0.8417,2.0989,0.721,1.0302,1.1088,False,"[1.9582, 1.5013, 2.7415, -8.2899]","[-455.5563, -943.8665, -1460.9008, -32643.753]","[-501032.8739, -1501977.9043, -1502494.9386, -1533677.7907]","[0.809, 1.468, 1.411, 4.712]","[[[2.5437, -0.1305], [4.3997, -0.2611], [7.5405, -0.9138], [8.5399, -1.9582], [10.253, -3.1332], [11.9662, -3.9165]], [[2.5437, -0.1305], [4.3997, -0.2611], [7.5405, -0.9138], [8.5399, -1.9582], [10.253, -2.3499], [15.9636, -3.0026]], [[2.5437, -0.1305], [4.3997, -0.2611], [7.5405, -0.9138], [8.5399, -1.9582], [9.9675, -1.8277], [8.8254, -5.4831]], [[2.5437, -0.1305], [4.3997, -0.2611], [7.5405, -0.9138], [8.5399, -1.9582], [13.1083, -4.4387], [12.5373, 16.5798]]]",1.5299,0.0,0.0,0.0,0.0,0.0,0.0,True,"[2, 2, 2]",0.0,0.0,0.0,0.8092,4.0,0.696,0.8417,0.107,0.721,1.0302,0.8092,"[[2.544, -0.131], [4.4, -0.261], [7.541, -0.914], [8.54, -1.958], [10.253, -2.742], [13.965, -3.46]]",ok,4.7118,0.0,0.0,0.0,0.0,0.0,0.0,0.0,0.0,0.0,10a3ee039c4c482ab220e69c1e420031,scene-0329,42
0.2477,0.8115,0.6612,0.2609,0.4116,0.5425,0.0,0.0,0.0,0.0,0.0,0.0,0.0,0.0,0.0,ok,straight,0.4544,0.8176,2.5492,0.2939,0.4838,0.8917,False,"[-1.5666, -1.893, -0.8486, -0.718]","[-439.6145, -1327.3186, -4944.9149, -5400.6144]","[2.9726, -1001324.9032, -1004942.4996, -1005398.199]","[0.708, 1.159, 1.564, 1.605]","[[[2.1154, 0.0], [4.1141, 0.0], [6.1129, -0.3916], [8.3971, -0.0653], [10.5386, -2.0888], [12.8228, -3.1332]], [[2.1154, 0.0], [4.1141, 0.0], [6.1129, -0.3916], [8.3971, -0.0653], [11.3952, -2.0888], [9.682, -3.7859]], [[2.1154, 0.0], [4.1141, 0.0], [6.1129, -0.3916], [8.3971, -0.0653], [12.8228, -0.9138], [7.6833, -1.6971]], [[2.1154, 0.0], [4.1141, 0.0], [6.1129, -0.3916], [8.3971, -0.0653], [6.5412, -0.7833], [12.8228, 1.436]]]",0.3629,0.0,0.0,0.0,0.0,0.0,0.0,True,"[2, 2, 2]",0.0,0.0,0.0,0.7075,4.0,0.4544,0.8176,1.3623,0.2939,0.4838,0.7075,"[[2.115, 0.0], [4.114, 0.0], [6.113, -0.392], [8.397, -0.065], [10.967, -2.089], [11.252, -3.46]]",ok,1.6048,0.0,0.0,0.0,0.0,0.0,0.0,0.0,0.0,0.0,f954522c65fe49208c969909442ca375,scene-0329,42
0.7832,2.404,3.7865,0.676,1.352,1.9349,0.0,0.0,0.0,0.0,0.0,0.0,0.0,0.0,0.0,ok,left,0.4904,3.3322,12.8355,0.5449,1.4793,3.4219,False,"[2.3499, -8.0941, 8.2899, -3.1985]","[-949.2635, -22408.001, -32099.9527, -95173.6071]","[2.0116, -1022407.4467, -1032099.3984, -1095173.0528]","[2.02, 5.202, 4.873, 5.208]","[[[1.6871, 0.0], [3.9714, 0.718], [5.2563, 1.2402], [5.5418, 2.4152], [8.5399, 4.5692], [9.9675, 4.6998]], [[1.6871, 0.0], [3.9714, 0.718], [5.2563, 1.2402], [5.5418, 2.4152], [10.8241, 2.7415], [11.1096, -16.1882]], [[1.6871, 0.0], [3.9714, 0.718], [5.2563, 1.2402], [5.5418, 2.4152], [3.9714, 16.5798], [13.1083, 16.5798]], [[1.6871, 0.0], [3.9714, 0.718], [5.2563, 1.2402], [5.5418, 2.4152], [7.9688, 16.5798], [11.6807, -6.3969]]]",1.3382,0.0,0.0,0.0,0.0,0.0,0.0,False,"[2, 2, 2]",0.0,0.0,0.0,2.0197,4.0,0.4904,3.3322,3.7865,0.5449,1.4793,2.0197,"[[1.687, 0.0], [3.971, 0.718], [5.256, 1.24], [5.542, 2.415], [9.682, 3.655], [10.539, -5.744]]",ok,5.2081,0.0,0.0,0.0,0.0,0.0,0.0,0.0,0.0,0.0,b98e65c90a7a445a907a3bb1467b551b,scene-0330,42
0.02,1.0774,0.4701,0.1223,0.4298,0.5466,0.0,0.0,0.0,0.0,0.0,0.0,0.0,0.0,0.0,ok,straight,1.1571,0.2936,0.4983,0.6804,0.5002,0.5688,False,"[-0.0, -0.3916, -0.5875, -0.2611]","[-850.232, -866.3271, -7040.5824, -163660.0451]","[4.5112, -1000863.8755, -1007038.1308, -1163657.5935]","[0.784, 1.113, 1.177, 9.289]","[[[3.5431, 0.0], [7.6833, 0.0653], [9.5392, 0.1958], [11.5379, -0.2611], [16.2492, 0.0], [19.39, 0.0]], [[3.5431, 0.0], [7.6833, 0.0653], [9.5392, 0.1958], [11.5379, -0.2611], [12.2517, 0.0], [16.2492, 0.7833]], [[3.5431, 0.0], [7.6833, 0.0653], [9.5392, 0.1958], [11.5379, -0.2611], [19.1045, -0.6527], [17.6768, -1.1749]], [[3.5431, 0.0], [7.6833, 0.0653], [9.5392, 0.1958], [11.5379, -0.2611], [13.3939, 0.5222], [69.6432, 0.5222]]]",3.5816,0.0,0.0,0.0,0.0,0.0,0.0,True,"[2, 2, 2]",0.0,0.0,0.0,0.7844,4.0,1.1571,0.2936,1.6149,0.6804,0.5002,0.7844,"[[3.543, 0.0], [7.683, 0.065], [9.539, 0.196], [11.538, -0.261], [14.25, 0.0], [17.82, 0.392]]",ok,9.2891,0.0,0.0,0.0,0.0,0.0,0.0,0.0,0.0,0.0,8135e2527da0405d9887a6a9b456586f,scene-0330,42
1.455,3.4445,6.755,0.9924,1.9288,3.313,0.0,0.0,0.0,0.0,0.0,0.0,0.0,0.0,0.0,ok,straight,1.0268,2.8839,5.9428,0.8512,1.6858,2.8048,True,"[-0.5222, -0.718, -4.504, -5.1567]","[-445.6775, -866.1774, -1544.3461, -24846.3042]","[4.4797, -1000863.3632, -1001541.5319, -1024843.4901]","[3.198, 2.425, 4.181, 5.128]","[[[2.401, -0.0653], [4.1141, 0.0], [6.3984, -0.1958], [7.9688, 0.3264], [11.1096, 0.0], [13.1083, 1.0444]], [[2.401, -0.0653], [4.1141, 0.0], [6.3984, -0.1958], [7.9688, 0.3264], [8.5399, -0.6527], [10.8241, 1.436]], [[2.401, -0.0653], [4.1141, 0.0], [6.3984, -0.1958], [7.9688, 0.3264], [10.253, -4.047], [14.2505, -9.0079]], [[2.401, -0.0653], [4.1141, 0.0], [6.3984, -0.1958], [7.9688, 0.3264], [14.536, 4.5692], [15.6781, -10.3134]]]",1.0177,0.0,0.0,0.0,0.0,0.0,0.0,True,"[2, 2, 2]",0.0,0.0,0.0,2.4255,4.0,1.0268,2.8839,4.8774,0.8512,1.6858,2.4255,"[[2.401, -0.065], [4.114, 0.0], [6.398, -0.196], [7.969, 0.326], [9.825, -0.326], [11.966, 1.24]]",ok,5.1282,0.0,0.0,0.0,0.0,0.0,0.0,0.0,0.0,0.0,89f10c1e72e34cd1b8fd94dda57dbe0e,scene-0330,42
5.1135,9.682,15.393,3.9714,6.327,8.8255,0.0,0.0,0.0,0.0,0.0,0.0,0.0,0.0,0.0,ok,straight,4.9712,9.54,15.9749,3.8293,6.1854,8.947,False,"[-0.0653, -0.6527, -2.611, -2.0235]","[-70.3267, -602.6134, -3289.5843, -4518.2623]","[4.2196, 3.3564, -1003287.7206, -1004516.3987]","[8.874, 9.026, 9.308, 10.38]","[[[2.6865, 0.0653], [4.9707, 0.0653], [7.5405, -0.1958], [9.5392, -0.1305], [12.2517, 0.0], [16.2492, -0.1305]], [[2.6865, 0.0653], [4.9707, 0.0653], [7.5405, -0.1958], [9.5392, -0.1305], [13.6794, -0.1305], [15.6781, 1.3055]], [[2.6865, 0.0653], [4.9707, 0.0653], [7.5405, -0.1958], [9.5392, -0.1305], [15.107, 0.5222], [15.107, 5.222]], [[2.6865, 0.0653], [4.9707, 0.0653], [7.5405, -0.1958], [9.5392, -0.1305], [15.9636, 1.6971], [21.1032, -4.047]]]",0.5887,0.0,0.0,0.0,0.0,0.0,0.0,True,"[2, 2, 2]",0.0,0.0,0.0,8.8738,4.0,4.9712,9.54,16.2496,3.8293,6.1854,8.8738,"[[2.686, 0.065], [4.971, 0.065], [7.541, -0.196], [9.539, -0.131], [12.966, -0.065], [15.964, 0.587]]",ok,10.3803,0.0,0.0,0.0,0.0,0.0,0.0,0.0,0.0,0.0,ab857edfbfc94a369e6dce819fe16aec,scene-0330,42
1.9896,4.7251,6.9941,1.5567,2.749,4.0388,0.0,0.0,0.0,0.0,0.0,0.0,0.0,0.0,0.0,ok,straight,2.1401,3.9783,5.0358,1.5579,2.8585,3.3316,True,"[-1.2402, -0.1958, -2.5457, -3.3943]","[-1311.2577, -2406.8368, -10061.252, -134815.2802]","[-502260.7544, -1504668.7196, -1512323.1347, -1637077.1629]","[4.112, 2.567, 4.983, 6.557]","[[[0.9733, -0.0653], [2.1154, -0.3264], [4.2569, -0.8486], [3.6858, -1.5013], [5.9701, -1.8277], [6.5412, -2.4804]], [[0.9733, -0.0653], [2.1154, -0.3264], [4.2569, -0.8486], [3.6858, -1.5013], [0.8306, 0.0], [3.1148, -0.3916]], [[0.9733, -0.0653], [2.1154, -0.3264], [4.2569, -0.8486], [3.6858, -1.5013], [9.3964, -4.9609], [5.9701, -5.0914]], [[0.9733, -0.0653], [2.1154, -0.3264], [4.2569, -0.8486], [3.6858, -1.5013], [5.399, 16.5798], [7.9688, -6.7886]]]",1.4438,0.0,0.0,0.0,0.0,0.0,0.0,True,"[2, 2, 2]",0.0,0.0,0.0,2.5673,4.0,2.1401,3.9783,3.1389,1.5579,2.8585,2.5673,"[[0.973, -0.065], [2.115, -0.326], [4.257, -0.849], [3.686, -1.501], [3.4, -0.914], [4.828, -1.436]]",ok,6.5567,0.0,0.0,1.0,0.0,0.0,1.0,0.0,0.0,0.3333333333333333,09361337f2bf4e819aac2a310481e62f,scene-0331,42
3.73,7.2538,10.2228,2.8539,4.7121,6.3772,0.0,0.0,0.0,0.0,0.0,0.0,0.0,0.0,0.0,ok,straight,4.1626,7.2952,12.0378,3.0702,4.8375,6.379,False,"[-8.2899, -3.1985, -2.7415, -8.2899]","[-2087.5873, -7034.5119, -7454.5359, -190708.0213]","[-1503395.102, -1508342.0266, -1508762.0506, -1692015.536]","[8.201, 6.632, 6.461, 18.227]","[[[1.9727, -0.1305], [4.1141, -0.8486], [6.1129, -1.436], [8.1116, 1.1097], [7.9688, 8.0941], [11.6807, 16.5798]], [[1.9727, -0.1305], [4.1141, -0.8486], [6.1129, -1.436], [8.1116, 1.1097], [7.3977, -3.2637], [13.1083, -6.3969]], [[1.9727, -0.1305], [4.1141, -0.8486], [6.1129, -1.436], [8.1116, 1.1097], [9.1109, -4.5692], [9.9675, -5.4831]], [[1.9727, -0.1305], [4.1141, -0.8486], [6.1129, -1.436], [8.1116, 1.1097], [12.2517, 16.5798], [69.6432, 16.5798]]]",4.8666,0.0,0.0,0.0,0.0,0.0,0.0,False,"[2, 2, 2]",0.0,0.0,0.0,6.4608,4.0,4.1626,7.2952,10.2228,3.0702,4.8375,6.4608,"[[1.973, -0.131], [4.114, -0.849], [6.113, -1.436], [8.112, 1.11], [7.683, 2.415], [12.395, 5.091]]",ok,18.2272,0.0,0.0,0.0,0.0,0.0,0.0,0.0,0.0,0.0,d6f57f68244a4136aa87ae54bf0aaef1,scene-0331,42
1.2939,5.0666,11.8493,0.8472,2.4687,5.0131,0.0,0.0,0.0,0.0,0.0,0.0,0.0,0.0,0.0,ok,left,6.5886,5.5488,12.4175,3.5079,4.6702,6.6211,False,"[-3.329, -3.7859, -3.6554, 8.2899]","[-5919.4703, -6333.3244, -6783.0742, -18870.0141]","[-2530107.6101, -2530521.4642, -2530971.214, -2543058.1539]","[6.481, 6.769, 6.701, 6.01]","[[[2.1154, -0.1958], [4.1141, -6.0706], [5.8273, -4.8303], [7.255, -3.1332], [8.5399, -4.5692], [10.5386, -6.658]], [[2.1154, -0.1958], [4.1141, -6.0706], [5.8273, -4.8303], [7.255, -3.1332], [9.1109, -5.222], [9.1109, -7.5719]], [[2.1154, -0.1958], [4.1141, -6.0706], [5.8273, -4.8303], [7.255, -3.1332], [10.5386, -5.4831], [12.5373, -7.3108]], [[2.1154, -0.1958], [4.1141, -6.0706], [5.8273, -4.8303], [7.255, -3.1332], [4.5424, 1.9582], [13.3939, 16.5798]]]",0.2967,0.0,0.0,0.0,0.0,0.0,0.0,False,"[2, 2, 2]",0.0,0.0,0.0,6.0103,4.0,6.5886,5.5488,11.5667,3.5079,4.6702,6.0103,"[[2.115, -0.196], [4.114, -6.071], [5.827, -4.83], [7.255, -3.133], [8.825, -4.896], [9.825, -7.115]]",ok,6.7686,0.0,0.0,0.0,0.0,0.0,0.0,0.0,0.0,0.0,bb0abb64c37b49058b885392c22d3b29,scene-0331,42
0.4188,1.374,4.5867,0.2522,0.5601,1.7931,0.0,0.0,0.0,0.0,0.0,0.0,0.0,0.0,0.0,ok,straight,0.7314,0.9287,2.1851,0.5372,0.6258,1.2938,True,"[-0.0, -0.4569, -0.5875, -8.2899]","[-461.7819, -636.5117, -1644.9776, -36958.0424]","[3.0237, -1000634.7713, -1001643.2372, -1036956.302]","[1.837, 0.927, 0.988, 5.303]","[[[2.6865, 0.0], [5.6846, -0.0653], [8.5399, 0.0653], [10.3958, -0.5875], [11.1096, 0.0], [14.2505, 0.0]], [[2.6865, 0.0], [5.6846, -0.0653], [8.5399, 0.0653], [10.3958, -0.5875], [12.8228, 0.1305], [19.1045, 0.9138]], [[2.6865, 0.0], [5.6846, -0.0653], [8.5399, 0.0653], [10.3958, -0.5875], [15.107, 0.1305], [15.6781, 1.1749]], [[2.6865, 0.0], [5.6846, -0.0653], [8.5399, 0.0653], [10.3958, -0.5875], [13.3939, -1.1749], [-2.8813, 16.5798]]]",1.7909,0.0,0.0,0.0,0.0,0.0,0.0,False,"[2, 2, 2]",0.0,0.0,0.0,0.9275,4.0,0.7314,0.9287,0.8427,0.5372,0.6258,0.9275,"[[2.686, 0.0], [5.685, -0.065], [8.54, 0.065], [10.396, -0.587], [11.966, 0.065], [16.677, 0.457]]",ok,5.3026,0.0,0.0,0.0,0.0,0.0,0.0,0.0,0.0,0.0,b3105c6e9a3a4a30bddd24b48b111d78,scene-0331,42
5.6955,11.9881,17.9853,4.3003,7.2156,10.2821,0.0,0.0,0.0,0.0,0.0,0.0,0.0,0.0,0.0,ok,straight,5.2661,14.2722,19.9926,4.0856,7.9648,10.7591,False,"[-0.1305, -0.5222, -0.718, -0.0653]","[-1712.688, -19397.3681, -92137.9294, -303532.7431]","[-1001710.6638, -1019395.3438, -1092135.9052, -1303530.7189]","[10.782, 10.738, 14.406, 15.254]","[[[3.1148, 0.0], [5.5418, -0.0653], [9.682, -0.1305], [14.536, -0.1305], [15.107, -0.2611], [18.2479, -0.2611]], [[3.1148, 0.0], [5.5418, -0.0653], [9.682, -0.1305], [14.536, -0.1305], [10.8241, -0.1305], [22.2453, -1.0444]], [[3.1148, 0.0], [5.5418, -0.0653], [9.682, -0.1305], [14.536, -0.1305], [34.8086, 0.0], [20.2466, -1.436]], [[3.1148, 0.0], [5.5418, -0.0653], [9.682, -0.1305], [14.536, -0.1305], [45.9443, -0.2611], [14.2505, -0.1305]]]",2.0574,0.0,0.0,0.0,0.0,0.0,0.0,False,"[2, 2, 2]",0.0,0.0,0.0,10.7375,4.0,5.2661,14.2722,22.0052,4.0856,7.9648,10.7375,"[[3.115, 0.0], [5.542, -0.065], [9.682, -0.131], [14.536, -0.131], [12.966, -0.196], [20.247, -0.653]]",ok,15.2544,0.0,0.0,0.0,0.0,0.0,0.0,0.0,0.0,0.0,097c7295f13a4746a2c46d036c21bd3e,scene-0332,42
6.9454,12.016,17.8493,5.2921,8.0969,10.7916,0.0,0.0,0.0,0.0,0.0,0.0,0.0,0.0,0.0,ok,straight,6.5159,12.8753,18.7058,5.0774,8.2399,11.1726,False,"[-0.0653, -0.1305, -0.3264, -0.7833]","[-114.0399, -107.3832, -244.0135, -4416.3608]","[2.3664, 2.1375, 1.366, -1004415.5238]","[11.364, 10.982, 11.079, 10.046]","[[[3.6858, 0.0], [6.9694, 0.0], [11.2524, -0.0653], [15.107, -0.3264], [19.39, -0.3916], [25.1006, 0.1305]], [[3.6858, 0.0], [6.9694, 0.0], [11.2524, -0.0653], [15.107, -0.3264], [18.8189, -0.1305], [23.3874, -0.2611]], [[3.6858, 0.0], [6.9694, 0.0], [11.2524, -0.0653], [15.107, -0.3264], [19.6755, 0.1305], [23.1019, -0.6527]], [[3.6858, 0.0], [6.9694, 0.0], [11.2524, -0.0653], [15.107, -0.3264], [20.2466, 0.1305], [16.2492, -1.5666]]]",0.4946,0.0,0.0,0.0,0.0,0.0,0.0,True,"[2, 2, 2]",0.0,0.0,0.0,10.046,4.0,6.5159,12.8753,10.804,5.0774,8.2399,10.046,"[[3.686, 0.0], [6.969, 0.0], [11.252, -0.065], [15.107, -0.326], [19.104, -0.261], [24.244, -0.065]]",ok,11.3636,0.0,0.0,0.0,0.0,0.0,0.0,0.0,0.0,0.0,255afd1fb1a34c9ebc1a577e49fbccd4,scene-0332,42
1.2414,1.2806,1.0194,0.8755,1.0437,1.0064,0.0,0.0,0.0,0.0,0.0,0.0,0.0,0.0,0.0,ok,straight,1.2414,1.5646,1.1018,0.6626,0.7703,1.0728,False,"[-0.1305, -0.1305, -0.0653, -0.1958]","[-1318.6845, -1451.3895, -1734.831, -3230.7588]","[-1503813.4726, -1503946.1776, -1504229.6191, -1505725.5469]","[0.871, 1.288, 2.291, 0.957]","[[[3.8286, 0.0], [8.5399, 0.0], [11.2524, -0.1305], [17.1058, -0.1305], [20.8176, -0.1305], [24.8151, -0.2611]], [[3.8286, 0.0], [8.5399, 0.0], [11.2524, -0.1305], [17.1058, -0.1305], [23.1019, 0.1305], [25.1006, 0.2611]], [[3.8286, 0.0], [8.5399, 0.0], [11.2524, -0.1305], [17.1058, -0.1305], [25.1006, -0.5222], [29.098, -0.1305]], [[3.8286, 0.0], [8.5399, 0.0], [11.2524, -0.1305], [17.1058, -0.1305], [19.39, -1.3055], [25.1006, 0.3916]]]",0.5643,0.0,0.0,0.0,0.0,0.0,0.0,False,"[2, 2, 2]",0.0,0.0,0.0,0.8709,4.0,1.2414,1.5646,1.0194,0.6626,0.7703,0.8709,"[[3.829, 0.0], [8.54, 0.0], [11.252, -0.131], [17.106, -0.131], [21.96, 0.0], [24.958, 0.0]]",ok,2.2913,0.0,0.0,0.0,0.0,0.0,0.0,0.0,0.0,0.0,d557b9adf90b44b0b128ceb13e23e386,scene-0332,42
0.9768,0.8238,1.7544,0.7208,0.6493,0.8084,0.0,0.0,0.0,0.0,0.0,0.0,0.0,0.0,0.0,ok,straight,0.8348,4.3926,0.5865,0.721,1.8601,2.5334,False,"[-0.0653, -0.0653, -0.3916, -0.7833]","[-6156.3451, -36908.3155, -54607.3812, -102362.1804]","[-1508306.0935, -1539058.064, -1556757.1297, -1604511.9288]","[1.662, 3.757, 2.914, 4.672]","[[[4.1141, 0.0], [8.6826, 0.0], [12.8228, -0.7833], [14.6787, 0.0653], [23.3874, -0.1305], [26.5282, -0.1305]], [[4.1141, 0.0], [8.6826, 0.0], [12.8228, -0.7833], [14.6787, 0.0653], [9.9675, -0.2611], [29.6691, -0.1305]], [[4.1141, 0.0], [8.6826, 0.0], [12.8228, -0.7833], [14.6787, 0.0653], [32.8099, 0.6527], [28.5269, -0.7833]], [[4.1141, 0.0], [8.6826, 0.0], [12.8228, -0.7833], [14.6787, 0.0653], [39.0915, -1.0444], [33.6665, 1.5666]]]",1.1083,0.0,0.0,0.0,0.0,0.0,0.0,False,"[2, 2, 2]",0.0,0.0,0.0,1.6621,4.0,0.8348,4.3926,2.0332,0.721,1.8601,1.6621,"[[4.114, 0.0], [8.683, 0.0], [12.823, -0.783], [14.679, 0.065], [16.677, -0.196], [28.099, -0.131]]",ok,4.6719,0.0,0.0,0.0,0.0,0.0,0.0,0.0,0.0,0.0,87e52fd5dabd4c1fa075f42c0a89e72e,scene-0332,42
4.5443,9.3964,13.109,3.2585,5.6136,7.5887,0.0,0.0,0.0,0.0,0.0,0.0,0.0,0.0,0.0,ok,straight,5.9704,7.9784,12.538,4.2571,5.7588,7.8994,False,"[-0.0653, -0.0653, -0.0, -0.2611]","[-775.785, -2476.6498, -4192.691, -10385.4821]","[3.4039, -1002474.5937, -1004190.6348, -1010383.426]","[7.876, 7.923, 8.403, 8.879]","[[[2.5437, 0.0], [5.9701, -0.0653], [6.5412, 0.1305], [7.9688, 0.3916], [11.1096, -0.1305], [13.1083, -0.1305]], [[2.5437, 0.0], [5.9701, -0.0653], [6.5412, 0.1305], [7.9688, 0.3916], [12.5373, 0.1305], [11.9662, -0.1305]], [[2.5437, 0.0], [5.9701, -0.0653], [6.5412, 0.1305], [7.9688, 0.3916], [8.8254, 0.6527], [18.5334, 0.0]], [[2.5437, 0.0], [5.9701, -0.0653], [6.5412, 0.1305], [7.9688, 0.3916], [16.2492, 0.6527], [13.9649, -0.5222]]]",0.4074,0.0,0.0,0.0,0.0,0.0,0.0,False,"[2, 2, 2]",0.0,0.0,0.0,7.8757,4.0,5.9704,7.9784,13.109,4.2571,5.7588,7.8757,"[[2.544, 0.0], [5.97, -0.065], [6.541, 0.131], [7.969, 0.392], [11.823, 0.0], [12.537, -0.131]]",ok,8.8787,0.0,0.0,0.0,0.0,0.0,0.0,0.0,0.0,0.0,418cbb70159341c1ada4f3ba1fb69713,scene-0344,42
5.1135,10.5394,15.3931,3.9714,6.4703,9.0163,0.0,0.0,0.0,0.0,0.0,0.0,0.0,0.0,0.0,ok,straight,6.5411,9.3974,14.8267,4.6138,6.7214,9.0657,False,"[-0.0653, -0.3264, -0.1305, -0.6527]","[-665.5378, -650.059, -1524.4697, -12485.0549]","[-1001382.9701, -1001384.1099, -2002909.0719, -2013869.6571]","[9.184, 8.949, 9.993, 8.16]","[[[2.6865, 0.0], [6.5411, 0.0], [8.2543, 0.3264], [9.3964, -0.1305], [12.8228, -0.1305], [15.3926, -0.1305]], [[2.6865, 0.0], [6.5411, 0.0], [8.2543, 0.3264], [9.3964, -0.1305], [12.5373, -0.2611], [14.2505, -0.6527]], [[2.6865, 0.0], [6.5411, 0.0], [8.2543, 0.3264], [9.3964, -0.1305], [12.2517, 0.2611], [20.8176, -0.2611]], [[2.6865, 0.0], [6.5411, 0.0], [8.2543, 0.3264], [9.3964, -0.1305], [15.107, -0.6527], [6.8267, -1.3055]]]",0.6536,0.0,0.0,0.0,0.0,0.0,0.0,True,"[2, 2, 2]",0.0,0.0,0.0,8.1596,4.0,6.5411,9.3974,6.9504,4.6138,6.7214,8.1596,"[[2.686, 0.0], [6.541, 0.0], [8.254, 0.326], [9.396, -0.131], [12.68, -0.196], [14.822, -0.392]]",ok,9.9933,0.0,0.0,0.0,0.0,0.0,0.0,0.0,0.0,0.0,eb9d7bc242d14e92a46c1037126cb204,scene-0344,42
5.1135,10.5394,15.9642,3.9714,6.4703,9.1114,0.0,0.0,0.0,0.0,0.0,0.0,0.0,0.0,0.0,ok,straight,5.6846,9.6899,14.2505,4.3283,6.4718,8.8058,True,"[-0.0653, -0.0653, -0.0653, -0.1305]","[-84.1494, -556.8705, -1978.9158, -9225.8143]","[2.5996, -1000555.6293, -1001977.6747, -1009224.5732]","[9.112, 8.503, 8.875, 6.356]","[[[2.972, 0.0], [5.6846, 0.0], [7.5405, -0.0653], [9.682, -0.3916], [12.8228, -0.1305], [15.9636, -0.1305]], [[2.972, 0.0], [5.6846, 0.0], [7.5405, -0.0653], [9.682, -0.3916], [12.5373, -1.1749], [12.5373, 0.1305]], [[2.972, 0.0], [5.6846, 0.0], [7.5405, -0.0653], [9.682, -0.3916], [14.2505, -0.3916], [13.1083, -0.1305]], [[2.972, 0.0], [5.6846, 0.0], [7.5405, -0.0653], [9.682, -0.3916], [4.2569, -0.3916], [7.9688, 0.2611]]]",1.0932,0.0,0.0,0.0,0.0,0.0,0.0,True,"[2, 2, 2]",0.0,0.0,0.0,6.3559,4.0,5.6846,9.6899,7.9731,4.3283,6.4718,6.3559,"[[2.972, 0.0], [5.685, 0.0], [7.541, -0.065], [9.682, -0.392], [12.68, -0.653], [14.25, 0.0]]",ok,9.1125,0.0,0.0,0.0,0.0,0.0,0.0,0.0,0.0,0.0,113f0ef12c2d455ebd676580a8bb9d57,scene-0344,42
5.399,11.1104,17.3918,4.1141,6.7558,9.5873,0.0,0.0,1.0,0.0,0.0,1.0,0.0,0.0,0.3333333333333333,ok,straight,5.6846,10.3966,17.1077,4.3283,6.9702,9.8495,False,"[-0.0653, -0.3264, -0.0653, -0.0653]","[-226.2642, -1348.0083, -1973.2761, -1201410.6501]","[3.7017, -1001345.4632, -1001970.731, -2201408.1049]","[9.73, 9.97, 10.634, 17.773]","[[[2.972, 0.0], [5.6846, 0.0], [8.8254, -0.1958], [10.3958, -0.1305], [13.1083, -0.1305], [17.3913, -0.1305]], [[2.972, 0.0], [5.6846, 0.0], [8.8254, -0.1958], [10.3958, -0.1305], [15.107, -0.1305], [16.8202, 0.6527]], [[2.972, 0.0], [5.6846, 0.0], [8.8254, -0.1958], [10.3958, -0.1305], [13.1083, -0.1305], [22.8163, -0.1305]], [[2.972, 0.0], [5.6846, 0.0], [8.8254, -0.1958], [10.3958, -0.1305], [69.6432, -0.5222], [9.1109, -0.1305]]]",3.334,0.0,0.0,1.0,0.0,0.0,1.0,True,"[2, 2, 2]",0.0,0.0,0.3333333333333333,9.7303,4.0,5.6846,10.3966,17.3918,4.3283,6.9702,9.7303,"[[2.972, 0.0], [5.685, 0.0], [8.825, -0.196], [10.396, -0.131], [14.108, -0.131], [17.106, 0.261]]",ok,17.773,0.0,0.0,0.0,0.0,0.0,1.0,0.0,0.0,0.16666666666666666,23d04168ebfa4aabbd7ab5024c7f096f,scene-0344,42
5.399,10.5394,16.8207,4.2569,6.7558,9.5873,0.0,0.0,0.0,0.0,0.0,0.0,0.0,0.0,0.0,ok,straight,5.8277,9.8256,15.3931,4.614,6.6843,9.6111,False,"[-0.0653, -0.0653, -0.4569, -1.0444]","[-252.2786, -7828.1224, -17284.7794, -36249.4573]","[4.8129, -1007825.2901, -1017281.9471, -1036246.625]","[9.397, 9.825, 11.304, 20.823]","[[[3.4003, 0.0], [5.8273, -0.0653], [7.6833, -0.0653], [9.8247, -0.1305], [13.6794, -0.1305], [15.9636, -0.1305]], [[3.4003, 0.0], [5.8273, -0.0653], [7.6833, -0.0653], [9.8247, -0.1305], [17.3913, -0.2611], [14.8215, -0.1305]], [[3.4003, 0.0], [5.8273, -0.0653], [7.6833, -0.0653], [9.8247, -0.1305], [21.3887, -0.1305], [19.6755, 0.9138]], [[3.4003, 0.0], [5.8273, -0.0653], [7.6833, -0.0653], [9.8247, -0.1305], [28.5269, -0.2611], [69.6432, -2.0888]]]",4.6646,0.0,0.0,0.0,0.0,0.0,0.0,False,"[2, 2, 2]",0.0,0.0,0.0,9.3969,4.0,5.8277,9.8256,15.9642,4.614,6.6843,9.3969,"[[3.4, 0.0], [5.827, -0.065], [7.683, -0.065], [9.825, -0.131], [15.535, -0.196], [15.393, -0.131]]",ok,20.8233,0.0,0.0,0.0,0.0,0.0,0.0,0.0,0.0,0.0,c525629d7b3749d8968b486bb5412adf,scene-0345,42
1.7381,1.4861,2.3821,1.2208,1.3436,1.5379,0.0,0.0,0.0,0.0,0.0,0.0,0.0,0.0,0.0,ok,right,2.3056,0.9408,3.0655,1.6472,1.6291,1.8574,False,"[0.0653, 0.3264, -0.3264, -0.1305]","[-811.2008, -2148.872, -19195.4189, -224665.9773]","[-500662.1763, -1502812.0315, -1519858.5785, -1725329.1368]","[1.709, 2.25, 3.694, 5.91]","[[[2.5437, 0.0], [5.6846, -0.0653], [7.6833, -0.0653], [7.9688, 0.1305], [11.1096, -0.1305], [13.1083, -0.1305]], [[2.5437, 0.0], [5.6846, -0.0653], [7.6833, -0.0653], [7.9688, 0.1305], [9.1109, 0.2611], [17.3913, -0.6527]], [[2.5437, 0.0], [5.6846, -0.0653], [7.6833, -0.0653], [7.9688, 0.1305], [19.39, -0.1305], [18.8189, 0.6527]], [[2.5437, 0.0], [5.6846, -0.0653], [7.6833, -0.0653], [7.9688, 0.1305], [36.2362, 0.5222], [14.536, 0.2611]]]",1.6255,0.0,0.0,0.0,0.0,0.0,0.0,False,"[2, 2, 2]",0.0,0.0,0.0,1.709,4.0,2.3056,0.9408,2.267,1.6472,1.6291,1.709,"[[2.544, 0.0], [5.685, -0.065], [7.683, -0.065], [7.969, 0.131], [10.11, 0.065], [15.25, -0.392]]",ok,5.9099,0.0,0.0,0.0,0.0,0.0,0.0,0.0,0.0,0.0,d8866c75f88a4dbaa461260b81409544,scene-0345,42
1.3761,3.2651,6.1958,0.9915,1.8861,3.1834,0.0,0.0,0.0,0.0,0.0,0.0,0.0,0.0,0.0,ok,right,1.1598,3.2358,6.7448,0.8222,1.5823,3.2079,False,"[2.2846, 1.0444, 2.6763, 3.2637]","[-206.3391, -1409.7019, -3075.7116, -9596.0496]","[1.206, -1001409.3845, -1003075.3941, -1009595.7321]","[3.015, 3.441, 3.562, 3.181]","[[[2.401, -0.0653], [4.828, -0.3264], [7.5405, -1.3708], [9.3964, -1.6319], [11.1096, -3.1332], [13.6794, -4.5692]], [[2.401, -0.0653], [4.828, -0.3264], [7.5405, -1.3708], [9.3964, -1.6319], [9.682, -2.3499], [14.8215, -2.0888]], [[2.401, -0.0653], [4.828, -0.3264], [7.5405, -1.3708], [9.3964, -1.6319], [9.1109, -0.5222], [13.1083, -5.3525]], [[2.401, -0.0653], [4.828, -0.3264], [7.5405, -1.3708], [9.3964, -1.6319], [15.107, -3.9165], [8.5399, -6.5275]]]",0.2143,0.0,0.0,0.0,0.0,0.0,0.0,True,"[2, 2, 2]",0.0,0.0,0.0,3.0154,4.0,1.1598,3.2358,6.4027,0.8222,1.5823,3.0154,"[[2.401, -0.065], [4.828, -0.326], [7.541, -1.371], [9.396, -1.632], [10.396, -2.742], [14.25, -3.329]]",ok,3.5621,0.0,0.0,0.0,0.0,0.0,0.0,0.0,0.0,0.0,699e94e9f1cc4dffa7c58c00fd3a740f,scene-0345,42
1.8522,4.839,6.1148,1.3541,2.9021,4.0105,0.0,0.0,0.0,0.0,0.0,0.0,0.0,0.0,0.0,ok,straight,2.565,4.2665,5.6933,1.7818,2.8658,3.9872,True,"[-0.0653, -0.1958, -1.0444, -0.1305]","[-250.8075, -1068.1458, -1683.8914, -120579.3921]","[3.6878, -1001065.7872, -1001681.5328, -1120577.0334]","[3.986, 3.991, 2.62, 7.319]","[[[4.1141, 0.0], [7.826, -0.0653], [12.9656, 0.0], [17.3913, -0.0653], [20.5321, 0.0], [24.8151, -0.1305]], [[4.1141, 0.0], [7.826, -0.0653], [12.9656, 0.0], [17.3913, -0.0653], [19.6755, -0.3916], [25.6716, 0.3916]], [[4.1141, 0.0], [7.826, -0.0653], [12.9656, 0.0], [17.3913, -0.0653], [25.1006, 0.0], [29.3835, -2.0888]], [[4.1141, 0.0], [7.826, -0.0653], [12.9656, 0.0], [17.3913, -0.0653], [1.6871, 0.0], [23.6729, 0.2611]]]",1.7323,0.0,0.0,0.0,0.0,0.0,0.0,True,"[2, 2, 2]",0.0,0.0,0.0,2.6201,4.0,2.565,4.2665,2.4811,1.7818,2.8658,2.6201,"[[4.114, 0.0], [7.826, -0.065], [12.966, 0.0], [17.391, -0.065], [20.104, -0.196], [25.243, 0.131]]",ok,7.3192,0.0,0.0,0.0,0.0,0.0,0.0,0.0,0.0,0.0,13ccb50e48444e128c76ca469117d676,scene-0345,42
1.6871,3.4003,5.1135,1.2588,2.1154,2.8293,0.0,0.0,0.0,0.0,0.0,0.0,0.0,0.0,0.0,ok,straight,1.9727,3.1148,5.1135,1.4016,2.0443,2.8294,False,"[-0.0, -0.0, -1.6971, -0.4569]","[-66.6093, -153.1782, -1568.8046, -8731.4119]","[3.8465, 3.8223, -1001566.4511, -1008729.0584]","[2.877, 2.782, 2.515, 5.878]","[[[0.8306, 0.0], [1.9727, 0.0], [2.2582, -0.0653], [3.1148, 0.0], [3.9714, 0.0], [5.1135, 0.0]], [[0.8306, 0.0], [1.9727, 0.0], [2.2582, -0.0653], [3.1148, 0.0], [3.4003, 0.0], [5.1135, 0.0]], [[0.8306, 0.0], [1.9727, 0.0], [2.2582, -0.0653], [3.1148, 0.0], [1.6871, 0.0], [3.9714, -3.3943]], [[0.8306, 0.0], [1.9727, 0.0], [2.2582, -0.0653], [3.1148, 0.0], [5.399, 0.0], [21.6742, -0.9138]]]",1.3721,0.0,0.0,0.0,0.0,0.0,0.0,True,"[2, 2, 2]",0.0,0.0,0.0,2.5148,4.0,1.9727,3.1148,5.2243,1.4016,2.0443,2.5148,"[[0.831, 0.0], [1.973, 0.0], [2.258, -0.065], [3.115, 0.0], [3.686, 0.0], [5.113, 0.0]]",ok,5.8783,0.0,0.0,0.0,0.0,0.0,0.0,0.0,0.0,0.0,c35efe5eaf784275b8c7e31fb50aa902,scene-0346,42
1.6871,3.6858,4.5424,1.2588,2.1868,2.8768,0.0,0.0,0.0,0.0,0.0,0.0,0.0,0.0,0.0,ok,straight,1.5444,5.1152,5.6849,1.2588,2.7585,3.5914,False,"[-0.0653, -0.0, -0.0, -0.0]","[-104.1745, -1061.4387, -3813.2428, -7939.5077]","[0.4387, -1001060.2957, -1003812.0998, -1007938.3647]","[3.878, 3.306, 3.496, 4.448]","[[[0.9733, 0.0], [1.5444, 0.0], [3.4003, 0.0653], [5.1135, 0.1305], [5.9701, 0.2611], [6.2556, -0.1305]], [[0.9733, 0.0], [1.5444, 0.0], [3.4003, 0.0653], [5.1135, 0.1305], [3.6858, 0.0], [5.1135, 0.0]], [[0.9733, 0.0], [1.5444, 0.0], [3.4003, 0.0653], [5.1135, 0.1305], [7.9688, 0.1305], [1.9727, 0.0]], [[0.9733, 0.0], [1.5444, 0.0], [3.4003, 0.0653], [5.1135, 0.1305], [3.1148, -0.1305], [12.5373, 0.0]]]",0.4364,0.0,0.0,0.0,0.0,0.0,0.0,True,"[2, 2, 2]",0.0,0.0,0.0,3.3055,4.0,1.5444,5.1152,5.1135,1.2588,2.7585,3.3055,"[[0.973, 0.0], [1.544, 0.0], [3.4, 0.065], [5.114, 0.131], [4.828, 0.131], [5.685, -0.065]]",ok,4.4481,0.0,0.0,0.0,0.0,0.0,0.0,0.0,0.0,0.0,0ed1a404c1fb4f7a87a30d3ee45f7f97,scene-0346,42
1.4399,4.317,5.5495,0.792,2.2878,3.238,0.0,0.0,0.0,0.0,0.0,0.0,0.0,0.0,0.0,ok,straight,1.4399,4.0744,8.8434,0.8633,2.3341,4.0524,False,"[-0.0653, -0.0653, -0.3264, -0.3264]","[-1091.8729, -937.4348, -1573.0285, -1609.4083]","[-500846.4058, -1501785.5593, -1502421.153, -1502457.5328]","[3.413, 4.694, 3.263, 3.579]","[[[1.5444, 0.0], [3.1148, 0.0], [3.6858, 0.0], [5.9701, 1.0444], [6.5412, 0.0], [9.1109, 0.1305]], [[1.5444, 0.0], [3.1148, 0.0], [3.6858, 0.0], [5.9701, 1.0444], [5.399, 0.3916], [2.5437, -0.1305]], [[1.5444, 0.0], [3.1148, 0.0], [3.6858, 0.0], [5.9701, 1.0444], [9.1109, 0.2611], [7.3977, 0.6527]], [[1.5444, 0.0], [3.1148, 0.0], [3.6858, 0.0], [5.9701, 1.0444], [5.6846, 1.0444], [9.1109, -0.6527]]]",0.5636,0.0,0.0,0.0,0.0,0.0,0.0,True,"[2, 2, 2]",0.0,0.0,0.0,3.2625,4.0,1.4399,4.0744,7.2423,0.8633,2.3341,3.2625,"[[1.544, 0.0], [3.115, 0.0], [3.686, 0.0], [5.97, 1.044], [5.97, 0.196], [5.827, 0.0]]",ok,4.6937,0.0,0.0,0.0,0.0,0.0,0.0,0.0,0.0,0.0,5ad76231ff724caa85e151d89bc8770a,scene-0346,42
0.5475,1.1728,1.4434,0.6119,0.671,0.7203,0.0,0.0,0.0,0.0,0.0,0.0,0.0,0.0,0.0,ok,straight,0.119,0.8559,2.1905,0.3263,0.5964,0.8204,False,"[-0.3916, -0.6527, -0.0, -0.4569]","[-352.8225, -831.1806, -4248.8137, -12442.7321]","[-500515.9293, -1501347.891, -1504765.5241, -1512959.4425]","[0.665, 1.453, 1.575, 1.643]","[[[2.6865, 0.0], [4.6852, 0.0653], [6.2556, -0.0653], [9.1109, 0.3264], [13.1083, 0.2611], [14.8215, 0.7833]], [[2.6865, 0.0], [4.6852, 0.0653], [6.2556, -0.0653], [9.1109, 0.3264], [13.3939, -0.1305], [21.9598, 1.3055]], [[2.6865, 0.0], [4.6852, 0.0653], [6.2556, -0.0653], [9.1109, 0.3264], [14.2505, 0.5222], [10.5386, 0.0]], [[2.6865, 0.0], [4.6852, 0.0653], [6.2556, -0.0653], [9.1109, 0.3264], [18.5334, 2.4804], [16.5347, -0.9138]]]",0.3921,0.0,0.0,0.0,0.0,0.0,0.0,True,"[2, 2, 2]",0.0,0.0,0.0,0.6652,4.0,0.119,0.8559,1.4598,0.3263,0.5964,0.6652,"[[2.686, 0.0], [4.685, 0.065], [6.256, -0.065], [9.111, 0.326], [13.251, 0.065], [18.391, 1.044]]",ok,1.6432,0.0,0.0,0.0,0.0,0.0,0.0,0.0,0.0,0.0,0af54713a83e4d54b852eb2239039136,scene-0346,42
0.3072,1.9384,4.9672,0.3359,0.9116,1.9431,0.0,0.0,0.0,0.0,0.0,0.0,0.0,0.0,0.0,ok,straight,0.4718,4.7872,3.0205,0.4893,1.8089,2.4801,False,"[-0.4569, -0.0653, -0.2611, -1.6971]","[-2211.7019, -3144.6842, -7393.1487, -23379.1395]","[-1502924.0854, -1503857.0678, -1508105.5322, -1524091.523]","[2.483, 2.541, 2.362, 2.991]","[[[1.8299, 0.0], [5.2563, 0.1305], [6.1129, -0.3264], [5.6846, -0.2611], [7.3977, 0.3916], [15.9636, 0.9138]], [[1.8299, 0.0], [5.2563, 0.1305], [6.1129, -0.3264], [5.6846, -0.2611], [10.5386, -0.1305], [11.9662, -0.1305]], [[1.8299, 0.0], [5.2563, 0.1305], [6.1129, -0.3264], [5.6846, -0.2611], [12.2517, 0.7833], [11.6807, 0.5222]], [[1.8299, 0.0], [5.2563, 0.1305], [6.1129, -0.3264], [5.6846, -0.2611], [12.8228, -6.0053], [13.6794, 3.3943]]]",0.2379,0.0,0.0,0.0,0.0,0.0,0.0,False,"[2, 2, 2]",0.0,0.0,0.0,2.3618,4.0,0.4718,4.7872,5.2976,0.4893,1.8089,2.3618,"[[1.83, 0.0], [5.256, 0.131], [6.113, -0.326], [5.685, -0.261], [8.968, 0.131], [13.965, 0.392]]",ok,2.9906,0.0,0.0,0.0,0.0,0.0,0.0,0.0,0.0,0.0,4e26b42796024b45a9a852738e3701bb,scene-0519,42
0.9523,2.9046,2.3966,0.5636,1.5163,1.9742,0.0,0.0,0.0,0.0,0.0,0.0,0.0,0.0,0.0,ok,straight,0.8099,5.0285,3.6486,0.7065,2.5105,2.6087,False,"[-0.0653, -0.0653, -0.0653, -0.3264]","[-875.3289, -7293.8821, -10760.5249, -177936.3965]","[-1502223.8122, -1508642.3654, -1512109.0081, -1679284.8798]","[2.637, 2.59, 5.101, 9.904]","[[[4.1141, 0.0], [7.826, 0.0], [14.1077, 0.1305], [18.9617, 0.0653], [20.8176, -0.1305], [23.3874, -0.1305]], [[4.1141, 0.0], [7.826, 0.0], [14.1077, 0.1305], [18.9617, 0.0653], [17.9623, 0.0], [25.9572, 0.1305]], [[4.1141, 0.0], [7.826, 0.0], [14.1077, 0.1305], [18.9617, 0.0653], [21.3887, 0.0], [37.6639, 0.1305]], [[4.1141, 0.0], [7.826, 0.0], [14.1077, 0.1305], [18.9617, 0.0653], [16.8202, -0.1305], [69.6432, -0.6527]]]",2.9762,0.0,0.0,0.0,0.0,0.0,0.0,False,"[2, 2, 2]",0.0,0.0,0.0,2.5905,4.0,0.8099,5.0285,4.9211,0.7065,2.5105,2.5905,"[[4.114, 0.0], [7.826, 0.0], [14.108, 0.131], [18.962, 0.065], [19.39, -0.065], [24.672, 0.0]]",ok,9.9035,0.0,0.0,0.0,0.0,0.0,0.0,0.0,0.0,0.0,f35c8e2c937d4cd486cd0cce36425d5c,scene-0519,42
2.4689,5.9355,9.4207,1.8999,3.4873,5.1052,0.0,0.0,0.0,0.0,0.0,0.0,0.0,0.0,0.0,ok,straight,2.8971,6.2209,8.563,2.0427,3.6301,4.9385,True,"[-0.0, -0.0653, -0.1305, -0.4569]","[-666.5083, -196.1772, -206.3829, -506581.9723]","[3.3754, 3.0061, 2.6347, -1506580.1013]","[4.677, 5.2, 5.203, 17.868]","[[[3.2576, 0.0], [5.5418, 0.0], [8.5399, -0.1305], [10.8241, -0.1305], [15.3926, -0.1305], [17.6768, 0.0]], [[3.2576, 0.0], [5.5418, 0.0], [8.5399, -0.1305], [10.8241, -0.1305], [13.9649, -0.1305], [15.9636, -0.1305]], [[3.2576, 0.0], [5.5418, 0.0], [8.5399, -0.1305], [10.8241, -0.1305], [13.9649, -0.3916], [15.9636, -0.2611]], [[3.2576, 0.0], [5.5418, 0.0], [8.5399, -0.1305], [10.8241, -0.1305], [69.6432, 0.1305], [69.6432, -0.9138]]]",5.5648,0.0,0.0,0.0,0.0,0.0,0.0,True,"[2, 2, 2]",0.0,0.0,0.0,4.6767,4.0,2.8971,6.2209,7.7057,2.0427,3.6301,4.6767,"[[3.258, 0.0], [5.542, 0.0], [8.54, -0.131], [10.824, -0.131], [14.679, -0.131], [16.82, -0.065]]",ok,17.8685,0.0,0.0,0.0,0.0,0.0,0.0,0.0,0.0,0.0,3a90b7c61d7f4016a1a2a680b0eac6e9,scene-0519,42
1.6245,3.2998,2.1388,1.2559,2.0023,2.1097,0.0,0.0,0.0,0.0,0.0,0.0,0.0,0.0,0.0,ok,straight,2.6214,1.3019,3.2768,2.0397,1.8583,1.9908,True,"[-0.0653, -0.1958, -0.4569, -0.1305]","[-411.4037, -1592.0159, -1731.254, -2965.1505]","[3.9462, -1001590.4548, -1001729.6929, -1002963.5894]","[2.014, 2.016, 2.648, 3.108]","[[[3.1148, 0.0], [6.3984, -0.0653], [11.2524, -0.0653], [16.2492, -0.1305], [19.1045, -0.1305], [23.3874, -0.1305]], [[3.1148, 0.0], [6.3984, -0.0653], [11.2524, -0.0653], [16.2492, -0.1305], [21.6742, 0.0], [21.1032, -0.3916]], [[3.1148, 0.0], [6.3984, -0.0653], [11.2524, -0.0653], [16.2492, -0.1305], [20.5321, -0.1305], [18.2479, 0.9138]], [[3.1148, 0.0], [6.3984, -0.0653], [11.2524, -0.0653], [16.2492, -0.1305], [20.2466, -0.1305], [15.6781, -0.2611]]]",0.4611,0.0,0.0,0.0,0.0,0.0,0.0,True,"[2, 2, 2]",0.0,0.0,0.0,2.0137,4.0,2.6214,1.3019,2.1388,2.0397,1.8583,2.0137,"[[3.115, 0.0], [6.398, -0.065], [11.252, -0.065], [16.249, -0.131], [20.389, -0.065], [22.245, -0.261]]",ok,3.1078,0.0,0.0,0.0,0.0,0.0,0.0,0.0,0.0,0.0,4b593e6d756b4827b46e044ee147d4fb,scene-0519,42
1.782,4.2455,5.9327,1.2749,2.4612,3.5592,0.0,0.0,0.0,0.0,0.0,0.0,0.0,0.0,0.0,ok,straight,1.2117,2.1203,4.9298,1.2038,1.6805,2.4926,True,"[-0.1958, -0.0653, -0.0653, -0.1305]","[-748.2968, -1891.541, -5844.9407, -11183.0533]","[-1000746.1719, -1001889.4161, -1005842.8158, -1011180.9284]","[1.957, 3.039, 4.656, 3.134]","[[[2.6865, 0.0], [6.5411, 0.0], [9.3964, -0.0653], [13.2511, 0.0653], [17.6768, 0.1305], [18.2479, -0.3916]], [[2.6865, 0.0], [6.5411, 0.0], [9.3964, -0.0653], [13.2511, 0.0653], [13.1083, -0.1305], [16.2492, -0.1305]], [[2.6865, 0.0], [6.5411, 0.0], [9.3964, -0.0653], [13.2511, 0.0653], [9.3964, -0.2611], [10.253, -0.1305]], [[2.6865, 0.0], [6.5411, 0.0], [9.3964, -0.0653], [13.2511, 0.0653], [10.253, 0.0], [18.5334, -0.2611]]]",0.9613,0.0,0.0,0.0,0.0,0.0,0.0,True,"[2, 2, 2]",0.0,0.0,0.0,1.9567,4.0,1.2117,2.1203,3.9295,1.2038,1.6805,1.9567,"[[2.686, 0.0], [6.541, 0.0], [9.396, -0.065], [13.251, 0.065], [15.393, 0.0], [17.249, -0.261]]",ok,4.656,0.0,0.0,0.0,0.0,0.0,0.0,0.0,0.0,0.0,6123a0c091d24c39ab274cdbad994bc4,scene-0520,42
1.4589,4.0106,8.4464,1.0934,2.2072,3.9243,0.0,0.0,0.0,0.0,0.0,0.0,0.0,0.0,0.0,ok,straight,1.4589,4.4384,7.3073,1.1647,2.5638,3.8328,True,"[-0.1305, -0.1958, -0.1305, -0.3264]","[-217.6611, -381.3389, -2249.0153, -2433.1918]","[4.0108, 3.0345, -1002246.8972, -1002431.0737]","[4.162, 3.511, 4.4, 2.322]","[[[1.2588, 0.0], [2.8293, 0.0], [3.1148, -0.0653], [4.6852, -0.0653], [5.6846, -0.1305], [6.5412, -0.2611]], [[1.2588, 0.0], [2.8293, 0.0], [3.1148, -0.0653], [4.6852, -0.0653], [7.3977, -0.9138], [8.8254, -0.3916]], [[1.2588, 0.0], [2.8293, 0.0], [3.1148, -0.0653], [4.6852, -0.0653], [7.3977, 0.0], [3.4003, 0.2611]], [[1.2588, 0.0], [2.8293, 0.0], [3.1148, -0.0653], [4.6852, -0.0653], [10.8241, -0.2611], [12.5373, -0.6527]]]",0.8057,0.0,0.0,0.0,0.0,0.0,0.0,True,"[2, 2, 2]",0.0,0.0,0.0,2.3223,4.0,1.4589,4.4384,2.5279,1.1647,2.5638,2.3223,"[[1.259, 0.0], [2.829, 0.0], [3.115, -0.065], [4.685, -0.065], [6.541, -0.522], [7.683, -0.326]]",ok,4.3999,0.0,0.0,0.0,0.0,0.0,0.0,0.0,0.0,0.0,b999707d600d4b0db25404e6f41085aa,scene-0520,42
0.3897,0.267,1.6147,0.2932,0.4609,0.6804,0.0,0.0,0.0,0.0,0.0,0.0,0.0,0.0,0.0,ok,straight,0.9607,0.2589,2.035,0.5787,0.4958,1.0778,False,"[-0.1305, -0.1305, -0.1958, -0.1958]","[-373.0895, -6155.2345, -11309.9632, -86489.7937]","[2.8999, -1006154.0673, -1011308.796, -1086488.6265]","[0.704, 1.647, 1.642, 3.402]","[[[4.2569, 0.0], [7.9688, -0.1305], [12.9656, -0.1305], [17.9623, -0.1958], [23.3874, -0.2611], [25.9572, -0.2611]], [[4.2569, 0.0], [7.9688, -0.1305], [12.9656, -0.1305], [17.9623, -0.1958], [17.3913, -0.1305], [25.1006, -0.2611]], [[4.2569, 0.0], [7.9688, -0.1305], [12.9656, -0.1305], [17.9623, -0.1958], [17.6768, -0.1305], [30.2401, -0.3916]], [[4.2569, 0.0], [7.9688, -0.1305], [12.9656, -0.1305], [17.9623, -0.1958], [39.6626, -0.1305], [29.098, -0.3916]]]",0.9756,0.0,0.0,0.0,0.0,0.0,0.0,True,"[2, 2, 2]",0.0,0.0,0.0,0.7036,4.0,0.9607,0.2589,1.6147,0.5787,0.4958,0.7036,"[[4.257, 0.0], [7.969, -0.131], [12.966, -0.131], [17.962, -0.196], [20.389, -0.196], [25.529, -0.261]]",ok,3.402,0.0,0.0,0.0,0.0,0.0,0.0,0.0,0.0,0.0,0018da40529f48678419d44d09da5369,scene-0520,42
3.2433,5.8155,8.6551,2.399,3.9156,5.2973,0.0,0.0,0.0,0.0,0.0,0.0,0.0,0.0,0.0,ok,straight,2.6724,5.958,8.6539,2.1136,3.8443,5.4412,False,"[-0.0653, -0.1305, -0.1305, -0.1958]","[-306.3471, -932.7347, -6975.4357, -74980.187]","[3.6458, -1000931.1559, -1006973.857, -1074978.6082]","[5.297, 5.586, 8.486, 6.294]","[[[3.4003, 0.0], [7.1122, 0.0], [9.2537, -0.0653], [12.68, -0.1958], [15.6781, -0.1305], [19.9611, -0.1305]], [[3.4003, 0.0], [7.1122, 0.0], [9.2537, -0.0653], [12.68, -0.1958], [14.536, 0.3916], [19.39, -0.2611]], [[3.4003, 0.0], [7.1122, 0.0], [9.2537, -0.0653], [12.68, -0.1958], [13.9649, 0.0], [2.5437, -0.2611]], [[3.4003, 0.0], [7.1122, 0.0], [9.2537, -0.0653], [12.68, -0.1958], [15.3926, -15.2743], [23.1019, -0.3916]]]",1.2489,0.0,0.0,0.0,0.0,0.0,0.0,True,"[2, 2, 2]",0.0,0.0,0.0,5.2973,4.0,2.6724,5.958,8.3696,2.1136,3.8443,5.2973,"[[3.4, 0.0], [7.112, 0.0], [9.254, -0.065], [12.68, -0.196], [15.107, 0.131], [19.676, -0.196]]",ok,8.4858,0.0,0.0,0.0,0.0,0.0,0.0,0.0,0.0,0.0,4ea6733a72d34c4980bccafc888e959b,scene-0520,42
2.8916,6.1836,9.4195,2.0942,3.725,5.3013,0.0,0.0,0.0,0.0,0.0,0.0,0.0,0.0,0.0,ok,straight,4.176,4.0427,8.9957,2.5217,3.5464,4.9689,True,"[-0.3916, -0.0653, -0.1305, -0.1305]","[-1082.8737, -2259.7042, -2641.1765, -67179.225]","[-1001611.8247, -2003870.4459, -2004251.9182, -2068789.9667]","[4.758, 5.182, 4.14, 5.404]","[[[3.8286, -0.0653], [5.2563, -0.1958], [9.1109, -0.1958], [14.9643, -0.0653], [17.9623, -0.2611], [19.9611, -0.7833]], [[3.8286, -0.0653], [5.2563, -0.1958], [9.1109, -0.1958], [14.9643, -0.0653], [16.2492, -0.1305], [19.1045, -0.1305]], [[3.8286, -0.0653], [5.2563, -0.1958], [9.1109, -0.1958], [14.9643, -0.0653], [17.3913, -0.3916], [24.244, 0.2611]], [[3.8286, -0.0653], [5.2563, -0.1958], [9.1109, -0.1958], [14.9643, -0.0653], [32.5244, -0.9138], [19.1045, -0.2611]]]",0.4819,0.0,0.0,0.0,0.0,0.0,0.0,False,"[2, 2, 2]",0.0,0.0,0.0,4.1397,4.0,4.176,4.0427,4.3015,2.5217,3.5464,4.1397,"[[3.829, -0.065], [5.256, -0.196], [9.111, -0.196], [14.964, -0.065], [17.106, -0.196], [19.533, -0.457]]",ok,5.4043,0.0,0.0,0.0,0.0,0.0,0.0,0.0,0.0,0.0,107dd32140844573924260f9ad9390bf,scene-0521,42
1.958,2.9799,3.6918,1.343,1.9031,2.4219,0.0,0.0,0.0,0.0,0.0,0.0,0.0,0.0,0.0,ok,straight,5.3835,3.9793,5.4053,2.9138,2.5455,3.1608,False,"[-0.0653, -0.0, -0.0653, -0.0]","[-17330.1383, -18267.4076, -18366.5503, -509190.9872]","[-2550620.5093, -2551557.7786, -2551656.9213, -3042481.3582]","[2.803, 3.522, 2.852, 17.2]","[[[3.9714, 0.0], [3.4003, 0.0], [12.68, -0.0653], [13.2511, -0.0653], [17.9623, -0.1305], [21.6742, -0.1305]], [[3.9714, 0.0], [3.4003, 0.0], [12.68, -0.0653], [13.2511, -0.0653], [17.6768, 0.3916], [17.6768, 0.0]], [[3.9714, 0.0], [3.4003, 0.0], [12.68, -0.0653], [13.2511, -0.0653], [18.5334, 0.1305], [20.8176, -0.1305]], [[3.9714, 0.0], [3.4003, 0.0], [12.68, -0.0653], [13.2511, -0.0653], [69.6432, 0.3916], [69.6432, 0.0]]]",6.13,0.0,0.0,0.0,0.0,0.0,0.0,False,"[2, 2, 2]",0.0,0.0,0.0,2.8025,4.0,5.3835,3.9793,3.4063,2.9138,2.5455,2.8025,"[[3.971, 0.0], [3.4, 0.0], [12.68, -0.065], [13.251, -0.065], [17.82, 0.131], [19.676, -0.065]]",ok,17.2003,0.0,0.0,0.0,0.0,0.0,0.0,0.0,0.0,0.0,31dc0c75e21748edb4b32c388cf4a86a,scene-0521,42
0.7827,2.9739,5.138,0.7649,1.6671,2.5001,0.0,0.0,0.0,0.0,0.0,0.0,0.0,0.0,0.0,ok,straight,0.4984,2.9763,7.1367,0.409,1.5255,3.0243,False,"[-0.0653, -0.0653, -0.0, -0.1305]","[-343.218, -551.3663, -26865.6554, -792164.8466]","[2.6421, 2.6415, -1026863.6165, -1792162.8078]","[2.548, 3.5, 3.596, 11.59]","[[[3.8286, 0.0], [7.3977, 0.0], [12.68, -0.1305], [16.2492, -0.1958], [19.9611, -0.1305], [23.3874, -0.1305]], [[3.8286, 0.0], [7.3977, 0.0], [12.68, -0.1305], [16.2492, -0.1958], [21.6742, -0.1305], [27.3848, -0.1305]], [[3.8286, 0.0], [7.3977, 0.0], [12.68, -0.1305], [16.2492, -0.1958], [24.5295, -0.1305], [11.3952, 0.0]], [[3.8286, 0.0], [7.3977, 0.0], [12.68, -0.1305], [16.2492, -0.1958], [69.6432, 0.1305], [27.9559, -0.2611]]]",3.6498,0.0,0.0,0.0,0.0,0.0,0.0,True,"[2, 2, 2]",0.0,0.0,0.0,2.5484,4.0,0.4984,2.9763,5.138,0.409,1.5255,2.5484,"[[3.829, 0.0], [7.398, 0.0], [12.68, -0.131], [16.249, -0.196], [20.818, -0.131], [25.386, -0.131]]",ok,11.5904,0.0,0.0,0.0,0.0,0.0,0.0,0.0,0.0,0.0,15f6744bf59e4e0189e534de13d468f7,scene-0521,42
5.0654,8.894,11.8185,3.8013,5.9721,7.7045,0.0,0.0,0.0,0.0,0.0,0.0,0.0,0.0,0.0,ok,straight,5.3509,8.894,7.9816,3.944,6.0077,7.3029,True,"[-0.0653, -0.3916, -0.0653, -0.1305]","[-39.1836, -9604.9604, -14171.0235, -1000039.5058]","[2.4848, -1009603.7989, -1014169.862, -2000038.3443]","[7.728, 6.891, 6.681, 16.901]","[[[3.6858, 0.0], [7.6833, 0.0], [10.9669, -0.0653], [14.2505, -0.1305], [17.9623, -0.1305], [21.3887, -0.1305]], [[3.6858, 0.0], [7.6833, 0.0], [10.9669, -0.0653], [14.2505, -0.1305], [20.5321, -0.2611], [13.6794, 0.7833]], [[3.6858, 0.0], [7.6833, 0.0], [10.9669, -0.0653], [14.2505, -0.1305], [11.1096, -0.1305], [21.9598, -0.1305]], [[3.6858, 0.0], [7.6833, 0.0], [10.9669, -0.0653], [14.2505, -0.1305], [69.6432, 16.5798], [22.5308, -0.2611]]]",4.2619,0.0,0.0,0.0,0.0,0.0,0.0,False,"[2, 2, 2]",0.0,0.0,0.0,6.6813,4.0,5.3509,8.894,12.3895,3.944,6.0077,6.6813,"[[3.686, 0.0], [7.683, 0.0], [10.967, -0.065], [14.25, -0.131], [19.247, -0.196], [17.534, 0.326]]",ok,16.9011,0.0,0.0,0.0,0.0,0.0,0.0,0.0,0.0,0.0,1a1dc7ef4955481ba3755fbaa39a53d8,scene-0521,42
2.9406,4.6254,4.9644,2.2685,3.2265,3.7519,0.0,0.0,0.0,0.0,0.0,0.0,0.0,0.0,0.0,ok,straight,2.2288,5.3466,2.1183,1.984,3.55,3.8511,False,"[-0.0653, -0.1305, -0.0, -0.0653]","[-710.9172, -10534.5377, -13600.218, -61453.0773]","[-501504.2526, -1512039.6777, -1515105.358, -1562958.2173]","[3.968, 3.99, 4.967, 6.555]","[[[4.3997, 0.0], [7.826, 0.0653], [13.6794, -0.1305], [17.534, -0.3264], [20.5321, -0.1305], [24.8151, -0.1305]], [[4.3997, 0.0], [7.826, 0.0653], [13.6794, -0.1305], [17.534, -0.3264], [24.8151, -0.5222], [19.1045, -0.2611]], [[4.3997, 0.0], [7.826, 0.0653], [13.6794, -0.1305], [17.534, -0.3264], [27.3848, -0.2611], [23.9585, 0.0]], [[4.3997, 0.0], [7.826, 0.0653], [13.6794, -0.1305], [17.534, -0.3264], [33.6665, -6.7886], [25.9572, -0.1305]]]",1.0533,0.0,0.0,0.0,0.0,0.0,0.0,False,"[2, 2, 2]",0.0,0.0,0.0,3.9676,4.0,2.2288,5.3466,4.9644,1.984,3.55,3.9676,"[[4.4, 0.0], [7.826, 0.065], [13.679, -0.131], [17.534, -0.326], [22.674, -0.326], [21.96, -0.196]]",ok,6.5549,0.0,0.0,0.0,0.0,0.0,0.0,0.0,0.0,0.0,5ec2ee2d55cc4582acd0f92476845a74,scene-0522,42
0.2569,0.0813,3.063,0.285,0.3563,1.0747,0.0,0.0,0.0,0.0,0.0,0.0,0.0,0.0,0.0,ok,straight,0.6156,0.6556,2.5086,0.3936,0.4115,0.7186,True,"[-0.0653, -0.0653, -0.0653, -2.8721]","[-1501.7791, -1535.7879, -1688.3166, -7864.0148]","[-1501961.9231, -1501995.9319, -1502148.4605, -1508324.1587]","[0.962, 0.582, 0.731, 2.368]","[[[3.2576, 0.0], [7.3977, 0.0], [9.9675, -0.1305], [14.8215, -0.0653], [17.9623, -0.2611], [25.1006, -0.1305]], [[3.2576, 0.0], [7.3977, 0.0], [9.9675, -0.1305], [14.8215, -0.0653], [17.1058, 0.1305], [22.5308, -0.1305]], [[3.2576, 0.0], [7.3977, 0.0], [9.9675, -0.1305], [14.8215, -0.0653], [16.2492, -0.1305], [19.9611, -0.1305]], [[3.2576, 0.0], [7.3977, 0.0], [9.9675, -0.1305], [14.8215, -0.0653], [19.1045, -0.2611], [11.6807, -5.7442]]]",0.7102,0.0,0.0,0.0,0.0,0.0,0.0,False,"[2, 2, 2]",0.0,0.0,0.0,0.5816,4.0,0.6156,0.6556,1.2259,0.3936,0.4115,0.5816,"[[3.258, 0.0], [7.398, 0.0], [9.968, -0.131], [14.822, -0.065], [17.534, -0.065], [23.816, -0.131]]",ok,2.3682,0.0,0.0,0.0,0.0,0.0,0.0,0.0,0.0,0.0,3b971d298409494a8fcbc824745e0f16,scene-0522,42
3.4724,6.6143,8.8484,2.4469,3.9448,5.5421,0.0,0.0,0.0,0.0,0.0,0.0,0.0,0.0,0.0,ok,straight,3.4724,5.9002,11.4186,2.518,3.6234,5.9708,False,"[-0.0653, -0.2611, -0.2611, -0.7833]","[-440.4282, -1582.2524, -1867.6465, -4990.3517]","[4.2922, -1001580.056, -1001865.4501, -1004988.1553]","[5.566, 6.378, 5.86, 4.727]","[[[2.6865, -0.0653], [5.1135, -0.1305], [9.2537, -0.1958], [11.2524, -0.1958], [12.8228, -0.1305], [15.3926, -0.1305]], [[2.6865, -0.0653], [5.1135, -0.1305], [9.2537, -0.1958], [11.2524, -0.1958], [10.253, -0.7833], [13.1083, -0.5222]], [[2.6865, -0.0653], [5.1135, -0.1305], [9.2537, -0.1958], [11.2524, -0.1958], [11.1096, 0.7833], [15.3926, -0.5222]], [[2.6865, -0.0653], [5.1135, -0.1305], [9.2537, -0.1958], [11.2524, -0.1958], [17.3913, -0.5222], [15.9636, -1.5666]]]",0.5982,0.0,0.0,0.0,0.0,0.0,0.0,True,"[2, 2, 2]",0.0,0.0,0.0,4.727,4.0,3.4724,5.9002,9.7997,2.518,3.6234,4.727,"[[2.686, -0.065], [5.113, -0.131], [9.254, -0.196], [11.252, -0.196], [11.538, -0.457], [14.25, -0.326]]",ok,6.3778,0.0,0.0,0.0,0.0,0.0,0.0,0.0,0.0,0.0,5374ff6ee0994633b57a197b0bf3ea06,scene-0522,42
1.4089,2.1831,4.3379,0.8457,1.3498,2.2416,0.0,0.0,0.0,0.0,0.0,0.0,0.0,0.0,0.0,ok,straight,1.6952,2.8939,2.8471,1.0585,1.7101,1.7844,True,"[-0.1305, -0.1305, -0.0, -0.3264]","[-165.984, -7978.2337, -11601.9519, -158590.3704]","[2.1434, -1007976.9038, -1011600.6219, -1158589.0405]","[2.482, 1.827, 3.023, 10.036]","[[[2.972, 0.0], [5.1135, -0.0653], [8.2543, 0.0653], [10.3958, -0.1305], [12.8228, -0.1305], [15.3926, -0.2611]], [[2.972, 0.0], [5.1135, -0.0653], [8.2543, 0.0653], [10.3958, -0.1305], [18.5334, -2.0888], [18.5334, 0.2611]], [[2.972, 0.0], [5.1135, -0.0653], [8.2543, 0.0653], [10.3958, -0.1305], [7.3977, -0.1305], [17.6768, 0.0]], [[2.972, 0.0], [5.1135, -0.0653], [8.2543, 0.0653], [10.3958, -0.1305], [13.1083, -0.9138], [69.6432, -0.6527]]]",3.3145,0.0,0.0,0.0,0.0,0.0,0.0,False,"[2, 2, 2]",0.0,0.0,0.0,1.8271,4.0,1.6952,2.8939,1.5695,1.0585,1.7101,1.8271,"[[2.972, 0.0], [5.113, -0.065], [8.254, 0.065], [10.396, -0.131], [15.678, -1.11], [16.963, 0.0]]",ok,10.0356,0.0,0.0,0.0,0.0,0.0,0.0,0.0,0.0,0.0,f656f3b78a2c4ee4824f58ca89fe545d,scene-0522,42
0.3907,1.1554,2.7391,0.3334,0.5332,1.1512,0.0,0.0,0.0,0.0,0.0,0.0,0.0,0.0,0.0,ok,straight,0.1804,0.3584,3.3289,0.2283,0.5213,1.0259,True,"[-0.1305, -0.6527, -0.5222, -0.2611]","[-1224.354, -3721.245, -4920.9812, -1056055.5813]","[-501552.8814, -1505275.9732, -1506475.7094, -2557610.3095]","[1.153, 1.385, 1.108, 9.861]","[[[2.8293, 0.0], [5.9701, -0.1305], [7.5405, -0.0653], [11.2524, -0.5222], [12.2517, -0.2611], [15.107, -0.2611]], [[2.8293, 0.0], [5.9701, -0.1305], [7.5405, -0.0653], [11.2524, -0.5222], [16.2492, -0.1305], [13.1083, -1.3055]], [[2.8293, 0.0], [5.9701, -0.1305], [7.5405, -0.0653], [11.2524, -0.5222], [18.2479, 0.1305], [16.8202, -1.0444]], [[2.8293, 0.0], [5.9701, -0.1305], [7.5405, -0.0653], [11.2524, -0.5222], [69.6432, -0.1305], [15.6781, -0.5222]]]",3.7451,0.0,0.0,0.0,0.0,0.0,0.0,False,"[2, 2, 2]",0.0,0.0,0.0,1.108,4.0,0.1804,0.3584,0.644,0.2283,0.5213,1.108,"[[2.829, 0.0], [5.97, -0.131], [7.541, -0.065], [11.252, -0.522], [14.25, -0.196], [14.108, -0.783]]",ok,9.8608,0.0,0.0,0.0,0.0,0.0,0.0,0.0,0.0,0.0,ce03b6f0c1d2455aa18f6275917485bc,scene-0523,42
0.2749,1.404,5.061,0.199,0.6672,1.7706,0.0,0.0,0.0,0.0,0.0,0.0,0.0,0.0,0.0,ok,straight,0.9144,1.6898,5.5008,0.6766,1.0151,2.1558,False,"[-1.8277, -0.0, -1.6971, -2.1541]","[-191.4926, -1466.9423, -3151.2134, -85720.7019]","[3.1719, -1001463.8985, -1003148.1696, -1085717.658]","[1.97, 2.479, 1.84, 4.791]","[[[2.401, -0.0653], [4.9707, -0.3916], [6.3984, -1.1097], [7.9688, -1.3708], [10.253, -2.3499], [11.1096, -3.6554]], [[2.401, -0.0653], [4.9707, -0.3916], [6.3984, -1.1097], [7.9688, -1.3708], [9.1109, -3.1332], [8.2543, 0.0]], [[2.401, -0.0653], [4.9707, -0.3916], [6.3984, -1.1097], [7.9688, -1.3708], [8.2543, -1.1749], [15.9636, -3.3943]], [[2.401, -0.0653], [4.9707, -0.3916], [6.3984, -1.1097], [7.9688, -1.3708], [10.8241, 16.5798], [8.8254, 4.3081]]]",1.1911,0.0,0.0,0.0,0.0,0.0,0.0,True,"[2, 2, 2]",0.0,0.0,0.0,1.8402,4.0,0.9144,1.6898,3.1298,0.6766,1.0151,1.8402,"[[2.401, -0.065], [4.971, -0.392], [6.398, -1.11], [7.969, -1.371], [9.682, -2.742], [9.682, -1.828]]",ok,4.7914,0.0,0.0,0.0,0.0,0.0,0.0,0.0,0.0,0.0,b6a99c6a8d944129a5ab01e0bdb86cf0,scene-0523,42
1.7085,3.8848,5.7212,1.0337,2.0406,3.1455,0.0,0.0,0.0,0.0,0.0,0.0,0.0,0.0,0.0,ok,straight,0.813,3.7315,4.6959,0.5924,1.7186,2.6454,True,"[-0.1958, -0.1305, -0.1305, -0.0]","[-1124.6069, -1300.5102, -31670.4171, -92040.4851]","[-2003130.8879, -2003306.7911, -2033676.698, -2094046.766]","[2.549, 2.744, 3.584, 4.987]","[[[3.1148, -0.0653], [7.826, -0.0653], [8.8254, -0.1958], [10.6813, -0.0653], [13.3939, -0.2611], [17.9623, 0.3916]], [[3.1148, -0.0653], [7.826, -0.0653], [8.8254, -0.1958], [10.6813, -0.0653], [14.2505, -0.1305], [15.9636, -0.2611]], [[3.1148, -0.0653], [7.826, -0.0653], [8.8254, -0.1958], [10.6813, -0.0653], [4.828, -0.1305], [20.2466, 0.2611]], [[3.1148, -0.0653], [7.826, -0.0653], [8.8254, -0.1958], [10.6813, -0.0653], [14.536, 16.5798], [14.8215, 0.0]]]",0.9604,0.0,0.0,0.0,0.0,0.0,0.0,False,"[2, 2, 2]",0.0,0.0,0.0,2.549,4.0,0.813,3.7315,3.6852,0.5924,1.7186,2.549,"[[3.115, -0.065], [7.826, -0.065], [8.825, -0.196], [10.681, -0.065], [13.822, -0.196], [16.963, 0.065]]",ok,4.9871,0.0,0.0,0.0,0.0,0.0,0.0,0.0,0.0,0.0,09fe2623b0774391ba3a50ec61bc02f7,scene-0523,42
0.778,2.6419,3.3463,0.5414,1.2785,1.9067,0.0,0.0,0.0,0.0,0.0,0.0,0.0,0.0,0.0,ok,straight,0.3526,1.3759,4.8574,0.4001,0.9229,1.8869,True,"[-0.1305, -0.0653, -0.2611, -8.2899]","[-882.7854, -1508.5295, -6499.2545, -188928.2612]","[-500890.709, -1502400.4249, -1507391.1499, -1689820.1566]","[1.67, 2.152, 1.697, 7.274]","[[[3.5431, 0.0], [8.2543, -0.2611], [10.9669, -0.0653], [15.5353, -0.0653], [18.2479, -0.1305], [22.2453, -0.2611]], [[3.5431, 0.0], [8.2543, -0.2611], [10.9669, -0.0653], [15.5353, -0.0653], [18.5334, 1.5666], [19.1045, -0.1305]], [[3.5431, 0.0], [8.2543, -0.2611], [10.9669, -0.0653], [15.5353, -0.0653], [16.2492, -1.0444], [25.9572, -0.5222]], [[3.5431, 0.0], [8.2543, -0.2611], [10.9669, -0.0653], [15.5353, -0.0653], [-2.8813, 0.2611], [24.244, 16.5798]]]",2.3608,0.0,0.0,0.0,0.0,0.0,0.0,True,"[2, 2, 2]",0.0,0.0,0.0,1.6697,4.0,0.3526,1.3759,3.3463,0.4001,0.9229,1.6697,"[[3.543, 0.0], [8.254, -0.261], [10.967, -0.065], [15.535, -0.065], [18.391, 0.718], [20.675, -0.196]]",ok,7.2736,0.0,0.0,1.0,0.0,0.0,1.0,0.0,0.0,0.3333333333333333,08027e9f30d341bfb02d4f8dc52a01eb,scene-0523,42
0.9914,2.1894,3.1823,0.8952,1.2225,1.7196,0.0,0.0,0.0,0.0,0.0,0.0,0.0,0.0,0.0,ok,straight,1.9902,2.7685,0.5045,1.3234,1.9385,1.9403,False,"[-0.1305, -0.1305, -0.3916]","[-184.7573, -4738.4992, -76476.7473]","[2.635, -1004737.3426, -1076475.5907]","[2.197, 2.626, 4.155]","[[[3.8286, 0.0], [6.9694, -0.1305], [11.1096, -0.0653], [15.107, 0.0], [19.9611, -0.1305], [23.3874, -0.2611]], [[3.8286, 0.0], [6.9694, -0.1305], [11.1096, -0.0653], [15.107, 0.0], [17.6768, -0.1305], [29.9546, 0.2611]], [[3.8286, 0.0], [6.9694, -0.1305], [11.1096, -0.0653], [15.107, 0.0], [36.5218, 0.1305], [29.098, 0.7833]]]",0.8404,0.0,0.0,0.0,0.0,0.0,0.0,False,"[2, 2, 2]",0.0,0.0,0.0,2.197,3.0,1.9902,2.7685,3.1823,1.3234,1.9385,2.197,"[[3.829, 0.0], [6.969, -0.131], [11.11, -0.065], [15.107, 0.0], [18.819, -0.131], [26.671, 0.0]]",ok,4.155,0.0,1.0,1.0,0.0,1.0,1.0,0.0,0.25,0.5,89c9204978674480aec9d2a9a377eecc,scene-0524,42
2.0944,4.1546,5.2016,1.6651,2.803,3.7324,0.0,0.0,0.0,0.0,0.0,0.0,0.0,0.0,0.0,ok,straight,2.0944,4.0273,5.2549,1.4509,2.5968,3.3637,True,"[-0.3916, -1.6319, -0.6527, -0.0]","[-467.65, -685.328, -1060.574, -1375.1812]","[4.5013, -1000682.5213, -1001057.7673, -1001372.3745]","[3.595, 3.18, 2.541, 3.358]","[[[3.5431, 0.0], [6.5412, 0.0], [9.3964, -0.0653], [12.9656, 0.1305], [15.107, 0.3916], [19.9611, 0.7833]], [[3.5431, 0.0], [6.5412, 0.0], [9.3964, -0.0653], [12.9656, 0.1305], [17.9623, 0.7833], [19.6755, 3.2637]], [[3.5431, 0.0], [6.5412, 0.0], [9.3964, -0.0653], [12.9656, 0.1305], [18.8189, -1.0444], [23.3874, 1.3055]], [[3.5431, 0.0], [6.5412, 0.0], [9.3964, -0.0653], [12.9656, 0.1305], [15.3926, 1.6971], [21.3887, 0.0]]]",0.391,0.0,0.0,0.0,0.0,0.0,0.0,True,"[2, 2, 2]",0.0,0.0,0.0,2.5411,4.0,2.0944,4.0273,1.7442,1.4509,2.5968,2.5411,"[[3.543, 0.0], [6.541, 0.0], [9.396, -0.065], [12.966, 0.131], [16.535, 0.587], [19.818, 2.024]]",ok,3.5949,0.0,1.0,1.0,0.0,1.0,1.0,0.0,0.25,0.5,e5cb38a3006d417a99b9688336980b8d,scene-0524,42
0.941,3.1305,2.8838,0.8785,1.5831,1.9738,0.0,0.0,0.0,0.0,0.0,0.0,0.0,0.0,0.0,ok,straight,1.3691,0.8457,8.1395,1.0926,1.296,2.9903,False,"[-0.0653, -0.0, -0.0653]","[-1078.5326, -2840.7491, -3098.1117]","[-1501435.9813, -1503198.1977, -1503455.5603]","[2.928, 3.06, 2.064]","[[[4.5424, 0.0], [8.9682, 0.0], [13.2511, -0.1305], [15.9636, 0.0], [22.8163, -0.5222], [31.6678, -0.1305]], [[4.5424, 0.0], [8.9682, 0.0], [13.2511, -0.1305], [15.9636, 0.0], [24.5295, 0.2611], [30.8112, 0.0]], [[4.5424, 0.0], [8.9682, 0.0], [13.2511, -0.1305], [15.9636, 0.0], [23.3874, -0.1305], [25.9572, -0.1305]]]",0.4416,0.0,0.0,0.0,0.0,0.0,0.0,False,"[2, 2, 2]",0.0,0.0,0.0,2.0643,3.0,1.3691,0.8457,2.8681,1.0926,1.296,2.0643,"[[4.542, 0.0], [8.968, 0.0], [13.251, -0.131], [15.964, 0.0], [23.673, -0.131], [31.239, -0.065]]",ok,3.0602,0.0,0.0,1.0,0.0,0.0,1.0,0.0,0.0,0.3333333333333333,1775e201089c4f979dc8892e56872100,scene-0524,42
0.9487,1.3903,3.0513,0.6018,0.8012,1.2221,0.0,0.0,0.0,0.0,0.0,0.0,0.0,0.0,0.0,ok,straight,0.3796,0.5631,3.8605,0.3886,0.5611,1.5011,False,"[-0.0653, -0.0, -0.5222, -0.0653]","[-376.1086, -3783.6489, -3822.1267, -91685.8181]","[-500557.5275, -1504342.2811, -1504380.7589, -1592244.4503]","[1.062, 1.966, 1.356, 3.463]","[[[3.5431, 0.0], [7.3977, 0.0], [10.253, -0.0653], [14.9643, -0.1305], [18.2479, -0.1305], [19.9611, -0.1305]], [[3.5431, 0.0], [7.3977, 0.0], [10.253, -0.0653], [14.9643, -0.1305], [14.2505, -0.1305], [18.2479, 0.0]], [[3.5431, 0.0], [7.3977, 0.0], [10.253, -0.0653], [14.9643, -0.1305], [15.3926, -0.5222], [21.9598, -1.0444]], [[3.5431, 0.0], [7.3977, 0.0], [10.253, -0.0653], [14.9643, -0.1305], [34.2375, 5.0914], [20.2466, 0.1305]]]",0.9263,0.0,0.0,0.0,0.0,0.0,0.0,False,"[2, 2, 2]",0.0,0.0,0.0,1.062,4.0,0.3796,0.5631,3.0513,0.3886,0.5611,1.062,"[[3.543, 0.0], [7.398, 0.0], [10.253, -0.065], [14.964, -0.131], [16.249, -0.131], [19.104, -0.065]]",ok,3.4634,0.0,1.0,1.0,0.0,1.0,1.0,0.0,0.25,0.5,dfa48a639ca54273906096ebbd03660e,scene-0524,42
1.686,2.7047,3.9565,1.1241,1.6268,2.249,0.0,0.0,0.0,0.0,0.0,0.0,0.0,0.0,0.0,ok,straight,0.8295,3.1329,5.5309,0.6958,1.3056,2.4163,False,"[-0.1305, -0.0653, -0.9791, -5.0262]","[-493.2721, -1018.1687, -1234.6223, -9829.6454]","[-500990.6572, -500990.7608, -1502226.6608, -1510821.6839]","[2.702, 2.13, 2.746, 3.625]","[[[1.6871, 0.0], [2.8293, 0.0], [3.6858, 0.0], [6.9694, 0.0], [8.8254, 0.1305], [11.1096, -0.2611]], [[1.6871, 0.0], [2.8293, 0.0], [3.6858, 0.0], [6.9694, 0.0], [7.3977, 0.0], [9.1109, -0.1305]], [[1.6871, 0.0], [2.8293, 0.0], [3.6858, 0.0], [6.9694, 0.0], [7.9688, -0.2611], [11.9662, -1.9582]], [[1.6871, 0.0], [2.8293, 0.0], [3.6858, 0.0], [6.9694, 0.0], [10.8241, -0.1305], [4.5424, -10.0523]]]",0.534,0.0,0.0,0.0,0.0,0.0,0.0,True,"[2, 2, 2]",0.0,0.0,0.0,2.1304,4.0,0.8295,3.1329,4.5298,0.6958,1.3056,2.1304,"[[1.687, 0.0], [2.829, 0.0], [3.686, 0.0], [6.969, 0.0], [8.112, 0.065], [10.11, -0.196]]",ok,3.6246,0.0,0.0,0.0,0.0,0.0,0.0,0.0,0.0,0.0,5b90526901414d2aa5db2b9fdaf858eb,scene-0552,42
3.2471,6.1264,8.3768,2.3263,3.8262,5.199,0.0,0.0,0.0,0.0,0.0,0.0,0.0,0.0,0.0,ok,straight,3.1043,5.2698,8.3832,2.3977,3.7615,4.9465,True,"[-0.0, -0.3264, -1.3708, -1.436]","[-312.6365, -638.8272, -1003.481, -4650.7918]","[-500524.0142, -1501164.8479, -1501529.5018, -1505176.8125]","[5.013, 4.89, 6.257, 5.847]","[[[1.9727, 0.0], [3.5431, 0.0], [5.5418, -0.5222], [5.9701, 0.0], [7.3977, 0.0], [9.1109, 0.0]], [[1.9727, 0.0], [3.5431, 0.0], [5.5418, -0.5222], [5.9701, 0.0], [6.5412, 1.0444], [9.1109, -0.6527]], [[1.9727, 0.0], [3.5431, 0.0], [5.5418, -0.5222], [5.9701, 0.0], [9.682, -0.9138], [13.9649, -2.7415]], [[1.9727, 0.0], [3.5431, 0.0], [5.5418, -0.5222], [5.9701, 0.0], [11.1096, 0.0], [9.9675, 2.8721]]]",0.5708,0.0,0.0,0.0,0.0,0.0,0.0,True,"[2, 2, 2]",0.0,0.0,0.0,4.8902,4.0,3.1043,5.2698,8.4023,2.3977,3.7615,4.8902,"[[1.973, 0.0], [3.543, 0.0], [5.542, -0.522], [5.97, 0.0], [6.969, 0.522], [9.111, -0.326]]",ok,6.2575,0.0,0.0,0.0,0.0,0.0,0.0,0.0,0.0,0.0,f984bba40e134fb7ac6e7abf11a20b69,scene-0552,42
0.8037,4.0779,8.871,0.533,1.7192,3.808,0.0,0.0,0.0,0.0,0.0,0.0,0.0,0.0,0.0,ok,left,0.6194,3.4541,9.6986,0.4574,1.5609,3.5422,True,"[-2.7415, -3.1332, -1.6971, -1.6319]","[-648.4166, -2189.4228, -13049.4298, -122227.328]","[2.6771, -1002186.7358, -1013046.7428, -1122224.641]","[3.788, 3.31, 3.665, 4.77]","[[[2.1154, -0.1305], [3.4003, -0.1305], [5.8273, -1.1749], [8.1116, -1.9582], [8.5399, -4.5692], [9.1109, -5.4831]], [[2.1154, -0.1305], [3.4003, -0.1305], [5.8273, -1.1749], [8.1116, -1.9582], [9.3964, -1.0444], [10.5386, -6.2664]], [[2.1154, -0.1305], [3.4003, -0.1305], [5.8273, -1.1749], [8.1116, -1.9582], [2.2582, 0.0], [6.2556, -3.3943]], [[2.1154, -0.1305], [3.4003, -0.1305], [5.8273, -1.1749], [8.1116, -1.9582], [7.9688, 16.5798], [6.2556, -3.2637]]]",0.5414,0.0,0.0,0.0,0.0,0.0,0.0,True,"[2, 2, 2]",0.0,0.0,0.0,3.3096,4.0,0.6194,3.4541,10.0664,0.4574,1.5609,3.3096,"[[2.115, -0.131], [3.4, -0.131], [5.827, -1.175], [8.112, -1.958], [8.968, -2.807], [9.825, -5.875]]",ok,4.7704,0.0,0.0,0.0,0.0,0.0,0.0,0.0,0.0,0.0,e858e7a613c54860b354e63cd8ae1fc5,scene-0552,42
1.3324,2.5104,4.566,0.6883,1.4677,2.4255,0.0,0.0,0.0,0.0,0.0,0.0,0.0,0.0,0.0,ok,straight,2.6189,2.3506,3.0178,1.6156,1.856,2.3257,True,"[-0.0, -0.1305, -0.3916, -0.0653]","[-723.9547, -1158.9612, -3333.5494, -5985.1856]","[-1501483.474, -1501918.4806, -1504093.0687, -1506744.7049]","[2.917, 1.859, 3.139, 3.092]","[[[2.2582, 0.0], [3.5431, -0.0653], [7.826, 0.0], [10.6813, 0.1305], [12.8228, 0.0], [14.8215, 0.0]], [[2.2582, 0.0], [3.5431, -0.0653], [7.826, 0.0], [10.6813, 0.1305], [13.9649, 0.5222], [20.8176, 0.2611]], [[2.2582, 0.0], [3.5431, -0.0653], [7.826, 0.0], [10.6813, 0.1305], [10.253, -0.1305], [15.9636, 0.7833]], [[2.2582, 0.0], [3.5431, -0.0653], [7.826, 0.0], [10.6813, 0.1305], [14.536, 0.2611], [29.3835, 0.1305]]]",0.522,0.0,0.0,0.0,0.0,0.0,0.0,False,"[2, 2, 2]",0.0,0.0,0.0,1.8593,4.0,2.6189,2.3506,0.8132,1.6156,1.856,1.8593,"[[2.258, 0.0], [3.543, -0.065], [7.826, 0.0], [10.681, 0.131], [13.394, 0.261], [17.82, 0.131]]",ok,3.1392,0.0,0.0,0.0,0.0,0.0,0.0,0.0,0.0,0.0,5ef15615bc08428bab23b2a84e84961e,scene-0552,42
0.026,0.026,0.026,0.026,0.026,0.026,0.0,0.0,0.0,0.0,0.0,0.0,0.0,0.0,0.0,ok,straight,13.2525,0.026,10.2532,6.6393,3.3327,4.9859,False,"[-0.0, -0.0653]","[-86940.1953, -161196.4717]","[-2803789.2145, -2878045.491]","[2.23, 7.754]","[[[-0.026, 0.0], [13.2511, -0.1958], [-0.026, 0.0], [-0.026, 0.0], [-0.026, 0.0], [-0.026, 0.0]], [[-0.026, 0.0], [13.2511, -0.1958], [-0.026, 0.0], [-0.026, 0.0], [-0.026, -12.6633], [20.5321, -0.1305]]]",2.762,0.0,0.0,0.0,0.0,0.0,0.0,False,"[2, 1, 2]",0.0,0.0,0.0,2.2305,2.0,13.2525,0.026,0.026,6.6393,3.3327,2.2305,"[[-0.026, 0.0], [13.251, -0.196], [-0.026, 0.0], [-0.026, 0.0], [-0.026, -6.332], [10.253, -0.065]]",ok,7.7544,0.0,0.0,0.0,0.0,0.0,0.0,0.0,0.0,0.0,8687ba92abd3406aa797115b874ebeba,scene-0553,42
0.026,0.026,0.026,0.026,0.026,0.026,0.0,0.0,0.0,0.0,0.0,0.0,0.0,0.0,0.0,ok,straight,10.5436,1.8346,34.9613,5.2848,3.1076,7.9029,False,"[-0.0, -3.2637]","[-60795.4588, -351665.4234]","[-2702160.2997, -2993030.2644]","[2.08, 13.734]","[[[-0.026, 0.0], [10.5386, -0.3264], [-0.026, 0.0], [1.8299, 0.1305], [-0.026, 0.0], [-0.026, 0.0]], [[-0.026, 0.0], [10.5386, -0.3264], [-0.026, 0.0], [1.8299, 0.1305], [-0.026, 0.0], [69.6432, -6.5275]]]",5.8269,0.0,0.0,0.0,0.0,0.0,0.0,False,"[2, 2, 2]",0.0,0.0,0.0,2.0804,2.0,10.5436,1.8346,0.026,5.2848,3.1076,2.0804,"[[-0.026, 0.0], [10.539, -0.326], [-0.026, 0.0], [1.83, 0.131], [-0.026, 0.0], [34.809, -3.264]]",ok,13.7341,0.0,0.0,0.0,0.0,0.0,0.0,0.0,0.0,0.0,b8766f4291d5449d95bab459ca724ad8,scene-0553,42
0.026,0.026,0.026,0.026,0.026,0.026,0.0,0.0,0.0,0.0,0.0,0.0,0.0,0.0,0.0,ok,straight,6.9694,0.1167,0.1167,3.4977,1.7846,1.2135,False,"[-0.0, -0.0, -0.1305, -0.0]","[-23409.801, -23415.5406, -23595.7451, -24329.9804]","[-2580459.0004, -2580464.74, -2580644.9445, -2581379.1798]","[1.198, 1.237, 1.676, 1.618]","[[[-0.026, 0.0], [6.9694, 0.0], [-0.026, 0.0], [0.1167, 0.0], [-0.026, 0.0], [-0.026, 0.0]], [[-0.026, 0.0], [6.9694, 0.0], [-0.026, 0.0], [0.1167, 0.0], [-0.026, 0.0], [0.2595, 0.0]], [[-0.026, 0.0], [6.9694, 0.0], [-0.026, 0.0], [0.1167, 0.0], [-0.026, 0.0], [-2.8813, 0.2611]], [[-0.026, 0.0], [6.9694, 0.0], [-0.026, 0.0], [0.1167, 0.0], [2.5437, 0.0], [-0.026, 0.0]]]",0.2161,0.0,0.0,0.0,0.0,0.0,0.0,False,"[2, 2, 2]",0.0,0.0,0.0,1.1984,4.0,6.9694,0.1167,0.026,3.4977,1.7846,1.1984,"[[-0.026, 0.0], [6.969, 0.0], [-0.026, 0.0], [0.117, 0.0], [-0.026, 0.0], [0.117, 0.0]]",ok,1.6762,0.0,0.0,0.0,0.0,0.0,0.0,0.0,0.0,0.0,c4f9b75136384ec4a76c4adfc28b4259,scene-0553,42
0.026,0.026,0.026,0.026,0.026,0.026,0.0,0.0,0.0,0.0,0.0,0.0,0.0,0.0,0.0,ok,straight,0.026,0.026,10.3976,0.2855,8.8514,7.6382,False,"[-0.1958, -0.0]","[-645209.0504, -647025.6971]","[-3665407.6739, -3667224.3207]","[9.376, 5.91]","[[[0.545, 0.0], [-0.026, 0.0], [34.8086, -0.0653], [-0.026, 0.0], [-0.026, 0.0], [20.8176, -0.3916]], [[0.545, 0.0], [-0.026, 0.0], [34.8086, -0.0653], [-0.026, 0.0], [-0.026, 0.0], [-0.026, 0.0]]]",1.7329,0.0,0.0,0.0,0.0,0.0,0.0,False,"[2, 2, 2]",0.0,0.0,0.0,5.9096,2.0,0.026,0.026,0.026,0.2855,8.8514,5.9096,"[[0.545, 0.0], [-0.026, 0.0], [34.809, -0.065], [-0.026, 0.0], [-0.026, 0.0], [10.396, -0.196]]",ok,9.3755,0.0,0.0,0.0,0.0,0.0,0.0,0.0,0.0,0.0,c143943fd6e246448eab88ce1a0aeda9,scene-0553,42
0.026,0.026,0.026,0.026,0.026,0.026,0.0,0.0,0.0,0.0,0.0,0.0,0.0,0.0,0.0,ok,straight,0.026,0.026,1.1161,0.0714,0.0487,0.3093,False,"[-0.0, -0.0]","[-3.1958, -49.1119]","[1.0, -1.0]","[0.041, 0.595]","[[[0.1167, 0.0], [-0.026, 0.0], [-0.026, 0.0], [-0.026, 0.0], [-0.026, 0.0], [-0.026, 0.0]], [[0.1167, 0.0], [-0.026, 0.0], [-0.026, 0.0], [-0.026, 0.0], [1.1161, 0.0], [2.2582, 0.0]]]",0.2769,0.0,0.0,0.0,0.0,0.0,0.0,True,"[2, 1, 2]",0.0,0.0,0.0,0.0412,2.0,0.026,0.026,0.026,0.0714,0.0487,0.0412,"[[0.117, 0.0], [-0.026, 0.0], [-0.026, 0.0], [-0.026, 0.0], [0.545, 0.0], [1.116, 0.0]]",ok,0.5949,0.0,0.0,0.0,0.0,0.0,0.0,0.0,0.0,0.0,e0b85d628af34d6bbbbb0da216aa5bca,scene-0554,42
0.026,0.026,0.026,0.026,0.026,0.026,0.0,0.0,0.0,0.0,0.0,0.0,0.0,0.0,0.0,ok,straight,0.1167,8.29,0.2595,0.0935,4.1917,2.8421,False,"[-0.0, -0.0]","[-17428.6057, -17444.7744]","[-1554478.7835, -1554494.9522]","[2.803, 2.89]","[[[-0.026, 0.0653], [0.1167, 0.0], [-0.026, 8.2899], [-0.026, 8.2899], [-0.026, 0.0], [-0.026, 0.0]], [[-0.026, 0.0653], [0.1167, 0.0], [-0.026, 8.2899], [-0.026, 8.2899], [-0.026, 0.0], [0.545, 0.0]]]",0.0432,0.0,0.0,0.0,0.0,0.0,0.0,False,"[2, 2, 2]",0.0,0.0,0.0,2.8032,2.0,0.1167,8.29,0.026,0.0935,4.1917,2.8032,"[[-0.026, 0.065], [0.117, 0.0], [-0.026, 8.29], [-0.026, 8.29], [-0.026, 0.0], [0.259, 0.0]]",ok,2.8897,0.0,0.0,0.0,0.0,0.0,0.0,0.0,0.0,0.0,07036c3a872444c8a7f369d796aa401f,scene-0554,42
0.026,0.026,0.026,0.026,0.026,0.026,0.0,0.0,0.0,0.0,0.0,0.0,0.0,0.0,0.0,ok,straight,0.026,0.9755,1.5499,0.026,0.4288,1.9259,False,"[-0.0, -0.1305, -0.3916]","[-135.889, -92821.9403, -276897.9114]","[2.4929, -1092821.5871, -1276897.5581]","[0.295, 3.57, 11.898]","[[[-0.026, 0.0], [-0.026, 0.0], [0.6878, 0.0], [0.9733, -0.0653], [-0.026, 0.0], [-0.026, 0.0]], [[-0.026, 0.0], [-0.026, 0.0], [0.6878, 0.0], [0.9733, -0.0653], [-0.026, 16.5798], [3.1148, -0.2611]], [[-0.026, 0.0], [-0.026, 0.0], [0.6878, 0.0], [0.9733, -0.0653], [-0.026, 0.0], [69.6432, -0.7833]]]",4.8845,0.0,0.0,0.0,0.0,0.0,0.0,False,"[1, 2, 2]",0.0,0.0,0.0,0.2946,3.0,0.026,0.9755,0.026,0.026,0.4288,0.2946,"[[-0.026, 0.0], [-0.026, 0.0], [0.688, 0.0], [0.973, -0.065], [-0.026, 8.29], [1.544, -0.131]]",ok,11.8982,0.0,0.0,0.0,0.0,0.0,0.0,0.0,0.0,0.0,3494e1a995f6404da4106f156c99ea49,scene-0554,42
0.026,0.026,0.026,0.026,0.026,0.026,0.0,0.0,0.0,0.0,0.0,0.0,0.0,0.0,0.0,ok,straight,0.026,0.2595,0.2595,4.1485,2.1456,1.4931,False,"[-0.0, -0.0, -3.3943]","[-21126.0788, -21139.9058, -23230.9367]","[-2651070.8883, -2651084.7154, -2653175.7462]","[1.565, 1.439, 3.004]","[[[7.826, 2.6763], [-0.026, 0.0], [-0.026, 0.0], [0.2595, 0.0], [0.2595, 0.0], [0.545, 0.0]], [[7.826, 2.6763], [-0.026, 0.0], [-0.026, 0.0], [0.2595, 0.0], [-0.026, 0.0], [-0.026, 0.0]], [[7.826, 2.6763], [-0.026, 0.0], [-0.026, 0.0], [0.2595, 0.0], [1.9727, 0.0], [3.1148, 6.7886]]]",0.71,0.0,0.0,0.0,0.0,0.0,0.0,False,"[2, 2, 2]",0.0,0.0,0.0,1.4391,3.0,0.026,0.2595,0.026,4.1485,2.1456,1.4391,"[[7.826, 2.676], [-0.026, 0.0], [-0.026, 0.0], [0.259, 0.0], [0.117, 0.0], [0.259, 0.0]]",ok,3.004,0.0,0.0,0.0,0.0,0.0,0.0,0.0,0.0,0.0,6e0fe77bfa0241dda2cba2ca84aa53e0,scene-0554,42
0.026,0.3773,2.2091,0.026,0.1203,0.6316,0.0,0.0,0.0,0.0,0.0,0.0,0.0,0.0,0.0,ok,straight,0.1167,0.3773,1.4954,0.0714,0.143,0.5278,True,"[-0.0, -0.0, -0.5875]","[-6.9811, -47.124, -266812.3194]","[2.0846, 2.0843, -1266811.6492]","[0.647, 0.409, 11.524]","[[[-0.026, 0.0], [0.1167, 0.0], [-0.026, 0.0], [-0.026, 0.0], [-0.026, 0.0], [-0.026, 0.0]], [[-0.026, 0.0], [0.1167, 0.0], [-0.026, 0.0], [-0.026, 0.0], [-0.026, 0.0], [1.4016, 0.0]], [[-0.026, 0.0], [0.1167, 0.0], [-0.026, 0.0], [-0.026, 0.0], [-0.026, 0.0], [69.6432, -1.1749]]]",5.1845,0.0,0.0,0.0,0.0,0.0,0.0,True,"[2, 1, 2]",0.0,0.0,0.0,0.4089,3.0,0.1167,0.3773,0.7819,0.0714,0.143,0.4089,"[[-0.026, 0.0], [0.117, 0.0], [-0.026, 0.0], [-0.026, 0.0], [-0.026, 0.0], [0.688, 0.0]]",ok,11.5238,0.0,0.0,0.0,0.0,0.0,0.0,0.0,0.0,0.0,12a42a64274a4453b166d804b625d61f,scene-0555,42
2.1319,5.2073,6.3095,1.5409,2.9318,3.9555,0.0,0.0,0.0,0.0,0.0,0.0,0.0,0.0,0.0,ok,straight,2.1319,4.0112,6.1976,1.113,2.4939,3.3441,True,"[-0.0653, -0.3264, -4.7651, -1.0444]","[-811.0174, -2128.7736, -2579.139, -6212.626]","[-500460.5846, -1502591.2036, -1503041.5691, -1506675.056]","[3.664, 3.047, 4.115, 3.813]","[[[3.1148, 0.0], [4.5424, -0.1305], [6.5412, -0.3916], [9.9675, -1.1097], [11.1096, -0.1305], [13.1083, -0.1305]], [[3.1148, 0.0], [4.5424, -0.1305], [6.5412, -0.3916], [9.9675, -1.1097], [14.8215, -0.6527], [13.3939, -0.6527]], [[3.1148, 0.0], [4.5424, -0.1305], [6.5412, -0.3916], [9.9675, -1.1097], [14.2505, -2.2193], [14.536, -9.5301]], [[3.1148, 0.0], [4.5424, -0.1305], [6.5412, -0.3916], [9.9675, -1.1097], [8.8254, -3.0026], [15.9636, -2.0888]]]",0.3894,0.0,0.0,0.0,0.0,0.0,0.0,True,"[2, 2, 2]",0.0,0.0,0.0,3.0465,4.0,2.1319,4.0112,6.0982,1.113,2.4939,3.0465,"[[3.115, 0.0], [4.542, -0.131], [6.541, -0.392], [9.968, -1.11], [12.966, -0.392], [13.251, -0.392]]",ok,4.1146,0.0,0.0,0.0,0.0,0.0,0.0,0.0,0.0,0.0,2878a9ab393f42a2bbb426d8a14690d9,scene-0555,42
4.1219,6.4223,7.0887,3.2213,4.4556,5.21,0.0,0.0,0.0,0.0,0.0,0.0,0.0,0.0,0.0,ok,straight,4.9789,6.4223,7.3783,3.5784,4.8841,5.8055,False,"[-0.0653, -0.1305, -1.893, -0.1305]","[-149.9701, -681.9445, -3355.0543, -4327.0428]","[4.1104, 3.7231, -1003352.7034, -1004324.6919]","[5.638, 5.974, 5.702, 4.967]","[[[2.6865, 0.0], [6.2556, -0.0653], [8.3971, -0.0653], [10.5386, 0.0], [13.1083, 0.0], [15.107, 0.1305]], [[2.6865, 0.0], [6.2556, -0.0653], [8.3971, -0.0653], [10.5386, 0.0], [14.536, 0.1305], [15.6781, -0.2611]], [[2.6865, 0.0], [6.2556, -0.0653], [8.3971, -0.0653], [10.5386, 0.0], [10.5386, 0.0], [17.3913, 3.7859]], [[2.6865, 0.0], [6.2556, -0.0653], [8.3971, -0.0653], [10.5386, 0.0], [14.2505, -1.6971], [9.682, -0.2611]]]",0.3704,0.0,0.0,0.0,0.0,0.0,0.0,True,"[2, 2, 2]",0.0,0.0,0.0,4.9669,4.0,4.9789,6.4223,1.7229,3.5784,4.8841,4.9669,"[[2.686, 0.0], [6.256, -0.065], [8.397, -0.065], [10.539, 0.0], [13.822, 0.065], [15.393, -0.065]]",ok,5.9735,0.0,0.0,0.0,0.0,0.0,0.0,0.0,0.0,0.0,6d6c81c8b0fb4b57b9bf772819a2f5a2,scene-0555,42
0.9578,1.766,2.1687,0.4999,0.7657,1.2031,0.0,0.0,0.0,0.0,0.0,0.0,0.0,0.0,0.0,ok,straight,0.6724,1.7752,7.2358,0.4589,0.7175,1.8254,False,"[-0.0, -7.0497, -0.0653, -0.2611]","[-288.9076, -11170.1827, -91218.711, -115150.8991]","[3.5484, -1011168.3395, -1091216.8678, -1115149.0559]","[1.218, 3.091, 4.918, 3.749]","[[[3.9714, 0.0], [7.1122, 0.0], [11.2524, -0.1305], [14.2505, 0.1305], [18.2479, -0.1305], [21.6742, 0.0]], [[3.9714, 0.0], [7.1122, 0.0], [11.2524, -0.1305], [14.2505, 0.1305], [20.5321, 0.1305], [30.2401, -14.0994]], [[3.9714, 0.0], [7.1122, 0.0], [11.2524, -0.1305], [14.2505, 0.1305], [18.2479, 16.5798], [14.2505, 0.1305]], [[3.9714, 0.0], [7.1122, 0.0], [11.2524, -0.1305], [14.2505, 0.1305], [35.9507, 0.1305], [20.2466, -0.5222]]]",1.3403,0.0,0.0,0.0,0.0,0.0,0.0,False,"[2, 2, 2]",0.0,0.0,0.0,1.2184,4.0,0.6724,1.7752,2.4532,0.4589,0.7175,1.2184,"[[3.971, 0.0], [7.112, 0.0], [11.252, -0.131], [14.25, 0.131], [19.39, 0.0], [25.957, -7.05]]",ok,4.9185,0.0,0.0,0.0,0.0,0.0,0.0,0.0,0.0,0.0,af40bcc10a22486a9371836ac8b87a3c,scene-0555,42
4.836,8.9859,14.2504,3.6123,5.8495,8.2291,0.0,0.0,0.0,0.0,0.0,0.0,0.0,0.0,0.0,ok,straight,4.5505,11.4099,16.1107,3.6123,6.3123,8.9159,False,"[-0.1305, -0.2611, -2.611, -0.5875]","[-2160.4248, -2498.718, -3616.2695, -5274.4638]","[-1503636.2386, -1503974.5318, -1505092.0834, -1506750.2777]","[8.538, 9.296, 8.953, 9.211]","[[[3.9714, 0.0], [7.1122, 0.0], [10.5386, -0.0653], [16.6775, -0.1305], [18.2479, -0.1305], [21.6742, -0.2611]], [[3.9714, 0.0], [7.1122, 0.0], [10.5386, -0.0653], [16.6775, -0.1305], [19.1045, 0.5222], [25.3861, -0.5222]], [[3.9714, 0.0], [7.1122, 0.0], [10.5386, -0.0653], [16.6775, -0.1305], [18.5334, -0.1305], [23.3874, 5.222]], [[3.9714, 0.0], [7.1122, 0.0], [10.5386, -0.0653], [16.6775, -0.1305], [17.9623, 0.5222], [25.9572, -1.1749]]]",0.295,0.0,0.0,0.0,0.0,0.0,0.0,False,"[2, 2, 2]",0.0,0.0,0.0,8.5376,4.0,4.5505,11.4099,14.2504,3.6123,6.3123,8.5376,"[[3.971, 0.0], [7.112, 0.0], [10.539, -0.065], [16.677, -0.131], [18.676, 0.196], [23.53, -0.392]]",ok,9.2958,0.0,0.0,0.0,0.0,0.0,0.0,0.0,0.0,0.0,17e6f41d3b1f40d4bc85412fe8b67688,scene-0556,42
1.405,4.8965,11.1646,1.1048,2.5207,4.765,0.0,0.0,0.0,0.0,0.0,0.0,0.0,0.0,0.0,ok,left,2.0541,4.9842,11.8525,1.3657,2.7926,5.1248,False,"[-3.5901, -4.1776, -2.7415, -3.329]","[-222.6066, -386.8018, -1181.623, -31668.9404]","[0.0703, -1.0803, -1001181.9047, -1031669.2221]","[4.946, 5.313, 4.946, 6.531]","[[[1.8299, -0.2611], [4.2569, -1.1749], [5.8273, -2.2846], [8.1116, -3.0026], [9.1109, -4.5692], [9.9675, -7.1802]], [[1.8299, -0.2611], [4.2569, -1.1749], [5.8273, -2.2846], [8.1116, -3.0026], [8.5399, -5.3525], [8.2543, -8.3552]], [[1.8299, -0.2611], [4.2569, -1.1749], [5.8273, -2.2846], [8.1116, -3.0026], [9.1109, -6.0053], [8.5399, -5.4831]], [[1.8299, -0.2611], [4.2569, -1.1749], [5.8273, -2.2846], [8.1116, -3.0026], [8.8254, -14.2299], [13.9649, -6.658]]]",0.6506,0.0,0.0,0.0,0.0,0.0,0.0,True,"[2, 2, 2]",0.0,0.0,0.0,4.946,4.0,2.0541,4.9842,9.7278,1.3657,2.7926,4.946,"[[1.83, -0.261], [4.257, -1.175], [5.827, -2.285], [8.112, -3.003], [8.825, -4.961], [9.111, -7.768]]",ok,6.5306,0.0,0.0,0.0,0.0,0.0,0.0,0.0,0.0,0.0,5b790dd0fb6e4545bc7f3273aa178d4c,scene-0556,42
2.6602,4.1024,7.0277,2.0943,3.0688,4.2883,0.0,0.0,0.0,0.0,0.0,0.0,0.0,0.0,0.0,ok,straight,2.5174,6.243,7.3128,1.8087,3.4252,4.7647,False,"[-0.0653, -0.0653, -0.2611, -0.4569]","[-274.315, -302.431, -371.7342, -3513.0088]","[3.2726, 3.2523, 1.9962, -1003511.2481]","[4.573, 4.956, 4.477, 3.539]","[[[1.5444, 0.0], [2.6865, 0.0], [3.8286, 0.1305], [3.8286, 0.0], [5.6846, -0.1305], [7.3977, -0.1305]], [[1.5444, 0.0], [2.6865, 0.0], [3.8286, 0.1305], [3.8286, 0.0], [3.9714, -0.3916], [6.8267, -0.1305]], [[1.5444, 0.0], [2.6865, 0.0], [3.8286, 0.1305], [3.8286, 0.0], [5.9701, 0.0], [7.6833, 0.5222]], [[1.5444, 0.0], [2.6865, 0.0], [3.8286, 0.1305], [3.8286, 0.0], [11.3952, -0.2611], [20.8176, 0.9138]]]",0.5209,0.0,0.0,0.0,0.0,0.0,0.0,True,"[2, 2, 2]",0.0,0.0,0.0,3.5393,4.0,2.5174,6.243,6.4366,1.8087,3.4252,3.5393,"[[1.544, 0.0], [2.686, 0.0], [3.829, 0.131], [3.829, 0.0], [4.828, -0.261], [7.112, -0.131]]",ok,4.9562,0.0,0.0,0.0,0.0,0.0,0.0,0.0,0.0,0.0,8d67c4024af6470faada45dc41ba9a16,scene-0556,42
0.3574,0.5823,1.139,0.3059,0.4095,0.5982,0.0,0.0,0.0,0.0,0.0,0.0,0.0,0.0,0.0,ok,straight,0.2148,0.2757,0.8536,0.2347,0.2972,0.349,True,"[-0.0, -0.0, -0.0653, -0.0]","[-143.8837, -275.2552, -74.6717, -418.4191]","[4.4696, 3.4699, 2.6869, 2.3805]","[0.443, 0.523, 0.399, 0.338]","[[[-0.026, 0.0], [0.1167, 0.0], [-0.026, 0.0], [0.8306, 0.0], [1.6871, 0.0], [0.545, 0.0]], [[-0.026, 0.0], [0.1167, 0.0], [-0.026, 0.0], [0.8306, 0.0], [-0.026, 0.0], [-0.026, 0.0]], [[-0.026, 0.0], [0.1167, 0.0], [-0.026, 0.0], [0.8306, 0.0], [1.6871, 0.0], [1.4016, -0.1305]], [[-0.026, 0.0], [0.1167, 0.0], [-0.026, 0.0], [0.8306, 0.0], [-0.026, 0.0], [1.1161, 0.0]]]",0.0674,0.0,0.0,0.0,0.0,0.0,0.0,True,"[2, 2, 2]",0.0,0.0,0.0,0.3384,4.0,0.2148,0.2757,0.0293,0.2347,0.2972,0.3384,"[[-0.026, 0.0], [0.117, 0.0], [-0.026, 0.0], [0.831, 0.0], [0.831, 0.0], [0.259, 0.0]]",ok,0.5233,0.0,1.0,1.0,0.0,1.0,1.0,0.0,0.5,0.6666666666666666,c5b0f0c5ed114827be185c8dd3b8e3d5,scene-0556,42
2.8432,5.7378,7.2008,2.2562,3.6463,4.6197,0.0,0.0,0.0,0.0,0.0,0.0,0.0,0.0,0.0,ok,right,2.9859,5.1522,7.3051,2.399,3.679,4.7095,False,"[2.0888, 1.2402, 0.6527, 3.2637]","[-240.38, -198.7399, -4974.6043, -13172.2202]","[1.7239, 0.8674, -1004973.9957, -1013171.6117]","[4.794, 4.641, 4.46, 5.93]","[[[3.2576, -0.1305], [6.1129, -0.2611], [9.5392, -0.8486], [11.6807, -1.3708], [14.8215, -2.7415], [17.3913, -4.1776]], [[3.2576, -0.1305], [6.1129, -0.2611], [9.5392, -0.8486], [11.6807, -1.3708], [14.2505, -2.4804], [17.3913, -2.4804]], [[3.2576, -0.1305], [6.1129, -0.2611], [9.5392, -0.8486], [11.6807, -1.3708], [11.9662, -2.7415], [1.9727, -1.3055]], [[3.2576, -0.1305], [6.1129, -0.2611], [9.5392, -0.8486], [11.6807, -1.3708], [19.1045, -7.7024], [17.3913, -6.5275]]]",0.5744,0.0,0.0,0.0,0.0,0.0,0.0,True,"[2, 2, 2]",0.0,0.0,0.0,4.4596,4.0,2.9859,5.1522,8.2634,2.399,3.679,4.4596,"[[3.258, -0.131], [6.113, -0.261], [9.539, -0.849], [11.681, -1.371], [14.536, -2.611], [17.391, -3.329]]",ok,5.9295,0.0,0.0,0.0,0.0,0.0,0.0,0.0,0.0,0.0,6cb74a87748b4fab82ad1b0869b27e01,scene-0557,42
1.8432,2.9313,4.1783,1.2049,1.8633,2.4998,0.0,0.0,0.0,0.0,0.0,0.0,0.0,0.0,0.0,ok,straight,1.425,4.347,5.5889,0.9248,2.3956,3.2776,False,"[-0.0, -0.3264, -0.3264, -5.1567]","[-354.2952, -137.5069, -4493.3216, -5390.8849]","[4.5684, 4.5075, -1004490.3757, -1005387.9391]","[2.855, 3.706, 3.136, 4.22]","[[[2.972, 0.0], [6.1129, 0.0653], [10.3958, -0.0653], [13.6794, -0.0653], [15.107, 0.0], [18.2479, 0.0]], [[2.972, 0.0], [6.1129, 0.0653], [10.3958, -0.0653], [13.6794, -0.0653], [17.3913, -0.2611], [21.1032, -0.6527]], [[2.972, 0.0], [6.1129, 0.0653], [10.3958, -0.0653], [13.6794, -0.0653], [16.2492, 4.047], [16.8202, 0.6527]], [[2.972, 0.0], [6.1129, 0.0653], [10.3958, -0.0653], [13.6794, -0.0653], [16.8202, 0.0], [17.9623, -10.3134]]]",0.5262,0.0,0.0,0.0,0.0,0.0,0.0,True,"[2, 2, 2]",0.0,0.0,0.0,2.8547,4.0,1.425,4.347,4.1783,0.9248,2.3956,2.8547,"[[2.972, 0.0], [6.113, 0.065], [10.396, -0.065], [13.679, -0.065], [16.249, -0.131], [19.676, -0.326]]",ok,4.2197,0.0,0.0,0.0,0.0,0.0,0.0,0.0,0.0,0.0,6cc682bbd4544c4ea5281c9d87b9c4f6,scene-0557,42
0.8632,3.0083,5.5908,0.506,1.423,2.6214,0.0,0.0,0.0,0.0,0.0,0.0,0.0,0.0,0.0,ok,straight,1.1487,3.592,4.7588,0.5828,1.822,2.6307,False,"[-0.1305, -0.3916, -0.9138, -0.0653]","[-78.8757, -356.9171, -482.7049, -16239.1101]","[3.3971, 2.5752, 0.9936, -1016237.0559]","[2.983, 2.287, 2.565, 2.928]","[[[0.9733, 0.0], [2.8293, 0.0], [4.5424, -0.1305], [5.6846, -0.3264], [6.5412, 0.0], [8.2543, -0.2611]], [[0.9733, 0.0], [2.8293, 0.0], [4.5424, -0.1305], [5.6846, -0.3264], [5.1135, 0.3916], [5.399, -0.7833]], [[0.9733, 0.0], [2.8293, 0.0], [4.5424, -0.1305], [5.6846, -0.3264], [5.1135, -0.1305], [6.8267, 1.8277]], [[0.9733, 0.0], [2.8293, 0.0], [4.5424, -0.1305], [5.6846, -0.3264], [0.545, 0.0], [10.8241, -0.1305]]]",0.283,0.0,0.0,0.0,0.0,0.0,0.0,True,"[2, 2, 2]",0.0,0.0,0.0,2.2873,4.0,1.1487,3.592,3.3902,0.5828,1.822,2.2873,"[[0.973, 0.0], [2.829, 0.0], [4.542, -0.131], [5.685, -0.326], [5.827, 0.196], [6.827, -0.522]]",ok,2.983,0.0,0.0,0.0,0.0,0.0,0.0,0.0,0.0,0.0,9dbec65c6bcf465dab62ea2c4a55ad61,scene-0557,42
1.6871,2.5437,5.1135,1.2588,1.9013,2.6865,0.0,0.0,0.0,0.0,0.0,0.0,0.0,0.0,0.0,ok,straight,2.2582,2.6865,6.1132,1.4016,2.1156,3.0912,False,"[-0.0, -0.0653, -0.2611, -0.0653]","[-188.6871, -252.2541, -798.1573, -959.6958]","[5.2317, 4.3753, -1000795.0035, -1000956.542]","[2.877, 3.305, 3.79, 3.353]","[[[0.545, 0.0], [2.2582, 0.0], [2.972, 0.0653], [2.6865, 0.0], [3.6858, 0.0], [5.1135, 0.0]], [[0.545, 0.0], [2.2582, 0.0], [2.972, 0.0653], [2.6865, 0.0], [4.2569, 0.0], [7.1122, -0.1305]], [[0.545, 0.0], [2.2582, 0.0], [2.972, 0.0653], [2.6865, 0.0], [5.6846, 0.6527], [8.5399, 0.5222]], [[0.545, 0.0], [2.2582, 0.0], [2.972, 0.0653], [2.6865, 0.0], [3.1148, 0.0], [8.5399, -0.1305]]]",0.3233,0.0,0.0,0.0,0.0,0.0,0.0,True,"[2, 2, 2]",0.0,0.0,0.0,2.877,4.0,2.2582,2.6865,5.1135,1.4016,2.1156,2.877,"[[0.545, 0.0], [2.258, 0.0], [2.972, 0.065], [2.686, 0.0], [3.971, 0.0], [6.113, -0.065]]",ok,3.7902,0.0,0.0,0.0,0.0,0.0,0.0,0.0,0.0,0.0,e1dac16e721643a4823deb6e0ebe5394,scene-0557,42
4.9744,10.0573,16.3895,3.8571,6.5131,9.139,0.0,0.0,0.0,0.0,0.0,0.0,0.0,0.0,0.0,ok,straight,4.4036,10.1846,16.1182,3.6431,6.3666,9.0438,True,"[-0.7833, -0.1305, -1.6971, -2.0235]","[-1187.4126, -1512.5974, -1550.8666, -6692.3565]","[-500611.5181, -1502125.294, -1502163.5632, -1507305.0531]","[9.055, 9.041, 10.277, 9.723]","[[[2.972, 0.0], [4.5424, -0.1305], [8.2543, -0.1305], [10.5386, -1.6319], [13.6794, -0.2611], [16.8202, 1.5666]], [[2.972, 0.0], [4.5424, -0.1305], [8.2543, -0.1305], [10.5386, -1.6319], [13.1083, -0.1305], [17.3913, -0.2611]], [[2.972, 0.0], [4.5424, -0.1305], [8.2543, -0.1305], [10.5386, -1.6319], [15.3926, -0.3916], [22.2453, 3.3943]], [[2.972, 0.0], [4.5424, -0.1305], [8.2543, -0.1305], [10.5386, -1.6319], [12.2517, 0.1305], [21.9598, -4.047]]]",0.5148,0.0,1.0,0.0,0.0,1.0,1.0,True,"[2, 2, 2]",0.0,0.25,0.16666666666666666,9.0415,4.0,4.4036,10.1846,16.3908,3.6431,6.3666,9.0415,"[[2.972, 0.0], [4.542, -0.131], [8.254, -0.131], [10.539, -1.632], [13.394, -0.196], [17.106, 0.653]]",ok,10.2774,0.0,0.0,0.0,0.0,0.0,0.0,0.0,0.0,0.0,b4b5e858cd9d4cf9bdb01098ea7d3c45,scene-0558,42
1.839,5.9307,12.2006,1.3252,2.8342,5.2621,0.0,0.0,0.0,0.0,0.0,0.0,0.0,0.0,0.0,ok,right,2.2909,3.6446,17.612,1.5268,2.3999,5.6191,False,"[-8.2899, -2.6763, -3.3943, -3.5248]","[-10019.0197, -22294.7629, -29941.7443, -37085.9404]","[-1511132.8234, -1523408.5666, -1531055.5481, -1538199.7441]","[6.899, 5.211, 4.338, 4.856]","[[[1.8299, 0.3264], [4.6852, 0.1306], [5.6846, 1.2402], [4.5424, 1.6971], [11.1096, 5.8747], [11.3952, 16.5798]], [[1.8299, 0.3264], [4.6852, 0.1306], [5.6846, 1.2402], [4.5424, 1.6971], [2.2582, 0.7833], [19.9611, 5.3525]], [[1.8299, 0.3264], [4.6852, 0.1306], [5.6846, 1.2402], [4.5424, 1.6971], [10.5386, -4.9609], [11.1096, 6.7886]], [[1.8299, 0.3264], [4.6852, 0.1306], [5.6846, 1.2402], [4.5424, 1.6971], [10.5386, -6.3969], [15.9636, 7.0497]]]",0.9598,0.0,0.0,0.0,0.0,0.0,0.0,False,"[2, 2, 2]",0.0,0.0,0.0,4.338,4.0,2.2909,3.6446,12.0291,1.5268,2.3999,4.338,"[[1.83, 0.326], [4.685, 0.131], [5.685, 1.24], [4.542, 1.697], [6.684, 3.329], [15.678, 10.966]]",ok,6.8993,0.0,0.0,0.0,0.0,0.0,0.0,0.0,0.0,0.0,85e6fee037794599bfd43c4faeada38a,scene-0558,42
2.0718,3.7722,5.9065,1.3242,2.3052,3.3477,0.0,0.0,0.0,0.0,0.0,0.0,0.0,0.0,0.0,ok,straight,3.0709,2.7729,9.3307,1.8237,2.5914,4.1091,False,"[-0.0653, -0.2611, -0.5222, -1.0444]","[-1070.0921, -1247.2198, -20313.7821, -39005.8522]","[-1502171.2179, -1502348.3455, -1521414.9079, -1540106.978]","[3.681, 4.538, 5.316, 5.153]","[[[3.1148, 0.0], [7.5405, 0.0], [10.5386, -0.2611], [11.2524, -0.1305], [15.107, -0.1305], [18.2479, -0.1305]], [[3.1148, 0.0], [7.5405, 0.0], [10.5386, -0.2611], [11.2524, -0.1305], [15.107, -0.2611], [23.3874, -0.5222]], [[3.1148, 0.0], [7.5405, 0.0], [10.5386, -0.2611], [11.2524, -0.1305], [22.5308, 0.1305], [20.5321, 1.0444]], [[3.1148, 0.0], [7.5405, 0.0], [10.5386, -0.2611], [11.2524, -0.1305], [24.5295, -0.5222], [17.3913, -2.0888]]]",0.6415,0.0,0.0,1.0,0.0,0.0,1.0,False,"[2, 2, 2]",0.0,0.0,0.16666666666666666,3.6813,4.0,3.0709,2.7729,6.7628,1.8237,2.5914,3.6813,"[[3.115, 0.0], [7.541, 0.0], [10.539, -0.261], [11.252, -0.131], [15.107, -0.196], [20.818, -0.326]]",ok,5.3161,0.0,0.0,0.0,0.0,0.0,0.0,0.0,0.0,0.0,6b47ac2dd28b4501ac292a19644cdd59,scene-0558,42
0.2088,0.2006,0.2008,0.207,0.2039,0.2029,0.0,0.0,0.0,0.0,0.0,0.0,0.0,0.0,0.0,ok,straight,0.2088,0.1079,0.058,0.216,0.1496,0.1428,True,"[-0.0, -0.0, -0.0653, -0.2611]","[-53.2385, -61.8608, -6877.2858, -116544.418]","[4.4235, 4.4233, -1006874.2472, -1116541.3794]","[0.167, 0.147, 1.246, 3.763]","[[[0.4023, 0.0], [-0.026, 0.0], [0.1167, 0.0], [0.2595, 0.0653], [-0.026, 0.0], [-0.026, 0.0]], [[0.4023, 0.0], [-0.026, 0.0], [0.1167, 0.0], [0.2595, 0.0653], [-0.026, 0.0], [0.2595, 0.0]], [[0.4023, 0.0], [-0.026, 0.0], [0.1167, 0.0], [0.2595, 0.0653], [3.9714, -0.3916], [-2.8813, 0.1305]], [[0.4023, 0.0], [-0.026, 0.0], [0.1167, 0.0], [0.2595, 0.0653], [10.5386, 16.5798], [2.5437, 0.5222]]]",1.4731,0.0,0.0,0.0,0.0,0.0,0.0,True,"[2, 2, 2]",0.0,0.0,0.0,0.1473,4.0,0.2088,0.1079,0.0848,0.216,0.1496,0.1473,"[[0.402, 0.0], [-0.026, 0.0], [0.117, 0.0], [0.259, 0.065], [-0.026, 0.0], [0.117, 0.0]]",ok,3.7631,1.0,1.0,1.0,1.0,1.0,1.0,0.5,0.75,0.8333333333333334,05687786492a4b50874d7cd1057ec338,scene-0558,42
0.8365,0.8716,1.5808,0.5518,0.5901,0.6865,0.0,0.0,0.0,0.0,0.0,0.0,0.0,0.0,0.0,ok,straight,0.1391,0.3164,0.4303,0.1337,0.2772,0.2861,True,"[-0.0653, -0.1305, -0.0, -0.0]","[-28.6678, -123.1337, -704.4672, -36429.6054]","[2.8087, 1.5966, -1000701.9507, -1036427.0889]","[0.478, 0.401, 0.574, 4.559]","[[[3.8286, 0.0], [7.5405, 0.0], [10.9669, 0.0], [14.8215, 0.0], [18.2479, -0.1305], [20.8176, -0.1305]], [[3.8286, 0.0], [7.5405, 0.0], [10.9669, 0.0], [14.8215, 0.0], [18.2479, -0.1305], [23.3874, 0.2611]], [[3.8286, 0.0], [7.5405, 0.0], [10.9669, 0.0], [14.8215, 0.0], [17.3913, -0.1305], [23.6729, 0.0]], [[3.8286, 0.0], [7.5405, 0.0], [10.9669, 0.0], [14.8215, 0.0], [19.39, -0.1305], [-2.8813, 0.0]]]",1.7655,0.0,0.0,0.0,0.0,0.0,0.0,True,"[2, 2, 2]",0.0,0.0,0.0,0.4008,4.0,0.1391,0.3164,1.118,0.1337,0.2772,0.4008,"[[3.829, 0.0], [7.541, 0.0], [10.967, 0.0], [14.822, 0.0], [18.248, -0.131], [22.103, 0.065]]",ok,4.5589,0.0,0.0,0.0,0.0,0.0,0.0,0.0,0.0,0.0,029af235f15d4f6f80713b778edc3c61,scene-0559,42
0.5156,2.0168,3.9268,0.5103,1.2039,2.0002,0.0,0.0,0.0,0.0,0.0,0.0,0.0,0.0,0.0,ok,straight,0.6577,1.0185,7.4967,0.5102,0.8829,2.1914,False,"[-0.0, -0.0653, -0.2611, -0.1305]","[-736.7289, -4867.4342, -13497.7882, -48154.5025]","[4.3726, -1004865.1059, -1013495.4598, -1048152.1742]","[1.739, 2.646, 1.87, 4.418]","[[[3.5431, 0.0], [6.9694, 0.0], [10.8241, 0.0], [13.2511, 0.0], [18.2479, 0.0], [21.3887, 0.0]], [[3.5431, 0.0], [6.9694, 0.0], [10.8241, 0.0], [13.2511, 0.0], [15.9636, 0.1305], [29.098, 0.1305]], [[3.5431, 0.0], [6.9694, 0.0], [10.8241, 0.0], [13.2511, 0.0], [21.9598, -0.6527], [17.3913, 0.5222]], [[3.5431, 0.0], [6.9694, 0.0], [10.8241, 0.0], [13.2511, 0.0], [10.253, 0.5222], [35.9507, -0.2611]]]",1.0681,0.0,0.0,0.0,0.0,0.0,0.0,False,"[2, 2, 2]",0.0,0.0,0.0,1.7387,4.0,0.6577,1.0185,3.6415,0.5102,0.8829,1.7387,"[[3.543, 0.0], [6.969, 0.0], [10.824, 0.0], [13.251, 0.0], [17.106, 0.065], [25.243, 0.065]]",ok,4.418,0.0,0.0,0.0,0.0,0.0,0.0,0.0,0.0,0.0,9a1b1abbbb224ed0bf618c2083f91aee,scene-0559,42
0.0557,0.5179,1.1981,0.1405,0.4043,0.6579,0.0,0.0,0.0,0.0,0.0,0.0,0.0,0.0,0.0,ok,straight,0.2757,0.4853,2.6181,0.3925,0.347,0.9039,False,"[-0.0653, -0.0653, -0.0653]","[-379.2284, -401.0393, -10824.7267]","[2.4828, 2.4784, -1010822.9532]","[1.189, 0.62, 1.764]","[[[3.9714, 0.0], [7.1122, 0.0], [10.3958, -0.0653], [13.2511, -0.1305], [18.8189, -0.1305], [24.5295, -0.1305]], [[3.9714, 0.0], [7.1122, 0.0], [10.3958, -0.0653], [13.2511, -0.1305], [18.2479, -0.1305], [21.6742, -0.1305]], [[3.9714, 0.0], [7.1122, 0.0], [10.3958, -0.0653], [13.2511, -0.1305], [12.2517, -0.2611], [24.8151, -0.1305]]]",0.4672,0.0,0.0,0.0,0.0,0.0,0.0,True,"[2, 2, 2]",0.0,0.0,0.0,0.6198,3.0,0.2757,0.4853,1.1981,0.3925,0.347,0.6198,"[[3.971, 0.0], [7.112, 0.0], [10.396, -0.065], [13.251, -0.131], [18.533, -0.131], [23.102, -0.131]]",ok,1.7642,0.0,0.0,0.0,0.0,0.0,0.0,0.0,0.0,0.0,d9394f43b43a46278005844d35f20650,scene-0559,42
0.0783,0.3351,0.4236,0.0687,0.2313,0.2854,0.0,0.0,0.0,0.0,0.0,0.0,0.0,0.0,0.0,ok,straight,0.7262,2.1077,4.7186,0.4596,0.8316,2.0674,False,"[-0.0, -0.3264, -0.0653, -0.0653]","[-1010.6788, -792.2044, -2340.9114, -98585.5721]","[-501257.8133, -501260.4119, -1503600.2222, -1599844.8829]","[1.874, 2.263, 0.687, 3.33]","[[[3.2576, 0.0], [7.255, 0.0], [9.5392, -0.0653], [14.536, 0.4569], [19.39, -0.1305], [21.3887, 0.0]], [[3.2576, 0.0], [7.255, 0.0], [9.5392, -0.0653], [14.536, 0.4569], [19.39, 0.0], [23.6729, 0.6527]], [[3.2576, 0.0], [7.255, 0.0], [9.5392, -0.0653], [14.536, 0.4569], [15.3926, 0.0], [18.2479, -0.1305]], [[3.2576, 0.0], [7.255, 0.0], [9.5392, -0.0653], [14.536, 0.4569], [14.536, -16.5798], [17.6768, -0.1305]]]",0.9449,0.0,0.0,0.0,0.0,0.0,0.0,True,"[2, 2, 2]",0.0,0.0,0.0,0.6874,4.0,0.7262,2.1077,0.4236,0.4596,0.8316,0.6874,"[[3.258, 0.0], [7.255, 0.0], [9.539, -0.065], [14.536, 0.457], [19.39, -0.065], [22.531, 0.326]]",ok,3.3303,0.0,0.0,0.0,0.0,0.0,0.0,0.0,0.0,0.0,6939d4b45ca74f2f9341a72ccedf35e5,scene-0559,42
0.8524,0.9249,1.7229,0.7502,0.9209,1.0571,0.0,0.0,0.0,0.0,0.0,0.0,0.0,0.0,0.0,ok,straight,1.2805,0.931,1.3889,0.893,0.9224,0.9254,True,"[-0.0653, -0.3916, -0.718, -0.1958]","[-147.6507, -270.6875, -788.7005, -22204.135]","[3.1824, 1.8419, -1000787.2506, -1022202.6851]","[1.011, 1.588, 1.573, 2.866]","[[[2.972, 0.0], [4.9707, 0.0], [7.9688, 0.0], [10.5386, 0.0653], [13.1083, 0.0], [14.2505, 0.1305]], [[2.972, 0.0], [4.9707, 0.0], [7.9688, 0.0], [10.5386, 0.0653], [15.107, 0.5222], [20.2466, 0.7833]], [[2.972, 0.0], [4.9707, 0.0], [7.9688, 0.0], [10.5386, 0.0653], [13.9649, -0.3916], [21.1032, 1.436]], [[2.972, 0.0], [4.9707, 0.0], [7.9688, 0.0], [10.5386, 0.0653], [7.3977, 0.0], [23.1019, -0.3916]]]",0.68,0.0,0.0,0.0,0.0,0.0,0.0,True,"[2, 2, 2]",0.0,0.0,0.0,1.0107,4.0,1.2805,0.931,1.7229,0.893,0.9224,1.0107,"[[2.972, 0.0], [4.971, 0.0], [7.969, 0.0], [10.539, 0.065], [14.108, 0.261], [17.249, 0.457]]",ok,2.8662,0.0,0.0,0.0,0.0,0.0,0.0,0.0,0.0,0.0,5c558d97108341ebb7b30b1c841ff57f,scene-0560,42
4.8124,9.9599,15.1081,3.4761,5.823,8.5839,0.0,0.0,1.0,0.0,0.0,1.0,0.0,0.0,0.16666666666666666,ok,straight,4.527,8.5334,16.1144,3.262,5.4305,8.6341,False,"[-0.1305, -0.3916, -3.3943, -8.2899]","[-765.9722, -2207.9912, -6283.6583, -15744.6796]","[2.8049, -1002207.0142, -1006282.6813, -1015743.7026]","[8.322, 8.948, 8.562, 9.078]","[[[2.972, 0.0], [6.2556, -0.1305], [8.8254, -0.0653], [10.8241, -0.1958], [15.3926, -0.1305], [17.3913, -0.2611]], [[2.972, 0.0], [6.2556, -0.1305], [8.8254, -0.0653], [10.8241, -0.1958], [17.1058, -0.9138], [19.39, -0.7833]], [[2.972, 0.0], [6.2556, -0.1305], [8.8254, -0.0653], [10.8241, -0.1958], [11.3952, -0.5222], [21.6742, -6.7886]], [[2.972, 0.0], [6.2556, -0.1305], [8.8254, -0.0653], [10.8241, -0.1958], [13.6794, -0.5222], [15.6781, 16.5798]]]",0.301,0.0,0.0,1.0,0.0,0.0,1.0,False,"[2, 2, 2]",0.0,0.0,0.16666666666666666,8.3225,4.0,4.527,8.5334,15.1094,3.262,5.4305,8.3225,"[[2.972, 0.0], [6.256, -0.131], [8.825, -0.065], [10.824, -0.196], [16.249, -0.522], [18.391, -0.522]]",ok,9.0776,0.0,0.0,0.0,0.0,0.0,0.0,0.0,0.0,0.0,be1a07f716794bd5b4fa374e08b5e724,scene-0560,42
5.1151,10.5393,16.2496,3.9722,6.6134,9.3972,0.0,0.0,0.0,0.0,0.0,0.0,0.0,0.0,0.0,ok,straight,4.5442,9.5427,18.1052,3.4726,5.9732,9.3789,True,"[-0.0653, -0.0, -0.0, -0.9138]","[-418.4253, -1125.7899, -2166.9201, -4634.3655]","[4.1177, -1001123.18, -1002164.3103, -1004631.7557]","[8.97, 9.793, 6.93, 10.142]","[[[2.401, 0.0], [4.5424, -0.1305], [7.3977, -0.3264], [9.5392, -0.2611], [13.6794, -0.1305], [16.2492, -0.1305]], [[2.401, 0.0], [4.5424, -0.1305], [7.3977, -0.3264], [9.5392, -0.2611], [14.8215, -1.5666], [19.9611, 0.0]], [[2.401, 0.0], [4.5424, -0.1305], [7.3977, -0.3264], [9.5392, -0.2611], [11.3952, -0.9138], [6.2556, 0.0]], [[2.401, 0.0], [4.5424, -0.1305], [7.3977, -0.3264], [9.5392, -0.2611], [14.2505, -4.4387], [21.9598, -1.8277]]]",1.2462,0.0,0.0,0.0,0.0,0.0,0.0,True,"[2, 2, 2]",0.0,0.0,0.0,6.9299,4.0,4.5442,9.5427,6.2556,3.4726,5.9732,6.9299,"[[2.401, 0.0], [4.542, -0.131], [7.398, -0.326], [9.539, -0.261], [14.25, -0.849], [18.105, -0.065]]",ok,10.142,0.0,0.0,0.0,0.0,0.0,0.0,0.0,0.0,0.0,93071f98339b40279937bafd206cb42e,scene-0560,42
5.1152,9.9684,16.2497,3.8294,6.2565,9.1593,0.0,0.0,0.0,0.0,0.0,0.0,0.0,0.0,0.0,ok,straight,4.4002,10.9676,15.1273,3.4006,6.5058,9.0676,True,"[-0.0653, -0.718, -0.0653, -0.1305]","[-336.2887, -397.062, -1735.8365, -16311.3171]","[3.7295, 1.3427, -1001733.4086, -1016308.8892]","[9.135, 9.006, 9.184, 8.864]","[[[2.401, 0.0], [4.3997, -0.0653], [8.2543, -0.0653], [10.9669, -0.1305], [12.8228, -0.1305], [15.9636, -0.1305]], [[2.401, 0.0], [4.3997, -0.0653], [8.2543, -0.0653], [10.9669, -0.1305], [13.6794, -0.5222], [14.2505, -1.436]], [[2.401, 0.0], [4.3997, -0.0653], [8.2543, -0.0653], [10.9669, -0.1305], [15.107, -0.5222], [13.9649, -0.1305]], [[2.401, 0.0], [4.3997, -0.0653], [8.2543, -0.0653], [10.9669, -0.1305], [15.3926, -6.2664], [10.5386, -0.2611]]]",0.1243,0.0,0.0,0.0,0.0,0.0,0.0,True,"[2, 2, 2]",0.0,0.0,0.0,8.864,4.0,4.4002,10.9676,10.5418,3.4006,6.5058,8.864,"[[2.401, 0.0], [4.4, -0.065], [8.254, -0.065], [10.967, -0.131], [13.251, -0.326], [15.107, -0.783]]",ok,9.1841,0.0,0.0,0.0,0.0,0.0,0.0,0.0,0.0,0.0,77e97f94955c46d0a943232271a84ab3,scene-0560,42
4.5891,9.9051,15.2689,3.4255,5.9401,8.4908,0.0,0.0,0.0,0.0,0.0,0.0,0.0,0.0,0.0,ok,straight,5.5969,9.0985,16.561,4.1433,6.1821,8.7698,False,"[-2.7415, -2.1541, -3.1332, -0.1958]","[-2847.6826, -4771.586, -5282.0616, -6062.5582]","[-1503522.8374, -1505446.7408, -1505957.2164, -1506737.713]","[8.886, 8.664, 9.162, 8.305]","[[[2.6865, -0.1305], [5.5418, -0.7833], [7.1122, -1.8277], [7.5405, -5.0914], [12.2517, -5.222], [14.2505, -5.4831]], [[2.6865, -0.1305], [5.5418, -0.7833], [7.1122, -1.8277], [7.5405, -5.0914], [8.5399, -3.7859], [17.3913, -4.3081]], [[2.6865, -0.1305], [5.5418, -0.7833], [7.1122, -1.8277], [7.5405, -5.0914], [13.3939, -4.5692], [14.8215, -6.2664]], [[2.6865, -0.1305], [5.5418, -0.7833], [7.1122, -1.8277], [7.5405, -5.0914], [12.2517, -6.1358], [11.3952, 0.3916]]]",0.3135,0.0,0.0,0.0,0.0,0.0,0.0,False,"[2, 2, 2]",0.0,0.0,0.0,8.3054,4.0,5.5969,9.0985,11.4019,4.1433,6.1821,8.3054,"[[2.686, -0.131], [5.542, -0.783], [7.112, -1.828], [7.541, -5.091], [10.396, -4.504], [15.821, -4.896]]",ok,9.162,0.0,0.0,0.0,0.0,0.0,0.0,0.0,0.0,0.0,9eebbe06762c47aa8c671008df5fb474,scene-0561,42
5.1152,11.1104,17.3918,3.9722,6.8989,10.0634,0.0,0.0,0.0,0.0,0.0,0.0,0.0,0.0,0.0,ok,straight,4.6893,10.9686,16.4025,3.831,6.6515,9.7592,True,"[-0.0653, -0.6527, -0.1305, -0.4569]","[-697.6742, -1885.4435, -2032.0655, -30834.4955]","[4.2829, -1001882.8924, -1002029.5144, -1030831.9443]","[9.803, 9.723, 9.031, 9.744]","[[[2.972, -0.0653], [4.6852, -0.1958], [7.9688, -0.3264], [10.9669, -0.1958], [15.3926, -0.1305], [16.8202, -0.1305]], [[2.972, -0.0653], [4.6852, -0.1958], [7.9688, -0.3264], [10.9669, -0.1958], [15.6781, -1.0444], [15.9636, 1.3055]], [[2.972, -0.0653], [4.6852, -0.1958], [7.9688, -0.3264], [10.9669, -0.1958], [12.5373, 2.3499], [14.8215, -0.2611]], [[2.972, -0.0653], [4.6852, -0.1958], [7.9688, -0.3264], [10.9669, -0.1958], [12.5373, -10.1829], [15.6781, -0.9138]]]",0.3156,0.0,0.0,0.0,0.0,0.0,0.0,False,"[2, 2, 2]",0.0,0.0,0.0,9.0309,4.0,4.6893,10.9686,14.8238,3.831,6.6515,9.0309,"[[2.972, -0.065], [4.685, -0.196], [7.969, -0.326], [10.967, -0.196], [15.535, -0.587], [16.392, 0.587]]",ok,9.8033,0.0,0.0,0.0,0.0,0.0,0.0,0.0,0.0,0.0,7636f7b3286245cc95a2bd7ac01a64eb,scene-0561,42
4.5398,8.5702,10.8169,3.399,5.5037,7.1151,0.0,0.0,0.0,0.0,0.0,0.0,0.0,0.0,0.0,ok,straight,3.8263,8.5718,8.8173,3.1137,5.1116,6.4014,True,"[-0.1305, -0.0653, -2.3499, -8.2899]","[-1150.6042, -1391.4376, -15865.5056, -17510.8188]","[-1501748.8348, -1501989.6682, -1516463.7362, -1518109.0494]","[6.854, 5.949, 5.799, 8.716]","[[[2.401, 0.0], [3.8286, -0.1305], [5.8273, -0.0653], [8.9682, -1.5666], [11.1096, 0.0], [13.1083, -0.2611]], [[2.401, 0.0], [3.8286, -0.1305], [5.8273, -0.0653], [8.9682, -1.5666], [9.682, 0.0], [9.1109, -0.1305]], [[2.401, 0.0], [3.8286, -0.1305], [5.8273, -0.0653], [8.9682, -1.5666], [4.828, 0.3916], [11.9662, -4.6998]], [[2.401, 0.0], [3.8286, -0.1305], [5.8273, -0.0653], [8.9682, -1.5666], [14.8215, 0.1305], [9.9675, 16.5798]]]",1.1616,0.0,0.0,0.0,0.0,0.0,0.0,False,"[2, 2, 2]",0.0,0.0,0.0,5.799,4.0,3.8263,8.5718,10.7485,3.1137,5.1116,5.799,"[[2.401, 0.0], [3.829, -0.131], [5.827, -0.065], [8.968, -1.567], [10.396, 0.0], [11.11, -0.196]]",ok,8.7161,0.0,0.0,0.0,0.0,0.0,0.0,0.0,0.0,0.0,00bb84f140c943059a9a1e8e372ddabe,scene-0561,42
1.8407,3.4744,13.0841,1.2893,2.2813,4.6499,0.0,0.0,0.0,0.0,0.0,0.0,0.0,0.0,0.0,ok,left,2.3211,3.675,8.7038,1.5295,2.5669,4.7203,False,"[-2.4804, 1.5013, -8.2899, 8.2899]","[-2014.8017, -9056.2703, -11021.9972, -44465.1947]","[-2003402.4608, -2010443.9294, -2012409.6563, -2045852.8538]","[5.443, 4.002, 7.141, 7.266]","[[[1.6871, 0.0], [2.972, -0.0653], [4.828, -0.4569], [7.1122, 0.3916], [7.3977, -3.1332], [9.1109, -4.9609]], [[1.6871, 0.0], [2.972, -0.0653], [4.828, -0.4569], [7.1122, 0.3916], [7.6833, -3.3943], [12.8228, 3.0026]], [[1.6871, 0.0], [2.972, -0.0653], [4.828, -0.4569], [7.1122, 0.3916], [7.1122, -2.2193], [15.9636, -16.5798]], [[1.6871, 0.0], [2.972, -0.0653], [4.828, -0.4569], [7.1122, 0.3916], [20.2466, 16.5798], [30.5257, 16.5798]]]",1.3417,0.0,0.0,0.0,0.0,0.0,0.0,False,"[2, 2, 2]",0.0,0.0,0.0,4.0022,4.0,2.3211,3.675,4.3492,1.5295,2.5669,4.0022,"[[1.687, 0.0], [2.972, -0.065], [4.828, -0.457], [7.112, 0.392], [7.541, -3.264], [10.967, -0.979]]",ok,7.2658,0.0,0.0,0.0,0.0,0.0,0.0,0.0,0.0,0.0,a11fc6258e564dc4ab612bdf98e90fd1,scene-0561,42
0.6403,0.6521,1.1295,0.4694,0.6364,0.845,0.0,0.0,0.0,0.0,0.0,0.0,0.0,0.0,0.0,ok,straight,0.1139,0.4129,0.6447,0.4194,0.5499,0.6777,True,"[-0.0, -0.0653, -0.5222, -0.3264]","[-660.1345, -1404.5983, -3215.0858, -4839.8684]","[-500351.8458, -1501758.6877, -1503569.1752, -1505193.9578]","[0.693, 1.291, 1.492, 1.081]","[[[4.1141, 0.0], [6.6839, 0.0], [11.1096, -0.0653], [13.9649, 0.0653], [18.2479, 0.0], [21.6742, 0.0]], [[4.1141, 0.0], [6.6839, 0.0], [11.1096, -0.0653], [13.9649, 0.0653], [14.2505, 0.2611], [18.2479, 0.1305]], [[4.1141, 0.0], [6.6839, 0.0], [11.1096, -0.0653], [13.9649, 0.0653], [21.1032, 0.0], [23.3874, 1.0444]], [[4.1141, 0.0], [6.6839, 0.0], [11.1096, -0.0653], [13.9649, 0.0653], [20.5321, 0.9138], [19.6755, -0.6527]]]",0.2957,0.0,0.0,0.0,0.0,0.0,0.0,True,"[2, 2, 2]",0.0,0.0,0.0,0.6933,4.0,0.1139,0.4129,1.1295,0.4194,0.5499,0.6933,"[[4.114, 0.0], [6.684, 0.0], [11.11, -0.065], [13.965, 0.065], [16.249, 0.131], [19.961, 0.065]]",ok,1.4922,0.0,0.0,0.0,0.0,0.0,0.0,0.0,0.0,0.0,e493c6923a0a4d5fb78b75dcc0ffc5ab,scene-0562,42
0.1435,1.4414,2.0692,0.1045,0.6257,0.9759,0.0,0.0,0.0,0.0,0.0,0.0,0.0,0.0,0.0,ok,straight,0.7385,2.1574,0.5395,0.4019,1.2385,1.1272,False,"[-0.1305, -0.1305, -0.1958, -0.1958]","[-824.1526, -829.7521, -1259.0961, -3168.3085]","[-501664.5283, -501664.5341, -501666.9777, -1504834.5562]","[1.456, 1.479, 1.343, 2.391]","[[[3.6858, 0.0], [8.2543, -0.0653], [9.9675, -0.1305], [13.5366, -0.3264], [19.39, 0.0], [26.8138, -0.2611]], [[3.6858, 0.0], [8.2543, -0.0653], [9.9675, -0.1305], [13.5366, -0.3264], [18.2479, -0.2611], [21.6742, -0.2611]], [[3.6858, 0.0], [8.2543, -0.0653], [9.9675, -0.1305], [13.5366, -0.3264], [19.1045, -0.9138], [21.9598, -0.3916]], [[3.6858, 0.0], [8.2543, -0.0653], [9.9675, -0.1305], [13.5366, -0.3264], [18.8189, 0.6527], [31.6678, -0.3916]]]",0.4211,0.0,0.0,0.0,0.0,0.0,0.0,True,"[2, 2, 2]",0.0,0.0,0.0,1.3429,4.0,0.7385,2.1574,1.8029,0.4019,1.2385,1.3429,"[[3.686, 0.0], [8.254, -0.065], [9.968, -0.131], [13.537, -0.326], [18.819, -0.131], [24.244, -0.261]]",ok,2.3913,0.0,0.0,0.0,0.0,0.0,0.0,0.0,0.0,0.0,d74c961ec4274d14b8a211f29e390e30,scene-0562,42
1.1676,1.307,2.1285,0.8336,1.1182,1.4058,0.0,0.0,0.0,0.0,0.0,0.0,0.0,0.0,0.0,ok,straight,1.5952,0.63,2.3154,1.1899,1.2842,1.309,True,"[-0.0, -1.8277, -0.1305, -0.1305]","[-1781.3095, -2610.958, -3483.4442, -5274.6339]","[-1502640.6804, -1503470.3289, -1504342.8151, -1506134.0048]","[1.659, 1.766, 1.783, 2.853]","[[[2.5437, 0.0], [4.9707, 0.0], [7.1122, 0.3916], [11.8235, -0.3916], [12.8228, 0.0], [15.3926, 0.0]], [[2.5437, 0.0], [4.9707, 0.0], [7.1122, 0.3916], [11.8235, -0.3916], [16.8202, 0.3916], [17.3913, -3.6554]], [[2.5437, 0.0], [4.9707, 0.0], [7.1122, 0.3916], [11.8235, -0.3916], [14.536, 2.611], [15.3926, 0.2611]], [[2.5437, 0.0], [4.9707, 0.0], [7.1122, 0.3916], [11.8235, -0.3916], [9.682, 0.3916], [11.3952, 0.2611]]]",0.4863,0.0,0.0,0.0,0.0,0.0,0.0,True,"[2, 2, 2]",0.0,0.0,0.0,1.6585,4.0,1.5952,0.63,2.6966,1.1899,1.2842,1.6585,"[[2.544, 0.0], [4.971, 0.0], [7.112, 0.392], [11.823, -0.392], [14.822, 0.196], [16.392, -1.828]]",ok,2.8535,0.0,0.0,0.0,0.0,0.0,0.0,0.0,0.0,0.0,ae90c564207b4eb69b60630fa17ea7e8,scene-0562,42
0.277,1.349,2.1453,0.207,0.6538,1.1409,0.0,0.0,0.0,0.0,0.0,0.0,0.0,0.0,0.0,ok,straight,0.1645,0.4558,2.338,0.1588,0.3966,0.7711,True,"[-0.0, -0.6527, -1.6971, -8.2899]","[-550.4224, -1020.8533, -2550.875, -25599.0316]","[4.0837, -1001018.2283, -1002548.25, -1025596.4066]","[0.969, 0.857, 1.804, 3.884]","[[[1.9727, 0.0], [3.8286, 0.0], [6.3984, 0.3264], [7.5405, 0.1958], [10.5386, 0.0], [11.6807, 0.0]], [[1.9727, 0.0], [3.8286, 0.0], [6.3984, 0.3264], [7.5405, 0.1958], [7.6833, 0.2611], [11.9662, -1.3055]], [[1.9727, 0.0], [3.8286, 0.0], [6.3984, 0.3264], [7.5405, 0.1958], [11.9662, -0.7833], [13.9649, 3.3943]], [[1.9727, 0.0], [3.8286, 0.0], [6.3984, 0.3264], [7.5405, 0.1958], [10.5386, -2.0888], [18.2479, 16.5798]]]",1.2144,0.0,0.0,0.0,0.0,0.0,0.0,True,"[2, 2, 2]",0.0,0.0,0.0,0.8566,4.0,0.1645,0.4558,2.6876,0.1588,0.3966,0.8566,"[[1.973, 0.0], [3.829, 0.0], [6.398, 0.326], [7.541, 0.196], [9.111, 0.131], [11.823, -0.653]]",ok,3.8842,0.0,0.0,0.0,0.0,0.0,0.0,0.0,0.0,0.0,814f40cea21041308224320c40274e51,scene-0562,42
1.0253,2.405,3.3359,0.5977,1.3507,1.9225,0.0,0.0,0.0,0.0,0.0,0.0,0.0,0.0,0.0,ok,straight,1.1681,3.2614,4.7634,0.7404,1.7081,2.5655,False,"[-0.0, -0.0, -0.0653, -0.1305]","[-33.3564, -327.1781, -211.2785, -3996.1991]","[3.334, 3.1561, 2.0203, -1003994.441]","[2.827, 2.304, 2.161, 3.113]","[[[1.2588, 0.0], [2.6865, 0.0], [3.9714, 0.0653], [5.399, 0.0], [7.1122, 0.1305], [7.9688, 0.0]], [[1.2588, 0.0], [2.6865, 0.0], [3.9714, 0.0653], [5.399, 0.0], [5.1135, 0.0], [6.8267, 0.0]], [[1.2588, 0.0], [2.6865, 0.0], [3.9714, 0.0653], [5.399, 0.0], [5.1135, 0.0], [5.9701, -0.1305]], [[1.2588, 0.0], [2.6865, 0.0], [3.9714, 0.0653], [5.399, 0.0], [4.5424, -0.1305], [12.2517, 0.2611]]]",0.3861,0.0,0.0,0.0,0.0,0.0,0.0,True,"[2, 2, 2]",0.0,0.0,0.0,2.1608,4.0,1.1681,3.2614,3.336,0.7404,1.7081,2.1608,"[[1.259, 0.0], [2.686, 0.0], [3.971, 0.065], [5.399, 0.0], [6.113, 0.065], [7.398, 0.0]]",ok,3.1135,0.0,0.0,0.0,0.0,0.0,0.0,0.0,0.0,0.0,970f41b6fc4544b388fe7ccd578988a9,scene-0563,42
0.0689,0.2976,0.9394,0.1209,0.1536,0.3046,0.0,0.0,0.0,0.0,0.0,0.0,0.0,0.0,0.0,ok,straight,0.9549,0.5794,1.5826,1.5636,0.9778,1.0772,False,"[-0.0653, -0.3264, -2.7415, -0.3916]","[-518.9848, -957.0197, -1722.4482, -62282.7718]","[-2503706.9517, -2504144.9866, -2504910.4151, -2565470.7387]","[0.769, 1.391, 1.614, 3.225]","[[[-0.8826, -0.1305], [1.5444, 0.0], [3.5431, 0.0653], [5.399, 0.0], [5.6846, 0.0], [6.5412, 0.1305]], [[-0.8826, -0.1305], [1.5444, 0.0], [3.5431, 0.0653], [5.399, 0.0], [4.2569, -0.1305], [4.2569, 0.6527]], [[-0.8826, -0.1305], [1.5444, 0.0], [3.5431, 0.0653], [5.399, 0.0], [6.2556, 0.0], [7.6833, -5.4831]], [[-0.8826, -0.1305], [1.5444, 0.0], [3.5431, 0.0653], [5.399, 0.0], [20.5321, 0.0], [7.3977, -0.7833]]]",0.9063,0.0,0.0,1.0,0.0,0.0,1.0,False,"[2, 2, 2]",0.0,0.0,0.16666666666666666,0.7689,4.0,0.9549,0.5794,0.4285,1.5636,0.9778,0.7689,"[[-0.883, -0.131], [1.544, 0.0], [3.543, 0.065], [5.399, 0.0], [4.971, -0.065], [5.399, 0.392]]",ok,3.2249,0.0,0.0,1.0,0.0,0.0,1.0,0.0,0.0,0.16666666666666666,04b954deacb74b3a80c543526dc8f937,scene-0563,42
0.7337,0.7824,0.7803,0.5969,0.6935,0.7224,0.0,0.0,0.0,0.0,0.0,0.0,0.0,0.0,0.0,ok,straight,0.7337,0.2124,0.2113,0.4542,0.4797,0.485,True,"[-0.0, -0.0, -0.0, -0.0]","[-113.7336, -212.4311, -1620479.9553, -1637247.306]","[2.9908, 2.9907, -2620477.9646, -2637245.3152]","[0.58, 0.511, 11.815, 11.939]","[[[0.2595, 0.0], [-0.026, 0.0], [-0.026, 0.0], [0.545, 0.0], [-0.026, 0.0], [-0.026, 0.0]], [[0.2595, 0.0], [-0.026, 0.0], [-0.026, 0.0], [0.545, 0.0], [-0.026, 0.0], [1.1161, 0.0]], [[0.2595, 0.0], [-0.026, 0.0], [-0.026, 0.0], [0.545, 0.0], [69.6432, 0.0], [0.8306, 0.0]], [[0.2595, 0.0], [-0.026, 0.0], [-0.026, 0.0], [0.545, 0.0], [69.6432, -2.4804], [-0.026, 0.0]]]",5.6662,0.0,0.0,0.0,0.0,0.0,0.0,True,"[2, 2, 2]",0.0,0.0,0.0,0.5105,4.0,0.7337,0.2124,0.3642,0.4542,0.4797,0.5105,"[[0.259, 0.0], [-0.026, 0.0], [-0.026, 0.0], [0.545, 0.0], [-0.026, 0.0], [0.545, 0.0]]",ok,11.9387,1.0,1.0,1.0,1.0,1.0,1.0,0.5,0.75,0.8333333333333334,264f7a3db349473c9032d9ee63b9b828,scene-0563,42
0.0262,0.0265,0.0268,0.0261,0.0263,0.0264,0.0,0.0,0.0,0.0,0.0,0.0,0.0,0.0,0.0,ok,straight,0.0262,0.545,0.9733,0.357,0.3796,0.4197,False,"[-0.0, -0.0, -0.5222, -0.0653]","[-166.1738, -397.2272, -32319.4191, -721095.9444]","[3.1465, 3.1457, -1032317.5573, -1721094.0825]","[0.262, 0.586, 3.016, 8.716]","[[[0.6878, 0.0], [-0.026, 0.0], [0.2595, 0.0], [0.545, 0.0], [-0.026, 0.0], [-0.026, 0.0]], [[0.6878, 0.0], [-0.026, 0.0], [0.2595, 0.0], [0.545, 0.0], [-0.026, 0.0], [1.9727, 0.0]], [[0.6878, 0.0], [-0.026, 0.0], [0.2595, 0.0], [0.545, 0.0], [9.9675, -6.0053], [4.828, 1.0444]], [[0.6878, 0.0], [-0.026, 0.0], [0.2595, 0.0], [0.545, 0.0], [47.6574, -0.1305], [3.1148, 0.1305]]]",3.3878,0.0,0.0,0.0,0.0,0.0,0.0,True,"[2, 2, 2]",0.0,0.0,0.0,0.262,4.0,0.0262,0.545,0.0268,0.357,0.3796,0.262,"[[0.688, 0.0], [-0.026, 0.0], [0.259, 0.0], [0.545, 0.0], [-0.026, 0.0], [0.973, 0.0]]",ok,8.7157,1.0,1.0,1.0,1.0,1.0,1.0,0.5,0.75,0.8333333333333334,10602c94122242d3b7525ec541b3784f,scene-0563,42
0.026,0.0303,0.3966,0.026,0.0271,0.1087,0.0,0.0,0.0,0.0,0.0,0.0,0.0,0.0,0.0,ok,straight,0.1167,0.398,0.0318,0.0714,0.1417,0.1005,True,"[-0.0, -0.0, -0.0, -0.0]","[-66.3981, -78.3989, -221.3598, -10000.1139]","[1.9658, 1.963, 1.9296, -1009998.7383]","[0.194, 0.185, 1.912, 1.141]","[[[-0.026, 0.0], [0.1167, 0.0], [-0.026, 0.0], [0.4023, 0.0], [0.2595, 0.0], [0.8306, 0.0]], [[-0.026, 0.0], [0.1167, 0.0], [-0.026, 0.0], [0.4023, 0.0], [-0.026, 0.0], [-0.026, 0.0]], [[-0.026, 0.0], [0.1167, 0.0], [-0.026, 0.0], [0.4023, 0.0], [3.1148, -0.3916], [8.2543, 0.0]], [[-0.026, 0.0], [0.1167, 0.0], [-0.026, 0.0], [0.4023, 0.0], [6.2556, -0.6527], [0.2595, 0.0]]]",0.7217,0.0,0.0,0.0,0.0,0.0,0.0,True,"[2, 2, 2]",0.0,0.0,0.0,0.1851,4.0,0.1167,0.398,0.3966,0.0714,0.1417,0.1851,"[[-0.026, 0.0], [0.117, 0.0], [-0.026, 0.0], [0.402, 0.0], [0.117, 0.0], [0.402, 0.0]]",ok,1.9116,1.0,1.0,1.0,1.0,1.0,1.0,0.5,0.75,0.8333333333333334,3b86f8218554493f928b39824655872a,scene-0564,42
0.0676,0.0683,0.0703,0.0741,0.0709,0.0705,0.0,0.0,0.0,0.0,0.0,0.0,0.0,0.0,0.0,ok,straight,0.3617,0.506,3.5213,0.2211,0.2538,0.9357,False,"[-0.0, -0.3264, -0.0, -0.0]","[-214.365, -344.2472, -748.9281, -1629417.0511]","[2.9195, -1000342.4827, -1000747.1636, -2629415.2866]","[0.192, 1.724, 0.582, 11.807]","[[[-0.026, 0.0], [0.4023, 0.0], [-0.026, 0.0], [0.545, 0.0], [-0.026, 0.0], [-0.026, 0.0]], [[-0.026, 0.0], [0.4023, 0.0], [-0.026, 0.0], [0.545, 0.0], [2.2582, -0.1305], [7.1122, 0.6527]], [[-0.026, 0.0], [0.4023, 0.0], [-0.026, 0.0], [0.545, 0.0], [2.2582, 0.3916], [0.2595, 0.0]], [[-0.026, 0.0], [0.4023, 0.0], [-0.026, 0.0], [0.545, 0.0], [69.6432, 0.3916], [0.2595, 0.0]]]",4.7851,0.0,0.0,1.0,0.0,0.0,1.0,True,"[2, 2, 2]",0.0,0.0,0.16666666666666666,0.1925,4.0,0.3617,0.506,0.0703,0.2211,0.2538,0.1925,"[[-0.026, 0.0], [0.402, 0.0], [-0.026, 0.0], [0.545, 0.0], [1.116, -0.065], [3.543, 0.326]]",ok,11.807,1.0,1.0,1.0,1.0,1.0,1.0,0.5,0.75,0.8333333333333334,cf326fa396094c5d87527d1950b31235,scene-0564,42
0.3972,1.1877,3.3141,0.2811,0.6461,1.4124,0.0,0.0,1.0,0.0,0.0,1.0,0.0,0.0,0.3333333333333333,ok,straight,0.9681,1.1838,4.8804,0.6871,0.9551,1.8557,False,"[-0.0, -0.0, -0.6527, -0.0653]","[-142.3379, -212.5755, -465.3345, -36242.7608]","[3.3307, 3.3262, 0.9322, -1036240.6697]","[1.618, 2.093, 1.084, 2.64]","[[[0.545, 0.0], [1.1161, 0.0], [2.1154, 0.0], [3.6858, 0.0653], [3.9714, 0.0], [5.1135, 0.0]], [[0.545, 0.0], [1.1161, 0.0], [2.1154, 0.0], [3.6858, 0.0653], [4.2569, 0.0], [1.9727, 0.0]], [[0.545, 0.0], [1.1161, 0.0], [2.1154, 0.0], [3.6858, 0.0653], [7.3977, -0.3916], [8.8254, -1.3055]], [[0.545, 0.0], [1.1161, 0.0], [2.1154, 0.0], [3.6858, 0.0653], [15.3926, -1.436], [5.399, 0.1305]]]",0.5753,0.0,0.0,1.0,0.0,0.0,1.0,True,"[2, 2, 2]",0.0,0.0,0.3333333333333333,1.0836,4.0,0.9681,1.1838,1.6496,0.6871,0.9551,1.0836,"[[0.545, 0.0], [1.116, 0.0], [2.115, 0.0], [3.686, 0.065], [4.114, 0.0], [3.543, 0.0]]",ok,2.6398,0.0,0.0,0.0,0.0,0.0,0.0,0.0,0.0,0.0,26ce0c76786c43158b3bac999b27e76b,scene-0564,42
0.9775,1.8957,3.5927,0.9353,1.3786,1.9953,0.0,0.0,1.0,0.0,0.0,1.0,0.0,0.0,0.3333333333333333,ok,right,0.7171,4.3738,2.4584,0.734,1.8063,2.1491,False,"[0.1305, -0.0, -0.3264, 0.5875]","[-1697.2925, -2422.053, -10905.4166, -12318.9347]","[-1502769.7105, -1503494.471, -1511977.8347, -1513391.3527]","[2.209, 2.28, 2.304, 2.998]","[[[1.8299, 0.0], [5.2563, 0.0653], [5.2563, 0.4569], [3.9714, 0.3264], [6.8267, 0.3916], [12.8228, -0.2611]], [[1.8299, 0.0], [5.2563, 0.0653], [5.2563, 0.4569], [3.9714, 0.3264], [7.3977, 0.0], [9.1109, 0.0]], [[1.8299, 0.0], [5.2563, 0.0653], [5.2563, 0.4569], [3.9714, 0.3264], [10.8241, 0.2611], [8.5399, 0.6527]], [[1.8299, 0.0], [5.2563, 0.0653], [5.2563, 0.4569], [3.9714, 0.3264], [0.8306, -0.1305], [12.8228, -1.1749]]]",0.3198,0.0,1.0,1.0,0.0,1.0,1.0,False,"[2, 2, 2]",0.0,0.25,0.5,2.2088,4.0,0.7171,4.3738,2.4705,0.734,1.8063,2.2088,"[[1.83, 0.0], [5.256, 0.065], [5.256, 0.457], [3.971, 0.326], [7.112, 0.196], [10.967, -0.131]]",ok,2.9983,0.0,0.0,0.0,0.0,0.0,0.0,0.0,0.0,0.0,9784a87689e64da29ff6d1b2fbaf6673,scene-0564,42
1.9222,3.6827,8.0577,1.3657,2.4459,3.9295,0.0,0.0,0.0,0.0,0.0,0.0,0.0,0.0,0.0,ok,right,1.6564,3.6417,6.2239,1.4453,2.3322,3.7397,True,"[-0.8486, 1.5666, -0.6527, 7.7677]","[-903.9926, -7437.9866, -116699.6434, -1417208.8326]","[1.3316, -1007436.4936, -1116698.1504, -2417207.3397]","[3.854, 3.765, 17.352, 13.866]","[[[0.6878, 0.0], [2.2582, 0.1305], [3.2576, 0.2611], [5.6846, 0.9791], [5.6846, 0.6527], [7.3977, 1.6971]], [[0.6878, 0.0], [2.2582, 0.1305], [3.2576, 0.2611], [5.6846, 0.9791], [1.9727, 0.1305], [6.5412, -3.1332]], [[0.6878, 0.0], [2.2582, 0.1305], [3.2576, 0.2611], [5.6846, 0.9791], [44.5166, 1.1749], [69.6432, 1.3055]], [[0.6878, 0.0], [2.2582, 0.1305], [3.2576, 0.2611], [5.6846, 0.9791], [69.6432, 16.5798], [12.8228, -15.5354]]]",6.0273,0.0,0.0,0.0,0.0,0.0,0.0,False,"[2, 2, 2]",0.0,0.0,0.0,3.7651,4.0,1.6564,3.6417,4.9579,1.4453,2.3322,3.7651,"[[0.688, 0.0], [2.258, 0.131], [3.258, 0.261], [5.685, 0.979], [3.829, 0.392], [6.969, -0.718]]",ok,17.3523,0.0,0.0,0.0,0.0,0.0,0.0,0.0,0.0,0.0,f0c47597c226445fa1e14c82d879f9a4,scene-0565,42
1.0423,2.7187,2.6441,0.9068,1.6455,2.1199,0.0,0.0,0.0,0.0,0.0,0.0,0.0,0.0,0.0,ok,straight,1.6133,2.7924,2.0824,1.4107,1.7018,1.9952,True,"[-0.0, -0.1305, -1.0444, -0.3264]","[-595.0001, -1112.8499, -3842.1138, -31061.8193]","[-500703.5271, -500703.8915, -1504547.2448, -1531766.9502]","[2.11, 1.894, 2.552, 2.997]","[[[4.1141, 0.1305], [7.1122, 0.0], [9.682, 0.0653], [14.2505, -0.5875], [18.2479, 0.0], [19.39, 0.0]], [[4.1141, 0.1305], [7.1122, 0.0], [9.682, 0.0653], [14.2505, -0.5875], [16.8202, 0.7833], [19.39, -0.2611]], [[4.1141, 0.1305], [7.1122, 0.0], [9.682, 0.0653], [14.2505, -0.5875], [16.8202, 3.2637], [21.3887, 2.0888]], [[4.1141, 0.1305], [7.1122, 0.0], [9.682, 0.0653], [14.2505, -0.5875], [8.8254, -0.1305], [22.8163, 0.6527]]]",0.4241,0.0,0.0,0.0,0.0,0.0,0.0,True,"[2, 2, 2]",0.0,0.0,0.0,1.894,4.0,1.6133,2.7924,2.0997,1.4107,1.7018,1.894,"[[4.114, 0.131], [7.112, 0.0], [9.682, 0.065], [14.25, -0.587], [17.534, 0.392], [19.39, -0.131]]",ok,2.9972,0.0,0.0,0.0,0.0,0.0,0.0,0.0,0.0,0.0,9287148365d241a99104b0b129246071,scene-0565,42
1.6332,4.0905,5.2907,1.2033,2.3212,3.3422,0.0,0.0,0.0,0.0,0.0,0.0,0.0,0.0,0.0,ok,straight,0.7771,3.9478,0.706,0.7039,1.9644,2.5067,True,"[-0.0, -0.0653, -0.1305, -0.3264]","[-339.1037, -15200.1329, -41358.0125, -112646.7083]","[4.7955, -1015197.3811, -1041355.2607, -1112643.9565]","[3.152, 3.625, 5.021, 4.042]","[[[3.2576, 0.0], [5.9701, 0.0], [10.253, -0.0653], [14.1077, 0.0], [18.2479, 0.0], [19.9611, 0.0]], [[3.2576, 0.0], [5.9701, 0.0], [10.253, -0.0653], [14.1077, 0.0], [19.6755, 0.0], [7.9688, -0.1305]], [[3.2576, 0.0], [5.9701, 0.0], [10.253, -0.0653], [14.1077, 0.0], [28.8125, 1.436], [20.5321, 0.2611]], [[3.2576, 0.0], [5.9701, 0.0], [10.253, -0.0653], [14.1077, 0.0], [-2.8813, 0.2611], [15.3926, 0.6527]]]",0.6887,0.0,0.0,0.0,0.0,0.0,0.0,False,"[2, 2, 2]",0.0,0.0,0.0,3.1519,4.0,0.7771,3.9478,5.2907,0.7039,1.9644,3.1519,"[[3.258, 0.0], [5.97, 0.0], [10.253, -0.065], [14.108, 0.0], [18.962, 0.0], [13.965, -0.065]]",ok,5.0208,0.0,0.0,0.0,0.0,0.0,0.0,0.0,0.0,0.0,5f2b89acd9c34488af6c4419f10703de,scene-0565,42
3.3329,7.558,13.2184,2.5889,4.7006,6.9649,0.0,0.0,1.0,0.0,0.0,1.0,0.0,0.0,0.3333333333333333,ok,straight,4.1906,7.5559,12.2321,2.9463,4.6654,6.9436,True,"[-0.0653, -0.4569, -0.0, -0.7833]","[-293.4478, -1439.3253, -3604.7263, -23620.5597]","[3.9925, -1001436.8867, -1003602.2876, -1023618.1211]","[6.941, 6.948, 7.294, 8.221]","[[[2.6865, 0.0], [5.9701, 0.0653], [7.6833, 0.1958], [10.5386, 0.0], [13.1083, 0.1305], [16.8202, 0.1305]], [[2.6865, 0.0], [5.9701, 0.0653], [7.6833, 0.1958], [10.5386, 0.0], [15.107, 0.1305], [14.8215, 0.9138]], [[2.6865, 0.0], [5.9701, 0.0653], [7.6833, 0.1958], [10.5386, 0.0], [16.2492, 1.6971], [15.6781, 0.0]], [[2.6865, 0.0], [5.9701, 0.0653], [7.6833, 0.1958], [10.5386, 0.0], [11.9662, -7.0497], [23.1019, 1.5666]]]",0.5219,0.0,0.0,1.0,0.0,0.0,1.0,True,"[2, 2, 2]",0.0,0.0,0.3333333333333333,6.9415,4.0,4.1906,7.5559,13.2184,2.9463,4.6654,6.9415,"[[2.686, 0.0], [5.97, 0.065], [7.683, 0.196], [10.539, 0.0], [14.108, 0.131], [15.821, 0.522]]",ok,8.2208,0.0,0.0,1.0,0.0,0.0,1.0,0.0,0.0,0.3333333333333333,77ee28e79c2f400d893c9712b1c75b6b,scene-0565,42
1.2848,1.4341,1.8942,0.8976,1.1476,1.4908,0.0,0.0,0.0,0.0,0.0,0.0,0.0,0.0,0.0,ok,right,0.9696,2.3331,3.0987,0.9507,1.2292,1.8194,False,"[0.6527, 0.1305, 0.1958, 1.436]","[-1110.3868, -571.451, -1538.3028, -81353.857]","[-501242.4885, -501243.4755, -1502781.4615, -1582597.0158]","[1.356, 2.305, 1.858, 5.521]","[[[3.5431, 0.0], [6.2556, -0.3916], [8.5399, -0.3264], [13.2511, -1.0444], [15.107, -1.0444], [17.9623, -1.3055]], [[3.5431, 0.0], [6.2556, -0.3916], [8.5399, -0.3264], [13.2511, -1.0444], [17.9623, -0.3916], [20.8176, -0.2611]], [[3.5431, 0.0], [6.2556, -0.3916], [8.5399, -0.3264], [13.2511, -1.0444], [16.8202, -0.7833], [14.8215, -0.3916]], [[3.5431, 0.0], [6.2556, -0.3916], [8.5399, -0.3264], [13.2511, -1.0444], [34.5231, -2.4804], [24.5295, -2.8721]]]",1.6289,0.0,0.0,0.0,0.0,0.0,0.0,True,"[2, 2, 2]",0.0,0.0,0.0,1.3561,4.0,0.9696,2.3331,1.7072,0.9507,1.2292,1.3561,"[[3.543, 0.0], [6.256, -0.392], [8.54, -0.326], [13.251, -1.044], [16.535, -0.718], [19.39, -0.783]]",ok,5.5206,0.0,0.0,0.0,0.0,0.0,0.0,0.0,0.0,0.0,67d2d74087714e4994a68c7347acf55a,scene-0625,42
0.8914,2.4863,1.1103,0.7404,1.3449,1.3356,0.0,0.0,0.0,0.0,0.0,0.0,0.0,0.0,0.0,ok,straight,0.8914,1.0653,1.6867,0.4623,0.601,1.0547,True,"[-0.0653, -0.3264, -0.5222, -0.1305]","[-273.9569, -520.2575, -2476.5357, -101851.2323]","[3.7488, 2.2826, -1002474.4783, -1101849.1749]","[0.84, 1.274, 1.173, 8.025]","[[[2.8293, 0.0], [6.5412, 0.0], [8.9682, -0.1305], [12.8228, -0.2611], [16.2492, -0.1305], [18.8189, -0.1305]], [[2.8293, 0.0], [6.5412, 0.0], [8.9682, -0.1305], [12.8228, -0.2611], [17.6768, -0.1305], [19.9611, -0.6527]], [[2.8293, 0.0], [6.5412, 0.0], [8.9682, -0.1305], [12.8228, -0.2611], [18.5334, -0.1305], [17.6768, -1.0444]], [[2.8293, 0.0], [6.5412, 0.0], [8.9682, -0.1305], [12.8228, -0.2611], [40.2337, -0.2611], [37.9494, -0.2611]]]",3.0047,0.0,0.0,0.0,0.0,0.0,0.0,True,"[2, 2, 2]",0.0,0.0,0.0,0.8397,4.0,0.8914,1.0653,1.1103,0.4623,0.601,0.8397,"[[2.829, 0.0], [6.541, 0.0], [8.968, -0.131], [12.823, -0.261], [16.963, -0.131], [19.39, -0.392]]",ok,8.0249,0.0,0.0,0.0,0.0,0.0,0.0,0.0,0.0,0.0,2e74db7a04ef4ef49ec7f136a260a878,scene-0625,42
0.1099,0.0522,1.446,0.0801,0.2062,0.5741,0.0,0.0,0.0,0.0,0.0,0.0,0.0,0.0,0.0,ok,straight,1.23,0.4558,0.8712,0.9239,0.8002,0.8164,False,"[-0.0653, -0.1305, -0.0653, -3.329]","[-735.3437, -666.4692, -3923.4143, -113857.0341]","[2.3845, 2.3394, -1003922.2211, -1113855.841]","[0.708, 0.97, 2.621, 9.012]","[[[3.9714, 0.0], [5.5418, 0.0], [9.3964, -0.1305], [13.5366, 0.1306], [17.1058, -0.7833], [20.5321, -0.1305]], [[3.9714, 0.0], [5.5418, 0.0], [9.3964, -0.1305], [13.5366, 0.1306], [16.2492, -0.1305], [19.39, -0.2611]], [[3.9714, 0.0], [5.5418, 0.0], [9.3964, -0.1305], [13.5366, 0.1306], [23.1019, -0.1305], [27.6704, 0.1305]], [[3.9714, 0.0], [5.5418, 0.0], [9.3964, -0.1305], [13.5366, 0.1306], [18.8189, -0.9138], [69.6432, -6.658]]]",3.3626,0.0,0.0,0.0,0.0,0.0,0.0,True,"[2, 2, 2]",0.0,0.0,0.0,0.7085,4.0,1.23,0.4558,0.2965,0.9239,0.8002,0.7085,"[[3.971, 0.0], [5.542, 0.0], [9.396, -0.131], [13.537, 0.131], [16.677, -0.457], [19.961, -0.196]]",ok,9.0119,0.0,0.0,0.0,0.0,0.0,0.0,0.0,0.0,0.0,0e8e2f64b807428ca4ed5bc33c996389,scene-0625,42
2.6426,4.6425,7.833,1.7128,2.8384,4.3945,0.0,0.0,0.0,0.0,0.0,0.0,0.0,0.0,0.0,ok,straight,3.2089,4.3272,6.893,2.1387,3.1478,4.2912,True,"[-0.5222, -1.436, -1.0444, -0.9138]","[-715.343, -68.4257, -9248.9514, -53570.4875]","[4.5507, 1.78, -1009246.4895, -1053568.0256]","[4.416, 4.193, 5.183, 4.151]","[[[2.5437, 0.0], [4.828, -0.0653], [7.826, -0.1958], [11.3952, -0.3264], [12.5373, -0.7833], [16.2492, -1.0444]], [[2.5437, 0.0], [4.828, -0.0653], [7.826, -0.1958], [11.3952, -0.3264], [14.536, -1.3055], [16.5347, -2.8721]], [[2.5437, 0.0], [4.828, -0.0653], [7.826, -0.1958], [11.3952, -0.3264], [8.5399, -1.0444], [15.9636, -2.0888]], [[2.5437, 0.0], [4.828, -0.0653], [7.826, -0.1958], [11.3952, -0.3264], [28.8125, -0.3916], [21.1032, -1.8277]]]",0.4149,0.0,0.0,0.0,0.0,0.0,0.0,True,"[2, 2, 2]",0.0,0.0,0.0,4.1511,4.0,3.2089,4.3272,3.0448,2.1387,3.1478,4.1511,"[[2.544, 0.0], [4.828, -0.065], [7.826, -0.196], [11.395, -0.326], [13.537, -1.044], [16.392, -1.958]]",ok,5.1827,0.0,0.0,0.0,0.0,0.0,0.0,0.0,0.0,0.0,30d93e4625f74b07a9966a5f8e9efa9e,scene-0625,42
2.4746,4.8249,5.919,1.8058,2.8964,3.9557,0.0,0.0,0.0,0.0,0.0,0.0,0.0,0.0,0.0,ok,straight,1.0455,4.711,6.9251,1.0199,2.3644,3.6034,True,"[-1.8277, -1.7624, -2.4804, -0.9138]","[-297.8544, -1436.575, -5282.9981, -46990.9577]","[2.8231, -1001434.2851, -1005280.7082, -1046988.6678]","[3.601, 3.613, 4.281, 4.213]","[[[2.972, -0.1305], [6.8267, -0.1958], [8.9682, -0.6527], [11.1096, -1.1097], [13.6794, -2.4804], [18.2479, -3.6554]], [[2.972, -0.1305], [6.8267, -0.1958], [8.9682, -0.6527], [11.1096, -1.1097], [15.6781, -2.2193], [15.9636, -3.5248]], [[2.972, -0.1305], [6.8267, -0.1958], [8.9682, -0.6527], [11.1096, -1.1097], [15.3926, -6.1358], [15.107, -4.9609]], [[2.972, -0.1305], [6.8267, -0.1958], [8.9682, -0.6527], [11.1096, -1.1097], [12.5373, -13.055], [22.2453, -1.8277]]]",0.3208,0.0,0.0,0.0,0.0,0.0,0.0,True,"[2, 2, 2]",0.0,0.0,0.0,3.601,4.0,1.0455,4.711,5.919,1.0199,2.3644,3.601,"[[2.972, -0.131], [6.827, -0.196], [8.968, -0.653], [11.11, -1.11], [14.679, -2.35], [17.106, -3.59]]",ok,4.281,0.0,0.0,0.0,0.0,0.0,0.0,0.0,0.0,0.0,57f23d2f55e6455696c6d3cc70a4f501,scene-0626,42
0.2873,1.7547,2.3671,0.2877,0.723,1.2065,0.0,0.0,0.0,0.0,0.0,0.0,0.0,0.0,0.0,ok,straight,0.1559,0.5096,3.9425,0.1517,0.2498,0.9057,True,"[-0.1305, -0.0, -0.1958, -0.5222]","[-11.6277, -5653.558, -6841.194, -125821.0481]","[3.4864, -1005651.1512, -1006838.7872, -1125818.6413]","[0.749, 1.426, 1.675, 8.989]","[[[3.2576, 0.0], [6.6839, -0.0653], [10.253, 0.0], [13.5366, -0.0653], [16.2492, -0.2611], [18.2479, -0.2611]], [[3.2576, 0.0], [6.6839, -0.0653], [10.253, 0.0], [13.5366, -0.0653], [19.39, -0.1305], [15.107, 0.0]], [[3.2576, 0.0], [6.6839, -0.0653], [10.253, 0.0], [13.5366, -0.0653], [14.536, -0.5222], [26.8138, -0.3916]], [[3.2576, 0.0], [6.6839, -0.0653], [10.253, 0.0], [13.5366, -0.0653], [18.2479, 3.3943], [69.6432, -1.0444]]]",3.3538,0.0,0.0,0.0,0.0,0.0,0.0,False,"[2, 2, 2]",0.0,0.0,0.0,0.7487,4.0,0.1559,0.5096,2.3671,0.1517,0.2498,0.7487,"[[3.258, 0.0], [6.684, -0.065], [10.253, 0.0], [13.537, -0.065], [17.82, -0.196], [16.677, -0.131]]",ok,8.9887,0.0,0.0,0.0,0.0,0.0,0.0,0.0,0.0,0.0,bbf1d23e80b84da798c56cbac090f7d9,scene-0626,42
2.1902,4.3739,7.7383,1.5635,2.7017,4.0809,0.0,0.0,0.0,0.0,0.0,0.0,0.0,0.0,0.0,ok,straight,2.3329,5.7979,8.0238,1.4209,3.0588,4.4156,False,"[-0.2611, -0.1305, -0.1305, -0.4569]","[-334.53, -1336.3838, -3700.4648, -179827.3986]","[1.7608, -1001335.097, -1003699.178, -1179826.1118]","[4.75, 4.082, 3.89, 8.032]","[[[2.6865, 0.0], [6.6839, -0.1305], [9.682, 0.0], [13.6794, -0.2611], [16.5347, 0.1305], [19.1045, -0.5222]], [[2.6865, 0.0], [6.6839, -0.1305], [9.682, 0.0], [13.6794, -0.2611], [14.2505, -0.2611], [17.3913, -0.2611]], [[2.6865, 0.0], [6.6839, -0.1305], [9.682, 0.0], [13.6794, -0.2611], [12.2517, 0.1305], [2.2582, -0.2611]], [[2.6865, 0.0], [6.6839, -0.1305], [9.682, 0.0], [13.6794, -0.2611], [39.0915, -0.6527], [16.2492, -0.9138]]]",1.6724,0.0,0.0,0.0,0.0,0.0,0.0,True,"[2, 2, 2]",0.0,0.0,0.0,3.8903,4.0,2.3329,5.7979,7.9729,1.4209,3.0588,3.8903,"[[2.686, 0.0], [6.684, -0.131], [9.682, 0.0], [13.679, -0.261], [15.393, -0.065], [18.248, -0.392]]",ok,8.0321,0.0,0.0,0.0,0.0,0.0,0.0,0.0,0.0,0.0,5fd5c3f8e4c54137a3bbb794ae4dc9e7,scene-0626,42
3.2748,4.685,3.6711,2.1597,3.2577,3.5001,0.0,0.0,0.0,0.0,0.0,0.0,0.0,0.0,0.0,ok,straight,3.132,4.9711,4.248,2.0883,3.3292,3.7152,False,"[-0.0, -0.1305, -0.1305, -0.0]","[-204.3633, -118.2838, -9733.3816, -93030.1412]","[3.2381, 1.2403, -1009731.7986, -1093028.5583]","[3.69, 3.741, 5.89, 5.799]","[[[1.1161, 0.0], [3.5431, 0.0], [5.2563, 0.0], [7.1122, -0.1305], [7.6833, 0.0], [9.1109, 0.0]], [[1.1161, 0.0], [3.5431, 0.0], [5.2563, 0.0], [7.1122, -0.1305], [8.5399, -0.1305], [8.5399, 0.2611]], [[1.1161, 0.0], [3.5431, 0.0], [5.2563, 0.0], [7.1122, -0.1305], [15.6781, 1.1749], [14.2505, -0.2611]], [[1.1161, 0.0], [3.5431, 0.0], [5.2563, 0.0], [7.1122, -0.1305], [5.9701, 16.5798], [-0.026, 0.0]]]",1.0651,0.0,0.0,0.0,0.0,0.0,0.0,True,"[2, 2, 2]",0.0,0.0,0.0,3.6905,4.0,3.132,4.9711,4.5272,2.0883,3.3292,3.6905,"[[1.116, 0.0], [3.543, 0.0], [5.256, 0.0], [7.112, -0.131], [8.112, -0.065], [8.825, 0.131]]",ok,5.89,0.0,0.0,1.0,0.0,0.0,1.0,0.0,0.0,0.3333333333333333,bc35cb43c7de4fd3ab2355a9cc632ef9,scene-0626,42
1.0016,2.421,1.5509,0.7561,1.4244,1.5185,0.0,0.0,0.0,0.0,0.0,0.0,0.0,0.0,0.0,ok,straight,1.0016,1.0833,1.8618,0.9686,1.1165,1.3475,True,"[-0.3264, -0.0653, -0.0653, -0.0653]","[-224.5059, -795.7278, -5513.3263, -9688.0777]","[2.0377, -1000792.9542, -1005510.5527, -1009685.3041]","[1.255, 1.445, 1.839, 2.135]","[[[1.8299, 0.0], [4.5424, 0.0], [6.8267, -0.1958], [9.9675, -0.1305], [12.8228, -0.6527], [15.3926, 0.6527]], [[1.8299, 0.0], [4.5424, 0.0], [6.8267, -0.1958], [9.9675, -0.1305], [11.1096, -0.1305], [15.3926, -0.1305]], [[1.8299, 0.0], [4.5424, 0.0], [6.8267, -0.1958], [9.9675, -0.1305], [17.3913, -2.7415], [18.5334, -0.1305]], [[1.8299, 0.0], [4.5424, 0.0], [6.8267, -0.1958], [9.9675, -0.1305], [8.8254, -1.0444], [19.6755, 0.1305]]]",0.3418,0.0,0.0,0.0,0.0,0.0,0.0,True,"[2, 2, 2]",0.0,0.0,0.0,1.2548,4.0,1.0016,1.0833,2.1986,0.9686,1.1165,1.2548,"[[1.83, 0.0], [4.542, 0.0], [6.827, -0.196], [9.968, -0.131], [11.966, -0.392], [15.393, 0.261]]",ok,2.1346,0.0,0.0,0.0,0.0,0.0,0.0,0.0,0.0,0.0,0fae8aae30d44b4faf7a9854eac4bc09,scene-0627,42
0.2831,0.5956,1.068,0.2353,0.3851,0.6307,0.0,0.0,0.0,0.0,0.0,0.0,0.0,0.0,0.0,ok,left,0.2244,0.5956,0.4736,0.3515,0.4559,0.6977,False,"[0.8486, 1.3708, 1.893, 1.3055]","[-358.5431, -1416.0238, -5152.7105, -76320.3783]","[0.8641, -1001414.4309, -1005151.1176, -1076318.7854]","[0.678, 0.759, 1.303, 3.45]","[[[3.4003, 0.0653], [5.9701, 0.3264], [7.9688, 0.4569], [11.1096, 0.7833], [15.3926, 1.6971], [17.3913, 1.6971]], [[3.4003, 0.0653], [5.9701, 0.3264], [7.9688, 0.4569], [11.1096, 0.7833], [16.8202, 1.5666], [17.9623, 2.7415]], [[3.4003, 0.0653], [5.9701, 0.3264], [7.9688, 0.4569], [11.1096, 0.7833], [17.6768, 0.3916], [15.9636, 3.7859]], [[3.4003, 0.0653], [5.9701, 0.3264], [7.9688, 0.4569], [11.1096, 0.7833], [15.6781, 16.5798], [13.6794, 2.611]]]",1.1245,0.0,0.0,0.0,0.0,0.0,0.0,False,"[2, 2, 2]",0.0,0.0,0.0,0.6779,4.0,0.2244,0.5956,1.068,0.3515,0.4559,0.6779,"[[3.4, 0.065], [5.97, 0.326], [7.969, 0.457], [11.11, 0.783], [16.106, 1.632], [17.677, 2.219]]",ok,3.4503,0.0,0.0,0.0,0.0,0.0,0.0,0.0,0.0,0.0,1141ac734ae0422e9e79ea579d05aef2,scene-0627,42
0.8988,2.4028,2.0465,0.4756,1.2185,1.5622,0.0,0.0,0.0,0.0,0.0,0.0,0.0,0.0,0.0,ok,straight,0.1255,0.4659,2.0512,0.3309,0.4129,0.8123,True,"[-0.718, -0.1305, -0.0653, -0.0653]","[-705.0815, -1626.7134, -1811.674, -6108.0288]","[1.6123, -1001624.2664, -1001809.227, -1006105.5819]","[0.705, 1.108, 1.215, 1.834]","[[[4.2569, -0.0653], [7.5405, 0.0], [10.6813, -0.0653], [15.6781, -0.0653], [17.9623, -0.1305], [20.5321, -1.436]], [[4.2569, -0.0653], [7.5405, 0.0], [10.6813, -0.0653], [15.6781, -0.0653], [19.39, 1.9582], [19.39, 0.2611]], [[4.2569, -0.0653], [7.5405, 0.0], [10.6813, -0.0653], [15.6781, -0.0653], [16.2492, -0.1305], [18.8189, -0.1305]], [[4.2569, -0.0653], [7.5405, 0.0], [10.6813, -0.0653], [15.6781, -0.0653], [13.6794, 0.0], [17.6768, -0.1305]]]",0.4045,0.0,0.0,0.0,0.0,0.0,0.0,False,"[2, 2, 2]",0.0,0.0,0.0,0.7049,4.0,0.1255,0.4659,1.831,0.3309,0.4129,0.7049,"[[4.257, -0.065], [7.541, 0.0], [10.681, -0.065], [15.678, -0.065], [18.676, 0.914], [19.961, -0.587]]",ok,1.8337,0.0,0.0,0.0,0.0,0.0,0.0,0.0,0.0,0.0,101a617fba0a4c7a91073b49b9b6752f,scene-0627,42
0.8044,1.5237,2.0074,0.562,0.898,1.267,0.0,0.0,0.0,0.0,0.0,0.0,0.0,0.0,0.0,ok,right,0.2041,0.7485,0.9244,0.1198,0.3472,0.6547,True,"[1.2402, 2.0888, 2.7415, 1.9582]","[-93.7497, -6809.256, -30894.5237, -123364.0813]","[1.0851, -1006807.5472, -1030892.8149, -1123362.3725]","[0.911, 1.133, 2.978, 4.022]","[[[2.5437, -0.0653], [5.5418, -0.3916], [8.1116, -1.1097], [9.8247, -1.7624], [11.1096, -1.9582], [13.6794, -2.4804]], [[2.5437, -0.0653], [5.5418, -0.3916], [8.1116, -1.1097], [9.8247, -1.7624], [17.1058, -2.2193], [15.6781, -4.1776]], [[2.5437, -0.0653], [5.5418, -0.3916], [8.1116, -1.1097], [9.8247, -1.7624], [5.6846, -1.436], [23.6729, -5.4831]], [[2.5437, -0.0653], [5.5418, -0.3916], [8.1116, -1.1097], [9.8247, -1.7624], [13.1083, 16.5798], [17.6768, -3.9165]]]",1.2953,0.0,0.0,0.0,0.0,0.0,0.0,False,"[2, 2, 2]",0.0,0.0,0.0,0.9112,4.0,0.2041,0.7485,2.0074,0.1198,0.3472,0.9112,"[[2.544, -0.065], [5.542, -0.392], [8.112, -1.11], [9.825, -1.762], [14.108, -2.089], [14.679, -3.329]]",ok,4.0223,0.0,0.0,0.0,0.0,0.0,0.0,0.0,0.0,0.0,5b3ffd92b67b4a48b283d63736298bae,scene-0627,42
0.1712,0.1078,0.3059,0.1473,0.2624,0.3247,0.0,0.0,0.0,0.0,0.0,0.0,0.0,0.0,0.0,ok,straight,0.3124,0.7507,0.2352,0.2891,0.6724,0.5872,False,"[-0.1305, -0.2611, -0.1305, -0.1305]","[-2217.1128, -2301.3157, -105500.3062, -108566.856]","[-1504270.3021, -1504354.505, -1607553.4955, -1610620.0453]","[0.598, 0.601, 8.593, 8.567]","[[[3.5431, 0.0], [7.255, 0.0], [12.68, 0.0], [14.2505, -0.1305], [19.1045, -0.1305], [22.2453, -0.2611]], [[3.5431, 0.0], [7.255, 0.0], [12.68, 0.0], [14.2505, -0.1305], [19.1045, 0.0], [21.9598, -0.5222]], [[3.5431, 0.0], [7.255, 0.0], [12.68, 0.0], [14.2505, -0.1305], [19.6755, -0.2611], [69.6432, -0.2611]], [[3.5431, 0.0], [7.255, 0.0], [12.68, 0.0], [14.2505, -0.1305], [19.39, -0.6527], [69.6432, -0.2611]]]",3.9903,0.0,0.0,0.0,0.0,0.0,0.0,False,"[2, 2, 2]",0.0,0.0,0.0,0.598,4.0,0.3124,0.7507,0.3059,0.2891,0.6724,0.598,"[[3.543, 0.0], [7.255, 0.0], [12.68, 0.0], [14.25, -0.131], [19.104, -0.065], [22.103, -0.392]]",ok,8.5931,0.0,0.0,0.0,0.0,0.0,0.0,0.0,0.0,0.0,14384b3ce9d243ce827bf0c1598dd35f,scene-0629,42
1.435,4.9511,9.3198,1.0284,2.6059,4.5364,0.0,0.0,0.0,0.0,0.0,0.0,0.0,0.0,0.0,ok,straight,2.2907,4.6215,7.9855,1.3136,2.7431,4.2359,True,"[-0.718, -1.1097, -1.436, -1.1097]","[-531.2894, -156.203, -6898.1932, -101783.265]","[3.7916, 2.2607, -1006896.4997, -1101781.5715]","[4.632, 3.851, 5.353, 7.177]","[[[1.9727, 0.0], [5.1135, -0.1305], [7.1122, -0.5222], [8.2543, -0.3264], [11.1096, -1.436], [13.1083, -1.436]], [[1.9727, 0.0], [5.1135, -0.1305], [7.1122, -0.5222], [8.2543, -0.3264], [9.1109, -0.7833], [10.253, -2.2193]], [[1.9727, 0.0], [5.1135, -0.1305], [7.1122, -0.5222], [8.2543, -0.3264], [14.2505, 1.8277], [13.9649, -2.8721]], [[1.9727, 0.0], [5.1135, -0.1305], [7.1122, -0.5222], [8.2543, -0.3264], [12.8228, 16.5798], [16.8202, -2.2193]]]",1.2312,0.0,0.0,0.0,0.0,0.0,0.0,True,"[2, 2, 2]",0.0,0.0,0.0,3.8511,4.0,2.2907,4.6215,6.7129,1.3136,2.7431,3.8511,"[[1.973, 0.0], [5.113, -0.131], [7.112, -0.522], [8.254, -0.326], [10.11, -1.11], [11.681, -1.828]]",ok,7.177,0.0,0.0,0.0,0.0,0.0,0.0,0.0,0.0,0.0,35e0ba93fe9d48f386b97d62bd78fbf7,scene-0629,42
0.9677,2.8234,3.3288,0.8945,1.7778,2.1688,0.0,0.0,0.0,0.0,0.0,0.0,0.0,0.0,0.0,ok,right,1.2605,1.1054,2.3112,0.8988,1.024,1.4407,True,"[2.611, 2.4152, 1.8277, -8.2899]","[-255.1217, -327.3995, -6661.9535, -51527.8587]","[4.3273, 4.2812, -1006658.9475, -1051524.8526]","[1.63, 1.425, 2.014, 5.274]","[[[2.5437, -0.1305], [5.399, -0.5875], [7.1122, -1.3708], [8.9682, -2.2846], [12.8228, -3.6554], [16.2492, -5.222]], [[2.5437, -0.1305], [5.399, -0.5875], [7.1122, -1.3708], [8.9682, -2.2846], [11.1096, -4.5692], [13.3939, -4.8303]], [[2.5437, -0.1305], [5.399, -0.5875], [7.1122, -1.3708], [8.9682, -2.2846], [15.9636, -0.2611], [16.5347, -3.6554]], [[2.5437, -0.1305], [5.399, -0.5875], [7.1122, -1.3708], [8.9682, -2.2846], [17.3913, -6.658], [16.8202, 16.5798]]]",1.5664,0.0,0.0,0.0,0.0,0.0,0.0,True,"[2, 2, 2]",0.0,0.0,0.0,1.4254,4.0,1.2605,1.1054,1.9378,0.8988,1.024,1.4254,"[[2.544, -0.131], [5.399, -0.587], [7.112, -1.371], [8.968, -2.285], [11.966, -4.112], [14.822, -5.026]]",ok,5.2742,0.0,0.0,0.0,0.0,0.0,0.0,0.0,0.0,0.0,733995d097654865a7bea928efe971af,scene-0629,42
0.8082,0.9725,3.4045,0.4313,0.7125,1.3626,0.0,0.0,0.0,0.0,0.0,0.0,0.0,0.0,0.0,ok,left,0.1969,1.1286,1.835,0.2231,0.5177,1.0127,True,"[0.8486, 0.718, -8.2899, 8.2899]","[-104.1517, -191.6895, -22598.209, -35790.9367]","[0.6233, 0.5953, -1022598.6185, -1035791.3461]","[0.919, 1.108, 4.466, 5.28]","[[[3.4003, 0.0], [7.5405, 0.1958], [10.8241, 0.2611], [14.1077, 0.718], [17.3913, 1.0444], [21.9598, 1.6971]], [[3.4003, 0.0], [7.5405, 0.1958], [10.8241, 0.2611], [14.1077, 0.718], [16.8202, 1.1749], [21.3887, 1.436]], [[3.4003, 0.0], [7.5405, 0.1958], [10.8241, 0.2611], [14.1077, 0.718], [24.5295, 0.2611], [25.6716, -16.5798]], [[3.4003, 0.0], [7.5405, 0.1958], [10.8241, 0.2611], [14.1077, 0.718], [18.2479, 16.5798], [19.1045, 16.5798]]]",1.9522,0.0,0.0,0.0,0.0,0.0,0.0,True,"[2, 2, 2]",0.0,0.0,0.0,0.919,4.0,0.1969,1.1286,1.5221,0.2231,0.5177,0.919,"[[3.4, 0.0], [7.541, 0.196], [10.824, 0.261], [14.108, 0.718], [17.106, 1.11], [21.674, 1.567]]",ok,5.28,0.0,0.0,0.0,0.0,0.0,0.0,0.0,0.0,0.0,b082d53392614131a91fedb0a2b2e1ab,scene-0629,42
1.2906,2.7072,2.9777,1.0661,1.8017,2.2055,0.0,0.0,0.0,0.0,0.0,0.0,0.0,0.0,0.0,ok,straight,0.721,3.4231,5.7402,0.6386,1.4465,2.8337,False,"[-0.0653, -0.4569, -0.0653, -0.1305]","[-736.2124, -39316.9118, -57146.793, -74479.5771]","[-501244.6208, -1540563.7788, -1558393.66, -1575726.4441]","[1.969, 4.693, 9.623, 9.194]","[[[3.4003, 0.0], [7.1122, 0.0], [10.6813, -0.0653], [12.109, -0.0653], [16.2492, -0.1305], [19.9611, -0.1305]], [[3.4003, 0.0], [7.1122, 0.0], [10.6813, -0.0653], [12.109, -0.0653], [11.3952, -0.7833], [37.3784, -0.9138]], [[3.4003, 0.0], [7.1122, 0.0], [10.6813, -0.0653], [12.109, -0.0653], [24.5295, 0.0], [69.6432, -0.1305]], [[3.4003, 0.0], [7.1122, 0.0], [10.6813, -0.0653], [12.109, -0.0653], [21.9598, -0.1305], [69.6432, -0.2611]]]",3.1914,0.0,0.0,0.0,0.0,0.0,0.0,False,"[2, 2, 2]",0.0,0.0,0.0,1.9687,4.0,0.721,3.4231,2.9777,0.6386,1.4465,1.9687,"[[3.4, 0.0], [7.112, 0.0], [10.681, -0.065], [12.109, -0.065], [13.822, -0.457], [28.67, -0.522]]",ok,9.6229,0.0,0.0,0.0,0.0,0.0,0.0,0.0,0.0,0.0,6a808b09e5f34d33ba1de76cc8dab423,scene-0630,42
0.5684,1.9991,4.7924,0.6653,1.0635,1.9895,0.0,0.0,0.0,0.0,0.0,0.0,0.0,0.0,0.0,ok,straight,0.0041,3.8587,5.078,0.5266,1.5661,2.9201,False,"[-0.0653, -0.2611, -0.0653, -0.0653]","[-622.4014, -1629.1103, -1637.768, -7722.8877]","[3.9567, -1001626.5417, -1001635.1993, -1007720.319]","[2.855, 2.993, 2.42, 5.56]","[[[3.1148, -0.0653], [4.5424, 0.0], [8.1116, 0.0], [12.109, -0.1305], [15.107, 0.7833], [15.9636, 0.1305]], [[3.1148, -0.0653], [4.5424, 0.0], [8.1116, 0.0], [12.109, -0.1305], [16.5347, -0.1305], [15.3926, 0.5222]], [[3.1148, -0.0653], [4.5424, 0.0], [8.1116, 0.0], [12.109, -0.1305], [12.5373, 0.0], [15.9636, -0.1305]], [[3.1148, -0.0653], [4.5424, 0.0], [8.1116, 0.0], [12.109, -0.1305], [15.6781, 0.0], [31.6678, 0.1305]]]",1.2324,0.0,0.0,0.0,0.0,0.0,0.0,False,"[2, 2, 2]",0.0,0.0,0.0,2.4197,4.0,0.0041,3.8587,5.3629,0.5266,1.5661,2.4197,"[[3.115, -0.065], [4.542, 0.0], [8.112, 0.0], [12.109, -0.131], [15.821, 0.326], [15.678, 0.326]]",ok,5.5596,0.0,0.0,0.0,0.0,0.0,0.0,0.0,0.0,0.0,a38d06e080204b9c9c0b805375c8d6f9,scene-0630,42
1.0027,1.7718,5.6717,0.9752,1.3955,2.4651,0.0,0.0,0.0,0.0,0.0,0.0,0.0,0.0,0.0,ok,straight,1.273,3.7593,6.5352,0.823,1.6766,2.5544,False,"[-2.7415, -3.0679, -0.5222, -8.2899]","[-1974.1297, -12147.1467, -14669.7382, -37770.296]","[-1502865.3159, -1513038.3328, -1515560.9243, -1538661.4822]","[2.745, 2.559, 2.7, 5.0]","[[[2.2582, -0.0653], [5.6846, -0.1958], [8.1116, -0.5222], [10.253, -3.5901], [13.1083, -3.1332], [16.2492, -5.4831]], [[2.2582, -0.0653], [5.6846, -0.1958], [8.1116, -0.5222], [10.253, -3.5901], [14.2505, 0.2611], [13.9649, -6.1358]], [[2.2582, -0.0653], [5.6846, -0.1958], [8.1116, -0.5222], [10.253, -3.5901], [13.6794, 2.4804], [22.5308, -1.0444]], [[2.2582, -0.0653], [5.6846, -0.1958], [8.1116, -0.5222], [10.253, -3.5901], [14.536, -6.7886], [16.2492, 16.5798]]]",1.0122,0.0,0.0,0.0,0.0,0.0,0.0,False,"[2, 2, 2]",0.0,0.0,0.0,2.5589,4.0,1.273,3.7593,7.036,0.823,1.6766,2.5589,"[[2.258, -0.065], [5.685, -0.196], [8.112, -0.522], [10.253, -3.59], [13.679, -1.436], [15.107, -5.809]]",ok,5.0,0.0,0.0,0.0,0.0,0.0,0.0,0.0,0.0,0.0,d1b23e695b0643b0a2614454fa83319b,scene-0630,42
1.5643,1.861,1.4095,1.0536,1.3693,1.552,0.0,0.0,0.0,0.0,0.0,0.0,0.0,0.0,0.0,ok,straight,2.7064,1.4438,3.2698,1.6246,1.6927,1.7668,False,"[-0.0653, -0.0653, -0.7833, -8.2899]","[-627.6295, -5013.4904, -7129.454, -128484.9221]","[4.0307, -1005010.7482, -1007126.7117, -1128482.1798]","[1.768, 2.201, 2.436, 7.021]","[[[3.6858, 0.0], [8.5399, 0.0], [11.1096, 0.0653], [13.8222, -0.0653], [18.2479, 0.0], [20.8176, 0.1305]], [[3.6858, 0.0], [8.5399, 0.0], [11.1096, 0.0653], [13.8222, -0.0653], [14.536, 0.3916], [24.5295, -0.1305]], [[3.6858, 0.0], [8.5399, 0.0], [11.1096, 0.0653], [13.8222, -0.0653], [20.2466, 0.0], [16.2492, 1.5666]], [[3.6858, 0.0], [8.5399, 0.0], [11.1096, 0.0653], [13.8222, -0.0653], [-2.8813, -0.6527], [16.2492, 16.5798]]]",2.1294,0.0,0.0,0.0,0.0,0.0,0.0,False,"[2, 2, 2]",0.0,0.0,0.0,1.7676,4.0,2.7064,1.4438,1.4095,1.6246,1.6927,1.7676,"[[3.686, 0.0], [8.54, 0.0], [11.11, 0.065], [13.822, -0.065], [16.392, 0.196], [22.674, 0.0]]",ok,7.0212,0.0,0.0,0.0,0.0,0.0,0.0,0.0,0.0,0.0,f311006db7884a3a844b3f10c835762b,scene-0630,42
2.013,4.1765,7.1875,1.3357,2.5488,3.9013,0.0,0.0,0.0,0.0,0.0,0.0,0.0,0.0,0.0,ok,right,1.2992,5.3577,13.5985,0.8365,2.6649,5.1067,False,"[0.1305, -0.1305, 0.5875, 0.1305]","[-219.3334, -7756.8807, -16620.4473, -123501.4538]","[2.8374, -1007754.5862, -1016618.1528, -1123499.1592]","[3.979, 6.254, 6.24, 12.004]","[[[3.4003, 0.0], [6.6839, -0.1305], [11.3952, -0.1958], [15.3926, 0.1958], [18.2479, -0.1305], [21.6742, -0.2611]], [[3.4003, 0.0], [6.6839, -0.1305], [11.3952, -0.1958], [15.3926, 0.1958], [18.8189, 0.5222], [34.8086, 0.2611]], [[3.4003, 0.0], [6.6839, -0.1305], [11.3952, -0.1958], [15.3926, 0.1958], [27.6704, -0.1305], [26.2427, -1.1749]], [[3.4003, 0.0], [6.6839, -0.1305], [11.3952, -0.1958], [15.3926, 0.1958], [18.8189, -0.1305], [69.6432, -0.2611]]]",2.9685,0.0,0.0,0.0,0.0,0.0,0.0,False,"[2, 2, 2]",0.0,0.0,0.0,3.9787,4.0,1.2992,5.3577,7.1875,0.8365,2.6649,3.9787,"[[3.4, 0.0], [6.684, -0.131], [11.395, -0.196], [15.393, 0.196], [18.533, 0.196], [28.241, 0.0]]",ok,12.0042,0.0,0.0,0.0,0.0,0.0,0.0,0.0,0.0,0.0,78c80690450a4e8aba63e1f2ca27c207,scene-0632,42
0.0696,0.8747,2.0738,0.287,0.546,1.0098,0.0,0.0,0.0,0.0,0.0,0.0,0.0,0.0,0.0,ok,right,0.3184,1.5996,0.3332,0.2641,0.5455,0.63,True,"[2.2846, 0.7833, -8.2899, 0.5875]","[-605.1806, -737.7336, -67871.8041, -131377.2382]","[-500773.378, -500773.7406, -1568646.9199, -1632152.3539]","[1.009, 0.808, 6.826, 3.813]","[[[2.401, -0.1305], [5.5418, -0.8486], [7.826, -1.0444], [11.2524, -2.8721], [14.2505, -3.1332], [16.2492, -4.5692]], [[2.401, -0.1305], [5.5418, -0.8486], [7.826, -1.0444], [11.2524, -2.8721], [13.3939, -2.4804], [13.6794, -1.5666]], [[2.401, -0.1305], [5.5418, -0.8486], [7.826, -1.0444], [11.2524, -2.8721], [17.6768, 16.5798], [15.9636, 16.5798]], [[2.401, -0.1305], [5.5418, -0.8486], [7.826, -1.0444], [11.2524, -2.8721], [9.3964, 16.5798], [14.8215, -1.1749]]]",2.4505,0.0,0.0,0.0,0.0,0.0,0.0,True,"[2, 2, 2]",0.0,0.0,0.0,0.8077,4.0,0.3184,1.5996,1.9317,0.2641,0.5455,0.8077,"[[2.401, -0.131], [5.542, -0.849], [7.826, -1.044], [11.252, -2.872], [13.822, -2.807], [14.964, -3.068]]",ok,6.8265,0.0,0.0,0.0,0.0,0.0,0.0,0.0,0.0,0.0,c402b98a1b4c4e868eb64a1cf05f4a50,scene-0632,42
0.2673,0.4517,2.8209,0.26,0.4887,1.1012,0.0,0.0,0.0,0.0,0.0,0.0,0.0,0.0,0.0,ok,right,1.1767,0.6366,3.7314,0.6401,0.7474,1.5144,False,"[2.7415, 3.5248, 2.8068, -8.2899]","[-1329.813, -2248.7909, -6909.1264, -80812.1117]","[-1504481.4007, -1505400.3787, -1510060.7141, -1583963.6994]","[1.274, 1.902, 1.896, 9.708]","[[[1.8299, -0.1958], [3.1148, 0.1306], [6.6839, -1.6319], [7.3977, -2.9374], [9.1109, -3.9165], [10.5386, -5.4831]], [[1.8299, -0.1958], [3.1148, 0.1306], [6.6839, -1.6319], [7.3977, -2.9374], [9.9675, -3.1332], [14.8215, -7.0497]], [[1.8299, -0.1958], [3.1148, 0.1306], [6.6839, -1.6319], [7.3977, -2.9374], [9.1109, 0.1305], [10.253, -5.6136]], [[1.8299, -0.1958], [3.1148, 0.1306], [6.6839, -1.6319], [7.3977, -2.9374], [9.682, 16.5798], [31.3822, 16.5798]]]",3.4809,0.0,0.0,0.0,0.0,0.0,0.0,False,"[2, 2, 2]",0.0,0.0,0.0,1.2736,4.0,1.1767,0.6366,2.8209,0.6401,0.7474,1.2736,"[[1.83, -0.196], [3.115, 0.131], [6.684, -1.632], [7.398, -2.937], [9.539, -3.525], [12.68, -6.266]]",ok,9.7078,0.0,0.0,0.0,0.0,0.0,0.0,0.0,0.0,0.0,c50c7d9402bb4d85b3095645d8aa258b,scene-0632,42
1.6141,2.1584,3.3975,1.2541,1.5809,1.954,0.0,0.0,0.0,0.0,0.0,0.0,0.0,0.0,0.0,ok,straight,1.7569,2.7239,5.1209,1.1114,1.9068,2.6474,False,"[-0.1305, -0.1958, -0.1958, -7.6372]","[-165.4802, -208.8288, -460.7157, -14675.4516]","[2.9135, 2.8864, -1000458.9883, -1014673.7243]","[2.032, 3.265, 2.352, 3.972]","[[[2.6865, 0.0], [4.3997, 0.0], [6.3984, -0.3916], [9.1109, -0.0653], [12.5373, -0.1305], [14.536, -0.2611]], [[2.6865, 0.0], [4.3997, 0.0], [6.3984, -0.3916], [9.1109, -0.0653], [10.253, 0.0], [9.3964, -0.3916]], [[2.6865, 0.0], [4.3997, 0.0], [6.3984, -0.3916], [9.1109, -0.0653], [12.2517, 1.1749], [13.1083, 0.3916]], [[2.6865, 0.0], [4.3997, 0.0], [6.3984, -0.3916], [9.1109, -0.0653], [14.536, -0.1305], [12.8228, -15.2743]]]",0.7643,0.0,0.0,0.0,0.0,0.0,0.0,True,"[2, 2, 2]",0.0,0.0,0.0,2.0318,4.0,1.7569,2.7239,2.5604,1.1114,1.9068,2.0318,"[[2.686, 0.0], [4.4, 0.0], [6.398, -0.392], [9.111, -0.065], [11.395, -0.065], [11.966, -0.326]]",ok,3.972,0.0,0.0,0.0,0.0,0.0,0.0,0.0,0.0,0.0,13ade121714c46d6a028516ecb5bff60,scene-0632,42
1.0155,1.2627,0.9035,0.7771,1.0526,1.2007,0.0,0.0,0.0,0.0,0.0,0.0,0.0,0.0,0.0,ok,straight,1.2996,0.176,2.4701,0.6858,1.0213,1.2268,False,"[-0.0653, -0.0653, -0.0653, -0.5222]","[-1211.5323, -2529.6954, -4354.8445, -12440.2953]","[-1503445.8399, -1504764.003, -1506589.1521, -1514674.6029]","[1.107, 1.512, 2.107, 2.366]","[[[4.2569, 0.0], [7.1122, 0.0], [9.9675, -0.2611], [16.3919, 0.0], [20.8176, -0.3916], [22.2453, -0.1305]], [[4.2569, 0.0], [7.1122, 0.0], [9.9675, -0.2611], [16.3919, 0.0], [18.2479, -0.1305], [21.3887, -0.1305]], [[4.2569, 0.0], [7.1122, 0.0], [9.9675, -0.2611], [16.3919, 0.0], [20.5321, -0.7833], [32.2388, -0.1305]], [[4.2569, 0.0], [7.1122, 0.0], [9.9675, -0.2611], [16.3919, 0.0], [25.3861, -0.2611], [19.39, 1.0444]]]",0.4936,0.0,0.0,0.0,0.0,0.0,0.0,False,"[2, 2, 2]",0.0,0.0,0.0,1.1068,4.0,1.2996,0.176,2.0423,0.6858,1.0213,1.1068,"[[4.257, 0.0], [7.112, 0.0], [9.968, -0.261], [16.392, 0.0], [19.533, -0.261], [21.817, -0.131]]",ok,2.3657,0.0,0.0,0.0,0.0,0.0,0.0,0.0,0.0,0.0,fe5b1b2e8aa2430e90c5c90825f9f1f2,scene-0633,42
1.0712,3.0755,2.8206,0.7841,1.6034,2.1294,0.0,0.0,0.0,0.0,0.0,0.0,0.0,0.0,0.0,ok,straight,0.9255,1.647,3.0986,0.64,1.0315,1.6095,True,"[-0.0653, -0.1958, -0.2611, -8.2899]","[-187.8468, -244.269, -456.5669, -869024.2469]","[2.2427, 2.2055, 2.1863, -1869023.19]","[1.938, 1.299, 1.724, 11.525]","[[[3.8286, 0.0], [7.5405, -0.0653], [11.6807, -0.1305], [15.6781, -0.2611], [18.2479, -0.1305], [22.2453, -0.1305]], [[3.8286, 0.0], [7.5405, -0.0653], [11.6807, -0.1305], [15.6781, -0.2611], [20.5321, 0.3916], [23.9585, -0.3916]], [[3.8286, 0.0], [7.5405, -0.0653], [11.6807, -0.1305], [15.6781, -0.2611], [18.2479, -0.1305], [23.6729, 0.5222]], [[3.8286, 0.0], [7.5405, -0.0653], [11.6807, -0.1305], [15.6781, -0.2611], [69.6432, -0.2611], [23.3874, 16.5798]]]",4.2806,0.0,0.0,0.0,0.0,0.0,0.0,True,"[2, 2, 2]",0.0,0.0,0.0,1.2987,4.0,0.9255,1.647,2.2409,0.64,1.0315,1.2987,"[[3.829, 0.0], [7.541, -0.065], [11.681, -0.131], [15.678, -0.261], [19.39, 0.131], [23.102, -0.261]]",ok,11.5248,0.0,0.0,0.0,0.0,0.0,0.0,0.0,0.0,0.0,d42e413c7c4d4fbdba460be4f8d01da1,scene-0633,42
0.388,0.8804,0.1833,0.2882,0.4498,0.3832,0.0,0.0,0.0,0.0,0.0,0.0,0.0,0.0,0.0,ok,straight,0.0985,1.8336,1.4098,0.3568,0.7304,0.9054,False,"[-0.1305, -0.3264, -0.0653, -0.0]","[-1332.1565, -2522.4608, -4971.396, -856967.2532]","[-1001330.2532, -1002520.5575, -1004969.4927, -1856965.3498]","[0.57, 1.241, 1.272, 9.37]","[[[3.2576, 0.0], [7.6833, -0.0653], [11.8235, -0.0653], [16.963, -0.1958], [18.2479, -0.1305], [21.6742, -0.2611]], [[3.2576, 0.0], [7.6833, -0.0653], [11.8235, -0.0653], [16.963, -0.1958], [16.8202, 0.5222], [19.39, 0.6527]], [[3.2576, 0.0], [7.6833, -0.0653], [11.8235, -0.0653], [16.963, -0.1958], [17.3913, 0.0], [25.3861, -0.1305]], [[3.2576, 0.0], [7.6833, -0.0653], [11.8235, -0.0653], [16.963, -0.1958], [69.6432, -0.2611], [19.6755, 0.0]]]",3.6231,0.0,0.0,0.0,0.0,0.0,0.0,False,"[2, 2, 2]",0.0,0.0,0.0,0.5702,4.0,0.0985,1.8336,0.1833,0.3568,0.7304,0.5702,"[[3.258, 0.0], [7.683, -0.065], [11.823, -0.065], [16.963, -0.196], [17.534, 0.196], [20.532, 0.196]]",ok,9.3699,0.0,0.0,0.0,0.0,0.0,0.0,0.0,0.0,0.0,5b360c6fe72d497185ef502483f1ac68,scene-0633,42
0.7313,1.0529,0.3928,0.5567,0.8606,0.8974,0.0,0.0,0.0,0.0,0.0,0.0,0.0,0.0,0.0,ok,straight,1.3006,0.3721,5.6504,0.9125,0.9056,1.7496,False,"[-0.0, -0.1305, -0.3916, -0.1305]","[-818.2997, -6914.3202, -27206.5847, -89925.9442]","[4.8932, -1006911.4358, -1027203.7003, -1089923.0598]","[0.927, 2.783, 2.33, 4.199]","[[[2.1154, 0.0], [3.9714, 0.0], [6.3984, 0.0653], [9.8247, 0.0], [10.5386, 0.0], [13.6794, 0.0]], [[2.1154, 0.0], [3.9714, 0.0], [6.3984, 0.0653], [9.8247, 0.0], [11.9662, 1.3055], [1.9727, -0.2611]], [[2.1154, 0.0], [3.9714, 0.0], [6.3984, 0.0653], [9.8247, 0.0], [2.8293, 0.0], [13.3939, 0.7833]], [[2.1154, 0.0], [3.9714, 0.0], [6.3984, 0.0653], [9.8247, 0.0], [10.8241, 16.5798], [8.8254, 0.2611]]]",1.1679,0.0,0.0,0.0,0.0,0.0,0.0,False,"[2, 2, 2]",0.0,0.0,0.0,0.9274,4.0,1.3006,0.3721,0.3928,0.9125,0.9056,0.9274,"[[2.115, 0.0], [3.971, 0.0], [6.398, 0.065], [9.825, 0.0], [11.252, 0.653], [7.826, -0.131]]",ok,4.1995,0.0,0.0,0.0,0.0,0.0,0.0,0.0,0.0,0.0,1da9c46177344f4f9ebd3d15d199b785,scene-0633,42
4.8919,9.839,12.9145,3.6623,6.1455,8.1745,0.0,0.0,0.0,0.0,0.0,0.0,0.0,0.0,0.0,ok,straight,5.1774,10.9965,10.9169,3.8051,6.543,8.0873,True,"[-0.0653, -0.1958, -0.0653, -2.2193]","[-828.5685, -752.4362, -4657.6378, -5602.3836]","[4.0104, -1000750.0206, -1004655.2222, -1005599.968]","[8.392, 7.79, 8.773, 9.116]","[[[2.8293, 0.0], [5.6846, 0.0], [8.1116, 0.1958], [11.6807, 0.5222], [12.5373, 0.0], [15.3926, -0.1305]], [[2.8293, 0.0], [5.6846, 0.0], [8.1116, 0.1958], [11.6807, 0.5222], [12.8228, 1.436], [11.3952, -0.3916]], [[2.8293, 0.0], [5.6846, 0.0], [8.1116, 0.1958], [11.6807, 0.5222], [17.1058, -0.1305], [13.1083, 0.1305]], [[2.8293, 0.0], [5.6846, 0.0], [8.1116, 0.1958], [11.6807, 0.5222], [13.3939, 2.7415], [17.9623, -4.4387]]]",0.4919,0.0,0.0,0.0,0.0,0.0,0.0,True,"[2, 2, 2]",0.0,0.0,0.0,7.7904,4.0,5.1774,10.9965,8.9216,3.8051,6.543,7.7904,"[[2.829, 0.0], [5.685, 0.0], [8.112, 0.196], [11.681, 0.522], [12.68, 0.718], [13.394, -0.261]]",ok,9.1159,0.0,0.0,0.0,0.0,0.0,0.0,0.0,0.0,0.0,3bb017b691c34f8f89985c0c2220ccec,scene-0634,42
2.3706,7.9168,15.9661,1.6823,3.93,7.1259,0.0,0.0,0.0,0.0,0.0,0.0,0.0,0.0,0.0,ok,left,2.4196,7.4402,17.4157,1.7742,3.8128,7.348,False,"[-3.5248, -5.3525, -8.2899, 8.2899]","[-450.7906, -829.1152, -5616.12, -88876.4209]","[1.5714, -1000827.9624, -1005614.9672, -1088875.2681]","[7.048, 7.733, 8.588, 7.821]","[[[1.5444, -0.1305], [3.6858, -0.8486], [6.1129, -1.6971], [6.8267, -2.7415], [9.1109, -4.5692], [9.9675, -7.0497]], [[1.5444, -0.1305], [3.6858, -0.8486], [6.1129, -1.6971], [6.8267, -2.7415], [10.5386, -5.6136], [15.3926, -10.7051]], [[1.5444, -0.1305], [3.6858, -0.8486], [6.1129, -1.6971], [6.8267, -2.7415], [9.3964, -4.5692], [16.5347, -16.5798]], [[1.5444, -0.1305], [3.6858, -0.8486], [6.1129, -1.6971], [6.8267, -2.7415], [7.6833, 16.5798], [32.2388, 16.5798]]]",0.546,0.0,0.0,0.0,0.0,0.0,0.0,True,"[2, 2, 2]",0.0,0.0,0.0,7.0478,4.0,2.4196,7.4402,15.9661,1.7742,3.8128,7.0478,"[[1.544, -0.131], [3.686, -0.849], [6.113, -1.697], [6.827, -2.742], [9.825, -5.091], [12.68, -8.877]]",ok,8.5885,0.0,0.0,0.0,0.0,0.0,0.0,0.0,0.0,0.0,93ca32c6f20745cd9d6010c66a2721c8,scene-0634,42
1.403,2.9044,3.7673,0.9405,1.6715,2.3617,0.0,0.0,0.0,0.0,0.0,0.0,0.0,0.0,0.0,ok,straight,1.1181,1.9029,6.62,1.0121,1.7067,2.7887,False,"[-0.1305, -0.0, -0.5875, -0.0653]","[-1504.1885, -1876.6483, -5401.0224, -10358.3036]","[-502055.4958, -1503933.3488, -1507457.7229, -1512415.004]","[2.385, 3.195, 3.307, 3.622]","[[[3.5431, 0.0], [6.2556, -0.1305], [10.3958, -0.1305], [11.5379, -0.1958], [15.3926, -0.2611], [17.3913, -0.2611]], [[3.5431, 0.0], [6.2556, -0.1305], [10.3958, -0.1305], [11.5379, -0.1958], [14.536, 0.1305], [23.1019, 0.0]], [[3.5431, 0.0], [6.2556, -0.1305], [10.3958, -0.1305], [11.5379, -0.1958], [13.1083, -0.5222], [25.1006, -1.1749]], [[3.5431, 0.0], [6.2556, -0.1305], [10.3958, -0.1305], [11.5379, -0.1958], [20.2466, -0.3916], [19.9611, -0.1305]]]",0.4562,0.0,0.0,0.0,0.0,0.0,0.0,True,"[2, 2, 2]",0.0,0.0,0.0,2.3852,4.0,1.1181,1.9029,3.7673,1.0121,1.7067,2.3852,"[[3.543, 0.0], [6.256, -0.131], [10.396, -0.131], [11.538, -0.196], [14.964, -0.065], [20.247, -0.131]]",ok,3.6223,0.0,0.0,0.0,0.0,0.0,0.0,0.0,0.0,0.0,098415a9e8b7401a8f30c1425ad612eb,scene-0634,42
5.265,10.158,15.7502,3.8919,6.4681,9.1553,0.0,0.0,0.0,0.0,0.0,0.0,0.0,0.0,0.0,ok,straight,4.8358,10.5863,16.9062,3.4632,6.2537,9.1035,True,"[-0.1305, -0.6527, -0.2611, -0.0653]","[-16.9585, -3390.3869, -4924.1299, -920773.5394]","[4.071, -1003387.5447, -1004921.2878, -1920770.6973]","[9.012, 9.227, 10.537, 17.293]","[[[3.2576, 0.0], [6.9694, -0.0653], [10.6813, -0.1305], [14.6787, -0.1305], [18.2479, -0.2611], [21.3887, -0.2611]], [[3.2576, 0.0], [6.9694, -0.0653], [10.6813, -0.1305], [14.6787, -0.1305], [16.8202, -3.1332], [23.6729, -1.3055]], [[3.2576, 0.0], [6.9694, -0.0653], [10.6813, -0.1305], [14.6787, -0.1305], [23.6729, -0.6527], [25.1006, -0.5222]], [[3.2576, 0.0], [6.9694, -0.0653], [10.6813, -0.1305], [14.6787, -0.1305], [69.6432, -0.3916], [19.6755, -0.1305]]]",3.385,0.0,0.0,0.0,0.0,0.0,0.0,False,"[2, 2, 2]",0.0,0.0,0.0,9.0124,4.0,4.8358,10.5863,15.7502,3.4632,6.2537,9.0124,"[[3.258, 0.0], [6.969, -0.065], [10.681, -0.131], [14.679, -0.131], [17.534, -1.697], [22.531, -0.783]]",ok,17.2925,0.0,0.0,0.0,0.0,0.0,0.0,0.0,0.0,0.0,1794b5423be84d798ff953fff8307998,scene-0634,42
6.8899,13.5552,20.9975,5.1302,8.4297,11.9998,0.0,0.0,0.0,0.0,0.0,0.0,0.0,0.0,0.0,ok,straight,6.6036,15.276,21.4258,4.9157,9.0383,12.6441,False,"[-0.1305, -0.1305, -0.9138, -0.1305]","[-54.2772, -349.3745, -375.5886, -868135.3829]","[2.7176, 2.7168, -1000374.0262, -1868133.8205]","[13.026, 12.263, 11.898, 20.971]","[[[3.5431, 0.0], [7.1122, -0.0653], [11.6807, -0.1958], [15.9636, -0.5222], [19.9611, -0.6527], [23.3874, -0.2611]], [[3.5431, 0.0], [7.1122, -0.0653], [11.6807, -0.1958], [15.9636, -0.5222], [17.9623, -0.2611], [20.8176, -0.2611]], [[3.5431, 0.0], [7.1122, -0.0653], [11.6807, -0.1958], [15.9636, -0.5222], [18.5334, -0.1305], [17.9623, 1.8277]], [[3.5431, 0.0], [7.1122, -0.0653], [11.6807, -0.1958], [15.9636, -0.5222], [69.6432, -0.3916], [21.3887, -0.2611]]]",3.7356,0.0,0.0,0.0,0.0,0.0,0.0,True,"[2, 2, 2]",0.0,0.0,0.0,11.8983,4.0,6.6036,15.276,17.3839,4.9157,9.0383,11.8983,"[[3.543, 0.0], [7.112, -0.065], [11.681, -0.196], [15.964, -0.522], [18.962, -0.457], [22.103, -0.261]]",ok,20.9714,0.0,0.0,0.0,0.0,0.0,0.0,0.0,0.0,0.0,43f05ac397484672b9bdf86dcc0b0289,scene-0635,42
6.5424,12.8254,19.9627,4.8286,7.97,11.3494,0.0,0.0,0.0,0.0,0.0,0.0,0.0,0.0,0.0,ok,straight,6.6852,10.8248,21.5456,4.9003,7.8983,11.352,False,"[-0.718, -0.0653, -0.1958, -0.3916]","[-3455.1057, -3609.3035, -4073.6321, -27183.9235]","[-1506765.8952, -1506920.093, -1507384.4216, -1530494.713]","[10.835, 11.874, 11.302, 12.308]","[[[3.1148, -0.0653], [6.6839, -0.1305], [10.9669, 0.1306], [10.8241, -0.1305], [15.3926, -0.3916], [17.9623, -1.436]], [[3.1148, -0.0653], [6.6839, -0.1305], [10.9669, 0.1306], [10.8241, -0.1305], [14.536, -0.6527], [25.1006, -0.1305]], [[3.1148, -0.0653], [6.6839, -0.1305], [10.9669, 0.1306], [10.8241, -0.1305], [16.2492, -0.3916], [19.9611, -0.3916]], [[3.1148, -0.0653], [6.6839, -0.1305], [10.9669, 0.1306], [10.8241, -0.1305], [22.5308, -1.1749], [19.6755, -0.7833]]]",0.5586,0.0,0.0,0.0,0.0,0.0,0.0,False,"[2, 2, 2]",0.0,0.0,0.0,10.835,4.0,6.6852,10.8248,18.0193,4.9003,7.8983,10.835,"[[3.115, -0.065], [6.684, -0.131], [10.967, 0.131], [10.824, -0.131], [14.964, -0.522], [21.531, -0.783]]",ok,12.3075,0.0,0.0,0.0,0.0,0.0,0.0,0.0,0.0,0.0,e2da4cb3c76f4b9dacf9e63f6d10a254,scene-0635,42
6.5424,12.5379,18.2497,4.8286,7.8981,11.0156,0.0,0.0,0.0,0.0,0.0,0.0,0.0,0.0,0.0,ok,straight,7.1134,14.3932,19.391,5.1855,8.5047,11.564,False,"[-0.1305, -0.0653, -0.3916, -0.0653]","[-1587.8989, -2978.3481, -3295.8369, -6113.6436]","[-1502744.9726, -1504135.4219, -1504452.9107, -1507270.7173]","[11.42, 11.709, 10.519, 10.991]","[[[3.2576, 0.0], [7.1122, -0.1305], [9.2537, -0.1305], [14.3932, 0.0], [16.2492, -0.2611], [18.2479, -0.2611]], [[3.2576, 0.0], [7.1122, -0.1305], [9.2537, -0.1305], [14.3932, 0.0], [15.6781, -0.9138], [20.5321, -0.1305]], [[3.2576, 0.0], [7.1122, -0.1305], [9.2537, -0.1305], [14.3932, 0.0], [13.9649, -0.2611], [15.107, -0.7833]], [[3.2576, 0.0], [7.1122, -0.1305], [9.2537, -0.1305], [14.3932, 0.0], [13.3939, -0.1305], [18.5334, -0.1305]]]",0.4497,0.0,0.0,0.0,0.0,0.0,0.0,False,"[2, 2, 2]",0.0,0.0,0.0,10.5189,4.0,7.1134,14.3932,15.1273,5.1855,8.5047,10.5189,"[[3.258, 0.0], [7.112, -0.131], [9.254, -0.131], [14.393, 0.0], [15.964, -0.587], [19.39, -0.196]]",ok,11.7093,0.0,0.0,0.0,0.0,0.0,0.0,0.0,0.0,0.0,58470b43cd034f61b9aa7e1b5ce78221,scene-0635,42
5.9715,12.2524,18.2483,4.5432,7.6126,10.4917,0.0,0.0,0.0,0.0,0.0,0.0,0.0,0.0,0.0,ok,straight,6.9707,12.9657,20.2466,4.9713,8.0054,11.4679,False,"[-0.0653, -0.0653, -0.3264, -0.1958]","[-923.9744, -1294.1115, -862.2109, -21593.5772]","[3.2267, 3.1851, 0.8215, -1021591.8438]","[12.183, 10.753, 10.851, 9.422]","[[[2.972, 0.0], [6.9694, -0.1305], [9.1109, -0.1958], [12.9656, -0.0653], [18.8189, -0.6527], [22.2453, 0.1305]], [[2.972, 0.0], [6.9694, -0.1305], [9.1109, -0.1958], [12.9656, -0.0653], [14.2505, -0.1305], [18.2479, -0.1305]], [[2.972, 0.0], [6.9694, -0.1305], [9.1109, -0.1958], [12.9656, -0.0653], [14.8215, -0.3916], [18.2479, -0.6527]], [[2.972, 0.0], [6.9694, -0.1305], [9.1109, -0.1958], [12.9656, -0.0653], [7.3977, -0.1305], [17.1058, -0.3916]]]",0.9768,0.0,0.0,0.0,0.0,0.0,0.0,True,"[2, 2, 2]",0.0,0.0,0.0,9.4218,4.0,6.9707,12.9657,17.1102,4.9713,8.0054,9.4218,"[[2.972, 0.0], [6.969, -0.131], [9.111, -0.196], [12.966, -0.065], [16.535, -0.392], [20.247, 0.0]]",ok,12.1829,0.0,0.0,0.0,0.0,0.0,0.0,0.0,0.0,0.0,4ef7c8c891a84b9eb030f12e1c07830f,scene-0635,42
0.5855,1.471,1.6189,0.5387,0.9804,1.1714,0.0,0.0,0.0,0.0,0.0,0.0,0.0,0.0,0.0,ok,straight,1.5832,2.6145,2.4796,1.1089,1.5514,1.743,False,"[-0.0653, -0.0653, -0.1958, -4.2429]","[-520.3735, -798.45, -4871.0121, -28337.8656]","[3.6522, 3.6281, -1004868.6662, -1028335.5197]","[1.601, 1.886, 2.09, 4.59]","[[[2.972, 0.0], [5.5418, 0.0], [9.1109, -0.0653], [11.1096, -0.0653], [15.107, -0.1305], [18.2479, -0.1305]], [[2.972, 0.0], [5.5418, 0.0], [9.1109, -0.0653], [11.1096, -0.0653], [15.107, -0.1305], [16.5347, -0.1305]], [[2.972, 0.0], [5.5418, 0.0], [9.1109, -0.0653], [11.1096, -0.0653], [19.6755, -0.5222], [23.3874, -0.3916]], [[2.972, 0.0], [5.5418, 0.0], [9.1109, -0.0653], [11.1096, -0.0653], [4.828, 1.0444], [15.6781, -8.4857]]]",1.1953,0.0,0.0,0.0,0.0,0.0,0.0,True,"[2, 2, 2]",0.0,0.0,0.0,1.6006,4.0,1.5832,2.6145,1.6252,1.1089,1.5514,1.6006,"[[2.972, 0.0], [5.542, 0.0], [9.111, -0.065], [11.11, -0.065], [15.107, -0.131], [17.391, -0.131]]",ok,4.5899,0.0,0.0,0.0,0.0,0.0,0.0,0.0,0.0,0.0,3ac231a1ef4c481c9c15921cafa87307,scene-0636,42
1.2437,3.2866,7.1447,0.8401,1.6849,3.2071,0.0,0.0,0.0,0.0,0.0,0.0,0.0,0.0,0.0,ok,straight,1.2437,4.5781,10.1912,1.054,2.2571,4.1929,False,"[-0.1305, -0.9791, -0.3916, -0.0653]","[-205.5858, -1124.3964, -3875.172, -71423.5639]","[2.3121, -1001123.436, -1003874.2116, -1071422.6035]","[3.493, 4.898, 4.457, 4.182]","[[[2.6865, 0.0], [4.5424, 0.0], [6.8267, -0.0653], [9.8247, -0.3264], [11.1096, -0.2611], [12.5373, -0.2611]], [[2.6865, 0.0], [4.5424, 0.0], [6.8267, -0.0653], [9.8247, -0.3264], [12.2517, -0.6527], [19.6755, -1.9582]], [[2.6865, 0.0], [4.5424, 0.0], [6.8267, -0.0653], [9.8247, -0.3264], [10.5386, 0.6527], [18.8189, -0.7833]], [[2.6865, 0.0], [4.5424, 0.0], [6.8267, -0.0653], [9.8247, -0.3264], [-2.8813, 0.0], [13.3939, -0.1305]]]",0.5097,0.0,0.0,0.0,0.0,0.0,0.0,True,"[2, 2, 2]",0.0,0.0,0.0,3.4934,4.0,1.2437,4.5781,6.5738,1.054,2.2571,3.4934,"[[2.686, 0.0], [4.542, 0.0], [6.827, -0.065], [9.825, -0.326], [11.681, -0.457], [16.106, -1.11]]",ok,4.8977,0.0,0.0,0.0,0.0,0.0,0.0,0.0,0.0,0.0,a49f9ebfee6044589286b7f8e279ac18,scene-0636,42
2.6585,5.1715,6.5289,1.8328,3.0103,4.0977,0.0,0.0,1.0,0.0,0.0,1.0,0.0,0.0,0.3333333333333333,ok,right,2.3744,5.3028,6.5912,1.8334,3.2212,3.617,True,"[0.0653, 0.4569, -8.2899, 3.1332]","[-23.2291, -25255.2761, -64696.0001, -124122.9135]","[3.2749, -1025253.4295, -1064694.1535, -1124121.0669]","[4.238, 3.861, 9.441, 6.202]","[[[2.5437, 0.0], [4.828, -0.0653], [7.5405, -0.1305], [10.1103, -0.1958], [11.9662, -0.1305], [13.1083, -0.1305]], [[2.5437, 0.0], [4.828, -0.0653], [7.5405, -0.1305], [10.1103, -0.1958], [3.1148, -0.1305], [13.6794, -0.9138]], [[2.5437, 0.0], [4.828, -0.0653], [7.5405, -0.1305], [10.1103, -0.1958], [7.1122, 16.5798], [22.8163, 16.5798]], [[2.5437, 0.0], [4.828, -0.0653], [7.5405, -0.1305], [10.1103, -0.1958], [14.8215, 16.5798], [10.253, -6.2664]]]",2.2105,0.0,0.0,1.0,0.0,0.0,1.0,False,"[2, 2, 2]",0.0,0.0,0.16666666666666666,3.8606,4.0,2.3744,5.3028,6.6881,1.8334,3.2212,3.8606,"[[2.544, 0.0], [4.828, -0.065], [7.541, -0.131], [10.11, -0.196], [7.541, -0.131], [13.394, -0.522]]",ok,9.441,0.0,1.0,0.0,0.0,1.0,1.0,0.0,0.25,0.3333333333333333,60f69450e83440ca822610054f48e17e,scene-0636,42
0.4758,0.1952,0.4109,0.4121,0.2936,0.3668,0.0,0.0,0.0,0.0,0.0,0.0,0.0,0.0,0.0,ok,straight,0.6211,1.7526,1.2182,0.6971,0.8963,0.8849,False,"[-0.0653, -0.4569, -1.3708, -0.2611]","[-1251.5879, -1752.4689, -7551.7314, -11749.8882]","[-1501912.971, -1502413.852, -1508213.1145, -1512411.2713]","[0.917, 1.388, 1.434, 1.74]","[[[4.6852, -0.0653], [8.6826, -0.0653], [12.8228, -0.3264], [15.107, -0.1958], [20.8176, -0.1305], [24.5295, -0.1305]], [[4.6852, -0.0653], [8.6826, -0.0653], [12.8228, -0.3264], [15.107, -0.1958], [22.2453, 0.1305], [29.3835, -0.9138]], [[4.6852, -0.0653], [8.6826, -0.0653], [12.8228, -0.3264], [15.107, -0.1958], [23.6729, 0.1305], [24.244, -2.7415]], [[4.6852, -0.0653], [8.6826, -0.0653], [12.8228, -0.3264], [15.107, -0.1958], [24.244, 0.5222], [21.9598, -0.5222]]]",0.2943,0.0,0.0,0.0,0.0,0.0,0.0,False,"[2, 2, 2]",0.0,0.0,0.0,0.9174,4.0,0.6211,1.7526,1.3038,0.6971,0.8963,0.9174,"[[4.685, -0.065], [8.683, -0.065], [12.823, -0.326], [15.107, -0.196], [21.531, 0.0], [26.957, -0.522]]",ok,1.7403,0.0,0.0,0.0,0.0,0.0,0.0,0.0,0.0,0.0,fb6bf332e9484f7380161edeeee03af9,scene-0636,42
3.2666,5.2191,8.8432,2.108,3.5601,5.1577,0.0,0.0,0.0,0.0,0.0,0.0,0.0,0.0,0.0,ok,straight,1.8392,4.0772,7.5365,1.4656,2.5965,4.1548,True,"[-1.3708, -0.1305, -0.1958, -0.3916]","[-259.5195, -1211.2761, -21760.7281, -452967.9006]","[1.3445, -1001208.8475, -1021758.2995, -1452965.472]","[3.884, 4.468, 5.705, 7.85]","[[[2.972, 0.0], [6.2556, 0.0], [8.8254, -0.0653], [12.2517, -0.0653], [15.107, -0.2611], [18.5334, -2.7415]], [[2.972, 0.0], [6.2556, 0.0], [8.8254, -0.0653], [12.2517, -0.0653], [12.8228, -0.1305], [16.8202, -0.2611]], [[2.972, 0.0], [6.2556, 0.0], [8.8254, -0.0653], [12.2517, -0.0653], [6.2556, 0.0], [15.9636, -0.3916]], [[2.972, 0.0], [6.2556, 0.0], [8.8254, -0.0653], [12.2517, -0.0653], [52.797, -0.6527], [20.2466, -0.7833]]]",1.5201,0.0,0.0,0.0,0.0,0.0,0.0,True,"[2, 2, 2]",0.0,0.0,0.0,3.8836,4.0,1.8392,4.0772,7.0508,1.4656,2.5965,3.8836,"[[2.972, 0.0], [6.256, 0.0], [8.825, -0.065], [12.252, -0.065], [13.965, -0.196], [17.677, -1.501]]",ok,7.8504,0.0,0.0,0.0,0.0,0.0,0.0,0.0,0.0,0.0,8b77b8e2cbf144bea91f4c1856b05a7c,scene-0637,42
1.8941,4.2414,5.9669,1.5067,2.5694,3.5827,0.0,0.0,0.0,0.0,0.0,0.0,0.0,0.0,0.0,ok,straight,1.4647,4.5554,7.6811,1.292,2.148,3.6594,False,"[-0.1958, -0.1305, -0.0653, -0.3264]","[-961.3518, -1183.2628, -3879.5769, -11329.7853]","[-1502614.1037, -1502836.0147, -1505532.3288, -1512982.5373]","[3.828, 3.492, 3.16, 3.161]","[[[3.1148, 0.0], [6.9694, -0.0653], [11.2524, -0.1305], [12.5373, 0.3916], [15.3926, -0.5222], [17.6768, -0.3916]], [[3.1148, 0.0], [6.9694, -0.0653], [11.2524, -0.1305], [12.5373, 0.3916], [16.2492, -0.1305], [18.8189, -0.2611]], [[3.1148, 0.0], [6.9694, -0.0653], [11.2524, -0.1305], [12.5373, 0.3916], [18.2479, -0.3916], [18.8189, -0.1305]], [[3.1148, 0.0], [6.9694, -0.0653], [11.2524, -0.1305], [12.5373, 0.3916], [20.2466, -0.1305], [16.8202, -0.6527]]]",0.2763,0.0,0.0,0.0,0.0,0.0,0.0,False,"[2, 2, 2]",0.0,0.0,0.0,3.1605,4.0,1.4647,4.5554,7.1079,1.292,2.148,3.1605,"[[3.115, 0.0], [6.969, -0.065], [11.252, -0.131], [12.537, 0.392], [15.821, -0.326], [18.248, -0.326]]",ok,3.8277,0.0,0.0,0.0,0.0,0.0,0.0,0.0,0.0,0.0,e5313f353c1340288bc407c3f52f5226,scene-0637,42
0.5435,1.3129,0.9762,0.3707,0.78,1.2576,0.0,0.0,0.0,0.0,0.0,0.0,0.0,0.0,0.0,ok,straight,0.9696,1.1723,3.4636,0.7253,0.8524,1.4125,False,"[-0.1305, -3.329, -0.1305, -1.3055]","[-446.6224, -2346.8404, -2708.5824, -3749.5349]","[5.3794, -1002343.8606, -1002705.6026, -1003746.555]","[1.163, 1.779, 1.448, 1.619]","[[[3.9714, 0.0], [8.1116, 0.0], [12.8228, -0.1958], [16.963, -0.0653], [19.9611, -0.1305], [25.9572, -0.2611]], [[3.9714, 0.0], [8.1116, 0.0], [12.8228, -0.1958], [16.963, -0.0653], [21.9598, 0.1305], [25.6716, -6.658]], [[3.9714, 0.0], [8.1116, 0.0], [12.8228, -0.1958], [16.963, -0.0653], [23.1019, -0.3916], [22.2453, -0.2611]], [[3.9714, 0.0], [8.1116, 0.0], [12.8228, -0.1958], [16.963, -0.0653], [22.5308, -1.9582], [23.3874, 2.611]]]",0.228,0.0,0.0,0.0,0.0,0.0,0.0,False,"[2, 2, 2]",0.0,0.0,0.0,1.1631,4.0,0.9696,1.1723,0.9762,0.7253,0.8524,1.1631,"[[3.971, 0.0], [8.112, 0.0], [12.823, -0.196], [16.963, -0.065], [20.96, 0.0], [25.814, -3.46]]",ok,1.7788,0.0,0.0,0.0,0.0,0.0,0.0,0.0,0.0,0.0,3cc7d2152d6042708f0935f99552e0d8,scene-0637,42
0.0606,1.8567,5.608,0.1067,1.033,2.1492,0.0,0.0,0.0,0.0,0.0,0.0,0.0,0.0,0.0,ok,straight,0.6133,1.9994,7.7494,0.5965,1.0635,2.5978,False,"[-0.0653, -0.0653, -0.0653, -0.0653]","[-172.3186, -497.0515, -4623.3512, -11906.65]","[3.0896, -1000494.8347, -1004621.1344, -1011904.4331]","[2.169, 3.026, 1.966, 3.407]","[[[3.2576, 0.0], [7.9688, 0.0], [11.5379, -0.0653], [15.2498, -0.1305], [18.8189, -0.1305], [23.3874, -0.1305]], [[3.2576, 0.0], [7.9688, 0.0], [11.5379, -0.0653], [15.2498, -0.1305], [19.6755, -0.1305], [27.6704, -0.1305]], [[3.2576, 0.0], [7.9688, 0.0], [11.5379, -0.0653], [15.2498, -0.1305], [19.6755, 0.0], [14.2505, -0.1305]], [[3.2576, 0.0], [7.9688, 0.0], [11.5379, -0.0653], [15.2498, -0.1305], [25.6716, 0.1305], [23.9585, -0.1305]]]",0.5944,0.0,0.0,0.0,0.0,0.0,0.0,True,"[2, 2, 2]",0.0,0.0,0.0,1.9661,4.0,0.6133,1.9994,3.5291,0.5965,1.0635,1.9661,"[[3.258, 0.0], [7.969, 0.0], [11.538, -0.065], [15.25, -0.131], [19.247, -0.131], [25.529, -0.131]]",ok,3.4073,0.0,0.0,0.0,0.0,0.0,0.0,0.0,0.0,0.0,cc92df0799e44da89bfb8d8434f954ed,scene-0637,42
1.5912,3.6058,4.5175,1.3346,2.2329,3.0798,0.0,0.0,0.0,0.0,0.0,0.0,0.0,0.0,0.0,ok,straight,1.8767,2.751,6.3759,1.3346,1.8815,2.8958,True,"[-0.0, -0.1958, -0.9791, -0.3264]","[-444.0103, -2216.6579, -5542.6233, -1170361.0092]","[4.3171, -1002213.9441, -1005539.9096, -2170358.2954]","[2.798, 3.002, 4.029, 13.543]","[[[2.5437, 0.0], [5.399, 0.0], [7.1122, 0.2611], [9.1109, 0.0653], [12.8228, 0.0], [14.2505, 0.0]], [[2.5437, 0.0], [5.399, 0.0], [7.1122, 0.2611], [9.1109, 0.0653], [10.253, 0.5222], [17.9623, -0.3916]], [[2.5437, 0.0], [5.399, 0.0], [7.1122, 0.2611], [9.1109, 0.0653], [16.8202, 0.2611], [17.3913, -1.9582]], [[2.5437, 0.0], [5.399, 0.0], [7.1122, 0.2611], [9.1109, 0.0653], [69.6432, 16.5798], [19.6755, 0.6527]]]",4.4702,0.0,0.0,0.0,0.0,0.0,0.0,True,"[2, 2, 2]",0.0,0.0,0.0,2.798,4.0,1.8767,2.751,4.5175,1.3346,1.8815,2.798,"[[2.544, 0.0], [5.399, 0.0], [7.112, 0.261], [9.111, 0.065], [11.538, 0.261], [16.106, -0.196]]",ok,13.5434,0.0,0.0,0.0,0.0,0.0,0.0,0.0,0.0,0.0,ccd7c315063047ddb231fceb7ceff64b,scene-0638,42
1.2003,5.1021,10.291,0.7445,2.2181,4.5216,0.0,0.0,0.0,0.0,0.0,0.0,0.0,0.0,0.0,ok,left,1.2697,4.8232,11.8088,0.8165,1.8724,4.5487,False,"[-2.7415, -3.329, -3.0026, 0.3916]","[-1658.3962, -2663.4875, -5444.2075, -11214.185]","[-1503653.9284, -1504659.0197, -1507439.7397, -1513209.7172]","[4.315, 4.857, 4.256, 2.726]","[[[2.1154, -0.1958], [4.3997, -0.5222], [5.8273, 0.3264], [8.3971, -2.2193], [9.1109, -3.1332], [11.1096, -5.4831]], [[2.1154, -0.1958], [4.3997, -0.5222], [5.8273, 0.3264], [8.3971, -2.2193], [13.1083, -4.4387], [12.2517, -6.658]], [[2.1154, -0.1958], [4.3997, -0.5222], [5.8273, 0.3264], [8.3971, -2.2193], [12.8228, -0.9138], [13.9649, -6.0053]], [[2.1154, -0.1958], [4.3997, -0.5222], [5.8273, 0.3264], [8.3971, -2.2193], [6.8267, 3.0026], [7.6833, 0.7833]]]",0.793,0.0,0.0,1.0,0.0,0.0,1.0,False,"[2, 2, 2]",0.0,0.0,0.16666666666666666,2.7261,4.0,1.2697,4.8232,5.9795,0.8165,1.8724,2.7261,"[[2.115, -0.196], [4.4, -0.522], [5.827, 0.326], [8.397, -2.219], [11.11, -3.786], [11.681, -6.071]]",ok,4.8569,0.0,0.0,0.0,0.0,0.0,0.0,0.0,0.0,0.0,c2883c7af8154962817ba909773d6e05,scene-0638,42
1.9899,2.6089,4.5484,1.5879,2.2653,2.9705,0.0,0.0,0.0,0.0,0.0,0.0,0.0,0.0,0.0,ok,straight,2.2752,1.6011,0.7034,1.5164,1.9434,1.8542,True,"[-1.5013, -0.0, -0.9138, -0.0]","[-1280.2643, -2263.1267, -8124.0809, -749371.7365]","[-1501926.409, -1502909.2714, -1508770.2256, -2250017.8812]","[2.166, 2.44, 2.979, 11.78]","[[[3.8286, 0.0], [8.8254, 0.0], [13.2511, -0.0653], [15.8209, 0.2611], [19.1045, 0.1305], [18.5334, 3.0026]], [[3.8286, 0.0], [8.8254, 0.0], [13.2511, -0.0653], [15.8209, 0.2611], [22.2453, 0.1305], [24.5295, 0.0]], [[3.8286, 0.0], [8.8254, 0.0], [13.2511, -0.0653], [15.8209, 0.2611], [21.3887, 0.0], [15.3926, 1.8277]], [[3.8286, 0.0], [8.8254, 0.0], [13.2511, -0.0653], [15.8209, 0.2611], [69.6432, 0.0], [33.381, 0.0]]]",4.0168,0.0,0.0,0.0,0.0,0.0,0.0,False,"[2, 2, 2]",0.0,0.0,0.0,2.1656,4.0,2.2752,1.6011,4.0418,1.5164,1.9434,2.1656,"[[3.829, 0.0], [8.825, 0.0], [13.251, -0.065], [15.821, 0.261], [20.675, 0.131], [21.531, 1.501]]",ok,11.7799,0.0,0.0,0.0,0.0,0.0,0.0,0.0,0.0,0.0,f0a91381bd0a4427ba3bbea2252981d3,scene-0638,42
0.4602,0.426,1.3253,0.2579,0.2755,0.6049,0.0,0.0,0.0,0.0,0.0,0.0,0.0,0.0,0.0,ok,straight,0.1215,0.426,0.0775,0.3209,0.2707,0.2759,True,"[-0.0653, -0.1305, -3.4596, -0.0653]","[-86.3341, -49.6948, -60907.9941, -866761.7086]","[2.622, 2.5774, -1060906.5954, -1866760.3099]","[0.434, 0.602, 3.973, 9.928]","[[[4.2569, 0.0], [7.3977, 0.0], [10.6813, -0.0653], [14.2505, -0.1305], [16.5347, -0.2611], [18.2479, -0.1305]], [[4.2569, 0.0], [7.3977, 0.0], [10.6813, -0.0653], [14.2505, -0.1305], [17.9623, -0.1305], [20.8176, -0.2611]], [[4.2569, 0.0], [7.3977, 0.0], [10.6813, -0.0653], [14.2505, -0.1305], [23.3874, -14.6216], [19.1045, -6.9191]], [[4.2569, 0.0], [7.3977, 0.0], [10.6813, -0.0653], [14.2505, -0.1305], [69.6432, -0.2611], [25.1006, -0.1305]]]",3.8445,0.0,0.0,0.0,0.0,0.0,0.0,True,"[2, 2, 2]",0.0,0.0,0.0,0.434,4.0,0.1215,0.426,1.2513,0.3209,0.2707,0.434,"[[4.257, 0.0], [7.398, 0.0], [10.681, -0.065], [14.25, -0.131], [17.249, -0.196], [19.533, -0.196]]",ok,9.9278,0.0,0.0,0.0,0.0,0.0,0.0,0.0,0.0,0.0,457185e7311943ec97c79aea2a45df79,scene-0638,42
5.399,11.1096,16.2497,4.2569,7.0408,9.5394,0.0,0.0,0.0,0.0,0.0,0.0,0.0,0.0,0.0,ok,straight,5.5418,12.2519,14.6801,4.2569,7.2908,9.7061,False,"[-0.0, -0.1958, -0.0653, -0.3916]","[-243.0711, -675.9474, -1113.305, -2114.9169]","[4.0524, -1000674.1293, -1001111.4869, -1002113.0987]","[10.279, 9.138, 9.658, 10.042]","[[[2.972, 0.0], [5.5418, 0.0], [8.3971, 0.0653], [12.2517, 0.0653], [14.8215, -0.6527], [17.6768, 0.0]], [[2.972, 0.0], [5.5418, 0.0], [8.3971, 0.0653], [12.2517, 0.0653], [13.9649, 0.5222], [11.6807, -0.3916]], [[2.972, 0.0], [5.5418, 0.0], [8.3971, 0.0653], [12.2517, 0.0653], [12.8228, -0.1305], [15.9636, -0.1305]], [[2.972, 0.0], [5.5418, 0.0], [8.3971, 0.0653], [12.2517, 0.0653], [12.8228, -0.1305], [18.2479, 0.7833]]]",0.4317,0.0,0.0,0.0,0.0,0.0,0.0,True,"[2, 2, 2]",0.0,0.0,0.0,9.1375,4.0,5.5418,12.2519,11.6873,4.2569,7.2908,9.1375,"[[2.972, 0.0], [5.542, 0.0], [8.397, 0.065], [12.252, 0.065], [14.393, -0.065], [14.679, -0.196]]",ok,10.2793,0.0,0.0,0.0,0.0,0.0,0.0,0.0,0.0,0.0,4cecbedd7c9c406ba5a0b22a3fa2e49c,scene-0770,42
5.399,11.1104,16.2497,4.2569,7.041,9.5871,0.0,0.0,0.0,0.0,0.0,0.0,0.0,0.0,0.0,ok,straight,5.1135,10.9686,15.1072,4.1141,6.8628,9.2306,True,"[-0.0653, -0.1305, -0.3916, -0.0]","[-180.1418, -175.6642, -2458.3041, -6845.8518]","[3.0969, 2.6595, -1002456.577, -1006844.1247]","[9.468, 8.994, 9.902, 11.181]","[[[3.1148, 0.0], [5.1135, 0.0], [8.2543, 0.0], [10.9669, -0.1958], [13.1083, -0.1305], [16.2492, -0.1305]], [[3.1148, 0.0], [5.1135, 0.0], [8.2543, 0.0], [10.9669, -0.1958], [12.5373, -0.3916], [13.9649, 0.2611]], [[3.1148, 0.0], [5.1135, 0.0], [8.2543, 0.0], [10.9669, -0.1958], [16.2492, -0.6527], [15.6781, 0.7833]], [[3.1148, 0.0], [5.1135, 0.0], [8.2543, 0.0], [10.9669, -0.1958], [19.6755, 0.0], [19.9611, 0.0]]]",0.8138,0.0,0.0,0.0,0.0,0.0,0.0,True,"[2, 2, 2]",0.0,0.0,0.0,8.9937,4.0,5.1135,10.9686,13.9674,4.1141,6.8628,8.9937,"[[3.115, 0.0], [5.113, 0.0], [8.254, 0.0], [10.967, -0.196], [12.823, -0.261], [15.107, 0.065]]",ok,11.1813,0.0,0.0,0.0,0.0,0.0,0.0,0.0,0.0,0.0,7aefa57cb973455985b3912a969692ec,scene-0770,42
5.9701,12.2524,15.9642,4.5424,7.4693,10.0154,0.0,0.0,0.0,0.0,0.0,0.0,0.0,0.0,0.0,ok,straight,5.6849,9.1109,16.8106,4.3999,6.4699,9.2284,True,"[-0.0653, -4.2429, -0.1958, -0.5875]","[-1809.5501, -3821.5408, -5163.4536, -14463.4811]","[-1001806.7404, -1003818.7311, -1005160.6439, -1014460.6714]","[9.349, 9.262, 9.064, 10.213]","[[[3.1148, 0.0], [5.6846, -0.0653], [7.9688, -0.0653], [9.1109, 0.0], [14.2505, -0.1305], [15.9636, -0.1305]], [[3.1148, 0.0], [5.6846, -0.0653], [7.9688, -0.0653], [9.1109, 0.0], [11.1096, 0.0], [16.5347, -8.4857]], [[3.1148, 0.0], [5.6846, -0.0653], [7.9688, -0.0653], [9.1109, 0.0], [15.107, -0.1305], [13.3939, 0.3916]], [[3.1148, 0.0], [5.6846, -0.0653], [7.9688, -0.0653], [9.1109, 0.0], [18.8189, 0.0], [16.5347, 1.1749]]]",0.4397,0.0,0.0,1.0,0.0,0.0,1.0,False,"[2, 2, 2]",0.0,0.0,0.16666666666666666,9.0645,4.0,5.6849,9.1109,13.3996,4.3999,6.4699,9.0645,"[[3.115, 0.0], [5.685, -0.065], [7.969, -0.065], [9.111, 0.0], [12.68, -0.065], [16.249, -4.308]]",ok,10.2125,0.0,0.0,0.0,0.0,0.0,0.0,0.0,0.0,0.0,41e55a08b2dd4bb0836017b43cd181b3,scene-0770,42
5.399,11.1104,16.2497,4.2569,7.041,9.5871,0.0,0.0,0.0,0.0,0.0,0.0,0.0,0.0,0.0,ok,straight,5.399,11.8235,18.3925,4.1855,7.1122,10.301,False,"[-0.0653, -0.1958, -0.3916, -0.0653]","[-513.6744, -190.6016, -100.7905, -10957.7504]","[1.9575, 1.0499, -0.3967, -1010957.1721]","[9.635, 10.968, 9.687, 10.015]","[[[2.972, 0.0], [5.399, 0.0], [8.2543, 0.0], [11.8235, 0.0], [13.1083, -0.1305], [16.2492, -0.1305]], [[2.972, 0.0], [5.399, 0.0], [8.2543, 0.0], [11.8235, 0.0], [16.8202, 0.2611], [20.5321, -0.3916]], [[2.972, 0.0], [5.399, 0.0], [8.2543, 0.0], [11.8235, 0.0], [14.2505, -0.5222], [15.3926, -0.7833]], [[2.972, 0.0], [5.399, 0.0], [8.2543, 0.0], [11.8235, 0.0], [10.253, 0.0], [21.3887, -0.1305]]]",0.5351,0.0,0.0,0.0,0.0,0.0,0.0,True,"[2, 2, 2]",0.0,0.0,0.0,9.6346,4.0,5.399,11.8235,16.2497,4.1855,7.1122,9.6346,"[[2.972, 0.0], [5.399, 0.0], [8.254, 0.0], [11.823, 0.0], [14.964, 0.065], [18.391, -0.261]]",ok,10.9678,0.0,0.0,0.0,0.0,0.0,0.0,0.0,0.0,0.0,18616ac104ee4f92b6127dc67bb85f0b,scene-0770,42
6.2556,12.2517,17.3918,4.6852,7.5405,10.3008,0.0,0.0,0.0,0.0,0.0,0.0,0.0,0.0,0.0,ok,straight,5.8273,11.6809,21.1036,4.2569,7.2193,10.7053,False,"[-0.0653, -0.0653, -0.0653, -0.0]","[-41.3736, -2824.8812, -3275.5486, -12544.6014]","[2.3788, -1002822.9078, -1003273.5752, -1012542.628]","[10.087, 11.324, 10.898, 10.565]","[[[2.6865, 0.0], [5.8273, 0.0], [8.6826, 0.0], [11.6807, 0.0653], [14.2505, -0.1305], [17.3913, -0.1305]], [[2.6865, 0.0], [5.8273, 0.0], [8.6826, 0.0], [11.6807, 0.0653], [14.2505, -0.1305], [24.8151, -0.1305]], [[2.6865, 0.0], [5.8273, 0.0], [8.6826, 0.0], [11.6807, 0.0653], [13.3939, -0.6527], [23.1019, -0.1305]], [[2.6865, 0.0], [5.8273, 0.0], [8.6826, 0.0], [11.6807, 0.0653], [19.9611, 0.7833], [14.536, 0.0]]]",0.4532,0.0,0.0,0.0,0.0,0.0,0.0,False,"[2, 2, 2]",0.0,0.0,0.0,10.0867,4.0,5.8273,11.6809,17.3918,4.2569,7.2193,10.0867,"[[2.686, 0.0], [5.827, 0.0], [8.683, 0.0], [11.681, 0.065], [14.25, -0.131], [21.103, -0.131]]",ok,11.324,0.0,0.0,0.0,0.0,0.0,0.0,0.0,0.0,0.0,5a3a15f4ebdb4e6b83eb58628dc8e83f,scene-0771,42
5.9701,11.1096,16.2492,4.5424,7.1836,9.8723,0.0,0.0,0.0,0.0,0.0,0.0,0.0,0.0,0.0,ok,straight,5.8288,11.3952,19.1045,4.6859,7.4695,10.7292,False,"[-0.0, -0.0, -0.1305, -0.1958]","[-215.3958, -671.388, -3137.5903, -7715.9522]","[-500584.927, -500585.0802, -1503724.3935, -1508302.7554]","[10.158, 11.3, 11.777, 10.111]","[[[3.5431, 0.0], [5.8273, -0.1305], [9.1109, 0.0], [11.3952, 0.0], [14.2505, 0.0], [16.8202, 0.0]], [[3.5431, 0.0], [5.8273, -0.1305], [9.1109, 0.0], [11.3952, 0.0], [16.5347, 0.1305], [21.3887, 0.0]], [[3.5431, 0.0], [5.8273, -0.1305], [9.1109, 0.0], [11.3952, 0.0], [18.8189, 0.3916], [21.9598, 0.2611]], [[3.5431, 0.0], [5.8273, -0.1305], [9.1109, 0.0], [11.3952, 0.0], [17.6768, 0.0], [13.1083, 0.3916]]]",0.7221,0.0,0.0,0.0,0.0,0.0,0.0,True,"[2, 2, 2]",0.0,0.0,0.0,10.1115,4.0,5.8288,11.3952,13.1142,4.6859,7.4695,10.1115,"[[3.543, 0.0], [5.827, -0.131], [9.111, 0.0], [11.395, 0.0], [15.393, 0.065], [19.104, 0.0]]",ok,11.777,0.0,0.0,0.0,0.0,0.0,0.0,0.0,0.0,0.0,fb26afe9632c4e4ca9ce4d7e3254dadc,scene-0771,42
5.9701,11.1104,15.9658,4.5424,7.1838,9.8253,0.0,0.0,0.0,0.0,0.0,0.0,0.0,0.0,0.0,ok,straight,5.399,11.3981,17.8254,4.2569,7.2915,10.3497,False,"[-0.0653, -0.5222, -0.1958, -0.3264]","[-508.9624, -766.9175, -17378.6123, -977130.6562]","[3.0412, 0.3337, -1017377.4188, -1977129.4626]","[9.802, 10.901, 11.756, 20.32]","[[[3.1148, 0.0], [5.399, 0.0], [9.2537, -0.0653], [11.3952, -0.2611], [14.2505, -0.1305], [15.3926, -0.1305]], [[3.1148, 0.0], [5.399, 0.0], [9.2537, -0.0653], [11.3952, -0.2611], [15.9636, 0.0], [20.2466, 1.0444]], [[3.1148, 0.0], [5.399, 0.0], [9.2537, -0.0653], [11.3952, -0.2611], [11.6807, -0.6527], [29.6691, 0.3916]], [[3.1148, 0.0], [5.399, 0.0], [9.2537, -0.0653], [11.3952, -0.2611], [69.6432, -0.3916], [23.1019, 0.6527]]]",4.1719,0.0,0.0,0.0,0.0,0.0,0.0,True,"[2, 2, 2]",0.0,0.0,0.0,9.8017,4.0,5.399,11.3981,15.3931,4.2569,7.2915,9.8017,"[[3.115, 0.0], [5.399, 0.0], [9.254, -0.065], [11.395, -0.261], [15.107, -0.065], [17.82, 0.457]]",ok,20.3202,0.0,0.0,0.0,0.0,0.0,0.0,0.0,0.0,0.0,0fe5ba3f01ad436f9a5403efabdb1a1d,scene-0771,42
5.1135,10.5386,15.3931,3.9714,6.5411,9.1111,0.0,0.0,0.0,0.0,0.0,0.0,0.0,0.0,0.0,ok,straight,5.5418,9.8267,18.1056,4.1855,6.5419,9.3497,False,"[-0.0653, -0.1958, -0.1958, -0.3264]","[-116.0308, -3620.4029, -4332.2887, -7379.495]","[4.4909, -1003618.7766, -1004330.6624, -1007377.8687]","[9.254, 9.446, 7.401, 9.495]","[[[2.8293, 0.0], [5.5418, 0.0], [7.9688, -0.1305], [9.8247, -0.1958], [13.1083, -0.1305], [16.2492, -0.1305]], [[2.8293, 0.0], [5.5418, 0.0], [7.9688, -0.1305], [9.8247, -0.1958], [10.5386, -0.2611], [19.9611, 0.3916]], [[2.8293, 0.0], [5.5418, 0.0], [7.9688, -0.1305], [9.8247, -0.1958], [12.5373, 0.1305], [5.6846, -0.3916]], [[2.8293, 0.0], [5.5418, 0.0], [7.9688, -0.1305], [9.8247, -0.1958], [16.8202, 0.0], [13.9649, 0.6527]]]",0.8697,0.0,0.0,0.0,0.0,0.0,0.0,False,"[2, 2, 2]",0.0,0.0,0.0,7.4006,4.0,5.5418,9.8267,5.698,4.1855,6.5419,7.4006,"[[2.829, 0.0], [5.542, 0.0], [7.969, -0.131], [9.825, -0.196], [11.823, -0.196], [18.105, 0.131]]",ok,9.4947,0.0,0.0,0.0,0.0,0.0,0.0,0.0,0.0,0.0,e019f3b906734b6db807756748a4da2d,scene-0771,42
5.399,11.1096,14.8215,4.1141,6.9694,9.2537,0.0,0.0,0.0,0.0,0.0,0.0,0.0,0.0,0.0,ok,straight,5.1135,13.1085,14.5366,3.7572,7.4335,9.6108,False,"[-0.1305, -0.0, -0.0, -0.0653]","[-403.6055, -1957.2451, -5520.5536, -5642.9676]","[-1000401.8653, -1001955.5049, -1005518.8134, -1005641.2274]","[9.421, 9.801, 9.516, 9.137]","[[[2.401, 0.0], [5.1135, 0.0], [9.1109, 0.0653], [13.1083, 0.0653], [13.9649, 0.1305], [12.8228, 0.2611]], [[2.401, 0.0], [5.1135, 0.0], [9.1109, 0.0653], [13.1083, 0.0653], [12.8228, 0.0], [16.2492, 0.0]], [[2.401, 0.0], [5.1135, 0.0], [9.1109, 0.0653], [13.1083, 0.0653], [11.1096, -0.2611], [16.2492, 0.0]], [[2.401, 0.0], [5.1135, 0.0], [9.1109, 0.0653], [13.1083, 0.0653], [10.5386, 0.5222], [14.536, 0.1305]]]",0.2372,0.0,0.0,0.0,0.0,0.0,0.0,False,"[2, 2, 2]",0.0,0.0,0.0,9.137,4.0,5.1135,13.1085,14.5366,3.7572,7.4335,9.137,"[[2.401, 0.0], [5.113, 0.0], [9.111, 0.065], [13.108, 0.065], [13.394, 0.065], [14.536, 0.131]]",ok,9.801,0.0,0.0,0.0,0.0,0.0,0.0,0.0,0.0,0.0,e836d06299ce46b884b9187ac6017579,scene-0775,42
4.5424,9.3974,12.54,3.4003,5.7562,7.6364,0.0,0.0,0.0,0.0,0.0,0.0,0.0,0.0,0.0,ok,straight,5.1135,8.3971,13.8246,3.7572,5.5776,7.756,False,"[-0.1305, -0.1305, -0.0, -0.1958]","[-152.2848, -486.0487, -1031.2091, -2130.5434]","[3.1716, -1000483.7109, -1001028.8713, -1002128.2055]","[7.517, 7.998, 8.135, 7.756]","[[[2.401, 0.0], [5.1135, 0.0], [6.3984, -0.0653], [8.3971, 0.0], [10.253, -0.1305], [12.5373, -0.2611]], [[2.401, 0.0], [5.1135, 0.0], [6.3984, -0.0653], [8.3971, 0.0], [10.5386, 0.7833], [15.107, -0.2611]], [[2.401, 0.0], [5.1135, 0.0], [6.3984, -0.0653], [8.3971, 0.0], [12.8228, 0.0], [13.6794, 0.0]], [[2.401, 0.0], [5.1135, 0.0], [6.3984, -0.0653], [8.3971, 0.0], [12.8228, -0.1305], [11.3952, -0.3916]]]",0.236,0.0,0.0,0.0,0.0,0.0,0.0,True,"[2, 2, 2]",0.0,0.0,0.0,7.5174,4.0,5.1135,8.3971,12.54,3.7572,5.5776,7.5174,"[[2.401, 0.0], [5.113, 0.0], [6.398, -0.065], [8.397, 0.0], [10.396, 0.326], [13.822, -0.261]]",ok,8.1354,0.0,0.0,0.0,0.0,0.0,0.0,0.0,0.0,0.0,6a1f2ebe1ef8437c87a5a742362b09b4,scene-0775,42
5.399,10.5394,14.2528,4.2569,6.6844,8.8738,0.0,0.0,0.0,0.0,0.0,0.0,0.0,0.0,0.0,ok,straight,5.9701,12.2561,16.5676,4.3997,7.3275,10.0215,False,"[-0.9138, -0.1305, -1.1097, -0.0653]","[-392.1854, -1604.1727, -2800.4976, -148141.7866]","[1.0564, -1001602.9367, -1002799.2616, -1148140.5506]","[10.745, 9.303, 9.33, 19.01]","[[[2.8293, 0.0], [5.9701, 0.0], [8.2543, -0.0653], [12.2517, -0.3264], [16.2492, -0.1305], [18.8189, -1.8277]], [[2.8293, 0.0], [5.9701, 0.0], [8.2543, -0.0653], [12.2517, -0.3264], [12.2517, -0.1305], [14.2505, -0.2611]], [[2.8293, 0.0], [5.9701, 0.0], [8.2543, -0.0653], [12.2517, -0.3264], [11.6807, -0.1305], [14.8215, -2.2193]], [[2.8293, 0.0], [5.9701, 0.0], [8.2543, -0.0653], [12.2517, -0.3264], [15.107, -0.1305], [69.6432, -0.1305]]]",4.0339,0.0,0.0,0.0,0.0,0.0,0.0,True,"[2, 2, 2]",0.0,0.0,0.0,9.3026,4.0,5.9701,12.2561,14.2528,4.3997,7.3275,9.3026,"[[2.829, 0.0], [5.97, 0.0], [8.254, -0.065], [12.252, -0.326], [14.25, -0.131], [16.535, -1.044]]",ok,19.0102,0.0,0.0,0.0,0.0,0.0,0.0,0.0,0.0,0.0,bb8b6850aeb6411c89b496b9e45fbb6b,scene-0775,42
5.9701,11.1096,16.2513,4.5424,7.1836,9.6824,0.0,0.0,0.0,0.0,0.0,0.0,0.0,0.0,0.0,ok,straight,4.8284,11.2531,16.6807,3.9716,6.827,9.4451,True,"[-0.1305, -0.1958, -3.329, -0.1305]","[-367.6912, -1166.726, -3671.0049, -978585.8496]","[2.8457, -1001165.054, -1003669.3329, -1978584.1775]","[9.445, 9.446, 10.61, 19.869]","[[[3.1148, 0.0], [4.828, -0.0653], [8.1116, 0.0653], [11.2524, -0.1305], [13.1083, 0.0], [16.2492, -0.2611]], [[3.1148, 0.0], [4.828, -0.0653], [8.1116, 0.0653], [11.2524, -0.1305], [12.2517, -0.3916], [17.1058, -0.3916]], [[3.1148, 0.0], [4.828, -0.0653], [8.1116, 0.0653], [11.2524, -0.1305], [13.6794, -0.1305], [21.6742, -6.658]], [[3.1148, 0.0], [4.828, -0.0653], [8.1116, 0.0653], [11.2524, -0.1305], [69.6432, -1.5666], [22.2453, 0.2611]]]",4.3715,0.0,0.0,0.0,0.0,0.0,0.0,True,"[2, 2, 2]",0.0,0.0,0.0,9.4446,4.0,4.8284,11.2531,16.2513,3.9716,6.827,9.4446,"[[3.115, 0.0], [4.828, -0.065], [8.112, 0.065], [11.252, -0.131], [12.68, -0.196], [16.677, -0.326]]",ok,19.8693,0.0,0.0,0.0,0.0,0.0,0.0,0.0,0.0,0.0,798e338f792149f1b9fb2edebcc1018d,scene-0775,42
6.5412,12.2524,17.3918,4.828,7.6121,10.5389,0.0,0.0,0.0,0.0,0.0,0.0,0.0,0.0,0.0,ok,straight,6.2556,15.6782,20.3898,4.7566,8.8969,11.9434,False,"[-0.0653, -0.0653, -0.0653, -0.5875]","[-1491.2089, -7624.8517, -11461.1023, -834521.955]","[-1001488.3219, -1007621.9647, -1011458.2153, -1834519.0679]","[11.538, 12.352, 12.014, 21.489]","[[[3.2576, 0.0], [6.2556, 0.0], [10.3958, -0.0653], [15.6781, -0.0653], [16.2492, -0.1305], [17.3913, -0.1305]], [[3.2576, 0.0], [6.2556, 0.0], [10.3958, -0.0653], [15.6781, -0.0653], [15.107, 0.9138], [23.3874, -0.1305]], [[3.2576, 0.0], [6.2556, 0.0], [10.3958, -0.0653], [15.6781, -0.0653], [13.6794, -0.1305], [22.8163, -0.1305]], [[3.2576, 0.0], [6.2556, 0.0], [10.3958, -0.0653], [15.6781, -0.0653], [69.6432, -0.3916], [23.6729, 1.1749]]]",4.1328,0.0,0.0,0.0,0.0,0.0,0.0,False,"[2, 2, 2]",0.0,0.0,0.0,11.5381,4.0,6.2556,15.6782,17.3918,4.7566,8.8969,11.5381,"[[3.258, 0.0], [6.256, 0.0], [10.396, -0.065], [15.678, -0.065], [15.678, 0.392], [20.389, -0.131]]",ok,21.489,0.0,0.0,0.0,0.0,0.0,0.0,0.0,0.0,0.0,bb10039077c74099b51fb67300391659,scene-0777,42
6.2556,12.2517,17.3913,4.6852,7.5405,10.3006,0.0,0.0,0.0,0.0,0.0,0.0,0.0,0.0,0.0,ok,straight,7.3977,11.1165,17.5351,5.1849,7.7921,10.3972,False,"[-0.0, -0.1958, -0.2611, -0.0]","[-1018.0313, -1053.8338, -9130.4206, -42940.2258]","[-1001696.7047, -2002752.2424, -2010828.8293, -2044638.6345]","[10.754, 10.041, 11.659, 11.197]","[[[2.972, 0.0], [7.3977, 0.0], [9.682, -0.0653], [11.1096, -0.3916], [15.3926, 0.0], [17.9623, 0.0]], [[2.972, 0.0], [7.3977, 0.0], [9.682, -0.0653], [11.1096, -0.3916], [11.9662, 0.0], [17.1058, 0.3916]], [[2.972, 0.0], [7.3977, 0.0], [9.682, -0.0653], [11.1096, -0.3916], [19.6755, 0.0], [19.1045, 0.5222]], [[2.972, 0.0], [7.3977, 0.0], [9.682, -0.0653], [11.1096, -0.3916], [13.9649, -11.88], [17.6768, 0.0]]]",0.5965,0.0,0.0,0.0,0.0,0.0,0.0,True,"[2, 2, 2]",0.0,0.0,0.0,10.0408,4.0,7.3977,11.1165,17.1102,5.1849,7.7921,10.0408,"[[2.972, 0.0], [7.398, 0.0], [9.682, -0.065], [11.11, -0.392], [13.679, 0.0], [17.534, 0.196]]",ok,11.6593,0.0,0.0,0.0,0.0,0.0,0.0,0.0,0.0,0.0,426eacbdc6f6476e8905a2ee27b0319e,scene-0777,42
6.5412,12.8228,19.9615,4.9707,8.0402,11.3953,0.0,0.0,0.0,0.0,0.0,0.0,0.0,0.0,0.0,ok,straight,6.6839,14.8215,19.829,4.8994,8.4328,11.6825,False,"[-0.718, -0.0653, -0.0653, -0.3916]","[-1935.0486, -2538.4416, -3325.1609, -11686.3849]","[-1503501.4034, -1504104.7965, -1504891.5157, -1513252.7398]","[11.713, 11.657, 11.99, 11.802]","[[[3.1148, 0.0], [6.6839, 0.0], [9.1109, 0.0], [14.8215, 0.0], [16.8202, 0.0], [19.6755, 1.436]], [[3.1148, 0.0], [6.6839, 0.0], [9.1109, 0.0], [14.8215, 0.0], [16.2492, -0.1305], [19.9611, -0.1305]], [[3.1148, 0.0], [6.6839, 0.0], [9.1109, 0.0], [14.8215, 0.0], [16.2492, -0.1305], [21.9598, -0.1305]], [[3.1148, 0.0], [6.6839, 0.0], [9.1109, 0.0], [14.8215, 0.0], [13.6794, 0.1305], [23.3874, 0.7833]]]",0.1263,0.0,0.0,0.0,0.0,0.0,0.0,False,"[2, 2, 2]",0.0,0.0,0.0,11.6571,4.0,6.6839,14.8215,19.9615,4.8994,8.4328,11.6571,"[[3.115, 0.0], [6.684, 0.0], [9.111, 0.0], [14.822, 0.0], [16.535, -0.065], [19.818, 0.653]]",ok,11.9902,0.0,0.0,0.0,0.0,0.0,0.0,0.0,0.0,0.0,6cd5721d228e4414987d355d12718b02,scene-0777,42
5.399,11.1096,17.3913,4.2569,7.0408,9.9675,0.0,0.0,0.0,0.0,0.0,0.0,0.0,0.0,0.0,ok,straight,6.1129,7.8263,16.8214,4.6142,6.2202,9.5899,True,"[-0.0653, -0.1305, -0.6527, -0.1958]","[-4498.2708, -13927.3285, -15393.7877, -228491.5966]","[-1504796.8509, -1514225.9086, -1515692.3678, -1728790.1768]","[9.23, 9.954, 10.095, 16.899]","[[[3.1148, -0.0653], [6.1129, 0.0], [7.826, 0.0], [7.826, 0.0653], [14.2505, 0.0], [16.2492, -0.1305]], [[3.1148, -0.0653], [6.1129, 0.0], [7.826, 0.0], [7.826, 0.0653], [17.3913, 1.436], [17.3913, -0.2611]], [[3.1148, -0.0653], [6.1129, 0.0], [7.826, 0.0], [7.826, 0.0653], [17.9623, 0.1305], [17.6768, -1.3055]], [[3.1148, -0.0653], [6.1129, 0.0], [7.826, 0.0], [7.826, 0.0653], [6.8267, 0.7833], [69.6432, -0.3916]]]",3.109,0.0,0.0,0.0,0.0,0.0,0.0,False,"[2, 2, 2]",0.0,0.0,0.0,9.2301,4.0,6.1129,7.8263,16.2497,4.6142,6.2202,9.2301,"[[3.115, -0.065], [6.113, 0.0], [7.826, 0.0], [7.826, 0.065], [15.821, 0.718], [16.82, -0.196]]",ok,16.8994,0.0,0.0,0.0,0.0,0.0,0.0,0.0,0.0,0.0,9a2f17caf46e4ec592157a8ea3289be8,scene-0777,42
6.8267,14.2505,19.3438,5.2563,8.8254,11.8158,0.0,0.0,0.0,0.0,0.0,0.0,0.0,0.0,0.0,ok,straight,7.3977,14.3932,20.6292,5.6846,9.3615,12.6729,False,"[-0.0653, -0.1305, -1.2402, -0.0653]","[-234.2389, -1064.6255, -6416.157, -155393.5719]","[-500917.7177, -500917.8608, -1507335.107, -1656312.522]","[12.126, 13.22, 11.786, 20.514]","[[[3.9714, 0.0], [7.3977, 0.0], [11.6807, -0.2611], [14.3932, 0.0], [16.2492, 0.0], [19.1045, -0.1305]], [[3.9714, 0.0], [7.3977, 0.0], [11.6807, -0.2611], [14.3932, 0.0], [19.6755, -0.1305], [22.2453, -0.2611]], [[3.9714, 0.0], [7.3977, 0.0], [11.6807, -0.2611], [14.3932, 0.0], [19.39, 0.9138], [13.6794, 2.4804]], [[3.9714, 0.0], [7.3977, 0.0], [11.6807, -0.2611], [14.3932, 0.0], [15.9636, -1.5666], [69.6432, -0.1305]]]",3.5629,0.0,0.0,0.0,0.0,0.0,0.0,True,"[2, 2, 2]",0.0,0.0,0.0,11.7857,4.0,7.3977,14.3932,13.8566,5.6846,9.3615,11.7857,"[[3.971, 0.0], [7.398, 0.0], [11.681, -0.261], [14.393, 0.0], [17.962, -0.065], [20.675, -0.196]]",ok,20.5138,0.0,0.0,0.0,0.0,0.0,0.0,0.0,0.0,0.0,485c78dbfed04fd5a6aad2a88b116fe9,scene-0778,42
2.6412,7.3334,13.6185,1.8795,3.9892,6.6933,0.0,0.0,0.0,0.0,0.0,0.0,0.0,0.0,0.0,ok,left,3.27,7.952,14.4529,2.5465,4.5638,7.4549,False,"[-3.329, -3.6554, -2.8721, -3.1985]","[-2181.9175, -4908.5068, -5794.5562, -10027.6899]","[-2005364.8146, -2008091.4039, -2008977.4533, -2013210.587]","[7.076, 7.839, 7.275, 7.322]","[[[2.6865, -0.1305], [4.9707, 1.2402], [7.1122, -1.6319], [9.9675, -2.3499], [11.1096, -4.5692], [13.1083, -6.658]], [[2.6865, -0.1305], [4.9707, 1.2402], [7.1122, -1.6319], [9.9675, -2.3499], [12.2517, -7.4413], [14.8215, -7.3108]], [[2.6865, -0.1305], [4.9707, 1.2402], [7.1122, -1.6319], [9.9675, -2.3499], [15.107, -4.047], [11.6807, -5.7442]], [[2.6865, -0.1305], [4.9707, 1.2402], [7.1122, -1.6319], [9.9675, -2.3499], [13.3939, 1.3055], [16.2492, -6.3969]]]",0.2817,0.0,0.0,0.0,0.0,0.0,0.0,False,"[2, 2, 2]",0.0,0.0,0.0,7.0764,4.0,3.27,7.952,13.6185,2.5465,4.5638,7.0764,"[[2.686, -0.131], [4.971, 1.24], [7.112, -1.632], [9.968, -2.35], [11.681, -6.005], [13.965, -6.984]]",ok,7.839,0.0,0.0,0.0,0.0,0.0,0.0,0.0,0.0,0.0,29fca2b4244b4379828cd66a473c6d7e,scene-0778,42
2.1326,6.1325,9.3894,1.5013,3.3127,5.0943,0.0,0.0,0.0,0.0,0.0,0.0,0.0,0.0,0.0,ok,straight,2.4098,4.3623,8.6971,1.8548,3.1483,4.7531,True,"[-3.5248, -0.718, -3.4596, -8.2899]","[-1273.0837, -1972.649, -4734.5406, -5947.8919]","[-1502946.0496, -1503645.6149, -1506407.5065, -1507620.8578]","[4.947, 5.05, 5.757, 6.94]","[[[1.5444, -0.0653], [2.8293, -0.1958], [4.9707, -0.8486], [4.828, -1.436], [7.3977, -3.9165], [8.2543, -7.0497]], [[1.5444, -0.0653], [2.8293, -0.1958], [4.9707, -0.8486], [4.828, -1.436], [9.1109, -0.3916], [12.5373, 1.436]], [[1.5444, -0.0653], [2.8293, -0.1958], [4.9707, -0.8486], [4.828, -1.436], [8.2543, -6.9191], [11.6807, -6.9191]], [[1.5444, -0.0653], [2.8293, -0.1958], [4.9707, -0.8486], [4.828, -1.436], [7.3977, 4.4387], [17.6768, 16.5798]]]",0.7949,0.0,0.0,0.0,0.0,0.0,0.0,False,"[2, 2, 2]",0.0,0.0,0.0,4.9467,4.0,2.4098,4.3623,9.8088,1.8548,3.1483,4.9467,"[[1.544, -0.065], [2.829, -0.196], [4.971, -0.849], [4.828, -1.436], [8.254, -2.154], [10.396, -2.807]]",ok,6.9398,0.0,0.0,0.0,0.0,0.0,0.0,0.0,0.0,0.0,e5f4ba14f72d47769f75422a30667e2a,scene-0778,42
1.262,1.7637,2.3359,0.9962,1.3706,1.7313,0.0,0.0,0.0,0.0,0.0,0.0,0.0,0.0,0.0,ok,straight,0.8284,3.3598,2.6937,0.9941,2.0202,2.3008,False,"[-0.1305, -0.1958, -0.3264, -1.3055]","[-479.9564, -927.7093, -467.6045, -21172.7811]","[-500754.9587, -500755.146, -500755.3684, -1521929.087]","[2.666, 1.984, 2.164, 3.736]","[[[3.5431, -0.0653], [5.5418, 0.0], [9.5392, -0.2611], [12.68, -0.4569], [15.9636, -0.1305], [17.6768, -0.2611]], [[3.5431, -0.0653], [5.5418, 0.0], [9.5392, -0.2611], [12.68, -0.4569], [13.3939, -1.3055], [15.6781, -0.3916]], [[3.5431, -0.0653], [5.5418, 0.0], [9.5392, -0.2611], [12.68, -0.4569], [14.2505, -0.5222], [16.2492, -0.6527]], [[3.5431, -0.0653], [5.5418, 0.0], [9.5392, -0.2611], [12.68, -0.4569], [18.8189, -6.3969], [9.9675, -2.611]]]",0.6816,0.0,0.0,0.0,0.0,0.0,0.0,True,"[2, 2, 2]",0.0,0.0,0.0,1.9841,4.0,0.8284,3.3598,1.7179,0.9941,2.0202,1.9841,"[[3.543, -0.065], [5.542, 0.0], [9.539, -0.261], [12.68, -0.457], [14.679, -0.718], [16.677, -0.326]]",ok,3.7361,0.0,0.0,0.0,0.0,0.0,0.0,0.0,0.0,0.0,7c5053e3642d4adaa86fd0ef1ca49ece,scene-0778,42
1.3416,2.5241,3.1441,1.0135,1.6962,2.1188,0.0,0.0,0.0,0.0,0.0,0.0,0.0,0.0,0.0,ok,straight,1.7699,3.0951,2.8586,1.299,2.2316,2.4757,False,"[-0.0, -0.0, -0.0, -0.1305]","[-142.1906, -151.0608, -166.5708, -314.4016]","[-500571.5968, -500571.7229, -500571.9435, -500576.3554]","[2.523, 2.428, 2.809, 3.238]","[[[1.2588, 0.0], [2.401, 0.0], [4.1141, -0.0653], [4.2569, 0.0], [4.5424, 0.0], [4.828, 0.0]], [[1.2588, 0.0], [2.401, 0.0], [4.1141, -0.0653], [4.2569, 0.0], [4.5424, 0.0], [4.2569, 0.0]], [[1.2588, 0.0], [2.401, 0.0], [4.1141, -0.0653], [4.2569, 0.0], [4.828, 0.1305], [6.2556, 0.0]], [[1.2588, 0.0], [2.401, 0.0], [4.1141, -0.0653], [4.2569, 0.0], [5.1135, 0.0], [8.5399, -0.2611]]]",0.3148,0.0,0.0,0.0,0.0,0.0,0.0,True,"[2, 2, 2]",0.0,0.0,0.0,2.4282,4.0,1.7699,3.0951,2.5731,1.299,2.2316,2.4282,"[[1.259, 0.0], [2.401, 0.0], [4.114, -0.065], [4.257, 0.0], [4.542, 0.0], [4.542, 0.0]]",ok,3.2378,0.0,1.0,1.0,0.0,1.0,1.0,0.0,0.25,0.5,7949609177914534a89a8c7985ae4db7,scene-0780,42
1.1164,1.6875,2.2585,0.6881,1.045,1.3543,0.0,0.0,0.0,0.0,0.0,0.0,0.0,0.0,0.0,ok,straight,1.1164,1.6875,3.8289,0.7595,1.2235,1.854,False,"[-0.0, -0.0, -0.0, -0.0]","[-19.1361, -86.6722, -136.7626, -2432.3572]","[1.9892, 1.923, 1.8738, -1002431.0054]","[1.473, 2.235, 0.864, 1.616]","[[[0.4023, 0.0], [1.1161, 0.0], [1.6871, 0.0], [1.6871, 0.0], [1.6871, 0.0], [2.2582, 0.0]], [[0.4023, 0.0], [1.1161, 0.0], [1.6871, 0.0], [1.6871, 0.0], [3.1148, 0.0], [5.399, 0.0]], [[0.4023, 0.0], [1.1161, 0.0], [1.6871, 0.0], [1.6871, 0.0], [0.2595, 0.0], [-0.026, 0.0]], [[0.4023, 0.0], [1.1161, 0.0], [1.6871, 0.0], [1.6871, 0.0], [4.2569, 0.0], [0.545, 0.0]]]",0.4874,0.0,0.0,0.0,0.0,0.0,0.0,True,"[2, 2, 2]",0.0,0.0,0.0,0.8636,4.0,1.1164,1.6875,0.0275,0.7595,1.2235,0.8636,"[[0.402, 0.0], [1.116, 0.0], [1.687, 0.0], [1.687, 0.0], [2.401, 0.0], [3.829, 0.0]]",ok,2.2347,0.0,1.0,1.0,0.0,1.0,1.0,0.0,0.5,0.6666666666666666,d50a519eecae4c59b5440f50c424edb0,scene-0780,42
1.1161,2.2582,2.5437,0.6878,1.3302,1.6871,0.0,0.0,0.0,0.0,0.0,0.0,0.0,0.0,0.0,ok,straight,1.5499,2.8293,3.6859,1.1902,1.8313,2.3306,False,"[-0.0, -0.0, -0.0, -0.0653]","[-10.7554, -120.9595, -333.045, -80.2885]","[2.5523, 1.6358, -0.1278, -0.3354]","[2.64, 2.021, 2.64, 2.355]","[[[0.8306, 0.0], [1.5444, 0.1305], [2.1154, 0.0], [2.8293, 0.0], [3.6858, 0.1305], [4.828, 0.0]], [[0.8306, 0.0], [1.5444, 0.1305], [2.1154, 0.0], [2.8293, 0.0], [2.2582, 0.0], [2.5437, 0.0]], [[0.8306, 0.0], [1.5444, 0.1305], [2.1154, 0.0], [2.8293, 0.0], [2.8293, 0.0], [5.6846, 0.0]], [[0.8306, 0.0], [1.5444, 0.1305], [2.1154, 0.0], [2.8293, 0.0], [2.8293, 0.0], [3.9714, -0.1305]]]",0.255,0.0,0.0,0.0,0.0,0.0,0.0,True,"[2, 2, 2]",0.0,0.0,0.0,2.0212,4.0,1.5499,2.8293,2.5437,1.1902,1.8313,2.0212,"[[0.831, 0.0], [1.544, 0.131], [2.115, 0.0], [2.829, 0.0], [2.972, 0.065], [3.686, 0.0]]",ok,2.6402,0.0,1.0,1.0,0.0,1.0,1.0,0.0,0.5,0.6666666666666666,8f6fc5405819408986cc0822197bfbd9,scene-0780,42
1.1161,2.5437,2.2582,0.6878,1.4016,1.6871,0.0,0.0,0.0,0.0,0.0,0.0,0.0,0.0,0.0,ok,straight,0.8306,2.972,3.8286,0.7592,1.5801,2.0916,False,"[-0.0, -0.0, -0.0, -0.0]","[-263.2774, -561.5672, -1125.5169, -11831.9493]","[2.0881, 2.0266, -1001124.0847, -1011830.5171]","[1.854, 2.33, 1.663, 3.757]","[[[0.6878, 0.0], [0.8306, 0.0], [1.8299, 0.0], [2.972, 0.0], [2.2582, 0.0], [2.5437, 0.0]], [[0.6878, 0.0], [0.8306, 0.0], [1.8299, 0.0], [2.972, 0.0], [2.5437, 0.0], [5.1135, 0.0]], [[0.6878, 0.0], [0.8306, 0.0], [1.8299, 0.0], [2.972, 0.0], [1.1161, 0.0], [2.5437, 0.0]], [[0.6878, 0.0], [0.8306, 0.0], [1.8299, 0.0], [2.972, 0.0], [10.5386, 0.0], [5.6846, 0.0]]]",0.8198,0.0,0.0,0.0,0.0,0.0,0.0,True,"[2, 2, 2]",0.0,0.0,0.0,1.6633,4.0,0.8306,2.972,2.5437,0.7592,1.5801,1.6633,"[[0.688, 0.0], [0.831, 0.0], [1.83, 0.0], [2.972, 0.0], [2.401, 0.0], [3.829, 0.0]]",ok,3.7572,0.0,1.0,1.0,0.0,1.0,1.0,0.0,0.5,0.6666666666666666,284234f5451d495fa01bd24bd04993dc,scene-0780,42
1.1161,1.9727,2.5437,0.6878,1.2588,1.6871,0.0,0.0,0.0,0.0,0.0,0.0,0.0,0.0,0.0,ok,straight,0.9733,2.2582,2.2591,0.6878,1.2945,1.6635,True,"[-0.0, -0.0653, -0.3916, -0.2611]","[-7.3302, -12.4079, -5282.0185, -1529581.4217]","[3.595, 3.1757, -1005280.1567, -2529579.5598]","[1.711, 1.616, 5.666, 12.997]","[[[0.4023, 0.0], [0.9733, 0.0], [1.5444, 0.0], [2.2582, 0.0], [2.5437, 0.0], [2.5437, 0.0]], [[0.4023, 0.0], [0.9733, 0.0], [1.5444, 0.0], [2.2582, 0.0], [2.5437, 0.0], [1.9727, -0.1305]], [[0.4023, 0.0], [0.9733, 0.0], [1.5444, 0.0], [2.2582, 0.0], [11.3952, -0.5222], [17.3913, -0.7833]], [[0.4023, 0.0], [0.9733, 0.0], [1.5444, 0.0], [2.2582, 0.0], [69.6432, -0.1305], [3.1148, -0.5222]]]",4.6278,0.0,0.0,0.0,0.0,0.0,0.0,True,"[2, 2, 2]",0.0,0.0,0.0,1.6165,4.0,0.9733,2.2582,1.977,0.6878,1.2945,1.6165,"[[0.402, 0.0], [0.973, 0.0], [1.544, 0.0], [2.258, 0.0], [2.544, 0.0], [2.258, -0.065]]",ok,12.9966,0.0,1.0,1.0,0.0,1.0,1.0,0.0,0.5,0.6666666666666666,87c3788da01f4f63953f35383d0f5095,scene-0781,42
1.6871,2.5437,3.4003,1.2588,1.8299,2.2582,0.0,0.0,0.0,0.0,0.0,0.0,0.0,0.0,0.0,ok,straight,2.5437,1.8299,3.4003,1.8299,1.7942,2.163,True,"[-0.0, -0.0, -0.1305, -3.6554]","[-364.4309, -382.4711, -1496.6612, -30165.779]","[2.5061, 2.5047, -1001495.3669, -1030164.4848]","[2.234, 2.092, 2.474, 6.206]","[[[1.1161, 0.0], [2.5437, 0.0], [1.6871, 0.0], [1.8299, 0.0], [2.8293, 0.0], [3.4003, 0.0]], [[1.1161, 0.0], [2.5437, 0.0], [1.6871, 0.0], [1.8299, 0.0], [1.9727, 0.0], [3.4003, 0.0]], [[1.1161, 0.0], [2.5437, 0.0], [1.6871, 0.0], [1.8299, 0.0], [4.5424, 0.0], [3.1148, 0.2611]], [[1.1161, 0.0], [2.5437, 0.0], [1.6871, 0.0], [1.8299, 0.0], [2.5437, 0.0], [26.5282, -7.3108]]]",1.7113,0.0,0.0,0.0,0.0,0.0,0.0,True,"[2, 2, 2]",0.0,0.0,0.0,2.0916,4.0,2.5437,1.8299,3.4003,1.8299,1.7942,2.0916,"[[1.116, 0.0], [2.544, 0.0], [1.687, 0.0], [1.83, 0.0], [2.401, 0.0], [3.4, 0.0]]",ok,6.2063,0.0,1.0,1.0,0.0,1.0,1.0,0.0,0.5,0.6666666666666666,07cc7c2f5d22463398a2cda8670d08e9,scene-0781,42
1.1161,1.6871,2.5437,0.6878,1.1875,1.4968,0.0,0.0,0.0,0.0,0.0,0.0,0.0,0.0,0.0,ok,straight,1.8299,2.1154,4.5424,1.1875,1.5801,2.3776,False,"[-0.0, -0.0, -0.0, -0.0]","[-148.6912, -156.9337, -199.2363, -202.1383]","[2.513, 2.1715, 0.4188, 0.2986]","[2.426, 2.33, 1.759, 1.95]","[[[0.545, 0.0], [1.8299, 0.0], [1.8299, 0.0], [2.1154, 0.0], [3.4003, 0.2611], [4.828, 0.0]], [[0.545, 0.0], [1.8299, 0.0], [1.8299, 0.0], [2.1154, 0.0], [3.4003, 0.0], [4.2569, 0.0]], [[0.545, 0.0], [1.8299, 0.0], [1.8299, 0.0], [2.1154, 0.0], [1.6871, 0.0], [2.5437, 0.0]], [[0.545, 0.0], [1.8299, 0.0], [1.8299, 0.0], [2.1154, 0.0], [1.9727, 0.1305], [3.4003, 0.0]]]",0.2727,0.0,0.0,0.0,0.0,0.0,0.0,True,"[2, 2, 2]",0.0,0.0,0.0,1.7585,4.0,1.8299,2.1154,2.5437,1.1875,1.5801,1.7585,"[[0.545, 0.0], [1.83, 0.0], [1.83, 0.0], [2.115, 0.0], [3.4, 0.131], [4.542, 0.0]]",ok,2.4264,0.0,1.0,1.0,0.0,1.0,1.0,0.0,0.5,0.6666666666666666,7e5447a8b3184ab1a0664511d21b8c6f,scene-0781,42
1.1161,2.5437,3.204,0.9733,1.5444,2.0341,0.0,0.0,0.0,0.0,0.0,0.0,0.0,0.0,0.0,ok,straight,1.2588,3.1148,2.4902,0.9733,1.6871,2.1055,False,"[-0.0, -0.0, -1.2402, -0.0]","[-256.7253, -266.1762, -300.2662, -618.9756]","[3.4099, 3.3469, 0.8104, -1000616.8347]","[2.082, 2.129, 2.715, 2.987]","[[[0.6878, 0.0], [1.2588, 0.0], [1.6871, 0.0], [3.1148, 0.0], [3.9714, 0.0], [1.9727, 0.0]], [[0.6878, 0.0], [1.2588, 0.0], [1.6871, 0.0], [3.1148, 0.0], [2.8293, 0.0], [3.4003, 0.0]], [[0.6878, 0.0], [1.2588, 0.0], [1.6871, 0.0], [3.1148, 0.0], [4.5424, 0.0], [4.5424, -2.4804]], [[0.6878, 0.0], [1.2588, 0.0], [1.6871, 0.0], [3.1148, 0.0], [5.9701, 0.2611], [5.399, 0.0]]]",0.3852,0.0,0.0,0.0,0.0,0.0,0.0,True,"[2, 2, 2]",0.0,0.0,0.0,2.0817,4.0,1.2588,3.1148,1.7764,0.9733,1.6871,2.0817,"[[0.688, 0.0], [1.259, 0.0], [1.687, 0.0], [3.115, 0.0], [3.4, 0.0], [2.686, 0.0]]",ok,2.9868,0.0,1.0,1.0,0.0,1.0,1.0,0.0,0.5,0.6666666666666666,a51cada4b76a41cabd4bb589a8a32e37,scene-0781,42
0.0316,0.1462,0.1978,0.1921,0.1547,0.2067,0.0,0.0,0.0,0.0,0.0,0.0,0.0,0.0,0.0,ok,straight,0.2551,0.4388,0.0988,0.2325,0.3112,0.2472,False,"[-0.0, -0.0, -0.0, -1.6319]","[-47.2595, -68.0802, -4271.435, -13840.9641]","[3.1106, 3.1069, -1004269.7028, -1013839.2319]","[0.453, 0.438, 1.435, 2.599]","[[[0.6878, 0.0], [1.4016, 0.0], [2.1154, 0.0], [2.8293, 0.0653], [2.5437, 0.0], [2.5437, 0.0]], [[0.6878, 0.0], [1.4016, 0.0], [2.1154, 0.0], [2.8293, 0.0653], [3.1148, 0.0], [4.828, 0.0]], [[0.6878, 0.0], [1.4016, 0.0], [2.1154, 0.0], [2.8293, 0.0653], [1.6871, 0.0], [9.682, 0.0]], [[0.6878, 0.0], [1.4016, 0.0], [2.1154, 0.0], [2.8293, 0.0653], [1.4016, 0.0], [15.9636, -3.2637]]]",0.8868,0.0,0.0,0.0,0.0,0.0,0.0,True,"[2, 2, 2]",0.0,0.0,0.0,0.4383,4.0,0.2551,0.4388,1.234,0.2325,0.3112,0.4383,"[[0.688, 0.0], [1.402, 0.0], [2.115, 0.0], [2.829, 0.065], [2.829, 0.0], [3.686, 0.0]]",ok,2.5987,0.0,1.0,1.0,0.0,1.0,1.0,0.0,0.25,0.5,9699d6a8d9384f8885e8c5318bc621ab,scene-0782,42
0.7638,2.9778,6.698,0.4368,1.3601,2.9803,0.0,0.0,0.0,0.0,0.0,0.0,0.0,0.0,0.0,ok,straight,1.4773,3.6922,7.9889,1.0074,1.862,3.863,False,"[-0.0653, -0.1958, -0.0653, -0.1305]","[-201.0188, -3602.568, -11510.2856, -237457.3709]","[3.1813, -1003600.9167, -1011508.6344, -1237455.7197]","[3.363, 4.365, 2.449, 11.599]","[[[1.2588, 0.0], [2.401, 0.0], [4.3997, 0.1305], [4.9707, -0.1958], [5.6846, 0.0], [7.3977, -0.1305]], [[1.2588, 0.0], [2.401, 0.0], [4.3997, 0.1305], [4.9707, -0.1958], [1.6871, -0.1305], [5.399, 0.3916]], [[1.2588, 0.0], [2.401, 0.0], [4.3997, 0.1305], [4.9707, -0.1958], [12.2517, -0.1305], [7.9688, 0.1305]], [[1.2588, 0.0], [2.401, 0.0], [4.3997, 0.1305], [4.9707, -0.1958], [4.5424, -0.1305], [69.6432, -0.2611]]]",3.6178,0.0,0.0,0.0,0.0,0.0,1.0,False,"[2, 2, 2]",0.0,0.0,0.16666666666666666,2.4488,4.0,1.4773,3.6922,6.42,1.0074,1.862,2.4488,"[[1.259, 0.0], [2.401, 0.0], [4.4, 0.131], [4.971, -0.196], [3.686, -0.065], [6.398, 0.131]]",ok,11.5991,0.0,0.0,0.0,0.0,0.0,0.0,0.0,0.0,0.0,6652a70586d741f5b9da67434412dd36,scene-0782,42
4.6098,8.8001,15.9026,3.4507,5.6772,8.3967,0.0,0.0,1.0,0.0,0.0,1.0,0.0,0.0,0.3333333333333333,ok,straight,3.6106,9.0853,13.8131,2.6652,5.1421,7.6221,True,"[-0.0653, -0.8486, -0.1305, -0.3916]","[-27.9751, -250.5088, -1326.2672, -7028.0096]","[3.6487, 1.0267, -1001324.3188, -1007026.0613]","[8.183, 7.076, 8.329, 4.477]","[[[2.5437, -0.0653], [4.9707, -0.0653], [6.8267, 0.0653], [8.2543, -0.0653], [9.1109, 0.0], [10.253, -0.1305]], [[2.5437, -0.0653], [4.9707, -0.0653], [6.8267, 0.0653], [8.2543, -0.0653], [11.6807, -0.7833], [14.536, -1.6971]], [[2.5437, -0.0653], [4.9707, -0.0653], [6.8267, 0.0653], [8.2543, -0.0653], [7.3977, -0.5222], [11.1096, -0.2611]], [[2.5437, -0.0653], [4.9707, -0.0653], [6.8267, 0.0653], [8.2543, -0.0653], [19.9611, 0.7833], [30.5257, 0.7833]]]",1.5438,0.0,0.0,1.0,0.0,0.0,1.0,True,"[2, 2, 2]",0.0,0.0,0.16666666666666666,4.4773,4.0,3.6106,9.0853,4.3973,2.6652,5.1421,4.4773,"[[2.544, -0.065], [4.971, -0.065], [6.827, 0.065], [8.254, -0.065], [10.396, -0.392], [12.395, -0.914]]",ok,8.3286,0.0,0.0,0.0,0.0,0.0,0.0,0.0,0.0,0.0,8af2e40c9e8b4bec94a3d701d8d5753e,scene-0782,42
1.7872,1.5656,4.4693,1.188,1.3804,2.2134,0.0,0.0,0.0,0.0,0.0,0.0,0.0,0.0,0.0,ok,straight,1.6436,3.7067,0.2432,1.1162,2.2009,1.7972,True,"[-0.1305, -0.0, -0.0653, -0.0653]","[-440.6519, -1415.7715, -1525.8644, -2610.0214]","[-1000438.688, -1001413.8076, -1001523.9005, -1002608.0575]","[2.133, 1.623, 2.475, 2.394]","[[[3.6858, 0.0], [6.6839, -0.0653], [9.2537, -0.1305], [12.109, -0.0653], [16.5347, 0.2611], [24.8151, -0.2611]], [[3.6858, 0.0], [6.6839, -0.0653], [9.2537, -0.1305], [12.109, -0.0653], [19.1045, 0.0], [23.3874, 0.0]], [[3.6858, 0.0], [6.6839, -0.0653], [9.2537, -0.1305], [12.109, -0.0653], [17.9623, -0.1305], [19.39, -0.1305]], [[3.6858, 0.0], [6.6839, -0.0653], [9.2537, -0.1305], [12.109, -0.0653], [14.2505, 0.2611], [23.9585, 0.1305]]]",0.3329,0.0,0.0,0.0,0.0,0.0,0.0,True,"[2, 2, 2]",0.0,0.0,0.0,1.6226,4.0,1.6436,3.7067,0.4837,1.1162,2.2009,1.6226,"[[3.686, 0.0], [6.684, -0.065], [9.254, -0.131], [12.109, -0.065], [17.82, 0.131], [24.101, -0.131]]",ok,2.4749,0.0,0.0,0.0,0.0,0.0,0.0,0.0,0.0,0.0,95682f8329cf487aa061d968b08f80ea,scene-0782,42
4.7184,8.467,14.5332,3.439,5.5287,8.1127,0.0,0.0,0.0,0.0,0.0,0.0,0.0,0.0,0.0,ok,straight,4.8611,8.1837,13.5471,3.2249,5.4578,7.4974,True,"[-0.0653, -0.3916, -0.0, -0.0]","[-786.4503, -2152.9918, -4275.0501, -231839.9244]","[-1000785.6527, -1002152.1942, -1004274.2525, -1231839.1267]","[8.113, 6.886, 7.828, 13.358]","[[[2.5437, 0.0], [3.5431, 0.0], [5.5418, 0.0], [8.8254, 0.0], [9.1109, -0.1305], [10.253, -0.1305]], [[2.5437, 0.0], [3.5431, 0.0], [5.5418, 0.0], [8.8254, 0.0], [13.9649, 0.2611], [12.8228, 0.7833]], [[2.5437, 0.0], [3.5431, 0.0], [5.5418, 0.0], [8.8254, 0.0], [7.6833, -0.3916], [13.3939, 0.0]], [[2.5437, 0.0], [3.5431, 0.0], [5.5418, 0.0], [8.8254, 0.0], [7.3977, 0.0], [69.6432, 0.0]]]",2.5304,0.0,0.0,0.0,0.0,0.0,0.0,True,"[2, 2, 2]",0.0,0.0,0.0,6.8865,4.0,4.8611,8.1837,12.2954,3.2249,5.4578,6.8865,"[[2.544, 0.0], [3.543, 0.0], [5.542, 0.0], [8.825, 0.0], [11.538, 0.065], [11.538, 0.326]]",ok,13.358,0.0,0.0,0.0,0.0,0.0,0.0,0.0,0.0,0.0,e829650532104af6bdb060d75924421f,scene-0783,42
5.0595,11.3395,17.4084,3.8188,6.5718,9.5736,0.0,0.0,0.0,0.0,0.0,0.0,0.0,0.0,0.0,ok,straight,5.345,10.6247,15.5652,3.8188,6.7143,9.3137,True,"[-0.0, -0.5222, -0.0, -0.1305]","[-386.2942, -163.5467, -1262.2089, -4074.3743]","[-500775.0495, -500777.3465, -1502038.7176, -1504850.883]","[9.764, 8.868, 9.478, 9.669]","[[[1.9727, 0.0], [3.4003, 0.0], [4.6852, 0.0], [7.5405, 0.1305], [8.5399, 0.0], [10.253, 0.0]], [[1.9727, 0.0], [3.4003, 0.0], [4.6852, 0.0], [7.5405, 0.1305], [10.253, 0.1305], [13.9649, -1.0444]], [[1.9727, 0.0], [3.4003, 0.0], [4.6852, 0.0], [7.5405, 0.1305], [11.1096, 0.1305], [9.3964, 0.0]], [[1.9727, 0.0], [3.4003, 0.0], [4.6852, 0.0], [7.5405, 0.1305], [11.9662, -0.1305], [7.3977, 0.2611]]]",0.3487,0.0,0.0,0.0,0.0,0.0,0.0,True,"[2, 2, 2]",0.0,0.0,0.0,8.8676,4.0,5.345,10.6247,13.7453,3.8188,6.7143,8.8676,"[[1.973, 0.0], [3.4, 0.0], [4.685, 0.0], [7.541, 0.131], [9.396, 0.065], [12.109, -0.522]]",ok,9.7638,0.0,0.0,0.0,0.0,0.0,0.0,0.0,0.0,0.0,28553ad064614cb09fa5d4f12e4fa064,scene-0783,42
3.5687,7.3325,9.2282,2.4422,4.2726,5.9082,0.0,0.0,0.0,0.0,0.0,0.0,0.0,0.0,0.0,ok,straight,3.854,6.0492,9.7328,2.7276,4.1321,5.8049,True,"[-0.0653, -1.6319, -0.4569, -0.0653]","[-463.5482, -319.4788, -2858.9023, -4348.8536]","[4.3564, 2.0016, -1002856.2156, -1004346.1669]","[5.813, 5.84, 5.481, 6.053]","[[[2.8293, 0.0], [5.1135, 0.0], [8.3971, 0.1305], [11.8235, 0.0], [13.1083, 0.0], [16.2492, -0.1305]], [[2.8293, 0.0], [5.1135, 0.0], [8.3971, 0.1305], [11.8235, 0.0], [14.2505, 0.2611], [15.6781, 3.2637]], [[2.8293, 0.0], [5.1135, 0.0], [8.3971, 0.1305], [11.8235, 0.0], [12.2517, 0.1305], [19.1045, -0.9138]], [[2.8293, 0.0], [5.1135, 0.0], [8.3971, 0.1305], [11.8235, 0.0], [10.8241, 0.2611], [17.1058, -0.1305]]]",0.2047,0.0,0.0,0.0,0.0,0.0,0.0,True,"[2, 2, 2]",0.0,0.0,0.0,5.4811,4.0,3.854,6.0492,6.3651,2.7276,4.1321,5.4811,"[[2.829, 0.0], [5.113, 0.0], [8.397, 0.131], [11.823, 0.0], [13.679, 0.131], [15.964, 1.567]]",ok,6.0533,0.0,0.0,0.0,0.0,0.0,0.0,0.0,0.0,0.0,73ec2b6b0f8541bbbd01ab56134a2abd,scene-0783,42
1.5356,1.8592,0.6259,1.2063,1.5605,1.3787,0.0,0.0,0.0,0.0,0.0,0.0,0.0,0.0,0.0,ok,straight,0.9666,1.3909,1.1891,0.779,1.0133,1.0523,True,"[-0.0, -0.5222, -0.4569, -1.3055]","[-80.1921, -255.2284, -1393.5739, -1433.9633]","[4.7433, 3.3511, -1001391.1823, -1001431.5717]","[1.014, 1.152, 1.664, 1.832]","[[[2.5437, 0.0], [4.828, 0.0], [6.8267, 0.1305], [8.1116, 0.5222], [9.1109, 0.0], [10.5386, 0.0]], [[2.5437, 0.0], [4.828, 0.0], [6.8267, 0.1305], [8.1116, 0.5222], [9.682, 0.3916], [8.8254, 1.0444]], [[2.5437, 0.0], [4.828, 0.0], [6.8267, 0.1305], [8.1116, 0.5222], [11.6807, -1.6971], [13.9649, -0.9138]], [[2.5437, 0.0], [4.828, 0.0], [6.8267, 0.1305], [8.1116, 0.5222], [10.253, 1.1749], [16.2492, -2.611]]]",0.3413,0.0,0.0,0.0,0.0,0.0,0.0,True,"[2, 2, 2]",0.0,0.0,0.0,1.0138,4.0,0.9666,1.3909,0.6259,0.779,1.0133,1.0138,"[[2.544, 0.0], [4.828, 0.0], [6.827, 0.131], [8.112, 0.522], [9.396, 0.196], [9.682, 0.522]]",ok,1.8321,0.0,0.0,0.0,0.0,0.0,0.0,0.0,0.0,0.0,4a0987ae93eb4cb7b77e94f8ab034a27,scene-0783,42
1.1122,1.1136,2.5412,0.6754,0.8945,1.2055,0.0,0.0,0.0,0.0,0.0,0.0,0.0,0.0,0.0,ok,straight,1.8276,1.9718,1.5419,1.2472,1.6452,1.5633,False,"[-0.0, -0.0, -0.1305, -0.0]","[-41.6616, -232.5651, -1555516.3281, -1564956.3597]","[3.4176, 3.4174, -2555514.488, -2564954.5196]","[1.421, 1.706, 13.177, 13.079]","[[[0.6878, 0.0], [1.8299, 0.0653], [2.1154, 0.0653], [1.9727, 0.0653], [1.4016, -0.1305], [0.545, 0.0]], [[0.6878, 0.0], [1.8299, 0.0653], [2.1154, 0.0653], [1.9727, 0.0653], [1.1161, 0.0], [2.5437, 0.0]], [[0.6878, 0.0], [1.8299, 0.0653], [2.1154, 0.0653], [1.9727, 0.0653], [69.6432, 0.3916], [2.8293, -0.2611]], [[0.6878, 0.0], [1.8299, 0.0653], [2.1154, 0.0653], [1.9727, 0.0653], [69.6432, 0.0], [2.2582, 0.0]]]",5.7832,0.0,0.0,0.0,0.0,0.0,0.0,True,"[2, 2, 2]",0.0,0.0,0.0,1.4212,4.0,1.8276,1.9718,0.5428,1.2472,1.6452,1.4212,"[[0.688, 0.0], [1.83, 0.065], [2.115, 0.065], [1.973, 0.065], [1.259, -0.065], [1.544, 0.0]]",ok,13.1766,0.0,0.0,0.0,0.0,0.0,0.0,0.0,0.0,0.0,abad69b7e6194c95b18a054aa082cfb8,scene-0784,42
1.6871,2.5437,5.1135,0.9733,1.6871,2.6389,0.0,0.0,0.0,0.0,0.0,0.0,0.0,0.0,0.0,ok,straight,1.2588,2.9728,3.8286,0.8306,1.7589,2.2109,True,"[-0.0, -0.0, -0.2611, -0.0653]","[-37.4521, -1140.6025, -1150.6587, -453347.2376]","[3.2068, -1001138.7394, -1001148.7956, -1453345.3744]","[2.687, 1.735, 2.453, 8.181]","[[[0.4023, 0.0], [1.2588, 0.0], [2.401, -0.0653], [2.972, 0.0653], [3.9714, 0.0], [5.1135, 0.0]], [[0.4023, 0.0], [1.2588, 0.0], [2.401, -0.0653], [2.972, 0.0653], [0.8306, 0.0], [2.5437, 0.0]], [[0.4023, 0.0], [1.2588, 0.0], [2.401, -0.0653], [2.972, 0.0653], [1.9727, 0.0], [5.6846, 0.5222]], [[0.4023, 0.0], [1.2588, 0.0], [2.401, -0.0653], [2.972, 0.0653], [38.235, -9.9218], [2.5437, -0.1305]]]",2.574,0.0,0.0,0.0,0.0,0.0,0.0,True,"[2, 2, 2]",0.0,0.0,0.0,1.735,4.0,1.2588,2.9728,2.5437,0.8306,1.7589,1.735,"[[0.402, 0.0], [1.259, 0.0], [2.401, -0.065], [2.972, 0.065], [2.401, 0.0], [3.829, 0.0]]",ok,8.1806,0.0,0.0,0.0,0.0,0.0,0.0,0.0,0.0,0.0,e821c04bbefc4fea85433c8976e786d0,scene-0784,42
1.6871,3.1148,4.5424,1.2588,2.0441,2.7817,0.0,0.0,0.0,0.0,0.0,0.0,0.0,0.0,0.0,ok,straight,1.5457,2.2582,4.4016,1.1168,1.7234,2.4494,True,"[-0.0, -0.1305, -0.0, -0.1958]","[-323.3034, -79.7231, -1883.3664, -13029.022]","[3.4097, 1.9155, -1001881.5734, -1013027.229]","[2.568, 2.332, 2.765, 3.238]","[[[0.6878, 0.0], [1.5444, -0.0653], [2.401, -0.0653], [2.2582, 0.0], [3.9714, 0.0], [4.5424, 0.0]], [[0.6878, 0.0], [1.5444, -0.0653], [2.401, -0.0653], [2.2582, 0.0], [2.8293, 0.1305], [4.2569, -0.2611]], [[0.6878, 0.0], [1.5444, -0.0653], [2.401, -0.0653], [2.2582, 0.0], [5.399, -0.6527], [4.2569, 0.0]], [[0.6878, 0.0], [1.5444, -0.0653], [2.401, -0.0653], [2.2582, 0.0], [9.1109, -0.1305], [3.4003, 0.3916]]]",0.3332,0.0,0.0,0.0,0.0,0.0,0.0,True,"[2, 2, 2]",0.0,0.0,0.0,2.3318,4.0,1.5457,2.2582,4.2649,1.1168,1.7234,2.3318,"[[0.688, 0.0], [1.544, -0.065], [2.401, -0.065], [2.258, 0.0], [3.4, 0.065], [4.4, -0.131]]",ok,3.238,0.0,0.0,0.0,0.0,0.0,0.0,0.0,0.0,0.0,c6b40ac823cd4e0fb1c99b9602364b0d,scene-0784,42
1.6871,3.6858,5.1152,1.4016,2.2582,3.0199,0.0,0.0,0.0,0.0,0.0,0.0,0.0,0.0,0.0,ok,straight,1.5444,3.9714,9.6822,1.473,2.3296,3.829,False,"[-0.0653, -0.1305, -0.3916, -0.1305]","[-287.4853, -5736.0361, -8497.6054, -18240.9532]","[4.4503, -1005733.7109, -1008495.2802, -1018238.628]","[3.067, 4.592, 3.691, 4.499]","[[[1.4016, 0.0], [1.5444, 0.0], [2.401, 0.0], [3.9714, 0.0], [3.9714, 0.0], [5.1135, -0.1305]], [[1.4016, 0.0], [1.5444, 0.0], [2.401, 0.0], [3.9714, 0.0], [3.9714, -0.2611], [14.2505, 0.2611]], [[1.4016, 0.0], [1.5444, 0.0], [2.401, 0.0], [3.9714, 0.0], [1.6871, -0.1305], [11.1096, -0.7833]], [[1.4016, 0.0], [1.5444, 0.0], [2.401, 0.0], [3.9714, 0.0], [12.5373, 0.6527], [5.1135, 0.2611]]]",0.6242,0.0,0.0,0.0,0.0,0.0,0.0,False,"[2, 2, 2]",0.0,0.0,0.0,3.0675,4.0,1.5444,3.9714,5.1152,1.473,2.3296,3.0675,"[[1.402, 0.0], [1.544, 0.0], [2.401, 0.0], [3.971, 0.0], [3.971, -0.131], [9.682, 0.065]]",ok,4.5919,0.0,0.0,0.0,0.0,0.0,0.0,0.0,0.0,0.0,e39400ef772142919c70b68f77780294,scene-0784,42
1.1161,0.0261,1.1161,0.6878,0.6294,0.7916,0.0,0.0,0.0,0.0,0.0,0.0,0.0,0.0,0.0,ok,straight,1.5444,1.1161,1.6884,1.0447,1.3659,1.497,False,"[-0.0, -0.0653, -0.1305, -0.0653]","[-240.7701, -772.4556, -1951.6507, -6180.1106]","[4.3613, 2.7191, -1001949.5807, -1006178.0407]","[1.283, 1.712, 3.52, 3.567]","[[[0.545, 0.0], [1.5444, 0.0], [2.2582, 0.0], [1.1161, 0.0], [1.1161, 0.0], [1.1161, 0.0]], [[0.545, 0.0], [1.5444, 0.0], [2.2582, 0.0], [1.1161, 0.0], [2.5437, 0.0], [2.2582, -0.1305]], [[0.545, 0.0], [1.5444, 0.0], [2.2582, 0.0], [1.1161, 0.0], [5.399, 0.0], [10.253, 0.2611]], [[0.545, 0.0], [1.5444, 0.0], [2.2582, 0.0], [1.1161, 0.0], [1.6871, 0.0], [14.2505, -0.1305]]]",1.0345,0.0,0.0,0.0,0.0,0.0,0.0,True,"[2, 2, 2]",0.0,0.0,0.0,1.2826,4.0,1.5444,1.1161,1.1161,1.0447,1.3659,1.2826,"[[0.545, 0.0], [1.544, 0.0], [2.258, 0.0], [1.116, 0.0], [1.83, 0.0], [1.687, -0.065]]",ok,3.567,1.0,1.0,1.0,1.0,1.0,1.0,0.5,0.75,0.6666666666666666,159f9a70a6d64e27a38b3b2668b5a68e,scene-0794,42
1.1161,0.026,0.545,0.6878,0.6294,0.6013,0.0,0.0,0.0,0.0,0.0,0.0,0.0,0.0,0.0,ok,straight,1.6871,0.545,1.6871,1.2588,1.009,1.5207,False,"[-0.0, -0.0, -0.2611, -0.1305]","[-159.1824, -6398.6271, -47977.9411, -203104.9827]","[3.2461, -1006397.0676, -1047976.3815, -1203103.4232]","[1.045, 1.997, 8.755, 12.99]","[[[0.8306, 0.0], [1.6871, 0.0], [0.9733, 0.0], [0.545, 0.0], [1.1161, 0.0], [1.1161, 0.0]], [[0.8306, 0.0], [1.6871, 0.0], [0.9733, 0.0], [0.545, 0.0], [5.6846, 0.1305], [2.2582, 0.0]], [[0.8306, 0.0], [1.6871, 0.0], [0.9733, 0.0], [0.545, 0.0], [5.9701, 0.0], [42.5179, -0.5222]], [[0.8306, 0.0], [1.6871, 0.0], [0.9733, 0.0], [0.545, 0.0], [4.2569, -0.1305], [69.6432, -0.2611]]]",4.9212,0.0,0.0,0.0,0.0,0.0,0.0,False,"[2, 2, 2]",0.0,0.0,0.0,1.0447,4.0,1.6871,0.545,1.1161,1.2588,1.009,1.0447,"[[0.831, 0.0], [1.687, 0.0], [0.973, 0.0], [0.545, 0.0], [3.4, 0.065], [1.687, 0.0]]",ok,12.9898,1.0,1.0,1.0,1.0,1.0,1.0,0.5,0.75,0.6666666666666666,8e7b267872c04c2b8a49b034ce6a9180,scene-0794,42
1.1161,0.1549,0.1785,0.6878,0.6521,0.4951,0.0,0.0,0.0,0.0,0.0,0.0,0.0,0.0,0.0,ok,straight,1.6871,0.5589,1.963,1.2588,1.2527,1.6794,False,"[-0.0, -0.0, -0.0, -0.0]","[-110.2813, -8004.966, -9163.6278, -27095.9593]","[2.5754, -1008003.503, -1009162.1648, -1027094.4962]","[0.896, 2.584, 2.203, 2.773]","[[[0.8306, 0.0], [1.6871, 0.0], [1.9727, 0.0], [0.6878, 0.0], [-0.026, 0.0], [-0.026, 0.0]], [[0.8306, 0.0], [1.6871, 0.0], [1.9727, 0.0], [0.6878, 0.0], [6.5412, -0.2611], [4.2569, 0.0]], [[0.8306, 0.0], [1.6871, 0.0], [1.9727, 0.0], [0.6878, 0.0], [6.2556, -0.2611], [2.2582, 0.0]], [[0.8306, 0.0], [1.6871, 0.0], [1.9727, 0.0], [0.6878, 0.0], [9.9675, 0.0], [1.9727, 0.0]]]",0.7328,0.0,0.0,0.0,0.0,0.0,0.0,False,"[2, 2, 2]",0.0,0.0,0.0,0.8956,4.0,1.6871,0.5589,0.1785,1.2588,1.2527,0.8956,"[[0.831, 0.0], [1.687, 0.0], [1.973, 0.0], [0.688, 0.0], [3.258, -0.131], [2.115, 0.0]]",ok,2.7735,1.0,1.0,0.0,1.0,1.0,1.0,0.5,0.75,0.5,4f497d33a81042ae992f5109f2ea072f,scene-0794,42
1.3011,4.4601,8.5103,0.8095,2.1927,3.9034,0.0,0.0,0.0,0.0,0.0,0.0,0.0,0.0,0.0,ok,straight,1.3011,2.4615,7.6549,0.7381,1.4789,2.9045,True,"[-0.0, -0.0653, -0.1958, -0.0]","[-906.5783, -1412.6992, -3874.8433, -5066.8559]","[-1000905.3755, -1001411.4965, -1003873.6405, -1005065.6531]","[3.428, 2.383, 1.985, 1.933]","[[[0.1167, 0.0], [-0.026, 0.0], [0.6878, 0.0], [1.9727, 0.0], [-0.026, 0.0], [-0.026, 0.0]], [[0.1167, 0.0], [-0.026, 0.0], [0.6878, 0.0], [1.9727, 0.0], [4.5424, 0.1305], [1.6871, 0.1305]], [[0.1167, 0.0], [-0.026, 0.0], [0.6878, 0.0], [1.9727, 0.0], [0.8306, 0.0], [7.9688, 0.3916]], [[0.1167, 0.0], [-0.026, 0.0], [0.6878, 0.0], [1.9727, 0.0], [0.545, 0.0], [8.5399, 0.0]]]",0.6006,0.0,0.0,0.0,0.0,0.0,0.0,True,"[2, 2, 2]",0.0,0.0,0.0,1.9328,4.0,1.3011,2.4615,0.1127,0.7381,1.4789,1.9328,"[[0.117, 0.0], [-0.026, 0.0], [0.688, 0.0], [1.973, 0.0], [2.258, 0.065], [0.831, 0.065]]",ok,3.4275,0.0,0.0,0.0,0.0,0.0,0.0,0.0,0.0,0.0,3c55b075eee045b7918e4c12275cbdaa,scene-0794,42
3.8848,8.0796,13.9995,2.8516,5.0039,7.5826,0.0,0.0,0.0,0.0,0.0,0.0,0.0,0.0,0.0,ok,straight,4.1703,7.6705,12.9836,2.8515,4.9373,7.1867,True,"[-0.0653, -0.1958, -0.1305, -0.3916]","[-408.2392, -296.6562, -1388.8875, -52580.865]","[3.9919, 2.9279, -1001386.5548, -1052578.5323]","[7.538, 6.843, 7.586, 7.986]","[[[1.4016, 0.0], [1.9727, 0.0], [3.5431, 0.0], [5.5418, 0.2611], [5.6846, 0.0], [7.3977, 0.1305]], [[1.4016, 0.0], [1.9727, 0.0], [3.5431, 0.0], [5.5418, 0.2611], [7.9688, 1.0444], [9.3964, -0.3916]], [[1.4016, 0.0], [1.9727, 0.0], [3.5431, 0.0], [5.5418, 0.2611], [4.828, -0.2611], [7.9688, 0.2611]], [[1.4016, 0.0], [1.9727, 0.0], [3.5431, 0.0], [5.5418, 0.2611], [7.1122, -1.3055], [39.3771, 0.7833]]]",0.4113,0.0,0.0,0.0,0.0,0.0,0.0,True,"[2, 2, 2]",0.0,0.0,0.0,6.8425,4.0,4.1703,7.6705,11.9706,2.8515,4.9373,6.8425,"[[1.402, 0.0], [1.973, 0.0], [3.543, 0.0], [5.542, 0.261], [6.827, 0.522], [8.397, -0.131]]",ok,7.9859,0.0,0.0,0.0,0.0,0.0,0.0,0.0,0.0,0.0,f8e8dd98088d458abb0a664330403168,scene-0795,42
4.5711,10.7845,17.1966,3.1877,6.1203,9.1023,0.0,0.0,0.0,0.0,0.0,0.0,0.0,0.0,0.0,ok,straight,3.8576,11.3459,16.5348,2.9023,6.1536,9.0617,True,"[-0.3264, -0.1305, -1.5013, -0.0653]","[-368.8626, -857.5432, -1003.9193, -1005.9673]","[4.7008, 3.1658, -1001001.212, -1001003.2601]","[9.002, 9.125, 8.788, 9.935]","[[[2.972, 0.0], [6.6839, -0.1305], [8.3971, -0.1305], [9.9675, -0.2611], [13.3939, -0.2611], [16.8202, 0.6527]], [[2.972, 0.0], [6.6839, -0.1305], [8.3971, -0.1305], [9.9675, -0.2611], [13.9649, -0.2611], [15.3926, -0.2611]], [[2.972, 0.0], [6.6839, -0.1305], [8.3971, -0.1305], [9.9675, -0.2611], [14.2505, -0.2611], [17.1058, -3.0026]], [[2.972, 0.0], [6.6839, -0.1305], [8.3971, -0.1305], [9.9675, -0.2611], [12.8228, -0.3916], [11.6807, 0.1305]]]",0.4342,0.0,0.0,0.0,0.0,0.0,0.0,True,"[2, 2, 2]",0.0,0.0,0.0,8.7877,4.0,3.8576,11.3459,15.4602,2.9023,6.1536,8.7877,"[[2.972, 0.0], [6.684, -0.131], [8.397, -0.131], [9.968, -0.261], [13.679, -0.261], [16.106, 0.196]]",ok,9.9347,0.0,0.0,0.0,0.0,0.0,0.0,0.0,0.0,0.0,12494592c7614f2992bca2614f6b04e6,scene-0795,42
6.4278,13.7488,21.4638,4.8746,8.6117,12.1369,0.0,0.0,0.0,0.0,0.0,0.0,0.0,0.0,0.0,ok,straight,4.9991,12.0381,20.7525,3.8746,6.8299,10.8315,True,"[-0.0653, -0.0653, -7.115, -0.2611]","[-217.5879, -230.8198, -24524.6944, -30828.8107]","[-1004386.6303, -1004386.6313, -2028912.911, -2035217.0273]","[10.664, 11.0, 11.046, 12.71]","[[[3.6858, -0.0653], [7.9688, -0.0653], [11.9662, 0.1958], [13.9649, 0.0653], [16.2492, -0.1305], [19.9611, -0.1305]], [[3.6858, -0.0653], [7.9688, -0.0653], [11.9662, 0.1958], [13.9649, 0.0653], [16.2492, 0.3916], [17.9623, 0.1305]], [[3.6858, -0.0653], [7.9688, -0.0653], [11.9662, 0.1958], [13.9649, 0.0653], [21.6742, 0.2611], [15.9636, -14.2299]], [[3.6858, -0.0653], [7.9688, -0.0653], [11.9662, 0.1958], [13.9649, 0.0653], [5.9701, 0.0], [17.9623, -0.5222]]]",0.796,0.0,0.0,0.0,0.0,0.0,0.0,True,"[2, 2, 2]",0.0,0.0,0.0,10.6635,4.0,4.9991,12.0381,19.7508,3.8746,6.8299,10.6635,"[[3.686, -0.065], [7.969, -0.065], [11.966, 0.196], [13.965, 0.065], [16.249, 0.131], [18.962, 0.0]]",ok,12.7095,0.0,0.0,0.0,0.0,0.0,0.0,0.0,0.0,0.0,3b8e9827e2d44455b6ff48ee5982b77a,scene-0795,42
5.6336,10.7648,16.1017,4.0738,6.6299,9.2662,0.0,0.0,0.0,0.0,0.0,0.0,0.0,0.0,0.0,ok,straight,4.4918,8.1954,15.5246,3.1461,5.3453,8.3367,True,"[-0.1305, -0.3916, -0.0653, -0.3916]","[-1288.7134, -1457.5906, -29757.253, -117546.6223]","[-1001286.9486, -1001455.8257, -1029755.4881, -1117544.8575]","[8.267, 8.408, 6.84, 10.759]","[[[4.3997, 0.0], [7.9688, 0.0], [11.8235, -0.1305], [16.8202, -0.1305], [18.2479, -0.1305], [22.2453, -0.2611]], [[4.3997, 0.0], [7.9688, 0.0], [11.8235, -0.1305], [16.8202, -0.1305], [17.9623, -0.5222], [21.6742, -0.7833]], [[4.3997, 0.0], [7.9688, 0.0], [11.8235, -0.1305], [16.8202, -0.1305], [29.098, -0.6527], [19.9611, -0.1305]], [[4.3997, 0.0], [7.9688, 0.0], [11.8235, -0.1305], [16.8202, -0.1305], [20.2466, -0.2611], [69.6432, 0.7833]]]",1.4055,0.0,0.0,0.0,0.0,0.0,0.0,False,"[2, 2, 2]",0.0,0.0,0.0,6.8402,4.0,4.4918,8.1954,17.5329,3.1461,5.3453,6.8402,"[[4.4, 0.0], [7.969, 0.0], [11.823, -0.131], [16.82, -0.131], [18.105, -0.326], [21.96, -0.522]]",ok,10.7589,0.0,0.0,0.0,0.0,0.0,0.0,0.0,0.0,0.0,1be40a3cf7474c6293b5639a2d498b97,scene-0795,42
5.5578,10.2169,13.0681,4.4796,6.8069,8.6627,0.0,0.0,0.0,0.0,0.0,0.0,0.0,0.0,0.0,ok,straight,5.417,10.3595,14.0736,4.3379,6.843,8.8781,False,"[-0.0, -0.1305, -0.1958, -0.0653]","[-84.9238, -80.2278, -9696.3657, -17126.1427]","[4.2894, 2.5012, -1009694.348, -1017124.1249]","[8.975, 8.782, 9.209, 8.176]","[[[4.3997, 0.0], [8.6826, -0.0653], [12.2517, -0.1305], [16.6775, -0.1305], [21.3887, -0.1305], [25.1006, 0.0]], [[4.3997, 0.0], [8.6826, -0.0653], [12.2517, -0.1305], [16.6775, -0.1305], [21.6742, -0.1305], [25.9572, -0.2611]], [[4.3997, 0.0], [8.6826, -0.0653], [12.2517, -0.1305], [16.6775, -0.1305], [16.5347, -0.1305], [28.5269, -0.3916]], [[4.3997, 0.0], [8.6826, -0.0653], [12.2517, -0.1305], [16.6775, -0.1305], [17.1058, 0.3916], [34.2375, -0.1305]]]",0.3827,0.0,0.0,0.0,0.0,0.0,0.0,True,"[2, 2, 2]",0.0,0.0,0.0,8.1762,4.0,5.417,10.3595,5.4108,4.3379,6.843,8.1762,"[[4.4, 0.0], [8.683, -0.065], [12.252, -0.131], [16.677, -0.131], [21.531, -0.131], [25.529, -0.131]]",ok,9.2085,0.0,0.0,0.0,0.0,0.0,0.0,0.0,0.0,0.0,c1676a2feac74eee8aa38ca3901787d6,scene-0796,42
4.4272,8.6778,14.0377,3.3299,5.5111,7.8415,0.0,0.0,0.0,0.0,0.0,0.0,0.0,0.0,0.0,ok,straight,5.2871,8.5351,13.4963,4.0452,6.0115,7.7759,True,"[-0.1305, -0.5222, -0.2611, -0.3916]","[-161.3096, -3408.6093, -8288.1178, -11083.3997]","[5.3604, -1003405.9079, -1008285.4165, -1011080.6984]","[8.223, 7.334, 8.507, 8.461]","[[[3.1148, 0.0], [6.5411, 0.0], [10.3958, -0.1305], [15.2498, -0.1305], [18.5334, -0.1305], [21.6742, -0.2611]], [[3.1148, 0.0], [6.5411, 0.0], [10.3958, -0.1305], [15.2498, -0.1305], [22.8163, -0.2611], [22.8163, 1.0444]], [[3.1148, 0.0], [6.5411, 0.0], [10.3958, -0.1305], [15.2498, -0.1305], [14.536, -0.5222], [23.9585, -0.5222]], [[3.1148, 0.0], [6.5411, 0.0], [10.3958, -0.1305], [15.2498, -0.1305], [22.8163, -0.1305], [15.9636, -0.7833]]]",0.4727,0.0,0.0,0.0,0.0,0.0,0.0,False,"[2, 2, 2]",0.0,0.0,0.0,7.3345,4.0,5.2871,8.5351,12.9903,4.0452,6.0115,7.3345,"[[3.115, 0.0], [6.541, 0.0], [10.396, -0.131], [15.25, -0.131], [20.675, -0.196], [22.245, 0.392]]",ok,8.5073,0.0,0.0,0.0,0.0,0.0,0.0,0.0,0.0,0.0,17723c0411434e48875a93de4db0ecba,scene-0796,42
2.5626,4.8616,5.6318,2.0373,3.1366,4.0467,0.0,0.0,0.0,0.0,0.0,0.0,0.0,0.0,0.0,ok,straight,2.9917,5.0043,8.3478,2.1091,3.3861,4.7608,False,"[-0.0653, -1.6319, -0.0653, -1.2402]","[-116.0576, -576.7946, -750.2545, -92377.1473]","[2.851, -1000575.5104, -1000748.9702, -1092375.863]","[4.213, 5.334, 4.742, 8.97]","[[[4.828, 0.0], [8.9682, -0.0653], [13.5366, -0.0653], [18.6762, -0.1305], [23.3874, -0.1305], [29.6691, -0.1305]], [[4.828, 0.0], [8.9682, -0.0653], [13.5366, -0.0653], [18.6762, -0.1305], [22.2453, 0.0], [24.5295, -3.2637]], [[4.828, 0.0], [8.9682, -0.0653], [13.5366, -0.0653], [18.6762, -0.1305], [24.244, -0.6527], [25.6716, -0.1305]], [[4.828, 0.0], [8.9682, -0.0653], [13.5366, -0.0653], [18.6762, -0.1305], [23.6729, -0.5222], [69.6432, 2.4804]]]",1.8644,0.0,0.0,0.0,0.0,0.0,0.0,True,"[2, 2, 2]",0.0,0.0,0.0,4.213,4.0,2.9917,5.0043,5.6318,2.1091,3.3861,4.213,"[[4.828, 0.0], [8.968, -0.065], [13.537, -0.065], [18.676, -0.131], [22.816, -0.065], [27.099, -1.697]]",ok,8.9701,0.0,0.0,0.0,0.0,0.0,0.0,0.0,0.0,0.0,61d47d1198184bfdaa6777e9448d825d,scene-0796,42
2.7184,5.3317,6.4327,2.1287,3.4456,4.5006,0.0,0.0,0.0,0.0,0.0,0.0,0.0,0.0,0.0,ok,straight,3.1466,5.9026,7.2904,2.4856,3.5526,4.7861,False,"[-0.0653, -0.1305, -0.3916, -8.2899]","[-462.7357, -584.2232, -4973.1636, -16056.5674]","[-500935.8219, -500935.8597, -1505910.3961, -1516993.8]","[5.0, 4.572, 4.716, 5.87]","[[[4.2569, 0.0], [8.9682, -0.1305], [14.8215, -0.1305], [18.2479, -0.1958], [22.5308, -0.2611], [27.9559, -0.1305]], [[4.2569, 0.0], [8.9682, -0.1305], [14.8215, -0.1305], [18.2479, -0.1958], [23.3874, -0.1305], [29.6691, -0.2611]], [[4.2569, 0.0], [8.9682, -0.1305], [14.8215, -0.1305], [18.2479, -0.1958], [25.9572, -0.1305], [26.2427, -0.7833]], [[4.2569, 0.0], [8.9682, -0.1305], [14.8215, -0.1305], [18.2479, -0.1958], [26.2427, -0.1305], [33.952, 16.5798]]]",0.5037,0.0,0.0,0.0,0.0,0.0,0.0,True,"[2, 2, 2]",0.0,0.0,0.0,4.5719,4.0,3.1466,5.9026,6.4327,2.4856,3.5526,4.5719,"[[4.257, 0.0], [8.968, -0.131], [14.822, -0.131], [18.248, -0.196], [22.959, -0.196], [28.812, -0.196]]",ok,5.8703,0.0,0.0,0.0,0.0,0.0,0.0,0.0,0.0,0.0,fa51f1910942494cbe396640010fea64,scene-0796,42
2.6063,4.1138,4.4004,1.9722,2.8802,3.2424,0.0,0.0,0.0,0.0,0.0,0.0,0.0,0.0,0.0,ok,straight,3.1773,0.9724,4.5439,2.4718,2.31,3.0051,True,"[-0.1305, -0.0653, -0.1958, -0.5222]","[-2290.0723, -4650.3208, -6164.1167, -19626.908]","[-1503050.3857, -1505410.6343, -1506924.4301, -1520387.2214]","[2.862, 3.148, 2.388, 3.178]","[[[4.1141, 0.0], [8.5399, -0.1305], [14.1077, -0.3264], [21.9598, -0.1958], [24.8151, -0.2611], [29.6691, -0.2611]], [[4.1141, 0.0], [8.5399, -0.1305], [14.1077, -0.3264], [21.9598, -0.1958], [23.3874, -0.1305], [29.3835, -0.1305]], [[4.1141, 0.0], [8.5399, -0.1305], [14.1077, -0.3264], [21.9598, -0.1958], [23.9585, -0.1305], [33.381, -0.3916]], [[4.1141, 0.0], [8.5399, -0.1305], [14.1077, -0.3264], [21.9598, -0.1958], [20.2466, -0.1305], [32.5244, -1.0444]]]",0.3171,0.0,0.0,0.0,0.0,0.0,0.0,False,"[2, 2, 2]",0.0,0.0,0.0,2.388,4.0,3.1773,0.9724,0.6975,2.4718,2.31,2.388,"[[4.114, 0.0], [8.54, -0.131], [14.108, -0.326], [21.96, -0.196], [24.101, -0.196], [29.526, -0.196]]",ok,3.1777,0.0,0.0,0.0,0.0,0.0,0.0,0.0,0.0,0.0,604d12ebcf784c3f945189f79262f19c,scene-0797,42
1.8111,4.2331,8.9695,1.285,2.3946,4.2351,0.0,0.0,0.0,0.0,0.0,0.0,0.0,0.0,0.0,ok,straight,0.8105,3.8048,10.6815,0.7851,2.325,4.9743,False,"[-0.0653, -0.1958, -0.2611, -0.1958]","[-3495.4886, -10004.5198, -10872.9319, -99478.6838]","[-1505188.3252, -1511697.3563, -1512565.7684, -1601171.5203]","[4.379, 5.572, 4.813, 10.522]","[[[4.828, -0.0653], [8.6826, -0.0653], [15.3926, 0.1306], [18.6762, -0.1305], [25.9572, -0.1305], [29.6691, -0.1305]], [[4.828, -0.0653], [8.6826, -0.0653], [15.3926, 0.1306], [18.6762, -0.1305], [29.6691, -0.9138], [33.0954, -0.3916]], [[4.828, -0.0653], [8.6826, -0.0653], [15.3926, 0.1306], [18.6762, -0.1305], [28.8125, -0.1305], [29.3835, 0.5222]], [[4.828, -0.0653], [8.6826, -0.0653], [15.3926, 0.1306], [18.6762, -0.1305], [22.8163, 0.2611], [69.6432, -0.3916]]]",2.4624,0.0,0.0,0.0,0.0,0.0,0.0,False,"[2, 2, 2]",0.0,0.0,0.0,4.3791,4.0,0.8105,3.8048,8.9695,0.7851,2.325,4.3791,"[[4.828, -0.065], [8.683, -0.065], [15.393, 0.131], [18.676, -0.131], [27.813, -0.522], [31.382, -0.261]]",ok,10.5219,0.0,0.0,0.0,0.0,0.0,0.0,0.0,0.0,0.0,b285e88bcfe943ae9d5a398f11bff413,scene-0797,42
1.3609,3.1973,3.5469,0.9617,1.9123,2.3837,0.0,0.0,0.0,0.0,0.0,0.0,0.0,0.0,0.0,ok,straight,1.7892,3.0545,5.1173,1.2472,1.948,2.7407,False,"[-0.0, -0.0, -0.0653, -0.0653]","[-80.6472, -114.1867, -219.6241, -4325.634]","[3.4234, 3.4049, 1.3468, -1004323.8193]","[2.408, 3.074, 3.027, 3.835]","[[[1.2588, 0.0], [2.6865, 0.0], [3.4003, 0.0], [4.3997, 0.0], [4.5424, 0.0], [5.1135, 0.0]], [[1.2588, 0.0], [2.6865, 0.0], [3.4003, 0.0], [4.3997, 0.0], [5.399, -0.1305], [8.2543, 0.0]], [[1.2588, 0.0], [2.6865, 0.0], [3.4003, 0.0], [4.3997, 0.0], [5.1135, -0.1305], [8.2543, -0.1305]], [[1.2588, 0.0], [2.6865, 0.0], [3.4003, 0.0], [4.3997, 0.0], [9.9675, -0.1305], [8.2543, -0.1305]]]",0.5064,0.0,0.0,0.0,0.0,0.0,0.0,True,"[2, 2, 2]",0.0,0.0,0.0,2.4075,4.0,1.7892,3.0545,3.5469,1.2472,1.948,2.4075,"[[1.259, 0.0], [2.686, 0.0], [3.4, 0.0], [4.4, 0.0], [4.971, -0.065], [6.684, 0.0]]",ok,3.8354,0.0,1.0,1.0,0.0,1.0,1.0,0.0,0.5,0.6666666666666666,6434e21a18934c759cddbec6254d66d2,scene-0797,42
1.3908,3.3339,4.7628,1.1816,1.9703,2.6632,0.0,0.0,0.0,0.0,0.0,0.0,0.0,0.0,0.0,ok,straight,1.3908,3.9049,6.4763,1.4671,2.3272,3.3771,False,"[-0.0, -0.0653, -0.0, -0.0653]","[-405.0173, -201.3722, -2348.1044, -4756.0927]","[3.5959, 1.7069, -1002346.338, -1004754.3264]","[2.949, 3.805, 3.329, 3.092]","[[[1.6871, 0.0], [1.6871, 0.0], [2.8293, 0.0], [4.2569, 0.0], [3.9714, 0.0], [5.1135, 0.0]], [[1.6871, 0.0], [1.6871, 0.0], [2.8293, 0.0], [4.2569, 0.0], [5.6846, 0.0], [8.5399, -0.1305]], [[1.6871, 0.0], [1.6871, 0.0], [2.8293, 0.0], [4.2569, 0.0], [7.3977, 0.0], [3.9714, 0.0]], [[1.6871, 0.0], [1.6871, 0.0], [2.8293, 0.0], [4.2569, 0.0], [1.9727, 0.0], [7.9688, 0.1305]]]",0.3252,0.0,0.0,1.0,0.0,0.0,1.0,True,"[2, 2, 2]",0.0,0.0,0.16666666666666666,2.9487,4.0,1.3908,3.9049,4.7628,1.4671,2.3272,2.9487,"[[1.687, 0.0], [1.687, 0.0], [2.829, 0.0], [4.257, 0.0], [4.828, 0.0], [6.827, -0.065]]",ok,3.8055,0.0,1.0,0.0,0.0,1.0,1.0,0.0,0.5,0.5,ea79b764adb244969b8df0897674695d,scene-0797,42
1.8853,4.2028,4.2641,1.5007,2.6396,3.255,0.0,0.0,0.0,0.0,0.0,0.0,0.0,0.0,0.0,ok,straight,1.1715,1.9186,0.8378,1.001,1.4618,1.5657,True,"[-0.0, -0.0, -0.0, -0.1305]","[-44.0468, -1262.2634, -3727.8271, -270232.726]","[3.7885, -1001259.6436, -1003725.2073, -1270230.1062]","[1.429, 2.375, 2.994, 12.132]","[[[0.8306, 0.0], [1.2588, 0.0], [2.2582, 0.0], [2.8293, 0.0], [2.5437, 0.0], [1.1161, 0.0]], [[0.8306, 0.0], [1.2588, 0.0], [2.2582, 0.0], [2.8293, 0.0], [6.5412, 0.0], [6.8267, 0.0]], [[0.8306, 0.0], [1.2588, 0.0], [2.2582, 0.0], [2.8293, 0.0], [8.5399, 0.1305], [8.5399, 0.0]], [[0.8306, 0.0], [1.2588, 0.0], [2.2582, 0.0], [2.8293, 0.0], [1.4016, 0.0], [69.6432, -0.2611]]]",4.3082,0.0,0.0,0.0,0.0,0.0,0.0,True,"[2, 2, 2]",0.0,0.0,0.0,1.4292,4.0,1.1715,1.9186,2.0177,1.001,1.4618,1.4292,"[[0.831, 0.0], [1.259, 0.0], [2.258, 0.0], [2.829, 0.0], [4.542, 0.0], [3.971, 0.0]]",ok,12.1315,0.0,1.0,1.0,0.0,1.0,1.0,0.0,0.5,0.6666666666666666,154dbc8467d64780a1acffda0193d46b,scene-0798,42
2.1543,6.24,10.808,1.6666,3.5158,5.4868,0.0,0.0,1.0,0.0,0.0,1.0,0.0,0.0,0.16666666666666666,ok,straight,2.4398,6.5255,7.567,1.9521,3.8015,5.0894,True,"[-0.0653, -0.6527, -0.1305, -0.0653]","[-189.0197, -839.1004, -4086.4409, -5711.1132]","[3.9537, -1000836.9141, -1004084.2545, -1005708.9268]","[5.677, 4.525, 5.44, 6.391]","[[[1.4016, 0.0], [3.4003, 0.0], [4.2569, -0.0653], [6.2556, 0.0], [8.2543, 0.0], [9.1109, -0.1305]], [[1.4016, 0.0], [3.4003, 0.0], [4.2569, -0.0653], [6.2556, 0.0], [8.8254, 0.1305], [15.6781, -1.3055]], [[1.4016, 0.0], [3.4003, 0.0], [4.2569, -0.0653], [6.2556, 0.0], [11.1096, -0.1305], [7.6833, -0.2611]], [[1.4016, 0.0], [3.4003, 0.0], [4.2569, -0.0653], [6.2556, 0.0], [9.9675, 0.0], [3.1148, 0.1305]]]",0.6667,0.0,0.0,0.0,0.0,0.0,0.0,True,"[2, 2, 2]",0.0,0.0,0.0,4.5253,4.0,2.4398,6.5255,4.4677,1.9521,3.8015,4.5253,"[[1.402, 0.0], [3.4, 0.0], [4.257, -0.065], [6.256, 0.0], [8.54, 0.065], [12.395, -0.718]]",ok,6.3907,0.0,0.0,0.0,0.0,0.0,0.0,0.0,0.0,0.0,c9627fc5be4e465f95dc19a358dc53c2,scene-0798,42
2.2123,5.1126,6.7278,1.7279,3.1486,4.322,0.0,0.0,0.0,0.0,0.0,0.0,0.0,0.0,0.0,ok,straight,2.2123,6.2512,6.4393,2.0134,3.6478,4.4418,False,"[-0.0653, -0.0, -0.7833, -0.1305]","[-411.2371, -2005.9813, -3386.2382, -17634.1573]","[5.0124, -1002002.332, -1003382.5889, -1017630.508]","[4.655, 4.23, 4.251, 4.122]","[[[2.5437, 0.0], [6.5412, 0.0], [8.8254, 0.0653], [11.1096, 0.0653], [15.3926, 0.1305], [19.39, 0.1305]], [[2.5437, 0.0], [6.5412, 0.0], [8.8254, 0.0653], [11.1096, 0.0653], [17.3913, 0.3916], [19.9611, 0.0]], [[2.5437, 0.0], [6.5412, 0.0], [8.8254, 0.0653], [11.1096, 0.0653], [17.9623, 1.8277], [19.9611, 1.5666]], [[2.5437, 0.0], [6.5412, 0.0], [8.8254, 0.0653], [11.1096, 0.0653], [21.3887, 0.7833], [17.1058, -0.2611]]]",0.2025,0.0,0.0,0.0,0.0,0.0,0.0,False,"[2, 2, 2]",0.0,0.0,0.0,4.1221,4.0,2.2123,6.2512,9.0014,2.0134,3.6478,4.1221,"[[2.544, 0.0], [6.541, 0.0], [8.825, 0.065], [11.11, 0.065], [16.392, 0.261], [19.676, 0.065]]",ok,4.6548,0.0,0.0,1.0,0.0,0.0,1.0,0.0,0.0,0.16666666666666666,eda45e041045428a90be43f94abbcbda,scene-0798,42
5.7081,11.8937,17.0142,4.2224,7.2396,10.032,0.0,1.0,1.0,0.0,1.0,1.0,0.0,0.25,0.5,ok,straight,5.4227,11.3217,15.7294,4.0083,6.8467,9.4845,True,"[-0.0653, -0.0653, -0.0, -0.5875]","[-29.8008, -73.8155, -401.9604, -11649.6211]","[2.9832, 2.9744, -1000400.064, -1011647.7247]","[9.77, 9.199, 10.104, 9.87]","[[[2.1154, 0.0], [3.9714, 0.0], [5.9701, 0.0], [7.3977, -0.0653], [9.1109, -0.1305], [10.5386, -0.1305]], [[2.1154, 0.0], [3.9714, 0.0], [5.9701, 0.0], [7.3977, -0.0653], [9.9675, -0.2611], [13.1083, -0.1305]], [[2.1154, 0.0], [3.9714, 0.0], [5.9701, 0.0], [7.3977, -0.0653], [9.3964, 0.0], [8.2543, 0.0]], [[2.1154, 0.0], [3.9714, 0.0], [5.9701, 0.0], [7.3977, -0.0653], [4.2569, -0.1305], [14.8215, -1.1749]]]",0.3327,0.0,1.0,1.0,0.0,1.0,1.0,True,"[2, 2, 2]",0.0,0.25,0.5,9.199,4.0,5.4227,11.3217,14.4447,4.0083,6.8467,9.199,"[[2.115, 0.0], [3.971, 0.0], [5.97, 0.0], [7.398, -0.065], [9.539, -0.196], [11.823, -0.131]]",ok,10.1039,0.0,0.0,1.0,0.0,0.0,1.0,0.0,0.0,0.3333333333333333,ea69963e431145e383f0c05cd30116c7,scene-0798,42
3.1942,4.91,5.5535,2.6324,3.4185,4.2433,0.0,0.0,0.0,0.0,0.0,0.0,0.0,0.0,0.0,ok,straight,3.765,5.0636,9.2696,3.0603,3.9922,5.4864,False,"[-0.0653, -0.1305, -0.0653, -0.1305]","[-209.7879, -619.3601, -520.9781, -6552.5288]","[-500395.8229, -500397.9776, -1500918.4682, -1506950.0189]","[5.244, 5.733, 3.865, 5.245]","[[[3.4003, -0.0653], [6.8267, 0.0], [10.6813, -0.0653], [15.2498, 0.1306], [18.2479, -0.1305], [21.9598, -0.1305]], [[3.4003, -0.0653], [6.8267, 0.0], [10.6813, -0.0653], [15.2498, 0.1306], [17.1058, 0.7833], [20.2466, 0.2611]], [[3.4003, -0.0653], [6.8267, 0.0], [10.6813, -0.0653], [15.2498, 0.1306], [19.9611, -0.1305], [28.5269, -0.1305]], [[3.4003, -0.0653], [6.8267, 0.0], [10.6813, -0.0653], [15.2498, 0.1306], [15.3926, -0.5222], [24.8151, -0.2611]]]",0.6969,0.0,0.0,0.0,0.0,0.0,0.0,True,"[2, 2, 2]",0.0,0.0,0.0,3.865,4.0,3.765,5.0636,1.845,3.0603,3.9922,3.865,"[[3.4, -0.065], [6.827, 0.0], [10.681, -0.065], [15.25, 0.131], [17.677, 0.326], [21.103, 0.065]]",ok,5.7327,0.0,0.0,1.0,0.0,0.0,1.0,0.0,0.0,0.16666666666666666,2eef1a0ab4484a1faa73e7c2a048149e,scene-0799,42
1.8682,3.3312,4.0466,1.3867,2.1659,2.9806,0.0,0.0,0.0,0.0,0.0,0.0,0.0,0.0,0.0,ok,straight,1.4401,3.1894,0.6209,1.3153,2.1315,1.6626,True,"[-0.0653, -0.3264, -0.1305, -0.1305]","[-873.2852, -21440.7277, -34989.1783, -112394.6523]","[-1000871.1812, -1021438.6237, -1034987.0743, -1112392.5482]","[2.863, 2.935, 3.522, 8.469]","[[[4.2569, 0.0], [9.5392, 0.0], [13.8222, 0.0653], [18.9617, -0.0653], [22.5308, -0.1305], [29.6691, -0.1305]], [[4.2569, 0.0], [9.5392, 0.0], [13.8222, 0.0653], [18.9617, -0.0653], [34.5231, -0.1305], [35.3797, -0.6527]], [[4.2569, 0.0], [9.5392, 0.0], [13.8222, 0.0653], [18.9617, -0.0653], [33.6665, 0.3916], [26.5282, -0.2611]], [[4.2569, 0.0], [9.5392, 0.0], [13.8222, 0.0653], [18.9617, -0.0653], [21.9598, -0.9138], [69.6432, -0.2611]]]",2.336,0.0,0.0,0.0,0.0,0.0,0.0,False,"[2, 2, 2]",0.0,0.0,0.0,2.8626,4.0,1.4401,3.1894,3.4762,1.3153,2.1315,2.8626,"[[4.257, 0.0], [9.539, 0.0], [13.822, 0.065], [18.962, -0.065], [28.527, -0.131], [32.524, -0.392]]",ok,8.4689,0.0,0.0,0.0,0.0,0.0,0.0,0.0,0.0,0.0,aab42793af6b4563a8ef228423189163,scene-0799,42
5.2553,9.6615,14.7308,3.6926,5.9349,8.2611,0.0,0.0,1.0,0.0,0.0,1.0,0.0,0.0,0.16666666666666666,ok,straight,5.6835,8.9484,10.0222,3.9781,5.9348,7.1433,True,"[-0.0, -0.0, -0.0653, -0.1305]","[-216.5811, -776.9143, -231.2277, -29318.3273]","[3.4982, 3.4535, 2.291, -1029316.3262]","[7.548, 6.739, 8.213, 7.309]","[[[2.6865, 0.0], [4.1141, 0.0], [7.255, -0.0653], [10.3958, -0.0653], [13.9649, -0.1305], [17.6768, 0.0]], [[2.6865, 0.0], [4.1141, 0.0], [7.255, -0.0653], [10.3958, -0.0653], [16.2492, 0.0], [20.2466, 0.0]], [[2.6865, 0.0], [4.1141, 0.0], [7.255, -0.0653], [10.3958, -0.0653], [13.1083, -0.1305], [14.536, -0.1305]], [[2.6865, 0.0], [4.1141, 0.0], [7.255, -0.0653], [10.3958, -0.0653], [21.3887, -0.1305], [11.6807, -0.2611]]]",0.5285,0.0,0.0,0.0,0.0,0.0,0.0,True,"[2, 2, 2]",0.0,0.0,0.0,6.7392,4.0,5.6835,8.9484,8.7378,3.9781,5.9348,6.7392,"[[2.686, 0.0], [4.114, 0.0], [7.255, -0.065], [10.396, -0.065], [15.107, -0.065], [18.962, 0.0]]",ok,8.2134,0.0,0.0,1.0,0.0,0.0,1.0,0.0,0.0,0.16666666666666666,fea20913dc8749788096a7c41b087d59,scene-0799,42
4.0345,8.0367,13.0569,2.9905,4.7136,6.6425,0.0,0.0,0.0,0.0,0.0,0.0,0.0,0.0,0.0,ok,straight,3.4634,9.4593,4.6086,2.9191,5.1794,5.3516,True,"[-0.5222, -0.0, -0.1958, -1.3055]","[-3183.6371, -7702.0499, -9250.7582, -30374.0206]","[-1003181.1144, -1007699.5272, -1009248.2355, -1030371.4979]","[6.71, 4.87, 6.177, 6.515]","[[[2.1154, 0.0], [5.6846, -0.1305], [7.9688, -0.5222], [9.1109, -0.3916], [15.3926, -0.9138], [17.3913, -1.0444]], [[2.1154, 0.0], [5.6846, -0.1305], [7.9688, -0.5222], [9.1109, -0.3916], [18.2479, -3.6554], [31.3822, 0.0]], [[2.1154, 0.0], [5.6846, -0.1305], [7.9688, -0.5222], [9.1109, -0.3916], [19.1045, -0.9138], [41.0903, -0.3916]], [[2.1154, 0.0], [5.6846, -0.1305], [7.9688, -0.5222], [9.1109, -0.3916], [8.5399, -0.7833], [31.6678, -2.611]]]",0.7172,0.0,0.0,0.0,0.0,0.0,0.0,False,"[2, 2, 2]",0.0,0.0,0.0,4.8705,4.0,3.4634,9.4593,2.4064,2.9191,5.1794,4.8705,"[[2.115, 0.0], [5.685, -0.131], [7.969, -0.522], [9.111, -0.392], [16.82, -2.285], [24.387, -0.522]]",ok,6.7096,0.0,0.0,0.0,0.0,0.0,0.0,0.0,0.0,0.0,e443b4ca9e474278b7147c4daaf67eca,scene-0799,42
6.3963,13.0321,22.5097,4.7212,7.9706,11.8963,0.0,0.0,0.0,0.0,0.0,0.0,0.0,0.0,0.0,ok,straight,6.8246,12.3185,19.5141,4.8639,7.935,11.1191,True,"[-0.0, -0.3264, -0.0, -0.0653]","[-250.0536, -1943.1081, -3661.3832, -7831.614]","[3.7285, -1001941.2329, -1003659.508, -1007829.7388]","[11.873, 10.385, 11.113, 9.16]","[[[2.1154, 0.0], [3.2576, 0.0], [5.6846, 0.0], [8.3971, -0.0653], [9.1109, 0.0], [9.1109, 0.0]], [[2.1154, 0.0], [3.2576, 0.0], [5.6846, 0.0], [8.3971, -0.0653], [12.2517, -2.3499], [15.107, 0.6527]], [[2.1154, 0.0], [3.2576, 0.0], [5.6846, 0.0], [8.3971, -0.0653], [13.1083, 0.5222], [9.682, 0.0]], [[2.1154, 0.0], [3.2576, 0.0], [5.6846, 0.0], [8.3971, -0.0653], [17.3913, -0.1305], [17.1058, -0.1305]]]",0.9996,0.0,0.0,0.0,0.0,0.0,0.0,True,"[2, 2, 2]",0.0,0.0,0.0,9.1603,4.0,6.8246,12.3185,14.5156,4.8639,7.935,9.1603,"[[2.115, 0.0], [3.258, 0.0], [5.685, 0.0], [8.397, -0.065], [10.681, -1.175], [12.109, 0.326]]",ok,11.8725,0.0,0.0,0.0,0.0,0.0,0.0,0.0,0.0,0.0,94cd383effba4e688570233a060a13f4,scene-0800,42
2.4371,5.1722,8.3743,1.8361,3.1957,4.6838,0.0,0.0,0.0,0.0,0.0,0.0,0.0,0.0,0.0,ok,straight,2.2993,7.7403,5.6755,1.9603,4.1483,4.9169,False,"[-0.3916, -0.5875, -0.0653, -0.1958]","[-1982.223, -2127.8316, -2835.4316, -111900.1887]","[-2513563.9326, -2513709.5412, -2514417.1412, -2623481.8982]","[4.612, 5.245, 5.271, 6.1]","[[[7.1122, -0.0653], [8.6826, 0.0653], [11.5379, -0.1305], [14.2505, -0.2611], [20.2466, -0.1305], [29.098, -0.7833]], [[7.1122, -0.0653], [8.6826, 0.0653], [11.5379, -0.1305], [14.2505, -0.2611], [20.2466, 0.0], [25.3861, 1.1749]], [[7.1122, -0.0653], [8.6826, 0.0653], [11.5379, -0.1305], [14.2505, -0.2611], [20.8176, -0.1305], [24.5295, -0.1305]], [[7.1122, -0.0653], [8.6826, 0.0653], [11.5379, -0.1305], [14.2505, -0.2611], [35.9507, -0.1305], [21.3887, 0.3916]]]",0.5282,0.0,0.0,0.0,0.0,0.0,0.0,False,"[2, 2, 2]",0.0,0.0,0.0,4.6123,4.0,2.2993,7.7403,3.8493,1.9603,4.1483,4.6123,"[[7.112, -0.065], [8.683, 0.065], [11.538, -0.131], [14.25, -0.261], [20.247, -0.065], [27.242, 0.196]]",ok,6.0998,0.0,0.0,0.0,0.0,0.0,0.0,0.0,0.0,0.0,3c260dca3274465eaf38dd6c0a7d7872,scene-0800,42
4.3124,7.9978,10.0728,3.0451,5.0344,6.4755,0.0,0.0,0.0,0.0,0.0,0.0,0.0,0.0,0.0,ok,left,4.4547,5.9036,7.0555,3.3304,4.5827,5.6378,True,"[0.0, -0.0653, 0.1958, 8.2899]","[-761.9465, -2911.0952, -8133.3806, -482108.2287]","[0.7247, -1002910.3738, -1008132.6593, -1482107.5073]","[6.084, 5.236, 5.996, 17.512]","[[[3.2576, 0.0], [6.3984, 0.0], [10.253, 0.0], [15.2498, 0.0], [17.3913, 0.0], [21.3887, 0.0]], [[3.2576, 0.0], [6.3984, 0.0], [10.253, 0.0], [15.2498, 0.0], [17.6768, 0.5222], [26.8138, -0.1305]], [[3.2576, 0.0], [6.3984, 0.0], [10.253, 0.0], [15.2498, 0.0], [14.8215, -0.1305], [24.5295, 0.3916]], [[3.2576, 0.0], [6.3984, 0.0], [10.253, 0.0], [15.2498, 0.0], [69.6432, -8.7468], [69.6432, 16.5798]]]",5.0942,0.0,0.0,0.0,0.0,0.0,0.0,False,"[2, 2, 2]",0.0,0.0,0.0,5.2359,4.0,4.4547,5.9036,4.8406,3.3304,4.5827,5.2359,"[[3.258, 0.0], [6.398, 0.0], [10.253, 0.0], [15.25, 0.0], [17.534, 0.261], [24.101, -0.065]]",ok,17.5117,0.0,0.0,0.0,0.0,0.0,0.0,0.0,0.0,0.0,62c4690878a04a909a6c48a4e2c22d42,scene-0800,42
1.4019,2.0337,3.3441,0.9405,1.3172,2.0145,0.0,0.0,0.0,0.0,0.0,0.0,0.0,0.0,0.0,ok,left,0.9738,1.6023,2.6278,0.5837,1.2778,1.6483,True,"[0.9138, 0.8486, 0.9791, 0.9791]","[-301.153, -1036.8628, -1555.8079, -138864.4881]","[-500665.2422, -500666.4605, -1502221.337, -1639530.0172]","[1.31, 1.988, 2.116, 6.929]","[[[4.828, 0.0], [9.2537, 0.1305], [12.9656, 0.3264], [18.6762, 0.8486], [24.244, 1.436], [27.9559, 1.8277]], [[4.828, 0.0], [9.2537, 0.1305], [12.9656, 0.3264], [18.6762, 0.8486], [21.6742, 0.7833], [26.5282, 1.6971]], [[4.828, 0.0], [9.2537, 0.1305], [12.9656, 0.3264], [18.6762, 0.8486], [24.8151, 0.9138], [36.8073, 1.9582]], [[4.828, 0.0], [9.2537, 0.1305], [12.9656, 0.3264], [18.6762, 0.8486], [-0.026, 0.0], [18.5334, 1.9582]]]",2.2399,0.0,0.0,0.0,0.0,0.0,0.0,True,"[2, 2, 2]",0.0,0.0,0.0,1.3097,4.0,0.9738,1.6023,1.9119,0.5837,1.2778,1.3097,"[[4.828, 0.0], [9.254, 0.131], [12.966, 0.326], [18.676, 0.849], [22.959, 1.11], [27.242, 1.762]]",ok,6.9288,0.0,0.0,0.0,0.0,0.0,0.0,0.0,0.0,0.0,f5be8cc937e74e84b8d73e2074658382,scene-0800,42
1.7868,2.2917,1.7806,1.2018,1.7876,1.9238,0.0,0.0,0.0,0.0,0.0,0.0,0.0,0.0,0.0,ok,straight,1.359,5.8476,2.3653,0.801,2.5476,2.2572,False,"[-0.0653, -0.0653, -0.0653, -0.0653]","[-19906.2983, -28968.264, -31312.6127, -38969.5708]","[-1535884.055, -1544946.0207, -1547290.3694, -1554947.3275]","[3.225, 2.323, 3.046, 2.43]","[[[5.9701, 0.0], [10.6813, 0.0], [14.8215, -0.1305], [28.9552, -0.0653], [29.9546, -0.1305], [26.2427, -0.1305]], [[5.9701, 0.0], [10.6813, 0.0], [14.8215, -0.1305], [28.9552, -0.0653], [29.098, 0.0], [37.0928, 0.1305]], [[5.9701, 0.0], [10.6813, 0.0], [14.8215, -0.1305], [28.9552, -0.0653], [26.5282, -0.3916], [27.9559, -0.1305]], [[5.9701, 0.0], [10.6813, 0.0], [14.8215, -0.1305], [28.9552, -0.0653], [25.9572, -0.1305], [32.2388, -0.1305]]]",0.3867,0.0,0.0,0.0,0.0,0.0,0.0,False,"[2, 2, 2]",0.0,0.0,0.0,2.3227,4.0,1.359,5.8476,3.1396,0.801,2.5476,2.3227,"[[5.97, 0.0], [10.681, 0.0], [14.822, -0.131], [28.955, -0.065], [29.526, -0.065], [31.668, 0.0]]",ok,3.225,0.0,0.0,1.0,0.0,0.0,1.0,0.0,0.0,0.3333333333333333,63e3bc947eed4823b00e1beadecd3be3,scene-0802,42
3.9556,8.3733,12.6832,3.0288,5.3092,7.5927,0.0,0.0,0.0,0.0,0.0,0.0,0.0,0.0,0.0,ok,straight,3.6702,7.9466,11.8266,2.8861,5.1668,6.9505,True,"[-0.0653, -0.0653, -0.3916, -0.0653]","[-283.115, -1022.098, -19480.2283, -95950.0754]","[3.6247, -1001019.7859, -1019477.9162, -1095947.7633]","[7.307, 6.594, 9.17, 9.597]","[[[3.1148, 0.0], [6.8267, 0.0], [8.9682, -0.1305], [12.3945, 0.0], [15.3926, -0.1305], [18.2479, -0.1305]], [[3.1148, 0.0], [6.8267, 0.0], [8.9682, -0.1305], [12.3945, 0.0], [17.9623, -0.1305], [19.9611, -0.1305]], [[3.1148, 0.0], [6.8267, 0.0], [8.9682, -0.1305], [12.3945, 0.0], [6.8267, -0.7833], [15.6781, 0.7833]], [[3.1148, 0.0], [6.8267, 0.0], [8.9682, -0.1305], [12.3945, 0.0], [10.8241, 16.5798], [16.5347, -0.1305]]]",1.2514,0.0,0.0,0.0,0.0,0.0,0.0,True,"[2, 2, 2]",0.0,0.0,0.0,6.5936,4.0,3.6702,7.9466,10.9701,2.8861,5.1668,6.5936,"[[3.115, 0.0], [6.827, 0.0], [8.968, -0.131], [12.395, 0.0], [16.677, -0.131], [19.104, -0.131]]",ok,9.5967,0.0,0.0,0.0,0.0,0.0,0.0,0.0,0.0,0.0,1d944d3936de4206be42d584a884635f,scene-0802,42
1.9095,3.63,3.6753,1.3471,2.2687,2.8317,0.0,0.0,0.0,0.0,0.0,0.0,0.0,0.0,0.0,ok,straight,0.339,3.7725,3.6597,0.3477,1.7737,2.4754,True,"[-0.0653, -0.1958, -0.0, -0.0653]","[-408.3938, -461.1704, -1105.093, -1321.256]","[3.0349, 1.0667, -1001103.3341, -1001319.4971]","[2.502, 2.452, 1.528, 2.292]","[[[5.2563, 0.0], [10.9669, 0.0], [14.3932, -0.3264], [18.9617, -0.1305], [24.8151, -0.1305], [31.0967, -0.1305]], [[5.2563, 0.0], [10.9669, 0.0], [14.3932, -0.3264], [18.9617, -0.1305], [25.1006, -0.1305], [31.0967, 0.3916]], [[5.2563, 0.0], [10.9669, 0.0], [14.3932, -0.3264], [18.9617, -0.1305], [27.3848, 0.0], [35.0941, 0.0]], [[5.2563, 0.0], [10.9669, 0.0], [14.3932, -0.3264], [18.9617, -0.1305], [25.9572, -1.5666], [31.6678, -0.1305]]]",0.392,0.0,0.0,0.0,0.0,0.0,0.0,True,"[2, 2, 2]",0.0,0.0,0.0,1.528,4.0,0.339,3.7725,0.4037,0.3477,1.7737,1.528,"[[5.256, 0.0], [10.967, 0.0], [14.393, -0.326], [18.962, -0.131], [24.958, -0.131], [31.097, 0.131]]",ok,2.5018,0.0,0.0,0.0,0.0,0.0,0.0,0.0,0.0,0.0,aadad53902494b81bf5b1c332f423760,scene-0802,42
1.9044,3.8776,5.2899,1.4557,2.4755,3.305,0.0,0.0,0.0,0.0,0.0,0.0,0.0,0.0,0.0,ok,straight,0.4794,2.5929,4.8739,0.3194,1.3005,2.0963,True,"[-0.0653, -0.2611, -0.3264, -0.0653]","[-292.9826, -3235.6779, -11920.616, -89420.585]","[4.3264, -1003233.0374, -1011917.9754, -1089417.9444]","[2.474, 1.731, 1.853, 7.279]","[[[5.9701, 0.0], [11.6807, 0.0], [16.2492, -0.0653], [21.817, -0.1305], [25.9572, -0.1305], [31.0967, -0.1305]], [[5.9701, 0.0], [11.6807, 0.0], [16.2492, -0.0653], [21.817, -0.1305], [30.2401, -0.2611], [31.3822, -0.5222]], [[5.9701, 0.0], [11.6807, 0.0], [16.2492, -0.0653], [21.817, -0.1305], [33.952, -0.3916], [33.6665, -0.6527]], [[5.9701, 0.0], [11.6807, 0.0], [16.2492, -0.0653], [21.817, -0.1305], [25.6716, -0.2611], [69.6432, -0.1305]]]",2.2951,0.0,0.0,0.0,0.0,0.0,0.0,False,"[2, 2, 2]",0.0,0.0,0.0,1.7307,4.0,0.4794,2.5929,4.752,0.3194,1.3005,1.7307,"[[5.97, 0.0], [11.681, 0.0], [16.249, -0.065], [21.817, -0.131], [28.099, -0.196], [31.239, -0.326]]",ok,7.2795,0.0,0.0,0.0,0.0,0.0,0.0,0.0,0.0,0.0,f00d1ed58ab84a1a90b86e6e92838efe,scene-0802,42
1.7919,2.5289,3.2337,1.2859,1.8121,2.2155,0.0,0.0,0.0,0.0,0.0,0.0,0.0,0.0,0.0,ok,straight,1.9357,2.3893,3.3891,1.5005,1.8899,2.5813,False,"[-0.0653, -0.1305, -0.5222, -0.0]","[-84.8547, -3752.0773, -8325.3706, -117278.5719]","[3.3604, -1003749.9363, -1008323.2297, -1117276.4309]","[2.219, 2.947, 2.626, 11.934]","[[[2.5437, 0.0], [5.2563, -0.0653], [7.3977, -0.3264], [9.8247, 0.0653], [12.2517, -0.1305], [15.3926, -0.1305]], [[2.5437, 0.0], [5.2563, -0.0653], [7.3977, -0.3264], [9.8247, 0.0653], [16.2492, 0.6527], [15.6781, 0.2611]], [[2.5437, 0.0], [5.2563, -0.0653], [7.3977, -0.3264], [9.8247, 0.0653], [16.2492, 0.1305], [11.1096, 1.0444]], [[2.5437, 0.0], [5.2563, -0.0653], [7.3977, -0.3264], [9.8247, 0.0653], [16.2492, -0.9138], [69.6432, 0.0]]]",4.0511,0.0,0.0,0.0,0.0,0.0,0.0,False,"[2, 2, 2]",0.0,0.0,0.0,2.219,4.0,1.9357,2.3893,3.2337,1.5005,1.8899,2.219,"[[2.544, 0.0], [5.256, -0.065], [7.398, -0.326], [9.825, 0.065], [14.25, 0.261], [15.535, 0.065]]",ok,11.9338,0.0,0.0,0.0,0.0,0.0,0.0,0.0,0.0,0.0,4e04d32a9949430287c14d49851f6f55,scene-0904,42
1.2387,1.0143,0.2068,0.9359,0.9493,0.8504,0.0,0.0,0.0,0.0,0.0,0.0,0.0,0.0,0.0,ok,straight,1.0961,2.0153,1.9338,0.9359,1.3443,1.5371,False,"[-0.0, -1.893, -0.0653, -0.5222]","[-95.0362, -1618.9296, -2351.906, -3589.3096]","[5.2423, -1001615.9397, -1002348.9161, -1003586.3197]","[1.114, 2.037, 2.063, 1.491]","[[[3.2576, 0.0], [6.3984, 0.0], [9.682, 0.1305], [13.2511, -0.0653], [15.3926, 0.0], [17.3913, 0.0]], [[3.2576, 0.0], [6.3984, 0.0], [9.682, 0.1305], [13.2511, -0.0653], [16.8202, -1.0444], [19.39, 3.7859]], [[3.2576, 0.0], [6.3984, 0.0], [9.682, 0.1305], [13.2511, -0.0653], [15.107, 0.1305], [23.6729, -0.1305]], [[3.2576, 0.0], [6.3984, 0.0], [9.682, 0.1305], [13.2511, -0.0653], [13.1083, -0.7833], [19.39, 1.0444]]]",0.3969,0.0,0.0,0.0,0.0,0.0,0.0,True,"[2, 2, 2]",0.0,0.0,0.0,1.1137,4.0,1.0961,2.0153,0.2068,0.9359,1.3443,1.1137,"[[3.258, 0.0], [6.398, 0.0], [9.682, 0.131], [13.251, -0.065], [16.106, -0.522], [18.391, 1.893]]",ok,2.0629,0.0,0.0,0.0,0.0,0.0,0.0,0.0,0.0,0.0,5515e95e3a9e488b98ea8c6979d39002,scene-0904,42
1.6473,3.2097,3.8391,1.0746,1.77,2.3918,0.0,0.0,0.0,0.0,0.0,0.0,0.0,0.0,0.0,ok,straight,0.5071,2.7858,4.6957,0.3648,1.1662,2.204,True,"[-0.0653, -0.0653, -0.0653, -0.1305]","[-34.2694, -95.779, -434.8761, -59576.8476]","[2.3997, 2.3973, -1000433.6371, -1059575.6086]","[2.419, 1.989, 1.656, 4.173]","[[[3.1148, -0.0653], [6.2556, 0.0], [9.1109, -0.0653], [10.9669, -0.2611], [12.8228, -0.3916], [14.536, -0.1305]], [[3.1148, -0.0653], [6.2556, 0.0], [9.1109, -0.0653], [10.9669, -0.2611], [13.6794, -0.1305], [16.2492, -0.1305]], [[3.1148, -0.0653], [6.2556, 0.0], [9.1109, -0.0653], [10.9669, -0.2611], [13.1083, -0.1305], [18.8189, -0.1305]], [[3.1148, -0.0653], [6.2556, 0.0], [9.1109, -0.0653], [10.9669, -0.2611], [17.1058, -12.9244], [12.5373, -0.2611]]]",0.97,0.0,0.0,0.0,0.0,0.0,0.0,True,"[2, 2, 2]",0.0,0.0,0.0,1.6562,4.0,0.5071,2.7858,1.2694,0.3648,1.1662,1.6562,"[[3.115, -0.065], [6.256, 0.0], [9.111, -0.065], [10.967, -0.261], [13.251, -0.261], [15.393, -0.131]]",ok,4.1729,0.0,0.0,0.0,0.0,0.0,0.0,0.0,0.0,0.0,c3177f4c31224fcb9b95f0d18bcfc2ca,scene-0904,42
0.4376,0.9059,2.6354,0.3119,0.5132,0.8673,0.0,0.0,0.0,0.0,0.0,0.0,0.0,0.0,0.0,ok,straight,0.8584,0.8159,4.9203,0.5937,0.5972,1.4483,False,"[-0.0653, -0.1305, -0.0, -0.1958]","[-363.323, -849.7796, -8592.3644, -14955.6769]","[3.1662, -1000848.0282, -1008590.613, -1014953.9256]","[0.828, 2.069, 1.444, 2.351]","[[[3.2576, 0.0], [6.6839, -0.1305], [9.2537, -0.1305], [11.1096, -0.0653], [15.3926, -0.1305], [19.39, -0.1305]], [[3.2576, 0.0], [6.6839, -0.1305], [9.2537, -0.1305], [11.1096, -0.0653], [17.1058, -0.3916], [25.1006, -0.2611]], [[3.2576, 0.0], [6.6839, -0.1305], [9.2537, -0.1305], [11.1096, -0.0653], [19.6755, -0.1305], [18.8189, 0.0]], [[3.2576, 0.0], [6.6839, -0.1305], [9.2537, -0.1305], [11.1096, -0.0653], [22.2453, -0.1305], [21.6742, -0.3916]]]",0.5878,0.0,0.0,0.0,0.0,0.0,0.0,False,"[2, 2, 2]",0.0,0.0,0.0,0.8283,4.0,0.8584,0.8159,2.0652,0.5937,0.5972,0.8283,"[[3.258, 0.0], [6.684, -0.131], [9.254, -0.131], [11.11, -0.065], [16.249, -0.261], [22.245, -0.196]]",ok,2.351,0.0,0.0,0.0,0.0,0.0,0.0,0.0,0.0,0.0,666ce1928a0d4f4f9d06bf28e81b98f0,scene-0904,42
2.3319,5.1089,7.3525,1.7871,3.0744,4.3608,0.0,0.0,0.0,0.0,0.0,0.0,0.0,0.0,0.0,ok,straight,2.617,6.3907,8.4947,2.001,3.7153,5.0505,False,"[-0.0, -0.0653, -0.0653, -0.0653]","[-113.9916, -180.456, -5466.8803, -11772.6762]","[4.4121, 2.0889, -1005465.0921, -1011770.888]","[5.313, 4.788, 4.285, 5.356]","[[[1.8299, 0.0], [3.9714, 0.0], [5.6846, 0.0], [7.255, -0.1305], [9.682, 0.0], [10.8241, 0.0]], [[1.8299, 0.0], [3.9714, 0.0], [5.6846, 0.0], [7.255, -0.1305], [10.5386, -0.1305], [13.1083, -0.1305]], [[1.8299, 0.0], [3.9714, 0.0], [5.6846, 0.0], [7.255, -0.1305], [9.9675, 0.2611], [23.9585, 0.1305]], [[1.8299, 0.0], [3.9714, 0.0], [5.6846, 0.0], [7.255, -0.1305], [13.6794, -0.2611], [6.5412, -0.1305]]]",0.4371,0.0,0.0,0.0,0.0,0.0,0.0,True,"[2, 2, 2]",0.0,0.0,0.0,4.2851,4.0,2.617,6.3907,3.7206,2.001,3.7153,4.2851,"[[1.83, 0.0], [3.971, 0.0], [5.685, 0.0], [7.255, -0.131], [10.11, -0.065], [11.966, -0.065]]",ok,5.3562,0.0,0.0,0.0,0.0,0.0,0.0,0.0,0.0,0.0,bc94beb70f694ee8a0399c4e7e1fc2d0,scene-0905,42
0.5974,0.6423,2.5928,0.4871,0.5249,1.0114,0.0,0.0,0.0,0.0,0.0,0.0,0.0,0.0,0.0,ok,straight,0.1339,2.3225,0.6832,0.1041,0.8208,0.8868,True,"[-0.0, -0.0653, -1.1097, -0.0]","[-97.3015, -940.6545, -2784.2346, -3624.6671]","[3.7191, -1000938.8118, -1002782.3919, -1003622.8244]","[1.249, 0.797, 1.334, 1.155]","[[[3.8286, 0.0653], [7.255, 0.0], [10.253, 0.0653], [12.5373, 0.0], [16.2492, -0.1305], [20.8176, 0.0]], [[3.8286, 0.0653], [7.255, 0.0], [10.253, 0.0653], [12.5373, 0.0], [18.5334, 0.0], [23.3874, -0.1305]], [[3.8286, 0.0653], [7.255, 0.0], [10.253, 0.0653], [12.5373, 0.0], [18.5334, 0.0], [19.1045, -2.2193]], [[3.8286, 0.0653], [7.255, 0.0], [10.253, 0.0653], [12.5373, 0.0], [19.1045, 0.6527], [19.39, 0.0]]]",0.2044,0.0,0.0,0.0,0.0,0.0,0.0,True,"[2, 2, 2]",0.0,0.0,0.0,0.7969,4.0,0.1339,2.3225,1.1145,0.1041,0.8208,0.7969,"[[3.829, 0.065], [7.255, 0.0], [10.253, 0.065], [12.537, 0.0], [17.391, -0.065], [22.103, -0.065]]",ok,1.3336,0.0,0.0,0.0,0.0,0.0,0.0,0.0,0.0,0.0,4eec53dcb58148d4b95245ad72d00ef7,scene-0905,42
0.8775,3.0901,4.9015,0.7429,1.7989,2.6147,0.0,0.0,0.0,0.0,0.0,0.0,0.0,0.0,0.0,ok,straight,0.7351,1.6641,0.3543,0.4584,1.086,1.3579,True,"[-0.0653, -0.0653, -0.1305, -0.3264]","[-386.0722, -3278.749, -10553.0326, -430448.086]","[3.6642, -1003276.4482, -1010550.7318, -1430445.7852]","[1.949, 1.793, 2.105, 16.679]","[[[3.5431, 0.0], [6.6839, 0.0], [10.253, -0.1305], [14.2505, 0.0], [16.2492, -0.1305], [19.9611, -0.1305]], [[3.5431, 0.0], [6.6839, 0.0], [10.253, -0.1305], [14.2505, 0.0], [16.5347, 0.0], [26.8138, 0.1305]], [[3.5431, 0.0], [6.6839, 0.0], [10.253, -0.1305], [14.2505, 0.0], [12.5373, -0.1305], [22.8163, 0.2611]], [[3.5431, 0.0], [6.6839, 0.0], [10.253, -0.1305], [14.2505, 0.0], [69.6432, 0.3916], [69.6432, -0.6527]]]",6.3794,0.0,0.0,0.0,0.0,0.0,0.0,False,"[2, 2, 2]",0.0,0.0,0.0,1.7925,4.0,0.7351,1.6641,3.1036,0.4584,1.086,1.7925,"[[3.543, 0.0], [6.684, 0.0], [10.253, -0.131], [14.25, 0.0], [16.392, -0.065], [23.387, 0.0]]",ok,16.6792,0.0,0.0,0.0,0.0,0.0,0.0,0.0,0.0,0.0,f2fb282e13784e7c8a28d0d5e1370ad1,scene-0905,42
3.1186,5.5705,7.0457,2.3711,3.7719,4.9507,0.0,0.0,0.0,0.0,0.0,0.0,0.0,0.0,0.0,ok,straight,3.406,5.3175,7.0576,2.3721,3.6756,4.9013,True,"[-0.0, -0.2611, -0.0653, -0.718]","[-293.975, -1693.1082, -96581.8434, -104635.2118]","[4.1808, -1001690.8698, -1096579.6049, -1104632.9734]","[5.172, 4.652, 7.303, 5.361]","[[[2.5437, -0.0653], [4.2569, 0.0653], [6.6839, 0.1958], [9.682, 0.4569], [11.1096, 0.0], [13.6794, 0.0]], [[2.5437, -0.0653], [4.2569, 0.0653], [6.6839, 0.1958], [9.682, 0.4569], [11.1096, 1.8277], [17.1058, 0.5222]], [[2.5437, -0.0653], [4.2569, 0.0653], [6.6839, 0.1958], [9.682, 0.4569], [16.2492, 16.5798], [10.253, -0.1305]], [[2.5437, -0.0653], [4.2569, 0.0653], [6.6839, 0.1958], [9.682, 0.4569], [31.3822, -0.2611], [17.9623, 1.436]]]",1.0049,0.0,0.0,0.0,0.0,0.0,0.0,False,"[2, 2, 2]",0.0,0.0,0.0,4.6518,4.0,3.406,5.3175,5.3775,2.3721,3.6756,4.6518,"[[2.544, -0.065], [4.257, 0.065], [6.684, 0.196], [9.682, 0.457], [11.11, 0.914], [15.393, 0.261]]",ok,7.3034,0.0,0.0,0.0,0.0,0.0,0.0,0.0,0.0,0.0,2a965239bc5f4ceda7369d0325c52377,scene-0905,42
0.2277,1.9221,0.5691,0.1709,0.8641,0.8463,0.0,0.0,0.0,0.0,0.0,0.0,0.0,0.0,0.0,ok,straight,0.0999,0.3594,3.0098,0.1383,0.4624,0.8449,True,"[-0.0653, -0.1958, -0.1305, -0.1958]","[-262.5024, -528.9391, -836736.0017, -926726.7995]","[4.4495, -1000526.9949, -1836734.0575, -1926724.8553]","[0.436, 1.257, 8.748, 9.939]","[[[3.9714, 0.0], [7.5405, 0.0], [11.1096, 0.1306], [15.8209, -0.1958], [19.1045, -0.1305], [23.3874, -0.1305]], [[3.9714, 0.0], [7.5405, 0.0], [11.1096, 0.1306], [15.8209, -0.1958], [19.1045, 0.0], [18.5334, 0.3916]], [[3.9714, 0.0], [7.5405, 0.0], [11.1096, 0.1306], [15.8209, -0.1958], [69.6432, -0.1305], [23.6729, -0.2611]], [[3.9714, 0.0], [7.5405, 0.0], [11.1096, 0.1306], [15.8209, -0.1958], [69.6432, 0.1305], [16.5347, 0.3916]]]",4.2794,0.0,0.0,0.0,0.0,0.0,0.0,True,"[2, 2, 2]",0.0,0.0,0.0,0.4358,4.0,0.0999,0.3594,0.5691,0.1383,0.4624,0.4358,"[[3.971, 0.0], [7.541, 0.0], [11.11, 0.131], [15.821, -0.196], [19.104, -0.065], [20.96, 0.131]]",ok,9.9392,0.0,0.0,0.0,0.0,0.0,0.0,0.0,0.0,0.0,2fb7b5d1eab24b13abb4e0703850dba9,scene-0906,42
1.7818,4.4523,8.4908,1.4029,2.7125,4.1787,0.0,0.0,0.0,0.0,0.0,0.0,0.0,0.0,0.0,ok,straight,3.3519,5.5943,8.0628,2.1166,3.6049,4.8923,False,"[-0.0653, -0.0653, -0.2611, -0.0653]","[-197.3863, -234.0593, -5159.0163, -995690.8781]","[-500460.0211, -500460.0212, -1505620.196, -2496152.0578]","[4.916, 4.868, 3.632, 11.527]","[[[3.2576, 0.0], [4.9707, 0.0], [8.1116, 0.0], [11.6807, -0.1305], [15.3926, -0.1305], [18.2479, -0.1305]], [[3.2576, 0.0], [4.9707, 0.0], [8.1116, 0.0], [11.6807, -0.1305], [14.8215, -0.2611], [19.1045, -0.1305]], [[3.2576, 0.0], [4.9707, 0.0], [8.1116, 0.0], [11.6807, -0.1305], [20.2466, -0.1305], [21.1032, -0.5222]], [[3.2576, 0.0], [4.9707, 0.0], [8.1116, 0.0], [11.6807, -0.1305], [69.6432, -0.3916], [19.6755, 0.1305]]]",3.0981,0.0,0.0,0.0,0.0,0.0,0.0,True,"[2, 2, 2]",0.0,0.0,0.0,3.632,4.0,3.3519,5.5943,5.6317,2.1166,3.6049,3.632,"[[3.258, 0.0], [4.971, 0.0], [8.112, 0.0], [11.681, -0.131], [15.107, -0.196], [18.676, -0.131]]",ok,11.5275,0.0,0.0,0.0,0.0,0.0,0.0,0.0,0.0,0.0,9fd8ae00df104af290529a90cc5068b4,scene-0906,42
1.9059,4.3227,5.9127,1.438,2.5074,3.3322,0.0,0.0,0.0,0.0,0.0,0.0,0.0,0.0,0.0,ok,straight,1.0494,4.8929,2.9155,1.0098,2.4718,2.8565,True,"[-0.1305, -0.1305, -0.3264, -0.3264]","[-504.9142, -1165.2923, -5746.3169, -903298.3497]","[2.5159, -1001164.3588, -1005745.3834, -1903297.4162]","[3.308, 2.441, 2.453, 10.051]","[[[3.6858, 0.0], [8.2543, -0.0653], [10.9669, -0.0653], [13.6794, -0.1958], [18.2479, -0.1305], [21.1032, -0.2611]], [[3.6858, 0.0], [8.2543, -0.0653], [10.9669, -0.0653], [13.6794, -0.1958], [17.6768, -0.1305], [27.0993, -0.2611]], [[3.6858, 0.0], [8.2543, -0.0653], [10.9669, -0.0653], [13.6794, -0.1958], [21.9598, -0.2611], [22.5308, -0.6527]], [[3.6858, 0.0], [8.2543, -0.0653], [10.9669, -0.0653], [13.6794, -0.1958], [69.6432, -0.3916], [23.9585, -0.6527]]]",3.1878,0.0,0.0,0.0,0.0,0.0,0.0,True,"[2, 2, 2]",0.0,0.0,0.0,2.4405,4.0,1.0494,4.8929,0.1345,1.0098,2.4718,2.4405,"[[3.686, 0.0], [8.254, -0.065], [10.967, -0.065], [13.679, -0.196], [17.962, -0.131], [24.101, -0.261]]",ok,10.0508,0.0,0.0,0.0,0.0,0.0,0.0,0.0,0.0,0.0,d903747f29c74016a3a702959cf43429,scene-0906,42
3.604,6.2861,9.2504,2.6779,4.1361,5.5841,0.0,0.0,0.0,0.0,0.0,0.0,0.0,0.0,0.0,ok,straight,2.4613,6.4338,9.2025,2.1066,3.9587,5.3153,True,"[-0.0653, -0.718, -0.1305]","[-606.0494, -634.9341, -1056.8736]","[1.4699, -0.894, -1001056.9951]","[5.323, 5.315, 5.085]","[[[2.2582, 0.0], [5.399, -0.0653], [6.2556, -0.1305], [8.3971, 0.0653], [11.1096, -0.1305], [11.6807, -0.1305]], [[2.2582, 0.0], [5.399, -0.0653], [6.2556, -0.1305], [8.3971, 0.0653], [11.1096, -0.1305], [11.6807, -1.436]], [[2.2582, 0.0], [5.399, -0.0653], [6.2556, -0.1305], [8.3971, 0.0653], [9.682, -0.2611], [14.536, -0.2611]]]",0.1104,0.0,0.0,0.0,0.0,0.0,0.0,True,"[2, 2, 2]",0.0,0.0,0.0,5.0851,3.0,2.4613,6.4338,6.4003,2.1066,3.9587,5.0851,"[[2.258, 0.0], [5.399, -0.065], [6.256, -0.131], [8.397, 0.065], [11.11, -0.131], [11.681, -0.783]]",ok,5.3233,0.0,0.0,0.0,0.0,0.0,0.0,0.0,0.0,0.0,38b446951ae14bc9bad64c6fdd341ae5,scene-0906,42
0.3719,1.2944,3.6072,0.2523,0.6476,1.4074,0.0,0.0,0.0,0.0,0.0,0.0,0.0,0.0,0.0,ok,right,0.7482,4.2055,3.0522,0.5049,1.8909,2.6097,False,"[3.329, 6.3969, 3.4596, -8.2899]","[-2541.307, -11320.3888, -11777.0394, -22958.4431]","[-1503989.4631, -1512768.545, -1513225.1955, -1524406.5992]","[2.294, 3.377, 2.938, 6.776]","[[[2.8293, 0.0], [6.2556, -0.8486], [7.9688, 0.0653], [10.9669, -0.1305], [13.1083, -4.9609], [15.9636, -6.658]], [[2.8293, 0.0], [6.2556, -0.8486], [7.9688, 0.0653], [10.9669, -0.1305], [19.1045, -3.9165], [15.6781, -12.7939]], [[2.8293, 0.0], [6.2556, -0.8486], [7.9688, 0.0653], [10.9669, -0.1305], [18.2479, -6.2664], [15.3926, -6.9191]], [[2.8293, 0.0], [6.2556, -0.8486], [7.9688, 0.0653], [10.9669, -0.1305], [16.2492, -1.8277], [19.1045, 16.5798]]]",1.7349,0.0,0.0,0.0,0.0,0.0,0.0,False,"[2, 2, 2]",0.0,0.0,0.0,2.2935,4.0,0.7482,4.2055,3.9505,0.5049,1.8909,2.2935,"[[2.829, 0.0], [6.256, -0.849], [7.969, 0.065], [10.967, -0.131], [16.106, -4.439], [15.821, -9.726]]",ok,6.776,0.0,0.0,0.0,0.0,0.0,0.0,0.0,0.0,0.0,e693989d8ad141608999200df71aca71,scene-0907,42
2.1834,4.8437,9.86,1.6658,2.9381,4.9032,0.0,0.0,0.0,0.0,0.0,0.0,0.0,0.0,0.0,ok,straight,2.8966,5.9853,7.4316,1.951,3.51,4.9051,False,"[-0.1305, -0.0, -0.1958, -0.1305]","[-600.7312, -3592.5226, -6054.4633, -64131.564]","[3.0532, -1003589.9226, -1006051.8634, -1064128.964]","[5.047, 4.765, 4.058, 6.622]","[[[4.6852, 0.0], [10.1103, -0.1305], [14.8215, -0.2611], [19.9611, -0.0653], [23.3874, -0.1305], [29.6691, -0.2611]], [[4.6852, 0.0], [10.1103, -0.1305], [14.8215, -0.2611], [19.9611, -0.0653], [26.5282, -0.7833], [24.8151, 0.0]], [[4.6852, 0.0], [10.1103, -0.1305], [14.8215, -0.2611], [19.9611, -0.0653], [19.6755, -0.6527], [27.3848, -0.3916]], [[4.6852, 0.0], [10.1103, -0.1305], [14.8215, -0.2611], [19.9611, -0.0653], [37.3784, 0.7833], [25.1006, 0.2611]]]",0.9372,0.0,0.0,0.0,0.0,0.0,0.0,True,"[2, 2, 2]",0.0,0.0,0.0,4.0584,4.0,2.8966,5.9853,7.5803,1.951,3.51,4.0584,"[[4.685, 0.0], [10.11, -0.131], [14.822, -0.261], [19.961, -0.065], [24.958, -0.457], [27.242, -0.131]]",ok,6.6216,0.0,0.0,0.0,0.0,0.0,0.0,0.0,0.0,0.0,3a7e7dbee620460cbbe09a942c5d23be,scene-0907,42
1.2601,3.5604,6.2955,0.9531,2.0147,3.1019,0.0,0.0,1.0,0.0,0.0,1.0,0.0,0.0,0.16666666666666666,ok,straight,2.5449,3.2735,9.1505,1.6669,2.0144,3.7676,False,"[-0.0653, -0.0653, -0.0653, -8.2899]","[-1036.0934, -1222.7442, -5218.1412, -15104.0456]","[-502281.8084, -502281.8411, -1507501.3341, -1517387.2385]","[4.434, 3.102, 2.758, 5.474]","[[[2.1154, 0.0], [4.9707, 0.0], [4.828, 0.0], [7.3977, 0.0], [11.3952, 0.0], [17.3913, -0.1305]], [[2.1154, 0.0], [4.9707, 0.0], [4.828, 0.0], [7.3977, 0.0], [9.1109, -0.1305], [11.6807, -0.1305]], [[2.1154, 0.0], [4.9707, 0.0], [4.828, 0.0], [7.3977, 0.0], [11.3952, 1.6971], [7.1122, -0.1305]], [[2.1154, 0.0], [4.9707, 0.0], [4.828, 0.0], [7.3977, 0.0], [10.5386, 0.0], [14.8215, 16.5798]]]",1.0834,0.0,0.0,1.0,0.0,0.0,1.0,True,"[2, 2, 2]",0.0,0.0,0.3333333333333333,2.7584,4.0,2.5449,3.2735,1.7292,1.6669,2.0144,2.7584,"[[2.115, 0.0], [4.971, 0.0], [4.828, 0.0], [7.398, 0.0], [10.253, -0.065], [14.536, -0.131]]",ok,5.4738,0.0,1.0,1.0,0.0,1.0,1.0,0.0,0.25,0.5,e9e1871dddf94ba7ba46a76dcf027bab,scene-0907,42
0.0221,0.0243,0.0265,0.0216,0.0227,0.0238,0.0,0.0,0.0,0.0,0.0,0.0,0.0,0.0,0.0,ok,straight,0.6931,1.5506,0.2653,0.8358,0.8113,0.7244,False,"[-0.0, -0.0, -0.0, -0.0]","[-539.3726, -847.9482, -1170.3432, -1578287.3701]","[-500527.726, -500527.7265, -1501698.6471, -3078815.6739]","[0.732, 0.724, 0.55, 12.241]","[[[0.9733, 0.0], [0.6878, 0.0], [-0.026, 0.0], [1.5444, -0.0653], [1.1161, 0.0], [-0.026, 0.0]], [[0.9733, 0.0], [0.6878, 0.0], [-0.026, 0.0], [1.5444, -0.0653], [0.545, 0.0], [0.545, 0.0]], [[0.9733, 0.0], [0.6878, 0.0], [-0.026, 0.0], [1.5444, -0.0653], [-0.026, 0.0], [-0.026, 0.0]], [[0.9733, 0.0], [0.6878, 0.0], [-0.026, 0.0], [1.5444, -0.0653], [69.6432, 0.1305], [0.545, 0.0]]]",5.0114,0.0,0.0,0.0,0.0,0.0,0.0,True,"[2, 2, 2]",0.0,0.0,0.0,0.5496,4.0,0.6931,1.5506,0.0265,0.8358,0.8113,0.5496,"[[0.973, 0.0], [0.688, 0.0], [-0.026, 0.0], [1.544, -0.065], [0.831, 0.0], [0.259, 0.0]]",ok,12.2408,1.0,1.0,0.0,1.0,1.0,1.0,0.5,0.75,0.5,0dc3d1fb0dcd4e19a2b8f6a32c9ebdcc,scene-0907,42
0.0261,0.0264,0.0266,0.0261,0.0262,0.0263,0.0,0.0,0.0,0.0,0.0,0.0,0.0,0.0,0.0,ok,straight,0.545,0.1168,0.545,0.2855,0.2369,0.7452,False,"[-0.0, -0.0, -0.3264, -0.0653]","[-54.0621, -9179.2571, -134084.2652, -267790.3785]","[4.1857, -1009176.7415, -1134081.7495, -1267787.8629]","[0.167, 1.341, 7.87, 11.77]","[[[-0.026, 0.0], [0.545, 0.0], [0.2595, 0.0], [0.1167, 0.0], [-0.026, 0.0], [-0.026, 0.0]], [[-0.026, 0.0], [0.545, 0.0], [0.2595, 0.0], [0.1167, 0.0], [5.9701, 0.3916], [1.1161, 0.0]], [[-0.026, 0.0], [0.545, 0.0], [0.2595, 0.0], [0.1167, 0.0], [-2.8813, -0.2611], [43.3745, -0.6527]], [[-0.026, 0.0], [0.545, 0.0], [0.2595, 0.0], [0.1167, 0.0], [-0.026, 0.0], [69.6432, -0.1305]]]",4.7561,0.0,0.0,0.0,0.0,0.0,0.0,False,"[2, 2, 2]",0.0,0.0,0.0,0.1667,4.0,0.545,0.1168,0.0266,0.2855,0.2369,0.1667,"[[-0.026, 0.0], [0.545, 0.0], [0.259, 0.0], [0.117, 0.0], [2.972, 0.196], [0.545, 0.0]]",ok,11.7695,1.0,1.0,0.0,1.0,1.0,1.0,0.5,0.75,0.5,a4782f7ade234010b5b50553403f6e79,scene-0908,42
0.5439,0.0237,2.8652,0.3964,0.2686,0.8837,0.0,0.0,0.0,0.0,0.0,0.0,0.0,0.0,0.0,ok,straight,0.0272,0.4515,1.0129,0.0667,0.226,0.5466,True,"[-0.0, -0.0653, -0.0653, -0.0]","[-998.9786, -526.5509, -2149.3303, -3908.7934]","[3.8714, 2.2339, -1002147.1471, -1003906.6101]","[0.808, 0.308, 1.569, 0.855]","[[[0.9733, 0.0], [1.9727, 0.0], [3.1148, -0.0653], [5.5418, 0.0], [5.1135, 0.0], [7.3977, 0.0]], [[0.9733, 0.0], [1.9727, 0.0], [3.1148, -0.0653], [5.5418, 0.0], [6.2556, 0.0], [9.3964, 0.1305]], [[0.9733, 0.0], [1.9727, 0.0], [3.1148, -0.0653], [5.5418, 0.0], [3.4003, 0.0], [4.5424, -0.1305]], [[0.9733, 0.0], [1.9727, 0.0], [3.1148, -0.0653], [5.5418, 0.0], [3.6858, 0.0], [8.5399, 0.0]]]",0.4495,0.0,0.0,0.0,0.0,0.0,0.0,True,"[2, 2, 2]",0.0,0.0,0.0,0.3078,4.0,0.0272,0.4515,0.1516,0.0667,0.226,0.3078,"[[0.973, 0.0], [1.973, 0.0], [3.115, -0.065], [5.542, 0.0], [5.685, 0.0], [8.397, 0.065]]",ok,1.5693,0.0,0.0,0.0,0.0,0.0,0.0,0.0,0.0,0.0,c54d5bb693884c459e245a0abd3e4952,scene-0908,42
1.0235,1.6922,5.0795,0.7683,1.4093,2.4638,0.0,0.0,0.0,0.0,0.0,0.0,0.0,0.0,0.0,ok,straight,1.1661,1.1237,10.2192,0.7683,1.089,3.442,False,"[-0.0653, -0.0, -0.4569, -0.4569]","[-723.8172, -2721.1606, -5715.9391, -950898.5748]","[4.5384, -1002718.0465, -1005712.8249, -1950895.4607]","[2.25, 4.634, 2.564, 10.018]","[[[2.972, 0.0], [4.9707, 0.0], [8.1116, 0.0], [11.6807, 0.0], [12.5373, 0.0], [15.3926, -0.1305]], [[2.972, 0.0], [4.9707, 0.0], [8.1116, 0.0], [11.6807, 0.0], [8.5399, 0.5222], [5.1135, 0.0]], [[2.972, 0.0], [4.9707, 0.0], [8.1116, 0.0], [11.6807, 0.0], [9.9675, 0.2611], [16.2492, 0.9138]], [[2.972, 0.0], [4.9707, 0.0], [8.1116, 0.0], [11.6807, 0.0], [69.6432, 0.0], [23.1019, -0.9138]]]",3.1121,0.0,0.0,0.0,0.0,0.0,0.0,False,"[2, 2, 2]",0.0,0.0,0.0,2.2502,4.0,1.1661,1.1237,5.0795,0.7683,1.089,2.2502,"[[2.972, 0.0], [4.971, 0.0], [8.112, 0.0], [11.681, 0.0], [10.539, 0.261], [10.253, -0.065]]",ok,10.0184,0.0,0.0,0.0,0.0,0.0,0.0,0.0,0.0,0.0,c0f19958e8e84a3c83b70187bf9fa0a5,scene-0908,42
3.8026,7.0901,10.651,2.6963,4.5059,6.2036,0.0,0.0,0.0,0.0,0.0,0.0,0.0,0.0,0.0,ok,straight,3.3744,2.95,9.7947,2.4108,3.0426,5.1805,True,"[-0.0653, -0.0, -0.0, -0.0]","[-4457.2192, -7792.0127, -11743.7488, -43498.1813]","[-1504872.9512, -1508207.7447, -1512159.4807, -1543913.9132]","[5.133, 5.228, 4.476, 6.228]","[[[2.972, 0.0], [5.5418, 0.0], [9.1109, -0.1305], [14.6787, -0.1305], [13.6794, -0.1305], [16.8202, -0.1305]], [[2.972, 0.0], [5.5418, 0.0], [9.1109, -0.1305], [14.6787, -0.1305], [12.5373, 0.0], [17.3913, 0.0]], [[2.972, 0.0], [5.5418, 0.0], [9.1109, -0.1305], [14.6787, -0.1305], [12.8228, 0.9138], [21.6742, 0.0]], [[2.972, 0.0], [5.5418, 0.0], [9.1109, -0.1305], [14.6787, -0.1305], [5.9701, 0.1305], [17.9623, 0.0]]]",0.6261,0.0,0.0,0.0,0.0,0.0,0.0,False,"[2, 2, 2]",0.0,0.0,0.0,4.4761,4.0,3.3744,2.95,5.2276,2.4108,3.0426,4.4761,"[[2.972, 0.0], [5.542, 0.0], [9.111, -0.131], [14.679, -0.131], [13.108, -0.065], [17.106, -0.065]]",ok,6.2279,0.0,0.0,0.0,0.0,0.0,0.0,0.0,0.0,0.0,e388dd5b5cdd4b60bfb3ab5ba61f7708,scene-0908,42
3.9523,7.9183,12.894,2.7063,4.7883,7.1196,0.0,0.0,0.0,0.0,0.0,0.0,0.0,0.0,0.0,ok,straight,3.8077,7.5033,15.039,2.4913,4.5414,7.1727,False,"[-0.0653, -0.0653, -0.0653, -0.0]","[-172.7227, -1880.1167, -2395.9038, -7266.9333]","[2.0949, -1001878.49, -1002394.2771, -1007265.3066]","[6.955, 7.392, 5.577, 9.158]","[[[3.1148, 0.0], [5.2563, -0.0653], [8.1116, 0.0], [10.9669, 0.0653], [12.8228, -0.1305], [15.9636, -0.1305]], [[3.1148, 0.0], [5.2563, -0.0653], [8.1116, 0.0], [10.9669, 0.0653], [14.536, 0.2611], [11.6807, 0.1305]], [[3.1148, 0.0], [5.2563, -0.0653], [8.1116, 0.0], [10.9669, 0.0653], [17.6768, -0.3916], [19.39, -0.1305]], [[3.1148, 0.0], [5.2563, -0.0653], [8.1116, 0.0], [10.9669, 0.0653], [13.1083, 0.7833], [2.5437, 0.0]]]",1.2793,0.0,0.0,0.0,0.0,0.0,0.0,True,"[2, 2, 2]",0.0,0.0,0.0,5.5766,4.0,3.8077,7.5033,9.4838,2.4913,4.5414,5.5766,"[[3.115, 0.0], [5.256, -0.065], [8.112, 0.0], [10.967, 0.065], [13.679, 0.065], [13.822, 0.0]]",ok,9.158,0.0,0.0,0.0,0.0,0.0,0.0,0.0,0.0,0.0,3abf81a7c3894000a4c508e6ced0caca,scene-0909,42
2.3062,5.3683,9.7098,1.6472,3.2386,5.0883,0.0,0.0,0.0,0.0,0.0,0.0,0.0,0.0,0.0,ok,straight,2.5952,5.7879,10.1428,1.8628,3.5949,5.2564,False,"[-0.1305, -0.0653, -0.0653, -0.2611]","[-20.3155, -998.7034, -1928.4581, -26707.4735]","[2.1196, -1000997.2462, -1001927.001, -1026706.0164]","[5.326, 5.187, 5.707, 4.934]","[[[2.6865, 0.0], [5.1135, -0.0653], [7.9688, -0.0653], [10.6813, -0.1958], [13.1083, -0.1305], [15.3926, -0.2611]], [[2.6865, 0.0], [5.1135, -0.0653], [7.9688, -0.0653], [10.6813, -0.1958], [14.8215, -0.1305], [14.536, -0.1305]], [[2.6865, 0.0], [5.1135, -0.0653], [7.9688, -0.0653], [10.6813, -0.1958], [10.5386, -0.1305], [15.6781, -0.1305]], [[2.6865, 0.0], [5.1135, -0.0653], [7.9688, -0.0653], [10.6813, -0.1958], [8.5399, 0.1305], [27.6704, -0.5222]]]",0.2797,0.0,0.0,0.0,0.0,0.0,0.0,True,"[2, 2, 2]",0.0,0.0,0.0,4.934,4.0,2.5952,5.7879,2.7881,1.8628,3.5949,4.934,"[[2.686, 0.0], [5.113, -0.065], [7.969, -0.065], [10.681, -0.196], [13.965, -0.131], [14.964, -0.196]]",ok,5.7075,0.0,0.0,0.0,0.0,0.0,0.0,0.0,0.0,0.0,4c55b0578d424ad88d1856c933ba2059,scene-0909,42
5.3078,10.2861,15.2865,4.1314,6.5197,9.0959,0.0,0.0,0.0,0.0,0.0,0.0,0.0,0.0,0.0,ok,straight,4.3073,9.9973,12.6493,3.4885,6.0903,8.2982,True,"[-0.0, -0.9138, -0.0, -3.7859]","[-215.9352, -1074.3171, -1944.738, -4785.1448]","[4.2915, -1001071.8239, -1001942.2447, -1004782.6515]","[8.762, 7.854, 9.334, 8.627]","[[[1.4016, 0.0], [3.2576, -0.0653], [3.8286, 0.0], [4.828, -0.1305], [5.1135, 0.0], [6.8267, 0.0]], [[1.4016, 0.0], [3.2576, -0.0653], [3.8286, 0.0], [4.828, -0.1305], [5.9701, -0.2611], [11.6807, 1.8277]], [[1.4016, 0.0], [3.2576, -0.0653], [3.8286, 0.0], [4.828, -0.1305], [2.8293, 0.2611], [5.6846, 0.0]], [[1.4016, 0.0], [3.2576, -0.0653], [3.8286, 0.0], [4.828, -0.1305], [8.2543, -0.1305], [5.9701, -7.5719]]]",0.5281,0.0,0.0,0.0,0.0,0.0,0.0,False,"[2, 2, 2]",0.0,0.0,0.0,7.8536,4.0,4.3073,9.9973,10.4127,3.4885,6.0903,7.8536,"[[1.402, 0.0], [3.258, -0.065], [3.829, 0.0], [4.828, -0.131], [5.542, -0.131], [9.254, 0.914]]",ok,9.3345,0.0,0.0,0.0,0.0,0.0,0.0,0.0,0.0,0.0,0979033d108c4beba39e8516fb383230,scene-0909,42
1.1601,1.5122,2.3861,0.851,1.1392,1.4793,0.0,0.0,0.0,0.0,0.0,0.0,0.0,0.0,0.0,ok,straight,1.1601,0.7281,2.6764,0.9937,0.8022,1.5194,False,"[-0.0653, -0.1305, -0.1305, -0.4569]","[-119.5096, -2403.6546, -4706.6943, -170158.7126]","[2.7567, -1002402.3595, -1004705.3992, -1170157.4175]","[1.255, 1.784, 1.605, 9.754]","[[[1.9727, 0.0], [4.5424, 0.0], [7.6833, -0.1305], [9.9675, -0.3264], [11.1096, -0.1305], [13.1083, -0.1305]], [[1.9727, 0.0], [4.5424, 0.0], [7.6833, -0.1305], [9.9675, -0.3264], [8.5399, -0.5222], [12.5373, -0.2611]], [[1.9727, 0.0], [4.5424, 0.0], [7.6833, -0.1305], [9.9675, -0.3264], [9.682, -0.1305], [18.5334, -0.2611]], [[1.9727, 0.0], [4.5424, 0.0], [7.6833, -0.1305], [9.9675, -0.3264], [11.9662, -0.3916], [69.6432, 0.9138]]]",3.5584,0.0,0.0,0.0,0.0,0.0,0.0,False,"[2, 2, 2]",0.0,0.0,0.0,1.2547,4.0,1.1601,0.7281,2.3861,0.9937,0.8022,1.2547,"[[1.973, 0.0], [4.542, 0.0], [7.683, -0.131], [9.968, -0.326], [9.825, -0.326], [12.823, -0.196]]",ok,9.754,0.0,0.0,0.0,0.0,0.0,0.0,0.0,0.0,0.0,7fa07947a975451da4b3d7c485af3c07,scene-0909,42
1.3972,3.5891,7.1231,1.1225,2.2422,3.3599,0.0,0.0,0.0,0.0,0.0,0.0,0.0,0.0,0.0,ok,straight,0.9685,1.8779,5.8383,0.8368,1.0717,2.1751,True,"[-0.0653, -0.0653, -0.1305, -0.0653]","[-128.0816, -495.2396, -581.812, -80060.4385]","[2.8948, 2.8841, -1000580.0798, -1080058.7063]","[2.58, 1.771, 1.819, 5.821]","[[[1.8299, 0.0], [4.1141, -0.0653], [6.9694, -0.2611], [8.2543, 0.0], [8.5399, -0.1305], [8.5399, -0.1305]], [[1.8299, 0.0], [4.1141, -0.0653], [6.9694, -0.2611], [8.2543, 0.0], [10.8241, 0.0], [11.1096, -0.1305]], [[1.8299, 0.0], [4.1141, -0.0653], [6.9694, -0.2611], [8.2543, 0.0], [8.8254, 0.0], [12.8228, -0.2611]], [[1.8299, 0.0], [4.1141, -0.0653], [6.9694, -0.2611], [8.2543, 0.0], [16.8202, -15.0132], [30.8112, -0.1305]]]",1.6612,0.0,0.0,0.0,0.0,0.0,0.0,True,"[2, 2, 2]",0.0,0.0,0.0,1.7711,4.0,0.9685,1.8779,4.5534,0.8368,1.0717,1.7711,"[[1.83, 0.0], [4.114, -0.065], [6.969, -0.261], [8.254, 0.0], [9.682, -0.065], [9.825, -0.131]]",ok,5.8208,0.0,0.0,0.0,0.0,0.0,0.0,0.0,0.0,0.0,43da50265dfa4876bdf1efed38e7a261,scene-0910,42
0.8503,1.0961,3.2855,0.6124,0.9504,1.4246,0.0,0.0,0.0,0.0,0.0,0.0,0.0,0.0,0.0,ok,straight,0.0173,0.3386,5.4274,0.1959,0.2455,1.4546,False,"[-0.0, -0.0653, -0.1305, -0.2611]","[-274.5229, -44.4476, -438.2703, -1179.0205]","[2.5811, 2.4464, 0.8435, -1001178.1158]","[1.955, 0.955, 1.621, 1.402]","[[[2.2582, 0.0], [5.399, 0.0], [8.5399, -0.1305], [11.1096, -0.1305], [10.8241, -0.2611], [9.3964, 0.0]], [[2.2582, 0.0], [5.399, 0.0], [8.5399, -0.1305], [11.1096, -0.1305], [12.5373, -0.1305], [13.6794, -0.1305]], [[2.2582, 0.0], [5.399, 0.0], [8.5399, -0.1305], [11.1096, -0.1305], [10.8241, -0.1305], [11.3952, -0.2611]], [[2.2582, 0.0], [5.399, 0.0], [8.5399, -0.1305], [11.1096, -0.1305], [13.3939, 0.2611], [10.253, -0.5222]]]",0.3631,0.0,0.0,0.0,0.0,0.0,0.0,True,"[2, 2, 2]",0.0,0.0,0.0,0.9546,4.0,0.0173,0.3386,3.2855,0.1959,0.2455,0.9546,"[[2.258, 0.0], [5.399, 0.0], [8.54, -0.131], [11.11, -0.131], [11.681, -0.196], [11.538, -0.065]]",ok,1.9548,0.0,0.0,0.0,0.0,0.0,0.0,0.0,0.0,0.0,9e226262318d4df88e6221e46b8fe4c9,scene-0910,42
1.6981,3.9592,5.6161,1.1928,2.2375,3.2185,0.0,0.0,0.0,0.0,0.0,0.0,0.0,0.0,0.0,ok,straight,2.4119,4.2419,6.0586,1.6211,2.9854,3.6953,False,"[-0.0653, -0.5222, -0.0653, -0.0]","[-497.7995, -837.6849, -4806.2749, -46357.3052]","[-502133.4255, -1502972.2344, -1506940.8245, -1548491.8547]","[3.717, 3.683, 3.63, 5.848]","[[[2.972, 0.0], [5.2563, 0.0], [6.6839, -0.0653], [10.8241, 0.0], [14.2505, -0.1305], [17.3913, -0.1305]], [[2.972, 0.0], [5.2563, 0.0], [6.6839, -0.0653], [10.8241, 0.0], [15.3926, 0.1305], [16.5347, 1.0444]], [[2.972, 0.0], [5.2563, 0.0], [6.6839, -0.0653], [10.8241, 0.0], [17.3913, -0.3916], [14.8215, -0.1305]], [[2.972, 0.0], [5.2563, 0.0], [6.6839, -0.0653], [10.8241, 0.0], [20.2466, 0.1305], [1.1161, 0.0]]]",0.9409,0.0,0.0,0.0,0.0,0.0,0.0,True,"[2, 2, 2]",0.0,0.0,0.0,3.6301,4.0,2.4119,4.2419,8.1853,1.6211,2.9854,3.6301,"[[2.972, 0.0], [5.256, 0.0], [6.684, -0.065], [10.824, 0.0], [14.822, 0.0], [16.963, 0.457]]",ok,5.8483,0.0,0.0,0.0,0.0,0.0,0.0,0.0,0.0,0.0,0a2daeb2d41147fc9fda982ce9783bf8,scene-0910,42
2.3138,4.285,6.6425,1.688,2.8788,4.1932,0.0,0.0,0.0,0.0,0.0,0.0,0.0,0.0,0.0,ok,straight,2.1711,4.285,7.6419,1.4739,2.9145,4.1933,False,"[-0.0653, -0.1305, -0.1305, -0.0653]","[-1057.2013, -408.6539, -509.1415, -4866.7636]","[-500592.3099, -500593.9572, -500594.0119, -1505460.4288]","[4.55, 3.837, 4.074, 2.89]","[[[3.4003, 0.0], [6.1129, 0.0], [7.9688, -0.1305], [12.2517, -0.1305], [13.6794, -0.1305], [16.2492, -0.1305]], [[3.4003, 0.0], [6.1129, 0.0], [7.9688, -0.1305], [12.2517, -0.1305], [15.9636, -0.2611], [18.2479, -0.2611]], [[3.4003, 0.0], [6.1129, 0.0], [7.9688, -0.1305], [12.2517, -0.1305], [15.107, -0.1305], [17.6768, -0.2611]], [[3.4003, 0.0], [6.1129, 0.0], [7.9688, -0.1305], [12.2517, -0.1305], [20.2466, 0.0], [19.6755, 0.1305]]]",0.6044,0.0,0.0,0.0,0.0,0.0,0.0,True,"[2, 2, 2]",0.0,0.0,0.0,2.8902,4.0,2.1711,4.285,5.2228,1.4739,2.9145,2.8902,"[[3.4, 0.0], [6.113, 0.0], [7.969, -0.131], [12.252, -0.131], [14.822, -0.196], [17.249, -0.196]]",ok,4.5502,0.0,0.0,0.0,0.0,0.0,0.0,0.0,0.0,0.0,72359f16eac8449b96dc406f28c93e0d,scene-0910,42
3.5488,6.3437,10.5951,2.3699,3.9061,5.8122,0.0,0.0,0.0,0.0,0.0,0.0,0.0,0.0,0.0,ok,straight,2.5496,6.8147,9.7465,1.7997,3.4528,5.4635,True,"[-0.0653, -0.1305, -0.0653, -0.0653]","[-592.4374, -1189.393, -1473.1871, -2486.688]","[-501468.6873, -1502659.888, -1502943.6821, -1503957.183]","[5.51, 5.417, 3.855, 3.544]","[[[3.2576, 0.0653], [6.1129, 0.0], [9.682, -0.0653], [10.6813, -0.5875], [12.8228, -0.1305], [15.3926, -0.1305]], [[3.2576, 0.0653], [6.1129, 0.0], [9.682, -0.0653], [10.6813, -0.5875], [11.6807, -0.1305], [17.1058, -0.2611]], [[3.2576, 0.0653], [6.1129, 0.0], [9.682, -0.0653], [10.6813, -0.5875], [15.107, 0.1305], [23.1019, -0.1305]], [[3.2576, 0.0653], [6.1129, 0.0], [9.682, -0.0653], [10.6813, -0.5875], [14.8215, -0.2611], [25.9572, -0.1305]]]",0.8894,0.0,0.0,0.0,0.0,0.0,0.0,True,"[2, 2, 2]",0.0,0.0,0.0,3.5444,4.0,2.5496,6.8147,0.7818,1.7997,3.4528,3.5444,"[[3.258, 0.065], [6.113, 0.0], [9.682, -0.065], [10.681, -0.587], [12.252, -0.131], [16.249, -0.196]]",ok,5.5099,0.0,0.0,0.0,0.0,0.0,0.0,0.0,0.0,0.0,d056b9bdd56f44669540c6c323042d30,scene-0911,42
0.8964,2.9153,6.2233,0.6788,1.4982,2.8705,0.0,0.0,0.0,0.0,0.0,0.0,0.0,0.0,0.0,ok,straight,1.3281,1.0749,5.4814,0.9656,1.1105,2.3736,True,"[-0.2611, -0.4569, -0.1305, -0.1305]","[-872.9449, -1721.7103, -1827.5222, -9997.6664]","[-1000871.1755, -1001719.9409, -1001825.7527, -1009995.897]","[1.803, 2.947, 2.612, 7.747]","[[[4.1141, 0.0], [8.1116, -0.0653], [12.8228, -0.1305], [18.1051, -0.1958], [20.8176, -0.2611], [26.5282, -0.5222]], [[4.1141, 0.0], [8.1116, -0.0653], [12.8228, -0.1305], [18.1051, -0.1958], [18.8189, 0.1305], [21.6742, -0.9138]], [[4.1141, 0.0], [8.1116, -0.0653], [12.8228, -0.1305], [18.1051, -0.1958], [19.1045, -0.2611], [23.3874, -0.2611]], [[4.1141, 0.0], [8.1116, -0.0653], [12.8228, -0.1305], [18.1051, -0.1958], [14.536, -0.1305], [-2.8813, -0.2611]]]",2.3295,0.0,0.0,0.0,0.0,0.0,0.0,False,"[2, 2, 2]",0.0,0.0,0.0,1.8027,4.0,1.3281,1.0749,3.0724,0.9656,1.1105,1.8027,"[[4.114, 0.0], [8.112, -0.065], [12.823, -0.131], [18.105, -0.196], [19.818, -0.065], [24.101, -0.718]]",ok,7.7473,0.0,0.0,0.0,0.0,0.0,0.0,0.0,0.0,0.0,9c79076d8e9646c5b77fca8fbe189d64,scene-0911,42
1.4153,2.8663,4.9091,1.0192,1.8494,2.6828,0.0,0.0,0.0,0.0,0.0,0.0,0.0,0.0,0.0,ok,straight,8.4357,2.5737,5.7532,4.6004,3.5322,3.8733,False,"[-0.3916, -0.1305, -0.1305, -0.2611]","[-70032.7044, -71871.0228, -93302.0639, -719712.7079]","[-2711083.7124, -2712922.0307, -2734353.0718, -3360763.7158]","[3.992, 3.757, 4.564, 10.87]","[[[4.1141, 0.0], [18.3906, -0.1305], [12.68, -0.0653], [21.6742, -0.1305], [21.1032, -0.2611], [22.8163, -0.7833]], [[4.1141, 0.0], [18.3906, -0.1305], [12.68, -0.0653], [21.6742, -0.1305], [20.8176, -0.1305], [24.5295, -0.2611]], [[4.1141, 0.0], [18.3906, -0.1305], [12.68, -0.0653], [21.6742, -0.1305], [16.2492, -0.2611], [24.244, -0.2611]], [[4.1141, 0.0], [18.3906, -0.1305], [12.68, -0.0653], [21.6742, -0.1305], [69.6432, 0.0], [23.6729, -0.5222]]]",2.9443,0.0,0.0,0.0,0.0,0.0,0.0,False,"[2, 2, 2]",0.0,0.0,0.0,3.7572,4.0,8.4357,2.5737,4.9091,4.6004,3.5322,3.7572,"[[4.114, 0.0], [18.391, -0.131], [12.68, -0.065], [21.674, -0.131], [20.96, -0.196], [23.673, -0.522]]",ok,10.87,0.0,0.0,0.0,0.0,0.0,0.0,0.0,0.0,0.0,4d214e9ba19f48ec8a6e636ca8c6b1c4,scene-0911,42
1.5235,2.9382,3.8692,1.279,1.8479,2.3954,0.0,0.0,0.0,0.0,0.0,0.0,0.0,0.0,0.0,ok,straight,0.3815,3.2237,3.8692,0.5654,1.1699,2.3002,True,"[-0.1305, -0.1305, -0.1305, -1.1097]","[-1494.098, -3365.8922, -3750.6145, -872323.6775]","[-1504932.6983, -1506804.4925, -1507189.2148, -2375762.2779]","[1.943, 2.657, 2.427, 10.07]","[[[4.5424, 0.0], [9.682, -0.0653], [15.5353, -0.1305], [17.9623, -0.1305], [23.3874, -0.1305], [27.9559, -0.2611]], [[4.5424, 0.0], [9.682, -0.0653], [15.5353, -0.1305], [17.9623, -0.1305], [19.1045, -0.1305], [27.9559, -0.2611]], [[4.5424, 0.0], [9.682, -0.0653], [15.5353, -0.1305], [17.9623, -0.1305], [19.39, -0.1305], [29.098, 0.2611]], [[4.5424, 0.0], [9.682, -0.0653], [15.5353, -0.1305], [17.9623, -0.1305], [69.6432, -0.2611], [19.39, -2.2193]]]",3.3559,0.0,0.0,0.0,0.0,0.0,0.0,False,"[2, 2, 2]",0.0,0.0,0.0,1.9433,4.0,0.3815,3.2237,3.8692,0.5654,1.1699,1.9433,"[[4.542, 0.0], [9.682, -0.065], [15.535, -0.131], [17.962, -0.131], [21.246, -0.131], [27.956, -0.261]]",ok,10.0696,0.0,0.0,0.0,0.0,0.0,0.0,0.0,0.0,0.0,2c94aa3401594d3eaa64b3f2281e369c,scene-0911,42
1.914,2.2995,2.6958,1.4679,1.8487,2.193,0.0,0.0,0.0,0.0,0.0,0.0,0.0,0.0,0.0,ok,straight,1.4858,2.0119,2.1619,1.1828,1.5982,1.8426,True,"[-0.0653, -0.1958, -0.1305, -0.0653]","[-260.7649, -14.6261, -880.3372, -9546.3805]","[2.4155, 0.0653, -1000879.433, -1009545.4764]","[2.074, 1.623, 1.348, 3.153]","[[[4.3997, 0.0], [8.9682, -0.1305], [13.5366, -0.1958], [18.5334, -0.1958], [22.2453, -0.1305], [27.9559, -0.1305]], [[4.3997, 0.0], [8.9682, -0.1305], [13.5366, -0.1958], [18.5334, -0.1958], [23.9585, 0.0], [29.098, 0.3916]], [[4.3997, 0.0], [8.9682, -0.1305], [13.5366, -0.1958], [18.5334, -0.1958], [25.6716, -0.1305], [29.098, -0.2611]], [[4.3997, 0.0], [8.9682, -0.1305], [13.5366, -0.1958], [18.5334, -0.1958], [31.9533, -0.1305], [36.8073, 0.1305]]]",0.688,0.0,0.0,0.0,0.0,0.0,0.0,True,"[2, 2, 2]",0.0,0.0,0.0,1.3478,4.0,1.4858,2.0119,1.5537,1.1828,1.5982,1.3478,"[[4.4, 0.0], [8.968, -0.131], [13.537, -0.196], [18.533, -0.196], [23.102, -0.065], [28.527, 0.131]]",ok,3.1533,0.0,0.0,0.0,0.0,0.0,0.0,0.0,0.0,0.0,8487e4c995874bb2aeb41d6484717d10,scene-0912,42
1.3693,2.7187,3.1108,1.0264,1.7345,2.2542,0.0,0.0,0.0,0.0,0.0,0.0,0.0,0.0,0.0,ok,straight,0.9406,3.7262,4.8239,0.812,1.9865,2.684,False,"[-0.1305, -0.1958, -0.3916, -0.0653]","[-259.2659, -628.3105, -377.103, -769738.0781]","[1.7627, 1.227, -0.3758, -1769737.4278]","[2.613, 2.757, 1.979, 9.08]","[[[4.2569, 0.0], [8.9682, -0.0653], [12.109, -0.0653], [15.8209, 0.0653], [20.8176, -0.1305], [24.8151, -0.2611]], [[4.2569, 0.0], [8.9682, -0.0653], [12.109, -0.0653], [15.8209, 0.0653], [21.1032, -0.5222], [23.6729, -0.3916]], [[4.2569, 0.0], [8.9682, -0.0653], [12.109, -0.0653], [15.8209, 0.0653], [21.9598, -0.1305], [30.2401, 0.7833]], [[4.2569, 0.0], [8.9682, -0.0653], [12.109, -0.0653], [15.8209, 0.0653], [69.6432, -0.3916], [30.2401, -0.1305]]]",2.886,0.0,0.0,0.0,0.0,0.0,0.0,True,"[2, 2, 2]",0.0,0.0,0.0,1.9785,4.0,0.9406,3.7262,1.5898,0.812,1.9865,1.9785,"[[4.257, 0.0], [8.968, -0.065], [12.109, -0.065], [15.821, 0.065], [20.96, -0.326], [24.244, -0.326]]",ok,9.0799,0.0,0.0,0.0,0.0,0.0,0.0,0.0,0.0,0.0,8b3b8a656b4243898c2233dd936d36eb,scene-0912,42
0.7181,1.5317,1.2568,0.5486,0.9633,1.1412,0.0,0.0,0.0,0.0,0.0,0.0,0.0,0.0,0.0,ok,straight,0.0312,1.3855,0.4187,0.1344,0.8623,0.8384,True,"[-0.1305, -0.1305, -0.4569, -0.0653]","[-578.9773, -806.8227, -701.3047, -191035.4314]","[-501255.594, -501255.5968, -501257.7275, -1692292.0306]","[0.707, 1.121, 1.084, 10.467]","[[[4.3997, 0.0], [9.2537, -0.1305], [11.9662, -0.1958], [16.963, -0.1958], [22.5308, -0.2611], [27.6704, -0.2611]], [[4.3997, 0.0], [9.2537, -0.1305], [11.9662, -0.1958], [16.963, -0.1958], [20.8176, -0.1305], [25.9572, -0.2611]], [[4.3997, 0.0], [9.2537, -0.1305], [11.9662, -0.1958], [16.963, -0.1958], [21.9598, -0.1305], [25.1006, -0.9138]], [[4.3997, 0.0], [9.2537, -0.1305], [11.9662, -0.1958], [16.963, -0.1958], [23.1019, 16.5798], [69.6432, -0.1305]]]",4.115,0.0,0.0,0.0,0.0,0.0,0.0,True,"[2, 2, 2]",0.0,0.0,0.0,0.7073,4.0,0.0312,1.3855,0.4885,0.1344,0.8623,0.7073,"[[4.4, 0.0], [9.254, -0.131], [11.966, -0.196], [16.963, -0.196], [21.674, -0.196], [26.814, -0.261]]",ok,10.4666,0.0,0.0,0.0,0.0,0.0,0.0,0.0,0.0,0.0,f3c21d4c864e400bb9212a4db0bc8586,scene-0912,42
0.3519,0.5731,0.2554,0.49,0.45,0.4349,0.0,0.0,0.0,0.0,0.0,0.0,0.0,0.0,0.0,ok,straight,0.6542,0.9976,0.1729,0.4987,0.7942,0.6381,False,"[-0.1305, -0.1305, -0.1958, -0.1958]","[-184.3888, -333.7112, -691.2933, -103558.4039]","[4.1738, 4.1705, -1000688.7017, -1103555.8123]","[0.712, 0.764, 0.972, 8.145]","[[[3.9714, 0.0], [7.5405, -0.0653], [11.1096, -0.1305], [15.2498, -0.1305], [20.8176, -0.1305], [24.8151, -0.2611]], [[3.9714, 0.0], [7.5405, -0.0653], [11.1096, -0.1305], [15.2498, -0.1305], [20.5321, 0.2611], [23.3874, -0.2611]], [[3.9714, 0.0], [7.5405, -0.0653], [11.1096, -0.1305], [15.2498, -0.1305], [20.5321, -0.3916], [21.9598, -0.3916]], [[3.9714, 0.0], [7.5405, -0.0653], [11.1096, -0.1305], [15.2498, -0.1305], [20.5321, 0.0], [69.6432, -0.3916]]]",3.1751,0.0,0.0,0.0,0.0,0.0,0.0,True,"[2, 2, 2]",0.0,0.0,0.0,0.7119,4.0,0.6542,0.9976,0.541,0.4987,0.7942,0.7119,"[[3.971, 0.0], [7.541, -0.065], [11.11, -0.131], [15.25, -0.131], [20.675, 0.065], [24.101, -0.261]]",ok,8.145,0.0,0.0,0.0,0.0,0.0,0.0,0.0,0.0,0.0,410c44889c1f4d458a90f8dd90c31c50,scene-0912,42
3.0481,4.7997,8.7785,2.0786,3.1877,4.524,0.0,0.0,0.0,0.0,0.0,0.0,0.0,0.0,0.0,ok,straight,1.6198,5.6563,8.9239,1.0792,3.1881,4.7386,False,"[-0.0653, -0.0653, -0.4569, -0.2611]","[-844.8744, -864.908, -1910.2532, -2990.5725]","[-501466.221, -501466.2437, -1503378.292, -1504458.6113]","[4.905, 4.572, 4.907, 3.525]","[[[4.2569, 0.0], [7.9688, -0.0653], [9.3964, -0.2611], [13.3939, -0.1305], [16.2492, -0.2611], [19.6755, -0.1305]], [[4.2569, 0.0], [7.9688, -0.0653], [9.3964, -0.2611], [13.3939, -0.1305], [17.9623, -0.1305], [19.9611, -0.1305]], [[4.2569, 0.0], [7.9688, -0.0653], [9.3964, -0.2611], [13.3939, -0.1305], [18.2479, -0.2611], [17.6768, -0.9138]], [[4.2569, 0.0], [7.9688, -0.0653], [9.3964, -0.2611], [13.3939, -0.1305], [21.1032, -0.2611], [23.1019, -0.5222]]]",0.5665,0.0,0.0,0.0,0.0,0.0,0.0,True,"[2, 2, 2]",0.0,0.0,0.0,3.5248,4.0,1.6198,5.6563,5.6388,1.0792,3.1881,3.5248,"[[4.257, 0.0], [7.969, -0.065], [9.396, -0.261], [13.394, -0.131], [17.106, -0.196], [19.818, -0.131]]",ok,4.9067,0.0,0.0,0.0,0.0,0.0,0.0,0.0,0.0,0.0,1f048fa210c64e80b9d57e3dc757702c,scene-0913,42
3.3842,5.6013,9.805,2.3432,3.6751,5.1757,0.0,0.0,0.0,0.0,0.0,0.0,0.0,0.0,0.0,ok,straight,2.8731,2.608,9.0912,2.1591,2.6919,4.544,True,"[-0.1305, -0.0653, -0.3264, -0.4569]","[-2284.8802, -5448.2305, -114317.4552, -791162.1444]","[-1502792.0492, -1505955.3994, -1614824.6241, -2291669.3134]","[4.425, 4.663, 5.393, 10.302]","[[[3.5431, 0.0], [7.1122, -0.6527], [11.1096, -0.1305], [17.2485, 0.0], [18.2479, -0.1305], [20.5321, -0.2611]], [[3.5431, 0.0], [7.1122, -0.6527], [11.1096, -0.1305], [17.2485, 0.0], [16.5347, -0.2611], [20.8176, -0.1305]], [[3.5431, 0.0], [7.1122, -0.6527], [11.1096, -0.1305], [17.2485, 0.0], [39.9481, 0.0], [23.3874, 0.6527]], [[3.5431, 0.0], [7.1122, -0.6527], [11.1096, -0.1305], [17.2485, 0.0], [69.6432, -0.2611], [23.6729, 0.9138]]]",2.3974,0.0,0.0,0.0,0.0,0.0,0.0,False,"[2, 2, 2]",0.0,0.0,0.0,4.4251,4.0,2.8731,2.608,9.234,2.1591,2.6919,4.4251,"[[3.543, 0.0], [7.112, -0.653], [11.11, -0.131], [17.249, 0.0], [17.391, -0.196], [20.675, -0.196]]",ok,10.302,0.0,0.0,0.0,0.0,0.0,0.0,0.0,0.0,0.0,4083ba541c6149779624c5d5203925ad,scene-0913,42
1.7797,3.4702,5.2463,1.3198,2.2287,3.0092,0.0,0.0,0.0,0.0,0.0,0.0,0.0,0.0,0.0,ok,straight,1.7797,2.8999,3.5333,1.4624,1.5536,2.0596,True,"[-0.1305, -0.0, -0.1305, -0.0653]","[-1298.3336, -2382.7868, -28896.2782, -833773.7229]","[-1505835.7094, -1506920.1626, -1533433.654, -2338311.0987]","[2.559, 1.562, 3.746, 9.59]","[[[3.9714, 0.0], [8.5399, -0.1305], [14.9643, -0.1958], [17.3913, -0.1958], [20.8176, -0.2611], [24.8151, -0.2611]], [[3.9714, 0.0], [8.5399, -0.1305], [14.9643, -0.1958], [17.3913, -0.1958], [23.3874, -0.2611], [28.2414, 0.0]], [[3.9714, 0.0], [8.5399, -0.1305], [14.9643, -0.1958], [17.3913, -0.1958], [26.8138, -0.6527], [15.9636, -0.2611]], [[3.9714, 0.0], [8.5399, -0.1305], [14.9643, -0.1958], [17.3913, -0.1958], [69.6432, -0.6527], [23.6729, -0.1305]]]",3.1145,0.0,0.0,0.0,0.0,0.0,0.0,False,"[2, 2, 2]",0.0,0.0,0.0,1.5619,4.0,1.7797,2.8999,1.8299,1.4624,1.5536,1.5619,"[[3.971, 0.0], [8.54, -0.131], [14.964, -0.196], [17.391, -0.196], [22.103, -0.261], [26.528, -0.131]]",ok,9.5897,0.0,0.0,0.0,0.0,0.0,0.0,0.0,0.0,0.0,51bbacdcf4c94b8c977ab36f1f0c9e1b,scene-0913,42
0.5047,1.1371,0.6807,0.3898,0.5152,0.556,0.0,0.0,0.0,0.0,0.0,0.0,0.0,0.0,0.0,ok,straight,0.0778,0.436,0.4817,0.1889,0.4184,0.4055,True,"[-0.1305, -0.5875, -8.2899, -0.3264]","[-152.0662, -1499.7949, -19168.5468, -27385.751]","[4.3707, -1001497.0894, -1019165.8414, -1027383.0455]","[0.431, 0.648, 4.045, 3.48]","[[[4.828, -0.0653], [9.1109, -0.1305], [12.68, -0.0653], [17.534, -0.1305], [21.6742, -0.2611], [25.9572, -0.2611]], [[4.828, -0.0653], [9.1109, -0.1305], [12.68, -0.0653], [17.534, -0.1305], [19.9611, -0.5222], [26.8138, -1.1749]], [[4.828, -0.0653], [9.1109, -0.1305], [12.68, -0.0653], [17.534, -0.1305], [15.6781, -0.2611], [19.6755, -16.5798]], [[4.828, -0.0653], [9.1109, -0.1305], [12.68, -0.0653], [17.534, -0.1305], [25.6716, -1.0444], [11.3952, 0.6527]]]",1.6258,0.0,0.0,0.0,0.0,0.0,0.0,True,"[2, 2, 2]",0.0,0.0,0.0,0.4309,4.0,0.0778,0.436,0.317,0.1889,0.4184,0.4309,"[[4.828, -0.065], [9.111, -0.131], [12.68, -0.065], [17.534, -0.131], [20.818, -0.392], [26.385, -0.718]]",ok,4.0454,0.0,0.0,0.0,0.0,0.0,0.0,0.0,0.0,0.0,10304c813c9d47a8a560f6859dc14b17,scene-0913,42
1.1302,3.0222,4.9145,0.7939,1.6884,2.5913,0.0,0.0,0.0,0.0,0.0,0.0,0.0,0.0,0.0,ok,straight,0.177,1.0157,4.327,0.2423,0.6682,1.5349,True,"[-1.5666, -1.5013, -1.0444, -8.2899]","[-1279.2127, -5507.4199, -42032.9978, -993536.3244]","[-1001276.6684, -1005504.8756, -1042030.4536, -1993533.7801]","[1.878, 1.788, 3.746, 11.991]","[[[3.2576, -0.0653], [6.9694, -0.2611], [9.5392, -0.718], [13.5366, -1.3055], [14.2505, -2.0888], [17.3913, -3.1332]], [[3.2576, -0.0653], [6.9694, -0.2611], [9.5392, -0.718], [13.5366, -1.3055], [20.8176, -3.0026], [18.8189, -3.0026]], [[3.2576, -0.0653], [6.9694, -0.2611], [9.5392, -0.718], [13.5366, -1.3055], [13.1083, -12.9244], [15.107, -2.0888]], [[3.2576, -0.0653], [6.9694, -0.2611], [9.5392, -0.718], [13.5366, -1.3055], [69.6432, -1.9582], [17.6768, 16.5798]]]",4.1962,0.0,0.0,0.0,0.0,0.0,0.0,False,"[2, 2, 2]",0.0,0.0,0.0,1.7876,4.0,0.177,1.0157,3.7844,0.2423,0.6682,1.7876,"[[3.258, -0.065], [6.969, -0.261], [9.539, -0.718], [13.537, -1.305], [17.534, -2.546], [18.105, -3.068]]",ok,11.9914,0.0,0.0,0.0,0.0,0.0,0.0,0.0,0.0,0.0,f8de6e9a14d34f2791c21a07ce5d47c5,scene-0914,42
1.7749,1.2874,1.6787,1.1474,1.2759,1.5783,0.0,0.0,0.0,0.0,0.0,0.0,0.0,0.0,0.0,ok,straight,1.4884,1.7153,4.1066,1.0041,1.3465,1.8873,False,"[-0.0653, -0.1305, -0.3916, -0.0653]","[-182.9726, -1655.5034, -2864.0635, -13147.3103]","[3.7989, -1001653.2707, -1002861.8307, -1013145.0776]","[1.673, 2.102, 2.074, 3.255]","[[[3.1148, -0.0653], [5.6846, -0.0653], [8.3971, -0.0653], [11.8235, -0.1305], [14.2505, -0.1305], [18.2479, -0.1305]], [[3.1148, -0.0653], [5.6846, -0.0653], [8.3971, -0.0653], [11.8235, -0.1305], [15.9636, -0.1305], [13.9649, -0.2611]], [[3.1148, -0.0653], [5.6846, -0.0653], [8.3971, -0.0653], [11.8235, -0.1305], [11.9662, 0.0], [18.2479, -0.7833]], [[3.1148, -0.0653], [5.6846, -0.0653], [8.3971, -0.0653], [11.8235, -0.1305], [13.3939, -0.1305], [30.8112, -0.1305]]]",0.5902,0.0,0.0,0.0,0.0,0.0,0.0,True,"[2, 2, 2]",0.0,0.0,0.0,1.6729,4.0,1.4884,1.7153,1.9641,1.0041,1.3465,1.6729,"[[3.115, -0.065], [5.685, -0.065], [8.397, -0.065], [11.823, -0.131], [15.107, -0.131], [16.106, -0.196]]",ok,3.255,0.0,0.0,0.0,0.0,0.0,0.0,0.0,0.0,0.0,aa448108d99f49fc9df2da05914f8ad4,scene-0914,42
0.302,0.0718,1.2559,0.3274,0.3568,0.5867,0.0,0.0,0.0,0.0,0.0,0.0,0.0,0.0,0.0,ok,straight,0.0495,0.2302,0.175,1.3519,0.7378,0.6671,False,"[-0.0653, -0.1305, -0.0653, -0.0]","[-2004.5792, -3705.9156, -5606.0212, -8890.192]","[-2514079.3075, -2515780.6439, -2517680.7496, -2520964.9203]","[0.841, 1.191, 2.666, 1.659]","[[[2.5437, -2.6763], [4.828, 0.0], [7.5405, -0.0653], [9.3964, -0.0653], [11.1096, -0.1305], [12.5373, -0.1305]], [[2.5437, -2.6763], [4.828, 0.0], [7.5405, -0.0653], [9.3964, -0.0653], [14.536, -0.1305], [15.3926, -0.2611]], [[2.5437, -2.6763], [4.828, 0.0], [7.5405, -0.0653], [9.3964, -0.0653], [17.3913, -0.1305], [21.3887, 0.1305]], [[2.5437, -2.6763], [4.828, 0.0], [7.5405, -0.0653], [9.3964, -0.0653], [14.8215, -0.3916], [9.682, 0.0]]]",0.6863,0.0,0.0,0.0,1.0,1.0,1.0,False,"[2, 2, 2]",0.5,0.25,0.16666666666666666,0.8408,4.0,0.0495,0.2302,1.2559,1.3519,0.7378,0.8408,"[[2.544, -2.676], [4.828, 0.0], [7.541, -0.065], [9.396, -0.065], [12.823, -0.131], [13.965, -0.196]]",ok,2.6663,0.0,0.0,0.0,0.0,0.0,0.0,0.0,0.0,0.0,39ac0d94ecaa4c32a779975bad9502df,scene-0914,42
0.1809,0.5246,3.2302,0.1996,0.4067,0.95,0.0,0.0,0.0,0.0,0.0,0.0,0.0,0.0,0.0,ok,straight,0.8544,0.7891,3.2399,0.7492,0.9729,1.3613,False,"[-0.8486, -1.0444, -0.5875, -3.1985]","[-1149.0713, -2517.44, -6084.5822, -7709.0819]","[-1503617.8866, -1504986.2552, -1508553.3974, -1510177.8972]","[1.17, 1.578, 2.046, 2.764]","[[[2.401, 0.1305], [4.3997, 0.3264], [5.6846, -0.9791], [7.6833, 0.7833], [9.1109, 0.7833], [10.5386, 1.6971]], [[2.401, 0.1305], [4.3997, 0.3264], [5.6846, -0.9791], [7.6833, 0.7833], [8.2543, 0.5222], [13.3939, 2.0888]], [[2.401, 0.1305], [4.3997, 0.3264], [5.6846, -0.9791], [7.6833, 0.7833], [11.3952, 5.4831], [11.6807, 1.1749]], [[2.401, 0.1305], [4.3997, 0.3264], [5.6846, -0.9791], [7.6833, 0.7833], [8.8254, 1.9582], [17.1058, -6.3969]]]",0.5928,0.0,0.0,0.0,0.0,0.0,0.0,False,"[2, 2, 2]",0.0,0.0,0.0,1.1696,4.0,0.8544,0.7891,1.803,0.7492,0.9729,1.1696,"[[2.401, 0.131], [4.4, 0.326], [5.685, -0.979], [7.683, 0.783], [8.683, 0.653], [11.966, 1.893]]",ok,2.7644,0.0,0.0,0.0,0.0,0.0,0.0,0.0,0.0,0.0,98605ed784f7455bb52d1994cdbaaaac,scene-0914,42
1.2081,5.5382,11.8355,0.8026,2.4121,5.119,0.0,0.0,0.0,0.0,0.0,0.0,0.0,0.0,0.0,ok,left,0.9162,5.7992,12.0024,0.6775,2.5875,5.0754,True,"[-2.7415, -2.3499, -2.6763, -3.5901]","[-2114.8998, -2473.8012, -24129.4222, -25804.5627]","[-1505303.4712, -1505662.3727, -1527317.9936, -1528993.1342]","[5.323, 4.844, 3.855, 4.697]","[[[1.6871, -0.1958], [2.401, -0.1305], [6.2556, -1.2402], [6.5412, -2.7415], [8.5399, -4.5692], [9.1109, -5.4831]], [[1.6871, -0.1958], [2.401, -0.1305], [6.2556, -1.2402], [6.5412, -2.7415], [7.9688, -2.3499], [11.1096, -4.6998]], [[1.6871, -0.1958], [2.401, -0.1305], [6.2556, -1.2402], [6.5412, -2.7415], [7.9688, 4.3081], [7.3977, -5.3525]], [[1.6871, -0.1958], [2.401, -0.1305], [6.2556, -1.2402], [6.5412, -2.7415], [10.5386, 2.8721], [5.6846, -7.1802]]]",0.5293,0.0,0.0,0.0,0.0,0.0,0.0,False,"[2, 2, 2]",0.0,0.0,0.0,3.8552,4.0,0.9162,5.7992,12.3553,0.6775,2.5875,3.8552,"[[1.687, -0.196], [2.401, -0.131], [6.256, -1.24], [6.541, -2.742], [8.254, -3.46], [10.11, -5.091]]",ok,5.3229,0.0,0.0,0.0,0.0,0.0,0.0,0.0,0.0,0.0,7f8368b7a14341b3bef03a7aec63f9b5,scene-0915,42
3.5535,6.5803,9.2083,2.6056,4.1362,5.6626,0.0,0.0,0.0,0.0,0.0,0.0,0.0,0.0,0.0,ok,straight,3.5524,7.5796,7.0669,2.605,4.3859,5.5198,True,"[-0.1305, -0.1305, -0.5222, -0.0]","[-318.3941, -1057.6128, -2274.4391, -17127.4127]","[1.8466, -1001056.8037, -1002273.6299, -1017126.6036]","[5.734, 5.306, 5.026, 8.256]","[[[3.1148, 0.0], [5.399, -0.0653], [8.5399, -0.0653], [10.1103, -0.1305], [13.1083, -0.1305], [16.8202, -0.2611]], [[3.1148, 0.0], [5.399, -0.0653], [8.5399, -0.0653], [10.1103, -0.1305], [12.5373, -0.1305], [19.9611, -0.2611]], [[3.1148, 0.0], [5.399, -0.0653], [8.5399, -0.0653], [10.1103, -0.1305], [15.9636, -0.2611], [18.2479, -1.0444]], [[3.1148, 0.0], [5.399, -0.0653], [8.5399, -0.0653], [10.1103, -0.1305], [14.2505, -0.3916], [0.545, 0.0]]]",1.2814,0.0,0.0,0.0,0.0,0.0,0.0,True,"[2, 2, 2]",0.0,0.0,0.0,5.0258,4.0,3.5524,7.5796,7.2449,2.605,4.3859,5.0258,"[[3.115, 0.0], [5.399, -0.065], [8.54, -0.065], [10.11, -0.131], [12.823, -0.131], [18.391, -0.261]]",ok,8.2565,0.0,0.0,0.0,0.0,0.0,0.0,0.0,0.0,0.0,cbd9af2921154c46bf9a5da785624d5f,scene-0915,42
2.0743,4.8139,8.6737,1.4492,2.9801,4.4815,0.0,0.0,0.0,0.0,0.0,0.0,0.0,0.0,0.0,ok,straight,2.9298,5.813,8.6709,1.9482,3.6221,5.0275,False,"[-0.0653, -0.1305, -0.1958, -0.0653]","[-424.034, -43.6711, -4276.1469, -6146.3067]","[4.5595, 3.501, -1004273.3833, -1006143.5431]","[5.147, 4.91, 6.206, 4.054]","[[[2.972, 0.0], [5.399, -0.0653], [7.9688, -0.1305], [11.2524, -0.1305], [12.8228, 0.3916], [16.2492, -0.1305]], [[2.972, 0.0], [5.399, -0.0653], [7.9688, -0.1305], [11.2524, -0.1305], [14.2505, -0.1305], [16.2492, -0.2611]], [[2.972, 0.0], [5.399, -0.0653], [7.9688, -0.1305], [11.2524, -0.1305], [14.536, -0.9138], [8.2543, 0.3916]], [[2.972, 0.0], [5.399, -0.0653], [7.9688, -0.1305], [11.2524, -0.1305], [18.8189, -0.1305], [16.8202, -0.1305]]]",0.7673,0.0,0.0,0.0,0.0,0.0,0.0,True,"[2, 2, 2]",0.0,0.0,0.0,4.0538,4.0,2.9298,5.813,8.0978,1.9482,3.6221,4.0538,"[[2.972, 0.0], [5.399, -0.065], [7.969, -0.131], [11.252, -0.131], [13.537, 0.131], [16.249, -0.196]]",ok,6.2063,0.0,0.0,0.0,0.0,0.0,0.0,0.0,0.0,0.0,35afe50d131847739f3221c6ffb88d42,scene-0915,42
3.1451,6.2376,8.8972,2.1677,3.6749,5.1195,0.0,0.0,0.0,0.0,0.0,0.0,0.0,0.0,0.0,ok,straight,3.1451,5.1345,8.041,2.2391,3.3315,4.4629,True,"[-0.1305, -0.1305, -0.0, -3.9165]","[-449.5363, -1957.2722, -8800.3028, -75056.8471]","[1.9277, -1001956.5755, -1008799.6062, -1075056.1504]","[4.843, 4.084, 5.462, 5.405]","[[[2.972, 0.0], [5.399, 0.0], [8.9682, -0.3916], [11.6807, 0.5875], [13.9649, -0.1305], [15.9636, -0.2611]], [[2.972, 0.0], [5.399, 0.0], [8.9682, -0.3916], [11.6807, 0.5875], [16.8202, -0.3916], [17.6768, -0.2611]], [[2.972, 0.0], [5.399, 0.0], [8.9682, -0.3916], [11.6807, 0.5875], [9.1109, -0.3916], [17.1058, 0.0]], [[2.972, 0.0], [5.399, 0.0], [8.9682, -0.3916], [11.6807, 0.5875], [29.6691, 0.1305], [18.2479, -7.833]]]",0.5546,0.0,0.0,0.0,0.0,0.0,0.0,True,"[2, 2, 2]",0.0,0.0,0.0,4.0841,4.0,3.1451,5.1345,7.1848,2.2391,3.3315,4.0841,"[[2.972, 0.0], [5.399, 0.0], [8.968, -0.392], [11.681, 0.587], [15.393, -0.261], [16.82, -0.261]]",ok,5.4618,0.0,0.0,0.0,0.0,0.0,0.0,0.0,0.0,0.0,88bbcc1cfea447b2a3d6ca38f5c12174,scene-0915,42
0.3975,0.6486,1.1709,0.369,0.3882,0.6424,0.0,0.0,0.0,0.0,0.0,0.0,0.0,0.0,0.0,ok,right,0.6327,0.6226,1.4502,0.3576,0.4408,0.6845,False,"[2.7415, 4.047, -8.2899, -2.4804]","[-101.39, -1500.1167, -7821.7743, -14065.4825]","[3.873, -1001498.0506, -1007819.7082, -1014063.4163]","[0.678, 1.27, 4.976, 2.645]","[[[1.9727, -0.1305], [3.4003, -0.5875], [5.1135, -1.6319], [6.8267, -2.0235], [7.9688, -3.1332], [9.1109, -5.4831]], [[1.9727, -0.1305], [3.4003, -0.5875], [5.1135, -1.6319], [6.8267, -2.0235], [8.5399, -6.1358], [12.8228, -8.0941]], [[1.9727, -0.1305], [3.4003, -0.5875], [5.1135, -1.6319], [6.8267, -2.0235], [5.6846, 1.0444], [7.6833, 16.5798]], [[1.9727, -0.1305], [3.4003, -0.5875], [5.1135, -1.6319], [6.8267, -2.0235], [11.9662, -4.5692], [7.3977, 4.9609]]]",1.6537,0.0,0.0,0.0,0.0,0.0,0.0,True,"[2, 2, 2]",0.0,0.0,0.0,0.6775,4.0,0.6327,0.6226,1.1709,0.3576,0.4408,0.6775,"[[1.973, -0.131], [3.4, -0.587], [5.113, -1.632], [6.827, -2.024], [8.254, -4.635], [10.967, -6.789]]",ok,4.9759,0.0,0.0,0.0,0.0,0.0,0.0,0.0,0.0,0.0,b5989651183643369174912bc5641d3b,scene-0916,42
1.5665,2.2969,2.0707,1.0734,1.4402,1.7174,0.0,0.0,0.0,0.0,0.0,0.0,0.0,0.0,0.0,ok,right,0.4299,1.6334,4.2571,0.8599,0.9905,1.9718,False,"[2.2846, -2.0888, -3.2637, -8.2899]","[-348.2228, -3792.6855, -5021.1629, -6963.5309]","[-1001553.2131, -2005348.7889, -2006577.2663, -2008519.6343]","[1.418, 2.871, 3.2, 5.061]","[[[0.9733, 0.0], [3.9714, -0.4569], [5.9701, -1.3055], [6.6839, -1.3055], [7.3977, -2.4804], [9.1109, -4.5692]], [[0.9733, 0.0], [3.9714, -0.4569], [5.9701, -1.3055], [6.6839, -1.3055], [5.399, -1.0444], [10.8241, 4.1776]], [[0.9733, 0.0], [3.9714, -0.4569], [5.9701, -1.3055], [6.6839, -1.3055], [5.6846, -1.436], [10.253, 6.5275]], [[0.9733, 0.0], [3.9714, -0.4569], [5.9701, -1.3055], [6.6839, -1.3055], [6.5412, 1.436], [8.8254, 16.5798]]]",1.2973,0.0,0.0,0.0,0.0,0.0,0.0,False,"[2, 2, 2]",0.0,0.0,0.0,1.4176,4.0,0.4299,1.6334,2.0707,0.8599,0.9905,1.4176,"[[0.973, 0.0], [3.971, -0.457], [5.97, -1.305], [6.684, -1.305], [6.398, -1.762], [9.968, -0.196]]",ok,5.0608,0.0,0.0,1.0,0.0,0.0,1.0,0.0,0.0,0.16666666666666666,858a1ece22cf45d9bc71e42336604b78,scene-0916,42
0.1679,0.1633,0.2159,0.2851,0.2252,0.297,0.0,0.0,0.0,0.0,0.0,0.0,0.0,0.0,0.0,ok,straight,0.7389,2.1338,5.4148,0.642,1.0754,1.8009,False,"[-0.0, -0.5222, -0.2611, -0.3264]","[-1555.5564, -1733.4989, -3912.5246, -10482.2875]","[-1001553.9142, -1001731.8568, -1003910.8825, -1010480.6453]","[0.927, 2.685, 1.819, 2.787]","[[[3.2576, 0.0], [6.2556, 0.0], [9.2537, 0.0653], [13.3939, -0.1958], [13.6794, 0.0], [16.8202, 0.0]], [[3.2576, 0.0], [6.2556, 0.0], [9.2537, 0.0653], [13.3939, -0.1958], [12.8228, 0.0], [7.1122, -1.0444]], [[3.2576, 0.0], [6.2556, 0.0], [9.2537, 0.0653], [13.3939, -0.1958], [14.536, 0.3916], [23.3874, 0.5222]], [[3.2576, 0.0], [6.2556, 0.0], [9.2537, 0.0653], [13.3939, -0.1958], [14.536, -1.0444], [28.8125, 0.6527]]]",0.7519,0.0,0.0,0.0,0.0,0.0,0.0,False,"[2, 2, 2]",0.0,0.0,0.0,0.9265,4.0,0.7389,2.1338,0.5925,0.642,1.0754,0.9265,"[[3.258, 0.0], [6.256, 0.0], [9.254, 0.065], [13.394, -0.196], [13.251, 0.0], [11.966, -0.522]]",ok,2.7867,0.0,0.0,0.0,0.0,0.0,0.0,0.0,0.0,0.0,8573a885a7cb41d185c05029eeb9a54e,scene-0916,42
0.3109,0.3657,1.5434,0.3046,0.2866,0.5902,0.0,0.0,0.0,0.0,0.0,0.0,0.0,0.0,0.0,ok,left,0.6038,1.9073,6.4,0.6649,1.3964,2.0509,False,"[2.3499, 8.2899, 2.8721, -8.2899]","[-5441.0102, -16787.8551, -150403.3576, -150546.6755]","[-1513841.8693, -1525188.7142, -1658804.2167, -1658947.5346]","[1.24, 3.056, 5.01, 6.937]","[[[1.5444, 0.1305], [3.6858, 0.5875], [3.8286, 0.6527], [9.682, 2.0888], [9.9675, 3.0026], [11.1096, 4.6998]], [[1.5444, 0.1305], [3.6858, 0.5875], [3.8286, 0.6527], [9.682, 2.0888], [8.8254, 3.1332], [13.6794, 16.5798]], [[1.5444, 0.1305], [3.6858, 0.5875], [3.8286, 0.6527], [9.682, 2.0888], [17.6768, -16.5798], [12.8228, 5.7442]], [[1.5444, 0.1305], [3.6858, 0.5875], [3.8286, 0.6527], [9.682, 2.0888], [12.8228, 16.5798], [16.5347, -16.5798]]]",2.1296,0.0,0.0,0.0,0.0,0.0,0.0,False,"[2, 2, 2]",0.0,0.0,0.0,1.2395,4.0,0.6038,1.9073,0.9728,0.6649,1.3964,1.2395,"[[1.544, 0.131], [3.686, 0.587], [3.829, 0.653], [9.682, 2.089], [9.396, 3.068], [12.395, 10.64]]",ok,6.9365,0.0,0.0,1.0,0.0,0.0,1.0,0.0,0.0,0.16666666666666666,e54b784a608644a2804fcf800c7499f7,scene-0916,42
2.4076,4.2474,6.0601,1.9403,2.8366,3.7127,0.0,0.0,0.0,0.0,0.0,0.0,0.0,0.0,0.0,ok,straight,2.5503,5.6947,5.5036,2.0831,4.5549,5.3885,False,"[-0.5222, -0.2611, -8.2899, -6.2011]","[-7601.6828, -27686.4743, -31399.7167, -48728.841]","[-1530978.7042, -1551063.4956, -1554776.738, -1572105.8623]","[4.763, 6.02, 6.878, 9.916]","[[[3.5431, 0.0], [6.6839, 0.1305], [14.8215, 0.3916], [14.536, 0.9791], [16.2492, 0.7833], [19.39, 1.0444]], [[3.5431, 0.0], [6.6839, 0.1305], [14.8215, 0.3916], [14.536, 0.9791], [23.6729, 2.2193], [19.39, 0.5222]], [[3.5431, 0.0], [6.6839, 0.1305], [14.8215, 0.3916], [14.536, 0.9791], [14.8215, -0.5222], [25.6716, 16.5798]], [[3.5431, 0.0], [6.6839, 0.1305], [14.8215, 0.3916], [14.536, 0.9791], [18.5334, -13.3161], [35.3797, -12.4022]]]",1.8998,0.0,0.0,0.0,0.0,0.0,0.0,False,"[2, 2, 2]",0.0,0.0,0.0,4.7631,4.0,2.5503,5.6947,5.4893,2.0831,4.5549,4.7631,"[[3.543, 0.0], [6.684, 0.131], [14.822, 0.392], [14.536, 0.979], [19.961, 1.501], [19.39, 0.783]]",ok,9.9159,0.0,0.0,0.0,0.0,0.0,0.0,0.0,0.0,0.0,8c5c08c818d247ee9de5aa08e6762003,scene-0917,42
0.0888,0.1624,0.8015,0.136,0.1499,0.3595,0.0,0.0,0.0,0.0,0.0,0.0,0.0,0.0,0.0,ok,straight,0.2258,0.3953,3.185,0.2358,0.2911,0.8544,False,"[-0.0, -0.0653, -0.0, -0.2611]","[-37.283, -549.1251, -3582.5954, -7149.9352]","[3.7591, -1000547.1123, -1003580.5825, -1007147.9224]","[0.544, 1.168, 0.979, 1.337]","[[[1.5444, 0.0], [2.6865, 0.0], [3.8286, 0.0], [4.2569, 0.0], [5.1135, 0.0], [5.9701, 0.0]], [[1.5444, 0.0], [2.6865, 0.0], [3.8286, 0.0], [4.2569, 0.0], [5.1135, -0.1305], [2.2582, -0.1305]], [[1.5444, 0.0], [2.6865, 0.0], [3.8286, 0.0], [4.2569, 0.0], [1.6871, 0.0], [6.8267, 0.0]], [[1.5444, 0.0], [2.6865, 0.0], [3.8286, 0.0], [4.2569, 0.0], [1.4016, 0.0], [9.682, 0.5222]]]",0.2956,0.0,0.0,0.0,0.0,0.0,0.0,True,"[2, 2, 2]",0.0,0.0,0.0,0.5442,4.0,0.2258,0.3953,1.3444,0.2358,0.2911,0.5442,"[[1.544, 0.0], [2.686, 0.0], [3.829, 0.0], [4.257, 0.0], [5.113, -0.065], [4.114, -0.065]]",ok,1.3369,0.0,0.0,0.0,0.0,0.0,0.0,0.0,0.0,0.0,de8043171d774855a2a0059c4c0e14f6,scene-0917,42
0.6087,0.4987,2.0584,0.5681,0.619,0.8547,0.0,0.0,0.0,0.0,0.0,0.0,0.0,0.0,0.0,ok,straight,0.2147,0.5223,3.6311,0.2997,0.4002,1.0917,False,"[-0.4569, -1.3708, -1.2402, -0.5222]","[-537.3433, -804.7503, -6645.0329, -7241.6073]","[4.3065, -1000802.5551, -1006642.8377, -1007239.4121]","[0.963, 1.247, 1.577, 2.106]","[[[0.9733, 0.0], [2.1154, -0.0653], [2.401, 0.3264], [2.8293, -0.3916], [5.1135, -0.6527], [5.1135, -0.9138]], [[0.9733, 0.0], [2.1154, -0.0653], [2.401, 0.3264], [2.8293, -0.3916], [3.4003, -0.5222], [7.6833, -2.7415]], [[0.9733, 0.0], [2.1154, -0.0653], [2.401, 0.3264], [2.8293, -0.3916], [-0.026, 0.0], [7.3977, 2.4804]], [[0.9733, 0.0], [2.1154, -0.0653], [2.401, 0.3264], [2.8293, -0.3916], [8.2543, 3.2637], [8.2543, 1.0444]]]",0.4251,0.0,0.0,0.0,0.0,0.0,0.0,True,"[2, 2, 2]",0.0,0.0,0.0,0.9633,4.0,0.2147,0.5223,2.0584,0.2997,0.4002,0.9633,"[[0.973, 0.0], [2.115, -0.065], [2.401, 0.326], [2.829, -0.392], [4.257, -0.587], [6.398, -1.828]]",ok,2.1062,0.0,0.0,0.0,0.0,0.0,0.0,0.0,0.0,0.0,a79ec336177c4db6a5579b335af98991,scene-0917,42
0.4073,0.6625,1.5095,0.2484,0.5287,0.6801,0.0,0.0,0.0,0.0,0.0,0.0,0.0,0.0,0.0,ok,left,0.577,0.8331,4.8737,0.3332,0.4381,1.4015,False,"[2.3499, 8.2899, -4.3081, 1.6971]","[-798.1888, -2259.6941, -8660.8115, -82501.3323]","[-501000.4756, -1503260.9128, -1509662.0301, -1583502.5509]","[0.62, 2.659, 4.429, 4.163]","[[[1.6871, 0.1305], [3.8286, 0.4569], [4.9707, 1.7624], [7.6833, 2.5457], [8.5399, 4.5692], [9.9675, 4.6998]], [[1.6871, 0.1305], [3.8286, 0.4569], [4.9707, 1.7624], [7.6833, 2.5457], [10.8241, 7.0497], [9.9675, 16.5798]], [[1.6871, 0.1305], [3.8286, 0.4569], [4.9707, 1.7624], [7.6833, 2.5457], [13.1083, -5.0914], [12.5373, -8.6163]], [[1.6871, 0.1305], [3.8286, 0.4569], [4.9707, 1.7624], [7.6833, 2.5457], [9.3964, -12.6633], [5.1135, 3.3943]]]",1.5142,0.0,0.0,0.0,0.0,0.0,0.0,False,"[2, 2, 2]",0.0,0.0,0.0,0.6197,4.0,0.577,0.8331,1.5095,0.3332,0.4381,0.6197,"[[1.687, 0.131], [3.829, 0.457], [4.971, 1.762], [7.683, 2.546], [9.682, 5.809], [9.968, 10.64]]",ok,4.4286,0.0,0.0,0.0,0.0,0.0,0.0,0.0,0.0,0.0,b34a0291b41b46988afe5cca72668bcb,scene-0917,42
0.3574,1.0661,1.1388,0.255,0.6184,0.7472,0.0,0.0,0.0,0.0,0.0,0.0,0.0,0.0,0.0,ok,straight,0.2301,1.0426,3.111,0.408,0.5288,1.2507,False,"[-0.0653, -0.1958, -1.893, -3.0026]","[-243.0981, -275.0338, -17616.8489, -18576.5794]","[-500393.3044, -500393.4146, -1518012.1541, -1518971.8847]","[0.687, 1.901, 2.36, 4.478]","[[[3.8286, -0.0653], [8.6826, 0.0], [13.2511, 0.5222], [16.8202, 0.1958], [21.6742, 0.1305], [25.9572, 0.1305]], [[3.8286, -0.0653], [8.6826, 0.0], [13.2511, 0.5222], [16.8202, 0.1958], [18.5334, -0.2611], [21.1032, 0.3916]], [[3.8286, -0.0653], [8.6826, 0.0], [13.2511, 0.5222], [16.8202, 0.1958], [29.098, 0.1305], [27.9559, -3.7859]], [[3.8286, -0.0653], [8.6826, 0.0], [13.2511, 0.5222], [16.8202, 0.1958], [24.8151, -9.1385], [39.0915, -6.0053]]]",1.3686,0.0,0.0,0.0,0.0,0.0,0.0,True,"[2, 2, 2]",0.0,0.0,0.0,0.6875,4.0,0.2301,1.0426,1.1388,0.408,0.5288,0.6875,"[[3.829, -0.065], [8.683, 0.0], [13.251, 0.522], [16.82, 0.196], [20.104, -0.065], [23.53, 0.261]]",ok,4.4776,0.0,0.0,0.0,0.0,0.0,0.0,0.0,0.0,0.0,bd0c27135b3c43c6b0e59f03fdf441cb,scene-0919,42
1.1872,2.4736,4.1085,0.711,1.4028,2.2309,0.0,0.0,0.0,0.0,0.0,0.0,0.0,0.0,0.0,ok,straight,1.7475,2.8841,3.1615,1.1315,1.9592,2.3892,False,"[-0.3916, -0.8486, -0.1305, -0.6527]","[-64.5386, -94.9179, -10872.4912, -18320.3361]","[3.6776, 1.9852, -1010870.1777, -1018318.0227]","[2.7, 2.082, 2.898, 2.942]","[[[2.8293, 0.0], [5.1135, 0.0], [7.5405, 0.1305], [10.6813, 0.2611], [13.1083, 0.2611], [15.3926, 0.7833]], [[2.8293, 0.0], [5.1135, 0.0], [7.5405, 0.1305], [10.6813, 0.2611], [13.6794, 0.9138], [18.2479, 1.6971]], [[2.8293, 0.0], [5.1135, 0.0], [7.5405, 0.1305], [10.6813, 0.2611], [9.3964, -0.3916], [21.1032, 0.2611]], [[2.8293, 0.0], [5.1135, 0.0], [7.5405, 0.1305], [10.6813, 0.2611], [8.2543, 3.7859], [20.8176, 1.3055]]]",0.3435,0.0,0.0,0.0,0.0,0.0,0.0,True,"[2, 2, 2]",0.0,0.0,0.0,2.0819,4.0,1.7475,2.8841,1.6702,1.1315,1.9592,2.0819,"[[2.829, 0.0], [5.113, 0.0], [7.541, 0.131], [10.681, 0.261], [13.394, 0.587], [16.82, 1.24]]",ok,2.9418,0.0,0.0,0.0,0.0,0.0,0.0,0.0,0.0,0.0,ee810fe8a5f94d5c9c33f6dad8c47383,scene-0919,42
0.8307,1.5358,1.4819,0.565,1.1155,1.1973,0.0,0.0,0.0,0.0,0.0,0.0,0.0,0.0,0.0,ok,left,7.6509,11.583,2.0751,3.9081,5.4922,4.2514,False,"[0.8486, 0.9138, 0.1305, 0.3916]","[-77363.1822, -88565.3149, -116074.8828, -421718.4588]","[-2629912.2701, -2641114.4028, -2668623.9707, -2974267.5467]","[4.115, 4.607, 6.072, 14.676]","[[[3.5431, 0.0], [6.5411, -7.2455], [7.826, 0.1958], [10.6813, 12.7286], [15.3926, 1.0444], [17.3913, 1.6971]], [[3.5431, 0.0], [6.5411, -7.2455], [7.826, 0.1958], [10.6813, 12.7286], [18.8189, 0.7833], [15.9636, 1.8277]], [[3.5431, 0.0], [6.5411, -7.2455], [7.826, 0.1958], [10.6813, 12.7286], [15.107, -3.1332], [9.682, 0.2611]], [[3.5431, 0.0], [6.5411, -7.2455], [7.826, 0.1958], [10.6813, 12.7286], [12.5373, -12.5328], [69.6432, 0.7833]]]",4.2804,0.0,0.0,0.0,0.0,0.0,0.0,False,"[2, 2, 2]",0.0,0.0,0.0,4.1151,4.0,7.6509,11.583,1.4819,3.9081,5.4922,4.1151,"[[3.543, 0.0], [6.541, -7.246], [7.826, 0.196], [10.681, 12.729], [17.106, 0.914], [16.677, 1.762]]",ok,14.6756,0.0,0.0,0.0,0.0,0.0,0.0,0.0,0.0,0.0,9ee74c648944413f9019afc2e222c088,scene-0919,42
2.6413,4.2736,6.1485,1.7399,2.5993,3.6221,0.0,1.0,0.0,0.0,1.0,1.0,0.0,0.25,0.16666666666666666,ok,left,3.074,6.2837,9.0371,2.0983,4.4221,5.285,False,"[2.2846, 1.893, -5.0914, 8.2899]","[-32504.2288, -42668.7884, -48506.9968, -51636.7687]","[-1607724.1411, -1617888.7006, -1623726.9091, -1626856.681]","[4.927, 5.659, 7.073, 6.968]","[[[2.8293, 0.1958], [6.3984, 0.4569], [7.1122, 8.6816], [12.68, 1.9582], [13.6794, 2.4804], [15.3926, 4.5692]], [[2.8293, 0.1958], [6.3984, 0.4569], [7.1122, 8.6816], [12.68, 1.9582], [11.3952, 2.2193], [21.6742, 3.7859]], [[2.8293, 0.1958], [6.3984, 0.4569], [7.1122, 8.6816], [12.68, 1.9582], [13.9649, 3.1332], [18.8189, -10.1829]], [[2.8293, 0.1958], [6.3984, 0.4569], [7.1122, 8.6816], [12.68, 1.9582], [14.8215, -2.0888], [19.9611, 16.5798]]]",0.9024,0.0,1.0,0.0,0.0,1.0,1.0,False,"[2, 2, 2]",0.0,0.25,0.16666666666666666,4.927,4.0,3.074,6.2837,5.8936,2.0983,4.4221,4.927,"[[2.829, 0.196], [6.398, 0.457], [7.112, 8.682], [12.68, 1.958], [12.537, 2.35], [18.533, 4.178]]",ok,7.0727,0.0,1.0,0.0,0.0,1.0,1.0,0.0,0.25,0.16666666666666666,188fe79624af4474b8b720e2282b406a,scene-0919,42
0.7358,2.25,6.1741,0.4061,1.1057,2.429,0.0,0.0,0.0,0.0,0.0,0.0,0.0,0.0,0.0,ok,right,1.5203,3.3978,7.1797,0.8907,1.7606,3.1272,False,"[-1.3708, -1.436, -0.8486, 0.3264]","[-1002.357, -1483.357, -9526.2987, -71375.4329]","[-1502860.0959, -1503341.096, -1511384.0376, -1573233.1718]","[3.365, 2.925, 3.151, 5.184]","[[[2.5437, 0.0], [6.1129, -0.2611], [8.6826, -0.0653], [9.2537, 2.1541], [11.9662, 2.8721], [17.6768, 2.7415]], [[2.5437, 0.0], [6.1129, -0.2611], [8.6826, -0.0653], [9.2537, 2.1541], [11.9662, 1.6971], [14.8215, 2.8721]], [[2.5437, 0.0], [6.1129, -0.2611], [8.6826, -0.0653], [9.2537, 2.1541], [15.3926, 3.1332], [11.1096, 1.6971]], [[2.5437, 0.0], [6.1129, -0.2611], [8.6826, -0.0653], [9.2537, 2.1541], [12.8228, 16.5798], [16.8202, -0.6527]]]",0.8957,0.0,0.0,0.0,0.0,0.0,0.0,True,"[2, 2, 2]",0.0,0.0,0.0,2.9248,4.0,1.5203,3.3978,6.5292,0.8907,1.7606,2.9248,"[[2.544, 0.0], [6.113, -0.261], [8.683, -0.065], [9.254, 2.154], [11.966, 2.285], [16.249, 2.807]]",ok,5.184,0.0,0.0,0.0,0.0,0.0,0.0,0.0,0.0,0.0,e8a25125ab404726ab03976d3871c460,scene-0920,42
2.5619,3.9164,4.3486,1.91,2.6893,3.284,0.0,0.0,0.0,0.0,0.0,0.0,0.0,0.0,0.0,ok,right,3.2714,2.7294,5.2261,2.5553,2.4696,3.986,False,"[2.2846, 2.5457, 0.8486, 2.4152]","[-916.0073, -25804.9043, -115804.5644, -138523.7468]","[-501618.3275, -1527424.806, -1617424.4661, -1640143.6484]","[3.166, 4.817, 11.951, 6.032]","[[[3.6858, -0.2611], [7.255, -0.5222], [8.3971, -0.8486], [11.5379, -1.893], [16.2492, -3.1332], [18.2479, -4.5692]], [[3.6858, -0.2611], [7.255, -0.5222], [8.3971, -0.8486], [11.5379, -1.893], [24.5295, -3.3943], [19.9611, -5.0914]], [[3.6858, -0.2611], [7.255, -0.5222], [8.3971, -0.8486], [11.5379, -1.893], [17.6768, -4.5692], [69.6432, -1.6971]], [[3.6858, -0.2611], [7.255, -0.5222], [8.3971, -0.8486], [11.5379, -1.893], [20.2466, 16.5798], [20.2466, -4.8303]]]",3.3122,0.0,0.0,0.0,0.0,0.0,0.0,False,"[2, 2, 2]",0.0,0.0,0.0,3.1661,4.0,3.2714,2.7294,4.3486,2.5553,2.4696,3.1661,"[[3.686, -0.261], [7.255, -0.522], [8.397, -0.849], [11.538, -1.893], [20.389, -3.264], [19.104, -4.83]]",ok,11.9514,0.0,0.0,0.0,0.0,0.0,0.0,0.0,0.0,0.0,fb87cdcfffbf4792b5e7c4fd87d97a54,scene-0920,42
4.1001,7.1248,11.2954,2.9208,4.6664,6.5814,0.0,0.0,0.0,0.0,0.0,0.0,0.0,0.0,0.0,ok,straight,4.9566,7.2701,9.4406,3.4198,4.8094,6.5592,True,"[-0.718, -0.5875, -1.0444, -1.1749]","[-1012.8015, -2823.8716, -7959.004, -101983.078]","[3.0766, -1002822.1268, -1007957.2591, -1101981.3332]","[6.248, 6.87, 6.631, 5.989]","[[[3.2576, -0.0653], [7.3977, -0.1958], [8.8254, -0.3916], [12.3945, -0.718], [16.2492, -1.1749], [17.3913, -1.436]], [[3.2576, -0.0653], [7.3977, -0.1958], [8.8254, -0.3916], [12.3945, -0.718], [18.5334, -1.5666], [18.8189, -1.1749]], [[3.2576, -0.0653], [7.3977, -0.1958], [8.8254, -0.3916], [12.3945, -0.718], [12.5373, -0.7833], [23.3874, -2.0888]], [[3.2576, -0.0653], [7.3977, -0.1958], [8.8254, -0.3916], [12.3945, -0.718], [-2.8813, -0.2611], [15.6781, -2.3499]]]",0.3397,0.0,0.0,0.0,0.0,0.0,0.0,False,"[2, 2, 2]",0.0,0.0,0.0,5.989,4.0,4.9566,7.2701,7.0693,3.4198,4.8094,5.989,"[[3.258, -0.065], [7.398, -0.196], [8.825, -0.392], [12.395, -0.718], [17.391, -1.371], [18.105, -1.305]]",ok,6.8704,0.0,0.0,0.0,0.0,0.0,0.0,0.0,0.0,0.0,b423cc4e44fd40cf920fff82810a93aa,scene-0920,42
2.5177,4.2606,5.8542,1.9498,2.9736,3.8612,0.0,0.0,0.0,0.0,0.0,0.0,0.0,0.0,0.0,ok,straight,3.2277,3.6982,5.0516,2.3762,2.6881,4.0123,False,"[-0.1305, -0.1958, -0.1305, -0.5222]","[-773.9142, -14703.9026, -615344.7083, -687251.3649]","[-501876.0662, -1516581.6906, -2117222.4963, -2189129.153]","[3.671, 4.362, 13.325, 12.208]","[[[4.6852, 0.0], [9.8247, -0.0653], [12.5373, -0.3264], [17.6768, -0.0653], [23.3874, -0.1305], [27.9559, -0.2611]], [[4.6852, 0.0], [9.8247, -0.0653], [12.5373, -0.3264], [17.6768, -0.0653], [29.098, 0.0], [26.2427, 0.3916]], [[4.6852, 0.0], [9.8247, -0.0653], [12.5373, -0.3264], [17.6768, -0.0653], [69.6432, 0.2611], [39.6626, -0.2611]], [[4.6852, 0.0], [9.8247, -0.0653], [12.5373, -0.3264], [17.6768, -0.0653], [69.6432, -0.2611], [32.8099, 1.0444]]]",4.3997,0.0,0.0,0.0,0.0,0.0,0.0,False,"[2, 2, 2]",0.0,0.0,0.0,3.6709,4.0,3.2277,3.6982,5.8542,2.3762,2.6881,3.6709,"[[4.685, 0.0], [9.825, -0.065], [12.537, -0.326], [17.677, -0.065], [26.243, -0.065], [27.099, 0.065]]",ok,13.3251,0.0,0.0,0.0,0.0,0.0,0.0,0.0,0.0,0.0,d640474c9a0341fd91f2bd24d6deec25,scene-0920,42
0.3176,0.5274,0.1168,0.2951,0.2933,0.2396,0.0,0.0,0.0,0.0,0.0,0.0,0.0,0.0,0.0,ok,straight,0.3983,0.9494,0.2243,0.2114,0.7449,0.6034,False,"[-0.0, -0.0653, -0.1305, -1.7624]","[-498.2166, -378.457, -1805.1379, -68188.0222]","[-501522.5147, -501522.5992, -1503328.9083, -1569711.7925]","[0.722, 0.558, 1.086, 11.234]","[[[2.8293, 0.0], [6.1129, 0.0], [10.1103, -0.0653], [11.5379, -0.0653], [13.6794, -0.1305], [14.536, 0.0]], [[2.8293, 0.0], [6.1129, 0.0], [10.1103, -0.0653], [11.5379, -0.0653], [13.1083, -0.1305], [15.3926, -0.1305]], [[2.8293, 0.0], [6.1129, 0.0], [10.1103, -0.0653], [11.5379, -0.0653], [11.6807, -0.2611], [17.3913, -0.2611]], [[2.8293, 0.0], [6.1129, 0.0], [10.1103, -0.0653], [11.5379, -0.0653], [22.8163, -0.6527], [69.6432, 3.5248]]]",4.5268,0.0,0.0,0.0,0.0,0.0,0.0,True,"[2, 2, 2]",0.0,0.0,0.0,0.5581,4.0,0.3983,0.9494,0.2215,0.2114,0.7449,0.5581,"[[2.829, 0.0], [6.113, 0.0], [10.11, -0.065], [11.538, -0.065], [13.394, -0.131], [14.964, -0.065]]",ok,11.2336,0.0,0.0,0.0,0.0,0.0,0.0,0.0,0.0,0.0,852e22dbdbbf422e99224c488d7618bf,scene-0921,42
0.1744,1.3541,4.1873,0.1005,0.6254,1.5254,0.0,0.0,0.0,0.0,0.0,0.0,0.0,0.0,0.0,ok,straight,0.2552,2.5058,3.7599,0.2831,1.0056,1.5887,False,"[-0.0, -0.0653, -0.3264, -8.2899]","[-321.5092, -1848.0274, -3754.2729, -15534.0048]","[3.5517, -1001845.9307, -1003752.1762, -1015531.9081]","[1.826, 1.351, 2.212, 4.095]","[[[1.6871, 0.0], [2.1154, 0.0], [3.9714, 0.0653], [5.6846, 0.1958], [5.9701, 0.0], [7.3977, 0.0]], [[1.6871, 0.0], [2.1154, 0.0], [3.9714, 0.0653], [5.6846, 0.1958], [3.9714, 0.0], [6.5412, 0.1305]], [[1.6871, 0.0], [2.1154, 0.0], [3.9714, 0.0653], [5.6846, 0.1958], [4.5424, 0.0], [11.1096, 0.6527]], [[1.6871, 0.0], [2.1154, 0.0], [3.9714, 0.0653], [5.6846, 0.1958], [6.2556, 0.3916], [8.8254, -16.5798]]]",1.0409,0.0,0.0,0.0,0.0,0.0,0.0,True,"[2, 2, 2]",0.0,0.0,0.0,1.3512,4.0,0.2552,2.5058,3.3341,0.2831,1.0056,1.3512,"[[1.687, 0.0], [2.115, 0.0], [3.971, 0.065], [5.685, 0.196], [4.971, 0.0], [6.969, 0.065]]",ok,4.095,0.0,0.0,0.0,0.0,0.0,0.0,0.0,0.0,0.0,ae572fa851ae494a8f9288e627db0be8,scene-0921,42
3.1258,6.5462,8.9458,2.4065,3.976,5.3601,0.0,0.0,0.0,0.0,0.0,0.0,0.0,0.0,0.0,ok,straight,3.4161,7.0394,4.1305,3.0517,4.629,4.789,True,"[-0.0, -2.4804, -2.0235, -0.7833]","[-1379.8567, -3670.3826, -5470.3909, -15425.684]","[-2003299.3825, -2005589.9084, -2007389.9167, -2017345.2099]","[4.172, 5.795, 5.385, 6.742]","[[[2.6865, -0.0653], [3.4003, -0.3264], [5.399, -0.6527], [7.255, 1.0444], [6.2556, 1.5666], [0.8306, 0.0]], [[2.6865, -0.0653], [3.4003, -0.3264], [5.399, -0.6527], [7.255, 1.0444], [7.3977, -3.1332], [9.1109, -4.9609]], [[2.6865, -0.0653], [3.4003, -0.3264], [5.399, -0.6527], [7.255, 1.0444], [7.3977, -1.436], [7.3977, 4.047]], [[2.6865, -0.0653], [3.4003, -0.3264], [5.399, -0.6527], [7.255, 1.0444], [11.9662, -4.5692], [11.3952, 1.5666]]]",0.9227,0.0,0.0,0.0,0.0,0.0,0.0,False,"[2, 2, 2]",0.0,0.0,0.0,4.1719,4.0,3.4161,7.0394,0.826,3.0517,4.629,4.1719,"[[2.686, -0.065], [3.4, -0.326], [5.399, -0.653], [7.255, 1.044], [6.827, -0.783], [4.971, -2.48]]",ok,6.7424,0.0,1.0,0.0,0.0,1.0,1.0,0.0,0.25,0.3333333333333333,c2f07ed47010457db915a4190dfe662f,scene-0921,42
1.3776,2.8436,4.629,0.8865,1.713,2.5059,0.0,0.0,0.0,0.0,0.0,0.0,0.0,0.0,0.0,ok,left,1.9031,2.83,5.948,1.0541,1.9544,2.8866,False,"[0.5222, 0.1305, 1.0444, -1.893]","[-572.2583, -926.7141, -1060.0703, -266241.7941]","[-500614.0999, -1501541.907, -1501675.2632, -1766856.987]","[2.607, 3.194, 2.519, 12.392]","[[[1.4016, -0.0653], [1.1161, 0.0653], [1.8299, 0.1305], [4.3997, -0.1958], [5.1135, 0.6527], [5.6846, 1.0444]], [[1.4016, -0.0653], [1.1161, 0.0653], [1.8299, 0.1305], [4.3997, -0.1958], [3.9714, 0.6527], [2.5437, 0.2611]], [[1.4016, -0.0653], [1.1161, 0.0653], [1.8299, 0.1305], [4.3997, -0.1958], [6.5412, -1.1749], [7.6833, 2.0888]], [[1.4016, -0.0653], [1.1161, 0.0653], [1.8299, 0.1305], [4.3997, -0.1958], [3.1148, 0.6527], [69.6432, -3.7859]]]",4.1731,0.0,0.0,0.0,0.0,0.0,0.0,True,"[2, 2, 2]",0.0,0.0,0.0,2.5187,4.0,1.9031,2.83,2.8211,1.0541,1.9544,2.5187,"[[1.402, -0.065], [1.116, 0.065], [1.83, 0.131], [4.4, -0.196], [4.542, 0.653], [4.114, 0.653]]",ok,12.3921,0.0,0.0,0.0,0.0,0.0,0.0,0.0,0.0,0.0,4fe7d92f1beb403aa1e9228dc8de8365,scene-0921,42
0.3612,0.6633,1.4744,0.2795,0.3792,0.671,0.0,0.0,0.0,0.0,0.0,0.0,0.0,0.0,0.0,ok,straight,0.4957,2.0854,3.8139,0.4165,1.6591,2.0102,False,"[-0.1305, -0.3264, -0.3916, -0.5875]","[-4502.81, -6180.6639, -7360.8126, -70416.5623]","[-1516598.4193, -1518276.2732, -1519456.4219, -1582512.1716]","[1.478, 2.844, 2.049, 3.742]","[[[4.3997, 0.0], [9.9675, -0.1305], [10.5386, -0.1305], [16.8202, -0.1305], [22.2453, -0.1305], [29.098, -0.2611]], [[4.3997, 0.0], [9.9675, -0.1305], [10.5386, -0.1305], [16.8202, -0.1305], [21.6742, -0.1305], [19.6755, -0.6527]], [[4.3997, 0.0], [9.9675, -0.1305], [10.5386, -0.1305], [16.8202, -0.1305], [27.0993, 0.0], [30.2401, -0.7833]], [[4.3997, 0.0], [9.9675, -0.1305], [10.5386, -0.1305], [16.8202, -0.1305], [36.2362, -0.2611], [25.3861, 1.1749]]]",0.8524,0.0,0.0,0.0,0.0,0.0,0.0,False,"[2, 2, 2]",0.0,0.0,0.0,1.4777,4.0,0.4957,2.0854,0.9034,0.4165,1.6591,1.4777,"[[4.4, 0.0], [9.968, -0.131], [10.539, -0.131], [16.82, -0.131], [21.96, -0.131], [24.387, -0.457]]",ok,3.7423,0.0,0.0,0.0,0.0,0.0,0.0,0.0,0.0,0.0,73c335a2a207457ea36cc855b2417bd9,scene-0922,42
2.5693,5.4227,9.7185,2.0359,3.533,5.3059,0.0,0.0,0.0,0.0,0.0,0.0,0.0,0.0,0.0,ok,straight,2.4266,5.9944,7.0052,1.8217,3.3909,4.7353,True,"[-0.1305, -0.0653, -0.0653, -0.1305]","[-36.7478, -1002.0322, -12364.4884, -691814.9751]","[1.233, -1001000.3913, -1012362.8475, -1691813.3342]","[5.211, 4.263, 4.224, 12.539]","[[[4.828, 0.0], [9.5392, 0.0], [14.3932, 0.0], [19.6755, -0.3264], [24.8151, -0.1305], [29.6691, -0.2611]], [[4.828, 0.0], [9.5392, 0.0], [14.3932, 0.0], [19.6755, -0.3264], [24.5295, -0.7833], [24.244, -0.1305]], [[4.828, 0.0], [9.5392, 0.0], [14.3932, 0.0], [19.6755, -0.3264], [18.5334, 1.3055], [29.3835, 0.1305]], [[4.828, 0.0], [9.5392, 0.0], [14.3932, 0.0], [19.6755, -0.3264], [69.6432, -0.5222], [28.8125, -0.2611]]]",3.4752,0.0,0.0,0.0,0.0,0.0,0.0,True,"[2, 2, 2]",0.0,0.0,0.0,4.2235,4.0,2.4266,5.9944,9.4438,1.8217,3.3909,4.2235,"[[4.828, 0.0], [9.539, 0.0], [14.393, 0.0], [19.676, -0.326], [24.672, -0.457], [26.957, -0.196]]",ok,12.5393,0.0,0.0,0.0,0.0,0.0,0.0,0.0,0.0,0.0,670e1b3ad3284258a44ca913f61d6065,scene-0922,42
1.9063,4.218,6.3869,1.2096,2.3237,3.529,0.0,0.0,0.0,0.0,0.0,0.0,0.0,0.0,0.0,ok,straight,0.7694,3.6345,7.0302,0.5698,1.575,3.2079,True,"[-0.0653, -0.5875, -0.1305, -4.7651]","[-115.6206, -202.5905, -1913.1602, -17366.0065]","[-500374.9323, -500375.2107, -1502289.428, -1517742.2744]","[3.03, 3.394, 2.361, 3.289]","[[[2.972, 0.0], [5.9701, 0.0], [8.5399, 0.0], [9.682, 0.3264], [11.1096, 0.1305], [13.6794, 0.1305]], [[2.972, 0.0], [5.9701, 0.0], [8.5399, 0.0], [9.682, 0.3264], [10.253, 0.1305], [12.2517, 1.1749]], [[2.972, 0.0], [5.9701, 0.0], [8.5399, 0.0], [9.682, 0.3264], [14.2505, 0.3916], [14.536, 0.2611]], [[2.972, 0.0], [5.9701, 0.0], [8.5399, 0.0], [9.682, 0.3264], [17.3913, 0.7833], [13.3939, -9.5301]]]",0.402,0.0,0.0,0.0,0.0,0.0,0.0,True,"[2, 2, 2]",0.0,0.0,0.0,2.3614,4.0,0.7694,3.6345,5.5206,0.5698,1.575,2.3614,"[[2.972, 0.0], [5.97, 0.0], [8.54, 0.0], [9.682, 0.326], [10.681, 0.131], [12.966, 0.653]]",ok,3.3941,0.0,0.0,0.0,0.0,0.0,0.0,0.0,0.0,0.0,42ec31bccc17489eabb72278e2d3758c,scene-0922,42
0.4545,1.1375,0.5739,0.3702,0.6443,0.655,0.0,0.0,0.0,0.0,0.0,0.0,0.0,0.0,0.0,ok,straight,0.6039,0.5639,1.033,0.5154,0.4086,0.6774,False,"[-0.1305, -0.1958, -0.6527, -0.3264]","[-109.8639, -3769.5809, -6944.8429, -48812.2923]","[3.3114, -1003767.9932, -1006943.2552, -1048810.7046]","[0.498, 1.142, 1.188, 2.731]","[[[3.2576, 0.0], [6.6839, -0.0653], [10.6813, -0.2611], [13.3939, -0.3264], [16.2492, -0.3916], [19.9611, -0.2611]], [[3.2576, 0.0], [6.6839, -0.0653], [10.6813, -0.2611], [13.3939, -0.3264], [20.5321, -0.6527], [21.3887, -0.3916]], [[3.2576, 0.0], [6.6839, -0.0653], [10.6813, -0.2611], [13.3939, -0.3264], [20.5321, -1.436], [17.9623, -1.3055]], [[3.2576, 0.0], [6.6839, -0.0653], [10.6813, -0.2611], [13.3939, -0.3264], [27.0993, -0.6527], [15.107, -0.6527]]]",0.8211,0.0,0.0,0.0,0.0,0.0,0.0,True,"[2, 2, 2]",0.0,0.0,0.0,0.4978,4.0,0.6039,0.5639,0.5739,0.5154,0.4086,0.4978,"[[3.258, 0.0], [6.684, -0.065], [10.681, -0.261], [13.394, -0.326], [18.391, -0.522], [20.675, -0.326]]",ok,2.7313,0.0,0.0,0.0,0.0,0.0,0.0,0.0,0.0,0.0,af48d5a32c984af28c2e0804b0631714,scene-0922,42
2.1428,3.7984,6.4274,1.9666,2.6114,3.7113,0.0,0.0,0.0,0.0,0.0,0.0,0.0,0.0,0.0,ok,straight,3.7117,3.0849,7.2808,2.6797,2.7185,3.2822,True,"[-0.1305, -0.3916, -8.2899, -0.5875]","[-1803.0194, -18963.3614, -20630.1857, -49454.2699]","[-2505691.2805, -2522851.6225, -2524518.4468, -2553342.5309]","[3.783, 3.556, 5.533, 5.361]","[[[4.9707, 0.0], [12.109, -0.0653], [15.107, -0.0653], [20.1038, -0.1305], [26.8138, -0.1305], [32.2388, -0.2611]], [[4.9707, 0.0], [12.109, -0.0653], [15.107, -0.0653], [20.1038, -0.1305], [19.1045, -0.3916], [33.952, -0.7833]], [[4.9707, 0.0], [12.109, -0.0653], [15.107, -0.0653], [20.1038, -0.1305], [26.5282, -0.9138], [27.9559, 16.5798]], [[4.9707, 0.0], [12.109, -0.0653], [15.107, -0.0653], [20.1038, -0.1305], [37.6639, 0.0], [30.8112, -1.1749]]]",0.8943,0.0,0.0,0.0,0.0,0.0,0.0,False,"[2, 2, 2]",0.0,0.0,0.0,3.5561,4.0,3.7117,3.0849,8.1432,2.6797,2.7185,3.5561,"[[4.971, 0.0], [12.109, -0.065], [15.107, -0.065], [20.104, -0.131], [22.959, -0.261], [33.095, -0.522]]",ok,5.5325,0.0,0.0,0.0,0.0,0.0,0.0,0.0,0.0,0.0,c07a480048b04e989f6fc1e002e5c5b8,scene-0923,42
1.0587,1.3376,2.0524,0.7758,1.2647,1.6157,0.0,0.0,0.0,0.0,0.0,0.0,0.0,0.0,0.0,ok,straight,1.3442,1.4072,3.4821,1.0613,0.9974,1.5578,True,"[-0.0653, -0.1958, -0.1958, -2.0888]","[-1104.4814, -1745.0073, -17162.2185, -110364.4869]","[-1001101.8404, -1001742.3662, -1017159.5775, -1110361.8459]","[1.11, 2.009, 2.241, 4.342]","[[[5.1135, 0.0], [9.9675, 0.0], [13.3939, -0.0653], [16.3919, -0.1305], [23.3874, -0.1305], [29.098, -0.1305]], [[5.1135, 0.0], [9.9675, 0.0], [13.3939, -0.0653], [16.3919, -0.1305], [24.8151, -0.1305], [33.0954, -0.3916]], [[5.1135, 0.0], [9.9675, 0.0], [13.3939, -0.0653], [16.3919, -0.1305], [27.0993, -0.1305], [23.1019, -0.3916]], [[5.1135, 0.0], [9.9675, 0.0], [13.3939, -0.0653], [16.3919, -0.1305], [37.9494, -0.3916], [23.1019, -4.1776]]]",1.1844,0.0,0.0,0.0,0.0,0.0,0.0,False,"[2, 2, 2]",0.0,0.0,0.0,1.11,4.0,1.3442,1.4072,1.4953,1.0613,0.9974,1.11,"[[5.113, 0.0], [9.968, 0.0], [13.394, -0.065], [16.392, -0.131], [24.101, -0.131], [31.097, -0.261]]",ok,4.342,0.0,0.0,0.0,0.0,0.0,0.0,0.0,0.0,0.0,cd29200927db42dcb63c2db3349a8698,scene-0923,42
2.1152,4.9458,7.4221,1.5791,2.8321,4.2428,0.0,0.0,0.0,0.0,0.0,0.0,0.0,0.0,0.0,ok,straight,2.6862,4.8053,8.8657,2.0074,3.0118,4.7457,False,"[-0.0653, -0.4569, -0.0653, -8.2899]","[-147.8592, -473.4583, -491.3113, -17693.5902]","[3.5032, 3.3482, -1000489.0291, -1017691.308]","[4.363, 5.131, 3.554, 6.104]","[[[3.4003, 0.0], [6.8267, 0.0], [11.1096, 0.1306], [14.3932, -0.1958], [17.3913, -0.1305], [21.6742, -0.1305]], [[3.4003, 0.0], [6.8267, 0.0], [11.1096, 0.1306], [14.3932, -0.1958], [15.6781, 0.0], [18.8189, -0.9138]], [[3.4003, 0.0], [6.8267, 0.0], [11.1096, 0.1306], [14.3932, -0.1958], [18.2479, -0.2611], [25.6716, 0.1305]], [[3.4003, 0.0], [6.8267, 0.0], [11.1096, 0.1306], [14.3932, -0.1958], [18.2479, 0.6527], [20.5321, -16.5798]]]",0.9424,0.0,0.0,0.0,0.0,0.0,0.0,True,"[2, 2, 2]",0.0,0.0,0.0,3.5543,4.0,2.6862,4.8053,3.4239,2.0074,3.0118,3.5543,"[[3.4, 0.0], [6.827, 0.0], [11.11, 0.131], [14.393, -0.196], [16.535, -0.065], [20.247, -0.522]]",ok,6.1039,0.0,0.0,0.0,0.0,0.0,0.0,0.0,0.0,0.0,77b766e9aa56434f8d975037278b9a62,scene-0923,42
0.3582,0.3902,1.6753,0.1993,0.2796,0.7654,0.0,0.0,0.0,0.0,0.0,0.0,0.0,0.0,0.0,ok,straight,1.0692,1.3682,1.5209,0.5549,0.7373,0.951,False,"[-0.0653, -0.1305, -0.0653, -0.1305]","[-181.7589, -1235.8638, -1989.1814, -60939.0278]","[3.261, -1001234.2167, -1001987.5344, -1060937.3808]","[0.864, 1.116, 1.513, 2.678]","[[[5.1135, 0.0], [9.2537, -0.0653], [14.9643, -0.1305], [20.9604, -0.1958], [25.9572, -0.1305], [29.6691, -0.1305]], [[5.1135, 0.0], [9.2537, -0.0653], [14.9643, -0.1305], [20.9604, -0.1958], [24.8151, -0.1305], [32.8099, -0.2611]], [[5.1135, 0.0], [9.2537, -0.0653], [14.9643, -0.1305], [20.9604, -0.1958], [25.1006, -0.9138], [34.8086, -0.1305]], [[5.1135, 0.0], [9.2537, -0.0653], [14.9643, -0.1305], [20.9604, -0.1958], [11.9662, 0.1305], [29.3835, 0.2611]]]",0.6952,0.0,0.0,0.0,0.0,0.0,0.0,True,"[2, 2, 2]",0.0,0.0,0.0,0.8638,4.0,1.0692,1.3682,0.4347,0.5549,0.7373,0.8638,"[[5.113, 0.0], [9.254, -0.065], [14.964, -0.131], [20.96, -0.196], [25.386, -0.131], [31.239, -0.196]]",ok,2.6784,0.0,0.0,0.0,0.0,0.0,0.0,0.0,0.0,0.0,f74ca01fe91e421b9f96864d8d59feca,scene-0923,42
0.6143,1.3125,1.5703,0.5387,0.8251,1.2079,0.0,0.0,0.0,0.0,0.0,0.0,0.0,0.0,0.0,ok,straight,0.0422,1.1656,0.3088,0.0773,0.629,0.6305,True,"[-0.2611, -0.1305, -0.5875]","[-210.5455, -427.7489, -796.1353]","[3.315, 3.0957, -1000794.2671]","[0.778, 1.077, 1.048]","[[[3.6858, 0.0], [7.1122, -0.0653], [9.3964, -0.1305], [12.9656, -0.1958], [18.2479, -0.2611], [23.1019, -0.5222]], [[3.6858, 0.0], [7.1122, -0.0653], [9.3964, -0.1305], [12.9656, -0.1958], [15.3926, -0.2611], [19.9611, -0.2611]], [[3.6858, 0.0], [7.1122, -0.0653], [9.3964, -0.1305], [12.9656, -0.1958], [16.2492, -0.5222], [23.6729, -1.1749]]]",0.1344,0.0,0.0,0.0,0.0,0.0,0.0,True,"[2, 2, 2]",0.0,0.0,0.0,0.7785,3.0,0.0422,1.1656,1.6405,0.0773,0.629,0.7785,"[[3.686, 0.0], [7.112, -0.065], [9.396, -0.131], [12.966, -0.196], [16.82, -0.261], [21.531, -0.392]]",ok,1.0772,0.0,0.0,0.0,0.0,0.0,0.0,0.0,0.0,0.0,c201dea88033406fb304747d32b823a6,scene-0924,42
0.8127,0.9167,2.4263,0.4997,0.6944,0.9836,0.0,0.0,0.0,0.0,0.0,0.0,0.0,0.0,0.0,ok,straight,0.9547,2.4884,0.4508,0.5706,1.2656,1.1813,False,"[-0.0653, -0.3264, -0.1305, -0.9138]","[-77.6707, -516.2132, -4944.3267, -1028270.0657]","[3.1973, -1000514.4755, -1004942.5891, -2028268.3281]","[1.697, 1.501, 1.513, 10.375]","[[[3.6858, 0.0], [6.6839, 0.0], [9.9675, -0.1305], [12.68, -0.0653], [16.2492, -0.1305], [19.9611, -0.1305]], [[3.6858, 0.0], [6.6839, 0.0], [9.9675, -0.1305], [12.68, -0.0653], [18.5334, 0.2611], [25.6716, -0.6527]], [[3.6858, 0.0], [6.6839, 0.0], [9.9675, -0.1305], [12.68, -0.0653], [19.9611, -0.2611], [19.39, -0.2611]], [[3.6858, 0.0], [6.6839, 0.0], [9.9675, -0.1305], [12.68, -0.0653], [69.6432, 0.1305], [16.2492, 1.8277]]]",3.8133,0.0,0.0,0.0,0.0,0.0,0.0,True,"[2, 2, 2]",0.0,0.0,0.0,1.5006,4.0,0.9547,2.4884,3.3108,0.5706,1.2656,1.5006,"[[3.686, 0.0], [6.684, 0.0], [9.968, -0.131], [12.68, -0.065], [17.391, 0.065], [22.816, -0.392]]",ok,10.3748,0.0,0.0,0.0,0.0,0.0,0.0,0.0,0.0,0.0,2402ba90f72345d2abbc04224afd0330,scene-0924,42
1.8408,4.3377,6.2428,1.3066,2.4454,3.3146,0.0,0.0,0.0,0.0,0.0,0.0,0.0,0.0,0.0,ok,straight,1.5553,5.1942,5.9773,1.0211,2.6952,4.0087,False,"[-0.1305, -2.3499, -0.3916, -0.9138]","[-1229.4059, -9798.2809, -75146.3496, -80319.2137]","[-1001227.4556, -1009796.3305, -1075144.3993, -1080317.2634]","[3.481, 4.724, 6.763, 4.265]","[[[3.9714, 0.0], [8.2543, 0.0], [13.2511, 0.0], [17.6768, 0.1958], [18.8189, 0.2611], [23.3874, 0.2611]], [[3.9714, 0.0], [8.2543, 0.0], [13.2511, 0.0], [17.6768, 0.1958], [25.6716, -0.1305], [21.3887, -4.6998]], [[3.9714, 0.0], [8.2543, 0.0], [13.2511, 0.0], [17.6768, 0.1958], [36.8073, 0.0], [25.1006, 0.7833]], [[3.9714, 0.0], [8.2543, 0.0], [13.2511, 0.0], [17.6768, 0.1958], [4.5424, -0.1305], [21.3887, 1.8277]]]",1.2128,0.0,0.0,0.0,0.0,0.0,0.0,False,"[2, 2, 2]",0.0,0.0,0.0,3.4812,4.0,1.5553,5.1942,6.2428,1.0211,2.6952,3.4812,"[[3.971, 0.0], [8.254, 0.0], [13.251, 0.0], [17.677, 0.196], [22.245, 0.065], [22.388, -2.219]]",ok,6.7629,0.0,0.0,0.0,0.0,0.0,0.0,0.0,0.0,0.0,43e78092d75e44d7943687203bc111d8,scene-0924,42
5.3539,11.0529,13.563,4.0514,6.87,8.9524,0.0,0.0,0.0,0.0,0.0,0.0,0.0,0.0,0.0,ok,straight,5.3539,10.3948,18.2307,3.8376,6.9189,9.9338,False,"[-0.6527, -0.3916, -2.2846, -2.3499]","[-2250.6785, -2725.0144, -3318.9318, -779789.4188]","[-1504699.4339, -1505173.7697, -1505767.6872, -2282238.1742]","[9.173, 10.699, 9.517, 17.268]","[[[3.8286, -0.0653], [8.5399, -0.1305], [14.6787, -0.3264], [17.534, -1.2402], [23.3874, -1.0444], [25.9572, -1.3055]], [[3.8286, -0.0653], [8.5399, -0.1305], [14.6787, -0.3264], [17.534, -1.2402], [23.1019, -1.6971], [35.3797, -0.7833]], [[3.8286, -0.0653], [8.5399, -0.1305], [14.6787, -0.3264], [17.534, -1.2402], [20.2466, -1.9582], [30.5257, -4.5692]], [[3.8286, -0.0653], [8.5399, -0.1305], [14.6787, -0.3264], [17.534, -1.2402], [69.6432, -0.9138], [27.6704, -4.6998]]]",3.2845,0.0,0.0,0.0,0.0,0.0,0.0,False,"[2, 2, 2]",0.0,0.0,0.0,9.1726,4.0,5.3539,10.3948,13.5504,3.8376,6.9189,9.1726,"[[3.829, -0.065], [8.54, -0.131], [14.679, -0.326], [17.534, -1.24], [23.245, -1.371], [30.668, -1.044]]",ok,17.2679,0.0,0.0,0.0,0.0,0.0,0.0,0.0,0.0,0.0,6621ea99f14447fdab044d69eac8062a,scene-0924,42
5.081,10.6959,15.4922,3.6955,6.3395,9.1166,0.0,0.0,0.0,0.0,0.0,0.0,0.0,0.0,0.0,ok,straight,6.6514,11.4093,16.3544,4.7662,7.5887,10.1407,False,"[-0.1305, -0.3916, -0.1958, -0.1958]","[-138.2429, -194.0348, -33511.1944, -1087188.1259]","[4.4691, 1.8024, -1033508.3263, -2087185.2578]","[9.949, 10.333, 10.521, 17.612]","[[[3.6858, 0.0], [8.1116, 0.0], [11.2524, -0.1958], [13.5366, -0.0653], [16.2492, -0.1305], [18.2479, -0.2611]], [[3.6858, 0.0], [8.1116, 0.0], [11.2524, -0.1958], [13.5366, -0.0653], [16.8202, 0.1305], [19.9611, -0.7833]], [[3.6858, 0.0], [8.1116, 0.0], [11.2524, -0.1958], [13.5366, -0.0653], [9.3964, -0.1305], [28.5269, 0.3916]], [[3.6858, 0.0], [8.1116, 0.0], [11.2524, -0.1958], [13.5366, -0.0653], [69.6432, -0.5222], [10.8241, -0.3916]]]",3.187,0.0,0.0,0.0,0.0,0.0,0.0,True,"[2, 2, 2]",0.0,0.0,0.0,9.9495,4.0,6.6514,11.4093,15.4922,4.7662,7.5887,9.9495,"[[3.686, 0.0], [8.112, 0.0], [11.252, -0.196], [13.537, -0.065], [16.535, 0.0], [19.104, -0.522]]",ok,17.6125,0.0,0.0,0.0,0.0,0.0,0.0,0.0,0.0,0.0,e6fcfc5cd0254eee901c1bbc0a30a6ba,scene-0925,42
4.6561,8.8066,14.831,3.3683,5.3559,7.9422,0.0,0.0,0.0,0.0,0.0,0.0,0.0,0.0,0.0,ok,straight,3.7995,8.9494,17.5434,3.0828,5.1434,8.2289,False,"[-0.0653, -0.1305, -0.0, -0.0653]","[-589.9532, -1736.2442, -9680.5383, -12578.0944]","[-500576.9089, -1502314.2418, -1510258.5359, -1513156.092]","[7.705, 8.753, 6.611, 6.23]","[[[2.5437, 0.0], [4.2569, 0.0], [6.3984, 0.2611], [10.1103, 0.0], [11.9662, -0.1305], [15.9636, -0.1305]], [[2.5437, 0.0], [4.2569, 0.0], [6.3984, 0.2611], [10.1103, 0.0], [12.8228, 0.0], [21.3887, 0.2611]], [[2.5437, 0.0], [4.2569, 0.0], [6.3984, 0.2611], [10.1103, 0.0], [7.1122, 0.0], [14.2505, 0.0]], [[2.5437, 0.0], [4.2569, 0.0], [6.3984, 0.2611], [10.1103, 0.0], [5.9701, -0.1305], [13.1083, -0.1305]]]",0.9863,0.0,0.0,0.0,0.0,0.0,0.0,False,"[2, 2, 2]",0.0,0.0,0.0,6.2304,4.0,3.7995,8.9494,11.9758,3.0828,5.1434,6.2304,"[[2.544, 0.0], [4.257, 0.0], [6.398, 0.261], [10.11, 0.0], [12.395, -0.065], [18.676, 0.065]]",ok,8.7526,0.0,0.0,0.0,0.0,0.0,0.0,0.0,0.0,0.0,9f7941301fc440459a1a6dd8182d4f91,scene-0925,42
3.5115,5.3228,6.3218,2.741,3.6959,4.4883,0.0,0.0,0.0,0.0,0.0,0.0,0.0,0.0,0.0,ok,straight,3.5115,6.8911,7.0495,2.8837,4.552,5.1799,False,"[-0.0653, -0.3264, -0.0, -0.1305]","[-427.8788, -814.0171, -3044.0335, -4361.0912]","[3.66, -1000811.9649, -1003041.9814, -1004359.039]","[5.059, 5.302, 5.153, 5.393]","[[[2.8293, 0.0], [5.399, 0.0], [8.9682, 0.0], [12.109, -0.0653], [13.1083, -0.1305], [15.9636, -0.1305]], [[2.8293, 0.0], [5.399, 0.0], [8.9682, 0.0], [12.109, -0.0653], [13.1083, 0.0], [17.3913, -0.6527]], [[2.8293, 0.0], [5.399, 0.0], [8.9682, 0.0], [12.109, -0.0653], [16.5347, -0.1305], [13.1083, 0.0]], [[2.8293, 0.0], [5.399, 0.0], [8.9682, 0.0], [12.109, -0.0653], [11.6807, -0.1305], [19.39, -0.2611]]]",0.1292,0.0,0.0,0.0,0.0,0.0,0.0,True,"[2, 2, 2]",0.0,0.0,0.0,5.059,4.0,3.5115,6.8911,6.3218,2.8837,4.552,5.059,"[[2.829, 0.0], [5.399, 0.0], [8.968, 0.0], [12.109, -0.065], [13.108, -0.065], [16.677, -0.392]]",ok,5.3928,0.0,0.0,0.0,0.0,0.0,0.0,0.0,0.0,0.0,870569ebe8bf460eb4dc77e7a465975e,scene-0925,42
2.2906,6.0277,11.7131,1.8458,3.3199,5.3557,0.0,0.0,0.0,0.0,0.0,0.0,0.0,0.0,0.0,ok,straight,2.7188,8.0288,11.142,1.9886,4.1769,5.8317,False,"[-0.0653, -0.0653, -0.1305, -8.2899]","[-1908.2449, -3086.3015, -4801.1365, -17851.8433]","[-1001905.6671, -1003083.7238, -1004798.5587, -1017849.2655]","[5.642, 6.022, 5.551, 6.207]","[[[4.3997, 0.0], [8.9682, 0.0], [13.9649, -0.0653], [20.2466, 0.1305], [22.2453, 0.0], [27.3848, -0.1305]], [[4.3997, 0.0], [8.9682, 0.0], [13.9649, -0.0653], [20.2466, 0.1305], [22.2453, -0.2611], [29.6691, -0.1305]], [[4.3997, 0.0], [8.9682, 0.0], [13.9649, -0.0653], [20.2466, 0.1305], [26.5282, 0.6527], [22.5308, -0.2611]], [[4.3997, 0.0], [8.9682, 0.0], [13.9649, -0.0653], [20.2466, 0.1305], [16.5347, 0.6527], [8.5399, 16.5798]]]",0.2692,0.0,0.0,0.0,0.0,0.0,0.0,False,"[2, 2, 2]",0.0,0.0,0.0,5.5507,4.0,2.7188,8.0288,5.1475,1.9886,4.1769,5.5507,"[[4.4, 0.0], [8.968, 0.0], [13.965, -0.065], [20.247, 0.131], [22.245, -0.131], [28.527, -0.131]]",ok,6.2067,0.0,0.0,0.0,0.0,0.0,0.0,0.0,0.0,0.0,b9ac916091a2417a87126eb9ddd22474,scene-0925,42
2.3616,4.5415,5.998,1.8317,3.0319,3.9286,0.0,0.0,0.0,0.0,0.0,0.0,0.0,0.0,0.0,ok,straight,2.3616,5.2089,7.6291,1.9751,3.1567,4.3495,False,"[-0.8486, -2.5457, -1.8277, -3.7859]","[-290.6399, -798.0212, -2141.0993, -3955.1595]","[-500430.9555, -1501231.3487, -1502574.4268, -1504388.487]","[4.012, 4.705, 5.55, 4.218]","[[[2.2582, 0.0653], [3.6858, 0.1305], [5.5418, 0.2611], [7.826, 1.6971], [9.1109, 1.6971], [10.5386, 1.6971]], [[2.2582, 0.0653], [3.6858, 0.1305], [5.5418, 0.2611], [7.826, 1.6971], [9.9675, 1.6971], [12.2517, 5.0914]], [[2.2582, 0.0653], [3.6858, 0.1305], [5.5418, 0.2611], [7.826, 1.6971], [13.6794, 2.3499], [14.8215, 3.6554]], [[2.2582, 0.0653], [3.6858, 0.1305], [5.5418, 0.2611], [7.826, 1.6971], [7.1122, -1.436], [12.2517, -7.5719]]]",0.5924,0.0,0.0,0.0,0.0,0.0,0.0,True,"[2, 2, 2]",0.0,0.0,0.0,4.0118,4.0,2.3616,5.2089,5.998,1.9751,3.1567,4.0118,"[[2.258, 0.065], [3.686, 0.131], [5.542, 0.261], [7.826, 1.697], [9.539, 1.697], [11.395, 3.394]]",ok,5.5502,0.0,0.0,0.0,0.0,0.0,0.0,0.0,0.0,0.0,45eda670b5a840acbb730aac15e63b19,scene-0926,42
0.1128,0.3597,0.6998,0.2284,0.3058,0.524,0.0,0.0,0.0,0.0,0.0,0.0,0.0,0.0,0.0,ok,straight,0.3178,0.2481,1.2306,0.331,0.51,0.6629,False,"[-1.0444, -0.3264, -0.6527, -8.2899]","[-352.438, -896.2652, -1148.5407, -15296.1456]","[3.768, -1000893.6088, -1001145.8843, -1015293.4892]","[0.676, 0.951, 0.772, 3.563]","[[[2.5437, 0.0], [4.9707, -0.2611], [8.3971, -0.718], [10.253, -0.7833], [11.6807, -1.1749], [15.3926, -2.0888]], [[2.5437, 0.0], [4.9707, -0.2611], [8.3971, -0.718], [10.253, -0.7833], [12.8228, -1.8277], [18.8189, -0.6527]], [[2.5437, 0.0], [4.9707, -0.2611], [8.3971, -0.718], [10.253, -0.7833], [11.1096, -0.5222], [16.5347, -1.3055]], [[2.5437, 0.0], [4.9707, -0.2611], [8.3971, -0.718], [10.253, -0.7833], [13.9649, -0.5222], [14.8215, 16.5798]]]",1.2006,0.0,0.0,0.0,0.0,0.0,0.0,True,"[2, 2, 2]",0.0,0.0,0.0,0.6762,4.0,0.3178,0.2481,0.799,0.331,0.51,0.6762,"[[2.544, 0.0], [4.971, -0.261], [8.397, -0.718], [10.253, -0.783], [12.252, -1.501], [17.106, -1.371]]",ok,3.5629,0.0,0.0,0.0,0.0,0.0,0.0,0.0,0.0,0.0,6d24000d98854d99b5af251bfdf31561,scene-0926,42
0.6361,0.9345,2.5745,0.549,0.6451,1.0782,0.0,0.0,0.0,0.0,0.0,0.0,0.0,0.0,0.0,ok,straight,0.6361,0.1059,3.1492,0.4063,0.331,0.9867,True,"[-0.0653, -0.1305, -0.1958, -0.2611]","[-123.5578, -129.3639, -149.2797, -726.4426]","[4.8157, 3.8986, 2.9266, -0.2163]","[0.869, 1.105, 0.589, 0.874]","[[[2.5437, 0.0], [4.5424, 0.0], [6.9694, 0.0], [9.3964, 0.1305], [10.253, -0.1305], [11.1096, -0.1305]], [[2.5437, 0.0], [4.5424, 0.0], [6.9694, 0.0], [9.3964, 0.1305], [9.9675, 0.0], [9.9675, -0.2611]], [[2.5437, 0.0], [4.5424, 0.0], [6.9694, 0.0], [9.3964, 0.1305], [11.6807, 0.0], [11.6807, -0.3916]], [[2.5437, 0.0], [4.5424, 0.0], [6.9694, 0.0], [9.3964, 0.1305], [9.3964, -0.1305], [11.9662, 0.5222]]]",0.1832,0.0,0.0,0.0,0.0,0.0,0.0,True,"[2, 2, 2]",0.0,0.0,0.0,0.5885,4.0,0.6361,0.1059,2.0539,0.4063,0.331,0.5885,"[[2.544, 0.0], [4.542, 0.0], [6.969, 0.0], [9.396, 0.131], [10.11, -0.065], [10.539, -0.196]]",ok,1.1054,0.0,0.0,0.0,0.0,0.0,0.0,0.0,0.0,0.0,0a6754bbd15c4a99a0df920e42cb8353,scene-0926,42
2.8865,4.5626,6.2606,2.1366,3.2224,4.4041,0.0,0.0,0.0,0.0,0.0,0.0,0.0,0.0,0.0,ok,straight,2.4582,3.8492,11.542,2.3507,3.1156,5.451,False,"[-0.0653, -0.0653, -0.0, -0.0653]","[-996.152, -3459.7954, -9739.9486, -90751.695]","[-500867.7788, -1504327.672, -1510607.8252, -1591619.5717]","[4.19, 6.712, 5.76, 12.756]","[[[4.5424, 0.0], [6.9694, 0.0], [10.9669, -0.0653], [13.5366, -0.1305], [18.2479, -0.1305], [20.8176, -0.1305]], [[4.5424, 0.0], [6.9694, 0.0], [10.9669, -0.0653], [13.5366, -0.1305], [22.8163, -0.1305], [31.3822, -0.1305]], [[4.5424, 0.0], [6.9694, 0.0], [10.9669, -0.0653], [13.5366, -0.1305], [23.6729, -0.1305], [24.8151, 0.0]], [[4.5424, 0.0], [6.9694, 0.0], [10.9669, -0.0653], [13.5366, -0.1305], [20.8176, 0.1305], [69.6432, -0.1305]]]",3.2458,0.0,0.0,0.0,0.0,0.0,0.0,False,"[2, 2, 2]",0.0,0.0,0.0,4.1901,4.0,2.4582,3.8492,6.2606,2.3507,3.1156,4.1901,"[[4.542, 0.0], [6.969, 0.0], [10.967, -0.065], [13.537, -0.131], [20.532, -0.131], [26.1, -0.131]]",ok,12.7556,0.0,0.0,0.0,0.0,0.0,0.0,0.0,0.0,0.0,70308748f324468193d6189ab556f8e5,scene-0926,42
0.6852,0.1385,0.533,0.598,0.4487,0.3953,0.0,0.0,0.0,0.0,0.0,0.0,0.0,0.0,0.0,ok,straight,1.8256,0.695,0.931,1.0969,0.8006,0.7425,False,"[-0.0653, -0.0653, -0.0653, -0.0653]","[-855.5463, -1608.9657, -2557.8835, -2935.5976]","[3.0489, -1001607.3102, -1002556.2281, -1002933.9421]","[0.781, 0.872, 2.492, 1.361]","[[[3.2576, 0.0], [7.6833, -0.0653], [9.2537, -0.0653], [12.8228, -0.0653], [16.2492, 0.0], [19.39, -0.1305]], [[3.2576, 0.0], [7.6833, -0.0653], [9.2537, -0.0653], [12.8228, -0.0653], [14.8215, 0.5222], [19.9611, -0.1305]], [[3.2576, 0.0], [7.6833, -0.0653], [9.2537, -0.0653], [12.8228, -0.0653], [20.8176, -0.1305], [25.1006, -0.1305]], [[3.2576, 0.0], [7.6833, -0.0653], [9.2537, -0.0653], [12.8228, -0.0653], [14.8215, 0.1305], [23.1019, -0.1305]]]",0.6806,0.0,0.0,0.0,0.0,0.0,0.0,True,"[2, 2, 2]",0.0,0.0,0.0,0.7813,4.0,1.8256,0.695,0.6513,1.0969,0.8006,0.7813,"[[3.258, 0.0], [7.683, -0.065], [9.254, -0.065], [12.823, -0.065], [15.535, 0.261], [19.676, -0.131]]",ok,2.4917,0.0,0.0,0.0,0.0,0.0,0.0,0.0,0.0,0.0,5d785cd90a884e0ebf9c5047a527df76,scene-0927,42
0.6109,1.8872,2.6272,0.5677,0.9744,1.3983,0.0,0.0,0.0,0.0,0.0,0.0,0.0,0.0,0.0,ok,straight,1.3243,2.5989,3.0505,0.8531,1.5431,2.0128,False,"[-0.0653, -0.0653, -0.0, -0.1958]","[-123.9161, -210.7142, -6042.2361, -19540.3965]","[4.1303, 4.1194, -1006039.1383, -1019537.2987]","[2.249, 1.777, 1.742, 3.543]","[[[3.2576, 0.0], [5.8273, 0.0], [8.6826, 0.1305], [11.2524, 0.1958], [13.1083, 0.2611], [16.5347, 0.1305]], [[3.2576, 0.0], [5.8273, 0.0], [8.6826, 0.1305], [11.2524, 0.1958], [15.107, 0.1305], [17.3913, 0.1305]], [[3.2576, 0.0], [5.8273, 0.0], [8.6826, 0.1305], [11.2524, 0.1958], [19.9611, 0.0], [21.1032, 0.0]], [[3.2576, 0.0], [5.8273, 0.0], [8.6826, 0.1305], [11.2524, 0.1958], [14.536, -7.7024], [13.3939, -0.3916]]]",0.7297,0.0,0.0,0.0,0.0,0.0,0.0,True,"[2, 2, 2]",0.0,0.0,0.0,1.7421,4.0,1.3243,2.5989,1.252,0.8531,1.5431,1.7421,"[[3.258, 0.0], [5.827, 0.0], [8.683, 0.131], [11.252, 0.196], [14.108, 0.196], [16.963, 0.131]]",ok,3.5434,0.0,0.0,0.0,0.0,0.0,0.0,0.0,0.0,0.0,47a99007d3cd489fb6e671accaac003e,scene-0927,42
1.1944,1.4069,2.3072,0.8599,1.1957,1.6415,0.0,0.0,0.0,0.0,0.0,0.0,0.0,0.0,0.0,ok,straight,2.1937,2.8346,1.589,1.2169,2.0523,1.9496,False,"[-0.0653, -0.0653, -0.0653, -0.1958]","[-167.1656, -239.9884, -539.3507, -1647.7671]","[-1001227.0452, -1001227.1679, -1001227.6723, -2002876.2008]","[1.832, 2.069, 3.021, 5.306]","[[[1.9727, 0.0], [5.5418, 0.0], [7.826, 0.0], [9.3964, 0.0], [10.253, 0.0], [11.1096, 0.1305]], [[1.9727, 0.0], [5.5418, 0.0], [7.826, 0.0], [9.3964, 0.0], [10.253, 0.0], [12.5373, -0.1305]], [[1.9727, 0.0], [5.5418, 0.0], [7.826, 0.0], [9.3964, 0.0], [13.1083, 0.0], [15.3926, -0.1305]], [[1.9727, 0.0], [5.5418, 0.0], [7.826, 0.0], [9.3964, 0.0], [15.3926, -0.1305], [26.8138, -0.3916]]]",1.3724,0.0,0.0,0.0,0.0,0.0,0.0,True,"[2, 2, 2]",0.0,0.0,0.0,1.832,4.0,2.1937,2.8346,0.8831,1.2169,2.0523,1.832,"[[1.973, 0.0], [5.542, 0.0], [7.826, 0.0], [9.396, 0.0], [10.253, 0.0], [11.823, 0.0]]",ok,5.3056,0.0,0.0,0.0,0.0,0.0,0.0,0.0,0.0,0.0,13023d830bad41fbab80efdea5a548ce,scene-0927,42
0.9256,0.8495,1.157,0.7083,0.8754,0.9485,0.0,0.0,0.0,0.0,0.0,0.0,0.0,0.0,0.0,ok,straight,0.7832,0.4507,2.6415,0.6371,0.4474,1.1028,False,"[-0.3916, -0.9791, -0.5875, -0.4569]","[-275.3713, -1328.3598, -7396.213, -24516.8486]","[4.8641, -1001325.2616, -1007393.1149, -1024513.7504]","[0.616, 1.598, 1.777, 2.006]","[[[3.6858, 0.0], [7.255, 0.0], [9.8247, 0.1305], [13.1083, 0.0], [17.9623, 0.5222], [21.3887, 0.7833]], [[3.6858, 0.0], [7.255, 0.0], [9.8247, 0.1305], [13.1083, 0.0], [20.2466, 1.0444], [24.8151, 1.9582]], [[3.6858, 0.0], [7.255, 0.0], [9.8247, 0.1305], [13.1083, 0.0], [20.8176, 3.5248], [23.9585, -1.1749]], [[3.6858, 0.0], [7.255, 0.0], [9.8247, 0.1305], [13.1083, 0.0], [25.1006, 0.9138], [19.39, -0.9138]]]",0.5302,0.0,0.0,0.0,0.0,0.0,0.0,True,"[2, 2, 2]",0.0,0.0,0.0,0.6155,4.0,0.7832,0.4507,0.8717,0.6371,0.4474,0.6155,"[[3.686, 0.0], [7.255, 0.0], [9.825, 0.131], [13.108, 0.0], [19.104, 0.783], [23.102, 1.371]]",ok,2.0063,0.0,0.0,0.0,0.0,0.0,0.0,0.0,0.0,0.0,841dd882d0bb442a8e17509f5decee06,scene-0927,42
1.5297,4.762,6.6018,1.1038,2.5213,3.6109,0.0,0.0,0.0,0.0,0.0,0.0,0.0,0.0,0.0,ok,straight,1.5297,5.8996,3.8007,1.2466,2.9481,3.1432,True,"[-0.0, -0.1958, -0.1958, -0.0653]","[-1160.4764, -4136.8759, -9669.1268, -90838.3456]","[-1001157.7069, -1004134.1064, -1009666.3573, -1090835.5761]","[3.895, 2.442, 5.082, 6.409]","[[[4.5424, 0.0], [8.5399, 0.0], [13.6794, 0.1958], [19.39, 0.1305], [21.6742, 0.0], [26.5282, 0.0]], [[4.5424, 0.0], [8.5399, 0.0], [13.6794, 0.1958], [19.39, 0.1305], [18.2479, 0.1305], [20.8176, -0.3916]], [[4.5424, 0.0], [8.5399, 0.0], [13.6794, 0.1958], [19.39, 0.1305], [20.8176, 0.0], [34.5231, 0.3916]], [[4.5424, 0.0], [8.5399, 0.0], [13.6794, 0.1958], [19.39, 0.1305], [22.5308, 16.5798], [29.3835, 0.1305]]]",1.4642,0.0,0.0,0.0,0.0,0.0,0.0,False,"[2, 2, 2]",0.0,0.0,0.0,2.4417,4.0,1.5297,5.8996,1.3,1.2466,2.9481,2.4417,"[[4.542, 0.0], [8.54, 0.0], [13.679, 0.196], [19.39, 0.131], [19.961, 0.065], [23.673, -0.196]]",ok,6.4087,0.0,0.0,0.0,0.0,0.0,0.0,0.0,0.0,0.0,fd0915986a6444ee8296894d2a307291,scene-0928,42
0.1401,0.328,1.2305,0.0849,0.2621,0.4967,0.0,0.0,0.0,0.0,0.0,0.0,0.0,0.0,0.0,ok,straight,0.4223,0.2341,1.9516,0.3031,0.2808,0.5484,False,"[-0.0653, -0.5222, -0.0653, -0.3264]","[-90.9075, -798.091, -1909.2232, -1953.3462]","[4.368, -1000796.0543, -1001907.1866, -1001951.3096]","[0.433, 0.824, 0.785, 0.8]","[[[2.6865, -0.0653], [5.1135, 0.0], [8.2543, 0.0], [10.5386, 0.1305], [13.1083, 0.0], [15.3926, -0.1305]], [[2.6865, -0.0653], [5.1135, 0.0], [8.2543, 0.0], [10.5386, 0.1305], [12.2517, 0.3916], [18.2479, 1.0444]], [[2.6865, -0.0653], [5.1135, 0.0], [8.2543, 0.0], [10.5386, 0.1305], [10.5386, 0.1305], [16.2492, 0.1305]], [[2.6865, -0.0653], [5.1135, 0.0], [8.2543, 0.0], [10.5386, 0.1305], [14.8215, 0.0], [13.3939, 0.6527]]]",0.1607,0.0,0.0,0.0,0.0,0.0,0.0,True,"[2, 2, 2]",0.0,0.0,0.0,0.4333,4.0,0.4223,0.2341,0.8707,0.3031,0.2808,0.4333,"[[2.686, -0.065], [5.113, 0.0], [8.254, 0.0], [10.539, 0.131], [12.68, 0.196], [16.82, 0.457]]",ok,0.824,0.0,0.0,0.0,0.0,0.0,0.0,0.0,0.0,0.0,b16163568a0e472791b837c0ecad1e5b,scene-0928,42
1.6584,5.6307,10.6331,1.0182,2.8508,4.9757,0.0,0.0,0.0,0.0,0.0,0.0,0.0,0.0,0.0,ok,right,0.9918,6.0085,23.8551,0.7624,2.7962,7.1098,False,"[-2.3499, -8.2899, -8.2899, 1.0444]","[-914.854, -88136.2282, -110826.3996, -1353011.3051]","[-1000912.9776, -1088134.3519, -1110824.5232, -2353009.4287]","[5.166, 9.731, 10.029, 12.965]","[[[1.2588, 0.1305], [3.5431, 0.0], [4.828, 1.6319], [5.6846, 2.7415], [8.2543, 4.5692], [8.2543, 4.6998]], [[1.2588, 0.1305], [3.5431, 0.0], [4.828, 1.6319], [5.6846, 2.7415], [6.2556, 1.5666], [42.5179, 16.5798]], [[1.2588, 0.1305], [3.5431, 0.0], [4.828, 1.6319], [5.6846, 2.7415], [23.1019, 16.5798], [8.8254, 16.5798]], [[1.2588, 0.1305], [3.5431, 0.0], [4.828, 1.6319], [5.6846, 2.7415], [69.6432, 1.1749], [8.5399, -2.0888]]]",2.789,0.0,0.0,0.0,0.0,0.0,0.0,False,"[2, 2, 2]",0.0,0.0,0.0,5.1665,4.0,0.9918,6.0085,10.6284,0.7624,2.7962,5.1665,"[[1.259, 0.131], [3.543, 0.0], [4.828, 1.632], [5.685, 2.742], [7.255, 3.068], [25.386, 10.64]]",ok,12.9648,0.0,0.0,0.0,0.0,0.0,0.0,0.0,0.0,0.0,ca53a4aa044c4a319d6bd855757d5d43,scene-0928,42
1.5897,1.4846,1.32,1.0167,1.0687,1.0722,0.0,0.0,0.0,0.0,0.0,0.0,0.0,0.0,0.0,ok,straight,1.4473,2.0561,2.0492,0.9455,1.2761,1.3882,False,"[-0.8486, -0.6527, -0.2611, -2.4152]","[-320.3579, -667.4273, -1420.7836, -2075.8397]","[3.4177, 3.1461, -1001418.783, -1002073.8391]","[1.596, 1.21, 1.498, 1.648]","[[[3.1148, 0.0], [6.3984, -0.1305], [8.9682, -0.3916], [12.8228, -0.5875], [15.3926, -0.5222], [18.8189, -1.6971]], [[3.1148, 0.0], [6.3984, -0.1305], [8.9682, -0.3916], [12.8228, -0.5875], [14.2505, -1.0444], [17.3913, -1.3055]], [[3.1148, 0.0], [6.3984, -0.1305], [8.9682, -0.3916], [12.8228, -0.5875], [12.5373, -1.0444], [13.6794, -0.5222]], [[3.1148, 0.0], [6.3984, -0.1305], [8.9682, -0.3916], [12.8228, -0.5875], [13.3939, -0.1305], [14.8215, -4.8303]]]",0.1692,0.0,0.0,0.0,0.0,0.0,0.0,True,"[2, 2, 2]",0.0,0.0,0.0,1.2105,4.0,1.4473,2.0561,1.32,0.9455,1.2761,1.2105,"[[3.115, 0.0], [6.398, -0.131], [8.968, -0.392], [12.823, -0.587], [14.822, -0.783], [18.105, -1.501]]",ok,1.6484,0.0,0.0,0.0,0.0,0.0,0.0,0.0,0.0,0.0,084108c61ce14d2cb00f7e8102e03626,scene-0928,42
1.5674,3.0369,7.2445,1.1299,1.9366,3.3816,0.0,0.0,0.0,0.0,0.0,0.0,0.0,0.0,0.0,ok,straight,1.2822,3.3622,6.2171,0.9852,2.3749,3.471,False,"[-1.2402, -0.9791, -1.1097, -1.6971]","[-2395.8778, -2894.9927, -6895.1706, -10649.0128]","[-1506312.6591, -1506811.774, -1510811.9518, -1514565.7941]","[3.674, 3.323, 3.696, 2.95]","[[[3.4003, -0.0653], [6.2556, -0.2611], [11.3952, -0.6527], [12.3945, -1.893], [16.2492, -1.9582], [19.9611, -2.4804]], [[3.4003, -0.0653], [6.2556, -0.2611], [11.3952, -0.6527], [12.3945, -1.893], [15.107, -4.3081], [17.9623, -1.9582]], [[3.4003, -0.0653], [6.2556, -0.2611], [11.3952, -0.6527], [12.3945, -1.893], [18.5334, -2.8721], [17.6768, -2.2193]], [[3.4003, -0.0653], [6.2556, -0.2611], [11.3952, -0.6527], [12.3945, -1.893], [9.3964, -1.8277], [18.8189, -3.3943]]]",0.3043,0.0,0.0,0.0,0.0,0.0,0.0,False,"[2, 2, 2]",0.0,0.0,0.0,2.9499,4.0,1.2822,3.3622,6.3553,0.9852,2.3749,2.9499,"[[3.4, -0.065], [6.256, -0.261], [11.395, -0.653], [12.395, -1.893], [15.678, -3.133], [18.962, -2.219]]",ok,3.6958,0.0,0.0,0.0,0.0,0.0,0.0,0.0,0.0,0.0,dad9942ea8f1409985140f500c69c88e,scene-0929,42
1.4941,3.2982,5.0713,1.1769,1.9598,2.7679,0.0,0.0,0.0,0.0,0.0,0.0,0.0,0.0,0.0,ok,straight,2.0818,5.8386,9.3331,1.6842,3.3169,4.8693,False,"[-1.7624, -0.9791, -1.2402, -8.2899]","[-798.0949, -1353.4005, -1434.8886, -66531.7047]","[-1501420.6209, -1501975.9265, -1502057.4147, -1567154.2308]","[4.868, 4.92, 3.952, 8.818]","[[[4.1141, -0.1305], [7.9688, -0.4569], [12.9656, -1.0444], [17.6768, -1.5013], [21.9598, -0.6527], [25.6716, -3.5248]], [[4.1141, -0.1305], [7.9688, -0.4569], [12.9656, -1.0444], [17.6768, -1.5013], [20.5321, -2.8721], [27.3848, -1.9582]], [[4.1141, -0.1305], [7.9688, -0.4569], [12.9656, -1.0444], [17.6768, -1.5013], [18.8189, -1.9582], [23.3874, -2.4804]], [[4.1141, -0.1305], [7.9688, -0.4569], [12.9656, -1.0444], [17.6768, -1.5013], [16.2492, 16.5798], [29.9546, 16.5798]]]",1.8749,0.0,0.0,0.0,0.0,0.0,0.0,True,"[2, 2, 2]",0.0,0.0,0.0,3.9517,4.0,2.0818,5.8386,6.1911,1.6842,3.3169,3.9517,"[[4.114, -0.131], [7.969, -0.457], [12.966, -1.044], [17.677, -1.501], [21.246, -1.762], [26.528, -2.742]]",ok,8.8175,0.0,0.0,0.0,0.0,0.0,0.0,0.0,0.0,0.0,633856fa1c53411c931b7503a188521d,scene-0929,42
0.1875,2.2374,3.601,0.367,1.0752,1.7959,0.0,0.0,0.0,0.0,0.0,0.0,0.0,0.0,0.0,ok,straight,1.4721,0.9525,6.3339,0.9655,1.0175,2.5461,False,"[-0.0, -0.5222, -0.1305, -0.2611]","[-286.9536, -3821.8683, -6727.8345, -42908.3328]","[4.108, -1003819.7094, -1006725.6756, -1042906.1739]","[1.9, 3.196, 2.609, 3.562]","[[[2.1154, 0.0653], [4.3997, 0.0], [4.9707, 0.0], [5.2563, 0.0], [7.3977, 0.0], [9.1109, 0.0]], [[2.1154, 0.0653], [4.3997, 0.0], [4.9707, 0.0], [5.2563, 0.0], [11.3952, 0.1305], [12.8228, -1.0444]], [[2.1154, 0.0653], [4.3997, 0.0], [4.9707, 0.0], [5.2563, 0.0], [11.1096, -1.8277], [9.3964, 0.2611]], [[2.1154, 0.0653], [4.3997, 0.0], [4.9707, 0.0], [5.2563, 0.0], [-2.8813, -0.1305], [14.536, 0.5222]]]",0.6291,0.0,0.0,0.0,0.0,0.0,0.0,False,"[2, 2, 2]",0.0,0.0,0.0,1.9002,4.0,1.4721,0.9525,4.4575,0.9655,1.0175,1.9002,"[[2.115, 0.065], [4.4, 0.0], [4.971, 0.0], [5.256, 0.0], [9.396, 0.065], [10.967, -0.522]]",ok,3.5623,0.0,0.0,0.0,0.0,0.0,0.0,0.0,0.0,0.0,4cf5a8b9ae7140e79b98c583ee502999,scene-0929,42
2.2986,4.3728,6.7181,1.9423,2.9213,3.931,0.0,0.0,0.0,0.0,0.0,0.0,0.0,0.0,0.0,ok,straight,2.1573,4.6753,3.1067,1.6575,2.6407,3.0749,True,"[-0.1305, -0.0653, -2.6763, -0.3916]","[-391.4187, -756.8207, -2039.5056, -7458.3151]","[-500673.7507, -1501432.0058, -1502714.6908, -1508133.5002]","[3.641, 2.529, 4.96, 4.609]","[[[2.401, 0.0], [4.6852, 0.0653], [6.5411, 0.0653], [10.253, 0.3916], [12.5373, 0.1305], [15.3926, 0.2611]], [[2.401, 0.0], [4.6852, 0.0653], [6.5411, 0.0653], [10.253, 0.3916], [11.6807, 0.7833], [9.3964, 0.1305]], [[2.401, 0.0], [4.6852, 0.0653], [6.5411, 0.0653], [10.253, 0.3916], [15.107, 0.7833], [19.39, -5.3525]], [[2.401, 0.0], [4.6852, 0.0653], [6.5411, 0.0653], [10.253, 0.3916], [17.3913, 3.5248], [15.6781, 0.7833]]]",0.9442,0.0,0.0,0.0,0.0,0.0,0.0,True,"[2, 2, 2]",0.0,0.0,0.0,2.5292,4.0,2.1573,4.6753,0.2075,1.6575,2.6407,2.5292,"[[2.401, 0.0], [4.685, 0.065], [6.541, 0.065], [10.253, 0.392], [12.109, 0.457], [12.395, 0.196]]",ok,4.9596,0.0,0.0,0.0,0.0,0.0,0.0,0.0,0.0,0.0,cfb661d2947841ad8d6d18a0bb169d80,scene-0929,42
0.4468,0.7231,0.298,0.4974,0.4917,0.4852,0.0,0.0,0.0,0.0,0.0,0.0,0.0,0.0,0.0,ok,left,0.1784,1.8065,6.6104,0.2174,0.8669,1.8876,False,"[1.2402, 0.1305, 0.1305, 8.2899]","[-234.5455, -1919.8942, -9104.1779, -14264.7308]","[1.8317, -1001918.7975, -1009103.0811, -1014263.634]","[0.805, 3.234, 2.126, 3.329]","[[[2.5437, 0.0653], [4.828, 0.1305], [8.3971, 0.718], [11.5379, 1.7624], [13.1083, 2.4804], [15.3926, 2.4804]], [[2.5437, 0.0653], [4.828, 0.1305], [8.3971, 0.718], [11.5379, 1.7624], [9.9675, 1.8277], [2.2582, 0.2611]], [[2.5437, 0.0653], [4.828, 0.1305], [8.3971, 0.718], [11.5379, 1.7624], [9.9675, -3.1332], [11.9662, 0.2611]], [[2.5437, 0.0653], [4.828, 0.1305], [8.3971, 0.718], [11.5379, 1.7624], [14.536, 1.3055], [13.1083, 16.5798]]]",1.0215,0.0,0.0,0.0,0.0,0.0,0.0,False,"[2, 2, 2]",0.0,0.0,0.0,0.8051,4.0,0.1784,1.8065,0.298,0.2174,0.8669,0.8051,"[[2.544, 0.065], [4.828, 0.131], [8.397, 0.718], [11.538, 1.762], [11.538, 2.154], [8.825, 1.371]]",ok,3.3288,0.0,0.0,0.0,0.0,0.0,0.0,0.0,0.0,0.0,e57fa7124f6741e697b1841bc023a90f,scene-0930,42
0.1374,1.7679,4.2963,0.0897,0.7173,1.5635,0.0,0.0,0.0,0.0,0.0,0.0,0.0,0.0,0.0,ok,straight,0.1374,0.914,2.0872,0.232,0.4003,0.84,True,"[-0.0, -0.2611, -0.1305, -0.0653]","[-334.0155, -981.8092, -3086.7986, -5883.9054]","[4.117, 1.1135, -1003084.8978, -1005882.0045]","[1.542, 0.527, 1.364, 1.69]","[[[2.2582, 0.0], [3.6858, 0.0], [6.2556, 0.0], [7.3977, 0.0], [7.3977, 0.0], [9.1109, 0.0]], [[2.2582, 0.0], [3.6858, 0.0], [6.2556, 0.0], [7.3977, 0.0], [11.3952, 0.2611], [13.6794, -0.5222]], [[2.2582, 0.0], [3.6858, 0.0], [6.2556, 0.0], [7.3977, 0.0], [10.8241, 0.7833], [7.3977, 0.2611]], [[2.2582, 0.0], [3.6858, 0.0], [6.2556, 0.0], [7.3977, 0.0], [4.5424, 0.0], [11.1096, -0.1305]]]",0.4502,0.0,0.0,0.0,0.0,0.0,0.0,True,"[2, 2, 2]",0.0,0.0,0.0,0.527,4.0,0.1374,0.914,0.909,0.232,0.4003,0.527,"[[2.258, 0.0], [3.686, 0.0], [6.256, 0.0], [7.398, 0.0], [9.396, 0.131], [11.395, -0.261]]",ok,1.6901,0.0,0.0,0.0,0.0,0.0,0.0,0.0,0.0,0.0,0e9f5667298748c4af70e09079465060,scene-0930,42
0.3368,0.8367,0.4739,0.3426,0.6189,0.7791,0.0,0.0,0.0,0.0,0.0,0.0,0.0,0.0,0.0,ok,straight,0.4914,1.6113,1.6489,0.4199,0.6735,0.9063,False,"[-0.3916, -0.1958, -0.0653, -0.2611]","[-2319.9343, -2784.5877, -3280.4471, -97747.3436]","[-1002318.5352, -1002783.1886, -1003279.048, -1097745.9445]","[0.956, 1.41, 2.178, 3.502]","[[[3.1148, 0.0], [6.3984, -0.0653], [10.253, -0.2611], [14.6787, -0.5222], [14.2505, -0.6527], [17.3913, -0.7833]], [[3.1148, 0.0], [6.3984, -0.0653], [10.253, -0.2611], [14.6787, -0.5222], [19.6755, -0.1305], [16.8202, -0.3916]], [[3.1148, 0.0], [6.3984, -0.0653], [10.253, -0.2611], [14.6787, -0.5222], [16.2492, -1.5666], [9.1109, -0.1305]], [[3.1148, 0.0], [6.3984, -0.0653], [10.253, -0.2611], [14.6787, -0.5222], [18.8189, 16.5798], [18.8189, -0.5222]]]",0.9651,0.0,0.0,0.0,0.0,0.0,0.0,True,"[2, 2, 2]",0.0,0.0,0.0,0.9557,4.0,0.4914,1.6113,1.3156,0.4199,0.6735,0.9557,"[[3.115, 0.0], [6.398, -0.065], [10.253, -0.261], [14.679, -0.522], [16.963, -0.392], [17.106, -0.587]]",ok,3.5018,0.0,0.0,0.0,0.0,0.0,0.0,0.0,0.0,0.0,ff93d6dd1c0e4c569ee4bbc0c965c7f2,scene-0930,42
1.3278,2.5743,2.8338,0.9804,1.6049,1.9295,0.0,0.0,0.0,0.0,0.0,0.0,0.0,0.0,0.0,ok,right,3.2132,3.426,4.0387,2.1351,2.895,3.0062,False,"[0.9791, 2.2193, 1.0444, -8.2899]","[-317.5565, -857.8311, -2519.2262, -35149.3766]","[-1001808.4015, -2002667.3418, -2004328.7369, -2036958.8873]","[2.786, 3.283, 3.339, 6.041]","[[[2.6865, -0.0653], [6.3984, -0.6527], [8.8254, -0.3916], [10.253, -0.9791], [11.1096, -1.3055], [13.6794, -1.9582]], [[2.6865, -0.0653], [6.3984, -0.6527], [8.8254, -0.3916], [10.253, -0.9791], [11.3952, -1.6971], [16.2492, -4.4387]], [[2.6865, -0.0653], [6.3984, -0.6527], [8.8254, -0.3916], [10.253, -0.9791], [10.5386, -1.6971], [17.6768, -2.0888]], [[2.6865, -0.0653], [6.3984, -0.6527], [8.8254, -0.3916], [10.253, -0.9791], [7.1122, -0.3916], [22.5308, 16.5798]]]",1.2763,0.0,0.0,0.0,0.0,0.0,0.0,True,"[2, 2, 2]",0.0,0.0,0.0,2.7855,4.0,3.2132,3.426,2.8338,2.1351,2.895,2.7855,"[[2.686, -0.065], [6.398, -0.653], [8.825, -0.392], [10.253, -0.979], [11.252, -1.501], [14.964, -3.198]]",ok,6.0412,0.0,0.0,0.0,0.0,0.0,0.0,0.0,0.0,0.0,45cd8c6a4f8c4de8b7b47db174692dda,scene-0930,42
1.2198,1.4688,4.8172,0.8881,1.2249,2.2794,0.0,0.0,0.0,0.0,0.0,0.0,0.0,0.0,0.0,ok,right,1.1532,1.9859,4.958,0.7703,1.1959,1.9408,True,"[1.5666, 1.5666, 2.0888, 1.1749]","[-697.8298, -3488.6489, -4051.0539, -8119.8291]","[-1000694.9102, -1003485.7292, -1004048.1343, -1008116.9095]","[2.26, 1.7, 1.721, 1.826]","[[[2.1154, -0.1305], [3.9714, -0.5875], [6.3984, -0.7833], [8.9682, -0.3264], [9.1109, -1.8277], [10.5386, -3.1332]], [[2.1154, -0.1305], [3.9714, -0.5875], [6.3984, -0.7833], [8.9682, -0.3264], [13.1083, -2.8721], [10.253, -3.1332]], [[2.1154, -0.1305], [3.9714, -0.5875], [6.3984, -0.7833], [8.9682, -0.3264], [8.8254, -1.6971], [16.5347, -4.1776]], [[2.1154, -0.1305], [3.9714, -0.5875], [6.3984, -0.7833], [8.9682, -0.3264], [8.8254, -5.0914], [14.8215, -2.3499]]]",0.2264,0.0,0.0,0.0,0.0,0.0,0.0,False,"[2, 2, 2]",0.0,0.0,0.0,1.7002,4.0,1.1532,1.9859,5.0989,0.7703,1.1959,1.7002,"[[2.115, -0.131], [3.971, -0.587], [6.398, -0.783], [8.968, -0.326], [11.11, -2.35], [10.396, -3.133]]",ok,2.2601,0.0,0.0,0.0,0.0,0.0,0.0,0.0,0.0,0.0,b139c133286247d48093bba9151920b2,scene-0931,42
0.4362,0.8593,0.9517,0.3715,0.5443,0.6432,0.0,0.0,0.0,0.0,0.0,0.0,0.0,0.0,0.0,ok,right,1.0361,0.7728,3.0629,0.5861,0.8133,1.3855,False,"[0.7833, -0.7833, -1.8277, 1.893]","[-232.5607, -2786.7597, -4392.4511, -120420.4325]","[-500755.2191, -1503543.137, -1505148.8284, -1621176.8098]","[0.822, 2.096, 2.422, 4.08]","[[[2.6865, -0.0653], [5.9701, -0.3916], [8.5399, -0.6527], [10.1103, -1.2402], [11.1096, -0.9138], [13.6794, -1.5666]], [[2.6865, -0.0653], [5.9701, -0.3916], [8.5399, -0.6527], [10.1103, -1.2402], [15.3926, -1.9582], [16.5347, 1.5666]], [[2.6865, -0.0653], [5.9701, -0.3916], [8.5399, -0.6527], [10.1103, -1.2402], [6.8267, 0.3916], [10.253, 3.6554]], [[2.6865, -0.0653], [5.9701, -0.3916], [8.5399, -0.6527], [10.1103, -1.2402], [13.3939, 16.5798], [10.5386, -3.7859]]]",1.1615,0.0,0.0,0.0,0.0,0.0,0.0,True,"[2, 2, 2]",0.0,0.0,0.0,0.8225,4.0,1.0361,0.7728,0.9517,0.5861,0.8133,0.8225,"[[2.686, -0.065], [5.97, -0.392], [8.54, -0.653], [10.11, -1.24], [13.251, -1.436], [15.107, 0.0]]",ok,4.0802,0.0,0.0,0.0,0.0,0.0,0.0,0.0,0.0,0.0,ff16d788ac4244e98f9bf8097cf6267c,scene-0931,42
3.3235,6.928,10.7147,2.6106,4.157,5.8361,0.0,0.0,0.0,0.0,0.0,0.0,0.0,0.0,0.0,ok,straight,4.0288,6.2692,12.1513,3.0322,4.5226,6.5214,False,"[-1.2402, -2.611, -1.436, -8.2899]","[-430.0773, -2294.1534, -4043.8205, -19101.2804]","[-1002230.9987, -2004526.7167, -2006276.3838, -2021333.8437]","[6.08, 7.016, 6.439, 8.359]","[[[2.6865, -1.0444], [6.1129, 0.1305], [8.9682, 0.5222], [10.3958, 1.3055], [12.8228, 1.6971], [16.8202, 2.4804]], [[2.6865, -1.0444], [6.1129, 0.1305], [8.9682, 0.5222], [10.3958, 1.3055], [14.2505, 5.3525], [19.1045, 5.222]], [[2.6865, -1.0444], [6.1129, 0.1305], [8.9682, 0.5222], [10.3958, 1.3055], [11.6807, 0.0], [20.2466, 2.8721]], [[2.6865, -1.0444], [6.1129, 0.1305], [8.9682, 0.5222], [10.3958, 1.3055], [18.2479, 2.0888], [16.2492, 16.5798]]]",0.8668,0.0,0.0,0.0,0.0,0.0,0.0,True,"[2, 2, 2]",0.0,0.0,0.0,6.0798,4.0,4.0288,6.2692,10.7147,3.0322,4.5226,6.0798,"[[2.686, -1.044], [6.113, 0.131], [8.968, 0.522], [10.396, 1.305], [13.537, 3.525], [17.962, 3.851]]",ok,8.3587,0.0,0.0,0.0,0.0,0.0,0.0,0.0,0.0,0.0,e9c58a877bde42e68c0a4850cd93c6ca,scene-0931,42
1.5537,3.1756,5.7278,1.0428,1.875,2.8651,0.0,0.0,0.0,0.0,0.0,0.0,0.0,0.0,0.0,ok,straight,1.418,3.2802,11.6531,1.1885,2.0781,3.8027,False,"[-0.8486, -8.2899, -8.2899, -2.8721]","[-168.3511, -16756.5984, -56014.3274, -280182.0252]","[5.0542, -1016753.6098, -1056011.3388, -1280179.0365]","[2.913, 4.885, 5.433, 8.124]","[[[2.1154, 0.0], [3.5431, 0.0], [5.5418, -0.2611], [6.5411, 0.5875], [7.3977, 1.0444], [8.5399, 1.6971]], [[2.1154, 0.0], [3.5431, 0.0], [5.5418, -0.2611], [6.5411, 0.5875], [4.828, 1.1749], [12.2517, 16.5798]], [[2.1154, 0.0], [3.5431, 0.0], [5.5418, -0.2611], [6.5411, 0.5875], [8.2543, -5.8747], [1.4016, 16.5798]], [[2.1154, 0.0], [3.5431, 0.0], [5.5418, -0.2611], [6.5411, 0.5875], [32.2388, -16.5798], [9.3964, -5.7442]]]",1.8612,0.0,0.0,0.0,0.0,0.0,0.0,False,"[2, 2, 2]",0.0,0.0,0.0,2.9132,4.0,1.418,3.2802,5.2039,1.1885,2.0781,2.9132,"[[2.115, 0.0], [3.543, 0.0], [5.542, -0.261], [6.541, 0.587], [6.113, 1.11], [10.396, 9.138]]",ok,8.1241,0.0,0.0,0.0,0.0,0.0,0.0,0.0,0.0,0.0,aa08bd8260bd4cb5a342c2efb1afde0a,scene-0931,42
0.9881,3.2535,4.5061,0.9562,1.922,2.7799,0.0,0.0,0.0,0.0,0.0,0.0,0.0,0.0,0.0,ok,straight,0.9881,3.08,1.6211,0.8145,1.441,1.7426,True,"[-0.2611, -0.1305, -0.3264, -0.0653]","[-425.4624, -2767.8925, -6061.6141, -9816.167]","[-501481.0137, -1504249.5017, -1507543.2233, -1511297.7762]","[2.459, 2.466, 3.025, 2.793]","[[[3.4003, 0.0], [6.5412, -0.1305], [9.1109, -0.5222], [14.1077, -0.4569], [18.2479, -0.5222], [20.8176, -0.5222]], [[3.4003, 0.0], [6.5412, -0.1305], [9.1109, -0.5222], [14.1077, -0.4569], [15.3926, -0.3916], [9.1109, -0.2611]], [[3.4003, 0.0], [6.5412, -0.1305], [9.1109, -0.5222], [14.1077, -0.4569], [22.2453, -0.5222], [20.2466, -0.6527]], [[3.4003, 0.0], [6.5412, -0.1305], [9.1109, -0.5222], [14.1077, -0.4569], [19.9611, -0.2611], [11.6807, -0.1305]]]",0.2378,0.0,0.0,0.0,0.0,0.0,0.0,False,"[2, 2, 2]",0.0,0.0,0.0,2.4592,4.0,0.9881,3.08,4.5248,0.8145,1.441,2.4592,"[[3.4, 0.0], [6.541, -0.131], [9.111, -0.522], [14.108, -0.457], [16.82, -0.457], [14.964, -0.392]]",ok,3.0249,0.0,0.0,0.0,0.0,0.0,0.0,0.0,0.0,0.0,b2a93b022374432d917cc7db15ca023a,scene-0962,42
0.9212,0.9775,2.1648,0.559,0.9219,1.3255,0.0,0.0,0.0,0.0,0.0,0.0,0.0,0.0,0.0,ok,straight,0.9212,1.7724,2.8677,0.5461,0.8592,1.2539,True,"[-1.2402, -2.3499, -1.3708, -1.436]","[-326.0046, -1642.3737, -8454.3791, -9891.2787]","[4.5773, -1001639.7586, -1008451.764, -1009888.6637]","[1.247, 1.409, 2.377, 1.684]","[[[2.8293, -0.0653], [5.1135, -0.2611], [8.3971, -0.2611], [10.253, -1.1097], [13.1083, -1.5666], [15.9636, -2.4804]], [[2.8293, -0.0653], [5.1135, -0.2611], [8.3971, -0.2611], [10.253, -1.1097], [15.107, -1.9582], [16.5347, -4.6998]], [[2.8293, -0.0653], [5.1135, -0.2611], [8.3971, -0.2611], [10.253, -1.1097], [9.1109, 2.4804], [13.6794, -2.7415]], [[2.8293, -0.0653], [5.1135, -0.2611], [8.3971, -0.2611], [10.253, -1.1097], [18.5334, -3.7859], [17.1058, -2.8721]]]",0.4321,0.0,0.0,0.0,0.0,0.0,0.0,True,"[2, 2, 2]",0.0,0.0,0.0,1.2475,4.0,0.9212,1.7724,2.1648,0.5461,0.8592,1.2475,"[[2.829, -0.065], [5.113, -0.261], [8.397, -0.261], [10.253, -1.11], [14.108, -1.762], [16.249, -3.59]]",ok,2.3774,0.0,0.0,0.0,0.0,0.0,0.0,0.0,0.0,0.0,af7ce8da343b4de19950c66b15ece116,scene-0962,42
0.8728,0.7174,1.6593,0.6583,0.6485,0.9318,0.0,0.0,0.0,0.0,0.0,0.0,0.0,0.0,0.0,ok,left,1.3557,6.791,5.608,0.7639,2.5304,2.952,False,"[3.3943, 8.2899, 0.9138, 8.2899]","[-31077.9082, -67322.5364, -97928.1855, -153902.9632]","[-1544344.0682, -1580588.6964, -1611194.3456, -1667169.1232]","[2.186, 4.192, 4.795, 5.169]","[[[2.2582, 0.1305], [3.5431, 0.3916], [5.399, 1.1749], [10.3958, 9.7912], [10.5386, 3.7859], [11.9662, 6.7886]], [[2.2582, 0.1305], [3.5431, 0.3916], [5.399, 1.1749], [10.3958, 9.7912], [11.9662, 1.8277], [20.5321, 16.5798]], [[2.2582, 0.1305], [3.5431, 0.3916], [5.399, 1.1749], [10.3958, 9.7912], [12.2517, -6.1358], [7.6833, 1.8277]], [[2.2582, 0.1305], [3.5431, 0.3916], [5.399, 1.1749], [10.3958, 9.7912], [11.1096, -6.0053], [11.3952, 16.5798]]]",1.1506,0.0,0.0,0.0,0.0,0.0,0.0,False,"[2, 2, 2]",0.0,0.0,0.0,2.1864,4.0,1.3557,6.791,1.6593,0.7639,2.5304,2.1864,"[[2.258, 0.131], [3.543, 0.392], [5.399, 1.175], [10.396, 9.791], [11.252, 2.807], [16.249, 11.684]]",ok,5.1688,0.0,0.0,0.0,0.0,0.0,0.0,0.0,0.0,0.0,b402f8066efb4e34b7007a1d81aba25e,scene-0962,42
1.1485,0.4295,1.8339,0.7159,0.7965,1.1786,0.0,0.0,0.0,0.0,0.0,0.0,0.0,0.0,0.0,ok,straight,1.5766,1.428,5.3196,0.9299,1.0454,1.8844,False,"[-0.0653, -0.0653, -0.0653, -0.3916]","[-167.4107, -3767.6608, -30773.9787, -1002700.8503]","[3.9467, -1003764.8951, -1030771.2131, -2002698.0847]","[1.345, 3.716, 4.039, 10.101]","[[[3.4003, 0.0], [6.1129, 0.0], [10.1103, -0.0653], [13.2511, -0.0653], [16.2492, -0.1305], [19.9611, -0.1305]], [[3.4003, 0.0], [6.1129, 0.0], [10.1103, -0.0653], [13.2511, -0.0653], [23.9585, 0.0], [34.2375, 0.1305]], [[3.4003, 0.0], [6.1129, 0.0], [10.1103, -0.0653], [13.2511, -0.0653], [20.2466, 0.0], [3.6858, -0.1305]], [[3.4003, 0.0], [6.1129, 0.0], [10.1103, -0.0653], [13.2511, -0.0653], [69.6432, 0.0], [16.8202, 0.7833]]]",3.2325,0.0,0.0,0.0,0.0,0.0,0.0,False,"[2, 2, 2]",0.0,0.0,0.0,1.3446,4.0,1.5766,1.428,1.8339,0.9299,1.0454,1.3446,"[[3.4, 0.0], [6.113, 0.0], [10.11, -0.065], [13.251, -0.065], [20.104, -0.065], [27.099, 0.0]]",ok,10.1012,0.0,0.0,0.0,0.0,0.0,0.0,0.0,0.0,0.0,01ac1c5f06994c82be7cc5498a41eab1,scene-0962,42
1.0854,1.131,1.448,0.6323,1.0515,1.2278,0.0,0.0,0.0,0.0,0.0,0.0,0.0,0.0,0.0,ok,straight,0.3973,2.1503,2.2032,0.3531,0.8359,1.3992,False,"[-0.3916, -3.329, -0.1305, -0.3264]","[-1179.0409, -6903.3866, -12363.5789, -16215.6651]","[-500811.2555, -1507716.5429, -1513176.7352, -1517028.8214]","[1.062, 2.561, 1.987, 1.925]","[[[3.2576, 0.1305], [5.8273, 0.0], [9.1109, 0.1305], [9.9675, 0.3916], [13.6794, 0.1305], [15.9636, 0.7833]], [[3.2576, 0.1305], [5.8273, 0.0], [9.1109, 0.1305], [9.9675, 0.3916], [12.2517, -6.2664], [17.9623, -6.658]], [[3.2576, 0.1305], [5.8273, 0.0], [9.1109, 0.1305], [9.9675, 0.3916], [16.8202, 0.5222], [11.1096, 0.2611]], [[3.2576, 0.1305], [5.8273, 0.0], [9.1109, 0.1305], [9.9675, 0.3916], [18.5334, 1.5666], [13.6794, 0.6527]]]",0.5353,0.0,0.0,0.0,0.0,0.0,0.0,False,"[2, 2, 2]",0.0,0.0,0.0,1.0623,4.0,0.3973,2.1503,1.8465,0.3531,0.8359,1.0623,"[[3.258, 0.131], [5.827, 0.0], [9.111, 0.131], [9.968, 0.392], [12.966, -3.068], [16.963, -2.937]]",ok,2.5613,0.0,0.0,0.0,0.0,0.0,0.0,0.0,0.0,0.0,637fc435f95f4bc1b72f09811f2d78d2,scene-0963,42
0.3222,0.4957,0.3075,0.3617,0.3902,0.4613,0.0,0.0,0.0,0.0,0.0,0.0,0.0,0.0,0.0,ok,straight,0.6068,0.3798,0.246,0.5753,0.4418,0.4167,True,"[-0.0, -0.0, -3.3943, -0.1305]","[-71.3536, -234.2594, -1612.232, -26366.7104]","[3.1096, 3.095, -1001610.3567, -1026364.8352]","[0.397, 0.496, 1.616, 1.875]","[[[0.9733, 0.0], [2.2582, 0.0], [4.2569, -0.0653], [5.399, -0.0653], [5.9701, 0.0], [7.1122, 0.0]], [[0.9733, 0.0], [2.2582, 0.0], [4.2569, -0.0653], [5.399, -0.0653], [5.1135, 0.0], [6.5412, 0.0]], [[0.9733, 0.0], [2.2582, 0.0], [4.2569, -0.0653], [5.399, -0.0653], [6.8267, -0.3916], [9.3964, -6.7886]], [[0.9733, 0.0], [2.2582, 0.0], [4.2569, -0.0653], [5.399, -0.0653], [15.3926, -0.1305], [6.8267, -0.2611]]]",0.6572,0.0,0.0,0.0,0.0,0.0,0.0,True,"[2, 2, 2]",0.0,0.0,0.0,0.3968,4.0,0.6068,0.3798,0.4354,0.5753,0.4418,0.3968,"[[0.973, 0.0], [2.258, 0.0], [4.257, -0.065], [5.399, -0.065], [5.542, 0.0], [6.827, 0.0]]",ok,1.8754,0.0,0.0,0.0,0.0,0.0,0.0,0.0,0.0,0.0,cea42507a76141998b455b4fed199c35,scene-0963,42
1.1342,1.4466,2.6274,0.9003,1.1052,1.6246,0.0,0.0,0.0,0.0,0.0,0.0,0.0,0.0,0.0,ok,straight,1.277,2.4382,5.692,1.1144,1.7457,2.7548,False,"[-0.0653, -5.4831, -0.2611, -0.0653]","[-98.018, -8503.7638, -8745.7097, -16962.3574]","[4.589, -1008501.2019, -1008743.1478, -1016959.7955]","[1.957, 3.839, 3.625, 3.193]","[[[1.4016, 0.0], [2.6865, 0.0], [4.828, 0.0], [6.1129, -0.0653], [7.3977, -0.1305], [7.6833, -0.1305]], [[1.4016, 0.0], [2.6865, 0.0], [4.828, 0.0], [6.1129, -0.0653], [9.682, -0.5222], [5.399, -10.9662]], [[1.4016, 0.0], [2.6865, 0.0], [4.828, 0.0], [6.1129, -0.0653], [13.6794, 0.2611], [11.3952, -0.5222]], [[1.4016, 0.0], [2.6865, 0.0], [4.828, 0.0], [6.1129, -0.0653], [14.536, 0.0], [7.9688, -0.1305]]]",0.729,0.0,0.0,0.0,0.0,0.0,0.0,False,"[2, 2, 2]",0.0,0.0,0.0,1.9568,4.0,1.277,2.4382,2.0585,1.1144,1.7457,1.9568,"[[1.402, 0.0], [2.686, 0.0], [4.828, 0.0], [6.113, -0.065], [8.54, -0.326], [6.541, -5.548]]",ok,3.8389,0.0,0.0,0.0,0.0,0.0,0.0,0.0,0.0,0.0,f500fa5dbede4e3ba3c8c523748d5110,scene-0963,42
0.3711,1.227,2.9176,0.2417,0.7279,1.3606,0.0,0.0,0.0,0.0,0.0,0.0,0.0,0.0,0.0,ok,straight,0.6562,1.7977,5.0649,0.3448,0.9577,1.9668,False,"[-0.0653, -0.2611, -0.1958, -0.0653]","[-24.0807, -109.6022, -1804.9656, -9691.7277]","[3.4897, 1.1588, -1001803.1625, -1009689.9246]","[1.514, 2.42, 1.802, 2.658]","[[[0.9733, 0.0], [2.5437, 0.0], [3.8286, -0.0653], [4.5424, 0.0], [5.1135, -0.1305], [5.6846, -0.1305]], [[0.9733, 0.0], [2.5437, 0.0], [3.8286, -0.0653], [4.5424, 0.0], [6.2556, -0.1305], [9.9675, -0.5222]], [[0.9733, 0.0], [2.5437, 0.0], [3.8286, -0.0653], [4.5424, 0.0], [3.6858, 0.0], [8.8254, 0.3916]], [[0.9733, 0.0], [2.5437, 0.0], [3.8286, -0.0653], [4.5424, 0.0], [11.1096, -0.5222], [6.5412, -0.1305]]]",0.4599,0.0,0.0,0.0,0.0,0.0,0.0,True,"[2, 2, 2]",0.0,0.0,0.0,1.5138,4.0,0.6562,1.7977,2.9176,0.3448,0.9577,1.5138,"[[0.973, 0.0], [2.544, 0.0], [3.829, -0.065], [4.542, 0.0], [5.685, -0.131], [7.826, -0.326]]",ok,2.6578,0.0,0.0,0.0,0.0,0.0,0.0,0.0,0.0,0.0,3fafefe85e5741469e3539c361ec55ad,scene-0963,42
2.6372,6.8786,11.3388,2.0419,3.9252,5.7315,0.0,0.0,0.0,0.0,0.0,0.0,0.0,0.0,0.0,ok,straight,2.6343,9.3027,13.7626,1.7552,4.7095,6.5152,False,"[-0.0653, -0.0653, -0.2611, -0.0653]","[-1976.3765, -19181.3209, -27787.151, -886301.529]","[-1502448.5531, -1519653.4974, -1528259.3276, -2386773.7056]","[6.539, 6.491, 7.545, 14.628]","[[[3.1148, 0.0], [6.5412, -0.0653], [11.8235, -0.0653], [16.6775, -0.1305], [17.3913, -0.1305], [21.9598, -0.1305]], [[3.1148, 0.0], [6.5412, -0.0653], [11.8235, -0.0653], [16.6775, -0.1305], [13.3939, -0.2611], [25.6716, -0.1305]], [[3.1148, 0.0], [6.5412, -0.0653], [11.8235, -0.0653], [16.6775, -0.1305], [13.9649, -0.1305], [31.3822, 0.5222]], [[3.1148, 0.0], [6.5412, -0.0653], [11.8235, -0.0653], [16.6775, -0.1305], [69.6432, -0.2611], [18.2479, -0.1305]]]",3.3903,0.0,0.0,0.0,0.0,0.0,0.0,False,"[2, 2, 2]",0.0,0.0,0.0,6.4914,4.0,2.6343,9.3027,15.6167,1.7552,4.7095,6.4914,"[[3.115, 0.0], [6.541, -0.065], [11.823, -0.065], [16.677, -0.131], [15.393, -0.196], [23.816, -0.131]]",ok,14.6276,0.0,0.0,0.0,0.0,0.0,0.0,0.0,0.0,0.0,b5cbf927fe0d47c39a9c1d1b05279c55,scene-0966,42
8.5042,18.0583,24.8539,6.3667,11.1791,15.1211,0.0,0.0,0.0,0.0,0.0,0.0,0.0,0.0,0.0,ok,straight,8.2188,19.0573,24.2836,6.2954,11.3574,15.1687,False,"[-0.0653, -0.1958, -0.1305, -8.2899]","[-633.9773, -613.7588, -2281.5235, -62182.3645]","[3.5222, 3.486, -1002279.1947, -1062180.0357]","[15.05, 15.288, 15.859, 16.05]","[[[4.3997, 0.0], [8.2543, -0.0653], [13.8222, -0.0653], [19.2472, -0.0653], [21.6742, -0.1305], [24.8151, -0.1305]], [[4.3997, 0.0], [8.2543, -0.0653], [13.8222, -0.0653], [19.2472, -0.0653], [21.9598, -0.1305], [25.9572, -0.3916]], [[4.3997, 0.0], [8.2543, -0.0653], [13.8222, -0.0653], [19.2472, -0.0653], [21.6742, -0.1305], [29.6691, -0.2611]], [[4.3997, 0.0], [8.2543, -0.0653], [13.8222, -0.0653], [19.2472, -0.0653], [14.536, -1.0444], [33.952, 16.5798]]]",0.4075,0.0,0.0,0.0,0.0,0.0,0.0,True,"[2, 2, 2]",0.0,0.0,0.0,15.0496,4.0,8.2188,19.0573,23.7118,6.2954,11.3574,15.0496,"[[4.4, 0.0], [8.254, -0.065], [13.822, -0.065], [19.247, -0.065], [21.817, -0.131], [25.386, -0.261]]",ok,16.0504,0.0,0.0,0.0,0.0,0.0,0.0,0.0,0.0,0.0,fbbdca28bed1419a87dd2f0b1ced635f,scene-0966,42
5.5781,9.5208,14.4766,4.3321,6.6439,8.9751,0.0,0.0,0.0,0.0,0.0,0.0,0.0,0.0,0.0,ok,straight,5.0048,9.9293,15.4648,4.1888,6.4345,8.7145,True,"[-0.3264, -0.1958, -0.4569, -5.222]","[-374.3525, -4904.7429, -8953.0289, -9547.9592]","[3.8487, -1004902.9851, -1008951.2711, -1009546.2015]","[8.835, 8.594, 9.362, 9.71]","[[[5.1135, -0.0653], [9.1109, -0.0653], [14.1077, -0.5875], [19.39, -1.3055], [24.8151, -0.2611], [29.6691, -0.6527]], [[5.1135, -0.0653], [9.1109, -0.0653], [14.1077, -0.5875], [19.39, -1.3055], [21.3887, -0.1305], [31.6678, -0.3916]], [[5.1135, -0.0653], [9.1109, -0.0653], [14.1077, -0.5875], [19.39, -1.3055], [29.3835, -0.1305], [28.2414, -0.9138]], [[5.1135, -0.0653], [9.1109, -0.0653], [14.1077, -0.5875], [19.39, -1.3055], [23.3874, -0.1305], [33.381, -10.444]]]",0.437,0.0,0.0,0.0,0.0,0.0,0.0,False,"[2, 2, 2]",0.0,0.0,0.0,8.5939,4.0,5.0048,9.9293,16.4554,4.1888,6.4345,8.5939,"[[5.113, -0.065], [9.111, -0.065], [14.108, -0.587], [19.39, -1.305], [23.102, -0.196], [30.668, -0.522]]",ok,9.7096,0.0,0.0,0.0,0.0,0.0,0.0,0.0,0.0,0.0,24e19e8837cc4653a68f6869cad091c5,scene-0966,42
2.9552,4.5032,8.538,2.0862,3.1436,4.502,0.0,0.0,0.0,0.0,0.0,0.0,0.0,0.0,0.0,ok,straight,3.3831,5.2165,8.0024,2.5857,3.6443,4.7214,False,"[-0.1305, -2.2846, -0.1958, -0.7833]","[-111.8616, -550.1908, -825.9768, -27733.6472]","[1.9041, -1000549.7244, -1000825.5105, -1027733.1809]","[4.835, 4.713, 4.881, 4.168]","[[[5.1135, 0.0], [9.8247, -0.1305], [14.2505, -0.2611], [18.9617, -0.1958], [23.3874, -0.2611], [29.6691, -0.2611]], [[5.1135, 0.0], [9.8247, -0.1305], [14.2505, -0.2611], [18.9617, -0.1958], [23.1019, -0.5222], [28.2414, -4.5692]], [[5.1135, 0.0], [9.8247, -0.1305], [14.2505, -0.2611], [18.9617, -0.1958], [25.3861, -0.3916], [27.9559, -0.3916]], [[5.1135, 0.0], [9.8247, -0.1305], [14.2505, -0.2611], [18.9617, -0.1958], [14.2505, 0.0], [28.2414, -1.5666]]]",0.2846,0.0,0.0,0.0,0.0,0.0,0.0,True,"[2, 2, 2]",0.0,0.0,0.0,4.168,4.0,3.3831,5.2165,7.154,2.5857,3.6443,4.168,"[[5.113, 0.0], [9.825, -0.131], [14.25, -0.261], [18.962, -0.196], [23.245, -0.392], [28.955, -2.415]]",ok,4.8813,0.0,0.0,0.0,0.0,0.0,0.0,0.0,0.0,0.0,9e5e0d9f86414e7699c2aed455c137ca,scene-0966,42
1.3349,3.3293,5.9222,0.798,1.7504,2.9075,0.0,0.0,0.0,0.0,0.0,0.0,0.0,0.0,0.0,ok,straight,0.4865,3.9094,5.2134,0.3738,1.8984,3.102,False,"[-0.0, -0.1958, -0.1305, -0.3264]","[-518.1695, -2613.7378, -5742.8205, -7896.1457]","[-501118.0036, -1503734.425, -1506863.5077, -1509016.8329]","[3.006, 3.2, 3.57, 6.009]","[[[3.9714, 0.0], [7.6833, 0.0], [13.3939, -0.4569], [17.3913, 0.1305], [20.8176, 0.0], [24.8151, 0.0]], [[3.9714, 0.0], [7.6833, 0.0], [13.3939, -0.4569], [17.3913, 0.1305], [23.3874, 0.0], [23.3874, 0.3916]], [[3.9714, 0.0], [7.6833, 0.0], [13.3939, -0.4569], [17.3913, 0.1305], [18.8189, 0.9138], [29.9546, 0.2611]], [[3.9714, 0.0], [7.6833, 0.0], [13.3939, -0.4569], [17.3913, 0.1305], [22.8163, -0.7833], [40.8047, -0.6527]]]",1.208,0.0,0.0,0.0,0.0,0.0,0.0,True,"[2, 2, 2]",0.0,0.0,0.0,3.0062,4.0,0.4865,3.9094,5.9222,0.3738,1.8984,3.0062,"[[3.971, 0.0], [7.683, 0.0], [13.394, -0.457], [17.391, 0.131], [22.103, 0.0], [24.101, 0.196]]",ok,6.0088,0.0,0.0,0.0,0.0,0.0,0.0,0.0,0.0,0.0,23d02c83708b4f5e9579bbd99370a672,scene-0967,42
5.4738,11.2087,18.0964,3.9702,6.8802,9.8135,0.0,0.0,0.0,0.0,0.0,0.0,0.0,0.0,0.0,ok,straight,5.1883,11.494,16.8114,3.9702,7.0945,9.8138,False,"[-0.0, -0.0653, -1.1749, -0.6527]","[-288.2143, -180.8937, -25327.7155, -304469.0449]","[3.3829, 3.2472, -1025325.9623, -1304467.2917]","[10.147, 9.481, 13.109, 13.585]","[[[3.9714, 0.0], [7.6833, -0.0653], [12.5373, -0.1958], [15.9636, -0.0653], [19.6755, -0.3916], [25.1006, 0.0]], [[3.9714, 0.0], [7.6833, -0.0653], [12.5373, -0.1958], [15.9636, -0.0653], [18.8189, -0.1305], [21.9598, -0.1305]], [[3.9714, 0.0], [7.6833, -0.0653], [12.5373, -0.1958], [15.9636, -0.0653], [18.8189, -0.1305], [43.66, -2.3499]], [[3.9714, 0.0], [7.6833, -0.0653], [12.5373, -0.1958], [15.9636, -0.0653], [47.6574, -0.2611], [17.6768, -1.3055]]]",1.7901,0.0,0.0,0.0,0.0,0.0,0.0,True,"[2, 2, 2]",0.0,0.0,0.0,9.4805,4.0,5.1883,11.494,15.2411,3.9702,7.0945,9.4805,"[[3.971, 0.0], [7.683, -0.065], [12.537, -0.196], [15.964, -0.065], [19.247, -0.261], [23.53, -0.065]]",ok,13.5848,0.0,0.0,0.0,0.0,0.0,0.0,0.0,0.0,0.0,8b95c9f201034aedb14454f4e2869abe,scene-0967,42
3.604,6.4062,10.1576,2.4525,4.0967,5.5672,0.0,0.0,0.0,0.0,0.0,0.0,0.0,0.0,0.0,ok,straight,2.7443,4.837,13.0116,2.2374,3.3472,5.7573,False,"[-0.1305, -0.1305, -0.3264, -0.0653]","[-105.1519, -724.7625, -851.5275, -1081.5867]","[4.0213, -1000722.6945, -1000849.4596, -1001079.5188]","[5.068, 6.447, 5.981, 5.846]","[[[4.1141, 0.0653], [7.6833, 0.0], [11.5379, -0.1305], [14.6787, -0.1305], [19.1045, -0.1305], [24.5295, -0.2611]], [[4.1141, 0.0653], [7.6833, 0.0], [11.5379, -0.1305], [14.6787, -0.1305], [21.6742, -0.1305], [30.2401, -0.2611]], [[4.1141, 0.0653], [7.6833, 0.0], [11.5379, -0.1305], [14.6787, -0.1305], [21.3887, -0.7833], [27.6704, -0.6527]], [[4.1141, 0.0653], [7.6833, 0.0], [11.5379, -0.1305], [14.6787, -0.1305], [19.39, -1.1749], [28.8125, -0.1305]]]",0.4962,0.0,0.0,0.0,0.0,0.0,0.0,True,"[2, 2, 2]",0.0,0.0,0.0,5.0675,4.0,2.7443,4.837,10.1576,2.2374,3.3472,5.0675,"[[4.114, 0.065], [7.683, 0.0], [11.538, -0.131], [14.679, -0.131], [20.389, -0.131], [27.385, -0.261]]",ok,6.4471,0.0,0.0,0.0,0.0,0.0,0.0,0.0,0.0,0.0,114e0ea88971491bb49e93d56ff96419,scene-0967,42
1.469,3.2674,3.8445,1.2306,1.9638,2.6992,0.0,0.0,0.0,0.0,0.0,0.0,0.0,0.0,0.0,ok,straight,1.7544,1.0143,8.5517,1.1592,1.5084,3.2282,False,"[-0.0, -0.1305, -0.1958, -0.0]","[-2030.3363, -3095.3472, -3249.9462, -13382.6465]","[-1503491.8165, -1504556.8273, -1504711.4264, -1514844.1267]","[2.681, 3.776, 1.618, 3.252]","[[[2.401, 0.0], [5.399, 0.0], [7.9688, 0.2611], [7.6833, 0.3916], [11.9662, 0.0], [15.3926, 0.0]], [[2.401, 0.0], [5.399, 0.0], [7.9688, 0.2611], [7.6833, 0.3916], [13.6794, -0.1305], [20.2466, 0.2611]], [[2.401, 0.0], [5.399, 0.0], [7.9688, 0.2611], [7.6833, 0.3916], [11.1096, -0.7833], [9.682, 0.3916]], [[2.401, 0.0], [5.399, 0.0], [7.9688, 0.2611], [7.6833, 0.3916], [16.2492, 0.0], [14.536, 0.0]]]",0.8007,0.0,0.0,0.0,0.0,0.0,0.0,False,"[2, 2, 2]",0.0,0.0,0.0,1.6176,4.0,1.7544,1.0143,0.465,1.1592,1.5084,1.6176,"[[2.401, 0.0], [5.399, 0.0], [7.969, 0.261], [7.683, 0.392], [12.823, -0.065], [17.82, 0.131]]",ok,3.7758,0.0,0.0,0.0,0.0,0.0,0.0,0.0,0.0,0.0,f10cf1a409064743975d04dd496539e0,scene-0967,42
4.265,8.6036,11.8034,3.2635,5.4232,7.4558,0.0,0.0,0.0,0.0,0.0,0.0,0.0,0.0,0.0,ok,straight,4.1148,8.479,14.8255,3.0443,4.9254,7.665,False,"[-0.8486, -8.2899, -2.2846, -0.8486]","[-625.0334, -15192.5669, -65840.2841, -85309.8413]","[-500918.9786, -1516113.446, -1566761.1632, -1586230.7204]","[6.936, 9.038, 9.225, 8.678]","[[[1.9727, 0.0653], [4.1141, -0.0653], [5.1135, 0.4569], [8.3971, 1.1749], [9.9675, 1.6971], [11.6807, 1.6971]], [[1.9727, 0.0653], [4.1141, -0.0653], [5.1135, 0.4569], [8.3971, 1.1749], [12.8228, 0.7833], [13.9649, -16.5798]], [[1.9727, 0.0653], [4.1141, -0.0653], [5.1135, 0.4569], [8.3971, 1.1749], [13.6794, 16.5798], [13.3939, 4.5692]], [[1.9727, 0.0653], [4.1141, -0.0653], [5.1135, 0.4569], [8.3971, 1.1749], [15.6781, 16.5798], [9.3964, 1.6971]]]",0.9067,0.0,0.0,0.0,0.0,0.0,0.0,False,"[2, 2, 2]",0.0,0.0,0.0,6.936,4.0,4.1148,8.479,11.8034,3.0443,4.9254,6.936,"[[1.973, 0.065], [4.114, -0.065], [5.113, 0.457], [8.397, 1.175], [11.395, 1.24], [12.823, -7.441]]",ok,9.2247,0.0,0.0,0.0,0.0,0.0,0.0,0.0,0.0,0.0,aa298fdc84fb489a911a3f363d3beda9,scene-0968,42
4.2055,6.7585,10.9573,3.2269,4.6424,6.2021,0.0,0.0,0.0,0.0,0.0,0.0,0.0,0.0,0.0,ok,straight,3.9139,12.9041,4.4559,3.367,6.3591,6.79,False,"[-1.6971, -1.2402, -8.2899, -8.2899]","[-29062.4962, -34041.5653, -59627.4427, -98919.0436]","[-1539276.5923, -1544255.6614, -1569841.5388, -1609133.1398]","[6.979, 7.347, 8.847, 13.319]","[[[2.8293, 0.0653], [4.2569, 0.1305], [6.9694, 0.6527], [11.2524, 9.1385], [15.9636, 6.3969], [3.6858, -3.3943]], [[2.8293, 0.0653], [4.2569, 0.1305], [6.9694, 0.6527], [11.2524, 9.1385], [11.1096, 1.6971], [15.3926, 2.4804]], [[2.8293, 0.0653], [4.2569, 0.1305], [6.9694, 0.6527], [11.2524, 9.1385], [11.3952, 1.8277], [12.5373, 16.5798]], [[2.8293, 0.0653], [4.2569, 0.1305], [6.9694, 0.6527], [11.2524, 9.1385], [12.8228, -1.5666], [48.2285, -16.5798]]]",2.5218,0.0,0.0,0.0,0.0,0.0,0.0,False,"[2, 2, 2]",0.0,0.0,0.0,6.9794,4.0,3.9139,12.9041,2.3298,3.367,6.3591,6.9794,"[[2.829, 0.065], [4.257, 0.131], [6.969, 0.653], [11.252, 9.138], [13.537, 4.047], [9.539, -0.457]]",ok,13.3195,0.0,0.0,0.0,0.0,0.0,0.0,0.0,0.0,0.0,b00c8fb7cac14cf89498c16fdd460ec5,scene-0968,42
0.8285,1.6291,2.1381,0.623,1.0505,1.267,0.0,0.0,0.0,0.0,0.0,0.0,0.0,0.0,0.0,ok,straight,0.6859,1.057,0.7604,0.4805,0.8359,1.0357,True,"[-0.1305, -0.5222, -0.1305, -0.1305]","[-55.5807, -2092.644, -2969.7337, -3969.6929]","[4.7413, -1002090.0174, -1002967.1071, -1003967.0663]","[1.124, 1.276, 1.7, 2.074]","[[[1.8299, 0.0], [3.8286, 0.0], [5.9701, 0.0], [7.1122, -0.0653], [8.5399, -0.2611], [10.5386, -0.2611]], [[1.8299, 0.0], [3.8286, 0.0], [5.9701, 0.0], [7.1122, -0.0653], [10.253, -0.1305], [7.3977, -1.0444]], [[1.8299, 0.0], [3.8286, 0.0], [5.9701, 0.0], [7.1122, -0.0653], [11.1096, -2.3499], [10.8241, -0.2611]], [[1.8299, 0.0], [3.8286, 0.0], [5.9701, 0.0], [7.1122, -0.0653], [12.8228, -0.2611], [11.9662, -0.2611]]]",0.372,0.0,0.0,0.0,0.0,0.0,0.0,True,"[2, 2, 2]",0.0,0.0,0.0,1.124,4.0,0.6859,1.057,2.1381,0.4805,0.8359,1.124,"[[1.83, 0.0], [3.829, 0.0], [5.97, 0.0], [7.112, -0.065], [9.396, -0.196], [8.968, -0.653]]",ok,2.0741,0.0,0.0,0.0,0.0,0.0,0.0,0.0,0.0,0.0,2dbfc784e7b8463db1a273cd9b27b240,scene-0968,42
3.4368,5.7442,8.8845,2.4615,3.7447,5.1725,0.0,0.0,0.0,0.0,0.0,0.0,0.0,0.0,0.0,ok,straight,3.0085,7.8854,11.5977,2.0332,4.1729,5.91,False,"[-0.0653, -0.1305, -0.4569, -0.0]","[-1481.1806, -4670.2186, -16499.0723, -222725.7432]","[-1501863.3564, -1505052.3944, -1516881.2481, -1723107.9189]","[5.458, 6.363, 6.651, 15.693]","[[[1.2588, 0.0], [3.2576, 0.0], [4.9707, 0.0], [8.1116, -0.1305], [7.3977, -0.1305], [9.1109, -0.1305]], [[1.2588, 0.0], [3.2576, 0.0], [4.9707, 0.0], [8.1116, -0.1305], [7.3977, 0.2611], [14.536, -0.2611]], [[1.2588, 0.0], [3.2576, 0.0], [4.9707, 0.0], [8.1116, -0.1305], [5.399, 0.0], [18.2479, -0.9138]], [[1.2588, 0.0], [3.2576, 0.0], [4.9707, 0.0], [8.1116, -0.1305], [8.2543, -0.6527], [69.6432, 0.0]]]",4.1526,0.0,0.0,0.0,0.0,0.0,0.0,False,"[2, 2, 2]",0.0,0.0,0.0,5.4579,4.0,3.0085,7.8854,8.8845,2.0332,4.1729,5.4579,"[[1.259, 0.0], [3.258, 0.0], [4.971, 0.0], [8.112, -0.131], [7.398, 0.065], [11.823, -0.196]]",ok,15.6934,0.0,0.0,0.0,0.0,0.0,0.0,0.0,0.0,0.0,7f2bc98ed6dd4567aaf35b6d02f09621,scene-0968,42
1.9727,3.6521,3.2357,1.5444,2.3199,2.7459,0.0,0.0,0.0,0.0,0.0,0.0,0.0,0.0,0.0,ok,straight,2.6865,5.6508,4.5202,1.9023,3.2842,3.8408,False,"[-0.0, -0.1305, -0.0653, -0.0653]","[-782.2588, -402.1532, -881.6508, -4327.3658]","[3.8063, -1000400.2757, -1000879.7734, -1004325.4884]","[4.198, 3.486, 3.389, 4.864]","[[[1.1161, 0.0653], [2.6865, 0.0], [3.6858, -0.0653], [5.9701, 0.0], [6.2556, -0.1305], [9.3964, 0.0]], [[1.1161, 0.0653], [2.6865, 0.0], [3.6858, -0.0653], [5.9701, 0.0], [6.8267, 0.0], [4.5424, 0.2611]], [[1.1161, 0.0653], [2.6865, 0.0], [3.6858, -0.0653], [5.9701, 0.0], [5.1135, 0.0], [5.6846, -0.1305]], [[1.1161, 0.0653], [2.6865, 0.0], [3.6858, -0.0653], [5.9701, 0.0], [5.6846, 0.0], [13.9649, -0.1305]]]",0.5961,0.0,0.0,0.0,0.0,0.0,0.0,True,"[2, 2, 2]",0.0,0.0,0.0,3.3888,4.0,2.6865,5.6508,3.2357,1.9023,3.2842,3.3888,"[[1.116, 0.065], [2.686, 0.0], [3.686, -0.065], [5.97, 0.0], [6.541, -0.065], [6.969, 0.131]]",ok,4.8637,0.0,0.0,0.0,0.0,0.0,0.0,0.0,0.0,0.0,923b34d42c5048c0a4db75c65de52f3c,scene-0969,42
2.4399,6.923,9.5778,1.9637,3.7034,5.5284,0.0,0.0,1.0,0.0,0.0,1.0,0.0,0.0,0.16666666666666666,ok,straight,3.2965,7.2073,10.7164,2.4634,4.0951,5.8863,False,"[-0.1305, -0.0, -0.2611, -0.5875]","[-362.0954, -1610.345, -1657.4371, -13027.5291]","[2.1979, -1001609.4095, -1001656.5016, -1013026.5936]","[5.79, 5.986, 5.648, 10.22]","[[[2.972, 0.0], [5.9701, 0.0], [8.2543, 0.0], [12.5373, -0.0653], [15.3926, -0.1305], [17.3913, -0.2611]], [[2.972, 0.0], [5.9701, 0.0], [8.2543, 0.0], [12.5373, -0.0653], [14.2505, -0.7833], [19.6755, 0.0]], [[2.972, 0.0], [5.9701, 0.0], [8.2543, 0.0], [12.5373, -0.0653], [13.6794, -0.2611], [18.2479, 0.5222]], [[2.972, 0.0], [5.9701, 0.0], [8.2543, 0.0], [12.5373, -0.0653], [18.5334, 0.5222], [40.8047, -1.1749]]]",1.914,0.0,0.0,1.0,0.0,0.0,1.0,True,"[2, 2, 2]",0.0,0.0,0.16666666666666666,5.6485,4.0,3.2965,7.2073,10.44,2.4634,4.0951,5.6485,"[[2.972, 0.0], [5.97, 0.0], [8.254, 0.0], [12.537, -0.065], [14.822, -0.457], [18.533, -0.131]]",ok,10.2195,0.0,0.0,0.0,0.0,0.0,0.0,0.0,0.0,0.0,5e6c874d0a034ab88e2da0e9eab75c87,scene-0969,42
4.2039,7.4885,9.3782,3.0428,4.7922,6.0086,0.0,1.0,0.0,0.0,1.0,1.0,0.0,0.5,0.5,ok,straight,4.3471,10.4865,10.8004,3.1858,5.7916,7.4376,False,"[-0.2611, -0.0653, -0.0653, -0.0653]","[-1474.9554, -5466.8742, -6425.3663, -17405.3324]","[-1501933.0837, -1505925.0025, -1506883.4946, -1517863.4607]","[7.82, 7.056, 5.479, 6.254]","[[[2.1154, 0.0], [4.6852, -0.0653], [7.255, -0.1305], [12.3945, -0.1305], [16.2492, 0.5222], [14.8215, -0.5222]], [[2.1154, 0.0], [4.6852, -0.0653], [7.255, -0.1305], [12.3945, -0.1305], [11.1096, -0.1305], [15.3926, -0.1305]], [[2.1154, 0.0], [4.6852, -0.0653], [7.255, -0.1305], [12.3945, -0.1305], [9.9675, -3.0026], [6.5412, -0.1305]], [[2.1154, 0.0], [4.6852, -0.0653], [7.255, -0.1305], [12.3945, -0.1305], [7.3977, 0.0], [14.2505, 0.1305]]]",0.875,0.0,1.0,0.0,0.0,1.0,1.0,False,"[2, 2, 2]",0.0,0.5,0.3333333333333333,5.4785,4.0,4.3471,10.4865,2.3297,3.1858,5.7916,5.4785,"[[2.115, 0.0], [4.685, -0.065], [7.255, -0.131], [12.395, -0.131], [13.679, 0.196], [15.107, -0.326]]",ok,7.8198,0.0,1.0,0.0,0.0,1.0,1.0,0.0,0.5,0.5,588dd5faaf2a4697b35195f46196cb8b,scene-0969,42
3.054,6.4061,8.5813,2.506,4.122,5.7065,0.0,0.0,0.0,0.0,0.0,0.0,0.0,0.0,0.0,ok,straight,5.9096,4.4127,9.8461,4.0765,4.2297,6.2501,False,"[-0.0653, -0.1305, -0.1305, -0.2611]","[-4794.7398, -11011.0322, -75960.2958, -95677.7657]","[-2509067.9317, -2515284.2241, -2580233.4877, -2599950.9576]","[5.778, 6.723, 14.717, 14.341]","[[[3.9714, 0.0], [9.3964, -0.0653], [9.8247, -0.0653], [11.6807, -0.0653], [18.2479, -0.1305], [19.39, -0.1305]], [[3.9714, 0.0], [9.3964, -0.0653], [9.8247, -0.0653], [11.6807, -0.0653], [21.3887, -0.1305], [21.9598, 0.2611]], [[3.9714, 0.0], [9.3964, -0.0653], [9.8247, -0.0653], [11.6807, -0.0653], [21.6742, 0.0], [69.6432, -0.2611]], [[3.9714, 0.0], [9.3964, -0.0653], [9.8247, -0.0653], [11.6807, -0.0653], [19.39, -0.2611], [69.6432, -0.5222]]]",4.1545,0.0,0.0,0.0,0.0,0.0,0.0,False,"[2, 2, 2]",0.0,0.0,0.0,5.7783,4.0,5.9096,4.4127,8.5813,4.0765,4.2297,5.7783,"[[3.971, 0.0], [9.396, -0.065], [9.825, -0.065], [11.681, -0.065], [19.818, -0.131], [20.675, 0.065]]",ok,14.7167,0.0,0.0,0.0,0.0,0.0,0.0,0.0,0.0,0.0,ace2c4ce1a524b1f956d379baf10b82d,scene-0969,42
1.6605,2.2779,3.2511,1.2252,1.8125,2.3644,0.0,0.0,0.0,0.0,0.0,0.0,0.0,0.0,0.0,ok,straight,2.5488,3.9544,10.1917,1.8133,2.4188,4.2491,False,"[-0.3264, -8.2899, -0.0653, -8.2899]","[-833.4797, -6961.2936, -10918.8682, -39373.8202]","[-501558.6055, -1508521.7921, -1512479.3666, -1540934.3186]","[2.857, 5.839, 3.07, 5.166]","[[[1.1161, 0.0653], [2.5437, 0.3916], [2.1154, 0.1305], [4.1141, 0.9138], [5.1135, 0.6527], [5.1135, 0.6527]], [[1.1161, 0.0653], [2.5437, 0.3916], [2.1154, 0.1305], [4.1141, 0.9138], [7.3977, 2.8721], [9.3964, 16.5798]], [[1.1161, 0.0653], [2.5437, 0.3916], [2.1154, 0.1305], [4.1141, 0.9138], [7.9688, -3.5248], [2.8293, 0.1305]], [[1.1161, 0.0653], [2.5437, 0.3916], [2.1154, 0.1305], [4.1141, 0.9138], [-0.026, 0.0], [13.6794, 16.5798]]]",1.2938,0.0,0.0,1.0,0.0,0.0,1.0,False,"[2, 2, 2]",0.0,0.0,0.16666666666666666,2.8568,4.0,2.5488,3.9544,3.2178,1.8133,2.4188,2.8568,"[[1.116, 0.065], [2.544, 0.392], [2.115, 0.131], [4.114, 0.914], [6.256, 1.762], [7.255, 8.616]]",ok,5.8385,0.0,0.0,0.0,0.0,0.0,0.0,0.0,0.0,0.0,45c4bd03ee6f4a369dd42abf08dc3957,scene-0971,42
0.4127,0.8306,1.1512,0.2572,0.3709,0.5379,0.0,0.0,0.0,0.0,0.0,0.0,0.0,0.0,0.0,ok,right,0.4635,1.1846,1.9552,0.3453,0.6424,0.919,False,"[3.9165, 2.7415, 3.329, 2.611]","[-685.6015, -86.1131, -71517.339, -1276479.7708]","[4.3898, 2.1265, -1071515.0469, -2276477.4788]","[1.327, 0.624, 4.847, 11.146]","[[[1.8299, -0.1305], [3.5431, -0.718], [5.8273, -2.3499], [8.2543, -3.8512], [7.9688, -4.9609], [9.1109, -7.833]], [[1.8299, -0.1305], [3.5431, -0.718], [5.8273, -2.3499], [8.2543, -3.8512], [9.9675, -4.5692], [11.1096, -5.4831]], [[1.8299, -0.1305], [3.5431, -0.718], [5.8273, -2.3499], [8.2543, -3.8512], [3.4003, -0.7833], [31.0967, -6.658]], [[1.8299, -0.1305], [3.5431, -0.718], [5.8273, -2.3499], [8.2543, -3.8512], [69.6432, -2.2193], [7.3977, -5.222]]]",4.165,0.0,0.0,0.0,0.0,0.0,0.0,True,"[2, 2, 2]",0.0,0.0,0.0,0.6237,4.0,0.4635,1.1846,0.5804,0.3453,0.6424,0.6237,"[[1.83, -0.131], [3.543, -0.718], [5.827, -2.35], [8.254, -3.851], [8.968, -4.765], [10.11, -6.658]]",ok,11.1465,0.0,0.0,0.0,0.0,0.0,0.0,0.0,0.0,0.0,a8b576261b39410bb5105d3646fbb544,scene-0971,42
0.2446,0.5941,1.7519,0.1346,0.3216,0.633,0.0,0.0,0.0,0.0,0.0,0.0,0.0,0.0,0.0,ok,straight,0.2237,0.5888,0.7866,0.2592,0.4095,0.6331,False,"[-0.0653, -0.0653, -0.0653, -0.0653]","[-190.4795, -418.0241, -321.4867, -936566.678]","[1.4672, 1.4666, -1000320.5972, -1936565.7885]","[0.692, 0.971, 1.402, 9.764]","[[[3.4003, 0.0], [6.1129, 0.0], [9.8247, -0.1958], [13.1083, 0.0], [16.2492, -0.1305], [17.3913, -0.1305]], [[3.4003, 0.0], [6.1129, 0.0], [9.8247, -0.1958], [13.1083, 0.0], [17.9623, 0.2611], [20.8176, -0.1305]], [[3.4003, 0.0], [6.1129, 0.0], [9.8247, -0.1958], [13.1083, 0.0], [14.8215, -0.1305], [13.3939, -0.1305]], [[3.4003, 0.0], [6.1129, 0.0], [9.8247, -0.1958], [13.1083, 0.0], [69.6432, -0.2611], [21.9598, -0.1305]]]",3.7943,0.0,0.0,0.0,0.0,0.0,0.0,True,"[2, 2, 2]",0.0,0.0,0.0,0.6916,4.0,0.2237,0.5888,1.7519,0.2592,0.4095,0.6916,"[[3.4, 0.0], [6.113, 0.0], [9.825, -0.196], [13.108, 0.0], [17.106, 0.065], [19.104, -0.131]]",ok,9.7644,0.0,0.0,0.0,0.0,0.0,0.0,0.0,0.0,0.0,05e5176b77bb44ed85e6df6ad3aba980,scene-0971,42
1.9869,3.355,4.3874,1.4812,2.1386,2.8028,0.0,0.0,0.0,0.0,0.0,0.0,0.0,0.0,0.0,ok,straight,1.9904,5.0602,3.7072,1.4116,2.8505,3.3291,False,"[-0.0, -0.1958, -0.3916, -0.0653]","[-408.9215, -650.4937, -13003.5952, -20894.9269]","[4.5607, -1000647.9847, -1013001.0863, -1020892.418]","[3.277, 3.386, 3.85, 4.371]","[[[3.5431, 0.0], [7.9688, -0.2611], [12.3945, 0.0], [16.8202, -0.0653], [18.8189, 0.0], [21.9598, 0.0]], [[3.5431, 0.0], [7.9688, -0.2611], [12.3945, 0.0], [16.8202, -0.0653], [20.8176, -0.1305], [20.5321, 0.3916]], [[3.5431, 0.0], [7.9688, -0.2611], [12.3945, 0.0], [16.8202, -0.0653], [19.9611, -6.2664], [21.3887, 0.7833]], [[3.5431, 0.0], [7.9688, -0.2611], [12.3945, 0.0], [16.8202, -0.0653], [27.3848, 0.2611], [19.9611, -0.1305]]]",0.4326,0.0,0.0,0.0,0.0,0.0,0.0,True,"[2, 2, 2]",0.0,0.0,0.0,3.2774,4.0,1.9904,5.0602,4.3874,1.4116,2.8505,3.2774,"[[3.543, 0.0], [7.969, -0.261], [12.395, 0.0], [16.82, -0.065], [19.818, -0.065], [21.246, 0.196]]",ok,4.3712,0.0,0.0,0.0,0.0,0.0,0.0,0.0,0.0,0.0,ce0a66937ec741af9defc0fcde1134d5,scene-0971,42
1.6997,2.8045,4.6503,1.1968,1.6609,2.6041,0.0,0.0,0.0,0.0,0.0,0.0,0.0,0.0,0.0,ok,straight,0.5575,4.0778,3.7371,0.6258,1.7416,2.5753,True,"[-0.3916, -0.718, -1.2402, -0.5222]","[-561.6887, -988.0805, -6456.7223, -19806.7839]","[-500546.1976, -1501536.1102, -1507004.7519, -1520354.8136]","[2.658, 2.511, 4.634, 2.788]","[[[3.1148, 0.0], [5.399, 0.0], [8.6826, -0.3916], [13.2511, 0.3264], [15.3926, 0.3916], [17.3913, 0.7833]], [[3.1148, 0.0], [5.399, 0.0], [8.6826, -0.3916], [13.2511, 0.3264], [16.2492, -0.1305], [15.3926, 1.436]], [[3.1148, 0.0], [5.399, 0.0], [8.6826, -0.3916], [13.2511, 0.3264], [15.6781, 0.6527], [28.8125, 2.4804]], [[3.1148, 0.0], [5.399, 0.0], [8.6826, -0.3916], [13.2511, 0.3264], [9.3964, 0.0], [20.8176, 1.0444]]]",0.8637,0.0,0.0,0.0,0.0,0.0,0.0,True,"[2, 2, 2]",0.0,0.0,0.0,2.511,4.0,0.5575,4.0778,2.9183,0.6258,1.7416,2.511,"[[3.115, 0.0], [5.399, 0.0], [8.683, -0.392], [13.251, 0.326], [15.821, 0.131], [16.392, 1.11]]",ok,4.634,0.0,0.0,0.0,0.0,0.0,0.0,0.0,0.0,0.0,e80bfd61023745b0a97caae3ff4a1727,scene-0972,42
0.9014,3.1125,5.0335,0.6838,1.7773,2.8036,0.0,0.0,0.0,0.0,0.0,0.0,0.0,0.0,0.0,ok,straight,2.4707,2.3985,4.3168,1.4684,1.8835,2.7596,True,"[-0.1305, -0.2611, -0.1305, -0.0]","[-744.7637, -1356.6776, -2274.906, -2475.6317]","[2.9647, -1001355.0955, -1002273.3239, -1002474.0496]","[2.874, 2.655, 2.451, 1.622]","[[[1.6871, 0.0], [2.1154, 0.0], [4.9707, -0.1305], [7.255, -0.1958], [7.3977, -0.2611], [9.1109, -0.2611]], [[1.6871, 0.0], [2.1154, 0.0], [4.9707, -0.1305], [7.255, -0.1958], [7.3977, -1.3055], [10.5386, -0.5222]], [[1.6871, 0.0], [2.1154, 0.0], [4.9707, -0.1305], [7.255, -0.1958], [10.8241, 0.0], [8.2543, -0.2611]], [[1.6871, 0.0], [2.1154, 0.0], [4.9707, -0.1305], [7.255, -0.1958], [12.5373, 0.0], [12.5373, 0.0]]]",0.4739,0.0,0.0,0.0,0.0,0.0,0.0,True,"[2, 2, 2]",0.0,0.0,0.0,1.6218,4.0,2.4707,2.3985,1.6627,1.4684,1.8835,1.6218,"[[1.687, 0.0], [2.115, 0.0], [4.971, -0.131], [7.255, -0.196], [7.398, -0.783], [9.825, -0.392]]",ok,2.8744,0.0,0.0,0.0,0.0,0.0,0.0,0.0,0.0,0.0,d6ff96145885480eae142252fffa6c66,scene-0972,42
2.3535,3.5719,5.1326,1.6445,2.576,3.3448,0.0,0.0,0.0,0.0,0.0,0.0,0.0,0.0,0.0,ok,straight,1.6422,2.8682,6.2589,1.2879,2.0939,3.4008,False,"[-1.2402, -3.1985, -1.6319, -8.2899]","[-544.5615, -2409.1156, -7354.6441, -53779.5126]","[-501327.501, -1503738.158, -1508683.6866, -1555108.5551]","[3.023, 3.839, 4.47, 5.463]","[[[2.8293, 0.0653], [5.8273, 0.4569], [8.5399, 2.0235], [11.2524, 1.6319], [13.1083, 2.4804], [15.9636, 2.4804]], [[2.8293, 0.0653], [5.8273, 0.4569], [8.5399, 2.0235], [11.2524, 1.6319], [11.3952, 4.1776], [15.9636, 6.3969]], [[2.8293, 0.0653], [5.8273, 0.4569], [8.5399, 2.0235], [11.2524, 1.6319], [13.3939, 6.2664], [9.3964, 3.2637]], [[2.8293, 0.0653], [5.8273, 0.4569], [8.5399, 2.0235], [11.2524, 1.6319], [14.2505, -5.7442], [15.107, 16.5798]]]",0.892,0.0,0.0,0.0,0.0,0.0,0.0,True,"[2, 2, 2]",0.0,0.0,0.0,3.0234,4.0,1.6422,2.8682,5.1326,1.2879,2.0939,3.0234,"[[2.829, 0.065], [5.827, 0.457], [8.54, 2.024], [11.252, 1.632], [12.252, 3.329], [15.964, 4.439]]",ok,5.4626,0.0,0.0,0.0,0.0,0.0,0.0,0.0,0.0,0.0,c1682fd7aaea47189d8820dd0abe8a32,scene-0972,42
0.8211,1.6163,1.1368,0.5645,1.0704,1.1595,0.0,0.0,0.0,0.0,0.0,0.0,0.0,0.0,0.0,ok,straight,1.0979,1.9006,1.3174,0.7028,1.0731,1.024,True,"[-0.1305, -0.1958, -0.2611, -0.1305]","[-217.117, -822.9174, -1940.1972, -3868.058]","[3.3788, -1000821.5188, -1001938.7987, -1003866.6594]","[1.161, 1.492, 3.133, 1.131]","[[[3.4003, 0.0], [6.2556, -0.0653], [9.9675, 0.0], [12.5373, -0.1305], [16.2492, -0.1305], [19.9611, -0.2611]], [[3.4003, 0.0], [6.2556, -0.0653], [9.9675, 0.0], [12.5373, -0.1305], [18.5334, 0.1305], [24.8151, -0.3916]], [[3.4003, 0.0], [6.2556, -0.0653], [9.9675, 0.0], [12.5373, -0.1305], [20.2466, -0.1305], [33.0954, -0.5222]], [[3.4003, 0.0], [6.2556, -0.0653], [9.9675, 0.0], [12.5373, -0.1305], [19.6755, -0.2611], [20.5321, -0.2611]]]",0.8228,0.0,0.0,0.0,0.0,0.0,0.0,True,"[2, 2, 2]",0.0,0.0,0.0,1.1315,4.0,1.0979,1.9006,0.585,0.7028,1.0731,1.1315,"[[3.4, 0.0], [6.256, -0.065], [9.968, 0.0], [12.537, -0.131], [17.391, 0.0], [22.388, -0.326]]",ok,3.1334,0.0,0.0,0.0,0.0,0.0,0.0,0.0,0.0,0.0,82c379e1de1245e4b18822e277d2a0eb,scene-0972,42
2.2539,3.5006,6.1795,1.5611,2.2667,3.6358,0.0,0.0,0.0,0.0,0.0,0.0,0.0,0.0,0.0,ok,straight,2.1111,3.7859,8.8928,1.5611,2.4451,4.2573,False,"[-0.1305, -0.0653, -0.0653, -0.0]","[-561.5707, -656.2066, -6107.882, -21855.0267]","[2.163, -1000653.4032, -1006105.0787, -1021852.2233]","[4.768, 3.755, 4.754, 3.85]","[[[3.2576, 0.0], [6.3984, 0.0], [8.9682, 0.0], [11.3952, -0.1305], [15.9636, 1.0444], [21.3887, -0.2611]], [[3.2576, 0.0], [6.3984, 0.0], [8.9682, 0.0], [11.3952, -0.1305], [15.3926, -0.1305], [15.9636, -0.1305]], [[3.2576, 0.0], [6.3984, 0.0], [8.9682, 0.0], [11.3952, -0.1305], [19.1045, -0.2611], [18.2479, -0.1305]], [[3.2576, 0.0], [6.3984, 0.0], [8.9682, 0.0], [11.3952, -0.1305], [7.3977, -0.1305], [21.6742, 0.0]]]",0.4805,0.0,0.0,0.0,0.0,0.0,0.0,True,"[2, 2, 2]",0.0,0.0,0.0,3.7548,4.0,2.1111,3.7859,6.1795,1.5611,2.4451,3.7548,"[[3.258, 0.0], [6.398, 0.0], [8.968, 0.0], [11.395, -0.131], [15.678, 0.457], [18.676, -0.196]]",ok,4.7676,0.0,0.0,0.0,0.0,0.0,0.0,0.0,0.0,0.0,cb4504edb87a40d4b650cd5860f6c3b7,scene-1059,42
3.6607,6.4419,9.687,2.8038,4.3117,5.6442,0.0,0.0,0.0,0.0,0.0,0.0,0.0,0.0,0.0,ok,straight,3.5258,7.3932,10.5856,2.6651,4.5608,6.4179,False,"[-1.8277, -0.9791, -2.0888, -8.2899]","[-377.0628, -1875.459, -2208.2379, -150300.9047]","[2.5295, -1001874.0284, -1002206.8073, -1150299.4741]","[5.574, 7.305, 5.06, 9.089]","[[[2.972, -0.1305], [5.8273, -0.4569], [8.8254, -1.0444], [11.9662, -1.9582], [13.1083, -2.4804], [15.9636, -3.6554]], [[2.972, -0.1305], [5.8273, -0.4569], [8.8254, -1.0444], [11.9662, -1.9582], [18.8189, -2.4804], [21.3887, -1.9582]], [[2.972, -0.1305], [5.8273, -0.4569], [8.8254, -1.0444], [11.9662, -1.9582], [13.9649, -0.7833], [11.1096, -4.1776]], [[2.972, -0.1305], [5.8273, -0.4569], [8.8254, -1.0444], [11.9662, -1.9582], [13.3939, -16.5798], [15.9636, 16.5798]]]",1.5824,0.0,0.0,0.0,0.0,0.0,0.0,True,"[2, 2, 2]",0.0,0.0,0.0,5.0603,4.0,3.5258,7.3932,4.6797,2.6651,4.5608,5.0603,"[[2.972, -0.131], [5.827, -0.457], [8.825, -1.044], [11.966, -1.958], [15.964, -2.48], [18.676, -2.807]]",ok,9.0887,0.0,0.0,0.0,0.0,0.0,0.0,0.0,0.0,0.0,b4b81cfd5d734881ad386e5c2b00ed4a,scene-1059,42
2.7506,6.7278,10.1313,2.0587,3.9236,5.8427,0.0,0.0,1.0,0.0,0.0,1.0,0.0,0.0,0.3333333333333333,ok,straight,3.0429,7.7162,11.4958,2.35,4.3298,6.0656,False,"[-2.7415, -3.7207, -4.1776, -3.6554]","[-1329.5381, -6607.428, -47497.7684, -190677.4293]","[-1501887.5217, -1507165.4116, -1548055.7519, -1691235.4128]","[6.113, 6.028, 5.379, 8.737]","[[[2.2582, -0.1958], [4.2569, -0.5875], [6.5412, -1.3055], [8.5399, -4.6345], [10.5386, -4.5692], [11.1096, -5.4831]], [[2.2582, -0.1958], [4.2569, -0.5875], [6.5412, -1.3055], [8.5399, -4.6345], [7.1122, -3.9165], [13.1083, -7.4413]], [[2.2582, -0.1958], [4.2569, -0.5875], [6.5412, -1.3055], [8.5399, -4.6345], [0.8306, 0.0], [13.1083, -8.3552]], [[2.2582, -0.1958], [4.2569, -0.5875], [6.5412, -1.3055], [8.5399, -4.6345], [7.1122, 16.5798], [18.5334, -7.3108]]]",1.2862,0.0,1.0,1.0,0.0,1.0,1.0,False,"[2, 2, 2]",0.0,0.25,0.5,5.3792,4.0,3.0429,7.7162,13.3967,2.35,4.3298,5.3792,"[[2.258, -0.196], [4.257, -0.587], [6.541, -1.305], [8.54, -4.635], [8.825, -4.243], [12.109, -6.462]]",ok,8.7372,0.0,0.0,0.0,0.0,0.0,0.0,0.0,0.0,0.0,913104aa7a4f4917a651fdc062c7fc30,scene-1059,42
2.6596,2.9175,2.9145,2.0237,2.4873,2.5626,0.0,0.0,0.0,0.0,0.0,0.0,0.0,0.0,0.0,ok,straight,1.0891,5.1488,4.0437,1.0961,2.869,3.2029,False,"[-2.1541, -2.8068, -0.4569, -8.2899]","[-3208.5458, -6951.7662, -9798.1494, -389807.9779]","[-1505020.6603, -1508763.8808, -1511610.2639, -1891620.0924]","[2.727, 3.716, 2.897, 11.968]","[[[2.5437, -0.1305], [4.3997, -0.1958], [9.5392, -1.6319], [12.68, -3.4596], [13.1083, -2.0888], [16.2492, -4.3081]], [[2.5437, -0.1305], [4.3997, -0.1958], [9.5392, -1.6319], [12.68, -3.4596], [16.8202, -0.5222], [18.2479, -5.6136]], [[2.5437, -0.1305], [4.3997, -0.1958], [9.5392, -1.6319], [12.68, -3.4596], [8.5399, -0.6527], [11.6807, -0.9138]], [[2.5437, -0.1305], [4.3997, -0.1958], [9.5392, -1.6319], [12.68, -3.4596], [45.9443, -16.5798], [27.3848, 16.5798]]]",3.8524,0.0,0.0,0.0,0.0,0.0,0.0,False,"[2, 2, 2]",0.0,0.0,0.0,2.7267,4.0,1.0891,5.1488,2.9145,1.0961,2.869,2.7267,"[[2.544, -0.131], [4.4, -0.196], [9.539, -1.632], [12.68, -3.46], [14.964, -1.305], [17.249, -4.961]]",ok,11.9682,0.0,0.0,0.0,0.0,0.0,0.0,0.0,0.0,0.0,e0c4e822835f4a2e925dec94a835d5ab,scene-1059,42
2.2786,4.9504,5.5295,1.6974,3.0175,3.6334,0.0,0.0,0.0,0.0,0.0,0.0,0.0,0.0,0.0,ok,straight,1.9959,4.9449,6.9765,1.4847,2.9816,3.6587,False,"[-0.0653, -0.4569, -0.1958, -7.2455]","[-357.658, -6208.7619, -51260.9498, -52335.3226]","[2.9025, -1006207.6099, -1051259.7978, -1052334.1706]","[3.609, 3.721, 6.274, 6.616]","[[[3.2576, 0.0], [6.2556, 0.0653], [8.2543, 0.0653], [11.1096, 0.0], [15.3926, 0.1305], [17.3913, 0.1305]], [[3.2576, 0.0], [6.2556, 0.0653], [8.2543, 0.0653], [11.1096, 0.0], [17.6768, -0.6527], [14.536, 0.9138]], [[3.2576, 0.0], [6.2556, 0.0653], [8.2543, 0.0653], [11.1096, 0.0], [8.8254, -11.88], [13.1083, 0.3916]], [[3.2576, 0.0], [6.2556, 0.0653], [8.2543, 0.0653], [11.1096, 0.0], [9.9675, 1.436], [33.6665, -14.491]]]",1.3956,0.0,0.0,0.0,0.0,0.0,0.0,False,"[2, 2, 2]",0.0,0.0,0.0,3.6095,4.0,1.9959,4.9449,5.5295,1.4847,2.9816,3.6095,"[[3.258, 0.0], [6.256, 0.065], [8.254, 0.065], [11.11, 0.0], [16.535, -0.261], [15.964, 0.522]]",ok,6.6158,0.0,0.0,0.0,0.0,0.0,0.0,0.0,0.0,0.0,e74b8ce0b1824e0c8167f2534d8d4f7d,scene-1060,42
0.4037,1.0893,2.5541,0.3695,0.6858,1.3589,0.0,0.0,0.0,0.0,0.0,0.0,0.0,0.0,0.0,ok,straight,0.7402,1.2877,1.148,0.4731,0.8609,0.997,True,"[-0.1305, -0.718, -0.7833, -0.3264]","[-540.0299, -566.3513, -39074.2767, -395654.3001]","[4.5402, 2.3731, -1039071.7128, -1395651.7362]","[1.466, 1.488, 3.094, 11.053]","[[[3.5431, 0.0], [6.8267, -0.0653], [10.6813, 0.0], [15.107, 0.0653], [17.3913, 0.2611], [21.9598, 0.2611]], [[3.5431, 0.0], [6.8267, -0.0653], [10.6813, 0.0], [15.107, 0.0653], [21.9598, 0.0], [26.8138, 1.436]], [[3.5431, 0.0], [6.8267, -0.0653], [10.6813, 0.0], [15.107, 0.0653], [17.6768, -9.9218], [27.3848, 1.5666]], [[3.5431, 0.0], [6.8267, -0.0653], [10.6813, 0.0], [15.107, 0.0653], [2.8293, 0.0], [69.6432, 0.6527]]]",3.9684,0.0,0.0,0.0,0.0,0.0,0.0,True,"[2, 2, 2]",0.0,0.0,0.0,1.4656,4.0,0.7402,1.2877,2.5541,0.4731,0.8609,1.4656,"[[3.543, 0.0], [6.827, -0.065], [10.681, 0.0], [15.107, 0.065], [19.676, 0.131], [24.387, 0.849]]",ok,11.0526,0.0,0.0,0.0,0.0,0.0,0.0,0.0,0.0,0.0,2b92bd1ee0d042fc982e0f2d9e118fb2,scene-1060,42
1.3782,3.7962,6.9652,1.1035,2.3503,3.5518,0.0,0.0,0.0,0.0,0.0,0.0,0.0,0.0,0.0,ok,right,1.2176,5.5795,5.3527,0.952,2.8674,3.7032,False,"[2.6763, 2.0235, 3.3943, 0.3916]","[-752.9295, -543.0348, -5692.8794, -48278.4591]","[2.8375, 2.26, -1005691.1948, -1048276.7745]","[3.92, 3.563, 3.332, 5.059]","[[[3.2576, -0.1305], [6.6839, -0.718], [7.9688, -1.2402], [10.5386, -1.9582], [15.107, -3.6554], [17.3913, -5.3525]], [[3.2576, -0.1305], [6.6839, -0.718], [7.9688, -1.2402], [10.5386, -1.9582], [14.536, -3.3943], [21.3887, -4.047]], [[3.2576, -0.1305], [6.6839, -0.718], [7.9688, -1.2402], [10.5386, -1.9582], [18.2479, -2.3499], [18.8189, -6.7886]], [[3.2576, -0.1305], [6.6839, -0.718], [7.9688, -1.2402], [10.5386, -1.9582], [15.6781, -13.8383], [17.6768, -0.7833]]]",0.6637,0.0,0.0,0.0,0.0,0.0,0.0,True,"[2, 2, 2]",0.0,0.0,0.0,3.3323,4.0,1.2176,5.5795,5.2921,0.952,2.8674,3.3323,"[[3.258, -0.131], [6.684, -0.718], [7.969, -1.24], [10.539, -1.958], [14.822, -3.525], [19.39, -4.7]]",ok,5.0594,0.0,0.0,0.0,0.0,0.0,0.0,0.0,0.0,0.0,15f61a56df7a4ecab63dda6cff25e7a0,scene-1060,42
3.4665,6.6796,10.2514,2.4443,4.0041,5.8808,0.0,0.0,0.0,0.0,0.0,0.0,0.0,0.0,0.0,ok,straight,4.3228,6.5369,3.2575,2.8724,4.5401,4.7393,True,"[-0.1305, -0.0653, -0.1305, -0.3916]","[-325.6898, -3661.0519, -35374.3118, -923334.9941]","[3.6142, -1003658.4377, -1035371.6976, -1923332.3799]","[6.571, 4.82, 4.851, 12.752]","[[[3.9714, 0.0], [6.5411, 0.0], [10.5386, -0.3264], [15.5353, -0.1305], [18.8189, -0.1305], [21.3887, -0.2611]], [[3.9714, 0.0], [6.5411, 0.0], [10.5386, -0.3264], [15.5353, -0.1305], [22.8163, -0.1305], [39.3771, -0.1305]], [[3.9714, 0.0], [6.5411, 0.0], [10.5386, -0.3264], [15.5353, -0.1305], [31.3822, -0.1305], [26.2427, -0.2611]], [[3.9714, 0.0], [6.5411, 0.0], [10.5386, -0.3264], [15.5353, -0.1305], [69.6432, -0.5222], [17.1058, -0.7833]]]",3.2553,0.0,0.0,0.0,0.0,0.0,0.0,False,"[2, 2, 2]",0.0,0.0,0.0,4.8202,4.0,4.3228,6.5369,5.7409,2.8724,4.5401,4.8202,"[[3.971, 0.0], [6.541, 0.0], [10.539, -0.326], [15.535, -0.131], [20.818, -0.131], [30.383, -0.196]]",ok,12.7516,0.0,0.0,0.0,0.0,0.0,0.0,0.0,0.0,0.0,463599ceb9a1454a90b192c29878a5f4,scene-1060,42
1.3845,2.1973,1.0081,1.0977,1.4651,1.3575,0.0,0.0,0.0,0.0,0.0,0.0,0.0,0.0,0.0,ok,straight,1.0996,2.7449,1.1446,1.0265,1.6697,1.6458,False,"[-0.1305, -0.1305, -5.8095, -0.2611]","[-125.6146, -244.1727, -6784.0596, -8106.294]","[2.9705, 2.9382, -1006782.692, -1008104.9264]","[1.85, 1.494, 3.128, 5.409]","[[[3.2576, 0.0], [6.2556, -0.1305], [9.8247, -0.1958], [13.6794, -0.1958], [17.1058, -0.3916], [18.5334, 0.2611]], [[3.2576, 0.0], [6.2556, -0.1305], [9.8247, -0.1958], [13.6794, -0.1958], [15.3926, -0.2611], [17.3913, -0.2611]], [[3.2576, 0.0], [6.2556, -0.1305], [9.8247, -0.1958], [13.6794, -0.1958], [13.3939, -0.3916], [14.2505, -11.6189]], [[3.2576, 0.0], [6.2556, -0.1305], [9.8247, -0.1958], [13.6794, -0.1958], [19.39, -0.5222], [38.5205, -0.5222]]]",1.5337,0.0,0.0,0.0,0.0,0.0,0.0,True,"[2, 2, 2]",0.0,0.0,0.0,1.4939,4.0,1.0996,2.7449,1.0081,1.0265,1.6697,1.4939,"[[3.258, 0.0], [6.256, -0.131], [9.825, -0.196], [13.679, -0.196], [16.249, -0.326], [17.962, 0.0]]",ok,5.4095,0.0,0.0,0.0,0.0,0.0,0.0,0.0,0.0,0.0,79f6489272c24d3ebc5e225ce6ff2aea,scene-1061,42
0.257,0.6182,2.185,0.2998,0.354,0.8939,0.0,0.0,0.0,0.0,0.0,0.0,0.0,0.0,0.0,ok,straight,0.5422,0.855,2.4703,0.5138,0.7019,0.9711,False,"[-0.1305, -0.1305, -0.3916, -0.3264]","[-599.9497, -392.7981, -5959.4467, -190230.4657]","[4.3135, -1000390.063, -1005956.7116, -1190227.7307]","[1.126, 1.079, 2.32, 5.159]","[[[4.1141, 0.0], [8.2543, 0.0], [11.6807, -0.1305], [15.3926, -0.0653], [21.3887, -0.1305], [24.8151, -0.2611]], [[4.1141, 0.0], [8.2543, 0.0], [11.6807, -0.1305], [15.3926, -0.0653], [18.8189, -0.3916], [25.3861, -0.2611]], [[4.1141, 0.0], [8.2543, 0.0], [11.6807, -0.1305], [15.3926, -0.0653], [25.3861, -0.1305], [27.9559, -0.7833]], [[4.1141, 0.0], [8.2543, 0.0], [11.6807, -0.1305], [15.3926, -0.0653], [-2.8813, -0.1305], [28.2414, -0.6527]]]",1.6571,0.0,0.0,0.0,0.0,0.0,0.0,True,"[2, 2, 2]",0.0,0.0,0.0,1.0792,4.0,0.5422,0.855,2.7556,0.5138,0.7019,1.0792,"[[4.114, 0.0], [8.254, 0.0], [11.681, -0.131], [15.393, -0.065], [20.104, -0.261], [25.101, -0.261]]",ok,5.1588,0.0,0.0,0.0,0.0,0.0,0.0,0.0,0.0,0.0,89a1ce70fcc4404a8d34cca07523f07b,scene-1061,42
0.3791,1.3535,4.2367,0.2086,0.5924,1.6374,0.0,0.0,0.0,0.0,0.0,0.0,0.0,0.0,0.0,ok,straight,0.3613,4.5803,3.6627,0.2643,1.3511,2.1205,False,"[-0.0653, -0.1305, -0.1958, -0.0653]","[-20408.7352, -22966.0305, -29898.0835, -223666.5338]","[-1525548.226, -1528105.5212, -1535037.5743, -1728806.0245]","[1.957, 2.286, 3.236, 8.966]","[[[3.8286, 0.0], [7.9688, -0.1305], [11.5379, -0.1305], [21.2459, -0.5222], [18.2479, -0.3916], [23.1019, -0.1305]], [[3.8286, 0.0], [7.9688, -0.1305], [11.5379, -0.1305], [21.2459, -0.5222], [17.3913, -0.1305], [21.9598, -0.2611]], [[3.8286, 0.0], [7.9688, -0.1305], [11.5379, -0.1305], [21.2459, -0.5222], [15.107, 0.0], [18.5334, 0.3916]], [[3.8286, 0.0], [7.9688, -0.1305], [11.5379, -0.1305], [21.2459, -0.5222], [16.5347, -0.2611], [69.6432, -0.1305]]]",2.8421,0.0,0.0,0.0,0.0,0.0,0.0,False,"[2, 2, 2]",0.0,0.0,0.0,1.9569,4.0,0.3613,4.5803,3.0889,0.2643,1.3511,1.9569,"[[3.829, 0.0], [7.969, -0.131], [11.538, -0.131], [21.246, -0.522], [17.82, -0.261], [22.531, -0.196]]",ok,8.9661,0.0,0.0,0.0,0.0,0.0,0.0,0.0,0.0,0.0,42060e0081f249d7bcb5d2a0aa4e980a,scene-1061,42
2.5437,2.4937,1.607,1.9873,2.2314,2.2757,0.0,0.0,0.0,0.0,0.0,0.0,0.0,0.0,0.0,ok,straight,2.1132,2.7826,4.0366,1.8435,2.1249,2.8499,False,"[-0.1305, -0.2611, -0.1305, -0.0]","[-152.3084, -987.5525, -2261.818, -3800.9727]","[2.8384, -1000985.9106, -1002260.1761, -1003799.3308]","[2.3, 3.409, 1.709, 3.867]","[[[3.2576, 0.0], [7.255, -0.0653], [11.5379, -0.1305], [14.536, -0.1958], [17.1058, -0.2611], [21.3887, -0.2611]], [[3.2576, 0.0], [7.255, -0.0653], [11.5379, -0.1305], [14.536, -0.1958], [14.8215, 0.9138], [17.1058, -0.5222]], [[3.2576, 0.0], [7.255, -0.0653], [11.5379, -0.1305], [14.536, -0.1958], [20.8176, -0.3916], [21.9598, -0.2611]], [[3.2576, 0.0], [7.255, -0.0653], [11.5379, -0.1305], [14.536, -0.1958], [24.8151, 0.1305], [33.6665, 0.0]]]",0.8584,0.0,0.0,0.0,0.0,0.0,0.0,True,"[2, 2, 2]",0.0,0.0,0.0,1.7091,4.0,2.1132,2.7826,1.3215,1.8435,2.1249,1.7091,"[[3.258, 0.0], [7.255, -0.065], [11.538, -0.131], [14.536, -0.196], [15.964, 0.326], [19.247, -0.392]]",ok,3.8667,0.0,0.0,0.0,0.0,0.0,0.0,0.0,0.0,0.0,1f7bbb7aa80e4f21a106c80392af97b9,scene-1061,42
0.4452,0.4655,2.5455,0.3513,0.3919,0.9432,0.0,0.0,0.0,0.0,0.0,0.0,0.0,0.0,0.0,ok,right,0.7487,1.1709,3.6132,0.6474,0.7338,1.2522,False,"[1.5666, 1.3708, -1.2402, -8.2899]","[-838.6412, -955.9096, -1259.7833, -11676.6762]","[-500381.0879, -1501338.4188, -1501642.2925, -1512059.1854]","[1.127, 1.453, 2.275, 4.806]","[[[1.6871, -0.0653], [4.828, -0.3264], [6.2556, -1.436], [8.8254, -1.8277], [9.1109, -2.4804], [10.5386, -3.1332]], [[1.6871, -0.0653], [4.828, -0.3264], [6.2556, -1.436], [8.8254, -1.8277], [9.682, -3.0026], [7.1122, -2.7415]], [[1.6871, -0.0653], [4.828, -0.3264], [6.2556, -1.436], [8.8254, -1.8277], [10.5386, -1.5666], [9.1109, 2.4804]], [[1.6871, -0.0653], [4.828, -0.3264], [6.2556, -1.436], [8.8254, -1.8277], [8.2543, -0.2611], [9.1109, 16.5798]]]",1.4425,0.0,0.0,0.0,0.0,0.0,0.0,True,"[2, 2, 2]",0.0,0.0,0.0,1.1265,4.0,0.7487,1.1709,2.5455,0.6474,0.7338,1.1265,"[[1.687, -0.065], [4.828, -0.326], [6.256, -1.436], [8.825, -1.828], [9.396, -2.742], [8.825, -2.937]]",ok,4.8063,0.0,0.0,0.0,0.0,0.0,0.0,0.0,0.0,0.0,617899966d3e4fea9042a1f1a26b764e,scene-1062,42
0.1951,1.4429,2.3743,0.1233,0.4807,1.0225,0.0,0.0,0.0,0.0,0.0,0.0,0.0,0.0,0.0,ok,straight,0.0711,1.1944,3.8035,0.0613,0.4206,1.2688,False,"[-0.1305, -0.1958, -0.3916, -0.1958]","[-261.8267, -583.2901, -2227.6763, -181503.8772]","[3.6748, 3.004, -1002225.5886, -1181501.7895]","[1.125, 1.413, 1.92, 4.701]","[[[3.6858, 0.0], [7.5405, 0.0], [11.3952, -0.1958], [15.9636, -0.8486], [19.9611, -0.1305], [21.9598, -0.2611]], [[3.6858, 0.0], [7.5405, 0.0], [11.3952, -0.1958], [15.9636, -0.8486], [18.2479, -0.2611], [21.9598, -0.3916]], [[3.6858, 0.0], [7.5405, 0.0], [11.3952, -0.1958], [15.9636, -0.8486], [25.3861, -0.3916], [31.3822, -0.7833]], [[3.6858, 0.0], [7.5405, 0.0], [11.3952, -0.1958], [15.9636, -0.8486], [42.2324, 0.0], [20.2466, -0.3916]]]",1.421,0.0,0.0,0.0,0.0,0.0,0.0,True,"[2, 2, 2]",0.0,0.0,0.0,1.1252,4.0,0.0711,1.1944,3.8009,0.0613,0.4206,1.1252,"[[3.686, 0.0], [7.541, 0.0], [11.395, -0.196], [15.964, -0.849], [19.104, -0.196], [21.96, -0.326]]",ok,4.7012,0.0,0.0,0.0,0.0,0.0,0.0,0.0,0.0,0.0,14032ef9a5194010a189dd4e822d1f5e,scene-1062,42
0.1731,1.0266,1.8623,0.2062,0.4188,0.8226,0.0,0.0,0.0,0.0,0.0,0.0,0.0,0.0,0.0,ok,right,0.6771,4.2158,4.2285,0.4364,1.4468,2.0188,False,"[3.329, 3.1332, 3.7859, 2.4804]","[-6597.0524, -7621.7657, -13089.8504, -16024.9379]","[-1507225.342, -1508250.0553, -1513718.1399, -1516653.2275]","[1.627, 2.449, 3.207, 2.275]","[[[3.5431, -0.1958], [6.1129, -1.3708], [9.1109, -0.9138], [12.5373, 1.436], [15.3926, -4.5692], [18.2479, -6.658]], [[3.5431, -0.1958], [6.1129, -1.3708], [9.1109, -0.9138], [12.5373, 1.436], [16.8202, -4.8303], [22.2453, -6.2664]], [[3.5431, -0.1958], [6.1129, -1.3708], [9.1109, -0.9138], [12.5373, 1.436], [14.8215, -4.5692], [28.5269, -7.5719]], [[3.5431, -0.1958], [6.1129, -1.3708], [9.1109, -0.9138], [12.5373, 1.436], [10.253, -5.8747], [12.8228, -4.9609]]]",0.5627,0.0,0.0,0.0,0.0,0.0,0.0,False,"[2, 2, 2]",0.0,0.0,0.0,1.6273,4.0,0.6771,4.2158,2.5788,0.4364,1.4468,1.6273,"[[3.543, -0.196], [6.113, -1.371], [9.111, -0.914], [12.537, 1.436], [16.106, -4.7], [20.247, -6.462]]",ok,3.2075,0.0,0.0,0.0,0.0,0.0,0.0,0.0,0.0,0.0,4baa89b0de744b06b2a89f5ff15f3c71,scene-1062,42
6.1876,11.071,17.3953,4.6034,7.3328,10.1617,0.0,0.0,0.0,0.0,0.0,0.0,0.0,0.0,0.0,ok,straight,6.1876,10.8363,18.841,4.6748,7.1308,10.0846,True,"[-0.6527, -1.1749, -1.1097, -0.1958]","[-153.7548, -2561.9874, -3651.7826, -17774.2454]","[2.4949, -1002560.6766, -1003650.4718, -1017772.9346]","[10.024, 10.15, 8.749, 10.538]","[[[3.2576, 0.0], [6.2556, -0.1305], [8.3971, -0.3264], [10.8241, -1.3055], [14.2505, -1.3055], [17.3913, -1.3055]], [[3.2576, 0.0], [6.2556, -0.1305], [8.3971, -0.3264], [10.8241, -1.3055], [11.9662, -1.9582], [20.2466, -2.3499]], [[3.2576, 0.0], [6.2556, -0.1305], [8.3971, -0.3264], [10.8241, -1.3055], [9.682, -0.1305], [14.2505, -2.2193]], [[3.2576, 0.0], [6.2556, -0.1305], [8.3971, -0.3264], [10.8241, -1.3055], [19.9611, -3.6554], [14.536, 0.3916]]]",0.6714,0.0,0.0,0.0,0.0,0.0,0.0,False,"[2, 2, 2]",0.0,0.0,0.0,8.7493,4.0,6.1876,10.8363,14.3558,4.6748,7.1308,8.7493,"[[3.258, 0.0], [6.256, -0.131], [8.397, -0.326], [10.824, -1.305], [13.108, -1.632], [18.819, -1.828]]",ok,10.5376,0.0,0.0,0.0,0.0,0.0,0.0,0.0,0.0,0.0,39711a523be04ea4b5dff56099d623eb,scene-1062,42
1.1492,0.7814,1.1499,0.9605,1.0094,1.0944,0.0,0.0,0.0,0.0,0.0,0.0,0.0,0.0,0.0,ok,left,0.2538,1.4948,9.9261,0.7962,0.9166,2.6217,False,"[0.8486, 2.0888, 1.1097, 0.718]","[-1108.9515, -50867.4798, -120590.9763, -319592.0374]","[-1001106.3474, -1050864.8758, -1120588.3723, -1319589.4333]","[0.991, 4.51, 4.256, 8.556]","[[[2.5437, 0.0], [7.1122, 0.3916], [10.3958, 0.3916], [14.3932, 1.3055], [15.3926, 1.0444], [17.3913, 1.6971]], [[2.5437, 0.0], [7.1122, 0.3916], [10.3958, 0.3916], [14.3932, 1.3055], [11.1096, 0.9138], [35.9507, 4.1776]], [[2.5437, 0.0], [7.1122, 0.3916], [10.3958, 0.3916], [14.3932, 1.3055], [19.9611, -16.5798], [14.2505, 2.2193]], [[2.5437, 0.0], [7.1122, 0.3916], [10.3958, 0.3916], [14.3932, 1.3055], [46.8008, -14.491], [28.5269, 1.436]]]",2.6832,0.0,0.0,0.0,0.0,0.0,0.0,False,"[2, 2, 2]",0.0,0.0,0.0,0.9906,4.0,0.2538,1.4948,1.1499,0.7962,0.9166,0.9906,"[[2.544, 0.0], [7.112, 0.392], [10.396, 0.392], [14.393, 1.305], [13.251, 0.979], [26.671, 2.937]]",ok,8.5555,0.0,0.0,0.0,0.0,0.0,0.0,0.0,0.0,0.0,42c250251b504ee8a5f1e49def135715,scene-1063,42
0.3274,1.3965,2.6623,0.4927,0.6664,1.2692,0.0,0.0,0.0,0.0,0.0,0.0,0.0,0.0,0.0,ok,straight,0.3274,1.9222,3.9877,0.2828,0.8421,1.9126,False,"[-0.0653, -0.3916, -0.0653, -0.1305]","[-93.8629, -1743.3695, -8148.0432, -80706.7956]","[4.0201, -1001740.7482, -1008145.4219, -1080704.1742]","[1.386, 2.441, 1.975, 7.386]","[[[4.1141, 0.0653], [8.5399, 0.0], [12.109, 0.0], [16.2492, 0.1306], [21.3887, -0.1305], [26.5282, -0.1305]], [[4.1141, 0.0653], [8.5399, 0.0], [12.109, 0.0], [16.2492, 0.1306], [17.6768, -0.1305], [23.9585, -0.7833]], [[4.1141, 0.0653], [8.5399, 0.0], [12.109, 0.0], [16.2492, 0.1306], [24.8151, -1.436], [22.8163, -0.1305]], [[4.1141, 0.0653], [8.5399, 0.0], [12.109, 0.0], [16.2492, 0.1306], [23.3874, 0.0], [69.6432, -0.2611]]]",2.3902,0.0,0.0,0.0,0.0,0.0,0.0,True,"[2, 2, 2]",0.0,0.0,0.0,1.3863,4.0,0.3274,1.9222,2.6623,0.2828,0.8421,1.3863,"[[4.114, 0.065], [8.54, 0.0], [12.109, 0.0], [16.249, 0.131], [19.533, -0.131], [25.243, -0.457]]",ok,7.3863,0.0,0.0,0.0,0.0,0.0,0.0,0.0,0.0,0.0,369487006f5a4bff82f96a3567858492,scene-1063,42
3.5564,7.3372,9.4435,2.7678,4.6886,6.0457,0.0,0.0,0.0,0.0,0.0,0.0,0.0,0.0,0.0,ok,straight,3.9833,8.1888,8.4619,3.0526,5.1884,6.3098,False,"[-0.2611, -0.4569, -0.1958, -0.1958]","[-335.2698, -179.3074, -164005.5973, -1045242.0187]","[3.1685, 1.3388, -1164003.2773, -2045239.6987]","[6.379, 6.243, 12.283, 12.729]","[[[2.972, 0.0], [6.1129, -0.0653], [8.8254, -0.3264], [11.3952, 0.0653], [15.3926, -0.2611], [17.3913, -0.5222]], [[2.972, 0.0], [6.1129, -0.0653], [8.8254, -0.3264], [11.3952, 0.0653], [14.2505, 0.0], [19.39, -0.9138]], [[2.972, 0.0], [6.1129, -0.0653], [8.8254, -0.3264], [11.3952, 0.0653], [13.3939, -0.9138], [69.6432, -0.3916]], [[2.972, 0.0], [6.1129, -0.0653], [8.8254, -0.3264], [11.3952, 0.0653], [69.6432, -0.3916], [17.3913, -0.3916]]]",3.1018,0.0,0.0,0.0,0.0,0.0,0.0,True,"[2, 2, 2]",0.0,0.0,0.0,6.2428,4.0,3.9833,8.1888,7.4901,3.0526,5.1884,6.2428,"[[2.972, 0.0], [6.113, -0.065], [8.825, -0.326], [11.395, 0.065], [14.822, -0.131], [18.391, -0.718]]",ok,12.7286,0.0,0.0,0.0,0.0,0.0,0.0,0.0,0.0,0.0,10ff71451f7245d392410e8575a68934,scene-1063,42
1.2313,1.6623,2.767,1.0517,1.4254,1.6147,0.0,0.0,0.0,0.0,0.0,0.0,0.0,0.0,0.0,ok,straight,1.0886,4.2319,0.5253,0.9803,2.6385,2.358,False,"[-0.2611, -0.0653, -0.1958, -0.1305]","[-1437.3185, -1482.6689, -5068.0811, -72009.9169]","[-1505294.5289, -1505339.8793, -1508925.2915, -1575867.1273]","[2.985, 2.613, 2.132, 5.993]","[[[3.6858, 0.0], [7.255, 0.0], [14.3932, -0.1305], [18.5334, 0.1306], [22.8163, 0.2611], [27.6704, -0.5222]], [[3.6858, 0.0], [7.255, 0.0], [14.3932, -0.1305], [18.5334, 0.1306], [21.3887, -0.1305], [21.3887, -0.1305]], [[3.6858, 0.0], [7.255, 0.0], [14.3932, -0.1305], [18.5334, 0.1306], [17.6768, -0.1305], [23.3874, -0.3916]], [[3.6858, 0.0], [7.255, 0.0], [14.3932, -0.1305], [18.5334, 0.1306], [31.6678, 0.5222], [11.3952, -0.2611]]]",1.5098,0.0,0.0,0.0,0.0,0.0,0.0,False,"[2, 2, 2]",0.0,0.0,0.0,2.1322,4.0,1.0886,4.2319,0.8755,0.9803,2.6385,2.1322,"[[3.686, 0.0], [7.255, 0.0], [14.393, -0.131], [18.533, 0.131], [22.103, 0.065], [24.53, -0.326]]",ok,5.9929,0.0,0.0,0.0,0.0,0.0,0.0,0.0,0.0,0.0,79a10e4d9e5b49e980a8897d6f09f450,scene-1063,42
0.3511,0.4663,3.6104,0.2668,0.3383,1.4063,0.0,0.0,0.0,0.0,0.0,0.0,0.0,0.0,0.0,ok,straight,0.7778,0.3741,0.9394,0.4682,0.6792,0.9726,True,"[-0.5222, -0.8486, -0.3264, -0.718]","[-2563.6239, -2978.5263, -8833.4403, -164319.1271]","[-1504090.9548, -1504505.8572, -1510360.7712, -1665846.458]","[1.323, 1.634, 2.315, 5.045]","[[[3.6858, -0.0653], [6.9694, -0.1305], [9.9675, -0.2611], [15.9636, -0.4569], [19.6755, -0.7833], [29.098, -1.0444]], [[3.6858, -0.0653], [6.9694, -0.1305], [9.9675, -0.2611], [15.9636, -0.4569], [17.1058, -1.1749], [21.3887, -1.6971]], [[3.6858, -0.0653], [6.9694, -0.1305], [9.9675, -0.2611], [15.9636, -0.4569], [22.5308, -2.4804], [16.5347, -0.6527]], [[3.6858, -0.0653], [6.9694, -0.1305], [9.9675, -0.2611], [15.9636, -0.4569], [40.5192, -1.9582], [17.3913, -1.436]]]",1.4683,0.0,0.0,0.0,0.0,0.0,0.0,False,"[2, 2, 2]",0.0,0.0,0.0,1.3225,4.0,0.7778,0.3741,4.3197,0.4682,0.6792,1.3225,"[[3.686, -0.065], [6.969, -0.131], [9.968, -0.261], [15.964, -0.457], [18.391, -0.979], [25.243, -1.371]]",ok,5.045,0.0,0.0,0.0,0.0,0.0,0.0,0.0,0.0,0.0,b62a484b94a04ae4b1b2729fb2064696,scene-1064,42
3.4155,9.7277,16.3217,2.5693,5.4333,8.5843,0.0,0.0,0.0,0.0,0.0,0.0,0.0,0.0,0.0,ok,straight,4.5575,11.8692,14.894,3.5686,6.3256,9.1555,False,"[-0.1958, -0.1305, -0.0653, -0.0653]","[-1244.0312, -1387.4352, -1607.184, -2913.0095]","[-1502423.3097, -1502566.7136, -1502786.4624, -1504092.2879]","[9.276, 9.037, 9.037, 9.084]","[[[4.5424, 0.0], [7.9688, 0.0], [10.5386, 0.0], [16.3919, -0.1305], [19.39, -0.5222], [19.9611, -0.3916]], [[4.5424, 0.0], [7.9688, 0.0], [10.5386, 0.0], [16.3919, -0.1305], [19.1045, 0.0], [18.8189, 0.2611]], [[4.5424, 0.0], [7.9688, 0.0], [10.5386, 0.0], [16.3919, -0.1305], [19.6755, 0.0], [18.2479, 0.1305]], [[4.5424, 0.0], [7.9688, 0.0], [10.5386, 0.0], [16.3919, -0.1305], [17.3913, -0.1305], [20.8176, -0.1305]]]",0.0985,0.0,0.0,0.0,0.0,0.0,0.0,False,"[2, 2, 2]",0.0,0.0,0.0,9.0368,4.0,4.5575,11.8692,13.7539,3.5686,6.3256,9.0368,"[[4.542, 0.0], [7.969, 0.0], [10.539, 0.0], [16.392, -0.131], [19.247, -0.261], [19.39, -0.065]]",ok,9.2757,0.0,0.0,0.0,0.0,0.0,0.0,0.0,0.0,0.0,22604ed0b4234a8bafcb4be0eb38ee19,scene-1064,42
5.8603,9.7691,14.7793,4.3971,6.4963,8.6313,0.0,0.0,0.0,0.0,0.0,0.0,0.0,0.0,0.0,ok,right,6.003,10.7768,13.9354,4.4685,6.9621,9.0872,False,"[-0.8486, 0.1305, -0.0, -0.4569]","[-915.0171, -1334.2777, -27491.8907, -46348.269]","[-1000913.7918, -1001333.0525, -1027490.6654, -1046347.0437]","[8.942, 9.24, 8.044, 11.748]","[[[3.1148, 0.0], [6.6839, 0.1305], [9.8247, 0.2611], [13.8222, 0.6527], [15.3926, 0.7833], [19.9611, 1.6971]], [[3.1148, 0.0], [6.6839, 0.1305], [9.8247, 0.2611], [13.8222, 0.6527], [18.8189, 1.1749], [18.8189, -0.2611]], [[3.1148, 0.0], [6.6839, 0.1305], [9.8247, 0.2611], [13.8222, 0.6527], [19.1045, 0.0], [1.1161, 0.0]], [[3.1148, 0.0], [6.6839, 0.1305], [9.8247, 0.2611], [13.8222, 0.6527], [12.8228, 0.5222], [39.9481, 0.9138]]]",1.3742,0.0,0.0,0.0,0.0,0.0,0.0,True,"[2, 2, 2]",0.0,0.0,0.0,8.0442,4.0,6.003,10.7768,5.8536,4.4685,6.9621,8.0442,"[[3.115, 0.0], [6.684, 0.131], [9.825, 0.261], [13.822, 0.653], [17.106, 0.979], [19.39, 0.718]]",ok,11.7485,0.0,0.0,0.0,0.0,0.0,0.0,0.0,0.0,0.0,1f73768be216451fa02caa38b04a62b3,scene-1064,42
0.147,0.9834,0.9172,0.178,0.3919,0.6137,0.0,0.0,0.0,0.0,0.0,0.0,0.0,0.0,0.0,ok,straight,0.5746,1.3146,1.669,0.5346,0.8305,0.9449,False,"[-0.0653, -1.3708, -0.5875, -2.0888]","[-230.9695, -4057.32, -5763.6341, -50305.8845]","[4.8055, -1004054.4942, -1005760.8083, -1050303.0587]","[0.904, 1.456, 3.111, 3.249]","[[[3.6858, 0.0], [8.1116, 0.0], [12.3945, 0.0], [17.1058, 0.7833], [21.6742, 0.0], [26.5282, -0.1305]], [[3.6858, 0.0], [8.1116, 0.0], [12.3945, 0.0], [17.1058, 0.7833], [25.3861, -0.5222], [26.2427, -2.7415]], [[3.6858, 0.0], [8.1116, 0.0], [12.3945, 0.0], [17.1058, 0.7833], [15.3926, -0.2611], [19.6755, 1.1749]], [[3.6858, 0.0], [8.1116, 0.0], [12.3945, 0.0], [17.1058, 0.7833], [33.0954, -0.7833], [23.1019, -4.1776]]]",1.02,0.0,0.0,0.0,0.0,0.0,0.0,False,"[2, 2, 2]",0.0,0.0,0.0,0.9044,4.0,0.5746,1.3146,0.9067,0.5346,0.8305,0.9044,"[[3.686, 0.0], [8.112, 0.0], [12.395, 0.0], [17.106, 0.783], [23.53, -0.261], [26.385, -1.436]]",ok,3.2495,0.0,0.0,0.0,0.0,0.0,0.0,0.0,0.0,0.0,868313d0288e4f9aa0535dbd437cede1,scene-1064,42
0.2711,1.1151,4.5666,0.3395,0.6504,1.6542,0.0,0.0,0.0,0.0,0.0,0.0,0.0,0.0,0.0,ok,straight,0.544,1.7749,6.7408,0.2847,0.9615,2.3758,False,"[-0.1958, -0.5875, -0.3264, -0.6527]","[-1033.3563, -682.7014, -7613.1534, -9787.1464]","[2.1647, 0.1555, -1007613.2363, -1009787.2293]","[2.915, 1.851, 2.811, 2.117]","[[[3.8286, 0.0], [6.5412, -0.1305], [11.2524, -0.2611], [13.8222, -0.5222], [19.1045, -0.3916], [26.5282, -0.3916]], [[3.8286, 0.0], [6.5412, -0.1305], [11.2524, -0.2611], [13.8222, -0.5222], [17.1058, -0.5222], [21.9598, -1.1749]], [[3.8286, 0.0], [6.5412, -0.1305], [11.2524, -0.2611], [13.8222, -0.5222], [22.2453, -1.8277], [22.5308, -0.6527]], [[3.8286, 0.0], [6.5412, -0.1305], [11.2524, -0.2611], [13.8222, -0.5222], [21.6742, -0.2611], [18.5334, -1.3055]]]",0.4508,0.0,0.0,0.0,0.0,0.0,0.0,True,"[2, 2, 2]",0.0,0.0,0.0,1.8508,4.0,0.544,1.7749,4.5666,0.2847,0.9615,1.8508,"[[3.829, 0.0], [6.541, -0.131], [11.252, -0.261], [13.822, -0.522], [18.105, -0.457], [24.244, -0.783]]",ok,2.9145,0.0,0.0,0.0,0.0,0.0,0.0,0.0,0.0,0.0,dc2def2a7bc94693b67eba2ffbe13a56,scene-1065,42
0.4181,1.6498,2.1179,0.3002,0.6337,1.0113,0.0,0.0,0.0,0.0,0.0,0.0,0.0,0.0,0.0,ok,straight,1.0284,0.3716,0.6091,0.9268,1.0933,0.8845,True,"[-0.1305, -0.3916, -0.2611, -0.3916]","[-662.0495, -1772.2452, -35756.9749, -705854.4516]","[-1504755.6299, -2506529.9995, -2540514.7292, -3210612.2059]","[1.318, 1.514, 3.05, 8.798]","[[[4.1141, 0.0], [11.1096, 0.0], [17.534, -0.1305], [21.1032, -0.1305], [24.8151, -0.1305], [29.6691, -0.2611]], [[4.1141, 0.0], [11.1096, 0.0], [17.534, -0.1305], [21.1032, -0.1305], [28.2414, -0.2611], [34.2375, 0.7833]], [[4.1141, 0.0], [11.1096, 0.0], [17.534, -0.1305], [21.1032, -0.1305], [17.1058, -0.1305], [36.5218, 0.5222]], [[4.1141, 0.0], [11.1096, 0.0], [17.534, -0.1305], [21.1032, -0.1305], [69.6432, -0.3916], [26.8138, -0.7833]]]",3.0358,0.0,0.0,0.0,0.0,0.0,0.0,True,"[2, 2, 2]",0.0,0.0,0.0,1.3177,4.0,1.0284,0.3716,2.1179,0.9268,1.0933,1.3177,"[[4.114, 0.0], [11.11, 0.0], [17.534, -0.131], [21.103, -0.131], [26.528, -0.196], [31.953, 0.261]]",ok,8.7983,0.0,0.0,0.0,0.0,0.0,0.0,0.0,0.0,0.0,092eac44a74545b39d53c642a06eaa2e,scene-1065,42
2.4713,3.7162,8.6543,1.7334,2.4724,4.2626,0.0,0.0,0.0,0.0,0.0,0.0,0.0,0.0,0.0,ok,straight,2.3318,1.1713,9.9297,1.5211,1.2353,3.5489,True,"[-0.1305, -0.0653, -0.2611, -0.1305]","[-2132.528, -3660.9772, -6790.4582, -15483.9083]","[-1504638.4477, -1506166.8968, -1509296.3778, -1517989.8279]","[3.682, 3.438, 3.293, 3.629]","[[[6.2556, 0.0], [13.2511, 0.0653], [16.8202, 0.0], [22.2453, -0.0653], [31.6678, 1.436], [42.2324, -0.2611]], [[6.2556, 0.0], [13.2511, 0.0653], [16.8202, 0.0], [22.2453, -0.0653], [33.0954, -0.1305], [39.6626, -0.1305]], [[6.2556, 0.0], [13.2511, 0.0653], [16.8202, 0.0], [22.2453, -0.0653], [27.6704, -0.2611], [44.2311, -0.5222]], [[6.2556, 0.0], [13.2511, 0.0653], [16.8202, 0.0], [22.2453, -0.0653], [36.2362, 0.1305], [37.6639, -0.2611]]]",0.1549,0.0,0.0,0.0,0.0,0.0,0.0,False,"[2, 2, 2]",0.0,0.0,0.0,3.293,4.0,2.3318,1.1713,13.1933,1.5211,1.2353,3.293,"[[6.256, 0.0], [13.251, 0.065], [16.82, 0.0], [22.245, -0.065], [32.382, 0.653], [40.947, -0.196]]",ok,3.6818,0.0,0.0,0.0,0.0,0.0,0.0,0.0,0.0,0.0,3adfe1171bb448f9a639e4bc3bc3dc11,scene-1065,42
1.0125,2.7486,2.4237,1.0564,1.6017,1.9695,0.0,0.0,0.0,0.0,0.0,0.0,0.0,0.0,0.0,ok,straight,0.4606,2.9128,2.7974,0.6378,1.1252,1.756,True,"[-0.0, -0.2611, -0.3916, -2.2193]","[-7974.184, -10941.2562, -24842.8838, -79033.3683]","[-1508355.9542, -1511323.0264, -1525224.654, -1579415.1385]","[1.652, 1.923, 3.006, 4.266]","[[[4.2569, 0.0], [9.1109, 0.0], [14.6787, 0.0653], [22.2453, -0.4569], [21.3887, 0.0], [26.5282, 0.0]], [[4.2569, 0.0], [9.1109, 0.0], [14.6787, 0.0653], [22.2453, -0.4569], [20.8176, 2.2193], [25.6716, 0.5222]], [[4.2569, 0.0], [9.1109, 0.0], [14.6787, 0.0653], [22.2453, -0.4569], [16.5347, -1.436], [23.3874, 0.7833]], [[4.2569, 0.0], [9.1109, 0.0], [14.6787, 0.0653], [22.2453, -0.4569], [15.9636, 1.6971], [40.5192, -4.4387]]]",1.0305,0.0,0.0,0.0,0.0,0.0,0.0,False,"[2, 2, 2]",0.0,0.0,0.0,1.6518,4.0,0.4606,2.9128,2.4237,0.6378,1.1252,1.6518,"[[4.257, 0.0], [9.111, 0.0], [14.679, 0.065], [22.245, -0.457], [21.103, 1.11], [26.1, 0.261]]",ok,4.2659,0.0,0.0,0.0,0.0,0.0,0.0,0.0,0.0,0.0,b6d6b3c2d1844f239791f7ca22ba5e8a,scene-1065,42
2.0206,5.5572,7.84,1.6367,3.1455,4.6069,0.0,0.0,0.0,0.0,0.0,0.0,0.0,0.0,0.0,ok,straight,1.7345,4.8424,12.4819,1.4223,2.6101,5.5473,False,"[-0.2611, -1.3055, -0.1958, -0.4569]","[-173.1887, -5406.5611, -26319.485, -100122.5346]","[3.6908, -1005404.3535, -1026317.2775, -1100120.3271]","[4.251, 6.849, 6.347, 5.115]","[[[4.9707, 0.0], [9.1109, -0.0653], [13.2511, -0.1958], [18.1051, -0.1958], [23.3874, -0.2611], [26.5282, -0.5222]], [[4.9707, 0.0], [9.1109, -0.0653], [13.2511, -0.1958], [18.1051, -0.1958], [29.6691, 0.2611], [35.6652, -2.611]], [[4.9707, 0.0], [9.1109, -0.0653], [13.2511, -0.1958], [18.1051, -0.1958], [32.8099, -0.2611], [29.6691, 0.3916]], [[4.9707, 0.0], [9.1109, -0.0653], [13.2511, -0.1958], [18.1051, -0.1958], [5.6846, 1.5666], [28.2414, 0.9138]]]",1.0206,0.0,0.0,0.0,0.0,0.0,0.0,False,"[2, 2, 2]",0.0,0.0,0.0,4.251,4.0,1.7345,4.8424,7.8459,1.4223,2.6101,4.251,"[[4.971, 0.0], [9.111, -0.065], [13.251, -0.196], [18.105, -0.196], [26.528, 0.0], [31.097, -1.567]]",ok,6.8489,0.0,0.0,0.0,0.0,0.0,0.0,0.0,0.0,0.0,21bb21c84c3e43908cd554db2686278f,scene-1066,42
0.0911,0.939,0.2549,0.062,0.5926,0.4779,0.0,0.0,0.0,0.0,0.0,0.0,0.0,0.0,0.0,ok,straight,1.0602,1.4405,0.7071,0.6607,0.8392,1.0434,False,"[-0.0, -0.3264, -0.4569, -0.2611]","[-1514.6069, -5830.4013, -13274.4205, -827912.8195]","[-1001512.6077, -1005828.402, -1013272.4212, -1827910.8202]","[1.149, 1.62, 2.195, 9.278]","[[[3.4003, 0.0], [6.2556, 0.0], [11.2524, -0.0653], [15.8209, 0.5222], [18.8189, 0.0], [26.5282, 0.0]], [[3.4003, 0.0], [6.2556, 0.0], [11.2524, -0.0653], [15.8209, 0.5222], [23.3874, 0.0], [21.3887, 0.6527]], [[3.4003, 0.0], [6.2556, 0.0], [11.2524, -0.0653], [15.8209, 0.5222], [24.8151, -0.1305], [19.39, 0.9138]], [[3.4003, 0.0], [6.2556, 0.0], [11.2524, -0.0653], [15.8209, 0.5222], [69.6432, -0.7833], [24.8151, 0.5222]]]",3.3216,0.0,0.0,0.0,0.0,0.0,0.0,True,"[2, 2, 2]",0.0,0.0,0.0,1.1489,4.0,1.0602,1.4405,3.2949,0.6607,0.8392,1.1489,"[[3.4, 0.0], [6.256, 0.0], [11.252, -0.065], [15.821, 0.522], [21.103, 0.0], [23.958, 0.326]]",ok,9.2776,0.0,0.0,0.0,0.0,0.0,0.0,0.0,0.0,0.0,c880188955834ebaa53cc8bc887327d8,scene-1066,42
1.0132,3.8904,1.168,0.8094,1.9678,2.1086,0.0,0.0,0.0,0.0,0.0,0.0,0.0,0.0,0.0,ok,straight,0.139,4.3186,4.3251,0.4102,1.7326,2.6441,False,"[-0.1305, -0.5875, -0.1305, -0.3264]","[-499.5005, -650.7887, -1432.3782, -158150.0447]","[4.5423, 2.103, -1001429.289, -1158146.9554]","[2.238, 3.055, 2.229, 4.314]","[[[6.3984, 0.0], [11.6807, -0.1305], [15.6781, -0.1305], [18.3906, -0.1305], [23.9585, -0.5222], [31.9533, -0.2611]], [[6.3984, 0.0], [11.6807, -0.1305], [15.6781, -0.1305], [18.3906, -0.1305], [23.6729, -0.1305], [27.3848, -1.1749]], [[6.3984, 0.0], [11.6807, -0.1305], [15.6781, -0.1305], [18.3906, -0.1305], [24.8151, -0.1305], [36.8073, -0.2611]], [[6.3984, 0.0], [11.6807, -0.1305], [15.6781, -0.1305], [18.3906, -0.1305], [46.2298, -0.5222], [33.381, 0.6527]]]",0.851,0.0,0.0,0.0,0.0,0.0,0.0,True,"[2, 2, 2]",0.0,0.0,0.0,2.229,4.0,0.139,4.3186,2.8318,0.4102,1.7326,2.229,"[[6.398, 0.0], [11.681, -0.131], [15.678, -0.131], [18.391, -0.131], [23.816, -0.326], [29.669, -0.718]]",ok,4.3136,0.0,0.0,0.0,0.0,0.0,0.0,0.0,0.0,0.0,5bb3471504034b869f8ab0d4f7060d4b,scene-1066,42
1.3629,2.0902,1.075,1.0313,1.3827,1.3706,0.0,0.0,0.0,0.0,0.0,0.0,0.0,0.0,0.0,ok,straight,0.506,0.6229,0.8361,0.6028,0.7657,0.7383,True,"[-0.1958, -0.0653, -0.1958, -0.0653]","[-416.179, -1408.4138, -25401.1535, -107441.482]","[-500957.078, -1502365.2517, -1526357.9915, -1608398.32]","[1.403, 0.959, 2.838, 6.226]","[[[4.5424, 0.0], [9.3964, -0.0653], [13.2511, -0.0653], [19.5328, -0.1305], [25.3861, 0.0], [30.8112, 0.3916]], [[4.5424, 0.0], [9.3964, -0.0653], [13.2511, -0.0653], [19.5328, -0.1305], [22.2453, -0.1305], [25.9572, -0.1305]], [[4.5424, 0.0], [9.3964, -0.0653], [13.2511, -0.0653], [19.5328, -0.1305], [18.8189, -0.1305], [37.0928, -0.3916]], [[4.5424, 0.0], [9.3964, -0.0653], [13.2511, -0.0653], [19.5328, -0.1305], [32.8099, -0.2611], [2.8293, 0.1305]]]",2.0656,0.0,0.0,0.0,0.0,0.0,0.0,True,"[2, 2, 2]",0.0,0.0,0.0,0.9592,4.0,0.506,0.6229,1.6458,0.6028,0.7657,0.9592,"[[4.542, 0.0], [9.396, -0.065], [13.251, -0.065], [19.533, -0.131], [23.816, -0.065], [28.384, 0.131]]",ok,6.2261,0.0,0.0,0.0,0.0,0.0,0.0,0.0,0.0,0.0,4ed8916b5144428295e66f5a54da6704,scene-1066,42
1.1611,1.3844,2.3781,0.8786,1.1451,1.3751,0.0,0.0,0.0,0.0,0.0,0.0,0.0,0.0,0.0,ok,straight,1.589,1.7605,0.7635,1.3779,1.2041,1.2869,True,"[-0.0653, -0.1958, -0.0653, -0.2611]","[-710.5321, -816.23, -2032.3779, -22655.6861]","[-1000707.2864, -1000812.9843, -1002029.1321, -1022652.4404]","[1.335, 1.369, 1.368, 3.848]","[[[3.1148, -0.0653], [6.9694, 0.0], [12.2517, -0.0653], [18.5334, -0.0653], [21.6742, -0.2611], [25.6716, -0.1305]], [[3.1148, -0.0653], [6.9694, 0.0], [12.2517, -0.0653], [18.5334, -0.0653], [23.3874, 0.0], [23.3874, -0.3916]], [[3.1148, -0.0653], [6.9694, 0.0], [12.2517, -0.0653], [18.5334, -0.0653], [19.39, -0.1305], [21.3887, -0.1305]], [[3.1148, -0.0653], [6.9694, 0.0], [12.2517, -0.0653], [18.5334, -0.0653], [11.1096, -0.6527], [14.8215, 0.5222]]]",1.0787,0.0,0.0,0.0,0.0,0.0,0.0,True,"[2, 2, 2]",0.0,0.0,0.0,1.3351,4.0,1.589,1.7605,1.9118,1.3779,1.2041,1.3351,"[[3.115, -0.065], [6.969, 0.0], [12.252, -0.065], [18.533, -0.065], [22.531, -0.131], [24.53, -0.261]]",ok,3.8483,0.0,0.0,0.0,0.0,0.0,0.0,0.0,0.0,0.0,b6a9d120895e4207a0527ad4b3284d42,scene-1067,42
1.0303,0.6047,1.7906,0.8678,0.9127,1.0403,0.0,0.0,0.0,0.0,0.0,0.0,0.0,0.0,0.0,ok,straight,0.1746,1.3104,0.8307,0.1545,0.8758,0.9222,True,"[-0.0653, -0.0653, -0.0653, -0.0]","[-634.3034, -1162.7108, -4111.223, -8269.4673]","[2.638, 2.4638, -1004108.9672, -1008267.2115]","[1.016, 0.922, 1.705, 2.228]","[[[2.8293, 0.0], [5.9701, 0.0], [11.1096, -0.0653], [13.8222, -0.1958], [17.3913, -0.1305], [21.9598, -0.1305]], [[2.8293, 0.0], [5.9701, 0.0], [11.1096, -0.0653], [13.8222, -0.1958], [18.2479, 0.0], [19.9611, -0.1305]], [[2.8293, 0.0], [5.9701, 0.0], [11.1096, -0.0653], [13.8222, -0.1958], [15.3926, 0.1305], [25.6716, -0.1305]], [[2.8293, 0.0], [5.9701, 0.0], [11.1096, -0.0653], [13.8222, -0.1958], [14.8215, 0.0], [28.2414, 0.0]]]",0.533,0.0,0.0,0.0,0.0,0.0,0.0,True,"[2, 2, 2]",0.0,0.0,0.0,0.9222,4.0,0.1746,1.3104,0.414,0.1545,0.8758,0.9222,"[[2.829, 0.0], [5.97, 0.0], [11.11, -0.065], [13.822, -0.196], [17.82, -0.065], [20.96, -0.131]]",ok,2.2281,0.0,0.0,0.0,0.0,0.0,0.0,0.0,0.0,0.0,4b0405ae89164fbfb3638a5dde6e374c,scene-1067,42
3.1718,7.6668,13.0273,2.1588,4.1723,6.4842,0.0,1.0,1.0,0.0,1.0,1.0,0.0,0.25,0.5,ok,straight,3.3146,9.4101,11.7428,2.3016,5.3221,6.965,False,"[-0.0, -0.0653, -1.6319, -0.6527]","[-1410.4733, -1616.8092, -11934.8037, -16090.9108]","[-1503136.891, -1503343.2269, -1513661.2214, -1517817.3285]","[7.251, 6.68, 8.064, 7.744]","[[[3.5431, 0.0], [7.5405, 0.0], [13.1083, 0.0653], [16.5347, 0.718], [17.3913, 0.1305], [21.9598, 0.0]], [[3.5431, 0.0], [7.5405, 0.0], [13.1083, 0.0653], [16.5347, 0.718], [16.5347, -0.2611], [19.39, 0.1305]], [[3.5431, 0.0], [7.5405, 0.0], [13.1083, 0.0653], [16.5347, 0.718], [15.6781, 0.7833], [28.2414, -3.2637]], [[3.5431, 0.0], [7.5405, 0.0], [13.1083, 0.0653], [16.5347, 0.718], [24.8151, 0.2611], [17.3913, 1.3055]]]",0.5233,0.0,1.0,0.0,0.0,1.0,1.0,False,"[2, 2, 2]",0.0,0.5,0.5,6.6801,4.0,3.3146,9.4101,10.4588,2.3016,5.3221,6.6801,"[[3.543, 0.0], [7.541, 0.0], [13.108, 0.065], [16.535, 0.718], [16.963, -0.065], [20.675, 0.065]]",ok,8.064,0.0,0.0,1.0,0.0,0.0,1.0,0.0,0.0,0.16666666666666666,65e91e3a03fe4fbba79fd17c886638e7,scene-1067,42
2.5437,5.6369,7.5801,1.8299,3.2456,4.4733,0.0,1.0,1.0,0.0,1.0,1.0,0.0,0.25,0.5,ok,straight,2.5437,4.7803,6.4385,1.6158,2.746,4.2116,True,"[-0.0, -0.0653, -0.0653, -0.2611]","[-516.8504, -2202.1623, -4144.3502, -16218.6951]","[4.5323, -1002199.4819, -1004141.6698, -1016216.0147]","[4.14, 4.283, 5.378, 3.666]","[[[0.6878, 0.0], [2.5437, 0.0], [2.972, 0.0], [4.828, 0.0], [7.3977, 0.0], [7.3977, 0.0]], [[0.6878, 0.0], [2.5437, 0.0], [2.972, 0.0], [4.828, 0.0], [8.8254, 0.0], [6.8267, 0.1305]], [[0.6878, 0.0], [2.5437, 0.0], [2.972, 0.0], [4.828, 0.0], [5.9701, 0.0], [16.2492, 0.1305]], [[0.6878, 0.0], [2.5437, 0.0], [2.972, 0.0], [4.828, 0.0], [0.545, 0.0], [11.3952, -0.5222]]]",0.6266,0.0,1.0,1.0,0.0,1.0,1.0,False,"[2, 2, 2]",0.0,0.25,0.5,3.6663,4.0,2.5437,4.7803,10.7332,1.6158,2.746,3.6663,"[[0.688, 0.0], [2.544, 0.0], [2.972, 0.0], [4.828, 0.0], [8.112, 0.0], [7.112, 0.065]]",ok,5.3775,1.0,1.0,1.0,1.0,1.0,1.0,0.5,0.75,0.8333333333333334,66eaa9cb4bfd43d2a80be2fd894ef935,scene-1067,42
4.2191,8.9864,14.987,2.9758,5.333,7.8371,1.0,1.0,1.0,1.0,1.0,1.0,0.5,0.75,0.8333333333333334,ok,straight,4.6474,8.7009,15.843,3.1186,5.3687,8.2663,False,"[-0.0653, -0.0653, -0.0653, -0.0653]","[-319.8399, -1112.9574, -4579.0892, -20172.2255]","[2.7541, -1001111.5562, -1004577.6881, -1020170.8243]","[7.861, 8.674, 8.147, 7.052]","[[[2.1154, 0.0], [5.5418, 0.0], [7.5405, 0.0], [9.682, 0.0], [11.6807, 0.0], [15.9636, -0.1305]], [[2.1154, 0.0], [5.5418, 0.0], [7.5405, 0.0], [9.682, 0.0], [14.8215, -0.7833], [17.6768, 0.1305]], [[2.1154, 0.0], [5.5418, 0.0], [7.5405, 0.0], [9.682, 0.0], [15.6781, -0.2611], [13.6794, -0.1305]], [[2.1154, 0.0], [5.5418, 0.0], [7.5405, 0.0], [9.682, 0.0], [5.1135, 0.0], [17.6768, -0.1305]]]",0.5864,1.0,1.0,1.0,1.0,1.0,1.0,True,"[2, 2, 2]",0.5,0.75,0.8333333333333334,7.0519,4.0,4.6474,8.7009,16.7001,3.1186,5.3687,7.0519,"[[2.115, 0.0], [5.542, 0.0], [7.541, 0.0], [9.682, 0.0], [13.251, -0.392], [16.82, 0.0]]",ok,8.6735,1.0,1.0,1.0,1.0,1.0,1.0,0.5,0.75,0.8333333333333334,2920a3315ccd4fefb30fb0468ebb2351,scene-1068,42
2.6377,5.0423,5.0743,2.1439,3.1053,3.6161,0.0,0.0,0.0,0.0,0.0,0.0,0.0,0.0,0.0,ok,straight,2.3521,3.9006,6.077,1.6442,2.5344,3.7837,False,"[-0.0653, -0.1958, -0.0, -0.0]","[-78.2535, -3072.6193, -9652.9842, -57902.6053]","[2.7063, -1003070.6624, -1009651.0273, -1057900.6484]","[3.093, 4.477, 3.33, 6.147]","[[[1.8299, 0.0], [4.5424, 0.0], [6.6839, 0.0], [9.3964, -0.1305], [11.6807, -0.1305], [13.6794, -0.1305]], [[1.8299, 0.0], [4.5424, 0.0], [6.6839, 0.0], [9.3964, -0.1305], [16.2492, 0.5222], [17.3913, -0.3916]], [[1.8299, 0.0], [4.5424, 0.0], [6.6839, 0.0], [9.3964, -0.1305], [16.2492, -0.1305], [10.5386, 0.0]], [[1.8299, 0.0], [4.5424, 0.0], [6.6839, 0.0], [9.3964, -0.1305], [25.9572, 3.5248], [17.3913, 0.0]]]",1.2075,0.0,0.0,0.0,0.0,0.0,1.0,False,"[2, 2, 2]",0.0,0.0,0.16666666666666666,3.0928,4.0,2.3521,3.9006,4.2179,1.6442,2.5344,3.0928,"[[1.83, 0.0], [4.542, 0.0], [6.684, 0.0], [9.396, -0.131], [13.965, 0.196], [15.535, -0.261]]",ok,6.1465,0.0,0.0,0.0,0.0,0.0,0.0,0.0,0.0,0.0,d20d151ade9c4229806e9664c1bda422,scene-1068,42
0.9596,3.328,9.2084,0.7266,2.0933,4.0945,0.0,0.0,1.0,0.0,0.0,1.0,0.0,0.0,0.3333333333333333,ok,straight,1.3879,4.182,9.6326,1.0834,2.4134,4.1892,False,"[-0.1305, -0.0, -0.0653, -0.1305]","[-192.9005, -977.7015, -10935.3314, -103702.9626]","[1.7656, -1000975.6946, -1010933.3244, -1103700.9556]","[4.26, 4.119, 4.19, 6.022]","[[[3.9714, 0.0], [7.826, 0.0], [12.8228, -0.0653], [16.8202, 0.1306], [21.6742, -0.1305], [26.5282, -0.2611]], [[3.9714, 0.0], [7.826, 0.0], [12.8228, -0.0653], [16.8202, 0.1306], [19.9611, -0.3916], [27.3848, 0.0]], [[3.9714, 0.0], [7.826, 0.0], [12.8228, -0.0653], [16.8202, 0.1306], [19.39, 0.0], [6.2556, 0.1305]], [[3.9714, 0.0], [7.826, 0.0], [12.8228, -0.0653], [16.8202, 0.1306], [37.3784, -0.1305], [21.3887, -0.2611]]]",0.795,0.0,0.0,1.0,0.0,0.0,1.0,True,"[2, 2, 2]",0.0,0.0,0.3333333333333333,4.1194,4.0,1.3879,4.182,10.0588,1.0834,2.4134,4.1194,"[[3.971, 0.0], [7.826, 0.0], [12.823, -0.065], [16.82, 0.131], [20.818, -0.261], [26.957, -0.131]]",ok,6.0221,0.0,0.0,0.0,0.0,0.0,0.0,0.0,0.0,0.0,fd6296714eda481bac74b50c926d0565,scene-1068,42
0.3228,0.1933,0.126,0.2748,0.2337,0.196,0.0,0.0,0.0,0.0,0.0,0.0,0.0,0.0,0.0,ok,straight,1.1765,0.1933,3.7504,0.8442,0.8069,1.3243,False,"[-0.0653, -0.0653, -0.0653, -0.0]","[-164.7036, -4878.2664, -10750.9796, -18244.7485]","[-500644.9844, -1505523.9085, -1511396.6217, -1518890.3906]","[0.814, 2.061, 1.539, 1.921]","[[[2.5437, 0.0], [5.399, 0.0], [7.6833, -0.3916], [8.5399, 0.0], [9.1109, 0.0], [11.1096, -0.1305]], [[2.5437, 0.0], [5.399, 0.0], [7.6833, -0.3916], [8.5399, 0.0], [9.1109, -0.1305], [19.9611, -0.1305]], [[2.5437, 0.0], [5.399, 0.0], [7.6833, -0.3916], [8.5399, 0.0], [15.6781, 0.0], [11.3952, -0.1305]], [[2.5437, 0.0], [5.399, 0.0], [7.6833, -0.3916], [8.5399, 0.0], [17.1058, 0.0], [10.5386, 0.0]]]",0.4837,0.0,0.0,0.0,0.0,0.0,0.0,False,"[2, 2, 2]",0.0,0.0,0.0,0.8141,4.0,1.1765,0.1933,0.6796,0.8442,0.8069,0.8141,"[[2.544, 0.0], [5.399, 0.0], [7.683, -0.392], [8.54, 0.0], [9.111, -0.065], [15.535, -0.131]]",ok,2.061,0.0,0.0,0.0,0.0,0.0,0.0,0.0,0.0,0.0,b227c51db2594af5aba12ccc722b7973,scene-1068,42
1.6387,6.2074,15.2577,1.1279,3.1163,6.4102,0.0,0.0,0.0,0.0,0.0,0.0,0.0,0.0,0.0,ok,left,1.8868,6.1169,16.9193,1.3843,3.062,6.7584,False,"[-3.3943, -4.8956, -3.329, -8.2899]","[-1062.0291, -927.1852, -3791.9231, -14628.1998]","[-500543.2158, -1501471.9068, -1504336.6447, -1515172.9213]","[6.395, 7.152, 6.371, 7.913]","[[[2.5437, -0.1305], [4.9707, -0.3916], [7.255, -0.8486], [8.1116, -2.8068], [11.9662, -4.8303], [13.6794, -6.7886]], [[2.5437, -0.1305], [4.9707, -0.3916], [7.255, -0.8486], [8.1116, -2.8068], [9.682, -6.9191], [15.107, -9.7912]], [[2.5437, -0.1305], [4.9707, -0.3916], [7.255, -0.8486], [8.1116, -2.8068], [13.1083, -4.9609], [11.6807, -6.658]], [[2.5437, -0.1305], [4.9707, -0.3916], [7.255, -0.8486], [8.1116, -2.8068], [13.9649, -4.1776], [9.682, -16.5798]]]",0.6347,0.0,0.0,0.0,0.0,0.0,0.0,True,"[2, 2, 2]",0.0,0.0,0.0,6.371,4.0,1.8868,6.1169,14.4471,1.3843,3.062,6.371,"[[2.544, -0.131], [4.971, -0.392], [7.255, -0.849], [8.112, -2.807], [10.824, -5.875], [14.393, -8.29]]",ok,7.913,0.0,0.0,0.0,0.0,0.0,0.0,0.0,0.0,0.0,b58985f7ddc2454d95cb84a65d1fe9fe,scene-1069,42
3.8533,8.7255,9.4521,2.9174,5.0472,5.7062,0.0,0.0,0.0,0.0,0.0,0.0,0.0,0.0,0.0,ok,straight,4.5666,9.1538,9.596,3.4882,5.1542,6.5392,False,"[-0.0653, -0.2611, -0.1305, -0.1305]","[-3712.3083, -9680.6542, -14428.1153, -25357.698]","[-1507130.0358, -1513098.3816, -1517845.8428, -1528775.4255]","[6.206, 6.873, 5.778, 5.21]","[[[7.826, 0.0], [15.5353, -0.0653], [21.1032, -0.1305], [31.525, -0.1305], [39.3771, -0.1305], [40.5192, -0.1305]], [[7.826, 0.0], [15.5353, -0.0653], [21.1032, -0.1305], [31.525, -0.1305], [35.6652, -0.2611], [48.2285, -0.5222]], [[7.826, 0.0], [15.5353, -0.0653], [21.1032, -0.1305], [31.525, -0.1305], [33.0954, -0.1305], [44.2311, -0.2611]], [[7.826, 0.0], [15.5353, -0.0653], [21.1032, -0.1305], [31.525, -0.1305], [30.5257, -0.3916], [43.3745, -0.2611]]]",0.6078,0.0,0.0,0.0,0.0,0.0,0.0,False,"[2, 2, 2]",0.0,0.0,0.0,5.2097,4.0,4.5666,9.1538,8.5956,3.4882,5.1542,5.2097,"[[7.826, 0.0], [15.535, -0.065], [21.103, -0.131], [31.525, -0.131], [37.521, -0.196], [44.374, -0.326]]",ok,6.8731,0.0,0.0,0.0,0.0,0.0,0.0,0.0,0.0,0.0,3f3a2be2e43d4baaa417698eea0706cb,scene-1069,42
2.0082,3.6654,11.7431,1.4939,3.0991,5.0169,0.0,0.0,0.0,0.0,0.0,0.0,0.0,0.0,0.0,ok,straight,2.4373,2.8064,12.4538,1.5659,2.3138,4.352,True,"[-0.0653, -0.1305, -0.1305, -0.0653]","[-474.4168, -6775.4891, -50211.4834, -200509.632]","[-2002792.7727, -2009093.845, -2052529.8393, -2202827.9879]","[4.493, 4.213, 5.614, 5.298]","[[[6.2556, 0.0], [13.5366, -0.0653], [19.8183, -0.1305], [25.6716, -0.1958], [33.0954, -0.1305], [44.2311, -0.1305]], [[6.2556, 0.0], [13.5366, -0.0653], [19.8183, -0.1305], [25.6716, -0.1958], [29.9546, 0.0], [45.6587, -0.2611]], [[6.2556, 0.0], [13.5366, -0.0653], [19.8183, -0.1305], [25.6716, -0.1958], [26.2427, -0.1305], [55.9378, -0.2611]], [[6.2556, 0.0], [13.5366, -0.0653], [19.8183, -0.1305], [25.6716, -0.1958], [5.399, -0.5222], [33.0954, -0.1305]]]",0.5714,0.0,0.0,1.0,0.0,0.0,1.0,False,"[2, 2, 2]",0.0,0.0,0.16666666666666666,4.2129,4.0,2.4373,2.8064,13.1651,1.5659,2.3138,4.2129,"[[6.256, 0.0], [13.537, -0.065], [19.818, -0.131], [25.672, -0.196], [31.525, -0.065], [44.945, -0.196]]",ok,5.6141,0.0,0.0,0.0,0.0,0.0,0.0,0.0,0.0,0.0,b364e3e790fe40b9836c19782d80df4b,scene-1069,42
3.8254,6.5784,13.2131,3.0141,4.5281,6.797,0.0,0.0,0.0,0.0,0.0,0.0,0.0,0.0,0.0,ok,straight,4.8245,11.29,11.5004,3.7277,6.3133,7.2263,False,"[-0.0653, -0.0653, -0.1958, -0.0653]","[-5931.8919, -24560.0051, -28790.4219, -68708.7548]","[-1507071.4468, -1525699.5601, -1529929.9768, -1569848.3097]","[7.987, 6.467, 6.659, 6.745]","[[[2.6865, 0.0], [5.8273, 0.0], [9.5392, 0.0], [10.1103, -0.0653], [17.3913, -0.1305], [19.39, -0.1305]], [[2.6865, 0.0], [5.8273, 0.0], [9.5392, 0.0], [10.1103, -0.0653], [23.1019, 0.0], [22.8163, -0.1305]], [[2.6865, 0.0], [5.8273, 0.0], [9.5392, 0.0], [10.1103, -0.0653], [23.3874, -0.2611], [21.3887, 0.3916]], [[2.6865, 0.0], [5.8273, 0.0], [9.5392, 0.0], [10.1103, -0.0653], [27.3848, -0.1305], [17.9623, -0.1305]]]",0.599,0.0,0.0,0.0,0.0,0.0,0.0,False,"[2, 2, 2]",0.0,0.0,0.0,6.4666,4.0,4.8245,11.29,9.7879,3.7277,6.3133,6.4666,"[[2.686, 0.0], [5.827, 0.0], [9.539, 0.0], [10.11, -0.065], [20.247, -0.065], [21.103, -0.131]]",ok,7.9871,0.0,0.0,0.0,0.0,0.0,0.0,0.0,0.0,0.0,79db58d69e7d401d94bbf1f001019051,scene-1069,42
0.2202,0.8646,1.9244,0.4226,0.7758,1.0217,0.0,0.0,0.0,0.0,0.0,0.0,0.0,0.0,0.0,ok,straight,0.3513,0.5864,2.7968,0.5604,0.5622,1.0149,True,"[-0.1305, -0.1305, -0.1305, -0.1305]","[-4057.8065, -5387.1671, -15250.1311, -53690.1843]","[-1004055.8864, -1005385.2471, -1015248.211, -1053688.2643]","[0.879, 2.156, 3.428, 3.225]","[[[5.5418, -0.0653], [10.3958, -0.1305], [16.2492, -0.1305], [23.3874, -0.1958], [26.5282, -0.1305], [36.8073, -0.2611]], [[5.5418, -0.0653], [10.3958, -0.1305], [16.2492, -0.1305], [23.3874, -0.1958], [30.8112, -0.1305], [27.3848, -0.2611]], [[5.5418, -0.0653], [10.3958, -0.1305], [16.2492, -0.1305], [23.3874, -0.1958], [19.39, -0.2611], [24.8151, 0.2611]], [[5.5418, -0.0653], [10.3958, -0.1305], [16.2492, -0.1305], [23.3874, -0.1958], [43.089, -0.1305], [36.5218, -0.2611]]]",1.0134,0.0,0.0,0.0,0.0,0.0,0.0,True,"[2, 2, 2]",0.0,0.0,0.0,0.8793,4.0,0.3513,0.5864,1.9244,0.5604,0.5622,0.8793,"[[5.542, -0.065], [10.396, -0.131], [16.249, -0.131], [23.387, -0.196], [28.67, -0.131], [32.096, -0.261]]",ok,3.4284,0.0,0.0,0.0,0.0,0.0,0.0,0.0,0.0,0.0,23779301ebc34c1284e539ddf057f0b4,scene-1070,42
3.6201,7.595,12.8389,2.7627,4.4649,6.4136,0.0,0.0,0.0,0.0,0.0,0.0,0.0,0.0,0.0,ok,straight,3.4773,12.1625,12.0042,2.548,6.0069,7.0931,False,"[-0.1305, -0.718, -0.1305, -0.7833]","[-16112.8259, -20397.233, -80962.8082, -231720.5505]","[-1517154.4278, -1521438.835, -1582004.4102, -1732762.1525]","[7.348, 6.845, 9.181, 8.145]","[[[4.2569, -0.0653], [8.6826, -0.0653], [11.1096, 0.5222], [11.3952, -0.1958], [21.9598, -0.5222], [21.9598, -0.2611]], [[4.2569, -0.0653], [8.6826, -0.0653], [11.1096, 0.5222], [11.3952, -0.1958], [23.3874, -0.9138], [23.6729, -1.436]], [[4.2569, -0.0653], [8.6826, -0.0653], [11.1096, 0.5222], [11.3952, -0.1958], [25.6716, -1.1749], [7.3977, -0.2611]], [[4.2569, -0.0653], [8.6826, -0.0653], [11.1096, 0.5222], [11.3952, -0.1958], [41.3758, 0.1305], [22.2453, -1.5666]]]",0.8827,0.0,0.0,0.0,0.0,0.0,0.0,False,"[2, 2, 2]",0.0,0.0,0.0,6.8452,4.0,3.4773,12.1625,11.2036,2.548,6.0069,6.8452,"[[4.257, -0.065], [8.683, -0.065], [11.11, 0.522], [11.395, -0.196], [22.674, -0.718], [22.816, -0.849]]",ok,9.1812,0.0,0.0,0.0,0.0,0.0,0.0,0.0,0.0,0.0,7f86adb3a3ee43e7b69a410b28ef6ab0,scene-1070,42
1.824,3.2977,5.0329,1.2879,1.8283,2.7355,0.0,0.0,0.0,0.0,0.0,0.0,0.0,0.0,0.0,ok,straight,1.1081,4.5836,20.0234,0.5743,1.4716,5.4006,False,"[-0.0653, -0.1305, -0.0653, -0.0]","[-4623.7814, -27591.6351, -69545.2092, -817071.9667]","[-1509583.3741, -1532551.2278, -1574504.8019, -2322031.5594]","[2.498, 8.304, 7.358, 12.359]","[[[5.8273, 0.0], [12.68, -0.0653], [17.534, -0.0653], [27.8131, -0.1958], [33.0954, -0.1305], [39.6626, -0.1305]], [[5.8273, 0.0], [12.68, -0.0653], [17.534, -0.0653], [27.8131, -0.1958], [37.9494, 0.0], [69.6432, -0.2611]], [[5.8273, 0.0], [12.68, -0.0653], [17.534, -0.0653], [27.8131, -0.1958], [32.2388, 0.3916], [69.6432, 0.1305]], [[5.8273, 0.0], [12.68, -0.0653], [17.534, -0.0653], [27.8131, -0.1958], [0.2595, 16.5798], [69.6432, 0.0]]]",3.5084,0.0,0.0,0.0,0.0,0.0,0.0,False,"[2, 2, 2]",0.0,0.0,0.0,2.4977,4.0,1.1081,4.5836,5.0329,0.5743,1.4716,2.4977,"[[5.827, 0.0], [12.68, -0.065], [17.534, -0.065], [27.813, -0.196], [35.522, -0.065], [54.653, -0.196]]",ok,12.3594,0.0,0.0,0.0,0.0,0.0,0.0,0.0,0.0,0.0,9b5678cae57643908e22f01ca710d135,scene-1070,42
2.8625,5.6101,14.9859,2.4835,3.6139,6.3846,0.0,0.0,1.0,0.0,0.0,1.0,0.0,0.0,0.16666666666666666,ok,straight,2.8623,7.3232,14.2735,2.1265,4.1849,6.9795,False,"[-0.0653, -0.0, -0.0653, -0.1305]","[-841.5394, -2108.3146, -31985.5805, -90297.1598]","[-1000838.7541, -1002105.5293, -1031982.7952, -1090294.3745]","[6.765, 7.194, 11.429, 7.243]","[[[5.8273, 0.0], [12.5373, -0.0653], [19.5328, -0.0653], [26.5282, -0.1305], [33.0954, -0.1305], [44.2311, -0.1305]], [[5.8273, 0.0], [12.5373, -0.0653], [19.5328, -0.0653], [26.5282, -0.1305], [37.0928, -0.5222], [42.8034, 0.0]], [[5.8273, 0.0], [12.5373, -0.0653], [19.5328, -0.0653], [26.5282, -0.1305], [35.6652, -0.1305], [69.6432, -0.1305]], [[5.8273, 0.0], [12.5373, -0.0653], [19.5328, -0.0653], [26.5282, -0.1305], [43.089, -0.1305], [21.3887, -0.2611]]]",1.8975,0.0,0.0,1.0,0.0,0.0,1.0,True,"[2, 2, 2]",0.0,0.0,0.3333333333333333,6.7653,4.0,2.8623,7.3232,14.9859,2.1265,4.1849,6.7653,"[[5.827, 0.0], [12.537, -0.065], [19.533, -0.065], [26.528, -0.131], [35.094, -0.326], [43.517, -0.065]]",ok,11.4286,0.0,0.0,0.0,0.0,0.0,0.0,0.0,0.0,0.0,5e0802535c0548728901a834f82b1c4f,scene-1070,42
3.3472,9.6831,14.3405,2.395,4.5638,6.7882,0.0,1.0,1.0,0.0,1.0,1.0,0.0,0.25,0.3333333333333333,ok,straight,2.6325,8.3982,10.6312,1.8236,4.0995,5.885,True,"[-0.1958, -0.0653, -0.1305, -0.1305]","[-1175.3293, -4002.22, -40156.817, -81301.7146]","[-1001172.7161, -1003999.6069, -1040154.2038, -1081299.1015]","[5.293, 6.479, 11.142, 10.333]","[[[6.1129, -0.0653], [12.68, -0.0653], [19.39, -0.0653], [28.3842, -0.1305], [33.381, -0.5222], [36.8073, -0.3916]], [[6.1129, -0.0653], [12.68, -0.0653], [19.39, -0.0653], [28.3842, -0.1305], [33.0954, -0.1305], [44.2311, -0.1305]], [[6.1129, -0.0653], [12.68, -0.0653], [19.39, -0.0653], [28.3842, -0.1305], [35.6652, -0.1305], [69.6432, 0.2611]], [[6.1129, -0.0653], [12.68, -0.0653], [19.39, -0.0653], [28.3842, -0.1305], [30.8112, -0.1305], [69.6432, -0.2611]]]",2.4786,0.0,0.0,1.0,0.0,0.0,1.0,False,"[2, 2, 2]",0.0,0.0,0.16666666666666666,5.2929,4.0,2.6325,8.3982,6.9272,1.8236,4.0995,5.2929,"[[6.113, -0.065], [12.68, -0.065], [19.39, -0.065], [28.384, -0.131], [33.238, -0.326], [40.519, -0.261]]",ok,11.1423,0.0,0.0,0.0,0.0,0.0,0.0,0.0,0.0,0.0,7e351605549547f8af19432917f23b73,scene-1071,42
3.8603,8.8579,13.5403,3.029,5.4805,7.7835,0.0,0.0,0.0,0.0,0.0,0.0,0.0,0.0,0.0,ok,straight,2.1478,10.2842,15.5488,2.1728,5.1591,8.0469,False,"[-0.3264, -0.0653, -0.1958, -0.3264]","[-1431.3568, -1872.821, -8801.0797, -23686.7061]","[-2505318.7279, -2505760.1921, -2512688.4508, -2527574.0772]","[8.526, 7.569, 7.521, 5.613]","[[[2.2582, 0.0], [6.8267, 0.0], [7.5405, 0.0], [7.6833, -0.0653], [9.3964, 0.0], [9.1109, 0.6527]], [[2.2582, 0.0], [6.8267, 0.0], [7.5405, 0.0], [7.6833, -0.0653], [11.1096, -0.1305], [13.1083, -0.1305]], [[2.2582, 0.0], [6.8267, 0.0], [7.5405, 0.0], [7.6833, -0.0653], [6.5412, -0.1305], [17.9623, -0.3916]], [[2.2582, 0.0], [6.8267, 0.0], [7.5405, 0.0], [7.6833, -0.0653], [24.8151, -1.0444], [37.0928, -0.6527]]]",1.0572,0.0,0.0,0.0,0.0,0.0,0.0,False,"[2, 2, 2]",0.0,0.0,0.0,5.6127,4.0,2.1478,10.2842,10.4506,2.1728,5.1591,5.6127,"[[2.258, 0.0], [6.827, 0.0], [7.541, 0.0], [7.683, -0.065], [10.253, -0.065], [11.11, 0.261]]",ok,8.5257,0.0,0.0,0.0,0.0,0.0,0.0,0.0,0.0,0.0,f02d48168d5145109cfb2ddd7f35b04e,scene-1071,42
5.6458,15.269,17.8261,4.1688,8.24,10.9676,0.0,1.0,0.0,0.0,1.0,1.0,0.0,0.5,0.5,ok,straight,7.7887,12.6992,16.409,4.9547,7.3842,10.3992,True,"[-0.0653, -0.5222, -3.5901, -8.2899]","[-8863.4787, -10522.6533, -103299.6881, -385680.0725]","[-2526132.3763, -2527791.5509, -2620568.5856, -2902948.9701]","[10.397, 10.405, 11.255, 11.19]","[[[5.9701, 0.0], [15.2498, 0.1305], [17.8196, 0.1305], [27.0993, 0.0], [33.0954, 0.0], [39.6626, -0.1305]], [[5.9701, 0.0], [15.2498, 0.1305], [17.8196, 0.1305], [27.0993, 0.0], [35.9507, 0.5222], [36.8073, -1.0444]], [[5.9701, 0.0], [15.2498, 0.1305], [17.8196, 0.1305], [27.0993, 0.0], [36.8073, -0.3916], [3.9714, -7.1802]], [[5.9701, 0.0], [15.2498, 0.1305], [17.8196, 0.1305], [27.0993, 0.0], [-0.026, -4.9609], [30.8112, 16.5798]]]",0.4117,0.0,1.0,1.0,0.0,1.0,1.0,False,"[2, 2, 2]",0.0,0.25,0.5,10.3971,4.0,7.7887,12.6992,17.8261,4.9547,7.3842,10.3971,"[[5.97, 0.0], [15.25, 0.131], [17.82, 0.131], [27.099, 0.0], [34.523, 0.261], [38.235, -0.587]]",ok,11.2555,0.0,0.0,0.0,0.0,0.0,0.0,0.0,0.0,0.0,2a1710d55ac747339eae4502565b956b,scene-1071,42
2.5276,11.2958,17.717,2.218,4.8497,7.5135,0.0,1.0,0.0,0.0,1.0,1.0,0.0,0.25,0.16666666666666666,ok,straight,1.675,11.0091,20.3281,2.1599,5.2127,9.597,False,"[-0.5222, -0.5222, -0.1958, -0.0653]","[-1918.2101, -3230.2513, -4957.1603, -17852.1773]","[-2510956.1987, -2512268.24, -2513995.1489, -2526890.166]","[10.331, 8.87, 10.527, 7.755]","[[[6.1129, -1.6971], [9.682, -0.1958], [17.2485, -0.0653], [26.2427, -0.1305], [35.9507, -0.2611], [45.6587, 1.0444]], [[6.1129, -1.6971], [9.682, -0.1958], [17.2485, -0.0653], [26.2427, -0.1305], [33.952, -1.6971], [38.806, 1.0444]], [[6.1129, -1.6971], [9.682, -0.1958], [17.2485, -0.0653], [26.2427, -0.1305], [33.952, 1.1749], [48.7996, 0.3916]], [[6.1129, -1.6971], [9.682, -0.1958], [17.2485, -0.0653], [26.2427, -0.1305], [26.5282, -0.1305], [39.6626, -0.1305]]]",1.1313,0.0,1.0,0.0,0.0,1.0,1.0,False,"[2, 2, 2]",0.0,0.25,0.3333333333333333,7.7548,4.0,1.675,11.0091,17.7154,2.1599,5.2127,7.7548,"[[6.113, -1.697], [9.682, -0.196], [17.249, -0.065], [26.243, -0.131], [34.951, -0.979], [42.232, 1.044]]",ok,10.5265,0.0,0.0,0.0,0.0,0.0,0.0,0.0,0.0,0.0,dd30cd99e03a43ecb74f1a41769bd9a7,scene-1071,42
2.0185,8.8066,13.3623,1.9747,3.6613,6.5258,0.0,0.0,1.0,0.0,0.0,1.0,0.0,0.0,0.3333333333333333,ok,straight,2.875,8.6639,28.3515,2.1892,4.2321,9.1187,False,"[-0.0653, -0.1305, -0.0653, -0.0653]","[-1143.1584, -81917.7141, -173734.8706, -305068.5641]","[-1504192.023, -1584966.5788, -1676783.7352, -1808117.4287]","[6.906, 11.331, 5.53, 9.331]","[[[6.1129, -0.0653], [11.9662, -0.0653], [17.3913, -0.1305], [26.3855, -0.1305], [33.0954, -0.1305], [39.6626, -0.1305]], [[6.1129, -0.0653], [11.9662, -0.0653], [17.3913, -0.1305], [26.3855, -0.1305], [29.6691, 0.1305], [69.6432, -0.2611]], [[6.1129, -0.0653], [11.9662, -0.0653], [17.3913, -0.1305], [26.3855, -0.1305], [6.8267, -0.1305], [27.3848, -0.1305]], [[6.1129, -0.0653], [11.9662, -0.0653], [17.3913, -0.1305], [26.3855, -0.1305], [7.9688, -0.3916], [51.3693, -0.1305]]]",2.2286,0.0,0.0,0.0,0.0,0.0,1.0,False,"[2, 2, 2]",0.0,0.0,0.16666666666666666,5.5296,4.0,2.875,8.6639,1.124,2.1892,4.2321,5.5296,"[[6.113, -0.065], [11.966, -0.065], [17.391, -0.131], [26.385, -0.131], [31.382, 0.0], [54.653, -0.196]]",ok,11.3315,0.0,0.0,0.0,0.0,0.0,0.0,0.0,0.0,0.0,f9ad282e31ce47d5a16dffc3b25c456a,scene-1072,42
4.0662,8.9452,12.9643,2.922,5.0841,7.3833,0.0,0.0,1.0,0.0,0.0,1.0,0.0,0.0,0.3333333333333333,ok,straight,3.2089,7.6695,13.8888,2.7075,5.0148,7.4198,False,"[-0.0653, -1.436, -0.1958, -0.0]","[-2045.3258, -2122.4094, -3683.4809, -37242.5635]","[-2006441.6861, -2006518.7696, -2008079.8411, -2041638.9237]","[7.337, 7.522, 8.575, 12.532]","[[[6.9694, 0.0], [12.2517, -0.0653], [20.2466, -0.1305], [25.2434, -0.4569], [33.0954, -0.1305], [39.6626, -0.1305]], [[6.9694, 0.0], [12.2517, -0.0653], [20.2466, -0.1305], [25.2434, -0.4569], [32.2388, 0.0], [41.3758, -2.8721]], [[6.9694, 0.0], [12.2517, -0.0653], [20.2466, -0.1305], [25.2434, -0.4569], [35.6652, -0.2611], [44.5166, -0.3916]], [[6.9694, 0.0], [12.2517, -0.0653], [20.2466, -0.1305], [25.2434, -0.4569], [34.2375, -1.1749], [69.6432, 0.0]]]",2.0979,0.0,0.0,1.0,0.0,0.0,1.0,False,"[2, 2, 2]",0.0,0.0,0.3333333333333333,7.337,4.0,3.2089,7.6695,12.9636,2.7075,5.0148,7.337,"[[6.969, 0.0], [12.252, -0.065], [20.247, -0.131], [25.243, -0.457], [32.667, -0.065], [40.519, -1.501]]",ok,12.5321,0.0,0.0,0.0,0.0,0.0,0.0,0.0,0.0,0.0,fcd1acc0208f4ac08c879e2be95529a5,scene-1072,42
1.043,0.0684,0.46,0.893,0.7681,1.0585,0.0,0.0,0.0,0.0,0.0,0.0,0.0,0.0,0.0,ok,straight,0.1899,1.5433,11.8252,0.3237,0.7118,2.7724,False,"[-0.0653, -0.4569, -0.0653, -0.0653]","[-405.7346, -16861.9707, -18776.2889, -169368.8501]","[4.0029, -1016859.2888, -1018773.607, -1169366.1682]","[0.593, 5.105, 4.346, 8.78]","[[[3.9714, 0.0], [8.2543, 0.0], [12.9656, -0.1958], [17.534, -0.0653], [19.39, -0.1305], [21.9598, -0.1305]], [[3.9714, 0.0], [8.2543, 0.0], [12.9656, -0.1958], [17.534, -0.0653], [22.8163, 0.0], [46.5153, -0.9138]], [[3.9714, 0.0], [8.2543, 0.0], [12.9656, -0.1958], [17.534, -0.0653], [21.1032, -0.3916], [43.66, 0.1305]], [[3.9714, 0.0], [8.2543, 0.0], [12.9656, -0.1958], [17.534, -0.0653], [16.5347, -0.1305], [69.6432, 0.1305]]]",2.9069,0.0,0.0,1.0,0.0,0.0,1.0,False,"[2, 2, 2]",0.0,0.0,0.16666666666666666,0.5932,4.0,0.1899,1.5433,0.46,0.3237,0.7118,0.5932,"[[3.971, 0.0], [8.254, 0.0], [12.966, -0.196], [17.534, -0.065], [21.103, -0.065], [34.238, -0.522]]",ok,8.7798,0.0,0.0,0.0,0.0,0.0,0.0,0.0,0.0,0.0,70d04b7ebd6f4cae85f7c0f1dade1871,scene-1072,42
1.9174,3.06,7.2394,1.2685,2.2238,3.6305,0.0,0.0,0.0,0.0,0.0,0.0,0.0,0.0,0.0,ok,straight,3.9154,5.4867,4.6853,2.6241,4.0802,4.5143,False,"[-0.1305, -0.4569, -0.5875, -0.0]","[-251.7327, -1549.3225, -22080.4233, -79931.9522]","[-1002189.9815, -2003740.7854, -2024271.8861, -2082123.4151]","[4.868, 4.176, 6.591, 9.199]","[[[4.6852, 0.0], [10.5386, -0.0653], [15.3926, 0.0653], [18.3906, -0.1958], [21.6742, -0.1305], [26.5282, -0.2611]], [[4.6852, 0.0], [10.5386, -0.0653], [15.3926, 0.0653], [18.3906, -0.1958], [22.5308, -0.6527], [21.3887, -0.9138]], [[4.6852, 0.0], [10.5386, -0.0653], [15.3926, 0.0653], [18.3906, -0.1958], [30.8112, 0.0], [27.6704, -1.1749]], [[4.6852, 0.0], [10.5386, -0.0653], [15.3926, 0.0653], [18.3906, -0.1958], [40.2337, -0.3916], [33.952, 0.0]]]",1.9374,0.0,0.0,0.0,0.0,0.0,1.0,True,"[2, 2, 2]",0.0,0.0,0.16666666666666666,4.1764,4.0,3.9154,5.4867,2.2173,2.6241,4.0802,4.1764,"[[4.685, 0.0], [10.539, -0.065], [15.393, 0.065], [18.391, -0.196], [22.103, -0.392], [23.958, -0.587]]",ok,9.1989,0.0,0.0,0.0,0.0,0.0,0.0,0.0,0.0,0.0,51b48a4ba38b4824a21d4a8b39a7a6e9,scene-1072,42
3.1148,5.9701,7.3977,2.401,3.6858,4.6852,0.0,1.0,1.0,0.0,1.0,1.0,0.0,0.25,0.5,ok,straight,4.4002,4.2569,6.9707,3.4006,3.7575,4.8283,False,"[-0.0, -0.1305, -0.0, -0.1958]","[-705.2373, -1190.7218, -1651.972, -3429.5671]","[4.0016, -1001188.6924, -1001649.9426, -1003427.5377]","[4.876, 4.781, 5.161, 6.638]","[[[2.401, 0.0], [4.3997, -0.0653], [3.9714, -0.0653], [4.2569, 0.0], [6.8267, 0.0], [7.3977, 0.0]], [[2.401, 0.0], [4.3997, -0.0653], [3.9714, -0.0653], [4.2569, 0.0], [7.1122, 0.0], [6.5412, 0.2611]], [[2.401, 0.0], [4.3997, -0.0653], [3.9714, -0.0653], [4.2569, 0.0], [7.9688, 0.0], [7.9688, 0.0]], [[2.401, 0.0], [4.3997, -0.0653], [3.9714, -0.0653], [4.2569, 0.0], [10.8241, -0.1305], [13.9649, -0.3916]]]",0.7485,1.0,1.0,1.0,1.0,1.0,1.0,True,"[2, 2, 2]",0.5,0.5,0.6666666666666666,4.7814,4.0,4.4002,4.2569,6.5464,3.4006,3.7575,4.7814,"[[2.401, 0.0], [4.4, -0.065], [3.971, -0.065], [4.257, 0.0], [6.969, 0.0], [6.969, 0.131]]",ok,6.6375,1.0,1.0,0.0,1.0,1.0,1.0,0.5,0.75,0.5,127c5ddf95e947ef96888e56d5a355f6,scene-1073,42
2.5437,4.5424,6.8267,1.8299,2.972,3.9714,0.0,0.0,1.0,0.0,0.0,1.0,0.0,0.0,0.16666666666666666,ok,straight,1.6871,3.9714,6.9694,1.2588,2.4723,3.6859,True,"[-0.0, -0.0, -0.0653, -0.0]","[-167.7245, -235.4021, -317.64, -1317.0573]","[3.6896, 3.5454, 1.0608, -1001314.6732]","[3.686, 3.686, 4.305, 3.162]","[[[0.8306, 0.0], [1.6871, 0.0], [3.4003, 0.0], [3.9714, 0.0], [4.828, -0.1305], [7.3977, 0.0]], [[0.8306, 0.0], [1.6871, 0.0], [3.4003, 0.0], [3.9714, 0.0], [5.6846, 0.0], [6.5412, 0.0]], [[0.8306, 0.0], [1.6871, 0.0], [3.4003, 0.0], [3.9714, 0.0], [6.5412, 0.0], [9.3964, -0.1305]], [[0.8306, 0.0], [1.6871, 0.0], [3.4003, 0.0], [3.9714, 0.0], [5.9701, 0.0], [3.1148, 0.0]]]",0.4046,0.0,0.0,1.0,0.0,0.0,1.0,True,"[2, 2, 2]",0.0,0.0,0.3333333333333333,3.1624,4.0,1.6871,3.9714,3.1148,1.2588,2.4723,3.1624,"[[0.831, 0.0], [1.687, 0.0], [3.4, 0.0], [3.971, 0.0], [5.256, -0.065], [6.969, 0.0]]",ok,4.3046,1.0,1.0,0.0,1.0,1.0,1.0,0.5,0.75,0.6666666666666666,d527bdde872340a383de3a7cf3979e7d,scene-1073,42
4.0855,5.1094,4.5666,3.1982,4.0706,4.4006,0.0,0.0,0.0,0.0,0.0,0.0,0.0,0.0,0.0,ok,straight,3.9427,4.5385,3.5718,3.5551,4.1067,4.4252,False,"[-0.0653, -0.0653, -0.1305, -0.5222]","[-334.8017, -4828.985, -11732.5205, -15855.1413]","[-500458.4446, -1505289.423, -1512192.9585, -1516315.5793]","[4.52, 4.333, 6.326, 8.23]","[[[3.6858, 0.0], [5.8273, 0.0], [8.5399, -0.0653], [10.5386, 0.0], [13.9649, -0.1305], [15.9636, -0.1305]], [[3.6858, 0.0], [5.8273, 0.0], [8.5399, -0.0653], [10.5386, 0.0], [15.9636, -0.1305], [12.8228, -0.1305]], [[3.6858, 0.0], [5.8273, 0.0], [8.5399, -0.0653], [10.5386, 0.0], [11.9662, -0.1305], [28.8125, 0.2611]], [[3.6858, 0.0], [5.8273, 0.0], [8.5399, -0.0653], [10.5386, 0.0], [14.8215, 0.0], [37.3784, 1.0444]]]",1.5783,0.0,0.0,0.0,0.0,0.0,0.0,False,"[2, 2, 2]",0.0,0.0,0.0,4.3326,4.0,3.9427,4.5385,2.0176,3.5551,4.1067,4.3326,"[[3.686, 0.0], [5.827, 0.0], [8.54, -0.065], [10.539, 0.0], [14.964, -0.131], [14.393, -0.131]]",ok,8.23,0.0,0.0,0.0,0.0,0.0,0.0,0.0,0.0,0.0,e353030f3b82412d9619cab425e59985,scene-1073,42
0.5007,3.0775,5.9385,0.4281,1.4381,2.6735,0.0,0.0,0.0,0.0,0.0,0.0,0.0,0.0,0.0,ok,left,0.7392,3.2409,5.8146,0.904,1.6903,2.9887,False,"[-0.6527, -0.5875, -0.0653, -1.0444]","[-324.3241, -1512.2188, -16457.6326, -115764.2212]","[1.5205, -1001511.2037, -1016456.6175, -1115763.2062]","[2.955, 3.077, 4.23, 4.505]","[[[1.5444, 0.0], [4.6852, -0.2611], [6.6839, -0.5222], [8.8254, -1.436], [10.5386, -1.1749], [10.5386, -1.3055]], [[1.5444, 0.0], [4.6852, -0.2611], [6.6839, -0.5222], [8.8254, -1.436], [9.682, -3.2637], [13.6794, -1.1749]], [[1.5444, 0.0], [4.6852, -0.2611], [6.6839, -0.5222], [8.8254, -1.436], [13.6794, -1.8277], [1.1161, -0.1305]], [[1.5444, 0.0], [4.6852, -0.2611], [6.6839, -0.5222], [8.8254, -1.436], [14.2505, 16.5798], [15.3926, -2.0888]]]",0.6841,0.0,0.0,0.0,0.0,0.0,0.0,True,"[2, 2, 2]",0.0,0.0,0.0,2.9545,4.0,0.7392,3.2409,6.7282,0.904,1.6903,2.9545,"[[1.544, 0.0], [4.685, -0.261], [6.684, -0.522], [8.825, -1.436], [10.11, -2.219], [12.109, -1.24]]",ok,4.5046,0.0,0.0,0.0,0.0,0.0,0.0,0.0,0.0,0.0,a7c9bbdba0ca4bd5b990b67654d8d836,scene-1073,42
