base_L2@1s,base_L2@2s,base_L2@3s,base_avgL2@1s,base_avgL2@2s,base_avgL2@3s,base_coll@1s,base_coll@2s,base_coll@3s,base_cumColl@1s,base_cumColl@2s,base_cumColl@3s,base_meanColl@1s,base_meanColl@2s,base_meanColl@3s,base_status,command,got_L2@1s,got_L2@2s,got_L2@3s,got_avgL2@1s,got_avgL2@2s,got_avgL2@3s,got_beats_base,got_cand_cmd,got_cand_kin,got_cand_total,got_cand_vals,got_cand_wps,got_candidate_spread,got_coll@1s,got_coll@2s,got_coll@3s,got_cumColl@1s,got_cumColl@2s,got_cumColl@3s,got_fuse_feasible,got_fuse_n,got_meanColl@1s,got_meanColl@2s,got_meanColl@3s,got_minADE_C,got_n_candidates,got_oracle_L2@1s,got_oracle_L2@2s,got_oracle_L2@3s,got_oracle_avgL2@1s,got_oracle_avgL2@2s,got_oracle_avgL2@3s,got_pred,got_status,got_worst_candidate,mean_coll@1s,mean_coll@2s,mean_coll@3s,mean_cumColl@1s,mean_cumColl@2s,mean_cumColl@3s,mean_meanColl@1s,mean_meanColl@2s,mean_meanColl@3s,sample_token,scene,seed
0.0063,0.0092,0.1641,0.0054,0.007,0.0345,0.0,0.0,0.0,0.0,0.0,0.0,0.0,0.0,0.0,ok,straight,0.0063,0.0092,0.1641,0.0054,0.007,0.0345,False,"[-0.0, -0.0, -0.0653, -0.0]","[-0.013, -6.2743, -2027.5609, -57163.7713]","[3.3649, 3.3647, -1002025.378, -1057161.5884]","[0.035, 0.075, 2.117, 16.348]","[[[-0.026, 0.0], [-0.026, 0.0], [-0.026, 0.0], [-0.026, 0.0], [-0.026, 0.0], [-0.026, 0.0]], [[-0.026, 0.0], [-0.026, 0.0], [-0.026, 0.0], [-0.026, 0.0], [-0.026, 0.0], [0.545, 0.0]], [[-0.026, 0.0], [-0.026, 0.0], [-0.026, 0.0], [-0.026, 0.0], [5.1135, 0.1305], [7.6833, -0.1305]], [[-0.026, 0.0], [-0.026, 0.0], [-0.026, 0.0], [-0.026, 0.0], [28.5269, 0.7833], [69.6432, 0.0]]]",6.8096,0.0,0.0,0.0,0.0,0.0,0.0,True,"[1, 1, 1]",0.0,0.0,0.0,0.0345,4.0,0.0063,0.0092,0.1641,0.0054,0.007,0.0345,"[[-0.026, 0.0], [-0.026, 0.0], [-0.026, 0.0], [-0.026, 0.0], [-0.026, 0.0], [-0.026, 0.0]]",ok,16.3477,1.0,1.0,1.0,1.0,1.0,1.0,0.5,0.75,0.8333333333333334,fd8420396768425eabec9bdddf7e64b6,scene-0003,42
0.1224,0.145,1.5888,0.2151,0.1712,0.4209,0.0,0.0,0.0,0.0,0.0,0.0,0.0,0.0,0.0,ok,straight,0.1224,0.145,1.0178,0.2151,0.1712,0.3257,True,"[-0.0, -0.0653, -0.0, -0.0]","[-21.6175, -1698.223, -4603.0459, -18121.5641]","[4.7637, -1001694.8912, -1004599.7142, -1018118.2324]","[0.326, 1.051, 0.891, 1.849]","[[[1.1161, 0.0], [1.6871, 0.0], [2.2582, 0.0], [2.5437, 0.0], [3.4003, 0.0], [4.5424, 0.0]], [[1.1161, 0.0], [1.6871, 0.0], [2.2582, 0.0], [2.5437, 0.0], [2.2582, 0.0], [8.2543, 0.1305]], [[1.1161, 0.0], [1.6871, 0.0], [2.2582, 0.0], [2.5437, 0.0], [6.5412, 0.0], [2.2582, 0.0]], [[1.1161, 0.0], [1.6871, 0.0], [2.2582, 0.0], [2.5437, 0.0], [11.3952, -0.1305], [5.6846, 0.0]]]",0.5445,0.0,0.0,0.0,0.0,0.0,0.0,True,"[1, 1, 1]",0.0,0.0,0.0,0.3257,4.0,0.1224,0.145,1.0178,0.2151,0.1712,0.3257,"[[1.116, 0.0], [1.687, 0.0], [2.258, 0.0], [2.544, 0.0], [3.4, 0.0], [4.542, 0.0]]",ok,1.8487,0.0,0.0,0.0,0.0,0.0,0.0,0.0,0.0,0.0,6b9af38cbf654171870cb14b4ae89fd6,scene-0003,42
0.0852,0.5533,2.8013,0.2338,0.2781,0.6874,0.0,0.0,1.0,0.0,0.0,1.0,0.0,0.0,0.16666666666666666,ok,straight,0.0852,0.3159,2.3419,0.2338,0.2188,0.5713,True,"[-0.0, -0.0, -0.1305, -0.0653]","[-79.1701, -782.6649, -979.3353, -1364.3724]","[4.9952, -1000780.1223, -1000976.7927, -1001361.8298]","[0.571, 0.694, 1.76, 0.518]","[[[0.2595, 0.0], [1.1161, 0.0], [1.6871, 0.0], [1.6871, 0.0], [2.5437, 0.0], [5.1135, 0.0]], [[0.2595, 0.0], [1.1161, 0.0], [1.6871, 0.0], [1.6871, 0.0], [2.8293, 0.0], [-0.026, 0.0]], [[0.2595, 0.0], [1.1161, 0.0], [1.6871, 0.0], [1.6871, 0.0], [5.6846, 0.0], [9.1109, -0.2611]], [[0.2595, 0.0], [1.1161, 0.0], [1.6871, 0.0], [1.6871, 0.0], [4.2569, 0.1305], [2.5437, -0.1305]]]",0.5086,0.0,0.0,0.0,0.0,0.0,0.0,True,"[1, 1, 1]",0.0,0.0,0.0,0.5176,4.0,0.0852,0.3159,0.3239,0.2338,0.2188,0.5176,"[[0.259, 0.0], [1.116, 0.0], [1.687, 0.0], [1.687, 0.0], [2.544, 0.0], [5.113, 0.0]]",ok,1.7595,0.0,0.0,0.0,0.0,0.0,0.0,0.0,0.0,0.0,37b3d16060b442d5b6175cbebefd09a7,scene-0003,42
0.6693,1.5328,1.7145,0.6282,1.0243,1.3773,0.0,0.0,0.0,0.0,0.0,0.0,0.0,0.0,0.0,ok,straight,0.6693,1.5328,1.7145,0.6282,1.0243,1.3297,True,"[-0.0, -0.0653, -0.0653, -0.9791]","[-46.4526, -24.2577, -579.6488, -2461.2486]","[3.4383, 3.2998, -1000577.6274, -1002459.2272]","[1.33, 1.283, 1.333, 1.656]","[[[1.1161, 0.0], [2.5437, 0.0], [3.6858, 0.0], [5.1135, 0.0], [5.9701, 0.0], [7.3977, 0.0]], [[1.1161, 0.0], [2.5437, 0.0], [3.6858, 0.0], [5.1135, 0.0], [6.2556, 0.1305], [7.3977, -0.1305]], [[1.1161, 0.0], [2.5437, 0.0], [3.6858, 0.0], [5.1135, 0.0], [5.1135, 0.1305], [8.2543, 0.1305]], [[1.1161, 0.0], [2.5437, 0.0], [3.6858, 0.0], [5.1135, 0.0], [4.5424, 0.2611], [10.253, -1.9582]]]",0.149,0.0,0.0,0.0,0.0,0.0,0.0,True,"[1, 1, 1]",0.0,0.0,0.0,1.2834,4.0,0.6693,1.5328,1.7168,0.6282,1.0243,1.2834,"[[1.116, 0.0], [2.544, 0.0], [3.686, 0.0], [5.113, 0.0], [5.97, 0.0], [7.398, 0.0]]",ok,1.6564,0.0,0.0,0.0,0.0,0.0,0.0,0.0,0.0,0.0,08254b97198045d98009af51d144d147,scene-0003,42
0.3278,1.3075,1.7098,0.2143,0.6082,0.9387,0.0,0.0,0.0,0.0,0.0,0.0,0.0,0.0,0.0,ok,left,0.3278,1.1167,1.7098,0.2143,0.5605,0.9186,True,"[0.8486, 0.5875, 0.0, -8.2899]","[-259.7881, -4907.2917, -12359.0037, -29891.4758]","[4.4927, -1004904.5002, -1012356.2121, -1029888.6842]","[0.919, 1.247, 3.643, 4.513]","[[[3.4003, 0.0], [6.8267, 0.1305], [10.5386, 0.2611], [13.1083, 0.5222], [17.3913, 0.7833], [21.3887, 1.6971]], [[3.4003, 0.0], [6.8267, 0.1305], [10.5386, 0.2611], [13.1083, 0.5222], [20.5321, 1.6971], [20.8176, 1.1749]], [[3.4003, 0.0], [6.8267, 0.1305], [10.5386, 0.2611], [13.1083, 0.5222], [18.5334, 2.3499], [39.3771, 0.0]], [[3.4003, 0.0], [6.8267, 0.1305], [10.5386, 0.2611], [13.1083, 0.5222], [22.2453, 1.1749], [19.39, -16.5798]]]",1.5333,0.0,0.0,0.0,0.0,0.0,0.0,True,"[1, 1, 1]",0.0,0.0,0.0,0.9186,4.0,0.3278,1.1167,1.7098,0.2143,0.5605,0.9186,"[[3.4, 0.0], [6.827, 0.131], [10.539, 0.261], [13.108, 0.522], [17.391, 0.783], [21.389, 1.697]]",ok,4.5132,0.0,0.0,0.0,0.0,0.0,0.0,0.0,0.0,0.0,88a090c54cc844cc878f00d08274a683,scene-0012,42
0.3311,0.5222,1.8555,0.326,0.434,0.8542,0.0,0.0,0.0,0.0,0.0,0.0,0.0,0.0,0.0,ok,straight,0.3311,0.5222,1.8555,0.326,0.434,0.9002,False,"[-0.1305, -0.0653, -0.5875, -0.1958]","[-178.253, -1355.099, -3533.7648, -30172.7525]","[4.2066, -1001352.1513, -1003530.8171, -1030169.8047]","[0.9, 0.998, 1.332, 2.331]","[[[4.828, 0.0], [9.3964, -0.1305], [14.2505, -0.1305], [18.8189, -0.1305], [24.8151, -0.2611], [29.6691, -0.2611]], [[4.828, 0.0], [9.3964, -0.1305], [14.2505, -0.1305], [18.8189, -0.1305], [22.5308, 0.6527], [31.3822, -0.1305]], [[4.828, 0.0], [9.3964, -0.1305], [14.2505, -0.1305], [18.8189, -0.1305], [25.6716, -0.3916], [24.5295, -1.1749]], [[4.828, 0.0], [9.3964, -0.1305], [14.2505, -0.1305], [18.8189, -0.1305], [33.6665, -0.5222], [29.3835, -0.3916]]]",0.5662,0.0,0.0,0.0,0.0,0.0,0.0,True,"[1, 1, 1]",0.0,0.0,0.0,0.9002,4.0,0.3311,0.5222,1.8555,0.326,0.434,0.9002,"[[4.828, 0.0], [9.396, -0.131], [14.25, -0.131], [18.819, -0.131], [24.815, -0.261], [29.669, -0.261]]",ok,2.331,0.0,0.0,0.0,0.0,0.0,0.0,0.0,0.0,0.0,f33e0c3f5d5c426593af8af1c27b68b8,scene-0012,42
1.7592,4.8823,7.162,1.3042,2.8724,4.0952,0.0,0.0,0.0,0.0,0.0,0.0,0.0,0.0,0.0,ok,right,1.2573,2.8712,5.0939,0.8646,1.9404,2.9457,True,"[0.7833, 1.2402, 8.2899, -0.0]","[-1305.8533, -1513.3846, -10340.7664, -110536.6235]","[2.5314, -1001510.9561, -1010338.3379, -1110534.195]","[2.946, 3.426, 4.035, 5.875]","[[[5.399, 0.2611], [9.1109, -0.7833], [13.3939, -0.3916], [18.8189, -1.3055], [22.2453, -0.3916], [26.8138, -1.5666]], [[5.399, 0.2611], [9.1109, -0.7833], [13.3939, -0.3916], [18.8189, -1.3055], [20.8176, -1.6971], [24.8151, -2.4804]], [[5.399, 0.2611], [9.1109, -0.7833], [13.3939, -0.3916], [18.8189, -1.3055], [26.5282, -3.6554], [25.1006, -16.5798]], [[5.399, 0.2611], [9.1109, -0.7833], [13.3939, -0.3916], [18.8189, -1.3055], [18.5334, 16.5798], [25.3861, 0.0]]]",1.1109,0.0,0.0,0.0,0.0,0.0,0.0,True,"[1, 1, 1]",0.0,0.0,0.0,2.9457,4.0,1.2573,2.8712,5.0939,0.8646,1.9404,2.9457,"[[5.399, 0.261], [9.111, -0.783], [13.394, -0.392], [18.819, -1.305], [22.245, -0.392], [26.814, -1.567]]",ok,5.8746,0.0,0.0,0.0,0.0,0.0,0.0,0.0,0.0,0.0,045ecf94b83648229500b23058af3117,scene-0012,42
1.589,1.3397,2.2393,1.4364,1.4687,1.5437,0.0,0.0,0.0,0.0,0.0,0.0,0.0,0.0,0.0,ok,left,0.1865,3.9085,2.7413,0.5894,1.4694,1.6279,False,"[0.8486, 8.2899, 8.2899, 8.2899]","[-5326.2702, -10134.7319, -42451.5089, -55474.8561]","[-2006602.1633, -2011410.625, -2043727.402, -2056750.7492]","[1.628, 3.587, 5.888, 7.166]","[[[3.9714, 0.1305], [9.1109, 0.3916], [13.1083, 0.3916], [12.5373, 0.6527], [19.1045, 1.6971], [24.8151, 1.6971]], [[3.9714, 0.1305], [9.1109, 0.3916], [13.1083, 0.3916], [12.5373, 0.6527], [17.9623, 2.8721], [28.2414, 16.5798]], [[3.9714, 0.1305], [9.1109, 0.3916], [13.1083, 0.3916], [12.5373, 0.6527], [19.1045, 16.5798], [31.6678, 16.5798]], [[3.9714, 0.1305], [9.1109, 0.3916], [13.1083, 0.3916], [12.5373, 0.6527], [18.5334, 16.5798], [42.2324, 16.5798]]]",2.1272,0.0,0.0,0.0,0.0,0.0,0.0,False,"[1, 1, 1]",0.0,0.0,0.0,1.6279,4.0,0.1865,3.9085,2.7413,0.5894,1.4694,1.6279,"[[3.971, 0.131], [9.111, 0.392], [13.108, 0.392], [12.537, 0.653], [19.104, 1.697], [24.815, 1.697]]",ok,7.1665,0.0,0.0,0.0,0.0,0.0,0.0,0.0,0.0,0.0,2818d76fdbcf49029de0e316a26f8903,scene-0012,42
0.6657,2.1543,5.354,0.6004,1.3545,2.4306,0.0,0.0,0.0,0.0,0.0,0.0,0.0,0.0,0.0,ok,straight,0.3862,2.4356,4.2266,0.3301,1.1482,2.1051,True,"[-0.0, -0.9138, -1.1097, -0.1958]","[-106.885, -851.8935, -3151.6776, -16124.3584]","[5.2083, -1000848.6359, -1003148.42, -1016121.1008]","[2.105, 2.255, 2.161, 6.513]","[[[3.4003, 0.1305], [6.5412, 0.0], [10.5386, 0.0], [14.2505, 0.0], [18.2479, 0.0], [20.8176, 0.0]], [[3.4003, 0.1305], [6.5412, 0.0], [10.5386, 0.0], [14.2505, 0.0], [18.2479, 1.0444], [21.1032, -1.8277]], [[3.4003, 0.1305], [6.5412, 0.0], [10.5386, 0.0], [14.2505, 0.0], [20.2466, 0.7833], [18.8189, 2.2193]], [[3.4003, 0.1305], [6.5412, 0.0], [10.5386, 0.0], [14.2505, 0.0], [20.5321, 0.7833], [45.0877, 0.3916]]]",1.8796,0.0,0.0,0.0,0.0,0.0,0.0,True,"[1, 1, 1]",0.0,0.0,0.0,2.1051,4.0,0.3862,2.4356,4.2266,0.3301,1.1482,2.1051,"[[3.4, 0.131], [6.541, 0.0], [10.539, 0.0], [14.25, 0.0], [18.248, 0.0], [20.818, 0.0]]",ok,6.5129,0.0,0.0,0.0,0.0,0.0,0.0,0.0,0.0,0.0,b9c60cfaf1814c8bb363037dec7abd35,scene-0013,42
0.2074,0.4271,0.6538,0.1519,0.3617,0.4828,0.0,0.0,0.0,0.0,0.0,0.0,0.0,0.0,0.0,ok,straight,0.2074,0.4271,3.9509,0.1519,0.3617,1.2331,False,"[-0.0, -0.0653, -0.4569, -0.0653]","[-672.0783, -291.4101, -3433.6141, -5153.0052]","[5.4408, 5.27, -1003429.8405, -1005149.2315]","[1.233, 0.483, 0.807, 1.431]","[[[3.4003, 0.0], [6.5412, 0.0], [10.5386, 0.0], [12.8228, 0.0], [15.3926, 1.3055], [16.5347, 0.0]], [[3.4003, 0.0], [6.5412, 0.0], [10.5386, 0.0], [12.8228, 0.0], [16.2492, 0.0], [19.9611, -0.1305]], [[3.4003, 0.0], [6.5412, 0.0], [10.5386, 0.0], [12.8228, 0.0], [19.1045, 0.6527], [19.39, 0.9138]], [[3.4003, 0.0], [6.5412, 0.0], [10.5386, 0.0], [12.8228, 0.0], [13.3939, 0.1305], [23.9585, -0.1305]]]",0.369,0.0,0.0,0.0,0.0,0.0,0.0,True,"[1, 1, 1]",0.0,0.0,0.0,0.4828,4.0,0.2074,0.4271,0.6538,0.1519,0.3617,0.4828,"[[3.4, 0.0], [6.541, 0.0], [10.539, 0.0], [12.823, 0.0], [15.393, 1.305], [16.535, 0.0]]",ok,1.4314,0.0,0.0,0.0,0.0,0.0,0.0,0.0,0.0,0.0,3615d82e7e8546fea5f181157f42e30b,scene-0013,42
0.4637,2.0732,1.6971,0.5153,1.102,1.3857,0.0,0.0,0.0,0.0,0.0,0.0,0.0,0.0,0.0,ok,straight,0.4637,2.0732,1.6971,0.5153,1.102,1.5281,False,"[-0.1958, -0.0, -8.2899, -0.2611]","[-234.9683, -570.2803, -30847.7271, -43316.7691]","[4.0621, -1000567.7642, -1030845.211, -1043314.2529]","[1.528, 1.357, 4.645, 3.077]","[[[3.1148, 0.0], [6.5412, 0.0], [9.3964, -0.1305], [12.8228, -0.1305], [15.3926, -0.2611], [19.9611, -0.3916]], [[3.1148, 0.0], [6.5412, 0.0], [9.3964, -0.1305], [12.8228, -0.1305], [15.3926, -0.6527], [21.1032, 0.0]], [[3.1148, 0.0], [6.5412, 0.0], [9.3964, -0.1305], [12.8228, -0.1305], [14.536, -0.7833], [31.3822, 16.5798]], [[3.1148, 0.0], [6.5412, 0.0], [9.3964, -0.1305], [12.8228, -0.1305], [26.5282, -0.2611], [15.6781, -0.5222]]]",1.3318,0.0,0.0,0.0,0.0,0.0,0.0,True,"[1, 1, 1]",0.0,0.0,0.0,1.357,4.0,0.4637,2.0732,0.6486,0.5153,1.102,1.357,"[[3.115, 0.0], [6.541, 0.0], [9.396, -0.131], [12.823, -0.131], [15.393, -0.261], [19.961, -0.392]]",ok,4.6454,0.0,0.0,0.0,0.0,0.0,0.0,0.0,0.0,0.0,20a68f4f6d5e46edb6c4d9e8321ced5b,scene-0013,42
0.3143,2.2268,2.7786,0.2098,0.9588,1.7081,0.0,0.0,0.0,0.0,0.0,0.0,0.0,0.0,0.0,ok,straight,0.3143,2.2268,2.7786,0.2098,0.818,1.6142,True,"[-0.1305, -0.0653, -0.3264, -0.1305]","[-220.8322, -3881.5717, -9614.9488, -98580.6033]","[3.4608, -1003879.1262, -1009612.5033, -1098578.1578]","[1.614, 1.881, 4.623, 8.785]","[[[4.2569, 0.0], [8.5399, 0.0], [12.8228, -0.1305], [18.2479, -0.1305], [23.3874, -0.1305], [25.9572, -0.2611]], [[4.2569, 0.0], [8.5399, 0.0], [12.8228, -0.1305], [18.2479, -0.1305], [20.5321, 0.0], [30.5257, -0.1305]], [[4.2569, 0.0], [8.5399, 0.0], [12.8228, -0.1305], [18.2479, -0.1305], [23.9585, 0.2611], [43.66, -0.6527]], [[4.2569, 0.0], [8.5399, 0.0], [12.8228, -0.1305], [18.2479, -0.1305], [22.8163, -0.6527], [69.6432, -0.2611]]]",2.8837,0.0,0.0,0.0,0.0,0.0,0.0,True,"[1, 1, 1]",0.0,0.0,0.0,1.6142,4.0,0.3143,2.2268,2.7786,0.2098,0.818,1.6142,"[[4.257, 0.0], [8.54, 0.0], [12.823, -0.131], [18.248, -0.131], [23.387, -0.131], [25.957, -0.261]]",ok,8.785,0.0,0.0,0.0,0.0,0.0,0.0,0.0,0.0,0.0,fde1435fa125431d9eb22d8e5e254a32,scene-0013,42
0.0254,0.0262,0.0271,0.0252,0.0256,0.026,0.0,0.0,0.0,0.0,0.0,0.0,0.0,0.0,0.0,ok,straight,0.0254,0.0262,0.0271,0.0252,0.0256,0.026,False,"[-0.0, -0.0, -0.2611, -0.0653]","[-0.013, -40.156, -424.727, -647.1782]","[4.229, 4.0803, -1000422.29, -1000644.7413]","[0.026, 0.255, 2.058, 1.342]","[[[-0.026, 0.0], [-0.026, 0.0], [-0.026, 0.0], [-0.026, 0.0], [-0.026, 0.0], [-0.026, 0.0]], [[-0.026, 0.0], [-0.026, 0.0], [-0.026, 0.0], [-0.026, 0.0], [-0.026, 0.0], [1.4016, 0.0]], [[-0.026, 0.0], [-0.026, 0.0], [-0.026, 0.0], [-0.026, 0.0], [3.1148, 0.0], [9.1109, 0.5222]], [[-0.026, 0.0], [-0.026, 0.0], [-0.026, 0.0], [-0.026, 0.0], [3.1148, 0.1305], [4.828, 0.1305]]]",0.8236,0.0,0.0,0.0,0.0,0.0,0.0,True,"[1, 1, 1]",0.0,0.0,0.0,0.026,4.0,0.0254,0.0262,0.0271,0.0252,0.0256,0.026,"[[-0.026, 0.0], [-0.026, 0.0], [-0.026, 0.0], [-0.026, 0.0], [-0.026, 0.0], [-0.026, 0.0]]",ok,2.0576,1.0,1.0,1.0,1.0,1.0,1.0,0.5,0.75,0.8333333333333334,43cfc03be6f842ae8942c995f8e3f2fb,scene-0014,42
1.0724,1.2884,0.4995,1.047,1.1064,0.8576,0.0,0.0,0.0,0.0,0.0,0.0,0.0,0.0,0.0,ok,straight,1.0724,1.2884,1.551,1.047,1.1064,1.0186,False,"[-0.0, -0.0, -0.1958, -0.1305]","[-95.7764, -113.9701, -402.3932, -3328.4657]","[6.017, 6.0036, 3.4819, -1003324.0657]","[1.019, 0.832, 1.447, 1.784]","[[[1.6871, 0.0], [2.5437, 0.0], [3.6858, 0.0], [5.1135, 0.0], [5.399, -0.1305], [5.9701, 0.0]], [[1.6871, 0.0], [2.5437, 0.0], [3.6858, 0.0], [5.1135, 0.0], [5.6846, 0.0], [7.3977, 0.0]], [[1.6871, 0.0], [2.5437, 0.0], [3.6858, 0.0], [5.1135, 0.0], [6.5412, 1.1749], [9.9675, 0.3916]], [[1.6871, 0.0], [2.5437, 0.0], [3.6858, 0.0], [5.1135, 0.0], [10.253, 0.7833], [8.8254, 0.2611]]]",0.3713,0.0,0.0,0.0,0.0,0.0,0.0,True,"[1, 1, 1]",0.0,0.0,0.0,0.8316,4.0,1.0724,1.2884,0.3438,1.047,1.1064,0.8316,"[[1.687, 0.0], [2.544, 0.0], [3.686, 0.0], [5.113, 0.0], [5.399, -0.131], [5.97, 0.0]]",ok,1.7844,0.0,0.0,0.0,0.0,0.0,0.0,0.0,0.0,0.0,3a1dd258a83f44b6bd97e8cc426d7057,scene-0014,42
2.4577,5.5045,10.4668,1.6421,3.3174,5.1583,0.0,0.0,0.0,0.0,0.0,0.0,0.0,0.0,0.0,ok,straight,2.4577,5.5172,10.4668,1.6421,3.3206,5.1604,False,"[-0.3264, -0.4569, -1.3055, -8.2899]","[-82.992, -300.0565, -217.1777, -48259.1439]","[4.6568, 4.6069, 4.3545, -1048255.7554]","[5.16, 5.542, 4.258, 8.571]","[[[1.6871, 0.0], [2.8293, 0.0], [3.9714, -0.1305], [5.9701, -0.2611], [7.3977, -0.6527], [7.3977, -0.6527]], [[1.6871, 0.0], [2.8293, 0.0], [3.9714, -0.1305], [5.9701, -0.2611], [5.9701, -0.2611], [6.5412, -0.9138]], [[1.6871, 0.0], [2.8293, 0.0], [3.9714, -0.1305], [5.9701, -0.2611], [7.9688, -0.7833], [12.2517, -2.611]], [[1.6871, 0.0], [2.8293, 0.0], [3.9714, -0.1305], [5.9701, -0.2611], [12.2517, 16.5798], [9.3964, 16.5798]]]",1.6204,0.0,0.0,0.0,0.0,0.0,0.0,True,"[1, 1, 1]",0.0,0.0,0.0,4.2576,4.0,2.4577,5.5172,5.6297,1.6421,3.3206,4.2576,"[[1.687, 0.0], [2.829, 0.0], [3.971, -0.131], [5.97, -0.261], [7.398, -0.653], [7.398, -0.653]]",ok,8.5705,0.0,0.0,0.0,0.0,0.0,0.0,0.0,0.0,0.0,510c3f937ce54fafa51f9c9f98f0a4a5,scene-0014,42
2.0291,4.5025,6.5273,1.3831,2.6272,3.7481,0.0,0.0,0.0,0.0,0.0,0.0,0.0,0.0,0.0,ok,straight,2.0291,4.5025,7.0975,1.3831,2.5559,3.6535,True,"[-0.5222, -0.1305, -0.0653, -1.893]","[-286.6121, -2042.7167, -2089.3387, -1201114.8497]","[4.3701, -1002039.1034, -1002085.7254, -2201111.2364]","[3.653, 4.227, 2.866, 12.421]","[[[2.8293, 0.0], [5.1135, -0.1305], [7.6833, -0.2611], [9.682, -0.3916], [13.1083, -0.9138], [14.8215, -1.0444]], [[2.8293, 0.0], [5.1135, -0.1305], [7.6833, -0.2611], [9.682, -0.3916], [13.1083, 1.3055], [11.6807, -0.2611]], [[2.8293, 0.0], [5.1135, -0.1305], [7.6833, -0.2611], [9.682, -0.3916], [13.3939, -0.6527], [24.5295, -0.1305]], [[2.8293, 0.0], [5.1135, -0.1305], [7.6833, -0.2611], [9.682, -0.3916], [69.6432, -0.6527], [9.9675, -3.7859]]]",3.8578,0.0,0.0,0.0,0.0,0.0,0.0,True,"[1, 1, 1]",0.0,0.0,0.0,2.8655,4.0,2.0291,4.5025,2.6742,1.3831,2.5559,2.8655,"[[2.829, 0.0], [5.113, -0.131], [7.683, -0.261], [9.682, -0.392], [13.108, -0.914], [14.822, -1.044]]",ok,12.4209,0.0,0.0,0.0,0.0,0.0,0.0,0.0,0.0,0.0,0afa886817744d61be66f0bcea2be47c,scene-0014,42
1.013,2.766,4.5811,0.6988,1.516,2.3185,0.0,0.0,0.0,0.0,0.0,0.0,0.0,0.0,0.0,ok,straight,1.0646,2.766,3.1631,0.7245,1.5289,2.0907,True,"[-0.6527, -0.9791, -0.718, -5.5484]","[-35.9143, -123.1647, -3073.5309, -36579.6926]","[3.4818, 3.3183, -1003071.3316, -1036577.4934]","[2.091, 1.523, 2.943, 3.706]","[[[3.1148, 0.0], [5.9701, 0.1305], [8.5399, -0.3916], [11.1096, -0.6527], [13.9649, -1.0444], [17.3913, -1.3055]], [[3.1148, 0.0], [5.9701, 0.1305], [8.5399, -0.3916], [11.1096, -0.6527], [15.107, -1.5666], [19.6755, -1.9582]], [[3.1148, 0.0], [5.9701, 0.1305], [8.5399, -0.3916], [11.1096, -0.6527], [10.253, -1.0444], [15.9636, -1.436]], [[3.1148, 0.0], [5.9701, 0.1305], [8.5399, -0.3916], [11.1096, -0.6527], [23.1019, 1.8277], [18.8189, -11.0967]]]",0.8302,0.0,0.0,0.0,0.0,0.0,0.0,True,"[1, 1, 1]",0.0,0.0,0.0,1.5228,4.0,1.0646,2.766,0.8737,0.7245,1.5289,1.5228,"[[3.115, 0.0], [5.97, 0.131], [8.54, -0.392], [11.11, -0.653], [13.965, -1.044], [17.391, -1.305]]",ok,3.7062,0.0,0.0,0.0,0.0,0.0,0.0,0.0,0.0,0.0,234b0f37af694571876a745e5bbb5e08,scene-0015,42
1.7865,3.5168,6.1426,1.1569,2.338,3.3821,0.0,0.0,0.0,0.0,0.0,0.0,0.0,0.0,0.0,ok,straight,1.7836,5.2285,6.1482,1.8692,3.1221,3.9058,False,"[-0.2611, -0.1958, -5.222, -0.1958]","[-689.3212, -1121.8888, -6508.4296, -8056.7533]","[4.2827, -1001119.2146, -1006505.7554, -1008054.0791]","[3.906, 3.106, 6.209, 5.054]","[[[5.1135, 0.0], [7.9688, 0.0], [12.5373, -0.1305], [16.8202, -0.2611], [18.8189, -0.3916], [21.9598, -0.5222]], [[5.1135, 0.0], [7.9688, 0.0], [12.5373, -0.1305], [16.8202, -0.2611], [17.3913, 0.1305], [18.5334, 0.3916]], [[5.1135, 0.0], [7.9688, 0.0], [12.5373, -0.1305], [16.8202, -0.2611], [23.9585, -0.5222], [26.5282, -10.444]], [[5.1135, 0.0], [7.9688, 0.0], [12.5373, -0.1305], [16.8202, -0.2611], [25.1006, -0.9138], [22.5308, 0.3916]]]",1.1729,0.0,0.0,0.0,0.0,0.0,0.0,True,"[1, 1, 1]",0.0,0.0,0.0,3.1062,4.0,1.7836,5.2285,2.775,1.8692,3.1221,3.1062,"[[5.113, 0.0], [7.969, 0.0], [12.537, -0.131], [16.82, -0.261], [18.819, -0.392], [21.96, -0.522]]",ok,6.2085,0.0,0.0,0.0,0.0,0.0,0.0,0.0,0.0,0.0,23e4bbcd10fe43e1982867dab19c79e8,scene-0015,42
0.5512,0.223,1.8815,0.4284,0.4175,0.7392,0.0,0.0,0.0,0.0,0.0,0.0,0.0,0.0,0.0,ok,straight,0.5512,1.229,1.8815,0.4284,0.6621,0.9022,False,"[-0.2611, -0.2611, -0.4569, -0.5875]","[-209.7679, -212.1677, -828.1198, -5917.8447]","[4.5866, 4.5856, -1000825.1366, -1005914.8615]","[0.902, 0.943, 1.328, 2.134]","[[[2.2582, 0.0], [4.5424, -0.1305], [5.6846, -0.2611], [7.3977, 0.0], [10.253, -0.3916], [11.9662, -0.5222]], [[2.2582, 0.0], [4.5424, -0.1305], [5.6846, -0.2611], [7.3977, 0.0], [10.8241, -0.3916], [16.5347, -0.5222]], [[2.2582, 0.0], [4.5424, -0.1305], [5.6846, -0.2611], [7.3977, 0.0], [10.253, 0.7833], [9.9675, -0.9138]], [[2.2582, 0.0], [4.5424, -0.1305], [5.6846, -0.2611], [7.3977, 0.0], [16.2492, -0.5222], [18.8189, -1.1749]]]",0.4946,0.0,0.0,0.0,0.0,0.0,0.0,True,"[1, 1, 1]",0.0,0.0,0.0,0.9022,4.0,0.5512,1.229,1.8815,0.4284,0.6621,0.9022,"[[2.258, 0.0], [4.542, -0.131], [5.685, -0.261], [7.398, 0.0], [10.253, -0.392], [11.966, -0.522]]",ok,2.1338,0.0,0.0,0.0,0.0,0.0,0.0,0.0,0.0,0.0,b95702eac8684e80ab65303126cc1e58,scene-0015,42
0.9643,2.8163,4.1568,0.751,1.3378,2.1277,0.0,0.0,0.0,0.0,0.0,0.0,0.0,0.0,0.0,ok,straight,0.9643,2.8163,5.3011,0.751,1.4086,2.3656,False,"[-0.0653, -0.4569, -0.2611, -0.1958]","[-244.9531, -201.2886, -1340.6827, -3218.9022]","[4.9671, 2.2315, -1001337.8079, -1003216.0275]","[2.366, 2.481, 1.554, 2.035]","[[[1.9727, 0.0], [3.6858, 0.0], [5.6846, 0.0], [6.5412, -0.1305], [8.5399, -0.1305], [9.1109, -0.1305]], [[1.9727, 0.0], [3.6858, 0.0], [5.6846, 0.0], [6.5412, -0.1305], [8.2543, -0.1305], [8.8254, 0.9138]], [[1.9727, 0.0], [3.6858, 0.0], [5.6846, 0.0], [6.5412, -0.1305], [11.9662, -0.5222], [17.6768, 0.5222]], [[1.9727, 0.0], [3.6858, 0.0], [5.6846, 0.0], [6.5412, -0.1305], [7.3977, -0.9138], [16.5347, -0.3916]]]",0.3599,0.0,0.0,0.0,0.0,0.0,0.0,True,"[1, 1, 1]",0.0,0.0,0.0,1.554,4.0,0.9643,2.8163,3.3647,0.751,1.4086,1.554,"[[1.973, 0.0], [3.686, 0.0], [5.685, 0.0], [6.541, -0.131], [8.54, -0.131], [9.111, -0.131]]",ok,2.4815,0.0,0.0,0.0,0.0,0.0,0.0,0.0,0.0,0.0,cf753561271b4c40bef93a35bb0cf13f,scene-0015,42
0.223,1.3741,1.6776,0.1622,0.5543,0.8504,0.0,0.0,0.0,0.0,0.0,0.0,0.0,0.0,0.0,ok,left,0.223,0.6131,1.6776,0.1622,0.3641,0.7236,True,"[0.8486, 0.718, 0.3916, -8.2899]","[-27.3545, -320.5192, -659.1399, -3755.1956]","[4.8513, 4.6219, -1000655.6926, -1003751.7484]","[0.724, 0.635, 0.99, 4.557]","[[[1.9727, 0.0], [3.6858, 0.0], [5.1135, 0.0], [6.8267, 0.5222], [8.5399, 0.9138], [9.9675, 1.6971]], [[1.9727, 0.0], [3.6858, 0.0], [5.1135, 0.0], [6.8267, 0.5222], [8.5399, 2.2193], [10.253, 1.436]], [[1.9727, 0.0], [3.6858, 0.0], [5.1135, 0.0], [6.8267, 0.5222], [6.8267, 0.7833], [9.9675, 0.7833]], [[1.9727, 0.0], [3.6858, 0.0], [5.1135, 0.0], [6.8267, 0.5222], [9.3964, -3.7859], [9.3964, -16.5798]]]",1.6394,0.0,0.0,0.0,0.0,0.0,0.0,True,"[1, 1, 1]",0.0,0.0,0.0,0.6345,4.0,0.223,0.6131,2.0125,0.1622,0.3641,0.6345,"[[1.973, 0.0], [3.686, 0.0], [5.113, 0.0], [6.827, 0.522], [8.54, 0.914], [9.968, 1.697]]",ok,4.5568,0.0,0.0,0.0,0.0,0.0,0.0,0.0,0.0,0.0,fbd3aa2098234fb1869d34d920e16eda,scene-0016,42
0.9055,2.8646,5.0148,0.6246,1.451,2.5015,0.0,0.0,0.0,0.0,0.0,0.0,0.0,0.0,0.0,ok,straight,2.0548,3.1472,4.7311,1.1285,1.844,2.669,False,"[-0.3916, -0.2611, -0.3916, -8.2899]","[-566.5768, -2639.4548, -55845.1102, -161867.2421]","[4.996, -1002635.8588, -1055841.5142, -1161863.6461]","[2.669, 2.952, 4.104, 6.687]","[[[2.8293, 0.1305], [3.9714, 0.0], [7.3977, -0.1305], [9.682, -0.2611], [12.5373, -0.5222], [15.3926, -0.7833]], [[2.8293, 0.1305], [3.9714, 0.0], [7.3977, -0.1305], [9.682, -0.2611], [13.9649, -0.9138], [12.2517, -0.5222]], [[2.8293, 0.1305], [3.9714, 0.0], [7.3977, -0.1305], [9.682, -0.2611], [15.3926, -13.1855], [15.107, -0.7833]], [[2.8293, 0.1305], [3.9714, 0.0], [7.3977, -0.1305], [9.682, -0.2611], [18.5334, -15.2743], [16.2492, 16.5798]]]",1.5859,0.0,0.0,0.0,0.0,0.0,0.0,True,"[1, 1, 1]",0.0,0.0,0.0,2.669,4.0,2.0548,3.1472,4.7311,1.1285,1.844,2.669,"[[2.829, 0.131], [3.971, 0.0], [7.398, -0.131], [9.682, -0.261], [12.537, -0.522], [15.393, -0.783]]",ok,6.6872,0.0,0.0,0.0,0.0,0.0,0.0,0.0,0.0,0.0,35eff3f6f5b84929a33c2bda269a266f,scene-0016,42
0.7083,1.7734,3.9678,0.6025,1.0175,1.7163,0.0,0.0,0.0,0.0,0.0,0.0,0.0,0.0,0.0,ok,straight,0.7083,1.7734,3.9678,0.6025,1.0175,1.6711,True,"[-0.1305, -0.0, -0.1958, -0.0653]","[-123.1854, -2734.4658, -7191.8723, -9266.5099]","[3.3384, -1002731.9878, -1007189.3943, -1009264.0319]","[1.671, 1.857, 6.806, 2.438]","[[[4.2569, 0.0], [8.5399, -0.1305], [12.5373, -0.1305], [16.8202, -0.1305], [20.5321, -0.2611], [25.9572, -0.2611]], [[4.2569, 0.0], [8.5399, -0.1305], [12.5373, -0.1305], [16.8202, -0.1305], [19.1045, 0.0], [28.5269, 0.0]], [[4.2569, 0.0], [8.5399, -0.1305], [12.5373, -0.1305], [16.8202, -0.1305], [31.6678, -0.1305], [45.6587, 0.3916]], [[4.2569, 0.0], [8.5399, -0.1305], [12.5373, -0.1305], [16.8202, -0.1305], [22.8163, -2.2193], [16.2492, -0.1305]]]",2.1053,0.0,0.0,0.0,0.0,0.0,0.0,True,"[1, 1, 1]",0.0,0.0,0.0,1.6711,4.0,0.7083,1.7734,3.9678,0.6025,1.0175,1.6711,"[[4.257, 0.0], [8.54, -0.131], [12.537, -0.131], [16.82, -0.131], [20.532, -0.261], [25.957, -0.261]]",ok,6.8063,0.0,0.0,0.0,0.0,0.0,0.0,0.0,0.0,0.0,a13c1966d657438094f1116fd27d2c1e,scene-0016,42
1.7234,2.6389,4.3469,1.188,1.6109,2.5516,0.0,0.0,1.0,0.0,0.0,1.0,0.0,0.0,0.3333333333333333,ok,straight,1.7234,2.6389,4.3469,1.188,1.5325,2.3687,True,"[-0.3916, -1.9582, -0.5875, -0.9138]","[-326.9324, -1085.1218, -1988.6755, -3861.7361]","[4.8817, -1001082.3135, -1001985.8671, -1003858.9278]","[2.369, 3.807, 3.599, 3.922]","[[[3.1148, 0.0], [6.5412, 0.1305], [8.5399, 0.1305], [12.2517, 0.3916], [15.3926, 0.7833], [18.2479, 0.7833]], [[3.1148, 0.0], [6.5412, 0.1305], [8.5399, 0.1305], [12.2517, 0.3916], [16.5347, 0.9138], [25.1006, 3.9165]], [[3.1148, 0.0], [6.5412, 0.1305], [8.5399, 0.1305], [12.2517, 0.3916], [15.6781, 1.1749], [25.3861, 1.1749]], [[3.1148, 0.0], [6.5412, 0.1305], [8.5399, 0.1305], [12.2517, 0.3916], [15.6781, 0.0], [27.6704, 1.8277]]]",0.6203,0.0,0.0,1.0,0.0,0.0,1.0,True,"[1, 1, 1]",0.0,0.0,0.3333333333333333,2.3687,4.0,1.7234,2.6389,4.3469,1.188,1.5325,2.3687,"[[3.115, 0.0], [6.541, 0.131], [8.54, 0.131], [12.252, 0.392], [15.393, 0.783], [18.248, 0.783]]",ok,3.9218,0.0,0.0,0.0,0.0,0.0,0.0,0.0,0.0,0.0,40af6a4135e64e6496a3bde206fd5ed3,scene-0016,42
3.4083,4.6749,4.109,2.7218,3.6873,3.9807,0.0,0.0,0.0,0.0,0.0,0.0,0.0,0.0,0.0,ok,straight,3.4083,4.6749,4.1107,2.7218,3.6873,3.9334,True,"[-0.0, -0.1958, -0.4569, -0.0]","[-50.1034, -2735.8679, -5793.1323, -130943.2698]","[5.0546, -1002732.3113, -1005789.5757, -1130939.7132]","[3.933, 5.085, 3.502, 10.421]","[[[3.6858, 0.0], [7.3977, 0.0], [11.1096, 0.0], [15.3926, 0.0], [19.1045, 0.0], [23.3874, 0.0]], [[3.6858, 0.0], [7.3977, 0.0], [11.1096, 0.0], [15.3926, 0.0], [19.6755, 0.5222], [15.9636, 0.3916]], [[3.6858, 0.0], [7.3977, 0.0], [11.1096, 0.0], [15.3926, 0.0], [23.3874, -0.9138], [22.2453, 0.9138]], [[3.6858, 0.0], [7.3977, 0.0], [11.1096, 0.0], [15.3926, 0.0], [18.2479, 0.5222], [69.6432, 0.0]]]",2.7666,0.0,0.0,0.0,0.0,0.0,0.0,True,"[1, 1, 1]",0.0,0.0,0.0,3.5022,4.0,3.4083,4.6749,5.3513,2.7218,3.6873,3.5022,"[[3.686, 0.0], [7.398, 0.0], [11.11, 0.0], [15.393, 0.0], [19.104, 0.0], [23.387, 0.0]]",ok,10.4214,0.0,0.0,0.0,0.0,0.0,0.0,0.0,0.0,0.0,134c7f63827c4b858a2a4ce0582d8f6e,scene-0017,42
1.3803,2.9194,4.0718,1.0807,1.7717,2.4583,0.0,0.0,0.0,0.0,0.0,0.0,0.0,0.0,0.0,ok,straight,2.1972,4.8149,4.2224,1.4892,2.6326,3.0666,False,"[-0.5222, -0.5222, -0.1305, -0.1305]","[-1798.6276, -2149.715, -2184.8006, -9812.5043]","[-1001795.2329, -1002146.3204, -1002181.4059, -1009809.1096]","[3.067, 2.652, 2.989, 2.454]","[[[4.2569, 0.0], [9.3964, 0.0], [13.1083, -0.6527], [18.8189, 0.0], [20.8176, -0.3916], [24.5295, -1.0444]], [[4.2569, 0.0], [9.3964, 0.0], [13.1083, -0.6527], [18.8189, 0.0], [19.9611, 0.1305], [22.2453, -1.0444]], [[4.2569, 0.0], [9.3964, 0.0], [13.1083, -0.6527], [18.8189, 0.0], [20.5321, -0.2611], [24.8151, -0.2611]], [[4.2569, 0.0], [9.3964, 0.0], [13.1083, -0.6527], [18.8189, 0.0], [16.8202, -0.2611], [23.3874, 0.2611]]]",0.2491,0.0,0.0,0.0,0.0,0.0,0.0,False,"[1, 1, 1]",0.0,0.0,0.0,2.4541,4.0,2.1972,4.8149,2.5595,1.4892,2.6326,2.4541,"[[4.257, 0.0], [9.396, 0.0], [13.108, -0.653], [18.819, 0.0], [20.818, -0.392], [24.53, -1.044]]",ok,3.0666,0.0,0.0,0.0,0.0,0.0,0.0,0.0,0.0,0.0,6609fa8733f14987ab840f3467c609e3,scene-0017,42
0.056,0.7148,1.6736,0.1787,0.3148,0.6391,0.0,0.0,0.0,0.0,0.0,0.0,0.0,0.0,0.0,ok,straight,0.056,0.717,1.6736,0.1787,0.3153,0.6394,False,"[-0.0653, -0.0, -0.1958, -6.9191]","[-27.6788, -743.1967, -8991.2668, -53335.468]","[4.2046, -1000740.2934, -1008988.3635, -1053332.5647]","[0.639, 1.784, 1.245, 7.103]","[[[3.1148, 0.0], [6.5412, 0.0], [9.682, 0.0], [12.8228, 0.1305], [15.3926, 0.1305], [18.2479, 0.1305]], [[3.1148, 0.0], [6.5412, 0.0], [9.682, 0.0], [12.8228, 0.1305], [16.2492, -0.1305], [24.244, 0.0]], [[3.1148, 0.0], [6.5412, 0.0], [9.682, 0.0], [12.8228, 0.1305], [10.253, 0.1305], [18.5334, 0.3916]], [[3.1148, 0.0], [6.5412, 0.0], [9.682, 0.0], [12.8228, 0.1305], [-2.8813, 0.0], [-2.8813, -13.8383]]]",2.5781,0.0,0.0,0.0,0.0,0.0,0.0,True,"[1, 1, 1]",0.0,0.0,0.0,0.6394,4.0,0.056,0.717,1.6736,0.1787,0.3153,0.6394,"[[3.115, 0.0], [6.541, 0.0], [9.682, 0.0], [12.823, 0.131], [15.393, 0.131], [18.248, 0.131]]",ok,7.1029,0.0,0.0,0.0,0.0,0.0,0.0,0.0,0.0,0.0,8b66733250b94940b0e7477c8b182512,scene-0017,42
1.2006,3.4938,4.9288,0.7742,1.7489,2.8115,0.0,0.0,0.0,0.0,0.0,0.0,0.0,0.0,0.0,ok,straight,1.2006,1.5143,5.6415,0.7742,1.0496,2.4596,True,"[-0.8486, -0.7833, -6.9844, -0.0]","[-927.7427, -6724.7149, -12093.1439, -103417.5147]","[4.2695, -1006721.6193, -1012090.0483, -1103414.4191]","[2.46, 2.943, 3.929, 4.022]","[[[1.1161, 0.0], [2.5437, 0.1305], [2.8293, 0.3916], [3.4003, 0.5222], [6.8267, 1.0444], [7.3977, 1.6971]], [[1.1161, 0.0], [2.5437, 0.1305], [2.8293, 0.3916], [3.4003, 0.5222], [9.3964, 2.7415], [7.3977, 1.5666]], [[1.1161, 0.0], [2.5437, 0.1305], [2.8293, 0.3916], [3.4003, 0.5222], [5.399, 0.9138], [9.3964, -13.9688]], [[1.1161, 0.0], [2.5437, 0.1305], [2.8293, 0.3916], [3.4003, 0.5222], [9.682, 16.5798], [0.2595, 0.0]]]",0.6604,0.0,0.0,0.0,0.0,0.0,0.0,True,"[1, 1, 1]",0.0,0.0,0.0,2.4596,4.0,1.2006,1.5143,5.6415,0.7742,1.0496,2.4596,"[[1.116, 0.0], [2.544, 0.131], [2.829, 0.392], [3.4, 0.522], [6.827, 1.044], [7.398, 1.697]]",ok,4.0221,0.0,0.0,0.0,0.0,0.0,0.0,0.0,0.0,0.0,14684fc1b81a43888b992d553add01cf,scene-0017,42
1.0508,1.1263,0.5919,0.9489,1.038,1.0079,0.0,0.0,0.0,0.0,0.0,0.0,0.0,0.0,0.0,ok,straight,1.0508,1.1263,0.5919,0.9489,1.1842,1.1054,False,"[-0.5222, -0.9138, -0.1305, -2.3499]","[-149.8596, -4622.5469, -6925.5804, -70297.278]","[4.0549, -1004619.7422, -1006922.7757, -1070294.4733]","[1.105, 1.868, 2.167, 4.665]","[[[1.6871, 0.0], [3.1148, 0.1305], [5.1135, 0.5222], [5.9701, 0.5222], [7.3977, 0.7833], [8.2543, 1.0444]], [[1.6871, 0.0], [3.1148, 0.1305], [5.1135, 0.5222], [5.9701, 0.5222], [11.1096, 1.5666], [8.8254, 1.8277]], [[1.6871, 0.0], [3.1148, 0.1305], [5.1135, 0.5222], [5.9701, 0.5222], [9.3964, -2.3499], [3.9714, 0.2611]], [[1.6871, 0.0], [3.1148, 0.1305], [5.1135, 0.5222], [5.9701, 0.5222], [9.3964, 16.5798], [13.6794, 4.6998]]]",1.3355,0.0,0.0,0.0,0.0,0.0,0.0,True,"[1, 1, 1]",0.0,0.0,0.0,1.1054,4.0,1.0508,1.1263,0.5919,0.9489,1.1842,1.1054,"[[1.687, 0.0], [3.115, 0.131], [5.113, 0.522], [5.97, 0.522], [7.398, 0.783], [8.254, 1.044]]",ok,4.6653,0.0,0.0,1.0,0.0,0.0,1.0,0.0,0.0,0.16666666666666666,f0e4797551024f9487a016ee9d9e29e1,scene-0018,42
0.6834,0.4287,0.3555,0.6515,0.5917,0.5359,0.0,0.0,0.0,0.0,0.0,0.0,0.0,0.0,0.0,ok,left,0.6834,0.8413,0.3555,0.6515,0.9877,0.7998,False,"[1.2402, 1.8277, 0.3916, 8.2899]","[-519.2021, -813.4653, -906.4831, -53249.676]","[1.093, -1000812.4178, -1000905.4355, -1053248.6285]","[0.8, 1.098, 1.383, 6.207]","[[[1.6871, 0.1305], [3.1148, 0.2611], [5.6846, 0.7833], [5.9701, 1.6971], [6.8267, 1.6971], [9.1109, 2.4804]], [[1.6871, 0.1305], [3.1148, 0.2611], [5.6846, 0.7833], [5.9701, 1.6971], [7.1122, 1.9582], [11.3952, 3.6554]], [[1.6871, 0.1305], [3.1148, 0.2611], [5.6846, 0.7833], [5.9701, 1.6971], [7.1122, 2.7415], [6.5412, 0.7833]], [[1.6871, 0.1305], [3.1148, 0.2611], [5.6846, 0.7833], [5.9701, 1.6971], [17.6768, 16.5798], [15.6781, 16.5798]]]",2.2235,0.0,0.0,0.0,0.0,0.0,0.0,True,"[1, 1, 1]",0.0,0.0,0.0,0.7998,4.0,0.6834,0.8413,0.3555,0.6515,0.9877,0.7998,"[[1.687, 0.131], [3.115, 0.261], [5.685, 0.783], [5.97, 1.697], [6.827, 1.697], [9.111, 2.48]]",ok,6.2066,0.0,0.0,1.0,0.0,0.0,1.0,0.0,0.0,0.3333333333333333,e8dd2a90a84142b2aa1c42126d3f135b,scene-0018,42
3.5946,8.5149,16.3319,2.6284,4.8943,7.8992,0.0,0.0,0.0,0.0,0.0,0.0,0.0,0.0,0.0,ok,straight,3.5946,8.799,16.3319,2.6284,4.9653,7.9466,False,"[-0.0653, -0.2611, -0.4569, -0.0]","[-166.442, -1786.2625, -29263.4779, -32286.0136]","[5.967, -1001782.0768, -1029259.2921, -1032281.8279]","[7.947, 7.957, 8.356, 10.027]","[[[3.6858, 0.0], [7.3977, 0.0], [11.1096, -0.1305], [15.3926, -0.1305], [19.1045, -0.1305], [24.8151, -0.1305]], [[3.6858, 0.0], [7.3977, 0.0], [11.1096, -0.1305], [15.3926, -0.1305], [21.6742, 0.0], [22.2453, -0.5222]], [[3.6858, 0.0], [7.3977, 0.0], [11.1096, -0.1305], [15.3926, -0.1305], [27.3848, 1.1749], [18.8189, -0.9138]], [[3.6858, 0.0], [7.3977, 0.0], [11.1096, -0.1305], [15.3926, -0.1305], [30.5257, 0.1305], [25.9572, 0.0]]]",0.8563,0.0,0.0,0.0,0.0,0.0,0.0,True,"[1, 1, 1]",0.0,0.0,0.0,7.9466,4.0,3.5946,8.799,16.3319,2.6284,4.9653,7.9466,"[[3.686, 0.0], [7.398, 0.0], [11.11, -0.131], [15.393, -0.131], [19.104, -0.131], [24.815, -0.131]]",ok,10.0269,0.0,0.0,0.0,0.0,0.0,0.0,0.0,0.0,0.0,9fbcde13d96b43a8aee0f76aee3bfc65,scene-0018,42
0.6232,0.5793,0.9539,0.4027,0.4682,0.5539,0.0,0.0,0.0,0.0,0.0,0.0,0.0,0.0,0.0,ok,right,0.6232,0.5003,0.9539,0.4027,0.4485,0.5727,False,"[1.5666, 2.4804, -2.3499, -8.2899]","[-78.354, -986.7295, -1253.9418, -1404716.33]","[2.9757, -1000985.0901, -1001252.3024, -2404714.6905]","[0.573, 1.354, 1.588, 14.452]","[[[1.1161, 0.0], [1.9727, -0.2611], [3.6858, -0.7833], [5.1135, -1.3055], [5.6846, -1.9582], [6.5412, -3.1332]], [[1.1161, 0.0], [1.9727, -0.2611], [3.6858, -0.7833], [5.1135, -1.3055], [6.5412, -1.8277], [12.2517, -4.9609]], [[1.1161, 0.0], [1.9727, -0.2611], [3.6858, -0.7833], [5.1135, -1.3055], [5.6846, -1.0444], [7.3977, 4.6998]], [[1.1161, 0.0], [1.9727, -0.2611], [3.6858, -0.7833], [5.1135, -1.3055], [69.6432, 16.5798], [8.8254, 16.5798]]]",5.7627,0.0,0.0,0.0,0.0,0.0,0.0,True,"[1, 1, 1]",0.0,0.0,0.0,0.5727,4.0,0.6232,0.5003,0.9539,0.4027,0.4485,0.5727,"[[1.116, 0.0], [1.973, -0.261], [3.686, -0.783], [5.113, -1.305], [5.685, -1.958], [6.541, -3.133]]",ok,14.4515,0.0,0.0,0.0,0.0,0.0,0.0,0.0,0.0,0.0,a6be1b51213443ba9991585f56a30c71,scene-0018,42
2.9256,4.8234,5.5089,2.233,3.3104,4.2538,0.0,0.0,0.0,0.0,0.0,0.0,0.0,0.0,0.0,ok,right,2.9256,5.3773,7.5989,2.233,3.379,4.6936,False,"[0.3264, 0.0653, 0.2611, 0.1958]","[-93.1322, -1351.4831, -1698.5336, -15922.2444]","[6.6131, -1001346.7757, -1001693.8262, -1015917.5371]","[4.694, 5.005, 4.7, 5.737]","[[[4.5424, 0.0], [9.1109, -0.1305], [14.2505, -0.1305], [18.2479, -0.2611], [22.2453, -0.2611], [26.8138, -0.6527]], [[4.5424, 0.0], [9.1109, -0.1305], [14.2505, -0.1305], [18.2479, -0.2611], [20.2466, -0.1305], [27.0993, -0.1305]], [[4.5424, 0.0], [9.1109, -0.1305], [14.2505, -0.1305], [18.2479, -0.2611], [23.9585, -1.436], [24.8151, -0.5222]], [[4.5424, 0.0], [9.1109, -0.1305], [14.2505, -0.1305], [18.2479, -0.2611], [15.3926, -0.2611], [27.3848, -0.3916]]]",0.4252,0.0,0.0,0.0,0.0,0.0,0.0,True,"[1, 1, 1]",0.0,0.0,0.0,4.6936,4.0,2.9256,5.3773,7.5989,2.233,3.379,4.6936,"[[4.542, 0.0], [9.111, -0.131], [14.25, -0.131], [18.248, -0.261], [22.245, -0.261], [26.814, -0.653]]",ok,5.7374,0.0,0.0,0.0,0.0,0.0,0.0,0.0,0.0,0.0,d62b0f9db06440c695781c52ed71909a,scene-0035,42
1.8471,3.7115,5.0151,1.3082,2.103,2.7403,0.0,0.0,0.0,0.0,0.0,0.0,0.0,0.0,0.0,ok,straight,1.8471,3.7115,5.0151,1.3082,2.103,2.7412,False,"[-0.8486, -1.5666, -1.2402, -2.1541]","[-829.6468, -284.0629, -1432.2532, -118534.8355]","[4.7741, 3.2835, -1001429.3193, -1118531.9016]","[2.741, 2.561, 2.653, 5.4]","[[[3.6858, 0.0], [6.8267, -0.1305], [10.5386, -0.3916], [12.8228, -0.7833], [17.3913, -1.0444], [19.39, -1.6971]], [[3.6858, 0.0], [6.8267, -0.1305], [10.5386, -0.3916], [12.8228, -0.7833], [16.2492, -1.6971], [21.9598, -3.1332]], [[3.6858, 0.0], [6.8267, -0.1305], [10.5386, -0.3916], [12.8228, -0.7833], [17.9623, -1.436], [19.39, -2.4804]], [[3.6858, 0.0], [6.8267, -0.1305], [10.5386, -0.3916], [12.8228, -0.7833], [13.3939, 16.5798], [20.2466, -4.3081]]]",1.1917,0.0,0.0,0.0,0.0,0.0,0.0,True,"[1, 1, 1]",0.0,0.0,0.0,2.5606,4.0,1.8471,3.7115,2.7705,1.3082,2.103,2.5606,"[[3.686, 0.0], [6.827, -0.131], [10.539, -0.392], [12.823, -0.783], [17.391, -1.044], [19.39, -1.697]]",ok,5.3999,0.0,0.0,0.0,0.0,0.0,0.0,0.0,0.0,0.0,d9d546a04a9a41d8984c39e7c53689b6,scene-0035,42
1.3924,3.2452,4.599,1.0367,2.0583,2.7465,0.0,0.0,0.0,0.0,0.0,0.0,0.0,0.0,0.0,ok,right,1.0576,3.2452,4.599,0.8693,1.9746,2.7845,False,"[0.9791, 0.5222, 3.6554, 0.4569]","[-732.9924, -1312.1222, -2107.9405, -18289.1868]","[4.2802, -1001308.1844, -1002104.0027, -1018285.249]","[2.784, 2.851, 3.391, 3.44]","[[[4.2569, -0.1305], [9.3964, -1.1749], [12.5373, -0.3916], [16.8202, -0.7833], [21.1032, -1.1749], [25.9572, -1.9582]], [[4.2569, -0.1305], [9.3964, -1.1749], [12.5373, -0.3916], [16.8202, -0.7833], [22.2453, -1.8277], [24.5295, -1.0444]], [[4.2569, -0.1305], [9.3964, -1.1749], [12.5373, -0.3916], [16.8202, -0.7833], [22.2453, -3.0026], [22.5308, -7.3108]], [[4.2569, -0.1305], [9.3964, -1.1749], [12.5373, -0.3916], [16.8202, -0.7833], [26.5282, -1.0444], [19.39, -0.9138]]]",0.3004,0.0,0.0,0.0,0.0,0.0,0.0,True,"[1, 1, 1]",0.0,0.0,0.0,2.7845,4.0,1.0576,3.2452,4.599,0.8693,1.9746,2.7845,"[[4.257, -0.131], [9.396, -1.175], [12.537, -0.392], [16.82, -0.783], [21.103, -1.175], [25.957, -1.958]]",ok,3.4403,0.0,0.0,0.0,0.0,0.0,0.0,0.0,0.0,0.0,3c4a042965874822affa98f7449566b6,scene-0035,42
4.8672,9.4457,14.8905,3.633,5.6804,8.3097,0.0,0.0,0.0,0.0,0.0,0.0,0.0,0.0,0.0,ok,straight,4.8672,8.0189,14.8905,3.633,5.3236,8.0719,True,"[-0.0653, -0.1958, -0.0653, -0.2611]","[-772.9429, -709.5641, -4682.2179, -12071.3111]","[3.713, -1000707.6317, -1004680.2855, -1012069.3788]","[8.072, 7.17, 7.407, 5.531]","[[[3.6858, 0.0], [7.3977, 0.0], [12.5373, 0.0], [16.8202, -0.1305], [18.2479, -0.1305], [21.9598, -0.1305]], [[3.6858, 0.0], [7.3977, 0.0], [12.5373, 0.0], [16.8202, -0.1305], [19.6755, -0.1305], [25.9572, -0.3916]], [[3.6858, 0.0], [7.3977, 0.0], [12.5373, 0.0], [16.8202, -0.1305], [23.3874, -0.2611], [20.8176, -0.1305]], [[3.6858, 0.0], [7.3977, 0.0], [12.5373, 0.0], [16.8202, -0.1305], [19.39, 0.1305], [37.0928, -0.5222]]]",0.9346,0.0,0.0,0.0,0.0,0.0,0.0,True,"[1, 1, 1]",0.0,0.0,0.0,5.5308,4.0,4.8672,8.0189,0.7899,3.633,5.3236,5.5308,"[[3.686, 0.0], [7.398, 0.0], [12.537, 0.0], [16.82, -0.131], [18.248, -0.131], [21.96, -0.131]]",ok,8.0719,0.0,0.0,0.0,0.0,0.0,0.0,0.0,0.0,0.0,5f15115414584a23bdc0d0982c46e264,scene-0035,42
2.0873,4.0219,7.1326,1.5462,2.5767,3.4491,0.0,0.0,0.0,0.0,0.0,0.0,0.0,0.0,0.0,ok,straight,2.0873,4.0219,5.1352,1.5462,2.5767,3.4562,False,"[-0.0, -0.0653, -0.1305, -0.0653]","[-122.8867, -10.971, -327.3473, -3985.9717]","[4.5011, 3.1542, -1000324.8549, -1003983.4793]","[3.456, 3.781, 2.511, 2.219]","[[[3.6858, 0.0], [7.3977, 0.0], [11.1096, 0.0], [15.107, 0.0], [18.8189, 0.5222], [23.9585, 0.0]], [[3.6858, 0.0], [7.3977, 0.0], [11.1096, 0.0], [15.107, 0.0], [18.8189, -0.1305], [21.9598, -0.1305]], [[3.6858, 0.0], [7.3977, 0.0], [11.1096, 0.0], [15.107, 0.0], [21.3887, 0.1305], [31.0967, 0.2611]], [[3.6858, 0.0], [7.3977, 0.0], [11.1096, 0.0], [15.107, 0.0], [23.9585, -0.2611], [26.2427, 0.1305]]]",0.6454,0.0,0.0,0.0,0.0,0.0,0.0,True,"[1, 1, 1]",0.0,0.0,0.0,2.2194,4.0,2.0873,4.0219,2.8676,1.5462,2.5767,2.2194,"[[3.686, 0.0], [7.398, 0.0], [11.11, 0.0], [15.107, 0.0], [18.819, 0.522], [23.958, 0.0]]",ok,3.7811,0.0,0.0,0.0,0.0,0.0,0.0,0.0,0.0,0.0,e1b5c775be134db696ce22413d195c72,scene-0036,42
5.3037,10.2522,15.6894,4.159,6.5304,9.2738,0.0,0.0,0.0,0.0,0.0,0.0,0.0,0.0,0.0,ok,straight,5.3037,9.396,15.6894,4.159,6.3878,8.8455,True,"[-0.0653, -0.1958, -8.2899, -0.0653]","[-218.0466, -549.7632, -16986.2302, -23386.7149]","[5.1827, 5.1132, -1016982.6282, -1023383.1129]","[8.846, 9.607, 9.998, 7.282]","[[[2.2582, 0.0], [5.1135, 0.0], [7.1122, 0.0], [10.5386, 0.0], [13.1083, -0.1305], [14.8215, -0.1305]], [[2.2582, 0.0], [5.1135, 0.0], [7.1122, 0.0], [10.5386, 0.0], [11.3952, -0.2611], [11.9662, -0.3916]], [[2.2582, 0.0], [5.1135, 0.0], [7.1122, 0.0], [10.5386, 0.0], [11.1096, 0.1305], [18.5334, 16.5798]], [[2.2582, 0.0], [5.1135, 0.0], [7.1122, 0.0], [10.5386, 0.0], [13.1083, -0.3916], [36.8073, 0.1305]]]",1.0395,0.0,0.0,0.0,0.0,0.0,0.0,True,"[1, 1, 1]",0.0,0.0,0.0,7.2818,4.0,5.3037,9.396,6.3043,4.159,6.3878,7.2818,"[[2.258, 0.0], [5.113, 0.0], [7.112, 0.0], [10.539, 0.0], [13.108, -0.131], [14.822, -0.131]]",ok,9.9978,0.0,0.0,0.0,0.0,0.0,0.0,0.0,0.0,0.0,125a63c9e5b14ebfb5839143c88e3a44,scene-0036,42
3.9006,8.3166,12.9641,3.1942,5.4439,7.5208,0.0,0.0,0.0,0.0,0.0,0.0,0.0,0.0,0.0,ok,straight,3.9006,8.3166,12.9641,3.1942,5.4439,7.5208,False,"[-0.0653, -0.0653, -0.1305, -0.1958]","[-195.9116, -278.9458, -2419.5999, -25069.7962]","[3.9202, 3.9122, -1002417.2329, -1025067.4292]","[7.521, 7.045, 8.235, 7.058]","[[[3.1148, 0.0], [6.2556, 0.0], [8.5399, 0.0], [12.2517, -0.1305], [15.107, -0.1305], [17.3913, -0.1305]], [[3.1148, 0.0], [6.2556, 0.0], [8.5399, 0.0], [12.2517, -0.1305], [16.5347, 0.1305], [18.8189, -0.1305]], [[3.1148, 0.0], [6.2556, 0.0], [8.5399, 0.0], [12.2517, -0.1305], [15.9636, -0.1305], [12.2517, -0.2611]], [[3.1148, 0.0], [6.2556, 0.0], [8.5399, 0.0], [12.2517, -0.1305], [15.6781, 0.3916], [41.0903, 0.3916]]]",0.484,0.0,0.0,0.0,0.0,0.0,0.0,True,"[1, 1, 1]",0.0,0.0,0.0,7.0454,4.0,3.9006,8.3166,11.5365,3.1942,5.4439,7.0454,"[[3.115, 0.0], [6.256, 0.0], [8.54, 0.0], [12.252, -0.131], [15.107, -0.131], [17.391, -0.131]]",ok,8.2347,0.0,0.0,0.0,0.0,0.0,0.0,0.0,0.0,0.0,568a082ce58a4b4e81df3974e7ff34de,scene-0036,42
2.7967,3.687,6.7832,1.8537,2.5349,3.5299,0.0,0.0,0.0,0.0,0.0,0.0,0.0,0.0,0.0,ok,straight,2.7967,3.687,6.7832,1.8537,2.5349,3.5299,False,"[-0.0, -0.4569, -0.0653, -0.5222]","[-158.6797, -778.5564, -10681.9815, -723152.5303]","[4.8362, 2.8543, -1010678.8658, -1723149.4147]","[3.53, 2.655, 3.65, 9.5]","[[[3.6858, 0.0], [7.3977, 0.0], [12.5373, 0.0], [16.8202, 0.0], [20.8176, 0.0], [23.3874, 0.0]], [[3.6858, 0.0], [7.3977, 0.0], [12.5373, 0.0], [16.8202, 0.0], [23.1019, 0.3916], [26.5282, 0.9138]], [[3.6858, 0.0], [7.3977, 0.0], [12.5373, 0.0], [16.8202, 0.0], [19.39, 0.2611], [36.2362, -0.1305]], [[3.6858, 0.0], [7.3977, 0.0], [12.5373, 0.0], [16.8202, 0.0], [69.6432, 0.2611], [32.2388, -1.0444]]]",2.7214,0.0,0.0,0.0,0.0,0.0,0.0,True,"[1, 1, 1]",0.0,0.0,0.0,2.6553,4.0,2.7967,3.687,3.77,1.8537,2.5349,2.6553,"[[3.686, 0.0], [7.398, 0.0], [12.537, 0.0], [16.82, 0.0], [20.818, 0.0], [23.387, 0.0]]",ok,9.5002,0.0,0.0,0.0,0.0,0.0,0.0,0.0,0.0,0.0,63da0bd557fe4de0bd2b76c77e9f7fa3,scene-0036,42
0.6185,0.4639,0.6346,0.3367,0.4071,0.4068,0.0,0.0,0.0,0.0,0.0,0.0,0.0,0.0,0.0,ok,left,0.0654,0.318,1.201,0.248,0.3263,0.4473,False,"[2.2846, 1.436, 8.2899, 2.611]","[-213.1659, -7998.9149, -37810.2746, -54613.6342]","[2.292, -1007997.2485, -1037808.6082, -1054611.9678]","[0.447, 1.969, 5.037, 2.719]","[[[2.8293, -0.1305], [5.1135, 0.7833], [7.3977, 1.6971], [11.1096, 2.4804], [13.6794, 3.7859], [15.3926, 4.5692]], [[2.8293, -0.1305], [5.1135, 0.7833], [7.3977, 1.6971], [11.1096, 2.4804], [16.5347, 1.6971], [9.682, 2.8721]], [[2.8293, -0.1305], [5.1135, 0.7833], [7.3977, 1.6971], [11.1096, 2.4804], [22.2453, 16.5798], [23.1019, 16.5798]], [[2.8293, -0.1305], [5.1135, 0.7833], [7.3977, 1.6971], [11.1096, 2.4804], [14.8215, 16.5798], [14.536, 5.222]]]",1.6563,0.0,0.0,0.0,0.0,0.0,0.0,True,"[1, 1, 1]",0.0,0.0,0.0,0.4473,4.0,0.0654,0.318,1.201,0.248,0.3263,0.4473,"[[2.829, -0.131], [5.113, 0.783], [7.398, 1.697], [11.11, 2.48], [13.679, 3.786], [15.393, 4.569]]",ok,5.0372,0.0,0.0,0.0,0.0,0.0,0.0,0.0,0.0,0.0,0f39f34febc84a6689f08599105d1421,scene-0038,42
1.7382,4.4915,6.0844,1.3345,2.5726,3.5919,0.0,0.0,0.0,0.0,0.0,0.0,0.0,0.0,0.0,ok,straight,1.7382,3.9209,7.7973,1.3345,2.2873,3.8299,False,"[-0.0653, -0.2611, -0.718, -1.1749]","[-27.4368, -618.749, -601.7864, -5223.683]","[5.0672, 4.3289, -1000598.6187, -1005220.5153]","[3.83, 4.121, 3.631, 2.311]","[[[3.1148, 0.0], [6.5412, 0.0], [9.682, 0.0], [12.8228, 0.0], [15.3926, -0.1305], [18.2479, -0.1305]], [[3.1148, 0.0], [6.5412, 0.0], [9.682, 0.0], [12.8228, 0.0], [13.9649, -0.1305], [17.9623, 0.5222]], [[3.1148, 0.0], [6.5412, 0.0], [9.682, 0.0], [12.8228, 0.0], [15.107, -0.5222], [19.9611, 1.436]], [[3.1148, 0.0], [6.5412, 0.0], [9.682, 0.0], [12.8228, 0.0], [23.1019, -0.2611], [28.2414, -2.3499]]]",0.6933,0.0,0.0,0.0,0.0,0.0,0.0,True,"[1, 1, 1]",0.0,0.0,0.0,2.3111,4.0,1.7382,3.9209,3.0401,1.3345,2.2873,2.3111,"[[3.115, 0.0], [6.541, 0.0], [9.682, 0.0], [12.823, 0.0], [15.393, -0.131], [18.248, -0.131]]",ok,4.1214,0.0,0.0,0.0,0.0,0.0,0.0,0.0,0.0,0.0,3f649706222f4d83aa0a8a1b687f29fa,scene-0038,42
3.4939,5.8767,9.6344,2.7655,4.2763,5.6171,0.0,0.0,0.0,0.0,0.0,0.0,0.0,0.0,0.0,ok,straight,3.4939,5.8767,9.0695,2.7655,4.2763,5.523,True,"[-0.0, -0.0, -0.3264, -0.0653]","[-180.1838, -181.4546, -2108.0142, -5873.6267]","[4.3194, 4.3189, -1002105.2423, -1005870.8548]","[5.523, 5.429, 5.591, 5.915]","[[[3.1148, 0.0], [6.2556, 0.0], [8.5399, 0.0], [12.2517, 0.0], [15.3926, 0.0], [17.3913, 0.0]], [[3.1148, 0.0], [6.2556, 0.0], [8.5399, 0.0], [12.2517, 0.0], [15.6781, 0.0], [17.6768, 0.0]], [[3.1148, 0.0], [6.2556, 0.0], [8.5399, 0.0], [12.2517, 0.0], [17.1058, 0.2611], [15.3926, 0.6527]], [[3.1148, 0.0], [6.2556, 0.0], [8.5399, 0.0], [12.2517, 0.0], [11.3952, 0.3916], [19.1045, 0.1305]]]",0.1829,0.0,0.0,0.0,0.0,0.0,0.0,True,"[1, 1, 1]",0.0,0.0,0.0,5.4285,4.0,3.4939,5.8767,8.7874,2.7655,4.2763,5.4285,"[[3.115, 0.0], [6.256, 0.0], [8.54, 0.0], [12.252, 0.0], [15.393, 0.0], [17.391, 0.0]]",ok,5.9151,0.0,0.0,0.0,0.0,0.0,0.0,0.0,0.0,0.0,e73a59216865449ab48d31a0880664aa,scene-0038,42
3.2224,5.6046,9.7583,2.4118,3.7463,5.4787,0.0,0.0,0.0,0.0,0.0,0.0,0.0,0.0,0.0,ok,right,3.7673,6.2319,9.9958,2.4271,3.9108,5.6279,False,"[1.5666, 2.1541, -8.2899, 2.2193]","[-449.1025, -722.4049, -24083.5836, -141701.8554]","[3.8498, -1000719.7445, -1024080.9232, -1141699.195]","[5.628, 4.506, 8.532, 8.412]","[[[3.1148, 0.1305], [4.5424, -0.5222], [7.9688, -0.9138], [10.5386, -1.5666], [12.8228, -2.4804], [15.3926, -3.1332]], [[3.1148, 0.1305], [4.5424, -0.5222], [7.9688, -0.9138], [10.5386, -1.5666], [14.2505, -2.8721], [21.1032, -4.3081]], [[3.1148, 0.1305], [4.5424, -0.5222], [7.9688, -0.9138], [10.5386, -1.5666], [11.1096, -3.0026], [15.3926, 16.5798]], [[3.1148, 0.1305], [4.5424, -0.5222], [7.9688, -0.9138], [10.5386, -1.5666], [14.536, 16.5798], [35.3797, -4.4387]]]",1.7486,0.0,0.0,0.0,0.0,0.0,0.0,True,"[1, 1, 1]",0.0,0.0,0.0,4.5061,4.0,3.7673,6.2319,4.7232,2.4271,3.9108,4.5061,"[[3.115, 0.131], [4.542, -0.522], [7.969, -0.914], [10.539, -1.567], [12.823, -2.48], [15.393, -3.133]]",ok,8.5317,0.0,0.0,0.0,0.0,0.0,0.0,0.0,0.0,0.0,5bb77a2ff3d44094b691ba239cbab83a,scene-0038,42
2.2913,6.8789,12.0655,1.5664,3.6802,5.9924,0.0,0.0,0.0,0.0,0.0,0.0,0.0,0.0,0.0,ok,straight,2.2913,4.3066,7.4985,1.5664,2.9658,3.9457,True,"[-0.0653, -0.5222, -0.0653, -0.0653]","[-560.1413, -755.0335, -2477.2521, -3713.4325]","[4.3817, -1000752.2443, -1002474.4629, -1003710.6433]","[3.946, 4.288, 5.516, 5.944]","[[[2.8293, 0.0], [5.399, 0.0], [7.6833, -0.1305], [12.5373, 0.0], [17.3913, 0.0], [19.39, -0.1305]], [[2.8293, 0.0], [5.399, 0.0], [7.6833, -0.1305], [12.5373, 0.0], [16.8202, -0.2611], [17.9623, 1.0444]], [[2.8293, 0.0], [5.399, 0.0], [7.6833, -0.1305], [12.5373, 0.0], [12.5373, -0.1305], [14.8215, -0.1305]], [[2.8293, 0.0], [5.399, 0.0], [7.6833, -0.1305], [12.5373, 0.0], [11.3952, -0.1305], [13.3939, -0.1305]]]",0.8296,0.0,0.0,0.0,0.0,0.0,0.0,True,"[1, 1, 1]",0.0,0.0,0.0,3.9457,4.0,2.2913,4.3066,7.4985,1.5664,2.9658,3.9457,"[[2.829, 0.0], [5.399, 0.0], [7.683, -0.131], [12.537, 0.0], [17.391, 0.0], [19.39, -0.131]]",ok,5.9443,0.0,0.0,0.0,0.0,0.0,0.0,0.0,0.0,0.0,15c59626df6b4f96bb7ef7c5c1797159,scene-0039,42
2.6474,6.3513,9.1455,1.6816,3.1425,5.0577,0.0,0.0,0.0,0.0,0.0,0.0,0.0,0.0,0.0,ok,straight,2.6474,4.9238,7.4841,1.6816,3.1424,4.2105,True,"[-0.4569, -0.0, -0.3916, -0.0]","[-318.0903, -1203.5911, -15068.7381, -152337.8847]","[1.8692, -1001201.2314, -1015066.3783, -1152335.5249]","[4.211, 5.153, 5.872, 10.0]","[[[4.2569, 0.0], [8.5399, 0.0], [12.5373, 0.0], [18.2479, 0.0], [24.244, -0.2611], [28.2414, 0.9138]], [[4.2569, 0.0], [8.5399, 0.0], [12.5373, 0.0], [18.2479, 0.0], [20.8176, 0.0], [25.9572, 0.0]], [[4.2569, 0.0], [8.5399, 0.0], [12.5373, 0.0], [18.2479, 0.0], [15.9636, 0.0], [26.5282, 0.7833]], [[4.2569, 0.0], [8.5399, 0.0], [12.5373, 0.0], [18.2479, 0.0], [29.3835, -14.6216], [2.8293, 0.0]]]",2.211,0.0,0.0,0.0,0.0,0.0,0.0,True,"[1, 1, 1]",0.0,0.0,0.0,4.2105,4.0,2.6474,4.9238,7.4841,1.6816,3.1424,4.2105,"[[4.257, 0.0], [8.54, 0.0], [12.537, 0.0], [18.248, 0.0], [24.244, -0.261], [28.241, 0.914]]",ok,10.0,0.0,0.0,0.0,0.0,0.0,0.0,0.0,0.0,0.0,821df5bcd0744d7280b23e6284fb8396,scene-0039,42
4.8796,9.4457,13.0635,3.7553,6.0065,8.1272,0.0,0.0,0.0,0.0,0.0,0.0,0.0,0.0,0.0,ok,straight,4.8796,8.3036,5.066,3.7553,5.7209,5.795,True,"[-0.0, -0.2611, -0.2611, -0.1305]","[-248.6411, -169.6638, -313.7907, -499.0553]","[4.6512, 2.8883, 1.7036, 1.3867]","[5.795, 7.462, 7.938, 7.937]","[[[3.1148, 0.0], [6.5412, 0.0], [9.9675, -0.1305], [14.2505, -0.1305], [21.1032, 0.0], [27.9559, 0.0]], [[3.1148, 0.0], [6.5412, 0.0], [9.9675, -0.1305], [14.2505, -0.1305], [18.5334, -0.1305], [20.5321, -0.5222]], [[3.1148, 0.0], [6.5412, 0.0], [9.9675, -0.1305], [14.2505, -0.1305], [16.5347, 0.0], [19.6755, 0.5222]], [[3.1148, 0.0], [6.5412, 0.0], [9.9675, -0.1305], [14.2505, -0.1305], [16.2492, -0.1305], [19.9611, -0.2611]]]",0.8808,0.0,0.0,0.0,0.0,0.0,0.0,True,"[1, 1, 1]",0.0,0.0,0.0,5.795,4.0,4.8796,8.3036,5.066,3.7553,5.7209,5.795,"[[3.115, 0.0], [6.541, 0.0], [9.968, -0.131], [14.25, -0.131], [21.103, 0.0], [27.956, 0.0]]",ok,7.9381,0.0,0.0,0.0,0.0,0.0,0.0,0.0,0.0,0.0,eb0676ccc9bd45149ae65119cb8d5e7b,scene-0039,42
0.1046,2.0407,5.5753,0.074,0.9559,2.0026,0.0,0.0,0.0,0.0,0.0,0.0,0.0,0.0,0.0,ok,straight,3.051,2.0407,5.5753,1.6817,1.7597,2.4914,False,"[-0.3916, -1.3708, -1.1097, -8.2899]","[-5819.7095, -6489.5147, -8504.2747, -15489.4436]","[-2015827.242, -2016497.0473, -2018511.8073, -2025496.9761]","[2.491, 2.609, 1.64, 4.983]","[[[3.9714, 0.0], [5.399, 0.0], [13.9649, 0.1305], [18.2479, 0.3916], [22.2453, 0.7833], [29.098, 0.7833]], [[3.9714, 0.0], [5.399, 0.0], [13.9649, 0.1305], [18.2479, 0.3916], [23.6729, 2.8721], [27.9559, 2.7415]], [[3.9714, 0.0], [5.399, 0.0], [13.9649, 0.1305], [18.2479, 0.3916], [18.2479, 1.1749], [24.5295, 2.2193]], [[3.9714, 0.0], [5.399, 0.0], [13.9649, 0.1305], [18.2479, 0.3916], [26.5282, 2.4804], [29.6691, 16.5798]]]",1.2422,0.0,0.0,0.0,0.0,0.0,0.0,False,"[1, 1, 1]",0.0,0.0,0.0,1.6402,4.0,3.051,2.0407,1.1095,1.6817,1.7597,1.6402,"[[3.971, 0.0], [5.399, 0.0], [13.965, 0.131], [18.248, 0.392], [22.245, 0.783], [29.098, 0.783]]",ok,4.9826,0.0,0.0,0.0,0.0,0.0,0.0,0.0,0.0,0.0,f69afa3eed11447eb559f49c325f02d7,scene-0039,42
1.8453,4.6725,6.8207,1.3201,2.7658,3.9185,0.0,0.0,0.0,0.0,0.0,0.0,0.0,0.0,0.0,ok,straight,1.8453,4.958,6.8207,1.3201,2.8372,3.9661,False,"[-0.0653, -1.3055, -0.718, -0.1305]","[-21.9803, -1624.7511, -145037.1587, -642926.5609]","[4.4354, -1001622.038, -1145034.4456, -1642923.8478]","[3.966, 3.303, 6.415, 12.818]","[[[4.5424, 0.0], [9.3964, 0.0], [14.2505, -0.1305], [19.1045, -0.1305], [23.3874, -0.1305], [27.9559, -0.1305]], [[4.5424, 0.0], [9.3964, 0.0], [14.2505, -0.1305], [19.1045, -0.1305], [20.8176, 0.1305], [25.9572, -2.611]], [[4.5424, 0.0], [9.3964, 0.0], [14.2505, -0.1305], [19.1045, -0.1305], [42.8034, -0.1305], [22.8163, -1.436]], [[4.5424, 0.0], [9.3964, 0.0], [14.2505, -0.1305], [19.1045, -0.1305], [69.6432, -0.1305], [34.8086, -0.2611]]]",3.7582,0.0,0.0,0.0,0.0,0.0,0.0,True,"[1, 1, 1]",0.0,0.0,0.0,3.3031,4.0,1.8453,4.958,5.4006,1.3201,2.8372,3.3031,"[[4.542, 0.0], [9.396, 0.0], [14.25, -0.131], [19.104, -0.131], [23.387, -0.131], [27.956, -0.131]]",ok,12.8175,0.0,0.0,0.0,0.0,0.0,0.0,0.0,0.0,0.0,8e46878ced734164aae0e83567aa02a5,scene-0092,42
1.0521,1.813,2.2309,0.7773,1.1765,1.4966,0.0,0.0,0.0,0.0,0.0,0.0,0.0,0.0,0.0,ok,straight,1.0521,1.2468,2.2309,0.7773,1.035,1.4022,True,"[-0.1305, -0.1958, -0.2611, -1.1097]","[-68.1511, -1061.1543, -5986.2334, -1001677.3429]","[4.1174, -1001058.3569, -1005983.436, -2001674.5455]","[1.402, 0.967, 1.714, 11.111]","[[[4.2569, 0.0], [8.5399, 0.0], [12.5373, -0.1305], [16.2492, 0.0], [20.8176, -0.1305], [24.8151, -0.2611]], [[4.2569, 0.0], [8.5399, 0.0], [12.5373, -0.1305], [16.2492, 0.0], [17.6768, -0.2611], [23.1019, -0.3916]], [[4.2569, 0.0], [8.5399, 0.0], [12.5373, -0.1305], [16.2492, 0.0], [23.6729, 0.0], [21.3887, -0.5222]], [[4.2569, 0.0], [8.5399, 0.0], [12.5373, -0.1305], [16.2492, 0.0], [69.6432, 0.3916], [11.1096, -2.2193]]]",4.2302,0.0,0.0,0.0,0.0,0.0,0.0,True,"[1, 1, 1]",0.0,0.0,0.0,0.9675,4.0,1.0521,1.2468,0.5597,0.7773,1.035,0.9675,"[[4.257, 0.0], [8.54, 0.0], [12.537, -0.131], [16.249, 0.0], [20.818, -0.131], [24.815, -0.261]]",ok,11.1112,0.0,0.0,0.0,0.0,0.0,0.0,0.0,0.0,0.0,0b47858110f442afa33226467f596df7,scene-0092,42
0.922,1.8243,2.6958,0.6953,1.1584,1.5398,0.0,0.0,0.0,0.0,0.0,0.0,0.0,0.0,0.0,ok,straight,0.922,1.8243,2.6958,0.6953,1.1581,1.5396,True,"[-0.0653, -0.0653, -0.0653, -8.2899]","[-43.8336, -475.0075, -1683.213, -762752.1779]","[3.9117, -1000472.2526, -1001680.4581, -1762749.423]","[1.54, 1.549, 1.637, 12.326]","[[[4.2569, 0.0], [8.5399, 0.0], [12.5373, 0.0], [16.8202, -0.1305], [20.5321, -0.1305], [24.8151, -0.1305]], [[4.2569, 0.0], [8.5399, 0.0], [12.5373, 0.0], [16.8202, -0.1305], [19.6755, 0.1305], [18.5334, 0.1305]], [[4.2569, 0.0], [8.5399, 0.0], [12.5373, 0.0], [16.8202, -0.1305], [22.8163, -0.1305], [23.1019, 0.1305]], [[4.2569, 0.0], [8.5399, 0.0], [12.5373, 0.0], [16.8202, -0.1305], [69.6432, -0.1305], [29.9546, -16.5798]]]",4.6557,0.0,0.0,0.0,0.0,0.0,0.0,True,"[1, 1, 1]",0.0,0.0,0.0,1.5396,4.0,0.922,1.8243,2.6958,0.6953,1.1581,1.5396,"[[4.257, 0.0], [8.54, 0.0], [12.537, 0.0], [16.82, -0.131], [20.532, -0.131], [24.815, -0.131]]",ok,12.3264,0.0,0.0,0.0,0.0,0.0,0.0,0.0,0.0,0.0,47d74378d3e04fa6bb3132928c0f9fa4,scene-0092,42
1.7691,2.1335,1.7668,1.5358,1.7728,1.8162,0.0,0.0,0.0,0.0,0.0,0.0,0.0,0.0,0.0,ok,straight,1.7691,2.1335,0.3593,1.5358,1.7728,1.5359,True,"[-0.0, -0.1305, -0.1305, -0.3916]","[-42.5415, -16.0343, -3295.7371, -721181.5039]","[3.0118, 2.0942, -1003294.4532, -1721180.22]","[1.536, 1.816, 2.431, 11.201]","[[[4.2569, 0.0], [8.5399, -0.1305], [12.5373, -0.1305], [16.8202, -0.1305], [20.5321, 0.0], [22.8163, 0.0]], [[4.2569, 0.0], [8.5399, -0.1305], [12.5373, -0.1305], [16.8202, -0.1305], [20.8176, -0.1305], [24.8151, -0.2611]], [[4.2569, 0.0], [8.5399, -0.1305], [12.5373, -0.1305], [16.8202, -0.1305], [21.9598, 0.5222], [18.8189, -0.2611]], [[4.2569, 0.0], [8.5399, -0.1305], [12.5373, -0.1305], [16.8202, -0.1305], [69.6432, -0.2611], [32.2388, 0.7833]]]",4.0285,0.0,0.0,0.0,0.0,0.0,0.0,True,"[1, 1, 1]",0.0,0.0,0.0,1.5359,4.0,1.7691,2.1335,0.3593,1.5358,1.7728,1.5359,"[[4.257, 0.0], [8.54, -0.131], [12.537, -0.131], [16.82, -0.131], [20.532, 0.0], [22.816, 0.0]]",ok,11.2009,0.0,0.0,0.0,0.0,0.0,0.0,0.0,0.0,0.0,a9e6b3566fcd4effb8847e22a2a4577e,scene-0092,42
2.1746,3.6293,6.6966,1.7768,2.4512,3.5741,0.0,0.0,0.0,0.0,0.0,0.0,0.0,0.0,0.0,ok,right,1.0364,3.6293,6.6966,0.7801,1.9528,3.3315,True,"[0.1305, 0.1305, 0.0653, 0.0653]","[-163.0905, -4643.7081, -5785.1941, -8468.5224]","[4.5739, -1004641.6693, -1005783.1553, -1008466.4837]","[3.332, 2.668, 2.828, 4.89]","[[[2.5437, 0.0], [4.828, -0.2611], [5.9701, -0.1305], [7.6833, -0.1305], [8.5399, -0.2611], [10.253, -0.2611]], [[2.5437, 0.0], [4.828, -0.2611], [5.9701, -0.1305], [7.6833, -0.1305], [13.1083, -0.6527], [10.253, -0.2611]], [[2.5437, 0.0], [4.828, -0.2611], [5.9701, -0.1305], [7.6833, -0.1305], [13.1083, -0.7833], [9.1109, -0.1305]], [[2.5437, 0.0], [4.828, -0.2611], [5.9701, -0.1305], [7.6833, -0.1305], [2.5437, 0.0], [6.5412, -0.1305]]]",0.8784,0.0,0.0,0.0,0.0,0.0,0.0,True,"[1, 1, 1]",0.0,0.0,0.0,2.6677,4.0,1.0364,3.6293,6.6966,0.7801,1.9528,2.6677,"[[2.544, 0.0], [4.828, -0.261], [5.97, -0.131], [7.683, -0.131], [8.54, -0.261], [10.253, -0.261]]",ok,4.8905,0.0,0.0,0.0,0.0,0.0,0.0,0.0,0.0,0.0,6e0955c28ecb405b98d91b089761dbbb,scene-0093,42
0.9095,0.3214,1.6055,0.8889,0.731,0.8238,0.0,0.0,0.0,0.0,0.0,0.0,0.0,0.0,0.0,ok,straight,0.9095,0.3214,2.6535,0.8889,0.731,1.2384,False,"[-0.1958, -0.5875, -0.3264, -0.0653]","[-63.0876, -84.5541, -3860.0359, -890232.5629]","[3.3758, 1.3473, -1003857.7479, -1890230.2749]","[1.238, 0.759, 1.235, 9.281]","[[[3.6858, -0.1305], [7.3977, -0.1305], [11.1096, -0.2611], [14.2505, -0.5222], [16.8202, -0.5222], [20.5321, -0.3916]], [[3.6858, -0.1305], [7.3977, -0.1305], [11.1096, -0.2611], [14.2505, -0.5222], [18.2479, -1.0444], [21.6742, -1.1749]], [[3.6858, -0.1305], [7.3977, -0.1305], [11.1096, -0.2611], [14.2505, -0.5222], [21.9598, -1.436], [23.3874, -0.6527]], [[3.6858, -0.1305], [7.3977, -0.1305], [11.1096, -0.2611], [14.2505, -0.5222], [69.6432, -0.5222], [23.6729, -0.1305]]]",3.5577,0.0,0.0,0.0,0.0,0.0,0.0,True,"[1, 1, 1]",0.0,0.0,0.0,0.7587,4.0,0.9095,0.3214,1.2927,0.8889,0.731,0.7587,"[[3.686, -0.131], [7.398, -0.131], [11.11, -0.261], [14.25, -0.522], [16.82, -0.522], [20.532, -0.392]]",ok,9.2812,0.0,0.0,0.0,0.0,0.0,0.0,0.0,0.0,0.0,7a903ae4cbb0466093fc117258a31efc,scene-0093,42
0.8541,2.7897,4.6988,0.8148,1.4212,2.2959,0.0,0.0,0.0,0.0,0.0,0.0,0.0,0.0,0.0,ok,straight,1.7141,2.7897,4.6988,1.8152,1.9214,2.676,False,"[-0.1305, -0.1305, -0.3264, -0.0653]","[-180.2624, -299.0542, -823886.7652, -912467.35]","[4.8265, 4.8262, -1823883.2697, -1912463.8544]","[2.676, 2.534, 9.542, 10.732]","[[[3.1148, 0.0], [7.3977, 0.0], [12.5373, -0.1305], [16.2492, -0.1305], [20.5321, -0.2611], [24.5295, -0.2611]], [[3.1148, 0.0], [7.3977, 0.0], [12.5373, -0.1305], [16.2492, -0.1305], [21.1032, -0.1305], [24.8151, -0.2611]], [[3.1148, 0.0], [7.3977, 0.0], [12.5373, -0.1305], [16.2492, -0.1305], [69.6432, -0.5222], [25.1006, -0.6527]], [[3.1148, 0.0], [7.3977, 0.0], [12.5373, -0.1305], [16.2492, -0.1305], [69.6432, -0.1305], [17.9623, -0.1305]]]",3.7898,0.0,0.0,0.0,0.0,0.0,0.0,True,"[1, 1, 1]",0.0,0.0,0.0,2.5343,4.0,1.7141,2.7897,4.4135,1.8152,1.9214,2.5343,"[[3.115, 0.0], [7.398, 0.0], [12.537, -0.131], [16.249, -0.131], [20.532, -0.261], [24.53, -0.261]]",ok,10.7322,0.0,0.0,0.0,0.0,0.0,0.0,0.0,0.0,0.0,349fc724f9d84aeca8afe4af49d05986,scene-0093,42
7.6537,14.4375,22.1082,5.8229,9.1683,12.8876,0.0,0.0,0.0,0.0,0.0,0.0,0.0,0.0,0.0,ok,straight,7.6537,14.152,22.1082,5.8229,9.0969,12.7449,True,"[-0.0653, -0.0, -0.0653, -0.4569]","[-5.4719, -863.226, -2107.549, -93383.2867]","[4.0804, -1000860.1983, -1002104.5213, -1093380.259]","[12.745, 11.793, 12.746, 9.675]","[[[2.2582, 0.0], [4.2569, 0.0], [5.9701, -0.1305], [7.6833, -0.1305], [9.1109, -0.1305], [10.253, -0.1305]], [[2.2582, 0.0], [4.2569, 0.0], [5.9701, -0.1305], [7.6833, -0.1305], [11.9662, -0.2611], [13.1083, 0.0]], [[2.2582, 0.0], [4.2569, 0.0], [5.9701, -0.1305], [7.6833, -0.1305], [11.1096, -0.6527], [8.2543, -0.1305]], [[2.2582, 0.0], [4.2569, 0.0], [5.9701, -0.1305], [7.6833, -0.1305], [26.8138, -2.611], [13.1083, 0.9138]]]",1.2539,0.0,0.0,0.0,0.0,0.0,0.0,True,"[1, 1, 1]",0.0,0.0,0.0,9.6747,4.0,7.6537,14.152,19.291,5.8229,9.0969,9.6747,"[[2.258, 0.0], [4.257, 0.0], [5.97, -0.131], [7.683, -0.131], [9.111, -0.131], [10.253, -0.131]]",ok,12.7456,0.0,0.0,0.0,0.0,0.0,0.0,0.0,0.0,0.0,11514e9bc4184a1f8bcdc1fe7aafad2d,scene-0093,42
2.1254,2.9421,4.8582,1.6162,2.3435,3.0043,0.0,0.0,0.0,0.0,0.0,0.0,0.0,0.0,0.0,ok,straight,2.1257,0.1705,8.571,1.9018,1.5792,2.9709,True,"[-0.0653, -0.1305, -0.1305, -0.0]","[-1095.0158, -2580.7527, -30973.6537, -112214.0618]","[-1001091.2135, -1002576.9504, -1030969.8513, -1112210.2595]","[2.971, 2.638, 3.97, 8.117]","[[[3.6858, 0.0], [8.5399, 0.0], [13.3939, -0.1305], [19.6755, 0.0], [21.6742, -0.1305], [20.8176, -0.1305]], [[3.6858, 0.0], [8.5399, 0.0], [13.3939, -0.1305], [19.6755, 0.0], [20.5321, -0.1305], [23.9585, -0.2611]], [[3.6858, 0.0], [8.5399, 0.0], [13.3939, -0.1305], [19.6755, 0.0], [13.1083, -0.1305], [23.3874, -0.2611]], [[3.6858, 0.0], [8.5399, 0.0], [13.3939, -0.1305], [19.6755, 0.0], [22.5308, -0.6527], [69.6432, 0.0]]]",2.1879,0.0,0.0,0.0,0.0,0.0,0.0,False,"[1, 1, 1]",0.0,0.0,0.0,2.6376,4.0,2.1257,0.1705,5.4292,1.9018,1.5792,2.6376,"[[3.686, 0.0], [8.54, 0.0], [13.394, -0.131], [19.676, 0.0], [21.674, -0.131], [20.818, -0.131]]",ok,8.1171,0.0,0.0,0.0,0.0,0.0,0.0,0.0,0.0,0.0,19ffc60b7e9f429cbca0dbd5e2fc2e03,scene-0094,42
0.6963,1.4234,2.9609,0.5331,0.9261,1.4786,0.0,0.0,0.0,0.0,0.0,0.0,0.0,0.0,0.0,ok,straight,0.6963,1.9944,2.1082,0.5331,1.0689,1.1929,True,"[-0.0, -0.1305, -0.1305, -0.0653]","[-330.1477, -34.5321, -62.0939, -58068.7751]","[4.3186, 1.9183, 1.9172, -1058066.5339]","[1.193, 1.121, 1.195, 4.287]","[[[4.2569, 0.0], [8.5399, -0.1305], [12.5373, -0.1305], [16.2492, -0.1305], [21.3887, -0.1305], [24.244, 0.0]], [[4.2569, 0.0], [8.5399, -0.1305], [12.5373, -0.1305], [16.2492, -0.1305], [20.5321, 0.2611], [25.6716, 0.2611]], [[4.2569, 0.0], [8.5399, -0.1305], [12.5373, -0.1305], [16.2492, -0.1305], [20.8176, -0.2611], [24.8151, -0.2611]], [[4.2569, 0.0], [8.5399, -0.1305], [12.5373, -0.1305], [16.2492, -0.1305], [5.6846, 0.3916], [21.3887, -0.1305]]]",1.3501,0.0,0.0,0.0,0.0,0.0,0.0,True,"[1, 1, 1]",0.0,0.0,0.0,1.1212,4.0,0.6963,1.9944,0.7803,0.5331,1.0689,1.1212,"[[4.257, 0.0], [8.54, -0.131], [12.537, -0.131], [16.249, -0.131], [21.389, -0.131], [24.244, 0.0]]",ok,4.2867,0.0,0.0,0.0,0.0,0.0,0.0,0.0,0.0,0.0,ac22e12d11f84b6a98faa260bdaa64ff,scene-0094,42
0.7688,2.134,6.3582,0.5725,1.2316,2.4858,0.0,0.0,0.0,0.0,0.0,0.0,0.0,0.0,0.0,ok,straight,0.7688,2.134,5.2164,0.5725,1.2316,2.2955,True,"[-0.1305, -0.0653, -0.1958, -8.2899]","[-54.9364, -2658.6, -6889.0162, -986720.7018]","[4.0228, -1002655.7392, -1006886.1554, -1986717.841]","[2.295, 3.58, 3.058, 12.775]","[[[3.6858, 0.0], [7.3977, -0.1305], [11.1096, -0.1305], [14.2505, -0.1305], [18.2479, -0.1305], [22.2453, -0.2611]], [[3.6858, 0.0], [7.3977, -0.1305], [11.1096, -0.1305], [14.2505, -0.1305], [22.2453, -0.1305], [25.9572, -0.1305]], [[3.6858, 0.0], [7.3977, -0.1305], [11.1096, -0.1305], [14.2505, -0.1305], [22.8163, -0.1305], [22.2453, -0.3916]], [[3.6858, 0.0], [7.3977, -0.1305], [11.1096, -0.1305], [14.2505, -0.1305], [69.6432, 0.0], [17.3913, 16.5798]]]",4.267,0.0,0.0,0.0,0.0,0.0,0.0,True,"[1, 1, 1]",0.0,0.0,0.0,2.2955,4.0,0.7688,2.134,5.2164,0.5725,1.2316,2.2955,"[[3.686, 0.0], [7.398, -0.131], [11.11, -0.131], [14.25, -0.131], [18.248, -0.131], [22.245, -0.261]]",ok,12.7752,0.0,0.0,0.0,0.0,0.0,0.0,0.0,0.0,0.0,894616d89edf41b8bbfd542a150e8fbd,scene-0094,42
1.9936,4.6293,6.9178,1.5077,2.8405,3.9973,0.0,0.0,0.0,0.0,0.0,0.0,0.0,0.0,0.0,ok,straight,1.9936,4.6293,6.9178,1.5077,2.8405,3.9973,False,"[-0.0, -0.1305, -0.1958, -0.2611]","[-58.9952, -501.6757, -850.3549, -1629.2621]","[5.6919, -1000498.7246, -1000847.4038, -1001626.311]","[3.997, 2.339, 5.236, 4.238]","[[[2.2582, 0.0], [4.2569, 0.0], [6.8267, 0.0], [8.5399, 0.0], [10.253, 0.0], [11.9662, 0.0]], [[2.2582, 0.0], [4.2569, 0.0], [6.8267, 0.0], [8.5399, 0.0], [6.8267, 0.0], [4.828, 0.2611]], [[2.2582, 0.0], [4.2569, 0.0], [6.8267, 0.0], [8.5399, 0.0], [11.1096, 0.0], [18.5334, 0.3916]], [[2.2582, 0.0], [4.2569, 0.0], [6.8267, 0.0], [8.5399, 0.0], [8.8254, 0.0], [14.8215, 0.5222]]]",1.0408,0.0,0.0,0.0,0.0,0.0,0.0,True,"[1, 1, 1]",0.0,0.0,0.0,2.3394,4.0,1.9936,4.6293,0.3961,1.5077,2.8405,2.3394,"[[2.258, 0.0], [4.257, 0.0], [6.827, 0.0], [8.54, 0.0], [10.253, 0.0], [11.966, 0.0]]",ok,5.2359,0.0,0.0,1.0,0.0,0.0,1.0,0.0,0.0,0.16666666666666666,5e75205506604b6a992c08ce91a92d22,scene-0094,42
1.1161,2.5437,3.4003,0.6878,1.4016,1.9251,0.0,0.0,0.0,0.0,0.0,0.0,0.0,0.0,0.0,ok,straight,1.1161,2.8293,3.4003,0.6878,1.6158,2.0678,False,"[-0.0, -0.2611, -0.0, -0.0]","[-87.4824, -583.7937, -1444.9632, -1784.5205]","[4.8871, 1.8413, -1001441.9706, -1001781.5279]","[2.068, 3.308, 2.333, 3.306]","[[[0.2595, 0.0], [1.1161, 0.0], [2.2582, 0.0], [2.8293, 0.0], [2.5437, 0.0], [3.4003, 0.0]], [[0.2595, 0.0], [1.1161, 0.0], [2.2582, 0.0], [2.8293, 0.0], [5.9701, -0.1305], [7.3977, 0.5222]], [[0.2595, 0.0], [1.1161, 0.0], [2.2582, 0.0], [2.8293, 0.0], [3.4003, -2.3499], [3.4003, 0.0]], [[0.2595, 0.0], [1.1161, 0.0], [2.2582, 0.0], [2.8293, 0.0], [6.8267, 0.2611], [6.5412, 0.0]]]",0.5613,0.0,0.0,0.0,0.0,0.0,0.0,True,"[1, 1, 1]",0.0,0.0,0.0,2.0678,4.0,1.1161,2.8293,3.4003,0.6878,1.6158,2.0678,"[[0.259, 0.0], [1.116, 0.0], [2.258, 0.0], [2.829, 0.0], [2.544, 0.0], [3.4, 0.0]]",ok,3.3084,0.0,1.0,1.0,0.0,1.0,1.0,0.0,0.5,0.6666666666666666,78be3bd5f1f146cdb1b7120bbf8a218c,scene-0095,42
1.1161,2.5437,3.4003,0.6878,1.4016,2.0678,0.0,0.0,0.0,0.0,0.0,0.0,0.0,0.0,0.0,ok,straight,1.1161,2.5437,3.4003,0.6878,1.4016,2.0678,False,"[-0.0, -0.0, -0.0, -0.0]","[-34.7372, -48.7723, -873.9469, -894.4067]","[3.0534, 3.02, -1000871.9099, -1000892.3698]","[2.068, 2.021, 2.686, 1.449]","[[[0.2595, 0.0], [1.1161, 0.0], [1.6871, 0.0], [2.5437, 0.0], [3.4003, 0.0], [3.4003, 0.0]], [[0.2595, 0.0], [1.1161, 0.0], [1.6871, 0.0], [2.5437, 0.0], [3.4003, 0.1305], [3.1148, 0.0]], [[0.2595, 0.0], [1.1161, 0.0], [1.6871, 0.0], [2.5437, 0.0], [2.8293, 0.0], [7.6833, 0.0]], [[0.2595, 0.0], [1.1161, 0.0], [1.6871, 0.0], [2.5437, 0.0], [0.8306, 0.0], [2.2582, 0.0]]]",0.4379,0.0,0.0,0.0,0.0,0.0,0.0,True,"[1, 1, 1]",0.0,0.0,0.0,1.4492,4.0,1.1161,2.5437,2.2582,0.6878,1.4016,1.4492,"[[0.259, 0.0], [1.116, 0.0], [1.687, 0.0], [2.544, 0.0], [3.4, 0.0], [3.4, 0.0]]",ok,2.6865,0.0,1.0,1.0,0.0,1.0,1.0,0.0,0.5,0.6666666666666666,ff98be19bcf9436cad14f28ff63cb501,scene-0095,42
1.6871,3.1148,3.6858,1.2588,1.9727,2.4961,0.0,0.0,0.0,0.0,0.0,0.0,0.0,0.0,0.0,ok,straight,1.6871,2.8293,3.6858,1.2588,1.9013,2.4486,True,"[-0.0, -0.3264, -0.0653, -0.0]","[-4.686, -43.4796, -1248.2109, -1291.0526]","[3.5223, 1.0347, -1001246.4467, -1001289.2885]","[2.449, 2.552, 2.544, 3.258]","[[[0.8306, 0.0], [1.6871, 0.0], [2.2582, 0.0], [2.8293, 0.0], [3.4003, 0.0], [3.6858, 0.0]], [[0.8306, 0.0], [1.6871, 0.0], [2.2582, 0.0], [2.8293, 0.0], [3.1148, -0.1305], [4.5424, -0.6527]], [[0.8306, 0.0], [1.6871, 0.0], [2.2582, 0.0], [2.8293, 0.0], [5.1135, 0.0], [2.5437, -0.1305]], [[0.8306, 0.0], [1.6871, 0.0], [2.2582, 0.0], [2.8293, 0.0], [6.2556, -0.1305], [5.6846, 0.0]]]",0.3242,0.0,0.0,0.0,0.0,0.0,0.0,True,"[1, 1, 1]",0.0,0.0,0.0,2.4486,4.0,1.6871,2.8293,3.6858,1.2588,1.9013,2.4486,"[[0.831, 0.0], [1.687, 0.0], [2.258, 0.0], [2.829, 0.0], [3.4, 0.0], [3.686, 0.0]]",ok,3.2578,0.0,1.0,1.0,0.0,1.0,1.0,0.0,0.5,0.6666666666666666,4b6fcdc1549847c395d07fefcbdc16eb,scene-0095,42
1.1161,2.5394,3.4139,0.9733,1.6147,2.1828,0.0,0.0,0.0,0.0,0.0,0.0,0.0,0.0,0.0,ok,straight,1.1161,2.825,2.8428,0.9733,1.6861,2.1353,True,"[-0.0, -0.0, -0.0, -0.0]","[-31.0554, -43.578, -320.7281, -1192.3967]","[1.9336, 1.9072, 1.322, -1001191.2356]","[2.135, 2.944, 1.613, 1.755]","[[[0.8306, 0.0], [1.1161, 0.0], [1.9727, 0.0], [2.8293, 0.0], [3.4003, 0.0], [3.4003, 0.0]], [[0.8306, 0.0], [1.1161, 0.0], [1.9727, 0.0], [2.8293, 0.0], [4.5424, 0.0], [7.1122, 0.0]], [[0.8306, 0.0], [1.1161, 0.0], [1.9727, 0.0], [2.8293, 0.0], [1.6871, 0.1305], [1.9727, 0.0]], [[0.8306, 0.0], [1.1161, 0.0], [1.9727, 0.0], [2.8293, 0.0], [1.1161, 0.0], [3.4003, 0.0]]]",0.5173,0.0,0.0,0.0,0.0,0.0,0.0,True,"[1, 1, 1]",0.0,0.0,0.0,1.6127,4.0,1.1161,2.825,1.4152,0.9733,1.6861,1.6127,"[[0.831, 0.0], [1.116, 0.0], [1.973, 0.0], [2.829, 0.0], [3.4, 0.0], [3.4, 0.0]]",ok,2.9443,0.0,0.0,0.0,0.0,0.0,0.0,0.0,0.0,0.0,65c8d9839556423b87a4edffb70b434a,scene-0095,42
1.1382,0.1038,2.4227,0.7781,0.6698,0.8859,0.0,0.0,0.0,0.0,0.0,0.0,0.0,0.0,0.0,ok,straight,1.1382,0.2883,0.7183,0.7781,0.7159,0.6791,True,"[-0.0653, -0.0653, -0.0, -0.0653]","[-63.6242, -120.9667, -4667.7327, -38649.0257]","[2.5794, 2.5759, -1004665.2456, -1038646.5386]","[0.679, 0.899, 1.534, 2.583]","[[[1.6871, 0.0], [3.6858, 0.0], [5.399, 0.0], [6.8267, -0.1305], [9.3964, 0.0], [12.2517, -0.1305]], [[1.6871, 0.0], [3.6858, 0.0], [5.399, 0.0], [6.8267, -0.1305], [8.8254, -0.1305], [9.1109, -0.1305]], [[1.6871, 0.0], [3.6858, 0.0], [5.399, 0.0], [6.8267, -0.1305], [11.6807, -0.1305], [7.9688, 0.0]], [[1.6871, 0.0], [3.6858, 0.0], [5.399, 0.0], [6.8267, -0.1305], [19.1045, -0.2611], [9.1109, 0.1305]]]",0.7394,0.0,0.0,0.0,0.0,0.0,0.0,True,"[1, 1, 1]",0.0,0.0,0.0,0.6791,4.0,1.1382,0.2883,0.7183,0.7781,0.7159,0.6791,"[[1.687, 0.0], [3.686, 0.0], [5.399, 0.0], [6.827, -0.131], [9.396, 0.0], [12.252, -0.131]]",ok,2.5834,0.0,0.0,0.0,0.0,0.0,0.0,0.0,0.0,0.0,f9475d1f1f96401c81ce511a93578a96,scene-0096,42
3.6592,8.3942,14.3307,2.7856,5.0167,7.5915,0.0,0.0,0.0,0.0,0.0,0.0,0.0,0.0,0.0,ok,straight,3.6592,8.3942,14.0458,2.7856,5.0167,7.544,True,"[-0.0, -0.7833, -0.1305, -0.5222]","[-16.2355, -678.1165, -1019.5827, -11475.3416]","[5.0402, -1000674.9223, -1001016.3885, -1011472.1474]","[7.544, 7.106, 5.925, 7.255]","[[[1.6871, 0.0], [3.6858, 0.0], [5.9701, 0.0], [7.6833, 0.0], [9.1109, 0.0], [10.5386, 0.0]], [[1.6871, 0.0], [3.6858, 0.0], [5.9701, 0.0], [7.6833, 0.0], [11.1096, -0.2611], [11.3952, -1.5666]], [[1.6871, 0.0], [3.6858, 0.0], [5.9701, 0.0], [7.6833, 0.0], [10.5386, 0.2611], [18.8189, 0.2611]], [[1.6871, 0.0], [3.6858, 0.0], [5.9701, 0.0], [7.6833, 0.0], [5.1135, -0.2611], [16.2492, 1.0444]]]",0.6166,0.0,0.0,0.0,0.0,0.0,0.0,True,"[1, 1, 1]",0.0,0.0,0.0,5.925,4.0,3.6592,8.3942,5.7712,2.7856,5.0167,5.925,"[[1.687, 0.0], [3.686, 0.0], [5.97, 0.0], [7.683, 0.0], [9.111, 0.0], [10.539, 0.0]]",ok,7.544,0.0,0.0,0.0,0.0,0.0,0.0,0.0,0.0,0.0,d8ff67e7cda741f0ac2d7525dd26d208,scene-0096,42
3.1539,6.7475,10.1029,2.4237,4.1549,6.0008,0.0,0.0,0.0,0.0,0.0,0.0,0.0,0.0,0.0,ok,straight,3.1539,6.7475,10.1029,2.4237,4.2262,5.9057,True,"[-0.0, -0.0653, -0.1958, -0.3264]","[-71.452, -470.5513, -741.6642, -960043.4504]","[5.2158, 4.694, 3.6519, -1960039.9846]","[5.906, 7.235, 6.559, 11.567]","[[[3.1148, 0.0], [6.5412, 0.0], [9.1109, 0.0], [12.2517, 0.0], [15.107, 0.0], [17.9623, 0.0]], [[3.1148, 0.0], [6.5412, 0.0], [9.1109, 0.0], [12.2517, 0.0], [12.5373, -0.2611], [12.5373, -0.1305]], [[3.1148, 0.0], [6.5412, 0.0], [9.1109, 0.0], [12.2517, 0.0], [13.6794, 1.5666], [15.6781, 0.3916]], [[3.1148, 0.0], [6.5412, 0.0], [9.1109, 0.0], [12.2517, 0.0], [69.6432, -0.2611], [21.6742, -0.6527]]]",2.2157,0.0,0.0,0.0,0.0,0.0,0.0,True,"[1, 1, 1]",0.0,0.0,0.0,5.9057,4.0,3.1539,6.7475,10.1029,2.4237,4.2262,5.9057,"[[3.115, 0.0], [6.541, 0.0], [9.111, 0.0], [12.252, 0.0], [15.107, 0.0], [17.962, 0.0]]",ok,11.5671,0.0,0.0,0.0,0.0,0.0,0.0,0.0,0.0,0.0,9be682790a634b91b334b633fa43010a,scene-0096,42
1.1597,1.4542,2.2829,1.0018,1.1789,1.3765,0.0,0.0,0.0,0.0,0.0,0.0,0.0,0.0,0.0,ok,straight,1.1597,1.4542,2.2829,1.0018,1.1789,1.3765,False,"[-0.0653, -0.0653, -0.0, -0.9791]","[-103.3267, -738.4401, -1644.9454, -5192.2531]","[4.648, -1000735.238, -1001641.7433, -1005189.051]","[1.376, 2.147, 1.056, 1.973]","[[[3.1148, 0.0], [6.5412, 0.0], [9.9675, -0.1305], [12.8228, -0.1305], [16.2492, -0.1305], [18.2479, -0.1305]], [[3.1148, 0.0], [6.5412, 0.0], [9.9675, -0.1305], [12.8228, -0.1305], [13.3939, -0.7833], [16.5347, 0.1305]], [[3.1148, 0.0], [6.5412, 0.0], [9.9675, -0.1305], [12.8228, -0.1305], [18.8189, 0.2611], [20.5321, 0.0]], [[3.1148, 0.0], [6.5412, 0.0], [9.9675, -0.1305], [12.8228, -0.1305], [12.8228, -0.1305], [22.2453, -1.9582]]]",0.4409,0.0,0.0,0.0,0.0,0.0,0.0,True,"[1, 1, 1]",0.0,0.0,0.0,1.0562,4.0,1.1597,1.4542,0.2296,1.0018,1.1789,1.0562,"[[3.115, 0.0], [6.541, 0.0], [9.968, -0.131], [12.823, -0.131], [16.249, -0.131], [18.248, -0.131]]",ok,2.1466,0.0,0.0,0.0,0.0,0.0,0.0,0.0,0.0,0.0,1f94fe5edf784708b55707a1a7754fb9,scene-0096,42
0.026,0.026,0.026,0.026,0.026,0.026,0.0,0.0,0.0,0.0,0.0,0.0,0.0,0.0,0.0,ok,straight,0.026,0.026,0.026,0.026,0.026,0.026,False,"[-0.0, -0.0, -0.0, -0.0653]","[-0.013, -47.7554, -52.9395, -162.5934]","[4.2911, 3.4895, 3.4024, -0.7481]","[0.026, 0.342, 0.818, 0.58]","[[[-0.026, 0.0], [-0.026, 0.0], [-0.026, 0.0], [-0.026, 0.0], [-0.026, 0.0], [-0.026, 0.0]], [[-0.026, 0.0], [-0.026, 0.0], [-0.026, 0.0], [-0.026, 0.0], [0.8306, 0.0], [1.1161, 0.0]], [[-0.026, 0.0], [-0.026, 0.0], [-0.026, 0.0], [-0.026, 0.0], [1.4016, 0.0], [3.4003, 0.0]], [[-0.026, 0.0], [-0.026, 0.0], [-0.026, 0.0], [-0.026, 0.0], [0.2595, 0.0], [3.1148, -0.1305]]]",0.293,0.0,0.0,0.0,0.0,0.0,0.0,True,"[1, 1, 1]",0.0,0.0,0.0,0.026,4.0,0.026,0.026,0.026,0.026,0.026,0.026,"[[-0.026, 0.0], [-0.026, 0.0], [-0.026, 0.0], [-0.026, 0.0], [-0.026, 0.0], [-0.026, 0.0]]",ok,0.8177,0.0,1.0,1.0,0.0,1.0,1.0,0.0,0.5,0.6666666666666666,1c81b06c812b47788462c31f58b6c1d0,scene-0097,42
0.026,0.849,0.2997,0.026,0.4965,0.4589,0.0,0.0,0.0,0.0,0.0,0.0,0.0,0.0,0.0,ok,straight,0.026,0.5635,0.2997,0.026,0.2824,0.3162,True,"[-0.0, -0.0, -0.0, -0.0]","[-20.6691, -243.1427, -194045.9817, -1588713.5655]","[2.4028, 2.4025, -1194044.2495, -2588711.8333]","[0.316, 0.502, 12.304, 11.876]","[[[-0.026, 0.0], [-0.026, 0.0], [0.545, 0.0], [0.8306, 0.0], [1.1161, 0.0], [1.1161, 0.0]], [[-0.026, 0.0], [-0.026, 0.0], [0.545, 0.0], [0.8306, 0.0], [2.2582, 0.0], [1.6871, 0.0]], [[-0.026, 0.0], [-0.026, 0.0], [0.545, 0.0], [0.8306, 0.0], [5.1135, 0.0], [69.6432, 0.0]], [[-0.026, 0.0], [-0.026, 0.0], [0.545, 0.0], [0.8306, 0.0], [69.6432, 0.6527], [2.5437, 0.0]]]",5.8427,0.0,0.0,0.0,0.0,0.0,0.0,True,"[1, 1, 1]",0.0,0.0,0.0,0.3162,4.0,0.026,0.5635,0.2997,0.026,0.2824,0.3162,"[[-0.026, 0.0], [-0.026, 0.0], [0.545, 0.0], [0.831, 0.0], [1.116, 0.0], [1.116, 0.0]]",ok,12.3037,0.0,0.0,0.0,0.0,0.0,0.0,0.0,0.0,0.0,4cd53db3b63b42caba9e8f6a6ea70eae,scene-0097,42
1.1061,2.836,6.7359,0.6388,1.4599,2.7857,0.0,0.0,0.0,0.0,0.0,0.0,0.0,0.0,0.0,ok,straight,1.1061,2.836,6.7359,0.6388,1.4599,2.7857,False,"[-0.0653, -0.0653, -0.2611, -0.0653]","[-61.8042, -1134.6609, -2066.2241, -4541.4709]","[4.8941, -1001131.4855, -1002063.0488, -1004538.2955]","[2.786, 2.315, 1.972, 2.548]","[[[1.6871, 0.0], [2.8293, 0.0], [4.5424, 0.0], [5.9701, 0.0], [7.3977, -0.1305], [7.6833, -0.1305]], [[1.6871, 0.0], [2.8293, 0.0], [4.5424, 0.0], [5.9701, 0.0], [9.3964, 0.1305], [8.5399, 0.1305]], [[1.6871, 0.0], [2.8293, 0.0], [4.5424, 0.0], [5.9701, 0.0], [7.6833, -0.1305], [16.5347, -0.5222]], [[1.6871, 0.0], [2.8293, 0.0], [4.5424, 0.0], [5.9701, 0.0], [4.5424, 0.0], [11.9662, -0.1305]]]",0.3005,0.0,0.0,0.0,0.0,0.0,0.0,True,"[1, 1, 1]",0.0,0.0,0.0,1.9718,4.0,1.1061,2.836,2.1381,0.6388,1.4599,1.9718,"[[1.687, 0.0], [2.829, 0.0], [4.542, 0.0], [5.97, 0.0], [7.398, -0.131], [7.683, -0.131]]",ok,2.7857,0.0,0.0,0.0,0.0,0.0,0.0,0.0,0.0,0.0,b3d9bac351554cc98cdafe751f3d437a,scene-0097,42
2.0293,5.299,8.748,1.4811,3.1081,4.8253,0.0,0.0,0.0,0.0,0.0,0.0,0.0,0.0,0.0,ok,straight,2.0293,7.0122,8.7446,1.4811,3.465,5.1138,False,"[-0.0, -0.0653, -0.9138, -0.0]","[-359.7572, -505.4886, -945.2487, -14344.8117]","[4.0979, 3.9048, -1000942.401, -1014341.9639]","[5.114, 5.206, 5.389, 5.064]","[[[3.1148, 0.0], [6.2556, 0.0], [8.8254, 0.0], [10.253, 0.0], [13.9649, -0.5222], [18.2479, 0.0]], [[3.1148, 0.0], [6.2556, 0.0], [8.8254, 0.0], [10.253, 0.0], [14.2505, -0.1305], [17.3913, -0.1305]], [[3.1148, 0.0], [6.2556, 0.0], [8.8254, 0.0], [10.253, 0.0], [12.8228, 0.9138], [17.9623, -1.8277]], [[3.1148, 0.0], [6.2556, 0.0], [8.8254, 0.0], [10.253, 0.0], [8.8254, -0.3916], [23.6729, 0.0]]]",0.1241,0.0,0.0,0.0,0.0,0.0,0.0,True,"[1, 1, 1]",0.0,0.0,0.0,5.0641,4.0,2.0293,7.0122,3.3219,1.4811,3.465,5.0641,"[[3.115, 0.0], [6.256, 0.0], [8.825, 0.0], [10.253, 0.0], [13.965, -0.522], [18.248, 0.0]]",ok,5.3893,0.0,0.0,0.0,0.0,0.0,0.0,0.0,0.0,0.0,1808fbc3531c415fb77531c05b2547ae,scene-0097,42
2.7265,6.2988,11.1264,1.6108,3.4938,5.5575,0.0,0.0,0.0,0.0,0.0,0.0,0.0,0.0,0.0,ok,straight,1.5625,6.2988,10.5556,1.249,3.3129,5.2942,True,"[-0.1305, -0.3264, -0.1305, -0.1305]","[-4454.233, -8897.1311, -162866.1437, -887905.1785]","[-2012334.7596, -2016777.6577, -2170746.6703, -2895785.7051]","[5.294, 5.341, 10.294, 10.924]","[[[5.1135, 0.0], [11.1096, 0.0], [10.5386, -0.1305], [14.2505, -0.1305], [18.2479, -0.1305], [21.3887, -0.2611]], [[5.1135, 0.0], [11.1096, 0.0], [10.5386, -0.1305], [14.2505, -0.1305], [15.107, -0.1305], [24.244, -0.6527]], [[5.1135, 0.0], [11.1096, 0.0], [10.5386, -0.1305], [14.2505, -0.1305], [15.3926, -0.2611], [69.6432, -0.2611]], [[5.1135, 0.0], [11.1096, 0.0], [10.5386, -0.1305], [14.2505, -0.1305], [69.6432, 0.0], [23.1019, -0.2611]]]",2.6552,0.0,0.0,0.0,0.0,0.0,0.0,False,"[1, 1, 1]",0.0,0.0,0.0,5.2942,4.0,1.5625,6.2988,10.5556,1.249,3.3129,5.2942,"[[5.113, 0.0], [11.11, 0.0], [10.539, -0.131], [14.25, -0.131], [18.248, -0.131], [21.389, -0.261]]",ok,10.9237,0.0,0.0,0.0,0.0,0.0,0.0,0.0,0.0,0.0,c292d90b90ec4dbd826dfd11aa361df1,scene-0098,42
3.4072,8.4151,12.8348,2.1661,4.5141,6.7537,0.0,0.0,0.0,0.0,0.0,0.0,0.0,0.0,0.0,ok,straight,3.4072,8.4151,12.8348,2.1661,4.5141,6.7537,False,"[-0.0653, -0.0653, -0.0653, -0.1305]","[-296.0576, -713.2827, -2439.1327, -440489.5286]","[4.7304, 4.7282, -1002435.5615, -1440485.9573]","[6.754, 6.136, 8.181, 15.969]","[[[3.6858, 0.0], [6.8267, 0.0], [11.1096, 0.0], [14.2505, 0.0], [18.2479, 0.0], [20.8176, -0.1305]], [[3.6858, 0.0], [6.8267, 0.0], [11.1096, 0.0], [14.2505, 0.0], [19.6755, -0.2611], [23.1019, -0.1305]], [[3.6858, 0.0], [6.8267, 0.0], [11.1096, 0.0], [14.2505, 0.0], [17.3913, -0.1305], [13.1083, -0.1305]], [[3.6858, 0.0], [6.8267, 0.0], [11.1096, 0.0], [14.2505, 0.0], [69.6432, -0.1305], [69.6432, -0.2611]]]",3.9438,0.0,0.0,0.0,0.0,0.0,0.0,True,"[1, 1, 1]",0.0,0.0,0.0,6.1358,4.0,3.4072,8.4151,10.5507,2.1661,4.5141,6.1358,"[[3.686, 0.0], [6.827, 0.0], [11.11, 0.0], [14.25, 0.0], [18.248, 0.0], [20.818, -0.131]]",ok,15.9689,0.0,0.0,0.0,0.0,0.0,0.0,0.0,0.0,0.0,16011bbf9d634b099c5ff9a352d26c9e,scene-0098,42
4.4984,7.7664,13.184,3.2163,5.1103,7.4349,0.0,0.0,0.0,0.0,0.0,0.0,0.0,0.0,0.0,ok,straight,6.4967,9.1979,13.1806,4.5016,6.5397,8.3873,False,"[-0.0653, -0.1305, -0.9791, -0.3264]","[-305.9437, -441.1421, -106632.9811, -1041864.555]","[5.0384, 4.8575, -1106629.4557, -2041861.0296]","[8.387, 7.819, 8.203, 13.963]","[[[2.5437, -0.1305], [3.6858, 0.0], [6.8267, -0.2611], [10.8241, -0.3916], [14.2505, -0.1305], [17.3913, -0.1305]], [[2.5437, -0.1305], [3.6858, 0.0], [6.8267, -0.2611], [10.8241, -0.3916], [15.3926, 0.5222], [19.6755, -0.2611]], [[2.5437, -0.1305], [3.6858, 0.0], [6.8267, -0.2611], [10.8241, -0.3916], [20.5321, 16.5798], [25.1006, -1.9582]], [[2.5437, -0.1305], [3.6858, 0.0], [6.8267, -0.2611], [10.8241, -0.3916], [69.6432, -0.6527], [17.3913, -0.6527]]]",2.5313,0.0,0.0,0.0,0.0,0.0,0.0,True,"[1, 1, 1]",0.0,0.0,0.0,7.8188,4.0,6.4967,9.1979,10.9011,4.5016,6.5397,7.8188,"[[2.544, -0.131], [3.686, 0.0], [6.827, -0.261], [10.824, -0.392], [14.25, -0.131], [17.391, -0.131]]",ok,13.9627,0.0,0.0,0.0,0.0,0.0,0.0,0.0,0.0,0.0,1e4b165a3a904717b30f044322edfa14,scene-0098,42
3.3666,7.697,10.2397,2.4512,4.3909,6.0415,0.0,0.0,0.0,0.0,0.0,0.0,0.0,0.0,0.0,ok,straight,2.7987,7.697,10.2397,1.8816,4.1061,5.8516,True,"[-0.1305, -0.3916, -0.0653, -0.0]","[-316.347, -84.5128, -33051.56, -806526.4777]","[5.1297, 3.3741, -1033047.1484, -1806522.0661]","[5.852, 5.997, 5.999, 10.651]","[[[4.828, -0.1305], [8.8254, 0.0], [12.5373, -0.1305], [15.6781, -0.1305], [20.8176, -0.1305], [24.8151, -0.2611]], [[4.828, -0.1305], [8.8254, 0.0], [12.5373, -0.1305], [15.6781, -0.1305], [19.9611, -0.1305], [24.8151, -0.7833]], [[4.828, -0.1305], [8.8254, 0.0], [12.5373, -0.1305], [15.6781, -0.1305], [25.1006, -8.8774], [25.1006, -0.1305]], [[4.828, -0.1305], [8.8254, 0.0], [12.5373, -0.1305], [15.6781, -0.1305], [69.6432, -0.2611], [27.9559, 0.0]]]",2.0368,0.0,0.0,0.0,0.0,0.0,0.0,True,"[1, 1, 1]",0.0,0.0,0.0,5.8516,4.0,2.7987,7.697,10.2397,1.8816,4.1061,5.8516,"[[4.828, -0.131], [8.825, 0.0], [12.537, -0.131], [15.678, -0.131], [20.818, -0.131], [24.815, -0.261]]",ok,10.6511,0.0,0.0,0.0,0.0,0.0,0.0,0.0,0.0,0.0,f5a38abe0b404babb18bca1f0adf60b6,scene-0098,42
0.8951,2.9628,6.1027,0.5915,1.5592,2.8183,0.0,0.0,0.0,0.0,0.0,0.0,0.0,0.0,0.0,ok,straight,0.8951,2.9628,5.8173,0.5915,1.4167,2.6757,True,"[-0.0653, -0.1958, -0.1305, -0.0]","[-49.0906, -3227.0705, -3443.7687, -10272.3987]","[3.424, -1003225.2199, -1003441.9181, -1010270.5481]","[2.676, 3.726, 3.295, 2.343]","[[[3.1148, 0.0], [6.5412, 0.0], [9.3964, -0.1305], [12.8228, -0.1305], [16.2492, -0.1305], [19.1045, -0.1305]], [[3.1148, 0.0], [6.5412, 0.0], [9.3964, -0.1305], [12.8228, -0.1305], [15.3926, -0.3916], [26.2427, -0.3916]], [[3.1148, 0.0], [6.5412, 0.0], [9.3964, -0.1305], [12.8228, -0.1305], [19.6755, 0.1305], [19.39, -0.2611]], [[3.1148, 0.0], [6.5412, 0.0], [9.3964, -0.1305], [12.8228, -0.1305], [10.8241, -0.1305], [20.8176, 0.0]]]",0.5364,0.0,0.0,0.0,0.0,0.0,0.0,True,"[1, 1, 1]",0.0,0.0,0.0,2.3433,4.0,0.8951,2.9628,7.5283,0.5915,1.4167,2.3433,"[[3.115, 0.0], [6.541, 0.0], [9.396, -0.131], [12.823, -0.131], [16.249, -0.131], [19.104, -0.131]]",ok,3.7265,0.0,0.0,0.0,0.0,0.0,0.0,0.0,0.0,0.0,b9db804449d34414ba98868e9034abd3,scene-0099,42
1.5589,2.4809,2.3317,1.2695,1.8112,1.9853,0.0,0.0,0.0,0.0,0.0,0.0,0.0,0.0,0.0,ok,straight,1.5589,1.7397,2.5328,1.2695,1.6259,1.7713,True,"[-0.0, -0.0653, -0.2611, -0.4569]","[-64.5755, -428.7225, -4946.65, -23740.2984]","[4.7572, 4.3545, -1004943.7346, -1023737.383]","[1.771, 1.862, 4.336, 2.61]","[[[2.2582, 0.0], [4.2569, 0.0], [6.5412, 0.0], [7.6833, -0.1305], [8.8254, -0.1305], [9.9675, 0.0]], [[2.2582, 0.0], [4.2569, 0.0], [6.5412, 0.0], [7.6833, -0.1305], [10.253, -0.1305], [10.5386, -0.1305]], [[2.2582, 0.0], [4.2569, 0.0], [6.5412, 0.0], [7.6833, -0.1305], [11.9662, -0.1305], [27.0993, -0.5222]], [[2.2582, 0.0], [4.2569, 0.0], [6.5412, 0.0], [7.6833, -0.1305], [0.545, 0.0], [11.3952, 0.9138]]]",1.0291,0.0,0.0,0.0,0.0,0.0,0.0,True,"[1, 1, 1]",0.0,0.0,0.0,1.7713,4.0,1.5589,1.7397,2.5328,1.2695,1.6259,1.7713,"[[2.258, 0.0], [4.257, 0.0], [6.541, 0.0], [7.683, -0.131], [8.825, -0.131], [9.968, 0.0]]",ok,4.3357,0.0,0.0,0.0,0.0,0.0,0.0,0.0,0.0,0.0,ba6527487d5042b2bd4fb8e503918d29,scene-0099,42
2.3667,4.5594,6.9869,1.4179,2.5348,3.8917,0.0,0.0,0.0,0.0,0.0,0.0,0.0,0.0,0.0,ok,straight,0.6569,5.9883,6.1311,0.5226,2.5872,3.7839,True,"[-0.1305, -0.0653, -0.1305, -0.0653]","[-338.9882, -2091.2611, -5204.7736, -6423.5144]","[3.7931, -1002087.7802, -1005201.2927, -1006420.0335]","[3.784, 2.981, 3.217, 2.928]","[[[3.6858, 0.0], [6.8267, 0.0], [7.9688, -0.1305], [9.1109, 0.0], [12.5373, -0.1305], [16.2492, -0.2611]], [[3.6858, 0.0], [6.8267, 0.0], [7.9688, -0.1305], [9.1109, 0.0], [15.107, -0.6527], [18.5334, -0.1305]], [[3.6858, 0.0], [6.8267, 0.0], [7.9688, -0.1305], [9.1109, 0.0], [10.8241, 0.0], [23.3874, -0.2611]], [[3.6858, 0.0], [6.8267, 0.0], [7.9688, -0.1305], [9.1109, 0.0], [16.8202, -0.2611], [17.1058, -0.1305]]]",0.3393,0.0,0.0,0.0,0.0,0.0,0.0,True,"[1, 1, 1]",0.0,0.0,0.0,2.9278,4.0,0.6569,5.9883,5.2737,0.5226,2.5872,2.9278,"[[3.686, 0.0], [6.827, 0.0], [7.969, -0.131], [9.111, 0.0], [12.537, -0.131], [16.249, -0.261]]",ok,3.7839,0.0,0.0,0.0,0.0,0.0,0.0,0.0,0.0,0.0,713882a28f2442098451f77f1362d326,scene-0099,42
2.2874,3.9602,6.7365,1.5529,2.5825,3.8376,0.0,0.0,0.0,0.0,0.0,0.0,0.0,0.0,0.0,ok,straight,2.2874,3.9602,10.4503,1.5529,2.5825,4.5073,False,"[-0.0653, -0.1305, -0.0653, -0.2611]","[-302.8649, -108.1803, -569.3458, -79724.3974]","[4.3646, 3.5537, -1000566.3758, -1079721.4273]","[4.507, 3.695, 3.172, 9.517]","[[[3.1148, 0.0], [5.9701, 0.0], [8.5399, -0.1305], [12.2517, -0.1305], [13.9649, 0.3916], [13.6794, 0.1305]], [[3.1148, 0.0], [5.9701, 0.0], [8.5399, -0.1305], [12.2517, -0.1305], [15.107, -0.1305], [17.3913, -0.2611]], [[3.1148, 0.0], [5.9701, 0.0], [8.5399, -0.1305], [12.2517, -0.1305], [17.1058, -0.1305], [18.5334, 0.1305]], [[3.1148, 0.0], [5.9701, 0.0], [8.5399, -0.1305], [12.2517, -0.1305], [21.3887, -0.5222], [69.6432, -0.5222]]]",2.5246,0.0,0.0,1.0,0.0,0.0,1.0,True,"[1, 1, 1]",0.0,0.0,0.16666666666666666,3.1722,4.0,2.2874,3.9602,5.5991,1.5529,2.5825,3.1722,"[[3.115, 0.0], [5.97, 0.0], [8.54, -0.131], [12.252, -0.131], [13.965, 0.392], [13.679, 0.131]]",ok,9.5172,0.0,0.0,0.0,0.0,0.0,0.0,0.0,0.0,0.0,8ef8d4b6b837492dab9785c3e33d936b,scene-0099,42
2.5437,5.1135,7.3977,1.8299,3.1148,4.3997,0.0,0.0,1.0,0.0,0.0,1.0,0.0,0.0,0.3333333333333333,ok,straight,2.5437,5.1135,7.3977,1.8299,3.1148,4.3997,False,"[-0.0, -1.5666, -1.893, -0.9138]","[-19.3203, -1493.2253, -4678.9451, -7158.11]","[5.3011, -1001490.632, -1004676.3518, -1007155.5166]","[4.4, 5.124, 4.554, 3.538]","[[[1.1161, 0.0], [2.5437, 0.0], [3.6858, 0.0], [5.1135, 0.0], [6.5412, 0.0], [7.3977, 0.0]], [[1.1161, 0.0], [2.5437, 0.0], [3.6858, 0.0], [5.1135, 0.0], [9.1109, 1.1749], [8.5399, 3.1332]], [[1.1161, 0.0], [2.5437, 0.0], [3.6858, 0.0], [5.1135, 0.0], [4.828, -2.0888], [8.8254, 3.7859]], [[1.1161, 0.0], [2.5437, 0.0], [3.6858, 0.0], [5.1135, 0.0], [1.4016, -0.2611], [7.1122, 1.8277]]]",0.568,0.0,0.0,1.0,0.0,0.0,1.0,True,"[1, 1, 1]",0.0,0.0,0.3333333333333333,3.538,4.0,2.5437,5.1135,7.3433,1.8299,3.1148,3.538,"[[1.116, 0.0], [2.544, 0.0], [3.686, 0.0], [5.113, 0.0], [6.541, 0.0], [7.398, 0.0]]",ok,5.1237,0.0,1.0,1.0,0.0,1.0,1.0,0.0,0.5,0.6666666666666666,028a3f3a237e469cb099f6d9c8e7f2f4,scene-0100,42
3.6858,7.6833,9.1119,2.6865,4.5424,5.9227,0.0,1.0,1.0,0.0,1.0,1.0,0.0,0.25,0.5,ok,straight,3.6858,7.6833,9.1119,2.6865,4.5424,6.0654,False,"[-0.0653, -0.3916, -0.4569, -0.9791]","[-161.8982, -887.3914, -1700.1878, -5389.063]","[4.7685, -1000884.7991, -1001697.5955, -1005386.4707]","[6.065, 7.603, 6.369, 5.849]","[[[1.6871, 0.0], [3.6858, 0.0], [5.1135, 0.0], [7.6833, 0.0], [9.1109, 0.0], [9.1109, -0.1305]], [[1.6871, 0.0], [3.6858, 0.0], [5.1135, 0.0], [7.6833, 0.0], [12.5373, -1.3055], [14.8215, -0.7833]], [[1.6871, 0.0], [3.6858, 0.0], [5.1135, 0.0], [7.6833, 0.0], [11.1096, 1.1749], [8.8254, 0.9138]], [[1.6871, 0.0], [3.6858, 0.0], [5.1135, 0.0], [7.6833, 0.0], [5.9701, -1.6971], [10.5386, 1.9582]]]",0.6787,0.0,1.0,1.0,0.0,1.0,1.0,True,"[1, 1, 1]",0.0,0.25,0.5,5.8492,4.0,3.6858,7.6833,10.719,2.6865,4.5424,5.8492,"[[1.687, 0.0], [3.686, 0.0], [5.113, 0.0], [7.683, 0.0], [9.111, 0.0], [9.111, -0.131]]",ok,7.6028,0.0,1.0,1.0,0.0,1.0,1.0,0.0,0.5,0.6666666666666666,30ad11916547467183371af9e1faf298,scene-0100,42
2.5437,5.1135,6.5412,1.8299,3.1148,4.2569,0.0,0.0,1.0,0.0,0.0,1.0,0.0,0.0,0.3333333333333333,ok,straight,2.5437,5.1135,6.5412,1.8299,3.1148,4.1141,True,"[-0.0, -0.0, -0.1305, -0.3264]","[-56.1055, -272.922, -7057.2449, -17556.2462]","[5.047, 5.0165, -1007053.9215, -1017552.9227]","[4.114, 4.313, 9.215, 6.193]","[[[1.1161, 0.0], [2.5437, 0.0], [3.6858, 0.0], [5.1135, 0.0], [5.6846, 0.0], [6.5412, 0.0]], [[1.1161, 0.0], [2.5437, 0.0], [3.6858, 0.0], [5.1135, 0.0], [5.6846, 0.7833], [7.6833, 0.0]], [[1.1161, 0.0], [2.5437, 0.0], [3.6858, 0.0], [5.1135, 0.0], [16.5347, 1.3055], [26.2427, -0.2611]], [[1.1161, 0.0], [2.5437, 0.0], [3.6858, 0.0], [5.1135, 0.0], [11.9662, -6.3969], [11.1096, -0.6527]]]",2.0474,0.0,0.0,1.0,0.0,0.0,1.0,True,"[1, 1, 1]",0.0,0.0,0.16666666666666666,4.1141,4.0,2.5437,5.1135,6.5412,1.8299,3.1148,4.1141,"[[1.116, 0.0], [2.544, 0.0], [3.686, 0.0], [5.113, 0.0], [5.685, 0.0], [6.541, 0.0]]",ok,9.2149,0.0,1.0,1.0,0.0,1.0,1.0,0.0,0.5,0.6666666666666666,fbc2727b0f35414f88d956bc63345af0,scene-0100,42
2.5437,5.9701,7.3977,1.8299,3.3289,4.6852,0.0,0.0,1.0,0.0,0.0,1.0,0.0,0.0,0.3333333333333333,ok,straight,2.5437,5.6846,7.3977,1.8299,3.2576,4.6376,True,"[-0.0, -0.0, -0.718, -8.2899]","[-99.4949, -707.5381, -14324.9531, -14816.6554]","[4.5774, -1000704.6465, -1014322.0615, -1014813.7639]","[4.638, 5.161, 5.837, 6.731]","[[[1.1161, 0.0], [2.5437, 0.0], [3.6858, 0.0], [5.6846, 0.0], [7.3977, 0.0], [7.3977, 0.0]], [[1.1161, 0.0], [2.5437, 0.0], [3.6858, 0.0], [5.6846, 0.0], [9.1109, -0.1305], [8.8254, 0.0]], [[1.1161, 0.0], [2.5437, 0.0], [3.6858, 0.0], [5.6846, 0.0], [3.9714, 0.0], [17.9623, 1.436]], [[1.1161, 0.0], [2.5437, 0.0], [3.6858, 0.0], [5.6846, 0.0], [7.3977, 0.1305], [11.1096, -16.5798]]]",0.7833,0.0,0.0,1.0,0.0,0.0,1.0,True,"[1, 1, 1]",0.0,0.0,0.3333333333333333,4.6376,4.0,2.5437,5.6846,7.3977,1.8299,3.2576,4.6376,"[[1.116, 0.0], [2.544, 0.0], [3.686, 0.0], [5.685, 0.0], [7.398, 0.0], [7.398, 0.0]]",ok,6.7312,0.0,1.0,1.0,0.0,1.0,1.0,0.0,0.5,0.6666666666666666,149f03b275944abc95aa59709a726bff,scene-0100,42
1.1161,2.5437,2.5437,0.6878,1.4016,1.7823,0.0,0.0,0.0,0.0,0.0,0.0,0.0,0.0,0.0,ok,straight,1.1161,2.2582,2.5437,0.6878,1.3302,1.7347,True,"[-0.0, -0.0, -0.0, -0.1305]","[-16.9969, -121.1729, -247.2758, -894.3034]","[3.9647, 3.6597, 3.2904, -1000891.8031]","[1.735, 1.925, 1.308, 1.737]","[[[0.2595, 0.0], [1.1161, 0.0], [1.6871, 0.0], [2.2582, 0.0], [2.5437, 0.0], [2.5437, 0.0]], [[0.2595, 0.0], [1.1161, 0.0], [1.6871, 0.0], [2.2582, 0.0], [2.2582, 0.0], [3.9714, 0.0]], [[0.2595, 0.0], [1.1161, 0.0], [1.6871, 0.0], [2.2582, 0.0], [1.1161, -0.1305], [1.4016, 0.0]], [[0.2595, 0.0], [1.1161, 0.0], [1.6871, 0.0], [2.2582, 0.0], [1.1161, 0.1305], [3.9714, 0.2611]]]",0.2263,0.0,0.0,0.0,0.0,0.0,0.0,True,"[1, 1, 1]",0.0,0.0,0.0,1.3077,4.0,1.1161,2.2582,1.4016,0.6878,1.3302,1.3077,"[[0.259, 0.0], [1.116, 0.0], [1.687, 0.0], [2.258, 0.0], [2.544, 0.0], [2.544, 0.0]]",ok,1.9251,0.0,1.0,1.0,0.0,1.0,1.0,0.0,0.5,0.6666666666666666,d5324133e1d241658a7b763831b3af2e,scene-0101,42
0.5128,0.0819,2.4545,0.3921,0.2538,0.8173,0.0,0.0,0.0,0.0,0.0,0.0,0.0,0.0,0.0,ok,straight,0.5128,0.0819,2.4545,0.3921,0.2538,0.8173,False,"[-0.0653, -0.1305, -0.1958, -0.0]","[-69.0098, -59.1583, -1912.7966, -7049.469]","[4.3596, 3.4686, -1001909.6548, -1007046.3273]","[0.817, 1.294, 0.77, 1.949]","[[[1.1161, 0.0], [2.5437, 0.0], [3.6858, 0.0], [5.1135, 0.0], [5.6846, 0.0], [6.8267, -0.1305]], [[1.1161, 0.0], [2.5437, 0.0], [3.6858, 0.0], [5.1135, 0.0], [5.399, -0.1305], [4.2569, -0.2611]], [[1.1161, 0.0], [2.5437, 0.0], [3.6858, 0.0], [5.1135, 0.0], [4.828, 0.1305], [10.5386, -0.3916]], [[1.1161, 0.0], [2.5437, 0.0], [3.6858, 0.0], [5.1135, 0.0], [13.3939, 0.1305], [13.6794, 0.0]]]",0.4746,0.0,0.0,0.0,0.0,0.0,0.0,True,"[1, 1, 1]",0.0,0.0,0.0,0.7698,4.0,0.5128,0.0819,1.3079,0.3921,0.2538,0.7698,"[[1.116, 0.0], [2.544, 0.0], [3.686, 0.0], [5.113, 0.0], [5.685, 0.0], [6.827, -0.131]]",ok,1.9488,0.0,0.0,0.0,0.0,0.0,0.0,0.0,0.0,0.0,604a8ce58d0b4f94a93db370813edf94,scene-0101,42
2.3106,5.4338,9.6938,1.6925,3.2209,5.008,0.0,0.0,1.0,0.0,0.0,1.0,0.0,0.0,0.3333333333333333,ok,straight,2.3106,4.5813,9.1155,1.6925,3.0077,4.7695,True,"[-0.0653, -1.3708, -5.2873, -0.1958]","[-556.1151, -1088.2943, -2448.121, -6383.6273]","[4.4444, -1001085.5412, -1002445.3679, -1006380.8741]","[4.77, 4.635, 4.802, 4.45]","[[[2.2582, 0.0], [4.5424, 0.0], [6.5412, 0.0], [9.9675, 0.0], [11.1096, 0.0], [13.6794, -0.1305]], [[2.2582, 0.0], [4.5424, 0.0], [6.5412, 0.0], [9.9675, 0.0], [11.9662, -0.7833], [14.2505, 2.7415]], [[2.2582, 0.0], [4.5424, 0.0], [6.5412, 0.0], [9.9675, 0.0], [13.3939, -1.436], [16.8202, -10.5745]], [[2.2582, 0.0], [4.5424, 0.0], [6.5412, 0.0], [9.9675, 0.0], [9.1109, -0.1305], [17.6768, 0.3916]]]",0.1386,0.0,0.0,1.0,0.0,0.0,1.0,True,"[1, 1, 1]",0.0,0.0,0.3333333333333333,4.4499,4.0,2.3106,4.5813,5.212,1.6925,3.0077,4.4499,"[[2.258, 0.0], [4.542, 0.0], [6.541, 0.0], [9.968, 0.0], [11.11, 0.0], [13.679, -0.131]]",ok,4.8019,0.0,0.0,1.0,0.0,0.0,1.0,0.0,0.0,0.3333333333333333,72fe05b8fd804c7eb2edba7554f1f796,scene-0101,42
1.7689,4.4841,8.2016,1.4343,2.7219,4.2622,0.0,0.0,0.0,0.0,0.0,0.0,0.0,0.0,0.0,ok,straight,1.7689,4.4841,7.3607,1.4343,2.7219,4.122,True,"[-0.1305, -0.3916, -0.5875, -1.0444]","[-75.3934, -3489.5239, -4248.8706, -5568.1447]","[4.6687, -1003487.6881, -1004247.0348, -1005566.3089]","[4.122, 4.356, 4.075, 3.622]","[[[3.6858, 0.0], [7.3977, 0.0], [11.1096, 0.1305], [15.107, 0.2611], [18.2479, 0.2611], [22.2453, 0.2611]], [[3.6858, 0.0], [7.3977, 0.0], [11.1096, 0.1305], [15.107, 0.2611], [20.8176, 0.1305], [18.2479, 0.7833]], [[3.6858, 0.0], [7.3977, 0.0], [11.1096, 0.1305], [15.107, 0.2611], [16.5347, -1.5666], [24.5295, 1.1749]], [[3.6858, 0.0], [7.3977, 0.0], [11.1096, 0.1305], [15.107, 0.2611], [16.2492, 0.2611], [27.0993, 2.0888]]]",0.2658,0.0,0.0,0.0,0.0,0.0,0.0,True,"[1, 1, 1]",0.0,0.0,0.0,3.6221,4.0,1.7689,4.4841,2.3814,1.4343,2.7219,3.6221,"[[3.686, 0.0], [7.398, 0.0], [11.11, 0.131], [15.107, 0.261], [18.248, 0.261], [22.245, 0.261]]",ok,4.3565,0.0,0.0,0.0,0.0,0.0,0.0,0.0,0.0,0.0,2e743b1fb9a34383b88bec3e7792ad2a,scene-0101,42
2.881,5.8569,9.2357,2.1894,3.6384,5.2209,0.0,0.0,0.0,0.0,0.0,0.0,0.0,0.0,0.0,ok,right,2.881,5.8569,6.1722,2.1894,3.6384,4.6165,True,"[0.0653, -0.0, 0.0653, -0.1958]","[-70.1932, -0.013, -23337.6947, -266736.2212]","[3.4065, 2.7971, -1023335.6947, -1266734.2212]","[4.617, 5.221, 5.822, 13.801]","[[[-0.026, 0.0], [-0.026, 0.0], [-0.026, 0.0], [-0.026, 0.0], [0.545, 0.0], [3.1148, -0.1305]], [[-0.026, 0.0], [-0.026, 0.0], [-0.026, 0.0], [-0.026, 0.0], [-0.026, 0.0], [-0.026, 0.0]], [[-0.026, 0.0], [-0.026, 0.0], [-0.026, 0.0], [-0.026, 0.0], [-0.026, 0.0], [21.6742, -0.1305]], [[-0.026, 0.0], [-0.026, 0.0], [-0.026, 0.0], [-0.026, 0.0], [-0.026, 0.0], [69.6432, 0.3916]]]",3.7402,0.0,0.0,0.0,0.0,0.0,0.0,True,"[1, 1, 1]",0.0,0.0,0.0,4.6165,4.0,2.881,5.8569,6.1722,2.1894,3.6384,4.6165,"[[-0.026, 0.0], [-0.026, 0.0], [-0.026, 0.0], [-0.026, 0.0], [0.545, 0.0], [3.115, -0.131]]",ok,13.8012,0.0,0.0,0.0,0.0,0.0,0.0,0.0,0.0,0.0,806011e8a7114eca971fd0f6b95bcd4b,scene-0102,42
0.3057,1.4144,5.5329,0.2447,0.7575,1.9182,0.0,0.0,0.0,0.0,0.0,0.0,0.0,0.0,0.0,ok,right,0.3057,1.8238,5.5329,0.2447,0.6037,1.9584,False,"[0.8486, 1.436, 1.0444, 0.3916]","[-487.1215, -1761.9006, -29793.5276, -152318.8958]","[3.1658, -1001759.2482, -1029790.8752, -1152316.2434]","[1.958, 1.57, 2.693, 9.858]","[[[1.9727, -0.1305], [4.2569, -0.2611], [7.1122, -0.9138], [7.9688, -1.8277], [9.1109, -1.0444], [10.5386, -1.6971]], [[1.9727, -0.1305], [4.2569, -0.2611], [7.1122, -0.9138], [7.9688, -1.8277], [8.5399, -0.7833], [13.3939, -2.8721]], [[1.9727, -0.1305], [4.2569, -0.2611], [7.1122, -0.9138], [7.9688, -1.8277], [9.682, -11.88], [12.5373, -2.0888]], [[1.9727, -0.1305], [4.2569, -0.2611], [7.1122, -0.9138], [7.9688, -1.8277], [12.5373, 0.9138], [69.6432, -0.7833]]]",3.3947,0.0,0.0,0.0,0.0,0.0,0.0,True,"[1, 1, 1]",0.0,0.0,0.0,1.5701,4.0,0.3057,1.8238,2.5804,0.2447,0.6037,1.5701,"[[1.973, -0.131], [4.257, -0.261], [7.112, -0.914], [7.969, -1.828], [9.111, -1.044], [10.539, -1.697]]",ok,9.8582,0.0,0.0,0.0,0.0,0.0,0.0,0.0,0.0,0.0,62fb6b14e6a2451f96ef753672d3a381,scene-0102,42
2.1765,5.1878,7.6691,1.5065,2.9607,4.3385,0.0,0.0,0.0,0.0,0.0,0.0,0.0,0.0,0.0,ok,straight,2.1765,8.8991,7.6691,1.5065,4.3166,5.2425,False,"[-0.1305, -0.1305, -0.0, -0.1305]","[-3161.1434, -11578.0999, -14092.9107, -35380.6591]","[-1003157.5428, -1011574.4992, -1014089.3101, -1035377.0585]","[5.242, 5.053, 4.387, 5.494]","[[[3.4003, 0.0], [6.5412, 0.0], [7.9688, 0.0], [9.1109, 0.0], [16.2492, -0.1305], [19.9611, -0.2611]], [[3.4003, 0.0], [6.5412, 0.0], [7.9688, 0.0], [9.1109, 0.0], [18.8189, -0.1305], [18.5334, 0.2611]], [[3.4003, 0.0], [6.5412, 0.0], [7.9688, 0.0], [9.1109, 0.0], [20.2466, -0.2611], [21.1032, 0.0]], [[3.4003, 0.0], [6.5412, 0.0], [7.9688, 0.0], [9.1109, 0.0], [21.1032, -6.1358], [18.2479, 0.2611]]]",0.4105,0.0,0.0,0.0,0.0,0.0,0.0,False,"[1, 1, 1]",0.0,0.0,0.0,4.387,4.0,2.1765,8.8991,6.5249,1.5065,4.3166,4.387,"[[3.4, 0.0], [6.541, 0.0], [7.969, 0.0], [9.111, 0.0], [16.249, -0.131], [19.961, -0.261]]",ok,5.4943,0.0,0.0,1.0,0.0,0.0,1.0,0.0,0.0,0.3333333333333333,be3fb86ba1a846719241b051d3ec4385,scene-0102,42
3.4417,7.0896,10.5915,2.5272,4.3528,6.113,0.0,0.0,0.0,0.0,0.0,0.0,0.0,0.0,0.0,ok,straight,2.3011,7.0896,10.0205,1.3865,3.7825,5.6376,True,"[-0.1305, -0.1305, -0.3264, -0.0]","[-114.5091, -446.9483, -2836.2269, -157485.2856]","[4.392, 4.3871, -1002832.5673, -1157481.6259]","[5.638, 5.638, 4.785, 6.982]","[[[4.5424, 0.0], [7.6833, 0.0], [9.682, -0.1305], [12.8228, -0.1305], [16.2492, -0.1305], [19.9611, -0.2611]], [[4.5424, 0.0], [7.6833, 0.0], [9.682, -0.1305], [12.8228, -0.1305], [15.3926, -0.1305], [20.8176, -0.2611]], [[4.5424, 0.0], [7.6833, 0.0], [9.682, -0.1305], [12.8228, -0.1305], [19.9611, 0.1305], [21.3887, -0.6527]], [[4.5424, 0.0], [7.6833, 0.0], [9.682, -0.1305], [12.8228, -0.1305], [36.2362, -0.3916], [14.536, 0.0]]]",0.7866,0.0,0.0,0.0,0.0,0.0,0.0,True,"[1, 1, 1]",0.0,0.0,0.0,4.7846,4.0,2.3011,7.0896,8.5972,1.3865,3.7825,4.7846,"[[4.542, 0.0], [7.683, 0.0], [9.682, -0.131], [12.823, -0.131], [16.249, -0.131], [19.961, -0.261]]",ok,6.9822,0.0,0.0,1.0,0.0,0.0,1.0,0.0,0.0,0.16666666666666666,6531528030c2484abde7201ff31c05c6,scene-0102,42
3.0875,6.3022,11.229,2.2599,3.8794,5.7966,0.0,0.0,0.0,0.0,0.0,0.0,0.0,0.0,0.0,ok,right,3.0875,6.3022,2.9685,2.2599,3.8794,4.0294,True,"[0.5875, 0.3264, 0.2611, 0.3916]","[-214.6314, -320.0788, -32.9369, -292857.0864]","[3.261, 1.122, 0.5898, -1292856.0061]","[4.029, 5.363, 5.749, 13.364]","[[[2.8293, 0.0], [5.399, -0.1305], [7.9688, -0.1305], [10.5386, -0.2611], [15.3926, -0.9138], [22.5308, -1.1749]], [[2.8293, 0.0], [5.399, -0.1305], [7.9688, -0.1305], [10.5386, -0.2611], [12.5373, -0.6527], [17.3913, -0.6527]], [[2.8293, 0.0], [5.399, -0.1305], [7.9688, -0.1305], [10.5386, -0.2611], [13.1083, -0.2611], [14.536, -0.5222]], [[2.8293, 0.0], [5.399, -0.1305], [7.9688, -0.1305], [10.5386, -0.2611], [11.3952, 16.5798], [69.6432, -0.7833]]]",3.6573,0.0,0.0,0.0,0.0,0.0,0.0,True,"[1, 1, 1]",0.0,0.0,0.0,4.0294,4.0,3.0875,6.3022,2.9685,2.2599,3.8794,4.0294,"[[2.829, 0.0], [5.399, -0.131], [7.969, -0.131], [10.539, -0.261], [15.393, -0.914], [22.531, -1.175]]",ok,13.3638,0.0,0.0,0.0,0.0,0.0,0.0,0.0,0.0,0.0,3e8750f331d7499e9b5123e9eb70f2e2,scene-0103,42
1.4633,5.443,9.1987,0.94,2.6178,4.6506,0.0,0.0,0.0,0.0,0.0,0.0,0.0,0.0,0.0,ok,straight,1.4633,5.443,8.3412,0.7988,2.5472,4.3179,True,"[-0.0653, -0.0653, -0.1305, -0.1958]","[-24.0656, -31.9658, -139.5374, -343.6294]","[4.8385, 4.7772, 2.7366, -1000340.5545]","[4.318, 4.937, 4.556, 4.273]","[[[3.4003, 0.0], [6.8267, 0.0], [10.5386, -0.1305], [14.2505, -0.1305], [17.1058, -0.1305], [18.8189, -0.1305]], [[3.4003, 0.0], [6.8267, 0.0], [10.5386, -0.1305], [14.2505, -0.1305], [18.2479, 0.0], [21.3887, -0.1305]], [[3.4003, 0.0], [6.8267, 0.0], [10.5386, -0.1305], [14.2505, -0.1305], [17.9623, -0.1305], [19.39, -0.2611]], [[3.4003, 0.0], [6.8267, 0.0], [10.5386, -0.1305], [14.2505, -0.1305], [17.6768, 0.2611], [17.9623, -0.3916]]]",0.2631,0.0,0.0,0.0,0.0,0.0,0.0,True,"[1, 1, 1]",0.0,0.0,0.0,4.2725,4.0,1.4633,5.443,7.4891,0.7988,2.5472,4.2725,"[[3.4, 0.0], [6.827, 0.0], [10.539, -0.131], [14.25, -0.131], [17.106, -0.131], [18.819, -0.131]]",ok,4.9367,0.0,0.0,0.0,0.0,0.0,0.0,0.0,0.0,0.0,796b1988dd254f74bf2fb19ba9c5b8c6,scene-0103,42
0.9958,1.6775,0.5196,0.9397,1.3969,1.3367,0.0,0.0,0.0,0.0,0.0,0.0,0.0,0.0,0.0,ok,straight,0.9958,1.9629,0.5196,0.9397,1.4683,1.3842,False,"[-0.0653, -0.0653, -0.0, -0.1305]","[-194.3859, -249.5153, -1319.2031, -4978.9387]","[3.0725, 3.0443, -1001316.8939, -1004976.6295]","[1.384, 2.574, 1.641, 2.907]","[[[2.5437, 0.0], [4.5424, 0.0], [7.6833, -0.1305], [9.9675, -0.1305], [12.5373, -0.1305], [13.6794, -0.1305]], [[2.5437, 0.0], [4.5424, 0.0], [7.6833, -0.1305], [9.9675, -0.1305], [13.9649, -0.1305], [19.39, -0.1305]], [[2.5437, 0.0], [4.5424, 0.0], [7.6833, -0.1305], [9.9675, -0.1305], [13.9649, 0.6527], [13.6794, 0.0]], [[2.5437, 0.0], [4.5424, 0.0], [7.6833, -0.1305], [9.9675, -0.1305], [11.6807, -0.1305], [23.6729, -0.2611]]]",0.6318,0.0,0.0,0.0,0.0,0.0,0.0,True,"[1, 1, 1]",0.0,0.0,0.0,1.3842,4.0,0.9958,1.9629,0.5196,0.9397,1.4683,1.3842,"[[2.544, 0.0], [4.542, 0.0], [7.683, -0.131], [9.968, -0.131], [12.537, -0.131], [13.679, -0.131]]",ok,2.907,0.0,0.0,0.0,0.0,0.0,0.0,0.0,0.0,0.0,456ec36cb4a44ca78f36fbd90c0c34fa,scene-0103,42
1.8153,1.7206,5.4442,1.1541,1.5587,2.5893,0.0,0.0,0.0,0.0,0.0,0.0,0.0,0.0,0.0,ok,straight,1.8153,3.1483,5.4442,1.1541,1.9156,2.8273,False,"[-0.0653, -0.1958, -0.1305, -0.1305]","[-44.0965, -189.0985, -2279.1357, -4749.5988]","[4.7139, 1.8096, -1002276.763, -1004747.2261]","[2.827, 3.399, 1.638, 2.214]","[[[3.4003, 0.0], [6.8267, 0.0], [9.682, -0.1305], [12.8228, -0.1305], [16.2492, -0.1305], [18.8189, -0.1305]], [[3.4003, 0.0], [6.8267, 0.0], [9.682, -0.1305], [12.8228, -0.1305], [15.6781, -0.1305], [15.9636, -0.3916]], [[3.4003, 0.0], [6.8267, 0.0], [9.682, -0.1305], [12.8228, -0.1305], [19.9611, -0.1305], [22.2453, -0.2611]], [[3.4003, 0.0], [6.8267, 0.0], [9.682, -0.1305], [12.8228, -0.1305], [19.9611, -0.2611], [18.8189, -0.2611]]]",0.6591,0.0,0.0,0.0,0.0,0.0,0.0,True,"[1, 1, 1]",0.0,0.0,0.0,1.6383,4.0,1.8153,3.1483,2.0191,1.1541,1.9156,1.6383,"[[3.4, 0.0], [6.827, 0.0], [9.682, -0.131], [12.823, -0.131], [16.249, -0.131], [18.819, -0.131]]",ok,3.3987,0.0,0.0,0.0,0.0,0.0,0.0,0.0,0.0,0.0,9fcdc52b791045e99c623c5fc643331f,scene-0103,42
2.1193,2.1605,1.2867,1.7786,1.9924,1.8768,0.0,0.0,0.0,0.0,0.0,0.0,0.0,0.0,0.0,ok,straight,2.1193,2.1605,1.57,1.7786,1.9924,1.8768,False,"[-0.0, -0.0653, -0.1958, -0.0]","[-13.2877, -11.0189, -304.6385, -2480.8078]","[4.1429, 3.3287, -1000301.9788, -1002478.1481]","[1.877, 1.877, 2.451, 2.543]","[[[1.6871, 0.0], [2.8293, 0.0], [3.6858, 0.0], [4.5424, 0.0], [5.399, -0.1305], [6.8267, 0.0]], [[1.6871, 0.0], [2.8293, 0.0], [3.6858, 0.0], [4.5424, 0.0], [5.6846, 0.0], [6.5412, -0.1305]], [[1.6871, 0.0], [2.8293, 0.0], [3.6858, 0.0], [4.5424, 0.0], [5.6846, 0.1305], [9.9675, -0.3916]], [[1.6871, 0.0], [2.8293, 0.0], [3.6858, 0.0], [4.5424, 0.0], [4.5424, -0.1305], [11.6807, 0.0]]]",0.3118,0.0,0.0,0.0,0.0,0.0,0.0,True,"[1, 1, 1]",0.0,0.0,0.0,1.8768,4.0,2.1193,2.1605,1.2867,1.7786,1.9924,1.8768,"[[1.687, 0.0], [2.829, 0.0], [3.686, 0.0], [4.542, 0.0], [5.399, -0.131], [6.827, 0.0]]",ok,2.5434,0.0,0.0,0.0,0.0,0.0,0.0,0.0,0.0,0.0,f1b7b463072e4630b2c1d5ba8b6cd50b,scene-0104,42
2.6776,4.9571,7.1548,2.1235,3.2802,4.3078,0.0,0.0,0.0,0.0,0.0,0.0,0.0,0.0,0.0,ok,straight,2.6776,4.9571,10.8688,2.1235,3.1374,5.0258,False,"[-0.0, -0.0653, -0.8486, -0.0]","[-311.6687, -176.9411, -496.8807, -2603.7724]","[3.696, 3.65, -1000494.4117, -1002601.3033]","[5.026, 4.213, 4.241, 3.881]","[[[2.2582, 0.0], [4.5424, 0.0], [7.3977, -0.1305], [9.3964, -0.1305], [11.3952, -0.7833], [11.1096, 0.0]], [[2.2582, 0.0], [4.5424, 0.0], [7.3977, -0.1305], [9.3964, -0.1305], [12.5373, -0.1305], [14.8215, -0.1305]], [[2.2582, 0.0], [4.5424, 0.0], [7.3977, -0.1305], [9.3964, -0.1305], [11.1096, -0.3916], [16.2492, -1.6971]], [[2.2582, 0.0], [4.5424, 0.0], [7.3977, -0.1305], [9.3964, -0.1305], [14.8215, 0.0], [14.536, 0.0]]]",0.4204,0.0,0.0,1.0,0.0,0.0,1.0,True,"[1, 1, 1]",0.0,0.0,0.16666666666666666,3.8813,4.0,2.6776,4.9571,7.4444,2.1235,3.1374,3.8813,"[[2.258, 0.0], [4.542, 0.0], [7.398, -0.131], [9.396, -0.131], [11.395, -0.783], [11.11, 0.0]]",ok,5.0258,0.0,0.0,0.0,0.0,0.0,0.0,0.0,0.0,0.0,8c394cbb9706486aae5c0edc1d704178,scene-0104,42
1.1159,3.1002,5.1246,0.8365,1.5254,2.477,0.0,0.0,0.0,0.0,0.0,0.0,0.0,0.0,0.0,ok,straight,1.1159,1.4005,5.1246,0.8365,1.3146,2.3365,True,"[-0.0653, -0.1958, -0.0, -0.0653]","[-1473.6055, -2697.8549, -66459.9502, -602351.9158]","[-1001470.4453, -1002694.6946, -1066456.79, -1602348.7556]","[2.336, 2.148, 3.743, 11.695]","[[[3.6858, 0.0], [7.3977, 0.0], [10.253, -0.1305], [15.9636, 0.0], [18.2479, -0.1305], [21.3887, -0.1305]], [[3.6858, 0.0], [7.3977, 0.0], [10.253, -0.1305], [15.9636, 0.0], [17.6768, -0.6527], [23.1019, -0.3916]], [[3.6858, 0.0], [7.3977, 0.0], [10.253, -0.1305], [15.9636, 0.0], [33.952, -0.2611], [21.3887, 0.0]], [[3.6858, 0.0], [7.3977, 0.0], [10.253, -0.1305], [15.9636, 0.0], [69.6432, -0.5222], [43.66, -0.1305]]]",3.9253,0.0,0.0,0.0,0.0,0.0,0.0,False,"[1, 1, 1]",0.0,0.0,0.0,2.1485,4.0,1.1159,1.4005,3.4088,0.8365,1.3146,2.1485,"[[3.686, 0.0], [7.398, 0.0], [10.253, -0.131], [15.964, 0.0], [18.248, -0.131], [21.389, -0.131]]",ok,11.6954,0.0,0.0,1.0,0.0,0.0,1.0,0.0,0.0,0.16666666666666666,84fd8f6d5b2c406e9ddd1c3b72690917,scene-0104,42
3.8124,7.2458,11.9196,2.9879,4.7291,6.7837,0.0,0.0,0.0,0.0,0.0,0.0,0.0,0.0,0.0,ok,straight,3.8124,6.3906,12.4908,2.9879,4.4449,6.6895,True,"[-0.1305, -0.0, -0.1305, -0.0]","[-435.6275, -1043.7979, -10868.4223, -153617.0089]","[2.7129, -1001040.7179, -1010865.3424, -1153613.929]","[6.69, 6.263, 6.547, 11.282]","[[[3.1148, 0.0], [6.2556, 0.0], [9.3964, 0.1305], [13.1083, 0.0], [14.2505, -0.1305], [16.2492, -0.2611]], [[3.1148, 0.0], [6.2556, 0.0], [9.3964, 0.1305], [13.1083, 0.0], [14.2505, 0.2611], [18.8189, 0.0]], [[3.1148, 0.0], [6.2556, 0.0], [9.3964, 0.1305], [13.1083, 0.0], [10.8241, -0.1305], [20.5321, -0.2611]], [[3.1148, 0.0], [6.2556, 0.0], [9.3964, 0.1305], [13.1083, 0.0], [15.107, -0.2611], [69.6432, 0.0]]]",2.0766,0.0,0.0,0.0,0.0,0.0,0.0,True,"[1, 1, 1]",0.0,0.0,0.0,6.2629,4.0,3.8124,6.3906,9.9224,2.9879,4.4449,6.2629,"[[3.115, 0.0], [6.256, 0.0], [9.396, 0.131], [13.108, 0.0], [14.25, -0.131], [16.249, -0.261]]",ok,11.2823,0.0,0.0,0.0,0.0,0.0,0.0,0.0,0.0,0.0,34875eefe5f943d38f5495664ff53bb0,scene-0104,42
9.3011,18.718,28.3119,6.984,11.6726,16.4231,0.0,0.0,0.0,0.0,0.0,0.0,0.0,0.0,0.0,ok,straight,9.3011,18.718,28.3119,6.984,11.6726,16.4231,False,"[-0.0, -0.0]","[-0.013, -1661754.6768]","[1.7071, -2661753.9697]","[16.423, 20.19]","[[[-0.026, 0.0], [-0.026, 0.0], [-0.026, 0.0], [-0.026, 0.0], [-0.026, 0.0], [-0.026, 0.0]], [[-0.026, 0.0], [-0.026, 0.0], [-0.026, 0.0], [-0.026, 0.0], [69.6432, -0.2611], [-0.026, 0.0]]]",1.8834,0.0,0.0,0.0,0.0,0.0,0.0,True,"[1, 1, 1]",0.0,0.0,0.0,16.4231,2.0,9.3011,18.718,28.3119,6.984,11.6726,16.4231,"[[-0.026, 0.0], [-0.026, 0.0], [-0.026, 0.0], [-0.026, 0.0], [-0.026, 0.0], [-0.026, 0.0]]",ok,20.1899,0.0,0.0,0.0,0.0,0.0,0.0,0.0,0.0,0.0,8d56b71c09c04ece827107b3c103498f,scene-0105,42
1.8066,3.4932,5.3043,1.2076,1.9769,2.9548,0.0,0.0,0.0,0.0,0.0,0.0,0.0,0.0,0.0,ok,straight,1.5217,2.3666,5.3043,1.208,1.6954,2.7672,True,"[-0.0653, -0.7833, -0.1958, -0.5222]","[-260.5337, -171.7716, -263595.1485, -728174.2191]","[3.1754, 0.6183, -1263593.969, -1728173.0396]","[2.767, 2.204, 5.943, 9.475]","[[[3.9714, 0.0], [8.2543, 0.0], [12.5373, 0.0], [16.8202, 0.1305], [19.1045, 0.1305], [22.5308, 0.1305]], [[3.9714, 0.0], [8.2543, 0.0], [12.5373, 0.0], [16.8202, 0.1305], [20.8176, 0.3916], [25.3861, -1.5666]], [[3.9714, 0.0], [8.2543, 0.0], [12.5373, 0.0], [16.8202, 0.1305], [48.7996, -0.6527], [24.244, 0.3916]], [[3.9714, 0.0], [8.2543, 0.0], [12.5373, 0.0], [16.8202, 0.1305], [69.6432, -0.3916], [31.6678, 1.0444]]]",2.9017,0.0,0.0,0.0,0.0,0.0,0.0,True,"[1, 1, 1]",0.0,0.0,0.0,2.2044,4.0,1.5217,2.3666,3.6595,1.208,1.6954,2.2044,"[[3.971, 0.0], [8.254, 0.0], [12.537, 0.0], [16.82, 0.131], [19.104, 0.131], [22.531, 0.131]]",ok,9.4753,0.0,0.0,0.0,0.0,0.0,0.0,0.0,0.0,0.0,d0cc76c904c542b39553f012e4791ef0,scene-0105,42
0.4579,0.5106,0.3563,0.2455,0.3504,0.401,0.0,0.0,0.0,0.0,0.0,0.0,0.0,0.0,0.0,ok,straight,0.4579,0.5106,0.6356,0.2455,0.2802,0.4008,True,"[-0.0, -0.2611, -0.1305, -0.0653]","[-297.839, -3696.8211, -28650.0474, -136071.2542]","[5.405, -1003693.3566, -1028646.5829, -1136067.7897]","[0.401, 1.071, 1.974, 9.059]","[[[3.1148, 0.0], [6.5412, 0.0], [9.1109, 0.0], [12.2517, 0.0], [14.2505, 0.0], [18.2479, 0.0]], [[3.1148, 0.0], [6.5412, 0.0], [9.1109, 0.0], [12.2517, 0.0], [12.5373, 0.1305], [20.5321, 0.5222]], [[3.1148, 0.0], [6.5412, 0.0], [9.1109, 0.0], [12.2517, 0.0], [23.9585, -2.0888], [16.2492, -0.2611]], [[3.1148, 0.0], [6.5412, 0.0], [9.1109, 0.0], [12.2517, 0.0], [15.9636, -0.5222], [69.6432, 0.1305]]]",3.4703,0.0,0.0,0.0,0.0,0.0,0.0,True,"[1, 1, 1]",0.0,0.0,0.0,0.4008,4.0,0.4579,0.5106,0.6356,0.2455,0.2802,0.4008,"[[3.115, 0.0], [6.541, 0.0], [9.111, 0.0], [12.252, 0.0], [14.25, 0.0], [18.248, 0.0]]",ok,9.0586,0.0,0.0,0.0,0.0,0.0,0.0,0.0,0.0,0.0,6a467240b14745cd8ab11701bd4f08d3,scene-0105,42
0.7863,3.3154,6.2239,0.4134,1.534,2.991,0.0,0.0,0.0,0.0,0.0,0.0,0.0,0.0,0.0,ok,straight,0.7863,3.3154,5.3617,0.4134,1.534,2.4668,True,"[-0.0, -0.0653, -0.0653, -0.0]","[-260.4945, -5.0433, -912.6062, -1173.7569]","[2.8549, 1.3948, -1000911.4433, -1001172.594]","[2.467, 2.991, 2.658, 2.041]","[[[2.2582, 0.0], [4.2569, 0.0], [5.9701, 0.0], [7.6833, 0.0], [10.8241, 0.0], [11.9662, 0.0]], [[2.2582, 0.0], [4.2569, 0.0], [5.9701, 0.0], [7.6833, 0.0], [9.1109, 0.0], [10.5386, -0.1305]], [[2.2582, 0.0], [4.2569, 0.0], [5.9701, 0.0], [7.6833, 0.0], [11.1096, 0.3916], [10.5386, 0.1305]], [[2.2582, 0.0], [4.2569, 0.0], [5.9701, 0.0], [7.6833, 0.0], [12.2517, -0.1305], [13.1083, 0.0]]]",0.3434,0.0,0.0,0.0,0.0,0.0,0.0,True,"[1, 1, 1]",0.0,0.0,0.0,2.0411,4.0,0.7863,3.3154,4.221,0.4134,1.534,2.0411,"[[2.258, 0.0], [4.257, 0.0], [5.97, 0.0], [7.683, 0.0], [10.824, 0.0], [11.966, 0.0]]",ok,2.9909,0.0,0.0,0.0,0.0,0.0,0.0,0.0,0.0,0.0,aa0a917a785d453cb7803ddd67c2fc9b,scene-0105,42
4.6303,8.8382,14.8131,3.4008,5.6378,8.0928,0.0,0.0,0.0,0.0,0.0,0.0,0.0,0.0,0.0,ok,straight,4.6303,8.8382,14.259,3.4008,5.6378,8.0004,True,"[-0.0653, -0.0653, -0.0, -0.0]","[-29.3517, -332.5416, -4653.9259, -5064.3912]","[2.5423, 2.4131, -1004651.4452, -1005061.9105]","[8.0, 9.051, 7.582, 8.522]","[[[1.1161, 0.0], [1.9727, 0.0], [3.1148, 0.0], [3.9714, 0.0], [5.1135, 0.0], [5.6846, -0.1305]], [[1.1161, 0.0], [1.9727, 0.0], [3.1148, 0.0], [3.9714, 0.0], [2.5437, -0.5222], [1.9727, -0.1305]], [[1.1161, 0.0], [1.9727, 0.0], [3.1148, 0.0], [3.9714, 0.0], [8.5399, -0.3916], [4.828, 0.0]], [[1.1161, 0.0], [1.9727, 0.0], [3.1148, 0.0], [3.9714, 0.0], [7.1122, -0.1305], [0.545, 0.0]]]",0.5518,0.0,0.0,0.0,0.0,0.0,0.0,True,"[1, 1, 1]",0.0,0.0,0.0,7.5818,4.0,4.6303,8.8382,15.0972,3.4008,5.6378,7.5818,"[[1.116, 0.0], [1.973, 0.0], [3.115, 0.0], [3.971, 0.0], [5.113, 0.0], [5.685, -0.131]]",ok,9.0507,0.0,0.0,0.0,0.0,0.0,0.0,0.0,0.0,0.0,04ebf63518914e0883bdffdb0b6c3f4c,scene-0106,42
0.6749,0.2929,1.9366,0.3801,0.299,0.5711,0.0,0.0,0.0,0.0,0.0,0.0,0.0,0.0,0.0,ok,straight,1.3509,0.2929,1.9366,0.929,0.5735,0.9107,False,"[-0.1305, -0.3916, -8.2899, -0.0653]","[-462.2141, -5454.6199, -17970.8835, -157433.8674]","[3.8377, -1005452.0677, -1017968.3313, -1157431.3152]","[0.911, 1.114, 3.66, 9.094]","[[[3.6858, -0.1305], [7.6833, 0.0], [9.3964, -0.1305], [12.2517, -0.1305], [14.2505, -0.2611], [16.8202, -0.2611]], [[3.6858, -0.1305], [7.6833, 0.0], [9.3964, -0.1305], [12.2517, -0.1305], [19.6755, 0.0], [18.8189, -0.7833]], [[3.6858, -0.1305], [7.6833, 0.0], [9.3964, -0.1305], [12.2517, -0.1305], [16.8202, 0.0], [13.1083, 16.5798]], [[3.6858, -0.1305], [7.6833, 0.0], [9.3964, -0.1305], [12.2517, -0.1305], [14.2505, 0.0], [69.6432, -0.1305]]]",3.2999,0.0,0.0,0.0,0.0,0.0,0.0,True,"[1, 1, 1]",0.0,0.0,0.0,0.9107,4.0,1.3509,0.2929,1.9366,0.929,0.5735,0.9107,"[[3.686, -0.131], [7.683, 0.0], [9.396, -0.131], [12.252, -0.131], [14.25, -0.261], [16.82, -0.261]]",ok,9.0936,0.0,0.0,0.0,0.0,0.0,0.0,0.0,0.0,0.0,66317c99b4524905bfb5cd70dac8932a,scene-0106,42
1.9747,4.3585,5.1557,1.4055,2.6437,3.6613,0.0,0.0,0.0,0.0,0.0,0.0,0.0,0.0,0.0,ok,straight,1.9747,3.2199,5.7243,1.4055,2.359,3.3764,True,"[-0.0653, -0.1305, -0.1958, -0.0653]","[-320.5036, -3020.3521, -6819.1523, -71271.46]","[4.3433, -1003017.5929, -1006816.3931, -1071268.7008]","[3.376, 2.613, 4.512, 3.825]","[[[3.1148, 0.0], [5.9701, 0.0], [8.5399, -0.1305], [12.2517, -0.1305], [14.2505, -0.1305], [17.3913, -0.1305]], [[3.1148, 0.0], [5.9701, 0.0], [8.5399, -0.1305], [12.2517, -0.1305], [14.536, 0.1305], [24.5295, 0.2611]], [[3.1148, 0.0], [5.9701, 0.0], [8.5399, -0.1305], [12.2517, -0.1305], [9.682, 0.3916], [15.107, 0.3916]], [[3.1148, 0.0], [5.9701, 0.0], [8.5399, -0.1305], [12.2517, -0.1305], [31.6678, -0.3916], [21.9598, 0.1305]]]",0.6904,0.0,0.0,0.0,0.0,0.0,0.0,True,"[1, 1, 1]",0.0,0.0,0.0,2.6126,4.0,1.9747,3.2199,1.4403,1.4055,2.359,2.6126,"[[3.115, 0.0], [5.97, 0.0], [8.54, -0.131], [12.252, -0.131], [14.25, -0.131], [17.391, -0.131]]",ok,4.5124,0.0,0.0,0.0,0.0,0.0,0.0,0.0,0.0,0.0,94d3fc9d266743588dca2efc73d9fbce,scene-0106,42
0.3286,0.905,1.49,0.2992,0.5008,0.8198,0.0,0.0,0.0,0.0,0.0,0.0,0.0,0.0,0.0,ok,straight,0.3286,0.7041,1.49,0.2992,0.3535,0.7303,True,"[-0.6527, -1.1097, -8.2899, -0.4569]","[-195.5152, -1637.1175, -10977.6989, -40786.9011]","[3.8288, -1001634.6989, -1010975.2803, -1040784.4825]","[0.73, 0.957, 3.406, 2.257]","[[[2.2582, -0.1305], [4.5424, -0.2611], [6.8267, -0.1305], [7.9688, -0.3916], [9.9675, -1.436], [11.6807, -1.3055]], [[2.2582, -0.1305], [4.5424, -0.2611], [6.8267, -0.1305], [7.9688, -0.3916], [10.5386, -1.5666], [10.8241, 2.2193]], [[2.2582, -0.1305], [4.5424, -0.2611], [6.8267, -0.1305], [7.9688, -0.3916], [8.2543, 0.9138], [14.2505, 16.5798]], [[2.2582, -0.1305], [4.5424, -0.2611], [6.8267, -0.1305], [7.9688, -0.3916], [21.3887, -0.3916], [13.1083, -0.9138]]]",1.0765,0.0,0.0,0.0,0.0,0.0,0.0,True,"[1, 1, 1]",0.0,0.0,0.0,0.7303,4.0,0.3286,0.7041,1.49,0.2992,0.3535,0.7303,"[[2.258, -0.131], [4.542, -0.261], [6.827, -0.131], [7.969, -0.392], [9.968, -1.436], [11.681, -1.305]]",ok,3.4057,0.0,0.0,0.0,0.0,0.0,0.0,0.0,0.0,0.0,b988f7f03263462d94d39a722dc820ca,scene-0106,42
0.1842,0.22,2.471,0.3161,0.26,0.6981,0.0,0.0,0.0,0.0,0.0,0.0,0.0,0.0,0.0,ok,straight,2.7472,0.3479,2.471,2.0274,1.1742,1.3076,False,"[-0.2611, -0.2611, -0.8486, -7.5719]","[-731.0626, -793.0188, -1930.5995, -14938.4708]","[3.8343, 3.8239, -1001928.0499, -1014935.9212]","[1.308, 1.219, 1.368, 3.769]","[[[3.6858, -0.1305], [7.1122, -0.1305], [7.6833, 0.0], [10.253, -0.1305], [12.5373, -0.3916], [13.6794, -0.5222]], [[3.6858, -0.1305], [7.1122, -0.1305], [7.6833, 0.0], [10.253, -0.1305], [13.1083, -0.3916], [13.9649, -0.5222]], [[3.6858, -0.1305], [7.1122, -0.1305], [7.6833, 0.0], [10.253, -0.1305], [15.6781, -0.7833], [16.8202, -1.6971]], [[3.6858, -0.1305], [7.1122, -0.1305], [7.6833, 0.0], [10.253, -0.1305], [9.3964, 0.0], [13.3939, -15.1438]]]",1.0712,0.0,0.0,0.0,0.0,0.0,0.0,True,"[1, 1, 1]",0.0,0.0,0.0,1.2193,4.0,2.7472,0.3479,2.1994,2.0274,1.1742,1.2193,"[[3.686, -0.131], [7.112, -0.131], [7.683, 0.0], [10.253, -0.131], [12.537, -0.392], [13.679, -0.522]]",ok,3.7689,0.0,0.0,0.0,0.0,0.0,0.0,0.0,0.0,0.0,ad8905836f364a87a7233eb0aef915ea,scene-0107,42
3.1507,7.1882,12.1058,2.3356,4.2795,6.4808,0.0,0.0,0.0,0.0,0.0,0.0,0.0,0.0,0.0,ok,right,3.1507,7.1882,12.5104,2.3356,4.2101,6.6342,False,"[-2.2846, -2.7415, 5.94, 2.3499]","[-273.6109, -5942.0957, -15258.5603, -32418.783]","[2.8051, -1005939.5053, -1015255.9699, -1032416.1926]","[6.634, 6.24, 6.303, 7.579]","[[[2.2582, 0.1305], [4.5424, -0.5222], [6.8267, 0.6527], [9.1109, 1.6971], [10.5386, 3.0026], [12.8228, 4.5692]], [[2.2582, 0.1305], [4.5424, -0.5222], [6.8267, 0.6527], [9.1109, 1.6971], [10.253, 5.8747], [19.9611, 5.4831]], [[2.2582, 0.1305], [4.5424, -0.5222], [6.8267, 0.6527], [9.1109, 1.6971], [13.3939, -5.4831], [32.5244, -11.88]], [[2.2582, 0.1305], [4.5424, -0.5222], [6.8267, 0.6527], [9.1109, 1.6971], [1.4016, 0.2611], [13.6794, -4.6998]]]",0.5351,0.0,0.0,0.0,0.0,0.0,0.0,True,"[1, 1, 1]",0.0,0.0,0.0,6.2395,4.0,3.1507,7.1882,8.3813,2.3356,4.2101,6.2395,"[[2.258, 0.131], [4.542, -0.522], [6.827, 0.653], [9.111, 1.697], [10.539, 3.003], [12.823, 4.569]]",ok,7.5786,0.0,0.0,0.0,0.0,0.0,0.0,0.0,0.0,0.0,84c24cd1d7914f72bb2fa17a6c5c41e5,scene-0107,42
1.0141,1.1436,0.5939,0.7411,0.9269,1.0668,0.0,0.0,0.0,0.0,0.0,0.0,0.0,0.0,0.0,ok,straight,0.9867,1.1436,2.5893,0.549,0.6882,1.2403,False,"[-0.1305, -0.7833, -0.1305, -1.5013]","[-372.4849, -829.448, -1680.8246, -773430.9806]","[2.3918, 1.2371, -1001679.9057, -1773430.0617]","[1.24, 0.773, 0.93, 8.972]","[[[3.6858, 0.0], [7.3977, -0.1305], [13.3939, -0.1305], [18.2479, -0.1305], [23.3874, -0.1305], [27.9559, -0.2611]], [[3.6858, 0.0], [7.3977, -0.1305], [13.3939, -0.1305], [18.2479, -0.1305], [21.1032, -0.2611], [26.5282, -1.5666]], [[3.6858, 0.0], [7.3977, -0.1305], [13.3939, -0.1305], [18.2479, -0.1305], [20.5321, 0.0], [27.3848, -0.2611]], [[3.6858, 0.0], [7.3977, -0.1305], [13.3939, -0.1305], [18.2479, -0.1305], [69.6432, -0.5222], [24.8151, -3.0026]]]",3.464,0.0,0.0,0.0,0.0,0.0,0.0,True,"[1, 1, 1]",0.0,0.0,0.0,0.773,4.0,0.9867,1.1436,1.6938,0.549,0.6882,0.773,"[[3.686, 0.0], [7.398, -0.131], [13.394, -0.131], [18.248, -0.131], [23.387, -0.131], [27.956, -0.261]]",ok,8.9716,0.0,0.0,0.0,0.0,0.0,0.0,0.0,0.0,0.0,2d4012e701194ca6a79709cfbfb6bb93,scene-0107,42
0.1629,0.5453,1.1661,0.1109,0.2351,0.4797,0.0,0.0,0.0,0.0,0.0,0.0,0.0,0.0,0.0,ok,straight,0.1629,0.5453,1.1661,0.1109,0.2351,0.4797,False,"[-0.0653, -0.0653, -0.718, -0.0653]","[-35.2453, -11537.7487, -31246.4153, -51183.9441]","[5.0478, -1011534.4819, -1031243.1486, -1051180.6774]","[0.48, 1.978, 2.497, 2.743]","[[[3.6858, 0.0], [7.3977, 0.0], [11.1096, -0.1305], [14.2505, -0.1305], [17.9623, -0.1305], [21.6742, -0.1305]], [[3.6858, 0.0], [7.3977, 0.0], [11.1096, -0.1305], [14.2505, -0.1305], [25.6716, -0.1305], [26.8138, 0.1305]], [[3.6858, 0.0], [7.3977, 0.0], [11.1096, -0.1305], [14.2505, -0.1305], [7.3977, -0.1305], [20.5321, -1.436]], [[3.6858, 0.0], [7.3977, 0.0], [11.1096, -0.1305], [14.2505, -0.1305], [31.6678, 0.6527], [25.3861, -0.1305]]]",0.8786,0.0,0.0,0.0,0.0,0.0,0.0,True,"[1, 1, 1]",0.0,0.0,0.0,0.4797,4.0,0.1629,0.5453,1.1661,0.1109,0.2351,0.4797,"[[3.686, 0.0], [7.398, 0.0], [11.11, -0.131], [14.25, -0.131], [17.962, -0.131], [21.674, -0.131]]",ok,2.7426,0.0,0.0,0.0,0.0,0.0,0.0,0.0,0.0,0.0,5d6dc0be4bc645b396e714c7ba65e48a,scene-0107,42
0.3427,1.3457,3.677,0.2339,0.6152,1.4116,0.0,0.0,0.0,0.0,0.0,0.0,0.0,0.0,0.0,ok,straight,0.3427,1.3457,3.677,0.2339,0.6152,1.4116,False,"[-0.0, -0.1305, -0.1958, -0.0]","[-13.553, -5175.0927, -6641.6297, -18657.7698]","[4.7661, -1005172.4027, -1006638.9397, -1018655.0798]","[1.412, 0.968, 2.232, 1.873]","[[[0.2595, 0.0], [-0.026, 0.0], [-0.026, 0.0], [-0.026, 0.0], [-0.026, 0.0], [-0.026, 0.0]], [[0.2595, 0.0], [-0.026, 0.0], [-0.026, 0.0], [-0.026, 0.0], [5.399, 0.1305], [3.4003, 0.2611]], [[0.2595, 0.0], [-0.026, 0.0], [-0.026, 0.0], [-0.026, 0.0], [7.6833, -0.6527], [9.1109, -0.3916]], [[0.2595, 0.0], [-0.026, 0.0], [-0.026, 0.0], [-0.026, 0.0], [7.9688, -0.1305], [0.545, 0.0]]]",0.4762,0.0,0.0,0.0,0.0,0.0,0.0,True,"[1, 1, 1]",0.0,0.0,0.0,0.9675,4.0,0.3427,1.3457,0.2492,0.2339,0.6152,0.9675,"[[0.259, 0.0], [-0.026, 0.0], [-0.026, 0.0], [-0.026, 0.0], [-0.026, 0.0], [-0.026, 0.0]]",ok,2.2317,0.0,0.0,0.0,0.0,0.0,0.0,0.0,0.0,0.0,339ead96177c4e338fde8235c188cfaa,scene-0108,42
2.9195,6.548,9.4126,2.1089,3.8944,5.4955,0.0,0.0,0.0,0.0,0.0,0.0,0.0,0.0,0.0,ok,straight,2.9195,6.548,9.4126,2.1089,3.8944,5.4955,False,"[-0.0653, -0.0653, -0.9791, -0.1305]","[-4.725, -5.7685, -179.8646, -4379.4361]","[4.1591, 4.1586, 1.7054, -1004376.5174]","[5.495, 5.4, 5.432, 6.544]","[[[1.9727, 0.0], [3.9714, -0.1305], [5.9701, -0.1305], [7.6833, -0.1305], [9.1109, -0.1305], [10.5386, -0.1305]], [[1.9727, 0.0], [3.9714, -0.1305], [5.9701, -0.1305], [7.6833, -0.1305], [9.1109, -0.1305], [9.9675, -0.1305]], [[1.9727, 0.0], [3.9714, -0.1305], [5.9701, -0.1305], [7.6833, -0.1305], [8.5399, -0.1305], [10.5386, -1.9582]], [[1.9727, 0.0], [3.9714, -0.1305], [5.9701, -0.1305], [7.6833, -0.1305], [13.6794, 0.3916], [12.2517, -0.2611]]]",0.4782,0.0,0.0,0.0,0.0,0.0,0.0,True,"[1, 1, 1]",0.0,0.0,0.0,5.4003,4.0,2.9195,6.548,8.8415,2.1089,3.8944,5.4003,"[[1.973, 0.0], [3.971, -0.131], [5.97, -0.131], [7.683, -0.131], [9.111, -0.131], [10.539, -0.131]]",ok,6.544,0.0,0.0,0.0,0.0,0.0,0.0,0.0,0.0,0.0,3c61eda50f694585bac0614e4660eca1,scene-0108,42
1.1444,2.3369,1.8143,0.8068,1.3582,1.573,0.0,0.0,0.0,0.0,0.0,0.0,0.0,0.0,0.0,ok,right,1.1444,2.9283,1.8143,0.8068,1.2724,1.4807,True,"[1.8277, -2.1541, 1.1749, -0.1305]","[-1409.6697, -5013.6122, -9056.9354, -11075.9904]","[-1001406.9782, -1005010.9207, -1009054.2438, -1011073.2988]","[1.481, 2.712, 3.421, 2.625]","[[[1.1161, 0.0], [2.8293, -0.2611], [3.4003, -0.9138], [5.1135, -3.7859], [7.3977, -3.1332], [9.1109, -3.6554]], [[1.1161, 0.0], [2.8293, -0.2611], [3.4003, -0.9138], [5.1135, -3.7859], [7.9688, -4.8303], [9.3964, 4.3081]], [[1.1161, 0.0], [2.8293, -0.2611], [3.4003, -0.9138], [5.1135, -3.7859], [13.9649, -2.7415], [14.8215, -2.3499]], [[1.1161, 0.0], [2.8293, -0.2611], [3.4003, -0.9138], [5.1135, -3.7859], [10.253, -5.8747], [3.9714, 0.2611]]]",0.6952,0.0,0.0,0.0,0.0,0.0,0.0,False,"[1, 1, 1]",0.0,0.0,0.0,1.4807,4.0,1.1444,2.9283,1.8143,0.8068,1.2724,1.4807,"[[1.116, 0.0], [2.829, -0.261], [3.4, -0.914], [5.113, -3.786], [7.398, -3.133], [9.111, -3.655]]",ok,3.4208,0.0,0.0,1.0,0.0,0.0,1.0,0.0,0.0,0.16666666666666666,ccd733959138440885578f1afeaaa4a7,scene-0108,42
0.7917,0.0527,0.5352,0.4763,0.4866,0.4424,0.0,0.0,0.0,0.0,0.0,0.0,0.0,0.0,0.0,ok,straight,2.2126,0.0527,2.0412,1.6147,1.0558,1.2124,False,"[-0.0653, -0.1305, -0.3916, -0.1958]","[-277.9908, -267.9961, -21310.4361, -92635.1205]","[5.2836, 4.7493, -1021306.9686, -1092631.653]","[1.212, 0.869, 2.348, 9.171]","[[[4.5424, 0.0], [8.8254, 0.0], [11.1096, -0.1305], [14.2505, -0.1305], [19.1045, 0.0], [24.244, -0.1305]], [[4.5424, 0.0], [8.8254, 0.0], [11.1096, -0.1305], [14.2505, -0.1305], [18.2479, -0.2611], [21.3887, -0.2611]], [[4.5424, 0.0], [8.8254, 0.0], [11.1096, -0.1305], [14.2505, -0.1305], [25.3861, 0.0], [19.6755, -0.7833]], [[4.5424, 0.0], [8.8254, 0.0], [11.1096, -0.1305], [14.2505, -0.1305], [21.1032, -1.6971], [69.6432, -0.3916]]]",3.3764,0.0,0.0,0.0,0.0,0.0,0.0,True,"[1, 1, 1]",0.0,0.0,0.0,0.8694,4.0,2.2126,0.0527,0.8205,1.6147,1.0558,0.8694,"[[4.542, 0.0], [8.825, 0.0], [11.11, -0.131], [14.25, -0.131], [19.104, 0.0], [24.244, -0.131]]",ok,9.1708,0.0,0.0,0.0,0.0,0.0,0.0,0.0,0.0,0.0,0141260a339d4b37addb55818bbae718,scene-0108,42
1.2078,1.0661,2.1598,0.8186,0.9902,1.4303,0.0,0.0,0.0,0.0,0.0,0.0,0.0,0.0,0.0,ok,straight,1.2078,4.1891,0.8705,0.8186,1.8421,1.9782,False,"[-0.0, -0.1305, -0.3264, -0.1305]","[-1001.7822, -1874.1712, -15702.858, -93436.2609]","[-1001000.1197, -1001872.5087, -1015701.1954, -1093434.5984]","[1.978, 1.998, 2.002, 4.354]","[[[3.6858, 0.0], [6.8267, -0.1305], [10.253, -0.1305], [11.1096, 0.0], [15.107, 0.0], [21.9598, 0.0]], [[3.6858, 0.0], [6.8267, -0.1305], [10.253, -0.1305], [11.1096, 0.0], [16.2492, -0.2611], [19.9611, -0.2611]], [[3.6858, 0.0], [6.8267, -0.1305], [10.253, -0.1305], [11.1096, 0.0], [21.3887, 0.2611], [20.2466, -0.6527]], [[3.6858, 0.0], [6.8267, -0.1305], [10.253, -0.1305], [11.1096, 0.0], [17.1058, 16.5798], [23.3874, -0.2611]]]",1.0224,0.0,0.0,0.0,0.0,0.0,0.0,False,"[1, 1, 1]",0.0,0.0,0.0,1.9782,4.0,1.2078,4.1891,0.8705,0.8186,1.8421,1.9782,"[[3.686, 0.0], [6.827, -0.131], [10.253, -0.131], [11.11, 0.0], [15.107, 0.0], [21.96, 0.0]]",ok,4.354,0.0,0.0,0.0,0.0,0.0,0.0,0.0,0.0,0.0,4d0d06979c984a72bfb9e6c5e3a35f84,scene-0109,42
1.0945,2.623,3.0089,0.962,1.7399,2.2326,0.0,0.0,0.0,0.0,0.0,0.0,0.0,0.0,0.0,ok,right,3.3725,1.2488,2.984,2.1586,2.3538,2.394,False,"[0.9138, 0.8486, -3.1985, 0.5222]","[-1487.5199, -3146.6261, -7491.7616, -66668.9925]","[-1001484.6419, -1003143.7482, -1007488.8836, -1066666.1146]","[2.394, 2.645, 3.963, 4.986]","[[[3.1148, -0.5222], [7.6833, -0.2611], [9.9675, -0.2611], [9.682, -1.436], [12.8228, -1.6971], [16.2492, -1.8277]], [[3.1148, -0.5222], [7.6833, -0.2611], [9.9675, -0.2611], [9.682, -1.436], [14.2505, -1.0444], [16.2492, -1.6971]], [[3.1148, -0.5222], [7.6833, -0.2611], [9.9675, -0.2611], [9.682, -1.436], [15.6781, -1.1749], [17.1058, 6.3969]], [[3.1148, -0.5222], [7.6833, -0.2611], [9.9675, -0.2611], [9.682, -1.436], [26.5282, -1.5666], [17.9623, -1.0444]]]",1.0459,0.0,0.0,0.0,0.0,0.0,0.0,False,"[1, 1, 1]",0.0,0.0,0.0,2.394,4.0,3.3725,1.2488,2.984,2.1586,2.3538,2.394,"[[3.115, -0.522], [7.683, -0.261], [9.968, -0.261], [9.682, -1.436], [12.823, -1.697], [16.249, -1.828]]",ok,4.9858,0.0,0.0,0.0,0.0,0.0,0.0,0.0,0.0,0.0,fe6cb26795a641bb96d5fada8f535b1c,scene-0109,42
0.843,2.2486,3.9049,0.5302,1.1823,1.9531,0.0,0.0,0.0,0.0,0.0,0.0,0.0,0.0,0.0,ok,left,0.7797,2.167,3.9049,0.6526,1.2231,1.9803,False,"[-0.0653, -2.1541, 0.1305, 2.2846]","[-23.4757, -1013.5363, -13046.3109, -33289.6625]","[2.2282, -1001012.1174, -1013044.892, -1033288.2436]","[1.98, 2.839, 2.363, 2.799]","[[[2.5437, -0.1305], [5.399, 0.0], [8.5399, 0.0], [11.1096, 0.0], [13.6794, -0.1305], [16.2492, -0.1305]], [[2.5437, -0.1305], [5.399, 0.0], [8.5399, 0.0], [11.1096, 0.0], [14.8215, -3.2637], [19.1045, -4.3081]], [[2.5437, -0.1305], [5.399, 0.0], [8.5399, 0.0], [11.1096, 0.0], [19.39, 0.5222], [13.9649, 0.2611]], [[2.5437, -0.1305], [5.399, 0.0], [8.5399, 0.0], [11.1096, 0.0], [23.3874, -0.9138], [15.6781, 4.5692]]]",0.351,0.0,0.0,0.0,0.0,0.0,0.0,True,"[1, 1, 1]",0.0,0.0,0.0,1.9803,4.0,0.7797,2.167,3.9049,0.6526,1.2231,1.9803,"[[2.544, -0.131], [5.399, 0.0], [8.54, 0.0], [11.11, 0.0], [13.679, -0.131], [16.249, -0.131]]",ok,2.8386,0.0,0.0,0.0,0.0,0.0,0.0,0.0,0.0,0.0,c42868f6a88b4f0db5e64d3b206977df,scene-0109,42
1.0272,1.478,0.7611,0.6203,1.1922,1.3525,0.0,0.0,0.0,0.0,0.0,0.0,0.0,0.0,0.0,ok,straight,1.0272,2.0476,0.9979,0.6203,1.4771,1.4405,False,"[-0.6527, -0.6527, -0.5222, -0.7833]","[-352.0707, -1418.1822, -8455.7164, -889031.1632]","[0.877, -1001417.8906, -1008455.4247, -1889030.8716]","[1.441, 1.389, 2.297, 9.721]","[[[3.6858, -0.1305], [7.3977, -0.2611], [12.5373, -0.3916], [15.6781, -0.7833], [19.1045, -1.0444], [22.2453, -1.3055]], [[3.6858, -0.1305], [7.3977, -0.2611], [12.5373, -0.3916], [15.6781, -0.7833], [17.1058, -2.8721], [20.5321, -1.3055]], [[3.6858, -0.1305], [7.3977, -0.2611], [12.5373, -0.3916], [15.6781, -0.7833], [15.6781, -1.5666], [27.3848, -1.0444]], [[3.6858, -0.1305], [7.3977, -0.2611], [12.5373, -0.3916], [15.6781, -0.7833], [69.6432, -1.0444], [21.3887, -1.5666]]]",3.4882,0.0,0.0,0.0,0.0,0.0,0.0,True,"[1, 1, 1]",0.0,0.0,0.0,1.3891,4.0,1.0272,2.0476,0.7517,0.6203,1.4771,1.3891,"[[3.686, -0.131], [7.398, -0.261], [12.537, -0.392], [15.678, -0.783], [19.104, -1.044], [22.245, -1.305]]",ok,9.7212,0.0,0.0,0.0,0.0,0.0,0.0,0.0,0.0,0.0,d5fc40696a104448993f0ac24c29032d,scene-0109,42
0.6148,0.8291,1.4705,0.5746,0.6314,0.8495,0.0,0.0,0.0,0.0,0.0,0.0,0.0,0.0,0.0,ok,straight,1.4707,0.8291,1.4705,0.8607,0.7744,0.9449,False,"[-0.1305, -0.0653, -0.5222, -0.2611]","[-375.2405, -1501.5367, -7022.4331, -750586.2349]","[4.7049, -1001498.0699, -1007018.9663, -1750582.7681]","[0.945, 1.181, 1.862, 8.624]","[[[4.828, 0.0], [8.5399, 0.0], [14.2505, -0.1305], [18.8189, -0.1305], [23.3874, -0.1305], [27.9559, -0.2611]], [[4.828, 0.0], [8.5399, 0.0], [14.2505, -0.1305], [18.8189, -0.1305], [22.5308, -0.1305], [31.3822, -0.1305]], [[4.828, 0.0], [8.5399, 0.0], [14.2505, -0.1305], [18.8189, -0.1305], [18.5334, -0.7833], [27.6704, -1.0444]], [[4.828, 0.0], [8.5399, 0.0], [14.2505, -0.1305], [18.8189, -0.1305], [69.6432, -0.2611], [25.9572, -0.5222]]]",3.1766,0.0,0.0,0.0,0.0,0.0,0.0,True,"[1, 1, 1]",0.0,0.0,0.0,0.9449,4.0,1.4707,0.8291,1.4705,0.8607,0.7744,0.9449,"[[4.828, 0.0], [8.54, 0.0], [14.25, -0.131], [18.819, -0.131], [23.387, -0.131], [27.956, -0.261]]",ok,8.6241,0.0,0.0,0.0,0.0,0.0,0.0,0.0,0.0,0.0,80c91574d0174206a74435200aba8ba8,scene-0110,42
1.7141,3.7618,4.9648,1.031,2.1723,3.1064,0.0,0.0,0.0,0.0,0.0,0.0,0.0,0.0,0.0,ok,straight,0.3022,6.3362,4.2201,0.3251,2.1775,3.7464,False,"[-0.2611, -0.1305, -0.1305, -0.5222]","[-3538.3005, -3577.3535, -872511.6565, -965623.885]","[-2004272.3417, -2004311.3947, -2873245.6977, -2966357.9262]","[3.746, 3.11, 9.267, 10.494]","[[[4.2569, 0.0], [9.9675, 0.0], [13.6794, -0.1305], [14.2505, -0.5222], [16.2492, -0.2611], [26.8138, 0.5222]], [[4.2569, 0.0], [9.9675, 0.0], [13.6794, -0.1305], [14.2505, -0.5222], [20.8176, -0.1305], [25.9572, -0.2611]], [[4.2569, 0.0], [9.9675, 0.0], [13.6794, -0.1305], [14.2505, -0.5222], [69.6432, -0.1305], [27.9559, 0.2611]], [[4.2569, 0.0], [9.9675, 0.0], [13.6794, -0.1305], [14.2505, -0.5222], [69.6432, 0.3916], [20.5321, -1.0444]]]",3.2631,0.0,0.0,0.0,0.0,0.0,0.0,False,"[1, 1, 1]",0.0,0.0,0.0,3.1098,4.0,0.3022,6.3362,4.9648,0.3251,2.1775,3.1098,"[[4.257, 0.0], [9.968, 0.0], [13.679, -0.131], [14.25, -0.522], [16.249, -0.261], [26.814, 0.522]]",ok,10.494,0.0,0.0,0.0,0.0,0.0,0.0,0.0,0.0,0.0,d968a5eaaae446f6848302351550dd71,scene-0110,42
1.7712,3.7439,4.6572,1.343,2.3404,3.0527,0.0,0.0,0.0,0.0,0.0,0.0,0.0,0.0,0.0,ok,straight,1.7712,2.2545,6.1446,1.343,1.4694,2.1449,True,"[-0.3916, -0.1305, -0.0653, -0.1958]","[-2020.8258, -9367.1094, -11719.3784, -269629.2878]","[-1002017.3277, -1009363.6113, -1011715.8803, -1269625.7897]","[2.145, 2.336, 2.472, 14.906]","[[[4.2569, 0.0], [8.5399, 0.0], [14.536, 0.0], [22.8163, 0.0], [25.9572, 0.0], [24.5295, 0.7833]], [[4.2569, 0.0], [8.5399, 0.0], [14.536, 0.0], [22.8163, 0.0], [24.8151, -4.6998], [27.0993, -0.2611]], [[4.2569, 0.0], [8.5399, 0.0], [14.536, 0.0], [22.8163, 0.0], [20.8176, -0.1305], [25.9572, -0.1305]], [[4.2569, 0.0], [8.5399, 0.0], [14.536, 0.0], [22.8163, 0.0], [69.6432, -0.2611], [69.6432, 0.3916]]]",5.4523,0.0,0.0,0.0,0.0,0.0,0.0,False,"[1, 1, 1]",0.0,0.0,0.0,2.1449,4.0,1.7712,2.2545,6.1446,1.343,1.4694,2.1449,"[[4.257, 0.0], [8.54, 0.0], [14.536, 0.0], [22.816, 0.0], [25.957, 0.0], [24.53, 0.783]]",ok,14.9064,0.0,0.0,0.0,0.0,0.0,0.0,0.0,0.0,0.0,befb06465a7f4b0793dcaa467854a6dc,scene-0110,42
1.5138,4.3388,6.3674,0.9778,2.1104,3.1061,0.0,0.0,0.0,0.0,0.0,0.0,0.0,0.0,0.0,ok,straight,1.5138,3.7692,6.3566,0.9778,1.968,3.0093,True,"[-0.1305, -1.436, -0.0, -0.2611]","[-426.619, -513.0306, -59819.209, -828371.4893]","[4.3719, -1000509.861, -1059816.0395, -1828368.3197]","[3.009, 2.941, 8.488, 9.351]","[[[4.2569, 0.0], [7.9688, 0.0], [12.5373, -0.1305], [15.6781, -0.1305], [19.9611, -0.1305], [22.2453, -0.2611]], [[4.2569, 0.0], [7.9688, 0.0], [12.5373, -0.1305], [15.6781, -0.1305], [19.39, 0.0], [23.6729, -2.8721]], [[4.2569, 0.0], [7.9688, 0.0], [12.5373, -0.1305], [15.6781, -0.1305], [25.6716, 0.0], [69.6432, 0.0]], [[4.2569, 0.0], [7.9688, 0.0], [12.5373, -0.1305], [15.6781, -0.1305], [69.6432, -0.2611], [26.2427, -0.5222]]]",2.9878,0.0,0.0,0.0,0.0,0.0,0.0,True,"[1, 1, 1]",0.0,0.0,0.0,2.9405,4.0,1.5138,3.7692,5.3612,0.9778,1.968,2.9405,"[[4.257, 0.0], [7.969, 0.0], [12.537, -0.131], [15.678, -0.131], [19.961, -0.131], [22.245, -0.261]]",ok,9.3506,0.0,0.0,0.0,0.0,0.0,0.0,0.0,0.0,0.0,355be35606a1455e83b171ce89822e54,scene-0110,42
1.2111,2.1373,3.9938,0.9854,1.4436,2.052,0.0,0.0,0.0,0.0,0.0,0.0,0.0,0.0,0.0,ok,straight,1.2111,2.1373,3.9938,0.9854,1.3723,2.0045,True,"[-0.0, -0.1958, -0.0, -0.0653]","[-62.9098, -58.0773, -967.9621, -62543.6476]","[3.4317, 0.9824, -1000965.9353, -1062541.6208]","[2.004, 1.747, 1.637, 3.406]","[[[1.1161, 0.0], [2.2582, 0.0], [3.6858, 0.0], [4.5424, 0.0], [5.6846, 0.0], [5.6846, 0.0]], [[1.1161, 0.0], [2.2582, 0.0], [3.6858, 0.0], [4.5424, 0.0], [5.6846, 0.2611], [7.3977, -0.3916]], [[1.1161, 0.0], [2.2582, 0.0], [3.6858, 0.0], [4.5424, 0.0], [5.1135, -0.2611], [10.5386, 0.0]], [[1.1161, 0.0], [2.2582, 0.0], [3.6858, 0.0], [4.5424, 0.0], [19.1045, 0.9138], [5.6846, -0.1305]]]",0.7095,0.0,0.0,0.0,0.0,0.0,0.0,True,"[1, 1, 1]",0.0,0.0,0.0,1.6372,4.0,1.2111,2.1373,1.1791,0.9854,1.3723,1.6372,"[[1.116, 0.0], [2.258, 0.0], [3.686, 0.0], [4.542, 0.0], [5.685, 0.0], [5.685, 0.0]]",ok,3.4056,0.0,0.0,0.0,0.0,0.0,0.0,0.0,0.0,0.0,79070dca796f4ffb868d84f1b067f9c2,scene-0221,42
0.3811,0.8948,0.8667,0.2972,0.5918,0.8314,0.0,0.0,0.0,0.0,0.0,0.0,0.0,0.0,0.0,ok,straight,0.0982,1.4657,1.7231,0.0862,0.629,0.9989,False,"[-0.0, -2.4152, -8.2899, -0.1958]","[-24.8187, -4663.4799, -17089.8679, -34489.7825]","[5.1368, -1004660.2093, -1017086.5973, -1034486.5119]","[0.999, 2.253, 3.913, 2.867]","[[[0.545, 0.0], [0.8306, 0.0], [1.6871, 0.0], [2.2582, 0.0], [2.5437, 0.0], [2.5437, 0.0]], [[0.545, 0.0], [0.8306, 0.0], [1.6871, 0.0], [2.2582, 0.0], [1.6871, 0.0], [9.682, -4.8303]], [[0.545, 0.0], [0.8306, 0.0], [1.6871, 0.0], [2.2582, 0.0], [2.2582, 0.1305], [11.1096, 16.5798]], [[0.545, 0.0], [0.8306, 0.0], [1.6871, 0.0], [2.2582, 0.0], [12.8228, 2.8721], [3.1148, 0.3916]]]",1.0541,0.0,0.0,0.0,0.0,0.0,0.0,True,"[1, 1, 1]",0.0,0.0,0.0,0.9989,4.0,0.0982,1.4657,1.7231,0.0862,0.629,0.9989,"[[0.545, 0.0], [0.831, 0.0], [1.687, 0.0], [2.258, 0.0], [2.544, 0.0], [2.544, 0.0]]",ok,3.9129,0.0,0.0,1.0,0.0,0.0,1.0,0.0,0.0,0.16666666666666666,eda82ccd4f3747eab66d9c402317dbc9,scene-0221,42
1.5267,2.6911,3.3634,1.1094,1.8138,2.3513,0.0,0.0,0.0,0.0,0.0,0.0,0.0,0.0,0.0,ok,left,1.5267,0.7766,4.0874,1.1094,1.1285,2.0151,True,"[1.2402, -8.2899, 8.2899, 1.3708]","[-1388.2559, -29313.4585, -35519.723, -72589.5516]","[-1001386.4973, -1029311.6998, -1035517.9644, -1072587.793]","[2.015, 4.398, 5.151, 3.633]","[[[1.1161, 0.1305], [2.2582, 0.2611], [4.5424, 1.6971], [7.1122, 1.436], [5.9701, 1.6971], [6.8267, 2.4804]], [[1.1161, 0.1305], [2.2582, 0.2611], [4.5424, 1.6971], [7.1122, 1.436], [9.1109, 3.7859], [6.8267, -16.5798]], [[1.1161, 0.1305], [2.2582, 0.2611], [4.5424, 1.6971], [7.1122, 1.436], [7.1122, 16.5798], [8.5399, 16.5798]], [[1.1161, 0.1305], [2.2582, 0.2611], [4.5424, 1.6971], [7.1122, 1.436], [6.8267, 16.5798], [7.3977, 2.7415]]]",1.1616,0.0,0.0,0.0,0.0,0.0,0.0,False,"[1, 1, 1]",0.0,0.0,0.0,2.0151,4.0,1.5267,0.7766,4.0874,1.1094,1.1285,2.0151,"[[1.116, 0.131], [2.258, 0.261], [4.542, 1.697], [7.112, 1.436], [5.97, 1.697], [6.827, 2.48]]",ok,5.1514,0.0,1.0,0.0,0.0,1.0,1.0,0.0,0.25,0.3333333333333333,4fa6e380731d4819bc404bcf38240a90,scene-0221,42
0.6831,0.2228,1.4417,0.5502,0.4587,0.7922,0.0,0.0,0.0,0.0,0.0,0.0,0.0,0.0,0.0,ok,straight,0.6831,0.2923,1.4417,0.5502,0.4761,0.8038,False,"[-0.0653, -0.0, -0.1305, -0.1305]","[-235.3985, -796.9613, -1539.1962, -5533.3892]","[4.2269, -1000793.8982, -1001536.1331, -1005530.3261]","[0.804, 1.843, 0.812, 1.522]","[[[1.6871, 0.0], [3.1148, 0.0], [4.5424, 0.0], [6.2556, 0.0], [6.5412, -0.1305], [8.5399, -0.1305]], [[1.6871, 0.0], [3.1148, 0.0], [4.5424, 0.0], [6.2556, 0.0], [4.5424, 0.0], [4.2569, 0.0]], [[1.6871, 0.0], [3.1148, 0.0], [4.5424, 0.0], [6.2556, 0.0], [10.5386, 0.0], [9.9675, -0.2611]], [[1.6871, 0.0], [3.1148, 0.0], [4.5424, 0.0], [6.2556, 0.0], [5.399, -0.2611], [14.536, -0.2611]]]",0.4516,0.0,0.0,0.0,0.0,0.0,0.0,True,"[1, 1, 1]",0.0,0.0,0.0,0.8038,4.0,0.6831,0.2923,1.4417,0.5502,0.4761,0.8038,"[[1.687, 0.0], [3.115, 0.0], [4.542, 0.0], [6.256, 0.0], [6.541, -0.131], [8.54, -0.131]]",ok,1.8427,0.0,0.0,0.0,0.0,0.0,0.0,0.0,0.0,0.0,a5e43b1d5df14313b0ad5e9a7310c355,scene-0221,42
3.0657,6.9851,9.8948,2.3684,4.2459,5.9263,0.0,0.0,0.0,0.0,0.0,0.0,0.0,0.0,0.0,ok,left,3.6453,6.9851,9.8948,2.9436,4.3892,6.0218,False,"[1.2402, 8.2899, 8.2899, 8.2899]","[-256.9791, -29962.143, -30639.3077, -32575.1734]","[2.29, -1029959.8485, -1030637.0131, -1032572.8789]","[6.022, 7.995, 7.359, 6.778]","[[[2.5437, 0.1305], [5.9701, 0.6527], [9.682, 0.7833], [12.2517, 1.6971], [15.3926, 1.6971], [19.9611, 2.4804]], [[2.5437, 0.1305], [5.9701, 0.6527], [9.682, 0.7833], [12.2517, 1.6971], [15.107, 16.5798], [21.1032, 16.5798]], [[2.5437, 0.1305], [5.9701, 0.6527], [9.682, 0.7833], [12.2517, 1.6971], [18.8189, 16.5798], [25.6716, 16.5798]], [[2.5437, 0.1305], [5.9701, 0.6527], [9.682, 0.7833], [12.2517, 1.6971], [21.1032, 1.1749], [13.6794, 16.5798]]]",0.7277,0.0,0.0,0.0,0.0,0.0,0.0,True,"[1, 1, 1]",0.0,0.0,0.0,6.0218,4.0,3.6453,6.9851,9.8948,2.9436,4.3892,6.0218,"[[2.544, 0.131], [5.97, 0.653], [9.682, 0.783], [12.252, 1.697], [15.393, 1.697], [19.961, 2.48]]",ok,7.9948,0.0,0.0,0.0,0.0,0.0,0.0,0.0,0.0,0.0,30e55a3ec6184d8cb1944b39ba19d622,scene-0268,42
1.6946,2.6942,3.4579,1.2772,2.0213,2.3549,0.0,0.0,0.0,0.0,0.0,0.0,0.0,0.0,0.0,ok,straight,1.6946,3.2622,2.3193,1.2772,2.1633,2.3594,False,"[-0.0653, -0.0653, -1.1097, -0.1958]","[-65.7264, -66.5019, -167.9495, -177193.9082]","[4.3244, 4.3244, 1.9312, -1177190.8343]","[2.359, 2.592, 2.267, 10.435]","[[[3.1148, 0.0], [6.5412, 0.0], [9.1109, 0.0], [12.2517, 0.0], [15.6781, 0.1305], [19.39, -0.1305]], [[3.1148, 0.0], [6.5412, 0.0], [9.1109, 0.0], [12.2517, 0.0], [15.3926, -0.1305], [18.2479, -0.1305]], [[3.1148, 0.0], [6.5412, 0.0], [9.1109, 0.0], [12.2517, 0.0], [16.2492, -0.1305], [20.2466, -2.2193]], [[3.1148, 0.0], [6.5412, 0.0], [9.1109, 0.0], [12.2517, 0.0], [12.8228, 0.0], [69.6432, -0.3916]]]",3.4787,0.0,0.0,0.0,0.0,0.0,0.0,True,"[1, 1, 1]",0.0,0.0,0.0,2.2674,4.0,1.6946,3.2622,2.3647,1.2772,2.1633,2.2674,"[[3.115, 0.0], [6.541, 0.0], [9.111, 0.0], [12.252, 0.0], [15.678, 0.131], [19.39, -0.131]]",ok,10.4353,0.0,0.0,0.0,0.0,0.0,0.0,0.0,0.0,0.0,f7d75d25c86941f3aecfed9efea1a3e3,scene-0268,42
0.2514,0.661,2.5055,0.1342,0.3301,0.9211,0.0,0.0,0.0,0.0,0.0,0.0,0.0,0.0,0.0,ok,straight,0.2514,0.661,2.5055,0.1342,0.3301,0.7787,True,"[-0.0653, -0.0653, -0.1305, -0.0]","[-43.1487, -148.5218, -1446.9897, -9622.0832]","[2.8935, 2.867, -1001444.7947, -1009619.8881]","[0.779, 0.309, 0.785, 1.752]","[[[2.2582, 0.0], [4.5424, 0.0], [6.5412, 0.0], [8.5399, 0.0], [10.253, -0.1305], [13.1083, -0.1305]], [[2.2582, 0.0], [4.5424, 0.0], [6.5412, 0.0], [8.5399, 0.0], [9.1109, -0.2611], [10.5386, 0.1305]], [[2.2582, 0.0], [4.5424, 0.0], [6.5412, 0.0], [8.5399, 0.0], [8.2543, 0.0], [12.8228, -0.2611]], [[2.2582, 0.0], [4.5424, 0.0], [6.5412, 0.0], [8.5399, 0.0], [13.6794, 0.1305], [5.6846, 0.0]]]",0.5252,0.0,0.0,0.0,0.0,0.0,0.0,True,"[1, 1, 1]",0.0,0.0,0.0,0.3088,4.0,0.2514,0.661,0.1592,0.1342,0.3301,0.3088,"[[2.258, 0.0], [4.542, 0.0], [6.541, 0.0], [8.54, 0.0], [10.253, -0.131], [13.108, -0.131]]",ok,1.7521,0.0,0.0,0.0,0.0,0.0,0.0,0.0,0.0,0.0,f38aedc5545643d5be815165c6574186,scene-0268,42
0.5176,1.2116,2.3586,0.4107,0.7138,1.1547,0.0,0.0,0.0,0.0,0.0,0.0,0.0,0.0,0.0,ok,straight,0.5176,1.2116,2.3586,0.4107,0.7138,1.1547,False,"[-0.0, -0.0653, -0.0, -0.1305]","[-0.013, -442.1948, -15943.578, -172175.0884]","[3.0507, -1000440.6991, -1015942.0822, -1172173.5926]","[1.155, 1.701, 1.727, 12.456]","[[[-0.026, 0.0], [-0.026, 0.0], [-0.026, 0.0], [-0.026, 0.0], [-0.026, 0.0], [-0.026, 0.0]], [[-0.026, 0.0], [-0.026, 0.0], [-0.026, 0.0], [-0.026, 0.0], [2.5437, 0.0], [8.8254, 0.1305]], [[-0.026, 0.0], [-0.026, 0.0], [-0.026, 0.0], [-0.026, 0.0], [7.3977, -0.3916], [0.545, 0.0]], [[-0.026, 0.0], [-0.026, 0.0], [-0.026, 0.0], [-0.026, 0.0], [6.2556, 0.0], [69.6432, -0.2611]]]",4.7375,0.0,0.0,0.0,0.0,0.0,0.0,True,"[1, 1, 1]",0.0,0.0,0.0,1.1547,4.0,0.5176,1.2116,2.3586,0.4107,0.7138,1.1547,"[[-0.026, 0.0], [-0.026, 0.0], [-0.026, 0.0], [-0.026, 0.0], [-0.026, 0.0], [-0.026, 0.0]]",ok,12.4558,0.0,1.0,1.0,0.0,1.0,1.0,0.0,0.25,0.5,8d4ef2af6b394e5e8ccfd6e2e90156dc,scene-0268,42
0.6913,1.979,4.6654,0.3836,1.0276,2.0705,0.0,0.0,0.0,0.0,0.0,0.0,0.0,0.0,0.0,ok,left,0.9625,1.979,4.9184,0.8735,1.2015,2.2286,False,"[2.3499, 8.2899, -2.2846, -8.2899]","[-451.6271, -12869.1087, -83672.7485, -96353.9604]","[3.6188, -1012867.0095, -1083670.6492, -1096351.8612]","[2.229, 2.903, 4.67, 6.086]","[[[2.5437, 0.1305], [3.4003, 0.7833], [5.399, 1.6971], [6.5412, 3.0026], [7.3977, 3.0026], [8.2543, 4.6998]], [[2.5437, 0.1305], [3.4003, 0.7833], [5.399, 1.6971], [6.5412, 3.0026], [9.9675, 2.611], [9.1109, 16.5798]], [[2.5437, 0.1305], [3.4003, 0.7833], [5.399, 1.6971], [6.5412, 3.0026], [9.9675, 16.5798], [12.8228, -4.5692]], [[2.5437, 0.1305], [3.4003, 0.7833], [5.399, 1.6971], [6.5412, 3.0026], [10.253, 12.9244], [9.9675, -16.5798]]]",1.5116,0.0,0.0,0.0,0.0,0.0,0.0,True,"[1, 1, 1]",0.0,0.0,0.0,2.2286,4.0,0.9625,1.979,4.9184,0.8735,1.2015,2.2286,"[[2.544, 0.131], [3.4, 0.783], [5.399, 1.697], [6.541, 3.003], [7.398, 3.003], [8.254, 4.7]]",ok,6.0863,0.0,0.0,0.0,0.0,0.0,0.0,0.0,0.0,0.0,adce54dcf6404d37bd170ffc4c2a7836,scene-0269,42
0.9408,0.9851,3.3868,0.7154,0.9856,1.5799,0.0,0.0,0.0,0.0,0.0,0.0,0.0,0.0,0.0,ok,straight,0.9408,0.4253,3.6866,0.7154,0.8457,1.3943,True,"[-1.0444, -0.7833, -0.4569, -8.2899]","[-93.9863, -365.1615, -1076.122, -21284.548]","[3.9005, -1000362.3738, -1001073.3343, -1021281.7603]","[1.394, 1.267, 1.051, 4.205]","[[[3.6858, -0.1305], [7.3977, -0.2611], [11.1096, -0.5222], [15.6781, -0.7833], [19.1045, -1.1749], [21.9598, -2.0888]], [[3.6858, -0.1305], [7.3977, -0.2611], [11.1096, -0.5222], [15.6781, -0.7833], [20.2466, -0.7833], [21.6742, -1.5666]], [[3.6858, -0.1305], [7.3977, -0.2611], [11.1096, -0.5222], [15.6781, -0.7833], [20.8176, -2.8721], [24.8151, -0.9138]], [[3.6858, -0.1305], [7.3977, -0.2611], [11.1096, -0.5222], [15.6781, -0.7833], [19.9611, -1.0444], [14.2505, 16.5798]]]",1.2906,0.0,0.0,0.0,0.0,0.0,0.0,True,"[1, 1, 1]",0.0,0.0,0.0,1.0513,4.0,0.9408,0.4253,1.0317,0.7154,0.8457,1.0513,"[[3.686, -0.131], [7.398, -0.261], [11.11, -0.522], [15.678, -0.783], [19.104, -1.175], [21.96, -2.089]]",ok,4.2046,0.0,0.0,0.0,0.0,0.0,0.0,0.0,0.0,0.0,1220f9a205ae44418fcce91722e1e601,scene-0269,42
1.2879,1.9825,6.8346,1.1077,1.4266,3.0025,0.0,0.0,0.0,0.0,0.0,0.0,0.0,0.0,0.0,ok,straight,1.0187,1.9825,4.559,0.8305,1.288,2.533,True,"[-0.5875, -1.2402, -0.5222, -0.3264]","[-760.0952, -4642.2807, -13981.2292, -877055.8089]","[-1000759.1977, -1004641.3832, -1013980.3316, -1877054.9114]","[2.533, 2.174, 2.975, 10.086]","[[[3.9714, 0.0], [8.2543, 0.0], [12.5373, -0.2611], [16.8202, -0.5222], [19.1045, -0.7833], [24.8151, -1.1749]], [[3.9714, 0.0], [8.2543, 0.0], [12.5373, -0.2611], [16.8202, -0.5222], [23.9585, -0.7833], [22.2453, -2.4804]], [[3.9714, 0.0], [8.2543, 0.0], [12.5373, -0.2611], [16.8202, -0.5222], [18.5334, -1.6971], [35.9507, -1.0444]], [[3.9714, 0.0], [8.2543, 0.0], [12.5373, -0.2611], [16.8202, -0.5222], [69.6432, -0.7833], [19.1045, -0.6527]]]",3.2708,0.0,0.0,0.0,0.0,0.0,0.0,False,"[1, 1, 1]",0.0,0.0,0.0,2.1737,4.0,1.0187,1.9825,7.1499,0.8305,1.288,2.1737,"[[3.971, 0.0], [8.254, 0.0], [12.537, -0.261], [16.82, -0.522], [19.104, -0.783], [24.815, -1.175]]",ok,10.0856,0.0,0.0,0.0,0.0,0.0,0.0,0.0,0.0,0.0,802619f6fb5940608483cb29fc1beab6,scene-0269,42
0.4207,0.5868,0.5772,0.2899,0.4555,0.4595,0.0,0.0,0.0,0.0,0.0,0.0,0.0,0.0,0.0,ok,straight,0.4207,0.5868,1.726,0.2899,0.449,0.8218,False,"[-0.718, -0.9791, -1.8277, -0.5875]","[-362.8736, -161.0423, -362.8288, -662586.2245]","[4.1209, 3.5807, 1.8221, -1662583.323]","[0.822, 0.809, 1.1, 9.16]","[[[4.5424, 0.0], [8.8254, -0.1305], [13.3939, -0.2611], [18.2479, -0.5222], [22.2453, -1.0444], [29.098, -1.436]], [[4.5424, 0.0], [8.8254, -0.1305], [13.3939, -0.2611], [18.2479, -0.5222], [23.3874, -1.9582], [29.098, -1.9582]], [[4.5424, 0.0], [8.8254, -0.1305], [13.3939, -0.2611], [18.2479, -0.5222], [24.8151, -1.9582], [29.3835, -3.6554]], [[4.5424, 0.0], [8.8254, -0.1305], [13.3939, -0.2611], [18.2479, -0.5222], [69.6432, 0.0], [34.5231, -1.1749]]]",3.5739,0.0,0.0,0.0,0.0,0.0,0.0,True,"[1, 1, 1]",0.0,0.0,0.0,0.8094,4.0,0.4207,0.5868,1.8581,0.2899,0.449,0.8094,"[[4.542, 0.0], [8.825, -0.131], [13.394, -0.261], [18.248, -0.522], [22.245, -1.044], [29.098, -1.436]]",ok,9.1596,0.0,0.0,0.0,0.0,0.0,0.0,0.0,0.0,0.0,5abd3d15e63c44a8a8189a6e70a496ef,scene-0269,42
0.9317,2.9207,3.4587,0.5796,1.4077,2.1521,0.0,0.0,0.0,0.0,0.0,0.0,0.0,0.0,0.0,ok,straight,0.9317,2.9207,3.4587,0.5796,1.4077,2.1521,False,"[-0.0653, -0.1305, -8.2899, -0.1305]","[-49.3331, -596.0402, -14021.7268, -19889.2689]","[3.5819, 3.4998, -1014019.7364, -1019887.2785]","[2.152, 3.202, 4.58, 3.122]","[[[3.6858, 0.0], [7.3977, 0.0], [11.1096, -0.1305], [15.3926, -0.1305], [19.1045, -0.1305], [21.3887, -0.1305]], [[3.6858, 0.0], [7.3977, 0.0], [11.1096, -0.1305], [15.3926, -0.1305], [21.6742, 0.3916], [25.1006, 0.2611]], [[3.6858, 0.0], [7.3977, 0.0], [11.1096, -0.1305], [15.3926, -0.1305], [19.1045, 0.0], [24.8151, 16.5798]], [[3.6858, 0.0], [7.3977, 0.0], [11.1096, -0.1305], [15.3926, -0.1305], [13.6794, -0.3916], [29.3835, -0.2611]]]",0.8648,0.0,0.0,0.0,0.0,0.0,0.0,True,"[1, 1, 1]",0.0,0.0,0.0,2.1521,4.0,0.9317,2.9207,3.4587,0.5796,1.4077,2.1521,"[[3.686, 0.0], [7.398, 0.0], [11.11, -0.131], [15.393, -0.131], [19.104, -0.131], [21.389, -0.131]]",ok,4.5798,0.0,0.0,0.0,0.0,0.0,0.0,0.0,0.0,0.0,51f37263b06c417e94138f2d9348f909,scene-0270,42
1.2381,2.5748,3.5796,0.8836,1.5495,2.2069,0.0,0.0,0.0,0.0,0.0,0.0,0.0,0.0,0.0,ok,straight,1.2381,2.5748,3.5796,0.8836,1.5495,2.2069,False,"[-0.0, -0.3916, -0.1958, -0.3916]","[-17.2085, -108.2659, -244.4563, -14350.7333]","[6.3196, 3.8927, -1000240.2389, -1014346.5158]","[2.207, 3.303, 3.446, 3.308]","[[[2.2582, 0.0], [4.5424, 0.0], [6.5412, 0.0], [8.5399, 0.0], [10.5386, 0.0], [11.6807, 0.0]], [[2.2582, 0.0], [4.5424, 0.0], [6.5412, 0.0], [8.5399, 0.0], [11.6807, -0.1305], [17.1058, -0.7833]], [[2.2582, 0.0], [4.5424, 0.0], [6.5412, 0.0], [8.5399, 0.0], [11.6807, 0.0], [17.9623, 0.3916]], [[2.2582, 0.0], [4.5424, 0.0], [6.5412, 0.0], [8.5399, 0.0], [17.1058, 0.0], [11.6807, -0.7833]]]",0.4992,0.0,0.0,0.0,0.0,0.0,0.0,True,"[1, 1, 1]",0.0,0.0,0.0,2.2069,4.0,1.2381,2.5748,3.5796,0.8836,1.5495,2.2069,"[[2.258, 0.0], [4.542, 0.0], [6.541, 0.0], [8.54, 0.0], [10.539, 0.0], [11.681, 0.0]]",ok,3.446,0.0,0.0,0.0,0.0,0.0,0.0,0.0,0.0,0.0,7b175346a22b4e68b54a9d21f88446dc,scene-0270,42
0.1637,0.1585,0.1591,0.165,0.1617,0.1608,0.0,0.0,0.0,0.0,0.0,0.0,0.0,0.0,0.0,ok,straight,0.1637,0.1585,0.9853,0.165,0.1617,0.2985,False,"[-0.0, -0.0, -0.0]","[-25.0582, -4036.7053, -18880.487]","[2.7424, -1004034.9027, -1018878.6844]","[0.298, 0.817, 1.415]","[[[-0.026, 0.0], [-0.026, 0.0], [-0.026, 0.0], [-0.026, 0.0], [-0.026, 0.0], [1.1161, 0.0]], [[-0.026, 0.0], [-0.026, 0.0], [-0.026, 0.0], [-0.026, 0.0], [3.9714, 0.1305], [0.545, 0.0]], [[-0.026, 0.0], [-0.026, 0.0], [-0.026, 0.0], [-0.026, 0.0], [7.6833, -1.436], [-0.026, 0.0]]]",0.4561,0.0,0.0,0.0,0.0,0.0,0.0,True,"[1, 1, 1]",0.0,0.0,0.0,0.2985,3.0,0.1637,0.1585,0.9853,0.165,0.1617,0.2985,"[[-0.026, 0.0], [-0.026, 0.0], [-0.026, 0.0], [-0.026, 0.0], [-0.026, 0.0], [1.116, 0.0]]",ok,1.4148,0.0,0.0,0.0,0.0,0.0,0.0,0.0,0.0,0.0,849bde6d489544178c838baa28142bd4,scene-0270,42
0.3452,0.1155,0.698,0.3426,0.2456,0.3407,0.0,0.0,0.0,0.0,0.0,0.0,0.0,0.0,0.0,ok,straight,0.3452,0.9705,0.698,0.1999,0.5116,0.5655,False,"[-0.0, -0.0, -0.0653, -0.3264]","[-19.555, -64.6885, -8.9795, -709.0763]","[3.076, 2.9227, 2.6269, -1000707.3429]","[0.566, 0.518, 0.481, 0.969]","[[[0.2595, 0.0], [0.2595, 0.0], [0.2595, 0.0], [0.2595, 0.0], [0.8306, 0.0], [1.1161, 0.0]], [[0.2595, 0.0], [0.2595, 0.0], [0.2595, 0.0], [0.2595, 0.0], [1.1161, 0.0], [1.1161, 0.0]], [[0.2595, 0.0], [0.2595, 0.0], [0.2595, 0.0], [0.2595, 0.0], [0.8306, 0.0], [1.9727, -0.1305]], [[0.2595, 0.0], [0.2595, 0.0], [0.2595, 0.0], [0.2595, 0.0], [-0.026, 0.0], [3.9714, 0.6527]]]",0.1961,0.0,0.0,0.0,0.0,0.0,0.0,True,"[1, 1, 1]",0.0,0.0,0.0,0.4808,4.0,0.3452,0.9705,0.1898,0.1999,0.5116,0.4808,"[[0.259, 0.0], [0.259, 0.0], [0.259, 0.0], [0.259, 0.0], [0.831, 0.0], [1.116, 0.0]]",ok,0.969,0.0,0.0,0.0,0.0,0.0,0.0,0.0,0.0,0.0,9de41b523cce4fb3aa4f6230ec06345d,scene-0270,42
4.0168,6.2673,9.4793,3.2995,4.4675,5.909,0.0,1.0,0.0,0.0,1.0,1.0,0.0,0.5,0.5,ok,straight,4.0168,6.5529,9.4793,3.2995,4.5389,6.0042,False,"[-0.0653, -0.5875, -0.0653, -0.1305]","[-25.2978, -469.5268, -6376.1468, -125979.0021]","[4.3781, -1000466.4403, -1006373.0603, -1125975.9156]","[6.004, 6.445, 4.66, 15.473]","[[[2.8293, 0.0], [5.1135, 0.0], [7.3977, 0.0], [10.253, -0.1305], [13.1083, -0.1305], [15.3926, -0.1305]], [[2.8293, 0.0], [5.1135, 0.0], [7.3977, 0.0], [10.253, -0.1305], [13.3939, 0.7833], [17.6768, -1.1749]], [[2.8293, 0.0], [5.1135, 0.0], [7.3977, 0.0], [10.253, -0.1305], [13.6794, -0.2611], [5.399, 0.1305]], [[2.8293, 0.0], [5.1135, 0.0], [7.3977, 0.0], [10.253, -0.1305], [15.6781, 0.0], [69.6432, -0.2611]]]",4.2813,0.0,1.0,0.0,0.0,1.0,1.0,True,"[1, 1, 1]",0.0,0.5,0.5,4.6603,4.0,4.0168,6.5529,0.8472,3.2995,4.5389,4.6603,"[[2.829, 0.0], [5.113, 0.0], [7.398, 0.0], [10.253, -0.131], [13.108, -0.131], [15.393, -0.131]]",ok,15.4733,0.0,1.0,1.0,0.0,1.0,1.0,0.0,0.5,0.6666666666666666,c28c950afda14f7b93ff956799873dff,scene-0271,42
3.885,8.8132,11.2043,3.0266,5.2638,7.155,0.0,0.0,0.0,0.0,0.0,0.0,0.0,0.0,0.0,ok,straight,3.885,8.8132,11.2043,3.0266,5.2638,7.0132,True,"[-0.3264, -0.1958, -2.2846, -1.1749]","[-198.0088, -19575.3783, -23616.1101, -58481.8147]","[5.9089, -1019571.4743, -1023612.206, -1058477.9106]","[7.013, 9.316, 8.743, 9.96]","[[[4.828, 0.0], [9.1109, 0.0], [13.9649, 0.1305], [19.1045, 0.0], [22.5308, 0.1305], [26.5282, 0.6527]], [[4.828, 0.0], [9.1109, 0.0], [13.9649, 0.1305], [19.1045, 0.0], [21.1032, -0.5222], [41.6613, 0.3916]], [[4.828, 0.0], [9.1109, 0.0], [13.9649, 0.1305], [19.1045, 0.0], [31.3822, 1.3055], [26.5282, -4.5692]], [[4.828, 0.0], [9.1109, 0.0], [13.9649, 0.1305], [19.1045, 0.0], [22.2453, -11.3578], [38.235, 2.3499]]]",1.0955,0.0,0.0,0.0,0.0,0.0,0.0,True,"[1, 1, 1]",0.0,0.0,0.0,7.0132,4.0,3.885,8.8132,11.2043,3.0266,5.2638,7.0132,"[[4.828, 0.0], [9.111, 0.0], [13.965, 0.131], [19.104, 0.0], [22.531, 0.131], [26.528, 0.653]]",ok,9.9596,0.0,0.0,0.0,0.0,0.0,0.0,0.0,0.0,0.0,28b11a54a9554bcab30d73ee193046b5,scene-0271,42
3.1374,6.2199,9.8301,2.2626,3.793,5.6251,0.0,0.0,0.0,0.0,0.0,0.0,0.0,0.0,0.0,ok,straight,3.1374,8.5064,9.8301,2.2626,4.7209,6.1961,False,"[-0.0653, -0.0, -0.1305, -8.2899]","[-541.7794, -4731.9247, -7039.0569, -16444.0758]","[4.8997, -1004728.7427, -1007035.8749, -1016440.8939]","[6.196, 6.72, 6.056, 8.208]","[[[3.1148, 0.0], [6.5412, 0.0], [10.5386, -0.1305], [14.2505, 0.0], [15.107, -0.1305], [17.3913, -0.1305]], [[3.1148, 0.0], [6.5412, 0.0], [10.5386, -0.1305], [14.2505, 0.0], [13.9649, -0.5222], [21.6742, 0.0]], [[3.1148, 0.0], [6.5412, 0.0], [10.5386, -0.1305], [14.2505, 0.0], [12.2517, -0.1305], [19.39, 0.2611]], [[3.1148, 0.0], [6.5412, 0.0], [10.5386, -0.1305], [14.2505, 0.0], [15.107, 0.0], [21.3887, 16.5798]]]",0.8526,0.0,0.0,0.0,0.0,0.0,0.0,True,"[1, 1, 1]",0.0,0.0,0.0,6.056,4.0,3.1374,8.5064,11.8437,2.2626,4.7209,6.056,"[[3.115, 0.0], [6.541, 0.0], [10.539, -0.131], [14.25, 0.0], [15.107, -0.131], [17.391, -0.131]]",ok,8.2083,0.0,0.0,0.0,0.0,0.0,0.0,0.0,0.0,0.0,f09c85b7ca614a97b5a2293ad5b1182c,scene-0271,42
5.1137,9.6831,15.3934,3.9716,6.2564,8.731,0.0,0.0,0.0,0.0,0.0,0.0,0.0,0.0,0.0,ok,straight,5.3992,9.6831,15.3951,3.9716,6.2564,8.7316,False,"[-0.1305, -1.5666, -0.6527, -0.6527]","[-76.0387, -1083.6819, -14797.4791, -84681.4263]","[4.6778, -1001080.923, -1014794.7202, -1084678.6674]","[8.732, 9.3, 9.456, 10.031]","[[[2.5437, 0.0], [5.399, 0.0], [7.3977, 0.1305], [9.682, 0.1305], [11.9662, 0.2611], [15.3926, 0.2611]], [[2.5437, 0.0], [5.399, 0.0], [7.3977, 0.1305], [9.682, 0.1305], [12.2517, 0.3916], [18.2479, -3.1332]], [[2.5437, 0.0], [5.399, 0.0], [7.3977, 0.1305], [9.682, 0.1305], [18.5334, 0.2611], [13.1083, 1.3055]], [[2.5437, 0.0], [5.399, 0.0], [7.3977, 0.1305], [9.682, 0.1305], [13.1083, 16.5798], [13.9649, 1.3055]]]",0.4627,0.0,0.0,0.0,0.0,0.0,0.0,True,"[1, 1, 1]",0.0,0.0,0.0,8.7316,4.0,5.3992,9.6831,15.3951,3.9716,6.2564,8.7316,"[[2.544, 0.0], [5.399, 0.0], [7.398, 0.131], [9.682, 0.131], [11.966, 0.261], [15.393, 0.261]]",ok,10.0311,0.0,0.0,0.0,0.0,0.0,0.0,0.0,0.0,0.0,95da06d762ea41ed8050c8d7a9cefa8c,scene-0271,42
4.5443,9.9709,15.4064,3.6868,6.2572,8.8298,0.0,0.0,0.0,0.0,0.0,0.0,0.0,0.0,0.0,ok,straight,4.5443,9.9709,14.8422,3.6868,6.2572,8.7357,True,"[-0.3916, -0.5222, -8.2899, -0.3264]","[-232.0205, -3134.9866, -9609.9953, -1120853.1087]","[4.3053, -1003131.8507, -1009606.8594, -2120849.9728]","[8.736, 10.499, 10.608, 18.252]","[[[2.8293, 0.0], [4.5424, 0.1305], [7.6833, 0.1305], [9.9675, 0.2611], [12.5373, 0.3916], [14.8215, 0.7833]], [[2.8293, 0.0], [4.5424, 0.1305], [7.6833, 0.1305], [9.9675, 0.2611], [17.3913, 0.7833], [20.5321, 1.0444]], [[2.8293, 0.0], [4.5424, 0.1305], [7.6833, 0.1305], [9.9675, 0.2611], [13.6794, 1.436], [18.5334, 16.5798]], [[2.8293, 0.0], [4.5424, 0.1305], [7.6833, 0.1305], [9.9675, 0.2611], [69.6432, 0.3916], [14.8215, 0.6527]]]",3.6716,0.0,0.0,0.0,0.0,0.0,0.0,True,"[1, 1, 1]",0.0,0.0,0.0,8.7357,4.0,4.5443,9.9709,14.8422,3.6868,6.2572,8.7357,"[[2.829, 0.0], [4.542, 0.131], [7.683, 0.131], [9.968, 0.261], [12.537, 0.392], [14.822, 0.783]]",ok,18.2515,0.0,1.0,0.0,0.0,1.0,1.0,0.0,0.25,0.3333333333333333,e261f474caa34797b0759aa2ca8a576d,scene-0272,42
3.7085,6.8091,7.6239,3.0529,4.6891,5.8836,0.0,0.0,0.0,0.0,0.0,0.0,0.0,0.0,0.0,ok,straight,3.7085,6.8091,7.6239,3.0529,4.6891,5.5509,True,"[-0.0653, -0.0653, -1.3708, -0.0653]","[-160.7803, -1489.4795, -20329.9159, -25305.4143]","[4.8416, -1001486.2614, -1020326.6978, -1025302.1962]","[5.551, 5.029, 6.287, 4.752]","[[[3.6858, 0.0], [6.5412, 0.0], [10.5386, 0.0], [13.6794, 0.0], [16.2492, 0.1305], [19.39, 0.1305]], [[3.6858, 0.0], [6.5412, 0.0], [10.5386, 0.0], [13.6794, 0.0], [13.9649, 0.1305], [18.5334, 0.1305]], [[3.6858, 0.0], [6.5412, 0.0], [10.5386, 0.0], [13.6794, 0.0], [23.3874, -0.5222], [16.2492, 2.7415]], [[3.6858, 0.0], [6.5412, 0.0], [10.5386, 0.0], [13.6794, 0.0], [7.6833, -0.2611], [19.6755, -0.1305]]]",0.5848,0.0,0.0,0.0,0.0,0.0,0.0,True,"[1, 1, 1]",0.0,0.0,0.0,4.7515,4.0,3.7085,6.8091,7.9337,3.0529,4.6891,4.7515,"[[3.686, 0.0], [6.541, 0.0], [10.539, 0.0], [13.679, 0.0], [16.249, 0.131], [19.39, 0.131]]",ok,6.2871,0.0,0.0,0.0,0.0,0.0,0.0,0.0,0.0,0.0,6e49bfd9f21447858938b77180bcb6b8,scene-0272,42
0.6498,0.4024,0.4361,0.555,0.5186,0.5137,0.0,0.0,0.0,0.0,0.0,0.0,0.0,0.0,0.0,ok,straight,0.6498,0.4024,0.5623,0.555,0.5186,0.5347,False,"[-0.0, -0.1958, -1.436, -0.1305]","[-35.7071, -58.2652, -3412.7411, -7028.6519]","[3.9777, 3.6317, -1003410.4248, -1007026.3355]","[0.535, 0.499, 1.34, 1.529]","[[[2.8293, 0.0], [5.399, 0.0], [7.6833, 0.0], [9.682, 0.0], [12.5373, 0.0], [15.3926, 0.0]], [[2.8293, 0.0], [5.399, 0.0], [7.6833, 0.0], [9.682, 0.0], [11.9662, -0.3916], [14.536, 0.3916]], [[2.8293, 0.0], [5.399, 0.0], [7.6833, 0.0], [9.682, 0.0], [14.8215, 0.1305], [13.1083, 2.8721]], [[2.8293, 0.0], [5.399, 0.0], [7.6833, 0.0], [9.682, 0.0], [15.9636, -0.1305], [11.9662, -0.2611]]]",0.4639,0.0,0.0,0.0,0.0,0.0,0.0,True,"[1, 1, 1]",0.0,0.0,0.0,0.4989,4.0,0.6498,0.4024,0.4608,0.555,0.5186,0.4989,"[[2.829, 0.0], [5.399, 0.0], [7.683, 0.0], [9.682, 0.0], [12.537, 0.0], [15.393, 0.0]]",ok,1.5292,0.0,0.0,0.0,0.0,0.0,0.0,0.0,0.0,0.0,670c160e6af24e7c8a8dc34aae1e3a1c,scene-0272,42
0.3771,2.7611,4.9065,0.284,1.1853,2.2171,0.0,0.0,0.0,0.0,0.0,0.0,0.0,0.0,0.0,ok,left,0.3771,2.2538,4.9065,0.284,1.0585,2.1326,True,"[2.2846, 8.2899, 3.5248, -5.6789]","[-36.3583, -63055.0355, -114167.8097, -155140.2993]","[2.5483, -1063053.9551, -1114166.7293, -1155139.2188]","[2.133, 5.269, 4.155, 6.994]","[[[2.2582, 0.1305], [4.5424, 0.5222], [6.8267, 1.0444], [9.1109, 1.6971], [11.1096, 2.4804], [13.1083, 4.5692]], [[2.2582, 0.1305], [4.5424, 0.5222], [6.8267, 1.0444], [9.1109, 1.6971], [19.9611, 16.5798], [9.682, 16.5798]], [[2.2582, 0.1305], [4.5424, 0.5222], [6.8267, 1.0444], [9.1109, 1.6971], [15.6781, -14.491], [16.5347, 7.0497]], [[2.2582, 0.1305], [4.5424, 0.5222], [6.8267, 1.0444], [9.1109, 1.6971], [34.8086, 2.611], [21.1032, -11.3578]]]",1.7649,0.0,0.0,0.0,0.0,0.0,0.0,True,"[1, 1, 1]",0.0,0.0,0.0,2.1326,4.0,0.3771,2.2538,4.9065,0.284,1.0585,2.1326,"[[2.258, 0.131], [4.542, 0.522], [6.827, 1.044], [9.111, 1.697], [11.11, 2.48], [13.108, 4.569]]",ok,6.9941,0.0,0.0,0.0,0.0,0.0,0.0,0.0,0.0,0.0,80d7c172efb64b5296f2d22f942bc963,scene-0272,42
1.3644,3.6603,4.2236,0.9397,2.1219,2.9094,0.0,0.0,0.0,0.0,0.0,0.0,0.0,0.0,0.0,ok,right,1.3644,4.9741,3.7192,0.9397,2.2344,2.9003,True,"[0.2611, 0.3264, 1.0444, -0.1958]","[-915.2482, -4492.2508, -12694.9742, -28734.983]","[4.7349, -1004488.3025, -1012691.0259, -1028731.0347]","[2.9, 1.982, 2.412, 3.725]","[[[2.8293, 0.0], [5.399, -0.1305], [8.8254, -0.2611], [9.682, -0.6527], [13.1083, -0.2611], [17.3913, -0.5222]], [[2.8293, 0.0], [5.399, -0.1305], [8.8254, -0.2611], [9.682, -0.6527], [17.1058, -0.7833], [21.1032, -0.6527]], [[2.8293, 0.0], [5.399, -0.1305], [8.8254, -0.2611], [9.682, -0.6527], [18.5334, -0.3916], [16.8202, -2.0888]], [[2.8293, 0.0], [5.399, -0.1305], [8.8254, -0.2611], [9.682, -0.6527], [18.5334, -5.222], [11.1096, 0.3916]]]",0.6477,0.0,0.0,0.0,0.0,0.0,0.0,True,"[1, 1, 1]",0.0,0.0,0.0,1.9818,4.0,1.3644,4.9741,1.7945,0.9397,2.2344,1.9818,"[[2.829, 0.0], [5.399, -0.131], [8.825, -0.261], [9.682, -0.653], [13.108, -0.261], [17.391, -0.522]]",ok,3.7253,0.0,0.0,0.0,0.0,0.0,0.0,0.0,0.0,0.0,1d477a7c21784a98b2e6a9289a958fe2,scene-0273,42
2.195,5.9344,10.7638,1.5328,3.3916,5.2535,0.0,0.0,0.0,0.0,0.0,0.0,0.0,0.0,0.0,ok,straight,2.195,5.9344,11.3491,1.5328,3.3916,5.5501,False,"[-0.718, -0.6527, -0.5222, -8.2899]","[-197.2484, -320.8043, -7790.7611, -9914.6575]","[4.7996, 4.7909, -1007787.5117, -1009911.4081]","[5.55, 5.266, 5.539, 7.471]","[[[3.6858, 0.0], [7.3977, -0.1305], [11.9662, -0.3916], [15.3926, -0.5222], [19.9611, -1.1749], [25.3861, -1.436]], [[3.6858, 0.0], [7.3977, -0.1305], [11.9662, -0.3916], [15.3926, -0.5222], [18.8189, -1.1749], [24.8151, -1.3055]], [[3.6858, 0.0], [7.3977, -0.1305], [11.9662, -0.3916], [15.3926, -0.5222], [23.6729, -1.0444], [21.6742, -1.0444]], [[3.6858, 0.0], [7.3977, -0.1305], [11.9662, -0.3916], [15.3926, -0.5222], [22.8163, 1.5666], [26.5282, 16.5798]]]",0.8816,0.0,0.0,0.0,0.0,0.0,0.0,True,"[1, 1, 1]",0.0,0.0,0.0,5.2663,4.0,2.195,5.9344,10.7638,1.5328,3.3916,5.2663,"[[3.686, 0.0], [7.398, -0.131], [11.966, -0.392], [15.393, -0.522], [19.961, -1.175], [25.386, -1.436]]",ok,7.4706,0.0,0.0,0.0,0.0,0.0,0.0,0.0,0.0,0.0,b513d361d0874bf8aa8eeae2e04dd25c,scene-0273,42
1.1518,3.3801,5.2104,0.8439,1.7426,2.7365,0.0,0.0,0.0,0.0,0.0,0.0,0.0,0.0,0.0,ok,right,1.1518,3.3801,5.1758,0.8439,1.7426,2.6908,True,"[1.436, 1.2402, 1.2402, 1.2402]","[-265.7334, -78.9165, -372.6959, -801598.4258]","[2.3362, 0.0274, 0.0265, -1801598.3989]","[2.691, 2.727, 2.573, 9.718]","[[[3.6858, -0.1305], [7.3977, -0.2611], [11.1096, -0.5222], [14.2505, -1.0444], [18.5334, -1.0444], [21.9598, -2.8721]], [[3.6858, -0.1305], [7.3977, -0.2611], [11.1096, -0.5222], [14.2505, -1.0444], [18.2479, -1.436], [21.9598, -2.4804]], [[3.6858, -0.1305], [7.3977, -0.2611], [11.1096, -0.5222], [14.2505, -1.0444], [19.1045, -1.9582], [21.9598, -2.4804]], [[3.6858, -0.1305], [7.3977, -0.2611], [11.1096, -0.5222], [14.2505, -1.0444], [69.6432, -0.6527], [31.0967, -2.4804]]]",3.0551,0.0,0.0,0.0,0.0,0.0,0.0,True,"[1, 1, 1]",0.0,0.0,0.0,2.5735,4.0,1.1518,3.3801,5.2104,0.8439,1.7426,2.5735,"[[3.686, -0.131], [7.398, -0.261], [11.11, -0.522], [14.25, -1.044], [18.533, -1.044], [21.96, -2.872]]",ok,9.718,0.0,0.0,0.0,0.0,0.0,0.0,0.0,0.0,0.0,0c35a9646b7b4c74af3699f46d6bed9a,scene-0273,42
0.9884,0.7009,3.8499,0.5698,0.609,1.3509,0.0,0.0,0.0,0.0,0.0,0.0,0.0,0.0,0.0,ok,right,1.8845,0.7009,4.2977,1.1606,0.9044,1.6361,False,"[1.2402, 2.2846, 1.5666, 0.9138]","[-2354.1719, -3904.0617, -14670.7708, -167526.6066]","[-2006293.1542, -2007843.044, -2018609.7531, -2171465.5889]","[1.636, 3.428, 2.941, 5.545]","[[[4.2569, -0.1305], [6.8267, -0.3916], [13.9649, -0.5222], [18.2479, -1.0444], [23.3874, -1.1749], [29.6691, -2.4804]], [[4.2569, -0.1305], [6.8267, -0.3916], [13.9649, -0.5222], [18.2479, -1.0444], [27.3848, -2.7415], [36.8073, -4.5692]], [[4.2569, -0.1305], [6.8267, -0.3916], [13.9649, -0.5222], [18.2479, -1.0444], [30.2401, -1.5666], [31.0967, -3.1332]], [[4.2569, -0.1305], [6.8267, -0.3916], [13.9649, -0.5222], [18.2479, -1.0444], [36.8073, 16.5798], [30.8112, -1.8277]]]",1.4076,0.0,0.0,0.0,0.0,0.0,0.0,False,"[1, 1, 1]",0.0,0.0,0.0,1.6361,4.0,1.8845,0.7009,4.2977,1.1606,0.9044,1.6361,"[[4.257, -0.131], [6.827, -0.392], [13.965, -0.522], [18.248, -1.044], [23.387, -1.175], [29.669, -2.48]]",ok,5.5455,0.0,0.0,0.0,0.0,0.0,0.0,0.0,0.0,0.0,c63c15b4ddae40579136ebaecbbfbfd0,scene-0273,42
0.5525,0.7627,0.9619,0.3629,0.5167,0.71,0.0,0.0,0.0,0.0,0.0,0.0,0.0,0.0,0.0,ok,straight,0.5525,0.4254,0.9619,0.3629,0.7819,0.8867,False,"[-0.0653, -0.0653, -0.3264, -0.0653]","[-1087.3259, -2463.35, -8957.6667, -893859.9193]","[4.3295, -1002460.1832, -1008954.4999, -1893856.7525]","[0.887, 1.97, 2.383, 9.446]","[[[3.6858, 0.0], [7.3977, 0.0], [12.5373, 0.0], [14.8215, 0.0], [19.1045, -0.1305], [21.6742, -0.1305]], [[3.6858, 0.0], [7.3977, 0.0], [12.5373, 0.0], [14.8215, 0.0], [21.6742, 0.0], [26.5282, 0.1305]], [[3.6858, 0.0], [7.3977, 0.0], [12.5373, 0.0], [14.8215, 0.0], [15.9636, -0.1305], [30.2401, -0.6527]], [[3.6858, 0.0], [7.3977, 0.0], [12.5373, 0.0], [14.8215, 0.0], [69.6432, -0.1305], [23.3874, 0.1305]]]",3.3783,0.0,0.0,0.0,0.0,0.0,0.0,True,"[1, 1, 1]",0.0,0.0,0.0,0.8867,4.0,0.5525,0.4254,0.9619,0.3629,0.7819,0.8867,"[[3.686, 0.0], [7.398, 0.0], [12.537, 0.0], [14.822, 0.0], [19.104, -0.131], [21.674, -0.131]]",ok,9.4458,0.0,0.0,0.0,0.0,0.0,0.0,0.0,0.0,0.0,040a956bf0c04ad09fffc286cab5bc56,scene-0274,42
2.4794,5.4065,8.0979,1.6029,3.0862,4.4447,0.0,0.0,0.0,0.0,0.0,0.0,0.0,0.0,0.0,ok,straight,2.4794,5.4065,8.0979,1.6029,3.0862,4.4447,False,"[-0.0653, -0.2611, -0.3264, -0.1958]","[-87.5418, -133.7678, -43115.0465, -217453.6091]","[5.2766, 3.2477, -1043112.0175, -1217450.5801]","[4.445, 3.594, 4.519, 6.369]","[[[2.8293, 0.0], [5.399, 0.0], [7.9688, 0.0], [10.253, 0.0], [13.1083, 0.0], [14.536, 0.1305]], [[2.8293, 0.0], [5.399, 0.0], [7.9688, 0.0], [10.253, 0.0], [14.2505, -0.1305], [18.5334, 0.5222]], [[2.8293, 0.0], [5.399, 0.0], [7.9688, 0.0], [10.253, 0.0], [23.1019, 2.7415], [12.5373, 0.6527]], [[2.8293, 0.0], [5.399, 0.0], [7.9688, 0.0], [10.253, 0.0], [38.5205, 0.3916], [15.9636, -0.3916]]]",1.0127,0.0,0.0,0.0,0.0,0.0,0.0,True,"[1, 1, 1]",0.0,0.0,0.0,3.5942,4.0,2.4794,5.4065,4.135,1.6029,3.0862,3.5942,"[[2.829, 0.0], [5.399, 0.0], [7.969, 0.0], [10.253, 0.0], [13.108, 0.0], [14.536, 0.131]]",ok,6.3691,0.0,0.0,0.0,0.0,0.0,0.0,0.0,0.0,0.0,72fb9f0f545a4d6b92f6de14c9dcce85,scene-0274,42
0.0359,0.5831,1.2311,0.1564,0.3311,0.4811,0.0,0.0,0.0,0.0,0.0,0.0,0.0,0.0,0.0,ok,straight,0.0359,0.8471,0.4826,0.1564,0.3259,0.3528,True,"[-0.0653, -0.3916, -0.2611, -0.0]","[-495.5932, -774.6495, -8697.8719, -30279.8469]","[4.2785, -1000771.8935, -1008695.116, -1030277.091]","[0.353, 0.834, 1.612, 1.922]","[[[3.4003, 0.0], [6.5412, 0.0], [9.9675, 0.0], [14.2505, 0.0], [16.2492, -0.1305], [19.9611, -0.1305]], [[3.4003, 0.0], [6.5412, 0.0], [9.9675, 0.0], [14.2505, 0.0], [18.2479, 0.0], [17.6768, 0.7833]], [[3.4003, 0.0], [6.5412, 0.0], [9.9675, 0.0], [14.2505, 0.0], [21.3887, 0.3916], [15.9636, -0.5222]], [[3.4003, 0.0], [6.5412, 0.0], [9.9675, 0.0], [14.2505, 0.0], [9.682, -5.222], [21.1032, 0.0]]]",0.6206,0.0,0.0,0.0,0.0,0.0,0.0,True,"[1, 1, 1]",0.0,0.0,0.0,0.3528,4.0,0.0359,0.8471,0.4826,0.1564,0.3259,0.3528,"[[3.4, 0.0], [6.541, 0.0], [9.968, 0.0], [14.25, 0.0], [16.249, -0.131], [19.961, -0.131]]",ok,1.9215,0.0,0.0,0.0,0.0,0.0,0.0,0.0,0.0,0.0,9018d220fc7340998efa65631a9c3cd4,scene-0274,42
0.0315,1.6281,1.8697,0.0426,0.49,0.9549,0.0,0.0,0.0,0.0,0.0,0.0,0.0,0.0,0.0,ok,straight,0.0315,1.6281,1.7098,0.0426,0.49,0.7012,True,"[-0.0, -0.1305, -0.0, -0.4569]","[-1219.5278, -294.2346, -617.1667, -32026.4962]","[3.6121, 2.9814, -1000614.8806, -1032024.21]","[0.701, 0.955, 0.884, 3.924]","[[[3.4003, 0.0], [6.5412, -0.1305], [10.5386, -0.1305], [12.8228, -0.1305], [17.9623, -0.1305], [20.2466, 0.0]], [[3.4003, 0.0], [6.5412, -0.1305], [10.5386, -0.1305], [12.8228, -0.1305], [16.2492, -0.2611], [19.9611, -0.2611]], [[3.4003, 0.0], [6.5412, -0.1305], [10.5386, -0.1305], [12.8228, -0.1305], [15.6781, -0.9138], [21.3887, 0.0]], [[3.4003, 0.0], [6.5412, -0.1305], [10.5386, -0.1305], [12.8228, -0.1305], [13.6794, -0.6527], [38.806, 0.9138]]]",1.3355,0.0,0.0,0.0,0.0,0.0,0.0,True,"[1, 1, 1]",0.0,0.0,0.0,0.7012,4.0,0.0315,1.6281,1.7098,0.0426,0.49,0.7012,"[[3.4, 0.0], [6.541, -0.131], [10.539, -0.131], [12.823, -0.131], [17.962, -0.131], [20.247, 0.0]]",ok,3.9235,0.0,0.0,0.0,0.0,0.0,0.0,0.0,0.0,0.0,90c1665c6cf24153a834063fd99f257c,scene-0274,42
0.967,1.1881,1.5586,0.883,0.9924,1.0845,0.0,0.0,0.0,0.0,0.0,0.0,0.0,0.0,0.0,ok,straight,1.2525,0.0974,0.4169,1.0258,0.665,0.676,True,"[-0.0653, -1.7624, -0.4569, -0.3916]","[-453.6481, -2421.0719, -4819.7278, -960831.1163]","[4.2893, -1002418.2961, -1004816.9521, -1960828.3405]","[0.676, 1.591, 1.573, 9.39]","[[[3.1148, 0.0], [6.2556, 0.0], [11.1096, -0.2611], [13.9649, 0.0], [16.2492, -0.1305], [19.9611, -0.1305]], [[3.1148, 0.0], [6.2556, 0.0], [11.1096, -0.2611], [13.9649, 0.0], [15.9636, -0.1305], [23.9585, -3.5248]], [[3.1148, 0.0], [6.2556, 0.0], [11.1096, -0.2611], [13.9649, 0.0], [17.9623, -4.047], [21.9598, -0.9138]], [[3.1148, 0.0], [6.2556, 0.0], [11.1096, -0.2611], [13.9649, 0.0], [69.6432, 0.0], [19.1045, -0.7833]]]",3.5311,0.0,0.0,0.0,0.0,0.0,0.0,True,"[1, 1, 1]",0.0,0.0,0.0,0.676,4.0,1.2525,0.0974,0.4169,1.0258,0.665,0.676,"[[3.115, 0.0], [6.256, 0.0], [11.11, -0.261], [13.965, 0.0], [16.249, -0.131], [19.961, -0.131]]",ok,9.3899,0.0,0.0,0.0,0.0,0.0,0.0,0.0,0.0,0.0,8fb167b9767d420b9c6368719bafb7b4,scene-0275,42
0.8001,1.7783,1.7958,0.6653,1.0161,1.2921,0.0,0.0,0.0,0.0,0.0,0.0,0.0,0.0,0.0,ok,straight,0.8001,0.5088,1.798,0.6653,0.5069,0.7036,True,"[-0.0, -0.0653, -0.0653, -0.1305]","[-186.0907, -730.3673, -2309.5107, -537747.2069]","[4.731, 3.3145, -1002306.775, -1537744.4713]","[0.704, 0.953, 1.286, 19.806]","[[[1.6871, 0.0], [3.6858, 0.0], [6.8267, 0.0], [9.1109, 0.0], [10.8241, -0.1305], [10.253, 0.0]], [[1.6871, 0.0], [3.6858, 0.0], [6.8267, 0.0], [9.1109, 0.0], [8.5399, -0.1305], [10.253, -0.1305]], [[1.6871, 0.0], [3.6858, 0.0], [6.8267, 0.0], [9.1109, 0.0], [7.1122, -0.2611], [9.682, -0.1305]], [[1.6871, 0.0], [3.6858, 0.0], [6.8267, 0.0], [9.1109, 0.0], [69.6432, 0.0], [69.6432, -0.2611]]]",8.154,0.0,0.0,0.0,0.0,0.0,0.0,True,"[1, 1, 1]",0.0,0.0,0.0,0.7036,4.0,0.8001,0.5088,1.798,0.6653,0.5069,0.7036,"[[1.687, 0.0], [3.686, 0.0], [6.827, 0.0], [9.111, 0.0], [10.824, -0.131], [10.253, 0.0]]",ok,19.8057,0.0,0.0,0.0,0.0,0.0,0.0,0.0,0.0,0.0,c5fc747cb34f44d78820ae649d183e93,scene-0275,42
2.2422,4.4079,6.7807,1.5709,2.7076,3.7837,0.0,0.0,0.0,0.0,0.0,0.0,0.0,0.0,0.0,ok,straight,2.2422,4.4079,5.9242,1.5709,2.7076,3.641,True,"[-0.0, -0.0653, -0.1305, -0.8486]","[-30.5156, -59.5301, -164.0284, -481.3274]","[5.1945, 4.8415, 4.0664, -1000477.7533]","[3.641, 4.736, 3.881, 3.867]","[[[1.6871, 0.0], [3.6858, 0.0], [5.1135, 0.0], [6.5412, 0.0], [7.3977, 0.0], [8.2543, 0.0]], [[1.6871, 0.0], [3.6858, 0.0], [5.1135, 0.0], [6.5412, 0.0], [9.1109, 0.1305], [13.1083, -0.1305]], [[1.6871, 0.0], [3.6858, 0.0], [5.1135, 0.0], [6.5412, 0.0], [8.5399, 0.0], [8.5399, 0.2611]], [[1.6871, 0.0], [3.6858, 0.0], [5.1135, 0.0], [6.5412, 0.0], [6.8267, 0.1305], [9.9675, 1.6971]]]",0.4179,0.0,0.0,0.0,0.0,0.0,0.0,True,"[1, 1, 1]",0.0,0.0,0.0,3.641,4.0,2.2422,4.4079,5.9242,1.5709,2.7076,3.641,"[[1.687, 0.0], [3.686, 0.0], [5.113, 0.0], [6.541, 0.0], [7.398, 0.0], [8.254, 0.0]]",ok,4.7359,0.0,0.0,0.0,0.0,0.0,0.0,0.0,0.0,0.0,b9853461935b41f88ba20195a2d0217c,scene-0275,42
1.6871,3.6859,5.1135,1.4016,2.2582,3.0196,0.0,0.0,0.0,0.0,0.0,0.0,0.0,0.0,0.0,ok,straight,2.2582,3.4003,5.1135,1.6871,2.3296,3.0672,False,"[-0.0, -0.0653, -0.3916, -0.1305]","[-73.2534, -180.8631, -260.1953, -152797.8961]","[3.9305, 3.4899, 1.2934, -1152795.5323]","[3.067, 3.258, 3.218, 15.067]","[[[1.1161, 0.0], [2.2582, 0.0], [2.5437, 0.0], [3.4003, 0.0], [3.9714, 0.0], [5.1135, 0.0]], [[1.1161, 0.0], [2.2582, 0.0], [2.5437, 0.0], [3.4003, 0.0], [5.1135, 0.1305], [5.1135, -0.1305]], [[1.1161, 0.0], [2.2582, 0.0], [2.5437, 0.0], [3.4003, 0.0], [3.6858, -0.1305], [6.2556, -0.7833]], [[1.1161, 0.0], [2.2582, 0.0], [2.5437, 0.0], [3.4003, 0.0], [10.5386, 4.4387], [69.6432, -0.2611]]]",5.1471,0.0,0.0,0.0,0.0,0.0,0.0,True,"[1, 1, 1]",0.0,0.0,0.0,3.0672,4.0,2.2582,3.4003,5.1135,1.6871,2.3296,3.0672,"[[1.116, 0.0], [2.258, 0.0], [2.544, 0.0], [3.4, 0.0], [3.971, 0.0], [5.113, 0.0]]",ok,15.0668,0.0,0.0,0.0,0.0,0.0,0.0,0.0,0.0,0.0,a2f135999c12428caacda927ebcff835,scene-0275,42
2.5437,4.1098,4.8471,1.8299,2.8535,3.4442,0.0,0.0,0.0,0.0,0.0,0.0,0.0,0.0,0.0,ok,straight,2.5437,4.6809,6.559,1.8299,2.9962,3.969,False,"[-0.0, -0.0, -0.9791, -0.1305]","[-69.7527, -337.622, -379.7913, -3069.0737]","[5.2091, 4.9897, -1000375.9934, -1003065.2759]","[3.969, 3.444, 4.522, 3.682]","[[[1.1161, 0.0], [2.5437, 0.0], [3.6858, 0.0], [5.1135, 0.0], [6.5412, 0.3916], [9.1109, 0.0]], [[1.1161, 0.0], [2.5437, 0.0], [3.6858, 0.0], [5.1135, 0.0], [5.1135, 0.0], [7.3977, 0.0]], [[1.1161, 0.0], [2.5437, 0.0], [3.6858, 0.0], [5.1135, 0.0], [6.8267, 0.6527], [11.9662, 1.9582]], [[1.1161, 0.0], [2.5437, 0.0], [3.6858, 0.0], [5.1135, 0.0], [8.8254, -0.2611], [5.1135, 0.2611]]]",0.402,0.0,0.0,0.0,0.0,0.0,0.0,True,"[1, 1, 1]",0.0,0.0,0.0,3.4442,4.0,2.5437,4.6809,4.8471,1.8299,2.9962,3.4442,"[[1.116, 0.0], [2.544, 0.0], [3.686, 0.0], [5.113, 0.0], [6.541, 0.392], [9.111, 0.0]]",ok,4.5217,0.0,0.0,0.0,0.0,0.0,0.0,0.0,0.0,0.0,3502d36d2c76428f9b79f2854e96b696,scene-0276,42
0.326,1.5291,4.4453,0.1904,0.5235,1.5653,0.0,0.0,0.0,0.0,0.0,0.0,0.0,0.0,0.0,ok,straight,0.6132,0.6657,4.4453,0.4736,0.5448,1.5795,False,"[-0.5875, -0.718, -0.5222, -0.3264]","[-185.3797, -351.9138, -6136.454, -6495.1419]","[3.5021, 2.5233, -1006133.6319, -1006492.3198]","[1.579, 1.133, 1.346, 2.752]","[[[2.8293, 0.0], [6.8267, 0.0], [10.253, -0.5222], [13.1083, -0.3916], [15.107, -0.7833], [18.2479, -1.1749]], [[2.8293, 0.0], [6.8267, 0.0], [10.253, -0.5222], [13.1083, -0.3916], [17.1058, -0.7833], [19.1045, -1.436]], [[2.8293, 0.0], [6.8267, 0.0], [10.253, -0.5222], [13.1083, -0.3916], [21.9598, -1.0444], [23.6729, 1.0444]], [[2.8293, 0.0], [6.8267, 0.0], [10.253, -0.5222], [13.1083, -0.3916], [10.253, -0.1305], [15.9636, -0.6527]]]",0.6258,0.0,0.0,0.0,0.0,0.0,0.0,True,"[1, 1, 1]",0.0,0.0,0.0,1.1334,4.0,0.6132,0.6657,3.6704,0.4736,0.5448,1.1334,"[[2.829, 0.0], [6.827, 0.0], [10.253, -0.522], [13.108, -0.392], [15.107, -0.783], [18.248, -1.175]]",ok,2.7515,0.0,0.0,0.0,0.0,0.0,0.0,0.0,0.0,0.0,7a344e7e1436415caf180ae067a4203a,scene-0276,42
1.4291,3.9324,5.8554,1.2432,2.1864,3.1679,0.0,0.0,0.0,0.0,0.0,0.0,0.0,0.0,0.0,ok,straight,1.4291,3.9324,5.8554,1.2432,2.1864,3.1679,False,"[-0.0, -0.1305, -0.3264, -0.1958]","[-81.6724, -721.4387, -1494.2104, -58788.2142]","[6.0205, -1000717.4095, -1001490.1812, -1058784.1849]","[3.168, 2.454, 2.921, 3.902]","[[[3.1148, 0.0], [6.5412, 0.0], [9.682, 0.0], [12.2517, 0.0], [15.3926, 0.0], [17.3913, 0.0]], [[3.1148, 0.0], [6.5412, 0.0], [9.682, 0.0], [12.2517, 0.0], [17.1058, -0.3916], [26.5282, -0.2611]], [[3.1148, 0.0], [6.5412, 0.0], [9.682, 0.0], [12.2517, 0.0], [17.1058, 1.1749], [17.6768, 0.6527]], [[3.1148, 0.0], [6.5412, 0.0], [9.682, 0.0], [12.2517, 0.0], [28.2414, 0.1305], [17.1058, 0.3916]]]",0.5234,0.0,0.0,0.0,0.0,0.0,0.0,True,"[1, 1, 1]",0.0,0.0,0.0,2.4542,4.0,1.4291,3.9324,3.3072,1.2432,2.1864,2.4542,"[[3.115, 0.0], [6.541, 0.0], [9.682, 0.0], [12.252, 0.0], [15.393, 0.0], [17.391, 0.0]]",ok,3.9018,0.0,0.0,0.0,0.0,0.0,0.0,0.0,0.0,0.0,9851e24eeb8e40cf962e45b1975aff53,scene-0276,42
1.3138,2.0715,2.6129,1.2396,1.6702,1.8065,0.0,0.0,0.0,0.0,0.0,0.0,0.0,0.0,0.0,ok,straight,1.3138,2.0715,2.6129,1.2396,1.6702,1.8576,False,"[-0.0, -0.4569, -0.718, -0.1305]","[-146.9103, -290.0517, -282.7822, -2599.2497]","[5.7491, 3.9817, 3.0589, -1002595.3304]","[1.858, 1.644, 1.33, 4.652]","[[[3.6858, 0.0], [6.5412, 0.0], [10.5386, 0.0], [13.9649, 0.0], [17.3913, 0.0], [21.9598, 0.0]], [[3.6858, 0.0], [6.5412, 0.0], [10.5386, 0.0], [13.9649, 0.0], [15.3926, 0.2611], [17.3913, 0.9138]], [[3.6858, 0.0], [6.5412, 0.0], [10.5386, 0.0], [13.9649, 0.0], [15.9636, -0.5222], [19.39, -1.436]], [[3.6858, 0.0], [6.5412, 0.0], [10.5386, 0.0], [13.9649, 0.0], [20.8176, -0.3916], [35.3797, 0.2611]]]",1.3301,0.0,0.0,0.0,0.0,0.0,0.0,True,"[1, 1, 1]",0.0,0.0,0.0,1.3304,4.0,1.3138,2.0715,0.9138,1.2396,1.6702,1.3304,"[[3.686, 0.0], [6.541, 0.0], [10.539, 0.0], [13.965, 0.0], [17.391, 0.0], [21.96, 0.0]]",ok,4.6515,0.0,0.0,0.0,0.0,0.0,0.0,0.0,0.0,0.0,f733cb92982f4f58a1ce5c427786491b,scene-0276,42
0.6049,2.2056,4.617,0.5111,1.1661,2.2491,0.0,0.0,0.0,0.0,0.0,0.0,0.0,0.0,0.0,ok,straight,0.6049,2.2056,5.462,0.5111,1.1661,2.39,False,"[-0.5222, -1.3055, -0.1958, -0.2611]","[-217.0012, -145.2783, -715.6508, -1745.1405]","[3.2809, 1.6178, -1000713.2457, -1001742.7354]","[2.39, 2.711, 2.399, 2.767]","[[[2.8293, 0.0], [5.1135, 0.1305], [7.9688, 0.2611], [11.1096, 0.3916], [12.8228, 0.6527], [15.9636, 1.0444]], [[2.8293, 0.0], [5.1135, 0.1305], [7.9688, 0.2611], [11.1096, 0.3916], [12.8228, 1.436], [14.536, 2.611]], [[2.8293, 0.0], [5.1135, 0.1305], [7.9688, 0.2611], [11.1096, 0.3916], [12.5373, 1.1749], [16.2492, -0.3916]], [[2.8293, 0.0], [5.1135, 0.1305], [7.9688, 0.2611], [11.1096, 0.3916], [11.1096, 1.0444], [15.3926, 0.5222]]]",0.1735,0.0,0.0,0.0,0.0,0.0,0.0,True,"[1, 1, 1]",0.0,0.0,0.0,2.39,4.0,0.6049,2.2056,5.462,0.5111,1.1661,2.39,"[[2.829, 0.0], [5.113, 0.131], [7.969, 0.261], [11.11, 0.392], [12.823, 0.653], [15.964, 1.044]]",ok,2.7675,0.0,0.0,0.0,0.0,0.0,0.0,0.0,0.0,0.0,7e2fd590b46d42cdbe8dfbf035761561,scene-0277,42
0.7363,1.6904,2.0203,0.5819,1.0796,1.2851,0.0,0.0,0.0,0.0,0.0,0.0,0.0,0.0,0.0,ok,straight,0.7363,1.6904,3.4521,0.5819,1.0796,1.5238,False,"[-0.1305, -0.3916, -0.3264, -0.0653]","[-229.0101, -1632.8021, -5356.8923, -11896.7624]","[4.1989, -1001630.3382, -1005354.4285, -1011894.2985]","[1.524, 2.246, 1.817, 2.987]","[[[4.5424, 0.0], [9.1109, 0.0], [13.9649, -0.1305], [18.2479, -0.1305], [21.6742, -0.1305], [27.3848, -0.2611]], [[4.5424, 0.0], [9.1109, 0.0], [13.9649, -0.1305], [18.2479, -0.1305], [25.3861, -0.1305], [27.9559, -0.7833]], [[4.5424, 0.0], [9.1109, 0.0], [13.9649, -0.1305], [18.2479, -0.1305], [16.5347, 0.9138], [21.3887, -0.6527]], [[4.5424, 0.0], [9.1109, 0.0], [13.9649, -0.1305], [18.2479, -0.1305], [29.3835, 0.0], [28.5269, 0.1305]]]",0.5506,0.0,0.0,0.0,0.0,0.0,0.0,True,"[1, 1, 1]",0.0,0.0,0.0,1.5238,4.0,0.7363,1.6904,3.4521,0.5819,1.0796,1.5238,"[[4.542, 0.0], [9.111, 0.0], [13.965, -0.131], [18.248, -0.131], [21.674, -0.131], [27.385, -0.261]]",ok,2.9868,0.0,0.0,0.0,0.0,0.0,0.0,0.0,0.0,0.0,d849f5a053f741e6a5f09983cf036225,scene-0277,42
1.2572,2.4287,5.4238,0.9834,1.6603,2.7059,0.0,0.0,0.0,0.0,0.0,0.0,0.0,0.0,0.0,ok,straight,1.2572,2.4287,5.4238,0.9834,1.6603,2.5632,True,"[-0.0653, -0.1305, -0.0, -0.1958]","[-64.0882, -27.8059, -1905.724, -2356.123]","[5.0881, 4.2281, -1001902.0544, -1002352.4534]","[2.563, 1.855, 2.658, 3.472]","[[[3.1148, 0.0], [6.5412, 0.0], [9.682, 0.0], [12.8228, 0.0], [16.2492, 0.0], [18.2479, -0.1305]], [[3.1148, 0.0], [6.5412, 0.0], [9.682, 0.0], [12.8228, 0.0], [16.8202, -0.1305], [21.9598, -0.2611]], [[3.1148, 0.0], [6.5412, 0.0], [9.682, 0.0], [12.8228, 0.0], [13.6794, 0.0], [20.2466, 0.0]], [[3.1148, 0.0], [6.5412, 0.0], [9.682, 0.0], [12.8228, 0.0], [22.5308, 0.7833], [34.8086, -0.3916]]]",0.5733,0.0,0.0,0.0,0.0,0.0,0.0,True,"[1, 1, 1]",0.0,0.0,0.0,1.8555,4.0,1.2572,2.4287,1.7396,0.9834,1.6603,1.8555,"[[3.115, 0.0], [6.541, 0.0], [9.682, 0.0], [12.823, 0.0], [16.249, 0.0], [18.248, -0.131]]",ok,3.4724,0.0,0.0,0.0,0.0,0.0,0.0,0.0,0.0,0.0,ef710f7aad4c4bcf9ac21ef155c8c3d1,scene-0277,42
1.38,1.3643,0.712,0.9319,1.2444,1.1315,0.0,0.0,0.0,0.0,0.0,0.0,0.0,0.0,0.0,ok,straight,1.38,1.3643,0.6045,0.9319,1.2444,1.0225,True,"[-0.8486, -2.4804, -1.5013, -8.2899]","[-19.7056, -8993.8268, -9520.7697, -11923.0338]","[5.8019, -1008990.5287, -1009517.4716, -1011919.7357]","[1.023, 2.376, 2.605, 4.309]","[[[3.6858, 0.0], [7.3977, 0.1305], [11.1096, 0.2611], [15.3926, 0.5222], [19.9611, 0.7833], [24.5295, 1.6971]], [[3.6858, 0.0], [7.3977, 0.1305], [11.1096, 0.2611], [15.3926, 0.5222], [15.107, 0.9138], [25.6716, 4.9609]], [[3.6858, 0.0], [7.3977, 0.1305], [11.1096, 0.2611], [15.3926, 0.5222], [13.1083, 0.9138], [21.1032, 3.0026]], [[3.6858, 0.0], [7.3977, 0.1305], [11.1096, 0.2611], [15.3926, 0.5222], [22.5308, 1.3055], [35.0941, 16.5798]]]",1.1681,0.0,0.0,0.0,0.0,0.0,0.0,True,"[1, 1, 1]",0.0,0.0,0.0,1.0225,4.0,1.38,1.3643,0.6045,0.9319,1.2444,1.0225,"[[3.686, 0.0], [7.398, 0.131], [11.11, 0.261], [15.393, 0.522], [19.961, 0.783], [24.53, 1.697]]",ok,4.309,0.0,0.0,0.0,0.0,0.0,0.0,0.0,0.0,0.0,c0cd7a49d9924264b2be63b6ce9a9674,scene-0277,42
2.5633,3.8413,4.0997,1.8994,2.8178,3.3128,0.0,0.0,0.0,0.0,0.0,0.0,0.0,0.0,0.0,ok,straight,2.5633,3.5602,4.1329,1.8994,2.7475,3.2714,True,"[-0.3264, -0.6527, -0.3264, -0.5222]","[-143.7086, -749.814, -188005.0596, -205867.0353]","[4.9121, -1000746.8457, -1188002.0913, -1205864.067]","[3.271, 3.22, 6.437, 11.739]","[[[3.6858, 0.0], [7.3977, 0.0], [11.1096, 0.1305], [15.3926, 0.2611], [18.2479, 0.3916], [21.6742, 0.6527]], [[3.6858, 0.0], [7.3977, 0.0], [11.1096, 0.1305], [15.3926, 0.2611], [19.9611, 0.2611], [20.2466, 1.3055]], [[3.6858, 0.0], [7.3977, 0.0], [11.1096, 0.1305], [15.3926, 0.2611], [-2.8813, -0.1305], [27.3848, 0.6527]], [[3.6858, 0.0], [7.3977, 0.0], [11.1096, 0.1305], [15.3926, 0.2611], [19.9611, 16.5798], [69.6432, 1.0444]]]",3.4708,0.0,0.0,0.0,0.0,0.0,0.0,True,"[1, 1, 1]",0.0,0.0,0.0,3.2203,4.0,2.5633,3.5602,5.4275,1.8994,2.7475,3.2203,"[[3.686, 0.0], [7.398, 0.0], [11.11, 0.131], [15.393, 0.261], [18.248, 0.392], [21.674, 0.653]]",ok,11.739,0.0,0.0,0.0,0.0,0.0,0.0,0.0,0.0,0.0,f4b5b6fc59e34da6bd18d4d8e299dab8,scene-0278,42
5.5714,10.1338,13.4971,4.173,6.7022,8.9348,0.0,0.0,0.0,0.0,0.0,0.0,0.0,0.0,0.0,ok,straight,5.5714,10.1338,13.4971,4.173,6.5595,8.5544,True,"[-0.5222, -0.7833, -0.7833, -2.0888]","[-86.5789, -40.3486, -16581.2261, -215747.8109]","[3.1109, 2.685, -1016579.6039, -1215746.1887]","[8.554, 8.99, 9.921, 15.682]","[[[3.6858, 0.0], [7.3977, 0.1305], [10.5386, 0.2611], [14.2505, 0.5222], [17.3913, 0.7833], [21.3887, 1.0444]], [[3.6858, 0.0], [7.3977, 0.1305], [10.5386, 0.2611], [14.2505, 0.5222], [18.2479, 1.0444], [23.1019, 1.5666]], [[3.6858, 0.0], [7.3977, 0.1305], [10.5386, 0.2611], [14.2505, 0.5222], [25.1006, 2.8721], [21.6742, 1.5666]], [[3.6858, 0.0], [7.3977, 0.1305], [10.5386, 0.2611], [14.2505, 0.5222], [11.6807, -0.7833], [69.6432, -4.1776]]]",2.8692,0.0,0.0,0.0,0.0,0.0,0.0,True,"[1, 1, 1]",0.0,0.0,0.0,8.5544,4.0,5.5714,10.1338,13.4971,4.173,6.5595,8.5544,"[[3.686, 0.0], [7.398, 0.131], [10.539, 0.261], [14.25, 0.522], [17.391, 0.783], [21.389, 1.044]]",ok,15.6823,0.0,0.0,0.0,0.0,0.0,0.0,0.0,0.0,0.0,b0b7ef23a4fb418690e43900525d09ad,scene-0278,42
1.0933,0.8886,0.895,0.8215,1.1367,1.11,0.0,0.0,0.0,0.0,0.0,0.0,0.0,0.0,0.0,ok,straight,1.0933,0.8886,0.895,0.8215,1.1367,1.11,False,"[-0.1958, -0.3264, -0.2611, -0.0653]","[-312.9504, -1605.681, -5935.1486, -101971.0359]","[3.632, -1001602.8482, -1005932.3158, -1101968.2031]","[1.11, 2.7, 1.823, 10.053]","[[[3.4003, 0.0], [6.5412, 0.0], [10.5386, 0.1305], [12.8228, 0.2611], [16.2492, 0.3916], [19.39, 0.3916]], [[3.4003, 0.0], [6.5412, 0.0], [10.5386, 0.1305], [12.8228, 0.2611], [17.3913, 0.7833], [27.6704, -0.6527]], [[3.4003, 0.0], [6.5412, 0.0], [10.5386, 0.1305], [12.8228, 0.2611], [20.2466, 0.0], [19.6755, 0.5222]], [[3.4003, 0.0], [6.5412, 0.0], [10.5386, 0.1305], [12.8228, 0.2611], [19.39, 1.8277], [69.6432, -0.1305]]]",3.5844,0.0,0.0,0.0,0.0,0.0,0.0,True,"[1, 1, 1]",0.0,0.0,0.0,1.11,4.0,1.0933,0.8886,0.895,0.8215,1.1367,1.11,"[[3.4, 0.0], [6.541, 0.0], [10.539, 0.131], [12.823, 0.261], [16.249, 0.392], [19.39, 0.392]]",ok,10.0526,0.0,0.0,0.0,0.0,0.0,0.0,0.0,0.0,0.0,ba4c95ffea104b088e07bdc2c7a0300a,scene-0278,42
1.6658,4.7246,11.1405,1.2166,2.4259,4.6591,0.0,0.0,0.0,0.0,0.0,0.0,0.0,0.0,0.0,ok,right,1.6658,4.7246,10.3604,1.2166,2.4533,4.5262,True,"[-1.893, -1.8277, -8.2899, -1.8277]","[-71.4819, -1506.7118, -33782.9267, -72503.1177]","[4.0135, -1001504.1703, -1033780.3852, -1072500.5762]","[4.526, 4.368, 9.093, 12.673]","[[[1.9727, 0.1305], [3.9714, 0.2611], [6.5412, 0.7833], [8.5399, 1.6971], [10.5386, 2.3499], [13.1083, 3.7859]], [[1.9727, 0.1305], [3.9714, 0.2611], [6.5412, 0.7833], [8.5399, 1.6971], [9.1109, 0.5222], [11.3952, 3.6554]], [[1.9727, 0.1305], [3.9714, 0.2611], [6.5412, 0.7833], [8.5399, 1.6971], [15.9636, 16.5798], [17.9623, 16.5798]], [[1.9727, 0.1305], [3.9714, 0.2611], [6.5412, 0.7833], [8.5399, 1.6971], [20.8176, 0.2611], [69.6432, 3.6554]]]",3.4584,0.0,0.0,0.0,0.0,0.0,0.0,True,"[1, 1, 1]",0.0,0.0,0.0,4.3682,4.0,1.6658,4.7246,10.5323,1.2166,2.4533,4.3682,"[[1.973, 0.131], [3.971, 0.261], [6.541, 0.783], [8.54, 1.697], [10.539, 2.35], [13.108, 3.786]]",ok,12.6731,0.0,0.0,0.0,0.0,0.0,0.0,0.0,0.0,0.0,ee82f97267f747c78c3458640faf9d67,scene-0278,42
3.7331,7.4383,12.3521,2.7523,4.6877,7.0097,0.0,0.0,0.0,0.0,0.0,0.0,0.0,0.0,0.0,ok,straight,3.4488,7.4383,12.3521,2.8964,4.7597,6.915,True,"[-0.2611, -0.5222, -0.718, -0.2611]","[-273.8689, -1919.9103, -9609.9807, -149699.8165]","[4.4895, -1001916.9882, -1009607.0586, -1149696.8944]","[6.915, 7.695, 8.157, 14.529]","[[[4.2569, -0.1305], [7.1122, 0.0], [11.1096, -0.1305], [14.2505, -0.2611], [18.2479, -0.2611], [21.6742, -0.5222]], [[4.2569, -0.1305], [7.1122, 0.0], [11.1096, -0.1305], [14.2505, -0.2611], [17.6768, -1.8277], [26.8138, -1.0444]], [[4.2569, -0.1305], [7.1122, 0.0], [11.1096, -0.1305], [14.2505, -0.2611], [23.9585, -0.6527], [23.3874, -1.436]], [[4.2569, -0.1305], [7.1122, 0.0], [11.1096, -0.1305], [14.2505, -0.2611], [15.9636, -0.5222], [69.6432, -0.5222]]]",3.0377,0.0,0.0,0.0,0.0,0.0,0.0,True,"[1, 1, 1]",0.0,0.0,0.0,6.915,4.0,3.4488,7.4383,12.3521,2.8964,4.7597,6.915,"[[4.257, -0.131], [7.112, 0.0], [11.11, -0.131], [14.25, -0.261], [18.248, -0.261], [21.674, -0.522]]",ok,14.5291,0.0,0.0,0.0,0.0,0.0,0.0,0.0,0.0,0.0,269601cc1e4d45a3a36fbf291d45a447,scene-0329,42
3.8258,7.1677,9.9401,2.9393,4.7004,6.2812,0.0,1.0,0.0,0.0,1.0,1.0,0.0,0.5,0.5,ok,straight,3.8258,10.0224,8.7977,2.9393,5.8426,6.8522,False,"[-0.3264, -2.3499, -0.1958, -8.2899]","[-903.7897, -15145.3822, -91426.4543, -1095947.947]","[-1000900.2751, -1015141.8675, -1091422.9397, -2095944.4324]","[6.852, 7.003, 8.746, 18.347]","[[[2.2582, 0.0], [4.2569, 0.1305], [8.2543, -0.1305], [11.3952, 0.0], [11.1096, 0.3916], [11.9662, 0.6527]], [[2.2582, 0.0], [4.2569, 0.1305], [8.2543, -0.1305], [11.3952, 0.0], [7.1122, 0.7833], [16.2492, 4.6998]], [[2.2582, 0.0], [4.2569, 0.1305], [8.2543, -0.1305], [11.3952, 0.0], [12.2517, 16.5798], [13.1083, -0.3916]], [[2.2582, 0.0], [4.2569, 0.1305], [8.2543, -0.1305], [11.3952, 0.0], [69.6432, 2.3499], [13.9649, 16.5798]]]",4.7412,0.0,1.0,1.0,0.0,1.0,1.0,False,"[1, 1, 1]",0.0,0.5,0.6666666666666666,6.8522,4.0,3.8258,10.0224,8.7977,2.9393,5.8426,6.8522,"[[2.258, 0.0], [4.257, 0.131], [8.254, -0.131], [11.395, 0.0], [11.11, 0.392], [11.966, 0.653]]",ok,18.3474,1.0,1.0,1.0,1.0,1.0,1.0,0.5,0.75,0.8333333333333334,f70d94a083f3437e8fd693d8648b6587,scene-0329,42
0.8282,1.3866,1.13,0.6446,0.8805,0.8799,0.0,0.0,0.0,0.0,0.0,0.0,0.0,0.0,0.0,ok,right,0.8282,1.4253,0.107,0.6446,0.9611,0.7631,True,"[1.9582, 2.7415, 1.5013, -8.2899]","[-112.3263, -1083.3563, -1087.7156, -30190.6346]","[4.2374, -1001080.2973, -1001084.6566, -1030187.5756]","[0.763, 1.365, 1.421, 4.666]","[[[2.2582, -0.1305], [4.5424, -0.3916], [6.8267, -0.7833], [9.1109, -2.0888], [10.253, -3.1332], [11.9662, -3.9165]], [[2.2582, -0.1305], [4.5424, -0.3916], [6.8267, -0.7833], [9.1109, -2.0888], [9.9675, -1.8277], [8.8254, -5.4831]], [[2.2582, -0.1305], [4.5424, -0.3916], [6.8267, -0.7833], [9.1109, -2.0888], [10.253, -2.3499], [15.9636, -3.0026]], [[2.2582, -0.1305], [4.5424, -0.3916], [6.8267, -0.7833], [9.1109, -2.0888], [13.1083, -4.4387], [12.5373, 16.5798]]]",1.5299,0.0,0.0,0.0,0.0,0.0,0.0,True,"[1, 1, 1]",0.0,0.0,0.0,0.7631,4.0,0.8282,1.4253,0.107,0.6446,0.9611,0.7631,"[[2.258, -0.131], [4.542, -0.392], [6.827, -0.783], [9.111, -2.089], [10.253, -3.133], [11.966, -3.916]]",ok,4.6657,0.0,0.0,0.0,0.0,0.0,0.0,0.0,0.0,0.0,10a3ee039c4c482ab220e69c1e420031,scene-0329,42
0.2477,0.8115,0.6612,0.2609,0.4116,0.5425,0.0,0.0,0.0,0.0,0.0,0.0,0.0,0.0,0.0,ok,straight,0.6191,1.5909,1.3623,0.5857,0.9571,1.0231,False,"[-1.5666, -1.893, -0.8486, -0.718]","[-2467.4912, -2755.726, -5424.4909, -9135.8255]","[-1002464.9391, -1002753.1739, -1005421.9388, -1009133.2734]","[1.023, 1.475, 1.88, 1.92]","[[[1.6871, 0.0], [5.1135, -0.1305], [5.6846, 0.0], [8.8254, 0.7833], [10.5386, -2.0888], [12.8228, -3.1332]], [[1.6871, 0.0], [5.1135, -0.1305], [5.6846, 0.0], [8.8254, 0.7833], [11.3952, -2.0888], [9.682, -3.7859]], [[1.6871, 0.0], [5.1135, -0.1305], [5.6846, 0.0], [8.8254, 0.7833], [12.8228, -0.9138], [7.6833, -1.6971]], [[1.6871, 0.0], [5.1135, -0.1305], [5.6846, 0.0], [8.8254, 0.7833], [6.5412, -0.7833], [12.8228, 1.436]]]",0.3629,0.0,0.0,0.0,0.0,0.0,0.0,False,"[1, 1, 1]",0.0,0.0,0.0,1.0231,4.0,0.6191,1.5909,1.3623,0.5857,0.9571,1.0231,"[[1.687, 0.0], [5.113, -0.131], [5.685, 0.0], [8.825, 0.783], [10.539, -2.089], [12.823, -3.133]]",ok,1.9203,0.0,0.0,0.0,0.0,0.0,0.0,0.0,0.0,0.0,f954522c65fe49208c969909442ca375,scene-0329,42
0.7832,2.404,3.7865,0.676,1.352,1.9349,0.0,0.0,0.0,0.0,0.0,0.0,0.0,0.0,0.0,ok,left,0.1976,4.2935,3.7865,0.4263,1.621,2.1143,False,"[2.3499, -8.0941, 8.2899, -3.1985]","[-2707.513, -25417.6531, -30272.4585, -96425.7867]","[-1002706.9247, -1025417.0647, -1030271.8702, -1096425.1983]","[2.114, 5.296, 4.967, 5.303]","[[[1.6871, -0.1305], [4.2569, 0.7833], [5.399, 1.3055], [4.5424, 2.4804], [8.5399, 4.5692], [9.9675, 4.6998]], [[1.6871, -0.1305], [4.2569, 0.7833], [5.399, 1.3055], [4.5424, 2.4804], [10.8241, 2.7415], [11.1096, -16.1882]], [[1.6871, -0.1305], [4.2569, 0.7833], [5.399, 1.3055], [4.5424, 2.4804], [3.9714, 16.5798], [13.1083, 16.5798]], [[1.6871, -0.1305], [4.2569, 0.7833], [5.399, 1.3055], [4.5424, 2.4804], [7.9688, 16.5798], [11.6807, -6.3969]]]",1.3382,0.0,0.0,0.0,0.0,0.0,0.0,False,"[1, 1, 1]",0.0,0.0,0.0,2.1143,4.0,0.1976,4.2935,3.7865,0.4263,1.621,2.1143,"[[1.687, -0.131], [4.257, 0.783], [5.399, 1.305], [4.542, 2.48], [8.54, 4.569], [9.968, 4.7]]",ok,5.3026,0.0,0.0,0.0,0.0,0.0,0.0,0.0,0.0,0.0,b98e65c90a7a445a907a3bb1467b551b,scene-0330,42
0.02,1.0774,0.4701,0.1223,0.4298,0.5466,0.0,0.0,0.0,0.0,0.0,0.0,0.0,0.0,0.0,ok,straight,0.02,1.0774,1.6149,0.1223,0.4298,0.7374,False,"[-0.0, -0.3916, -0.5875, -0.2611]","[-14.6244, -2010.324, -3749.8697, -178102.1895]","[6.4197, -1002005.9596, -1003745.5053, -1178097.8251]","[0.737, 1.066, 1.13, 9.242]","[[[3.1148, 0.0], [6.5412, 0.0], [9.682, 0.0], [12.8228, 0.0], [16.2492, 0.0], [19.39, 0.0]], [[3.1148, 0.0], [6.5412, 0.0], [9.682, 0.0], [12.8228, 0.0], [12.2517, 0.0], [16.2492, 0.7833]], [[3.1148, 0.0], [6.5412, 0.0], [9.682, 0.0], [12.8228, 0.0], [19.1045, -0.6527], [17.6768, -1.1749]], [[3.1148, 0.0], [6.5412, 0.0], [9.682, 0.0], [12.8228, 0.0], [13.3939, 0.5222], [69.6432, 0.5222]]]",3.5816,0.0,0.0,0.0,0.0,0.0,0.0,True,"[1, 1, 1]",0.0,0.0,0.0,0.7374,4.0,0.02,1.0774,1.6149,0.1223,0.4298,0.7374,"[[3.115, 0.0], [6.541, 0.0], [9.682, 0.0], [12.823, 0.0], [16.249, 0.0], [19.39, 0.0]]",ok,9.2422,0.0,0.0,0.0,0.0,0.0,0.0,0.0,0.0,0.0,8135e2527da0405d9887a6a9b456586f,scene-0330,42
1.455,3.4445,6.755,0.9924,1.9288,3.313,0.0,0.0,0.0,0.0,0.0,0.0,0.0,0.0,0.0,ok,straight,1.455,3.4445,7.0378,0.9924,1.9288,3.3601,False,"[-0.5222, -0.718, -4.504, -5.1567]","[-55.7297, -819.9157, -962.4601, -25265.7062]","[5.8974, -1000815.6872, -1000958.2316, -1025261.4778]","[3.36, 2.588, 4.343, 5.29]","[[[2.2582, 0.0], [4.5424, 0.0], [6.5412, 0.0], [8.5399, 0.0], [11.1096, 0.0], [13.1083, 1.0444]], [[2.2582, 0.0], [4.5424, 0.0], [6.5412, 0.0], [8.5399, 0.0], [8.5399, -0.6527], [10.8241, 1.436]], [[2.2582, 0.0], [4.5424, 0.0], [6.5412, 0.0], [8.5399, 0.0], [10.253, -4.047], [14.2505, -9.0079]], [[2.2582, 0.0], [4.5424, 0.0], [6.5412, 0.0], [8.5399, 0.0], [14.536, 4.5692], [15.6781, -10.3134]]]",1.0177,0.0,0.0,0.0,0.0,0.0,0.0,True,"[1, 1, 1]",0.0,0.0,0.0,2.5875,4.0,1.455,3.4445,4.8774,0.9924,1.9288,2.5875,"[[2.258, 0.0], [4.542, 0.0], [6.541, 0.0], [8.54, 0.0], [11.11, 0.0], [13.108, 1.044]]",ok,5.2902,0.0,0.0,0.0,0.0,0.0,0.0,0.0,0.0,0.0,89f10c1e72e34cd1b8fd94dda57dbe0e,scene-0330,42
5.1135,9.682,15.393,3.9714,6.327,8.8255,0.0,0.0,0.0,0.0,0.0,0.0,0.0,0.0,0.0,ok,straight,5.1135,9.9675,16.2496,3.9714,6.327,8.9682,False,"[-0.0653, -0.6527, -2.611, -2.0235]","[-93.4515, -261.3277, -2477.2031, -3688.1114]","[5.5332, 4.8477, -1002473.929, -1003684.8373]","[8.968, 9.12, 9.402, 10.475]","[[[2.8293, 0.0], [5.1135, 0.0], [7.3977, 0.0], [9.9675, 0.0], [12.2517, 0.0], [16.2492, -0.1305]], [[2.8293, 0.0], [5.1135, 0.0], [7.3977, 0.0], [9.9675, 0.0], [13.6794, -0.1305], [15.6781, 1.3055]], [[2.8293, 0.0], [5.1135, 0.0], [7.3977, 0.0], [9.9675, 0.0], [15.107, 0.5222], [15.107, 5.222]], [[2.8293, 0.0], [5.1135, 0.0], [7.3977, 0.0], [9.9675, 0.0], [15.9636, 1.6971], [21.1032, -4.047]]]",0.5887,0.0,0.0,0.0,0.0,0.0,0.0,True,"[1, 1, 1]",0.0,0.0,0.0,8.9682,4.0,5.1135,9.9675,16.2496,3.9714,6.327,8.9682,"[[2.829, 0.0], [5.113, 0.0], [7.398, 0.0], [9.968, 0.0], [12.252, 0.0], [16.249, -0.131]]",ok,10.4747,0.0,0.0,0.0,0.0,0.0,0.0,0.0,0.0,0.0,ab857edfbfc94a369e6dce819fe16aec,scene-0330,42
1.9896,4.7251,6.9941,1.5567,2.749,4.0388,0.0,0.0,0.0,0.0,0.0,0.0,0.0,0.0,0.0,ok,straight,1.9896,4.7251,6.9941,1.5567,2.6735,3.9884,True,"[-1.2402, -0.1958, -2.5457, -3.3943]","[-84.8893, -4847.0932, -5415.7035, -134299.591]","[3.7131, -1004844.5103, -1005413.1206, -1134297.0081]","[3.988, 2.444, 4.86, 6.433]","[[[1.1161, -0.1305], [1.9727, -0.2611], [2.8293, -0.3916], [4.5424, -1.3055], [5.9701, -1.8277], [6.5412, -2.4804]], [[1.1161, -0.1305], [1.9727, -0.2611], [2.8293, -0.3916], [4.5424, -1.3055], [0.8306, 0.0], [3.1148, -0.3916]], [[1.1161, -0.1305], [1.9727, -0.2611], [2.8293, -0.3916], [4.5424, -1.3055], [9.3964, -4.9609], [5.9701, -5.0914]], [[1.1161, -0.1305], [1.9727, -0.2611], [2.8293, -0.3916], [4.5424, -1.3055], [5.399, 16.5798], [7.9688, -6.7886]]]",1.4438,0.0,0.0,0.0,0.0,0.0,0.0,True,"[1, 1, 1]",0.0,0.0,0.0,2.444,4.0,1.9896,4.7251,3.1389,1.5567,2.6735,2.444,"[[1.116, -0.131], [1.973, -0.261], [2.829, -0.392], [4.542, -1.305], [5.97, -1.828], [6.541, -2.48]]",ok,6.4334,0.0,0.0,1.0,0.0,0.0,1.0,0.0,0.0,0.3333333333333333,09361337f2bf4e819aac2a310481e62f,scene-0331,42
3.73,7.2538,10.2228,2.8539,4.7121,6.3772,0.0,0.0,0.0,0.0,0.0,0.0,0.0,0.0,0.0,ok,straight,3.73,6.4588,10.2228,2.8539,4.5133,6.2446,True,"[-2.7415, -3.1985, -8.2899, -8.2899]","[-576.0153, -1419.6796, -8998.7806, -209412.0781]","[4.5463, -1001416.8289, -1008995.9299, -1209409.2273]","[6.245, 6.416, 7.985, 18.011]","[[[1.9727, -0.1305], [3.6858, -0.7833], [5.9701, -1.8277], [6.8267, -2.4804], [9.1109, -4.5692], [9.9675, -5.4831]], [[1.9727, -0.1305], [3.6858, -0.7833], [5.9701, -1.8277], [6.8267, -2.4804], [7.3977, -3.2637], [13.1083, -6.3969]], [[1.9727, -0.1305], [3.6858, -0.7833], [5.9701, -1.8277], [6.8267, -2.4804], [7.9688, 8.0941], [11.6807, 16.5798]], [[1.9727, -0.1305], [3.6858, -0.7833], [5.9701, -1.8277], [6.8267, -2.4804], [12.2517, 16.5798], [69.6432, 16.5798]]]",4.8666,0.0,0.0,0.0,0.0,0.0,0.0,True,"[1, 1, 1]",0.0,0.0,0.0,6.2446,4.0,3.73,6.4588,10.2228,2.8539,4.5133,6.2446,"[[1.973, -0.131], [3.686, -0.783], [5.97, -1.828], [6.827, -2.48], [9.111, -4.569], [9.968, -5.483]]",ok,18.0111,0.0,0.0,0.0,0.0,0.0,0.0,0.0,0.0,0.0,d6f57f68244a4136aa87ae54bf0aaef1,scene-0331,42
1.2939,5.0666,11.8493,0.8472,2.4687,5.0131,0.0,0.0,0.0,0.0,0.0,0.0,0.0,0.0,0.0,ok,left,1.2939,5.0666,11.8493,0.8472,2.4687,5.0131,False,"[-3.329, -3.7859, -3.6554, 8.2899]","[-439.7616, -1082.8774, -1725.6632, -12159.6641]","[0.4865, 0.2642, -1001725.3587, -1012159.3595]","[5.013, 5.301, 5.233, 4.543]","[[[1.9727, -0.2611], [3.6858, -0.7833], [5.9701, -1.8277], [6.5412, -2.4804], [8.5399, -4.5692], [10.5386, -6.658]], [[1.9727, -0.2611], [3.6858, -0.7833], [5.9701, -1.8277], [6.5412, -2.4804], [9.1109, -5.222], [9.1109, -7.5719]], [[1.9727, -0.2611], [3.6858, -0.7833], [5.9701, -1.8277], [6.5412, -2.4804], [10.5386, -5.4831], [12.5373, -7.3108]], [[1.9727, -0.2611], [3.6858, -0.7833], [5.9701, -1.8277], [6.5412, -2.4804], [4.5424, 1.9582], [13.3939, 16.5798]]]",0.2967,0.0,0.0,0.0,0.0,0.0,0.0,True,"[1, 1, 1]",0.0,0.0,0.0,4.5426,4.0,1.2939,5.0666,11.5667,0.8472,2.4687,4.5426,"[[1.973, -0.261], [3.686, -0.783], [5.97, -1.828], [6.541, -2.48], [8.54, -4.569], [10.539, -6.658]]",ok,5.3009,0.0,0.0,0.0,0.0,0.0,0.0,0.0,0.0,0.0,bb0abb64c37b49058b885392c22d3b29,scene-0331,42
0.4188,1.374,4.5867,0.2522,0.5601,1.7931,0.0,0.0,0.0,0.0,0.0,0.0,0.0,0.0,0.0,ok,straight,0.4188,1.374,4.5867,0.2522,0.5601,1.7931,False,"[-0.0, -0.4569, -0.5875, -8.2899]","[-187.4814, -394.2745, -2229.1393, -40583.3214]","[4.9203, -1000390.6517, -1002225.5166, -1040579.6987]","[1.793, 0.884, 0.944, 5.259]","[[[2.2582, 0.0], [4.5424, 0.0], [7.6833, 0.0], [9.682, 0.0], [11.1096, 0.0], [14.2505, 0.0]], [[2.2582, 0.0], [4.5424, 0.0], [7.6833, 0.0], [9.682, 0.0], [12.8228, 0.1305], [19.1045, 0.9138]], [[2.2582, 0.0], [4.5424, 0.0], [7.6833, 0.0], [9.682, 0.0], [15.107, 0.1305], [15.6781, 1.1749]], [[2.2582, 0.0], [4.5424, 0.0], [7.6833, 0.0], [9.682, 0.0], [13.3939, -1.1749], [-2.8813, 16.5798]]]",1.7909,0.0,0.0,0.0,0.0,0.0,0.0,True,"[1, 1, 1]",0.0,0.0,0.0,0.8837,4.0,0.4188,1.374,0.8427,0.2522,0.5601,0.8837,"[[2.258, 0.0], [4.542, 0.0], [7.683, 0.0], [9.682, 0.0], [11.11, 0.0], [14.25, 0.0]]",ok,5.2588,0.0,0.0,0.0,0.0,0.0,0.0,0.0,0.0,0.0,b3105c6e9a3a4a30bddd24b48b111d78,scene-0331,42
5.6955,11.9881,17.9853,4.3003,7.2156,10.2821,0.0,0.0,0.0,0.0,0.0,0.0,0.0,0.0,0.0,ok,straight,4.8375,11.9881,17.9853,3.8713,7.1439,10.2343,True,"[-0.1305, -0.5222, -0.718, -0.0653]","[-337.8643, -10708.5609, -116715.7869, -346034.0972]","[4.0955, -1010706.1574, -1116713.3835, -1346031.6937]","[10.234, 10.19, 13.859, 14.707]","[[[3.1148, 0.0], [5.1135, 0.0], [9.1109, -0.1305], [12.2517, -0.1305], [15.107, -0.2611], [18.2479, -0.2611]], [[3.1148, 0.0], [5.1135, 0.0], [9.1109, -0.1305], [12.2517, -0.1305], [10.8241, -0.1305], [22.2453, -1.0444]], [[3.1148, 0.0], [5.1135, 0.0], [9.1109, -0.1305], [12.2517, -0.1305], [34.8086, 0.0], [20.2466, -1.436]], [[3.1148, 0.0], [5.1135, 0.0], [9.1109, -0.1305], [12.2517, -0.1305], [45.9443, -0.2611], [14.2505, -0.1305]]]",2.0574,0.0,0.0,0.0,0.0,0.0,0.0,True,"[1, 1, 1]",0.0,0.0,0.0,10.1902,4.0,4.8375,11.9881,22.0052,3.8713,7.1439,10.1902,"[[3.115, 0.0], [5.113, 0.0], [9.111, -0.131], [12.252, -0.131], [15.107, -0.261], [18.248, -0.261]]",ok,14.7071,0.0,0.0,0.0,0.0,0.0,0.0,0.0,0.0,0.0,097c7295f13a4746a2c46d036c21bd3e,scene-0332,42
6.9454,12.016,17.8493,5.2921,8.0969,10.7916,0.0,0.0,0.0,0.0,0.0,0.0,0.0,0.0,0.0,ok,straight,6.6587,12.016,19.5642,5.006,7.9538,11.1728,False,"[-0.0653, -0.1305, -0.3264, -0.7833]","[-245.4167, -149.6433, -608.0654, -5969.7515]","[3.9391, 3.7457, 2.8608, -1005967.3547]","[11.173, 10.791, 10.888, 9.855]","[[[3.4003, 0.0], [7.1122, 0.0], [11.1096, -0.1305], [14.2505, -0.1305], [19.39, -0.3916], [25.1006, 0.1305]], [[3.4003, 0.0], [7.1122, 0.0], [11.1096, -0.1305], [14.2505, -0.1305], [18.8189, -0.1305], [23.3874, -0.2611]], [[3.4003, 0.0], [7.1122, 0.0], [11.1096, -0.1305], [14.2505, -0.1305], [19.6755, 0.1305], [23.1019, -0.6527]], [[3.4003, 0.0], [7.1122, 0.0], [11.1096, -0.1305], [14.2505, -0.1305], [20.2466, 0.1305], [16.2492, -1.5666]]]",0.4946,0.0,0.0,0.0,0.0,0.0,0.0,True,"[1, 1, 1]",0.0,0.0,0.0,9.8553,4.0,6.6587,12.016,10.804,5.006,7.9538,9.8553,"[[3.4, 0.0], [7.112, 0.0], [11.11, -0.131], [14.25, -0.131], [19.39, -0.392], [25.101, 0.131]]",ok,11.1728,0.0,0.0,0.0,0.0,0.0,0.0,0.0,0.0,0.0,255afd1fb1a34c9ebc1a577e49fbccd4,scene-0332,42
1.2414,1.2806,1.0194,0.8755,1.0437,1.0064,0.0,0.0,0.0,0.0,0.0,0.0,0.0,0.0,0.0,ok,straight,1.2414,1.2806,1.0194,0.8755,1.0437,1.0532,False,"[-0.1305, -0.1305, -0.1958, -0.0653]","[-16.3221, -1075.4072, -1175.4872, -2019.9045]","[4.1114, -1001072.7797, -1001172.8597, -1002017.2771]","[1.053, 1.47, 1.139, 2.474]","[[[4.2569, 0.0], [8.5399, 0.0], [12.5373, -0.1305], [16.8202, -0.1305], [20.8176, -0.1305], [24.8151, -0.2611]], [[4.2569, 0.0], [8.5399, 0.0], [12.5373, -0.1305], [16.8202, -0.1305], [23.1019, 0.1305], [25.1006, 0.2611]], [[4.2569, 0.0], [8.5399, 0.0], [12.5373, -0.1305], [16.8202, -0.1305], [19.39, -1.3055], [25.1006, 0.3916]], [[4.2569, 0.0], [8.5399, 0.0], [12.5373, -0.1305], [16.8202, -0.1305], [25.1006, -0.5222], [29.098, -0.1305]]]",0.5643,0.0,0.0,0.0,0.0,0.0,0.0,True,"[1, 1, 1]",0.0,0.0,0.0,1.0532,4.0,1.2414,1.2806,1.0194,0.8755,1.0437,1.0532,"[[4.257, 0.0], [8.54, 0.0], [12.537, -0.131], [16.82, -0.131], [20.818, -0.131], [24.815, -0.261]]",ok,2.4736,0.0,0.0,0.0,0.0,0.0,0.0,0.0,0.0,0.0,d557b9adf90b44b0b128ceb13e23e386,scene-0332,42
0.9768,0.8238,1.7544,0.7208,0.6493,0.8084,0.0,0.0,0.0,0.0,0.0,0.0,0.0,0.0,0.0,ok,straight,0.9768,0.8238,2.0332,0.7208,1.0026,1.0904,False,"[-0.0653, -0.3916, -0.7833, -0.0653]","[-231.6028, -26743.9524, -61193.0226, -64052.9155]","[6.9487, -1026739.3245, -1061188.3947, -1064048.2876]","[1.09, 2.342, 4.1, 3.185]","[[[4.2569, 0.0], [8.5399, 0.0], [12.5373, 0.0], [18.2479, 0.0], [23.3874, -0.1305], [26.5282, -0.1305]], [[4.2569, 0.0], [8.5399, 0.0], [12.5373, 0.0], [18.2479, 0.0], [32.8099, 0.6527], [28.5269, -0.7833]], [[4.2569, 0.0], [8.5399, 0.0], [12.5373, 0.0], [18.2479, 0.0], [39.0915, -1.0444], [33.6665, 1.5666]], [[4.2569, 0.0], [8.5399, 0.0], [12.5373, 0.0], [18.2479, 0.0], [9.9675, -0.2611], [29.6691, -0.1305]]]",1.1083,0.0,0.0,0.0,0.0,0.0,0.0,True,"[1, 1, 1]",0.0,0.0,0.0,1.0904,4.0,0.9768,0.8238,2.0332,0.7208,1.0026,1.0904,"[[4.257, 0.0], [8.54, 0.0], [12.537, 0.0], [18.248, 0.0], [23.387, -0.131], [26.528, -0.131]]",ok,4.1003,0.0,0.0,0.0,0.0,0.0,0.0,0.0,0.0,0.0,87e52fd5dabd4c1fa075f42c0a89e72e,scene-0332,42
4.5443,9.3964,13.109,3.2585,5.6136,7.5887,0.0,0.0,0.0,0.0,0.0,0.0,0.0,0.0,0.0,ok,straight,7.3977,10.2539,13.109,5.2563,7.6176,9.115,False,"[-0.0653, -0.0653, -0.0, -0.2611]","[-434.76, -995.5176, -6805.5722, -6827.6756]","[5.8647, 5.6812, -1006801.1305, -1006823.2338]","[9.115, 9.163, 9.642, 10.118]","[[[3.1148, 0.0], [7.3977, 0.0], [9.682, -0.6527], [10.253, -0.1305], [11.1096, -0.1305], [13.1083, -0.1305]], [[3.1148, 0.0], [7.3977, 0.0], [9.682, -0.6527], [10.253, -0.1305], [12.5373, 0.1305], [11.9662, -0.1305]], [[3.1148, 0.0], [7.3977, 0.0], [9.682, -0.6527], [10.253, -0.1305], [8.8254, 0.6527], [18.5334, 0.0]], [[3.1148, 0.0], [7.3977, 0.0], [9.682, -0.6527], [10.253, -0.1305], [16.2492, 0.6527], [13.9649, -0.5222]]]",0.4074,0.0,0.0,0.0,0.0,0.0,0.0,True,"[1, 1, 1]",0.0,0.0,0.0,9.115,4.0,7.3977,10.2539,13.109,5.2563,7.6176,9.115,"[[3.115, 0.0], [7.398, 0.0], [9.682, -0.653], [10.253, -0.131], [11.11, -0.131], [13.108, -0.131]]",ok,10.1179,0.0,0.0,0.0,0.0,0.0,0.0,0.0,0.0,0.0,418cbb70159341c1ada4f3ba1fb69713,scene-0344,42
5.1135,10.5394,15.3931,3.9714,6.4703,9.0163,0.0,0.0,0.0,0.0,0.0,0.0,0.0,0.0,0.0,ok,straight,5.1135,10.5394,15.3931,3.9714,6.4703,9.0163,False,"[-0.0653, -0.3264, -0.1305, -0.6527]","[-92.1331, -103.4533, -2437.5155, -8149.5848]","[5.1878, 4.0415, -1002434.1189, -1008146.1882]","[9.016, 8.781, 9.826, 7.992]","[[[2.8293, 0.0], [5.1135, 0.0], [7.3977, -0.1305], [10.5386, -0.1305], [12.8228, -0.1305], [15.3926, -0.1305]], [[2.8293, 0.0], [5.1135, 0.0], [7.3977, -0.1305], [10.5386, -0.1305], [12.5373, -0.2611], [14.2505, -0.6527]], [[2.8293, 0.0], [5.1135, 0.0], [7.3977, -0.1305], [10.5386, -0.1305], [12.2517, 0.2611], [20.8176, -0.2611]], [[2.8293, 0.0], [5.1135, 0.0], [7.3977, -0.1305], [10.5386, -0.1305], [15.107, -0.6527], [6.8267, -1.3055]]]",0.6536,0.0,0.0,0.0,0.0,0.0,0.0,True,"[1, 1, 1]",0.0,0.0,0.0,7.9921,4.0,5.1135,10.5394,6.9504,3.9714,6.4703,7.9921,"[[2.829, 0.0], [5.113, 0.0], [7.398, -0.131], [10.539, -0.131], [12.823, -0.131], [15.393, -0.131]]",ok,9.8258,0.0,0.0,0.0,0.0,0.0,0.0,0.0,0.0,0.0,eb9d7bc242d14e92a46c1037126cb204,scene-0344,42
5.1135,10.5394,15.9642,3.9714,6.4703,9.1114,0.0,0.0,0.0,0.0,0.0,0.0,0.0,0.0,0.0,ok,straight,6.2556,10.5394,15.9642,4.6852,6.8272,9.3494,False,"[-0.0653, -0.0653, -0.0653, -0.1305]","[-567.4244, -917.5288, -1400.8179, -13744.9382]","[3.4947, -1000915.2592, -1001398.5482, -1013742.6686]","[9.349, 8.74, 9.112, 6.593]","[[[3.1148, 0.0], [6.2556, 0.0], [7.3977, -0.1305], [10.5386, -0.1305], [12.8228, -0.1305], [15.9636, -0.1305]], [[3.1148, 0.0], [6.2556, 0.0], [7.3977, -0.1305], [10.5386, -0.1305], [12.5373, -1.1749], [12.5373, 0.1305]], [[3.1148, 0.0], [6.2556, 0.0], [7.3977, -0.1305], [10.5386, -0.1305], [14.2505, -0.3916], [13.1083, -0.1305]], [[3.1148, 0.0], [6.2556, 0.0], [7.3977, -0.1305], [10.5386, -0.1305], [4.2569, -0.3916], [7.9688, 0.2611]]]",1.0932,0.0,0.0,0.0,0.0,0.0,0.0,True,"[1, 1, 1]",0.0,0.0,0.0,6.5928,4.0,6.2556,10.5394,7.9731,4.6852,6.8272,6.5928,"[[3.115, 0.0], [6.256, 0.0], [7.398, -0.131], [10.539, -0.131], [12.823, -0.131], [15.964, -0.131]]",ok,9.3494,0.0,0.0,0.0,0.0,0.0,0.0,0.0,0.0,0.0,113f0ef12c2d455ebd676580a8bb9d57,scene-0344,42
5.399,11.1104,17.3918,4.1141,6.7558,9.5873,0.0,0.0,1.0,0.0,0.0,1.0,0.0,0.0,0.3333333333333333,ok,straight,5.399,11.1104,17.3918,4.1141,6.9699,9.73,False,"[-0.0653, -0.3264, -0.0653, -0.0653]","[-218.4597, -401.8037, -2659.4317, -1169485.8137]","[3.7663, 1.4565, -1002656.8219, -2169483.2039]","[9.73, 9.97, 10.634, 17.773]","[[[2.8293, 0.0], [5.399, 0.0], [8.5399, -0.1305], [11.1096, -0.1305], [13.1083, -0.1305], [17.3913, -0.1305]], [[2.8293, 0.0], [5.399, 0.0], [8.5399, -0.1305], [11.1096, -0.1305], [15.107, -0.1305], [16.8202, 0.6527]], [[2.8293, 0.0], [5.399, 0.0], [8.5399, -0.1305], [11.1096, -0.1305], [13.1083, -0.1305], [22.8163, -0.1305]], [[2.8293, 0.0], [5.399, 0.0], [8.5399, -0.1305], [11.1096, -0.1305], [69.6432, -0.5222], [9.1109, -0.1305]]]",3.334,0.0,0.0,1.0,0.0,0.0,1.0,True,"[1, 1, 1]",0.0,0.0,0.3333333333333333,9.73,4.0,5.399,11.1104,17.3918,4.1141,6.9699,9.73,"[[2.829, 0.0], [5.399, 0.0], [8.54, -0.131], [11.11, -0.131], [13.108, -0.131], [17.391, -0.131]]",ok,17.7728,0.0,0.0,0.0,0.0,0.0,1.0,0.0,0.0,0.16666666666666666,23d04168ebfa4aabbd7ab5024c7f096f,scene-0344,42
5.399,10.5394,16.8207,4.2569,6.7558,9.5873,0.0,0.0,0.0,0.0,0.0,0.0,0.0,0.0,0.0,ok,straight,5.399,9.1119,15.9642,4.2569,6.2559,9.1113,True,"[-0.0653, -0.0653, -0.4569, -1.0444]","[-749.9261, -9986.0111, -20584.7614, -37214.4283]","[5.5986, -1009982.4767, -1020581.2269, -1037210.8939]","[9.111, 9.54, 11.018, 20.538]","[[[3.1148, 0.0], [5.399, 0.0], [7.3977, 0.0], [9.1109, -0.1305], [13.6794, -0.1305], [15.9636, -0.1305]], [[3.1148, 0.0], [5.399, 0.0], [7.3977, 0.0], [9.1109, -0.1305], [17.3913, -0.2611], [14.8215, -0.1305]], [[3.1148, 0.0], [5.399, 0.0], [7.3977, 0.0], [9.1109, -0.1305], [21.3887, -0.1305], [19.6755, 0.9138]], [[3.1148, 0.0], [5.399, 0.0], [7.3977, 0.0], [9.1109, -0.1305], [28.5269, -0.2611], [69.6432, -2.0888]]]",4.6646,0.0,0.0,0.0,0.0,0.0,0.0,True,"[1, 1, 1]",0.0,0.0,0.0,9.1113,4.0,5.399,9.1119,15.9642,4.2569,6.2559,9.1113,"[[3.115, 0.0], [5.399, 0.0], [7.398, 0.0], [9.111, -0.131], [13.679, -0.131], [15.964, -0.131]]",ok,20.5377,0.0,0.0,0.0,0.0,0.0,0.0,0.0,0.0,0.0,c525629d7b3749d8968b486bb5412adf,scene-0345,42
1.7381,1.4861,2.3821,1.2208,1.3436,1.5379,0.0,0.0,0.0,0.0,0.0,0.0,0.0,0.0,0.0,ok,right,2.8759,1.3141,2.267,2.0751,1.7278,1.7748,False,"[0.0653, 0.3264, -0.3264, -0.1305]","[-724.9526, -4849.8092, -12004.6525, -198822.0732]","[2.8672, -1004847.9179, -1012002.7612, -1198820.1819]","[1.775, 2.315, 3.76, 5.976]","[[[2.8293, 0.0], [6.2556, -0.1305], [6.8267, 0.0], [9.1109, 0.0], [11.1096, -0.1305], [13.1083, -0.1305]], [[2.8293, 0.0], [6.2556, -0.1305], [6.8267, 0.0], [9.1109, 0.0], [9.1109, 0.2611], [17.3913, -0.6527]], [[2.8293, 0.0], [6.2556, -0.1305], [6.8267, 0.0], [9.1109, 0.0], [19.39, -0.1305], [18.8189, 0.6527]], [[2.8293, 0.0], [6.2556, -0.1305], [6.8267, 0.0], [9.1109, 0.0], [36.2362, 0.5222], [14.536, 0.2611]]]",1.6255,0.0,0.0,0.0,0.0,0.0,0.0,True,"[1, 1, 1]",0.0,0.0,0.0,1.7748,4.0,2.8759,1.3141,2.267,2.0751,1.7278,1.7748,"[[2.829, 0.0], [6.256, -0.131], [6.827, 0.0], [9.111, 0.0], [11.11, -0.131], [13.108, -0.131]]",ok,5.9757,0.0,0.0,0.0,0.0,0.0,0.0,0.0,0.0,0.0,d8866c75f88a4dbaa461260b81409544,scene-0345,42
1.3761,3.2651,6.1958,0.9915,1.8861,3.1834,0.0,0.0,0.0,0.0,0.0,0.0,0.0,0.0,0.0,ok,right,1.3761,3.2651,6.4027,0.9915,1.8861,3.2179,False,"[2.2846, 1.0444, 2.6763, 3.2637]","[-21.1615, -1187.3639, -3723.9558, -9405.7503]","[1.6607, -1001186.648, -1003723.2399, -1009405.0344]","[3.218, 3.643, 3.765, 3.383]","[[[2.2582, -0.1305], [4.5424, -0.3916], [6.8267, -0.9138], [9.1109, -1.9582], [11.1096, -3.1332], [13.6794, -4.5692]], [[2.2582, -0.1305], [4.5424, -0.3916], [6.8267, -0.9138], [9.1109, -1.9582], [9.682, -2.3499], [14.8215, -2.0888]], [[2.2582, -0.1305], [4.5424, -0.3916], [6.8267, -0.9138], [9.1109, -1.9582], [9.1109, -0.5222], [13.1083, -5.3525]], [[2.2582, -0.1305], [4.5424, -0.3916], [6.8267, -0.9138], [9.1109, -1.9582], [15.107, -3.9165], [8.5399, -6.5275]]]",0.2143,0.0,0.0,0.0,0.0,0.0,0.0,True,"[1, 1, 1]",0.0,0.0,0.0,3.2179,4.0,1.3761,3.2651,6.4027,0.9915,1.8861,3.2179,"[[2.258, -0.131], [4.542, -0.392], [6.827, -0.914], [9.111, -1.958], [11.11, -3.133], [13.679, -4.569]]",ok,3.7646,0.0,0.0,0.0,0.0,0.0,0.0,0.0,0.0,0.0,699e94e9f1cc4dffa7c58c00fd3a740f,scene-0345,42
1.8522,4.839,6.1148,1.3541,2.9021,4.0105,0.0,0.0,0.0,0.0,0.0,0.0,0.0,0.0,0.0,ok,straight,1.8522,4.839,6.1148,1.3541,2.9021,4.0105,False,"[-0.0653, -0.1958, -1.0444, -0.1305]","[-42.3747, -624.7756, -2032.1044, -115840.0377]","[4.7514, -1000621.356, -1002028.6847, -1115836.6181]","[4.011, 4.016, 2.644, 7.343]","[[[4.2569, 0.0], [8.5399, 0.0], [12.5373, 0.0], [16.8202, 0.0], [20.5321, 0.0], [24.8151, -0.1305]], [[4.2569, 0.0], [8.5399, 0.0], [12.5373, 0.0], [16.8202, 0.0], [19.6755, -0.3916], [25.6716, 0.3916]], [[4.2569, 0.0], [8.5399, 0.0], [12.5373, 0.0], [16.8202, 0.0], [25.1006, 0.0], [29.3835, -2.0888]], [[4.2569, 0.0], [8.5399, 0.0], [12.5373, 0.0], [16.8202, 0.0], [1.6871, 0.0], [23.6729, 0.2611]]]",1.7323,0.0,0.0,0.0,0.0,0.0,0.0,True,"[1, 1, 1]",0.0,0.0,0.0,2.6443,4.0,1.8522,4.839,2.4811,1.3541,2.9021,2.6443,"[[4.257, 0.0], [8.54, 0.0], [12.537, 0.0], [16.82, 0.0], [20.532, 0.0], [24.815, -0.131]]",ok,7.3434,0.0,0.0,0.0,0.0,0.0,0.0,0.0,0.0,0.0,13ccb50e48444e128c76ca469117d676,scene-0345,42
1.6871,3.4003,5.1135,1.2588,2.1154,2.8293,0.0,0.0,0.0,0.0,0.0,0.0,0.0,0.0,0.0,ok,straight,1.6871,2.8293,5.1135,1.2588,1.9022,2.7823,True,"[-0.0, -0.0, -1.6971, -0.4569]","[-20.8499, -34.2605, -1185.355, -8167.1564]","[3.8063, 3.8024, -1001183.0117, -1008164.813]","[2.782, 2.687, 2.42, 5.784]","[[[0.8306, 0.0], [1.6871, 0.0], [2.2582, -0.1305], [2.8293, 0.0], [3.9714, 0.0], [5.1135, 0.0]], [[0.8306, 0.0], [1.6871, 0.0], [2.2582, -0.1305], [2.8293, 0.0], [3.4003, 0.0], [5.1135, 0.0]], [[0.8306, 0.0], [1.6871, 0.0], [2.2582, -0.1305], [2.8293, 0.0], [1.6871, 0.0], [3.9714, -3.3943]], [[0.8306, 0.0], [1.6871, 0.0], [2.2582, -0.1305], [2.8293, 0.0], [5.399, 0.0], [21.6742, -0.9138]]]",1.3721,0.0,0.0,0.0,0.0,0.0,0.0,True,"[1, 1, 1]",0.0,0.0,0.0,2.4201,4.0,1.6871,2.8293,5.2243,1.2588,1.9022,2.4201,"[[0.831, 0.0], [1.687, 0.0], [2.258, -0.131], [2.829, 0.0], [3.971, 0.0], [5.113, 0.0]]",ok,5.7836,0.0,0.0,0.0,0.0,0.0,0.0,0.0,0.0,0.0,c35efe5eaf784275b8c7e31fb50aa902,scene-0346,42
1.6871,3.6858,4.5424,1.2588,2.1868,2.8768,0.0,0.0,0.0,0.0,0.0,0.0,0.0,0.0,0.0,ok,straight,1.6871,3.6858,5.1135,1.2588,2.1868,2.9244,False,"[-0.0, -0.0653, -0.0, -0.0]","[-151.5548, -228.1949, -5058.0468, -6111.6923]","[4.1302, 1.7927, -1005055.4985, -1006109.1441]","[2.924, 3.497, 4.067, 3.115]","[[[0.8306, 0.0], [1.6871, 0.0], [2.5437, 0.0], [3.6858, 0.0], [3.6858, 0.0], [5.1135, 0.0]], [[0.8306, 0.0], [1.6871, 0.0], [2.5437, 0.0], [3.6858, 0.0], [5.9701, 0.2611], [6.2556, -0.1305]], [[0.8306, 0.0], [1.6871, 0.0], [2.5437, 0.0], [3.6858, 0.0], [3.1148, -0.1305], [12.5373, 0.0]], [[0.8306, 0.0], [1.6871, 0.0], [2.5437, 0.0], [3.6858, 0.0], [7.9688, 0.1305], [1.9727, 0.0]]]",0.4364,0.0,0.0,0.0,0.0,0.0,0.0,True,"[1, 1, 1]",0.0,0.0,0.0,2.9244,4.0,1.6871,3.6858,5.1135,1.2588,2.1868,2.9244,"[[0.831, 0.0], [1.687, 0.0], [2.544, 0.0], [3.686, 0.0], [3.686, 0.0], [5.113, 0.0]]",ok,4.067,0.0,0.0,0.0,0.0,0.0,0.0,0.0,0.0,0.0,0ed1a404c1fb4f7a87a30d3ee45f7f97,scene-0346,42
1.4399,4.317,5.5495,0.792,2.2878,3.238,0.0,0.0,0.0,0.0,0.0,0.0,0.0,0.0,0.0,ok,straight,1.4399,4.0325,5.5623,0.792,2.0742,3.2398,False,"[-0.0653, -0.0653, -0.3264, -0.3264]","[-177.1318, -209.4392, -1249.3627, -1257.1428]","[4.691, 4.63, -1001246.7019, -1001254.482]","[3.24, 4.52, 3.089, 3.405]","[[[1.6871, 0.0], [3.1148, 0.0], [4.5424, 0.0], [5.9701, 0.0], [6.5412, 0.0], [9.1109, 0.1305]], [[1.6871, 0.0], [3.1148, 0.0], [4.5424, 0.0], [5.9701, 0.0], [5.399, 0.3916], [2.5437, -0.1305]], [[1.6871, 0.0], [3.1148, 0.0], [4.5424, 0.0], [5.9701, 0.0], [9.1109, 0.2611], [7.3977, 0.6527]], [[1.6871, 0.0], [3.1148, 0.0], [4.5424, 0.0], [5.9701, 0.0], [5.6846, 1.0444], [9.1109, -0.6527]]]",0.5636,0.0,0.0,0.0,0.0,0.0,0.0,True,"[1, 1, 1]",0.0,0.0,0.0,3.0893,4.0,1.4399,4.0325,7.2423,0.792,2.0742,3.0893,"[[1.687, 0.0], [3.115, 0.0], [4.542, 0.0], [5.97, 0.0], [6.541, 0.0], [9.111, 0.131]]",ok,4.5204,0.0,0.0,0.0,0.0,0.0,0.0,0.0,0.0,0.0,5ad76231ff724caa85e151d89bc8770a,scene-0346,42
0.5475,1.1728,1.4434,0.6119,0.671,0.7203,0.0,0.0,0.0,0.0,0.0,0.0,0.0,0.0,0.0,ok,straight,0.5475,0.2928,1.4598,0.6119,0.451,0.5683,True,"[-0.3916, -0.6527, -0.0, -0.4569]","[-180.2815, -847.5723, -3809.4894, -12453.2379]","[5.2839, -1000843.0669, -1003804.984, -1012448.7325]","[0.568, 1.356, 1.478, 1.546]","[[[2.8293, 0.0], [5.1135, 0.0], [7.3977, 0.0], [9.682, 0.0], [13.1083, 0.2611], [14.8215, 0.7833]], [[2.8293, 0.0], [5.1135, 0.0], [7.3977, 0.0], [9.682, 0.0], [13.3939, -0.1305], [21.9598, 1.3055]], [[2.8293, 0.0], [5.1135, 0.0], [7.3977, 0.0], [9.682, 0.0], [14.2505, 0.5222], [10.5386, 0.0]], [[2.8293, 0.0], [5.1135, 0.0], [7.3977, 0.0], [9.682, 0.0], [18.5334, 2.4804], [16.5347, -0.9138]]]",0.3921,0.0,0.0,0.0,0.0,0.0,0.0,True,"[1, 1, 1]",0.0,0.0,0.0,0.5683,4.0,0.5475,0.2928,1.4598,0.6119,0.451,0.5683,"[[2.829, 0.0], [5.113, 0.0], [7.398, 0.0], [9.682, 0.0], [13.108, 0.261], [14.822, 0.783]]",ok,1.5462,0.0,0.0,0.0,0.0,0.0,0.0,0.0,0.0,0.0,0af54713a83e4d54b852eb2239039136,scene-0346,42
0.3072,1.9384,4.9672,0.3359,0.9116,1.9431,0.0,0.0,0.0,0.0,0.0,0.0,0.0,0.0,0.0,ok,straight,0.3072,1.9384,4.9672,0.3359,0.9116,1.9431,False,"[-0.0653, -0.2611, -0.4569, -1.6971]","[-37.0515, -1122.3633, -5607.6195, -17325.6317]","[5.4854, -1001118.6226, -1005603.8788, -1017321.8909]","[1.943, 1.764, 1.885, 2.392]","[[[1.9727, 0.0], [4.5424, 0.0], [6.5412, 0.0], [8.5399, 0.0], [10.5386, -0.1305], [11.9662, -0.1305]], [[1.9727, 0.0], [4.5424, 0.0], [6.5412, 0.0], [8.5399, 0.0], [12.2517, 0.7833], [11.6807, 0.5222]], [[1.9727, 0.0], [4.5424, 0.0], [6.5412, 0.0], [8.5399, 0.0], [7.3977, 0.3916], [15.9636, 0.9138]], [[1.9727, 0.0], [4.5424, 0.0], [6.5412, 0.0], [8.5399, 0.0], [12.8228, -6.0053], [13.6794, 3.3943]]]",0.2379,0.0,0.0,0.0,0.0,0.0,0.0,True,"[1, 1, 1]",0.0,0.0,0.0,1.7636,4.0,0.3072,1.9384,5.2976,0.3359,0.9116,1.7636,"[[1.973, 0.0], [4.542, 0.0], [6.541, 0.0], [8.54, 0.0], [10.539, -0.131], [11.966, -0.131]]",ok,2.3924,0.0,0.0,0.0,0.0,0.0,0.0,0.0,0.0,0.0,4e26b42796024b45a9a852738e3701bb,scene-0519,42
0.9523,2.9046,2.3966,0.5636,1.5163,1.9742,0.0,0.0,0.0,0.0,0.0,0.0,0.0,0.0,0.0,ok,straight,0.9523,2.9046,2.3966,0.5636,1.5163,1.9742,False,"[-0.0653, -0.0653, -0.0653, -0.3264]","[-38.9447, -3045.0356, -6305.838, -159081.3124]","[3.0142, -1003043.2215, -1006304.0239, -1159079.4983]","[1.974, 1.928, 4.438, 9.241]","[[[3.6858, 0.0], [7.9688, 0.0], [12.5373, 0.0], [16.8202, -0.1305], [20.8176, -0.1305], [23.3874, -0.1305]], [[3.6858, 0.0], [7.9688, 0.0], [12.5373, 0.0], [16.8202, -0.1305], [17.9623, 0.0], [25.9572, 0.1305]], [[3.6858, 0.0], [7.9688, 0.0], [12.5373, 0.0], [16.8202, -0.1305], [21.3887, 0.0], [37.6639, 0.1305]], [[3.6858, 0.0], [7.9688, 0.0], [12.5373, 0.0], [16.8202, -0.1305], [16.8202, -0.1305], [69.6432, -0.6527]]]",2.9762,0.0,0.0,0.0,0.0,0.0,0.0,True,"[1, 1, 1]",0.0,0.0,0.0,1.9277,4.0,0.9523,2.9046,4.9211,0.5636,1.5163,1.9277,"[[3.686, 0.0], [7.969, 0.0], [12.537, 0.0], [16.82, -0.131], [20.818, -0.131], [23.387, -0.131]]",ok,9.2408,0.0,0.0,0.0,0.0,0.0,0.0,0.0,0.0,0.0,f35c8e2c937d4cd486cd0cce36425d5c,scene-0519,42
2.4689,5.9355,9.4207,1.8999,3.4873,5.1052,0.0,0.0,0.0,0.0,0.0,0.0,0.0,0.0,0.0,ok,straight,2.4689,5.9355,7.7057,1.8999,3.4873,4.5815,True,"[-0.0, -0.0653, -0.1305, -0.4569]","[-318.6203, -28.43, -38.6676, -497464.0503]","[3.4448, 3.0747, 2.7033, -1497462.1105]","[4.582, 5.105, 5.108, 17.773]","[[[3.1148, 0.0], [5.9701, 0.0], [8.5399, -0.1305], [11.1096, -0.1305], [15.3926, -0.1305], [17.6768, 0.0]], [[3.1148, 0.0], [5.9701, 0.0], [8.5399, -0.1305], [11.1096, -0.1305], [13.9649, -0.1305], [15.9636, -0.1305]], [[3.1148, 0.0], [5.9701, 0.0], [8.5399, -0.1305], [11.1096, -0.1305], [13.9649, -0.3916], [15.9636, -0.2611]], [[3.1148, 0.0], [5.9701, 0.0], [8.5399, -0.1305], [11.1096, -0.1305], [69.6432, 0.1305], [69.6432, -0.9138]]]",5.5648,0.0,0.0,0.0,0.0,0.0,0.0,True,"[1, 1, 1]",0.0,0.0,0.0,4.5815,4.0,2.4689,5.9355,7.7057,1.8999,3.4873,4.5815,"[[3.115, 0.0], [5.97, 0.0], [8.54, -0.131], [11.11, -0.131], [15.393, -0.131], [17.677, 0.0]]",ok,17.7733,0.0,0.0,0.0,0.0,0.0,0.0,0.0,0.0,0.0,3a90b7c61d7f4016a1a2a680b0eac6e9,scene-0519,42
1.6245,3.2998,2.1388,1.2559,2.0023,2.1097,0.0,0.0,0.0,0.0,0.0,0.0,0.0,0.0,0.0,ok,straight,1.6245,3.2998,2.1388,1.2559,2.0023,2.1097,False,"[-0.0653, -0.4569, -0.1958, -0.1305]","[-192.6205, -4565.2137, -4832.2576, -6321.4102]","[5.3633, -1004562.4945, -1004829.5384, -1006318.691]","[2.11, 2.744, 2.112, 3.204]","[[[3.6858, 0.0], [7.3977, 0.0], [11.1096, 0.0], [14.2505, -0.1305], [19.1045, -0.1305], [23.3874, -0.1305]], [[3.6858, 0.0], [7.3977, 0.0], [11.1096, 0.0], [14.2505, -0.1305], [20.5321, -0.1305], [18.2479, 0.9138]], [[3.6858, 0.0], [7.3977, 0.0], [11.1096, 0.0], [14.2505, -0.1305], [21.6742, 0.0], [21.1032, -0.3916]], [[3.6858, 0.0], [7.3977, 0.0], [11.1096, 0.0], [14.2505, -0.1305], [20.2466, -0.1305], [15.6781, -0.2611]]]",0.4611,0.0,0.0,0.0,0.0,0.0,0.0,True,"[1, 1, 1]",0.0,0.0,0.0,2.1097,4.0,1.6245,3.2998,2.1388,1.2559,2.0023,2.1097,"[[3.686, 0.0], [7.398, 0.0], [11.11, 0.0], [14.25, -0.131], [19.104, -0.131], [23.387, -0.131]]",ok,3.2039,0.0,0.0,0.0,0.0,0.0,0.0,0.0,0.0,0.0,4b593e6d756b4827b46e044ee147d4fb,scene-0519,42
1.782,4.2455,5.9327,1.2749,2.4612,3.5592,0.0,0.0,0.0,0.0,0.0,0.0,0.0,0.0,0.0,ok,straight,1.782,3.3943,5.9327,1.2749,2.1057,3.3222,True,"[-0.0653, -0.1958, -0.0653, -0.1305]","[-322.4068, -1892.2406, -2555.8653, -6890.9912]","[4.7666, -1001889.4437, -1002553.0683, -1006888.1943]","[3.322, 2.24, 4.939, 3.417]","[[[3.1148, 0.0], [5.9701, 0.0], [9.1109, -0.1305], [11.9662, 0.0], [13.1083, -0.1305], [16.2492, -0.1305]], [[3.1148, 0.0], [5.9701, 0.0], [9.1109, -0.1305], [11.9662, 0.0], [17.6768, 0.1305], [18.2479, -0.3916]], [[3.1148, 0.0], [5.9701, 0.0], [9.1109, -0.1305], [11.9662, 0.0], [9.3964, -0.2611], [10.253, -0.1305]], [[3.1148, 0.0], [5.9701, 0.0], [9.1109, -0.1305], [11.9662, 0.0], [10.253, 0.0], [18.5334, -0.2611]]]",0.9613,0.0,0.0,0.0,0.0,0.0,0.0,True,"[1, 1, 1]",0.0,0.0,0.0,2.2402,4.0,1.782,3.3943,3.9295,1.2749,2.1057,2.2402,"[[3.115, 0.0], [5.97, 0.0], [9.111, -0.131], [11.966, 0.0], [13.108, -0.131], [16.249, -0.131]]",ok,4.9395,0.0,0.0,0.0,0.0,0.0,0.0,0.0,0.0,0.0,6123a0c091d24c39ab274cdbad994bc4,scene-0520,42
1.4589,4.0106,8.4464,1.0934,2.2072,3.9243,0.0,0.0,0.0,0.0,0.0,0.0,0.0,0.0,0.0,ok,straight,1.4589,4.0106,8.4464,1.0934,2.2072,3.9243,False,"[-0.1305, -0.1958, -0.1305, -0.3264]","[-23.6182, -195.1813, -1849.3449, -2228.4764]","[4.3666, 3.3743, -1001846.8712, -1002226.0027]","[3.924, 3.273, 4.162, 2.085]","[[[1.4016, 0.0], [2.8293, 0.0], [3.9714, -0.1305], [5.1135, -0.1305], [5.6846, -0.1305], [6.5412, -0.2611]], [[1.4016, 0.0], [2.8293, 0.0], [3.9714, -0.1305], [5.1135, -0.1305], [7.3977, -0.9138], [8.8254, -0.3916]], [[1.4016, 0.0], [2.8293, 0.0], [3.9714, -0.1305], [5.1135, -0.1305], [7.3977, 0.0], [3.4003, 0.2611]], [[1.4016, 0.0], [2.8293, 0.0], [3.9714, -0.1305], [5.1135, -0.1305], [10.8241, -0.2611], [12.5373, -0.6527]]]",0.8057,0.0,0.0,0.0,0.0,0.0,0.0,True,"[1, 1, 1]",0.0,0.0,0.0,2.0845,4.0,1.4589,4.0106,2.5279,1.0934,2.2072,2.0845,"[[1.402, 0.0], [2.829, 0.0], [3.971, -0.131], [5.113, -0.131], [5.685, -0.131], [6.541, -0.261]]",ok,4.1622,0.0,0.0,0.0,0.0,0.0,0.0,0.0,0.0,0.0,b999707d600d4b0db25404e6f41085aa,scene-0520,42
0.3897,0.267,1.6147,0.2932,0.4609,0.6804,0.0,0.0,0.0,0.0,0.0,0.0,0.0,0.0,0.0,ok,straight,0.3897,0.267,1.6147,0.2932,0.4609,0.6804,False,"[-0.1305, -0.1305, -0.1958, -0.1958]","[-310.7002, -7835.8449, -13193.4496, -81433.9502]","[4.1049, -1007833.5209, -1013191.1255, -1081431.6262]","[0.68, 1.624, 1.619, 3.379]","[[[4.2569, 0.0], [8.5399, -0.1305], [12.5373, -0.1305], [18.2479, -0.1305], [23.3874, -0.2611], [25.9572, -0.2611]], [[4.2569, 0.0], [8.5399, -0.1305], [12.5373, -0.1305], [18.2479, -0.1305], [17.3913, -0.1305], [25.1006, -0.2611]], [[4.2569, 0.0], [8.5399, -0.1305], [12.5373, -0.1305], [18.2479, -0.1305], [17.6768, -0.1305], [30.2401, -0.3916]], [[4.2569, 0.0], [8.5399, -0.1305], [12.5373, -0.1305], [18.2479, -0.1305], [39.6626, -0.1305], [29.098, -0.3916]]]",0.9756,0.0,0.0,0.0,0.0,0.0,0.0,True,"[1, 1, 1]",0.0,0.0,0.0,0.6804,4.0,0.3897,0.267,1.6147,0.2932,0.4609,0.6804,"[[4.257, 0.0], [8.54, -0.131], [12.537, -0.131], [18.248, -0.131], [23.387, -0.261], [25.957, -0.261]]",ok,3.3787,0.0,0.0,0.0,0.0,0.0,0.0,0.0,0.0,0.0,0018da40529f48678419d44d09da5369,scene-0520,42
3.2433,5.8155,8.6551,2.399,3.9156,5.2973,0.0,0.0,0.0,0.0,0.0,0.0,0.0,0.0,0.0,ok,straight,3.2433,6.101,8.3696,2.399,3.987,5.3925,False,"[-0.0653, -0.1305, -0.1305, -0.1958]","[-34.1811, -499.9144, -6930.1499, -75485.0193]","[4.8057, -1000497.1755, -1006927.411, -1075482.2804]","[5.392, 5.681, 8.581, 6.389]","[[[3.4003, 0.0], [6.5412, 0.0], [9.3964, -0.1305], [12.5373, -0.1305], [15.6781, -0.1305], [19.9611, -0.1305]], [[3.4003, 0.0], [6.5412, 0.0], [9.3964, -0.1305], [12.5373, -0.1305], [14.536, 0.3916], [19.39, -0.2611]], [[3.4003, 0.0], [6.5412, 0.0], [9.3964, -0.1305], [12.5373, -0.1305], [13.9649, 0.0], [2.5437, -0.2611]], [[3.4003, 0.0], [6.5412, 0.0], [9.3964, -0.1305], [12.5373, -0.1305], [15.3926, -15.2743], [23.1019, -0.3916]]]",1.2489,0.0,0.0,0.0,0.0,0.0,0.0,True,"[1, 1, 1]",0.0,0.0,0.0,5.3925,4.0,3.2433,6.101,8.3696,2.399,3.987,5.3925,"[[3.4, 0.0], [6.541, 0.0], [9.396, -0.131], [12.537, -0.131], [15.678, -0.131], [19.961, -0.131]]",ok,8.581,0.0,0.0,0.0,0.0,0.0,0.0,0.0,0.0,0.0,4ea6733a72d34c4980bccafc888e959b,scene-0520,42
2.8916,6.1836,9.4195,2.0942,3.725,5.3013,0.0,0.0,0.0,0.0,0.0,0.0,0.0,0.0,0.0,ok,straight,2.8916,4.7559,9.4195,2.0942,3.4395,5.1109,True,"[-0.0653, -0.3916, -0.1305, -0.1305]","[-825.1864, -304.8744, -1113.084, -73676.9995]","[4.7761, 2.1888, -1001109.7941, -1073673.7097]","[5.111, 4.686, 4.068, 5.333]","[[[3.4003, 0.0], [6.5412, 0.0], [9.3964, -0.1305], [14.2505, -0.1305], [16.2492, -0.1305], [19.1045, -0.1305]], [[3.4003, 0.0], [6.5412, 0.0], [9.3964, -0.1305], [14.2505, -0.1305], [17.9623, -0.2611], [19.9611, -0.7833]], [[3.4003, 0.0], [6.5412, 0.0], [9.3964, -0.1305], [14.2505, -0.1305], [17.3913, -0.3916], [24.244, 0.2611]], [[3.4003, 0.0], [6.5412, 0.0], [9.3964, -0.1305], [14.2505, -0.1305], [32.5244, -0.9138], [19.1045, -0.2611]]]",0.4819,0.0,0.0,0.0,0.0,0.0,0.0,True,"[1, 1, 1]",0.0,0.0,0.0,4.0684,4.0,2.8916,4.7559,4.3015,2.0942,3.4395,4.0684,"[[3.4, 0.0], [6.541, 0.0], [9.396, -0.131], [14.25, -0.131], [16.249, -0.131], [19.104, -0.131]]",ok,5.333,0.0,0.0,0.0,0.0,0.0,0.0,0.0,0.0,0.0,107dd32140844573924260f9ad9390bf,scene-0521,42
1.958,2.9799,3.6918,1.343,1.9031,2.4219,0.0,0.0,0.0,0.0,0.0,0.0,0.0,0.0,0.0,ok,straight,1.958,2.9799,3.4063,1.343,1.9031,2.3743,True,"[-0.0653, -0.0653, -0.0, -0.0]","[-193.4224, -438.4978, -653.3184, -440608.5925]","[1.1885, 1.1872, -1000651.7086, -1440606.9827]","[2.374, 2.424, 3.094, 16.772]","[[[3.6858, 0.0], [6.8267, 0.0], [11.1096, 0.0], [14.2505, -0.1305], [17.9623, -0.1305], [21.6742, -0.1305]], [[3.6858, 0.0], [6.8267, 0.0], [11.1096, 0.0], [14.2505, -0.1305], [18.5334, 0.1305], [20.8176, -0.1305]], [[3.6858, 0.0], [6.8267, 0.0], [11.1096, 0.0], [14.2505, -0.1305], [17.6768, 0.3916], [17.6768, 0.0]], [[3.6858, 0.0], [6.8267, 0.0], [11.1096, 0.0], [14.2505, -0.1305], [69.6432, 0.3916], [69.6432, 0.0]]]",6.13,0.0,0.0,0.0,0.0,0.0,0.0,True,"[1, 1, 1]",0.0,0.0,0.0,2.3743,4.0,1.958,2.9799,3.4063,1.343,1.9031,2.3743,"[[3.686, 0.0], [6.827, 0.0], [11.11, 0.0], [14.25, -0.131], [17.962, -0.131], [21.674, -0.131]]",ok,16.772,0.0,0.0,0.0,0.0,0.0,0.0,0.0,0.0,0.0,31dc0c75e21748edb4b32c388cf4a86a,scene-0521,42
0.7827,2.9739,5.138,0.7649,1.6671,2.5001,0.0,0.0,0.0,0.0,0.0,0.0,0.0,0.0,0.0,ok,straight,0.2172,3.5448,5.138,0.1661,1.5104,2.5384,False,"[-0.0653, -0.0653, -0.0, -0.1305]","[-221.645, -236.2547, -23874.0939, -772049.6614]","[3.2434, 3.2433, -1023871.4514, -1772047.019]","[2.538, 3.49, 3.586, 11.58]","[[[3.4003, 0.0], [7.1122, 0.0], [12.5373, -0.1305], [16.8202, -0.1305], [19.9611, -0.1305], [23.3874, -0.1305]], [[3.4003, 0.0], [7.1122, 0.0], [12.5373, -0.1305], [16.8202, -0.1305], [21.6742, -0.1305], [27.3848, -0.1305]], [[3.4003, 0.0], [7.1122, 0.0], [12.5373, -0.1305], [16.8202, -0.1305], [24.5295, -0.1305], [11.3952, 0.0]], [[3.4003, 0.0], [7.1122, 0.0], [12.5373, -0.1305], [16.8202, -0.1305], [69.6432, 0.1305], [27.9559, -0.2611]]]",3.6498,0.0,0.0,0.0,0.0,0.0,0.0,True,"[1, 1, 1]",0.0,0.0,0.0,2.5384,4.0,0.2172,3.5448,5.138,0.1661,1.5104,2.5384,"[[3.4, 0.0], [7.112, 0.0], [12.537, -0.131], [16.82, -0.131], [19.961, -0.131], [23.387, -0.131]]",ok,11.5804,0.0,0.0,0.0,0.0,0.0,0.0,0.0,0.0,0.0,15f6744bf59e4e0189e534de13d468f7,scene-0521,42
5.0654,8.894,11.8185,3.8013,5.9721,7.7045,0.0,0.0,0.0,0.0,0.0,0.0,0.0,0.0,0.0,ok,straight,5.0654,8.894,11.8185,3.8013,5.9007,7.6569,True,"[-0.0653, -0.3916, -0.0653, -0.1305]","[-12.0284, -9474.2702, -14326.2135, -998963.6649]","[2.4837, -1009473.1098, -1014325.0532, -1998962.5045]","[7.657, 6.82, 6.61, 16.83]","[[[3.6858, 0.0], [7.3977, 0.0], [10.8241, 0.0], [14.2505, -0.1305], [17.9623, -0.1305], [21.3887, -0.1305]], [[3.6858, 0.0], [7.3977, 0.0], [10.8241, 0.0], [14.2505, -0.1305], [20.5321, -0.2611], [13.6794, 0.7833]], [[3.6858, 0.0], [7.3977, 0.0], [10.8241, 0.0], [14.2505, -0.1305], [11.1096, -0.1305], [21.9598, -0.1305]], [[3.6858, 0.0], [7.3977, 0.0], [10.8241, 0.0], [14.2505, -0.1305], [69.6432, 16.5798], [22.5308, -0.2611]]]",4.2619,0.0,0.0,0.0,0.0,0.0,0.0,True,"[1, 1, 1]",0.0,0.0,0.0,6.61,4.0,5.0654,8.894,12.3895,3.8013,5.9007,6.61,"[[3.686, 0.0], [7.398, 0.0], [10.824, 0.0], [14.25, -0.131], [17.962, -0.131], [21.389, -0.131]]",ok,16.8297,0.0,0.0,0.0,0.0,0.0,0.0,0.0,0.0,0.0,1a1dc7ef4955481ba3755fbaa39a53d8,scene-0521,42
2.9406,4.6254,4.9644,2.2685,3.2265,3.7519,0.0,0.0,0.0,0.0,0.0,0.0,0.0,0.0,0.0,ok,straight,2.9406,4.6254,4.9644,2.2685,3.2265,3.7519,False,"[-0.0653, -0.1305, -0.0, -0.0653]","[-43.8552, -10893.8737, -13930.5049, -63514.0914]","[4.8592, -1010889.9158, -1013926.547, -1063510.1336]","[3.752, 3.774, 4.751, 6.339]","[[[4.2569, 0.0], [8.5399, 0.0], [12.5373, -0.1305], [16.8202, -0.1305], [20.5321, -0.1305], [24.8151, -0.1305]], [[4.2569, 0.0], [8.5399, 0.0], [12.5373, -0.1305], [16.8202, -0.1305], [24.8151, -0.5222], [19.1045, -0.2611]], [[4.2569, 0.0], [8.5399, 0.0], [12.5373, -0.1305], [16.8202, -0.1305], [27.3848, -0.2611], [23.9585, 0.0]], [[4.2569, 0.0], [8.5399, 0.0], [12.5373, -0.1305], [16.8202, -0.1305], [33.6665, -6.7886], [25.9572, -0.1305]]]",1.0533,0.0,0.0,0.0,0.0,0.0,0.0,True,"[1, 1, 1]",0.0,0.0,0.0,3.7519,4.0,2.9406,4.6254,4.9644,2.2685,3.2265,3.7519,"[[4.257, 0.0], [8.54, 0.0], [12.537, -0.131], [16.82, -0.131], [20.532, -0.131], [24.815, -0.131]]",ok,6.3392,0.0,0.0,0.0,0.0,0.0,0.0,0.0,0.0,0.0,5ec2ee2d55cc4582acd0f92476845a74,scene-0522,42
0.2569,0.0813,3.063,0.285,0.3563,1.0747,0.0,0.0,0.0,0.0,0.0,0.0,0.0,0.0,0.0,ok,straight,0.2569,2.653,3.7928,0.285,0.898,1.2864,False,"[-0.0653, -0.0653, -0.0653, -2.8721]","[-4410.0059, -4618.0087, -4943.8319, -5506.9117]","[-1004406.9253, -1004614.9281, -1004940.7513, -1005503.8311]","[1.286, 0.906, 1.056, 2.692]","[[[3.1148, 0.0], [6.5412, 0.0], [10.5386, -0.1305], [16.8202, 0.0], [17.9623, -0.2611], [25.1006, -0.1305]], [[3.1148, 0.0], [6.5412, 0.0], [10.5386, -0.1305], [16.8202, 0.0], [17.1058, 0.1305], [22.5308, -0.1305]], [[3.1148, 0.0], [6.5412, 0.0], [10.5386, -0.1305], [16.8202, 0.0], [16.2492, -0.1305], [19.9611, -0.1305]], [[3.1148, 0.0], [6.5412, 0.0], [10.5386, -0.1305], [16.8202, 0.0], [19.1045, -0.2611], [11.6807, -5.7442]]]",0.7102,0.0,0.0,0.0,0.0,0.0,0.0,False,"[1, 1, 1]",0.0,0.0,0.0,0.9059,4.0,0.2569,2.653,1.2259,0.285,0.898,0.9059,"[[3.115, 0.0], [6.541, 0.0], [10.539, -0.131], [16.82, 0.0], [17.962, -0.261], [25.101, -0.131]]",ok,2.6925,0.0,0.0,0.0,0.0,0.0,0.0,0.0,0.0,0.0,3b971d298409494a8fcbc824745e0f16,scene-0522,42
3.4724,6.6143,8.8484,2.4469,3.9448,5.5421,0.0,0.0,0.0,0.0,0.0,0.0,0.0,0.0,0.0,ok,straight,3.4724,6.6143,10.2761,2.5904,4.0166,5.8279,False,"[-0.0653, -0.2611, -0.2611, -0.7833]","[-152.268, -878.6179, -1138.2756, -5813.5595]","[5.3646, -1000875.1189, -1001134.7767, -1005810.0606]","[5.828, 6.64, 6.122, 4.989]","[[[2.5437, -0.1305], [5.1135, -0.1305], [8.5399, -0.1305], [10.5386, -0.1305], [12.8228, -0.1305], [15.3926, -0.1305]], [[2.5437, -0.1305], [5.1135, -0.1305], [8.5399, -0.1305], [10.5386, -0.1305], [10.253, -0.7833], [13.1083, -0.5222]], [[2.5437, -0.1305], [5.1135, -0.1305], [8.5399, -0.1305], [10.5386, -0.1305], [11.1096, 0.7833], [15.3926, -0.5222]], [[2.5437, -0.1305], [5.1135, -0.1305], [8.5399, -0.1305], [10.5386, -0.1305], [17.3913, -0.5222], [15.9636, -1.5666]]]",0.5982,0.0,0.0,0.0,0.0,0.0,0.0,True,"[1, 1, 1]",0.0,0.0,0.0,4.9891,4.0,3.4724,6.6143,9.7997,2.5904,4.0166,4.9891,"[[2.544, -0.131], [5.113, -0.131], [8.54, -0.131], [10.539, -0.131], [12.823, -0.131], [15.393, -0.131]]",ok,6.6399,0.0,0.0,0.0,0.0,0.0,0.0,0.0,0.0,0.0,5374ff6ee0994633b57a197b0bf3ea06,scene-0522,42
1.4089,2.1831,4.3379,0.8457,1.3498,2.2416,0.0,0.0,0.0,0.0,0.0,0.0,0.0,0.0,0.0,ok,straight,1.9834,3.606,4.3379,1.273,2.0748,2.725,False,"[-0.1305, -0.0, -0.1305, -0.3264]","[-428.8667, -9612.8724, -10067.3434, -152761.8831]","[3.3096, -1009610.3781, -1010064.8491, -1152759.3888]","[2.725, 3.266, 2.07, 10.279]","[[[2.8293, 0.0], [4.828, 0.0], [7.9688, 0.2611], [9.682, -0.1305], [12.8228, -0.1305], [15.3926, -0.2611]], [[2.8293, 0.0], [4.828, 0.0], [7.9688, 0.2611], [9.682, -0.1305], [7.3977, -0.1305], [17.6768, 0.0]], [[2.8293, 0.0], [4.828, 0.0], [7.9688, 0.2611], [9.682, -0.1305], [18.5334, -2.0888], [18.5334, 0.2611]], [[2.8293, 0.0], [4.828, 0.0], [7.9688, 0.2611], [9.682, -0.1305], [13.1083, -0.9138], [69.6432, -0.6527]]]",3.3145,0.0,0.0,0.0,0.0,0.0,0.0,True,"[1, 1, 1]",0.0,0.0,0.0,2.0703,4.0,1.9834,3.606,1.5695,1.273,2.0748,2.0703,"[[2.829, 0.0], [4.828, 0.0], [7.969, 0.261], [9.682, -0.131], [12.823, -0.131], [15.393, -0.261]]",ok,10.2787,0.0,0.0,0.0,0.0,0.0,0.0,0.0,0.0,0.0,f656f3b78a2c4ee4824f58ca89fe545d,scene-0522,42
0.3907,1.1554,2.7391,0.3334,0.5332,1.1512,0.0,0.0,0.0,0.0,0.0,0.0,0.0,0.0,0.0,ok,straight,0.3907,1.1554,2.5268,0.3334,0.5332,1.1613,False,"[-0.1305, -0.6527, -0.5222, -0.2611]","[-115.5023, -5374.0609, -7459.3137, -1097978.2105]","[3.3739, -1005372.5381, -1007457.7909, -2097976.6878]","[1.161, 1.392, 1.116, 9.869]","[[[2.8293, 0.0], [5.399, -0.1305], [8.5399, -0.1305], [10.5386, -0.1305], [12.2517, -0.2611], [15.107, -0.2611]], [[2.8293, 0.0], [5.399, -0.1305], [8.5399, -0.1305], [10.5386, -0.1305], [16.2492, -0.1305], [13.1083, -1.3055]], [[2.8293, 0.0], [5.399, -0.1305], [8.5399, -0.1305], [10.5386, -0.1305], [18.2479, 0.1305], [16.8202, -1.0444]], [[2.8293, 0.0], [5.399, -0.1305], [8.5399, -0.1305], [10.5386, -0.1305], [69.6432, -0.1305], [15.6781, -0.5222]]]",3.7451,0.0,0.0,0.0,0.0,0.0,0.0,True,"[1, 1, 1]",0.0,0.0,0.0,1.1159,4.0,0.3907,1.1554,0.644,0.3334,0.5332,1.1159,"[[2.829, 0.0], [5.399, -0.131], [8.54, -0.131], [10.539, -0.131], [12.252, -0.261], [15.107, -0.261]]",ok,9.8687,0.0,0.0,0.0,0.0,0.0,0.0,0.0,0.0,0.0,ce03b6f0c1d2455aa18f6275917485bc,scene-0523,42
0.2749,1.404,5.061,0.199,0.6672,1.7706,0.0,0.0,0.0,0.0,0.0,0.0,0.0,0.0,0.0,ok,straight,0.2749,2.0978,5.061,0.199,0.9328,1.9154,False,"[-1.8277, -0.0, -1.6971, -2.1541]","[-624.8597, -1944.9756, -2418.1362, -84942.0361]","[3.7067, -1001941.3872, -1002414.5478, -1084938.4477]","[1.915, 2.424, 1.785, 4.736]","[[[1.9727, -0.1305], [3.9714, -0.2611], [6.2556, -1.3055], [7.3977, -1.3055], [10.253, -2.3499], [11.1096, -3.6554]], [[1.9727, -0.1305], [3.9714, -0.2611], [6.2556, -1.3055], [7.3977, -1.3055], [9.1109, -3.1332], [8.2543, 0.0]], [[1.9727, -0.1305], [3.9714, -0.2611], [6.2556, -1.3055], [7.3977, -1.3055], [8.2543, -1.1749], [15.9636, -3.3943]], [[1.9727, -0.1305], [3.9714, -0.2611], [6.2556, -1.3055], [7.3977, -1.3055], [10.8241, 16.5798], [8.8254, 4.3081]]]",1.1911,0.0,0.0,0.0,0.0,0.0,0.0,True,"[1, 1, 1]",0.0,0.0,0.0,1.7853,4.0,0.2749,2.0978,3.1298,0.199,0.9328,1.7853,"[[1.973, -0.131], [3.971, -0.261], [6.256, -1.305], [7.398, -1.305], [10.253, -2.35], [11.11, -3.655]]",ok,4.7365,0.0,0.0,0.0,0.0,0.0,0.0,0.0,0.0,0.0,b6a99c6a8d944129a5ab01e0bdb86cf0,scene-0523,42
1.7085,3.8848,5.7212,1.0337,2.0406,3.1455,0.0,0.0,0.0,0.0,0.0,0.0,0.0,0.0,0.0,ok,straight,0.929,3.0535,5.7212,0.9288,1.6576,2.7036,True,"[-0.1305, -0.1958, -0.1305, -0.0]","[-1834.7788, -2052.7769, -36202.7411, -92600.6861]","[-2005221.5901, -2005439.5881, -2039589.5524, -2095987.4974]","[2.704, 2.508, 3.543, 4.946]","[[[2.5437, 0.0], [7.9688, 0.0], [9.1109, -0.2611], [11.3952, -0.1305], [14.2505, -0.1305], [15.9636, -0.2611]], [[2.5437, 0.0], [7.9688, 0.0], [9.1109, -0.2611], [11.3952, -0.1305], [13.3939, -0.2611], [17.9623, 0.3916]], [[2.5437, 0.0], [7.9688, 0.0], [9.1109, -0.2611], [11.3952, -0.1305], [4.828, -0.1305], [20.2466, 0.2611]], [[2.5437, 0.0], [7.9688, 0.0], [9.1109, -0.2611], [11.3952, -0.1305], [14.536, 16.5798], [14.8215, 0.0]]]",0.9604,0.0,0.0,0.0,0.0,0.0,0.0,False,"[1, 1, 1]",0.0,0.0,0.0,2.5083,4.0,0.929,3.0535,3.6852,0.9288,1.6576,2.5083,"[[2.544, 0.0], [7.969, 0.0], [9.111, -0.261], [11.395, -0.131], [14.25, -0.131], [15.964, -0.261]]",ok,4.9464,0.0,0.0,0.0,0.0,0.0,0.0,0.0,0.0,0.0,09fe2623b0774391ba3a50ec61bc02f7,scene-0523,42
0.778,2.6419,3.3463,0.5414,1.2785,1.9067,0.0,0.0,0.0,0.0,0.0,0.0,0.0,0.0,0.0,ok,straight,0.778,0.3422,6.3978,0.5414,0.7681,2.0491,False,"[-0.0653, -0.1305, -0.2611, -8.2899]","[-2171.587, -2342.6156, -10534.4939, -209388.6891]","[-1002169.1855, -1002340.214, -1010532.0924, -1209386.2875]","[2.049, 1.566, 1.593, 7.17]","[[[3.6858, 0.0], [7.3977, -0.1305], [10.8241, 0.0], [16.8202, 0.0], [18.5334, 1.5666], [19.1045, -0.1305]], [[3.6858, 0.0], [7.3977, -0.1305], [10.8241, 0.0], [16.8202, 0.0], [18.2479, -0.1305], [22.2453, -0.2611]], [[3.6858, 0.0], [7.3977, -0.1305], [10.8241, 0.0], [16.8202, 0.0], [16.2492, -1.0444], [25.9572, -0.5222]], [[3.6858, 0.0], [7.3977, -0.1305], [10.8241, 0.0], [16.8202, 0.0], [-2.8813, 0.2611], [24.244, 16.5798]]]",2.3608,0.0,0.0,0.0,0.0,0.0,0.0,False,"[1, 1, 1]",0.0,0.0,0.0,1.5665,4.0,0.778,0.3422,3.3463,0.5414,0.7681,1.5665,"[[3.686, 0.0], [7.398, -0.131], [10.824, 0.0], [16.82, 0.0], [18.533, 1.567], [19.104, -0.131]]",ok,7.1704,0.0,0.0,1.0,0.0,0.0,1.0,0.0,0.0,0.3333333333333333,08027e9f30d341bfb02d4f8dc52a01eb,scene-0523,42
0.9914,2.1894,3.1823,0.8952,1.2225,1.7196,0.0,0.0,0.0,0.0,0.0,0.0,0.0,0.0,0.0,ok,straight,0.9914,2.1894,3.1823,0.8952,1.2225,1.7196,False,"[-0.1305, -0.1305, -0.3916]","[-235.5163, -5141.0231, -76102.1038]","[3.7949, -1005138.712, -1076099.7927]","[1.72, 2.148, 3.678]","[[[3.6858, 0.0], [7.9688, -0.1305], [12.5373, -0.1305], [15.6781, -0.1305], [19.9611, -0.1305], [23.3874, -0.2611]], [[3.6858, 0.0], [7.9688, -0.1305], [12.5373, -0.1305], [15.6781, -0.1305], [17.6768, -0.1305], [29.9546, 0.2611]], [[3.6858, 0.0], [7.9688, -0.1305], [12.5373, -0.1305], [15.6781, -0.1305], [36.5218, 0.1305], [29.098, 0.7833]]]",0.8404,0.0,0.0,0.0,0.0,0.0,0.0,True,"[1, 1, 1]",0.0,0.0,0.0,1.7196,3.0,0.9914,2.1894,3.1823,0.8952,1.2225,1.7196,"[[3.686, 0.0], [7.969, -0.131], [12.537, -0.131], [15.678, -0.131], [19.961, -0.131], [23.387, -0.261]]",ok,3.6776,0.0,1.0,1.0,0.0,1.0,1.0,0.0,0.25,0.5,89c9204978674480aec9d2a9a377eecc,scene-0524,42
2.0944,4.1546,5.2016,1.6651,2.803,3.7324,0.0,0.0,0.0,0.0,0.0,0.0,0.0,0.0,0.0,ok,straight,2.0944,3.3437,5.5936,1.6651,2.4693,3.095,True,"[-1.6319, -0.6527, -0.3916, -0.0]","[-354.532, -745.8543, -1077.9064, -2134.0556]","[-1000351.6887, -1000743.011, -1001075.0631, -1002131.2123]","[3.095, 2.456, 3.51, 3.273]","[[[3.1148, 0.0], [6.5412, 0.0], [9.682, -0.2611], [13.6794, 0.0], [17.9623, 0.7833], [19.6755, 3.2637]], [[3.1148, 0.0], [6.5412, 0.0], [9.682, -0.2611], [13.6794, 0.0], [18.8189, -1.0444], [23.3874, 1.3055]], [[3.1148, 0.0], [6.5412, 0.0], [9.682, -0.2611], [13.6794, 0.0], [15.107, 0.3916], [19.9611, 0.7833]], [[3.1148, 0.0], [6.5412, 0.0], [9.682, -0.2611], [13.6794, 0.0], [15.3926, 1.6971], [21.3887, 0.0]]]",0.391,0.0,0.0,0.0,0.0,0.0,0.0,False,"[1, 1, 1]",0.0,0.0,0.0,2.4561,4.0,2.0944,3.3437,1.7442,1.6651,2.4693,2.4561,"[[3.115, 0.0], [6.541, 0.0], [9.682, -0.261], [13.679, 0.0], [17.962, 0.783], [19.676, 3.264]]",ok,3.5099,0.0,1.0,1.0,0.0,1.0,1.0,0.0,0.25,0.5,e5cb38a3006d417a99b9688336980b8d,scene-0524,42
0.941,3.1305,2.8838,0.8785,1.5831,1.9738,0.0,0.0,0.0,0.0,0.0,0.0,0.0,0.0,0.0,ok,straight,1.7973,3.1305,7.7098,1.3067,2.0097,3.536,False,"[-0.0, -0.0653, -0.0653]","[-143.7031, -288.4714, -831.0873]","[4.1009, 1.4903, -1000829.3382]","[3.536, 2.54, 3.404]","[[[4.5424, 0.0], [9.3964, 0.0], [13.3939, -0.1305], [18.2479, -0.1305], [24.5295, 0.2611], [30.8112, 0.0]], [[4.5424, 0.0], [9.3964, 0.0], [13.3939, -0.1305], [18.2479, -0.1305], [23.3874, -0.1305], [25.9572, -0.1305]], [[4.5424, 0.0], [9.3964, 0.0], [13.3939, -0.1305], [18.2479, -0.1305], [22.8163, -0.5222], [31.6678, -0.1305]]]",0.4416,0.0,0.0,0.0,0.0,0.0,0.0,True,"[1, 1, 1]",0.0,0.0,0.0,2.5401,3.0,1.7973,3.1305,2.8681,1.3067,2.0097,2.5401,"[[4.542, 0.0], [9.396, 0.0], [13.394, -0.131], [18.248, -0.131], [24.53, 0.261], [30.811, 0.0]]",ok,3.536,0.0,0.0,1.0,0.0,0.0,1.0,0.0,0.0,0.3333333333333333,1775e201089c4f979dc8892e56872100,scene-0524,42
0.9487,1.3903,3.0513,0.6018,0.8012,1.2221,0.0,0.0,0.0,0.0,0.0,0.0,0.0,0.0,0.0,ok,straight,0.9487,1.3903,3.0513,0.6018,0.8012,1.2221,False,"[-0.0653, -0.0, -0.5222, -0.0653]","[-323.7366, -1302.0635, -1503.1882, -103741.1038]","[3.205, -1001299.9205, -1001501.0452, -1103738.9608]","[1.222, 2.126, 1.516, 3.624]","[[[3.6858, 0.0], [6.8267, 0.0], [10.5386, 0.0], [13.9649, -0.1305], [18.2479, -0.1305], [19.9611, -0.1305]], [[3.6858, 0.0], [6.8267, 0.0], [10.5386, 0.0], [13.9649, -0.1305], [14.2505, -0.1305], [18.2479, 0.0]], [[3.6858, 0.0], [6.8267, 0.0], [10.5386, 0.0], [13.9649, -0.1305], [15.3926, -0.5222], [21.9598, -1.0444]], [[3.6858, 0.0], [6.8267, 0.0], [10.5386, 0.0], [13.9649, -0.1305], [34.2375, 5.0914], [20.2466, 0.1305]]]",0.9263,0.0,0.0,0.0,0.0,0.0,0.0,True,"[1, 1, 1]",0.0,0.0,0.0,1.2221,4.0,0.9487,1.3903,3.0513,0.6018,0.8012,1.2221,"[[3.686, 0.0], [6.827, 0.0], [10.539, 0.0], [13.965, -0.131], [18.248, -0.131], [19.961, -0.131]]",ok,3.6235,0.0,1.0,1.0,0.0,1.0,1.0,0.0,0.25,0.5,dfa48a639ca54273906096ebbd03660e,scene-0524,42
1.686,2.7047,3.9565,1.1241,1.6268,2.249,0.0,0.0,0.0,0.0,0.0,0.0,0.0,0.0,0.0,ok,straight,1.686,2.4191,4.5298,1.1241,1.5554,2.2969,False,"[-0.0653, -0.1305, -0.9791, -5.0262]","[-160.5126, -136.9357, -317.5061, -11522.2192]","[4.9252, 4.898, 4.445, -1011518.6087]","[2.297, 2.869, 2.912, 3.791]","[[[1.6871, 0.0], [3.6858, 0.0], [4.5424, 0.0], [6.2556, 0.0], [7.3977, 0.0], [9.1109, -0.1305]], [[1.6871, 0.0], [3.6858, 0.0], [4.5424, 0.0], [6.2556, 0.0], [8.8254, 0.1305], [11.1096, -0.2611]], [[1.6871, 0.0], [3.6858, 0.0], [4.5424, 0.0], [6.2556, 0.0], [7.9688, -0.2611], [11.9662, -1.9582]], [[1.6871, 0.0], [3.6858, 0.0], [4.5424, 0.0], [6.2556, 0.0], [10.8241, -0.1305], [4.5424, -10.0523]]]",0.534,0.0,0.0,0.0,0.0,0.0,0.0,True,"[1, 1, 1]",0.0,0.0,0.0,2.2969,4.0,1.686,2.4191,4.5298,1.1241,1.5554,2.2969,"[[1.687, 0.0], [3.686, 0.0], [4.542, 0.0], [6.256, 0.0], [7.398, 0.0], [9.111, -0.131]]",ok,3.7911,0.0,0.0,0.0,0.0,0.0,0.0,0.0,0.0,0.0,5b90526901414d2aa5db2b9fdaf858eb,scene-0552,42
3.2471,6.1264,8.3768,2.3263,3.8262,5.199,0.0,0.0,0.0,0.0,0.0,0.0,0.0,0.0,0.0,ok,straight,3.2471,6.1264,8.3768,2.3263,3.8976,5.1038,True,"[-0.0, -1.3708, -0.3264, -1.436]","[-82.1943, -101.2038, -952.6267, -2413.6063]","[4.5501, 2.3583, -1000950.1663, -1002411.1459]","[5.104, 6.348, 4.981, 5.938]","[[[1.6871, 0.0], [3.6858, 0.0], [5.399, 0.0], [6.8267, 0.0], [7.3977, 0.0], [9.1109, 0.0]], [[1.6871, 0.0], [3.6858, 0.0], [5.399, 0.0], [6.8267, 0.0], [9.682, -0.9138], [13.9649, -2.7415]], [[1.6871, 0.0], [3.6858, 0.0], [5.399, 0.0], [6.8267, 0.0], [6.5412, 1.0444], [9.1109, -0.6527]], [[1.6871, 0.0], [3.6858, 0.0], [5.399, 0.0], [6.8267, 0.0], [11.1096, 0.0], [9.9675, 2.8721]]]",0.5708,0.0,0.0,0.0,0.0,0.0,0.0,True,"[1, 1, 1]",0.0,0.0,0.0,4.9809,4.0,3.2471,6.1264,8.4023,2.3263,3.8976,4.9809,"[[1.687, 0.0], [3.686, 0.0], [5.399, 0.0], [6.827, 0.0], [7.398, 0.0], [9.111, 0.0]]",ok,6.3481,0.0,0.0,0.0,0.0,0.0,0.0,0.0,0.0,0.0,f984bba40e134fb7ac6e7abf11a20b69,scene-0552,42
0.8037,4.0779,8.871,0.533,1.7192,3.808,0.0,0.0,0.0,0.0,0.0,0.0,0.0,0.0,0.0,ok,left,0.769,4.0779,9.3871,0.7282,1.8167,3.9591,False,"[-2.7415, -3.1332, -1.6971, -1.6319]","[-585.8208, -3782.4828, -9965.5929, -130118.0893]","[2.7952, -1003779.6648, -1009962.7749, -1130115.2713]","[3.959, 3.48, 3.836, 4.941]","[[[2.5437, -0.1305], [3.1148, 0.2611], [5.1135, -0.9138], [6.5412, -2.4804], [8.5399, -4.5692], [9.1109, -5.4831]], [[2.5437, -0.1305], [3.1148, 0.2611], [5.1135, -0.9138], [6.5412, -2.4804], [9.3964, -1.0444], [10.5386, -6.2664]], [[2.5437, -0.1305], [3.1148, 0.2611], [5.1135, -0.9138], [6.5412, -2.4804], [2.2582, 0.0], [6.2556, -3.3943]], [[2.5437, -0.1305], [3.1148, 0.2611], [5.1135, -0.9138], [6.5412, -2.4804], [7.9688, 16.5798], [6.2556, -3.2637]]]",0.5414,0.0,0.0,0.0,0.0,0.0,0.0,True,"[1, 1, 1]",0.0,0.0,0.0,3.4802,4.0,0.769,4.0779,10.0664,0.7282,1.8167,3.4802,"[[2.544, -0.131], [3.115, 0.261], [5.113, -0.914], [6.541, -2.48], [8.54, -4.569], [9.111, -5.483]]",ok,4.941,0.0,0.0,0.0,0.0,0.0,0.0,0.0,0.0,0.0,e858e7a613c54860b354e63cd8ae1fc5,scene-0552,42
1.3324,2.5104,4.566,0.6883,1.4677,2.4255,0.0,0.0,0.0,0.0,0.0,0.0,0.0,0.0,0.0,ok,straight,1.3324,2.5104,5.9636,0.6883,1.4677,2.6584,False,"[-0.0, -0.1305, -0.3916, -0.0653]","[-69.6653, -440.9136, -2598.8606, -5094.4683]","[5.5796, -1000437.3101, -1002595.257, -1005090.8648]","[2.658, 1.6, 2.88, 2.833]","[[[2.8293, 0.0], [4.828, 0.0], [7.6833, 0.0], [10.5386, 0.0], [12.8228, 0.0], [14.8215, 0.0]], [[2.8293, 0.0], [4.828, 0.0], [7.6833, 0.0], [10.5386, 0.0], [13.9649, 0.5222], [20.8176, 0.2611]], [[2.8293, 0.0], [4.828, 0.0], [7.6833, 0.0], [10.5386, 0.0], [10.253, -0.1305], [15.9636, 0.7833]], [[2.8293, 0.0], [4.828, 0.0], [7.6833, 0.0], [10.5386, 0.0], [14.536, 0.2611], [29.3835, 0.1305]]]",0.522,0.0,0.0,0.0,0.0,0.0,0.0,True,"[1, 1, 1]",0.0,0.0,0.0,1.6004,4.0,1.3324,2.5104,0.8132,0.6883,1.4677,1.6004,"[[2.829, 0.0], [4.828, 0.0], [7.683, 0.0], [10.539, 0.0], [12.823, 0.0], [14.822, 0.0]]",ok,2.8804,0.0,0.0,0.0,0.0,0.0,0.0,0.0,0.0,0.0,5ef15615bc08428bab23b2a84e84961e,scene-0552,42
0.026,0.026,0.026,0.026,0.026,0.026,0.0,0.0,0.0,0.0,0.0,0.0,0.0,0.0,0.0,ok,straight,0.026,0.026,0.026,0.026,0.026,0.026,False,"[-0.0, -0.0653]","[-0.013, -74335.6426]","[4.0, -1074333.6426]","[0.026, 5.55]","[[[-0.026, 0.0], [-0.026, 0.0], [-0.026, 0.0], [-0.026, 0.0], [-0.026, 0.0], [-0.026, 0.0]], [[-0.026, 0.0], [-0.026, 0.0], [-0.026, 0.0], [-0.026, 0.0], [-0.026, -12.6633], [20.5321, -0.1305]]]",2.762,0.0,0.0,0.0,0.0,0.0,0.0,True,"[1, 1, 1]",0.0,0.0,0.0,0.026,2.0,0.026,0.026,0.026,0.026,0.026,0.026,"[[-0.026, 0.0], [-0.026, 0.0], [-0.026, 0.0], [-0.026, 0.0], [-0.026, 0.0], [-0.026, 0.0]]",ok,5.55,0.0,0.0,0.0,0.0,0.0,0.0,0.0,0.0,0.0,8687ba92abd3406aa797115b874ebeba,scene-0553,42
0.026,0.026,0.026,0.026,0.026,0.026,0.0,0.0,0.0,0.0,0.0,0.0,0.0,0.0,0.0,ok,straight,0.026,0.026,0.026,0.026,0.026,0.026,False,"[-0.0, -3.2637]","[-0.013, -269128.0776]","[6.0, -1269124.0776]","[0.026, 11.68]","[[[-0.026, 0.0], [-0.026, 0.0], [-0.026, 0.0], [-0.026, 0.0], [-0.026, 0.0], [-0.026, 0.0]], [[-0.026, 0.0], [-0.026, 0.0], [-0.026, 0.0], [-0.026, 0.0], [-0.026, 0.0], [69.6432, -6.5275]]]",5.8269,0.0,0.0,0.0,0.0,0.0,0.0,True,"[1, 1, 1]",0.0,0.0,0.0,0.026,2.0,0.026,0.026,0.026,0.026,0.026,0.026,"[[-0.026, 0.0], [-0.026, 0.0], [-0.026, 0.0], [-0.026, 0.0], [-0.026, 0.0], [-0.026, 0.0]]",ok,11.6798,0.0,0.0,0.0,0.0,0.0,0.0,0.0,0.0,0.0,b8766f4291d5449d95bab459ca724ad8,scene-0553,42
0.026,0.026,0.026,0.026,0.026,0.026,0.0,0.0,0.0,0.0,0.0,0.0,0.0,0.0,0.0,ok,straight,0.026,0.026,0.026,0.026,0.026,0.026,False,"[-0.0, -0.0, -0.1305, -0.0]","[-0.013, -1.5783, -241.5462, -1702.1146]","[3.6777, 3.6755, 1.0275, -1001699.7003]","[0.026, 0.065, 0.504, 0.446]","[[[-0.026, 0.0], [-0.026, 0.0], [-0.026, 0.0], [-0.026, 0.0], [-0.026, 0.0], [-0.026, 0.0]], [[-0.026, 0.0], [-0.026, 0.0], [-0.026, 0.0], [-0.026, 0.0], [-0.026, 0.0], [0.2595, 0.0]], [[-0.026, 0.0], [-0.026, 0.0], [-0.026, 0.0], [-0.026, 0.0], [-0.026, 0.0], [-2.8813, 0.2611]], [[-0.026, 0.0], [-0.026, 0.0], [-0.026, 0.0], [-0.026, 0.0], [2.5437, 0.0], [-0.026, 0.0]]]",0.2161,0.0,0.0,0.0,0.0,0.0,0.0,True,"[1, 1, 1]",0.0,0.0,0.0,0.026,4.0,0.026,0.026,0.026,0.026,0.026,0.026,"[[-0.026, 0.0], [-0.026, 0.0], [-0.026, 0.0], [-0.026, 0.0], [-0.026, 0.0], [-0.026, 0.0]]",ok,0.5039,0.0,0.0,0.0,0.0,0.0,0.0,0.0,0.0,0.0,c4f9b75136384ec4a76c4adfc28b4259,scene-0553,42
0.026,0.026,0.026,0.026,0.026,0.026,0.0,0.0,0.0,0.0,0.0,0.0,0.0,0.0,0.0,ok,straight,0.026,0.026,0.026,0.026,0.026,0.026,False,"[-0.0, -0.1958]","[-0.013, -21418.8056]","[4.4144, -1021416.3911]","[0.026, 3.492]","[[[-0.026, 0.0], [-0.026, 0.0], [-0.026, 0.0], [-0.026, 0.0], [-0.026, 0.0], [-0.026, 0.0]], [[-0.026, 0.0], [-0.026, 0.0], [-0.026, 0.0], [-0.026, 0.0], [-0.026, 0.0], [20.8176, -0.3916]]]",1.7329,0.0,0.0,0.0,0.0,0.0,0.0,True,"[1, 1, 1]",0.0,0.0,0.0,0.026,2.0,0.026,0.026,0.026,0.026,0.026,0.026,"[[-0.026, 0.0], [-0.026, 0.0], [-0.026, 0.0], [-0.026, 0.0], [-0.026, 0.0], [-0.026, 0.0]]",ok,3.4919,0.0,0.0,0.0,0.0,0.0,0.0,0.0,0.0,0.0,c143943fd6e246448eab88ce1a0aeda9,scene-0553,42
0.026,0.026,0.026,0.026,0.026,0.026,0.0,0.0,0.0,0.0,0.0,0.0,0.0,0.0,0.0,ok,straight,0.026,0.026,0.026,0.026,0.026,0.026,False,"[-0.0, -0.0]","[-0.013, -45.9292]","[2.0, 0.0]","[0.026, 0.58]","[[[-0.026, 0.0], [-0.026, 0.0], [-0.026, 0.0], [-0.026, 0.0], [-0.026, 0.0], [-0.026, 0.0]], [[-0.026, 0.0], [-0.026, 0.0], [-0.026, 0.0], [-0.026, 0.0], [1.1161, 0.0], [2.2582, 0.0]]]",0.2769,0.0,0.0,0.0,0.0,0.0,0.0,True,"[1, 1, 1]",0.0,0.0,0.0,0.026,2.0,0.026,0.026,0.026,0.026,0.026,0.026,"[[-0.026, 0.0], [-0.026, 0.0], [-0.026, 0.0], [-0.026, 0.0], [-0.026, 0.0], [-0.026, 0.0]]",ok,0.5797,0.0,0.0,0.0,0.0,0.0,0.0,0.0,0.0,0.0,e0b85d628af34d6bbbbb0da216aa5bca,scene-0554,42
0.026,0.026,0.026,0.026,0.026,0.026,0.0,0.0,0.0,0.0,0.0,0.0,0.0,0.0,0.0,ok,straight,0.026,0.026,0.026,0.026,0.026,0.026,False,"[-0.0, -0.0]","[-0.013, -6.2743]","[4.0, 2.0]","[0.026, 0.113]","[[[-0.026, 0.0], [-0.026, 0.0], [-0.026, 0.0], [-0.026, 0.0], [-0.026, 0.0], [-0.026, 0.0]], [[-0.026, 0.0], [-0.026, 0.0], [-0.026, 0.0], [-0.026, 0.0], [-0.026, 0.0], [0.545, 0.0]]]",0.0432,0.0,0.0,0.0,0.0,0.0,0.0,True,"[1, 1, 1]",0.0,0.0,0.0,0.026,2.0,0.026,0.026,0.026,0.026,0.026,0.026,"[[-0.026, 0.0], [-0.026, 0.0], [-0.026, 0.0], [-0.026, 0.0], [-0.026, 0.0], [-0.026, 0.0]]",ok,0.1125,0.0,0.0,0.0,0.0,0.0,0.0,0.0,0.0,0.0,07036c3a872444c8a7f369d796aa401f,scene-0554,42
0.026,0.026,0.026,0.026,0.026,0.026,0.0,0.0,0.0,0.0,0.0,0.0,0.0,0.0,0.0,ok,straight,0.026,0.026,0.026,0.026,0.026,0.026,False,"[-0.0, -0.1305, -0.3916]","[-0.013, -90644.3382, -266762.1449]","[3.596, -1090642.887, -1266760.6937]","[0.026, 3.302, 11.63]","[[[-0.026, 0.0], [-0.026, 0.0], [-0.026, 0.0], [-0.026, 0.0], [-0.026, 0.0], [-0.026, 0.0]], [[-0.026, 0.0], [-0.026, 0.0], [-0.026, 0.0], [-0.026, 0.0], [-0.026, 16.5798], [3.1148, -0.2611]], [[-0.026, 0.0], [-0.026, 0.0], [-0.026, 0.0], [-0.026, 0.0], [-0.026, 0.0], [69.6432, -0.7833]]]",4.8845,0.0,0.0,0.0,0.0,0.0,0.0,True,"[1, 1, 1]",0.0,0.0,0.0,0.026,3.0,0.026,0.026,0.026,0.026,0.026,0.026,"[[-0.026, 0.0], [-0.026, 0.0], [-0.026, 0.0], [-0.026, 0.0], [-0.026, 0.0], [-0.026, 0.0]]",ok,11.6296,0.0,0.0,0.0,0.0,0.0,0.0,0.0,0.0,0.0,3494e1a995f6404da4106f156c99ea49,scene-0554,42
0.026,0.026,0.026,0.026,0.026,0.026,0.0,0.0,0.0,0.0,0.0,0.0,0.0,0.0,0.0,ok,straight,0.026,0.026,0.026,0.026,0.026,0.026,False,"[-0.0, -0.0, -3.3943]","[-0.013, -2.8828, -2260.5509]","[3.4156, 3.4129, -1002258.5509]","[0.026, 0.151, 1.591]","[[[-0.026, 0.0], [-0.026, 0.0], [-0.026, 0.0], [-0.026, 0.0], [-0.026, 0.0], [-0.026, 0.0]], [[-0.026, 0.0], [-0.026, 0.0], [-0.026, 0.0], [-0.026, 0.0], [0.2595, 0.0], [0.545, 0.0]], [[-0.026, 0.0], [-0.026, 0.0], [-0.026, 0.0], [-0.026, 0.0], [1.9727, 0.0], [3.1148, 6.7886]]]",0.71,0.0,0.0,0.0,0.0,0.0,0.0,True,"[1, 1, 1]",0.0,0.0,0.0,0.026,3.0,0.026,0.026,0.026,0.026,0.026,0.026,"[[-0.026, 0.0], [-0.026, 0.0], [-0.026, 0.0], [-0.026, 0.0], [-0.026, 0.0], [-0.026, 0.0]]",ok,1.591,0.0,0.0,0.0,0.0,0.0,0.0,0.0,0.0,0.0,6e0fe77bfa0241dda2cba2ca84aa53e0,scene-0554,42
0.026,0.3773,2.2091,0.026,0.1203,0.6316,0.0,0.0,0.0,0.0,0.0,0.0,0.0,0.0,0.0,ok,straight,0.026,0.3773,2.2091,0.026,0.1203,0.6316,False,"[-0.0, -0.0, -0.5875]","[-0.013, -40.156, -266805.3514]","[2.4751, 2.4747, -1266804.2907]","[0.632, 0.394, 11.509]","[[[-0.026, 0.0], [-0.026, 0.0], [-0.026, 0.0], [-0.026, 0.0], [-0.026, 0.0], [-0.026, 0.0]], [[-0.026, 0.0], [-0.026, 0.0], [-0.026, 0.0], [-0.026, 0.0], [-0.026, 0.0], [1.4016, 0.0]], [[-0.026, 0.0], [-0.026, 0.0], [-0.026, 0.0], [-0.026, 0.0], [-0.026, 0.0], [69.6432, -1.1749]]]",5.1845,0.0,0.0,0.0,0.0,0.0,0.0,True,"[1, 1, 1]",0.0,0.0,0.0,0.3938,3.0,0.026,0.3773,0.7819,0.026,0.1203,0.3938,"[[-0.026, 0.0], [-0.026, 0.0], [-0.026, 0.0], [-0.026, 0.0], [-0.026, 0.0], [-0.026, 0.0]]",ok,11.5087,0.0,0.0,0.0,0.0,0.0,0.0,0.0,0.0,0.0,12a42a64274a4453b166d804b625d61f,scene-0555,42
2.1319,5.2073,6.3095,1.5409,2.9318,3.9555,0.0,0.0,0.0,0.0,0.0,0.0,0.0,0.0,0.0,ok,straight,2.1319,4.976,6.3095,1.5409,2.9449,3.9642,False,"[-0.0653, -4.7651, -0.3264, -1.0444]","[-41.7487, -3371.4156, -3817.0155, -4059.81]","[5.4486, -1003368.4645, -1003814.0644, -1004056.859]","[3.964, 4.415, 3.347, 4.114]","[[[2.2582, 0.0], [4.5424, -0.1305], [6.5412, -0.2611], [8.8254, -0.5222], [11.1096, -0.1305], [13.1083, -0.1305]], [[2.2582, 0.0], [4.5424, -0.1305], [6.5412, -0.2611], [8.8254, -0.5222], [14.2505, -2.2193], [14.536, -9.5301]], [[2.2582, 0.0], [4.5424, -0.1305], [6.5412, -0.2611], [8.8254, -0.5222], [14.8215, -0.6527], [13.3939, -0.6527]], [[2.2582, 0.0], [4.5424, -0.1305], [6.5412, -0.2611], [8.8254, -0.5222], [8.8254, -3.0026], [15.9636, -2.0888]]]",0.3894,0.0,0.0,0.0,0.0,0.0,0.0,True,"[1, 1, 1]",0.0,0.0,0.0,3.3472,4.0,2.1319,4.976,6.0982,1.5409,2.9449,3.3472,"[[2.258, 0.0], [4.542, -0.131], [6.541, -0.261], [8.825, -0.522], [11.11, -0.131], [13.108, -0.131]]",ok,4.4153,0.0,0.0,0.0,0.0,0.0,0.0,0.0,0.0,0.0,2878a9ab393f42a2bbb426d8a14690d9,scene-0555,42
4.1219,6.4223,7.0887,3.2213,4.4556,5.21,0.0,0.0,0.0,0.0,0.0,0.0,0.0,0.0,0.0,ok,straight,4.1219,6.4223,7.0887,3.2213,4.527,5.4003,False,"[-0.0653, -0.1305, -1.893, -0.1305]","[-28.0011, -400.4814, -3628.1204, -3905.9485]","[5.4059, 5.1126, -1003624.448, -1003902.2761]","[5.4, 5.735, 5.464, 4.729]","[[[2.8293, 0.0], [5.399, 0.0], [7.6833, 0.0], [10.5386, 0.0], [13.1083, 0.0], [15.107, 0.1305]], [[2.8293, 0.0], [5.399, 0.0], [7.6833, 0.0], [10.5386, 0.0], [14.536, 0.1305], [15.6781, -0.2611]], [[2.8293, 0.0], [5.399, 0.0], [7.6833, 0.0], [10.5386, 0.0], [10.5386, 0.0], [17.3913, 3.7859]], [[2.8293, 0.0], [5.399, 0.0], [7.6833, 0.0], [10.5386, 0.0], [14.2505, -1.6971], [9.682, -0.2611]]]",0.3704,0.0,0.0,0.0,0.0,0.0,0.0,True,"[1, 1, 1]",0.0,0.0,0.0,4.7288,4.0,4.1219,6.4223,1.7229,3.2213,4.527,4.7288,"[[2.829, 0.0], [5.399, 0.0], [7.683, 0.0], [10.539, 0.0], [13.108, 0.0], [15.107, 0.131]]",ok,5.7354,0.0,0.0,0.0,0.0,0.0,0.0,0.0,0.0,0.0,6d6c81c8b0fb4b57b9bf772819a2f5a2,scene-0555,42
0.9578,1.766,2.1687,0.4999,0.7657,1.2031,0.0,0.0,0.0,0.0,0.0,0.0,0.0,0.0,0.0,ok,straight,0.9578,1.766,2.4532,0.4999,0.7657,1.2505,False,"[-0.0, -7.0497, -0.0653, -0.2611]","[-241.4874, -11495.1647, -93167.7581, -114622.3755]","[4.4725, -1011492.4036, -1093164.997, -1114619.6144]","[1.251, 3.124, 4.951, 3.782]","[[[3.6858, 0.0], [6.8267, 0.0], [11.1096, 0.0], [14.2505, 0.0], [18.2479, -0.1305], [21.6742, 0.0]], [[3.6858, 0.0], [6.8267, 0.0], [11.1096, 0.0], [14.2505, 0.0], [20.5321, 0.1305], [30.2401, -14.0994]], [[3.6858, 0.0], [6.8267, 0.0], [11.1096, 0.0], [14.2505, 0.0], [18.2479, 16.5798], [14.2505, 0.1305]], [[3.6858, 0.0], [6.8267, 0.0], [11.1096, 0.0], [14.2505, 0.0], [35.9507, 0.1305], [20.2466, -0.5222]]]",1.3403,0.0,0.0,0.0,0.0,0.0,0.0,True,"[1, 1, 1]",0.0,0.0,0.0,1.2505,4.0,0.9578,1.766,2.4532,0.4999,0.7657,1.2505,"[[3.686, 0.0], [6.827, 0.0], [11.11, 0.0], [14.25, 0.0], [18.248, -0.131], [21.674, 0.0]]",ok,4.9506,0.0,0.0,0.0,0.0,0.0,0.0,0.0,0.0,0.0,af40bcc10a22486a9371836ac8b87a3c,scene-0555,42
4.836,8.9859,14.2504,3.6123,5.8495,8.2291,0.0,0.0,0.0,0.0,0.0,0.0,0.0,0.0,0.0,ok,straight,4.836,8.9859,14.2504,3.6123,5.8495,8.2291,False,"[-0.1305, -0.2611, -0.5875, -2.611]","[-77.1081, -265.2777, -930.6875, -1253.8535]","[4.8421, 4.3193, -1000927.7675, -1001250.9335]","[8.229, 8.987, 8.903, 8.645]","[[[3.6858, 0.0], [7.3977, 0.0], [11.1096, -0.1305], [14.2505, -0.1305], [18.2479, -0.1305], [21.6742, -0.2611]], [[3.6858, 0.0], [7.3977, 0.0], [11.1096, -0.1305], [14.2505, -0.1305], [19.1045, 0.5222], [25.3861, -0.5222]], [[3.6858, 0.0], [7.3977, 0.0], [11.1096, -0.1305], [14.2505, -0.1305], [17.9623, 0.5222], [25.9572, -1.1749]], [[3.6858, 0.0], [7.3977, 0.0], [11.1096, -0.1305], [14.2505, -0.1305], [18.5334, -0.1305], [23.3874, 5.222]]]",0.295,0.0,0.0,0.0,0.0,0.0,0.0,True,"[1, 1, 1]",0.0,0.0,0.0,8.2291,4.0,4.836,8.9859,14.2504,3.6123,5.8495,8.2291,"[[3.686, 0.0], [7.398, 0.0], [11.11, -0.131], [14.25, -0.131], [18.248, -0.131], [21.674, -0.261]]",ok,8.9873,0.0,0.0,0.0,0.0,0.0,0.0,0.0,0.0,0.0,17e6f41d3b1f40d4bc85412fe8b67688,scene-0556,42
1.405,4.8965,11.1646,1.1048,2.5207,4.765,0.0,0.0,0.0,0.0,0.0,0.0,0.0,0.0,0.0,ok,left,1.405,5.3893,11.1646,1.1048,2.8621,4.9927,False,"[-3.5901, -4.1776, -2.7415, -3.329]","[-1848.6025, -2313.1957, -2952.1714, -36685.5285]","[-1001848.6866, -1002313.2799, -1002952.2555, -1036685.6127]","[4.993, 5.359, 4.992, 6.577]","[[[1.9727, -0.2611], [3.6858, -0.7833], [5.6846, -2.7415], [9.3964, -2.8721], [9.1109, -4.5692], [9.9675, -7.1802]], [[1.9727, -0.2611], [3.6858, -0.7833], [5.6846, -2.7415], [9.3964, -2.8721], [8.5399, -5.3525], [8.2543, -8.3552]], [[1.9727, -0.2611], [3.6858, -0.7833], [5.6846, -2.7415], [9.3964, -2.8721], [9.1109, -6.0053], [8.5399, -5.4831]], [[1.9727, -0.2611], [3.6858, -0.7833], [5.6846, -2.7415], [9.3964, -2.8721], [8.8254, -14.2299], [13.9649, -6.658]]]",0.6506,0.0,0.0,0.0,0.0,0.0,0.0,False,"[1, 1, 1]",0.0,0.0,0.0,4.9923,4.0,1.405,5.3893,9.7278,1.1048,2.8621,4.9923,"[[1.973, -0.261], [3.686, -0.783], [5.685, -2.742], [9.396, -2.872], [9.111, -4.569], [9.968, -7.18]]",ok,6.577,0.0,0.0,0.0,0.0,0.0,0.0,0.0,0.0,0.0,5b790dd0fb6e4545bc7f3273aa178d4c,scene-0556,42
2.6602,4.1024,7.0277,2.0943,3.0688,4.2883,0.0,0.0,0.0,0.0,0.0,0.0,0.0,0.0,0.0,ok,straight,2.6602,5.2439,7.0277,2.0943,3.2828,4.4785,False,"[-0.0653, -0.2611, -0.0653, -0.4569]","[-29.1711, -28.5822, -789.7829, -1721.8405]","[3.5532, 2.348, -1000788.0147, -1001720.0724]","[4.479, 4.382, 4.861, 3.444]","[[[1.1161, 0.0], [2.5437, 0.0], [3.9714, 0.0], [4.828, 0.0], [5.6846, -0.1305], [7.3977, -0.1305]], [[1.1161, 0.0], [2.5437, 0.0], [3.9714, 0.0], [4.828, 0.0], [5.9701, 0.0], [7.6833, 0.5222]], [[1.1161, 0.0], [2.5437, 0.0], [3.9714, 0.0], [4.828, 0.0], [3.9714, -0.3916], [6.8267, -0.1305]], [[1.1161, 0.0], [2.5437, 0.0], [3.9714, 0.0], [4.828, 0.0], [11.3952, -0.2611], [20.8176, 0.9138]]]",0.5209,0.0,0.0,0.0,0.0,0.0,0.0,True,"[1, 1, 1]",0.0,0.0,0.0,3.4444,4.0,2.6602,5.2439,6.4366,2.0943,3.2828,3.4444,"[[1.116, 0.0], [2.544, 0.0], [3.971, 0.0], [4.828, 0.0], [5.685, -0.131], [7.398, -0.131]]",ok,4.8612,0.0,0.0,0.0,0.0,0.0,0.0,0.0,0.0,0.0,8d67c4024af6470faada45dc41ba9a16,scene-0556,42
0.3574,0.5823,1.139,0.3059,0.4095,0.5982,0.0,0.0,0.0,0.0,0.0,0.0,0.0,0.0,0.0,ok,straight,0.3574,0.5823,1.139,0.3059,0.4095,0.5982,False,"[-0.0, -0.0, -0.0, -0.0653]","[-0.013, -25.0582, -505.7175, -314.9874]","[4.8271, 4.7079, 2.4214, 1.0193]","[0.598, 0.413, 0.518, 0.474]","[[[-0.026, 0.0], [-0.026, 0.0], [-0.026, 0.0], [-0.026, 0.0], [-0.026, 0.0], [-0.026, 0.0]], [[-0.026, 0.0], [-0.026, 0.0], [-0.026, 0.0], [-0.026, 0.0], [-0.026, 0.0], [1.1161, 0.0]], [[-0.026, 0.0], [-0.026, 0.0], [-0.026, 0.0], [-0.026, 0.0], [1.6871, 0.0], [0.545, 0.0]], [[-0.026, 0.0], [-0.026, 0.0], [-0.026, 0.0], [-0.026, 0.0], [1.6871, 0.0], [1.4016, -0.1305]]]",0.0674,0.0,0.0,0.0,0.0,0.0,0.0,True,"[1, 1, 1]",0.0,0.0,0.0,0.4132,4.0,0.3574,0.5823,0.0293,0.3059,0.4095,0.4132,"[[-0.026, 0.0], [-0.026, 0.0], [-0.026, 0.0], [-0.026, 0.0], [-0.026, 0.0], [-0.026, 0.0]]",ok,0.5982,0.0,1.0,1.0,0.0,1.0,1.0,0.0,0.5,0.6666666666666666,c5b0f0c5ed114827be185c8dd3b8e3d5,scene-0556,42
2.8432,5.7378,7.2008,2.2562,3.6463,4.6197,0.0,0.0,0.0,0.0,0.0,0.0,0.0,0.0,0.0,ok,right,2.8432,5.7378,7.5045,2.2562,3.7176,4.8193,False,"[2.0888, 1.2402, 0.6527, 3.2637]","[-43.4148, -137.9525, -4259.2317, -10632.1557]","[2.0498, 1.1635, -1004258.328, -1010631.2521]","[4.819, 4.667, 4.485, 5.955]","[[[3.1148, -0.1305], [5.9701, -0.2611], [9.3964, -0.7833], [12.2517, -1.5666], [14.8215, -2.7415], [17.3913, -4.1776]], [[3.1148, -0.1305], [5.9701, -0.2611], [9.3964, -0.7833], [12.2517, -1.5666], [14.2505, -2.4804], [17.3913, -2.4804]], [[3.1148, -0.1305], [5.9701, -0.2611], [9.3964, -0.7833], [12.2517, -1.5666], [11.9662, -2.7415], [1.9727, -1.3055]], [[3.1148, -0.1305], [5.9701, -0.2611], [9.3964, -0.7833], [12.2517, -1.5666], [19.1045, -7.7024], [17.3913, -6.5275]]]",0.5744,0.0,0.0,0.0,0.0,0.0,0.0,True,"[1, 1, 1]",0.0,0.0,0.0,4.4853,4.0,2.8432,5.7378,8.2634,2.2562,3.7176,4.4853,"[[3.115, -0.131], [5.97, -0.261], [9.396, -0.783], [12.252, -1.567], [14.822, -2.742], [17.391, -4.178]]",ok,5.9553,0.0,0.0,0.0,0.0,0.0,0.0,0.0,0.0,0.0,6cb74a87748b4fab82ad1b0869b27e01,scene-0557,42
1.8432,2.9313,4.1783,1.2049,1.8633,2.4998,0.0,0.0,0.0,0.0,0.0,0.0,0.0,0.0,0.0,ok,straight,1.8432,3.2149,4.1783,1.2049,1.9342,2.5471,False,"[-0.0, -0.3264, -0.3264, -5.1567]","[-156.7622, -198.6424, -4721.6961, -5653.8771]","[5.4919, 5.3231, -1004717.8817, -1005650.0627]","[2.547, 3.398, 2.828, 3.912]","[[[3.1148, 0.0], [6.5412, 0.0], [9.1109, 0.0], [12.5373, 0.0], [15.107, 0.0], [18.2479, 0.0]], [[3.1148, 0.0], [6.5412, 0.0], [9.1109, 0.0], [12.5373, 0.0], [17.3913, -0.2611], [21.1032, -0.6527]], [[3.1148, 0.0], [6.5412, 0.0], [9.1109, 0.0], [12.5373, 0.0], [16.2492, 4.047], [16.8202, 0.6527]], [[3.1148, 0.0], [6.5412, 0.0], [9.1109, 0.0], [12.5373, 0.0], [16.8202, 0.0], [17.9623, -10.3134]]]",0.5262,0.0,0.0,0.0,0.0,0.0,0.0,True,"[1, 1, 1]",0.0,0.0,0.0,2.5471,4.0,1.8432,3.2149,4.1783,1.2049,1.9342,2.5471,"[[3.115, 0.0], [6.541, 0.0], [9.111, 0.0], [12.537, 0.0], [15.107, 0.0], [18.248, 0.0]]",ok,3.9121,0.0,0.0,0.0,0.0,0.0,0.0,0.0,0.0,0.0,6cc682bbd4544c4ea5281c9d87b9c4f6,scene-0557,42
0.8632,3.0083,5.5908,0.506,1.423,2.6214,0.0,0.0,0.0,0.0,0.0,0.0,0.0,0.0,0.0,ok,straight,0.8632,3.0083,6.1653,0.506,1.423,2.717,False,"[-0.1305, -0.3916, -0.9138, -0.0653]","[-16.1513, -190.8133, -403.5058, -15053.7487]","[4.1094, 3.3006, 1.7043, -1015050.9784]","[2.717, 2.021, 2.299, 2.662]","[[[1.1161, 0.0], [2.5437, 0.0], [3.6858, 0.0], [5.1135, 0.0], [6.5412, 0.0], [8.2543, -0.2611]], [[1.1161, 0.0], [2.5437, 0.0], [3.6858, 0.0], [5.1135, 0.0], [5.1135, 0.3916], [5.399, -0.7833]], [[1.1161, 0.0], [2.5437, 0.0], [3.6858, 0.0], [5.1135, 0.0], [5.1135, -0.1305], [6.8267, 1.8277]], [[1.1161, 0.0], [2.5437, 0.0], [3.6858, 0.0], [5.1135, 0.0], [0.545, 0.0], [10.8241, -0.1305]]]",0.283,0.0,0.0,0.0,0.0,0.0,0.0,True,"[1, 1, 1]",0.0,0.0,0.0,2.0213,4.0,0.8632,3.0083,3.3902,0.506,1.423,2.0213,"[[1.116, 0.0], [2.544, 0.0], [3.686, 0.0], [5.113, 0.0], [6.541, 0.0], [8.254, -0.261]]",ok,2.717,0.0,0.0,0.0,0.0,0.0,0.0,0.0,0.0,0.0,9dbec65c6bcf465dab62ea2c4a55ad61,scene-0557,42
1.6871,2.5437,5.1135,1.2588,1.9013,2.6865,0.0,0.0,0.0,0.0,0.0,0.0,0.0,0.0,0.0,ok,straight,1.6871,2.5437,5.1135,1.2588,1.9013,2.7341,False,"[-0.0, -0.0653, -0.2611, -0.0653]","[-94.1933, -145.791, -656.8578, -833.0811]","[5.2138, 4.3855, -1000653.7039, -1000829.9272]","[2.734, 3.163, 3.647, 3.21]","[[[0.8306, 0.0], [1.6871, 0.0], [2.5437, 0.0], [2.5437, 0.0], [3.6858, 0.0], [5.1135, 0.0]], [[0.8306, 0.0], [1.6871, 0.0], [2.5437, 0.0], [2.5437, 0.0], [4.2569, 0.0], [7.1122, -0.1305]], [[0.8306, 0.0], [1.6871, 0.0], [2.5437, 0.0], [2.5437, 0.0], [5.6846, 0.6527], [8.5399, 0.5222]], [[0.8306, 0.0], [1.6871, 0.0], [2.5437, 0.0], [2.5437, 0.0], [3.1148, 0.0], [8.5399, -0.1305]]]",0.3233,0.0,0.0,0.0,0.0,0.0,0.0,True,"[1, 1, 1]",0.0,0.0,0.0,2.7341,4.0,1.6871,2.5437,5.1135,1.2588,1.9013,2.7341,"[[0.831, 0.0], [1.687, 0.0], [2.544, 0.0], [2.544, 0.0], [3.686, 0.0], [5.113, 0.0]]",ok,3.6473,0.0,0.0,0.0,0.0,0.0,0.0,0.0,0.0,0.0,e1dac16e721643a4823deb6e0ebe5394,scene-0557,42
4.9744,10.0573,16.3895,3.8571,6.5131,9.139,0.0,0.0,0.0,0.0,0.0,0.0,0.0,0.0,0.0,ok,straight,4.9744,10.0573,16.3908,3.8571,6.5131,9.1392,False,"[-0.1305, -0.7833, -1.6971, -2.0235]","[-268.1281, -406.9774, -1340.1385, -4002.7022]","[4.8174, 3.8518, -1001337.5204, -1004000.0841]","[9.139, 9.153, 10.375, 9.821]","[[[2.8293, 0.0], [5.1135, -0.1305], [8.5399, -0.1305], [10.5386, -0.1305], [13.1083, -0.1305], [17.3913, -0.2611]], [[2.8293, 0.0], [5.1135, -0.1305], [8.5399, -0.1305], [10.5386, -0.1305], [13.6794, -0.2611], [16.8202, 1.5666]], [[2.8293, 0.0], [5.1135, -0.1305], [8.5399, -0.1305], [10.5386, -0.1305], [15.3926, -0.3916], [22.2453, 3.3943]], [[2.8293, 0.0], [5.1135, -0.1305], [8.5399, -0.1305], [10.5386, -0.1305], [12.2517, 0.1305], [21.9598, -4.047]]]",0.5148,0.0,0.0,0.0,0.0,0.0,0.0,True,"[1, 1, 1]",0.0,0.0,0.0,9.1392,4.0,4.9744,10.0573,16.3908,3.8571,6.5131,9.1392,"[[2.829, 0.0], [5.113, -0.131], [8.54, -0.131], [10.539, -0.131], [13.108, -0.131], [17.391, -0.261]]",ok,10.3751,0.0,0.0,0.0,0.0,0.0,0.0,0.0,0.0,0.0,b4b5e858cd9d4cf9bdb01098ea7d3c45,scene-0558,42
1.839,5.9307,12.2006,1.3252,2.8342,5.2621,0.0,0.0,0.0,0.0,0.0,0.0,0.0,0.0,0.0,ok,right,0.6732,5.9307,21.6515,0.5846,2.6337,7.0551,False,"[-8.2899, -3.3943, -3.5248, -2.6763]","[-3080.0633, -29838.9097, -41104.68, -43510.3826]","[-1003077.9612, -1029836.8076, -1041102.5779, -1043508.2806]","[7.055, 4.494, 5.012, 5.367]","[[[1.6871, -0.1305], [3.1148, -0.2611], [5.9701, 1.6971], [8.5399, 3.0026], [11.1096, 5.8747], [11.3952, 16.5798]], [[1.6871, -0.1305], [3.1148, -0.2611], [5.9701, 1.6971], [8.5399, 3.0026], [10.5386, -4.9609], [11.1096, 6.7886]], [[1.6871, -0.1305], [3.1148, -0.2611], [5.9701, 1.6971], [8.5399, 3.0026], [10.5386, -6.3969], [15.9636, 7.0497]], [[1.6871, -0.1305], [3.1148, -0.2611], [5.9701, 1.6971], [8.5399, 3.0026], [2.2582, 0.7833], [19.9611, 5.3525]]]",0.9598,0.0,0.0,0.0,0.0,0.0,0.0,False,"[1, 1, 1]",0.0,0.0,0.0,4.4939,4.0,0.6732,5.9307,12.0291,0.5846,2.6337,4.4939,"[[1.687, -0.131], [3.115, -0.261], [5.97, 1.697], [8.54, 3.003], [11.11, 5.875], [11.395, 16.58]]",ok,7.0551,0.0,0.0,0.0,0.0,0.0,0.0,0.0,0.0,0.0,85e6fee037794599bfd43c4faeada38a,scene-0558,42
2.0718,3.7722,5.9065,1.3242,2.3052,3.3477,0.0,0.0,0.0,0.0,0.0,0.0,0.0,0.0,0.0,ok,straight,2.0718,3.7722,6.7628,1.3242,2.3052,3.4905,False,"[-0.0653, -0.2611, -0.5222, -1.0444]","[-22.4561, -1145.2156, -12904.9515, -29045.7996]","[4.7915, -1001142.4545, -1012902.1904, -1029043.0385]","[3.49, 4.347, 5.125, 4.963]","[[[3.1148, 0.0], [6.5412, 0.0], [9.3964, -0.1305], [12.2517, -0.1305], [15.107, -0.1305], [18.2479, -0.1305]], [[3.1148, 0.0], [6.5412, 0.0], [9.3964, -0.1305], [12.2517, -0.1305], [15.107, -0.2611], [23.3874, -0.5222]], [[3.1148, 0.0], [6.5412, 0.0], [9.3964, -0.1305], [12.2517, -0.1305], [22.5308, 0.1305], [20.5321, 1.0444]], [[3.1148, 0.0], [6.5412, 0.0], [9.3964, -0.1305], [12.2517, -0.1305], [24.5295, -0.5222], [17.3913, -2.0888]]]",0.6415,0.0,0.0,0.0,0.0,0.0,0.0,True,"[1, 1, 1]",0.0,0.0,0.0,3.4905,4.0,2.0718,3.7722,6.7628,1.3242,2.3052,3.4905,"[[3.115, 0.0], [6.541, 0.0], [9.396, -0.131], [12.252, -0.131], [15.107, -0.131], [18.248, -0.131]]",ok,5.1252,0.0,0.0,0.0,0.0,0.0,0.0,0.0,0.0,0.0,6b47ac2dd28b4501ac292a19644cdd59,scene-0558,42
0.2088,0.2006,0.2008,0.207,0.2039,0.2029,0.0,0.0,0.0,0.0,0.0,0.0,0.0,0.0,0.0,ok,straight,0.2088,0.2006,0.2008,0.207,0.2039,0.2029,False,"[-0.0, -0.0, -0.0653, -0.2611]","[-0.013, -1.5783, -7461.4642, -118314.6986]","[4.6919, 4.6918, -1007458.1607, -1118311.395]","[0.203, 0.184, 1.282, 3.799]","[[[-0.026, 0.0], [-0.026, 0.0], [-0.026, 0.0], [-0.026, 0.0], [-0.026, 0.0], [-0.026, 0.0]], [[-0.026, 0.0], [-0.026, 0.0], [-0.026, 0.0], [-0.026, 0.0], [-0.026, 0.0], [0.2595, 0.0]], [[-0.026, 0.0], [-0.026, 0.0], [-0.026, 0.0], [-0.026, 0.0], [3.9714, -0.3916], [-2.8813, 0.1305]], [[-0.026, 0.0], [-0.026, 0.0], [-0.026, 0.0], [-0.026, 0.0], [10.5386, 16.5798], [2.5437, 0.5222]]]",1.4731,0.0,0.0,0.0,0.0,0.0,0.0,True,"[1, 1, 1]",0.0,0.0,0.0,0.1835,4.0,0.2088,0.2006,0.0848,0.207,0.2039,0.1835,"[[-0.026, 0.0], [-0.026, 0.0], [-0.026, 0.0], [-0.026, 0.0], [-0.026, 0.0], [-0.026, 0.0]]",ok,3.7994,1.0,1.0,1.0,1.0,1.0,1.0,0.5,0.75,0.8333333333333334,05687786492a4b50874d7cd1057ec338,scene-0558,42
0.8365,0.8716,1.5808,0.5518,0.5901,0.6865,0.0,0.0,0.0,0.0,0.0,0.0,0.0,0.0,0.0,ok,straight,0.5983,0.3045,1.5808,0.3233,0.43,0.5798,True,"[-0.0653, -0.1305, -0.0, -0.0]","[-30.1414, -199.8677, -858.2953, -35093.6898]","[3.0289, 1.8115, -1000855.5643, -1035090.9587]","[0.58, 0.503, 0.676, 4.661]","[[[3.9714, 0.0], [8.2543, 0.0], [12.2517, -0.1305], [15.3926, 0.0], [18.2479, -0.1305], [20.8176, -0.1305]], [[3.9714, 0.0], [8.2543, 0.0], [12.2517, -0.1305], [15.3926, 0.0], [18.2479, -0.1305], [23.3874, 0.2611]], [[3.9714, 0.0], [8.2543, 0.0], [12.2517, -0.1305], [15.3926, 0.0], [17.3913, -0.1305], [23.6729, 0.0]], [[3.9714, 0.0], [8.2543, 0.0], [12.2517, -0.1305], [15.3926, 0.0], [19.39, -0.1305], [-2.8813, 0.0]]]",1.7655,0.0,0.0,0.0,0.0,0.0,0.0,True,"[1, 1, 1]",0.0,0.0,0.0,0.5026,4.0,0.5983,0.3045,1.118,0.3233,0.43,0.5026,"[[3.971, 0.0], [8.254, 0.0], [12.252, -0.131], [15.393, 0.0], [18.248, -0.131], [20.818, -0.131]]",ok,4.6608,0.0,0.0,0.0,0.0,0.0,0.0,0.0,0.0,0.0,029af235f15d4f6f80713b778edc3c61,scene-0559,42
0.5156,2.0168,3.9268,0.5103,1.2039,2.0002,0.0,0.0,0.0,0.0,0.0,0.0,0.0,0.0,0.0,ok,straight,0.8001,2.0166,3.6415,0.5103,1.2038,1.9526,True,"[-0.0, -0.0653, -0.2611, -0.1305]","[-128.2943, -6499.2386, -9998.4921, -54211.3989]","[4.3393, -1006496.9053, -1009996.1587, -1054209.0656]","[1.953, 2.86, 2.084, 4.632]","[[[3.4003, 0.0], [7.1122, 0.0], [11.1096, 0.0], [14.2505, -0.1305], [18.2479, 0.0], [21.3887, 0.0]], [[3.4003, 0.0], [7.1122, 0.0], [11.1096, 0.0], [14.2505, -0.1305], [15.9636, 0.1305], [29.098, 0.1305]], [[3.4003, 0.0], [7.1122, 0.0], [11.1096, 0.0], [14.2505, -0.1305], [21.9598, -0.6527], [17.3913, 0.5222]], [[3.4003, 0.0], [7.1122, 0.0], [11.1096, 0.0], [14.2505, -0.1305], [10.253, 0.5222], [35.9507, -0.2611]]]",1.0681,0.0,0.0,0.0,0.0,0.0,0.0,True,"[1, 1, 1]",0.0,0.0,0.0,1.9526,4.0,0.8001,2.0166,3.6415,0.5103,1.2038,1.9526,"[[3.4, 0.0], [7.112, 0.0], [11.11, 0.0], [14.25, -0.131], [18.248, 0.0], [21.389, 0.0]]",ok,4.6319,0.0,0.0,0.0,0.0,0.0,0.0,0.0,0.0,0.0,9a1b1abbbb224ed0bf618c2083f91aee,scene-0559,42
0.0557,0.5179,1.1981,0.1405,0.4043,0.6579,0.0,0.0,0.0,0.0,0.0,0.0,0.0,0.0,0.0,ok,straight,0.0557,0.5179,1.1981,0.1405,0.2615,0.5628,True,"[-0.0653, -0.0653, -0.0653]","[-43.0938, -48.3115, -14267.3398]","[3.7122, 3.7114, -1014264.3351]","[0.563, 1.132, 1.707]","[[[3.6858, 0.0], [6.8267, -0.1305], [10.5386, -0.1305], [14.2505, -0.1305], [18.2479, -0.1305], [21.6742, -0.1305]], [[3.6858, 0.0], [6.8267, -0.1305], [10.5386, -0.1305], [14.2505, -0.1305], [18.8189, -0.1305], [24.5295, -0.1305]], [[3.6858, 0.0], [6.8267, -0.1305], [10.5386, -0.1305], [14.2505, -0.1305], [12.2517, -0.2611], [24.8151, -0.1305]]]",0.4672,0.0,0.0,0.0,0.0,0.0,0.0,True,"[1, 1, 1]",0.0,0.0,0.0,0.5628,3.0,0.0557,0.5179,1.1981,0.1405,0.2615,0.5628,"[[3.686, 0.0], [6.827, -0.131], [10.539, -0.131], [14.25, -0.131], [18.248, -0.131], [21.674, -0.131]]",ok,1.7072,0.0,0.0,0.0,0.0,0.0,0.0,0.0,0.0,0.0,d9394f43b43a46278005844d35f20650,scene-0559,42
0.0783,0.3351,0.4236,0.0687,0.2313,0.2854,0.0,0.0,0.0,0.0,0.0,0.0,0.0,0.0,0.0,ok,straight,0.0783,0.3351,0.4236,0.0687,0.2313,0.2872,False,"[-0.0653, -0.3264, -0.0, -0.0653]","[-26.2243, -973.12, -1831.4927, -89843.2895]","[3.6607, -1000970.451, -1001828.8237, -1089840.6204]","[0.287, 1.862, 1.474, 2.93]","[[[3.1148, 0.0], [6.5412, 0.0], [9.682, 0.0], [12.8228, 0.0], [15.3926, 0.0], [18.2479, -0.1305]], [[3.1148, 0.0], [6.5412, 0.0], [9.682, 0.0], [12.8228, 0.0], [19.39, 0.0], [23.6729, 0.6527]], [[3.1148, 0.0], [6.5412, 0.0], [9.682, 0.0], [12.8228, 0.0], [19.39, -0.1305], [21.3887, 0.0]], [[3.1148, 0.0], [6.5412, 0.0], [9.682, 0.0], [12.8228, 0.0], [14.536, -16.5798], [17.6768, -0.1305]]]",0.9449,0.0,0.0,0.0,0.0,0.0,0.0,True,"[1, 1, 1]",0.0,0.0,0.0,0.2872,4.0,0.0783,0.3351,0.4236,0.0687,0.2313,0.2872,"[[3.115, 0.0], [6.541, 0.0], [9.682, 0.0], [12.823, 0.0], [15.393, 0.0], [18.248, -0.131]]",ok,2.9301,0.0,0.0,0.0,0.0,0.0,0.0,0.0,0.0,0.0,6939d4b45ca74f2f9341a72ccedf35e5,scene-0559,42
0.8524,0.9249,1.7229,0.7502,0.9209,1.0571,0.0,0.0,0.0,0.0,0.0,0.0,0.0,0.0,0.0,ok,straight,0.8524,0.9249,1.7229,0.7502,0.707,0.8671,True,"[-0.0653, -0.3916, -0.718, -0.1958]","[-183.3338, -446.7146, -757.768, -21360.2203]","[3.8978, 2.5413, -1000755.6066, -1021358.0589]","[0.867, 1.444, 1.429, 2.723]","[[[2.8293, 0.0], [5.399, 0.0], [8.5399, 0.0], [10.5386, 0.0], [13.1083, 0.0], [14.2505, 0.1305]], [[2.8293, 0.0], [5.399, 0.0], [8.5399, 0.0], [10.5386, 0.0], [15.107, 0.5222], [20.2466, 0.7833]], [[2.8293, 0.0], [5.399, 0.0], [8.5399, 0.0], [10.5386, 0.0], [13.9649, -0.3916], [21.1032, 1.436]], [[2.8293, 0.0], [5.399, 0.0], [8.5399, 0.0], [10.5386, 0.0], [7.3977, 0.0], [23.1019, -0.3916]]]",0.68,0.0,0.0,0.0,0.0,0.0,0.0,True,"[1, 1, 1]",0.0,0.0,0.0,0.8671,4.0,0.8524,0.9249,1.7229,0.7502,0.707,0.8671,"[[2.829, 0.0], [5.399, 0.0], [8.54, 0.0], [10.539, 0.0], [13.108, 0.0], [14.25, 0.131]]",ok,2.7226,0.0,0.0,0.0,0.0,0.0,0.0,0.0,0.0,0.0,5c558d97108341ebb7b30b1c841ff57f,scene-0560,42
4.8124,9.9599,15.1081,3.4761,5.823,8.5839,0.0,0.0,1.0,0.0,0.0,1.0,0.0,0.0,0.16666666666666666,ok,straight,4.2416,9.9599,15.1094,3.0479,5.6089,8.4414,True,"[-0.1305, -0.3916, -3.3943, -8.2899]","[-124.2926, -445.9808, -10409.936, -16267.5104]","[4.2235, 4.0971, -1010407.5782, -1016265.1526]","[8.441, 9.067, 8.681, 9.197]","[[[2.8293, 0.0], [5.9701, -0.1305], [8.5399, -0.1305], [12.2517, -0.1305], [15.3926, -0.1305], [17.3913, -0.2611]], [[2.8293, 0.0], [5.9701, -0.1305], [8.5399, -0.1305], [12.2517, -0.1305], [17.1058, -0.9138], [19.39, -0.7833]], [[2.8293, 0.0], [5.9701, -0.1305], [8.5399, -0.1305], [12.2517, -0.1305], [11.3952, -0.5222], [21.6742, -6.7886]], [[2.8293, 0.0], [5.9701, -0.1305], [8.5399, -0.1305], [12.2517, -0.1305], [13.6794, -0.5222], [15.6781, 16.5798]]]",0.301,0.0,0.0,1.0,0.0,0.0,1.0,True,"[1, 1, 1]",0.0,0.0,0.16666666666666666,8.4414,4.0,4.2416,9.9599,15.1094,3.0479,5.6089,8.4414,"[[2.829, 0.0], [5.97, -0.131], [8.54, -0.131], [12.252, -0.131], [15.393, -0.131], [17.391, -0.261]]",ok,9.1966,0.0,0.0,0.0,0.0,0.0,0.0,0.0,0.0,0.0,be1a07f716794bd5b4fa374e08b5e724,scene-0560,42
5.1151,10.5393,16.2496,3.9722,6.6134,9.3972,0.0,0.0,0.0,0.0,0.0,0.0,0.0,0.0,0.0,ok,straight,3.9734,10.5393,16.2496,2.9731,6.1138,9.0641,True,"[-0.0653, -0.0, -0.0, -0.9138]","[-377.1828, -1036.3026, -1662.9354, -5132.8115]","[4.0788, -1001033.5999, -1001660.2327, -1005130.1088]","[9.064, 9.887, 7.024, 10.236]","[[[1.9727, 0.0], [3.9714, -0.1305], [7.9688, -0.1305], [10.5386, -0.1305], [13.6794, -0.1305], [16.2492, -0.1305]], [[1.9727, 0.0], [3.9714, -0.1305], [7.9688, -0.1305], [10.5386, -0.1305], [14.8215, -1.5666], [19.9611, 0.0]], [[1.9727, 0.0], [3.9714, -0.1305], [7.9688, -0.1305], [10.5386, -0.1305], [11.3952, -0.9138], [6.2556, 0.0]], [[1.9727, 0.0], [3.9714, -0.1305], [7.9688, -0.1305], [10.5386, -0.1305], [14.2505, -4.4387], [21.9598, -1.8277]]]",1.2462,0.0,0.0,0.0,0.0,0.0,0.0,True,"[1, 1, 1]",0.0,0.0,0.0,7.0237,4.0,3.9734,10.5393,6.2556,2.9731,6.1138,7.0237,"[[1.973, 0.0], [3.971, -0.131], [7.969, -0.131], [10.539, -0.131], [13.679, -0.131], [16.249, -0.131]]",ok,10.2358,0.0,0.0,0.0,0.0,0.0,0.0,0.0,0.0,0.0,93071f98339b40279937bafd206cb42e,scene-0560,42
5.1152,9.9684,16.2497,3.8294,6.2565,9.1593,0.0,0.0,0.0,0.0,0.0,0.0,0.0,0.0,0.0,ok,straight,3.6859,9.9684,15.9642,2.972,5.9706,8.7783,True,"[-0.0653, -0.718, -0.0653, -0.1305]","[-969.7208, -1614.1136, -3826.019, -19336.428]","[4.3853, -1001611.1089, -1003823.0142, -1019333.4232]","[8.778, 8.649, 8.827, 8.507]","[[[2.2582, 0.0], [3.6858, 0.0], [7.9688, -0.1305], [9.9675, -0.1305], [12.8228, -0.1305], [15.9636, -0.1305]], [[2.2582, 0.0], [3.6858, 0.0], [7.9688, -0.1305], [9.9675, -0.1305], [13.6794, -0.5222], [14.2505, -1.436]], [[2.2582, 0.0], [3.6858, 0.0], [7.9688, -0.1305], [9.9675, -0.1305], [15.107, -0.5222], [13.9649, -0.1305]], [[2.2582, 0.0], [3.6858, 0.0], [7.9688, -0.1305], [9.9675, -0.1305], [15.3926, -6.2664], [10.5386, -0.2611]]]",0.1243,0.0,0.0,0.0,0.0,0.0,0.0,True,"[1, 1, 1]",0.0,0.0,0.0,8.5072,4.0,3.6859,9.9684,10.5418,2.972,5.9706,8.5072,"[[2.258, 0.0], [3.686, 0.0], [7.969, -0.131], [9.968, -0.131], [12.823, -0.131], [15.964, -0.131]]",ok,8.8273,0.0,0.0,0.0,0.0,0.0,0.0,0.0,0.0,0.0,77e97f94955c46d0a943232271a84ab3,scene-0560,42
4.5891,9.9051,15.2689,3.4255,5.9401,8.4908,0.0,0.0,0.0,0.0,0.0,0.0,0.0,0.0,0.0,ok,straight,4.5891,10.0824,15.2689,3.4255,5.9844,8.7541,False,"[-2.7415, -3.1332, -0.1958, -2.1541]","[-112.4754, -574.8706, -4373.5706, -6137.2557]","[2.9976, 2.4687, -1004371.0243, -1006134.7093]","[8.754, 9.03, 8.174, 8.533]","[[[2.2582, -0.1305], [4.5424, -0.6527], [6.8267, -1.5666], [9.3964, -3.6554], [12.2517, -5.222], [14.2505, -5.4831]], [[2.2582, -0.1305], [4.5424, -0.6527], [6.8267, -1.5666], [9.3964, -3.6554], [13.3939, -4.5692], [14.8215, -6.2664]], [[2.2582, -0.1305], [4.5424, -0.6527], [6.8267, -1.5666], [9.3964, -3.6554], [12.2517, -6.1358], [11.3952, 0.3916]], [[2.2582, -0.1305], [4.5424, -0.6527], [6.8267, -1.5666], [9.3964, -3.6554], [8.5399, -3.7859], [17.3913, -4.3081]]]",0.3135,0.0,0.0,0.0,0.0,0.0,0.0,True,"[1, 1, 1]",0.0,0.0,0.0,8.1736,4.0,4.5891,10.0824,11.4019,3.4255,5.9844,8.1736,"[[2.258, -0.131], [4.542, -0.653], [6.827, -1.567], [9.396, -3.655], [12.252, -5.222], [14.25, -5.483]]",ok,9.0302,0.0,0.0,0.0,0.0,0.0,0.0,0.0,0.0,0.0,9eebbe06762c47aa8c671008df5fb474,scene-0561,42
5.1152,11.1104,17.3918,3.9722,6.8989,10.0634,0.0,0.0,0.0,0.0,0.0,0.0,0.0,0.0,0.0,ok,straight,5.1152,11.1104,16.8207,3.9722,6.8989,9.9683,True,"[-0.0653, -0.6527, -0.1305, -0.4569]","[-682.9874, -1877.5346, -1923.0399, -30643.7243]","[5.302, -1001873.9624, -1001919.4677, -1030640.1521]","[9.968, 9.888, 9.196, 9.909]","[[[2.8293, 0.0], [5.1135, -0.1305], [8.5399, -0.1305], [11.1096, -0.1305], [15.3926, -0.1305], [16.8202, -0.1305]], [[2.8293, 0.0], [5.1135, -0.1305], [8.5399, -0.1305], [11.1096, -0.1305], [15.6781, -1.0444], [15.9636, 1.3055]], [[2.8293, 0.0], [5.1135, -0.1305], [8.5399, -0.1305], [11.1096, -0.1305], [12.5373, 2.3499], [14.8215, -0.2611]], [[2.8293, 0.0], [5.1135, -0.1305], [8.5399, -0.1305], [11.1096, -0.1305], [12.5373, -10.1829], [15.6781, -0.9138]]]",0.3156,0.0,0.0,0.0,0.0,0.0,0.0,True,"[1, 1, 1]",0.0,0.0,0.0,9.1958,4.0,5.1152,11.1104,14.8238,3.9722,6.8989,9.1958,"[[2.829, 0.0], [5.113, -0.131], [8.54, -0.131], [11.11, -0.131], [15.393, -0.131], [16.82, -0.131]]",ok,9.9683,0.0,0.0,0.0,0.0,0.0,0.0,0.0,0.0,0.0,7636f7b3286245cc95a2bd7ac01a64eb,scene-0561,42
4.5398,8.5702,10.8169,3.399,5.5037,7.1151,0.0,0.0,0.0,0.0,0.0,0.0,0.0,0.0,0.0,ok,straight,4.5398,8.8557,6.8177,3.399,5.575,6.2581,True,"[-0.0653, -0.1305, -2.3499, -8.2899]","[-199.3527, -53.3052, -13367.1189, -19994.6186]","[4.9823, 4.9798, -1013363.8792, -1019991.3789]","[6.258, 7.163, 6.108, 9.025]","[[[2.2582, 0.0], [4.5424, -0.1305], [6.8267, 0.0], [9.3964, 0.0], [9.682, 0.0], [9.1109, -0.1305]], [[2.2582, 0.0], [4.5424, -0.1305], [6.8267, 0.0], [9.3964, 0.0], [11.1096, 0.0], [13.1083, -0.2611]], [[2.2582, 0.0], [4.5424, -0.1305], [6.8267, 0.0], [9.3964, 0.0], [4.828, 0.3916], [11.9662, -4.6998]], [[2.2582, 0.0], [4.5424, -0.1305], [6.8267, 0.0], [9.3964, 0.0], [14.8215, 0.1305], [9.9675, 16.5798]]]",1.1616,0.0,0.0,0.0,0.0,0.0,0.0,True,"[1, 1, 1]",0.0,0.0,0.0,6.1079,4.0,4.5398,8.8557,10.7485,3.399,5.575,6.1079,"[[2.258, 0.0], [4.542, -0.131], [6.827, 0.0], [9.396, 0.0], [9.682, 0.0], [9.111, -0.131]]",ok,9.0251,0.0,0.0,0.0,0.0,0.0,0.0,0.0,0.0,0.0,00bb84f140c943059a9a1e8e372ddabe,scene-0561,42
1.8407,3.4744,13.0841,1.2893,2.2813,4.6499,0.0,0.0,0.0,0.0,0.0,0.0,0.0,0.0,0.0,ok,left,2.9359,4.3589,13.0841,1.8369,3.0852,5.7888,False,"[-2.4804, 1.5013, -8.2899, 8.2899]","[-2108.6053, -7390.8343, -15974.2812, -54010.9395]","[-1002106.2665, -1007388.4955, -1015971.9425, -1054008.6007]","[5.789, 4.348, 7.487, 7.611]","[[[1.6871, 0.0], [2.2582, 0.2611], [3.6858, 0.0], [7.6833, -0.9138], [7.3977, -3.1332], [9.1109, -4.9609]], [[1.6871, 0.0], [2.2582, 0.2611], [3.6858, 0.0], [7.6833, -0.9138], [7.6833, -3.3943], [12.8228, 3.0026]], [[1.6871, 0.0], [2.2582, 0.2611], [3.6858, 0.0], [7.6833, -0.9138], [7.1122, -2.2193], [15.9636, -16.5798]], [[1.6871, 0.0], [2.2582, 0.2611], [3.6858, 0.0], [7.6833, -0.9138], [20.2466, 16.5798], [30.5257, 16.5798]]]",1.3417,0.0,0.0,0.0,0.0,0.0,0.0,False,"[1, 1, 1]",0.0,0.0,0.0,4.3477,4.0,2.9359,4.3589,4.3492,1.8369,3.0852,4.3477,"[[1.687, 0.0], [2.258, 0.261], [3.686, 0.0], [7.683, -0.914], [7.398, -3.133], [9.111, -4.961]]",ok,7.6114,0.0,0.0,0.0,0.0,0.0,0.0,0.0,0.0,0.0,a11fc6258e564dc4ab612bdf98e90fd1,scene-0561,42
0.6403,0.6521,1.1295,0.4694,0.6364,0.845,0.0,0.0,0.0,0.0,0.0,0.0,0.0,0.0,0.0,ok,straight,0.6403,0.6521,1.1295,0.4694,0.6364,0.751,True,"[-0.0, -0.0653, -0.5222, -0.3264]","[-74.8876, -1430.5214, -2103.9309, -3744.7317]","[5.3461, -1001427.6035, -1002101.013, -1003741.8138]","[0.751, 1.348, 1.55, 1.138]","[[[3.6858, 0.0], [7.3977, 0.0], [11.1096, 0.0], [14.2505, 0.0], [18.2479, 0.0], [21.6742, 0.0]], [[3.6858, 0.0], [7.3977, 0.0], [11.1096, 0.0], [14.2505, 0.0], [14.2505, 0.2611], [18.2479, 0.1305]], [[3.6858, 0.0], [7.3977, 0.0], [11.1096, 0.0], [14.2505, 0.0], [21.1032, 0.0], [23.3874, 1.0444]], [[3.6858, 0.0], [7.3977, 0.0], [11.1096, 0.0], [14.2505, 0.0], [20.5321, 0.9138], [19.6755, -0.6527]]]",0.2957,0.0,0.0,0.0,0.0,0.0,0.0,True,"[1, 1, 1]",0.0,0.0,0.0,0.751,4.0,0.6403,0.6521,1.1295,0.4694,0.6364,0.751,"[[3.686, 0.0], [7.398, 0.0], [11.11, 0.0], [14.25, 0.0], [18.248, 0.0], [21.674, 0.0]]",ok,1.5499,0.0,0.0,0.0,0.0,0.0,0.0,0.0,0.0,0.0,e493c6923a0a4d5fb78b75dcc0ffc5ab,scene-0562,42
0.1435,1.4414,2.0692,0.1045,0.6257,0.9759,0.0,0.0,0.0,0.0,0.0,0.0,0.0,0.0,0.0,ok,straight,1.5957,1.4414,2.0692,0.8305,0.9888,1.3123,False,"[-0.1305, -0.1305, -0.1958, -0.1958]","[-1010.5304, -1092.3057, -1325.2455, -3923.0991]","[-2002884.1327, -2002965.908, -2003198.8478, -2005796.7014]","[1.312, 1.29, 1.176, 2.225]","[[[3.6858, 0.0], [9.1109, 0.0], [11.1096, -0.1305], [14.2505, -0.2611], [18.2479, -0.2611], [21.6742, -0.2611]], [[3.6858, 0.0], [9.1109, 0.0], [11.1096, -0.1305], [14.2505, -0.2611], [19.39, 0.0], [26.8138, -0.2611]], [[3.6858, 0.0], [9.1109, 0.0], [11.1096, -0.1305], [14.2505, -0.2611], [19.1045, -0.9138], [21.9598, -0.3916]], [[3.6858, 0.0], [9.1109, 0.0], [11.1096, -0.1305], [14.2505, -0.2611], [18.8189, 0.6527], [31.6678, -0.3916]]]",0.4211,0.0,0.0,0.0,0.0,0.0,0.0,False,"[1, 1, 1]",0.0,0.0,0.0,1.1764,4.0,1.5957,1.4414,1.8029,0.8305,0.9888,1.1764,"[[3.686, 0.0], [9.111, 0.0], [11.11, -0.131], [14.25, -0.261], [18.248, -0.261], [21.674, -0.261]]",ok,2.2248,0.0,0.0,0.0,0.0,0.0,0.0,0.0,0.0,0.0,d74c961ec4274d14b8a211f29e390e30,scene-0562,42
1.1676,1.307,2.1285,0.8336,1.1182,1.4058,0.0,0.0,0.0,0.0,0.0,0.0,0.0,0.0,0.0,ok,straight,2.0231,1.307,2.6966,1.5465,1.5459,1.833,False,"[-0.0, -0.1305, -0.1305, -1.8277]","[-303.4075, -1964.7808, -2423.3582, -2438.1529]","[6.0332, -1001961.1293, -1002419.7067, -1002434.5014]","[1.833, 1.958, 3.028, 1.94]","[[[2.2582, 0.0], [4.5424, 0.0], [7.3977, 0.0], [11.1096, 0.0], [12.8228, 0.0], [15.3926, 0.0]], [[2.2582, 0.0], [4.5424, 0.0], [7.3977, 0.0], [11.1096, 0.0], [14.536, 2.611], [15.3926, 0.2611]], [[2.2582, 0.0], [4.5424, 0.0], [7.3977, 0.0], [11.1096, 0.0], [9.682, 0.3916], [11.3952, 0.2611]], [[2.2582, 0.0], [4.5424, 0.0], [7.3977, 0.0], [11.1096, 0.0], [16.8202, 0.3916], [17.3913, -3.6554]]]",0.4863,0.0,0.0,0.0,0.0,0.0,0.0,True,"[1, 1, 1]",0.0,0.0,0.0,1.833,4.0,2.0231,1.307,2.6966,1.5465,1.5459,1.833,"[[2.258, 0.0], [4.542, 0.0], [7.398, 0.0], [11.11, 0.0], [12.823, 0.0], [15.393, 0.0]]",ok,3.028,0.0,0.0,0.0,0.0,0.0,0.0,0.0,0.0,0.0,ae90c564207b4eb69b60630fa17ea7e8,scene-0562,42
0.277,1.349,2.1453,0.207,0.6538,1.1409,0.0,0.0,0.0,0.0,0.0,0.0,0.0,0.0,0.0,ok,straight,0.5868,1.349,2.1453,0.512,0.8063,1.2426,False,"[-0.0, -1.6971, -0.6527, -8.2899]","[-183.7595, -1578.0541, -2060.7538, -25590.8827]","[4.5707, -1001574.9673, -1002057.667, -1025587.7959]","[1.243, 2.077, 1.13, 4.157]","[[[1.6871, 0.0], [3.4003, 0.0], [6.5412, 0.0], [8.5399, 0.0], [10.5386, 0.0], [11.6807, 0.0]], [[1.6871, 0.0], [3.4003, 0.0], [6.5412, 0.0], [8.5399, 0.0], [11.9662, -0.7833], [13.9649, 3.3943]], [[1.6871, 0.0], [3.4003, 0.0], [6.5412, 0.0], [8.5399, 0.0], [7.6833, 0.2611], [11.9662, -1.3055]], [[1.6871, 0.0], [3.4003, 0.0], [6.5412, 0.0], [8.5399, 0.0], [10.5386, -2.0888], [18.2479, 16.5798]]]",1.2144,0.0,0.0,0.0,0.0,0.0,0.0,True,"[1, 1, 1]",0.0,0.0,0.0,1.1297,4.0,0.5868,1.349,2.6876,0.512,0.8063,1.1297,"[[1.687, 0.0], [3.4, 0.0], [6.541, 0.0], [8.54, 0.0], [10.539, 0.0], [11.681, 0.0]]",ok,4.1573,0.0,0.0,0.0,0.0,0.0,0.0,0.0,0.0,0.0,814f40cea21041308224320c40274e51,scene-0562,42
1.0253,2.405,3.3359,0.5977,1.3507,1.9225,0.0,0.0,0.0,0.0,0.0,0.0,0.0,0.0,0.0,ok,straight,1.3108,4.118,5.3344,0.8832,2.0659,3.066,False,"[-0.0, -0.0653, -0.0, -0.1305]","[-91.1317, -833.6853, -1063.0041, -5736.9458]","[3.4812, -1000831.9351, -1001061.2539, -1005735.1956]","[3.066, 2.399, 2.542, 3.352]","[[[1.4016, 0.0], [2.8293, 0.0], [4.2569, 0.1305], [6.2556, 0.0], [7.1122, 0.1305], [7.9688, 0.0]], [[1.4016, 0.0], [2.8293, 0.0], [4.2569, 0.1305], [6.2556, 0.0], [5.1135, 0.0], [5.9701, -0.1305]], [[1.4016, 0.0], [2.8293, 0.0], [4.2569, 0.1305], [6.2556, 0.0], [5.1135, 0.0], [6.8267, 0.0]], [[1.4016, 0.0], [2.8293, 0.0], [4.2569, 0.1305], [6.2556, 0.0], [4.5424, -0.1305], [12.2517, 0.2611]]]",0.3861,0.0,0.0,0.0,0.0,0.0,0.0,True,"[1, 1, 1]",0.0,0.0,0.0,2.3993,4.0,1.3108,4.118,3.336,0.8832,2.0659,2.3993,"[[1.402, 0.0], [2.829, 0.0], [4.257, 0.131], [6.256, 0.0], [7.112, 0.131], [7.969, 0.0]]",ok,3.352,0.0,0.0,0.0,0.0,0.0,0.0,0.0,0.0,0.0,970f41b6fc4544b388fe7ccd578988a9,scene-0563,42
0.0689,0.2976,0.9394,0.1209,0.1536,0.3046,0.0,0.0,0.0,0.0,0.0,0.0,0.0,0.0,0.0,ok,straight,0.0689,0.2976,0.4285,0.1209,0.1536,0.2195,True,"[-0.0653, -0.3264, -2.7415, -0.3916]","[-17.8758, -77.4529, -1299.7525, -69965.1112]","[4.5836, 4.3401, -1001296.5158, -1069961.8745]","[0.219, 0.842, 1.065, 2.675]","[[[1.1161, 0.0], [2.5437, 0.0], [3.6858, 0.0], [4.5424, 0.0], [5.6846, 0.0], [6.5412, 0.1305]], [[1.1161, 0.0], [2.5437, 0.0], [3.6858, 0.0], [4.5424, 0.0], [4.2569, -0.1305], [4.2569, 0.6527]], [[1.1161, 0.0], [2.5437, 0.0], [3.6858, 0.0], [4.5424, 0.0], [6.2556, 0.0], [7.6833, -5.4831]], [[1.1161, 0.0], [2.5437, 0.0], [3.6858, 0.0], [4.5424, 0.0], [20.5321, 0.0], [7.3977, -0.7833]]]",0.9063,0.0,0.0,0.0,0.0,0.0,0.0,True,"[1, 1, 1]",0.0,0.0,0.0,0.2195,4.0,0.0689,0.2976,0.4285,0.1209,0.1536,0.2195,"[[1.116, 0.0], [2.544, 0.0], [3.686, 0.0], [4.542, 0.0], [5.685, 0.0], [6.541, 0.131]]",ok,2.6754,0.0,0.0,1.0,0.0,0.0,1.0,0.0,0.0,0.16666666666666666,04b954deacb74b3a80c543526dc8f937,scene-0563,42
0.7337,0.7824,0.7803,0.5969,0.6935,0.7224,0.0,0.0,0.0,0.0,0.0,0.0,0.0,0.0,0.0,ok,straight,0.7337,0.7824,0.7803,0.5969,0.6935,0.7224,False,"[-0.0, -0.0, -0.0, -0.0]","[-0.013, -25.0582, -1647028.8614, -1663858.0557]","[3.0559, 3.0559, -2647026.8055, -2663855.9998]","[0.722, 0.653, 11.958, 12.081]","[[[-0.026, 0.0], [-0.026, 0.0], [-0.026, 0.0], [-0.026, 0.0], [-0.026, 0.0], [-0.026, 0.0]], [[-0.026, 0.0], [-0.026, 0.0], [-0.026, 0.0], [-0.026, 0.0], [-0.026, 0.0], [1.1161, 0.0]], [[-0.026, 0.0], [-0.026, 0.0], [-0.026, 0.0], [-0.026, 0.0], [69.6432, 0.0], [0.8306, 0.0]], [[-0.026, 0.0], [-0.026, 0.0], [-0.026, 0.0], [-0.026, 0.0], [69.6432, -2.4804], [-0.026, 0.0]]]",5.6662,0.0,0.0,0.0,0.0,0.0,0.0,True,"[1, 1, 1]",0.0,0.0,0.0,0.6531,4.0,0.7337,0.7824,0.3642,0.5969,0.6935,0.6531,"[[-0.026, 0.0], [-0.026, 0.0], [-0.026, 0.0], [-0.026, 0.0], [-0.026, 0.0], [-0.026, 0.0]]",ok,12.0813,1.0,1.0,1.0,1.0,1.0,1.0,0.5,0.75,0.8333333333333334,264f7a3db349473c9032d9ee63b9b828,scene-0563,42
0.0262,0.0265,0.0268,0.0261,0.0263,0.0264,0.0,0.0,0.0,0.0,0.0,0.0,0.0,0.0,0.0,ok,straight,0.0262,0.0265,0.0268,0.0261,0.0263,0.0264,False,"[-0.0, -0.0, -0.5222, -0.0653]","[-0.013, -94.6519, -34558.1305, -735348.368]","[3.1483, 3.148, -1034556.2685, -1735346.506]","[0.026, 0.351, 2.78, 8.48]","[[[-0.026, 0.0], [-0.026, 0.0], [-0.026, 0.0], [-0.026, 0.0], [-0.026, 0.0], [-0.026, 0.0]], [[-0.026, 0.0], [-0.026, 0.0], [-0.026, 0.0], [-0.026, 0.0], [-0.026, 0.0], [1.9727, 0.0]], [[-0.026, 0.0], [-0.026, 0.0], [-0.026, 0.0], [-0.026, 0.0], [9.9675, -6.0053], [4.828, 1.0444]], [[-0.026, 0.0], [-0.026, 0.0], [-0.026, 0.0], [-0.026, 0.0], [47.6574, -0.1305], [3.1148, 0.1305]]]",3.3878,0.0,0.0,0.0,0.0,0.0,0.0,True,"[1, 1, 1]",0.0,0.0,0.0,0.0264,4.0,0.0262,0.0265,0.0268,0.0261,0.0263,0.0264,"[[-0.026, 0.0], [-0.026, 0.0], [-0.026, 0.0], [-0.026, 0.0], [-0.026, 0.0], [-0.026, 0.0]]",ok,8.4801,1.0,1.0,1.0,1.0,1.0,1.0,0.5,0.75,0.8333333333333334,10602c94122242d3b7525ec541b3784f,scene-0563,42
0.026,0.0303,0.3966,0.026,0.0271,0.1087,0.0,0.0,0.0,0.0,0.0,0.0,0.0,0.0,0.0,ok,straight,0.026,0.0303,0.3966,0.026,0.0271,0.1087,False,"[-0.0, -0.0, -0.0, -0.0]","[-0.013, -1.8392, -396.5284, -11587.9282]","[2.406, 2.4056, -1000394.7262, -1011586.1261]","[0.109, 0.118, 1.835, 1.065]","[[[-0.026, 0.0], [-0.026, 0.0], [-0.026, 0.0], [-0.026, 0.0], [-0.026, 0.0], [-0.026, 0.0]], [[-0.026, 0.0], [-0.026, 0.0], [-0.026, 0.0], [-0.026, 0.0], [0.2595, 0.0], [0.8306, 0.0]], [[-0.026, 0.0], [-0.026, 0.0], [-0.026, 0.0], [-0.026, 0.0], [3.1148, -0.3916], [8.2543, 0.0]], [[-0.026, 0.0], [-0.026, 0.0], [-0.026, 0.0], [-0.026, 0.0], [6.2556, -0.6527], [0.2595, 0.0]]]",0.7217,0.0,0.0,0.0,0.0,0.0,0.0,True,"[1, 1, 1]",0.0,0.0,0.0,0.1087,4.0,0.026,0.0303,0.3966,0.026,0.0271,0.1087,"[[-0.026, 0.0], [-0.026, 0.0], [-0.026, 0.0], [-0.026, 0.0], [-0.026, 0.0], [-0.026, 0.0]]",ok,1.8352,1.0,1.0,1.0,1.0,1.0,1.0,0.5,0.75,0.8333333333333334,3b86f8218554493f928b39824655872a,scene-0564,42
0.0676,0.0683,0.0703,0.0741,0.0709,0.0705,0.0,0.0,0.0,0.0,0.0,0.0,0.0,0.0,0.0,ok,straight,0.0676,0.0683,0.0703,0.0741,0.0709,0.0705,False,"[-0.0, -0.3264, -0.0, -0.0]","[-0.013, -250.9953, -1220.7259, -1656873.9502]","[2.9214, 0.6116, -1001218.9599, -2656872.1842]","[0.071, 1.602, 0.46, 11.685]","[[[-0.026, 0.0], [-0.026, 0.0], [-0.026, 0.0], [-0.026, 0.0], [-0.026, 0.0], [-0.026, 0.0]], [[-0.026, 0.0], [-0.026, 0.0], [-0.026, 0.0], [-0.026, 0.0], [2.2582, -0.1305], [7.1122, 0.6527]], [[-0.026, 0.0], [-0.026, 0.0], [-0.026, 0.0], [-0.026, 0.0], [2.2582, 0.3916], [0.2595, 0.0]], [[-0.026, 0.0], [-0.026, 0.0], [-0.026, 0.0], [-0.026, 0.0], [69.6432, 0.3916], [0.2595, 0.0]]]",4.7851,0.0,0.0,0.0,0.0,0.0,0.0,True,"[1, 1, 1]",0.0,0.0,0.0,0.0705,4.0,0.0676,0.0683,0.0703,0.0741,0.0709,0.0705,"[[-0.026, 0.0], [-0.026, 0.0], [-0.026, 0.0], [-0.026, 0.0], [-0.026, 0.0], [-0.026, 0.0]]",ok,11.685,1.0,1.0,1.0,1.0,1.0,1.0,0.5,0.75,0.8333333333333334,cf326fa396094c5d87527d1950b31235,scene-0564,42
0.3972,1.1877,3.3141,0.2811,0.6461,1.4124,0.0,0.0,1.0,0.0,0.0,1.0,0.0,0.0,0.3333333333333333,ok,straight,0.1125,1.4723,3.3141,0.1388,0.6461,1.4124,False,"[-0.0, -0.0, -0.6527, -0.0653]","[-24.2279, -311.0817, -894.9961, -39022.4489]","[5.0222, -1000307.3137, -1000891.2281, -1039018.6809]","[1.412, 1.887, 0.878, 2.434]","[[[1.1161, 0.0], [1.9727, 0.0], [2.5437, 0.0], [3.4003, 0.0], [3.9714, 0.0], [5.1135, 0.0]], [[1.1161, 0.0], [1.9727, 0.0], [2.5437, 0.0], [3.4003, 0.0], [4.2569, 0.0], [1.9727, 0.0]], [[1.1161, 0.0], [1.9727, 0.0], [2.5437, 0.0], [3.4003, 0.0], [7.3977, -0.3916], [8.8254, -1.3055]], [[1.1161, 0.0], [1.9727, 0.0], [2.5437, 0.0], [3.4003, 0.0], [15.3926, -1.436], [5.399, 0.1305]]]",0.5753,0.0,0.0,1.0,0.0,0.0,1.0,True,"[1, 1, 1]",0.0,0.0,0.3333333333333333,0.8776,4.0,0.1125,1.4723,1.6496,0.1388,0.6461,0.8776,"[[1.116, 0.0], [1.973, 0.0], [2.544, 0.0], [3.4, 0.0], [3.971, 0.0], [5.113, 0.0]]",ok,2.4338,0.0,0.0,0.0,0.0,0.0,0.0,0.0,0.0,0.0,26ce0c76786c43158b3bac999b27e76b,scene-0564,42
0.9775,1.8957,3.5927,0.9353,1.3786,1.9953,0.0,0.0,1.0,0.0,0.0,1.0,0.0,0.0,0.3333333333333333,ok,right,0.9775,1.8957,3.5927,0.9353,1.3786,1.9953,False,"[-0.0, 0.1305, -0.3264, 0.5875]","[-279.8783, -2051.653, -2498.2272, -22973.8172]","[3.0048, -1002049.0679, -1002495.6421, -1022971.2321]","[1.995, 1.924, 2.019, 2.713]","[[[1.6871, 0.0], [3.6858, 0.0], [4.5424, 0.0], [6.5412, 0.0], [7.3977, 0.0], [9.1109, 0.0]], [[1.6871, 0.0], [3.6858, 0.0], [4.5424, 0.0], [6.5412, 0.0], [6.8267, 0.3916], [12.8228, -0.2611]], [[1.6871, 0.0], [3.6858, 0.0], [4.5424, 0.0], [6.5412, 0.0], [10.8241, 0.2611], [8.5399, 0.6527]], [[1.6871, 0.0], [3.6858, 0.0], [4.5424, 0.0], [6.5412, 0.0], [0.8306, -0.1305], [12.8228, -1.1749]]]",0.3198,0.0,0.0,1.0,0.0,0.0,1.0,True,"[1, 1, 1]",0.0,0.0,0.3333333333333333,1.9237,4.0,0.9775,1.8957,2.4705,0.9353,1.3786,1.9237,"[[1.687, 0.0], [3.686, 0.0], [4.542, 0.0], [6.541, 0.0], [7.398, 0.0], [9.111, 0.0]]",ok,2.7132,0.0,0.0,0.0,0.0,0.0,0.0,0.0,0.0,0.0,9784a87689e64da29ff6d1b2fbaf6673,scene-0564,42
1.9222,3.6827,8.0577,1.3657,2.4459,3.9295,0.0,0.0,0.0,0.0,0.0,0.0,0.0,0.0,0.0,ok,right,1.9222,3.6827,8.0577,1.3657,2.4459,3.9295,False,"[-0.8486, 1.5666, -0.6527, 7.7677]","[-647.103, -6620.0396, -119754.4045, -1433512.5087]","[1.3731, -1006618.5057, -1119752.8706, -2433510.9749]","[3.929, 3.841, 17.428, 13.941]","[[[1.1161, 0.0], [1.9727, 0.1305], [2.5437, 0.1305], [5.1135, 0.6527], [5.6846, 0.6527], [7.3977, 1.6971]], [[1.1161, 0.0], [1.9727, 0.1305], [2.5437, 0.1305], [5.1135, 0.6527], [1.9727, 0.1305], [6.5412, -3.1332]], [[1.1161, 0.0], [1.9727, 0.1305], [2.5437, 0.1305], [5.1135, 0.6527], [44.5166, 1.1749], [69.6432, 1.3055]], [[1.1161, 0.0], [1.9727, 0.1305], [2.5437, 0.1305], [5.1135, 0.6527], [69.6432, 16.5798], [12.8228, -15.5354]]]",6.0273,0.0,0.0,0.0,0.0,0.0,0.0,True,"[1, 1, 1]",0.0,0.0,0.0,3.8409,4.0,1.9222,3.6827,4.9579,1.3657,2.4459,3.8409,"[[1.116, 0.0], [1.973, 0.131], [2.544, 0.131], [5.113, 0.653], [5.685, 0.653], [7.398, 1.697]]",ok,17.4281,0.0,0.0,0.0,0.0,0.0,0.0,0.0,0.0,0.0,f0c47597c226445fa1e14c82d879f9a4,scene-0565,42
1.0423,2.7187,2.6441,0.9068,1.6455,2.1199,0.0,0.0,0.0,0.0,0.0,0.0,0.0,0.0,0.0,ok,straight,1.0423,2.7187,2.0733,0.9068,1.6455,2.0724,True,"[-0.0, -0.1305, -1.0444, -0.3264]","[-373.3834, -292.8536, -2173.4042, -28577.5774]","[5.2446, 4.9277, -1002169.7141, -1028573.8873]","[2.072, 1.856, 2.515, 2.96]","[[[3.6858, 0.0], [6.5412, 0.0], [10.5386, 0.0], [14.2505, 0.0], [18.2479, 0.0], [19.39, 0.0]], [[3.6858, 0.0], [6.5412, 0.0], [10.5386, 0.0], [14.2505, 0.0], [16.8202, 0.7833], [19.39, -0.2611]], [[3.6858, 0.0], [6.5412, 0.0], [10.5386, 0.0], [14.2505, 0.0], [16.8202, 3.2637], [21.3887, 2.0888]], [[3.6858, 0.0], [6.5412, 0.0], [10.5386, 0.0], [14.2505, 0.0], [8.8254, -0.1305], [22.8163, 0.6527]]]",0.4241,0.0,0.0,0.0,0.0,0.0,0.0,True,"[1, 1, 1]",0.0,0.0,0.0,1.8565,4.0,1.0423,2.7187,2.0997,0.9068,1.6455,1.8565,"[[3.686, 0.0], [6.541, 0.0], [10.539, 0.0], [14.25, 0.0], [18.248, 0.0], [19.39, 0.0]]",ok,2.9596,0.0,0.0,0.0,0.0,0.0,0.0,0.0,0.0,0.0,9287148365d241a99104b0b129246071,scene-0565,42
1.6332,4.0905,5.2907,1.2033,2.3212,3.3422,0.0,0.0,0.0,0.0,0.0,0.0,0.0,0.0,0.0,ok,straight,1.6332,4.0905,5.2907,1.2033,2.3212,3.3898,False,"[-0.0, -0.0653, -0.1305, -0.3264]","[-160.795, -14778.9, -40702.4544, -113398.2825]","[4.7916, -1014776.1438, -1040699.6983, -1113395.5263]","[3.39, 3.863, 5.259, 4.28]","[[[3.4003, 0.0], [6.8267, 0.0], [10.5386, 0.0], [14.2505, 0.0], [18.2479, 0.0], [19.9611, 0.0]], [[3.4003, 0.0], [6.8267, 0.0], [10.5386, 0.0], [14.2505, 0.0], [19.6755, 0.0], [7.9688, -0.1305]], [[3.4003, 0.0], [6.8267, 0.0], [10.5386, 0.0], [14.2505, 0.0], [28.8125, 1.436], [20.5321, 0.2611]], [[3.4003, 0.0], [6.8267, 0.0], [10.5386, 0.0], [14.2505, 0.0], [-2.8813, 0.2611], [15.3926, 0.6527]]]",0.6887,0.0,0.0,0.0,0.0,0.0,0.0,True,"[1, 1, 1]",0.0,0.0,0.0,3.3898,4.0,1.6332,4.0905,5.2907,1.2033,2.3212,3.3898,"[[3.4, 0.0], [6.827, 0.0], [10.539, 0.0], [14.25, 0.0], [18.248, 0.0], [19.961, 0.0]]",ok,5.2588,0.0,0.0,0.0,0.0,0.0,0.0,0.0,0.0,0.0,5f2b89acd9c34488af6c4419f10703de,scene-0565,42
3.3329,7.558,13.2184,2.5889,4.7006,6.9649,0.0,0.0,1.0,0.0,0.0,1.0,0.0,0.0,0.3333333333333333,ok,straight,3.3329,7.556,13.2184,2.5889,4.2739,6.6805,True,"[-0.0653, -0.4569, -0.0, -0.7833]","[-456.1932, -1238.9113, -3370.2442, -23443.3276]","[4.6766, -1001235.7634, -1003367.0964, -1023440.1798]","[6.68, 6.687, 7.033, 7.96]","[[[2.8293, 0.0], [5.1135, 0.0], [6.8267, 0.2611], [10.5386, -0.1305], [13.1083, 0.1305], [16.8202, 0.1305]], [[2.8293, 0.0], [5.1135, 0.0], [6.8267, 0.2611], [10.5386, -0.1305], [15.107, 0.1305], [14.8215, 0.9138]], [[2.8293, 0.0], [5.1135, 0.0], [6.8267, 0.2611], [10.5386, -0.1305], [16.2492, 1.6971], [15.6781, 0.0]], [[2.8293, 0.0], [5.1135, 0.0], [6.8267, 0.2611], [10.5386, -0.1305], [11.9662, -7.0497], [23.1019, 1.5666]]]",0.5219,0.0,0.0,1.0,0.0,0.0,1.0,True,"[1, 1, 1]",0.0,0.0,0.3333333333333333,6.6805,4.0,3.3329,7.556,13.2184,2.5889,4.2739,6.6805,"[[2.829, 0.0], [5.113, 0.0], [6.827, 0.261], [10.539, -0.131], [13.108, 0.131], [16.82, 0.131]]",ok,7.9598,0.0,0.0,1.0,0.0,0.0,1.0,0.0,0.0,0.3333333333333333,77ee28e79c2f400d893c9712b1c75b6b,scene-0565,42
1.2848,1.4341,1.8942,0.8976,1.1476,1.4908,0.0,0.0,0.0,0.0,0.0,0.0,0.0,0.0,0.0,ok,right,1.2848,1.4341,1.7072,0.8976,1.1562,1.3075,True,"[0.6527, 0.1305, 0.1958, 1.436]","[-20.8545, -938.4735, -2234.7751, -95935.0306]","[2.651, 1.6262, -1002232.8208, -1095933.0762]","[1.307, 2.256, 1.809, 5.472]","[[[3.1148, 0.0], [6.5412, -0.1305], [9.3964, -0.3916], [12.2517, -0.7833], [15.107, -1.0444], [17.9623, -1.3055]], [[3.1148, 0.0], [6.5412, -0.1305], [9.3964, -0.3916], [12.2517, -0.7833], [17.9623, -0.3916], [20.8176, -0.2611]], [[3.1148, 0.0], [6.5412, -0.1305], [9.3964, -0.3916], [12.2517, -0.7833], [16.8202, -0.7833], [14.8215, -0.3916]], [[3.1148, 0.0], [6.5412, -0.1305], [9.3964, -0.3916], [12.2517, -0.7833], [34.5231, -2.4804], [24.5295, -2.8721]]]",1.6289,0.0,0.0,0.0,0.0,0.0,0.0,True,"[1, 1, 1]",0.0,0.0,0.0,1.3075,4.0,1.2848,1.4341,1.7072,0.8976,1.1562,1.3075,"[[3.115, 0.0], [6.541, -0.131], [9.396, -0.392], [12.252, -0.783], [15.107, -1.044], [17.962, -1.305]]",ok,5.4719,0.0,0.0,0.0,0.0,0.0,0.0,0.0,0.0,0.0,67d2d74087714e4994a68c7347acf55a,scene-0625,42
0.8914,2.4863,1.1103,0.7404,1.3449,1.3356,0.0,0.0,0.0,0.0,0.0,0.0,0.0,0.0,0.0,ok,straight,0.8914,1.0587,1.1103,0.7404,0.8453,1.0025,True,"[-0.0653, -0.3264, -0.5222, -0.1305]","[-34.4545, -377.5922, -2449.6935, -104008.2475]","[5.0026, 3.5344, -1002446.3841, -1104004.9382]","[1.003, 1.437, 1.336, 8.188]","[[[3.4003, 0.0], [6.5412, 0.0], [9.3964, -0.1305], [12.8228, -0.1305], [16.2492, -0.1305], [18.8189, -0.1305]], [[3.4003, 0.0], [6.5412, 0.0], [9.3964, -0.1305], [12.8228, -0.1305], [17.6768, -0.1305], [19.9611, -0.6527]], [[3.4003, 0.0], [6.5412, 0.0], [9.3964, -0.1305], [12.8228, -0.1305], [18.5334, -0.1305], [17.6768, -1.0444]], [[3.4003, 0.0], [6.5412, 0.0], [9.3964, -0.1305], [12.8228, -0.1305], [40.2337, -0.2611], [37.9494, -0.2611]]]",3.0047,0.0,0.0,0.0,0.0,0.0,0.0,True,"[1, 1, 1]",0.0,0.0,0.0,1.0025,4.0,0.8914,1.0587,1.1103,0.7404,0.8453,1.0025,"[[3.4, 0.0], [6.541, 0.0], [9.396, -0.131], [12.823, -0.131], [16.249, -0.131], [18.819, -0.131]]",ok,8.1877,0.0,0.0,0.0,0.0,0.0,0.0,0.0,0.0,0.0,2e74db7a04ef4ef49ec7f136a260a878,scene-0625,42
0.1099,0.0522,1.446,0.0801,0.2062,0.5741,0.0,0.0,0.0,0.0,0.0,0.0,0.0,0.0,0.0,ok,straight,0.0658,0.8305,0.2965,0.6272,0.6744,0.6246,False,"[-0.0653, -0.1305, -0.0653, -3.329]","[-288.4838, -194.5724, -4755.0778, -110152.5423]","[4.0622, 4.0177, -1004752.2162, -1110149.6808]","[0.625, 0.886, 2.537, 8.928]","[[[4.5424, 0.0], [6.8267, 0.0], [9.682, -0.1305], [13.1083, -0.1305], [17.1058, -0.7833], [20.5321, -0.1305]], [[4.5424, 0.0], [6.8267, 0.0], [9.682, -0.1305], [13.1083, -0.1305], [16.2492, -0.1305], [19.39, -0.2611]], [[4.5424, 0.0], [6.8267, 0.0], [9.682, -0.1305], [13.1083, -0.1305], [23.1019, -0.1305], [27.6704, 0.1305]], [[4.5424, 0.0], [6.8267, 0.0], [9.682, -0.1305], [13.1083, -0.1305], [18.8189, -0.9138], [69.6432, -6.658]]]",3.3626,0.0,0.0,0.0,0.0,0.0,0.0,True,"[1, 1, 1]",0.0,0.0,0.0,0.6246,4.0,0.0658,0.8305,0.2965,0.6272,0.6744,0.6246,"[[4.542, 0.0], [6.827, 0.0], [9.682, -0.131], [13.108, -0.131], [17.106, -0.783], [20.532, -0.131]]",ok,8.9281,0.0,0.0,0.0,0.0,0.0,0.0,0.0,0.0,0.0,0e8e2f64b807428ca4ed5bc33c996389,scene-0625,42
2.6426,4.6425,7.833,1.7128,2.8384,4.3945,0.0,0.0,0.0,0.0,0.0,0.0,0.0,0.0,0.0,ok,straight,3.7777,3.4508,7.1762,2.5658,3.3187,4.3065,True,"[-1.436, -0.5222, -1.0444, -0.9138]","[-817.8282, -2778.9759, -14188.541, -44755.2963]","[-1000812.9861, -1002774.1338, -1014183.6989, -1044750.4542]","[4.306, 4.53, 5.297, 4.265]","[[[2.2582, 0.0], [4.2569, 0.0], [7.1122, -0.1305], [12.2517, -0.1305], [14.536, -1.3055], [16.5347, -2.8721]], [[2.2582, 0.0], [4.2569, 0.0], [7.1122, -0.1305], [12.2517, -0.1305], [12.5373, -0.7833], [16.2492, -1.0444]], [[2.2582, 0.0], [4.2569, 0.0], [7.1122, -0.1305], [12.2517, -0.1305], [8.5399, -1.0444], [15.9636, -2.0888]], [[2.2582, 0.0], [4.2569, 0.0], [7.1122, -0.1305], [12.2517, -0.1305], [28.8125, -0.3916], [21.1032, -1.8277]]]",0.4149,0.0,0.0,0.0,0.0,0.0,0.0,False,"[1, 1, 1]",0.0,0.0,0.0,4.265,4.0,3.7777,3.4508,3.0448,2.5658,3.3187,4.265,"[[2.258, 0.0], [4.257, 0.0], [7.112, -0.131], [12.252, -0.131], [14.536, -1.305], [16.535, -2.872]]",ok,5.2967,0.0,0.0,0.0,0.0,0.0,0.0,0.0,0.0,0.0,30d93e4625f74b07a9966a5f8e9efa9e,scene-0625,42
2.4746,4.8249,5.919,1.8058,2.8964,3.9557,0.0,0.0,0.0,0.0,0.0,0.0,0.0,0.0,0.0,ok,straight,0.3837,4.6688,5.919,0.6178,2.0427,3.3866,True,"[-1.8277, -1.7624, -2.4804, -0.9138]","[-1594.8004, -2841.981, -7929.5619, -52180.8849]","[-2004004.2308, -2005251.4114, -2010338.9923, -2054590.3153]","[3.387, 3.399, 4.066, 3.998]","[[[3.1148, -0.1305], [8.2543, -0.1305], [9.3964, -0.5222], [11.1096, -0.5222], [13.6794, -2.4804], [18.2479, -3.6554]], [[3.1148, -0.1305], [8.2543, -0.1305], [9.3964, -0.5222], [11.1096, -0.5222], [15.6781, -2.2193], [15.9636, -3.5248]], [[3.1148, -0.1305], [8.2543, -0.1305], [9.3964, -0.5222], [11.1096, -0.5222], [15.3926, -6.1358], [15.107, -4.9609]], [[3.1148, -0.1305], [8.2543, -0.1305], [9.3964, -0.5222], [11.1096, -0.5222], [12.5373, -13.055], [22.2453, -1.8277]]]",0.3208,0.0,0.0,0.0,0.0,0.0,0.0,False,"[1, 1, 1]",0.0,0.0,0.0,3.3866,4.0,0.3837,4.6688,5.919,0.6178,2.0427,3.3866,"[[3.115, -0.131], [8.254, -0.131], [9.396, -0.522], [11.11, -0.522], [13.679, -2.48], [18.248, -3.655]]",ok,4.0665,0.0,0.0,0.0,0.0,0.0,0.0,0.0,0.0,0.0,57f23d2f55e6455696c6d3cc70a4f501,scene-0626,42
0.2873,1.7547,2.3671,0.2877,0.723,1.2065,0.0,0.0,0.0,0.0,0.0,0.0,0.0,0.0,0.0,ok,straight,0.1237,1.7704,2.3671,0.0799,0.5702,0.9624,True,"[-0.1305, -0.1958, -0.0, -0.5222]","[-792.1662, -4511.0905, -9923.4099, -116026.9663]","[3.9175, -1004508.2621, -1009920.5815, -1116024.1379]","[0.962, 1.888, 1.64, 9.202]","[[[3.4003, 0.0], [6.8267, 0.0], [10.5386, 0.0], [12.2517, 0.0], [16.2492, -0.2611], [18.2479, -0.2611]], [[3.4003, 0.0], [6.8267, 0.0], [10.5386, 0.0], [12.2517, 0.0], [14.536, -0.5222], [26.8138, -0.3916]], [[3.4003, 0.0], [6.8267, 0.0], [10.5386, 0.0], [12.2517, 0.0], [19.39, -0.1305], [15.107, 0.0]], [[3.4003, 0.0], [6.8267, 0.0], [10.5386, 0.0], [12.2517, 0.0], [18.2479, 3.3943], [69.6432, -1.0444]]]",3.3538,0.0,0.0,0.0,0.0,0.0,0.0,True,"[1, 1, 1]",0.0,0.0,0.0,0.9624,4.0,0.1237,1.7704,2.3671,0.0799,0.5702,0.9624,"[[3.4, 0.0], [6.827, 0.0], [10.539, 0.0], [12.252, 0.0], [16.249, -0.261], [18.248, -0.261]]",ok,9.2024,0.0,0.0,0.0,0.0,0.0,0.0,0.0,0.0,0.0,bbf1d23e80b84da798c56cbac090f7d9,scene-0626,42
2.1902,4.3739,7.7383,1.5635,2.7017,4.0809,0.0,0.0,0.0,0.0,0.0,0.0,0.0,0.0,0.0,ok,straight,2.1902,4.3739,7.1715,1.5635,2.7017,3.8438,True,"[-0.1305, -0.2611, -0.1305, -0.4569]","[-104.4421, -271.9456, -4189.8412, -200413.2861]","[3.8967, 2.9174, -1004187.3933, -1200410.8382]","[3.844, 4.512, 3.652, 7.794]","[[[3.1148, 0.0], [6.5412, -0.1305], [9.3964, -0.1305], [12.2517, -0.1305], [14.2505, -0.2611], [17.3913, -0.2611]], [[3.1148, 0.0], [6.5412, -0.1305], [9.3964, -0.1305], [12.2517, -0.1305], [16.5347, 0.1305], [19.1045, -0.5222]], [[3.1148, 0.0], [6.5412, -0.1305], [9.3964, -0.1305], [12.2517, -0.1305], [12.2517, 0.1305], [2.2582, -0.2611]], [[3.1148, 0.0], [6.5412, -0.1305], [9.3964, -0.1305], [12.2517, -0.1305], [39.0915, -0.6527], [16.2492, -0.9138]]]",1.6724,0.0,0.0,0.0,0.0,0.0,0.0,True,"[1, 1, 1]",0.0,0.0,0.0,3.6523,4.0,2.1902,4.3739,7.9729,1.5635,2.7017,3.6523,"[[3.115, 0.0], [6.541, -0.131], [9.396, -0.131], [12.252, -0.131], [14.25, -0.261], [17.391, -0.261]]",ok,7.794,0.0,0.0,0.0,0.0,0.0,0.0,0.0,0.0,0.0,5fd5c3f8e4c54137a3bbb794ae4dc9e7,scene-0626,42
3.2748,4.685,3.6711,2.1597,3.2577,3.5001,0.0,0.0,0.0,0.0,0.0,0.0,0.0,0.0,0.0,ok,straight,2.9892,4.685,4.5272,2.0169,3.1863,3.5952,False,"[-0.0, -0.1305, -0.1305, -0.0]","[-106.7686, -133.3028, -10463.015, -91577.4623]","[4.4629, 2.4622, -1010460.2162, -1091574.6635]","[3.595, 3.646, 5.795, 5.704]","[[[1.1161, 0.0], [3.4003, 0.0], [5.1135, 0.0], [6.8267, 0.0], [7.6833, 0.0], [9.1109, 0.0]], [[1.1161, 0.0], [3.4003, 0.0], [5.1135, 0.0], [6.8267, 0.0], [8.5399, -0.1305], [8.5399, 0.2611]], [[1.1161, 0.0], [3.4003, 0.0], [5.1135, 0.0], [6.8267, 0.0], [15.6781, 1.1749], [14.2505, -0.2611]], [[1.1161, 0.0], [3.4003, 0.0], [5.1135, 0.0], [6.8267, 0.0], [5.9701, 16.5798], [-0.026, 0.0]]]",1.0651,0.0,0.0,0.0,0.0,0.0,0.0,True,"[1, 1, 1]",0.0,0.0,0.0,3.5952,4.0,2.9892,4.685,4.5272,2.0169,3.1863,3.5952,"[[1.116, 0.0], [3.4, 0.0], [5.113, 0.0], [6.827, 0.0], [7.683, 0.0], [9.111, 0.0]]",ok,5.7947,0.0,0.0,1.0,0.0,0.0,1.0,0.0,0.0,0.3333333333333333,bc35cb43c7de4fd3ab2355a9cc632ef9,scene-0626,42
1.0016,2.421,1.5509,0.7561,1.4244,1.5185,0.0,0.0,0.0,0.0,0.0,0.0,0.0,0.0,0.0,ok,straight,1.0016,1.87,1.5509,0.7561,1.2866,1.5583,False,"[-0.0653, -0.3264, -0.0653, -0.0653]","[-219.7158, -238.4066, -7170.0172, -7586.0732]","[4.4853, 2.1707, -1007167.111, -1007583.167]","[1.558, 1.368, 1.952, 2.248]","[[[2.2582, 0.0], [4.5424, 0.0], [6.5412, 0.0], [9.1109, -0.1305], [11.1096, -0.1305], [15.3926, -0.1305]], [[2.2582, 0.0], [4.5424, 0.0], [6.5412, 0.0], [9.1109, -0.1305], [12.8228, -0.6527], [15.3926, 0.6527]], [[2.2582, 0.0], [4.5424, 0.0], [6.5412, 0.0], [9.1109, -0.1305], [17.3913, -2.7415], [18.5334, -0.1305]], [[2.2582, 0.0], [4.5424, 0.0], [6.5412, 0.0], [9.1109, -0.1305], [8.8254, -1.0444], [19.6755, 0.1305]]]",0.3418,0.0,0.0,0.0,0.0,0.0,0.0,True,"[1, 1, 1]",0.0,0.0,0.0,1.3683,4.0,1.0016,1.87,2.1986,0.7561,1.2866,1.3683,"[[2.258, 0.0], [4.542, 0.0], [6.541, 0.0], [9.111, -0.131], [11.11, -0.131], [15.393, -0.131]]",ok,2.248,0.0,0.0,0.0,0.0,0.0,0.0,0.0,0.0,0.0,0fae8aae30d44b4faf7a9854eac4bc09,scene-0627,42
0.2831,0.5956,1.068,0.2353,0.3851,0.6307,0.0,0.0,0.0,0.0,0.0,0.0,0.0,0.0,0.0,ok,left,0.1706,0.5956,1.068,0.4709,0.5029,0.7093,False,"[0.8486, 1.3708, 1.893, 1.3055]","[-501.0495, -1755.8716, -5639.4131, -76830.4716]","[0.8784, -1001754.2698, -1005637.8113, -1076828.8697]","[0.709, 0.791, 1.334, 3.482]","[[[3.6858, 0.0], [5.9701, 0.3916], [8.5399, 0.5222], [11.1096, 0.7833], [15.3926, 1.6971], [17.3913, 1.6971]], [[3.6858, 0.0], [5.9701, 0.3916], [8.5399, 0.5222], [11.1096, 0.7833], [16.8202, 1.5666], [17.9623, 2.7415]], [[3.6858, 0.0], [5.9701, 0.3916], [8.5399, 0.5222], [11.1096, 0.7833], [17.6768, 0.3916], [15.9636, 3.7859]], [[3.6858, 0.0], [5.9701, 0.3916], [8.5399, 0.5222], [11.1096, 0.7833], [15.6781, 16.5798], [13.6794, 2.611]]]",1.1245,0.0,0.0,0.0,0.0,0.0,0.0,True,"[1, 1, 1]",0.0,0.0,0.0,0.7093,4.0,0.1706,0.5956,1.068,0.4709,0.5029,0.7093,"[[3.686, 0.0], [5.97, 0.392], [8.54, 0.522], [11.11, 0.783], [15.393, 1.697], [17.391, 1.697]]",ok,3.4816,0.0,0.0,0.0,0.0,0.0,0.0,0.0,0.0,0.0,1141ac734ae0422e9e79ea579d05aef2,scene-0627,42
0.8988,2.4028,2.0465,0.4756,1.2185,1.5622,0.0,0.0,0.0,0.0,0.0,0.0,0.0,0.0,0.0,ok,straight,0.8988,3.3128,2.6749,0.4756,1.1896,1.6256,False,"[-0.1305, -0.718, -0.0653, -0.0653]","[-3374.4603, -4954.1563, -7996.5839, -15911.6375]","[-1003371.8794, -1004951.5754, -1007994.0029, -1015909.0565]","[1.626, 1.223, 1.733, 2.352]","[[[3.6858, 0.0], [6.5412, 0.0], [11.6807, 0.0], [18.5334, 0.0], [19.39, 1.9582], [19.39, 0.2611]], [[3.6858, 0.0], [6.5412, 0.0], [11.6807, 0.0], [18.5334, 0.0], [17.9623, -0.1305], [20.5321, -1.436]], [[3.6858, 0.0], [6.5412, 0.0], [11.6807, 0.0], [18.5334, 0.0], [16.2492, -0.1305], [18.8189, -0.1305]], [[3.6858, 0.0], [6.5412, 0.0], [11.6807, 0.0], [18.5334, 0.0], [13.6794, 0.0], [17.6768, -0.1305]]]",0.4045,0.0,0.0,0.0,0.0,0.0,0.0,False,"[1, 1, 1]",0.0,0.0,0.0,1.2227,4.0,0.8988,3.3128,1.831,0.4756,1.1896,1.2227,"[[3.686, 0.0], [6.541, 0.0], [11.681, 0.0], [18.533, 0.0], [19.39, 1.958], [19.39, 0.261]]",ok,2.3515,0.0,0.0,0.0,0.0,0.0,0.0,0.0,0.0,0.0,101a617fba0a4c7a91073b49b9b6752f,scene-0627,42
0.8044,1.5237,2.0074,0.562,0.898,1.267,0.0,0.0,0.0,0.0,0.0,0.0,0.0,0.0,0.0,ok,right,1.2115,0.176,2.0074,0.7399,0.8429,1.2416,True,"[1.2402, 2.0888, 2.7415, 1.9582]","[-300.9945, -6343.8986, -32993.7493, -126035.1879]","[2.3507, -1006340.9252, -1032990.7759, -1126032.2146]","[1.242, 1.463, 3.309, 4.353]","[[[2.8293, 0.0], [6.5412, -0.5222], [9.3964, -1.436], [10.5386, -2.0888], [11.1096, -1.9582], [13.6794, -2.4804]], [[2.8293, 0.0], [6.5412, -0.5222], [9.3964, -1.436], [10.5386, -2.0888], [17.1058, -2.2193], [15.6781, -4.1776]], [[2.8293, 0.0], [6.5412, -0.5222], [9.3964, -1.436], [10.5386, -2.0888], [5.6846, -1.436], [23.6729, -5.4831]], [[2.8293, 0.0], [6.5412, -0.5222], [9.3964, -1.436], [10.5386, -2.0888], [13.1083, 16.5798], [17.6768, -3.9165]]]",1.2953,0.0,0.0,0.0,0.0,0.0,0.0,True,"[1, 1, 1]",0.0,0.0,0.0,1.2416,4.0,1.2115,0.176,2.0074,0.7399,0.8429,1.2416,"[[2.829, 0.0], [6.541, -0.522], [9.396, -1.436], [10.539, -2.089], [11.11, -1.958], [13.679, -2.48]]",ok,4.3528,0.0,0.0,0.0,0.0,0.0,0.0,0.0,0.0,0.0,5b3ffd92b67b4a48b283d63736298bae,scene-0627,42
0.1712,0.1078,0.3059,0.1473,0.2624,0.3247,0.0,0.0,0.0,0.0,0.0,0.0,0.0,0.0,0.0,ok,straight,0.1712,0.1078,0.3059,0.1473,0.2624,0.3247,False,"[-0.1305, -0.2611, -0.1305, -0.1305]","[-241.8186, -272.5855, -110807.3987, -114135.5357]","[3.9715, 1.6615, -1110805.0046, -1114133.1416]","[0.325, 0.327, 8.32, 8.294]","[[[3.6858, 0.0], [7.3977, 0.0], [11.9662, -0.1305], [15.107, -0.1305], [19.1045, -0.1305], [22.2453, -0.2611]], [[3.6858, 0.0], [7.3977, 0.0], [11.9662, -0.1305], [15.107, -0.1305], [19.1045, 0.0], [21.9598, -0.5222]], [[3.6858, 0.0], [7.3977, 0.0], [11.9662, -0.1305], [15.107, -0.1305], [19.6755, -0.2611], [69.6432, -0.2611]], [[3.6858, 0.0], [7.3977, 0.0], [11.9662, -0.1305], [15.107, -0.1305], [19.39, -0.6527], [69.6432, -0.2611]]]",3.9903,0.0,0.0,0.0,0.0,0.0,0.0,True,"[1, 1, 1]",0.0,0.0,0.0,0.3247,4.0,0.1712,0.1078,0.3059,0.1473,0.2624,0.3247,"[[3.686, 0.0], [7.398, 0.0], [11.966, -0.131], [15.107, -0.131], [19.104, -0.131], [22.245, -0.261]]",ok,8.3198,0.0,0.0,0.0,0.0,0.0,0.0,0.0,0.0,0.0,14384b3ce9d243ce827bf0c1598dd35f,scene-0629,42
1.435,4.9511,9.3198,1.0284,2.6059,4.5364,0.0,0.0,0.0,0.0,0.0,0.0,0.0,0.0,0.0,ok,straight,1.435,4.9511,9.3198,1.0284,2.6059,4.5402,False,"[-0.718, -1.1097, -1.436, -1.1097]","[-147.3036, -196.344, -7073.0422, -107967.014]","[4.2273, 2.6866, -1007070.9174, -1107964.8892]","[4.54, 3.76, 5.261, 7.086]","[[[2.2582, 0.0], [4.2569, -0.1305], [6.8267, -0.2611], [8.5399, -0.7833], [11.1096, -1.436], [13.1083, -1.436]], [[2.2582, 0.0], [4.2569, -0.1305], [6.8267, -0.2611], [8.5399, -0.7833], [9.1109, -0.7833], [10.253, -2.2193]], [[2.2582, 0.0], [4.2569, -0.1305], [6.8267, -0.2611], [8.5399, -0.7833], [14.2505, 1.8277], [13.9649, -2.8721]], [[2.2582, 0.0], [4.2569, -0.1305], [6.8267, -0.2611], [8.5399, -0.7833], [12.8228, 16.5798], [16.8202, -2.2193]]]",1.2312,0.0,0.0,0.0,0.0,0.0,0.0,True,"[1, 1, 1]",0.0,0.0,0.0,3.7597,4.0,1.435,4.9511,6.7129,1.0284,2.6059,3.7597,"[[2.258, 0.0], [4.257, -0.131], [6.827, -0.261], [8.54, -0.783], [11.11, -1.436], [13.108, -1.436]]",ok,7.0855,0.0,0.0,0.0,0.0,0.0,0.0,0.0,0.0,0.0,35e0ba93fe9d48f386b97d62bd78fbf7,scene-0629,42
0.9677,2.8234,3.3288,0.8945,1.7778,2.1688,0.0,0.0,0.0,0.0,0.0,0.0,0.0,0.0,0.0,ok,right,1.5533,2.8234,3.3288,0.9044,1.7827,2.136,True,"[2.611, 2.4152, 1.8277, -8.2899]","[-192.3583, -904.7236, -3926.6858, -45889.3924]","[5.5019, 5.4221, -1003922.4842, -1045885.1908]","[2.136, 1.931, 2.52, 5.78]","[[[2.2582, -0.1305], [5.6846, -0.6527], [8.5399, -1.436], [11.1096, -2.4804], [12.8228, -3.6554], [16.2492, -5.222]], [[2.2582, -0.1305], [5.6846, -0.6527], [8.5399, -1.436], [11.1096, -2.4804], [11.1096, -4.5692], [13.3939, -4.8303]], [[2.2582, -0.1305], [5.6846, -0.6527], [8.5399, -1.436], [11.1096, -2.4804], [15.9636, -0.2611], [16.5347, -3.6554]], [[2.2582, -0.1305], [5.6846, -0.6527], [8.5399, -1.436], [11.1096, -2.4804], [17.3913, -6.658], [16.8202, 16.5798]]]",1.5664,0.0,0.0,0.0,0.0,0.0,0.0,True,"[1, 1, 1]",0.0,0.0,0.0,1.9312,4.0,1.5533,2.8234,1.9378,0.9044,1.7827,1.9312,"[[2.258, -0.131], [5.685, -0.653], [8.54, -1.436], [11.11, -2.48], [12.823, -3.655], [16.249, -5.222]]",ok,5.78,0.0,0.0,0.0,0.0,0.0,0.0,0.0,0.0,0.0,733995d097654865a7bea928efe971af,scene-0629,42
0.8082,0.9725,3.4045,0.4313,0.7125,1.3626,0.0,0.0,0.0,0.0,0.0,0.0,0.0,0.0,0.0,ok,left,1.196,0.4338,1.5221,0.8646,0.6193,0.9867,True,"[0.8486, 0.718, -8.2899, 8.2899]","[-1390.9411, -1717.3594, -20520.8565, -36765.9302]","[0.637, 0.5926, -1020521.229, -1036766.3027]","[0.987, 1.176, 4.534, 5.348]","[[[3.1148, 0.0], [8.5399, 0.2611], [11.1096, 0.2611], [15.107, 0.6527], [17.3913, 1.0444], [21.9598, 1.6971]], [[3.1148, 0.0], [8.5399, 0.2611], [11.1096, 0.2611], [15.107, 0.6527], [16.8202, 1.1749], [21.3887, 1.436]], [[3.1148, 0.0], [8.5399, 0.2611], [11.1096, 0.2611], [15.107, 0.6527], [24.5295, 0.2611], [25.6716, -16.5798]], [[3.1148, 0.0], [8.5399, 0.2611], [11.1096, 0.2611], [15.107, 0.6527], [18.2479, 16.5798], [19.1045, 16.5798]]]",1.9522,0.0,0.0,0.0,0.0,0.0,0.0,True,"[1, 1, 1]",0.0,0.0,0.0,0.9867,4.0,1.196,0.4338,1.5221,0.8646,0.6193,0.9867,"[[3.115, 0.0], [8.54, 0.261], [11.11, 0.261], [15.107, 0.653], [17.391, 1.044], [21.96, 1.697]]",ok,5.3477,0.0,0.0,0.0,0.0,0.0,0.0,0.0,0.0,0.0,b082d53392614131a91fedb0a2b2e1ab,scene-0629,42
1.2906,2.7072,2.9777,1.0661,1.8017,2.2055,0.0,0.0,0.0,0.0,0.0,0.0,0.0,0.0,0.0,ok,straight,1.2906,2.7072,2.9777,1.0661,1.8017,2.2055,False,"[-0.0653, -0.4569, -0.0653, -0.1305]","[-44.3946, -44099.387, -57798.4288, -77188.0977]","[4.3627, -1044097.3043, -1057796.3461, -1077186.015]","[2.205, 4.93, 9.86, 9.431]","[[[3.1148, 0.0], [6.5412, 0.0], [9.3964, -0.1305], [12.8228, -0.1305], [16.2492, -0.1305], [19.9611, -0.1305]], [[3.1148, 0.0], [6.5412, 0.0], [9.3964, -0.1305], [12.8228, -0.1305], [11.3952, -0.7833], [37.3784, -0.9138]], [[3.1148, 0.0], [6.5412, 0.0], [9.3964, -0.1305], [12.8228, -0.1305], [24.5295, 0.0], [69.6432, -0.1305]], [[3.1148, 0.0], [6.5412, 0.0], [9.3964, -0.1305], [12.8228, -0.1305], [21.9598, -0.1305], [69.6432, -0.2611]]]",3.1914,0.0,0.0,0.0,0.0,0.0,0.0,True,"[1, 1, 1]",0.0,0.0,0.0,2.2055,4.0,1.2906,2.7072,2.9777,1.0661,1.8017,2.2055,"[[3.115, 0.0], [6.541, 0.0], [9.396, -0.131], [12.823, -0.131], [16.249, -0.131], [19.961, -0.131]]",ok,9.8597,0.0,0.0,0.0,0.0,0.0,0.0,0.0,0.0,0.0,6a808b09e5f34d33ba1de76cc8dab423,scene-0630,42
0.5684,1.9991,4.7924,0.6653,1.0635,1.9895,0.0,0.0,0.0,0.0,0.0,0.0,0.0,0.0,0.0,ok,straight,0.5684,1.9991,5.3629,0.6653,1.0635,2.0846,False,"[-0.0653, -0.0653, -0.2611, -0.0653]","[-52.2852, -1228.2613, -3885.8155, -4577.0971]","[5.96, -1001224.1607, -1003881.7149, -1004572.9965]","[2.085, 2.52, 2.658, 5.225]","[[[2.8293, 0.0], [5.1135, 0.0], [7.6833, 0.0], [10.253, 0.0], [12.5373, 0.0], [15.9636, -0.1305]], [[2.8293, 0.0], [5.1135, 0.0], [7.6833, 0.0], [10.253, 0.0], [15.107, 0.7833], [15.9636, 0.1305]], [[2.8293, 0.0], [5.1135, 0.0], [7.6833, 0.0], [10.253, 0.0], [16.5347, -0.1305], [15.3926, 0.5222]], [[2.8293, 0.0], [5.1135, 0.0], [7.6833, 0.0], [10.253, 0.0], [15.6781, 0.0], [31.6678, 0.1305]]]",1.2324,0.0,0.0,0.0,0.0,0.0,0.0,True,"[1, 1, 1]",0.0,0.0,0.0,2.0846,4.0,0.5684,1.9991,5.3629,0.6653,1.0635,2.0846,"[[2.829, 0.0], [5.113, 0.0], [7.683, 0.0], [10.253, 0.0], [12.537, 0.0], [15.964, -0.131]]",ok,5.2246,0.0,0.0,0.0,0.0,0.0,0.0,0.0,0.0,0.0,a38d06e080204b9c9c0b805375c8d6f9,scene-0630,42
1.0027,1.7718,5.6717,0.9752,1.3955,2.4651,0.0,0.0,0.0,0.0,0.0,0.0,0.0,0.0,0.0,ok,straight,1.0027,2.1258,6.2237,0.9752,1.3279,2.512,False,"[-2.7415, -3.0679, -0.5222, -8.2899]","[-42.5428, -5648.8662, -7525.0277, -45470.3438]","[3.8377, -1005646.1622, -1007522.3237, -1045467.6398]","[2.512, 2.326, 2.468, 4.768]","[[[2.8293, -0.1305], [5.399, -0.2611], [7.9688, -0.6527], [10.5386, -1.8277], [13.1083, -3.1332], [16.2492, -5.4831]], [[2.8293, -0.1305], [5.399, -0.2611], [7.9688, -0.6527], [10.5386, -1.8277], [14.2505, 0.2611], [13.9649, -6.1358]], [[2.8293, -0.1305], [5.399, -0.2611], [7.9688, -0.6527], [10.5386, -1.8277], [13.6794, 2.4804], [22.5308, -1.0444]], [[2.8293, -0.1305], [5.399, -0.2611], [7.9688, -0.6527], [10.5386, -1.8277], [14.536, -6.7886], [16.2492, 16.5798]]]",1.0122,0.0,0.0,0.0,0.0,0.0,0.0,True,"[1, 1, 1]",0.0,0.0,0.0,2.3264,4.0,1.0027,2.1258,7.036,0.9752,1.3279,2.3264,"[[2.829, -0.131], [5.399, -0.261], [7.969, -0.653], [10.539, -1.828], [13.108, -3.133], [16.249, -5.483]]",ok,4.7675,0.0,0.0,0.0,0.0,0.0,0.0,0.0,0.0,0.0,d1b23e695b0643b0a2614454fa83319b,scene-0630,42
1.5643,1.861,1.4095,1.0536,1.3693,1.552,0.0,0.0,0.0,0.0,0.0,0.0,0.0,0.0,0.0,ok,straight,1.5643,1.861,1.4095,1.0536,1.3693,1.552,False,"[-0.0653, -0.7833, -0.0653, -8.2899]","[-85.1725, -5428.1709, -6109.127, -135965.4426]","[3.9342, -1005425.524, -1006106.4801, -1135962.7957]","[1.552, 2.22, 1.986, 6.806]","[[[3.6858, 0.0], [7.3977, 0.0], [10.5386, 0.0], [14.2505, 0.0], [18.2479, 0.0], [20.8176, 0.1305]], [[3.6858, 0.0], [7.3977, 0.0], [10.5386, 0.0], [14.2505, 0.0], [20.2466, 0.0], [16.2492, 1.5666]], [[3.6858, 0.0], [7.3977, 0.0], [10.5386, 0.0], [14.2505, 0.0], [14.536, 0.3916], [24.5295, -0.1305]], [[3.6858, 0.0], [7.3977, 0.0], [10.5386, 0.0], [14.2505, 0.0], [-2.8813, -0.6527], [16.2492, 16.5798]]]",2.1294,0.0,0.0,0.0,0.0,0.0,0.0,True,"[1, 1, 1]",0.0,0.0,0.0,1.552,4.0,1.5643,1.861,1.4095,1.0536,1.3693,1.552,"[[3.686, 0.0], [7.398, 0.0], [10.539, 0.0], [14.25, 0.0], [18.248, 0.0], [20.818, 0.131]]",ok,6.8056,0.0,0.0,0.0,0.0,0.0,0.0,0.0,0.0,0.0,f311006db7884a3a844b3f10c835762b,scene-0630,42
2.013,4.1765,7.1875,1.3357,2.5488,3.9013,0.0,0.0,0.0,0.0,0.0,0.0,0.0,0.0,0.0,ok,right,2.013,4.199,7.1875,1.3357,2.5545,3.905,False,"[0.1305, -0.1305, 0.5875, 0.1305]","[-80.3509, -5702.2841, -21683.4237, -115016.5937]","[2.9315, -1005699.9273, -1021681.0668, -1115014.2368]","[3.905, 6.18, 6.167, 11.931]","[[[3.6858, 0.0], [7.3977, -0.1305], [11.1096, -0.1305], [14.2505, 0.0], [18.2479, -0.1305], [21.6742, -0.2611]], [[3.6858, 0.0], [7.3977, -0.1305], [11.1096, -0.1305], [14.2505, 0.0], [18.8189, 0.5222], [34.8086, 0.2611]], [[3.6858, 0.0], [7.3977, -0.1305], [11.1096, -0.1305], [14.2505, 0.0], [27.6704, -0.1305], [26.2427, -1.1749]], [[3.6858, 0.0], [7.3977, -0.1305], [11.1096, -0.1305], [14.2505, 0.0], [18.8189, -0.1305], [69.6432, -0.2611]]]",2.9685,0.0,0.0,0.0,0.0,0.0,0.0,True,"[1, 1, 1]",0.0,0.0,0.0,3.905,4.0,2.013,4.199,7.1875,1.3357,2.5545,3.905,"[[3.686, 0.0], [7.398, -0.131], [11.11, -0.131], [14.25, 0.0], [18.248, -0.131], [21.674, -0.261]]",ok,11.9306,0.0,0.0,0.0,0.0,0.0,0.0,0.0,0.0,0.0,78c80690450a4e8aba63e1f2ca27c207,scene-0632,42
0.0696,0.8747,2.0738,0.287,0.546,1.0098,0.0,0.0,0.0,0.0,0.0,0.0,0.0,0.0,0.0,ok,right,0.6721,0.8747,2.0738,0.7978,0.8014,1.1801,False,"[2.2846, 0.7833, -8.2899, 0.5875]","[-519.6792, -611.8028, -60110.7653, -118840.9597]","[4.4188, 4.0568, -1060108.0793, -1118838.2738]","[1.18, 0.978, 6.997, 3.984]","[[[1.6871, -0.1305], [5.6846, -1.1749], [8.5399, -1.0444], [11.1096, -1.9582], [14.2505, -3.1332], [16.2492, -4.5692]], [[1.6871, -0.1305], [5.6846, -1.1749], [8.5399, -1.0444], [11.1096, -1.9582], [13.3939, -2.4804], [13.6794, -1.5666]], [[1.6871, -0.1305], [5.6846, -1.1749], [8.5399, -1.0444], [11.1096, -1.9582], [17.6768, 16.5798], [15.9636, 16.5798]], [[1.6871, -0.1305], [5.6846, -1.1749], [8.5399, -1.0444], [11.1096, -1.9582], [9.3964, 16.5798], [14.8215, -1.1749]]]",2.4505,0.0,0.0,0.0,0.0,0.0,0.0,True,"[1, 1, 1]",0.0,0.0,0.0,0.9783,4.0,0.6721,0.8747,1.9317,0.7978,0.8014,0.9783,"[[1.687, -0.131], [5.685, -1.175], [8.54, -1.044], [11.11, -1.958], [14.25, -3.133], [16.249, -4.569]]",ok,6.9971,0.0,0.0,0.0,0.0,0.0,0.0,0.0,0.0,0.0,c402b98a1b4c4e868eb64a1cf05f4a50,scene-0632,42
0.2673,0.4517,2.8209,0.26,0.4887,1.1012,0.0,0.0,0.0,0.0,0.0,0.0,0.0,0.0,0.0,ok,right,0.2673,0.4517,2.8209,0.26,0.4887,1.1012,False,"[2.7415, 3.5248, 2.8068, -8.2899]","[-434.6066, -1593.6204, -7336.2393, -86568.605]","[2.309, -1001592.48, -1007335.0989, -1086567.4646]","[1.101, 1.729, 1.724, 9.535]","[[[1.6871, -0.1305], [3.9714, -0.5222], [5.399, -0.9138], [7.3977, -3.1332], [9.1109, -3.9165], [10.5386, -5.4831]], [[1.6871, -0.1305], [3.9714, -0.5222], [5.399, -0.9138], [7.3977, -3.1332], [9.9675, -3.1332], [14.8215, -7.0497]], [[1.6871, -0.1305], [3.9714, -0.5222], [5.399, -0.9138], [7.3977, -3.1332], [9.1109, 0.1305], [10.253, -5.6136]], [[1.6871, -0.1305], [3.9714, -0.5222], [5.399, -0.9138], [7.3977, -3.1332], [9.682, 16.5798], [31.3822, 16.5798]]]",3.4809,0.0,0.0,0.0,0.0,0.0,0.0,True,"[1, 1, 1]",0.0,0.0,0.0,1.1012,4.0,0.2673,0.4517,2.8209,0.26,0.4887,1.1012,"[[1.687, -0.131], [3.971, -0.522], [5.399, -0.914], [7.398, -3.133], [9.111, -3.916], [10.539, -5.483]]",ok,9.5354,0.0,0.0,0.0,0.0,0.0,0.0,0.0,0.0,0.0,c50c7d9402bb4d85b3095645d8aa258b,scene-0632,42
1.6141,2.1584,3.3975,1.2541,1.5809,1.954,0.0,0.0,0.0,0.0,0.0,0.0,0.0,0.0,0.0,ok,straight,1.6141,3.2926,2.5604,1.2541,2.2375,2.2522,False,"[-0.1305, -0.1958, -0.1958, -7.6372]","[-492.1343, -433.6048, -742.9621, -15410.7853]","[3.4427, 3.4316, -1000740.6974, -1015408.5206]","[2.252, 3.486, 2.572, 4.192]","[[[2.2582, 0.0], [4.5424, 0.0], [5.9701, -0.6527], [8.5399, 0.0], [12.5373, -0.1305], [14.536, -0.2611]], [[2.2582, 0.0], [4.5424, 0.0], [5.9701, -0.6527], [8.5399, 0.0], [10.253, 0.0], [9.3964, -0.3916]], [[2.2582, 0.0], [4.5424, 0.0], [5.9701, -0.6527], [8.5399, 0.0], [12.2517, 1.1749], [13.1083, 0.3916]], [[2.2582, 0.0], [4.5424, 0.0], [5.9701, -0.6527], [8.5399, 0.0], [14.536, -0.1305], [12.8228, -15.2743]]]",0.7643,0.0,0.0,0.0,0.0,0.0,0.0,True,"[1, 1, 1]",0.0,0.0,0.0,2.2522,4.0,1.6141,3.2926,2.5604,1.2541,2.2375,2.2522,"[[2.258, 0.0], [4.542, 0.0], [5.97, -0.653], [8.54, 0.0], [12.537, -0.131], [14.536, -0.261]]",ok,4.1925,0.0,0.0,0.0,0.0,0.0,0.0,0.0,0.0,0.0,13ade121714c46d6a028516ecb5bff60,scene-0632,42
1.0155,1.2627,0.9035,0.7771,1.0526,1.2007,0.0,0.0,0.0,0.0,0.0,0.0,0.0,0.0,0.0,ok,straight,1.0155,1.2627,2.8981,0.7771,1.0526,1.5331,False,"[-0.0653, -0.0653, -0.0653, -0.5222]","[-38.4002, -1001.0609, -1503.6407, -17841.4688]","[2.4289, -1000999.8949, -1001502.4747, -1017840.3028]","[1.533, 1.128, 2.128, 2.387]","[[[3.6858, 0.0], [7.3977, 0.0], [11.1096, -0.1305], [15.107, -0.1305], [18.2479, -0.1305], [21.3887, -0.1305]], [[3.6858, 0.0], [7.3977, 0.0], [11.1096, -0.1305], [15.107, -0.1305], [20.8176, -0.3916], [22.2453, -0.1305]], [[3.6858, 0.0], [7.3977, 0.0], [11.1096, -0.1305], [15.107, -0.1305], [20.5321, -0.7833], [32.2388, -0.1305]], [[3.6858, 0.0], [7.3977, 0.0], [11.1096, -0.1305], [15.107, -0.1305], [25.3861, -0.2611], [19.39, 1.0444]]]",0.4936,0.0,0.0,0.0,0.0,0.0,0.0,True,"[1, 1, 1]",0.0,0.0,0.0,1.1277,4.0,1.0155,1.2627,2.0423,0.7771,1.0526,1.1277,"[[3.686, 0.0], [7.398, 0.0], [11.11, -0.131], [15.107, -0.131], [18.248, -0.131], [21.389, -0.131]]",ok,2.3865,0.0,0.0,0.0,0.0,0.0,0.0,0.0,0.0,0.0,fe5b1b2e8aa2430e90c5c90825f9f1f2,scene-0633,42
1.0712,3.0755,2.8206,0.7841,1.6034,2.1294,0.0,0.0,0.0,0.0,0.0,0.0,0.0,0.0,0.0,ok,straight,1.0712,3.0755,3.9601,0.7841,1.6034,2.3193,False,"[-0.0653, -0.2611, -0.1958, -8.2899]","[-54.8118, -67.6287, -1161.8713, -910811.7221]","[4.3157, 4.26, -1001158.742, -1910808.5928]","[2.319, 2.105, 1.68, 11.906]","[[[3.6858, 0.0], [7.3977, 0.0], [11.1096, -0.1305], [14.2505, -0.1305], [18.2479, -0.1305], [22.2453, -0.1305]], [[3.6858, 0.0], [7.3977, 0.0], [11.1096, -0.1305], [14.2505, -0.1305], [18.2479, -0.1305], [23.6729, 0.5222]], [[3.6858, 0.0], [7.3977, 0.0], [11.1096, -0.1305], [14.2505, -0.1305], [20.5321, 0.3916], [23.9585, -0.3916]], [[3.6858, 0.0], [7.3977, 0.0], [11.1096, -0.1305], [14.2505, -0.1305], [69.6432, -0.2611], [23.3874, 16.5798]]]",4.2806,0.0,0.0,0.0,0.0,0.0,0.0,True,"[1, 1, 1]",0.0,0.0,0.0,1.6799,4.0,1.0712,3.0755,2.2409,0.7841,1.6034,1.6799,"[[3.686, 0.0], [7.398, 0.0], [11.11, -0.131], [14.25, -0.131], [18.248, -0.131], [22.245, -0.131]]",ok,11.906,0.0,0.0,0.0,0.0,0.0,0.0,0.0,0.0,0.0,d42e413c7c4d4fbdba460be4f8d01da1,scene-0633,42
0.388,0.8804,0.1833,0.2882,0.4498,0.3832,0.0,0.0,0.0,0.0,0.0,0.0,0.0,0.0,0.0,ok,straight,0.388,0.8804,0.1833,0.2882,0.4498,0.3832,False,"[-0.1305, -0.3264, -0.0653, -0.0]","[-77.1081, -44.9719, -886.166, -940863.0528]","[4.1854, 2.5819, -1000882.5587, -1940859.4454]","[0.383, 1.054, 1.085, 9.183]","[[[3.6858, 0.0], [7.3977, 0.0], [11.1096, -0.1305], [14.2505, -0.1305], [18.2479, -0.1305], [21.6742, -0.2611]], [[3.6858, 0.0], [7.3977, 0.0], [11.1096, -0.1305], [14.2505, -0.1305], [16.8202, 0.5222], [19.39, 0.6527]], [[3.6858, 0.0], [7.3977, 0.0], [11.1096, -0.1305], [14.2505, -0.1305], [17.3913, 0.0], [25.3861, -0.1305]], [[3.6858, 0.0], [7.3977, 0.0], [11.1096, -0.1305], [14.2505, -0.1305], [69.6432, -0.2611], [19.6755, 0.0]]]",3.6231,0.0,0.0,0.0,0.0,0.0,0.0,True,"[1, 1, 1]",0.0,0.0,0.0,0.3832,4.0,0.388,0.8804,0.1833,0.2882,0.4498,0.3832,"[[3.686, 0.0], [7.398, 0.0], [11.11, -0.131], [14.25, -0.131], [18.248, -0.131], [21.674, -0.261]]",ok,9.1829,0.0,0.0,0.0,0.0,0.0,0.0,0.0,0.0,0.0,5b360c6fe72d497185ef502483f1ac68,scene-0633,42
0.7313,1.0529,0.3928,0.5567,0.8606,0.8974,0.0,0.0,0.0,0.0,0.0,0.0,0.0,0.0,0.0,ok,straight,0.7313,1.0529,0.3928,0.5567,0.7896,0.8501,True,"[-0.0, -0.1305, -0.3916, -0.1305]","[-136.0172, -8328.4717, -22180.1704, -89578.3503]","[4.9158, -1008325.5516, -1022177.2503, -1089575.4302]","[0.85, 2.705, 2.253, 4.122]","[[[2.2582, 0.0], [4.5424, 0.0], [6.8267, 0.0], [9.1109, 0.0], [10.5386, 0.0], [13.6794, 0.0]], [[2.2582, 0.0], [4.5424, 0.0], [6.8267, 0.0], [9.1109, 0.0], [11.9662, 1.3055], [1.9727, -0.2611]], [[2.2582, 0.0], [4.5424, 0.0], [6.8267, 0.0], [9.1109, 0.0], [2.8293, 0.0], [13.3939, 0.7833]], [[2.2582, 0.0], [4.5424, 0.0], [6.8267, 0.0], [9.1109, 0.0], [10.8241, 16.5798], [8.8254, 0.2611]]]",1.1679,0.0,0.0,0.0,0.0,0.0,0.0,True,"[1, 1, 1]",0.0,0.0,0.0,0.8501,4.0,0.7313,1.0529,0.3928,0.5567,0.7896,0.8501,"[[2.258, 0.0], [4.542, 0.0], [6.827, 0.0], [9.111, 0.0], [10.539, 0.0], [13.679, 0.0]]",ok,4.1222,0.0,0.0,0.0,0.0,0.0,0.0,0.0,0.0,0.0,1da9c46177344f4f9ebd3d15d199b785,scene-0633,42
4.8919,9.839,12.9145,3.6623,6.1455,8.1745,0.0,0.0,0.0,0.0,0.0,0.0,0.0,0.0,0.0,ok,straight,4.8919,9.839,12.9145,3.6623,6.0741,8.0793,True,"[-0.0653, -0.1958, -2.2193, -0.0653]","[-97.9188, -1111.9275, -5906.492, -6813.7997]","[5.0106, -1001108.7009, -1005903.2654, -1006810.5731]","[8.079, 7.478, 8.803, 8.46]","[[[2.8293, 0.0], [5.399, 0.0], [7.6833, 0.0], [10.5386, 0.0], [12.5373, 0.0], [15.3926, -0.1305]], [[2.8293, 0.0], [5.399, 0.0], [7.6833, 0.0], [10.5386, 0.0], [12.8228, 1.436], [11.3952, -0.3916]], [[2.8293, 0.0], [5.399, 0.0], [7.6833, 0.0], [10.5386, 0.0], [13.3939, 2.7415], [17.9623, -4.4387]], [[2.8293, 0.0], [5.399, 0.0], [7.6833, 0.0], [10.5386, 0.0], [17.1058, -0.1305], [13.1083, 0.1305]]]",0.4919,0.0,0.0,0.0,0.0,0.0,0.0,True,"[1, 1, 1]",0.0,0.0,0.0,7.4778,4.0,4.8919,9.839,8.9216,3.6623,6.0741,7.4778,"[[2.829, 0.0], [5.399, 0.0], [7.683, 0.0], [10.539, 0.0], [12.537, 0.0], [15.393, -0.131]]",ok,8.8033,0.0,0.0,0.0,0.0,0.0,0.0,0.0,0.0,0.0,3bb017b691c34f8f89985c0c2220ccec,scene-0634,42
2.3706,7.9168,15.9661,1.6823,3.93,7.1259,0.0,0.0,0.0,0.0,0.0,0.0,0.0,0.0,0.0,ok,left,2.3706,6.9646,15.9661,1.6823,3.6044,6.9088,True,"[-3.5248, -5.3525, -8.2899, 8.2899]","[-406.1655, -794.5371, -5162.6241, -86829.1665]","[1.7209, -1000793.2323, -1005161.3193, -1086827.8617]","[6.909, 7.594, 8.45, 7.682]","[[[1.6871, -0.1305], [3.6858, -0.7833], [6.2556, -1.5666], [7.1122, -2.3499], [9.1109, -4.5692], [9.9675, -7.0497]], [[1.6871, -0.1305], [3.6858, -0.7833], [6.2556, -1.5666], [7.1122, -2.3499], [10.5386, -5.6136], [15.3926, -10.7051]], [[1.6871, -0.1305], [3.6858, -0.7833], [6.2556, -1.5666], [7.1122, -2.3499], [9.3964, -4.5692], [16.5347, -16.5798]], [[1.6871, -0.1305], [3.6858, -0.7833], [6.2556, -1.5666], [7.1122, -2.3499], [7.6833, 16.5798], [32.2388, 16.5798]]]",0.546,0.0,0.0,0.0,0.0,0.0,0.0,True,"[1, 1, 1]",0.0,0.0,0.0,6.9088,4.0,2.3706,6.9646,15.9661,1.6823,3.6044,6.9088,"[[1.687, -0.131], [3.686, -0.783], [6.256, -1.567], [7.112, -2.35], [9.111, -4.569], [9.968, -7.05]]",ok,8.4495,0.0,0.0,0.0,0.0,0.0,0.0,0.0,0.0,0.0,93ca32c6f20745cd9d6010c66a2721c8,scene-0634,42
1.403,2.9044,3.7673,0.9405,1.6715,2.3617,0.0,0.0,0.0,0.0,0.0,0.0,0.0,0.0,0.0,ok,straight,1.403,2.9044,3.7673,0.9405,1.6715,2.3617,False,"[-0.1305, -0.0, -0.0653, -0.5875]","[-42.819, -2102.6474, -4934.3678, -7190.6508]","[3.2846, -1002100.9422, -1004932.6625, -1007188.9456]","[2.362, 3.171, 3.599, 3.283]","[[[3.1148, 0.0], [6.5412, -0.1305], [9.3964, -0.1305], [12.5373, -0.2611], [15.3926, -0.2611], [17.3913, -0.2611]], [[3.1148, 0.0], [6.5412, -0.1305], [9.3964, -0.1305], [12.5373, -0.2611], [14.536, 0.1305], [23.1019, 0.0]], [[3.1148, 0.0], [6.5412, -0.1305], [9.3964, -0.1305], [12.5373, -0.2611], [20.2466, -0.3916], [19.9611, -0.1305]], [[3.1148, 0.0], [6.5412, -0.1305], [9.3964, -0.1305], [12.5373, -0.2611], [13.1083, -0.5222], [25.1006, -1.1749]]]",0.4562,0.0,0.0,0.0,0.0,0.0,0.0,True,"[1, 1, 1]",0.0,0.0,0.0,2.3617,4.0,1.403,2.9044,3.7673,0.9405,1.6715,2.3617,"[[3.115, 0.0], [6.541, -0.131], [9.396, -0.131], [12.537, -0.261], [15.393, -0.261], [17.391, -0.261]]",ok,3.5988,0.0,0.0,0.0,0.0,0.0,0.0,0.0,0.0,0.0,098415a9e8b7401a8f30c1425ad612eb,scene-0634,42
5.265,10.158,15.7502,3.8919,6.4681,9.1553,0.0,0.0,0.0,0.0,0.0,0.0,0.0,0.0,0.0,ok,straight,4.4074,11.0146,15.7502,3.0349,6.0396,8.8696,True,"[-0.1305, -0.2611, -0.6527, -0.0653]","[-237.8309, -3590.6855, -4354.0881, -901082.6878]","[4.7776, -1003587.1361, -1004350.5387, -1901079.1384]","[8.87, 10.394, 9.084, 17.15]","[[[2.8293, 0.0], [6.5412, 0.0], [10.253, -0.1305], [15.107, -0.1305], [18.2479, -0.2611], [21.3887, -0.2611]], [[2.8293, 0.0], [6.5412, 0.0], [10.253, -0.1305], [15.107, -0.1305], [23.6729, -0.6527], [25.1006, -0.5222]], [[2.8293, 0.0], [6.5412, 0.0], [10.253, -0.1305], [15.107, -0.1305], [16.8202, -3.1332], [23.6729, -1.3055]], [[2.8293, 0.0], [6.5412, 0.0], [10.253, -0.1305], [15.107, -0.1305], [69.6432, -0.3916], [19.6755, -0.1305]]]",3.385,0.0,0.0,0.0,0.0,0.0,0.0,True,"[1, 1, 1]",0.0,0.0,0.0,8.8696,4.0,4.4074,11.0146,15.7502,3.0349,6.0396,8.8696,"[[2.829, 0.0], [6.541, 0.0], [10.253, -0.131], [15.107, -0.131], [18.248, -0.261], [21.389, -0.261]]",ok,17.1497,0.0,0.0,0.0,0.0,0.0,0.0,0.0,0.0,0.0,1794b5423be84d798ff953fff8307998,scene-0634,42
6.8899,13.5552,20.9975,5.1302,8.4297,11.9998,0.0,0.0,0.0,0.0,0.0,0.0,0.0,0.0,0.0,ok,straight,6.3179,13.5552,20.141,4.7015,8.2153,11.7142,True,"[-0.1305, -0.1305, -0.9138, -0.1305]","[-20.6916, -505.0979, -1150.9011, -912114.3353]","[4.3838, 4.3826, -1001147.6734, -1912111.1076]","[11.714, 12.477, 11.35, 20.423]","[[[3.4003, 0.0], [6.8267, 0.0], [10.5386, -0.1305], [14.2505, -0.1305], [17.9623, -0.2611], [20.8176, -0.2611]], [[3.4003, 0.0], [6.8267, 0.0], [10.5386, -0.1305], [14.2505, -0.1305], [19.9611, -0.6527], [23.3874, -0.2611]], [[3.4003, 0.0], [6.8267, 0.0], [10.5386, -0.1305], [14.2505, -0.1305], [18.5334, -0.1305], [17.9623, 1.8277]], [[3.4003, 0.0], [6.8267, 0.0], [10.5386, -0.1305], [14.2505, -0.1305], [69.6432, -0.3916], [21.3887, -0.2611]]]",3.7356,0.0,0.0,0.0,0.0,0.0,0.0,True,"[1, 1, 1]",0.0,0.0,0.0,11.3496,4.0,6.3179,13.5552,17.3839,4.7015,8.2153,11.3496,"[[3.4, 0.0], [6.827, 0.0], [10.539, -0.131], [14.25, -0.131], [17.962, -0.261], [20.818, -0.261]]",ok,20.4227,0.0,0.0,0.0,0.0,0.0,0.0,0.0,0.0,0.0,43f05ac397484672b9bdf86dcc0b0289,scene-0635,42
6.5424,12.8254,19.9627,4.8286,7.97,11.3494,0.0,0.0,0.0,0.0,0.0,0.0,0.0,0.0,0.0,ok,straight,6.5424,12.8254,19.9648,4.8286,8.1127,11.4449,False,"[-0.1958, -0.718, -0.0653, -0.3916]","[-34.7796, -32.4766, -3794.6718, -12829.6868]","[3.0482, 0.9248, -1003793.0124, -1012828.0274]","[11.445, 10.978, 12.017, 12.451]","[[[3.1148, 0.0], [6.5412, -0.1305], [9.9675, -0.1305], [12.8228, -0.2611], [16.2492, -0.3916], [19.9611, -0.3916]], [[3.1148, 0.0], [6.5412, -0.1305], [9.9675, -0.1305], [12.8228, -0.2611], [15.3926, -0.3916], [17.9623, -1.436]], [[3.1148, 0.0], [6.5412, -0.1305], [9.9675, -0.1305], [12.8228, -0.2611], [14.536, -0.6527], [25.1006, -0.1305]], [[3.1148, 0.0], [6.5412, -0.1305], [9.9675, -0.1305], [12.8228, -0.2611], [22.5308, -1.1749], [19.6755, -0.7833]]]",0.5586,0.0,0.0,0.0,0.0,0.0,0.0,True,"[1, 1, 1]",0.0,0.0,0.0,10.978,4.0,6.5424,12.8254,18.0193,4.8286,8.1127,10.978,"[[3.115, 0.0], [6.541, -0.131], [9.968, -0.131], [12.823, -0.261], [16.249, -0.392], [19.961, -0.392]]",ok,12.4505,0.0,0.0,0.0,0.0,0.0,0.0,0.0,0.0,0.0,e2da4cb3c76f4b9dacf9e63f6d10a254,scene-0635,42
6.5424,12.5379,18.2497,4.8286,7.8981,11.0156,0.0,0.0,0.0,0.0,0.0,0.0,0.0,0.0,0.0,ok,straight,6.5424,12.2524,20.5325,4.8286,7.7554,11.2098,False,"[-0.0653, -0.1305, -0.3916, -0.0653]","[-233.7042, -226.2674, -146.5721, -1064.0212]","[2.9086, 2.4434, 0.7158, -1001062.331]","[11.21, 10.92, 10.019, 10.492]","[[[3.1148, 0.0], [6.5412, -0.1305], [9.1109, -0.1305], [12.2517, -0.1305], [15.6781, -0.9138], [20.5321, -0.1305]], [[3.1148, 0.0], [6.5412, -0.1305], [9.1109, -0.1305], [12.2517, -0.1305], [16.2492, -0.2611], [18.2479, -0.2611]], [[3.1148, 0.0], [6.5412, -0.1305], [9.1109, -0.1305], [12.2517, -0.1305], [13.9649, -0.2611], [15.107, -0.7833]], [[3.1148, 0.0], [6.5412, -0.1305], [9.1109, -0.1305], [12.2517, -0.1305], [13.3939, -0.1305], [18.5334, -0.1305]]]",0.4497,0.0,0.0,0.0,0.0,0.0,0.0,True,"[1, 1, 1]",0.0,0.0,0.0,10.0194,4.0,6.5424,12.2524,15.1273,4.8286,7.7554,10.0194,"[[3.115, 0.0], [6.541, -0.131], [9.111, -0.131], [12.252, -0.131], [15.678, -0.914], [20.532, -0.131]]",ok,11.2098,0.0,0.0,0.0,0.0,0.0,0.0,0.0,0.0,0.0,58470b43cd034f61b9aa7e1b5ce78221,scene-0635,42
5.9715,12.2524,18.2483,4.5432,7.6126,10.4917,0.0,0.0,0.0,0.0,0.0,0.0,0.0,0.0,0.0,ok,straight,5.9715,13.6794,22.2457,4.5432,7.9701,12.1594,False,"[-0.0653, -0.3264, -0.0653, -0.1958]","[-307.4576, -1217.8124, -1893.8875, -25089.6625]","[4.4481, -1001214.9254, -1001891.0006, -1025086.7755]","[12.159, 10.828, 10.73, 9.398]","[[[3.1148, 0.0], [5.9701, -0.1305], [9.1109, -0.2611], [13.6794, 0.0], [18.8189, -0.6527], [22.2453, 0.1305]], [[3.1148, 0.0], [5.9701, -0.1305], [9.1109, -0.2611], [13.6794, 0.0], [14.8215, -0.3916], [18.2479, -0.6527]], [[3.1148, 0.0], [5.9701, -0.1305], [9.1109, -0.2611], [13.6794, 0.0], [14.2505, -0.1305], [18.2479, -0.1305]], [[3.1148, 0.0], [5.9701, -0.1305], [9.1109, -0.2611], [13.6794, 0.0], [7.3977, -0.1305], [17.1058, -0.3916]]]",0.9768,0.0,0.0,0.0,0.0,0.0,0.0,True,"[1, 1, 1]",0.0,0.0,0.0,9.3982,4.0,5.9715,13.6794,17.1102,4.5432,7.9701,9.3982,"[[3.115, 0.0], [5.97, -0.131], [9.111, -0.261], [13.679, 0.0], [18.819, -0.653], [22.245, 0.131]]",ok,12.1594,0.0,0.0,0.0,0.0,0.0,0.0,0.0,0.0,0.0,4ef7c8c891a84b9eb030f12e1c07830f,scene-0635,42
0.5855,1.471,1.6189,0.5387,0.9804,1.1714,0.0,0.0,0.0,0.0,0.0,0.0,0.0,0.0,0.0,ok,straight,0.5855,3.7583,1.6252,0.5387,1.553,1.6017,False,"[-0.0653, -0.0653, -0.1958, -4.2429]","[-1645.0126, -2243.8012, -8349.2596, -22876.4347]","[-1001641.9912, -1002240.7798, -1008346.2382, -1022873.4133]","[1.602, 1.887, 2.092, 4.591]","[[[3.1148, 0.0], [6.5412, 0.0], [9.1109, 0.0], [9.9675, 0.0], [15.107, -0.1305], [18.2479, -0.1305]], [[3.1148, 0.0], [6.5412, 0.0], [9.1109, 0.0], [9.9675, 0.0], [15.107, -0.1305], [16.5347, -0.1305]], [[3.1148, 0.0], [6.5412, 0.0], [9.1109, 0.0], [9.9675, 0.0], [19.6755, -0.5222], [23.3874, -0.3916]], [[3.1148, 0.0], [6.5412, 0.0], [9.1109, 0.0], [9.9675, 0.0], [4.828, 1.0444], [15.6781, -8.4857]]]",1.1953,0.0,0.0,0.0,0.0,0.0,0.0,False,"[1, 1, 1]",0.0,0.0,0.0,1.6017,4.0,0.5855,3.7583,1.6252,0.5387,1.553,1.6017,"[[3.115, 0.0], [6.541, 0.0], [9.111, 0.0], [9.968, 0.0], [15.107, -0.131], [18.248, -0.131]]",ok,4.591,0.0,0.0,0.0,0.0,0.0,0.0,0.0,0.0,0.0,3ac231a1ef4c481c9c15921cafa87307,scene-0636,42
1.2437,3.2866,7.1447,0.8401,1.6849,3.2071,0.0,0.0,0.0,0.0,0.0,0.0,0.0,0.0,0.0,ok,straight,1.2437,3.2866,6.5738,0.8401,1.7562,3.1595,True,"[-0.1305, -0.9791, -0.3916, -0.0653]","[-64.4591, -397.2998, -1931.1989, -60367.984]","[3.241, -1000395.3886, -1001929.2878, -1060366.0728]","[3.159, 4.564, 4.123, 3.848]","[[[2.2582, 0.0], [4.5424, 0.0], [6.5412, -0.1305], [8.5399, -0.1305], [11.1096, -0.2611], [12.5373, -0.2611]], [[2.2582, 0.0], [4.5424, 0.0], [6.5412, -0.1305], [8.5399, -0.1305], [12.2517, -0.6527], [19.6755, -1.9582]], [[2.2582, 0.0], [4.5424, 0.0], [6.5412, -0.1305], [8.5399, -0.1305], [10.5386, 0.6527], [18.8189, -0.7833]], [[2.2582, 0.0], [4.5424, 0.0], [6.5412, -0.1305], [8.5399, -0.1305], [-2.8813, 0.0], [13.3939, -0.1305]]]",0.5097,0.0,0.0,0.0,0.0,0.0,0.0,True,"[1, 1, 1]",0.0,0.0,0.0,3.1595,4.0,1.2437,3.2866,6.5738,0.8401,1.7562,3.1595,"[[2.258, 0.0], [4.542, 0.0], [6.541, -0.131], [8.54, -0.131], [11.11, -0.261], [12.537, -0.261]]",ok,4.5637,0.0,0.0,0.0,0.0,0.0,0.0,0.0,0.0,0.0,a49f9ebfee6044589286b7f8e279ac18,scene-0636,42
2.6585,5.1715,6.5289,1.8328,3.0103,4.0977,0.0,0.0,1.0,0.0,0.0,1.0,0.0,0.0,0.3333333333333333,ok,right,2.6585,6.0023,6.5289,1.8328,3.4314,4.3784,False,"[0.0653, 0.4569, -8.2899, 3.1332]","[-235.6051, -29414.0497, -68757.1404, -123637.3524]","[4.2219, -1029411.3089, -1068754.3996, -1123634.6117]","[4.378, 4.001, 9.581, 6.342]","[[[2.2582, 0.0], [5.1135, -0.1305], [7.6833, -0.1305], [10.8241, -0.2611], [11.9662, -0.1305], [13.1083, -0.1305]], [[2.2582, 0.0], [5.1135, -0.1305], [7.6833, -0.1305], [10.8241, -0.2611], [3.1148, -0.1305], [13.6794, -0.9138]], [[2.2582, 0.0], [5.1135, -0.1305], [7.6833, -0.1305], [10.8241, -0.2611], [7.1122, 16.5798], [22.8163, 16.5798]], [[2.2582, 0.0], [5.1135, -0.1305], [7.6833, -0.1305], [10.8241, -0.2611], [14.8215, 16.5798], [10.253, -6.2664]]]",2.2105,0.0,0.0,1.0,0.0,0.0,1.0,True,"[1, 1, 1]",0.0,0.0,0.3333333333333333,4.0007,4.0,2.6585,6.0023,6.6881,1.8328,3.4314,4.0007,"[[2.258, 0.0], [5.113, -0.131], [7.683, -0.131], [10.824, -0.261], [11.966, -0.131], [13.108, -0.131]]",ok,9.5811,0.0,1.0,0.0,0.0,1.0,1.0,0.0,0.25,0.3333333333333333,60f69450e83440ca822610054f48e17e,scene-0636,42
0.4758,0.1952,0.4109,0.4121,0.2936,0.3668,0.0,0.0,0.0,0.0,0.0,0.0,0.0,0.0,0.0,ok,straight,0.771,0.1952,1.3038,0.9874,0.5812,0.7074,False,"[-0.0653, -0.4569, -1.3708, -0.2611]","[-65.2631, -154.4564, -2882.952, -5732.2223]","[4.4787, 3.6572, -1002880.3403, -1005729.6106]","[0.707, 1.178, 1.224, 1.53]","[[[5.1135, -0.1305], [8.8254, 0.0], [12.5373, -0.1305], [16.8202, -0.1305], [20.8176, -0.1305], [24.5295, -0.1305]], [[5.1135, -0.1305], [8.8254, 0.0], [12.5373, -0.1305], [16.8202, -0.1305], [22.2453, 0.1305], [29.3835, -0.9138]], [[5.1135, -0.1305], [8.8254, 0.0], [12.5373, -0.1305], [16.8202, -0.1305], [23.6729, 0.1305], [24.244, -2.7415]], [[5.1135, -0.1305], [8.8254, 0.0], [12.5373, -0.1305], [16.8202, -0.1305], [24.244, 0.5222], [21.9598, -0.5222]]]",0.2943,0.0,0.0,0.0,0.0,0.0,0.0,True,"[1, 1, 1]",0.0,0.0,0.0,0.7074,4.0,0.771,0.1952,1.3038,0.9874,0.5812,0.7074,"[[5.113, -0.131], [8.825, 0.0], [12.537, -0.131], [16.82, -0.131], [20.818, -0.131], [24.53, -0.131]]",ok,1.5302,0.0,0.0,0.0,0.0,0.0,0.0,0.0,0.0,0.0,fb6bf332e9484f7380161edeeee03af9,scene-0636,42
3.2666,5.2191,8.8432,2.108,3.5601,5.1577,0.0,0.0,0.0,0.0,0.0,0.0,0.0,0.0,0.0,ok,straight,3.2666,7.7897,8.2722,2.108,4.3456,5.6337,False,"[-0.1305, -1.3708, -0.1958, -0.3916]","[-397.2572, -2339.6743, -8822.8541, -530518.1028]","[4.6643, -1002336.3869, -1008819.5668, -1530514.8154]","[5.634, 5.05, 6.872, 9.016]","[[[3.1148, 0.0], [4.828, 0.0], [6.8267, 0.0], [8.5399, 0.0], [12.8228, -0.1305], [16.8202, -0.2611]], [[3.1148, 0.0], [4.828, 0.0], [6.8267, 0.0], [8.5399, 0.0], [15.107, -0.2611], [18.5334, -2.7415]], [[3.1148, 0.0], [4.828, 0.0], [6.8267, 0.0], [8.5399, 0.0], [6.2556, 0.0], [15.9636, -0.3916]], [[3.1148, 0.0], [4.828, 0.0], [6.8267, 0.0], [8.5399, 0.0], [52.797, -0.6527], [20.2466, -0.7833]]]",1.5201,0.0,0.0,0.0,0.0,0.0,0.0,True,"[1, 1, 1]",0.0,0.0,0.0,5.0497,4.0,3.2666,7.7897,7.0508,2.108,4.3456,5.0497,"[[3.115, 0.0], [4.828, 0.0], [6.827, 0.0], [8.54, 0.0], [12.823, -0.131], [16.82, -0.261]]",ok,9.0165,0.0,0.0,0.0,0.0,0.0,0.0,0.0,0.0,0.0,8b77b8e2cbf144bea91f4c1856b05a7c,scene-0637,42
1.8941,4.2414,5.9669,1.5067,2.5694,3.5827,0.0,0.0,0.0,0.0,0.0,0.0,0.0,0.0,0.0,ok,straight,1.8941,4.2414,7.1089,1.5067,2.498,3.7254,False,"[-0.1305, -0.1958, -0.0653, -0.3264]","[-67.2179, -31.8121, -1638.6892, -7995.268]","[4.7495, 4.0842, -1001635.169, -1007991.7479]","[3.725, 4.061, 3.394, 3.395]","[[[3.1148, 0.0], [6.5412, 0.0], [9.9675, -0.1305], [12.8228, -0.1305], [16.2492, -0.1305], [18.8189, -0.2611]], [[3.1148, 0.0], [6.5412, 0.0], [9.9675, -0.1305], [12.8228, -0.1305], [15.3926, -0.5222], [17.6768, -0.3916]], [[3.1148, 0.0], [6.5412, 0.0], [9.9675, -0.1305], [12.8228, -0.1305], [18.2479, -0.3916], [18.8189, -0.1305]], [[3.1148, 0.0], [6.5412, 0.0], [9.9675, -0.1305], [12.8228, -0.1305], [20.2466, -0.1305], [16.8202, -0.6527]]]",0.2763,0.0,0.0,0.0,0.0,0.0,0.0,True,"[1, 1, 1]",0.0,0.0,0.0,3.3938,4.0,1.8941,4.2414,7.1079,1.5067,2.498,3.3938,"[[3.115, 0.0], [6.541, 0.0], [9.968, -0.131], [12.823, -0.131], [16.249, -0.131], [18.819, -0.261]]",ok,4.061,0.0,0.0,0.0,0.0,0.0,0.0,0.0,0.0,0.0,e5313f353c1340288bc407c3f52f5226,scene-0637,42
0.5435,1.3129,0.9762,0.3707,0.78,1.2576,0.0,0.0,0.0,0.0,0.0,0.0,0.0,0.0,0.0,ok,straight,0.5435,1.0363,0.9762,0.3707,0.5751,0.9783,True,"[-0.1305, -3.329, -0.1305, -1.3055]","[-492.6625, -2242.1309, -2632.6579, -3826.1525]","[-1000488.9681, -1002238.4366, -1002628.9635, -1003822.4581]","[0.978, 1.594, 1.263, 1.434]","[[[4.2569, 0.0], [8.5399, 0.0], [13.1083, -0.2611], [17.1058, 0.0], [19.9611, -0.1305], [25.9572, -0.2611]], [[4.2569, 0.0], [8.5399, 0.0], [13.1083, -0.2611], [17.1058, 0.0], [21.9598, 0.1305], [25.6716, -6.658]], [[4.2569, 0.0], [8.5399, 0.0], [13.1083, -0.2611], [17.1058, 0.0], [23.1019, -0.3916], [22.2453, -0.2611]], [[4.2569, 0.0], [8.5399, 0.0], [13.1083, -0.2611], [17.1058, 0.0], [22.5308, -1.9582], [23.3874, 2.611]]]",0.228,0.0,0.0,0.0,0.0,0.0,0.0,False,"[1, 1, 1]",0.0,0.0,0.0,0.9783,4.0,0.5435,1.0363,0.9762,0.3707,0.5751,0.9783,"[[4.257, 0.0], [8.54, 0.0], [13.108, -0.261], [17.106, 0.0], [19.961, -0.131], [25.957, -0.261]]",ok,1.5939,0.0,0.0,0.0,0.0,0.0,0.0,0.0,0.0,0.0,3cc7d2152d6042708f0935f99552e0d8,scene-0637,42
0.0606,1.8567,5.608,0.1067,1.033,2.1492,0.0,0.0,0.0,0.0,0.0,0.0,0.0,0.0,0.0,ok,straight,0.0606,1.5712,5.608,0.1067,0.6054,1.8641,True,"[-0.0653, -0.0653, -0.0653, -0.0653]","[-5.7892, -236.8436, -5068.8809, -12936.7422]","[3.1842, -1000234.5288, -1005066.5661, -1012934.4274]","[1.864, 2.721, 1.661, 3.102]","[[[3.6858, 0.0], [7.3977, 0.0], [11.1096, 0.0], [14.8215, -0.1305], [18.8189, -0.1305], [23.3874, -0.1305]], [[3.6858, 0.0], [7.3977, 0.0], [11.1096, 0.0], [14.8215, -0.1305], [19.6755, -0.1305], [27.6704, -0.1305]], [[3.6858, 0.0], [7.3977, 0.0], [11.1096, 0.0], [14.8215, -0.1305], [19.6755, 0.0], [14.2505, -0.1305]], [[3.6858, 0.0], [7.3977, 0.0], [11.1096, 0.0], [14.8215, -0.1305], [25.6716, 0.1305], [23.9585, -0.1305]]]",0.5944,0.0,0.0,0.0,0.0,0.0,0.0,True,"[1, 1, 1]",0.0,0.0,0.0,1.6607,4.0,0.0606,1.5712,3.5291,0.1067,0.6054,1.6607,"[[3.686, 0.0], [7.398, 0.0], [11.11, 0.0], [14.822, -0.131], [18.819, -0.131], [23.387, -0.131]]",ok,3.1019,0.0,0.0,0.0,0.0,0.0,0.0,0.0,0.0,0.0,cc92df0799e44da89bfb8d8434f954ed,scene-0637,42
1.5912,3.6058,4.5175,1.3346,2.2329,3.0798,0.0,0.0,0.0,0.0,0.0,0.0,0.0,0.0,0.0,ok,straight,1.5912,3.6058,4.5175,1.3346,2.2329,3.0322,True,"[-0.0, -0.1958, -0.9791, -0.3264]","[-101.9603, -3210.4063, -3952.1572, -1145638.3708]","[4.8811, -1003207.1287, -1003948.8797, -2145635.0932]","[3.032, 3.236, 4.263, 13.778]","[[[2.8293, 0.0], [5.1135, 0.0], [7.6833, 0.0], [9.9675, 0.0], [12.8228, 0.0], [14.2505, 0.0]], [[2.8293, 0.0], [5.1135, 0.0], [7.6833, 0.0], [9.9675, 0.0], [10.253, 0.5222], [17.9623, -0.3916]], [[2.8293, 0.0], [5.1135, 0.0], [7.6833, 0.0], [9.9675, 0.0], [16.8202, 0.2611], [17.3913, -1.9582]], [[2.8293, 0.0], [5.1135, 0.0], [7.6833, 0.0], [9.9675, 0.0], [69.6432, 16.5798], [19.6755, 0.6527]]]",4.4702,0.0,0.0,0.0,0.0,0.0,0.0,True,"[1, 1, 1]",0.0,0.0,0.0,3.0322,4.0,1.5912,3.6058,4.5175,1.3346,2.2329,3.0322,"[[2.829, 0.0], [5.113, 0.0], [7.683, 0.0], [9.968, 0.0], [12.823, 0.0], [14.25, 0.0]]",ok,13.7776,0.0,0.0,0.0,0.0,0.0,0.0,0.0,0.0,0.0,ccd7c315063047ddb231fceb7ceff64b,scene-0638,42
1.2003,5.1021,10.291,0.7445,2.2181,4.5216,0.0,0.0,0.0,0.0,0.0,0.0,0.0,0.0,0.0,ok,left,1.3507,5.1021,11.2048,0.9151,2.3033,4.6018,False,"[-2.7415, -3.329, -3.0026, 0.3916]","[-727.0007, -1722.5726, -4033.6354, -9451.2922]","[0.9909, -1001722.1637, -1004033.2265, -1009450.8833]","[4.602, 5.144, 4.543, 3.013]","[[[2.2582, -0.2611], [4.5424, -0.5222], [5.9701, -0.9138], [8.5399, -2.4804], [9.1109, -3.1332], [11.1096, -5.4831]], [[2.2582, -0.2611], [4.5424, -0.5222], [5.9701, -0.9138], [8.5399, -2.4804], [13.1083, -4.4387], [12.2517, -6.658]], [[2.2582, -0.2611], [4.5424, -0.5222], [5.9701, -0.9138], [8.5399, -2.4804], [12.8228, -0.9138], [13.9649, -6.0053]], [[2.2582, -0.2611], [4.5424, -0.5222], [5.9701, -0.9138], [8.5399, -2.4804], [6.8267, 3.0026], [7.6833, 0.7833]]]",0.793,0.0,0.0,0.0,0.0,0.0,0.0,True,"[1, 1, 1]",0.0,0.0,0.0,3.0134,4.0,1.3507,5.1021,5.9795,0.9151,2.3033,3.0134,"[[2.258, -0.261], [4.542, -0.522], [5.97, -0.914], [8.54, -2.48], [9.111, -3.133], [11.11, -5.483]]",ok,5.1442,0.0,0.0,0.0,0.0,0.0,0.0,0.0,0.0,0.0,c2883c7af8154962817ba909773d6e05,scene-0638,42
1.9899,2.6089,4.5484,1.5879,2.2653,2.9705,0.0,0.0,0.0,0.0,0.0,0.0,0.0,0.0,0.0,ok,straight,1.9899,2.6089,2.6718,1.5879,2.0519,2.5119,True,"[-0.0, -1.5013, -0.9138, -0.0]","[-464.7339, -608.9849, -5236.1471, -708536.6306]","[-1000461.6511, -1000605.9021, -1005233.0644, -1708533.5479]","[2.512, 2.238, 3.051, 11.852]","[[[4.2569, 0.0], [8.5399, 0.0], [12.5373, 0.0], [16.8202, 0.1305], [22.2453, 0.1305], [24.5295, 0.0]], [[4.2569, 0.0], [8.5399, 0.0], [12.5373, 0.0], [16.8202, 0.1305], [19.1045, 0.1305], [18.5334, 3.0026]], [[4.2569, 0.0], [8.5399, 0.0], [12.5373, 0.0], [16.8202, 0.1305], [21.3887, 0.0], [15.3926, 1.8277]], [[4.2569, 0.0], [8.5399, 0.0], [12.5373, 0.0], [16.8202, 0.1305], [69.6432, 0.0], [33.381, 0.0]]]",4.0168,0.0,0.0,0.0,0.0,0.0,0.0,False,"[1, 1, 1]",0.0,0.0,0.0,2.2379,4.0,1.9899,2.6089,4.0418,1.5879,2.0519,2.2379,"[[4.257, 0.0], [8.54, 0.0], [12.537, 0.0], [16.82, 0.131], [22.245, 0.131], [24.53, 0.0]]",ok,11.8522,0.0,0.0,0.0,0.0,0.0,0.0,0.0,0.0,0.0,f0a91381bd0a4427ba3bbea2252981d3,scene-0638,42
0.4602,0.426,1.3253,0.2579,0.2755,0.6049,0.0,0.0,0.0,0.0,0.0,0.0,0.0,0.0,0.0,ok,straight,0.4602,0.426,1.2513,0.2579,0.2755,0.4372,True,"[-0.0653, -0.1305, -3.4596, -0.0653]","[-85.7574, -43.4658, -61038.1709, -865794.123]","[2.6209, 2.5763, -1061036.7735, -1865792.7256]","[0.437, 0.605, 3.976, 9.931]","[[[3.6858, 0.0], [6.8267, 0.0], [10.5386, -0.1305], [14.2505, -0.1305], [16.5347, -0.2611], [18.2479, -0.1305]], [[3.6858, 0.0], [6.8267, 0.0], [10.5386, -0.1305], [14.2505, -0.1305], [17.9623, -0.1305], [20.8176, -0.2611]], [[3.6858, 0.0], [6.8267, 0.0], [10.5386, -0.1305], [14.2505, -0.1305], [23.3874, -14.6216], [19.1045, -6.9191]], [[3.6858, 0.0], [6.8267, 0.0], [10.5386, -0.1305], [14.2505, -0.1305], [69.6432, -0.2611], [25.1006, -0.1305]]]",3.8445,0.0,0.0,0.0,0.0,0.0,0.0,True,"[1, 1, 1]",0.0,0.0,0.0,0.4372,4.0,0.4602,0.426,1.2513,0.2579,0.2755,0.4372,"[[3.686, 0.0], [6.827, 0.0], [10.539, -0.131], [14.25, -0.131], [16.535, -0.261], [18.248, -0.131]]",ok,9.9311,0.0,0.0,0.0,0.0,0.0,0.0,0.0,0.0,0.0,457185e7311943ec97c79aea2a45df79,scene-0638,42
5.399,11.1096,16.2497,4.2569,7.0408,9.5394,0.0,0.0,0.0,0.0,0.0,0.0,0.0,0.0,0.0,ok,straight,5.6846,11.1096,17.6768,4.2569,7.0408,10.1127,False,"[-0.0, -0.0653, -0.3916, -0.1958]","[-188.3632, -101.9382, -636.0568, -1171.6658]","[4.9124, 4.6793, -1000633.0263, -1001168.6353]","[10.113, 9.492, 9.875, 8.971]","[[[2.8293, 0.0], [5.6846, 0.0], [8.5399, 0.0], [11.1096, 0.0], [14.8215, -0.6527], [17.6768, 0.0]], [[2.8293, 0.0], [5.6846, 0.0], [8.5399, 0.0], [11.1096, 0.0], [12.8228, -0.1305], [15.9636, -0.1305]], [[2.8293, 0.0], [5.6846, 0.0], [8.5399, 0.0], [11.1096, 0.0], [12.8228, -0.1305], [18.2479, 0.7833]], [[2.8293, 0.0], [5.6846, 0.0], [8.5399, 0.0], [11.1096, 0.0], [13.9649, 0.5222], [11.6807, -0.3916]]]",0.4317,0.0,0.0,0.0,0.0,0.0,0.0,True,"[1, 1, 1]",0.0,0.0,0.0,8.9709,4.0,5.6846,11.1096,11.6873,4.2569,7.0408,8.9709,"[[2.829, 0.0], [5.685, 0.0], [8.54, 0.0], [11.11, 0.0], [14.822, -0.653], [17.677, 0.0]]",ok,10.1127,0.0,0.0,0.0,0.0,0.0,0.0,0.0,0.0,0.0,4cecbedd7c9c406ba5a0b22a3fa2e49c,scene-0770,42
5.399,11.1104,16.2497,4.2569,7.041,9.5871,0.0,0.0,0.0,0.0,0.0,0.0,0.0,0.0,0.0,ok,straight,5.399,11.1104,16.2497,4.2569,7.041,9.5871,False,"[-0.0653, -0.1305, -0.3916, -0.0]","[-137.7634, -137.2766, -2364.497, -6680.5778]","[4.2786, 3.8397, -1002361.5879, -1006677.6687]","[9.587, 9.112, 10.021, 11.3]","[[[3.1148, 0.0], [5.399, 0.0], [8.5399, 0.0], [11.1096, -0.1305], [13.1083, -0.1305], [16.2492, -0.1305]], [[3.1148, 0.0], [5.399, 0.0], [8.5399, 0.0], [11.1096, -0.1305], [12.5373, -0.3916], [13.9649, 0.2611]], [[3.1148, 0.0], [5.399, 0.0], [8.5399, 0.0], [11.1096, -0.1305], [16.2492, -0.6527], [15.6781, 0.7833]], [[3.1148, 0.0], [5.399, 0.0], [8.5399, 0.0], [11.1096, -0.1305], [19.6755, 0.0], [19.9611, 0.0]]]",0.8138,0.0,0.0,0.0,0.0,0.0,0.0,True,"[1, 1, 1]",0.0,0.0,0.0,9.1125,4.0,5.399,11.1104,13.9674,4.2569,7.041,9.1125,"[[3.115, 0.0], [5.399, 0.0], [8.54, 0.0], [11.11, -0.131], [13.108, -0.131], [16.249, -0.131]]",ok,11.3001,0.0,0.0,0.0,0.0,0.0,0.0,0.0,0.0,0.0,7aefa57cb973455985b3912a969692ec,scene-0770,42
5.9701,12.2524,15.9642,4.5424,7.4693,10.0154,0.0,0.0,0.0,0.0,0.0,0.0,0.0,0.0,0.0,ok,straight,5.9701,11.1096,15.9642,4.5424,7.1836,9.8249,True,"[-0.0653, -0.1958, -4.2429, -0.5875]","[-81.1145, -1621.249, -5174.0752, -7492.7944]","[4.8884, -1001618.266, -1005171.0922, -1007489.8114]","[9.825, 9.54, 9.738, 10.688]","[[[3.1148, 0.0], [5.9701, 0.0], [8.5399, 0.0], [11.1096, 0.0], [14.2505, -0.1305], [15.9636, -0.1305]], [[3.1148, 0.0], [5.9701, 0.0], [8.5399, 0.0], [11.1096, 0.0], [15.107, -0.1305], [13.3939, 0.3916]], [[3.1148, 0.0], [5.9701, 0.0], [8.5399, 0.0], [11.1096, 0.0], [11.1096, 0.0], [16.5347, -8.4857]], [[3.1148, 0.0], [5.9701, 0.0], [8.5399, 0.0], [11.1096, 0.0], [18.8189, 0.0], [16.5347, 1.1749]]]",0.4397,0.0,0.0,0.0,0.0,0.0,0.0,True,"[1, 1, 1]",0.0,0.0,0.0,9.5403,4.0,5.9701,11.1096,13.3996,4.5424,7.1836,9.5403,"[[3.115, 0.0], [5.97, 0.0], [8.54, 0.0], [11.11, 0.0], [14.25, -0.131], [15.964, -0.131]]",ok,10.6883,0.0,0.0,0.0,0.0,0.0,0.0,0.0,0.0,0.0,41e55a08b2dd4bb0836017b43cd181b3,scene-0770,42
5.399,11.1104,16.2497,4.2569,7.041,9.5871,0.0,0.0,0.0,0.0,0.0,0.0,0.0,0.0,0.0,ok,straight,5.399,11.1104,16.2497,4.1141,6.9696,9.5395,True,"[-0.0653, -0.3916, -0.1958, -0.0653]","[-88.2209, -196.3087, -928.5972, -8337.6879]","[2.1, -0.3747, -1000928.0189, -1008337.1095]","[9.54, 9.592, 10.873, 9.92]","[[[2.8293, 0.0], [5.399, 0.0], [8.5399, 0.0], [11.1096, -0.1305], [13.1083, -0.1305], [16.2492, -0.1305]], [[2.8293, 0.0], [5.399, 0.0], [8.5399, 0.0], [11.1096, -0.1305], [14.2505, -0.5222], [15.3926, -0.7833]], [[2.8293, 0.0], [5.399, 0.0], [8.5399, 0.0], [11.1096, -0.1305], [16.8202, 0.2611], [20.5321, -0.3916]], [[2.8293, 0.0], [5.399, 0.0], [8.5399, 0.0], [11.1096, -0.1305], [10.253, 0.0], [21.3887, -0.1305]]]",0.5351,0.0,0.0,0.0,0.0,0.0,0.0,True,"[1, 1, 1]",0.0,0.0,0.0,9.5395,4.0,5.399,11.1104,16.2497,4.1141,6.9696,9.5395,"[[2.829, 0.0], [5.399, 0.0], [8.54, 0.0], [11.11, -0.131], [13.108, -0.131], [16.249, -0.131]]",ok,10.8728,0.0,0.0,0.0,0.0,0.0,0.0,0.0,0.0,0.0,18616ac104ee4f92b6127dc67bb85f0b,scene-0770,42
6.2556,12.2517,17.3918,4.6852,7.5405,10.3008,0.0,0.0,0.0,0.0,0.0,0.0,0.0,0.0,0.0,ok,straight,6.2556,11.1104,17.3918,4.6852,7.3265,10.1582,True,"[-0.0653, -0.0653, -0.0653, -0.0]","[-56.3814, -2136.9177, -2482.7993, -14975.5142]","[2.1955, -1002134.9703, -1002480.8519, -1014973.5667]","[10.158, 11.395, 10.97, 10.636]","[[[3.1148, 0.0], [6.2556, 0.0], [8.8254, 0.0], [11.1096, 0.1305], [14.2505, -0.1305], [17.3913, -0.1305]], [[3.1148, 0.0], [6.2556, 0.0], [8.8254, 0.0], [11.1096, 0.1305], [14.2505, -0.1305], [24.8151, -0.1305]], [[3.1148, 0.0], [6.2556, 0.0], [8.8254, 0.0], [11.1096, 0.1305], [13.3939, -0.6527], [23.1019, -0.1305]], [[3.1148, 0.0], [6.2556, 0.0], [8.8254, 0.0], [11.1096, 0.1305], [19.9611, 0.7833], [14.536, 0.0]]]",0.4532,0.0,0.0,0.0,0.0,0.0,0.0,True,"[1, 1, 1]",0.0,0.0,0.0,10.1582,4.0,6.2556,11.1104,17.3918,4.6852,7.3265,10.1582,"[[3.115, 0.0], [6.256, 0.0], [8.825, 0.0], [11.11, 0.131], [14.25, -0.131], [17.391, -0.131]]",ok,11.3954,0.0,0.0,0.0,0.0,0.0,0.0,0.0,0.0,0.0,5a3a15f4ebdb4e6b83eb58628dc8e83f,scene-0771,42
5.9701,11.1096,16.2492,4.5424,7.1836,9.8723,0.0,0.0,0.0,0.0,0.0,0.0,0.0,0.0,0.0,ok,straight,5.9701,12.2517,21.3887,4.5424,7.4691,11.3001,False,"[-0.0, -0.0, -0.1305, -0.1958]","[-47.879, -268.5, -1039.5911, -5025.2068]","[3.5934, 3.4839, -1001037.7282, -1005023.3439]","[11.3, 10.158, 11.777, 10.111]","[[[3.1148, 0.0], [5.9701, 0.0], [8.5399, 0.0], [12.2517, 0.0], [16.5347, 0.1305], [21.3887, 0.0]], [[3.1148, 0.0], [5.9701, 0.0], [8.5399, 0.0], [12.2517, 0.0], [14.2505, 0.0], [16.8202, 0.0]], [[3.1148, 0.0], [5.9701, 0.0], [8.5399, 0.0], [12.2517, 0.0], [18.8189, 0.3916], [21.9598, 0.2611]], [[3.1148, 0.0], [5.9701, 0.0], [8.5399, 0.0], [12.2517, 0.0], [17.6768, 0.0], [13.1083, 0.3916]]]",0.7221,0.0,0.0,0.0,0.0,0.0,0.0,True,"[1, 1, 1]",0.0,0.0,0.0,10.1112,4.0,5.9701,12.2517,13.1142,4.5424,7.4691,10.1112,"[[3.115, 0.0], [5.97, 0.0], [8.54, 0.0], [12.252, 0.0], [16.535, 0.131], [21.389, 0.0]]",ok,11.7768,0.0,0.0,0.0,0.0,0.0,0.0,0.0,0.0,0.0,fb26afe9632c4e4ca9ce4d7e3254dadc,scene-0771,42
5.9701,11.1104,15.9658,4.5424,7.1838,9.8253,0.0,0.0,0.0,0.0,0.0,0.0,0.0,0.0,0.0,ok,straight,5.9701,11.1104,15.3931,4.5424,7.1838,9.7299,True,"[-0.0653, -0.5222, -0.1958, -0.3264]","[-146.3148, -284.4388, -16571.849, -975875.3176]","[3.6957, 0.9885, -1016570.0005, -1975873.469]","[9.73, 10.829, 11.684, 20.248]","[[[3.1148, 0.0], [5.9701, 0.0], [8.5399, 0.0], [11.1096, -0.1305], [14.2505, -0.1305], [15.3926, -0.1305]], [[3.1148, 0.0], [5.9701, 0.0], [8.5399, 0.0], [11.1096, -0.1305], [15.9636, 0.0], [20.2466, 1.0444]], [[3.1148, 0.0], [5.9701, 0.0], [8.5399, 0.0], [11.1096, -0.1305], [11.6807, -0.6527], [29.6691, 0.3916]], [[3.1148, 0.0], [5.9701, 0.0], [8.5399, 0.0], [11.1096, -0.1305], [69.6432, -0.3916], [23.1019, 0.6527]]]",4.1719,0.0,0.0,0.0,0.0,0.0,0.0,True,"[1, 1, 1]",0.0,0.0,0.0,9.7299,4.0,5.9701,11.1104,15.3931,4.5424,7.1838,9.7299,"[[3.115, 0.0], [5.97, 0.0], [8.54, 0.0], [11.11, -0.131], [14.25, -0.131], [15.393, -0.131]]",ok,20.2484,0.0,0.0,0.0,0.0,0.0,0.0,0.0,0.0,0.0,0fe5ba3f01ad436f9a5403efabdb1a1d,scene-0771,42
5.1135,10.5386,15.3931,3.9714,6.5411,9.1111,0.0,0.0,0.0,0.0,0.0,0.0,0.0,0.0,0.0,ok,straight,6.2556,10.5386,16.2497,4.6852,6.8981,9.4918,False,"[-0.0653, -0.1958, -0.3264, -0.1958]","[-291.6389, -3461.5547, -5287.4625, -5800.1565]","[5.8934, -1003458.6606, -1005284.5684, -1005797.2624]","[9.492, 7.638, 9.732, 9.683]","[[[3.1148, 0.0], [6.2556, 0.0], [7.6833, 0.0], [10.5386, 0.0], [13.1083, -0.1305], [16.2492, -0.1305]], [[3.1148, 0.0], [6.2556, 0.0], [7.6833, 0.0], [10.5386, 0.0], [12.5373, 0.1305], [5.6846, -0.3916]], [[3.1148, 0.0], [6.2556, 0.0], [7.6833, 0.0], [10.5386, 0.0], [16.8202, 0.0], [13.9649, 0.6527]], [[3.1148, 0.0], [6.2556, 0.0], [7.6833, 0.0], [10.5386, 0.0], [10.5386, -0.2611], [19.9611, 0.3916]]]",0.8697,0.0,0.0,0.0,0.0,0.0,0.0,True,"[1, 1, 1]",0.0,0.0,0.0,7.638,4.0,6.2556,10.5386,5.698,4.6852,6.8981,7.638,"[[3.115, 0.0], [6.256, 0.0], [7.683, 0.0], [10.539, 0.0], [13.108, -0.131], [16.249, -0.131]]",ok,9.7321,0.0,0.0,0.0,0.0,0.0,0.0,0.0,0.0,0.0,e019f3b906734b6db807756748a4da2d,scene-0771,42
5.399,11.1096,14.8215,4.1141,6.9694,9.2537,0.0,0.0,0.0,0.0,0.0,0.0,0.0,0.0,0.0,ok,straight,5.399,11.1096,16.2492,4.1141,6.9694,9.4916,False,"[-0.0, -0.1305, -0.0653, -0.0]","[-159.7796, -633.1505, -1741.0594, -1799.0463]","[3.9765, -1000631.3844, -1001739.2933, -1001797.2802]","[9.492, 9.111, 8.828, 9.207]","[[[2.8293, 0.0], [5.399, 0.0], [8.5399, 0.0], [11.1096, 0.0], [12.8228, 0.0], [16.2492, 0.0]], [[2.8293, 0.0], [5.399, 0.0], [8.5399, 0.0], [11.1096, 0.0], [13.9649, 0.1305], [12.8228, 0.2611]], [[2.8293, 0.0], [5.399, 0.0], [8.5399, 0.0], [11.1096, 0.0], [10.5386, 0.5222], [14.536, 0.1305]], [[2.8293, 0.0], [5.399, 0.0], [8.5399, 0.0], [11.1096, 0.0], [11.1096, -0.2611], [16.2492, 0.0]]]",0.2372,0.0,0.0,0.0,0.0,0.0,0.0,True,"[1, 1, 1]",0.0,0.0,0.0,8.8276,4.0,5.399,11.1096,14.5366,4.1141,6.9694,8.8276,"[[2.829, 0.0], [5.399, 0.0], [8.54, 0.0], [11.11, 0.0], [12.823, 0.0], [16.249, 0.0]]",ok,9.4916,0.0,0.0,0.0,0.0,0.0,0.0,0.0,0.0,0.0,e836d06299ce46b884b9187ac6017579,scene-0775,42
4.5424,9.3974,12.54,3.4003,5.7562,7.6364,0.0,0.0,0.0,0.0,0.0,0.0,0.0,0.0,0.0,ok,straight,4.5424,7.6844,12.54,3.4003,5.1855,7.256,True,"[-0.1305, -0.1305, -0.0, -0.1958]","[-106.4381, -215.8713, -1905.354, -3270.1929]","[3.0774, 2.9937, -1001903.0179, -1003267.8568]","[7.256, 7.736, 7.874, 7.495]","[[[2.2582, 0.0], [4.5424, 0.0], [6.2556, -0.1305], [7.6833, 0.1305], [10.253, -0.1305], [12.5373, -0.2611]], [[2.2582, 0.0], [4.5424, 0.0], [6.2556, -0.1305], [7.6833, 0.1305], [10.5386, 0.7833], [15.107, -0.2611]], [[2.2582, 0.0], [4.5424, 0.0], [6.2556, -0.1305], [7.6833, 0.1305], [12.8228, 0.0], [13.6794, 0.0]], [[2.2582, 0.0], [4.5424, 0.0], [6.2556, -0.1305], [7.6833, 0.1305], [12.8228, -0.1305], [11.3952, -0.3916]]]",0.236,0.0,0.0,0.0,0.0,0.0,0.0,True,"[1, 1, 1]",0.0,0.0,0.0,7.256,4.0,4.5424,7.6844,12.54,3.4003,5.1855,7.256,"[[2.258, 0.0], [4.542, 0.0], [6.256, -0.131], [7.683, 0.131], [10.253, -0.131], [12.537, -0.261]]",ok,7.874,0.0,0.0,0.0,0.0,0.0,0.0,0.0,0.0,0.0,6a1f2ebe1ef8437c87a5a742362b09b4,scene-0775,42
5.399,10.5394,14.2528,4.2569,6.6844,8.8738,0.0,0.0,0.0,0.0,0.0,0.0,0.0,0.0,0.0,ok,straight,5.399,10.5394,14.2528,4.2569,6.6844,8.8738,False,"[-0.1305, -1.1097, -0.9138, -0.0653]","[-105.7778, -538.2699, -1057.0104, -134476.6597]","[3.9587, 1.8352, -1001054.5539, -1134474.2032]","[8.874, 8.901, 10.316, 18.581]","[[[3.1148, 0.0], [5.399, 0.0], [7.6833, -0.1305], [10.5386, -0.1305], [12.2517, -0.1305], [14.2505, -0.2611]], [[3.1148, 0.0], [5.399, 0.0], [7.6833, -0.1305], [10.5386, -0.1305], [11.6807, -0.1305], [14.8215, -2.2193]], [[3.1148, 0.0], [5.399, 0.0], [7.6833, -0.1305], [10.5386, -0.1305], [16.2492, -0.1305], [18.8189, -1.8277]], [[3.1148, 0.0], [5.399, 0.0], [7.6833, -0.1305], [10.5386, -0.1305], [15.107, -0.1305], [69.6432, -0.1305]]]",4.0339,0.0,0.0,0.0,0.0,0.0,0.0,True,"[1, 1, 1]",0.0,0.0,0.0,8.8738,4.0,5.399,10.5394,14.2528,4.2569,6.6844,8.8738,"[[3.115, 0.0], [5.399, 0.0], [7.683, -0.131], [10.539, -0.131], [12.252, -0.131], [14.25, -0.261]]",ok,18.5814,0.0,0.0,0.0,0.0,0.0,0.0,0.0,0.0,0.0,bb8b6850aeb6411c89b496b9e45fbb6b,scene-0775,42
5.9701,11.1096,16.2513,4.5424,7.1836,9.6824,0.0,0.0,0.0,0.0,0.0,0.0,0.0,0.0,0.0,ok,straight,5.9701,11.1104,16.2513,4.5424,7.1838,9.6825,False,"[-0.1305, -0.1958, -3.329, -0.1305]","[-70.4135, -711.1118, -3227.3608, -987716.2718]","[3.6272, -1000708.658, -1003224.907, -1987713.818]","[9.682, 9.684, 10.848, 20.107]","[[[3.1148, 0.0], [5.9701, 0.0], [8.5399, 0.0], [11.1096, -0.1305], [13.1083, 0.0], [16.2492, -0.2611]], [[3.1148, 0.0], [5.9701, 0.0], [8.5399, 0.0], [11.1096, -0.1305], [12.2517, -0.3916], [17.1058, -0.3916]], [[3.1148, 0.0], [5.9701, 0.0], [8.5399, 0.0], [11.1096, -0.1305], [13.6794, -0.1305], [21.6742, -6.658]], [[3.1148, 0.0], [5.9701, 0.0], [8.5399, 0.0], [11.1096, -0.1305], [69.6432, -1.5666], [22.2453, 0.2611]]]",4.3715,0.0,0.0,0.0,0.0,0.0,0.0,True,"[1, 1, 1]",0.0,0.0,0.0,9.6825,4.0,5.9701,11.1104,16.2513,4.5424,7.1838,9.6825,"[[3.115, 0.0], [5.97, 0.0], [8.54, 0.0], [11.11, -0.131], [13.108, 0.0], [16.249, -0.261]]",ok,20.1071,0.0,0.0,0.0,0.0,0.0,0.0,0.0,0.0,0.0,798e338f792149f1b9fb2edebcc1018d,scene-0775,42
6.5412,12.2524,17.3918,4.828,7.6121,10.5389,0.0,0.0,0.0,0.0,0.0,0.0,0.0,0.0,0.0,ok,straight,6.5412,12.8228,17.3918,4.828,7.8974,10.8719,False,"[-0.0653, -0.0653, -0.0653, -0.5875]","[-242.0789, -2241.8839, -4250.2527, -914494.0743]","[4.1935, -1002238.8502, -1004247.219, -1914491.0406]","[10.872, 11.685, 11.348, 20.823]","[[[3.1148, 0.0], [6.5412, 0.0], [9.1109, 0.0], [12.8228, 0.0], [16.2492, -0.1305], [17.3913, -0.1305]], [[3.1148, 0.0], [6.5412, 0.0], [9.1109, 0.0], [12.8228, 0.0], [15.107, 0.9138], [23.3874, -0.1305]], [[3.1148, 0.0], [6.5412, 0.0], [9.1109, 0.0], [12.8228, 0.0], [13.6794, -0.1305], [22.8163, -0.1305]], [[3.1148, 0.0], [6.5412, 0.0], [9.1109, 0.0], [12.8228, 0.0], [69.6432, -0.3916], [23.6729, 1.1749]]]",4.1328,0.0,0.0,0.0,0.0,0.0,0.0,True,"[1, 1, 1]",0.0,0.0,0.0,10.8719,4.0,6.5412,12.8228,17.3918,4.828,7.8974,10.8719,"[[3.115, 0.0], [6.541, 0.0], [9.111, 0.0], [12.823, 0.0], [16.249, -0.131], [17.391, -0.131]]",ok,20.8227,0.0,0.0,0.0,0.0,0.0,0.0,0.0,0.0,0.0,bb10039077c74099b51fb67300391659,scene-0777,42
6.2556,12.2517,17.3913,4.6852,7.5405,10.3006,0.0,0.0,0.0,0.0,0.0,0.0,0.0,0.0,0.0,ok,straight,6.2556,12.2517,17.9623,4.6852,7.5405,10.5862,False,"[-0.0, -0.1958, -0.2611, -0.0]","[-171.8354, -2949.1356, -4293.8867, -46091.2457]","[5.6331, -1002945.1797, -1004289.9307, -1046087.2898]","[10.586, 9.873, 11.492, 11.029]","[[[3.1148, 0.0], [6.2556, 0.0], [8.5399, 0.0], [12.2517, 0.0], [15.3926, 0.0], [17.9623, 0.0]], [[3.1148, 0.0], [6.2556, 0.0], [8.5399, 0.0], [12.2517, 0.0], [11.9662, 0.0], [17.1058, 0.3916]], [[3.1148, 0.0], [6.2556, 0.0], [8.5399, 0.0], [12.2517, 0.0], [19.6755, 0.0], [19.1045, 0.5222]], [[3.1148, 0.0], [6.2556, 0.0], [8.5399, 0.0], [12.2517, 0.0], [13.9649, -11.88], [17.6768, 0.0]]]",0.5965,0.0,0.0,0.0,0.0,0.0,0.0,True,"[1, 1, 1]",0.0,0.0,0.0,9.8731,4.0,6.2556,12.2517,17.1102,4.6852,7.5405,9.8731,"[[3.115, 0.0], [6.256, 0.0], [8.54, 0.0], [12.252, 0.0], [15.393, 0.0], [17.962, 0.0]]",ok,11.4915,0.0,0.0,0.0,0.0,0.0,0.0,0.0,0.0,0.0,426eacbdc6f6476e8905a2ee27b0319e,scene-0777,42
6.5412,12.8228,19.9615,4.9707,8.0402,11.3953,0.0,0.0,0.0,0.0,0.0,0.0,0.0,0.0,0.0,ok,straight,6.5412,12.8228,19.9615,4.9707,8.0402,11.3953,False,"[-0.0653, -0.0653, -0.718, -0.3916]","[-21.6448, -154.8235, -122.5877, -4448.4212]","[3.9836, 3.9129, 1.5179, -1004445.9607]","[11.395, 11.728, 11.451, 11.54]","[[[3.4003, 0.0], [6.5412, 0.0], [9.3964, 0.0], [12.8228, 0.0], [16.2492, -0.1305], [19.9611, -0.1305]], [[3.4003, 0.0], [6.5412, 0.0], [9.3964, 0.0], [12.8228, 0.0], [16.2492, -0.1305], [21.9598, -0.1305]], [[3.4003, 0.0], [6.5412, 0.0], [9.3964, 0.0], [12.8228, 0.0], [16.8202, 0.0], [19.6755, 1.436]], [[3.4003, 0.0], [6.5412, 0.0], [9.3964, 0.0], [12.8228, 0.0], [13.6794, 0.1305], [23.3874, 0.7833]]]",0.1263,0.0,0.0,0.0,0.0,0.0,0.0,True,"[1, 1, 1]",0.0,0.0,0.0,11.3953,4.0,6.5412,12.8228,19.9615,4.9707,8.0402,11.3953,"[[3.4, 0.0], [6.541, 0.0], [9.396, 0.0], [12.823, 0.0], [16.249, -0.131], [19.961, -0.131]]",ok,11.7284,0.0,0.0,0.0,0.0,0.0,0.0,0.0,0.0,0.0,6cd5721d228e4414987d355d12718b02,scene-0777,42
5.399,11.1096,17.3913,4.2569,7.0408,9.9675,0.0,0.0,0.0,0.0,0.0,0.0,0.0,0.0,0.0,ok,straight,6.8267,11.1096,16.2497,5.1135,7.4691,10.0628,False,"[-0.0653, -0.1305, -0.6527, -0.1958]","[-226.5286, -3795.5683, -4199.3996, -262162.9008]","[4.8509, -1003792.1655, -1004195.9969, -1262159.4981]","[10.063, 10.787, 10.927, 17.732]","[[[3.4003, 0.0], [6.8267, 0.0], [8.5399, 0.0], [11.1096, 0.0], [14.2505, 0.0], [16.2492, -0.1305]], [[3.4003, 0.0], [6.8267, 0.0], [8.5399, 0.0], [11.1096, 0.0], [17.3913, 1.436], [17.3913, -0.2611]], [[3.4003, 0.0], [6.8267, 0.0], [8.5399, 0.0], [11.1096, 0.0], [17.9623, 0.1305], [17.6768, -1.3055]], [[3.4003, 0.0], [6.8267, 0.0], [8.5399, 0.0], [11.1096, 0.0], [6.8267, 0.7833], [69.6432, -0.3916]]]",3.109,0.0,0.0,0.0,0.0,0.0,0.0,True,"[1, 1, 1]",0.0,0.0,0.0,10.0628,4.0,6.8267,11.1096,16.2497,5.1135,7.4691,10.0628,"[[3.4, 0.0], [6.827, 0.0], [8.54, 0.0], [11.11, 0.0], [14.25, 0.0], [16.249, -0.131]]",ok,17.732,0.0,0.0,0.0,0.0,0.0,0.0,0.0,0.0,0.0,9a2f17caf46e4ec592157a8ea3289be8,scene-0777,42
6.8267,14.2505,19.3438,5.2563,8.8254,11.8158,0.0,0.0,0.0,0.0,0.0,0.0,0.0,0.0,0.0,ok,straight,6.8267,14.2505,19.0583,5.2563,8.8254,11.7682,True,"[-0.0653, -0.1305, -1.2402, -0.0653]","[-198.7477, -533.664, -5864.3443, -155581.8637]","[4.609, 4.4734, -1005860.9624, -1155578.4818]","[11.768, 12.863, 11.428, 20.156]","[[[3.6858, 0.0], [6.8267, 0.0], [10.5386, 0.0], [14.2505, 0.0], [16.2492, 0.0], [19.1045, -0.1305]], [[3.6858, 0.0], [6.8267, 0.0], [10.5386, 0.0], [14.2505, 0.0], [19.6755, -0.1305], [22.2453, -0.2611]], [[3.6858, 0.0], [6.8267, 0.0], [10.5386, 0.0], [14.2505, 0.0], [19.39, 0.9138], [13.6794, 2.4804]], [[3.6858, 0.0], [6.8267, 0.0], [10.5386, 0.0], [14.2505, 0.0], [15.9636, -1.5666], [69.6432, -0.1305]]]",3.5629,0.0,0.0,0.0,0.0,0.0,0.0,True,"[1, 1, 1]",0.0,0.0,0.0,11.4283,4.0,6.8267,14.2505,13.8566,5.2563,8.8254,11.4283,"[[3.686, 0.0], [6.827, 0.0], [10.539, 0.0], [14.25, 0.0], [16.249, 0.0], [19.104, -0.131]]",ok,20.1564,0.0,0.0,0.0,0.0,0.0,0.0,0.0,0.0,0.0,485c78dbfed04fd5a6aad2a88b116fe9,scene-0778,42
2.6412,7.3334,13.6185,1.8795,3.9892,6.6933,0.0,0.0,0.0,0.0,0.0,0.0,0.0,0.0,0.0,ok,left,4.259,7.3334,13.6185,2.9701,4.5521,7.0686,False,"[-3.329, -3.6554, -2.8721, -3.1985]","[-2529.4134, -5183.1966, -7942.2567, -11471.189]","[-2006892.8139, -2009546.5971, -2012305.6572, -2015834.5895]","[7.069, 7.831, 7.267, 7.314]","[[[2.5437, -0.1305], [5.9701, 1.3055], [6.8267, -1.5666], [9.1109, -2.4804], [11.1096, -4.5692], [13.1083, -6.658]], [[2.5437, -0.1305], [5.9701, 1.3055], [6.8267, -1.5666], [9.1109, -2.4804], [12.2517, -7.4413], [14.8215, -7.3108]], [[2.5437, -0.1305], [5.9701, 1.3055], [6.8267, -1.5666], [9.1109, -2.4804], [15.107, -4.047], [11.6807, -5.7442]], [[2.5437, -0.1305], [5.9701, 1.3055], [6.8267, -1.5666], [9.1109, -2.4804], [13.3939, 1.3055], [16.2492, -6.3969]]]",0.2817,0.0,0.0,0.0,0.0,0.0,0.0,False,"[1, 1, 1]",0.0,0.0,0.0,7.0686,4.0,4.259,7.3334,13.6185,2.9701,4.5521,7.0686,"[[2.544, -0.131], [5.97, 1.305], [6.827, -1.567], [9.111, -2.48], [11.11, -4.569], [13.108, -6.658]]",ok,7.8312,0.0,0.0,0.0,0.0,0.0,0.0,0.0,0.0,0.0,29fca2b4244b4379828cd66a473c6d7e,scene-0778,42
2.1326,6.1325,9.3894,1.5013,3.3127,5.0943,0.0,0.0,0.0,0.0,0.0,0.0,0.0,0.0,0.0,ok,straight,2.6902,6.1325,9.8088,2.2109,3.5211,5.1953,False,"[-3.5248, -3.4596, -0.718, -8.2899]","[-663.1355, -887.4013, -2083.0125, -10213.1473]","[3.9453, -1000884.3409, -1002079.9521, -1010210.0869]","[5.195, 6.005, 5.298, 7.188]","[[[1.9727, -0.1305], [3.1148, -0.1305], [3.9714, -0.7833], [5.9701, -3.1332], [7.3977, -3.9165], [8.2543, -7.0497]], [[1.9727, -0.1305], [3.1148, -0.1305], [3.9714, -0.7833], [5.9701, -3.1332], [8.2543, -6.9191], [11.6807, -6.9191]], [[1.9727, -0.1305], [3.1148, -0.1305], [3.9714, -0.7833], [5.9701, -3.1332], [9.1109, -0.3916], [12.5373, 1.436]], [[1.9727, -0.1305], [3.1148, -0.1305], [3.9714, -0.7833], [5.9701, -3.1332], [7.3977, 4.4387], [17.6768, 16.5798]]]",0.7949,0.0,0.0,0.0,0.0,0.0,0.0,True,"[1, 1, 1]",0.0,0.0,0.0,5.1953,4.0,2.6902,6.1325,9.8088,2.2109,3.5211,5.1953,"[[1.973, -0.131], [3.115, -0.131], [3.971, -0.783], [5.97, -3.133], [7.398, -3.916], [8.254, -7.05]]",ok,7.1884,0.0,0.0,0.0,0.0,0.0,0.0,0.0,0.0,0.0,e5f4ba14f72d47769f75422a30667e2a,scene-0778,42
1.262,1.7637,2.3359,0.9962,1.3706,1.7313,0.0,0.0,0.0,0.0,0.0,0.0,0.0,0.0,0.0,ok,straight,1.262,1.7774,1.7179,0.9962,1.374,1.5533,True,"[-0.1958, -0.3264, -0.1305, -1.3055]","[-192.8548, -62.9219, -765.6894, -25939.9038]","[4.0967, 3.8343, -1000762.7999, -1025937.0143]","[1.553, 1.734, 2.235, 3.305]","[[[3.1148, 0.0], [5.9701, -0.1305], [8.5399, -0.1305], [11.1096, -0.2611], [13.3939, -1.3055], [15.6781, -0.3916]], [[3.1148, 0.0], [5.9701, -0.1305], [8.5399, -0.1305], [11.1096, -0.2611], [14.2505, -0.5222], [16.2492, -0.6527]], [[3.1148, 0.0], [5.9701, -0.1305], [8.5399, -0.1305], [11.1096, -0.2611], [15.9636, -0.1305], [17.6768, -0.2611]], [[3.1148, 0.0], [5.9701, -0.1305], [8.5399, -0.1305], [11.1096, -0.2611], [18.8189, -6.3969], [9.9675, -2.611]]]",0.6816,0.0,0.0,0.0,0.0,0.0,0.0,True,"[1, 1, 1]",0.0,0.0,0.0,1.5533,4.0,1.262,1.7774,1.7179,0.9962,1.374,1.5533,"[[3.115, 0.0], [5.97, -0.131], [8.54, -0.131], [11.11, -0.261], [13.394, -1.305], [15.678, -0.392]]",ok,3.3053,0.0,0.0,0.0,0.0,0.0,0.0,0.0,0.0,0.0,7c5053e3642d4adaa86fd0ef1ca49ece,scene-0778,42
1.3416,2.5241,3.1441,1.0135,1.6962,2.1188,0.0,0.0,0.0,0.0,0.0,0.0,0.0,0.0,0.0,ok,straight,2.1982,2.8096,3.1441,1.5845,2.0531,2.4043,False,"[-0.0, -0.0, -0.0, -0.1305]","[-86.2747, -88.9253, -93.5796, -192.9403]","[4.2779, 4.2187, 4.1149, -0.411]","[2.404, 2.69, 2.309, 3.119]","[[[1.4016, 0.0], [2.8293, 0.0], [3.1148, 0.0], [3.9714, 0.0], [4.5424, 0.0], [4.828, 0.0]], [[1.4016, 0.0], [2.8293, 0.0], [3.1148, 0.0], [3.9714, 0.0], [4.828, 0.1305], [6.2556, 0.0]], [[1.4016, 0.0], [2.8293, 0.0], [3.1148, 0.0], [3.9714, 0.0], [4.5424, 0.0], [4.2569, 0.0]], [[1.4016, 0.0], [2.8293, 0.0], [3.1148, 0.0], [3.9714, 0.0], [5.1135, 0.0], [8.5399, -0.2611]]]",0.3148,0.0,0.0,0.0,0.0,0.0,0.0,True,"[1, 1, 1]",0.0,0.0,0.0,2.3092,4.0,2.1982,2.8096,2.5731,1.5845,2.0531,2.3092,"[[1.402, 0.0], [2.829, 0.0], [3.115, 0.0], [3.971, 0.0], [4.542, 0.0], [4.828, 0.0]]",ok,3.1188,0.0,1.0,1.0,0.0,1.0,1.0,0.0,0.25,0.5,7949609177914534a89a8c7985ae4db7,scene-0780,42
1.1164,1.6875,2.2585,0.6881,1.045,1.3543,0.0,0.0,0.0,0.0,0.0,0.0,0.0,0.0,0.0,ok,straight,1.1164,1.6875,5.3993,0.8309,1.1164,2.1633,False,"[-0.0, -0.0, -0.0, -0.0]","[-34.665, -72.4937, -327.0565, -2125.4591]","[2.068, 2.0243, 1.73, -1002124.0908]","[2.163, 1.402, 0.792, 1.545]","[[[0.545, 0.0], [1.1161, 0.0], [1.1161, 0.0], [1.6871, 0.0], [3.1148, 0.0], [5.399, 0.0]], [[0.545, 0.0], [1.1161, 0.0], [1.1161, 0.0], [1.6871, 0.0], [1.6871, 0.0], [2.2582, 0.0]], [[0.545, 0.0], [1.1161, 0.0], [1.1161, 0.0], [1.6871, 0.0], [0.2595, 0.0], [-0.026, 0.0]], [[0.545, 0.0], [1.1161, 0.0], [1.1161, 0.0], [1.6871, 0.0], [4.2569, 0.0], [0.545, 0.0]]]",0.4874,0.0,0.0,0.0,0.0,0.0,0.0,True,"[1, 1, 1]",0.0,0.0,0.0,0.7922,4.0,1.1164,1.6875,0.0275,0.8309,1.1164,0.7922,"[[0.545, 0.0], [1.116, 0.0], [1.116, 0.0], [1.687, 0.0], [3.115, 0.0], [5.399, 0.0]]",ok,2.1633,0.0,1.0,1.0,0.0,1.0,1.0,0.0,0.5,0.6666666666666666,d50a519eecae4c59b5440f50c424edb0,scene-0780,42
1.1161,2.2582,2.5437,0.6878,1.3302,1.6871,0.0,0.0,0.0,0.0,0.0,0.0,0.0,0.0,0.0,ok,straight,1.1161,2.2582,2.5437,0.6878,1.3302,1.6871,False,"[-0.0, -0.0, -0.0653, -0.0]","[-33.4328, -53.6198, -21.8137, -149.5801]","[3.1882, 2.7874, 1.1096, 0.8819]","[1.687, 2.306, 2.021, 2.306]","[[[0.2595, 0.0], [1.1161, 0.0], [1.6871, 0.0], [2.2582, 0.0], [2.2582, 0.0], [2.5437, 0.0]], [[0.2595, 0.0], [1.1161, 0.0], [1.6871, 0.0], [2.2582, 0.0], [3.6858, 0.1305], [4.828, 0.0]], [[0.2595, 0.0], [1.1161, 0.0], [1.6871, 0.0], [2.2582, 0.0], [2.8293, 0.0], [3.9714, -0.1305]], [[0.2595, 0.0], [1.1161, 0.0], [1.6871, 0.0], [2.2582, 0.0], [2.8293, 0.0], [5.6846, 0.0]]]",0.255,0.0,0.0,0.0,0.0,0.0,0.0,True,"[1, 1, 1]",0.0,0.0,0.0,1.6871,4.0,1.1161,2.2582,2.5437,0.6878,1.3302,1.6871,"[[0.259, 0.0], [1.116, 0.0], [1.687, 0.0], [2.258, 0.0], [2.258, 0.0], [2.544, 0.0]]",ok,2.3062,0.0,1.0,1.0,0.0,1.0,1.0,0.0,0.5,0.6666666666666666,8f6fc5405819408986cc0822197bfbd9,scene-0780,42
1.1161,2.5437,2.2582,0.6878,1.4016,1.6871,0.0,0.0,0.0,0.0,0.0,0.0,0.0,0.0,0.0,ok,straight,1.1161,3.1148,2.5437,0.6878,1.6871,1.9251,False,"[-0.0, -0.0, -0.0, -0.0]","[-191.9193, -516.747, -1043.1289, -11858.6122]","[2.7649, -1000514.6384, -1001041.0204, -1011856.5036]","[1.925, 2.401, 1.735, 3.829]","[[[0.2595, 0.0], [1.1161, 0.0], [2.2582, 0.0], [3.1148, 0.0], [2.2582, 0.0], [2.5437, 0.0]], [[0.2595, 0.0], [1.1161, 0.0], [2.2582, 0.0], [3.1148, 0.0], [2.5437, 0.0], [5.1135, 0.0]], [[0.2595, 0.0], [1.1161, 0.0], [2.2582, 0.0], [3.1148, 0.0], [1.1161, 0.0], [2.5437, 0.0]], [[0.2595, 0.0], [1.1161, 0.0], [2.2582, 0.0], [3.1148, 0.0], [10.5386, 0.0], [5.6846, 0.0]]]",0.8198,0.0,0.0,0.0,0.0,0.0,0.0,True,"[1, 1, 1]",0.0,0.0,0.0,1.7347,4.0,1.1161,3.1148,2.5437,0.6878,1.6871,1.7347,"[[0.259, 0.0], [1.116, 0.0], [2.258, 0.0], [3.115, 0.0], [2.258, 0.0], [2.544, 0.0]]",ok,3.8286,0.0,1.0,1.0,0.0,1.0,1.0,0.0,0.5,0.6666666666666666,284234f5451d495fa01bd24bd04993dc,scene-0780,42
1.1161,1.9727,2.5437,0.6878,1.2588,1.6871,0.0,0.0,0.0,0.0,0.0,0.0,0.0,0.0,0.0,ok,straight,0.8306,2.2582,2.5437,0.6878,1.2588,1.6871,False,"[-0.0, -0.0653, -0.3916, -0.2611]","[-19.8388, -22.3077, -5087.1722, -1527405.4198]","[3.5963, 3.177, -1005085.3089, -2527403.5565]","[1.687, 1.593, 5.642, 12.973]","[[[0.545, 0.0], [0.8306, 0.0], [1.4016, 0.0], [2.2582, 0.0], [2.5437, 0.0], [2.5437, 0.0]], [[0.545, 0.0], [0.8306, 0.0], [1.4016, 0.0], [2.2582, 0.0], [2.5437, 0.0], [1.9727, -0.1305]], [[0.545, 0.0], [0.8306, 0.0], [1.4016, 0.0], [2.2582, 0.0], [11.3952, -0.5222], [17.3913, -0.7833]], [[0.545, 0.0], [0.8306, 0.0], [1.4016, 0.0], [2.2582, 0.0], [69.6432, -0.1305], [3.1148, -0.5222]]]",4.6278,0.0,0.0,0.0,0.0,0.0,0.0,True,"[1, 1, 1]",0.0,0.0,0.0,1.5927,4.0,0.8306,2.2582,1.977,0.6878,1.2588,1.5927,"[[0.545, 0.0], [0.831, 0.0], [1.402, 0.0], [2.258, 0.0], [2.544, 0.0], [2.544, 0.0]]",ok,12.9728,0.0,1.0,1.0,0.0,1.0,1.0,0.0,0.5,0.6666666666666666,87c3788da01f4f63953f35383d0f5095,scene-0781,42
1.6871,2.5437,3.4003,1.2588,1.8299,2.2582,0.0,0.0,0.0,0.0,0.0,0.0,0.0,0.0,0.0,ok,straight,1.6871,2.5437,3.4003,1.2588,1.8299,2.2582,False,"[-0.0, -0.0, -0.1305, -3.6554]","[-4.9469, -170.808, -696.9395, -31971.3495]","[2.6008, 2.5887, -1000695.5416, -1031969.9516]","[2.258, 2.115, 2.498, 6.23]","[[[0.8306, 0.0], [1.6871, 0.0], [2.2582, 0.0], [2.5437, 0.0], [2.8293, 0.0], [3.4003, 0.0]], [[0.8306, 0.0], [1.6871, 0.0], [2.2582, 0.0], [2.5437, 0.0], [1.9727, 0.0], [3.4003, 0.0]], [[0.8306, 0.0], [1.6871, 0.0], [2.2582, 0.0], [2.5437, 0.0], [4.5424, 0.0], [3.1148, 0.2611]], [[0.8306, 0.0], [1.6871, 0.0], [2.2582, 0.0], [2.5437, 0.0], [2.5437, 0.0], [26.5282, -7.3108]]]",1.7113,0.0,0.0,0.0,0.0,0.0,0.0,True,"[1, 1, 1]",0.0,0.0,0.0,2.1154,4.0,1.6871,2.5437,3.4003,1.2588,1.8299,2.1154,"[[0.831, 0.0], [1.687, 0.0], [2.258, 0.0], [2.544, 0.0], [2.829, 0.0], [3.4, 0.0]]",ok,6.2301,0.0,1.0,1.0,0.0,1.0,1.0,0.0,0.5,0.6666666666666666,07cc7c2f5d22463398a2cda8670d08e9,scene-0781,42
1.1161,1.6871,2.5437,0.6878,1.1875,1.4968,0.0,0.0,0.0,0.0,0.0,0.0,0.0,0.0,0.0,ok,straight,1.1161,2.5437,4.2569,0.6878,1.473,2.2582,False,"[-0.0, -0.0, -0.0, -0.0]","[-15.1937, -29.8732, -210.9075, -216.8768]","[2.3834, 2.2303, 0.3414, 0.2791]","[2.258, 2.355, 1.687, 1.878]","[[[0.2595, 0.0], [1.1161, 0.0], [1.9727, 0.0], [2.5437, 0.0], [3.4003, 0.0], [4.2569, 0.0]], [[0.2595, 0.0], [1.1161, 0.0], [1.9727, 0.0], [2.5437, 0.0], [3.4003, 0.2611], [4.828, 0.0]], [[0.2595, 0.0], [1.1161, 0.0], [1.9727, 0.0], [2.5437, 0.0], [1.6871, 0.0], [2.5437, 0.0]], [[0.2595, 0.0], [1.1161, 0.0], [1.9727, 0.0], [2.5437, 0.0], [1.9727, 0.1305], [3.4003, 0.0]]]",0.2727,0.0,0.0,0.0,0.0,0.0,0.0,True,"[1, 1, 1]",0.0,0.0,0.0,1.6871,4.0,1.1161,2.5437,2.5437,0.6878,1.473,1.6871,"[[0.259, 0.0], [1.116, 0.0], [1.973, 0.0], [2.544, 0.0], [3.4, 0.0], [4.257, 0.0]]",ok,2.355,0.0,1.0,1.0,0.0,1.0,1.0,0.0,0.5,0.6666666666666666,7e5447a8b3184ab1a0664511d21b8c6f,scene-0781,42
1.1161,2.5437,3.204,0.9733,1.5444,2.0341,0.0,0.0,0.0,0.0,0.0,0.0,0.0,0.0,0.0,ok,straight,1.4016,2.5437,3.204,0.9733,1.5444,2.0341,False,"[-0.0, -1.2402, -0.0, -0.0]","[-69.6485, -473.4416, -481.583, -1178.7452]","[4.1393, -1000471.0859, -1000479.2273, -1001176.3895]","[2.034, 2.62, 1.987, 2.892]","[[[0.545, 0.0], [1.4016, 0.0], [1.6871, 0.0], [2.5437, 0.0], [2.8293, 0.0], [3.4003, 0.0]], [[0.545, 0.0], [1.4016, 0.0], [1.6871, 0.0], [2.5437, 0.0], [4.5424, 0.0], [4.5424, -2.4804]], [[0.545, 0.0], [1.4016, 0.0], [1.6871, 0.0], [2.5437, 0.0], [3.9714, 0.0], [1.9727, 0.0]], [[0.545, 0.0], [1.4016, 0.0], [1.6871, 0.0], [2.5437, 0.0], [5.9701, 0.2611], [5.399, 0.0]]]",0.3852,0.0,0.0,0.0,0.0,0.0,0.0,True,"[1, 1, 1]",0.0,0.0,0.0,1.9865,4.0,1.4016,2.5437,1.7764,0.9733,1.5444,1.9865,"[[0.545, 0.0], [1.402, 0.0], [1.687, 0.0], [2.544, 0.0], [2.829, 0.0], [3.4, 0.0]]",ok,2.8916,0.0,1.0,1.0,0.0,1.0,1.0,0.0,0.5,0.6666666666666666,a51cada4b76a41cabd4bb589a8a32e37,scene-0781,42
0.0316,0.1462,0.1978,0.1921,0.1547,0.2067,0.0,0.0,0.0,0.0,0.0,0.0,0.0,0.0,0.0,ok,straight,0.0316,0.1462,1.0514,0.1921,0.1547,0.3489,False,"[-0.0, -0.0, -0.0, -1.6319]","[-47.4683, -54.7731, -3978.1838, -13329.8795]","[4.1032, 4.1018, -1003975.4515, -1013327.1472]","[0.349, 0.334, 1.331, 2.494]","[[[0.8306, 0.0], [1.1161, 0.0], [1.6871, 0.0], [2.5437, 0.0], [2.5437, 0.0], [2.5437, 0.0]], [[0.8306, 0.0], [1.1161, 0.0], [1.6871, 0.0], [2.5437, 0.0], [3.1148, 0.0], [4.828, 0.0]], [[0.8306, 0.0], [1.1161, 0.0], [1.6871, 0.0], [2.5437, 0.0], [1.6871, 0.0], [9.682, 0.0]], [[0.8306, 0.0], [1.1161, 0.0], [1.6871, 0.0], [2.5437, 0.0], [1.4016, 0.0], [15.9636, -3.2637]]]",0.8868,0.0,0.0,0.0,0.0,0.0,0.0,True,"[1, 1, 1]",0.0,0.0,0.0,0.334,4.0,0.0316,0.1462,1.234,0.1921,0.1547,0.334,"[[0.831, 0.0], [1.116, 0.0], [1.687, 0.0], [2.544, 0.0], [2.544, 0.0], [2.544, 0.0]]",ok,2.4944,0.0,1.0,1.0,0.0,1.0,1.0,0.0,0.25,0.5,9699d6a8d9384f8885e8c5318bc621ab,scene-0782,42
0.7638,2.9778,6.698,0.4368,1.3601,2.9803,0.0,0.0,0.0,0.0,0.0,0.0,0.0,0.0,0.0,ok,straight,2.191,2.9778,6.9835,1.5783,1.9308,3.4084,False,"[-0.0653, -0.1958, -0.0653, -0.1305]","[-486.2615, -5276.8814, -9371.0815, -245156.6556]","[4.8029, -1005273.6039, -1009367.804, -1245153.3781]","[3.408, 4.411, 2.495, 11.645]","[[[0.8306, 0.0], [1.6871, 0.0], [4.5424, 0.0], [5.6846, 0.0], [5.6846, 0.0], [7.3977, -0.1305]], [[0.8306, 0.0], [1.6871, 0.0], [4.5424, 0.0], [5.6846, 0.0], [1.6871, -0.1305], [5.399, 0.3916]], [[0.8306, 0.0], [1.6871, 0.0], [4.5424, 0.0], [5.6846, 0.0], [12.2517, -0.1305], [7.9688, 0.1305]], [[0.8306, 0.0], [1.6871, 0.0], [4.5424, 0.0], [5.6846, 0.0], [4.5424, -0.1305], [69.6432, -0.2611]]]",3.6178,0.0,0.0,0.0,0.0,0.0,0.0,True,"[1, 1, 1]",0.0,0.0,0.0,2.4947,4.0,2.191,2.9778,6.42,1.5783,1.9308,2.4947,"[[0.831, 0.0], [1.687, 0.0], [4.542, 0.0], [5.685, 0.0], [5.685, 0.0], [7.398, -0.131]]",ok,11.645,0.0,0.0,0.0,0.0,0.0,0.0,0.0,0.0,0.0,6652a70586d741f5b9da67434412dd36,scene-0782,42
4.6098,8.8001,15.9026,3.4507,5.6772,8.3967,0.0,0.0,1.0,0.0,0.0,1.0,0.0,0.0,0.3333333333333333,ok,straight,2.6133,8.2291,15.9026,1.882,4.3232,7.6368,True,"[-0.0653, -0.8486, -0.1305, -0.3916]","[-194.2479, -83.7308, -2161.8881, -5661.657]","[5.5871, 3.0921, -1002158.0665, -1005657.8354]","[7.637, 6.53, 7.783, 3.931]","[[[3.1148, -0.1305], [5.9701, 0.0], [7.6833, 0.1305], [9.1109, -0.1305], [9.1109, 0.0], [10.253, -0.1305]], [[3.1148, -0.1305], [5.9701, 0.0], [7.6833, 0.1305], [9.1109, -0.1305], [11.6807, -0.7833], [14.536, -1.6971]], [[3.1148, -0.1305], [5.9701, 0.0], [7.6833, 0.1305], [9.1109, -0.1305], [7.3977, -0.5222], [11.1096, -0.2611]], [[3.1148, -0.1305], [5.9701, 0.0], [7.6833, 0.1305], [9.1109, -0.1305], [19.9611, 0.7833], [30.5257, 0.7833]]]",1.5438,0.0,0.0,1.0,0.0,0.0,1.0,True,"[1, 1, 1]",0.0,0.0,0.3333333333333333,3.9314,4.0,2.6133,8.2291,4.3973,1.882,4.3232,3.9314,"[[3.115, -0.131], [5.97, 0.0], [7.683, 0.131], [9.111, -0.131], [9.111, 0.0], [10.253, -0.131]]",ok,7.7827,0.0,0.0,0.0,0.0,0.0,0.0,0.0,0.0,0.0,8af2e40c9e8b4bec94a3d701d8d5753e,scene-0782,42
1.7872,1.5656,4.4693,1.188,1.3804,2.2134,0.0,0.0,0.0,0.0,0.0,0.0,0.0,0.0,0.0,ok,straight,1.7872,5.8488,0.9682,1.188,3.0935,2.7282,False,"[-0.1305, -0.0653, -0.0, -0.0653]","[-929.8321, -1002.4115, -4842.8579, -4969.3491]","[-1000926.1739, -1000998.7533, -1004839.1997, -1004965.6909]","[2.728, 2.989, 2.218, 3.07]","[[[3.6858, 0.0], [6.5412, 0.0], [7.9688, -0.1305], [9.9675, 0.0], [16.5347, 0.2611], [24.8151, -0.2611]], [[3.6858, 0.0], [6.5412, 0.0], [7.9688, -0.1305], [9.9675, 0.0], [14.2505, 0.2611], [23.9585, 0.1305]], [[3.6858, 0.0], [6.5412, 0.0], [7.9688, -0.1305], [9.9675, 0.0], [19.1045, 0.0], [23.3874, 0.0]], [[3.6858, 0.0], [6.5412, 0.0], [7.9688, -0.1305], [9.9675, 0.0], [17.9623, -0.1305], [19.39, -0.1305]]]",0.3329,0.0,0.0,0.0,0.0,0.0,0.0,False,"[1, 1, 1]",0.0,0.0,0.0,2.2177,4.0,1.7872,5.8488,0.4837,1.188,3.0935,2.2177,"[[3.686, 0.0], [6.541, 0.0], [7.969, -0.131], [9.968, 0.0], [16.535, 0.261], [24.815, -0.261]]",ok,3.07,0.0,0.0,0.0,0.0,0.0,0.0,0.0,0.0,0.0,95682f8329cf487aa061d968b08f80ea,scene-0782,42
4.7184,8.467,14.5332,3.439,5.5287,8.1127,0.0,0.0,0.0,0.0,0.0,0.0,0.0,0.0,0.0,ok,straight,4.7184,8.467,14.8187,3.439,5.5287,8.1603,False,"[-0.0653, -0.3916, -0.0, -0.0]","[-236.7774, -2709.8747, -3092.7452, -227322.0522]","[1.6958, -1002709.076, -1003091.9464, -1227321.2534]","[8.16, 6.934, 7.875, 13.405]","[[[1.9727, 0.0], [3.6858, 0.0], [5.9701, 0.0], [8.5399, -0.1305], [9.1109, -0.1305], [10.253, -0.1305]], [[1.9727, 0.0], [3.6858, 0.0], [5.9701, 0.0], [8.5399, -0.1305], [13.9649, 0.2611], [12.8228, 0.7833]], [[1.9727, 0.0], [3.6858, 0.0], [5.9701, 0.0], [8.5399, -0.1305], [7.6833, -0.3916], [13.3939, 0.0]], [[1.9727, 0.0], [3.6858, 0.0], [5.9701, 0.0], [8.5399, -0.1305], [7.3977, 0.0], [69.6432, 0.0]]]",2.5304,0.0,0.0,0.0,0.0,0.0,0.0,True,"[1, 1, 1]",0.0,0.0,0.0,6.9337,4.0,4.7184,8.467,12.2954,3.439,5.5287,6.9337,"[[1.973, 0.0], [3.686, 0.0], [5.97, 0.0], [8.54, -0.131], [9.111, -0.131], [10.253, -0.131]]",ok,13.4052,0.0,0.0,0.0,0.0,0.0,0.0,0.0,0.0,0.0,e829650532104af6bdb060d75924421f,scene-0783,42
5.0595,11.3395,17.4084,3.8188,6.5718,9.5736,0.0,0.0,0.0,0.0,0.0,0.0,0.0,0.0,0.0,ok,straight,5.0595,11.3395,17.4084,3.8188,6.6431,9.7163,False,"[-0.0, -0.5222, -0.0, -0.1305]","[-54.8236, -333.7457, -2594.34, -6298.1257]","[3.8369, 1.2853, -1002592.1722, -1006295.9579]","[9.716, 8.82, 9.431, 9.622]","[[[1.6871, 0.0], [3.6858, 0.0], [5.6846, 0.0], [6.8267, 0.0], [8.5399, 0.0], [10.253, 0.0]], [[1.6871, 0.0], [3.6858, 0.0], [5.6846, 0.0], [6.8267, 0.0], [10.253, 0.1305], [13.9649, -1.0444]], [[1.6871, 0.0], [3.6858, 0.0], [5.6846, 0.0], [6.8267, 0.0], [11.1096, 0.1305], [9.3964, 0.0]], [[1.6871, 0.0], [3.6858, 0.0], [5.6846, 0.0], [6.8267, 0.0], [11.9662, -0.1305], [7.3977, 0.2611]]]",0.3487,0.0,0.0,0.0,0.0,0.0,0.0,True,"[1, 1, 1]",0.0,0.0,0.0,8.8202,4.0,5.0595,11.3395,13.7453,3.8188,6.6431,8.8202,"[[1.687, 0.0], [3.686, 0.0], [5.685, 0.0], [6.827, 0.0], [8.54, 0.0], [10.253, 0.0]]",ok,9.7163,0.0,0.0,0.0,0.0,0.0,0.0,0.0,0.0,0.0,28553ad064614cb09fa5d4f12e4fa064,scene-0783,42
3.5687,7.3325,9.2282,2.4422,4.2726,5.9082,0.0,0.0,0.0,0.0,0.0,0.0,0.0,0.0,0.0,ok,straight,4.1394,4.778,10.5047,3.013,3.9953,5.7492,True,"[-1.6319, -0.0653, -0.4569, -0.0653]","[-1226.7664, -2380.0943, -6081.3022, -8421.9399]","[-1001223.9106, -1002377.2385, -1006078.4464, -1008419.0841]","[5.749, 5.722, 5.39, 5.962]","[[[2.5437, 0.0], [4.828, 0.0], [8.2543, 0.2611], [13.1083, 0.1305], [14.2505, 0.2611], [15.6781, 3.2637]], [[2.5437, 0.0], [4.828, 0.0], [8.2543, 0.2611], [13.1083, 0.1305], [13.1083, 0.0], [16.2492, -0.1305]], [[2.5437, 0.0], [4.828, 0.0], [8.2543, 0.2611], [13.1083, 0.1305], [12.2517, 0.1305], [19.1045, -0.9138]], [[2.5437, 0.0], [4.828, 0.0], [8.2543, 0.2611], [13.1083, 0.1305], [10.8241, 0.2611], [17.1058, -0.1305]]]",0.2047,0.0,0.0,0.0,0.0,0.0,0.0,False,"[1, 1, 1]",0.0,0.0,0.0,5.3899,4.0,4.1394,4.778,6.3651,3.013,3.9953,5.3899,"[[2.544, 0.0], [4.828, 0.0], [8.254, 0.261], [13.108, 0.131], [14.25, 0.261], [15.678, 3.264]]",ok,5.9621,0.0,0.0,0.0,0.0,0.0,0.0,0.0,0.0,0.0,73ec2b6b0f8541bbbd01ab56134a2abd,scene-0783,42
1.5356,1.8592,0.6259,1.2063,1.5605,1.3787,0.0,0.0,0.0,0.0,0.0,0.0,0.0,0.0,0.0,ok,straight,1.5356,1.5818,0.6259,1.2063,1.3502,1.2384,True,"[-0.0, -0.5222, -0.4569, -1.3055]","[-39.4056, -264.1326, -966.8686, -1867.8782]","[5.9318, 4.5038, 3.6571, -1001864.2087]","[1.238, 1.377, 1.889, 2.057]","[[[2.2582, 0.0], [4.2569, 0.0], [6.5412, 0.0], [7.9688, 0.0], [9.1109, 0.0], [10.5386, 0.0]], [[2.2582, 0.0], [4.2569, 0.0], [6.5412, 0.0], [7.9688, 0.0], [9.682, 0.3916], [8.8254, 1.0444]], [[2.2582, 0.0], [4.2569, 0.0], [6.5412, 0.0], [7.9688, 0.0], [11.6807, -1.6971], [13.9649, -0.9138]], [[2.2582, 0.0], [4.2569, 0.0], [6.5412, 0.0], [7.9688, 0.0], [10.253, 1.1749], [16.2492, -2.611]]]",0.3413,0.0,0.0,0.0,0.0,0.0,0.0,True,"[1, 1, 1]",0.0,0.0,0.0,1.2384,4.0,1.5356,1.5818,0.6259,1.2063,1.3502,1.2384,"[[2.258, 0.0], [4.257, 0.0], [6.541, 0.0], [7.969, 0.0], [9.111, 0.0], [10.539, 0.0]]",ok,2.0567,0.0,0.0,0.0,0.0,0.0,0.0,0.0,0.0,0.0,4a0987ae93eb4cb7b77e94f8ab034a27,scene-0783,42
1.1122,1.1136,2.5412,0.6754,0.8945,1.2055,0.0,0.0,0.0,0.0,0.0,0.0,0.0,0.0,0.0,ok,straight,1.1122,1.1136,2.5412,0.6754,0.8945,1.2055,False,"[-0.0, -0.0, -0.1305, -0.0]","[-89.183, -90.5705, -1578473.3612, -1587963.3149]","[4.6181, 4.6181, -2578470.3204, -2587960.2741]","[1.205, 0.921, 12.676, 12.579]","[[[0.2595, 0.0], [1.1161, 0.0], [1.1161, 0.0], [1.1161, 0.0], [1.1161, 0.0], [2.5437, 0.0]], [[0.2595, 0.0], [1.1161, 0.0], [1.1161, 0.0], [1.1161, 0.0], [1.4016, -0.1305], [0.545, 0.0]], [[0.2595, 0.0], [1.1161, 0.0], [1.1161, 0.0], [1.1161, 0.0], [69.6432, 0.3916], [2.8293, -0.2611]], [[0.2595, 0.0], [1.1161, 0.0], [1.1161, 0.0], [1.1161, 0.0], [69.6432, 0.0], [2.2582, 0.0]]]",5.7832,0.0,0.0,0.0,0.0,0.0,0.0,True,"[1, 1, 1]",0.0,0.0,0.0,0.9207,4.0,1.1122,1.1136,0.5428,0.6754,0.8945,0.9207,"[[0.259, 0.0], [1.116, 0.0], [1.116, 0.0], [1.116, 0.0], [1.116, 0.0], [2.544, 0.0]]",ok,12.6761,0.0,0.0,0.0,0.0,0.0,0.0,0.0,0.0,0.0,abad69b7e6194c95b18a054aa082cfb8,scene-0784,42
1.6871,2.5437,5.1135,0.9733,1.6871,2.6389,0.0,0.0,0.0,0.0,0.0,0.0,0.0,0.0,0.0,ok,straight,0.8306,2.5437,5.1135,0.6878,1.6158,2.5913,True,"[-0.0, -0.0, -0.2611, -0.0653]","[-439.9739, -855.4156, -991.6383, -463971.5301]","[3.9101, -1000852.847, -1000989.0697, -1463968.9615]","[2.591, 1.64, 2.357, 8.085]","[[[0.545, 0.0], [0.8306, 0.0], [2.5437, 0.0], [2.5437, 0.0], [3.9714, 0.0], [5.1135, 0.0]], [[0.545, 0.0], [0.8306, 0.0], [2.5437, 0.0], [2.5437, 0.0], [0.8306, 0.0], [2.5437, 0.0]], [[0.545, 0.0], [0.8306, 0.0], [2.5437, 0.0], [2.5437, 0.0], [1.9727, 0.0], [5.6846, 0.5222]], [[0.545, 0.0], [0.8306, 0.0], [2.5437, 0.0], [2.5437, 0.0], [38.235, -9.9218], [2.5437, -0.1305]]]",2.574,0.0,0.0,0.0,0.0,0.0,0.0,True,"[1, 1, 1]",0.0,0.0,0.0,1.6396,4.0,0.8306,2.5437,2.5437,0.6878,1.6158,1.6396,"[[0.545, 0.0], [0.831, 0.0], [2.544, 0.0], [2.544, 0.0], [3.971, 0.0], [5.113, 0.0]]",ok,8.0851,0.0,0.0,0.0,0.0,0.0,0.0,0.0,0.0,0.0,e821c04bbefc4fea85433c8976e786d0,scene-0784,42
1.6871,3.1148,4.5424,1.2588,2.0441,2.7817,0.0,0.0,0.0,0.0,0.0,0.0,0.0,0.0,0.0,ok,straight,1.6871,3.1148,4.5424,1.2588,2.0441,2.7817,False,"[-0.0, -0.1305, -0.0, -0.1958]","[-12.5356, -141.8131, -809.5344, -9833.5047]","[4.4561, 2.8852, -1000806.6911, -1009830.6613]","[2.782, 2.546, 2.979, 3.452]","[[[0.8306, 0.0], [1.6871, 0.0], [2.5437, 0.0], [3.1148, 0.0], [3.9714, 0.0], [4.5424, 0.0]], [[0.8306, 0.0], [1.6871, 0.0], [2.5437, 0.0], [3.1148, 0.0], [2.8293, 0.1305], [4.2569, -0.2611]], [[0.8306, 0.0], [1.6871, 0.0], [2.5437, 0.0], [3.1148, 0.0], [5.399, -0.6527], [4.2569, 0.0]], [[0.8306, 0.0], [1.6871, 0.0], [2.5437, 0.0], [3.1148, 0.0], [9.1109, -0.1305], [3.4003, 0.3916]]]",0.3332,0.0,0.0,0.0,0.0,0.0,0.0,True,"[1, 1, 1]",0.0,0.0,0.0,2.5456,4.0,1.6871,3.1148,4.2649,1.2588,2.0441,2.5456,"[[0.831, 0.0], [1.687, 0.0], [2.544, 0.0], [3.115, 0.0], [3.971, 0.0], [4.542, 0.0]]",ok,3.4518,0.0,0.0,0.0,0.0,0.0,0.0,0.0,0.0,0.0,c6b40ac823cd4e0fb1c99b9602364b0d,scene-0784,42
1.6871,3.6858,5.1152,1.4016,2.2582,3.0199,0.0,0.0,0.0,0.0,0.0,0.0,0.0,0.0,0.0,ok,straight,1.6871,3.6858,5.1152,1.4016,2.2582,3.0199,False,"[-0.0653, -0.1305, -0.3916, -0.1305]","[-85.4178, -4895.5588, -7484.0172, -19798.4153]","[4.5709, -1004892.9962, -1007481.4546, -1019795.8526]","[3.02, 4.544, 3.644, 4.451]","[[[1.1161, 0.0], [1.6871, 0.0], [2.5437, 0.0], [3.6858, 0.0], [3.9714, 0.0], [5.1135, -0.1305]], [[1.1161, 0.0], [1.6871, 0.0], [2.5437, 0.0], [3.6858, 0.0], [3.9714, -0.2611], [14.2505, 0.2611]], [[1.1161, 0.0], [1.6871, 0.0], [2.5437, 0.0], [3.6858, 0.0], [1.6871, -0.1305], [11.1096, -0.7833]], [[1.1161, 0.0], [1.6871, 0.0], [2.5437, 0.0], [3.6858, 0.0], [12.5373, 0.6527], [5.1135, 0.2611]]]",0.6242,0.0,0.0,0.0,0.0,0.0,0.0,True,"[1, 1, 1]",0.0,0.0,0.0,3.0199,4.0,1.6871,3.6858,5.1152,1.4016,2.2582,3.0199,"[[1.116, 0.0], [1.687, 0.0], [2.544, 0.0], [3.686, 0.0], [3.971, 0.0], [5.113, -0.131]]",ok,4.5443,0.0,0.0,0.0,0.0,0.0,0.0,0.0,0.0,0.0,e39400ef772142919c70b68f77780294,scene-0784,42
1.1161,0.0261,1.1161,0.6878,0.6294,0.7916,0.0,0.0,0.0,0.0,0.0,0.0,0.0,0.0,0.0,ok,straight,1.9727,0.0261,1.1161,1.4016,0.9863,1.0296,False,"[-0.0, -0.0653, -0.1305, -0.0653]","[-512.2486, -1456.6459, -2775.5766, -4823.3331]","[4.6864, -1001454.5358, -1002773.4665, -1004821.223]","[1.03, 1.458, 3.267, 3.314]","[[[0.8306, 0.0], [1.9727, 0.0], [1.1161, 0.0], [-0.026, 0.0], [1.1161, 0.0], [1.1161, 0.0]], [[0.8306, 0.0], [1.9727, 0.0], [1.1161, 0.0], [-0.026, 0.0], [2.5437, 0.0], [2.2582, -0.1305]], [[0.8306, 0.0], [1.9727, 0.0], [1.1161, 0.0], [-0.026, 0.0], [5.399, 0.0], [10.253, 0.2611]], [[0.8306, 0.0], [1.9727, 0.0], [1.1161, 0.0], [-0.026, 0.0], [1.6871, 0.0], [14.2505, -0.1305]]]",1.0345,0.0,0.0,0.0,0.0,0.0,0.0,True,"[1, 1, 1]",0.0,0.0,0.0,1.0296,4.0,1.9727,0.0261,1.1161,1.4016,0.9863,1.0296,"[[0.831, 0.0], [1.973, 0.0], [1.116, 0.0], [-0.026, 0.0], [1.116, 0.0], [1.116, 0.0]]",ok,3.3139,1.0,1.0,1.0,1.0,1.0,1.0,0.5,0.75,0.6666666666666666,159f9a70a6d64e27a38b3b2668b5a68e,scene-0794,42
1.1161,0.026,0.545,0.6878,0.6294,0.6013,0.0,0.0,0.0,0.0,0.0,0.0,0.0,0.0,0.0,ok,straight,1.1161,0.026,1.1161,0.9733,0.7722,0.8868,False,"[-0.0, -0.0, -0.2611, -0.1305]","[-448.9803, -8549.4264, -46334.9249, -198009.9176]","[4.3103, -1008546.8101, -1046332.3086, -1198007.3013]","[0.887, 1.839, 8.597, 12.832]","[[[0.8306, 0.0], [1.1161, 0.0], [1.1161, 0.0], [-0.026, 0.0], [1.1161, 0.0], [1.1161, 0.0]], [[0.8306, 0.0], [1.1161, 0.0], [1.1161, 0.0], [-0.026, 0.0], [5.6846, 0.1305], [2.2582, 0.0]], [[0.8306, 0.0], [1.1161, 0.0], [1.1161, 0.0], [-0.026, 0.0], [5.9701, 0.0], [42.5179, -0.5222]], [[0.8306, 0.0], [1.1161, 0.0], [1.1161, 0.0], [-0.026, 0.0], [4.2569, -0.1305], [69.6432, -0.2611]]]",4.9212,0.0,0.0,0.0,0.0,0.0,0.0,True,"[1, 1, 1]",0.0,0.0,0.0,0.8868,4.0,1.1161,0.026,1.1161,0.9733,0.7722,0.8868,"[[0.831, 0.0], [1.116, 0.0], [1.116, 0.0], [-0.026, 0.0], [1.116, 0.0], [1.116, 0.0]]",ok,12.8319,1.0,1.0,1.0,1.0,1.0,1.0,0.5,0.75,0.6666666666666666,8e7b267872c04c2b8a49b034ce6a9180,scene-0794,42
1.1161,0.1549,0.1785,0.6878,0.6521,0.4951,0.0,0.0,0.0,0.0,0.0,0.0,0.0,0.0,0.0,ok,straight,2.2582,1.2727,0.1785,1.6871,1.8595,1.3001,False,"[-0.0, -0.0, -0.0, -0.0]","[-174.1429, -6836.1247, -7888.9033, -24798.1734]","[2.555, -1006834.6432, -1007887.4218, -1024796.6919]","[1.3, 2.988, 2.608, 3.178]","[[[1.1161, 0.0], [2.2582, 0.0], [2.8293, 0.0], [1.4016, 0.0], [-0.026, 0.0], [-0.026, 0.0]], [[1.1161, 0.0], [2.2582, 0.0], [2.8293, 0.0], [1.4016, 0.0], [6.5412, -0.2611], [4.2569, 0.0]], [[1.1161, 0.0], [2.2582, 0.0], [2.8293, 0.0], [1.4016, 0.0], [6.2556, -0.2611], [2.2582, 0.0]], [[1.1161, 0.0], [2.2582, 0.0], [2.8293, 0.0], [1.4016, 0.0], [9.9675, 0.0], [1.9727, 0.0]]]",0.7328,0.0,0.0,0.0,0.0,0.0,0.0,True,"[1, 1, 1]",0.0,0.0,0.0,1.3001,4.0,2.2582,1.2727,0.1785,1.6871,1.8595,1.3001,"[[1.116, 0.0], [2.258, 0.0], [2.829, 0.0], [1.402, 0.0], [-0.026, 0.0], [-0.026, 0.0]]",ok,3.178,1.0,1.0,0.0,1.0,1.0,1.0,0.5,0.75,0.5,4f497d33a81042ae992f5109f2ea072f,scene-0794,42
1.3011,4.4601,8.5103,0.8095,2.1927,3.9034,0.0,0.0,0.0,0.0,0.0,0.0,0.0,0.0,0.0,ok,straight,1.3011,4.4601,8.5103,0.8095,2.1927,3.9034,False,"[-0.0, -0.1958, -0.0, -0.0653]","[-0.013, -1428.8033, -2153.6864, -4452.5534]","[3.3083, -1001427.5594, -1002152.4425, -1004451.3095]","[3.903, 2.461, 2.409, 2.859]","[[[-0.026, 0.0], [-0.026, 0.0], [-0.026, 0.0], [-0.026, 0.0], [-0.026, 0.0], [-0.026, 0.0]], [[-0.026, 0.0], [-0.026, 0.0], [-0.026, 0.0], [-0.026, 0.0], [0.8306, 0.0], [7.9688, 0.3916]], [[-0.026, 0.0], [-0.026, 0.0], [-0.026, 0.0], [-0.026, 0.0], [0.545, 0.0], [8.5399, 0.0]], [[-0.026, 0.0], [-0.026, 0.0], [-0.026, 0.0], [-0.026, 0.0], [4.5424, 0.1305], [1.6871, 0.1305]]]",0.6006,0.0,0.0,0.0,0.0,0.0,0.0,True,"[1, 1, 1]",0.0,0.0,0.0,2.4086,4.0,1.3011,4.4601,0.1127,0.8095,2.1927,2.4086,"[[-0.026, 0.0], [-0.026, 0.0], [-0.026, 0.0], [-0.026, 0.0], [-0.026, 0.0], [-0.026, 0.0]]",ok,3.9034,0.0,0.0,0.0,0.0,0.0,0.0,0.0,0.0,0.0,3c55b075eee045b7918e4c12275cbdaa,scene-0794,42
3.8848,8.0796,13.9995,2.8516,5.0039,7.5826,0.0,0.0,0.0,0.0,0.0,0.0,0.0,0.0,0.0,ok,straight,3.8848,8.0796,13.9995,2.8516,5.0039,7.5826,False,"[-0.0653, -0.1958, -0.1305, -0.3916]","[-85.2063, -524.2459, -721.3635, -49302.3197]","[4.4549, 3.3651, -1000718.5719, -1049299.528]","[7.583, 6.887, 7.63, 8.03]","[[[1.1161, 0.0], [2.2582, 0.0], [3.6858, 0.0], [5.1135, 0.0], [5.6846, 0.0], [7.3977, 0.1305]], [[1.1161, 0.0], [2.2582, 0.0], [3.6858, 0.0], [5.1135, 0.0], [7.9688, 1.0444], [9.3964, -0.3916]], [[1.1161, 0.0], [2.2582, 0.0], [3.6858, 0.0], [5.1135, 0.0], [4.828, -0.2611], [7.9688, 0.2611]], [[1.1161, 0.0], [2.2582, 0.0], [3.6858, 0.0], [5.1135, 0.0], [7.1122, -1.3055], [39.3771, 0.7833]]]",0.4113,0.0,0.0,0.0,0.0,0.0,0.0,True,"[1, 1, 1]",0.0,0.0,0.0,6.8869,4.0,3.8848,8.0796,11.9706,2.8516,5.0039,6.8869,"[[1.116, 0.0], [2.258, 0.0], [3.686, 0.0], [5.113, 0.0], [5.685, 0.0], [7.398, 0.131]]",ok,8.0303,0.0,0.0,0.0,0.0,0.0,0.0,0.0,0.0,0.0,f8e8dd98088d458abb0a664330403168,scene-0795,42
4.5711,10.7845,17.1966,3.1877,6.1203,9.1023,0.0,0.0,0.0,0.0,0.0,0.0,0.0,0.0,0.0,ok,straight,4.5711,10.7845,15.8907,3.1877,6.1203,8.9796,True,"[-0.3264, -0.1305, -1.5013, -0.0653]","[-71.3331, -296.2263, -427.0362, -459.9832]","[4.9886, 3.8521, 0.643, -1000456.8893]","[8.98, 9.102, 8.766, 9.913]","[[[3.1148, 0.0], [5.9701, -0.1305], [8.5399, -0.1305], [10.5386, -0.1305], [13.3939, -0.2611], [16.8202, 0.6527]], [[3.1148, 0.0], [5.9701, -0.1305], [8.5399, -0.1305], [10.5386, -0.1305], [13.9649, -0.2611], [15.3926, -0.2611]], [[3.1148, 0.0], [5.9701, -0.1305], [8.5399, -0.1305], [10.5386, -0.1305], [14.2505, -0.2611], [17.1058, -3.0026]], [[3.1148, 0.0], [5.9701, -0.1305], [8.5399, -0.1305], [10.5386, -0.1305], [12.8228, -0.3916], [11.6807, 0.1305]]]",0.4342,0.0,0.0,0.0,0.0,0.0,0.0,True,"[1, 1, 1]",0.0,0.0,0.0,8.7655,4.0,4.5711,10.7845,15.4602,3.1877,6.1203,8.7655,"[[3.115, 0.0], [5.97, -0.131], [8.54, -0.131], [10.539, -0.131], [13.394, -0.261], [16.82, 0.653]]",ok,9.9125,0.0,0.0,0.0,0.0,0.0,0.0,0.0,0.0,0.0,12494592c7614f2992bca2614f6b04e6,scene-0795,42
6.4278,13.7488,21.4638,4.8746,8.6117,12.1369,0.0,0.0,0.0,0.0,0.0,0.0,0.0,0.0,0.0,ok,straight,6.4278,13.7488,19.7508,4.8746,8.6117,11.8514,True,"[-0.0653, -0.0653, -7.115, -0.2611]","[-270.2594, -448.9463, -26732.9685, -28357.4795]","[6.8588, 6.8457, -1026727.7141, -1028352.2251]","[11.851, 12.188, 12.234, 13.897]","[[[3.1148, 0.0], [6.5412, 0.0], [8.5399, 0.0], [12.2517, 0.0], [16.2492, -0.1305], [19.9611, -0.1305]], [[3.1148, 0.0], [6.5412, 0.0], [8.5399, 0.0], [12.2517, 0.0], [16.2492, 0.3916], [17.9623, 0.1305]], [[3.1148, 0.0], [6.5412, 0.0], [8.5399, 0.0], [12.2517, 0.0], [21.6742, 0.2611], [15.9636, -14.2299]], [[3.1148, 0.0], [6.5412, 0.0], [8.5399, 0.0], [12.2517, 0.0], [5.9701, 0.0], [17.9623, -0.5222]]]",0.796,0.0,0.0,0.0,0.0,0.0,0.0,True,"[1, 1, 1]",0.0,0.0,0.0,11.8514,4.0,6.4278,13.7488,19.7508,4.8746,8.6117,11.8514,"[[3.115, 0.0], [6.541, 0.0], [8.54, 0.0], [12.252, 0.0], [16.249, -0.131], [19.961, -0.131]]",ok,13.8974,0.0,0.0,0.0,0.0,0.0,0.0,0.0,0.0,0.0,3b8e9827e2d44455b6ff48ee5982b77a,scene-0795,42
5.6336,10.7648,16.1017,4.0738,6.6299,9.2662,0.0,0.0,0.0,0.0,0.0,0.0,0.0,0.0,0.0,ok,straight,5.6336,10.7648,15.2455,4.0738,6.6299,9.1235,True,"[-0.1305, -0.3916, -0.0653, -0.3916]","[-218.5417, -202.9192, -45730.5709, -100131.2359]","[3.4095, 1.6537, -1045728.8135, -1100129.4785]","[9.123, 9.264, 7.697, 11.615]","[[[3.6858, 0.0], [6.8267, 0.0], [11.1096, -0.1305], [14.2505, -0.1305], [18.2479, -0.1305], [22.2453, -0.2611]], [[3.6858, 0.0], [6.8267, 0.0], [11.1096, -0.1305], [14.2505, -0.1305], [17.9623, -0.5222], [21.6742, -0.7833]], [[3.6858, 0.0], [6.8267, 0.0], [11.1096, -0.1305], [14.2505, -0.1305], [29.098, -0.6527], [19.9611, -0.1305]], [[3.6858, 0.0], [6.8267, 0.0], [11.1096, -0.1305], [14.2505, -0.1305], [20.2466, -0.2611], [69.6432, 0.7833]]]",1.4055,0.0,0.0,0.0,0.0,0.0,0.0,True,"[1, 1, 1]",0.0,0.0,0.0,7.6966,4.0,5.6336,10.7648,17.5329,4.0738,6.6299,7.6966,"[[3.686, 0.0], [6.827, 0.0], [11.11, -0.131], [14.25, -0.131], [18.248, -0.131], [22.245, -0.261]]",ok,11.6154,0.0,0.0,0.0,0.0,0.0,0.0,0.0,0.0,0.0,1be40a3cf7474c6293b5639a2d498b97,scene-0795,42
5.5578,10.2169,13.0681,4.4796,6.8069,8.6627,0.0,0.0,0.0,0.0,0.0,0.0,0.0,0.0,0.0,ok,straight,5.2772,10.2169,14.5097,4.1966,6.6653,8.8562,False,"[-0.0, -0.1305, -0.1958, -0.0653]","[-51.7652, -49.939, -9813.1473, -17468.6657]","[5.458, 3.6694, -1009809.9598, -1017465.4783]","[8.856, 8.663, 9.09, 8.058]","[[[4.5424, 0.0], [8.8254, 0.0], [12.5373, -0.1305], [16.8202, -0.1305], [21.3887, -0.1305], [25.1006, 0.0]], [[4.5424, 0.0], [8.8254, 0.0], [12.5373, -0.1305], [16.8202, -0.1305], [21.6742, -0.1305], [25.9572, -0.2611]], [[4.5424, 0.0], [8.8254, 0.0], [12.5373, -0.1305], [16.8202, -0.1305], [16.5347, -0.1305], [28.5269, -0.3916]], [[4.5424, 0.0], [8.8254, 0.0], [12.5373, -0.1305], [16.8202, -0.1305], [17.1058, 0.3916], [34.2375, -0.1305]]]",0.3827,0.0,0.0,0.0,0.0,0.0,0.0,True,"[1, 1, 1]",0.0,0.0,0.0,8.0578,4.0,5.2772,10.2169,5.4108,4.1966,6.6653,8.0578,"[[4.542, 0.0], [8.825, 0.0], [12.537, -0.131], [16.82, -0.131], [21.389, -0.131], [25.101, 0.0]]",ok,9.0901,0.0,0.0,0.0,0.0,0.0,0.0,0.0,0.0,0.0,c1676a2feac74eee8aa38ca3901787d6,scene-0796,42
4.4272,8.6778,14.0377,3.3299,5.5111,7.8415,0.0,0.0,0.0,0.0,0.0,0.0,0.0,0.0,0.0,ok,straight,5.8578,8.3925,14.0377,4.3306,6.2969,8.4134,False,"[-0.1305, -0.5222, -0.2611, -0.3916]","[-593.0648, -2932.9549, -9853.3537, -10288.7578]","[5.3724, -1002930.1802, -1009850.579, -1010285.9832]","[8.413, 7.525, 8.698, 8.652]","[[[3.1148, 0.0], [5.9701, 0.0], [9.682, -0.1305], [15.3926, -0.1305], [18.5334, -0.1305], [21.6742, -0.2611]], [[3.1148, 0.0], [5.9701, 0.0], [9.682, -0.1305], [15.3926, -0.1305], [22.8163, -0.2611], [22.8163, 1.0444]], [[3.1148, 0.0], [5.9701, 0.0], [9.682, -0.1305], [15.3926, -0.1305], [14.536, -0.5222], [23.9585, -0.5222]], [[3.1148, 0.0], [5.9701, 0.0], [9.682, -0.1305], [15.3926, -0.1305], [22.8163, -0.1305], [15.9636, -0.7833]]]",0.4727,0.0,0.0,0.0,0.0,0.0,0.0,True,"[1, 1, 1]",0.0,0.0,0.0,7.5247,4.0,5.8578,8.3925,12.9903,4.3306,6.2969,7.5247,"[[3.115, 0.0], [5.97, 0.0], [9.682, -0.131], [15.393, -0.131], [18.533, -0.131], [21.674, -0.261]]",ok,8.6976,0.0,0.0,0.0,0.0,0.0,0.0,0.0,0.0,0.0,17723c0411434e48875a93de4db0ecba,scene-0796,42
2.5626,4.8616,5.6318,2.0373,3.1366,4.0467,0.0,0.0,0.0,0.0,0.0,0.0,0.0,0.0,0.0,ok,straight,2.5626,5.4324,5.6318,2.0373,3.2793,4.1418,False,"[-0.0653, -1.6319, -0.0653, -1.2402]","[-90.0542, -565.4292, -1369.3907, -88693.2944]","[3.8609, -1000563.1411, -1001367.1026, -1088691.0063]","[4.142, 5.263, 4.671, 8.899]","[[[4.5424, 0.0], [9.3964, 0.0], [14.2505, -0.1305], [18.2479, -0.1305], [23.3874, -0.1305], [29.6691, -0.1305]], [[4.5424, 0.0], [9.3964, 0.0], [14.2505, -0.1305], [18.2479, -0.1305], [22.2453, 0.0], [24.5295, -3.2637]], [[4.5424, 0.0], [9.3964, 0.0], [14.2505, -0.1305], [18.2479, -0.1305], [24.244, -0.6527], [25.6716, -0.1305]], [[4.5424, 0.0], [9.3964, 0.0], [14.2505, -0.1305], [18.2479, -0.1305], [23.6729, -0.5222], [69.6432, 2.4804]]]",1.8644,0.0,0.0,0.0,0.0,0.0,0.0,True,"[1, 1, 1]",0.0,0.0,0.0,4.1418,4.0,2.5626,5.4324,5.6318,2.0373,3.2793,4.1418,"[[4.542, 0.0], [9.396, 0.0], [14.25, -0.131], [18.248, -0.131], [23.387, -0.131], [29.669, -0.131]]",ok,8.8989,0.0,0.0,0.0,0.0,0.0,0.0,0.0,0.0,0.0,61d47d1198184bfdaa6777e9448d825d,scene-0796,42
2.7184,5.3317,6.4327,2.1287,3.4456,4.5006,0.0,0.0,0.0,0.0,0.0,0.0,0.0,0.0,0.0,ok,straight,2.7184,5.9027,8.1484,2.1287,3.5884,5.0243,False,"[-0.0653, -0.1305, -0.3916, -8.2899]","[-37.796, -37.1916, -3718.2475, -15134.5415]","[3.671, 3.6525, -1003715.9489, -1015132.243]","[5.024, 4.596, 4.74, 5.894]","[[[4.5424, 0.0], [9.3964, -0.1305], [13.9649, -0.1305], [18.2479, -0.1305], [22.5308, -0.2611], [27.9559, -0.1305]], [[4.5424, 0.0], [9.3964, -0.1305], [13.9649, -0.1305], [18.2479, -0.1305], [23.3874, -0.1305], [29.6691, -0.2611]], [[4.5424, 0.0], [9.3964, -0.1305], [13.9649, -0.1305], [18.2479, -0.1305], [25.9572, -0.1305], [26.2427, -0.7833]], [[4.5424, 0.0], [9.3964, -0.1305], [13.9649, -0.1305], [18.2479, -0.1305], [26.2427, -0.1305], [33.952, 16.5798]]]",0.5037,0.0,0.0,0.0,0.0,0.0,0.0,True,"[1, 1, 1]",0.0,0.0,0.0,4.5958,4.0,2.7184,5.9027,6.4327,2.1287,3.5884,4.5958,"[[4.542, 0.0], [9.396, -0.131], [13.965, -0.131], [18.248, -0.131], [22.531, -0.261], [27.956, -0.131]]",ok,5.8942,0.0,0.0,0.0,0.0,0.0,0.0,0.0,0.0,0.0,fa51f1910942494cbe396640010fea64,scene-0796,42
2.6063,4.1138,4.4004,1.9722,2.8802,3.2424,0.0,0.0,0.0,0.0,0.0,0.0,0.0,0.0,0.0,ok,straight,2.6063,4.1138,4.6882,1.9722,2.8802,3.5285,False,"[-0.0653, -0.1305, -0.1958, -0.5222]","[-60.2906, -118.4993, -617.6009, -7046.209]","[3.6746, 3.2835, -1000615.5002, -1007044.1083]","[3.528, 3.242, 2.768, 3.558]","[[[4.5424, 0.0], [9.1109, -0.1305], [13.9649, -0.1305], [18.8189, -0.1305], [23.3874, -0.1305], [29.3835, -0.1305]], [[4.5424, 0.0], [9.1109, -0.1305], [13.9649, -0.1305], [18.8189, -0.1305], [24.8151, -0.2611], [29.6691, -0.2611]], [[4.5424, 0.0], [9.1109, -0.1305], [13.9649, -0.1305], [18.8189, -0.1305], [23.9585, -0.1305], [33.381, -0.3916]], [[4.5424, 0.0], [9.1109, -0.1305], [13.9649, -0.1305], [18.8189, -0.1305], [20.2466, -0.1305], [32.5244, -1.0444]]]",0.3171,0.0,0.0,0.0,0.0,0.0,0.0,True,"[1, 1, 1]",0.0,0.0,0.0,2.7682,4.0,2.6063,4.1138,0.6975,1.9722,2.8802,2.7682,"[[4.542, 0.0], [9.111, -0.131], [13.965, -0.131], [18.819, -0.131], [23.387, -0.131], [29.384, -0.131]]",ok,3.5578,0.0,0.0,0.0,0.0,0.0,0.0,0.0,0.0,0.0,604d12ebcf784c3f945189f79262f19c,scene-0797,42
1.8111,4.2331,8.9695,1.285,2.3946,4.2351,0.0,0.0,0.0,0.0,0.0,0.0,0.0,0.0,0.0,ok,straight,1.8111,4.2331,8.9695,1.285,2.6087,4.5682,False,"[-0.0653, -0.1958, -0.2611, -0.1958]","[-1202.4265, -6580.0392, -7441.6678, -101487.0725]","[-1001199.0196, -1006576.6323, -1007438.2609, -1101483.6655]","[4.568, 5.761, 5.002, 10.711]","[[[4.828, 0.0], [9.682, 0.0], [15.107, -0.1305], [19.1045, -0.1305], [25.9572, -0.1305], [29.6691, -0.1305]], [[4.828, 0.0], [9.682, 0.0], [15.107, -0.1305], [19.1045, -0.1305], [29.6691, -0.9138], [33.0954, -0.3916]], [[4.828, 0.0], [9.682, 0.0], [15.107, -0.1305], [19.1045, -0.1305], [28.8125, -0.1305], [29.3835, 0.5222]], [[4.828, 0.0], [9.682, 0.0], [15.107, -0.1305], [19.1045, -0.1305], [22.8163, 0.2611], [69.6432, -0.3916]]]",2.4624,0.0,0.0,0.0,0.0,0.0,0.0,False,"[1, 1, 1]",0.0,0.0,0.0,4.5682,4.0,1.8111,4.2331,8.9695,1.285,2.6087,4.5682,"[[4.828, 0.0], [9.682, 0.0], [15.107, -0.131], [19.104, -0.131], [25.957, -0.131], [29.669, -0.131]]",ok,10.711,0.0,0.0,0.0,0.0,0.0,0.0,0.0,0.0,0.0,b285e88bcfe943ae9d5a398f11bff413,scene-0797,42
1.3609,3.1973,3.5469,0.9617,1.9123,2.3837,0.0,0.0,0.0,0.0,0.0,0.0,0.0,0.0,0.0,ok,straight,1.3609,3.1973,3.5469,0.9617,1.7696,2.2885,True,"[-0.0, -0.0, -0.0653, -0.0653]","[-151.0101, -177.7733, -317.6421, -3754.0659]","[3.3955, 3.3781, 1.2869, -1003752.2893]","[2.289, 2.955, 2.908, 3.716]","[[[1.1161, 0.0], [2.2582, 0.0], [3.1148, 0.0], [4.5424, 0.0], [4.5424, 0.0], [5.1135, 0.0]], [[1.1161, 0.0], [2.2582, 0.0], [3.1148, 0.0], [4.5424, 0.0], [5.399, -0.1305], [8.2543, 0.0]], [[1.1161, 0.0], [2.2582, 0.0], [3.1148, 0.0], [4.5424, 0.0], [5.1135, -0.1305], [8.2543, -0.1305]], [[1.1161, 0.0], [2.2582, 0.0], [3.1148, 0.0], [4.5424, 0.0], [9.9675, -0.1305], [8.2543, -0.1305]]]",0.5064,0.0,0.0,0.0,0.0,0.0,0.0,True,"[1, 1, 1]",0.0,0.0,0.0,2.2885,4.0,1.3609,3.1973,3.5469,0.9617,1.7696,2.2885,"[[1.116, 0.0], [2.258, 0.0], [3.115, 0.0], [4.542, 0.0], [4.542, 0.0], [5.113, 0.0]]",ok,3.7164,0.0,1.0,1.0,0.0,1.0,1.0,0.0,0.5,0.6666666666666666,6434e21a18934c759cddbec6254d66d2,scene-0797,42
1.3908,3.3339,4.7628,1.1816,1.9703,2.6632,0.0,0.0,0.0,0.0,0.0,0.0,0.0,0.0,0.0,ok,straight,1.3908,3.3339,4.7628,1.1816,1.9703,2.7108,False,"[-0.0, -0.0653, -0.0, -0.0653]","[-85.0361, -22.8049, -2953.3349, -3590.8222]","[3.7544, 1.7927, -1002951.5516, -1003589.0389]","[2.711, 3.568, 3.091, 2.854]","[[[1.1161, 0.0], [1.6871, 0.0], [2.5437, 0.0], [3.6858, 0.0], [3.9714, 0.0], [5.1135, 0.0]], [[1.1161, 0.0], [1.6871, 0.0], [2.5437, 0.0], [3.6858, 0.0], [5.6846, 0.0], [8.5399, -0.1305]], [[1.1161, 0.0], [1.6871, 0.0], [2.5437, 0.0], [3.6858, 0.0], [7.3977, 0.0], [3.9714, 0.0]], [[1.1161, 0.0], [1.6871, 0.0], [2.5437, 0.0], [3.6858, 0.0], [1.9727, 0.0], [7.9688, 0.1305]]]",0.3252,0.0,0.0,0.0,0.0,0.0,0.0,True,"[1, 1, 1]",0.0,0.0,0.0,2.7108,4.0,1.3908,3.3339,4.7628,1.1816,1.9703,2.7108,"[[1.116, 0.0], [1.687, 0.0], [2.544, 0.0], [3.686, 0.0], [3.971, 0.0], [5.113, 0.0]]",ok,3.5675,0.0,1.0,0.0,0.0,1.0,1.0,0.0,0.5,0.5,ea79b764adb244969b8df0897674695d,scene-0797,42
1.8853,4.2028,4.2641,1.5007,2.6396,3.255,0.0,0.0,0.0,0.0,0.0,0.0,0.0,0.0,0.0,ok,straight,1.8853,4.2028,3.693,1.5007,2.6396,3.1599,True,"[-0.0, -0.0, -0.0, -0.1305]","[-69.9754, -822.5707, -983.5663, -295235.5904]","[3.7674, -1000819.9623, -1000980.9579, -1295232.982]","[3.16, 3.779, 2.214, 12.917]","[[[1.1161, 0.0], [1.9727, 0.0], [3.6858, 0.0], [5.1135, 0.0], [6.5412, 0.0], [6.8267, 0.0]], [[1.1161, 0.0], [1.9727, 0.0], [3.6858, 0.0], [5.1135, 0.0], [8.5399, 0.1305], [8.5399, 0.0]], [[1.1161, 0.0], [1.9727, 0.0], [3.6858, 0.0], [5.1135, 0.0], [2.5437, 0.0], [1.1161, 0.0]], [[1.1161, 0.0], [1.9727, 0.0], [3.6858, 0.0], [5.1135, 0.0], [1.4016, 0.0], [69.6432, -0.2611]]]",4.3082,0.0,0.0,0.0,0.0,0.0,0.0,True,"[1, 1, 1]",0.0,0.0,0.0,2.2144,4.0,1.8853,4.2028,2.0177,1.5007,2.6396,2.2144,"[[1.116, 0.0], [1.973, 0.0], [3.686, 0.0], [5.113, 0.0], [6.541, 0.0], [6.827, 0.0]]",ok,12.9167,0.0,1.0,1.0,0.0,1.0,1.0,0.0,0.5,0.6666666666666666,154dbc8467d64780a1acffda0193d46b,scene-0798,42
2.1543,6.24,10.808,1.6666,3.5158,5.4868,0.0,0.0,1.0,0.0,0.0,1.0,0.0,0.0,0.16666666666666666,ok,straight,2.1543,6.24,10.808,1.6666,3.5158,5.4868,False,"[-0.0653, -0.6527, -0.1305, -0.0653]","[-166.7738, -973.2529, -3682.6126, -5275.2927]","[4.0484, -1000971.0147, -1003680.3745, -1005273.0546]","[5.487, 4.335, 5.25, 6.2]","[[[1.6871, 0.0], [3.6858, 0.0], [4.5424, 0.0], [6.5412, 0.0], [8.2543, 0.0], [9.1109, -0.1305]], [[1.6871, 0.0], [3.6858, 0.0], [4.5424, 0.0], [6.5412, 0.0], [8.8254, 0.1305], [15.6781, -1.3055]], [[1.6871, 0.0], [3.6858, 0.0], [4.5424, 0.0], [6.5412, 0.0], [11.1096, -0.1305], [7.6833, -0.2611]], [[1.6871, 0.0], [3.6858, 0.0], [4.5424, 0.0], [6.5412, 0.0], [9.9675, 0.0], [3.1148, 0.1305]]]",0.6667,0.0,0.0,1.0,0.0,0.0,1.0,True,"[1, 1, 1]",0.0,0.0,0.16666666666666666,4.3348,4.0,2.1543,6.24,4.4677,1.6666,3.5158,4.3348,"[[1.687, 0.0], [3.686, 0.0], [4.542, 0.0], [6.541, 0.0], [8.254, 0.0], [9.111, -0.131]]",ok,6.2002,0.0,0.0,0.0,0.0,0.0,0.0,0.0,0.0,0.0,c9627fc5be4e465f95dc19a358dc53c2,scene-0798,42
2.2123,5.1126,6.7278,1.7279,3.1486,4.322,0.0,0.0,0.0,0.0,0.0,0.0,0.0,0.0,0.0,ok,straight,2.2123,7.3915,6.7278,1.7279,3.9335,4.8452,False,"[-0.0653, -0.0, -0.7833, -0.1305]","[-1030.7756, -3737.3396, -5545.8592, -22340.2856]","[-1001026.9921, -1003733.5561, -1005542.0758, -1022336.5022]","[4.845, 4.421, 4.441, 4.313]","[[[3.1148, 0.0], [6.5412, 0.0], [8.2543, 0.1305], [9.9675, 0.0], [15.3926, 0.1305], [19.39, 0.1305]], [[3.1148, 0.0], [6.5412, 0.0], [8.2543, 0.1305], [9.9675, 0.0], [17.3913, 0.3916], [19.9611, 0.0]], [[3.1148, 0.0], [6.5412, 0.0], [8.2543, 0.1305], [9.9675, 0.0], [17.9623, 1.8277], [19.9611, 1.5666]], [[3.1148, 0.0], [6.5412, 0.0], [8.2543, 0.1305], [9.9675, 0.0], [21.3887, 0.7833], [17.1058, -0.2611]]]",0.2025,0.0,0.0,0.0,0.0,0.0,0.0,False,"[1, 1, 1]",0.0,0.0,0.0,4.3125,4.0,2.2123,7.3915,9.0014,1.7279,3.9335,4.3125,"[[3.115, 0.0], [6.541, 0.0], [8.254, 0.131], [9.968, 0.0], [15.393, 0.131], [19.39, 0.131]]",ok,4.8452,0.0,0.0,1.0,0.0,0.0,1.0,0.0,0.0,0.16666666666666666,eda45e041045428a90be43f94abbcbda,scene-0798,42
5.7081,11.8937,17.0142,4.2224,7.2396,10.032,0.0,1.0,1.0,0.0,1.0,1.0,0.0,0.25,0.5,ok,straight,5.7081,12.1792,17.0142,4.2224,7.3109,10.0796,False,"[-0.0653, -0.0653, -0.0, -0.5875]","[-190.4493, -305.1048, -921.7482, -9447.1528]","[4.1815, 4.152, -1000918.6969, -1009444.1014]","[10.08, 9.508, 10.413, 10.179]","[[[1.9727, 0.0], [3.6858, 0.0], [5.399, 0.0], [6.5412, 0.0], [9.1109, -0.1305], [10.5386, -0.1305]], [[1.9727, 0.0], [3.6858, 0.0], [5.399, 0.0], [6.5412, 0.0], [9.9675, -0.2611], [13.1083, -0.1305]], [[1.9727, 0.0], [3.6858, 0.0], [5.399, 0.0], [6.5412, 0.0], [9.3964, 0.0], [8.2543, 0.0]], [[1.9727, 0.0], [3.6858, 0.0], [5.399, 0.0], [6.5412, 0.0], [4.2569, -0.1305], [14.8215, -1.1749]]]",0.3327,0.0,1.0,1.0,0.0,1.0,1.0,True,"[1, 1, 1]",0.0,0.25,0.5,9.5084,4.0,5.7081,12.1792,14.4447,4.2224,7.3109,9.5084,"[[1.973, 0.0], [3.686, 0.0], [5.399, 0.0], [6.541, 0.0], [9.111, -0.131], [10.539, -0.131]]",ok,10.4133,0.0,0.0,1.0,0.0,0.0,1.0,0.0,0.0,0.3333333333333333,ea69963e431145e383f0c05cd30116c7,scene-0798,42
3.1942,4.91,5.5535,2.6324,3.4185,4.2433,0.0,0.0,0.0,0.0,0.0,0.0,0.0,0.0,0.0,ok,straight,3.1942,4.91,8.4082,2.6324,3.4185,4.8618,False,"[-0.0653, -0.1305, -0.0653, -0.1305]","[-124.5291, -418.6751, -594.0908, -5741.7271]","[4.5607, 2.4343, -1000591.2153, -1005738.8516]","[4.862, 5.35, 3.482, 4.862]","[[[3.6858, 0.0], [7.3977, 0.0], [11.9662, -0.1305], [15.3926, -0.1305], [18.2479, -0.1305], [21.9598, -0.1305]], [[3.6858, 0.0], [7.3977, 0.0], [11.9662, -0.1305], [15.3926, -0.1305], [17.1058, 0.7833], [20.2466, 0.2611]], [[3.6858, 0.0], [7.3977, 0.0], [11.9662, -0.1305], [15.3926, -0.1305], [19.9611, -0.1305], [28.5269, -0.1305]], [[3.6858, 0.0], [7.3977, 0.0], [11.9662, -0.1305], [15.3926, -0.1305], [15.3926, -0.5222], [24.8151, -0.2611]]]",0.6969,0.0,0.0,0.0,0.0,0.0,0.0,True,"[1, 1, 1]",0.0,0.0,0.0,3.4825,4.0,3.1942,4.91,1.845,2.6324,3.4185,3.4825,"[[3.686, 0.0], [7.398, 0.0], [11.966, -0.131], [15.393, -0.131], [18.248, -0.131], [21.96, -0.131]]",ok,5.3502,0.0,0.0,1.0,0.0,0.0,1.0,0.0,0.0,0.16666666666666666,2eef1a0ab4484a1faa73e7c2a048149e,scene-0799,42
1.8682,3.3312,4.0466,1.3867,2.1659,2.9806,0.0,0.0,0.0,0.0,0.0,0.0,0.0,0.0,0.0,ok,straight,1.8682,3.3312,3.4762,1.3867,2.1659,2.8856,True,"[-0.0653, -0.3264, -0.1305, -0.1305]","[-552.6173, -22633.0003, -36298.6916, -110742.2645]","[-1000550.1645, -1022630.5475, -1036296.2388, -1110739.8117]","[2.886, 2.958, 3.545, 8.492]","[[[4.5424, 0.0], [9.1109, 0.0], [13.9649, -0.1305], [18.8189, -0.1305], [22.5308, -0.1305], [29.6691, -0.1305]], [[4.5424, 0.0], [9.1109, 0.0], [13.9649, -0.1305], [18.8189, -0.1305], [34.5231, -0.1305], [35.3797, -0.6527]], [[4.5424, 0.0], [9.1109, 0.0], [13.9649, -0.1305], [18.8189, -0.1305], [33.6665, 0.3916], [26.5282, -0.2611]], [[4.5424, 0.0], [9.1109, 0.0], [13.9649, -0.1305], [18.8189, -0.1305], [21.9598, -0.9138], [69.6432, -0.2611]]]",2.336,0.0,0.0,0.0,0.0,0.0,0.0,False,"[1, 1, 1]",0.0,0.0,0.0,2.8856,4.0,1.8682,3.3312,3.4762,1.3867,2.1659,2.8856,"[[4.542, 0.0], [9.111, 0.0], [13.965, -0.131], [18.819, -0.131], [22.531, -0.131], [29.669, -0.131]]",ok,8.4919,0.0,0.0,0.0,0.0,0.0,0.0,0.0,0.0,0.0,aab42793af6b4563a8ef228423189163,scene-0799,42
5.2553,9.6615,14.7308,3.6926,5.9349,8.2611,0.0,0.0,1.0,0.0,0.0,1.0,0.0,0.0,0.16666666666666666,ok,straight,5.2553,8.236,8.7378,3.6926,5.7209,6.5966,True,"[-0.0, -0.0, -0.0653, -0.1305]","[-212.4017, -409.3226, -518.8844, -24533.4228]","[4.9246, 4.9058, 3.6893, -1024529.9961]","[6.597, 7.405, 8.071, 7.167]","[[[2.8293, 0.0], [4.5424, 0.0], [6.8267, -0.1305], [11.1096, 0.0], [16.2492, 0.0], [20.2466, 0.0]], [[2.8293, 0.0], [4.5424, 0.0], [6.8267, -0.1305], [11.1096, 0.0], [13.9649, -0.1305], [17.6768, 0.0]], [[2.8293, 0.0], [4.5424, 0.0], [6.8267, -0.1305], [11.1096, 0.0], [13.1083, -0.1305], [14.536, -0.1305]], [[2.8293, 0.0], [4.5424, 0.0], [6.8267, -0.1305], [11.1096, 0.0], [21.3887, -0.1305], [11.6807, -0.2611]]]",0.5285,0.0,0.0,0.0,0.0,0.0,0.0,True,"[1, 1, 1]",0.0,0.0,0.0,6.5966,4.0,5.2553,8.236,8.7378,3.6926,5.7209,6.5966,"[[2.829, 0.0], [4.542, 0.0], [6.827, -0.131], [11.11, 0.0], [16.249, 0.0], [20.247, 0.0]]",ok,8.0708,0.0,0.0,1.0,0.0,0.0,1.0,0.0,0.0,0.16666666666666666,fea20913dc8749788096a7c41b087d59,scene-0799,42
4.0345,8.0367,13.0569,2.9905,4.7136,6.6425,0.0,0.0,0.0,0.0,0.0,0.0,0.0,0.0,0.0,ok,straight,4.0345,10.8846,11.6235,2.9905,5.7164,7.0675,False,"[-0.5222, -0.1958, -0.0, -1.3055]","[-6827.232, -11193.2372, -11544.2426, -25302.5139]","[-1006824.2723, -1011190.2775, -1011541.283, -1025299.5543]","[7.068, 6.535, 5.228, 6.873]","[[[2.5437, 0.0], [5.1135, -0.1305], [7.3977, -0.6527], [7.6833, -0.1305], [15.3926, -0.9138], [17.3913, -1.0444]], [[2.5437, 0.0], [5.1135, -0.1305], [7.3977, -0.6527], [7.6833, -0.1305], [19.1045, -0.9138], [41.0903, -0.3916]], [[2.5437, 0.0], [5.1135, -0.1305], [7.3977, -0.6527], [7.6833, -0.1305], [18.2479, -3.6554], [31.3822, 0.0]], [[2.5437, 0.0], [5.1135, -0.1305], [7.3977, -0.6527], [7.6833, -0.1305], [8.5399, -0.7833], [31.6678, -2.611]]]",0.7172,0.0,0.0,0.0,0.0,0.0,0.0,False,"[1, 1, 1]",0.0,0.0,0.0,5.2284,4.0,4.0345,10.8846,2.4064,2.9905,5.7164,5.2284,"[[2.544, 0.0], [5.113, -0.131], [7.398, -0.653], [7.683, -0.131], [15.393, -0.914], [17.391, -1.044]]",ok,7.0675,0.0,0.0,0.0,0.0,0.0,0.0,0.0,0.0,0.0,e443b4ca9e474278b7147c4daaf67eca,scene-0799,42
6.3963,13.0321,22.5097,4.7212,7.9706,11.8963,0.0,0.0,0.0,0.0,0.0,0.0,0.0,0.0,0.0,ok,straight,6.3963,13.0321,22.5097,4.7212,7.9706,11.8963,False,"[-0.0, -0.3264, -0.0, -0.0653]","[-64.1788, -2609.532, -5275.6367, -10814.2478]","[4.7228, -1002606.6973, -1005272.8021, -1010811.4131]","[11.896, 10.409, 11.137, 9.184]","[[[1.9727, 0.0], [3.6858, 0.0], [5.9701, 0.0], [7.6833, 0.0], [9.1109, 0.0], [9.1109, 0.0]], [[1.9727, 0.0], [3.6858, 0.0], [5.9701, 0.0], [7.6833, 0.0], [12.2517, -2.3499], [15.107, 0.6527]], [[1.9727, 0.0], [3.6858, 0.0], [5.9701, 0.0], [7.6833, 0.0], [13.1083, 0.5222], [9.682, 0.0]], [[1.9727, 0.0], [3.6858, 0.0], [5.9701, 0.0], [7.6833, 0.0], [17.3913, -0.1305], [17.1058, -0.1305]]]",0.9996,0.0,0.0,0.0,0.0,0.0,0.0,True,"[1, 1, 1]",0.0,0.0,0.0,9.1841,4.0,6.3963,13.0321,14.5156,4.7212,7.9706,9.1841,"[[1.973, 0.0], [3.686, 0.0], [5.97, 0.0], [7.683, 0.0], [9.111, 0.0], [9.111, 0.0]]",ok,11.8963,0.0,0.0,0.0,0.0,0.0,0.0,0.0,0.0,0.0,94cd383effba4e688570233a060a13f4,scene-0800,42
2.4371,5.1722,8.3743,1.8361,3.1957,4.6838,0.0,0.0,0.0,0.0,0.0,0.0,0.0,0.0,0.0,ok,straight,2.4371,5.1722,8.3743,1.8361,3.1957,4.6362,True,"[-0.0653, -0.5875, -0.3916, -0.1958]","[-14.8817, -183.4765, -1338.4501, -85744.2995]","[5.0197, 2.3759, -1001335.2583, -1085741.1077]","[4.636, 4.61, 3.977, 5.465]","[[[4.2569, 0.0], [8.5399, 0.0], [12.5373, 0.0], [16.8202, -0.1305], [20.8176, -0.1305], [24.5295, -0.1305]], [[4.2569, 0.0], [8.5399, 0.0], [12.5373, 0.0], [16.8202, -0.1305], [20.2466, 0.0], [25.3861, 1.1749]], [[4.2569, 0.0], [8.5399, 0.0], [12.5373, 0.0], [16.8202, -0.1305], [20.2466, -0.1305], [29.098, -0.7833]], [[4.2569, 0.0], [8.5399, 0.0], [12.5373, 0.0], [16.8202, -0.1305], [35.9507, -0.1305], [21.3887, 0.3916]]]",0.5282,0.0,0.0,0.0,0.0,0.0,0.0,True,"[1, 1, 1]",0.0,0.0,0.0,3.9772,4.0,2.4371,5.1722,3.8493,1.8361,3.1957,3.9772,"[[4.257, 0.0], [8.54, 0.0], [12.537, 0.0], [16.82, -0.131], [20.818, -0.131], [24.53, -0.131]]",ok,5.4647,0.0,0.0,0.0,0.0,0.0,0.0,0.0,0.0,0.0,3c260dca3274465eaf38dd6c0a7d7872,scene-0800,42
4.3124,7.9978,10.0728,3.0451,5.0344,6.4755,0.0,0.0,0.0,0.0,0.0,0.0,0.0,0.0,0.0,ok,left,4.5972,7.4367,9.5317,3.6157,5.1794,6.482,False,"[0.0, -0.0653, 0.1958, 8.2899]","[-5.8247, -1052.3512, -4150.249, -520469.4586]","[0.7251, -1001051.6218, -1004149.5196, -1520468.7293]","[6.482, 5.634, 6.393, 17.91]","[[[2.8293, 0.0], [6.2556, 0.0], [9.9675, 0.0], [13.6794, 0.0], [17.3913, 0.0], [21.3887, 0.0]], [[2.8293, 0.0], [6.2556, 0.0], [9.9675, 0.0], [13.6794, 0.0], [17.6768, 0.5222], [26.8138, -0.1305]], [[2.8293, 0.0], [6.2556, 0.0], [9.9675, 0.0], [13.6794, 0.0], [14.8215, -0.1305], [24.5295, 0.3916]], [[2.8293, 0.0], [6.2556, 0.0], [9.9675, 0.0], [13.6794, 0.0], [69.6432, -8.7468], [69.6432, 16.5798]]]",5.0942,0.0,0.0,0.0,0.0,0.0,0.0,True,"[1, 1, 1]",0.0,0.0,0.0,5.6337,4.0,4.5972,7.4367,4.8406,3.6157,5.1794,5.6337,"[[2.829, 0.0], [6.256, 0.0], [9.968, 0.0], [13.679, 0.0], [17.391, 0.0], [21.389, 0.0]]",ok,17.9095,0.0,0.0,0.0,0.0,0.0,0.0,0.0,0.0,0.0,62c4690878a04a909a6c48a4e2c22d42,scene-0800,42
1.4019,2.0337,3.3441,0.9405,1.3172,2.0145,0.0,0.0,0.0,0.0,0.0,0.0,0.0,0.0,0.0,ok,left,1.4019,1.1805,1.9119,0.9405,1.1039,1.1938,True,"[0.9138, 0.8486, 0.9791, 0.9791]","[-82.3746, -718.4467, -1594.4209, -138455.8934]","[2.6542, 1.4375, -1001592.0545, -1138453.527]","[1.194, 1.872, 2.0, 6.813]","[[[4.5424, 0.0], [8.8254, 0.1305], [13.9649, 0.2611], [19.1045, 0.7833], [24.244, 1.436], [27.9559, 1.8277]], [[4.5424, 0.0], [8.8254, 0.1305], [13.9649, 0.2611], [19.1045, 0.7833], [21.6742, 0.7833], [26.5282, 1.6971]], [[4.5424, 0.0], [8.8254, 0.1305], [13.9649, 0.2611], [19.1045, 0.7833], [24.8151, 0.9138], [36.8073, 1.9582]], [[4.5424, 0.0], [8.8254, 0.1305], [13.9649, 0.2611], [19.1045, 0.7833], [-0.026, 0.0], [18.5334, 1.9582]]]",2.2399,0.0,0.0,0.0,0.0,0.0,0.0,True,"[1, 1, 1]",0.0,0.0,0.0,1.1938,4.0,1.4019,1.1805,1.9119,0.9405,1.1039,1.1938,"[[4.542, 0.0], [8.825, 0.131], [13.965, 0.261], [19.104, 0.783], [24.244, 1.436], [27.956, 1.828]]",ok,6.8129,0.0,0.0,0.0,0.0,0.0,0.0,0.0,0.0,0.0,f5be8cc937e74e84b8d73e2074658382,scene-0800,42
1.7868,2.2917,1.7806,1.2018,1.7876,1.9238,0.0,0.0,0.0,0.0,0.0,0.0,0.0,0.0,0.0,ok,straight,1.7868,2.2917,1.7806,1.2018,1.7876,1.9238,False,"[-0.0653, -0.0653, -0.0653, -0.0653]","[-111.699, -281.8341, -705.0442, -9393.183]","[3.4657, 1.1128, -1000702.7974, -1009390.9361]","[1.924, 1.816, 2.54, 2.718]","[[[5.1135, 0.0], [10.253, 0.0], [15.107, -0.1305], [20.8176, -0.1305], [25.9572, -0.1305], [32.2388, -0.1305]], [[5.1135, 0.0], [10.253, 0.0], [15.107, -0.1305], [20.8176, -0.1305], [29.098, 0.0], [37.0928, 0.1305]], [[5.1135, 0.0], [10.253, 0.0], [15.107, -0.1305], [20.8176, -0.1305], [26.5282, -0.3916], [27.9559, -0.1305]], [[5.1135, 0.0], [10.253, 0.0], [15.107, -0.1305], [20.8176, -0.1305], [29.9546, -0.1305], [26.2427, -0.1305]]]",0.3867,0.0,0.0,0.0,0.0,0.0,0.0,True,"[1, 1, 1]",0.0,0.0,0.0,1.816,4.0,1.7868,2.2917,3.1396,1.2018,1.7876,1.816,"[[5.113, 0.0], [10.253, 0.0], [15.107, -0.131], [20.818, -0.131], [25.957, -0.131], [32.239, -0.131]]",ok,2.7184,0.0,0.0,1.0,0.0,0.0,1.0,0.0,0.0,0.3333333333333333,63e3bc947eed4823b00e1beadecd3be3,scene-0802,42
3.9556,8.3733,12.6832,3.0288,5.3092,7.5927,0.0,0.0,0.0,0.0,0.0,0.0,0.0,0.0,0.0,ok,straight,3.9556,9.2299,12.6832,3.0288,5.5233,7.5451,True,"[-0.0653, -0.0653, -0.3916, -0.0653]","[-438.0238, -2989.5825, -12904.0662, -94089.1898]","[3.6915, -1002987.1709, -1012901.6546, -1094086.7782]","[7.545, 6.831, 9.407, 9.834]","[[[3.1148, 0.0], [6.5412, 0.0], [9.1109, -0.1305], [11.1096, -0.1305], [15.3926, -0.1305], [18.2479, -0.1305]], [[3.1148, 0.0], [6.5412, 0.0], [9.1109, -0.1305], [11.1096, -0.1305], [17.9623, -0.1305], [19.9611, -0.1305]], [[3.1148, 0.0], [6.5412, 0.0], [9.1109, -0.1305], [11.1096, -0.1305], [6.8267, -0.7833], [15.6781, 0.7833]], [[3.1148, 0.0], [6.5412, 0.0], [9.1109, -0.1305], [11.1096, -0.1305], [10.8241, 16.5798], [16.5347, -0.1305]]]",1.2514,0.0,0.0,0.0,0.0,0.0,0.0,True,"[1, 1, 1]",0.0,0.0,0.0,6.8313,4.0,3.9556,9.2299,10.9701,3.0288,5.5233,6.8313,"[[3.115, 0.0], [6.541, 0.0], [9.111, -0.131], [11.11, -0.131], [15.393, -0.131], [18.248, -0.131]]",ok,9.8344,0.0,0.0,0.0,0.0,0.0,0.0,0.0,0.0,0.0,1d944d3936de4206be42d584a884635f,scene-0802,42
1.9095,3.63,3.6753,1.3471,2.2687,2.8317,0.0,0.0,0.0,0.0,0.0,0.0,0.0,0.0,0.0,ok,straight,1.9095,3.63,3.6753,1.3471,2.2687,2.8317,False,"[-0.0653, -0.1958, -0.0, -0.0653]","[-24.8236, -60.4121, -643.4532, -799.2749]","[3.3324, 1.3936, -1000641.3884, -1000797.2101]","[2.832, 2.782, 1.858, 2.622]","[[[4.828, 0.0], [9.3964, 0.0], [14.2505, -0.1305], [19.1045, -0.1305], [24.8151, -0.1305], [31.0967, -0.1305]], [[4.828, 0.0], [9.3964, 0.0], [14.2505, -0.1305], [19.1045, -0.1305], [25.1006, -0.1305], [31.0967, 0.3916]], [[4.828, 0.0], [9.3964, 0.0], [14.2505, -0.1305], [19.1045, -0.1305], [27.3848, 0.0], [35.0941, 0.0]], [[4.828, 0.0], [9.3964, 0.0], [14.2505, -0.1305], [19.1045, -0.1305], [25.9572, -1.5666], [31.6678, -0.1305]]]",0.392,0.0,0.0,0.0,0.0,0.0,0.0,True,"[1, 1, 1]",0.0,0.0,0.0,1.8579,4.0,1.9095,3.63,0.4037,1.3471,2.2687,1.8579,"[[4.828, 0.0], [9.396, 0.0], [14.25, -0.131], [19.104, -0.131], [24.815, -0.131], [31.097, -0.131]]",ok,2.8317,0.0,0.0,0.0,0.0,0.0,0.0,0.0,0.0,0.0,aadad53902494b81bf5b1c332f423760,scene-0802,42
1.9044,3.8776,5.2899,1.4557,2.4755,3.305,0.0,0.0,0.0,0.0,0.0,0.0,0.0,0.0,0.0,ok,straight,1.9044,3.8776,5.0046,1.4557,2.4755,3.2574,True,"[-0.0653, -0.2611, -0.3264, -0.0653]","[-23.2507, -5181.0034, -15742.3499, -82238.5243]","[4.4135, -1005178.3493, -1015739.6958, -1082235.8702]","[3.257, 2.514, 2.636, 8.063]","[[[5.1135, 0.0], [10.253, 0.0], [15.107, -0.1305], [20.5321, -0.1305], [25.9572, -0.1305], [31.0967, -0.1305]], [[5.1135, 0.0], [10.253, 0.0], [15.107, -0.1305], [20.5321, -0.1305], [30.2401, -0.2611], [31.3822, -0.5222]], [[5.1135, 0.0], [10.253, 0.0], [15.107, -0.1305], [20.5321, -0.1305], [33.952, -0.3916], [33.6665, -0.6527]], [[5.1135, 0.0], [10.253, 0.0], [15.107, -0.1305], [20.5321, -0.1305], [25.6716, -0.2611], [69.6432, -0.1305]]]",2.2951,0.0,0.0,0.0,0.0,0.0,0.0,True,"[1, 1, 1]",0.0,0.0,0.0,2.514,4.0,1.9044,3.8776,4.752,1.4557,2.4755,2.514,"[[5.113, 0.0], [10.253, 0.0], [15.107, -0.131], [20.532, -0.131], [25.957, -0.131], [31.097, -0.131]]",ok,8.0628,0.0,0.0,0.0,0.0,0.0,0.0,0.0,0.0,0.0,f00d1ed58ab84a1a90b86e6e92838efe,scene-0802,42
1.7919,2.5289,3.2337,1.2859,1.8121,2.2155,0.0,0.0,0.0,0.0,0.0,0.0,0.0,0.0,0.0,ok,straight,1.7919,2.5289,3.2337,1.2859,1.8835,2.2147,True,"[-0.0653, -0.1305, -0.5222, -0.0]","[-31.1493, -3736.1176, -8162.3177, -117819.5162]","[5.1398, -1003732.1963, -1008158.3965, -1117815.595]","[2.215, 2.943, 2.621, 11.93]","[[[2.2582, 0.0], [5.1135, 0.0], [7.6833, 0.0], [9.9675, 0.0], [12.2517, -0.1305], [15.3926, -0.1305]], [[2.2582, 0.0], [5.1135, 0.0], [7.6833, 0.0], [9.9675, 0.0], [16.2492, 0.6527], [15.6781, 0.2611]], [[2.2582, 0.0], [5.1135, 0.0], [7.6833, 0.0], [9.9675, 0.0], [16.2492, 0.1305], [11.1096, 1.0444]], [[2.2582, 0.0], [5.1135, 0.0], [7.6833, 0.0], [9.9675, 0.0], [16.2492, -0.9138], [69.6432, 0.0]]]",4.0511,0.0,0.0,0.0,0.0,0.0,0.0,True,"[1, 1, 1]",0.0,0.0,0.0,2.2147,4.0,1.7919,2.5289,3.2337,1.2859,1.8835,2.2147,"[[2.258, 0.0], [5.113, 0.0], [7.683, 0.0], [9.968, 0.0], [12.252, -0.131], [15.393, -0.131]]",ok,11.9295,0.0,0.0,0.0,0.0,0.0,0.0,0.0,0.0,0.0,4e04d32a9949430287c14d49851f6f55,scene-0904,42
1.2387,1.0143,0.2068,0.9359,0.9493,0.8504,0.0,0.0,0.0,0.0,0.0,0.0,0.0,0.0,0.0,ok,straight,1.2387,1.0143,0.2068,0.9359,1.0206,0.8979,False,"[-0.0, -0.0653, -1.893, -0.5222]","[-57.387, -1292.2987, -2102.8612, -2145.5643]","[5.6175, -1001289.0813, -1002099.6437, -1002142.3468]","[0.898, 1.847, 1.821, 1.275]","[[[3.1148, 0.0], [6.5412, 0.0], [9.3964, 0.0], [12.2517, 0.0], [15.3926, 0.0], [17.3913, 0.0]], [[3.1148, 0.0], [6.5412, 0.0], [9.3964, 0.0], [12.2517, 0.0], [15.107, 0.1305], [23.6729, -0.1305]], [[3.1148, 0.0], [6.5412, 0.0], [9.3964, 0.0], [12.2517, 0.0], [16.8202, -1.0444], [19.39, 3.7859]], [[3.1148, 0.0], [6.5412, 0.0], [9.3964, 0.0], [12.2517, 0.0], [13.1083, -0.7833], [19.39, 1.0444]]]",0.3969,0.0,0.0,0.0,0.0,0.0,0.0,True,"[1, 1, 1]",0.0,0.0,0.0,0.8979,4.0,1.2387,1.0143,0.2068,0.9359,1.0206,0.8979,"[[3.115, 0.0], [6.541, 0.0], [9.396, 0.0], [12.252, 0.0], [15.393, 0.0], [17.391, 0.0]]",ok,1.8471,0.0,0.0,0.0,0.0,0.0,0.0,0.0,0.0,0.0,5515e95e3a9e488b98ea8c6979d39002,scene-0904,42
1.6473,3.2097,3.8391,1.0746,1.77,2.3918,0.0,0.0,0.0,0.0,0.0,0.0,0.0,0.0,0.0,ok,straight,1.6473,3.2097,5.5523,1.0746,1.77,2.8217,False,"[-0.0653, -0.0653, -0.0653, -0.1305]","[-239.718, -323.5839, -482.342, -61974.3194]","[3.5757, 3.5726, -1000479.9251, -1061971.9025]","[2.822, 2.392, 2.059, 4.575]","[[[2.8293, 0.0], [5.1135, 0.0], [8.5399, -0.1305], [10.5386, -0.1305], [12.8228, -0.3916], [14.536, -0.1305]], [[2.8293, 0.0], [5.1135, 0.0], [8.5399, -0.1305], [10.5386, -0.1305], [13.6794, -0.1305], [16.2492, -0.1305]], [[2.8293, 0.0], [5.1135, 0.0], [8.5399, -0.1305], [10.5386, -0.1305], [13.1083, -0.1305], [18.8189, -0.1305]], [[2.8293, 0.0], [5.1135, 0.0], [8.5399, -0.1305], [10.5386, -0.1305], [17.1058, -12.9244], [12.5373, -0.2611]]]",0.97,0.0,0.0,0.0,0.0,0.0,0.0,True,"[1, 1, 1]",0.0,0.0,0.0,2.0587,4.0,1.6473,3.2097,1.2694,1.0746,1.77,2.0587,"[[2.829, 0.0], [5.113, 0.0], [8.54, -0.131], [10.539, -0.131], [12.823, -0.392], [14.536, -0.131]]",ok,4.5754,0.0,0.0,0.0,0.0,0.0,0.0,0.0,0.0,0.0,c3177f4c31224fcb9b95f0d18bcfc2ca,scene-0904,42
0.4376,0.9059,2.6354,0.3119,0.5132,0.8673,0.0,0.0,0.0,0.0,0.0,0.0,0.0,0.0,0.0,ok,straight,0.4376,1.9567,2.0652,0.3119,0.7084,0.9024,False,"[-0.0653, -0.1305, -0.0, -0.1958]","[-1782.8569, -2628.7089, -13248.8899, -21001.2409]","[-1001780.1014, -1002625.9534, -1013246.1344, -1020998.4854]","[0.902, 2.143, 1.518, 2.425]","[[[3.1148, 0.0], [6.2556, -0.1305], [9.1109, -0.1305], [9.9675, 0.0], [15.3926, -0.1305], [19.39, -0.1305]], [[3.1148, 0.0], [6.2556, -0.1305], [9.1109, -0.1305], [9.9675, 0.0], [17.1058, -0.3916], [25.1006, -0.2611]], [[3.1148, 0.0], [6.2556, -0.1305], [9.1109, -0.1305], [9.9675, 0.0], [19.6755, -0.1305], [18.8189, 0.0]], [[3.1148, 0.0], [6.2556, -0.1305], [9.1109, -0.1305], [9.9675, 0.0], [22.2453, -0.1305], [21.6742, -0.3916]]]",0.5878,0.0,0.0,0.0,0.0,0.0,0.0,False,"[1, 1, 1]",0.0,0.0,0.0,0.9024,4.0,0.4376,1.9567,2.0652,0.3119,0.7084,0.9024,"[[3.115, 0.0], [6.256, -0.131], [9.111, -0.131], [9.968, 0.0], [15.393, -0.131], [19.39, -0.131]]",ok,2.4252,0.0,0.0,0.0,0.0,0.0,0.0,0.0,0.0,0.0,666ce1928a0d4f4f9d06bf28e81b98f0,scene-0904,42
2.3319,5.1089,7.3525,1.7871,3.0744,4.3608,0.0,0.0,0.0,0.0,0.0,0.0,0.0,0.0,0.0,ok,straight,2.3319,5.1089,9.6374,1.7871,3.0744,4.8858,False,"[-0.0, -0.0653, -0.0653, -0.0653]","[-28.4856, -12.849, -7554.8492, -8519.0068]","[4.5557, 2.2502, -1007553.02, -1008517.1775]","[4.886, 4.361, 3.858, 4.929]","[[[1.9727, 0.0], [4.2569, 0.0], [6.5412, 0.0], [8.5399, -0.1305], [9.682, 0.0], [10.8241, 0.0]], [[1.9727, 0.0], [4.2569, 0.0], [6.5412, 0.0], [8.5399, -0.1305], [10.5386, -0.1305], [13.1083, -0.1305]], [[1.9727, 0.0], [4.2569, 0.0], [6.5412, 0.0], [8.5399, -0.1305], [9.9675, 0.2611], [23.9585, 0.1305]], [[1.9727, 0.0], [4.2569, 0.0], [6.5412, 0.0], [8.5399, -0.1305], [13.6794, -0.2611], [6.5412, -0.1305]]]",0.4371,0.0,0.0,0.0,0.0,0.0,0.0,True,"[1, 1, 1]",0.0,0.0,0.0,3.8578,4.0,2.3319,5.1089,3.7206,1.7871,3.0744,3.8578,"[[1.973, 0.0], [4.257, 0.0], [6.541, 0.0], [8.54, -0.131], [9.682, 0.0], [10.824, 0.0]]",ok,4.929,0.0,0.0,0.0,0.0,0.0,0.0,0.0,0.0,0.0,bc94beb70f694ee8a0399c4e7e1fc2d0,scene-0905,42
0.5974,0.6423,2.5928,0.4871,0.5249,1.0114,0.0,0.0,0.0,0.0,0.0,0.0,0.0,0.0,0.0,ok,straight,0.5974,0.6423,1.1145,0.4871,0.5249,0.5996,True,"[-0.0653, -0.0, -1.1097, -0.0]","[-57.8341, -467.772, -806.8619, -1139.2663]","[3.7307, 2.8472, -1000805.0116, -1001137.416]","[0.6, 1.052, 1.136, 0.957]","[[[3.4003, 0.0], [6.5412, 0.0], [10.5386, 0.0], [14.2505, 0.0], [18.5334, 0.0], [23.3874, -0.1305]], [[3.4003, 0.0], [6.5412, 0.0], [10.5386, 0.0], [14.2505, 0.0], [16.2492, -0.1305], [20.8176, 0.0]], [[3.4003, 0.0], [6.5412, 0.0], [10.5386, 0.0], [14.2505, 0.0], [18.5334, 0.0], [19.1045, -2.2193]], [[3.4003, 0.0], [6.5412, 0.0], [10.5386, 0.0], [14.2505, 0.0], [19.1045, 0.6527], [19.39, 0.0]]]",0.2044,0.0,0.0,0.0,0.0,0.0,0.0,True,"[1, 1, 1]",0.0,0.0,0.0,0.5996,4.0,0.5974,0.6423,1.1145,0.4871,0.5249,0.5996,"[[3.4, 0.0], [6.541, 0.0], [10.539, 0.0], [14.25, 0.0], [18.533, 0.0], [23.387, -0.131]]",ok,1.1363,0.0,0.0,0.0,0.0,0.0,0.0,0.0,0.0,0.0,4eec53dcb58148d4b95245ad72d00ef7,scene-0905,42
0.8775,3.0901,4.9015,0.7429,1.7989,2.6147,0.0,0.0,0.0,0.0,0.0,0.0,0.0,0.0,0.0,ok,straight,0.8775,3.0901,3.7594,0.7429,1.6561,2.3292,True,"[-0.0653, -0.0653, -0.1305, -0.3264]","[-33.4425, -1610.2259, -6408.8613, -466151.6485]","[3.7642, -1001607.8147, -1006406.4501, -1466149.2373]","[2.329, 2.173, 2.485, 17.059]","[[[3.1148, 0.0], [6.5412, 0.0], [9.9675, -0.1305], [12.8228, -0.1305], [16.2492, -0.1305], [19.9611, -0.1305]], [[3.1148, 0.0], [6.5412, 0.0], [9.9675, -0.1305], [12.8228, -0.1305], [16.5347, 0.0], [26.8138, 0.1305]], [[3.1148, 0.0], [6.5412, 0.0], [9.9675, -0.1305], [12.8228, -0.1305], [12.5373, -0.1305], [22.8163, 0.2611]], [[3.1148, 0.0], [6.5412, 0.0], [9.9675, -0.1305], [12.8228, -0.1305], [69.6432, 0.3916], [69.6432, -0.6527]]]",6.3794,0.0,0.0,0.0,0.0,0.0,0.0,True,"[1, 1, 1]",0.0,0.0,0.0,2.1726,4.0,0.8775,3.0901,3.1036,0.7429,1.6561,2.1726,"[[3.115, 0.0], [6.541, 0.0], [9.968, -0.131], [12.823, -0.131], [16.249, -0.131], [19.961, -0.131]]",ok,17.0593,0.0,0.0,0.0,0.0,0.0,0.0,0.0,0.0,0.0,f2fb282e13784e7c8a28d0d5e1370ad1,scene-0905,42
3.1186,5.5705,7.0457,2.3711,3.7719,4.9507,0.0,0.0,0.0,0.0,0.0,0.0,0.0,0.0,0.0,ok,straight,3.1186,5.5705,8.7584,2.3711,3.7719,5.2362,False,"[-0.0, -0.2611, -0.0653, -0.718]","[-159.3918, -1764.3521, -101557.9451, -106961.5369]","[5.5618, -1001760.735, -1101554.3281, -1106957.9198]","[5.236, 4.716, 7.368, 5.425]","[[[2.2582, 0.0], [4.5424, 0.0], [6.5412, 0.0], [9.3964, 0.0], [11.1096, 0.0], [13.6794, 0.0]], [[2.2582, 0.0], [4.5424, 0.0], [6.5412, 0.0], [9.3964, 0.0], [11.1096, 1.8277], [17.1058, 0.5222]], [[2.2582, 0.0], [4.5424, 0.0], [6.5412, 0.0], [9.3964, 0.0], [16.2492, 16.5798], [10.253, -0.1305]], [[2.2582, 0.0], [4.5424, 0.0], [6.5412, 0.0], [9.3964, 0.0], [31.3822, -0.2611], [17.9623, 1.436]]]",1.0049,0.0,0.0,0.0,0.0,0.0,0.0,True,"[1, 1, 1]",0.0,0.0,0.0,4.716,4.0,3.1186,5.5705,5.3775,2.3711,3.7719,4.716,"[[2.258, 0.0], [4.542, 0.0], [6.541, 0.0], [9.396, 0.0], [11.11, 0.0], [13.679, 0.0]]",ok,7.3676,0.0,0.0,0.0,0.0,0.0,0.0,0.0,0.0,0.0,2a965239bc5f4ceda7369d0325c52377,scene-0905,42
0.2277,1.9221,0.5691,0.1709,0.8641,0.8463,0.0,0.0,0.0,0.0,0.0,0.0,0.0,0.0,0.0,ok,straight,0.2277,1.0655,0.5691,0.1709,0.6499,0.5608,True,"[-0.0653, -0.1958, -0.1305, -0.1958]","[-6.311, -760.3122, -860792.1863, -951607.5731]","[5.6164, -1000757.2017, -1860789.0758, -1951604.4625]","[0.561, 1.382, 8.873, 10.064]","[[[3.6858, 0.0], [7.3977, 0.0], [11.1096, -0.1305], [15.107, -0.1305], [19.1045, -0.1305], [23.3874, -0.1305]], [[3.6858, 0.0], [7.3977, 0.0], [11.1096, -0.1305], [15.107, -0.1305], [19.1045, 0.0], [18.5334, 0.3916]], [[3.6858, 0.0], [7.3977, 0.0], [11.1096, -0.1305], [15.107, -0.1305], [69.6432, -0.1305], [23.6729, -0.2611]], [[3.6858, 0.0], [7.3977, 0.0], [11.1096, -0.1305], [15.107, -0.1305], [69.6432, 0.1305], [16.5347, 0.3916]]]",4.2794,0.0,0.0,0.0,0.0,0.0,0.0,True,"[1, 1, 1]",0.0,0.0,0.0,0.5608,4.0,0.2277,1.0655,0.5691,0.1709,0.6499,0.5608,"[[3.686, 0.0], [7.398, 0.0], [11.11, -0.131], [15.107, -0.131], [19.104, -0.131], [23.387, -0.131]]",ok,10.0642,0.0,0.0,0.0,0.0,0.0,0.0,0.0,0.0,0.0,2fb7b5d1eab24b13abb4e0703850dba9,scene-0906,42
1.7818,4.4523,8.4908,1.4029,2.7125,4.1787,0.0,0.0,0.0,0.0,0.0,0.0,0.0,0.0,0.0,ok,straight,1.7818,4.4523,8.4908,1.4029,2.6411,4.2738,False,"[-0.0653, -0.0653, -0.2611, -0.0653]","[-93.7023, -385.6326, -3354.0418, -969573.5482]","[2.9569, 2.9562, -1003352.2424, -1969571.7488]","[4.274, 4.226, 2.989, 10.885]","[[[3.1148, 0.0], [6.5412, 0.0], [9.3964, -0.1305], [12.8228, -0.1305], [15.3926, -0.1305], [18.2479, -0.1305]], [[3.1148, 0.0], [6.5412, 0.0], [9.3964, -0.1305], [12.8228, -0.1305], [14.8215, -0.2611], [19.1045, -0.1305]], [[3.1148, 0.0], [6.5412, 0.0], [9.3964, -0.1305], [12.8228, -0.1305], [20.2466, -0.1305], [21.1032, -0.5222]], [[3.1148, 0.0], [6.5412, 0.0], [9.3964, -0.1305], [12.8228, -0.1305], [69.6432, -0.3916], [19.6755, 0.1305]]]",3.0981,0.0,0.0,0.0,0.0,0.0,0.0,True,"[1, 1, 1]",0.0,0.0,0.0,2.9894,4.0,1.7818,4.4523,5.6317,1.4029,2.6411,2.9894,"[[3.115, 0.0], [6.541, 0.0], [9.396, -0.131], [12.823, -0.131], [15.393, -0.131], [18.248, -0.131]]",ok,10.885,0.0,0.0,0.0,0.0,0.0,0.0,0.0,0.0,0.0,9fd8ae00df104af290529a90cc5068b4,scene-0906,42
1.9059,4.3227,5.9127,1.438,2.5074,3.3322,0.0,0.0,0.0,0.0,0.0,0.0,0.0,0.0,0.0,ok,straight,0.2149,2.6101,5.9127,0.5925,0.9563,2.2981,True,"[-0.1305, -0.1305, -0.3264, -0.3264]","[-458.7592, -2952.6806, -3418.4074, -863707.905]","[5.2817, -1002948.9811, -1003414.7079, -1863704.2055]","[2.298, 1.43, 1.443, 9.04]","[[[3.6858, 0.0], [9.1109, 0.0], [13.9649, -0.1305], [15.9636, -0.1305], [18.2479, -0.1305], [21.1032, -0.2611]], [[3.6858, 0.0], [9.1109, 0.0], [13.9649, -0.1305], [15.9636, -0.1305], [17.6768, -0.1305], [27.0993, -0.2611]], [[3.6858, 0.0], [9.1109, 0.0], [13.9649, -0.1305], [15.9636, -0.1305], [21.9598, -0.2611], [22.5308, -0.6527]], [[3.6858, 0.0], [9.1109, 0.0], [13.9649, -0.1305], [15.9636, -0.1305], [69.6432, -0.3916], [23.9585, -0.6527]]]",3.1878,0.0,0.0,0.0,0.0,0.0,0.0,True,"[1, 1, 1]",0.0,0.0,0.0,1.4302,4.0,0.2149,2.6101,0.1345,0.5925,0.9563,1.4302,"[[3.686, 0.0], [9.111, 0.0], [13.965, -0.131], [15.964, -0.131], [18.248, -0.131], [21.103, -0.261]]",ok,9.0405,0.0,0.0,0.0,0.0,0.0,0.0,0.0,0.0,0.0,d903747f29c74016a3a702959cf43429,scene-0906,42
3.604,6.2861,9.2504,2.6779,4.1361,5.5841,0.0,0.0,0.0,0.0,0.0,0.0,0.0,0.0,0.0,ok,straight,3.604,6.2861,9.2504,2.6779,4.1361,5.4416,True,"[-0.0653, -0.718, -0.1305]","[-161.7137, -223.3423, -595.4956]","[3.7285, 1.1831, -1000593.4443]","[5.442, 5.433, 5.203]","[[[2.2582, 0.0], [4.2569, 0.0], [6.5412, -0.1305], [8.5399, -0.1305], [11.1096, -0.1305], [11.6807, -0.1305]], [[2.2582, 0.0], [4.2569, 0.0], [6.5412, -0.1305], [8.5399, -0.1305], [11.1096, -0.1305], [11.6807, -1.436]], [[2.2582, 0.0], [4.2569, 0.0], [6.5412, -0.1305], [8.5399, -0.1305], [9.682, -0.2611], [14.536, -0.2611]]]",0.1104,0.0,0.0,0.0,0.0,0.0,0.0,True,"[1, 1, 1]",0.0,0.0,0.0,5.2033,3.0,3.604,6.2861,6.4003,2.6779,4.1361,5.2033,"[[2.258, 0.0], [4.257, 0.0], [6.541, -0.131], [8.54, -0.131], [11.11, -0.131], [11.681, -0.131]]",ok,5.4416,0.0,0.0,0.0,0.0,0.0,0.0,0.0,0.0,0.0,38b446951ae14bc9bad64c6fdd341ae5,scene-0906,42
0.3719,1.2944,3.6072,0.2523,0.6476,1.4074,0.0,0.0,0.0,0.0,0.0,0.0,0.0,0.0,0.0,ok,right,1.5675,1.2944,3.9505,0.9796,0.9588,1.6721,False,"[3.329, 3.4596, 6.3969, -8.2899]","[-1133.3989, -9538.3529, -15152.948, -16243.3838]","[-2003203.3764, -2011608.3303, -2017222.9254, -2018313.3613]","[1.672, 2.316, 2.756, 6.155]","[[[2.8293, 0.1305], [7.1122, -0.9138], [7.9688, -1.8277], [10.5386, -3.1332], [13.1083, -4.9609], [15.9636, -6.658]], [[2.8293, 0.1305], [7.1122, -0.9138], [7.9688, -1.8277], [10.5386, -3.1332], [18.2479, -6.2664], [15.3926, -6.9191]], [[2.8293, 0.1305], [7.1122, -0.9138], [7.9688, -1.8277], [10.5386, -3.1332], [19.1045, -3.9165], [15.6781, -12.7939]], [[2.8293, 0.1305], [7.1122, -0.9138], [7.9688, -1.8277], [10.5386, -3.1332], [16.2492, -1.8277], [19.1045, 16.5798]]]",1.7349,0.0,0.0,0.0,0.0,0.0,0.0,False,"[1, 1, 1]",0.0,0.0,0.0,1.6721,4.0,1.5675,1.2944,3.9505,0.9796,0.9588,1.6721,"[[2.829, 0.131], [7.112, -0.914], [7.969, -1.828], [10.539, -3.133], [13.108, -4.961], [15.964, -6.658]]",ok,6.1545,0.0,0.0,0.0,0.0,0.0,0.0,0.0,0.0,0.0,e693989d8ad141608999200df71aca71,scene-0907,42
2.1834,4.8437,9.86,1.6658,2.9381,4.9032,0.0,0.0,0.0,0.0,0.0,0.0,0.0,0.0,0.0,ok,straight,2.1834,6.8421,9.86,1.6658,3.7262,5.1907,False,"[-0.1305, -0.0, -0.1958, -0.1305]","[-1283.7634, -2746.8647, -7859.7384, -58865.7505]","[-1001280.6623, -1002743.7635, -1007856.6373, -1058862.6494]","[5.191, 4.909, 4.202, 6.766]","[[[4.828, 0.0], [9.3964, -0.1305], [15.3926, -0.3916], [20.8176, 0.0], [23.3874, -0.1305], [29.6691, -0.2611]], [[4.828, 0.0], [9.3964, -0.1305], [15.3926, -0.3916], [20.8176, 0.0], [26.5282, -0.7833], [24.8151, 0.0]], [[4.828, 0.0], [9.3964, -0.1305], [15.3926, -0.3916], [20.8176, 0.0], [19.6755, -0.6527], [27.3848, -0.3916]], [[4.828, 0.0], [9.3964, -0.1305], [15.3926, -0.3916], [20.8176, 0.0], [37.3784, 0.7833], [25.1006, 0.2611]]]",0.9372,0.0,0.0,0.0,0.0,0.0,0.0,False,"[1, 1, 1]",0.0,0.0,0.0,4.2025,4.0,2.1834,6.8421,7.5803,1.6658,3.7262,4.2025,"[[4.828, 0.0], [9.396, -0.131], [15.393, -0.392], [20.818, 0.0], [23.387, -0.131], [29.669, -0.261]]",ok,6.7657,0.0,0.0,0.0,0.0,0.0,0.0,0.0,0.0,0.0,3a7e7dbee620460cbbe09a942c5d23be,scene-0907,42
1.2601,3.5604,6.2955,0.9531,2.0147,3.1019,0.0,0.0,1.0,0.0,0.0,1.0,0.0,0.0,0.16666666666666666,ok,straight,1.2601,3.5604,6.2955,0.9531,2.0147,3.1019,False,"[-0.0653, -0.0653, -0.0653, -8.2899]","[-74.3984, -233.187, -4495.2867, -13803.7808]","[2.0178, 1.9893, -1004494.6675, -1013803.1616]","[3.102, 4.434, 2.759, 5.474]","[[[1.9727, 0.0], [3.6858, 0.0], [5.9701, 0.0], [7.6833, -0.1305], [9.1109, -0.1305], [11.6807, -0.1305]], [[1.9727, 0.0], [3.6858, 0.0], [5.9701, 0.0], [7.6833, -0.1305], [11.3952, 0.0], [17.3913, -0.1305]], [[1.9727, 0.0], [3.6858, 0.0], [5.9701, 0.0], [7.6833, -0.1305], [11.3952, 1.6971], [7.1122, -0.1305]], [[1.9727, 0.0], [3.6858, 0.0], [5.9701, 0.0], [7.6833, -0.1305], [10.5386, 0.0], [14.8215, 16.5798]]]",1.0834,0.0,0.0,1.0,0.0,0.0,1.0,True,"[1, 1, 1]",0.0,0.0,0.16666666666666666,2.7586,4.0,1.2601,3.5604,1.7292,0.9531,2.0147,2.7586,"[[1.973, 0.0], [3.686, 0.0], [5.97, 0.0], [7.683, -0.131], [9.111, -0.131], [11.681, -0.131]]",ok,5.474,0.0,1.0,1.0,0.0,1.0,1.0,0.0,0.25,0.5,e9e1871dddf94ba7ba46a76dcf027bab,scene-0907,42
0.0221,0.0243,0.0265,0.0216,0.0227,0.0238,0.0,0.0,0.0,0.0,0.0,0.0,0.0,0.0,0.0,ok,straight,0.0221,0.0243,0.0265,0.0216,0.0227,0.0238,False,"[-0.0, -0.0, -0.0, -0.0]","[-0.013, -28.1888, -263.8225, -1651926.067]","[3.532, 3.5319, 3.5316, -2651923.1125]","[0.024, 0.199, 0.206, 11.715]","[[[-0.026, 0.0], [-0.026, 0.0], [-0.026, 0.0], [-0.026, 0.0], [-0.026, 0.0], [-0.026, 0.0]], [[-0.026, 0.0], [-0.026, 0.0], [-0.026, 0.0], [-0.026, 0.0], [0.545, 0.0], [0.545, 0.0]], [[-0.026, 0.0], [-0.026, 0.0], [-0.026, 0.0], [-0.026, 0.0], [1.1161, 0.0], [-0.026, 0.0]], [[-0.026, 0.0], [-0.026, 0.0], [-0.026, 0.0], [-0.026, 0.0], [69.6432, 0.1305], [0.545, 0.0]]]",5.0114,0.0,0.0,0.0,0.0,0.0,0.0,True,"[1, 1, 1]",0.0,0.0,0.0,0.0238,4.0,0.0221,0.0243,0.0265,0.0216,0.0227,0.0238,"[[-0.026, 0.0], [-0.026, 0.0], [-0.026, 0.0], [-0.026, 0.0], [-0.026, 0.0], [-0.026, 0.0]]",ok,11.715,1.0,1.0,0.0,1.0,1.0,1.0,0.5,0.75,0.5,0dc3d1fb0dcd4e19a2b8f6a32c9ebdcc,scene-0907,42
0.0261,0.0264,0.0266,0.0261,0.0262,0.0263,0.0,0.0,0.0,0.0,0.0,0.0,0.0,0.0,0.0,ok,straight,0.0261,0.0264,0.0266,0.0261,0.0262,0.0263,False,"[-0.0, -0.0, -0.3264, -0.0653]","[-0.013, -9326.0831, -133302.4479, -266728.54]","[4.055, -1009323.6987, -1133300.0636, -1266726.1557]","[0.026, 1.201, 7.729, 11.629]","[[[-0.026, 0.0], [-0.026, 0.0], [-0.026, 0.0], [-0.026, 0.0], [-0.026, 0.0], [-0.026, 0.0]], [[-0.026, 0.0], [-0.026, 0.0], [-0.026, 0.0], [-0.026, 0.0], [5.9701, 0.3916], [1.1161, 0.0]], [[-0.026, 0.0], [-0.026, 0.0], [-0.026, 0.0], [-0.026, 0.0], [-2.8813, -0.2611], [43.3745, -0.6527]], [[-0.026, 0.0], [-0.026, 0.0], [-0.026, 0.0], [-0.026, 0.0], [-0.026, 0.0], [69.6432, -0.1305]]]",4.7561,0.0,0.0,0.0,0.0,0.0,0.0,True,"[1, 1, 1]",0.0,0.0,0.0,0.0263,4.0,0.0261,0.0264,0.0266,0.0261,0.0262,0.0263,"[[-0.026, 0.0], [-0.026, 0.0], [-0.026, 0.0], [-0.026, 0.0], [-0.026, 0.0], [-0.026, 0.0]]",ok,11.6291,1.0,1.0,0.0,1.0,1.0,1.0,0.5,0.75,0.5,a4782f7ade234010b5b50553403f6e79,scene-0908,42
0.5439,0.0237,2.8652,0.3964,0.2686,0.8837,0.0,0.0,0.0,0.0,0.0,0.0,0.0,0.0,0.0,ok,straight,0.8837,0.8798,0.1516,0.6029,0.7448,0.6536,True,"[-0.0653, -0.0, -0.0653, -0.0]","[-1326.2448, -2084.8347, -3677.4423, -5678.7289]","[-1001324.0684, -1002082.6583, -1003675.2659, -1005676.5525]","[0.654, 1.154, 1.915, 1.201]","[[[0.545, 0.0], [1.1161, 0.0], [2.5437, -0.1305], [5.9701, 0.0], [6.2556, 0.0], [9.3964, 0.1305]], [[0.545, 0.0], [1.1161, 0.0], [2.5437, -0.1305], [5.9701, 0.0], [5.1135, 0.0], [7.3977, 0.0]], [[0.545, 0.0], [1.1161, 0.0], [2.5437, -0.1305], [5.9701, 0.0], [3.4003, 0.0], [4.5424, -0.1305]], [[0.545, 0.0], [1.1161, 0.0], [2.5437, -0.1305], [5.9701, 0.0], [3.6858, 0.0], [8.5399, 0.0]]]",0.4495,0.0,0.0,0.0,0.0,0.0,0.0,False,"[1, 1, 1]",0.0,0.0,0.0,0.6536,4.0,0.8837,0.8798,0.1516,0.6029,0.7448,0.6536,"[[0.545, 0.0], [1.116, 0.0], [2.544, -0.131], [5.97, 0.0], [6.256, 0.0], [9.396, 0.131]]",ok,1.9151,0.0,0.0,0.0,0.0,0.0,0.0,0.0,0.0,0.0,c54d5bb693884c459e245a0abd3e4952,scene-0908,42
1.0235,1.6922,5.0795,0.7683,1.4093,2.4638,0.0,0.0,0.0,0.0,0.0,0.0,0.0,0.0,0.0,ok,straight,1.0235,1.6922,5.0795,0.7683,1.4093,2.4638,False,"[-0.0653, -0.0, -0.4569, -0.4569]","[-545.6535, -2467.2062, -4997.4524, -961120.1012]","[4.5669, -1002464.063, -1004994.3092, -1961116.958]","[2.464, 4.848, 2.778, 10.232]","[[[2.8293, 0.0], [5.1135, 0.0], [7.3977, 0.0], [11.1096, 0.0], [12.5373, 0.0], [15.3926, -0.1305]], [[2.8293, 0.0], [5.1135, 0.0], [7.3977, 0.0], [11.1096, 0.0], [8.5399, 0.5222], [5.1135, 0.0]], [[2.8293, 0.0], [5.1135, 0.0], [7.3977, 0.0], [11.1096, 0.0], [9.9675, 0.2611], [16.2492, 0.9138]], [[2.8293, 0.0], [5.1135, 0.0], [7.3977, 0.0], [11.1096, 0.0], [69.6432, 0.0], [23.1019, -0.9138]]]",3.1121,0.0,0.0,0.0,0.0,0.0,0.0,True,"[1, 1, 1]",0.0,0.0,0.0,2.4638,4.0,1.0235,1.6922,5.0795,0.7683,1.4093,2.4638,"[[2.829, 0.0], [5.113, 0.0], [7.398, 0.0], [11.11, 0.0], [12.537, 0.0], [15.393, -0.131]]",ok,10.232,0.0,0.0,0.0,0.0,0.0,0.0,0.0,0.0,0.0,c0f19958e8e84a3c83b70187bf9fa0a5,scene-0908,42
3.8026,7.0901,10.651,2.6963,4.5059,6.2036,0.0,0.0,0.0,0.0,0.0,0.0,0.0,0.0,0.0,ok,straight,2.9461,7.0901,9.5098,2.1253,4.2204,6.0135,True,"[-0.0, -0.0653, -0.0, -0.0]","[-366.5892, -50.0643, -2218.7022, -19682.2749]","[3.8924, 1.6217, -1002216.024, -1019679.5968]","[6.013, 5.918, 5.261, 7.013]","[[[3.1148, 0.0], [5.9701, 0.0], [7.9688, 0.0], [10.5386, -0.1305], [12.5373, 0.0], [17.3913, 0.0]], [[3.1148, 0.0], [5.9701, 0.0], [7.9688, 0.0], [10.5386, -0.1305], [13.6794, -0.1305], [16.8202, -0.1305]], [[3.1148, 0.0], [5.9701, 0.0], [7.9688, 0.0], [10.5386, -0.1305], [12.8228, 0.9138], [21.6742, 0.0]], [[3.1148, 0.0], [5.9701, 0.0], [7.9688, 0.0], [10.5386, -0.1305], [5.9701, 0.1305], [17.9623, 0.0]]]",0.6261,0.0,0.0,0.0,0.0,0.0,0.0,True,"[1, 1, 1]",0.0,0.0,0.0,5.2613,4.0,2.9461,7.0901,5.2276,2.1253,4.2204,5.2613,"[[3.115, 0.0], [5.97, 0.0], [7.969, 0.0], [10.539, -0.131], [12.537, 0.0], [17.391, 0.0]]",ok,7.013,0.0,0.0,0.0,0.0,0.0,0.0,0.0,0.0,0.0,e388dd5b5cdd4b60bfb3ab5ba61f7708,scene-0908,42
3.9523,7.9183,12.894,2.7063,4.7883,7.1196,0.0,0.0,0.0,0.0,0.0,0.0,0.0,0.0,0.0,ok,straight,3.9523,7.9183,12.894,2.7063,4.7883,7.1196,False,"[-0.0653, -0.0653, -0.0653, -0.0]","[-59.2479, -2376.2705, -3095.6107, -8136.8991]","[3.8778, -1002372.9548, -1003092.295, -1008133.5834]","[7.12, 7.556, 5.741, 9.323]","[[[2.8293, 0.0], [5.1135, 0.0], [7.9688, 0.0], [10.5386, -0.1305], [12.8228, -0.1305], [15.9636, -0.1305]], [[2.8293, 0.0], [5.1135, 0.0], [7.9688, 0.0], [10.5386, -0.1305], [14.536, 0.2611], [11.6807, 0.1305]], [[2.8293, 0.0], [5.1135, 0.0], [7.9688, 0.0], [10.5386, -0.1305], [17.6768, -0.3916], [19.39, -0.1305]], [[2.8293, 0.0], [5.1135, 0.0], [7.9688, 0.0], [10.5386, -0.1305], [13.1083, 0.7833], [2.5437, 0.0]]]",1.2793,0.0,0.0,0.0,0.0,0.0,0.0,True,"[1, 1, 1]",0.0,0.0,0.0,5.7411,4.0,3.9523,7.9183,9.4838,2.7063,4.7883,5.7411,"[[2.829, 0.0], [5.113, 0.0], [7.969, 0.0], [10.539, -0.131], [12.823, -0.131], [15.964, -0.131]]",ok,9.3226,0.0,0.0,0.0,0.0,0.0,0.0,0.0,0.0,0.0,3abf81a7c3894000a4c508e6ced0caca,scene-0909,42
2.3062,5.3683,9.7098,1.6472,3.2386,5.0883,0.0,0.0,0.0,0.0,0.0,0.0,0.0,0.0,0.0,ok,straight,2.8849,5.3683,9.7098,2.0788,3.4544,5.2322,False,"[-0.1305, -0.0653, -0.0653, -0.2611]","[-183.6634, -967.9945, -2369.5307, -28019.4817]","[3.7211, -1000964.9344, -1002366.4706, -1028016.4216]","[5.232, 5.094, 5.614, 4.84]","[[[2.5437, 0.0], [4.828, 0.0], [8.5399, -0.1305], [11.1096, -0.1305], [13.1083, -0.1305], [15.3926, -0.2611]], [[2.5437, 0.0], [4.828, 0.0], [8.5399, -0.1305], [11.1096, -0.1305], [14.8215, -0.1305], [14.536, -0.1305]], [[2.5437, 0.0], [4.828, 0.0], [8.5399, -0.1305], [11.1096, -0.1305], [10.5386, -0.1305], [15.6781, -0.1305]], [[2.5437, 0.0], [4.828, 0.0], [8.5399, -0.1305], [11.1096, -0.1305], [8.5399, 0.1305], [27.6704, -0.5222]]]",0.2797,0.0,0.0,0.0,0.0,0.0,0.0,True,"[1, 1, 1]",0.0,0.0,0.0,4.8403,4.0,2.8849,5.3683,2.7881,2.0788,3.4544,4.8403,"[[2.544, 0.0], [4.828, 0.0], [8.54, -0.131], [11.11, -0.131], [13.108, -0.131], [15.393, -0.261]]",ok,5.6138,0.0,0.0,0.0,0.0,0.0,0.0,0.0,0.0,0.0,4c55b0578d424ad88d1856c933ba2059,scene-0909,42
5.3078,10.2861,15.2865,4.1314,6.5197,9.0959,0.0,0.0,0.0,0.0,0.0,0.0,0.0,0.0,0.0,ok,straight,5.3078,10.2861,15.0012,4.1314,6.5197,9.0484,True,"[-0.0, -0.9138, -0.0, -3.7859]","[-52.4745, -896.7405, -1409.144, -5010.9866]","[4.9167, -1000893.5261, -1001405.9297, -1005007.7723]","[9.048, 8.14, 9.621, 8.913]","[[[1.1161, 0.0], [2.2582, 0.0], [3.6858, 0.0], [4.5424, 0.0], [5.1135, 0.0], [6.8267, 0.0]], [[1.1161, 0.0], [2.2582, 0.0], [3.6858, 0.0], [4.5424, 0.0], [5.9701, -0.2611], [11.6807, 1.8277]], [[1.1161, 0.0], [2.2582, 0.0], [3.6858, 0.0], [4.5424, 0.0], [2.8293, 0.2611], [5.6846, 0.0]], [[1.1161, 0.0], [2.2582, 0.0], [3.6858, 0.0], [4.5424, 0.0], [8.2543, -0.1305], [5.9701, -7.5719]]]",0.5281,0.0,0.0,0.0,0.0,0.0,0.0,True,"[1, 1, 1]",0.0,0.0,0.0,8.1398,4.0,5.3078,10.2861,10.4127,4.1314,6.5197,8.1398,"[[1.116, 0.0], [2.258, 0.0], [3.686, 0.0], [4.542, 0.0], [5.113, 0.0], [6.827, 0.0]]",ok,9.6207,0.0,0.0,0.0,0.0,0.0,0.0,0.0,0.0,0.0,0979033d108c4beba39e8516fb383230,scene-0909,42
1.1601,1.5122,2.3861,0.851,1.1392,1.4793,0.0,0.0,0.0,0.0,0.0,0.0,0.0,0.0,0.0,ok,straight,1.1601,1.5122,2.3861,0.851,1.1392,1.4793,False,"[-0.0653, -0.1305, -0.1305, -0.4569]","[-4.7369, -1591.8122, -3464.9015, -163994.8076]","[3.8046, -1001589.4616, -1003462.5509, -1163992.457]","[1.479, 2.009, 1.83, 9.979]","[[[2.2582, 0.0], [4.5424, 0.0], [6.8267, -0.1305], [9.1109, -0.1305], [11.1096, -0.1305], [13.1083, -0.1305]], [[2.2582, 0.0], [4.5424, 0.0], [6.8267, -0.1305], [9.1109, -0.1305], [8.5399, -0.5222], [12.5373, -0.2611]], [[2.2582, 0.0], [4.5424, 0.0], [6.8267, -0.1305], [9.1109, -0.1305], [9.682, -0.1305], [18.5334, -0.2611]], [[2.2582, 0.0], [4.5424, 0.0], [6.8267, -0.1305], [9.1109, -0.1305], [11.9662, -0.3916], [69.6432, 0.9138]]]",3.5584,0.0,0.0,0.0,0.0,0.0,0.0,True,"[1, 1, 1]",0.0,0.0,0.0,1.4793,4.0,1.1601,1.5122,2.3861,0.851,1.1392,1.4793,"[[2.258, 0.0], [4.542, 0.0], [6.827, -0.131], [9.111, -0.131], [11.11, -0.131], [13.108, -0.131]]",ok,9.9786,0.0,0.0,0.0,0.0,0.0,0.0,0.0,0.0,0.0,7fa07947a975451da4b3d7c485af3c07,scene-0909,42
1.3972,3.5891,7.1231,1.1225,2.2422,3.3599,0.0,0.0,0.0,0.0,0.0,0.0,0.0,0.0,0.0,ok,straight,1.3972,1.0231,4.5534,1.1225,1.0452,1.7534,True,"[-0.0653, -0.0653, -0.1305, -0.0653]","[-156.4525, -512.0226, -1366.3361, -79424.2204]","[3.9023, 3.8918, -1001363.6038, -1079421.4881]","[1.753, 2.562, 1.801, 5.803]","[[[1.6871, 0.0], [3.6858, 0.0], [6.8267, -0.3916], [9.1109, 0.0], [10.8241, 0.0], [11.1096, -0.1305]], [[1.6871, 0.0], [3.6858, 0.0], [6.8267, -0.3916], [9.1109, 0.0], [8.5399, -0.1305], [8.5399, -0.1305]], [[1.6871, 0.0], [3.6858, 0.0], [6.8267, -0.3916], [9.1109, 0.0], [8.8254, 0.0], [12.8228, -0.2611]], [[1.6871, 0.0], [3.6858, 0.0], [6.8267, -0.3916], [9.1109, 0.0], [16.8202, -15.0132], [30.8112, -0.1305]]]",1.6612,0.0,0.0,0.0,0.0,0.0,0.0,True,"[1, 1, 1]",0.0,0.0,0.0,1.7534,4.0,1.3972,1.0231,4.5534,1.1225,1.0452,1.7534,"[[1.687, 0.0], [3.686, 0.0], [6.827, -0.392], [9.111, 0.0], [10.824, 0.0], [11.11, -0.131]]",ok,5.8031,0.0,0.0,0.0,0.0,0.0,0.0,0.0,0.0,0.0,43da50265dfa4876bdf1efed38e7a261,scene-0910,42
0.8503,1.0961,3.2855,0.6124,0.9504,1.4246,0.0,0.0,0.0,0.0,0.0,0.0,0.0,0.0,0.0,ok,straight,0.8503,1.0961,7.5696,0.6124,0.9504,2.4247,False,"[-0.0, -0.0653, -0.1305, -0.2611]","[-205.0026, -76.5933, -130.196, -2199.817]","[3.4453, 2.9128, 2.1767, -1002198.0557]","[2.425, 1.425, 2.091, 1.872]","[[[2.2582, 0.0], [4.5424, 0.0], [6.8267, -0.1305], [9.682, -0.1305], [10.8241, -0.2611], [9.3964, 0.0]], [[2.2582, 0.0], [4.5424, 0.0], [6.8267, -0.1305], [9.682, -0.1305], [12.5373, -0.1305], [13.6794, -0.1305]], [[2.2582, 0.0], [4.5424, 0.0], [6.8267, -0.1305], [9.682, -0.1305], [10.8241, -0.1305], [11.3952, -0.2611]], [[2.2582, 0.0], [4.5424, 0.0], [6.8267, -0.1305], [9.682, -0.1305], [13.3939, 0.2611], [10.253, -0.5222]]]",0.3631,0.0,0.0,0.0,0.0,0.0,0.0,True,"[1, 1, 1]",0.0,0.0,0.0,1.4246,4.0,0.8503,1.0961,3.2855,0.6124,0.9504,1.4246,"[[2.258, 0.0], [4.542, 0.0], [6.827, -0.131], [9.682, -0.131], [10.824, -0.261], [9.396, 0.0]]",ok,2.4247,0.0,0.0,0.0,0.0,0.0,0.0,0.0,0.0,0.0,9e226262318d4df88e6221e46b8fe4c9,scene-0910,42
1.6981,3.9592,5.6161,1.1928,2.2375,3.2185,0.0,0.0,0.0,0.0,0.0,0.0,0.0,0.0,0.0,ok,straight,1.6981,3.9592,5.6161,1.1928,2.2375,3.2185,False,"[-0.0653, -0.5222, -0.0653, -0.0]","[-15.1248, -605.2102, -5109.5736, -47637.3557]","[2.6011, -1000603.7473, -1005108.1108, -1047635.8929]","[3.219, 3.184, 3.132, 5.35]","[[[3.1148, 0.0], [5.9701, 0.0], [8.5399, -0.1305], [11.1096, -0.1305], [14.2505, -0.1305], [17.3913, -0.1305]], [[3.1148, 0.0], [5.9701, 0.0], [8.5399, -0.1305], [11.1096, -0.1305], [15.3926, 0.1305], [16.5347, 1.0444]], [[3.1148, 0.0], [5.9701, 0.0], [8.5399, -0.1305], [11.1096, -0.1305], [17.3913, -0.3916], [14.8215, -0.1305]], [[3.1148, 0.0], [5.9701, 0.0], [8.5399, -0.1305], [11.1096, -0.1305], [20.2466, 0.1305], [1.1161, 0.0]]]",0.9409,0.0,0.0,0.0,0.0,0.0,0.0,True,"[1, 1, 1]",0.0,0.0,0.0,3.1315,4.0,1.6981,3.9592,8.1853,1.1928,2.2375,3.1315,"[[3.115, 0.0], [5.97, 0.0], [8.54, -0.131], [11.11, -0.131], [14.25, -0.131], [17.391, -0.131]]",ok,5.3497,0.0,0.0,0.0,0.0,0.0,0.0,0.0,0.0,0.0,0a2daeb2d41147fc9fda982ce9783bf8,scene-0910,42
2.3138,4.285,6.6425,1.688,2.8788,4.1932,0.0,0.0,0.0,0.0,0.0,0.0,0.0,0.0,0.0,ok,straight,2.3138,4.285,8.6412,1.688,2.8788,4.5263,False,"[-0.0653, -0.1305, -0.1305, -0.0653]","[-469.9624, -102.3611, -111.3109, -5139.6357]","[4.3051, 2.4775, 2.4733, -1005136.793]","[4.526, 3.813, 4.051, 2.866]","[[[3.1148, 0.0], [5.9701, 0.0], [8.5399, -0.1305], [12.2517, -0.1305], [13.6794, -0.1305], [16.2492, -0.1305]], [[3.1148, 0.0], [5.9701, 0.0], [8.5399, -0.1305], [12.2517, -0.1305], [15.9636, -0.2611], [18.2479, -0.2611]], [[3.1148, 0.0], [5.9701, 0.0], [8.5399, -0.1305], [12.2517, -0.1305], [15.107, -0.1305], [17.6768, -0.2611]], [[3.1148, 0.0], [5.9701, 0.0], [8.5399, -0.1305], [12.2517, -0.1305], [20.2466, 0.0], [19.6755, 0.1305]]]",0.6044,0.0,0.0,0.0,0.0,0.0,0.0,True,"[1, 1, 1]",0.0,0.0,0.0,2.8664,4.0,2.3138,4.285,5.2228,1.688,2.8788,2.8664,"[[3.115, 0.0], [5.97, 0.0], [8.54, -0.131], [12.252, -0.131], [13.679, -0.131], [16.249, -0.131]]",ok,4.5263,0.0,0.0,0.0,0.0,0.0,0.0,0.0,0.0,0.0,72359f16eac8449b96dc406f28c93e0d,scene-0910,42
3.5488,6.3437,10.5951,2.3699,3.9061,5.8122,0.0,0.0,0.0,0.0,0.0,0.0,0.0,0.0,0.0,ok,straight,1.5506,6.3437,10.5951,1.2322,3.3373,5.433,True,"[-0.0653, -0.0653, -0.1305, -0.0653]","[-468.9772, -779.9564, -1785.1445, -2399.8761]","[5.2143, -1000776.4697, -1001781.6577, -1002396.3894]","[5.433, 3.778, 5.34, 3.467]","[[[3.4003, 0.1305], [7.1122, 0.0], [8.5399, -0.1305], [11.1096, -0.1305], [12.8228, -0.1305], [15.3926, -0.1305]], [[3.4003, 0.1305], [7.1122, 0.0], [8.5399, -0.1305], [11.1096, -0.1305], [15.107, 0.1305], [23.1019, -0.1305]], [[3.4003, 0.1305], [7.1122, 0.0], [8.5399, -0.1305], [11.1096, -0.1305], [11.6807, -0.1305], [17.1058, -0.2611]], [[3.4003, 0.1305], [7.1122, 0.0], [8.5399, -0.1305], [11.1096, -0.1305], [14.8215, -0.2611], [25.9572, -0.1305]]]",0.8894,0.0,0.0,0.0,0.0,0.0,0.0,True,"[1, 1, 1]",0.0,0.0,0.0,3.4674,4.0,1.5506,6.3437,0.7818,1.2322,3.3373,3.4674,"[[3.4, 0.131], [7.112, 0.0], [8.54, -0.131], [11.11, -0.131], [12.823, -0.131], [15.393, -0.131]]",ok,5.433,0.0,0.0,0.0,0.0,0.0,0.0,0.0,0.0,0.0,d056b9bdd56f44669540c6c323042d30,scene-0911,42
0.8964,2.9153,6.2233,0.6788,1.4982,2.8705,0.0,0.0,0.0,0.0,0.0,0.0,0.0,0.0,0.0,ok,straight,1.7606,2.9153,6.2233,1.2529,1.7852,3.0619,False,"[-0.1305, -0.2611, -0.4569, -0.1305]","[-222.2434, -198.0676, -213.3942, -10603.7406]","[4.592, 3.62, 2.1506, -1010600.5787]","[3.062, 2.253, 3.397, 8.197]","[[[3.9714, 0.0], [7.6833, 0.0], [12.5373, -0.1305], [16.2492, -0.1305], [19.1045, -0.2611], [23.3874, -0.2611]], [[3.9714, 0.0], [7.6833, 0.0], [12.5373, -0.1305], [16.2492, -0.1305], [20.8176, -0.2611], [26.5282, -0.5222]], [[3.9714, 0.0], [7.6833, 0.0], [12.5373, -0.1305], [16.2492, -0.1305], [18.8189, 0.1305], [21.6742, -0.9138]], [[3.9714, 0.0], [7.6833, 0.0], [12.5373, -0.1305], [16.2492, -0.1305], [14.536, -0.1305], [-2.8813, -0.2611]]]",2.3295,0.0,0.0,0.0,0.0,0.0,0.0,True,"[1, 1, 1]",0.0,0.0,0.0,2.2526,4.0,1.7606,2.9153,3.0724,1.2529,1.7852,2.2526,"[[3.971, 0.0], [7.683, 0.0], [12.537, -0.131], [16.249, -0.131], [19.104, -0.261], [23.387, -0.261]]",ok,8.1971,0.0,0.0,0.0,0.0,0.0,0.0,0.0,0.0,0.0,9c79076d8e9646c5b77fca8fbe189d64,scene-0911,42
1.4153,2.8663,4.9091,1.0192,1.8494,2.6828,0.0,0.0,0.0,0.0,0.0,0.0,0.0,0.0,0.0,ok,straight,1.4153,2.8663,4.9091,1.0192,1.8494,2.6354,True,"[-0.1305, -0.3916, -0.1305, -0.2611]","[-76.5601, -485.5604, -4489.4738, -839197.6017]","[2.5702, -1000484.4765, -1004488.3899, -1839196.5178]","[2.635, 2.87, 3.442, 9.748]","[[[4.2569, 0.0], [8.5399, -0.1305], [12.5373, -0.1305], [16.2492, -0.1305], [20.8176, -0.1305], [24.5295, -0.2611]], [[4.2569, 0.0], [8.5399, -0.1305], [12.5373, -0.1305], [16.2492, -0.1305], [21.1032, -0.2611], [22.8163, -0.7833]], [[4.2569, 0.0], [8.5399, -0.1305], [12.5373, -0.1305], [16.2492, -0.1305], [16.2492, -0.2611], [24.244, -0.2611]], [[4.2569, 0.0], [8.5399, -0.1305], [12.5373, -0.1305], [16.2492, -0.1305], [69.6432, 0.0], [23.6729, -0.5222]]]",2.9443,0.0,0.0,0.0,0.0,0.0,0.0,True,"[1, 1, 1]",0.0,0.0,0.0,2.6354,4.0,1.4153,2.8663,4.9091,1.0192,1.8494,2.6354,"[[4.257, 0.0], [8.54, -0.131], [12.537, -0.131], [16.249, -0.131], [20.818, -0.131], [24.53, -0.261]]",ok,9.7481,0.0,0.0,0.0,0.0,0.0,0.0,0.0,0.0,0.0,4d214e9ba19f48ec8a6e636ca8c6b1c4,scene-0911,42
1.5235,2.9382,3.8692,1.279,1.8479,2.3954,0.0,0.0,0.0,0.0,0.0,0.0,0.0,0.0,0.0,ok,straight,0.7664,2.9382,3.8692,0.6155,1.6589,2.2694,True,"[-0.1305, -0.1305, -0.1305, -1.1097]","[-1183.8887, -5992.7457, -6286.8849, -834427.588]","[-2003312.3309, -2008121.1879, -2008415.3271, -2836556.0302]","[2.269, 2.983, 2.753, 10.396]","[[[4.828, 0.0], [10.8241, 0.0], [13.3939, -0.1305], [18.2479, -0.1305], [23.3874, -0.1305], [27.9559, -0.2611]], [[4.828, 0.0], [10.8241, 0.0], [13.3939, -0.1305], [18.2479, -0.1305], [19.1045, -0.1305], [27.9559, -0.2611]], [[4.828, 0.0], [10.8241, 0.0], [13.3939, -0.1305], [18.2479, -0.1305], [19.39, -0.1305], [29.098, 0.2611]], [[4.828, 0.0], [10.8241, 0.0], [13.3939, -0.1305], [18.2479, -0.1305], [69.6432, -0.2611], [19.39, -2.2193]]]",3.3559,0.0,0.0,0.0,0.0,0.0,0.0,False,"[1, 1, 1]",0.0,0.0,0.0,2.2694,4.0,0.7664,2.9382,3.8692,0.6155,1.6589,2.2694,"[[4.828, 0.0], [10.824, 0.0], [13.394, -0.131], [18.248, -0.131], [23.387, -0.131], [27.956, -0.261]]",ok,10.3956,0.0,0.0,0.0,0.0,0.0,0.0,0.0,0.0,0.0,2c94aa3401594d3eaa64b3f2281e369c,scene-0911,42
1.914,2.2995,2.6958,1.4679,1.8487,2.193,0.0,0.0,0.0,0.0,0.0,0.0,0.0,0.0,0.0,ok,straight,1.914,2.2995,2.6993,1.4679,1.8487,2.2412,False,"[-0.0653, -0.1958, -0.1305, -0.0653]","[-148.6177, -61.4684, -1178.6236, -10574.8222]","[3.0581, 0.6658, -1001177.1159, -1010573.3145]","[2.241, 1.79, 1.515, 3.32]","[[[4.2569, 0.0], [8.5399, -0.1305], [13.3939, -0.1305], [18.2479, -0.1305], [22.2453, -0.1305], [27.9559, -0.1305]], [[4.2569, 0.0], [8.5399, -0.1305], [13.3939, -0.1305], [18.2479, -0.1305], [23.9585, 0.0], [29.098, 0.3916]], [[4.2569, 0.0], [8.5399, -0.1305], [13.3939, -0.1305], [18.2479, -0.1305], [25.6716, -0.1305], [29.098, -0.2611]], [[4.2569, 0.0], [8.5399, -0.1305], [13.3939, -0.1305], [18.2479, -0.1305], [31.9533, -0.1305], [36.8073, 0.1305]]]",0.688,0.0,0.0,0.0,0.0,0.0,0.0,True,"[1, 1, 1]",0.0,0.0,0.0,1.5148,4.0,1.914,2.2995,1.5537,1.4679,1.8487,1.5148,"[[4.257, 0.0], [8.54, -0.131], [13.394, -0.131], [18.248, -0.131], [22.245, -0.131], [27.956, -0.131]]",ok,3.3202,0.0,0.0,0.0,0.0,0.0,0.0,0.0,0.0,0.0,8487e4c995874bb2aeb41d6484717d10,scene-0912,42
1.3693,2.7187,3.1108,1.0264,1.7345,2.2542,0.0,0.0,0.0,0.0,0.0,0.0,0.0,0.0,0.0,ok,straight,0.5196,2.7187,4.2528,0.6015,1.522,2.303,False,"[-0.1305, -0.1958, -0.3916, -0.0653]","[-364.7233, -436.4842, -598.2876, -742504.9042]","[3.9202, 3.3854, -1000595.4796, -1742502.0963]","[2.303, 2.448, 1.669, 8.77]","[[[4.2569, 0.0], [9.3964, 0.0], [12.5373, -0.1305], [16.8202, -0.1305], [20.8176, -0.1305], [24.8151, -0.2611]], [[4.2569, 0.0], [9.3964, 0.0], [12.5373, -0.1305], [16.8202, -0.1305], [21.1032, -0.5222], [23.6729, -0.3916]], [[4.2569, 0.0], [9.3964, 0.0], [12.5373, -0.1305], [16.8202, -0.1305], [21.9598, -0.1305], [30.2401, 0.7833]], [[4.2569, 0.0], [9.3964, 0.0], [12.5373, -0.1305], [16.8202, -0.1305], [69.6432, -0.3916], [30.2401, -0.1305]]]",2.886,0.0,0.0,0.0,0.0,0.0,0.0,True,"[1, 1, 1]",0.0,0.0,0.0,1.6689,4.0,0.5196,2.7187,1.5898,0.6015,1.522,1.6689,"[[4.257, 0.0], [9.396, 0.0], [12.537, -0.131], [16.82, -0.131], [20.818, -0.131], [24.815, -0.261]]",ok,8.7703,0.0,0.0,0.0,0.0,0.0,0.0,0.0,0.0,0.0,8b3b8a656b4243898c2233dd936d36eb,scene-0912,42
0.7181,1.5317,1.2568,0.5486,0.9633,1.1412,0.0,0.0,0.0,0.0,0.0,0.0,0.0,0.0,0.0,ok,straight,0.7181,2.1016,1.2568,0.5486,1.1057,1.2835,False,"[-0.1305, -0.1305, -0.4569, -0.0653]","[-29.6004, -437.4318, -552.7011, -185281.5376]","[4.5949, 4.5898, 2.4564, -1185277.9504]","[1.283, 0.87, 1.246, 10.629]","[[[4.2569, 0.0], [8.5399, -0.1305], [12.5373, -0.1305], [16.2492, -0.1305], [20.8176, -0.1305], [25.9572, -0.2611]], [[4.2569, 0.0], [8.5399, -0.1305], [12.5373, -0.1305], [16.2492, -0.1305], [22.5308, -0.2611], [27.6704, -0.2611]], [[4.2569, 0.0], [8.5399, -0.1305], [12.5373, -0.1305], [16.2492, -0.1305], [21.9598, -0.1305], [25.1006, -0.9138]], [[4.2569, 0.0], [8.5399, -0.1305], [12.5373, -0.1305], [16.2492, -0.1305], [23.1019, 16.5798], [69.6432, -0.1305]]]",4.115,0.0,0.0,0.0,0.0,0.0,0.0,True,"[1, 1, 1]",0.0,0.0,0.0,0.8696,4.0,0.7181,2.1016,0.4885,0.5486,1.1057,0.8696,"[[4.257, 0.0], [8.54, -0.131], [12.537, -0.131], [16.249, -0.131], [20.818, -0.131], [25.957, -0.261]]",ok,10.6289,0.0,0.0,0.0,0.0,0.0,0.0,0.0,0.0,0.0,f3c21d4c864e400bb9212a4db0bc8586,scene-0912,42
0.3519,0.5731,0.2554,0.49,0.45,0.4349,0.0,0.0,0.0,0.0,0.0,0.0,0.0,0.0,0.0,ok,straight,1.6547,2.5679,0.541,0.8595,1.7241,1.3318,False,"[-0.1305, -0.1305, -0.1958, -0.1958]","[-1039.3426, -1302.839, -1963.4464, -94795.1806]","[-1001035.4305, -1001298.9268, -1001959.5343, -1094791.2685]","[1.332, 1.384, 1.592, 8.765]","[[[3.6858, 0.0], [6.5412, 0.0], [9.682, -0.1305], [13.6794, -0.1305], [20.8176, -0.1305], [24.8151, -0.2611]], [[3.6858, 0.0], [6.5412, 0.0], [9.682, -0.1305], [13.6794, -0.1305], [20.5321, 0.2611], [23.3874, -0.2611]], [[3.6858, 0.0], [6.5412, 0.0], [9.682, -0.1305], [13.6794, -0.1305], [20.5321, -0.3916], [21.9598, -0.3916]], [[3.6858, 0.0], [6.5412, 0.0], [9.682, -0.1305], [13.6794, -0.1305], [20.5321, 0.0], [69.6432, -0.3916]]]",3.1751,0.0,0.0,0.0,0.0,0.0,0.0,False,"[1, 1, 1]",0.0,0.0,0.0,1.3318,4.0,1.6547,2.5679,0.541,0.8595,1.7241,1.3318,"[[3.686, 0.0], [6.541, 0.0], [9.682, -0.131], [13.679, -0.131], [20.818, -0.131], [24.815, -0.261]]",ok,8.7649,0.0,0.0,0.0,0.0,0.0,0.0,0.0,0.0,0.0,410c44889c1f4d458a90f8dd90c31c50,scene-0912,42
3.0481,4.7997,8.7785,2.0786,3.1877,4.524,0.0,0.0,0.0,0.0,0.0,0.0,0.0,0.0,0.0,ok,straight,0.2039,3.9477,9.0667,0.1247,1.0698,3.4929,True,"[-0.0653, -0.0653, -0.4569, -0.2611]","[-1027.6274, -1343.7458, -2108.174, -4146.7326]","[-2002119.8638, -2002435.9823, -2003200.4104, -2005238.969]","[3.493, 3.16, 3.494, 2.113]","[[[4.828, 0.0], [9.3964, 0.0], [14.2505, -0.1305], [15.107, 0.0], [16.2492, -0.2611], [19.6755, -0.1305]], [[4.828, 0.0], [9.3964, 0.0], [14.2505, -0.1305], [15.107, 0.0], [17.9623, -0.1305], [19.9611, -0.1305]], [[4.828, 0.0], [9.3964, 0.0], [14.2505, -0.1305], [15.107, 0.0], [18.2479, -0.2611], [17.6768, -0.9138]], [[4.828, 0.0], [9.3964, 0.0], [14.2505, -0.1305], [15.107, 0.0], [21.1032, -0.2611], [23.1019, -0.5222]]]",0.5665,0.0,0.0,0.0,0.0,0.0,0.0,False,"[1, 1, 1]",0.0,0.0,0.0,2.1126,4.0,0.2039,3.9477,5.6388,0.1247,1.0698,2.1126,"[[4.828, 0.0], [9.396, 0.0], [14.25, -0.131], [15.107, 0.0], [16.249, -0.261], [19.676, -0.131]]",ok,3.4945,0.0,0.0,0.0,0.0,0.0,0.0,0.0,0.0,0.0,1f048fa210c64e80b9d57e3dc757702c,scene-0913,42
3.3842,5.6013,9.805,2.3432,3.6751,5.1757,0.0,0.0,0.0,0.0,0.0,0.0,0.0,0.0,0.0,ok,straight,3.3842,5.6013,8.9488,2.3432,3.6751,5.3185,False,"[-0.0653, -0.1305, -0.3264, -0.4569]","[-355.2667, -189.5455, -150855.927, -884072.2175]","[4.1838, 3.7649, -1150853.6023, -1884069.8928]","[5.318, 5.081, 6.049, 10.957]","[[[3.6858, 0.0], [6.5412, 0.0], [10.5386, -0.1305], [14.2505, -0.1305], [16.5347, -0.2611], [20.8176, -0.1305]], [[3.6858, 0.0], [6.5412, 0.0], [10.5386, -0.1305], [14.2505, -0.1305], [18.2479, -0.1305], [20.5321, -0.2611]], [[3.6858, 0.0], [6.5412, 0.0], [10.5386, -0.1305], [14.2505, -0.1305], [39.9481, 0.0], [23.3874, 0.6527]], [[3.6858, 0.0], [6.5412, 0.0], [10.5386, -0.1305], [14.2505, -0.1305], [69.6432, -0.2611], [23.6729, 0.9138]]]",2.3974,0.0,0.0,0.0,0.0,0.0,0.0,True,"[1, 1, 1]",0.0,0.0,0.0,5.0805,4.0,3.3842,5.6013,9.234,2.3432,3.6751,5.0805,"[[3.686, 0.0], [6.541, 0.0], [10.539, -0.131], [14.25, -0.131], [16.535, -0.261], [20.818, -0.131]]",ok,10.9575,0.0,0.0,0.0,0.0,0.0,0.0,0.0,0.0,0.0,4083ba541c6149779624c5d5203925ad,scene-0913,42
1.7797,3.4702,5.2463,1.3198,2.2287,3.0092,0.0,0.0,0.0,0.0,0.0,0.0,0.0,0.0,0.0,ok,straight,1.7797,3.4702,1.8299,1.3198,2.2287,2.012,True,"[-0.0, -0.1305, -0.1305, -0.0653]","[-402.9031, -17.2341, -26257.0653, -820330.3711]","[5.844, 3.433, -1026253.3301, -1820326.636]","[2.012, 3.009, 4.196, 10.04]","[[[4.2569, 0.0], [8.5399, -0.1305], [12.5373, -0.1305], [16.8202, -0.1305], [23.3874, -0.2611], [28.2414, 0.0]], [[4.2569, 0.0], [8.5399, -0.1305], [12.5373, -0.1305], [16.8202, -0.1305], [20.8176, -0.2611], [24.8151, -0.2611]], [[4.2569, 0.0], [8.5399, -0.1305], [12.5373, -0.1305], [16.8202, -0.1305], [26.8138, -0.6527], [15.9636, -0.2611]], [[4.2569, 0.0], [8.5399, -0.1305], [12.5373, -0.1305], [16.8202, -0.1305], [69.6432, -0.6527], [23.6729, -0.1305]]]",3.1145,0.0,0.0,0.0,0.0,0.0,0.0,True,"[1, 1, 1]",0.0,0.0,0.0,2.012,4.0,1.7797,3.4702,1.8299,1.3198,2.2287,2.012,"[[4.257, 0.0], [8.54, -0.131], [12.537, -0.131], [16.82, -0.131], [23.387, -0.261], [28.241, 0.0]]",ok,10.0398,0.0,0.0,0.0,0.0,0.0,0.0,0.0,0.0,0.0,51bbacdcf4c94b8c977ab36f1f0c9e1b,scene-0913,42
0.5047,1.1371,0.6807,0.3898,0.5152,0.556,0.0,0.0,0.0,0.0,0.0,0.0,0.0,0.0,0.0,ok,straight,0.5047,1.1371,0.317,0.3898,0.5152,0.4954,True,"[-0.1305, -0.5875, -8.2899, -0.3264]","[-140.2691, -1993.1748, -20123.3902, -25096.1938]","[4.4277, -1001990.457, -1020120.6724, -1025093.4759]","[0.495, 0.712, 4.11, 3.544]","[[[4.2569, 0.0], [8.5399, -0.1305], [13.3939, -0.1305], [18.2479, -0.1305], [21.6742, -0.2611], [25.9572, -0.2611]], [[4.2569, 0.0], [8.5399, -0.1305], [13.3939, -0.1305], [18.2479, -0.1305], [19.9611, -0.5222], [26.8138, -1.1749]], [[4.2569, 0.0], [8.5399, -0.1305], [13.3939, -0.1305], [18.2479, -0.1305], [15.6781, -0.2611], [19.6755, -16.5798]], [[4.2569, 0.0], [8.5399, -0.1305], [13.3939, -0.1305], [18.2479, -0.1305], [25.6716, -1.0444], [11.3952, 0.6527]]]",1.6258,0.0,0.0,0.0,0.0,0.0,0.0,True,"[1, 1, 1]",0.0,0.0,0.0,0.4954,4.0,0.5047,1.1371,0.317,0.3898,0.5152,0.4954,"[[4.257, 0.0], [8.54, -0.131], [13.394, -0.131], [18.248, -0.131], [21.674, -0.261], [25.957, -0.261]]",ok,4.11,0.0,0.0,0.0,0.0,0.0,0.0,0.0,0.0,0.0,10304c813c9d47a8a560f6859dc14b17,scene-0913,42
1.1302,3.0222,4.9145,0.7939,1.6884,2.5913,0.0,0.0,0.0,0.0,0.0,0.0,0.0,0.0,0.0,ok,straight,1.1302,1.175,4.9145,0.7939,0.7906,1.9591,True,"[-1.5666, -1.5013, -1.0444, -8.2899]","[-2445.9237, -3793.8322, -45281.6921, -963965.3587]","[-1002442.3869, -1003790.2953, -1045278.1552, -1963961.8218]","[1.959, 1.869, 3.828, 12.073]","[[[3.1148, -0.1305], [5.9701, -0.2611], [10.5386, -0.6527], [14.8215, -1.0444], [14.2505, -2.0888], [17.3913, -3.1332]], [[3.1148, -0.1305], [5.9701, -0.2611], [10.5386, -0.6527], [14.8215, -1.0444], [20.8176, -3.0026], [18.8189, -3.0026]], [[3.1148, -0.1305], [5.9701, -0.2611], [10.5386, -0.6527], [14.8215, -1.0444], [13.1083, -12.9244], [15.107, -2.0888]], [[3.1148, -0.1305], [5.9701, -0.2611], [10.5386, -0.6527], [14.8215, -1.0444], [69.6432, -1.9582], [17.6768, 16.5798]]]",4.1962,0.0,0.0,0.0,0.0,0.0,0.0,False,"[1, 1, 1]",0.0,0.0,0.0,1.8692,4.0,1.1302,1.175,3.7844,0.7939,0.7906,1.8692,"[[3.115, -0.131], [5.97, -0.261], [10.539, -0.653], [14.822, -1.044], [14.25, -2.089], [17.391, -3.133]]",ok,12.073,0.0,0.0,0.0,0.0,0.0,0.0,0.0,0.0,0.0,f8de6e9a14d34f2791c21a07ce5d47c5,scene-0914,42
1.7749,1.2874,1.6787,1.1474,1.2759,1.5783,0.0,0.0,0.0,0.0,0.0,0.0,0.0,0.0,0.0,ok,straight,1.7749,2.1433,1.9641,1.1474,1.5611,1.816,False,"[-0.0653, -0.1305, -0.3916, -0.0653]","[-80.3571, -2133.4102, -2146.5513, -12014.4896]","[4.3619, -1002130.6391, -1002143.7801, -1012011.7184]","[1.816, 2.245, 2.217, 3.398]","[[[3.1148, 0.0], [5.399, 0.0], [8.2543, 0.0], [11.3952, -0.1305], [14.2505, -0.1305], [18.2479, -0.1305]], [[3.1148, 0.0], [5.399, 0.0], [8.2543, 0.0], [11.3952, -0.1305], [15.9636, -0.1305], [13.9649, -0.2611]], [[3.1148, 0.0], [5.399, 0.0], [8.2543, 0.0], [11.3952, -0.1305], [11.9662, 0.0], [18.2479, -0.7833]], [[3.1148, 0.0], [5.399, 0.0], [8.2543, 0.0], [11.3952, -0.1305], [13.3939, -0.1305], [30.8112, -0.1305]]]",0.5902,0.0,0.0,0.0,0.0,0.0,0.0,True,"[1, 1, 1]",0.0,0.0,0.0,1.816,4.0,1.7749,2.1433,1.9641,1.1474,1.5611,1.816,"[[3.115, 0.0], [5.399, 0.0], [8.254, 0.0], [11.395, -0.131], [14.25, -0.131], [18.248, -0.131]]",ok,3.398,0.0,0.0,0.0,0.0,0.0,0.0,0.0,0.0,0.0,aa448108d99f49fc9df2da05914f8ad4,scene-0914,42
0.302,0.0718,1.2559,0.3274,0.3568,0.5867,0.0,0.0,0.0,0.0,0.0,0.0,0.0,0.0,0.0,ok,straight,0.302,0.6332,1.2559,0.3274,0.5052,0.6857,False,"[-0.0653, -0.1305, -0.0653, -0.0]","[-272.1313, -1231.504, -2785.0295, -5633.2711]","[3.9512, -1001228.6411, -1002782.1666, -1005630.4082]","[0.686, 1.035, 2.511, 1.504]","[[[2.2582, 0.0], [4.5424, 0.0], [8.2543, 0.0], [10.253, 0.0], [11.1096, -0.1305], [12.5373, -0.1305]], [[2.2582, 0.0], [4.5424, 0.0], [8.2543, 0.0], [10.253, 0.0], [14.536, -0.1305], [15.3926, -0.2611]], [[2.2582, 0.0], [4.5424, 0.0], [8.2543, 0.0], [10.253, 0.0], [17.3913, -0.1305], [21.3887, 0.1305]], [[2.2582, 0.0], [4.5424, 0.0], [8.2543, 0.0], [10.253, 0.0], [14.8215, -0.3916], [9.682, 0.0]]]",0.6863,0.0,0.0,0.0,0.0,0.0,0.0,True,"[1, 1, 1]",0.0,0.0,0.0,0.6857,4.0,0.302,0.6332,1.2559,0.3274,0.5052,0.6857,"[[2.258, 0.0], [4.542, 0.0], [8.254, 0.0], [10.253, 0.0], [11.11, -0.131], [12.537, -0.131]]",ok,2.5112,0.0,0.0,0.0,0.0,0.0,0.0,0.0,0.0,0.0,39ac0d94ecaa4c32a779975bad9502df,scene-0914,42
0.1809,0.5246,3.2302,0.1996,0.4067,0.95,0.0,0.0,0.0,0.0,0.0,0.0,0.0,0.0,0.0,ok,straight,0.1809,0.6853,1.803,0.1996,0.4469,0.8189,True,"[-0.8486, -1.0444, -3.1985, -0.5875]","[-83.6241, -899.1814, -7410.8, -7963.0843]","[6.4182, -1000894.4207, -1007406.0393, -1007958.3236]","[0.819, 1.227, 2.414, 1.695]","[[[1.9727, 0.0], [3.6858, 0.1305], [5.9701, 0.3916], [7.3977, 0.5222], [9.1109, 0.7833], [10.5386, 1.6971]], [[1.9727, 0.0], [3.6858, 0.1305], [5.9701, 0.3916], [7.3977, 0.5222], [8.2543, 0.5222], [13.3939, 2.0888]], [[1.9727, 0.0], [3.6858, 0.1305], [5.9701, 0.3916], [7.3977, 0.5222], [8.8254, 1.9582], [17.1058, -6.3969]], [[1.9727, 0.0], [3.6858, 0.1305], [5.9701, 0.3916], [7.3977, 0.5222], [11.3952, 5.4831], [11.6807, 1.1749]]]",0.5928,0.0,0.0,0.0,0.0,0.0,0.0,True,"[1, 1, 1]",0.0,0.0,0.0,0.8189,4.0,0.1809,0.6853,1.803,0.1996,0.4469,0.8189,"[[1.973, 0.0], [3.686, 0.131], [5.97, 0.392], [7.398, 0.522], [9.111, 0.783], [10.539, 1.697]]",ok,2.4137,0.0,0.0,0.0,0.0,0.0,0.0,0.0,0.0,0.0,98605ed784f7455bb52d1994cdbaaaac,scene-0914,42
1.2081,5.5382,11.8355,0.8026,2.4121,5.119,0.0,0.0,0.0,0.0,0.0,0.0,0.0,0.0,0.0,ok,left,1.9125,5.5382,12.3577,1.1991,2.6104,5.3382,False,"[-2.7415, -2.3499, -2.6763, -3.5901]","[-2560.1207, -2949.024, -23878.578, -24915.4271]","[-2006886.5614, -2007275.4648, -2028205.0187, -2029241.8679]","[5.338, 4.859, 3.87, 4.712]","[[[1.6871, -0.2611], [1.1161, 0.1305], [5.1135, -0.9138], [6.5412, -2.4804], [8.5399, -4.5692], [9.1109, -5.4831]], [[1.6871, -0.2611], [1.1161, 0.1305], [5.1135, -0.9138], [6.5412, -2.4804], [7.9688, -2.3499], [11.1096, -4.6998]], [[1.6871, -0.2611], [1.1161, 0.1305], [5.1135, -0.9138], [6.5412, -2.4804], [7.9688, 4.3081], [7.3977, -5.3525]], [[1.6871, -0.2611], [1.1161, 0.1305], [5.1135, -0.9138], [6.5412, -2.4804], [10.5386, 2.8721], [5.6846, -7.1802]]]",0.5293,0.0,0.0,0.0,0.0,0.0,0.0,False,"[1, 1, 1]",0.0,0.0,0.0,3.8704,4.0,1.9125,5.5382,12.3553,1.1991,2.6104,3.8704,"[[1.687, -0.261], [1.116, 0.131], [5.113, -0.914], [6.541, -2.48], [8.54, -4.569], [9.111, -5.483]]",ok,5.3382,0.0,0.0,0.0,0.0,0.0,0.0,0.0,0.0,0.0,7f8368b7a14341b3bef03a7aec63f9b5,scene-0915,42
3.5535,6.5803,9.2083,2.6056,4.1362,5.6626,0.0,0.0,0.0,0.0,0.0,0.0,0.0,0.0,0.0,ok,straight,3.5535,6.5803,8.6372,2.6056,4.1362,5.5675,True,"[-0.1305, -0.5222, -0.1305, -0.0]","[-186.9038, -736.4832, -1746.9414, -13776.8015]","[2.9005, 0.8025, -1001745.074, -1013774.9342]","[5.567, 4.859, 5.139, 8.09]","[[[3.1148, 0.0], [5.399, 0.0], [8.5399, -0.1305], [11.1096, -0.1305], [13.1083, -0.1305], [16.8202, -0.2611]], [[3.1148, 0.0], [5.399, 0.0], [8.5399, -0.1305], [11.1096, -0.1305], [15.9636, -0.2611], [18.2479, -1.0444]], [[3.1148, 0.0], [5.399, 0.0], [8.5399, -0.1305], [11.1096, -0.1305], [12.5373, -0.1305], [19.9611, -0.2611]], [[3.1148, 0.0], [5.399, 0.0], [8.5399, -0.1305], [11.1096, -0.1305], [14.2505, -0.3916], [0.545, 0.0]]]",1.2814,0.0,0.0,0.0,0.0,0.0,0.0,True,"[1, 1, 1]",0.0,0.0,0.0,4.8594,4.0,3.5535,6.5803,7.2449,2.6056,4.1362,4.8594,"[[3.115, 0.0], [5.399, 0.0], [8.54, -0.131], [11.11, -0.131], [13.108, -0.131], [16.82, -0.261]]",ok,8.09,0.0,0.0,0.0,0.0,0.0,0.0,0.0,0.0,0.0,cbd9af2921154c46bf9a5da785624d5f,scene-0915,42
2.0743,4.8139,8.6737,1.4492,2.9801,4.4815,0.0,0.0,0.0,0.0,0.0,0.0,0.0,0.0,0.0,ok,straight,2.0743,5.9557,8.6686,1.4492,3.2655,4.9093,False,"[-0.0653, -0.1305, -0.1958, -0.0653]","[-248.2658, -91.6789, -4706.8119, -7101.4328]","[5.6799, 4.5262, -1004702.9692, -1007097.5902]","[4.909, 4.672, 5.969, 3.816]","[[[3.1148, 0.0], [6.2556, 0.0], [8.5399, -0.1305], [11.1096, -0.1305], [12.8228, 0.3916], [16.2492, -0.1305]], [[3.1148, 0.0], [6.2556, 0.0], [8.5399, -0.1305], [11.1096, -0.1305], [14.2505, -0.1305], [16.2492, -0.2611]], [[3.1148, 0.0], [6.2556, 0.0], [8.5399, -0.1305], [11.1096, -0.1305], [14.536, -0.9138], [8.2543, 0.3916]], [[3.1148, 0.0], [6.2556, 0.0], [8.5399, -0.1305], [11.1096, -0.1305], [18.8189, -0.1305], [16.8202, -0.1305]]]",0.7673,0.0,0.0,0.0,0.0,0.0,0.0,True,"[1, 1, 1]",0.0,0.0,0.0,3.8161,4.0,2.0743,5.9557,8.0978,1.4492,3.2655,3.8161,"[[3.115, 0.0], [6.256, 0.0], [8.54, -0.131], [11.11, -0.131], [12.823, 0.392], [16.249, -0.131]]",ok,5.9686,0.0,0.0,0.0,0.0,0.0,0.0,0.0,0.0,0.0,35afe50d131847739f3221c6ffb88d42,scene-0915,42
3.1451,6.2376,8.8972,2.1677,3.6749,5.1195,0.0,0.0,0.0,0.0,0.0,0.0,0.0,0.0,0.0,ok,straight,3.1451,5.6666,8.8972,2.3104,3.6035,5.0243,True,"[-0.1305, -0.1305, -0.0, -3.9165]","[-71.6486, -1931.1689, -6901.9068, -79530.6211]","[3.36, -1001929.0225, -1006899.7604, -1079528.4747]","[5.024, 4.265, 5.643, 5.587]","[[[2.8293, 0.0], [5.399, 0.0], [8.5399, -0.1305], [11.1096, -0.1305], [13.9649, -0.1305], [15.9636, -0.2611]], [[2.8293, 0.0], [5.399, 0.0], [8.5399, -0.1305], [11.1096, -0.1305], [16.8202, -0.3916], [17.6768, -0.2611]], [[2.8293, 0.0], [5.399, 0.0], [8.5399, -0.1305], [11.1096, -0.1305], [9.1109, -0.3916], [17.1058, 0.0]], [[2.8293, 0.0], [5.399, 0.0], [8.5399, -0.1305], [11.1096, -0.1305], [29.6691, 0.1305], [18.2479, -7.833]]]",0.5546,0.0,0.0,0.0,0.0,0.0,0.0,True,"[1, 1, 1]",0.0,0.0,0.0,4.2655,4.0,3.1451,5.6666,7.1848,2.3104,3.6035,4.2655,"[[2.829, 0.0], [5.399, 0.0], [8.54, -0.131], [11.11, -0.131], [13.965, -0.131], [15.964, -0.261]]",ok,5.6432,0.0,0.0,0.0,0.0,0.0,0.0,0.0,0.0,0.0,88bbcc1cfea447b2a3d6ca38f5c12174,scene-0915,42
0.3975,0.6486,1.1709,0.369,0.3882,0.6424,0.0,0.0,0.0,0.0,0.0,0.0,0.0,0.0,0.0,ok,right,0.9023,0.6486,3.6239,0.5744,0.4909,1.3035,False,"[4.047, 2.7415, -8.2899, -2.4804]","[-1042.7172, -385.6631, -7132.4068, -14292.7831]","[4.1495, 3.9985, -1007130.1259, -1014290.5022]","[1.303, 0.711, 5.009, 2.679]","[[[2.2582, -0.1305], [3.1148, -0.6527], [5.399, -1.5666], [6.5412, -2.4804], [8.5399, -6.1358], [12.8228, -8.0941]], [[2.2582, -0.1305], [3.1148, -0.6527], [5.399, -1.5666], [6.5412, -2.4804], [7.9688, -3.1332], [9.1109, -5.4831]], [[2.2582, -0.1305], [3.1148, -0.6527], [5.399, -1.5666], [6.5412, -2.4804], [5.6846, 1.0444], [7.6833, 16.5798]], [[2.2582, -0.1305], [3.1148, -0.6527], [5.399, -1.5666], [6.5412, -2.4804], [11.9662, -4.5692], [7.3977, 4.9609]]]",1.6537,0.0,0.0,0.0,0.0,0.0,0.0,True,"[1, 1, 1]",0.0,0.0,0.0,0.7109,4.0,0.9023,0.6486,1.1709,0.5744,0.4909,0.7109,"[[2.258, -0.131], [3.115, -0.653], [5.399, -1.567], [6.541, -2.48], [8.54, -6.136], [12.823, -8.094]]",ok,5.0093,0.0,0.0,0.0,0.0,0.0,0.0,0.0,0.0,0.0,b5989651183643369174912bc5641d3b,scene-0916,42
1.5665,2.2969,2.0707,1.0734,1.4402,1.7174,0.0,0.0,0.0,0.0,0.0,0.0,0.0,0.0,0.0,ok,right,1.5665,2.2969,2.0707,1.0734,1.4402,1.7174,False,"[2.2846, -2.0888, -3.2637, -8.2899]","[-257.2941, -2962.7363, -4108.3586, -6455.7426]","[4.0788, -1002961.4481, -1004107.0704, -1006454.4544]","[1.717, 3.171, 3.5, 5.361]","[[[1.6871, 0.0], [2.8293, -0.2611], [5.1135, -0.7833], [5.9701, -1.5666], [7.3977, -2.4804], [9.1109, -4.5692]], [[1.6871, 0.0], [2.8293, -0.2611], [5.1135, -0.7833], [5.9701, -1.5666], [5.399, -1.0444], [10.8241, 4.1776]], [[1.6871, 0.0], [2.8293, -0.2611], [5.1135, -0.7833], [5.9701, -1.5666], [5.6846, -1.436], [10.253, 6.5275]], [[1.6871, 0.0], [2.8293, -0.2611], [5.1135, -0.7833], [5.9701, -1.5666], [6.5412, 1.436], [8.8254, 16.5798]]]",1.2973,0.0,0.0,0.0,0.0,0.0,0.0,True,"[1, 1, 1]",0.0,0.0,0.0,1.7174,4.0,1.5665,2.2969,2.0707,1.0734,1.4402,1.7174,"[[1.687, 0.0], [2.829, -0.261], [5.113, -0.783], [5.97, -1.567], [7.398, -2.48], [9.111, -4.569]]",ok,5.3606,0.0,0.0,1.0,0.0,0.0,1.0,0.0,0.0,0.16666666666666666,858a1ece22cf45d9bc71e42336604b78,scene-0916,42
0.1679,0.1633,0.2159,0.2851,0.2252,0.297,0.0,0.0,0.0,0.0,0.0,0.0,0.0,0.0,0.0,ok,straight,1.31,0.1633,0.5925,0.9989,0.5821,0.5977,False,"[-0.0, -0.2611, -0.5222, -0.3264]","[-190.6662, -1175.5299, -2361.5642, -5825.0985]","[5.3481, -1001172.6999, -1002358.7341, -1005822.2684]","[0.598, 1.49, 2.356, 2.458]","[[[3.4003, 0.0], [6.8267, 0.0], [8.5399, 0.0], [11.1096, 0.0], [13.6794, 0.0], [16.8202, 0.0]], [[3.4003, 0.0], [6.8267, 0.0], [8.5399, 0.0], [11.1096, 0.0], [14.536, 0.3916], [23.3874, 0.5222]], [[3.4003, 0.0], [6.8267, 0.0], [8.5399, 0.0], [11.1096, 0.0], [12.8228, 0.0], [7.1122, -1.0444]], [[3.4003, 0.0], [6.8267, 0.0], [8.5399, 0.0], [11.1096, 0.0], [14.536, -1.0444], [28.8125, 0.6527]]]",0.7519,0.0,0.0,0.0,0.0,0.0,0.0,True,"[1, 1, 1]",0.0,0.0,0.0,0.5977,4.0,1.31,0.1633,0.5925,0.9989,0.5821,0.5977,"[[3.4, 0.0], [6.827, 0.0], [8.54, 0.0], [11.11, 0.0], [13.679, 0.0], [16.82, 0.0]]",ok,2.4578,0.0,0.0,0.0,0.0,0.0,0.0,0.0,0.0,0.0,8573a885a7cb41d185c05029eeb9a54e,scene-0916,42
0.3109,0.3657,1.5434,0.3046,0.2866,0.5902,0.0,0.0,0.0,0.0,0.0,0.0,0.0,0.0,0.0,ok,left,0.8966,0.3657,0.9728,1.0254,0.6539,0.7445,False,"[2.3499, 8.2899, 2.8721, -8.2899]","[-70.9782, -7281.4476, -149502.8652, -155020.7716]","[1.7425, -1007280.9265, -1149502.3441, -1155020.2504]","[0.744, 2.561, 4.515, 6.442]","[[[1.1161, 0.1305], [3.4003, 0.6527], [5.9701, 1.1749], [7.9688, 1.6971], [9.9675, 3.0026], [11.1096, 4.6998]], [[1.1161, 0.1305], [3.4003, 0.6527], [5.9701, 1.1749], [7.9688, 1.6971], [8.8254, 3.1332], [13.6794, 16.5798]], [[1.1161, 0.1305], [3.4003, 0.6527], [5.9701, 1.1749], [7.9688, 1.6971], [17.6768, -16.5798], [12.8228, 5.7442]], [[1.1161, 0.1305], [3.4003, 0.6527], [5.9701, 1.1749], [7.9688, 1.6971], [12.8228, 16.5798], [16.5347, -16.5798]]]",2.1296,0.0,0.0,0.0,0.0,0.0,0.0,True,"[1, 1, 1]",0.0,0.0,0.0,0.7445,4.0,0.8966,0.3657,0.9728,1.0254,0.6539,0.7445,"[[1.116, 0.131], [3.4, 0.653], [5.97, 1.175], [7.969, 1.697], [9.968, 3.003], [11.11, 4.7]]",ok,6.4415,0.0,0.0,1.0,0.0,0.0,1.0,0.0,0.0,0.16666666666666666,e54b784a608644a2804fcf800c7499f7,scene-0916,42
2.4076,4.2474,6.0601,1.9403,2.8366,3.7127,0.0,0.0,0.0,0.0,0.0,0.0,0.0,0.0,0.0,ok,straight,2.4076,3.9634,5.4893,1.9403,2.7657,3.5702,True,"[-0.5222, -0.2611, -8.2899, -6.2011]","[-12.7649, -18716.4895, -22080.4799, -35573.8696]","[5.0527, -1018713.88, -1022077.8703, -1035571.26]","[3.57, 4.827, 5.685, 8.723]","[[[3.4003, 0.0], [6.5412, 0.1305], [9.682, 0.2611], [12.8228, 0.3916], [16.2492, 0.7833], [19.39, 1.0444]], [[3.4003, 0.0], [6.5412, 0.1305], [9.682, 0.2611], [12.8228, 0.3916], [23.6729, 2.2193], [19.39, 0.5222]], [[3.4003, 0.0], [6.5412, 0.1305], [9.682, 0.2611], [12.8228, 0.3916], [14.8215, -0.5222], [25.6716, 16.5798]], [[3.4003, 0.0], [6.5412, 0.1305], [9.682, 0.2611], [12.8228, 0.3916], [18.5334, -13.3161], [35.3797, -12.4022]]]",1.8998,0.0,0.0,0.0,0.0,0.0,0.0,True,"[1, 1, 1]",0.0,0.0,0.0,3.5702,4.0,2.4076,3.9634,5.4893,1.9403,2.7657,3.5702,"[[3.4, 0.0], [6.541, 0.131], [9.682, 0.261], [12.823, 0.392], [16.249, 0.783], [19.39, 1.044]]",ok,8.7231,0.0,0.0,0.0,0.0,0.0,0.0,0.0,0.0,0.0,8c5c08c818d247ee9de5aa08e6762003,scene-0917,42
0.0888,0.1624,0.8015,0.136,0.1499,0.3595,0.0,0.0,0.0,0.0,0.0,0.0,0.0,0.0,0.0,ok,straight,0.0888,0.1624,1.3444,0.136,0.1499,0.45,False,"[-0.0, -0.0653, -0.0, -0.2611]","[-12.2763, -356.9405, -4285.4778, -8065.2043]","[3.8375, -1000354.8306, -1004283.3679, -1008063.0944]","[0.45, 1.073, 0.885, 1.243]","[[[1.1161, 0.0], [2.5437, 0.0], [3.6858, 0.0], [4.5424, 0.0], [5.1135, 0.0], [5.9701, 0.0]], [[1.1161, 0.0], [2.5437, 0.0], [3.6858, 0.0], [4.5424, 0.0], [5.1135, -0.1305], [2.2582, -0.1305]], [[1.1161, 0.0], [2.5437, 0.0], [3.6858, 0.0], [4.5424, 0.0], [1.6871, 0.0], [6.8267, 0.0]], [[1.1161, 0.0], [2.5437, 0.0], [3.6858, 0.0], [4.5424, 0.0], [1.4016, 0.0], [9.682, 0.5222]]]",0.2956,0.0,0.0,0.0,0.0,0.0,0.0,True,"[1, 1, 1]",0.0,0.0,0.0,0.45,4.0,0.0888,0.1624,1.3444,0.136,0.1499,0.45,"[[1.116, 0.0], [2.544, 0.0], [3.686, 0.0], [4.542, 0.0], [5.113, 0.0], [5.97, 0.0]]",ok,1.2427,0.0,0.0,0.0,0.0,0.0,0.0,0.0,0.0,0.0,de8043171d774855a2a0059c4c0e14f6,scene-0917,42
0.6087,0.4987,2.0584,0.5681,0.619,0.8547,0.0,0.0,0.0,0.0,0.0,0.0,0.0,0.0,0.0,ok,straight,0.6087,0.4987,2.0584,0.5681,0.4781,1.0152,False,"[-0.4569, -1.3708, -1.2402, -0.5222]","[-814.2845, -455.4911, -5739.7361, -6867.161]","[6.1602, -1000451.329, -1005735.574, -1006862.9989]","[1.015, 1.299, 1.629, 2.158]","[[[0.8306, 0.0], [1.6871, 0.0], [2.5437, 0.0], [2.5437, 0.0], [5.1135, -0.6527], [5.1135, -0.9138]], [[0.8306, 0.0], [1.6871, 0.0], [2.5437, 0.0], [2.5437, 0.0], [3.4003, -0.5222], [7.6833, -2.7415]], [[0.8306, 0.0], [1.6871, 0.0], [2.5437, 0.0], [2.5437, 0.0], [-0.026, 0.0], [7.3977, 2.4804]], [[0.8306, 0.0], [1.6871, 0.0], [2.5437, 0.0], [2.5437, 0.0], [8.2543, 3.2637], [8.2543, 1.0444]]]",0.4251,0.0,0.0,0.0,0.0,0.0,0.0,True,"[1, 1, 1]",0.0,0.0,0.0,1.0152,4.0,0.6087,0.4987,2.0584,0.5681,0.4781,1.0152,"[[0.831, 0.0], [1.687, 0.0], [2.544, 0.0], [2.544, 0.0], [5.113, -0.653], [5.113, -0.914]]",ok,2.1581,0.0,0.0,0.0,0.0,0.0,0.0,0.0,0.0,0.0,a79ec336177c4db6a5579b335af98991,scene-0917,42
0.4073,0.6625,1.5095,0.2484,0.5287,0.6801,0.0,0.0,0.0,0.0,0.0,0.0,0.0,0.0,0.0,ok,left,0.4073,0.6625,1.5095,0.2484,0.5287,0.6801,False,"[2.3499, 8.2899, -4.3081, 1.6971]","[-387.8659, -2686.9931, -9450.9907, -80992.1913]","[3.3354, -1002684.4223, -1009448.42, -1080989.6206]","[0.68, 2.719, 4.489, 4.223]","[[[1.6871, 0.1305], [3.6858, 0.6527], [5.9701, 1.6971], [7.3977, 2.3499], [8.5399, 4.5692], [9.9675, 4.6998]], [[1.6871, 0.1305], [3.6858, 0.6527], [5.9701, 1.6971], [7.3977, 2.3499], [10.8241, 7.0497], [9.9675, 16.5798]], [[1.6871, 0.1305], [3.6858, 0.6527], [5.9701, 1.6971], [7.3977, 2.3499], [13.1083, -5.0914], [12.5373, -8.6163]], [[1.6871, 0.1305], [3.6858, 0.6527], [5.9701, 1.6971], [7.3977, 2.3499], [9.3964, -12.6633], [5.1135, 3.3943]]]",1.5142,0.0,0.0,0.0,0.0,0.0,0.0,True,"[1, 1, 1]",0.0,0.0,0.0,0.6801,4.0,0.4073,0.6625,1.5095,0.2484,0.5287,0.6801,"[[1.687, 0.131], [3.686, 0.653], [5.97, 1.697], [7.398, 2.35], [8.54, 4.569], [9.968, 4.7]]",ok,4.489,0.0,0.0,0.0,0.0,0.0,0.0,0.0,0.0,0.0,b34a0291b41b46988afe5cca72668bcb,scene-0917,42
0.3574,1.0661,1.1388,0.255,0.6184,0.7472,0.0,0.0,0.0,0.0,0.0,0.0,0.0,0.0,0.0,ok,straight,0.3574,1.0661,1.1388,0.255,0.6184,0.7472,False,"[-0.0653, -0.1958, -1.893, -3.0026]","[-33.4272, -465.7807, -16082.2867, -18930.8613]","[3.761, 3.6046, -1016080.5434, -1018929.118]","[0.747, 1.961, 2.42, 4.537]","[[[4.2569, 0.0], [8.5399, 0.0], [12.5373, 0.0], [16.8202, 0.1305], [21.6742, 0.1305], [25.9572, 0.1305]], [[4.2569, 0.0], [8.5399, 0.0], [12.5373, 0.0], [16.8202, 0.1305], [18.5334, -0.2611], [21.1032, 0.3916]], [[4.2569, 0.0], [8.5399, 0.0], [12.5373, 0.0], [16.8202, 0.1305], [29.098, 0.1305], [27.9559, -3.7859]], [[4.2569, 0.0], [8.5399, 0.0], [12.5373, 0.0], [16.8202, 0.1305], [24.8151, -9.1385], [39.0915, -6.0053]]]",1.3686,0.0,0.0,0.0,0.0,0.0,0.0,True,"[1, 1, 1]",0.0,0.0,0.0,0.7472,4.0,0.3574,1.0661,1.1388,0.255,0.6184,0.7472,"[[4.257, 0.0], [8.54, 0.0], [12.537, 0.0], [16.82, 0.131], [21.674, 0.131], [25.957, 0.131]]",ok,4.5373,0.0,0.0,0.0,0.0,0.0,0.0,0.0,0.0,0.0,bd0c27135b3c43c6b0e59f03fdf441cb,scene-0919,42
1.1872,2.4736,4.1085,0.711,1.4028,2.2309,0.0,0.0,0.0,0.0,0.0,0.0,0.0,0.0,0.0,ok,straight,1.1872,2.4736,4.6577,0.711,1.4028,2.3293,False,"[-0.3916, -0.8486, -0.1305, -0.6527]","[-41.6537, -123.5727, -11168.9056, -18644.5111]","[3.7091, 2.0103, -1011166.5656, -1018642.1712]","[2.329, 1.711, 2.527, 2.571]","[[[3.1148, 0.0], [5.6846, 0.0], [8.5399, 0.1305], [11.1096, 0.2611], [13.1083, 0.2611], [15.3926, 0.7833]], [[3.1148, 0.0], [5.6846, 0.0], [8.5399, 0.1305], [11.1096, 0.2611], [13.6794, 0.9138], [18.2479, 1.6971]], [[3.1148, 0.0], [5.6846, 0.0], [8.5399, 0.1305], [11.1096, 0.2611], [9.3964, -0.3916], [21.1032, 0.2611]], [[3.1148, 0.0], [5.6846, 0.0], [8.5399, 0.1305], [11.1096, 0.2611], [8.2543, 3.7859], [20.8176, 1.3055]]]",0.3435,0.0,0.0,0.0,0.0,0.0,0.0,True,"[1, 1, 1]",0.0,0.0,0.0,1.711,4.0,1.1872,2.4736,1.6702,0.711,1.4028,1.711,"[[3.115, 0.0], [5.685, 0.0], [8.54, 0.131], [11.11, 0.261], [13.108, 0.261], [15.393, 0.783]]",ok,2.5708,0.0,0.0,0.0,0.0,0.0,0.0,0.0,0.0,0.0,ee810fe8a5f94d5c9c33f6dad8c47383,scene-0919,42
0.8307,1.5358,1.4819,0.565,1.1155,1.1973,0.0,0.0,0.0,0.0,0.0,0.0,0.0,0.0,0.0,ok,left,0.8307,1.2853,1.4819,0.565,1.0529,1.1556,True,"[0.8486, 0.9138, 0.1305, 0.3916]","[-102.2814, -5096.632, -7242.7204, -253630.6807]","[2.6524, -1005095.4495, -1007241.5379, -1253629.4983]","[1.156, 1.647, 3.113, 11.716]","[[[3.1148, 0.0], [5.9701, 0.1305], [8.5399, 0.5222], [12.2517, 0.7833], [15.3926, 1.0444], [17.3913, 1.6971]], [[3.1148, 0.0], [5.9701, 0.1305], [8.5399, 0.5222], [12.2517, 0.7833], [18.8189, 0.7833], [15.9636, 1.8277]], [[3.1148, 0.0], [5.9701, 0.1305], [8.5399, 0.5222], [12.2517, 0.7833], [15.107, -3.1332], [9.682, 0.2611]], [[3.1148, 0.0], [5.9701, 0.1305], [8.5399, 0.5222], [12.2517, 0.7833], [12.5373, -12.5328], [69.6432, 0.7833]]]",4.2804,0.0,0.0,0.0,0.0,0.0,0.0,True,"[1, 1, 1]",0.0,0.0,0.0,1.1556,4.0,0.8307,1.2853,1.4819,0.565,1.0529,1.1556,"[[3.115, 0.0], [5.97, 0.131], [8.54, 0.522], [12.252, 0.783], [15.393, 1.044], [17.391, 1.697]]",ok,11.7161,0.0,0.0,0.0,0.0,0.0,0.0,0.0,0.0,0.0,9ee74c648944413f9019afc2e222c088,scene-0919,42
2.6413,4.2736,6.1485,1.7399,2.5993,3.6221,0.0,1.0,0.0,0.0,1.0,1.0,0.0,0.25,0.16666666666666666,ok,left,2.6413,4.2736,5.8936,1.7399,2.5993,3.7118,False,"[2.2846, 1.893, -5.0914, 8.2899]","[-579.2013, -5481.9107, -11563.7098, -30823.8535]","[3.4987, -1005479.5094, -1011561.3085, -1030821.4522]","[3.712, 4.443, 5.858, 5.753]","[[[2.5437, 0.1305], [5.9701, 0.5222], [7.3977, 0.7833], [10.5386, 1.6971], [13.6794, 2.4804], [15.3926, 4.5692]], [[2.5437, 0.1305], [5.9701, 0.5222], [7.3977, 0.7833], [10.5386, 1.6971], [11.3952, 2.2193], [21.6742, 3.7859]], [[2.5437, 0.1305], [5.9701, 0.5222], [7.3977, 0.7833], [10.5386, 1.6971], [13.9649, 3.1332], [18.8189, -10.1829]], [[2.5437, 0.1305], [5.9701, 0.5222], [7.3977, 0.7833], [10.5386, 1.6971], [14.8215, -2.0888], [19.9611, 16.5798]]]",0.9024,0.0,1.0,0.0,0.0,1.0,1.0,True,"[1, 1, 1]",0.0,0.25,0.16666666666666666,3.7118,4.0,2.6413,4.2736,5.8936,1.7399,2.5993,3.7118,"[[2.544, 0.131], [5.97, 0.522], [7.398, 0.783], [10.539, 1.697], [13.679, 2.48], [15.393, 4.569]]",ok,5.8575,0.0,1.0,0.0,0.0,1.0,1.0,0.0,0.25,0.16666666666666666,188fe79624af4474b8b720e2282b406a,scene-0919,42
0.7358,2.25,6.1741,0.4061,1.1057,2.429,0.0,0.0,0.0,0.0,0.0,0.0,0.0,0.0,0.0,ok,right,1.988,4.6337,8.0343,1.1572,2.5045,3.8605,False,"[-1.3708, -1.436, -0.8486, 0.3264]","[-5834.7404, -7699.4665, -16692.8262, -63005.3157]","[-2008966.6135, -2010831.3396, -2019824.6993, -2066137.1888]","[3.86, 3.421, 3.647, 5.68]","[[[1.9727, 0.0], [6.5412, -0.6527], [9.9675, -0.7833], [8.8254, 3.3943], [11.9662, 2.8721], [17.6768, 2.7415]], [[1.9727, 0.0], [6.5412, -0.6527], [9.9675, -0.7833], [8.8254, 3.3943], [11.9662, 1.6971], [14.8215, 2.8721]], [[1.9727, 0.0], [6.5412, -0.6527], [9.9675, -0.7833], [8.8254, 3.3943], [15.3926, 3.1332], [11.1096, 1.6971]], [[1.9727, 0.0], [6.5412, -0.6527], [9.9675, -0.7833], [8.8254, 3.3943], [12.8228, 16.5798], [16.8202, -0.6527]]]",0.8957,0.0,0.0,0.0,0.0,0.0,0.0,False,"[1, 1, 1]",0.0,0.0,0.0,3.4207,4.0,1.988,4.6337,6.5292,1.1572,2.5045,3.4207,"[[1.973, 0.0], [6.541, -0.653], [9.968, -0.783], [8.825, 3.394], [11.966, 2.872], [17.677, 2.742]]",ok,5.68,0.0,0.0,0.0,0.0,0.0,0.0,0.0,0.0,0.0,e8a25125ab404726ab03976d3871c460,scene-0920,42
2.5619,3.9164,4.3486,1.91,2.6893,3.284,0.0,0.0,0.0,0.0,0.0,0.0,0.0,0.0,0.0,ok,right,2.5619,3.3579,4.3486,1.91,2.6243,3.2692,True,"[2.2846, 2.5457, 0.8486, 2.4152]","[-316.8969, -24380.2917, -119776.4043, -134556.519]","[5.0227, -1024376.8421, -1119772.9547, -1134553.0694]","[3.269, 4.92, 12.054, 6.135]","[[[3.1148, -0.1305], [6.5412, -0.5222], [9.682, -0.9138], [12.2517, -1.6971], [16.2492, -3.1332], [18.2479, -4.5692]], [[3.1148, -0.1305], [6.5412, -0.5222], [9.682, -0.9138], [12.2517, -1.6971], [24.5295, -3.3943], [19.9611, -5.0914]], [[3.1148, -0.1305], [6.5412, -0.5222], [9.682, -0.9138], [12.2517, -1.6971], [17.6768, -4.5692], [69.6432, -1.6971]], [[3.1148, -0.1305], [6.5412, -0.5222], [9.682, -0.9138], [12.2517, -1.6971], [20.2466, 16.5798], [20.2466, -4.8303]]]",3.3122,0.0,0.0,0.0,0.0,0.0,0.0,True,"[1, 1, 1]",0.0,0.0,0.0,3.2692,4.0,2.5619,3.3579,4.3486,1.91,2.6243,3.2692,"[[3.115, -0.131], [6.541, -0.522], [9.682, -0.914], [12.252, -1.697], [16.249, -3.133], [18.248, -4.569]]",ok,12.0544,0.0,0.0,0.0,0.0,0.0,0.0,0.0,0.0,0.0,fb87cdcfffbf4792b5e7c4fd87d97a54,scene-0920,42
4.1001,7.1248,11.2954,2.9208,4.6664,6.5814,0.0,0.0,0.0,0.0,0.0,0.0,0.0,0.0,0.0,ok,straight,4.1001,7.1248,8.7256,2.9208,4.595,6.1055,True,"[-0.718, -0.5875, -1.0444, -1.1749]","[-417.3937, -2669.2708, -6555.4907, -97608.0766]","[4.6279, -1002665.9746, -1006552.1945, -1097604.7804]","[6.106, 6.727, 6.488, 5.846]","[[[3.1148, 0.0], [6.5412, -0.1305], [9.1109, -0.3916], [12.2517, -0.5222], [16.2492, -1.1749], [17.3913, -1.436]], [[3.1148, 0.0], [6.5412, -0.1305], [9.1109, -0.3916], [12.2517, -0.5222], [18.5334, -1.5666], [18.8189, -1.1749]], [[3.1148, 0.0], [6.5412, -0.1305], [9.1109, -0.3916], [12.2517, -0.5222], [12.5373, -0.7833], [23.3874, -2.0888]], [[3.1148, 0.0], [6.5412, -0.1305], [9.1109, -0.3916], [12.2517, -0.5222], [-2.8813, -0.2611], [15.6781, -2.3499]]]",0.3397,0.0,0.0,0.0,0.0,0.0,0.0,True,"[1, 1, 1]",0.0,0.0,0.0,5.846,4.0,4.1001,7.1248,7.0693,2.9208,4.595,5.846,"[[3.115, 0.0], [6.541, -0.131], [9.111, -0.392], [12.252, -0.522], [16.249, -1.175], [17.391, -1.436]]",ok,6.7275,0.0,0.0,0.0,0.0,0.0,0.0,0.0,0.0,0.0,b423cc4e44fd40cf920fff82810a93aa,scene-0920,42
2.5177,4.2606,5.8542,1.9498,2.9736,3.8612,0.0,0.0,0.0,0.0,0.0,0.0,0.0,0.0,0.0,ok,straight,2.5177,4.8301,5.8542,1.9498,3.1159,3.9561,False,"[-0.1305, -0.1958, -0.1305, -0.5222]","[-7.7506, -11714.1203, -598986.8854, -669824.9366]","[5.1844, -1011710.6548, -1598983.4199, -1669821.471]","[3.956, 4.647, 13.61, 12.493]","[[[4.5424, 0.0], [9.1109, 0.0], [13.9649, -0.1305], [18.8189, -0.1305], [23.3874, -0.1305], [27.9559, -0.2611]], [[4.5424, 0.0], [9.1109, 0.0], [13.9649, -0.1305], [18.8189, -0.1305], [29.098, 0.0], [26.2427, 0.3916]], [[4.5424, 0.0], [9.1109, 0.0], [13.9649, -0.1305], [18.8189, -0.1305], [69.6432, 0.2611], [39.6626, -0.2611]], [[4.5424, 0.0], [9.1109, 0.0], [13.9649, -0.1305], [18.8189, -0.1305], [69.6432, -0.2611], [32.8099, 1.0444]]]",4.3997,0.0,0.0,0.0,0.0,0.0,0.0,True,"[1, 1, 1]",0.0,0.0,0.0,3.9561,4.0,2.5177,4.8301,5.8542,1.9498,3.1159,3.9561,"[[4.542, 0.0], [9.111, 0.0], [13.965, -0.131], [18.819, -0.131], [23.387, -0.131], [27.956, -0.261]]",ok,13.6103,0.0,0.0,0.0,0.0,0.0,0.0,0.0,0.0,0.0,d640474c9a0341fd91f2bd24d6deec25,scene-0920,42
0.3176,0.5274,0.1168,0.2951,0.2933,0.2396,0.0,0.0,0.0,0.0,0.0,0.0,0.0,0.0,0.0,ok,straight,0.3176,0.5274,0.6535,0.2951,0.2933,0.4209,False,"[-0.0, -0.0653, -0.1305, -1.7624]","[-154.0264, -98.6303, -1537.6078, -65759.9322]","[2.8474, 2.7607, -1001536.0182, -1065758.3426]","[0.421, 0.257, 0.785, 10.933]","[[[3.1148, 0.0], [5.399, 0.0], [8.5399, 0.0], [11.1096, -0.1305], [13.6794, -0.1305], [14.536, 0.0]], [[3.1148, 0.0], [5.399, 0.0], [8.5399, 0.0], [11.1096, -0.1305], [13.1083, -0.1305], [15.3926, -0.1305]], [[3.1148, 0.0], [5.399, 0.0], [8.5399, 0.0], [11.1096, -0.1305], [11.6807, -0.2611], [17.3913, -0.2611]], [[3.1148, 0.0], [5.399, 0.0], [8.5399, 0.0], [11.1096, -0.1305], [22.8163, -0.6527], [69.6432, 3.5248]]]",4.5268,0.0,0.0,0.0,0.0,0.0,0.0,True,"[1, 1, 1]",0.0,0.0,0.0,0.257,4.0,0.3176,0.5274,0.2215,0.2951,0.2933,0.257,"[[3.115, 0.0], [5.399, 0.0], [8.54, 0.0], [11.11, -0.131], [13.679, -0.131], [14.536, 0.0]]",ok,10.9326,0.0,0.0,0.0,0.0,0.0,0.0,0.0,0.0,0.0,852e22dbdbbf422e99224c488d7618bf,scene-0921,42
0.1744,1.3541,4.1873,0.1005,0.6254,1.5254,0.0,0.0,0.0,0.0,0.0,0.0,0.0,0.0,0.0,ok,straight,0.1744,1.9251,4.1873,0.1005,0.6968,1.6206,False,"[-0.0, -0.0653, -0.3264, -8.2899]","[-37.5563, -1080.3007, -2746.1441, -15697.3059]","[3.6467, -1001078.0366, -1002743.88, -1015695.0418]","[1.621, 1.145, 2.006, 3.889]","[[[1.4016, 0.0], [2.5437, 0.0], [3.6858, 0.0], [5.1135, 0.0], [5.9701, 0.0], [7.3977, 0.0]], [[1.4016, 0.0], [2.5437, 0.0], [3.6858, 0.0], [5.1135, 0.0], [3.9714, 0.0], [6.5412, 0.1305]], [[1.4016, 0.0], [2.5437, 0.0], [3.6858, 0.0], [5.1135, 0.0], [4.5424, 0.0], [11.1096, 0.6527]], [[1.4016, 0.0], [2.5437, 0.0], [3.6858, 0.0], [5.1135, 0.0], [6.2556, 0.3916], [8.8254, -16.5798]]]",1.0409,0.0,0.0,0.0,0.0,0.0,0.0,True,"[1, 1, 1]",0.0,0.0,0.0,1.1453,4.0,0.1744,1.9251,3.3341,0.1005,0.6968,1.1453,"[[1.402, 0.0], [2.544, 0.0], [3.686, 0.0], [5.113, 0.0], [5.97, 0.0], [7.398, 0.0]]",ok,3.8891,0.0,0.0,0.0,0.0,0.0,0.0,0.0,0.0,0.0,ae572fa851ae494a8f9288e627db0be8,scene-0921,42
3.1258,6.5462,8.9458,2.4065,3.976,5.3601,0.0,0.0,0.0,0.0,0.0,0.0,0.0,0.0,0.0,ok,straight,3.1258,6.5462,8.9458,2.4065,3.976,5.3601,False,"[-2.4804, -2.0235, -0.0, -0.7833]","[-146.566, -965.5048, -4297.4144, -6721.5501]","[1.8309, -1000963.5909, -1004295.5005, -1006719.6362]","[5.36, 4.95, 3.737, 6.307]","[[[1.6871, 0.0], [3.1148, -0.2611], [4.5424, -0.7833], [6.5412, -1.9582], [7.3977, -3.1332], [9.1109, -4.9609]], [[1.6871, 0.0], [3.1148, -0.2611], [4.5424, -0.7833], [6.5412, -1.9582], [7.3977, -1.436], [7.3977, 4.047]], [[1.6871, 0.0], [3.1148, -0.2611], [4.5424, -0.7833], [6.5412, -1.9582], [6.2556, 1.5666], [0.8306, 0.0]], [[1.6871, 0.0], [3.1148, -0.2611], [4.5424, -0.7833], [6.5412, -1.9582], [11.9662, -4.5692], [11.3952, 1.5666]]]",0.9227,0.0,0.0,0.0,0.0,0.0,0.0,True,"[1, 1, 1]",0.0,0.0,0.0,3.7365,4.0,3.1258,6.5462,0.826,2.4065,3.976,3.7365,"[[1.687, 0.0], [3.115, -0.261], [4.542, -0.783], [6.541, -1.958], [7.398, -3.133], [9.111, -4.961]]",ok,6.3071,0.0,1.0,0.0,0.0,1.0,1.0,0.0,0.25,0.3333333333333333,c2f07ed47010457db915a4190dfe662f,scene-0921,42
1.3776,2.8436,4.629,0.8865,1.713,2.5059,0.0,0.0,0.0,0.0,0.0,0.0,0.0,0.0,0.0,ok,left,2.4508,3.1049,2.8211,1.3831,2.3553,2.7859,False,"[1.0444, 0.5222, 0.1305, -1.893]","[-1927.2952, -2746.4908, -3483.5548, -279702.293]","[-2003269.9898, -2004089.1854, -2004826.2494, -2281044.9876]","[2.786, 2.875, 3.462, 12.659]","[[[1.6871, -0.1305], [0.545, 0.1305], [1.1161, 0.1305], [5.1135, -0.7833], [6.5412, -1.1749], [7.6833, 2.0888]], [[1.6871, -0.1305], [0.545, 0.1305], [1.1161, 0.1305], [5.1135, -0.7833], [5.1135, 0.6527], [5.6846, 1.0444]], [[1.6871, -0.1305], [0.545, 0.1305], [1.1161, 0.1305], [5.1135, -0.7833], [3.9714, 0.6527], [2.5437, 0.2611]], [[1.6871, -0.1305], [0.545, 0.1305], [1.1161, 0.1305], [5.1135, -0.7833], [3.1148, 0.6527], [69.6432, -3.7859]]]",4.1731,0.0,0.0,0.0,0.0,0.0,0.0,False,"[1, 1, 1]",0.0,0.0,0.0,2.7859,4.0,2.4508,3.1049,2.8211,1.3831,2.3553,2.7859,"[[1.687, -0.131], [0.545, 0.131], [1.116, 0.131], [5.113, -0.783], [6.541, -1.175], [7.683, 2.089]]",ok,12.6594,0.0,0.0,0.0,0.0,0.0,0.0,0.0,0.0,0.0,4fe7d92f1beb403aa1e9228dc8de8365,scene-0921,42
0.3612,0.6633,1.4744,0.2795,0.3792,0.671,0.0,0.0,0.0,0.0,0.0,0.0,0.0,0.0,0.0,ok,straight,0.3612,0.6633,0.9034,0.2795,0.3792,0.6245,True,"[-0.1305, -0.3264, -0.3916, -0.5875]","[-284.3556, -1018.1068, -3333.154, -65386.6904]","[3.1072, -1001017.0221, -1003332.0693, -1065385.6057]","[0.624, 1.99, 1.196, 2.889]","[[[4.5424, 0.0], [9.1109, -0.1305], [13.9649, -0.1305], [18.2479, -0.1305], [22.2453, -0.1305], [29.098, -0.2611]], [[4.5424, 0.0], [9.1109, -0.1305], [13.9649, -0.1305], [18.2479, -0.1305], [21.6742, -0.1305], [19.6755, -0.6527]], [[4.5424, 0.0], [9.1109, -0.1305], [13.9649, -0.1305], [18.2479, -0.1305], [27.0993, 0.0], [30.2401, -0.7833]], [[4.5424, 0.0], [9.1109, -0.1305], [13.9649, -0.1305], [18.2479, -0.1305], [36.2362, -0.2611], [25.3861, 1.1749]]]",0.8524,0.0,0.0,0.0,0.0,0.0,0.0,True,"[1, 1, 1]",0.0,0.0,0.0,0.6245,4.0,0.3612,0.6633,0.9034,0.2795,0.3792,0.6245,"[[4.542, 0.0], [9.111, -0.131], [13.965, -0.131], [18.248, -0.131], [22.245, -0.131], [29.098, -0.261]]",ok,2.8891,0.0,0.0,0.0,0.0,0.0,0.0,0.0,0.0,0.0,73c335a2a207457ea36cc855b2417bd9,scene-0922,42
2.5693,5.4227,9.7185,2.0359,3.533,5.3059,0.0,0.0,0.0,0.0,0.0,0.0,0.0,0.0,0.0,ok,straight,2.2839,5.4227,9.716,1.6076,3.3188,5.1627,True,"[-0.1305, -0.0653, -0.0653, -0.1305]","[-443.7867, -1978.3017, -9370.0043, -718211.3032]","[2.6353, -1001975.255, -1009366.9576, -1718208.2565]","[5.163, 4.214, 4.175, 12.491]","[[[4.5424, 0.0], [9.3964, 0.0], [15.107, -0.1305], [19.1045, -0.1305], [24.8151, -0.1305], [29.6691, -0.2611]], [[4.5424, 0.0], [9.3964, 0.0], [15.107, -0.1305], [19.1045, -0.1305], [24.5295, -0.7833], [24.244, -0.1305]], [[4.5424, 0.0], [9.3964, 0.0], [15.107, -0.1305], [19.1045, -0.1305], [18.5334, 1.3055], [29.3835, 0.1305]], [[4.5424, 0.0], [9.3964, 0.0], [15.107, -0.1305], [19.1045, -0.1305], [69.6432, -0.5222], [28.8125, -0.2611]]]",3.4752,0.0,0.0,0.0,0.0,0.0,0.0,True,"[1, 1, 1]",0.0,0.0,0.0,4.1755,4.0,2.2839,5.4227,9.4438,1.6076,3.3188,4.1755,"[[4.542, 0.0], [9.396, 0.0], [15.107, -0.131], [19.104, -0.131], [24.815, -0.131], [29.669, -0.261]]",ok,12.4912,0.0,0.0,0.0,0.0,0.0,0.0,0.0,0.0,0.0,670e1b3ad3284258a44ca913f61d6065,scene-0922,42
1.9063,4.218,6.3869,1.2096,2.3237,3.529,0.0,0.0,0.0,0.0,0.0,0.0,0.0,0.0,0.0,ok,straight,1.9063,4.218,6.3869,1.2096,2.3237,3.529,False,"[-0.0653, -0.5875, -0.1305, -4.7651]","[-94.9959, -137.8942, -2149.753, -18396.4887]","[4.5423, 4.2704, -1002146.55, -1018393.2857]","[3.529, 3.893, 2.861, 3.789]","[[[2.8293, 0.0], [4.828, 0.0], [7.3977, 0.0], [9.1109, 0.1305], [11.1096, 0.1305], [13.6794, 0.1305]], [[2.8293, 0.0], [4.828, 0.0], [7.3977, 0.0], [9.1109, 0.1305], [10.253, 0.1305], [12.2517, 1.1749]], [[2.8293, 0.0], [4.828, 0.0], [7.3977, 0.0], [9.1109, 0.1305], [14.2505, 0.3916], [14.536, 0.2611]], [[2.8293, 0.0], [4.828, 0.0], [7.3977, 0.0], [9.1109, 0.1305], [17.3913, 0.7833], [13.3939, -9.5301]]]",0.402,0.0,0.0,0.0,0.0,0.0,0.0,True,"[1, 1, 1]",0.0,0.0,0.0,2.8605,4.0,1.9063,4.218,5.5206,1.2096,2.3237,2.8605,"[[2.829, 0.0], [4.828, 0.0], [7.398, 0.0], [9.111, 0.131], [11.11, 0.131], [13.679, 0.131]]",ok,3.8932,0.0,0.0,0.0,0.0,0.0,0.0,0.0,0.0,0.0,42ec31bccc17489eabb72278e2d3758c,scene-0922,42
0.4545,1.1375,0.5739,0.3702,0.6443,0.655,0.0,0.0,0.0,0.0,0.0,0.0,0.0,0.0,0.0,ok,straight,0.7564,1.1375,0.5739,0.6626,0.6632,0.6676,False,"[-0.1305, -0.1958, -0.6527, -0.3264]","[-251.0143, -5165.9244, -8654.4392, -53086.6084]","[4.7211, -1005162.9579, -1008651.4727, -1053083.6419]","[0.668, 1.312, 1.358, 2.901]","[[[3.1148, 0.0], [6.5412, 0.0], [10.5386, -0.1305], [12.8228, -0.2611], [16.2492, -0.3916], [19.9611, -0.2611]], [[3.1148, 0.0], [6.5412, 0.0], [10.5386, -0.1305], [12.8228, -0.2611], [20.5321, -0.6527], [21.3887, -0.3916]], [[3.1148, 0.0], [6.5412, 0.0], [10.5386, -0.1305], [12.8228, -0.2611], [20.5321, -1.436], [17.9623, -1.3055]], [[3.1148, 0.0], [6.5412, 0.0], [10.5386, -0.1305], [12.8228, -0.2611], [27.0993, -0.6527], [15.107, -0.6527]]]",0.8211,0.0,0.0,0.0,0.0,0.0,0.0,True,"[1, 1, 1]",0.0,0.0,0.0,0.6676,4.0,0.7564,1.1375,0.5739,0.6626,0.6632,0.6676,"[[3.115, 0.0], [6.541, 0.0], [10.539, -0.131], [12.823, -0.261], [16.249, -0.392], [19.961, -0.261]]",ok,2.901,0.0,0.0,0.0,0.0,0.0,0.0,0.0,0.0,0.0,af48d5a32c984af28c2e0804b0631714,scene-0922,42
2.1428,3.7984,6.4274,1.9666,2.6114,3.7113,0.0,0.0,0.0,0.0,0.0,0.0,0.0,0.0,0.0,ok,straight,2.1428,2.9422,6.4274,1.9666,2.3259,3.521,True,"[-0.1305, -0.3916, -8.2899, -0.5875]","[-320.9879, -16408.886, -19267.4727, -49592.1447]","[3.853, -1016406.8629, -1019265.4497, -1049590.1217]","[3.521, 3.294, 5.271, 5.099]","[[[5.1135, 0.0], [10.5386, 0.0], [15.107, -0.1305], [19.9611, -0.1305], [26.8138, -0.1305], [32.2388, -0.2611]], [[5.1135, 0.0], [10.5386, 0.0], [15.107, -0.1305], [19.9611, -0.1305], [19.1045, -0.3916], [33.952, -0.7833]], [[5.1135, 0.0], [10.5386, 0.0], [15.107, -0.1305], [19.9611, -0.1305], [26.5282, -0.9138], [27.9559, 16.5798]], [[5.1135, 0.0], [10.5386, 0.0], [15.107, -0.1305], [19.9611, -0.1305], [37.6639, 0.0], [30.8112, -1.1749]]]",0.8943,0.0,0.0,0.0,0.0,0.0,0.0,True,"[1, 1, 1]",0.0,0.0,0.0,3.2944,4.0,2.1428,2.9422,8.1432,1.9666,2.3259,3.2944,"[[5.113, 0.0], [10.539, 0.0], [15.107, -0.131], [19.961, -0.131], [26.814, -0.131], [32.239, -0.261]]",ok,5.2708,0.0,0.0,0.0,0.0,0.0,0.0,0.0,0.0,0.0,c07a480048b04e989f6fc1e002e5c5b8,scene-0923,42
1.0587,1.3376,2.0524,0.7758,1.2647,1.6157,0.0,0.0,0.0,0.0,0.0,0.0,0.0,0.0,0.0,ok,straight,1.0587,1.3376,1.4953,0.7758,1.0515,1.146,True,"[-0.0653, -0.1958, -0.1958, -2.0888]","[-93.3893, -143.2012, -8106.0996, -83887.4294]","[3.9863, 3.8295, -1008103.4441, -1083884.7739]","[1.146, 2.045, 2.277, 4.378]","[[[4.828, 0.0], [9.682, 0.0], [14.2505, -0.1305], [19.1045, -0.1305], [23.3874, -0.1305], [29.098, -0.1305]], [[4.828, 0.0], [9.682, 0.0], [14.2505, -0.1305], [19.1045, -0.1305], [24.8151, -0.1305], [33.0954, -0.3916]], [[4.828, 0.0], [9.682, 0.0], [14.2505, -0.1305], [19.1045, -0.1305], [27.0993, -0.1305], [23.1019, -0.3916]], [[4.828, 0.0], [9.682, 0.0], [14.2505, -0.1305], [19.1045, -0.1305], [37.9494, -0.3916], [23.1019, -4.1776]]]",1.1844,0.0,0.0,0.0,0.0,0.0,0.0,True,"[1, 1, 1]",0.0,0.0,0.0,1.146,4.0,1.0587,1.3376,1.4953,0.7758,1.0515,1.146,"[[4.828, 0.0], [9.682, 0.0], [14.25, -0.131], [19.104, -0.131], [23.387, -0.131], [29.098, -0.131]]",ok,4.3781,0.0,0.0,0.0,0.0,0.0,0.0,0.0,0.0,0.0,cd29200927db42dcb63c2db3349a8698,scene-0923,42
2.1152,4.9458,7.4221,1.5791,2.8321,4.2428,0.0,0.0,0.0,0.0,0.0,0.0,0.0,0.0,0.0,ok,straight,2.1152,4.9458,7.4221,1.5791,2.8321,4.2428,False,"[-0.0653, -0.4569, -0.0653, -8.2899]","[-38.3759, -290.9222, -353.3313, -17270.9216]","[3.8288, 3.683, -1000350.7193, -1017268.3097]","[4.243, 5.011, 3.435, 5.984]","[[[3.6858, 0.0], [7.3977, 0.0], [11.1096, -0.1305], [14.2505, -0.1305], [17.3913, -0.1305], [21.6742, -0.1305]], [[3.6858, 0.0], [7.3977, 0.0], [11.1096, -0.1305], [14.2505, -0.1305], [15.6781, 0.0], [18.8189, -0.9138]], [[3.6858, 0.0], [7.3977, 0.0], [11.1096, -0.1305], [14.2505, -0.1305], [18.2479, -0.2611], [25.6716, 0.1305]], [[3.6858, 0.0], [7.3977, 0.0], [11.1096, -0.1305], [14.2505, -0.1305], [18.2479, 0.6527], [20.5321, -16.5798]]]",0.9424,0.0,0.0,0.0,0.0,0.0,0.0,True,"[1, 1, 1]",0.0,0.0,0.0,3.4345,4.0,2.1152,4.9458,3.4239,1.5791,2.8321,3.4345,"[[3.686, 0.0], [7.398, 0.0], [11.11, -0.131], [14.25, -0.131], [17.391, -0.131], [21.674, -0.131]]",ok,5.9842,0.0,0.0,0.0,0.0,0.0,0.0,0.0,0.0,0.0,77b766e9aa56434f8d975037278b9a62,scene-0923,42
0.3582,0.3902,1.6753,0.1993,0.2796,0.7654,0.0,0.0,0.0,0.0,0.0,0.0,0.0,0.0,0.0,ok,straight,1.7848,3.5081,0.4347,0.9127,1.4868,1.3634,False,"[-0.0653, -0.1305, -0.0653, -0.1305]","[-2670.5027, -6303.2043, -7370.0698, -83284.0167]","[-1002668.354, -1006301.0556, -1007367.9211, -1083281.868]","[1.363, 1.616, 2.013, 3.178]","[[[5.1135, 0.0], [8.5399, 0.0], [14.8215, -0.1305], [23.1019, -0.2611], [25.9572, -0.1305], [29.6691, -0.1305]], [[5.1135, 0.0], [8.5399, 0.0], [14.8215, -0.1305], [23.1019, -0.2611], [24.8151, -0.1305], [32.8099, -0.2611]], [[5.1135, 0.0], [8.5399, 0.0], [14.8215, -0.1305], [23.1019, -0.2611], [25.1006, -0.9138], [34.8086, -0.1305]], [[5.1135, 0.0], [8.5399, 0.0], [14.8215, -0.1305], [23.1019, -0.2611], [11.9662, 0.1305], [29.3835, 0.2611]]]",0.6952,0.0,0.0,0.0,0.0,0.0,0.0,False,"[1, 1, 1]",0.0,0.0,0.0,1.3634,4.0,1.7848,3.5081,0.4347,0.9127,1.4868,1.3634,"[[5.113, 0.0], [8.54, 0.0], [14.822, -0.131], [23.102, -0.261], [25.957, -0.131], [29.669, -0.131]]",ok,3.178,0.0,0.0,0.0,0.0,0.0,0.0,0.0,0.0,0.0,f74ca01fe91e421b9f96864d8d59feca,scene-0923,42
0.6143,1.3125,1.5703,0.5387,0.8251,1.2079,0.0,0.0,0.0,0.0,0.0,0.0,0.0,0.0,0.0,ok,straight,0.5357,1.3125,1.5703,0.608,0.8598,1.231,False,"[-0.1305, -0.2611, -0.5875]","[-314.1136, -331.8595, -659.5946]","[5.6695, 4.8785, -1000655.7063]","[1.231, 0.932, 1.202]","[[[4.2569, 0.0], [7.6833, 0.0], [9.682, -0.1305], [12.8228, -0.1305], [15.3926, -0.2611], [19.9611, -0.2611]], [[4.2569, 0.0], [7.6833, 0.0], [9.682, -0.1305], [12.8228, -0.1305], [18.2479, -0.2611], [23.1019, -0.5222]], [[4.2569, 0.0], [7.6833, 0.0], [9.682, -0.1305], [12.8228, -0.1305], [16.2492, -0.5222], [23.6729, -1.1749]]]",0.1344,0.0,0.0,0.0,0.0,0.0,0.0,True,"[1, 1, 1]",0.0,0.0,0.0,0.9323,3.0,0.5357,1.3125,1.6405,0.608,0.8598,0.9323,"[[4.257, 0.0], [7.683, 0.0], [9.682, -0.131], [12.823, -0.131], [15.393, -0.261], [19.961, -0.261]]",ok,1.231,0.0,0.0,0.0,0.0,0.0,0.0,0.0,0.0,0.0,c201dea88033406fb304747d32b823a6,scene-0924,42
0.8127,0.9167,2.4263,0.4997,0.6944,0.9836,0.0,0.0,0.0,0.0,0.0,0.0,0.0,0.0,0.0,ok,straight,0.8127,4.0601,2.4263,0.4997,1.7658,2.0303,False,"[-0.0653, -0.3264, -0.1305, -0.9138]","[-885.4531, -2052.555, -9136.6443, -1078543.0469]","[-1000882.5599, -1002049.6617, -1009133.7511, -2078540.1537]","[2.03, 1.834, 1.846, 10.708]","[[[3.6858, 0.0], [6.8267, 0.0], [9.3964, -0.1305], [11.1096, 0.0], [16.2492, -0.1305], [19.9611, -0.1305]], [[3.6858, 0.0], [6.8267, 0.0], [9.3964, -0.1305], [11.1096, 0.0], [18.5334, 0.2611], [25.6716, -0.6527]], [[3.6858, 0.0], [6.8267, 0.0], [9.3964, -0.1305], [11.1096, 0.0], [19.9611, -0.2611], [19.39, -0.2611]], [[3.6858, 0.0], [6.8267, 0.0], [9.3964, -0.1305], [11.1096, 0.0], [69.6432, 0.1305], [16.2492, 1.8277]]]",3.8133,0.0,0.0,0.0,0.0,0.0,0.0,False,"[1, 1, 1]",0.0,0.0,0.0,1.8341,4.0,0.8127,4.0601,3.3108,0.4997,1.7658,1.8341,"[[3.686, 0.0], [6.827, 0.0], [9.396, -0.131], [11.11, 0.0], [16.249, -0.131], [19.961, -0.131]]",ok,10.7082,0.0,0.0,0.0,0.0,0.0,0.0,0.0,0.0,0.0,2402ba90f72345d2abbc04224afd0330,scene-0924,42
1.8408,4.3377,6.2428,1.3066,2.4454,3.3146,0.0,0.0,0.0,0.0,0.0,0.0,0.0,0.0,0.0,ok,straight,1.8408,4.3377,6.2428,1.3066,2.4454,3.3146,False,"[-0.1305, -2.3499, -0.9138, -0.3916]","[-619.2921, -11729.745, -74548.9821, -80847.4304]","[4.4379, -1011727.4044, -1074546.6415, -1080845.0897]","[3.315, 4.558, 4.099, 6.596]","[[[4.2569, 0.0], [8.5399, 0.0], [12.5373, 0.0], [16.8202, 0.1305], [18.8189, 0.2611], [23.3874, 0.2611]], [[4.2569, 0.0], [8.5399, 0.0], [12.5373, 0.0], [16.8202, 0.1305], [25.6716, -0.1305], [21.3887, -4.6998]], [[4.2569, 0.0], [8.5399, 0.0], [12.5373, 0.0], [16.8202, 0.1305], [4.5424, -0.1305], [21.3887, 1.8277]], [[4.2569, 0.0], [8.5399, 0.0], [12.5373, 0.0], [16.8202, 0.1305], [36.8073, 0.0], [25.1006, 0.7833]]]",1.2128,0.0,0.0,0.0,0.0,0.0,0.0,True,"[1, 1, 1]",0.0,0.0,0.0,3.3146,4.0,1.8408,4.3377,6.2428,1.3066,2.4454,3.3146,"[[4.257, 0.0], [8.54, 0.0], [12.537, 0.0], [16.82, 0.131], [18.819, 0.261], [23.387, 0.261]]",ok,6.5963,0.0,0.0,0.0,0.0,0.0,0.0,0.0,0.0,0.0,43e78092d75e44d7943687203bc111d8,scene-0924,42
5.3539,11.0529,13.563,4.0514,6.87,8.9524,0.0,0.0,0.0,0.0,0.0,0.0,0.0,0.0,0.0,ok,straight,5.3539,11.0616,13.5504,4.0514,6.8722,9.1415,False,"[-0.6527, -0.3916, -2.2846, -2.3499]","[-221.755, -2549.358, -4158.6241, -739004.9901]","[4.041, -1002546.7507, -1004156.0168, -1739002.3828]","[9.141, 10.668, 9.486, 17.237]","[[[4.2569, 0.0], [8.5399, -0.1305], [13.3939, -0.3916], [18.2479, -0.7833], [23.3874, -1.0444], [25.9572, -1.3055]], [[4.2569, 0.0], [8.5399, -0.1305], [13.3939, -0.3916], [18.2479, -0.7833], [23.1019, -1.6971], [35.3797, -0.7833]], [[4.2569, 0.0], [8.5399, -0.1305], [13.3939, -0.3916], [18.2479, -0.7833], [20.2466, -1.9582], [30.5257, -4.5692]], [[4.2569, 0.0], [8.5399, -0.1305], [13.3939, -0.3916], [18.2479, -0.7833], [69.6432, -0.9138], [27.6704, -4.6998]]]",3.2845,0.0,0.0,0.0,0.0,0.0,0.0,True,"[1, 1, 1]",0.0,0.0,0.0,9.1415,4.0,5.3539,11.0616,13.5504,4.0514,6.8722,9.1415,"[[4.257, 0.0], [8.54, -0.131], [13.394, -0.392], [18.248, -0.783], [23.387, -1.044], [25.957, -1.305]]",ok,17.2368,0.0,0.0,0.0,0.0,0.0,0.0,0.0,0.0,0.0,6621ea99f14447fdab044d69eac8062a,scene-0924,42
5.081,10.6959,15.4922,3.6955,6.3395,9.1166,0.0,0.0,0.0,0.0,0.0,0.0,0.0,0.0,0.0,ok,straight,5.081,12.1231,15.4922,3.6955,7.2673,9.7352,False,"[-0.1305, -0.3916, -0.1958, -0.1958]","[-291.2043, -336.1319, -37340.4539, -1065531.173]","[5.1413, 2.4745, -1037336.9167, -2065527.6359]","[9.735, 10.118, 10.307, 17.398]","[[[3.1148, 0.0], [6.5412, 0.0], [11.3952, -0.1305], [14.2505, 0.0], [16.2492, -0.1305], [18.2479, -0.2611]], [[3.1148, 0.0], [6.5412, 0.0], [11.3952, -0.1305], [14.2505, 0.0], [16.8202, 0.1305], [19.9611, -0.7833]], [[3.1148, 0.0], [6.5412, 0.0], [11.3952, -0.1305], [14.2505, 0.0], [9.3964, -0.1305], [28.5269, 0.3916]], [[3.1148, 0.0], [6.5412, 0.0], [11.3952, -0.1305], [14.2505, 0.0], [69.6432, -0.5222], [10.8241, -0.3916]]]",3.187,0.0,0.0,0.0,0.0,0.0,0.0,True,"[1, 1, 1]",0.0,0.0,0.0,9.7352,4.0,5.081,12.1231,15.4922,3.6955,7.2673,9.7352,"[[3.115, 0.0], [6.541, 0.0], [11.395, -0.131], [14.25, 0.0], [16.249, -0.131], [18.248, -0.261]]",ok,17.3981,0.0,0.0,0.0,0.0,0.0,0.0,0.0,0.0,0.0,e6fcfc5cd0254eee901c1bbc0a30a6ba,scene-0925,42
4.6561,8.8066,14.831,3.3683,5.3559,7.9422,0.0,0.0,0.0,0.0,0.0,0.0,0.0,0.0,0.0,ok,straight,4.6561,8.8066,14.831,3.3683,5.4986,7.9423,False,"[-0.0653, -0.1305, -0.0, -0.0653]","[-187.1317, -1251.4683, -7779.4783, -10371.0396]","[3.9239, -1001248.6413, -1007776.6513, -1010368.2126]","[7.942, 8.989, 6.848, 6.467]","[[[2.2582, 0.0], [5.1135, 0.0], [7.3977, 0.0], [9.9675, 0.0], [11.9662, -0.1305], [15.9636, -0.1305]], [[2.2582, 0.0], [5.1135, 0.0], [7.3977, 0.0], [9.9675, 0.0], [12.8228, 0.0], [21.3887, 0.2611]], [[2.2582, 0.0], [5.1135, 0.0], [7.3977, 0.0], [9.9675, 0.0], [7.1122, 0.0], [14.2505, 0.0]], [[2.2582, 0.0], [5.1135, 0.0], [7.3977, 0.0], [9.9675, 0.0], [5.9701, -0.1305], [13.1083, -0.1305]]]",0.9863,0.0,0.0,0.0,0.0,0.0,0.0,True,"[1, 1, 1]",0.0,0.0,0.0,6.4672,4.0,4.6561,8.8066,11.9758,3.3683,5.4986,6.4672,"[[2.258, 0.0], [5.113, 0.0], [7.398, 0.0], [9.968, 0.0], [11.966, -0.131], [15.964, -0.131]]",ok,8.9894,0.0,0.0,0.0,0.0,0.0,0.0,0.0,0.0,0.0,9f7941301fc440459a1a6dd8182d4f91,scene-0925,42
3.5115,5.3228,6.3218,2.741,3.6959,4.4883,0.0,0.0,0.0,0.0,0.0,0.0,0.0,0.0,0.0,ok,straight,3.5115,8.4607,6.3218,2.741,5.2656,5.5347,False,"[-0.0653, -0.0, -0.3264, -0.1305]","[-1730.6582, -2001.4319, -2407.4336, -7284.5403]","[-1001727.4823, -1001998.256, -1002404.2577, -1007281.3644]","[5.535, 5.629, 5.778, 5.869]","[[[2.5437, 0.0], [5.399, 0.0], [10.5386, 0.0], [13.6794, 0.0], [13.1083, -0.1305], [15.9636, -0.1305]], [[2.5437, 0.0], [5.399, 0.0], [10.5386, 0.0], [13.6794, 0.0], [16.5347, -0.1305], [13.1083, 0.0]], [[2.5437, 0.0], [5.399, 0.0], [10.5386, 0.0], [13.6794, 0.0], [13.1083, 0.0], [17.3913, -0.6527]], [[2.5437, 0.0], [5.399, 0.0], [10.5386, 0.0], [13.6794, 0.0], [11.6807, -0.1305], [19.39, -0.2611]]]",0.1292,0.0,0.0,0.0,0.0,0.0,0.0,False,"[1, 1, 1]",0.0,0.0,0.0,5.5347,4.0,3.5115,8.4607,6.3218,2.741,5.2656,5.5347,"[[2.544, 0.0], [5.399, 0.0], [10.539, 0.0], [13.679, 0.0], [13.108, -0.131], [15.964, -0.131]]",ok,5.8685,0.0,0.0,0.0,0.0,0.0,0.0,0.0,0.0,0.0,870569ebe8bf460eb4dc77e7a465975e,scene-0925,42
2.2906,6.0277,11.7131,1.8458,3.3199,5.3557,0.0,0.0,0.0,0.0,0.0,0.0,0.0,0.0,0.0,ok,straight,2.2906,6.0277,9.9999,1.8458,3.3199,5.0702,True,"[-0.0653, -0.0653, -0.1305, -8.2899]","[-251.5695, -720.9263, -8397.4575, -15052.3964]","[5.0025, -1000717.4679, -1008393.9991, -1015048.938]","[5.07, 5.451, 4.979, 5.635]","[[[4.5424, 0.0], [8.5399, 0.0], [12.8228, 0.0], [18.2479, 0.0], [22.2453, 0.0], [27.3848, -0.1305]], [[4.5424, 0.0], [8.5399, 0.0], [12.8228, 0.0], [18.2479, 0.0], [22.2453, -0.2611], [29.6691, -0.1305]], [[4.5424, 0.0], [8.5399, 0.0], [12.8228, 0.0], [18.2479, 0.0], [26.5282, 0.6527], [22.5308, -0.2611]], [[4.5424, 0.0], [8.5399, 0.0], [12.8228, 0.0], [18.2479, 0.0], [16.5347, 0.6527], [8.5399, 16.5798]]]",0.2692,0.0,0.0,0.0,0.0,0.0,0.0,True,"[1, 1, 1]",0.0,0.0,0.0,4.9794,4.0,2.2906,6.0277,5.1475,1.8458,3.3199,4.9794,"[[4.542, 0.0], [8.54, 0.0], [12.823, 0.0], [18.248, 0.0], [22.245, 0.0], [27.385, -0.131]]",ok,5.6354,0.0,0.0,0.0,0.0,0.0,0.0,0.0,0.0,0.0,b9ac916091a2417a87126eb9ddd22474,scene-0925,42
2.3616,4.5415,5.998,1.8317,3.0319,3.9286,0.0,0.0,0.0,0.0,0.0,0.0,0.0,0.0,0.0,ok,straight,2.3616,3.9839,5.998,1.8317,2.8925,3.8356,True,"[-0.8486, -2.5457, -3.7859, -1.8277]","[-367.3429, -691.726, -1761.0028, -4865.6532]","[5.477, 3.7098, -1001757.711, -1004862.3614]","[3.836, 4.529, 4.042, 5.374]","[[[1.9727, 0.0], [3.6858, 0.1305], [5.9701, 0.5222], [6.8267, 0.7833], [9.1109, 1.6971], [10.5386, 1.6971]], [[1.9727, 0.0], [3.6858, 0.1305], [5.9701, 0.5222], [6.8267, 0.7833], [9.9675, 1.6971], [12.2517, 5.0914]], [[1.9727, 0.0], [3.6858, 0.1305], [5.9701, 0.5222], [6.8267, 0.7833], [7.1122, -1.436], [12.2517, -7.5719]], [[1.9727, 0.0], [3.6858, 0.1305], [5.9701, 0.5222], [6.8267, 0.7833], [13.6794, 2.3499], [14.8215, 3.6554]]]",0.5924,0.0,0.0,0.0,0.0,0.0,0.0,True,"[1, 1, 1]",0.0,0.0,0.0,3.8356,4.0,2.3616,3.9839,5.998,1.8317,2.8925,3.8356,"[[1.973, 0.0], [3.686, 0.131], [5.97, 0.522], [6.827, 0.783], [9.111, 1.697], [10.539, 1.697]]",ok,5.374,0.0,0.0,0.0,0.0,0.0,0.0,0.0,0.0,0.0,45eda670b5a840acbb730aac15e63b19,scene-0926,42
0.1128,0.3597,0.6998,0.2284,0.3058,0.524,0.0,0.0,0.0,0.0,0.0,0.0,0.0,0.0,0.0,ok,straight,0.7458,0.3597,0.799,0.5449,0.464,0.6455,False,"[-1.0444, -0.3264, -0.6527, -8.2899]","[-87.7597, -508.5256, -728.4412, -15304.2143]","[3.8337, -1000505.7877, -1000725.7032, -1015301.4763]","[0.646, 0.92, 0.741, 3.532]","[[[2.5437, 0.0], [5.399, -0.2611], [7.6833, -0.5222], [9.682, -0.7833], [11.6807, -1.1749], [15.3926, -2.0888]], [[2.5437, 0.0], [5.399, -0.2611], [7.6833, -0.5222], [9.682, -0.7833], [12.8228, -1.8277], [18.8189, -0.6527]], [[2.5437, 0.0], [5.399, -0.2611], [7.6833, -0.5222], [9.682, -0.7833], [11.1096, -0.5222], [16.5347, -1.3055]], [[2.5437, 0.0], [5.399, -0.2611], [7.6833, -0.5222], [9.682, -0.7833], [13.9649, -0.5222], [14.8215, 16.5798]]]",1.2006,0.0,0.0,0.0,0.0,0.0,0.0,True,"[1, 1, 1]",0.0,0.0,0.0,0.6455,4.0,0.7458,0.3597,0.799,0.5449,0.464,0.6455,"[[2.544, 0.0], [5.399, -0.261], [7.683, -0.522], [9.682, -0.783], [11.681, -1.175], [15.393, -2.089]]",ok,3.5323,0.0,0.0,0.0,0.0,0.0,0.0,0.0,0.0,0.0,6d24000d98854d99b5af251bfdf31561,scene-0926,42
0.6361,0.9345,2.5745,0.549,0.6451,1.0782,0.0,0.0,0.0,0.0,0.0,0.0,0.0,0.0,0.0,ok,straight,0.6361,0.9345,2.5745,0.549,0.6451,1.0782,False,"[-0.0653, -0.1305, -0.2611, -0.1958]","[-27.1207, -38.057, -156.9489, -564.0327]","[5.3451, 4.4005, 2.0668, -1000560.8057]","[1.078, 1.315, 1.084, 0.798]","[[[2.2582, 0.0], [4.5424, 0.0], [6.8267, 0.0], [8.5399, 0.0], [10.253, -0.1305], [11.1096, -0.1305]], [[2.2582, 0.0], [4.5424, 0.0], [6.8267, 0.0], [8.5399, 0.0], [9.9675, 0.0], [9.9675, -0.2611]], [[2.2582, 0.0], [4.5424, 0.0], [6.8267, 0.0], [8.5399, 0.0], [9.3964, -0.1305], [11.9662, 0.5222]], [[2.2582, 0.0], [4.5424, 0.0], [6.8267, 0.0], [8.5399, 0.0], [11.6807, 0.0], [11.6807, -0.3916]]]",0.1832,0.0,0.0,0.0,0.0,0.0,0.0,True,"[1, 1, 1]",0.0,0.0,0.0,0.7979,4.0,0.6361,0.9345,2.0539,0.549,0.6451,0.7979,"[[2.258, 0.0], [4.542, 0.0], [6.827, 0.0], [8.54, 0.0], [10.253, -0.131], [11.11, -0.131]]",ok,1.3148,0.0,0.0,0.0,0.0,0.0,0.0,0.0,0.0,0.0,0a6754bbd15c4a99a0df920e42cb8353,scene-0926,42
2.8865,4.5626,6.2606,2.1366,3.2224,4.4041,0.0,0.0,0.0,0.0,0.0,0.0,0.0,0.0,0.0,ok,straight,2.8865,4.5626,6.2606,2.1366,3.2224,4.2613,True,"[-0.0653, -0.0653, -0.0, -0.0653]","[-134.1371, -1707.034, -6890.9638, -94203.8332]","[0.894, -1001706.209, -1006890.1387, -1094203.0082]","[4.261, 6.783, 5.831, 12.827]","[[[3.6858, 0.0], [7.3977, 0.0], [11.1096, 0.0], [14.2505, -0.1305], [18.2479, -0.1305], [20.8176, -0.1305]], [[3.6858, 0.0], [7.3977, 0.0], [11.1096, 0.0], [14.2505, -0.1305], [22.8163, -0.1305], [31.3822, -0.1305]], [[3.6858, 0.0], [7.3977, 0.0], [11.1096, 0.0], [14.2505, -0.1305], [23.6729, -0.1305], [24.8151, 0.0]], [[3.6858, 0.0], [7.3977, 0.0], [11.1096, 0.0], [14.2505, -0.1305], [20.8176, 0.1305], [69.6432, -0.1305]]]",3.2458,0.0,0.0,0.0,0.0,0.0,0.0,True,"[1, 1, 1]",0.0,0.0,0.0,4.2613,4.0,2.8865,4.5626,6.2606,2.1366,3.2224,4.2613,"[[3.686, 0.0], [7.398, 0.0], [11.11, 0.0], [14.25, -0.131], [18.248, -0.131], [20.818, -0.131]]",ok,12.8268,0.0,0.0,0.0,0.0,0.0,0.0,0.0,0.0,0.0,70308748f324468193d6189ab556f8e5,scene-0926,42
0.6852,0.1385,0.533,0.598,0.4487,0.3953,0.0,0.0,0.0,0.0,0.0,0.0,0.0,0.0,0.0,ok,straight,0.6852,0.1385,0.6513,0.598,0.4487,0.5468,False,"[-0.0653, -0.0653, -0.0653, -0.0653]","[-93.484, -299.8387, -1330.2239, -3217.9696]","[3.7898, 3.623, -1001327.3574, -1003215.1031]","[0.547, 0.637, 1.127, 2.257]","[[[3.4003, 0.0], [6.5412, 0.0], [9.3964, 0.0], [12.2517, 0.0], [16.2492, 0.0], [19.39, -0.1305]], [[3.4003, 0.0], [6.5412, 0.0], [9.3964, 0.0], [12.2517, 0.0], [14.8215, 0.5222], [19.9611, -0.1305]], [[3.4003, 0.0], [6.5412, 0.0], [9.3964, 0.0], [12.2517, 0.0], [14.8215, 0.1305], [23.1019, -0.1305]], [[3.4003, 0.0], [6.5412, 0.0], [9.3964, 0.0], [12.2517, 0.0], [20.8176, -0.1305], [25.1006, -0.1305]]]",0.6806,0.0,0.0,0.0,0.0,0.0,0.0,True,"[1, 1, 1]",0.0,0.0,0.0,0.5468,4.0,0.6852,0.1385,0.6513,0.598,0.4487,0.5468,"[[3.4, 0.0], [6.541, 0.0], [9.396, 0.0], [12.252, 0.0], [16.249, 0.0], [19.39, -0.131]]",ok,2.2571,0.0,0.0,0.0,0.0,0.0,0.0,0.0,0.0,0.0,5d785cd90a884e0ebf9c5047a527df76,scene-0927,42
0.6109,1.8872,2.6272,0.5677,0.9744,1.3983,0.0,0.0,0.0,0.0,0.0,0.0,0.0,0.0,0.0,ok,straight,0.6109,1.8872,2.6272,0.5677,0.9744,1.3983,False,"[-0.0653, -0.0653, -0.0, -0.1958]","[-114.3596, -261.9146, -5133.9123, -19097.6966]","[5.7189, 5.6998, -1005129.2026, -1019092.987]","[1.398, 1.87, 1.363, 3.164]","[[[3.1148, 0.0], [6.5412, 0.0], [9.682, 0.0], [11.9662, 0.1305], [15.107, 0.1305], [17.3913, 0.1305]], [[3.1148, 0.0], [6.5412, 0.0], [9.682, 0.0], [11.9662, 0.1305], [13.1083, 0.2611], [16.5347, 0.1305]], [[3.1148, 0.0], [6.5412, 0.0], [9.682, 0.0], [11.9662, 0.1305], [19.9611, 0.0], [21.1032, 0.0]], [[3.1148, 0.0], [6.5412, 0.0], [9.682, 0.0], [11.9662, 0.1305], [14.536, -7.7024], [13.3939, -0.3916]]]",0.7297,0.0,0.0,0.0,0.0,0.0,0.0,True,"[1, 1, 1]",0.0,0.0,0.0,1.363,4.0,0.6109,1.8872,1.252,0.5677,0.9744,1.363,"[[3.115, 0.0], [6.541, 0.0], [9.682, 0.0], [11.966, 0.131], [15.107, 0.131], [17.391, 0.131]]",ok,3.1643,0.0,0.0,0.0,0.0,0.0,0.0,0.0,0.0,0.0,47a99007d3cd489fb6e671accaac003e,scene-0927,42
1.1944,1.4069,2.3072,0.8599,1.1957,1.6415,0.0,0.0,0.0,0.0,0.0,0.0,0.0,0.0,0.0,ok,straight,1.1944,1.4069,2.3072,0.8599,1.0529,1.4031,True,"[-0.0653, -0.0653, -0.0653, -0.1958]","[-51.7207, -104.9768, -984.5991, -1417.4825]","[3.4034, 3.312, -1000982.783, -1001415.6664]","[1.403, 1.166, 2.354, 4.639]","[[[2.2582, 0.0], [4.5424, 0.0], [5.9701, 0.0], [7.9688, 0.0], [10.253, 0.0], [12.5373, -0.1305]], [[2.2582, 0.0], [4.5424, 0.0], [5.9701, 0.0], [7.9688, 0.0], [10.253, 0.0], [11.1096, 0.1305]], [[2.2582, 0.0], [4.5424, 0.0], [5.9701, 0.0], [7.9688, 0.0], [13.1083, 0.0], [15.3926, -0.1305]], [[2.2582, 0.0], [4.5424, 0.0], [5.9701, 0.0], [7.9688, 0.0], [15.3926, -0.1305], [26.8138, -0.3916]]]",1.3724,0.0,0.0,0.0,0.0,0.0,0.0,True,"[1, 1, 1]",0.0,0.0,0.0,1.1657,4.0,1.1944,1.4069,0.8831,0.8599,1.0529,1.1657,"[[2.258, 0.0], [4.542, 0.0], [5.97, 0.0], [7.969, 0.0], [10.253, 0.0], [12.537, -0.131]]",ok,4.6394,0.0,0.0,0.0,0.0,0.0,0.0,0.0,0.0,0.0,13023d830bad41fbab80efdea5a548ce,scene-0927,42
0.9256,0.8495,1.157,0.7083,0.8754,0.9485,0.0,0.0,0.0,0.0,0.0,0.0,0.0,0.0,0.0,ok,straight,0.9256,0.8495,0.8717,0.7083,0.8754,0.9009,True,"[-0.3916, -0.9791, -0.5875, -0.4569]","[-43.1529, -609.9578, -5423.9977, -20738.3057]","[4.8464, 2.2006, -1005420.8782, -1020735.1863]","[0.901, 1.883, 2.062, 2.292]","[[[3.6858, 0.0], [7.3977, 0.0], [11.1096, 0.1305], [14.2505, 0.3916], [17.9623, 0.5222], [21.3887, 0.7833]], [[3.6858, 0.0], [7.3977, 0.0], [11.1096, 0.1305], [14.2505, 0.3916], [20.2466, 1.0444], [24.8151, 1.9582]], [[3.6858, 0.0], [7.3977, 0.0], [11.1096, 0.1305], [14.2505, 0.3916], [20.8176, 3.5248], [23.9585, -1.1749]], [[3.6858, 0.0], [7.3977, 0.0], [11.1096, 0.1305], [14.2505, 0.3916], [25.1006, 0.9138], [19.39, -0.9138]]]",0.5302,0.0,0.0,0.0,0.0,0.0,0.0,True,"[1, 1, 1]",0.0,0.0,0.0,0.9009,4.0,0.9256,0.8495,0.8717,0.7083,0.8754,0.9009,"[[3.686, 0.0], [7.398, 0.0], [11.11, 0.131], [14.25, 0.392], [17.962, 0.522], [21.389, 0.783]]",ok,2.2916,0.0,0.0,0.0,0.0,0.0,0.0,0.0,0.0,0.0,841dd882d0bb442a8e17509f5decee06,scene-0927,42
1.5297,4.762,6.6018,1.1038,2.5213,3.6109,0.0,0.0,0.0,0.0,0.0,0.0,0.0,0.0,0.0,ok,straight,1.5297,4.762,6.6018,1.1038,2.5213,3.6109,False,"[-0.0, -0.1958, -0.1958, -0.0653]","[-189.1348, -1877.9109, -6650.5813, -90387.4673]","[4.7831, -1001875.1228, -1006647.7932, -1090384.6792]","[3.611, 2.157, 4.797, 6.124]","[[[4.2569, 0.0], [8.5399, 0.0], [13.3939, 0.0], [18.2479, 0.0], [21.6742, 0.0], [26.5282, 0.0]], [[4.2569, 0.0], [8.5399, 0.0], [13.3939, 0.0], [18.2479, 0.0], [18.2479, 0.1305], [20.8176, -0.3916]], [[4.2569, 0.0], [8.5399, 0.0], [13.3939, 0.0], [18.2479, 0.0], [20.8176, 0.0], [34.5231, 0.3916]], [[4.2569, 0.0], [8.5399, 0.0], [13.3939, 0.0], [18.2479, 0.0], [22.5308, 16.5798], [29.3835, 0.1305]]]",1.4642,0.0,0.0,0.0,0.0,0.0,0.0,True,"[1, 1, 1]",0.0,0.0,0.0,2.1571,4.0,1.5297,4.762,1.3,1.1038,2.5213,2.1571,"[[4.257, 0.0], [8.54, 0.0], [13.394, 0.0], [18.248, 0.0], [21.674, 0.0], [26.528, 0.0]]",ok,6.1241,0.0,0.0,0.0,0.0,0.0,0.0,0.0,0.0,0.0,fd0915986a6444ee8296894d2a307291,scene-0928,42
0.1401,0.328,1.2305,0.0849,0.2621,0.4967,0.0,0.0,0.0,0.0,0.0,0.0,0.0,0.0,0.0,ok,straight,0.1401,0.328,0.8707,0.0849,0.2621,0.4209,True,"[-0.0653, -0.5222, -0.0653, -0.3264]","[-123.8163, -769.467, -1904.3937, -2086.133]","[5.5307, -1000766.2242, -1001901.1508, -1002082.8901]","[0.421, 0.812, 0.773, 0.788]","[[[2.8293, 0.0], [5.399, 0.0], [8.5399, 0.0], [10.5386, 0.0], [13.1083, 0.0], [15.3926, -0.1305]], [[2.8293, 0.0], [5.399, 0.0], [8.5399, 0.0], [10.5386, 0.0], [12.2517, 0.3916], [18.2479, 1.0444]], [[2.8293, 0.0], [5.399, 0.0], [8.5399, 0.0], [10.5386, 0.0], [10.5386, 0.1305], [16.2492, 0.1305]], [[2.8293, 0.0], [5.399, 0.0], [8.5399, 0.0], [10.5386, 0.0], [14.8215, 0.0], [13.3939, 0.6527]]]",0.1607,0.0,0.0,0.0,0.0,0.0,0.0,True,"[1, 1, 1]",0.0,0.0,0.0,0.4209,4.0,0.1401,0.328,0.8707,0.0849,0.2621,0.4209,"[[2.829, 0.0], [5.399, 0.0], [8.54, 0.0], [10.539, 0.0], [13.108, 0.0], [15.393, -0.131]]",ok,0.8115,0.0,0.0,0.0,0.0,0.0,0.0,0.0,0.0,0.0,b16163568a0e472791b837c0ecad1e5b,scene-0928,42
1.6584,5.6307,10.6331,1.0182,2.8508,4.9757,0.0,0.0,0.0,0.0,0.0,0.0,0.0,0.0,0.0,ok,right,0.3314,6.5018,10.6284,0.6107,2.8281,5.1877,False,"[-2.3499, -8.2899, -8.2899, 1.0444]","[-2234.3098, -84998.2192, -117955.4423, -1390604.8627]","[-2003866.5959, -2086630.5054, -2119587.7284, -3392237.1489]","[5.188, 9.753, 10.05, 12.986]","[[[0.8306, 0.1305], [3.4003, -0.6527], [4.5424, 1.5666], [4.828, 3.1332], [8.2543, 4.5692], [8.2543, 4.6998]], [[0.8306, 0.1305], [3.4003, -0.6527], [4.5424, 1.5666], [4.828, 3.1332], [6.2556, 1.5666], [42.5179, 16.5798]], [[0.8306, 0.1305], [3.4003, -0.6527], [4.5424, 1.5666], [4.828, 3.1332], [23.1019, 16.5798], [8.8254, 16.5798]], [[0.8306, 0.1305], [3.4003, -0.6527], [4.5424, 1.5666], [4.828, 3.1332], [69.6432, 1.1749], [8.5399, -2.0888]]]",2.789,0.0,0.0,0.0,0.0,0.0,0.0,False,"[1, 1, 1]",0.0,0.0,0.0,5.1877,4.0,0.3314,6.5018,10.6284,0.6107,2.8281,5.1877,"[[0.831, 0.131], [3.4, -0.653], [4.542, 1.567], [4.828, 3.133], [8.254, 4.569], [8.254, 4.7]]",ok,12.986,0.0,0.0,0.0,0.0,0.0,0.0,0.0,0.0,0.0,ca53a4aa044c4a319d6bd855757d5d43,scene-0928,42
1.5897,1.4846,1.32,1.0167,1.0687,1.0722,0.0,0.0,0.0,0.0,0.0,0.0,0.0,0.0,0.0,ok,straight,1.305,1.4846,2.7843,0.8743,0.9857,1.4025,False,"[-0.8486, -0.6527, -0.2611, -2.4152]","[-228.2409, -422.4045, -1007.3713, -1751.0339]","[3.8254, 3.737, -1001004.8375, -1001748.5]","[1.403, 1.017, 1.304, 1.455]","[[[3.1148, 0.0], [6.2556, -0.1305], [8.5399, -0.2611], [12.2517, -0.5222], [15.3926, -0.5222], [18.8189, -1.6971]], [[3.1148, 0.0], [6.2556, -0.1305], [8.5399, -0.2611], [12.2517, -0.5222], [14.2505, -1.0444], [17.3913, -1.3055]], [[3.1148, 0.0], [6.2556, -0.1305], [8.5399, -0.2611], [12.2517, -0.5222], [12.5373, -1.0444], [13.6794, -0.5222]], [[3.1148, 0.0], [6.2556, -0.1305], [8.5399, -0.2611], [12.2517, -0.5222], [13.3939, -0.1305], [14.8215, -4.8303]]]",0.1692,0.0,0.0,0.0,0.0,0.0,0.0,True,"[1, 1, 1]",0.0,0.0,0.0,1.0169,4.0,1.305,1.4846,1.32,0.8743,0.9857,1.0169,"[[3.115, 0.0], [6.256, -0.131], [8.54, -0.261], [12.252, -0.522], [15.393, -0.522], [18.819, -1.697]]",ok,1.4548,0.0,0.0,0.0,0.0,0.0,0.0,0.0,0.0,0.0,084108c61ce14d2cb00f7e8102e03626,scene-0928,42
1.5674,3.0369,7.2445,1.1299,1.9366,3.3816,0.0,0.0,0.0,0.0,0.0,0.0,0.0,0.0,0.0,ok,straight,1.5674,3.8851,7.2445,1.1299,2.2199,3.5705,False,"[-1.2402, -0.9791, -1.1097, -1.6971]","[-25.1318, -2023.2929, -2653.3614, -13402.5643]","[2.5989, -1002021.6173, -1002651.6857, -1013400.8887]","[3.57, 3.22, 3.593, 2.847]","[[[3.4003, -0.1305], [6.5412, -0.2611], [9.9675, -0.5222], [13.1083, -1.1749], [16.2492, -1.9582], [19.9611, -2.4804]], [[3.4003, -0.1305], [6.5412, -0.2611], [9.9675, -0.5222], [13.1083, -1.1749], [15.107, -4.3081], [17.9623, -1.9582]], [[3.4003, -0.1305], [6.5412, -0.2611], [9.9675, -0.5222], [13.1083, -1.1749], [18.5334, -2.8721], [17.6768, -2.2193]], [[3.4003, -0.1305], [6.5412, -0.2611], [9.9675, -0.5222], [13.1083, -1.1749], [9.3964, -1.8277], [18.8189, -3.3943]]]",0.3043,0.0,0.0,0.0,0.0,0.0,0.0,True,"[1, 1, 1]",0.0,0.0,0.0,2.8466,4.0,1.5674,3.8851,6.3553,1.1299,2.2199,2.8466,"[[3.4, -0.131], [6.541, -0.261], [9.968, -0.522], [13.108, -1.175], [16.249, -1.958], [19.961, -2.48]]",ok,3.5925,0.0,0.0,0.0,0.0,0.0,0.0,0.0,0.0,0.0,dad9942ea8f1409985140f500c69c88e,scene-0929,42
1.4941,3.2982,5.0713,1.1769,1.9598,2.7679,0.0,0.0,0.0,0.0,0.0,0.0,0.0,0.0,0.0,ok,straight,1.4941,3.2982,10.1062,1.1769,1.9598,4.0152,False,"[-0.9791, -1.2402, -1.7624, -8.2899]","[-323.3591, -36.3677, -1822.6422, -59677.0987]","[3.7675, 3.6925, -1001820.1575, -1059674.6139]","[4.015, 3.047, 3.964, 7.913]","[[[3.6858, -0.1305], [7.3977, -0.2611], [11.1096, -0.7833], [15.107, -1.436], [20.5321, -2.8721], [27.3848, -1.9582]], [[3.6858, -0.1305], [7.3977, -0.2611], [11.1096, -0.7833], [15.107, -1.436], [18.8189, -1.9582], [23.3874, -2.4804]], [[3.6858, -0.1305], [7.3977, -0.2611], [11.1096, -0.7833], [15.107, -1.436], [21.9598, -0.6527], [25.6716, -3.5248]], [[3.6858, -0.1305], [7.3977, -0.2611], [11.1096, -0.7833], [15.107, -1.436], [16.2492, 16.5798], [29.9546, 16.5798]]]",1.8749,0.0,0.0,0.0,0.0,0.0,0.0,True,"[1, 1, 1]",0.0,0.0,0.0,3.0469,4.0,1.4941,3.2982,6.1911,1.1769,1.9598,3.0469,"[[3.686, -0.131], [7.398, -0.261], [11.11, -0.783], [15.107, -1.436], [20.532, -2.872], [27.385, -1.958]]",ok,7.9128,0.0,0.0,0.0,0.0,0.0,0.0,0.0,0.0,0.0,633856fa1c53411c931b7503a188521d,scene-0929,42
0.1875,2.2374,3.601,0.367,1.0752,1.7959,0.0,0.0,0.0,0.0,0.0,0.0,0.0,0.0,0.0,ok,straight,1.3294,0.3326,4.4575,0.8198,0.8968,1.8197,False,"[-0.0, -0.5222, -0.1305, -0.2611]","[-2226.9207, -8784.8801, -12208.9867, -34284.4613]","[-1002224.7367, -1008782.696, -1012206.8027, -1034282.2772]","[1.82, 3.116, 2.528, 3.482]","[[[1.9727, 0.0], [4.2569, 0.0], [5.399, 0.0], [3.9714, 0.0], [7.3977, 0.0], [9.1109, 0.0]], [[1.9727, 0.0], [4.2569, 0.0], [5.399, 0.0], [3.9714, 0.0], [11.3952, 0.1305], [12.8228, -1.0444]], [[1.9727, 0.0], [4.2569, 0.0], [5.399, 0.0], [3.9714, 0.0], [11.1096, -1.8277], [9.3964, 0.2611]], [[1.9727, 0.0], [4.2569, 0.0], [5.399, 0.0], [3.9714, 0.0], [-2.8813, -0.1305], [14.536, 0.5222]]]",0.6291,0.0,0.0,0.0,0.0,0.0,0.0,False,"[1, 1, 1]",0.0,0.0,0.0,1.8197,4.0,1.3294,0.3326,4.4575,0.8198,0.8968,1.8197,"[[1.973, 0.0], [4.257, 0.0], [5.399, 0.0], [3.971, 0.0], [7.398, 0.0], [9.111, 0.0]]",ok,3.4818,0.0,0.0,0.0,0.0,0.0,0.0,0.0,0.0,0.0,4cf5a8b9ae7140e79b98c583ee502999,scene-0929,42
2.2986,4.3728,6.7181,1.9423,2.9213,3.931,0.0,0.0,0.0,0.0,0.0,0.0,0.0,0.0,0.0,ok,straight,2.2986,4.3728,6.1029,1.9423,2.9213,3.8285,True,"[-0.1305, -0.0653, -2.6763, -0.3916]","[-44.2478, -606.1852, -2565.2941, -9378.8819]","[5.2075, -1000602.447, -1002561.5559, -1009375.1436]","[3.829, 2.716, 5.147, 4.796]","[[[2.8293, 0.0], [4.828, 0.0], [7.3977, 0.0], [9.9675, 0.1305], [12.5373, 0.1305], [15.3926, 0.2611]], [[2.8293, 0.0], [4.828, 0.0], [7.3977, 0.0], [9.9675, 0.1305], [11.6807, 0.7833], [9.3964, 0.1305]], [[2.8293, 0.0], [4.828, 0.0], [7.3977, 0.0], [9.9675, 0.1305], [15.107, 0.7833], [19.39, -5.3525]], [[2.8293, 0.0], [4.828, 0.0], [7.3977, 0.0], [9.9675, 0.1305], [17.3913, 3.5248], [15.6781, 0.7833]]]",0.9442,0.0,0.0,0.0,0.0,0.0,0.0,True,"[1, 1, 1]",0.0,0.0,0.0,2.7162,4.0,2.2986,4.3728,0.2075,1.9423,2.9213,2.7162,"[[2.829, 0.0], [4.828, 0.0], [7.398, 0.0], [9.968, 0.131], [12.537, 0.131], [15.393, 0.261]]",ok,5.1467,0.0,0.0,0.0,0.0,0.0,0.0,0.0,0.0,0.0,cfb661d2947841ad8d6d18a0bb169d80,scene-0929,42
0.4468,0.7231,0.298,0.4974,0.4917,0.4852,0.0,0.0,0.0,0.0,0.0,0.0,0.0,0.0,0.0,ok,left,0.4468,0.7231,0.298,0.4974,0.5195,0.5735,False,"[1.2402, 0.1305, 0.1305, 8.2899]","[-173.4875, -2802.2533, -7953.0039, -15407.7618]","[1.9154, -1002801.086, -1007951.8366, -1015406.5946]","[0.573, 3.002, 1.895, 3.097]","[[[2.8293, 0.1305], [5.1135, 0.2611], [6.8267, 0.5222], [9.9675, 1.6971], [13.1083, 2.4804], [15.3926, 2.4804]], [[2.8293, 0.1305], [5.1135, 0.2611], [6.8267, 0.5222], [9.9675, 1.6971], [9.9675, 1.8277], [2.2582, 0.2611]], [[2.8293, 0.1305], [5.1135, 0.2611], [6.8267, 0.5222], [9.9675, 1.6971], [9.9675, -3.1332], [11.9662, 0.2611]], [[2.8293, 0.1305], [5.1135, 0.2611], [6.8267, 0.5222], [9.9675, 1.6971], [14.536, 1.3055], [13.1083, 16.5798]]]",1.0215,0.0,0.0,0.0,0.0,0.0,0.0,True,"[1, 1, 1]",0.0,0.0,0.0,0.5735,4.0,0.4468,0.7231,0.298,0.4974,0.5195,0.5735,"[[2.829, 0.131], [5.113, 0.261], [6.827, 0.522], [9.968, 1.697], [13.108, 2.48], [15.393, 2.48]]",ok,3.0972,0.0,0.0,0.0,0.0,0.0,0.0,0.0,0.0,0.0,e57fa7124f6741e697b1841bc023a90f,scene-0930,42
0.1374,1.7679,4.2963,0.0897,0.7173,1.5635,0.0,0.0,0.0,0.0,0.0,0.0,0.0,0.0,0.0,ok,straight,0.1374,1.7679,4.2963,0.0897,0.7173,1.7533,False,"[-0.0, -0.2611, -0.1305, -0.0653]","[-43.012, -1085.7596, -3697.8622, -4628.1593]","[5.0511, -1001083.1354, -1003695.238, -1004625.5351]","[1.753, 0.738, 1.575, 1.901]","[[[1.9727, 0.0], [3.6858, 0.0], [5.1135, 0.0], [6.5412, 0.0], [7.3977, 0.0], [9.1109, 0.0]], [[1.9727, 0.0], [3.6858, 0.0], [5.1135, 0.0], [6.5412, 0.0], [11.3952, 0.2611], [13.6794, -0.5222]], [[1.9727, 0.0], [3.6858, 0.0], [5.1135, 0.0], [6.5412, 0.0], [10.8241, 0.7833], [7.3977, 0.2611]], [[1.9727, 0.0], [3.6858, 0.0], [5.1135, 0.0], [6.5412, 0.0], [4.5424, 0.0], [11.1096, -0.1305]]]",0.4502,0.0,0.0,0.0,0.0,0.0,0.0,True,"[1, 1, 1]",0.0,0.0,0.0,0.7383,4.0,0.1374,1.7679,0.909,0.0897,0.7173,0.7383,"[[1.973, 0.0], [3.686, 0.0], [5.113, 0.0], [6.541, 0.0], [7.398, 0.0], [9.111, 0.0]]",ok,1.9013,0.0,0.0,0.0,0.0,0.0,0.0,0.0,0.0,0.0,0e9f5667298748c4af70e09079465060,scene-0930,42
0.3368,0.8367,0.4739,0.3426,0.6189,0.7791,0.0,0.0,0.0,0.0,0.0,0.0,0.0,0.0,0.0,ok,straight,0.6472,1.1457,1.3156,0.4978,0.7738,1.0226,False,"[-0.3916, -0.0653, -0.1958, -0.2611]","[-51.6663, -6939.866, -7824.5206, -98926.9887]","[2.8416, -1006936.3332, -1007820.9879, -1098923.4559]","[1.023, 2.245, 1.477, 3.569]","[[[3.1148, 0.0], [6.2556, 0.0], [9.1109, -0.1305], [11.9662, -0.2611], [14.2505, -0.6527], [17.3913, -0.7833]], [[3.1148, 0.0], [6.2556, 0.0], [9.1109, -0.1305], [11.9662, -0.2611], [16.2492, -1.5666], [9.1109, -0.1305]], [[3.1148, 0.0], [6.2556, 0.0], [9.1109, -0.1305], [11.9662, -0.2611], [19.6755, -0.1305], [16.8202, -0.3916]], [[3.1148, 0.0], [6.2556, 0.0], [9.1109, -0.1305], [11.9662, -0.2611], [18.8189, 16.5798], [18.8189, -0.5222]]]",0.9651,0.0,0.0,0.0,0.0,0.0,0.0,True,"[1, 1, 1]",0.0,0.0,0.0,1.0226,4.0,0.6472,1.1457,1.3156,0.4978,0.7738,1.0226,"[[3.115, 0.0], [6.256, 0.0], [9.111, -0.131], [11.966, -0.261], [14.25, -0.653], [17.391, -0.783]]",ok,3.5686,0.0,0.0,0.0,0.0,0.0,0.0,0.0,0.0,0.0,ff93d6dd1c0e4c569ee4bbc0c965c7f2,scene-0930,42
1.3278,2.5743,2.8338,0.9804,1.6049,1.9295,0.0,0.0,0.0,0.0,0.0,0.0,0.0,0.0,0.0,ok,right,2.5343,2.5694,2.8338,1.5827,1.9048,2.1254,False,"[0.9791, 2.2193, 1.0444, -8.2899]","[-749.1229, -1097.0856, -2523.2129, -34857.2174]","[3.2856, -1001094.8962, -1002521.0234, -1034855.028]","[2.125, 2.623, 2.679, 5.381]","[[[2.2582, 0.0], [5.6846, -0.7833], [6.8267, -0.5222], [9.3964, -0.9138], [11.1096, -1.3055], [13.6794, -1.9582]], [[2.2582, 0.0], [5.6846, -0.7833], [6.8267, -0.5222], [9.3964, -0.9138], [11.3952, -1.6971], [16.2492, -4.4387]], [[2.2582, 0.0], [5.6846, -0.7833], [6.8267, -0.5222], [9.3964, -0.9138], [10.5386, -1.6971], [17.6768, -2.0888]], [[2.2582, 0.0], [5.6846, -0.7833], [6.8267, -0.5222], [9.3964, -0.9138], [7.1122, -0.3916], [22.5308, 16.5798]]]",1.2763,0.0,0.0,0.0,0.0,0.0,0.0,True,"[1, 1, 1]",0.0,0.0,0.0,2.1254,4.0,2.5343,2.5694,2.8338,1.5827,1.9048,2.1254,"[[2.258, 0.0], [5.685, -0.783], [6.827, -0.522], [9.396, -0.914], [11.11, -1.305], [13.679, -1.958]]",ok,5.3811,0.0,0.0,0.0,0.0,0.0,0.0,0.0,0.0,0.0,45cd8c6a4f8c4de8b7b47db174692dda,scene-0930,42
1.2198,1.4688,4.8172,0.8881,1.2249,2.2794,0.0,0.0,0.0,0.0,0.0,0.0,0.0,0.0,0.0,ok,right,1.1768,1.4688,4.8172,0.7165,1.0078,2.1346,True,"[1.5666, 2.0888, 1.5666, 1.1749]","[-332.7901, -3274.3323, -3460.7232, -4619.0475]","[4.8164, -1003271.053, -1003457.4438, -1004615.7681]","[2.135, 1.595, 1.575, 1.701]","[[[2.2582, -0.2611], [3.9714, -0.9138], [6.5412, -0.7833], [8.5399, -1.5666], [9.1109, -1.8277], [10.5386, -3.1332]], [[2.2582, -0.2611], [3.9714, -0.9138], [6.5412, -0.7833], [8.5399, -1.5666], [8.8254, -1.6971], [16.5347, -4.1776]], [[2.2582, -0.2611], [3.9714, -0.9138], [6.5412, -0.7833], [8.5399, -1.5666], [13.1083, -2.8721], [10.253, -3.1332]], [[2.2582, -0.2611], [3.9714, -0.9138], [6.5412, -0.7833], [8.5399, -1.5666], [8.8254, -5.0914], [14.8215, -2.3499]]]",0.2264,0.0,0.0,0.0,0.0,0.0,0.0,True,"[1, 1, 1]",0.0,0.0,0.0,1.5748,4.0,1.1768,1.4688,5.0989,0.7165,1.0078,1.5748,"[[2.258, -0.261], [3.971, -0.914], [6.541, -0.783], [8.54, -1.567], [9.111, -1.828], [10.539, -3.133]]",ok,2.1346,0.0,0.0,0.0,0.0,0.0,0.0,0.0,0.0,0.0,b139c133286247d48093bba9151920b2,scene-0931,42
0.4362,0.8593,0.9517,0.3715,0.5443,0.6432,0.0,0.0,0.0,0.0,0.0,0.0,0.0,0.0,0.0,ok,right,0.7516,0.8593,0.9517,0.3976,0.5363,0.6378,True,"[0.7833, -0.7833, -1.8277, 1.893]","[-916.5507, -2943.4935, -6448.239, -112876.9193]","[2.8864, -1002941.7744, -1006446.5198, -1112875.2001]","[0.638, 1.911, 2.237, 3.896]","[[[2.5437, -0.1305], [5.6846, -0.3916], [6.8267, -0.3916], [9.9675, -0.5222], [11.1096, -0.9138], [13.6794, -1.5666]], [[2.5437, -0.1305], [5.6846, -0.3916], [6.8267, -0.3916], [9.9675, -0.5222], [15.3926, -1.9582], [16.5347, 1.5666]], [[2.5437, -0.1305], [5.6846, -0.3916], [6.8267, -0.3916], [9.9675, -0.5222], [6.8267, 0.3916], [10.253, 3.6554]], [[2.5437, -0.1305], [5.6846, -0.3916], [6.8267, -0.3916], [9.9675, -0.5222], [13.3939, 16.5798], [10.5386, -3.7859]]]",1.1615,0.0,0.0,0.0,0.0,0.0,0.0,True,"[1, 1, 1]",0.0,0.0,0.0,0.6378,4.0,0.7516,0.8593,0.9517,0.3976,0.5363,0.6378,"[[2.544, -0.131], [5.685, -0.392], [6.827, -0.392], [9.968, -0.522], [11.11, -0.914], [13.679, -1.567]]",ok,3.8955,0.0,0.0,0.0,0.0,0.0,0.0,0.0,0.0,0.0,ff16d788ac4244e98f9bf8097cf6267c,scene-0931,42
3.3235,6.928,10.7147,2.6106,4.157,5.8361,0.0,0.0,0.0,0.0,0.0,0.0,0.0,0.0,0.0,ok,straight,3.3235,6.3633,10.7147,2.6106,4.0158,5.742,True,"[-1.2402, -2.611, -1.436, -8.2899]","[-137.0149, -2076.6757, -4084.9463, -16105.9537]","[3.8081, -1002074.4949, -1004082.7655, -1016103.7729]","[5.742, 6.678, 6.101, 8.021]","[[[2.8293, 0.1305], [5.399, 0.2611], [7.6833, 0.5222], [10.5386, 1.0444], [12.8228, 1.6971], [16.8202, 2.4804]], [[2.8293, 0.1305], [5.399, 0.2611], [7.6833, 0.5222], [10.5386, 1.0444], [14.2505, 5.3525], [19.1045, 5.222]], [[2.8293, 0.1305], [5.399, 0.2611], [7.6833, 0.5222], [10.5386, 1.0444], [11.6807, 0.0], [20.2466, 2.8721]], [[2.8293, 0.1305], [5.399, 0.2611], [7.6833, 0.5222], [10.5386, 1.0444], [18.2479, 2.0888], [16.2492, 16.5798]]]",0.8668,0.0,0.0,0.0,0.0,0.0,0.0,True,"[1, 1, 1]",0.0,0.0,0.0,5.742,4.0,3.3235,6.3633,10.7147,2.6106,4.0158,5.742,"[[2.829, 0.131], [5.399, 0.261], [7.683, 0.522], [10.539, 1.044], [12.823, 1.697], [16.82, 2.48]]",ok,8.0209,0.0,0.0,0.0,0.0,0.0,0.0,0.0,0.0,0.0,e9c58a877bde42e68c0a4850cd93c6ca,scene-0931,42
1.5537,3.1756,5.7278,1.0428,1.875,2.8651,0.0,0.0,0.0,0.0,0.0,0.0,0.0,0.0,0.0,ok,straight,1.5537,2.4505,5.2039,1.0428,1.6938,2.657,True,"[-0.8486, -8.2899, -8.2899, -2.8721]","[-241.5101, -15304.5084, -57461.0605, -292149.0607]","[5.5651, -1015300.9992, -1057457.5513, -1292145.5516]","[2.657, 4.628, 5.177, 7.868]","[[[1.6871, 0.0], [3.6858, -0.2611], [5.1135, -0.5222], [5.6846, 0.5222], [7.3977, 1.0444], [8.5399, 1.6971]], [[1.6871, 0.0], [3.6858, -0.2611], [5.1135, -0.5222], [5.6846, 0.5222], [4.828, 1.1749], [12.2517, 16.5798]], [[1.6871, 0.0], [3.6858, -0.2611], [5.1135, -0.5222], [5.6846, 0.5222], [8.2543, -5.8747], [1.4016, 16.5798]], [[1.6871, 0.0], [3.6858, -0.2611], [5.1135, -0.5222], [5.6846, 0.5222], [32.2388, -16.5798], [9.3964, -5.7442]]]",1.8612,0.0,0.0,0.0,0.0,0.0,0.0,True,"[1, 1, 1]",0.0,0.0,0.0,2.657,4.0,1.5537,2.4505,5.2039,1.0428,1.6938,2.657,"[[1.687, 0.0], [3.686, -0.261], [5.113, -0.522], [5.685, 0.522], [7.398, 1.044], [8.54, 1.697]]",ok,7.8679,0.0,0.0,0.0,0.0,0.0,0.0,0.0,0.0,0.0,aa08bd8260bd4cb5a342c2efb1afde0a,scene-0931,42
0.9881,3.2535,4.5061,0.9562,1.922,2.7799,0.0,0.0,0.0,0.0,0.0,0.0,0.0,0.0,0.0,ok,straight,0.9881,3.2535,4.5248,0.6743,1.781,2.6859,True,"[-0.2611, -0.1305, -0.3264, -0.0653]","[-80.0813, -1954.8633, -6733.2059, -10044.9783]","[3.37, -1001952.0392, -1006730.3818, -1010042.1541]","[2.686, 2.693, 3.252, 3.02]","[[[3.1148, 0.0], [6.5412, -0.1305], [10.5386, -0.1305], [14.2505, -0.2611], [18.2479, -0.5222], [20.8176, -0.5222]], [[3.1148, 0.0], [6.5412, -0.1305], [10.5386, -0.1305], [14.2505, -0.2611], [15.3926, -0.3916], [9.1109, -0.2611]], [[3.1148, 0.0], [6.5412, -0.1305], [10.5386, -0.1305], [14.2505, -0.2611], [22.2453, -0.5222], [20.2466, -0.6527]], [[3.1148, 0.0], [6.5412, -0.1305], [10.5386, -0.1305], [14.2505, -0.2611], [19.9611, -0.2611], [11.6807, -0.1305]]]",0.2378,0.0,0.0,0.0,0.0,0.0,0.0,True,"[1, 1, 1]",0.0,0.0,0.0,2.6859,4.0,0.9881,3.2535,4.5248,0.6743,1.781,2.6859,"[[3.115, 0.0], [6.541, -0.131], [10.539, -0.131], [14.25, -0.261], [18.248, -0.522], [20.818, -0.522]]",ok,3.2516,0.0,0.0,0.0,0.0,0.0,0.0,0.0,0.0,0.0,b2a93b022374432d917cc7db15ca023a,scene-0962,42
0.9212,0.9775,2.1648,0.559,0.9219,1.3255,0.0,0.0,0.0,0.0,0.0,0.0,0.0,0.0,0.0,ok,straight,0.9212,1.4054,2.1648,0.559,0.7556,1.1784,True,"[-1.2402, -2.3499, -1.3708, -1.436]","[-239.4197, -1276.6044, -7725.9557, -9643.498]","[6.0046, -1001272.5275, -1007721.8788, -1009639.4211]","[1.178, 1.34, 2.308, 1.615]","[[[2.8293, -0.1305], [5.1135, -0.2611], [8.5399, -0.5222], [10.5386, -0.7833], [13.1083, -1.5666], [15.9636, -2.4804]], [[2.8293, -0.1305], [5.1135, -0.2611], [8.5399, -0.5222], [10.5386, -0.7833], [15.107, -1.9582], [16.5347, -4.6998]], [[2.8293, -0.1305], [5.1135, -0.2611], [8.5399, -0.5222], [10.5386, -0.7833], [9.1109, 2.4804], [13.6794, -2.7415]], [[2.8293, -0.1305], [5.1135, -0.2611], [8.5399, -0.5222], [10.5386, -0.7833], [18.5334, -3.7859], [17.1058, -2.8721]]]",0.4321,0.0,0.0,0.0,0.0,0.0,0.0,True,"[1, 1, 1]",0.0,0.0,0.0,1.1784,4.0,0.9212,1.4054,2.1648,0.559,0.7556,1.1784,"[[2.829, -0.131], [5.113, -0.261], [8.54, -0.522], [10.539, -0.783], [13.108, -1.567], [15.964, -2.48]]",ok,2.3084,0.0,0.0,0.0,0.0,0.0,0.0,0.0,0.0,0.0,af7ce8da343b4de19950c66b15ece116,scene-0962,42
0.8728,0.7174,1.6593,0.6583,0.6485,0.9318,0.0,0.0,0.0,0.0,0.0,0.0,0.0,0.0,0.0,ok,left,0.8728,0.7174,1.6593,0.6583,0.6485,0.9318,False,"[3.3943, 8.2899, 0.9138, 8.2899]","[-242.3045, -15792.065, -30377.3078, -67330.2013]","[2.9458, -1015789.6807, -1030374.9235, -1067327.817]","[0.932, 2.938, 3.54, 3.914]","[[[1.9727, 0.1305], [3.9714, 0.6527], [6.5412, 1.6971], [8.5399, 3.0026], [10.5386, 3.7859], [11.9662, 6.7886]], [[1.9727, 0.1305], [3.9714, 0.6527], [6.5412, 1.6971], [8.5399, 3.0026], [11.9662, 1.8277], [20.5321, 16.5798]], [[1.9727, 0.1305], [3.9714, 0.6527], [6.5412, 1.6971], [8.5399, 3.0026], [12.2517, -6.1358], [7.6833, 1.8277]], [[1.9727, 0.1305], [3.9714, 0.6527], [6.5412, 1.6971], [8.5399, 3.0026], [11.1096, -6.0053], [11.3952, 16.5798]]]",1.1506,0.0,0.0,0.0,0.0,0.0,0.0,True,"[1, 1, 1]",0.0,0.0,0.0,0.9318,4.0,0.8728,0.7174,1.6593,0.6583,0.6485,0.9318,"[[1.973, 0.131], [3.971, 0.653], [6.541, 1.697], [8.54, 3.003], [10.539, 3.786], [11.966, 6.789]]",ok,3.9142,0.0,0.0,0.0,0.0,0.0,0.0,0.0,0.0,0.0,b402f8066efb4e34b7007a1d81aba25e,scene-0962,42
1.1485,0.4295,1.8339,0.7159,0.7965,1.1786,0.0,0.0,0.0,0.0,0.0,0.0,0.0,0.0,0.0,ok,straight,1.1485,1.0041,1.8339,0.7159,0.726,1.1316,True,"[-0.0653, -0.0653, -0.0653, -0.3916]","[-135.8941, -3191.3027, -29158.7142, -992399.2585]","[4.6543, -1003187.828, -1029155.2395, -1992395.7838]","[1.132, 3.503, 3.826, 9.888]","[[[3.4003, 0.0], [6.5412, 0.0], [10.5386, -0.1305], [13.6794, 0.0], [16.2492, -0.1305], [19.9611, -0.1305]], [[3.4003, 0.0], [6.5412, 0.0], [10.5386, -0.1305], [13.6794, 0.0], [23.9585, 0.0], [34.2375, 0.1305]], [[3.4003, 0.0], [6.5412, 0.0], [10.5386, -0.1305], [13.6794, 0.0], [20.2466, 0.0], [3.6858, -0.1305]], [[3.4003, 0.0], [6.5412, 0.0], [10.5386, -0.1305], [13.6794, 0.0], [69.6432, 0.0], [16.8202, 0.7833]]]",3.2325,0.0,0.0,0.0,0.0,0.0,0.0,True,"[1, 1, 1]",0.0,0.0,0.0,1.1316,4.0,1.1485,1.0041,1.8339,0.7159,0.726,1.1316,"[[3.4, 0.0], [6.541, 0.0], [10.539, -0.131], [13.679, 0.0], [16.249, -0.131], [19.961, -0.131]]",ok,9.8882,0.0,0.0,0.0,0.0,0.0,0.0,0.0,0.0,0.0,01ac1c5f06994c82be7cc5498a41eab1,scene-0962,42
1.0854,1.131,1.448,0.6323,1.0515,1.2278,0.0,0.0,0.0,0.0,0.0,0.0,0.0,0.0,0.0,ok,straight,1.0854,1.5848,1.8465,0.6323,0.9058,1.1089,True,"[-0.3916, -3.329, -0.1305, -0.3264]","[-363.4923, -6473.6949, -9446.6407, -12803.7331]","[4.0457, -1006471.6531, -1009444.5988, -1012801.6913]","[1.109, 2.608, 2.033, 1.971]","[[[2.8293, 0.0], [5.1135, 0.0], [8.5399, 0.1305], [10.5386, 0.2611], [13.6794, 0.1305], [15.9636, 0.7833]], [[2.8293, 0.0], [5.1135, 0.0], [8.5399, 0.1305], [10.5386, 0.2611], [12.2517, -6.2664], [17.9623, -6.658]], [[2.8293, 0.0], [5.1135, 0.0], [8.5399, 0.1305], [10.5386, 0.2611], [16.8202, 0.5222], [11.1096, 0.2611]], [[2.8293, 0.0], [5.1135, 0.0], [8.5399, 0.1305], [10.5386, 0.2611], [18.5334, 1.5666], [13.6794, 0.6527]]]",0.5353,0.0,0.0,0.0,0.0,0.0,0.0,True,"[1, 1, 1]",0.0,0.0,0.0,1.1089,4.0,1.0854,1.5848,1.8465,0.6323,0.9058,1.1089,"[[2.829, 0.0], [5.113, 0.0], [8.54, 0.131], [10.539, 0.261], [13.679, 0.131], [15.964, 0.783]]",ok,2.6078,0.0,0.0,0.0,0.0,0.0,0.0,0.0,0.0,0.0,637fc435f95f4bc1b72f09811f2d78d2,scene-0963,42
0.3222,0.4957,0.3075,0.3617,0.3902,0.4613,0.0,0.0,0.0,0.0,0.0,0.0,0.0,0.0,0.0,ok,straight,0.3222,0.4957,0.3075,0.3617,0.3902,0.4613,False,"[-0.0, -0.0, -3.3943, -0.1305]","[-30.0167, -31.321, -1541.8599, -30074.4494]","[4.2955, 4.2954, -1001538.7874, -1030071.3769]","[0.461, 0.362, 1.582, 1.841]","[[[1.1161, 0.0], [2.5437, 0.0], [3.6858, 0.0], [4.5424, 0.0], [5.1135, 0.0], [6.5412, 0.0]], [[1.1161, 0.0], [2.5437, 0.0], [3.6858, 0.0], [4.5424, 0.0], [5.9701, 0.0], [7.1122, 0.0]], [[1.1161, 0.0], [2.5437, 0.0], [3.6858, 0.0], [4.5424, 0.0], [6.8267, -0.3916], [9.3964, -6.7886]], [[1.1161, 0.0], [2.5437, 0.0], [3.6858, 0.0], [4.5424, 0.0], [15.3926, -0.1305], [6.8267, -0.2611]]]",0.6572,0.0,0.0,0.0,0.0,0.0,0.0,True,"[1, 1, 1]",0.0,0.0,0.0,0.3624,4.0,0.3222,0.4957,0.4354,0.3617,0.3902,0.3624,"[[1.116, 0.0], [2.544, 0.0], [3.686, 0.0], [4.542, 0.0], [5.113, 0.0], [6.541, 0.0]]",ok,1.841,0.0,0.0,0.0,0.0,0.0,0.0,0.0,0.0,0.0,cea42507a76141998b455b4fed199c35,scene-0963,42
1.1342,1.4466,2.6274,0.9003,1.1052,1.6246,0.0,0.0,0.0,0.0,0.0,0.0,0.0,0.0,0.0,ok,straight,1.1342,3.4355,2.0585,0.9003,2.1735,2.242,False,"[-0.0653, -0.2611, -5.4831, -0.0653]","[-469.2694, -7450.2133, -7775.0152, -14928.9757]","[4.7095, -1007447.5143, -1007772.3162, -1014926.2767]","[2.242, 3.91, 4.124, 3.478]","[[[1.1161, 0.0], [2.5437, 0.0], [5.9701, 0.0], [7.1122, 0.0], [7.3977, -0.1305], [7.6833, -0.1305]], [[1.1161, 0.0], [2.5437, 0.0], [5.9701, 0.0], [7.1122, 0.0], [13.6794, 0.2611], [11.3952, -0.5222]], [[1.1161, 0.0], [2.5437, 0.0], [5.9701, 0.0], [7.1122, 0.0], [9.682, -0.5222], [5.399, -10.9662]], [[1.1161, 0.0], [2.5437, 0.0], [5.9701, 0.0], [7.1122, 0.0], [14.536, 0.0], [7.9688, -0.1305]]]",0.729,0.0,0.0,0.0,0.0,0.0,0.0,True,"[1, 1, 1]",0.0,0.0,0.0,2.242,4.0,1.1342,3.4355,2.0585,0.9003,2.1735,2.242,"[[1.116, 0.0], [2.544, 0.0], [5.97, 0.0], [7.112, 0.0], [7.398, -0.131], [7.683, -0.131]]",ok,4.1241,0.0,0.0,0.0,0.0,0.0,0.0,0.0,0.0,0.0,f500fa5dbede4e3ba3c8c523748d5110,scene-0963,42
0.3711,1.227,2.9176,0.2417,0.7279,1.3606,0.0,0.0,0.0,0.0,0.0,0.0,0.0,0.0,0.0,ok,straight,0.3711,2.3685,2.9176,0.2417,1.0851,1.5988,False,"[-0.0653, -0.2611, -0.1958, -0.0653]","[-96.5002, -224.8045, -2562.3691, -8025.1104]","[3.6164, 1.2671, -1002560.5339, -1008023.2752]","[1.599, 2.505, 1.887, 2.743]","[[[1.1161, 0.0], [2.2582, 0.0], [3.9714, -0.1305], [5.1135, 0.0], [5.1135, -0.1305], [5.6846, -0.1305]], [[1.1161, 0.0], [2.2582, 0.0], [3.9714, -0.1305], [5.1135, 0.0], [6.2556, -0.1305], [9.9675, -0.5222]], [[1.1161, 0.0], [2.2582, 0.0], [3.9714, -0.1305], [5.1135, 0.0], [3.6858, 0.0], [8.8254, 0.3916]], [[1.1161, 0.0], [2.2582, 0.0], [3.9714, -0.1305], [5.1135, 0.0], [11.1096, -0.5222], [6.5412, -0.1305]]]",0.4599,0.0,0.0,0.0,0.0,0.0,0.0,True,"[1, 1, 1]",0.0,0.0,0.0,1.5988,4.0,0.3711,2.3685,2.9176,0.2417,1.0851,1.5988,"[[1.116, 0.0], [2.258, 0.0], [3.971, -0.131], [5.113, 0.0], [5.113, -0.131], [5.685, -0.131]]",ok,2.7428,0.0,0.0,0.0,0.0,0.0,0.0,0.0,0.0,0.0,3fafefe85e5741469e3539c361ec55ad,scene-0963,42
2.6372,6.8786,11.3388,2.0419,3.9252,5.7315,0.0,0.0,0.0,0.0,0.0,0.0,0.0,0.0,0.0,ok,straight,2.6372,6.8786,11.909,2.0419,3.9252,6.0164,False,"[-0.0653, -0.0653, -0.2611, -0.0653]","[-177.1601, -10952.0101, -18206.251, -953126.7689]","[5.4555, -1010947.7327, -1018201.9737, -1953122.4916]","[6.016, 5.969, 7.022, 14.105]","[[[3.6858, 0.0], [6.5412, 0.0], [10.5386, -0.1305], [14.2505, -0.1305], [17.3913, -0.1305], [21.9598, -0.1305]], [[3.6858, 0.0], [6.5412, 0.0], [10.5386, -0.1305], [14.2505, -0.1305], [13.3939, -0.2611], [25.6716, -0.1305]], [[3.6858, 0.0], [6.5412, 0.0], [10.5386, -0.1305], [14.2505, -0.1305], [13.9649, -0.1305], [31.3822, 0.5222]], [[3.6858, 0.0], [6.5412, 0.0], [10.5386, -0.1305], [14.2505, -0.1305], [69.6432, -0.2611], [18.2479, -0.1305]]]",3.3903,0.0,0.0,0.0,0.0,0.0,0.0,True,"[1, 1, 1]",0.0,0.0,0.0,5.9686,4.0,2.6372,6.8786,15.6167,2.0419,3.9252,5.9686,"[[3.686, 0.0], [6.541, 0.0], [10.539, -0.131], [14.25, -0.131], [17.391, -0.131], [21.96, -0.131]]",ok,14.1047,0.0,0.0,0.0,0.0,0.0,0.0,0.0,0.0,0.0,b5cbf927fe0d47c39a9c1d1b05279c55,scene-0966,42
8.5042,18.0583,24.8539,6.3667,11.1791,15.1211,0.0,0.0,0.0,0.0,0.0,0.0,0.0,0.0,0.0,ok,straight,8.5042,20.0566,24.8561,6.3667,11.6072,15.4544,False,"[-0.1958, -0.0653, -0.1305, -8.2899]","[-2015.8166, -2054.7847, -4522.5213, -70469.03]","[-1002011.8667, -1002050.8348, -1004518.5714, -1070465.08]","[15.454, 15.216, 16.025, 16.217]","[[[4.2569, 0.0], [8.5399, 0.0], [13.6794, 0.0], [20.2466, 0.0], [21.9598, -0.1305], [25.9572, -0.3916]], [[4.2569, 0.0], [8.5399, 0.0], [13.6794, 0.0], [20.2466, 0.0], [21.6742, -0.1305], [24.8151, -0.1305]], [[4.2569, 0.0], [8.5399, 0.0], [13.6794, 0.0], [20.2466, 0.0], [21.6742, -0.1305], [29.6691, -0.2611]], [[4.2569, 0.0], [8.5399, 0.0], [13.6794, 0.0], [20.2466, 0.0], [14.536, -1.0444], [33.952, 16.5798]]]",0.4075,0.0,0.0,0.0,0.0,0.0,0.0,False,"[1, 1, 1]",0.0,0.0,0.0,15.2161,4.0,8.5042,20.0566,23.7118,6.3667,11.6072,15.2161,"[[4.257, 0.0], [8.54, 0.0], [13.679, 0.0], [20.247, 0.0], [21.96, -0.131], [25.957, -0.392]]",ok,16.2169,0.0,0.0,0.0,0.0,0.0,0.0,0.0,0.0,0.0,fbbdca28bed1419a87dd2f0b1ced635f,scene-0966,42
5.5781,9.5208,14.4766,4.3321,6.6439,8.9751,0.0,0.0,0.0,0.0,0.0,0.0,0.0,0.0,0.0,ok,straight,4.4319,9.6106,14.4766,4.0461,6.0545,8.5822,True,"[-0.3264, -0.1958, -0.4569, -5.222]","[-1485.9446, -5675.5376, -10998.3361, -11989.3381]","[-1001484.7045, -1005674.2975, -1010997.096, -1011988.098]","[8.582, 8.341, 9.109, 9.456]","[[[5.399, -0.1305], [8.5399, 0.0], [13.1083, -1.0444], [18.8189, -2.3499], [24.8151, -0.2611], [29.6691, -0.6527]], [[5.399, -0.1305], [8.5399, 0.0], [13.1083, -1.0444], [18.8189, -2.3499], [21.3887, -0.1305], [31.6678, -0.3916]], [[5.399, -0.1305], [8.5399, 0.0], [13.1083, -1.0444], [18.8189, -2.3499], [29.3835, -0.1305], [28.2414, -0.9138]], [[5.399, -0.1305], [8.5399, 0.0], [13.1083, -1.0444], [18.8189, -2.3499], [23.3874, -0.1305], [33.381, -10.444]]]",0.437,0.0,0.0,0.0,0.0,0.0,0.0,False,"[1, 1, 1]",0.0,0.0,0.0,8.3406,4.0,4.4319,9.6106,16.4554,4.0461,6.0545,8.3406,"[[5.399, -0.131], [8.54, 0.0], [13.108, -1.044], [18.819, -2.35], [24.815, -0.261], [29.669, -0.653]]",ok,9.4563,0.0,0.0,0.0,0.0,0.0,0.0,0.0,0.0,0.0,24e19e8837cc4653a68f6869cad091c5,scene-0966,42
2.9552,4.5032,8.538,2.0862,3.1436,4.502,0.0,0.0,0.0,0.0,0.0,0.0,0.0,0.0,0.0,ok,straight,2.9552,4.5032,8.538,2.0862,3.1436,4.5011,True,"[-0.1305, -2.2846, -0.1958, -0.7833]","[-38.4183, -467.9032, -1584.4294, -24137.6995]","[2.6438, -1000466.7286, -1001583.2548, -1024136.5249]","[4.501, 4.379, 4.547, 3.834]","[[[4.5424, 0.0], [9.3964, -0.1305], [13.9649, -0.1305], [18.2479, -0.1305], [23.3874, -0.2611], [29.6691, -0.2611]], [[4.5424, 0.0], [9.3964, -0.1305], [13.9649, -0.1305], [18.2479, -0.1305], [23.1019, -0.5222], [28.2414, -4.5692]], [[4.5424, 0.0], [9.3964, -0.1305], [13.9649, -0.1305], [18.2479, -0.1305], [25.3861, -0.3916], [27.9559, -0.3916]], [[4.5424, 0.0], [9.3964, -0.1305], [13.9649, -0.1305], [18.2479, -0.1305], [14.2505, 0.0], [28.2414, -1.5666]]]",0.2846,0.0,0.0,0.0,0.0,0.0,0.0,True,"[1, 1, 1]",0.0,0.0,0.0,3.8342,4.0,2.9552,4.5032,7.154,2.0862,3.1436,3.8342,"[[4.542, 0.0], [9.396, -0.131], [13.965, -0.131], [18.248, -0.131], [23.387, -0.261], [29.669, -0.261]]",ok,4.5475,0.0,0.0,0.0,0.0,0.0,0.0,0.0,0.0,0.0,9e5e0d9f86414e7699c2aed455c137ca,scene-0966,42
1.3349,3.3293,5.9222,0.798,1.7504,2.9075,0.0,0.0,0.0,0.0,0.0,0.0,0.0,0.0,0.0,ok,straight,1.3349,3.3293,5.9222,0.798,1.7504,2.9075,False,"[-0.0, -0.1958, -0.1305, -0.3264]","[-42.802, -2454.5639, -4839.1145, -6465.5787]","[6.0478, -1002451.305, -1004835.8557, -1006462.3198]","[2.907, 3.101, 3.471, 5.91]","[[[3.9714, 0.0], [8.5399, 0.0], [12.5373, 0.0], [16.8202, 0.0], [20.8176, 0.0], [24.8151, 0.0]], [[3.9714, 0.0], [8.5399, 0.0], [12.5373, 0.0], [16.8202, 0.0], [23.3874, 0.0], [23.3874, 0.3916]], [[3.9714, 0.0], [8.5399, 0.0], [12.5373, 0.0], [16.8202, 0.0], [18.8189, 0.9138], [29.9546, 0.2611]], [[3.9714, 0.0], [8.5399, 0.0], [12.5373, 0.0], [16.8202, 0.0], [22.8163, -0.7833], [40.8047, -0.6527]]]",1.208,0.0,0.0,0.0,0.0,0.0,0.0,True,"[1, 1, 1]",0.0,0.0,0.0,2.9075,4.0,1.3349,3.3293,5.9222,0.798,1.7504,2.9075,"[[3.971, 0.0], [8.54, 0.0], [12.537, 0.0], [16.82, 0.0], [20.818, 0.0], [24.815, 0.0]]",ok,5.9101,0.0,0.0,0.0,0.0,0.0,0.0,0.0,0.0,0.0,23d02c83708b4f5e9579bbd99370a672,scene-0967,42
5.4738,11.2087,18.0964,3.9702,6.8802,9.8135,0.0,0.0,0.0,0.0,0.0,0.0,0.0,0.0,0.0,ok,straight,5.4738,12.0652,18.3819,3.9702,7.3804,10.3379,False,"[-0.0, -0.0653, -1.1749, -0.6527]","[-403.7207, -236.1294, -26989.2405, -297285.5267]","[5.5574, 5.4223, -1026985.318, -1297281.6043]","[10.338, 9.671, 13.3, 13.775]","[[[3.6858, 0.0], [7.9688, 0.0], [13.1083, -0.2611], [16.5347, 0.0], [19.6755, -0.3916], [25.1006, 0.0]], [[3.6858, 0.0], [7.9688, 0.0], [13.1083, -0.2611], [16.5347, 0.0], [18.8189, -0.1305], [21.9598, -0.1305]], [[3.6858, 0.0], [7.9688, 0.0], [13.1083, -0.2611], [16.5347, 0.0], [18.8189, -0.1305], [43.66, -2.3499]], [[3.6858, 0.0], [7.9688, 0.0], [13.1083, -0.2611], [16.5347, 0.0], [47.6574, -0.2611], [17.6768, -1.3055]]]",1.7901,0.0,0.0,0.0,0.0,0.0,0.0,True,"[1, 1, 1]",0.0,0.0,0.0,9.6711,4.0,5.4738,12.0652,15.2411,3.9702,7.3804,9.6711,"[[3.686, 0.0], [7.969, 0.0], [13.108, -0.261], [16.535, 0.0], [19.676, -0.392], [25.101, 0.0]]",ok,13.7754,0.0,0.0,0.0,0.0,0.0,0.0,0.0,0.0,0.0,8b95c9f201034aedb14454f4e2869abe,scene-0967,42
3.604,6.4062,10.1576,2.4525,4.0967,5.5672,0.0,0.0,0.0,0.0,0.0,0.0,0.0,0.0,0.0,ok,straight,4.1719,5.8321,10.1576,3.022,4.4519,5.804,False,"[-0.1305, -0.1305, -0.3264, -0.0653]","[-301.8581, -956.7526, -987.9222, -1772.1737]","[4.7069, -1000953.7281, -1000984.8977, -1001769.1492]","[5.804, 7.184, 6.717, 6.583]","[[[4.2569, 0.0], [9.1109, 0.0], [13.3939, -0.1305], [15.6781, 0.0], [19.1045, -0.1305], [24.5295, -0.2611]], [[4.2569, 0.0], [9.1109, 0.0], [13.3939, -0.1305], [15.6781, 0.0], [21.6742, -0.1305], [30.2401, -0.2611]], [[4.2569, 0.0], [9.1109, 0.0], [13.3939, -0.1305], [15.6781, 0.0], [21.3887, -0.7833], [27.6704, -0.6527]], [[4.2569, 0.0], [9.1109, 0.0], [13.3939, -0.1305], [15.6781, 0.0], [19.39, -1.1749], [28.8125, -0.1305]]]",0.4962,0.0,0.0,0.0,0.0,0.0,0.0,True,"[1, 1, 1]",0.0,0.0,0.0,5.804,4.0,4.1719,5.8321,10.1576,3.022,4.4519,5.804,"[[4.257, 0.0], [9.111, 0.0], [13.394, -0.131], [15.678, 0.0], [19.104, -0.131], [24.53, -0.261]]",ok,7.1836,0.0,0.0,0.0,0.0,0.0,0.0,0.0,0.0,0.0,114e0ea88971491bb49e93d56ff96419,scene-0967,42
1.469,3.2674,3.8445,1.2306,1.9638,2.6992,0.0,0.0,0.0,0.0,0.0,0.0,0.0,0.0,0.0,ok,straight,1.469,3.2674,6.1272,1.2306,1.9638,2.9846,False,"[-0.0, -0.1305, -0.1958, -0.0]","[-91.5015, -192.9426, -379.252, -4286.208]","[5.2973, 3.7002, -1000375.5669, -1004282.5229]","[2.985, 4.079, 1.921, 3.555]","[[[2.8293, 0.0], [5.1135, 0.0], [7.3977, 0.0], [9.9675, 0.0], [11.9662, 0.0], [15.3926, 0.0]], [[2.8293, 0.0], [5.1135, 0.0], [7.3977, 0.0], [9.9675, 0.0], [13.6794, -0.1305], [20.2466, 0.2611]], [[2.8293, 0.0], [5.1135, 0.0], [7.3977, 0.0], [9.9675, 0.0], [11.1096, -0.7833], [9.682, 0.3916]], [[2.8293, 0.0], [5.1135, 0.0], [7.3977, 0.0], [9.9675, 0.0], [16.2492, 0.0], [14.536, 0.0]]]",0.8007,0.0,0.0,0.0,0.0,0.0,0.0,True,"[1, 1, 1]",0.0,0.0,0.0,1.9212,4.0,1.469,3.2674,0.465,1.2306,1.9638,1.9212,"[[2.829, 0.0], [5.113, 0.0], [7.398, 0.0], [9.968, 0.0], [11.966, 0.0], [15.393, 0.0]]",ok,4.0794,0.0,0.0,0.0,0.0,0.0,0.0,0.0,0.0,0.0,f10cf1a409064743975d04dd496539e0,scene-0967,42
4.265,8.6036,11.8034,3.2635,5.4232,7.4558,0.0,0.0,0.0,0.0,0.0,0.0,0.0,0.0,0.0,ok,straight,4.265,8.6036,11.8034,3.2635,5.2809,7.173,True,"[-0.8486, -8.2899, -2.2846, -0.8486]","[-139.1487, -15339.8393, -67085.4863, -86889.1775]","[4.4772, -1015337.2664, -1067082.9134, -1086886.6046]","[7.173, 9.275, 9.462, 8.915]","[[[2.2582, 0.1305], [4.2569, 0.2611], [5.9701, 0.5222], [8.5399, 1.0444], [9.9675, 1.6971], [11.6807, 1.6971]], [[2.2582, 0.1305], [4.2569, 0.2611], [5.9701, 0.5222], [8.5399, 1.0444], [12.8228, 0.7833], [13.9649, -16.5798]], [[2.2582, 0.1305], [4.2569, 0.2611], [5.9701, 0.5222], [8.5399, 1.0444], [13.6794, 16.5798], [13.3939, 4.5692]], [[2.2582, 0.1305], [4.2569, 0.2611], [5.9701, 0.5222], [8.5399, 1.0444], [15.6781, 16.5798], [9.3964, 1.6971]]]",0.9067,0.0,0.0,0.0,0.0,0.0,0.0,True,"[1, 1, 1]",0.0,0.0,0.0,7.173,4.0,4.265,8.6036,11.8034,3.2635,5.2809,7.173,"[[2.258, 0.131], [4.257, 0.261], [5.97, 0.522], [8.54, 1.044], [9.968, 1.697], [11.681, 1.697]]",ok,9.4617,0.0,0.0,0.0,0.0,0.0,0.0,0.0,0.0,0.0,aa298fdc84fb489a911a3f363d3beda9,scene-0968,42
4.2055,6.7585,10.9573,3.2269,4.6424,6.2021,0.0,0.0,0.0,0.0,0.0,0.0,0.0,0.0,0.0,ok,straight,3.626,7.7445,10.9573,3.5094,5.0302,6.4606,False,"[-1.2402, -8.2899, -1.6971, -8.2899]","[-1542.2698, -12001.5057, -30821.309, -65597.3796]","[-1001538.3861, -1011997.6219, -1030817.4253, -1065593.4959]","[6.461, 7.961, 6.093, 12.434]","[[[3.4003, 0.1305], [3.9714, 0.0], [6.5412, 0.5222], [9.9675, 1.6971], [11.1096, 1.6971], [15.3926, 2.4804]], [[3.4003, 0.1305], [3.9714, 0.0], [6.5412, 0.5222], [9.9675, 1.6971], [11.3952, 1.8277], [12.5373, 16.5798]], [[3.4003, 0.1305], [3.9714, 0.0], [6.5412, 0.5222], [9.9675, 1.6971], [15.9636, 6.3969], [3.6858, -3.3943]], [[3.4003, 0.1305], [3.9714, 0.0], [6.5412, 0.5222], [9.9675, 1.6971], [12.8228, -1.5666], [48.2285, -16.5798]]]",2.5218,0.0,0.0,0.0,0.0,0.0,0.0,False,"[1, 1, 1]",0.0,0.0,0.0,6.0935,4.0,3.626,7.7445,2.3298,3.5094,5.0302,6.0935,"[[3.4, 0.131], [3.971, 0.0], [6.541, 0.522], [9.968, 1.697], [11.11, 1.697], [15.393, 2.48]]",ok,12.4336,0.0,0.0,0.0,0.0,0.0,0.0,0.0,0.0,0.0,b00c8fb7cac14cf89498c16fdd460ec5,scene-0968,42
0.8285,1.6291,2.1381,0.623,1.0505,1.267,0.0,0.0,0.0,0.0,0.0,0.0,0.0,0.0,0.0,ok,straight,0.8285,1.6291,2.1381,0.623,0.9792,1.2195,True,"[-0.1305, -0.5222, -0.1305, -0.1305]","[-135.9747, -1278.0663, -2063.8005, -2460.036]","[4.8936, -1001275.27, -1002061.0042, -1002457.2398]","[1.219, 1.372, 1.796, 2.17]","[[[1.9727, 0.0], [3.9714, 0.0], [5.6846, -0.1305], [7.6833, -0.1305], [8.5399, -0.2611], [10.5386, -0.2611]], [[1.9727, 0.0], [3.9714, 0.0], [5.6846, -0.1305], [7.6833, -0.1305], [10.253, -0.1305], [7.3977, -1.0444]], [[1.9727, 0.0], [3.9714, 0.0], [5.6846, -0.1305], [7.6833, -0.1305], [11.1096, -2.3499], [10.8241, -0.2611]], [[1.9727, 0.0], [3.9714, 0.0], [5.6846, -0.1305], [7.6833, -0.1305], [12.8228, -0.2611], [11.9662, -0.2611]]]",0.372,0.0,0.0,0.0,0.0,0.0,0.0,True,"[1, 1, 1]",0.0,0.0,0.0,1.2195,4.0,0.8285,1.6291,2.1381,0.623,0.9792,1.2195,"[[1.973, 0.0], [3.971, 0.0], [5.685, -0.131], [7.683, -0.131], [8.54, -0.261], [10.539, -0.261]]",ok,2.1696,0.0,0.0,0.0,0.0,0.0,0.0,0.0,0.0,0.0,2dbfc784e7b8463db1a273cd9b27b240,scene-0968,42
3.4368,5.7442,8.8845,2.4615,3.7447,5.1725,0.0,0.0,0.0,0.0,0.0,0.0,0.0,0.0,0.0,ok,straight,3.4368,6.3152,8.8845,2.4615,4.0302,5.3628,False,"[-0.0653, -0.1305, -0.4569, -0.0]","[-62.076, -1816.895, -10533.7608, -195880.8138]","[3.4972, -1001814.5806, -1010531.4464, -1195878.4994]","[5.363, 6.268, 6.556, 15.598]","[[[1.6871, 0.0], [3.6858, 0.0], [5.1135, 0.0], [6.5412, -0.1305], [7.3977, -0.1305], [9.1109, -0.1305]], [[1.6871, 0.0], [3.6858, 0.0], [5.1135, 0.0], [6.5412, -0.1305], [7.3977, 0.2611], [14.536, -0.2611]], [[1.6871, 0.0], [3.6858, 0.0], [5.1135, 0.0], [6.5412, -0.1305], [5.399, 0.0], [18.2479, -0.9138]], [[1.6871, 0.0], [3.6858, 0.0], [5.1135, 0.0], [6.5412, -0.1305], [8.2543, -0.6527], [69.6432, 0.0]]]",4.1526,0.0,0.0,0.0,0.0,0.0,0.0,True,"[1, 1, 1]",0.0,0.0,0.0,5.3628,4.0,3.4368,6.3152,8.8845,2.4615,4.0302,5.3628,"[[1.687, 0.0], [3.686, 0.0], [5.113, 0.0], [6.541, -0.131], [7.398, -0.131], [9.111, -0.131]]",ok,15.5982,0.0,0.0,0.0,0.0,0.0,0.0,0.0,0.0,0.0,7f2bc98ed6dd4567aaf35b6d02f09621,scene-0968,42
1.9727,3.6521,3.2357,1.5444,2.3199,2.7459,0.0,0.0,0.0,0.0,0.0,0.0,0.0,0.0,0.0,ok,straight,1.9727,3.6521,6.9451,1.5444,2.3199,3.5548,False,"[-0.0, -0.0653, -0.1305, -0.0653]","[-31.7629, -47.5678, -1298.323, -1704.0845]","[4.2996, 2.8642, -1001296.4294, -1001702.191]","[3.555, 2.746, 2.843, 4.221]","[[[1.1161, 0.0], [1.9727, 0.0], [2.5437, 0.0], [3.9714, 0.0], [6.2556, -0.1305], [9.3964, 0.0]], [[1.1161, 0.0], [1.9727, 0.0], [2.5437, 0.0], [3.9714, 0.0], [5.1135, 0.0], [5.6846, -0.1305]], [[1.1161, 0.0], [1.9727, 0.0], [2.5437, 0.0], [3.9714, 0.0], [6.8267, 0.0], [4.5424, 0.2611]], [[1.1161, 0.0], [1.9727, 0.0], [2.5437, 0.0], [3.9714, 0.0], [5.6846, 0.0], [13.9649, -0.1305]]]",0.5961,0.0,0.0,0.0,0.0,0.0,0.0,True,"[1, 1, 1]",0.0,0.0,0.0,2.7459,4.0,1.9727,3.6521,3.2357,1.5444,2.3199,2.7459,"[[1.116, 0.0], [1.973, 0.0], [2.544, 0.0], [3.971, 0.0], [6.256, -0.131], [9.396, 0.0]]",ok,4.2208,0.0,0.0,0.0,0.0,0.0,0.0,0.0,0.0,0.0,923b34d42c5048c0a4db75c65de52f3c,scene-0969,42
2.4399,6.923,9.5778,1.9637,3.7034,5.5284,0.0,0.0,1.0,0.0,0.0,1.0,0.0,0.0,0.16666666666666666,ok,straight,2.7254,8.6344,9.5778,2.1065,4.3451,5.9562,False,"[-0.1305, -0.0, -0.2611, -0.5875]","[-1374.7661, -4078.9697, -4227.8354, -16832.8229]","[-1001372.8546, -1004077.0582, -1004225.9239, -1016830.9114]","[5.956, 6.153, 5.815, 10.386]","[[[2.8293, 0.0], [5.399, 0.0], [8.5399, 0.1305], [13.9649, 0.0], [15.3926, -0.1305], [17.3913, -0.2611]], [[2.8293, 0.0], [5.399, 0.0], [8.5399, 0.1305], [13.9649, 0.0], [14.2505, -0.7833], [19.6755, 0.0]], [[2.8293, 0.0], [5.399, 0.0], [8.5399, 0.1305], [13.9649, 0.0], [13.6794, -0.2611], [18.2479, 0.5222]], [[2.8293, 0.0], [5.399, 0.0], [8.5399, 0.1305], [13.9649, 0.0], [18.5334, 0.5222], [40.8047, -1.1749]]]",1.914,0.0,0.0,1.0,0.0,0.0,1.0,False,"[1, 1, 1]",0.0,0.0,0.16666666666666666,5.8152,4.0,2.7254,8.6344,10.44,2.1065,4.3451,5.8152,"[[2.829, 0.0], [5.399, 0.0], [8.54, 0.131], [13.965, 0.0], [15.393, -0.131], [17.391, -0.261]]",ok,10.3862,0.0,0.0,0.0,0.0,0.0,0.0,0.0,0.0,0.0,5e6c874d0a034ab88e2da0e9eab75c87,scene-0969,42
4.2039,7.4885,9.3782,3.0428,4.7922,6.0086,0.0,1.0,0.0,0.0,1.0,1.0,0.0,0.5,0.5,ok,straight,4.2039,7.4885,11.0962,3.0428,4.7922,6.3901,False,"[-0.0653, -0.0653, -0.2611, -0.0653]","[-426.2972, -3093.522, -4919.1457, -6180.4261]","[5.0003, -1003090.5917, -1004916.2154, -1006177.4957]","[6.39, 4.812, 7.154, 5.588]","[[[1.9727, 0.0], [4.5424, 0.0], [6.5412, -0.1305], [9.3964, -0.1305], [11.1096, -0.1305], [15.3926, -0.1305]], [[1.9727, 0.0], [4.5424, 0.0], [6.5412, -0.1305], [9.3964, -0.1305], [9.9675, -3.0026], [6.5412, -0.1305]], [[1.9727, 0.0], [4.5424, 0.0], [6.5412, -0.1305], [9.3964, -0.1305], [16.2492, 0.5222], [14.8215, -0.5222]], [[1.9727, 0.0], [4.5424, 0.0], [6.5412, -0.1305], [9.3964, -0.1305], [7.3977, 0.0], [14.2505, 0.1305]]]",0.875,0.0,1.0,0.0,0.0,1.0,1.0,True,"[1, 1, 1]",0.0,0.5,0.5,4.8122,4.0,4.2039,7.4885,2.3297,3.0428,4.7922,4.8122,"[[1.973, 0.0], [4.542, 0.0], [6.541, -0.131], [9.396, -0.131], [11.11, -0.131], [15.393, -0.131]]",ok,7.1536,0.0,1.0,0.0,0.0,1.0,1.0,0.0,0.5,0.5,588dd5faaf2a4697b35195f46196cb8b,scene-0969,42
3.054,6.4061,8.5813,2.506,4.122,5.7065,0.0,0.0,0.0,0.0,0.0,0.0,0.0,0.0,0.0,ok,straight,3.054,1.8745,8.5813,2.506,2.6307,4.7123,True,"[-0.0653, -0.1305, -0.1305, -0.2611]","[-10976.6876, -21261.7791, -67782.6623, -83774.7579]","[-1010972.5078, -1021257.5993, -1067778.4825, -1083770.5781]","[4.712, 5.657, 13.651, 13.275]","[[[3.6858, 0.0], [6.5412, 0.0], [9.1109, 0.0], [9.1109, 0.0], [18.2479, -0.1305], [19.39, -0.1305]], [[3.6858, 0.0], [6.5412, 0.0], [9.1109, 0.0], [9.1109, 0.0], [21.3887, -0.1305], [21.9598, 0.2611]], [[3.6858, 0.0], [6.5412, 0.0], [9.1109, 0.0], [9.1109, 0.0], [21.6742, 0.0], [69.6432, -0.2611]], [[3.6858, 0.0], [6.5412, 0.0], [9.1109, 0.0], [9.1109, 0.0], [19.39, -0.2611], [69.6432, -0.5222]]]",4.1545,0.0,0.0,0.0,0.0,0.0,0.0,False,"[1, 1, 1]",0.0,0.0,0.0,4.7123,4.0,3.054,1.8745,8.5813,2.506,2.6307,4.7123,"[[3.686, 0.0], [6.541, 0.0], [9.111, 0.0], [9.111, 0.0], [18.248, -0.131], [19.39, -0.131]]",ok,13.6507,0.0,0.0,0.0,0.0,0.0,0.0,0.0,0.0,0.0,ace2c4ce1a524b1f956d379baf10b82d,scene-0969,42
1.6605,2.2779,3.2511,1.2252,1.8125,2.3644,0.0,0.0,0.0,0.0,0.0,0.0,0.0,0.0,0.0,ok,straight,1.6605,2.2779,3.2178,1.2252,1.8125,2.4526,False,"[-0.3264, -8.2899, -0.0653, -8.2899]","[-814.906, -7546.8982, -12725.9295, -29385.2769]","[4.6992, -1007544.2841, -1012723.3154, -1029382.6628]","[2.453, 5.434, 2.666, 4.762]","[[[0.8306, 0.0], [1.6871, 0.0], [2.5437, 0.1305], [2.5437, 0.1305], [5.1135, 0.6527], [5.1135, 0.6527]], [[0.8306, 0.0], [1.6871, 0.0], [2.5437, 0.1305], [2.5437, 0.1305], [7.3977, 2.8721], [9.3964, 16.5798]], [[0.8306, 0.0], [1.6871, 0.0], [2.5437, 0.1305], [2.5437, 0.1305], [7.9688, -3.5248], [2.8293, 0.1305]], [[0.8306, 0.0], [1.6871, 0.0], [2.5437, 0.1305], [2.5437, 0.1305], [-0.026, 0.0], [13.6794, 16.5798]]]",1.2938,0.0,0.0,0.0,0.0,0.0,0.0,True,"[1, 1, 1]",0.0,0.0,0.0,2.4526,4.0,1.6605,2.2779,3.2178,1.2252,1.8125,2.4526,"[[0.831, 0.0], [1.687, 0.0], [2.544, 0.131], [2.544, 0.131], [5.113, 0.653], [5.113, 0.653]]",ok,5.4343,0.0,0.0,0.0,0.0,0.0,0.0,0.0,0.0,0.0,45c4bd03ee6f4a369dd42abf08dc3957,scene-0971,42
0.4127,0.8306,1.1512,0.2572,0.3709,0.5379,0.0,0.0,0.0,0.0,0.0,0.0,0.0,0.0,0.0,ok,right,0.6138,2.4572,0.5804,0.4896,1.2618,1.0367,False,"[2.7415, 3.9165, 3.329, 2.611]","[-637.0616, -1151.9925, -72859.9489, -1295875.4356]","[3.3788, -1001148.448, -1072856.4044, -2295871.8911]","[1.037, 1.74, 5.26, 11.559]","[[[1.6871, -0.1305], [3.4003, -0.9138], [5.9701, -3.2637], [7.9688, -5.222], [9.9675, -4.5692], [11.1096, -5.4831]], [[1.6871, -0.1305], [3.4003, -0.9138], [5.9701, -3.2637], [7.9688, -5.222], [7.9688, -4.9609], [9.1109, -7.833]], [[1.6871, -0.1305], [3.4003, -0.9138], [5.9701, -3.2637], [7.9688, -5.222], [3.4003, -0.7833], [31.0967, -6.658]], [[1.6871, -0.1305], [3.4003, -0.9138], [5.9701, -3.2637], [7.9688, -5.222], [69.6432, -2.2193], [7.3977, -5.222]]]",4.165,0.0,0.0,0.0,0.0,0.0,0.0,True,"[1, 1, 1]",0.0,0.0,0.0,1.0367,4.0,0.6138,2.4572,0.5804,0.4896,1.2618,1.0367,"[[1.687, -0.131], [3.4, -0.914], [5.97, -3.264], [7.969, -5.222], [9.968, -4.569], [11.11, -5.483]]",ok,11.5594,0.0,0.0,0.0,0.0,0.0,0.0,0.0,0.0,0.0,a8b576261b39410bb5105d3646fbb544,scene-0971,42
0.2446,0.5941,1.7519,0.1346,0.3216,0.633,0.0,0.0,0.0,0.0,0.0,0.0,0.0,0.0,0.0,ok,straight,0.2446,0.5941,1.7519,0.1346,0.2717,0.5997,True,"[-0.0653, -0.0653, -0.0653, -0.0653]","[-410.2098, -944.2544, -535.5749, -960339.1019]","[1.8463, 1.845, -1000534.3065, -1960337.8335]","[0.6, 0.879, 1.31, 9.672]","[[[3.1148, 0.0], [6.5412, 0.0], [9.3964, 0.0], [12.2517, -0.1305], [16.2492, -0.1305], [17.3913, -0.1305]], [[3.1148, 0.0], [6.5412, 0.0], [9.3964, 0.0], [12.2517, -0.1305], [17.9623, 0.2611], [20.8176, -0.1305]], [[3.1148, 0.0], [6.5412, 0.0], [9.3964, 0.0], [12.2517, -0.1305], [14.8215, -0.1305], [13.3939, -0.1305]], [[3.1148, 0.0], [6.5412, 0.0], [9.3964, 0.0], [12.2517, -0.1305], [69.6432, -0.2611], [21.9598, -0.1305]]]",3.7943,0.0,0.0,0.0,0.0,0.0,0.0,True,"[1, 1, 1]",0.0,0.0,0.0,0.5997,4.0,0.2446,0.5941,1.7519,0.1346,0.2717,0.5997,"[[3.115, 0.0], [6.541, 0.0], [9.396, 0.0], [12.252, -0.131], [16.249, -0.131], [17.391, -0.131]]",ok,9.6725,0.0,0.0,0.0,0.0,0.0,0.0,0.0,0.0,0.0,05e5176b77bb44ed85e6df6ad3aba980,scene-0971,42
1.9869,3.355,4.3874,1.4812,2.1386,2.8028,0.0,0.0,0.0,0.0,0.0,0.0,0.0,0.0,0.0,ok,straight,1.9869,3.355,4.3874,1.4812,2.1386,2.8028,False,"[-0.0, -0.1958, -0.3916, -0.0653]","[-143.4586, -1958.1447, -13954.8114, -27533.1571]","[5.4223, -1001954.7935, -1013951.4603, -1027529.8059]","[2.803, 2.912, 3.376, 3.897]","[[[3.6858, 0.0], [7.9688, 0.0], [11.1096, 0.0], [15.107, 0.0], [18.8189, 0.0], [21.9598, 0.0]], [[3.6858, 0.0], [7.9688, 0.0], [11.1096, 0.0], [15.107, 0.0], [20.8176, -0.1305], [20.5321, 0.3916]], [[3.6858, 0.0], [7.9688, 0.0], [11.1096, 0.0], [15.107, 0.0], [19.9611, -6.2664], [21.3887, 0.7833]], [[3.6858, 0.0], [7.9688, 0.0], [11.1096, 0.0], [15.107, 0.0], [27.3848, 0.2611], [19.9611, -0.1305]]]",0.4326,0.0,0.0,0.0,0.0,0.0,0.0,True,"[1, 1, 1]",0.0,0.0,0.0,2.8028,4.0,1.9869,3.355,4.3874,1.4812,2.1386,2.8028,"[[3.686, 0.0], [7.969, 0.0], [11.11, 0.0], [15.107, 0.0], [18.819, 0.0], [21.96, 0.0]]",ok,3.8966,0.0,0.0,0.0,0.0,0.0,0.0,0.0,0.0,0.0,ce0a66937ec741af9defc0fcde1134d5,scene-0971,42
1.6997,2.8045,4.6503,1.1968,1.6609,2.6041,0.0,0.0,0.0,0.0,0.0,0.0,0.0,0.0,0.0,ok,straight,1.6997,1.9385,4.6503,1.1968,1.4444,2.4598,True,"[-0.3916, -0.718, -1.2402, -0.5222]","[-468.3272, -2499.3643, -2982.6063, -10900.76]","[4.8837, -1002496.4327, -1002979.6748, -1010897.8285]","[2.46, 2.313, 4.436, 2.59]","[[[3.1148, 0.0], [6.5412, 0.0], [8.5399, 0.1305], [11.1096, 0.2611], [15.3926, 0.3916], [17.3913, 0.7833]], [[3.1148, 0.0], [6.5412, 0.0], [8.5399, 0.1305], [11.1096, 0.2611], [16.2492, -0.1305], [15.3926, 1.436]], [[3.1148, 0.0], [6.5412, 0.0], [8.5399, 0.1305], [11.1096, 0.2611], [15.6781, 0.6527], [28.8125, 2.4804]], [[3.1148, 0.0], [6.5412, 0.0], [8.5399, 0.1305], [11.1096, 0.2611], [9.3964, 0.0], [20.8176, 1.0444]]]",0.8637,0.0,0.0,0.0,0.0,0.0,0.0,True,"[1, 1, 1]",0.0,0.0,0.0,2.3128,4.0,1.6997,1.9385,2.9183,1.1968,1.4444,2.3128,"[[3.115, 0.0], [6.541, 0.0], [8.54, 0.131], [11.11, 0.261], [15.393, 0.392], [17.391, 0.783]]",ok,4.4358,0.0,0.0,0.0,0.0,0.0,0.0,0.0,0.0,0.0,e80bfd61023745b0a97caae3ff4a1727,scene-0972,42
0.9014,3.1125,5.0335,0.6838,1.7773,2.8036,0.0,0.0,0.0,0.0,0.0,0.0,0.0,0.0,0.0,ok,straight,0.9014,2.827,5.0335,0.6838,1.7059,2.756,True,"[-0.1305, -0.2611, -0.1305, -0.0]","[-461.7476, -987.3097, -2324.3236, -2489.4498]","[4.3734, -1000984.2149, -1002321.2288, -1002486.3549]","[2.756, 2.537, 2.332, 1.503]","[[[1.6871, 0.0], [3.6858, 0.0], [4.5424, 0.0], [6.8267, -0.1305], [7.3977, -0.2611], [9.1109, -0.2611]], [[1.6871, 0.0], [3.6858, 0.0], [4.5424, 0.0], [6.8267, -0.1305], [7.3977, -1.3055], [10.5386, -0.5222]], [[1.6871, 0.0], [3.6858, 0.0], [4.5424, 0.0], [6.8267, -0.1305], [10.8241, 0.0], [8.2543, -0.2611]], [[1.6871, 0.0], [3.6858, 0.0], [4.5424, 0.0], [6.8267, -0.1305], [12.5373, 0.0], [12.5373, 0.0]]]",0.4739,0.0,0.0,0.0,0.0,0.0,0.0,True,"[1, 1, 1]",0.0,0.0,0.0,1.5034,4.0,0.9014,2.827,1.6627,0.6838,1.7059,1.5034,"[[1.687, 0.0], [3.686, 0.0], [4.542, 0.0], [6.827, -0.131], [7.398, -0.261], [9.111, -0.261]]",ok,2.756,0.0,0.0,0.0,0.0,0.0,0.0,0.0,0.0,0.0,d6ff96145885480eae142252fffa6c66,scene-0972,42
2.3535,3.5719,5.1326,1.6445,2.576,3.3448,0.0,0.0,0.0,0.0,0.0,0.0,0.0,0.0,0.0,ok,straight,2.3535,3.5719,5.1326,1.6445,2.5767,3.3452,False,"[-1.2402, -3.1985, -1.6319, -8.2899]","[-43.1166, -1066.5425, -6137.8353, -57309.6137]","[3.9651, -1001064.0875, -1006135.3803, -1057307.1586]","[3.345, 4.16, 4.792, 5.785]","[[[2.8293, 0.1305], [5.1135, 0.2611], [7.6833, 0.7833], [10.5386, 1.6971], [13.1083, 2.4804], [15.9636, 2.4804]], [[2.8293, 0.1305], [5.1135, 0.2611], [7.6833, 0.7833], [10.5386, 1.6971], [11.3952, 4.1776], [15.9636, 6.3969]], [[2.8293, 0.1305], [5.1135, 0.2611], [7.6833, 0.7833], [10.5386, 1.6971], [13.3939, 6.2664], [9.3964, 3.2637]], [[2.8293, 0.1305], [5.1135, 0.2611], [7.6833, 0.7833], [10.5386, 1.6971], [14.2505, -5.7442], [15.107, 16.5798]]]",0.892,0.0,0.0,0.0,0.0,0.0,0.0,True,"[1, 1, 1]",0.0,0.0,0.0,3.3452,4.0,2.3535,3.5719,5.1326,1.6445,2.5767,3.3452,"[[2.829, 0.131], [5.113, 0.261], [7.683, 0.783], [10.539, 1.697], [13.108, 2.48], [15.964, 2.48]]",ok,5.7845,0.0,0.0,0.0,0.0,0.0,0.0,0.0,0.0,0.0,c1682fd7aaea47189d8820dd0abe8a32,scene-0972,42
0.8211,1.6163,1.1368,0.5645,1.0704,1.1595,0.0,0.0,0.0,0.0,0.0,0.0,0.0,0.0,0.0,ok,straight,0.8211,1.6163,1.1368,0.5645,1.0704,1.1595,False,"[-0.1305, -0.1958, -0.2611, -0.1305]","[-22.3137, -183.9729, -1241.8046, -2593.9856]","[4.2808, 2.9174, -1001239.3903, -1002591.5714]","[1.16, 1.49, 3.132, 1.13]","[[[3.4003, 0.0], [6.5412, 0.0], [9.3964, -0.1305], [12.8228, -0.1305], [16.2492, -0.1305], [19.9611, -0.2611]], [[3.4003, 0.0], [6.5412, 0.0], [9.3964, -0.1305], [12.8228, -0.1305], [18.5334, 0.1305], [24.8151, -0.3916]], [[3.4003, 0.0], [6.5412, 0.0], [9.3964, -0.1305], [12.8228, -0.1305], [20.2466, -0.1305], [33.0954, -0.5222]], [[3.4003, 0.0], [6.5412, 0.0], [9.3964, -0.1305], [12.8228, -0.1305], [19.6755, -0.2611], [20.5321, -0.2611]]]",0.8228,0.0,0.0,0.0,0.0,0.0,0.0,True,"[1, 1, 1]",0.0,0.0,0.0,1.1297,4.0,0.8211,1.6163,0.585,0.5645,1.0704,1.1297,"[[3.4, 0.0], [6.541, 0.0], [9.396, -0.131], [12.823, -0.131], [16.249, -0.131], [19.961, -0.261]]",ok,3.1317,0.0,0.0,0.0,0.0,0.0,0.0,0.0,0.0,0.0,82c379e1de1245e4b18822e277d2a0eb,scene-0972,42
2.2539,3.5006,6.1795,1.5611,2.2667,3.6358,0.0,0.0,0.0,0.0,0.0,0.0,0.0,0.0,0.0,ok,straight,2.2539,4.0714,11.606,1.5611,2.6235,4.8865,False,"[-0.1305, -0.0653, -0.0653, -0.0]","[-578.2839, -568.2343, -5791.9476, -22549.1132]","[2.6787, -1000564.8947, -1005788.6081, -1022545.7736]","[4.887, 3.874, 4.873, 3.969]","[[[3.1148, 0.0], [6.5412, 0.0], [9.3964, 0.0], [11.6807, -0.1305], [15.9636, 1.0444], [21.3887, -0.2611]], [[3.1148, 0.0], [6.5412, 0.0], [9.3964, 0.0], [11.6807, -0.1305], [15.3926, -0.1305], [15.9636, -0.1305]], [[3.1148, 0.0], [6.5412, 0.0], [9.3964, 0.0], [11.6807, -0.1305], [19.1045, -0.2611], [18.2479, -0.1305]], [[3.1148, 0.0], [6.5412, 0.0], [9.3964, 0.0], [11.6807, -0.1305], [7.3977, -0.1305], [21.6742, 0.0]]]",0.4805,0.0,0.0,0.0,0.0,0.0,0.0,True,"[1, 1, 1]",0.0,0.0,0.0,3.8737,4.0,2.2539,4.0714,6.1795,1.5611,2.6235,3.8737,"[[3.115, 0.0], [6.541, 0.0], [9.396, 0.0], [11.681, -0.131], [15.964, 1.044], [21.389, -0.261]]",ok,4.8865,0.0,0.0,0.0,0.0,0.0,0.0,0.0,0.0,0.0,cb4504edb87a40d4b650cd5860f6c3b7,scene-1059,42
3.6607,6.4419,9.687,2.8038,4.3117,5.6442,0.0,0.0,0.0,0.0,0.0,0.0,0.0,0.0,0.0,ok,straight,3.6607,6.4419,8.2672,2.8038,4.3165,5.4107,True,"[-1.8277, -2.0888, -0.9791, -8.2899]","[-54.2225, -2285.4064, -3406.8033, -156146.5871]","[3.555, -1002282.9609, -1003404.3578, -1156144.1416]","[5.411, 4.897, 7.142, 8.926]","[[[3.1148, -0.1305], [5.9701, -0.3916], [8.5399, -0.9138], [11.1096, -1.436], [13.1083, -2.4804], [15.9636, -3.6554]], [[3.1148, -0.1305], [5.9701, -0.3916], [8.5399, -0.9138], [11.1096, -1.436], [13.9649, -0.7833], [11.1096, -4.1776]], [[3.1148, -0.1305], [5.9701, -0.3916], [8.5399, -0.9138], [11.1096, -1.436], [18.8189, -2.4804], [21.3887, -1.9582]], [[3.1148, -0.1305], [5.9701, -0.3916], [8.5399, -0.9138], [11.1096, -1.436], [13.3939, -16.5798], [15.9636, 16.5798]]]",1.5824,0.0,0.0,0.0,0.0,0.0,0.0,True,"[1, 1, 1]",0.0,0.0,0.0,4.8974,4.0,3.6607,6.4419,4.6797,2.8038,4.3165,4.8974,"[[3.115, -0.131], [5.97, -0.392], [8.54, -0.914], [11.11, -1.436], [13.108, -2.48], [15.964, -3.655]]",ok,8.9258,0.0,0.0,0.0,0.0,0.0,0.0,0.0,0.0,0.0,b4b81cfd5d734881ad386e5c2b00ed4a,scene-1059,42
2.7506,6.7278,10.1313,2.0587,3.9236,5.8427,0.0,0.0,1.0,0.0,0.0,1.0,0.0,0.0,0.3333333333333333,ok,straight,2.7506,6.7278,10.1313,2.0587,3.9236,5.8427,False,"[-2.7415, -3.7207, -4.1776, -3.6554]","[-161.4268, -4015.2028, -39072.742, -160301.1133]","[5.3198, -1004012.2614, -1039069.8006, -1160298.172]","[5.843, 5.757, 5.108, 8.466]","[[[1.9727, -0.1305], [3.9714, -0.5222], [6.5412, -1.0444], [8.5399, -2.4804], [10.5386, -4.5692], [11.1096, -5.4831]], [[1.9727, -0.1305], [3.9714, -0.5222], [6.5412, -1.0444], [8.5399, -2.4804], [7.1122, -3.9165], [13.1083, -7.4413]], [[1.9727, -0.1305], [3.9714, -0.5222], [6.5412, -1.0444], [8.5399, -2.4804], [0.8306, 0.0], [13.1083, -8.3552]], [[1.9727, -0.1305], [3.9714, -0.5222], [6.5412, -1.0444], [8.5399, -2.4804], [7.1122, 16.5798], [18.5334, -7.3108]]]",1.2862,0.0,0.0,1.0,0.0,0.0,1.0,True,"[1, 1, 1]",0.0,0.0,0.3333333333333333,5.1084,4.0,2.7506,6.7278,13.3967,2.0587,3.9236,5.1084,"[[1.973, -0.131], [3.971, -0.522], [6.541, -1.044], [8.54, -2.48], [10.539, -4.569], [11.11, -5.483]]",ok,8.4664,0.0,0.0,0.0,0.0,0.0,0.0,0.0,0.0,0.0,913104aa7a4f4917a651fdc062c7fc30,scene-1059,42
2.6596,2.9175,2.9145,2.0237,2.4873,2.5626,0.0,0.0,0.0,0.0,0.0,0.0,0.0,0.0,0.0,ok,straight,1.2348,2.978,2.9145,1.3113,2.1463,2.2449,True,"[-2.1541, -0.4569, -2.8068, -8.2899]","[-683.5123, -4309.4568, -4691.7438, -429890.9655]","[4.3281, -1004306.1534, -1004688.4404, -1429887.6621]","[2.245, 2.416, 3.234, 11.486]","[[[2.8293, -0.1305], [4.5424, -0.1305], [8.5399, -0.5222], [11.1096, -1.5666], [13.1083, -2.0888], [16.2492, -4.3081]], [[2.8293, -0.1305], [4.5424, -0.1305], [8.5399, -0.5222], [11.1096, -1.5666], [8.5399, -0.6527], [11.6807, -0.9138]], [[2.8293, -0.1305], [4.5424, -0.1305], [8.5399, -0.5222], [11.1096, -1.5666], [16.8202, -0.5222], [18.2479, -5.6136]], [[2.8293, -0.1305], [4.5424, -0.1305], [8.5399, -0.5222], [11.1096, -1.5666], [45.9443, -16.5798], [27.3848, 16.5798]]]",3.8524,0.0,0.0,0.0,0.0,0.0,0.0,True,"[1, 1, 1]",0.0,0.0,0.0,2.2449,4.0,1.2348,2.978,2.9145,1.3113,2.1463,2.2449,"[[2.829, -0.131], [4.542, -0.131], [8.54, -0.522], [11.11, -1.567], [13.108, -2.089], [16.249, -4.308]]",ok,11.4864,0.0,0.0,0.0,0.0,0.0,0.0,0.0,0.0,0.0,e0c4e822835f4a2e925dec94a835d5ab,scene-1059,42
2.2786,4.9504,5.5295,1.6974,3.0175,3.6334,0.0,0.0,0.0,0.0,0.0,0.0,0.0,0.0,0.0,ok,straight,2.2786,4.9504,5.5295,1.6974,3.0175,3.6334,False,"[-0.0653, -0.4569, -7.2455, -0.1958]","[-373.7024, -6536.1856, -51257.259, -51991.3084]","[3.0876, -1006534.8553, -1051255.9287, -1051989.9781]","[3.633, 3.745, 6.64, 6.298]","[[[3.1148, 0.0], [5.9701, 0.0], [8.5399, 0.0], [11.1096, 0.1305], [15.3926, 0.1305], [17.3913, 0.1305]], [[3.1148, 0.0], [5.9701, 0.0], [8.5399, 0.0], [11.1096, 0.1305], [17.6768, -0.6527], [14.536, 0.9138]], [[3.1148, 0.0], [5.9701, 0.0], [8.5399, 0.0], [11.1096, 0.1305], [9.9675, 1.436], [33.6665, -14.491]], [[3.1148, 0.0], [5.9701, 0.0], [8.5399, 0.0], [11.1096, 0.1305], [8.8254, -11.88], [13.1083, 0.3916]]]",1.3956,0.0,0.0,0.0,0.0,0.0,0.0,True,"[1, 1, 1]",0.0,0.0,0.0,3.6334,4.0,2.2786,4.9504,5.5295,1.6974,3.0175,3.6334,"[[3.115, 0.0], [5.97, 0.0], [8.54, 0.0], [11.11, 0.131], [15.393, 0.131], [17.391, 0.131]]",ok,6.6398,0.0,0.0,0.0,0.0,0.0,0.0,0.0,0.0,0.0,e74b8ce0b1824e0c8167f2534d8d4f7d,scene-1060,42
0.4037,1.0893,2.5541,0.3695,0.6858,1.3589,0.0,0.0,0.0,0.0,0.0,0.0,0.0,0.0,0.0,ok,straight,0.4037,1.0893,2.5541,0.3695,0.6858,1.3488,True,"[-0.1305, -0.718, -0.7833, -0.3264]","[-643.0558, -479.1678, -39806.732, -398791.0386]","[4.6085, 2.4425, -1039804.1001, -1398788.4067]","[1.349, 1.371, 2.977, 10.936]","[[[3.6858, 0.0], [7.3977, 0.0], [11.1096, 0.0], [15.3926, 0.1305], [17.3913, 0.2611], [21.9598, 0.2611]], [[3.6858, 0.0], [7.3977, 0.0], [11.1096, 0.0], [15.3926, 0.1305], [21.9598, 0.0], [26.8138, 1.436]], [[3.6858, 0.0], [7.3977, 0.0], [11.1096, 0.0], [15.3926, 0.1305], [17.6768, -9.9218], [27.3848, 1.5666]], [[3.6858, 0.0], [7.3977, 0.0], [11.1096, 0.0], [15.3926, 0.1305], [2.8293, 0.0], [69.6432, 0.6527]]]",3.9684,0.0,0.0,0.0,0.0,0.0,0.0,True,"[1, 1, 1]",0.0,0.0,0.0,1.3488,4.0,0.4037,1.0893,2.5541,0.3695,0.6858,1.3488,"[[3.686, 0.0], [7.398, 0.0], [11.11, 0.0], [15.393, 0.131], [17.391, 0.261], [21.96, 0.261]]",ok,10.9359,0.0,0.0,0.0,0.0,0.0,0.0,0.0,0.0,0.0,2b92bd1ee0d042fc982e0f2d9e118fb2,scene-1060,42
1.3782,3.7962,6.9652,1.1035,2.3503,3.5518,0.0,0.0,0.0,0.0,0.0,0.0,0.0,0.0,0.0,ok,right,1.0877,3.7962,6.9652,0.8161,2.2066,3.4796,True,"[2.6763, 2.0235, 3.3943, 0.3916]","[-489.8047, -1557.9289, -3276.491, -43910.8125]","[4.0319, -1001555.0437, -1003273.6057, -1043907.9273]","[3.48, 3.122, 2.892, 4.619]","[[[3.4003, -0.1305], [6.8267, -0.9138], [8.5399, -1.436], [12.2517, -2.4804], [15.107, -3.6554], [17.3913, -5.3525]], [[3.4003, -0.1305], [6.8267, -0.9138], [8.5399, -1.436], [12.2517, -2.4804], [14.536, -3.3943], [21.3887, -4.047]], [[3.4003, -0.1305], [6.8267, -0.9138], [8.5399, -1.436], [12.2517, -2.4804], [18.2479, -2.3499], [18.8189, -6.7886]], [[3.4003, -0.1305], [6.8267, -0.9138], [8.5399, -1.436], [12.2517, -2.4804], [15.6781, -13.8383], [17.6768, -0.7833]]]",0.6637,0.0,0.0,0.0,0.0,0.0,0.0,True,"[1, 1, 1]",0.0,0.0,0.0,2.8918,4.0,1.0877,3.7962,5.2921,0.8161,2.2066,2.8918,"[[3.4, -0.131], [6.827, -0.914], [8.54, -1.436], [12.252, -2.48], [15.107, -3.655], [17.391, -5.353]]",ok,4.6189,0.0,0.0,0.0,0.0,0.0,0.0,0.0,0.0,0.0,15f61a56df7a4ecab63dda6cff25e7a0,scene-1060,42
3.4665,6.6796,10.2514,2.4443,4.0041,5.8808,0.0,0.0,0.0,0.0,0.0,0.0,0.0,0.0,0.0,ok,straight,3.4665,6.6796,12.2501,2.4443,4.2183,6.3566,False,"[-0.1305, -0.0653, -0.1305, -0.3916]","[-54.1573, -3387.9908, -37503.7635, -934206.2376]","[4.7972, -1003384.1952, -1037499.9679, -1934202.4419]","[6.357, 4.606, 4.636, 12.537]","[[[3.9714, 0.0], [7.3977, 0.0], [11.1096, -0.1305], [15.3926, -0.1305], [18.8189, -0.1305], [21.3887, -0.2611]], [[3.9714, 0.0], [7.3977, 0.0], [11.1096, -0.1305], [15.3926, -0.1305], [22.8163, -0.1305], [39.3771, -0.1305]], [[3.9714, 0.0], [7.3977, 0.0], [11.1096, -0.1305], [15.3926, -0.1305], [31.3822, -0.1305], [26.2427, -0.2611]], [[3.9714, 0.0], [7.3977, 0.0], [11.1096, -0.1305], [15.3926, -0.1305], [69.6432, -0.5222], [17.1058, -0.7833]]]",3.2553,0.0,0.0,0.0,0.0,0.0,0.0,True,"[1, 1, 1]",0.0,0.0,0.0,4.6056,4.0,3.4665,6.6796,5.7409,2.4443,4.2183,4.6056,"[[3.971, 0.0], [7.398, 0.0], [11.11, -0.131], [15.393, -0.131], [18.819, -0.131], [21.389, -0.261]]",ok,12.5371,0.0,0.0,0.0,0.0,0.0,0.0,0.0,0.0,0.0,463599ceb9a1454a90b192c29878a5f4,scene-1060,42
1.3845,2.1973,1.0081,1.0977,1.4651,1.3575,0.0,0.0,0.0,0.0,0.0,0.0,0.0,0.0,0.0,ok,straight,1.3845,1.378,1.0081,1.0977,1.1906,1.1745,True,"[-0.1305, -0.1305, -5.8095, -0.2611]","[-91.5165, -754.3331, -5867.9661, -6296.5822]","[3.6262, -1000752.4137, -1005866.0466, -1006294.6627]","[1.175, 1.531, 2.809, 5.09]","[[[3.1148, 0.0], [6.5412, -0.1305], [9.1109, -0.1305], [12.2517, -0.1305], [15.3926, -0.2611], [17.3913, -0.2611]], [[3.1148, 0.0], [6.5412, -0.1305], [9.1109, -0.1305], [12.2517, -0.1305], [17.1058, -0.3916], [18.5334, 0.2611]], [[3.1148, 0.0], [6.5412, -0.1305], [9.1109, -0.1305], [12.2517, -0.1305], [13.3939, -0.3916], [14.2505, -11.6189]], [[3.1148, 0.0], [6.5412, -0.1305], [9.1109, -0.1305], [12.2517, -0.1305], [19.39, -0.5222], [38.5205, -0.5222]]]",1.5337,0.0,0.0,0.0,0.0,0.0,0.0,True,"[1, 1, 1]",0.0,0.0,0.0,1.1745,4.0,1.3845,1.378,1.0081,1.0977,1.1906,1.1745,"[[3.115, 0.0], [6.541, -0.131], [9.111, -0.131], [12.252, -0.131], [15.393, -0.261], [17.391, -0.261]]",ok,5.0901,0.0,0.0,0.0,0.0,0.0,0.0,0.0,0.0,0.0,79f6489272c24d3ebc5e225ce6ff2aea,scene-1061,42
0.257,0.6182,2.185,0.2998,0.354,0.8939,0.0,0.0,0.0,0.0,0.0,0.0,0.0,0.0,0.0,ok,straight,0.257,0.6182,2.185,0.2998,0.354,0.8939,False,"[-0.1305, -0.1305, -0.3916, -0.3264]","[-46.585, -1353.8372, -3164.6534, -207883.0443]","[5.0051, -1001350.4061, -1003161.2223, -1207879.6133]","[0.894, 0.847, 2.089, 4.927]","[[[4.2569, 0.0], [8.5399, 0.0], [12.5373, -0.1305], [16.8202, -0.1305], [21.3887, -0.1305], [24.8151, -0.2611]], [[4.2569, 0.0], [8.5399, 0.0], [12.5373, -0.1305], [16.8202, -0.1305], [18.8189, -0.3916], [25.3861, -0.2611]], [[4.2569, 0.0], [8.5399, 0.0], [12.5373, -0.1305], [16.8202, -0.1305], [25.3861, -0.1305], [27.9559, -0.7833]], [[4.2569, 0.0], [8.5399, 0.0], [12.5373, -0.1305], [16.8202, -0.1305], [-2.8813, -0.1305], [28.2414, -0.6527]]]",1.6571,0.0,0.0,0.0,0.0,0.0,0.0,True,"[1, 1, 1]",0.0,0.0,0.0,0.8473,4.0,0.257,0.6182,2.7556,0.2998,0.354,0.8473,"[[4.257, 0.0], [8.54, 0.0], [12.537, -0.131], [16.82, -0.131], [21.389, -0.131], [24.815, -0.261]]",ok,4.9269,0.0,0.0,0.0,0.0,0.0,0.0,0.0,0.0,0.0,89a1ce70fcc4404a8d34cca07523f07b,scene-1061,42
0.3791,1.3535,4.2367,0.2086,0.5924,1.6374,0.0,0.0,0.0,0.0,0.0,0.0,0.0,0.0,0.0,ok,straight,0.3791,1.3535,3.0889,0.2086,0.5924,1.4511,True,"[-0.0653, -0.1305, -0.1958, -0.0653]","[-315.3054, -643.7382, -2197.6086, -152429.8929]","[3.3897, 2.1787, -1002195.712, -1152427.9962]","[1.451, 1.78, 2.731, 8.46]","[[[3.6858, 0.0], [7.3977, -0.1305], [11.1096, -0.1305], [15.3926, -0.1305], [18.2479, -0.3916], [23.1019, -0.1305]], [[3.6858, 0.0], [7.3977, -0.1305], [11.1096, -0.1305], [15.3926, -0.1305], [17.3913, -0.1305], [21.9598, -0.2611]], [[3.6858, 0.0], [7.3977, -0.1305], [11.1096, -0.1305], [15.3926, -0.1305], [15.107, 0.0], [18.5334, 0.3916]], [[3.6858, 0.0], [7.3977, -0.1305], [11.1096, -0.1305], [15.3926, -0.1305], [16.5347, -0.2611], [69.6432, -0.1305]]]",2.8421,0.0,0.0,0.0,0.0,0.0,0.0,True,"[1, 1, 1]",0.0,0.0,0.0,1.4511,4.0,0.3791,1.3535,3.0889,0.2086,0.5924,1.4511,"[[3.686, 0.0], [7.398, -0.131], [11.11, -0.131], [15.393, -0.131], [18.248, -0.392], [23.102, -0.131]]",ok,8.4604,0.0,0.0,0.0,0.0,0.0,0.0,0.0,0.0,0.0,42060e0081f249d7bcb5d2a0aa4e980a,scene-1061,42
2.5437,2.4937,1.607,1.9873,2.2314,2.2757,0.0,0.0,0.0,0.0,0.0,0.0,0.0,0.0,0.0,ok,straight,1.6841,2.4937,1.8925,1.7003,2.0879,2.2751,True,"[-0.1305, -0.1305, -0.2611, -0.0]","[-430.4005, -1590.6347, -1663.1853, -2562.3825]","[4.5449, -1001587.5841, -1001660.1347, -1002559.3319]","[2.275, 1.685, 3.385, 3.842]","[[[3.1148, 0.0], [7.6833, 0.0], [11.1096, -0.1305], [14.8215, -0.1305], [17.1058, -0.2611], [21.3887, -0.2611]], [[3.1148, 0.0], [7.6833, 0.0], [11.1096, -0.1305], [14.8215, -0.1305], [20.8176, -0.3916], [21.9598, -0.2611]], [[3.1148, 0.0], [7.6833, 0.0], [11.1096, -0.1305], [14.8215, -0.1305], [14.8215, 0.9138], [17.1058, -0.5222]], [[3.1148, 0.0], [7.6833, 0.0], [11.1096, -0.1305], [14.8215, -0.1305], [24.8151, 0.1305], [33.6665, 0.0]]]",0.8584,0.0,0.0,0.0,0.0,0.0,0.0,True,"[1, 1, 1]",0.0,0.0,0.0,1.6845,4.0,1.6841,2.4937,1.3215,1.7003,2.0879,1.6845,"[[3.115, 0.0], [7.683, 0.0], [11.11, -0.131], [14.822, -0.131], [17.106, -0.261], [21.389, -0.261]]",ok,3.8421,0.0,0.0,0.0,0.0,0.0,0.0,0.0,0.0,0.0,1f7bbb7aa80e4f21a106c80392af97b9,scene-1061,42
0.4452,0.4655,2.5455,0.3513,0.3919,0.9432,0.0,0.0,0.0,0.0,0.0,0.0,0.0,0.0,0.0,ok,right,0.4452,0.3485,2.5455,0.3513,0.3626,0.8791,True,"[1.5666, 1.3708, -1.2402, -8.2899]","[-39.685, -865.4851, -1415.0781, -10382.5103]","[3.4622, -1000863.5769, -1001413.1698, -1010380.6021]","[0.879, 1.206, 2.028, 4.559]","[[[1.9727, -0.1305], [3.6858, -0.2611], [5.6846, -0.7833], [7.6833, -1.8277], [9.1109, -2.4804], [10.5386, -3.1332]], [[1.9727, -0.1305], [3.6858, -0.2611], [5.6846, -0.7833], [7.6833, -1.8277], [9.682, -3.0026], [7.1122, -2.7415]], [[1.9727, -0.1305], [3.6858, -0.2611], [5.6846, -0.7833], [7.6833, -1.8277], [10.5386, -1.5666], [9.1109, 2.4804]], [[1.9727, -0.1305], [3.6858, -0.2611], [5.6846, -0.7833], [7.6833, -1.8277], [8.2543, -0.2611], [9.1109, 16.5798]]]",1.4425,0.0,0.0,0.0,0.0,0.0,0.0,True,"[1, 1, 1]",0.0,0.0,0.0,0.8791,4.0,0.4452,0.3485,2.5455,0.3513,0.3626,0.8791,"[[1.973, -0.131], [3.686, -0.261], [5.685, -0.783], [7.683, -1.828], [9.111, -2.48], [10.539, -3.133]]",ok,4.5588,0.0,0.0,0.0,0.0,0.0,0.0,0.0,0.0,0.0,617899966d3e4fea9042a1f1a26b764e,scene-1062,42
0.1951,1.4429,2.3743,0.1233,0.4807,1.0225,0.0,0.0,0.0,0.0,0.0,0.0,0.0,0.0,0.0,ok,straight,0.1951,0.5687,3.8009,0.1233,0.2622,1.0196,True,"[-0.1305, -0.3916, -0.1958, -0.1958]","[-431.5227, -510.4926, -1900.2326, -163437.7269]","[4.8831, 2.2153, -1001896.9343, -1163434.4285]","[1.02, 1.814, 1.307, 4.596]","[[[3.6858, 0.0], [7.3977, 0.0], [11.9662, -0.1305], [17.3913, -0.1305], [19.9611, -0.1305], [21.9598, -0.2611]], [[3.6858, 0.0], [7.3977, 0.0], [11.9662, -0.1305], [17.3913, -0.1305], [25.3861, -0.3916], [31.3822, -0.7833]], [[3.6858, 0.0], [7.3977, 0.0], [11.9662, -0.1305], [17.3913, -0.1305], [18.2479, -0.2611], [21.9598, -0.3916]], [[3.6858, 0.0], [7.3977, 0.0], [11.9662, -0.1305], [17.3913, -0.1305], [42.2324, 0.0], [20.2466, -0.3916]]]",1.421,0.0,0.0,0.0,0.0,0.0,0.0,True,"[1, 1, 1]",0.0,0.0,0.0,1.0196,4.0,0.1951,0.5687,3.8009,0.1233,0.2622,1.0196,"[[3.686, 0.0], [7.398, 0.0], [11.966, -0.131], [17.391, -0.131], [19.961, -0.131], [21.96, -0.261]]",ok,4.5956,0.0,0.0,0.0,0.0,0.0,0.0,0.0,0.0,0.0,14032ef9a5194010a189dd4e822d1f5e,scene-1062,42
0.1731,1.0266,1.8623,0.2062,0.4188,0.8226,0.0,0.0,0.0,0.0,0.0,0.0,0.0,0.0,0.0,ok,right,0.9747,1.0266,2.5788,0.5256,0.5785,1.0485,False,"[3.329, 3.1332, 2.4804, 3.7859]","[-368.3295, -428.4059, -6193.3038, -7514.3164]","[3.6837, 3.248, -1006190.932, -1007511.9445]","[1.048, 1.87, 1.696, 2.629]","[[[3.4003, -0.1305], [5.6846, -1.436], [9.1109, -1.8277], [12.8228, -2.4804], [15.3926, -4.5692], [18.2479, -6.658]], [[3.4003, -0.1305], [5.6846, -1.436], [9.1109, -1.8277], [12.8228, -2.4804], [16.8202, -4.8303], [22.2453, -6.2664]], [[3.4003, -0.1305], [5.6846, -1.436], [9.1109, -1.8277], [12.8228, -2.4804], [10.253, -5.8747], [12.8228, -4.9609]], [[3.4003, -0.1305], [5.6846, -1.436], [9.1109, -1.8277], [12.8228, -2.4804], [14.8215, -4.5692], [28.5269, -7.5719]]]",0.5627,0.0,0.0,0.0,0.0,0.0,0.0,True,"[1, 1, 1]",0.0,0.0,0.0,1.0485,4.0,0.9747,1.0266,2.5788,0.5256,0.5785,1.0485,"[[3.4, -0.131], [5.685, -1.436], [9.111, -1.828], [12.823, -2.48], [15.393, -4.569], [18.248, -6.658]]",ok,2.6286,0.0,0.0,0.0,0.0,0.0,0.0,0.0,0.0,0.0,4baa89b0de744b06b2a89f5ff15f3c71,scene-1062,42
6.1876,11.071,17.3953,4.6034,7.3328,10.1617,0.0,0.0,0.0,0.0,0.0,0.0,0.0,0.0,0.0,ok,straight,6.1876,11.0626,17.3738,4.6034,7.3307,10.1567,True,"[-0.6527, -1.1749, -1.1097, -0.1958]","[-122.1179, -2843.9614, -2967.0968, -18859.8626]","[3.5407, -1002841.573, -1002964.7084, -1018857.4742]","[10.157, 10.283, 8.883, 10.671]","[[[3.1148, 0.0], [6.2556, -0.1305], [9.1109, -0.3916], [11.1096, -0.6527], [14.2505, -1.3055], [17.3913, -1.3055]], [[3.1148, 0.0], [6.2556, -0.1305], [9.1109, -0.3916], [11.1096, -0.6527], [11.9662, -1.9582], [20.2466, -2.3499]], [[3.1148, 0.0], [6.2556, -0.1305], [9.1109, -0.3916], [11.1096, -0.6527], [9.682, -0.1305], [14.2505, -2.2193]], [[3.1148, 0.0], [6.2556, -0.1305], [9.1109, -0.3916], [11.1096, -0.6527], [19.9611, -3.6554], [14.536, 0.3916]]]",0.6714,0.0,0.0,0.0,0.0,0.0,0.0,True,"[1, 1, 1]",0.0,0.0,0.0,8.8826,4.0,6.1876,11.0626,14.3558,4.6034,7.3307,8.8826,"[[3.115, 0.0], [6.256, -0.131], [9.111, -0.392], [11.11, -0.653], [14.25, -1.305], [17.391, -1.305]]",ok,10.6709,0.0,0.0,0.0,0.0,0.0,0.0,0.0,0.0,0.0,39711a523be04ea4b5dff56099d623eb,scene-1062,42
1.1492,0.7814,1.1499,0.9605,1.0094,1.0944,0.0,0.0,0.0,0.0,0.0,0.0,0.0,0.0,0.0,ok,left,1.0989,3.06,1.1499,1.361,1.8155,1.5899,False,"[0.8486, 2.0888, 1.1097, 0.718]","[-2574.4555, -59606.0947, -124736.9938, -308014.0139]","[-1002571.04, -1059602.6792, -1124733.5783, -1308010.5983]","[1.59, 5.109, 4.855, 9.155]","[[[2.2582, 0.0], [6.2556, 0.5222], [11.6807, 0.3916], [15.9636, 1.8277], [15.3926, 1.0444], [17.3913, 1.6971]], [[2.2582, 0.0], [6.2556, 0.5222], [11.6807, 0.3916], [15.9636, 1.8277], [11.1096, 0.9138], [35.9507, 4.1776]], [[2.2582, 0.0], [6.2556, 0.5222], [11.6807, 0.3916], [15.9636, 1.8277], [19.9611, -16.5798], [14.2505, 2.2193]], [[2.2582, 0.0], [6.2556, 0.5222], [11.6807, 0.3916], [15.9636, 1.8277], [46.8008, -14.491], [28.5269, 1.436]]]",2.6832,0.0,0.0,0.0,0.0,0.0,0.0,False,"[1, 1, 1]",0.0,0.0,0.0,1.5899,4.0,1.0989,3.06,1.1499,1.361,1.8155,1.5899,"[[2.258, 0.0], [6.256, 0.522], [11.681, 0.392], [15.964, 1.828], [15.393, 1.044], [17.391, 1.697]]",ok,9.1548,0.0,0.0,0.0,0.0,0.0,0.0,0.0,0.0,0.0,42c250251b504ee8a5f1e49def135715,scene-1063,42
0.3274,1.3965,2.6623,0.4927,0.6664,1.2692,0.0,0.0,0.0,0.0,0.0,0.0,0.0,0.0,0.0,ok,straight,0.3274,1.6739,2.6623,0.4927,0.7358,1.3154,False,"[-0.0653, -0.3916, -0.0653, -0.1305]","[-209.2116, -1616.9989, -8298.9381, -81634.2116]","[4.2369, -1001614.1577, -1008296.0969, -1081631.3704]","[1.315, 2.371, 1.904, 7.315]","[[[4.5424, 0.0], [8.5399, 0.0], [13.1083, -0.1305], [16.5347, -0.1305], [21.3887, -0.1305], [26.5282, -0.1305]], [[4.5424, 0.0], [8.5399, 0.0], [13.1083, -0.1305], [16.5347, -0.1305], [17.6768, -0.1305], [23.9585, -0.7833]], [[4.5424, 0.0], [8.5399, 0.0], [13.1083, -0.1305], [16.5347, -0.1305], [24.8151, -1.436], [22.8163, -0.1305]], [[4.5424, 0.0], [8.5399, 0.0], [13.1083, -0.1305], [16.5347, -0.1305], [23.3874, 0.0], [69.6432, -0.2611]]]",2.3902,0.0,0.0,0.0,0.0,0.0,0.0,True,"[1, 1, 1]",0.0,0.0,0.0,1.3154,4.0,0.3274,1.6739,2.6623,0.4927,0.7358,1.3154,"[[4.542, 0.0], [8.54, 0.0], [13.108, -0.131], [16.535, -0.131], [21.389, -0.131], [26.528, -0.131]]",ok,7.3154,0.0,0.0,0.0,0.0,0.0,0.0,0.0,0.0,0.0,369487006f5a4bff82f96a3567858492,scene-1063,42
3.5564,7.3372,9.4435,2.7678,4.6886,6.0457,0.0,0.0,0.0,0.0,0.0,0.0,0.0,0.0,0.0,ok,straight,4.4115,11.3295,7.4901,3.3381,6.331,7.0045,False,"[-0.4569, -0.2611, -0.1958, -0.1958]","[-2601.5968, -5548.6218, -138475.91, -1162053.9618]","[-1002598.2646, -1005545.2897, -1138472.5779, -2162050.6297]","[7.005, 7.141, 13.044, 13.49]","[[[2.8293, 0.0], [5.6846, 0.0], [7.9688, -0.3916], [8.2543, 0.0], [14.2505, 0.0], [19.39, -0.9138]], [[2.8293, 0.0], [5.6846, 0.0], [7.9688, -0.3916], [8.2543, 0.0], [15.3926, -0.2611], [17.3913, -0.5222]], [[2.8293, 0.0], [5.6846, 0.0], [7.9688, -0.3916], [8.2543, 0.0], [13.3939, -0.9138], [69.6432, -0.3916]], [[2.8293, 0.0], [5.6846, 0.0], [7.9688, -0.3916], [8.2543, 0.0], [69.6432, -0.3916], [17.3913, -0.3916]]]",3.1018,0.0,0.0,0.0,0.0,0.0,0.0,False,"[1, 1, 1]",0.0,0.0,0.0,7.0045,4.0,4.4115,11.3295,7.4901,3.3381,6.331,7.0045,"[[2.829, 0.0], [5.685, 0.0], [7.969, -0.392], [8.254, 0.0], [14.25, 0.0], [19.39, -0.914]]",ok,13.4903,0.0,0.0,0.0,0.0,0.0,0.0,0.0,0.0,0.0,10ff71451f7245d392410e8575a68934,scene-1063,42
1.2313,1.6623,2.767,1.0517,1.4254,1.6147,0.0,0.0,0.0,0.0,0.0,0.0,0.0,0.0,0.0,ok,straight,1.2313,1.6623,3.564,1.0517,1.4254,2.1761,False,"[-0.2611, -0.1958, -0.0653, -0.1305]","[-823.4146, -1073.8219, -1523.6655, -86592.5658]","[2.1617, -1001070.9045, -1001520.7481, -1086589.6484]","[2.176, 1.323, 1.804, 5.184]","[[[3.6858, 0.0], [7.3977, 0.0], [11.9662, -0.1305], [15.9636, -0.1305], [22.8163, 0.2611], [27.6704, -0.5222]], [[3.6858, 0.0], [7.3977, 0.0], [11.9662, -0.1305], [15.9636, -0.1305], [17.6768, -0.1305], [23.3874, -0.3916]], [[3.6858, 0.0], [7.3977, 0.0], [11.9662, -0.1305], [15.9636, -0.1305], [21.3887, -0.1305], [21.3887, -0.1305]], [[3.6858, 0.0], [7.3977, 0.0], [11.9662, -0.1305], [15.9636, -0.1305], [31.6678, 0.5222], [11.3952, -0.2611]]]",1.5098,0.0,0.0,0.0,0.0,0.0,0.0,True,"[1, 1, 1]",0.0,0.0,0.0,1.3235,4.0,1.2313,1.6623,0.8755,1.0517,1.4254,1.3235,"[[3.686, 0.0], [7.398, 0.0], [11.966, -0.131], [15.964, -0.131], [22.816, 0.261], [27.67, -0.522]]",ok,5.1841,0.0,0.0,0.0,0.0,0.0,0.0,0.0,0.0,0.0,79a10e4d9e5b49e980a8897d6f09f450,scene-1063,42
0.3511,0.4663,3.6104,0.2668,0.3383,1.4063,0.0,0.0,0.0,0.0,0.0,0.0,0.0,0.0,0.0,ok,straight,0.3511,0.4663,3.6104,0.2668,0.3383,1.4063,False,"[-0.8486, -0.5222, -0.3264, -0.718]","[-750.4585, -1008.8076, -10331.465, -177791.7707]","[2.1304, -1001006.0601, -1010328.7175, -1177789.0232]","[1.406, 1.095, 2.088, 4.818]","[[[3.6858, -0.1305], [7.3977, -0.1305], [11.1096, -0.3916], [15.3926, -0.6527], [17.1058, -1.1749], [21.3887, -1.6971]], [[3.6858, -0.1305], [7.3977, -0.1305], [11.1096, -0.3916], [15.3926, -0.6527], [19.6755, -0.7833], [29.098, -1.0444]], [[3.6858, -0.1305], [7.3977, -0.1305], [11.1096, -0.3916], [15.3926, -0.6527], [22.5308, -2.4804], [16.5347, -0.6527]], [[3.6858, -0.1305], [7.3977, -0.1305], [11.1096, -0.3916], [15.3926, -0.6527], [40.5192, -1.9582], [17.3913, -1.436]]]",1.4683,0.0,0.0,0.0,0.0,0.0,0.0,True,"[1, 1, 1]",0.0,0.0,0.0,1.0953,4.0,0.3511,0.4663,4.3197,0.2668,0.3383,1.0953,"[[3.686, -0.131], [7.398, -0.131], [11.11, -0.392], [15.393, -0.653], [17.106, -1.175], [21.389, -1.697]]",ok,4.8178,0.0,0.0,0.0,0.0,0.0,0.0,0.0,0.0,0.0,b62a484b94a04ae4b1b2729fb2064696,scene-1064,42
3.4155,9.7277,16.3217,2.5693,5.4333,8.5843,0.0,0.0,0.0,0.0,0.0,0.0,0.0,0.0,0.0,ok,straight,3.4155,9.7277,16.3217,2.5693,5.2905,8.3939,True,"[-0.0653, -0.1958, -0.1305, -0.0653]","[-47.2427, -1080.1557, -1256.4885, -2424.2762]","[5.607, -1001076.8224, -1001253.1553, -1002420.943]","[8.394, 8.586, 8.347, 8.347]","[[[3.6858, 0.0], [6.8267, 0.0], [10.5386, 0.0], [14.2505, -0.1305], [17.3913, -0.1305], [20.8176, -0.1305]], [[3.6858, 0.0], [6.8267, 0.0], [10.5386, 0.0], [14.2505, -0.1305], [19.39, -0.5222], [19.9611, -0.3916]], [[3.6858, 0.0], [6.8267, 0.0], [10.5386, 0.0], [14.2505, -0.1305], [19.1045, 0.0], [18.8189, 0.2611]], [[3.6858, 0.0], [6.8267, 0.0], [10.5386, 0.0], [14.2505, -0.1305], [19.6755, 0.0], [18.2479, 0.1305]]]",0.0985,0.0,0.0,0.0,0.0,0.0,0.0,True,"[1, 1, 1]",0.0,0.0,0.0,8.3467,4.0,3.4155,9.7277,13.7539,2.5693,5.2905,8.3467,"[[3.686, 0.0], [6.827, 0.0], [10.539, 0.0], [14.25, -0.131], [17.391, -0.131], [20.818, -0.131]]",ok,8.5857,0.0,0.0,0.0,0.0,0.0,0.0,0.0,0.0,0.0,22604ed0b4234a8bafcb4be0eb38ee19,scene-1064,42
5.8603,9.7691,14.7793,4.3971,6.4963,8.6313,0.0,0.0,0.0,0.0,0.0,0.0,0.0,0.0,0.0,ok,right,5.8603,9.7691,14.7793,4.3971,6.6389,8.7263,False,"[-0.8486, 0.1305, -0.0, -0.4569]","[-165.411, -2571.4748, -31675.9375, -40720.1563]","[0.9376, -1002570.1559, -1031674.6185, -1040718.8374]","[8.726, 9.025, 7.829, 11.533]","[[[3.1148, 0.0], [6.5412, 0.1305], [9.682, 0.2611], [12.8228, 0.5222], [15.3926, 0.7833], [19.9611, 1.6971]], [[3.1148, 0.0], [6.5412, 0.1305], [9.682, 0.2611], [12.8228, 0.5222], [18.8189, 1.1749], [18.8189, -0.2611]], [[3.1148, 0.0], [6.5412, 0.1305], [9.682, 0.2611], [12.8228, 0.5222], [19.1045, 0.0], [1.1161, 0.0]], [[3.1148, 0.0], [6.5412, 0.1305], [9.682, 0.2611], [12.8228, 0.5222], [12.8228, 0.5222], [39.9481, 0.9138]]]",1.3742,0.0,0.0,0.0,0.0,0.0,0.0,True,"[1, 1, 1]",0.0,0.0,0.0,7.8287,4.0,5.8603,9.7691,5.8536,4.3971,6.6389,7.8287,"[[3.115, 0.0], [6.541, 0.131], [9.682, 0.261], [12.823, 0.522], [15.393, 0.783], [19.961, 1.697]]",ok,11.533,0.0,0.0,0.0,0.0,0.0,0.0,0.0,0.0,0.0,1f73768be216451fa02caa38b04a62b3,scene-1064,42
0.147,0.9834,0.9172,0.178,0.3919,0.6137,0.0,0.0,0.0,0.0,0.0,0.0,0.0,0.0,0.0,ok,straight,0.147,0.6997,0.9067,0.178,0.3916,0.6118,True,"[-0.0653, -1.3708, -0.5875, -2.0888]","[-37.9889, -3558.7711, -5541.7777, -48956.2094]","[5.5781, -1003555.1707, -1005538.1772, -1048952.6089]","[0.612, 1.164, 2.818, 2.957]","[[[3.9714, 0.0], [8.5399, 0.0], [12.8228, 0.0], [17.3913, 0.0], [21.6742, 0.0], [26.5282, -0.1305]], [[3.9714, 0.0], [8.5399, 0.0], [12.8228, 0.0], [17.3913, 0.0], [25.3861, -0.5222], [26.2427, -2.7415]], [[3.9714, 0.0], [8.5399, 0.0], [12.8228, 0.0], [17.3913, 0.0], [15.3926, -0.2611], [19.6755, 1.1749]], [[3.9714, 0.0], [8.5399, 0.0], [12.8228, 0.0], [17.3913, 0.0], [33.0954, -0.7833], [23.1019, -4.1776]]]",1.02,0.0,0.0,0.0,0.0,0.0,0.0,True,"[1, 1, 1]",0.0,0.0,0.0,0.6118,4.0,0.147,0.6997,0.9067,0.178,0.3916,0.6118,"[[3.971, 0.0], [8.54, 0.0], [12.823, 0.0], [17.391, 0.0], [21.674, 0.0], [26.528, -0.131]]",ok,2.9569,0.0,0.0,0.0,0.0,0.0,0.0,0.0,0.0,0.0,868313d0288e4f9aa0535dbd437cede1,scene-1064,42
0.2711,1.1151,4.5666,0.3395,0.6504,1.6542,0.0,0.0,0.0,0.0,0.0,0.0,0.0,0.0,0.0,ok,straight,0.2711,0.8753,4.5666,0.3395,0.5904,1.6035,True,"[-0.5875, -0.1958, -0.3264, -0.6527]","[-329.2707, -969.9129, -9438.4192, -11916.7825]","[0.2014, -1000969.9721, -1009438.4784, -1011916.8417]","[1.603, 2.667, 2.563, 1.87]","[[[3.4003, 0.0], [6.8267, -0.1305], [10.5386, -0.2611], [12.8228, -0.5222], [17.1058, -0.5222], [21.9598, -1.1749]], [[3.4003, 0.0], [6.8267, -0.1305], [10.5386, -0.2611], [12.8228, -0.5222], [19.1045, -0.3916], [26.5282, -0.3916]], [[3.4003, 0.0], [6.8267, -0.1305], [10.5386, -0.2611], [12.8228, -0.5222], [22.2453, -1.8277], [22.5308, -0.6527]], [[3.4003, 0.0], [6.8267, -0.1305], [10.5386, -0.2611], [12.8228, -0.5222], [21.6742, -0.2611], [18.5334, -1.3055]]]",0.4508,0.0,0.0,0.0,0.0,0.0,0.0,True,"[1, 1, 1]",0.0,0.0,0.0,1.6035,4.0,0.2711,0.8753,4.5666,0.3395,0.5904,1.6035,"[[3.4, 0.0], [6.827, -0.131], [10.539, -0.261], [12.823, -0.522], [17.106, -0.522], [21.96, -1.175]]",ok,2.6672,0.0,0.0,0.0,0.0,0.0,0.0,0.0,0.0,0.0,dc2def2a7bc94693b67eba2ffbe13a56,scene-1065,42
0.4181,1.6498,2.1179,0.3002,0.6337,1.0113,0.0,0.0,0.0,0.0,0.0,0.0,0.0,0.0,0.0,ok,straight,0.4181,0.5169,2.1179,0.3002,0.4969,0.9201,True,"[-0.1305, -0.3916, -0.2611, -0.3916]","[-123.5394, -477.5096, -36181.2016, -698266.8615]","[5.0178, 2.6045, -1036178.3088, -1698263.9687]","[0.92, 1.117, 2.652, 8.401]","[[[5.1135, 0.0], [9.682, 0.0], [14.536, 0.0], [20.2466, -0.1305], [24.8151, -0.1305], [29.6691, -0.2611]], [[5.1135, 0.0], [9.682, 0.0], [14.536, 0.0], [20.2466, -0.1305], [28.2414, -0.2611], [34.2375, 0.7833]], [[5.1135, 0.0], [9.682, 0.0], [14.536, 0.0], [20.2466, -0.1305], [17.1058, -0.1305], [36.5218, 0.5222]], [[5.1135, 0.0], [9.682, 0.0], [14.536, 0.0], [20.2466, -0.1305], [69.6432, -0.3916], [26.8138, -0.7833]]]",3.0358,0.0,0.0,0.0,0.0,0.0,0.0,True,"[1, 1, 1]",0.0,0.0,0.0,0.9201,4.0,0.4181,0.5169,2.1179,0.3002,0.4969,0.9201,"[[5.113, 0.0], [9.682, 0.0], [14.536, 0.0], [20.247, -0.131], [24.815, -0.131], [29.669, -0.261]]",ok,8.4007,0.0,0.0,0.0,0.0,0.0,0.0,0.0,0.0,0.0,092eac44a74545b39d53c642a06eaa2e,scene-1065,42
2.4713,3.7162,8.6543,1.7334,2.4724,4.2626,0.0,0.0,0.0,0.0,0.0,0.0,0.0,0.0,0.0,ok,straight,2.4713,3.7162,8.6543,1.7334,2.4724,4.2626,False,"[-0.0653, -0.1305, -0.1305, -0.2611]","[-492.9497, -1257.3729, -7764.6737, -10885.5128]","[3.9905, -1001255.5825, -1007762.8833, -1010883.7224]","[4.263, 4.507, 4.454, 4.118]","[[[6.5412, 0.0], [13.3939, 0.0], [18.8189, -0.1305], [24.8151, -0.1305], [33.0954, -0.1305], [39.6626, -0.1305]], [[6.5412, 0.0], [13.3939, 0.0], [18.8189, -0.1305], [24.8151, -0.1305], [31.6678, 1.436], [42.2324, -0.2611]], [[6.5412, 0.0], [13.3939, 0.0], [18.8189, -0.1305], [24.8151, -0.1305], [36.2362, 0.1305], [37.6639, -0.2611]], [[6.5412, 0.0], [13.3939, 0.0], [18.8189, -0.1305], [24.8151, -0.1305], [27.6704, -0.2611], [44.2311, -0.5222]]]",0.1549,0.0,0.0,0.0,0.0,0.0,0.0,True,"[1, 1, 1]",0.0,0.0,0.0,4.1178,4.0,2.4713,3.7162,13.1933,1.7334,2.4724,4.1178,"[[6.541, 0.0], [13.394, 0.0], [18.819, -0.131], [24.815, -0.131], [33.095, -0.131], [39.663, -0.131]]",ok,4.5065,0.0,0.0,0.0,0.0,0.0,0.0,0.0,0.0,0.0,3adfe1171bb448f9a639e4bc3bc3dc11,scene-1065,42
1.0125,2.7486,2.4237,1.0564,1.6017,1.9695,0.0,0.0,0.0,0.0,0.0,0.0,0.0,0.0,0.0,ok,straight,1.0125,2.1922,2.4237,1.0564,1.4626,1.8767,True,"[-0.0, -0.2611, -0.3916, -2.2193]","[-45.4567, -1233.9713, -6108.6973, -44953.1841]","[5.0319, -1001230.4604, -1006105.1864, -1044949.6732]","[1.877, 2.148, 3.231, 4.491]","[[[3.9714, 0.0], [8.5399, 0.0], [13.1083, 0.0], [17.3913, 0.0], [21.3887, 0.0], [26.5282, 0.0]], [[3.9714, 0.0], [8.5399, 0.0], [13.1083, 0.0], [17.3913, 0.0], [20.8176, 2.2193], [25.6716, 0.5222]], [[3.9714, 0.0], [8.5399, 0.0], [13.1083, 0.0], [17.3913, 0.0], [16.5347, -1.436], [23.3874, 0.7833]], [[3.9714, 0.0], [8.5399, 0.0], [13.1083, 0.0], [17.3913, 0.0], [15.9636, 1.6971], [40.5192, -4.4387]]]",1.0305,0.0,0.0,0.0,0.0,0.0,0.0,True,"[1, 1, 1]",0.0,0.0,0.0,1.8767,4.0,1.0125,2.1922,2.4237,1.0564,1.4626,1.8767,"[[3.971, 0.0], [8.54, 0.0], [13.108, 0.0], [17.391, 0.0], [21.389, 0.0], [26.528, 0.0]]",ok,4.4909,0.0,0.0,0.0,0.0,0.0,0.0,0.0,0.0,0.0,b6d6b3c2d1844f239791f7ca22ba5e8a,scene-1065,42
2.0206,5.5572,7.84,1.6367,3.1455,4.6069,0.0,0.0,0.0,0.0,0.0,0.0,0.0,0.0,0.0,ok,straight,1.4511,4.1283,7.8459,1.4946,2.2192,3.9903,True,"[-0.2611, -1.3055, -0.1958, -0.4569]","[-516.8533, -6304.1471, -28527.7236, -96443.08]","[4.2956, -1006301.3639, -1028524.9404, -1096440.2968]","[3.99, 6.588, 6.086, 4.854]","[[[5.399, 0.0], [8.8254, 0.0], [12.2517, -0.2611], [17.3913, -0.1305], [23.3874, -0.2611], [26.5282, -0.5222]], [[5.399, 0.0], [8.8254, 0.0], [12.2517, -0.2611], [17.3913, -0.1305], [29.6691, 0.2611], [35.6652, -2.611]], [[5.399, 0.0], [8.8254, 0.0], [12.2517, -0.2611], [17.3913, -0.1305], [32.8099, -0.2611], [29.6691, 0.3916]], [[5.399, 0.0], [8.8254, 0.0], [12.2517, -0.2611], [17.3913, -0.1305], [5.6846, 1.5666], [28.2414, 0.9138]]]",1.0206,0.0,0.0,0.0,0.0,0.0,0.0,True,"[1, 1, 1]",0.0,0.0,0.0,3.9903,4.0,1.4511,4.1283,7.8459,1.4946,2.2192,3.9903,"[[5.399, 0.0], [8.825, 0.0], [12.252, -0.261], [17.391, -0.131], [23.387, -0.261], [26.528, -0.522]]",ok,6.5883,0.0,0.0,0.0,0.0,0.0,0.0,0.0,0.0,0.0,21bb21c84c3e43908cd554db2686278f,scene-1066,42
0.0911,0.939,0.2549,0.062,0.5926,0.4779,0.0,0.0,0.0,0.0,0.0,0.0,0.0,0.0,0.0,ok,straight,0.0911,0.939,3.2949,0.062,0.5926,0.9845,False,"[-0.0, -0.3264, -0.4569, -0.2611]","[-748.9078, -7202.7189, -15381.9594, -848874.1332]","[-1000745.257, -1007199.0681, -1015378.3086, -1848870.4824]","[0.985, 1.456, 2.03, 9.113]","[[[3.6858, 0.0], [7.3977, 0.0], [11.9662, 0.0], [15.3926, 0.0], [18.8189, 0.0], [26.5282, 0.0]], [[3.6858, 0.0], [7.3977, 0.0], [11.9662, 0.0], [15.3926, 0.0], [23.3874, 0.0], [21.3887, 0.6527]], [[3.6858, 0.0], [7.3977, 0.0], [11.9662, 0.0], [15.3926, 0.0], [24.8151, -0.1305], [19.39, 0.9138]], [[3.6858, 0.0], [7.3977, 0.0], [11.9662, 0.0], [15.3926, 0.0], [69.6432, -0.7833], [24.8151, 0.5222]]]",3.3216,0.0,0.0,0.0,0.0,0.0,0.0,False,"[1, 1, 1]",0.0,0.0,0.0,0.9845,4.0,0.0911,0.939,3.2949,0.062,0.5926,0.9845,"[[3.686, 0.0], [7.398, 0.0], [11.966, 0.0], [15.393, 0.0], [18.819, 0.0], [26.528, 0.0]]",ok,9.1132,0.0,0.0,0.0,0.0,0.0,0.0,0.0,0.0,0.0,c880188955834ebaa53cc8bc887327d8,scene-1066,42
1.0132,3.8904,1.168,0.8094,1.9678,2.1086,0.0,0.0,0.0,0.0,0.0,0.0,0.0,0.0,0.0,ok,straight,1.0132,3.8904,2.0239,0.8094,1.9678,2.3947,False,"[-0.1305, -0.5875, -0.1305, -0.3264]","[-293.6773, -211.4235, -1320.7846, -149168.4404]","[4.6129, 2.1771, -1001317.6243, -1149165.2801]","[2.395, 3.212, 2.386, 4.47]","[[[5.1135, 0.0], [10.5386, -0.1305], [15.107, -0.1305], [18.8189, -0.1305], [23.9585, -0.5222], [31.9533, -0.2611]], [[5.1135, 0.0], [10.5386, -0.1305], [15.107, -0.1305], [18.8189, -0.1305], [23.6729, -0.1305], [27.3848, -1.1749]], [[5.1135, 0.0], [10.5386, -0.1305], [15.107, -0.1305], [18.8189, -0.1305], [24.8151, -0.1305], [36.8073, -0.2611]], [[5.1135, 0.0], [10.5386, -0.1305], [15.107, -0.1305], [18.8189, -0.1305], [46.2298, -0.5222], [33.381, 0.6527]]]",0.851,0.0,0.0,0.0,0.0,0.0,0.0,True,"[1, 1, 1]",0.0,0.0,0.0,2.3859,4.0,1.0132,3.8904,2.8318,0.8094,1.9678,2.3859,"[[5.113, 0.0], [10.539, -0.131], [15.107, -0.131], [18.819, -0.131], [23.958, -0.522], [31.953, -0.261]]",ok,4.4704,0.0,0.0,0.0,0.0,0.0,0.0,0.0,0.0,0.0,5bb3471504034b869f8ab0d4f7060d4b,scene-1066,42
1.3629,2.0902,1.075,1.0313,1.3827,1.3706,0.0,0.0,0.0,0.0,0.0,0.0,0.0,0.0,0.0,ok,straight,1.3629,2.0902,1.6458,1.0313,1.3827,1.3706,True,"[-0.0653, -0.1958, -0.1958, -0.0653]","[-384.7309, -2242.5373, -13795.9859, -135156.803]","[4.067, -1002240.1355, -1013793.5841, -1135154.4012]","[1.371, 1.815, 3.249, 6.637]","[[[4.5424, 0.0], [8.5399, 0.0], [13.1083, -0.1305], [16.8202, -0.1305], [22.2453, -0.1305], [25.9572, -0.1305]], [[4.5424, 0.0], [8.5399, 0.0], [13.1083, -0.1305], [16.8202, -0.1305], [25.3861, 0.0], [30.8112, 0.3916]], [[4.5424, 0.0], [8.5399, 0.0], [13.1083, -0.1305], [16.8202, -0.1305], [18.8189, -0.1305], [37.0928, -0.3916]], [[4.5424, 0.0], [8.5399, 0.0], [13.1083, -0.1305], [16.8202, -0.1305], [32.8099, -0.2611], [2.8293, 0.1305]]]",2.0656,0.0,0.0,0.0,0.0,0.0,0.0,True,"[1, 1, 1]",0.0,0.0,0.0,1.3706,4.0,1.3629,2.0902,1.6458,1.0313,1.3827,1.3706,"[[4.542, 0.0], [8.54, 0.0], [13.108, -0.131], [16.82, -0.131], [22.245, -0.131], [25.957, -0.131]]",ok,6.6375,0.0,0.0,0.0,0.0,0.0,0.0,0.0,0.0,0.0,4ed8916b5144428295e66f5a54da6704,scene-1066,42
1.1611,1.3844,2.3781,0.8786,1.1451,1.3751,0.0,0.0,0.0,0.0,0.0,0.0,0.0,0.0,0.0,ok,straight,1.1611,5.4718,0.3922,0.8786,2.0204,1.9132,False,"[-0.1958, -0.0653, -0.0653, -0.2611]","[-4255.0289, -8652.6106, -12458.2642, -47385.9881]","[-1004251.347, -1008648.9287, -1012454.5823, -1047382.3062]","[1.913, 1.879, 1.912, 4.393]","[[[3.6858, 0.0], [7.3977, 0.0], [13.3939, 0.0], [22.2453, 0.0], [23.3874, 0.0], [23.3874, -0.3916]], [[3.6858, 0.0], [7.3977, 0.0], [13.3939, 0.0], [22.2453, 0.0], [21.6742, -0.2611], [25.6716, -0.1305]], [[3.6858, 0.0], [7.3977, 0.0], [13.3939, 0.0], [22.2453, 0.0], [19.39, -0.1305], [21.3887, -0.1305]], [[3.6858, 0.0], [7.3977, 0.0], [13.3939, 0.0], [22.2453, 0.0], [11.1096, -0.6527], [14.8215, 0.5222]]]",1.0787,0.0,0.0,0.0,0.0,0.0,0.0,False,"[1, 1, 1]",0.0,0.0,0.0,1.8794,4.0,1.1611,5.4718,1.9118,0.8786,2.0204,1.8794,"[[3.686, 0.0], [7.398, 0.0], [13.394, 0.0], [22.245, 0.0], [23.387, 0.0], [23.387, -0.392]]",ok,4.3925,0.0,0.0,0.0,0.0,0.0,0.0,0.0,0.0,0.0,b6a9d120895e4207a0527ad4b3284d42,scene-1067,42
1.0303,0.6047,1.7906,0.8678,0.9127,1.0403,0.0,0.0,0.0,0.0,0.0,0.0,0.0,0.0,0.0,ok,straight,1.0303,0.3509,1.7906,0.8678,0.8493,0.998,True,"[-0.0653, -0.0653, -0.0653, -0.0]","[-413.0244, -1536.3162, -2543.4741, -6084.3716]","[3.3488, -1001533.4405, -1002540.5983, -1006081.4958]","[0.998, 0.904, 1.687, 2.21]","[[[3.4003, 0.0], [6.8267, 0.0], [10.5386, 0.0], [12.8228, -0.1305], [17.3913, -0.1305], [21.9598, -0.1305]], [[3.4003, 0.0], [6.8267, 0.0], [10.5386, 0.0], [12.8228, -0.1305], [18.2479, 0.0], [19.9611, -0.1305]], [[3.4003, 0.0], [6.8267, 0.0], [10.5386, 0.0], [12.8228, -0.1305], [15.3926, 0.1305], [25.6716, -0.1305]], [[3.4003, 0.0], [6.8267, 0.0], [10.5386, 0.0], [12.8228, -0.1305], [14.8215, 0.0], [28.2414, 0.0]]]",0.533,0.0,0.0,0.0,0.0,0.0,0.0,True,"[1, 1, 1]",0.0,0.0,0.0,0.9044,4.0,1.0303,0.3509,0.414,0.8678,0.8493,0.9044,"[[3.4, 0.0], [6.827, 0.0], [10.539, 0.0], [12.823, -0.131], [17.391, -0.131], [21.96, -0.131]]",ok,2.2104,0.0,0.0,0.0,0.0,0.0,0.0,0.0,0.0,0.0,4b0405ae89164fbfb3638a5dde6e374c,scene-1067,42
3.1718,7.6668,13.0273,2.1588,4.1723,6.4842,0.0,1.0,1.0,0.0,1.0,1.0,0.0,0.25,0.5,ok,straight,3.4574,7.6668,13.0273,2.4443,4.4578,6.6745,False,"[-0.0, -0.0653, -1.6319, -0.6527]","[-255.4599, -321.3866, -9385.2601, -19891.4882]","[6.0868, 5.9789, -1009380.9632, -1019887.1913]","[6.675, 6.104, 7.488, 7.168]","[[[3.6858, 0.0], [7.6833, 0.0], [11.1096, 0.0], [14.8215, 0.0], [17.3913, 0.1305], [21.9598, 0.0]], [[3.6858, 0.0], [7.6833, 0.0], [11.1096, 0.0], [14.8215, 0.0], [16.5347, -0.2611], [19.39, 0.1305]], [[3.6858, 0.0], [7.6833, 0.0], [11.1096, 0.0], [14.8215, 0.0], [15.6781, 0.7833], [28.2414, -3.2637]], [[3.6858, 0.0], [7.6833, 0.0], [11.1096, 0.0], [14.8215, 0.0], [24.8151, 0.2611], [17.3913, 1.3055]]]",0.5233,0.0,1.0,1.0,0.0,1.0,1.0,True,"[1, 1, 1]",0.0,0.5,0.6666666666666666,6.1039,4.0,3.4574,7.6668,10.4588,2.4443,4.4578,6.1039,"[[3.686, 0.0], [7.683, 0.0], [11.11, 0.0], [14.822, 0.0], [17.391, 0.131], [21.96, 0.0]]",ok,7.4878,0.0,0.0,1.0,0.0,0.0,1.0,0.0,0.0,0.16666666666666666,65e91e3a03fe4fbba79fd17c886638e7,scene-1067,42
2.5437,5.6369,7.5801,1.8299,3.2456,4.4733,0.0,1.0,1.0,0.0,1.0,1.0,0.0,0.25,0.5,ok,straight,2.5437,5.6369,6.7235,1.8299,3.2456,4.4733,False,"[-0.0, -0.0653, -0.0653, -0.2611]","[-99.4949, -1235.7559, -5111.5238, -18672.6288]","[5.0105, -1001232.5814, -1005108.3493, -1018669.4543]","[4.473, 4.616, 5.711, 3.999]","[[[1.1161, 0.0], [2.5437, 0.0], [3.6858, 0.0], [5.6846, 0.0], [7.3977, 0.0], [7.3977, 0.0]], [[1.1161, 0.0], [2.5437, 0.0], [3.6858, 0.0], [5.6846, 0.0], [8.8254, 0.0], [6.8267, 0.1305]], [[1.1161, 0.0], [2.5437, 0.0], [3.6858, 0.0], [5.6846, 0.0], [5.9701, 0.0], [16.2492, 0.1305]], [[1.1161, 0.0], [2.5437, 0.0], [3.6858, 0.0], [5.6846, 0.0], [0.545, 0.0], [11.3952, -0.5222]]]",0.6266,0.0,1.0,1.0,0.0,1.0,1.0,True,"[1, 1, 1]",0.0,0.25,0.5,3.9994,4.0,2.5437,5.6369,10.7332,1.8299,3.2456,3.9994,"[[1.116, 0.0], [2.544, 0.0], [3.686, 0.0], [5.685, 0.0], [7.398, 0.0], [7.398, 0.0]]",ok,5.7107,1.0,1.0,1.0,1.0,1.0,1.0,0.5,0.75,0.8333333333333334,66eaa9cb4bfd43d2a80be2fd894ef935,scene-1067,42
4.2191,8.9864,14.987,2.9758,5.333,7.8371,1.0,1.0,1.0,1.0,1.0,1.0,0.5,0.75,0.8333333333333334,ok,straight,4.2191,8.4153,14.987,2.9758,5.2616,7.7895,True,"[-0.0653, -0.0653, -0.0653, -0.0653]","[-119.0054, -1493.0133, -5368.6313, -18364.9908]","[2.7478, -1001491.7056, -1005367.3236, -1018363.6831]","[7.789, 8.602, 8.075, 6.98]","[[[2.2582, 0.0], [5.1135, 0.0], [7.6833, 0.0], [9.3964, 0.0], [11.6807, 0.0], [15.9636, -0.1305]], [[2.2582, 0.0], [5.1135, 0.0], [7.6833, 0.0], [9.3964, 0.0], [14.8215, -0.7833], [17.6768, 0.1305]], [[2.2582, 0.0], [5.1135, 0.0], [7.6833, 0.0], [9.3964, 0.0], [15.6781, -0.2611], [13.6794, -0.1305]], [[2.2582, 0.0], [5.1135, 0.0], [7.6833, 0.0], [9.3964, 0.0], [5.1135, 0.0], [17.6768, -0.1305]]]",0.5864,1.0,1.0,1.0,1.0,1.0,1.0,True,"[1, 1, 1]",0.5,0.75,0.8333333333333334,6.9805,4.0,4.2191,8.4153,16.7001,2.9758,5.2616,6.9805,"[[2.258, 0.0], [5.113, 0.0], [7.683, 0.0], [9.396, 0.0], [11.681, 0.0], [15.964, -0.131]]",ok,8.6021,1.0,1.0,1.0,1.0,1.0,1.0,0.5,0.75,0.8333333333333334,2920a3315ccd4fefb30fb0468ebb2351,scene-1068,42
2.6377,5.0423,5.0743,2.1439,3.1053,3.6161,0.0,0.0,0.0,0.0,0.0,0.0,0.0,0.0,0.0,ok,straight,2.6377,2.7593,4.2179,2.1439,2.4632,3.0453,True,"[-0.0653, -0.1958, -0.0, -0.0]","[-238.7802, -5691.0969, -13536.7867, -67580.3951]","[2.8879, -1005689.0099, -1013534.6997, -1067578.3081]","[3.045, 4.429, 3.283, 6.099]","[[[2.5437, 0.0], [4.828, 0.0], [6.5412, 0.0], [8.2543, -0.1305], [11.6807, -0.1305], [13.6794, -0.1305]], [[2.5437, 0.0], [4.828, 0.0], [6.5412, 0.0], [8.2543, -0.1305], [16.2492, 0.5222], [17.3913, -0.3916]], [[2.5437, 0.0], [4.828, 0.0], [6.5412, 0.0], [8.2543, -0.1305], [16.2492, -0.1305], [10.5386, 0.0]], [[2.5437, 0.0], [4.828, 0.0], [6.5412, 0.0], [8.2543, -0.1305], [25.9572, 3.5248], [17.3913, 0.0]]]",1.2075,0.0,0.0,0.0,0.0,0.0,0.0,True,"[1, 1, 1]",0.0,0.0,0.0,3.0453,4.0,2.6377,2.7593,4.2179,2.1439,2.4632,3.0453,"[[2.544, 0.0], [4.828, 0.0], [6.541, 0.0], [8.254, -0.131], [11.681, -0.131], [13.679, -0.131]]",ok,6.0991,0.0,0.0,0.0,0.0,0.0,0.0,0.0,0.0,0.0,d20d151ade9c4229806e9664c1bda422,scene-1068,42
0.9596,3.328,9.2084,0.7266,2.0933,4.0945,0.0,0.0,1.0,0.0,0.0,1.0,0.0,0.0,0.3333333333333333,ok,straight,0.9596,3.328,9.2084,0.7266,2.0933,4.0469,True,"[-0.1305, -0.0, -0.0653, -0.1305]","[-1434.3509, -1141.8058, -13911.6137, -116133.854]","[1.9937, -1001139.5659, -1013909.3738, -1116131.6141]","[4.047, 3.906, 3.976, 5.809]","[[[3.6858, 0.0], [7.3977, 0.0], [13.1083, -0.1305], [15.9636, -0.1305], [21.6742, -0.1305], [26.5282, -0.2611]], [[3.6858, 0.0], [7.3977, 0.0], [13.1083, -0.1305], [15.9636, -0.1305], [19.9611, -0.3916], [27.3848, 0.0]], [[3.6858, 0.0], [7.3977, 0.0], [13.1083, -0.1305], [15.9636, -0.1305], [19.39, 0.0], [6.2556, 0.1305]], [[3.6858, 0.0], [7.3977, 0.0], [13.1083, -0.1305], [15.9636, -0.1305], [37.3784, -0.1305], [21.3887, -0.2611]]]",0.795,0.0,0.0,1.0,0.0,0.0,1.0,True,"[1, 1, 1]",0.0,0.0,0.3333333333333333,3.906,4.0,0.9596,3.328,10.0588,0.7266,2.0933,3.906,"[[3.686, 0.0], [7.398, 0.0], [13.108, -0.131], [15.964, -0.131], [21.674, -0.131], [26.528, -0.261]]",ok,5.8087,0.0,0.0,0.0,0.0,0.0,0.0,0.0,0.0,0.0,fd6296714eda481bac74b50c926d0565,scene-1068,42
0.3228,0.1933,0.126,0.2748,0.2337,0.196,0.0,0.0,0.0,0.0,0.0,0.0,0.0,0.0,0.0,ok,straight,0.3228,0.1933,0.6796,0.2748,0.2337,0.432,False,"[-0.0653, -0.0653, -0.0653, -0.0]","[-181.6898, -5208.5065, -9111.308, -16170.8272]","[3.3315, -1005205.8793, -1009108.6808, -1016168.1999]","[0.432, 1.679, 1.157, 1.539]","[[[2.2582, 0.0], [4.5424, 0.0], [6.5412, 0.0], [8.5399, 0.0], [9.1109, 0.0], [11.1096, -0.1305]], [[2.2582, 0.0], [4.5424, 0.0], [6.5412, 0.0], [8.5399, 0.0], [9.1109, -0.1305], [19.9611, -0.1305]], [[2.2582, 0.0], [4.5424, 0.0], [6.5412, 0.0], [8.5399, 0.0], [15.6781, 0.0], [11.3952, -0.1305]], [[2.2582, 0.0], [4.5424, 0.0], [6.5412, 0.0], [8.5399, 0.0], [17.1058, 0.0], [10.5386, 0.0]]]",0.4837,0.0,0.0,0.0,0.0,0.0,0.0,True,"[1, 1, 1]",0.0,0.0,0.0,0.432,4.0,0.3228,0.1933,0.6796,0.2748,0.2337,0.432,"[[2.258, 0.0], [4.542, 0.0], [6.541, 0.0], [8.54, 0.0], [9.111, 0.0], [11.11, -0.131]]",ok,1.6788,0.0,0.0,0.0,0.0,0.0,0.0,0.0,0.0,0.0,b227c51db2594af5aba12ccc722b7973,scene-1068,42
1.6387,6.2074,15.2577,1.1279,3.1163,6.4102,0.0,0.0,0.0,0.0,0.0,0.0,0.0,0.0,0.0,ok,left,2.199,6.2074,15.2577,1.6777,3.3911,6.6142,False,"[-3.3943, -3.329, -4.8956, -8.2899]","[-327.1155, -2065.0247, -2240.2243, -10946.6336]","[2.5986, -1002064.0744, -1002239.274, -1010945.6833]","[6.614, 6.59, 7.371, 8.132]","[[[2.8293, -0.1305], [5.399, -0.2611], [7.3977, -1.5666], [9.1109, -2.4804], [11.9662, -4.8303], [13.6794, -6.7886]], [[2.8293, -0.1305], [5.399, -0.2611], [7.3977, -1.5666], [9.1109, -2.4804], [13.1083, -4.9609], [11.6807, -6.658]], [[2.8293, -0.1305], [5.399, -0.2611], [7.3977, -1.5666], [9.1109, -2.4804], [9.682, -6.9191], [15.107, -9.7912]], [[2.8293, -0.1305], [5.399, -0.2611], [7.3977, -1.5666], [9.1109, -2.4804], [13.9649, -4.1776], [9.682, -16.5798]]]",0.6347,0.0,0.0,0.0,0.0,0.0,0.0,True,"[1, 1, 1]",0.0,0.0,0.0,6.5905,4.0,2.199,6.2074,14.4471,1.6777,3.3911,6.5905,"[[2.829, -0.131], [5.399, -0.261], [7.398, -1.567], [9.111, -2.48], [11.966, -4.83], [13.679, -6.789]]",ok,8.1324,0.0,0.0,0.0,0.0,0.0,0.0,0.0,0.0,0.0,b58985f7ddc2454d95cb84a65d1fe9fe,scene-1069,42
3.8533,8.7255,9.4521,2.9174,5.0472,5.7062,0.0,0.0,0.0,0.0,0.0,0.0,0.0,0.0,0.0,ok,straight,5.2809,8.7255,5.7394,4.0595,5.6182,6.5151,False,"[-0.0653, -0.2611, -0.1305, -0.1305]","[-2718.7672, -5853.6007, -9587.8446, -19222.4011]","[-1002715.1841, -1005850.0176, -1009584.2614, -1019218.818]","[6.515, 7.182, 6.087, 5.519]","[[[8.2543, 0.0], [16.2492, 0.0], [22.2453, -0.1305], [31.0967, -0.1305], [39.3771, -0.1305], [40.5192, -0.1305]], [[8.2543, 0.0], [16.2492, 0.0], [22.2453, -0.1305], [31.0967, -0.1305], [35.6652, -0.2611], [48.2285, -0.5222]], [[8.2543, 0.0], [16.2492, 0.0], [22.2453, -0.1305], [31.0967, -0.1305], [33.0954, -0.1305], [44.2311, -0.2611]], [[8.2543, 0.0], [16.2492, 0.0], [22.2453, -0.1305], [31.0967, -0.1305], [30.5257, -0.3916], [43.3745, -0.2611]]]",0.6078,0.0,0.0,0.0,0.0,0.0,0.0,False,"[1, 1, 1]",0.0,0.0,0.0,5.519,4.0,5.2809,8.7255,8.5956,4.0595,5.6182,5.519,"[[8.254, 0.0], [16.249, 0.0], [22.245, -0.131], [31.097, -0.131], [39.377, -0.131], [40.519, -0.131]]",ok,7.1825,0.0,0.0,0.0,0.0,0.0,0.0,0.0,0.0,0.0,3f3a2be2e43d4baaa417698eea0706cb,scene-1069,42
2.0082,3.6654,11.7431,1.4939,3.0991,5.0169,0.0,0.0,0.0,0.0,0.0,0.0,0.0,0.0,0.0,ok,straight,2.8676,3.6654,11.7431,1.6388,3.1715,5.0652,False,"[-0.0653, -0.1305, -0.1305, -0.0653]","[-1862.886, -8192.2193, -52069.6071, -199961.3588]","[-2003090.3167, -2009419.6501, -2053297.0378, -2201188.7895]","[5.065, 4.785, 6.186, 5.87]","[[[5.9701, 0.0], [13.9649, 0.0], [22.2453, -0.1305], [26.5282, -0.1305], [33.0954, -0.1305], [44.2311, -0.1305]], [[5.9701, 0.0], [13.9649, 0.0], [22.2453, -0.1305], [26.5282, -0.1305], [29.9546, 0.0], [45.6587, -0.2611]], [[5.9701, 0.0], [13.9649, 0.0], [22.2453, -0.1305], [26.5282, -0.1305], [26.2427, -0.1305], [55.9378, -0.2611]], [[5.9701, 0.0], [13.9649, 0.0], [22.2453, -0.1305], [26.5282, -0.1305], [5.399, -0.5222], [33.0954, -0.1305]]]",0.5714,0.0,0.0,0.0,0.0,0.0,0.0,False,"[1, 1, 1]",0.0,0.0,0.0,4.7848,4.0,2.8676,3.6654,13.1651,1.6388,3.1715,4.7848,"[[5.97, 0.0], [13.965, 0.0], [22.245, -0.131], [26.528, -0.131], [33.095, -0.131], [44.231, -0.131]]",ok,6.1859,0.0,0.0,0.0,0.0,0.0,0.0,0.0,0.0,0.0,b364e3e790fe40b9836c19782d80df4b,scene-1069,42
3.8254,6.5784,13.2131,3.0141,4.5281,6.797,0.0,0.0,0.0,0.0,0.0,0.0,0.0,0.0,0.0,ok,straight,5.8236,6.5784,13.2131,4.4414,5.2426,7.2733,False,"[-0.0653, -0.0653, -0.1958, -0.0653]","[-657.3419, -5863.8986, -8182.5035, -33934.0012]","[-2001837.986, -2007044.5426, -2009363.1476, -2035114.6453]","[7.273, 5.753, 5.945, 6.031]","[[[2.2582, 0.0], [4.828, 0.0], [10.5386, 0.0], [14.8215, -0.1305], [17.3913, -0.1305], [19.39, -0.1305]], [[2.2582, 0.0], [4.828, 0.0], [10.5386, 0.0], [14.8215, -0.1305], [23.1019, 0.0], [22.8163, -0.1305]], [[2.2582, 0.0], [4.828, 0.0], [10.5386, 0.0], [14.8215, -0.1305], [23.3874, -0.2611], [21.3887, 0.3916]], [[2.2582, 0.0], [4.828, 0.0], [10.5386, 0.0], [14.8215, -0.1305], [27.3848, -0.1305], [17.9623, -0.1305]]]",0.599,0.0,0.0,0.0,0.0,0.0,0.0,False,"[1, 1, 1]",0.0,0.0,0.0,5.7528,4.0,5.8236,6.5784,9.7879,4.4414,5.2426,5.7528,"[[2.258, 0.0], [4.828, 0.0], [10.539, 0.0], [14.822, -0.131], [17.391, -0.131], [19.39, -0.131]]",ok,7.2733,0.0,0.0,0.0,0.0,0.0,0.0,0.0,0.0,0.0,79db58d69e7d401d94bbf1f001019051,scene-1069,42
0.2202,0.8646,1.9244,0.4226,0.7758,1.0217,0.0,0.0,0.0,0.0,0.0,0.0,0.0,0.0,0.0,ok,straight,0.2202,0.8646,1.9244,0.4226,0.7758,1.0217,False,"[-0.1305, -0.1305, -0.1305, -0.1305]","[-2026.7289, -7906.0576, -10603.5289, -63307.8597]","[-1002024.4113, -1007903.74, -1010601.2113, -1063305.5421]","[1.022, 2.299, 3.571, 3.367]","[[[5.399, 0.0], [10.5386, -0.1305], [15.3926, -0.1305], [21.9598, -0.1305], [26.5282, -0.1305], [36.8073, -0.2611]], [[5.399, 0.0], [10.5386, -0.1305], [15.3926, -0.1305], [21.9598, -0.1305], [30.8112, -0.1305], [27.3848, -0.2611]], [[5.399, 0.0], [10.5386, -0.1305], [15.3926, -0.1305], [21.9598, -0.1305], [19.39, -0.2611], [24.8151, 0.2611]], [[5.399, 0.0], [10.5386, -0.1305], [15.3926, -0.1305], [21.9598, -0.1305], [43.089, -0.1305], [36.5218, -0.2611]]]",1.0134,0.0,0.0,0.0,0.0,0.0,0.0,False,"[1, 1, 1]",0.0,0.0,0.0,1.0217,4.0,0.2202,0.8646,1.9244,0.4226,0.7758,1.0217,"[[5.399, 0.0], [10.539, -0.131], [15.393, -0.131], [21.96, -0.131], [26.528, -0.131], [36.807, -0.261]]",ok,3.5708,0.0,0.0,0.0,0.0,0.0,0.0,0.0,0.0,0.0,23779301ebc34c1284e539ddf057f0b4,scene-1070,42
3.6201,7.595,12.8389,2.7627,4.4649,6.4136,0.0,0.0,0.0,0.0,0.0,0.0,0.0,0.0,0.0,ok,straight,3.3357,7.595,12.8389,2.3355,4.2513,6.178,True,"[-0.1305, -0.718, -0.1305, -0.7833]","[-2714.7566, -4527.4912, -47798.8047, -166205.3774]","[-1002710.5936, -1004523.3282, -1047794.6417, -1166201.2144]","[6.178, 5.675, 8.011, 6.975]","[[[4.5424, -0.1305], [8.8254, 0.0], [13.1083, -0.1305], [15.9636, -0.2611], [21.9598, -0.5222], [21.9598, -0.2611]], [[4.5424, -0.1305], [8.8254, 0.0], [13.1083, -0.1305], [15.9636, -0.2611], [23.3874, -0.9138], [23.6729, -1.436]], [[4.5424, -0.1305], [8.8254, 0.0], [13.1083, -0.1305], [15.9636, -0.2611], [25.6716, -1.1749], [7.3977, -0.2611]], [[4.5424, -0.1305], [8.8254, 0.0], [13.1083, -0.1305], [15.9636, -0.2611], [41.3758, 0.1305], [22.2453, -1.5666]]]",0.8827,0.0,0.0,0.0,0.0,0.0,0.0,False,"[1, 1, 1]",0.0,0.0,0.0,5.6748,4.0,3.3357,7.595,11.2036,2.3355,4.2513,5.6748,"[[4.542, -0.131], [8.825, 0.0], [13.108, -0.131], [15.964, -0.261], [21.96, -0.522], [21.96, -0.261]]",ok,8.0108,0.0,0.0,0.0,0.0,0.0,0.0,0.0,0.0,0.0,7f86adb3a3ee43e7b69a410b28ef6ab0,scene-1070,42
1.824,3.2977,5.0329,1.2879,1.8283,2.7355,0.0,0.0,0.0,0.0,0.0,0.0,0.0,0.0,0.0,ok,straight,0.3954,3.2977,5.0329,0.5357,1.4522,2.4848,True,"[-0.0653, -0.1305, -0.0653, -0.0]","[-170.6554, -20895.1229, -56384.0249, -763948.7279]","[4.6791, -1020891.1001, -1056380.0022, -1763944.7052]","[2.485, 8.291, 7.345, 12.346]","[[[5.1135, 0.0], [11.9662, 0.0], [18.8189, -0.1305], [26.5282, -0.1305], [33.0954, -0.1305], [39.6626, -0.1305]], [[5.1135, 0.0], [11.9662, 0.0], [18.8189, -0.1305], [26.5282, -0.1305], [37.9494, 0.0], [69.6432, -0.2611]], [[5.1135, 0.0], [11.9662, 0.0], [18.8189, -0.1305], [26.5282, -0.1305], [32.2388, 0.3916], [69.6432, 0.1305]], [[5.1135, 0.0], [11.9662, 0.0], [18.8189, -0.1305], [26.5282, -0.1305], [0.2595, 16.5798], [69.6432, 0.0]]]",3.5084,0.0,0.0,0.0,0.0,0.0,0.0,True,"[1, 1, 1]",0.0,0.0,0.0,2.4848,4.0,0.3954,3.2977,5.0329,0.5357,1.4522,2.4848,"[[5.113, 0.0], [11.966, 0.0], [18.819, -0.131], [26.528, -0.131], [33.095, -0.131], [39.663, -0.131]]",ok,12.3465,0.0,0.0,0.0,0.0,0.0,0.0,0.0,0.0,0.0,9b5678cae57643908e22f01ca710d135,scene-1070,42
2.8625,5.6101,14.9859,2.4835,3.6139,6.3846,0.0,0.0,1.0,0.0,0.0,1.0,0.0,0.0,0.16666666666666666,ok,straight,2.8625,7.3232,14.9859,2.4835,4.0422,6.6702,False,"[-0.0653, -0.0, -0.0653, -0.1305]","[-1580.6741, -1631.3973, -33082.1173, -86911.2621]","[-1001576.7209, -1001627.4441, -1033078.1641, -1086907.3088]","[6.67, 7.099, 11.334, 7.148]","[[[6.5412, 0.0], [12.5373, 0.0], [18.2479, -0.1305], [26.5282, -0.1305], [33.0954, -0.1305], [44.2311, -0.1305]], [[6.5412, 0.0], [12.5373, 0.0], [18.2479, -0.1305], [26.5282, -0.1305], [37.0928, -0.5222], [42.8034, 0.0]], [[6.5412, 0.0], [12.5373, 0.0], [18.2479, -0.1305], [26.5282, -0.1305], [35.6652, -0.1305], [69.6432, -0.1305]], [[6.5412, 0.0], [12.5373, 0.0], [18.2479, -0.1305], [26.5282, -0.1305], [43.089, -0.1305], [21.3887, -0.2611]]]",1.8975,0.0,0.0,1.0,0.0,0.0,1.0,False,"[1, 1, 1]",0.0,0.0,0.16666666666666666,6.6702,4.0,2.8625,7.3232,14.9859,2.4835,4.0422,6.6702,"[[6.541, 0.0], [12.537, 0.0], [18.248, -0.131], [26.528, -0.131], [33.095, -0.131], [44.231, -0.131]]",ok,11.3335,0.0,0.0,0.0,0.0,0.0,0.0,0.0,0.0,0.0,5e0802535c0548728901a834f82b1c4f,scene-1070,42
3.3472,9.6831,14.3405,2.395,4.5638,6.7882,0.0,1.0,1.0,0.0,1.0,1.0,0.0,0.25,0.3333333333333333,ok,straight,1.9194,7.1134,6.9272,1.2568,3.2809,4.7471,True,"[-0.1958, -0.0653, -0.1305, -0.1305]","[-559.9399, -2024.6796, -35070.3877, -73095.599]","[3.3014, -1002020.8796, -1035066.5877, -1073091.799]","[4.747, 5.933, 10.597, 9.788]","[[[5.6846, -0.1305], [11.9662, 0.0], [18.5334, 0.0], [27.0993, -0.1305], [33.381, -0.5222], [36.8073, -0.3916]], [[5.6846, -0.1305], [11.9662, 0.0], [18.5334, 0.0], [27.0993, -0.1305], [33.0954, -0.1305], [44.2311, -0.1305]], [[5.6846, -0.1305], [11.9662, 0.0], [18.5334, 0.0], [27.0993, -0.1305], [35.6652, -0.1305], [69.6432, 0.2611]], [[5.6846, -0.1305], [11.9662, 0.0], [18.5334, 0.0], [27.0993, -0.1305], [30.8112, -0.1305], [69.6432, -0.2611]]]",2.4786,0.0,0.0,0.0,0.0,0.0,0.0,True,"[1, 1, 1]",0.0,0.0,0.0,4.7471,4.0,1.9194,7.1134,6.9272,1.2568,3.2809,4.7471,"[[5.685, -0.131], [11.966, 0.0], [18.533, 0.0], [27.099, -0.131], [33.381, -0.522], [36.807, -0.392]]",ok,10.5966,0.0,0.0,0.0,0.0,0.0,0.0,0.0,0.0,0.0,7e351605549547f8af19432917f23b73,scene-1071,42
3.8603,8.8579,13.5403,3.029,5.4805,7.7835,0.0,0.0,0.0,0.0,0.0,0.0,0.0,0.0,0.0,ok,straight,3.8603,8.8579,13.5403,3.029,5.4805,7.7835,False,"[-0.0653, -0.3264, -0.3264, -0.1958]","[-238.9017, -480.411, -12596.9889, -13077.8418]","[5.7681, 3.3173, -1012593.7472, -1013074.6001]","[7.784, 8.74, 5.827, 7.736]","[[[2.2582, 0.0], [5.1135, 0.0], [6.5412, 0.0], [9.1109, 0.0], [11.1096, -0.1305], [13.1083, -0.1305]], [[2.2582, 0.0], [5.1135, 0.0], [6.5412, 0.0], [9.1109, 0.0], [9.3964, 0.0], [9.1109, 0.6527]], [[2.2582, 0.0], [5.1135, 0.0], [6.5412, 0.0], [9.1109, 0.0], [24.8151, -1.0444], [37.0928, -0.6527]], [[2.2582, 0.0], [5.1135, 0.0], [6.5412, 0.0], [9.1109, 0.0], [6.5412, -0.1305], [17.9623, -0.3916]]]",1.0572,0.0,0.0,0.0,0.0,0.0,0.0,True,"[1, 1, 1]",0.0,0.0,0.0,5.8269,4.0,3.8603,8.8579,10.4506,3.029,5.4805,5.8269,"[[2.258, 0.0], [5.113, 0.0], [6.541, 0.0], [9.111, 0.0], [11.11, -0.131], [13.108, -0.131]]",ok,8.7399,0.0,0.0,0.0,0.0,0.0,0.0,0.0,0.0,0.0,f02d48168d5145109cfb2ddd7f35b04e,scene-1071,42
5.6458,15.269,17.8261,4.1688,8.24,10.9676,0.0,1.0,0.0,0.0,1.0,1.0,0.0,0.5,0.5,ok,straight,5.6458,15.269,15.0078,4.1688,8.24,10.9751,False,"[-0.5222, -0.0653, -3.5901, -8.2899]","[-1707.531, -3519.0179, -82225.4098, -411426.1138]","[-1001703.7318, -1003515.2186, -1082221.6105, -1411422.3145]","[10.975, 10.968, 11.826, 11.761]","[[[6.5412, 0.0], [13.1083, 0.0], [20.2466, 0.0], [29.6691, 0.0], [35.9507, 0.5222], [36.8073, -1.0444]], [[6.5412, 0.0], [13.1083, 0.0], [20.2466, 0.0], [29.6691, 0.0], [33.0954, 0.0], [39.6626, -0.1305]], [[6.5412, 0.0], [13.1083, 0.0], [20.2466, 0.0], [29.6691, 0.0], [36.8073, -0.3916], [3.9714, -7.1802]], [[6.5412, 0.0], [13.1083, 0.0], [20.2466, 0.0], [29.6691, 0.0], [-0.026, -4.9609], [30.8112, 16.5798]]]",0.4117,0.0,1.0,1.0,0.0,1.0,1.0,False,"[1, 1, 1]",0.0,0.5,0.5,10.9676,4.0,5.6458,15.269,17.8261,4.1688,8.24,10.9676,"[[6.541, 0.0], [13.108, 0.0], [20.247, 0.0], [29.669, 0.0], [35.951, 0.522], [36.807, -1.044]]",ok,11.826,0.0,0.0,0.0,0.0,0.0,0.0,0.0,0.0,0.0,2a1710d55ac747339eae4502565b956b,scene-1071,42
2.5276,11.2958,17.717,2.218,4.8497,7.5135,0.0,1.0,0.0,0.0,1.0,1.0,0.0,0.25,0.16666666666666666,ok,straight,2.5276,10.724,23.7482,2.218,5.6344,10.6117,False,"[-0.5222, -0.5222, -0.1958, -0.0653]","[-2050.2174, -2893.7196, -3756.2577, -12957.4688]","[-2004553.5752, -2005397.0774, -2006259.6155, -2015460.8266]","[10.612, 9.151, 10.808, 8.036]","[[[5.9701, 0.0], [10.5386, 0.0], [19.1045, -0.1305], [25.9572, -0.2611], [35.9507, -0.2611], [45.6587, 1.0444]], [[5.9701, 0.0], [10.5386, 0.0], [19.1045, -0.1305], [25.9572, -0.2611], [33.952, -1.6971], [38.806, 1.0444]], [[5.9701, 0.0], [10.5386, 0.0], [19.1045, -0.1305], [25.9572, -0.2611], [33.952, 1.1749], [48.7996, 0.3916]], [[5.9701, 0.0], [10.5386, 0.0], [19.1045, -0.1305], [25.9572, -0.2611], [26.5282, -0.1305], [39.6626, -0.1305]]]",1.1313,0.0,1.0,0.0,0.0,1.0,1.0,False,"[1, 1, 1]",0.0,0.25,0.16666666666666666,8.0359,4.0,2.5276,10.724,17.7154,2.218,5.6344,8.0359,"[[5.97, 0.0], [10.539, 0.0], [19.104, -0.131], [25.957, -0.261], [35.951, -0.261], [45.659, 1.044]]",ok,10.8076,0.0,0.0,0.0,0.0,0.0,0.0,0.0,0.0,0.0,dd30cd99e03a43ecb74f1a41769bd9a7,scene-1071,42
2.0185,8.8066,13.3623,1.9747,3.6613,6.5258,0.0,0.0,1.0,0.0,0.0,1.0,0.0,0.0,0.3333333333333333,ok,straight,2.0185,8.5211,13.3623,1.9747,4.5887,7.1441,False,"[-0.0653, -0.1305, -0.0653, -0.0653]","[-1250.8444, -77238.7399, -157971.6654, -287943.1161]","[-2003590.4064, -2079578.3019, -2160311.2275, -2290282.6782]","[7.144, 11.569, 5.767, 9.569]","[[[6.5412, 0.0], [11.1096, 0.0], [19.39, -0.1305], [26.2427, -0.1305], [33.0954, -0.1305], [39.6626, -0.1305]], [[6.5412, 0.0], [11.1096, 0.0], [19.39, -0.1305], [26.2427, -0.1305], [29.6691, 0.1305], [69.6432, -0.2611]], [[6.5412, 0.0], [11.1096, 0.0], [19.39, -0.1305], [26.2427, -0.1305], [6.8267, -0.1305], [27.3848, -0.1305]], [[6.5412, 0.0], [11.1096, 0.0], [19.39, -0.1305], [26.2427, -0.1305], [7.9688, -0.3916], [51.3693, -0.1305]]]",2.2286,0.0,0.0,1.0,0.0,0.0,1.0,False,"[1, 1, 1]",0.0,0.0,0.3333333333333333,5.7674,4.0,2.0185,8.5211,1.124,1.9747,4.5887,5.7674,"[[6.541, 0.0], [11.11, 0.0], [19.39, -0.131], [26.243, -0.131], [33.095, -0.131], [39.663, -0.131]]",ok,11.5692,0.0,0.0,0.0,0.0,0.0,0.0,0.0,0.0,0.0,f9ad282e31ce47d5a16dffc3b25c456a,scene-1072,42
4.0662,8.9452,12.9643,2.922,5.0841,7.3833,0.0,0.0,1.0,0.0,0.0,1.0,0.0,0.0,0.3333333333333333,ok,straight,4.0662,8.9452,12.9636,2.922,5.0841,7.3832,True,"[-0.0653, -0.1958, -1.436, -0.0]","[-360.4295, -238.2418, -1538.9903, -42133.565]","[3.8911, 3.676, -1001536.3062, -1042130.8808]","[7.383, 8.621, 7.569, 12.578]","[[[6.5412, 0.0], [13.1083, -0.1305], [18.8189, -0.1305], [26.5282, -0.1305], [33.0954, -0.1305], [39.6626, -0.1305]], [[6.5412, 0.0], [13.1083, -0.1305], [18.8189, -0.1305], [26.5282, -0.1305], [35.6652, -0.2611], [44.5166, -0.3916]], [[6.5412, 0.0], [13.1083, -0.1305], [18.8189, -0.1305], [26.5282, -0.1305], [32.2388, 0.0], [41.3758, -2.8721]], [[6.5412, 0.0], [13.1083, -0.1305], [18.8189, -0.1305], [26.5282, -0.1305], [34.2375, -1.1749], [69.6432, 0.0]]]",2.0979,0.0,0.0,1.0,0.0,0.0,1.0,True,"[1, 1, 1]",0.0,0.0,0.3333333333333333,7.3832,4.0,4.0662,8.9452,12.9636,2.922,5.0841,7.3832,"[[6.541, 0.0], [13.108, -0.131], [18.819, -0.131], [26.528, -0.131], [33.095, -0.131], [39.663, -0.131]]",ok,12.5783,0.0,0.0,0.0,0.0,0.0,0.0,0.0,0.0,0.0,fcd1acc0208f4ac08c879e2be95529a5,scene-1072,42
1.043,0.0684,0.46,0.893,0.7681,1.0585,0.0,0.0,0.0,0.0,0.0,0.0,0.0,0.0,0.0,ok,straight,1.043,0.0684,0.46,0.893,0.7681,0.6308,True,"[-0.0653, -0.4569, -0.0653, -0.0653]","[-147.7083, -13606.7378, -15171.2283, -157906.4954]","[2.8957, -1013605.1416, -1015169.6322, -1157904.8992]","[0.631, 5.143, 4.383, 8.817]","[[[3.6858, 0.0], [7.3977, 0.0], [11.1096, -0.1305], [15.9636, -0.1305], [19.39, -0.1305], [21.9598, -0.1305]], [[3.6858, 0.0], [7.3977, 0.0], [11.1096, -0.1305], [15.9636, -0.1305], [22.8163, 0.0], [46.5153, -0.9138]], [[3.6858, 0.0], [7.3977, 0.0], [11.1096, -0.1305], [15.9636, -0.1305], [21.1032, -0.3916], [43.66, 0.1305]], [[3.6858, 0.0], [7.3977, 0.0], [11.1096, -0.1305], [15.9636, -0.1305], [16.5347, -0.1305], [69.6432, 0.1305]]]",2.9069,0.0,0.0,0.0,0.0,0.0,0.0,True,"[1, 1, 1]",0.0,0.0,0.0,0.6308,4.0,1.043,0.0684,0.46,0.893,0.7681,0.6308,"[[3.686, 0.0], [7.398, 0.0], [11.11, -0.131], [15.964, -0.131], [19.39, -0.131], [21.96, -0.131]]",ok,8.8174,0.0,0.0,0.0,0.0,0.0,0.0,0.0,0.0,0.0,70d04b7ebd6f4cae85f7c0f1dade1871,scene-1072,42
1.9174,3.06,7.2394,1.2685,2.2238,3.6305,0.0,0.0,0.0,0.0,0.0,0.0,0.0,0.0,0.0,ok,straight,4.2016,6.4866,7.2394,2.4106,4.7961,5.3454,False,"[-0.1305, -0.4569, -0.5875, -0.0]","[-1987.9678, -2860.5582, -23427.1169, -81046.7826]","[-2004300.0173, -2005172.6077, -2025739.1664, -2083358.8321]","[5.345, 4.654, 7.068, 9.676]","[[[3.9714, 0.0], [10.8241, 0.0], [17.6768, 0.2611], [19.39, -0.2611], [21.6742, -0.1305], [26.5282, -0.2611]], [[3.9714, 0.0], [10.8241, 0.0], [17.6768, 0.2611], [19.39, -0.2611], [22.5308, -0.6527], [21.3887, -0.9138]], [[3.9714, 0.0], [10.8241, 0.0], [17.6768, 0.2611], [19.39, -0.2611], [30.8112, 0.0], [27.6704, -1.1749]], [[3.9714, 0.0], [10.8241, 0.0], [17.6768, 0.2611], [19.39, -0.2611], [40.2337, -0.3916], [33.952, 0.0]]]",1.9374,0.0,0.0,0.0,0.0,0.0,0.0,False,"[1, 1, 1]",0.0,0.0,0.0,4.6537,4.0,4.2016,6.4866,2.2173,2.4106,4.7961,4.6537,"[[3.971, 0.0], [10.824, 0.0], [17.677, 0.261], [19.39, -0.261], [21.674, -0.131], [26.528, -0.261]]",ok,9.6762,0.0,0.0,0.0,0.0,0.0,0.0,0.0,0.0,0.0,51b48a4ba38b4824a21d4a8b39a7a6e9,scene-1072,42
3.1148,5.9701,7.3977,2.401,3.6858,4.6852,0.0,1.0,1.0,0.0,1.0,1.0,0.0,0.25,0.5,ok,straight,3.1148,5.6846,7.3977,2.401,3.6858,4.828,False,"[-0.0, -0.0, -0.1305, -0.1958]","[-13.7925, -222.2946, -104.2596, -985.4485]","[4.778, 4.2361, 3.0033, -1000982.4583]","[4.828, 5.113, 4.734, 6.59]","[[[1.6871, 0.0], [3.1148, 0.0], [4.2569, 0.0], [5.6846, 0.0], [6.8267, 0.0], [7.3977, 0.0]], [[1.6871, 0.0], [3.1148, 0.0], [4.2569, 0.0], [5.6846, 0.0], [7.9688, 0.0], [7.9688, 0.0]], [[1.6871, 0.0], [3.1148, 0.0], [4.2569, 0.0], [5.6846, 0.0], [7.1122, 0.0], [6.5412, 0.2611]], [[1.6871, 0.0], [3.1148, 0.0], [4.2569, 0.0], [5.6846, 0.0], [10.8241, -0.1305], [13.9649, -0.3916]]]",0.7485,0.0,1.0,1.0,0.0,1.0,1.0,True,"[1, 1, 1]",0.0,0.5,0.6666666666666666,4.7337,4.0,3.1148,5.6846,6.5464,2.401,3.6858,4.7337,"[[1.687, 0.0], [3.115, 0.0], [4.257, 0.0], [5.685, 0.0], [6.827, 0.0], [7.398, 0.0]]",ok,6.5898,1.0,1.0,0.0,1.0,1.0,1.0,0.5,0.75,0.5,127c5ddf95e947ef96888e56d5a355f6,scene-1073,42
2.5437,4.5424,6.8267,1.8299,2.972,3.9714,0.0,0.0,1.0,0.0,0.0,1.0,0.0,0.0,0.16666666666666666,ok,straight,1.1161,3.9714,7.3977,0.8306,2.1868,3.4958,True,"[-0.0, -0.0, -0.0653, -0.0]","[-237.3938, -264.3729, -328.7547, -1302.7545]","[3.7049, 3.6443, 1.1904, -1001300.2912]","[3.496, 3.495, 4.114, 2.972]","[[[0.545, 0.0], [1.1161, 0.0], [3.1148, 0.0], [3.9714, 0.0], [4.828, -0.1305], [7.3977, 0.0]], [[0.545, 0.0], [1.1161, 0.0], [3.1148, 0.0], [3.9714, 0.0], [5.6846, 0.0], [6.5412, 0.0]], [[0.545, 0.0], [1.1161, 0.0], [3.1148, 0.0], [3.9714, 0.0], [6.5412, 0.0], [9.3964, -0.1305]], [[0.545, 0.0], [1.1161, 0.0], [3.1148, 0.0], [3.9714, 0.0], [5.9701, 0.0], [3.1148, 0.0]]]",0.4046,0.0,0.0,1.0,0.0,0.0,1.0,True,"[1, 1, 1]",0.0,0.0,0.16666666666666666,2.972,4.0,1.1161,3.9714,3.1148,0.8306,2.1868,2.972,"[[0.545, 0.0], [1.116, 0.0], [3.115, 0.0], [3.971, 0.0], [4.828, -0.131], [7.398, 0.0]]",ok,4.1143,1.0,1.0,0.0,1.0,1.0,1.0,0.5,0.75,0.6666666666666666,d527bdde872340a383de3a7cf3979e7d,scene-1073,42
4.0855,5.1094,4.5666,3.1982,4.0706,4.4006,0.0,0.0,0.0,0.0,0.0,0.0,0.0,0.0,0.0,ok,straight,4.0855,5.6803,5.1359,3.1982,4.2133,4.5907,False,"[-0.0653, -0.0653, -0.1305, -0.5222]","[-77.739, -2617.1829, -15245.5841, -18951.4552]","[4.5903, -1002614.4168, -1015242.818, -1018948.6891]","[4.591, 4.404, 6.397, 8.301]","[[[2.8293, 0.0], [5.9701, 0.0], [8.5399, 0.0], [11.6807, 0.0], [13.9649, -0.1305], [15.9636, -0.1305]], [[2.8293, 0.0], [5.9701, 0.0], [8.5399, 0.0], [11.6807, 0.0], [15.9636, -0.1305], [12.8228, -0.1305]], [[2.8293, 0.0], [5.9701, 0.0], [8.5399, 0.0], [11.6807, 0.0], [11.9662, -0.1305], [28.8125, 0.2611]], [[2.8293, 0.0], [5.9701, 0.0], [8.5399, 0.0], [11.6807, 0.0], [14.8215, 0.0], [37.3784, 1.0444]]]",1.5783,0.0,0.0,0.0,0.0,0.0,0.0,True,"[1, 1, 1]",0.0,0.0,0.0,4.4037,4.0,4.0855,5.6803,2.0176,3.1982,4.2133,4.4037,"[[2.829, 0.0], [5.97, 0.0], [8.54, 0.0], [11.681, 0.0], [13.965, -0.131], [15.964, -0.131]]",ok,8.3011,0.0,0.0,0.0,0.0,0.0,0.0,0.0,0.0,0.0,e353030f3b82412d9619cab425e59985,scene-1073,42
0.5007,3.0775,5.9385,0.4281,1.4381,2.6735,0.0,0.0,0.0,0.0,0.0,0.0,0.0,0.0,0.0,ok,left,0.5007,2.9763,6.7282,0.4281,1.4128,2.7695,False,"[-0.6527, -0.5875, -0.0653, -1.0444]","[-242.5047, -1829.4349, -17448.2771, -109755.8871]","[3.3982, -1001826.5588, -1017445.401, -1109753.0111]","[2.77, 2.892, 4.045, 4.32]","[[[2.2582, 0.0], [5.1135, -0.2611], [6.5412, -0.5222], [8.5399, -0.9138], [10.5386, -1.1749], [10.5386, -1.3055]], [[2.2582, 0.0], [5.1135, -0.2611], [6.5412, -0.5222], [8.5399, -0.9138], [9.682, -3.2637], [13.6794, -1.1749]], [[2.2582, 0.0], [5.1135, -0.2611], [6.5412, -0.5222], [8.5399, -0.9138], [13.6794, -1.8277], [1.1161, -0.1305]], [[2.2582, 0.0], [5.1135, -0.2611], [6.5412, -0.5222], [8.5399, -0.9138], [14.2505, 16.5798], [15.3926, -2.0888]]]",0.6841,0.0,0.0,0.0,0.0,0.0,0.0,True,"[1, 1, 1]",0.0,0.0,0.0,2.7695,4.0,0.5007,2.9763,6.7282,0.4281,1.4128,2.7695,"[[2.258, 0.0], [5.113, -0.261], [6.541, -0.522], [8.54, -0.914], [10.539, -1.175], [10.539, -1.305]]",ok,4.3196,0.0,0.0,0.0,0.0,0.0,0.0,0.0,0.0,0.0,a7c9bbdba0ca4bd5b990b67654d8d836,scene-1073,42
