base_L2@1s,base_L2@2s,base_L2@3s,base_avgL2@1s,base_avgL2@2s,base_avgL2@3s,base_coll@1s,base_coll@2s,base_coll@3s,base_cumColl@1s,base_cumColl@2s,base_cumColl@3s,base_meanColl@1s,base_meanColl@2s,base_meanColl@3s,base_status,command,got_L2@1s,got_L2@2s,got_L2@3s,got_avgL2@1s,got_avgL2@2s,got_avgL2@3s,got_beats_base,got_cand_cmd,got_cand_kin,got_cand_total,got_cand_vals,got_candidate_spread,got_coll@1s,got_coll@2s,got_coll@3s,got_cumColl@1s,got_cumColl@2s,got_cumColl@3s,got_meanColl@1s,got_meanColl@2s,got_meanColl@3s,got_minADE_C,got_n_candidates,got_oracle_L2@1s,got_oracle_L2@2s,got_oracle_L2@3s,got_oracle_avgL2@1s,got_oracle_avgL2@2s,got_oracle_avgL2@3s,got_pred,got_selection_gap_L2@1s,got_selection_gap_L2@2s,got_selection_gap_L2@3s,got_selection_gap_avgL2@1s,got_selection_gap_avgL2@2s,got_selection_gap_avgL2@3s,got_selection_rank,got_selection_top1,got_status,got_worst_candidate,mean_coll@1s,mean_coll@2s,mean_coll@3s,mean_cumColl@1s,mean_cumColl@2s,mean_cumColl@3s,mean_meanColl@1s,mean_meanColl@2s,mean_meanColl@3s,sample_token,scene,seed
0.0063,0.0092,0.1641,0.0054,0.007,0.0345,0.0,0.0,0.0,0.0,0.0,0.0,0.0,0.0,0.0,ok,straight,0.0063,0.0092,0.1641,0.0054,0.007,0.0345,False,"[-0.0, -0.0, -0.0, -0.0, -0.0, -0.0, -0.0, -0.1305]","[-0.013, -13.553, -82.1925, -147.9624, -1832.3868, -5747.8934, -32472.6452, -1560602.7367]","[2.4368, 2.4367, 2.4367, 2.4364, -1001830.7171, -1005746.2238, -1032470.9755, -2560601.0669]","[0.035, 0.081, 0.214, 0.407, 0.974, 0.831, 1.736, 12.587]",3.9963,0.0,0.0,0.0,0.0,0.0,0.0,0.0,0.0,0.0,0.0345,8.0,0.0063,0.0092,0.1641,0.0054,0.007,0.0345,"[[-0.026, 0.0], [-0.026, 0.0], [-0.026, 0.0], [-0.026, 0.0], [-0.026, 0.0], [-0.026, 0.0]]",0.0,0.0,0.0,0.0,0.0,0.0,0.0,1.0,ok,12.5873,1.0,1.0,1.0,1.0,1.0,1.0,0.5,0.75,0.8333333333333334,fd8420396768425eabec9bdddf7e64b6,scene-0003,43
0.1224,0.145,1.5888,0.2151,0.1712,0.4209,0.0,0.0,0.0,0.0,0.0,0.0,0.0,0.0,0.0,ok,straight,0.1224,0.145,1.0178,0.2151,0.1712,0.3257,True,"[-0.0, -0.0, -0.0, -0.0, -0.0653, -0.0653, -0.0, -0.0]","[-21.6175, -29.4211, -48.7161, -341.3726, -53.1768, -1434.6234, -1906.745, -15794.2883]","[3.6179, 3.6163, 3.6125, 3.555, 1.3023, -1001432.0608, -1001904.1825, -1015791.7258]","[0.326, 0.385, 0.337, 0.367, 0.378, 1.052, 0.76, 1.482]",0.4017,0.0,0.0,0.0,0.0,0.0,0.0,0.0,0.0,0.0,0.3257,8.0,0.1224,0.145,1.0178,0.2151,0.1712,0.3257,"[[1.116, 0.0], [1.687, 0.0], [2.258, 0.0], [2.544, 0.0], [3.4, 0.0], [4.542, 0.0]]",0.0,0.0,0.0,0.0,0.0,0.0,0.0,1.0,ok,1.4816,0.0,0.0,0.0,0.0,0.0,0.0,0.0,0.0,0.0,6b9af38cbf654171870cb14b4ae89fd6,scene-0003,43
0.0852,0.5533,2.8013,0.2338,0.2781,0.6874,0.0,0.0,1.0,0.0,0.0,1.0,0.0,0.0,0.16666666666666666,ok,straight,0.0852,0.5533,2.3419,0.2338,0.4167,0.7032,False,"[-0.0, -0.0, -0.0653, -0.0, -0.1305, -0.0653, -0.3916, -0.0653]","[-238.9652, -307.2717, -359.1919, -2313.7466, -2464.5169, -4194.3349, -4523.7389, -11677.7481]","[3.0869, 3.0678, 2.5174, -1002312.246, -1002463.0163, -1004192.8343, -1004522.2382, -1011676.2475]","[0.703, 0.611, 0.988, 0.875, 1.842, 1.351, 2.239, 1.403]",0.5337,0.0,0.0,0.0,0.0,0.0,0.0,0.0,0.0,0.0,0.6109,8.0,0.0852,0.5533,2.3419,0.2338,0.2781,0.6109,"[[0.259, 0.0], [1.116, 0.0], [2.258, 0.0], [2.544, 0.0], [2.544, 0.0], [5.113, 0.0]]",0.0,0.0,0.0,0.0,0.1385,0.0923,1.0,0.0,ok,2.2385,0.0,0.0,0.0,0.0,0.0,0.0,0.0,0.0,0.0,37b3d16060b442d5b6175cbebefd09a7,scene-0003,43
0.6693,1.5328,1.7145,0.6282,1.0243,1.3773,0.0,0.0,0.0,0.0,0.0,0.0,0.0,0.0,0.0,ok,straight,0.6693,1.5328,1.7145,0.6282,1.0243,1.3297,True,"[-0.0, -0.0, -0.0653, -0.1305, -0.1958, -0.3916, -0.0, -0.7833]","[-46.4526, -118.1426, -110.5929, -142.2286, -568.1239, -730.0454, -7561.678, -10676.3269]","[3.6219, 3.5276, 3.2735, 3.0852, -1000565.9722, -1000727.8178, -1007559.4504, -1010674.1752]","[1.33, 1.284, 0.92, 1.765, 1.124, 1.292, 2.084, 2.297]",0.4531,0.0,0.0,0.0,0.0,0.0,0.0,0.0,0.0,0.0,0.9199,8.0,0.3845,1.5328,0.0958,0.4904,0.9555,0.9199,"[[1.116, 0.0], [2.544, 0.0], [3.686, 0.0], [5.113, 0.0], [5.97, 0.0], [7.398, 0.0]]",0.2848,0.0,1.6188,0.1377,0.0689,0.4098,4.0,0.0,ok,2.2969,0.0,0.0,0.0,0.0,0.0,0.0,0.0,0.0,0.0,08254b97198045d98009af51d144d147,scene-0003,43
0.3278,1.3075,1.7098,0.2143,0.6082,0.9387,0.0,0.0,0.0,0.0,0.0,0.0,0.0,0.0,0.0,ok,left,0.3278,1.1167,1.7098,0.2143,0.5605,0.9186,True,"[0.8486, 0.2611, 1.6971, 0.2611, 1.2402, 0.8486, 0.5875, -6.2011]","[-259.7881, -527.8774, -7549.3836, -236728.9325, -2551.4627, -3035.4111, -8200.1176, -10361.7412]","[1.4123, 1.1605, -1007548.7887, -1236728.3376, -2003996.0029, -2004479.9513, -2009644.6578, -2011806.2814]","[0.919, 1.003, 1.97, 10.878, 1.426, 1.543, 2.024, 4.239]",3.1331,0.0,0.0,0.0,0.0,0.0,0.0,0.0,0.0,0.0,0.9186,8.0,0.3278,1.1167,1.7098,0.2143,0.5605,0.9186,"[[3.4, 0.0], [6.827, 0.131], [10.539, 0.261], [13.108, 0.522], [17.391, 0.783], [21.389, 1.697]]",0.0,0.0,0.0,0.0,0.0,0.0,0.0,1.0,ok,10.8781,0.0,0.0,0.0,0.0,0.0,0.0,0.0,0.0,0.0,88a090c54cc844cc878f00d08274a683,scene-0012,43
0.3311,0.5222,1.8555,0.326,0.434,0.8542,0.0,0.0,0.0,0.0,0.0,0.0,0.0,0.0,0.0,ok,straight,0.289,0.5222,1.8555,0.5904,0.5662,0.9884,False,"[-0.1305, -0.1305, -0.1958, -2.3499, -1.436, -0.718, -0.1305, -0.3264]","[-280.4431, -178.253, -140.8038, -2160.1048, -3369.1545, -9856.2769, -57614.3688, -675754.6348]","[3.5405, 1.6297, 1.544, -1002157.7062, -1003366.7559, -1009853.8784, -1057613.8815, -1675754.1475]","[0.988, 0.9, 1.311, 1.547, 1.403, 1.781, 5.306, 8.843]",2.6567,0.0,0.0,0.0,0.0,0.0,0.0,0.0,0.0,0.0,0.9002,8.0,0.3311,0.5222,1.8555,0.326,0.434,0.9002,"[[5.399, 0.0], [9.396, 0.0], [14.25, -0.131], [18.819, -0.131], [24.815, -0.261], [29.669, -0.261]]",-0.0421,0.0,0.0,0.2645,0.1322,0.0882,1.0,0.0,ok,8.8435,0.0,0.0,0.0,0.0,0.0,0.0,0.0,0.0,0.0,f33e0c3f5d5c426593af8af1c27b68b8,scene-0012,43
1.7592,4.8823,7.162,1.3042,2.8724,4.0952,0.0,0.0,0.0,0.0,0.0,0.0,0.0,0.0,0.0,ok,right,1.7592,4.0134,3.0069,1.3042,2.6624,2.9773,True,"[2.3499, 1.5013, 1.2402, 1.2402, 0.9791, 2.3499, 1.6971, 0.9791]","[-286.634, -258.3687, -590.5637, -15.6665, -3178.9087, -28789.0006, -32464.9858, -843150.3858]","[3.8199, 2.1819, 1.6767, 0.7048, -1003178.0326, -1028788.1246, -1032463.1358, -1843149.5098]","[2.977, 3.094, 3.908, 4.048, 2.464, 4.283, 4.331, 10.715]",2.4417,0.0,0.0,0.0,0.0,0.0,0.0,0.0,0.0,0.0,2.4636,8.0,1.7592,4.8823,2.3115,1.3042,2.8724,2.4636,"[[4.257, -0.131], [8.54, -0.261], [12.537, -0.261], [17.677, -1.567], [22.531, -2.611], [29.098, -4.7]]",0.0,-0.8688,0.6954,0.0,-0.21,0.5137,1.0,0.0,ok,10.7152,0.0,0.0,0.0,0.0,0.0,0.0,0.0,0.0,0.0,045ecf94b83648229500b23058af3117,scene-0012,43
1.589,1.3397,2.2393,1.4364,1.4687,1.5437,0.0,0.0,0.0,0.0,0.0,0.0,0.0,0.0,0.0,ok,left,1.2998,1.3397,2.7413,1.5764,1.5387,1.6741,False,"[0.8486, 0.8486, 0.7833, 0.8486, -5.8747, -8.2899, -7.7024, 0.9791]","[-558.9316, -1011.7982, -3043.9875, -5825.4163, -8216.1286, -25142.4658, -32962.4727, -112168.35]","[3.7352, 2.5739, -1003042.8161, -1005823.0964, -1008214.9573, -1025140.146, -1032961.3014, -1112166.0301]","[1.674, 1.435, 1.788, 2.426, 3.972, 4.58, 5.158, 4.606]",1.4294,0.0,0.0,0.0,0.0,0.0,0.0,0.0,0.0,0.0,1.4345,8.0,1.5524,0.2249,2.7413,1.4151,1.1794,1.4345,"[[3.115, 0.0], [7.683, 0.783], [11.11, 0.392], [15.393, 0.783], [19.104, 1.697], [24.815, 1.697]]",-0.2526,1.1148,0.0,0.1613,0.3593,0.2396,1.0,0.0,ok,5.1577,0.0,0.0,0.0,0.0,0.0,0.0,0.0,0.0,0.0,2818d76fdbcf49029de0e316a26f8903,scene-0012,43
0.6657,2.1543,5.354,0.6004,1.3545,2.4306,0.0,0.0,0.0,0.0,0.0,0.0,0.0,0.0,0.0,ok,straight,0.6657,2.4356,4.2266,0.6004,1.2833,2.1952,True,"[-0.0, -0.0, -0.0, -0.0653, -0.4569, -0.8486, -0.3264, -0.718]","[-83.199, -228.7883, -197.9997, -3561.2752, -4592.8825, -4962.7934, -30873.5615, -55232.0197]","[4.8155, 4.8077, 4.7422, -1003558.1261, -1004589.7334, -1004959.5772, -1030870.3452, -1055228.8706]","[2.195, 1.678, 2.207, 3.292, 3.087, 2.966, 4.298, 5.117]",1.0722,0.0,0.0,0.0,0.0,0.0,0.0,0.0,0.0,0.0,1.6781,8.0,0.6657,2.4356,2.289,0.6004,1.2833,1.6781,"[[3.686, 0.0], [6.827, 0.0], [10.539, 0.0], [14.25, 0.0], [18.248, 0.0], [20.818, 0.0]]",0.0,0.0,1.9376,0.0,0.0,0.5171,1.0,0.0,ok,5.1175,0.0,0.0,0.0,0.0,0.0,0.0,0.0,0.0,0.0,b9c60cfaf1814c8bb363037dec7abd35,scene-0013,43
0.2074,0.4271,0.6538,0.1519,0.3617,0.4828,0.0,0.0,0.0,0.0,0.0,0.0,0.0,0.0,0.0,ok,straight,0.2074,0.4271,0.6538,0.1519,0.3617,0.4828,False,"[-0.0653, -0.0, -1.2402, -0.0653, -0.5222, -0.3264, -5.1567, -0.0]","[-291.4101, -862.6561, -1979.9085, -2476.3123, -5100.9215, -6732.3264, -6816.5685, -10115.4408]","[4.2284, -1000860.9905, -1001978.2429, -1002474.6467, -1005099.256, -1006729.8592, -1006814.1014, -1010112.9736]","[0.483, 1.412, 3.934, 1.061, 2.816, 1.945, 3.363, 2.56]",1.1068,0.0,0.0,0.0,0.0,0.0,0.0,0.0,0.0,0.0,0.4828,8.0,0.2074,0.4271,0.6538,0.1519,0.3617,0.4828,"[[3.4, 0.0], [6.541, 0.0], [10.539, 0.0], [12.823, 0.0], [16.249, 0.0], [19.961, -0.131]]",0.0,0.0,0.0,0.0,0.0,0.0,0.0,1.0,ok,3.9338,0.0,0.0,0.0,0.0,0.0,0.0,0.0,0.0,0.0,3615d82e7e8546fea5f181157f42e30b,scene-0013,43
0.4637,2.0732,1.6971,0.5153,1.102,1.3857,0.0,0.0,0.0,0.0,0.0,0.0,0.0,0.0,0.0,ok,straight,0.4637,2.0732,1.6971,0.5153,1.102,1.5281,False,"[-0.1958, -0.1958, -0.1958, -0.3264, -1.9582, -0.1305, -0.6527, -0.0]","[-234.9683, -497.5367, -879.7465, -3695.8788, -3825.4237, -4657.8922, -5488.7401, -109488.3447]","[2.7665, 2.7515, -1000877.8753, -1003694.0, -1003823.5525, -1004656.0135, -1005486.8613, -1109486.4736]","[1.528, 1.67, 1.517, 2.474, 1.778, 1.622, 1.971, 5.147]",1.1467,0.0,0.0,0.0,0.0,0.0,0.0,0.0,0.0,0.0,1.5173,8.0,1.6028,2.0732,0.7767,0.9424,1.3156,1.5173,"[[3.115, 0.0], [6.541, 0.0], [9.396, -0.131], [12.823, -0.131], [15.393, -0.261], [19.961, -0.392]]",-1.1391,0.0,0.9205,-0.4271,-0.2135,0.0108,1.0,0.0,ok,5.1468,0.0,0.0,0.0,0.0,0.0,0.0,0.0,0.0,0.0,20a68f4f6d5e46edb6c4d9e8321ced5b,scene-0013,43
0.3143,2.2268,2.7786,0.2098,0.9588,1.7081,0.0,0.0,0.0,0.0,0.0,0.0,0.0,0.0,0.0,ok,straight,0.0353,2.2268,2.7786,0.0703,0.7482,1.5677,True,"[-0.1305, -0.1305, -1.5666, -0.0, -0.1305, -0.1958, -1.1749, -0.1305]","[-199.9719, -220.8322, -2693.038, -4704.4361, -14559.0256, -45891.0776, -160986.3882, -188094.6845]","[3.7765, 3.7762, -1002690.5259, -1004701.9241, -1014556.5136, -1045888.5656, -1160983.8762, -1188092.1724]","[1.568, 1.614, 1.849, 1.592, 2.88, 12.802, 4.438, 4.937]",3.5675,0.0,0.0,0.0,0.0,0.0,0.0,0.0,0.0,0.0,1.5677,8.0,0.0353,2.2268,2.7786,0.0703,0.7482,1.5677,"[[4.257, 0.0], [8.254, 0.0], [12.823, -0.131], [18.248, -0.131], [23.387, -0.131], [25.957, -0.261]]",0.0,0.0,0.0,0.0,0.0,0.0,0.0,1.0,ok,12.8018,0.0,0.0,0.0,0.0,0.0,0.0,0.0,0.0,0.0,fde1435fa125431d9eb22d8e5e254a32,scene-0013,43
0.0254,0.0262,0.0271,0.0252,0.0256,0.026,0.0,0.0,0.0,0.0,0.0,0.0,0.0,0.0,0.0,ok,straight,0.0254,0.0262,0.0271,0.0252,0.0256,0.026,False,"[-0.0, -0.0, -0.0, -0.0653, -0.4569, -0.9791, -0.6527, -0.5875]","[-0.013, -239.0088, -282.5679, -331.4439, -790.9293, -2705.5989, -238395.2611, -322062.3626]","[4.2427, 4.2407, 4.2384, 4.0537, 2.9441, -1002702.8986, -1238392.5608, -1322059.6643]","[0.026, 0.493, 0.667, 0.983, 1.068, 1.945, 11.908, 12.778]",5.0018,0.0,0.0,0.0,0.0,0.0,0.0,0.0,0.0,0.0,0.026,8.0,0.0254,0.0262,0.0271,0.0252,0.0256,0.026,"[[-0.026, 0.0], [-0.026, 0.0], [-0.026, 0.0], [-0.026, 0.0], [-0.026, 0.0], [-0.026, 0.0]]",0.0,0.0,0.0,0.0,0.0,0.0,0.0,1.0,ok,12.7782,1.0,1.0,1.0,1.0,1.0,1.0,0.5,0.75,0.8333333333333334,43cfc03be6f842ae8942c995f8e3f2fb,scene-0014,43
1.0724,1.2884,0.4995,1.047,1.1064,0.8576,0.0,0.0,0.0,0.0,0.0,0.0,0.0,0.0,0.0,ok,straight,1.0724,1.2884,2.7879,1.047,1.1064,1.4292,False,"[-0.0, -0.0, -0.0, -0.1305, -0.1305, -0.0, -0.0653, -0.5222]","[-88.424, -113.9701, -573.181, -192.7778, -479.9687, -1313.5528, -3777.4595, -5591.6009]","[3.9744, 3.9611, 3.7203, 3.1331, 2.9835, -1001310.9604, -1003774.8671, -1005589.01]","[1.429, 0.832, 1.212, 1.354, 1.834, 1.591, 1.614, 3.082]",0.6205,0.0,0.0,0.0,0.0,0.0,0.0,0.0,0.0,0.0,0.8316,8.0,1.0724,1.2884,0.3438,1.047,1.1064,0.8316,"[[1.687, 0.0], [2.544, 0.0], [3.686, 0.0], [5.113, 0.0], [6.827, 0.261], [10.253, 0.0]]",0.0,0.0,2.4442,0.0,0.0,0.5976,3.0,0.0,ok,3.0825,0.0,0.0,0.0,0.0,0.0,0.0,0.0,0.0,0.0,3a1dd258a83f44b6bd97e8cc426d7057,scene-0014,43
2.4577,5.5045,10.4668,1.6421,3.3174,5.1583,0.0,0.0,0.0,0.0,0.0,0.0,0.0,0.0,0.0,ok,straight,2.4577,5.5172,10.4668,1.6421,3.3206,5.1604,False,"[-0.3264, -0.3916, -0.3264, -1.5013, -0.3264, -1.2402, -0.5875, -0.9791]","[-82.992, -93.6545, -234.7347, -1066.2537, -1339.8834, -5230.6888, -8096.5532, -140382.3012]","[4.0787, 3.9296, 3.2808, -1001064.2702, -1001337.1053, -1005228.7053, -1008093.7751, -1140380.3177]","[5.16, 5.061, 5.064, 2.972, 5.224, 4.167, 5.497, 5.719]",0.8285,0.0,0.0,0.0,0.0,0.0,0.0,0.0,0.0,0.0,2.9724,8.0,1.8786,5.5172,1.3572,1.3526,3.1759,2.9724,"[[1.687, 0.0], [2.829, 0.0], [3.971, -0.131], [5.97, -0.261], [7.398, -0.653], [7.398, -0.653]]",0.5791,0.0,9.1095,0.2895,0.1448,2.188,4.0,0.0,ok,5.7189,0.0,0.0,0.0,0.0,0.0,0.0,0.0,0.0,0.0,510c3f937ce54fafa51f9c9f98f0a4a5,scene-0014,43
2.0291,4.5025,6.5273,1.3831,2.6272,3.7481,0.0,0.0,0.0,0.0,0.0,0.0,0.0,0.0,0.0,ok,straight,2.0291,4.5025,7.0975,1.3831,2.5559,3.6535,True,"[-0.5222, -0.5222, -5.0262, -1.1097, -0.3916, -0.7833, -0.9138, -8.2899]","[-286.6121, -514.6543, -1607.2202, -5375.9811, -5838.6286, -8244.468, -11890.7238, -271882.4707]","[1.6621, 1.6128, -1001606.6039, -1005375.4115, -1005838.059, -1008243.8516, -1011890.1074, -1271881.9011]","[3.653, 3.323, 4.719, 3.885, 3.889, 3.313, 2.591, 8.301]",1.648,0.0,0.0,0.0,0.0,0.0,0.0,0.0,0.0,0.0,2.5908,8.0,2.0291,4.5025,3.3022,1.3831,2.5559,2.5908,"[[2.829, 0.0], [5.113, -0.131], [7.683, -0.261], [9.682, -0.392], [13.108, -0.914], [14.822, -1.044]]",0.0,0.0,3.7953,0.0,0.0,1.0626,3.0,0.0,ok,8.3007,0.0,0.0,0.0,0.0,0.0,0.0,0.0,0.0,0.0,0afa886817744d61be66f0bcea2be47c,scene-0014,43
1.013,2.766,4.5811,0.6988,1.516,2.3185,0.0,0.0,0.0,0.0,0.0,0.0,0.0,0.0,0.0,ok,straight,1.013,3.7039,3.1631,0.6988,2.0372,2.4296,False,"[-0.6527, -0.6527, -1.8277, -3.0026, -1.6319, -0.8486, -0.7833, -0.4569]","[-329.4755, -11.2538, -936.1388, -1635.7421, -4623.7812, -6220.7981, -17217.4383, -17706.8325]","[3.8229, 3.6922, -1000934.0447, -1001633.648, -1004621.51, -1006218.7039, -1017215.1671, -1017704.5613]","[2.43, 2.082, 2.379, 2.368, 3.284, 2.129, 2.956, 2.515]",0.3823,0.0,0.0,0.0,0.0,0.0,0.0,0.0,0.0,0.0,2.0821,8.0,1.013,2.766,3.1631,0.6988,1.516,2.0821,"[[3.115, 0.0], [5.97, -0.261], [7.398, -0.261], [10.253, 0.0], [13.965, -1.044], [17.391, -1.305]]",0.0,0.938,0.0,0.0,0.5212,0.3475,4.0,0.0,ok,3.2838,0.0,0.0,0.0,0.0,0.0,0.0,0.0,0.0,0.0,234b0f37af694571876a745e5bbb5e08,scene-0015,43
1.7865,3.5168,6.1426,1.1569,2.338,3.3821,0.0,0.0,0.0,0.0,0.0,0.0,0.0,0.0,0.0,ok,straight,3.4967,5.2285,6.1482,2.583,3.479,4.1437,False,"[-0.2611, -0.2611, -0.3264, -0.5222, -0.0, -0.1305, -0.3264, -0.1305]","[-755.983, -318.1116, -246.2378, -2733.3572, -3795.901, -5696.2539, -7147.135, -11874.1721]","[4.4003, 2.2391, -1000244.8807, -1002732.0001, -1003792.267, -1005692.6198, -1007143.5009, -1011872.815]","[4.144, 3.668, 3.527, 4.244, 7.092, 4.379, 5.003, 4.431]",1.0482,0.0,0.0,0.0,0.0,0.0,0.0,0.0,0.0,0.0,3.5274,8.0,1.7865,5.2285,4.1662,1.1569,2.7659,3.5274,"[[4.828, 0.0], [9.682, 0.0], [12.537, -0.131], [16.82, -0.261], [18.819, -0.392], [21.96, -0.522]]",1.7102,0.0,1.982,1.4261,0.7131,0.6163,2.0,0.0,ok,7.0918,0.0,0.0,0.0,0.0,0.0,0.0,0.0,0.0,0.0,23e4bbcd10fe43e1982867dab19c79e8,scene-0015,43
0.5512,0.223,1.8815,0.4284,0.4175,0.7392,0.0,0.0,0.0,0.0,0.0,0.0,0.0,0.0,0.0,ok,straight,0.5512,1.7801,1.8815,0.4284,0.8092,1.0002,False,"[-0.2611, -0.2611, -0.5875, -1.1097, -0.1305, -0.2611, -0.1958, -0.1305]","[-1339.5304, -4426.9826, -5143.7184, -5990.9305, -7055.2808, -12708.2643, -17829.6102, -29150.0118]","[-1001337.6274, -1004425.0796, -1005141.8154, -1005989.0275, -1007053.3778, -1012706.3612, -1017827.7071, -1029148.1088]","[1.0, 1.913, 1.121, 2.262, 1.663, 2.134, 1.852, 2.572]",0.5067,0.0,0.0,0.0,0.0,0.0,0.0,0.0,0.0,0.0,1.0002,8.0,0.5512,1.7801,1.8815,0.4284,0.8092,1.0002,"[[2.258, 0.0], [4.542, -0.131], [6.827, -0.261], [6.827, -0.131], [10.253, -0.392], [11.966, -0.522]]",0.0,0.0,0.0,0.0,0.0,0.0,0.0,1.0,ok,2.572,0.0,0.0,0.0,0.0,0.0,0.0,0.0,0.0,0.0,b95702eac8684e80ab65303126cc1e58,scene-0015,43
0.9643,2.8163,4.1568,0.751,1.3378,2.1277,0.0,0.0,0.0,0.0,0.0,0.0,0.0,0.0,0.0,ok,straight,0.6799,2.8163,5.3011,0.6088,1.3375,2.3182,False,"[-0.0653, -0.0653, -0.1305, -0.0653, -0.1958, -0.1958, -0.0653, -0.1958]","[-192.7543, -244.9531, -713.959, -1162.872, -1856.6179, -2660.0855, -10679.1802, -201516.3378]","[3.6005, 3.5777, -1000711.7369, -1001160.6279, -1001854.3958, -1002657.8414, -1010676.9581, -1201514.0937]","[2.318, 2.366, 1.669, 1.795, 1.345, 2.039, 2.429, 5.135]",1.0972,0.0,0.0,0.0,0.0,0.0,0.0,0.0,0.0,0.0,1.3454,8.0,0.9643,2.8163,1.959,0.751,1.4086,1.3454,"[[1.973, 0.0], [3.971, 0.0], [5.685, 0.0], [6.541, -0.131], [8.54, -0.131], [9.111, -0.131]]",-0.2844,0.0,3.342,-0.1422,-0.0711,0.9728,4.0,0.0,ok,5.1349,0.0,0.0,0.0,0.0,0.0,0.0,0.0,0.0,0.0,cf753561271b4c40bef93a35bb0cf13f,scene-0015,43
0.223,1.3741,1.6776,0.1622,0.5543,0.8504,0.0,0.0,0.0,0.0,0.0,0.0,0.0,0.0,0.0,ok,left,0.223,1.5176,1.6776,0.1622,0.6549,0.9174,False,"[0.8486, 0.8486, -0.1305, 0.6527, -1.2402, 2.2193, -1.3708, 0.718]","[-593.6392, -27.3545, -2684.879, -5078.0729, -8240.3963, -8862.0041, -192400.3023, -1253926.2786]","[5.1936, 4.152, -1002680.6096, -1005074.8466, -1008237.17, -1008857.7347, -1192396.0329, -2253923.0523]","[0.917, 0.724, 1.708, 1.926, 1.67, 1.651, 11.655, 10.954]",4.2956,0.0,0.0,0.0,0.0,0.0,0.0,0.0,0.0,0.0,0.7236,8.0,0.223,0.6131,1.6776,0.1622,0.3641,0.7236,"[[1.973, 0.0], [3.686, 0.0], [5.685, 0.131], [7.969, 1.436], [8.54, 0.914], [9.968, 1.697]]",0.0,0.9045,0.0,0.0,0.2908,0.1939,1.0,0.0,ok,11.6553,0.0,0.0,0.0,0.0,0.0,0.0,0.0,0.0,0.0,fbd3aa2098234fb1869d34d920e16eda,scene-0016,43
0.9055,2.8646,5.0148,0.6246,1.451,2.5015,0.0,0.0,0.0,0.0,0.0,0.0,0.0,0.0,0.0,ok,straight,0.2081,3.1472,4.7311,0.2759,1.4177,2.3848,True,"[-0.3916, -0.3916, -0.8486, -0.3916, -0.1305, -0.5875, -0.5222, -7.3761]","[-307.9135, -436.2591, -401.7366, -401.072, -5554.9732, -5586.0635, -9896.333, -20027.7627]","[3.7408, 3.721, 3.5271, 3.1427, -1005553.0011, -1005583.5077, -1009894.3609, -1020025.7905]","[2.385, 3.01, 2.534, 2.331, 2.764, 1.467, 2.29, 4.946]",0.9418,0.0,0.0,0.0,0.0,0.0,0.0,0.0,0.0,0.0,1.4668,8.0,0.2081,3.1472,1.8508,0.2759,1.4177,1.4668,"[[2.544, 0.0], [5.97, 0.0], [7.398, -0.131], [9.682, -0.261], [12.537, -0.522], [15.393, -0.783]]",0.0,0.0,2.8803,0.0,0.0,0.918,3.0,0.0,ok,4.9463,0.0,0.0,0.0,0.0,0.0,0.0,0.0,0.0,0.0,35eff3f6f5b84929a33c2bda269a266f,scene-0016,43
0.7083,1.7734,3.9678,0.6025,1.0175,1.7163,0.0,0.0,0.0,0.0,0.0,0.0,0.0,0.0,0.0,ok,straight,0.4436,1.7734,3.9678,0.4701,0.9514,1.627,True,"[-0.1305, -0.1958, -0.1305, -0.718, -0.2611, -0.1305, -0.6527, -0.3264]","[-429.1971, -671.6911, -1257.0343, -1262.4424, -4587.9102, -5899.5613, -21469.252, -836307.6119]","[4.1616, -1000669.9602, -1001255.3034, -1001260.7115, -1004584.9872, -1005897.8304, -1021466.329, -1836304.6888]","[1.627, 1.553, 1.82, 1.649, 1.495, 1.446, 3.025, 9.285]",2.5206,0.0,0.0,0.0,0.0,0.0,0.0,0.0,0.0,0.0,1.4458,8.0,0.4436,2.9382,2.8254,0.4701,1.2409,1.4458,"[[4.257, 0.0], [7.398, 0.0], [12.537, -0.131], [16.82, -0.131], [20.532, -0.261], [25.957, -0.261]]",0.0,-1.1648,1.1424,0.0,-0.2895,0.1811,3.0,0.0,ok,9.2851,0.0,0.0,0.0,0.0,0.0,0.0,0.0,0.0,0.0,a13c1966d657438094f1116fd27d2c1e,scene-0016,43
1.7234,2.6389,4.3469,1.188,1.6109,2.5516,0.0,0.0,1.0,0.0,0.0,1.0,0.0,0.0,0.3333333333333333,ok,straight,1.7234,2.7197,6.9404,1.188,1.8911,3.2468,False,"[-0.1958, -0.3916, -0.3916, -0.3264, -0.2611, -0.4569, -3.8512, -0.3916]","[-580.0961, -326.9324, -484.0086, -3140.8266, -8348.6803, -8875.4113, -20483.7555, -142581.9828]","[2.9897, 2.8908, 2.8233, -1003138.7723, -1008346.626, -1008873.357, -1020481.7652, -1142579.9925]","[3.247, 2.369, 2.608, 3.454, 3.435, 2.776, 4.108, 11.405]",2.7813,0.0,0.0,1.0,0.0,0.0,1.0,0.0,0.0,0.3333333333333333,2.3687,8.0,1.7234,2.6389,4.3469,1.188,1.5325,2.3687,"[[3.115, 0.0], [6.541, 0.131], [9.968, 0.131], [12.537, -0.653], [16.82, 0.522], [21.103, 0.392]]",0.0,0.0808,2.5935,0.0,0.3586,0.8782,3.0,0.0,ok,11.4052,0.0,0.0,0.0,0.0,0.0,0.0,0.0,0.0,0.0,40af6a4135e64e6496a3bde206fd5ed3,scene-0016,43
3.4083,4.6749,4.109,2.7218,3.6873,3.9807,0.0,0.0,0.0,0.0,0.0,0.0,0.0,0.0,0.0,ok,straight,3.4083,4.6749,4.1107,2.7218,3.6873,3.9334,True,"[-0.0, -0.0, -0.1305, -0.4569, -0.0, -0.4569, -0.2611, -0.1958]","[-50.1034, -371.9643, -461.7263, -308.7911, -742.0278, -3822.7568, -4746.2767, -1123397.7753]","[3.7278, 3.6237, 3.0017, 1.1895, -1000739.724, -1003820.5563, -1004744.0763, -2123395.5748]","[3.933, 4.029, 5.125, 4.135, 4.172, 3.837, 4.351, 14.203]",3.3206,0.0,0.0,0.0,0.0,0.0,0.0,0.0,0.0,0.0,3.8369,8.0,3.1228,4.6749,2.3143,3.0073,3.8301,3.8369,"[[3.686, 0.0], [7.398, 0.0], [11.11, 0.0], [15.393, 0.0], [19.104, 0.0], [23.387, 0.0]]",0.2855,0.0,1.7964,-0.2855,-0.1428,0.0965,1.0,0.0,ok,14.2032,0.0,0.0,0.0,0.0,0.0,0.0,0.0,0.0,0.0,134c7f63827c4b858a2a4ce0582d8f6e,scene-0017,43
1.3803,2.9194,4.0718,1.0807,1.7717,2.4583,0.0,0.0,0.0,0.0,0.0,0.0,0.0,0.0,0.0,ok,straight,0.2722,2.9194,4.0718,0.6692,1.5659,2.278,True,"[-0.1305, -0.0653, -0.0, -0.1305, -0.5222, -0.2611, -8.2899, -0.2611]","[-802.969, -1401.3443, -61.0333, -45.1671, -363.0372, -1659.3554, -14960.6128, -26568.448]","[2.7772, 2.7363, 2.5489, 2.5019, -1000361.5574, -1001657.5177, -1014959.133, -1026566.6103]","[2.278, 1.813, 2.107, 2.415, 3.705, 4.093, 4.463, 3.291]",0.9342,0.0,0.0,0.0,0.0,0.0,0.0,0.0,0.0,0.0,1.8127,8.0,0.2722,2.9194,2.762,0.6692,1.5659,1.8127,"[[4.542, 0.0], [7.112, 0.0], [12.537, -0.131], [16.82, -0.131], [20.532, -0.261], [24.815, -0.261]]",0.0,0.0,1.3098,0.0,0.0,0.4654,2.0,0.0,ok,4.4628,0.0,0.0,0.0,0.0,0.0,0.0,0.0,0.0,0.0,6609fa8733f14987ab840f3467c609e3,scene-0017,43
0.056,0.7148,1.6736,0.1787,0.3148,0.6391,0.0,0.0,0.0,0.0,0.0,0.0,0.0,0.0,0.0,ok,straight,0.6265,0.717,1.6736,0.464,0.458,0.7345,False,"[-0.0653, -0.0653, -0.5222, -0.5875, -0.0653, -0.3264, -0.0653, -0.5875]","[-71.029, -27.6788, -180.666, -144.8663, -532.8744, -3159.2593, -23782.9811, -84676.417]","[2.8303, 2.8299, 0.8628, 0.5839, -1000531.4944, -1003157.8793, -1023781.6011, -1084675.0389]","[0.735, 0.639, 0.398, 1.383, 0.938, 1.027, 2.604, 3.57]",1.033,0.0,0.0,0.0,0.0,0.0,0.0,0.0,0.0,0.0,0.3982,8.0,0.056,0.717,1.0104,0.1787,0.3153,0.3982,"[[3.115, 0.0], [5.97, 0.0], [9.682, 0.0], [12.823, 0.131], [15.393, 0.131], [18.248, 0.131]]",0.5705,0.0,0.6633,0.2852,0.1426,0.3364,2.0,0.0,ok,3.5704,0.0,0.0,0.0,0.0,0.0,0.0,0.0,0.0,0.0,8b66733250b94940b0e7477c8b182512,scene-0017,43
1.2006,3.4938,4.9288,0.7742,1.7489,2.8115,0.0,0.0,0.0,0.0,0.0,0.0,0.0,0.0,0.0,ok,straight,1.1968,3.7757,5.6415,1.0579,1.9612,3.0672,False,"[-0.8486, -0.8486, -0.9791, -1.2402, -4.1123, -0.0, -0.3264, -0.718]","[-85.7533, -86.0117, -59.5339, -63.3193, -735.5814, -1840.3447, -2005.8229, -293561.3736]","[3.3102, 3.2923, 3.1821, 2.9612, -1000732.9149, -1001837.6603, -1002003.1385, -1293558.6892]","[3.067, 2.973, 3.408, 3.494, 4.31, 2.207, 2.592, 8.693]",1.9252,0.0,0.0,0.0,0.0,0.0,0.0,0.0,0.0,0.0,2.2071,8.0,1.1968,3.7757,0.8394,1.0579,1.9612,2.2071,"[[1.687, 0.0], [2.544, 0.0], [3.686, 0.261], [5.685, 0.653], [6.827, 1.044], [7.398, 1.697]]",0.0,0.0,4.802,0.0,0.0,0.8601,3.0,0.0,ok,8.6931,0.0,0.0,0.0,0.0,0.0,0.0,0.0,0.0,0.0,14684fc1b81a43888b992d553add01cf,scene-0017,43
1.0508,1.1263,0.5919,0.9489,1.038,1.0079,0.0,0.0,0.0,0.0,0.0,0.0,0.0,0.0,0.0,ok,straight,1.0508,1.1263,0.5919,0.9489,1.1842,1.1054,False,"[-0.5222, -0.5222, -0.5875, -0.9138, -1.6319, -2.4152, -0.9138, -8.2899]","[-149.8596, -375.2035, -430.6216, -143.534, -1507.4715, -1912.6828, -5000.7213, -8046.2832]","[3.8683, 3.7777, 3.7305, 3.7117, -1001504.9558, -1001910.1736, -1004998.2056, -1008043.774]","[1.105, 1.014, 0.963, 1.523, 1.88, 1.998, 1.496, 3.685]",0.8294,0.0,0.0,0.0,0.0,0.0,0.0,0.0,0.0,0.0,0.9631,8.0,0.4809,1.1263,0.2823,0.6736,1.0465,0.9631,"[[1.687, 0.0], [3.115, 0.131], [5.113, 0.522], [5.97, 0.522], [7.398, 0.783], [8.254, 1.044]]",0.5699,0.0,0.3095,0.2753,0.1377,0.1423,2.0,0.0,ok,3.6853,0.0,0.0,1.0,0.0,0.0,1.0,0.0,0.0,0.16666666666666666,f0e4797551024f9487a016ee9d9e29e1,scene-0018,43
0.6834,0.4287,0.3555,0.6515,0.5917,0.5359,0.0,0.0,0.0,0.0,0.0,0.0,0.0,0.0,0.0,ok,left,0.6834,0.4039,0.3555,0.6515,0.5946,0.5378,False,"[1.2402, 1.7624, 1.5666, 8.2899, 1.2402, 8.2899, 8.2899, -1.0444]","[-85.7004, -4169.0037, -16768.3977, -23061.6933, -6465.7147, -24571.4038, -32614.503, -92797.426]","[0.1654, -1004169.0646, -1016768.4586, -1023061.7542, -2008921.5455, -2027027.2346, -2035070.3338, -2095253.2568]","[0.538, 1.521, 1.659, 3.461, 1.291, 3.836, 5.751, 4.572]",1.7206,0.0,0.0,0.0,0.0,0.0,0.0,0.0,0.0,0.0,0.5378,8.0,0.6834,0.4039,0.3555,0.6515,0.5946,0.5378,"[[1.687, 0.131], [3.115, 0.261], [4.542, 0.653], [5.97, 1.044], [6.827, 1.697], [9.111, 2.48]]",0.0,0.0,0.0,0.0,0.0,0.0,0.0,1.0,ok,5.7511,0.0,0.0,1.0,0.0,0.0,1.0,0.0,0.0,0.3333333333333333,e8dd2a90a84142b2aa1c42126d3f135b,scene-0018,43
3.5946,8.5149,16.3319,2.6284,4.8943,7.8992,0.0,0.0,0.0,0.0,0.0,0.0,0.0,0.0,0.0,ok,straight,3.5946,8.799,16.3319,2.6284,4.9653,7.9466,False,"[-0.0653, -0.6527, -0.0653, -0.5875, -0.0, -8.2899, -8.2899, -0.5222]","[-166.442, -90.6211, -879.6278, -8234.719, -14985.7898, -21183.0647, -27167.6538, -93775.73]","[4.0136, 3.8465, 3.7621, -1008232.2882, -1014983.3591, -1021180.4069, -1027164.996, -1093773.2993]","[7.947, 8.969, 8.233, 8.304, 6.996, 9.395, 8.813, 7.279]",0.7709,0.0,0.0,0.0,0.0,0.0,0.0,0.0,0.0,0.0,6.9964,8.0,5.0263,8.799,15.1825,3.487,5.3946,6.9964,"[[3.686, 0.0], [7.398, 0.0], [11.11, -0.131], [15.393, -0.131], [19.104, -0.131], [24.815, -0.131]]",-1.4317,0.0,1.1494,-0.8586,-0.4293,0.9501,2.0,0.0,ok,9.3949,0.0,0.0,0.0,0.0,0.0,0.0,0.0,0.0,0.0,9fbcde13d96b43a8aee0f76aee3bfc65,scene-0018,43
0.6232,0.5793,0.9539,0.4027,0.4682,0.5539,0.0,0.0,0.0,0.0,0.0,0.0,0.0,0.0,0.0,ok,right,0.4317,0.5003,0.9539,0.3069,0.4006,0.5408,True,"[1.5666, 1.3055, 2.4152, 1.5666, 2.4152, -0.5222, -0.8486, -8.2899]","[-45.6967, -347.2517, -102.4309, -78.354, -458.1789, -2238.4765, -4533.0218, -18726.571]","[1.8854, 1.7564, 1.6688, 1.4169, -1000457.7882, -1002237.6228, -1004532.6311, -1018725.7173]","[0.541, 0.549, 1.176, 0.573, 0.974, 1.49, 1.583, 3.612]",0.9519,0.0,0.0,0.0,0.0,0.0,0.0,0.0,0.0,0.0,0.5408,8.0,0.4317,0.5003,0.9539,0.3069,0.4006,0.5408,"[[1.116, 0.0], [2.258, -0.392], [3.686, -0.783], [5.113, -1.305], [5.685, -1.958], [6.541, -3.133]]",0.0,0.0,0.0,0.0,0.0,0.0,0.0,1.0,ok,3.6115,0.0,0.0,0.0,0.0,0.0,0.0,0.0,0.0,0.0,a6be1b51213443ba9991585f56a30c71,scene-0018,43
2.9256,4.8234,5.5089,2.233,3.3104,4.2538,0.0,0.0,0.0,0.0,0.0,0.0,0.0,0.0,0.0,ok,right,2.9256,5.3233,7.5989,2.233,3.4245,4.7239,False,"[0.3264, 0.3264, 0.5875, -0.0, 0.2611, 0.3916, 7.4413, -0.1958]","[-52.2447, -43.8639, -1415.66, -3938.4063, -8617.8435, -9801.6524, -13359.5065, -754089.9162]","[1.4378, 0.761, -1001414.2802, -1003937.7034, -1008617.1406, -1009800.2726, -1013358.8036, -1754088.5364]","[4.724, 4.598, 4.289, 4.162, 3.257, 5.234, 6.511, 10.388]",2.0797,0.0,0.0,0.0,0.0,0.0,0.0,0.0,0.0,0.0,3.257,8.0,2.3585,5.3773,4.0255,1.9464,3.2357,3.257,"[[4.542, 0.0], [9.111, -0.131], [13.965, -0.392], [18.248, -0.522], [22.245, -0.261], [26.814, -0.653]]",0.5671,-0.0541,3.5734,0.2866,0.1888,1.467,4.0,0.0,ok,10.388,0.0,0.0,0.0,0.0,0.0,0.0,0.0,0.0,0.0,d62b0f9db06440c695781c52ed71909a,scene-0035,43
1.8471,3.7115,5.0151,1.3082,2.103,2.7403,0.0,0.0,0.0,0.0,0.0,0.0,0.0,0.0,0.0,ok,straight,1.8471,2.2875,5.0151,1.3082,1.7537,2.5083,True,"[-0.8486, -0.8486, -1.5013, -1.0444, -0.9791, -1.5013, -1.1097, -1.436]","[-108.9315, -829.6468, -546.5016, -8601.8209, -10530.1053, -11581.3359, -43625.2386, -115195.5442]","[5.4543, 4.8554, -1000542.8709, -1008598.1902, -1010527.054, -1011578.2846, -1043621.6079, -1115192.4929]","[2.508, 2.741, 2.402, 3.615, 2.567, 2.475, 3.652, 4.927]",0.8328,0.0,0.0,0.0,0.0,0.0,0.0,0.0,0.0,0.0,2.4024,8.0,1.8471,2.2875,3.5031,1.3082,1.7537,2.4024,"[[3.686, 0.0], [6.827, -0.131], [10.539, -0.783], [14.25, -0.653], [17.391, -1.044], [19.39, -1.697]]",0.0,0.0,1.512,0.0,0.0,0.1058,2.0,0.0,ok,4.9275,0.0,0.0,0.0,0.0,0.0,0.0,0.0,0.0,0.0,d9d546a04a9a41d8984c39e7c53689b6,scene-0035,43
1.3924,3.2452,4.599,1.0367,2.0583,2.7465,0.0,0.0,0.0,0.0,0.0,0.0,0.0,0.0,0.0,ok,right,1.3924,3.2452,2.6396,1.0367,2.0583,2.4663,True,"[1.6971, 0.9791, 0.9791, 0.9138, 0.6527, 1.5013, 1.0444, 3.0679]","[-201.2003, -279.1875, -20.774, -1301.688, -2092.2677, -5382.6287, -111018.792, -816663.8492]","[2.4961, 1.5198, 1.4986, -1001300.1065, -1002090.664, -1005381.025, -1111017.1883, -1816662.2677]","[2.466, 2.41, 2.84, 2.555, 1.947, 2.142, 4.964, 9.933]",2.5291,0.0,0.0,0.0,0.0,0.0,0.0,0.0,0.0,0.0,1.9475,8.0,1.3924,2.0957,2.6918,1.0367,1.4125,1.9475,"[[4.257, -0.131], [8.54, -0.261], [12.537, -0.392], [16.82, -0.783], [21.389, -2.48], [27.956, -3.394]]",0.0,1.1496,-0.0522,0.0,0.6458,0.5188,3.0,0.0,ok,9.9331,0.0,0.0,0.0,0.0,0.0,0.0,0.0,0.0,0.0,3c4a042965874822affa98f7449566b6,scene-0035,43
4.8672,9.4457,14.8905,3.633,5.6804,8.3097,0.0,0.0,0.0,0.0,0.0,0.0,0.0,0.0,0.0,ok,straight,4.8672,8.0189,14.8905,3.633,5.3236,8.0719,True,"[-0.0653, -0.1958, -0.0, -0.0, -0.0653, -0.1958, -0.0653, -0.0653]","[-772.9429, -443.8808, -13511.3757, -242153.5756, -4990.7164, -6203.3424, -25302.9222, -819222.655]","[2.9715, 1.1373, -1013509.1491, -1242151.349, -2009175.3791, -2010388.0051, -2029487.5849, -2823407.3177]","[8.072, 6.318, 7.881, 12.171, 8.928, 9.072, 8.263, 13.223]",2.1588,0.0,0.0,0.0,0.0,0.0,0.0,0.0,0.0,0.0,6.3175,8.0,4.8672,8.0189,8.8915,3.633,5.3236,6.3175,"[[3.686, 0.0], [7.398, 0.0], [12.537, 0.0], [16.82, -0.131], [18.248, -0.131], [21.96, -0.131]]",0.0,0.0,5.9989,0.0,0.0,1.7543,2.0,0.0,ok,13.2225,0.0,0.0,0.0,0.0,0.0,0.0,0.0,0.0,0.0,5f15115414584a23bdc0d0982c46e264,scene-0035,43
2.0873,4.0219,7.1326,1.5462,2.5767,3.4491,0.0,0.0,0.0,0.0,0.0,0.0,0.0,0.0,0.0,ok,straight,2.0873,4.0219,7.1298,1.5462,2.5767,3.7811,False,"[-0.0653, -0.0653, -0.0653, -1.8277, -1.1749, -0.8486, -0.0653, -0.0653]","[-10.971, -266.1474, -1644.6211, -7343.8687, -9055.6394, -10014.9901, -10162.1568, -70887.0302]","[4.5498, 4.4874, -1001641.4059, -1007340.7042, -1009052.4749, -1010011.7749, -1010158.9415, -1070883.8657]","[3.781, 3.638, 5.21, 3.615, 3.326, 4.473, 4.356, 6.214]",0.9113,0.0,0.0,0.0,0.0,0.0,0.0,0.0,0.0,0.0,3.3258,8.0,2.094,4.0219,3.2602,1.1158,2.3616,3.3258,"[[3.686, 0.0], [7.398, 0.0], [11.11, 0.0], [15.107, 0.0], [18.819, -0.131], [21.96, -0.131]]",-0.0067,0.0,3.8696,0.4304,0.2152,0.4553,3.0,0.0,ok,6.2139,0.0,0.0,0.0,0.0,0.0,0.0,0.0,0.0,0.0,e1b5c775be134db696ce22413d195c72,scene-0036,43
5.3037,10.2522,15.6894,4.159,6.5304,9.2738,0.0,0.0,0.0,0.0,0.0,0.0,0.0,0.0,0.0,ok,straight,5.3037,10.2522,15.6894,4.159,6.5304,8.9406,True,"[-0.0653, -0.0653, -0.5222, -0.1305, -0.2611, -0.0653, -0.3916, -2.0235]","[-202.9034, -692.9436, -641.9322, -1955.5349, -3267.8178, -5627.1209, -8929.9569, -114372.5867]","[4.3247, 3.3863, -1000638.6676, -1001953.1956, -1003265.4785, -1005623.8563, -1008927.6176, -1114369.3222]","[8.941, 8.941, 10.609, 9.28, 8.802, 8.751, 8.373, 10.424]",0.7611,0.0,0.0,0.0,0.0,0.0,0.0,0.0,0.0,0.0,8.3734,8.0,5.3037,9.397,9.4268,4.159,6.5308,8.3734,"[[2.258, 0.0], [5.113, 0.0], [7.398, 0.0], [9.682, -0.131], [13.108, -0.131], [14.822, -0.131]]",0.0,0.8552,6.2626,0.0,-0.0003,0.5673,3.0,0.0,ok,10.6092,0.0,0.0,0.0,0.0,0.0,0.0,0.0,0.0,0.0,125a63c9e5b14ebfb5839143c88e3a44,scene-0036,43
3.9006,8.3166,12.9641,3.1942,5.4439,7.5208,0.0,0.0,0.0,0.0,0.0,0.0,0.0,0.0,0.0,ok,straight,3.9006,8.3166,12.9641,3.1942,5.4439,7.5208,False,"[-0.0653, -0.1305, -0.0653, -0.0653, -0.1305, -0.2611, -0.1305, -0.3916]","[-195.9116, -1799.8757, -1856.2459, -3549.3031, -8701.1858, -20007.9181, -1112312.5159, -1249043.2789]","[3.647, -1001797.8507, -1001854.2208, -1003547.0751, -1008698.9578, -1020005.6901, -2112310.4909, -2249041.2538]","[7.521, 8.568, 7.997, 7.188, 8.331, 9.092, 13.815, 15.387]",2.8884,0.0,0.0,0.0,0.0,0.0,0.0,0.0,0.0,0.0,7.1883,8.0,3.9006,8.3166,14.1063,3.1942,5.4439,7.1883,"[[3.115, 0.0], [6.256, 0.0], [8.54, 0.0], [12.252, -0.131], [15.107, -0.131], [17.391, -0.131]]",0.0,0.0,-1.1421,0.0,0.0,0.3324,1.0,0.0,ok,15.3867,0.0,0.0,0.0,0.0,0.0,0.0,0.0,0.0,0.0,568a082ce58a4b4e81df3974e7ff34de,scene-0036,43
2.7967,3.687,6.7832,1.8537,2.5349,3.5299,0.0,0.0,0.0,0.0,0.0,0.0,0.0,0.0,0.0,ok,straight,2.7967,3.687,6.7832,1.8537,2.5349,3.5299,False,"[-0.0, -0.7833, -0.0, -0.0, -0.1958, -0.1958, -0.3264, -5.7442]","[-158.6797, -610.2584, -989.1262, -590.1133, -2362.1712, -2851.3111, -7837.746, -866813.9211]","[3.8794, 3.4533, 3.0414, -1000587.1098, -1002360.0029, -1002848.3077, -1007835.5777, -1866811.7528]","[3.53, 4.171, 3.531, 2.278, 2.328, 3.295, 3.283, 11.385]",2.7697,0.0,0.0,0.0,0.0,0.0,0.0,0.0,0.0,0.0,2.2784,8.0,2.7967,3.687,0.3604,1.8537,2.5349,2.2784,"[[3.686, 0.0], [7.398, 0.0], [12.537, 0.0], [16.82, 0.0], [20.818, 0.0], [23.387, 0.0]]",0.0,0.0,6.4228,0.0,0.0,1.2515,4.0,0.0,ok,11.3847,0.0,0.0,0.0,0.0,0.0,0.0,0.0,0.0,0.0,63da0bd557fe4de0bd2b76c77e9f7fa3,scene-0036,43
0.6185,0.4639,0.6346,0.3367,0.4071,0.4068,0.0,0.0,0.0,0.0,0.0,0.0,0.0,0.0,0.0,ok,left,0.6185,0.318,1.201,0.3367,0.3706,0.4769,False,"[2.2846, 2.5457, 2.611, -8.2899, 2.2846, 1.2402, 8.2899, 1.8277]","[-153.0732, -4040.1932, -83954.0118, -188068.7242, -5533.677, -8602.3484, -26962.007, -57572.4122]","[1.6203, -1004039.5092, -1083953.3278, -1188068.0402, -2010385.9167, -2013454.588, -2031814.2466, -2062424.6518]","[0.477, 1.087, 3.318, 8.369, 1.301, 3.174, 5.326, 3.705]",2.4193,0.0,0.0,0.0,0.0,0.0,0.0,0.0,0.0,0.0,0.4769,8.0,0.6185,0.318,1.201,0.3367,0.3706,0.4769,"[[2.544, 0.131], [4.542, 0.653], [7.398, 1.697], [11.11, 2.48], [13.679, 3.786], [15.393, 4.569]]",0.0,0.0,0.0,0.0,0.0,0.0,0.0,1.0,ok,8.3688,0.0,0.0,0.0,0.0,0.0,0.0,0.0,0.0,0.0,0f39f34febc84a6689f08599105d1421,scene-0038,43
1.7382,4.4915,6.0844,1.3345,2.5726,3.5919,0.0,0.0,0.0,0.0,0.0,0.0,0.0,0.0,0.0,ok,straight,1.7382,3.9209,7.7973,1.3345,2.2873,3.8299,False,"[-0.0653, -0.0653, -0.0653, -0.1958, -0.2611, -0.1958, -0.3264]","[-27.4368, -106.3154, -236.6167, -92.9906, -130.4762, -1497.6435, -5084.3382]","[3.859, 3.8227, 3.7377, 2.4862, 1.8064, -1001495.4022, -1005082.1064]","[3.83, 4.02, 4.212, 4.64, 3.647, 4.448, 3.748]",0.3445,0.0,0.0,0.0,0.0,0.0,0.0,0.0,0.0,0.0,3.6471,7.0,2.5943,3.9209,6.4153,1.9052,2.5726,3.6471,"[[3.115, 0.0], [6.541, 0.0], [9.682, 0.0], [12.823, 0.0], [15.393, -0.131], [18.248, -0.131]]",-0.856,0.0,1.382,-0.5707,-0.2854,0.1829,2.0,0.0,ok,4.6402,0.0,0.0,0.0,0.0,0.0,0.0,0.0,0.0,0.0,3f649706222f4d83aa0a8a1b687f29fa,scene-0038,43
3.4939,5.8767,9.6344,2.7655,4.2763,5.6171,0.0,0.0,0.0,0.0,0.0,0.0,0.0,0.0,0.0,ok,straight,4.9214,5.8767,9.0695,4.0504,4.9188,5.9513,False,"[-0.0, -0.0, -0.1305, -1.5013, -0.8486, -0.1958, -0.0, -0.2611]","[-32.245, -180.1838, -375.8492, -573.1639, -689.6152, -1366.5904, -3457.6503, -15921.425]","[3.9161, 3.8745, 3.576, -1000570.5433, -1000686.9823, -1001363.9698, -1003455.0174, -1015918.7921]","[5.951, 5.523, 5.165, 5.091, 5.459, 6.147, 6.049, 6.764]",0.5272,0.0,0.0,0.0,0.0,0.0,0.0,0.0,0.0,0.0,5.0914,8.0,3.4939,5.8767,7.0585,2.7655,4.2763,5.0914,"[[1.973, 0.0], [4.828, 0.0], [8.54, 0.0], [12.252, 0.0], [15.393, 0.0], [17.391, 0.0]]",1.4275,0.0,2.0111,1.2848,0.6424,0.8599,4.0,0.0,ok,6.7636,0.0,0.0,0.0,0.0,0.0,0.0,0.0,0.0,0.0,e73a59216865449ab48d31a0880664aa,scene-0038,43
3.2224,5.6046,9.7583,2.4118,3.7463,5.4787,0.0,0.0,0.0,0.0,0.0,0.0,0.0,0.0,0.0,ok,right,3.2224,6.2319,9.9958,2.4118,3.9031,5.6228,False,"[1.5666, 1.5666, 2.0235, -3.1332, 7.6372, -1.1097, 0.9791, 1.3055]","[-19.5539, -75.4751, -1483.4092, -3751.7453, -3758.6998, -5118.0442, -10591.2016, -120541.3617]","[2.0517, 1.1315, -1001481.8986, -1003751.1534, -1003758.1079, -1005117.4523, -1010589.6909, -1120539.8511]","[5.623, 5.817, 4.518, 7.067, 5.904, 6.793, 6.777, 8.354]",1.0768,0.0,0.0,0.0,0.0,0.0,0.0,0.0,0.0,0.0,4.5184,8.0,3.2224,6.2319,6.5989,2.4118,3.9031,4.5184,"[[2.544, -0.131], [5.113, -0.392], [7.969, -0.914], [10.539, -1.567], [12.823, -2.48], [15.393, -3.133]]",0.0,0.0,3.3969,0.0,0.0,1.1044,1.0,0.0,ok,8.3543,0.0,0.0,0.0,0.0,0.0,0.0,0.0,0.0,0.0,5bb77a2ff3d44094b691ba239cbab83a,scene-0038,43
2.2913,6.8789,12.0655,1.5664,3.6802,5.9924,0.0,0.0,0.0,0.0,0.0,0.0,0.0,0.0,0.0,ok,straight,2.2913,6.8789,14.0622,1.5664,3.6802,6.5627,False,"[-0.0, -0.0653, -0.0653, -0.4569, -0.1305, -0.4569, -2.4152, -0.1305]","[-164.1979, -33.3991, -228.5578, -423.4999, -607.4042, -2201.9483, -5133.2345, -12966.9092]","[4.2276, 4.1724, 1.6249, 1.0598, -1000604.4016, -1002201.4468, -1005132.7329, -1012963.9066]","[6.563, 5.992, 6.091, 6.715, 6.135, 5.289, 5.212, 4.863]",0.6237,0.0,0.0,0.0,0.0,0.0,0.0,0.0,0.0,0.0,4.8627,8.0,2.2913,6.8789,11.7834,1.5664,3.6802,4.8627,"[[2.829, 0.0], [5.399, 0.0], [7.398, -0.131], [9.968, -0.131], [11.11, 0.0], [12.823, 0.0]]",0.0,0.0,2.2788,0.0,0.0,1.7001,6.0,0.0,ok,6.7149,0.0,0.0,0.0,0.0,0.0,0.0,0.0,0.0,0.0,15c59626df6b4f96bb7ef7c5c1797159,scene-0039,43
2.6474,6.3513,9.1455,1.6816,3.1425,5.0577,0.0,0.0,0.0,0.0,0.0,0.0,0.0,0.0,0.0,ok,straight,2.6474,4.9238,8.2889,1.6816,3.1424,4.7741,True,"[-0.0, -0.0653, -0.0, -0.3264, -0.0653, -0.0, -0.3916, -0.0653]","[-815.8104, -678.6338, -677.1835, -428.2116, -705.896, -1203.5911, -2408.4745, -37299.8647]","[3.9979, 3.5593, 3.3334, 1.7799, -1000703.7536, -1001200.7727, -1002406.3321, -1037297.7223]","[4.774, 3.078, 5.584, 4.258, 5.299, 5.153, 5.495, 9.418]",1.7083,0.0,0.0,0.0,0.0,0.0,0.0,0.0,0.0,0.0,3.078,8.0,2.6474,4.9238,2.8654,1.6816,3.1424,3.078,"[[4.257, 0.0], [8.54, 0.0], [12.537, 0.0], [18.248, 0.0], [21.674, 0.392], [27.385, 0.0]]",0.0,0.0,5.4235,0.0,0.0,1.6961,2.0,0.0,ok,9.4181,0.0,0.0,0.0,0.0,0.0,0.0,0.0,0.0,0.0,821df5bcd0744d7280b23e6284fb8396,scene-0039,43
4.8796,9.4457,13.0635,3.7553,6.0065,8.1272,0.0,0.0,0.0,0.0,0.0,0.0,0.0,0.0,0.0,ok,straight,4.8796,8.3036,7.9213,3.7553,5.7209,6.4173,True,"[-0.0, -0.1305, -0.1305, -0.2611, -0.3264, -0.0, -0.1958, -0.0653]","[-250.2496, -499.0553, -817.1833, -248.9741, -251.6673, -1118.3822, -1480.4803, -7621.4197]","[3.5785, 2.2893, 2.1267, 1.2135, 0.5943, -1001116.6368, -1001478.7349, -1007619.6476]","[6.417, 7.937, 7.605, 8.461, 7.655, 8.082, 6.94, 8.175]",0.6352,0.0,0.0,0.0,0.0,0.0,0.0,0.0,0.0,0.0,6.4173,8.0,4.8796,8.3036,7.9213,3.7553,5.7209,6.4173,"[[3.115, 0.0], [6.541, 0.0], [9.968, -0.131], [14.25, -0.131], [20.247, -0.653], [25.101, 0.0]]",0.0,0.0,0.0,0.0,0.0,0.0,0.0,1.0,ok,8.4613,0.0,0.0,0.0,0.0,0.0,0.0,0.0,0.0,0.0,eb0676ccc9bd45149ae65119cb8d5e7b,scene-0039,43
0.1046,2.0407,5.5753,0.074,0.9559,2.0026,0.0,0.0,0.0,0.0,0.0,0.0,0.0,0.0,0.0,ok,straight,0.1046,2.0407,5.5753,0.074,0.9559,1.9555,True,"[-0.3916, -1.5666, -0.3916, -1.1097, -0.4569, -8.2899, -8.2899, -0.4569]","[-403.8362, -793.6591, -2301.3331, -3022.0437, -3071.5368, -10263.7883, -11238.2537, -99990.3409]","[3.4516, 3.3421, -1002298.8001, -1003019.7698, -1003069.2628, -1010261.5144, -1011235.7207, -1099987.8079]","[1.956, 2.891, 2.754, 2.18, 1.402, 3.821, 4.619, 4.364]",1.0923,0.0,0.0,0.0,0.0,0.0,0.0,0.0,0.0,0.0,1.4021,8.0,0.1046,2.0407,3.8645,0.074,0.9559,1.4021,"[[4.257, 0.0], [8.54, 0.131], [13.965, 0.131], [18.248, 0.392], [22.245, 0.783], [29.098, 0.783]]",0.0,0.0,1.7108,0.0,0.0,0.5534,1.0,0.0,ok,4.6193,0.0,0.0,0.0,0.0,0.0,0.0,0.0,0.0,0.0,f69afa3eed11447eb559f49c325f02d7,scene-0039,43
1.8453,4.6725,6.8207,1.3201,2.7658,3.9185,0.0,0.0,0.0,0.0,0.0,0.0,0.0,0.0,0.0,ok,straight,1.8453,4.958,6.8207,1.3201,2.8372,3.9661,False,"[-0.0653, -0.0653, -0.4569, -0.2611, -0.0, -0.0653, -0.2611, -0.5222]","[-21.9803, -443.3362, -767.6766, -2812.1114, -7662.3753, -22357.5089, -63260.6754, -550574.0381]","[3.8118, 3.8095, -1000765.1167, -1002809.5515, -2010028.039, -2024723.1726, -2065626.3392, -2552939.7019]","[3.966, 4.88, 6.349, 5.442, 2.796, 3.458, 3.747, 18.119]",4.6695,0.0,0.0,0.0,0.0,0.0,0.0,0.0,0.0,0.0,2.7956,8.0,1.8453,2.7538,7.9646,1.3201,2.0757,2.7956,"[[4.542, 0.0], [9.396, 0.0], [14.25, -0.131], [19.104, -0.131], [23.387, -0.131], [27.956, -0.131]]",0.0,2.2042,-1.144,0.0,0.7615,1.1705,3.0,0.0,ok,18.1192,0.0,0.0,0.0,0.0,0.0,0.0,0.0,0.0,0.0,8e46878ced734164aae0e83567aa02a5,scene-0092,43
1.0521,1.813,2.2309,0.7773,1.1765,1.4966,0.0,0.0,0.0,0.0,0.0,0.0,0.0,0.0,0.0,ok,straight,1.0521,1.813,6.8,0.7773,1.1765,2.4977,False,"[-0.0, -0.1305, -0.1305, -0.1305, -0.1305, -0.1958, -3.4596, -0.1958]","[-56.381, -16.3221, -101.3483, -424.2785, -84087.6605, -126616.0611, -143503.283, -157045.5499]","[3.3661, 3.2483, 3.2471, 3.209, -1084085.7815, -1126614.1821, -1143501.3709, -1157043.6709]","[2.498, 1.497, 1.797, 1.451, 9.351, 8.687, 8.798, 8.862]",3.5738,0.0,0.0,0.0,0.0,0.0,0.0,0.0,0.0,0.0,1.4511,8.0,0.2089,1.813,2.2309,0.641,1.1084,1.4511,"[[4.257, 0.0], [8.54, 0.0], [12.537, -0.131], [16.82, -0.131], [22.245, 0.131], [29.384, 0.0]]",0.8432,0.0,4.5691,0.1363,0.0681,1.0466,3.0,0.0,ok,9.3509,0.0,0.0,0.0,0.0,0.0,0.0,0.0,0.0,0.0,0b47858110f442afa33226467f596df7,scene-0092,43
0.922,1.8243,2.6958,0.6953,1.1584,1.5398,0.0,0.0,0.0,0.0,0.0,0.0,0.0,0.0,0.0,ok,straight,0.922,1.8243,2.6958,0.6953,1.1581,1.5396,True,"[-0.0653, -0.0653, -0.1305, -0.0653, -0.6527, -1.5666, -0.1305, -0.0]","[-43.8336, -739.0794, -799.3952, -2250.8716, -13691.3093, -18521.5728, -24628.0617, -92043.9112]","[3.3379, -1000736.2303, -1000796.5461, -1002248.0225, -1013689.1638, -1018519.4274, -1024625.2126, -1092041.7657]","[1.54, 1.246, 1.365, 1.112, 4.008, 2.88, 1.972, 4.335]",1.1978,0.0,0.0,0.0,0.0,0.0,0.0,0.0,0.0,0.0,1.1118,8.0,0.2239,1.6045,2.6958,0.2037,0.5163,1.1118,"[[4.257, 0.0], [8.54, 0.0], [12.537, 0.0], [16.82, -0.131], [20.532, -0.131], [24.815, -0.131]]",0.6981,0.2198,0.0,0.4916,0.6418,0.4278,3.0,0.0,ok,4.3349,0.0,0.0,0.0,0.0,0.0,0.0,0.0,0.0,0.0,47d74378d3e04fa6bb3132928c0f9fa4,scene-0092,43
1.7691,2.1335,1.7668,1.5358,1.7728,1.8162,0.0,0.0,0.0,0.0,0.0,0.0,0.0,0.0,0.0,ok,straight,1.7691,1.8548,4.9097,1.5358,1.7039,2.5496,False,"[-0.0653, -0.1305, -0.1305, -0.1305, -0.2611, -0.1958, -0.5222, -0.4569]","[-219.4423, -16.095, -15.1078, -16.0343, -146.5002, -1106.1664, -1776.7549, -27530.2445]","[4.609, 4.2141, 3.4808, 3.4807, 3.3644, -1001103.0587, -1001774.3806, -1027527.8702]","[2.55, 1.77, 1.786, 1.816, 1.821, 1.943, 1.494, 3.832]",0.7031,0.0,0.0,0.0,0.0,0.0,0.0,0.0,0.0,0.0,1.4942,8.0,1.7691,2.1335,0.7719,1.5358,1.7728,1.4942,"[[4.257, 0.0], [8.54, -0.131], [12.537, 0.0], [16.535, 0.0], [22.245, 0.653], [27.956, -0.131]]",0.0,-0.2786,4.1378,0.0,-0.0689,1.0555,6.0,0.0,ok,3.8322,0.0,0.0,0.0,0.0,0.0,0.0,0.0,0.0,0.0,a9e6b3566fcd4effb8847e22a2a4577e,scene-0092,43
2.1746,3.6293,6.6966,1.7768,2.4512,3.5741,0.0,0.0,0.0,0.0,0.0,0.0,0.0,0.0,0.0,ok,right,2.1746,3.6293,6.2067,1.7768,2.4512,3.3959,True,"[0.3916, 0.1305, 0.1305, 0.3916, 2.2193, 0.0653, 0.2611]","[-67.1731, -70.442, -1268.1966, -4206.1833, -5801.7486, -7833.5399, -9675.7605]","[0.7284, 0.3581, -1001266.3574, -1004206.4269, -1005801.9922, -1007831.7007, -1009673.9212]","[3.396, 3.664, 3.271, 3.573, 3.104, 3.074, 3.55]",0.2166,0.0,0.0,0.0,0.0,0.0,0.0,0.0,0.0,0.0,3.0739,7.0,2.1746,1.8419,9.8928,1.7768,1.8627,3.0739,"[[1.687, 0.0], [3.686, 0.0], [5.97, -0.131], [7.683, -0.131], [9.682, -0.392], [10.539, -0.783]]",0.0,1.7875,-3.6862,0.0,0.5885,0.322,3.0,0.0,ok,3.6637,0.0,0.0,0.0,0.0,0.0,0.0,0.0,0.0,0.0,6e0955c28ecb405b98d91b089761dbbb,scene-0093,43
0.9095,0.3214,1.6055,0.8889,0.731,0.8238,0.0,0.0,0.0,0.0,0.0,0.0,0.0,0.0,0.0,ok,straight,0.9095,0.3214,3.9411,0.8889,0.731,1.6098,False,"[-0.2611, -0.5875, -0.0653, -0.5875, -3.8512, -1.0444, -0.3916, -1.3708]","[-221.5845, -84.5541, -1106.9019, -2654.5182, -5430.0006, -16813.667, -20489.3429, -915513.5212]","[4.119, 3.8332, -1001104.1528, -1002651.7691, -1005427.2515, -1016810.9179, -1020486.2889, -1915510.4672]","[1.61, 0.759, 1.524, 1.248, 2.727, 1.994, 3.496, 9.283]",2.5687,0.0,0.0,0.0,0.0,0.0,0.0,0.0,0.0,0.0,0.7587,8.0,0.9095,0.3214,1.2927,0.8889,0.731,0.7587,"[[3.686, -0.131], [7.398, -0.131], [11.11, -0.261], [14.25, -0.522], [15.964, -0.131], [19.104, -0.522]]",0.0,0.0,2.6484,0.0,0.0,0.8511,3.0,0.0,ok,9.2834,0.0,0.0,0.0,0.0,0.0,0.0,0.0,0.0,0.0,7a903ae4cbb0466093fc117258a31efc,scene-0093,43
0.8541,2.7897,4.6988,0.8148,1.4212,2.2959,0.0,0.0,0.0,0.0,0.0,0.0,0.0,0.0,0.0,ok,straight,1.1448,2.7897,4.6988,0.9601,1.4939,2.391,False,"[-0.1305, -0.1305, -0.0, -0.3264, -0.0653, -0.0653, -0.0653, -0.2611]","[-133.649, -55.092, -1056.7884, -1425.6271, -3289.666, -14991.1937, -169394.6775, -802541.0047]","[2.5769, 2.5611, -1001054.7006, -1001423.5231, -1003287.5782, -1014989.0897, -1169392.5896, -1802538.9007]","[2.391, 2.343, 2.44, 1.749, 1.821, 2.743, 9.057, 9.003]",2.9527,0.0,0.0,0.0,0.0,0.0,0.0,0.0,0.0,0.0,1.7492,8.0,1.1448,2.7897,0.2517,0.9601,1.4939,1.7492,"[[4.257, 0.0], [7.969, 0.0], [12.537, -0.131], [16.249, -0.131], [20.532, -0.261], [24.53, -0.261]]",0.0,0.0,4.4471,0.0,0.0,0.6418,3.0,0.0,ok,9.0574,0.0,0.0,0.0,0.0,0.0,0.0,0.0,0.0,0.0,349fc724f9d84aeca8afe4af49d05986,scene-0093,43
7.6537,14.4375,22.1082,5.8229,9.1683,12.8876,0.0,0.0,0.0,0.0,0.0,0.0,0.0,0.0,0.0,ok,straight,7.6537,13.5822,23.2503,5.8229,8.9546,12.8404,True,"[-0.0653, -0.0653, -0.0653, -0.0653, -0.1305, -0.1305, -0.1958, -0.0]","[-160.9477, -164.537, -5.4719, -551.7627, -614.7088, -827.5315, -6028.11, -9519.6506]","[4.8035, 4.8024, 3.5979, -1000549.2727, -1000612.2188, -1000823.7891, -1006025.62, -1009515.9082]","[12.84, 12.65, 12.745, 12.555, 11.698, 11.936, 11.27, 11.556]",0.5724,0.0,0.0,0.0,0.0,0.0,0.0,0.0,0.0,0.0,11.2698,8.0,7.6537,14.152,12.3997,5.8229,9.0969,11.2698,"[[2.258, 0.0], [4.257, 0.0], [5.97, -0.261], [8.254, 0.0], [9.111, -0.392], [9.111, -0.131]]",0.0,-0.5698,10.8506,0.0,-0.1423,1.5706,7.0,0.0,ok,12.8404,0.0,0.0,0.0,0.0,0.0,0.0,0.0,0.0,0.0,11514e9bc4184a1f8bcdc1fe7aafad2d,scene-0093,43
2.1254,2.9421,4.8582,1.6162,2.3435,3.0043,0.0,0.0,0.0,0.0,0.0,0.0,0.0,0.0,0.0,ok,straight,1.8404,0.0883,1.9987,1.7591,1.4887,1.3877,True,"[-0.0653, -0.1305, -0.1305, -0.9791, -8.2899, -0.4569, -0.0, -0.3916]","[-764.7714, -224.5919, -2757.4659, -3023.4082, -16753.1549, -99815.9163, -155358.0323, -713439.0129]","[3.8407, 3.8185, -1002754.6298, -1003020.5721, -1016750.3188, -1099813.0801, -1155355.1962, -1713436.1767]","[1.388, 3.29, 2.577, 2.298, 5.151, 5.741, 8.526, 9.076]",2.6992,0.0,0.0,0.0,0.0,0.0,0.0,0.0,0.0,0.0,1.3877,8.0,1.8404,0.0883,1.9987,1.7591,1.4887,1.3877,"[[3.686, 0.0], [8.825, 0.0], [13.394, -0.261], [19.676, -0.131], [24.244, -0.131], [31.382, -0.131]]",0.0,0.0,0.0,0.0,0.0,0.0,0.0,1.0,ok,9.0763,0.0,0.0,0.0,0.0,0.0,0.0,0.0,0.0,0.0,19ffc60b7e9f429cbca0dbd5e2fc2e03,scene-0094,43
0.6963,1.4234,2.9609,0.5331,0.9261,1.4786,0.0,0.0,0.0,0.0,0.0,0.0,0.0,0.0,0.0,ok,straight,0.6963,1.9944,1.0443,0.5331,1.0689,1.0632,True,"[-0.0, -0.1305, -0.1305, -0.1305, -0.0653, -0.0653, -0.1305, -0.2611]","[-49.724, -62.0939, -2086.1506, -3259.4815, -6042.7877, -6703.996, -14391.7637, -111991.3466]","[3.8204, 1.9847, -1002084.4558, -1003257.7868, -1006041.093, -1006702.3013, -1014390.0532, -1111989.6361]","[1.063, 1.195, 1.245, 1.808, 2.898, 1.576, 2.03, 8.25]",2.2395,0.0,0.0,0.0,0.0,0.0,0.0,0.0,0.0,0.0,1.0632,8.0,0.6963,1.9944,1.0443,0.5331,1.0689,1.0632,"[[4.257, 0.0], [8.54, -0.131], [12.537, -0.131], [16.249, -0.131], [21.103, -0.131], [27.385, 0.0]]",0.0,0.0,0.0,0.0,0.0,0.0,0.0,1.0,ok,8.2505,0.0,0.0,0.0,0.0,0.0,0.0,0.0,0.0,0.0,ac22e12d11f84b6a98faa260bdaa64ff,scene-0094,43
0.7688,2.134,6.3582,0.5725,1.2316,2.4858,0.0,0.0,0.0,0.0,0.0,0.0,0.0,0.0,0.0,ok,straight,0.7688,2.134,5.2164,0.5725,1.2316,2.2955,True,"[-0.1305, -0.1305, -0.1305, -0.0653, -0.5222, -0.3264, -0.1305, -0.2611]","[-54.9364, -279.8095, -226.9725, -991.8607, -2333.6417, -2513.1584, -10617.9885, -155370.0927]","[3.3019, 3.2974, 3.2973, -1000989.5615, -1002331.3425, -1002510.8579, -1010615.6893, -1155367.7922]","[2.295, 2.643, 2.676, 2.297, 1.941, 2.031, 2.989, 9.813]",2.4697,0.0,0.0,0.0,0.0,0.0,0.0,0.0,0.0,0.0,1.9411,8.0,2.193,2.134,4.1768,1.7147,1.8027,1.9411,"[[3.686, 0.0], [7.398, -0.131], [11.11, -0.131], [14.25, -0.131], [18.248, -0.131], [22.245, -0.261]]",-1.4242,0.0,1.0396,-1.1422,-0.5711,0.3543,2.0,0.0,ok,9.8127,0.0,0.0,0.0,0.0,0.0,0.0,0.0,0.0,0.0,894616d89edf41b8bbfd542a150e8fbd,scene-0094,43
1.9936,4.6293,6.9178,1.5077,2.8405,3.9973,0.0,0.0,0.0,0.0,0.0,0.0,0.0,0.0,0.0,ok,straight,1.9936,4.6293,6.9178,1.5077,2.8405,3.9973,False,"[-0.0, -0.0, -0.0653, -0.0653, -0.1305, -0.0653, -0.3916, -0.0653]","[-58.9952, -117.412, -239.9499, -1515.1575, -1959.2337, -2773.2371, -3145.2153, -13624.1603]","[4.5966, 4.291, 3.707, -1001512.3689, -1001956.1534, -1002770.4485, -1003142.135, -1013621.08]","[3.997, 3.617, 2.667, 3.094, 3.855, 5.046, 3.585, 4.331]",0.6829,0.0,0.0,0.0,0.0,0.0,0.0,0.0,0.0,0.0,2.6674,8.0,1.9936,3.7766,2.9268,1.5077,2.2705,2.6674,"[[2.258, 0.0], [4.257, 0.0], [6.827, 0.0], [8.54, 0.0], [10.253, 0.0], [11.966, 0.0]]",0.0,0.8527,3.991,0.0,0.57,1.3299,5.0,0.0,ok,5.0457,0.0,0.0,1.0,0.0,0.0,1.0,0.0,0.0,0.16666666666666666,5e75205506604b6a992c08ce91a92d22,scene-0094,43
1.1161,2.5437,3.4003,0.6878,1.4016,1.9251,0.0,0.0,0.0,0.0,0.0,0.0,0.0,0.0,0.0,ok,straight,1.6871,2.5437,3.4003,1.2588,1.6871,2.1154,False,"[-0.0, -0.0, -0.0653, -0.0653, -0.0, -0.0, -0.0653, -0.4569]","[-162.7377, -519.6963, -96.0386, -234.7441, -737.5478, -1425.1999, -2658.136, -3487.0114]","[3.4252, 3.1249, 3.0313, 2.9146, -1000735.5285, -1001423.1806, -1002656.1166, -1003484.9921]","[2.115, 2.972, 2.544, 2.449, 2.496, 2.496, 2.354, 2.983]",0.2758,0.0,0.0,0.0,0.0,0.0,0.0,0.0,0.0,0.0,2.1154,8.0,1.6871,2.5437,3.4003,1.2588,1.6871,2.1154,"[[0.831, 0.0], [1.687, 0.0], [1.687, 0.0], [2.544, 0.0], [2.544, 0.0], [3.4, 0.0]]",0.0,0.0,0.0,0.0,0.0,0.0,0.0,1.0,ok,2.9826,0.0,1.0,1.0,0.0,1.0,1.0,0.0,0.5,0.6666666666666666,78be3bd5f1f146cdb1b7120bbf8a218c,scene-0095,43
1.1161,2.5437,3.4003,0.6878,1.4016,2.0678,0.0,0.0,0.0,0.0,0.0,0.0,0.0,0.0,0.0,ok,straight,1.1161,2.5437,3.4003,0.6878,1.4016,2.0678,False,"[-0.0, -0.0, -0.0, -0.0, -0.0, -0.0, -0.0, -0.3916]","[-34.7372, -332.5778, -406.3752, -542.0071, -634.6767, -1065.8359, -1251.2152, -1794.5551]","[4.4416, 3.8864, 3.7488, 3.496, 3.3227, -1001063.1206, -1001248.4999, -1001791.8397]","[2.068, 2.353, 1.925, 1.83, 2.688, 2.639, 2.258, 3.596]",0.5303,0.0,0.0,0.0,0.0,0.0,0.0,0.0,0.0,0.0,1.8299,8.0,1.1161,2.5437,3.6858,0.6878,1.4016,1.8299,"[[0.259, 0.0], [1.116, 0.0], [1.687, 0.0], [2.544, 0.0], [3.4, 0.0], [3.4, 0.0]]",0.0,0.0,-0.2855,0.0,0.0,0.2379,2.0,0.0,ok,3.5958,0.0,1.0,1.0,0.0,1.0,1.0,0.0,0.5,0.6666666666666666,ff98be19bcf9436cad14f28ff63cb501,scene-0095,43
1.6871,3.1148,3.6858,1.2588,1.9727,2.4961,0.0,0.0,0.0,0.0,0.0,0.0,0.0,0.0,0.0,ok,straight,1.6871,2.8293,3.6858,1.2588,1.9013,2.4486,True,"[-0.0, -0.0, -0.0, -0.0653, -0.0653, -0.0653, -0.0, -0.0653]","[-4.686, -10.1646, -590.7438, -23.069, -108.6752, -320.6463, -1078.2789, -1840.5754]","[4.9679, 4.9591, 3.7598, 2.9381, 2.7992, 2.1981, -1001075.3671, -1001837.6636]","[2.449, 2.591, 2.639, 3.115, 2.306, 3.306, 2.734, 3.353]",0.3709,0.0,0.0,0.0,0.0,0.0,0.0,0.0,0.0,0.0,2.3062,8.0,1.6871,2.8293,3.6882,1.2588,1.9013,2.3062,"[[0.831, 0.0], [1.687, 0.0], [2.258, 0.0], [2.829, 0.0], [3.4, 0.0], [3.686, 0.0]]",0.0,0.0,-0.0023,0.0,0.0,0.1424,1.0,0.0,ok,3.3529,0.0,1.0,1.0,0.0,1.0,1.0,0.0,0.5,0.6666666666666666,4b6fcdc1549847c395d07fefcbdc16eb,scene-0095,43
1.1161,2.5394,3.4139,0.9733,1.6147,2.1828,0.0,0.0,0.0,0.0,0.0,0.0,0.0,0.0,0.0,ok,straight,1.1161,2.5394,1.9862,0.8306,1.5433,1.7552,True,"[-0.0, -0.0, -0.0, -0.0, -0.0, -0.0, -0.1305, -0.1305]","[-17.4389, -35.5167, -53.2308, -62.6227, -80.6165, -97.8425, -50.6099, -1491.2925]","[3.2215, 3.1834, 3.1402, 3.1204, 3.0885, 3.0462, 0.8422, -1001489.1148]","[1.755, 2.04, 1.659, 2.088, 1.992, 2.183, 1.995, 2.613]",0.2695,0.0,0.0,0.0,0.0,0.0,0.0,0.0,0.0,0.0,1.6594,8.0,1.1161,2.5394,1.4152,0.9733,1.6147,1.6594,"[[0.545, 0.0], [1.116, 0.0], [1.973, 0.0], [2.544, 0.0], [2.544, -0.131], [2.544, 0.0]]",0.0,0.0,0.5711,-0.1428,-0.0714,0.0958,1.0,0.0,ok,2.6127,0.0,0.0,0.0,0.0,0.0,0.0,0.0,0.0,0.0,65c8d9839556423b87a4edffb70b434a,scene-0095,43
1.1382,0.1038,2.4227,0.7781,0.6698,0.8859,0.0,0.0,0.0,0.0,0.0,0.0,0.0,0.0,0.0,ok,straight,1.1382,0.2883,2.4227,0.7781,0.7159,0.8988,False,"[-0.0653, -0.0653, -0.0653, -0.1305, -0.0653, -0.4569, -7.6372, -0.0]","[-120.9667, -133.3943, -367.9052, -156.5724, -591.5994, -2199.8241, -19675.5981, -81087.2746]","[2.3457, 2.3368, 2.3279, 2.3097, -1000590.1417, -1002198.3663, -1019674.1489, -1081085.8169]","[0.899, 1.089, 1.202, 1.466, 1.228, 1.328, 3.9, 4.593]",1.3386,0.0,0.0,0.0,0.0,0.0,0.0,0.0,0.0,0.0,0.8988,8.0,1.1382,0.2883,2.4227,0.7781,0.7159,0.8988,"[[1.687, 0.0], [3.686, 0.0], [5.399, 0.0], [6.827, -0.131], [8.825, -0.131], [9.111, -0.131]]",0.0,0.0,0.0,0.0,0.0,0.0,0.0,1.0,ok,4.593,0.0,0.0,0.0,0.0,0.0,0.0,0.0,0.0,0.0,f9475d1f1f96401c81ce511a93578a96,scene-0096,43
3.6592,8.3942,14.3307,2.7856,5.0167,7.5915,0.0,0.0,0.0,0.0,0.0,0.0,0.0,0.0,0.0,ok,straight,2.2324,8.6793,14.0458,1.6439,4.4441,7.1622,True,"[-0.0, -0.0, -0.1305, -0.1958, -0.0653, -0.3916, -0.0653, -0.1958]","[-117.1435, -275.6848, -89.6349, -256.7232, -946.2328, -2047.2089, -52012.5258, -91574.6623]","[3.8285, 3.8249, 2.7616, 2.2206, -1000944.0386, -1002045.0133, -1052010.3316, -1091572.4667]","[7.162, 6.834, 6.689, 7.442, 6.923, 5.208, 8.687, 7.38]",0.9042,0.0,0.0,0.0,0.0,0.0,0.0,0.0,0.0,0.0,5.2077,8.0,2.2324,7.2542,5.7012,1.6439,3.9522,5.2077,"[[2.544, 0.0], [5.113, 0.0], [6.256, 0.261], [7.398, 0.0], [9.111, 0.0], [10.539, 0.0]]",0.0,1.4251,8.3446,0.0,0.4919,1.9545,4.0,0.0,ok,8.687,0.0,0.0,0.0,0.0,0.0,0.0,0.0,0.0,0.0,d8ff67e7cda741f0ac2d7525dd26d208,scene-0096,43
3.1539,6.7475,10.1029,2.4237,4.1549,6.0008,0.0,0.0,0.0,0.0,0.0,0.0,0.0,0.0,0.0,ok,straight,3.1539,6.7475,10.1029,2.4237,4.2262,5.9057,True,"[-0.0, -0.0, -0.3264, -0.2611, -0.0653, -0.4569, -0.0653, -0.0653]","[-71.452, -941.9688, -151.9575, -1623.6985, -1727.6415, -2845.3001, -7417.962, -12791.949]","[4.7304, 3.8096, 2.6671, -1001620.7508, -1001725.4052, -1002843.0638, -1007415.0144, -1012789.7127]","[5.906, 6.097, 6.046, 5.768, 6.244, 6.999, 6.122, 5.957]",0.3511,0.0,0.0,0.0,0.0,0.0,0.0,0.0,0.0,0.0,5.7679,8.0,3.1539,6.7475,11.2806,2.4237,4.2262,5.7679,"[[3.115, 0.0], [6.541, 0.0], [9.111, 0.0], [12.252, 0.0], [15.107, 0.0], [17.962, 0.0]]",0.0,0.0,-1.1777,0.0,0.0,0.1378,1.0,0.0,ok,6.9987,0.0,0.0,0.0,0.0,0.0,0.0,0.0,0.0,0.0,9be682790a634b91b334b633fa43010a,scene-0096,43
1.1597,1.4542,2.2829,1.0018,1.1789,1.3765,0.0,0.0,0.0,0.0,0.0,0.0,0.0,0.0,0.0,ok,straight,1.1597,1.4542,2.2829,1.0018,1.1789,1.3765,False,"[-0.0653, -0.0653, -0.1958, -0.1958, -0.0, -1.893, -0.0653, -0.0653]","[-103.3267, -219.8171, -636.6669, -2671.0525, -7491.553, -13195.6392, -34535.1998, -125513.4714]","[4.216, 4.1009, -1000633.5562, -1002667.9418, -1007488.3301, -1013192.4163, -1034532.0891, -1125510.2485]","[1.376, 1.247, 1.203, 1.488, 1.958, 2.35, 4.198, 9.074]",2.5227,0.0,0.0,0.0,0.0,0.0,0.0,0.0,0.0,0.0,1.2035,8.0,1.1597,1.4542,1.157,0.6135,0.9847,1.2035,"[[3.115, 0.0], [6.541, 0.0], [9.968, -0.131], [12.823, -0.131], [16.249, -0.131], [18.248, -0.131]]",0.0,0.0,1.1258,0.3883,0.1941,0.173,2.0,0.0,ok,9.0743,0.0,0.0,0.0,0.0,0.0,0.0,0.0,0.0,0.0,1f94fe5edf784708b55707a1a7754fb9,scene-0096,43
0.026,0.026,0.026,0.026,0.026,0.026,0.0,0.0,0.0,0.0,0.0,0.0,0.0,0.0,0.0,ok,straight,0.026,0.026,0.026,0.026,0.026,0.026,False,"[-0.0, -0.0, -0.0, -0.0, -0.0, -0.0, -0.0653, -0.0653]","[-0.013, -105.1169, -310.4196, -351.7555, -517.9111, -95143.1818, -257045.785, -1603432.6474]","[2.7849, 2.7847, 2.7843, 2.7843, 2.7839, -1095141.4442, -1257044.0474, -2603430.9098]","[0.026, 0.199, 0.696, 0.744, 0.476, 4.511, 11.715, 12.192]",4.8837,0.0,0.0,0.0,0.0,0.0,0.0,0.0,0.0,0.0,0.026,8.0,0.026,0.026,0.026,0.026,0.026,0.026,"[[-0.026, 0.0], [-0.026, 0.0], [-0.026, 0.0], [-0.026, 0.0], [-0.026, 0.0], [-0.026, 0.0]]",0.0,0.0,0.0,0.0,0.0,0.0,0.0,1.0,ok,12.1917,0.0,1.0,1.0,0.0,1.0,1.0,0.0,0.5,0.6666666666666666,1c81b06c812b47788462c31f58b6c1d0,scene-0097,43
0.026,0.849,0.2997,0.026,0.4965,0.4589,0.0,0.0,0.0,0.0,0.0,0.0,0.0,0.0,0.0,ok,straight,0.026,0.2779,0.2997,0.026,0.0968,0.1924,True,"[-0.0, -0.0653, -0.0, -0.0, -0.0653, -0.0, -0.0, -0.0]","[-17.7533, -90.889, -762.0993, -3245.8886, -10966.7987, -16658.3853, -126902.721, -470065.1817]","[2.5391, 0.2292, -1000760.6501, -1003244.4394, -1010965.3495, -1016656.936, -1126901.2717, -1470063.7324]","[0.192, 0.807, 1.696, 1.03, 2.479, 2.881, 8.422, 6.612]",2.7615,0.0,0.0,0.0,0.0,0.0,0.0,0.0,0.0,0.0,0.1924,8.0,0.026,0.2779,0.2997,0.026,0.0968,0.1924,"[[-0.026, 0.0], [-0.026, 0.0], [-0.026, 0.0], [0.545, 0.0], [1.116, 0.0], [1.116, 0.0]]",0.0,0.0,0.0,0.0,0.0,0.0,0.0,1.0,ok,8.4223,0.0,0.0,0.0,0.0,0.0,0.0,0.0,0.0,0.0,4cd53db3b63b42caba9e8f6a6ea70eae,scene-0097,43
1.1061,2.836,6.7359,0.6388,1.4599,2.7857,0.0,0.0,0.0,0.0,0.0,0.0,0.0,0.0,0.0,ok,straight,0.8207,2.836,6.7359,0.4962,1.3886,2.7382,True,"[-0.0653, -0.0653, -0.1305, -0.1305, -0.1305, -0.2611, -0.0, -0.0653]","[-27.8674, -61.8042, -138.4175, -37.4515, -156.7649, -979.746, -4445.3769, -4464.7095]","[3.4604, 3.3113, 2.5006, 2.4243, 2.3599, -1000977.5294, -1004443.1603, -1004462.6237]","[2.738, 2.786, 2.695, 2.548, 2.072, 2.371, 2.408, 2.788]",0.2369,0.0,0.0,0.0,0.0,0.0,0.0,0.0,0.0,0.0,2.0724,8.0,1.1061,2.836,2.7383,0.6388,1.4599,2.0724,"[[1.687, 0.0], [3.115, 0.0], [4.542, 0.0], [5.97, 0.0], [7.398, -0.131], [7.683, -0.131]]",-0.2853,0.0,3.9976,-0.1427,-0.0713,0.6657,5.0,0.0,ok,2.7883,0.0,0.0,0.0,0.0,0.0,0.0,0.0,0.0,0.0,b3d9bac351554cc98cdafe751f3d437a,scene-0097,43
2.0293,5.299,8.748,1.4811,3.1081,4.8253,0.0,0.0,0.0,0.0,0.0,0.0,0.0,0.0,0.0,ok,straight,2.0293,5.299,9.6041,1.4811,3.1081,4.968,False,"[-0.0653, -0.0653, -0.0653, -0.4569, -0.1305, -1.436, -0.1305, -0.1305]","[-238.4598, -622.4193, -713.9833, -733.2322, -2922.3957, -3029.3651, -3281.8969, -4301.7711]","[5.1425, 3.4638, 3.4012, 2.5028, -1002920.4139, -1003025.967, -1003278.4988, -1004298.3731]","[4.968, 5.018, 4.543, 5.214, 6.779, 4.505, 4.123, 4.171]",0.7958,0.0,0.0,0.0,0.0,0.0,0.0,0.0,0.0,0.0,4.1226,8.0,2.0293,5.299,8.7533,1.4811,3.1081,4.1226,"[[3.115, 0.0], [6.256, 0.0], [8.54, 0.0], [11.966, 0.0], [14.25, -0.131], [17.391, -0.131]]",0.0,0.0,0.8509,0.0,0.0,0.8454,4.0,0.0,ok,6.7791,0.0,0.0,0.0,0.0,0.0,0.0,0.0,0.0,0.0,1808fbc3531c415fb77531c05b2547ae,scene-0097,43
2.7265,6.2988,11.1264,1.6108,3.4938,5.5575,0.0,0.0,0.0,0.0,0.0,0.0,0.0,0.0,0.0,ok,straight,2.7265,6.2988,10.5556,1.6108,3.4938,5.4148,True,"[-0.1305, -0.1305, -0.1958, -0.1305, -0.1958, -0.2611, -0.0, -0.0653]","[-53.911, -99.6451, -672.2635, -2422.0534, -3345.6258, -6282.3688, -121197.0399, -785697.4827]","[1.592, 1.5918, -1000670.0227, -1002419.8126, -1003344.5891, -1006281.3321, -1121194.7991, -1785695.2419]","[5.415, 5.942, 4.332, 4.893, 5.802, 6.7, 7.382, 10.335]",1.7536,0.0,0.0,0.0,0.0,0.0,0.0,0.0,0.0,0.0,4.332,8.0,2.7265,3.4556,10.0282,1.6108,2.7116,4.332,"[[3.686, 0.0], [6.827, -0.131], [10.539, -0.131], [14.25, -0.131], [18.248, -0.131], [21.389, -0.261]]",0.0,2.8432,0.5274,0.0,0.7822,1.0828,2.0,0.0,ok,10.3348,0.0,0.0,0.0,0.0,0.0,0.0,0.0,0.0,0.0,c292d90b90ec4dbd826dfd11aa361df1,scene-0098,43
3.4072,8.4151,12.8348,2.1661,4.5141,6.7537,0.0,0.0,0.0,0.0,0.0,0.0,0.0,0.0,0.0,ok,straight,3.6927,8.4151,10.8351,2.4516,4.6568,6.7061,True,"[-0.0, -0.0653, -0.0653, -0.1958, -0.0653, -1.7624, -0.1305, -0.2611]","[-483.5591, -296.0576, -368.5644, -926.5616, -523.3033, -3468.2023, -94562.2928, -175269.5387]","[2.7803, 2.6661, 2.6638, 2.4179, -1000521.6528, -1003466.5518, -1094560.6422, -1175267.8893]","[6.706, 6.754, 6.849, 7.9, 5.517, 5.357, 10.188, 11.304]",1.9986,0.0,0.0,0.0,0.0,0.0,0.0,0.0,0.0,0.0,5.3568,8.0,3.4072,8.4151,8.4508,2.1661,4.5141,5.3568,"[[3.4, 0.0], [6.541, 0.0], [11.11, 0.0], [14.25, 0.0], [17.106, 0.131], [22.816, 0.0]]",0.2855,0.0,2.3843,0.2855,0.1427,1.3493,2.0,0.0,ok,11.3041,0.0,0.0,0.0,0.0,0.0,0.0,0.0,0.0,0.0,16011bbf9d634b099c5ff9a352d26c9e,scene-0098,43
4.4984,7.7664,13.184,3.2163,5.1103,7.4349,0.0,0.0,0.0,0.0,0.0,0.0,0.0,0.0,0.0,ok,straight,4.4984,8.3344,13.1806,3.2163,5.1099,7.4341,True,"[-0.0653, -0.6527, -1.1097, -0.1305, -0.0653, -0.9791, -0.9791, -0.4569]","[-133.8478, -2857.5056, -4730.2867, -5438.8441, -5826.9332, -26445.923, -66786.3753, -251104.0241]","[3.9976, -1002855.271, -1004728.0451, -1005436.6095, -1005824.6986, -1026443.6813, -1066784.1336, -1251101.7895]","[7.434, 5.936, 5.549, 6.593, 6.77, 6.968, 9.382, 12.073]",2.009,0.0,0.0,0.0,0.0,0.0,0.0,0.0,0.0,0.0,5.5495,8.0,4.4984,8.3344,7.4751,3.2163,5.1099,5.5495,"[[3.115, 0.0], [5.685, -0.131], [9.111, 0.131], [11.681, -0.131], [14.25, -0.131], [17.391, -0.131]]",0.0,0.0,5.7055,0.0,0.0,1.8846,5.0,0.0,ok,12.0733,0.0,0.0,0.0,0.0,0.0,0.0,0.0,0.0,0.0,1e4b165a3a904717b30f044322edfa14,scene-0098,43
3.3666,7.697,10.2397,2.4512,4.3909,6.0415,0.0,0.0,0.0,0.0,0.0,0.0,0.0,0.0,0.0,ok,straight,3.3666,7.697,10.2397,2.4512,4.3909,6.0415,False,"[-0.1305, -0.1305, -0.1305, -0.1305, -3.7207, -0.0653, -0.0, -0.2611]","[-394.5547, -187.1901, -1406.6535, -1613.3899, -5040.0215, -11338.6646, -34245.5504, -102256.0932]","[2.9888, 1.0253, -1001406.5843, -1001613.3206, -1005037.9825, -1011336.6256, -1034243.5114, -1102256.024]","[6.042, 6.423, 4.866, 5.9, 6.144, 7.136, 9.801, 8.52]",1.4896,0.0,0.0,0.0,0.0,0.0,0.0,0.0,0.0,0.0,4.8662,8.0,4.2232,7.697,1.7364,2.737,4.9626,4.8662,"[[4.257, 0.0], [8.254, -0.131], [12.537, -0.131], [15.678, -0.131], [20.818, -0.131], [24.815, -0.261]]",-0.8566,0.0,8.5033,-0.2857,-0.5717,1.1753,2.0,0.0,ok,9.8011,0.0,0.0,0.0,0.0,0.0,0.0,0.0,0.0,0.0,f5a38abe0b404babb18bca1f0adf60b6,scene-0098,43
0.8951,2.9628,6.1027,0.5915,1.5592,2.8183,0.0,0.0,0.0,0.0,0.0,0.0,0.0,0.0,0.0,ok,straight,0.8951,2.9628,5.8173,0.5915,1.4167,2.6757,True,"[-0.0653, -0.0653, -0.0653, -0.1958, -0.0653, -0.1958, -0.2611, -0.0]","[-49.0906, -186.6776, -92.9519, -703.4786, -574.609, -3594.3791, -14074.9873, -164764.4796]","[2.894, 2.8915, 2.8404, 1.2894, -1000572.7193, -1003592.5422, -1014073.1505, -1164762.5899]","[2.676, 3.485, 2.535, 3.774, 4.628, 2.445, 2.52, 12.064]",3.0348,0.0,0.0,0.0,0.0,0.0,0.0,0.0,0.0,0.0,2.4453,8.0,0.0529,2.9628,2.9895,0.1704,1.2061,2.4453,"[[3.115, 0.0], [6.541, 0.0], [9.396, -0.131], [12.823, -0.131], [16.249, -0.131], [19.104, -0.131]]",0.8423,0.0,2.8277,0.4211,0.2106,0.2305,3.0,0.0,ok,12.064,0.0,0.0,0.0,0.0,0.0,0.0,0.0,0.0,0.0,b9db804449d34414ba98868e9034abd3,scene-0099,43
1.5589,2.4809,2.3317,1.2695,1.8112,1.9853,0.0,0.0,0.0,0.0,0.0,0.0,0.0,0.0,0.0,ok,straight,1.5589,3.24,2.2154,1.2695,2.1413,2.2868,False,"[-0.0, -0.0653, -0.0653, -0.0653, -0.0653, -0.0, -0.1305, -0.0]","[-121.5647, -89.8057, -226.5654, -428.7225, -929.8288, -659.1526, -1819.4492, -34592.5857]","[5.0044, 3.4954, 3.4832, 2.4597, 2.4151, -1000656.7087, -1001815.9997, -1034590.1418]","[2.287, 2.205, 2.124, 1.862, 1.986, 1.986, 2.062, 5.404]",1.1087,0.0,0.0,0.0,0.0,0.0,0.0,0.0,0.0,0.0,1.8618,8.0,1.5589,1.7397,2.3317,1.2695,1.6259,1.8618,"[[2.258, 0.0], [4.257, 0.0], [7.112, 0.0], [9.396, 0.0], [10.824, -0.392], [10.539, 0.0]]",0.0,1.5003,-0.1163,0.0,0.5153,0.425,6.0,0.0,ok,5.404,0.0,0.0,0.0,0.0,0.0,0.0,0.0,0.0,0.0,ba6527487d5042b2bd4fb8e503918d29,scene-0099,43
2.3667,4.5594,6.9869,1.4179,2.5348,3.8917,0.0,0.0,0.0,0.0,0.0,0.0,0.0,0.0,0.0,ok,straight,2.3667,4.5594,6.1311,1.4179,2.6776,3.8442,True,"[-0.1305, -0.5875, -0.718, -0.1958, -0.0653, -0.1305, -0.1305, -0.0653]","[-138.3879, -240.5859, -1266.1373, -1315.7224, -1364.4516, -2521.6203, -6382.4402, -32116.458]","[4.424, 2.4806, -1001262.7751, -1001312.3246, -1001361.0894, -1002518.2226, -1006379.0424, -1032113.0602]","[3.844, 4.049, 4.104, 6.51, 2.893, 4.796, 5.51, 3.768]",1.062,0.0,0.0,0.0,0.0,0.0,0.0,0.0,0.0,0.0,2.8928,8.0,2.3667,4.5594,4.1316,1.4179,2.6776,2.8928,"[[2.829, 0.0], [5.113, 0.0], [7.969, -0.131], [10.539, -0.131], [12.537, -0.131], [16.249, -0.261]]",0.0,0.0,1.9994,0.0,0.0,0.9514,2.0,0.0,ok,6.5104,0.0,0.0,0.0,0.0,0.0,0.0,0.0,0.0,0.0,713882a28f2442098451f77f1362d326,scene-0099,43
2.2874,3.9602,6.7365,1.5529,2.5825,3.8376,0.0,0.0,0.0,0.0,0.0,0.0,0.0,0.0,0.0,ok,straight,2.5729,3.9602,6.7365,1.8383,2.7253,3.79,True,"[-0.1305, -0.1305, -0.1305, -0.0653, -0.2611, -0.0653, -0.3916, -0.3264]","[-68.0298, -571.6411, -695.5369, -742.2749, -774.432, -1795.6216, -10866.5863, -85165.0661]","[2.8679, -1000569.7224, -1000693.6183, -1000740.3563, -1000772.5133, -1001793.703, -1010864.6676, -1085163.1475]","[3.79, 3.89, 3.221, 3.174, 3.366, 3.054, 3.761, 4.144]",0.3707,0.0,0.0,0.0,0.0,0.0,0.0,0.0,0.0,0.0,3.0542,8.0,2.2874,2.255,5.8844,1.5529,1.8725,3.0542,"[[2.829, 0.0], [5.685, 0.0], [8.54, -0.131], [12.252, -0.131], [15.107, -0.131], [17.391, -0.261]]",0.2855,1.7052,0.8521,0.2855,0.8528,0.7358,5.0,0.0,ok,4.1437,0.0,0.0,0.0,0.0,0.0,0.0,0.0,0.0,0.0,8ef8d4b6b837492dab9785c3e33d936b,scene-0099,43
2.5437,5.1135,7.3977,1.8299,3.1148,4.3997,0.0,0.0,1.0,0.0,0.0,1.0,0.0,0.0,0.3333333333333333,ok,straight,2.5437,5.1135,7.3977,1.8299,3.1148,4.3997,False,"[-0.0, -0.0, -1.5013, -0.1305, -8.2899, -0.1305, -0.1305, -1.7624]","[-19.3203, -151.6577, -3303.2371, -7109.2965, -10393.4648, -12766.0269, -101655.307, -215745.1829]","[4.4365, 4.4052, -1003299.9999, -1007106.0298, -1010390.1981, -1012762.7897, -1101652.0697, -1215741.9162]","[4.4, 4.591, 5.234, 2.973, 6.354, 4.117, 7.876, 8.999]",1.9035,0.0,0.0,1.0,0.0,0.0,1.0,0.0,0.0,0.3333333333333333,2.9732,8.0,2.5437,5.1135,4.835,1.8299,3.1148,2.9732,"[[1.116, 0.0], [2.544, 0.0], [3.686, 0.0], [5.113, 0.0], [6.541, 0.0], [7.398, 0.0]]",0.0,0.0,2.5627,0.0,0.0,1.4265,2.0,0.0,ok,8.9994,0.0,1.0,1.0,0.0,1.0,1.0,0.0,0.5,0.6666666666666666,028a3f3a237e469cb099f6d9c8e7f2f4,scene-0100,43
3.6858,7.6833,9.1119,2.6865,4.5424,5.9227,0.0,1.0,1.0,0.0,1.0,1.0,0.0,0.25,0.5,ok,straight,3.6858,7.6833,9.1119,2.6865,4.5424,6.0654,False,"[-0.0653, -1.9582, -0.0653, -1.0444, -1.436, -0.3264, -0.1305, -0.718]","[-161.8982, -797.4806, -3551.0398, -8503.4699, -12765.1812, -24193.7884, -44342.6918, -68044.6037]","[4.4646, -1000794.8869, -1003548.5676, -1008500.9978, -1012762.7091, -1024191.3163, -1044340.0981, -1068042.0099]","[6.065, 7.299, 5.258, 6.69, 5.834, 5.266, 7.705, 7.416]",0.9107,0.0,1.0,1.0,0.0,1.0,1.0,0.0,0.25,0.5,5.2582,8.0,3.6858,3.98,9.1119,2.6865,3.3316,5.2582,"[[1.687, 0.0], [3.686, 0.0], [5.113, 0.0], [7.683, 0.0], [9.111, 0.0], [9.111, -0.131]]",0.0,3.7033,0.0,0.0,1.2108,0.8072,3.0,0.0,ok,7.7049,0.0,1.0,1.0,0.0,1.0,1.0,0.0,0.5,0.6666666666666666,30ad11916547467183371af9e1faf298,scene-0100,43
2.5437,5.1135,6.5412,1.8299,3.1148,4.2569,0.0,0.0,1.0,0.0,0.0,1.0,0.0,0.0,0.3333333333333333,ok,straight,2.5437,5.1135,6.5412,1.8299,3.1148,4.1141,True,"[-0.0, -0.1305, -1.1749, -1.436, -0.1305, -1.7624, -0.0, -2.4804]","[-56.1055, -1138.0897, -1521.5276, -1709.8774, -5965.8107, -6014.6313, -7087.0306, -25395.341]","[5.8183, -1001134.0512, -1001517.4891, -1001705.8389, -2007959.8007, -2008008.6213, -2009081.0206, -2027389.3311]","[4.114, 2.785, 3.995, 4.062, 2.785, 4.178, 3.638, 11.274]",2.5769,0.0,0.0,1.0,0.0,0.0,1.0,0.0,0.0,0.16666666666666666,2.785,8.0,2.5437,1.4016,2.8413,1.8299,2.401,2.785,"[[1.116, 0.0], [2.544, 0.0], [3.686, 0.0], [5.113, 0.0], [5.685, 0.0], [6.541, 0.0]]",0.0,3.7119,3.6999,0.0,0.7138,1.3291,5.0,0.0,ok,11.2738,0.0,1.0,1.0,0.0,1.0,1.0,0.0,0.5,0.6666666666666666,fbc2727b0f35414f88d956bc63345af0,scene-0100,43
2.5437,5.9701,7.3977,1.8299,3.3289,4.6852,0.0,0.0,1.0,0.0,0.0,1.0,0.0,0.0,0.3333333333333333,ok,straight,2.5437,5.6846,7.3977,1.8299,3.2576,4.6376,True,"[-0.0, -0.1958, -0.0, -0.1305, -2.8068, -0.2611, -1.5013, -6.5928]","[-99.4949, -869.4795, -1260.2325, -2760.58, -3570.7541, -7782.5721, -12453.4614, -14935.6745]","[4.3493, -1000866.9165, -1001257.6695, -1002757.9145, -1003568.1911, -1007780.0091, -1012450.7958, -1014933.009]","[4.638, 4.163, 4.019, 4.92, 4.544, 2.833, 4.979, 6.014]",0.8545,0.0,0.0,1.0,0.0,0.0,1.0,0.0,0.0,0.3333333333333333,2.8328,8.0,2.5437,3.6882,7.1314,1.8299,2.3302,2.8328,"[[1.116, 0.0], [2.544, 0.0], [3.686, 0.0], [5.685, 0.0], [7.398, 0.0], [7.398, 0.0]]",0.0,1.9964,0.2664,0.0,0.9274,1.8048,4.0,0.0,ok,6.0138,0.0,1.0,1.0,0.0,1.0,1.0,0.0,0.5,0.6666666666666666,149f03b275944abc95aa59709a726bff,scene-0100,43
1.1161,2.5437,2.5437,0.6878,1.4016,1.7823,0.0,0.0,0.0,0.0,0.0,0.0,0.0,0.0,0.0,ok,straight,1.4016,2.2582,2.5437,1.1161,1.5444,1.8775,False,"[-0.0, -0.0, -0.0, -1.6971, -0.8486, -0.0, -0.5222, -0.0]","[-11.7054, -864.1043, -1837.6073, -1838.3618, -1953.4413, -3373.1194, -3637.1422, -482225.6663]","[2.9047, 2.8973, -1001835.7532, -1001836.5098, -1001951.5892, -1003371.2653, -1003635.2881, -1482223.8143]","[1.877, 1.688, 2.83, 3.005, 3.423, 1.932, 1.95, 8.446]",2.0894,0.0,0.0,0.0,0.0,0.0,0.0,0.0,0.0,0.0,1.6879,8.0,1.4016,0.8306,2.5437,1.1161,1.2599,1.6879,"[[0.831, 0.0], [1.402, 0.0], [1.687, 0.0], [2.258, 0.0], [2.544, 0.0], [2.544, 0.0]]",0.0,1.4276,0.0,0.0,0.2845,0.1896,1.0,0.0,ok,8.446,0.0,1.0,1.0,0.0,1.0,1.0,0.0,0.5,0.6666666666666666,d5324133e1d241658a7b763831b3af2e,scene-0101,43
0.5128,0.0819,2.4545,0.3921,0.2538,0.8173,0.0,0.0,0.0,0.0,0.0,0.0,0.0,0.0,0.0,ok,straight,0.5128,0.0819,2.4545,0.3921,0.2538,0.8173,False,"[-0.0653, -0.0653, -0.6527, -0.0, -0.1305, -0.2611, -0.3264, -0.0]","[-69.0098, -93.5563, -146.0765, -703.6262, -1064.2573, -2134.8964, -2398.0197, -191768.0747]","[3.0182, 3.0179, 0.1864, -1000701.5895, -1001062.2206, -1002132.8596, -1002395.983, -1191766.038]","[0.817, 0.886, 0.927, 1.058, 1.315, 1.12, 1.597, 10.324]",3.0589,0.0,0.0,0.0,0.0,0.0,0.0,0.0,0.0,0.0,0.8173,8.0,0.5128,0.0819,2.4545,0.3921,0.2538,0.8173,"[[1.116, 0.0], [2.544, 0.0], [3.686, 0.0], [5.113, 0.0], [5.685, 0.0], [6.827, -0.131]]",0.0,0.0,0.0,0.0,0.0,0.0,0.0,1.0,ok,10.3241,0.0,0.0,0.0,0.0,0.0,0.0,0.0,0.0,0.0,604a8ce58d0b4f94a93db370813edf94,scene-0101,43
2.3106,5.4338,9.6938,1.6925,3.2209,5.008,0.0,0.0,1.0,0.0,0.0,1.0,0.0,0.0,0.3333333333333333,ok,straight,2.3106,4.5813,9.1155,1.6925,3.0077,4.7695,True,"[-0.0653, -0.0653, -0.6527, -0.1305, -0.3916, -0.3264, -8.2899, -2.4152]","[-556.1151, -569.278, -223.0161, -617.4, -2488.5227, -13931.7049, -18035.9233, -44048.0205]","[4.1541, 2.7362, 2.5387, -1000614.4631, -1002487.0028, -1013928.768, -1018034.4034, -1044045.0836]","[4.77, 4.776, 4.303, 4.672, 3.668, 4.858, 5.597, 4.375]",0.5157,0.0,0.0,1.0,0.0,0.0,1.0,0.0,0.0,0.3333333333333333,3.6676,8.0,2.3056,4.5813,3.1051,1.7129,3.0179,3.6676,"[[2.258, 0.0], [4.542, 0.0], [6.541, 0.0], [9.968, 0.0], [11.11, 0.0], [13.679, -0.131]]",0.0051,0.0,6.0104,-0.0204,-0.0102,1.102,4.0,0.0,ok,5.5972,0.0,0.0,1.0,0.0,0.0,1.0,0.0,0.0,0.3333333333333333,72fe05b8fd804c7eb2edba7554f1f796,scene-0101,43
1.7689,4.4841,8.2016,1.4343,2.7219,4.2622,0.0,0.0,0.0,0.0,0.0,0.0,0.0,0.0,0.0,ok,straight,1.7689,4.4841,7.3607,1.4343,2.7219,4.122,True,"[-0.1305, -0.1305, -0.5875, -1.0444, -0.7833, -2.0888, -8.2899, -0.0]","[-75.3934, -331.4629, -792.3094, -1470.208, -1527.0191, -1589.0963, -17737.3794, -35459.0212]","[3.5526, 3.5013, 3.2867, -1001467.8739, -1001524.6551, -1001586.7324, -1017735.0154, -1035456.6871]","[4.122, 3.934, 4.033, 2.616, 3.851, 4.822, 5.632, 4.11]",0.8026,0.0,0.0,0.0,0.0,0.0,0.0,0.0,0.0,0.0,2.6156,8.0,1.7689,4.4691,2.9476,1.4343,2.44,2.6156,"[[3.686, 0.0], [7.398, 0.0], [11.11, 0.131], [15.107, 0.261], [18.248, 0.261], [22.245, 0.261]]",0.0,0.015,4.4131,0.0,0.2819,1.5064,5.0,0.0,ok,5.632,0.0,0.0,0.0,0.0,0.0,0.0,0.0,0.0,0.0,2e743b1fb9a34383b88bec3e7792ad2a,scene-0101,43
2.881,5.8569,9.2357,2.1894,3.6384,5.2209,0.0,0.0,0.0,0.0,0.0,0.0,0.0,0.0,0.0,ok,right,2.881,5.8569,9.2357,2.1894,3.6384,5.2209,False,"[-0.0, -0.0, -0.0653, -0.0, -0.0, -0.0, -0.0]","[-0.013, -134.4225, -136.5471, -981.418, -2175800.8224, -2503299.9593, -2526733.7566]","[2.312, 2.3119, -0.5458, -1000980.3772, -4642412.4108, -4969911.5478, -4993345.345]","[5.221, 4.853, 5.085, 4.885, 13.707, 14.747, 14.887]",4.6837,0.0,0.0,0.0,0.0,0.0,0.0,0.0,0.0,0.0,4.8529,7.0,2.881,5.8569,7.028,2.1894,3.6384,4.8529,"[[-0.026, 0.0], [-0.026, 0.0], [-0.026, 0.0], [-0.026, 0.0], [-0.026, 0.0], [-0.026, 0.0]]",0.0,0.0,2.2077,0.0,0.0,0.368,3.0,0.0,ok,14.8871,0.0,0.0,0.0,0.0,0.0,0.0,0.0,0.0,0.0,806011e8a7114eca971fd0f6b95bcd4b,scene-0102,43
0.3057,1.4144,5.5329,0.2447,0.7575,1.9182,0.0,0.0,0.0,0.0,0.0,0.0,0.0,0.0,0.0,ok,right,0.3057,1.4144,5.5329,0.2447,0.7575,2.061,False,"[0.8486, 0.5222, 0.8486, 0.7833, 1.6319, 4.4387, 0.6527, -8.2899]","[-346.5503, -868.8961, -1329.8292, -1440.4405, -1871.8291, -3284.055, -6960.684, -11112.4256]","[2.2259, -1000867.7372, -1001328.6993, -1001439.3106, -1001870.6702, -1003282.9251, -1006959.5541, -1011111.2667]","[2.061, 3.164, 2.805, 2.877, 2.281, 3.674, 2.179, 4.5]",0.7769,0.0,0.0,0.0,0.0,0.0,0.0,0.0,0.0,0.0,2.061,8.0,0.3057,1.4144,5.5329,0.2447,0.7575,2.061,"[[1.973, -0.131], [4.257, -0.261], [5.97, -0.522], [8.54, -0.783], [9.111, -1.044], [10.539, -1.697]]",0.0,0.0,0.0,0.0,0.0,0.0,0.0,1.0,ok,4.4998,0.0,0.0,0.0,0.0,0.0,0.0,0.0,0.0,0.0,62fb6b14e6a2451f96ef753672d3a381,scene-0102,43
2.1765,5.1878,7.6691,1.5065,2.9607,4.3385,0.0,0.0,0.0,0.0,0.0,0.0,0.0,0.0,0.0,ok,straight,2.1765,5.1878,7.6691,1.5065,2.9607,4.3385,False,"[-0.1305, -0.1305, -0.2611, -0.0, -0.1305, -0.2611, -0.0653, -0.0653]","[-5.355, -90.0608, -193.2677, -646.1546, -760.5328, -2534.6865, -119127.9442, -929071.729]","[2.9749, 2.6988, 1.4624, -1000643.8884, -1000757.9908, -1002532.4204, -1119125.4021, -1929069.4628]","[4.339, 4.244, 4.437, 3.292, 4.398, 3.865, 5.687, 10.45]",2.1216,0.0,0.0,0.0,0.0,0.0,0.0,0.0,0.0,0.0,3.2921,8.0,1.6081,5.1878,2.528,1.2223,2.8186,3.2921,"[[3.4, 0.0], [6.541, 0.0], [9.682, -0.131], [12.823, -0.131], [16.249, -0.131], [19.961, -0.261]]",0.5684,0.0,5.1411,0.2842,0.1421,1.0464,3.0,0.0,ok,10.4502,0.0,0.0,1.0,0.0,0.0,1.0,0.0,0.0,0.3333333333333333,be3fb86ba1a846719241b051d3ec4385,scene-0102,43
3.4417,7.0896,10.5915,2.5272,4.3528,6.113,0.0,0.0,0.0,0.0,0.0,0.0,0.0,0.0,0.0,ok,straight,2.3011,7.0896,10.0205,2.2432,4.2108,5.9231,True,"[-0.1305, -0.1305, -0.1305, -0.1958, -0.2611, -0.2611, -1.3708, -8.2899]","[-804.6975, -870.301, -5.0823, -833.7532, -4200.7818, -9829.4428, -78314.6831, -477717.6798]","[3.5481, 3.5477, 1.6719, -1000832.9997, -1004200.0282, -1009826.8079, -1078312.0482, -1477716.9263]","[5.923, 4.876, 6.018, 5.596, 6.018, 6.637, 9.929, 17.544]",3.9386,0.0,0.0,0.0,0.0,0.0,0.0,0.0,0.0,0.0,4.8763,8.0,2.3011,7.0896,5.1669,2.2432,4.2108,4.8763,"[[2.829, -0.131], [7.683, 0.0], [9.682, -0.131], [12.823, -0.131], [16.249, -0.131], [19.961, -0.261]]",0.0,0.0,4.8535,0.0,0.0,1.0468,2.0,0.0,ok,17.5436,0.0,0.0,1.0,0.0,0.0,1.0,0.0,0.0,0.16666666666666666,6531528030c2484abde7201ff31c05c6,scene-0102,43
3.0875,6.3022,11.229,2.2599,3.8794,5.7966,0.0,0.0,0.0,0.0,0.0,0.0,0.0,0.0,0.0,ok,right,4.2285,5.734,8.601,2.973,3.9478,5.2491,True,"[0.5875, 0.2611, 0.2611, 0.1958, -0.0653, 0.1958, 5.6136, 0.0653]","[-779.6092, -392.7056, -617.6873, -892.7205, -943.8993, -2608.3498, -18883.9095, -41071.1886]","[2.9966, 2.8435, 2.8265, 2.7701, -1000941.2802, -1002605.7306, -1018881.2903, -1041068.57]","[5.249, 5.987, 5.795, 6.787, 5.974, 6.365, 6.081, 6.375]",0.4272,0.0,0.0,0.0,0.0,0.0,0.0,0.0,0.0,0.0,5.2491,8.0,4.2285,5.734,8.601,2.973,3.9478,5.2491,"[[2.544, 0.0], [4.257, -0.261], [8.54, -0.522], [11.11, -0.261], [13.965, -1.175], [16.82, -1.175]]",0.0,0.0,0.0,0.0,0.0,0.0,0.0,1.0,ok,6.7874,0.0,0.0,0.0,0.0,0.0,0.0,0.0,0.0,0.0,3e8750f331d7499e9b5123e9eb70f2e2,scene-0103,43
1.4633,5.443,9.1987,0.94,2.6178,4.6506,0.0,0.0,0.0,0.0,0.0,0.0,0.0,0.0,0.0,ok,straight,1.4633,5.443,8.9132,0.7988,2.5472,4.556,True,"[-0.1305, -0.4569, -0.3264, -0.1305, -0.0653, -0.0653, -0.1958, -0.0653]","[-139.2742, -147.4923, -482.7376, -680.4126, -1745.2743, -2565.2348, -2604.4132, -951938.2141]","[1.415, -1.0284, -1000482.0704, -1000679.7455, -1001744.6071, -1002564.5676, -1002603.746, -1951937.547]","[4.556, 5.084, 3.704, 4.27, 3.715, 5.127, 4.176, 13.123]",2.9363,0.0,0.0,0.0,0.0,0.0,0.0,0.0,0.0,0.0,3.704,8.0,1.4633,5.443,4.9422,0.7988,2.5472,3.704,"[[3.4, 0.0], [6.827, -0.131], [10.539, -0.131], [14.25, -0.131], [17.962, -0.131], [19.39, -0.261]]",0.0,0.0,3.971,0.0,0.0,0.852,4.0,0.0,ok,13.1225,0.0,0.0,0.0,0.0,0.0,0.0,0.0,0.0,0.0,796b1988dd254f74bf2fb19ba9c5b8c6,scene-0103,43
0.9958,1.6775,0.5196,0.9397,1.3969,1.3367,0.0,0.0,0.0,0.0,0.0,0.0,0.0,0.0,0.0,ok,straight,1.2812,3.3911,0.5196,0.9397,2.2534,1.9077,False,"[-0.0653, -0.0653, -0.1305, -0.0653, -0.1305, -0.0, -0.0, -0.0]","[-560.2012, -81.6932, -695.8917, -966.2994, -3196.7289, -6892.0881, -198069.8446, -1197813.3794]","[3.2626, 1.9888, -1000694.1922, -1000963.3249, -1003193.7544, -1006890.3886, -1198068.1451, -2197810.4049]","[1.908, 1.384, 1.385, 2.213, 2.002, 3.05, 6.066, 12.3]",3.5167,0.0,0.0,0.0,0.0,0.0,0.0,0.0,0.0,0.0,1.3842,8.0,1.2812,1.9629,0.5196,0.9397,1.4682,1.3842,"[[2.258, 0.0], [4.828, 0.0], [9.396, -0.131], [11.395, 0.0], [12.537, -0.131], [13.679, -0.131]]",0.0,1.4282,0.0,0.0,0.7852,0.5235,2.0,0.0,ok,12.2995,0.0,0.0,0.0,0.0,0.0,0.0,0.0,0.0,0.0,456ec36cb4a44ca78f36fbd90c0c34fa,scene-0103,43
1.8153,1.7206,5.4442,1.1541,1.5587,2.5893,0.0,0.0,0.0,0.0,0.0,0.0,0.0,0.0,0.0,ok,straight,1.8153,3.1483,5.4442,1.1541,1.9156,2.8273,False,"[-0.0653, -0.0653, -0.0, -0.1958, -0.0653, -3.9165, -0.1305, -0.0]","[-44.0965, -33.1129, -589.9164, -1238.5878, -1978.5041, -8121.6582, -15232.1852, -25903.7157]","[3.2894, 3.2766, -1000587.7743, -1001236.4318, -1001976.362, -1008119.5161, -1015230.0291, -1025901.5597]","[2.827, 2.78, 2.971, 3.257, 2.257, 2.746, 3.112, 3.828]",0.426,0.0,0.0,0.0,0.0,0.0,0.0,0.0,0.0,0.0,2.2574,8.0,1.8153,3.1483,4.8732,1.0131,1.8451,2.2574,"[[3.4, 0.0], [6.827, 0.0], [9.682, -0.131], [12.823, -0.131], [16.249, -0.131], [18.819, -0.131]]",0.0,0.0,0.571,0.1409,0.0705,0.5698,3.0,0.0,ok,3.8275,0.0,0.0,0.0,0.0,0.0,0.0,0.0,0.0,0.0,9fcdc52b791045e99c623c5fc643331f,scene-0103,43
2.1193,2.1605,1.2867,1.7786,1.9924,1.8768,0.0,0.0,0.0,0.0,0.0,0.0,0.0,0.0,0.0,ok,straight,1.8337,2.1605,2.4264,1.4931,1.8497,2.2572,False,"[-0.0, -0.0653, -0.0653, -0.0653, -0.3264, -0.0, -0.0653, -0.0]","[-532.3172, -14.1972, -355.6597, -471.8104, -25.2298, -1498.9648, -3049.6921, -3257.0527]","[3.0041, 2.7727, 2.4962, 2.3953, 0.1529, -1001497.2006, -1003047.9211, -1003255.2885]","[2.257, 1.782, 2.4, 2.115, 2.698, 1.877, 2.449, 1.732]",0.3255,0.0,0.0,0.0,0.0,0.0,0.0,0.0,0.0,0.0,1.7323,8.0,1.8337,3.8737,0.7142,1.3503,2.3493,1.7323,"[[1.402, 0.0], [2.544, 0.0], [3.686, 0.0], [4.542, 0.0], [7.398, -0.131], [7.683, 0.0]]",0.0,-1.7131,1.7122,0.1428,-0.4997,0.5249,4.0,0.0,ok,2.6975,0.0,0.0,0.0,0.0,0.0,0.0,0.0,0.0,0.0,f1b7b463072e4630b2c1d5ba8b6cd50b,scene-0104,43
2.6776,4.9571,7.1548,2.1235,3.2802,4.3078,0.0,0.0,0.0,0.0,0.0,0.0,0.0,0.0,0.0,ok,straight,2.6776,4.9571,5.4423,2.1235,3.1374,3.9747,True,"[-0.0653, -0.0653, -0.0653, -0.0653, -0.6527, -0.0653, -0.1958, -0.8486]","[-108.8685, -176.9411, -283.7198, -819.2515, -1993.5649, -5221.6177, -6125.6362, -9590.2057]","[4.0412, 4.0207, 3.6758, 3.514, -1001991.0466, -1005219.412, -1006123.1179, -1009588.0001]","[3.975, 4.213, 4.118, 4.191, 4.747, 4.451, 4.406, 4.748]",0.2665,0.0,0.0,0.0,0.0,0.0,0.0,0.0,0.0,0.0,3.9747,8.0,2.6776,4.9571,5.4423,2.1235,3.1374,3.9747,"[[2.258, 0.0], [4.542, 0.0], [7.398, -0.131], [9.396, -0.131], [12.252, -0.261], [16.535, -0.131]]",0.0,0.0,0.0,0.0,0.0,0.0,0.0,1.0,ok,4.7475,0.0,0.0,0.0,0.0,0.0,0.0,0.0,0.0,0.0,8c394cbb9706486aae5c0edc1d704178,scene-0104,43
1.1159,3.1002,5.1246,0.8365,1.5254,2.477,0.0,0.0,0.0,0.0,0.0,0.0,0.0,0.0,0.0,ok,straight,1.1159,2.2439,5.1246,0.8365,1.3114,2.3343,True,"[-0.0653, -0.0653, -0.0653, -0.1958, -8.2899, -0.0653, -0.0653, -0.0653]","[-38.4002, -384.8289, -542.3006, -9008.0273, -15083.7476, -15399.7736, -103615.2555, -775883.6046]","[3.609, 1.5978, -1000539.5328, -1009007.2693, -1015082.9897, -1015399.0156, -1103612.4877, -1775880.8368]","[2.334, 2.445, 2.098, 1.948, 4.268, 3.194, 5.713, 9.552]",2.4362,0.0,0.0,0.0,0.0,0.0,0.0,0.0,0.0,0.0,1.9475,8.0,0.6036,3.3857,4.5507,0.5968,1.4769,1.9475,"[[3.686, 0.0], [7.398, 0.0], [11.11, -0.131], [15.107, -0.131], [18.248, -0.131], [21.389, -0.131]]",0.5124,-1.1418,0.5739,0.2397,-0.1656,0.3868,2.0,0.0,ok,9.5521,0.0,0.0,1.0,0.0,0.0,1.0,0.0,0.0,0.16666666666666666,84fd8f6d5b2c406e9ddd1c3b72690917,scene-0104,43
3.8124,7.2458,11.9196,2.9879,4.7291,6.7837,0.0,0.0,0.0,0.0,0.0,0.0,0.0,0.0,0.0,ok,straight,3.8124,7.2458,12.4908,2.9879,4.6577,6.8313,False,"[-0.1305, -0.0653, -0.1305, -0.1958, -0.1305, -0.0, -0.1305, -0.3916]","[-23.1105, -615.9082, -1592.5304, -1744.4008, -2518.7162, -3656.3254, -5566.0828, -6887.6805]","[3.4261, -1000613.8845, -1001590.6239, -1001742.4943, -1002516.6925, -1003654.4189, -1005564.1763, -1006885.6568]","[6.831, 5.882, 7.117, 6.927, 6.879, 6.736, 7.499, 6.608]",0.4323,0.0,0.0,0.0,0.0,0.0,0.0,0.0,0.0,0.0,5.8822,8.0,3.8124,7.2458,7.3575,2.9879,4.6577,5.8822,"[[3.115, 0.0], [6.256, 0.0], [9.396, -0.131], [12.252, -0.131], [14.25, -0.131], [16.249, -0.261]]",0.0,0.0,5.1333,0.0,0.0,0.9491,3.0,0.0,ok,7.4993,0.0,0.0,0.0,0.0,0.0,0.0,0.0,0.0,0.0,34875eefe5f943d38f5495664ff53bb0,scene-0104,43
9.3011,18.718,28.3119,6.984,11.6726,16.4231,0.0,0.0,0.0,0.0,0.0,0.0,0.0,0.0,0.0,ok,straight,9.3011,18.718,28.3119,6.984,11.6726,16.4231,False,"[-0.0, -0.0, -0.0, -0.0653]","[-0.013, -1756773.7715, -141734.6993, -141743.0261]","[5.0565, -2756769.9986, -3665471.2882, -3665479.615]","[16.423, 20.657, 17.864, 17.864]",1.5347,0.0,0.0,0.0,0.0,0.0,0.0,0.0,0.0,0.0,16.4231,4.0,9.3011,18.718,28.3119,6.984,11.6726,16.4231,"[[-0.026, 0.0], [-0.026, 0.0], [-0.026, 0.0], [-0.026, 0.0], [-0.026, 0.0], [-0.026, 0.0]]",0.0,0.0,0.0,0.0,0.0,0.0,0.0,1.0,ok,20.6572,0.0,0.0,0.0,0.0,0.0,0.0,0.0,0.0,0.0,8d56b71c09c04ece827107b3c103498f,scene-0105,43
1.8066,3.4932,5.3043,1.2076,1.9769,2.9548,0.0,0.0,0.0,0.0,0.0,0.0,0.0,0.0,0.0,ok,straight,1.8066,2.3666,5.3043,1.2076,1.6953,2.767,True,"[-0.0653, -0.0653, -0.5875, -0.2611, -0.3916, -0.4569, -0.9791, -0.5875]","[-297.5745, -415.196, -585.2653, -428.0908, -587.2775, -2422.2681, -3967.04, -928836.2925]","[3.8199, 3.6919, 1.856, -1000425.9137, -1000585.1005, -1002420.2187, -1003964.863, -1928834.2431]","[2.767, 2.966, 1.99, 2.275, 1.742, 1.96, 2.915, 10.64]",2.7685,0.0,0.0,0.0,0.0,0.0,0.0,0.0,0.0,0.0,1.7424,8.0,1.8066,2.3666,0.4757,1.2076,1.6953,1.7424,"[[4.257, 0.0], [7.969, 0.0], [12.537, 0.0], [16.82, 0.131], [19.104, 0.131], [22.531, 0.131]]",0.0,0.0,4.8286,0.0,0.0,1.0246,4.0,0.0,ok,10.6398,0.0,0.0,0.0,0.0,0.0,0.0,0.0,0.0,0.0,d0cc76c904c542b39553f012e4791ef0,scene-0105,43
0.4579,0.5106,0.3563,0.2455,0.3504,0.401,0.0,0.0,0.0,0.0,0.0,0.0,0.0,0.0,0.0,ok,straight,0.4579,0.5106,0.6356,0.2455,0.2802,0.4008,True,"[-0.0, -0.0, -0.1305, -0.6527, -0.0653, -0.0653, -0.0653, -8.2899]","[-297.839, -324.767, -129.6737, -176.6729, -792.3083, -1747.7572, -2557.2358, -21948.378]","[3.9487, 3.9447, 3.9243, 3.7243, -1000789.2439, -1001744.6929, -1002554.1716, -1021945.3136]","[0.401, 0.492, 1.326, 1.404, 0.791, 0.74, 1.1, 3.593]",0.9557,0.0,0.0,0.0,0.0,0.0,0.0,0.0,0.0,0.0,0.4008,8.0,0.4579,0.5106,0.6356,0.2455,0.2802,0.4008,"[[3.115, 0.0], [6.541, 0.0], [9.111, 0.0], [12.252, 0.0], [14.25, 0.0], [18.248, 0.0]]",0.0,0.0,0.0,0.0,0.0,0.0,0.0,1.0,ok,3.5932,0.0,0.0,0.0,0.0,0.0,0.0,0.0,0.0,0.0,6a467240b14745cd8ab11701bd4f08d3,scene-0105,43
0.7863,3.3154,6.2239,0.4134,1.534,2.991,0.0,0.0,0.0,0.0,0.0,0.0,0.0,0.0,0.0,ok,straight,0.7863,3.3154,6.7941,0.4134,1.534,2.9909,True,"[-0.0653, -0.0653, -0.0653, -0.1958, -0.0, -0.0, -0.0653, -0.0]","[-5.0433, -31.525, -37.462, -496.9753, -2715.1833, -5933.8264, -32629.332, -179516.0809]","[2.8816, 2.8811, 2.8804, 0.7151, -1002712.6413, -1005931.2851, -1032626.7906, -1179513.5389]","[2.991, 2.659, 3.122, 1.898, 3.704, 1.504, 5.285, 10.436]",2.678,0.0,0.0,0.0,0.0,0.0,0.0,0.0,0.0,0.0,1.5043,8.0,1.3569,3.3154,0.2462,0.8074,1.731,1.5043,"[[2.258, 0.0], [4.257, 0.0], [5.97, 0.0], [7.683, 0.0], [9.111, 0.0], [10.539, -0.131]]",-0.5706,0.0,6.5478,-0.394,-0.197,1.4866,3.0,0.0,ok,10.436,0.0,0.0,0.0,0.0,0.0,0.0,0.0,0.0,0.0,aa0a917a785d453cb7803ddd67c2fc9b,scene-0105,43
4.6303,8.8382,14.8131,3.4008,5.6378,8.0928,0.0,0.0,0.0,0.0,0.0,0.0,0.0,0.0,0.0,ok,straight,4.6303,8.8382,11.6918,3.4008,5.6378,7.381,True,"[-0.0, -0.0653, -0.0653, -0.0653, -0.0, -0.0653, -0.0, -0.1305]","[-115.7347, -29.3517, -67.5606, -415.9594, -3911.0789, -4512.417, -4797.7013, -14524.0776]","[4.4232, 2.9301, 2.9218, 2.8448, -1003908.5369, -1004509.8751, -1004795.1593, -1014521.5345]","[7.381, 8.0, 7.385, 7.953, 9.279, 7.054, 7.441, 7.572]",0.6443,0.0,0.0,0.0,0.0,0.0,0.0,0.0,0.0,0.0,7.0536,8.0,4.6303,7.9834,13.6636,3.4008,5.5667,7.0536,"[[1.116, 0.0], [1.973, 0.0], [3.115, 0.0], [3.971, 0.0], [6.256, 0.131], [8.254, 0.0]]",0.0,0.8548,-1.9718,0.0,0.0711,0.3274,1.0,0.0,ok,9.2786,0.0,0.0,0.0,0.0,0.0,0.0,0.0,0.0,0.0,04ebf63518914e0883bdffdb0b6c3f4c,scene-0106,43
0.6749,0.2929,1.9366,0.3801,0.299,0.5711,0.0,0.0,0.0,0.0,0.0,0.0,0.0,0.0,0.0,ok,straight,0.6749,0.2929,1.9366,0.3801,0.299,0.7278,False,"[-0.1305, -0.2611, -0.9791, -0.0, -0.1305, -0.5875, -0.1958, -0.1958]","[-156.9303, -1071.0003, -1275.183, -1401.3612, -1836.5075, -5158.1384, -7000.138, -28298.9383]","[5.1353, 2.7852, -1001271.288, -1001397.4662, -1001834.4215, -1005156.0524, -1006998.052, -1028295.0433]","[0.728, 0.998, 1.667, 0.747, 1.308, 1.486, 1.484, 2.03]",0.4273,0.0,0.0,0.0,0.0,0.0,0.0,0.0,0.0,0.0,0.7278,8.0,0.6749,0.2929,1.9366,0.3801,0.299,0.7278,"[[3.115, 0.0], [5.685, 0.0], [9.396, -0.131], [12.252, -0.131], [14.25, -0.261], [16.82, -0.261]]",0.0,0.0,0.0,0.0,0.0,0.0,0.0,1.0,ok,2.0304,0.0,0.0,0.0,0.0,0.0,0.0,0.0,0.0,0.0,66317c99b4524905bfb5cd70dac8932a,scene-0106,43
1.9747,4.3585,5.1557,1.4055,2.6437,3.6613,0.0,0.0,0.0,0.0,0.0,0.0,0.0,0.0,0.0,ok,straight,1.9747,3.2199,8.8463,1.4055,2.359,3.8967,False,"[-0.0653, -0.0653, -0.0653, -0.1958, -0.0, -0.0, -0.0, -0.1305]","[-220.2618, -320.5036, -890.6633, -5547.4081, -7539.0563, -12003.5396, -12397.2749, -93045.1674]","[2.9253, 2.9219, -1000888.2935, -1005545.0383, -1007536.6865, -1012001.1698, -1012394.905, -1093042.7976]","[3.897, 3.376, 3.66, 3.228, 3.664, 5.085, 3.425, 5.039]",0.6858,0.0,0.0,0.0,0.0,0.0,0.0,0.0,0.0,0.0,3.2282,8.0,1.9747,3.2199,2.5615,1.4055,2.359,3.2282,"[[3.115, 0.0], [5.97, 0.0], [8.54, -0.131], [12.252, -0.131], [14.25, -0.131], [14.25, 0.131]]",0.0,0.0,6.2849,0.0,0.0,0.6685,5.0,0.0,ok,5.085,0.0,0.0,0.0,0.0,0.0,0.0,0.0,0.0,0.0,94d3fc9d266743588dca2efc73d9fbce,scene-0106,43
0.3286,0.905,1.49,0.2992,0.5008,0.8198,0.0,0.0,0.0,0.0,0.0,0.0,0.0,0.0,0.0,ok,straight,0.3286,0.905,1.49,0.2992,0.516,0.8386,False,"[-0.6527, -0.5222, -0.3916, -0.7833, -0.6527, -4.9609, -2.8721, -0.0]","[-34.9211, -1977.9261, -2565.0359, -2617.4576, -2848.5448, -65322.5966, -328454.894, -1127969.8021]","[3.8609, -1001975.0265, -1002562.3528, -1002614.558, -1002845.8617, -1065319.697, -1328452.2109, -2127967.119]","[0.839, 1.137, 1.203, 1.261, 1.158, 4.214, 7.429, 10.864]",3.5111,0.0,0.0,0.0,0.0,0.0,0.0,0.0,0.0,0.0,0.8386,8.0,0.3286,0.905,1.49,0.2992,0.516,0.8386,"[[2.258, -0.131], [4.542, -0.261], [6.541, -0.522], [8.54, -0.914], [9.968, -1.436], [11.681, -1.305]]",0.0,0.0,0.0,0.0,0.0,0.0,0.0,1.0,ok,10.864,0.0,0.0,0.0,0.0,0.0,0.0,0.0,0.0,0.0,b988f7f03263462d94d39a722dc820ca,scene-0106,43
0.1842,0.22,2.471,0.3161,0.26,0.6981,0.0,0.0,0.0,0.0,0.0,0.0,0.0,0.0,0.0,ok,straight,0.1842,0.22,2.471,0.3161,0.26,0.6981,False,"[-0.2611, -0.2611, -0.0653, -0.3916, -0.1305, -1.5666, -0.3264, -0.1305]","[-199.7573, -1223.6298, -1468.3491, -2084.5498, -6789.6581, -8231.1632, -65165.7222, -168943.906]","[2.638, -1001221.3386, -1001466.0579, -1002082.7648, -1006787.3669, -1008228.8721, -1065163.9371, -1168942.121]","[0.698, 1.064, 0.928, 0.986, 4.079, 1.734, 2.791, 9.285]",2.715,0.0,0.0,0.0,0.0,0.0,0.0,0.0,0.0,0.0,0.6981,8.0,0.1842,0.22,2.471,0.3161,0.26,0.6981,"[[2.829, 0.0], [4.542, -0.131], [7.683, -0.261], [10.253, -0.261], [12.537, -0.392], [13.679, -0.522]]",0.0,0.0,0.0,0.0,0.0,0.0,0.0,1.0,ok,9.2853,0.0,0.0,0.0,0.0,0.0,0.0,0.0,0.0,0.0,ad8905836f364a87a7233eb0aef915ea,scene-0107,43
3.1507,7.1882,12.1058,2.3356,4.2795,6.4808,0.0,0.0,0.0,0.0,0.0,0.0,0.0,0.0,0.0,ok,right,3.1507,7.1882,12.5104,2.3356,4.2101,6.6342,False,"[-2.2846, -8.2899, -1.7624, -8.2899, 4.9609, -2.2846, -2.2846, 4.6998]","[-273.6109, -4119.9163, -4373.7367, -64398.7495, -2028.9538, -2941.7268, -6229.3594, -394531.4374]","[0.5488, -1004119.759, -1004373.5795, -1064398.5923, -2003568.839, -2004481.612, -2007769.2446, -2396071.3226]","[6.634, 7.882, 7.481, 7.757, 4.289, 5.479, 5.315, 7.949]",1.3146,0.0,0.0,0.0,0.0,0.0,0.0,0.0,0.0,0.0,4.2895,8.0,2.0154,3.318,9.6024,2.0476,2.232,4.2895,"[[2.258, 0.131], [4.542, -0.522], [6.827, 0.653], [9.111, 1.697], [10.539, 3.003], [12.823, 4.569]]",1.1353,3.8702,2.9081,0.288,1.9781,2.3447,3.0,0.0,ok,7.949,0.0,0.0,0.0,0.0,0.0,0.0,0.0,0.0,0.0,84c24cd1d7914f72bb2fa17a6c5c41e5,scene-0107,43
1.0141,1.1436,0.5939,0.7411,0.9269,1.0668,0.0,0.0,0.0,0.0,0.0,0.0,0.0,0.0,0.0,ok,straight,1.0141,1.1436,2.5893,0.7411,0.7843,1.3043,False,"[-0.1305, -0.1305, -0.0653, -0.2611, -0.0653, -0.0653, -0.0653, -0.1305]","[-158.7303, -370.693, -6261.4018, -11380.9281, -15916.0565, -103747.6858, -805013.4986, -922778.0903]","[2.0585, 2.0571, -1006259.7206, -1011379.2477, -1015914.3762, -1103746.0047, -1805011.8182, -1922776.4091]","[1.304, 1.447, 1.514, 1.839, 2.166, 8.061, 9.293, 10.72]",3.7964,0.0,0.0,0.0,0.0,0.0,0.0,0.0,0.0,0.0,1.3043,8.0,1.0141,1.1436,2.5893,0.7411,0.7843,1.3043,"[[4.257, 0.0], [9.396, -0.131], [13.394, -0.131], [18.248, -0.131], [23.387, -0.131], [27.956, -0.261]]",0.0,0.0,0.0,0.0,0.0,0.0,0.0,1.0,ok,10.7198,0.0,0.0,0.0,0.0,0.0,0.0,0.0,0.0,0.0,2d4012e701194ca6a79709cfbfb6bb93,scene-0107,43
0.1629,0.5453,1.1661,0.1109,0.2351,0.4797,0.0,0.0,0.0,0.0,0.0,0.0,0.0,0.0,0.0,ok,straight,0.1629,0.5453,1.1661,0.1109,0.2351,0.4797,False,"[-0.0653, -0.0653, -0.0653, -0.1958, -0.1958, -0.0653, -0.1305, -0.3264]","[-35.2453, -313.0399, -806.031, -3836.9589, -5587.3583, -20306.3026, -86217.9237, -288870.9955]","[2.9175, 2.9146, -1000804.4777, -1003835.4057, -1005585.8052, -1020304.7494, -1086216.3706, -1288869.4423]","[0.48, 0.583, 1.141, 1.191, 0.877, 1.671, 8.455, 9.809]",3.5586,0.0,0.0,0.0,0.0,0.0,0.0,0.0,0.0,0.0,0.4797,8.0,0.1629,0.5453,1.1661,0.1109,0.2351,0.4797,"[[3.686, 0.0], [7.398, 0.0], [11.11, -0.131], [14.25, -0.131], [17.962, -0.131], [21.674, -0.131]]",0.0,0.0,0.0,0.0,0.0,0.0,0.0,1.0,ok,9.809,0.0,0.0,0.0,0.0,0.0,0.0,0.0,0.0,0.0,5d6dc0be4bc645b396e714c7ba65e48a,scene-0107,43
0.3427,1.3457,3.677,0.2339,0.6152,1.4116,0.0,0.0,0.0,0.0,0.0,0.0,0.0,0.0,0.0,ok,straight,0.3427,1.3457,3.677,0.2339,0.6152,1.4116,False,"[-0.0, -0.0, -0.3916, -0.0, -0.0, -0.0653, -0.0653, -0.5222]","[-13.553, -52.1937, -300.7193, -2615.8893, -3695.2594, -141343.7545, -237350.7183, -1418991.3029]","[3.2841, 3.2775, -1000298.6031, -1002613.7795, -1003693.1496, -1141341.6383, -1237348.6086, -2418989.1867]","[1.412, 1.304, 1.069, 1.65, 1.101, 12.5, 11.411, 13.508]",5.4336,0.0,0.0,0.0,0.0,0.0,0.0,0.0,0.0,0.0,1.0687,8.0,0.3427,1.3457,3.6077,0.2339,0.6152,1.0687,"[[0.259, 0.0], [-0.026, 0.0], [-0.026, 0.0], [-0.026, 0.0], [-0.026, 0.0], [-0.026, 0.0]]",0.0,0.0,0.0693,0.0,0.0,0.343,3.0,0.0,ok,13.5079,0.0,0.0,0.0,0.0,0.0,0.0,0.0,0.0,0.0,339ead96177c4e338fde8235c188cfaa,scene-0108,43
2.9195,6.548,9.4126,2.1089,3.8944,5.4955,0.0,0.0,0.0,0.0,0.0,0.0,0.0,0.0,0.0,ok,straight,2.9195,6.548,9.4126,2.1089,3.8944,5.4955,False,"[-0.0653, -0.0653, -0.0, -0.2611, -0.3916, -0.9138, -0.718, -0.1305]","[-4.725, -108.4133, -2241.0814, -2242.3472, -6638.5657, -6931.9095, -7271.8596, -90248.9355]","[4.0005, 3.9351, -1002238.451, -1002239.655, -1006635.9354, -1006929.2173, -1007269.2293, -1090246.2434]","[5.495, 5.553, 5.696, 5.824, 5.857, 5.78, 5.009, 6.75]",0.4575,0.0,0.0,0.0,0.0,0.0,0.0,0.0,0.0,0.0,5.0087,8.0,2.9195,6.5558,10.6427,2.1089,3.9803,5.0087,"[[1.973, 0.0], [3.971, -0.131], [5.97, -0.131], [7.683, -0.131], [9.111, -0.131], [10.539, -0.131]]",0.0,-0.0078,-1.2301,0.0,-0.0859,0.4868,1.0,0.0,ok,6.7502,0.0,0.0,0.0,0.0,0.0,0.0,0.0,0.0,0.0,3c61eda50f694585bac0614e4660eca1,scene-0108,43
1.1444,2.3369,1.8143,0.8068,1.3582,1.573,0.0,0.0,0.0,0.0,0.0,0.0,0.0,0.0,0.0,ok,right,2.294,2.3369,1.8143,1.8097,1.8597,1.8721,False,"[1.8277, 1.8277, 0.9791, 0.1958, -1.8277, 2.2193, 2.6763, 1.8277]","[-383.9196, -128.8166, -369.1192, -1121.0099, -2916.1374, -22070.2778, -28123.4351, -127661.1825]","[3.7199, 3.4461, 3.0927, -1001118.5713, -1002913.6988, -1022067.5592, -1028120.9965, -1127658.4639]","[1.872, 1.538, 2.176, 1.952, 2.469, 3.278, 3.088, 5.571]",1.2062,0.0,0.0,0.0,0.0,0.0,0.0,0.0,0.0,0.0,1.5378,8.0,1.1444,2.3369,1.8143,0.8068,1.3582,1.5378,"[[1.973, 0.0], [3.971, -0.392], [4.542, -0.914], [6.541, -2.089], [7.398, -3.133], [9.111, -3.655]]",1.1496,0.0,0.0,1.0029,0.5015,0.3343,1.0,0.0,ok,5.5715,0.0,0.0,1.0,0.0,0.0,1.0,0.0,0.0,0.16666666666666666,ccd733959138440885578f1afeaaa4a7,scene-0108,43
0.7917,0.0527,0.5352,0.4763,0.4866,0.4424,0.0,0.0,0.0,0.0,0.0,0.0,0.0,0.0,0.0,ok,straight,0.7917,0.0527,0.8205,0.4763,0.4866,0.4899,False,"[-0.1305, -0.1305, -0.5875, -1.1097, -0.3916, -0.2611, -0.0653, -0.0]","[-93.6831, -200.2244, -277.5218, -2168.3955, -4052.3323, -5474.1758, -103023.0307, -827721.6073]","[2.4272, 2.4256, -1000276.125, -1002166.9999, -1004050.9368, -1005472.7802, -1103021.6339, -1827720.2105]","[0.49, 0.392, 0.939, 1.438, 2.26, 1.118, 8.556, 10.015]",3.6018,0.0,0.0,0.0,0.0,0.0,0.0,0.0,0.0,0.0,0.3919,8.0,0.2379,0.0527,0.8205,0.1823,0.3396,0.3919,"[[3.686, 0.0], [7.398, -0.131], [11.11, -0.131], [14.25, -0.131], [18.248, -0.261], [21.389, -0.261]]",0.5539,0.0,0.0,0.294,0.147,0.098,1.0,0.0,ok,10.0154,0.0,0.0,0.0,0.0,0.0,0.0,0.0,0.0,0.0,0141260a339d4b37addb55818bbae718,scene-0108,43
1.2078,1.0661,2.1598,0.8186,0.9902,1.4303,0.0,0.0,0.0,0.0,0.0,0.0,0.0,0.0,0.0,ok,straight,2.3546,1.3769,2.1598,1.5336,1.7128,1.912,False,"[-0.1305, -0.1305, -0.0653, -0.1305, -0.2611, -0.0653, -0.1958, -0.0653]","[-567.3127, -1805.2587, -3172.8972, -4667.0105, -6153.9642, -9408.1921, -10143.4905, -19575.2375]","[3.924, -1001802.467, -1003170.1056, -1004664.1975, -1006151.1512, -1009405.4004, -1010140.6988, -1019572.4245]","[1.912, 1.908, 1.961, 1.842, 2.32, 2.782, 2.314, 2.635]",0.3371,0.0,0.0,0.0,0.0,0.0,0.0,0.0,0.0,0.0,1.8415,8.0,2.3546,1.3769,0.8854,1.5336,1.7128,1.8415,"[[3.4, 0.0], [5.685, 0.0], [9.396, 0.0], [13.965, 0.0], [16.249, -0.261], [19.961, -0.261]]",0.0,0.0,1.2744,0.0,0.0,0.0705,2.0,0.0,ok,2.782,0.0,0.0,0.0,0.0,0.0,0.0,0.0,0.0,0.0,4d0d06979c984a72bfb9e6c5e3a35f84,scene-0109,43
1.0945,2.623,3.0089,0.962,1.7399,2.2326,0.0,0.0,0.0,0.0,0.0,0.0,0.0,0.0,0.0,ok,right,1.0945,2.6136,3.0089,0.962,1.7375,2.2346,False,"[0.8486, 0.2611, 0.7833, 0.5222, 0.8486, 0.8486, 2.0888, 0.8486]","[-172.0673, -119.2116, -1090.9283, -1806.3309, -2523.0507, -6214.3134, -9759.3022, -10654.1938]","[2.8012, 1.6352, -1001088.2024, -1001803.605, -1002520.3248, -1006212.4161, -1009757.405, -1010651.4679]","[2.235, 2.272, 1.337, 1.79, 1.699, 3.753, 2.718, 1.976]",0.698,0.0,0.0,0.0,0.0,0.0,0.0,0.0,0.0,0.0,1.3367,8.0,0.359,1.4233,3.4279,0.2155,0.9344,1.3367,"[[3.115, 0.0], [5.399, -0.131], [8.54, -0.522], [11.11, -0.914], [14.25, -1.044], [16.249, -1.697]]",0.7355,1.1903,-0.419,0.7466,0.8031,0.8979,4.0,0.0,ok,3.7532,0.0,0.0,0.0,0.0,0.0,0.0,0.0,0.0,0.0,fe6cb26795a641bb96d5fada8f535b1c,scene-0109,43
0.843,2.2486,3.9049,0.5302,1.1823,1.9531,0.0,0.0,0.0,0.0,0.0,0.0,0.0,0.0,0.0,ok,left,1.025,2.167,3.9049,0.6541,1.2238,1.9808,False,"[-0.0653, -0.1305, -0.0653, 0.0653, -0.0653, 0.9138, 1.5666, 0.1305]","[-716.5804, -1060.0865, -2600.902, -7243.8684, -1244.1388, -6004.3699, -15475.8283, -19608.2306]","[0.1991, 0.0344, -1002600.9795, -1007243.9458, -2003530.5232, -2008290.7544, -2017762.2127, -2021894.6151]","[1.981, 2.107, 1.784, 4.368, 2.019, 3.154, 3.021, 4.323]",0.9829,0.0,0.0,0.0,0.0,0.0,0.0,0.0,0.0,0.0,1.7839,8.0,1.025,2.167,3.701,0.6541,1.2238,1.7839,"[[2.829, -0.131], [7.112, 0.131], [8.54, 0.0], [11.11, 0.0], [13.679, -0.131], [16.249, -0.131]]",0.0,0.0,0.204,0.0,0.0,0.1969,1.0,0.0,ok,4.3676,0.0,0.0,0.0,0.0,0.0,0.0,0.0,0.0,0.0,c42868f6a88b4f0db5e64d3b206977df,scene-0109,43
1.0272,1.478,0.7611,0.6203,1.1922,1.3525,0.0,0.0,0.0,0.0,0.0,0.0,0.0,0.0,0.0,ok,straight,1.6033,1.2144,0.9979,1.4829,1.2707,1.3029,True,"[-0.6527, -0.718, -0.6527, -0.5222, -4.3734, -8.2899, -0.9138, -0.6527]","[-167.5303, -712.323, -385.2692, -2054.3009, -2229.9098, -14093.6244, -16762.3619, -117614.4098]","[3.7349, 3.6956, 3.5251, -1002051.8245, -1002227.4334, -1014090.944, -1016759.6815, -1117611.9333]","[1.303, 1.097, 1.728, 2.124, 3.603, 4.368, 2.78, 9.679]",2.6192,0.0,0.0,0.0,0.0,0.0,0.0,0.0,0.0,0.0,1.0965,8.0,1.6033,1.2144,0.9833,1.4829,1.2707,1.0965,"[[4.828, -0.261], [7.969, -0.131], [10.824, -0.522], [14.822, -0.653], [19.104, -1.044], [22.245, -1.305]]",0.0,0.0,0.0146,0.0,0.0,0.2064,1.0,0.0,ok,9.6791,0.0,0.0,0.0,0.0,0.0,0.0,0.0,0.0,0.0,d5fc40696a104448993f0ac24c29032d,scene-0109,43
0.6148,0.8291,1.4705,0.5746,0.6314,0.8495,0.0,0.0,0.0,0.0,0.0,0.0,0.0,0.0,0.0,ok,straight,0.6148,0.8291,1.4705,0.5746,0.6314,0.8495,False,"[-0.1305, -0.1305, -0.1958, -0.6527, -0.1305, -0.1958, -0.3264, -0.0653]","[-6.6969, -1919.7146, -2674.2547, -636653.0085, -1556.3111, -2466.2635, -111117.0056, -676872.9217]","[4.2597, -1001916.656, -1002671.1961, -1636649.9499, -2002546.598, -2003456.5503, -2112107.2924, -2677863.2085]","[0.85, 1.152, 0.942, 9.12, 1.179, 1.605, 4.029, 8.432]",3.2439,0.0,0.0,0.0,0.0,0.0,0.0,0.0,0.0,0.0,0.8495,8.0,0.6148,0.8291,1.4705,0.5746,0.6314,0.8495,"[[4.542, 0.0], [9.396, -0.131], [14.25, -0.131], [18.819, -0.131], [23.387, -0.131], [27.956, -0.261]]",0.0,0.0,0.0,0.0,0.0,0.0,0.0,1.0,ok,9.1199,0.0,0.0,0.0,0.0,0.0,0.0,0.0,0.0,0.0,80c91574d0174206a74435200aba8ba8,scene-0110,43
1.7141,3.7618,4.9648,1.031,2.1723,3.1064,0.0,0.0,0.0,0.0,0.0,0.0,0.0,0.0,0.0,ok,straight,0.3022,5.4744,4.9648,0.3251,1.8906,2.9186,True,"[-0.1305, -0.3264, -0.0653, -0.1958, -0.1305, -0.1305, -0.3916, -0.1305]","[-2041.5358, -10309.4872, -35842.938, -813217.9456, -988.8303, -28087.8854, -43981.0032, -778268.8806]","[-1002039.0339, -1010306.9853, -1035840.4362, -1813215.4438, -2002704.8876, -2029803.9428, -2045697.0605, -2779984.938]","[2.919, 4.154, 2.695, 8.635, 2.871, 3.257, 4.074, 9.158]",2.4663,0.0,0.0,0.0,0.0,0.0,0.0,0.0,0.0,0.0,2.6947,8.0,0.3022,5.4744,4.6869,0.3251,1.8906,2.6947,"[[4.257, 0.0], [9.968, 0.0], [13.965, -0.131], [15.107, -0.131], [20.818, -0.131], [25.957, -0.261]]",0.0,0.0,0.2779,0.0,0.0,0.2239,2.0,0.0,ok,9.1579,0.0,0.0,0.0,0.0,0.0,0.0,0.0,0.0,0.0,d968a5eaaae446f6848302351550dd71,scene-0110,43
1.7712,3.7439,4.6572,1.343,2.3404,3.0527,0.0,0.0,0.0,0.0,0.0,0.0,0.0,0.0,0.0,ok,straight,1.7712,3.7439,4.6572,1.343,2.3404,3.0527,False,"[-0.0653, -0.0653, -1.6971, -0.1958, -0.0653, -0.1958, -0.0, -0.0]","[-51.421, -170.9225, -1105.9904, -1650.5461, -6296.5704, -8643.0801, -9519.4714, -17245.0095]","[4.2071, 4.1542, -1001103.2012, -1001647.757, -1006293.7494, -1008640.2592, -1009516.6505, -1017242.2203]","[3.053, 3.053, 3.305, 5.152, 2.752, 2.858, 2.43, 7.018]",1.4718,0.0,0.0,0.0,0.0,0.0,0.0,0.0,0.0,0.0,2.4297,8.0,1.7712,3.7439,2.6591,1.343,2.3404,2.4297,"[[4.257, 0.0], [8.54, 0.0], [12.537, -0.131], [16.82, -0.131], [20.818, -0.131], [25.957, -0.131]]",0.0,0.0,1.998,0.0,0.0,0.623,3.0,0.0,ok,7.0177,0.0,0.0,0.0,0.0,0.0,0.0,0.0,0.0,0.0,befb06465a7f4b0793dcaa467854a6dc,scene-0110,43
1.5138,4.3388,6.3674,0.9778,2.1104,3.1061,0.0,0.0,0.0,0.0,0.0,0.0,0.0,0.0,0.0,ok,straight,0.9462,3.7692,4.0987,0.8355,1.8969,2.394,True,"[-0.0653, -0.1305, -0.1305, -0.1305, -0.1305, -0.6527, -0.0653, -0.0653]","[-567.3006, -29.1511, -133.2322, -286.7401, -1735.1943, -2332.0331, -14538.8435, -33897.5014]","[2.9525, 2.6516, 2.6372, 2.6236, -1001733.3614, -1002330.1952, -1014537.0055, -1033895.6635]","[2.394, 2.677, 2.917, 2.962, 2.499, 3.247, 2.899, 3.844]",0.4295,0.0,0.0,0.0,0.0,0.0,0.0,0.0,0.0,0.0,2.394,8.0,0.9462,3.7692,4.0987,0.8355,1.8969,2.394,"[[3.971, 0.0], [8.54, 0.0], [12.537, -0.131], [15.678, -0.131], [21.103, -0.261], [24.53, -0.131]]",0.0,0.0,0.0,0.0,0.0,0.0,0.0,1.0,ok,3.8442,0.0,0.0,0.0,0.0,0.0,0.0,0.0,0.0,0.0,355be35606a1455e83b171ce89822e54,scene-0110,43
1.2111,2.1373,3.9938,0.9854,1.4436,2.052,0.0,0.0,0.0,0.0,0.0,0.0,0.0,0.0,0.0,ok,straight,1.2111,2.1373,3.9938,0.9854,1.3723,2.0045,True,"[-0.0, -0.0, -0.0653, -0.0653, -0.0, -0.2611, -0.3916, -0.0653]","[-62.9098, -355.9889, -945.5372, -1097.9892, -1249.0125, -1998.9725, -2921.4136, -88421.0921]","[4.5407, 3.781, -1000942.954, -1001095.4061, -1001245.6799, -1001995.6399, -1002918.0809, -1088418.509]","[2.004, 1.534, 1.386, 1.531, 2.239, 1.922, 1.979, 4.18]",0.8334,0.0,0.0,0.0,0.0,0.0,0.0,0.0,0.0,0.0,1.386,8.0,1.2111,0.4434,2.5697,0.9854,0.667,1.386,"[[1.116, 0.0], [2.258, 0.0], [3.686, 0.0], [4.542, 0.0], [5.685, 0.0], [5.685, 0.0]]",0.0,1.6939,1.4241,0.0,0.7053,0.6185,5.0,0.0,ok,4.1804,0.0,0.0,0.0,0.0,0.0,0.0,0.0,0.0,0.0,79070dca796f4ffb868d84f1b067f9c2,scene-0221,43
0.3811,0.8948,0.8667,0.2972,0.5918,0.8314,0.0,0.0,0.0,0.0,0.0,0.0,0.0,0.0,0.0,ok,straight,0.3811,0.8948,1.7231,0.2972,0.5918,0.9741,False,"[-0.0, -0.0, -0.0, -0.0653, -0.0, -0.1958, -0.0, -0.718]","[-100.4808, -204.6028, -672.2967, -1210.7663, -2339.348, -2685.7489, -3252.0366, -12673.2626]","[3.7425, 3.649, 3.5277, -1001208.2709, -1002336.919, -1002683.2534, -1003249.5411, -1012670.8336]","[0.974, 1.069, 1.167, 1.362, 1.119, 1.275, 1.418, 2.819]",0.554,0.0,0.0,0.0,0.0,0.0,0.0,0.0,0.0,0.0,0.9741,8.0,0.3811,0.8948,1.7231,0.2972,0.5918,0.9741,"[[0.259, 0.0], [1.116, 0.0], [1.687, 0.0], [1.687, 0.0], [2.544, 0.0], [2.544, 0.0]]",0.0,0.0,0.0,0.0,0.0,0.0,0.0,1.0,ok,2.8193,0.0,0.0,1.0,0.0,0.0,1.0,0.0,0.0,0.16666666666666666,eda82ccd4f3747eab66d9c402317dbc9,scene-0221,43
1.5267,2.6911,3.3634,1.1094,1.8138,2.3513,0.0,0.0,0.0,0.0,0.0,0.0,0.0,0.0,0.0,ok,left,1.5267,2.6911,4.0874,1.1094,1.8138,2.472,False,"[1.2402, 3.6554, -8.2899, 2.3499, 1.6971, 1.2402, 8.2899, 1.7624]","[-23.8322, -1126.2492, -23816.4912, -64297.0115, -1264.7101, -1893.3096, -15642.1209, -67670.6777]","[1.1049, -1001125.9095, -1023816.1515, -1064296.6718, -2002423.8401, -2003052.4396, -2016801.2509, -2068829.8077]","[2.472, 2.189, 7.292, 3.945, 2.255, 2.575, 3.743, 4.483]",1.6074,0.0,0.0,0.0,0.0,0.0,0.0,0.0,0.0,0.0,2.1885,8.0,1.5267,2.6911,3.7736,1.1094,1.8138,2.1885,"[[1.116, 0.131], [2.258, 0.261], [3.686, 0.522], [5.113, 1.175], [5.97, 1.697], [6.827, 2.48]]",0.0,0.0,0.3138,0.0,0.0,0.2835,2.0,0.0,ok,7.2921,0.0,1.0,0.0,0.0,1.0,1.0,0.0,0.25,0.3333333333333333,4fa6e380731d4819bc404bcf38240a90,scene-0221,43
0.6831,0.2228,1.4417,0.5502,0.4587,0.7922,0.0,0.0,0.0,0.0,0.0,0.0,0.0,0.0,0.0,ok,straight,0.6831,0.2228,4.5623,0.5502,0.4587,1.4064,False,"[-0.0653, -0.0653, -0.0653, -0.0653, -0.1958, -0.0653, -0.1305, -0.0]","[-56.0879, -108.2047, -432.3312, -625.8489, -503.9596, -807.1033, -1749.3722, -15905.1653]","[2.1782, 2.168, 2.098, 2.0599, -1000502.5684, -1000805.7121, -1001747.9872, -1015903.7803]","[1.406, 0.792, 0.856, 0.614, 0.85, 2.458, 0.84, 2.276]",0.6738,0.0,0.0,0.0,0.0,0.0,0.0,0.0,0.0,0.0,0.6137,8.0,0.6831,0.6054,0.2905,0.5502,0.5544,0.6137,"[[1.687, 0.0], [3.115, 0.0], [4.542, 0.0], [5.97, -0.131], [5.97, -0.131], [5.399, -0.131]]",0.0,-0.3826,4.2718,0.0,-0.0956,0.7927,5.0,0.0,ok,2.4582,0.0,0.0,0.0,0.0,0.0,0.0,0.0,0.0,0.0,a5e43b1d5df14313b0ad5e9a7310c355,scene-0221,43
3.0657,6.9851,9.8948,2.3684,4.2459,5.9263,0.0,0.0,0.0,0.0,0.0,0.0,0.0,0.0,0.0,ok,left,3.0657,6.9851,9.8948,2.3684,4.1016,5.83,True,"[1.2402, 1.2402, 2.9374, 1.893, 4.1123, 8.2899, 0.8486, 3.0026]","[-147.2701, -355.8563, -1126.3375, -5229.8227, -8823.5955, -17380.6469, -38546.4488, -54347.5226]","[1.6257, -0.4947, -1001126.8943, -1005228.2703, -1008822.0431, -1017381.2038, -1038547.0057, -1054345.9702]","[5.83, 5.8, 6.081, 5.056, 6.067, 6.296, 6.813, 7.675]",0.7245,0.0,0.0,0.0,0.0,0.0,0.0,0.0,0.0,0.0,5.0556,8.0,3.0657,6.9851,4.8686,2.3684,4.1016,5.0556,"[[3.115, 0.131], [6.541, 0.392], [9.682, 0.783], [12.252, 1.697], [15.393, 1.697], [19.961, 2.48]]",0.0,0.0,5.0262,0.0,0.0,0.7744,2.0,0.0,ok,7.6752,0.0,0.0,0.0,0.0,0.0,0.0,0.0,0.0,0.0,30e55a3ec6184d8cb1944b39ba19d622,scene-0268,43
1.6946,2.6942,3.4579,1.2772,2.0213,2.3549,0.0,0.0,0.0,0.0,0.0,0.0,0.0,0.0,0.0,ok,straight,1.6946,4.1158,3.4579,1.2772,2.2346,2.6396,False,"[-0.0653, -0.0653, -0.1958, -1.5666, -0.0653, -0.0, -0.718, -0.5222]","[-499.8693, -66.5019, -127.2956, -589.3421, -1004.0655, -1530.0677, -3905.5395, -1048934.2806]","[3.1371, 3.1258, 2.8655, -1000587.2639, -1001001.9747, -1001527.9895, -1003903.4487, -2048932.1897]","[2.64, 2.592, 2.829, 2.471, 2.461, 2.309, 3.167, 10.592]",2.642,0.0,0.0,0.0,0.0,0.0,0.0,0.0,0.0,0.0,2.3089,8.0,1.6946,3.2622,0.904,1.2772,2.1633,2.3089,"[[3.115, 0.0], [6.541, 0.0], [9.682, 0.0], [11.395, 0.0], [15.393, -0.131], [18.248, -0.131]]",0.0,0.8536,2.5539,0.0,0.0713,0.3306,4.0,0.0,ok,10.5923,0.0,0.0,0.0,0.0,0.0,0.0,0.0,0.0,0.0,f7d75d25c86941f3aecfed9efea1a3e3,scene-0268,43
0.2514,0.661,2.5055,0.1342,0.3301,0.9211,0.0,0.0,0.0,0.0,0.0,0.0,0.0,0.0,0.0,ok,straight,0.2514,0.661,3.6449,0.1342,0.3301,1.0631,False,"[-0.0, -0.0653, -0.0653, -0.0, -0.0, -0.0, -0.0653, -0.0653]","[-20.6001, -43.1487, -56.641, -856.7491, -6423.7524, -23283.9378, -103060.7349, -177490.2311]","[3.3687, 1.3684, 1.3669, -1000855.0091, -1006422.0136, -1023282.199, -1103058.9949, -1177488.4923]","[1.063, 0.779, 0.917, 0.611, 1.223, 4.913, 3.431, 5.056]",1.7837,0.0,0.0,0.0,0.0,0.0,0.0,0.0,0.0,0.0,0.6108,8.0,0.2514,0.661,0.0684,0.1342,0.3301,0.6108,"[[2.258, 0.0], [4.542, 0.0], [6.541, 0.0], [8.54, 0.0], [10.824, 0.0], [14.25, 0.0]]",0.0,0.0,3.5764,0.0,0.0,0.4523,3.0,0.0,ok,5.0563,0.0,0.0,0.0,0.0,0.0,0.0,0.0,0.0,0.0,f38aedc5545643d5be815165c6574186,scene-0268,43
0.5176,1.2116,2.3586,0.4107,0.7138,1.1547,0.0,0.0,0.0,0.0,0.0,0.0,0.0,0.0,0.0,ok,straight,0.5176,1.2116,2.3586,0.4107,0.7138,1.1547,False,"[-0.0, -0.0, -0.0, -0.0, -0.1958, -0.0, -0.0653, -0.0]","[-0.013, -55.7905, -71.4437, -308.8682, -1028.0325, -1464.0468, -2278.6496, -8958.4701]","[3.4522, 3.3741, 3.3686, 3.3427, -1001025.7079, -1001461.7806, -1002276.325, -1008956.2039]","[1.155, 1.149, 0.676, 1.368, 1.845, 1.314, 1.606, 1.79]",0.3602,0.0,0.0,0.0,0.0,0.0,0.0,0.0,0.0,0.0,0.6757,8.0,0.5176,1.2116,0.0924,0.3925,0.7047,0.6757,"[[-0.026, 0.0], [-0.026, 0.0], [-0.026, 0.0], [-0.026, 0.0], [-0.026, 0.0], [-0.026, 0.0]]",0.0,0.0,2.2662,0.0182,0.0091,0.4789,2.0,0.0,ok,1.8452,0.0,1.0,1.0,0.0,1.0,1.0,0.0,0.25,0.5,8d4ef2af6b394e5e8ccfd6e2e90156dc,scene-0268,43
0.6913,1.979,4.6654,0.3836,1.0276,2.0705,0.0,0.0,0.0,0.0,0.0,0.0,0.0,0.0,0.0,ok,left,0.6913,1.979,4.9184,0.3836,0.9565,2.0653,True,"[2.3499, 2.3499, -8.2899, -8.2899, -8.2899, 4.047, 1.0444, 8.2899]","[-232.1775, -1692.4382, -5209.0524, -14421.633, -24216.1445, -63133.4531, -74744.0393, -77451.1033]","[2.7227, -1001692.1546, -1005207.8869, -1014421.3494, -1024214.979, -1063133.1695, -1074742.8738, -1077450.8197]","[2.065, 3.235, 5.944, 7.487, 4.85, 7.644, 4.057, 7.444]",1.9923,0.0,0.0,0.0,0.0,0.0,0.0,0.0,0.0,0.0,2.0653,8.0,0.6913,1.979,4.9184,0.3836,0.9565,2.0653,"[[1.687, 0.131], [3.686, 0.653], [5.399, 1.697], [6.541, 3.003], [7.398, 3.003], [8.254, 4.7]]",0.0,0.0,0.0,0.0,0.0,0.0,0.0,1.0,ok,7.6442,0.0,0.0,0.0,0.0,0.0,0.0,0.0,0.0,0.0,adce54dcf6404d37bd170ffc4c2a7836,scene-0269,43
0.9408,0.9851,3.3868,0.7154,0.9856,1.5799,0.0,0.0,0.0,0.0,0.0,0.0,0.0,0.0,0.0,ok,straight,0.9408,0.4253,3.6866,0.7154,0.8457,1.3943,True,"[-1.0444, -1.0444, -2.0235, -3.0679, -1.1749, -1.436, -8.2899, -1.8277]","[-93.9863, -1279.0571, -1609.4768, -7876.6523, -10708.6217, -15004.896, -25303.4195, -30831.4435]","[3.3453, -1001277.3666, -1001607.8348, -1007875.0103, -1010706.9312, -1015003.2539, -1025301.729, -1030829.753]","[1.394, 2.116, 1.344, 2.419, 2.828, 2.23, 4.573, 5.264]",1.3342,0.0,0.0,0.0,0.0,0.0,0.0,0.0,0.0,0.0,1.3444,8.0,0.9408,0.4253,2.8273,0.7154,0.8457,1.3444,"[[3.686, -0.131], [7.398, -0.261], [11.11, -0.522], [15.678, -0.783], [19.104, -1.175], [21.96, -2.089]]",0.0,0.0,0.8593,0.0,0.0,0.05,1.0,0.0,ok,5.2639,0.0,0.0,0.0,0.0,0.0,0.0,0.0,0.0,0.0,1220f9a205ae44418fcce91722e1e601,scene-0269,43
1.2879,1.9825,6.8346,1.1077,1.4266,3.0025,0.0,0.0,0.0,0.0,0.0,0.0,0.0,0.0,0.0,ok,straight,1.2879,1.9825,4.559,1.1077,1.4266,2.6254,True,"[-0.5875, -0.3264, -0.5875, -0.3264, -0.3916, -0.0653, -0.9791, -0.3264]","[-748.1329, -3327.6877, -5147.5532, -5312.0028, -8428.8394, -21092.0464, -42118.6177, -903410.9903]","[-1000746.0228, -1003325.5775, -1005145.0914, -1005309.5409, -1008426.3775, -1021089.9363, -1042116.5075, -1903408.5285]","[2.625, 2.118, 2.284, 1.713, 2.157, 2.259, 5.106, 11.166]",2.9955,0.0,0.0,0.0,0.0,0.0,0.0,0.0,0.0,0.0,1.7134,8.0,1.2879,1.0064,1.9573,1.1077,0.9148,1.7134,"[[3.686, 0.0], [7.969, -0.131], [12.537, -0.261], [16.82, -0.522], [19.104, -0.783], [24.815, -1.175]]",0.0,0.9762,2.6017,0.0,0.5118,0.9121,5.0,0.0,ok,11.1662,0.0,0.0,0.0,0.0,0.0,0.0,0.0,0.0,0.0,802619f6fb5940608483cb29fc1beab6,scene-0269,43
0.4207,0.5868,0.5772,0.2899,0.4555,0.4595,0.0,0.0,0.0,0.0,0.0,0.0,0.0,0.0,0.0,ok,straight,0.4207,0.5868,1.726,0.2899,0.449,0.8218,False,"[-0.718, -0.718, -0.5222, -0.4569, -0.6527, -8.2899, -0.8486, -0.8486]","[-362.8736, -523.5253, -706.7841, -1055.058, -2122.1492, -17521.7319, -24935.7273, -102769.0435]","[3.4334, 3.428, -1000704.2714, -1001052.5454, -1002119.6371, -1017519.2198, -1024933.2152, -1102766.5308]","[0.822, 0.961, 1.509, 1.134, 1.701, 4.797, 3.395, 3.306]",1.3551,0.0,0.0,0.0,0.0,0.0,0.0,0.0,0.0,0.0,0.8218,8.0,0.4207,0.5868,1.726,0.2899,0.449,0.8218,"[[4.542, 0.0], [8.825, -0.131], [13.394, -0.261], [18.248, -0.522], [22.245, -1.044], [29.098, -1.436]]",0.0,0.0,0.0,0.0,0.0,0.0,0.0,1.0,ok,4.7965,0.0,0.0,0.0,0.0,0.0,0.0,0.0,0.0,0.0,5abd3d15e63c44a8a8189a6e70a496ef,scene-0269,43
0.9317,2.9207,3.4587,0.5796,1.4077,2.1521,0.0,0.0,0.0,0.0,0.0,0.0,0.0,0.0,0.0,ok,straight,0.9317,2.9207,3.4587,0.5796,1.4077,2.1521,False,"[-0.0653, -0.0653, -0.0653, -0.1305, -0.1305, -0.0, -0.0653, -0.0653]","[-49.3331, -407.8664, -1178.0794, -1215.3801, -1720.7612, -4948.3347, -8613.037, -105242.0084]","[4.3767, 4.267, 4.2444, -1001211.7624, -1001717.0444, -1004944.6179, -1008609.3202, -1105238.3908]","[2.152, 1.723, 2.103, 1.68, 1.925, 3.776, 3.312, 10.241]",2.6953,0.0,0.0,0.0,0.0,0.0,0.0,0.0,0.0,0.0,1.6799,8.0,0.9317,1.7822,1.4708,0.5796,1.3342,1.6799,"[[3.686, 0.0], [7.398, 0.0], [11.11, -0.131], [15.393, -0.131], [19.104, -0.131], [21.389, -0.131]]",0.0,1.1386,1.9879,0.0,0.0734,0.4722,4.0,0.0,ok,10.2406,0.0,0.0,0.0,0.0,0.0,0.0,0.0,0.0,0.0,51f37263b06c417e94138f2d9348f909,scene-0270,43
1.2381,2.5748,3.5796,0.8836,1.5495,2.2069,0.0,0.0,0.0,0.0,0.0,0.0,0.0,0.0,0.0,ok,straight,1.2381,2.5748,4.435,0.8836,1.5495,2.3487,False,"[-0.0, -0.0, -0.0653, -0.0, -0.5222, -0.2611, -0.1958, -0.3916]","[-6.3919, -17.2085, -31.5741, -614.7984, -829.2863, -893.3394, -2421.6721, -12240.8058]","[5.3906, 5.3878, 5.0346, 3.9425, 1.0915, -1000890.7478, -1002419.0805, -1012236.9224]","[2.349, 2.207, 1.73, 1.937, 2.997, 1.434, 2.145, 2.644]",0.4652,0.0,0.0,0.0,0.0,0.0,0.0,0.0,0.0,0.0,1.4338,8.0,0.4779,2.2855,1.0528,0.5035,1.1446,1.4338,"[[2.258, 0.0], [4.542, 0.0], [6.541, 0.0], [8.54, 0.0], [10.539, -0.131], [12.537, 0.0]]",0.7603,0.2894,3.3822,0.3801,0.4049,0.9149,5.0,0.0,ok,2.9966,0.0,0.0,0.0,0.0,0.0,0.0,0.0,0.0,0.0,7b175346a22b4e68b54a9d21f88446dc,scene-0270,43
0.1637,0.1585,0.1591,0.165,0.1617,0.1608,0.0,0.0,0.0,0.0,0.0,0.0,0.0,0.0,0.0,ok,straight,0.1637,0.1585,1.8417,0.165,0.1617,0.5314,False,"[-0.0, -0.0, -0.0, -0.0653, -0.1305, -0.3916, -0.0, -0.0]","[-19.5796, -25.0582, -32.3155, -102.4411, -54.4665, -931.6576, -962.5878, -318350.1583]","[2.5361, 2.536, 2.5359, 2.0262, 1.5177, -1000930.0749, -1000961.005, -1318348.5756]","[0.531, 0.298, 0.284, 0.428, 0.867, 0.73, 0.441, 6.088]",1.8537,0.0,0.0,0.0,0.0,0.0,0.0,0.0,0.0,0.0,0.2839,8.0,0.1229,0.1585,0.9853,0.1213,0.1398,0.2839,"[[-0.026, 0.0], [-0.026, 0.0], [-0.026, 0.0], [-0.026, 0.0], [0.831, 0.0], [1.973, 0.0]]",0.0408,0.0,0.8564,0.0437,0.0219,0.2475,4.0,0.0,ok,6.0875,0.0,0.0,0.0,0.0,0.0,0.0,0.0,0.0,0.0,849bde6d489544178c838baa28142bd4,scene-0270,43
0.3452,0.1155,0.698,0.3426,0.2456,0.3407,0.0,0.0,0.0,0.0,0.0,0.0,0.0,0.0,0.0,ok,straight,0.3452,0.1155,0.698,0.3426,0.2456,0.3407,False,"[-0.0, -0.0, -0.0, -0.0, -0.0653, -0.1305, -0.2611, -0.9138]","[-49.1304, -116.0978, -171.6668, -174.7209, -207.2375, -468.4205, -135.5657, -1478509.2876]","[3.298, 3.2973, 3.2972, 3.2972, 3.0749, 2.8525, 2.4086, -2478506.9514]","[0.341, 0.575, 0.453, 0.458, 0.671, 0.477, 0.851, 12.784]",4.0498,0.0,0.0,0.0,0.0,0.0,0.0,0.0,0.0,0.0,0.3407,8.0,0.3452,0.1155,0.698,0.3426,0.2456,0.3407,"[[-0.026, 0.0], [0.259, 0.0], [1.116, 0.0], [1.116, 0.0], [1.116, 0.0], [1.116, 0.0]]",0.0,0.0,0.0,0.0,0.0,0.0,0.0,1.0,ok,12.7838,0.0,0.0,0.0,0.0,0.0,0.0,0.0,0.0,0.0,9de41b523cce4fb3aa4f6230ec06345d,scene-0270,43
4.0168,6.2673,9.4793,3.2995,4.4675,5.909,0.0,1.0,0.0,0.0,1.0,1.0,0.0,0.5,0.5,ok,straight,4.0168,6.5529,9.4793,3.2995,4.5389,6.0042,False,"[-0.0653, -0.0653, -0.0653, -0.0653, -0.0653, -0.5875, -0.1958, -0.1305]","[-25.2978, -57.6262, -92.2444, -395.6143, -511.9523, -230.0717, -3382.4052, -9432.1222]","[2.8461, 2.8223, 2.8111, 2.7126, 2.6881, -0.3165, -1003380.6539, -1009430.3709]","[6.004, 6.052, 6.384, 7.241, 5.053, 5.336, 5.766, 6.91]",0.6931,0.0,1.0,0.0,0.0,1.0,1.0,0.0,0.5,0.5,5.0533,8.0,4.0168,6.5529,6.3428,3.2995,4.5389,5.0533,"[[2.829, 0.0], [5.113, 0.0], [7.398, 0.0], [10.253, -0.131], [13.108, -0.131], [15.393, -0.131]]",0.0,0.0,3.1365,0.0,0.0,0.9509,3.0,0.0,ok,7.2414,0.0,1.0,1.0,0.0,1.0,1.0,0.0,0.5,0.6666666666666666,c28c950afda14f7b93ff956799873dff,scene-0271,43
3.885,8.8132,11.2043,3.0266,5.2638,7.155,0.0,0.0,0.0,0.0,0.0,0.0,0.0,0.0,0.0,ok,straight,3.885,8.8132,11.2043,3.0266,5.2638,7.0132,True,"[-0.3264, -0.3264, -0.0653, -2.2193, -1.0444, -0.8486, -0.8486, -0.4569]","[-198.0088, -788.2121, -318.3552, -1931.7966, -7159.8087, -39665.7349, -40064.8369, -56274.3996]","[5.2401, 5.1918, -1000314.6535, -1001928.116, -1007156.128, -1039662.0332, -1040061.1352, -1056270.7189]","[7.013, 7.207, 8.918, 7.469, 9.124, 8.448, 9.759, 9.32]",0.9812,0.0,0.0,0.0,0.0,0.0,0.0,0.0,0.0,0.0,7.0132,8.0,3.885,8.8132,11.2043,3.0266,5.2638,7.0132,"[[4.828, 0.0], [9.111, 0.0], [13.965, 0.131], [19.104, 0.0], [22.531, 0.131], [26.528, 0.653]]",0.0,0.0,0.0,0.0,0.0,0.0,0.0,1.0,ok,9.7589,0.0,0.0,0.0,0.0,0.0,0.0,0.0,0.0,0.0,28b11a54a9554bcab30d73ee193046b5,scene-0271,43
3.1374,6.2199,9.8301,2.2626,3.793,5.6251,0.0,0.0,0.0,0.0,0.0,0.0,0.0,0.0,0.0,ok,straight,3.1374,6.2199,9.8301,2.5481,3.9358,5.6727,False,"[-0.0653, -0.0653, -0.1305, -0.2611, -0.0653, -0.0653, -0.1305, -0.0653]","[-38.0451, -121.9669, -66.8914, -225.0951, -993.3869, -7929.5312, -12806.3675, -113817.6857]","[2.6683, 2.666, 1.6596, -0.3605, -1000990.3798, -1007926.5241, -1012803.3603, -1113814.6786]","[5.673, 4.582, 5.913, 5.959, 5.34, 5.959, 4.648, 7.767]",0.931,0.0,0.0,0.0,0.0,0.0,0.0,0.0,0.0,0.0,4.5819,8.0,3.1374,6.2199,5.285,2.5481,3.9358,4.5819,"[[3.686, 0.0], [6.541, 0.0], [9.111, 0.0], [11.966, -0.131], [15.107, -0.131], [17.391, -0.131]]",0.0,0.0,4.5451,0.0,0.0,1.0908,3.0,0.0,ok,7.7673,0.0,0.0,0.0,0.0,0.0,0.0,0.0,0.0,0.0,f09c85b7ca614a97b5a2293ad5b1182c,scene-0271,43
5.1137,9.6831,15.3934,3.9716,6.2564,8.731,0.0,0.0,0.0,0.0,0.0,0.0,0.0,0.0,0.0,ok,straight,5.1137,9.6831,10.5389,3.9716,6.2564,7.7316,True,"[-0.0, -0.1305, -0.3264, -0.1305, -0.0653, -0.3916, -1.6971, -0.0653]","[-41.8897, -34.7975, -1558.7754, -2380.7685, -3045.5527, -3654.3539, -4611.6238, -92144.2511]","[3.4566, 3.2077, -1001555.9432, -1002377.9363, -1003042.7206, -1003652.0163, -1004608.7917, -1092141.9134]","[7.732, 8.732, 9.476, 9.5, 9.501, 9.212, 10.973, 10.271]",0.9029,0.0,0.0,0.0,0.0,0.0,0.0,0.0,0.0,0.0,7.7316,8.0,5.1137,9.6831,10.5389,3.9716,6.2564,7.7316,"[[2.829, 0.0], [5.113, 0.0], [7.398, 0.131], [9.682, 0.131], [10.824, 0.131], [10.539, 0.0]]",0.0,0.0,0.0,0.0,0.0,0.0,0.0,1.0,ok,10.9733,0.0,0.0,0.0,0.0,0.0,0.0,0.0,0.0,0.0,95da06d762ea41ed8050c8d7a9cefa8c,scene-0271,43
4.5443,9.9709,15.4064,3.6868,6.2572,8.8298,0.0,0.0,0.0,0.0,0.0,0.0,0.0,0.0,0.0,ok,straight,4.5443,9.9709,14.8422,3.6868,6.2572,8.7357,True,"[-0.3916, -0.3916, -0.3264, -1.7624, -8.2899, -0.0, -0.1305, -0.5222]","[-232.0205, -570.1319, -3132.6547, -12029.8841, -14221.2961, -172329.4706, -209255.3511, -475709.2087]","[3.8035, 3.6726, -1003129.962, -1012027.3201, -1014218.6034, -1172326.9067, -1209252.7871, -1475706.516]","[8.736, 8.833, 9.306, 11.771, 11.098, 17.878, 9.646, 14.83]",3.0619,0.0,0.0,0.0,0.0,0.0,0.0,0.0,0.0,0.0,8.7357,8.0,4.5443,9.9709,14.8422,3.6868,6.2572,8.7357,"[[2.829, 0.0], [4.542, 0.131], [7.683, 0.131], [9.968, 0.261], [12.537, 0.392], [14.822, 0.783]]",0.0,0.0,0.0,0.0,0.0,0.0,0.0,1.0,ok,17.8776,0.0,1.0,0.0,0.0,1.0,1.0,0.0,0.25,0.3333333333333333,e261f474caa34797b0759aa2ca8a576d,scene-0272,43
3.7085,6.8091,7.6239,3.0529,4.6891,5.8836,0.0,0.0,0.0,0.0,0.0,0.0,0.0,0.0,0.0,ok,straight,3.7085,6.8091,7.6239,3.0529,4.6891,5.5509,True,"[-0.0653, -0.0653, -0.3916, -0.3916, -0.4569, -0.0, -0.4569, -0.0653]","[-160.7803, -455.1072, -230.636, -600.8251, -2014.2539, -7748.1377, -44261.1805, -121377.0447]","[5.2275, 4.1689, 3.5092, -1000597.0465, -1002011.5266, -1007745.4103, -1044258.4531, -1121373.2661]","[5.551, 5.551, 6.021, 5.688, 5.022, 5.703, 8.279, 14.21]",2.8744,0.0,0.0,0.0,0.0,0.0,0.0,0.0,0.0,0.0,5.0219,8.0,3.423,6.8091,3.318,3.0529,4.6891,5.0219,"[[3.686, 0.0], [6.541, 0.0], [10.539, 0.0], [13.679, 0.0], [16.249, 0.131], [19.39, 0.131]]",0.2855,0.0,4.3059,-0.0,-0.0,0.529,1.0,0.0,ok,14.2103,0.0,0.0,0.0,0.0,0.0,0.0,0.0,0.0,0.0,6e49bfd9f21447858938b77180bcb6b8,scene-0272,43
0.6498,0.4024,0.4361,0.555,0.5186,0.5137,0.0,0.0,0.0,0.0,0.0,0.0,0.0,0.0,0.0,ok,straight,0.6498,0.4024,0.5623,0.555,0.5186,0.5347,False,"[-0.0, -0.0, -0.0653, -0.1958, -0.3916, -0.0653, -0.0, -0.4569]","[-35.7071, -424.6996, -453.1223, -600.2755, -52.0884, -1258.5775, -5019.4892, -6558.1261]","[4.2547, 4.0823, 3.6906, 2.8689, 1.9698, -1001255.932, -1005016.836, -1006555.4728]","[0.535, 0.868, 0.848, 1.09, 0.937, 1.387, 1.197, 1.894]",0.3849,0.0,0.0,0.0,0.0,0.0,0.0,0.0,0.0,0.0,0.5347,8.0,0.6498,0.4024,0.5623,0.555,0.5186,0.5347,"[[2.829, 0.0], [5.399, 0.0], [7.683, 0.0], [9.682, 0.0], [12.537, 0.0], [15.393, 0.0]]",0.0,0.0,0.0,0.0,0.0,0.0,0.0,1.0,ok,1.8937,0.0,0.0,0.0,0.0,0.0,0.0,0.0,0.0,0.0,670c160e6af24e7c8a8dc34aae1e3a1c,scene-0272,43
0.3771,2.7611,4.9065,0.284,1.1853,2.2171,0.0,0.0,0.0,0.0,0.0,0.0,0.0,0.0,0.0,ok,left,0.3162,2.2538,4.9065,0.3764,1.1047,2.1634,True,"[2.2846, 2.2846, 0.2611, 8.2899, 8.2899, 8.2899, -5.6789, 0.1958]","[-155.3477, -36.3583, -946.4131, -15115.0456, -17392.2091, -32046.6072, -125629.7694, -131704.9082]","[1.7786, 1.7355, -1000945.2947, -1015113.8818, -1017391.0454, -1032045.4435, -1125628.6511, -1131703.7899]","[2.163, 2.133, 2.617, 3.134, 3.47, 5.409, 5.695, 6.914]",1.7002,0.0,0.0,0.0,0.0,0.0,0.0,0.0,0.0,0.0,2.1326,8.0,0.3771,2.2538,4.9065,0.284,1.0585,2.1326,"[[2.829, 0.0], [5.113, 0.914], [6.827, 1.044], [9.111, 1.697], [11.11, 2.48], [13.108, 4.569]]",-0.061,0.0,0.0,0.0924,0.0462,0.0308,1.0,0.0,ok,6.9143,0.0,0.0,0.0,0.0,0.0,0.0,0.0,0.0,0.0,80d7c172efb64b5296f2d22f942bc963,scene-0272,43
1.3644,3.6603,4.2236,0.9397,2.1219,2.9094,0.0,0.0,0.0,0.0,0.0,0.0,0.0,0.0,0.0,ok,right,1.0705,3.6603,3.7192,1.0775,2.1908,2.8712,True,"[0.2611, 0.5222, 0.2611, 0.1305, 0.3264, 0.1958, -0.0653, -0.0]","[-488.8542, -151.8203, -356.1031, -651.9066, -1639.7077, -1691.9496, -51434.7253, -57283.4818]","[4.6417, 3.9564, 2.4474, 1.6846, -1001635.9849, -1001690.4268, -1051431.0025, -1057279.759]","[2.871, 2.928, 2.778, 2.451, 3.146, 3.332, 4.767, 5.762]",1.0734,0.0,0.0,0.0,0.0,0.0,0.0,0.0,0.0,0.0,2.4511,8.0,1.0811,3.6603,2.7762,0.7981,2.0511,2.4511,"[[2.258, 0.0], [5.685, -0.261], [7.969, -0.131], [11.11, -0.261], [13.108, -0.261], [17.391, -0.522]]",-0.0107,0.0,0.943,0.2794,0.1397,0.4202,2.0,0.0,ok,5.762,0.0,0.0,0.0,0.0,0.0,0.0,0.0,0.0,0.0,1d477a7c21784a98b2e6a9289a958fe2,scene-0273,43
2.195,5.9344,10.7638,1.5328,3.3916,5.2535,0.0,0.0,0.0,0.0,0.0,0.0,0.0,0.0,0.0,ok,straight,3.9011,5.9344,10.7638,2.5286,3.8895,5.5982,False,"[-0.6527, -0.6527, -0.3264, -1.5666, -0.0653, -0.9791, -0.3264, -0.1305]","[-615.8771, -320.8043, -1047.3976, -3077.319, -6149.8295, -9464.9962, -12988.8106, -831335.3228]","[2.4452, 2.4298, -1001045.2056, -1003075.1271, -1006147.654, -1009462.8207, -1012986.6187, -1831333.1473]","[5.598, 5.266, 4.564, 6.231, 5.598, 4.739, 5.125, 13.922]",2.8925,0.0,0.0,0.0,0.0,0.0,0.0,0.0,0.0,0.0,4.5642,8.0,3.9011,5.9344,4.4969,2.5286,3.8895,4.5642,"[[3.971, 0.0], [9.111, 0.0], [11.966, -0.392], [15.393, -0.522], [18.819, -1.175], [24.815, -1.305]]",0.0,0.0,6.267,0.0,0.0,1.0341,5.0,0.0,ok,13.9221,0.0,0.0,0.0,0.0,0.0,0.0,0.0,0.0,0.0,b513d361d0874bf8aa8eeae2e04dd25c,scene-0273,43
1.1518,3.3801,5.2104,0.8439,1.7426,2.7365,0.0,0.0,0.0,0.0,0.0,0.0,0.0,0.0,0.0,ok,right,1.1518,3.3801,5.2104,0.8439,1.7426,2.7269,True,"[1.2402, 1.2402, 0.9791, 0.2611, 8.2899, 0.7833, 0.3264, 0.718]","[-78.9165, -540.4587, -747.9063, -1827.0017, -11083.3209, -14919.1658, -542021.7265, -862195.5941]","[1.6979, 1.6495, 1.5445, -1001825.6816, -1011082.0008, -1014917.8457, -1542020.4533, -1862194.3209]","[2.727, 2.263, 3.181, 2.521, 4.708, 3.674, 12.003, 9.31]",3.3828,0.0,0.0,0.0,0.0,0.0,0.0,0.0,0.0,0.0,2.2634,8.0,1.1518,1.7736,5.2104,0.8439,1.0473,2.2634,"[[3.686, -0.131], [7.398, -0.261], [11.11, -0.522], [14.25, -1.044], [18.248, -1.436], [21.96, -2.48]]",0.0,1.6065,0.0,0.0,0.6953,0.4635,2.0,0.0,ok,12.0027,0.0,0.0,0.0,0.0,0.0,0.0,0.0,0.0,0.0,0c35a9646b7b4c74af3699f46d6bed9a,scene-0273,43
0.9884,0.7009,3.8499,0.5698,0.609,1.3509,0.0,0.0,0.0,0.0,0.0,0.0,0.0,0.0,0.0,ok,right,0.7656,0.7009,4.2977,0.6011,0.6247,1.4496,False,"[1.2402, 1.2402, 0.4569, 3.3943, 2.5457, -0.9791, -8.2899, 1.893]","[-233.1605, -130.5181, -364.7355, -3137.3351, -4404.8999, -4511.3832, -19795.8902, -121201.6863]","[2.2772, 2.1408, 2.0457, -1003135.9903, -1004403.416, -1004510.0384, -1019794.4063, -1121200.3415]","[1.45, 1.439, 2.086, 1.809, 2.706, 2.004, 5.697, 4.534]",1.4643,0.0,0.0,0.0,0.0,0.0,0.0,0.0,0.0,0.0,1.4392,8.0,0.9884,0.7009,4.2977,0.5698,0.609,1.4392,"[[4.257, -0.131], [9.396, -0.783], [13.965, -0.522], [18.248, -1.044], [23.387, -1.175], [29.669, -2.48]]",-0.2228,0.0,0.0,0.0313,0.0156,0.0104,1.0,0.0,ok,5.6973,0.0,0.0,0.0,0.0,0.0,0.0,0.0,0.0,0.0,c63c15b4ddae40579136ebaecbbfbfd0,scene-0273,43
0.5525,0.7627,0.9619,0.3629,0.5167,0.71,0.0,0.0,0.0,0.0,0.0,0.0,0.0,0.0,0.0,ok,straight,0.5525,1.2613,0.9619,0.3629,0.6564,0.8031,False,"[-0.0653, -0.0653, -0.1305, -0.0, -0.4569, -0.0653, -0.1958, -0.3264]","[-204.8907, -414.6881, -414.1557, -4759.6903, -7974.8188, -9548.9119, -19711.7736, -47515.0519]","[4.1084, 2.5826, -1000411.4592, -1004758.5056, -1007973.634, -1009546.2153, -1019709.0771, -1047513.8672]","[0.803, 0.71, 1.039, 2.277, 1.454, 2.011, 2.591, 2.538]",0.7249,0.0,0.0,0.0,0.0,0.0,0.0,0.0,0.0,0.0,0.71,8.0,0.5525,0.7627,0.9619,0.3629,0.5167,0.71,"[[3.686, 0.0], [7.398, 0.0], [11.11, -0.131], [15.964, 0.0], [19.104, -0.131], [21.674, -0.131]]",0.0,0.4986,0.0,0.0,0.1397,0.0931,1.0,0.0,ok,2.5909,0.0,0.0,0.0,0.0,0.0,0.0,0.0,0.0,0.0,040a956bf0c04ad09fffc286cab5bc56,scene-0274,43
2.4794,5.4065,8.0979,1.6029,3.0862,4.4447,0.0,0.0,0.0,0.0,0.0,0.0,0.0,0.0,0.0,ok,straight,2.4794,5.4065,8.0979,1.6029,3.0862,4.4447,False,"[-0.0653, -0.0, -0.0653, -0.1958, -0.5875, -0.0653, -0.0, -8.2899]","[-87.5418, -116.3425, -123.5965, -254.3351, -1066.124, -2727.7754, -4971.6488, -172860.5644]","[3.6868, 3.3789, 3.3547, -1000251.4528, -1001063.2417, -1002725.2247, -1004968.7666, -1172858.0136]","[4.445, 5.064, 4.54, 3.404, 5.028, 3.555, 4.258, 11.456]",2.424,0.0,0.0,0.0,0.0,0.0,0.0,0.0,0.0,0.0,3.4044,8.0,2.4794,5.4065,2.4214,1.6029,3.0862,3.4044,"[[2.829, 0.0], [5.399, 0.0], [7.969, 0.0], [10.253, 0.0], [13.108, 0.0], [14.536, 0.131]]",0.0,0.0,5.6766,0.0,0.0,1.0404,3.0,0.0,ok,11.456,0.0,0.0,0.0,0.0,0.0,0.0,0.0,0.0,0.0,72fb9f0f545a4d6b92f6de14c9dcce85,scene-0274,43
0.0359,0.5831,1.2311,0.1564,0.3311,0.4811,0.0,0.0,0.0,0.0,0.0,0.0,0.0,0.0,0.0,ok,straight,0.0359,0.8471,0.4826,0.1564,0.3259,0.3528,True,"[-0.0653, -0.0653, -0.1305, -0.1305, -0.0, -0.1305, -0.1305, -0.3916]","[-495.5932, -1596.1048, -1425.1348, -1178.6092, -1609.3082, -3596.5619, -114523.6991, -404064.9953]","[3.4067, 3.3764, 2.7747, -1001176.2986, -1001607.0196, -1003594.2513, -1114521.4105, -1404062.6847]","[0.353, 0.627, 0.818, 0.65, 1.639, 1.576, 9.286, 6.334]",3.0924,0.0,0.0,0.0,0.0,0.0,0.0,0.0,0.0,0.0,0.3528,8.0,0.0359,0.8471,0.4826,0.1564,0.3259,0.3528,"[[3.4, 0.0], [6.541, 0.0], [9.968, 0.0], [14.25, 0.0], [16.249, -0.131], [19.961, -0.131]]",0.0,0.0,0.0,0.0,0.0,0.0,0.0,1.0,ok,9.2856,0.0,0.0,0.0,0.0,0.0,0.0,0.0,0.0,0.0,9018d220fc7340998efa65631a9c3cd4,scene-0274,43
0.0315,1.6281,1.8697,0.0426,0.49,0.9549,0.0,0.0,0.0,0.0,0.0,0.0,0.0,0.0,0.0,ok,straight,0.5409,1.6281,0.982,0.3941,0.6658,0.9204,True,"[-0.0653, -0.0653, -0.1305, -0.1305, -0.5222, -0.1305, -0.1958, -0.0653]","[-240.8084, -287.0418, -149.5568, -294.2346, -259.9126, -2526.4912, -17542.5079, -22703.5555]","[3.5515, 3.5461, 3.1033, 3.1024, 0.3534, -1002524.2416, -1017540.2423, -1022701.2898]","[0.92, 0.933, 1.072, 0.955, 1.174, 2.136, 3.417, 1.949]",0.8281,0.0,0.0,0.0,0.0,0.0,0.0,0.0,0.0,0.0,0.9204,8.0,0.5409,1.6281,0.982,0.3941,0.6658,0.9204,"[[3.115, 0.0], [7.112, -0.131], [10.539, -0.131], [12.823, -0.131], [16.249, -0.392], [21.96, 0.131]]",0.0,0.0,0.0,0.0,0.0,0.0,0.0,1.0,ok,3.417,0.0,0.0,0.0,0.0,0.0,0.0,0.0,0.0,0.0,90c1665c6cf24153a834063fd99f257c,scene-0274,43
0.967,1.1881,1.5586,0.883,0.9924,1.0845,0.0,0.0,0.0,0.0,0.0,0.0,0.0,0.0,0.0,ok,straight,0.967,1.4695,2.0992,0.883,1.0662,1.3671,False,"[-0.0, -0.0653, -0.5222, -0.0653, -0.1305, -0.2611, -0.1305, -0.0]","[-22.1551, -43.3405, -1242.471, -1347.289, -2262.257, -14167.6849, -37523.1505, -957780.9263]","[3.5533, 3.1513, -1001239.1633, -1001343.9813, -1002258.9492, -1014164.3771, -1037520.9051, -1957778.6808]","[1.367, 0.943, 2.169, 1.326, 1.411, 2.12, 4.182, 9.776]",2.7599,0.0,0.0,0.0,0.0,0.0,0.0,0.0,0.0,0.0,0.9434,8.0,0.967,1.4695,0.4169,0.883,1.0662,0.9434,"[[3.115, 0.0], [6.541, 0.0], [9.682, -0.131], [12.537, -0.131], [15.393, -0.261], [17.677, 0.0]]",0.0,0.0,1.6823,0.0,0.0,0.4237,2.0,0.0,ok,9.7761,0.0,0.0,0.0,0.0,0.0,0.0,0.0,0.0,0.0,8fb167b9767d420b9c6368719bafb7b4,scene-0275,43
0.8001,1.7783,1.7958,0.6653,1.0161,1.2921,0.0,0.0,0.0,0.0,0.0,0.0,0.0,0.0,0.0,ok,straight,0.8001,0.9248,0.9395,0.6653,0.7314,0.912,True,"[-0.0653, -0.0653, -0.0653, -0.0653, -0.1305, -0.0653, -8.2899, -0.0]","[-67.3672, -68.1394, -592.4175, -2921.1023, -4764.8318, -28466.1414, -33861.8813, -53432.8643]","[2.4231, 2.4231, -1000589.4378, -1002918.1226, -1004761.8521, -1028463.1617, -1033860.6455, -1053431.6286]","[0.912, 1.102, 1.373, 1.381, 1.355, 2.734, 4.512, 2.824]",1.1567,0.0,0.0,0.0,0.0,0.0,0.0,0.0,0.0,0.0,0.912,8.0,0.8001,0.9248,0.9395,0.6653,0.7314,0.912,"[[1.687, 0.0], [3.686, 0.0], [5.97, 0.0], [7.683, -0.131], [8.825, -0.131], [11.11, -0.131]]",0.0,0.0,0.0,0.0,0.0,0.0,0.0,1.0,ok,4.512,0.0,0.0,0.0,0.0,0.0,0.0,0.0,0.0,0.0,c5fc747cb34f44d78820ae649d183e93,scene-0275,43
2.2422,4.4079,6.7807,1.5709,2.7076,3.7837,0.0,0.0,0.0,0.0,0.0,0.0,0.0,0.0,0.0,ok,straight,2.2422,4.4079,5.9242,1.5709,2.7076,3.641,True,"[-0.0, -0.0, -0.0653, -0.0, -0.0653, -0.2611, -6.9844, -0.0653]","[-30.5156, -40.4719, -882.3878, -967.3437, -1558.7178, -2922.901, -9620.8097, -13680.0999]","[2.9162, 2.9105, -1000880.6496, -1000965.6091, -1001556.9833, -1002921.1628, -1009619.0715, -1013678.3654]","[3.641, 3.546, 4.308, 4.022, 5.021, 5.451, 5.02, 4.689]",0.6505,0.0,0.0,0.0,0.0,0.0,0.0,0.0,0.0,0.0,3.5458,8.0,1.6713,4.4079,5.9242,1.2854,2.5649,3.5458,"[[1.687, 0.0], [3.686, 0.0], [5.113, 0.0], [6.541, 0.0], [7.398, 0.0], [8.254, 0.0]]",0.5709,0.0,0.0,0.2855,0.1427,0.0952,1.0,0.0,ok,5.4515,0.0,0.0,0.0,0.0,0.0,0.0,0.0,0.0,0.0,b9853461935b41f88ba20195a2d0217c,scene-0275,43
1.6871,3.6859,5.1135,1.4016,2.2582,3.0196,0.0,0.0,0.0,0.0,0.0,0.0,0.0,0.0,0.0,ok,straight,1.6871,3.4003,5.1135,1.4016,2.1868,2.972,True,"[-0.0, -0.0, -0.1305, -0.1305, -0.9791, -0.7833, -5.8095, -0.0]","[-27.9017, -456.7037, -168.1349, -410.7704, -8317.0117, -8530.1202, -10603.4035, -12379.9283]","[4.3112, 4.2196, 4.2129, -1000408.0048, -1008314.2517, -1008527.3602, -1010600.6379, -1012377.1684]","[2.972, 2.734, 3.783, 3.26, 3.853, 4.081, 4.295, 3.69]",0.5095,0.0,0.0,0.0,0.0,0.0,0.0,0.0,0.0,0.0,2.7341,8.0,0.545,3.4003,5.1135,0.6878,1.8299,2.7341,"[[1.116, 0.0], [1.687, 0.0], [2.544, 0.0], [3.4, 0.0], [3.971, 0.0], [5.113, 0.0]]",1.1421,0.0,0.0,0.7138,0.3569,0.2379,1.0,0.0,ok,4.2946,0.0,0.0,0.0,0.0,0.0,0.0,0.0,0.0,0.0,a2f135999c12428caacda927ebcff835,scene-0275,43
2.5437,4.1098,4.8471,1.8299,2.8535,3.4442,0.0,0.0,0.0,0.0,0.0,0.0,0.0,0.0,0.0,ok,straight,2.5437,4.6809,4.8471,1.8299,2.9962,3.4442,False,"[-0.0, -0.0653, -0.0, -0.0, -0.1305, -0.2611, -0.9138, -1.1749]","[-337.622, -1334.9502, -1405.7904, -1652.3617, -2057.2352, -2261.1753, -5815.4354, -298156.0545]","[3.8994, -1001332.3059, -1001403.1461, -1001649.7174, -1002054.4681, -1002258.4082, -1005812.6683, -1298153.4102]","[3.444, 3.279, 2.826, 2.399, 3.594, 5.158, 4.036, 8.905]",1.9365,0.0,0.0,0.0,0.0,0.0,0.0,0.0,0.0,0.0,2.3988,8.0,2.5437,1.5401,2.5675,1.8299,2.0682,2.3988,"[[1.116, 0.0], [2.544, 0.0], [3.686, 0.0], [5.113, 0.0], [5.113, 0.0], [7.398, 0.0]]",0.0,3.1408,2.2796,0.0,0.928,1.0454,3.0,0.0,ok,8.9051,0.0,0.0,0.0,0.0,0.0,0.0,0.0,0.0,0.0,3502d36d2c76428f9b79f2854e96b696,scene-0276,43
0.326,1.5291,4.4453,0.1904,0.5235,1.5653,0.0,0.0,0.0,0.0,0.0,0.0,0.0,0.0,0.0,ok,straight,0.897,1.5291,4.4453,0.4759,0.7317,1.7041,False,"[-0.5875, -0.5875, -0.7833, -1.3055, -0.9791, -2.4804, -0.3916, -0.2611]","[-221.4644, -22.0014, -3235.868, -4177.9348, -6703.2927, -7424.8222, -10925.3727, -18885.5471]","[5.1551, 2.9161, -1003232.2853, -1004174.3521, -1006701.9833, -1007423.5127, -1010921.79, -1018884.2376]","[1.704, 1.609, 2.517, 3.168, 1.602, 2.186, 2.368, 2.129]",0.5014,0.0,0.0,0.0,0.0,0.0,0.0,0.0,0.0,0.0,1.6024,8.0,0.326,1.5291,5.4614,0.1904,0.5889,1.6024,"[[3.115, 0.0], [7.112, 0.0], [9.396, -0.261], [12.252, -0.522], [15.107, -0.783], [18.248, -1.175]]",0.5711,0.0,-1.0161,0.2855,0.1428,0.1017,2.0,0.0,ok,3.1681,0.0,0.0,0.0,0.0,0.0,0.0,0.0,0.0,0.0,7a344e7e1436415caf180ae067a4203a,scene-0276,43
1.4291,3.9324,5.8554,1.2432,2.1864,3.1679,0.0,0.0,0.0,0.0,0.0,0.0,0.0,0.0,0.0,ok,straight,1.4291,3.9324,5.8554,1.2432,2.1864,3.1679,False,"[-0.0, -0.0, -0.5222, -0.1958, -1.3708, -0.0653, -8.2899, -0.1305]","[-81.6724, -351.6009, -288.3759, -693.7372, -2169.2047, -3723.0386, -34947.7706, -90358.9154]","[4.4795, 4.2659, 4.0723, -1000690.3027, -1002165.7701, -1003719.8086, -1034944.336, -1090355.6855]","[3.168, 3.168, 3.572, 2.481, 2.714, 4.591, 6.017, 4.519]",1.1082,0.0,0.0,0.0,0.0,0.0,0.0,0.0,0.0,0.0,2.4814,8.0,1.4291,3.9324,3.4113,1.2432,2.1864,2.4814,"[[3.115, 0.0], [6.541, 0.0], [9.682, 0.0], [12.252, 0.0], [15.393, 0.0], [17.391, 0.0]]",0.0,0.0,2.4441,0.0,0.0,0.6866,3.0,0.0,ok,6.0171,0.0,0.0,0.0,0.0,0.0,0.0,0.0,0.0,0.0,9851e24eeb8e40cf962e45b1975aff53,scene-0276,43
1.3138,2.0715,2.6129,1.2396,1.6702,1.8065,0.0,0.0,0.0,0.0,0.0,0.0,0.0,0.0,0.0,ok,straight,2.7399,2.0715,2.6129,1.958,2.0294,2.097,False,"[-0.0, -0.0, -0.3916, -0.1305, -0.1305, -0.6527, -0.2611, -0.0653]","[-251.0108, -122.3639, -228.4199, -2167.5527, -3073.4681, -4198.0059, -7865.5085, -117603.2496]","[2.911, 2.4587, 0.5917, -1002166.0503, -1003072.4214, -1004196.5035, -1007864.0061, -1117602.203]","[2.097, 2.047, 1.988, 2.603, 2.48, 2.862, 2.476, 10.217]",2.6122,0.0,0.0,0.0,0.0,0.0,0.0,0.0,0.0,0.0,1.988,8.0,2.4533,2.0715,1.7283,1.8093,1.9551,1.988,"[[3.686, 0.131], [7.969, 0.0], [10.539, 0.0], [13.965, 0.0], [17.391, 0.0], [21.96, 0.0]]",0.2866,0.0,0.8846,0.1486,0.0743,0.109,2.0,0.0,ok,10.2166,0.0,0.0,0.0,0.0,0.0,0.0,0.0,0.0,0.0,f733cb92982f4f58a1ce5c427786491b,scene-0276,43
0.6049,2.2056,4.617,0.5111,1.1661,2.2491,0.0,0.0,0.0,0.0,0.0,0.0,0.0,0.0,0.0,ok,straight,0.6049,2.2056,5.462,0.5111,1.1661,2.39,False,"[-0.5222, -0.5222, -0.1305, -0.4569, -0.5222, -0.3916, -1.1097, -0.3264]","[-217.0012, -247.6957, -7893.9532, -37866.747, -2485.8254, -3767.4133, -5250.043, -988924.9344]","[2.7407, 2.7406, -1007891.5219, -1037864.3157, -2004933.8863, -2006215.4743, -2007698.1039, -2991372.9953]","[2.39, 2.026, 2.416, 3.418, 2.05, 3.135, 1.605, 9.692]",2.4634,0.0,0.0,0.0,0.0,0.0,0.0,0.0,0.0,0.0,1.6054,8.0,0.6049,0.1736,3.1378,0.5111,0.6569,1.6054,"[[2.829, 0.0], [5.113, 0.131], [7.969, 0.261], [11.11, 0.392], [12.823, 0.653], [15.964, 1.044]]",0.0,2.0319,2.3241,0.0,0.5093,0.7846,3.0,0.0,ok,9.6918,0.0,0.0,0.0,0.0,0.0,0.0,0.0,0.0,0.0,7e2fd590b46d42cdbe8dfbf035761561,scene-0277,43
0.7363,1.6904,2.0203,0.5819,1.0796,1.2851,0.0,0.0,0.0,0.0,0.0,0.0,0.0,0.0,0.0,ok,straight,0.7363,1.6904,3.4521,0.5819,1.0796,1.5238,False,"[-0.1305, -0.2611, -0.0653, -0.3916, -0.0, -0.1305, -0.1958, -8.2899]","[-229.0101, -134.617, -651.0794, -4475.2944, -2072.6792, -7158.6808, -14446.2855, -947454.7261]","[3.2064, 3.1581, -1000648.6551, -1004472.87, -2002951.3901, -2008037.3917, -2015324.9965, -2948333.437]","[1.524, 0.994, 1.94, 2.071, 1.478, 1.688, 1.604, 11.847]",3.3977,0.0,0.0,0.0,0.0,0.0,0.0,0.0,0.0,0.0,0.9943,8.0,0.7363,1.6904,0.7648,0.5819,1.0796,0.9943,"[[4.542, 0.0], [9.111, 0.0], [13.965, -0.131], [18.248, -0.131], [21.674, -0.131], [27.385, -0.261]]",0.0,0.0,2.6873,0.0,0.0,0.5295,2.0,0.0,ok,11.8471,0.0,0.0,0.0,0.0,0.0,0.0,0.0,0.0,0.0,d849f5a053f741e6a5f09983cf036225,scene-0277,43
1.2572,2.4287,5.4238,0.9834,1.6603,2.7059,0.0,0.0,0.0,0.0,0.0,0.0,0.0,0.0,0.0,ok,straight,1.2572,2.4287,5.4238,0.9834,1.6603,2.5632,True,"[-0.0653, -0.0653, -0.0653, -0.2611, -0.0, -0.0, -0.1305, -0.0653]","[-64.0882, -352.5658, -408.973, -113.4655, -1440.5173, -4810.9902, -7993.8257, -15941.7771]","[2.9907, 2.836, 2.8253, 0.4791, -1001438.5608, -1004809.0336, -1007991.7692, -1015939.7206]","[2.563, 3.087, 3.039, 1.568, 3.139, 2.177, 3.66, 2.839]",0.6066,0.0,0.0,0.0,0.0,0.0,0.0,0.0,0.0,0.0,1.5676,8.0,1.2572,2.4287,0.5896,0.9834,1.6603,1.5676,"[[3.115, 0.0], [6.541, 0.0], [9.682, 0.0], [12.823, 0.0], [16.249, 0.0], [18.248, -0.131]]",0.0,0.0,4.8342,0.0,0.0,0.9956,2.0,0.0,ok,3.6595,0.0,0.0,0.0,0.0,0.0,0.0,0.0,0.0,0.0,ef710f7aad4c4bcf9ac21ef155c8c3d1,scene-0277,43
1.38,1.3643,0.712,0.9319,1.2444,1.1315,0.0,0.0,0.0,0.0,0.0,0.0,0.0,0.0,0.0,ok,straight,1.961,1.3643,0.6045,1.0819,1.3194,1.0725,True,"[-0.8486, -0.8486, -0.3264, -0.5222, -3.0026, -4.6998, -1.893, -0.1958]","[-162.9731, -19.7056, -2451.8982, -3207.1097, -7571.7114, -36432.0046, -113640.4048, -257601.529]","[3.7319, 3.7181, -1002449.264, -1003204.4601, -1007569.0773, -1036429.355, -1113637.7551, -1257598.8948]","[1.073, 1.023, 1.73, 1.62, 2.552, 4.537, 4.617, 11.349]",3.2306,0.0,0.0,0.0,0.0,0.0,0.0,0.0,0.0,0.0,1.0225,8.0,1.38,1.3643,0.6045,0.9319,1.2444,1.0225,"[[3.971, 0.0], [6.827, 0.0], [11.11, 0.261], [15.393, 0.522], [19.961, 0.783], [24.53, 1.697]]",0.581,0.0,0.0,0.15,0.075,0.05,1.0,0.0,ok,11.349,0.0,0.0,0.0,0.0,0.0,0.0,0.0,0.0,0.0,c0cd7a49d9924264b2be63b6ce9a9674,scene-0277,43
2.5633,3.8413,4.0997,1.8994,2.8178,3.3128,0.0,0.0,0.0,0.0,0.0,0.0,0.0,0.0,0.0,ok,straight,2.5633,3.5602,4.1329,1.8994,2.7475,3.2714,True,"[-0.3264, -0.4569, -0.7833, -0.0, -0.3264, -0.2611, -8.2899, -0.0]","[-143.7086, -6092.1345, -6389.2691, -130808.7336, -4486.894, -9654.8216, -18005.5704, -19823.6165]","[4.1016, -1006088.9991, -1006386.1336, -1130805.5982, -2005266.862, -2010434.7897, -2018785.5384, -2020603.5846]","[3.271, 3.137, 3.897, 9.912, 2.926, 3.043, 4.672, 3.042]",2.2143,0.0,0.0,0.0,0.0,0.0,0.0,0.0,0.0,0.0,2.9259,8.0,2.5633,1.2234,4.1329,1.8994,2.2291,2.9259,"[[3.686, 0.0], [7.398, 0.0], [11.11, 0.131], [15.393, 0.261], [18.248, 0.392], [21.674, 0.653]]",0.0,2.3368,0.0,0.0,0.5184,0.3456,4.0,0.0,ok,9.9118,0.0,0.0,0.0,0.0,0.0,0.0,0.0,0.0,0.0,f4b5b6fc59e34da6bd18d4d8e299dab8,scene-0278,43
5.5714,10.1338,13.4971,4.173,6.7022,8.9348,0.0,0.0,0.0,0.0,0.0,0.0,0.0,0.0,0.0,ok,straight,5.5702,10.1338,13.4971,4.0296,6.4878,8.5067,True,"[-0.5222, -1.1097, -0.3916, -0.5222, -8.2899, -0.0653, -6.9191, -0.2611]","[-130.4746, -1253.5247, -2793.8831, -7096.7706, -10489.8479, -11587.1452, -13568.6105, -57029.6277]","[3.6011, -1001251.2253, -1002791.5837, -1007093.4386, -1010487.5486, -1011583.8131, -1013565.2785, -1057026.2957]","[8.507, 8.016, 8.61, 9.409, 9.618, 9.358, 11.874, 7.362]",1.2705,0.0,0.0,0.0,0.0,0.0,0.0,0.0,0.0,0.0,7.3625,8.0,5.5702,14.4084,10.9124,4.0296,7.8419,7.3625,"[[3.4, 0.0], [7.398, 0.0], [10.539, 0.261], [14.25, 0.522], [17.391, 0.783], [21.389, 1.044]]",0.0,-4.2746,2.5847,0.0,-1.3541,1.1442,2.0,0.0,ok,11.8743,0.0,0.0,0.0,0.0,0.0,0.0,0.0,0.0,0.0,b0b7ef23a4fb418690e43900525d09ad,scene-0278,43
1.0933,0.8886,0.895,0.8215,1.1367,1.11,0.0,0.0,0.0,0.0,0.0,0.0,0.0,0.0,0.0,ok,straight,1.0933,2.5921,0.895,0.8215,1.8524,1.5872,False,"[-0.1958, -0.1958, -1.9582, -0.9138, -0.1958, -0.0653, -0.0, -8.2899]","[-702.7944, -312.9504, -3837.9757, -4537.489, -6151.5823, -18253.3724, -89798.6937, -971415.7807]","[3.9202, 3.7085, -1003834.9695, -1004534.4828, -1006148.576, -1018250.5791, -1089795.9004, -1971412.9874]","[1.587, 1.11, 2.121, 4.15, 2.823, 6.637, 3.83, 12.601]",3.5186,0.0,0.0,0.0,0.0,0.0,0.0,0.0,0.0,0.0,1.11,8.0,1.0933,0.8886,0.895,0.8215,1.1367,1.11,"[[3.4, 0.0], [6.541, 0.0], [11.681, 0.392], [14.536, 0.0], [16.249, 0.392], [19.39, 0.392]]",0.0,1.7035,0.0,0.0,0.7158,0.4772,1.0,0.0,ok,12.6007,0.0,0.0,0.0,0.0,0.0,0.0,0.0,0.0,0.0,ba4c95ffea104b088e07bdc2c7a0300a,scene-0278,43
1.6658,4.7246,11.1405,1.2166,2.4259,4.6591,0.0,0.0,0.0,0.0,0.0,0.0,0.0,0.0,0.0,ok,right,2.394,4.7246,10.3604,1.5807,2.6353,4.6476,True,"[-1.893, -1.893, -1.6971, 3.0679, -8.2899, -6.0706, -1.2402, -1.3708]","[-523.1993, -71.4819, -2643.6713, -3263.0012, -43081.9006, -55876.9686, -110561.118, -1082476.3265]","[1.5048, 1.4157, -1002642.7954, -1003262.2157, -1043081.0247, -1055876.0927, -1110560.3325, -2082475.5409]","[4.648, 4.526, 4.913, 3.437, 8.716, 8.631, 5.613, 13.14]",3.0255,0.0,0.0,0.0,0.0,0.0,0.0,0.0,0.0,0.0,3.4373,8.0,1.6658,4.7246,3.5636,1.2166,2.4533,3.4373,"[[1.973, 0.131], [3.115, 0.131], [6.541, 0.783], [8.54, 1.697], [10.539, 2.35], [13.108, 3.786]]",0.7282,0.0,6.7969,0.3641,0.182,1.2103,2.0,0.0,ok,13.1403,0.0,0.0,0.0,0.0,0.0,0.0,0.0,0.0,0.0,ee82f97267f747c78c3458640faf9d67,scene-0278,43
3.7331,7.4383,12.3521,2.7523,4.6877,7.0097,0.0,0.0,0.0,0.0,0.0,0.0,0.0,0.0,0.0,ok,straight,3.7331,9.4381,12.3521,2.7523,5.3309,7.2958,False,"[-0.2611, -0.3916, -0.5875, -0.2611, -0.5875, -8.2899, -2.611, -0.1305]","[-487.2345, -132.6659, -356.0112, -81.5203, -4596.9486, -14950.6443, -27225.9532, -45012.5734]","[3.2793, 3.2523, 3.1633, 3.1403, -1004595.075, -1014948.6057, -1027224.0797, -1045010.6999]","[7.296, 8.013, 8.157, 6.867, 7.067, 9.778, 8.507, 16.385]",2.9212,0.0,0.0,0.0,0.0,0.0,0.0,0.0,0.0,0.0,6.867,8.0,3.7331,7.4383,12.3521,2.7523,4.6877,6.867,"[[3.686, 0.0], [7.398, -0.131], [11.681, 0.0], [16.249, -0.131], [18.248, -0.261], [21.674, -0.522]]",0.0,1.9998,0.0,0.0,0.6433,0.4289,2.0,0.0,ok,16.3854,0.0,0.0,0.0,0.0,0.0,0.0,0.0,0.0,0.0,269601cc1e4d45a3a36fbf291d45a447,scene-0329,43
3.8258,7.1677,9.9401,2.9393,4.7004,6.2812,0.0,1.0,0.0,0.0,1.0,1.0,0.0,0.5,0.5,ok,straight,3.8258,7.1677,8.7977,2.9393,4.7727,6.139,True,"[-0.3264, -0.3264, -1.436, -0.6527, -2.3499, -6.1358, -8.2899, -0.2611]","[-220.7706, -142.9519, -1254.4437, -1607.6243, -1636.7302, -5356.3948, -19524.4159, -283992.3318]","[3.6761, 3.5848, -1001252.0288, -1001605.1173, -1001634.3153, -1005353.8877, -1019522.001, -1283989.8247]","[6.139, 6.284, 8.261, 6.004, 7.473, 7.065, 8.377, 10.864]",1.5166,0.0,1.0,1.0,0.0,1.0,1.0,0.0,0.5,0.6666666666666666,6.0037,8.0,3.8258,7.1677,7.6369,2.9393,4.7727,6.0037,"[[2.258, 0.0], [4.257, 0.131], [6.827, 0.261], [8.54, 0.261], [11.11, 0.392], [11.966, 0.653]]",0.0,0.0,1.1609,0.0,0.0,0.1353,1.0,0.0,ok,10.8642,1.0,1.0,1.0,1.0,1.0,1.0,0.5,0.75,0.8333333333333334,f70d94a083f3437e8fd693d8648b6587,scene-0329,43
0.8282,1.3866,1.13,0.6446,0.8805,0.8799,0.0,0.0,0.0,0.0,0.0,0.0,0.0,0.0,0.0,ok,right,1.146,1.4253,0.107,0.9549,1.1162,0.8666,True,"[1.9582, 1.9582, 3.2637, 0.1958, 2.6763, 4.3081, 3.8512, 0.718]","[-170.244, -112.3263, -924.5052, -3028.2968, -10840.5586, -54547.4642, -66969.7157, -121345.0603]","[3.0028, 2.5522, -1000922.4196, -1003025.7593, -1010838.473, -1054544.9266, -1066967.1781, -1121342.9747]","[0.867, 0.763, 2.009, 2.747, 2.113, 3.574, 4.993, 4.373]",1.4471,0.0,0.0,0.0,0.0,0.0,0.0,0.0,0.0,0.0,0.7631,8.0,0.8282,1.4253,0.107,0.6446,0.9611,0.7631,"[[2.544, -0.261], [4.828, -0.653], [6.827, -0.783], [9.111, -2.089], [10.253, -3.133], [11.966, -3.916]]",0.3178,0.0,0.0,0.3103,0.1552,0.1034,1.0,0.0,ok,4.993,0.0,0.0,0.0,0.0,0.0,0.0,0.0,0.0,0.0,10a3ee039c4c482ab220e69c1e420031,scene-0329,43
0.2477,0.8115,0.6612,0.2609,0.4116,0.5425,0.0,0.0,0.0,0.0,0.0,0.0,0.0,0.0,0.0,ok,straight,0.2477,0.783,1.3623,0.2609,0.4045,0.6546,False,"[-1.5666, -1.5666, -3.3943, -2.3499, -0.3916, -1.0444, -1.3055, -0.718]","[-195.0429, -315.3313, -1714.7714, -3617.1073, -3782.0275, -4829.0772, -15136.896, -56909.0486]","[1.7854, 1.7754, -1001713.5491, -1003615.8883, -1003780.8085, -1004827.8582, -1015135.6737, -1056907.8263]","[0.655, 0.801, 2.544, 2.831, 2.007, 2.264, 1.949, 2.482]",0.751,0.0,0.0,0.0,0.0,0.0,0.0,0.0,0.0,0.0,0.6546,8.0,0.2477,0.783,1.3623,0.2609,0.4045,0.6546,"[[1.973, -0.131], [4.257, -0.261], [6.541, -0.783], [7.969, -0.914], [10.539, -2.089], [12.823, -3.133]]",0.0,0.0,0.0,0.0,0.0,0.0,0.0,1.0,ok,2.8311,0.0,0.0,0.0,0.0,0.0,0.0,0.0,0.0,0.0,f954522c65fe49208c969909442ca375,scene-0329,43
0.7832,2.404,3.7865,0.676,1.352,1.9349,0.0,0.0,0.0,0.0,0.0,0.0,0.0,0.0,0.0,ok,left,0.7832,2.404,3.7865,0.676,1.352,1.9349,False,"[2.3499, 2.3499, 2.4152, 8.2899, 8.2899, 8.2899, 3.7859]","[-267.4937, -8827.0832, -10831.5788, -16123.2635, -26212.2031, -57448.4174, -73572.2971]","[2.3414, -1008825.6114, -1010830.107, -1016121.7917, -1026209.9496, -1057446.9455, -1073570.0436]","[1.935, 2.71, 2.199, 4.626, 4.588, 5.257, 3.63]",1.2127,0.0,0.0,0.0,0.0,0.0,0.0,0.0,0.0,0.0,1.9349,7.0,0.7832,2.404,3.7865,0.676,1.352,1.9349,"[[1.687, 0.131], [3.686, 0.653], [5.113, 1.175], [6.541, 2.35], [8.54, 4.569], [9.968, 4.7]]",0.0,0.0,0.0,0.0,0.0,0.0,0.0,1.0,ok,5.2572,0.0,0.0,0.0,0.0,0.0,0.0,0.0,0.0,0.0,b98e65c90a7a445a907a3bb1467b551b,scene-0330,43
0.02,1.0774,0.4701,0.1223,0.4298,0.5466,0.0,0.0,0.0,0.0,0.0,0.0,0.0,0.0,0.0,ok,straight,0.02,1.0774,1.6149,0.1223,0.4298,0.7374,False,"[-0.0, -0.0, -0.6527, -0.3916, -0.0, -1.5666, -0.9791, -0.3264]","[-14.6244, -435.8064, -89.9544, -1395.3239, -5969.881, -10342.6122, -939920.8976, -969548.6666]","[3.9427, 3.8446, 2.6925, -1001393.0003, -1005967.4604, -1010340.1916, -1939918.574, -1969546.3431]","[0.737, 0.927, 1.46, 1.006, 1.285, 1.683, 10.376, 9.942]",3.8984,0.0,0.0,0.0,0.0,0.0,0.0,0.0,0.0,0.0,0.7374,8.0,0.02,1.0774,1.6149,0.1223,0.4298,0.7374,"[[3.115, 0.0], [6.541, 0.0], [9.682, 0.0], [12.823, 0.0], [16.249, 0.0], [19.39, 0.0]]",0.0,0.0,0.0,0.0,0.0,0.0,0.0,1.0,ok,10.376,0.0,0.0,0.0,0.0,0.0,0.0,0.0,0.0,0.0,8135e2527da0405d9887a6a9b456586f,scene-0330,43
1.455,3.4445,6.755,0.9924,1.9288,3.313,0.0,0.0,0.0,0.0,0.0,0.0,0.0,0.0,0.0,ok,straight,1.455,3.4445,7.0378,0.9924,1.9288,3.3601,False,"[-0.5222, -1.0444, -0.5222, -1.1749, -1.1097, -0.9138, -2.4804, -8.2899]","[-55.7297, -182.1331, -572.1454, -619.0933, -1872.0462, -7440.3322, -14476.8449, -16646.1629]","[6.2806, 6.047, 5.9326, 5.658, -1001867.1831, -1007435.4691, -1014472.2491, -1016641.567]","[3.36, 3.081, 3.84, 4.574, 3.955, 5.282, 5.206, 5.095]",0.8055,0.0,0.0,0.0,0.0,0.0,0.0,0.0,0.0,0.0,3.0813,8.0,1.455,3.4445,6.7644,0.9924,1.9288,3.0813,"[[2.258, 0.0], [4.542, 0.0], [6.541, 0.0], [8.54, 0.0], [11.11, 0.0], [13.108, 1.044]]",0.0,0.0,0.2735,0.0,0.0,0.2788,1.0,0.0,ok,5.2816,0.0,0.0,0.0,0.0,0.0,0.0,0.0,0.0,0.0,89f10c1e72e34cd1b8fd94dda57dbe0e,scene-0330,43
5.1135,9.682,15.393,3.9714,6.327,8.8255,0.0,0.0,0.0,0.0,0.0,0.0,0.0,0.0,0.0,ok,straight,5.1135,9.9675,16.2496,3.9714,6.327,8.9682,False,"[-0.0653, -2.611, -0.2611, -0.0653, -0.0653, -0.1305, -1.0444, -0.1958]","[-93.4515, -854.8004, -1081.6543, -1365.8482, -4722.2069, -5577.9838, -6245.0924, -18316.5643]","[4.2438, -1000852.484, -1001078.8375, -1001363.5318, -1004719.8906, -1005575.1671, -1006242.776, -1018313.7475]","[8.968, 10.66, 9.113, 9.541, 9.972, 7.976, 9.235, 10.011]",0.7603,0.0,0.0,0.0,0.0,0.0,0.0,0.0,0.0,0.0,7.9757,8.0,5.1135,9.9675,8.2581,3.9714,6.327,7.9757,"[[2.829, 0.0], [5.113, 0.0], [7.398, 0.0], [9.968, 0.0], [12.252, 0.0], [16.249, -0.131]]",0.0,0.0,7.9915,0.0,0.0,0.9926,1.0,0.0,ok,10.6603,0.0,0.0,0.0,0.0,0.0,0.0,0.0,0.0,0.0,ab857edfbfc94a369e6dce819fe16aec,scene-0330,43
1.9896,4.7251,6.9941,1.5567,2.749,4.0388,0.0,0.0,0.0,0.0,0.0,0.0,0.0,0.0,0.0,ok,straight,2.6256,3.4002,6.9941,2.0257,2.4313,3.8269,True,"[-1.2402, -3.0679, -1.2402, -1.5013, -3.329, -0.0653, -1.893, -0.718]","[-746.3211, -1035.8223, -1315.9705, -1521.5902, -1862.5448, -20443.5428, -75472.3911, -100437.9588]","[3.6611, -1001032.6773, -1001312.8255, -1001518.4452, -1001859.9225, -1020440.3978, -1075469.7687, -1100435.3364]","[3.827, 4.034, 3.724, 3.468, 3.95, 3.705, 6.079, 5.737]",0.9369,0.0,0.0,0.0,0.0,0.0,0.0,0.0,0.0,0.0,3.4676,8.0,1.9896,3.1387,8.5142,1.5567,2.2774,3.4676,"[[1.402, -0.261], [2.544, -0.653], [2.258, 0.261], [3.4, 0.0], [5.97, -1.828], [6.541, -2.48]]",0.636,0.2615,-1.5201,0.469,0.1538,0.3593,3.0,0.0,ok,6.0786,0.0,0.0,1.0,0.0,0.0,1.0,0.0,0.0,0.3333333333333333,09361337f2bf4e819aac2a310481e62f,scene-0331,43
3.73,7.2538,10.2228,2.8539,4.7121,6.3772,0.0,0.0,0.0,0.0,0.0,0.0,0.0,0.0,0.0,ok,straight,3.73,6.4588,10.2228,2.8539,4.5133,6.2446,True,"[-2.7415, -2.4152, -2.7415, -2.1541, -2.4152, -4.047, -2.7415, -2.3499]","[-576.0153, -7611.9869, -42170.9675, -147513.1442, -7113.8592, -14796.1782, -17091.8781, -18712.8625]","[2.9174, -1007609.6891, -1042168.6697, -1147510.8465, -2013298.6522, -2020980.9712, -2023276.671, -2024897.6554]","[6.245, 6.564, 5.958, 7.753, 7.385, 6.786, 5.858, 5.24]",0.7739,0.0,0.0,0.0,0.0,0.0,0.0,0.0,0.0,0.0,5.2398,8.0,3.73,7.6713,8.6958,2.8539,3.9336,5.2398,"[[1.973, -0.131], [3.686, -0.783], [5.97, -1.828], [6.827, -2.48], [9.111, -4.569], [9.968, -5.483]]",0.0,-1.2125,1.527,0.0,0.5797,1.0049,3.0,0.0,ok,7.7526,0.0,0.0,0.0,0.0,0.0,0.0,0.0,0.0,0.0,d6f57f68244a4136aa87ae54bf0aaef1,scene-0331,43
1.2939,5.0666,11.8493,0.8472,2.4687,5.0131,0.0,0.0,0.0,0.0,0.0,0.0,0.0,0.0,0.0,ok,left,1.2939,5.0666,11.8493,0.8472,2.4687,5.0131,False,"[-3.329, -3.329, -4.1123, -4.4387, 8.2899, -2.3499, -2.611, -4.1776]","[-439.7616, -284.5186, -1620.4689, -20125.859, -26611.4279, -133844.1993, -144861.5154, -150996.5344]","[1.2543, 1.2449, -1001619.8012, -1020125.1913, -1026610.7601, -1133843.5198, -1144860.8359, -1150995.855]","[5.013, 5.123, 5.028, 5.162, 4.937, 5.435, 5.746, 6.115]",0.39,0.0,0.0,0.0,0.0,0.0,0.0,0.0,0.0,0.0,4.937,8.0,1.7785,5.0666,11.5209,1.1777,2.634,4.937,"[[1.973, -0.261], [3.686, -0.783], [5.97, -1.828], [6.541, -2.48], [8.54, -4.569], [10.539, -6.658]]",-0.4846,0.0,0.3284,-0.3305,-0.1653,0.0761,1.0,0.0,ok,6.1153,0.0,0.0,0.0,0.0,0.0,0.0,0.0,0.0,0.0,bb0abb64c37b49058b885392c22d3b29,scene-0331,43
0.4188,1.374,4.5867,0.2522,0.5601,1.7931,0.0,0.0,0.0,0.0,0.0,0.0,0.0,0.0,0.0,ok,straight,0.4188,1.374,4.5867,0.2522,0.5601,1.7931,False,"[-0.0, -0.0, -0.0, -0.2611, -1.1749, -0.8486, -0.0, -8.2899]","[-187.4814, -750.5378, -131.1343, -304.123, -2549.1991, -3139.9612, -3346.5946, -11954.527]","[4.2221, 4.0693, 2.753, 2.6082, -1002547.6646, -1003136.9424, -1003345.0601, -1011951.5081]","[1.793, 0.61, 1.794, 1.466, 1.083, 1.027, 1.059, 3.367]",0.7934,0.0,0.0,0.0,0.0,0.0,0.0,0.0,0.0,0.0,0.6103,8.0,0.4188,1.374,0.8809,0.2522,0.5601,0.6103,"[[2.258, 0.0], [4.542, 0.0], [7.683, 0.0], [9.682, 0.0], [11.11, 0.0], [14.25, 0.0]]",0.0,0.0,3.7058,0.0,0.0,1.1829,5.0,0.0,ok,3.3666,0.0,0.0,0.0,0.0,0.0,0.0,0.0,0.0,0.0,b3105c6e9a3a4a30bddd24b48b111d78,scene-0331,43
5.6955,11.9881,17.9853,4.3003,7.2156,10.2821,0.0,0.0,0.0,0.0,0.0,0.0,0.0,0.0,0.0,ok,straight,5.6955,11.9881,17.9853,4.3003,7.3584,10.3773,False,"[-0.1305, -0.1305, -0.3264, -0.0653, -0.0, -1.6319, -0.0653, -0.2611]","[-16.7634, -50.1463, -241.3973, -826.1537, -1430.536, -2618.711, -4485.5904, -165126.8893]","[3.5758, 3.5698, 3.1827, -1000823.3698, -1001427.7575, -1002615.9271, -1004482.8119, -1165124.1108]","[10.377, 10.425, 10.379, 10.57, 10.815, 10.527, 10.662, 14.185]",1.2147,0.0,0.0,0.0,0.0,0.0,0.0,0.0,0.0,0.0,10.3773,8.0,5.6955,11.9881,17.9853,4.3003,7.3584,10.3773,"[[3.115, 0.0], [5.97, -0.131], [9.111, -0.131], [12.252, -0.131], [15.107, -0.261], [18.248, -0.261]]",0.0,0.0,0.0,0.0,0.0,0.0,0.0,1.0,ok,14.1849,0.0,0.0,0.0,0.0,0.0,0.0,0.0,0.0,0.0,097c7295f13a4746a2c46d036c21bd3e,scene-0332,43
6.9454,12.016,17.8493,5.2921,8.0969,10.7916,0.0,0.0,0.0,0.0,0.0,0.0,0.0,0.0,0.0,ok,straight,7.5153,14.871,17.8493,5.006,9.025,11.5055,False,"[-0.1305, -0.1305, -0.2611, -0.1305, -0.1305, -0.0, -7.5719, -0.9791]","[-1251.171, -748.305, -1358.957, -1413.9328, -15182.6563, -28010.5283, -63849.5833, -840042.0459]","[4.5709, 3.9691, -1001355.8456, -1001410.8215, -1015178.9412, -1028006.8133, -1063846.472, -1840038.3309]","[11.505, 10.791, 10.554, 9.649, 11.364, 12.013, 9.878, 19.66]",3.0179,0.0,0.0,0.0,0.0,0.0,0.0,0.0,0.0,0.0,9.6494,8.0,7.5153,12.016,11.8534,5.006,7.9538,9.6494,"[[2.544, 0.0], [7.969, 0.0], [12.537, -0.261], [17.106, 0.0], [18.819, -0.131], [23.387, -0.261]]",0.0,2.8551,5.996,0.0,1.0712,1.856,5.0,0.0,ok,19.6602,0.0,0.0,0.0,0.0,0.0,0.0,0.0,0.0,0.0,255afd1fb1a34c9ebc1a577e49fbccd4,scene-0332,43
1.2414,1.2806,1.0194,0.8755,1.0437,1.0064,0.0,0.0,0.0,0.0,0.0,0.0,0.0,0.0,0.0,ok,straight,1.2414,1.2806,1.0194,0.8755,1.0437,1.0532,False,"[-0.1305, -0.1305, -0.1305, -0.1958, -0.0653, -0.1958, -8.2899, -0.1305]","[-16.3221, -316.305, -50.0003, -459.6178, -974.682, -14516.8225, -17001.6884, -111794.6558]","[4.5417, 4.5334, 3.6831, -1000456.8187, -1000971.0252, -1014514.0234, -1016998.8894, -1111790.999]","[1.053, 1.521, 0.918, 1.479, 2.28, 4.405, 3.928, 3.864]",1.3293,0.0,0.0,0.0,0.0,0.0,0.0,0.0,0.0,0.0,0.9183,8.0,1.2414,0.7543,1.0194,0.8755,0.8413,0.9183,"[[4.257, 0.0], [8.54, 0.0], [12.537, -0.131], [16.82, -0.131], [20.818, -0.131], [24.815, -0.261]]",0.0,0.5263,0.0,0.0,0.2024,0.1349,1.0,0.0,ok,4.405,0.0,0.0,0.0,0.0,0.0,0.0,0.0,0.0,0.0,d557b9adf90b44b0b128ceb13e23e386,scene-0332,43
0.9768,0.8238,1.7544,0.7208,0.6493,0.8084,0.0,0.0,0.0,0.0,0.0,0.0,0.0,0.0,0.0,ok,straight,0.9768,0.8238,2.0332,0.7208,1.0026,1.0904,False,"[-0.0653, -0.1305, -0.4569, -0.0653, -0.0653, -0.1305, -0.1958, -8.2899]","[-231.6028, -946.4063, -1071.5516, -1511.6922, -5413.1084, -7769.4995, -13552.1062, -29120.9375]","[3.7353, -1000943.8655, -1001069.0108, -1001509.1515, -1005410.5677, -1007766.9587, -1013549.5655, -1029118.3968]","[1.09, 1.177, 2.623, 1.995, 2.305, 3.277, 2.26, 5.6]",1.3372,0.0,0.0,0.0,0.0,0.0,0.0,0.0,0.0,0.0,1.0904,8.0,0.9768,0.8238,2.0332,0.7208,1.0026,1.0904,"[[4.257, 0.0], [8.54, 0.0], [12.537, 0.0], [18.248, 0.0], [23.387, -0.131], [26.528, -0.131]]",0.0,0.0,0.0,0.0,0.0,0.0,0.0,1.0,ok,5.6002,0.0,0.0,0.0,0.0,0.0,0.0,0.0,0.0,0.0,87e52fd5dabd4c1fa075f42c0a89e72e,scene-0332,43
4.5443,9.3964,13.109,3.2585,5.6136,7.5887,0.0,0.0,0.0,0.0,0.0,0.0,0.0,0.0,0.0,ok,straight,4.5443,9.3974,13.109,3.2585,5.6139,7.7791,False,"[-0.0653, -0.0653, -0.1958, -0.0653, -0.0653, -0.0653, -0.1958, -0.5875]","[-170.5955, -624.1383, -97.8461, -71542.553, -2943.5355, -8706.1742, -17929.5641, -26324.0027]","[3.0301, 3.0102, 2.2635, -1071540.7964, -2005751.4081, -2011514.0468, -2020737.4367, -2029131.8753]","[7.779, 8.314, 9.161, 9.484, 8.281, 7.953, 8.105, 11.622]",1.1884,0.0,0.0,0.0,0.0,0.0,0.0,0.0,0.0,0.0,7.7791,8.0,4.5443,9.3974,13.109,3.2585,5.6139,7.7791,"[[1.973, 0.0], [4.542, -0.131], [6.541, 0.0], [9.396, -0.131], [11.11, -0.131], [13.108, -0.131]]",0.0,0.0,0.0,0.0,0.0,0.0,0.0,1.0,ok,11.6222,0.0,0.0,0.0,0.0,0.0,0.0,0.0,0.0,0.0,418cbb70159341c1ada4f3ba1fb69713,scene-0344,43
5.1135,10.5394,15.3931,3.9714,6.4703,9.0163,0.0,0.0,0.0,0.0,0.0,0.0,0.0,0.0,0.0,ok,straight,5.1135,10.253,15.3931,3.9714,6.6839,9.1587,False,"[-0.0653, -0.1958, -0.0653, -0.1305, -0.0653, -0.0, -8.2899, -0.1958]","[-318.698, -614.3386, -92.1331, -307.3796, -1645.3307, -6786.4728, -39088.9842, -89732.4617]","[4.3488, 4.2908, 3.3521, 3.3208, -1001641.9393, -1006784.0856, -1039085.5927, -1089730.0744]","[9.159, 10.302, 9.016, 10.448, 8.731, 7.208, 11.857, 11.268]",1.411,0.0,0.0,0.0,0.0,0.0,0.0,0.0,0.0,0.0,7.2077,8.0,5.1135,10.5394,10.5386,3.9714,6.4703,7.2077,"[[2.829, 0.0], [5.113, 0.0], [8.54, 0.0], [10.253, 0.0], [12.823, -0.131], [15.393, -0.131]]",0.0,-0.2863,4.8546,0.0,0.2137,1.951,3.0,0.0,ok,11.8568,0.0,0.0,0.0,0.0,0.0,0.0,0.0,0.0,0.0,eb9d7bc242d14e92a46c1037126cb204,scene-0344,43
5.1135,10.5394,15.9642,3.9714,6.4703,9.1114,0.0,0.0,0.0,0.0,0.0,0.0,0.0,0.0,0.0,ok,straight,5.1135,10.5394,15.9642,3.9714,6.4703,9.1114,False,"[-0.0653, -0.0653, -0.718, -0.5222, -0.4569, -0.0, -0.718, -0.0653]","[-120.3089, -123.5179, -204.3397, -1378.8061, -7914.4473, -13225.8356, -47447.483, -1062558.4011]","[3.4363, 3.4017, 1.1859, -1001376.676, -1007912.3518, -1013223.7401, -1047445.3529, -2062556.3056]","[9.111, 8.921, 10.689, 9.404, 10.257, 10.115, 8.884, 18.582]",3.0273,0.0,0.0,0.0,0.0,0.0,0.0,0.0,0.0,0.0,8.8839,8.0,5.1135,10.5394,23.4315,3.9714,6.4703,8.8839,"[[2.829, 0.0], [5.113, 0.0], [7.398, -0.131], [10.539, -0.131], [12.823, -0.131], [15.964, -0.131]]",0.0,0.0,-7.4673,0.0,0.0,0.2276,2.0,0.0,ok,18.5821,0.0,0.0,0.0,0.0,0.0,0.0,0.0,0.0,0.0,113f0ef12c2d455ebd676580a8bb9d57,scene-0344,43
5.399,11.1104,17.3918,4.1141,6.7558,9.5873,0.0,0.0,1.0,0.0,0.0,1.0,0.0,0.0,0.3333333333333333,ok,straight,5.4006,11.1104,15.3926,4.2577,7.0417,9.4456,True,"[-0.0, -0.0653, -0.0653, -0.1958, -0.1958, -0.1305, -0.0653, -0.9791]","[-116.1781, -218.4597, -267.7959, -346.3574, -1956.9197, -4291.4028, -24070.6483, -70801.443]","[4.1642, 4.0316, 3.9378, -1000343.3606, -1001953.923, -1004288.4977, -1024067.7432, -1070798.4463]","[9.446, 9.73, 9.778, 9.113, 10.588, 9.989, 8.731, 11.987]",0.9401,0.0,0.0,1.0,0.0,0.0,1.0,0.0,0.0,0.3333333333333333,8.7308,8.0,5.4006,11.1104,18.5339,4.2577,7.0417,8.7308,"[[3.115, 0.0], [5.399, -0.131], [8.54, -0.131], [11.11, -0.131], [13.108, -0.392], [15.393, 0.0]]",0.0,0.0,-3.1413,0.0,0.0,0.7147,2.0,0.0,ok,11.9869,0.0,0.0,0.0,0.0,0.0,1.0,0.0,0.0,0.16666666666666666,23d04168ebfa4aabbd7ab5024c7f096f,scene-0344,43
5.399,10.5394,16.8207,4.2569,6.7558,9.5873,0.0,0.0,0.0,0.0,0.0,0.0,0.0,0.0,0.0,ok,straight,5.1135,10.5394,15.9642,3.9714,6.613,9.3494,True,"[-0.0653, -0.0653, -0.0653, -2.2193, -0.0653, -1.5666, -1.7624, -0.2611]","[-83.5116, -66.7774, -1868.8323, -1910.7707, -2707.0662, -3099.9253, -12703.1789, -247177.1091]","[3.4889, 3.4543, -1001866.5977, -1001908.536, -1002704.7968, -1003097.6906, -1012700.9095, -1247174.8397]","[9.349, 9.445, 9.778, 10.19, 9.687, 11.345, 10.612, 14.065]",1.4632,0.0,0.0,0.0,0.0,0.0,0.0,0.0,0.0,0.0,9.3494,8.0,5.1135,10.5394,15.9642,3.9714,6.613,9.3494,"[[2.829, 0.0], [5.113, 0.0], [7.969, -0.131], [10.539, -0.131], [13.679, -0.131], [15.964, -0.131]]",0.0,0.0,0.0,0.0,0.0,0.0,0.0,1.0,ok,14.0652,0.0,0.0,0.0,0.0,0.0,0.0,0.0,0.0,0.0,c525629d7b3749d8968b486bb5412adf,scene-0345,43
1.7381,1.4861,2.3821,1.2208,1.3436,1.5379,0.0,0.0,0.0,0.0,0.0,0.0,0.0,0.0,0.0,ok,right,1.7381,2.7563,2.267,1.2208,1.5921,1.6843,False,"[0.0653, 0.3264, -0.2611, 0.0653, 3.1985, 0.0653, 7.0497, 0.3264]","[-2224.4808, -2717.9249, -3536.6253, -5327.5079, -7453.7927, -8556.4855, -13817.5438, -14854.7909]","[-1002222.2844, -1002715.7286, -1003534.429, -1005325.7348, -1007452.0196, -1008554.2891, -1013815.7707, -1014853.0177]","[1.684, 2.514, 2.48, 2.536, 2.811, 1.94, 4.801, 6.156]",1.4451,0.0,0.0,0.0,0.0,0.0,0.0,0.0,0.0,0.0,1.6843,8.0,1.7381,2.7563,2.267,1.2208,1.5921,1.6843,"[[2.258, 0.0], [5.113, 0.0], [6.541, 0.0], [10.824, -0.653], [11.11, -0.131], [13.108, -0.131]]",0.0,0.0,0.0,0.0,0.0,0.0,0.0,1.0,ok,6.1559,0.0,0.0,0.0,0.0,0.0,0.0,0.0,0.0,0.0,d8866c75f88a4dbaa461260b81409544,scene-0345,43
1.3761,3.2651,6.1958,0.9915,1.8861,3.1834,0.0,0.0,0.0,0.0,0.0,0.0,0.0,0.0,0.0,ok,right,1.5646,3.2651,5.0075,1.0858,1.9333,2.9894,True,"[2.9374, 2.7415, 2.2846, 2.2846, -1.5013, 2.1541, 3.1332, -8.2899]","[-168.0626, -113.9455, -74.9614, -99.6139, -788.0188, -1951.1605, -20223.3789, -23189.8702]","[2.5554, 2.508, 2.3878, 2.3811, -1000786.6855, -1001949.8272, -1020222.0417, -1023188.5369]","[2.989, 3.809, 3.249, 3.44, 4.867, 3.119, 4.279, 6.801]",1.191,0.0,0.0,0.0,0.0,0.0,0.0,0.0,0.0,0.0,2.9894,8.0,1.5646,3.2651,5.0075,1.0858,1.9333,2.9894,"[[2.258, -0.131], [4.257, -0.653], [6.827, -0.914], [9.111, -1.958], [11.395, -3.003], [14.536, -5.875]]",0.0,0.0,0.0,0.0,0.0,0.0,0.0,1.0,ok,6.801,0.0,0.0,0.0,0.0,0.0,0.0,0.0,0.0,0.0,699e94e9f1cc4dffa7c58c00fd3a740f,scene-0345,43
1.8522,4.839,6.1148,1.3541,2.9021,4.0105,0.0,0.0,0.0,0.0,0.0,0.0,0.0,0.0,0.0,ok,straight,1.8522,4.839,6.1148,1.3541,2.9021,4.0105,False,"[-0.0653, -0.0653, -0.1958, -0.1958, -0.0, -0.1958, -0.0653, -1.6971]","[-42.3747, -127.5211, -206.2681, -951.7802, -344.163, -736.6612, -10268.7884, -562978.8929]","[2.9489, 2.9462, 2.7013, 2.695, -1000342.0642, -1000734.5647, -1010266.6919, -1562976.7941]","[4.011, 4.391, 3.234, 5.254, 4.678, 6.485, 3.313, 13.373]",3.1021,0.0,0.0,0.0,0.0,0.0,0.0,0.0,0.0,0.0,3.234,8.0,1.8522,4.839,2.7421,1.3541,2.9021,3.234,"[[4.257, 0.0], [8.54, 0.0], [12.537, 0.0], [16.82, 0.0], [20.532, 0.0], [24.815, -0.131]]",0.0,0.0,3.3727,0.0,0.0,0.7766,2.0,0.0,ok,13.3729,0.0,0.0,0.0,0.0,0.0,0.0,0.0,0.0,0.0,13ccb50e48444e128c76ca469117d676,scene-0345,43
1.6871,3.4003,5.1135,1.2588,2.1154,2.8293,0.0,0.0,0.0,0.0,0.0,0.0,0.0,0.0,0.0,ok,straight,1.1161,3.4003,5.1135,0.6878,1.7585,2.5913,True,"[-0.0, -0.0, -0.0, -0.0, -0.0653, -0.0, -0.4569, -0.3916]","[-176.0052, -202.0939, -212.4343, -887.9289, -2845.3929, -3288.0227, -8617.4551, -23060.3699]","[3.3478, 3.3442, 3.342, -1000885.856, -1002843.3208, -1003285.9507, -1008615.3831, -1023058.297]","[2.591, 2.211, 2.782, 2.687, 3.781, 1.743, 6.259, 6.305]",1.6694,0.0,0.0,0.0,0.0,0.0,0.0,0.0,0.0,0.0,1.7434,8.0,1.6871,3.4003,2.2582,1.2588,2.0441,1.7434,"[[0.259, 0.0], [1.116, 0.0], [2.258, 0.0], [3.4, 0.0], [3.4, 0.0], [5.113, 0.0]]",-0.5711,0.0,2.8553,-0.5711,-0.2855,0.8479,2.0,0.0,ok,6.3055,0.0,0.0,0.0,0.0,0.0,0.0,0.0,0.0,0.0,c35efe5eaf784275b8c7e31fb50aa902,scene-0346,43
1.6871,3.6858,4.5424,1.2588,2.1868,2.8768,0.0,0.0,0.0,0.0,0.0,0.0,0.0,0.0,0.0,ok,straight,1.6871,3.6858,5.1135,1.2588,2.1868,2.9244,False,"[-0.0, -0.0, -0.0, -0.1305, -0.2611, -0.0653, -0.0653, -0.1305]","[-151.5548, -45.1005, -430.5655, -133.7174, -339.9673, -1156.1372, -4966.7931, -482305.6957]","[3.2932, 3.2618, 3.2594, 1.7537, -1000338.0519, -1001154.2218, -1004964.8456, -1482303.7482]","[2.924, 2.972, 3.115, 4.115, 3.451, 2.877, 2.124, 9.114]",2.0625,0.0,0.0,0.0,0.0,0.0,0.0,0.0,0.0,0.0,2.1245,8.0,1.6871,3.6858,3.9735,1.2588,2.1868,2.1245,"[[0.831, 0.0], [1.687, 0.0], [2.544, 0.0], [3.686, 0.0], [3.686, 0.0], [5.113, 0.0]]",0.0,0.0,1.14,0.0,0.0,0.8,2.0,0.0,ok,9.114,0.0,0.0,0.0,0.0,0.0,0.0,0.0,0.0,0.0,0ed1a404c1fb4f7a87a30d3ee45f7f97,scene-0346,43
1.4399,4.317,5.5495,0.792,2.2878,3.238,0.0,0.0,0.0,0.0,0.0,0.0,0.0,0.0,0.0,ok,straight,1.4399,4.0325,5.5623,0.792,2.0742,3.2398,False,"[-0.0653, -0.0653, -0.0653, -0.3916, -0.4569, -0.2611, -0.3916, -8.2899]","[-177.1318, -282.0512, -670.3258, -934.5589, -1067.8315, -1679.8559, -3155.7104, -17086.5743]","[3.3727, 3.3528, -1000667.9496, -1000932.1827, -1001065.4551, -1001677.4795, -1003153.3342, -1017084.1978]","[3.24, 3.335, 4.237, 3.802, 2.662, 1.539, 3.135, 5.046]",0.9794,0.0,0.0,0.0,0.0,0.0,0.0,0.0,0.0,0.0,1.5389,8.0,1.4399,4.0325,0.4468,0.792,2.0742,1.5389,"[[1.687, 0.0], [3.115, 0.0], [4.542, 0.0], [5.97, 0.0], [6.541, 0.0], [9.111, 0.131]]",0.0,0.0,5.1154,0.0,0.0,1.7009,3.0,0.0,ok,5.0456,0.0,0.0,0.0,0.0,0.0,0.0,0.0,0.0,0.0,5ad76231ff724caa85e151d89bc8770a,scene-0346,43
0.5475,1.1728,1.4434,0.6119,0.671,0.7203,0.0,0.0,0.0,0.0,0.0,0.0,0.0,0.0,0.0,ok,straight,0.5475,0.2928,1.4598,0.6119,0.451,0.5683,True,"[-0.3916, -0.0653, -2.4152, -0.3916, -0.0, -0.1958, -1.5013, -1.8277]","[-180.2815, -871.0897, -1303.3489, -2247.5582, -3610.5468, -4697.0232, -6708.9824, -91869.6106]","[4.0896, -1000867.993, -1001300.2522, -1002244.6404, -1003607.629, -1004694.1054, -1006705.8856, -1091866.6928]","[0.568, 1.189, 1.809, 0.855, 1.141, 1.171, 2.583, 6.688]",1.864,0.0,0.0,0.0,0.0,0.0,0.0,0.0,0.0,0.0,0.5683,8.0,0.5475,0.2928,1.4598,0.6119,0.451,0.5683,"[[2.829, 0.0], [5.113, 0.0], [7.398, 0.0], [9.682, 0.0], [13.108, 0.261], [14.822, 0.783]]",0.0,0.0,0.0,0.0,0.0,0.0,0.0,1.0,ok,6.6878,0.0,0.0,0.0,0.0,0.0,0.0,0.0,0.0,0.0,0af54713a83e4d54b852eb2239039136,scene-0346,43
0.3072,1.9384,4.9672,0.3359,0.9116,1.9431,0.0,0.0,0.0,0.0,0.0,0.0,0.0,0.0,0.0,ok,straight,0.3072,1.9384,1.2662,0.3359,0.9116,1.22,True,"[-0.0, -0.0653, -0.7833, -0.0653, -0.1305, -8.2899, -5.0262, -2.0888]","[-466.683, -37.0515, -407.0852, -1529.6473, -3349.9337, -5994.7493, -6967.3844, -79043.3]","[5.5867, 5.5808, 5.3146, -1001526.1155, -1003346.4019, -1005991.2175, -1006963.8525, -1079038.897]","[1.22, 1.943, 2.27, 1.671, 1.346, 3.75, 2.833, 4.377]",1.0706,0.0,0.0,0.0,0.0,0.0,0.0,0.0,0.0,0.0,1.22,8.0,0.3072,1.9384,1.2662,0.3359,0.9116,1.22,"[[1.973, 0.0], [4.542, 0.0], [6.541, 0.0], [8.54, 0.0], [11.681, 1.305], [15.678, 0.0]]",0.0,0.0,0.0,0.0,0.0,0.0,0.0,1.0,ok,4.3767,0.0,0.0,0.0,0.0,0.0,0.0,0.0,0.0,0.0,4e26b42796024b45a9a852738e3701bb,scene-0519,43
0.9523,2.9046,2.3966,0.5636,1.5163,1.9742,0.0,0.0,0.0,0.0,0.0,0.0,0.0,0.0,0.0,ok,straight,0.9523,2.9046,2.3966,0.5636,1.5163,1.9742,False,"[-0.0653, -0.0653, -0.0, -1.1097, -0.0653, -0.0653, -0.0, -0.0]","[-38.9447, -135.1525, -801.4825, -1646.3347, -19420.1376, -49895.2868, -387226.3605, -816902.7964]","[2.3764, 2.3753, -1000799.9786, -1001644.8315, -1019418.6336, -1049893.7829, -1387224.8572, -1816901.2932]","[1.974, 2.307, 1.807, 2.723, 3.785, 3.369, 18.141, 10.531]",5.4375,0.0,0.0,0.0,0.0,0.0,0.0,0.0,0.0,0.0,1.8067,8.0,0.9523,2.9046,1.69,0.5636,1.5163,1.8067,"[[3.686, 0.0], [7.969, 0.0], [12.537, 0.0], [16.82, -0.131], [20.818, -0.131], [23.387, -0.131]]",0.0,0.0,0.7066,0.0,0.0,0.1674,1.0,0.0,ok,18.1415,0.0,0.0,0.0,0.0,0.0,0.0,0.0,0.0,0.0,f35c8e2c937d4cd486cd0cce36425d5c,scene-0519,43
2.4689,5.9355,9.4207,1.8999,3.4873,5.1052,0.0,0.0,0.0,0.0,0.0,0.0,0.0,0.0,0.0,ok,straight,2.4689,5.6485,9.4207,1.8999,3.6294,5.2,False,"[-0.0653, -0.0, -0.0653, -0.0653, -0.0, -0.1305, -0.1305, -0.1958]","[-375.2438, -201.8619, -28.43, -851.0766, -6162.2751, -6431.9009, -9799.5922, -14685.6355]","[4.9259, 3.9965, 2.9979, -1000847.2836, -1006158.482, -1006428.1078, -1009797.7955, -1014683.8388]","[5.2, 5.771, 5.105, 5.058, 5.818, 4.821, 5.058, 4.015]",0.5286,0.0,0.0,0.0,0.0,0.0,0.0,0.0,0.0,0.0,4.015,8.0,2.4689,5.9355,9.4298,1.8999,3.4873,4.015,"[[3.115, 0.0], [5.97, 0.0], [7.683, 0.0], [11.395, 0.0], [13.965, -0.131], [15.964, -0.131]]",0.0,-0.2869,-0.0092,0.0,0.1421,1.185,5.0,0.0,ok,5.8184,0.0,0.0,0.0,0.0,0.0,0.0,0.0,0.0,0.0,3a90b7c61d7f4016a1a2a680b0eac6e9,scene-0519,43
1.6245,3.2998,2.1388,1.2559,2.0023,2.1097,0.0,0.0,0.0,0.0,0.0,0.0,0.0,0.0,0.0,ok,straight,1.6245,3.3048,2.1388,1.2559,1.8612,2.0156,True,"[-0.0653, -0.0653, -0.0, -0.0, -0.0653, -0.1305, -0.3264, -0.2611]","[-545.4381, -192.6205, -666.0482, -1083.7575, -4879.8305, -8829.9574, -93851.0604, -145204.1193]","[3.5387, 3.0735, -1000664.0191, -1001081.7284, -1004877.3295, -1008827.4563, -1093848.5594, -1145202.0902]","[2.016, 2.11, 2.91, 3.157, 3.018, 3.397, 4.204, 5.08]",0.954,0.0,0.0,0.0,0.0,0.0,0.0,0.0,0.0,0.0,2.0156,8.0,1.6245,3.3048,2.1388,1.2559,1.8612,2.0156,"[[3.686, 0.0], [7.398, 0.0], [11.681, 0.0], [14.25, 0.0], [19.104, -0.131], [23.387, -0.131]]",0.0,0.0,0.0,0.0,0.0,0.0,0.0,1.0,ok,5.0799,0.0,0.0,0.0,0.0,0.0,0.0,0.0,0.0,0.0,4b593e6d756b4827b46e044ee147d4fb,scene-0519,43
1.782,4.2455,5.9327,1.2749,2.4612,3.5592,0.0,0.0,0.0,0.0,0.0,0.0,0.0,0.0,0.0,ok,straight,1.782,4.2455,5.9327,1.2749,2.4612,3.5592,False,"[-0.0653, -0.0653, -0.0653, -0.0, -0.1305, -0.0, -0.0653, -0.1305]","[-61.0409, -195.4684, -454.7133, -4982.7178, -8119.9011, -9240.8133, -9572.1227, -10338.446]","[3.3749, 3.3432, -1000452.5892, -1004980.6464, -1008117.777, -1009238.7419, -1009570.0513, -1010336.3745]","[3.559, 2.562, 3.179, 2.228, 3.446, 1.292, 2.408, 1.66]",0.7677,0.0,0.0,0.0,0.0,0.0,0.0,0.0,0.0,0.0,1.2923,8.0,0.1013,1.0074,0.7348,0.4346,0.734,1.2923,"[[3.115, 0.0], [5.97, 0.0], [8.54, -0.131], [11.11, -0.131], [13.108, -0.131], [16.249, -0.131]]",1.6807,3.2381,5.1979,0.8404,1.7273,2.2669,7.0,0.0,ok,3.5592,0.0,0.0,0.0,0.0,0.0,0.0,0.0,0.0,0.0,6123a0c091d24c39ab274cdbad994bc4,scene-0520,43
1.4589,4.0106,8.4464,1.0934,2.2072,3.9243,0.0,0.0,0.0,0.0,0.0,0.0,0.0,0.0,0.0,ok,straight,2.3152,4.0106,7.0161,1.3789,2.35,3.467,True,"[-0.0653, -0.1305, -0.1305, -1.2402, -0.8486, -0.0653, -0.1958, -0.3264]","[-868.2027, -23.6182, -303.2132, -152.1023, -408.3283, -762.4271, -11965.6006, -34716.638]","[3.1878, 3.108, 3.0764, 0.3637, -1000406.3585, -1000760.4645, -1011963.6309, -1034714.6755]","[3.467, 3.924, 4.019, 3.436, 3.675, 2.027, 3.832, 5.347]",0.8516,0.0,0.0,0.0,0.0,0.0,0.0,0.0,0.0,0.0,2.0275,8.0,2.3152,4.0106,0.198,1.3789,2.35,2.0275,"[[1.687, 0.0], [1.973, 0.0], [3.971, -0.131], [5.113, -0.131], [7.683, -1.044], [7.969, -0.131]]",0.0,0.0,6.8181,0.0,0.0,1.4395,2.0,0.0,ok,5.3469,0.0,0.0,0.0,0.0,0.0,0.0,0.0,0.0,0.0,b999707d600d4b0db25404e6f41085aa,scene-0520,43
0.3897,0.267,1.6147,0.2932,0.4609,0.6804,0.0,0.0,0.0,0.0,0.0,0.0,0.0,0.0,0.0,ok,straight,0.3897,0.267,5.0274,0.2932,0.4609,1.6285,False,"[-0.0, -0.0653, -0.1305, -0.1305, -0.5875, -0.0653, -0.3916, -0.1305]","[-186.0712, -336.3779, -309.9636, -310.7002, -689.4457, -1294.6198, -8330.3351, -46507.4075]","[3.3446, 2.9835, 2.6341, 2.634, -1000687.5794, -1001292.7535, -1008328.4688, -1046505.5412]","[1.629, 0.62, 0.907, 0.68, 1.284, 1.656, 1.32, 3.856]",0.9662,0.0,0.0,0.0,0.0,0.0,0.0,0.0,0.0,0.0,0.6202,8.0,0.3897,0.267,1.1021,0.2932,0.4609,0.6202,"[[4.257, 0.0], [8.54, -0.131], [12.537, -0.131], [18.248, -0.131], [25.672, 0.0], [32.524, 0.0]]",0.0,0.0,3.9252,0.0,0.0,1.0083,5.0,0.0,ok,3.8559,0.0,0.0,0.0,0.0,0.0,0.0,0.0,0.0,0.0,0018da40529f48678419d44d09da5369,scene-0520,43
3.2433,5.8155,8.6551,2.399,3.9156,5.2973,0.0,0.0,0.0,0.0,0.0,0.0,0.0,0.0,0.0,ok,straight,3.2433,6.101,8.6589,2.399,3.987,5.3455,False,"[-0.0, -0.0653, -0.0653, -0.0653, -2.1541, -0.2611, -0.0653, -0.1305]","[-22.562, -34.1811, -80.6132, -264.1988, -1357.1008, -3386.8587, -3621.2259, -5077.4701]","[3.5095, 3.4081, 3.3874, 3.2858, -1001355.0109, -1003384.7648, -1003619.132, -1005075.3761]","[5.346, 5.392, 5.345, 5.013, 6.499, 5.916, 5.703, 5.63]",0.4238,0.0,0.0,0.0,0.0,0.0,0.0,0.0,0.0,0.0,5.0125,8.0,3.2433,6.101,7.7987,2.399,3.987,5.0125,"[[3.4, 0.0], [6.541, 0.0], [9.396, -0.131], [12.537, -0.131], [16.249, -0.131], [19.676, 0.0]]",0.0,0.0,0.8602,0.0,0.0,0.333,2.0,0.0,ok,6.4987,0.0,0.0,0.0,0.0,0.0,0.0,0.0,0.0,0.0,4ea6733a72d34c4980bccafc888e959b,scene-0520,43
2.8916,6.1836,9.4195,2.0942,3.725,5.3013,0.0,0.0,0.0,0.0,0.0,0.0,0.0,0.0,0.0,ok,straight,2.8916,4.7559,4.2904,2.0942,3.4395,3.8282,True,"[-0.0653, -0.0653, -0.0653, -0.2611, -0.0, -0.0653, -0.3264, -8.2899]","[-223.9293, -825.1864, -690.1189, -227.8246, -3238.3911, -6499.0074, -12030.9382, -19847.5785]","[1.9715, 1.8813, 1.4931, 1.4901, -1003238.0104, -1006498.2183, -1012030.5575, -1019846.7894]","[3.828, 5.111, 5.444, 4.548, 3.781, 5.016, 5.974, 6.673]",0.9355,0.0,0.0,0.0,0.0,0.0,0.0,0.0,0.0,0.0,3.7814,8.0,4.3187,4.7559,1.1576,3.0931,3.9389,3.7814,"[[3.4, 0.0], [6.541, 0.0], [9.396, -0.131], [14.25, -0.131], [18.819, 0.0], [24.244, 0.131]]",-1.4271,0.0,3.1328,-0.9989,-0.4995,0.0468,1.0,0.0,ok,6.6726,0.0,0.0,0.0,0.0,0.0,0.0,0.0,0.0,0.0,107dd32140844573924260f9ad9390bf,scene-0521,43
1.958,2.9799,3.6918,1.343,1.9031,2.4219,0.0,0.0,0.0,0.0,0.0,0.0,0.0,0.0,0.0,ok,straight,1.958,2.9799,3.4063,1.343,1.9031,2.3743,True,"[-0.0653, -0.0653, -0.3916, -0.0, -0.0653, -0.1305, -0.2611, -0.2611]","[-193.4224, -369.1696, -675.8391, -2091.9295, -5285.7917, -6084.3593, -25601.97, -103290.7679]","[4.0765, 1.7615, -1000673.0089, -1002089.0993, -1005285.2713, -1006083.8389, -1025599.1399, -1103290.2475]","[2.374, 2.422, 2.859, 2.54, 2.16, 1.946, 3.109, 4.4]",0.7199,0.0,0.0,0.0,0.0,0.0,0.0,0.0,0.0,0.0,1.9459,8.0,2.2429,2.9799,2.2963,1.4855,1.9744,1.9459,"[[3.686, 0.0], [6.827, 0.0], [11.11, 0.0], [14.25, -0.131], [17.962, -0.131], [21.674, -0.131]]",-0.2849,0.0,1.11,-0.1425,-0.0712,0.4284,2.0,0.0,ok,4.3999,0.0,0.0,0.0,0.0,0.0,0.0,0.0,0.0,0.0,31dc0c75e21748edb4b32c388cf4a86a,scene-0521,43
0.7827,2.9739,5.138,0.7649,1.6671,2.5001,0.0,0.0,0.0,0.0,0.0,0.0,0.0,0.0,0.0,ok,straight,0.7827,3.5448,5.138,0.7649,1.8099,2.738,False,"[-0.0653, -0.0653, -0.1305, -0.1958, -0.5222, -0.2611, -0.1305, -4.5692]","[-200.4662, -299.3638, -374.6678, -644.5774, -699.2337, -7149.2373, -74033.255, -790589.9709]","[2.2597, 2.2591, 2.2141, -1000643.2054, -1000697.8619, -1007147.8655, -1074031.8833, -1790588.5989]","[2.738, 2.833, 2.643, 4.5, 3.416, 2.403, 5.3, 12.206]",3.0604,0.0,0.0,0.0,0.0,0.0,0.0,0.0,0.0,0.0,2.4027,8.0,1.9236,3.5448,6.294,1.0509,1.9529,2.4027,"[[4.257, 0.0], [7.683, 0.0], [12.537, -0.131], [16.82, -0.131], [19.961, -0.131], [23.387, -0.131]]",-1.1409,0.0,-1.156,-0.286,-0.143,0.3353,2.0,0.0,ok,12.2062,0.0,0.0,0.0,0.0,0.0,0.0,0.0,0.0,0.0,15f6744bf59e4e0189e534de13d468f7,scene-0521,43
5.0654,8.894,11.8185,3.8013,5.9721,7.7045,0.0,0.0,0.0,0.0,0.0,0.0,0.0,0.0,0.0,ok,straight,5.0654,8.894,11.8185,3.8013,5.9721,7.7045,False,"[-0.0653, -0.0653, -0.0653, -0.3264, -0.0653, -0.1958, -0.0, -0.0]","[-42.0284, -88.4299, -332.828, -90.47, -1335.664, -1773.7325, -9766.5645, -262205.7855]","[2.6715, 0.3614, 0.3586, 0.1411, -1001336.0178, -1001774.0863, -1009764.6087, -1262203.8298]","[7.704, 5.754, 7.372, 7.805, 6.899, 7.183, 9.751, 15.081]",2.7174,0.0,0.0,0.0,0.0,0.0,0.0,0.0,0.0,0.0,5.7536,8.0,5.0654,7.7532,5.5371,3.8013,5.4728,5.7536,"[[3.686, 0.0], [7.398, 0.0], [11.11, -0.131], [14.25, -0.131], [17.962, -0.131], [21.389, -0.131]]",0.0,1.1407,6.2814,0.0,0.4993,1.9508,4.0,0.0,ok,15.0807,0.0,0.0,0.0,0.0,0.0,0.0,0.0,0.0,0.0,1a1dc7ef4955481ba3755fbaa39a53d8,scene-0521,43
2.9406,4.6254,4.9644,2.2685,3.2265,3.7519,0.0,0.0,0.0,0.0,0.0,0.0,0.0,0.0,0.0,ok,straight,2.9406,4.6254,5.5331,2.2685,3.2265,4.1321,False,"[-0.0, -0.0653, -0.0653, -0.1305, -0.1958, -0.1305, -0.0653, -0.0653]","[-264.4646, -752.7228, -43.8552, -534.5014, -738.3358, -387091.033, -787023.3623, -831879.287]","[4.4245, 4.0404, 3.2583, 2.8742, -1000736.2408, -1387088.938, -1787020.483, -1831876.4077]","[4.132, 3.657, 3.752, 4.799, 2.672, 19.408, 11.936, 11.32]",5.5508,0.0,0.0,0.0,0.0,0.0,0.0,0.0,0.0,0.0,2.6717,8.0,2.9406,4.6254,1.0512,2.2685,3.2265,2.6717,"[[4.257, 0.0], [8.54, 0.0], [12.537, -0.131], [16.82, -0.131], [22.245, -0.131], [25.386, 0.0]]",0.0,0.0,4.4819,0.0,0.0,1.4604,3.0,0.0,ok,19.408,0.0,0.0,0.0,0.0,0.0,0.0,0.0,0.0,0.0,5ec2ee2d55cc4582acd0f92476845a74,scene-0522,43
0.2569,0.0813,3.063,0.285,0.3563,1.0747,0.0,0.0,0.0,0.0,0.0,0.0,0.0,0.0,0.0,ok,straight,0.2569,1.3487,1.352,0.285,0.6731,0.9057,True,"[-0.0653, -0.3264, -0.0653, -0.0653, -0.0, -0.0653, -8.2899, -0.0653]","[-44.3946, -566.2428, -1508.978, -4649.6741, -9725.9775, -14003.2573, -21481.0636, -77772.0059]","[2.0596, -1000565.2371, -1001506.4606, -1004648.6684, -1009724.9718, -1014000.74, -1021478.5463, -1077769.4886]","[0.906, 1.764, 0.747, 1.017, 2.476, 3.793, 3.973, 2.914]",1.2064,0.0,0.0,0.0,0.0,0.0,0.0,0.0,0.0,0.0,0.7466,8.0,0.2569,0.6671,1.352,0.285,0.4345,0.7466,"[[3.115, 0.0], [6.541, 0.0], [9.396, -0.131], [12.823, -0.131], [16.249, -0.131], [19.961, -0.131]]",0.0,0.6816,0.0,0.0,0.2386,0.1591,1.0,0.0,ok,3.973,0.0,0.0,0.0,0.0,0.0,0.0,0.0,0.0,0.0,3b971d298409494a8fcbc824745e0f16,scene-0522,43
3.4724,6.6143,8.8484,2.4469,3.9448,5.5421,0.0,0.0,0.0,0.0,0.0,0.0,0.0,0.0,0.0,ok,straight,2.0448,6.6143,10.2761,1.7331,3.5879,5.5421,False,"[-0.0653, -0.0653, -0.0653, -0.1958, -1.1097, -0.3916, -0.0653, -0.1305]","[-177.0386, -212.9908, -669.622, -648.7169, -711.407, -1884.221, -2247.5745, -7099.7704]","[2.6289, 2.6128, 2.4004, 2.024, -0.7126, -1001882.8811, -1002246.2352, -1007098.4305]","[5.542, 5.78, 4.734, 5.495, 4.936, 5.117, 5.59, 7.211]",0.7113,0.0,0.0,0.0,0.0,0.0,0.0,0.0,0.0,0.0,4.7343,8.0,2.0448,6.6143,7.7134,1.7331,3.5879,4.7343,"[[2.829, 0.0], [6.541, -0.131], [8.54, -0.131], [10.539, -0.131], [12.823, -0.131], [15.393, -0.131]]",0.0,0.0,2.5627,0.0,0.0,0.8078,4.0,0.0,ok,7.2115,0.0,0.0,0.0,0.0,0.0,0.0,0.0,0.0,0.0,5374ff6ee0994633b57a197b0bf3ea06,scene-0522,43
1.4089,2.1831,4.3379,0.8457,1.3498,2.2416,0.0,0.0,0.0,0.0,0.0,0.0,0.0,0.0,0.0,ok,straight,0.8379,2.1831,4.3379,0.5602,1.207,2.1464,True,"[-0.1305, -0.1305, -0.0, -0.2611, -3.9818, -0.1958, -0.6527, -0.1305]","[-67.14, -262.7864, -385.436, -592.6723, -1156.5614, -4318.5718, -10014.9371, -13481.5192]","[3.6277, 3.5856, -1000383.0176, -1000590.254, -1001154.1431, -1004316.1517, -1010012.517, -1013479.0991]","[2.146, 2.244, 1.964, 1.637, 2.467, 1.674, 2.468, 2.776]",0.3746,0.0,0.0,0.0,0.0,0.0,0.0,0.0,0.0,0.0,1.6375,8.0,1.4089,1.8993,3.4251,0.8457,1.3529,1.6375,"[[3.115, 0.0], [5.97, -0.131], [8.54, -0.131], [11.11, -0.131], [12.823, -0.131], [15.393, -0.261]]",-0.571,0.2837,0.9129,-0.2855,-0.1459,0.5089,3.0,0.0,ok,2.7756,0.0,0.0,0.0,0.0,0.0,0.0,0.0,0.0,0.0,f656f3b78a2c4ee4824f58ca89fe545d,scene-0522,43
0.3907,1.1554,2.7391,0.3334,0.5332,1.1512,0.0,0.0,0.0,0.0,0.0,0.0,0.0,0.0,0.0,ok,straight,0.7515,1.1554,2.5268,0.5269,0.63,1.2258,False,"[-0.1305, -0.1305, -0.0653, -0.1305, -0.1305, -0.3916, -0.1305, -0.1958]","[-79.3026, -411.9009, -887.3534, -1845.5947, -3151.0404, -6990.7779, -7054.5127, -7963.8908]","[2.7995, 2.678, -1000886.0354, -1001844.2901, -1003149.7225, -1006989.4733, -1007053.1948, -1007962.5862]","[1.226, 1.366, 1.081, 1.161, 1.344, 1.566, 2.311, 2.374]",0.4759,0.0,0.0,0.0,0.0,0.0,0.0,0.0,0.0,0.0,1.0807,8.0,0.7515,1.1554,1.3453,0.5269,0.63,1.0807,"[[3.4, 0.0], [6.541, -0.131], [8.54, -0.131], [10.539, -0.131], [12.252, -0.261], [15.107, -0.261]]",0.0,0.0,1.1816,0.0,0.0,0.1451,2.0,0.0,ok,2.3741,0.0,0.0,0.0,0.0,0.0,0.0,0.0,0.0,0.0,ce03b6f0c1d2455aa18f6275917485bc,scene-0523,43
0.2749,1.404,5.061,0.199,0.6672,1.7706,0.0,0.0,0.0,0.0,0.0,0.0,0.0,0.0,0.0,ok,straight,0.2749,0.7861,5.061,0.199,0.5466,1.658,True,"[-1.8277, -1.8277, -5.1567, -0.0653, -3.2637, -3.0026, -2.2846]","[-572.1009, -57.4915, -967.7209, -1975.4883, -2311.4791, -7077.4164, -117163.7108]","[3.7599, 3.4907, -1000965.1458, -1001972.6312, -1002308.622, -1007074.8413, -1117160.8537]","[1.658, 1.73, 2.722, 1.356, 2.442, 1.829, 4.705]",1.0566,0.0,0.0,0.0,0.0,0.0,0.0,0.0,0.0,0.0,1.3565,7.0,0.2749,0.7861,1.912,0.199,0.5466,1.3565,"[[1.973, -0.131], [3.971, -0.261], [7.112, -0.914], [8.54, -0.653], [10.253, -2.35], [11.11, -3.655]]",0.0,0.0,3.149,0.0,0.0,0.3015,1.0,0.0,ok,4.7047,0.0,0.0,0.0,0.0,0.0,0.0,0.0,0.0,0.0,b6a99c6a8d944129a5ab01e0bdb86cf0,scene-0523,43
1.7085,3.8848,5.7212,1.0337,2.0406,3.1455,0.0,0.0,0.0,0.0,0.0,0.0,0.0,0.0,0.0,ok,straight,1.7085,3.8848,5.7212,1.0337,2.0406,2.959,True,"[-0.1305, -0.1305, -0.1305, -0.1305, -0.0653, -0.0653, -0.0653, -0.0653]","[-518.2789, -1110.2899, -1186.5564, -1034.281, -1594.3817, -1887.059, -7429.2632, -43027.8222]","[1.8723, 1.7926, 1.787, -1001031.8985, -1001591.9992, -1001884.713, -1007426.9171, -1043025.4397]","[2.959, 3.285, 2.575, 6.039, 3.287, 2.265, 4.542, 6.4]",1.4706,0.0,0.0,0.0,0.0,0.0,0.0,0.0,0.0,0.0,2.2654,8.0,2.8122,3.8848,1.4951,2.013,2.5303,2.2654,"[[3.115, 0.0], [5.399, -0.131], [8.54, -0.131], [10.539, -0.131], [14.25, -0.131], [15.964, -0.261]]",-1.1036,0.0,4.2261,-0.9793,-0.4897,0.6935,2.0,0.0,ok,6.4003,0.0,0.0,0.0,0.0,0.0,0.0,0.0,0.0,0.0,09fe2623b0774391ba3a50ec61bc02f7,scene-0523,43
0.778,2.6419,3.3463,0.5414,1.2785,1.9067,0.0,0.0,0.0,0.0,0.0,0.0,0.0,0.0,0.0,ok,straight,0.778,1.2204,3.3463,0.5414,0.8017,1.5888,True,"[-0.1305, -0.1305, -0.4569, -0.7833, -0.5222, -1.1749, -0.1305, -0.0]","[-201.726, -54.9364, -669.6086, -1020.6497, -4134.8889, -34213.7056, -37402.5174, -341820.9266]","[3.1854, 3.1627, 2.3171, -1001018.6937, -1004132.957, -1034211.7496, -1037400.5854, -1341818.9946]","[1.589, 1.907, 1.019, 1.655, 1.248, 2.679, 3.047, 6.524]",1.6646,0.0,0.0,0.0,0.0,0.0,0.0,0.0,0.0,0.0,1.0194,8.0,0.778,1.2204,1.7464,0.5414,0.8017,1.0194,"[[3.686, 0.0], [7.398, -0.131], [11.681, -0.261], [15.678, 0.0], [18.248, -0.131], [22.245, -0.261]]",0.0,0.0,1.5999,0.0,0.0,0.5694,2.0,0.0,ok,6.524,0.0,0.0,1.0,0.0,0.0,1.0,0.0,0.0,0.3333333333333333,08027e9f30d341bfb02d4f8dc52a01eb,scene-0523,43
0.9914,2.1894,3.1823,0.8952,1.2225,1.7196,0.0,0.0,0.0,0.0,0.0,0.0,0.0,0.0,0.0,ok,straight,0.7097,2.1894,3.1823,0.7544,1.152,1.6727,True,"[-0.1305, -0.1305, -0.0653, -0.1305, -0.0, -0.1958, -0.0653, -8.2899]","[-196.6357, -235.5163, -2396.2516, -3935.7533, -4311.2197, -4444.5524, -137114.8288, -856222.1973]","[3.0927, 3.074, -1002393.9956, -1003933.4788, -1004308.9637, -1004442.2778, -1137112.5542, -1856219.9413]","[1.673, 1.72, 2.234, 1.945, 2.471, 2.106, 5.847, 11.575]",3.2392,0.0,0.0,0.0,0.0,0.0,0.0,0.0,0.0,0.0,1.6727,8.0,0.7097,2.1894,3.1823,0.7544,1.152,1.6727,"[[3.686, 0.0], [8.254, 0.0], [12.537, -0.131], [15.678, -0.131], [19.961, -0.131], [23.387, -0.261]]",0.0,0.0,0.0,0.0,0.0,0.0,0.0,1.0,ok,11.5753,0.0,1.0,1.0,0.0,1.0,1.0,0.0,0.25,0.5,89c9204978674480aec9d2a9a377eecc,scene-0524,43
2.0944,4.1546,5.2016,1.6651,2.803,3.7324,0.0,0.0,0.0,0.0,0.0,0.0,0.0,0.0,0.0,ok,straight,2.0944,4.7235,5.2016,1.6651,2.9452,3.8272,False,"[-0.3916, -0.3916, -0.1305, -0.3264, -0.8486, -0.3916, -8.2899, -0.7833]","[-187.2345, -1446.6687, -1801.1397, -2693.3524, -4004.8655, -7059.173, -34643.5748, -82365.6989]","[3.0249, -1001444.6646, -1001798.421, -1002690.6337, -1004002.8614, -1007056.4544, -1034640.8562, -1082363.6948]","[3.827, 3.367, 2.861, 3.46, 4.281, 3.044, 5.098, 5.079]",0.8111,0.0,0.0,0.0,0.0,0.0,0.0,0.0,0.0,0.0,2.8612,8.0,2.0944,0.8803,6.9854,1.6651,1.7706,2.8612,"[[3.115, 0.0], [6.541, 0.0], [9.111, 0.131], [12.252, 0.261], [15.107, 0.392], [19.961, 0.783]]",0.0,3.8432,-1.7838,0.0,1.1746,0.9661,4.0,0.0,ok,5.0983,0.0,1.0,1.0,0.0,1.0,1.0,0.0,0.25,0.5,e5cb38a3006d417a99b9688336980b8d,scene-0524,43
0.941,3.1305,2.8838,0.8785,1.5831,1.9738,0.0,0.0,0.0,0.0,0.0,0.0,0.0,0.0,0.0,ok,straight,1.7973,3.1305,2.8681,1.4494,2.0811,2.5877,False,"[-0.0653, -0.1958, -0.4569, -0.0653, -0.0653, -0.2611, -0.0653, -0.0653]","[-252.4426, -272.7974, -639.8016, -832.9351, -2503.3517, -3650.7879, -4248.3428, -132063.6777]","[3.0435, 2.0711, -1000635.8394, -1000828.9728, -1002501.3893, -1003646.8256, -1004244.3806, -1132061.7154]","[2.588, 3.251, 2.098, 1.563, 2.405, 3.04, 1.944, 8.423]",2.0549,0.0,0.0,0.0,0.0,0.0,0.0,0.0,0.0,0.0,1.5629,8.0,1.7973,0.1357,2.8681,1.4494,1.1159,1.5629,"[[4.828, 0.0], [9.396, 0.0], [13.394, -0.131], [18.248, -0.131], [23.387, -0.131], [25.957, -0.131]]",0.0,2.9947,0.0,0.0,0.9653,1.0248,4.0,0.0,ok,8.4234,0.0,0.0,1.0,0.0,0.0,1.0,0.0,0.0,0.3333333333333333,1775e201089c4f979dc8892e56872100,scene-0524,43
0.9487,1.3903,3.0513,0.6018,0.8012,1.2221,0.0,0.0,0.0,0.0,0.0,0.0,0.0,0.0,0.0,ok,straight,0.9487,1.3903,3.0513,0.6018,0.8012,1.2221,False,"[-0.0653, -0.2611, -0.0653, -0.0653, -0.1958, -0.0653, -0.3264, -0.0653]","[-323.7366, -513.5089, -877.0606, -1338.9331, -6454.2084, -9819.8618, -17009.5571, -916338.1018]","[2.3747, -1000512.2606, -1000875.1086, -1001336.9811, -1006452.9601, -1009817.9098, -1017007.6051, -1916336.8535]","[1.222, 1.147, 1.665, 1.411, 1.782, 4.574, 2.19, 9.155]",2.5815,0.0,0.0,0.0,0.0,0.0,0.0,0.0,0.0,0.0,1.1468,8.0,0.9487,1.3903,3.103,0.6018,0.8012,1.1468,"[[3.686, 0.0], [6.827, 0.0], [10.539, 0.0], [13.965, -0.131], [18.248, -0.131], [19.961, -0.131]]",0.0,0.0,-0.0516,0.0,0.0,0.0753,1.0,0.0,ok,9.1551,0.0,1.0,1.0,0.0,1.0,1.0,0.0,0.25,0.5,dfa48a639ca54273906096ebbd03660e,scene-0524,43
1.686,2.7047,3.9565,1.1241,1.6268,2.249,0.0,0.0,0.0,0.0,0.0,0.0,0.0,0.0,0.0,ok,straight,1.686,2.4191,8.8105,1.1241,1.5554,3.4865,False,"[-0.0, -0.0653, -0.0653, -0.0653, -0.0653, -0.0653, -0.1305, -8.2899]","[-351.7573, -68.2699, -81.5444, -91.7941, -157.7446, -160.5126, -217.9029, -37877.2961]","[2.8024, 2.8012, 2.8002, 2.7994, 2.7939, 2.7937, 2.7651, -1037875.2582]","[3.486, 2.059, 1.394, 2.488, 1.917, 2.297, 2.631, 5.408]",1.1667,0.0,0.0,0.0,0.0,0.0,0.0,0.0,0.0,0.0,1.394,8.0,0.544,2.4191,1.1107,0.4103,1.1985,1.394,"[[1.687, 0.0], [3.686, 0.0], [4.542, 0.0], [6.256, 0.0], [10.253, 0.131], [13.394, 0.0]]",1.142,0.0,7.6998,0.7137,0.3569,2.0925,6.0,0.0,ok,5.4076,0.0,0.0,0.0,0.0,0.0,0.0,0.0,0.0,0.0,5b90526901414d2aa5db2b9fdaf858eb,scene-0552,43
3.2471,6.1264,8.3768,2.3263,3.8262,5.199,0.0,0.0,0.0,0.0,0.0,0.0,0.0,0.0,0.0,ok,straight,3.2471,6.1264,8.3768,2.3263,3.8976,5.1038,True,"[-0.0, -0.0, -0.1305, -0.9138, -0.0, -0.1305, -0.0653, -0.3264]","[-82.1943, -64.282, -573.81, -2644.1626, -2729.9255, -3142.5217, -3305.0333, -4078.5619]","[5.2257, 4.2271, 3.4344, -1002640.9538, -1002726.7167, -1003139.313, -1003302.8352, -1004076.3639]","[5.104, 4.676, 4.601, 5.192, 5.727, 6.344, 4.919, 5.425]",0.5409,0.0,0.0,0.0,0.0,0.0,0.0,0.0,0.0,0.0,4.6006,8.0,2.676,4.9843,8.6663,2.3263,3.2551,4.6006,"[[1.687, 0.0], [3.686, 0.0], [5.399, 0.0], [6.827, 0.0], [7.398, 0.0], [9.111, 0.0]]",0.5711,1.1421,-0.2895,-0.0,0.6424,0.5032,3.0,0.0,ok,6.3436,0.0,0.0,0.0,0.0,0.0,0.0,0.0,0.0,0.0,f984bba40e134fb7ac6e7abf11a20b69,scene-0552,43
0.8037,4.0779,8.871,0.533,1.7192,3.808,0.0,0.0,0.0,0.0,0.0,0.0,0.0,0.0,0.0,ok,left,0.8037,4.0779,9.3871,0.533,1.7192,3.894,False,"[-2.7415, -2.4804, -2.8721, 8.2899, -4.9609, 0.8486, -2.7415, -3.6554]","[-197.7199, -3474.4475, -4349.0296, -42346.5161, -9778.0543, -10328.2947, -11286.8049, -11619.4084]","[0.8926, -1003474.1226, -1004348.7048, -1042346.1913, -2011395.0461, -2011945.2865, -2012903.7967, -2013236.4002]","[3.894, 3.694, 3.763, 5.171, 4.062, 2.092, 3.46, 3.824]",0.7889,0.0,0.0,0.0,0.0,0.0,0.0,0.0,0.0,0.0,2.0917,8.0,0.8037,0.8569,4.7404,0.533,1.0688,2.0917,"[[1.687, -0.131], [3.686, -0.522], [5.113, -0.914], [6.541, -2.48], [8.54, -4.569], [9.111, -5.483]]",0.0,3.221,4.6466,0.0,0.6504,1.8023,5.0,0.0,ok,5.1707,0.0,0.0,0.0,0.0,0.0,0.0,0.0,0.0,0.0,e858e7a613c54860b354e63cd8ae1fc5,scene-0552,43
1.3324,2.5104,4.566,0.6883,1.4677,2.4255,0.0,0.0,0.0,0.0,0.0,0.0,0.0,0.0,0.0,ok,straight,1.9026,2.5104,5.9636,1.2575,1.7524,2.8482,False,"[-0.0, -0.0, -0.3916, -0.1958, -0.1305, -0.1305, -0.3264, -2.0235]","[-120.8609, -142.2768, -134.3668, -864.2387, -1451.0064, -2367.6444, -5000.345, -7731.0268]","[3.2105, 3.2031, 2.5818, -1000862.4779, -1001449.2457, -1002365.8845, -1004998.5851, -1007729.2669]","[2.848, 2.131, 2.353, 2.215, 2.329, 2.096, 2.284, 3.082]",0.3323,0.0,0.0,0.0,0.0,0.0,0.0,0.0,0.0,0.0,2.0959,8.0,1.9026,2.5104,0.917,1.2575,1.7524,2.0959,"[[2.258, 0.0], [4.257, 0.0], [7.683, 0.0], [10.539, 0.0], [12.823, 0.0], [14.822, 0.0]]",0.0,0.0,5.0466,0.0,0.0,0.7523,6.0,0.0,ok,3.082,0.0,0.0,0.0,0.0,0.0,0.0,0.0,0.0,0.0,5ef15615bc08428bab23b2a84e84961e,scene-0552,43
0.026,0.026,0.026,0.026,0.026,0.026,0.0,0.0,0.0,0.0,0.0,0.0,0.0,0.0,0.0,ok,straight,0.026,0.026,0.026,0.026,0.026,0.026,False,"[-0.0, -0.0, -0.0, -0.0, -0.0, -0.0653]","[-0.013, -14.3618, -134.4225, -18602.8298, -32596.8066, -766604.2154]","[2.6173, 2.6173, 2.6168, -2021448.105, -2035442.0819, -2769449.4906]","[0.026, 0.065, 0.398, 1.068, 1.544, 20.324]",7.3632,0.0,0.0,0.0,0.0,0.0,0.0,0.0,0.0,0.0,0.026,6.0,0.026,0.026,0.026,0.026,0.026,0.026,"[[-0.026, 0.0], [-0.026, 0.0], [-0.026, 0.0], [-0.026, 0.0], [-0.026, 0.0], [-0.026, 0.0]]",0.0,0.0,0.0,0.0,0.0,0.0,0.0,1.0,ok,20.324,0.0,0.0,0.0,0.0,0.0,0.0,0.0,0.0,0.0,8687ba92abd3406aa797115b874ebeba,scene-0553,43
0.026,0.026,0.026,0.026,0.026,0.026,0.0,0.0,0.0,0.0,0.0,0.0,0.0,0.0,0.0,ok,straight,0.026,0.026,0.026,0.026,0.026,0.026,False,"[-0.0, -0.0, -0.0, -0.0]","[-0.013, -136.0173, -2526181.8214, -2526233.3321]","[3.0001, 2.9999, -4992700.6146, -4992752.1253]","[0.026, 0.16, 11.647, 11.629]",5.7728,0.0,0.0,0.0,0.0,0.0,0.0,0.0,0.0,0.0,0.026,4.0,0.026,0.026,0.026,0.026,0.026,0.026,"[[-0.026, 0.0], [-0.026, 0.0], [-0.026, 0.0], [-0.026, 0.0], [-0.026, 0.0], [-0.026, 0.0]]",0.0,0.0,0.0,0.0,0.0,0.0,0.0,1.0,ok,11.6473,0.0,0.0,0.0,0.0,0.0,0.0,0.0,0.0,0.0,b8766f4291d5449d95bab459ca724ad8,scene-0553,43
0.026,0.026,0.026,0.026,0.026,0.026,0.0,0.0,0.0,0.0,0.0,0.0,0.0,0.0,0.0,ok,straight,0.026,0.026,0.026,0.026,0.026,0.026,False,"[-0.0, -0.0, -0.0, -0.3916, -5.1567]","[-0.013, -235.8531, -244.0246, -1325038.47, -1668783.8096]","[3.4235, 3.4232, 3.4231, -2325036.4012, -2668781.7409]","[0.026, 1.289, 0.16, 14.85, 13.344]",6.6966,0.0,0.0,0.0,0.0,0.0,0.0,0.0,0.0,0.0,0.026,5.0,0.026,0.026,0.026,0.026,0.026,0.026,"[[-0.026, 0.0], [-0.026, 0.0], [-0.026, 0.0], [-0.026, 0.0], [-0.026, 0.0], [-0.026, 0.0]]",0.0,0.0,0.0,0.0,0.0,0.0,0.0,1.0,ok,14.8503,0.0,0.0,0.0,0.0,0.0,0.0,0.0,0.0,0.0,c4f9b75136384ec4a76c4adfc28b4259,scene-0553,43
0.026,0.026,0.026,0.026,0.026,0.026,0.0,0.0,0.0,0.0,0.0,0.0,0.0,0.0,0.0,ok,straight,0.026,0.026,0.026,0.026,0.026,0.026,False,"[-0.0, -0.0, -0.0, -0.0, -0.0653, -0.2611]","[-0.013, -6.2743, -13.3199, -41.2348, -753.8524, -934.6127]","[4.0389, 4.023, 4.0051, 3.9344, -1000751.1224, -1000931.8827]","[0.026, 0.113, 0.104, 0.143, 0.779, 1.09]",0.4067,0.0,0.0,0.0,0.0,0.0,0.0,0.0,0.0,0.0,0.026,6.0,0.026,0.026,0.026,0.026,0.026,0.026,"[[-0.026, 0.0], [-0.026, 0.0], [-0.026, 0.0], [-0.026, 0.0], [-0.026, 0.0], [-0.026, 0.0]]",0.0,0.0,0.0,0.0,0.0,0.0,0.0,1.0,ok,1.0898,0.0,0.0,0.0,0.0,0.0,0.0,0.0,0.0,0.0,c143943fd6e246448eab88ce1a0aeda9,scene-0553,43
0.026,0.026,0.026,0.026,0.026,0.026,0.0,0.0,0.0,0.0,0.0,0.0,0.0,0.0,0.0,ok,straight,0.026,0.026,0.026,0.026,0.026,0.026,False,"[-0.0, -0.0, -0.0, -0.8486, -0.5222, -0.5875]","[-0.013, -54.3914, -66.1313, -252948.0279, -266843.4073, -742698.6957]","[4.0702, 4.0699, 4.0699, -1252945.7084, -1266841.0879, -1742696.3763]","[0.026, 0.199, 0.238, 14.674, 11.803, 23.41]",8.9465,0.0,0.0,0.0,0.0,0.0,0.0,0.0,0.0,0.0,0.026,6.0,0.026,0.026,0.026,0.026,0.026,0.026,"[[-0.026, 0.0], [-0.026, 0.0], [-0.026, 0.0], [-0.026, 0.0], [-0.026, 0.0], [-0.026, 0.0]]",0.0,0.0,0.0,0.0,0.0,0.0,0.0,1.0,ok,23.4099,0.0,0.0,0.0,0.0,0.0,0.0,0.0,0.0,0.0,e0b85d628af34d6bbbbb0da216aa5bca,scene-0554,43
0.026,0.026,0.026,0.026,0.026,0.026,0.0,0.0,0.0,0.0,0.0,0.0,0.0,0.0,0.0,ok,straight,0.026,0.026,0.026,0.026,0.026,0.026,False,"[-0.0, -0.0, -0.0, -0.0, -0.4569, -0.5875]","[-0.013, -23.0577, -32.4496, -57.4082, -2194.6341, -270137.0213]","[4.4901, 4.4898, 4.4897, 4.4895, -1002191.2947, -1270133.682]","[0.026, 0.169, 0.083, 0.113, 1.54, 11.687]",4.2447,0.0,0.0,0.0,0.0,0.0,0.0,0.0,0.0,0.0,0.026,6.0,0.026,0.026,0.026,0.026,0.026,0.026,"[[-0.026, 0.0], [-0.026, 0.0], [-0.026, 0.0], [-0.026, 0.0], [-0.026, 0.0], [-0.026, 0.0]]",0.0,0.0,0.0,0.0,0.0,0.0,0.0,1.0,ok,11.6873,0.0,0.0,0.0,0.0,0.0,0.0,0.0,0.0,0.0,07036c3a872444c8a7f369d796aa401f,scene-0554,43
0.026,0.026,0.026,0.026,0.026,0.026,0.0,0.0,0.0,0.0,0.0,0.0,0.0,0.0,0.0,ok,straight,0.026,0.026,0.026,0.026,0.026,0.026,False,"[-0.0, -0.0, -0.0, -0.0, -0.0, -0.4569]","[-0.013, -14.3618, -27.4292, -33.6905, -39716.1372, -50946.6803]","[2.9561, 2.9554, 2.953, 2.9527, -1039714.3301, -1050944.8714]","[0.026, 0.065, 0.065, 0.199, 1.959, 5.388]",1.9593,0.0,0.0,0.0,0.0,0.0,0.0,0.0,0.0,0.0,0.026,6.0,0.026,0.026,0.026,0.026,0.026,0.026,"[[-0.026, 0.0], [-0.026, 0.0], [-0.026, 0.0], [-0.026, 0.0], [-0.026, 0.0], [-0.026, 0.0]]",0.0,0.0,0.0,0.0,0.0,0.0,0.0,1.0,ok,5.3883,0.0,0.0,0.0,0.0,0.0,0.0,0.0,0.0,0.0,3494e1a995f6404da4106f156c99ea49,scene-0554,43
0.026,0.026,0.026,0.026,0.026,0.026,0.0,0.0,0.0,0.0,0.0,0.0,0.0,0.0,0.0,ok,straight,0.026,0.026,0.026,0.026,0.026,0.026,False,"[-0.0, -0.0, -0.0, -0.0]","[-0.013, -1661731.1098, -605926.3503, -1221354.535]","[5.108, -2661727.391, -2725279.9282, -3340708.1129]","[0.026, 11.629, 6.144, 17.928]",6.62,0.0,0.0,0.0,0.0,0.0,0.0,0.0,0.0,0.0,0.026,4.0,0.026,0.026,0.026,0.026,0.026,0.026,"[[-0.026, 0.0], [-0.026, 0.0], [-0.026, 0.0], [-0.026, 0.0], [-0.026, 0.0], [-0.026, 0.0]]",0.0,0.0,0.0,0.0,0.0,0.0,0.0,1.0,ok,17.9282,0.0,0.0,0.0,0.0,0.0,0.0,0.0,0.0,0.0,6e0fe77bfa0241dda2cba2ca84aa53e0,scene-0554,43
0.026,0.3773,2.2091,0.026,0.1203,0.6316,0.0,0.0,0.0,0.0,0.0,0.0,0.0,0.0,0.0,ok,straight,0.026,0.3773,2.2091,0.026,0.1203,0.6316,False,"[-0.0, -0.0]","[-0.013, -1657109.6175]","[1.0, -2657109.6175]","[0.632, 11.83]",5.5993,0.0,0.0,0.0,0.0,0.0,0.0,0.0,0.0,0.0,0.6316,2.0,0.026,0.3773,2.2091,0.026,0.1203,0.6316,"[[-0.026, 0.0], [-0.026, 0.0], [-0.026, 0.0], [-0.026, 0.0], [-0.026, 0.0], [-0.026, 0.0]]",0.0,0.0,0.0,0.0,0.0,0.0,0.0,1.0,ok,11.8302,0.0,0.0,0.0,0.0,0.0,0.0,0.0,0.0,0.0,12a42a64274a4453b166d804b625d61f,scene-0555,43
2.1319,5.2073,6.3095,1.5409,2.9318,3.9555,0.0,0.0,0.0,0.0,0.0,0.0,0.0,0.0,0.0,ok,straight,2.6946,4.3463,6.3095,1.4437,3.0263,4.0185,False,"[-0.0653, -0.0653, -0.0, -0.6527, -0.5222, -0.718, -1.0444, -3.2637]","[-1114.0232, -626.9889, -1211.8016, -1833.1454, -3442.3596, -3584.3764, -3766.129, -10278.7852]","[2.9685, 2.7138, -1001210.7135, -1001831.6348, -1003441.2715, -1003583.2883, -1003764.6184, -1010277.2746]","[4.018, 3.932, 3.319, 4.182, 3.434, 4.735, 4.701, 4.899]",0.5563,0.0,0.0,0.0,0.0,0.0,0.0,0.0,0.0,0.0,3.3194,8.0,2.6946,4.976,2.6103,1.4437,2.8963,3.3194,"[[3.4, 0.0], [3.971, 0.0], [5.399, -0.392], [9.396, 0.131], [11.11, -0.131], [13.108, -0.131]]",0.0,-0.6297,3.6992,0.0,0.13,0.699,3.0,0.0,ok,4.8987,0.0,0.0,0.0,0.0,0.0,0.0,0.0,0.0,0.0,2878a9ab393f42a2bbb426d8a14690d9,scene-0555,43
4.1219,6.4223,7.0887,3.2213,4.4556,5.21,0.0,0.0,0.0,0.0,0.0,0.0,0.0,0.0,0.0,ok,straight,4.1219,6.4223,7.0887,3.2213,4.527,5.4003,False,"[-0.0653, -0.1305, -0.8486, -0.0653, -0.5875, -0.0, -0.0, -0.0653]","[-28.0011, -462.276, -5260.3025, -6002.4379, -8570.5977, -12893.0175, -15368.4641, -47725.3681]","[4.3768, 4.127, -1005257.5973, -1005999.7327, -1008567.8926, -1012889.9966, -1015365.4432, -1047722.663]","[5.4, 4.213, 5.512, 4.687, 4.794, 5.496, 4.783, 4.755]",0.4359,0.0,0.0,0.0,0.0,0.0,0.0,0.0,0.0,0.0,4.2132,8.0,4.1219,6.4223,2.521,3.2213,4.527,4.2132,"[[2.829, 0.0], [5.399, 0.0], [7.683, 0.0], [10.539, 0.0], [13.108, 0.0], [15.107, 0.131]]",0.0,0.0,4.5676,0.0,0.0,1.1871,5.0,0.0,ok,5.5121,0.0,0.0,0.0,0.0,0.0,0.0,0.0,0.0,0.0,6d6c81c8b0fb4b57b9bf772819a2f5a2,scene-0555,43
0.9578,1.766,2.1687,0.4999,0.7657,1.2031,0.0,0.0,0.0,0.0,0.0,0.0,0.0,0.0,0.0,ok,straight,0.9578,1.1954,2.4532,0.4999,0.7722,1.2549,False,"[-0.0, -0.0, -1.436, -0.0653, -0.3264, -1.0444, -0.0653, -8.2899]","[-104.3632, -241.4874, -558.4823, -5056.7092, -8941.6771, -9424.2659, -11963.5579, -1004625.8373]","[4.1618, 4.1478, -1000555.2431, -1005053.47, -1008938.4516, -1009421.0403, -1011960.3188, -2004622.6117]","[1.255, 1.251, 1.286, 1.844, 1.925, 2.267, 6.014, 12.14]",3.5831,0.0,0.0,0.0,0.0,0.0,0.0,0.0,0.0,0.0,1.2505,8.0,0.9578,1.766,2.4532,0.4999,0.7657,1.2505,"[[3.686, 0.0], [6.827, 0.0], [10.539, -0.261], [14.822, 0.0], [18.248, -0.131], [21.674, 0.0]]",0.0,-0.5706,0.0,0.0,0.0065,0.0043,1.0,0.0,ok,12.1396,0.0,0.0,0.0,0.0,0.0,0.0,0.0,0.0,0.0,af40bcc10a22486a9371836ac8b87a3c,scene-0555,43
4.836,8.9859,14.2504,3.6123,5.8495,8.2291,0.0,0.0,0.0,0.0,0.0,0.0,0.0,0.0,0.0,ok,straight,4.836,8.9859,14.2504,3.6123,5.8495,8.2291,False,"[-0.1305, -0.1958, -1.1097, -0.1305, -0.1305, -0.1305, -0.0, -0.4569]","[-77.1081, -1643.3537, -1452.4154, -1202.3031, -3064.3101, -6969.2151, -858541.3701, -1005128.7826]","[2.9958, 2.751, 0.0181, -1001200.3518, -1003062.4044, -1006967.3094, -1858539.4188, -2005126.8313]","[8.229, 9.652, 10.078, 7.587, 9.227, 9.618, 17.547, 15.68]",3.3874,0.0,0.0,0.0,0.0,0.0,0.0,0.0,0.0,0.0,7.587,8.0,4.836,8.9859,13.1132,3.6123,5.8495,7.587,"[[3.686, 0.0], [7.398, 0.0], [11.11, -0.131], [14.25, -0.131], [18.248, -0.131], [21.674, -0.261]]",0.0,0.0,1.1372,0.0,0.0,0.6421,1.0,0.0,ok,17.5473,0.0,0.0,0.0,0.0,0.0,0.0,0.0,0.0,0.0,17e6f41d3b1f40d4bc85412fe8b67688,scene-0556,43
1.405,4.8965,11.1646,1.1048,2.5207,4.765,0.0,0.0,0.0,0.0,0.0,0.0,0.0,0.0,0.0,ok,left,1.405,4.8965,11.1646,1.1048,2.5476,4.783,False,"[-3.5901, 8.2899, 8.2899, -4.4387, -3.5901, -4.504, 2.3499, -1.3055]","[-412.9296, -36485.0797, -61187.0713, -163973.5343, -13236.1524, -17258.5014, -18771.4389, -141351.0231]","[2.0777, -1036483.2291, -1061185.2207, -1163971.6837, -2026788.01, -2030810.359, -2032323.2965, -2154902.8807]","[4.783, 5.326, 6.112, 6.384, 4.751, 4.877, 3.093, 5.075]",0.9357,0.0,0.0,0.0,0.0,0.0,0.0,0.0,0.0,0.0,3.0933,8.0,1.405,4.1729,1.4801,1.1048,2.4994,3.0933,"[[1.973, -0.261], [3.686, -0.783], [5.97, -1.828], [6.827, -3.133], [9.111, -4.569], [9.968, -7.18]]",0.0,0.7236,9.6845,0.0,0.0482,1.6897,2.0,0.0,ok,6.384,0.0,0.0,0.0,0.0,0.0,0.0,0.0,0.0,0.0,5b790dd0fb6e4545bc7f3273aa178d4c,scene-0556,43
2.6602,4.1024,7.0277,2.0943,3.0688,4.2883,0.0,0.0,0.0,0.0,0.0,0.0,0.0,0.0,0.0,ok,straight,2.6602,6.6711,5.0249,1.9515,3.7823,4.5728,False,"[-0.0, -0.0653, -0.0653, -0.1305, -0.0653, -0.0653, -0.0653, -0.1305]","[-161.5199, -29.1711, -227.048, -312.3462, -692.2976, -1149.8809, -4272.5105, -4584.4501]","[4.1782, 2.585, 2.473, -1000310.7626, -1000690.7139, -1001148.2973, -1004270.9268, -1004582.8666]","[4.573, 4.479, 4.812, 3.957, 3.814, 3.719, 3.392, 4.057]",0.4504,0.0,0.0,0.0,0.0,0.0,0.0,0.0,0.0,0.0,3.3924,8.0,2.6602,6.6711,2.737,1.9515,3.7823,3.3924,"[[1.402, 0.0], [2.544, 0.0], [3.115, 0.0], [3.4, 0.0], [5.113, -0.131], [9.396, 0.0]]",0.0,0.0,2.2879,0.0,0.0,1.1804,6.0,0.0,ok,4.8115,0.0,0.0,0.0,0.0,0.0,0.0,0.0,0.0,0.0,8d67c4024af6470faada45dc41ba9a16,scene-0556,43
0.3574,0.5823,1.139,0.3059,0.4095,0.5982,0.0,0.0,0.0,0.0,0.0,0.0,0.0,0.0,0.0,ok,straight,0.3574,0.5823,1.139,0.3059,0.4095,0.5982,False,"[-0.0, -0.0, -0.0, -0.0653, -0.0, -0.1958, -0.5222, -0.0653]","[-0.013, -7.2703, -59.4477, -20.6964, -1970.0441, -81009.6536, -252344.2603, -836908.927]","[2.6267, 2.6266, 2.6264, 2.2412, -1001968.5792, -1081008.1887, -1252342.7954, -1836907.4621]","[0.598, 0.514, 0.419, 0.279, 0.853, 7.229, 11.705, 23.416]",7.7934,0.0,0.0,0.0,0.0,0.0,0.0,0.0,0.0,0.0,0.2788,8.0,0.073,0.5823,0.2997,0.0526,0.2828,0.2788,"[[-0.026, 0.0], [-0.026, 0.0], [-0.026, 0.0], [-0.026, 0.0], [-0.026, 0.0], [-0.026, 0.0]]",0.2844,0.0,0.8393,0.2533,0.1267,0.3193,3.0,0.0,ok,23.4156,0.0,1.0,1.0,0.0,1.0,1.0,0.0,0.5,0.6666666666666666,c5b0f0c5ed114827be185c8dd3b8e3d5,scene-0556,43
2.8432,5.7378,7.2008,2.2562,3.6463,4.6197,0.0,0.0,0.0,0.0,0.0,0.0,0.0,0.0,0.0,ok,right,2.2835,5.7378,7.2008,1.6911,3.435,4.4788,True,"[1.2402, 1.7624, 1.7624, 1.2402, 2.611, -1.6319, -8.2899, 2.3499]","[-216.8653, -722.9546, -4941.4461, -7820.5301, -12344.8281, -27946.2188, -35154.4421, -145025.5434]","[3.842, -1000720.0793, -1004938.5708, -1007819.8119, -1012344.1099, -1027945.5006, -1035151.5668, -1145024.8252]","[4.479, 4.913, 5.109, 5.872, 6.196, 6.371, 6.907, 9.289]",1.4125,0.0,0.0,0.0,0.0,0.0,0.0,0.0,0.0,0.0,4.4788,8.0,2.2835,5.7378,7.2008,1.6911,3.435,4.4788,"[[2.544, -0.131], [5.399, -0.522], [9.396, -0.783], [12.252, -1.567], [14.25, -2.48], [17.391, -2.48]]",0.0,0.0,0.0,0.0,0.0,0.0,0.0,1.0,ok,9.2889,0.0,0.0,0.0,0.0,0.0,0.0,0.0,0.0,0.0,6cb74a87748b4fab82ad1b0869b27e01,scene-0557,43
1.8432,2.9313,4.1783,1.2049,1.8633,2.4998,0.0,0.0,0.0,0.0,0.0,0.0,0.0,0.0,0.0,ok,straight,1.2748,3.2149,4.1783,0.9207,1.7921,2.4524,True,"[-0.0, -0.3264, -0.0, -0.5875, -0.8486, -0.8486, -8.2899, -0.1305]","[-62.3634, -396.5922, -2026.7946, -3511.3741, -3592.2384, -8827.2257, -14652.5288, -21322.0267]","[4.2109, 4.0401, -1002024.0596, -1003508.6392, -1003589.5034, -1008824.4908, -1014649.7863, -1021319.2842]","[2.452, 3.259, 3.068, 2.422, 3.361, 3.536, 4.392, 3.78]",0.6149,0.0,0.0,0.0,0.0,0.0,0.0,0.0,0.0,0.0,2.4222,8.0,1.8432,5.491,1.8596,1.2049,2.7161,2.4222,"[[3.115, 0.0], [5.97, 0.0], [9.111, 0.0], [12.537, 0.0], [15.107, 0.0], [18.248, 0.0]]",-0.5684,-2.2761,2.3186,-0.2842,-0.924,0.0301,1.0,0.0,ok,4.392,0.0,0.0,0.0,0.0,0.0,0.0,0.0,0.0,0.0,6cc682bbd4544c4ea5281c9d87b9c4f6,scene-0557,43
0.8632,3.0083,5.5908,0.506,1.423,2.6214,0.0,0.0,0.0,0.0,0.0,0.0,0.0,0.0,0.0,ok,straight,0.8632,3.0083,6.1653,0.506,1.423,2.717,False,"[-0.1305, -0.0653, -0.1305, -0.1305, -0.0, -0.7833, -0.0, -8.2899]","[-16.1513, -1792.6662, -4319.3565, -4820.7987, -5311.1545, -5951.9793, -6116.561, -25874.1333]","[3.912, -1001790.0927, -1004316.7412, -1004818.2251, -1005308.581, -1005949.4058, -1006113.9456, -1025871.518]","[2.717, 0.864, 1.956, 2.252, 2.348, 2.667, 2.526, 5.219]",1.1448,0.0,0.0,0.0,0.0,0.0,0.0,0.0,0.0,0.0,0.8642,8.0,0.8632,1.5605,1.8365,0.506,0.7251,0.8642,"[[1.116, 0.0], [2.544, 0.0], [3.686, 0.0], [5.113, 0.0], [6.541, 0.0], [8.254, -0.261]]",0.0,1.4478,4.3288,0.0,0.6978,1.8528,6.0,0.0,ok,5.2185,0.0,0.0,0.0,0.0,0.0,0.0,0.0,0.0,0.0,9dbec65c6bcf465dab62ea2c4a55ad61,scene-0557,43
1.6871,2.5437,5.1135,1.2588,1.9013,2.6865,0.0,0.0,0.0,0.0,0.0,0.0,0.0,0.0,0.0,ok,straight,1.6871,2.5437,5.1135,1.2588,1.9013,2.7341,False,"[-0.0, -0.0, -0.0653, -0.3264, -0.0653, -0.0653, -0.0, -0.0]","[-94.1933, -108.8072, -200.5621, -387.3998, -942.4487, -8647.2157, -9615.4442, -14622.122]","[2.8649, 2.8549, 2.2054, -1000385.9602, -1000941.0017, -1008645.7687, -1009613.9973, -1014620.6823]","[2.734, 2.973, 3.258, 3.453, 2.687, 4.402, 2.601, 5.448]",0.934,0.0,0.0,0.0,0.0,0.0,0.0,0.0,0.0,0.0,2.6006,8.0,1.6871,2.5437,0.545,1.2588,1.9013,2.6006,"[[0.831, 0.0], [1.687, 0.0], [2.544, 0.0], [2.544, 0.0], [3.686, 0.0], [5.113, 0.0]]",0.0,0.0,4.5685,0.0,0.0,0.1335,2.0,0.0,ok,5.4481,0.0,0.0,0.0,0.0,0.0,0.0,0.0,0.0,0.0,e1dac16e721643a4823deb6e0ebe5394,scene-0557,43
4.9744,10.0573,16.3895,3.8571,6.5131,9.139,0.0,0.0,0.0,0.0,0.0,0.0,0.0,0.0,0.0,ok,straight,4.9744,12.6266,15.0051,3.8571,7.3749,10.1029,False,"[-0.5875, -0.1305, -0.1305, -0.5222, -1.1749, -0.1958, -0.4569, -0.8486]","[-1289.201, -2209.9425, -3889.3182, -11486.963, -11692.8461, -13879.5502, -14310.7177, -1184033.3981]","[-1001286.698, -1002207.4395, -1003886.8039, -1011484.4488, -1011690.3431, -1013877.0471, -1014308.2034, -2184030.8839]","[10.103, 9.714, 8.187, 8.906, 8.229, 9.624, 9.144, 17.909]",2.9733,0.0,0.0,0.0,0.0,1.0,1.0,0.0,0.25,0.16666666666666666,8.1874,8.0,4.9744,6.0594,16.3908,3.8571,5.0854,8.1874,"[[2.829, 0.0], [5.113, -0.131], [9.396, -0.653], [13.108, 0.0], [16.82, 0.522], [15.964, -1.175]]",0.0,6.5672,-1.3857,0.0,2.2895,1.9155,6.0,0.0,ok,17.9088,0.0,0.0,0.0,0.0,0.0,0.0,0.0,0.0,0.0,b4b5e858cd9d4cf9bdb01098ea7d3c45,scene-0558,43
1.839,5.9307,12.2006,1.3252,2.8342,5.2621,0.0,0.0,0.0,0.0,0.0,0.0,0.0,0.0,0.0,ok,right,1.839,5.9307,9.9163,1.3252,3.004,4.9829,True,"[-1.6971, -3.3943, -8.2899, -3.0679, 8.2899, -3.3943, -8.2899, -3.1332]","[-1793.4203, -29760.9159, -46543.3788, -47020.1209, -11967.4748, -29908.5199, -74388.7106, -80058.2319]","[-1001793.1457, -1029760.6413, -1046543.1041, -1047019.8462, -2014937.8338, -2032878.8788, -2077359.0696, -2083028.5909]","[4.983, 4.741, 9.318, 7.389, 6.316, 5.941, 8.034, 7.098]",1.4479,0.0,0.0,0.0,0.0,0.0,0.0,0.0,0.0,0.0,4.7408,8.0,1.839,5.9307,12.0291,1.3252,3.004,4.7408,"[[1.973, 0.131], [3.971, 0.653], [5.97, 1.697], [8.54, 3.003], [12.823, 1.697], [13.394, 3.394]]",0.0,0.0,-2.1128,0.0,0.0,0.2421,1.0,0.0,ok,9.3176,0.0,0.0,0.0,0.0,0.0,0.0,0.0,0.0,0.0,85e6fee037794599bfd43c4faeada38a,scene-0558,43
2.0718,3.7722,5.9065,1.3242,2.3052,3.3477,0.0,0.0,0.0,0.0,0.0,0.0,0.0,0.0,0.0,ok,straight,2.3572,3.7722,6.7628,1.6096,2.4479,3.5856,False,"[-0.0653, -0.0653, -0.0653, -0.0653, -0.2611, -0.0653, -0.0, -8.2899]","[-40.6834, -991.3406, -2075.7412, -2217.2417, -3290.904, -3855.2931, -14185.4172, -14632.8608]","[3.2524, -1000989.4115, -1002073.8121, -1002215.3125, -1003288.9748, -1003853.3639, -1014183.488, -1014630.9316]","[3.586, 4.397, 4.396, 4.588, 2.221, 4.731, 2.462, 4.83]",0.9688,0.0,0.0,0.0,0.0,0.0,0.0,0.0,0.0,0.0,2.2214,8.0,2.3572,3.7722,3.0576,1.6096,2.4479,2.2214,"[[3.4, 0.0], [6.827, 0.0], [9.396, -0.131], [12.252, -0.131], [15.107, -0.131], [18.248, -0.131]]",0.0,0.0,3.7052,0.0,0.0,1.3642,2.0,0.0,ok,4.8302,0.0,0.0,0.0,0.0,0.0,0.0,0.0,0.0,0.0,6b47ac2dd28b4501ac292a19644cdd59,scene-0558,43
0.2088,0.2006,0.2008,0.207,0.2039,0.2029,0.0,0.0,0.0,0.0,0.0,0.0,0.0,0.0,0.0,ok,straight,0.2088,0.2006,0.2008,0.207,0.2039,0.2029,False,"[-0.0, -0.0, -0.0, -0.0, -0.0653, -0.1958, -0.3916, -0.0]","[-0.013, -47.7554, -27.1239, -1260.6524, -1699.8606, -3834.6165, -14392.0789, -72325.3501]","[2.867, 2.865, 2.8397, -1001258.9233, -1001698.1315, -1003832.8613, -1014390.3498, -1072323.5949]","[0.203, 0.402, 0.181, 0.486, 0.859, 1.458, 2.204, 2.696]",0.8981,0.0,0.0,0.0,0.0,0.0,0.0,0.0,0.0,0.0,0.1808,8.0,0.0767,0.2006,0.2008,0.1409,0.1709,0.1808,"[[-0.026, 0.0], [-0.026, 0.0], [-0.026, 0.0], [-0.026, 0.0], [-0.026, 0.0], [-0.026, 0.0]]",0.1321,0.0,0.0,0.0661,0.033,0.022,1.0,0.0,ok,2.6955,1.0,1.0,1.0,1.0,1.0,1.0,0.5,0.75,0.8333333333333334,05687786492a4b50874d7cd1057ec338,scene-0558,43
0.8365,0.8716,1.5808,0.5518,0.5901,0.6865,0.0,0.0,0.0,0.0,0.0,0.0,0.0,0.0,0.0,ok,straight,0.8365,0.8716,1.5808,0.5518,0.5901,0.6865,False,"[-0.0653, -0.0653, -0.8486, -0.1958, -0.5222, -0.5875, -0.0653, -0.0653]","[-297.2254, -206.2568, -465.1583, -1282.3706, -1343.6989, -1355.3598, -1851.7117, -5638.7174]","[4.1042, 3.9448, -1000462.6423, -1001280.0696, -1001341.183, -1001352.8438, -1001849.4107, -1005636.4164]","[0.686, 0.781, 1.142, 1.406, 1.085, 1.455, 1.008, 1.268]",0.2575,0.0,0.0,0.0,0.0,0.0,0.0,0.0,0.0,0.0,0.6865,8.0,0.8365,0.8716,1.5808,0.5518,0.5901,0.6865,"[[3.686, 0.0], [6.827, 0.0], [11.11, 0.0], [14.25, 0.0], [18.248, -0.131], [20.818, -0.131]]",0.0,0.0,0.0,0.0,0.0,0.0,0.0,1.0,ok,1.4546,0.0,0.0,0.0,0.0,0.0,0.0,0.0,0.0,0.0,029af235f15d4f6f80713b778edc3c61,scene-0559,43
0.5156,2.0168,3.9268,0.5103,1.2039,2.0002,0.0,0.0,0.0,0.0,0.0,0.0,0.0,0.0,0.0,ok,straight,0.5156,2.0166,3.6415,0.5103,1.2039,1.9527,True,"[-0.0, -0.0653, -0.0653, -0.718, -0.0653, -0.0, -0.0653, -0.1305]","[-259.7763, -1423.4943, -877200.0291, -971910.9447, -11418.1586, -12250.6765, -23959.3951, -64055.2588]","[3.5685, -1001421.1725, -1877197.7073, -1971908.623, -2012471.477, -2013303.9949, -2025012.7135, -2065108.5772]","[1.953, 3.523, 11.09, 10.17, 4.623, 3.004, 2.925, 6.757]",3.2549,0.0,0.0,0.0,0.0,0.0,0.0,0.0,0.0,0.0,1.9527,8.0,0.5156,2.0166,3.6415,0.5103,1.2039,1.9527,"[[3.686, 0.0], [6.827, 0.0], [11.11, 0.0], [14.25, -0.131], [18.248, 0.0], [21.389, 0.0]]",0.0,0.0,0.0,0.0,0.0,0.0,0.0,1.0,ok,11.09,0.0,0.0,0.0,0.0,0.0,0.0,0.0,0.0,0.0,9a1b1abbbb224ed0bf618c2083f91aee,scene-0559,43
0.0557,0.5179,1.1981,0.1405,0.4043,0.6579,0.0,0.0,0.0,0.0,0.0,0.0,0.0,0.0,0.0,ok,straight,0.0557,0.5179,1.1981,0.1405,0.2615,0.5628,True,"[-0.0653, -0.0653, -0.1305, -0.0653, -0.1305, -0.1305, -0.0653, -0.2611]","[-43.0938, -1001.1321, -1283.6789, -2067.9603, -3328.6085, -9695.5359, -25950.282, -804274.4351]","[3.3667, -1000997.7824, -1001281.4878, -1002064.6106, -1003325.2588, -1009693.3448, -1025946.9323, -1804272.2441]","[0.563, 1.603, 0.76, 1.467, 1.893, 2.039, 5.317, 10.554]",3.1589,0.0,0.0,0.0,0.0,0.0,0.0,0.0,0.0,0.0,0.5628,8.0,0.0557,0.5179,1.1981,0.1405,0.2615,0.5628,"[[3.686, 0.0], [6.827, -0.131], [10.539, -0.131], [14.25, -0.131], [18.248, -0.131], [21.674, -0.131]]",0.0,0.0,0.0,0.0,0.0,0.0,0.0,1.0,ok,10.5536,0.0,0.0,0.0,0.0,0.0,0.0,0.0,0.0,0.0,d9394f43b43a46278005844d35f20650,scene-0559,43
0.0783,0.3351,0.4236,0.0687,0.2313,0.2854,0.0,0.0,0.0,0.0,0.0,0.0,0.0,0.0,0.0,ok,straight,0.0783,0.3351,1.2911,0.0687,0.2313,0.5731,False,"[-0.0653, -0.0653, -0.0653, -0.0, -0.1958, -0.0, -0.4569, -0.0653]","[-22.311, -26.2243, -134.6366, -727.0115, -5395.5686, -16468.21, -20464.9038, -966013.1469]","[3.1943, 3.1943, 3.1936, -1000724.5608, -1005393.1183, -1016465.7597, -1020462.4535, -1966010.6962]","[0.573, 0.287, 0.34, 0.623, 0.936, 2.482, 2.498, 9.661]",2.9511,0.0,0.0,0.0,0.0,0.0,0.0,0.0,0.0,0.0,0.2872,8.0,0.0783,0.3351,0.4236,0.0687,0.2313,0.2872,"[[3.115, 0.0], [6.541, 0.0], [9.682, 0.0], [12.823, 0.0], [16.249, 0.0], [19.104, 0.131]]",0.0,0.0,0.8675,0.0,0.0,0.2859,2.0,0.0,ok,9.6607,0.0,0.0,0.0,0.0,0.0,0.0,0.0,0.0,0.0,6939d4b45ca74f2f9341a72ccedf35e5,scene-0559,43
0.8524,0.9249,1.7229,0.7502,0.9209,1.0571,0.0,0.0,0.0,0.0,0.0,0.0,0.0,0.0,0.0,ok,straight,0.8524,0.9249,1.7229,0.7502,0.707,0.8671,True,"[-0.0653, -0.0653, -0.1305, -0.1305, -0.3264, -0.0653, -8.2899, -0.3264]","[-183.3338, -182.0118, -103.3079, -1414.2633, -1426.6111, -15983.7022, -20139.5085, -59515.4468]","[2.7988, 2.7831, 2.7787, -1001412.5236, -1001424.8714, -1015981.9625, -1020137.753, -1059513.6914]","[0.867, 0.833, 0.82, 0.927, 1.979, 2.164, 4.268, 4.082]",1.3553,0.0,0.0,0.0,0.0,0.0,0.0,0.0,0.0,0.0,0.8203,8.0,0.8524,0.9249,1.157,0.7502,0.707,0.8203,"[[2.829, 0.0], [5.399, 0.0], [8.54, 0.0], [10.539, 0.0], [13.108, 0.0], [14.25, 0.131]]",0.0,0.0,0.5659,0.0,0.0,0.0469,2.0,0.0,ok,4.2684,0.0,0.0,0.0,0.0,0.0,0.0,0.0,0.0,0.0,5c558d97108341ebb7b30b1c841ff57f,scene-0560,43
4.8124,9.9599,15.1081,3.4761,5.823,8.5839,0.0,0.0,1.0,0.0,0.0,1.0,0.0,0.0,0.16666666666666666,ok,straight,4.8124,9.9599,21.6756,3.4761,5.823,10.1573,False,"[-0.0653, -0.1305, -0.2611, -0.1305, -0.3916, -1.0444, -1.436, -1.5666]","[-507.7467, -326.2506, -513.1253, -955.1788, -1714.3978, -2523.5607, -8692.4823, -957624.9743]","[3.179, 3.0674, 2.8424, 0.6656, -1001714.9693, -1002521.7324, -1008693.0537, -1957625.5458]","[10.157, 8.584, 9.061, 9.586, 10.483, 8.747, 11.564, 18.775]",3.1282,0.0,0.0,0.0,0.0,0.0,0.0,0.0,0.0,0.0,8.5841,8.0,4.8124,9.9599,15.1094,3.4761,5.823,8.5841,"[[3.115, 0.0], [6.541, -0.131], [8.54, -0.131], [12.252, -0.131], [18.248, -0.783], [23.958, 0.131]]",0.0,0.0,6.5662,0.0,0.0,1.5731,4.0,0.0,ok,18.7754,0.0,0.0,0.0,0.0,0.0,0.0,0.0,0.0,0.0,be1a07f716794bd5b4fa374e08b5e724,scene-0560,43
5.1151,10.5393,16.2496,3.9722,6.6134,9.3972,0.0,0.0,0.0,0.0,0.0,0.0,0.0,0.0,0.0,ok,straight,5.1135,10.5393,16.2496,3.5431,6.3988,9.2542,True,"[-0.0653, -0.0653, -0.5875, -0.718, -0.3264, -0.0, -0.3264, -0.1305]","[-75.2415, -457.8174, -438.6828, -464.2003, -1633.3604, -2836.1697, -2929.0671, -3630.3988]","[4.6764, 4.351, 2.2418, 1.6913, -1001630.6812, -1002833.4904, -1002926.3878, -1003627.7523]","[9.254, 9.064, 10.021, 9.881, 9.175, 9.778, 9.542, 9.968]",0.3558,0.0,0.0,0.0,0.0,0.0,0.0,0.0,0.0,0.0,9.0637,8.0,5.1135,10.5386,16.2496,3.5431,6.1132,9.0637,"[[1.973, 0.0], [5.113, 0.0], [7.969, -0.131], [10.539, -0.131], [13.679, -0.131], [16.249, -0.131]]",0.0,0.0008,0.0,0.0,0.2857,0.1905,2.0,0.0,ok,10.0209,0.0,0.0,0.0,0.0,0.0,0.0,0.0,0.0,0.0,93071f98339b40279937bafd206cb42e,scene-0560,43
5.1152,9.9684,16.2497,3.8294,6.2565,9.1593,0.0,0.0,0.0,0.0,0.0,0.0,0.0,0.0,0.0,ok,straight,5.1152,8.5399,15.9642,3.8294,5.3998,8.3978,True,"[-0.0653, -0.0653, -0.0653, -0.5222, -0.1958, -0.1958, -0.3916, -0.9138]","[-813.7404, -874.0635, -574.568, -913.1159, -674.1634, -6373.9994, -6576.3119, -11324.6184]","[3.8578, 3.842, 3.7843, 2.1925, -1000671.9994, -1006371.8354, -1006574.1478, -1011322.3182]","[8.398, 7.779, 8.969, 8.833, 9.221, 8.208, 10.033, 7.463]",0.7736,0.0,0.0,0.0,0.0,0.0,0.0,0.0,0.0,0.0,7.4628,8.0,5.1152,8.5399,16.6353,3.8294,5.3998,7.4628,"[[2.544, 0.0], [5.113, -0.131], [5.399, -0.131], [8.54, 0.0], [12.823, -0.131], [15.964, -0.131]]",0.0,0.0,-0.6711,0.0,0.0,0.935,3.0,0.0,ok,10.0325,0.0,0.0,0.0,0.0,0.0,0.0,0.0,0.0,0.0,77e97f94955c46d0a943232271a84ab3,scene-0560,43
4.5891,9.9051,15.2689,3.4255,5.9401,8.4908,0.0,0.0,0.0,0.0,0.0,0.0,0.0,0.0,0.0,ok,straight,6.257,10.0824,15.2689,4.8337,6.6885,9.2235,False,"[-2.7415, -2.7415, -2.4804, -0.6527, -1.893, -2.611, -8.2899, -3.0026]","[-684.0925, -112.4754, -1020.5072, -1971.9121, -5236.9204, -19522.4643, -30793.1324, -70359.6061]","[3.0483, 1.5091, -1001018.2835, -1001971.2525, -1005236.2608, -1019521.8048, -1030790.9087, -1070357.3824]","[9.223, 8.754, 10.308, 8.426, 7.536, 9.734, 11.206, 13.211]",1.67,0.0,0.0,0.0,0.0,0.0,0.0,0.0,0.0,0.0,7.5362,8.0,4.5891,10.0824,13.0964,3.4255,5.9844,7.5362,"[[3.4, -0.261], [6.256, -0.131], [6.827, -1.567], [9.396, -3.655], [12.252, -5.222], [14.25, -5.483]]",1.6679,0.0,2.1725,1.4081,0.7041,1.6873,3.0,0.0,ok,13.211,0.0,0.0,0.0,0.0,0.0,0.0,0.0,0.0,0.0,9eebbe06762c47aa8c671008df5fb474,scene-0561,43
5.1152,11.1104,17.3918,3.9722,6.8989,10.0634,0.0,0.0,0.0,0.0,0.0,0.0,0.0,0.0,0.0,ok,straight,5.1152,11.1104,16.8207,3.9722,6.8989,9.9683,True,"[-0.0653, -0.0653, -0.2611, -0.6527, -0.0, -3.1985, -0.1305, -8.2899]","[-682.9874, -762.2228, -1283.7554, -1467.3045, -3537.4001, -4775.7809, -10660.0574, -13970.8836]","[4.4643, -1000759.1556, -1001280.6882, -1001464.2398, -1003534.3329, -1004772.7137, -1010656.9928, -1013967.8189]","[9.968, 10.589, 9.833, 9.661, 11.589, 11.705, 9.112, 11.904]",0.9974,0.0,0.0,0.0,0.0,0.0,0.0,0.0,0.0,0.0,9.1125,8.0,5.1152,11.1104,18.5352,3.9722,6.8989,9.1125,"[[2.829, 0.0], [5.113, -0.131], [8.54, -0.131], [11.11, -0.131], [15.393, -0.131], [16.82, -0.131]]",0.0,0.0,-1.7145,0.0,0.0,0.8558,3.0,0.0,ok,11.9041,0.0,0.0,0.0,0.0,0.0,0.0,0.0,0.0,0.0,7636f7b3286245cc95a2bd7ac01a64eb,scene-0561,43
4.5398,8.5702,10.8169,3.399,5.5037,7.1151,0.0,0.0,0.0,0.0,0.0,0.0,0.0,0.0,0.0,ok,straight,4.5398,8.8557,10.8169,3.399,5.575,7.1626,False,"[-0.1305, -0.1305, -1.1097, -1.7624, -0.6527, -3.7207, -0.4569, -7.6372]","[-53.3052, -211.9676, -1069.9899, -8335.6425, -8650.1885, -32199.4362, -51830.8611, -53935.3596]","[4.0611, 2.051, -1001067.5844, -1008335.2397, -1008649.7858, -1032197.0307, -1051828.4556, -1053934.9569]","[7.163, 7.073, 7.587, 7.662, 7.712, 9.473, 8.41, 10.434]",1.1125,0.0,0.0,0.0,0.0,0.0,0.0,0.0,0.0,0.0,7.0728,8.0,4.0011,8.8557,10.8169,3.1297,5.4404,7.0728,"[[2.258, 0.0], [4.542, -0.131], [6.827, 0.0], [9.396, 0.0], [11.11, 0.0], [13.108, -0.261]]",0.5387,0.0,0.0,0.2694,0.1347,0.0898,1.0,0.0,ok,10.4335,0.0,0.0,0.0,0.0,0.0,0.0,0.0,0.0,0.0,00bb84f140c943059a9a1e8e372ddabe,scene-0561,43
1.8407,3.4744,13.0841,1.2893,2.2813,4.6499,0.0,0.0,0.0,0.0,0.0,0.0,0.0,0.0,0.0,ok,left,1.8407,3.4744,10.9279,1.2893,2.2813,4.2405,True,"[8.2899, 2.2846, -2.4804, -3.9165, -2.4804, -0.1305, 8.2899, 0.718]","[-1896.5283, -3121.7791, -5643.4422, -5559.3081, -5732.0163, -38786.5933, -159847.6797, -206405.284]","[-2002762.7954, -2003988.0462, -2006509.7093, -2006554.502, -2006727.2102, -2039652.8605, -2160842.8736, -2207400.4779]","[4.24, 2.472, 5.253, 5.696, 5.339, 5.117, 6.359, 12.374]",2.6927,0.0,0.0,0.0,0.0,0.0,0.0,0.0,0.0,0.0,2.472,8.0,1.8407,3.4744,3.4508,1.2893,2.2813,2.472,"[[1.687, 0.0], [3.686, -0.392], [5.97, -0.914], [6.541, 1.697], [6.827, 6.005], [8.254, 16.58]]",0.0,0.0,7.4771,0.0,0.0,1.7684,1.0,0.0,ok,12.3743,0.0,0.0,0.0,0.0,0.0,0.0,0.0,0.0,0.0,a11fc6258e564dc4ab612bdf98e90fd1,scene-0561,43
0.6403,0.6521,1.1295,0.4694,0.6364,0.845,0.0,0.0,0.0,0.0,0.0,0.0,0.0,0.0,0.0,ok,straight,0.6403,0.6521,1.1295,0.4694,0.6364,0.751,True,"[-0.0, -0.7833, -0.0, -0.0, -0.1958, -0.7833, -0.2611, -0.1958]","[-74.8876, -116.859, -1576.0488, -3111.1318, -4122.9097, -4532.0826, -12140.8667, -67183.3037]","[4.0281, 1.4786, -1001573.4655, -1003108.5471, -1004120.3264, -1004529.4993, -1012138.2834, -1067180.7191]","[0.751, 1.312, 1.24, 4.603, 1.225, 2.173, 3.26, 4.984]",1.5385,0.0,0.0,0.0,0.0,0.0,0.0,0.0,0.0,0.0,0.751,8.0,0.6403,0.6521,1.1295,0.4694,0.6364,0.751,"[[3.686, 0.0], [7.398, 0.0], [11.11, 0.0], [14.25, 0.0], [18.248, 0.0], [21.674, 0.0]]",0.0,0.0,0.0,0.0,0.0,0.0,0.0,1.0,ok,4.9841,0.0,0.0,0.0,0.0,0.0,0.0,0.0,0.0,0.0,e493c6923a0a4d5fb78b75dcc0ffc5ab,scene-0562,43
0.1435,1.4414,2.0692,0.1045,0.6257,0.9759,0.0,0.0,0.0,0.0,0.0,0.0,0.0,0.0,0.0,ok,straight,0.1435,1.4414,2.0692,0.1045,0.6257,1.0703,False,"[-0.1305, -0.1305, -0.3916, -0.2611, -0.9791, -0.0653, -0.1305, -0.0653]","[-78.9025, -1007.3262, -481.6805, -412.8853, -623.6915, -2522.5923, -32552.6152, -818293.5759]","[2.5528, 2.4509, 1.5437, -1000411.2129, -1000622.0191, -1002521.0183, -1032550.9428, -1818292.0019]","[1.07, 1.305, 0.948, 0.905, 1.412, 1.282, 2.501, 8.997]",2.5736,0.0,0.0,0.0,0.0,0.0,0.0,0.0,0.0,0.0,0.9047,8.0,0.1435,1.4414,0.4459,0.1045,0.6257,0.9047,"[[3.686, 0.0], [7.398, -0.131], [11.11, -0.131], [14.25, -0.261], [18.248, -0.261], [21.674, -0.261]]",0.0,0.0,1.6233,0.0,0.0,0.1656,2.0,0.0,ok,8.9966,0.0,0.0,0.0,0.0,0.0,0.0,0.0,0.0,0.0,d74c961ec4274d14b8a211f29e390e30,scene-0562,43
1.1676,1.307,2.1285,0.8336,1.1182,1.4058,0.0,0.0,0.0,0.0,0.0,0.0,0.0,0.0,0.0,ok,straight,1.1676,1.307,2.6966,0.8336,1.1894,1.5953,False,"[-0.0, -0.3916, -0.0653, -0.0, -0.3264, -0.0, -0.5875, -8.2899]","[-486.5153, -776.1905, -973.5664, -4053.3794, -4475.1431, -13299.9103, -16084.7534, -144161.313]","[3.8134, -1000773.316, -1000970.6919, -1004050.5066, -1004472.2702, -1013297.0375, -1016081.8806, -1144158.4385]","[1.595, 1.208, 1.844, 2.213, 2.149, 4.733, 2.568, 10.021]",2.7309,0.0,0.0,0.0,0.0,0.0,0.0,0.0,0.0,0.0,1.2084,8.0,1.1676,1.307,1.1004,0.8336,1.1894,1.2084,"[[2.829, 0.0], [5.399, 0.0], [7.398, 0.0], [11.11, 0.0], [12.823, 0.0], [15.393, 0.0]]",0.0,0.0,1.5962,0.0,0.0,0.3869,1.0,0.0,ok,10.0205,0.0,0.0,0.0,0.0,0.0,0.0,0.0,0.0,0.0,ae90c564207b4eb69b60630fa17ea7e8,scene-0562,43
0.277,1.349,2.1453,0.207,0.6538,1.1409,0.0,0.0,0.0,0.0,0.0,0.0,0.0,0.0,0.0,ok,straight,0.277,1.349,2.1453,0.207,0.6538,1.1409,False,"[-0.0, -0.0, -0.9138, -0.1958, -0.6527, -0.0, -0.1305, -0.1305]","[-26.1003, -61.016, -177.1091, -1248.879, -2961.6393, -3388.5578, -39956.069, -150712.9243]","[4.3572, 4.3107, 1.5029, -1001245.8602, -1002958.6204, -1003385.4931, -1039953.0502, -1150709.8596]","[1.141, 1.236, 1.34, 1.431, 1.312, 1.561, 2.958, 5.103]",1.2891,0.0,0.0,0.0,0.0,0.0,0.0,0.0,0.0,0.0,1.1409,8.0,0.277,1.349,2.1453,0.207,0.6538,1.1409,"[[2.258, 0.0], [4.257, 0.0], [6.541, 0.0], [8.54, 0.0], [10.539, 0.0], [11.681, 0.0]]",0.0,0.0,0.0,0.0,0.0,0.0,0.0,1.0,ok,5.103,0.0,0.0,0.0,0.0,0.0,0.0,0.0,0.0,0.0,814f40cea21041308224320c40274e51,scene-0562,43
1.0253,2.405,3.3359,0.5977,1.3507,1.9225,0.0,0.0,0.0,0.0,0.0,0.0,0.0,0.0,0.0,ok,straight,1.0253,2.405,4.1923,0.5977,1.3507,2.0652,False,"[-0.0, -0.0, -0.0653, -0.0653, -0.0, -0.0653, -0.0653, -0.0653]","[-43.5829, -166.0442, -33.8845, -597.1516, -634.6689, -3976.8873, -4998.2962, -176629.8113]","[3.7848, 3.783, 1.7197, -1000595.0602, -1000632.5779, -1003974.7959, -1004996.2052, -1176627.7203]","[2.065, 2.208, 2.732, 3.921, 2.209, 3.115, 2.97, 7.348]",1.6256,0.0,0.0,0.0,0.0,0.0,0.0,0.0,0.0,0.0,2.0652,8.0,1.0253,2.405,4.1923,0.5977,1.3507,2.0652,"[[1.116, 0.0], [2.544, 0.0], [3.686, 0.0], [4.542, 0.0], [5.113, 0.0], [6.827, 0.0]]",0.0,0.0,0.0,0.0,0.0,0.0,0.0,1.0,ok,7.3478,0.0,0.0,0.0,0.0,0.0,0.0,0.0,0.0,0.0,970f41b6fc4544b388fe7ccd578988a9,scene-0563,43
0.0689,0.2976,0.9394,0.1209,0.1536,0.3046,0.0,0.0,0.0,0.0,0.0,0.0,0.0,0.0,0.0,ok,straight,0.0689,0.2976,0.4285,0.1209,0.1536,0.2195,True,"[-0.0653, -0.0653, -0.1305, -0.0653, -0.1305, -0.1958, -2.9374, -0.0653]","[-17.8758, -63.1493, -19.0438, -159.9398, -266.8839, -379.8749, -1993.8173, -3045.8046]","[2.9326, 2.8896, 2.8614, 2.7987, 2.6293, 2.4537, -1001991.983, -1003043.9708]","[0.219, 0.217, 0.44, 0.334, 0.461, 0.442, 1.315, 1.014]",0.3707,0.0,0.0,0.0,0.0,0.0,0.0,0.0,0.0,0.0,0.2167,8.0,0.0689,0.3004,0.4285,0.1209,0.1495,0.2167,"[[1.116, 0.0], [2.544, 0.0], [3.686, 0.0], [4.542, 0.0], [5.685, 0.0], [6.541, 0.131]]",0.0,-0.0028,0.0,0.0,0.0041,0.0027,1.0,0.0,ok,1.3151,0.0,0.0,1.0,0.0,0.0,1.0,0.0,0.0,0.16666666666666666,04b954deacb74b3a80c543526dc8f937,scene-0563,43
0.7337,0.7824,0.7803,0.5969,0.6935,0.7224,0.0,0.0,0.0,0.0,0.0,0.0,0.0,0.0,0.0,ok,straight,0.7337,0.7824,0.7803,0.5969,0.6935,0.7224,False,"[-0.0, -0.0, -0.0, -0.0, -0.0653, -0.1305, -0.0]","[-0.013, -151.8847, -416.4727, -10047.5201, -38047.4077, -256574.9216, -372319.1526]","[3.5437, 3.5424, 3.5405, -1010045.2484, -1038045.1358, -1256572.6499, -1372316.8807]","[0.722, 0.552, 0.435, 1.244, 2.425, 11.824, 6.014]",3.9173,0.0,0.0,0.0,0.0,0.0,0.0,0.0,0.0,0.0,0.4353,7.0,0.7337,0.4971,0.4952,0.5969,0.4382,0.4353,"[[-0.026, 0.0], [-0.026, 0.0], [-0.026, 0.0], [-0.026, 0.0], [-0.026, 0.0], [-0.026, 0.0]]",0.0,0.2853,0.2851,0.0,0.2553,0.2871,2.0,0.0,ok,11.8241,1.0,1.0,1.0,1.0,1.0,1.0,0.5,0.75,0.8333333333333334,264f7a3db349473c9032d9ee63b9b828,scene-0563,43
0.0262,0.0265,0.0268,0.0261,0.0263,0.0264,0.0,0.0,0.0,0.0,0.0,0.0,0.0,0.0,0.0,ok,straight,0.0262,0.0265,0.0268,0.0261,0.0263,0.0264,False,"[-0.0, -0.0, -0.0, -0.0653, -0.0, -0.0, -1.6319]","[-0.013, -7.2703, -62.8393, -25.3854, -1304.958, -17185.0453, -318931.8192]","[3.1447, 3.1446, 3.1441, 3.0295, -1001302.6761, -1017182.7634, -1318929.5373]","[0.026, 0.104, 0.372, 0.209, 0.398, 1.267, 12.196]",4.1464,0.0,0.0,0.0,0.0,0.0,0.0,0.0,0.0,0.0,0.0264,7.0,0.0262,0.0265,0.0268,0.0261,0.0263,0.0264,"[[-0.026, 0.0], [-0.026, 0.0], [-0.026, 0.0], [-0.026, 0.0], [-0.026, 0.0], [-0.026, 0.0]]",0.0,0.0,0.0,0.0,0.0,0.0,0.0,1.0,ok,12.1955,1.0,1.0,1.0,1.0,1.0,1.0,0.5,0.75,0.8333333333333334,10602c94122242d3b7525ec541b3784f,scene-0563,43
0.026,0.0303,0.3966,0.026,0.0271,0.1087,0.0,0.0,0.0,0.0,0.0,0.0,0.0,0.0,0.0,ok,straight,0.026,0.0303,0.3966,0.026,0.0271,0.1087,False,"[-0.0, -0.0, -0.0, -0.9791, -0.0, -0.0, -0.0, -0.0]","[-0.013, -1.5783, -6.2743, -1468321.6787, -963097.1795, -1378360.0208, -1658733.6279, -2542017.5958]","[5.3618, 5.3618, 5.3618, -2468317.8345, -3455516.2139, -3870779.0553, -4151152.6624, -5034436.6303]","[0.109, 0.061, 0.072, 13.518, 23.292, 17.209, 15.44, 11.729]",8.4301,0.0,0.0,0.0,0.0,0.0,0.0,0.0,0.0,0.0,0.0612,8.0,0.026,0.0303,0.1111,0.026,0.0271,0.0612,"[[-0.026, 0.0], [-0.026, 0.0], [-0.026, 0.0], [-0.026, 0.0], [-0.026, 0.0], [-0.026, 0.0]]",0.0,0.0,0.2855,0.0,0.0,0.0476,2.0,0.0,ok,23.2919,1.0,1.0,1.0,1.0,1.0,1.0,0.5,0.75,0.8333333333333334,3b86f8218554493f928b39824655872a,scene-0564,43
0.0676,0.0683,0.0703,0.0741,0.0709,0.0705,0.0,0.0,0.0,0.0,0.0,0.0,0.0,0.0,0.0,ok,straight,0.0676,0.0683,0.0703,0.0741,0.0709,0.0705,False,"[-0.0, -0.0, -0.0, -0.0, -0.0, -1.2402, -0.0653, -0.0]","[-0.013, -94.6519, -263.8225, -266727.5799, -5370.5454, -6907.929, -373462.6782, -1482150.6643]","[3.6987, 3.6985, 3.6981, -1266724.8384, -2005877.0985, -2007414.482, -2373969.2312, -3482657.2174]","[0.071, 0.381, 0.238, 11.659, 0.693, 2.655, 6.855, 12.708]",4.9593,0.0,0.0,0.0,0.0,0.0,0.0,0.0,0.0,0.0,0.0705,8.0,0.0676,0.0683,0.0703,0.0741,0.0709,0.0705,"[[-0.026, 0.0], [-0.026, 0.0], [-0.026, 0.0], [-0.026, 0.0], [-0.026, 0.0], [-0.026, 0.0]]",0.0,0.0,0.0,0.0,0.0,0.0,0.0,1.0,ok,12.7082,1.0,1.0,1.0,1.0,1.0,1.0,0.5,0.75,0.8333333333333334,cf326fa396094c5d87527d1950b31235,scene-0564,43
0.3972,1.1877,3.3141,0.2811,0.6461,1.4124,0.0,0.0,1.0,0.0,0.0,1.0,0.0,0.0,0.3333333333333333,ok,straight,0.3972,1.4723,3.3141,0.2811,0.7173,1.4599,False,"[-0.0, -0.0, -0.0653, -0.1958, -0.1305, -0.7833, -0.4569, -0.1958]","[-27.9017, -463.9666, -96.0597, -26.9026, -754.683, -1640.4944, -40392.1734, -1524274.5048]","[3.6013, 3.6004, 3.3408, 2.8201, -1000752.3832, -1001638.1946, -1040389.8736, -2524272.205]","[1.46, 1.84, 1.648, 0.983, 1.593, 2.159, 2.578, 11.88]",3.3789,0.0,0.0,1.0,0.0,0.0,1.0,0.0,0.0,0.3333333333333333,0.983,8.0,0.3972,1.4723,1.3063,0.2811,0.7173,0.983,"[[1.116, 0.0], [1.687, 0.0], [2.544, 0.0], [3.4, 0.0], [3.971, 0.0], [5.113, 0.0]]",0.0,0.0,2.0078,0.0,0.0,0.4769,1.0,0.0,ok,11.8804,0.0,0.0,0.0,0.0,0.0,0.0,0.0,0.0,0.0,26ce0c76786c43158b3bac999b27e76b,scene-0564,43
0.9775,1.8957,3.5927,0.9353,1.3786,1.9953,0.0,0.0,1.0,0.0,0.0,1.0,0.0,0.0,0.3333333333333333,ok,right,1.8158,1.8957,1.847,1.3544,1.5881,1.5711,True,"[0.3264, -0.0, -0.0, -0.4569, -0.0, -0.0, 7.3761, -0.0653]","[-279.2297, -126.5404, -279.8783, -195.4747, -1867.0757, -4361.9148, -12841.6487, -15600.0041]","[2.1787, 2.072, 1.9662, 1.7946, -1001865.457, -1004360.2166, -1012840.03, -1015598.3059]","[1.571, 2.135, 1.995, 1.938, 2.093, 2.662, 3.928, 2.787]",0.6874,0.0,0.0,0.0,0.0,0.0,0.0,0.0,0.0,0.0,1.5711,8.0,1.8158,1.8957,1.847,1.3544,1.5881,1.5711,"[[1.687, 0.0], [2.829, 0.0], [4.542, 0.0], [6.541, 0.0], [9.968, -0.392], [11.395, -0.653]]",0.0,0.0,0.0,0.0,0.0,0.0,0.0,1.0,ok,3.9277,0.0,0.0,0.0,0.0,0.0,0.0,0.0,0.0,0.0,9784a87689e64da29ff6d1b2fbaf6673,scene-0564,43
1.9222,3.6827,8.0577,1.3657,2.4459,3.9295,0.0,0.0,0.0,0.0,0.0,0.0,0.0,0.0,0.0,ok,right,2.9961,3.6827,8.0577,2.7559,3.141,4.3929,False,"[-0.8486, -0.8486, -3.8512, -2.2846, -3.0026, 0.2611, -8.2899, -0.8486]","[-480.7476, -589.4887, -1028.6675, -1041.1106, -1142.7843, -8772.1565, -39565.2424, -104324.3905]","[3.9181, 3.3858, -1001026.4724, -1001038.9156, -1001140.0601, -1008769.4323, -1039563.0473, -1104321.6663]","[4.393, 4.413, 5.619, 4.952, 5.49, 3.339, 7.591, 5.449]",1.163,0.0,0.0,0.0,0.0,0.0,0.0,0.0,0.0,0.0,3.3386,8.0,2.9961,3.6827,5.8241,2.7559,3.141,3.3386,"[[-0.597, 0.0], [0.831, 0.0], [2.544, 0.131], [5.113, 0.653], [5.685, 0.653], [7.398, 1.697]]",0.0,0.0,2.2336,0.0,0.0,1.0543,1.0,0.0,ok,7.5909,0.0,0.0,0.0,0.0,0.0,0.0,0.0,0.0,0.0,f0c47597c226445fa1e14c82d879f9a4,scene-0565,43
1.0423,2.7187,2.6441,0.9068,1.6455,2.1199,0.0,0.0,0.0,0.0,0.0,0.0,0.0,0.0,0.0,ok,straight,1.0423,2.7187,2.0733,0.9068,1.6455,2.0724,True,"[-0.0, -0.1958, -0.5875, -0.0, -0.9138, -0.2611, -1.6319, -0.9138]","[-373.3834, -334.9101, -177.9418, -935.2193, -1342.7024, -8133.0592, -21285.0825, -21691.9169]","[3.9713, 3.6063, 2.8854, -1000933.0399, -1001340.5186, -1008130.8798, -1021282.9031, -1021689.7375]","[2.072, 2.835, 2.945, 2.786, 2.153, 2.624, 3.294, 3.42]",0.4503,0.0,0.0,0.0,0.0,0.0,0.0,0.0,0.0,0.0,2.0724,8.0,1.0423,2.7187,2.0733,0.9068,1.6455,2.0724,"[[3.686, 0.0], [6.541, 0.0], [10.539, 0.0], [14.25, 0.0], [18.248, 0.0], [19.39, 0.0]]",0.0,0.0,0.0,0.0,0.0,0.0,0.0,1.0,ok,3.4203,0.0,0.0,0.0,0.0,0.0,0.0,0.0,0.0,0.0,9287148365d241a99104b0b129246071,scene-0565,43
1.6332,4.0905,5.2907,1.2033,2.3212,3.3422,0.0,0.0,0.0,0.0,0.0,0.0,0.0,0.0,0.0,ok,straight,1.6332,4.0905,5.2907,1.2033,2.3212,3.3898,False,"[-0.0, -0.0, -0.0, -0.9791, -0.3264, -1.9582, -0.3916, -0.1958]","[-160.795, -190.073, -280.8366, -236.7363, -1091.3006, -6004.1116, -6132.2764, -97983.1789]","[4.7181, 4.5443, 4.5415, 3.1766, -1001087.7744, -1006000.7581, -1006128.923, -1097979.6527]","[3.39, 3.533, 4.247, 4.145, 3.185, 3.893, 3.611, 7.77]",1.3839,0.0,0.0,0.0,0.0,0.0,0.0,0.0,0.0,0.0,3.1851,8.0,1.6332,4.0905,3.65,1.2033,2.3212,3.1851,"[[3.4, 0.0], [6.827, 0.0], [10.539, 0.0], [14.25, 0.0], [18.248, 0.0], [19.961, 0.0]]",0.0,0.0,1.6406,0.0,0.0,0.2047,1.0,0.0,ok,7.7705,0.0,0.0,0.0,0.0,0.0,0.0,0.0,0.0,0.0,5f2b89acd9c34488af6c4419f10703de,scene-0565,43
3.3329,7.558,13.2184,2.5889,4.7006,6.9649,0.0,0.0,1.0,0.0,0.0,1.0,0.0,0.0,0.3333333333333333,ok,straight,3.3329,7.558,13.2184,2.5889,4.7006,6.9649,False,"[-0.0653, -0.3264, -0.4569, -0.0653, -0.0653, -0.1958, -6.9191, -0.0653]","[-240.1, -197.077, -311.3646, -1079.7482, -2003.2911, -2974.4639, -12182.5445, -90564.8765]","[3.7151, 3.5997, 3.5373, 3.4947, -1002000.6543, -1002971.8271, -1012179.7161, -1090562.2397]","[6.965, 6.16, 6.975, 6.775, 3.621, 6.398, 8.459, 8.226]",1.3893,0.0,0.0,1.0,0.0,0.0,1.0,0.0,0.0,0.3333333333333333,3.6205,8.0,3.3329,6.4215,2.2025,2.5889,4.4159,3.6205,"[[2.829, 0.0], [5.113, 0.0], [8.54, 0.131], [10.539, 0.131], [13.108, 0.131], [16.82, 0.131]]",0.0,1.1365,11.0159,0.0,0.2847,3.3444,4.0,0.0,ok,8.4592,0.0,0.0,1.0,0.0,0.0,1.0,0.0,0.0,0.3333333333333333,77ee28e79c2f400d893c9712b1c75b6b,scene-0565,43
1.2848,1.4341,1.8942,0.8976,1.1476,1.4908,0.0,0.0,0.0,0.0,0.0,0.0,0.0,0.0,0.0,ok,right,1.2848,1.6289,1.7072,0.8976,0.9437,1.1658,True,"[0.6527, 0.6527, 2.0235, 0.9138, 1.5013, 2.0888, 0.2611, 1.1097]","[-849.9975, -1001.6496, -1198.3838, -2001.437, -3778.8598, -4021.7776, -9236.4197, -31037.0244]","[0.8672, -1001000.3249, -1001197.3231, -1002000.1123, -1003777.7991, -1004020.7169, -1009235.0951, -1031035.6998]","[1.166, 1.849, 2.082, 1.567, 3.241, 1.625, 3.595, 4.354]",1.0705,0.0,0.0,0.0,0.0,0.0,0.0,0.0,0.0,0.0,1.1658,8.0,1.2848,1.6289,1.7072,0.8976,0.9437,1.1658,"[[3.115, 0.0], [6.541, -0.131], [8.254, -0.522], [12.537, -1.044], [15.107, -1.044], [17.962, -1.305]]",0.0,0.0,0.0,0.0,0.0,0.0,0.0,1.0,ok,4.354,0.0,0.0,0.0,0.0,0.0,0.0,0.0,0.0,0.0,67d2d74087714e4994a68c7347acf55a,scene-0625,43
0.8914,2.4863,1.1103,0.7404,1.3449,1.3356,0.0,0.0,0.0,0.0,0.0,0.0,0.0,0.0,0.0,ok,straight,0.8914,1.0587,1.1103,0.7404,0.8453,1.0025,True,"[-0.0653, -0.0, -0.1958, -0.5875, -0.0653, -0.0653, -0.0653, -0.0653]","[-34.4545, -407.1181, -1378.2483, -1943.6602, -4675.4408, -7015.7769, -28535.3204, -63653.3988]","[3.1437, -1000405.0312, -1001375.7296, -1001941.1415, -1004672.922, -1007013.69, -1028532.8017, -1063651.3119]","[1.003, 1.717, 2.259, 2.924, 1.955, 1.541, 3.541, 3.802]",0.9281,0.0,0.0,0.0,0.0,0.0,0.0,0.0,0.0,0.0,1.0025,8.0,0.8914,1.0587,1.1103,0.7404,0.8453,1.0025,"[[3.4, 0.0], [6.541, 0.0], [9.396, -0.131], [12.823, -0.131], [16.249, -0.131], [18.819, -0.131]]",0.0,0.0,0.0,0.0,0.0,0.0,0.0,1.0,ok,3.8022,0.0,0.0,0.0,0.0,0.0,0.0,0.0,0.0,0.0,2e74db7a04ef4ef49ec7f136a260a878,scene-0625,43
0.1099,0.0522,1.446,0.0801,0.2062,0.5741,0.0,0.0,0.0,0.0,0.0,0.0,0.0,0.0,0.0,ok,straight,0.1099,0.8305,1.446,0.0801,0.4008,0.7038,False,"[-0.1305, -0.1305, -0.3264, -0.1958, -0.1305, -0.0, -0.0653, -0.0653]","[-43.9167, -330.7283, -1656.2111, -29572.8366, -4757.998, -8218.3298, -18078.2641, -79899.1613]","[2.4971, -1000328.9327, -1001654.4155, -1029571.041, -2006030.8482, -2009491.18, -2019351.1142, -2081172.0114]","[0.704, 1.007, 1.139, 3.788, 0.951, 1.093, 1.334, 3.139]",1.0756,0.0,0.0,0.0,0.0,0.0,0.0,0.0,0.0,0.0,0.7038,8.0,0.1099,0.8305,1.446,0.0801,0.4008,0.7038,"[[3.4, 0.0], [6.827, -0.131], [9.682, -0.131], [13.108, -0.131], [16.249, -0.131], [19.39, -0.261]]",0.0,0.0,0.0,0.0,0.0,0.0,0.0,1.0,ok,3.7881,0.0,0.0,0.0,0.0,0.0,0.0,0.0,0.0,0.0,0e8e2f64b807428ca4ed5bc33c996389,scene-0625,43
2.6426,4.6425,7.833,1.7128,2.8384,4.3945,0.0,0.0,0.0,0.0,0.0,0.0,0.0,0.0,0.0,ok,straight,2.6426,4.0349,3.575,1.7128,2.4473,3.066,True,"[-0.2611, -0.5222, -0.5222, -0.5222, -0.3916, -0.6527, -0.5875, -0.9791]","[-922.7307, -233.61, -678.9738, -980.0632, -1167.178, -1287.9162, -2355.4848, -2857.5923]","[3.841, 3.168, 2.6221, 2.4374, -1001165.4966, -1001286.2349, -1002353.619, -1002855.7265]","[3.066, 3.768, 3.312, 3.949, 3.559, 2.877, 2.635, 3.548]",0.4233,0.0,0.0,0.0,0.0,0.0,0.0,0.0,0.0,0.0,2.6347,8.0,2.6426,4.0349,3.3715,1.7128,2.4473,2.6347,"[[2.829, 0.0], [5.399, -0.131], [9.682, -0.783], [11.681, -0.261], [14.822, -1.044], [19.39, -0.522]]",0.0,0.0,0.2034,0.0,0.0,0.4313,2.0,0.0,ok,3.9493,0.0,0.0,0.0,0.0,0.0,0.0,0.0,0.0,0.0,30d93e4625f74b07a9966a5f8e9efa9e,scene-0625,43
2.4746,4.8249,5.919,1.8058,2.8964,3.9557,0.0,0.0,0.0,0.0,0.0,0.0,0.0,0.0,0.0,ok,straight,1.9071,4.8249,5.919,1.3796,2.6833,3.8136,True,"[-1.8277, -2.0888, -0.0, -1.7624, -1.8277, -3.3943, -1.6971, -3.7207]","[-142.1753, -122.5706, -406.2135, -4646.9597, -4709.1023, -14251.2094, -14522.204, -214216.2819]","[3.8419, 3.5974, -1000403.0253, -1004643.8634, -1004706.006, -1014248.0212, -1014519.1077, -1214213.1856]","[3.814, 3.805, 4.133, 4.365, 4.72, 3.462, 4.775, 6.77]",0.9656,0.0,0.0,0.0,0.0,0.0,0.0,0.0,0.0,0.0,3.4625,8.0,1.9071,4.8249,9.5524,1.3796,2.6833,3.4625,"[[3.115, -0.131], [5.97, 0.0], [8.54, -0.783], [11.11, -1.697], [13.679, -2.48], [18.248, -3.655]]",0.0,0.0,-3.6334,0.0,0.0,0.3512,2.0,0.0,ok,6.7703,0.0,0.0,0.0,0.0,0.0,0.0,0.0,0.0,0.0,57f23d2f55e6455696c6d3cc70a4f501,scene-0626,43
0.2873,1.7547,2.3671,0.2877,0.723,1.2065,0.0,0.0,0.0,0.0,0.0,0.0,0.0,0.0,0.0,ok,straight,0.8638,1.7547,2.3671,0.8626,1.1529,1.3508,False,"[-0.1305, -0.5875, -0.0, -0.1305, -0.1958, -0.1305, -0.6527, -0.0653]","[-478.1137, -531.4667, -1491.1061, -2272.7985, -3388.9529, -11152.2169, -84786.1385, -157470.5766]","[4.6965, -1000528.9064, -1001487.4676, -1002270.2382, -1003386.3926, -1011148.5784, -1084782.5, -1157468.0163]","[1.351, 2.154, 3.404, 1.399, 1.871, 2.359, 3.623, 9.092]",2.3756,0.0,0.0,0.0,0.0,0.0,0.0,0.0,0.0,0.0,1.3508,8.0,0.8638,1.7547,2.3671,0.8626,1.1529,1.3508,"[[4.257, -0.131], [7.683, 0.0], [9.111, -0.131], [12.252, -0.131], [16.249, -0.261], [18.248, -0.261]]",0.0,0.0,0.0,0.0,0.0,0.0,0.0,1.0,ok,9.0917,0.0,0.0,0.0,0.0,0.0,0.0,0.0,0.0,0.0,bbf1d23e80b84da798c56cbac090f7d9,scene-0626,43
2.1902,4.3739,7.7383,1.5635,2.7017,4.0809,0.0,0.0,0.0,0.0,0.0,0.0,0.0,0.0,0.0,ok,straight,2.1902,4.3739,7.1715,1.5635,2.7017,3.8438,True,"[-0.1305, -0.0653, -0.1958, -0.0653, -0.5222, -0.4569, -0.1305, -0.0]","[-104.4421, -851.402, -1906.3902, -4000.4856, -4942.4466, -5722.298, -6421.3488, -27763.8017]","[4.3518, -1000848.1787, -1001903.1668, -1003998.3016, -1004940.2626, -1005720.114, -1006419.1647, -1027760.5783]","[3.844, 4.511, 4.652, 6.698, 6.318, 5.652, 4.557, 6.994]",1.0962,0.0,0.0,0.0,0.0,0.0,0.0,0.0,0.0,0.0,3.8438,8.0,2.1902,4.3739,7.1715,1.5635,2.7017,3.8438,"[[3.115, 0.0], [6.541, -0.131], [9.396, -0.131], [12.252, -0.131], [14.25, -0.261], [17.391, -0.261]]",0.0,0.0,0.0,0.0,0.0,0.0,0.0,1.0,ok,6.9937,0.0,0.0,0.0,0.0,0.0,0.0,0.0,0.0,0.0,5fd5c3f8e4c54137a3bbb794ae4dc9e7,scene-0626,43
3.2748,4.685,3.6711,2.1597,3.2577,3.5001,0.0,0.0,0.0,0.0,0.0,0.0,0.0,0.0,0.0,ok,straight,3.2748,4.685,4.5272,2.1597,3.2577,3.6428,False,"[-0.0, -0.0, -0.1305, -0.1305, -0.4569, -0.0653, -0.1305, -0.0653]","[-209.8209, -517.2444, -370.6639, -1390.7698, -3329.5413, -4102.9479, -9205.58, -13455.7786]","[4.6531, 4.6399, -1000367.7088, -1001387.8146, -1003326.641, -1004100.0476, -1009202.6249, -1013452.8783]","[3.643, 4.5, 6.499, 4.17, 4.599, 4.215, 4.264, 2.924]",0.9549,0.0,0.0,0.0,0.0,0.0,0.0,0.0,0.0,0.0,2.9238,8.0,3.2748,4.685,1.6699,2.1597,3.2577,2.9238,"[[1.116, 0.0], [3.686, 0.0], [5.113, 0.0], [6.827, 0.0], [7.683, 0.0], [9.111, 0.0]]",0.0,0.0,2.8573,0.0,0.0,0.719,1.0,0.0,ok,6.4989,0.0,0.0,1.0,0.0,0.0,1.0,0.0,0.0,0.3333333333333333,bc35cb43c7de4fd3ab2355a9cc632ef9,scene-0626,43
1.0016,2.421,1.5509,0.7561,1.4244,1.5185,0.0,0.0,0.0,0.0,0.0,0.0,0.0,0.0,0.0,ok,straight,1.0016,1.87,1.1715,0.7561,1.2866,1.3188,True,"[-0.0653, -0.0653, -0.0653, -0.9791, -0.1305, -0.1305, -0.0, -0.0]","[-122.9147, -159.324, -219.7158, -3359.5411, -8159.7199, -9614.5789, -22039.2889, -152784.718]","[3.0073, 3.0065, 3.0053, -1003357.4065, -1008157.5854, -1009612.4444, -1022037.1543, -1152782.5835]","[1.319, 1.857, 1.558, 1.885, 2.099, 2.917, 2.974, 4.568]",0.989,0.0,0.0,0.0,0.0,0.0,0.0,0.0,0.0,0.0,1.3188,8.0,1.0016,1.87,1.1715,0.7561,1.2866,1.3188,"[[2.258, 0.0], [4.542, 0.0], [6.541, 0.0], [9.111, -0.131], [12.823, 0.392], [16.249, -0.131]]",0.0,0.0,0.0,0.0,0.0,0.0,0.0,1.0,ok,4.568,0.0,0.0,0.0,0.0,0.0,0.0,0.0,0.0,0.0,0fae8aae30d44b4faf7a9854eac4bc09,scene-0627,43
0.2831,0.5956,1.068,0.2353,0.3851,0.6307,0.0,0.0,0.0,0.0,0.0,0.0,0.0,0.0,0.0,ok,left,0.2831,0.5956,1.068,0.2353,0.3851,0.6307,False,"[0.8486, 1.5013, -7.7024, 8.2899, 0.8486, -0.3916, 1.1097, 8.2899]","[-440.3384, -8111.6068, -20674.7489, -198595.8671, -1595.19, -7428.9831, -76830.1261, -100043.2589]","[0.6188, -1008111.6111, -1020674.7532, -1198595.8714, -2003905.5731, -2009739.3662, -2079140.5091, -2102353.642]","[0.631, 1.425, 3.848, 9.629, 0.876, 1.85, 3.014, 5.417]",2.8179,0.0,0.0,0.0,0.0,0.0,0.0,0.0,0.0,0.0,0.6307,8.0,0.2831,0.5956,1.068,0.2353,0.3851,0.6307,"[[3.115, 0.131], [5.97, 0.261], [8.54, 0.522], [11.11, 0.783], [15.393, 1.697], [17.391, 1.697]]",0.0,0.0,0.0,0.0,0.0,0.0,0.0,1.0,ok,9.6289,0.0,0.0,0.0,0.0,0.0,0.0,0.0,0.0,0.0,1141ac734ae0422e9e79ea579d05aef2,scene-0627,43
0.8988,2.4028,2.0465,0.4756,1.2185,1.5622,0.0,0.0,0.0,0.0,0.0,0.0,0.0,0.0,0.0,ok,straight,0.8988,2.4028,8.3245,0.4756,1.2185,3.1314,False,"[-0.0, -0.0653, -0.4569, -0.2611, -0.0653, -0.3264, -0.0653, -0.0653]","[-429.4599, -50.3412, -408.1264, -812.0152, -2851.7531, -4196.826, -22320.7434, -911305.9394]","[4.1892, 3.764, 1.2044, -1000809.2854, -1002849.0233, -1004194.094, -1022318.0137, -1911303.2097]","[3.131, 1.752, 1.537, 0.673, 1.332, 1.786, 2.272, 9.892]",2.7632,0.0,0.0,0.0,0.0,0.0,0.0,0.0,0.0,0.0,0.673,8.0,0.8988,1.3102,1.4765,0.4756,0.5885,0.673,"[[3.686, 0.0], [6.541, 0.0], [9.682, -0.131], [12.823, -0.131], [13.108, -0.261], [13.679, 0.0]]",0.0,1.0926,6.848,0.0,0.63,2.4584,6.0,0.0,ok,9.8918,0.0,0.0,0.0,0.0,0.0,0.0,0.0,0.0,0.0,101a617fba0a4c7a91073b49b9b6752f,scene-0627,43
0.8044,1.5237,2.0074,0.562,0.898,1.267,0.0,0.0,0.0,0.0,0.0,0.0,0.0,0.0,0.0,ok,right,0.6507,1.5237,2.0074,0.4918,0.8629,1.255,True,"[1.2402, 0.718, 1.2402, 1.6319, 0.5875, 1.7624, 1.2402, 1.6319]","[-158.473, -1520.8144, -1859.487, -5121.2277, -5590.4342, -6180.1577, -54269.8773, -1067091.2663]","[2.8173, -1001518.3638, -1001856.6614, -1005118.402, -1005587.6086, -1006177.7071, -1054267.0516, -2067088.8157]","[1.255, 1.624, 1.055, 1.483, 1.678, 4.367, 2.917, 10.995]",3.1292,0.0,0.0,0.0,0.0,0.0,0.0,0.0,0.0,0.0,1.0549,8.0,0.6507,0.9947,2.0074,0.4918,0.5628,1.0549,"[[2.829, 0.131], [4.828, -0.783], [6.827, -0.783], [9.111, -1.436], [11.11, -1.958], [13.679, -2.48]]",0.0,0.529,0.0,0.0,0.3001,0.2001,1.0,0.0,ok,10.9953,0.0,0.0,0.0,0.0,0.0,0.0,0.0,0.0,0.0,5b3ffd92b67b4a48b283d63736298bae,scene-0627,43
0.1712,0.1078,0.3059,0.1473,0.2624,0.3247,0.0,0.0,0.0,0.0,0.0,0.0,0.0,0.0,0.0,ok,straight,0.1712,0.1078,0.3059,0.1473,0.2624,0.3247,False,"[-0.1305, -0.1305, -0.1305, -0.0, -0.1305, -0.0653, -0.1958, -0.1958]","[-241.8186, -556.0807, -982.5826, -2120.7586, -4335.0332, -102551.9718, -127038.9492, -931854.679]","[1.8977, 1.8966, 1.893, -1002119.2135, -1004333.4881, -1102550.4245, -1127037.4019, -1931853.1339]","[0.325, 0.682, 0.72, 1.627, 1.478, 3.841, 8.185, 9.211]",3.3084,0.0,0.0,0.0,0.0,0.0,0.0,0.0,0.0,0.0,0.3247,8.0,0.1712,0.1078,0.3059,0.1473,0.2624,0.3247,"[[3.686, 0.0], [7.398, 0.0], [11.966, -0.131], [15.107, -0.131], [19.104, -0.131], [22.245, -0.261]]",0.0,0.0,0.0,0.0,0.0,0.0,0.0,1.0,ok,9.2113,0.0,0.0,0.0,0.0,0.0,0.0,0.0,0.0,0.0,14384b3ce9d243ce827bf0c1598dd35f,scene-0629,43
1.435,4.9511,9.3198,1.0284,2.6059,4.5364,0.0,0.0,0.0,0.0,0.0,0.0,0.0,0.0,0.0,ok,straight,1.435,4.9511,9.3198,1.0284,2.6059,4.5402,False,"[-0.718, -0.9138, -1.1097, -0.718, -2.4804, -0.0653, -2.2193, -3.5248]","[-147.3036, -894.0272, -1159.3899, -1377.9798, -1714.412, -3934.7038, -6296.2822, -413975.5402]","[3.668, -1000891.4467, -1001155.7097, -1001374.2996, -1001710.7318, -1003932.1234, -1006293.7017, -1413971.86]","[4.54, 4.267, 5.108, 4.351, 4.908, 4.146, 5.745, 10.641]",2.0179,0.0,0.0,0.0,0.0,0.0,0.0,0.0,0.0,0.0,4.1462,8.0,1.435,4.9511,6.0817,1.0284,2.6059,4.1462,"[[2.258, 0.0], [4.257, -0.131], [6.827, -0.261], [8.54, -0.783], [11.11, -1.436], [13.108, -1.436]]",0.0,0.0,3.238,0.0,0.0,0.394,3.0,0.0,ok,10.641,0.0,0.0,0.0,0.0,0.0,0.0,0.0,0.0,0.0,35e0ba93fe9d48f386b97d62bd78fbf7,scene-0629,43
0.9677,2.8234,3.3288,0.8945,1.7778,2.1688,0.0,0.0,0.0,0.0,0.0,0.0,0.0,0.0,0.0,ok,right,2.5153,2.8234,3.3288,1.819,2.24,2.4408,False,"[2.611, 2.611, 1.2402, 2.0888, 2.9374, 2.611, 0.5875, -1.436]","[-758.9791, -251.8407, -662.3848, -765.2918, -1043.8877, -5743.8443, -155723.8096, -1358451.3503]","[3.6181, 3.4809, 2.6316, -1000762.926, -1001041.3836, -1005741.4785, -1155721.3055, -2358448.9845]","[2.441, 2.133, 2.778, 2.026, 3.647, 3.475, 5.992, 13.896]",3.7282,0.0,0.0,0.0,0.0,0.0,0.0,0.0,0.0,0.0,2.0265,8.0,0.9677,2.8234,1.2445,0.8945,1.7778,2.0265,"[[3.115, 0.131], [6.256, -1.697], [8.54, -1.436], [11.11, -2.48], [12.823, -3.655], [16.249, -5.222]]",1.5476,0.0,2.0843,0.9244,0.4622,0.4143,2.0,0.0,ok,13.8959,0.0,0.0,0.0,0.0,0.0,0.0,0.0,0.0,0.0,733995d097654865a7bea928efe971af,scene-0629,43
0.8082,0.9725,3.4045,0.4313,0.7125,1.3626,0.0,0.0,0.0,0.0,0.0,0.0,0.0,0.0,0.0,ok,left,0.8082,2.0893,1.5221,0.4313,0.9245,1.1902,True,"[0.8486, 0.718, 8.2899, 1.2402, 0.8486, 0.5875, -6.658, 8.2899]","[-409.969, -7021.8495, -30766.7536, -69601.1274, -2970.206, -8293.344, -15105.5882, -191377.3461]","[0.8434, -1007021.4634, -1030766.3675, -1069600.7413, -2006591.1943, -2011914.3323, -2018726.5765, -2194998.3344]","[1.19, 1.874, 5.592, 3.999, 1.186, 2.437, 3.924, 6.232]",1.8175,0.0,0.0,0.0,0.0,0.0,0.0,0.0,0.0,0.0,1.1859,8.0,0.8082,1.4974,1.5221,0.4313,0.9181,1.1859,"[[3.686, 0.0], [6.541, 0.131], [10.539, 0.261], [13.108, 0.783], [17.391, 1.044], [21.96, 1.697]]",0.0,0.5919,0.0,0.0,0.0064,0.0043,1.0,0.0,ok,6.232,0.0,0.0,0.0,0.0,0.0,0.0,0.0,0.0,0.0,b082d53392614131a91fedb0a2b2e1ab,scene-0629,43
1.2906,2.7072,2.9777,1.0661,1.8017,2.2055,0.0,0.0,0.0,0.0,0.0,0.0,0.0,0.0,0.0,ok,straight,1.2906,2.7072,2.9777,1.0661,1.8017,2.2055,False,"[-0.0653, -0.0653, -0.0653, -0.0, -0.1305, -0.1958, -1.1749, -0.1958]","[-44.3946, -166.3884, -490.7933, -2414.8287, -4560.2414, -4568.6989, -4902.5132, -97931.0873]","[3.2769, 3.2731, 3.2576, -1002412.4805, -1004557.8984, -1004566.3507, -1004900.1702, -1097928.7443]","[2.205, 1.52, 2.493, 2.342, 2.784, 2.338, 2.14, 5.043]",0.9798,0.0,0.0,0.0,0.0,0.0,0.0,0.0,0.0,0.0,1.5203,8.0,1.2906,2.7072,0.8597,1.0661,1.8017,1.5203,"[[3.115, 0.0], [6.541, 0.0], [9.396, -0.131], [12.823, -0.131], [16.249, -0.131], [19.961, -0.131]]",0.0,0.0,2.118,0.0,0.0,0.6852,2.0,0.0,ok,5.0428,0.0,0.0,0.0,0.0,0.0,0.0,0.0,0.0,0.0,6a808b09e5f34d33ba1de76cc8dab423,scene-0630,43
0.5684,1.9991,4.7924,0.6653,1.0635,1.9895,0.0,0.0,0.0,0.0,0.0,0.0,0.0,0.0,0.0,ok,straight,0.5684,1.9991,5.3629,0.6653,1.0635,2.0846,False,"[-0.0653, -0.0653, -0.0, -0.1305, -0.3916, -0.1958, -0.1305, -0.0]","[-52.2852, -685.9485, -737.8809, -2136.6499, -3026.7202, -3954.3293, -6096.108, -29123.3748]","[3.2813, 3.0594, -1000735.7049, -1002134.474, -1003024.6959, -1003952.305, -1006093.932, -1029121.3505]","[2.085, 2.18, 3.56, 2.751, 2.715, 2.656, 2.088, 3.725]",0.5932,0.0,0.0,0.0,0.0,0.0,0.0,0.0,0.0,0.0,2.0846,8.0,0.5684,1.9991,5.3629,0.6653,1.0635,2.0846,"[[2.829, 0.0], [5.113, 0.0], [7.683, 0.0], [10.253, 0.0], [12.537, 0.0], [15.964, -0.131]]",0.0,0.0,0.0,0.0,0.0,0.0,0.0,1.0,ok,3.7245,0.0,0.0,0.0,0.0,0.0,0.0,0.0,0.0,0.0,a38d06e080204b9c9c0b805375c8d6f9,scene-0630,43
1.0027,1.7718,5.6717,0.9752,1.3955,2.4651,0.0,0.0,0.0,0.0,0.0,0.0,0.0,0.0,0.0,ok,straight,1.0027,2.1258,6.2237,0.9752,1.3279,2.512,False,"[-2.7415, -0.1305, -1.0444, -2.7415, -1.7624, -7.5719, -0.718, -0.0653]","[-42.5428, -3032.9982, -3684.487, -3224.8809, -3676.1628, -12630.9693, -15394.9912, -1115588.0193]","[2.8504, -1003030.2602, -1003681.749, -2004463.3095, -2004914.5915, -2013869.3979, -2016633.4199, -2115585.2813]","[2.512, 2.059, 1.851, 2.668, 2.926, 4.179, 2.129, 10.697]",2.7569,0.0,0.0,0.0,0.0,0.0,0.0,0.0,0.0,0.0,1.8513,8.0,1.0027,2.1258,2.7345,0.9752,1.3279,1.8513,"[[2.829, -0.131], [5.399, -0.261], [7.969, -0.653], [10.539, -1.828], [13.108, -3.133], [16.249, -5.483]]",0.0,0.0,3.4891,0.0,0.0,0.6608,3.0,0.0,ok,10.6973,0.0,0.0,0.0,0.0,0.0,0.0,0.0,0.0,0.0,d1b23e695b0643b0a2614454fa83319b,scene-0630,43
1.5643,1.861,1.4095,1.0536,1.3693,1.552,0.0,0.0,0.0,0.0,0.0,0.0,0.0,0.0,0.0,ok,straight,0.9933,1.861,1.4095,0.6253,1.1552,1.4093,True,"[-0.0653, -0.0653, -0.1958, -0.0653, -2.1541, -0.1958, -0.0653, -0.1305]","[-59.1525, -85.1725, -992.6526, -3200.6675, -8688.0541, -8820.6287, -9996.3693, -92095.7042]","[3.4912, 3.4902, -1000990.1354, -1003198.1503, -1008685.5368, -1008818.1115, -1009993.8521, -1092093.1869]","[1.409, 1.552, 4.358, 4.913, 2.52, 3.454, 1.704, 10.162]",2.7141,0.0,0.0,0.0,0.0,0.0,0.0,0.0,0.0,0.0,1.4093,8.0,0.9933,1.861,1.4095,0.6253,1.1552,1.4093,"[[3.4, 0.0], [6.827, 0.0], [10.539, 0.0], [14.25, 0.0], [18.248, 0.0], [20.818, 0.131]]",0.0,0.0,0.0,0.0,0.0,0.0,0.0,1.0,ok,10.1619,0.0,0.0,0.0,0.0,0.0,0.0,0.0,0.0,0.0,f311006db7884a3a844b3f10c835762b,scene-0630,43
2.013,4.1765,7.1875,1.3357,2.5488,3.9013,0.0,0.0,0.0,0.0,0.0,0.0,0.0,0.0,0.0,ok,right,2.013,4.199,7.1875,1.3357,2.5545,3.905,False,"[0.1305, 0.1305, 0.6527, -0.0653, 0.1305, -0.2611, 0.1305, -0.9138]","[-80.3509, -715.2418, -1755.419, -2016.318, -3690.7219, -53788.399, -77423.7704, -828383.7146]","[3.0739, 3.0465, -1001753.1514, -1002014.0503, -1003688.4293, -1053786.1063, -1077421.5028, -1828381.422]","[3.905, 3.944, 4.414, 4.278, 4.416, 4.991, 12.633, 13.684]",3.847,0.0,0.0,0.0,0.0,0.0,0.0,0.0,0.0,0.0,3.905,8.0,2.013,4.199,7.1875,1.3357,2.5545,3.905,"[[3.686, 0.0], [7.398, -0.131], [11.11, -0.131], [14.25, 0.0], [18.248, -0.131], [21.674, -0.261]]",0.0,0.0,0.0,0.0,0.0,0.0,0.0,1.0,ok,13.6841,0.0,0.0,0.0,0.0,0.0,0.0,0.0,0.0,0.0,78c80690450a4e8aba63e1f2ca27c207,scene-0632,43
0.0696,0.8747,2.0738,0.287,0.546,1.0098,0.0,0.0,0.0,0.0,0.0,0.0,0.0,0.0,0.0,ok,right,0.0696,0.8747,2.0738,0.287,0.546,1.0098,False,"[2.2846, 3.7207, 1.8277, 2.7415, 1.2402, 2.2846, 0.9138, 1.7624]","[-161.9953, -587.0735, -910.3621, -171038.5258, -1394.7345, -1989.2623, -16914.3099, -123312.6215]","[3.4985, -1000584.4228, -1000907.7114, -1171035.8752, -2002654.3727, -2003248.9005, -2018173.9481, -2124572.2596]","[1.01, 1.959, 1.224, 9.894, 1.405, 1.226, 1.924, 4.141]",2.8215,0.0,0.0,0.0,0.0,0.0,0.0,0.0,0.0,0.0,1.0098,8.0,0.0696,0.8747,2.0738,0.287,0.546,1.0098,"[[3.115, -0.131], [5.399, -0.522], [8.54, -1.044], [11.11, -1.958], [14.25, -3.133], [16.249, -4.569]]",0.0,0.0,0.0,0.0,0.0,0.0,0.0,1.0,ok,9.8937,0.0,0.0,0.0,0.0,0.0,0.0,0.0,0.0,0.0,c402b98a1b4c4e868eb64a1cf05f4a50,scene-0632,43
0.2673,0.4517,2.8209,0.26,0.4887,1.1012,0.0,0.0,0.0,0.0,0.0,0.0,0.0,0.0,0.0,ok,right,0.2673,0.4517,6.045,0.2942,0.5058,1.9342,False,"[3.5901, 2.7415, 2.7415, 0.3264, 2.9374, 1.7624, 1.8277, 3.1985]","[-676.1652, -428.7685, -434.6066, -3429.8006, -9735.3571, -28998.3826, -142395.7659, -156801.8497]","[2.5354, 1.6693, 1.6679, -1003429.1714, -1009734.7292, -1028997.7547, -1142395.1381, -1156801.2206]","[1.934, 1.113, 1.101, 2.45, 2.513, 2.996, 4.802, 5.441]",1.4877,0.0,0.0,0.0,0.0,0.0,0.0,0.0,0.0,0.0,1.1012,8.0,0.2673,0.4517,2.8209,0.26,0.4887,1.1012,"[[1.973, 0.131], [3.971, -0.522], [5.399, -0.914], [7.398, -3.133], [11.966, -6.005], [15.393, -7.18]]",0.0,0.0,3.2241,0.0342,0.0171,0.833,2.0,0.0,ok,5.4406,0.0,0.0,0.0,0.0,0.0,0.0,0.0,0.0,0.0,c50c7d9402bb4d85b3095645d8aa258b,scene-0632,43
1.6141,2.1584,3.3975,1.2541,1.5809,1.954,0.0,0.0,0.0,0.0,0.0,0.0,0.0,0.0,0.0,ok,straight,1.6141,2.1584,2.5604,1.2541,1.7233,1.9094,True,"[-0.1305, -0.6527, -0.1305, -0.1305, -0.0653, -0.1305, -0.0653, -0.2611]","[-27.8463, -1842.2126, -2681.8952, -2736.4273, -3052.4203, -3650.0101, -9986.1713, -18461.1742]","[3.6677, -1001839.8366, -1002679.5265, -1002734.0587, -1003050.0444, -1003647.6415, -1009983.7953, -1018458.8056]","[1.909, 1.78, 2.527, 2.526, 2.543, 1.984, 2.827, 2.642]",0.365,0.0,0.0,0.0,0.0,0.0,0.0,0.0,0.0,0.0,1.7797,8.0,1.6141,2.1584,2.0468,1.2541,1.7233,1.7797,"[[2.258, 0.0], [4.542, 0.0], [6.827, -0.131], [9.682, -0.131], [12.537, -0.131], [14.536, -0.261]]",0.0,0.0,0.5136,0.0,0.0,0.1297,1.0,0.0,ok,2.8271,0.0,0.0,0.0,0.0,0.0,0.0,0.0,0.0,0.0,13ade121714c46d6a028516ecb5bff60,scene-0632,43
1.0155,1.2627,0.9035,0.7771,1.0526,1.2007,0.0,0.0,0.0,0.0,0.0,0.0,0.0,0.0,0.0,ok,straight,1.0155,1.2627,2.8981,0.7771,1.0526,1.5331,False,"[-0.0653, -0.0653, -0.0653, -0.0653, -0.1305, -0.1958, -0.1305, -8.2899]","[-38.4002, -107.436, -825.9556, -1029.2268, -3108.8309, -10731.7388, -16288.2061, -835278.9638]","[2.9007, 2.9005, -1000824.0757, -1001027.1122, -1003106.951, -1010729.859, -1016286.3262, -1835276.8492]","[1.533, 0.948, 1.6, 1.073, 1.504, 1.779, 2.172, 11.761]",3.4072,0.0,0.0,0.0,0.0,0.0,0.0,0.0,0.0,0.0,0.9479,8.0,1.0155,1.2627,0.9686,0.7771,1.0526,0.9479,"[[3.686, 0.0], [7.398, 0.0], [11.11, -0.131], [15.107, -0.131], [18.248, -0.131], [21.389, -0.131]]",0.0,0.0,1.9296,0.0,0.0,0.5852,3.0,0.0,ok,11.7608,0.0,0.0,0.0,0.0,0.0,0.0,0.0,0.0,0.0,fe5b1b2e8aa2430e90c5c90825f9f1f2,scene-0633,43
1.0712,3.0755,2.8206,0.7841,1.6034,2.1294,0.0,0.0,0.0,0.0,0.0,0.0,0.0,0.0,0.0,ok,straight,1.0712,3.0755,3.9601,0.7841,1.6034,2.3193,False,"[-0.0653, -0.0653, -0.5222, -0.0653, -0.0, -0.0653, -0.1305, -0.3264]","[-54.8118, -135.6023, -184.783, -3139.8182, -5835.1492, -18975.5142, -128949.882, -887190.105]","[4.0464, 2.6317, 1.297, -1003136.7635, -1005832.0945, -1018973.874, -1128948.2417, -1887188.4647]","[2.319, 2.511, 2.866, 2.465, 1.944, 3.811, 6.507, 9.646]",2.5276,0.0,0.0,0.0,0.0,0.0,0.0,0.0,0.0,0.0,1.9442,8.0,1.0712,3.0755,4.5387,0.7841,1.6034,1.9442,"[[3.686, 0.0], [7.398, 0.0], [11.11, -0.131], [14.25, -0.131], [18.248, -0.131], [22.245, -0.131]]",0.0,0.0,-0.5786,0.0,0.0,0.3751,1.0,0.0,ok,9.6459,0.0,0.0,0.0,0.0,0.0,0.0,0.0,0.0,0.0,d42e413c7c4d4fbdba460be4f8d01da1,scene-0633,43
0.388,0.8804,0.1833,0.2882,0.4498,0.3832,0.0,0.0,0.0,0.0,0.0,0.0,0.0,0.0,0.0,ok,straight,0.388,0.8804,0.1833,0.2882,0.4498,0.3832,False,"[-0.1305, -0.1305, -0.0, -0.2611, -0.1958, -5.3525, -0.7833, -0.1958]","[-77.1081, -240.4562, -1421.8414, -2938.1771, -8762.0296, -10079.1231, -27370.1991, -927298.033]","[3.0743, 3.0734, -1001419.6094, -1002935.9452, -1008759.7973, -1010076.8908, -1027367.9668, -1927295.8011]","[0.383, 0.478, 0.691, 1.483, 2.662, 2.669, 1.941, 9.085]",2.6589,0.0,0.0,0.0,0.0,0.0,0.0,0.0,0.0,0.0,0.3832,8.0,0.388,0.8804,0.1833,0.2882,0.4498,0.3832,"[[3.686, 0.0], [7.398, 0.0], [11.11, -0.131], [14.25, -0.131], [18.248, -0.131], [21.674, -0.261]]",0.0,0.0,0.0,0.0,0.0,0.0,0.0,1.0,ok,9.0849,0.0,0.0,0.0,0.0,0.0,0.0,0.0,0.0,0.0,5b360c6fe72d497185ef502483f1ac68,scene-0633,43
0.7313,1.0529,0.3928,0.5567,0.8606,0.8974,0.0,0.0,0.0,0.0,0.0,0.0,0.0,0.0,0.0,ok,straight,0.7313,1.0529,0.3928,0.5567,0.7896,0.8501,True,"[-0.0, -0.0, -0.1958, -0.1958, -0.718, -0.0653, -0.2611, -4.504]","[-136.0172, -212.8669, -226.9295, -390.2547, -1383.9549, -2068.3048, -6058.1021, -12315.0322]","[5.2895, 5.0464, 4.9067, 4.8662, -1001379.8551, -1002064.4289, -1006054.0022, -1012310.9324]","[0.85, 1.179, 1.265, 0.98, 1.655, 2.971, 1.785, 2.773]",0.7478,0.0,0.0,0.0,0.0,0.0,0.0,0.0,0.0,0.0,0.8501,8.0,0.7313,1.0529,0.3928,0.5567,0.7896,0.8501,"[[2.258, 0.0], [4.542, 0.0], [6.827, 0.0], [9.111, 0.0], [10.539, 0.0], [13.679, 0.0]]",0.0,0.0,0.0,0.0,0.0,0.0,0.0,1.0,ok,2.971,0.0,0.0,0.0,0.0,0.0,0.0,0.0,0.0,0.0,1da9c46177344f4f9ebd3d15d199b785,scene-0633,43
4.8919,9.839,12.9145,3.6623,6.1455,8.1745,0.0,0.0,0.0,0.0,0.0,0.0,0.0,0.0,0.0,ok,straight,5.1774,9.839,12.9145,3.8051,6.1455,8.1269,True,"[-0.0653, -0.0653, -3.4596, -0.5875, -6.2011, -0.1305, -2.2846, -0.7833]","[-163.119, -785.4163, -884.1096, -1540.3379, -2061.1299, -12002.8802, -40580.7905, -487883.2836]","[3.9321, 3.9271, -1000881.4018, -1001537.6311, -1002058.4231, -1012000.1724, -1040578.0827, -1487880.5768]","[8.127, 8.7, 8.478, 8.252, 10.262, 8.718, 6.503, 14.628]",2.2614,0.0,0.0,0.0,0.0,0.0,0.0,0.0,0.0,0.0,6.5034,8.0,5.1774,9.839,13.7345,3.8051,6.1455,6.5034,"[[2.829, 0.0], [5.685, 0.0], [7.683, 0.0], [10.539, 0.0], [12.537, 0.0], [15.393, -0.131]]",0.0,0.0,-0.82,0.0,0.0,1.6234,1.0,0.0,ok,14.6277,0.0,0.0,0.0,0.0,0.0,0.0,0.0,0.0,0.0,3bb017b691c34f8f89985c0c2220ccec,scene-0634,43
2.3706,7.9168,15.9661,1.6823,3.93,7.1259,0.0,0.0,0.0,0.0,0.0,0.0,0.0,0.0,0.0,ok,left,2.3706,7.9168,15.9661,1.6823,3.93,7.1259,False,"[-3.5248, -3.5248, 0.8486, -3.6554, -4.047, -3.8512, 8.2899, -6.9191]","[-624.0193, -1147.6, -2580.8152, -15800.6143, -29928.3484, -35724.124, -62477.4608, -190759.4323]","[1.6072, 1.5746, -1002579.5957, -1015799.3711, -1029927.129, -1035722.8807, -1062476.2413, -1190758.1891]","[7.126, 7.119, 5.464, 7.321, 6.037, 8.994, 5.753, 8.236]",1.1445,0.0,0.0,0.0,0.0,0.0,0.0,0.0,0.0,0.0,5.464,8.0,1.819,7.9168,7.0623,1.6606,3.9192,5.464,"[[1.687, -0.131], [3.686, -0.783], [5.97, -1.828], [6.541, -3.133], [9.111, -4.569], [9.968, -7.05]]",0.5516,0.0,8.9038,0.0217,0.0108,1.6619,4.0,0.0,ok,8.9944,0.0,0.0,0.0,0.0,0.0,0.0,0.0,0.0,0.0,93ca32c6f20745cd9d6010c66a2721c8,scene-0634,43
1.403,2.9044,3.7673,0.9405,1.6715,2.3617,0.0,0.0,0.0,0.0,0.0,0.0,0.0,0.0,0.0,ok,straight,1.403,2.9044,3.7673,0.9405,1.6715,2.3617,False,"[-0.1305, -0.1305, -0.0653, -0.1305, -0.1305, -0.1958, -0.7833, -0.1305]","[-42.819, -428.4897, -336.4028, -242.2279, -307.6276, -4233.3892, -4842.845, -206514.4151]","[2.9555, 2.9498, 0.8927, 0.5951, 0.5941, -1004233.5641, -1004840.6624, -1206512.2325]","[2.362, 2.769, 1.816, 1.627, 2.242, 3.718, 1.725, 13.095]",3.6194,0.0,0.0,0.0,0.0,0.0,0.0,0.0,0.0,0.0,1.6267,8.0,1.403,2.4728,1.203,0.9405,1.4923,1.6267,"[[3.115, 0.0], [6.541, -0.131], [9.396, -0.131], [12.537, -0.261], [15.393, -0.261], [17.391, -0.261]]",0.0,0.4316,2.5643,0.0,0.1792,0.7351,4.0,0.0,ok,13.0953,0.0,0.0,0.0,0.0,0.0,0.0,0.0,0.0,0.0,098415a9e8b7401a8f30c1425ad612eb,scene-0634,43
5.265,10.158,15.7502,3.8919,6.4681,9.1553,0.0,0.0,0.0,0.0,0.0,0.0,0.0,0.0,0.0,ok,straight,5.265,10.158,15.7502,3.8919,6.4681,9.1553,False,"[-0.1305, -0.1305, -0.718, -0.5222, -0.3264, -0.1305, -0.718, -0.2611]","[-93.6831, -131.1731, -256.878, -624.1056, -2922.6284, -10094.1178, -60227.3212, -103914.7015]","[3.2946, 2.3926, 0.8161, -1000622.4181, -1002921.8418, -1010093.3312, -1060226.5346, -1103913.014]","[9.155, 9.491, 8.832, 9.875, 9.255, 9.253, 12.452, 8.004]",1.2129,0.0,0.0,0.0,0.0,0.0,0.0,0.0,0.0,0.0,8.0035,8.0,5.265,10.158,17.7535,3.8919,6.4681,8.0035,"[[3.686, 0.0], [7.398, -0.131], [11.11, -0.131], [14.25, -0.131], [18.248, -0.261], [21.389, -0.261]]",0.0,0.0,-2.0033,0.0,0.0,1.1518,2.0,0.0,ok,12.4521,0.0,0.0,0.0,0.0,0.0,0.0,0.0,0.0,0.0,1794b5423be84d798ff953fff8307998,scene-0634,43
6.8899,13.5552,20.9975,5.1302,8.4297,11.9998,0.0,0.0,0.0,0.0,0.0,0.0,0.0,0.0,0.0,ok,straight,6.3189,13.5552,20.141,4.5592,8.1442,11.6667,True,"[-0.1305, -0.7833, -0.2611, -0.1305, -0.7833, -0.1958, -0.0, -0.5875]","[-24.0741, -254.6293, -634.8479, -1590.4002, -7696.7027, -7780.9916, -17049.2377, -894156.1028]","[3.37, 1.133, -1000632.6553, -1001588.2078, -1007694.5103, -1007778.7992, -1017047.0451, -1894153.9102]","[11.667, 13.009, 12.479, 12.333, 11.867, 12.667, 8.193, 20.618]",3.2569,0.0,0.0,0.0,0.0,0.0,0.0,0.0,0.0,0.0,8.1929,8.0,6.3189,13.5552,0.1556,4.5592,8.1442,8.1929,"[[3.115, 0.0], [6.827, -0.131], [10.539, -0.131], [14.25, -0.131], [17.962, -0.261], [20.818, -0.261]]",0.0,0.0,19.9854,0.0,0.0,3.4738,1.0,0.0,ok,20.6178,0.0,0.0,0.0,0.0,0.0,0.0,0.0,0.0,0.0,43f05ac397484672b9bdf86dcc0b0289,scene-0635,43
6.5424,12.8254,19.9627,4.8286,7.97,11.3494,0.0,0.0,0.0,0.0,0.0,0.0,0.0,0.0,0.0,ok,straight,6.5424,12.8254,19.9648,4.8286,8.1127,11.4449,False,"[-0.1958, -0.1958, -0.2611, -0.3264, -0.1958, -0.1958, -0.1958, -0.1958]","[-34.7796, -757.2568, -1060.0053, -2362.9781, -2556.0399, -3826.358, -4883.5652, -15425.1728]","[3.4083, 1.2215, -1001057.9643, -1002360.9371, -1002556.0293, -1003826.3474, -1004883.5546, -1015423.1318]","[11.445, 11.686, 10.827, 11.922, 11.733, 11.975, 12.257, 12.731]",0.5252,0.0,0.0,0.0,0.0,0.0,0.0,0.0,0.0,0.0,10.827,8.0,6.5424,12.8254,18.8261,4.8286,8.1127,10.827,"[[3.115, 0.0], [6.541, -0.131], [9.968, -0.131], [12.823, -0.261], [16.249, -0.392], [19.961, -0.392]]",0.0,0.0,1.1388,0.0,0.0,0.6179,1.0,0.0,ok,12.7306,0.0,0.0,0.0,0.0,0.0,0.0,0.0,0.0,0.0,e2da4cb3c76f4b9dacf9e63f6d10a254,scene-0635,43
6.5424,12.5379,18.2497,4.8286,7.8981,11.0156,0.0,0.0,0.0,0.0,0.0,0.0,0.0,0.0,0.0,ok,straight,6.5424,12.2524,18.2497,4.8286,7.7554,10.9204,True,"[-0.1305, -0.1305, -0.1305, -0.6527, -0.1958, -0.0, -0.3264, -0.1958]","[-226.2674, -321.458, -323.1356, -305.0923, -855.1374, -875.357, -8137.0363, -16409.2459]","[3.0632, 3.0449, 3.0446, -1000303.0971, -1000853.1422, -1000873.3629, -1008135.0422, -1016407.2507]","[10.92, 10.778, 11.254, 12.354, 11.4, 11.062, 9.922, 8.779]",0.9948,0.0,0.0,0.0,0.0,0.0,0.0,0.0,0.0,0.0,8.7791,8.0,6.5424,12.2524,14.8267,4.8286,7.7554,8.7791,"[[3.115, 0.0], [6.541, -0.131], [9.111, -0.131], [12.252, -0.131], [16.249, -0.261], [18.248, -0.261]]",0.0,0.0,3.4231,0.0,0.0,2.1413,3.0,0.0,ok,12.3537,0.0,0.0,0.0,0.0,0.0,0.0,0.0,0.0,0.0,58470b43cd034f61b9aa7e1b5ce78221,scene-0635,43
5.9715,12.2524,18.2483,4.5432,7.6126,10.4917,0.0,0.0,0.0,0.0,0.0,0.0,0.0,0.0,0.0,ok,straight,5.9715,12.2524,18.2483,4.5432,7.6126,10.4917,False,"[-0.0653, -0.1305, -0.1305, -0.0653, -4.047, -0.1305, -0.1305, -0.0653]","[-221.73, -671.5831, -856.7566, -1857.8304, -3855.7632, -6103.4569, -33901.3317, -1021353.56]","[2.1937, -1000670.1932, -1000853.8552, -1001854.929, -1003854.3733, -1006100.5555, -1033898.4303, -2021352.1701]","[10.492, 11.919, 11.015, 10.872, 10.544, 11.111, 17.106, 19.533]",3.2563,0.0,0.0,0.0,0.0,0.0,0.0,0.0,0.0,0.0,10.4917,8.0,5.9715,12.2524,18.2483,4.5432,7.6126,10.4917,"[[3.115, 0.0], [5.97, -0.131], [9.111, -0.131], [12.252, -0.131], [14.25, -0.131], [18.248, -0.131]]",0.0,0.0,0.0,0.0,0.0,0.0,0.0,1.0,ok,19.5333,0.0,0.0,0.0,0.0,0.0,0.0,0.0,0.0,0.0,4ef7c8c891a84b9eb030f12e1c07830f,scene-0635,43
0.5855,1.471,1.6189,0.5387,0.9804,1.1714,0.0,0.0,0.0,0.0,0.0,0.0,0.0,0.0,0.0,ok,straight,0.5855,1.471,0.1715,0.5387,0.9804,0.8826,True,"[-0.0653, -0.0653, -0.1305, -0.3916, -0.1958, -0.0653, -0.0653, -0.1958]","[-69.1588, -77.5072, -310.4468, -378.8283, -1035.2601, -1512.8918, -2137.587, -3981.0354]","[3.9463, 3.9397, 3.1451, -1000376.5309, -1001032.9254, -1001510.5571, -1002135.2523, -1003978.7007]","[0.883, 1.22, 1.17, 2.0, 0.795, 0.972, 1.332, 1.399]",0.3557,0.0,0.0,0.0,0.0,0.0,0.0,0.0,0.0,0.0,0.795,8.0,0.5855,0.8286,1.5266,0.5387,0.6079,0.795,"[[3.115, 0.0], [6.541, 0.0], [9.111, -0.131], [12.252, -0.131], [15.678, -0.131], [19.961, -0.131]]",0.0,0.6424,-1.355,0.0,0.3725,0.0876,1.0,0.0,ok,2.0003,0.0,0.0,0.0,0.0,0.0,0.0,0.0,0.0,0.0,3ac231a1ef4c481c9c15921cafa87307,scene-0636,43
1.2437,3.2866,7.1447,0.8401,1.6849,3.2071,0.0,0.0,0.0,0.0,0.0,0.0,0.0,0.0,0.0,ok,straight,1.2437,3.2866,6.5738,0.8401,1.7562,3.1595,True,"[-0.1305, -0.1305, -0.3916, -0.5222, -0.4569, -0.3916, -0.5875, -0.718]","[-64.4591, -973.1414, -415.3543, -1219.83, -2065.8914, -12352.6347, -120507.8945, -217052.9148]","[4.1538, 1.9848, 0.6387, -1001219.8969, -1002063.8013, -1012350.5445, -1120505.8043, -1217052.9817]","[3.159, 2.694, 1.954, 2.423, 3.785, 3.742, 5.769, 6.293]",1.4573,0.0,0.0,0.0,0.0,0.0,0.0,0.0,0.0,0.0,1.9537,8.0,1.2437,1.6364,3.8196,0.8401,1.0586,1.9537,"[[2.258, 0.0], [4.542, 0.0], [6.541, -0.131], [8.54, -0.131], [11.11, -0.261], [12.537, -0.261]]",0.0,1.6502,2.7542,0.0,0.6976,1.2058,3.0,0.0,ok,6.2929,0.0,0.0,0.0,0.0,0.0,0.0,0.0,0.0,0.0,a49f9ebfee6044589286b7f8e279ac18,scene-0636,43
2.6585,5.1715,6.5289,1.8328,3.0103,4.0977,0.0,0.0,1.0,0.0,0.0,1.0,0.0,0.0,0.3333333333333333,ok,right,2.6585,4.8394,6.5289,1.8328,3.0695,4.1372,False,"[0.0653, 0.0653, 0.1305, 0.0653, 0.4569, -0.4569, 0.6527, 0.2611]","[-109.5714, -111.3779, -837.6877, -870.6005, -1036.4124, -14875.8087, -17543.21, -33749.4538]","[3.3799, 1.5775, -1000836.5535, -1000869.4663, -1001035.2782, -1014872.8723, -1017540.2736, -1033746.5174]","[4.137, 4.099, 4.401, 3.012, 3.677, 5.303, 4.742, 5.104]",0.7047,0.0,0.0,1.0,0.0,0.0,1.0,0.0,0.0,0.3333333333333333,3.0117,8.0,2.6585,4.6086,3.412,1.8328,3.0118,3.0117,"[[2.258, 0.0], [5.113, -0.131], [7.398, -0.131], [9.682, -0.522], [11.966, -0.131], [13.108, -0.131]]",0.0,0.2308,3.1169,0.0,0.0577,1.1254,3.0,0.0,ok,5.3033,0.0,1.0,0.0,0.0,1.0,1.0,0.0,0.25,0.3333333333333333,60f69450e83440ca822610054f48e17e,scene-0636,43
0.4758,0.1952,0.4109,0.4121,0.2936,0.3668,0.0,0.0,0.0,0.0,0.0,0.0,0.0,0.0,0.0,ok,straight,0.4758,0.1952,1.3038,0.4121,0.2936,0.5156,False,"[-0.0653, -0.0653, -0.0, -0.0, -0.8486, -0.3264, -1.1749, -0.0]","[-14.609, -820.6379, -1054.6285, -2526.3065, -2552.0501, -2837.3073, -387114.159, -881034.592]","[3.1232, 0.9723, -1001054.7608, -1002524.2907, -1002550.0343, -1002837.4397, -1387112.1432, -1881034.7244]","[0.516, 1.178, 1.521, 3.628, 0.998, 1.648, 15.583, 9.598]",5.0688,0.0,0.0,0.0,0.0,0.0,0.0,0.0,0.0,0.0,0.5156,8.0,0.4758,0.1952,1.3038,0.4121,0.2936,0.5156,"[[4.257, 0.0], [8.54, -0.131], [12.537, -0.131], [16.82, -0.131], [20.818, -0.131], [24.53, -0.131]]",0.0,0.0,0.0,0.0,0.0,0.0,0.0,1.0,ok,15.5826,0.0,0.0,0.0,0.0,0.0,0.0,0.0,0.0,0.0,fb6bf332e9484f7380161edeeee03af9,scene-0636,43
3.2666,5.2191,8.8432,2.108,3.5601,5.1577,0.0,0.0,0.0,0.0,0.0,0.0,0.0,0.0,0.0,ok,straight,4.4087,5.7902,3.1357,3.5355,4.4166,4.3019,True,"[-0.0, -0.0653, -0.1305, -0.1305, -0.3264, -0.2611, -0.2611, -0.1305]","[-312.3147, -118.6705, -207.7452, -252.5957, -2889.6303, -6872.9789, -8013.0718, -1070322.1242]","[3.7555, 3.1147, 2.4908, 2.4818, -1002887.8406, -1006871.1981, -1008011.2821, -2070320.3434]","[4.302, 5.396, 5.681, 5.205, 4.651, 4.906, 5.587, 12.007]",2.325,0.0,0.0,0.0,0.0,0.0,0.0,0.0,0.0,0.0,4.3019,8.0,4.4087,5.7902,3.1357,3.5355,4.4166,4.3019,"[[1.402, 0.0], [3.686, 0.0], [7.398, -0.131], [10.539, -0.131], [15.964, 0.0], [21.96, 0.0]]",0.0,0.0,0.0,0.0,0.0,0.0,0.0,1.0,ok,12.007,0.0,0.0,0.0,0.0,0.0,0.0,0.0,0.0,0.0,8b77b8e2cbf144bea91f4c1856b05a7c,scene-0637,43
1.8941,4.2414,5.9669,1.5067,2.5694,3.5827,0.0,0.0,0.0,0.0,0.0,0.0,0.0,0.0,0.0,ok,straight,1.8941,4.2414,7.1131,1.5067,2.498,3.7261,False,"[-0.0653, -0.1305, -0.1305, -0.3916, -0.2611, -0.0, -0.718, -0.1958]","[-68.3632, -67.2179, -478.4705, -1258.7241, -2031.1316, -2201.7991, -2247.6486, -70297.7713]","[3.4163, 3.1112, 2.9395, -1001256.5358, -1002029.097, -1002199.7645, -1002245.4603, -1070295.7368]","[3.726, 3.725, 3.299, 3.134, 2.258, 2.349, 2.672, 8.746]",1.9652,0.0,0.0,0.0,0.0,0.0,0.0,0.0,0.0,0.0,2.2576,8.0,0.1912,4.2414,3.9852,0.2276,1.8585,2.2576,"[[3.115, 0.0], [6.541, 0.0], [9.968, -0.131], [12.823, -0.131], [16.249, -0.131], [18.819, 0.131]]",1.7029,0.0,3.1279,1.279,0.6395,1.4685,6.0,0.0,ok,8.746,0.0,0.0,0.0,0.0,0.0,0.0,0.0,0.0,0.0,e5313f353c1340288bc407c3f52f5226,scene-0637,43
0.5435,1.3129,0.9762,0.3707,0.78,1.2576,0.0,0.0,0.0,0.0,0.0,0.0,0.0,0.0,0.0,ok,straight,0.5435,1.3129,0.9762,0.3707,0.78,1.1148,True,"[-0.1305, -0.0, -0.1305, -0.2611, -0.0653, -0.1305, -0.1305, -0.1958]","[-410.8525, -983.47, -2645.3767, -3876.133, -8062.0028, -8461.7907, -8524.6194, -47444.6279]","[3.019, -1000981.1171, -1002643.0239, -1003873.7801, -1008059.6515, -1008459.4395, -1008522.2681, -1047442.2767]","[1.115, 1.13, 1.06, 1.487, 1.713, 1.946, 1.276, 3.664]",0.8076,0.0,0.0,0.0,0.0,0.0,0.0,0.0,0.0,0.0,1.0598,8.0,0.5435,1.3129,1.546,0.3707,0.78,1.0598,"[[4.257, 0.0], [8.54, 0.0], [12.537, -0.131], [16.82, -0.131], [19.961, -0.131], [25.957, -0.261]]",0.0,0.0,-0.5698,0.0,0.0,0.055,1.0,0.0,ok,3.6645,0.0,0.0,0.0,0.0,0.0,0.0,0.0,0.0,0.0,3cc7d2152d6042708f0935f99552e0d8,scene-0637,43
0.0606,1.8567,5.608,0.1067,1.033,2.1492,0.0,0.0,0.0,0.0,0.0,0.0,0.0,0.0,0.0,ok,straight,0.0606,2.4276,5.608,0.1067,1.0331,2.1492,False,"[-0.0653, -0.1305, -0.0653, -0.1305, -1.1749, -0.0653, -0.6527, -0.1958]","[-138.3278, -89.1747, -1726.8973, -5214.7544, -6366.5706, -9419.4144, -9614.1895, -802021.2599]","[3.3661, 3.1921, -1001724.5795, -1005212.4367, -1006364.253, -1009417.0967, -1009611.8717, -1802018.9421]","[2.149, 2.007, 2.292, 3.465, 2.919, 3.72, 1.785, 10.764]",2.7717,0.0,0.0,0.0,0.0,0.0,0.0,0.0,0.0,0.0,1.7846,8.0,0.0606,3.8552,4.8888,0.1067,1.2475,1.7846,"[[3.686, 0.0], [7.398, 0.0], [11.966, -0.131], [15.678, -0.131], [18.819, -0.131], [23.387, -0.131]]",0.0,-1.4275,0.7192,0.0,-0.2144,0.3646,2.0,0.0,ok,10.7639,0.0,0.0,0.0,0.0,0.0,0.0,0.0,0.0,0.0,cc92df0799e44da89bfb8d8434f954ed,scene-0637,43
1.5912,3.6058,4.5175,1.3346,2.2329,3.0798,0.0,0.0,0.0,0.0,0.0,0.0,0.0,0.0,0.0,ok,straight,1.5912,3.6058,4.5175,1.3346,2.2329,3.0322,True,"[-0.0, -0.0, -0.3264, -0.0653, -0.1958, -0.0653, -8.2899, -0.0]","[-101.9603, -76.2725, -1765.6652, -3605.5116, -14956.378, -29421.6841, -55084.1225, -102864.1541]","[3.6658, 3.6595, -1001763.1768, -1003603.0162, -1014953.8896, -1029419.1887, -1055081.6341, -1102861.6587]","[3.032, 2.891, 3.082, 4.192, 4.75, 4.79, 7.481, 5.364]",1.4407,0.0,0.0,0.0,0.0,0.0,0.0,0.0,0.0,0.0,2.8905,8.0,1.3057,3.6058,4.5175,1.1919,2.0203,2.8905,"[[2.829, 0.0], [5.113, 0.0], [7.683, 0.0], [9.968, 0.0], [12.823, 0.0], [14.25, 0.0]]",0.2855,0.0,0.0,0.1427,0.2126,0.1417,1.0,0.0,ok,7.4808,0.0,0.0,0.0,0.0,0.0,0.0,0.0,0.0,0.0,ccd7c315063047ddb231fceb7ceff64b,scene-0638,43
1.2003,5.1021,10.291,0.7445,2.2181,4.5216,0.0,0.0,0.0,0.0,0.0,0.0,0.0,0.0,0.0,ok,left,1.2003,5.1021,11.2048,0.7445,2.2181,4.545,False,"[-2.7415, -2.7415, -5.1567, -3.4596, -0.6527, 8.2899, 0.7833, 1.0444]","[-668.3519, -990.1553, -1567.7213, -2862.8346, -3423.6118, -19538.7304, -38516.9083, -107997.1559]","[0.5873, 0.3309, -1001567.438, -1002862.3041, -1003423.3284, -1019538.2, -1038516.6249, -1107996.6254]","[4.545, 4.74, 5.676, 4.531, 3.936, 4.43, 5.165, 4.71]",0.4843,0.0,0.0,0.0,0.0,0.0,0.0,0.0,0.0,0.0,3.9358,8.0,1.7472,5.1021,7.1107,1.3289,2.5103,3.9358,"[[1.973, -0.131], [4.257, -0.522], [5.97, -0.914], [8.54, -2.48], [9.111, -3.133], [11.11, -5.483]]",-0.5469,0.0,4.0941,-0.5844,-0.2922,0.6092,3.0,0.0,ok,5.6757,0.0,0.0,0.0,0.0,0.0,0.0,0.0,0.0,0.0,c2883c7af8154962817ba909773d6e05,scene-0638,43
1.9899,2.6089,4.5484,1.5879,2.2653,2.9705,0.0,0.0,0.0,0.0,0.0,0.0,0.0,0.0,0.0,ok,straight,1.9899,2.6089,2.6718,1.5879,2.0519,2.5119,True,"[-0.0, -0.0, -0.3916, -1.3055, -0.6527, -0.3916, -5.94, -0.5222]","[-464.7339, -755.6952, -1079.7604, -1634.492, -6565.4946, -12053.0297, -18942.0209, -438014.8741]","[-1000461.933, -1000753.0317, -1001077.0969, -1001631.6911, -1006562.6938, -1012050.3662, -1018939.22, -1438012.2105]","[2.512, 2.417, 2.081, 2.556, 3.722, 2.373, 5.092, 11.891]",3.0947,0.0,0.0,0.0,0.0,0.0,0.0,0.0,0.0,0.0,2.0808,8.0,1.1346,2.6089,3.0381,1.303,1.9094,2.0808,"[[4.257, 0.0], [8.54, 0.0], [12.537, 0.0], [16.82, 0.131], [22.245, 0.131], [24.53, 0.0]]",0.8553,0.0,-0.3663,0.2849,0.1424,0.4311,3.0,0.0,ok,11.8906,0.0,0.0,0.0,0.0,0.0,0.0,0.0,0.0,0.0,f0a91381bd0a4427ba3bbea2252981d3,scene-0638,43
0.4602,0.426,1.3253,0.2579,0.2755,0.6049,0.0,0.0,0.0,0.0,0.0,0.0,0.0,0.0,0.0,ok,straight,0.4602,0.426,1.3253,0.2579,0.2755,0.6049,False,"[-0.1305, -0.1305, -0.1305, -0.0653, -0.1305, -0.1305, -0.0653, -0.0653]","[-43.4658, -735.082, -802.3909, -900.7526, -1844.7817, -2739.4032, -9708.9632, -10945.6872]","[2.4504, 2.3405, 2.3239, -1000898.3123, -1001842.3414, -1002737.0239, -1009706.5839, -1010943.308]","[0.605, 1.667, 1.524, 1.828, 2.524, 1.205, 1.544, 3.557]",0.8331,0.0,0.0,0.0,0.0,0.0,0.0,0.0,0.0,0.0,0.6049,8.0,0.4602,0.426,1.3253,0.2579,0.2755,0.6049,"[[3.686, 0.0], [6.827, 0.0], [10.539, -0.131], [14.25, -0.131], [17.962, -0.131], [20.818, -0.261]]",0.0,0.0,0.0,0.0,0.0,0.0,0.0,1.0,ok,3.557,0.0,0.0,0.0,0.0,0.0,0.0,0.0,0.0,0.0,457185e7311943ec97c79aea2a45df79,scene-0638,43
5.399,11.1096,16.2497,4.2569,7.0408,9.5394,0.0,0.0,0.0,0.0,0.0,0.0,0.0,0.0,0.0,ok,straight,5.399,11.1096,15.9642,4.2569,7.0408,9.4918,True,"[-0.0653, -0.0653, -0.1958, -0.0, -0.3264, -0.0653, -0.0, -0.0]","[-180.1999, -1036.8034, -521.9159, -1352.7049, -2748.4119, -3583.83, -9688.9655, -39657.9913]","[4.1759, 0.6913, -0.4771, -1001349.327, -1002748.4504, -1003583.8686, -1009685.5877, -1039654.6135]","[9.492, 9.064, 9.921, 7.255, 9.828, 8.065, 10.301, 11.474]",1.2281,0.0,0.0,0.0,0.0,0.0,0.0,0.0,0.0,0.0,7.2555,8.0,5.399,11.1096,4.5424,4.2569,7.0408,7.2555,"[[3.115, 0.0], [5.399, 0.0], [8.54, 0.0], [11.11, 0.0], [12.823, -0.131], [15.964, -0.131]]",0.0,0.0,11.4217,0.0,0.0,2.2363,3.0,0.0,ok,11.4741,0.0,0.0,0.0,0.0,0.0,0.0,0.0,0.0,0.0,4cecbedd7c9c406ba5a0b22a3fa2e49c,scene-0770,43
5.399,11.1104,16.2497,4.2569,7.041,9.5871,0.0,0.0,0.0,0.0,0.0,0.0,0.0,0.0,0.0,ok,straight,5.399,11.1104,16.2497,4.2569,7.041,9.5871,False,"[-0.0653, -0.0653, -0.0653, -0.3264, -0.1958, -0.0653, -0.1305, -0.0653]","[-137.7634, -1258.0364, -1372.5547, -3366.3558, -5241.2797, -6162.264, -7691.9112, -16717.7171]","[3.9701, -1001255.7219, -1001370.2501, -1003364.0413, -1005238.9752, -1006159.9594, -1007689.5967, -1016715.4026]","[9.587, 9.682, 10.158, 11.635, 10.064, 10.11, 10.587, 11.348]",0.6972,0.0,0.0,0.0,0.0,0.0,0.0,0.0,0.0,0.0,9.5871,8.0,5.399,11.1104,16.2497,4.2569,7.041,9.5871,"[[3.115, 0.0], [5.399, 0.0], [8.54, 0.0], [11.11, -0.131], [13.108, -0.131], [16.249, -0.131]]",0.0,0.0,0.0,0.0,0.0,0.0,0.0,1.0,ok,11.6346,0.0,0.0,0.0,0.0,0.0,0.0,0.0,0.0,0.0,7aefa57cb973455985b3912a969692ec,scene-0770,43
5.9701,12.2524,15.9642,4.5424,7.4693,10.0154,0.0,0.0,0.0,0.0,0.0,0.0,0.0,0.0,0.0,ok,straight,5.9701,11.1096,15.9642,4.5424,7.1836,9.8249,True,"[-0.0653, -0.0653, -0.1305, -0.1305, -0.0, -0.0, -0.1958, -0.1958]","[-81.1145, -285.1944, -237.4683, -274.0841, -2084.4163, -7475.8877, -1047758.9896, -1050833.119]","[3.7495, 3.7308, 2.8547, 2.8364, -1002081.695, -1007473.1847, -2047756.2683, -2050830.416]","[9.825, 9.873, 10.396, 9.397, 9.255, 10.466, 19.343, 19.343]",4.1214,0.0,0.0,0.0,0.0,0.0,0.0,0.0,0.0,0.0,9.2549,8.0,5.9701,11.1096,15.9636,4.5424,7.1836,9.2549,"[[3.115, 0.0], [5.97, 0.0], [8.54, 0.0], [11.11, 0.0], [14.25, -0.131], [15.964, -0.131]]",0.0,0.0,0.0005,0.0,0.0,0.5701,2.0,0.0,ok,19.3432,0.0,0.0,0.0,0.0,0.0,0.0,0.0,0.0,0.0,41e55a08b2dd4bb0836017b43cd181b3,scene-0770,43
5.399,11.1104,16.2497,4.2569,7.041,9.5871,0.0,0.0,0.0,0.0,0.0,0.0,0.0,0.0,0.0,ok,straight,4.2569,11.1096,16.2497,3.2576,6.4708,9.207,True,"[-0.0653, -0.3916, -0.3916, -0.0653, -0.0653, -0.3916, -0.2611, -0.0653]","[-378.679, -376.5006, -981.1656, -3553.1672, -5713.6574, -5863.8993, -7000.0497, -13980.6539]","[5.1873, 3.0436, -1000977.961, -1003549.9672, -1005710.4527, -1005860.6994, -1006996.8497, -1013977.4539]","[9.207, 9.923, 9.353, 10.491, 8.588, 11.208, 10.692, 10.681]",0.8432,0.0,0.0,0.0,0.0,0.0,0.0,0.0,0.0,0.0,8.5884,8.0,4.2569,11.1096,9.9684,3.2576,6.4708,8.5884,"[[2.258, 0.0], [4.257, 0.0], [8.254, -0.261], [11.11, 0.0], [13.108, -0.131], [16.249, -0.131]]",0.0,0.0,6.2813,0.0,0.0,0.6186,1.0,0.0,ok,11.2083,0.0,0.0,0.0,0.0,0.0,0.0,0.0,0.0,0.0,18616ac104ee4f92b6127dc67bb85f0b,scene-0770,43
6.2556,12.2517,17.3918,4.6852,7.5405,10.3008,0.0,0.0,0.0,0.0,0.0,0.0,0.0,0.0,0.0,ok,straight,6.2556,10.253,17.3918,4.6852,6.9694,9.9201,True,"[-0.0653, -0.3264, -0.3916, -0.0653, -0.0653, -0.2611, -0.1305, -0.1958]","[-276.0769, -228.1841, -231.8923, -1756.3258, -6945.465, -11713.9135, -35205.0086, -69136.9688]","[3.9974, 1.8171, 1.2713, -1001754.0209, -1006943.16, -1011711.6086, -1035202.7037, -1069134.6639]","[9.92, 10.54, 9.877, 9.635, 10.738, 8.256, 11.396, 11.2]",0.9433,0.0,0.0,0.0,0.0,0.0,0.0,0.0,0.0,0.0,8.2558,8.0,6.2556,8.8254,17.3991,4.6852,6.5414,8.2558,"[[3.115, 0.0], [6.256, 0.0], [8.254, 0.0], [10.253, 0.0], [14.25, -0.131], [17.391, -0.131]]",0.0,1.4276,-0.0073,0.0,0.428,1.6643,3.0,0.0,ok,11.3959,0.0,0.0,0.0,0.0,0.0,0.0,0.0,0.0,0.0,5a3a15f4ebdb4e6b83eb58628dc8e83f,scene-0771,43
5.9701,11.1096,16.2492,4.5424,7.1836,9.8723,0.0,0.0,0.0,0.0,0.0,0.0,0.0,0.0,0.0,ok,straight,5.9701,12.2517,16.8202,4.5424,7.4691,10.1579,False,"[-0.0, -0.0, -0.2611, -0.0653, -0.1305, -0.0, -0.0, -0.0653]","[-268.5, -359.5308, -204.109, -1381.2751, -3906.1713, -6912.8746, -9609.1673, -1040069.0831]","[4.2618, 3.4973, 1.2383, -1001378.1558, -1003903.8163, -1006910.5195, -1009606.048, -2040066.7281]","[10.158, 10.348, 11.016, 8.499, 10.253, 7.218, 9.161, 19.295]",3.4263,0.0,0.0,0.0,0.0,0.0,0.0,0.0,0.0,0.0,7.2179,8.0,6.2556,12.2517,0.026,5.1135,7.7547,7.2179,"[[3.115, 0.0], [5.97, 0.0], [8.54, 0.0], [12.252, 0.0], [14.25, 0.0], [16.82, 0.0]]",-0.2855,0.0,16.7942,-0.5711,-0.2855,2.9399,3.0,0.0,ok,19.295,0.0,0.0,0.0,0.0,0.0,0.0,0.0,0.0,0.0,fb26afe9632c4e4ca9ce4d7e3254dadc,scene-0771,43
5.9701,11.1104,15.9658,4.5424,7.1838,9.8253,0.0,0.0,0.0,0.0,0.0,0.0,0.0,0.0,0.0,ok,straight,5.9701,11.1104,11.9662,4.5424,7.1838,8.6832,True,"[-0.0, -0.0653, -0.0653, -0.0653, -0.1958, -0.0653, -0.1305, -0.3916]","[-279.3937, -146.3148, -193.9347, -157.7677, -2721.9905, -11851.4254, -28795.1159, -1067322.5501]","[4.4931, 3.9264, 3.9262, 3.7825, -1002719.0995, -1011848.5344, -1028792.2249, -2067319.5153]","[8.683, 9.73, 10.253, 9.777, 9.493, 9.304, 9.54, 19.108]",3.1916,0.0,0.0,0.0,0.0,0.0,0.0,0.0,0.0,0.0,8.6832,8.0,5.9701,11.1104,11.9662,4.5424,7.1838,8.6832,"[[3.115, 0.0], [5.97, 0.0], [8.54, 0.0], [11.11, -0.131], [11.395, 0.261], [11.966, 0.0]]",0.0,0.0,0.0,0.0,0.0,0.0,0.0,1.0,ok,19.1077,0.0,0.0,0.0,0.0,0.0,0.0,0.0,0.0,0.0,0fe5ba3f01ad436f9a5403efabdb1a1d,scene-0771,43
5.1135,10.5386,15.3931,3.9714,6.5411,9.1111,0.0,0.0,0.0,0.0,0.0,0.0,0.0,0.0,0.0,ok,straight,5.1135,10.5386,16.2497,3.9714,6.5411,9.2539,False,"[-0.0653, -0.1305, -0.0653, -0.1305, -0.2611, -0.0, -0.1305, -0.0653]","[-32.3798, -34.116, -69.3852, -50.0171, -515.854, -1721.8592, -4761.6785, -6603.9457]","[4.5517, 3.6509, 2.4455, 1.5535, -0.4414, -1001718.5772, -1004758.3964, -1006602.7544]","[9.254, 9.159, 9.256, 9.541, 8.973, 8.54, 8.302, 6.318]",0.9655,0.0,0.0,0.0,0.0,0.0,0.0,0.0,0.0,0.0,6.3182,8.0,5.1135,10.5394,0.3378,3.9714,6.5438,6.3182,"[[2.829, 0.0], [5.113, 0.0], [7.683, 0.0], [10.539, 0.0], [13.108, -0.131], [16.249, -0.131]]",0.0,-0.0008,15.9119,0.0,-0.0027,2.9357,5.0,0.0,ok,9.5413,0.0,0.0,0.0,0.0,0.0,0.0,0.0,0.0,0.0,e019f3b906734b6db807756748a4da2d,scene-0771,43
5.399,11.1096,14.8215,4.1141,6.9694,9.2537,0.0,0.0,0.0,0.0,0.0,0.0,0.0,0.0,0.0,ok,straight,5.9701,11.1096,16.2492,4.6852,7.255,9.682,False,"[-0.0, -0.0, -0.2611, -0.5875, -0.5222, -0.3264, -3.1985, -0.1958]","[-149.2488, -159.7796, -19.7844, -734.029, -909.3327, -1288.3512, -1822.1575, -7452.9672]","[3.6424, 3.6397, 3.4346, 2.7958, -1000906.9506, -1001285.9672, -1001819.7734, -1007450.585]","[9.682, 9.492, 10.064, 10.169, 10.591, 10.732, 9.434, 10.209]",0.4505,0.0,0.0,0.0,0.0,0.0,0.0,0.0,0.0,0.0,9.4344,8.0,5.399,11.1096,15.6204,4.1141,6.9694,9.4344,"[[3.4, 0.0], [5.97, 0.0], [8.54, 0.0], [11.11, 0.0], [12.823, 0.0], [16.249, 0.0]]",0.5711,0.0,0.6288,0.5711,0.2855,0.2476,2.0,0.0,ok,10.7321,0.0,0.0,0.0,0.0,0.0,0.0,0.0,0.0,0.0,e836d06299ce46b884b9187ac6017579,scene-0775,43
4.5424,9.3974,12.54,3.4003,5.7562,7.6364,0.0,0.0,0.0,0.0,0.0,0.0,0.0,0.0,0.0,ok,straight,4.5424,9.1119,18.2483,3.4003,5.6134,9.0637,False,"[-0.0653, -0.1305, -0.1305, -0.1305, -0.2611, -0.0, -0.1305, -8.2899]","[-144.0258, -198.6889, -148.6336, -355.2042, -728.4384, -1942.0902, -6397.0355, -1222941.698]","[5.4626, 5.4383, 5.3218, 5.3213, -1000723.872, -1001937.4073, -1006392.4692, -2222937.0151]","[9.064, 7.541, 7.114, 7.875, 6.26, 7.731, 7.162, 18.574]",3.7258,0.0,0.0,0.0,0.0,0.0,0.0,0.0,0.0,0.0,6.2601,8.0,4.5424,7.4023,7.9859,3.4003,4.9723,6.2601,"[[2.258, 0.0], [4.542, 0.0], [6.541, 0.0], [9.111, -0.131], [13.679, -0.131], [18.248, -0.131]]",0.0,1.7095,10.2624,0.0,0.6412,2.8036,6.0,0.0,ok,18.5737,0.0,0.0,0.0,0.0,0.0,0.0,0.0,0.0,0.0,6a1f2ebe1ef8437c87a5a742362b09b4,scene-0775,43
5.399,10.5394,14.2528,4.2569,6.6844,8.8738,0.0,0.0,0.0,0.0,0.0,0.0,0.0,0.0,0.0,ok,straight,5.1135,10.8241,14.2528,4.2569,7.1838,9.2068,False,"[-0.1305, -0.1305, -0.3264, -0.1305, -0.6527, -0.5222, -8.2899, -0.8486]","[-1103.9525, -1985.2255, -2442.6669, -3286.6671, -6476.7674, -7240.6649, -18402.8578, -104741.4252]","[3.804, -1001982.4127, -1002439.8553, -1003283.8543, -1006473.9546, -1007237.8521, -1018400.0462, -1104738.6135]","[9.207, 9.066, 8.638, 9.683, 9.454, 9.315, 10.688, 11.788]",0.956,0.0,0.0,0.0,0.0,0.0,0.0,0.0,0.0,0.0,8.6378,8.0,5.1135,10.8241,13.4098,4.2569,7.1838,8.6378,"[[3.4, 0.0], [5.113, 0.0], [9.396, 0.131], [10.824, 0.0], [12.252, -0.131], [14.25, -0.261]]",0.0,0.0,0.8431,0.0,0.0,0.5689,2.0,0.0,ok,11.7881,0.0,0.0,0.0,0.0,0.0,0.0,0.0,0.0,0.0,bb8b6850aeb6411c89b496b9e45fbb6b,scene-0775,43
5.9701,11.1096,16.2513,4.5424,7.1836,9.6824,0.0,0.0,0.0,0.0,0.0,0.0,0.0,0.0,0.0,ok,straight,5.9701,12.8235,15.9636,4.5424,7.8262,10.158,False,"[-0.0, -0.1305, -0.5222, -0.1305, -0.1305, -0.3916, -0.1958, -0.1958]","[-470.4627, -70.4135, -905.6736, -1027.2674, -1356.9702, -5051.8076, -7644.7435, -10248.3916]","[4.1489, 3.4226, -1000903.6868, -1001025.2816, -1001354.9835, -1005049.8218, -1007642.7577, -1010246.4049]","[10.158, 9.682, 9.356, 10.111, 10.92, 9.925, 10.017, 11.777]",0.7148,0.0,0.0,0.0,0.0,0.0,0.0,0.0,0.0,0.0,9.3563,8.0,5.9701,11.1104,13.1499,4.5424,7.1838,9.3563,"[[3.115, 0.0], [5.97, 0.0], [9.396, 0.0], [12.823, -0.131], [13.679, 0.0], [15.964, 0.0]]",0.0,1.7131,2.8138,0.0,0.6424,0.8017,5.0,0.0,ok,11.7767,0.0,0.0,0.0,0.0,0.0,0.0,0.0,0.0,0.0,798e338f792149f1b9fb2edebcc1018d,scene-0775,43
6.5412,12.2524,17.3918,4.828,7.6121,10.5389,0.0,0.0,0.0,0.0,0.0,0.0,0.0,0.0,0.0,ok,straight,6.5412,12.8228,17.3918,4.828,7.8974,10.8719,False,"[-0.0653, -0.2611, -0.0653, -0.0653, -0.2611, -0.8486, -2.0235, -0.0653]","[-242.0789, -182.3241, -318.989, -731.5785, -2282.1868, -4662.5634, -5838.8707, -11676.692]","[4.6009, 4.3118, 2.3648, -1000730.5979, -1002281.2062, -1004659.367, -1005835.6744, -1011675.7113]","[10.872, 10.778, 10.968, 9.972, 10.018, 9.557, 9.722, 10.73]",0.5309,0.0,0.0,0.0,0.0,0.0,0.0,0.0,0.0,0.0,9.5565,8.0,6.5412,12.8228,14.9184,4.828,7.8974,9.5565,"[[3.115, 0.0], [6.541, 0.0], [9.111, 0.0], [12.823, 0.0], [16.249, -0.131], [17.391, -0.131]]",0.0,0.0,2.4734,0.0,0.0,1.3153,6.0,0.0,ok,10.9677,0.0,0.0,0.0,0.0,0.0,0.0,0.0,0.0,0.0,bb10039077c74099b51fb67300391659,scene-0777,43
6.2556,12.2517,17.3913,4.6852,7.5405,10.3006,0.0,0.0,0.0,0.0,0.0,0.0,0.0,0.0,0.0,ok,straight,6.2556,12.2517,17.9623,4.6852,7.5405,10.5862,False,"[-0.0, -0.0, -0.1305, -0.3264, -0.0653, -0.0653, -0.1305, -0.5222]","[-171.8354, -143.9448, -272.4434, -3063.0379, -3648.5543, -9649.4147, -41849.0427, -1073201.2382]","[3.9596, 3.944, 3.1886, -1003060.4102, -1003645.911, -1009646.7714, -1041846.415, -2073198.6106]","[10.586, 10.491, 10.063, 10.969, 10.496, 11.728, 12.252, 18.683]",2.6478,0.0,0.0,0.0,0.0,0.0,0.0,0.0,0.0,0.0,10.0634,8.0,6.2556,12.2517,15.6803,4.6852,7.5405,10.0634,"[[3.115, 0.0], [6.256, 0.0], [8.54, 0.0], [12.252, 0.0], [15.393, 0.0], [17.962, 0.0]]",0.0,0.0,2.2821,0.0,0.0,0.5227,3.0,0.0,ok,18.6833,0.0,0.0,0.0,0.0,0.0,0.0,0.0,0.0,0.0,426eacbdc6f6476e8905a2ee27b0319e,scene-0777,43
6.5412,12.8228,19.9615,4.9707,8.0402,11.3953,0.0,0.0,0.0,0.0,0.0,0.0,0.0,0.0,0.0,ok,straight,6.5412,12.8228,19.9615,4.9707,8.0402,11.3953,False,"[-0.0653, -0.0653, -0.3916, -0.3916, -0.2611, -0.0653, -0.1958, -1.6971]","[-21.6448, -337.8161, -402.5947, -448.2888, -1208.7905, -12593.3537, -35728.0024, -972455.0438]","[3.6707, 3.6167, 2.9763, -1000445.6587, -1001206.2133, -1012590.7236, -1035725.3723, -1972452.4667]","[11.395, 11.205, 11.35, 11.921, 11.636, 11.586, 9.968, 20.105]",2.9642,0.0,0.0,0.0,0.0,0.0,0.0,0.0,0.0,0.0,9.9683,8.0,6.5412,12.8228,21.3923,4.9707,8.0402,9.9683,"[[3.4, 0.0], [6.541, 0.0], [9.396, 0.0], [12.823, 0.0], [16.249, -0.131], [19.961, -0.131]]",0.0,0.0,-1.4308,0.0,0.0,1.427,3.0,0.0,ok,20.1047,0.0,0.0,0.0,0.0,0.0,0.0,0.0,0.0,0.0,6cd5721d228e4414987d355d12718b02,scene-0777,43
5.399,11.1096,17.3913,4.2569,7.0408,9.9675,0.0,0.0,0.0,0.0,0.0,0.0,0.0,0.0,0.0,ok,straight,5.399,11.1096,16.2497,4.2569,7.0408,9.7772,True,"[-0.0653, -0.0653, -0.1305, -0.9791, -0.6527, -0.1305, -8.2899, -0.1958]","[-157.1836, -544.915, -319.9848, -239.2558, -2015.6262, -9067.898, -21837.4221, -969220.0396]","[3.3456, 3.3384, 3.3145, 3.0011, -1002013.1435, -1009065.4213, -1021834.9394, -1969217.5629]","[9.777, 10.301, 10.825, 9.702, 7.982, 8.922, 12.038, 20.057]",3.534,0.0,0.0,0.0,0.0,0.0,0.0,0.0,0.0,0.0,7.9824,8.0,5.399,11.1096,10.6191,4.2569,7.0408,7.9824,"[[3.115, 0.0], [5.399, 0.0], [8.54, 0.0], [11.11, 0.0], [14.25, 0.0], [16.249, -0.131]]",0.0,0.0,5.6306,0.0,0.0,1.7949,3.0,0.0,ok,20.0571,0.0,0.0,0.0,0.0,0.0,0.0,0.0,0.0,0.0,9a2f17caf46e4ec592157a8ea3289be8,scene-0777,43
6.8267,14.2505,19.3438,5.2563,8.8254,11.8158,0.0,0.0,0.0,0.0,0.0,0.0,0.0,0.0,0.0,ok,straight,6.8267,14.2505,21.628,5.2563,8.8254,12.3869,False,"[-0.0653, -0.0653, -0.0653, -0.1305, -0.1305, -0.3264, -0.1305, -0.0653]","[-86.1653, -178.4512, -198.7477, -52.3607, -112.676, -5234.9088, -24376.3292, -94930.4632]","[3.7827, 3.7798, 3.7791, 2.9956, 2.9936, -1005232.3182, -1024373.7386, -1094927.8725]","[12.387, 11.673, 11.768, 11.816, 11.768, 13.293, 12.941, 14.281]",0.8825,0.0,0.0,0.0,0.0,0.0,0.0,0.0,0.0,0.0,11.673,8.0,6.8267,14.2505,19.0583,4.9707,8.6826,11.673,"[[3.686, 0.0], [6.827, 0.0], [10.539, 0.0], [14.25, 0.0], [17.391, -0.131], [21.674, -0.131]]",0.0,0.0,2.5697,0.2855,0.1428,0.7139,4.0,0.0,ok,14.2812,0.0,0.0,0.0,0.0,0.0,0.0,0.0,0.0,0.0,485c78dbfed04fd5a6aad2a88b116fe9,scene-0778,43
2.6412,7.3334,13.6185,1.8795,3.9892,6.6933,0.0,0.0,0.0,0.0,0.0,0.0,0.0,0.0,0.0,ok,left,2.6412,7.3334,13.6185,1.8795,4.0068,6.705,False,"[-3.329, -3.9818, -1.893, -3.0026, -3.329, 8.2899, -2.0235, -2.8068]","[-81.2114, -1199.6524, -57851.1925, -140155.3242, -8407.9513, -37435.7593, -114266.9233, -121254.7082]","[1.8117, -1001198.4675, -1057850.0075, -1140154.1392, -2011479.905, -2040507.713, -2117338.877, -2124326.6619]","[6.705, 6.621, 7.909, 7.546, 6.328, 6.239, 7.863, 7.67]",0.6599,0.0,0.0,0.0,0.0,0.0,0.0,0.0,0.0,0.0,6.2388,8.0,2.6412,4.1575,14.1849,1.8795,3.441,6.2388,"[[1.973, -0.131], [4.257, -0.522], [6.827, -1.567], [9.111, -2.48], [11.11, -4.569], [13.108, -6.658]]",0.0,3.1759,-0.5664,0.0,0.5658,0.4663,3.0,0.0,ok,7.9094,0.0,0.0,0.0,0.0,0.0,0.0,0.0,0.0,0.0,29fca2b4244b4379828cd66a473c6d7e,scene-0778,43
2.1326,6.1325,9.3894,1.5013,3.3127,5.0943,0.0,0.0,0.0,0.0,0.0,0.0,0.0,0.0,0.0,ok,straight,2.1192,6.1325,9.8088,1.7831,3.3072,5.0527,True,"[-3.5248, -3.5248, -0.9138, -0.0653, -2.4152, -8.2899, -0.3916, -8.2899]","[-604.6916, -626.5076, -724.0039, -8533.5695, -29093.9603, -33042.8442, -34938.9413, -66165.555]","[3.6371, 3.3803, -1000721.5545, -1008530.8643, -1029091.5108, -1033040.139, -1034936.4918, -1066162.8498]","[5.053, 4.959, 4.557, 4.798, 7.129, 7.126, 5.663, 8.035]",1.2373,0.0,0.0,0.0,0.0,0.0,0.0,0.0,0.0,0.0,4.5567,8.0,2.1326,6.1325,7.3886,1.5013,3.1663,4.5567,"[[1.687, -0.131], [2.544, 0.131], [3.971, -0.783], [5.97, -3.133], [7.398, -3.916], [8.254, -7.05]]",-0.0134,0.0,2.4202,0.2818,0.1409,0.496,3.0,0.0,ok,8.0348,0.0,0.0,0.0,0.0,0.0,0.0,0.0,0.0,0.0,e5f4ba14f72d47769f75422a30667e2a,scene-0778,43
1.262,1.7637,2.3359,0.9962,1.3706,1.7313,0.0,0.0,0.0,0.0,0.0,0.0,0.0,0.0,0.0,ok,straight,1.262,1.7774,2.3359,0.9962,1.374,1.7336,False,"[-0.3264, -0.0653, -0.5222, -0.3264, -0.9791, -0.3916, -0.1305, -0.9791]","[-62.9219, -1177.8509, -1720.4264, -2575.1754, -5155.5742, -54469.7778, -63502.3251, -1009542.9098]","[2.0864, -1001175.2117, -1001719.1989, -1002572.5363, -1005152.935, -1054467.1386, -1063501.0976, -2009541.6823]","[1.734, 1.812, 2.445, 1.496, 3.131, 3.372, 4.534, 11.704]",3.1425,0.0,0.0,0.0,0.0,0.0,0.0,0.0,0.0,0.0,1.4959,8.0,1.262,0.2394,2.3359,0.9962,1.0174,1.4959,"[[3.115, 0.0], [5.97, -0.131], [8.54, -0.131], [11.11, -0.261], [14.25, -0.522], [16.249, -0.653]]",0.0,1.538,0.0,0.0,0.3566,0.2377,1.0,0.0,ok,11.7038,0.0,0.0,0.0,0.0,0.0,0.0,0.0,0.0,0.0,7c5053e3642d4adaa86fd0ef1ca49ece,scene-0778,43
1.3416,2.5241,3.1441,1.0135,1.6962,2.1188,0.0,0.0,0.0,0.0,0.0,0.0,0.0,0.0,0.0,ok,straight,1.3416,2.8096,3.1441,1.0135,1.7676,2.214,False,"[-0.0, -0.0, -0.0653, -0.0, -0.0, -0.0, -3.7859, -0.1305]","[-11.2296, -1019.2011, -1781.1881, -1962.2373, -3040.198, -3068.5988, -17397.1134, -49797.7213]","[3.1, -1001017.1107, -1001779.0977, -1001960.1486, -1003038.1093, -1003066.5084, -1017395.0247, -1049795.6326]","[2.214, 2.547, 2.357, 2.5, 2.834, 2.696, 3.14, 8.211]",1.8708,0.0,0.0,0.0,0.0,0.0,0.0,0.0,0.0,0.0,2.214,8.0,1.3416,2.8096,3.1441,1.0135,1.7676,2.214,"[[1.116, 0.0], [1.973, 0.0], [3.115, 0.0], [3.971, 0.0], [4.542, 0.0], [4.828, 0.0]]",0.0,0.0,0.0,0.0,0.0,0.0,0.0,1.0,ok,8.2111,0.0,1.0,1.0,0.0,1.0,1.0,0.0,0.25,0.5,7949609177914534a89a8c7985ae4db7,scene-0780,43
1.1164,1.6875,2.2585,0.6881,1.045,1.3543,0.0,0.0,0.0,0.0,0.0,0.0,0.0,0.0,0.0,ok,straight,0.5453,1.6875,2.2585,0.2856,0.8438,1.2202,True,"[-0.0, -0.0, -0.0, -0.0, -0.0653, -0.0, -0.0, -8.2899]","[-35.0211, -73.401, -127.874, -153.4073, -58.9048, -747.2073, -1316.6854, -14022.8624]","[2.5501, 2.5416, 2.5181, 2.5124, 2.5094, -1000745.4862, -1001314.9644, -1014021.1529]","[1.22, 1.696, 1.545, 1.592, 1.879, 1.315, 1.792, 3.937]",0.8078,0.0,0.0,0.0,0.0,0.0,0.0,0.0,0.0,0.0,1.2202,8.0,0.5453,1.6875,2.2585,0.2856,0.8438,1.2202,"[[-0.026, 0.0], [0.545, 0.0], [1.116, 0.0], [1.687, 0.0], [1.687, 0.0], [2.258, 0.0]]",0.0,0.0,0.0,0.0,0.0,0.0,0.0,1.0,ok,3.9367,0.0,1.0,1.0,0.0,1.0,1.0,0.0,0.5,0.6666666666666666,d50a519eecae4c59b5440f50c424edb0,scene-0780,43
1.1161,2.2582,2.5437,0.6878,1.3302,1.6871,0.0,0.0,0.0,0.0,0.0,0.0,0.0,0.0,0.0,ok,straight,1.1161,2.2582,2.8293,0.6878,1.3302,1.7829,False,"[-0.0, -0.0, -0.0, -0.0, -0.0, -0.1305, -0.0, -1.1749]","[-21.275, -33.4328, -138.2405, -291.2024, -1338.8306, -1692.2086, -4086.072, -4095.9304]","[3.5974, 3.59, 3.4858, 3.3916, -1001336.5835, -1001689.9218, -1004083.7852, -1004093.6834]","[1.783, 1.687, 1.402, 1.211, 2.306, 2.735, 2.496, 2.775]",0.5686,0.0,0.0,0.0,0.0,0.0,0.0,0.0,0.0,0.0,1.2113,8.0,1.1161,1.4016,2.5437,0.6878,0.9019,1.2113,"[[0.259, 0.0], [1.116, 0.0], [1.687, 0.0], [2.258, 0.0], [2.544, -0.131], [2.829, 0.0]]",0.0,0.8566,0.2855,0.0,0.4283,0.5716,3.0,0.0,ok,2.775,0.0,1.0,1.0,0.0,1.0,1.0,0.0,0.5,0.6666666666666666,8f6fc5405819408986cc0822197bfbd9,scene-0780,43
1.1161,2.5437,2.2582,0.6878,1.4016,1.6871,0.0,0.0,0.0,0.0,0.0,0.0,0.0,0.0,0.0,ok,straight,1.1161,2.2582,1.6871,0.6878,1.3302,1.592,True,"[-0.0, -0.0, -0.0, -0.0, -0.0, -0.0, -0.0, -8.2899]","[-32.6501, -33.4328, -36.2796, -238.1136, -308.0314, -1313.9996, -32928.7014, -257309.5399]","[2.9706, 2.9706, 2.9702, 2.9678, 2.967, -1001311.8407, -1032926.5429, -1257307.381]","[1.592, 1.687, 1.544, 1.164, 1.449, 1.782, 5.542, 13.29]",3.9271,0.0,0.0,0.0,0.0,0.0,0.0,0.0,0.0,0.0,1.1637,8.0,1.1161,1.6871,0.2595,0.6878,1.1161,1.1637,"[[0.259, 0.0], [1.116, 0.0], [1.687, 0.0], [2.258, 0.0], [2.544, 0.0], [1.687, 0.0]]",0.0,0.5711,1.4276,0.0,0.2141,0.4283,3.0,0.0,ok,13.29,0.0,1.0,1.0,0.0,1.0,1.0,0.0,0.5,0.6666666666666666,284234f5451d495fa01bd24bd04993dc,scene-0780,43
1.1161,1.9727,2.5437,0.6878,1.2588,1.6871,0.0,0.0,0.0,0.0,0.0,0.0,0.0,0.0,0.0,ok,straight,1.1161,2.2582,2.5437,0.6878,1.3302,1.7347,False,"[-0.0, -0.0, -0.0, -0.0, -0.2611, -0.3264, -0.0653, -5.8747]","[-16.9969, -29.2586, -40.3292, -296.0217, -4418.1719, -8188.7923, -9235.3886, -20644.8662]","[2.6204, 2.6186, 2.6166, 2.579, -1004416.7648, -1008187.3852, -1009233.9812, -1020643.4588]","[1.735, 1.782, 2.02, 1.877, 3.069, 3.308, 3.876, 3.972]",0.8958,0.0,0.0,0.0,0.0,0.0,0.0,0.0,0.0,0.0,1.7347,8.0,1.1161,2.2582,2.5437,0.6878,1.3302,1.7347,"[[0.259, 0.0], [1.116, 0.0], [1.687, 0.0], [2.258, 0.0], [2.544, 0.0], [2.544, 0.0]]",0.0,0.0,0.0,0.0,0.0,0.0,0.0,1.0,ok,3.9718,0.0,1.0,1.0,0.0,1.0,1.0,0.0,0.5,0.6666666666666666,87c3788da01f4f63953f35383d0f5095,scene-0781,43
1.6871,2.5437,3.4003,1.2588,1.8299,2.2582,0.0,0.0,0.0,0.0,0.0,0.0,0.0,0.0,0.0,ok,straight,1.6871,2.5437,3.4003,1.2588,1.8299,2.2582,False,"[-0.0, -0.0, -0.0, -0.0653, -0.0, -0.1305, -0.0653, -0.0]","[-4.9469, -82.5124, -149.9895, -10.3085, -1309.9223, -1443.8823, -57373.1249, -60370.738]","[3.4396, 3.4366, 3.4363, 2.0276, -1001307.7839, -1001441.7439, -1057370.9889, -1060368.602]","[2.258, 2.353, 2.449, 2.544, 2.592, 2.64, 3.926, 7.874]",1.786,0.0,0.0,0.0,0.0,0.0,0.0,0.0,0.0,0.0,2.2582,8.0,1.6871,2.5437,3.4003,1.2588,1.8299,2.2582,"[[0.831, 0.0], [1.687, 0.0], [2.258, 0.0], [2.544, 0.0], [2.829, 0.0], [3.4, 0.0]]",0.0,0.0,0.0,0.0,0.0,0.0,0.0,1.0,ok,7.8736,0.0,1.0,1.0,0.0,1.0,1.0,0.0,0.5,0.6666666666666666,07cc7c2f5d22463398a2cda8670d08e9,scene-0781,43
1.1161,1.6871,2.5437,0.6878,1.1875,1.4968,0.0,0.0,0.0,0.0,0.0,0.0,0.0,0.0,0.0,ok,straight,1.4016,1.6871,2.5437,1.2588,1.473,1.6871,False,"[-0.0, -0.0, -0.0, -0.0, -0.0653, -0.0653, -0.0, -0.0]","[-30.2022, -35.5199, -68.3917, -208.9624, -51.8158, -1368.4323, -1662.792, -186899.4044]","[3.0205, 3.0203, 3.0197, 3.0176, 0.7106, -1001366.3747, -1001660.7343, -1186897.3466]","[1.687, 1.497, 1.259, 1.449, 1.355, 1.687, 1.64, 5.827]",1.4351,0.0,0.0,0.0,0.0,0.0,0.0,0.0,0.0,0.0,1.2588,8.0,1.1161,1.6871,1.6871,0.6878,1.1875,1.2588,"[[1.116, 0.0], [1.402, 0.0], [1.687, 0.0], [1.687, 0.0], [1.687, 0.0], [2.544, 0.0]]",0.2855,0.0,0.8566,0.5711,0.2855,0.4283,5.0,0.0,ok,5.8273,0.0,1.0,1.0,0.0,1.0,1.0,0.0,0.5,0.6666666666666666,7e5447a8b3184ab1a0664511d21b8c6f,scene-0781,43
1.1161,2.5437,3.204,0.9733,1.5444,2.0341,0.0,0.0,0.0,0.0,0.0,0.0,0.0,0.0,0.0,ok,straight,1.1161,2.5437,3.204,0.9733,1.5444,2.0341,False,"[-0.0, -0.0, -0.0, -0.0, -0.0, -0.0, -0.0, -6.7886]","[-37.2937, -67.2621, -119.2466, -407.7027, -445.2705, -615.6406, -1071.6289, -9506.387]","[3.2493, 3.2394, 3.2223, 2.9455, 2.9331, -1000613.263, -1001069.433, -1009504.1911]","[2.034, 2.177, 2.653, 2.082, 1.987, 1.939, 2.034, 3.701]",0.5608,0.0,0.0,0.0,0.0,0.0,0.0,0.0,0.0,0.0,1.9389,8.0,1.1161,2.5437,3.7751,0.9733,1.5444,1.9389,"[[0.831, 0.0], [1.116, 0.0], [1.687, 0.0], [2.544, 0.0], [2.829, 0.0], [3.4, 0.0]]",0.0,0.0,-0.5711,0.0,0.0,0.0952,2.0,0.0,ok,3.7014,0.0,1.0,1.0,0.0,1.0,1.0,0.0,0.5,0.6666666666666666,a51cada4b76a41cabd4bb589a8a32e37,scene-0781,43
0.0316,0.1462,0.1978,0.1921,0.1547,0.2067,0.0,0.0,0.0,0.0,0.0,0.0,0.0,0.0,0.0,ok,straight,0.0316,0.1462,0.6635,0.1921,0.1547,0.2862,False,"[-0.0, -0.0, -0.1305, -0.0, -0.0, -0.0, -0.0653, -0.0653]","[-13.8138, -47.4683, -18.9067, -919.0467, -1690.9235, -1928.8088, -2053.6169, -7671.8601]","[3.0862, 3.0719, 0.2556, -1000917.4204, -1001689.2972, -1001927.1826, -1002051.9907, -1007670.2331]","[0.286, 0.349, 0.387, 0.919, 0.904, 0.811, 0.836, 1.163]",0.3015,0.0,0.0,0.0,0.0,0.0,0.0,0.0,0.0,0.0,0.2862,8.0,0.0316,0.1462,0.6635,0.1921,0.1547,0.2862,"[[0.831, 0.0], [1.116, 0.0], [1.687, 0.0], [2.544, 0.0], [3.4, 0.0], [4.257, 0.0]]",0.0,0.0,0.0,0.0,0.0,0.0,0.0,1.0,ok,1.1632,0.0,1.0,1.0,0.0,1.0,1.0,0.0,0.25,0.5,9699d6a8d9384f8885e8c5318bc621ab,scene-0782,43
0.7638,2.9778,6.698,0.4368,1.3601,2.9803,0.0,0.0,0.0,0.0,0.0,0.0,0.0,0.0,0.0,ok,straight,0.7638,2.9778,3.5618,0.4368,1.3601,2.1733,True,"[-0.0, -0.0, -0.0, -0.0653, -0.0653, -0.0653, -0.0653, -0.0]","[-56.9106, -261.4534, -189.0251, -165.9485, -264.4048, -1851.1786, -5731.0369, -8578.9883]","[4.4823, 4.4148, 4.2923, 2.4463, 2.2674, -1001848.3825, -1005728.3872, -1008576.3386]","[2.173, 1.289, 3.837, 3.028, 3.171, 1.982, 3.456, 3.697]",0.8542,0.0,0.0,0.0,0.0,0.0,0.0,0.0,0.0,0.0,1.2893,8.0,0.7638,2.9778,0.2279,0.4368,1.3601,1.2893,"[[1.687, 0.0], [3.115, 0.0], [4.542, 0.0], [5.685, 0.0], [7.398, 0.131], [10.824, 0.0]]",0.0,0.0,3.3339,0.0,0.0,0.884,2.0,0.0,ok,3.837,0.0,0.0,0.0,0.0,0.0,0.0,0.0,0.0,0.0,6652a70586d741f5b9da67434412dd36,scene-0782,43
4.6098,8.8001,15.9026,3.4507,5.6772,8.3967,0.0,0.0,1.0,0.0,0.0,1.0,0.0,0.0,0.3333333333333333,ok,straight,4.6098,9.942,15.9026,3.4507,5.9627,8.7298,False,"[-0.0653, -0.0653, -0.9138, -0.3264, -3.7859, -0.9138, -0.6527, -0.9791]","[-37.2479, -609.0659, -765.0946, -2130.1029, -4311.6736, -7028.9511, -9456.7952, -13122.4833]","[3.9296, 3.7922, 3.0016, -1002128.0217, -1004309.583, -1007026.8699, -1009454.7046, -1013120.3927]","[8.73, 9.206, 8.269, 9.425, 9.31, 8.777, 7.587, 7.617]",0.6802,0.0,0.0,1.0,0.0,0.0,1.0,0.0,0.0,0.3333333333333333,7.5865,8.0,4.6098,9.942,14.2123,3.4507,5.9627,7.5865,"[[1.973, 0.0], [3.971, -0.131], [5.97, 0.0], [7.398, 0.0], [9.111, 0.0], [10.253, -0.131]]",0.0,0.0,1.6903,0.0,0.0,1.1433,3.0,0.0,ok,9.4254,0.0,0.0,0.0,0.0,0.0,0.0,0.0,0.0,0.0,8af2e40c9e8b4bec94a3d701d8d5753e,scene-0782,43
1.7872,1.5656,4.4693,1.188,1.3804,2.2134,0.0,0.0,0.0,0.0,0.0,0.0,0.0,0.0,0.0,ok,straight,1.7872,1.5656,3.8996,1.188,1.3804,1.8811,True,"[-0.0, -0.0653, -0.0653, -0.0653, -0.2611, -0.0653, -0.0653, -0.0653]","[-120.5435, -156.4915, -239.0765, -255.6812, -672.9613, -1851.7772, -2361.095, -5209.8596]","[3.8628, 2.9257, 2.8736, 2.8659, -1000670.9921, -1001849.8058, -1002359.1258, -1005207.8881]","[1.881, 1.218, 1.928, 1.598, 1.853, 1.074, 2.737, 2.025]",0.4823,0.0,0.0,0.0,0.0,0.0,0.0,0.0,0.0,0.0,1.0736,8.0,0.3629,1.5656,1.6141,0.1989,0.8859,1.0736,"[[3.686, 0.0], [6.541, 0.0], [10.539, -0.131], [14.25, -0.131], [17.677, 0.0], [19.961, 0.0]]",1.4243,0.0,2.2855,0.9891,0.4945,0.8075,4.0,0.0,ok,2.7369,0.0,0.0,0.0,0.0,0.0,0.0,0.0,0.0,0.0,95682f8329cf487aa061d968b08f80ea,scene-0782,43
4.7184,8.467,14.5332,3.439,5.5287,8.1127,0.0,0.0,0.0,0.0,0.0,0.0,0.0,0.0,0.0,ok,straight,6.1459,10.1819,14.8187,4.4382,6.8849,9.0645,False,"[-0.0653, -0.0653, -0.0, -0.0653, -0.0, -0.0653, -0.3916, -0.1958]","[-95.4795, -109.6833, -332.4721, -586.08, -1402.2625, -2845.5366, -3663.6328, -16642.9939]","[3.2283, 3.2264, -1000330.1736, -1000583.7824, -1001399.9641, -1002843.2382, -1003661.3351, -1016640.6962]","[9.064, 8.209, 8.543, 10.303, 6.878, 8.21, 6.467, 9.116]",1.1566,0.0,0.0,0.0,0.0,0.0,0.0,0.0,0.0,0.0,6.4671,8.0,6.1459,10.1819,2.645,4.4382,6.8849,6.4671,"[[1.402, 0.0], [2.258, 0.0], [4.257, -0.131], [6.827, 0.0], [9.111, -0.131], [10.253, -0.131]]",0.0,0.0,12.1737,0.0,0.0,2.5974,5.0,0.0,ok,10.3031,0.0,0.0,0.0,0.0,0.0,0.0,0.0,0.0,0.0,e829650532104af6bdb060d75924421f,scene-0783,43
5.0595,11.3395,17.4084,3.8188,6.5718,9.5736,0.0,0.0,0.0,0.0,0.0,0.0,0.0,0.0,0.0,ok,straight,4.2029,11.3395,17.4084,2.8195,6.1435,9.3833,True,"[-0.0, -0.0, -0.1305, -0.4569, -0.0, -0.1305, -0.0653, -0.0]","[-26.4791, -54.8236, -99.872, -552.8886, -630.2831, -4787.6554, -4940.2233, -160976.3144]","[3.8949, 3.8933, 2.998, 0.7534, -1000627.4662, -1004784.8385, -1004937.4075, -1160973.4975]","[9.383, 9.716, 9.574, 9.388, 9.812, 9.07, 10.573, 13.099]",1.2144,0.0,0.0,0.0,0.0,0.0,0.0,0.0,0.0,0.0,9.0698,8.0,4.2029,11.3395,13.9867,2.8195,6.1435,9.0698,"[[2.829, 0.0], [4.542, 0.0], [5.685, 0.0], [6.827, 0.0], [8.54, 0.0], [10.253, 0.0]]",0.0,0.0,3.4216,0.0,0.0,0.3134,1.0,0.0,ok,13.0985,0.0,0.0,0.0,0.0,0.0,0.0,0.0,0.0,0.0,28553ad064614cb09fa5d4f12e4fa064,scene-0783,43
3.5687,7.3325,9.2282,2.4422,4.2726,5.9082,0.0,0.0,0.0,0.0,0.0,0.0,0.0,0.0,0.0,ok,straight,3.5687,7.0646,6.6651,2.5849,4.2149,5.0641,True,"[-0.0, -0.0653, -0.0653, -0.0653, -0.0653, -0.0, -0.1958, -0.1958]","[-694.5323, -120.6648, -191.5586, -474.175, -585.4933, -613.8127, -2946.3809, -9556.7078]","[4.4493, 4.2451, 3.6986, -1000471.272, -1000582.0673, -1000610.3867, -1002943.4779, -1009553.2818]","[5.064, 5.954, 5.869, 5.071, 5.87, 6.578, 5.313, 3.06]",0.9886,0.0,0.0,0.0,0.0,0.0,0.0,0.0,0.0,0.0,3.0598,8.0,3.5687,7.3276,0.2739,2.5849,4.3427,3.0598,"[[2.829, 0.0], [5.399, 0.0], [8.825, 0.392], [10.824, 0.261], [15.393, 0.131], [18.819, 0.0]]",0.0,-0.263,6.3912,0.0,-0.1278,2.0043,1.0,0.0,ok,6.5783,0.0,0.0,0.0,0.0,0.0,0.0,0.0,0.0,0.0,73ec2b6b0f8541bbbd01ab56134a2abd,scene-0783,43
1.5356,1.8592,0.6259,1.2063,1.5605,1.3787,0.0,0.0,0.0,0.0,0.0,0.0,0.0,0.0,0.0,ok,straight,1.5356,1.5818,0.6259,1.2063,1.3502,1.2384,True,"[-0.0, -0.0, -0.1305, -1.5013, -0.718, -0.1305, -1.3055, -0.0653]","[-39.4056, -15.884, -80.8591, -336.715, -966.6243, -1661.82, -1692.816, -1305205.6338]","[4.7071, 2.3988, 2.1722, 2.1019, -1000965.4402, -1001660.6359, -1001689.3235, -2305202.1413]","[1.238, 1.095, 1.305, 1.757, 1.395, 1.941, 1.975, 11.494]",3.3099,0.0,0.0,0.0,0.0,0.0,0.0,0.0,0.0,0.0,1.0951,8.0,0.9614,1.5818,0.6259,0.7764,1.1352,1.0951,"[[2.258, 0.0], [4.257, 0.0], [6.541, 0.0], [7.969, 0.0], [9.111, 0.0], [10.539, 0.0]]",0.5742,0.0,0.0,0.4299,0.2149,0.1433,1.0,0.0,ok,11.4942,0.0,0.0,0.0,0.0,0.0,0.0,0.0,0.0,0.0,4a0987ae93eb4cb7b77e94f8ab034a27,scene-0783,43
1.1122,1.1136,2.5412,0.6754,0.8945,1.2055,0.0,0.0,0.0,0.0,0.0,0.0,0.0,0.0,0.0,ok,straight,1.1122,1.1136,2.5412,0.6754,0.8945,1.2055,False,"[-0.0, -0.1958, -0.4569, -0.0, -0.1958, -0.0, -0.1305, -0.0653]","[-89.183, -126.888, -773.2413, -1123.6828, -1419.6044, -1664.4803, -14246.3862, -1485774.9414]","[3.1759, 1.8342, -1000771.3433, -1001121.736, -1001417.6576, -1001662.5335, -1014244.4882, -2485772.9946]","[1.205, 1.969, 2.264, 2.491, 1.83, 1.729, 4.299, 13.246]",3.7344,0.0,0.0,0.0,0.0,0.0,0.0,0.0,0.0,0.0,1.2055,8.0,1.1122,1.1136,2.5412,0.6754,0.8945,1.2055,"[[0.259, 0.0], [1.116, 0.0], [1.116, 0.0], [1.116, 0.0], [1.116, 0.0], [2.544, 0.0]]",0.0,0.0,0.0,0.0,0.0,0.0,0.0,1.0,ok,13.2459,0.0,0.0,0.0,0.0,0.0,0.0,0.0,0.0,0.0,abad69b7e6194c95b18a054aa082cfb8,scene-0784,43
1.6871,2.5437,5.1135,0.9733,1.6871,2.6389,0.0,0.0,0.0,0.0,0.0,0.0,0.0,0.0,0.0,ok,straight,1.6871,2.5437,5.1135,0.9733,1.7585,2.6865,False,"[-0.0, -0.0, -0.0653, -0.0, -0.1958, -0.5222, -0.0, -0.0653]","[-195.6972, -594.5873, -409.9569, -897.4675, -1286.2834, -7524.2465, -43618.6736, -1504617.1423]","[3.4695, 3.4687, 2.8687, -1000895.2323, -1001284.0482, -1007522.0113, -1043616.2234, -2504614.6921]","[2.686, 1.497, 1.259, 2.258, 2.451, 4.31, 7.924, 13.585]",3.9737,0.0,0.0,0.0,0.0,0.0,0.0,0.0,0.0,0.0,1.2594,8.0,1.6871,1.1161,2.5469,0.9733,1.1161,1.2594,"[[0.259, 0.0], [1.687, 0.0], [2.544, 0.0], [2.544, 0.0], [3.971, 0.0], [5.113, 0.0]]",0.0,1.4276,2.5666,0.0,0.6424,1.4271,4.0,0.0,ok,13.5845,0.0,0.0,0.0,0.0,0.0,0.0,0.0,0.0,0.0,e821c04bbefc4fea85433c8976e786d0,scene-0784,43
1.6871,3.1148,4.5424,1.2588,2.0441,2.7817,0.0,0.0,0.0,0.0,0.0,0.0,0.0,0.0,0.0,ok,straight,1.6871,3.1148,4.5424,1.2588,2.0441,2.7817,False,"[-0.0, -0.0, -0.0653, -0.1958, -0.1305, -0.3264, -0.5222, -0.0]","[-12.5356, -26.0804, -116.2256, -238.3435, -558.5448, -291.413, -155.8521, -1783.9335]","[4.2075, 4.1827, 3.6468, 2.6805, 2.4687, 1.8402, 0.972, -1001781.3113]","[2.782, 2.829, 3.075, 3.12, 3.55, 2.935, 3.272, 4.258]",0.4535,0.0,0.0,0.0,0.0,0.0,0.0,0.0,0.0,0.0,2.7817,8.0,1.6871,3.1148,4.5424,1.2588,2.0441,2.7817,"[[0.831, 0.0], [1.687, 0.0], [2.544, 0.0], [3.115, 0.0], [3.971, 0.0], [4.542, 0.0]]",0.0,0.0,0.0,0.0,0.0,0.0,0.0,1.0,ok,4.2582,0.0,0.0,0.0,0.0,0.0,0.0,0.0,0.0,0.0,c6b40ac823cd4e0fb1c99b9602364b0d,scene-0784,43
1.6871,3.6858,5.1152,1.4016,2.2582,3.0199,0.0,0.0,0.0,0.0,0.0,0.0,0.0,0.0,0.0,ok,straight,1.6871,3.6858,2.2582,1.4016,2.2582,2.5441,True,"[-0.0, -0.0653, -0.0653, -0.0653, -0.1958, -0.0653, -0.0653, -0.0653]","[-92.3257, -19.7997, -85.4178, -1979.3441, -2221.4694, -2338.1377, -2368.5052, -10827.0456]","[4.2267, 2.9677, 2.9478, -1001977.2836, -1002219.4089, -1002336.0775, -1002366.4447, -1010824.985]","[2.544, 3.115, 3.02, 2.258, 2.641, 3.762, 1.999, 3.401]",0.5527,0.0,0.0,0.0,0.0,0.0,0.0,0.0,0.0,0.0,1.9994,8.0,1.6871,0.2595,7.3989,1.4016,1.1161,1.9994,"[[1.116, 0.0], [1.687, 0.0], [2.544, 0.0], [3.686, 0.0], [3.971, 0.131], [2.258, 0.0]]",0.0,3.4264,-5.1407,0.0,1.1421,0.5447,2.0,0.0,ok,3.7618,0.0,0.0,0.0,0.0,0.0,0.0,0.0,0.0,0.0,e39400ef772142919c70b68f77780294,scene-0784,43
1.1161,0.0261,1.1161,0.6878,0.6294,0.7916,0.0,0.0,0.0,0.0,0.0,0.0,0.0,0.0,0.0,ok,straight,1.6871,0.2595,0.545,1.4016,1.1875,1.0209,False,"[-0.0, -0.0, -0.0, -0.0, -0.0, -0.0, -0.0653, -0.0]","[-372.6289, -390.4726, -452.837, -583.3208, -1123.0952, -3749.6356, -10084.9042, -318008.0185]","[2.1308, 2.1307, 2.1301, 2.1289, -1001121.7394, -1003748.2799, -1010083.5484, -1318006.6628]","[1.021, 1.03, 1.164, 0.848, 1.743, 2.687, 2.315, 6.259]",1.6792,0.0,0.0,0.0,0.0,0.0,0.0,0.0,0.0,0.0,0.8479,8.0,1.6871,0.0261,0.0261,1.4016,0.9863,0.8479,"[[1.116, 0.0], [1.687, 0.0], [1.687, 0.0], [0.259, 0.0], [0.831, 0.0], [0.545, 0.0]]",0.0,0.2334,0.519,0.0,0.2011,0.173,1.0,0.0,ok,6.2585,1.0,1.0,1.0,1.0,1.0,1.0,0.5,0.75,0.6666666666666666,159f9a70a6d64e27a38b3b2668b5a68e,scene-0794,43
1.1161,0.026,0.545,0.6878,0.6294,0.6013,0.0,0.0,0.0,0.0,0.0,0.0,0.0,0.0,0.0,ok,straight,1.1161,0.026,1.1161,0.6878,0.6294,0.7916,False,"[-0.0, -0.0, -2.2846, -0.1958, -0.0653, -0.0, -0.0, -0.0]","[-473.5561, -540.2786, -1677.4992, -2089.9355, -2538.6841, -3193.7872, -29172.398, -1541298.6007]","[2.4434, 2.443, -1001675.8704, -1002088.3067, -1002537.0556, -1003192.1587, -1029170.7695, -2541296.9719]","[0.792, 0.839, 2.333, 2.079, 2.458, 2.648, 2.316, 13.403]",3.8553,0.0,0.0,0.0,0.0,0.0,0.0,0.0,0.0,0.0,0.7916,8.0,1.1161,0.026,1.1161,0.6878,0.6294,0.7916,"[[0.259, 0.0], [1.116, 0.0], [1.116, 0.0], [-0.026, 0.0], [1.116, 0.0], [1.116, 0.0]]",0.0,0.0,0.0,0.0,0.0,0.0,0.0,1.0,ok,13.4025,1.0,1.0,1.0,1.0,1.0,1.0,0.5,0.75,0.6666666666666666,8e7b267872c04c2b8a49b034ce6a9180,scene-0794,43
1.1161,0.1549,0.1785,0.6878,0.6521,0.4951,0.0,0.0,0.0,0.0,0.0,0.0,0.0,0.0,0.0,ok,straight,1.6871,0.1549,0.1785,1.4016,1.009,0.7331,False,"[-0.0, -0.0, -0.0, -0.0, -0.0, -0.0, -7.5066, -0.0]","[-89.0953, -85.4782, -898.4095, -918.9433, -16399.5683, -17706.0162, -461796.9696, -695075.9707]","[2.4153, 2.415, -1000896.9576, -1000917.4913, -1016398.1161, -1017704.564, -1461795.5174, -1695074.5187]","[0.733, 0.967, 2.845, 1.239, 2.089, 2.516, 9.702, 8.936]",3.3625,0.0,0.0,0.0,0.0,0.0,0.0,0.0,0.0,0.0,0.7331,8.0,1.6871,0.1549,0.1785,1.4016,1.009,0.7331,"[[1.116, 0.0], [1.687, 0.0], [1.116, 0.0], [-0.026, 0.0], [-0.026, 0.0], [-0.026, 0.0]]",0.0,0.0,0.0,0.0,0.0,0.0,0.0,1.0,ok,9.7016,1.0,1.0,0.0,1.0,1.0,1.0,0.5,0.75,0.5,4f497d33a81042ae992f5109f2ea072f,scene-0794,43
1.3011,4.4601,8.5103,0.8095,2.1927,3.9034,0.0,0.0,0.0,0.0,0.0,0.0,0.0,0.0,0.0,ok,straight,1.3011,4.4601,8.5103,0.8095,2.1927,3.9034,False,"[-0.0, -0.0, -0.0, -0.0, -0.0653, -0.0653, -0.718, -0.0]","[-0.013, -80.2177, -92.2185, -663.1448, -10608.365, -13644.8944, -261202.67, -760982.6338]","[2.5116, 2.5105, 2.5105, 2.5082, -1010606.827, -1013643.3563, -1261201.1328, -1760981.0957]","[3.903, 3.507, 3.364, 2.46, 2.571, 2.382, 12.189, 22.312]",6.6764,0.0,0.0,0.0,0.0,0.0,0.0,0.0,0.0,0.0,2.3816,8.0,1.3011,4.4601,3.0848,0.8095,2.1927,2.3816,"[[-0.026, 0.0], [-0.026, 0.0], [-0.026, 0.0], [-0.026, 0.0], [-0.026, 0.0], [-0.026, 0.0]]",0.0,0.0,5.4255,0.0,0.0,1.5218,5.0,0.0,ok,22.3124,0.0,0.0,0.0,0.0,0.0,0.0,0.0,0.0,0.0,3c55b075eee045b7918e4c12275cbdaa,scene-0794,43
3.8848,8.0796,13.9995,2.8516,5.0039,7.5826,0.0,0.0,0.0,0.0,0.0,0.0,0.0,0.0,0.0,ok,straight,3.8848,8.0796,13.9995,2.8516,5.0039,7.5826,False,"[-0.0653, -0.0653, -0.1305, -1.9582, -0.0653, -0.6527, -0.5875, -1.1749]","[-85.2063, -544.4008, -1023.5174, -1138.2573, -4153.4484, -8362.4357, -13413.0539, -219197.1115]","[4.9188, 4.3974, 4.2884, -1001134.5908, -1004149.7818, -1008359.2842, -1013409.9023, -1219193.4449]","[7.583, 7.916, 8.199, 7.159, 6.531, 8.517, 6.155, 7.483]",0.7534,0.0,0.0,0.0,0.0,0.0,0.0,0.0,0.0,0.0,6.1554,8.0,5.3121,8.0796,10.191,3.8507,5.5035,6.1554,"[[1.116, 0.0], [2.258, 0.0], [3.686, 0.0], [5.113, 0.0], [5.685, 0.0], [7.398, 0.131]]",-1.4273,0.0,3.8086,-0.9992,-0.4996,1.4271,4.0,0.0,ok,8.5168,0.0,0.0,0.0,0.0,0.0,0.0,0.0,0.0,0.0,f8e8dd98088d458abb0a664330403168,scene-0795,43
4.5711,10.7845,17.1966,3.1877,6.1203,9.1023,0.0,0.0,0.0,0.0,0.0,0.0,0.0,0.0,0.0,ok,straight,4.5711,10.7845,17.1966,3.1877,6.1203,9.1023,False,"[-0.1305, -0.6527, -0.1305, -0.5875, -1.0444, -0.3916, -0.3916, -0.1305]","[-296.2263, -89.68, -1145.1889, -669.2751, -1812.972, -4464.4222, -8714.9731, -32415.2654]","[2.5142, 0.7982, 0.7133, -1000668.3394, -1001813.7546, -1004465.2048, -1008714.0373, -1032416.048]","[9.102, 8.636, 8.955, 8.674, 7.919, 9.239, 8.809, 7.722]",0.5079,0.0,0.0,0.0,0.0,0.0,0.0,0.0,0.0,0.0,7.7217,8.0,4.5711,10.7562,18.102,3.1877,5.8995,7.7217,"[[3.115, 0.0], [5.97, -0.131], [8.54, -0.131], [10.539, -0.131], [13.965, -0.261], [15.393, -0.261]]",0.0,0.0283,-0.9055,0.0,0.2208,1.3806,6.0,0.0,ok,9.2386,0.0,0.0,0.0,0.0,0.0,0.0,0.0,0.0,0.0,12494592c7614f2992bca2614f6b04e6,scene-0795,43
6.4278,13.7488,21.4638,4.8746,8.6117,12.1369,0.0,0.0,0.0,0.0,0.0,0.0,0.0,0.0,0.0,ok,straight,6.4278,13.7488,19.7508,4.8746,8.6117,11.8514,True,"[-0.0653, -0.0653, -0.5222, -0.1305, -0.0, -0.1958, -8.2899, -8.2899]","[-270.2594, -459.4318, -3868.8553, -4555.187, -7373.8478, -7514.1971, -15472.0788, -39799.3187]","[3.2013, 3.1867, -1003867.0504, -1004553.3831, -1007372.0429, -1007512.3932, -1015470.2749, -1039797.5138]","[11.851, 11.47, 12.098, 11.806, 9.663, 11.204, 14.183, 11.925]",1.1625,0.0,0.0,0.0,0.0,0.0,0.0,0.0,0.0,0.0,9.6634,8.0,6.4278,13.4633,8.3393,4.8746,8.0401,9.6634,"[[3.115, 0.0], [6.541, 0.0], [8.54, 0.0], [12.252, 0.0], [16.249, -0.131], [19.961, -0.131]]",0.0,0.2855,11.4115,0.0,0.5716,2.1881,4.0,0.0,ok,14.1833,0.0,0.0,0.0,0.0,0.0,0.0,0.0,0.0,0.0,3b8e9827e2d44455b6ff48ee5982b77a,scene-0795,43
5.6336,10.7648,16.1017,4.0738,6.6299,9.2662,0.0,0.0,0.0,0.0,0.0,0.0,0.0,0.0,0.0,ok,straight,5.6336,9.6228,15.2455,4.0738,6.5586,9.0759,True,"[-0.1305, -0.1305, -0.1305, -0.1958, -0.4569, -7.1802, -0.6527, -0.1958]","[-562.1765, -218.5417, -876.2814, -1952.3581, -3168.9885, -9471.5193, -19024.3164, -887340.5553]","[3.8754, 3.8355, -1000873.2371, -1001949.3549, -1003165.9853, -1009468.475, -1019021.3132, -1887337.511]","[9.076, 9.123, 7.329, 7.89, 8.122, 9.716, 10.099, 13.697]",1.852,0.0,0.0,0.0,0.0,0.0,0.0,0.0,0.0,0.0,7.3287,8.0,5.6336,9.6228,7.2599,4.0738,6.5586,7.3287,"[[3.686, 0.0], [6.827, 0.0], [10.253, -0.131], [15.393, -0.131], [18.248, -0.131], [22.245, -0.261]]",0.0,0.0,7.9856,0.0,0.0,1.7472,3.0,0.0,ok,13.6974,0.0,0.0,0.0,0.0,0.0,0.0,0.0,0.0,0.0,1be40a3cf7474c6293b5639a2d498b97,scene-0795,43
5.5578,10.2169,13.0681,4.4796,6.8069,8.6627,0.0,0.0,0.0,0.0,0.0,0.0,0.0,0.0,0.0,ok,straight,5.5578,10.2169,13.6383,4.4796,6.8069,8.7578,False,"[-0.1305, -0.1305, -0.1305, -0.5875, -0.1305, -0.1958, -0.1958, -0.2611]","[-33.5138, -595.8017, -669.537, -595.1689, -436.3686, -10628.3816, -746708.839, -750936.6892]","[2.3806, 2.3775, 2.3773, -0.7579, -1000435.1878, -1010627.2009, -1746707.6582, -1750935.5097]","[8.758, 9.093, 9.668, 8.279, 7.571, 9.09, 12.212, 12.578]",1.6865,0.0,0.0,0.0,0.0,0.0,0.0,0.0,0.0,0.0,7.5714,8.0,5.5578,10.2169,7.3748,4.4796,6.8069,7.5714,"[[4.257, 0.0], [8.54, -0.131], [12.537, -0.131], [16.82, -0.131], [21.674, -0.131], [25.957, -0.261]]",0.0,0.0,6.2635,0.0,0.0,1.1864,2.0,0.0,ok,12.5781,0.0,0.0,0.0,0.0,0.0,0.0,0.0,0.0,0.0,c1676a2feac74eee8aa38ca3901787d6,scene-0796,43
4.4272,8.6778,14.0377,3.3299,5.5111,7.8415,0.0,0.0,0.0,0.0,0.0,0.0,0.0,0.0,0.0,ok,straight,4.4272,8.6778,14.0377,3.3299,5.5111,7.8896,False,"[-0.1305, -0.3916, -0.1305, -0.7833, -0.1958, -0.2611, -0.1305, -0.0653]","[-17.8905, -160.8448, -2540.9311, -3250.1579, -15361.0723, -33738.6858, -59799.1337, -92082.1316]","[3.8924, 2.6953, -1002537.8631, -1003247.0899, -1015358.0043, -1033736.2024, -1059796.0657, -1092079.6483]","[7.89, 7.556, 8.842, 9.229, 8.273, 7.334, 7.753, 9.406]",0.7359,0.0,0.0,0.0,0.0,0.0,0.0,0.0,0.0,0.0,7.3335,8.0,4.4272,8.6778,19.204,3.3299,5.5111,7.3335,"[[3.686, 0.0], [7.398, -0.131], [11.11, -0.131], [15.107, -0.131], [18.533, -0.131], [21.674, -0.261]]",0.0,0.0,-5.1664,0.0,0.0,0.5561,3.0,0.0,ok,9.4056,0.0,0.0,0.0,0.0,0.0,0.0,0.0,0.0,0.0,17723c0411434e48875a93de4db0ecba,scene-0796,43
2.5626,4.8616,5.6318,2.0373,3.1366,4.0467,0.0,0.0,0.0,0.0,0.0,0.0,0.0,0.0,0.0,ok,straight,2.5626,5.4324,5.6318,2.0373,3.2793,4.1418,False,"[-0.0653, -0.3264, -0.0653, -0.0653, -0.0653, -0.1958, -0.718, -0.1305]","[-90.0542, -279.9744, -2705.9606, -2978.3804, -4024.7224, -11345.9735, -65672.9936, -298921.034]","[3.6746, 1.4444, -1002704.4353, -1002976.8551, -1004022.197, -1011343.448, -1065670.4681, -1298919.5087]","[4.142, 1.79, 3.78, 3.58, 3.952, 7.188, 4.436, 14.041]",3.5606,0.0,0.0,0.0,0.0,0.0,0.0,0.0,0.0,0.0,1.7904,8.0,2.5626,2.3043,0.8739,2.0373,2.436,1.7904,"[[4.542, 0.0], [9.396, 0.0], [14.25, -0.131], [18.248, -0.131], [23.387, -0.131], [29.669, -0.131]]",0.0,3.1281,4.7579,0.0,0.8433,2.3514,4.0,0.0,ok,14.0406,0.0,0.0,0.0,0.0,0.0,0.0,0.0,0.0,0.0,61d47d1198184bfdaa6777e9448d825d,scene-0796,43
2.7184,5.3317,6.4327,2.1287,3.4456,4.5006,0.0,0.0,0.0,0.0,0.0,0.0,0.0,0.0,0.0,ok,straight,2.7184,5.9027,6.4327,2.1287,3.5884,4.5958,False,"[-0.1305, -0.0653, -0.1305, -0.1958, -0.1305, -0.0653, -0.1305, -5.4831]","[-37.1916, -634.2124, -380.1154, -389.6315, -850.2063, -1111.749, -71431.4055, -373380.4952]","[2.3149, 2.3122, 2.2774, 2.2406, -1000848.7223, -1001110.265, -1071429.9215, -1373379.0458]","[4.596, 5.836, 4.455, 4.842, 5.071, 4.978, 5.858, 14.693]",3.2121,0.0,0.0,0.0,0.0,0.0,0.0,0.0,0.0,0.0,4.4551,8.0,3.0039,5.9027,6.4327,1.7067,3.3774,4.4551,"[[4.542, 0.0], [9.396, -0.131], [13.965, -0.131], [18.248, -0.131], [23.387, -0.131], [29.669, -0.261]]",-0.2855,0.0,0.0,0.422,0.211,0.1407,1.0,0.0,ok,14.6928,0.0,0.0,0.0,0.0,0.0,0.0,0.0,0.0,0.0,fa51f1910942494cbe396640010fea64,scene-0796,43
2.6063,4.1138,4.4004,1.9722,2.8802,3.2424,0.0,0.0,0.0,0.0,0.0,0.0,0.0,0.0,0.0,ok,straight,2.6063,4.1138,5.259,1.9722,2.8802,3.7186,False,"[-0.0653, -0.1305, -0.1305, -0.4569, -0.2611, -0.0653, -0.718, -0.5875]","[-183.7044, -118.4993, -1118.8788, -2158.4645, -3465.1647, -4113.898, -253699.9617, -650805.0646]","[2.9653, 2.6907, -1001117.433, -1002157.0187, -1003463.7181, -1004112.4522, -1253698.5151, -1650803.6187]","[3.719, 3.242, 2.957, 3.13, 2.504, 3.012, 7.613, 9.407]",2.4081,0.0,0.0,0.0,0.0,0.0,0.0,0.0,0.0,0.0,2.5037,8.0,2.6063,4.1138,2.1804,1.9722,2.8802,2.5037,"[[4.542, 0.0], [9.111, -0.131], [13.965, -0.131], [18.819, -0.131], [22.816, -0.261], [28.812, -0.131]]",0.0,0.0,3.0787,0.0,0.0,1.2149,5.0,0.0,ok,9.4069,0.0,0.0,0.0,0.0,0.0,0.0,0.0,0.0,0.0,604d12ebcf784c3f945189f79262f19c,scene-0797,43
1.8111,4.2331,8.9695,1.285,2.3946,4.2351,0.0,0.0,0.0,0.0,0.0,0.0,0.0,0.0,0.0,ok,straight,2.6673,4.2331,7.5421,1.4282,2.6803,4.1499,True,"[-0.0653, -0.0653, -0.2611, -0.0653, -0.0653, -0.0653, -8.2899, -0.3916]","[-687.1611, -761.4587, -324.2614, -1202.4265, -1313.6625, -10002.2602, -18261.7627, -152373.131]","[2.7892, 2.7877, 2.724, -1001200.4971, -1001311.7342, -1010000.3308, -1018259.8333, -1152371.2017]","[4.15, 4.57, 3.76, 4.568, 4.616, 5.567, 7.196, 5.766]",1.0313,0.0,0.0,0.0,0.0,0.0,0.0,0.0,0.0,0.0,3.7599,8.0,2.6673,4.2331,6.4031,1.4282,2.6803,3.7599,"[[4.257, 0.0], [10.539, 0.0], [15.107, -0.131], [19.104, -0.131], [24.53, 0.653], [28.241, -0.131]]",0.0,0.0,1.1391,0.0,0.0,0.39,1.0,0.0,ok,7.1964,0.0,0.0,0.0,0.0,0.0,0.0,0.0,0.0,0.0,b285e88bcfe943ae9d5a398f11bff413,scene-0797,43
1.3609,3.1973,3.5469,0.9617,1.9123,2.3837,0.0,0.0,0.0,0.0,0.0,0.0,0.0,0.0,0.0,ok,straight,1.3609,2.3407,3.5469,0.9617,1.484,2.0982,True,"[-0.0, -0.0, -0.0, -0.0653, -0.0653, -0.0, -0.0, -0.0]","[-21.6207, -151.0101, -231.5427, -307.2857, -540.4864, -1094.2163, -1923.6235, -3951.2125]","[3.6028, 3.5083, 3.435, 1.0651, -1000538.256, -1001091.9949, -1001921.3932, -1003948.9821]","[2.098, 2.289, 2.431, 2.146, 2.099, 2.208, 3.193, 2.207]",0.3406,0.0,0.0,0.0,0.0,0.0,0.0,0.0,0.0,0.0,2.0982,8.0,1.3609,2.3407,3.5469,0.9617,1.484,2.0982,"[[1.116, 0.0], [2.258, 0.0], [2.829, 0.0], [3.686, 0.0], [4.542, 0.0], [5.113, 0.0]]",0.0,0.0,0.0,0.0,0.0,0.0,0.0,1.0,ok,3.193,0.0,1.0,1.0,0.0,1.0,1.0,0.0,0.5,0.6666666666666666,6434e21a18934c759cddbec6254d66d2,scene-0797,43
1.3908,3.3339,4.7628,1.1816,1.9703,2.6632,0.0,0.0,0.0,0.0,0.0,0.0,0.0,0.0,0.0,ok,straight,1.3908,3.3339,4.7628,1.1816,1.9703,2.7108,False,"[-0.0, -0.0, -0.0653, -0.0653, -0.0, -0.1305, -0.1305, -0.0653]","[-85.0361, -80.9094, -151.8247, -439.7715, -764.6131, -2848.3227, -22077.7066, -64326.0616]","[3.8695, 3.8667, 2.5854, -1000437.5534, -1000762.395, -1002846.1076, -1022075.4915, -1064323.8465]","[2.711, 2.616, 2.949, 5.09, 3.425, 2.949, 4.519, 7.184]",1.4865,0.0,0.0,0.0,0.0,0.0,0.0,0.0,0.0,0.0,2.6156,8.0,1.1053,3.3339,4.7628,0.896,1.8275,2.6156,"[[1.116, 0.0], [1.687, 0.0], [2.544, 0.0], [3.686, 0.0], [3.971, 0.0], [5.113, 0.0]]",0.2855,0.0,0.0,0.2855,0.1428,0.0952,1.0,0.0,ok,7.1841,0.0,1.0,0.0,0.0,1.0,1.0,0.0,0.5,0.5,ea79b764adb244969b8df0897674695d,scene-0797,43
1.8853,4.2028,4.2641,1.5007,2.6396,3.255,0.0,0.0,0.0,0.0,0.0,0.0,0.0,0.0,0.0,ok,straight,1.8853,4.2028,3.693,1.5007,2.6396,3.1599,True,"[-0.0, -0.0, -0.0, -0.0, -0.3264, -0.0, -0.0, -0.0]","[-69.9754, -577.5107, -5633.4246, -7353.3994, -7418.5602, -10543.9037, -13729.6033, -33069.9492]","[3.2891, -1000575.5938, -1005631.54, -1007351.5148, -1007416.6433, -1010542.0191, -1013727.6864, -1033068.0646]","[3.16, 3.683, 1.765, 2.33, 2.507, 2.806, 3.209, 3.378]",0.5879,0.0,0.0,0.0,0.0,0.0,0.0,0.0,0.0,0.0,1.7653,8.0,1.8853,0.3658,2.8742,1.5007,1.3948,1.7653,"[[1.116, 0.0], [1.973, 0.0], [3.686, 0.0], [5.113, 0.0], [6.541, 0.0], [6.827, 0.0]]",0.0,3.837,0.8188,0.0,1.2448,1.3946,4.0,0.0,ok,3.6833,0.0,1.0,1.0,0.0,1.0,1.0,0.0,0.5,0.6666666666666666,154dbc8467d64780a1acffda0193d46b,scene-0798,43
2.1543,6.24,10.808,1.6666,3.5158,5.4868,0.0,0.0,1.0,0.0,0.0,1.0,0.0,0.0,0.16666666666666666,ok,straight,2.1543,6.24,10.2349,1.6666,3.5158,5.2961,True,"[-0.0, -0.0653, -0.0653, -0.0, -2.2193, -0.0653, -0.1305, -0.0653]","[-192.447, -166.7738, -23.3578, -569.6011, -1097.7779, -1508.6299, -3016.9693, -7206.5508]","[4.8028, 4.723, 4.1585, -1000565.9284, -1001094.733, -1001505.585, -1003013.2966, -1007203.5059]","[5.296, 5.487, 5.249, 5.153, 4.16, 3.17, 5.107, 5.303]",0.7436,0.0,0.0,1.0,0.0,0.0,1.0,0.0,0.0,0.16666666666666666,3.1699,8.0,2.1543,5.6717,0.6162,1.6666,3.1596,3.1699,"[[1.687, 0.0], [3.686, 0.0], [4.542, 0.0], [6.541, 0.0], [8.825, 0.0], [9.682, 0.0]]",0.0,0.5683,9.6187,0.0,0.3562,2.1262,5.0,0.0,ok,5.4868,0.0,0.0,0.0,0.0,0.0,0.0,0.0,0.0,0.0,c9627fc5be4e465f95dc19a358dc53c2,scene-0798,43
2.2123,5.1126,6.7278,1.7279,3.1486,4.322,0.0,0.0,0.0,0.0,0.0,0.0,0.0,0.0,0.0,ok,straight,2.2123,5.1126,6.7278,1.7279,3.0772,4.2744,True,"[-0.0653, -0.0653, -0.5222, -0.0653, -0.1958, -8.2899, -8.2899, -0.2611]","[-30.0333, -207.4632, -240.61, -7437.439, -9702.9197, -14087.9867, -19444.1204, -1083294.2523]","[4.9055, 4.8994, 4.7691, -1007433.5515, -1009699.0266, -1014084.0993, -1019440.2273, -2083290.3592]","[4.274, 4.23, 4.626, 3.661, 4.672, 6.035, 5.878, 12.212]",2.5764,0.0,0.0,0.0,0.0,0.0,0.0,0.0,0.0,0.0,3.6614,8.0,2.2123,5.3978,4.4491,1.7279,3.0104,3.6614,"[[3.115, 0.0], [6.541, 0.0], [9.396, 0.0], [12.252, 0.131], [15.393, 0.131], [19.39, 0.131]]",0.0,-0.2852,2.2787,0.0,0.0668,0.613,2.0,0.0,ok,12.2115,0.0,0.0,1.0,0.0,0.0,1.0,0.0,0.0,0.16666666666666666,eda45e041045428a90be43f94abbcbda,scene-0798,43
5.7081,11.8937,17.0142,4.2224,7.2396,10.032,0.0,1.0,1.0,0.0,1.0,1.0,0.0,0.25,0.5,ok,straight,5.7081,12.1792,17.0142,4.2224,7.3109,10.0796,False,"[-0.0653, -0.0, -0.0653, -0.0, -0.1958, -0.1305, -0.0653, -0.1958]","[-190.4493, -963.3197, -841.5159, -2121.662, -6213.7185, -8989.8869, -10557.2266, -18569.8459]","[4.5996, 4.1282, 3.2485, -1002118.3767, -1006211.6759, -1008986.6015, -1010553.9412, -1018567.8033]","[10.08, 10.033, 9.984, 10.416, 9.794, 7.795, 9.747, 7.894]",0.9564,0.0,1.0,1.0,0.0,1.0,1.0,0.0,0.25,0.5,7.7951,8.0,5.7081,12.1792,10.1605,4.2224,7.3109,7.7951,"[[1.973, 0.0], [3.686, 0.0], [5.399, 0.0], [6.541, 0.0], [9.111, -0.131], [10.539, -0.131]]",0.0,0.0,6.8537,0.0,0.0,2.2844,6.0,0.0,ok,10.4161,0.0,0.0,1.0,0.0,0.0,1.0,0.0,0.0,0.3333333333333333,ea69963e431145e383f0c05cd30116c7,scene-0798,43
3.1942,4.91,5.5535,2.6324,3.4185,4.2433,0.0,0.0,0.0,0.0,0.0,0.0,0.0,0.0,0.0,ok,straight,3.1942,4.91,8.4082,2.6324,3.4185,4.8618,False,"[-0.0653, -0.0653, -0.0653, -0.3916, -0.3916, -0.0, -0.3916, -0.0653]","[-124.5291, -294.8612, -1773.1884, -1804.5523, -5819.822, -7276.5641, -15436.5254, -27206.6111]","[2.9383, 2.9192, -1001771.7701, -1001803.1339, -1005818.4035, -1007275.1456, -1015435.107, -1027205.1927]","[4.862, 5.149, 3.631, 4.007, 4.492, 4.628, 3.421, 3.79]",0.5838,0.0,0.0,0.0,0.0,0.0,0.0,0.0,0.0,0.0,3.421,8.0,3.1942,4.91,5.2913,2.6324,3.4185,3.421,"[[3.686, 0.0], [7.398, 0.0], [11.966, -0.131], [15.393, -0.131], [18.248, -0.131], [21.96, -0.131]]",0.0,0.0,3.1169,0.0,0.0,1.4408,6.0,0.0,ok,5.1495,0.0,0.0,1.0,0.0,0.0,1.0,0.0,0.0,0.16666666666666666,2eef1a0ab4484a1faa73e7c2a048149e,scene-0799,43
1.8682,3.3312,4.0466,1.3867,2.1659,2.9806,0.0,0.0,0.0,0.0,0.0,0.0,0.0,0.0,0.0,ok,straight,0.1599,4.1878,3.4762,0.5325,1.7422,2.6031,True,"[-0.0653, -0.0653, -0.1958, -0.1305, -0.0653, -0.0, -0.0, -0.0]","[-565.7682, -552.6173, -1194.7835, -1653.8761, -3003.2535, -34545.3332, -46790.0608, -129252.8251]","[2.571, -1000550.399, -1001192.8449, -1001651.9375, -1003001.0352, -1034543.1149, -1046788.1221, -1129250.6068]","[2.603, 2.886, 2.423, 2.26, 2.547, 4.146, 5.601, 8.738]",2.1146,0.0,0.0,0.0,0.0,0.0,0.0,0.0,0.0,0.0,2.2604,8.0,0.1599,4.1878,4.5599,0.5325,1.7422,2.2604,"[[4.542, 0.0], [10.824, 0.0], [14.822, 0.131], [17.962, -0.131], [22.531, -0.131], [29.669, -0.131]]",0.0,0.0,-1.0837,0.0,0.0,0.3426,3.0,0.0,ok,8.7382,0.0,0.0,0.0,0.0,0.0,0.0,0.0,0.0,0.0,aab42793af6b4563a8ef228423189163,scene-0799,43
5.2553,9.6615,14.7308,3.6926,5.9349,8.2611,0.0,0.0,1.0,0.0,0.0,1.0,0.0,0.0,0.16666666666666666,ok,straight,6.1118,11.9457,17.586,4.5491,7.2196,9.928,False,"[-0.0653, -0.0653, -0.0653, -0.0653, -0.1958, -7.4413, -8.2899, -0.1958]","[-1267.5675, -2520.4164, -2718.1811, -3851.8582, -7512.3554, -13452.7665, -16693.5147, -1189703.8457]","[-1001265.3824, -1002518.4212, -1002715.9961, -1003849.863, -1007510.3602, -1013450.5814, -1016691.5195, -2189701.6606]","[9.928, 8.976, 9.07, 9.737, 10.119, 9.864, 9.917, 14.606]",1.6819,0.0,0.0,1.0,0.0,0.0,1.0,0.0,0.0,0.16666666666666666,8.9756,8.0,6.1118,11.6646,14.4452,4.5491,7.078,8.9756,"[[1.973, 0.0], [3.686, 0.0], [6.256, 0.0], [7.398, -0.131], [11.11, 0.261], [11.395, -0.131]]",0.0,0.2812,3.1407,0.0,0.1417,0.9524,5.0,0.0,ok,14.606,0.0,0.0,1.0,0.0,0.0,1.0,0.0,0.0,0.16666666666666666,fea20913dc8749788096a7c41b087d59,scene-0799,43
4.0345,8.0367,13.0569,2.9905,4.7136,6.6425,0.0,0.0,0.0,0.0,0.0,0.0,0.0,0.0,0.0,ok,straight,4.0345,8.0433,11.6235,2.9905,4.7166,6.4929,True,"[-0.5222, -0.5222, -1.3055, -0.5222, -0.6527, -0.3264, -3.4596, -0.5875]","[-660.6609, -1138.3523, -1396.3418, -1574.6501, -8072.5791, -9817.7395, -39822.8023, -1159266.2359]","[1.974, 1.9728, -1001395.2453, -1001572.7729, -1008071.4827, -1009815.8623, -1039820.9251, -2159264.3587]","[6.493, 6.401, 4.894, 5.922, 6.51, 6.817, 5.903, 14.225]",2.7321,0.0,0.0,0.0,0.0,0.0,0.0,0.0,0.0,0.0,4.8941,8.0,4.0345,8.0433,3.4563,2.9905,4.7166,4.8941,"[[2.544, 0.0], [5.113, -0.131], [8.54, -0.392], [10.539, -0.653], [14.822, -0.653], [17.391, -1.044]]",0.0,0.0,8.1672,0.0,0.0,1.5987,4.0,0.0,ok,14.2246,0.0,0.0,0.0,0.0,0.0,0.0,0.0,0.0,0.0,e443b4ca9e474278b7147c4daaf67eca,scene-0799,43
6.3963,13.0321,22.5097,4.7212,7.9706,11.8963,0.0,0.0,0.0,0.0,0.0,0.0,0.0,0.0,0.0,ok,straight,6.3963,13.0321,22.5097,4.7212,7.9706,11.8963,False,"[-0.0, -0.0653, -0.1305, -0.0, -0.0, -0.0, -0.0653, -0.3916]","[-64.1788, -696.507, -59.6688, -1026.0827, -1220.7712, -2015.3337, -3357.9535, -9335.5322]","[3.5261, 2.785, 2.4862, -1001023.9589, -1001218.6474, -1002013.2099, -1003355.8295, -1009333.4081]","[11.896, 11.421, 11.516, 11.849, 12.277, 11.04, 12.42, 11.042]",0.4861,0.0,0.0,0.0,0.0,0.0,0.0,0.0,0.0,0.0,11.0397,8.0,6.3963,11.89,21.3676,4.7212,7.8993,11.0397,"[[1.973, 0.0], [3.686, 0.0], [5.97, 0.0], [7.683, 0.0], [9.111, 0.0], [9.111, 0.0]]",0.0,1.1421,1.1421,0.0,0.0714,0.8566,5.0,0.0,ok,12.42,0.0,0.0,0.0,0.0,0.0,0.0,0.0,0.0,0.0,94cd383effba4e688570233a060a13f4,scene-0800,43
2.4371,5.1722,8.3743,1.8361,3.1957,4.6838,0.0,0.0,0.0,0.0,0.0,0.0,0.0,0.0,0.0,ok,straight,2.4371,7.1741,10.6599,1.8361,3.7674,5.9693,False,"[-0.1958, -0.0653, -0.0653, -0.1958, -3.1985, -0.1305, -0.1958, -0.0653]","[-172.1067, -14.8817, -1114.0561, -1871.3827, -2472.2722, -24013.5204, -29188.3838, -119355.7899]","[3.5299, 2.2484, -1001111.417, -1001870.1575, -1002469.6331, -1024012.2953, -1029185.7446, -1119354.5647]","[5.969, 4.636, 5.017, 5.017, 4.745, 4.13, 5.603, 11.356]",2.1627,0.0,0.0,0.0,0.0,0.0,0.0,0.0,0.0,0.0,4.1298,8.0,2.4371,5.1722,10.3831,1.8361,3.1957,4.1298,"[[4.257, 0.0], [8.54, 0.0], [12.252, 0.0], [14.822, 0.0], [17.391, -0.131], [22.245, -0.392]]",0.0,2.0018,0.2768,0.0,0.5717,1.8395,6.0,0.0,ok,11.3559,0.0,0.0,0.0,0.0,0.0,0.0,0.0,0.0,0.0,3c260dca3274465eaf38dd6c0a7d7872,scene-0800,43
4.3124,7.9978,10.0728,3.0451,5.0344,6.4755,0.0,0.0,0.0,0.0,0.0,0.0,0.0,0.0,0.0,ok,left,4.8752,7.4367,10.9431,3.7548,5.2489,7.0178,False,"[0.4569, 0.0, 0.0, 0.9791, 1.1749, 0.1305, 0.0653, -0.3264]","[-396.3359, -37.3044, -39.1181, -1719.1023, -3840.4138, -32680.2777, -56430.9666, -857394.9711]","[3.1524, 2.2177, -0.1477, -1001716.675, -1003840.3519, -1032680.2158, -1056428.5393, -1857394.9092]","[7.018, 6.528, 6.292, 5.048, 5.614, 5.367, 7.194, 11.466]",1.8983,0.0,0.0,0.0,0.0,0.0,0.0,0.0,0.0,0.0,5.0482,8.0,4.8752,7.4367,1.5456,3.7548,5.2489,5.0482,"[[2.829, 0.0], [5.97, 0.131], [9.968, 0.0], [13.679, 0.0], [15.678, 0.783], [19.676, 0.914]]",0.0,0.0,9.3975,0.0,0.0,1.9696,5.0,0.0,ok,11.4656,0.0,0.0,0.0,0.0,0.0,0.0,0.0,0.0,0.0,62c4690878a04a909a6c48a4e2c22d42,scene-0800,43
1.4019,2.0337,3.3441,0.9405,1.3172,2.0145,0.0,0.0,0.0,0.0,0.0,0.0,0.0,0.0,0.0,ok,left,1.8913,1.1805,3.3441,1.0604,1.1639,1.9122,True,"[0.8486, 0.8486, 0.7833, -0.3264, 1.0444, 0.0, 1.893, 0.2611]","[-1476.2969, -718.4467, -10822.715, -27532.9098, -46910.3239, -59655.9732, -92505.4645, -430892.1563]","[2.125, 1.8844, -1010821.4809, -1027531.6757, -1046909.336, -1059654.9854, -1092504.2305, -1430891.1685]","[1.912, 1.872, 2.532, 3.298, 2.794, 5.558, 4.209, 15.216]",4.1478,0.0,0.0,0.0,0.0,0.0,0.0,0.0,0.0,0.0,1.8723,8.0,1.4019,1.1805,3.3441,0.9405,1.1039,1.8723,"[[4.828, 0.131], [8.825, 1.436], [13.965, 0.261], [19.104, 0.783], [21.674, 0.783], [26.528, 1.697]]",0.4894,0.0,0.0,0.1199,0.0599,0.04,1.0,0.0,ok,15.2165,0.0,0.0,0.0,0.0,0.0,0.0,0.0,0.0,0.0,f5be8cc937e74e84b8d73e2074658382,scene-0800,43
1.7868,2.2917,1.7806,1.2018,1.7876,1.9238,0.0,0.0,0.0,0.0,0.0,0.0,0.0,0.0,0.0,ok,straight,1.7868,4.0085,1.7806,1.2018,2.2171,2.2101,False,"[-0.0653, -0.0653, -0.0653, -0.2611, -0.1958, -0.1305, -0.1305, -0.3264]","[-529.1455, -111.699, -391.8208, -7861.4468, -14348.8383, -39551.7046, -95631.0053, -604623.9178]","[4.0741, 3.8878, 3.8864, -1007858.8355, -1014346.2271, -1039549.0933, -1095628.5826, -1604621.495]","[2.21, 1.924, 2.168, 2.041, 2.581, 3.781, 7.805, 8.135]",2.4525,0.0,0.0,0.0,0.0,0.0,0.0,0.0,0.0,0.0,1.9238,8.0,1.7868,2.2917,1.7806,1.2018,1.7876,1.9238,"[[5.113, 0.0], [10.253, 0.0], [15.107, 0.0], [19.104, 0.0], [25.957, -0.131], [32.239, -0.131]]",0.0,1.7167,0.0,0.0,0.4295,0.2863,3.0,0.0,ok,8.1353,0.0,0.0,1.0,0.0,0.0,1.0,0.0,0.0,0.3333333333333333,63e3bc947eed4823b00e1beadecd3be3,scene-0802,43
3.9556,8.3733,12.6832,3.0288,5.3092,7.5927,0.0,0.0,0.0,0.0,0.0,0.0,0.0,0.0,0.0,ok,straight,3.9556,9.2299,14.1115,3.0288,5.5233,8.2114,False,"[-0.0, -0.0, -0.0653, -0.0, -0.0653, -0.1958, -0.1958, -0.0653]","[-187.452, -189.9488, -438.0238, -82.4521, -83.8025, -583.0822, -7248.5613, -11617.2147]","[3.718, 3.7174, 2.7996, 2.6633, 1.8053, -1000581.9833, -1007247.4624, -1011615.0356]","[8.211, 7.45, 7.545, 6.784, 7.403, 6.785, 8.403, 4.597]",1.1062,0.0,0.0,0.0,0.0,0.0,0.0,0.0,0.0,0.0,4.5974,8.0,3.9556,9.2299,2.9752,3.0288,5.5233,4.5974,"[[3.115, 0.0], [6.541, 0.0], [9.111, -0.131], [11.11, -0.131], [12.823, -0.131], [16.82, 0.0]]",0.0,0.0,11.1363,0.0,0.0,3.6141,6.0,0.0,ok,8.4031,0.0,0.0,0.0,0.0,0.0,0.0,0.0,0.0,0.0,1d944d3936de4206be42d584a884635f,scene-0802,43
1.9095,3.63,3.6753,1.3471,2.2687,2.8317,0.0,0.0,0.0,0.0,0.0,0.0,0.0,0.0,0.0,ok,straight,1.9095,3.63,3.6753,1.3471,2.2687,2.8317,False,"[-0.0653, -0.1958, -8.2899, -0.0653, -0.2611, -0.2611, -0.0653, -0.0653]","[-24.8236, -23.9373, -22991.2212, -386598.702, -2893.8002, -10109.6705, -14063.9413, -446499.9565]","[3.5259, 3.4775, -1022988.7224, -1386596.2033, -2003599.5465, -2010815.4168, -2014769.6876, -2447205.7029]","[2.832, 3.406, 5.589, 9.032, 1.943, 2.947, 2.422, 8.358]",2.5939,0.0,0.0,0.0,0.0,0.0,0.0,0.0,0.0,0.0,1.9426,8.0,1.9095,3.8076,4.5757,1.3471,1.6534,1.9426,"[[4.828, 0.0], [9.396, 0.0], [14.25, -0.131], [19.104, -0.131], [24.815, -0.131], [31.097, -0.131]]",0.0,-0.1776,-0.9004,0.0,0.6152,0.8891,2.0,0.0,ok,9.032,0.0,0.0,0.0,0.0,0.0,0.0,0.0,0.0,0.0,aadad53902494b81bf5b1c332f423760,scene-0802,43
1.9044,3.8776,5.2899,1.4557,2.4755,3.305,0.0,0.0,0.0,0.0,0.0,0.0,0.0,0.0,0.0,ok,straight,1.9044,3.8776,5.0046,1.4557,2.4755,3.2574,True,"[-0.0653, -0.1305, -0.0653, -0.0653, -0.0653, -1.1749, -0.0, -0.3264]","[-23.2507, -78.3158, -857.7579, -1280.5062, -6224.1521, -12459.1482, -17100.6184, -219492.4506]","[4.7414, 4.5625, 4.4455, 4.4395, -1006220.6155, -1012455.6116, -1017096.7976, -1219488.6298]","[3.257, 3.306, 2.972, 3.165, 2.7, 3.733, 3.733, 6.986]",1.2727,0.0,0.0,0.0,0.0,0.0,0.0,0.0,0.0,0.0,2.7001,8.0,1.9044,3.8776,6.4313,1.4557,2.0476,2.7001,"[[5.113, 0.0], [10.253, 0.0], [15.107, -0.131], [20.532, -0.131], [25.957, -0.131], [31.097, -0.131]]",0.0,0.0,-1.4268,0.0,0.4279,0.5573,3.0,0.0,ok,6.9859,0.0,0.0,0.0,0.0,0.0,0.0,0.0,0.0,0.0,f00d1ed58ab84a1a90b86e6e92838efe,scene-0802,43
1.7919,2.5289,3.2337,1.2859,1.8121,2.2155,0.0,0.0,0.0,0.0,0.0,0.0,0.0,0.0,0.0,ok,straight,1.7919,2.5289,3.2337,1.2859,1.8835,2.2147,True,"[-0.0653, -0.0653, -0.1305, -0.0, -0.3264, -0.0653, -0.0653, -0.3264]","[-31.1493, -64.6121, -1783.9682, -10382.7779, -11349.217, -54496.9788, -72750.0544, -88617.9133]","[4.301, 4.2996, -1001781.1047, -1010379.9141, -1011346.3535, -1054494.1153, -1072747.1905, -1088615.0495]","[2.215, 2.072, 1.885, 3.311, 2.913, 3.79, 12.732, 4.635]",3.3433,0.0,0.0,0.0,0.0,0.0,0.0,0.0,0.0,0.0,1.8854,8.0,1.2208,2.5289,4.088,0.8576,1.6693,1.8854,"[[2.258, 0.0], [5.113, 0.0], [7.683, 0.0], [9.968, 0.0], [12.252, -0.131], [15.393, -0.131]]",0.5711,0.0,-0.8543,0.4283,0.2141,0.3293,2.0,0.0,ok,12.7316,0.0,0.0,0.0,0.0,0.0,0.0,0.0,0.0,0.0,4e04d32a9949430287c14d49851f6f55,scene-0904,43
1.2387,1.0143,0.2068,0.9359,0.9493,0.8504,0.0,0.0,0.0,0.0,0.0,0.0,0.0,0.0,0.0,ok,straight,1.2387,1.0143,0.2068,0.9359,1.0206,0.8979,False,"[-0.0, -0.0, -0.0653, -0.2611, -0.0653, -0.2611, -7.115, -0.0653]","[-57.387, -3571.0962, -4489.8156, -5306.8749, -5339.3302, -7107.5592, -9996.5734, -13968.5004]","[5.349, -1003567.7392, -1004486.4586, -1005303.518, -1005335.9732, -1007104.1954, -1009993.2096, -1013965.1366]","[0.898, 0.941, 1.276, 1.513, 2.748, 1.722, 3.844, 2.153]",0.939,0.0,0.0,0.0,0.0,0.0,0.0,0.0,0.0,0.0,0.8979,8.0,1.2387,1.0143,0.2068,0.9359,1.0206,0.8979,"[[3.115, 0.0], [6.541, 0.0], [9.396, 0.0], [12.252, 0.0], [15.393, 0.0], [17.391, 0.0]]",0.0,0.0,0.0,0.0,0.0,0.0,0.0,1.0,ok,3.8437,0.0,0.0,0.0,0.0,0.0,0.0,0.0,0.0,0.0,5515e95e3a9e488b98ea8c6979d39002,scene-0904,43
1.6473,3.2097,3.8391,1.0746,1.77,2.3918,0.0,0.0,0.0,0.0,0.0,0.0,0.0,0.0,0.0,ok,straight,1.6473,1.785,3.8391,1.0746,1.2711,2.0592,True,"[-0.0653, -0.0653, -0.0653, -0.2611, -0.1305, -0.0, -0.0, -0.0653]","[-314.5706, -818.2626, -323.5839, -218.8714, -3436.6954, -19435.8493, -91344.5344, -102314.7138]","[4.1316, 4.1192, 3.1763, 0.6767, -1003434.3898, -1019432.5888, -1091341.2739, -1102312.4082]","[2.059, 1.595, 2.392, 3.014, 1.708, 3.397, 4.062, 3.818]",0.8926,0.0,0.0,0.0,0.0,0.0,0.0,0.0,0.0,0.0,1.595,8.0,1.6473,1.785,2.697,1.0746,1.2711,1.595,"[[2.829, 0.0], [5.113, 0.0], [9.111, -0.131], [11.966, 0.0], [13.679, -0.131], [16.249, -0.131]]",0.0,0.0,1.1421,0.0,0.0,0.4642,2.0,0.0,ok,4.0617,0.0,0.0,0.0,0.0,0.0,0.0,0.0,0.0,0.0,c3177f4c31224fcb9b95f0d18bcfc2ca,scene-0904,43
0.4376,0.9059,2.6354,0.3119,0.5132,0.8673,0.0,0.0,0.0,0.0,0.0,0.0,0.0,0.0,0.0,ok,straight,1.2792,0.3468,2.0652,0.7328,0.5839,0.8194,True,"[-0.0653, -0.0653, -0.1305, -0.0653, -0.0, -0.0653, -0.0653, -0.1305]","[-222.2531, -661.6545, -472.276, -753.7921, -4661.0719, -8379.8565, -13907.953, -22062.8604]","[4.3545, 4.2984, 2.653, -1000750.4688, -1004657.7486, -1008376.5332, -1013904.6324, -1022059.5398]","[0.819, 0.946, 1.294, 1.706, 1.043, 1.401, 1.723, 2.221]",0.4407,0.0,0.0,0.0,0.0,0.0,0.0,0.0,0.0,0.0,0.8194,8.0,1.2792,0.3468,2.0652,0.7328,0.5839,0.8194,"[[3.115, 0.0], [7.112, 0.0], [9.396, -0.131], [12.252, -0.131], [15.393, -0.131], [19.39, -0.131]]",0.0,0.0,0.0,0.0,0.0,0.0,0.0,1.0,ok,2.2211,0.0,0.0,0.0,0.0,0.0,0.0,0.0,0.0,0.0,666ce1928a0d4f4f9d06bf28e81b98f0,scene-0904,43
2.3319,5.1089,7.3525,1.7871,3.0744,4.3608,0.0,0.0,0.0,0.0,0.0,0.0,0.0,0.0,0.0,ok,straight,2.3319,5.1089,7.3525,1.7871,3.0744,4.3608,False,"[-0.0653, -0.0653, -0.0, -0.1958, -0.0653, -0.0653, -1.5666, -0.1305]","[-12.849, -408.7219, -952.5206, -2970.3895, -5383.3089, -6805.2524, -11241.2983, -16131.3215]","[4.8549, 2.906, -1000949.0986, -1002966.9676, -1005381.7622, -1006803.7057, -1011239.7516, -1016127.8996]","[4.361, 4.36, 4.655, 3.782, 4.519, 3.811, 3.155, 5.215]",0.5915,0.0,0.0,0.0,0.0,0.0,0.0,0.0,0.0,0.0,3.1555,8.0,1.4711,6.2578,5.467,1.214,3.0728,3.1555,"[[1.973, 0.0], [4.257, 0.0], [6.541, 0.0], [8.54, -0.131], [10.539, -0.131], [13.108, -0.131]]",0.8608,-1.1489,1.8855,0.5731,0.0016,1.2053,4.0,0.0,ok,5.215,0.0,0.0,0.0,0.0,0.0,0.0,0.0,0.0,0.0,bc94beb70f694ee8a0399c4e7e1fc2d0,scene-0905,43
0.5974,0.6423,2.5928,0.4871,0.5249,1.0114,0.0,0.0,0.0,0.0,0.0,0.0,0.0,0.0,0.0,ok,straight,0.3147,0.6423,1.7325,0.3458,0.4542,1.0045,True,"[-0.0, -0.0, -0.3916, -0.4569, -0.1958, -0.0653, -0.0653, -0.0653]","[-441.1403, -467.772, -137.1698, -22.7352, -762.2018, -7187.4154, -7392.2117, -8934.3834]","[4.9098, 4.852, 2.6368, 2.2754, -1000758.9708, -1007184.235, -1007389.0312, -1008931.2029]","[1.005, 1.052, 0.755, 0.71, 2.317, 1.421, 1.418, 1.713]",0.5033,0.0,0.0,0.0,0.0,0.0,0.0,0.0,0.0,0.0,0.7098,8.0,0.3147,0.6423,1.69,0.3458,0.4542,0.7098,"[[3.4, 0.0], [6.827, 0.0], [10.539, 0.0], [14.25, 0.0], [16.249, -0.131], [20.818, 0.0]]",0.0,0.0,0.0425,0.0,0.0,0.2948,2.0,0.0,ok,2.3166,0.0,0.0,0.0,0.0,0.0,0.0,0.0,0.0,0.0,4eec53dcb58148d4b95245ad72d00ef7,scene-0905,43
0.8775,3.0901,4.9015,0.7429,1.7989,2.6147,0.0,0.0,0.0,0.0,0.0,0.0,0.0,0.0,0.0,ok,straight,0.8775,3.0901,7.1857,0.7429,1.6561,3.1382,False,"[-0.0653, -0.0653, -0.0653, -0.5875, -1.1749, -0.0, -0.4569, -0.0653]","[-19.0937, -33.4425, -517.5865, -802.7197, -89.1627, -859.5252, -1911.8749, -6783.923]","[3.0502, 3.0435, 2.7876, 1.2952, 0.1308, -1000857.7786, -1001910.1283, -1006782.1482]","[3.138, 2.329, 2.651, 2.294, 2.12, 2.01, 2.262, 1.929]",0.3655,0.0,0.0,0.0,0.0,0.0,0.0,0.0,0.0,0.0,1.9287,8.0,0.8775,3.0901,1.9674,0.7429,1.6561,1.9287,"[[3.115, 0.0], [6.541, 0.0], [9.968, -0.131], [12.823, -0.131], [14.822, -0.131], [16.535, -0.131]]",0.0,0.0,5.2183,0.0,0.0,1.2096,7.0,0.0,ok,3.1382,0.0,0.0,0.0,0.0,0.0,0.0,0.0,0.0,0.0,f2fb282e13784e7c8a28d0d5e1370ad1,scene-0905,43
3.1186,5.5705,7.0457,2.3711,3.7719,4.9507,0.0,0.0,0.0,0.0,0.0,0.0,0.0,0.0,0.0,ok,straight,3.1186,5.5705,8.7584,2.3711,3.7719,5.2362,False,"[-0.0, -0.0, -1.0444, -0.1958, -0.4569, -0.1305, -0.4569, -0.3264]","[-159.3918, -729.136, -157.2945, -593.3391, -4524.786, -7516.2838, -52912.7559, -94494.0959]","[5.1569, 4.9749, 1.891, -1000589.8134, -1004521.2603, -1007512.9227, -1052909.3948, -1094490.7348]","[5.236, 4.665, 4.772, 4.002, 4.602, 3.529, 6.062, 5.815]",0.7994,0.0,0.0,0.0,0.0,0.0,0.0,0.0,0.0,0.0,3.5295,8.0,3.1186,4.4289,7.329,2.3711,2.9157,3.5295,"[[2.258, 0.0], [4.542, 0.0], [6.541, 0.0], [9.396, 0.0], [11.11, 0.0], [13.679, 0.0]]",0.0,1.1416,1.4294,0.0,0.8562,1.7067,5.0,0.0,ok,6.062,0.0,0.0,0.0,0.0,0.0,0.0,0.0,0.0,0.0,2a965239bc5f4ceda7369d0325c52377,scene-0905,43
0.2277,1.9221,0.5691,0.1709,0.8641,0.8463,0.0,0.0,0.0,0.0,0.0,0.0,0.0,0.0,0.0,ok,straight,0.2277,1.0655,0.5691,0.1709,0.6499,0.5608,True,"[-0.0653, -0.0653, -0.0653, -0.4569, -0.2611, -0.1958, -0.1958, -0.0653]","[-6.311, -97.0007, -152.2751, -35.2377, -2887.795, -7614.0973, -892821.6671, -909646.884]","[3.0349, 2.7267, 2.7265, 0.0289, -1002886.1561, -1007612.7664, -1892820.0282, -1909645.553]","[0.561, 0.735, 0.86, 0.655, 1.214, 2.547, 9.301, 9.712]",3.6909,0.0,0.0,0.0,0.0,0.0,0.0,0.0,0.0,0.0,0.5608,8.0,0.2277,1.0655,0.5691,0.1709,0.6499,0.5608,"[[3.686, 0.0], [7.398, 0.0], [11.11, -0.131], [15.107, -0.131], [19.104, -0.131], [23.387, -0.131]]",0.0,0.0,0.0,0.0,0.0,0.0,0.0,1.0,ok,9.7117,0.0,0.0,0.0,0.0,0.0,0.0,0.0,0.0,0.0,2fb7b5d1eab24b13abb4e0703850dba9,scene-0906,43
1.7818,4.4523,8.4908,1.4029,2.7125,4.1787,0.0,0.0,0.0,0.0,0.0,0.0,0.0,0.0,0.0,ok,straight,1.7818,4.4523,8.4908,1.4029,2.6411,4.2738,False,"[-0.0653, -0.0653, -0.0653, -0.0, -0.0, -1.1097, -0.1305, -0.0]","[-93.7023, -200.3125, -927.5797, -3260.4223, -8677.9612, -9624.5351, -17975.0395, -174666.0785]","[3.4852, 3.4833, 3.1185, -1003258.0896, -1008675.6285, -1009621.8505, -1017972.7068, -1174663.3939]","[4.274, 4.607, 4.323, 4.133, 5.941, 3.551, 4.382, 10.343]",2.0466,0.0,0.0,0.0,0.0,0.0,0.0,0.0,0.0,0.0,3.5507,8.0,1.7818,4.4523,1.8689,1.4029,2.6411,3.5507,"[[3.115, 0.0], [6.541, 0.0], [9.396, -0.131], [12.823, -0.131], [15.393, -0.131], [18.248, -0.131]]",0.0,0.0,6.6219,0.0,0.0,0.7231,2.0,0.0,ok,10.3432,0.0,0.0,0.0,0.0,0.0,0.0,0.0,0.0,0.0,9fd8ae00df104af290529a90cc5068b4,scene-0906,43
1.9059,4.3227,5.9127,1.438,2.5074,3.3322,0.0,0.0,0.0,0.0,0.0,0.0,0.0,0.0,0.0,ok,straight,1.9059,4.3227,5.9127,1.438,2.5074,3.3322,False,"[-0.1305, -0.1958, -0.3264, -0.1305, -0.3916, -0.2611, -0.0653, -0.1305]","[-111.288, -801.2465, -1474.2658, -4606.9002, -6764.3949, -94081.1378, -724944.3152, -774788.3792]","[4.0071, -1000798.9881, -1001472.0074, -1004604.6418, -1006761.7147, -1094078.4576, -1724942.0568, -1774785.699]","[3.332, 1.01, 1.979, 1.93, 2.594, 4.596, 8.344, 10.629]",3.2048,0.0,0.0,0.0,0.0,0.0,0.0,0.0,0.0,0.0,1.0101,8.0,0.0995,0.8189,2.771,0.2501,0.4047,1.0101,"[[3.686, 0.0], [7.398, -0.131], [11.11, -0.131], [14.25, -0.131], [18.248, -0.131], [21.103, -0.261]]",1.8064,3.5038,3.1416,1.1879,2.1026,2.322,4.0,0.0,ok,10.629,0.0,0.0,0.0,0.0,0.0,0.0,0.0,0.0,0.0,d903747f29c74016a3a702959cf43429,scene-0906,43
3.604,6.2861,9.2504,2.6779,4.1361,5.5841,0.0,0.0,0.0,0.0,0.0,0.0,0.0,0.0,0.0,ok,straight,3.604,6.2861,7.568,2.6779,4.1361,4.9729,True,"[-0.0, -0.0653, -0.0653, -0.0653, -0.1958, -0.1305, -0.1305, -0.1305]","[-464.5062, -54.8038, -161.7137, -451.0426, -70.9498, -762.2898, -4041.4563, -4780.8302]","[3.6944, 2.7659, 2.7087, 2.5447, 0.45, -1000760.8208, -1004039.9899, -1004779.3638]","[4.973, 5.299, 5.442, 3.601, 5.058, 5.827, 4.971, 4.554]",0.6247,0.0,0.0,0.0,0.0,0.0,0.0,0.0,0.0,0.0,3.6005,8.0,3.604,5.7151,2.1767,2.6779,3.922,3.6005,"[[2.258, 0.0], [4.257, 0.0], [6.541, -0.131], [8.54, -0.131], [12.252, 0.0], [13.394, 0.0]]",0.0,0.571,5.3913,0.0,0.2141,1.3724,3.0,0.0,ok,5.8272,0.0,0.0,0.0,0.0,0.0,0.0,0.0,0.0,0.0,38b446951ae14bc9bad64c6fdd341ae5,scene-0906,43
0.3719,1.2944,3.6072,0.2523,0.6476,1.4074,0.0,0.0,0.0,0.0,0.0,0.0,0.0,0.0,0.0,ok,right,0.3719,1.2944,3.9505,0.2523,0.5952,1.4296,False,"[3.329, 3.329, -4.6998, -1.3708, -3.3943, -8.2899, -8.2899]","[-16.31, -4326.2759, -9270.6845, -11585.1133, -12268.6228, -22715.229, -65523.1503]","[4.7758, -1004325.1659, -1009269.5745, -1011582.5696, -1012267.5129, -1022714.119, -1065520.6066]","[1.43, 2.788, 5.42, 3.353, 4.745, 6.568, 9.319]",2.433,0.0,0.0,0.0,0.0,0.0,0.0,0.0,0.0,0.0,1.4296,7.0,0.3719,1.2944,3.9505,0.2523,0.5952,1.4296,"[[2.829, -0.131], [5.399, -0.783], [7.969, -1.828], [10.539, -3.133], [13.108, -4.961], [15.964, -6.658]]",0.0,0.0,0.0,0.0,0.0,0.0,0.0,1.0,ok,9.3191,0.0,0.0,0.0,0.0,0.0,0.0,0.0,0.0,0.0,e693989d8ad141608999200df71aca71,scene-0907,43
2.1834,4.8437,9.86,1.6658,2.9381,4.9032,0.0,0.0,0.0,0.0,0.0,0.0,0.0,0.0,0.0,ok,straight,2.1834,5.1292,9.86,1.6658,3.0094,4.7129,True,"[-0.1305, -0.0653, -0.1305, -0.0653, -0.1958, -0.2611, -0.1958, -0.0653]","[-151.351, -1463.1743, -1917.6028, -2831.102, -3985.338, -9404.7368, -13662.9837, -18041.5045]","[1.8856, -1001461.1531, -1001915.5816, -1002829.0808, -1003983.3168, -1009403.9966, -1013662.2434, -1018040.7643]","[4.713, 4.046, 3.951, 4.456, 5.382, 5.143, 3.162, 3.807]",0.6884,0.0,0.0,0.0,0.0,0.0,0.0,0.0,0.0,0.0,3.1624,8.0,2.1834,5.1292,6.1541,1.6658,3.0094,3.1624,"[[4.828, 0.0], [9.396, -0.131], [14.25, -0.131], [19.104, -0.131], [23.387, -0.131], [29.669, -0.261]]",0.0,0.0,3.7059,0.0,0.0,1.5505,5.0,0.0,ok,5.3818,0.0,0.0,0.0,0.0,0.0,0.0,0.0,0.0,0.0,3a7e7dbee620460cbbe09a942c5d23be,scene-0907,43
1.2601,3.5604,6.2955,0.9531,2.0147,3.1019,0.0,0.0,1.0,0.0,0.0,1.0,0.0,0.0,0.16666666666666666,ok,straight,1.2601,0.7041,4.0117,0.9531,0.7186,1.5239,True,"[-0.0653, -0.0653, -0.0653, -0.0, -0.0653, -0.0653, -0.1305, -0.0653]","[-555.1985, -877.3283, -891.5003, -2180.7183, -2882.0227, -4722.9601, -12963.5479, -31574.6407]","[3.2579, 3.2257, 3.2243, -1002177.4281, -1002878.7325, -1004719.6699, -1012960.9422, -1031571.3505]","[1.524, 2.047, 2.238, 3.815, 3.435, 4.148, 2.714, 4.767]",1.0599,0.0,0.0,0.0,0.0,0.0,0.0,0.0,0.0,0.0,1.5239,8.0,1.2601,0.7041,4.0117,0.9531,0.7186,1.5239,"[[1.973, 0.0], [3.686, 0.0], [3.115, 0.0], [4.828, 0.0], [7.112, 0.0], [9.396, -0.131]]",0.0,0.0,0.0,0.0,0.0,0.0,0.0,1.0,ok,4.7675,0.0,1.0,1.0,0.0,1.0,1.0,0.0,0.25,0.5,e9e1871dddf94ba7ba46a76dcf027bab,scene-0907,43
0.0221,0.0243,0.0265,0.0216,0.0227,0.0238,0.0,0.0,0.0,0.0,0.0,0.0,0.0,0.0,0.0,ok,straight,0.0221,0.0243,0.0265,0.0216,0.0227,0.0238,False,"[-0.0, -0.0, -6.658, -0.0653, -0.0, -0.0, -0.0]","[-0.013, -13.553, -23777.6547, -52096.7321, -216093.9887, -224819.8669, -1623302.9202]","[2.639, 2.6388, -1023775.9895, -1052095.0669, -1216092.3234, -1224818.2017, -2623301.2549]","[0.024, 0.064, 4.137, 5.339, 12.143, 12.089, 12.002]",5.1219,0.0,0.0,0.0,0.0,0.0,0.0,0.0,0.0,0.0,0.0238,7.0,0.0221,0.0243,0.0265,0.0216,0.0227,0.0238,"[[-0.026, 0.0], [-0.026, 0.0], [-0.026, 0.0], [-0.026, 0.0], [-0.026, 0.0], [-0.026, 0.0]]",0.0,0.0,0.0,0.0,0.0,0.0,0.0,1.0,ok,12.1432,1.0,1.0,0.0,1.0,1.0,1.0,0.5,0.75,0.5,0dc3d1fb0dcd4e19a2b8f6a32c9ebdcc,scene-0907,43
0.0261,0.0264,0.0266,0.0261,0.0262,0.0263,0.0,0.0,0.0,0.0,0.0,0.0,0.0,0.0,0.0,ok,straight,0.0261,0.0264,0.0266,0.0261,0.0262,0.0263,False,"[-0.0, -0.0, -0.0, -0.0, -0.3264, -0.0, -0.0653, -0.0]","[-0.013, -54.0626, -151.3104, -198.3103, -1640.7485, -10746.7115, -34784.2112, -152812.0445]","[2.3614, 2.3599, 2.3579, 2.3574, -1001639.3503, -1010745.3128, -1034782.8125, -1152810.6463]","[0.026, 0.152, 0.991, 0.77, 1.148, 1.017, 5.434, 13.078]",4.1919,0.0,0.0,0.0,0.0,0.0,0.0,0.0,0.0,0.0,0.0263,8.0,0.0261,0.0264,0.0266,0.0261,0.0262,0.0263,"[[-0.026, 0.0], [-0.026, 0.0], [-0.026, 0.0], [-0.026, 0.0], [-0.026, 0.0], [-0.026, 0.0]]",0.0,0.0,0.0,0.0,0.0,0.0,0.0,1.0,ok,13.0781,1.0,1.0,0.0,1.0,1.0,1.0,0.5,0.75,0.5,a4782f7ade234010b5b50553403f6e79,scene-0908,43
0.5439,0.0237,2.8652,0.3964,0.2686,0.8837,0.0,0.0,0.0,0.0,0.0,0.0,0.0,0.0,0.0,ok,straight,0.5439,0.0237,2.56,0.3964,0.2686,0.629,True,"[-0.0, -0.0, -0.0653, -0.0653, -0.0, -0.0653, -0.0, -0.0653]","[-211.059, -337.622, -282.4852, -916.792, -1259.8564, -8974.099, -10951.5521, -620246.0674]","[3.9582, 3.9576, 1.9295, -1000914.255, -1001257.3194, -1008971.5337, -1010949.0151, -1620243.5022]","[0.629, 0.836, 0.953, 1.123, 0.979, 1.931, 2.073, 20.651]",6.4452,0.0,0.0,0.0,0.0,0.0,0.0,0.0,0.0,0.0,0.629,8.0,0.5439,0.0237,2.56,0.3964,0.2686,0.629,"[[1.116, 0.0], [2.544, 0.0], [3.686, 0.0], [5.113, 0.0], [7.112, -0.131], [11.966, 0.0]]",0.0,0.0,0.0,0.0,0.0,0.0,0.0,1.0,ok,20.6514,0.0,0.0,0.0,0.0,0.0,0.0,0.0,0.0,0.0,c54d5bb693884c459e245a0abd3e4952,scene-0908,43
1.0235,1.6922,5.0795,0.7683,1.4093,2.4638,0.0,0.0,0.0,0.0,0.0,0.0,0.0,0.0,0.0,ok,straight,1.0235,1.6922,5.0795,0.7683,1.4093,2.4638,False,"[-0.0653, -0.0653, -0.1958, -0.4569, -0.0653, -0.3264, -0.0, -0.0653]","[-545.6535, -216.7065, -355.3497, -612.958, -1789.5941, -2427.2103, -2434.4141, -7308.3813]","[3.8865, 3.465, 2.5277, -1000610.3177, -1001787.5252, -1002424.57, -1002432.3453, -1007305.7411]","[2.464, 2.175, 1.136, 1.749, 1.935, 3.333, 1.939, 2.8]",0.6313,0.0,0.0,0.0,0.0,0.0,0.0,0.0,0.0,0.0,1.1355,8.0,0.408,1.9725,0.8343,0.6032,0.9768,1.1355,"[[2.829, 0.0], [5.113, 0.0], [7.398, 0.0], [11.11, 0.0], [12.537, 0.0], [15.393, -0.131]]",0.6155,-0.2803,4.2452,0.165,0.4325,1.3283,5.0,0.0,ok,3.3332,0.0,0.0,0.0,0.0,0.0,0.0,0.0,0.0,0.0,c0f19958e8e84a3c83b70187bf9fa0a5,scene-0908,43
3.8026,7.0901,10.651,2.6963,4.5059,6.2036,0.0,0.0,0.0,0.0,0.0,0.0,0.0,0.0,0.0,ok,straight,3.8026,7.0901,10.08,2.6963,4.5059,6.1084,True,"[-0.0653, -0.0653, -0.0, -0.2611, -0.2611, -0.5222, -8.2899, -0.1958]","[-53.8076, -1098.8139, -2225.639, -5687.4155, -6472.2913, -7535.1353, -22909.8351, -24533.4227]","[4.9113, 1.4004, -1002225.5257, -1005687.3022, -1006468.7838, -1007531.6278, -1022909.7218, -1024529.9151]","[6.108, 5.785, 5.119, 4.597, 6.919, 6.649, 7.431, 7.489]",0.9865,0.0,0.0,0.0,0.0,0.0,0.0,0.0,0.0,0.0,4.5967,8.0,3.8026,6.5708,7.5204,2.6963,4.0203,4.5967,"[[2.829, 0.0], [5.113, 0.0], [7.969, 0.0], [10.539, -0.131], [13.679, -0.131], [16.82, -0.131]]",0.0,0.5192,2.5596,0.0,0.4856,1.5117,3.0,0.0,ok,7.4891,0.0,0.0,0.0,0.0,0.0,0.0,0.0,0.0,0.0,e388dd5b5cdd4b60bfb3ab5ba61f7708,scene-0908,43
3.9523,7.9183,12.894,2.7063,4.7883,7.1196,0.0,0.0,0.0,0.0,0.0,0.0,0.0,0.0,0.0,ok,straight,3.9523,7.3561,12.894,2.7063,4.2897,6.7872,True,"[-0.0653, -0.0653, -0.0653, -0.1305, -0.1958, -0.0653, -0.0, -0.1305]","[-703.8561, -935.9397, -59.2479, -148.7723, -874.0674, -3327.53, -10025.8373, -75709.0469]","[3.7187, 3.7093, 2.8532, 1.6826, 1.3779, -1003324.6889, -1010023.888, -1075707.0976]","[6.787, 5.747, 7.12, 7.499, 7.549, 7.315, 6.74, 6.833]",0.5425,0.0,0.0,0.0,0.0,0.0,0.0,0.0,0.0,0.0,5.7467,8.0,3.9523,7.3561,8.6332,2.7063,4.2897,5.7467,"[[2.829, 0.0], [5.113, 0.0], [9.396, -0.131], [11.11, 0.0], [12.823, -0.131], [15.964, -0.131]]",0.0,0.0,4.2607,0.0,0.0,1.0405,2.0,0.0,ok,7.5488,0.0,0.0,0.0,0.0,0.0,0.0,0.0,0.0,0.0,3abf81a7c3894000a4c508e6ced0caca,scene-0909,43
2.3062,5.3683,9.7098,1.6472,3.2386,5.0883,0.0,0.0,0.0,0.0,0.0,0.0,0.0,0.0,0.0,ok,straight,1.7498,5.3683,9.7098,0.9409,2.8855,4.8529,True,"[-0.1305, -0.1305, -0.4569, -0.7833, -0.1958, -0.0653, -0.1958, -0.1958]","[-81.0505, -306.0594, -455.1502, -540.0367, -746.5639, -757.5848, -1528.2183, -2322.9624]","[4.616, 4.1783, 2.6049, 0.9033, -1000743.7884, -1000754.6987, -1001525.3321, -1002320.187]","[4.853, 4.895, 5.08, 4.502, 4.938, 5.198, 3.348, 4.382]",0.5545,0.0,0.0,0.0,0.0,0.0,0.0,0.0,0.0,0.0,3.3477,8.0,1.7498,5.3683,4.896,0.9409,2.8855,3.3477,"[[3.686, -0.131], [5.97, 0.0], [8.54, -0.131], [11.11, -0.131], [13.108, -0.131], [15.393, -0.261]]",0.0,0.0,4.8138,0.0,0.0,1.5052,3.0,0.0,ok,5.1981,0.0,0.0,0.0,0.0,0.0,0.0,0.0,0.0,0.0,4c55b0578d424ad88d1856c933ba2059,scene-0909,43
5.3078,10.2861,15.2865,4.1314,6.5197,9.0959,0.0,0.0,0.0,0.0,0.0,0.0,0.0,0.0,0.0,ok,straight,5.3078,10.2861,15.0012,4.1314,6.5197,9.0484,True,"[-0.0, -0.0, -0.0653, -0.3264, -0.0, -0.9791, -0.0, -0.0]","[-52.4745, -414.2924, -387.7422, -54.9097, -711.1071, -379.541, -615.733, -2013.0017]","[3.6307, 2.9996, 2.8547, 2.616, 2.4916, 0.0394, -1000613.5451, -1002010.8137]","[9.048, 9.191, 8.382, 9.441, 9.238, 8.776, 10.474, 8.811]",0.5809,0.0,0.0,0.0,0.0,0.0,0.0,0.0,0.0,0.0,8.3818,8.0,5.3078,10.2861,13.2845,4.1314,6.5197,8.3818,"[[1.116, 0.0], [2.258, 0.0], [3.686, 0.0], [4.542, 0.0], [5.113, 0.0], [6.827, 0.0]]",0.0,0.0,1.7167,0.0,0.0,0.6666,3.0,0.0,ok,10.4743,0.0,0.0,0.0,0.0,0.0,0.0,0.0,0.0,0.0,0979033d108c4beba39e8516fb383230,scene-0909,43
1.1601,1.5122,2.3861,0.851,1.1392,1.4793,0.0,0.0,0.0,0.0,0.0,0.0,0.0,0.0,0.0,ok,straight,1.1601,1.5122,0.1152,0.851,1.1392,1.1483,True,"[-0.0, -0.0653, -0.0653, -0.0653, -0.1958, -0.3264, -0.1305, -0.1305]","[-305.2078, -4.7369, -322.5517, -354.6454, -376.1092, -385.0025, -13916.553, -81058.8574]","[4.3676, 3.6905, 3.6758, 3.6746, 2.2994, 0.922, -1013913.9246, -1081056.229]","[1.148, 1.479, 1.341, 2.15, 2.48, 1.12, 3.383, 6.924]",1.8233,0.0,0.0,0.0,0.0,0.0,0.0,0.0,0.0,0.0,1.1195,8.0,1.1601,1.5122,1.5159,0.851,1.1392,1.1195,"[[2.258, 0.0], [4.542, 0.0], [6.827, -0.131], [9.111, -0.131], [10.824, -0.131], [15.393, 0.0]]",0.0,0.0,-1.4006,0.0,0.0,0.0288,1.0,0.0,ok,6.9242,0.0,0.0,0.0,0.0,0.0,0.0,0.0,0.0,0.0,7fa07947a975451da4b3d7c485af3c07,scene-0909,43
1.3972,3.5891,7.1231,1.1225,2.2422,3.3599,0.0,0.0,0.0,0.0,0.0,0.0,0.0,0.0,0.0,ok,straight,1.3972,3.5891,2.5547,1.1225,2.2422,2.3648,True,"[-0.0653, -0.0653, -0.0653, -0.0653, -0.0, -0.2611, -0.1958, -3.2637]","[-223.6277, -243.3183, -651.7899, -889.4565, -1402.9212, -1850.8748, -2202.7203, -9981.4496]","[4.1314, 4.1249, 3.0597, 2.9811, -1001400.7795, -1001848.7332, -1002199.6485, -1009978.3778]","[2.365, 3.36, 2.469, 1.772, 2.524, 2.375, 3.076, 3.747]",0.5955,0.0,0.0,0.0,0.0,0.0,0.0,0.0,0.0,0.0,1.7716,8.0,1.3972,1.3052,4.8456,1.1225,0.9054,1.7716,"[[1.687, 0.0], [3.686, 0.0], [4.542, 0.0], [6.541, -0.131], [9.968, 0.261], [13.108, -0.131]]",0.0,2.2838,-2.2909,0.0,1.3368,0.5932,1.0,0.0,ok,3.7472,0.0,0.0,0.0,0.0,0.0,0.0,0.0,0.0,0.0,43da50265dfa4876bdf1efed38e7a261,scene-0910,43
0.8503,1.0961,3.2855,0.6124,0.9504,1.4246,0.0,0.0,0.0,0.0,0.0,0.0,0.0,0.0,0.0,ok,straight,0.8503,1.0961,3.2855,0.6124,0.9504,1.4246,False,"[-0.0653, -0.0653, -0.0653, -0.0653, -0.3264, -0.0, -0.0, -0.0653]","[-76.5933, -307.5697, -583.7854, -969.7784, -1560.112, -4817.7089, -9214.8554, -153988.9298]","[2.5446, 2.5324, -1000581.8355, -1000967.8361, -1001558.1698, -1004815.759, -1009212.9055, -1153986.9876]","[1.425, 1.35, 1.329, 0.77, 2.305, 1.568, 2.274, 9.492]",2.6611,0.0,0.0,0.0,0.0,0.0,0.0,0.0,0.0,0.0,0.7699,8.0,0.2924,1.0961,0.4302,0.3873,0.8379,0.7699,"[[2.258, 0.0], [4.542, 0.0], [6.827, -0.131], [9.682, -0.131], [12.537, -0.131], [13.679, -0.131]]",0.5579,0.0,2.8553,0.2251,0.1125,0.6546,3.0,0.0,ok,9.4918,0.0,0.0,0.0,0.0,0.0,0.0,0.0,0.0,0.0,9e226262318d4df88e6221e46b8fe4c9,scene-0910,43
1.6981,3.9592,5.6161,1.1928,2.2375,3.2185,0.0,0.0,0.0,0.0,0.0,0.0,0.0,0.0,0.0,ok,straight,1.6981,3.9592,5.6161,1.1928,2.2375,3.2185,False,"[-0.0653, -0.0653, -0.0653, -0.1958, -0.0653, -0.1958, -0.1305, -0.2611]","[-15.1248, -224.8811, -970.8365, -59.9172, -1204.1016, -2179.8429, -2935.5807, -89092.1423]","[3.489, 1.739, 1.7134, 1.6987, -1001203.6642, -1002177.6628, -1002935.1433, -1089089.9621]","[3.219, 1.94, 2.553, 2.651, 1.359, 3.393, 2.792, 5.135]",1.0505,0.0,0.0,0.0,0.0,0.0,0.0,0.0,0.0,0.0,1.3586,8.0,0.8559,1.6722,0.1495,0.9145,1.24,1.3586,"[[3.115, 0.0], [5.97, 0.0], [8.54, -0.131], [11.11, -0.131], [14.25, -0.131], [17.391, -0.131]]",0.8422,2.287,5.4666,0.2783,0.9975,1.8599,5.0,0.0,ok,5.1352,0.0,0.0,0.0,0.0,0.0,0.0,0.0,0.0,0.0,0a2daeb2d41147fc9fda982ce9783bf8,scene-0910,43
2.3138,4.285,6.6425,1.688,2.8788,4.1932,0.0,0.0,0.0,0.0,0.0,0.0,0.0,0.0,0.0,ok,straight,2.3138,7.4269,8.6412,1.688,4.0211,5.2879,False,"[-0.0653, -0.0653, -0.2611, -0.0653, -0.0, -0.1305, -0.0653, -0.1305]","[-659.407, -469.9624, -280.2697, -3059.8854, -4052.1084, -4523.5941, -5125.1471, -13499.4667]","[4.7153, 2.6984, 2.126, -1003058.4994, -1004048.6585, -1004520.1442, -1005123.761, -1013498.0806]","[5.288, 4.526, 4.958, 5.003, 4.907, 4.432, 5.669, 5.288]",0.3825,0.0,0.0,0.0,0.0,0.0,0.0,0.0,0.0,0.0,4.432,8.0,2.3138,7.4269,6.6432,1.688,4.0211,4.432,"[[3.115, 0.0], [5.97, 0.0], [7.112, -0.131], [9.111, 0.0], [13.679, -0.131], [16.249, -0.131]]",0.0,0.0,1.998,0.0,0.0,0.856,6.0,0.0,ok,5.6694,0.0,0.0,0.0,0.0,0.0,0.0,0.0,0.0,0.0,72359f16eac8449b96dc406f28c93e0d,scene-0910,43
3.5488,6.3437,10.5951,2.3699,3.9061,5.8122,0.0,0.0,0.0,0.0,0.0,0.0,0.0,0.0,0.0,ok,straight,3.8343,7.4837,12.5818,2.9409,4.8331,6.8087,False,"[-0.0, -0.0653, -0.0653, -0.0653, -1.0444, -0.0653, -0.0, -0.1305]","[-82.3424, -27.7269, -85.1092, -157.9664, -1134.9849, -2107.5049, -12620.3022, -56414.2339]","[3.513, 3.3177, 3.3146, 3.2857, -1001132.5328, -1002105.0529, -1012617.8501, -1056411.7569]","[6.809, 6.43, 5.669, 6.003, 6.338, 5.528, 5.955, 5.409]",0.452,0.0,0.0,0.0,0.0,0.0,0.0,0.0,0.0,0.0,5.4094,8.0,3.8343,7.4837,7.4812,2.9409,4.8331,5.4094,"[[2.258, 0.0], [4.828, 0.0], [7.112, -0.131], [9.968, -0.131], [12.537, -0.131], [13.394, 0.0]]",0.0,0.0,5.1006,0.0,0.0,1.3993,7.0,0.0,ok,6.8087,0.0,0.0,0.0,0.0,0.0,0.0,0.0,0.0,0.0,d056b9bdd56f44669540c6c323042d30,scene-0911,43
0.8964,2.9153,6.2233,0.6788,1.4982,2.8705,0.0,0.0,0.0,0.0,0.0,0.0,0.0,0.0,0.0,ok,straight,0.8964,2.9153,6.2233,0.6788,1.4982,2.8705,False,"[-0.1305, -0.1305, -0.1305, -0.3264, -0.0, -0.1305, -0.3264, -8.2899]","[-103.9518, -239.0639, -588.0645, -138.7736, -886.6714, -10694.9121, -400808.1854, -873606.4565]","[3.3358, 3.3256, 3.3245, 3.2531, -1000884.2642, -1010692.5049, -1400805.788, -1873604.0493]","[2.871, 2.776, 2.679, 2.105, 2.309, 3.678, 15.173, 11.691]",4.7322,0.0,0.0,0.0,0.0,0.0,0.0,0.0,0.0,0.0,2.1046,8.0,0.3272,2.9153,3.915,0.3942,1.3559,2.1046,"[[4.257, 0.0], [8.54, -0.131], [12.537, -0.131], [16.249, -0.131], [19.104, -0.261], [23.387, -0.261]]",0.5692,0.0,2.3083,0.2846,0.1423,0.7659,4.0,0.0,ok,15.1726,0.0,0.0,0.0,0.0,0.0,0.0,0.0,0.0,0.0,9c79076d8e9646c5b77fca8fbe189d64,scene-0911,43
1.4153,2.8663,4.9091,1.0192,1.8494,2.6828,0.0,0.0,0.0,0.0,0.0,0.0,0.0,0.0,0.0,ok,straight,1.9919,2.8663,4.9091,1.039,1.8593,2.642,True,"[-0.1305, -0.1958, -0.1305, -1.3055, -0.2611, -0.0653, -0.0653, -0.1958]","[-364.7193, -1710.8113, -3225.0802, -3557.0667, -8089.8315, -176100.6593, -819680.5253, -915969.4347]","[3.3891, -1001708.4993, -1003222.1927, -1003554.1792, -1008086.944, -1176098.3473, -1819678.2133, -1915966.5472]","[2.642, 2.927, 3.161, 2.461, 2.006, 5.29, 9.474, 10.227]",3.0754,0.0,0.0,0.0,0.0,0.0,0.0,0.0,0.0,0.0,2.0059,8.0,0.8575,5.4391,1.1453,1.0249,2.6381,2.0059,"[[4.828, 0.0], [7.969, 0.0], [12.537, -0.131], [16.249, -0.131], [20.818, -0.131], [24.53, -0.261]]",1.1345,-2.5728,3.7638,0.0141,-0.7788,0.6361,2.0,0.0,ok,10.227,0.0,0.0,0.0,0.0,0.0,0.0,0.0,0.0,0.0,4d214e9ba19f48ec8a6e636ca8c6b1c4,scene-0911,43
1.5235,2.9382,3.8692,1.279,1.8479,2.3954,0.0,0.0,0.0,0.0,0.0,0.0,0.0,0.0,0.0,ok,straight,1.5235,2.9382,3.8692,1.279,1.9907,2.4905,False,"[-0.1305, -0.1958, -0.1958, -0.3264, -0.3264, -0.0653, -0.1305, -0.0653]","[-27.3437, -327.3729, -660.328, -94369.4098, -1479.5455, -2020.7404, -2879.1086, -7107.5648]","[3.1812, 2.4952, 2.4844, -1094367.1796, -2002946.8336, -2003488.0284, -2004346.3967, -2008574.8529]","[2.491, 1.632, 3.633, 4.663, 3.448, 2.45, 2.542, 3.172]",0.869,0.0,0.0,0.0,0.0,0.0,0.0,0.0,0.0,0.0,1.6317,8.0,1.5235,2.9382,0.997,1.279,1.9907,1.6317,"[[4.257, 0.0], [8.54, -0.131], [13.394, -0.131], [18.248, -0.131], [23.387, -0.131], [27.956, -0.261]]",0.0,0.0,2.8722,0.0,0.0,0.8589,2.0,0.0,ok,4.6633,0.0,0.0,0.0,0.0,0.0,0.0,0.0,0.0,0.0,2c94aa3401594d3eaa64b3f2281e369c,scene-0911,43
1.914,2.2995,2.6958,1.4679,1.8487,2.193,0.0,0.0,0.0,0.0,0.0,0.0,0.0,0.0,0.0,ok,straight,1.914,2.2995,2.6993,1.4679,1.8487,2.2412,False,"[-0.0653, -0.1305, -0.1958, -0.0653, -0.0653, -0.0653, -0.0653, -0.0653]","[-148.6177, -2846.426, -23242.7697, -27576.3135, -5855.4191, -9670.5072, -10552.7103, -14075.7116]","[2.8963, -1002845.3628, -1023241.7064, -1027575.2503, -2010773.3843, -2014588.4724, -2015470.6755, -2018993.6768]","[2.241, 2.765, 2.827, 10.647, 2.12, 1.818, 2.332, 2.38]",2.7593,0.0,0.0,0.0,0.0,0.0,0.0,0.0,0.0,0.0,1.818,8.0,1.914,1.1346,1.2757,1.4679,2.057,1.818,"[[4.257, 0.0], [8.54, -0.131], [13.394, -0.131], [18.248, -0.131], [22.245, -0.131], [27.956, -0.131]]",0.0,1.1649,1.4237,0.0,-0.2083,0.4232,2.0,0.0,ok,10.6465,0.0,0.0,0.0,0.0,0.0,0.0,0.0,0.0,0.0,8487e4c995874bb2aeb41d6484717d10,scene-0912,43
1.3693,2.7187,3.1108,1.0264,1.7345,2.2542,0.0,0.0,0.0,0.0,0.0,0.0,0.0,0.0,0.0,ok,straight,1.3693,2.7187,4.2528,1.0264,1.7345,2.4446,False,"[-0.1305, -0.1305, -0.0653, -0.3264, -0.1305, -0.1305, -0.3264, -0.1958]","[-16.0343, -1596.7814, -1804.1072, -4209.006, -4616.1932, -5934.4342, -9035.0697, -22323.3826]","[3.8114, -1001593.4237, -1001801.7639, -1004205.6482, -1004612.8354, -1005931.0765, -1009032.7264, -1022321.0393]","[2.445, 2.209, 1.573, 2.142, 1.97, 3.503, 3.023, 2.809]",0.5829,0.0,0.0,0.0,0.0,0.0,0.0,0.0,0.0,0.0,1.5729,8.0,1.3693,2.7187,2.2597,1.0264,1.7345,1.5729,"[[4.257, 0.0], [8.54, -0.131], [12.537, -0.131], [16.82, -0.131], [20.818, -0.131], [24.815, -0.261]]",0.0,0.0,1.9931,0.0,0.0,0.8717,4.0,0.0,ok,3.5031,0.0,0.0,0.0,0.0,0.0,0.0,0.0,0.0,0.0,8b3b8a656b4243898c2233dd936d36eb,scene-0912,43
0.7181,1.5317,1.2568,0.5486,0.9633,1.1412,0.0,0.0,0.0,0.0,0.0,0.0,0.0,0.0,0.0,ok,straight,1.0034,2.1016,1.0021,0.8335,1.2482,1.287,False,"[-0.0653, -0.1305, -0.1305, -0.1958, -0.1305, -0.0653, -0.0, -0.1958]","[-76.1265, -29.6004, -47.3953, -92.2851, -1279.5134, -6237.9033, -7982.1017, -41242.3408]","[2.3488, 1.3196, 1.3182, 0.282, -1001278.472, -1006236.862, -1007981.0603, -1041241.2994]","[1.287, 1.283, 1.378, 1.189, 2.623, 1.896, 3.161, 2.466]",0.7041,0.0,0.0,0.0,0.0,0.0,0.0,0.0,0.0,0.0,1.1892,8.0,0.7181,2.1016,0.3918,0.5486,1.1057,1.1892,"[[3.971, 0.0], [8.254, -0.131], [12.537, -0.131], [16.249, -0.131], [21.103, -0.261], [26.243, -0.131]]",0.2853,0.0,0.6104,0.2849,0.1425,0.0978,2.0,0.0,ok,3.1612,0.0,0.0,0.0,0.0,0.0,0.0,0.0,0.0,0.0,f3c21d4c864e400bb9212a4db0bc8586,scene-0912,43
0.3519,0.5731,0.2554,0.49,0.45,0.4349,0.0,0.0,0.0,0.0,0.0,0.0,0.0,0.0,0.0,ok,straight,0.3519,0.5731,0.541,0.49,0.45,0.4824,False,"[-0.1305, -0.1305, -0.5222, -0.2611, -0.0653, -0.0653, -0.0, -0.2611]","[-16.0343, -575.7278, -192.6421, -503.6417, -2015.0672, -83602.9556, -162668.8786, -724292.3822]","[3.1548, 0.8179, 0.6381, -0.0204, -1002015.0807, -1083600.6346, -1162668.8921, -1724290.0612]","[0.482, 1.768, 0.647, 2.77, 1.837, 8.382, 9.579, 9.81]",3.833,0.0,0.0,0.0,0.0,0.0,0.0,0.0,0.0,0.0,0.4824,8.0,0.3519,0.5731,0.541,0.49,0.45,0.4824,"[[4.257, 0.0], [8.54, -0.131], [12.537, -0.131], [16.82, -0.131], [20.818, -0.131], [24.815, -0.261]]",0.0,0.0,0.0,0.0,0.0,0.0,0.0,1.0,ok,9.8101,0.0,0.0,0.0,0.0,0.0,0.0,0.0,0.0,0.0,410c44889c1f4d458a90f8dd90c31c50,scene-0912,43
3.0481,4.7997,8.7785,2.0786,3.1877,4.524,0.0,0.0,0.0,0.0,0.0,0.0,0.0,0.0,0.0,ok,straight,3.0481,4.7997,8.7812,2.0786,3.1877,4.572,False,"[-0.0653, -0.0653, -0.1305, -0.3264, -0.2611, -0.1305, -0.1958, -0.1958]","[-167.6708, -232.8296, -258.4325, -205.652, -6808.43, -81223.1128, -169759.0995, -857056.7362]","[2.1757, 2.1747, 1.4153, -0.8617, -1006807.9916, -1081222.6736, -1169758.6603, -1857056.2978]","[4.572, 4.205, 3.733, 4.952, 4.823, 5.952, 10.497, 9.9]",2.4562,0.0,0.0,0.0,0.0,0.0,0.0,0.0,0.0,0.0,3.7333,8.0,1.621,4.7997,6.8091,0.9775,2.6372,3.7333,"[[3.686, 0.0], [6.541, -0.131], [10.539, -0.131], [14.25, -0.131], [17.962, -0.131], [19.961, -0.131]]",1.4271,0.0,1.9721,1.1011,0.5505,0.8388,2.0,0.0,ok,10.4969,0.0,0.0,0.0,0.0,0.0,0.0,0.0,0.0,0.0,1f048fa210c64e80b9d57e3dc757702c,scene-0913,43
3.3842,5.6013,9.805,2.3432,3.6751,5.1757,0.0,0.0,0.0,0.0,0.0,0.0,0.0,0.0,0.0,ok,straight,3.3842,5.6013,6.3792,2.3432,3.6751,4.51,True,"[-0.0653, -0.1305, -0.1305, -0.2611, -0.0653, -0.3264, -0.3264, -0.1958]","[-152.4986, -189.5455, -265.4039, -220.1231, -4518.1052, -5534.9921, -7744.4563, -8114.4391]","[3.9597, 3.2974, 3.256, 1.9676, -1004516.3484, -1005533.2353, -1007742.6809, -1008112.6638]","[4.51, 5.081, 4.562, 5.086, 4.896, 4.233, 5.274, 5.224]",0.3552,0.0,0.0,0.0,0.0,0.0,0.0,0.0,0.0,0.0,4.2328,8.0,2.2424,4.7447,4.4012,2.0578,2.8966,4.2328,"[[3.686, 0.0], [6.541, 0.0], [10.539, -0.131], [14.25, -0.131], [18.819, -0.392], [23.387, -0.131]]",1.1418,0.8566,1.978,0.2854,0.7785,0.2771,1.0,0.0,ok,5.2738,0.0,0.0,0.0,0.0,0.0,0.0,0.0,0.0,0.0,4083ba541c6149779624c5d5203925ad,scene-0913,43
1.7797,3.4702,5.2463,1.3198,2.2287,3.0092,0.0,0.0,0.0,0.0,0.0,0.0,0.0,0.0,0.0,ok,straight,1.7797,3.4702,5.2463,1.3198,2.2287,3.0092,False,"[-0.1305, -0.4569, -0.0, -0.1305, -0.1305, -0.5222, -0.3264, -3.5248]","[-17.2341, -577.7948, -1788.0548, -756478.1053, -1874.9863, -2459.5002, -3258.0652, -3933.9899]","[1.6606, -1000576.9955, -1001787.2554, -1756477.3059, -2005258.5103, -2005843.0241, -2006641.5891, -2007317.5139]","[3.009, 2.08, 2.82, 9.136, 2.751, 1.723, 2.659, 2.796]",2.2155,0.0,0.0,0.0,0.0,0.0,0.0,0.0,0.0,0.0,1.7234,8.0,0.2315,3.4702,1.7594,0.5457,1.8417,1.7234,"[[4.257, 0.0], [8.54, -0.131], [12.537, -0.131], [16.82, -0.131], [20.818, -0.261], [24.815, -0.261]]",1.5482,0.0,3.4869,0.7741,0.3871,1.2858,6.0,0.0,ok,9.1356,0.0,0.0,0.0,0.0,0.0,0.0,0.0,0.0,0.0,51bbacdcf4c94b8c977ab36f1f0c9e1b,scene-0913,43
0.5047,1.1371,0.6807,0.3898,0.5152,0.556,0.0,0.0,0.0,0.0,0.0,0.0,0.0,0.0,0.0,ok,straight,0.5047,1.1371,0.317,0.3898,0.5152,0.4954,True,"[-0.1305, -0.1305, -0.5875, -2.3499, -0.3916, -0.2611, -0.0, -0.1958]","[-140.2691, -313.9944, -603.8887, -1735.219, -2410.7502, -2900.1537, -48712.6672, -679663.8041]","[3.511, 3.3702, -1000601.3139, -1001732.6442, -1002408.1755, -1002897.719, -1048710.2325, -1679661.3693]","[0.495, 0.614, 0.824, 1.66, 1.307, 1.186, 5.155, 9.942]",3.0923,0.0,0.0,0.0,0.0,0.0,0.0,0.0,0.0,0.0,0.4954,8.0,0.5047,1.1371,0.317,0.3898,0.5152,0.4954,"[[4.257, 0.0], [8.54, -0.131], [13.394, -0.131], [18.248, -0.131], [21.674, -0.261], [25.957, -0.261]]",0.0,0.0,0.0,0.0,0.0,0.0,0.0,1.0,ok,9.942,0.0,0.0,0.0,0.0,0.0,0.0,0.0,0.0,0.0,10304c813c9d47a8a560f6859dc14b17,scene-0913,43
1.1302,3.0222,4.9145,0.7939,1.6884,2.5913,0.0,0.0,0.0,0.0,0.0,0.0,0.0,0.0,0.0,ok,straight,1.1302,2.03,4.9145,0.7939,1.4404,2.3923,True,"[-1.5666, -1.5666, -2.2193, -1.9582, -1.0444, -5.3525, -2.6763, -8.2899]","[-338.604, -485.9827, -1333.2404, -2211.801, -2399.4577, -2428.5485, -9477.5706, -24072.4584]","[4.0038, 3.9413, -1001330.5932, -1002209.1538, -1002396.8105, -1002425.8583, -1009474.8803, -1024069.7681]","[2.392, 2.247, 2.201, 3.42, 1.865, 3.099, 2.92, 5.451]",1.0631,0.0,0.0,0.0,0.0,0.0,0.0,0.0,0.0,0.0,1.8649,8.0,0.5664,2.03,1.9646,0.3569,1.2219,1.8649,"[[3.115, -0.131], [5.97, -0.261], [8.54, -0.783], [12.252, -1.567], [14.25, -2.089], [17.391, -3.133]]",0.5638,0.0,2.9499,0.437,0.2185,0.5274,3.0,0.0,ok,5.4509,0.0,0.0,0.0,0.0,0.0,0.0,0.0,0.0,0.0,f8de6e9a14d34f2791c21a07ce5d47c5,scene-0914,43
1.7749,1.2874,1.6787,1.1474,1.2759,1.5783,0.0,0.0,0.0,0.0,0.0,0.0,0.0,0.0,0.0,ok,straight,1.7749,1.2874,1.9641,1.1474,1.2759,1.6258,False,"[-0.0653, -0.0653, -0.0, -0.0653, -0.1958, -0.0653, -0.3916, -0.1305]","[-405.2345, -200.4607, -877.6844, -1196.3738, -3784.0994, -5492.0523, -5620.5601, -8588.4541]","[5.1598, 2.8957, -1000876.3484, -1001195.0379, -1003780.4284, -1005488.3813, -1005616.8891, -1008587.1181]","[1.626, 1.501, 1.61, 1.657, 1.529, 4.583, 2.17, 2.787]",0.9958,0.0,0.0,0.0,0.0,0.0,0.0,0.0,0.0,0.0,1.5009,8.0,0.6356,1.8579,1.9641,0.4875,1.0885,1.5009,"[[3.115, 0.0], [5.399, 0.0], [8.54, -0.131], [12.252, -0.131], [14.25, -0.131], [18.248, -0.131]]",1.1393,-0.5705,0.0,0.66,0.1875,0.125,3.0,0.0,ok,4.5831,0.0,0.0,0.0,0.0,0.0,0.0,0.0,0.0,0.0,aa448108d99f49fc9df2da05914f8ad4,scene-0914,43
0.302,0.0718,1.2559,0.3274,0.3568,0.5867,0.0,0.0,0.0,0.0,0.0,0.0,0.0,0.0,0.0,ok,straight,0.302,1.0868,1.2559,0.3274,0.6105,0.7559,False,"[-0.0653, -0.0653, -0.0653, -0.0653, -0.0653, -0.0653, -0.1958, -0.0653]","[-111.1553, -166.4785, -205.0562, -276.2951, -314.1891, -485.1841, -4023.9823, -11329.1728]","[2.4567, 2.4416, 2.4311, 2.412, 2.4016, 2.3553, -1004022.4455, -1011327.636]","[0.756, 0.803, 0.575, 0.456, 0.613, 0.948, 1.477, 1.572]",0.3875,0.0,0.0,0.0,0.0,0.0,0.0,0.0,0.0,0.0,0.456,8.0,0.302,1.0868,0.1756,0.3274,0.6105,0.456,"[[2.258, 0.0], [4.542, 0.0], [6.827, -0.131], [8.54, -0.131], [11.11, -0.131], [12.537, -0.131]]",0.0,0.0,1.0803,0.0,0.0,0.2999,3.0,0.0,ok,1.5716,0.0,0.0,0.0,0.0,0.0,0.0,0.0,0.0,0.0,39ac0d94ecaa4c32a779975bad9502df,scene-0914,43
0.1809,0.5246,3.2302,0.1996,0.4067,0.95,0.0,0.0,0.0,0.0,0.0,0.0,0.0,0.0,0.0,ok,straight,0.1809,0.6853,1.803,0.1996,0.4469,0.8189,True,"[-0.8486, -0.8486, -1.3055, -1.2402, -1.9582, -1.893, -0.7833, -0.3916]","[-83.6241, -456.8276, -589.7962, -1727.7074, -2704.8833, -4459.3031, -28665.7297, -88661.3603]","[2.951, 2.8938, 2.0476, -1001725.9053, -1002703.1255, -1004457.5452, -1028663.9718, -1088659.5582]","[0.819, 1.028, 2.101, 1.603, 1.605, 1.756, 2.196, 3.106]",0.6694,0.0,0.0,0.0,0.0,0.0,0.0,0.0,0.0,0.0,0.8189,8.0,0.1809,0.6853,1.803,0.1996,0.4469,0.8189,"[[1.973, 0.0], [3.686, 0.131], [5.97, 0.392], [7.398, 0.522], [9.111, 0.783], [10.539, 1.697]]",0.0,0.0,0.0,0.0,0.0,0.0,0.0,1.0,ok,3.1056,0.0,0.0,0.0,0.0,0.0,0.0,0.0,0.0,0.0,98605ed784f7455bb52d1994cdbaaaac,scene-0914,43
1.2081,5.5382,11.8355,0.8026,2.4121,5.119,0.0,0.0,0.0,0.0,0.0,0.0,0.0,0.0,0.0,ok,left,1.5365,5.5382,12.3577,0.79,2.4059,5.2018,False,"[-2.7415, -2.7415, -1.3708, 1.2402, 3.5901, 8.2899, -2.2193, 3.7207]","[-489.8615, -933.6303, -1357.3629, -3041.0312, -5685.791, -12494.4285, -24878.8797, -26467.3212]","[0.7763, 0.6238, -1001356.4783, -1003040.1466, -1005684.9065, -1012493.6523, -1024878.1035, -1026466.545]","[5.202, 5.472, 4.581, 3.167, 4.336, 4.347, 4.191, 4.58]",0.6491,0.0,0.0,0.0,0.0,0.0,0.0,0.0,0.0,0.0,3.1674,8.0,1.5365,5.5382,5.793,0.79,2.4059,3.1674,"[[1.402, 0.131], [4.257, -0.261], [5.113, -0.914], [6.541, -2.48], [8.54, -4.569], [9.111, -5.483]]",0.0,0.0,6.5647,0.0,0.0,2.0345,6.0,0.0,ok,5.472,0.0,0.0,0.0,0.0,0.0,0.0,0.0,0.0,0.0,7f8368b7a14341b3bef03a7aec63f9b5,scene-0915,43
3.5535,6.5803,9.2083,2.6056,4.1362,5.6626,0.0,0.0,0.0,0.0,0.0,0.0,0.0,0.0,0.0,ok,straight,3.5535,8.8645,8.6372,2.6056,5.1359,6.234,False,"[-0.1305, -0.1958, -0.0653, -0.0653, -0.0653, -0.1305, -0.3264, -0.3264]","[-270.8164, -377.1826, -717.8465, -1016.2196, -2003.981, -2447.8813, -2703.6088, -7095.6279]","[4.1109, 3.4275, -1000714.2116, -1001013.2914, -1002000.3461, -1002444.2464, -1002699.9739, -1007092.6997]","[6.234, 5.854, 7.519, 5.999, 6.712, 6.187, 5.76, 5.02]",0.6836,0.0,0.0,0.0,0.0,0.0,0.0,0.0,0.0,0.0,5.0201,8.0,3.5535,8.8645,6.1459,2.6056,5.1359,5.0201,"[[3.115, 0.0], [5.399, 0.0], [6.827, 0.0], [8.825, -0.131], [13.108, -0.131], [16.82, -0.261]]",0.0,0.0,2.4914,0.0,0.0,1.2139,5.0,0.0,ok,7.5194,0.0,0.0,0.0,0.0,0.0,0.0,0.0,0.0,0.0,cbd9af2921154c46bf9a5da785624d5f,scene-0915,43
2.0743,4.8139,8.6737,1.4492,2.9801,4.4815,0.0,0.0,0.0,0.0,0.0,0.0,0.0,0.0,0.0,ok,straight,2.0743,5.9557,14.3775,1.4492,3.2655,6.0506,False,"[-0.0653, -0.1305, -0.1305, -0.0653, -0.1958, -0.3264, -0.2611, -0.0653]","[-169.5822, -91.6789, -925.4744, -2194.6594, -8555.0714, -8842.7038, -13123.1086, -1045884.4549]","[5.6182, 4.9086, -1000921.3406, -1002190.5255, -1008550.9376, -1008838.4532, -1013118.858, -2045880.3211]","[6.051, 4.672, 3.768, 3.816, 4.815, 4.248, 5.608, 11.663]",2.4187,0.0,0.0,0.0,0.0,0.0,0.0,0.0,0.0,0.0,3.768,8.0,2.0743,2.8166,8.6737,1.4492,1.9098,3.768,"[[3.115, 0.0], [6.256, 0.0], [8.54, -0.131], [11.11, -0.131], [11.681, -0.131], [10.539, -0.131]]",0.0,3.139,5.7038,0.0,1.3557,2.2826,6.0,0.0,ok,11.6627,0.0,0.0,0.0,0.0,0.0,0.0,0.0,0.0,0.0,35afe50d131847739f3221c6ffb88d42,scene-0915,43
3.1451,6.2376,8.8972,2.1677,3.6749,5.1195,0.0,0.0,0.0,0.0,0.0,0.0,0.0,0.0,0.0,ok,straight,3.1451,5.6666,11.1782,2.1677,3.5322,5.7855,False,"[-0.0, -0.1305, -0.1305, -0.1305, -0.2611, -0.0, -0.1958, -0.0653]","[-520.101, -121.1911, -273.9977, -853.2516, -846.2987, -872.2333, -3575.7102, -15923.6012]","[4.6105, 3.1501, 3.1198, 1.529, -0.0092, -1000869.4372, -1003574.3899, -1015922.2809]","[5.785, 4.977, 4.549, 4.977, 4.599, 4.884, 5.453, 4.804]",0.3937,0.0,0.0,0.0,0.0,0.0,0.0,0.0,0.0,0.0,4.5487,8.0,3.1451,5.6666,6.0434,2.1677,3.5322,4.5487,"[[3.115, 0.0], [5.399, 0.0], [8.54, -0.131], [11.11, -0.131], [11.395, -0.261], [13.679, 0.0]]",0.0,0.0,5.1348,0.0,0.0,1.2368,7.0,0.0,ok,5.7855,0.0,0.0,0.0,0.0,0.0,0.0,0.0,0.0,0.0,88bbcc1cfea447b2a3d6ca38f5c12174,scene-0915,43
0.3975,0.6486,1.1709,0.369,0.3882,0.6424,0.0,0.0,0.0,0.0,0.0,0.0,0.0,0.0,0.0,ok,right,0.3975,0.6486,1.1709,0.369,0.3882,0.6424,False,"[2.7415, 3.7207, 2.8721, -8.2899, -3.1985, 2.7415, 2.2846, 4.1776]","[-129.3184, -1247.1569, -3403.8031, -62133.0699, -8549.4753, -14767.1643, -22241.5549, -23226.11]","[2.5434, -1001245.9551, -1003402.6012, -1062131.868, -2011295.7233, -2017513.4123, -2024987.8029, -2025972.358]","[0.642, 0.983, 1.033, 7.561, 4.361, 1.615, 1.758, 2.33]",2.189,0.0,0.0,0.0,0.0,0.0,0.0,0.0,0.0,0.0,0.6424,8.0,0.3975,0.6486,1.1709,0.369,0.3882,0.6424,"[[1.687, -0.131], [3.686, -0.522], [5.399, -1.567], [6.541, -2.48], [7.969, -3.133], [9.111, -5.483]]",0.0,0.0,0.0,0.0,0.0,0.0,0.0,1.0,ok,7.5612,0.0,0.0,0.0,0.0,0.0,0.0,0.0,0.0,0.0,b5989651183643369174912bc5641d3b,scene-0916,43
1.5665,2.2969,2.0707,1.0734,1.4402,1.7174,0.0,0.0,0.0,0.0,0.0,0.0,0.0,0.0,0.0,ok,right,0.1371,2.2969,2.0707,0.2494,1.0282,1.4427,True,"[2.2846, 2.2846, -0.3264, 0.3264, -8.2899, -8.2899, -1.9582, -8.2899]","[-67.3827, -257.2941, -2590.6052, -2849.0657, -5713.0172, -29139.4821, -34889.576, -51765.2914]","[4.094, 3.8922, -1002588.6918, -1002846.9608, -1005710.9123, -1029137.3771, -1034887.6627, -1051763.3781]","[1.443, 1.717, 2.94, 2.221, 5.171, 4.514, 3.872, 7.676]",1.9511,0.0,0.0,0.0,0.0,0.0,0.0,0.0,0.0,0.0,1.4427,8.0,0.1371,2.2969,2.0707,0.2494,1.0282,1.4427,"[[2.544, 0.131], [4.257, -0.392], [5.113, -0.783], [5.97, -1.567], [7.398, -2.48], [9.111, -4.569]]",0.0,0.0,0.0,0.0,0.0,0.0,0.0,1.0,ok,7.6758,0.0,0.0,1.0,0.0,0.0,1.0,0.0,0.0,0.16666666666666666,858a1ece22cf45d9bc71e42336604b78,scene-0916,43
0.1679,0.1633,0.2159,0.2851,0.2252,0.297,0.0,0.0,0.0,0.0,0.0,0.0,0.0,0.0,0.0,ok,straight,0.1679,0.1633,0.5925,0.2851,0.2252,0.3597,False,"[-0.0, -0.0, -0.1958, -0.0653, -1.0444, -0.0653, -0.1305, -0.718]","[-25.293, -371.678, -448.2771, -2778.707, -7333.3759, -9216.3081, -11851.8747, -1045788.3074]","[3.6598, 1.241, 0.7014, -1002778.6203, -1007330.8713, -1009216.2214, -1011849.3701, -2045785.8028]","[0.36, 0.535, 0.851, 1.052, 1.304, 1.739, 1.49, 9.671]",2.885,0.0,0.0,0.0,0.0,0.0,0.0,0.0,0.0,0.0,0.3597,8.0,0.1679,0.1633,0.5925,0.2851,0.2252,0.3597,"[[3.115, 0.0], [5.685, 0.0], [8.54, 0.0], [11.11, 0.0], [13.679, 0.0], [16.82, 0.0]]",0.0,0.0,0.0,0.0,0.0,0.0,0.0,1.0,ok,9.6709,0.0,0.0,0.0,0.0,0.0,0.0,0.0,0.0,0.0,8573a885a7cb41d185c05029eeb9a54e,scene-0916,43
0.3109,0.3657,1.5434,0.3046,0.2866,0.5902,0.0,0.0,0.0,0.0,0.0,0.0,0.0,0.0,0.0,ok,left,0.3109,0.3657,0.9728,0.3046,0.2934,0.5042,True,"[2.3499, 3.6554, 0.6527, 2.3499, -4.504, 8.2899, 8.2899, 0.9791]","[-39.6572, -1611.0095, -2727.5132, -4217.0326, -11489.8218, -17843.8191, -18696.4497, -22716.2142]","[3.1472, -1001608.6347, -1002725.4458, -1004214.6577, -1011487.7543, -1017841.4443, -1018694.0748, -1022714.1467]","[0.504, 2.018, 1.443, 1.209, 2.764, 5.218, 5.216, 2.222]",1.6534,0.0,0.0,0.0,0.0,0.0,0.0,0.0,0.0,0.0,0.5042,8.0,0.3109,0.3657,0.9728,0.3046,0.2934,0.5042,"[[1.973, 0.131], [3.971, 0.522], [5.97, 1.175], [7.969, 1.697], [9.968, 3.003], [11.11, 4.7]]",0.0,0.0,0.0,0.0,0.0,0.0,0.0,1.0,ok,5.2182,0.0,0.0,1.0,0.0,0.0,1.0,0.0,0.0,0.16666666666666666,e54b784a608644a2804fcf800c7499f7,scene-0916,43
2.4076,4.2474,6.0601,1.9403,2.8366,3.7127,0.0,0.0,0.0,0.0,0.0,0.0,0.0,0.0,0.0,ok,straight,2.9804,3.9634,5.4893,2.2267,2.9088,3.6657,True,"[-0.5222, -0.5222, -0.7833, -0.1305, -0.1958, -1.2402, -8.2899, -1.0444]","[-102.902, -1049.7261, -1903.7427, -4625.5484, -6431.8877, -12024.6081, -57002.8133, -103491.7253]","[3.6885, -1001047.6507, -1001901.6673, -1004622.9409, -1006429.8123, -1012022.5327, -1057000.2058, -1103489.1178]","[3.666, 3.386, 3.866, 6.815, 5.796, 4.359, 9.579, 6.133]",1.9571,0.0,0.0,0.0,0.0,0.0,0.0,0.0,0.0,0.0,3.3863,8.0,3.2641,2.2619,5.4893,2.5114,2.4898,3.3863,"[[3.4, 0.0], [7.112, 0.0], [9.682, 0.261], [12.823, 0.392], [16.249, 0.783], [19.39, 1.044]]",-0.2838,1.7016,0.0,-0.2847,0.419,0.2794,1.0,0.0,ok,9.5791,0.0,0.0,0.0,0.0,0.0,0.0,0.0,0.0,0.0,8c5c08c818d247ee9de5aa08e6762003,scene-0917,43
0.0888,0.1624,0.8015,0.136,0.1499,0.3595,0.0,0.0,0.0,0.0,0.0,0.0,0.0,0.0,0.0,ok,straight,0.0888,0.1624,1.3444,0.136,0.1499,0.45,False,"[-0.0, -0.0, -0.0, -0.0653, -0.0, -0.0653, -0.1958, -0.0653]","[-12.2763, -25.7659, -129.2441, -82.5422, -246.8374, -152.1725, -148.3333, -408.7058]","[4.0127, 3.9005, 2.9276, 2.3956, 2.0622, 1.7041, -0.3296, -1000406.7316]","[0.45, 0.692, 0.612, 1.012, 0.492, 0.659, 0.336, 1.185]",0.2687,0.0,0.0,0.0,0.0,0.0,0.0,0.0,0.0,0.0,0.336,8.0,0.7781,0.1624,0.1781,0.6233,0.3935,0.336,"[[1.116, 0.0], [2.544, 0.0], [3.686, 0.0], [4.542, 0.0], [5.113, 0.0], [5.97, 0.0]]",-0.6893,0.0,1.1663,-0.4873,-0.2436,0.114,1.0,0.0,ok,1.1855,0.0,0.0,0.0,0.0,0.0,0.0,0.0,0.0,0.0,de8043171d774855a2a0059c4c0e14f6,scene-0917,43
0.6087,0.4987,2.0584,0.5681,0.619,0.8547,0.0,0.0,0.0,0.0,0.0,0.0,0.0,0.0,0.0,ok,straight,0.6087,0.4987,2.0635,0.5681,0.4781,0.8573,False,"[-0.6527, -0.4569, -0.0653, -0.4569, -0.5875, -3.6554, -0.1958, -2.2846]","[-230.8613, -814.2845, -502.219, -2073.3675, -3380.268, -4636.8824, -8202.1861, -8677.6981]","[4.3597, 4.3405, -1000499.2522, -1002070.4921, -1003377.3012, -1004634.0069, -1008199.3107, -1008674.8226]","[0.857, 1.015, 1.265, 1.3, 1.448, 2.58, 1.35, 3.694]",0.8989,0.0,0.0,0.0,0.0,0.0,0.0,0.0,0.0,0.0,0.8573,8.0,0.6087,0.4987,2.0635,0.5681,0.4781,0.8573,"[[0.831, 0.0], [1.687, 0.0], [2.544, 0.0], [2.544, 0.0], [2.544, -0.914], [4.828, -1.305]]",0.0,0.0,0.0,0.0,0.0,0.0,0.0,1.0,ok,3.6944,0.0,0.0,0.0,0.0,0.0,0.0,0.0,0.0,0.0,a79ec336177c4db6a5579b335af98991,scene-0917,43
0.4073,0.6625,1.5095,0.2484,0.5287,0.6801,0.0,0.0,0.0,0.0,0.0,0.0,0.0,0.0,0.0,ok,left,0.4073,0.6625,1.5095,0.2484,0.5287,0.6801,False,"[2.3499, 8.2899, -8.2899, 8.2899, 2.3499, 8.2899, 8.2899, 8.2899]","[-387.8659, -67225.9878, -105212.7687, -300288.9345, -1343.5895, -2666.4693, -3652.036, -34042.7075]","[1.582, -1067224.6405, -1105211.4213, -1300287.5872, -2003254.5806, -2004577.4603, -2005563.027, -2035953.6985]","[0.68, 4.101, 6.336, 11.375, 1.271, 3.201, 3.042, 5.037]",3.1582,0.0,0.0,0.0,0.0,0.0,0.0,0.0,0.0,0.0,0.6801,8.0,0.4073,0.6625,1.5095,0.2484,0.5287,0.6801,"[[1.687, 0.131], [3.686, 0.653], [5.97, 1.697], [7.398, 2.35], [8.54, 4.569], [9.968, 4.7]]",0.0,0.0,0.0,0.0,0.0,0.0,0.0,1.0,ok,11.3745,0.0,0.0,0.0,0.0,0.0,0.0,0.0,0.0,0.0,b34a0291b41b46988afe5cca72668bcb,scene-0917,43
0.3574,1.0661,1.1388,0.255,0.6184,0.7472,0.0,0.0,0.0,0.0,0.0,0.0,0.0,0.0,0.0,ok,straight,0.3574,1.0661,1.1388,0.255,0.6184,0.7472,False,"[-0.0653, -0.9138, -0.8486, -0.718, -0.0653, -0.9791, -8.2899, -0.8486]","[-33.4272, -973.0368, -1280.8149, -2008.4086, -2432.4122, -6817.4964, -63387.1245, -66749.943]","[3.3735, 3.0064, -1001278.6959, -1002006.2895, -1002430.2936, -1006815.3778, -1063385.0059, -1066747.8239]","[0.747, 1.013, 0.99, 1.994, 0.869, 1.492, 5.507, 3.326]",1.5475,0.0,0.0,0.0,0.0,0.0,0.0,0.0,0.0,0.0,0.7472,8.0,0.3574,1.0661,1.1388,0.255,0.6184,0.7472,"[[4.257, 0.0], [8.54, 0.0], [12.537, 0.0], [16.82, 0.131], [21.674, 0.131], [25.957, 0.131]]",0.0,0.0,0.0,0.0,0.0,0.0,0.0,1.0,ok,5.5072,0.0,0.0,0.0,0.0,0.0,0.0,0.0,0.0,0.0,bd0c27135b3c43c6b0e59f03fdf441cb,scene-0919,43
1.1872,2.4736,4.1085,0.711,1.4028,2.2309,0.0,0.0,0.0,0.0,0.0,0.0,0.0,0.0,0.0,ok,straight,1.1872,3.1437,4.6577,0.711,1.6251,2.4775,False,"[-0.3916, -0.3916, -0.2611, -0.3264, -0.5222, -0.5222, -1.893, -8.2899]","[-178.2308, -41.6537, -452.1041, -1571.5375, -1777.5689, -2561.444, -4368.5907, -92761.1589]","[3.5545, 3.3072, -1000449.6825, -1001568.8641, -1001775.1473, -1002558.7706, -1004365.9172, -1092758.7373]","[2.477, 2.329, 2.914, 3.121, 2.309, 2.366, 2.138, 7.786]",1.7684,0.0,0.0,0.0,0.0,0.0,0.0,0.0,0.0,0.0,2.1375,8.0,1.1872,3.1437,5.9255,0.711,1.6251,2.1375,"[[3.115, 0.0], [5.685, 0.0], [8.254, 0.522], [10.539, -0.131], [13.108, 0.261], [15.393, 0.783]]",0.0,0.0,-1.2678,0.0,0.0,0.34,4.0,0.0,ok,7.7864,0.0,0.0,0.0,0.0,0.0,0.0,0.0,0.0,0.0,ee810fe8a5f94d5c9c33f6dad8c47383,scene-0919,43
0.8307,1.5358,1.4819,0.565,1.1155,1.1973,0.0,0.0,0.0,0.0,0.0,0.0,0.0,0.0,0.0,ok,left,0.8307,1.2853,1.4819,0.565,1.0529,1.1556,True,"[0.8486, 1.6971, 0.718, 0.8486, 8.2899, 1.1749, 8.2899, 0.5222]","[-102.2814, -1100.9508, -1861.9222, -3684.131, -12949.0964, -15806.6397, -123073.9886, -306078.2194]","[1.9239, -1001098.9869, -1001859.9582, -1003682.2404, -1012947.2058, -1015804.7491, -1123072.0246, -1306076.3288]","[1.156, 1.323, 1.342, 1.569, 4.141, 2.641, 5.468, 6.659]",1.9972,0.0,0.0,0.0,0.0,0.0,0.0,0.0,0.0,0.0,1.1556,8.0,0.8307,1.2853,1.4819,0.565,1.0529,1.1556,"[[3.115, 0.0], [5.97, 0.131], [8.54, 0.522], [12.252, 0.783], [15.393, 1.044], [17.391, 1.697]]",0.0,0.0,0.0,0.0,0.0,0.0,0.0,1.0,ok,6.6595,0.0,0.0,0.0,0.0,0.0,0.0,0.0,0.0,0.0,9ee74c648944413f9019afc2e222c088,scene-0919,43
2.6413,4.2736,6.1485,1.7399,2.5993,3.6221,0.0,1.0,0.0,0.0,1.0,1.0,0.0,0.25,0.16666666666666666,ok,left,0.6429,4.2736,5.8936,0.7407,2.0996,3.3787,True,"[2.2846, 2.2846, 8.2899, 8.2899, 3.1985, 4.1123, 8.2899, 1.2402]","[-432.2843, -3309.8005, -15038.8756, -20820.0351, -51783.0381, -60679.8845, -60991.8215, -76994.9874]","[1.9262, -1003308.7106, -1015037.3744, -1020818.9451, -1051781.9482, -1060678.3834, -1060990.7315, -1076993.4863]","[3.379, 4.363, 3.66, 6.2, 5.87, 4.959, 7.486, 5.597]",1.2885,0.0,1.0,0.0,0.0,1.0,1.0,0.0,0.25,0.16666666666666666,3.3787,8.0,0.6429,4.2736,5.8936,0.7407,2.0996,3.3787,"[[2.544, 0.131], [3.971, 0.653], [7.398, 0.783], [10.539, 1.697], [13.679, 2.48], [15.393, 4.569]]",0.0,0.0,0.0,0.0,0.0,0.0,0.0,1.0,ok,7.4863,0.0,1.0,0.0,0.0,1.0,1.0,0.0,0.25,0.16666666666666666,188fe79624af4474b8b720e2282b406a,scene-0919,43
0.7358,2.25,6.1741,0.4061,1.1057,2.429,0.0,0.0,0.0,0.0,0.0,0.0,0.0,0.0,0.0,ok,right,0.7358,2.25,6.5292,0.4061,1.1057,2.4882,False,"[-1.436, -0.8486, -1.436, -1.5013, -8.2899, -2.4152, -1.6319, 0.3264]","[-46.9892, -438.4108, -307.9599, -362.7063, -10334.9058, -13391.9981, -17553.1459, -1150913.9477]","[1.9239, 1.409, 1.1678, 1.1408, -1010333.6709, -1013390.7632, -1017552.6665, -2150912.7128]","[2.488, 2.456, 2.602, 2.838, 5.285, 3.864, 3.506, 10.993]",2.699,0.0,0.0,0.0,0.0,0.0,0.0,0.0,0.0,0.0,2.4555,8.0,0.6522,2.25,6.3016,0.7487,1.2771,2.4555,"[[2.258, 0.0], [5.113, 0.261], [7.398, 0.653], [9.682, 0.914], [11.966, 1.697], [14.822, 2.872]]",0.0836,0.0,0.2276,-0.3426,-0.1713,0.0327,1.0,0.0,ok,10.9932,0.0,0.0,0.0,0.0,0.0,0.0,0.0,0.0,0.0,e8a25125ab404726ab03976d3871c460,scene-0920,43
2.5619,3.9164,4.3486,1.91,2.6893,3.284,0.0,0.0,0.0,0.0,0.0,0.0,0.0,0.0,0.0,ok,right,2.5619,3.3579,4.3486,1.91,2.6243,3.2692,True,"[2.2846, -0.8486, 3.1332, 2.2846, 3.5248, -8.2899, -8.2899, 2.8721]","[-316.8969, -1154.7176, -1445.3577, -1976.3648, -7517.4858, -29707.4709, -44488.9432, -156141.5695]","[3.6017, -1001151.5788, -1001442.9304, -1001973.2261, -1007515.0585, -1029704.3322, -1044485.8045, -1156139.1423]","[3.269, 4.467, 3.648, 3.922, 5.442, 8.089, 8.06, 5.844]",1.7728,0.0,0.0,0.0,0.0,0.0,0.0,0.0,0.0,0.0,3.2692,8.0,2.5619,3.3579,4.3486,1.91,2.6243,3.2692,"[[3.115, -0.131], [6.541, -0.522], [9.682, -0.914], [12.252, -1.697], [16.249, -3.133], [18.248, -4.569]]",0.0,0.0,0.0,0.0,0.0,0.0,0.0,1.0,ok,8.0892,0.0,0.0,0.0,0.0,0.0,0.0,0.0,0.0,0.0,fb87cdcfffbf4792b5e7c4fd87d97a54,scene-0920,43
4.1001,7.1248,11.2954,2.9208,4.6664,6.5814,0.0,0.0,0.0,0.0,0.0,0.0,0.0,0.0,0.0,ok,straight,4.1001,7.1248,8.7256,2.9208,4.595,6.1055,True,"[-0.718, -0.718, -0.7833, -0.8486, -0.6527, -0.9138, -0.1958, -1.1749]","[-417.3937, -732.4432, -272.5321, -372.3329, -1469.0273, -6965.0047, -29962.4667, -89803.9477]","[2.2131, 2.1609, 1.966, 1.6692, -1001467.5207, -1006963.4981, -1029960.9186, -1089802.3996]","[6.106, 5.868, 7.394, 6.105, 6.956, 4.537, 5.939, 9.792]",1.4433,0.0,0.0,0.0,0.0,0.0,0.0,0.0,0.0,0.0,4.5368,8.0,2.6725,7.1248,7.3075,2.2069,4.2381,4.5368,"[[3.115, 0.0], [6.541, -0.131], [9.111, -0.392], [12.252, -0.522], [16.249, -1.175], [17.391, -1.436]]",1.4276,0.0,1.4181,0.7139,0.3569,1.5688,4.0,0.0,ok,9.7922,0.0,0.0,0.0,0.0,0.0,0.0,0.0,0.0,0.0,b423cc4e44fd40cf920fff82810a93aa,scene-0920,43
2.5177,4.2606,5.8542,1.9498,2.9736,3.8612,0.0,0.0,0.0,0.0,0.0,0.0,0.0,0.0,0.0,ok,straight,2.5177,4.8301,5.8542,1.9498,3.1159,3.9561,False,"[-0.1305, -0.1305, -0.2611, -0.1958, -5.6136, -0.1305, -0.5222, -0.0]","[-7.7506, -492.4728, -1966.163, -4912.1451, -6152.089, -7298.5216, -96886.229, -159516.9984]","[3.0152, 3.0065, -1001964.1765, -1004910.1586, -1006150.1025, -1007296.535, -1096884.2424, -1159515.0118]","[3.956, 4.29, 5.331, 3.097, 6.916, 3.534, 5.435, 13.268]",3.0711,0.0,0.0,0.0,0.0,0.0,0.0,0.0,0.0,0.0,3.0965,8.0,2.5177,6.255,1.3372,1.9498,3.6167,3.0965,"[[4.542, 0.0], [9.111, 0.0], [13.965, -0.131], [18.819, -0.131], [23.387, -0.131], [27.956, -0.261]]",0.0,-1.4249,4.517,0.0,-0.5007,0.8595,2.0,0.0,ok,13.2681,0.0,0.0,0.0,0.0,0.0,0.0,0.0,0.0,0.0,d640474c9a0341fd91f2bd24d6deec25,scene-0920,43
0.3176,0.5274,0.1168,0.2951,0.2933,0.2396,0.0,0.0,0.0,0.0,0.0,0.0,0.0,0.0,0.0,ok,straight,0.3176,0.5274,0.2215,0.2951,0.2933,0.257,False,"[-0.0653, -0.1958, -0.1305, -0.0653, -0.0653, -0.0, -0.0653, -0.0653]","[-98.6303, -5232.7745, -8562.8231, -17361.3845, -21402.9393, -23116.6799, -23428.9253, -1118924.335]","[3.4909, -1005230.0014, -1008560.05, -1017358.6114, -2051816.9025, -2053530.6431, -2053842.8884, -3149338.2981]","[0.257, 1.593, 1.209, 1.569, 1.777, 2.296, 2.431, 11.527]",3.3457,0.0,0.0,0.0,0.0,0.0,0.0,0.0,0.0,0.0,0.257,8.0,0.3176,0.5274,0.2215,0.2951,0.2933,0.257,"[[3.115, 0.0], [5.399, 0.0], [8.54, 0.0], [11.11, -0.131], [13.108, -0.131], [15.393, -0.131]]",0.0,0.0,0.0,0.0,0.0,0.0,0.0,1.0,ok,11.5266,0.0,0.0,0.0,0.0,0.0,0.0,0.0,0.0,0.0,852e22dbdbbf422e99224c488d7618bf,scene-0921,43
0.1744,1.3541,4.1873,0.1005,0.6254,1.5254,0.0,0.0,0.0,0.0,0.0,0.0,0.0,0.0,0.0,ok,straight,0.1744,1.9251,4.1873,0.1005,0.6968,1.6206,False,"[-0.0, -0.0, -0.1958, -0.0653, -0.0, -0.1305, -0.0, -0.0653]","[-37.5563, -78.4818, -890.9223, -1109.9174, -1596.8094, -2477.1103, -8690.8189, -753005.6564]","[3.8767, 3.8765, -1000888.2627, -1001107.2668, -1001594.1588, -1002474.4597, -1008688.1593, -1753003.0058]","[1.621, 1.05, 1.245, 1.873, 1.396, 1.16, 1.513, 8.934]",2.5011,0.0,0.0,0.0,0.0,0.0,0.0,0.0,0.0,0.0,1.0495,8.0,0.1744,1.9251,1.6176,0.1005,0.6968,1.0495,"[[1.402, 0.0], [2.544, 0.0], [3.686, 0.0], [5.113, 0.0], [5.97, 0.0], [7.398, 0.0]]",0.0,0.0,2.5697,0.0,0.0,0.571,5.0,0.0,ok,8.9339,0.0,0.0,0.0,0.0,0.0,0.0,0.0,0.0,0.0,ae572fa851ae494a8f9288e627db0be8,scene-0921,43
3.1258,6.5462,8.9458,2.4065,3.976,5.3601,0.0,0.0,0.0,0.0,0.0,0.0,0.0,0.0,0.0,ok,straight,3.1258,6.5462,6.5333,2.4065,3.976,4.9597,True,"[-1.5666, -2.4804, -2.4804, -2.611, -3.1985, -1.1749, -1.9582, -3.5901]","[-555.3846, -405.1513, -146.566, -1590.7404, -7253.8583, -8689.0021, -16244.3636, -143966.4102]","[4.265, 3.0608, 3.0553, -1001588.0236, -1007251.1414, -1008686.2852, -1016241.6578, -1143963.7044]","[4.96, 5.274, 5.36, 5.832, 4.731, 5.26, 6.211, 8.097]",1.0002,0.0,0.0,0.0,0.0,0.0,0.0,0.0,0.0,0.0,4.7308,8.0,3.1258,5.4216,10.955,2.4065,3.8473,4.7308,"[[1.687, 0.0], [3.115, -0.261], [4.542, -0.783], [6.541, -1.958], [7.969, -1.436], [7.398, -3.133]]",0.0,1.1246,-4.4217,0.0,0.1287,0.2288,1.0,0.0,ok,8.0974,0.0,1.0,0.0,0.0,1.0,1.0,0.0,0.25,0.3333333333333333,c2f07ed47010457db915a4190dfe662f,scene-0921,43
1.3776,2.8436,4.629,0.8865,1.713,2.5059,0.0,0.0,0.0,0.0,0.0,0.0,0.0,0.0,0.0,ok,left,1.0641,2.8436,1.2426,1.1518,1.8457,1.7571,True,"[2.4804, 0.5222, 2.2193, 0.4569, 0.5222, 2.611, 8.2899, -5.0914]","[-263.948, -198.7776, -1929.2004, -2403.178, -3806.911, -27017.9214, -34734.107, -48396.8178]","[1.6303, 1.0664, -1001926.1078, -1002402.6497, -1003803.8185, -1027014.8289, -1034731.0144, -1048396.2895]","[1.757, 2.535, 1.38, 2.229, 2.076, 2.102, 3.724, 6.426]",1.521,0.0,0.0,1.0,0.0,0.0,1.0,0.0,0.0,0.16666666666666666,1.3799,8.0,1.0641,1.551,0.5452,1.1518,1.1573,1.3799,"[[0.259, 0.0], [1.973, 0.131], [2.544, 0.131], [3.686, 0.392], [5.685, 1.828], [7.112, 4.961]]",0.0,1.2926,0.6974,0.0,0.6884,0.3773,1.0,0.0,ok,6.4255,0.0,0.0,0.0,0.0,0.0,0.0,0.0,0.0,0.0,4fe7d92f1beb403aa1e9228dc8de8365,scene-0921,43
0.3612,0.6633,1.4744,0.2795,0.3792,0.671,0.0,0.0,0.0,0.0,0.0,0.0,0.0,0.0,0.0,ok,straight,0.38,0.6633,0.9034,0.289,0.3839,0.6276,True,"[-0.1305, -0.2611, -0.5875, -0.2611, -0.1305, -0.0, -0.0653, -1.1749]","[-284.6092, -1319.6765, -5925.457, -6723.8494, -7007.8238, -35997.5928, -159949.8873, -607736.4352]","[3.7542, -1001318.2677, -1005924.0482, -1006721.1576, -1007006.415, -1035994.9009, -1159947.1954, -1607735.0264]","[0.628, 1.106, 1.44, 1.244, 1.175, 2.522, 5.184, 9.006]",2.7106,0.0,0.0,0.0,0.0,0.0,0.0,0.0,0.0,0.0,0.6276,8.0,0.38,0.6633,0.9034,0.289,0.3839,0.6276,"[[4.542, 0.0], [9.111, 0.0], [13.965, -0.131], [18.248, -0.131], [22.245, -0.131], [29.098, -0.261]]",0.0,0.0,0.0,0.0,0.0,0.0,0.0,1.0,ok,9.0064,0.0,0.0,0.0,0.0,0.0,0.0,0.0,0.0,0.0,73c335a2a207457ea36cc855b2417bd9,scene-0922,43
2.5693,5.4227,9.7185,2.0359,3.533,5.3059,0.0,0.0,0.0,0.0,0.0,0.0,0.0,0.0,0.0,ok,straight,2.8548,5.4227,9.716,2.0358,3.5329,5.3055,True,"[-0.1305, -0.1305, -1.7624, -0.0, -0.1958, -0.2611, -0.0653, -0.3916]","[-283.8312, -410.1273, -1073.2997, -2026.4263, -2817.8187, -4758.2297, -11656.3799, -357188.5982]","[2.9307, 2.9288, -1001071.2114, -1002024.3387, -1002815.7303, -1004756.1421, -1011654.2915, -1357186.5106]","[5.305, 5.305, 6.576, 6.024, 6.544, 6.733, 6.45, 19.439]",4.4315,0.0,0.0,0.0,0.0,0.0,0.0,0.0,0.0,0.0,5.3055,8.0,2.8548,5.4227,9.716,2.0358,3.5329,5.3055,"[[4.828, 0.0], [9.968, 0.0], [15.107, -0.131], [19.104, -0.131], [24.815, -0.131], [29.669, -0.261]]",0.0,0.0,0.0,0.0,0.0,0.0,0.0,1.0,ok,19.4391,0.0,0.0,0.0,0.0,0.0,0.0,0.0,0.0,0.0,670e1b3ad3284258a44ca913f61d6065,scene-0922,43
1.9063,4.218,6.3869,1.2096,2.3237,3.529,0.0,0.0,0.0,0.0,0.0,0.0,0.0,0.0,0.0,ok,straight,1.9063,4.218,6.3869,1.2096,2.3237,3.529,False,"[-0.0653, -0.0653, -0.0653, -1.1097, -0.3264, -0.0, -0.3264, -0.4569]","[-94.9959, -793.9184, -500.015, -604.9733, -2248.9648, -3174.6542, -3234.5209, -116764.234]","[4.1883, 4.17, 4.1682, -1000601.8916, -1002245.8831, -1003171.582, -1003231.4488, -1116761.1619]","[3.529, 2.863, 3.34, 2.446, 2.656, 3.396, 2.428, 5.697]",0.9939,0.0,0.0,0.0,0.0,0.0,0.0,0.0,0.0,0.0,2.4276,8.0,1.9063,3.9338,4.6152,1.2096,2.0401,2.4276,"[[2.829, 0.0], [4.828, 0.0], [7.398, 0.0], [9.111, 0.131], [11.11, 0.131], [13.679, 0.131]]",0.0,0.2843,1.7717,0.0,0.2835,1.1014,6.0,0.0,ok,5.6966,0.0,0.0,0.0,0.0,0.0,0.0,0.0,0.0,0.0,42ec31bccc17489eabb72278e2d3758c,scene-0922,43
0.4545,1.1375,0.5739,0.3702,0.6443,0.655,0.0,0.0,0.0,0.0,0.0,0.0,0.0,0.0,0.0,ok,straight,0.4545,1.1375,0.5739,0.3702,0.517,0.5701,True,"[-0.1305, -0.1958, -0.6527, -0.1958, -0.1305, -0.0653, -0.2611, -1.5666]","[-182.0849, -345.9391, -474.6131, -1226.0204, -2261.5604, -2577.7895, -3131.723, -5305.816]","[4.1198, 3.8818, 2.836, -1001226.0685, -1002261.6084, -1002577.8376, -1003129.2433, -1005305.864]","[0.57, 0.453, 1.033, 1.207, 0.707, 1.745, 1.556, 1.653]",0.474,0.0,0.0,0.0,0.0,0.0,0.0,0.0,0.0,0.0,0.4533,8.0,0.4545,1.1375,0.4544,0.3702,0.517,0.4533,"[[3.4, 0.0], [6.827, -0.131], [10.539, -0.131], [12.823, -0.261], [16.249, -0.392], [19.961, -0.261]]",0.0,0.0,0.1194,0.0,0.0,0.1168,1.0,0.0,ok,1.7449,0.0,0.0,0.0,0.0,0.0,0.0,0.0,0.0,0.0,af48d5a32c984af28c2e0804b0631714,scene-0922,43
2.1428,3.7984,6.4274,1.9666,2.6114,3.7113,0.0,0.0,0.0,0.0,0.0,0.0,0.0,0.0,0.0,ok,straight,2.1428,2.9422,6.4274,1.9666,2.3259,3.521,True,"[-0.1305, -0.2611, -0.1305, -0.0, -0.3916, -0.0653, -0.0653, -0.1305]","[-320.9879, -269.4909, -1109.8829, -3606.561, -9582.9748, -18216.17, -28713.5768, -637905.6625]","[3.5431, 2.4231, 1.4516, -1003603.5764, -1009582.0779, -1018215.2731, -1028712.6799, -1637902.6779]","[3.521, 2.807, 3.378, 2.55, 4.283, 11.468, 10.706, 10.897]",3.771,0.0,0.0,0.0,0.0,0.0,0.0,0.0,0.0,0.0,2.5505,8.0,2.1428,2.9422,0.4918,1.9666,2.3259,2.5505,"[[5.113, 0.0], [10.539, 0.0], [15.107, -0.131], [19.961, -0.131], [26.814, -0.131], [32.239, -0.261]]",0.0,0.0,5.9356,0.0,0.0,0.9705,3.0,0.0,ok,11.4684,0.0,0.0,0.0,0.0,0.0,0.0,0.0,0.0,0.0,c07a480048b04e989f6fc1e002e5c5b8,scene-0923,43
1.0587,1.3376,2.0524,0.7758,1.2647,1.6157,0.0,0.0,0.0,0.0,0.0,0.0,0.0,0.0,0.0,ok,straight,1.0587,1.3376,1.4953,0.7758,1.0515,1.146,True,"[-0.0653, -0.0653, -0.0653, -0.0, -0.3264, -0.0653, -0.0653, -0.3916]","[-93.3893, -407.1517, -963.4918, -2007.8824, -5494.0207, -9383.3742, -9442.4393, -685282.8314]","[4.5779, 4.5766, -1000959.7941, -1002004.1846, -1005490.3229, -1009379.6765, -1009438.7415, -1685279.1337]","[1.146, 1.381, 3.988, 3.461, 1.869, 2.427, 2.697, 9.134]",2.3985,0.0,0.0,0.0,0.0,0.0,0.0,0.0,0.0,0.0,1.146,8.0,1.0587,1.3376,1.4953,0.7758,1.0515,1.146,"[[4.828, 0.0], [9.682, 0.0], [14.25, -0.131], [19.104, -0.131], [23.387, -0.131], [29.098, -0.131]]",0.0,0.0,0.0,0.0,0.0,0.0,0.0,1.0,ok,9.134,0.0,0.0,0.0,0.0,0.0,0.0,0.0,0.0,0.0,cd29200927db42dcb63c2db3349a8698,scene-0923,43
2.1152,4.9458,7.4221,1.5791,2.8321,4.2428,0.0,0.0,0.0,0.0,0.0,0.0,0.0,0.0,0.0,ok,straight,2.1152,4.9458,7.4221,1.5791,2.8321,4.2428,False,"[-0.0653, -0.0653, -0.0653, -0.3916, -0.3264, -0.1958, -5.7442, -0.4569]","[-38.3759, -86.9537, -1096.6594, -1158.3267, -1414.085, -5914.2532, -7845.1585, -8861.5512]","[4.0522, 3.9773, -1001094.0915, -1001155.6982, -1001411.4565, -1005911.6853, -1007842.5906, -1008858.9227]","[4.243, 4.338, 4.01, 3.398, 5.101, 2.582, 4.728, 3.559]",0.7487,0.0,0.0,0.0,0.0,0.0,0.0,0.0,0.0,0.0,2.5817,8.0,2.1152,4.9458,3.1668,1.8646,2.9749,2.5817,"[[3.686, 0.0], [7.398, 0.0], [11.11, -0.131], [14.25, -0.131], [17.391, -0.131], [21.674, -0.131]]",0.0,0.0,4.2553,-0.2855,-0.1427,1.6611,4.0,0.0,ok,5.1011,0.0,0.0,0.0,0.0,0.0,0.0,0.0,0.0,0.0,77b766e9aa56434f8d975037278b9a62,scene-0923,43
0.3582,0.3902,1.6753,0.1993,0.2796,0.7654,0.0,0.0,0.0,0.0,0.0,0.0,0.0,0.0,0.0,ok,straight,0.3582,0.9743,0.4347,0.1993,0.4179,0.6508,True,"[-0.0653, -0.1958, -0.1305, -0.0653, -0.0653, -0.0653, -0.2611, -0.0653]","[-212.2118, -326.4774, -1490.9828, -1567.9189, -4721.0571, -13784.1483, -42210.9729, -101732.2523]","[3.0299, 1.1911, -1001489.257, -1001567.2604, -1004720.3987, -1013783.4899, -1042210.3145, -1101730.5265]","[0.651, 1.893, 1.122, 0.625, 1.875, 1.619, 7.863, 7.012]",2.7068,0.0,0.0,0.0,0.0,0.0,0.0,0.0,0.0,0.0,0.6246,8.0,0.3582,0.786,0.4347,0.1993,0.3785,0.6246,"[[5.113, 0.0], [9.968, -0.131], [15.678, 0.0], [20.532, 0.0], [25.957, -0.131], [29.669, -0.131]]",0.0,0.1883,0.0,0.0,0.0393,0.0262,1.0,0.0,ok,7.8632,0.0,0.0,0.0,0.0,0.0,0.0,0.0,0.0,0.0,f74ca01fe91e421b9f96864d8d59feca,scene-0923,43
0.6143,1.3125,1.5703,0.5387,0.8251,1.2079,0.0,0.0,0.0,0.0,0.0,0.0,0.0,0.0,0.0,ok,straight,0.6143,1.3125,1.5703,0.5387,0.8251,1.2079,False,"[-0.1305, -0.1305, -0.1958, -0.6527, -0.2611, -0.0653, -0.0653, -0.0653]","[-153.6991, -1424.0406, -1860.7395, -2043.1267, -2713.8265, -2804.1681, -10814.899, -240024.6346]","[0.7051, -1001424.1105, -1001860.8094, -1002043.1907, -1002713.8964, -1002804.232, -1010814.969, -1240024.6986]","[1.208, 0.861, 0.825, 1.007, 1.993, 1.667, 1.388, 10.024]",2.9167,0.0,0.0,0.0,0.0,0.0,0.0,0.0,0.0,0.0,0.8246,8.0,0.8176,0.1693,2.2032,0.4983,0.3052,0.8246,"[[3.115, 0.0], [6.541, -0.131], [9.682, -0.131], [12.823, -0.131], [15.393, -0.261], [19.961, -0.261]]",-0.2033,1.1432,-0.6329,0.0404,0.5199,0.3833,3.0,0.0,ok,10.0239,0.0,0.0,0.0,0.0,0.0,0.0,0.0,0.0,0.0,c201dea88033406fb304747d32b823a6,scene-0924,43
0.8127,0.9167,2.4263,0.4997,0.6944,0.9836,0.0,0.0,0.0,0.0,0.0,0.0,0.0,0.0,0.0,ok,straight,0.8127,0.9167,2.4263,0.4997,0.6944,1.316,False,"[-0.0653, -0.0653, -0.0653, -0.1305, -0.1305, -0.0653, -0.0, -0.0653]","[-296.3087, -785.2242, -1883.8347, -5292.8714, -1997.7676, -4097.2547, -6146.2873, -818225.7875]","[2.1959, -1000783.6245, -1001882.235, -1005291.2718, -2002985.0155, -2005084.5026, -2007133.5353, -2819213.0354]","[1.316, 1.509, 1.565, 3.467, 1.587, 1.44, 2.066, 9.302]",2.5489,0.0,0.0,0.0,0.0,0.0,0.0,0.0,0.0,0.0,1.316,8.0,0.8127,0.9167,2.4263,0.4997,0.6944,1.316,"[[3.686, 0.0], [6.827, 0.0], [10.539, -0.131], [14.25, -0.131], [16.249, -0.131], [19.961, -0.131]]",0.0,0.0,0.0,0.0,0.0,0.0,0.0,1.0,ok,9.3021,0.0,0.0,0.0,0.0,0.0,0.0,0.0,0.0,0.0,2402ba90f72345d2abbc04224afd0330,scene-0924,43
1.8408,4.3377,6.2428,1.3066,2.4454,3.3146,0.0,0.0,0.0,0.0,0.0,0.0,0.0,0.0,0.0,ok,straight,1.8408,2.6297,6.2428,1.3066,2.1652,3.1278,True,"[-0.1305, -0.3264, -0.1305, -0.5875, -0.6527, -0.2611, -0.2611, -1.6971]","[-555.8446, -660.0279, -619.2921, -226.0919, -8272.4912, -13991.9493, -23675.0819, -64175.7006]","[4.1204, 3.7115, 3.6208, 2.6976, -1008269.8007, -1013989.2589, -1023672.888, -1064173.5067]","[3.128, 3.135, 3.315, 3.605, 5.461, 7.766, 3.905, 12.178]",2.9911,0.0,0.0,0.0,0.0,0.0,0.0,0.0,0.0,0.0,3.1278,8.0,1.8408,2.6297,6.2428,1.3066,2.1652,3.1278,"[[4.257, 0.0], [8.54, 0.0], [13.108, -0.261], [15.107, 0.0], [18.819, 0.261], [23.387, 0.261]]",0.0,0.0,0.0,0.0,0.0,0.0,0.0,1.0,ok,12.1777,0.0,0.0,0.0,0.0,0.0,0.0,0.0,0.0,0.0,43e78092d75e44d7943687203bc111d8,scene-0924,43
5.3539,11.0529,13.563,4.0514,6.87,8.9524,0.0,0.0,0.0,0.0,0.0,0.0,0.0,0.0,0.0,ok,straight,5.3539,11.0616,13.5504,4.0514,6.8722,9.1415,False,"[-0.6527, -1.436, -0.5875, -1.2402, -0.6527, -0.6527, -1.5013, -0.7833]","[-221.755, -1083.1481, -1881.8238, -781873.8609, -5322.7279, -6893.4428, -15619.2182, -444722.9969]","[3.3028, -1001081.2022, -1001879.8779, -1781871.9149, -2008559.0117, -2010129.7266, -2018855.502, -2447959.2807]","[9.141, 8.842, 10.083, 16.548, 7.776, 9.09, 10.497, 24.124]",5.2209,0.0,0.0,0.0,0.0,0.0,0.0,0.0,0.0,0.0,7.7761,8.0,5.3539,9.0432,12.4136,4.0514,6.7944,7.7761,"[[4.257, 0.0], [8.54, -0.131], [13.394, -0.392], [18.248, -0.783], [23.387, -1.044], [25.957, -1.305]]",0.0,2.0183,1.1368,0.0,0.0778,1.3654,3.0,0.0,ok,24.1237,0.0,0.0,0.0,0.0,0.0,0.0,0.0,0.0,0.0,6621ea99f14447fdab044d69eac8062a,scene-0924,43
5.081,10.6959,15.4922,3.6955,6.3395,9.1166,0.0,0.0,0.0,0.0,0.0,0.0,0.0,0.0,0.0,ok,straight,5.081,10.6959,15.4922,3.6955,6.3395,9.1166,False,"[-0.1305, -0.1305, -0.1958, -0.1958, -0.5222, -0.0, -0.0653, -0.1958]","[-156.2226, -738.3459, -598.4014, -1992.1174, -2800.3498, -8786.409, -13734.0631, -139109.4102]","[3.1733, 2.8064, -1000596.0299, -1001990.0999, -1002797.9783, -1008784.3915, -1013731.6917, -1139107.3927]","[9.117, 9.735, 7.881, 9.213, 9.408, 11.163, 8.926, 8.546]",0.8954,0.0,0.0,0.0,0.0,0.0,0.0,0.0,0.0,0.0,7.8809,8.0,5.081,10.6959,9.7894,3.6955,6.3395,7.8809,"[[3.115, 0.0], [6.541, 0.0], [9.111, -0.131], [12.823, -0.131], [16.249, -0.131], [18.248, -0.261]]",0.0,0.0,5.7028,0.0,0.0,1.2357,3.0,0.0,ok,11.1627,0.0,0.0,0.0,0.0,0.0,0.0,0.0,0.0,0.0,e6fcfc5cd0254eee901c1bbc0a30a6ba,scene-0925,43
4.6561,8.8066,14.831,3.3683,5.3559,7.9422,0.0,0.0,0.0,0.0,0.0,0.0,0.0,0.0,0.0,ok,straight,4.6561,8.8066,14.831,3.3683,5.4986,7.9423,False,"[-0.0653, -0.0653, -0.1958, -0.0, -0.1305, -0.1958, -0.1958, -0.1958]","[-187.1317, -216.7252, -1726.0657, -2726.7939, -2807.8607, -3690.665, -4561.1823, -7505.2111]","[4.705, 4.6845, -1001723.4722, -1002724.2004, -1002805.2672, -1003688.0789, -1004558.5962, -1007502.6249]","[7.942, 8.228, 7.468, 7.371, 9.132, 8.467, 7.802, 7.8]",0.537,0.0,0.0,0.0,0.0,0.0,0.0,0.0,0.0,0.0,7.3711,8.0,4.6561,8.8066,13.9741,3.3683,5.4986,7.3711,"[[2.258, 0.0], [5.113, 0.0], [7.398, 0.0], [9.968, 0.0], [11.966, -0.131], [15.964, -0.131]]",0.0,0.0,0.857,0.0,0.0,0.5712,4.0,0.0,ok,9.1321,0.0,0.0,0.0,0.0,0.0,0.0,0.0,0.0,0.0,9f7941301fc440459a1a6dd8182d4f91,scene-0925,43
3.5115,5.3228,6.3218,2.741,3.6959,4.4883,0.0,0.0,0.0,0.0,0.0,0.0,0.0,0.0,0.0,ok,straight,3.7971,7.3186,6.3218,3.0265,4.8378,5.2495,False,"[-0.0653, -0.0653, -0.0, -0.3916, -0.0653, -0.0653, -0.1305, -1.8277]","[-628.8075, -718.1872, -381.2707, -875.7731, -2650.583, -4722.9744, -4806.8391, -11825.8614]","[3.1035, 2.7612, -1000379.3611, -1000874.1812, -1002648.6734, -1004721.0648, -1004805.2472, -1011824.2695]","[5.25, 4.964, 5.68, 4.749, 5.36, 4.203, 4.682, 5.452]",0.4536,0.0,0.0,0.0,0.0,0.0,0.0,0.0,0.0,0.0,4.2027,8.0,3.7971,7.3186,3.4612,3.0265,4.8378,4.2027,"[[2.829, 0.0], [5.685, 0.0], [9.396, -0.131], [12.537, 0.0], [13.108, -0.131], [15.964, -0.131]]",0.0,0.0,2.8605,0.0,0.0,1.0468,4.0,0.0,ok,5.6802,0.0,0.0,0.0,0.0,0.0,0.0,0.0,0.0,0.0,870569ebe8bf460eb4dc77e7a465975e,scene-0925,43
2.2906,6.0277,11.7131,1.8458,3.3199,5.3557,0.0,0.0,0.0,0.0,0.0,0.0,0.0,0.0,0.0,ok,straight,2.2906,6.0277,9.9999,1.8458,3.3199,5.0702,True,"[-0.0653, -0.3264, -0.0, -0.718, -0.0653, -5.94, -0.0653, -0.7833]","[-251.5695, -1295.8028, -1297.9458, -2225.6621, -8018.0735, -31095.2467, -46595.4517, -104971.3438]","[3.9186, -1001295.448, -1001297.591, -1002222.9405, -1008017.7187, -1031094.8919, -1046592.73, -1104968.6221]","[5.07, 7.407, 8.26, 6.318, 6.166, 6.651, 6.121, 12.119]",2.0366,0.0,0.0,0.0,0.0,0.0,0.0,0.0,0.0,0.0,5.0702,8.0,2.2906,6.0277,9.9999,1.8458,3.3199,5.0702,"[[4.542, 0.0], [8.54, 0.0], [12.823, 0.0], [18.248, 0.0], [22.245, 0.0], [27.385, -0.131]]",0.0,0.0,0.0,0.0,0.0,0.0,0.0,1.0,ok,12.1194,0.0,0.0,0.0,0.0,0.0,0.0,0.0,0.0,0.0,b9ac916091a2417a87126eb9ddd22474,scene-0925,43
2.3616,4.5415,5.998,1.8317,3.0319,3.9286,0.0,0.0,0.0,0.0,0.0,0.0,0.0,0.0,0.0,ok,straight,2.3616,3.9839,5.998,1.8317,2.8925,3.8356,True,"[-0.8486, -0.718, -0.8486, -7.5066, -0.9138, -0.8486, -3.1332, -2.0888]","[-367.3429, -1299.507, -1760.7981, -160922.4507, -4766.3199, -5749.4576, -18092.1582, -95695.1405]","[3.4849, -1001297.2385, -1001758.5296, -1160920.1823, -2007512.6633, -2008495.801, -2020838.5016, -2098441.4839]","[3.836, 4.008, 5.092, 9.437, 3.832, 2.97, 3.4, 6.226]",1.9812,0.0,0.0,0.0,0.0,0.0,0.0,0.0,0.0,0.0,2.9701,8.0,0.6449,1.7191,5.998,1.1187,1.5943,2.9701,"[[1.973, 0.0], [3.686, 0.131], [5.97, 0.522], [6.827, 0.783], [9.111, 1.697], [10.539, 1.697]]",1.7168,2.2648,0.0,0.713,1.2982,0.8655,3.0,0.0,ok,9.4372,0.0,0.0,0.0,0.0,0.0,0.0,0.0,0.0,0.0,45eda670b5a840acbb730aac15e63b19,scene-0926,43
0.1128,0.3597,0.6998,0.2284,0.3058,0.524,0.0,0.0,0.0,0.0,0.0,0.0,0.0,0.0,0.0,ok,straight,0.5389,0.3597,0.799,0.7319,0.5575,0.7079,False,"[-1.0444, -1.0444, -0.9138, -0.5875, -1.0444, -1.436, -3.5248, -0.9791]","[-200.1586, -3874.5246, -3894.7783, -5660.5497, -5891.7545, -6130.5389, -61696.3844, -71267.2381]","[4.4498, -1003871.382, -1003891.3752, -1005657.4072, -1005888.3514, -1006127.1358, -1061693.2419, -1071264.0955]","[0.708, 1.334, 1.502, 2.436, 1.632, 1.551, 3.923, 2.945]",0.967,0.0,0.0,0.0,0.0,0.0,0.0,0.0,0.0,0.0,0.7079,8.0,0.5389,0.3597,0.799,0.7319,0.5575,0.7079,"[[3.115, -0.261], [5.113, 0.0], [7.683, -0.522], [9.682, -0.783], [11.681, -1.175], [15.393, -2.089]]",0.0,0.0,0.0,0.0,0.0,0.0,0.0,1.0,ok,3.9228,0.0,0.0,0.0,0.0,0.0,0.0,0.0,0.0,0.0,6d24000d98854d99b5af251bfdf31561,scene-0926,43
0.6361,0.9345,2.5745,0.549,0.6451,1.0782,0.0,0.0,0.0,0.0,0.0,0.0,0.0,0.0,0.0,ok,straight,0.6361,0.9345,2.5745,0.549,0.6451,1.0782,False,"[-0.0653, -0.0653, -0.0653, -0.1305, -0.0, -0.0653, -0.0653, -0.0653]","[-27.1207, -142.7416, -1027.8782, -202.7085, -1057.1817, -1211.4315, -1510.2893, -2560.1029]","[3.1476, 3.0021, 1.8118, 0.9266, -1001055.2939, -1001209.5436, -1001508.4015, -1002558.1386]","[1.078, 0.616, 2.064, 0.841, 1.875, 2.158, 1.685, 2.025]",0.5679,0.0,0.0,0.0,0.0,0.0,0.0,0.0,0.0,0.0,0.6163,8.0,0.6361,0.9345,0.8948,0.549,0.6451,0.6163,"[[2.258, 0.0], [4.542, 0.0], [6.827, 0.0], [8.54, 0.0], [10.253, -0.131], [11.11, -0.131]]",0.0,0.0,1.6797,0.0,0.0,0.4618,2.0,0.0,ok,2.1579,0.0,0.0,0.0,0.0,0.0,0.0,0.0,0.0,0.0,0a6754bbd15c4a99a0df920e42cb8353,scene-0926,43
2.8865,4.5626,6.2606,2.1366,3.2224,4.4041,0.0,0.0,0.0,0.0,0.0,0.0,0.0,0.0,0.0,ok,straight,2.8865,4.5626,6.2606,2.1366,3.2224,4.2613,True,"[-0.0653, -0.0653, -0.0653, -0.1305, -0.0653, -0.0653, -0.1305, -0.0653]","[-134.1371, -131.507, -513.8265, -1330.398, -9056.5429, -25934.7627, -42093.4114, -62662.2976]","[2.4943, 2.4857, 2.4772, -1001329.2828, -1009055.419, -1025933.6475, -1042092.2962, -1062661.1737]","[4.261, 4.309, 5.118, 3.168, 5.308, 4.121, 14.064, 5.268]",3.2317,0.0,0.0,0.0,0.0,0.0,0.0,0.0,0.0,0.0,3.1676,8.0,3.172,4.5626,3.4115,2.2793,3.2938,3.1676,"[[3.686, 0.0], [7.398, 0.0], [11.11, 0.0], [14.25, -0.131], [18.248, -0.131], [20.818, -0.131]]",-0.2855,0.0,2.8491,-0.1428,-0.0714,1.0938,2.0,0.0,ok,14.0641,0.0,0.0,0.0,0.0,0.0,0.0,0.0,0.0,0.0,70308748f324468193d6189ab556f8e5,scene-0926,43
0.6852,0.1385,0.533,0.598,0.4487,0.3953,0.0,0.0,0.0,0.0,0.0,0.0,0.0,0.0,0.0,ok,straight,0.6852,0.1385,1.2135,0.598,0.4487,0.594,False,"[-0.0653, -0.0653, -0.0653, -0.2611, -0.0, -0.0653, -0.0, -0.1305]","[-22.9484, -93.484, -96.5671, -207.5779, -3140.607, -4730.5131, -10647.8064, -16779.5158]","[3.363, 3.3508, 3.3287, 0.8073, -1003138.242, -1004728.1265, -1010645.4413, -1016777.1292]","[0.594, 0.547, 0.642, 1.155, 2.257, 1.003, 1.785, 1.952]",0.6283,0.0,0.0,0.0,0.0,0.0,0.0,0.0,0.0,0.0,0.5468,8.0,0.6852,0.1385,0.6513,0.598,0.4487,0.5468,"[[3.4, 0.0], [6.541, 0.0], [9.396, 0.0], [12.252, 0.0], [15.964, -0.131], [19.961, -0.131]]",0.0,0.0,0.5622,0.0,0.0,0.0473,1.0,0.0,ok,2.2574,0.0,0.0,0.0,0.0,0.0,0.0,0.0,0.0,0.0,5d785cd90a884e0ebf9c5047a527df76,scene-0927,43
0.6109,1.8872,2.6272,0.5677,0.9744,1.3983,0.0,0.0,0.0,0.0,0.0,0.0,0.0,0.0,0.0,ok,straight,0.6109,1.0521,2.6272,0.5677,0.6489,1.1812,True,"[-0.0653, -0.0653, -0.2611, -0.3916, -0.1305, -0.0, -0.9791, -0.0]","[-115.9173, -114.3596, -324.4925, -1787.8768, -4190.5291, -5285.9996, -11299.2051, -350862.1378]","[3.4352, 2.9454, -1000322.5093, -1001785.4038, -1004188.0561, -1005284.0164, -1011296.7321, -1350860.1546]","[1.181, 1.398, 1.34, 1.274, 1.642, 3.013, 2.149, 12.015]",3.4543,0.0,0.0,0.0,0.0,0.0,0.0,0.0,0.0,0.0,1.1812,8.0,0.6109,1.0521,2.6272,0.5677,0.6489,1.1812,"[[3.115, 0.0], [6.541, 0.0], [10.253, 0.392], [12.823, 0.0], [15.107, 0.131], [17.391, 0.131]]",0.0,0.0,0.0,0.0,0.0,0.0,0.0,1.0,ok,12.0154,0.0,0.0,0.0,0.0,0.0,0.0,0.0,0.0,0.0,47a99007d3cd489fb6e671accaac003e,scene-0927,43
1.1944,1.4069,2.3072,0.8599,1.1957,1.6415,0.0,0.0,0.0,0.0,0.0,0.0,0.0,0.0,0.0,ok,straight,1.1944,1.4069,2.3072,0.8599,1.0529,1.4031,True,"[-0.0653, -0.0, -0.0653, -0.0653, -0.7833, -0.1305, -0.0653, -0.0653]","[-51.7207, -234.2787, -180.9596, -62.2774, -277.591, -1683.0785, -3569.7049, -9337.3687]","[3.7034, 3.6872, 3.6607, 3.4717, -1000274.8808, -1001680.5965, -1003566.9947, -1009334.8867]","[1.403, 1.227, 1.404, 1.276, 2.337, 2.802, 2.117, 3.275]",0.727,0.0,0.0,0.0,0.0,0.0,0.0,0.0,0.0,0.0,1.2272,8.0,0.6234,1.4069,1.4462,0.4774,0.8616,1.2272,"[[2.258, 0.0], [4.542, 0.0], [5.97, 0.0], [7.969, 0.0], [10.253, 0.0], [12.537, -0.131]]",0.571,0.0,0.861,0.3826,0.1913,0.1758,2.0,0.0,ok,3.2752,0.0,0.0,0.0,0.0,0.0,0.0,0.0,0.0,0.0,13023d830bad41fbab80efdea5a548ce,scene-0927,43
0.9256,0.8495,1.157,0.7083,0.8754,0.9485,0.0,0.0,0.0,0.0,0.0,0.0,0.0,0.0,0.0,ok,straight,0.9265,2.0193,5.1539,0.8515,0.9559,2.1468,False,"[-0.3916, -0.3916, -0.3916, -0.8486, -2.2846, -0.5222, -0.718, -0.0653]","[-577.4239, -1222.8539, -43.1529, -296.2805, -820.7847, -3259.3868, -10496.4294, -83420.7491]","[3.2058, 3.1819, 2.8693, -1000294.3596, -1000818.8637, -1003257.1096, -1010494.1521, -1083418.8282]","[2.147, 0.955, 0.901, 1.4, 3.182, 1.56, 3.03, 4.661]",1.2245,0.0,0.0,0.0,0.0,0.0,0.0,0.0,0.0,0.0,0.9009,8.0,0.9256,0.8495,0.8717,0.7083,0.8754,0.9009,"[[3.971, 0.0], [7.398, 0.131], [9.968, 0.131], [15.393, 0.0], [20.818, 0.914], [25.672, 0.783]]",0.0009,1.1697,4.2822,0.1432,0.0805,1.2459,4.0,0.0,ok,4.6615,0.0,0.0,0.0,0.0,0.0,0.0,0.0,0.0,0.0,841dd882d0bb442a8e17509f5decee06,scene-0927,43
1.5297,4.762,6.6018,1.1038,2.5213,3.6109,0.0,0.0,0.0,0.0,0.0,0.0,0.0,0.0,0.0,ok,straight,1.5297,4.762,6.6018,1.1038,2.5213,3.6109,False,"[-0.0, -0.0, -0.1305, -0.1958, -0.3264, -0.0653, -0.2611, -0.1958]","[-189.1348, -397.0778, -313.0941, -146.8763, -1325.2665, -1340.5176, -9703.2863, -11192.8132]","[4.4889, 4.4377, 3.2931, 2.7484, -1001322.7652, -1001338.0135, -1009700.785, -1011190.3119]","[3.611, 4.039, 3.083, 4.89, 5.284, 3.052, 4.752, 4.557]",0.7912,0.0,0.0,0.0,0.0,0.0,0.0,0.0,0.0,0.0,3.0518,8.0,1.5297,4.762,2.1293,1.1038,2.5213,3.0518,"[[4.257, 0.0], [8.54, 0.0], [13.394, 0.0], [18.248, 0.0], [21.674, 0.0], [26.528, 0.0]]",0.0,0.0,4.4725,0.0,0.0,0.5591,2.0,0.0,ok,5.2841,0.0,0.0,0.0,0.0,0.0,0.0,0.0,0.0,0.0,fd0915986a6444ee8296894d2a307291,scene-0928,43
0.1401,0.328,1.2305,0.0849,0.2621,0.4967,0.0,0.0,0.0,0.0,0.0,0.0,0.0,0.0,0.0,ok,straight,0.1401,0.328,0.8707,0.0849,0.2621,0.4209,True,"[-0.0653, -0.1305, -0.2611, -0.0, -1.0444, -0.0653, -0.1305, -0.9791]","[-123.8163, -202.1694, -794.6172, -1083.8688, -2343.8638, -2524.858, -7135.167, -10445.309]","[4.5699, 4.3834, 2.7052, -1001080.8221, -1002340.8172, -1002522.9916, -1007133.3006, -1010443.4427]","[0.421, 0.365, 2.24, 1.136, 1.302, 0.745, 2.162, 3.642]",1.0469,0.0,0.0,0.0,0.0,0.0,0.0,0.0,0.0,0.0,0.3645,8.0,0.1401,0.328,0.6926,0.0849,0.2621,0.3645,"[[2.829, 0.0], [5.399, 0.0], [8.54, 0.0], [10.539, 0.0], [13.108, 0.0], [15.393, -0.131]]",0.0,0.0,0.1782,0.0,0.0,0.0563,1.0,0.0,ok,3.6416,0.0,0.0,0.0,0.0,0.0,0.0,0.0,0.0,0.0,b16163568a0e472791b837c0ecad1e5b,scene-0928,43
1.6584,5.6307,10.6331,1.0182,2.8508,4.9757,0.0,0.0,0.0,0.0,0.0,0.0,0.0,0.0,0.0,ok,right,1.6584,5.6307,10.6284,1.0182,2.8508,5.2029,False,"[-2.3499, -8.2899, 3.7207, -8.2899, -3.4596, -2.3499, 3.8512, 2.5457]","[-485.1098, -5654.2706, -17224.8404, -31388.4782, -16708.6431, -26595.1116, -44065.1487, -163048.1577]","[3.6337, -1005651.2922, -1017221.862, -1031385.4998, -2020274.7072, -2030161.1757, -2047631.2128, -2166614.2218]","[5.203, 7.067, 4.49, 6.871, 4.432, 5.256, 4.015, 5.917]",1.0578,0.0,0.0,0.0,0.0,0.0,0.0,0.0,0.0,0.0,4.015,8.0,1.6584,5.9748,4.6641,1.0182,2.931,4.015,"[[1.687, 0.131], [3.686, 0.653], [5.113, 1.697], [6.541, 2.35], [8.254, 4.569], [8.254, 4.7]]",0.0,-0.3441,5.9643,0.0,-0.0802,1.1879,3.0,0.0,ok,7.0671,0.0,0.0,0.0,0.0,0.0,0.0,0.0,0.0,0.0,ca53a4aa044c4a319d6bd855757d5d43,scene-0928,43
1.5897,1.4846,1.32,1.0167,1.0687,1.0722,0.0,0.0,0.0,0.0,0.0,0.0,0.0,0.0,0.0,ok,straight,1.5897,1.4846,1.32,1.0167,1.0569,1.0643,True,"[-0.6527, -1.5013, -0.2611, -0.5875, -0.6527, -0.7833, -1.2402, -0.5222]","[-576.9887, -542.2728, -5055.8425, -13211.0, -2830.4288, -4911.3292, -29498.349, -69470.2045]","[2.4714, 0.2222, -1005054.3799, -1013209.5373, -2003856.0149, -2005936.9153, -2030523.9351, -2070495.7907]","[1.064, 1.441, 2.314, 1.784, 1.307, 4.044, 3.333, 4.45]",1.2262,0.0,0.0,0.0,0.0,0.0,0.0,0.0,0.0,0.0,1.0643,8.0,1.5897,1.4846,1.32,1.0167,1.0569,1.0643,"[[3.115, 0.0], [6.541, -0.131], [8.54, -0.261], [12.252, -0.522], [14.25, -1.044], [17.391, -1.305]]",0.0,0.0,0.0,0.0,0.0,0.0,0.0,1.0,ok,4.4502,0.0,0.0,0.0,0.0,0.0,0.0,0.0,0.0,0.0,084108c61ce14d2cb00f7e8102e03626,scene-0928,43
1.5674,3.0369,7.2445,1.1299,1.9366,3.3816,0.0,0.0,0.0,0.0,0.0,0.0,0.0,0.0,0.0,ok,straight,2.138,3.8851,7.2445,1.2994,2.3047,3.627,False,"[-1.2402, -0.8486, -1.436, -1.2402, -8.2899, -8.2899, -0.2611]","[-551.2955, -1739.9302, -2241.2631, -2879.2977, -32810.5273, -54963.2656, -131616.9989]","[3.545, -1001737.6525, -1002238.9859, -1002877.02, -1032808.2496, -1054960.9879, -1131614.7217]","[3.627, 5.607, 3.648, 4.397, 6.431, 9.841, 11.978]",2.9948,0.0,0.0,0.0,0.0,0.0,0.0,0.0,0.0,0.0,3.627,7.0,2.138,3.8851,7.2445,1.2994,2.3047,3.627,"[[2.258, -0.131], [7.112, -0.131], [9.968, -0.522], [13.108, -1.175], [16.249, -1.958], [19.961, -2.48]]",0.0,0.0,0.0,0.0,0.0,0.0,0.0,1.0,ok,11.9779,0.0,0.0,0.0,0.0,0.0,0.0,0.0,0.0,0.0,dad9942ea8f1409985140f500c69c88e,scene-0929,43
1.4941,3.2982,5.0713,1.1769,1.9598,2.7679,0.0,0.0,0.0,0.0,0.0,0.0,0.0,0.0,0.0,ok,straight,1.4941,1.7864,6.1911,1.1769,1.6328,2.829,False,"[-1.2402, -2.0888, -4.8303, -1.2402, -1.0444, -0.9791, -2.8721, -5.2873]","[-1084.6428, -2213.9993, -5027.0762, -5972.3313, -13637.0978, -17414.4654, -153645.8371, -155019.2862]","[-1001082.7508, -1002212.1072, -1005025.1841, -1005970.4653, -1013635.2318, -1017412.5994, -1153643.9451, -1155017.4201]","[2.829, 3.681, 3.87, 2.6, 6.288, 2.966, 7.513, 5.787]",1.7222,0.0,0.0,0.0,0.0,0.0,0.0,0.0,0.0,0.0,2.6003,8.0,1.4941,1.0959,6.1911,1.1769,1.2898,2.6003,"[[3.686, -0.131], [7.398, -0.261], [11.11, -1.436], [13.679, -0.783], [18.819, -1.958], [23.387, -2.48]]",0.0,0.6905,0.0,0.0,0.343,0.2287,1.0,0.0,ok,7.5127,0.0,0.0,0.0,0.0,0.0,0.0,0.0,0.0,0.0,633856fa1c53411c931b7503a188521d,scene-0929,43
0.1875,2.2374,3.601,0.367,1.0752,1.7959,0.0,0.0,0.0,0.0,0.0,0.0,0.0,0.0,0.0,ok,straight,0.1875,2.2374,4.4575,0.367,0.9325,1.8435,False,"[-0.0, -0.0, -0.4569, -0.1305, -2.4152, -0.2611, -0.0653, -0.4569]","[-176.662, -249.2162, -2301.7949, -3250.2532, -3815.5561, -6470.1541, -8099.5946, -11934.904]","[4.275, 4.2557, -1002299.2942, -1003247.7524, -1003813.0555, -1006467.6532, -1008097.094, -1011932.4031]","[1.843, 1.986, 3.185, 2.325, 2.554, 2.274, 2.19, 2.473]",0.3832,0.0,0.0,0.0,0.0,0.0,0.0,0.0,0.0,0.0,1.8435,8.0,0.1875,2.2374,4.4575,0.367,0.9325,1.8435,"[[1.116, 0.0], [3.115, 0.0], [4.542, 0.0], [6.541, 0.0], [7.398, 0.0], [9.111, 0.0]]",0.0,0.0,0.0,0.0,0.0,0.0,0.0,1.0,ok,3.185,0.0,0.0,0.0,0.0,0.0,0.0,0.0,0.0,0.0,4cf5a8b9ae7140e79b98c583ee502999,scene-0929,43
2.2986,4.3728,6.7181,1.9423,2.9213,3.931,0.0,0.0,0.0,0.0,0.0,0.0,0.0,0.0,0.0,ok,straight,2.2986,4.3728,6.1029,1.9423,2.9213,3.8285,True,"[-0.1305, -0.7833, -0.6527, -0.1305, -0.5222, -1.2402, -0.3264, -0.0653]","[-44.2478, -820.6381, -823.8597, -844.8051, -1234.4823, -4999.7116, -22485.7277, -27192.4476]","[4.2035, -1000818.0694, -1000820.7936, -1000841.739, -1001231.9136, -1004997.1428, -1022482.6616, -1027189.3815]","[3.829, 3.712, 3.554, 3.495, 5.786, 5.033, 6.303, 3.843]",1.0351,0.0,0.0,0.0,0.0,0.0,0.0,0.0,0.0,0.0,3.4951,8.0,2.2986,2.6564,6.1029,1.9423,2.4212,3.4951,"[[2.829, 0.0], [4.828, 0.0], [7.398, 0.0], [9.968, 0.131], [12.537, 0.131], [15.393, 0.261]]",0.0,1.7164,0.0,0.0,0.5001,0.3334,3.0,0.0,ok,6.3027,0.0,0.0,0.0,0.0,0.0,0.0,0.0,0.0,0.0,cfb661d2947841ad8d6d18a0bb169d80,scene-0929,43
0.4468,0.7231,0.298,0.4974,0.4917,0.4852,0.0,0.0,0.0,0.0,0.0,0.0,0.0,0.0,0.0,ok,left,0.4468,1.635,0.298,0.4974,0.6947,0.6903,False,"[1.2402, 1.2402, 8.2899, 8.2899, 8.2899, 8.2899, 2.4804, 1.3708]","[-751.5212, -173.4875, -10082.8257, -18976.7828, -22929.6373, -23762.5265, -25390.0898, -61305.2691]","[0.9856, 0.5921, -1010081.8315, -1018976.214, -1022929.0686, -1023761.5322, -1025389.5211, -1061304.2749]","[0.69, 0.573, 3.525, 3.589, 3.686, 5.828, 2.511, 3.108]",1.6022,0.0,0.0,0.0,0.0,0.0,0.0,0.0,0.0,0.0,0.5735,8.0,0.4468,0.7231,0.298,0.4974,0.5195,0.5735,"[[2.829, 0.131], [5.113, 0.261], [7.112, 0.392], [11.11, 2.089], [13.108, 2.48], [15.393, 2.48]]",0.0,0.9119,0.0,0.0,0.1752,0.1168,1.0,0.0,ok,5.8283,0.0,0.0,0.0,0.0,0.0,0.0,0.0,0.0,0.0,e57fa7124f6741e697b1841bc023a90f,scene-0930,43
0.1374,1.7679,4.2963,0.0897,0.7173,1.5635,0.0,0.0,0.0,0.0,0.0,0.0,0.0,0.0,0.0,ok,straight,0.4229,1.7679,4.2963,0.3339,0.8393,1.8347,False,"[-0.0, -0.0, -0.1305, -0.1305, -0.0, -1.0444, -0.0653, -0.0]","[-38.8853, -43.012, -87.7268, -909.9333, -2777.4977, -3144.1875, -3481.4441, -7328.0552]","[3.5076, 3.5024, 3.093, -1000907.868, -1002775.429, -1003142.1187, -1003479.3788, -1007325.9865]","[1.835, 1.753, 0.669, 1.301, 1.404, 1.678, 1.207, 2.054]",0.409,0.0,0.0,0.0,0.0,0.0,0.0,0.0,0.0,0.0,0.6692,8.0,0.1374,1.7679,0.0796,0.0897,0.7173,0.6692,"[[1.687, 0.0], [3.4, 0.0], [5.113, 0.0], [6.541, 0.0], [7.398, 0.0], [9.111, 0.0]]",0.2855,0.0,4.2167,0.2441,0.1221,1.1655,6.0,0.0,ok,2.0542,0.0,0.0,0.0,0.0,0.0,0.0,0.0,0.0,0.0,0e9f5667298748c4af70e09079465060,scene-0930,43
0.3368,0.8367,0.4739,0.3426,0.6189,0.7791,0.0,0.0,0.0,0.0,0.0,0.0,0.0,0.0,0.0,ok,straight,0.3368,1.0647,0.4866,0.3426,0.7535,0.7558,True,"[-0.718, -0.3916, -1.1749, -0.4569, -0.1958, -0.3916, -0.5222, -1.6319]","[-921.3575, -101.7042, -447.1402, -791.9155, -1473.1268, -2980.6711, -3480.3422, -75741.5471]","[2.6139, 2.5547, -1000445.6694, -1000790.4447, -1001470.8399, -1002978.3842, -1003478.0553, -1075740.0763]","[0.756, 0.971, 0.897, 1.118, 1.138, 1.009, 1.794, 3.601]",0.8768,0.0,0.0,0.0,0.0,0.0,0.0,0.0,0.0,0.0,0.7558,8.0,0.3368,1.0647,0.4866,0.3426,0.7535,0.7558,"[[3.115, 0.0], [6.541, -0.131], [8.825, 0.0], [13.965, 0.0], [16.82, -0.261], [18.248, -1.436]]",0.0,0.0,0.0,0.0,0.0,0.0,0.0,1.0,ok,3.6007,0.0,0.0,0.0,0.0,0.0,0.0,0.0,0.0,0.0,ff93d6dd1c0e4c569ee4bbc0c965c7f2,scene-0930,43
1.3278,2.5743,2.8338,0.9804,1.6049,1.9295,0.0,0.0,0.0,0.0,0.0,0.0,0.0,0.0,0.0,ok,right,1.6224,5.1938,2.8338,1.5548,2.7614,2.6964,False,"[0.9791, 1.7624, 0.9791, -8.2899, 0.2611, 0.3264, 1.3708, -2.0888]","[-3183.8082, -4425.6583, -9300.3131, -9468.9713, -15742.5203, -115054.7713, -122793.457, -151313.9568]","[-1003181.3175, -1004423.1356, -1009297.7904, -1009466.4486, -1015740.0296, -1115052.2806, -1122790.9663, -1151311.4341]","[2.696, 4.076, 3.182, 6.989, 3.474, 5.51, 6.383, 8.38]",1.9134,0.0,0.0,0.0,0.0,0.0,0.0,0.0,0.0,0.0,2.6964,8.0,1.6224,5.1938,2.8338,1.5548,2.7614,2.6964,"[[3.115, -0.131], [4.828, -0.392], [7.683, -0.392], [11.966, -1.697], [11.11, -1.305], [13.679, -1.958]]",0.0,0.0,0.0,0.0,0.0,0.0,0.0,1.0,ok,8.3802,0.0,0.0,0.0,0.0,0.0,0.0,0.0,0.0,0.0,45cd8c6a4f8c4de8b7b47db174692dda,scene-0930,43
1.2198,1.4688,4.8172,0.8881,1.2249,2.2794,0.0,0.0,0.0,0.0,0.0,0.0,0.0,0.0,0.0,ok,right,0.4687,1.4688,4.8172,0.4006,0.8498,2.0293,True,"[1.5666, 1.5666, 0.3264, 2.8068, -0.5875, -0.718, 0.9138, 1.0444]","[-546.733, -190.4659, -624.5802, -4856.1991, -8216.1913, -16591.7229, -159516.1235, -211018.8283]","[4.8139, 2.7962, -1000621.0305, -1004854.6717, -1008214.6639, -1016588.1733, -1159514.5961, -1211015.2787]","[2.029, 2.192, 1.854, 1.963, 2.825, 3.31, 5.561, 4.937]",1.3402,0.0,0.0,0.0,0.0,0.0,0.0,0.0,0.0,0.0,1.8535,8.0,0.4687,1.4688,5.3173,0.4006,0.8498,1.8535,"[[2.829, -0.131], [5.399, -1.044], [6.541, -0.783], [8.54, -1.567], [9.111, -1.828], [10.539, -3.133]]",0.0,0.0,-0.5002,0.0,0.0,0.1758,2.0,0.0,ok,5.5615,0.0,0.0,0.0,0.0,0.0,0.0,0.0,0.0,0.0,b139c133286247d48093bba9151920b2,scene-0931,43
0.4362,0.8593,0.9517,0.3715,0.5443,0.6432,0.0,0.0,0.0,0.0,0.0,0.0,0.0,0.0,0.0,ok,right,0.4362,2.0486,0.3741,0.3715,1.0306,0.9173,False,"[0.9138, 0.7833, 0.0653, 1.7624, 0.7833, -2.2193, 1.5013, 2.1541]","[-341.7228, -329.5874, -354.0678, -595.6491, -1186.5205, -4128.9584, -4347.565, -14071.4684]","[1.6516, 1.0781, 0.9797, -1000595.2662, -1001185.6642, -1004128.1021, -1004347.1821, -1014071.0854]","[0.917, 0.858, 2.239, 1.128, 0.967, 2.076, 2.447, 2.448]",0.6802,0.0,0.0,0.0,0.0,0.0,0.0,0.0,0.0,0.0,0.8584,8.0,1.2521,0.8593,0.9517,1.0591,0.8671,0.8584,"[[2.258, 0.0], [4.542, -0.131], [8.54, -0.914], [11.395, -1.175], [12.252, -1.436], [13.108, -1.828]]",-0.8159,1.1893,-0.5776,-0.6876,0.1635,0.0589,1.0,0.0,ok,2.4482,0.0,0.0,0.0,0.0,0.0,0.0,0.0,0.0,0.0,ff16d788ac4244e98f9bf8097cf6267c,scene-0931,43
3.3235,6.928,10.7147,2.6106,4.157,5.8361,0.0,0.0,0.0,0.0,0.0,0.0,0.0,0.0,0.0,ok,straight,3.3235,6.3633,10.7147,2.6106,4.0158,5.742,True,"[-1.2402, -1.2402, -1.8277, -2.4804, -1.436, -2.9374, -8.2899, -2.5457]","[-137.0149, -163.5468, -683.2457, -1404.9058, -2794.8452, -4128.9709, -17127.5796, -69057.151]","[3.4242, 3.3955, -1000681.0453, -1001402.7331, -1002792.6449, -1004126.7981, -1017125.4068, -1069054.9507]","[5.742, 5.745, 5.184, 5.224, 6.732, 6.585, 7.112, 9.25]",1.2491,0.0,0.0,0.0,0.0,0.0,0.0,0.0,0.0,0.0,5.1841,8.0,3.3235,6.3633,8.8435,2.6106,4.0158,5.1841,"[[2.829, 0.131], [5.399, 0.261], [7.683, 0.522], [10.539, 1.044], [12.823, 1.697], [16.82, 2.48]]",0.0,0.0,1.8712,0.0,0.0,0.5578,2.0,0.0,ok,9.2505,0.0,0.0,0.0,0.0,0.0,0.0,0.0,0.0,0.0,e9c58a877bde42e68c0a4850cd93c6ca,scene-0931,43
1.5537,3.1756,5.7278,1.0428,1.875,2.8651,0.0,0.0,0.0,0.0,0.0,0.0,0.0,0.0,0.0,ok,straight,1.5537,2.4505,5.2039,1.0428,1.6938,2.657,True,"[-0.8486, -0.8486, -2.5457, -1.893, -0.3264, -8.2899, -0.0653, -0.3264]","[-241.5101, -2063.0604, -2520.5393, -3046.3469, -11783.6548, -22530.8888, -101421.0286, -123621.1888]","[2.9248, -1002061.2616, -1002518.738, -1003044.5481, -1011781.8535, -1022529.09, -1101419.2299, -1123619.3875]","[2.657, 3.091, 3.387, 4.213, 3.887, 5.495, 4.705, 13.744]",3.358,0.0,0.0,0.0,0.0,0.0,0.0,0.0,0.0,0.0,2.657,8.0,1.5537,2.4505,5.2039,1.0428,1.6938,2.657,"[[1.687, 0.0], [3.686, -0.261], [5.113, -0.522], [5.685, 0.522], [7.398, 1.044], [8.54, 1.697]]",0.0,0.0,0.0,0.0,0.0,0.0,0.0,1.0,ok,13.7441,0.0,0.0,0.0,0.0,0.0,0.0,0.0,0.0,0.0,aa08bd8260bd4cb5a342c2efb1afde0a,scene-0931,43
0.9881,3.2535,4.5061,0.9562,1.922,2.7799,0.0,0.0,0.0,0.0,0.0,0.0,0.0,0.0,0.0,ok,straight,0.9881,2.7287,4.5248,0.9562,1.8155,2.7089,True,"[-0.2611, -0.2611, -0.5875, -0.2611, -0.5875, -0.5222, -0.6527, -0.1305]","[-499.0057, -88.8795, -917.6087, -2752.0529, -2979.1373, -71988.1533, -119990.6821, -897721.2579]","[3.8858, 3.7576, -1000915.1091, -1002749.4237, -1002976.6377, -1071985.5241, -1119988.0528, -1897718.7584]","[2.709, 2.827, 4.857, 3.512, 2.741, 3.844, 7.438, 11.676]",2.9399,0.0,0.0,0.0,0.0,0.0,0.0,0.0,0.0,0.0,2.7089,8.0,0.9881,2.7287,4.5248,0.9562,1.8155,2.7089,"[[3.686, 0.0], [6.541, -0.131], [10.539, 0.261], [13.679, -0.131], [18.248, -0.522], [20.818, -0.522]]",0.0,0.0,0.0,0.0,0.0,0.0,0.0,1.0,ok,11.6763,0.0,0.0,0.0,0.0,0.0,0.0,0.0,0.0,0.0,b2a93b022374432d917cc7db15ca023a,scene-0962,43
0.9212,0.9775,2.1648,0.559,0.9219,1.3255,0.0,0.0,0.0,0.0,0.0,0.0,0.0,0.0,0.0,ok,straight,0.9212,1.4054,2.1648,0.559,0.7556,1.1784,True,"[-1.2402, -1.2402, -0.8486, -0.7833, -1.1749, -0.718, -0.5875, -2.8068]","[-239.4197, -390.1894, -999.7557, -4426.9745, -7408.6077, -11258.7647, -24430.3375, -260117.2778]","[1.8462, 1.3108, -1000998.8013, -1004425.4866, -1007407.1198, -1011257.8104, -1024429.3831, -1260115.7898]","[1.178, 1.215, 1.08, 1.112, 1.952, 2.658, 2.583, 5.779]",1.4866,0.0,0.0,0.0,0.0,0.0,0.0,0.0,0.0,0.0,1.0805,8.0,0.6413,1.4054,0.9129,0.6698,0.8111,1.0805,"[[2.829, -0.131], [5.113, -0.261], [8.54, -0.522], [10.539, -0.783], [13.108, -1.567], [15.964, -2.48]]",0.2799,0.0,1.252,-0.1108,-0.0554,0.098,2.0,0.0,ok,5.7793,0.0,0.0,0.0,0.0,0.0,0.0,0.0,0.0,0.0,af7ce8da343b4de19950c66b15ece116,scene-0962,43
0.8728,0.7174,1.6593,0.6583,0.6485,0.9318,0.0,0.0,0.0,0.0,0.0,0.0,0.0,0.0,0.0,ok,left,0.2873,0.7174,1.6593,0.2597,0.4492,0.7989,True,"[3.3943, 3.3943, 3.0026, 8.2899, 8.2899, -8.2899, -8.2899, -0.6527]","[-218.9442, -242.3045, -1966.2063, -23394.3841, -88445.0229, -141626.6057, -1267082.8316, -1273913.4994]","[3.0302, 2.9608, -1001964.2696, -1023392.3782, -1088443.017, -1141624.6691, -2267080.8949, -2273911.4935]","[0.799, 0.932, 1.598, 3.97, 4.258, 6.379, 14.074, 11.726]",4.6788,0.0,0.0,0.0,0.0,0.0,0.0,0.0,0.0,0.0,0.7989,8.0,0.2873,0.7174,1.6593,0.2597,0.4492,0.7989,"[[2.258, 0.392], [4.542, 0.783], [6.541, 1.697], [8.54, 3.003], [10.539, 3.786], [11.966, 6.789]]",0.0,0.0,0.0,0.0,0.0,0.0,0.0,1.0,ok,14.0743,0.0,0.0,0.0,0.0,0.0,0.0,0.0,0.0,0.0,b402f8066efb4e34b7007a1d81aba25e,scene-0962,43
1.1485,0.4295,1.8339,0.7159,0.7965,1.1786,0.0,0.0,0.0,0.0,0.0,0.0,0.0,0.0,0.0,ok,straight,1.1485,1.8562,1.8339,0.7159,1.1532,1.4164,False,"[-0.0653, -0.0653, -1.6319, -0.0, -0.0653, -0.1958, -0.2611, -0.1305]","[-4.9836, -38.4041, -1127.098, -1487.0205, -2223.1439, -4300.8051, -14670.0405, -17273.9231]","[2.8806, 2.8754, -1001123.2373, -1001485.4057, -1002219.2832, -1004296.9444, -1014668.4258, -1017270.0624]","[1.416, 2.368, 1.134, 1.47, 1.038, 1.496, 3.476, 1.725]",0.75,0.0,0.0,0.0,0.0,0.0,0.0,0.0,0.0,0.0,1.0384,8.0,0.5784,1.0042,1.8339,0.4337,0.5861,1.0384,"[[3.4, 0.0], [6.541, 0.0], [9.682, 0.0], [12.823, -0.131], [16.249, -0.131], [19.961, -0.131]]",0.5701,0.852,0.0,0.2822,0.5671,0.378,2.0,0.0,ok,3.476,0.0,0.0,0.0,0.0,0.0,0.0,0.0,0.0,0.0,01ac1c5f06994c82be7cc5498a41eab1,scene-0962,43
1.0854,1.131,1.448,0.6323,1.0515,1.2278,0.0,0.0,0.0,0.0,0.0,0.0,0.0,0.0,0.0,ok,straight,1.0854,1.5848,1.8465,0.6323,0.9058,1.1089,True,"[-0.3916, -0.3916, -0.4569, -0.1305, -0.1958, -0.718, -0.1958, -1.2402]","[-363.4923, -464.8114, -609.6097, -889.4454, -3663.3756, -5624.5342, -515785.6395, -1099053.7143]","[2.995, 2.9677, 2.8031, -1000887.2294, -1003661.1596, -1005622.2912, -1515783.3964, -2099051.4982]","[1.109, 1.107, 1.312, 1.312, 2.902, 2.442, 18.562, 10.369]",5.9277,0.0,0.0,0.0,0.0,0.0,0.0,0.0,0.0,0.0,1.1073,8.0,1.1136,1.5848,1.8465,0.6275,0.9034,1.1073,"[[2.829, 0.0], [5.113, 0.0], [8.54, 0.131], [10.539, 0.261], [13.679, 0.131], [15.964, 0.783]]",-0.0283,0.0,0.0,0.0048,0.0024,0.0016,1.0,0.0,ok,18.5623,0.0,0.0,0.0,0.0,0.0,0.0,0.0,0.0,0.0,637fc435f95f4bc1b72f09811f2d78d2,scene-0963,43
0.3222,0.4957,0.3075,0.3617,0.3902,0.4613,0.0,0.0,0.0,0.0,0.0,0.0,0.0,0.0,0.0,ok,straight,0.3222,0.4957,0.3075,0.3617,0.3902,0.4613,False,"[-0.0, -0.0, -0.1305, -0.3264, -0.3916, -0.0653, -0.0653, -0.1305]","[-30.0167, -39.2397, -219.599, -1965.5739, -5854.8532, -7108.5791, -14724.9807, -26063.6329]","[3.6757, 3.345, 2.3661, -1001964.0554, -1005853.3347, -1007106.731, -1014723.1326, -1026061.7848]","[0.461, 0.683, 1.448, 1.376, 5.204, 1.418, 3.606, 2.848]",1.5232,0.0,0.0,0.0,0.0,0.0,0.0,0.0,0.0,0.0,0.4613,8.0,0.3222,0.4957,0.3075,0.3617,0.3902,0.4613,"[[1.116, 0.0], [2.544, 0.0], [3.686, 0.0], [4.542, 0.0], [5.113, 0.0], [6.541, 0.0]]",0.0,0.0,0.0,0.0,0.0,0.0,0.0,1.0,ok,5.2042,0.0,0.0,0.0,0.0,0.0,0.0,0.0,0.0,0.0,cea42507a76141998b455b4fed199c35,scene-0963,43
1.1342,1.4466,2.6274,0.9003,1.1052,1.6246,0.0,0.0,0.0,0.0,0.0,0.0,0.0,0.0,0.0,ok,straight,1.1342,1.4466,2.0585,0.9003,1.1052,1.5298,True,"[-0.0653, -0.0653, -0.1305, -0.3264, -0.0, -0.0653, -0.0653, -0.2611]","[-182.4242, -257.5287, -270.9612, -404.8432, -516.0915, -3272.1066, -10789.8644, -17517.2691]","[3.2512, 3.0979, 2.4767, -1000402.7854, -1000514.0337, -1003270.1898, -1010787.8066, -1017515.3522]","[1.53, 1.577, 1.58, 1.251, 1.945, 1.607, 2.242, 2.964]",0.5088,0.0,0.0,0.0,0.0,0.0,0.0,0.0,0.0,0.0,1.2512,8.0,1.1342,1.4466,0.6715,0.9003,1.1052,1.2512,"[[1.116, 0.0], [2.544, 0.0], [3.686, 0.0], [5.113, -0.131], [7.398, -0.131], [7.683, -0.131]]",0.0,0.0,1.387,0.0,0.0,0.2786,1.0,0.0,ok,2.9641,0.0,0.0,0.0,0.0,0.0,0.0,0.0,0.0,0.0,f500fa5dbede4e3ba3c8c523748d5110,scene-0963,43
0.3711,1.227,2.9176,0.2417,0.7279,1.3606,0.0,0.0,0.0,0.0,0.0,0.0,0.0,0.0,0.0,ok,straight,0.3711,1.227,2.9176,0.2417,0.7279,1.3606,False,"[-0.0653, -0.0653, -0.0653, -0.3264, -1.436, -0.0653, -0.0, -0.3264]","[-139.5859, -236.1735, -865.4495, -82.8895, -1117.8629, -493.3667, -2283.8546, -332618.3994]","[4.9041, 4.9032, 4.6579, 4.3212, 1.5924, -1000489.3566, -1002280.0841, -1332614.6289]","[1.361, 1.411, 1.457, 1.275, 1.68, 1.933, 1.792, 7.179]",1.8708,0.0,0.0,0.0,0.0,0.0,0.0,0.0,0.0,0.0,1.2749,8.0,0.3711,1.227,2.9743,0.2417,0.7279,1.2749,"[[1.116, 0.0], [2.258, 0.0], [3.686, 0.0], [3.971, 0.0], [5.113, -0.131], [5.685, -0.131]]",0.0,0.0,-0.0568,0.0,0.0,0.0857,1.0,0.0,ok,7.1787,0.0,0.0,0.0,0.0,0.0,0.0,0.0,0.0,0.0,3fafefe85e5741469e3539c361ec55ad,scene-0963,43
2.6372,6.8786,11.3388,2.0419,3.9252,5.7315,0.0,0.0,0.0,0.0,0.0,0.0,0.0,0.0,0.0,ok,straight,2.6372,6.8786,11.0538,2.0419,3.9252,6.0151,False,"[-0.0653, -0.0653, -0.0653, -0.0653, -0.2611, -0.1958, -0.3916, -0.2611]","[-149.386, -177.1601, -515.3867, -645.5911, -1208.3247, -1249.469, -9650.7012, -36626.6661]","[3.8875, 3.8852, 3.8431, 3.8321, -1001205.858, -1001247.0023, -1009648.2481, -1036624.2129]","[6.015, 6.016, 5.208, 5.874, 6.345, 5.445, 10.104, 7.297]",1.4697,0.0,0.0,0.0,0.0,0.0,0.0,0.0,0.0,0.0,5.2076,8.0,2.6372,5.7386,9.9139,2.0419,3.7116,5.2076,"[[3.686, 0.0], [6.541, 0.0], [10.539, -0.131], [14.25, -0.131], [18.248, -0.261], [21.103, -0.131]]",0.0,1.1399,1.1399,0.0,0.2137,0.8075,3.0,0.0,ok,10.1037,0.0,0.0,0.0,0.0,0.0,0.0,0.0,0.0,0.0,b5cbf927fe0d47c39a9c1d1b05279c55,scene-0966,43
8.5042,18.0583,24.8539,6.3667,11.1791,15.1211,0.0,0.0,0.0,0.0,0.0,0.0,0.0,0.0,0.0,ok,straight,8.5042,18.0583,23.7118,6.3667,11.1791,14.9307,True,"[-0.0653, -0.0653, -0.1305, -0.0653, -0.0653, -0.1305, -0.6527, -0.0653]","[-122.7291, -766.5317, -1803.8046, -3757.7084, -7450.8364, -11148.7616, -13562.8404, -24879.8676]","[4.15, -1000763.8453, -1001801.4427, -1003755.3464, -1007448.15, -1011146.3996, -1013560.4785, -1024877.1812]","[14.931, 15.121, 15.692, 15.264, 15.454, 14.55, 13.607, 12.886]",0.909,0.0,0.0,0.0,0.0,0.0,0.0,0.0,0.0,0.0,12.8857,8.0,8.5042,18.0583,21.1426,6.3667,11.1791,12.8857,"[[4.257, 0.0], [8.54, 0.0], [13.965, -0.131], [18.248, -0.131], [21.674, -0.131], [24.815, -0.131]]",0.0,0.0,2.5691,0.0,0.0,2.045,3.0,0.0,ok,15.6921,0.0,0.0,0.0,0.0,0.0,0.0,0.0,0.0,0.0,fbbdca28bed1419a87dd2f0b1ced635f,scene-0966,43
5.5781,9.5208,14.4766,4.3321,6.6439,8.9751,0.0,0.0,0.0,0.0,0.0,0.0,0.0,0.0,0.0,ok,straight,6.4339,10.3756,17.0153,4.9028,7.143,10.1227,False,"[-0.0653, -0.3264, -0.3264, -0.6527, -0.8486, -8.2899, -0.0, -0.0653]","[-707.2256, -41.9975, -55.966, -9495.0755, -18930.2692, -191330.4194, -663407.6993, -786655.5976]","[2.9586, 2.8623, 2.8622, -1009493.2723, -1018928.4661, -1191328.6163, -1663405.8961, -1786653.7943]","[10.123, 9.118, 9.308, 10.884, 11.132, 14.684, 16.867, 15.062]",2.7654,0.0,0.0,0.0,0.0,0.0,0.0,0.0,0.0,0.0,9.1176,8.0,5.5781,10.3756,14.4766,4.3321,6.8576,9.1176,"[[5.113, 0.0], [10.539, -0.131], [15.107, -0.131], [19.961, -0.261], [27.099, -1.175], [32.239, -0.131]]",0.8558,0.0,2.5387,0.5707,0.2853,1.0051,2.0,0.0,ok,16.8673,0.0,0.0,0.0,0.0,0.0,0.0,0.0,0.0,0.0,24e19e8837cc4653a68f6869cad091c5,scene-0966,43
2.9552,4.5032,8.538,2.0862,3.1436,4.502,0.0,0.0,0.0,0.0,0.0,0.0,0.0,0.0,0.0,ok,straight,2.6701,4.5032,8.8507,2.2292,3.2151,4.6008,False,"[-0.0653, -0.1305, -0.1305, -0.0, -0.0653, -0.3916, -8.2899, -5.8747]","[-161.9618, -38.4183, -145.9044, -1738.6551, -5769.1552, -8025.381, -13278.0682, -188125.3032]","[1.8867, 1.8714, 1.8657, -1001737.798, -1005768.2942, -1008024.52, -1013277.2072, -1188124.4461]","[4.601, 4.501, 4.549, 3.321, 4.788, 5.451, 6.079, 9.327]",1.6848,0.0,0.0,0.0,0.0,0.0,0.0,0.0,0.0,0.0,3.3211,8.0,2.6701,4.5032,4.8642,2.2292,3.2151,3.3211,"[[5.113, 0.0], [9.111, -0.131], [13.965, -0.131], [18.248, -0.131], [23.387, -0.261], [29.955, 0.131]]",0.0,0.0,3.9865,0.0,0.0,1.2798,3.0,0.0,ok,9.3267,0.0,0.0,0.0,0.0,0.0,0.0,0.0,0.0,0.0,9e5e0d9f86414e7699c2aed455c137ca,scene-0966,43
1.3349,3.3293,5.9222,0.798,1.7504,2.9075,0.0,0.0,0.0,0.0,0.0,0.0,0.0,0.0,0.0,ok,straight,1.3349,3.3293,5.9222,1.0825,1.8926,3.0023,False,"[-0.0, -0.0, -0.1305, -0.8486, -0.5875, -0.8486, -0.7833]","[-14.0517, -42.802, -367.2643, -334.798, -1363.9269, -6082.1677, -140843.865]","[3.6832, 3.6816, 3.3224, -1000332.7879, -1001361.9178, -1006080.1586, -1140841.856]","[3.002, 2.907, 1.647, 2.206, 2.617, 3.38, 9.97]",2.6224,0.0,0.0,0.0,0.0,0.0,0.0,0.0,0.0,0.0,1.6474,7.0,1.3349,3.3293,0.3656,1.0825,1.8926,1.6474,"[[4.542, 0.0], [8.54, 0.0], [12.537, 0.0], [16.82, 0.0], [20.818, 0.0], [24.815, 0.0]]",0.0,0.0,5.5565,0.0,0.0,1.3549,4.0,0.0,ok,9.9695,0.0,0.0,0.0,0.0,0.0,0.0,0.0,0.0,0.0,23d02c83708b4f5e9579bbd99370a672,scene-0967,43
5.4738,11.2087,18.0964,3.9702,6.8802,9.8135,0.0,0.0,0.0,0.0,0.0,0.0,0.0,0.0,0.0,ok,straight,5.1883,11.2087,15.2411,4.113,6.5233,9.0997,True,"[-0.0653, -0.1958, -0.1305, -0.3916, -0.0653, -0.1305, -1.6319, -0.1958]","[-903.696, -530.736, -254.3948, -1205.6855, -2182.676, -6121.2486, -168404.0204, -772894.4052]","[2.5797, 2.3169, 2.2581, -1001204.3429, -1002181.3334, -1006119.714, -1168402.6778, -1772892.8706]","[9.1, 11.813, 10.528, 11.672, 10.004, 11.004, 17.727, 18.665]",3.3613,0.0,0.0,0.0,0.0,0.0,0.0,0.0,0.0,0.0,9.0997,8.0,5.1883,11.2087,15.2411,4.113,6.5233,9.0997,"[[4.257, 0.0], [7.683, 0.0], [10.253, -0.131], [15.678, 0.0], [18.819, -0.131], [21.96, -0.131]]",0.0,0.0,0.0,0.0,0.0,0.0,0.0,1.0,ok,18.6653,0.0,0.0,0.0,0.0,0.0,0.0,0.0,0.0,0.0,8b95c9f201034aedb14454f4e2869abe,scene-0967,43
3.604,6.4062,10.1576,2.4525,4.0967,5.5672,0.0,0.0,0.0,0.0,0.0,0.0,0.0,0.0,0.0,ok,straight,5.0285,8.4016,13.8679,3.4503,5.4511,7.855,False,"[-0.1305, -0.1305, -0.1305, -0.1305, -0.1305, -0.3264, -0.3916, -0.1305]","[-455.4345, -2112.5243, -5295.9789, -8112.5535, -1123.368, -1187.3424, -3157.478, -4715.389]","[5.8439, -1002108.4007, -1005291.8554, -1008108.43, -2002651.707, -2002715.6814, -2004685.817, -2006243.728]","[7.855, 6.47, 5.519, 6.769, 5.9, 5.761, 6.667, 6.66]",0.6902,0.0,0.0,0.0,0.0,0.0,0.0,0.0,0.0,0.0,5.5192,8.0,5.0285,8.4016,7.0193,3.4503,5.4511,5.5192,"[[4.257, 0.0], [9.968, 0.0], [13.965, -0.131], [18.248, 0.0], [23.673, -0.783], [28.241, -0.261]]",0.0,0.0,6.8486,0.0,0.0,2.3358,7.0,0.0,ok,7.855,0.0,0.0,0.0,0.0,0.0,0.0,0.0,0.0,0.0,114e0ea88971491bb49e93d56ff96419,scene-0967,43
1.469,3.2674,3.8445,1.2306,1.9638,2.6992,0.0,0.0,0.0,0.0,0.0,0.0,0.0,0.0,0.0,ok,straight,1.469,3.2674,6.1272,1.2306,1.9638,2.9846,False,"[-0.0, -0.0, -0.0, -0.1958, -0.0653, -0.0653, -0.1958, -5.3525]","[-91.5015, -99.7747, -431.5301, -711.2658, -1470.9527, -1955.8079, -2606.571, -6495.0979]","[2.8823, 2.8782, 2.779, -1000709.5612, -1001469.3157, -1001954.1034, -1002604.9341, -1006493.3934]","[2.985, 1.942, 3.224, 3.842, 2.699, 2.619, 4.32, 4.602]",0.8515,0.0,0.0,0.0,0.0,0.0,0.0,0.0,0.0,0.0,1.9419,8.0,1.469,3.2674,1.0013,1.2306,1.9638,1.9419,"[[2.829, 0.0], [5.113, 0.0], [7.398, 0.0], [9.968, 0.0], [11.966, 0.0], [15.393, 0.0]]",0.0,0.0,5.1259,0.0,0.0,1.0427,3.0,0.0,ok,4.6019,0.0,0.0,0.0,0.0,0.0,0.0,0.0,0.0,0.0,f10cf1a409064743975d04dd496539e0,scene-0967,43
4.265,8.6036,11.8034,3.2635,5.4232,7.4558,0.0,0.0,0.0,0.0,0.0,0.0,0.0,0.0,0.0,ok,straight,4.265,7.4392,11.8034,3.2635,4.7903,6.8459,True,"[-0.8486, -0.8486, -1.1097, -1.8277, -8.2899, -8.2899, -0.5222, -0.5875]","[-346.272, -139.1487, -310.8677, -838.3829, -6306.1544, -40651.6649, -82080.575, -109747.7402]","[3.1294, 3.095, 3.0091, -1000836.6304, -1006304.3624, -1040649.8728, -1082078.783, -1109745.9877]","[6.846, 7.173, 6.754, 8.305, 9.2, 10.307, 8.401, 9.923]",1.2857,0.0,0.0,0.0,0.0,0.0,0.0,0.0,0.0,0.0,6.7537,8.0,4.265,8.6036,10.2116,3.2635,5.2809,6.7537,"[[2.258, 0.131], [4.257, 0.261], [5.113, 0.914], [7.398, 0.783], [9.968, 1.697], [11.681, 1.697]]",0.0,-1.1644,1.5917,0.0,-0.4907,0.0923,1.0,0.0,ok,10.3066,0.0,0.0,0.0,0.0,0.0,0.0,0.0,0.0,0.0,aa298fdc84fb489a911a3f363d3beda9,scene-0968,43
4.2055,6.7585,10.9573,3.2269,4.6424,6.2021,0.0,0.0,0.0,0.0,0.0,0.0,0.0,0.0,0.0,ok,straight,4.2055,5.4422,10.9573,3.2269,4.459,6.0798,True,"[-1.2402, -1.2402, -3.0026, -6.1358, -8.2899, -0.0, -1.5013, -2.7415]","[-701.0822, -1637.757, -7817.9055, -10154.0222, -11803.4713, -15520.3064, -20111.1283, -76085.148]","[3.4288, -1001635.613, -1007815.9113, -1010152.0279, -1011801.3273, -1015518.3122, -1020108.9844, -1076083.004]","[6.08, 6.01, 5.814, 6.651, 9.05, 5.299, 5.865, 8.154]",1.219,0.0,0.0,0.0,0.0,0.0,0.0,0.0,0.0,0.0,5.299,8.0,4.2055,5.4422,5.5348,3.2269,4.459,5.299,"[[2.258, 0.0], [4.542, 0.261], [7.112, 0.653], [7.683, 1.305], [11.11, 1.697], [15.393, 2.48]]",0.0,0.0,5.4225,0.0,0.0,0.7808,4.0,0.0,ok,9.0498,0.0,0.0,0.0,0.0,0.0,0.0,0.0,0.0,0.0,b00c8fb7cac14cf89498c16fdd460ec5,scene-0968,43
0.8285,1.6291,2.1381,0.623,1.0505,1.267,0.0,0.0,0.0,0.0,0.0,0.0,0.0,0.0,0.0,ok,straight,1.3992,1.915,2.1381,1.1938,1.6212,1.6475,False,"[-0.1305, -0.1305, -0.1958, -0.1958, -0.3916, -0.4569, -2.6763, -0.1958]","[-147.0985, -672.9512, -941.6481, -1165.8687, -1542.6996, -14419.7897, -15679.8687, -1375274.8681]","[3.5046, 3.503, 3.4225, -1001163.2647, -1001540.0955, -1014417.1861, -1015677.2651, -2375272.2645]","[1.647, 1.142, 2.546, 1.346, 1.876, 2.916, 6.459, 11.18]",3.2618,0.0,0.0,0.0,0.0,0.0,0.0,0.0,0.0,0.0,1.1417,8.0,1.3992,0.9444,2.1381,1.1938,0.8625,1.1417,"[[2.544, 0.0], [4.542, 0.0], [6.827, -0.131], [7.969, 0.0], [8.54, -0.261], [10.539, -0.261]]",0.0,0.9705,0.0,0.0,0.7588,0.5058,2.0,0.0,ok,11.1803,0.0,0.0,0.0,0.0,0.0,0.0,0.0,0.0,0.0,2dbfc784e7b8463db1a273cd9b27b240,scene-0968,43
3.4368,5.7442,8.8845,2.4615,3.7447,5.1725,0.0,0.0,0.0,0.0,0.0,0.0,0.0,0.0,0.0,ok,straight,2.8657,6.5996,8.8845,2.4615,3.7449,5.1726,False,"[-0.0653, -0.1305, -0.1305, -0.1305, -0.0653, -0.5875, -0.1305, -0.0653]","[-973.7801, -688.4931, -1227.0747, -3117.8339, -3124.9671, -15624.0006, -26857.5094, -1205942.0392]","[3.5865, -1000685.9006, -1001224.4822, -1003115.2361, -1003122.3693, -1015621.4081, -1026854.9116, -2205939.4413]","[5.173, 6.03, 5.71, 6.755, 5.987, 5.183, 4.703, 16.314]",3.5769,0.0,0.0,0.0,0.0,0.0,0.0,0.0,0.0,0.0,4.7027,8.0,3.4368,9.1694,7.7455,2.4615,4.9669,4.7027,"[[2.258, 0.0], [3.115, 0.0], [3.686, -0.131], [6.827, 0.0], [7.398, -0.131], [9.111, -0.131]]",-0.5711,-2.5698,1.139,0.0,-1.222,0.4699,1.0,0.0,ok,16.3138,0.0,0.0,0.0,0.0,0.0,0.0,0.0,0.0,0.0,7f2bc98ed6dd4567aaf35b6d02f09621,scene-0968,43
1.9727,3.6521,3.2357,1.5444,2.3199,2.7459,0.0,0.0,0.0,0.0,0.0,0.0,0.0,0.0,0.0,ok,straight,2.8293,3.9376,3.2357,2.1154,2.963,3.1746,False,"[-0.0653, -0.0653, -0.0653, -0.0653, -0.0653, -0.0, -0.0653, -0.0653]","[-26.3001, -47.5678, -370.6122, -699.0962, -2652.4213, -5780.7146, -17182.0209, -46011.9325]","[2.2649, 2.2466, 2.2419, -1000697.0764, -1002650.3845, -1005778.6778, -1017180.0011, -1046009.9127]","[3.175, 2.746, 2.384, 3.079, 3.274, 4.174, 4.174, 5.126]",0.8438,0.0,0.0,0.0,0.0,0.0,0.0,0.0,0.0,0.0,2.3844,8.0,2.8293,3.9376,1.3421,2.1154,2.963,2.3844,"[[1.402, 0.0], [2.829, 0.0], [3.686, 0.131], [4.257, 0.0], [5.113, 0.0], [5.685, -0.131]]",0.0,0.0,1.8936,0.0,0.0,0.7902,3.0,0.0,ok,5.1255,0.0,0.0,0.0,0.0,0.0,0.0,0.0,0.0,0.0,923b34d42c5048c0a4db75c65de52f3c,scene-0969,43
2.4399,6.923,9.5778,1.9637,3.7034,5.5284,0.0,0.0,1.0,0.0,0.0,1.0,0.0,0.0,0.16666666666666666,ok,straight,2.4399,5.7813,9.8584,1.9637,3.418,5.0051,True,"[-0.0, -0.0653, -0.1305, -0.1305, -0.3916, -0.2611, -0.2611, -0.1305]","[-368.7722, -383.0632, -280.6628, -1198.3878, -285.4648, -4309.9599, -5320.1798, -5869.0632]","[4.5912, 4.029, 3.5173, 2.8789, 1.2911, -1004307.8849, -1005318.1047, -1005866.9882]","[5.005, 3.91, 5.338, 5.719, 5.344, 7.956, 3.82, 6.34]",1.2445,0.0,0.0,1.0,0.0,0.0,1.0,0.0,0.0,0.16666666666666666,3.8201,8.0,2.4399,6.3521,5.0369,1.9637,3.9897,3.8201,"[[2.829, 0.0], [5.113, 0.0], [7.969, -0.131], [11.11, -0.131], [13.108, -0.261], [17.677, 0.0]]",0.0,-0.5709,4.8215,0.0,-0.5717,1.185,2.0,0.0,ok,7.9561,0.0,0.0,0.0,0.0,0.0,0.0,0.0,0.0,0.0,5e6c874d0a034ab88e2da0e9eab75c87,scene-0969,43
4.2039,7.4885,9.3782,3.0428,4.7922,6.0086,0.0,1.0,0.0,0.0,1.0,1.0,0.0,0.5,0.5,ok,straight,4.2039,7.4885,11.0962,3.0428,4.7922,6.3901,False,"[-0.0653, -0.0653, -0.5875, -0.1958, -0.4569, -0.0653, -0.3264, -0.5222]","[-426.2972, -437.7236, -378.8689, -892.2443, -998.2783, -1786.1625, -3013.2114, -11370.96]","[5.0473, 3.7707, 2.4968, -1000890.1217, -1000994.8825, -1001784.04, -1003009.8155, -1011368.8375]","[6.39, 6.39, 7.597, 7.78, 8.956, 5.018, 6.516, 7.32]",1.1069,0.0,1.0,0.0,0.0,1.0,1.0,0.0,0.5,0.5,5.0176,8.0,3.6329,7.4885,5.6921,3.0428,4.7922,5.0176,"[[1.973, 0.0], [4.542, 0.0], [6.541, -0.131], [9.396, -0.131], [11.11, -0.131], [15.393, -0.131]]",0.5711,0.0,5.4041,-0.0,-0.0,1.3725,1.0,0.0,ok,8.9562,0.0,1.0,0.0,0.0,1.0,1.0,0.0,0.5,0.5,588dd5faaf2a4697b35195f46196cb8b,scene-0969,43
3.054,6.4061,8.5813,2.506,4.122,5.7065,0.0,0.0,0.0,0.0,0.0,0.0,0.0,0.0,0.0,ok,straight,3.054,6.9746,8.5813,2.506,4.2641,5.8013,False,"[-0.0653, -0.4569, -0.0653, -0.5875, -0.0653, -0.1958, -0.3264, -0.0653]","[-375.2302, -722.9566, -531.4211, -1015.2878, -1980.3651, -11886.3986, -22547.8828, -92175.8011]","[3.7685, -1.0999, -1000529.0398, -1001012.9064, -1001980.8119, -1011886.8454, -1022548.3296, -1092173.4197]","[5.801, 5.671, 4.614, 5.964, 5.416, 5.709, 7.025, 7.242]",0.7944,0.0,0.0,0.0,0.0,0.0,0.0,0.0,0.0,0.0,4.6143,8.0,3.054,6.9746,3.4496,2.506,4.2641,4.6143,"[[3.686, 0.0], [6.541, 0.0], [10.539, -0.131], [14.25, -0.131], [18.248, -0.131], [19.39, -0.131]]",0.0,0.0,5.1317,0.0,0.0,1.1869,4.0,0.0,ok,7.2419,0.0,0.0,0.0,0.0,0.0,0.0,0.0,0.0,0.0,ace2c4ce1a524b1f956d379baf10b82d,scene-0969,43
1.6605,2.2779,3.2511,1.2252,1.8125,2.3644,0.0,0.0,0.0,0.0,0.0,0.0,0.0,0.0,0.0,ok,straight,1.6605,2.8442,3.2178,1.2252,2.0245,2.5939,False,"[-0.3264, -0.3264, -3.329, -8.2899, -8.2899, -8.2899, -5.4178, -2.1541]","[-445.1707, -773.6383, -4680.5809, -13508.6664, -19082.8092, -39393.2513, -137860.5229, -1581975.1291]","[3.9486, 3.9286, -1004678.3793, -1013506.4648, -1019080.5882, -1039391.0304, -1137858.3213, -2581972.9081]","[2.594, 2.548, 4.086, 5.128, 6.3, 5.389, 6.061, 13.922]",3.3667,0.0,0.0,0.0,0.0,0.0,0.0,0.0,0.0,0.0,2.5478,8.0,1.946,2.2779,3.2178,1.5107,1.9553,2.5478,"[[0.831, 0.0], [1.687, 0.0], [2.829, 0.0], [3.115, 0.0], [5.113, 0.653], [5.113, 0.653]]",-0.2855,0.5664,0.0,-0.2855,0.0692,0.0461,1.0,0.0,ok,13.9218,0.0,0.0,0.0,0.0,0.0,0.0,0.0,0.0,0.0,45c4bd03ee6f4a369dd42abf08dc3957,scene-0971,43
0.4127,0.8306,1.1512,0.2572,0.3709,0.5379,0.0,0.0,0.0,0.0,0.0,0.0,0.0,0.0,0.0,ok,right,1.3574,0.8306,0.5804,1.3567,0.9572,0.8336,False,"[2.7415, 2.7415, 1.6319, 2.6763, 4.1776, -8.2899, -8.2899, -8.2899]","[-893.4535, -245.8905, -1288.4536, -1302.6051, -3882.8528, -23061.1307, -32611.7482, -43915.8227]","[3.4447, 3.3175, -1001286.7062, -1001300.6905, -1003881.1054, -1023059.2161, -1032609.8336, -1043914.0753]","[0.834, 0.467, 1.367, 1.267, 1.629, 4.744, 4.683, 4.634]",1.761,0.0,0.0,0.0,0.0,0.0,0.0,0.0,0.0,0.0,0.4671,8.0,0.4127,0.8306,0.5804,0.2572,0.4074,0.4671,"[[3.4, -0.261], [5.113, -1.567], [5.685, -1.436], [8.54, -2.48], [9.968, -4.569], [11.11, -5.483]]",0.9447,0.0,0.0,1.0995,0.5498,0.3665,1.0,0.0,ok,4.7436,0.0,0.0,0.0,0.0,0.0,0.0,0.0,0.0,0.0,a8b576261b39410bb5105d3646fbb544,scene-0971,43
0.2446,0.5941,1.7519,0.1346,0.3216,0.633,0.0,0.0,0.0,0.0,0.0,0.0,0.0,0.0,0.0,ok,straight,0.2446,0.5941,1.7519,0.1346,0.2717,0.5997,True,"[-0.0653, -0.0653, -0.0653, -2.0235, -0.0653, -0.0, -0.0653, -0.3264]","[-410.2098, -793.2802, -1974.4246, -9256.7167, -3936.908, -5468.9507, -18233.2037, -18655.4886]","[4.0534, -1000790.6433, -1001971.7877, -1009254.0797, -2005500.45, -2007032.4927, -2019796.7458, -2020219.0306]","[0.6, 0.63, 1.066, 1.983, 0.942, 1.367, 2.063, 1.973]",0.5725,0.0,0.0,0.0,0.0,0.0,0.0,0.0,0.0,0.0,0.5997,8.0,0.2446,0.5941,1.7519,0.1346,0.2717,0.5997,"[[3.115, 0.0], [6.541, 0.0], [9.396, 0.0], [12.252, -0.131], [16.249, -0.131], [17.391, -0.131]]",0.0,0.0,0.0,0.0,0.0,0.0,0.0,1.0,ok,2.063,0.0,0.0,0.0,0.0,0.0,0.0,0.0,0.0,0.0,05e5176b77bb44ed85e6df6ad3aba980,scene-0971,43
1.9869,3.355,4.3874,1.4812,2.1386,2.8028,0.0,0.0,0.0,0.0,0.0,0.0,0.0,0.0,0.0,ok,straight,1.9869,3.355,4.3874,1.4812,2.1386,2.8028,False,"[-0.0, -0.4569, -0.2611, -0.0653, -0.0, -0.1305, -0.0, -0.3264]","[-143.4586, -2227.1531, -5543.5792, -6311.8902, -743.3521, -3884.5093, -6667.2548, -8167.4949]","[4.9396, -1002224.6439, -1005541.07, -1006309.381, -2001606.5691, -2004747.7264, -2007530.4718, -2009030.7119]","[2.803, 3.912, 2.568, 2.228, 3.279, 3.063, 4.472, 3.651]",0.6926,0.0,0.0,0.0,0.0,0.0,0.0,0.0,0.0,0.0,2.228,8.0,1.9869,3.355,3.8066,1.4812,2.1386,2.228,"[[3.686, 0.0], [7.969, 0.0], [11.11, 0.0], [15.107, 0.0], [18.819, 0.0], [21.96, 0.0]]",0.0,0.0,0.5808,0.0,0.0,0.5748,2.0,0.0,ok,4.4722,0.0,0.0,0.0,0.0,0.0,0.0,0.0,0.0,0.0,ce0a66937ec741af9defc0fcde1134d5,scene-0971,43
1.6997,2.8045,4.6503,1.1968,1.6609,2.6041,0.0,0.0,0.0,0.0,0.0,0.0,0.0,0.0,0.0,ok,straight,1.6997,1.9385,4.6503,1.1968,1.4444,2.4598,True,"[-0.3916, -0.4569, -1.0444, -0.3916, -0.9138, -3.1332, -0.718, -0.4569]","[-468.3272, -479.9597, -970.3873, -2217.8315, -3574.2684, -4757.8301, -13550.1237, -45929.9969]","[3.3925, 3.3159, 2.6003, -1002215.6671, -1003572.1041, -1004755.6658, -1013547.9594, -1045927.8258]","[2.46, 2.275, 2.873, 3.13, 4.145, 3.732, 3.905, 5.074]",0.8805,0.0,0.0,0.0,0.0,0.0,0.0,0.0,0.0,0.0,2.2755,8.0,1.6997,1.9385,3.8295,1.1968,1.4444,2.2755,"[[3.115, 0.0], [6.541, 0.0], [8.54, 0.131], [11.11, 0.261], [15.393, 0.392], [17.391, 0.783]]",0.0,0.0,0.8208,0.0,0.0,0.1843,1.0,0.0,ok,5.074,0.0,0.0,0.0,0.0,0.0,0.0,0.0,0.0,0.0,e80bfd61023745b0a97caae3ff4a1727,scene-0972,43
0.9014,3.1125,5.0335,0.6838,1.7773,2.8036,0.0,0.0,0.0,0.0,0.0,0.0,0.0,0.0,0.0,ok,straight,0.9014,2.827,5.0335,0.6838,1.7059,2.756,True,"[-0.1305, -0.1305, -0.2611, -0.1958, -0.0, -2.0888, -0.5222, -0.1305]","[-461.7476, -588.8056, -903.8773, -3458.0187, -5545.3366, -5807.6085, -5862.3924, -6626.8278]","[4.501, 4.4497, -1000901.5525, -1003455.2775, -1005542.5954, -1005805.2836, -1005860.0676, -1006624.503]","[2.756, 2.614, 1.771, 2.711, 2.27, 1.943, 2.033, 2.421]",0.3477,0.0,0.0,0.0,0.0,0.0,0.0,0.0,0.0,0.0,1.7712,8.0,0.3333,2.3325,5.6021,0.3997,1.2029,1.7712,"[[1.687, 0.0], [3.686, 0.0], [4.542, 0.0], [6.827, -0.131], [7.398, -0.261], [9.111, -0.261]]",0.5681,0.4945,-0.5686,0.284,0.503,0.9848,7.0,0.0,ok,2.756,0.0,0.0,0.0,0.0,0.0,0.0,0.0,0.0,0.0,d6ff96145885480eae142252fffa6c66,scene-0972,43
2.3535,3.5719,5.1326,1.6445,2.576,3.3448,0.0,0.0,0.0,0.0,0.0,0.0,0.0,0.0,0.0,ok,straight,2.3535,3.5719,5.1326,1.6445,2.5767,3.3452,False,"[-1.2402, -1.2402, -1.1097, -8.2899, -1.0444, -7.115, -8.2899, -8.2899]","[-43.1166, -1389.5529, -2799.6998, -7586.5619, -12762.3491, -16677.2834, -167579.5686, -185898.5762]","[3.5654, -1001387.5221, -1002797.7722, -1007584.6343, -1012760.3183, -1016675.3558, -1167577.5378, -1185896.5454]","[3.345, 3.068, 4.015, 5.187, 4.53, 5.268, 6.983, 7.28]",1.4529,0.0,0.0,0.0,0.0,0.0,0.0,0.0,0.0,0.0,3.0676,8.0,2.3535,2.062,5.1326,1.6445,2.1601,3.0676,"[[2.829, 0.131], [5.113, 0.261], [7.683, 0.783], [10.539, 1.697], [13.108, 2.48], [15.964, 2.48]]",0.0,1.5099,0.0,0.0,0.4165,0.2777,1.0,0.0,ok,7.28,0.0,0.0,0.0,0.0,0.0,0.0,0.0,0.0,0.0,c1682fd7aaea47189d8820dd0abe8a32,scene-0972,43
0.8211,1.6163,1.1368,0.5645,1.0704,1.1595,0.0,0.0,0.0,0.0,0.0,0.0,0.0,0.0,0.0,ok,straight,0.8211,1.6163,1.1368,0.5645,1.0704,1.1595,False,"[-0.1305, -0.1305, -0.1305, -0.1305, -0.2611, -0.0653, -0.0, -0.5875]","[-22.3137, -1195.5784, -6201.9895, -10139.8884, -12344.745, -19454.8769, -999823.453, -1007556.466]","[3.097, 3.09, -1006199.7789, -1010137.6778, -1012342.5344, -1019452.6706, -1999821.2466, -2007554.2597]","[1.16, 0.973, 2.124, 2.049, 4.074, 1.857, 10.314, 10.412]",3.7084,0.0,0.0,0.0,0.0,0.0,0.0,0.0,0.0,0.0,0.973,8.0,0.8211,0.6958,1.1368,0.5645,0.7906,0.973,"[[3.4, 0.0], [6.541, 0.0], [9.396, -0.131], [12.823, -0.131], [16.249, -0.131], [19.961, -0.261]]",0.0,0.9205,0.0,0.0,0.2798,0.1865,1.0,0.0,ok,10.4119,0.0,0.0,0.0,0.0,0.0,0.0,0.0,0.0,0.0,82c379e1de1245e4b18822e277d2a0eb,scene-0972,43
2.2539,3.5006,6.1795,1.5611,2.2667,3.6358,0.0,0.0,0.0,0.0,0.0,0.0,0.0,0.0,0.0,ok,straight,0.5407,5.2131,6.1795,0.4073,2.19,3.5847,True,"[-0.0653, -0.0653, -0.0653, -0.0653, -0.1958, -0.3916, -0.1958, -0.0]","[-106.552, -154.6233, -869.3687, -1331.7043, -7473.5695, -9906.8403, -18312.6531, -24512.5777]","[2.6688, 2.6633, -1000866.6662, -1001329.0018, -1007470.8669, -1009905.6171, -1018309.9506, -1024511.3545]","[3.585, 3.395, 3.636, 2.973, 4.208, 6.394, 3.784, 3.856]",0.9725,0.0,0.0,0.0,0.0,0.0,0.0,0.0,0.0,0.0,2.9727,8.0,2.2539,3.5006,3.0427,1.5611,2.2667,2.9727,"[[1.973, 0.0], [4.828, 0.0], [8.825, -0.131], [12.823, -0.131], [15.393, -0.131], [15.964, -0.131]]",-1.7131,1.7126,3.1368,-1.1538,-0.0767,0.612,2.0,0.0,ok,6.3942,0.0,0.0,0.0,0.0,0.0,0.0,0.0,0.0,0.0,cb4504edb87a40d4b650cd5860f6c3b7,scene-1059,43
3.6607,6.4419,9.687,2.8038,4.3117,5.6442,0.0,0.0,0.0,0.0,0.0,0.0,0.0,0.0,0.0,ok,straight,3.6607,6.4419,8.2672,2.8038,4.3165,5.4107,True,"[-1.8277, -1.8277, -3.0679, -1.436, -4.1123, -1.1749, -1.3708, -0.7833]","[-54.2225, -412.6315, -960.6228, -2533.2396, -3066.4001, -3645.1211, -15858.7635, -21356.7439]","[2.9671, 2.9166, 1.6416, -1002531.1838, -1003064.3415, -1003643.0625, -1015856.7049, -1021354.6882]","[5.411, 5.413, 6.154, 4.931, 6.685, 6.598, 7.116, 4.884]",0.7981,0.0,0.0,0.0,0.0,0.0,0.0,0.0,0.0,0.0,4.8837,8.0,4.2295,6.4419,3.5143,2.8122,4.3207,4.8837,"[[3.115, -0.131], [5.97, -0.392], [8.54, -0.914], [11.11, -1.436], [13.108, -2.48], [15.964, -3.655]]",-0.5688,0.0,4.7529,-0.0083,-0.0042,0.527,2.0,0.0,ok,7.1159,0.0,0.0,0.0,0.0,0.0,0.0,0.0,0.0,0.0,b4b81cfd5d734881ad386e5c2b00ed4a,scene-1059,43
2.7506,6.7278,10.1313,2.0587,3.9236,5.8427,0.0,0.0,1.0,0.0,0.0,1.0,0.0,0.0,0.3333333333333333,ok,straight,2.7506,6.7278,10.1313,2.0587,3.9236,5.8427,False,"[-2.7415, -2.7415, -1.2402, -2.2846, -3.4596, -3.2637, -1.2402, -2.8068]","[-161.4268, -516.8874, -889.327, -1537.9166, -3894.7453, -35758.3854, -137716.9907, -141543.4507]","[2.8638, 2.8482, -1000886.806, -1001535.3957, -1003892.2338, -1035755.8739, -1137714.4792, -1141540.9298]","[5.843, 6.308, 4.9, 5.53, 6.118, 8.775, 10.636, 8.057]",1.8254,0.0,0.0,1.0,0.0,0.0,1.0,0.0,0.0,0.3333333333333333,4.8998,8.0,2.7506,6.7278,5.7108,2.0587,3.9236,4.8998,"[[1.973, -0.131], [3.971, -0.522], [6.541, -1.044], [8.54, -2.48], [10.539, -4.569], [11.11, -5.483]]",0.0,0.0,4.4206,0.0,0.0,0.9429,2.0,0.0,ok,10.6359,0.0,0.0,0.0,0.0,0.0,0.0,0.0,0.0,0.0,913104aa7a4f4917a651fdc062c7fc30,scene-1059,43
2.6596,2.9175,2.9145,2.0237,2.4873,2.5626,0.0,0.0,0.0,0.0,0.0,0.0,0.0,0.0,0.0,ok,straight,2.953,2.978,2.9145,2.1692,2.5752,2.5309,True,"[-2.1541, -2.1541, -1.5013, -2.1541, -2.6763, -1.893, -2.4804, -8.2899]","[-290.82, -430.9988, -792.7343, -1130.0395, -1895.0785, -2250.0613, -5467.563, -17051.5501]","[3.9893, 3.8847, -1000789.8289, -1001127.056, -1001892.1731, -1002247.0778, -1005464.5796, -1017048.6446]","[2.531, 2.551, 2.351, 2.796, 3.183, 2.861, 3.59, 5.194]",0.863,0.0,0.0,0.0,0.0,0.0,0.0,0.0,0.0,0.0,2.3508,8.0,2.953,3.0873,2.8544,2.1692,2.6053,2.3508,"[[2.829, 0.0], [6.256, 0.0], [8.54, -0.522], [11.11, -1.567], [13.108, -2.089], [16.249, -4.308]]",0.0,-0.1094,0.0601,0.0,-0.0302,0.18,1.0,0.0,ok,5.1938,0.0,0.0,0.0,0.0,0.0,0.0,0.0,0.0,0.0,e0c4e822835f4a2e925dec94a835d5ab,scene-1059,43
2.2786,4.9504,5.5295,1.6974,3.0175,3.6334,0.0,0.0,0.0,0.0,0.0,0.0,0.0,0.0,0.0,ok,straight,2.2786,2.6586,5.5295,1.6974,2.2305,3.1087,True,"[-0.0653, -0.0653, -0.3916, -0.718, -0.4569, -0.1958, -0.4569, -0.0]","[-228.3313, -373.7024, -65.2252, -451.5667, -739.5347, -2761.1529, -7133.1802, -41413.6416]","[4.1952, 4.185, 2.8207, 1.4049, -1000736.7917, -1002758.4092, -1007130.4365, -1041410.8978]","[3.109, 3.633, 2.603, 3.18, 2.548, 4.11, 3.618, 6.041]",1.0451,0.0,0.0,0.0,0.0,0.0,0.0,0.0,0.0,0.0,2.548,8.0,2.2786,2.6586,4.4849,1.6974,2.2305,2.548,"[[3.115, 0.0], [5.97, 0.0], [9.396, 0.0], [13.394, -0.131], [15.393, 0.131], [17.391, 0.131]]",0.0,0.0,1.0445,0.0,0.0,0.5607,2.0,0.0,ok,6.0412,0.0,0.0,0.0,0.0,0.0,0.0,0.0,0.0,0.0,e74b8ce0b1824e0c8167f2534d8d4f7d,scene-1060,43
0.4037,1.0893,2.5541,0.3695,0.6858,1.3589,0.0,0.0,0.0,0.0,0.0,0.0,0.0,0.0,0.0,ok,straight,0.4037,1.0893,2.5541,0.3695,0.6858,1.3488,True,"[-0.1305, -0.1305, -0.2611, -0.6527, -0.4569, -0.1958, -4.3081, -8.2899]","[-643.0558, -1270.4589, -374.8502, -986.2487, -3663.68, -5702.7077, -7469.4969, -22207.1052]","[4.1668, 3.922, -1000371.9634, -1000983.362, -1003660.9462, -1005699.974, -1007466.7632, -1022204.2185]","[1.349, 1.58, 2.028, 0.902, 1.577, 1.75, 4.436, 3.966]",1.2005,0.0,0.0,0.0,0.0,0.0,0.0,0.0,0.0,0.0,0.9019,8.0,0.4037,1.0893,1.0105,0.3695,0.6858,0.9019,"[[3.686, 0.0], [7.398, 0.0], [11.11, 0.0], [15.393, 0.131], [17.391, 0.261], [21.96, 0.261]]",0.0,0.0,1.5436,0.0,0.0,0.4469,1.0,0.0,ok,4.4357,0.0,0.0,0.0,0.0,0.0,0.0,0.0,0.0,0.0,2b92bd1ee0d042fc982e0f2d9e118fb2,scene-1060,43
1.3782,3.7962,6.9652,1.1035,2.3503,3.5518,0.0,0.0,0.0,0.0,0.0,0.0,0.0,0.0,0.0,ok,right,1.3782,3.7962,6.9652,1.1035,2.3503,3.5754,False,"[2.6763, 2.6763, -8.2899, 2.0888, 2.6763, 2.611, -8.2899, -8.2899]","[-355.022, -2845.9639, -30041.623, -863828.2059, -1221.2715, -3152.1718, -7413.1138, -17832.2091]","[2.8645, -1002844.3067, -1030039.9658, -1863826.5486, -2003246.7981, -2005177.6984, -2009438.6405, -2019857.7357]","[3.575, 2.926, 6.49, 10.791, 3.56, 4.859, 7.658, 6.228]",2.4527,0.0,0.0,0.0,0.0,0.0,0.0,0.0,0.0,0.0,2.9258,8.0,1.3782,3.7962,3.5639,1.1035,2.3503,2.9258,"[[3.115, -0.131], [6.541, -0.522], [8.54, -1.436], [12.252, -2.48], [15.107, -3.655], [17.391, -5.353]]",0.0,0.0,3.4013,0.0,0.0,0.6496,2.0,0.0,ok,10.7912,0.0,0.0,0.0,0.0,0.0,0.0,0.0,0.0,0.0,15f61a56df7a4ecab63dda6cff25e7a0,scene-1060,43
3.4665,6.6796,10.2514,2.4443,4.0041,5.8808,0.0,0.0,0.0,0.0,0.0,0.0,0.0,0.0,0.0,ok,straight,3.4665,7.8239,8.2543,2.159,4.3622,5.5493,True,"[-0.0653, -0.1305, -0.3916, -0.1305, -0.3264, -0.0653, -0.2611, -0.6527]","[-674.3249, -445.4981, -551.4725, -54.1573, -2642.0499, -46533.7681, -55625.7216, -121840.7857]","[5.7758, 5.4355, 4.0494, 2.5386, -1002640.851, -1046532.5692, -1055624.5227, -1121836.6804]","[5.549, 6.453, 5.646, 6.357, 5.751, 6.461, 5.018, 10.754]",1.6775,0.0,0.0,0.0,0.0,0.0,0.0,0.0,0.0,0.0,5.0175,8.0,3.4665,6.6796,7.3994,2.4443,4.2183,5.0175,"[[4.542, 0.0], [7.398, 0.0], [11.11, 0.0], [14.25, 0.0], [20.247, 0.0], [25.386, -0.131]]",0.0,1.1442,0.855,-0.2853,0.1439,0.5317,1.0,0.0,ok,10.7538,0.0,0.0,0.0,0.0,0.0,0.0,0.0,0.0,0.0,463599ceb9a1454a90b192c29878a5f4,scene-1060,43
1.3845,2.1973,1.0081,1.0977,1.4651,1.3575,0.0,0.0,0.0,0.0,0.0,0.0,0.0,0.0,0.0,ok,straight,1.6812,1.378,1.0081,1.3885,1.336,1.2715,True,"[-0.1305, -0.1305, -0.2611, -0.3264, -0.3916, -0.1958, -0.3264, -0.3264]","[-133.0576, -238.9522, -706.2723, -959.8612, -1195.9073, -1468.4841, -28392.8427, -877042.3027]","[4.2857, 4.2856, -1000703.7945, -1000957.3832, -1001193.4293, -1001466.0063, -1028390.3647, -1877039.8249]","[1.271, 1.641, 1.536, 2.666, 2.112, 1.523, 3.145, 11.849]",3.3165,0.0,0.0,0.0,0.0,0.0,0.0,0.0,0.0,0.0,1.2715,8.0,1.6812,1.378,1.0081,1.3885,1.336,1.2715,"[[3.4, 0.0], [6.827, 0.0], [9.111, -0.131], [12.252, -0.131], [15.393, -0.261], [17.391, -0.261]]",0.0,0.0,0.0,0.0,0.0,0.0,0.0,1.0,ok,11.8486,0.0,0.0,0.0,0.0,0.0,0.0,0.0,0.0,0.0,79f6489272c24d3ebc5e225ce6ff2aea,scene-1061,43
0.257,0.6182,2.185,0.2998,0.354,0.8939,0.0,0.0,0.0,0.0,0.0,0.0,0.0,0.0,0.0,ok,straight,0.257,0.6182,2.185,0.2998,0.354,0.8939,False,"[-0.1305, -0.1305, -0.1958, -0.1305, -0.3264, -0.1305, -0.1305, -0.1305]","[-46.585, -72.0002, -907.5957, -505.0511, -681.0693, -8527.9188, -141828.0138, -196741.3792]","[3.3663, 2.7469, 2.3547, -1000503.3944, -1000679.4126, -1008525.643, -1141826.3571, -1196739.1034]","[0.894, 0.957, 0.513, 1.051, 1.063, 2.416, 4.035, 5.925]",1.8003,0.0,0.0,0.0,0.0,0.0,0.0,0.0,0.0,0.0,0.513,8.0,0.257,0.6182,0.2488,0.2998,0.354,0.513,"[[4.257, 0.0], [8.54, 0.0], [12.537, -0.131], [16.82, -0.131], [21.389, -0.131], [24.815, -0.261]]",0.0,0.0,1.9362,0.0,0.0,0.3809,1.0,0.0,ok,5.9251,0.0,0.0,0.0,0.0,0.0,0.0,0.0,0.0,0.0,89a1ce70fcc4404a8d34cca07523f07b,scene-1061,43
0.3791,1.3535,4.2367,0.2086,0.5924,1.6374,0.0,0.0,0.0,0.0,0.0,0.0,0.0,0.0,0.0,ok,straight,1.1354,1.3535,1.3767,1.2925,1.1344,1.2498,True,"[-0.0653, -0.1305, -0.1305, -0.1958, -0.3916, -0.1305, -0.2611, -0.1305]","[-603.6885, -1034.3267, -877.8907, -697.881, -1088.4752, -5941.435, -9085.7567, -35387.7167]","[4.8304, 4.1158, 4.0252, 3.4698, -1001085.3858, -1005938.4502, -1009082.7719, -1035384.7319]","[1.25, 2.141, 1.955, 2.957, 3.338, 1.503, 2.261, 4.123]",0.9054,0.0,0.0,0.0,0.0,0.0,0.0,0.0,0.0,0.0,1.2498,8.0,1.1354,1.3535,1.3767,1.2925,1.1344,1.2498,"[[5.113, 0.0], [8.825, 0.0], [11.11, -0.131], [15.393, -0.131], [20.532, -1.175], [24.815, 0.131]]",0.0,0.0,0.0,0.0,0.0,0.0,0.0,1.0,ok,4.1235,0.0,0.0,0.0,0.0,0.0,0.0,0.0,0.0,0.0,42060e0081f249d7bcb5d2a0aa4e980a,scene-1061,43
2.5437,2.4937,1.607,1.9873,2.2314,2.2757,0.0,0.0,0.0,0.0,0.0,0.0,0.0,0.0,0.0,ok,straight,1.1131,2.4937,1.8925,0.5631,1.5194,1.8961,True,"[-0.1305, -0.1305, -0.2611, -0.0653, -0.1958, -0.1305, -0.0, -0.0]","[-368.0666, -449.4054, -224.7698, -726.1905, -2434.3295, -3238.2043, -4912.0762, -72784.0612]","[3.125, 2.9752, 1.5914, -1000723.4558, -1002431.4485, -1003235.4697, -1004909.1952, -1072781.3266]","[1.896, 1.989, 1.424, 1.794, 2.134, 2.607, 2.268, 4.186]",0.7875,0.0,0.0,0.0,0.0,0.0,0.0,0.0,0.0,0.0,1.4244,8.0,1.1131,2.4937,1.3504,0.5631,1.5194,1.4244,"[[4.828, 0.0], [8.254, 0.0], [11.11, -0.131], [14.822, -0.131], [17.106, -0.261], [21.389, -0.261]]",0.0,0.0,0.542,0.0,0.0,0.4716,2.0,0.0,ok,4.1858,0.0,0.0,0.0,0.0,0.0,0.0,0.0,0.0,0.0,1f7bbb7aa80e4f21a106c80392af97b9,scene-1061,43
0.4452,0.4655,2.5455,0.3513,0.3919,0.9432,0.0,0.0,0.0,0.0,0.0,0.0,0.0,0.0,0.0,ok,right,0.7422,0.6453,2.602,0.9281,0.7798,1.3392,False,"[3.7207, 1.5666, 1.5666, 1.6971, 1.8277, 0.9138, 4.5692, 0.6527]","[-1252.9642, -39.685, -913.3979, -732.4021, -1584.5918, -1722.4358, -3102.7358, -5836.5867]","[3.6937, 2.4234, 2.2042, -1000730.6777, -1001582.8674, -1001720.4185, -1003101.0114, -1005834.5694]","[1.339, 0.879, 1.157, 0.976, 1.122, 1.585, 1.468, 2.037]",0.3509,0.0,0.0,0.0,0.0,0.0,0.0,0.0,0.0,0.0,0.8791,8.0,0.4452,0.3485,2.5455,0.3513,0.3626,0.8791,"[[1.116, -0.131], [4.828, -0.522], [6.541, -1.044], [7.398, -2.742], [11.11, -5.353], [13.108, -7.441]]",0.297,0.2967,0.0565,0.5768,0.4171,0.4602,4.0,0.0,ok,2.0372,0.0,0.0,0.0,0.0,0.0,0.0,0.0,0.0,0.0,617899966d3e4fea9042a1f1a26b764e,scene-1062,43
0.1951,1.4429,2.3743,0.1233,0.4807,1.0225,0.0,0.0,0.0,0.0,0.0,0.0,0.0,0.0,0.0,ok,straight,0.1951,0.5687,1.3481,0.1233,0.2622,0.6711,True,"[-0.0, -0.1305, -0.1305, -0.2611, -0.3916, -0.2611, -0.0653, -0.0653]","[-73.0179, -431.5227, -677.8501, -1538.7091, -2509.78, -7507.1571, -36564.241, -37083.0491]","[4.9649, 3.8723, -1000673.8467, -1001534.7058, -1002505.7767, -1007503.1537, -1036561.3186, -1037080.1267]","[0.671, 1.02, 1.421, 1.759, 1.858, 2.115, 2.329, 2.256]",0.5592,0.0,0.0,0.0,0.0,0.0,0.0,0.0,0.0,0.0,0.6711,8.0,0.1951,0.5687,1.3481,0.1233,0.2622,0.6711,"[[3.686, 0.0], [7.398, 0.0], [11.966, -0.131], [17.391, -0.131], [22.816, -0.392], [27.099, 0.0]]",0.0,0.0,0.0,0.0,0.0,0.0,0.0,1.0,ok,2.329,0.0,0.0,0.0,0.0,0.0,0.0,0.0,0.0,0.0,14032ef9a5194010a189dd4e822d1f5e,scene-1062,43
0.1731,1.0266,1.8623,0.2062,0.4188,0.8226,0.0,0.0,0.0,0.0,0.0,0.0,0.0,0.0,0.0,ok,right,0.1731,2.056,2.5788,0.2062,0.9076,1.2679,False,"[3.329, 3.329, 3.0679, 2.8068, 2.0888, 3.4596, 0.4569, -8.2899]","[-352.1505, -341.2569, -576.4866, -1425.2166, -1865.808, -2368.7625, -15500.6228, -38470.1437]","[3.0437, 2.851, 2.7624, -1001423.2978, -1001864.0828, -1002366.8438, -1015498.704, -1038468.4186]","[1.268, 0.942, 1.155, 1.466, 2.111, 1.211, 2.654, 4.668]",1.162,0.0,0.0,0.0,0.0,0.0,0.0,0.0,0.0,0.0,0.942,8.0,0.1731,1.0266,2.5788,0.2062,0.4188,0.942,"[[3.115, -0.131], [6.541, -0.783], [10.253, -2.089], [13.394, -4.047], [15.393, -4.569], [18.248, -6.658]]",0.0,1.0294,0.0,0.0,0.4888,0.3259,3.0,0.0,ok,4.6679,0.0,0.0,0.0,0.0,0.0,0.0,0.0,0.0,0.0,4baa89b0de744b06b2a89f5ff15f3c71,scene-1062,43
6.1876,11.071,17.3953,4.6034,7.3328,10.1617,0.0,0.0,0.0,0.0,0.0,0.0,0.0,0.0,0.0,ok,straight,6.1876,10.7612,17.3738,4.6034,7.1822,10.0577,True,"[-0.6527, -0.6527, -2.611, -0.1305, -0.0653, -1.9582, -1.893, -0.4569]","[-208.109, -234.0373, -2471.0605, -4139.102, -9972.9256, -10583.3348, -12302.1009, -23262.0449]","[3.9442, 3.9368, -1002468.6158, -1004136.6574, -1009970.4771, -1010580.8864, -1012299.6563, -1023259.5964]","[10.058, 10.677, 10.536, 9.391, 10.138, 10.552, 10.902, 9.606]",0.4974,0.0,0.0,0.0,0.0,0.0,0.0,0.0,0.0,0.0,9.3912,8.0,6.7587,12.1885,13.0452,5.033,8.1112,9.3912,"[[3.115, 0.0], [6.256, -0.131], [8.825, 0.131], [10.824, -0.261], [14.25, -1.305], [17.391, -1.305]]",-0.5711,-1.4273,4.3286,-0.4296,-0.9291,0.6665,2.0,0.0,ok,10.9017,0.0,0.0,0.0,0.0,0.0,0.0,0.0,0.0,0.0,39711a523be04ea4b5dff56099d623eb,scene-1062,43
1.1492,0.7814,1.1499,0.9605,1.0094,1.0944,0.0,0.0,0.0,0.0,0.0,0.0,0.0,0.0,0.0,ok,left,1.1492,0.7634,1.1499,0.9605,1.0049,1.0495,True,"[0.8486, 8.2899, 8.2899, 8.2899, 0.8486, 0.5875, 0.4569, 8.2899]","[-106.3198, -19999.5984, -33751.5641, -90563.5736, -959.7031, -10167.5828, -20521.7751, -38402.9185]","[2.053, -1019997.5645, -1033749.5302, -1090561.5397, -2001816.3269, -2011024.2066, -2021378.3989, -2039259.5423]","[1.049, 3.787, 4.173, 5.768, 0.971, 2.119, 2.225, 5.816]",1.8175,0.0,0.0,0.0,0.0,0.0,0.0,0.0,0.0,0.0,0.9706,8.0,0.4453,0.5274,1.1499,0.892,0.8866,0.9706,"[[3.115, 0.0], [6.256, 0.131], [9.111, 0.392], [12.823, 0.783], [15.393, 1.044], [17.391, 1.697]]",0.7039,0.236,0.0,0.0686,0.1183,0.0789,1.0,0.0,ok,5.8157,0.0,0.0,0.0,0.0,0.0,0.0,0.0,0.0,0.0,42c250251b504ee8a5f1e49def135715,scene-1063,43
0.3274,1.3965,2.6623,0.4927,0.6664,1.2692,0.0,0.0,0.0,0.0,0.0,0.0,0.0,0.0,0.0,ok,straight,0.3274,0.9642,2.6623,0.4927,1.0201,1.5049,False,"[-0.0653, -0.0653, -0.2611, -0.1305, -7.2455, -0.1305, -0.0653, -0.5875]","[-1229.1258, -209.2116, -6816.9907, -7636.0767, -11472.0547, -12739.4967, -27459.121, -37252.3218]","[4.0941, 4.063, -1006814.3077, -1007633.5092, -1011469.3717, -1012736.9292, -1027456.438, -1037249.7543]","[1.505, 1.315, 3.183, 1.793, 3.299, 2.136, 3.693, 2.796]",0.839,0.0,0.0,0.0,0.0,0.0,0.0,0.0,0.0,0.0,1.3154,8.0,0.3274,1.6739,2.6623,0.4927,0.7358,1.3154,"[[4.542, 0.0], [8.54, 0.0], [15.107, 0.261], [19.104, 0.0], [21.389, -0.131], [26.528, -0.131]]",0.0,-0.7096,0.0,0.0,0.2843,0.1895,1.0,0.0,ok,3.6927,0.0,0.0,0.0,0.0,0.0,0.0,0.0,0.0,0.0,369487006f5a4bff82f96a3567858492,scene-1063,43
3.5564,7.3372,9.4435,2.7678,4.6886,6.0457,0.0,0.0,0.0,0.0,0.0,0.0,0.0,0.0,0.0,ok,straight,3.5564,7.3372,9.4435,2.7678,4.76,6.0933,False,"[-0.2611, -0.2611, -0.3916, -0.3264, -0.2611, -0.3264, -0.0, -0.1305]","[-94.9848, -1890.6432, -2234.4672, -2308.1245, -3453.1996, -5696.2366, -12027.9652, -40954.7294]","[2.6399, -1001888.5314, -1002232.3554, -1002306.0128, -2004907.2647, -2007150.3017, -2013482.0303, -2042408.7945]","[6.093, 5.952, 4.486, 4.533, 6.045, 4.673, 6.766, 7.375]",1.0099,0.0,0.0,0.0,0.0,0.0,0.0,0.0,0.0,0.0,4.486,8.0,3.5564,7.3372,4.0877,2.7678,4.76,4.486,"[[3.115, 0.0], [6.541, -0.131], [9.111, -0.131], [12.252, -0.261], [15.393, -0.261], [17.391, -0.522]]",0.0,0.0,5.3559,0.0,0.0,1.6073,5.0,0.0,ok,7.3753,0.0,0.0,0.0,0.0,0.0,0.0,0.0,0.0,0.0,10ff71451f7245d392410e8575a68934,scene-1063,43
1.2313,1.6623,2.767,1.0517,1.4254,1.6147,0.0,0.0,0.0,0.0,0.0,0.0,0.0,0.0,0.0,ok,straight,1.2313,6.8005,4.7987,1.0517,3.0663,4.0029,False,"[-0.5875, -0.3264, -0.0653, -0.0653, -0.0653, -0.3264, -6.4622, -0.4569]","[-1029.2394, -1133.6828, -1523.6655, -3718.053, -7216.9884, -12019.4288, -16245.9432, -705317.2048]","[-1001027.334, -1001131.7537, -1001521.7364, -1003716.1475, -1007215.0593, -1012017.4997, -1016244.0377, -1705315.2994]","[4.003, 1.982, 1.804, 2.898, 4.453, 3.533, 5.853, 10.707]",2.6843,0.0,0.0,0.0,0.0,0.0,0.0,0.0,0.0,0.0,1.8044,8.0,1.2313,1.6623,2.767,1.0517,1.4254,1.8044,"[[3.686, 0.0], [7.398, 0.0], [13.394, 0.0], [21.103, 0.131], [25.957, -0.653], [28.812, 1.175]]",0.0,5.1382,2.0317,0.0,1.6409,2.1985,4.0,0.0,ok,10.7069,0.0,0.0,0.0,0.0,0.0,0.0,0.0,0.0,0.0,79a10e4d9e5b49e980a8897d6f09f450,scene-1063,43
0.3511,0.4663,3.6104,0.2668,0.3383,1.4063,0.0,0.0,0.0,0.0,0.0,0.0,0.0,0.0,0.0,ok,straight,0.3511,0.4663,3.6104,0.2668,0.3383,1.4063,False,"[-0.8486, -1.1749, -0.9791, -0.6527, -0.8486, -0.1958, -6.9191, -1.436]","[-750.4585, -120.652, -91450.8073, -101671.8384, -1854.2999, -4460.741, -12421.2876, -16553.5394]","[3.2981, 3.153, -1091448.5994, -1101669.6305, -2004234.72, -2006841.1611, -2014801.7077, -2018933.9595]","[1.406, 0.763, 4.119, 3.327, 1.735, 1.798, 3.448, 2.791]",1.0918,0.0,0.0,0.0,0.0,0.0,0.0,0.0,0.0,0.0,0.7625,8.0,0.3511,0.4663,2.1453,0.2668,0.3383,0.7625,"[[3.686, -0.131], [7.398, -0.131], [11.11, -0.392], [15.393, -0.653], [17.106, -1.175], [21.389, -1.697]]",0.0,0.0,1.4651,0.0,0.0,0.6438,1.0,0.0,ok,4.1195,0.0,0.0,0.0,0.0,0.0,0.0,0.0,0.0,0.0,b62a484b94a04ae4b1b2729fb2064696,scene-1064,43
3.4155,9.7277,16.3217,2.5693,5.4333,8.5843,0.0,0.0,0.0,0.0,0.0,0.0,0.0,0.0,0.0,ok,straight,3.701,10.0137,16.3217,2.8548,5.5048,8.5368,True,"[-0.0653, -0.1958, -0.0653, -0.0653, -0.0653, -2.6763, -0.0653, -0.0653]","[-125.4889, -144.5095, -47.2427, -1132.8937, -1554.2649, -4172.6607, -14944.9972, -245157.2013]","[3.9616, 3.8093, 2.8976, -1001129.7465, -1001552.1827, -1004170.5784, -1014942.9149, -1245154.0541]","[8.537, 8.492, 8.394, 8.537, 8.251, 7.553, 7.919, 17.148]",2.9636,0.0,0.0,0.0,0.0,0.0,0.0,0.0,0.0,0.0,7.5527,8.0,3.4155,9.7277,14.9862,2.5693,5.2905,7.5527,"[[3.971, 0.0], [7.112, 0.0], [10.539, 0.0], [14.536, 0.0], [17.391, -0.131], [20.818, -0.131]]",0.2855,0.286,1.3355,0.2855,0.2142,0.9841,5.0,0.0,ok,17.1479,0.0,0.0,0.0,0.0,0.0,0.0,0.0,0.0,0.0,22604ed0b4234a8bafcb4be0eb38ee19,scene-1064,43
5.8603,9.7691,14.7793,4.3971,6.4963,8.6313,0.0,0.0,0.0,0.0,0.0,0.0,0.0,0.0,0.0,ok,right,5.8603,9.7691,14.7793,4.3971,6.6389,8.7263,False,"[-0.8486, -0.8486, -0.8486, -0.5875, -8.2899, -8.2899, -8.2899, -1.5666]","[-165.411, -189.642, -2370.516, -5203.2199, -9029.1161, -14627.5834, -44529.759, -86706.3213]","[3.5713, 3.5705, -1002368.446, -1005201.1499, -1009027.0462, -1014625.5176, -1044527.6931, -1086704.2514]","[8.726, 8.714, 9.723, 11.568, 11.571, 10.361, 11.726, 15.314]",2.0066,0.0,0.0,0.0,0.0,0.0,0.0,0.0,0.0,0.0,8.714,8.0,5.8603,9.7691,14.5102,4.3971,6.6389,8.714,"[[3.115, 0.0], [6.541, 0.131], [9.682, 0.261], [12.823, 0.522], [15.393, 0.783], [19.961, 1.697]]",0.0,0.0,0.2691,0.0,0.0,0.0123,1.0,0.0,ok,15.3142,0.0,0.0,0.0,0.0,0.0,0.0,0.0,0.0,0.0,1f73768be216451fa02caa38b04a62b3,scene-1064,43
0.147,0.9834,0.9172,0.178,0.3919,0.6137,0.0,0.0,0.0,0.0,0.0,0.0,0.0,0.0,0.0,ok,straight,0.147,0.6997,0.9067,0.178,0.3916,0.6118,True,"[-0.0653, -0.718, -0.0653, -2.2846, -0.0653, -0.1958, -0.8486, -0.8486]","[-37.9889, -378.2236, -181.9097, -2798.1238, -6187.6644, -28142.3825, -32431.9271, -238967.674]","[4.1235, 3.1943, 2.1157, -1002797.3187, -1006184.8534, -1028141.5774, -1032429.1161, -1238966.8689]","[0.612, 0.869, 0.734, 2.331, 1.134, 3.339, 3.229, 5.392]",1.5868,0.0,0.0,0.0,0.0,0.0,0.0,0.0,0.0,0.0,0.6118,8.0,0.147,0.6997,0.9067,0.178,0.3916,0.6118,"[[3.971, 0.0], [8.54, 0.0], [12.823, 0.0], [17.391, 0.0], [21.674, 0.0], [26.528, -0.131]]",0.0,0.0,0.0,0.0,0.0,0.0,0.0,1.0,ok,5.3922,0.0,0.0,0.0,0.0,0.0,0.0,0.0,0.0,0.0,868313d0288e4f9aa0535dbd437cede1,scene-1064,43
0.2711,1.1151,4.5666,0.3395,0.6504,1.6542,0.0,0.0,0.0,0.0,0.0,0.0,0.0,0.0,0.0,ok,straight,0.2711,0.8753,4.5666,0.3395,0.5904,1.6035,True,"[-0.5875, -0.5875, -0.3264, -0.8486, -0.6527, -0.5875, -0.1958, -0.8486]","[-329.2707, -979.1273, -838.572, -7161.606, -9620.954, -21148.9742, -74914.6037, -115210.8818]","[3.8224, 2.4662, -1000835.4209, -1007158.455, -1009617.8029, -1021147.1631, -1074912.7925, -1115209.0707]","[1.603, 1.767, 2.05, 1.666, 1.935, 4.388, 5.153, 10.017]",2.7491,0.0,0.0,0.0,0.0,0.0,0.0,0.0,0.0,0.0,1.6035,8.0,0.2711,0.8753,4.5666,0.3395,0.5904,1.6035,"[[3.4, 0.0], [6.827, -0.131], [10.539, -0.261], [12.823, -0.522], [17.106, -0.522], [21.96, -1.175]]",0.0,0.0,0.0,0.0,0.0,0.0,0.0,1.0,ok,10.0168,0.0,0.0,0.0,0.0,0.0,0.0,0.0,0.0,0.0,dc2def2a7bc94693b67eba2ffbe13a56,scene-1065,43
0.4181,1.6498,2.1179,0.3002,0.6337,1.0113,0.0,0.0,0.0,0.0,0.0,0.0,0.0,0.0,0.0,ok,straight,0.4181,1.9348,2.1179,0.3002,0.705,1.0588,False,"[-0.1305, -0.1305, -0.2611, -0.0653, -0.0653, -0.1305, -0.1305, -0.0653]","[-657.6096, -46.5542, -1078.6496, -3027.9041, -10619.7589, -39386.4001, -45769.4744, -682746.2861]","[2.9913, 1.7884, -1001075.9621, -1003026.4223, -1010617.0714, -1039384.9183, -1045767.9926, -1682743.5987]","[1.059, 0.919, 1.399, 1.09, 2.212, 2.479, 2.979, 7.881]",2.1518,0.0,0.0,0.0,0.0,0.0,0.0,0.0,0.0,0.0,0.9195,8.0,0.4181,0.7893,2.1179,0.3002,0.496,0.9195,"[[5.113, 0.0], [9.682, 0.0], [15.107, -0.131], [18.819, -0.131], [24.815, -0.131], [29.669, -0.261]]",0.0,1.1455,0.0,0.0,0.2089,0.1393,1.0,0.0,ok,7.8809,0.0,0.0,0.0,0.0,0.0,0.0,0.0,0.0,0.0,092eac44a74545b39d53c642a06eaa2e,scene-1065,43
2.4713,3.7162,8.6543,1.7334,2.4724,4.2626,0.0,0.0,0.0,0.0,0.0,0.0,0.0,0.0,0.0,ok,straight,2.4713,3.7162,8.6543,1.7334,2.4724,4.2626,False,"[-0.0653, -0.0653, -0.7833, -0.0653, -0.0, -0.1305, -0.0653, -0.2611]","[-492.9497, -2017.1984, -7525.7589, -7640.5232, -45634.1166, -60644.9097, -67869.5166, -197500.1341]","[4.2611, -1002014.2081, -1007522.7686, -1007637.5329, -1045631.1125, -1060641.9056, -1067866.5125, -1197497.1438]","[4.263, 5.024, 5.439, 5.077, 9.173, 8.828, 8.689, 16.106]",3.6387,0.0,0.0,0.0,0.0,0.0,0.0,0.0,0.0,0.0,4.2626,8.0,2.4713,3.7162,8.6543,1.7334,2.4724,4.2626,"[[6.541, 0.0], [13.394, 0.0], [18.819, -0.131], [24.815, -0.131], [33.095, -0.131], [39.663, -0.131]]",0.0,0.0,0.0,0.0,0.0,0.0,0.0,1.0,ok,16.1055,0.0,0.0,0.0,0.0,0.0,0.0,0.0,0.0,0.0,3adfe1171bb448f9a639e4bc3bc3dc11,scene-1065,43
1.0125,2.7486,2.4237,1.0564,1.6017,1.9695,0.0,0.0,0.0,0.0,0.0,0.0,0.0,0.0,0.0,ok,straight,1.0125,2.1922,2.4237,1.0564,1.4626,1.8767,True,"[-0.0, -0.1958, -1.6971, -0.0, -1.2402, -1.5666, -1.2402, -1.1749]","[-45.4567, -661.6252, -1231.9056, -2213.8877, -2488.6739, -5270.5687, -30890.5656, -76965.3956]","[5.4858, 4.6394, -1001228.3538, -1002210.8618, -1002485.648, -1005267.5429, -1030887.0138, -1076961.8438]","[1.877, 3.316, 1.646, 2.382, 3.568, 3.384, 2.858, 4.696]",0.931,0.0,0.0,0.0,0.0,0.0,0.0,0.0,0.0,0.0,1.6465,8.0,1.0125,2.1922,3.6513,1.0564,1.4626,1.6465,"[[3.971, 0.0], [8.54, 0.0], [13.108, 0.0], [17.391, 0.0], [21.389, 0.0], [26.528, 0.0]]",0.0,0.0,-1.2276,0.0,0.0,0.2303,1.0,0.0,ok,4.6965,0.0,0.0,0.0,0.0,0.0,0.0,0.0,0.0,0.0,b6d6b3c2d1844f239791f7ca22ba5e8a,scene-1065,43
2.0206,5.5572,7.84,1.6367,3.1455,4.6069,0.0,0.0,0.0,0.0,0.0,0.0,0.0,0.0,0.0,ok,straight,3.734,5.5572,7.8459,2.4934,3.5739,4.8935,False,"[-0.2611, -0.2611, -0.0, -0.5222, -0.0653, -0.3264, -0.0, -0.5875]","[-712.9153, -95.0329, -969.411, -1115.4959, -2493.2033, -10037.2321, -41570.4723, -55946.6719]","[3.9174, 2.5475, -1000967.5075, -1001112.1924, -1002489.8998, -1010033.9286, -1041568.5688, -1055944.7684]","[4.893, 4.608, 6.986, 3.634, 4.321, 9.794, 6.94, 5.669]",1.8633,0.0,0.0,0.0,0.0,0.0,0.0,0.0,0.0,0.0,3.6341,8.0,3.734,5.5572,2.2857,2.4934,3.5739,3.6341,"[[5.113, 0.0], [11.11, 0.0], [14.25, -0.131], [18.819, -0.261], [23.387, -0.261], [26.528, -0.522]]",0.0,0.0,5.5602,0.0,0.0,1.2594,3.0,0.0,ok,9.7945,0.0,0.0,0.0,0.0,0.0,0.0,0.0,0.0,0.0,21bb21c84c3e43908cd554db2686278f,scene-1066,43
0.0911,0.939,0.2549,0.062,0.5926,0.4779,0.0,0.0,0.0,0.0,0.0,0.0,0.0,0.0,0.0,ok,straight,0.0911,0.939,4.4741,0.062,0.5926,1.5864,False,"[-0.1305, -0.0, -0.0, -0.9791, -0.5222, -0.0653, -0.0653, -0.0653]","[-563.4562, -748.9078, -1583.8748, -3196.7943, -4072.9323, -11675.1541, -27495.5322, -89750.7665]","[4.2009, -1000745.5959, -1001581.1421, -1003194.0617, -1004069.6205, -1011672.4215, -1027492.2204, -1089748.0339]","[1.586, 0.985, 1.27, 1.49, 4.877, 2.403, 3.149, 8.971]",2.5203,0.0,0.0,0.0,0.0,0.0,0.0,0.0,0.0,0.0,0.9845,8.0,0.0911,0.939,3.2949,0.062,0.5926,0.9845,"[[3.686, 0.0], [7.398, 0.0], [11.966, 0.0], [15.393, 0.0], [16.249, 0.392], [18.819, -0.261]]",0.0,0.0,1.1792,0.0,0.0,0.6018,3.0,0.0,ok,8.9706,0.0,0.0,0.0,0.0,0.0,0.0,0.0,0.0,0.0,c880188955834ebaa53cc8bc887327d8,scene-1066,43
1.0132,3.8904,1.168,0.8094,1.9678,2.1086,0.0,0.0,0.0,0.0,0.0,0.0,0.0,0.0,0.0,ok,straight,1.0132,2.9637,11.1208,0.8094,1.3079,4.1227,False,"[-0.0653, -0.1305, -0.1305, -0.0, -0.0653, -2.2846, -0.1305, -0.1305]","[-759.6742, -1320.7846, -3795.0593, -10552.5098, -10787.4996, -14021.556, -17022.5369, -18137.239]","[3.5645, -1001318.9756, -1003793.2502, -1010550.7293, -1010785.6906, -1014019.747, -1017020.7564, -1018135.4584]","[4.123, 2.386, 1.6, 1.818, 3.771, 4.33, 3.67, 1.946]",1.0548,0.0,0.0,0.0,0.0,0.0,0.0,0.0,0.0,0.0,1.6002,8.0,1.0132,3.8904,1.168,0.8094,1.9678,1.6002,"[[5.113, 0.0], [10.539, -0.131], [16.82, -0.131], [25.672, -0.131], [36.807, -0.392], [45.088, 0.131]]",0.0,-0.9266,9.9528,0.0,-0.6599,2.5225,6.0,0.0,ok,4.3301,0.0,0.0,0.0,0.0,0.0,0.0,0.0,0.0,0.0,5bb3471504034b869f8ab0d4f7060d4b,scene-1066,43
1.3629,2.0902,1.075,1.0313,1.3827,1.3706,0.0,0.0,0.0,0.0,0.0,0.0,0.0,0.0,0.0,ok,straight,1.3629,2.0902,1.6458,1.0313,1.3827,1.3706,True,"[-0.0653, -0.1305, -0.1305, -0.5222, -0.0653, -0.0, -0.1305, -0.1958]","[-384.7309, -154.8791, -253.648, -574.7146, -953.5672, -3853.1329, -8149.9141, -28379.6242]","[1.7831, 1.3714, 1.3411, -1.2974, -1000952.9497, -1003852.5154, -1008149.2773, -1028379.0066]","[1.371, 2.375, 2.108, 1.418, 1.942, 3.275, 2.298, 4.296]",0.9145,0.0,0.0,0.0,0.0,0.0,0.0,0.0,0.0,0.0,1.3706,8.0,1.3629,2.0902,1.6458,1.0313,1.3827,1.3706,"[[4.542, 0.0], [8.54, 0.0], [13.108, -0.131], [16.82, -0.131], [22.245, -0.131], [25.957, -0.131]]",0.0,0.0,0.0,0.0,0.0,0.0,0.0,1.0,ok,4.2963,0.0,0.0,0.0,0.0,0.0,0.0,0.0,0.0,0.0,4ed8916b5144428295e66f5a54da6704,scene-1066,43
1.1611,1.3844,2.3781,0.8786,1.1451,1.3751,0.0,0.0,0.0,0.0,0.0,0.0,0.0,0.0,0.0,ok,straight,0.8762,1.9553,1.5489,0.8788,1.2879,1.4985,False,"[-0.0, -0.0653, -0.0653, -0.3264, -0.1305, -0.3916, -0.4569, -0.2611]","[-294.5444, -280.663, -348.5083, -311.5621, -2673.6078, -6854.4225, -20944.2069, -38987.6632]","[3.8016, 3.4758, 3.3871, 1.8319, -1002671.7048, -1006852.6031, -1020942.3875, -1038985.7602]","[1.499, 1.424, 1.424, 1.811, 1.616, 1.879, 2.69, 2.79]",0.5147,0.0,0.0,0.0,0.0,0.0,0.0,0.0,0.0,0.0,1.4237,8.0,1.1611,1.9553,2.3833,0.8786,1.2878,1.4237,"[[3.4, 0.0], [7.683, 0.0], [11.11, -0.131], [14.822, -0.131], [18.248, -1.044], [22.245, 0.0]]",-0.2849,0.0,-0.8344,0.0002,0.0001,0.0748,2.0,0.0,ok,2.7895,0.0,0.0,0.0,0.0,0.0,0.0,0.0,0.0,0.0,b6a9d120895e4207a0527ad4b3284d42,scene-1067,43
1.0303,0.6047,1.7906,0.8678,0.9127,1.0403,0.0,0.0,0.0,0.0,0.0,0.0,0.0,0.0,0.0,ok,straight,1.0303,0.3509,2.5468,0.8678,0.8493,1.2609,False,"[-0.0653, -0.0653, -0.3916, -8.2899, -0.0653, -0.0653, -0.0653, -0.1958]","[-99.2301, -413.0244, -2270.7083, -29934.9714, -38901.8057, -46098.4774, -48832.2339, -195244.6399]","[4.4884, 4.4832, -1002267.3753, -1029931.6384, -2048863.2326, -2056059.9043, -2058793.6608, -2205206.0668]","[1.261, 0.998, 1.802, 4.218, 2.258, 2.369, 2.426, 4.916]",1.2817,0.0,0.0,0.0,0.0,0.0,0.0,0.0,0.0,0.0,0.998,8.0,1.0303,0.3509,1.7906,0.8678,0.8493,0.998,"[[3.4, 0.0], [6.827, 0.0], [10.539, 0.0], [12.823, -0.131], [15.107, -0.392], [17.677, -0.131]]",0.0,0.0,0.7562,0.0,0.0,0.2629,1.0,0.0,ok,4.9165,0.0,0.0,0.0,0.0,0.0,0.0,0.0,0.0,0.0,4b0405ae89164fbfb3638a5dde6e374c,scene-1067,43
3.1718,7.6668,13.0273,2.1588,4.1723,6.4842,0.0,1.0,1.0,0.0,1.0,1.0,0.0,0.25,0.5,ok,straight,3.1718,7.6668,13.0273,2.1588,4.3151,6.5794,False,"[-0.0, -0.0, -0.1958, -0.7833, -0.6527, -0.0653, -0.3264, -0.0653]","[-233.0712, -498.9869, -1089.1008, -2473.1365, -3313.5428, -3507.5253, -13060.8049, -19274.219]","[4.1238, 4.0792, -1001086.6956, -1002470.7313, -1003311.1413, -1003505.1238, -1013058.4034, -1019271.8138]","[6.579, 7.055, 6.962, 5.94, 8.312, 6.591, 7.465, 11.746]",1.704,0.0,1.0,1.0,0.0,1.0,1.0,0.0,0.5,0.6666666666666666,5.9399,8.0,3.1718,7.6668,7.4746,2.1588,4.3151,5.9399,"[[3.4, 0.0], [7.398, 0.0], [11.11, 0.0], [14.822, 0.0], [17.391, 0.131], [21.96, 0.0]]",0.0,0.0,5.5527,0.0,0.0,0.6395,1.0,0.0,ok,11.7459,0.0,0.0,1.0,0.0,0.0,1.0,0.0,0.0,0.16666666666666666,65e91e3a03fe4fbba79fd17c886638e7,scene-1067,43
2.5437,5.6369,7.5801,1.8299,3.2456,4.4733,0.0,1.0,1.0,0.0,1.0,1.0,0.0,0.25,0.5,ok,straight,2.5437,5.6369,6.7235,1.8299,3.2456,4.4733,False,"[-0.0, -0.3916, -0.0, -0.0653, -0.0, -0.0, -0.0, -0.0]","[-99.4949, -533.0836, -970.5701, -1384.1701, -2384.9368, -7993.9213, -22608.4552, -218979.678]","[3.4034, -1000530.5726, -1000968.0591, -1001381.7416, -1002382.5083, -1007991.4928, -1022605.9442, -1218977.2494]","[4.473, 6.334, 3.76, 3.998, 3.807, 4.378, 5.425, 6.71]",1.0816,0.0,1.0,1.0,0.0,1.0,1.0,0.0,0.25,0.5,3.7596,8.0,2.5437,5.6369,2.7261,1.8299,3.2456,3.7596,"[[1.116, 0.0], [2.544, 0.0], [3.686, 0.0], [5.685, 0.0], [7.398, 0.0], [7.398, 0.0]]",0.0,0.0,3.9974,0.0,0.0,0.7136,4.0,0.0,ok,6.71,1.0,1.0,1.0,1.0,1.0,1.0,0.5,0.75,0.8333333333333334,66eaa9cb4bfd43d2a80be2fd894ef935,scene-1067,43
4.2191,8.9864,14.987,2.9758,5.333,7.8371,1.0,1.0,1.0,1.0,1.0,1.0,0.5,0.75,0.8333333333333334,ok,straight,4.2191,8.9864,14.987,2.9758,5.333,7.8371,False,"[-0.0653, -0.0653, -0.0653, -0.1305, -0.1958, -0.3916, -0.1958, -0.0]","[-324.6072, -897.628, -2087.1303, -2317.7346, -2942.2888, -4593.9407, -7887.8504, -9478.4326]","[4.0022, 3.6947, -1002084.8992, -1002315.6251, -1002940.0578, -1004591.8312, -1007885.7409, -1009476.2015]","[7.837, 7.41, 8.361, 6.951, 9.836, 8.031, 7.839, 7.028]",0.8577,1.0,1.0,1.0,1.0,1.0,1.0,0.5,0.75,0.8333333333333334,6.9515,8.0,2.2204,8.9864,10.7065,1.6947,4.6924,6.9515,"[[2.258, 0.0], [5.113, 0.0], [7.398, 0.0], [9.968, 0.0], [11.681, 0.0], [15.964, -0.131]]",1.9987,0.0,4.2804,1.2811,0.6406,0.8856,3.0,0.0,ok,9.8363,1.0,1.0,1.0,1.0,1.0,1.0,0.5,0.75,0.8333333333333334,2920a3315ccd4fefb30fb0468ebb2351,scene-1068,43
2.6377,5.0423,5.0743,2.1439,3.1053,3.6161,0.0,0.0,0.0,0.0,0.0,0.0,0.0,0.0,0.0,ok,straight,2.6377,5.0423,4.2179,2.1439,3.1053,3.4734,True,"[-0.0653, -0.1958, -0.3264, -0.0, -0.0653, -0.0653, -0.3264, -0.0653]","[-643.4481, -849.9833, -1023.7267, -3169.629, -4269.0145, -4519.8666, -6772.0061, -9804.1424]","[4.1375, -1000847.5364, -1001021.525, -1003167.1821, -1004266.8129, -1004517.665, -1006769.8045, -1009801.6954]","[3.473, 4.522, 2.086, 2.526, 2.222, 2.364, 2.092, 3.687]",0.8494,0.0,0.0,0.0,0.0,0.0,0.0,0.0,0.0,0.0,2.0865,8.0,2.6377,0.6699,6.2534,2.1439,1.4412,2.0865,"[[2.544, 0.0], [4.828, 0.0], [6.827, 0.0], [10.539, -0.131], [11.681, -0.131], [13.679, -0.131]]",0.0,4.3724,-2.0355,0.0,1.6642,1.3869,5.0,0.0,ok,4.5217,0.0,0.0,0.0,0.0,0.0,0.0,0.0,0.0,0.0,d20d151ade9c4229806e9664c1bda422,scene-1068,43
0.9596,3.328,9.2084,0.7266,2.0933,4.0945,0.0,0.0,1.0,0.0,0.0,1.0,0.0,0.0,0.3333333333333333,ok,straight,0.9596,3.328,9.2084,0.7266,2.0933,4.0469,True,"[-0.1305, -0.1305, -0.1305, -1.9582, -0.0, -0.1958, -0.0653, -0.4569]","[-1434.3509, -4449.9065, -5079.8257, -6485.4798, -10841.5704, -49142.7975, -141499.1452, -184042.0205]","[4.8593, -1004446.0218, -1005075.9411, -1006481.7636, -1010837.6857, -1049138.9129, -1141495.4291, -1184038.3043]","[4.047, 3.381, 2.42, 5.249, 3.523, 7.236, 6.188, 6.009]",1.5567,0.0,0.0,1.0,0.0,0.0,1.0,0.0,0.0,0.3333333333333333,2.4197,8.0,0.9596,0.7611,9.7791,0.7266,1.0951,2.4197,"[[3.686, 0.0], [7.398, 0.0], [13.108, -0.131], [15.964, -0.131], [21.674, -0.131], [26.528, -0.261]]",0.0,2.5668,-0.5707,0.0,0.9982,1.6272,3.0,0.0,ok,7.2355,0.0,0.0,0.0,0.0,0.0,0.0,0.0,0.0,0.0,fd6296714eda481bac74b50c926d0565,scene-1068,43
0.3228,0.1933,0.126,0.2748,0.2337,0.196,0.0,0.0,0.0,0.0,0.0,0.0,0.0,0.0,0.0,ok,straight,0.3228,0.1933,0.6796,0.2748,0.2337,0.432,False,"[-0.0653, -0.0, -0.5222, -0.1305, -0.0, -0.0, -0.0653, -0.0653]","[-181.6898, -698.9681, -868.8013, -1259.3084, -1605.5169, -1853.1451, -2312.3676, -3415.5964]","[4.1634, 4.0176, -1000866.2942, -1001256.8059, -1001603.0099, -1001850.638, -1002309.8652, -1003413.094]","[0.432, 1.567, 1.178, 1.163, 0.824, 0.92, 0.971, 0.971]",0.3044,0.0,0.0,0.0,0.0,0.0,0.0,0.0,0.0,0.0,0.432,8.0,0.3228,0.1933,0.6796,0.2748,0.2337,0.432,"[[2.258, 0.0], [4.542, 0.0], [6.541, 0.0], [8.54, 0.0], [9.111, 0.0], [11.11, -0.131]]",0.0,0.0,0.0,0.0,0.0,0.0,0.0,1.0,ok,1.5666,0.0,0.0,0.0,0.0,0.0,0.0,0.0,0.0,0.0,b227c51db2594af5aba12ccc722b7973,scene-1068,43
1.6387,6.2074,15.2577,1.1279,3.1163,6.4102,0.0,0.0,0.0,0.0,0.0,0.0,0.0,0.0,0.0,ok,left,1.6387,6.2074,15.2577,1.1279,3.1163,6.4309,False,"[-3.3943, -3.3943, -3.0026, -3.4596, -5.5484, 8.2899, -2.4804, -1.9582]","[-360.5887, -296.5609, -4232.0712, -5220.7342, -6416.9812, -20049.2872, -29218.7239, -47456.749]","[1.9208, 1.6126, -1004230.952, -1005219.3028, -1006415.5498, -1020047.8558, -1029217.6047, -1047455.6298]","[6.431, 6.672, 7.088, 7.107, 8.753, 5.493, 5.145, 7.97]",1.1153,0.0,0.0,0.0,0.0,0.0,0.0,0.0,0.0,0.0,5.1453,8.0,1.6387,7.4011,13.24,1.1279,3.4779,5.1453,"[[2.258, -0.131], [4.542, -0.522], [7.398, -1.567], [9.111, -2.48], [11.966, -4.83], [13.679, -6.789]]",0.0,-1.1937,2.0177,0.0,-0.3616,1.2856,2.0,0.0,ok,8.7533,0.0,0.0,0.0,0.0,0.0,0.0,0.0,0.0,0.0,b58985f7ddc2454d95cb84a65d1fe9fe,scene-1069,43
3.8533,8.7255,9.4521,2.9174,5.0472,5.7062,0.0,0.0,0.0,0.0,0.0,0.0,0.0,0.0,0.0,ok,straight,3.8534,3.5861,9.4521,2.9175,3.4769,4.6593,True,"[-0.1305, -0.1305, -0.1958, -0.1958, -0.1958, -0.1958, -0.1958, -0.0653]","[-657.1274, -2715.1351, -5183.3411, -14982.7996, -37843.9023, -55316.7392, -143699.2435, -421256.1117]","[-1000654.6098, -1002712.081, -1005180.8235, -1014980.2819, -1037840.8482, -1055314.2216, -1143696.1894, -1421253.0576]","[4.659, 4.66, 4.995, 10.989, 9.276, 7.753, 6.366, 10.086]",2.3872,0.0,0.0,0.0,0.0,0.0,0.0,0.0,0.0,0.0,4.6593,8.0,3.8534,3.5861,9.4521,2.9175,3.4769,4.6593,"[[7.398, 0.0], [14.822, 0.0], [21.103, -0.131], [25.957, -0.131], [33.095, -0.131], [44.231, -0.261]]",0.0,0.0,0.0,0.0,0.0,0.0,0.0,1.0,ok,10.9886,0.0,0.0,0.0,0.0,0.0,0.0,0.0,0.0,0.0,3f3a2be2e43d4baaa417698eea0706cb,scene-1069,43
2.0082,3.6654,11.7431,1.4939,3.0991,5.0169,0.0,0.0,0.0,0.0,0.0,0.0,0.0,0.0,0.0,ok,straight,2.0082,6.2305,11.7431,1.4939,3.5988,5.3501,False,"[-0.0653, -5.94, -0.0653, -0.0653, -0.0, -0.3264, -8.2899]","[-3606.338, -10172.5047, -10390.5482, -45137.8983, -103950.2033, -145345.9219, -529501.1078]","[-1003604.7493, -1010170.9161, -1010388.9563, -1045136.3096, -1103948.6114, -1145344.33, -1529499.5192]","[5.35, 7.15, 5.73, 9.917, 8.101, 9.047, 12.563]",2.3301,0.0,0.0,0.0,0.0,0.0,0.0,0.0,0.0,0.0,5.3501,7.0,2.0082,6.2305,11.7431,1.4939,3.5988,5.3501,"[[6.541, 0.0], [13.108, -0.131], [21.674, 0.0], [29.098, -0.131], [33.095, -0.131], [44.231, -0.131]]",0.0,0.0,0.0,0.0,0.0,0.0,0.0,1.0,ok,12.5628,0.0,0.0,0.0,0.0,0.0,0.0,0.0,0.0,0.0,b364e3e790fe40b9836c19782d80df4b,scene-1069,43
3.8254,6.5784,13.2131,3.0141,4.5281,6.797,0.0,0.0,0.0,0.0,0.0,0.0,0.0,0.0,0.0,ok,straight,3.2547,6.5784,13.2131,2.4432,4.2435,6.6072,True,"[-0.0653, -0.0653, -0.0653, -0.1305, -0.1305, -0.0, -0.1958, -0.0653]","[-228.4668, -578.5369, -918.8126, -5322.3175, -10752.3673, -11315.3034, -13450.842, -1004125.0527]","[1.2614, 1.2603, -1000916.4026, -1005321.8894, -1010751.9392, -1011312.8935, -1013448.4321, -2004122.6428]","[6.607, 6.084, 7.179, 9.938, 5.56, 3.757, 5.96, 12.831]",2.6662,0.0,0.0,0.0,0.0,0.0,0.0,0.0,0.0,0.0,3.7571,8.0,3.2547,9.1506,1.1469,2.4432,5.1006,3.7571,"[[3.686, 0.0], [7.398, 0.0], [10.539, 0.0], [14.822, -0.131], [17.391, -0.131], [19.39, -0.131]]",0.0,-2.5722,12.0662,0.0,-0.8571,2.8501,4.0,0.0,ok,12.8308,0.0,0.0,0.0,0.0,0.0,0.0,0.0,0.0,0.0,79db58d69e7d401d94bbf1f001019051,scene-1069,43
0.2202,0.8646,1.9244,0.4226,0.7758,1.0217,0.0,0.0,0.0,0.0,0.0,0.0,0.0,0.0,0.0,ok,straight,0.2202,0.8646,1.9244,0.4226,0.7758,1.0217,False,"[-0.1305, -0.2611, -0.5222, -1.2402, -0.0653, -0.1305, -0.2611, -0.0653]","[-2026.7289, -11257.0336, -16508.1279, -24643.8863, -12623.101, -23408.4018, -63324.2601, -132836.3658]","[-1002025.8654, -1011256.1702, -1016507.2645, -1024643.0229, -2014367.3799, -2025152.6807, -2065068.539, -2134580.6447]","[1.022, 2.858, 3.287, 2.65, 4.806, 3.284, 10.531, 8.148]",2.977,0.0,0.0,0.0,0.0,0.0,0.0,0.0,0.0,0.0,1.0217,8.0,0.2202,0.8646,1.9244,0.4226,0.7758,1.0217,"[[5.399, 0.0], [10.539, -0.131], [15.393, -0.131], [21.96, -0.131], [26.528, -0.131], [36.807, -0.261]]",0.0,0.0,0.0,0.0,0.0,0.0,0.0,1.0,ok,10.531,0.0,0.0,0.0,0.0,0.0,0.0,0.0,0.0,0.0,23779301ebc34c1284e539ddf057f0b4,scene-1070,43
3.6201,7.595,12.8389,2.7627,4.4649,6.4136,0.0,0.0,0.0,0.0,0.0,0.0,0.0,0.0,0.0,ok,straight,3.6201,7.595,20.2618,2.7627,4.4649,8.0329,False,"[-0.0653, -0.1305, -0.1305, -0.0653, -0.1305, -0.0653, -8.2899, -0.2611]","[-2707.5925, -2782.4936, -2790.0674, -4166.3622, -5762.6549, -5826.0408, -26444.5297, -127897.5738]","[-1002705.0567, -1002779.9578, -1002787.6141, -1004163.9089, -1005760.1191, -1005823.5875, -1026442.0764, -1127895.038]","[8.033, 6.32, 6.178, 6.795, 4.896, 3.921, 6.942, 8.024]",1.333,0.0,0.0,0.0,0.0,0.0,0.0,0.0,0.0,0.0,3.9213,8.0,2.7636,7.595,1.7241,2.3344,4.2508,3.9213,"[[3.971, 0.0], [8.54, -0.131], [13.108, -0.131], [15.964, -0.261], [19.104, -0.522], [14.536, -0.131]]",0.8565,0.0,18.5377,0.4283,0.2141,4.1116,7.0,0.0,ok,8.0329,0.0,0.0,0.0,0.0,0.0,0.0,0.0,0.0,0.0,7f86adb3a3ee43e7b69a410b28ef6ab0,scene-1070,43
1.824,3.2977,5.0329,1.2879,1.8283,2.7355,0.0,0.0,0.0,0.0,0.0,0.0,0.0,0.0,0.0,ok,straight,1.824,3.2977,5.8906,1.2879,1.8283,3.1659,False,"[-0.0, -0.0653, -0.2611, -0.0653, -0.0, -0.0653, -1.3055, -0.0653]","[-642.2135, -542.1294, -5337.8464, -82118.9178, -3729.6518, -5219.4467, -9067.2895, -183909.1293]","[2.279, 2.123, -1005336.7001, -1082117.7715, -2005996.6304, -2007486.4253, -2011334.2681, -2186176.108]","[3.166, 2.736, 3.349, 4.868, 1.694, 2.786, 4.869, 9.008]",2.1233,0.0,0.0,0.0,0.0,0.0,0.0,0.0,0.0,0.0,1.6943,8.0,1.824,1.0283,0.4783,1.2879,1.9033,1.6943,"[[6.541, 0.0], [13.394, -0.131], [18.819, -0.131], [26.528, -0.131], [34.809, 0.261], [40.519, 0.0]]",0.0,2.2694,5.4123,0.0,-0.075,1.4716,3.0,0.0,ok,9.0076,0.0,0.0,0.0,0.0,0.0,0.0,0.0,0.0,0.0,9b5678cae57643908e22f01ca710d135,scene-1070,43
2.8625,5.6101,14.9859,2.4835,3.6139,6.3846,0.0,0.0,1.0,0.0,0.0,1.0,0.0,0.0,0.16666666666666666,ok,straight,2.8625,7.3232,14.9859,2.4835,4.0422,6.6702,False,"[-0.0653, -0.0653, -0.0653, -0.0653, -1.6319, -0.0, -0.1958, -0.0653]","[-1580.6741, -11988.1508, -12724.8963, -17195.4538, -54208.6029, -67324.6675, -74692.2299, -84130.8469]","[-1001579.084, -1011986.5607, -1012722.1588, -1017192.7163, -1054205.8653, -1067323.0773, -1074689.4923, -1084129.2567]","[6.67, 6.338, 10.049, 8.812, 13.683, 10.573, 8.384, 11.284]",2.2873,0.0,0.0,1.0,0.0,0.0,1.0,0.0,0.0,0.16666666666666666,6.338,8.0,2.8625,7.3232,16.4133,2.4835,4.0422,6.338,"[[6.541, 0.0], [12.537, 0.0], [18.248, -0.131], [26.528, -0.131], [33.095, -0.131], [44.231, -0.131]]",0.0,0.0,-1.4274,0.0,0.0,0.3322,1.0,0.0,ok,13.6831,0.0,0.0,0.0,0.0,0.0,0.0,0.0,0.0,0.0,5e0802535c0548728901a834f82b1c4f,scene-1070,43
3.3472,9.6831,14.3405,2.395,4.5638,6.7882,0.0,1.0,1.0,0.0,1.0,1.0,0.0,0.25,0.3333333333333333,ok,straight,3.0612,9.6831,14.3405,2.2535,4.85,6.979,False,"[-0.0653, -0.1958, -0.0, -0.0653, -0.0, -0.0653, -0.7833, -0.4569]","[-6584.2983, -22222.3215, -37741.5002, -124477.458, -6542.2687, -6989.7328, -10477.0806, -23588.918]","[-1006581.7936, -1022219.8168, -1037738.9955, -1124474.9533, -2007485.7434, -2007933.2075, -2011420.5554, -2024532.3927]","[6.979, 6.933, 11.833, 10.86, 3.903, 5.506, 5.995, 6.129]",2.5318,0.0,1.0,1.0,0.0,1.0,1.0,0.0,0.25,0.3333333333333333,3.9033,8.0,3.0612,1.6989,6.6306,2.2535,2.6398,3.9033,"[[6.541, -0.131], [13.108, 0.0], [20.247, -0.131], [29.669, -0.131], [33.095, -0.131], [44.231, -0.131]]",0.0,7.9841,7.7099,0.0,2.2102,3.0757,5.0,0.0,ok,11.8328,0.0,0.0,0.0,0.0,0.0,0.0,0.0,0.0,0.0,7e351605549547f8af19432917f23b73,scene-1071,43
3.8603,8.8579,13.5403,3.029,5.4805,7.7835,0.0,0.0,0.0,0.0,0.0,0.0,0.0,0.0,0.0,ok,straight,3.8603,8.8579,13.5403,3.029,5.4805,7.7835,False,"[-0.0653, -0.1958, -0.0653, -0.0653, -0.0, -0.0653, -8.2899, -0.0653]","[-238.9017, -269.5366, -1080.2245, -1358.1735, -2010.8917, -2631.3765, -17546.5716, -60000.226]","[2.243, 2.1934, -1001078.8986, -1001356.8389, -1002009.5571, -1002630.0506, -1017545.237, -1059998.8914]","[7.784, 7.168, 7.071, 7.069, 7.926, 8.307, 8.555, 7.362]",0.5399,0.0,0.0,0.0,0.0,0.0,0.0,0.0,0.0,0.0,7.0692,8.0,3.8603,6.2863,13.5403,3.029,4.4089,7.0692,"[[2.258, 0.0], [5.113, 0.0], [6.541, 0.0], [9.111, 0.0], [11.11, -0.131], [13.108, -0.131]]",0.0,2.5716,0.0,0.0,1.0715,0.7144,4.0,0.0,ok,8.5547,0.0,0.0,0.0,0.0,0.0,0.0,0.0,0.0,0.0,f02d48168d5145109cfb2ddd7f35b04e,scene-1071,43
5.6458,15.269,17.8261,4.1688,8.24,10.9676,0.0,1.0,0.0,0.0,1.0,1.0,0.0,0.5,0.5,ok,straight,5.6458,11.8436,17.8261,4.1688,6.9648,10.1174,True,"[-0.0653, -0.6527, -0.0653, -0.3264, -1.0444, -8.2899, -0.1305, -0.2611]","[-756.8827, -1216.569, -3519.0179, -8467.9974, -11176.8599, -16545.0714, -143885.7287, -233937.2297]","[4.0282, -1001213.4591, -1003515.9081, -1008464.8876, -1011173.9495, -1016542.161, -1143882.8183, -1233934.1199]","[10.117, 11.214, 10.968, 12.21, 11.225, 10.79, 11.981, 14.211]",1.166,0.0,1.0,0.0,0.0,1.0,1.0,0.0,0.25,0.3333333333333333,10.1174,8.0,5.6458,11.8436,17.8261,4.1688,6.9648,10.1174,"[[6.541, 0.0], [13.108, 0.0], [18.533, -0.783], [26.243, 0.131], [33.095, 0.0], [39.663, -0.131]]",0.0,0.0,0.0,0.0,0.0,0.0,0.0,1.0,ok,14.2111,0.0,0.0,0.0,0.0,0.0,0.0,0.0,0.0,0.0,2a1710d55ac747339eae4502565b956b,scene-1071,43
2.5276,11.2958,17.717,2.218,4.8497,7.5135,0.0,1.0,0.0,0.0,1.0,1.0,0.0,0.25,0.16666666666666666,ok,straight,2.5276,11.2958,21.7121,2.218,4.8497,9.2271,False,"[-0.1305, -0.9791, -1.436, -0.8486, -0.0653, -0.0653, -0.0653, -0.1958]","[-5932.7567, -7316.7318, -12142.3264, -14318.5859, -21905.5212, -23576.2122, -25067.2158, -410800.8826]","[-2008758.9715, -2010142.9466, -2013645.2637, -2015821.5232, -2023408.4585, -2025079.1495, -2027893.4306, -2413627.0974]","[9.227, 8.873, 4.755, 7.924, 4.047, 7.132, 7.513, 9.665]",1.9116,0.0,1.0,0.0,0.0,1.0,1.0,0.0,0.25,0.16666666666666666,4.0472,8.0,1.1011,11.2958,1.1645,1.0765,4.279,4.0472,"[[5.97, 0.0], [10.539, 0.0], [15.393, 0.0], [26.528, 0.0], [32.81, 0.261], [43.66, -0.261]]",1.4265,0.0,20.5476,1.1415,0.5707,5.1799,6.0,0.0,ok,9.6653,0.0,0.0,0.0,0.0,0.0,0.0,0.0,0.0,0.0,dd30cd99e03a43ecb74f1a41769bd9a7,scene-1071,43
2.0185,8.8066,13.3623,1.9747,3.6613,6.5258,0.0,0.0,1.0,0.0,0.0,1.0,0.0,0.0,0.3333333333333333,ok,straight,1.1621,5.0992,13.3623,1.261,2.4488,5.7175,True,"[-0.0653, -0.3264, -0.1958, -0.1305, -0.0653, -0.0653, -0.1958, -0.0653]","[-1419.1867, -1834.6236, -37712.9696, -226850.6558, -816.8367, -8059.3758, -26752.1114, -456885.7709]","[-1001418.899, -1001834.336, -1037712.682, -1226850.3682, -2002332.0398, -2009574.579, -2028267.3146, -2458400.974]","[5.717, 2.836, 3.34, 9.17, 7.049, 6.572, 5.485, 13.173]",3.0983,0.0,0.0,1.0,0.0,0.0,1.0,0.0,0.0,0.3333333333333333,2.8359,8.0,1.1621,5.0992,0.9265,1.261,2.4488,2.8359,"[[5.97, 0.0], [10.253, 0.0], [15.678, -0.131], [22.816, 0.261], [33.095, -0.131], [39.663, -0.131]]",0.0,0.0,12.4358,0.0,0.0,2.8816,3.0,0.0,ok,13.1729,0.0,0.0,0.0,0.0,0.0,0.0,0.0,0.0,0.0,f9ad282e31ce47d5a16dffc3b25c456a,scene-1072,43
4.0662,8.9452,12.9643,2.922,5.0841,7.3833,0.0,0.0,1.0,0.0,0.0,1.0,0.0,0.0,0.3333333333333333,ok,straight,4.0662,8.9452,12.9636,2.922,5.0841,7.3832,True,"[-0.0653, -0.0653, -0.0653, -0.1958, -0.0, -0.4569, -1.1749, -0.0653]","[-360.4295, -594.482, -4353.9591, -6135.9289, -6752.9593, -15524.6423, -26822.5769, -184498.0191]","[3.3706, 3.3666, -1004351.6737, -1006133.602, -1006750.6739, -1015522.3568, -1026820.2915, -1184495.6921]","[7.383, 8.437, 8.858, 7.479, 7.241, 9.765, 6.498, 13.561]",2.093,0.0,0.0,1.0,0.0,0.0,1.0,0.0,0.0,0.3333333333333333,6.4976,8.0,4.3517,13.7991,6.5041,2.7792,7.2969,6.4976,"[[6.541, 0.0], [13.108, -0.131], [18.819, -0.131], [26.528, -0.131], [33.095, -0.131], [39.663, -0.131]]",-0.2855,-4.854,6.4595,0.1428,-2.2128,0.8856,2.0,0.0,ok,13.561,0.0,0.0,0.0,0.0,0.0,0.0,0.0,0.0,0.0,fcd1acc0208f4ac08c879e2be95529a5,scene-1072,43
1.043,0.0684,0.46,0.893,0.7681,1.0585,0.0,0.0,0.0,0.0,0.0,0.0,0.0,0.0,0.0,ok,straight,1.043,0.0684,0.46,0.893,0.7681,0.6308,True,"[-0.0653, -0.0653, -0.1305, -0.1305, -0.0, -0.0653, -0.0653, -0.1305]","[-147.7083, -2056.4352, -3280.6635, -15701.3304, -17267.4398, -42133.0001, -58944.0188, -96804.0544]","[4.5931, -1002053.2205, -1003277.3666, -1015698.0334, -1017264.2252, -1042129.7032, -1058940.8042, -1096800.8397]","[0.631, 1.005, 1.821, 2.441, 3.149, 3.727, 5.042, 5.45]",1.6565,0.0,0.0,0.0,0.0,0.0,0.0,0.0,0.0,0.0,0.6308,8.0,1.043,0.0684,0.46,0.893,0.7681,0.6308,"[[3.686, 0.0], [7.398, 0.0], [11.11, -0.131], [15.964, -0.131], [19.39, -0.131], [21.96, -0.131]]",0.0,0.0,0.0,0.0,0.0,0.0,0.0,1.0,ok,5.4501,0.0,0.0,0.0,0.0,0.0,0.0,0.0,0.0,0.0,70d04b7ebd6f4cae85f7c0f1dade1871,scene-1072,43
1.9174,3.06,7.2394,1.2685,2.2238,3.6305,0.0,0.0,0.0,0.0,0.0,0.0,0.0,0.0,0.0,ok,straight,1.3478,4.4875,7.2394,1.1263,2.5096,3.8211,False,"[-0.1305, -0.1305, -0.2611, -0.1305, -0.0653, -0.3916, -0.0653, -0.0653]","[-176.8664, -17.9397, -1081.3051, -2609.9843, -3974.6967, -34961.9031, -45169.484, -943127.8272]","[4.8401, 2.7011, -1001079.249, -1002605.7886, -1003972.6406, -1034957.7073, -1045167.4278, -1943123.6315]","[3.821, 3.868, 2.998, 3.44, 2.445, 3.514, 4.508, 11.641]",2.7483,0.0,0.0,0.0,0.0,0.0,0.0,0.0,0.0,0.0,2.445,8.0,1.9174,4.4875,3.5279,1.2685,2.5807,2.445,"[[4.257, 0.0], [7.969, 0.0], [13.108, -0.131], [17.391, -0.131], [21.674, -0.131], [26.528, -0.261]]",-0.5696,0.0,3.7114,-0.1422,-0.0711,1.376,4.0,0.0,ok,11.6414,0.0,0.0,0.0,0.0,0.0,0.0,0.0,0.0,0.0,51b48a4ba38b4824a21d4a8b39a7a6e9,scene-1072,43
3.1148,5.9701,7.3977,2.401,3.6858,4.6852,0.0,1.0,1.0,0.0,1.0,1.0,0.0,0.25,0.5,ok,straight,3.1148,5.6846,7.3977,2.401,3.6145,4.7804,False,"[-0.0, -0.0, -0.0, -0.0, -0.2611, -0.1305, -0.2611, -0.0]","[-72.469, -149.5122, -232.1545, -158.8413, -278.4736, -6952.877, -8086.583, -14013.7095]","[3.8836, 3.8525, 3.8516, 3.8506, 1.5084, -1006950.4757, -1008084.1661, -1014011.3082]","[4.78, 5.209, 5.923, 5.352, 5.734, 6.114, 5.734, 4.311]",0.5716,0.0,1.0,1.0,0.0,1.0,1.0,0.0,0.25,0.5,4.3112,8.0,3.1148,6.8267,7.9688,2.401,4.2569,4.3112,"[[1.687, 0.0], [3.115, 0.0], [3.971, 0.0], [5.685, 0.0], [6.827, 0.0], [7.398, 0.0]]",0.0,-1.1421,-0.5711,0.0,-0.6424,0.4692,1.0,0.0,ok,6.1136,1.0,1.0,0.0,1.0,1.0,1.0,0.5,0.75,0.5,127c5ddf95e947ef96888e56d5a355f6,scene-1073,43
2.5437,4.5424,6.8267,1.8299,2.972,3.9714,0.0,0.0,1.0,0.0,0.0,1.0,0.0,0.0,0.16666666666666666,ok,straight,3.1148,3.9714,6.5412,2.401,3.1148,4.1141,False,"[-0.0, -0.0, -0.0, -0.0653, -0.0653, -0.0653, -0.1305, -0.0]","[-154.07, -190.6894, -303.4887, -148.5803, -345.3969, -557.2158, -463.8262, -10002.7914]","[3.534, 3.5196, 3.4874, 2.0958, 2.0345, 1.9715, -1000461.6191, -1010000.5814]","[4.114, 3.924, 4.353, 3.781, 4.733, 4.305, 4.115, 3.924]",0.2841,0.0,0.0,1.0,0.0,0.0,1.0,0.0,0.0,0.3333333333333333,3.7813,8.0,2.5437,3.9714,5.9715,1.8299,2.8293,3.7813,"[[1.687, 0.0], [3.115, 0.0], [3.686, 0.0], [3.971, 0.0], [5.685, 0.0], [6.541, 0.0]]",0.5711,0.0,0.5696,0.5711,0.2855,0.3329,3.0,0.0,ok,4.7331,1.0,1.0,0.0,1.0,1.0,1.0,0.5,0.75,0.6666666666666666,d527bdde872340a383de3a7cf3979e7d,scene-1073,43
4.0855,5.1094,4.5666,3.1982,4.0706,4.4006,0.0,0.0,0.0,0.0,0.0,0.0,0.0,0.0,0.0,ok,straight,3.2289,5.6803,5.1359,2.4844,3.8564,4.3527,True,"[-0.0653, -0.0653, -0.1305, -0.1305, -0.0653, -0.1305, -0.0653, -2.1541]","[-28.8092, -77.739, -127.765, -387.0046, -3466.2894, -7558.7625, -8050.1329, -11157.6642]","[3.8852, 3.8732, 3.7656, 3.7037, -1003463.7393, -1007556.2124, -1008047.5826, -1011155.1139]","[4.353, 4.591, 4.592, 5.779, 4.874, 6.683, 6.589, 4.879]",0.8705,0.0,0.0,0.0,0.0,0.0,0.0,0.0,0.0,0.0,4.3527,8.0,3.2289,5.6803,5.1359,2.4844,3.8564,4.3527,"[[2.258, 0.0], [5.113, 0.0], [8.54, 0.0], [11.681, 0.0], [13.965, -0.131], [15.964, -0.131]]",0.0,0.0,0.0,0.0,0.0,0.0,0.0,1.0,ok,6.683,0.0,0.0,0.0,0.0,0.0,0.0,0.0,0.0,0.0,e353030f3b82412d9619cab425e59985,scene-1073,43
0.5007,3.0775,5.9385,0.4281,1.4381,2.6735,0.0,0.0,0.0,0.0,0.0,0.0,0.0,0.0,0.0,ok,left,1.5981,2.9763,6.7282,0.8844,1.6409,2.9216,False,"[-0.6527, -0.8486, -0.6527, -0.0653, -1.1749, -1.9582, -1.8277, -0.7833]","[-402.9298, -1278.8138, -1962.3244, -3123.4472, -10911.5197, -11367.5141, -26367.9187, -31424.5427]","[3.3209, -1001277.0033, -1001958.5799, -1003119.7027, -1010907.7752, -1011365.7036, -1026366.1082, -1031420.7982]","[2.922, 3.214, 2.528, 3.294, 2.886, 4.429, 4.065, 4.7]",0.7417,0.0,0.0,0.0,0.0,0.0,0.0,0.0,0.0,0.0,2.5284,8.0,0.5007,1.9387,6.7282,0.4281,1.0511,2.5284,"[[2.544, -0.131], [3.686, -0.131], [6.541, -0.522], [8.54, -0.914], [10.539, -1.175], [10.539, -1.305]]",1.0975,1.0376,0.0,0.4562,0.5898,0.3932,2.0,0.0,ok,4.6996,0.0,0.0,0.0,0.0,0.0,0.0,0.0,0.0,0.0,a7c9bbdba0ca4bd5b990b67654d8d836,scene-1073,43
