base_L2@1s,base_L2@2s,base_L2@3s,base_avgL2@1s,base_avgL2@2s,base_avgL2@3s,base_coll@1s,base_coll@2s,base_coll@3s,base_cumColl@1s,base_cumColl@2s,base_cumColl@3s,base_meanColl@1s,base_meanColl@2s,base_meanColl@3s,base_status,command,got_L2@1s,got_L2@2s,got_L2@3s,got_avgL2@1s,got_avgL2@2s,got_avgL2@3s,got_beats_base,got_cand_cmd,got_cand_kin,got_cand_total,got_cand_vals,got_cand_wps,got_candidate_spread,got_coll@1s,got_coll@2s,got_coll@3s,got_cumColl@1s,got_cumColl@2s,got_cumColl@3s,got_fuse_feasible,got_fuse_n,got_meanColl@1s,got_meanColl@2s,got_meanColl@3s,got_minADE_C,got_n_candidates,got_oracle_L2@1s,got_oracle_L2@2s,got_oracle_L2@3s,got_oracle_avgL2@1s,got_oracle_avgL2@2s,got_oracle_avgL2@3s,got_pred,got_status,got_worst_candidate,mean_coll@1s,mean_coll@2s,mean_coll@3s,mean_cumColl@1s,mean_cumColl@2s,mean_cumColl@3s,mean_meanColl@1s,mean_meanColl@2s,mean_meanColl@3s,sample_token,scene,seed
0.0063,0.0092,0.1641,0.0054,0.007,0.0345,0.0,0.0,0.0,0.0,0.0,0.0,0.0,0.0,0.0,ok,straight,0.0063,0.9978,3.9765,0.0054,0.3945,1.3523,False,"[-0.0, -0.0, -0.0653, -0.0]","[-145.4047, -202.9546, -954.4403, -52800.2919]","[-2450997.3076, -2450997.3101, -3451952.9153, -3503798.7668]","[0.293, 0.333, 2.376, 16.606]","[[[-0.026, 0.0], [-0.026, 0.0], [0.545, 0.0], [0.9733, 0.0], [-0.026, 0.0], [-0.026, 0.0]], [[-0.026, 0.0], [-0.026, 0.0], [0.545, 0.0], [0.9733, 0.0], [-0.026, 0.0], [0.545, 0.0]], [[-0.026, 0.0], [-0.026, 0.0], [0.545, 0.0], [0.9733, 0.0], [5.1135, 0.1305], [7.6833, -0.1305]], [[-0.026, 0.0], [-0.026, 0.0], [0.545, 0.0], [0.9733, 0.0], [28.5269, 0.7833], [69.6432, 0.0]]]",6.8096,0.0,0.0,0.0,0.0,0.0,0.0,True,"[3, 4, 4]",0.0,0.0,0.0,0.2928,4.0,0.0063,0.9978,0.1641,0.0054,0.3945,0.2928,"[[-0.026, 0.0], [-0.026, 0.0], [0.545, 0.0], [0.973, 0.0], [2.544, 0.065], [4.114, 0.0]]",ok,16.606,1.0,1.0,1.0,1.0,1.0,1.0,0.5,0.75,0.8333333333333334,fd8420396768425eabec9bdddf7e64b6,scene-0003,42
0.1224,0.145,1.5888,0.2151,0.1712,0.4209,0.0,0.0,0.0,0.0,0.0,0.0,0.0,0.0,0.0,ok,straight,0.1224,0.2899,1.5888,0.0741,0.1723,0.6833,False,"[-0.0, -0.0653, -0.0, -0.0]","[-73.9366, -1551.1144, -5162.2109, -19436.2318]","[-811135.9192, -1812688.4568, -1816299.5533, -1830573.5742]","[0.326, 1.052, 0.891, 1.849]","[[[0.8306, 0.0], [1.6871, 0.0], [2.401, 0.0], [2.401, 0.0653], [3.4003, 0.0], [4.5424, 0.0]], [[0.8306, 0.0], [1.6871, 0.0], [2.401, 0.0], [2.401, 0.0653], [2.2582, 0.0], [8.2543, 0.1305]], [[0.8306, 0.0], [1.6871, 0.0], [2.401, 0.0], [2.401, 0.0653], [6.5412, 0.0], [2.2582, 0.0]], [[0.8306, 0.0], [1.6871, 0.0], [2.401, 0.0], [2.401, 0.0653], [11.3952, -0.1305], [5.6846, 0.0]]]",0.5445,0.0,0.0,0.0,0.0,0.0,0.0,True,"[4, 4, 4]",0.0,0.0,0.0,0.3265,4.0,0.1224,0.2899,1.0178,0.0741,0.1723,0.3265,"[[0.831, 0.0], [1.687, 0.0], [2.401, 0.0], [2.401, 0.065], [4.971, 0.0], [5.113, 0.0]]",ok,1.8494,0.0,0.0,0.0,0.0,0.0,0.0,0.0,0.0,0.0,6b9af38cbf654171870cb14b4ae89fd6,scene-0003,42
0.0852,0.5533,2.8013,0.2338,0.2781,0.6874,0.0,0.0,1.0,0.0,0.0,1.0,0.0,0.0,0.16666666666666666,ok,straight,1.9228,1.2646,1.0675,1.0103,0.8442,0.9399,False,"[-0.1305, -0.0653, -0.0, -0.0]","[-1895.5741, -2192.9301, -2311.1224, -2975.0214]","[-2800776.6922, -2801074.0482, -2801192.2406, -2801856.1396]","[2.176, 0.934, 1.111, 0.988]","[[[0.545, 0.0], [3.1148, 0.0], [1.6871, 0.0], [3.2576, 0.0], [5.6846, 0.0], [9.1109, -0.2611]], [[0.545, 0.0], [3.1148, 0.0], [1.6871, 0.0], [3.2576, 0.0], [4.2569, 0.1305], [2.5437, -0.1305]], [[0.545, 0.0], [3.1148, 0.0], [1.6871, 0.0], [3.2576, 0.0], [2.8293, 0.0], [-0.026, 0.0]], [[0.545, 0.0], [3.1148, 0.0], [1.6871, 0.0], [3.2576, 0.0], [2.5437, 0.0], [5.1135, 0.0]]]",0.5086,0.0,0.0,0.0,0.0,0.0,0.0,False,"[4, 4, 4]",0.0,0.0,0.0,0.9345,4.0,1.9228,1.2646,0.3239,1.0103,0.8442,0.9345,"[[0.545, 0.0], [3.115, 0.0], [1.687, 0.0], [3.258, 0.0], [3.543, 0.0], [3.829, -0.065]]",ok,2.1765,0.0,0.0,0.0,0.0,0.0,0.0,0.0,0.0,0.0,37b3d16060b442d5b6175cbebefd09a7,scene-0003,42
0.6693,1.5328,1.7145,0.6282,1.0243,1.3773,0.0,0.0,0.0,0.0,0.0,0.0,0.0,0.0,0.0,ok,straight,0.6693,0.4669,1.2862,0.6126,0.8215,1.1951,True,"[-0.0653, -0.0, -0.0653, -0.9791]","[-953.3712, -1181.7952, -2525.7472, -5235.2513]","[-1595162.5105, -2596345.7208, -2597689.6728, -2600399.177]","[1.148, 1.194, 1.198, 1.521]","[[[2.2582, 0.0], [2.5437, 0.0], [3.4003, 0.0653], [6.2556, 0.2611], [6.2556, 0.1305], [7.3977, -0.1305]], [[2.2582, 0.0], [2.5437, 0.0], [3.4003, 0.0653], [6.2556, 0.2611], [5.9701, 0.0], [7.3977, 0.0]], [[2.2582, 0.0], [2.5437, 0.0], [3.4003, 0.0653], [6.2556, 0.2611], [5.1135, 0.1305], [8.2543, 0.1305]], [[2.2582, 0.0], [2.5437, 0.0], [3.4003, 0.0653], [6.2556, 0.2611], [4.5424, 0.2611], [10.253, -1.9582]]]",0.149,0.0,0.0,0.0,0.0,0.0,0.0,False,"[4, 4, 4]",0.0,0.0,0.0,1.1482,4.0,0.6693,0.4669,1.7168,0.6126,0.8215,1.1482,"[[2.258, 0.0], [2.544, 0.0], [3.4, 0.065], [6.256, 0.261], [5.542, 0.131], [7.826, -0.065]]",ok,1.5212,0.0,0.0,0.0,0.0,0.0,0.0,0.0,0.0,0.0,08254b97198045d98009af51d144d147,scene-0003,42
0.3278,1.3075,1.7098,0.2143,0.6082,0.9387,0.0,0.0,0.0,0.0,0.0,0.0,0.0,0.0,0.0,ok,left,0.2995,2.3655,2.7836,0.2582,0.8825,1.4124,False,"[0.8486, 0.5875, 0.0, -8.2899]","[-1297.8465, -8501.1792, -12392.4754, -36767.3436]","[-2050163.7033, -2057367.0359, -2061258.3322, -2085633.2003]","[1.133, 1.461, 3.857, 4.728]","[[[3.2576, 0.0], [6.9694, 0.0653], [10.3958, 0.1958], [12.109, -0.2611], [17.3913, 0.7833], [21.3887, 1.6971]], [[3.2576, 0.0], [6.9694, 0.0653], [10.3958, 0.1958], [12.109, -0.2611], [20.5321, 1.6971], [20.8176, 1.1749]], [[3.2576, 0.0], [6.9694, 0.0653], [10.3958, 0.1958], [12.109, -0.2611], [18.5334, 2.3499], [39.3771, 0.0]], [[3.2576, 0.0], [6.9694, 0.0653], [10.3958, 0.1958], [12.109, -0.2611], [22.2453, 1.1749], [19.39, -16.5798]]]",1.5333,0.0,0.0,0.0,0.0,0.0,0.0,False,"[4, 4, 4]",0.0,0.0,0.0,1.1333,4.0,0.2995,2.3655,1.7098,0.2582,0.8825,1.1333,"[[3.258, 0.0], [6.969, 0.065], [10.396, 0.196], [12.109, -0.261], [19.533, 1.436], [21.103, 0.587]]",ok,4.7279,0.0,0.0,0.0,0.0,0.0,0.0,0.0,0.0,0.0,88a090c54cc844cc878f00d08274a683,scene-0012,42
0.3311,0.5222,1.8555,0.326,0.434,0.8542,0.0,0.0,0.0,0.0,0.0,0.0,0.0,0.0,0.0,ok,straight,0.734,1.649,1.7331,0.6702,0.8954,1.2594,False,"[-0.1305, -0.5875, -0.0653, -0.1958]","[-148.3322, -2222.6572, -3167.1071, -24126.5904]","[-921091.4055, -1923315.3735, -1924259.8234, -1945219.3067]","[1.208, 1.639, 1.306, 2.639]","[[[5.1135, 0.0], [9.8247, -0.1305], [14.2505, -0.1958], [19.8183, -0.6527], [24.8151, -0.2611], [29.6691, -0.2611]], [[5.1135, 0.0], [9.8247, -0.1305], [14.2505, -0.1958], [19.8183, -0.6527], [25.6716, -0.3916], [24.5295, -1.1749]], [[5.1135, 0.0], [9.8247, -0.1305], [14.2505, -0.1958], [19.8183, -0.6527], [22.5308, 0.6527], [31.3822, -0.1305]], [[5.1135, 0.0], [9.8247, -0.1305], [14.2505, -0.1958], [19.8183, -0.6527], [33.6665, -0.5222], [29.3835, -0.3916]]]",0.5662,0.0,0.0,0.0,0.0,0.0,0.0,True,"[4, 4, 4]",0.0,0.0,0.0,1.2078,4.0,0.734,1.649,1.8555,0.6702,0.8954,1.2078,"[[5.113, 0.0], [9.825, -0.131], [14.25, -0.196], [19.818, -0.653], [25.243, -0.326], [29.526, -0.326]]",ok,2.6385,0.0,0.0,0.0,0.0,0.0,0.0,0.0,0.0,0.0,f33e0c3f5d5c426593af8af1c27b68b8,scene-0012,42
1.7592,4.8823,7.162,1.3042,2.8724,4.0952,0.0,0.0,0.0,0.0,0.0,0.0,0.0,0.0,0.0,ok,right,1.471,3.8761,6.5133,1.0893,2.3727,3.5524,True,"[1.2402, 0.7833, 8.2899, -0.0]","[-253.733, -361.8612, -11957.6386, -105651.2357]","[-1246661.341, -1246661.4808, -2258619.2405, -2352312.8376]","[3.715, 3.234, 4.323, 6.163]","[[[4.3997, -0.0653], [8.8254, -0.3916], [13.1083, -0.4569], [17.8196, -1.1749], [20.8176, -1.6971], [24.8151, -2.4804]], [[4.3997, -0.0653], [8.8254, -0.3916], [13.1083, -0.4569], [17.8196, -1.1749], [22.2453, -0.3916], [26.8138, -1.5666]], [[4.3997, -0.0653], [8.8254, -0.3916], [13.1083, -0.4569], [17.8196, -1.1749], [26.5282, -3.6554], [25.1006, -16.5798]], [[4.3997, -0.0653], [8.8254, -0.3916], [13.1083, -0.4569], [17.8196, -1.1749], [18.5334, 16.5798], [25.3861, 0.0]]]",1.1109,0.0,0.0,0.0,0.0,0.0,0.0,True,"[4, 4, 4]",0.0,0.0,0.0,3.2339,4.0,1.471,3.8761,5.0939,1.0893,2.3727,3.2339,"[[4.4, -0.065], [8.825, -0.392], [13.108, -0.457], [17.82, -1.175], [21.531, -1.044], [25.243, -2.024]]",ok,6.1628,0.0,0.0,0.0,0.0,0.0,0.0,0.0,0.0,0.0,045ecf94b83648229500b23058af3117,scene-0012,42
1.589,1.3397,2.2393,1.4364,1.4687,1.5437,0.0,0.0,0.0,0.0,0.0,0.0,0.0,0.0,0.0,ok,left,0.7497,1.5463,14.6565,1.0168,1.0912,4.3514,False,"[0.8486, 8.2899, 8.2899, 8.2899]","[-2066.8424, -13502.5479, -44456.7818, -68366.8063]","[-2062597.2557, -2074032.9612, -2104987.1952, -2128897.2197]","[1.376, 3.335, 5.636, 6.914]","[[[3.6858, 0.0], [8.2543, 0.1958], [12.109, 0.4569], [17.3913, 0.718], [19.1045, 1.6971], [24.8151, 1.6971]], [[3.6858, 0.0], [8.2543, 0.1958], [12.109, 0.4569], [17.3913, 0.718], [17.9623, 2.8721], [28.2414, 16.5798]], [[3.6858, 0.0], [8.2543, 0.1958], [12.109, 0.4569], [17.3913, 0.718], [19.1045, 16.5798], [31.6678, 16.5798]], [[3.6858, 0.0], [8.2543, 0.1958], [12.109, 0.4569], [17.3913, 0.718], [18.5334, 16.5798], [42.2324, 16.5798]]]",2.1272,0.0,0.0,0.0,0.0,0.0,0.0,False,"[4, 4, 4]",0.0,0.0,0.0,1.3757,4.0,0.7497,1.5463,2.7413,1.0168,1.0912,1.3757,"[[3.686, 0.0], [8.254, 0.196], [12.109, 0.457], [17.391, 0.718], [18.819, 9.726], [29.955, 16.58]]",ok,6.9144,0.0,0.0,0.0,0.0,0.0,0.0,0.0,0.0,0.0,2818d76fdbcf49029de0e316a26f8903,scene-0012,42
0.6657,2.1543,5.354,0.6004,1.3545,2.4306,0.0,0.0,0.0,0.0,0.0,0.0,0.0,0.0,0.0,ok,straight,1.233,2.728,4.3373,0.7414,1.745,2.6813,False,"[-0.0, -0.9138, -1.1097, -0.1958]","[-295.8996, -1101.7188, -3560.2596, -16721.5886]","[-500970.3703, -1502074.0488, -1504532.5895, -1517693.9185]","[2.503, 2.653, 2.559, 6.911]","[[[3.4003, 0.0], [7.3977, 0.0], [11.8235, 0.0653], [14.536, -0.0653], [18.2479, 0.0], [20.8176, 0.0]], [[3.4003, 0.0], [7.3977, 0.0], [11.8235, 0.0653], [14.536, -0.0653], [18.2479, 1.0444], [21.1032, -1.8277]], [[3.4003, 0.0], [7.3977, 0.0], [11.8235, 0.0653], [14.536, -0.0653], [20.2466, 0.7833], [18.8189, 2.2193]], [[3.4003, 0.0], [7.3977, 0.0], [11.8235, 0.0653], [14.536, -0.0653], [20.5321, 0.7833], [45.0877, 0.3916]]]",1.8796,0.0,0.0,0.0,0.0,0.0,0.0,False,"[4, 4, 4]",0.0,0.0,0.0,2.503,4.0,1.233,2.728,4.2266,0.7414,1.745,2.503,"[[3.4, 0.0], [7.398, 0.0], [11.823, 0.065], [14.536, -0.065], [19.247, 0.783], [20.96, 0.196]]",ok,6.9108,0.0,0.0,0.0,0.0,0.0,0.0,0.0,0.0,0.0,b9c60cfaf1814c8bb363037dec7abd35,scene-0013,42
0.2074,0.4271,0.6538,0.1519,0.3617,0.4828,0.0,0.0,0.0,0.0,0.0,0.0,0.0,0.0,0.0,ok,straight,1.4981,1.0086,0.8688,1.0105,0.865,0.9268,False,"[-0.0653, -0.0, -0.4569, -0.0653]","[-705.6006, -1151.1315, -1156.1816, -9359.5808]","[-1324198.8899, -2325351.1313, -2325356.1814, -2333559.5807]","[0.818, 1.569, 1.142, 1.767]","[[[3.8286, 0.0], [7.826, -0.1305], [10.253, 0.0], [14.2505, 0.0653], [16.2492, 0.0], [19.9611, -0.1305]], [[3.8286, 0.0], [7.826, -0.1305], [10.253, 0.0], [14.2505, 0.0653], [15.3926, 1.3055], [16.5347, 0.0]], [[3.8286, 0.0], [7.826, -0.1305], [10.253, 0.0], [14.2505, 0.0653], [19.1045, 0.6527], [19.39, 0.9138]], [[3.8286, 0.0], [7.826, -0.1305], [10.253, 0.0], [14.2505, 0.0653], [13.3939, 0.1305], [23.9585, -0.1305]]]",0.369,0.0,0.0,0.0,0.0,0.0,0.0,True,"[4, 4, 4]",0.0,0.0,0.0,0.8183,4.0,1.4981,1.0086,0.6538,1.0105,0.865,0.8183,"[[3.829, 0.0], [7.826, -0.131], [10.253, 0.0], [14.25, 0.065], [15.821, 0.392], [19.676, -0.065]]",ok,1.767,0.0,0.0,0.0,0.0,0.0,0.0,0.0,0.0,0.0,3615d82e7e8546fea5f181157f42e30b,scene-0013,42
0.4637,2.0732,1.6971,0.5153,1.102,1.3857,0.0,0.0,0.0,0.0,0.0,0.0,0.0,0.0,0.0,ok,straight,0.4637,3.6482,1.134,0.5153,1.4601,1.6737,False,"[-0.0, -0.1958, -8.2899, -0.2611]","[-468.2949, -393.3802, -27351.1575, -56398.2338]","[-1151618.8093, -1151618.8616, -2178971.4815, -2208018.5577]","[1.596, 1.767, 4.884, 3.316]","[[[3.1148, 0.0], [6.5412, 0.0], [9.5392, -0.1305], [11.2524, 0.0], [15.3926, -0.6527], [21.1032, 0.0]], [[3.1148, 0.0], [6.5412, 0.0], [9.5392, -0.1305], [11.2524, 0.0], [15.3926, -0.2611], [19.9611, -0.3916]], [[3.1148, 0.0], [6.5412, 0.0], [9.5392, -0.1305], [11.2524, 0.0], [14.536, -0.7833], [31.3822, 16.5798]], [[3.1148, 0.0], [6.5412, 0.0], [9.5392, -0.1305], [11.2524, 0.0], [26.5282, -0.2611], [15.6781, -0.5222]]]",1.3318,0.0,0.0,0.0,0.0,0.0,0.0,True,"[3, 4, 4]",0.0,0.0,0.0,1.5957,4.0,0.4637,3.6482,0.6486,0.5153,1.4601,1.5957,"[[3.115, 0.0], [6.541, 0.0], [9.539, -0.131], [11.252, 0.0], [15.393, -0.457], [20.532, -0.196]]",ok,4.8841,0.0,0.0,0.0,0.0,0.0,0.0,0.0,0.0,0.0,20a68f4f6d5e46edb6c4d9e8321ced5b,scene-0013,42
0.3143,2.2268,2.7786,0.2098,0.9588,1.7081,0.0,0.0,0.0,0.0,0.0,0.0,0.0,0.0,0.0,ok,straight,1.0276,28.6258,13.7196,0.6376,7.5636,7.8861,False,"[-0.1305, -0.0653, -0.3264, -0.1305]","[-363932.8824, -438232.7203, -440760.5923, -664317.044]","[-2522445.9833, -2596745.8212, -2599273.6932, -2822830.1449]","[6.111, 6.378, 9.12, 13.282]","[[[4.3997, 0.0], [9.2537, 0.0], [12.5373, -0.1305], [44.6594, -0.1958], [23.3874, -0.1305], [25.9572, -0.2611]], [[4.3997, 0.0], [9.2537, 0.0], [12.5373, -0.1305], [44.6594, -0.1958], [20.5321, 0.0], [30.5257, -0.1305]], [[4.3997, 0.0], [9.2537, 0.0], [12.5373, -0.1305], [44.6594, -0.1958], [23.9585, 0.2611], [43.66, -0.6527]], [[4.3997, 0.0], [9.2537, 0.0], [12.5373, -0.1305], [44.6594, -0.1958], [22.8163, -0.6527], [69.6432, -0.2611]]]",2.8837,0.0,0.0,0.0,0.0,0.0,0.0,False,"[4, 4, 4]",0.0,0.0,0.0,6.1113,4.0,1.0276,28.6258,2.7786,0.6376,7.5636,6.1113,"[[4.4, 0.0], [9.254, 0.0], [12.537, -0.131], [44.659, -0.196], [23.102, -0.065], [37.093, -0.261]]",ok,13.2821,0.0,0.0,0.0,0.0,0.0,0.0,0.0,0.0,0.0,fde1435fa125431d9eb22d8e5e254a32,scene-0013,42
0.0254,0.0262,0.0271,0.0252,0.0256,0.026,0.0,0.0,0.0,0.0,0.0,0.0,0.0,0.0,0.0,ok,straight,0.2606,1.4027,3.1168,4.2815,2.5923,2.5053,False,"[-0.0653, -0.0, -0.2611, -0.0]","[-21244.0239, -21713.2903, -21803.466, -22023.0202]","[-2897883.1206, -2898352.387, -2898442.5626, -2898662.1168]","[3.053, 1.737, 3.769, 1.966]","[[[0.4023, 8.2899], [0.2595, 0.0], [0.4023, 0.0], [1.4016, 0.0], [3.1148, 0.1305], [4.828, 0.1305]], [[0.4023, 8.2899], [0.2595, 0.0], [0.4023, 0.0], [1.4016, 0.0], [-0.026, 0.0], [-0.026, 0.0]], [[0.4023, 8.2899], [0.2595, 0.0], [0.4023, 0.0], [1.4016, 0.0], [3.1148, 0.0], [9.1109, 0.5222]], [[0.4023, 8.2899], [0.2595, 0.0], [0.4023, 0.0], [1.4016, 0.0], [-0.026, 0.0], [1.4016, 0.0]]]",0.8236,0.0,0.0,0.0,0.0,0.0,0.0,False,"[4, 4, 4]",0.0,0.0,0.0,1.7372,4.0,0.2606,1.4027,0.0271,4.2815,2.5923,1.7372,"[[0.402, 8.29], [0.259, 0.0], [0.402, 0.0], [1.402, 0.0], [1.544, 0.0], [3.115, 0.065]]",ok,3.7688,1.0,1.0,1.0,1.0,1.0,1.0,0.5,0.75,0.8333333333333334,43cfc03be6f842ae8942c995f8e3f2fb,scene-0014,42
1.0724,1.2884,0.4995,1.047,1.1064,0.8576,0.0,0.0,0.0,0.0,0.0,0.0,0.0,0.0,0.0,ok,straight,3.0719,1.8581,0.7791,2.0467,1.6773,1.3815,False,"[-0.0, -0.0, -0.1958, -0.1305]","[-2639.4497, -2651.6548, -2864.7229, -3970.3088]","[-2048426.1808, -2048438.386, -2048651.454, -2049757.04]","[1.399, 1.212, 1.828, 2.165]","[[[1.6871, 0.0], [4.5424, 0.0653], [3.4003, 0.0], [5.6846, -0.0653], [5.399, -0.1305], [5.9701, 0.0]], [[1.6871, 0.0], [4.5424, 0.0653], [3.4003, 0.0], [5.6846, -0.0653], [5.6846, 0.0], [7.3977, 0.0]], [[1.6871, 0.0], [4.5424, 0.0653], [3.4003, 0.0], [5.6846, -0.0653], [6.5412, 1.1749], [9.9675, 0.3916]], [[1.6871, 0.0], [4.5424, 0.0653], [3.4003, 0.0], [5.6846, -0.0653], [10.253, 0.7833], [8.8254, 0.2611]]]",0.3713,0.0,0.0,0.0,0.0,0.0,0.0,False,"[4, 4, 4]",0.0,0.0,0.0,1.2122,4.0,3.0719,1.8581,0.3438,2.0467,1.6773,1.2122,"[[1.687, 0.0], [4.542, 0.065], [3.4, 0.0], [5.685, -0.065], [6.113, 0.392], [8.112, 0.131]]",ok,2.165,0.0,0.0,0.0,0.0,0.0,0.0,0.0,0.0,0.0,3a1dd258a83f44b6bd97e8cc426d7057,scene-0014,42
2.4577,5.5045,10.4668,1.6421,3.3174,5.1583,0.0,0.0,0.0,0.0,0.0,0.0,0.0,0.0,0.0,ok,straight,2.4577,4.3445,9.4594,1.5698,3.0639,4.7773,True,"[-0.3264, -1.3055, -0.4569, -8.2899]","[-1063.6516, -1679.9732, -2273.8373, -49961.6769]","[-1752919.3197, -1753535.6413, -1754129.5054, -1801817.345]","[4.989, 4.086, 5.371, 8.399]","[[[1.8299, -0.0653], [2.8293, 0.0], [3.6858, -0.0653], [7.1122, -0.718], [7.3977, -0.6527], [7.3977, -0.6527]], [[1.8299, -0.0653], [2.8293, 0.0], [3.6858, -0.0653], [7.1122, -0.718], [7.9688, -0.7833], [12.2517, -2.611]], [[1.8299, -0.0653], [2.8293, 0.0], [3.6858, -0.0653], [7.1122, -0.718], [5.9701, -0.2611], [6.5412, -0.9138]], [[1.8299, -0.0653], [2.8293, 0.0], [3.6858, -0.0653], [7.1122, -0.718], [12.2517, 16.5798], [9.3964, 16.5798]]]",1.6204,0.0,0.0,0.0,0.0,0.0,0.0,True,"[4, 4, 4]",0.0,0.0,0.0,4.0865,4.0,2.4577,4.3445,5.6297,1.5698,3.0639,4.0865,"[[1.83, -0.065], [2.829, 0.0], [3.686, -0.065], [7.112, -0.718], [7.683, -0.457], [8.397, -0.783]]",ok,8.3994,0.0,0.0,0.0,0.0,0.0,0.0,0.0,0.0,0.0,510c3f937ce54fafa51f9c9f98f0a4a5,scene-0014,42
2.0291,4.5025,6.5273,1.3831,2.6272,3.7481,0.0,0.0,0.0,0.0,0.0,0.0,0.0,0.0,0.0,ok,straight,2.8857,4.6494,8.6576,1.8114,2.3882,3.7747,False,"[-0.5222, -0.0653, -0.1305, -1.893]","[-4234.3465, -5446.6927, -6292.5787, -1237866.6376]","[-2823497.1197, -2824709.466, -2825555.3519, -4057129.4108]","[3.542, 2.754, 4.115, 12.309]","[[[2.8293, 0.0], [4.2569, -0.1305], [9.3964, -0.5222], [9.5392, -0.5222], [13.1083, -0.9138], [14.8215, -1.0444]], [[2.8293, 0.0], [4.2569, -0.1305], [9.3964, -0.5222], [9.5392, -0.5222], [13.3939, -0.6527], [24.5295, -0.1305]], [[2.8293, 0.0], [4.2569, -0.1305], [9.3964, -0.5222], [9.5392, -0.5222], [13.1083, 1.3055], [11.6807, -0.2611]], [[2.8293, 0.0], [4.2569, -0.1305], [9.3964, -0.5222], [9.5392, -0.5222], [69.6432, -0.6527], [9.9675, -3.7859]]]",3.8578,0.0,0.0,0.0,0.0,0.0,0.0,False,"[4, 4, 4]",0.0,0.0,0.0,2.7537,4.0,2.8857,4.6494,2.6742,1.8114,2.3882,2.7537,"[[2.829, 0.0], [4.257, -0.131], [9.396, -0.522], [9.539, -0.522], [13.251, -0.653], [13.251, -0.653]]",ok,12.3091,0.0,0.0,0.0,0.0,0.0,0.0,0.0,0.0,0.0,0afa886817744d61be66f0bcea2be47c,scene-0014,42
1.013,2.766,4.5811,0.6988,1.516,2.3185,0.0,0.0,0.0,0.0,0.0,0.0,0.0,0.0,0.0,ok,straight,0.7258,2.9063,2.4188,0.5533,1.4435,1.8147,True,"[-0.6527, -0.9791, -0.718, -5.5484]","[-34.4541, -155.7287, -2710.3761, -37981.2396]","[-287282.4755, -287282.6409, -1289994.1251, -1325264.9887]","[2.034, 1.466, 2.887, 3.649]","[[[3.1148, -0.0653], [6.2556, -0.1958], [8.6826, -0.3264], [10.9669, -0.718], [13.9649, -1.0444], [17.3913, -1.3055]], [[3.1148, -0.0653], [6.2556, -0.1958], [8.6826, -0.3264], [10.9669, -0.718], [15.107, -1.5666], [19.6755, -1.9582]], [[3.1148, -0.0653], [6.2556, -0.1958], [8.6826, -0.3264], [10.9669, -0.718], [10.253, -1.0444], [15.9636, -1.436]], [[3.1148, -0.0653], [6.2556, -0.1958], [8.6826, -0.3264], [10.9669, -0.718], [23.1019, 1.8277], [18.8189, -11.0967]]]",0.8302,0.0,0.0,0.0,0.0,0.0,0.0,True,"[4, 4, 4]",0.0,0.0,0.0,1.4658,4.0,0.7258,2.9063,0.8737,0.5533,1.4435,1.4658,"[[3.115, -0.065], [6.256, -0.196], [8.683, -0.326], [10.967, -0.718], [14.536, -1.044], [18.105, -1.697]]",ok,3.6493,0.0,0.0,0.0,0.0,0.0,0.0,0.0,0.0,0.0,234b0f37af694571876a745e5bbb5e08,scene-0015,42
1.7865,3.5168,6.1426,1.1569,2.338,3.3821,0.0,0.0,0.0,0.0,0.0,0.0,0.0,0.0,0.0,ok,straight,2.212,4.9541,6.4261,1.6552,2.9821,4.2871,False,"[-0.2611, -0.1958, -5.222, -0.1958]","[-151.6471, -481.1205, -6991.3003, -8588.5889]","[-1041271.5719, -2041754.2815, -2048264.4613, -2049861.7499]","[3.812, 3.013, 6.115, 4.961]","[[[4.2569, 0.0], [8.3971, -0.0653], [12.68, -0.1305], [16.5347, -0.4569], [18.8189, -0.3916], [21.9598, -0.5222]], [[4.2569, 0.0], [8.3971, -0.0653], [12.68, -0.1305], [16.5347, -0.4569], [17.3913, 0.1305], [18.5334, 0.3916]], [[4.2569, 0.0], [8.3971, -0.0653], [12.68, -0.1305], [16.5347, -0.4569], [23.9585, -0.5222], [26.5282, -10.444]], [[4.2569, 0.0], [8.3971, -0.0653], [12.68, -0.1305], [16.5347, -0.4569], [25.1006, -0.9138], [22.5308, 0.3916]]]",1.1729,0.0,0.0,0.0,0.0,0.0,0.0,False,"[4, 4, 4]",0.0,0.0,0.0,3.0129,4.0,2.212,4.9541,2.775,1.6552,2.9821,3.0129,"[[4.257, 0.0], [8.397, -0.065], [12.68, -0.131], [16.535, -0.457], [21.389, -0.457], [22.245, -0.065]]",ok,6.1152,0.0,0.0,0.0,0.0,0.0,0.0,0.0,0.0,0.0,23e4bbcd10fe43e1982867dab19c79e8,scene-0015,42
0.5512,0.223,1.8815,0.4284,0.4175,0.7392,0.0,0.0,0.0,0.0,0.0,0.0,0.0,0.0,0.0,ok,straight,0.2638,3.0774,0.5136,0.998,1.8137,1.3946,False,"[-0.5875, -0.4569, -0.2611, -0.2611]","[-1720.6374, -2972.6113, -3262.0107, -4814.8532]","[-3031325.8759, -3032577.8498, -3032867.2493, -3034420.0917]","[2.902, 2.096, 1.67, 1.711]","[[[3.6858, 0.0], [4.2569, -0.0653], [8.3971, -0.4569], [11.6807, -0.1958], [16.2492, -0.5222], [18.8189, -1.1749]], [[3.6858, 0.0], [4.2569, -0.0653], [8.3971, -0.4569], [11.6807, -0.1958], [10.253, 0.7833], [9.9675, -0.9138]], [[3.6858, 0.0], [4.2569, -0.0653], [8.3971, -0.4569], [11.6807, -0.1958], [10.253, -0.3916], [11.9662, -0.5222]], [[3.6858, 0.0], [4.2569, -0.0653], [8.3971, -0.4569], [11.6807, -0.1958], [10.8241, -0.3916], [16.5347, -0.5222]]]",0.4946,0.0,0.0,0.0,0.0,0.0,0.0,False,"[4, 4, 4]",0.0,0.0,0.0,1.6699,4.0,0.2638,3.0774,1.8815,0.998,1.8137,1.6699,"[[3.686, 0.0], [4.257, -0.065], [8.397, -0.457], [11.681, -0.196], [10.539, -0.392], [14.25, -0.718]]",ok,2.9015,0.0,0.0,0.0,0.0,0.0,0.0,0.0,0.0,0.0,b95702eac8684e80ab65303126cc1e58,scene-0015,42
0.9643,2.8163,4.1568,0.751,1.3378,2.1277,0.0,0.0,0.0,0.0,0.0,0.0,0.0,0.0,0.0,ok,straight,1.2492,3.3872,1.6575,0.8934,1.8716,2.0906,True,"[-0.0653, -0.4569, -0.2611, -0.1958]","[-240.9328, -190.5738, -1276.3798, -2640.999]","[-250429.9737, -250432.6944, -1251708.4731, -1253073.0923]","[2.674, 2.79, 1.863, 2.344]","[[[1.9727, 0.0], [3.4003, 0.0], [4.6852, 0.0], [5.9701, -0.1305], [8.5399, -0.1305], [9.1109, -0.1305]], [[1.9727, 0.0], [3.4003, 0.0], [4.6852, 0.0], [5.9701, -0.1305], [8.2543, -0.1305], [8.8254, 0.9138]], [[1.9727, 0.0], [3.4003, 0.0], [4.6852, 0.0], [5.9701, -0.1305], [11.9662, -0.5222], [17.6768, 0.5222]], [[1.9727, 0.0], [3.4003, 0.0], [4.6852, 0.0], [5.9701, -0.1305], [7.3977, -0.9138], [16.5347, -0.3916]]]",0.3599,0.0,0.0,0.0,0.0,0.0,0.0,True,"[4, 4, 4]",0.0,0.0,0.0,1.8626,4.0,1.2492,3.3872,3.3647,0.8934,1.8716,1.8626,"[[1.973, 0.0], [3.4, 0.0], [4.685, 0.0], [5.97, -0.131], [8.397, -0.326], [12.823, 0.196]]",ok,2.7901,0.0,0.0,0.0,0.0,0.0,0.0,0.0,0.0,0.0,cf753561271b4c40bef93a35bb0cf13f,scene-0015,42
0.223,1.3741,1.6776,0.1622,0.5543,0.8504,0.0,0.0,0.0,0.0,0.0,0.0,0.0,0.0,0.0,ok,left,0.2875,3.2661,2.2515,0.3335,1.144,1.3496,False,"[0.8486, 0.718, -8.2899, 0.3916]","[-2542.0316, -4041.226, -4868.3666, -5742.8663]","[-1760329.1608, -1761828.3551, -1762655.4957, -1763529.9954]","[1.243, 1.154, 5.077, 1.51]","[[[2.2582, 0.0], [3.6858, -0.0653], [5.399, 0.0], [9.2537, -0.718], [8.5399, 0.9138], [9.9675, 1.6971]], [[2.2582, 0.0], [3.6858, -0.0653], [5.399, 0.0], [9.2537, -0.718], [8.5399, 2.2193], [10.253, 1.436]], [[2.2582, 0.0], [3.6858, -0.0653], [5.399, 0.0], [9.2537, -0.718], [9.3964, -3.7859], [9.3964, -16.5798]], [[2.2582, 0.0], [3.6858, -0.0653], [5.399, 0.0], [9.2537, -0.718], [6.8267, 0.7833], [9.9675, 0.7833]]]",1.6394,0.0,0.0,0.0,0.0,0.0,0.0,False,"[4, 4, 4]",0.0,0.0,0.0,1.1544,4.0,0.2875,3.2661,2.0125,0.3335,1.144,1.1544,"[[2.258, 0.0], [3.686, -0.065], [5.399, 0.0], [9.254, -0.718], [8.54, 0.849], [9.968, 1.11]]",ok,5.0767,0.0,0.0,0.0,0.0,0.0,0.0,0.0,0.0,0.0,fbd3aa2098234fb1869d34d920e16eda,scene-0016,42
0.9055,2.8646,5.0148,0.6246,1.451,2.5015,0.0,0.0,0.0,0.0,0.0,0.0,0.0,0.0,0.0,ok,straight,1.1961,3.5542,4.8892,0.7007,1.8809,3.1185,False,"[-0.3916, -0.2611, -0.3916, -8.2899]","[-86.1144, -2373.6137, -53334.666, -158574.8249]","[-504875.4685, -1507250.4797, -1558211.5321, -1663451.691]","[2.694, 2.976, 4.129, 6.712]","[[[2.6865, 0.0], [4.828, -0.0653], [6.8267, 0.0653], [9.2537, -0.4569], [12.5373, -0.5222], [15.3926, -0.7833]], [[2.6865, 0.0], [4.828, -0.0653], [6.8267, 0.0653], [9.2537, -0.4569], [13.9649, -0.9138], [12.2517, -0.5222]], [[2.6865, 0.0], [4.828, -0.0653], [6.8267, 0.0653], [9.2537, -0.4569], [15.3926, -13.1855], [15.107, -0.7833]], [[2.6865, 0.0], [4.828, -0.0653], [6.8267, 0.0653], [9.2537, -0.4569], [18.5334, -15.2743], [16.2492, 16.5798]]]",1.5859,0.0,0.0,0.0,0.0,0.0,0.0,False,"[4, 4, 4]",0.0,0.0,0.0,2.6936,4.0,1.1961,3.5542,4.7311,0.7007,1.8809,2.6936,"[[2.686, 0.0], [4.828, -0.065], [6.827, 0.065], [9.254, -0.457], [14.679, -7.05], [15.25, -0.653]]",ok,6.7118,0.0,0.0,0.0,0.0,0.0,0.0,0.0,0.0,0.0,35eff3f6f5b84929a33c2bda269a266f,scene-0016,42
0.7083,1.7734,3.9678,0.6025,1.0175,1.7163,0.0,0.0,0.0,0.0,0.0,0.0,0.0,0.0,0.0,ok,straight,0.8495,2.638,5.2432,0.6731,1.7319,2.5482,False,"[-0.1305, -0.0, -0.1958, -0.0653]","[-598.4449, -3577.5858, -8355.6453, -8697.1399]","[-1523196.396, -2526774.9239, -2531552.9834, -2531894.478]","[2.147, 2.333, 7.283, 2.914]","[[[4.2569, 0.0], [8.6826, -0.1305], [14.3932, -0.1305], [17.6768, -0.2611], [20.5321, -0.2611], [25.9572, -0.2611]], [[4.2569, 0.0], [8.6826, -0.1305], [14.3932, -0.1305], [17.6768, -0.2611], [19.1045, 0.0], [28.5269, 0.0]], [[4.2569, 0.0], [8.6826, -0.1305], [14.3932, -0.1305], [17.6768, -0.2611], [31.6678, -0.1305], [45.6587, 0.3916]], [[4.2569, 0.0], [8.6826, -0.1305], [14.3932, -0.1305], [17.6768, -0.2611], [22.8163, -2.2193], [16.2492, -0.1305]]]",2.1053,0.0,0.0,0.0,0.0,0.0,0.0,True,"[4, 4, 4]",0.0,0.0,0.0,2.1473,4.0,0.8495,2.638,3.9678,0.6731,1.7319,2.1473,"[[4.257, 0.0], [8.683, -0.131], [14.393, -0.131], [17.677, -0.261], [21.674, -0.196], [27.242, -0.065]]",ok,7.2826,0.0,0.0,0.0,0.0,0.0,0.0,0.0,0.0,0.0,a13c1966d657438094f1116fd27d2c1e,scene-0016,42
1.7234,2.6389,4.3469,1.188,1.6109,2.5516,0.0,0.0,1.0,0.0,0.0,1.0,0.0,0.0,0.3333333333333333,ok,straight,1.1386,2.8134,11.2236,0.8955,1.9943,3.8703,False,"[-0.3916, -0.5875, -1.9582, -0.9138]","[-4249.5841, -5356.1197, -5481.168, -8246.8477]","[-2617677.6576, -2618784.1933, -2618909.2415, -2621674.9212]","[2.677, 3.907, 4.115, 4.23]","[[[3.1148, 0.0], [5.9701, 0.0], [10.253, -2.4152], [12.2517, 0.7833], [15.3926, 0.7833], [18.2479, 0.7833]], [[3.1148, 0.0], [5.9701, 0.0], [10.253, -2.4152], [12.2517, 0.7833], [15.6781, 1.1749], [25.3861, 1.1749]], [[3.1148, 0.0], [5.9701, 0.0], [10.253, -2.4152], [12.2517, 0.7833], [16.5347, 0.9138], [25.1006, 3.9165]], [[3.1148, 0.0], [5.9701, 0.0], [10.253, -2.4152], [12.2517, 0.7833], [15.6781, 0.0], [27.6704, 1.8277]]]",0.6203,0.0,0.0,0.0,0.0,0.0,1.0,False,"[4, 4, 4]",0.0,0.0,0.16666666666666666,2.6765,4.0,1.1386,2.8134,4.3469,0.8955,1.9943,2.6765,"[[3.115, 0.0], [5.97, 0.0], [10.253, -2.415], [12.252, 0.783], [15.678, 0.849], [25.243, 1.501]]",ok,4.2297,0.0,0.0,0.0,0.0,0.0,0.0,0.0,0.0,0.0,40af6a4135e64e6496a3bde206fd5ed3,scene-0016,42
3.4083,4.6749,4.109,2.7218,3.6873,3.9807,0.0,0.0,0.0,0.0,0.0,0.0,0.0,0.0,0.0,ok,straight,2.8393,2.9618,4.6905,2.2946,2.7957,3.3904,True,"[-0.0, -0.1958, -0.4569, -0.0]","[-888.0089, -1530.0948, -2987.8639, -146462.5649]","[-2282251.0485, -2282893.1345, -2284350.9035, -2427825.6045]","[3.339, 4.491, 2.908, 9.827]","[[[3.9714, 0.0], [7.9688, 0.0653], [12.109, 0.0], [17.1058, -0.1958], [19.1045, 0.0], [23.3874, 0.0]], [[3.9714, 0.0], [7.9688, 0.0653], [12.109, 0.0], [17.1058, -0.1958], [19.6755, 0.5222], [15.9636, 0.3916]], [[3.9714, 0.0], [7.9688, 0.0653], [12.109, 0.0], [17.1058, -0.1958], [23.3874, -0.9138], [22.2453, 0.9138]], [[3.9714, 0.0], [7.9688, 0.0653], [12.109, 0.0], [17.1058, -0.1958], [18.2479, 0.5222], [69.6432, 0.0]]]",2.7666,0.0,0.0,0.0,0.0,0.0,0.0,True,"[4, 4, 4]",0.0,0.0,0.0,2.9077,4.0,2.8393,2.9618,5.3513,2.2946,2.7957,2.9077,"[[3.971, 0.0], [7.969, 0.065], [12.109, 0.0], [17.106, -0.196], [19.39, 0.261], [22.816, 0.196]]",ok,9.827,0.0,0.0,0.0,0.0,0.0,0.0,0.0,0.0,0.0,134c7f63827c4b858a2a4ce0582d8f6e,scene-0017,42
1.3803,2.9194,4.0718,1.0807,1.7717,2.4583,0.0,0.0,0.0,0.0,0.0,0.0,0.0,0.0,0.0,ok,straight,0.8191,3.7155,3.5303,0.8002,2.8448,2.9981,False,"[-0.5222, -0.1305, -0.5222, -0.1305]","[-6505.4485, -6635.691, -6772.4651, -8512.7072]","[-1541697.3867, -1541827.6292, -1541964.4033, -1543704.6455]","[2.793, 3.131, 3.208, 2.596]","[[[4.2569, 0.0], [7.9688, -0.0653], [16.6775, -0.1305], [17.6768, -0.0653], [19.9611, 0.1305], [22.2453, -1.0444]], [[4.2569, 0.0], [7.9688, -0.0653], [16.6775, -0.1305], [17.6768, -0.0653], [20.5321, -0.2611], [24.8151, -0.2611]], [[4.2569, 0.0], [7.9688, -0.0653], [16.6775, -0.1305], [17.6768, -0.0653], [20.8176, -0.3916], [24.5295, -1.0444]], [[4.2569, 0.0], [7.9688, -0.0653], [16.6775, -0.1305], [17.6768, -0.0653], [16.8202, -0.2611], [23.3874, 0.2611]]]",0.2491,0.0,0.0,0.0,0.0,0.0,0.0,False,"[4, 4, 4]",0.0,0.0,0.0,2.5956,4.0,0.8191,3.7155,2.5595,0.8002,2.8448,2.5956,"[[4.257, 0.0], [7.969, -0.065], [16.677, -0.131], [17.677, -0.065], [20.247, -0.261], [23.958, -0.653]]",ok,3.2081,0.0,0.0,0.0,0.0,0.0,0.0,0.0,0.0,0.0,6609fa8733f14987ab840f3467c609e3,scene-0017,42
0.056,0.7148,1.6736,0.1787,0.3148,0.6391,0.0,0.0,0.0,0.0,0.0,0.0,0.0,0.0,0.0,ok,straight,1.2296,1.15,1.8195,1.051,2.1801,2.0348,False,"[-0.0653, -0.0, -0.1958, -6.9191]","[-7080.2392, -8033.8249, -11151.2417, -43578.5179]","[-2779070.5674, -2780024.1531, -2783141.5699, -2815568.8461]","[1.883, 3.028, 2.488, 8.346]","[[[2.5437, 0.0], [7.826, 0.0], [14.9643, 0.0], [13.2511, 0.1958], [15.3926, 0.1305], [18.2479, 0.1305]], [[2.5437, 0.0], [7.826, 0.0], [14.9643, 0.0], [13.2511, 0.1958], [16.2492, -0.1305], [24.244, 0.0]], [[2.5437, 0.0], [7.826, 0.0], [14.9643, 0.0], [13.2511, 0.1958], [10.253, 0.1305], [18.5334, 0.3916]], [[2.5437, 0.0], [7.826, 0.0], [14.9643, 0.0], [13.2511, 0.1958], [-2.8813, 0.0], [-2.8813, -13.8383]]]",2.5781,0.0,0.0,0.0,0.0,0.0,0.0,False,"[4, 4, 4]",0.0,0.0,0.0,1.8826,4.0,1.2296,1.15,1.6736,1.051,2.1801,1.8826,"[[2.544, 0.0], [7.826, 0.0], [14.964, 0.0], [13.251, 0.196], [12.823, 0.065], [18.391, 0.065]]",ok,8.3461,0.0,0.0,0.0,0.0,0.0,0.0,0.0,0.0,0.0,8b66733250b94940b0e7477c8b182512,scene-0017,42
1.2006,3.4938,4.9288,0.7742,1.7489,2.8115,0.0,0.0,0.0,0.0,0.0,0.0,0.0,0.0,0.0,ok,straight,1.7703,2.4993,5.45,18.2625,10.2932,8.8322,False,"[-0.8486, -0.7833, -6.9844, -0.0]","[-382380.8184, -386681.7824, -393728.6819, -477845.9291]","[-5316806.961, -5321107.9251, -5328154.8246, -5412272.0718]","[8.622, 9.106, 10.091, 10.184]","[[[35.5224, 0.1958], [3.1148, 0.1305], [3.8286, -0.4569], [4.3997, 0.5875], [6.8267, 1.0444], [7.3977, 1.6971]], [[35.5224, 0.1958], [3.1148, 0.1305], [3.8286, -0.4569], [4.3997, 0.5875], [9.3964, 2.7415], [7.3977, 1.5666]], [[35.5224, 0.1958], [3.1148, 0.1305], [3.8286, -0.4569], [4.3997, 0.5875], [5.399, 0.9138], [9.3964, -13.9688]], [[35.5224, 0.1958], [3.1148, 0.1305], [3.8286, -0.4569], [4.3997, 0.5875], [9.682, 16.5798], [0.2595, 0.0]]]",0.6604,0.0,0.0,0.0,0.0,0.0,0.0,False,"[4, 4, 4]",0.0,0.0,0.0,8.622,4.0,1.7703,2.4993,5.6415,18.2625,10.2932,8.622,"[[35.522, 0.196], [3.115, 0.131], [3.829, -0.457], [4.4, 0.587], [8.112, 1.893], [7.398, 0.783]]",ok,10.1845,0.0,0.0,0.0,0.0,0.0,0.0,0.0,0.0,0.0,14684fc1b81a43888b992d553add01cf,scene-0017,42
1.0508,1.1263,0.5919,0.9489,1.038,1.0079,0.0,0.0,0.0,0.0,0.0,0.0,0.0,0.0,0.0,ok,straight,1.1977,1.4674,0.9461,1.3102,1.3268,1.598,False,"[-0.5222, -0.9138, -0.1305, -2.3499]","[-87.3671, -3338.0199, -6416.8881, -67394.5279]","[-752147.3222, -1755486.5772, -1758565.4454, -1819543.0852]","[1.2, 1.963, 2.262, 4.76]","[[[2.2582, 0.1305], [3.2576, 0.1958], [4.5424, 0.718], [6.2556, 0.8486], [7.3977, 0.7833], [8.2543, 1.0444]], [[2.2582, 0.1305], [3.2576, 0.1958], [4.5424, 0.718], [6.2556, 0.8486], [11.1096, 1.5666], [8.8254, 1.8277]], [[2.2582, 0.1305], [3.2576, 0.1958], [4.5424, 0.718], [6.2556, 0.8486], [9.3964, -2.3499], [3.9714, 0.2611]], [[2.2582, 0.1305], [3.2576, 0.1958], [4.5424, 0.718], [6.2556, 0.8486], [9.3964, 16.5798], [13.6794, 4.6998]]]",1.3355,0.0,0.0,0.0,0.0,0.0,0.0,False,"[4, 4, 4]",0.0,0.0,0.0,1.2005,4.0,1.1977,1.4674,0.5919,1.3102,1.3268,1.2005,"[[2.258, 0.131], [3.258, 0.196], [4.542, 0.718], [6.256, 0.849], [9.396, 1.175], [8.54, 1.436]]",ok,4.7603,0.0,0.0,1.0,0.0,0.0,1.0,0.0,0.0,0.16666666666666666,f0e4797551024f9487a016ee9d9e29e1,scene-0018,42
0.6834,0.4287,0.3555,0.6515,0.5917,0.5359,0.0,0.0,0.0,0.0,0.0,0.0,0.0,0.0,0.0,ok,left,1.5306,0.431,1.0905,0.7939,0.7843,0.8086,False,"[1.2402, 1.8277, 0.3916, 8.2899]","[-348.4946, -564.1326, -1011.957, -55045.8133]","[-778531.7383, -1779095.9188, -1779543.7432, -1833577.5995]","[0.664, 0.963, 1.247, 6.071]","[[[1.1161, 0.0653], [3.9714, 0.0653], [4.9707, 0.7833], [5.6846, 1.3708], [6.8267, 1.6971], [9.1109, 2.4804]], [[1.1161, 0.0653], [3.9714, 0.0653], [4.9707, 0.7833], [5.6846, 1.3708], [7.1122, 1.9582], [11.3952, 3.6554]], [[1.1161, 0.0653], [3.9714, 0.0653], [4.9707, 0.7833], [5.6846, 1.3708], [7.1122, 2.7415], [6.5412, 0.7833]], [[1.1161, 0.0653], [3.9714, 0.0653], [4.9707, 0.7833], [5.6846, 1.3708], [17.6768, 16.5798], [15.6781, 16.5798]]]",2.2235,0.0,0.0,0.0,0.0,0.0,0.0,True,"[4, 4, 4]",0.0,0.0,0.0,0.6643,4.0,1.5306,0.431,0.3555,0.7939,0.7843,0.6643,"[[1.116, 0.065], [3.971, 0.065], [4.971, 0.783], [5.685, 1.371], [7.112, 2.35], [10.253, 3.068]]",ok,6.071,0.0,0.0,1.0,0.0,0.0,1.0,0.0,0.0,0.3333333333333333,e8dd2a90a84142b2aa1c42126d3f135b,scene-0018,42
3.5946,8.5149,16.3319,2.6284,4.8943,7.8992,0.0,0.0,0.0,0.0,0.0,0.0,0.0,0.0,0.0,ok,straight,5.45,11.2219,15.0864,3.8416,5.7935,9.1881,False,"[-0.2611, -0.0653, -0.0, -0.4569]","[-8390.5245, -12609.4048, -22684.2678, -23031.7656]","[-2520027.3278, -2524246.208, -2534321.0711, -2534668.5689]","[8.509, 8.499, 10.579, 8.908]","[[[4.2569, 0.0], [9.2537, 0.0], [9.5392, -0.3264], [17.8196, -0.1958], [21.6742, 0.0], [22.2453, -0.5222]], [[4.2569, 0.0], [9.2537, 0.0], [9.5392, -0.3264], [17.8196, -0.1958], [19.1045, -0.1305], [24.8151, -0.1305]], [[4.2569, 0.0], [9.2537, 0.0], [9.5392, -0.3264], [17.8196, -0.1958], [30.5257, 0.1305], [25.9572, 0.0]], [[4.2569, 0.0], [9.2537, 0.0], [9.5392, -0.3264], [17.8196, -0.1958], [27.3848, 1.1749], [18.8189, -0.9138]]]",0.8563,0.0,0.0,0.0,0.0,0.0,0.0,False,"[4, 4, 4]",0.0,0.0,0.0,8.4987,4.0,5.45,11.2219,16.3319,3.8416,5.7935,8.4987,"[[4.257, 0.0], [9.254, 0.0], [9.539, -0.326], [17.82, -0.196], [24.53, 0.065], [23.53, -0.326]]",ok,10.579,0.0,0.0,0.0,0.0,0.0,0.0,0.0,0.0,0.0,9fbcde13d96b43a8aee0f76aee3bfc65,scene-0018,42
0.6232,0.5793,0.9539,0.4027,0.4682,0.5539,0.0,0.0,0.0,0.0,0.0,0.0,0.0,0.0,0.0,ok,right,0.2297,0.9625,3.2735,17.7931,9.3231,6.7857,False,"[1.5666, 2.4804, -2.3499, -8.2899]","[-413921.5805, -415128.4846, -415322.8089, -1771291.6337]","[-5182493.6958, -5183700.6, -5183894.9242, -6539863.7491]","[6.489, 7.27, 7.504, 20.368]","[[[35.6652, 8.2899], [2.5437, 0.1306], [3.2576, -0.718], [5.9701, -1.2402], [5.6846, -1.9582], [6.5412, -3.1332]], [[35.6652, 8.2899], [2.5437, 0.1306], [3.2576, -0.718], [5.9701, -1.2402], [6.5412, -1.8277], [12.2517, -4.9609]], [[35.6652, 8.2899], [2.5437, 0.1306], [3.2576, -0.718], [5.9701, -1.2402], [5.6846, -1.0444], [7.3977, 4.6998]], [[35.6652, 8.2899], [2.5437, 0.1306], [3.2576, -0.718], [5.9701, -1.2402], [69.6432, 16.5798], [8.8254, 16.5798]]]",5.7627,0.0,0.0,0.0,0.0,0.0,0.0,False,"[4, 4, 4]",0.0,0.0,0.0,6.4891,4.0,0.2297,0.9625,0.9539,17.7931,9.3231,6.4891,"[[35.665, 8.29], [2.544, 0.131], [3.258, -0.718], [5.97, -1.24], [6.113, -1.436], [8.112, 0.783]]",ok,20.368,0.0,0.0,0.0,0.0,0.0,0.0,0.0,0.0,0.0,a6be1b51213443ba9991585f56a30c71,scene-0018,42
2.9256,4.8234,5.5089,2.233,3.3104,4.2538,0.0,0.0,0.0,0.0,0.0,0.0,0.0,0.0,0.0,ok,right,2.9423,1.6129,7.5229,2.3836,2.5516,4.2903,False,"[0.2611, 0.3264, 0.0653, 0.1958]","[-4258.0166, -8191.5845, -15353.6369, -44149.8077]","[-1832733.3907, -1836666.9586, -1843829.011, -1872625.1818]","[4.148, 4.142, 4.454, 5.186]","[[[4.2569, 0.0], [9.1109, 0.0], [14.1077, -0.0653], [22.5308, -0.1958], [23.9585, -1.436], [24.8151, -0.5222]], [[4.2569, 0.0], [9.1109, 0.0], [14.1077, -0.0653], [22.5308, -0.1958], [22.2453, -0.2611], [26.8138, -0.6527]], [[4.2569, 0.0], [9.1109, 0.0], [14.1077, -0.0653], [22.5308, -0.1958], [20.2466, -0.1305], [27.0993, -0.1305]], [[4.2569, 0.0], [9.1109, 0.0], [14.1077, -0.0653], [22.5308, -0.1958], [15.3926, -0.2611], [27.3848, -0.3916]]]",0.4252,0.0,0.0,0.0,0.0,0.0,0.0,False,"[3, 4, 4]",0.0,0.0,0.0,4.142,4.0,2.9423,1.6129,7.5989,2.3836,2.5516,4.142,"[[4.257, 0.0], [9.111, 0.0], [14.108, -0.065], [22.531, -0.196], [21.246, -0.261], [26.957, -0.457]]",ok,5.1858,0.0,0.0,0.0,0.0,0.0,0.0,0.0,0.0,0.0,d62b0f9db06440c695781c52ed71909a,scene-0035,42
1.8471,3.7115,5.0151,1.3082,2.103,2.7403,0.0,0.0,0.0,0.0,0.0,0.0,0.0,0.0,0.0,ok,straight,0.418,7.3104,4.6885,0.5241,2.6821,3.1669,False,"[-1.2402, -0.8486, -1.5666, -2.1541]","[-47353.0216, -50636.9718, -62874.4, -192654.0597]","[-2195500.2465, -2198784.1966, -2211021.6248, -2340801.2846]","[3.039, 3.127, 2.947, 5.786]","[[[3.8286, -0.1305], [8.2543, -0.1958], [10.253, -0.3916], [23.8157, -0.1305], [17.9623, -1.436], [19.39, -2.4804]], [[3.8286, -0.1305], [8.2543, -0.1958], [10.253, -0.3916], [23.8157, -0.1305], [17.3913, -1.0444], [19.39, -1.6971]], [[3.8286, -0.1305], [8.2543, -0.1958], [10.253, -0.3916], [23.8157, -0.1305], [16.2492, -1.6971], [21.9598, -3.1332]], [[3.8286, -0.1305], [8.2543, -0.1958], [10.253, -0.3916], [23.8157, -0.1305], [13.3939, 16.5798], [20.2466, -4.3081]]]",1.1917,0.0,0.0,0.0,0.0,0.0,0.0,False,"[4, 4, 4]",0.0,0.0,0.0,2.9467,4.0,0.418,7.3104,2.7705,0.5241,2.6821,2.9467,"[[3.829, -0.131], [8.254, -0.196], [10.253, -0.392], [23.816, -0.131], [16.82, -1.24], [19.818, -2.807]]",ok,5.7859,0.0,0.0,0.0,0.0,0.0,0.0,0.0,0.0,0.0,d9d546a04a9a41d8984c39e7c53689b6,scene-0035,42
1.3924,3.2452,4.599,1.0367,2.0583,2.7465,0.0,0.0,0.0,0.0,0.0,0.0,0.0,0.0,0.0,ok,right,1.4163,6.0908,7.068,1.0486,2.6337,3.4394,False,"[0.9791, 0.5222, 3.6554, 0.4569]","[-4323.3256, -7860.0084, -9696.2282, -36330.5553]","[-2091070.9588, -2094607.6416, -2096443.8613, -2123078.1885]","[3.224, 3.29, 3.83, 3.88]","[[[4.2569, -0.1305], [8.5399, -0.5222], [13.1083, -0.3916], [13.9649, -0.7833], [21.1032, -1.1749], [25.9572, -1.9582]], [[4.2569, -0.1305], [8.5399, -0.5222], [13.1083, -0.3916], [13.9649, -0.7833], [22.2453, -1.8277], [24.5295, -1.0444]], [[4.2569, -0.1305], [8.5399, -0.5222], [13.1083, -0.3916], [13.9649, -0.7833], [22.2453, -3.0026], [22.5308, -7.3108]], [[4.2569, -0.1305], [8.5399, -0.5222], [13.1083, -0.3916], [13.9649, -0.7833], [26.5282, -1.0444], [19.39, -0.9138]]]",0.3004,0.0,0.0,0.0,0.0,0.0,0.0,False,"[3, 4, 4]",0.0,0.0,0.0,3.2239,4.0,1.4163,6.0908,4.599,1.0486,2.6337,3.2239,"[[4.257, -0.131], [8.54, -0.522], [13.108, -0.392], [13.965, -0.783], [22.245, -1.501], [23.53, -1.501]]",ok,3.8797,0.0,0.0,0.0,0.0,0.0,0.0,0.0,0.0,0.0,3c4a042965874822affa98f7449566b6,scene-0035,42
4.8672,9.4457,14.8905,3.633,5.6804,8.3097,0.0,0.0,0.0,0.0,0.0,0.0,0.0,0.0,0.0,ok,straight,4.8672,9.0177,12.8967,3.633,5.4306,7.5968,True,"[-0.0653, -0.1958, -0.0653, -0.2611]","[-783.9441, -992.9487, -8551.9893, -10099.8717]","[-1755591.62, -1755800.6245, -1763359.6651, -1764907.5475]","[8.143, 7.241, 7.479, 5.602]","[[[3.6858, 0.0], [7.3977, 0.0], [13.1083, 0.0], [15.8209, -0.1305], [18.2479, -0.1305], [21.9598, -0.1305]], [[3.6858, 0.0], [7.3977, 0.0], [13.1083, 0.0], [15.8209, -0.1305], [19.6755, -0.1305], [25.9572, -0.3916]], [[3.6858, 0.0], [7.3977, 0.0], [13.1083, 0.0], [15.8209, -0.1305], [23.3874, -0.2611], [20.8176, -0.1305]], [[3.6858, 0.0], [7.3977, 0.0], [13.1083, 0.0], [15.8209, -0.1305], [19.39, 0.1305], [37.0928, -0.5222]]]",0.9346,0.0,0.0,0.0,0.0,0.0,0.0,False,"[4, 4, 4]",0.0,0.0,0.0,5.6021,4.0,4.8672,9.0177,0.7899,3.633,5.4306,5.6021,"[[3.686, 0.0], [7.398, 0.0], [13.108, 0.0], [15.821, -0.131], [19.533, -0.131], [23.958, -0.261]]",ok,8.1432,0.0,0.0,0.0,0.0,0.0,0.0,0.0,0.0,0.0,5f15115414584a23bdc0d0982c46e264,scene-0035,42
2.0873,4.0219,7.1326,1.5462,2.5767,3.4491,0.0,0.0,0.0,0.0,0.0,0.0,0.0,0.0,0.0,ok,straight,1.8018,4.0205,3.9985,1.118,2.1846,2.7842,True,"[-0.0, -0.0653, -0.1305, -0.0653]","[-224.3902, -130.3958, -651.5522, -4858.2208]","[-512729.2505, -512730.617, -1513382.8478, -1517589.5164]","[3.195, 3.52, 2.25, 1.958]","[[[4.2569, 0.0], [7.6833, 0.0], [11.8235, 0.0653], [15.107, -0.0653], [18.8189, 0.5222], [23.9585, 0.0]], [[4.2569, 0.0], [7.6833, 0.0], [11.8235, 0.0653], [15.107, -0.0653], [18.8189, -0.1305], [21.9598, -0.1305]], [[4.2569, 0.0], [7.6833, 0.0], [11.8235, 0.0653], [15.107, -0.0653], [21.3887, 0.1305], [31.0967, 0.2611]], [[4.2569, 0.0], [7.6833, 0.0], [11.8235, 0.0653], [15.107, -0.0653], [23.9585, -0.2611], [26.2427, 0.1305]]]",0.6454,0.0,0.0,0.0,0.0,0.0,0.0,True,"[4, 4, 4]",0.0,0.0,0.0,1.958,4.0,1.8018,4.0205,2.8676,1.118,2.1846,1.958,"[[4.257, 0.0], [7.683, 0.0], [11.823, 0.065], [15.107, -0.065], [20.104, 0.0], [25.101, 0.065]]",ok,3.5197,0.0,0.0,0.0,0.0,0.0,0.0,0.0,0.0,0.0,e1b5c775be134db696ce22413d195c72,scene-0036,42
5.3037,10.2522,15.6894,4.159,6.5304,9.2738,0.0,0.0,0.0,0.0,0.0,0.0,0.0,0.0,0.0,ok,straight,5.3037,9.1101,13.8345,4.159,6.459,8.7267,True,"[-0.0653, -0.1958, -8.2899, -0.0653]","[-918.0075, -1626.2599, -18035.0411, -25480.1033]","[-751635.2957, -1753263.1469, -1769671.9281, -1777116.9903]","[8.893, 9.655, 10.045, 7.329]","[[[2.2582, 0.0], [5.1135, 0.0], [6.5411, 0.0], [10.8241, -0.0653], [13.1083, -0.1305], [14.8215, -0.1305]], [[2.2582, 0.0], [5.1135, 0.0], [6.5411, 0.0], [10.8241, -0.0653], [11.3952, -0.2611], [11.9662, -0.3916]], [[2.2582, 0.0], [5.1135, 0.0], [6.5411, 0.0], [10.8241, -0.0653], [11.1096, 0.1305], [18.5334, 16.5798]], [[2.2582, 0.0], [5.1135, 0.0], [6.5411, 0.0], [10.8241, -0.0653], [13.1083, -0.3916], [36.8073, 0.1305]]]",1.0395,0.0,0.0,0.0,0.0,0.0,0.0,False,"[4, 4, 4]",0.0,0.0,0.0,7.3293,4.0,5.3037,9.1101,6.3043,4.159,6.459,7.3293,"[[2.258, 0.0], [5.113, 0.0], [6.541, 0.0], [10.824, -0.065], [12.252, -0.196], [16.677, 0.0]]",ok,10.0453,0.0,0.0,0.0,0.0,0.0,0.0,0.0,0.0,0.0,125a63c9e5b14ebfb5839143c88e3a44,scene-0036,42
3.9006,8.3166,12.9641,3.1942,5.4439,7.5208,0.0,0.0,0.0,0.0,0.0,0.0,0.0,0.0,0.0,ok,straight,3.6152,9.6021,12.2503,2.8374,5.5867,7.3781,True,"[-0.0653, -0.0653, -0.1305, -0.1958]","[-315.0421, -1139.7461, -4253.3304, -20666.2257]","[-2058089.8734, -3059231.2845, -3062344.8688, -3078757.7641]","[7.616, 7.141, 8.33, 7.153]","[[[3.5431, 0.0], [6.5412, 0.0], [8.5399, -0.0653], [10.9669, 0.0], [15.107, -0.1305], [17.3913, -0.1305]], [[3.5431, 0.0], [6.5412, 0.0], [8.5399, -0.0653], [10.9669, 0.0], [16.5347, 0.1305], [18.8189, -0.1305]], [[3.5431, 0.0], [6.5412, 0.0], [8.5399, -0.0653], [10.9669, 0.0], [15.9636, -0.1305], [12.2517, -0.2611]], [[3.5431, 0.0], [6.5412, 0.0], [8.5399, -0.0653], [10.9669, 0.0], [15.6781, 0.3916], [41.0903, 0.3916]]]",0.484,0.0,0.0,0.0,0.0,0.0,0.0,True,"[4, 4, 4]",0.0,0.0,0.0,7.1406,4.0,3.6152,9.6021,11.5365,2.8374,5.5867,7.1406,"[[3.543, 0.0], [6.541, 0.0], [8.54, -0.065], [10.967, 0.0], [15.821, 0.0], [18.105, -0.131]]",ok,8.3299,0.0,0.0,0.0,0.0,0.0,0.0,0.0,0.0,0.0,568a082ce58a4b4e81df3974e7ff34de,scene-0036,42
2.7967,3.687,6.7832,1.8537,2.5349,3.5299,0.0,0.0,0.0,0.0,0.0,0.0,0.0,0.0,0.0,ok,straight,1.2267,3.3087,0.7868,0.8546,1.7323,1.8077,True,"[-0.4569, -0.0, -0.0653, -0.5222]","[-13837.2119, -19362.3719, -50610.3479, -532882.6166]","[-1830484.1601, -1836009.3201, -1867257.2962, -2349529.5649]","[2.12, 2.995, 3.115, 8.965]","[[[4.1141, 0.0], [8.9682, -0.0653], [13.3939, -0.3264], [23.8157, -0.0653], [23.1019, 0.3916], [26.5282, 0.9138]], [[4.1141, 0.0], [8.9682, -0.0653], [13.3939, -0.3264], [23.8157, -0.0653], [20.8176, 0.0], [23.3874, 0.0]], [[4.1141, 0.0], [8.9682, -0.0653], [13.3939, -0.3264], [23.8157, -0.0653], [19.39, 0.2611], [36.2362, -0.1305]], [[4.1141, 0.0], [8.9682, -0.0653], [13.3939, -0.3264], [23.8157, -0.0653], [69.6432, 0.2611], [32.2388, -1.0444]]]",2.7214,0.0,0.0,0.0,0.0,0.0,0.0,False,"[4, 4, 4]",0.0,0.0,0.0,2.1202,4.0,1.2267,3.3087,3.77,0.8546,1.7323,2.1202,"[[4.114, 0.0], [8.968, -0.065], [13.394, -0.326], [23.816, -0.065], [21.96, 0.261], [29.384, -0.065]]",ok,8.9651,0.0,0.0,0.0,0.0,0.0,0.0,0.0,0.0,0.0,63da0bd557fe4de0bd2b76c77e9f7fa3,scene-0036,42
0.6185,0.4639,0.6346,0.3367,0.4071,0.4068,0.0,0.0,0.0,0.0,0.0,0.0,0.0,0.0,0.0,ok,left,0.3281,0.4322,1.6383,0.2566,0.7107,1.8652,False,"[2.2846, 1.436, 8.2899, 2.611]","[-1118.4824, -8979.545, -36217.1995, -53975.8429]","[-2417963.3693, -2425824.4319, -2453062.0864, -2470820.7299]","[0.704, 2.225, 5.293, 2.976]","[[[2.5437, 0.0], [4.828, 0.718], [6.2556, 0.5875], [10.8241, 2.2193], [13.6794, 3.7859], [15.3926, 4.5692]], [[2.5437, 0.0], [4.828, 0.718], [6.2556, 0.5875], [10.8241, 2.2193], [16.5347, 1.6971], [9.682, 2.8721]], [[2.5437, 0.0], [4.828, 0.718], [6.2556, 0.5875], [10.8241, 2.2193], [22.2453, 16.5798], [23.1019, 16.5798]], [[2.5437, 0.0], [4.828, 0.718], [6.2556, 0.5875], [10.8241, 2.2193], [14.8215, 16.5798], [14.536, 5.222]]]",1.6563,0.0,0.0,0.0,0.0,0.0,0.0,False,"[4, 4, 4]",0.0,0.0,0.0,0.7036,4.0,0.3281,0.4322,1.201,0.2566,0.7107,0.7036,"[[2.544, 0.0], [4.828, 0.718], [6.256, 0.587], [10.824, 2.219], [15.678, 10.183], [14.964, 4.896]]",ok,5.2934,0.0,0.0,0.0,0.0,0.0,0.0,0.0,0.0,0.0,0f39f34febc84a6689f08599105d1421,scene-0038,42
1.7382,4.4915,6.0844,1.3345,2.5726,3.5919,0.0,0.0,0.0,0.0,0.0,0.0,0.0,0.0,0.0,ok,straight,2.0235,3.3541,6.9541,1.5485,2.2163,3.6657,False,"[-0.0653, -0.718, -0.2611, -1.1749]","[-169.5106, -1030.5778, -1191.3325, -3889.3715]","[-828311.4219, -1829344.1448, -1829504.8995, -1832202.9385]","[3.783, 3.584, 4.074, 2.264]","[[[2.972, 0.0], [6.2556, 0.0], [9.8247, -0.1305], [13.3939, 0.0653], [15.3926, -0.1305], [18.2479, -0.1305]], [[2.972, 0.0], [6.2556, 0.0], [9.8247, -0.1305], [13.3939, 0.0653], [15.107, -0.5222], [19.9611, 1.436]], [[2.972, 0.0], [6.2556, 0.0], [9.8247, -0.1305], [13.3939, 0.0653], [13.9649, -0.1305], [17.9623, 0.5222]], [[2.972, 0.0], [6.2556, 0.0], [9.8247, -0.1305], [13.3939, 0.0653], [23.1019, -0.2611], [28.2414, -2.3499]]]",0.6933,0.0,0.0,0.0,0.0,0.0,0.0,True,"[4, 4, 4]",0.0,0.0,0.0,2.2638,4.0,2.0235,3.3541,3.0401,1.5485,2.2163,2.2638,"[[2.972, 0.0], [6.256, 0.0], [9.825, -0.131], [13.394, 0.065], [15.25, -0.196], [19.104, 0.196]]",ok,4.0741,0.0,0.0,0.0,0.0,0.0,0.0,0.0,0.0,0.0,3f649706222f4d83aa0a8a1b687f29fa,scene-0038,42
3.4939,5.8767,9.6344,2.7655,4.2763,5.6171,0.0,0.0,0.0,0.0,0.0,0.0,0.0,0.0,0.0,ok,straight,3.4939,6.0188,8.9387,2.6228,4.1336,5.3842,True,"[-0.0, -0.0, -0.3264, -0.0653]","[-60.8587, -97.2927, -2362.1858, -4979.2964]","[-1237022.1886, -1237022.2067, -2239386.0, -2242003.1106]","[5.428, 5.333, 5.495, 5.82]","[[[3.4003, 0.0], [6.2556, 0.0], [8.9682, 0.1305], [12.109, -0.0653], [15.3926, 0.0], [17.3913, 0.0]], [[3.4003, 0.0], [6.2556, 0.0], [8.9682, 0.1305], [12.109, -0.0653], [15.6781, 0.0], [17.6768, 0.0]], [[3.4003, 0.0], [6.2556, 0.0], [8.9682, 0.1305], [12.109, -0.0653], [17.1058, 0.2611], [15.3926, 0.6527]], [[3.4003, 0.0], [6.2556, 0.0], [8.9682, 0.1305], [12.109, -0.0653], [11.3952, 0.3916], [19.1045, 0.1305]]]",0.1829,0.0,0.0,0.0,0.0,0.0,0.0,True,"[3, 4, 4]",0.0,0.0,0.0,5.3334,4.0,3.4939,6.0188,8.7874,2.6228,4.1336,5.3334,"[[3.4, 0.0], [6.256, 0.0], [8.968, 0.131], [12.109, -0.065], [15.535, 0.131], [17.534, 0.065]]",ok,5.8199,0.0,0.0,0.0,0.0,0.0,0.0,0.0,0.0,0.0,e73a59216865449ab48d31a0880664aa,scene-0038,42
3.2224,5.6046,9.7583,2.4118,3.7463,5.4787,0.0,0.0,0.0,0.0,0.0,0.0,0.0,0.0,0.0,ok,right,3.6344,7.3194,7.2536,2.262,5.7477,6.2738,False,"[1.5666, 2.1541, -8.2899, 2.2193]","[-38674.1902, -38743.8395, -58047.2477, -210557.0043]","[-2271370.7302, -2271440.3795, -2290743.7877, -2443253.5443]","[6.853, 5.731, 9.756, 9.637]","[[[3.2576, -0.1305], [4.6852, -0.4569], [8.8254, 8.3552], [9.8247, -0.5222], [12.8228, -2.4804], [15.3926, -3.1332]], [[3.2576, -0.1305], [4.6852, -0.4569], [8.8254, 8.3552], [9.8247, -0.5222], [14.2505, -2.8721], [21.1032, -4.3081]], [[3.2576, -0.1305], [4.6852, -0.4569], [8.8254, 8.3552], [9.8247, -0.5222], [11.1096, -3.0026], [15.3926, 16.5798]], [[3.2576, -0.1305], [4.6852, -0.4569], [8.8254, 8.3552], [9.8247, -0.5222], [14.536, 16.5798], [35.3797, -4.4387]]]",1.7486,0.0,0.0,0.0,0.0,0.0,0.0,False,"[4, 4, 4]",0.0,0.0,0.0,5.7307,4.0,3.6344,7.3194,4.7232,2.262,5.7477,5.7307,"[[3.258, -0.131], [4.685, -0.457], [8.825, 8.355], [9.825, -0.522], [13.537, -2.676], [18.248, -3.721]]",ok,9.7563,0.0,0.0,0.0,0.0,0.0,0.0,0.0,0.0,0.0,5bb77a2ff3d44094b691ba239cbab83a,scene-0038,42
2.2913,6.8789,12.0655,1.5664,3.6802,5.9924,0.0,0.0,0.0,0.0,0.0,0.0,0.0,0.0,0.0,ok,straight,1.7203,5.5926,10.4954,1.2095,3.1089,4.9931,True,"[-0.0653, -0.0653, -0.0653, -0.5222]","[-720.0106, -1326.2156, -1346.255, -1412.9128]","[-756419.7356, -1757748.2492, -1757768.2886, -1757834.9464]","[5.612, 6.04, 4.041, 4.384]","[[[2.972, 0.0], [5.9701, 0.0], [7.6833, -0.1305], [11.2524, -0.0653], [12.5373, -0.1305], [14.8215, -0.1305]], [[2.972, 0.0], [5.9701, 0.0], [7.6833, -0.1305], [11.2524, -0.0653], [11.3952, -0.1305], [13.3939, -0.1305]], [[2.972, 0.0], [5.9701, 0.0], [7.6833, -0.1305], [11.2524, -0.0653], [17.3913, 0.0], [19.39, -0.1305]], [[2.972, 0.0], [5.9701, 0.0], [7.6833, -0.1305], [11.2524, -0.0653], [16.8202, -0.2611], [17.9623, 1.0444]]]",0.8296,0.0,0.0,0.0,0.0,0.0,0.0,True,"[4, 4, 4]",0.0,0.0,0.0,4.041,4.0,1.7203,5.5926,7.4985,1.2095,3.1089,4.041,"[[2.972, 0.0], [5.97, 0.0], [7.683, -0.131], [11.252, -0.065], [14.679, -0.131], [16.392, -0.131]]",ok,6.0397,0.0,0.0,0.0,0.0,0.0,0.0,0.0,0.0,0.0,15c59626df6b4f96bb7ef7c5c1797159,scene-0039,42
2.6474,6.3513,9.1455,1.6816,3.1425,5.0577,0.0,0.0,0.0,0.0,0.0,0.0,0.0,0.0,0.0,ok,straight,2.5113,6.6396,9.4378,1.4709,3.4303,5.0129,True,"[-0.0, -0.4569, -0.3916, -0.0]","[-28.0079, -1838.7529, -8152.0863, -168718.8367]","[-1290182.4675, -2292022.8376, -2298336.1709, -2458902.9214]","[5.345, 4.402, 6.064, 10.192]","[[[4.5424, 0.0], [8.6826, 0.1305], [12.68, 0.0], [16.5347, 0.1305], [20.8176, 0.0], [25.9572, 0.0]], [[4.5424, 0.0], [8.6826, 0.1305], [12.68, 0.0], [16.5347, 0.1305], [24.244, -0.2611], [28.2414, 0.9138]], [[4.5424, 0.0], [8.6826, 0.1305], [12.68, 0.0], [16.5347, 0.1305], [15.9636, 0.0], [26.5282, 0.7833]], [[4.5424, 0.0], [8.6826, 0.1305], [12.68, 0.0], [16.5347, 0.1305], [29.3835, -14.6216], [2.8293, 0.0]]]",2.211,0.0,0.0,0.0,0.0,0.0,0.0,True,"[4, 4, 4]",0.0,0.0,0.0,4.4024,4.0,2.5113,6.6396,7.4841,1.4709,3.4303,4.4024,"[[4.542, 0.0], [8.683, 0.131], [12.68, 0.0], [16.535, 0.131], [22.531, -0.131], [26.243, 0.392]]",ok,10.1919,0.0,0.0,0.0,0.0,0.0,0.0,0.0,0.0,0.0,821df5bcd0744d7280b23e6284fb8396,scene-0039,42
4.8796,9.4457,13.0635,3.7553,6.0065,8.1272,0.0,0.0,0.0,0.0,0.0,0.0,0.0,0.0,0.0,ok,straight,4.0231,8.5889,12.776,3.1842,5.3996,7.4605,True,"[-0.1305, -0.2611, -0.2611, -0.0]","[-271.8313, -173.0093, -376.5319, -681.169]","[-753177.2142, -753177.9015, -753178.9698, -1753859.2295]","[7.723, 7.724, 7.248, 5.581]","[[[3.4003, 0.0], [7.3977, -0.0653], [10.3958, -0.0653], [13.9649, -0.0653], [16.2492, -0.1305], [19.9611, -0.2611]], [[3.4003, 0.0], [7.3977, -0.0653], [10.3958, -0.0653], [13.9649, -0.0653], [16.5347, 0.0], [19.6755, 0.5222]], [[3.4003, 0.0], [7.3977, -0.0653], [10.3958, -0.0653], [13.9649, -0.0653], [18.5334, -0.1305], [20.5321, -0.5222]], [[3.4003, 0.0], [7.3977, -0.0653], [10.3958, -0.0653], [13.9649, -0.0653], [21.1032, 0.0], [27.9559, 0.0]]]",0.8808,0.0,0.0,0.0,0.0,0.0,0.0,True,"[4, 4, 4]",0.0,0.0,0.0,5.5807,4.0,4.0231,8.5889,5.066,3.1842,5.3996,5.5807,"[[3.4, 0.0], [7.398, -0.065], [10.396, -0.065], [13.965, -0.065], [17.534, -0.065], [20.247, -0.131]]",ok,7.7239,0.0,0.0,0.0,0.0,0.0,0.0,0.0,0.0,0.0,eb0676ccc9bd45149ae65119cb8d5e7b,scene-0039,42
0.1046,2.0407,5.5753,0.074,0.9559,2.0026,0.0,0.0,0.0,0.0,0.0,0.0,0.0,0.0,0.0,ok,straight,0.1957,2.0407,5.0114,0.1595,1.5303,2.371,False,"[-0.3916, -1.1097, -1.3708, -8.2899]","[-3952.1338, -5331.6738, -5337.3095, -15521.6199]","[-2131795.401, -2133174.941, -2133180.5767, -2143364.8871]","[2.339, 1.487, 2.456, 4.83]","[[[4.3997, 0.0], [8.2543, 0.1305], [16.1064, 0.1305], [18.2479, 0.3916], [22.2453, 0.7833], [29.098, 0.7833]], [[4.3997, 0.0], [8.2543, 0.1305], [16.1064, 0.1305], [18.2479, 0.3916], [18.2479, 1.1749], [24.5295, 2.2193]], [[4.3997, 0.0], [8.2543, 0.1305], [16.1064, 0.1305], [18.2479, 0.3916], [23.6729, 2.8721], [27.9559, 2.7415]], [[4.3997, 0.0], [8.2543, 0.1305], [16.1064, 0.1305], [18.2479, 0.3916], [26.5282, 2.4804], [29.6691, 16.5798]]]",1.2422,0.0,0.0,0.0,0.0,0.0,0.0,False,"[4, 4, 4]",0.0,0.0,0.0,1.4873,4.0,0.1957,2.0407,1.1095,0.1595,1.5303,1.4873,"[[4.4, 0.0], [8.254, 0.131], [16.106, 0.131], [18.248, 0.392], [22.959, 1.828], [28.527, 2.48]]",ok,4.8297,0.0,0.0,0.0,0.0,0.0,0.0,0.0,0.0,0.0,f69afa3eed11447eb559f49c325f02d7,scene-0039,42
1.8453,4.6725,6.8207,1.3201,2.7658,3.9185,0.0,0.0,0.0,0.0,0.0,0.0,0.0,0.0,0.0,ok,straight,1.8453,2.8176,5.8596,1.392,2.5522,5.2339,False,"[-1.3055, -0.0653, -0.718, -0.1305]","[-1651.9527, -2902.2304, -182185.5749, -720524.9874]","[-1782968.1577, -1784218.4354, -1963501.7799, -2501841.1924]","[3.113, 3.776, 6.225, 12.628]","[[[4.6852, -0.0653], [9.3964, 0.0], [15.107, -0.1305], [16.963, -0.1958], [20.8176, 0.1305], [25.9572, -2.611]], [[4.6852, -0.0653], [9.3964, 0.0], [15.107, -0.1305], [16.963, -0.1958], [23.3874, -0.1305], [27.9559, -0.1305]], [[4.6852, -0.0653], [9.3964, 0.0], [15.107, -0.1305], [16.963, -0.1958], [42.8034, -0.1305], [22.8163, -1.436]], [[4.6852, -0.0653], [9.3964, 0.0], [15.107, -0.1305], [16.963, -0.1958], [69.6432, -0.1305], [34.8086, -0.2611]]]",3.7582,0.0,0.0,0.0,0.0,0.0,0.0,False,"[4, 4, 4]",0.0,0.0,0.0,3.113,4.0,1.8453,2.8176,5.4006,1.392,2.5522,3.113,"[[4.685, -0.065], [9.396, 0.0], [15.107, -0.131], [16.963, -0.196], [33.095, -0.131], [26.957, -0.849]]",ok,12.6275,0.0,0.0,0.0,0.0,0.0,0.0,0.0,0.0,0.0,8e46878ced734164aae0e83567aa02a5,scene-0092,42
1.0521,1.813,2.2309,0.7773,1.1765,1.4966,0.0,0.0,0.0,0.0,0.0,0.0,0.0,0.0,0.0,ok,straight,2.9067,1.5275,0.442,1.8472,1.64,1.7454,False,"[-0.1305, -0.1958, -0.2611, -1.1097]","[-1213.0794, -2799.8292, -6313.6023, -989965.2745]","[-2555979.226, -2557565.9759, -2561079.7489, -3544731.4211]","[1.806, 1.371, 2.118, 11.515]","[[[4.5424, 0.0], [10.3958, -0.0653], [12.5373, -0.0653], [16.5347, -0.1305], [20.8176, -0.1305], [24.8151, -0.2611]], [[4.5424, 0.0], [10.3958, -0.0653], [12.5373, -0.0653], [16.5347, -0.1305], [17.6768, -0.2611], [23.1019, -0.3916]], [[4.5424, 0.0], [10.3958, -0.0653], [12.5373, -0.0653], [16.5347, -0.1305], [23.6729, 0.0], [21.3887, -0.5222]], [[4.5424, 0.0], [10.3958, -0.0653], [12.5373, -0.0653], [16.5347, -0.1305], [69.6432, 0.3916], [11.1096, -2.2193]]]",4.2302,0.0,0.0,0.0,0.0,0.0,0.0,False,"[4, 4, 4]",0.0,0.0,0.0,1.3709,4.0,2.9067,1.5275,0.5597,1.8472,1.64,1.3709,"[[4.542, 0.0], [10.396, -0.065], [12.537, -0.065], [16.535, -0.131], [22.245, -0.065], [22.245, -0.457]]",ok,11.5146,0.0,0.0,0.0,0.0,0.0,0.0,0.0,0.0,0.0,0b47858110f442afa33226467f596df7,scene-0092,42
0.922,1.8243,2.6958,0.6953,1.1584,1.5398,0.0,0.0,0.0,0.0,0.0,0.0,0.0,0.0,0.0,ok,straight,1.0644,2.3968,1.8378,0.8379,1.5507,1.8486,False,"[-0.0653, -0.0653, -0.0653, -8.2899]","[-106.7741, -296.8937, -1313.4666, -752756.2326]","[-867384.0067, -1867682.0565, -1868698.6295, -2620141.3955]","[1.801, 1.81, 1.898, 12.588]","[[[4.3997, 0.0], [8.6826, -0.0653], [13.2511, -0.0653], [17.3913, 0.0653], [20.5321, -0.1305], [24.8151, -0.1305]], [[4.3997, 0.0], [8.6826, -0.0653], [13.2511, -0.0653], [17.3913, 0.0653], [19.6755, 0.1305], [18.5334, 0.1305]], [[4.3997, 0.0], [8.6826, -0.0653], [13.2511, -0.0653], [17.3913, 0.0653], [22.8163, -0.1305], [23.1019, 0.1305]], [[4.3997, 0.0], [8.6826, -0.0653], [13.2511, -0.0653], [17.3913, 0.0653], [69.6432, -0.1305], [29.9546, -16.5798]]]",4.6557,0.0,0.0,0.0,0.0,0.0,0.0,True,"[4, 4, 4]",0.0,0.0,0.0,1.8014,4.0,1.0644,2.3968,2.6958,0.8379,1.5507,1.8014,"[[4.4, 0.0], [8.683, -0.065], [13.251, -0.065], [17.391, 0.065], [21.674, -0.131], [23.958, 0.0]]",ok,12.5881,0.0,0.0,0.0,0.0,0.0,0.0,0.0,0.0,0.0,47d74378d3e04fa6bb3132928c0f9fa4,scene-0092,42
1.7691,2.1335,1.7668,1.5358,1.7728,1.8162,0.0,0.0,0.0,0.0,0.0,0.0,0.0,0.0,0.0,ok,straight,1.7679,2.2762,0.7808,1.5352,1.7011,1.6997,True,"[-0.0, -0.1305, -0.1305, -0.3916]","[-201.1645, -189.668, -3093.6125, -711509.4686]","[-512368.5482, -512369.4658, -1515463.8882, -2223879.7443]","[1.488, 1.768, 2.383, 11.153]","[[[4.2569, 0.0], [8.5399, -0.0653], [12.109, -0.1305], [16.963, -0.1958], [20.5321, 0.0], [22.8163, 0.0]], [[4.2569, 0.0], [8.5399, -0.0653], [12.109, -0.1305], [16.963, -0.1958], [20.8176, -0.1305], [24.8151, -0.2611]], [[4.2569, 0.0], [8.5399, -0.0653], [12.109, -0.1305], [16.963, -0.1958], [21.9598, 0.5222], [18.8189, -0.2611]], [[4.2569, 0.0], [8.5399, -0.0653], [12.109, -0.1305], [16.963, -0.1958], [69.6432, -0.2611], [32.2388, 0.7833]]]",4.0285,0.0,0.0,0.0,0.0,0.0,0.0,True,"[4, 4, 4]",0.0,0.0,0.0,1.4882,4.0,1.7679,2.2762,0.3593,1.5352,1.7011,1.4882,"[[4.257, 0.0], [8.54, -0.065], [12.109, -0.131], [16.963, -0.196], [21.389, -0.065], [23.816, -0.131]]",ok,11.1531,0.0,0.0,0.0,0.0,0.0,0.0,0.0,0.0,0.0,a9e6b3566fcd4effb8847e22a2a4577e,scene-0092,42
2.1746,3.6293,6.6966,1.7768,2.4512,3.5741,0.0,0.0,0.0,0.0,0.0,0.0,0.0,0.0,0.0,ok,right,1.8862,3.5991,7.2338,1.49,2.2293,3.2418,True,"[0.1305, 0.1305, 0.0653, 0.0653]","[-63.0299, -4945.9327, -6085.1181, -7815.3766]","[-250347.6864, -1255296.2386, -1256435.424, -1258165.6824]","[3.516, 2.852, 3.012, 5.075]","[[[1.9727, 0.0], [3.9714, -0.0653], [6.2556, -0.1305], [7.6833, -0.2611], [8.5399, -0.2611], [10.253, -0.2611]], [[1.9727, 0.0], [3.9714, -0.0653], [6.2556, -0.1305], [7.6833, -0.2611], [13.1083, -0.6527], [10.253, -0.2611]], [[1.9727, 0.0], [3.9714, -0.0653], [6.2556, -0.1305], [7.6833, -0.2611], [13.1083, -0.7833], [9.1109, -0.1305]], [[1.9727, 0.0], [3.9714, -0.0653], [6.2556, -0.1305], [7.6833, -0.2611], [2.5437, 0.0], [6.5412, -0.1305]]]",0.8784,0.0,0.0,0.0,0.0,0.0,0.0,False,"[4, 4, 4]",0.0,0.0,0.0,2.8521,4.0,1.8862,3.5991,6.6966,1.49,2.2293,2.8521,"[[1.973, 0.0], [3.971, -0.065], [6.256, -0.131], [7.683, -0.261], [10.824, -0.457], [9.682, -0.196]]",ok,5.0748,0.0,0.0,0.0,0.0,0.0,0.0,0.0,0.0,0.0,6e0955c28ecb405b98d91b089761dbbb,scene-0093,42
0.9095,0.3214,1.6055,0.8889,0.731,0.8238,0.0,0.0,0.0,0.0,0.0,0.0,0.0,0.0,0.0,ok,straight,2.4765,0.4054,1.1345,1.599,1.0297,1.1448,False,"[-0.5875, -0.1958, -0.3264, -0.0653]","[-1294.6553, -1531.1554, -4097.547, -875160.2115]","[-2441686.073, -2441922.5732, -2444488.9648, -3315551.6293]","[0.958, 1.438, 1.434, 9.48]","[[[3.5431, -0.0653], [8.9682, -0.1305], [10.8241, -0.3916], [14.536, -0.4569], [18.2479, -1.0444], [21.6742, -1.1749]], [[3.5431, -0.0653], [8.9682, -0.1305], [10.8241, -0.3916], [14.536, -0.4569], [16.8202, -0.5222], [20.5321, -0.3916]], [[3.5431, -0.0653], [8.9682, -0.1305], [10.8241, -0.3916], [14.536, -0.4569], [21.9598, -1.436], [23.3874, -0.6527]], [[3.5431, -0.0653], [8.9682, -0.1305], [10.8241, -0.3916], [14.536, -0.4569], [69.6432, -0.5222], [23.6729, -0.1305]]]",3.5577,0.0,0.0,0.0,0.0,0.0,0.0,False,"[4, 4, 4]",0.0,0.0,0.0,0.9578,4.0,2.4765,0.4054,1.2927,1.599,1.0297,0.9578,"[[3.543, -0.065], [8.968, -0.131], [10.824, -0.392], [14.536, -0.457], [20.104, -0.783], [22.531, -0.522]]",ok,9.4803,0.0,0.0,0.0,0.0,0.0,0.0,0.0,0.0,0.0,7a903ae4cbb0466093fc117258a31efc,scene-0093,42
0.8541,2.7897,4.6988,0.8148,1.4212,2.2959,0.0,0.0,0.0,0.0,0.0,0.0,0.0,0.0,0.0,ok,straight,1.2823,1.3583,4.5562,1.0289,0.8861,4.8786,False,"[-0.1305, -0.1305, -0.3264, -0.0653]","[-3239.4469, -4183.2719, -706288.3616, -790213.7007]","[-2684193.5378, -2685137.3628, -3387242.4525, -3471167.7916]","[1.844, 1.986, 8.852, 10.042]","[[[4.2569, 0.0], [7.826, -0.1305], [13.6794, -0.1305], [20.3893, -0.1305], [21.1032, -0.1305], [24.8151, -0.2611]], [[4.2569, 0.0], [7.826, -0.1305], [13.6794, -0.1305], [20.3893, -0.1305], [20.5321, -0.2611], [24.5295, -0.2611]], [[4.2569, 0.0], [7.826, -0.1305], [13.6794, -0.1305], [20.3893, -0.1305], [69.6432, -0.5222], [25.1006, -0.6527]], [[4.2569, 0.0], [7.826, -0.1305], [13.6794, -0.1305], [20.3893, -0.1305], [69.6432, -0.1305], [17.9623, -0.1305]]]",3.7898,0.0,0.0,0.0,0.0,0.0,0.0,False,"[4, 4, 4]",0.0,0.0,0.0,1.8441,4.0,1.2823,1.3583,4.4135,1.0289,0.8861,1.8441,"[[4.257, 0.0], [7.826, -0.131], [13.679, -0.131], [20.389, -0.131], [45.373, -0.196], [24.672, -0.261]]",ok,10.042,0.0,0.0,0.0,0.0,0.0,0.0,0.0,0.0,0.0,349fc724f9d84aeca8afe4af49d05986,scene-0093,42
7.6537,14.4375,22.1082,5.8229,9.1683,12.8876,0.0,0.0,0.0,0.0,0.0,0.0,0.0,0.0,0.0,ok,straight,7.5109,14.2948,20.6813,5.8229,9.0256,12.0551,True,"[-0.0653, -0.0, -0.0653, -0.4569]","[-50.8909, -1316.7367, -2564.8501, -96811.6674]","[-250700.3093, -1252018.1045, -1253266.2179, -1347513.0353]","[12.697, 11.746, 12.698, 9.627]","[[[2.1154, 0.0], [4.3997, 0.0], [6.3984, -0.0653], [7.5405, -0.1305], [9.1109, -0.1305], [10.253, -0.1305]], [[2.1154, 0.0], [4.3997, 0.0], [6.3984, -0.0653], [7.5405, -0.1305], [11.9662, -0.2611], [13.1083, 0.0]], [[2.1154, 0.0], [4.3997, 0.0], [6.3984, -0.0653], [7.5405, -0.1305], [11.1096, -0.6527], [8.2543, -0.1305]], [[2.1154, 0.0], [4.3997, 0.0], [6.3984, -0.0653], [7.5405, -0.1305], [26.8138, -2.611], [13.1083, 0.9138]]]",1.2539,0.0,0.0,0.0,0.0,0.0,0.0,False,"[4, 4, 4]",0.0,0.0,0.0,9.6272,4.0,7.5109,14.2948,19.291,5.8229,9.0256,9.6272,"[[2.115, 0.0], [4.4, 0.0], [6.398, -0.065], [7.541, -0.131], [11.538, -0.457], [11.681, -0.065]]",ok,12.6981,0.0,0.0,0.0,0.0,0.0,0.0,0.0,0.0,0.0,11514e9bc4184a1f8bcdc1fe7aafad2d,scene-0093,42
2.1254,2.9421,4.8582,1.6162,2.3435,3.0043,0.0,0.0,0.0,0.0,0.0,0.0,0.0,0.0,0.0,ok,straight,2.2681,4.3705,5.7151,1.6876,2.3794,3.1235,False,"[-0.1305, -0.0653, -0.1305, -0.0]","[-2579.2497, -6226.8403, -9948.6085, -84415.2243]","[-2052426.1426, -2056073.7332, -2059795.5014, -2134262.1172]","[3.171, 3.504, 4.503, 8.651]","[[[4.2569, 0.0], [8.3971, -0.1305], [13.9649, -0.0653], [15.3926, -0.0653], [20.5321, -0.1305], [23.9585, -0.2611]], [[4.2569, 0.0], [8.3971, -0.1305], [13.9649, -0.0653], [15.3926, -0.0653], [21.6742, -0.1305], [20.8176, -0.1305]], [[4.2569, 0.0], [8.3971, -0.1305], [13.9649, -0.0653], [15.3926, -0.0653], [13.1083, -0.1305], [23.3874, -0.2611]], [[4.2569, 0.0], [8.3971, -0.1305], [13.9649, -0.0653], [15.3926, -0.0653], [22.5308, -0.6527], [69.6432, 0.0]]]",2.1879,0.0,0.0,0.0,0.0,0.0,0.0,False,"[4, 4, 4]",0.0,0.0,0.0,3.171,4.0,2.2681,4.3705,5.4292,1.6876,2.3794,3.171,"[[4.257, 0.0], [8.397, -0.131], [13.965, -0.065], [15.393, -0.065], [21.103, -0.131], [23.673, -0.196]]",ok,8.6505,0.0,0.0,0.0,0.0,0.0,0.0,0.0,0.0,0.0,19ffc60b7e9f429cbca0dbd5e2fc2e03,scene-0094,42
0.6963,1.4234,2.9609,0.5331,0.9261,1.4786,0.0,0.0,0.0,0.0,0.0,0.0,0.0,0.0,0.0,ok,straight,1.837,2.1391,1.8198,1.1746,1.3901,1.4796,False,"[-0.1305, -0.1305, -0.0, -0.0653]","[-4921.2529, -5243.9616, -5969.6305, -52897.0889]","[-2261640.3501, -2261963.0588, -2262688.7277, -2309616.1861]","[1.335, 1.409, 1.407, 4.501]","[[[4.1141, 0.0], [7.3977, -0.1305], [14.8215, -0.1305], [16.1064, 0.0], [20.5321, 0.2611], [25.6716, 0.2611]], [[4.1141, 0.0], [7.3977, -0.1305], [14.8215, -0.1305], [16.1064, 0.0], [20.8176, -0.2611], [24.8151, -0.2611]], [[4.1141, 0.0], [7.3977, -0.1305], [14.8215, -0.1305], [16.1064, 0.0], [21.3887, -0.1305], [24.244, 0.0]], [[4.1141, 0.0], [7.3977, -0.1305], [14.8215, -0.1305], [16.1064, 0.0], [5.6846, 0.3916], [21.3887, -0.1305]]]",1.3501,0.0,0.0,0.0,0.0,0.0,0.0,False,"[4, 4, 4]",0.0,0.0,0.0,1.3354,4.0,1.837,2.1391,0.7803,1.1746,1.3901,1.3354,"[[4.114, 0.0], [7.398, -0.131], [14.822, -0.131], [16.106, 0.0], [20.675, 0.065], [24.53, -0.065]]",ok,4.5009,0.0,0.0,0.0,0.0,0.0,0.0,0.0,0.0,0.0,ac22e12d11f84b6a98faa260bdaa64ff,scene-0094,42
0.7688,2.134,6.3582,0.5725,1.2316,2.4858,0.0,0.0,0.0,0.0,0.0,0.0,0.0,0.0,0.0,ok,straight,11.3285,2.9922,5.215,5.9949,4.3714,5.1022,False,"[-0.1305, -0.0653, -0.1958, -8.2899]","[-46992.2927, -47427.9253, -50843.4169, -997433.2864]","[-2670933.3542, -2671368.9868, -2674784.4784, -3621374.348]","[4.389, 5.673, 5.151, 14.868]","[[[3.9714, 0.0], [17.9623, -0.1305], [11.9662, -0.1305], [15.107, -0.1958], [18.2479, -0.1305], [22.2453, -0.2611]], [[3.9714, 0.0], [17.9623, -0.1305], [11.9662, -0.1305], [15.107, -0.1958], [22.2453, -0.1305], [25.9572, -0.1305]], [[3.9714, 0.0], [17.9623, -0.1305], [11.9662, -0.1305], [15.107, -0.1958], [22.8163, -0.1305], [22.2453, -0.3916]], [[3.9714, 0.0], [17.9623, -0.1305], [11.9662, -0.1305], [15.107, -0.1958], [69.6432, 0.0], [17.3913, 16.5798]]]",4.267,0.0,0.0,0.0,0.0,0.0,0.0,False,"[4, 4, 4]",0.0,0.0,0.0,4.3887,4.0,11.3285,2.9922,5.2164,5.9949,4.3714,4.3887,"[[3.971, 0.0], [17.962, -0.131], [11.966, -0.131], [15.107, -0.196], [22.531, -0.131], [22.245, -0.196]]",ok,14.8684,0.0,0.0,0.0,0.0,0.0,0.0,0.0,0.0,0.0,894616d89edf41b8bbfd542a150e8fbd,scene-0094,42
1.9936,4.6293,6.9178,1.5077,2.8405,3.9973,0.0,0.0,0.0,0.0,0.0,0.0,0.0,0.0,0.0,ok,straight,2.4219,6.7749,8.3545,2.0073,3.8411,4.7849,False,"[-0.0, -0.1958, -0.1305, -0.2611]","[-1024.5794, -3025.3431, -3260.8797, -5181.4092]","[-3130636.3702, -3132637.1339, -3132872.6706, -3134793.2]","[4.664, 5.903, 3.006, 4.905]","[[[2.8293, 0.0], [4.6852, 0.0], [7.6833, 0.0653], [10.6813, 0.1958], [10.253, 0.0], [11.9662, 0.0]], [[2.8293, 0.0], [4.6852, 0.0], [7.6833, 0.0653], [10.6813, 0.1958], [11.1096, 0.0], [18.5334, 0.3916]], [[2.8293, 0.0], [4.6852, 0.0], [7.6833, 0.0653], [10.6813, 0.1958], [6.8267, 0.0], [4.828, 0.2611]], [[2.8293, 0.0], [4.6852, 0.0], [7.6833, 0.0653], [10.6813, 0.1958], [8.8254, 0.0], [14.8215, 0.5222]]]",1.0408,0.0,0.0,1.0,0.0,0.0,1.0,False,"[4, 4, 4]",0.0,0.0,0.16666666666666666,3.0065,4.0,2.4219,6.7749,0.3961,2.0073,3.8411,3.0065,"[[2.829, 0.0], [4.685, 0.0], [7.683, 0.065], [10.681, 0.196], [9.539, 0.0], [13.394, 0.326]]",ok,5.903,0.0,0.0,1.0,0.0,0.0,1.0,0.0,0.0,0.16666666666666666,5e75205506604b6a992c08ce91a92d22,scene-0094,42
1.1161,2.5437,3.4003,0.6878,1.4016,1.9251,0.0,0.0,0.0,0.0,0.0,0.0,0.0,0.0,0.0,ok,straight,1.4016,2.6865,4.9707,0.9046,1.6171,2.6874,False,"[-0.0, -0.2611, -0.0, -0.0]","[-101.3849, -556.5734, -1457.4351, -1778.3444]","[-1045295.1666, -1045298.1515, -2046754.4732, -2047075.3824]","[2.069, 3.309, 2.334, 3.307]","[[[0.4023, -0.0653], [1.4016, 0.0], [1.9727, 0.0], [2.6865, 0.0], [2.5437, 0.0], [3.4003, 0.0]], [[0.4023, -0.0653], [1.4016, 0.0], [1.9727, 0.0], [2.6865, 0.0], [5.9701, -0.1305], [7.3977, 0.5222]], [[0.4023, -0.0653], [1.4016, 0.0], [1.9727, 0.0], [2.6865, 0.0], [3.4003, -2.3499], [3.4003, 0.0]], [[0.4023, -0.0653], [1.4016, 0.0], [1.9727, 0.0], [2.6865, 0.0], [6.8267, 0.2611], [6.5412, 0.0]]]",0.5613,0.0,0.0,0.0,0.0,0.0,0.0,True,"[4, 4, 4]",0.0,0.0,0.0,2.0687,4.0,1.4016,2.6865,3.4003,0.9046,1.6171,2.0687,"[[0.402, -0.065], [1.402, 0.0], [1.973, 0.0], [2.686, 0.0], [4.685, -0.065], [4.971, 0.0]]",ok,3.3093,0.0,1.0,1.0,0.0,1.0,1.0,0.0,0.5,0.6666666666666666,78be3bd5f1f146cdb1b7120bbf8a218c,scene-0095,42
1.1161,2.5437,3.4003,0.6878,1.4016,2.0678,0.0,0.0,0.0,0.0,0.0,0.0,0.0,0.0,0.0,ok,straight,1.4016,3.1148,3.2576,1.1161,2.0084,2.401,False,"[-0.0, -0.0, -0.0, -0.0]","[-67.6157, -74.0614, -1104.3255, -1177.5969]","[-690858.1197, -690858.1317, -1691963.45, -1692036.7214]","[2.472, 2.425, 1.854, 3.091]","[[[0.8306, 0.0], [1.4016, 0.0], [2.6865, 0.0], [3.1148, 0.0], [3.4003, 0.0], [3.4003, 0.0]], [[0.8306, 0.0], [1.4016, 0.0], [2.6865, 0.0], [3.1148, 0.0], [3.4003, 0.1305], [3.1148, 0.0]], [[0.8306, 0.0], [1.4016, 0.0], [2.6865, 0.0], [3.1148, 0.0], [0.8306, 0.0], [2.2582, 0.0]], [[0.8306, 0.0], [1.4016, 0.0], [2.6865, 0.0], [3.1148, 0.0], [2.8293, 0.0], [7.6833, 0.0]]]",0.4379,0.0,0.0,0.0,0.0,0.0,0.0,True,"[4, 4, 4]",0.0,0.0,0.0,1.8537,4.0,1.4016,3.1148,2.2582,1.1161,2.0084,1.8537,"[[0.831, 0.0], [1.402, 0.0], [2.686, 0.0], [3.115, 0.0], [3.115, 0.0], [3.258, 0.0]]",ok,3.091,0.0,1.0,1.0,0.0,1.0,1.0,0.0,0.5,0.6666666666666666,ff98be19bcf9436cad14f28ff63cb501,scene-0095,42
1.6871,3.1148,3.6858,1.2588,1.9727,2.4961,0.0,0.0,0.0,0.0,0.0,0.0,0.0,0.0,0.0,ok,straight,1.4016,3.1148,4.1147,1.0447,1.9013,2.6629,False,"[-0.0, -0.3264, -0.0653, -0.0]","[-10.6672, -101.4655, -1019.7477, -1033.5438]","[-704296.5306, -704299.1427, -1705318.0971, -1705331.8931]","[2.449, 2.552, 2.544, 3.258]","[[[0.6878, 0.0], [1.4016, 0.0], [2.401, 0.0], [3.1148, 0.0], [3.4003, 0.0], [3.6858, 0.0]], [[0.6878, 0.0], [1.4016, 0.0], [2.401, 0.0], [3.1148, 0.0], [3.1148, -0.1305], [4.5424, -0.6527]], [[0.6878, 0.0], [1.4016, 0.0], [2.401, 0.0], [3.1148, 0.0], [5.1135, 0.0], [2.5437, -0.1305]], [[0.6878, 0.0], [1.4016, 0.0], [2.401, 0.0], [3.1148, 0.0], [6.2556, -0.1305], [5.6846, 0.0]]]",0.3242,0.0,0.0,0.0,0.0,0.0,0.0,True,"[4, 4, 4]",0.0,0.0,0.0,2.4486,4.0,1.4016,3.1148,3.6858,1.0447,1.9013,2.4486,"[[0.688, 0.0], [1.402, 0.0], [2.401, 0.0], [3.115, 0.0], [4.257, -0.065], [4.114, -0.065]]",ok,3.2578,0.0,1.0,1.0,0.0,1.0,1.0,0.0,0.5,0.6666666666666666,4b6fcdc1549847c395d07fefcbdc16eb,scene-0095,42
1.1161,2.5394,3.4139,0.9733,1.6147,2.1828,0.0,0.0,0.0,0.0,0.0,0.0,0.0,0.0,0.0,ok,straight,1.4016,2.825,2.8428,1.473,1.9359,2.159,True,"[-0.0, -0.0, -0.0, -0.0]","[-120.1108, -122.1979, -425.4368, -1302.3231]","[-1072721.842, -1072721.8463, -1072722.4732, -2074024.9349]","[2.302, 3.111, 1.779, 1.921]","[[[1.5444, 0.0], [1.4016, 0.0], [1.9727, 0.0], [2.8293, 0.0], [3.4003, 0.0], [3.4003, 0.0]], [[1.5444, 0.0], [1.4016, 0.0], [1.9727, 0.0], [2.8293, 0.0], [4.5424, 0.0], [7.1122, 0.0]], [[1.5444, 0.0], [1.4016, 0.0], [1.9727, 0.0], [2.8293, 0.0], [1.6871, 0.1305], [1.9727, 0.0]], [[1.5444, 0.0], [1.4016, 0.0], [1.9727, 0.0], [2.8293, 0.0], [1.1161, 0.0], [3.4003, 0.0]]]",0.5173,0.0,0.0,0.0,0.0,0.0,0.0,True,"[4, 4, 4]",0.0,0.0,0.0,1.7792,4.0,1.4016,2.825,1.4152,1.473,1.9359,1.7792,"[[1.544, 0.0], [1.402, 0.0], [1.973, 0.0], [2.829, 0.0], [2.544, 0.0], [3.4, 0.0]]",ok,3.1108,0.0,0.0,0.0,0.0,0.0,0.0,0.0,0.0,0.0,65c8d9839556423b87a4edffb70b434a,scene-0095,42
1.1382,0.1038,2.4227,0.7781,0.6698,0.8859,0.0,0.0,0.0,0.0,0.0,0.0,0.0,0.0,0.0,ok,straight,0.7099,0.3185,2.424,5.6321,3.1865,2.8003,False,"[-0.0653, -0.0653, -0.0, -0.0653]","[-34937.2204, -35030.9054, -40908.1307, -77999.3414]","[-3321971.6232, -3322065.3082, -3327942.5335, -3365033.7441]","[2.326, 2.546, 3.181, 4.23]","[[[11.8235, 0.0], [3.2576, 0.0], [5.5418, -0.0653], [6.2556, -0.1305], [9.3964, 0.0], [12.2517, -0.1305]], [[11.8235, 0.0], [3.2576, 0.0], [5.5418, -0.0653], [6.2556, -0.1305], [8.8254, -0.1305], [9.1109, -0.1305]], [[11.8235, 0.0], [3.2576, 0.0], [5.5418, -0.0653], [6.2556, -0.1305], [11.6807, -0.1305], [7.9688, 0.0]], [[11.8235, 0.0], [3.2576, 0.0], [5.5418, -0.0653], [6.2556, -0.1305], [19.1045, -0.2611], [9.1109, 0.1305]]]",0.7394,0.0,0.0,0.0,0.0,0.0,0.0,False,"[4, 4, 4]",0.0,0.0,0.0,2.3262,4.0,0.7099,0.3185,0.7183,5.6321,3.1865,2.3262,"[[11.823, 0.0], [3.258, 0.0], [5.542, -0.065], [6.256, -0.131], [10.539, -0.131], [9.111, -0.065]]",ok,4.2305,0.0,0.0,0.0,0.0,0.0,0.0,0.0,0.0,0.0,f9475d1f1f96401c81ce511a93578a96,scene-0096,42
3.6592,8.3942,14.3307,2.7856,5.0167,7.5915,0.0,0.0,0.0,0.0,0.0,0.0,0.0,0.0,0.0,ok,straight,3.5165,5.8361,10.7607,2.7142,4.2379,6.36,True,"[-0.7833, -0.0, -0.1305, -0.5222]","[-567.6792, -2180.6877, -4547.7346, -22331.274]","[-2008981.0901, -2010594.0986, -2012961.1455, -2030744.6849]","[6.586, 7.025, 5.406, 6.736]","[[[1.6871, 0.0], [3.8286, 0.0], [6.3984, -0.1958], [10.253, -0.0653], [11.1096, -0.2611], [11.3952, -1.5666]], [[1.6871, 0.0], [3.8286, 0.0], [6.3984, -0.1958], [10.253, -0.0653], [9.1109, 0.0], [10.5386, 0.0]], [[1.6871, 0.0], [3.8286, 0.0], [6.3984, -0.1958], [10.253, -0.0653], [10.5386, 0.2611], [18.8189, 0.2611]], [[1.6871, 0.0], [3.8286, 0.0], [6.3984, -0.1958], [10.253, -0.0653], [5.1135, -0.2611], [16.2492, 1.0444]]]",0.6166,0.0,0.0,0.0,0.0,0.0,0.0,False,"[4, 4, 4]",0.0,0.0,0.0,5.4058,4.0,3.5165,5.8361,5.7712,2.7142,4.2379,5.4058,"[[1.687, 0.0], [3.829, 0.0], [6.398, -0.196], [10.253, -0.065], [9.825, -0.131], [13.822, 0.131]]",ok,7.0247,0.0,0.0,0.0,0.0,0.0,0.0,0.0,0.0,0.0,d8ff67e7cda741f0ac2d7525dd26d208,scene-0096,42
3.1539,6.7475,10.1029,2.4237,4.1549,6.0008,0.0,0.0,0.0,0.0,0.0,0.0,0.0,0.0,0.0,ok,straight,3.1539,7.3157,11.2407,2.4237,4.2963,6.2601,False,"[-0.0, -0.0653, -0.1958, -0.3264]","[-114.713, -48.3402, -512.8524, -984766.4915]","[-502371.9207, -502372.4413, -502373.4839, -2487140.1616]","[5.952, 7.282, 6.606, 11.614]","[[[3.1148, 0.0], [6.5412, 0.0], [9.3964, -0.0653], [11.6807, -0.0653], [15.107, 0.0], [17.9623, 0.0]], [[3.1148, 0.0], [6.5412, 0.0], [9.3964, -0.0653], [11.6807, -0.0653], [12.5373, -0.2611], [12.5373, -0.1305]], [[3.1148, 0.0], [6.5412, 0.0], [9.3964, -0.0653], [11.6807, -0.0653], [13.6794, 1.5666], [15.6781, 0.3916]], [[3.1148, 0.0], [6.5412, 0.0], [9.3964, -0.0653], [11.6807, -0.0653], [69.6432, -0.2611], [21.6742, -0.6527]]]",2.2157,0.0,0.0,0.0,0.0,0.0,0.0,True,"[4, 4, 4]",0.0,0.0,0.0,5.9524,4.0,3.1539,7.3157,10.1029,2.4237,4.2963,5.9524,"[[3.115, 0.0], [6.541, 0.0], [9.396, -0.065], [11.681, -0.065], [14.393, -0.131], [16.82, -0.065]]",ok,11.6139,0.0,0.0,0.0,0.0,0.0,0.0,0.0,0.0,0.0,9be682790a634b91b334b633fa43010a,scene-0096,42
1.1597,1.4542,2.2829,1.0018,1.1789,1.3765,0.0,0.0,0.0,0.0,0.0,0.0,0.0,0.0,0.0,ok,straight,0.5853,1.8855,1.1504,0.6435,1.0037,1.3087,True,"[-0.0653, -0.0653, -0.0, -0.9791]","[-403.4946, -463.6761, -2770.9969, -4161.781]","[-500503.73, -500503.7678, -1503276.2194, -1504667.0035]","[2.03, 1.26, 0.939, 1.856]","[[[3.2576, 0.0], [7.1122, -0.0653], [10.3958, 0.0], [12.3945, -0.0653], [13.3939, -0.7833], [16.5347, 0.1305]], [[3.2576, 0.0], [7.1122, -0.0653], [10.3958, 0.0], [12.3945, -0.0653], [16.2492, -0.1305], [18.2479, -0.1305]], [[3.2576, 0.0], [7.1122, -0.0653], [10.3958, 0.0], [12.3945, -0.0653], [18.8189, 0.2611], [20.5321, 0.0]], [[3.2576, 0.0], [7.1122, -0.0653], [10.3958, 0.0], [12.3945, -0.0653], [12.8228, -0.1305], [22.2453, -1.9582]]]",0.4409,0.0,0.0,0.0,0.0,0.0,0.0,True,"[4, 4, 4]",0.0,0.0,0.0,0.9394,4.0,0.5853,1.8855,0.2296,0.6435,1.0037,0.9394,"[[3.258, 0.0], [7.112, -0.065], [10.396, 0.0], [12.395, -0.065], [14.822, -0.131], [19.39, -0.065]]",ok,2.0298,0.0,0.0,0.0,0.0,0.0,0.0,0.0,0.0,0.0,1f94fe5edf784708b55707a1a7754fb9,scene-0096,42
0.026,0.026,0.026,0.026,0.026,0.026,0.0,0.0,0.0,0.0,0.0,0.0,0.0,0.0,0.0,ok,straight,0.2595,35.9507,2.1154,35.9245,27.0148,18.4533,False,"[-0.0, -0.0, -0.0, -0.0653]","[-2313332.9953, -2313505.1612, -2327229.8356, -2339225.1822]","[-9825371.4747, -9825543.6406, -9839268.315, -9851263.6616]","[18.81, 18.334, 18.019, 18.573]","[[[69.6432, 16.5798], [0.2595, 0.0], [0.2595, 0.0], [35.9507, 0.0], [1.4016, 0.0], [3.4003, 0.0]], [[69.6432, 16.5798], [0.2595, 0.0], [0.2595, 0.0], [35.9507, 0.0], [0.8306, 0.0], [1.1161, 0.0]], [[69.6432, 16.5798], [0.2595, 0.0], [0.2595, 0.0], [35.9507, 0.0], [-0.026, 0.0], [-0.026, 0.0]], [[69.6432, 16.5798], [0.2595, 0.0], [0.2595, 0.0], [35.9507, 0.0], [0.2595, 0.0], [3.1148, -0.1305]]]",0.293,0.0,0.0,0.0,0.0,0.0,0.0,False,"[3, 4, 4]",0.0,0.0,0.0,18.0186,4.0,0.2595,35.9507,0.026,35.9245,27.0148,18.0186,"[[69.643, 16.58], [0.259, 0.0], [0.259, 0.0], [35.951, 0.0], [0.545, 0.0], [2.115, 0.0]]",ok,18.8102,0.0,1.0,1.0,0.0,1.0,1.0,0.0,0.5,0.6666666666666666,1c81b06c812b47788462c31f58b6c1d0,scene-0097,42
0.026,0.849,0.2997,0.026,0.4965,0.4589,0.0,0.0,0.0,0.0,0.0,0.0,0.0,0.0,0.0,ok,straight,0.8306,0.7062,0.6998,0.4736,0.6132,1.0317,False,"[-0.0, -0.0, -0.0, -0.0]","[-42.7902, -228.8123, -194866.6061, -1585398.3317]","[-2425188.3941, -2425188.3944, -3620055.6715, -5010587.3971]","[0.537, 0.722, 12.524, 12.097]","[[[0.1167, 0.0], [0.8306, 0.0], [0.8306, 0.0], [0.9733, 0.0], [1.1161, 0.0], [1.1161, 0.0]], [[0.1167, 0.0], [0.8306, 0.0], [0.8306, 0.0], [0.9733, 0.0], [2.2582, 0.0], [1.6871, 0.0]], [[0.1167, 0.0], [0.8306, 0.0], [0.8306, 0.0], [0.9733, 0.0], [5.1135, 0.0], [69.6432, 0.0]], [[0.1167, 0.0], [0.8306, 0.0], [0.8306, 0.0], [0.9733, 0.0], [69.6432, 0.6527], [2.5437, 0.0]]]",5.8427,0.0,0.0,0.0,0.0,0.0,0.0,False,"[4, 4, 4]",0.0,0.0,0.0,0.5367,4.0,0.8306,0.7062,0.2997,0.4736,0.6132,0.5367,"[[0.117, 0.0], [0.831, 0.0], [0.831, 0.0], [0.973, 0.0], [3.686, 0.0], [2.115, 0.0]]",ok,12.5243,0.0,0.0,0.0,0.0,0.0,0.0,0.0,0.0,0.0,4cd53db3b63b42caba9e8f6a6ea70eae,scene-0097,42
1.1061,2.836,6.7359,0.6388,1.4599,2.7857,0.0,0.0,0.0,0.0,0.0,0.0,0.0,0.0,0.0,ok,straight,0.8207,1.2642,4.1664,0.4962,0.96,2.0006,True,"[-0.0653, -0.0653, -0.2611, -0.0653]","[-261.0501, -637.8419, -4527.2317, -8913.7987]","[-601846.0193, -601846.1269, -1606374.7778, -1610761.3448]","[1.982, 2.452, 1.639, 2.215]","[[[1.6871, 0.0], [3.1148, 0.0], [4.6852, 0.0], [7.5405, -0.0653], [9.3964, 0.1305], [8.5399, 0.1305]], [[1.6871, 0.0], [3.1148, 0.0], [4.6852, 0.0], [7.5405, -0.0653], [7.3977, -0.1305], [7.6833, -0.1305]], [[1.6871, 0.0], [3.1148, 0.0], [4.6852, 0.0], [7.5405, -0.0653], [7.6833, -0.1305], [16.5347, -0.5222]], [[1.6871, 0.0], [3.1148, 0.0], [4.6852, 0.0], [7.5405, -0.0653], [4.5424, 0.0], [11.9662, -0.1305]]]",0.3005,0.0,0.0,0.0,0.0,0.0,0.0,True,"[3, 4, 4]",0.0,0.0,0.0,1.6385,4.0,0.8207,1.2642,2.1381,0.4962,0.96,1.6385,"[[1.687, 0.0], [3.115, 0.0], [4.685, 0.0], [7.541, -0.065], [7.541, -0.065], [10.253, -0.131]]",ok,2.4524,0.0,0.0,0.0,0.0,0.0,0.0,0.0,0.0,0.0,b3d9bac351554cc98cdafe751f3d437a,scene-0097,42
2.0293,5.299,8.748,1.4811,3.1081,4.8253,0.0,0.0,0.0,0.0,0.0,0.0,0.0,0.0,0.0,ok,straight,1.316,4.4432,8.8887,0.9107,2.5732,4.6357,True,"[-0.0653, -0.0, -0.9138, -0.0]","[-1265.2842, -1900.0305, -4074.2179, -26871.8513]","[-579110.128, -1581011.3046, -1583185.492, -1605983.1254]","[4.611, 4.519, 4.795, 4.47]","[[[3.5431, 0.0], [6.9694, 0.0], [8.6826, -0.0653], [12.8228, 0.1305], [14.2505, -0.1305], [17.3913, -0.1305]], [[3.5431, 0.0], [6.9694, 0.0], [8.6826, -0.0653], [12.8228, 0.1305], [13.9649, -0.5222], [18.2479, 0.0]], [[3.5431, 0.0], [6.9694, 0.0], [8.6826, -0.0653], [12.8228, 0.1305], [12.8228, 0.9138], [17.9623, -1.8277]], [[3.5431, 0.0], [6.9694, 0.0], [8.6826, -0.0653], [12.8228, 0.1305], [8.8254, -0.3916], [23.6729, 0.0]]]",0.1241,0.0,0.0,0.0,0.0,0.0,0.0,False,"[4, 4, 4]",0.0,0.0,0.0,4.4696,4.0,1.316,4.4432,3.3219,0.9107,2.5732,4.4696,"[[3.543, 0.0], [6.969, 0.0], [8.683, -0.065], [12.823, 0.131], [13.394, -0.261], [18.105, -0.065]]",ok,4.7948,0.0,0.0,0.0,0.0,0.0,0.0,0.0,0.0,0.0,1808fbc3531c415fb77531c05b2547ae,scene-0097,42
2.7265,6.2988,11.1264,1.6108,3.4938,5.5575,0.0,0.0,0.0,0.0,0.0,0.0,0.0,0.0,0.0,ok,straight,0.5895,5.4427,8.2729,0.6134,2.9595,4.9159,True,"[-0.1305, -0.3264, -0.1305, -0.1305]","[-3593.5845, -10504.2795, -173292.2092, -851764.8738]","[-2924887.0691, -2931797.7641, -3094585.6938, -3773058.3584]","[5.059, 5.105, 10.059, 10.688]","[[[3.5431, 0.0], [8.9682, -0.0653], [9.8247, -0.1305], [15.107, -0.1305], [18.2479, -0.1305], [21.3887, -0.2611]], [[3.5431, 0.0], [8.9682, -0.0653], [9.8247, -0.1305], [15.107, -0.1305], [15.107, -0.1305], [24.244, -0.6527]], [[3.5431, 0.0], [8.9682, -0.0653], [9.8247, -0.1305], [15.107, -0.1305], [15.3926, -0.2611], [69.6432, -0.2611]], [[3.5431, 0.0], [8.9682, -0.0653], [9.8247, -0.1305], [15.107, -0.1305], [69.6432, 0.0], [23.1019, -0.2611]]]",2.6552,0.0,0.0,0.0,0.0,0.0,0.0,False,"[4, 4, 4]",0.0,0.0,0.0,5.0586,4.0,0.5895,5.4427,10.5556,0.6134,2.9595,5.0586,"[[3.543, 0.0], [8.968, -0.065], [9.825, -0.131], [15.107, -0.131], [16.82, -0.131], [23.673, -0.261]]",ok,10.6881,0.0,0.0,0.0,0.0,0.0,0.0,0.0,0.0,0.0,c292d90b90ec4dbd826dfd11aa361df1,scene-0098,42
3.4072,8.4151,12.8348,2.1661,4.5141,6.7537,0.0,0.0,0.0,0.0,0.0,0.0,0.0,0.0,0.0,ok,straight,2.8357,5.418,11.6927,1.8804,3.6933,5.8974,True,"[-0.0653, -0.0653, -0.0653, -0.1305]","[-1800.2546, -2884.1107, -3102.5128, -359896.9967]","[-1904157.0614, -1905240.9175, -1905459.3195, -2262253.8035]","[5.589, 6.207, 7.634, 15.422]","[[[3.6858, 0.0], [7.3977, -0.0653], [10.8241, 0.0], [17.2485, 0.0653], [19.6755, -0.2611], [23.1019, -0.1305]], [[3.6858, 0.0], [7.3977, -0.0653], [10.8241, 0.0], [17.2485, 0.0653], [18.2479, 0.0], [20.8176, -0.1305]], [[3.6858, 0.0], [7.3977, -0.0653], [10.8241, 0.0], [17.2485, 0.0653], [17.3913, -0.1305], [13.1083, -0.1305]], [[3.6858, 0.0], [7.3977, -0.0653], [10.8241, 0.0], [17.2485, 0.0653], [69.6432, -0.1305], [69.6432, -0.2611]]]",3.9438,0.0,0.0,0.0,0.0,0.0,0.0,False,"[4, 4, 4]",0.0,0.0,0.0,5.5886,4.0,2.8357,5.418,10.5507,1.8804,3.6933,5.5886,"[[3.686, 0.0], [7.398, -0.065], [10.824, 0.0], [17.249, 0.065], [18.962, -0.131], [21.96, -0.131]]",ok,15.4217,0.0,0.0,0.0,0.0,0.0,0.0,0.0,0.0,0.0,16011bbf9d634b099c5ff9a352d26c9e,scene-0098,42
4.4984,7.7664,13.184,3.2163,5.1103,7.4349,0.0,0.0,0.0,0.0,0.0,0.0,0.0,0.0,0.0,ok,straight,4.4978,5.774,12.0507,3.3587,4.5767,6.2717,True,"[-0.1305, -0.0653, -0.9791, -0.3264]","[-2063.249, -2968.1024, -94288.3948, -945120.1689]","[-2006152.6506, -2007057.5041, -2098377.7964, -2949209.5706]","[6.51, 7.079, 6.894, 12.654]","[[[2.8293, 0.0], [5.6846, -0.0653], [8.9682, -0.1958], [14.2505, 0.3264], [15.3926, 0.5222], [19.6755, -0.2611]], [[2.8293, 0.0], [5.6846, -0.0653], [8.9682, -0.1958], [14.2505, 0.3264], [14.2505, -0.1305], [17.3913, -0.1305]], [[2.8293, 0.0], [5.6846, -0.0653], [8.9682, -0.1958], [14.2505, 0.3264], [20.5321, 16.5798], [25.1006, -1.9582]], [[2.8293, 0.0], [5.6846, -0.0653], [8.9682, -0.1958], [14.2505, 0.3264], [69.6432, -0.6527], [17.3913, -0.6527]]]",2.5313,0.0,0.0,0.0,0.0,0.0,0.0,False,"[4, 4, 4]",0.0,0.0,0.0,6.5101,4.0,4.4978,5.774,10.9011,3.3587,4.5767,6.5101,"[[2.829, 0.0], [5.685, -0.065], [8.968, -0.196], [14.25, 0.326], [17.962, 0.196], [18.533, -0.457]]",ok,12.654,0.0,0.0,0.0,0.0,0.0,0.0,0.0,0.0,0.0,1e4b165a3a904717b30f044322edfa14,scene-0098,42
3.3666,7.697,10.2397,2.4512,4.3909,6.0415,0.0,0.0,0.0,0.0,0.0,0.0,0.0,0.0,0.0,ok,straight,3.081,7.2684,10.0968,2.1659,3.3923,4.995,True,"[-0.3916, -0.1305, -0.0653, -0.0]","[-4528.5432, -5240.9232, -39524.5365, -836506.3467]","[-3671406.2469, -3672118.6269, -3706402.2402, -4503384.0504]","[5.521, 5.376, 5.524, 10.175]","[[[4.5424, 0.0], [8.5399, -0.1305], [15.5353, -0.0653], [16.1064, -0.1958], [19.9611, -0.1305], [24.8151, -0.7833]], [[4.5424, 0.0], [8.5399, -0.1305], [15.5353, -0.0653], [16.1064, -0.1958], [20.8176, -0.1305], [24.8151, -0.2611]], [[4.5424, 0.0], [8.5399, -0.1305], [15.5353, -0.0653], [16.1064, -0.1958], [25.1006, -8.8774], [25.1006, -0.1305]], [[4.5424, 0.0], [8.5399, -0.1305], [15.5353, -0.0653], [16.1064, -0.1958], [69.6432, -0.2611], [27.9559, 0.0]]]",2.0368,0.0,0.0,0.0,0.0,0.0,0.0,False,"[4, 4, 4]",0.0,0.0,0.0,5.3758,4.0,3.081,7.2684,10.2397,2.1659,3.3923,5.3758,"[[4.542, 0.0], [8.54, -0.131], [15.535, -0.065], [16.106, -0.196], [22.959, -0.196], [24.958, -0.196]]",ok,10.1752,0.0,0.0,0.0,0.0,0.0,0.0,0.0,0.0,0.0,f5a38abe0b404babb18bca1f0adf60b6,scene-0098,42
0.8951,2.9628,6.1027,0.5915,1.5592,2.8183,0.0,0.0,0.0,0.0,0.0,0.0,0.0,0.0,0.0,ok,straight,2.3223,3.9617,6.8181,1.5191,2.7008,3.6273,False,"[-0.0653, -0.1305, -0.1958, -0.0]","[-126.0355, -3220.2049, -4002.2216, -11054.685]","[-2041829.9776, -3045051.7489, -3045833.7657, -3052886.229]","[3.532, 4.151, 4.583, 3.199]","[[[3.5431, 0.0], [7.9688, 0.0], [11.6807, -0.1305], [13.8222, -0.1305], [16.2492, -0.1305], [19.1045, -0.1305]], [[3.5431, 0.0], [7.9688, 0.0], [11.6807, -0.1305], [13.8222, -0.1305], [19.6755, 0.1305], [19.39, -0.2611]], [[3.5431, 0.0], [7.9688, 0.0], [11.6807, -0.1305], [13.8222, -0.1305], [15.3926, -0.3916], [26.2427, -0.3916]], [[3.5431, 0.0], [7.9688, 0.0], [11.6807, -0.1305], [13.8222, -0.1305], [10.8241, -0.1305], [20.8176, 0.0]]]",0.5364,0.0,0.0,0.0,0.0,0.0,0.0,True,"[4, 4, 4]",0.0,0.0,0.0,3.1994,4.0,2.3223,3.9617,7.5283,1.5191,2.7008,3.1994,"[[3.543, 0.0], [7.969, 0.0], [11.681, -0.131], [13.822, -0.131], [15.821, -0.131], [20.104, -0.196]]",ok,4.5825,0.0,0.0,0.0,0.0,0.0,0.0,0.0,0.0,0.0,b9db804449d34414ba98868e9034abd3,scene-0099,42
1.5589,2.4809,2.3317,1.2695,1.8112,1.9853,0.0,0.0,0.0,0.0,0.0,0.0,0.0,0.0,0.0,ok,straight,1.286,3.0093,2.1132,1.4186,2.1229,2.0785,False,"[-0.0, -0.0653, -0.2611, -0.4569]","[-712.0469, -370.183, -7104.2094, -31468.4158]","[-1017566.9815, -1017567.3197, -2024673.0091, -2049037.2155]","[2.103, 2.193, 4.667, 2.942]","[[[2.8293, 0.0], [3.9714, -0.0653], [6.9694, 0.0], [9.1109, -0.1305], [8.8254, -0.1305], [9.9675, 0.0]], [[2.8293, 0.0], [3.9714, -0.0653], [6.9694, 0.0], [9.1109, -0.1305], [10.253, -0.1305], [10.5386, -0.1305]], [[2.8293, 0.0], [3.9714, -0.0653], [6.9694, 0.0], [9.1109, -0.1305], [11.9662, -0.1305], [27.0993, -0.5222]], [[2.8293, 0.0], [3.9714, -0.0653], [6.9694, 0.0], [9.1109, -0.1305], [0.545, 0.0], [11.3952, 0.9138]]]",1.0291,0.0,0.0,0.0,0.0,0.0,0.0,True,"[4, 4, 4]",0.0,0.0,0.0,2.1027,4.0,1.286,3.0093,2.5328,1.4186,2.1229,2.1027,"[[2.829, 0.0], [3.971, -0.065], [6.969, 0.0], [9.111, -0.131], [9.539, -0.131], [10.967, -0.065]]",ok,4.667,0.0,0.0,0.0,0.0,0.0,0.0,0.0,0.0,0.0,ba6527487d5042b2bd4fb8e503918d29,scene-0099,42
2.3667,4.5594,6.9869,1.4179,2.5348,3.8917,0.0,0.0,0.0,0.0,0.0,0.0,0.0,0.0,0.0,ok,straight,0.7988,4.9877,4.56,0.5224,2.337,3.1412,True,"[-0.0653, -0.1305, -0.0653, -0.1305]","[-734.3121, -205.0069, -3743.3189, -7208.9477]","[-293622.1139, -293623.9244, -1297367.2343, -1300832.863]","[2.814, 3.617, 2.761, 3.05]","[[[3.5431, 0.0], [6.6839, 0.0], [7.9688, -0.0653], [10.1103, -0.1305], [15.107, -0.6527], [18.5334, -0.1305]], [[3.5431, 0.0], [6.6839, 0.0], [7.9688, -0.0653], [10.1103, -0.1305], [12.5373, -0.1305], [16.2492, -0.2611]], [[3.5431, 0.0], [6.6839, 0.0], [7.9688, -0.0653], [10.1103, -0.1305], [16.8202, -0.2611], [17.1058, -0.1305]], [[3.5431, 0.0], [6.6839, 0.0], [7.9688, -0.0653], [10.1103, -0.1305], [10.8241, 0.0], [23.3874, -0.2611]]]",0.3393,0.0,0.0,0.0,0.0,0.0,0.0,True,"[4, 4, 4]",0.0,0.0,0.0,2.761,4.0,0.7988,4.9877,5.2737,0.5224,2.337,2.761,"[[3.543, 0.0], [6.684, 0.0], [7.969, -0.065], [10.11, -0.131], [13.822, -0.196], [17.82, -0.196]]",ok,3.6171,0.0,0.0,0.0,0.0,0.0,0.0,0.0,0.0,0.0,713882a28f2442098451f77f1362d326,scene-0099,42
2.2874,3.9602,6.7365,1.5529,2.5825,3.8376,0.0,0.0,0.0,0.0,0.0,0.0,0.0,0.0,0.0,ok,straight,2.5729,4.5307,6.1645,1.6956,2.6895,3.5043,True,"[-0.0653, -0.1305, -0.0653, -0.2611]","[-240.5807, -146.9662, -1343.7081, -77194.6494]","[-751983.9072, -751984.7209, -1753329.0192, -1829179.9605]","[4.579, 3.766, 3.243, 9.589]","[[[3.1148, 0.0], [5.6846, 0.0], [8.9682, -0.1305], [11.6807, -0.0653], [13.9649, 0.3916], [13.6794, 0.1305]], [[3.1148, 0.0], [5.6846, 0.0], [8.9682, -0.1305], [11.6807, -0.0653], [15.107, -0.1305], [17.3913, -0.2611]], [[3.1148, 0.0], [5.6846, 0.0], [8.9682, -0.1305], [11.6807, -0.0653], [17.1058, -0.1305], [18.5334, 0.1305]], [[3.1148, 0.0], [5.6846, 0.0], [8.9682, -0.1305], [11.6807, -0.0653], [21.3887, -0.5222], [69.6432, -0.5222]]]",2.5246,0.0,0.0,0.0,0.0,0.0,0.0,True,"[4, 4, 4]",0.0,0.0,0.0,3.2435,4.0,2.5729,4.5307,5.5991,1.6956,2.6895,3.2435,"[[3.115, 0.0], [5.685, 0.0], [8.968, -0.131], [11.681, -0.065], [16.106, -0.131], [17.962, -0.065]]",ok,9.5885,0.0,0.0,0.0,0.0,0.0,0.0,0.0,0.0,0.0,8ef8d4b6b837492dab9785c3e33d936b,scene-0099,42
2.5437,5.1135,7.3977,1.8299,3.1148,4.3997,0.0,0.0,1.0,0.0,0.0,1.0,0.0,0.0,0.3333333333333333,ok,straight,3.1148,8.9682,8.3459,2.1154,4.3412,5.2328,False,"[-1.5666, -0.0, -1.893, -0.9138]","[-2762.5648, -6201.864, -16441.1614, -25801.1909]","[-3180263.9933, -3183703.2925, -3193942.5899, -3203302.6194]","[5.941, 5.217, 5.371, 4.356]","[[[1.1161, 0.0], [3.1148, 0.0], [4.1141, -0.6527], [8.9682, 0.0], [9.1109, 1.1749], [8.5399, 3.1332]], [[1.1161, 0.0], [3.1148, 0.0], [4.1141, -0.6527], [8.9682, 0.0], [6.5412, 0.0], [7.3977, 0.0]], [[1.1161, 0.0], [3.1148, 0.0], [4.1141, -0.6527], [8.9682, 0.0], [4.828, -2.0888], [8.8254, 3.7859]], [[1.1161, 0.0], [3.1148, 0.0], [4.1141, -0.6527], [8.9682, 0.0], [1.4016, -0.2611], [7.1122, 1.8277]]]",0.568,0.0,1.0,0.0,0.0,1.0,1.0,False,"[4, 4, 4]",0.0,0.25,0.16666666666666666,4.3556,4.0,3.1148,8.9682,7.3433,2.1154,4.3412,4.3556,"[[1.116, 0.0], [3.115, 0.0], [4.114, -0.653], [8.968, 0.0], [5.685, -0.131], [7.969, 2.48]]",ok,5.9413,0.0,1.0,1.0,0.0,1.0,1.0,0.0,0.5,0.6666666666666666,028a3f3a237e469cb099f6d9c8e7f2f4,scene-0100,42
3.6858,7.6833,9.1119,2.6865,4.5424,5.9227,0.0,1.0,1.0,0.0,1.0,1.0,0.0,0.25,0.5,ok,straight,4.5429,8.6946,9.8325,3.3292,5.4399,6.9539,False,"[-0.0653, -0.3916, -0.4569, -0.9791]","[-205.4252, -729.4279, -956.8184, -7086.1405]","[-765059.8937, -765061.0765, -1766018.6834, -1772148.0055]","[6.664, 8.201, 6.967, 6.448]","[[[2.1154, 0.0], [4.5424, -0.0653], [6.3984, 0.3264], [8.6826, 0.4569], [9.1109, 0.0], [9.1109, -0.1305]], [[2.1154, 0.0], [4.5424, -0.0653], [6.3984, 0.3264], [8.6826, 0.4569], [12.5373, -1.3055], [14.8215, -0.7833]], [[2.1154, 0.0], [4.5424, -0.0653], [6.3984, 0.3264], [8.6826, 0.4569], [11.1096, 1.1749], [8.8254, 0.9138]], [[2.1154, 0.0], [4.5424, -0.0653], [6.3984, 0.3264], [8.6826, 0.4569], [5.9701, -1.6971], [10.5386, 1.9582]]]",0.6787,0.0,1.0,1.0,0.0,1.0,1.0,True,"[4, 4, 4]",0.0,0.5,0.6666666666666666,6.4475,4.0,4.5429,8.6946,10.719,3.3292,5.4399,6.4475,"[[2.115, 0.0], [4.542, -0.065], [6.398, 0.326], [8.683, 0.457], [10.11, -0.653], [9.825, 0.392]]",ok,8.2012,0.0,1.0,1.0,0.0,1.0,1.0,0.0,0.5,0.6666666666666666,30ad11916547467183371af9e1faf298,scene-0100,42
2.5437,5.1135,6.5412,1.8299,3.1148,4.2569,0.0,0.0,1.0,0.0,0.0,1.0,0.0,0.0,0.3333333333333333,ok,straight,4.8284,5.5422,9.3974,3.115,3.9364,5.6629,False,"[-0.0, -0.0, -0.1305, -0.3264]","[-2135.3772, -2370.1216, -7296.1639, -18726.7847]","[-3092937.0802, -3093171.8245, -3098097.8668, -3109528.4877]","[4.662, 4.861, 9.763, 6.741]","[[[1.4016, 0.0], [4.828, -0.0653], [3.9714, -0.1305], [5.5418, 0.0653], [5.6846, 0.0], [6.5412, 0.0]], [[1.4016, 0.0], [4.828, -0.0653], [3.9714, -0.1305], [5.5418, 0.0653], [5.6846, 0.7833], [7.6833, 0.0]], [[1.4016, 0.0], [4.828, -0.0653], [3.9714, -0.1305], [5.5418, 0.0653], [16.5347, 1.3055], [26.2427, -0.2611]], [[1.4016, 0.0], [4.828, -0.0653], [3.9714, -0.1305], [5.5418, 0.0653], [11.9662, -6.3969], [11.1096, -0.6527]]]",2.0474,0.0,0.0,1.0,0.0,0.0,1.0,False,"[4, 4, 4]",0.0,0.0,0.3333333333333333,4.6619,4.0,4.8284,5.5422,6.5412,3.115,3.9364,4.6619,"[[1.402, 0.0], [4.828, -0.065], [3.971, -0.131], [5.542, 0.065], [8.825, 0.392], [9.396, -0.131]]",ok,9.7626,0.0,1.0,1.0,0.0,1.0,1.0,0.0,0.5,0.6666666666666666,fbc2727b0f35414f88d956bc63345af0,scene-0100,42
2.5437,5.9701,7.3977,1.8299,3.3289,4.6852,0.0,0.0,1.0,0.0,0.0,1.0,0.0,0.0,0.3333333333333333,ok,straight,3.6858,6.1132,9.9675,2.4723,3.8644,5.4705,False,"[-0.0, -0.0, -8.2899, -0.718]","[-326.0745, -783.4965, -15378.6573, -15436.5995]","[-1880662.1733, -2881447.3441, -2896042.5049, -2896100.4471]","[5.042, 5.566, 7.136, 6.241]","[[[1.2588, 0.0], [3.6858, 0.0], [4.3997, 0.0], [6.1129, -0.0653], [7.3977, 0.0], [7.3977, 0.0]], [[1.2588, 0.0], [3.6858, 0.0], [4.3997, 0.0], [6.1129, -0.0653], [9.1109, -0.1305], [8.8254, 0.0]], [[1.2588, 0.0], [3.6858, 0.0], [4.3997, 0.0], [6.1129, -0.0653], [7.3977, 0.1305], [11.1096, -16.5798]], [[1.2588, 0.0], [3.6858, 0.0], [4.3997, 0.0], [6.1129, -0.0653], [3.9714, 0.0], [17.9623, 1.436]]]",0.7833,0.0,0.0,1.0,0.0,0.0,1.0,True,"[4, 4, 4]",0.0,0.0,0.3333333333333333,5.0422,4.0,3.6858,6.1132,7.3977,2.4723,3.8644,5.0422,"[[1.259, 0.0], [3.686, 0.0], [4.4, 0.0], [6.113, -0.065], [7.398, 0.0], [9.968, 0.0]]",ok,7.1357,0.0,1.0,1.0,0.0,1.0,1.0,0.0,0.5,0.6666666666666666,149f03b275944abc95aa59709a726bff,scene-0100,42
1.1161,2.5437,2.5437,0.6878,1.4016,1.7823,0.0,0.0,0.0,0.0,0.0,0.0,0.0,0.0,0.0,ok,straight,1.5444,3.1148,3.2576,1.1161,2.0084,2.163,False,"[-0.0, -0.0, -0.0, -0.1305]","[-63.183, -343.3222, -538.7281, -1468.8086]","[-1104244.4344, -1104244.9656, -1104245.3361, -2105714.8448]","[2.187, 2.377, 1.76, 2.19]","[[[0.6878, 0.0], [1.5444, 0.0], [2.6865, 0.0], [3.1148, 0.0], [2.5437, 0.0], [2.5437, 0.0]], [[0.6878, 0.0], [1.5444, 0.0], [2.6865, 0.0], [3.1148, 0.0], [2.2582, 0.0], [3.9714, 0.0]], [[0.6878, 0.0], [1.5444, 0.0], [2.6865, 0.0], [3.1148, 0.0], [1.1161, -0.1305], [1.4016, 0.0]], [[0.6878, 0.0], [1.5444, 0.0], [2.6865, 0.0], [3.1148, 0.0], [1.1161, 0.1305], [3.9714, 0.2611]]]",0.2263,0.0,0.0,0.0,0.0,0.0,0.0,True,"[4, 4, 4]",0.0,0.0,0.0,1.7598,4.0,1.5444,3.1148,1.4016,1.1161,2.0084,1.7598,"[[0.688, 0.0], [1.544, 0.0], [2.686, 0.0], [3.115, 0.0], [1.687, 0.0], [3.258, 0.0]]",ok,2.3772,0.0,1.0,1.0,0.0,1.0,1.0,0.0,0.5,0.6666666666666666,d5324133e1d241658a7b763831b3af2e,scene-0101,42
0.5128,0.0819,2.4545,0.3921,0.2538,0.8173,0.0,0.0,0.0,0.0,0.0,0.0,0.0,0.0,0.0,ok,straight,0.3747,0.223,0.6173,0.2517,0.2187,0.5119,True,"[-0.0653, -0.1305, -0.1958, -0.0]","[-93.5096, -98.8966, -1893.5602, -7146.6111]","[-508017.0834, -508017.9797, -1509911.8576, -1515164.9085]","[0.794, 1.271, 0.746, 1.925]","[[[0.9733, 0.0], [2.401, -0.0653], [3.4003, -0.0653], [4.9707, 0.0], [5.6846, 0.0], [6.8267, -0.1305]], [[0.9733, 0.0], [2.401, -0.0653], [3.4003, -0.0653], [4.9707, 0.0], [5.399, -0.1305], [4.2569, -0.2611]], [[0.9733, 0.0], [2.401, -0.0653], [3.4003, -0.0653], [4.9707, 0.0], [4.828, 0.1305], [10.5386, -0.3916]], [[0.9733, 0.0], [2.401, -0.0653], [3.4003, -0.0653], [4.9707, 0.0], [13.3939, 0.1305], [13.6794, 0.0]]]",0.4746,0.0,0.0,0.0,0.0,0.0,0.0,True,"[4, 4, 4]",0.0,0.0,0.0,0.7464,4.0,0.3747,0.223,1.3079,0.2517,0.2187,0.7464,"[[0.973, 0.0], [2.401, -0.065], [3.4, -0.065], [4.971, 0.0], [5.542, 0.065], [8.683, -0.196]]",ok,1.9254,0.0,0.0,0.0,0.0,0.0,0.0,0.0,0.0,0.0,604a8ce58d0b4f94a93db370813edf94,scene-0101,42
2.3106,5.4338,9.6938,1.6925,3.2209,5.008,0.0,0.0,1.0,0.0,0.0,1.0,0.0,0.0,0.3333333333333333,ok,straight,0.3775,5.1591,7.2879,0.7259,2.2782,3.9032,True,"[-0.0653, -1.3708, -5.2873, -0.1958]","[-860.5155, -2512.87, -2948.1893, -5356.8514]","[-1788131.2452, -2790646.1821, -2791081.5014, -2793490.1636]","[4.283, 4.148, 4.316, 3.964]","[[[2.2582, 0.0], [6.5411, 0.0653], [8.1116, 0.0], [9.5392, 0.8486], [11.1096, 0.0], [13.6794, -0.1305]], [[2.2582, 0.0], [6.5411, 0.0653], [8.1116, 0.0], [9.5392, 0.8486], [11.9662, -0.7833], [14.2505, 2.7415]], [[2.2582, 0.0], [6.5411, 0.0653], [8.1116, 0.0], [9.5392, 0.8486], [13.3939, -1.436], [16.8202, -10.5745]], [[2.2582, 0.0], [6.5411, 0.0653], [8.1116, 0.0], [9.5392, 0.8486], [9.1109, -0.1305], [17.6768, 0.3916]]]",0.1386,0.0,0.0,1.0,0.0,0.0,1.0,True,"[4, 4, 4]",0.0,0.0,0.3333333333333333,3.9635,4.0,0.3775,5.1591,5.212,0.7259,2.2782,3.9635,"[[2.258, 0.0], [6.541, 0.065], [8.112, 0.0], [9.539, 0.849], [11.538, -0.457], [15.535, 0.131]]",ok,4.3155,0.0,0.0,1.0,0.0,0.0,1.0,0.0,0.0,0.3333333333333333,72fe05b8fd804c7eb2edba7554f1f796,scene-0101,42
1.7689,4.4841,8.2016,1.4343,2.7219,4.2622,0.0,0.0,0.0,0.0,0.0,0.0,0.0,0.0,0.0,ok,straight,0.4853,5.1928,6.1158,0.9353,2.647,4.0074,True,"[-0.1305, -0.5875, -1.0444, -0.3916]","[-723.1373, -3879.448, -4898.3486, -5514.6506]","[-1845482.0228, -2849364.3351, -2850383.2357, -2850999.5377]","[4.072, 4.025, 3.572, 4.307]","[[[3.4003, 0.0], [8.6826, 0.0653], [11.1096, 0.2611], [14.3932, 0.2611], [18.2479, 0.2611], [22.2453, 0.2611]], [[3.4003, 0.0], [8.6826, 0.0653], [11.1096, 0.2611], [14.3932, 0.2611], [16.5347, -1.5666], [24.5295, 1.1749]], [[3.4003, 0.0], [8.6826, 0.0653], [11.1096, 0.2611], [14.3932, 0.2611], [16.2492, 0.2611], [27.0993, 2.0888]], [[3.4003, 0.0], [8.6826, 0.0653], [11.1096, 0.2611], [14.3932, 0.2611], [20.8176, 0.1305], [18.2479, 0.7833]]]",0.2658,0.0,0.0,0.0,0.0,0.0,0.0,False,"[4, 4, 4]",0.0,0.0,0.0,3.5722,4.0,0.4853,5.1928,2.3814,0.9353,2.647,3.5722,"[[3.4, 0.0], [8.683, 0.065], [11.11, 0.261], [14.393, 0.261], [17.391, 0.196], [23.387, 0.979]]",ok,4.3066,0.0,0.0,0.0,0.0,0.0,0.0,0.0,0.0,0.0,2e743b1fb9a34383b88bec3e7792ad2a,scene-0101,42
2.881,5.8569,9.2357,2.1894,3.6384,5.2209,0.0,0.0,0.0,0.0,0.0,0.0,0.0,0.0,0.0,ok,right,2.881,29.095,3.9616,2.1894,16.2985,12.782,False,"[-0.0, 0.0653, 0.0653, -0.1958]","[-375337.6942, -381788.5395, -500229.1298, -968210.3111]","[-2632624.4867, -2639075.332, -2757515.9223, -3225497.1036]","[13.661, 13.057, 14.263, 22.241]","[[[-0.026, 0.0], [-0.026, 0.0], [34.8086, 8.2899], [34.8086, 1.436], [-0.026, 0.0], [-0.026, 0.0]], [[-0.026, 0.0], [-0.026, 0.0], [34.8086, 8.2899], [34.8086, 1.436], [0.545, 0.0], [3.1148, -0.1305]], [[-0.026, 0.0], [-0.026, 0.0], [34.8086, 8.2899], [34.8086, 1.436], [-0.026, 0.0], [21.6742, -0.1305]], [[-0.026, 0.0], [-0.026, 0.0], [34.8086, 8.2899], [34.8086, 1.436], [-0.026, 0.0], [69.6432, 0.3916]]]",3.7402,0.0,0.0,0.0,0.0,0.0,0.0,False,"[1, 2, 4]",0.0,0.0,0.0,13.0567,4.0,2.881,29.095,6.1722,2.1894,16.2985,13.0567,"[[-0.026, 0.0], [-0.026, 0.0], [34.809, 8.29], [34.809, 1.436], [-0.026, 0.0], [12.395, -0.065]]",ok,22.2413,0.0,0.0,0.0,0.0,0.0,0.0,0.0,0.0,0.0,806011e8a7114eca971fd0f6b95bcd4b,scene-0102,42
0.3057,1.4144,5.5329,0.2447,0.7575,1.9182,0.0,0.0,0.0,0.0,0.0,0.0,0.0,0.0,0.0,ok,right,0.2917,1.5562,3.1243,0.312,0.6761,1.5667,True,"[0.8486, 1.436, 1.0444, 0.3916]","[-159.6672, -1522.1664, -33955.7559, -153013.2617]","[-545836.818, -1547359.5184, -1579793.1079, -1698850.6137]","[2.007, 1.618, 2.742, 9.907]","[[[1.8299, -0.0653], [4.6852, -0.2611], [6.5411, -0.718], [8.2543, -1.1097], [9.1109, -1.0444], [10.5386, -1.6971]], [[1.8299, -0.0653], [4.6852, -0.2611], [6.5411, -0.718], [8.2543, -1.1097], [8.5399, -0.7833], [13.3939, -2.8721]], [[1.8299, -0.0653], [4.6852, -0.2611], [6.5411, -0.718], [8.2543, -1.1097], [9.682, -11.88], [12.5373, -2.0888]], [[1.8299, -0.0653], [4.6852, -0.2611], [6.5411, -0.718], [8.2543, -1.1097], [12.5373, 0.9138], [69.6432, -0.7833]]]",3.3947,0.0,0.0,0.0,0.0,0.0,0.0,True,"[4, 4, 4]",0.0,0.0,0.0,1.6184,4.0,0.2917,1.5562,2.5804,0.312,0.6761,1.6184,"[[1.83, -0.065], [4.685, -0.261], [6.541, -0.718], [8.254, -1.11], [9.396, -0.914], [12.966, -1.893]]",ok,9.9065,0.0,0.0,0.0,0.0,0.0,0.0,0.0,0.0,0.0,62fb6b14e6a2451f96ef753672d3a381,scene-0102,42
2.1765,5.1878,7.6691,1.5065,2.9607,4.3385,0.0,0.0,0.0,0.0,0.0,0.0,0.0,0.0,0.0,ok,straight,2.1784,4.7596,8.3828,1.5075,2.7825,3.7919,True,"[-0.1305, -0.1305, -0.0, -0.1305]","[-31.6723, -2011.8367, -2934.0857, -19785.4248]","[-569592.1428, -1571604.1799, -1572526.4289, -1589377.768]","[4.22, 4.03, 3.364, 4.472]","[[[3.4003, 0.0], [6.5412, -0.1305], [9.9675, -0.0653], [13.2511, -0.1305], [16.2492, -0.1305], [19.9611, -0.2611]], [[3.4003, 0.0], [6.5412, -0.1305], [9.9675, -0.0653], [13.2511, -0.1305], [18.8189, -0.1305], [18.5334, 0.2611]], [[3.4003, 0.0], [6.5412, -0.1305], [9.9675, -0.0653], [13.2511, -0.1305], [20.2466, -0.2611], [21.1032, 0.0]], [[3.4003, 0.0], [6.5412, -0.1305], [9.9675, -0.0653], [13.2511, -0.1305], [21.1032, -6.1358], [18.2479, 0.2611]]]",0.4105,0.0,0.0,0.0,0.0,0.0,0.0,False,"[3, 4, 4]",0.0,0.0,0.0,3.3642,4.0,2.1784,4.7596,6.5249,1.5075,2.7825,3.3642,"[[3.4, 0.0], [6.541, -0.131], [9.968, -0.065], [13.251, -0.131], [19.533, -0.196], [19.247, 0.131]]",ok,4.4715,0.0,0.0,1.0,0.0,0.0,1.0,0.0,0.0,0.3333333333333333,be3fb86ba1a846719241b051d3ec4385,scene-0102,42
3.4417,7.0896,10.5915,2.5272,4.3528,6.113,0.0,0.0,0.0,0.0,0.0,0.0,0.0,0.0,0.0,ok,straight,2.8707,7.5172,9.5922,1.9563,4.0672,5.4468,True,"[-0.1305, -0.1305, -0.3264, -0.0]","[-169.1924, -172.6096, -4281.2052, -166300.2803]","[-822221.646, -822221.646, -1826503.5876, -1988522.6628]","[5.827, 5.827, 4.974, 7.172]","[[[3.9714, 0.0], [7.1122, -0.1305], [10.1103, -0.1305], [12.3945, -0.2611], [16.2492, -0.1305], [19.9611, -0.2611]], [[3.9714, 0.0], [7.1122, -0.1305], [10.1103, -0.1305], [12.3945, -0.2611], [15.3926, -0.1305], [20.8176, -0.2611]], [[3.9714, 0.0], [7.1122, -0.1305], [10.1103, -0.1305], [12.3945, -0.2611], [19.9611, 0.1305], [21.3887, -0.6527]], [[3.9714, 0.0], [7.1122, -0.1305], [10.1103, -0.1305], [12.3945, -0.2611], [36.2362, -0.3916], [14.536, 0.0]]]",0.7866,0.0,0.0,0.0,0.0,0.0,0.0,False,"[4, 4, 4]",0.0,0.0,0.0,4.9744,4.0,2.8707,7.5172,8.5972,1.9563,4.0672,4.9744,"[[3.971, 0.0], [7.112, -0.131], [10.11, -0.131], [12.395, -0.261], [18.105, -0.131], [20.389, -0.261]]",ok,7.172,0.0,0.0,1.0,0.0,0.0,1.0,0.0,0.0,0.16666666666666666,6531528030c2484abde7201ff31c05c6,scene-0102,42
3.0875,6.3022,11.229,2.2599,3.8794,5.7966,0.0,0.0,0.0,0.0,0.0,0.0,0.0,0.0,0.0,ok,right,1.9462,8.294,5.5706,1.1911,4.1991,5.1098,True,"[0.3264, 0.2611, 0.5875, 0.3916]","[-588.8449, -1281.2619, -1505.5469, -277697.3043]","[-1085282.6633, -2086563.9725, -2086788.2575, -2362980.0149]","[5.576, 5.963, 4.243, 13.577]","[[[3.8286, 0.0], [6.5412, -0.1305], [6.5412, -0.1305], [8.5399, -0.2611], [12.5373, -0.6527], [17.3913, -0.6527]], [[3.8286, 0.0], [6.5412, -0.1305], [6.5412, -0.1305], [8.5399, -0.2611], [13.1083, -0.2611], [14.536, -0.5222]], [[3.8286, 0.0], [6.5412, -0.1305], [6.5412, -0.1305], [8.5399, -0.2611], [15.3926, -0.9138], [22.5308, -1.1749]], [[3.8286, 0.0], [6.5412, -0.1305], [6.5412, -0.1305], [8.5399, -0.2611], [11.3952, 16.5798], [69.6432, -0.7833]]]",3.6573,0.0,0.0,0.0,0.0,0.0,0.0,True,"[4, 3, 4]",0.0,0.0,0.0,4.2425,4.0,1.9462,8.294,2.9685,1.1911,4.1991,4.2425,"[[3.829, 0.0], [6.541, -0.131], [6.541, -0.131], [8.54, -0.261], [12.823, -0.457], [19.961, -0.718]]",ok,13.5769,0.0,0.0,0.0,0.0,0.0,0.0,0.0,0.0,0.0,3e8750f331d7499e9b5123e9eb70f2e2,scene-0103,42
1.4633,5.443,9.1987,0.94,2.6178,4.6506,0.0,0.0,0.0,0.0,0.0,0.0,0.0,0.0,0.0,ok,straight,1.8902,5.5864,8.627,1.0824,6.7936,7.3154,False,"[-0.0653, -0.1958, -0.1305, -0.0653]","[-128873.3864, -131953.3095, -132180.8252, -132247.9006]","[-2988179.6007, -2991259.5238, -2991487.0395, -2991554.115]","[7.149, 7.103, 7.387, 7.768]","[[[3.5431, 0.0], [7.255, -0.0653], [26.8138, -0.1305], [14.3932, -0.1958], [17.1058, -0.1305], [18.8189, -0.1305]], [[3.5431, 0.0], [7.255, -0.0653], [26.8138, -0.1305], [14.3932, -0.1958], [17.6768, 0.2611], [17.9623, -0.3916]], [[3.5431, 0.0], [7.255, -0.0653], [26.8138, -0.1305], [14.3932, -0.1958], [17.9623, -0.1305], [19.39, -0.2611]], [[3.5431, 0.0], [7.255, -0.0653], [26.8138, -0.1305], [14.3932, -0.1958], [18.2479, 0.0], [21.3887, -0.1305]]]",0.2631,0.0,0.0,0.0,0.0,0.0,0.0,False,"[4, 4, 4]",0.0,0.0,0.0,7.1035,4.0,1.8902,5.5864,7.4891,1.0824,6.7936,7.1035,"[[3.543, 0.0], [7.255, -0.065], [26.814, -0.131], [14.393, -0.196], [17.82, -0.065], [19.104, -0.196]]",ok,7.7676,0.0,0.0,0.0,0.0,0.0,0.0,0.0,0.0,0.0,796b1988dd254f74bf2fb19ba9c5b8c6,scene-0103,42
0.9958,1.6775,0.5196,0.9397,1.3969,1.3367,0.0,0.0,0.0,0.0,0.0,0.0,0.0,0.0,0.0,ok,straight,2.4231,1.9629,3.3744,1.5106,1.7894,2.1931,False,"[-0.0653, -0.0653, -0.0, -0.1305]","[-345.3637, -354.5042, -1451.245, -5099.1318]","[-1183394.9371, -1183394.9418, -2184846.9345, -2188494.8213]","[1.598, 2.788, 1.855, 3.121]","[[[2.2582, 0.0], [5.9701, 0.0], [7.826, -0.1305], [9.9675, -0.1305], [12.5373, -0.1305], [13.6794, -0.1305]], [[2.2582, 0.0], [5.9701, 0.0], [7.826, -0.1305], [9.9675, -0.1305], [13.9649, -0.1305], [19.39, -0.1305]], [[2.2582, 0.0], [5.9701, 0.0], [7.826, -0.1305], [9.9675, -0.1305], [13.9649, 0.6527], [13.6794, 0.0]], [[2.2582, 0.0], [5.9701, 0.0], [7.826, -0.1305], [9.9675, -0.1305], [11.6807, -0.1305], [23.6729, -0.2611]]]",0.6318,0.0,0.0,0.0,0.0,0.0,0.0,True,"[4, 4, 4]",0.0,0.0,0.0,1.5983,4.0,2.4231,1.9629,0.5196,1.5106,1.7894,1.5983,"[[2.258, 0.0], [5.97, 0.0], [7.826, -0.131], [9.968, -0.131], [13.251, -0.131], [16.535, -0.131]]",ok,3.1211,0.0,0.0,0.0,0.0,0.0,0.0,0.0,0.0,0.0,456ec36cb4a44ca78f36fbd90c0c34fa,scene-0103,42
1.8153,1.7206,5.4442,1.1541,1.5587,2.5893,0.0,0.0,0.0,0.0,0.0,0.0,0.0,0.0,0.0,ok,straight,0.3862,2.5772,5.4445,0.4395,1.3087,2.1134,True,"[-0.0653, -0.1958, -0.1305, -0.1305]","[-830.0315, -920.7791, -2265.9656, -4455.3666]","[-1777917.7387, -1777920.6291, -2780185.9981, -2782375.3991]","[2.423, 2.994, 1.234, 1.809]","[[[3.4003, 0.0], [8.2543, -0.0653], [10.1103, -0.0653], [13.3939, -0.1305], [16.2492, -0.1305], [18.8189, -0.1305]], [[3.4003, 0.0], [8.2543, -0.0653], [10.1103, -0.0653], [13.3939, -0.1305], [15.6781, -0.1305], [15.9636, -0.3916]], [[3.4003, 0.0], [8.2543, -0.0653], [10.1103, -0.0653], [13.3939, -0.1305], [19.9611, -0.1305], [22.2453, -0.2611]], [[3.4003, 0.0], [8.2543, -0.0653], [10.1103, -0.0653], [13.3939, -0.1305], [19.9611, -0.2611], [18.8189, -0.2611]]]",0.6591,0.0,0.0,0.0,0.0,0.0,0.0,False,"[4, 4, 4]",0.0,0.0,0.0,1.2338,4.0,0.3862,2.5772,2.0191,0.4395,1.3087,1.2338,"[[3.4, 0.0], [8.254, -0.065], [10.11, -0.065], [13.394, -0.131], [18.105, -0.131], [18.819, -0.261]]",ok,2.9941,0.0,0.0,0.0,0.0,0.0,0.0,0.0,0.0,0.0,9fcdc52b791045e99c623c5fc643331f,scene-0103,42
2.1193,2.1605,1.2867,1.7786,1.9924,1.8768,0.0,0.0,0.0,0.0,0.0,0.0,0.0,0.0,0.0,ok,straight,2.1193,2.1605,3.1399,1.6358,1.9212,2.1144,False,"[-0.0, -0.0653, -0.1958, -0.0]","[-24.9336, -20.658, -311.969, -2492.3859]","[-253044.5015, -253045.3138, -1253357.9516, -1255538.3685]","[1.829, 1.829, 2.403, 2.496]","[[[1.4016, 0.0], [2.8293, 0.0], [3.6858, -0.0653], [4.5424, 0.0], [5.399, -0.1305], [6.8267, 0.0]], [[1.4016, 0.0], [2.8293, 0.0], [3.6858, -0.0653], [4.5424, 0.0], [5.6846, 0.0], [6.5412, -0.1305]], [[1.4016, 0.0], [2.8293, 0.0], [3.6858, -0.0653], [4.5424, 0.0], [5.6846, 0.1305], [9.9675, -0.3916]], [[1.4016, 0.0], [2.8293, 0.0], [3.6858, -0.0653], [4.5424, 0.0], [4.5424, -0.1305], [11.6807, 0.0]]]",0.3118,0.0,0.0,0.0,0.0,0.0,0.0,True,"[4, 4, 4]",0.0,0.0,0.0,1.8293,4.0,2.1193,2.1605,1.2867,1.6358,1.9212,1.8293,"[[1.402, 0.0], [2.829, 0.0], [3.686, -0.065], [4.542, 0.0], [5.542, -0.065], [8.397, -0.065]]",ok,2.4959,0.0,0.0,0.0,0.0,0.0,0.0,0.0,0.0,0.0,f1b7b463072e4630b2c1d5ba8b6cd50b,scene-0104,42
2.6776,4.9571,7.1548,2.1235,3.2802,4.3078,0.0,0.0,0.0,0.0,0.0,0.0,0.0,0.0,0.0,ok,straight,0.9658,5.2426,7.2993,0.9108,2.4954,3.9038,True,"[-0.0, -0.0653, -0.8486, -0.0]","[-553.5201, -428.0546, -413.4147, -3433.0666]","[-545718.0347, -545718.119, -1546132.5937, -1549152.2457]","[4.598, 3.785, 3.813, 3.453]","[[[2.972, 0.0], [6.2556, 0.0], [7.826, -0.1305], [9.1109, -0.1305], [11.3952, -0.7833], [11.1096, 0.0]], [[2.972, 0.0], [6.2556, 0.0], [7.826, -0.1305], [9.1109, -0.1305], [12.5373, -0.1305], [14.8215, -0.1305]], [[2.972, 0.0], [6.2556, 0.0], [7.826, -0.1305], [9.1109, -0.1305], [11.1096, -0.3916], [16.2492, -1.6971]], [[2.972, 0.0], [6.2556, 0.0], [7.826, -0.1305], [9.1109, -0.1305], [14.8215, 0.0], [14.536, 0.0]]]",0.4204,0.0,0.0,0.0,0.0,0.0,0.0,True,"[4, 4, 4]",0.0,0.0,0.0,3.4533,4.0,0.9658,5.2426,7.4444,0.9108,2.4954,3.4533,"[[2.972, 0.0], [6.256, 0.0], [7.826, -0.131], [9.111, -0.131], [11.966, -0.261], [14.679, -0.065]]",ok,4.5978,0.0,0.0,0.0,0.0,0.0,0.0,0.0,0.0,0.0,8c394cbb9706486aae5c0edc1d704178,scene-0104,42
1.1159,3.1002,5.1246,0.8365,1.5254,2.477,0.0,0.0,0.0,0.0,0.0,0.0,0.0,0.0,0.0,ok,straight,0.8905,1.8195,4.2687,0.8661,1.3271,2.2996,True,"[-0.0653, -0.1958, -0.0, -0.0653]","[-3369.4481, -4246.4277, -73373.9169, -619464.8016]","[-3580481.4331, -3581358.4127, -3650485.9019, -4196576.7866]","[2.345, 2.157, 3.752, 11.704]","[[[3.4003, 0.0], [9.3964, -0.0653], [10.6813, -0.1305], [15.5353, -0.0653], [18.2479, -0.1305], [21.3887, -0.1305]], [[3.4003, 0.0], [9.3964, -0.0653], [10.6813, -0.1305], [15.5353, -0.0653], [17.6768, -0.6527], [23.1019, -0.3916]], [[3.4003, 0.0], [9.3964, -0.0653], [10.6813, -0.1305], [15.5353, -0.0653], [33.952, -0.2611], [21.3887, 0.0]], [[3.4003, 0.0], [9.3964, -0.0653], [10.6813, -0.1305], [15.5353, -0.0653], [69.6432, -0.5222], [43.66, -0.1305]]]",3.9253,0.0,0.0,0.0,0.0,0.0,0.0,False,"[4, 4, 4]",0.0,0.0,0.0,2.1568,4.0,0.8905,1.8195,3.4088,0.8661,1.3271,2.1568,"[[3.4, 0.0], [9.396, -0.065], [10.681, -0.131], [15.535, -0.065], [26.1, -0.392], [22.245, -0.131]]",ok,11.7037,0.0,0.0,1.0,0.0,0.0,1.0,0.0,0.0,0.16666666666666666,84fd8f6d5b2c406e9ddd1c3b72690917,scene-0104,42
3.8124,7.2458,11.9196,2.9879,4.7291,6.7837,0.0,0.0,0.0,0.0,0.0,0.0,0.0,0.0,0.0,ok,straight,2.9559,6.8178,9.0643,2.3455,4.2295,5.9748,True,"[-0.1305, -0.0, -0.1305, -0.0]","[-331.899, -762.3581, -9592.747, -149839.3697]","[-2091010.2359, -3091772.2213, -3100602.6102, -3240849.2329]","[6.546, 6.119, 6.403, 11.139]","[[[3.5431, 0.0], [7.1122, 0.0], [9.3964, -0.1305], [12.68, -0.0653], [14.2505, -0.1305], [16.2492, -0.2611]], [[3.5431, 0.0], [7.1122, 0.0], [9.3964, -0.1305], [12.68, -0.0653], [14.2505, 0.2611], [18.8189, 0.0]], [[3.5431, 0.0], [7.1122, 0.0], [9.3964, -0.1305], [12.68, -0.0653], [10.8241, -0.1305], [20.5321, -0.2611]], [[3.5431, 0.0], [7.1122, 0.0], [9.3964, -0.1305], [12.68, -0.0653], [15.107, -0.2611], [69.6432, 0.0]]]",2.0766,0.0,0.0,0.0,0.0,0.0,0.0,False,"[4, 4, 4]",0.0,0.0,0.0,6.1193,4.0,2.9559,6.8178,9.9224,2.3455,4.2295,6.1193,"[[3.543, 0.0], [7.112, 0.0], [9.396, -0.131], [12.68, -0.065], [14.25, -0.131], [19.676, -0.131]]",ok,11.1387,0.0,0.0,0.0,0.0,0.0,0.0,0.0,0.0,0.0,34875eefe5f943d38f5495664ff53bb0,scene-0104,42
9.3011,18.718,28.3119,6.984,11.6726,16.4231,0.0,0.0,0.0,0.0,0.0,0.0,0.0,0.0,0.0,ok,straight,9.3011,18.718,28.3119,6.984,11.6726,14.3847,True,"[-0.0, -0.0]","[-0.013, -1661754.6768]","[-1500893.0364, -4162648.7132]","[16.423, 20.19]","[[[-0.026, 0.0], [-0.026, 0.0], [-0.026, 0.0], [-0.026, 0.0], [-0.026, 0.0], [-0.026, 0.0]], [[-0.026, 0.0], [-0.026, 0.0], [-0.026, 0.0], [-0.026, 0.0], [69.6432, -0.2611], [-0.026, 0.0]]]",1.8834,0.0,0.0,0.0,0.0,0.0,0.0,False,"[3, 1, 2]",0.0,0.0,0.0,16.4231,2.0,9.3011,18.718,28.3119,6.984,11.6726,16.4231,"[[-0.026, 0.0], [-0.026, 0.0], [-0.026, 0.0], [-0.026, 0.0], [34.809, -0.131], [-0.026, 0.0]]",ok,20.1899,0.0,0.0,0.0,0.0,0.0,0.0,0.0,0.0,0.0,8d56b71c09c04ece827107b3c103498f,scene-0105,42
1.8066,3.4932,5.3043,1.2076,1.9769,2.9548,0.0,0.0,0.0,0.0,0.0,0.0,0.0,0.0,0.0,ok,straight,2.0917,0.484,3.0653,1.3502,0.879,2.9813,False,"[-0.7833, -0.0653, -0.1958, -0.5222]","[-2069.8857, -2961.4815, -234113.5718, -677434.8962]","[-2075517.1701, -2076408.7659, -2307560.8562, -2750882.1807]","[1.66, 2.223, 5.398, 8.931]","[[[4.2569, 0.0], [7.6833, 0.0], [14.3932, 0.0], [19.2472, 0.1305], [20.8176, 0.3916], [25.3861, -1.5666]], [[4.2569, 0.0], [7.6833, 0.0], [14.3932, 0.0], [19.2472, 0.1305], [19.1045, 0.1305], [22.5308, 0.1305]], [[4.2569, 0.0], [7.6833, 0.0], [14.3932, 0.0], [19.2472, 0.1305], [48.7996, -0.6527], [24.244, 0.3916]], [[4.2569, 0.0], [7.6833, 0.0], [14.3932, 0.0], [19.2472, 0.1305], [69.6432, -0.3916], [31.6678, 1.0444]]]",2.9017,0.0,0.0,0.0,0.0,0.0,0.0,False,"[4, 4, 4]",0.0,0.0,0.0,1.6601,4.0,2.0917,0.484,3.6595,1.3502,0.879,1.6601,"[[4.257, 0.0], [7.683, 0.0], [14.393, 0.0], [19.247, 0.131], [34.809, -0.131], [24.815, 0.261]]",ok,8.931,0.0,0.0,0.0,0.0,0.0,0.0,0.0,0.0,0.0,d0cc76c904c542b39553f012e4791ef0,scene-0105,42
0.4579,0.5106,0.3563,0.2455,0.3504,0.401,0.0,0.0,0.0,0.0,0.0,0.0,0.0,0.0,0.0,ok,straight,0.6002,1.6538,1.7704,0.8025,1.0928,1.0853,False,"[-0.0, -0.2611, -0.1305, -0.0653]","[-911.7363, -5518.9546, -24344.29, -144135.6599]","[-3141858.3036, -3146465.5219, -3165290.8574, -3285082.2273]","[0.943, 1.613, 2.516, 9.6]","[[[4.1141, 0.0], [6.6839, 0.0], [10.1103, 0.0], [13.3939, -0.0653], [14.2505, 0.0], [18.2479, 0.0]], [[4.1141, 0.0], [6.6839, 0.0], [10.1103, 0.0], [13.3939, -0.0653], [12.5373, 0.1305], [20.5321, 0.5222]], [[4.1141, 0.0], [6.6839, 0.0], [10.1103, 0.0], [13.3939, -0.0653], [23.9585, -2.0888], [16.2492, -0.2611]], [[4.1141, 0.0], [6.6839, 0.0], [10.1103, 0.0], [13.3939, -0.0653], [15.9636, -0.5222], [69.6432, 0.1305]]]",3.4703,0.0,0.0,0.0,0.0,0.0,0.0,True,"[4, 4, 4]",0.0,0.0,0.0,0.9426,4.0,0.6002,1.6538,0.6356,0.8025,1.0928,0.9426,"[[4.114, 0.0], [6.684, 0.0], [10.11, 0.0], [13.394, -0.065], [15.107, -0.261], [19.39, 0.065]]",ok,9.6003,0.0,0.0,0.0,0.0,0.0,0.0,0.0,0.0,0.0,6a467240b14745cd8ab11701bd4f08d3,scene-0105,42
0.7863,3.3154,6.2239,0.4134,1.534,2.991,0.0,0.0,0.0,0.0,0.0,0.0,0.0,0.0,0.0,ok,straight,0.9289,4.3147,6.0749,0.6645,1.5174,2.5508,True,"[-0.0653, -0.0, -0.0653, -0.0]","[-1561.8733, -3136.829, -4388.0957, -5264.7603]","[-2901650.9147, -2903225.8704, -2904477.1371, -2905353.8017]","[2.98, 2.456, 2.647, 2.03]","[[[1.8299, 0.0], [5.9701, 0.0], [7.5405, -0.0653], [6.6839, 0.0], [9.1109, 0.0], [10.5386, -0.1305]], [[1.8299, 0.0], [5.9701, 0.0], [7.5405, -0.0653], [6.6839, 0.0], [10.8241, 0.0], [11.9662, 0.0]], [[1.8299, 0.0], [5.9701, 0.0], [7.5405, -0.0653], [6.6839, 0.0], [11.1096, 0.3916], [10.5386, 0.1305]], [[1.8299, 0.0], [5.9701, 0.0], [7.5405, -0.0653], [6.6839, 0.0], [12.2517, -0.1305], [13.1083, 0.0]]]",0.3434,0.0,0.0,0.0,0.0,0.0,0.0,False,"[4, 4, 4]",0.0,0.0,0.0,2.03,4.0,0.9289,4.3147,4.221,0.6645,1.5174,2.03,"[[1.83, 0.0], [5.97, 0.0], [7.541, -0.065], [6.684, 0.0], [10.967, 0.0], [11.252, 0.0]]",ok,2.9798,0.0,0.0,0.0,0.0,0.0,0.0,0.0,0.0,0.0,aa0a917a785d453cb7803ddd67c2fc9b,scene-0105,42
4.6303,8.8382,14.8131,3.4008,5.6378,8.0928,0.0,0.0,0.0,0.0,0.0,0.0,0.0,0.0,0.0,ok,straight,3.6313,7.2714,16.5246,2.6161,4.8537,7.6941,True,"[-0.0653, -0.0, -0.0653, -0.0]","[-1025.5075, -2290.7547, -2968.2401, -2996.808]","[-1376262.9944, -2378554.3693, -2379231.8547, -2379260.4226]","[7.478, 7.059, 8.528, 7.999]","[[[1.6871, 0.0653], [2.972, 0.0], [3.1148, 0.0], [5.5418, 0.0], [5.1135, 0.0], [5.6846, -0.1305]], [[1.6871, 0.0653], [2.972, 0.0], [3.1148, 0.0], [5.5418, 0.0], [8.5399, -0.3916], [4.828, 0.0]], [[1.6871, 0.0653], [2.972, 0.0], [3.1148, 0.0], [5.5418, 0.0], [2.5437, -0.5222], [1.9727, -0.1305]], [[1.6871, 0.0653], [2.972, 0.0], [3.1148, 0.0], [5.5418, 0.0], [7.1122, -0.1305], [0.545, 0.0]]]",0.5518,0.0,0.0,0.0,0.0,0.0,0.0,False,"[4, 4, 4]",0.0,0.0,0.0,7.0591,4.0,3.6313,7.2714,15.0972,2.6161,4.8537,7.0591,"[[1.687, 0.065], [2.972, 0.0], [3.115, 0.0], [5.542, 0.0], [6.113, -0.261], [3.4, -0.065]]",ok,8.528,0.0,0.0,0.0,0.0,0.0,0.0,0.0,0.0,0.0,04ebf63518914e0883bdffdb0b6c3f4c,scene-0106,42
0.6749,0.2929,1.9366,0.3801,0.299,0.5711,0.0,0.0,0.0,0.0,0.0,0.0,0.0,0.0,0.0,ok,straight,0.2531,0.2708,1.0295,0.1693,0.2185,0.4099,True,"[-0.1305, -0.3916, -8.2899, -0.0653]","[-75.5942, -5034.6619, -17458.6682, -158065.2691]","[-504660.6774, -1509696.6233, -1522120.6296, -1662727.2305]","[0.674, 0.878, 3.424, 8.857]","[[[3.1148, 0.0], [6.5412, 0.0], [9.5392, -0.0653], [12.3945, -0.1305], [14.2505, -0.2611], [16.8202, -0.2611]], [[3.1148, 0.0], [6.5412, 0.0], [9.5392, -0.0653], [12.3945, -0.1305], [19.6755, 0.0], [18.8189, -0.7833]], [[3.1148, 0.0], [6.5412, 0.0], [9.5392, -0.0653], [12.3945, -0.1305], [16.8202, 0.0], [13.1083, 16.5798]], [[3.1148, 0.0], [6.5412, 0.0], [9.5392, -0.0653], [12.3945, -0.1305], [14.2505, 0.0], [69.6432, -0.1305]]]",3.2999,0.0,0.0,0.0,0.0,0.0,0.0,True,"[3, 4, 4]",0.0,0.0,0.0,0.6741,4.0,0.2531,0.2708,1.9366,0.1693,0.2185,0.6741,"[[3.115, 0.0], [6.541, 0.0], [9.539, -0.065], [12.395, -0.131], [15.535, 0.0], [17.82, -0.196]]",ok,8.8569,0.0,0.0,0.0,0.0,0.0,0.0,0.0,0.0,0.0,66317c99b4524905bfb5cd70dac8932a,scene-0106,42
1.9747,4.3585,5.1557,1.4055,2.6437,3.6613,0.0,0.0,0.0,0.0,0.0,0.0,0.0,0.0,0.0,ok,straight,0.5542,3.7889,3.4225,0.6238,2.1809,2.8488,True,"[-0.0653, -0.1305, -0.1958, -0.0653]","[-1307.4128, -3472.833, -6843.1607, -76246.5241]","[-2272163.9134, -2274329.3337, -2277699.6614, -2347103.0247]","[3.258, 2.494, 4.394, 3.706]","[[[3.2576, 0.0], [7.3977, 0.1305], [8.2543, -0.0653], [11.6807, -0.1305], [14.2505, -0.1305], [17.3913, -0.1305]], [[3.2576, 0.0], [7.3977, 0.1305], [8.2543, -0.0653], [11.6807, -0.1305], [14.536, 0.1305], [24.5295, 0.2611]], [[3.2576, 0.0], [7.3977, 0.1305], [8.2543, -0.0653], [11.6807, -0.1305], [9.682, 0.3916], [15.107, 0.3916]], [[3.2576, 0.0], [7.3977, 0.1305], [8.2543, -0.0653], [11.6807, -0.1305], [31.6678, -0.3916], [21.9598, 0.1305]]]",0.6904,0.0,0.0,0.0,0.0,0.0,0.0,False,"[4, 4, 4]",0.0,0.0,0.0,2.4938,4.0,0.5542,3.7889,1.4403,0.6238,2.1809,2.4938,"[[3.258, 0.0], [7.398, 0.131], [8.254, -0.065], [11.681, -0.131], [14.393, 0.0], [19.676, 0.196]]",ok,4.3937,0.0,0.0,0.0,0.0,0.0,0.0,0.0,0.0,0.0,94d3fc9d266743588dca2efc73d9fbce,scene-0106,42
0.3286,0.905,1.49,0.2992,0.5008,0.8198,0.0,0.0,0.0,0.0,0.0,0.0,0.0,0.0,0.0,ok,straight,0.6662,0.6963,0.6813,0.4084,0.5935,0.6603,True,"[-0.6527, -1.1097, -8.2899, -0.4569]","[-107.5011, -1147.7767, -11772.9509, -36320.0597]","[-672354.8867, -1673504.1046, -1684129.2788, -1708676.3877]","[0.89, 1.117, 3.566, 2.417]","[[[2.401, -0.1305], [5.399, -0.2611], [7.5405, -0.4569], [8.8254, -0.6527], [9.9675, -1.436], [11.6807, -1.3055]], [[2.401, -0.1305], [5.399, -0.2611], [7.5405, -0.4569], [8.8254, -0.6527], [10.5386, -1.5666], [10.8241, 2.2193]], [[2.401, -0.1305], [5.399, -0.2611], [7.5405, -0.4569], [8.8254, -0.6527], [8.2543, 0.9138], [14.2505, 16.5798]], [[2.401, -0.1305], [5.399, -0.2611], [7.5405, -0.4569], [8.8254, -0.6527], [21.3887, -0.3916], [13.1083, -0.9138]]]",1.0765,0.0,0.0,0.0,0.0,0.0,0.0,True,"[4, 4, 4]",0.0,0.0,0.0,0.8903,4.0,0.6662,0.6963,1.49,0.4084,0.5935,0.8903,"[[2.401, -0.131], [5.399, -0.261], [7.541, -0.457], [8.825, -0.653], [10.253, -0.914], [12.395, 0.653]]",ok,3.5657,0.0,0.0,0.0,0.0,0.0,0.0,0.0,0.0,0.0,b988f7f03263462d94d39a722dc820ca,scene-0106,42
0.1842,0.22,2.471,0.3161,0.26,0.6981,0.0,0.0,0.0,0.0,0.0,0.0,0.0,0.0,0.0,ok,straight,2.319,0.22,2.2256,1.3124,0.7581,0.9573,False,"[-0.2611, -0.2611, -0.8486, -7.5719]","[-848.3619, -917.9687, -2098.6795, -15112.1891]","[-584081.0712, -584081.0827, -1586181.0382, -1599194.5478]","[1.03, 0.942, 1.09, 3.491]","[[[2.6865, 0.0], [6.6839, -0.1305], [7.6833, -0.2611], [10.253, -0.2611], [12.5373, -0.3916], [13.6794, -0.5222]], [[2.6865, 0.0], [6.6839, -0.1305], [7.6833, -0.2611], [10.253, -0.2611], [13.1083, -0.3916], [13.9649, -0.5222]], [[2.6865, 0.0], [6.6839, -0.1305], [7.6833, -0.2611], [10.253, -0.2611], [15.6781, -0.7833], [16.8202, -1.6971]], [[2.6865, 0.0], [6.6839, -0.1305], [7.6833, -0.2611], [10.253, -0.2611], [9.3964, 0.0], [13.3939, -15.1438]]]",1.0712,0.0,0.0,0.0,0.0,0.0,0.0,True,"[4, 3, 4]",0.0,0.0,0.0,0.9419,4.0,2.319,0.22,2.1994,1.3124,0.7581,0.9419,"[[2.686, 0.0], [6.684, -0.131], [7.683, -0.261], [10.253, -0.261], [12.823, -0.392], [13.822, -1.11]]",ok,3.4915,0.0,0.0,0.0,0.0,0.0,0.0,0.0,0.0,0.0,ad8905836f364a87a7233eb0aef915ea,scene-0107,42
3.1507,7.1882,12.1058,2.3356,4.2795,6.4808,0.0,0.0,0.0,0.0,0.0,0.0,0.0,0.0,0.0,ok,right,3.0635,7.7211,6.87,2.2141,4.31,5.6963,True,"[-2.2846, -2.7415, 5.94, 2.3499]","[-67.9437, -4804.6346, -14622.0413, -29275.3384]","[-500807.6058, -1505612.4562, -1515429.8629, -1530083.16]","[6.701, 6.306, 6.37, 7.645]","[[[2.401, -0.0653], [4.6852, 0.3916], [6.6839, 0.5222], [8.5399, 1.6971], [10.5386, 3.0026], [12.8228, 4.5692]], [[2.401, -0.0653], [4.6852, 0.3916], [6.6839, 0.5222], [8.5399, 1.6971], [10.253, 5.8747], [19.9611, 5.4831]], [[2.401, -0.0653], [4.6852, 0.3916], [6.6839, 0.5222], [8.5399, 1.6971], [13.3939, -5.4831], [32.5244, -11.88]], [[2.401, -0.0653], [4.6852, 0.3916], [6.6839, 0.5222], [8.5399, 1.6971], [1.4016, 0.2611], [13.6794, -4.6998]]]",0.5351,0.0,0.0,0.0,0.0,0.0,0.0,False,"[4, 4, 4]",0.0,0.0,0.0,6.3061,4.0,3.0635,7.7211,8.3813,2.2141,4.31,6.3061,"[[2.401, -0.065], [4.685, 0.392], [6.684, 0.522], [8.54, 1.697], [10.396, 1.632], [16.82, -0.065]]",ok,7.6452,0.0,0.0,0.0,0.0,0.0,0.0,0.0,0.0,0.0,84c24cd1d7914f72bb2fa17a6c5c41e5,scene-0107,42
1.0141,1.1436,0.5939,0.7411,0.9269,1.0668,0.0,0.0,0.0,0.0,0.0,0.0,0.0,0.0,0.0,ok,straight,2.5839,1.2994,1.6918,1.4549,1.2173,1.2528,False,"[-0.1305, -0.7833, -0.1305, -1.5013]","[-1724.9114, -1954.3815, -3834.7182, -850752.2427]","[-2758985.8938, -2759215.364, -2761095.7007, -3608013.2251]","[1.283, 1.126, 1.593, 9.324]","[[[4.1141, 0.0], [10.9669, -0.1305], [13.5366, -0.2611], [15.8209, -0.0653], [20.5321, 0.0], [27.3848, -0.2611]], [[4.1141, 0.0], [10.9669, -0.1305], [13.5366, -0.2611], [15.8209, -0.0653], [21.1032, -0.2611], [26.5282, -1.5666]], [[4.1141, 0.0], [10.9669, -0.1305], [13.5366, -0.2611], [15.8209, -0.0653], [23.3874, -0.1305], [27.9559, -0.2611]], [[4.1141, 0.0], [10.9669, -0.1305], [13.5366, -0.2611], [15.8209, -0.0653], [69.6432, -0.5222], [24.8151, -3.0026]]]",3.464,0.0,0.0,0.0,0.0,0.0,0.0,False,"[4, 4, 4]",0.0,0.0,0.0,1.1257,4.0,2.5839,1.2994,1.6938,1.4549,1.2173,1.1257,"[[4.114, 0.0], [10.967, -0.131], [13.537, -0.261], [15.821, -0.065], [22.245, -0.196], [26.957, -0.914]]",ok,9.3244,0.0,0.0,0.0,0.0,0.0,0.0,0.0,0.0,0.0,2d4012e701194ca6a79709cfbfb6bb93,scene-0107,42
0.1629,0.5453,1.1661,0.1109,0.2351,0.4797,0.0,0.0,0.0,0.0,0.0,0.0,0.0,0.0,0.0,ok,straight,0.7253,0.9458,0.7101,0.4584,1.3271,1.5182,False,"[-0.0653, -0.0653, -0.718, -0.0653]","[-5458.5727, -24272.5835, -26690.9386, -70780.1536]","[-2293914.2396, -2312728.2504, -2315146.6055, -2359235.8205]","[1.208, 2.706, 3.225, 3.471]","[[[3.8286, 0.0], [7.9688, 0.0], [14.3932, -0.1305], [13.9649, -0.5222], [17.9623, -0.1305], [21.6742, -0.1305]], [[3.8286, 0.0], [7.9688, 0.0], [14.3932, -0.1305], [13.9649, -0.5222], [25.6716, -0.1305], [26.8138, 0.1305]], [[3.8286, 0.0], [7.9688, 0.0], [14.3932, -0.1305], [13.9649, -0.5222], [7.3977, -0.1305], [20.5321, -1.436]], [[3.8286, 0.0], [7.9688, 0.0], [14.3932, -0.1305], [13.9649, -0.5222], [31.6678, 0.6527], [25.3861, -0.1305]]]",0.8786,0.0,0.0,0.0,0.0,0.0,0.0,False,"[4, 4, 4]",0.0,0.0,0.0,1.2077,4.0,0.7253,0.9458,1.1661,0.4584,1.3271,1.2077,"[[3.829, 0.0], [7.969, 0.0], [14.393, -0.131], [13.965, -0.522], [21.817, -0.131], [23.53, -0.131]]",ok,3.4706,0.0,0.0,0.0,0.0,0.0,0.0,0.0,0.0,0.0,5d6dc0be4bc645b396e714c7ba65e48a,scene-0107,42
0.3427,1.3457,3.677,0.2339,0.6152,1.4116,0.0,0.0,0.0,0.0,0.0,0.0,0.0,0.0,0.0,ok,straight,17.9316,2.5102,1.6856,9.171,5.5868,4.7121,False,"[-0.1958, -0.1305, -0.0, -0.0]","[-145944.0771, -147079.9093, -152333.2156, -152652.1749]","[-3383606.3676, -3384742.1998, -3389995.5061, -3390314.4653]","[5.546, 4.282, 5.187, 4.726]","[[[0.545, 0.0], [18.2479, 0.0], [2.1154, -0.0653], [3.8286, -0.0653], [7.6833, -0.6527], [9.1109, -0.3916]], [[0.545, 0.0], [18.2479, 0.0], [2.1154, -0.0653], [3.8286, -0.0653], [5.399, 0.1305], [3.4003, 0.2611]], [[0.545, 0.0], [18.2479, 0.0], [2.1154, -0.0653], [3.8286, -0.0653], [7.9688, -0.1305], [0.545, 0.0]], [[0.545, 0.0], [18.2479, 0.0], [2.1154, -0.0653], [3.8286, -0.0653], [-0.026, 0.0], [-0.026, 0.0]]]",0.4762,0.0,0.0,0.0,0.0,0.0,0.0,False,"[4, 4, 4]",0.0,0.0,0.0,4.2819,4.0,17.9316,2.5102,0.2492,9.171,5.5868,4.2819,"[[0.545, 0.0], [18.248, 0.0], [2.115, -0.065], [3.829, -0.065], [6.541, -0.065], [1.973, 0.0]]",ok,5.5461,0.0,0.0,0.0,0.0,0.0,0.0,0.0,0.0,0.0,339ead96177c4e338fde8235c188cfaa,scene-0108,42
2.9195,6.548,9.4126,2.1089,3.8944,5.4955,0.0,0.0,0.0,0.0,0.0,0.0,0.0,0.0,0.0,ok,straight,3.6331,7.9924,9.4132,2.4656,4.3982,5.8315,False,"[-0.0653, -0.0653, -0.9791, -0.1305]","[-1367.5013, -1458.7086, -2276.4551, -2385.083]","[-1291483.548, -1291574.7553, -1292392.5018, -1292501.1297]","[5.736, 5.831, 5.767, 6.88]","[[[1.9727, 0.0], [4.6852, -0.1305], [5.8273, -0.1305], [9.1109, -0.5875], [9.1109, -0.1305], [9.9675, -0.1305]], [[1.9727, 0.0], [4.6852, -0.1305], [5.8273, -0.1305], [9.1109, -0.5875], [9.1109, -0.1305], [10.5386, -0.1305]], [[1.9727, 0.0], [4.6852, -0.1305], [5.8273, -0.1305], [9.1109, -0.5875], [8.5399, -0.1305], [10.5386, -1.9582]], [[1.9727, 0.0], [4.6852, -0.1305], [5.8273, -0.1305], [9.1109, -0.5875], [13.6794, 0.3916], [12.2517, -0.2611]]]",0.4782,0.0,0.0,0.0,0.0,0.0,0.0,False,"[4, 4, 4]",0.0,0.0,0.0,5.7362,4.0,3.6331,7.9924,8.8415,2.4656,4.3982,5.7362,"[[1.973, 0.0], [4.685, -0.131], [5.827, -0.131], [9.111, -0.587], [9.111, -0.131], [10.539, -0.196]]",ok,6.8799,0.0,0.0,0.0,0.0,0.0,0.0,0.0,0.0,0.0,3c61eda50f694585bac0614e4660eca1,scene-0108,42
1.1444,2.3369,1.8143,0.8068,1.3582,1.573,0.0,0.0,0.0,0.0,0.0,0.0,0.0,0.0,0.0,ok,right,0.8614,2.3049,2.6267,0.5229,1.0778,1.7964,False,"[1.8277, 1.1749, -2.1541, -0.1305]","[-333.5051, -3982.4352, -7428.2587, -10806.5757]","[-503320.6314, -1507305.5111, -1510751.3345, -1514129.6516]","[1.351, 3.291, 2.582, 2.496]","[[[0.8306, 0.0], [2.5437, -0.2611], [3.9714, -0.9138], [6.5412, -2.0235], [7.3977, -3.1332], [9.1109, -3.6554]], [[0.8306, 0.0], [2.5437, -0.2611], [3.9714, -0.9138], [6.5412, -2.0235], [13.9649, -2.7415], [14.8215, -2.3499]], [[0.8306, 0.0], [2.5437, -0.2611], [3.9714, -0.9138], [6.5412, -2.0235], [7.9688, -4.8303], [9.3964, 4.3081]], [[0.8306, 0.0], [2.5437, -0.2611], [3.9714, -0.9138], [6.5412, -2.0235], [10.253, -5.8747], [3.9714, 0.2611]]]",0.6952,0.0,0.0,0.0,0.0,0.0,0.0,False,"[4, 4, 4]",0.0,0.0,0.0,1.3509,4.0,0.8614,2.3049,1.8143,0.5229,1.0778,1.3509,"[[0.831, 0.0], [2.544, -0.261], [3.971, -0.914], [6.541, -2.024], [9.111, -3.982], [9.254, -1.044]]",ok,3.291,0.0,0.0,1.0,0.0,0.0,1.0,0.0,0.0,0.16666666666666666,ccd733959138440885578f1afeaaa4a7,scene-0108,42
0.7917,0.0527,0.5352,0.4763,0.4866,0.4424,0.0,0.0,0.0,0.0,0.0,0.0,0.0,0.0,0.0,ok,straight,1.5023,2.5542,0.6089,1.1881,1.4699,1.4142,False,"[-0.1305, -0.0653, -0.3916, -0.1958]","[-3696.8782, -4053.3695, -37954.2219, -80452.653]","[-3350686.1706, -3351042.6619, -3384943.5143, -3427441.9454]","[1.145, 1.488, 2.624, 9.447]","[[[4.3997, 0.0], [8.1116, -0.1305], [11.1096, -0.1958], [11.6807, -0.2611], [18.2479, -0.2611], [21.3887, -0.2611]], [[4.3997, 0.0], [8.1116, -0.1305], [11.1096, -0.1958], [11.6807, -0.2611], [19.1045, 0.0], [24.244, -0.1305]], [[4.3997, 0.0], [8.1116, -0.1305], [11.1096, -0.1958], [11.6807, -0.2611], [25.3861, 0.0], [19.6755, -0.7833]], [[4.3997, 0.0], [8.1116, -0.1305], [11.1096, -0.1958], [11.6807, -0.2611], [21.1032, -1.6971], [69.6432, -0.3916]]]",3.3764,0.0,0.0,0.0,0.0,0.0,0.0,False,"[4, 4, 4]",0.0,0.0,0.0,1.1455,4.0,1.5023,2.5542,0.8205,1.1881,1.4699,1.1455,"[[4.4, 0.0], [8.112, -0.131], [11.11, -0.196], [11.681, -0.261], [20.104, -0.131], [22.816, -0.326]]",ok,9.4468,0.0,0.0,0.0,0.0,0.0,0.0,0.0,0.0,0.0,0141260a339d4b37addb55818bbae718,scene-0108,42
1.2078,1.0661,2.1598,0.8186,0.9902,1.4303,0.0,0.0,0.0,0.0,0.0,0.0,0.0,0.0,0.0,ok,straight,0.506,2.6214,1.1108,0.4677,1.2411,1.3696,True,"[-0.1305, -0.0, -0.3264, -0.1305]","[-642.1428, -1281.9405, -9176.2733, -92911.1992]","[-2185463.8213, -2186103.619, -2193997.9518, -2277732.8777]","[1.598, 1.578, 1.602, 3.953]","[[[3.6858, 0.0], [8.5399, -0.1305], [10.3958, -0.0653], [12.68, -0.0653], [16.2492, -0.2611], [19.9611, -0.2611]], [[3.6858, 0.0], [8.5399, -0.1305], [10.3958, -0.0653], [12.68, -0.0653], [15.107, 0.0], [21.9598, 0.0]], [[3.6858, 0.0], [8.5399, -0.1305], [10.3958, -0.0653], [12.68, -0.0653], [21.3887, 0.2611], [20.2466, -0.6527]], [[3.6858, 0.0], [8.5399, -0.1305], [10.3958, -0.0653], [12.68, -0.0653], [17.1058, 16.5798], [23.3874, -0.2611]]]",1.0224,0.0,0.0,0.0,0.0,0.0,0.0,False,"[4, 4, 4]",0.0,0.0,0.0,1.5775,4.0,0.506,2.6214,0.8705,0.4677,1.2411,1.5775,"[[3.686, 0.0], [8.54, -0.131], [10.396, -0.065], [12.68, -0.065], [16.677, 0.131], [21.103, -0.261]]",ok,3.9533,0.0,0.0,0.0,0.0,0.0,0.0,0.0,0.0,0.0,4d0d06979c984a72bfb9e6c5e3a35f84,scene-0109,42
1.0945,2.623,3.0089,0.962,1.7399,2.2326,0.0,0.0,0.0,0.0,0.0,0.0,0.0,0.0,0.0,ok,right,1.2321,2.7651,3.504,0.8868,1.8456,2.5005,False,"[0.9138, 0.8486, -3.1985, 0.5222]","[-254.0054, -187.0942, -3829.7642, -48385.3445]","[-250578.6373, -250578.6719, -1254409.6983, -1298965.2787]","[2.055, 2.307, 3.625, 4.647]","[[[2.8293, -0.0653], [5.5418, -0.1958], [8.9682, -0.3916], [11.2524, -0.7833], [12.8228, -1.6971], [16.2492, -1.8277]], [[2.8293, -0.0653], [5.5418, -0.1958], [8.9682, -0.3916], [11.2524, -0.7833], [14.2505, -1.0444], [16.2492, -1.6971]], [[2.8293, -0.0653], [5.5418, -0.1958], [8.9682, -0.3916], [11.2524, -0.7833], [15.6781, -1.1749], [17.1058, 6.3969]], [[2.8293, -0.0653], [5.5418, -0.1958], [8.9682, -0.3916], [11.2524, -0.7833], [26.5282, -1.5666], [17.9623, -1.0444]]]",1.0459,0.0,0.0,0.0,0.0,0.0,0.0,True,"[4, 4, 4]",0.0,0.0,0.0,2.0553,4.0,1.2321,2.7651,2.984,0.8868,1.8456,2.0553,"[[2.829, -0.065], [5.542, -0.196], [8.968, -0.392], [11.252, -0.783], [14.964, -1.371], [16.677, -1.371]]",ok,4.6471,0.0,0.0,0.0,0.0,0.0,0.0,0.0,0.0,0.0,fe6cb26795a641bb96d5fada8f535b1c,scene-0109,42
0.843,2.2486,3.9049,0.5302,1.1823,1.9531,0.0,0.0,0.0,0.0,0.0,0.0,0.0,0.0,0.0,ok,left,0.4822,2.9016,3.9949,0.4398,1.6215,2.1919,False,"[-0.0653, -2.1541, 0.1305, 2.2846]","[-366.4574, -1176.0074, -14267.9188, -34646.5874]","[-809008.5869, -1810185.4049, -1823277.3163, -1843655.9849]","[2.246, 3.104, 2.629, 3.065]","[[[2.6865, -0.1305], [5.8273, -0.0653], [7.255, -0.3264], [10.3958, -0.2611], [13.6794, -0.1305], [16.2492, -0.1305]], [[2.6865, -0.1305], [5.8273, -0.0653], [7.255, -0.3264], [10.3958, -0.2611], [14.8215, -3.2637], [19.1045, -4.3081]], [[2.6865, -0.1305], [5.8273, -0.0653], [7.255, -0.3264], [10.3958, -0.2611], [19.39, 0.5222], [13.9649, 0.2611]], [[2.6865, -0.1305], [5.8273, -0.0653], [7.255, -0.3264], [10.3958, -0.2611], [23.3874, -0.9138], [15.6781, 4.5692]]]",0.351,0.0,0.0,0.0,0.0,0.0,0.0,False,"[4, 4, 4]",0.0,0.0,0.0,2.2459,4.0,0.4822,2.9016,3.9049,0.4398,1.6215,2.2459,"[[2.686, -0.131], [5.827, -0.065], [7.255, -0.326], [10.396, -0.261], [17.106, -0.522], [15.964, 0.065]]",ok,3.1041,0.0,0.0,0.0,0.0,0.0,0.0,0.0,0.0,0.0,c42868f6a88b4f0db5e64d3b206977df,scene-0109,42
1.0272,1.478,0.7611,0.6203,1.1922,1.3525,0.0,0.0,0.0,0.0,0.0,0.0,0.0,0.0,0.0,ok,straight,1.4568,1.7583,0.5812,4.7594,3.4017,2.487,False,"[-0.6527, -0.6527, -0.5222, -0.7833]","[-19027.2298, -19920.2942, -26563.6652, -913015.1524]","[-3316710.5118, -3317603.5762, -3324246.9472, -4210698.4344]","[2.724, 2.672, 3.58, 11.004]","[[[11.5379, -0.1305], [7.826, -0.1958], [12.2517, -0.5222], [15.3926, -0.9138], [19.1045, -1.0444], [22.2453, -1.3055]], [[11.5379, -0.1305], [7.826, -0.1958], [12.2517, -0.5222], [15.3926, -0.9138], [17.1058, -2.8721], [20.5321, -1.3055]], [[11.5379, -0.1305], [7.826, -0.1958], [12.2517, -0.5222], [15.3926, -0.9138], [15.6781, -1.5666], [27.3848, -1.0444]], [[11.5379, -0.1305], [7.826, -0.1958], [12.2517, -0.5222], [15.3926, -0.9138], [69.6432, -1.0444], [21.3887, -1.5666]]]",3.4882,0.0,0.0,0.0,0.0,0.0,0.0,False,"[4, 4, 4]",0.0,0.0,0.0,2.6722,4.0,1.4568,1.7583,0.7517,4.7594,3.4017,2.6722,"[[11.538, -0.131], [7.826, -0.196], [12.252, -0.522], [15.393, -0.914], [18.105, -1.305], [21.817, -1.305]]",ok,11.0043,0.0,0.0,0.0,0.0,0.0,0.0,0.0,0.0,0.0,d5fc40696a104448993f0ac24c29032d,scene-0109,42
0.6148,0.8291,1.4705,0.5746,0.6314,0.8495,0.0,0.0,0.0,0.0,0.0,0.0,0.0,0.0,0.0,ok,straight,1.0421,0.9711,1.6466,0.8595,1.0361,1.2209,False,"[-0.1305, -0.0653, -0.5222, -0.2611]","[-2565.5427, -2976.4725, -6647.3688, -780989.2418]","[-2431861.6442, -2432272.574, -2435943.4703, -3210285.3433]","[1.119, 1.355, 2.037, 8.799]","[[[4.3997, 0.0], [8.9682, -0.1305], [16.2492, -0.1305], [18.6762, -0.1305], [23.3874, -0.1305], [27.9559, -0.2611]], [[4.3997, 0.0], [8.9682, -0.1305], [16.2492, -0.1305], [18.6762, -0.1305], [22.5308, -0.1305], [31.3822, -0.1305]], [[4.3997, 0.0], [8.9682, -0.1305], [16.2492, -0.1305], [18.6762, -0.1305], [18.5334, -0.7833], [27.6704, -1.0444]], [[4.3997, 0.0], [8.9682, -0.1305], [16.2492, -0.1305], [18.6762, -0.1305], [69.6432, -0.2611], [25.9572, -0.5222]]]",3.1766,0.0,0.0,0.0,0.0,0.0,0.0,False,"[4, 4, 4]",0.0,0.0,0.0,1.1194,4.0,1.0421,0.9711,1.4705,0.8595,1.0361,1.1194,"[[4.4, 0.0], [8.968, -0.131], [16.249, -0.131], [18.676, -0.131], [22.959, -0.196], [27.813, -0.392]]",ok,8.7985,0.0,0.0,0.0,0.0,0.0,0.0,0.0,0.0,0.0,80c91574d0174206a74435200aba8ba8,scene-0110,42
1.7141,3.7618,4.9648,1.031,2.1723,3.1064,0.0,0.0,0.0,0.0,0.0,0.0,0.0,0.0,0.0,ok,straight,1.0005,1.48,4.5558,0.6143,1.2508,4.8322,False,"[-0.1305, -0.2611, -0.1305, -0.5222]","[-2315.6473, -17494.3883, -704273.4457, -790949.2407]","[-2972599.2776, -2987778.0187, -3674557.0761, -3761232.871]","[2.492, 3.129, 8.65, 9.876]","[[[4.828, 0.0], [9.2537, -0.1305], [13.1083, -0.1305], [19.1045, -0.1305], [20.8176, -0.1305], [25.9572, -0.2611]], [[4.828, 0.0], [9.2537, -0.1305], [13.1083, -0.1305], [19.1045, -0.1305], [16.2492, -0.2611], [26.8138, 0.5222]], [[4.828, 0.0], [9.2537, -0.1305], [13.1083, -0.1305], [19.1045, -0.1305], [69.6432, -0.1305], [27.9559, 0.2611]], [[4.828, 0.0], [9.2537, -0.1305], [13.1083, -0.1305], [19.1045, -0.1305], [69.6432, 0.3916], [20.5321, -1.0444]]]",3.2631,0.0,0.0,0.0,0.0,0.0,0.0,False,"[4, 4, 4]",0.0,0.0,0.0,2.492,4.0,1.0005,1.48,4.9648,0.6143,1.2508,2.492,"[[4.828, 0.0], [9.254, -0.131], [13.108, -0.131], [19.104, -0.131], [45.23, -0.131], [26.385, 0.0]]",ok,9.8762,0.0,0.0,0.0,0.0,0.0,0.0,0.0,0.0,0.0,d968a5eaaae446f6848302351550dd71,scene-0110,42
1.7712,3.7439,4.6572,1.343,2.3404,3.0527,0.0,0.0,0.0,0.0,0.0,0.0,0.0,0.0,0.0,ok,straight,0.2378,1.1744,4.0909,0.4336,0.9935,1.3929,True,"[-0.0653, -0.3916, -0.1305, -0.1958]","[-3640.1508, -4076.6716, -7684.3668, -333721.4191]","[-2087905.2066, -2088341.7273, -2091949.4225, -2417986.4749]","[2.155, 1.828, 2.019, 14.589]","[[[4.5424, 0.0], [10.5386, 0.0], [13.5366, -0.0653], [19.39, -0.1305], [20.8176, -0.1305], [25.9572, -0.1305]], [[4.5424, 0.0], [10.5386, 0.0], [13.5366, -0.0653], [19.39, -0.1305], [25.9572, 0.0], [24.5295, 0.7833]], [[4.5424, 0.0], [10.5386, 0.0], [13.5366, -0.0653], [19.39, -0.1305], [24.8151, -4.6998], [27.0993, -0.2611]], [[4.5424, 0.0], [10.5386, 0.0], [13.5366, -0.0653], [19.39, -0.1305], [69.6432, -0.2611], [69.6432, 0.3916]]]",5.4523,0.0,0.0,0.0,0.0,0.0,0.0,False,"[4, 4, 4]",0.0,0.0,0.0,1.8277,4.0,0.2378,1.1744,6.1446,0.4336,0.9935,1.8277,"[[4.542, 0.0], [10.539, 0.0], [13.537, -0.065], [19.39, -0.131], [25.386, -0.196], [26.528, 0.131]]",ok,14.5892,0.0,0.0,0.0,0.0,0.0,0.0,0.0,0.0,0.0,befb06465a7f4b0793dcaa467854a6dc,scene-0110,42
1.5138,4.3388,6.3674,0.9778,2.1104,3.1061,0.0,0.0,0.0,0.0,0.0,0.0,0.0,0.0,0.0,ok,straight,2.0803,3.4762,3.6424,1.0776,2.0171,2.1301,True,"[-0.1305, -1.436, -0.0, -0.2611]","[-643.1705, -959.8541, -61311.4835, -816442.3263]","[-545633.9144, -1546594.973, -1606946.6025, -2362077.4452]","[3.042, 2.973, 8.52, 9.383]","[[[4.6852, 0.0], [7.3977, -0.0653], [12.2517, -0.0653], [15.9636, -0.2611], [19.9611, -0.1305], [22.2453, -0.2611]], [[4.6852, 0.0], [7.3977, -0.0653], [12.2517, -0.0653], [15.9636, -0.2611], [19.39, 0.0], [23.6729, -2.8721]], [[4.6852, 0.0], [7.3977, -0.0653], [12.2517, -0.0653], [15.9636, -0.2611], [25.6716, 0.0], [69.6432, 0.0]], [[4.6852, 0.0], [7.3977, -0.0653], [12.2517, -0.0653], [15.9636, -0.2611], [69.6432, -0.2611], [26.2427, -0.5222]]]",2.9878,0.0,0.0,0.0,0.0,0.0,0.0,False,"[4, 4, 4]",0.0,0.0,0.0,2.9733,4.0,2.0803,3.4762,5.3612,1.0776,2.0171,2.9733,"[[4.685, 0.0], [7.398, -0.065], [12.252, -0.065], [15.964, -0.261], [22.816, -0.065], [24.958, -0.392]]",ok,9.3833,0.0,0.0,0.0,0.0,0.0,0.0,0.0,0.0,0.0,355be35606a1455e83b171ce89822e54,scene-0110,42
1.2111,2.1373,3.9938,0.9854,1.4436,2.052,0.0,0.0,0.0,0.0,0.0,0.0,0.0,0.0,0.0,ok,straight,1.2111,2.1373,3.1712,0.8426,1.4078,1.8878,True,"[-0.0, -0.1958, -0.0, -0.0653]","[-32.3253, -50.9727, -1052.4289, -61037.1024]","[-501711.2681, -501713.7183, -1502765.104, -1562749.7775]","[2.028, 1.771, 1.661, 3.429]","[[[1.4016, 0.0], [2.2582, 0.0], [3.2576, 0.0], [4.5424, 0.0], [5.6846, 0.0], [5.6846, 0.0]], [[1.4016, 0.0], [2.2582, 0.0], [3.2576, 0.0], [4.5424, 0.0], [5.6846, 0.2611], [7.3977, -0.3916]], [[1.4016, 0.0], [2.2582, 0.0], [3.2576, 0.0], [4.5424, 0.0], [5.1135, -0.2611], [10.5386, 0.0]], [[1.4016, 0.0], [2.2582, 0.0], [3.2576, 0.0], [4.5424, 0.0], [19.1045, 0.9138], [5.6846, -0.1305]]]",0.7095,0.0,0.0,0.0,0.0,0.0,0.0,True,"[4, 4, 4]",0.0,0.0,0.0,1.6609,4.0,1.2111,2.1373,1.1791,0.8426,1.4078,1.6609,"[[1.402, 0.0], [2.258, 0.0], [3.258, 0.0], [4.542, 0.0], [5.685, 0.131], [6.541, -0.065]]",ok,3.4292,0.0,0.0,0.0,0.0,0.0,0.0,0.0,0.0,0.0,79070dca796f4ffb868d84f1b067f9c2,scene-0221,42
0.3811,0.8948,0.8667,0.2972,0.5918,0.8314,0.0,0.0,0.0,0.0,0.0,0.0,0.0,0.0,0.0,ok,straight,0.8153,1.4659,5.58,0.4448,0.8084,1.7376,False,"[-0.0, -2.4152, -8.2899, -0.1958]","[-75.5136, -4713.4947, -17317.515, -34159.3753]","[-577593.0609, -1582308.4287, -1594912.4489, -1611754.3092]","[1.118, 2.373, 4.032, 2.987]","[[[0.545, 0.0], [1.5444, 0.1305], [1.6871, 0.0], [2.2582, 0.0653], [2.5437, 0.0], [2.5437, 0.0]], [[0.545, 0.0], [1.5444, 0.1305], [1.6871, 0.0], [2.2582, 0.0653], [1.6871, 0.0], [9.682, -4.8303]], [[0.545, 0.0], [1.5444, 0.1305], [1.6871, 0.0], [2.2582, 0.0653], [2.2582, 0.1305], [11.1096, 16.5798]], [[0.545, 0.0], [1.5444, 0.1305], [1.6871, 0.0], [2.2582, 0.0653], [12.8228, 2.8721], [3.1148, 0.3916]]]",1.0541,0.0,0.0,0.0,0.0,0.0,0.0,False,"[4, 4, 4]",0.0,0.0,0.0,1.1185,4.0,0.8153,1.4659,1.7231,0.4448,0.8084,1.1185,"[[0.545, 0.0], [1.544, 0.131], [1.687, 0.0], [2.258, 0.065], [2.401, 0.065], [6.398, 0.196]]",ok,4.0324,0.0,0.0,1.0,0.0,0.0,1.0,0.0,0.0,0.16666666666666666,eda82ccd4f3747eab66d9c402317dbc9,scene-0221,42
1.5267,2.6911,3.3634,1.1094,1.8138,2.3513,0.0,0.0,0.0,0.0,0.0,0.0,0.0,0.0,0.0,ok,left,1.8547,1.9718,3.7735,1.06,1.4822,2.8774,False,"[1.2402, -8.2899, 8.2899, 1.3708]","[-507.5767, -30703.0838, -34018.331, -71151.8858]","[-833615.0059, -1864319.5294, -1867634.7766, -1904768.3313]","[2.251, 4.634, 5.387, 3.869]","[[[1.5444, 0.1305], [1.9727, 0.0], [4.1141, 1.1097], [5.8273, 1.3055], [5.9701, 1.6971], [6.8267, 2.4804]], [[1.5444, 0.1305], [1.9727, 0.0], [4.1141, 1.1097], [5.8273, 1.3055], [9.1109, 3.7859], [6.8267, -16.5798]], [[1.5444, 0.1305], [1.9727, 0.0], [4.1141, 1.1097], [5.8273, 1.3055], [7.1122, 16.5798], [8.5399, 16.5798]], [[1.5444, 0.1305], [1.9727, 0.0], [4.1141, 1.1097], [5.8273, 1.3055], [6.8267, 16.5798], [7.3977, 2.7415]]]",1.1616,0.0,0.0,0.0,0.0,0.0,0.0,False,"[4, 4, 4]",0.0,0.0,0.0,2.2509,4.0,1.8547,1.9718,4.0874,1.06,1.4822,2.2509,"[[1.544, 0.131], [1.973, 0.0], [4.114, 1.11], [5.827, 1.305], [6.969, 10.183], [7.112, 2.611]]",ok,5.3872,0.0,1.0,0.0,0.0,1.0,1.0,0.0,0.25,0.3333333333333333,4fa6e380731d4819bc404bcf38240a90,scene-0221,42
0.6831,0.2228,1.4417,0.5502,0.4587,0.7922,0.0,0.0,0.0,0.0,0.0,0.0,0.0,0.0,0.0,ok,straight,1.2567,0.5845,0.7836,0.6343,0.5912,0.8637,False,"[-0.0653, -0.1305, -0.0, -0.1305]","[-747.7207, -1419.0896, -1515.1041, -6538.5217]","[-551809.0496, -1553229.2202, -1553325.2347, -1558348.6523]","[0.881, 0.889, 1.919, 1.599]","[[[1.2588, 0.0], [3.6858, -0.0653], [4.5424, 0.0], [6.5412, -0.0653], [6.5412, -0.1305], [8.5399, -0.1305]], [[1.2588, 0.0], [3.6858, -0.0653], [4.5424, 0.0], [6.5412, -0.0653], [10.5386, 0.0], [9.9675, -0.2611]], [[1.2588, 0.0], [3.6858, -0.0653], [4.5424, 0.0], [6.5412, -0.0653], [4.5424, 0.0], [4.2569, 0.0]], [[1.2588, 0.0], [3.6858, -0.0653], [4.5424, 0.0], [6.5412, -0.0653], [5.399, -0.2611], [14.536, -0.2611]]]",0.4516,0.0,0.0,0.0,0.0,0.0,0.0,False,"[4, 4, 4]",0.0,0.0,0.0,0.8806,4.0,1.2567,0.5845,1.4417,0.6343,0.5912,0.8806,"[[1.259, 0.0], [3.686, -0.065], [4.542, 0.0], [6.541, -0.065], [5.97, -0.065], [9.254, -0.196]]",ok,1.9194,0.0,0.0,0.0,0.0,0.0,0.0,0.0,0.0,0.0,a5e43b1d5df14313b0ad5e9a7310c355,scene-0221,42
3.0657,6.9851,9.8948,2.3684,4.2459,5.9263,0.0,0.0,0.0,0.0,0.0,0.0,0.0,0.0,0.0,ok,left,3.3512,10.4413,14.6831,2.2284,5.9553,7.9319,False,"[1.2402, 8.2899, 8.2899, 8.2899]","[-17088.766, -19062.9672, -20675.5807, -67470.0564]","[-2873709.5993, -2875683.8006, -2877296.4141, -2924090.8898]","[7.066, 9.039, 8.403, 7.822]","[[[3.6858, 0.1958], [6.2556, 0.3916], [9.8247, 8.6816], [11.6807, 9.1385], [15.3926, 1.6971], [19.9611, 2.4804]], [[3.6858, 0.1958], [6.2556, 0.3916], [9.8247, 8.6816], [11.6807, 9.1385], [15.107, 16.5798], [21.1032, 16.5798]], [[3.6858, 0.1958], [6.2556, 0.3916], [9.8247, 8.6816], [11.6807, 9.1385], [18.8189, 16.5798], [25.6716, 16.5798]], [[3.6858, 0.1958], [6.2556, 0.3916], [9.8247, 8.6816], [11.6807, 9.1385], [21.1032, 1.1749], [13.6794, 16.5798]]]",0.7277,0.0,0.0,0.0,0.0,0.0,0.0,False,"[4, 4, 4]",0.0,0.0,0.0,7.0658,4.0,3.3512,10.4413,9.8948,2.2284,5.9553,7.0658,"[[3.686, 0.196], [6.256, 0.392], [9.825, 8.682], [11.681, 9.138], [17.106, 9.138], [20.532, 16.58]]",ok,9.0389,0.0,0.0,0.0,0.0,0.0,0.0,0.0,0.0,0.0,30e55a3ec6184d8cb1944b39ba19d622,scene-0268,42
1.6946,2.6942,3.4579,1.2772,2.0213,2.3549,0.0,0.0,0.0,0.0,0.0,0.0,0.0,0.0,0.0,ok,straight,1.5526,1.4403,1.8826,1.2062,1.4593,1.8372,True,"[-0.0653, -0.0653, -1.1097, -0.1958]","[-694.1739, -697.0413, -572.1393, -194793.7421]","[-752800.7086, -752800.7087, -752803.099, -1947595.7003]","[2.123, 1.89, 1.798, 9.966]","[[[3.1148, 0.0], [6.6839, 0.0], [9.9675, 0.0], [14.1077, 0.0653], [15.3926, -0.1305], [18.2479, -0.1305]], [[3.1148, 0.0], [6.6839, 0.0], [9.9675, 0.0], [14.1077, 0.0653], [15.6781, 0.1305], [19.39, -0.1305]], [[3.1148, 0.0], [6.6839, 0.0], [9.9675, 0.0], [14.1077, 0.0653], [16.2492, -0.1305], [20.2466, -2.2193]], [[3.1148, 0.0], [6.6839, 0.0], [9.9675, 0.0], [14.1077, 0.0653], [12.8228, 0.0], [69.6432, -0.3916]]]",3.4787,0.0,0.0,0.0,0.0,0.0,0.0,True,"[4, 4, 4]",0.0,0.0,0.0,1.7981,4.0,1.5526,1.4403,2.3647,1.2062,1.4593,1.7981,"[[3.115, 0.0], [6.684, 0.0], [9.968, 0.0], [14.108, 0.065], [15.535, -0.065], [19.818, -0.261]]",ok,9.966,0.0,0.0,0.0,0.0,0.0,0.0,0.0,0.0,0.0,f7d75d25c86941f3aecfed9efea1a3e3,scene-0268,42
0.2514,0.661,2.5055,0.1342,0.3301,0.9211,0.0,0.0,0.0,0.0,0.0,0.0,0.0,0.0,0.0,ok,straight,0.6783,0.9456,1.0763,0.7731,0.6522,0.6595,True,"[-0.0653, -0.0653, -0.1305, -0.0]","[-832.5502, -1088.2845, -2747.3411, -9188.8442]","[-1221216.2822, -1221216.3577, -2223964.4005, -2230405.9036]","[0.993, 0.524, 1.0, 1.967]","[[[1.4016, 0.0], [4.9707, 0.0], [6.2556, 0.0], [8.8254, 0.0], [10.253, -0.1305], [13.1083, -0.1305]], [[1.4016, 0.0], [4.9707, 0.0], [6.2556, 0.0], [8.8254, 0.0], [9.1109, -0.2611], [10.5386, 0.1305]], [[1.4016, 0.0], [4.9707, 0.0], [6.2556, 0.0], [8.8254, 0.0], [8.2543, 0.0], [12.8228, -0.2611]], [[1.4016, 0.0], [4.9707, 0.0], [6.2556, 0.0], [8.8254, 0.0], [13.6794, 0.1305], [5.6846, 0.0]]]",0.5252,0.0,0.0,0.0,0.0,0.0,0.0,True,"[4, 4, 4]",0.0,0.0,0.0,0.5236,4.0,0.6783,0.9456,0.1592,0.7731,0.6522,0.5236,"[[1.402, 0.0], [4.971, 0.0], [6.256, 0.0], [8.825, 0.0], [9.682, -0.065], [11.681, -0.065]]",ok,1.9669,0.0,0.0,0.0,0.0,0.0,0.0,0.0,0.0,0.0,f38aedc5545643d5be815165c6574186,scene-0268,42
0.5176,1.2116,2.3586,0.4107,0.7138,1.1547,0.0,0.0,0.0,0.0,0.0,0.0,0.0,0.0,0.0,ok,straight,0.3393,0.2173,2.354,0.1793,0.2598,1.0175,True,"[-0.0, -0.0653, -0.0, -0.1305]","[-193.2036, -877.5686, -11873.7943, -182182.2875]","[-500957.7528, -1501836.8557, -1512833.0814, -1683141.5745]","[0.852, 1.399, 1.425, 12.153]","[[[0.2595, 0.0], [0.8306, 0.0], [1.2588, 0.0], [1.4016, 0.0], [-0.026, 0.0], [-0.026, 0.0]], [[0.2595, 0.0], [0.8306, 0.0], [1.2588, 0.0], [1.4016, 0.0], [2.5437, 0.0], [8.8254, 0.1305]], [[0.2595, 0.0], [0.8306, 0.0], [1.2588, 0.0], [1.4016, 0.0], [7.3977, -0.3916], [0.545, 0.0]], [[0.2595, 0.0], [0.8306, 0.0], [1.2588, 0.0], [1.4016, 0.0], [6.2556, 0.0], [69.6432, -0.2611]]]",4.7375,0.0,0.0,0.0,0.0,0.0,0.0,True,"[4, 4, 4]",0.0,0.0,0.0,0.852,4.0,0.3393,0.2173,2.3586,0.1793,0.2598,0.852,"[[0.259, 0.0], [0.831, 0.0], [1.259, 0.0], [1.402, 0.0], [4.4, 0.0], [4.685, 0.0]]",ok,12.1531,0.0,1.0,1.0,0.0,1.0,1.0,0.0,0.25,0.5,8d4ef2af6b394e5e8ccfd6e2e90156dc,scene-0268,42
0.6913,1.979,4.6654,0.3836,1.0276,2.0705,0.0,0.0,0.0,0.0,0.0,0.0,0.0,0.0,0.0,ok,left,0.8231,1.5888,7.5253,0.7325,1.1441,2.5411,False,"[2.3499, 8.2899, -2.2846, -8.2899]","[-530.0531, -10378.5537, -92636.5761, -103899.3862]","[-1332418.7288, -2342798.7649, -2425056.7873, -2436319.5974]","[2.19, 2.865, 4.632, 6.048]","[[[2.401, 0.1305], [3.5431, 0.718], [5.1135, 2.4804], [7.1122, 2.4152], [7.3977, 3.0026], [8.2543, 4.6998]], [[2.401, 0.1305], [3.5431, 0.718], [5.1135, 2.4804], [7.1122, 2.4152], [9.9675, 2.611], [9.1109, 16.5798]], [[2.401, 0.1305], [3.5431, 0.718], [5.1135, 2.4804], [7.1122, 2.4152], [9.9675, 16.5798], [12.8228, -4.5692]], [[2.401, 0.1305], [3.5431, 0.718], [5.1135, 2.4804], [7.1122, 2.4152], [10.253, 12.9244], [9.9675, -16.5798]]]",1.5116,0.0,0.0,0.0,0.0,0.0,0.0,False,"[4, 4, 4]",0.0,0.0,0.0,2.1903,4.0,0.8231,1.5888,4.9184,0.7325,1.1441,2.1903,"[[2.401, 0.131], [3.543, 0.718], [5.113, 2.48], [7.112, 2.415], [9.968, 7.964], [9.539, 0.065]]",ok,6.0481,0.0,0.0,0.0,0.0,0.0,0.0,0.0,0.0,0.0,adce54dcf6404d37bd170ffc4c2a7836,scene-0269,42
0.9408,0.9851,3.3868,0.7154,0.9856,1.5799,0.0,0.0,0.0,0.0,0.0,0.0,0.0,0.0,0.0,ok,straight,0.9482,1.0728,3.8074,0.5806,0.7758,1.2018,True,"[-0.7833, -1.0444, -0.4569, -8.2899]","[-329.3551, -480.9228, -718.9963, -18637.7731]","[-1071581.7571, -1071581.8564, -2072301.9232, -2090220.7]","[1.221, 1.348, 1.005, 4.158]","[[[3.9714, -0.1305], [7.3977, -0.3264], [12.109, -1.1097], [16.8202, -1.436], [20.2466, -0.7833], [21.6742, -1.5666]], [[3.9714, -0.1305], [7.3977, -0.3264], [12.109, -1.1097], [16.8202, -1.436], [19.1045, -1.1749], [21.9598, -2.0888]], [[3.9714, -0.1305], [7.3977, -0.3264], [12.109, -1.1097], [16.8202, -1.436], [20.8176, -2.8721], [24.8151, -0.9138]], [[3.9714, -0.1305], [7.3977, -0.3264], [12.109, -1.1097], [16.8202, -1.436], [19.9611, -1.0444], [14.2505, 16.5798]]]",1.2906,0.0,0.0,0.0,0.0,0.0,0.0,True,"[4, 4, 4]",0.0,0.0,0.0,1.0047,4.0,0.9482,1.0728,1.0317,0.5806,0.7758,1.0047,"[[3.971, -0.131], [7.398, -0.326], [12.109, -1.11], [16.82, -1.436], [20.104, -1.11], [21.817, -1.24]]",ok,4.158,0.0,0.0,0.0,0.0,0.0,0.0,0.0,0.0,0.0,1220f9a205ae44418fcce91722e1e601,scene-0269,42
1.2879,1.9825,6.8346,1.1077,1.4266,3.0025,0.0,0.0,0.0,0.0,0.0,0.0,0.0,0.0,0.0,ok,straight,1.2866,2.2937,5.844,1.0357,1.3949,2.416,True,"[-0.5875, -1.2402, -0.5222, -0.3264]","[-3523.7686, -11768.7559, -14918.4528, -926452.8515]","[-2523845.7453, -2532090.7326, -2535240.4295, -3446774.8282]","[2.604, 2.245, 3.046, 10.157]","[[[3.8286, 0.0], [7.9688, -0.1958], [15.2498, -0.3916], [16.5347, -0.3264], [19.1045, -0.7833], [24.8151, -1.1749]], [[3.8286, 0.0], [7.9688, -0.1958], [15.2498, -0.3916], [16.5347, -0.3264], [23.9585, -0.7833], [22.2453, -2.4804]], [[3.8286, 0.0], [7.9688, -0.1958], [15.2498, -0.3916], [16.5347, -0.3264], [18.5334, -1.6971], [35.9507, -1.0444]], [[3.8286, 0.0], [7.9688, -0.1958], [15.2498, -0.3916], [16.5347, -0.3264], [69.6432, -0.7833], [19.1045, -0.6527]]]",3.2708,0.0,0.0,0.0,0.0,0.0,0.0,False,"[4, 4, 4]",0.0,0.0,0.0,2.245,4.0,1.2866,2.2937,7.1499,1.0357,1.3949,2.245,"[[3.829, 0.0], [7.969, -0.196], [15.25, -0.392], [16.535, -0.326], [21.531, -0.783], [23.53, -1.11]]",ok,10.1569,0.0,0.0,0.0,0.0,0.0,0.0,0.0,0.0,0.0,802619f6fb5940608483cb29fc1beab6,scene-0269,42
0.4207,0.5868,0.5772,0.2899,0.4555,0.4595,0.0,0.0,0.0,0.0,0.0,0.0,0.0,0.0,0.0,ok,straight,0.1753,0.6032,1.9125,0.1122,0.471,0.7763,False,"[-0.718, -0.9791, -1.8277, -0.5875]","[-625.7448, -291.8178, -360.1786, -657281.0492]","[-251032.1897, -251032.7294, -251034.4876, -1908314.4578]","[0.836, 0.824, 1.115, 9.174]","[[[4.3997, -0.0653], [9.1109, -0.1958], [12.9656, -0.2611], [18.2479, -0.5875], [22.2453, -1.0444], [29.098, -1.436]], [[4.3997, -0.0653], [9.1109, -0.1958], [12.9656, -0.2611], [18.2479, -0.5875], [23.3874, -1.9582], [29.098, -1.9582]], [[4.3997, -0.0653], [9.1109, -0.1958], [12.9656, -0.2611], [18.2479, -0.5875], [24.8151, -1.9582], [29.3835, -3.6554]], [[4.3997, -0.0653], [9.1109, -0.1958], [12.9656, -0.2611], [18.2479, -0.5875], [69.6432, 0.0], [34.5231, -1.1749]]]",3.5739,0.0,0.0,0.0,0.0,0.0,0.0,True,"[4, 4, 4]",0.0,0.0,0.0,0.824,4.0,0.1753,0.6032,1.8581,0.1122,0.471,0.824,"[[4.4, -0.065], [9.111, -0.196], [12.966, -0.261], [18.248, -0.587], [24.101, -1.501], [29.241, -1.697]]",ok,9.1742,0.0,0.0,0.0,0.0,0.0,0.0,0.0,0.0,0.0,5abd3d15e63c44a8a8189a6e70a496ef,scene-0269,42
0.9317,2.9207,3.4587,0.5796,1.4077,2.1521,0.0,0.0,0.0,0.0,0.0,0.0,0.0,0.0,0.0,ok,straight,0.9317,3.9187,7.0289,1.0797,2.0136,3.1508,False,"[-0.0653, -0.1305, -8.2899, -0.1305]","[-450.9769, -373.8229, -14867.4295, -24346.8265]","[-1008172.8521, -1008172.863, -2023041.8115, -2032521.2085]","[2.556, 3.606, 4.984, 3.526]","[[[4.6852, 0.0653], [7.3977, 0.0], [11.5379, -0.1305], [16.3919, -0.1305], [19.1045, -0.1305], [21.3887, -0.1305]], [[4.6852, 0.0653], [7.3977, 0.0], [11.5379, -0.1305], [16.3919, -0.1305], [21.6742, 0.3916], [25.1006, 0.2611]], [[4.6852, 0.0653], [7.3977, 0.0], [11.5379, -0.1305], [16.3919, -0.1305], [19.1045, 0.0], [24.8151, 16.5798]], [[4.6852, 0.0653], [7.3977, 0.0], [11.5379, -0.1305], [16.3919, -0.1305], [13.6794, -0.3916], [29.3835, -0.2611]]]",0.8648,0.0,0.0,0.0,0.0,0.0,0.0,False,"[4, 4, 4]",0.0,0.0,0.0,2.556,4.0,0.9317,3.9187,3.4587,1.0797,2.0136,2.556,"[[4.685, 0.065], [7.398, 0.0], [11.538, -0.131], [16.392, -0.131], [19.104, -0.065], [24.958, 0.065]]",ok,4.9837,0.0,0.0,0.0,0.0,0.0,0.0,0.0,0.0,0.0,51f37263b06c417e94138f2d9348f909,scene-0270,42
1.2381,2.5748,3.5796,0.8836,1.5495,2.2069,0.0,0.0,0.0,0.0,0.0,0.0,0.0,0.0,0.0,ok,straight,2.0944,2.5748,6.289,1.2404,1.6566,2.92,False,"[-0.0, -0.3916, -0.1958, -0.3916]","[-574.4019, -619.0213, -763.0384, -14261.3304]","[2.0981, -0.3216, -1000763.0384, -1014261.3304]","[2.278, 3.374, 3.517, 3.379]","[[[2.1154, 0.0], [5.399, 0.0], [6.2556, 0.0], [8.5399, 0.0], [10.5386, 0.0], [11.6807, 0.0]], [[2.1154, 0.0], [5.399, 0.0], [6.2556, 0.0], [8.5399, 0.0], [11.6807, -0.1305], [17.1058, -0.7833]], [[2.1154, 0.0], [5.399, 0.0], [6.2556, 0.0], [8.5399, 0.0], [11.6807, 0.0], [17.9623, 0.3916]], [[2.1154, 0.0], [5.399, 0.0], [6.2556, 0.0], [8.5399, 0.0], [17.1058, 0.0], [11.6807, -0.7833]]]",0.4992,0.0,0.0,0.0,0.0,0.0,0.0,True,"[4, 4, 4]",0.0,0.0,0.0,2.2783,4.0,2.0944,2.5748,3.5796,1.2404,1.6566,2.2783,"[[2.115, 0.0], [5.399, 0.0], [6.256, 0.0], [8.54, 0.0], [11.681, 0.0], [14.393, -0.392]]",ok,3.5174,0.0,0.0,0.0,0.0,0.0,0.0,0.0,0.0,0.0,7b175346a22b4e68b54a9d21f88446dc,scene-0270,42
0.1637,0.1585,0.1591,0.165,0.1617,0.1608,0.0,0.0,0.0,0.0,0.0,0.0,0.0,0.0,0.0,ok,straight,0.1229,0.9852,0.4147,0.1446,0.351,0.9431,False,"[-0.0, -0.0, -0.0]","[-535.0837, -2119.558, -14284.1519]","[0.8322, -1002119.558, -1014284.1519]","[0.425, 0.944, 1.541]","[[[-0.026, 0.0], [0.2595, 0.0], [0.2595, 0.0], [1.1161, 0.0], [-0.026, 0.0], [1.1161, 0.0]], [[-0.026, 0.0], [0.2595, 0.0], [0.2595, 0.0], [1.1161, 0.0], [3.9714, 0.1305], [0.545, 0.0]], [[-0.026, 0.0], [0.2595, 0.0], [0.2595, 0.0], [1.1161, 0.0], [7.6833, -1.436], [-0.026, 0.0]]]",0.4561,0.0,0.0,0.0,0.0,0.0,0.0,False,"[3, 4, 3]",0.0,0.0,0.0,0.4247,3.0,0.1229,0.9852,0.9853,0.1446,0.351,0.4247,"[[-0.026, 0.0], [0.259, 0.0], [0.259, 0.0], [1.116, 0.0], [3.971, 0.0], [0.545, 0.0]]",ok,1.541,0.0,0.0,0.0,0.0,0.0,0.0,0.0,0.0,0.0,849bde6d489544178c838baa28142bd4,scene-0270,42
0.3452,0.1155,0.698,0.3426,0.2456,0.3407,0.0,0.0,0.0,0.0,0.0,0.0,0.0,0.0,0.0,ok,straight,0.3452,0.2573,0.2706,0.5737,0.4322,0.4414,False,"[-0.0, -0.0, -0.0653, -0.3264]","[-484.1955, -502.4576, -508.8948, -1527.1552]","[-1709642.4839, -1709642.5249, -1709643.0245, -2711170.9761]","[0.513, 0.465, 0.428, 0.916]","[[[1.1161, 0.0], [0.2595, 0.0], [1.2588, 0.0], [0.9733, 0.0], [0.8306, 0.0], [1.1161, 0.0]], [[1.1161, 0.0], [0.2595, 0.0], [1.2588, 0.0], [0.9733, 0.0], [1.1161, 0.0], [1.1161, 0.0]], [[1.1161, 0.0], [0.2595, 0.0], [1.2588, 0.0], [0.9733, 0.0], [0.8306, 0.0], [1.9727, -0.1305]], [[1.1161, 0.0], [0.2595, 0.0], [1.2588, 0.0], [0.9733, 0.0], [-0.026, 0.0], [3.9714, 0.6527]]]",0.1961,0.0,0.0,0.0,0.0,0.0,0.0,True,"[4, 4, 4]",0.0,0.0,0.0,0.4279,4.0,0.3452,0.2573,0.1898,0.5737,0.4322,0.4279,"[[1.116, 0.0], [0.259, 0.0], [1.259, 0.0], [0.973, 0.0], [0.831, 0.0], [1.544, 0.0]]",ok,0.9161,0.0,0.0,0.0,0.0,0.0,0.0,0.0,0.0,0.0,9de41b523cce4fb3aa4f6230ec06345d,scene-0270,42
4.0168,6.2673,9.4793,3.2995,4.4675,5.909,0.0,1.0,0.0,0.0,1.0,1.0,0.0,0.5,0.5,ok,straight,4.0168,7.9804,10.6182,3.2995,5.8951,7.1697,False,"[-0.0653, -0.5875, -0.0653, -0.1305]","[-3884.7609, -4594.1767, -9284.3129, -135922.9426]","[-2238826.2472, -2239535.6629, -2244225.7991, -2370864.4288]","[6.908, 7.349, 5.564, 16.377]","[[[2.8293, 0.0], [5.1135, 0.0], [11.3952, -0.0653], [11.6807, -0.1958], [13.1083, -0.1305], [15.3926, -0.1305]], [[2.8293, 0.0], [5.1135, 0.0], [11.3952, -0.0653], [11.6807, -0.1958], [13.3939, 0.7833], [17.6768, -1.1749]], [[2.8293, 0.0], [5.1135, 0.0], [11.3952, -0.0653], [11.6807, -0.1958], [13.6794, -0.2611], [5.399, 0.1305]], [[2.8293, 0.0], [5.1135, 0.0], [11.3952, -0.0653], [11.6807, -0.1958], [15.6781, 0.0], [69.6432, -0.2611]]]",4.2813,0.0,1.0,0.0,0.0,1.0,1.0,False,"[4, 4, 4]",0.0,0.5,0.5,5.5644,4.0,4.0168,7.9804,0.8472,3.2995,5.8951,5.5644,"[[2.829, 0.0], [5.113, 0.0], [11.395, -0.065], [11.681, -0.196], [13.537, -0.065], [16.535, -0.196]]",ok,16.3774,0.0,1.0,1.0,0.0,1.0,1.0,0.0,0.5,0.6666666666666666,c28c950afda14f7b93ff956799873dff,scene-0271,42
3.885,8.8132,11.2043,3.0266,5.2638,7.155,0.0,0.0,0.0,0.0,0.0,0.0,0.0,0.0,0.0,ok,straight,3.464,9.5002,17.0488,3.5298,5.5425,8.1572,False,"[-0.3264, -2.2846, -0.1958, -1.1749]","[-2075.7383, -20126.4234, -24770.0626, -63829.907]","[-2760772.7257, -2778823.4108, -2783467.05, -2822526.8944]","[7.199, 8.929, 9.502, 10.145]","[[[6.2556, 0.0], [8.6826, -0.0653], [13.3939, 0.2611], [19.8183, 0.2611], [22.5308, 0.1305], [26.5282, 0.6527]], [[6.2556, 0.0], [8.6826, -0.0653], [13.3939, 0.2611], [19.8183, 0.2611], [31.3822, 1.3055], [26.5282, -4.5692]], [[6.2556, 0.0], [8.6826, -0.0653], [13.3939, 0.2611], [19.8183, 0.2611], [21.1032, -0.5222], [41.6613, 0.3916]], [[6.2556, 0.0], [8.6826, -0.0653], [13.3939, 0.2611], [19.8183, 0.2611], [22.2453, -11.3578], [38.235, 2.3499]]]",1.0955,0.0,0.0,0.0,0.0,0.0,0.0,False,"[4, 4, 4]",0.0,0.0,0.0,7.199,4.0,3.464,9.5002,11.2043,3.5298,5.5425,7.199,"[[6.256, 0.0], [8.683, -0.065], [13.394, 0.261], [19.818, 0.261], [22.388, -0.196], [32.382, 0.522]]",ok,10.1454,0.0,0.0,0.0,0.0,0.0,0.0,0.0,0.0,0.0,28b11a54a9554bcab30d73ee193046b5,scene-0271,42
3.1374,6.2199,9.8301,2.2626,3.793,5.6251,0.0,0.0,0.0,0.0,0.0,0.0,0.0,0.0,0.0,ok,straight,2.1421,6.2213,12.8355,1.8363,3.7586,5.9603,False,"[-0.0653, -0.0, -0.1305, -8.2899]","[-709.3189, -1920.4243, -2904.9602, -14936.8476]","[-1316297.9727, -2318219.7447, -2319204.2806, -2331236.168]","[5.555, 6.079, 5.414, 7.567]","[[[3.2576, 0.0], [5.5418, 0.0653], [9.8247, 0.0], [11.9662, -0.0653], [15.107, -0.1305], [17.3913, -0.1305]], [[3.2576, 0.0], [5.5418, 0.0653], [9.8247, 0.0], [11.9662, -0.0653], [13.9649, -0.5222], [21.6742, 0.0]], [[3.2576, 0.0], [5.5418, 0.0653], [9.8247, 0.0], [11.9662, -0.0653], [12.2517, -0.1305], [19.39, 0.2611]], [[3.2576, 0.0], [5.5418, 0.0653], [9.8247, 0.0], [11.9662, -0.0653], [15.107, 0.0], [21.3887, 16.5798]]]",0.8526,0.0,0.0,0.0,0.0,0.0,0.0,False,"[4, 4, 4]",0.0,0.0,0.0,5.4145,4.0,2.1421,6.2213,11.8437,1.8363,3.7586,5.4145,"[[3.258, 0.0], [5.542, 0.065], [9.825, 0.0], [11.966, -0.065], [14.536, -0.131], [20.389, 0.131]]",ok,7.5667,0.0,0.0,0.0,0.0,0.0,0.0,0.0,0.0,0.0,f09c85b7ca614a97b5a2293ad5b1182c,scene-0271,42
5.1137,9.6831,15.3934,3.9716,6.2564,8.731,0.0,0.0,0.0,0.0,0.0,0.0,0.0,0.0,0.0,ok,straight,5.2581,10.1124,14.6999,4.0438,6.4358,8.8546,False,"[-0.1305, -1.5666, -0.6527, -0.6527]","[-168.7335, -1236.2693, -13311.2029, -82254.0834]","[-1604698.7987, -2605936.9777, -2618011.9113, -2686954.7918]","[8.851, 9.42, 9.575, 10.151]","[[[2.8293, 0.0], [5.2563, 0.1305], [7.5405, -0.1958], [10.1103, 0.1958], [11.9662, 0.2611], [15.3926, 0.2611]], [[2.8293, 0.0], [5.2563, 0.1305], [7.5405, -0.1958], [10.1103, 0.1958], [12.2517, 0.3916], [18.2479, -3.1332]], [[2.8293, 0.0], [5.2563, 0.1305], [7.5405, -0.1958], [10.1103, 0.1958], [18.5334, 0.2611], [13.1083, 1.3055]], [[2.8293, 0.0], [5.2563, 0.1305], [7.5405, -0.1958], [10.1103, 0.1958], [13.1083, 16.5798], [13.9649, 1.3055]]]",0.4627,0.0,0.0,0.0,0.0,0.0,0.0,True,"[4, 4, 4]",0.0,0.0,0.0,8.8513,4.0,5.2581,10.1124,15.3951,4.0438,6.4358,8.8513,"[[2.829, 0.0], [5.256, 0.131], [7.541, -0.196], [10.11, 0.196], [12.68, 0.326], [14.679, 0.783]]",ok,10.1507,0.0,0.0,0.0,0.0,0.0,0.0,0.0,0.0,0.0,95da06d762ea41ed8050c8d7a9cefa8c,scene-0271,42
4.5443,9.9709,15.4064,3.6868,6.2572,8.8298,0.0,0.0,0.0,0.0,0.0,0.0,0.0,0.0,0.0,ok,straight,4.404,14.5506,16.7025,3.6166,7.6196,10.4546,False,"[-0.5222, -0.3916, -8.2899, -0.3264]","[-1016.781, -6144.1684, -16221.4399, -967325.0114]","[-1506012.9795, -2512158.2869, -2522235.5584, -3473339.1299]","[11.408, 9.644, 11.517, 19.16]","[[[2.8293, 0.0], [4.3997, 0.1958], [8.6826, 0.4569], [14.536, 0.6527], [17.3913, 0.7833], [20.5321, 1.0444]], [[2.8293, 0.0], [4.3997, 0.1958], [8.6826, 0.4569], [14.536, 0.6527], [12.5373, 0.3916], [14.8215, 0.7833]], [[2.8293, 0.0], [4.3997, 0.1958], [8.6826, 0.4569], [14.536, 0.6527], [13.6794, 1.436], [18.5334, 16.5798]], [[2.8293, 0.0], [4.3997, 0.1958], [8.6826, 0.4569], [14.536, 0.6527], [69.6432, 0.3916], [14.8215, 0.6527]]]",3.6716,0.0,1.0,0.0,0.0,1.0,1.0,False,"[4, 4, 4]",0.0,0.25,0.16666666666666666,9.644,4.0,4.404,14.5506,14.8422,3.6166,7.6196,9.644,"[[2.829, 0.0], [4.4, 0.196], [8.683, 0.457], [14.536, 0.653], [15.535, 0.587], [16.677, 0.914]]",ok,19.1598,0.0,1.0,0.0,0.0,1.0,1.0,0.0,0.25,0.3333333333333333,e261f474caa34797b0759aa2ca8a576d,scene-0272,42
3.7085,6.8091,7.6239,3.0529,4.6891,5.8836,0.0,0.0,0.0,0.0,0.0,0.0,0.0,0.0,0.0,ok,straight,3.9938,7.9468,7.1972,10.8335,8.9352,8.1231,False,"[-0.0653, -0.0653, -1.3708, -0.0653]","[-80438.5056, -83156.8914, -95660.1478, -111581.3539]","[-3657521.0597, -3660239.4456, -3672742.702, -3688663.9081]","[8.382, 7.859, 9.118, 7.582]","[[[18.9617, 0.0], [6.8267, 0.0653], [10.8241, 0.0], [14.8215, 0.1305], [16.2492, 0.1305], [19.39, 0.1305]], [[18.9617, 0.0], [6.8267, 0.0653], [10.8241, 0.0], [14.8215, 0.1305], [13.9649, 0.1305], [18.5334, 0.1305]], [[18.9617, 0.0], [6.8267, 0.0653], [10.8241, 0.0], [14.8215, 0.1305], [23.3874, -0.5222], [16.2492, 2.7415]], [[18.9617, 0.0], [6.8267, 0.0653], [10.8241, 0.0], [14.8215, 0.1305], [7.6833, -0.2611], [19.6755, -0.1305]]]",0.5848,0.0,0.0,0.0,0.0,0.0,0.0,False,"[4, 4, 4]",0.0,0.0,0.0,7.5822,4.0,3.9938,7.9468,7.9337,10.8335,8.9352,7.5822,"[[18.962, 0.0], [6.827, 0.065], [10.824, 0.0], [14.822, 0.131], [15.107, -0.065], [18.962, 0.131]]",ok,9.1178,0.0,0.0,0.0,0.0,0.0,0.0,0.0,0.0,0.0,6e49bfd9f21447858938b77180bcb6b8,scene-0272,42
0.6498,0.4024,0.4361,0.555,0.5186,0.5137,0.0,0.0,0.0,0.0,0.0,0.0,0.0,0.0,0.0,ok,straight,0.3645,0.4024,1.1921,0.5551,0.7683,0.9967,False,"[-0.0, -0.1958, -1.436, -0.1305]","[-874.9872, -801.336, -4943.9845, -8904.772]","[-1344323.4086, -1344323.7248, -2349269.0515, -2353229.839]","[0.701, 0.665, 1.506, 1.696]","[[[3.1148, 0.0], [5.1135, 0.0], [8.6826, -0.0653], [9.682, 0.0], [12.5373, 0.0], [15.3926, 0.0]], [[3.1148, 0.0], [5.1135, 0.0], [8.6826, -0.0653], [9.682, 0.0], [11.9662, -0.3916], [14.536, 0.3916]], [[3.1148, 0.0], [5.1135, 0.0], [8.6826, -0.0653], [9.682, 0.0], [14.8215, 0.1305], [13.1083, 2.8721]], [[3.1148, 0.0], [5.1135, 0.0], [8.6826, -0.0653], [9.682, 0.0], [15.9636, -0.1305], [11.9662, -0.2611]]]",0.4639,0.0,0.0,0.0,0.0,0.0,0.0,False,"[4, 4, 4]",0.0,0.0,0.0,0.6654,4.0,0.3645,0.4024,0.4608,0.5551,0.7683,0.6654,"[[3.115, 0.0], [5.113, 0.0], [8.683, -0.065], [9.682, 0.0], [13.679, -0.065], [13.822, 0.196]]",ok,1.6957,0.0,0.0,0.0,0.0,0.0,0.0,0.0,0.0,0.0,670c160e6af24e7c8a8dc34aae1e3a1c,scene-0272,42
0.3771,2.7611,4.9065,0.284,1.1853,2.2171,0.0,0.0,0.0,0.0,0.0,0.0,0.0,0.0,0.0,ok,left,0.6085,4.79,3.0984,4.4828,3.6203,3.5641,False,"[2.2846, 8.2899, -5.6789, 3.5248]","[-37408.522, -56279.8184, -171359.4812, -216380.9545]","[-2902497.8488, -2921369.1452, -3036448.808, -3081470.2813]","[3.84, 6.977, 8.702, 5.863]","[[[2.401, 8.551], [4.3997, 0.3264], [7.3977, 1.436], [9.9675, 7.5066], [11.1096, 2.4804], [13.1083, 4.5692]], [[2.401, 8.551], [4.3997, 0.3264], [7.3977, 1.436], [9.9675, 7.5066], [19.9611, 16.5798], [9.682, 16.5798]], [[2.401, 8.551], [4.3997, 0.3264], [7.3977, 1.436], [9.9675, 7.5066], [34.8086, 2.611], [21.1032, -11.3578]], [[2.401, 8.551], [4.3997, 0.3264], [7.3977, 1.436], [9.9675, 7.5066], [15.6781, -14.491], [16.5347, 7.0497]]]",1.7649,0.0,0.0,0.0,0.0,0.0,0.0,False,"[4, 4, 4]",0.0,0.0,0.0,3.8404,4.0,0.6085,4.79,4.9065,4.4828,3.6203,3.8404,"[[2.401, 8.551], [4.4, 0.326], [7.398, 1.436], [9.968, 7.507], [17.82, 2.546], [14.822, 5.809]]",ok,8.702,0.0,0.0,0.0,0.0,0.0,0.0,0.0,0.0,0.0,80d7c172efb64b5296f2d22f942bc963,scene-0272,42
1.3644,3.6603,4.2236,0.9397,2.1219,2.9094,0.0,0.0,0.0,0.0,0.0,0.0,0.0,0.0,0.0,ok,right,0.8145,4.3818,3.939,0.4577,1.7203,2.0156,True,"[0.2611, 0.3264, 1.0444, -0.1958]","[-552.2635, -3345.179, -10381.4443, -27611.9158]","[-1559170.3984, -2562516.2995, -2569552.5648, -2586783.0364]","[2.558, 1.639, 2.069, 3.383]","[[[3.2576, 0.0], [5.9701, -0.0653], [9.3964, -0.1305], [10.3958, -0.1305], [13.1083, -0.2611], [17.3913, -0.5222]], [[3.2576, 0.0], [5.9701, -0.0653], [9.3964, -0.1305], [10.3958, -0.1305], [17.1058, -0.7833], [21.1032, -0.6527]], [[3.2576, 0.0], [5.9701, -0.0653], [9.3964, -0.1305], [10.3958, -0.1305], [18.5334, -0.3916], [16.8202, -2.0888]], [[3.2576, 0.0], [5.9701, -0.0653], [9.3964, -0.1305], [10.3958, -0.1305], [18.5334, -5.222], [11.1096, 0.3916]]]",0.6477,0.0,0.0,0.0,0.0,0.0,0.0,False,"[4, 4, 4]",0.0,0.0,0.0,1.639,4.0,0.8145,4.3818,1.7945,0.4577,1.7203,1.639,"[[3.258, 0.0], [5.97, -0.065], [9.396, -0.131], [10.396, -0.131], [17.82, -0.587], [17.106, -0.587]]",ok,3.3826,0.0,0.0,0.0,0.0,0.0,0.0,0.0,0.0,0.0,1d477a7c21784a98b2e6a9289a958fe2,scene-0273,42
2.195,5.9344,10.7638,1.5328,3.3916,5.2535,0.0,0.0,0.0,0.0,0.0,0.0,0.0,0.0,0.0,ok,straight,2.7587,6.2261,11.0222,2.0297,4.068,6.1789,False,"[-0.6527, -0.718, -0.5222, -8.2899]","[-1051.2622, -1082.0706, -9321.9114, -11201.8412]","[-1504980.9617, -1505011.7701, -1513251.6109, -1515131.5408]","[5.717, 6.001, 5.99, 7.922]","[[[4.1141, -0.0653], [7.9688, 0.0653], [13.3939, -0.3916], [15.6781, -0.5875], [18.8189, -1.1749], [24.8151, -1.3055]], [[4.1141, -0.0653], [7.9688, 0.0653], [13.3939, -0.3916], [15.6781, -0.5875], [19.9611, -1.1749], [25.3861, -1.436]], [[4.1141, -0.0653], [7.9688, 0.0653], [13.3939, -0.3916], [15.6781, -0.5875], [23.6729, -1.0444], [21.6742, -1.0444]], [[4.1141, -0.0653], [7.9688, 0.0653], [13.3939, -0.3916], [15.6781, -0.5875], [22.8163, 1.5666], [26.5282, 16.5798]]]",0.8816,0.0,0.0,0.0,0.0,0.0,0.0,False,"[4, 4, 4]",0.0,0.0,0.0,5.7172,4.0,2.7587,6.2261,10.7638,2.0297,4.068,5.7172,"[[4.114, -0.065], [7.969, 0.065], [13.394, -0.392], [15.678, -0.587], [21.389, -1.11], [25.101, -1.175]]",ok,7.9216,0.0,0.0,0.0,0.0,0.0,0.0,0.0,0.0,0.0,b513d361d0874bf8aa8eeae2e04dd25c,scene-0273,42
1.1518,3.3801,5.2104,0.8439,1.7426,2.7365,0.0,0.0,0.0,0.0,0.0,0.0,0.0,0.0,0.0,ok,right,0.1638,2.6729,5.2104,0.3577,1.5016,2.481,True,"[1.436, 1.2402, 1.2402, 1.2402]","[-1222.8958, -1030.8118, -1170.8747, -768029.8331]","[-1895483.5773, -1895485.8861, -1895485.8866, -3663515.7196]","[2.53, 2.413, 2.566, 9.557]","[[[3.6858, 0.0], [8.3971, -0.3264], [10.3958, -0.4569], [14.9643, -1.0444], [18.5334, -1.0444], [21.9598, -2.8721]], [[3.6858, 0.0], [8.3971, -0.3264], [10.3958, -0.4569], [14.9643, -1.0444], [19.1045, -1.9582], [21.9598, -2.4804]], [[3.6858, 0.0], [8.3971, -0.3264], [10.3958, -0.4569], [14.9643, -1.0444], [18.2479, -1.436], [21.9598, -2.4804]], [[3.6858, 0.0], [8.3971, -0.3264], [10.3958, -0.4569], [14.9643, -1.0444], [69.6432, -0.6527], [31.0967, -2.4804]]]",3.0551,0.0,0.0,0.0,0.0,0.0,0.0,True,"[4, 4, 4]",0.0,0.0,0.0,2.4128,4.0,0.1638,2.6729,5.2104,0.3577,1.5016,2.4128,"[[3.686, 0.0], [8.397, -0.326], [10.396, -0.457], [14.964, -1.044], [18.819, -1.24], [21.96, -2.48]]",ok,9.5573,0.0,0.0,0.0,0.0,0.0,0.0,0.0,0.0,0.0,0c35a9646b7b4c74af3699f46d6bed9a,scene-0273,42
0.9884,0.7009,3.8499,0.5698,0.609,1.3509,0.0,0.0,0.0,0.0,0.0,0.0,0.0,0.0,0.0,ok,right,0.4399,1.0295,5.5483,0.2874,0.8349,2.64,False,"[1.2402, 2.2846, 1.5666, 0.9138]","[-2407.1725, -5330.6787, -16232.4471, -160075.4159]","[-2483664.1535, -2486587.6597, -2497489.4281, -2641332.3969]","[1.59, 3.382, 2.895, 5.499]","[[[4.828, -0.1305], [9.1109, -0.2611], [15.6781, -1.8277], [18.5334, -0.7833], [23.3874, -1.1749], [29.6691, -2.4804]], [[4.828, -0.1305], [9.1109, -0.2611], [15.6781, -1.8277], [18.5334, -0.7833], [27.3848, -2.7415], [36.8073, -4.5692]], [[4.828, -0.1305], [9.1109, -0.2611], [15.6781, -1.8277], [18.5334, -0.7833], [30.2401, -1.5666], [31.0967, -3.1332]], [[4.828, -0.1305], [9.1109, -0.2611], [15.6781, -1.8277], [18.5334, -0.7833], [36.8073, 16.5798], [30.8112, -1.8277]]]",1.4076,0.0,0.0,0.0,0.0,0.0,0.0,False,"[4, 3, 4]",0.0,0.0,0.0,1.5898,4.0,0.4399,1.0295,4.2977,0.2874,0.8349,1.5898,"[[4.828, -0.131], [9.111, -0.261], [15.678, -1.828], [18.533, -0.783], [28.812, -1.371], [30.954, -2.807]]",ok,5.4991,0.0,0.0,0.0,0.0,0.0,0.0,0.0,0.0,0.0,c63c15b4ddae40579136ebaecbbfbfd0,scene-0273,42
0.5525,0.7627,0.9619,0.3629,0.5167,0.71,0.0,0.0,0.0,0.0,0.0,0.0,0.0,0.0,0.0,ok,straight,1.1201,1.0263,3.5721,0.8606,1.3586,1.8982,False,"[-0.0653, -0.0653, -0.3264, -0.0653]","[-616.7106, -1551.9965, -10507.0204, -872825.3153]","[-809109.8547, -1810663.0154, -1819618.0394, -2681936.3343]","[1.271, 2.355, 2.768, 9.83]","[[[3.2576, 0.0], [7.9688, 0.0], [13.2511, 0.0], [15.6781, -0.0653], [19.1045, -0.1305], [21.6742, -0.1305]], [[3.2576, 0.0], [7.9688, 0.0], [13.2511, 0.0], [15.6781, -0.0653], [21.6742, 0.0], [26.5282, 0.1305]], [[3.2576, 0.0], [7.9688, 0.0], [13.2511, 0.0], [15.6781, -0.0653], [15.9636, -0.1305], [30.2401, -0.6527]], [[3.2576, 0.0], [7.9688, 0.0], [13.2511, 0.0], [15.6781, -0.0653], [69.6432, -0.1305], [23.3874, 0.1305]]]",3.3783,0.0,0.0,0.0,0.0,0.0,0.0,True,"[4, 4, 4]",0.0,0.0,0.0,1.2713,4.0,1.1201,1.0263,0.9619,0.8606,1.3586,1.2713,"[[3.258, 0.0], [7.969, 0.0], [13.251, 0.0], [15.678, -0.065], [20.389, -0.131], [24.958, 0.0]]",ok,9.8303,0.0,0.0,0.0,0.0,0.0,0.0,0.0,0.0,0.0,040a956bf0c04ad09fffc286cab5bc56,scene-0274,42
2.4794,5.4065,8.0979,1.6029,3.0862,4.4447,0.0,0.0,0.0,0.0,0.0,0.0,0.0,0.0,0.0,ok,straight,2.4794,2.9888,7.3909,1.7457,2.4817,3.0001,True,"[-0.2611, -0.0653, -0.3264, -0.1958]","[-1084.5688, -1268.2424, -29199.0624, -180374.7445]","[-1007359.4071, -2008627.8396, -2036558.6597, -2187734.3418]","[3.191, 4.042, 4.116, 5.966]","[[[2.5437, 0.0], [5.399, 0.0], [8.2543, 0.0653], [12.68, -0.1958], [14.2505, -0.1305], [18.5334, 0.5222]], [[2.5437, 0.0], [5.399, 0.0], [8.2543, 0.0653], [12.68, -0.1958], [13.1083, 0.0], [14.536, 0.1305]], [[2.5437, 0.0], [5.399, 0.0], [8.2543, 0.0653], [12.68, -0.1958], [23.1019, 2.7415], [12.5373, 0.6527]], [[2.5437, 0.0], [5.399, 0.0], [8.2543, 0.0653], [12.68, -0.1958], [38.5205, 0.3916], [15.9636, -0.3916]]]",1.0127,0.0,0.0,0.0,0.0,0.0,0.0,False,"[4, 4, 4]",0.0,0.0,0.0,3.1912,4.0,2.4794,2.9888,4.135,1.7457,2.4817,3.1912,"[[2.544, 0.0], [5.399, 0.0], [8.254, 0.065], [12.68, -0.196], [18.676, 0.196], [15.25, 0.326]]",ok,5.9661,0.0,0.0,0.0,0.0,0.0,0.0,0.0,0.0,0.0,72fb9f0f545a4d6b92f6de14c9dcce85,scene-0274,42
0.0359,0.5831,1.2311,0.1564,0.3311,0.4811,0.0,0.0,0.0,0.0,0.0,0.0,0.0,0.0,0.0,ok,straight,0.1101,4.2726,0.6651,0.0643,1.1122,0.9642,False,"[-0.3916, -0.2611, -0.0653, -0.0]","[-4332.0331, -4656.5771, -9274.3878, -54558.7194]","[-1802260.7166, -1802585.2606, -1807203.0713, -1852487.4029]","[1.358, 2.137, 0.877, 2.446]","[[[3.6858, 0.0], [6.6839, 0.0], [10.1103, -0.0653], [17.6768, 0.0], [18.2479, 0.0], [17.6768, 0.7833]], [[3.6858, 0.0], [6.6839, 0.0], [10.1103, -0.0653], [17.6768, 0.0], [21.3887, 0.3916], [15.9636, -0.5222]], [[3.6858, 0.0], [6.6839, 0.0], [10.1103, -0.0653], [17.6768, 0.0], [16.2492, -0.1305], [19.9611, -0.1305]], [[3.6858, 0.0], [6.6839, 0.0], [10.1103, -0.0653], [17.6768, 0.0], [9.682, -5.222], [21.1032, 0.0]]]",0.6206,0.0,0.0,0.0,0.0,0.0,0.0,False,"[4, 4, 4]",0.0,0.0,0.0,0.877,4.0,0.1101,4.2726,0.4826,0.0643,1.1122,0.877,"[[3.686, 0.0], [6.684, 0.0], [10.11, -0.065], [17.677, 0.0], [17.249, -0.065], [18.819, -0.065]]",ok,2.4457,0.0,0.0,0.0,0.0,0.0,0.0,0.0,0.0,0.0,9018d220fc7340998efa65631a9c3cd4,scene-0274,42
0.0315,1.6281,1.8697,0.0426,0.49,0.9549,0.0,0.0,0.0,0.0,0.0,0.0,0.0,0.0,0.0,ok,straight,1.9685,1.1741,1.2412,1.0776,0.9349,1.1891,False,"[-0.0, -0.1305, -0.0, -0.4569]","[-1076.8561, -416.6742, -827.3413, -33720.7208]","[-1531654.8083, -1531655.461, -2532483.492, -2565376.8715]","[0.998, 1.251, 1.181, 4.22]","[[[3.5431, 0.0], [8.5399, -0.1305], [11.1096, -0.1305], [13.2511, -0.3264], [17.9623, -0.1305], [20.2466, 0.0]], [[3.5431, 0.0], [8.5399, -0.1305], [11.1096, -0.1305], [13.2511, -0.3264], [16.2492, -0.2611], [19.9611, -0.2611]], [[3.5431, 0.0], [8.5399, -0.1305], [11.1096, -0.1305], [13.2511, -0.3264], [15.6781, -0.9138], [21.3887, 0.0]], [[3.5431, 0.0], [8.5399, -0.1305], [11.1096, -0.1305], [13.2511, -0.3264], [13.6794, -0.6527], [38.806, 0.9138]]]",1.3355,0.0,0.0,0.0,0.0,0.0,0.0,True,"[4, 4, 4]",0.0,0.0,0.0,0.9978,4.0,1.9685,1.1741,1.7098,1.0776,0.9349,0.9978,"[[3.543, 0.0], [8.54, -0.131], [11.11, -0.131], [13.251, -0.326], [15.964, -0.457], [20.818, 0.0]]",ok,4.2202,0.0,0.0,0.0,0.0,0.0,0.0,0.0,0.0,0.0,90c1665c6cf24153a834063fd99f257c,scene-0274,42
0.967,1.1881,1.5586,0.883,0.9924,1.0845,0.0,0.0,0.0,0.0,0.0,0.0,0.0,0.0,0.0,ok,straight,1.1098,0.8955,1.6159,0.9544,1.1709,1.103,False,"[-0.0653, -1.7624, -0.4569, -0.3916]","[-361.0877, -2111.2993, -4229.9043, -959409.4661]","[-501610.6256, -1503723.4378, -1505842.0429, -2461021.6047]","[1.013, 1.929, 1.91, 9.727]","[[[3.1148, 0.0], [6.3984, 0.0], [8.8254, -0.1305], [13.1083, -0.0653], [16.2492, -0.1305], [19.9611, -0.1305]], [[3.1148, 0.0], [6.3984, 0.0], [8.8254, -0.1305], [13.1083, -0.0653], [15.9636, -0.1305], [23.9585, -3.5248]], [[3.1148, 0.0], [6.3984, 0.0], [8.8254, -0.1305], [13.1083, -0.0653], [17.9623, -4.047], [21.9598, -0.9138]], [[3.1148, 0.0], [6.3984, 0.0], [8.8254, -0.1305], [13.1083, -0.0653], [69.6432, 0.0], [19.1045, -0.7833]]]",3.5311,0.0,0.0,0.0,0.0,0.0,0.0,True,"[4, 4, 4]",0.0,0.0,0.0,1.0132,4.0,1.1098,0.8955,0.4169,0.9544,1.1709,1.0132,"[[3.115, 0.0], [6.398, 0.0], [8.825, -0.131], [13.108, -0.065], [17.106, -0.131], [20.96, -0.849]]",ok,9.7271,0.0,0.0,0.0,0.0,0.0,0.0,0.0,0.0,0.0,8fb167b9767d420b9c6368719bafb7b4,scene-0275,42
0.8001,1.7783,1.7958,0.6653,1.0161,1.2921,0.0,0.0,0.0,0.0,0.0,0.0,0.0,0.0,0.0,ok,straight,0.229,0.6358,1.7958,0.1657,0.3024,0.6262,True,"[-0.0653, -0.0, -0.0653, -0.1305]","[-90.3261, -612.7109, -869.0312, -565430.9295]","[-974821.347, -1975434.637, -1975690.9573, -2540252.8557]","[0.816, 0.567, 1.15, 19.669]","[[[2.1154, 0.0], [4.2569, 0.0], [6.3984, 0.0], [7.9688, -0.0653], [8.5399, -0.1305], [10.253, -0.1305]], [[2.1154, 0.0], [4.2569, 0.0], [6.3984, 0.0], [7.9688, -0.0653], [10.8241, -0.1305], [10.253, 0.0]], [[2.1154, 0.0], [4.2569, 0.0], [6.3984, 0.0], [7.9688, -0.0653], [7.1122, -0.2611], [9.682, -0.1305]], [[2.1154, 0.0], [4.2569, 0.0], [6.3984, 0.0], [7.9688, -0.0653], [69.6432, 0.0], [69.6432, -0.2611]]]",8.154,0.0,0.0,0.0,0.0,0.0,0.0,True,"[4, 4, 4]",0.0,0.0,0.0,0.5673,4.0,0.229,0.6358,1.798,0.1657,0.3024,0.5673,"[[2.115, 0.0], [4.257, 0.0], [6.398, 0.0], [7.969, -0.065], [9.682, -0.131], [10.253, -0.131]]",ok,19.6694,0.0,0.0,0.0,0.0,0.0,0.0,0.0,0.0,0.0,c5fc747cb34f44d78820ae649d183e93,scene-0275,42
2.2422,4.4079,6.7807,1.5709,2.7076,3.7837,0.0,0.0,0.0,0.0,0.0,0.0,0.0,0.0,0.0,ok,straight,3.0987,5.2638,6.9267,1.9991,3.2071,4.2365,False,"[-0.1305, -0.0653, -0.0, -0.8486]","[-433.039, -573.315, -687.7027, -1611.5849]","[-252552.4115, -252552.5243, -252552.5811, -1254165.2289]","[4.214, 5.069, 3.974, 4.2]","[[[1.6871, 0.0], [4.5424, 0.0], [5.399, 0.0], [7.3977, -0.1305], [8.5399, 0.0], [8.5399, 0.2611]], [[1.6871, 0.0], [4.5424, 0.0], [5.399, 0.0], [7.3977, -0.1305], [9.1109, 0.1305], [13.1083, -0.1305]], [[1.6871, 0.0], [4.5424, 0.0], [5.399, 0.0], [7.3977, -0.1305], [7.3977, 0.0], [8.2543, 0.0]], [[1.6871, 0.0], [4.5424, 0.0], [5.399, 0.0], [7.3977, -0.1305], [6.8267, 0.1305], [9.9675, 1.6971]]]",0.4179,0.0,0.0,0.0,0.0,0.0,0.0,True,"[4, 4, 4]",0.0,0.0,0.0,3.974,4.0,3.0987,5.2638,5.9242,1.9991,3.2071,3.974,"[[1.687, 0.0], [4.542, 0.0], [5.399, 0.0], [7.398, -0.131], [7.969, 0.065], [9.254, 0.131]]",ok,5.0688,0.0,0.0,0.0,0.0,0.0,0.0,0.0,0.0,0.0,b9853461935b41f88ba20195a2d0217c,scene-0275,42
1.6871,3.6859,5.1135,1.4016,2.2582,3.0196,0.0,0.0,0.0,0.0,0.0,0.0,0.0,0.0,0.0,ok,straight,1.6871,3.6907,5.6876,1.4016,2.5449,3.4017,False,"[-0.0, -0.0653, -0.3916, -0.1305]","[-395.1906, -663.708, -587.3752, -155695.1974]","[-1003652.6592, -1003653.1023, -1003655.2965, -2159349.4242]","[3.211, 3.402, 3.362, 15.21]","[[[1.1161, 0.0], [1.6871, 0.0], [3.6858, 0.0], [3.6858, -0.1958], [3.9714, 0.0], [5.1135, 0.0]], [[1.1161, 0.0], [1.6871, 0.0], [3.6858, 0.0], [3.6858, -0.1958], [5.1135, 0.1305], [5.1135, -0.1305]], [[1.1161, 0.0], [1.6871, 0.0], [3.6858, 0.0], [3.6858, -0.1958], [3.6858, -0.1305], [6.2556, -0.7833]], [[1.1161, 0.0], [1.6871, 0.0], [3.6858, 0.0], [3.6858, -0.1958], [10.5386, 4.4387], [69.6432, -0.2611]]]",5.1471,0.0,0.0,0.0,0.0,0.0,0.0,True,"[4, 4, 4]",0.0,0.0,0.0,3.2108,4.0,1.6871,3.6907,5.1135,1.4016,2.5449,3.2108,"[[1.116, 0.0], [1.687, 0.0], [3.686, 0.0], [3.686, -0.196], [4.542, 0.065], [5.685, -0.196]]",ok,15.2103,0.0,0.0,0.0,0.0,0.0,0.0,0.0,0.0,0.0,a2f135999c12428caacda927ebcff835,scene-0275,42
2.5437,4.1098,4.8471,1.8299,2.8535,3.4442,0.0,0.0,0.0,0.0,0.0,0.0,0.0,0.0,0.0,ok,straight,36.6645,4.6848,5.6993,18.8903,11.5988,9.5832,False,"[-0.0, -0.9791, -0.1305, -0.0]","[-596391.0853, -596404.2405, -597162.8235, -598203.1812]","[-4566382.9659, -4566396.121, -4567154.704, -4568195.0617]","[9.704, 10.257, 9.417, 9.179]","[[[1.1161, 0.0], [36.6645, 0.0], [3.9714, 0.0], [5.1135, 0.1958], [6.5412, 0.3916], [9.1109, 0.0]], [[1.1161, 0.0], [36.6645, 0.0], [3.9714, 0.0], [5.1135, 0.1958], [6.8267, 0.6527], [11.9662, 1.9582]], [[1.1161, 0.0], [36.6645, 0.0], [3.9714, 0.0], [5.1135, 0.1958], [8.8254, -0.2611], [5.1135, 0.2611]], [[1.1161, 0.0], [36.6645, 0.0], [3.9714, 0.0], [5.1135, 0.1958], [5.1135, 0.0], [7.3977, 0.0]]]",0.402,0.0,0.0,0.0,0.0,0.0,0.0,False,"[4, 4, 4]",0.0,0.0,0.0,9.1793,4.0,36.6645,4.6848,4.8471,18.8903,11.5988,9.1793,"[[1.116, 0.0], [36.665, 0.0], [3.971, 0.0], [5.113, 0.196], [6.684, 0.196], [8.254, 0.131]]",ok,10.2568,0.0,0.0,0.0,0.0,0.0,0.0,0.0,0.0,0.0,3502d36d2c76428f9b79f2854e96b696,scene-0276,42
0.326,1.5291,4.4453,0.1904,0.5235,1.5653,0.0,0.0,0.0,0.0,0.0,0.0,0.0,0.0,0.0,ok,straight,0.4653,1.3324,3.982,0.2824,0.5188,1.3223,True,"[-0.5875, -0.718, -0.3264, -0.5222]","[-503.2391, -884.0088, -5932.7853, -7880.5962]","[-504503.0937, -504504.137, -1510436.5678, -1512384.3787]","[1.562, 1.116, 2.734, 1.328]","[[[3.2576, 0.0], [6.6839, -0.0653], [9.8247, -0.3264], [12.68, 0.5875], [15.107, -0.7833], [18.2479, -1.1749]], [[3.2576, 0.0], [6.6839, -0.0653], [9.8247, -0.3264], [12.68, 0.5875], [17.1058, -0.7833], [19.1045, -1.436]], [[3.2576, 0.0], [6.6839, -0.0653], [9.8247, -0.3264], [12.68, 0.5875], [10.253, -0.1305], [15.9636, -0.6527]], [[3.2576, 0.0], [6.6839, -0.0653], [9.8247, -0.3264], [12.68, 0.5875], [21.9598, -1.0444], [23.6729, 1.0444]]]",0.6258,0.0,0.0,0.0,0.0,0.0,0.0,True,"[4, 4, 4]",0.0,0.0,0.0,1.116,4.0,0.4653,1.3324,3.6704,0.2824,0.5188,1.116,"[[3.258, 0.0], [6.684, -0.065], [9.825, -0.326], [12.68, 0.587], [16.106, -0.783], [18.676, -0.914]]",ok,2.7342,0.0,0.0,0.0,0.0,0.0,0.0,0.0,0.0,0.0,7a344e7e1436415caf180ae067a4203a,scene-0276,42
1.4291,3.9324,5.8554,1.2432,2.1864,3.1679,0.0,0.0,0.0,0.0,0.0,0.0,0.0,0.0,0.0,ok,straight,1.028,4.3502,5.7325,0.9714,2.0133,2.7507,True,"[-0.0, -0.1305, -0.3264, -0.1958]","[-531.9808, -1104.7001, -2714.7692, -64708.3484]","[-507081.1207, -1508187.8182, -1509797.8873, -1571791.4665]","[3.052, 2.339, 2.806, 3.786]","[[[3.2576, 0.0], [6.9694, 0.1305], [10.253, 0.0], [11.8235, -0.1305], [15.3926, 0.0], [17.3913, 0.0]], [[3.2576, 0.0], [6.9694, 0.1305], [10.253, 0.0], [11.8235, -0.1305], [17.1058, -0.3916], [26.5282, -0.2611]], [[3.2576, 0.0], [6.9694, 0.1305], [10.253, 0.0], [11.8235, -0.1305], [17.1058, 1.1749], [17.6768, 0.6527]], [[3.2576, 0.0], [6.9694, 0.1305], [10.253, 0.0], [11.8235, -0.1305], [28.2414, 0.1305], [17.1058, 0.3916]]]",0.5234,0.0,0.0,0.0,0.0,0.0,0.0,False,"[4, 4, 4]",0.0,0.0,0.0,2.3387,4.0,1.028,4.3502,3.3072,0.9714,2.0133,2.3387,"[[3.258, 0.0], [6.969, 0.131], [10.253, 0.0], [11.823, -0.131], [17.106, 0.065], [17.534, 0.196]]",ok,3.7864,0.0,0.0,0.0,0.0,0.0,0.0,0.0,0.0,0.0,9851e24eeb8e40cf962e45b1975aff53,scene-0276,42
1.3138,2.0715,2.6129,1.2396,1.6702,1.8065,0.0,0.0,0.0,0.0,0.0,0.0,0.0,0.0,0.0,ok,straight,3.5962,8.0468,1.4327,2.5235,4.0919,3.1521,False,"[-0.0, -0.1305, -0.718, -0.4569]","[-15744.699, -18675.7509, -18721.7964, -18998.8989]","[-2852657.1533, -2855588.2052, -2855634.2506, -2855911.3532]","[3.472, 6.266, 2.945, 3.258]","[[[3.9714, 0.0], [8.8254, 0.0], [11.6807, 0.0653], [19.9611, -0.1958], [17.3913, 0.0], [21.9598, 0.0]], [[3.9714, 0.0], [8.8254, 0.0], [11.6807, 0.0653], [19.9611, -0.1958], [20.8176, -0.3916], [35.3797, 0.2611]], [[3.9714, 0.0], [8.8254, 0.0], [11.6807, 0.0653], [19.9611, -0.1958], [15.9636, -0.5222], [19.39, -1.436]], [[3.9714, 0.0], [8.8254, 0.0], [11.6807, 0.0653], [19.9611, -0.1958], [15.3926, 0.2611], [17.3913, 0.9138]]]",1.3301,0.0,0.0,0.0,0.0,0.0,0.0,False,"[4, 4, 4]",0.0,0.0,0.0,2.9449,4.0,3.5962,8.0468,0.9138,2.5235,4.0919,2.9449,"[[3.971, 0.0], [8.825, 0.0], [11.681, 0.065], [19.961, -0.196], [16.677, -0.196], [20.675, 0.131]]",ok,6.266,0.0,0.0,0.0,0.0,0.0,0.0,0.0,0.0,0.0,f733cb92982f4f58a1ce5c427786491b,scene-0276,42
0.6049,2.2056,4.617,0.5111,1.1661,2.2491,0.0,0.0,0.0,0.0,0.0,0.0,0.0,0.0,0.0,ok,straight,0.4653,2.4968,5.7128,0.2986,0.9919,2.351,False,"[-0.5222, -1.3055, -0.1958, -0.2611]","[-92.9077, -73.7754, -445.8579, -1087.1787]","[-253576.0256, -253577.7543, -1254022.8041, -1254664.1249]","[2.274, 2.595, 2.283, 2.651]","[[[2.5437, 0.0], [5.2563, 0.1305], [8.5399, 0.2611], [10.8241, 0.4569], [12.8228, 0.6527], [15.9636, 1.0444]], [[2.5437, 0.0], [5.2563, 0.1305], [8.5399, 0.2611], [10.8241, 0.4569], [12.8228, 1.436], [14.536, 2.611]], [[2.5437, 0.0], [5.2563, 0.1305], [8.5399, 0.2611], [10.8241, 0.4569], [12.5373, 1.1749], [16.2492, -0.3916]], [[2.5437, 0.0], [5.2563, 0.1305], [8.5399, 0.2611], [10.8241, 0.4569], [11.1096, 1.0444], [15.3926, 0.5222]]]",0.1735,0.0,0.0,0.0,0.0,0.0,0.0,True,"[4, 4, 4]",0.0,0.0,0.0,2.2738,4.0,0.4653,2.4968,5.462,0.2986,0.9919,2.2738,"[[2.544, 0.0], [5.256, 0.131], [8.54, 0.261], [10.824, 0.457], [12.68, 1.11], [15.678, 0.783]]",ok,2.6513,0.0,0.0,0.0,0.0,0.0,0.0,0.0,0.0,0.0,7e2fd590b46d42cdbe8dfbf035761561,scene-0277,42
0.7363,1.6904,2.0203,0.5819,1.0796,1.2851,0.0,0.0,0.0,0.0,0.0,0.0,0.0,0.0,0.0,ok,straight,1.0211,3.1299,3.7639,0.5818,1.3349,2.0497,False,"[-0.3916, -0.1305, -0.0653, -0.3264]","[-642.9318, -2406.8949, -6842.3785, -11677.7131]","[-1673916.6876, -1675680.6507, -1680116.1342, -1684951.4688]","[2.417, 1.694, 3.157, 1.987]","[[[4.2569, 0.0], [9.3964, 0.0], [13.5366, -0.1305], [19.6755, -0.3264], [25.3861, -0.1305], [27.9559, -0.7833]], [[4.2569, 0.0], [9.3964, 0.0], [13.5366, -0.1305], [19.6755, -0.3264], [21.6742, -0.1305], [27.3848, -0.2611]], [[4.2569, 0.0], [9.3964, 0.0], [13.5366, -0.1305], [19.6755, -0.3264], [29.3835, 0.0], [28.5269, 0.1305]], [[4.2569, 0.0], [9.3964, 0.0], [13.5366, -0.1305], [19.6755, -0.3264], [16.5347, 0.9138], [21.3887, -0.6527]]]",0.5506,0.0,0.0,0.0,0.0,0.0,0.0,True,"[4, 4, 4]",0.0,0.0,0.0,1.694,4.0,1.0211,3.1299,3.4521,0.5818,1.3349,1.694,"[[4.257, 0.0], [9.396, 0.0], [13.537, -0.131], [19.676, -0.326], [23.53, -0.065], [27.67, -0.457]]",ok,3.1571,0.0,0.0,0.0,0.0,0.0,0.0,0.0,0.0,0.0,d849f5a053f741e6a5f09983cf036225,scene-0277,42
1.2572,2.4287,5.4238,0.9834,1.6603,2.7059,0.0,0.0,0.0,0.0,0.0,0.0,0.0,0.0,0.0,ok,straight,1.4049,2.1405,2.5784,0.7775,1.3063,1.8054,True,"[-0.0653, -0.1305, -0.0, -0.1958]","[-407.3947, -414.7251, -2265.6548, -3051.382]","[-756229.4914, -756230.3922, -1758496.5674, -1759282.2946]","[2.327, 1.619, 2.422, 3.236]","[[[3.9714, 0.0], [6.3984, -0.0653], [10.3958, 0.0653], [13.1083, 0.0653], [16.2492, 0.0], [18.2479, -0.1305]], [[3.9714, 0.0], [6.3984, -0.0653], [10.3958, 0.0653], [13.1083, 0.0653], [16.8202, -0.1305], [21.9598, -0.2611]], [[3.9714, 0.0], [6.3984, -0.0653], [10.3958, 0.0653], [13.1083, 0.0653], [13.6794, 0.0], [20.2466, 0.0]], [[3.9714, 0.0], [6.3984, -0.0653], [10.3958, 0.0653], [13.1083, 0.0653], [22.5308, 0.7833], [34.8086, -0.3916]]]",0.5733,0.0,0.0,0.0,0.0,0.0,0.0,True,"[4, 4, 4]",0.0,0.0,0.0,1.6195,4.0,1.4049,2.1405,1.7396,0.7775,1.3063,1.6195,"[[3.971, 0.0], [6.398, -0.065], [10.396, 0.065], [13.108, 0.065], [16.535, 0.0], [21.103, -0.196]]",ok,3.2364,0.0,0.0,0.0,0.0,0.0,0.0,0.0,0.0,0.0,ef710f7aad4c4bcf9ac21ef155c8c3d1,scene-0277,42
1.38,1.3643,0.712,0.9319,1.2444,1.1315,0.0,0.0,0.0,0.0,0.0,0.0,0.0,0.0,0.0,ok,straight,0.9486,0.533,2.7912,0.786,0.8221,1.5021,False,"[-0.8486, -2.4804, -1.5013, -8.2899]","[-529.1369, -12577.2349, -13697.8034, -14350.4456]","[-768783.2414, -1781363.0218, -1782483.5902, -1783136.2324]","[0.741, 2.094, 2.323, 4.027]","[[[3.5431, 0.0653], [7.826, 0.2611], [11.6807, 0.2611], [16.5347, 1.1749], [19.9611, 0.7833], [24.5295, 1.6971]], [[3.5431, 0.0653], [7.826, 0.2611], [11.6807, 0.2611], [16.5347, 1.1749], [15.107, 0.9138], [25.6716, 4.9609]], [[3.5431, 0.0653], [7.826, 0.2611], [11.6807, 0.2611], [16.5347, 1.1749], [13.1083, 0.9138], [21.1032, 3.0026]], [[3.5431, 0.0653], [7.826, 0.2611], [11.6807, 0.2611], [16.5347, 1.1749], [22.5308, 1.3055], [35.0941, 16.5798]]]",1.1681,0.0,0.0,0.0,0.0,0.0,0.0,False,"[4, 4, 4]",0.0,0.0,0.0,0.7409,4.0,0.9486,0.533,0.6045,0.786,0.8221,0.7409,"[[3.543, 0.065], [7.826, 0.261], [11.681, 0.261], [16.535, 1.175], [17.534, 0.914], [25.101, 3.982]]",ok,4.0275,0.0,0.0,0.0,0.0,0.0,0.0,0.0,0.0,0.0,c0cd7a49d9924264b2be63b6ce9a9674,scene-0277,42
2.5633,3.8413,4.0997,1.8994,2.8178,3.3128,0.0,0.0,0.0,0.0,0.0,0.0,0.0,0.0,0.0,ok,straight,2.9873,3.089,1.4513,1.5421,2.4819,2.5118,True,"[-0.3264, -0.6527, -0.3264, -0.5222]","[-931.8725, -1064.997, -195878.8577, -207208.922]","[-2118506.5551, -3119573.4947, -3314387.3555, -3325717.4197]","[3.094, 3.043, 6.259, 11.562]","[[[4.828, 0.0], [6.9694, 0.3916], [10.9669, 0.3916], [15.8209, 0.5875], [18.2479, 0.3916], [21.6742, 0.6527]], [[4.828, 0.0], [6.9694, 0.3916], [10.9669, 0.3916], [15.8209, 0.5875], [19.9611, 0.2611], [20.2466, 1.3055]], [[4.828, 0.0], [6.9694, 0.3916], [10.9669, 0.3916], [15.8209, 0.5875], [-2.8813, -0.1305], [27.3848, 0.6527]], [[4.828, 0.0], [6.9694, 0.3916], [10.9669, 0.3916], [15.8209, 0.5875], [19.9611, 16.5798], [69.6432, 1.0444]]]",3.4708,0.0,0.0,0.0,0.0,0.0,0.0,True,"[4, 4, 4]",0.0,0.0,0.0,3.0432,4.0,2.9873,3.089,5.4275,1.5421,2.4819,3.0432,"[[4.828, 0.0], [6.969, 0.392], [10.967, 0.392], [15.821, 0.587], [19.104, 0.326], [24.53, 0.849]]",ok,11.5619,0.0,0.0,0.0,0.0,0.0,0.0,0.0,0.0,0.0,f4b5b6fc59e34da6bd18d4d8e299dab8,scene-0278,42
5.5714,10.1338,13.4971,4.173,6.7022,8.9348,0.0,0.0,0.0,0.0,0.0,0.0,0.0,0.0,0.0,ok,straight,5.1451,9.5566,14.5094,3.8884,6.1294,8.5089,True,"[-0.5222, -0.7833, -0.7833, -2.0888]","[-60.9153, -61.6988, -18412.5079, -211071.7437]","[-261453.8794, -261454.3058, -1279867.8841, -1472527.1199]","[8.268, 8.703, 9.634, 15.396]","[[[3.5431, 0.0], [6.9694, 0.1958], [9.9675, 0.0], [13.6794, 0.3264], [17.3913, 0.7833], [21.3887, 1.0444]], [[3.5431, 0.0], [6.9694, 0.1958], [9.9675, 0.0], [13.6794, 0.3264], [18.2479, 1.0444], [23.1019, 1.5666]], [[3.5431, 0.0], [6.9694, 0.1958], [9.9675, 0.0], [13.6794, 0.3264], [25.1006, 2.8721], [21.6742, 1.5666]], [[3.5431, 0.0], [6.9694, 0.1958], [9.9675, 0.0], [13.6794, 0.3264], [11.6807, -0.7833], [69.6432, -4.1776]]]",2.8692,0.0,0.0,0.0,0.0,0.0,0.0,True,"[4, 4, 4]",0.0,0.0,0.0,8.2677,4.0,5.1451,9.5566,13.4971,3.8884,6.1294,8.2677,"[[3.543, 0.0], [6.969, 0.196], [9.968, 0.0], [13.679, 0.326], [17.82, 0.914], [22.388, 1.305]]",ok,15.3956,0.0,0.0,0.0,0.0,0.0,0.0,0.0,0.0,0.0,b0b7ef23a4fb418690e43900525d09ad,scene-0278,42
1.0933,0.8886,0.895,0.8215,1.1367,1.11,0.0,0.0,0.0,0.0,0.0,0.0,0.0,0.0,0.0,ok,straight,1.6643,3.4217,5.1847,1.0356,3.0192,3.4384,False,"[-0.1958, -0.3264, -0.2611, -0.0653]","[-10564.7499, -14201.4329, -16862.1368, -123315.8679]","[-2120798.5333, -2124435.2162, -2127095.9201, -2233549.6513]","[2.365, 3.955, 3.078, 11.308]","[[[3.2576, 0.0], [7.1122, 0.0], [15.107, -0.1305], [14.2505, -2.4152], [16.2492, 0.3916], [19.39, 0.3916]], [[3.2576, 0.0], [7.1122, 0.0], [15.107, -0.1305], [14.2505, -2.4152], [17.3913, 0.7833], [27.6704, -0.6527]], [[3.2576, 0.0], [7.1122, 0.0], [15.107, -0.1305], [14.2505, -2.4152], [20.2466, 0.0], [19.6755, 0.5222]], [[3.2576, 0.0], [7.1122, 0.0], [15.107, -0.1305], [14.2505, -2.4152], [19.39, 1.8277], [69.6432, -0.1305]]]",3.5844,0.0,0.0,0.0,0.0,0.0,0.0,False,"[4, 4, 4]",0.0,0.0,0.0,2.365,4.0,1.6643,3.4217,0.895,1.0356,3.0192,2.365,"[[3.258, 0.0], [7.112, 0.0], [15.107, -0.131], [14.25, -2.415], [18.391, 0.587], [23.673, 0.131]]",ok,11.3076,0.0,0.0,0.0,0.0,0.0,0.0,0.0,0.0,0.0,ba4c95ffea104b088e07bdc2c7a0300a,scene-0278,42
1.6658,4.7246,11.1405,1.2166,2.4259,4.6591,0.0,0.0,0.0,0.0,0.0,0.0,0.0,0.0,0.0,ok,right,1.132,5.2406,10.3522,0.7012,2.4477,4.3456,True,"[-1.893, -1.8277, -8.2899, -1.8277]","[-1946.8509, -5094.2565, -27107.4967, -77535.8539]","[-2457392.4323, -2460539.8379, -2482553.0781, -2532981.4353]","[4.522, 4.365, 9.09, 12.669]","[[[2.6865, 0.1305], [5.399, 0.5222], [5.9701, 0.9791], [9.5392, 2.4804], [10.5386, 2.3499], [13.1083, 3.7859]], [[2.6865, 0.1305], [5.399, 0.5222], [5.9701, 0.9791], [9.5392, 2.4804], [9.1109, 0.5222], [11.3952, 3.6554]], [[2.6865, 0.1305], [5.399, 0.5222], [5.9701, 0.9791], [9.5392, 2.4804], [15.9636, 16.5798], [17.9623, 16.5798]], [[2.6865, 0.1305], [5.399, 0.5222], [5.9701, 0.9791], [9.5392, 2.4804], [20.8176, 0.2611], [69.6432, 3.6554]]]",3.4584,0.0,0.0,0.0,0.0,0.0,0.0,False,"[4, 4, 4]",0.0,0.0,0.0,4.3645,4.0,1.132,5.2406,10.5323,0.7012,2.4477,4.3645,"[[2.686, 0.131], [5.399, 0.522], [5.97, 0.979], [9.539, 2.48], [13.251, 1.436], [15.535, 3.721]]",ok,12.6694,0.0,0.0,0.0,0.0,0.0,0.0,0.0,0.0,0.0,ee82f97267f747c78c3458640faf9d67,scene-0278,42
3.7331,7.4383,12.3521,2.7523,4.6877,7.0097,0.0,0.0,0.0,0.0,0.0,0.0,0.0,0.0,0.0,ok,straight,19.5799,10.4363,15.7804,10.8183,9.6134,10.6747,False,"[-0.718, -0.2611, -0.5222, -0.2611]","[-125196.7986, -127419.6514, -133037.5465, -305214.3759]","[-3113424.7318, -3115647.5845, -3121265.4797, -3293442.3091]","[11.393, 10.151, 10.931, 17.765]","[[[3.9714, -0.0653], [23.2446, -0.0653], [11.6807, -0.3264], [17.2485, -0.2611], [23.9585, -0.6527], [23.3874, -1.436]], [[3.9714, -0.0653], [23.2446, -0.0653], [11.6807, -0.3264], [17.2485, -0.2611], [18.2479, -0.2611], [21.6742, -0.5222]], [[3.9714, -0.0653], [23.2446, -0.0653], [11.6807, -0.3264], [17.2485, -0.2611], [17.6768, -1.8277], [26.8138, -1.0444]], [[3.9714, -0.0653], [23.2446, -0.0653], [11.6807, -0.3264], [17.2485, -0.2611], [15.9636, -0.5222], [69.6432, -0.5222]]]",3.0377,0.0,0.0,0.0,0.0,0.0,0.0,False,"[4, 4, 4]",0.0,0.0,0.0,10.1508,4.0,19.5799,10.4363,12.3521,10.8183,9.6134,10.1508,"[[3.971, -0.065], [23.245, -0.065], [11.681, -0.326], [17.249, -0.261], [17.962, -0.587], [25.101, -0.783]]",ok,17.7649,0.0,0.0,0.0,0.0,0.0,0.0,0.0,0.0,0.0,269601cc1e4d45a3a36fbf291d45a447,scene-0329,42
3.8258,7.1677,9.9401,2.9393,4.7004,6.2812,0.0,1.0,0.0,0.0,1.0,1.0,0.0,0.5,0.5,ok,straight,3.8258,7.314,10.5555,3.0107,5.0937,6.754,False,"[-0.3264, -2.3499, -0.1958, -8.2899]","[-1023.6032, -7291.8742, -88947.967, -1197610.3278]","[-980919.0835, -1988212.3453, -2069868.4381, -3178530.7989]","[6.353, 6.504, 8.247, 17.848]","[[[2.401, 0.0], [4.2569, 0.1305], [7.826, 0.0], [8.6826, 0.3916], [11.1096, 0.3916], [11.9662, 0.6527]], [[2.401, 0.0], [4.2569, 0.1305], [7.826, 0.0], [8.6826, 0.3916], [7.1122, 0.7833], [16.2492, 4.6998]], [[2.401, 0.0], [4.2569, 0.1305], [7.826, 0.0], [8.6826, 0.3916], [12.2517, 16.5798], [13.1083, -0.3916]], [[2.401, 0.0], [4.2569, 0.1305], [7.826, 0.0], [8.6826, 0.3916], [69.6432, 2.3499], [13.9649, 16.5798]]]",4.7412,0.0,1.0,0.0,0.0,1.0,1.0,True,"[4, 4, 4]",0.0,0.5,0.3333333333333333,6.353,4.0,3.8258,7.314,8.7977,3.0107,5.0937,6.353,"[[2.401, 0.0], [4.257, 0.131], [7.826, 0.0], [8.683, 0.392], [11.681, 1.567], [13.537, 2.676]]",ok,17.8482,1.0,1.0,1.0,1.0,1.0,1.0,0.5,0.75,0.8333333333333334,f70d94a083f3437e8fd693d8648b6587,scene-0329,42
0.8282,1.3866,1.13,0.6446,0.8805,0.8799,0.0,0.0,0.0,0.0,0.0,0.0,0.0,0.0,0.0,ok,right,0.696,1.2366,0.5133,0.4361,1.2006,0.9581,False,"[1.5013, 1.9582, 2.7415, -8.2899]","[-4791.8879, -5479.6939, -7197.2986, -42184.7476]","[-1759626.4418, -1760314.2478, -1762031.8525, -1797019.3015]","[1.581, 0.923, 1.525, 4.825]","[[[1.9727, -0.0653], [4.3997, -0.2611], [8.3971, -0.9138], [6.5411, -1.9582], [10.253, -2.3499], [15.9636, -3.0026]], [[1.9727, -0.0653], [4.3997, -0.2611], [8.3971, -0.9138], [6.5411, -1.9582], [10.253, -3.1332], [11.9662, -3.9165]], [[1.9727, -0.0653], [4.3997, -0.2611], [8.3971, -0.9138], [6.5411, -1.9582], [9.9675, -1.8277], [8.8254, -5.4831]], [[1.9727, -0.0653], [4.3997, -0.2611], [8.3971, -0.9138], [6.5411, -1.9582], [13.1083, -4.4387], [12.5373, 16.5798]]]",1.5299,0.0,0.0,0.0,0.0,0.0,0.0,False,"[4, 4, 4]",0.0,0.0,0.0,0.9228,4.0,0.696,1.2366,0.107,0.4361,1.2006,0.9228,"[[1.973, -0.065], [4.4, -0.261], [8.397, -0.914], [6.541, -1.958], [10.253, -2.742], [12.252, -3.46]]",ok,4.8254,0.0,0.0,0.0,0.0,0.0,0.0,0.0,0.0,0.0,10a3ee039c4c482ab220e69c1e420031,scene-0329,42
0.2477,0.8115,0.6612,0.2609,0.4116,0.5425,0.0,0.0,0.0,0.0,0.0,0.0,0.0,0.0,0.0,ok,straight,0.5332,0.3793,2.0444,0.2784,0.2603,0.561,False,"[-1.5666, -1.893, -0.718, -0.8486]","[-212.3651, -1294.4784, -4608.9851, -5356.4469]","[-809435.0484, -1810730.1197, -1814044.6264, -1814792.0882]","[0.559, 1.01, 1.456, 1.415]","[[[2.2582, -0.0653], [3.9714, -0.1958], [6.6839, -0.3916], [8.3971, -0.6527], [10.5386, -2.0888], [12.8228, -3.1332]], [[2.2582, -0.0653], [3.9714, -0.1958], [6.6839, -0.3916], [8.3971, -0.6527], [11.3952, -2.0888], [9.682, -3.7859]], [[2.2582, -0.0653], [3.9714, -0.1958], [6.6839, -0.3916], [8.3971, -0.6527], [6.5412, -0.7833], [12.8228, 1.436]], [[2.2582, -0.0653], [3.9714, -0.1958], [6.6839, -0.3916], [8.3971, -0.6527], [12.8228, -0.9138], [7.6833, -1.6971]]]",0.3629,0.0,0.0,0.0,0.0,0.0,0.0,True,"[4, 4, 4]",0.0,0.0,0.0,0.5585,4.0,0.5332,0.3793,1.3623,0.2784,0.2603,0.5585,"[[2.258, -0.065], [3.971, -0.196], [6.684, -0.392], [8.397, -0.653], [10.967, -1.501], [11.252, -2.415]]",ok,1.4558,0.0,0.0,0.0,0.0,0.0,0.0,0.0,0.0,0.0,f954522c65fe49208c969909442ca375,scene-0329,42
0.7832,2.404,3.7865,0.676,1.352,1.9349,0.0,0.0,0.0,0.0,0.0,0.0,0.0,0.0,0.0,ok,left,0.2192,3.4705,7.8685,0.3999,1.7423,3.5147,False,"[2.3499, -8.0941, 8.2899, -3.1985]","[-1155.3479, -22039.6607, -32459.7804, -94303.515]","[-1024894.849, -2046935.9679, -2057356.0875, -2119199.8222]","[2.195, 5.377, 5.048, 5.383]","[[[1.6871, 0.0653], [4.2569, 0.718], [4.1141, 0.8486], [5.399, 2.4152], [8.5399, 4.5692], [9.9675, 4.6998]], [[1.6871, 0.0653], [4.2569, 0.718], [4.1141, 0.8486], [5.399, 2.4152], [10.8241, 2.7415], [11.1096, -16.1882]], [[1.6871, 0.0653], [4.2569, 0.718], [4.1141, 0.8486], [5.399, 2.4152], [3.9714, 16.5798], [13.1083, 16.5798]], [[1.6871, 0.0653], [4.2569, 0.718], [4.1141, 0.8486], [5.399, 2.4152], [7.9688, 16.5798], [11.6807, -6.3969]]]",1.3382,0.0,0.0,0.0,0.0,0.0,0.0,False,"[4, 4, 4]",0.0,0.0,0.0,2.1951,4.0,0.2192,3.4705,3.7865,0.3999,1.7423,2.1951,"[[1.687, 0.065], [4.257, 0.718], [4.114, 0.849], [5.399, 2.415], [8.254, 10.575], [11.395, -0.849]]",ok,5.3835,0.0,0.0,0.0,0.0,0.0,0.0,0.0,0.0,0.0,b98e65c90a7a445a907a3bb1467b551b,scene-0330,42
0.02,1.0774,0.4701,0.1223,0.4298,0.5466,0.0,0.0,0.0,0.0,0.0,0.0,0.0,0.0,0.0,ok,straight,0.8763,0.0669,0.839,0.54,0.3733,0.4467,True,"[-0.0, -0.3916, -0.5875, -0.2611]","[-579.222, -826.1803, -6517.6298, -164284.8399]","[-502878.7703, -1503707.01, -1509398.4594, -1667165.6696]","[0.7, 1.029, 1.092, 9.205]","[[[3.5431, 0.0], [7.3977, -0.1305], [9.5392, 0.1958], [11.6807, -0.0653], [16.2492, 0.0], [19.39, 0.0]], [[3.5431, 0.0], [7.3977, -0.1305], [9.5392, 0.1958], [11.6807, -0.0653], [12.2517, 0.0], [16.2492, 0.7833]], [[3.5431, 0.0], [7.3977, -0.1305], [9.5392, 0.1958], [11.6807, -0.0653], [19.1045, -0.6527], [17.6768, -1.1749]], [[3.5431, 0.0], [7.3977, -0.1305], [9.5392, 0.1958], [11.6807, -0.0653], [13.3939, 0.5222], [69.6432, 0.5222]]]",3.5816,0.0,0.0,0.0,0.0,0.0,0.0,True,"[4, 4, 4]",0.0,0.0,0.0,0.6998,4.0,0.8763,0.0669,1.6149,0.54,0.3733,0.6998,"[[3.543, 0.0], [7.398, -0.131], [9.539, 0.196], [11.681, -0.065], [14.822, 0.0], [18.533, 0.261]]",ok,9.2045,0.0,0.0,0.0,0.0,0.0,0.0,0.0,0.0,0.0,8135e2527da0405d9887a6a9b456586f,scene-0330,42
1.455,3.4445,6.755,0.9924,1.9288,3.313,0.0,0.0,0.0,0.0,0.0,0.0,0.0,0.0,0.0,ok,straight,1.6051,3.5955,8.5752,1.1403,2.1148,3.6717,False,"[-0.5222, -0.718, -4.504, -5.1567]","[-167.4238, -1133.1818, -1560.7111, -23517.2486]","[1.6967, -1001133.1818, -1001560.7111, -1023517.2486]","[3.484, 2.711, 4.467, 5.414]","[[[2.401, -0.0653], [4.6852, -0.1305], [6.8267, -0.1958], [8.6826, 0.3264], [11.1096, 0.0], [13.1083, 1.0444]], [[2.401, -0.0653], [4.6852, -0.1305], [6.8267, -0.1958], [8.6826, 0.3264], [8.5399, -0.6527], [10.8241, 1.436]], [[2.401, -0.0653], [4.6852, -0.1305], [6.8267, -0.1958], [8.6826, 0.3264], [10.253, -4.047], [14.2505, -9.0079]], [[2.401, -0.0653], [4.6852, -0.1305], [6.8267, -0.1958], [8.6826, 0.3264], [14.536, 4.5692], [15.6781, -10.3134]]]",1.0177,0.0,0.0,0.0,0.0,0.0,0.0,False,"[4, 4, 4]",0.0,0.0,0.0,2.7115,4.0,1.6051,3.5955,4.8774,1.1403,2.1148,2.7115,"[[2.401, -0.065], [4.685, -0.131], [6.827, -0.196], [8.683, 0.326], [10.681, -0.326], [13.679, -3.982]]",ok,5.4141,0.0,0.0,0.0,0.0,0.0,0.0,0.0,0.0,0.0,89f10c1e72e34cd1b8fd94dda57dbe0e,scene-0330,42
5.1135,9.682,15.393,3.9714,6.327,8.8255,0.0,0.0,0.0,0.0,0.0,0.0,0.0,0.0,0.0,ok,straight,4.828,9.54,15.9749,3.6859,6.292,9.2565,False,"[-0.0653, -0.6527, -2.611, -2.0235]","[-473.8112, -1283.6928, -4259.262, -5519.7909]","[-270863.8248, -270864.79, -1275125.4941, -1276386.023]","[8.945, 9.097, 9.379, 10.451]","[[[2.5437, 0.0], [4.828, 0.0], [8.2543, -0.1958], [9.5392, -0.1305], [12.2517, 0.0], [16.2492, -0.1305]], [[2.5437, 0.0], [4.828, 0.0], [8.2543, -0.1958], [9.5392, -0.1305], [13.6794, -0.1305], [15.6781, 1.3055]], [[2.5437, 0.0], [4.828, 0.0], [8.2543, -0.1958], [9.5392, -0.1305], [15.107, 0.5222], [15.107, 5.222]], [[2.5437, 0.0], [4.828, 0.0], [8.2543, -0.1958], [9.5392, -0.1305], [15.9636, 1.6971], [21.1032, -4.047]]]",0.5887,0.0,0.0,0.0,0.0,0.0,0.0,False,"[3, 4, 4]",0.0,0.0,0.0,8.9449,4.0,4.828,9.54,16.2496,3.6859,6.292,8.9449,"[[2.544, 0.0], [4.828, 0.0], [8.254, -0.196], [9.539, -0.131], [14.393, 0.261], [15.964, 0.587]]",ok,10.4514,0.0,0.0,0.0,0.0,0.0,0.0,0.0,0.0,0.0,ab857edfbfc94a369e6dce819fe16aec,scene-0330,42
1.9896,4.7251,6.9941,1.5567,2.749,4.0388,0.0,0.0,0.0,0.0,0.0,0.0,0.0,0.0,0.0,ok,straight,2.273,4.7076,7.3096,1.6243,3.1091,4.2505,False,"[-1.2402, -0.1958, -2.5457, -3.3943]","[-438.0368, -3262.5461, -7567.5335, -130636.9436]","[-2228502.4595, -3231766.1366, -3236071.124, -3359140.5341]","[4.279, 2.734, 5.151, 6.724]","[[[0.9733, -0.0653], [2.2582, -0.2611], [4.3997, -0.8486], [4.5424, -1.2402], [5.9701, -1.8277], [6.5412, -2.4804]], [[0.9733, -0.0653], [2.2582, -0.2611], [4.3997, -0.8486], [4.5424, -1.2402], [0.8306, 0.0], [3.1148, -0.3916]], [[0.9733, -0.0653], [2.2582, -0.2611], [4.3997, -0.8486], [4.5424, -1.2402], [9.3964, -4.9609], [5.9701, -5.0914]], [[0.9733, -0.0653], [2.2582, -0.2611], [4.3997, -0.8486], [4.5424, -1.2402], [5.399, 16.5798], [7.9688, -6.7886]]]",1.4438,0.0,0.0,0.0,0.0,0.0,0.0,False,"[4, 4, 4]",0.0,0.0,0.0,2.7343,4.0,2.273,4.7076,3.1389,1.6243,3.1091,2.7343,"[[0.973, -0.065], [2.258, -0.261], [4.4, -0.849], [4.542, -1.24], [5.685, -0.914], [6.256, -3.786]]",ok,6.7238,0.0,0.0,1.0,0.0,0.0,1.0,0.0,0.0,0.3333333333333333,09361337f2bf4e819aac2a310481e62f,scene-0331,42
3.73,7.2538,10.2228,2.8539,4.7121,6.3772,0.0,0.0,0.0,0.0,0.0,0.0,0.0,0.0,0.0,ok,straight,4.1626,6.8541,12.2331,3.1414,4.6937,6.4511,False,"[-2.7415, -3.1985, -8.2899, -8.2899]","[-313.3369, -1901.5695, -8603.213, -211727.5227]","[-1395901.5335, -2397804.8004, -2404506.4439, -2607630.7536]","[6.365, 6.536, 8.105, 18.131]","[[[2.1154, -0.1305], [4.1141, -0.8486], [5.8273, -1.436], [7.3977, -2.0888], [9.1109, -4.5692], [9.9675, -5.4831]], [[2.1154, -0.1305], [4.1141, -0.8486], [5.8273, -1.436], [7.3977, -2.0888], [7.3977, -3.2637], [13.1083, -6.3969]], [[2.1154, -0.1305], [4.1141, -0.8486], [5.8273, -1.436], [7.3977, -2.0888], [7.9688, 8.0941], [11.6807, 16.5798]], [[2.1154, -0.1305], [4.1141, -0.8486], [5.8273, -1.436], [7.3977, -2.0888], [12.2517, 16.5798], [69.6432, 16.5798]]]",4.8666,0.0,0.0,0.0,0.0,0.0,0.0,False,"[4, 4, 4]",0.0,0.0,0.0,6.3649,4.0,4.1626,6.8541,10.2228,3.1414,4.6937,6.3649,"[[2.115, -0.131], [4.114, -0.849], [5.827, -1.436], [7.398, -2.089], [8.54, 2.415], [12.395, 5.548]]",ok,18.1313,0.0,0.0,0.0,0.0,0.0,0.0,0.0,0.0,0.0,d6f57f68244a4136aa87ae54bf0aaef1,scene-0331,42
1.2939,5.0666,11.8493,0.8472,2.4687,5.0131,0.0,0.0,0.0,0.0,0.0,0.0,0.0,0.0,0.0,ok,left,7.3901,5.1423,12.0784,3.8687,4.2504,6.2846,False,"[-3.7859, -3.329, -3.6554, 8.2899]","[-44671.3829, -44696.316, -44797.8765, -60176.8907]","[-3860703.8168, -3860728.7499, -3860830.3104, -3876209.3246]","[6.489, 6.201, 6.421, 5.73]","[[[2.1154, -0.0653], [3.6858, 7.8983], [6.3984, -2.8068], [8.6826, -2.7415], [9.1109, -5.222], [9.1109, -7.5719]], [[2.1154, -0.0653], [3.6858, 7.8983], [6.3984, -2.8068], [8.6826, -2.7415], [8.5399, -4.5692], [10.5386, -6.658]], [[2.1154, -0.0653], [3.6858, 7.8983], [6.3984, -2.8068], [8.6826, -2.7415], [10.5386, -5.4831], [12.5373, -7.3108]], [[2.1154, -0.0653], [3.6858, 7.8983], [6.3984, -2.8068], [8.6826, -2.7415], [4.5424, 1.9582], [13.3939, 16.5798]]]",0.2967,0.0,0.0,0.0,0.0,0.0,0.0,False,"[4, 4, 4]",0.0,0.0,0.0,5.7304,4.0,7.3901,5.1423,11.5667,3.8687,4.2504,5.7304,"[[2.115, -0.065], [3.686, 7.898], [6.398, -2.807], [8.683, -2.742], [8.825, -4.896], [11.538, -6.984]]",ok,6.4887,0.0,0.0,0.0,0.0,0.0,0.0,0.0,0.0,0.0,bb0abb64c37b49058b885392c22d3b29,scene-0331,42
0.4188,1.374,4.5867,0.2522,0.5601,1.7931,0.0,0.0,0.0,0.0,0.0,0.0,0.0,0.0,0.0,ok,straight,0.8681,0.9758,3.9814,0.6056,0.6717,1.4335,True,"[-0.0, -0.4569, -0.5875, -8.2899]","[-486.6873, -648.8337, -1649.8388, -36791.5372]","[-543439.3005, -1544089.4169, -1545090.4221, -1580232.1205]","[1.868, 0.958, 1.019, 5.333]","[[[2.6865, 0.0], [5.8273, 0.0], [8.5399, 0.0653], [10.3958, -0.6527], [11.1096, 0.0], [14.2505, 0.0]], [[2.6865, 0.0], [5.8273, 0.0], [8.5399, 0.0653], [10.3958, -0.6527], [12.8228, 0.1305], [19.1045, 0.9138]], [[2.6865, 0.0], [5.8273, 0.0], [8.5399, 0.0653], [10.3958, -0.6527], [15.107, 0.1305], [15.6781, 1.1749]], [[2.6865, 0.0], [5.8273, 0.0], [8.5399, 0.0653], [10.3958, -0.6527], [13.3939, -1.1749], [-2.8813, 16.5798]]]",1.7909,0.0,0.0,0.0,0.0,0.0,0.0,True,"[4, 4, 4]",0.0,0.0,0.0,0.9581,4.0,0.8681,0.9758,0.8427,0.6056,0.6717,0.9581,"[[2.686, 0.0], [5.827, 0.0], [8.54, 0.065], [10.396, -0.653], [13.108, 0.065], [14.964, 1.044]]",ok,5.3332,0.0,0.0,0.0,0.0,0.0,0.0,0.0,0.0,0.0,b3105c6e9a3a4a30bddd24b48b111d78,scene-0331,42
5.6955,11.9881,17.9853,4.3003,7.2156,10.2821,0.0,0.0,0.0,0.0,0.0,0.0,0.0,0.0,0.0,ok,straight,5.6944,14.2739,18.9937,4.2997,8.0366,12.6391,False,"[-0.1305, -0.5222, -0.718, -0.0653]","[-1827.6698, -19776.6508, -91326.8733, -302075.0828]","[-1506250.6432, -1524199.6242, -1595749.8467, -1806498.0562]","[10.829, 10.785, 14.454, 15.302]","[[[3.1148, 0.0], [5.9701, -0.0653], [9.5392, -0.1305], [14.536, -0.2611], [15.107, -0.2611], [18.2479, -0.2611]], [[3.1148, 0.0], [5.9701, -0.0653], [9.5392, -0.1305], [14.536, -0.2611], [10.8241, -0.1305], [22.2453, -1.0444]], [[3.1148, 0.0], [5.9701, -0.0653], [9.5392, -0.1305], [14.536, -0.2611], [34.8086, 0.0], [20.2466, -1.436]], [[3.1148, 0.0], [5.9701, -0.0653], [9.5392, -0.1305], [14.536, -0.2611], [45.9443, -0.2611], [14.2505, -0.1305]]]",2.0574,0.0,0.0,0.0,0.0,0.0,0.0,False,"[4, 4, 4]",0.0,0.0,0.0,10.7854,4.0,5.6944,14.2739,22.0052,4.2997,8.0366,10.7854,"[[3.115, 0.0], [5.97, -0.065], [9.539, -0.131], [14.536, -0.261], [24.958, -0.196], [19.247, -0.653]]",ok,15.3023,0.0,0.0,0.0,0.0,0.0,0.0,0.0,0.0,0.0,097c7295f13a4746a2c46d036c21bd3e,scene-0332,42
6.9454,12.016,17.8493,5.2921,8.0969,10.7916,0.0,0.0,0.0,0.0,0.0,0.0,0.0,0.0,0.0,ok,straight,6.8015,12.8725,17.7089,5.1488,8.6319,11.339,False,"[-0.1305, -0.0653, -0.3264, -0.7833]","[-842.9494, -977.4259, -1215.8953, -5862.4053]","[-1559755.1252, -1559889.6017, -1560128.0711, -1564774.5811]","[11.243, 11.625, 11.34, 10.307]","[[[3.5431, 0.0], [7.255, 0.0], [12.68, -0.1305], [15.107, -0.1305], [18.8189, -0.1305], [23.3874, -0.2611]], [[3.5431, 0.0], [7.255, 0.0], [12.68, -0.1305], [15.107, -0.1305], [19.39, -0.3916], [25.1006, 0.1305]], [[3.5431, 0.0], [7.255, 0.0], [12.68, -0.1305], [15.107, -0.1305], [19.6755, 0.1305], [23.1019, -0.6527]], [[3.5431, 0.0], [7.255, 0.0], [12.68, -0.1305], [15.107, -0.1305], [20.2466, 0.1305], [16.2492, -1.5666]]]",0.4946,0.0,0.0,0.0,0.0,0.0,0.0,False,"[4, 4, 4]",0.0,0.0,0.0,10.3074,4.0,6.8015,12.8725,10.804,5.1488,8.6319,10.3074,"[[3.543, 0.0], [7.255, 0.0], [12.68, -0.131], [15.107, -0.131], [19.533, 0.0], [23.245, -0.457]]",ok,11.6249,0.0,0.0,0.0,0.0,0.0,0.0,0.0,0.0,0.0,255afd1fb1a34c9ebc1a577e49fbccd4,scene-0332,42
1.2414,1.2806,1.0194,0.8755,1.0437,1.0064,0.0,0.0,0.0,0.0,0.0,0.0,0.0,0.0,0.0,ok,straight,0.3854,4.6991,1.2408,0.305,1.8622,1.8289,False,"[-0.0653, -0.1305, -0.1305, -0.1958]","[-369.8611, -931.0471, -3488.0791, -7676.1495]","[-1034901.9985, -2035835.4125, -2038392.4445, -2042580.5149]","[3.019, 2.016, 1.599, 1.685]","[[[3.9714, 0.0], [7.6833, 0.0], [13.5366, -0.1305], [20.2466, -0.0653], [25.1006, -0.5222], [29.098, -0.1305]], [[3.9714, 0.0], [7.6833, 0.0], [13.5366, -0.1305], [20.2466, -0.0653], [23.1019, 0.1305], [25.1006, 0.2611]], [[3.9714, 0.0], [7.6833, 0.0], [13.5366, -0.1305], [20.2466, -0.0653], [20.8176, -0.1305], [24.8151, -0.2611]], [[3.9714, 0.0], [7.6833, 0.0], [13.5366, -0.1305], [20.2466, -0.0653], [19.39, -1.3055], [25.1006, 0.3916]]]",0.5643,0.0,0.0,0.0,0.0,0.0,0.0,False,"[4, 4, 4]",0.0,0.0,0.0,1.5989,4.0,0.3854,4.6991,1.0194,0.305,1.8622,1.5989,"[[3.971, 0.0], [7.683, 0.0], [13.537, -0.131], [20.247, -0.065], [21.96, -0.326], [25.101, 0.065]]",ok,3.0192,0.0,0.0,0.0,0.0,0.0,0.0,0.0,0.0,0.0,d557b9adf90b44b0b128ceb13e23e386,scene-0332,42
0.9768,0.8238,1.7544,0.7208,0.6493,0.8084,0.0,0.0,0.0,0.0,0.0,0.0,0.0,0.0,0.0,ok,straight,0.8348,4.3926,0.7073,0.544,1.8771,2.0794,False,"[-0.0653, -0.0653, -0.3916, -0.7833]","[-4821.5198, -37563.3178, -51941.9609, -98256.6974]","[-2186335.2677, -2219077.0656, -2233455.7088, -2279770.4452]","[1.673, 3.768, 2.925, 4.683]","[[[4.9707, 0.0], [8.6826, 0.0], [12.2517, -0.0653], [14.6787, 0.0653], [23.3874, -0.1305], [26.5282, -0.1305]], [[4.9707, 0.0], [8.6826, 0.0], [12.2517, -0.0653], [14.6787, 0.0653], [9.9675, -0.2611], [29.6691, -0.1305]], [[4.9707, 0.0], [8.6826, 0.0], [12.2517, -0.0653], [14.6787, 0.0653], [32.8099, 0.6527], [28.5269, -0.7833]], [[4.9707, 0.0], [8.6826, 0.0], [12.2517, -0.0653], [14.6787, 0.0653], [39.0915, -1.0444], [33.6665, 1.5666]]]",1.1083,0.0,0.0,0.0,0.0,0.0,0.0,False,"[4, 4, 4]",0.0,0.0,0.0,1.6734,4.0,0.8348,4.3926,2.0332,0.544,1.8771,1.6734,"[[4.971, 0.0], [8.683, 0.0], [12.252, -0.065], [14.679, 0.065], [28.099, -0.196], [29.098, -0.131]]",ok,4.6833,0.0,0.0,0.0,0.0,0.0,0.0,0.0,0.0,0.0,87e52fd5dabd4c1fa075f42c0a89e72e,scene-0332,42
4.5443,9.3964,13.109,3.2585,5.6136,7.5887,0.0,0.0,0.0,0.0,0.0,0.0,0.0,0.0,0.0,ok,straight,5.9715,9.8256,13.5373,4.4004,6.2932,8.4233,False,"[-0.0653, -0.0653, -0.2611, -0.0]","[-1309.3118, -1270.6964, -5455.1087, -9001.2858]","[-501239.8645, -1502511.8095, -1506696.2218, -1510242.399]","[8.232, 8.28, 9.235, 8.759]","[[[2.8293, 0.0], [5.9701, 0.1305], [6.5412, -0.2611], [9.8247, -0.1305], [11.1096, -0.1305], [13.1083, -0.1305]], [[2.8293, 0.0], [5.9701, 0.1305], [6.5412, -0.2611], [9.8247, -0.1305], [12.5373, 0.1305], [11.9662, -0.1305]], [[2.8293, 0.0], [5.9701, 0.1305], [6.5412, -0.2611], [9.8247, -0.1305], [16.2492, 0.6527], [13.9649, -0.5222]], [[2.8293, 0.0], [5.9701, 0.1305], [6.5412, -0.2611], [9.8247, -0.1305], [8.8254, 0.6527], [18.5334, 0.0]]]",0.4074,0.0,0.0,0.0,0.0,0.0,0.0,True,"[4, 4, 4]",0.0,0.0,0.0,8.232,4.0,5.9715,9.8256,13.109,4.4004,6.2932,8.232,"[[2.829, 0.0], [5.97, 0.131], [6.541, -0.261], [9.825, -0.131], [11.823, 0.392], [13.537, -0.131]]",ok,9.2349,0.0,0.0,0.0,0.0,0.0,0.0,0.0,0.0,0.0,418cbb70159341c1ada4f3ba1fb69713,scene-0344,42
5.1135,10.5394,15.3931,3.9714,6.4703,9.0163,0.0,0.0,0.0,0.0,0.0,0.0,0.0,0.0,0.0,ok,straight,5.399,9.8256,14.8286,4.0428,6.5414,8.946,True,"[-0.0653, -0.3264, -0.1305, -0.6527]","[-219.5585, -214.5948, -1516.1299, -10908.2063]","[-1602514.3021, -1602515.4438, -2604032.1015, -2613424.178]","[9.064, 8.829, 9.873, 8.04]","[[[2.6865, 0.0], [5.399, 0.0], [8.2543, -0.0653], [9.8247, -0.1305], [12.8228, -0.1305], [15.3926, -0.1305]], [[2.6865, 0.0], [5.399, 0.0], [8.2543, -0.0653], [9.8247, -0.1305], [12.5373, -0.2611], [14.2505, -0.6527]], [[2.6865, 0.0], [5.399, 0.0], [8.2543, -0.0653], [9.8247, -0.1305], [12.2517, 0.2611], [20.8176, -0.2611]], [[2.6865, 0.0], [5.399, 0.0], [8.2543, -0.0653], [9.8247, -0.1305], [15.107, -0.6527], [6.8267, -1.3055]]]",0.6536,0.0,0.0,0.0,0.0,0.0,0.0,True,"[4, 4, 4]",0.0,0.0,0.0,8.0395,4.0,5.399,9.8256,6.9504,4.0428,6.5414,8.0395,"[[2.686, 0.0], [5.399, 0.0], [8.254, -0.065], [9.825, -0.131], [12.68, -0.196], [14.822, -0.457]]",ok,9.8733,0.0,0.0,0.0,0.0,0.0,0.0,0.0,0.0,0.0,eb9d7bc242d14e92a46c1037126cb204,scene-0344,42
5.1135,10.5394,15.9642,3.9714,6.4703,9.1114,0.0,0.0,0.0,0.0,0.0,0.0,0.0,0.0,0.0,ok,straight,5.6846,10.1111,12.8228,4.3283,6.5773,8.6364,True,"[-0.0653, -0.0653, -0.0653, -0.1305]","[-58.4355, -545.7451, -1455.669, -10996.4774]","[-762178.5636, -1762725.5996, -1763635.5235, -1773176.3319]","[9.183, 8.573, 8.946, 6.426]","[[[2.972, 0.0], [5.6846, 0.0], [7.5405, -0.1305], [10.1103, -0.1305], [12.8228, -0.1305], [15.9636, -0.1305]], [[2.972, 0.0], [5.6846, 0.0], [7.5405, -0.1305], [10.1103, -0.1305], [12.5373, -1.1749], [12.5373, 0.1305]], [[2.972, 0.0], [5.6846, 0.0], [7.5405, -0.1305], [10.1103, -0.1305], [14.2505, -0.3916], [13.1083, -0.1305]], [[2.972, 0.0], [5.6846, 0.0], [7.5405, -0.1305], [10.1103, -0.1305], [4.2569, -0.3916], [7.9688, 0.2611]]]",1.0932,0.0,0.0,0.0,0.0,0.0,0.0,True,"[4, 4, 4]",0.0,0.0,0.0,6.4262,4.0,5.6846,10.1111,7.9731,4.3283,6.5773,6.4262,"[[2.972, 0.0], [5.685, 0.0], [7.541, -0.131], [10.11, -0.131], [12.68, -0.392], [12.823, 0.0]]",ok,9.1828,0.0,0.0,0.0,0.0,0.0,0.0,0.0,0.0,0.0,113f0ef12c2d455ebd676580a8bb9d57,scene-0344,42
5.399,11.1104,17.3918,4.1141,6.7558,9.5873,0.0,0.0,1.0,0.0,0.0,1.0,0.0,0.0,0.3333333333333333,ok,straight,5.6846,10.6821,17.1063,4.4711,7.113,9.9444,False,"[-0.0653, -0.3264, -0.0653, -0.0653]","[-222.9941, -996.9618, -2227.7627, -1190136.1152]","[-253457.2396, -253459.5505, -1255686.1587, -2443594.5113]","[9.825, 10.065, 10.73, 17.868]","[[[3.2576, 0.0], [5.6846, 0.0], [8.8254, -0.1958], [10.6813, -0.1305], [13.1083, -0.1305], [17.3913, -0.1305]], [[3.2576, 0.0], [5.6846, 0.0], [8.8254, -0.1958], [10.6813, -0.1305], [15.107, -0.1305], [16.8202, 0.6527]], [[3.2576, 0.0], [5.6846, 0.0], [8.8254, -0.1958], [10.6813, -0.1305], [13.1083, -0.1305], [22.8163, -0.1305]], [[3.2576, 0.0], [5.6846, 0.0], [8.8254, -0.1958], [10.6813, -0.1305], [69.6432, -0.5222], [9.1109, -0.1305]]]",3.334,0.0,0.0,1.0,0.0,0.0,1.0,True,"[4, 4, 4]",0.0,0.0,0.3333333333333333,9.8254,4.0,5.6846,10.6821,17.3918,4.4711,7.113,9.8254,"[[3.258, 0.0], [5.685, 0.0], [8.825, -0.196], [10.681, -0.131], [14.108, -0.131], [17.106, -0.131]]",ok,17.8681,0.0,0.0,0.0,0.0,0.0,1.0,0.0,0.0,0.16666666666666666,23d04168ebfa4aabbd7ab5024c7f096f,scene-0344,42
5.399,10.5394,16.8207,4.2569,6.7558,9.5873,0.0,0.0,0.0,0.0,0.0,0.0,0.0,0.0,0.0,ok,straight,5.8288,11.5381,17.8201,4.6146,7.1129,10.9438,False,"[-0.0653, -0.0653, -0.4569, -1.0444]","[-450.4551, -3822.6403, -10108.5169, -34658.4762]","[-1172964.1056, -2176788.4831, -2183074.3597, -2207624.3191]","[9.683, 10.111, 11.59, 21.109]","[[[3.4003, 0.0], [5.8273, -0.1305], [7.6833, -0.1305], [11.5379, 0.0653], [13.6794, -0.1305], [15.9636, -0.1305]], [[3.4003, 0.0], [5.8273, -0.1305], [7.6833, -0.1305], [11.5379, 0.0653], [17.3913, -0.2611], [14.8215, -0.1305]], [[3.4003, 0.0], [5.8273, -0.1305], [7.6833, -0.1305], [11.5379, 0.0653], [21.3887, -0.1305], [19.6755, 0.9138]], [[3.4003, 0.0], [5.8273, -0.1305], [7.6833, -0.1305], [11.5379, 0.0653], [28.5269, -0.2611], [69.6432, -2.0888]]]",4.6646,0.0,0.0,0.0,0.0,0.0,0.0,False,"[4, 4, 4]",0.0,0.0,0.0,9.6826,4.0,5.8288,11.5381,15.9642,4.6146,7.1129,9.6826,"[[3.4, 0.0], [5.827, -0.131], [7.683, -0.131], [11.538, 0.065], [19.39, -0.196], [17.82, -0.131]]",ok,21.109,0.0,0.0,0.0,0.0,0.0,0.0,0.0,0.0,0.0,c525629d7b3749d8968b486bb5412adf,scene-0345,42
1.7381,1.4861,2.3821,1.2208,1.3436,1.5379,0.0,0.0,0.0,0.0,0.0,0.0,0.0,0.0,0.0,ok,right,1.3112,2.1468,3.9064,1.2927,1.6118,2.5615,False,"[0.0653, 0.3264, -0.3264, -0.1305]","[-327.0379, -5955.8826, -8373.0496, -185253.2735]","[-1573121.5976, -2579078.4534, -2581495.6203, -2758375.8443]","[1.697, 2.238, 3.683, 5.898]","[[[2.8293, 0.0], [4.6852, 0.0], [7.1122, -0.0653], [10.1103, -0.1305], [11.1096, -0.1305], [13.1083, -0.1305]], [[2.8293, 0.0], [4.6852, 0.0], [7.1122, -0.0653], [10.1103, -0.1305], [9.1109, 0.2611], [17.3913, -0.6527]], [[2.8293, 0.0], [4.6852, 0.0], [7.1122, -0.0653], [10.1103, -0.1305], [19.39, -0.1305], [18.8189, 0.6527]], [[2.8293, 0.0], [4.6852, 0.0], [7.1122, -0.0653], [10.1103, -0.1305], [36.2362, 0.5222], [14.536, 0.2611]]]",1.6255,0.0,0.0,0.0,0.0,0.0,0.0,False,"[4, 4, 4]",0.0,0.0,0.0,1.6975,4.0,1.3112,2.1468,2.267,1.2927,1.6118,1.6975,"[[2.829, 0.0], [4.685, 0.0], [7.112, -0.065], [10.11, -0.131], [15.25, 0.065], [15.964, 0.065]]",ok,5.8984,0.0,0.0,0.0,0.0,0.0,0.0,0.0,0.0,0.0,d8866c75f88a4dbaa461260b81409544,scene-0345,42
1.3761,3.2651,6.1958,0.9915,1.8861,3.1834,0.0,0.0,0.0,0.0,0.0,0.0,0.0,0.0,0.0,ok,right,1.1598,2.1084,6.4438,0.8222,1.8842,3.359,False,"[2.2846, 1.0444, 3.2637, 2.6763]","[-3226.7839, -6079.7058, -8303.0509, -10544.3171]","[-1793133.2908, -1795986.2127, -1798209.5577, -1800450.824]","[3.217, 3.642, 3.382, 3.763]","[[[2.401, -0.0653], [4.828, -0.3264], [5.9701, 0.3916], [10.1103, -2.5457], [11.1096, -3.1332], [13.6794, -4.5692]], [[2.401, -0.0653], [4.828, -0.3264], [5.9701, 0.3916], [10.1103, -2.5457], [9.682, -2.3499], [14.8215, -2.0888]], [[2.401, -0.0653], [4.828, -0.3264], [5.9701, 0.3916], [10.1103, -2.5457], [15.107, -3.9165], [8.5399, -6.5275]], [[2.401, -0.0653], [4.828, -0.3264], [5.9701, 0.3916], [10.1103, -2.5457], [9.1109, -0.5222], [13.1083, -5.3525]]]",0.2143,0.0,0.0,0.0,0.0,0.0,0.0,False,"[4, 4, 4]",0.0,0.0,0.0,3.2166,4.0,1.1598,2.1084,6.4027,0.8222,1.8842,3.2166,"[[2.401, -0.065], [4.828, -0.326], [5.97, 0.392], [10.11, -2.546], [10.396, -2.742], [13.394, -4.961]]",ok,3.7633,0.0,0.0,0.0,0.0,0.0,0.0,0.0,0.0,0.0,699e94e9f1cc4dffa7c58c00fd3a740f,scene-0345,42
1.8522,4.839,6.1148,1.3541,2.9021,4.0105,0.0,0.0,0.0,0.0,0.0,0.0,0.0,0.0,0.0,ok,straight,2.2803,3.2674,5.6905,1.7822,2.6162,3.8206,True,"[-1.0444, -0.0653, -0.1958, -0.1305]","[-496.8367, -922.2301, -2470.0517, -133849.5561]","[-1797120.2869, -1797545.6804, -1799093.502, -1930473.0063]","[2.454, 3.82, 3.825, 7.153]","[[[3.8286, 0.0], [8.1116, 0.0], [12.9656, 0.0], [18.3906, -0.0653], [25.1006, 0.0], [29.3835, -2.0888]], [[3.8286, 0.0], [8.1116, 0.0], [12.9656, 0.0], [18.3906, -0.0653], [20.5321, 0.0], [24.8151, -0.1305]], [[3.8286, 0.0], [8.1116, 0.0], [12.9656, 0.0], [18.3906, -0.0653], [19.6755, -0.3916], [25.6716, 0.3916]], [[3.8286, 0.0], [8.1116, 0.0], [12.9656, 0.0], [18.3906, -0.0653], [1.6871, 0.0], [23.6729, 0.2611]]]",1.7323,0.0,0.0,0.0,0.0,0.0,0.0,False,"[4, 4, 4]",0.0,0.0,0.0,2.4537,4.0,2.2803,3.2674,2.4811,1.7822,2.6162,2.4537,"[[3.829, 0.0], [8.112, 0.0], [12.966, 0.0], [18.391, -0.065], [20.104, 0.0], [25.243, 0.065]]",ok,7.1528,0.0,0.0,0.0,0.0,0.0,0.0,0.0,0.0,0.0,13ccb50e48444e128c76ca469117d676,scene-0345,42
1.6871,3.4003,5.1135,1.2588,2.1154,2.8293,0.0,0.0,0.0,0.0,0.0,0.0,0.0,0.0,0.0,ok,straight,1.9727,3.1148,5.1339,1.4016,2.0441,2.8327,False,"[-0.0, -0.0, -1.6971, -0.4569]","[-64.9296, -151.5105, -1574.129, -8731.5411]","[-981205.7185, -981205.7427, -1982781.341, -1989938.7531]","[2.877, 2.782, 2.515, 5.878]","[[[0.8306, 0.0], [1.9727, 0.0], [2.2582, 0.0], [3.1148, 0.0], [3.9714, 0.0], [5.1135, 0.0]], [[0.8306, 0.0], [1.9727, 0.0], [2.2582, 0.0], [3.1148, 0.0], [3.4003, 0.0], [5.1135, 0.0]], [[0.8306, 0.0], [1.9727, 0.0], [2.2582, 0.0], [3.1148, 0.0], [1.6871, 0.0], [3.9714, -3.3943]], [[0.8306, 0.0], [1.9727, 0.0], [2.2582, 0.0], [3.1148, 0.0], [5.399, 0.0], [21.6742, -0.9138]]]",1.3721,0.0,0.0,0.0,0.0,0.0,0.0,True,"[4, 4, 4]",0.0,0.0,0.0,2.5146,4.0,1.9727,3.1148,5.2243,1.4016,2.0441,2.5146,"[[0.831, 0.0], [1.973, 0.0], [2.258, 0.0], [3.115, 0.0], [3.686, 0.0], [5.113, -0.457]]",ok,5.8781,0.0,0.0,0.0,0.0,0.0,0.0,0.0,0.0,0.0,c35efe5eaf784275b8c7e31fb50aa902,scene-0346,42
1.6871,3.6858,4.5424,1.2588,2.1868,2.8768,0.0,0.0,0.0,0.0,0.0,0.0,0.0,0.0,0.0,ok,straight,1.6871,4.5424,5.6846,1.4016,2.7222,3.567,False,"[-0.0, -0.0653, -0.0, -0.0]","[-499.5063, -223.2067, -5044.4452, -6391.5978]","[-500825.2151, -500827.423, -1505871.1708, -1507218.3233]","[3.281, 3.854, 3.472, 4.424]","[[[1.1161, 0.0], [1.6871, 0.0], [3.5431, 0.0], [4.5424, 0.0], [3.6858, 0.0], [5.1135, 0.0]], [[1.1161, 0.0], [1.6871, 0.0], [3.5431, 0.0], [4.5424, 0.0], [5.9701, 0.2611], [6.2556, -0.1305]], [[1.1161, 0.0], [1.6871, 0.0], [3.5431, 0.0], [4.5424, 0.0], [7.9688, 0.1305], [1.9727, 0.0]], [[1.1161, 0.0], [1.6871, 0.0], [3.5431, 0.0], [4.5424, 0.0], [3.1148, -0.1305], [12.5373, 0.0]]]",0.4364,0.0,0.0,0.0,0.0,0.0,0.0,True,"[3, 4, 4]",0.0,0.0,0.0,3.2813,4.0,1.6871,4.5424,5.1135,1.4016,2.7222,3.2813,"[[1.116, 0.0], [1.687, 0.0], [3.543, 0.0], [4.542, 0.0], [4.828, 0.065], [5.685, 0.0]]",ok,4.4239,0.0,0.0,0.0,0.0,0.0,0.0,0.0,0.0,0.0,0ed1a404c1fb4f7a87a30d3ee45f7f97,scene-0346,42
1.4399,4.317,5.5495,0.792,2.2878,3.238,0.0,0.0,0.0,0.0,0.0,0.0,0.0,0.0,0.0,ok,straight,1.4399,0.9733,6.4281,1.0061,1.4861,3.0599,True,"[-0.3264, -0.0653, -0.0653, -0.3264]","[-2478.2361, -6470.1793, -7086.6672, -10145.8442]","[-2106211.5964, -2110203.5396, -2110820.0275, -2113879.2045]","[2.697, 4.128, 2.848, 3.013]","[[[1.2588, 0.0], [3.1148, 0.0], [4.2569, 0.1958], [9.1109, -0.0653], [9.1109, 0.2611], [7.3977, 0.6527]], [[1.2588, 0.0], [3.1148, 0.0], [4.2569, 0.1958], [9.1109, -0.0653], [5.399, 0.3916], [2.5437, -0.1305]], [[1.2588, 0.0], [3.1148, 0.0], [4.2569, 0.1958], [9.1109, -0.0653], [6.5412, 0.0], [9.1109, 0.1305]], [[1.2588, 0.0], [3.1148, 0.0], [4.2569, 0.1958], [9.1109, -0.0653], [5.6846, 1.0444], [9.1109, -0.6527]]]",0.5636,0.0,0.0,0.0,0.0,0.0,0.0,False,"[4, 4, 4]",0.0,0.0,0.0,2.6972,4.0,1.4399,0.9733,7.2423,1.0061,1.4861,2.6972,"[[1.259, 0.0], [3.115, 0.0], [4.257, 0.196], [9.111, -0.065], [6.113, 0.326], [8.254, 0.0]]",ok,4.1284,0.0,0.0,0.0,0.0,0.0,0.0,0.0,0.0,0.0,5ad76231ff724caa85e151d89bc8770a,scene-0346,42
0.5475,1.1728,1.4434,0.6119,0.671,0.7203,0.0,0.0,0.0,0.0,0.0,0.0,0.0,0.0,0.0,ok,straight,0.8314,0.3925,0.5995,0.6824,0.5887,0.6374,True,"[-0.3916, -0.6527, -0.0, -0.4569]","[-595.344, -1841.035, -3355.9666, -9861.4487]","[-502634.3823, -1504476.2778, -1505991.2094, -1512496.6915]","[0.66, 1.448, 1.569, 1.638]","[[[2.6865, 0.0], [5.399, 0.0653], [6.5411, -0.0653], [9.9675, 0.5222], [13.1083, 0.2611], [14.8215, 0.7833]], [[2.6865, 0.0], [5.399, 0.0653], [6.5411, -0.0653], [9.9675, 0.5222], [13.3939, -0.1305], [21.9598, 1.3055]], [[2.6865, 0.0], [5.399, 0.0653], [6.5411, -0.0653], [9.9675, 0.5222], [14.2505, 0.5222], [10.5386, 0.0]], [[2.6865, 0.0], [5.399, 0.0653], [6.5411, -0.0653], [9.9675, 0.5222], [18.5334, 2.4804], [16.5347, -0.9138]]]",0.3921,0.0,0.0,0.0,0.0,0.0,0.0,True,"[4, 4, 4]",0.0,0.0,0.0,0.66,4.0,0.8314,0.3925,1.4598,0.6824,0.5887,0.66,"[[2.686, 0.0], [5.399, 0.065], [6.541, -0.065], [9.968, 0.522], [13.822, 0.392], [15.678, 0.392]]",ok,1.638,0.0,0.0,0.0,0.0,0.0,0.0,0.0,0.0,0.0,0af54713a83e4d54b852eb2239039136,scene-0346,42
0.3072,1.9384,4.9672,0.3359,0.9116,1.9431,0.0,0.0,0.0,0.0,0.0,0.0,0.0,0.0,0.0,ok,straight,2.4224,3.0772,4.2047,1.4646,2.0798,2.4554,False,"[-0.0653, -0.2611, -0.4569, -1.6971]","[-6328.1033, -8097.7549, -10761.8464, -23018.0703]","[-2962471.5208, -2964241.1724, -2966905.264, -2979161.4878]","[2.722, 2.542, 2.664, 3.171]","[[[1.8299, 0.0], [7.255, 0.0653], [5.2563, -0.1305], [7.3977, -0.3264], [10.5386, -0.1305], [11.9662, -0.1305]], [[1.8299, 0.0], [7.255, 0.0653], [5.2563, -0.1305], [7.3977, -0.3264], [12.2517, 0.7833], [11.6807, 0.5222]], [[1.8299, 0.0], [7.255, 0.0653], [5.2563, -0.1305], [7.3977, -0.3264], [7.3977, 0.3916], [15.9636, 0.9138]], [[1.8299, 0.0], [7.255, 0.0653], [5.2563, -0.1305], [7.3977, -0.3264], [12.8228, -6.0053], [13.6794, 3.3943]]]",0.2379,0.0,0.0,0.0,0.0,0.0,0.0,False,"[4, 4, 4]",0.0,0.0,0.0,2.5424,4.0,2.4224,3.0772,5.2976,1.4646,2.0798,2.5424,"[[1.83, 0.0], [7.255, 0.065], [5.256, -0.131], [7.398, -0.326], [11.395, 0.131], [12.823, 0.718]]",ok,3.1713,0.0,0.0,0.0,0.0,0.0,0.0,0.0,0.0,0.0,4e26b42796024b45a9a852738e3701bb,scene-0519,42
0.9523,2.9046,2.3966,0.5636,1.5163,1.9742,0.0,0.0,0.0,0.0,0.0,0.0,0.0,0.0,0.0,ok,straight,0.8099,6.3173,10.7751,0.992,3.2975,4.3212,False,"[-0.0653, -0.0653, -0.0653, -0.3264]","[-2929.4964, -11261.2076, -14975.4121, -189963.329]","[-3366975.3423, -3375307.0535, -3379021.258, -3554009.1748]","[3.162, 3.115, 5.625, 10.428]","[[[4.6852, 0.0], [7.826, 0.0], [15.3926, -0.0653], [20.2466, -0.0653], [20.8176, -0.1305], [23.3874, -0.1305]], [[4.6852, 0.0], [7.826, 0.0], [15.3926, -0.0653], [20.2466, -0.0653], [17.9623, 0.0], [25.9572, 0.1305]], [[4.6852, 0.0], [7.826, 0.0], [15.3926, -0.0653], [20.2466, -0.0653], [21.3887, 0.0], [37.6639, 0.1305]], [[4.6852, 0.0], [7.826, 0.0], [15.3926, -0.0653], [20.2466, -0.0653], [16.8202, -0.1305], [69.6432, -0.6527]]]",2.9762,0.0,0.0,0.0,0.0,0.0,0.0,False,"[4, 4, 4]",0.0,0.0,0.0,3.1152,4.0,0.8099,6.3173,4.9211,0.992,3.2975,3.1152,"[[4.685, 0.0], [7.826, 0.0], [15.393, -0.065], [20.247, -0.065], [19.39, -0.065], [31.811, 0.0]]",ok,10.4282,0.0,0.0,0.0,0.0,0.0,0.0,0.0,0.0,0.0,f35c8e2c937d4cd486cd0cce36425d5c,scene-0519,42
2.4689,5.9355,9.4207,1.8999,3.4873,5.1052,0.0,0.0,0.0,0.0,0.0,0.0,0.0,0.0,0.0,ok,straight,3.3254,6.2209,8.5661,2.1141,3.6655,4.9627,True,"[-0.0, -0.0653, -0.1305, -0.4569]","[-1058.9162, -569.2008, -576.1478, -507736.1221]","[-792606.3009, -792606.6701, -792607.0415, -2300343.9273]","[4.7, 5.224, 5.226, 17.892]","[[[3.5431, 0.0], [5.1135, 0.0], [8.5399, -0.0653], [10.8241, -0.1305], [15.3926, -0.1305], [17.6768, 0.0]], [[3.5431, 0.0], [5.1135, 0.0], [8.5399, -0.0653], [10.8241, -0.1305], [13.9649, -0.1305], [15.9636, -0.1305]], [[3.5431, 0.0], [5.1135, 0.0], [8.5399, -0.0653], [10.8241, -0.1305], [13.9649, -0.3916], [15.9636, -0.2611]], [[3.5431, 0.0], [5.1135, 0.0], [8.5399, -0.0653], [10.8241, -0.1305], [69.6432, 0.1305], [69.6432, -0.9138]]]",5.5648,0.0,0.0,0.0,0.0,0.0,0.0,True,"[4, 4, 4]",0.0,0.0,0.0,4.7003,4.0,3.3254,6.2209,7.7057,2.1141,3.6655,4.7003,"[[3.543, 0.0], [5.113, 0.0], [8.54, -0.065], [10.824, -0.131], [14.679, -0.131], [16.82, -0.196]]",ok,17.8921,0.0,0.0,0.0,0.0,0.0,0.0,0.0,0.0,0.0,3a90b7c61d7f4016a1a2a680b0eac6e9,scene-0519,42
1.6245,3.2998,2.1388,1.2559,2.0023,2.1097,0.0,0.0,0.0,0.0,0.0,0.0,0.0,0.0,0.0,ok,straight,0.2146,0.448,5.847,0.6222,1.1151,1.9225,True,"[-0.1958, -0.4569, -0.0653, -0.1305]","[-3838.0315, -4372.6042, -4951.889, -5416.2148]","[-2667030.7273, -2667565.3, -2668144.5847, -2668608.9106]","[1.521, 2.152, 1.518, 2.612]","[[[3.5431, 0.0], [8.8254, 0.0], [10.5386, 0.0], [17.1058, -0.1305], [21.6742, 0.0], [21.1032, -0.3916]], [[3.5431, 0.0], [8.8254, 0.0], [10.5386, 0.0], [17.1058, -0.1305], [20.5321, -0.1305], [18.2479, 0.9138]], [[3.5431, 0.0], [8.8254, 0.0], [10.5386, 0.0], [17.1058, -0.1305], [19.1045, -0.1305], [23.3874, -0.1305]], [[3.5431, 0.0], [8.8254, 0.0], [10.5386, 0.0], [17.1058, -0.1305], [20.2466, -0.1305], [15.6781, -0.2611]]]",0.4611,0.0,0.0,0.0,0.0,0.0,0.0,False,"[4, 4, 4]",0.0,0.0,0.0,1.5182,4.0,0.2146,0.448,2.1388,0.6222,1.1151,1.5182,"[[3.543, 0.0], [8.825, 0.0], [10.539, 0.0], [17.106, -0.131], [20.389, -0.131], [19.676, -0.196]]",ok,2.6124,0.0,0.0,0.0,0.0,0.0,0.0,0.0,0.0,0.0,4b593e6d756b4827b46e044ee147d4fb,scene-0519,42
1.782,4.2455,5.9327,1.2749,2.4612,3.5592,0.0,0.0,0.0,0.0,0.0,0.0,0.0,0.0,0.0,ok,straight,1.4968,2.5354,4.9316,0.8477,1.6773,3.1079,True,"[-0.1958, -0.0653, -0.0653, -0.1305]","[-901.0688, -1272.5567, -4794.7221, -9824.9478]","[-2044912.4727, -2045283.9606, -2048806.126, -2053836.3517]","[1.955, 3.037, 4.654, 3.132]","[[[3.6858, 0.0], [6.2556, 0.0], [9.1109, -0.1305], [12.8228, -0.0653], [17.6768, 0.1305], [18.2479, -0.3916]], [[3.6858, 0.0], [6.2556, 0.0], [9.1109, -0.1305], [12.8228, -0.0653], [13.1083, -0.1305], [16.2492, -0.1305]], [[3.6858, 0.0], [6.2556, 0.0], [9.1109, -0.1305], [12.8228, -0.0653], [9.3964, -0.2611], [10.253, -0.1305]], [[3.6858, 0.0], [6.2556, 0.0], [9.1109, -0.1305], [12.8228, -0.0653], [10.253, 0.0], [18.5334, -0.2611]]]",0.9613,0.0,0.0,0.0,0.0,0.0,0.0,False,"[4, 4, 4]",0.0,0.0,0.0,1.9546,4.0,1.4968,2.5354,3.9295,0.8477,1.6773,1.9546,"[[3.686, 0.0], [6.256, 0.0], [9.111, -0.131], [12.823, -0.065], [11.681, -0.065], [17.249, -0.196]]",ok,4.6539,0.0,0.0,0.0,0.0,0.0,0.0,0.0,0.0,0.0,6123a0c091d24c39ab274cdbad994bc4,scene-0520,42
1.4589,4.0106,8.4464,1.0934,2.2072,3.9243,0.0,0.0,0.0,0.0,0.0,0.0,0.0,0.0,0.0,ok,straight,1.4581,4.4389,7.3073,1.0217,2.1355,3.4014,True,"[-0.1305, -0.1958, -0.1305, -0.3264]","[-199.2382, -844.549, -2919.1722, -3990.8024]","[-590436.8004, -590438.0382, -1593357.9572, -1594429.5873]","[3.876, 3.225, 4.114, 2.037]","[[[1.5444, 0.0], [2.8293, -0.0653], [4.5424, -0.0653], [4.6852, 0.0], [5.6846, -0.1305], [6.5412, -0.2611]], [[1.5444, 0.0], [2.8293, -0.0653], [4.5424, -0.0653], [4.6852, 0.0], [7.3977, -0.9138], [8.8254, -0.3916]], [[1.5444, 0.0], [2.8293, -0.0653], [4.5424, -0.0653], [4.6852, 0.0], [7.3977, 0.0], [3.4003, 0.2611]], [[1.5444, 0.0], [2.8293, -0.0653], [4.5424, -0.0653], [4.6852, 0.0], [10.8241, -0.2611], [12.5373, -0.6527]]]",0.8057,0.0,0.0,0.0,0.0,0.0,0.0,True,"[4, 4, 4]",0.0,0.0,0.0,2.0367,4.0,1.4581,4.4389,2.5279,1.0217,2.1355,2.0367,"[[1.544, 0.0], [2.829, -0.065], [4.542, -0.065], [4.685, 0.0], [7.398, -0.196], [7.683, -0.326]]",ok,4.1143,0.0,0.0,0.0,0.0,0.0,0.0,0.0,0.0,0.0,b999707d600d4b0db25404e6f41085aa,scene-0520,42
0.3897,0.267,1.6147,0.2932,0.4609,0.6804,0.0,0.0,0.0,0.0,0.0,0.0,0.0,0.0,0.0,ok,straight,0.3971,0.5309,0.2825,0.2969,0.4229,0.7152,False,"[-0.1305, -0.1305, -0.1958, -0.1958]","[-439.8815, -5343.9277, -10283.1079, -89222.0742]","[-2261969.6762, -2266873.7224, -2271812.9027, -2350751.869]","[0.655, 1.598, 1.594, 3.353]","[[[4.2569, 0.0], [8.5399, -0.1958], [12.9656, -0.1305], [17.6768, -0.1305], [23.3874, -0.2611], [25.9572, -0.2611]], [[4.2569, 0.0], [8.5399, -0.1958], [12.9656, -0.1305], [17.6768, -0.1305], [17.3913, -0.1305], [25.1006, -0.2611]], [[4.2569, 0.0], [8.5399, -0.1958], [12.9656, -0.1305], [17.6768, -0.1305], [17.6768, -0.1305], [30.2401, -0.3916]], [[4.2569, 0.0], [8.5399, -0.1958], [12.9656, -0.1305], [17.6768, -0.1305], [39.6626, -0.1305], [29.098, -0.3916]]]",0.9756,0.0,0.0,0.0,0.0,0.0,0.0,False,"[4, 4, 4]",0.0,0.0,0.0,0.655,4.0,0.3971,0.5309,1.6147,0.2969,0.4229,0.655,"[[4.257, 0.0], [8.54, -0.196], [12.966, -0.131], [17.677, -0.131], [20.532, -0.131], [27.528, -0.326]]",ok,3.3534,0.0,0.0,0.0,0.0,0.0,0.0,0.0,0.0,0.0,0018da40529f48678419d44d09da5369,scene-0520,42
3.2433,5.8155,8.6551,2.399,3.9156,5.2973,0.0,0.0,0.0,0.0,0.0,0.0,0.0,0.0,0.0,ok,straight,2.6716,5.9582,8.6532,2.1132,3.8444,5.4639,False,"[-0.0653, -0.1305, -0.1305, -0.1958]","[-308.7099, -922.4941, -6969.2759, -75346.2967]","[-1559885.7794, -2560810.34, -2566857.1217, -2635234.1426]","[5.297, 5.586, 8.486, 6.294]","[[[3.4003, 0.0], [7.1122, -0.0653], [9.2537, 0.0], [12.68, -0.1305], [15.6781, -0.1305], [19.9611, -0.1305]], [[3.4003, 0.0], [7.1122, -0.0653], [9.2537, 0.0], [12.68, -0.1305], [14.536, 0.3916], [19.39, -0.2611]], [[3.4003, 0.0], [7.1122, -0.0653], [9.2537, 0.0], [12.68, -0.1305], [13.9649, 0.0], [2.5437, -0.2611]], [[3.4003, 0.0], [7.1122, -0.0653], [9.2537, 0.0], [12.68, -0.1305], [15.3926, -15.2743], [23.1019, -0.3916]]]",1.2489,0.0,0.0,0.0,0.0,0.0,0.0,True,"[4, 4, 4]",0.0,0.0,0.0,5.2974,4.0,2.6716,5.9582,8.3696,2.1132,3.8444,5.2974,"[[3.4, 0.0], [7.112, -0.065], [9.254, 0.0], [12.68, -0.131], [14.964, -0.065], [19.676, -0.261]]",ok,8.4859,0.0,0.0,0.0,0.0,0.0,0.0,0.0,0.0,0.0,4ea6733a72d34c4980bccafc888e959b,scene-0520,42
2.8916,6.1836,9.4195,2.0942,3.725,5.3013,0.0,0.0,0.0,0.0,0.0,0.0,0.0,0.0,0.0,ok,straight,4.175,4.0426,8.9912,2.2382,3.1903,4.636,True,"[-0.3916, -0.0653, -0.1305, -0.1305]","[-1691.3616, -2505.9983, -2968.492, -70869.0704]","[-2760415.8405, -2761230.4772, -2761692.9708, -2829593.5493]","[4.52, 4.945, 3.902, 5.167]","[[[4.3997, 0.0], [5.2563, -0.0653], [9.9675, -0.1305], [14.9643, -0.1958], [17.9623, -0.2611], [19.9611, -0.7833]], [[4.3997, 0.0], [5.2563, -0.0653], [9.9675, -0.1305], [14.9643, -0.1958], [16.2492, -0.1305], [19.1045, -0.1305]], [[4.3997, 0.0], [5.2563, -0.0653], [9.9675, -0.1305], [14.9643, -0.1958], [17.3913, -0.3916], [24.244, 0.2611]], [[4.3997, 0.0], [5.2563, -0.0653], [9.9675, -0.1305], [14.9643, -0.1958], [32.5244, -0.9138], [19.1045, -0.2611]]]",0.4819,0.0,0.0,0.0,0.0,0.0,0.0,False,"[4, 4, 4]",0.0,0.0,0.0,3.9023,4.0,4.175,4.0426,4.3015,2.2382,3.1903,3.9023,"[[4.4, 0.0], [5.256, -0.065], [9.968, -0.131], [14.964, -0.196], [17.677, -0.326], [19.533, -0.196]]",ok,5.1669,0.0,0.0,0.0,0.0,0.0,0.0,0.0,0.0,0.0,107dd32140844573924260f9ad9390bf,scene-0521,42
1.958,2.9799,3.6918,1.343,1.9031,2.4219,0.0,0.0,0.0,0.0,0.0,0.0,0.0,0.0,0.0,ok,straight,2.3849,24.7169,3.835,1.4145,7.0872,5.8579,False,"[-0.0, -0.0653, -0.0, -0.0653]","[-76250.0356, -339641.0238, -341286.1301, -353436.1048]","[-3549271.4821, -3812662.4703, -3814307.5766, -3826457.5513]","[20.228, 5.88, 6.55, 5.83]","[[[3.9714, 0.0], [6.3984, -0.0653], [12.2517, -0.0653], [41.9468, 0.0], [69.6432, 0.3916], [69.6432, 0.0]], [[3.9714, 0.0], [6.3984, -0.0653], [12.2517, -0.0653], [41.9468, 0.0], [18.5334, 0.1305], [20.8176, -0.1305]], [[3.9714, 0.0], [6.3984, -0.0653], [12.2517, -0.0653], [41.9468, 0.0], [17.6768, 0.3916], [17.6768, 0.0]], [[3.9714, 0.0], [6.3984, -0.0653], [12.2517, -0.0653], [41.9468, 0.0], [17.9623, -0.1305], [21.6742, -0.1305]]]",6.13,0.0,0.0,0.0,0.0,0.0,0.0,False,"[4, 4, 4]",0.0,0.0,0.0,5.8303,4.0,2.3849,24.7169,3.4063,1.4145,7.0872,5.8303,"[[3.971, 0.0], [6.398, -0.065], [12.252, -0.065], [41.947, 0.0], [18.248, 0.261], [21.246, -0.065]]",ok,20.2281,0.0,0.0,0.0,0.0,0.0,0.0,0.0,0.0,0.0,31dc0c75e21748edb4b32c388cf4a86a,scene-0521,42
0.7827,2.9739,5.138,0.7649,1.6671,2.5001,0.0,0.0,0.0,0.0,0.0,0.0,0.0,0.0,0.0,ok,straight,2.78,5.5445,7.1367,1.6209,2.7735,4.237,False,"[-0.0653, -0.0653, -0.0, -0.1305]","[-2662.0871, -3611.2491, -17862.5192, -708426.1136]","[-2003028.8901, -2003978.052, -2018229.3222, -2708792.9165]","[4.332, 3.38, 4.428, 12.422]","[[[3.9714, 0.0], [9.682, 0.0], [12.68, -0.1305], [18.8189, -0.1958], [21.6742, -0.1305], [27.3848, -0.1305]], [[3.9714, 0.0], [9.682, 0.0], [12.68, -0.1305], [18.8189, -0.1958], [19.9611, -0.1305], [23.3874, -0.1305]], [[3.9714, 0.0], [9.682, 0.0], [12.68, -0.1305], [18.8189, -0.1958], [24.5295, -0.1305], [11.3952, 0.0]], [[3.9714, 0.0], [9.682, 0.0], [12.68, -0.1305], [18.8189, -0.1958], [69.6432, 0.1305], [27.9559, -0.2611]]]",3.6498,0.0,0.0,0.0,0.0,0.0,0.0,False,"[4, 4, 4]",0.0,0.0,0.0,3.3804,4.0,2.78,5.5445,5.138,1.6209,2.7735,3.3804,"[[3.971, 0.0], [9.682, 0.0], [12.68, -0.131], [18.819, -0.196], [23.102, -0.131], [25.386, -0.131]]",ok,12.4224,0.0,0.0,0.0,0.0,0.0,0.0,0.0,0.0,0.0,15f6744bf59e4e0189e534de13d468f7,scene-0521,42
5.0654,8.894,11.8185,3.8013,5.9721,7.7045,0.0,0.0,0.0,0.0,0.0,0.0,0.0,0.0,0.0,ok,straight,5.3509,8.894,12.104,3.944,6.0077,7.9899,False,"[-0.0653, -0.3916, -0.0653, -0.1305]","[-39.1836, -9604.9604, -14171.0235, -1000039.5058]","[-926291.4257, -1935897.7094, -1940463.7725, -2926332.2548]","[7.728, 6.891, 6.681, 16.901]","[[[3.6858, 0.0], [7.6833, 0.0], [10.9669, -0.0653], [14.2505, -0.1305], [17.9623, -0.1305], [21.3887, -0.1305]], [[3.6858, 0.0], [7.6833, 0.0], [10.9669, -0.0653], [14.2505, -0.1305], [20.5321, -0.2611], [13.6794, 0.7833]], [[3.6858, 0.0], [7.6833, 0.0], [10.9669, -0.0653], [14.2505, -0.1305], [11.1096, -0.1305], [21.9598, -0.1305]], [[3.6858, 0.0], [7.6833, 0.0], [10.9669, -0.0653], [14.2505, -0.1305], [69.6432, 16.5798], [22.5308, -0.2611]]]",4.2619,0.0,0.0,0.0,0.0,0.0,0.0,True,"[4, 4, 4]",0.0,0.0,0.0,6.6813,4.0,5.3509,8.894,12.3895,3.944,6.0077,6.6813,"[[3.686, 0.0], [7.683, 0.0], [10.967, -0.065], [14.25, -0.131], [19.247, -0.131], [21.674, -0.131]]",ok,16.9011,0.0,0.0,0.0,0.0,0.0,0.0,0.0,0.0,0.0,1a1dc7ef4955481ba3755fbaa39a53d8,scene-0521,42
2.9406,4.6254,4.9644,2.2685,3.2265,3.7519,0.0,0.0,0.0,0.0,0.0,0.0,0.0,0.0,0.0,ok,straight,2.3695,5.3408,4.5364,2.1257,3.6194,4.8714,False,"[-0.0653, -0.1305, -0.0, -0.0653]","[-635.0908, -10462.6366, -13501.0524, -61877.9811]","[-1034419.5393, -2044883.0604, -2047921.4762, -2096298.4048]","[4.014, 4.036, 5.013, 6.601]","[[[4.5424, 0.0], [7.9688, -0.0653], [13.6794, -0.1305], [17.534, -0.1958], [20.5321, -0.1305], [24.8151, -0.1305]], [[4.5424, 0.0], [7.9688, -0.0653], [13.6794, -0.1305], [17.534, -0.1958], [24.8151, -0.5222], [19.1045, -0.2611]], [[4.5424, 0.0], [7.9688, -0.0653], [13.6794, -0.1305], [17.534, -0.1958], [27.3848, -0.2611], [23.9585, 0.0]], [[4.5424, 0.0], [7.9688, -0.0653], [13.6794, -0.1305], [17.534, -0.1958], [33.6665, -6.7886], [25.9572, -0.1305]]]",1.0533,0.0,0.0,0.0,0.0,0.0,0.0,False,"[4, 4, 4]",0.0,0.0,0.0,4.0138,4.0,2.3695,5.3408,4.9644,2.1257,3.6194,4.0138,"[[4.542, 0.0], [7.969, -0.065], [13.679, -0.131], [17.534, -0.196], [26.1, -0.392], [24.387, -0.131]]",ok,6.6012,0.0,0.0,0.0,0.0,0.0,0.0,0.0,0.0,0.0,5ec2ee2d55cc4582acd0f92476845a74,scene-0522,42
0.2569,0.0813,3.063,0.285,0.3563,1.0747,0.0,0.0,0.0,0.0,0.0,0.0,0.0,0.0,0.0,ok,straight,0.8996,0.6518,0.1203,0.7941,0.6108,0.4447,True,"[-0.0653, -0.0653, -0.0653, -2.8721]","[-1456.9801, -1529.7627, -1669.2385, -7919.0195]","[-2908517.0637, -2908589.8463, -2908729.3221, -2914979.1031]","[1.095, 0.714, 0.864, 2.501]","[[[4.1141, 0.0], [7.6833, 0.0], [9.9675, -0.1305], [14.8215, -0.1958], [17.9623, -0.2611], [25.1006, -0.1305]], [[4.1141, 0.0], [7.6833, 0.0], [9.9675, -0.1305], [14.8215, -0.1958], [17.1058, 0.1305], [22.5308, -0.1305]], [[4.1141, 0.0], [7.6833, 0.0], [9.9675, -0.1305], [14.8215, -0.1958], [16.2492, -0.1305], [19.9611, -0.1305]], [[4.1141, 0.0], [7.6833, 0.0], [9.9675, -0.1305], [14.8215, -0.1958], [19.1045, -0.2611], [11.6807, -5.7442]]]",0.7102,0.0,0.0,0.0,0.0,0.0,0.0,True,"[4, 4, 4]",0.0,0.0,0.0,0.7144,4.0,0.8996,0.6518,1.2259,0.7941,0.6108,0.7144,"[[4.114, 0.0], [7.683, 0.0], [9.968, -0.131], [14.822, -0.196], [17.534, -0.196], [21.246, -0.131]]",ok,2.5011,0.0,0.0,0.0,0.0,0.0,0.0,0.0,0.0,0.0,3b971d298409494a8fcbc824745e0f16,scene-0522,42
3.4724,6.6143,8.8484,2.4469,3.9448,5.5421,0.0,0.0,0.0,0.0,0.0,0.0,0.0,0.0,0.0,ok,straight,3.0441,5.9007,10.2807,2.1614,3.3739,5.543,False,"[-0.0653, -0.2611, -0.2611, -0.7833]","[-434.1522, -1435.8547, -1810.3061, -5230.0631]","[-508608.0241, -1510045.9128, -1510420.3641, -1513840.1212]","[5.399, 6.211, 5.693, 4.561]","[[[2.972, 0.0], [5.5418, -0.1305], [9.5392, -0.1958], [11.2524, -0.2611], [12.8228, -0.1305], [15.3926, -0.1305]], [[2.972, 0.0], [5.5418, -0.1305], [9.5392, -0.1958], [11.2524, -0.2611], [10.253, -0.7833], [13.1083, -0.5222]], [[2.972, 0.0], [5.5418, -0.1305], [9.5392, -0.1958], [11.2524, -0.2611], [11.1096, 0.7833], [15.3926, -0.5222]], [[2.972, 0.0], [5.5418, -0.1305], [9.5392, -0.1958], [11.2524, -0.2611], [17.3913, -0.5222], [15.9636, -1.5666]]]",0.5982,0.0,0.0,0.0,0.0,0.0,0.0,True,"[4, 4, 4]",0.0,0.0,0.0,4.5606,4.0,3.0441,5.9007,9.7997,2.1614,3.3739,4.5606,"[[2.972, 0.0], [5.542, -0.131], [9.539, -0.196], [11.252, -0.261], [11.966, -0.326], [15.393, -0.522]]",ok,6.2115,0.0,0.0,0.0,0.0,0.0,0.0,0.0,0.0,0.0,5374ff6ee0994633b57a197b0bf3ea06,scene-0522,42
1.4089,2.1831,4.3379,0.8457,1.3498,2.2416,0.0,0.0,0.0,0.0,0.0,0.0,0.0,0.0,0.0,ok,straight,1.6944,2.8939,1.7244,1.0581,1.705,2.0154,True,"[-0.1305, -0.1305, -0.0, -0.3264]","[-155.1867, -8069.1222, -11591.7797, -158607.1256]","[-974943.5042, -1983013.4405, -1986536.098, -2133551.4438]","[2.478, 1.824, 3.019, 10.032]","[[[2.972, 0.0], [5.1135, -0.1305], [8.2543, -0.1305], [10.3958, -0.1305], [12.8228, -0.1305], [15.3926, -0.2611]], [[2.972, 0.0], [5.1135, -0.1305], [8.2543, -0.1305], [10.3958, -0.1305], [18.5334, -2.0888], [18.5334, 0.2611]], [[2.972, 0.0], [5.1135, -0.1305], [8.2543, -0.1305], [10.3958, -0.1305], [7.3977, -0.1305], [17.6768, 0.0]], [[2.972, 0.0], [5.1135, -0.1305], [8.2543, -0.1305], [10.3958, -0.1305], [13.1083, -0.9138], [69.6432, -0.6527]]]",3.3145,0.0,0.0,0.0,0.0,0.0,0.0,True,"[4, 4, 4]",0.0,0.0,0.0,1.8237,4.0,1.6944,2.8939,1.5695,1.0581,1.705,1.8237,"[[2.972, 0.0], [5.113, -0.131], [8.254, -0.131], [10.396, -0.131], [12.966, -0.522], [18.105, -0.131]]",ok,10.0321,0.0,0.0,0.0,0.0,0.0,0.0,0.0,0.0,0.0,f656f3b78a2c4ee4824f58ca89fe545d,scene-0522,42
0.3907,1.1554,2.7391,0.3334,0.5332,1.1512,0.0,0.0,0.0,0.0,0.0,0.0,0.0,0.0,0.0,ok,straight,0.1804,1.5315,2.0741,0.2283,0.6917,1.2878,False,"[-0.6527, -0.1305, -0.5222, -0.2611]","[-1589.5888, -2004.7477, -2315.2662, -1015366.2893]","[-3449879.2301, -3450294.389, -3450604.9075, -4463655.9306]","[1.498, 1.267, 1.222, 9.974]","[[[2.8293, 0.0], [5.9701, -0.1305], [9.5392, -0.1305], [13.1083, -0.2611], [16.2492, -0.1305], [13.1083, -1.3055]], [[2.8293, 0.0], [5.9701, -0.1305], [9.5392, -0.1305], [13.1083, -0.2611], [12.2517, -0.2611], [15.107, -0.2611]], [[2.8293, 0.0], [5.9701, -0.1305], [9.5392, -0.1305], [13.1083, -0.2611], [18.2479, 0.1305], [16.8202, -1.0444]], [[2.8293, 0.0], [5.9701, -0.1305], [9.5392, -0.1305], [13.1083, -0.2611], [69.6432, -0.1305], [15.6781, -0.5222]]]",3.7451,0.0,0.0,0.0,0.0,0.0,0.0,False,"[4, 4, 4]",0.0,0.0,0.0,1.2216,4.0,0.1804,1.5315,0.644,0.2283,0.6917,1.2216,"[[2.829, 0.0], [5.97, -0.131], [9.539, -0.131], [13.108, -0.261], [17.249, -0.131], [15.393, -0.783]]",ok,9.9744,0.0,0.0,0.0,0.0,0.0,0.0,0.0,0.0,0.0,ce03b6f0c1d2455aa18f6275917485bc,scene-0523,42
0.2749,1.404,5.061,0.199,0.6672,1.7706,0.0,0.0,0.0,0.0,0.0,0.0,0.0,0.0,0.0,ok,straight,0.891,1.4334,5.1916,0.6649,0.9452,1.9532,False,"[-1.8277, -0.0, -1.6971, -2.1541]","[-1071.0816, -2835.7263, -7849.2134, -85302.49]","[-1505608.6911, -1507373.3357, -1512386.8228, -1589840.0994]","[1.924, 2.432, 1.794, 4.745]","[[[2.401, -0.0653], [4.828, -0.5875], [6.3984, -1.1097], [9.9675, -1.3708], [10.253, -2.3499], [11.1096, -3.6554]], [[2.401, -0.0653], [4.828, -0.5875], [6.3984, -1.1097], [9.9675, -1.3708], [9.1109, -3.1332], [8.2543, 0.0]], [[2.401, -0.0653], [4.828, -0.5875], [6.3984, -1.1097], [9.9675, -1.3708], [8.2543, -1.1749], [15.9636, -3.3943]], [[2.401, -0.0653], [4.828, -0.5875], [6.3984, -1.1097], [9.9675, -1.3708], [10.8241, 16.5798], [8.8254, 4.3081]]]",1.1911,0.0,0.0,0.0,0.0,0.0,0.0,False,"[4, 4, 4]",0.0,0.0,0.0,1.7936,4.0,0.891,1.4334,3.1298,0.6649,0.9452,1.7936,"[[2.401, -0.065], [4.828, -0.587], [6.398, -1.11], [9.968, -1.371], [9.682, -1.762], [9.968, -1.697]]",ok,4.7448,0.0,0.0,0.0,0.0,0.0,0.0,0.0,0.0,0.0,b6a99c6a8d944129a5ab01e0bdb86cf0,scene-0523,42
1.7085,3.8848,5.7212,1.0337,2.0406,3.1455,0.0,0.0,0.0,0.0,0.0,0.0,0.0,0.0,0.0,ok,straight,0.4857,4.1516,4.6918,0.5682,1.8746,2.7464,True,"[-0.1305, -0.1958, -0.1305, -0.0]","[-768.4484, -323.6947, -28705.8625, -92034.1938]","[-520342.4951, -520343.4009, -1549048.9229, -1612377.2542]","[2.848, 2.653, 3.688, 5.091]","[[[2.8293, -0.0653], [6.6839, -0.0653], [8.5399, -0.1305], [10.253, -0.0653], [14.2505, -0.1305], [15.9636, -0.2611]], [[2.8293, -0.0653], [6.6839, -0.0653], [8.5399, -0.1305], [10.253, -0.0653], [13.3939, -0.2611], [17.9623, 0.3916]], [[2.8293, -0.0653], [6.6839, -0.0653], [8.5399, -0.1305], [10.253, -0.0653], [4.828, -0.1305], [20.2466, 0.2611]], [[2.8293, -0.0653], [6.6839, -0.0653], [8.5399, -0.1305], [10.253, -0.0653], [14.536, 16.5798], [14.8215, 0.0]]]",0.9604,0.0,0.0,0.0,0.0,0.0,0.0,True,"[4, 4, 4]",0.0,0.0,0.0,2.653,4.0,0.4857,4.1516,3.6852,0.5682,1.8746,2.653,"[[2.829, -0.065], [6.684, -0.065], [8.54, -0.131], [10.253, -0.065], [13.822, -0.131], [16.963, 0.131]]",ok,5.091,0.0,0.0,0.0,0.0,0.0,0.0,0.0,0.0,0.0,09fe2623b0774391ba3a50ec61bc02f7,scene-0523,42
0.778,2.6419,3.3463,0.5414,1.2785,1.9067,0.0,0.0,0.0,0.0,0.0,0.0,0.0,0.0,0.0,ok,straight,0.778,1.1063,2.3823,0.5414,1.0321,1.7407,True,"[-0.1305, -0.0653, -0.2611, -8.2899]","[-1000.5671, -1401.5583, -7452.5278, -195010.8142]","[-626360.3673, -1627763.1136, -1633814.0831, -1821372.3695]","[1.742, 2.225, 1.769, 7.346]","[[[3.6858, 0.0], [7.3977, -0.1305], [10.5386, -0.0653], [15.8209, -0.0653], [18.2479, -0.1305], [22.2453, -0.2611]], [[3.6858, 0.0], [7.3977, -0.1305], [10.5386, -0.0653], [15.8209, -0.0653], [18.5334, 1.5666], [19.1045, -0.1305]], [[3.6858, 0.0], [7.3977, -0.1305], [10.5386, -0.0653], [15.8209, -0.0653], [16.2492, -1.0444], [25.9572, -0.5222]], [[3.6858, 0.0], [7.3977, -0.1305], [10.5386, -0.0653], [15.8209, -0.0653], [-2.8813, 0.2611], [24.244, 16.5798]]]",2.3608,0.0,0.0,0.0,0.0,0.0,0.0,False,"[3, 4, 4]",0.0,0.0,0.0,1.7424,4.0,0.778,1.1063,3.3463,0.5414,1.0321,1.7424,"[[3.686, 0.0], [7.398, -0.131], [10.539, -0.065], [15.821, -0.065], [17.249, 0.065], [23.245, -0.196]]",ok,7.3463,0.0,0.0,1.0,0.0,0.0,1.0,0.0,0.0,0.3333333333333333,08027e9f30d341bfb02d4f8dc52a01eb,scene-0523,42
0.9914,2.1894,3.1823,0.8952,1.2225,1.7196,0.0,0.0,0.0,0.0,0.0,0.0,0.0,0.0,0.0,ok,straight,1.1341,2.9025,2.6462,0.7402,1.1484,1.5809,True,"[-0.1305, -0.1305, -0.3916]","[-2560.3971, -5300.8337, -88771.0553]","[-3076666.7323, -3079407.1689, -3162877.3905]","[1.67, 2.099, 3.628]","[[[4.828, 0.0], [7.826, -0.1305], [13.2511, -0.0653], [14.9643, -0.1305], [19.9611, -0.1305], [23.3874, -0.2611]], [[4.828, 0.0], [7.826, -0.1305], [13.2511, -0.0653], [14.9643, -0.1305], [17.6768, -0.1305], [29.9546, 0.2611]], [[4.828, 0.0], [7.826, -0.1305], [13.2511, -0.0653], [14.9643, -0.1305], [36.5218, 0.1305], [29.098, 0.7833]]]",0.8404,0.0,0.0,0.0,0.0,0.0,0.0,False,"[4, 4, 3]",0.0,0.0,0.0,1.6703,3.0,1.1341,2.9025,3.1823,0.7402,1.1484,1.6703,"[[4.828, 0.0], [7.826, -0.131], [13.251, -0.065], [14.964, -0.131], [19.961, -0.131], [29.098, 0.261]]",ok,3.6283,0.0,1.0,1.0,0.0,1.0,1.0,0.0,0.25,0.5,89c9204978674480aec9d2a9a377eecc,scene-0524,42
2.0944,4.1546,5.2016,1.6651,2.803,3.7324,0.0,0.0,0.0,0.0,0.0,0.0,0.0,0.0,0.0,ok,straight,2.0927,2.8543,4.4527,1.45,2.2991,3.0079,True,"[-1.6319, -0.6527, -0.3916, -0.0]","[-487.9541, -1145.7358, -2054.4404, -2794.3021]","[-1822398.9965, -1823056.7783, -1823965.4828, -1824705.3446]","[2.982, 2.343, 3.397, 3.159]","[[[3.5431, 0.0], [6.5412, 0.0653], [9.3964, 0.1305], [14.1077, 0.5222], [17.9623, 0.7833], [19.6755, 3.2637]], [[3.5431, 0.0], [6.5412, 0.0653], [9.3964, 0.1305], [14.1077, 0.5222], [18.8189, -1.0444], [23.3874, 1.3055]], [[3.5431, 0.0], [6.5412, 0.0653], [9.3964, 0.1305], [14.1077, 0.5222], [15.107, 0.3916], [19.9611, 0.7833]], [[3.5431, 0.0], [6.5412, 0.0653], [9.3964, 0.1305], [14.1077, 0.5222], [15.3926, 1.6971], [21.3887, 0.0]]]",0.391,0.0,0.0,0.0,0.0,0.0,0.0,True,"[4, 4, 4]",0.0,0.0,0.0,2.3427,4.0,2.0927,2.8543,1.7442,1.45,2.2991,2.3427,"[[3.543, 0.0], [6.541, 0.065], [9.396, 0.131], [14.108, 0.522], [16.677, 0.587], [20.675, 1.044]]",ok,3.3965,0.0,1.0,1.0,0.0,1.0,1.0,0.0,0.25,0.5,e5cb38a3006d417a99b9688336980b8d,scene-0524,42
0.941,3.1305,2.8838,0.8785,1.5831,1.9738,0.0,0.0,0.0,0.0,0.0,0.0,0.0,0.0,0.0,ok,straight,0.5132,0.8759,7.7135,0.6646,1.0896,2.7342,False,"[-0.0653, -0.0, -0.0653]","[-1597.989, -3465.766, -3663.3867]","[-2504781.4353, -2506649.2124, -2506846.833]","[2.79, 2.923, 1.927]","[[[4.5424, 0.0], [8.1116, 0.0], [13.2511, -0.1305], [15.9636, -0.1305], [22.8163, -0.5222], [31.6678, -0.1305]], [[4.5424, 0.0], [8.1116, 0.0], [13.2511, -0.1305], [15.9636, -0.1305], [24.5295, 0.2611], [30.8112, 0.0]], [[4.5424, 0.0], [8.1116, 0.0], [13.2511, -0.1305], [15.9636, -0.1305], [23.3874, -0.1305], [25.9572, -0.1305]]]",0.4416,0.0,0.0,0.0,0.0,0.0,0.0,False,"[4, 4, 3]",0.0,0.0,0.0,1.9266,3.0,0.5132,0.8759,2.8681,0.6646,1.0896,1.9266,"[[4.542, 0.0], [8.112, 0.0], [13.251, -0.131], [15.964, -0.131], [23.387, -0.131], [30.811, -0.131]]",ok,2.9225,0.0,0.0,1.0,0.0,0.0,1.0,0.0,0.0,0.3333333333333333,1775e201089c4f979dc8892e56872100,scene-0524,42
0.9487,1.3903,3.0513,0.6018,0.8012,1.2221,0.0,0.0,0.0,0.0,0.0,0.0,0.0,0.0,0.0,ok,straight,0.9487,0.5631,2.8955,0.6732,0.6096,1.281,False,"[-0.0653, -0.0, -0.5222, -0.0653]","[-67.2777, -2978.203, -3118.9515, -93301.3293]","[-780378.8731, -1783358.172, -1783498.9205, -1873681.2983]","[1.094, 1.999, 1.388, 3.496]","[[[3.5431, 0.0], [6.8267, 0.0], [10.6813, -0.1305], [14.9643, -0.1305], [18.2479, -0.1305], [19.9611, -0.1305]], [[3.5431, 0.0], [6.8267, 0.0], [10.6813, -0.1305], [14.9643, -0.1305], [14.2505, -0.1305], [18.2479, 0.0]], [[3.5431, 0.0], [6.8267, 0.0], [10.6813, -0.1305], [14.9643, -0.1305], [15.3926, -0.5222], [21.9598, -1.0444]], [[3.5431, 0.0], [6.8267, 0.0], [10.6813, -0.1305], [14.9643, -0.1305], [34.2375, 5.0914], [20.2466, 0.1305]]]",0.9263,0.0,0.0,0.0,0.0,0.0,0.0,True,"[4, 4, 4]",0.0,0.0,0.0,1.0944,4.0,0.9487,0.5631,3.0513,0.6732,0.6096,1.0944,"[[3.543, 0.0], [6.827, 0.0], [10.681, -0.131], [14.964, -0.131], [16.82, -0.131], [20.104, -0.065]]",ok,3.4958,0.0,1.0,1.0,0.0,1.0,1.0,0.0,0.25,0.5,dfa48a639ca54273906096ebbd03660e,scene-0524,42
1.686,2.7047,3.9565,1.1241,1.6268,2.249,0.0,0.0,0.0,0.0,0.0,0.0,0.0,0.0,0.0,ok,straight,1.115,2.7047,5.64,11.4746,7.1232,6.3605,False,"[-0.0653, -0.1305, -0.9791, -5.0262]","[-157153.6941, -157332.8796, -157389.8827, -169016.6255]","[-4086686.0045, -4086865.19, -4086922.1931, -4098548.9359]","[6.009, 6.581, 6.624, 7.503]","[[[22.9591, -0.0653], [3.1148, 0.0], [5.8273, 0.0], [6.5412, 0.0], [7.3977, 0.0], [9.1109, -0.1305]], [[22.9591, -0.0653], [3.1148, 0.0], [5.8273, 0.0], [6.5412, 0.0], [8.8254, 0.1305], [11.1096, -0.2611]], [[22.9591, -0.0653], [3.1148, 0.0], [5.8273, 0.0], [6.5412, 0.0], [7.9688, -0.2611], [11.9662, -1.9582]], [[22.9591, -0.0653], [3.1148, 0.0], [5.8273, 0.0], [6.5412, 0.0], [10.8241, -0.1305], [4.5424, -10.0523]]]",0.534,0.0,0.0,0.0,0.0,0.0,0.0,False,"[4, 4, 4]",0.0,0.0,0.0,6.0088,4.0,1.115,2.7047,4.5298,11.4746,7.1232,6.0088,"[[22.959, -0.065], [3.115, 0.0], [5.827, 0.0], [6.541, 0.0], [8.397, -0.065], [10.11, -1.11]]",ok,7.503,0.0,0.0,0.0,0.0,0.0,0.0,0.0,0.0,0.0,5b90526901414d2aa5db2b9fdaf858eb,scene-0552,42
3.2471,6.1264,8.3768,2.3263,3.8262,5.199,0.0,0.0,0.0,0.0,0.0,0.0,0.0,0.0,0.0,ok,straight,3.1043,7.9823,8.8112,2.4691,4.4712,5.749,False,"[-1.436, -1.3708, -0.0, -0.3264]","[-874.1377, -1025.9026, -1968.3742, -3797.8311]","[-2187785.8159, -2187937.5808, -2188880.0524, -2190709.5092]","[6.32, 6.731, 5.486, 5.363]","[[[2.1154, 0.0], [3.5431, 0.0], [5.5418, -0.3264], [8.6826, 0.0], [11.1096, 0.0], [9.9675, 2.8721]], [[2.1154, 0.0], [3.5431, 0.0], [5.5418, -0.3264], [8.6826, 0.0], [9.682, -0.9138], [13.9649, -2.7415]], [[2.1154, 0.0], [3.5431, 0.0], [5.5418, -0.3264], [8.6826, 0.0], [7.3977, 0.0], [9.1109, 0.0]], [[2.1154, 0.0], [3.5431, 0.0], [5.5418, -0.3264], [8.6826, 0.0], [6.5412, 1.0444], [9.1109, -0.6527]]]",0.5708,0.0,0.0,0.0,0.0,0.0,0.0,False,"[4, 4, 4]",0.0,0.0,0.0,5.3633,4.0,3.1043,7.9823,8.4023,2.4691,4.4712,5.3633,"[[2.115, 0.0], [3.543, 0.0], [5.542, -0.326], [8.683, 0.0], [8.54, 0.0], [9.539, -0.326]]",ok,6.7306,0.0,0.0,0.0,0.0,0.0,0.0,0.0,0.0,0.0,f984bba40e134fb7ac6e7abf11a20b69,scene-0552,42
0.8037,4.0779,8.871,0.533,1.7192,3.808,0.0,0.0,0.0,0.0,0.0,0.0,0.0,0.0,0.0,ok,left,0.9712,3.7092,8.7082,0.6333,1.7124,3.1214,True,"[-2.7415, -3.1332, -1.6971, -1.6319]","[-252.9778, -2668.3978, -10066.0701, -125553.9119]","[-752829.2709, -1755497.6461, -1762895.3183, -1878383.1601]","[3.89, 3.411, 3.766, 4.871]","[[[2.1154, -0.1305], [3.5431, -0.6527], [5.6846, -1.1749], [7.1122, -2.2193], [8.5399, -4.5692], [9.1109, -5.4831]], [[2.1154, -0.1305], [3.5431, -0.6527], [5.6846, -1.1749], [7.1122, -2.2193], [9.3964, -1.0444], [10.5386, -6.2664]], [[2.1154, -0.1305], [3.5431, -0.6527], [5.6846, -1.1749], [7.1122, -2.2193], [2.2582, 0.0], [6.2556, -3.3943]], [[2.1154, -0.1305], [3.5431, -0.6527], [5.6846, -1.1749], [7.1122, -2.2193], [7.9688, 16.5798], [6.2556, -3.2637]]]",0.5414,0.0,0.0,0.0,0.0,0.0,0.0,False,"[4, 4, 4]",0.0,0.0,0.0,3.4107,4.0,0.9712,3.7092,10.0664,0.6333,1.7124,3.4107,"[[2.115, -0.131], [3.543, -0.653], [5.685, -1.175], [7.112, -2.219], [8.254, -0.522], [7.683, -4.439]]",ok,4.8714,0.0,0.0,0.0,0.0,0.0,0.0,0.0,0.0,0.0,e858e7a613c54860b354e63cd8ae1fc5,scene-0552,42
1.3324,2.5104,4.566,0.6883,1.4677,2.4255,0.0,0.0,0.0,0.0,0.0,0.0,0.0,0.0,0.0,ok,straight,0.3644,2.3819,2.4573,0.2043,1.0169,1.676,True,"[-0.0, -0.1305, -0.3916, -0.0653]","[-11.1979, -430.019, -2377.3175, -5107.4461]","[-250420.8245, -1250852.8099, -1252800.1084, -1255530.237]","[2.358, 1.3, 2.58, 2.533]","[[[2.8293, 0.0], [5.8273, -0.0653], [8.3971, 0.0], [10.6813, -0.0653], [12.8228, 0.0], [14.8215, 0.0]], [[2.8293, 0.0], [5.8273, -0.0653], [8.3971, 0.0], [10.6813, -0.0653], [13.9649, 0.5222], [20.8176, 0.2611]], [[2.8293, 0.0], [5.8273, -0.0653], [8.3971, 0.0], [10.6813, -0.0653], [10.253, -0.1305], [15.9636, 0.7833]], [[2.8293, 0.0], [5.8273, -0.0653], [8.3971, 0.0], [10.6813, -0.0653], [14.536, 0.2611], [29.3835, 0.1305]]]",0.522,0.0,0.0,0.0,0.0,0.0,0.0,True,"[4, 4, 4]",0.0,0.0,0.0,1.2999,4.0,0.3644,2.3819,0.8132,0.2043,1.0169,1.2999,"[[2.829, 0.0], [5.827, -0.065], [8.397, 0.0], [10.681, -0.065], [13.394, 0.131], [18.391, 0.196]]",ok,2.5799,0.0,0.0,0.0,0.0,0.0,0.0,0.0,0.0,0.0,5ef15615bc08428bab23b2a84e84961e,scene-0552,42
0.026,0.026,0.026,0.026,0.026,0.026,0.0,0.0,0.0,0.0,0.0,0.0,0.0,0.0,0.0,ok,straight,13.2525,0.026,10.2532,6.6393,3.3327,4.9859,False,"[-0.0, -0.0653]","[-86940.1953, -161196.4717]","[-2803789.2145, -2878045.491]","[2.23, 7.754]","[[[-0.026, 0.0], [13.2511, -0.1958], [-0.026, 0.0], [-0.026, 0.0], [-0.026, 0.0], [-0.026, 0.0]], [[-0.026, 0.0], [13.2511, -0.1958], [-0.026, 0.0], [-0.026, 0.0], [-0.026, -12.6633], [20.5321, -0.1305]]]",2.762,0.0,0.0,0.0,0.0,0.0,0.0,False,"[2, 1, 2]",0.0,0.0,0.0,2.2305,2.0,13.2525,0.026,0.026,6.6393,3.3327,2.2305,"[[-0.026, 0.0], [13.251, -0.196], [-0.026, 0.0], [-0.026, 0.0], [-0.026, -6.332], [10.253, -0.065]]",ok,7.7544,0.0,0.0,0.0,0.0,0.0,0.0,0.0,0.0,0.0,8687ba92abd3406aa797115b874ebeba,scene-0553,42
0.026,0.026,0.026,0.026,0.026,0.026,0.0,0.0,0.0,0.0,0.0,0.0,0.0,0.0,0.0,ok,straight,10.5436,1.8346,34.9613,5.2848,3.1076,7.9029,False,"[-0.0, -3.2637]","[-60795.4588, -351665.4234]","[-2702160.2997, -2993030.2644]","[2.08, 13.734]","[[[-0.026, 0.0], [10.5386, -0.3264], [-0.026, 0.0], [1.8299, 0.1305], [-0.026, 0.0], [-0.026, 0.0]], [[-0.026, 0.0], [10.5386, -0.3264], [-0.026, 0.0], [1.8299, 0.1305], [-0.026, 0.0], [69.6432, -6.5275]]]",5.8269,0.0,0.0,0.0,0.0,0.0,0.0,False,"[2, 2, 2]",0.0,0.0,0.0,2.0804,2.0,10.5436,1.8346,0.026,5.2848,3.1076,2.0804,"[[-0.026, 0.0], [10.539, -0.326], [-0.026, 0.0], [1.83, 0.131], [-0.026, 0.0], [34.809, -3.264]]",ok,13.7341,0.0,0.0,0.0,0.0,0.0,0.0,0.0,0.0,0.0,b8766f4291d5449d95bab459ca724ad8,scene-0553,42
0.026,0.026,0.026,0.026,0.026,0.026,0.0,0.0,0.0,0.0,0.0,0.0,0.0,0.0,0.0,ok,straight,6.9694,0.2595,0.026,3.4977,1.8203,1.2222,False,"[-0.0, -0.0, -0.1305, -0.0]","[-23682.16, -23692.0737, -23813.5958, -24402.1957]","[-2786399.0024, -2786408.9161, -2786530.4382, -2787119.0381]","[1.222, 1.261, 1.7, 1.642]","[[[-0.026, 0.0], [6.9694, 0.0], [-0.026, 0.0], [0.2595, 0.0], [-0.026, 0.0], [-0.026, 0.0]], [[-0.026, 0.0], [6.9694, 0.0], [-0.026, 0.0], [0.2595, 0.0], [-0.026, 0.0], [0.2595, 0.0]], [[-0.026, 0.0], [6.9694, 0.0], [-0.026, 0.0], [0.2595, 0.0], [-0.026, 0.0], [-2.8813, 0.2611]], [[-0.026, 0.0], [6.9694, 0.0], [-0.026, 0.0], [0.2595, 0.0], [2.5437, 0.0], [-0.026, 0.0]]]",0.2161,0.0,0.0,0.0,0.0,0.0,0.0,False,"[2, 3, 4]",0.0,0.0,0.0,1.2222,4.0,6.9694,0.2595,0.026,3.4977,1.8203,1.2222,"[[-0.026, 0.0], [6.969, 0.0], [-0.026, 0.0], [0.259, 0.0], [-0.026, 0.0], [-0.026, 0.0]]",ok,1.7,0.0,0.0,0.0,0.0,0.0,0.0,0.0,0.0,0.0,c4f9b75136384ec4a76c4adfc28b4259,scene-0553,42
0.026,0.026,0.026,0.026,0.026,0.026,0.0,0.0,0.0,0.0,0.0,0.0,0.0,0.0,0.0,ok,straight,0.026,0.026,10.3976,0.5711,8.9942,7.7334,False,"[-0.1958, -0.0]","[-650617.5992, -652434.2459]","[-4380655.8468, -4382472.4935]","[9.471, 6.005]","[[[1.1161, 0.0], [-0.026, 0.0], [34.8086, -0.0653], [-0.026, 0.0], [-0.026, 0.0], [20.8176, -0.3916]], [[1.1161, 0.0], [-0.026, 0.0], [34.8086, -0.0653], [-0.026, 0.0], [-0.026, 0.0], [-0.026, 0.0]]]",1.7329,0.0,0.0,0.0,0.0,0.0,0.0,False,"[3, 2, 2]",0.0,0.0,0.0,6.0048,2.0,0.026,0.026,0.026,0.5711,8.9942,6.0048,"[[1.116, 0.0], [-0.026, 0.0], [34.809, -0.065], [-0.026, 0.0], [-0.026, 0.0], [10.396, -0.196]]",ok,9.4707,0.0,0.0,0.0,0.0,0.0,0.0,0.0,0.0,0.0,c143943fd6e246448eab88ce1a0aeda9,scene-0553,42
0.026,0.026,0.026,0.026,0.026,0.026,0.0,0.0,0.0,0.0,0.0,0.0,0.0,0.0,0.0,ok,straight,0.026,0.026,1.1161,0.0714,0.0487,0.3093,False,"[-0.0, -0.0]","[-3.1958, -49.1119]","[1.0, -1.0]","[0.041, 0.595]","[[[0.1167, 0.0], [-0.026, 0.0], [-0.026, 0.0], [-0.026, 0.0], [-0.026, 0.0], [-0.026, 0.0]], [[0.1167, 0.0], [-0.026, 0.0], [-0.026, 0.0], [-0.026, 0.0], [1.1161, 0.0], [2.2582, 0.0]]]",0.2769,0.0,0.0,0.0,0.0,0.0,0.0,True,"[2, 1, 2]",0.0,0.0,0.0,0.0412,2.0,0.026,0.026,0.026,0.0714,0.0487,0.0412,"[[0.117, 0.0], [-0.026, 0.0], [-0.026, 0.0], [-0.026, 0.0], [0.545, 0.0], [1.116, 0.0]]",ok,0.5949,0.0,0.0,0.0,0.0,0.0,0.0,0.0,0.0,0.0,e0b85d628af34d6bbbbb0da216aa5bca,scene-0554,42
0.026,0.026,0.026,0.026,0.026,0.026,0.0,0.0,0.0,0.0,0.0,0.0,0.0,0.0,0.0,ok,straight,0.1167,8.29,0.2595,0.0935,4.1917,2.8421,False,"[-0.0, -0.0]","[-17428.6057, -17444.7744]","[-1554478.7835, -1554494.9522]","[2.803, 2.89]","[[[-0.026, 0.0653], [0.1167, 0.0], [-0.026, 8.2899], [-0.026, 8.2899], [-0.026, 0.0], [-0.026, 0.0]], [[-0.026, 0.0653], [0.1167, 0.0], [-0.026, 8.2899], [-0.026, 8.2899], [-0.026, 0.0], [0.545, 0.0]]]",0.0432,0.0,0.0,0.0,0.0,0.0,0.0,False,"[2, 2, 2]",0.0,0.0,0.0,2.8032,2.0,0.1167,8.29,0.026,0.0935,4.1917,2.8032,"[[-0.026, 0.065], [0.117, 0.0], [-0.026, 8.29], [-0.026, 8.29], [-0.026, 0.0], [0.259, 0.0]]",ok,2.8897,0.0,0.0,0.0,0.0,0.0,0.0,0.0,0.0,0.0,07036c3a872444c8a7f369d796aa401f,scene-0554,42
0.026,0.026,0.026,0.026,0.026,0.026,0.0,0.0,0.0,0.0,0.0,0.0,0.0,0.0,0.0,ok,straight,0.026,0.026,3.1257,0.026,0.3699,0.7719,False,"[-0.0, -0.1305, -0.3916]","[-774.6579, -92214.4483, -264353.9653]","[-335706.3871, -1427922.9874, -1600062.5044]","[0.255, 3.531, 11.859]","[[[-0.026, 0.0], [-0.026, 0.0], [1.4016, 0.0], [-0.026, 0.0], [-0.026, 0.0], [-0.026, 0.0]], [[-0.026, 0.0], [-0.026, 0.0], [1.4016, 0.0], [-0.026, 0.0], [-0.026, 16.5798], [3.1148, -0.2611]], [[-0.026, 0.0], [-0.026, 0.0], [1.4016, 0.0], [-0.026, 0.0], [-0.026, 0.0], [69.6432, -0.7833]]]",4.8845,0.0,0.0,0.0,0.0,0.0,0.0,False,"[1, 3, 3]",0.0,0.0,0.0,0.2553,3.0,0.026,0.026,0.026,0.026,0.3699,0.2553,"[[-0.026, 0.0], [-0.026, 0.0], [1.402, 0.0], [-0.026, 0.0], [-0.026, 0.0], [3.115, -0.261]]",ok,11.8589,0.0,0.0,0.0,0.0,0.0,0.0,0.0,0.0,0.0,3494e1a995f6404da4106f156c99ea49,scene-0554,42
0.026,0.026,0.026,0.026,0.026,0.026,0.0,0.0,0.0,0.0,0.0,0.0,0.0,0.0,0.0,ok,straight,0.026,0.2595,0.545,4.1485,2.1456,1.5645,False,"[-0.0, -0.0, -3.3943]","[-21126.0788, -21139.9058, -23230.9367]","[-2651070.8883, -2651084.7154, -2653175.7462]","[1.565, 1.439, 3.004]","[[[7.826, 2.6763], [-0.026, 0.0], [-0.026, 0.0], [0.2595, 0.0], [0.2595, 0.0], [0.545, 0.0]], [[7.826, 2.6763], [-0.026, 0.0], [-0.026, 0.0], [0.2595, 0.0], [-0.026, 0.0], [-0.026, 0.0]], [[7.826, 2.6763], [-0.026, 0.0], [-0.026, 0.0], [0.2595, 0.0], [1.9727, 0.0], [3.1148, 6.7886]]]",0.71,0.0,0.0,0.0,0.0,0.0,0.0,False,"[2, 2, 3]",0.0,0.0,0.0,1.4391,3.0,0.026,0.2595,0.026,4.1485,2.1456,1.4391,"[[7.826, 2.676], [-0.026, 0.0], [-0.026, 0.0], [0.259, 0.0], [0.259, 0.0], [0.545, 0.0]]",ok,3.004,0.0,0.0,0.0,0.0,0.0,0.0,0.0,0.0,0.0,6e0fe77bfa0241dda2cba2ca84aa53e0,scene-0554,42
0.026,0.3773,2.2091,0.026,0.1203,0.6316,0.0,0.0,0.0,0.0,0.0,0.0,0.0,0.0,0.0,ok,straight,0.026,0.3773,0.7819,0.026,0.1203,0.3938,True,"[-0.0, -0.0, -0.5875]","[-0.013, -40.156, -266805.3514]","[1.4144, 1.4141, -1266805.3514]","[0.632, 0.394, 11.509]","[[[-0.026, 0.0], [-0.026, 0.0], [-0.026, 0.0], [-0.026, 0.0], [-0.026, 0.0], [-0.026, 0.0]], [[-0.026, 0.0], [-0.026, 0.0], [-0.026, 0.0], [-0.026, 0.0], [-0.026, 0.0], [1.4016, 0.0]], [[-0.026, 0.0], [-0.026, 0.0], [-0.026, 0.0], [-0.026, 0.0], [-0.026, 0.0], [69.6432, -1.1749]]]",5.1845,0.0,0.0,0.0,0.0,0.0,0.0,True,"[3, 1, 3]",0.0,0.0,0.0,0.3938,3.0,0.026,0.3773,0.7819,0.026,0.1203,0.3938,"[[-0.026, 0.0], [-0.026, 0.0], [-0.026, 0.0], [-0.026, 0.0], [-0.026, 0.0], [1.402, 0.0]]",ok,11.5087,0.0,0.0,0.0,0.0,0.0,0.0,0.0,0.0,0.0,12a42a64274a4453b166d804b625d61f,scene-0555,42
2.1319,5.2073,6.3095,1.5409,2.9318,3.9555,0.0,0.0,0.0,0.0,0.0,0.0,0.0,0.0,0.0,ok,straight,2.1319,3.5466,5.7246,1.4058,3.7953,4.2305,False,"[-4.7651, -0.3264, -0.0653, -1.0444]","[-36021.7555, -36750.7089, -36905.2158, -38334.2361]","[-2403790.6601, -2404519.6135, -2404674.1204, -2406103.1407]","[4.982, 3.914, 4.531, 4.681]","[[[2.5437, -0.1305], [4.5424, -0.1305], [6.5412, 8.1594], [10.253, -0.3916], [14.2505, -2.2193], [14.536, -9.5301]], [[2.5437, -0.1305], [4.5424, -0.1305], [6.5412, 8.1594], [10.253, -0.3916], [14.8215, -0.6527], [13.3939, -0.6527]], [[2.5437, -0.1305], [4.5424, -0.1305], [6.5412, 8.1594], [10.253, -0.3916], [11.1096, -0.1305], [13.1083, -0.1305]], [[2.5437, -0.1305], [4.5424, -0.1305], [6.5412, 8.1594], [10.253, -0.3916], [8.8254, -3.0026], [15.9636, -2.0888]]]",0.3894,0.0,0.0,0.0,0.0,0.0,0.0,False,"[4, 4, 4]",0.0,0.0,0.0,3.9141,4.0,2.1319,3.5466,6.0982,1.4058,3.7953,3.9141,"[[2.544, -0.131], [4.542, -0.131], [6.541, 8.159], [10.253, -0.392], [12.68, -1.436], [13.965, -1.371]]",ok,4.9822,0.0,0.0,0.0,0.0,0.0,0.0,0.0,0.0,0.0,2878a9ab393f42a2bbb426d8a14690d9,scene-0555,42
4.1219,6.4223,7.0887,3.2213,4.4556,5.21,0.0,0.0,0.0,0.0,0.0,0.0,0.0,0.0,0.0,ok,straight,6.4075,6.4223,7.3783,4.2927,4.9915,5.8534,False,"[-0.0653, -0.1305, -0.1305, -1.893]","[-3251.7747, -3442.2229, -6944.9407, -7245.8314]","[-2696003.2717, -2696193.7199, -2699696.4377, -2699997.3284]","[5.71, 6.045, 5.038, 5.774]","[[[2.6865, 0.0], [7.6833, -0.1305], [7.3977, -0.0653], [10.5386, 0.0], [13.1083, 0.0], [15.107, 0.1305]], [[2.6865, 0.0], [7.6833, -0.1305], [7.3977, -0.0653], [10.5386, 0.0], [14.536, 0.1305], [15.6781, -0.2611]], [[2.6865, 0.0], [7.6833, -0.1305], [7.3977, -0.0653], [10.5386, 0.0], [14.2505, -1.6971], [9.682, -0.2611]], [[2.6865, 0.0], [7.6833, -0.1305], [7.3977, -0.0653], [10.5386, 0.0], [10.5386, 0.0], [17.3913, 3.7859]]]",0.3704,0.0,0.0,0.0,0.0,0.0,0.0,False,"[4, 4, 4]",0.0,0.0,0.0,5.0385,4.0,6.4075,6.4223,1.7229,4.2927,4.9915,5.0385,"[[2.686, 0.0], [7.683, -0.131], [7.398, -0.065], [10.539, 0.0], [13.679, 0.0], [15.393, -0.065]]",ok,6.0451,0.0,0.0,0.0,0.0,0.0,0.0,0.0,0.0,0.0,6d6c81c8b0fb4b57b9bf772819a2f5a2,scene-0555,42
0.9578,1.766,2.1687,0.4999,0.7657,1.2031,0.0,0.0,0.0,0.0,0.0,0.0,0.0,0.0,0.0,ok,straight,0.6724,1.7664,3.1736,0.4589,0.7256,1.157,True,"[-0.0, -7.0497, -0.0653, -0.2611]","[-260.6209, -11769.7025, -93819.0219, -115161.6567]","[-1291691.0356, -2303462.4517, -2385511.771, -2406854.4058]","[1.224, 3.097, 4.924, 3.755]","[[[3.9714, 0.0], [7.1122, 0.0], [11.2524, -0.1958], [14.2505, -0.1305], [18.2479, -0.1305], [21.6742, 0.0]], [[3.9714, 0.0], [7.1122, 0.0], [11.2524, -0.1958], [14.2505, -0.1305], [20.5321, 0.1305], [30.2401, -14.0994]], [[3.9714, 0.0], [7.1122, 0.0], [11.2524, -0.1958], [14.2505, -0.1305], [18.2479, 16.5798], [14.2505, 0.1305]], [[3.9714, 0.0], [7.1122, 0.0], [11.2524, -0.1958], [14.2505, -0.1305], [35.9507, 0.1305], [20.2466, -0.5222]]]",1.3403,0.0,0.0,0.0,0.0,0.0,0.0,False,"[4, 4, 4]",0.0,0.0,0.0,1.2238,4.0,0.6724,1.7664,2.4532,0.4589,0.7256,1.2238,"[[3.971, 0.0], [7.112, 0.0], [11.252, -0.196], [14.25, -0.131], [19.39, 0.131], [20.96, -0.261]]",ok,4.9238,0.0,0.0,0.0,0.0,0.0,0.0,0.0,0.0,0.0,af40bcc10a22486a9371836ac8b87a3c,scene-0555,42
4.836,8.9859,14.2504,3.6123,5.8495,8.2291,0.0,0.0,0.0,0.0,0.0,0.0,0.0,0.0,0.0,ok,straight,4.5516,11.0018,16.9642,3.7556,6.7105,9.2761,False,"[-0.1305, -0.2611, -2.611, -0.5875]","[-750.4696, -1359.6601, -1897.7397, -3283.5175]","[-1680263.0801, -2681624.6505, -2682162.7302, -2683548.508]","[8.803, 9.561, 9.219, 9.477]","[[[4.2569, 0.0], [7.1122, -0.0653], [12.2517, -0.1305], [16.2492, -0.4569], [18.2479, -0.1305], [21.6742, -0.2611]], [[4.2569, 0.0], [7.1122, -0.0653], [12.2517, -0.1305], [16.2492, -0.4569], [19.1045, 0.5222], [25.3861, -0.5222]], [[4.2569, 0.0], [7.1122, -0.0653], [12.2517, -0.1305], [16.2492, -0.4569], [18.5334, -0.1305], [23.3874, 5.222]], [[4.2569, 0.0], [7.1122, -0.0653], [12.2517, -0.1305], [16.2492, -0.4569], [17.9623, 0.5222], [25.9572, -1.1749]]]",0.295,0.0,0.0,0.0,0.0,0.0,0.0,False,"[4, 4, 4]",0.0,0.0,0.0,8.8031,4.0,4.5516,11.0018,14.2504,3.7556,6.7105,8.8031,"[[4.257, 0.0], [7.112, -0.065], [12.252, -0.131], [16.249, -0.457], [18.391, 0.196], [24.387, -0.392]]",ok,9.5613,0.0,0.0,0.0,0.0,0.0,0.0,0.0,0.0,0.0,17e6f41d3b1f40d4bc85412fe8b67688,scene-0556,42
1.405,4.8965,11.1646,1.1048,2.5207,4.765,0.0,0.0,0.0,0.0,0.0,0.0,0.0,0.0,0.0,ok,left,2.2179,4.5367,10.992,1.294,2.1677,4.6849,True,"[-3.5901, -4.1776, -2.7415, -3.329]","[-1692.15, -1698.7691, -2309.636, -30947.2828]","[-2589381.4247, -2589388.0437, -2589998.9106, -2618636.5574]","[4.53, 4.897, 4.529, 6.114]","[[[1.4016, -0.2611], [4.6852, -0.9791], [5.8273, -0.0653], [8.2543, -2.4804], [9.1109, -4.5692], [9.9675, -7.1802]], [[1.4016, -0.2611], [4.6852, -0.9791], [5.8273, -0.0653], [8.2543, -2.4804], [8.5399, -5.3525], [8.2543, -8.3552]], [[1.4016, -0.2611], [4.6852, -0.9791], [5.8273, -0.0653], [8.2543, -2.4804], [9.1109, -6.0053], [8.5399, -5.4831]], [[1.4016, -0.2611], [4.6852, -0.9791], [5.8273, -0.0653], [8.2543, -2.4804], [8.8254, -14.2299], [13.9649, -6.658]]]",0.6506,0.0,0.0,0.0,0.0,0.0,0.0,False,"[4, 4, 4]",0.0,0.0,0.0,4.5294,4.0,2.2179,4.5367,9.7278,1.294,2.1677,4.5294,"[[1.402, -0.261], [4.685, -0.979], [5.827, -0.065], [8.254, -2.48], [8.968, -5.679], [9.254, -6.919]]",ok,6.114,0.0,0.0,0.0,0.0,0.0,0.0,0.0,0.0,0.0,5b790dd0fb6e4545bc7f3273aa178d4c,scene-0556,42
2.6602,4.1024,7.0277,2.0943,3.0688,4.2883,0.0,0.0,0.0,0.0,0.0,0.0,0.0,0.0,0.0,ok,straight,1.8037,6.243,6.8746,1.095,2.9969,4.2393,True,"[-0.0653, -0.0653, -0.2611, -0.4569]","[-279.8294, -309.122, -415.188, -3584.5313]","[-1533829.6528, -1533829.6736, -1533830.9549, -2537415.7046]","[4.671, 4.288, 4.191, 3.254]","[[[2.2582, 0.0], [3.4003, 0.0], [4.1141, 0.1305], [3.8286, 0.0], [3.9714, -0.3916], [6.8267, -0.1305]], [[2.2582, 0.0], [3.4003, 0.0], [4.1141, 0.1305], [3.8286, 0.0], [5.6846, -0.1305], [7.3977, -0.1305]], [[2.2582, 0.0], [3.4003, 0.0], [4.1141, 0.1305], [3.8286, 0.0], [5.9701, 0.0], [7.6833, 0.5222]], [[2.2582, 0.0], [3.4003, 0.0], [4.1141, 0.1305], [3.8286, 0.0], [11.3952, -0.2611], [20.8176, 0.9138]]]",0.5209,0.0,0.0,0.0,0.0,0.0,0.0,True,"[4, 4, 4]",0.0,0.0,0.0,3.2538,4.0,1.8037,6.243,6.4366,1.095,2.9969,3.2538,"[[2.258, 0.0], [3.4, 0.0], [4.114, 0.131], [3.829, 0.0], [5.827, -0.196], [7.541, 0.196]]",ok,4.6707,0.0,0.0,0.0,0.0,0.0,0.0,0.0,0.0,0.0,8d67c4024af6470faada45dc41ba9a16,scene-0556,42
0.3574,0.5823,1.139,0.3059,0.4095,0.5982,0.0,0.0,0.0,0.0,0.0,0.0,0.0,0.0,0.0,ok,straight,2.9265,0.4181,0.2835,1.5905,1.0107,0.7297,False,"[-0.0653, -0.0, -0.0, -0.0]","[-5356.946, -5407.4467, -5820.0978, -5987.4516]","[-3538736.2669, -3538786.7676, -3539199.4186, -3539366.7725]","[0.875, 0.919, 0.999, 0.814]","[[[-0.026, 0.0], [3.2576, 0.0], [-0.026, 0.0], [0.9733, 0.0], [1.6871, 0.0], [1.4016, -0.1305]], [[-0.026, 0.0], [3.2576, 0.0], [-0.026, 0.0], [0.9733, 0.0], [1.6871, 0.0], [0.545, 0.0]], [[-0.026, 0.0], [3.2576, 0.0], [-0.026, 0.0], [0.9733, 0.0], [-0.026, 0.0], [-0.026, 0.0]], [[-0.026, 0.0], [3.2576, 0.0], [-0.026, 0.0], [0.9733, 0.0], [-0.026, 0.0], [1.1161, 0.0]]]",0.0674,0.0,0.0,0.0,0.0,0.0,0.0,False,"[4, 4, 4]",0.0,0.0,0.0,0.8141,4.0,2.9265,0.4181,0.0293,1.5905,1.0107,0.8141,"[[-0.026, 0.0], [3.258, 0.0], [-0.026, 0.0], [0.973, 0.0], [0.831, 0.0], [0.831, 0.0]]",ok,0.999,0.0,1.0,1.0,0.0,1.0,1.0,0.0,0.5,0.6666666666666666,c5b0f0c5ed114827be185c8dd3b8e3d5,scene-0556,42
2.8432,5.7378,7.2008,2.2562,3.6463,4.6197,0.0,0.0,0.0,0.0,0.0,0.0,0.0,0.0,0.0,ok,right,2.9859,6.4345,7.3051,2.399,5.2441,5.7571,False,"[3.2637, 2.0888, 1.2402, 0.6527]","[-35775.8535, -36329.6801, -36770.5617, -39451.7242]","[-3004928.0555, -3005481.8821, -3005922.7637, -3008603.9262]","[6.973, 5.837, 5.685, 5.503]","[[[3.2576, -0.1305], [6.1129, -0.2611], [9.5392, 7.8983], [12.9656, -1.3708], [19.1045, -7.7024], [17.3913, -6.5275]], [[3.2576, -0.1305], [6.1129, -0.2611], [9.5392, 7.8983], [12.9656, -1.3708], [14.8215, -2.7415], [17.3913, -4.1776]], [[3.2576, -0.1305], [6.1129, -0.2611], [9.5392, 7.8983], [12.9656, -1.3708], [14.2505, -2.4804], [17.3913, -2.4804]], [[3.2576, -0.1305], [6.1129, -0.2611], [9.5392, 7.8983], [12.9656, -1.3708], [11.9662, -2.7415], [1.9727, -1.3055]]]",0.5744,0.0,0.0,0.0,0.0,0.0,0.0,False,"[4, 4, 4]",0.0,0.0,0.0,5.503,4.0,2.9859,6.4345,8.2634,2.399,5.2441,5.503,"[[3.258, -0.131], [6.113, -0.261], [9.539, 7.898], [12.966, -1.371], [14.536, -2.742], [17.391, -3.329]]",ok,6.973,0.0,0.0,0.0,0.0,0.0,0.0,0.0,0.0,0.0,6cb74a87748b4fab82ad1b0869b27e01,scene-0557,42
1.8432,2.9313,4.1783,1.2049,1.8633,2.4998,0.0,0.0,0.0,0.0,0.0,0.0,0.0,0.0,0.0,ok,straight,1.4114,5.5009,4.0186,0.918,2.5728,3.183,False,"[-0.3264, -0.0, -0.3264, -5.1567]","[-459.7731, -1941.594, -4491.3471, -5212.5141]","[-525076.6363, -1527020.0951, -1529569.8482, -1530291.0151]","[3.824, 2.973, 3.254, 4.338]","[[[2.972, 0.0], [6.1129, -0.0653], [9.9675, -0.1305], [14.8215, 0.1305], [17.3913, -0.2611], [21.1032, -0.6527]], [[2.972, 0.0], [6.1129, -0.0653], [9.9675, -0.1305], [14.8215, 0.1305], [15.107, 0.0], [18.2479, 0.0]], [[2.972, 0.0], [6.1129, -0.0653], [9.9675, -0.1305], [14.8215, 0.1305], [16.2492, 4.047], [16.8202, 0.6527]], [[2.972, 0.0], [6.1129, -0.0653], [9.9675, -0.1305], [14.8215, 0.1305], [16.8202, 0.0], [17.9623, -10.3134]]]",0.5262,0.0,0.0,0.0,0.0,0.0,0.0,False,"[4, 4, 4]",0.0,0.0,0.0,2.9729,4.0,1.4114,5.5009,4.1783,0.918,2.5728,2.9729,"[[2.972, 0.0], [6.113, -0.065], [9.968, -0.131], [14.822, 0.131], [16.535, 0.0], [18.105, -0.326]]",ok,4.3379,0.0,0.0,0.0,0.0,0.0,0.0,0.0,0.0,0.0,6cc682bbd4544c4ea5281c9d87b9c4f6,scene-0557,42
0.8632,3.0083,5.5908,0.506,1.423,2.6214,0.0,0.0,0.0,0.0,0.0,0.0,0.0,0.0,0.0,ok,straight,1.0059,3.5793,5.4497,0.6486,1.7085,2.5501,True,"[-0.1305, -0.3916, -0.9138, -0.0653]","[-88.1028, -416.691, -743.9583, -17134.3161]","[-507519.6102, -507520.4372, -1508264.9236, -1524655.2815]","[2.907, 2.212, 2.49, 2.853]","[[[1.2588, 0.0], [2.6865, 0.0], [3.9714, -0.0653], [5.6846, 0.0], [6.5412, 0.0], [8.2543, -0.2611]], [[1.2588, 0.0], [2.6865, 0.0], [3.9714, -0.0653], [5.6846, 0.0], [5.1135, 0.3916], [5.399, -0.7833]], [[1.2588, 0.0], [2.6865, 0.0], [3.9714, -0.0653], [5.6846, 0.0], [5.1135, -0.1305], [6.8267, 1.8277]], [[1.2588, 0.0], [2.6865, 0.0], [3.9714, -0.0653], [5.6846, 0.0], [0.545, 0.0], [10.8241, -0.1305]]]",0.283,0.0,0.0,0.0,0.0,0.0,0.0,False,"[4, 4, 4]",0.0,0.0,0.0,2.2117,4.0,1.0059,3.5793,3.3902,0.6486,1.7085,2.2117,"[[1.259, 0.0], [2.686, 0.0], [3.971, -0.065], [5.685, 0.0], [5.113, 0.0], [7.541, -0.196]]",ok,2.9073,0.0,0.0,0.0,0.0,0.0,0.0,0.0,0.0,0.0,9dbec65c6bcf465dab62ea2c4a55ad61,scene-0557,42
1.6871,2.5437,5.1135,1.2588,1.9013,2.6865,0.0,0.0,0.0,0.0,0.0,0.0,0.0,0.0,0.0,ok,straight,1.8299,3.5431,7.8263,8.5399,5.8989,5.8989,False,"[-0.0, -0.0653, -0.2611, -0.0653]","[-66923.8755, -66983.8245, -67028.5711, -68417.0058]","[-3866220.672, -3866280.621, -3866325.3676, -3867713.8023]","[5.399, 5.828, 6.312, 5.875]","[[[15.2498, 0.0], [1.8299, 0.0], [2.972, 0.0653], [3.5431, 0.0], [3.6858, 0.0], [5.1135, 0.0]], [[15.2498, 0.0], [1.8299, 0.0], [2.972, 0.0653], [3.5431, 0.0], [4.2569, 0.0], [7.1122, -0.1305]], [[15.2498, 0.0], [1.8299, 0.0], [2.972, 0.0653], [3.5431, 0.0], [5.6846, 0.6527], [8.5399, 0.5222]], [[15.2498, 0.0], [1.8299, 0.0], [2.972, 0.0653], [3.5431, 0.0], [3.1148, 0.0], [8.5399, -0.1305]]]",0.3233,0.0,0.0,0.0,0.0,0.0,0.0,False,"[4, 4, 4]",0.0,0.0,0.0,5.3992,4.0,1.8299,3.5431,5.1135,8.5399,5.8989,5.3992,"[[15.25, 0.0], [1.83, 0.0], [2.972, 0.065], [3.543, 0.0], [3.971, 0.0], [7.826, -0.065]]",ok,6.3123,0.0,0.0,0.0,0.0,0.0,0.0,0.0,0.0,0.0,e1dac16e721643a4823deb6e0ebe5394,scene-0557,42
4.9744,10.0573,16.3895,3.8571,6.5131,9.139,0.0,0.0,0.0,0.0,0.0,0.0,0.0,0.0,0.0,ok,straight,4.5463,10.9315,18.686,3.8572,7.3741,10.1434,False,"[-0.1305, -0.7833, -1.6971, -2.0235]","[-5326.2987, -5381.3361, -6638.3156, -9856.4213]","[-2872646.8589, -2872701.8963, -2873958.8758, -2877176.9815]","[9.713, 9.727, 10.949, 10.395]","[[[3.2576, 0.0], [4.6852, -0.1305], [11.1096, -0.1305], [11.3952, -0.6527], [13.1083, -0.1305], [17.3913, -0.2611]], [[3.2576, 0.0], [4.6852, -0.1305], [11.1096, -0.1305], [11.3952, -0.6527], [13.6794, -0.2611], [16.8202, 1.5666]], [[3.2576, 0.0], [4.6852, -0.1305], [11.1096, -0.1305], [11.3952, -0.6527], [15.3926, -0.3916], [22.2453, 3.3943]], [[3.2576, 0.0], [4.6852, -0.1305], [11.1096, -0.1305], [11.3952, -0.6527], [12.2517, 0.1305], [21.9598, -4.047]]]",0.5148,0.0,0.0,0.0,0.0,1.0,1.0,False,"[4, 4, 4]",0.0,0.25,0.16666666666666666,9.7132,4.0,4.5463,10.9315,16.3908,3.8572,7.3741,9.7132,"[[3.258, 0.0], [4.685, -0.131], [11.11, -0.131], [11.395, -0.653], [13.394, -0.196], [19.676, 0.653]]",ok,10.9491,0.0,0.0,0.0,0.0,0.0,0.0,0.0,0.0,0.0,b4b5e858cd9d4cf9bdb01098ea7d3c45,scene-0558,42
1.839,5.9307,12.2006,1.3252,2.8342,5.2621,0.0,0.0,0.0,0.0,0.0,0.0,0.0,0.0,0.0,ok,right,2.0137,6.0908,13.0985,1.3996,2.9035,4.8125,True,"[-8.2899, -3.3943, -3.5248, -2.6763]","[-4009.6707, -25749.5062, -37184.8549, -56225.0254]","[-2076649.4592, -2098389.2946, -2109824.6433, -2128864.8138]","[7.235, 4.674, 5.192, 5.547]","[[[1.9727, 0.0], [4.3997, 0.1306], [5.399, 1.2402], [10.1103, 1.6971], [11.1096, 5.8747], [11.3952, 16.5798]], [[1.9727, 0.0], [4.3997, 0.1306], [5.399, 1.2402], [10.1103, 1.6971], [10.5386, -4.9609], [11.1096, 6.7886]], [[1.9727, 0.0], [4.3997, 0.1306], [5.399, 1.2402], [10.1103, 1.6971], [10.5386, -6.3969], [15.9636, 7.0497]], [[1.9727, 0.0], [4.3997, 0.1306], [5.399, 1.2402], [10.1103, 1.6971], [2.2582, 0.7833], [19.9611, 5.3525]]]",0.9598,0.0,0.0,0.0,0.0,0.0,0.0,False,"[4, 4, 4]",0.0,0.0,0.0,4.6738,4.0,2.0137,6.0908,12.0291,1.3996,2.9035,4.6738,"[[1.973, 0.0], [4.4, 0.131], [5.399, 1.24], [10.11, 1.697], [10.539, -2.089], [13.679, 6.919]]",ok,7.235,0.0,0.0,0.0,0.0,0.0,0.0,0.0,0.0,0.0,85e6fee037794599bfd43c4faeada38a,scene-0558,42
2.0718,3.7722,5.9065,1.3242,2.3052,3.3477,0.0,0.0,0.0,0.0,0.0,0.0,0.0,0.0,0.0,ok,straight,2.0718,3.0633,7.9031,1.3242,1.9143,4.0384,False,"[-0.0653, -0.2611, -0.5222, -1.0444]","[-194.4648, -910.7867, -14648.6407, -31594.2743]","[-772744.847, -1773657.655, -1787395.509, -1804341.1426]","[3.23, 4.086, 4.865, 4.702]","[[[3.1148, 0.0], [6.5412, 0.0], [8.5399, -0.1958], [11.5379, 0.0], [15.107, -0.1305], [18.2479, -0.1305]], [[3.1148, 0.0], [6.5412, 0.0], [8.5399, -0.1958], [11.5379, 0.0], [15.107, -0.2611], [23.3874, -0.5222]], [[3.1148, 0.0], [6.5412, 0.0], [8.5399, -0.1958], [11.5379, 0.0], [22.5308, 0.1305], [20.5321, 1.0444]], [[3.1148, 0.0], [6.5412, 0.0], [8.5399, -0.1958], [11.5379, 0.0], [24.5295, -0.5222], [17.3913, -2.0888]]]",0.6415,0.0,0.0,0.0,0.0,0.0,0.0,False,"[4, 4, 4]",0.0,0.0,0.0,3.2299,4.0,2.0718,3.0633,6.7628,1.3242,1.9143,3.2299,"[[3.115, 0.0], [6.541, 0.0], [8.54, -0.196], [11.538, 0.0], [18.819, -0.196], [19.39, -0.326]]",ok,4.8647,0.0,0.0,0.0,0.0,0.0,0.0,0.0,0.0,0.0,6b47ac2dd28b4501ac292a19644cdd59,scene-0558,42
0.2088,0.2006,0.2008,0.207,0.2039,0.2029,0.0,0.0,0.0,0.0,0.0,0.0,0.0,0.0,0.0,ok,straight,0.2088,5.3676,0.0891,6.8546,5.1829,3.7698,False,"[-0.0653, -0.0, -0.0, -0.2611]","[-66435.2255, -72853.5612, -73082.4766, -160823.2395]","[-3858396.8094, -3864815.1451, -3865044.0604, -3952784.8233]","[4.601, 3.522, 3.503, 7.119]","[[[13.6794, 0.0], [-0.026, 0.0], [1.8299, 0.0], [5.5418, 0.0653], [3.9714, -0.3916], [-2.8813, 0.1305]], [[13.6794, 0.0], [-0.026, 0.0], [1.8299, 0.0], [5.5418, 0.0653], [-0.026, 0.0], [-0.026, 0.0]], [[13.6794, 0.0], [-0.026, 0.0], [1.8299, 0.0], [5.5418, 0.0653], [-0.026, 0.0], [0.2595, 0.0]], [[13.6794, 0.0], [-0.026, 0.0], [1.8299, 0.0], [5.5418, 0.0653], [10.5386, 16.5798], [2.5437, 0.5222]]]",1.4731,0.0,1.0,0.0,1.0,1.0,1.0,False,"[4, 4, 4]",0.5,0.5,0.3333333333333333,3.5029,4.0,0.2088,5.3676,0.0848,6.8546,5.1829,3.5029,"[[13.679, 0.0], [-0.026, 0.0], [1.83, 0.0], [5.542, 0.065], [1.973, 0.0], [0.117, 0.065]]",ok,7.1187,1.0,1.0,1.0,1.0,1.0,1.0,0.5,0.75,0.8333333333333334,05687786492a4b50874d7cd1057ec338,scene-0558,42
0.8365,0.8716,1.5808,0.5518,0.5901,0.6865,0.0,0.0,0.0,0.0,0.0,0.0,0.0,0.0,0.0,ok,straight,0.1391,0.1927,0.3848,0.1337,0.1646,0.2035,True,"[-0.0653, -0.1305, -0.0, -0.0]","[-60.2184, -139.7444, -664.7385, -36518.2085]","[-752328.0334, -752329.2445, -1752993.0622, -1788846.5321]","[0.403, 0.326, 0.499, 4.484]","[[[3.8286, 0.0], [7.5405, 0.0], [11.6807, -0.0653], [14.9643, 0.0], [18.2479, -0.1305], [20.8176, -0.1305]], [[3.8286, 0.0], [7.5405, 0.0], [11.6807, -0.0653], [14.9643, 0.0], [18.2479, -0.1305], [23.3874, 0.2611]], [[3.8286, 0.0], [7.5405, 0.0], [11.6807, -0.0653], [14.9643, 0.0], [17.3913, -0.1305], [23.6729, 0.0]], [[3.8286, 0.0], [7.5405, 0.0], [11.6807, -0.0653], [14.9643, 0.0], [19.39, -0.1305], [-2.8813, 0.0]]]",1.7655,0.0,0.0,0.0,0.0,0.0,0.0,True,"[4, 4, 4]",0.0,0.0,0.0,0.3257,4.0,0.1391,0.1927,1.118,0.1337,0.1646,0.3257,"[[3.829, 0.0], [7.541, 0.0], [11.681, -0.065], [14.964, 0.0], [18.248, -0.131], [22.103, 0.0]]",ok,4.4839,0.0,0.0,0.0,0.0,0.0,0.0,0.0,0.0,0.0,029af235f15d4f6f80713b778edc3c61,scene-0559,42
0.5156,2.0168,3.9268,0.5103,1.2039,2.0002,0.0,0.0,0.0,0.0,0.0,0.0,0.0,0.0,0.0,ok,straight,2.6548,0.1718,7.4967,1.5087,1.2071,2.4076,False,"[-0.0, -0.0653, -0.2611, -0.1305]","[-2504.7914, -4435.1964, -17795.1789, -44023.1975]","[-2683004.3066, -2684934.7117, -2698294.6942, -2724522.7128]","[1.955, 2.862, 2.086, 4.634]","[[[3.5431, 0.0], [8.9682, 0.0], [10.9669, 0.0653], [12.3945, -0.1305], [18.2479, 0.0], [21.3887, 0.0]], [[3.5431, 0.0], [8.9682, 0.0], [10.9669, 0.0653], [12.3945, -0.1305], [15.9636, 0.1305], [29.098, 0.1305]], [[3.5431, 0.0], [8.9682, 0.0], [10.9669, 0.0653], [12.3945, -0.1305], [21.9598, -0.6527], [17.3913, 0.5222]], [[3.5431, 0.0], [8.9682, 0.0], [10.9669, 0.0653], [12.3945, -0.1305], [10.253, 0.5222], [35.9507, -0.2611]]]",1.0681,0.0,0.0,0.0,0.0,0.0,0.0,False,"[4, 4, 4]",0.0,0.0,0.0,1.9548,4.0,2.6548,0.1718,3.6415,1.5087,1.2071,1.9548,"[[3.543, 0.0], [8.968, 0.0], [10.967, 0.065], [12.395, -0.131], [17.106, 0.065], [25.243, 0.065]]",ok,4.6341,0.0,0.0,0.0,0.0,0.0,0.0,0.0,0.0,0.0,9a1b1abbbb224ed0bf618c2083f91aee,scene-0559,42
0.0557,0.5179,1.1981,0.1405,0.4043,0.6579,0.0,0.0,0.0,0.0,0.0,0.0,0.0,0.0,0.0,ok,straight,0.0819,0.2347,4.0435,0.2956,0.2326,1.0178,False,"[-0.0653, -0.0653, -0.0653]","[-106.2198, -120.7906, -13380.263]","[-250168.8887, -250168.891, -1263549.86]","[1.113, 0.544, 1.688]","[[[3.9714, 0.0], [6.8267, 0.0], [10.3958, -0.1305], [13.9649, -0.1305], [18.8189, -0.1305], [24.5295, -0.1305]], [[3.9714, 0.0], [6.8267, 0.0], [10.3958, -0.1305], [13.9649, -0.1305], [18.2479, -0.1305], [21.6742, -0.1305]], [[3.9714, 0.0], [6.8267, 0.0], [10.3958, -0.1305], [13.9649, -0.1305], [12.2517, -0.2611], [24.8151, -0.1305]]]",0.4672,0.0,0.0,0.0,0.0,0.0,0.0,True,"[4, 4, 3]",0.0,0.0,0.0,0.5435,3.0,0.0819,0.2347,1.1981,0.2956,0.2326,0.5435,"[[3.971, 0.0], [6.827, 0.0], [10.396, -0.131], [13.965, -0.131], [18.248, -0.131], [24.53, -0.131]]",ok,1.688,0.0,0.0,0.0,0.0,0.0,0.0,0.0,0.0,0.0,d9394f43b43a46278005844d35f20650,scene-0559,42
0.0783,0.3351,0.4236,0.0687,0.2313,0.2854,0.0,0.0,0.0,0.0,0.0,0.0,0.0,0.0,0.0,ok,straight,1.7231,1.6766,1.9895,0.9581,1.1167,1.4695,False,"[-0.3264, -0.0653, -0.0, -0.0653]","[-1409.1029, -1828.6949, -1874.3289, -100188.3062]","[-2527319.5797, -2527739.1717, -2527784.8056, -2626098.7829]","[2.453, 0.877, 2.064, 3.52]","[[[3.2576, 0.0], [8.2543, 0.0], [10.1103, 0.0], [13.9649, 0.718], [19.39, 0.0], [23.6729, 0.6527]], [[3.2576, 0.0], [8.2543, 0.0], [10.1103, 0.0], [13.9649, 0.718], [15.3926, 0.0], [18.2479, -0.1305]], [[3.2576, 0.0], [8.2543, 0.0], [10.1103, 0.0], [13.9649, 0.718], [19.39, -0.1305], [21.3887, 0.0]], [[3.2576, 0.0], [8.2543, 0.0], [10.1103, 0.0], [13.9649, 0.718], [14.536, -16.5798], [17.6768, -0.1305]]]",0.9449,0.0,0.0,0.0,0.0,0.0,0.0,False,"[4, 4, 4]",0.0,0.0,0.0,0.8775,4.0,1.7231,1.6766,0.4236,0.9581,1.1167,0.8775,"[[3.258, 0.0], [8.254, 0.0], [10.11, 0.0], [13.965, 0.718], [17.391, -0.065], [19.818, -0.065]]",ok,3.5204,0.0,0.0,0.0,0.0,0.0,0.0,0.0,0.0,0.0,6939d4b45ca74f2f9341a72ccedf35e5,scene-0559,42
0.8524,0.9249,1.7229,0.7502,0.9209,1.0571,0.0,0.0,0.0,0.0,0.0,0.0,0.0,0.0,0.0,ok,straight,1.9943,0.931,4.7419,1.1786,1.0652,1.5385,False,"[-0.0653, -0.3916, -0.718, -0.1958]","[-724.6971, -893.3891, -1385.3134, -22650.7377]","[-752638.2548, -752639.6002, -1754025.3031, -1775290.7274]","[1.106, 1.683, 1.668, 2.961]","[[[3.1148, 0.0], [4.2569, 0.0], [7.9688, 0.0], [10.5386, 0.0653], [13.1083, 0.0], [14.2505, 0.1305]], [[3.1148, 0.0], [4.2569, 0.0], [7.9688, 0.0], [10.5386, 0.0653], [15.107, 0.5222], [20.2466, 0.7833]], [[3.1148, 0.0], [4.2569, 0.0], [7.9688, 0.0], [10.5386, 0.0653], [13.9649, -0.3916], [21.1032, 1.436]], [[3.1148, 0.0], [4.2569, 0.0], [7.9688, 0.0], [10.5386, 0.0653], [7.3977, 0.0], [23.1019, -0.3916]]]",0.68,0.0,0.0,0.0,0.0,0.0,0.0,False,"[4, 4, 4]",0.0,0.0,0.0,1.1059,4.0,1.9943,0.931,1.7229,1.1786,1.0652,1.1059,"[[3.115, 0.0], [4.257, 0.0], [7.969, 0.0], [10.539, 0.065], [13.537, 0.0], [20.675, 0.457]]",ok,2.9614,0.0,0.0,0.0,0.0,0.0,0.0,0.0,0.0,0.0,5c558d97108341ebb7b30b1c841ff57f,scene-0560,42
4.8124,9.9599,15.1081,3.4761,5.823,8.5839,0.0,0.0,1.0,0.0,0.0,1.0,0.0,0.0,0.16666666666666666,ok,straight,4.527,9.5316,16.1144,3.3333,5.573,8.4438,True,"[-0.1305, -0.3916, -3.3943, -8.2899]","[-250.466, -732.5836, -9682.4395, -16197.4781]","[-1816424.1077, -2817158.5544, -2826108.4103, -2832623.4488]","[8.417, 9.043, 8.657, 9.173]","[[[3.1148, 0.0], [6.2556, -0.1305], [8.2543, -0.0653], [11.8235, -0.1305], [15.3926, -0.1305], [17.3913, -0.2611]], [[3.1148, 0.0], [6.2556, -0.1305], [8.2543, -0.0653], [11.8235, -0.1305], [17.1058, -0.9138], [19.39, -0.7833]], [[3.1148, 0.0], [6.2556, -0.1305], [8.2543, -0.0653], [11.8235, -0.1305], [11.3952, -0.5222], [21.6742, -6.7886]], [[3.1148, 0.0], [6.2556, -0.1305], [8.2543, -0.0653], [11.8235, -0.1305], [13.6794, -0.5222], [15.6781, 16.5798]]]",0.301,0.0,0.0,1.0,0.0,0.0,1.0,True,"[4, 4, 4]",0.0,0.0,0.16666666666666666,8.4175,4.0,4.527,9.5316,15.1094,3.3333,5.573,8.4175,"[[3.115, 0.0], [6.256, -0.131], [8.254, -0.065], [11.823, -0.131], [14.536, -0.522], [18.391, -0.522]]",ok,9.1726,0.0,0.0,0.0,0.0,0.0,0.0,0.0,0.0,0.0,be1a07f716794bd5b4fa374e08b5e724,scene-0560,42
5.1151,10.5393,16.2496,3.9722,6.6134,9.3972,0.0,0.0,0.0,0.0,0.0,0.0,0.0,0.0,0.0,ok,straight,5.4005,9.5427,18.1052,3.9008,6.1866,9.4785,False,"[-0.0653, -0.0, -0.0, -0.9138]","[-369.25, -1021.2644, -2169.4878, -4500.0997]","[-1059103.5501, -2060126.3244, -2061274.5478, -2063605.1597]","[9.113, 9.935, 7.072, 10.284]","[[[2.401, 0.0], [5.399, -0.1305], [7.3977, -0.2611], [9.5392, -0.2611], [13.6794, -0.1305], [16.2492, -0.1305]], [[2.401, 0.0], [5.399, -0.1305], [7.3977, -0.2611], [9.5392, -0.2611], [14.8215, -1.5666], [19.9611, 0.0]], [[2.401, 0.0], [5.399, -0.1305], [7.3977, -0.2611], [9.5392, -0.2611], [11.3952, -0.9138], [6.2556, 0.0]], [[2.401, 0.0], [5.399, -0.1305], [7.3977, -0.2611], [9.5392, -0.2611], [14.2505, -4.4387], [21.9598, -1.8277]]]",1.2462,0.0,0.0,0.0,0.0,0.0,0.0,True,"[4, 4, 4]",0.0,0.0,0.0,7.0722,4.0,5.4005,9.5427,6.2556,3.9008,6.1866,7.0722,"[[2.401, 0.0], [5.399, -0.131], [7.398, -0.261], [9.539, -0.261], [13.965, -1.24], [18.105, -0.065]]",ok,10.2843,0.0,0.0,0.0,0.0,0.0,0.0,0.0,0.0,0.0,93071f98339b40279937bafd206cb42e,scene-0560,42
5.1152,9.9684,16.2497,3.8294,6.2565,9.1593,0.0,0.0,0.0,0.0,0.0,0.0,0.0,0.0,0.0,ok,straight,5.1152,9.6828,14.109,3.8294,6.399,9.018,True,"[-0.0653, -0.718, -0.0653, -0.1305]","[-368.1322, -1259.8464, -3794.2235, -19368.837]","[-617711.3274, -1618972.584, -1621506.9611, -1637081.5747]","[9.064, 8.935, 9.113, 8.793]","[[[2.5437, 0.0], [5.1135, -0.1305], [8.2543, 0.0], [9.682, -0.1305], [12.8228, -0.1305], [15.9636, -0.1305]], [[2.5437, 0.0], [5.1135, -0.1305], [8.2543, 0.0], [9.682, -0.1305], [13.6794, -0.5222], [14.2505, -1.436]], [[2.5437, 0.0], [5.1135, -0.1305], [8.2543, 0.0], [9.682, -0.1305], [15.107, -0.5222], [13.9649, -0.1305]], [[2.5437, 0.0], [5.1135, -0.1305], [8.2543, 0.0], [9.682, -0.1305], [15.3926, -6.2664], [10.5386, -0.2611]]]",0.1243,0.0,0.0,0.0,0.0,0.0,1.0,False,"[3, 4, 4]",0.0,0.0,0.16666666666666666,8.7928,4.0,5.1152,9.6828,10.5418,3.8294,6.399,8.7928,"[[2.544, 0.0], [5.113, -0.131], [8.254, 0.0], [9.682, -0.131], [14.393, -0.522], [14.108, -0.196]]",ok,9.1129,0.0,0.0,0.0,0.0,0.0,0.0,0.0,0.0,0.0,77e97f94955c46d0a943232271a84ab3,scene-0560,42
4.5891,9.9051,15.2689,3.4255,5.9401,8.4908,0.0,0.0,0.0,0.0,0.0,0.0,0.0,0.0,0.0,ok,straight,6.689,11.3994,15.3382,4.5468,6.9936,9.4177,False,"[-3.1332, -2.7415, -0.1958, -2.1541]","[-2130.716, -2208.9636, -5510.5368, -11799.7708]","[-3178265.2089, -3178343.4565, -3181645.0297, -3187934.2637]","[9.703, 9.427, 8.846, 9.205]","[[[2.401, -0.1305], [6.6839, -0.2611], [7.255, -1.8277], [10.6813, -3.9818], [13.3939, -4.5692], [14.8215, -6.2664]], [[2.401, -0.1305], [6.6839, -0.2611], [7.255, -1.8277], [10.6813, -3.9818], [12.2517, -5.222], [14.2505, -5.4831]], [[2.401, -0.1305], [6.6839, -0.2611], [7.255, -1.8277], [10.6813, -3.9818], [12.2517, -6.1358], [11.3952, 0.3916]], [[2.401, -0.1305], [6.6839, -0.2611], [7.255, -1.8277], [10.6813, -3.9818], [8.5399, -3.7859], [17.3913, -4.3081]]]",0.3135,0.0,0.0,0.0,0.0,0.0,0.0,False,"[4, 4, 4]",0.0,0.0,0.0,8.8465,4.0,6.689,11.3994,11.4019,4.5468,6.9936,8.8465,"[[2.401, -0.131], [6.684, -0.261], [7.255, -1.828], [10.681, -3.982], [12.252, -4.896], [14.536, -4.896]]",ok,9.703,0.0,0.0,0.0,0.0,0.0,0.0,0.0,0.0,0.0,9eebbe06762c47aa8c671008df5fb474,scene-0561,42
5.1152,11.1104,17.3918,3.9722,6.8989,10.0634,0.0,0.0,0.0,0.0,0.0,0.0,0.0,0.0,0.0,ok,straight,6.3997,10.9793,15.8221,4.6859,7.3303,9.8534,True,"[-0.0653, -0.6527, -0.1305, -0.4569]","[-1035.5539, -1931.5827, -2736.4415, -27262.2126]","[-1301578.1279, -1302474.1567, -1303279.0155, -1327804.7866]","[10.256, 10.175, 9.483, 10.196]","[[[2.972, 0.0], [6.3984, -0.1305], [8.9682, 0.1958], [10.9669, -0.5222], [15.3926, -0.1305], [16.8202, -0.1305]], [[2.972, 0.0], [6.3984, -0.1305], [8.9682, 0.1958], [10.9669, -0.5222], [15.6781, -1.0444], [15.9636, 1.3055]], [[2.972, 0.0], [6.3984, -0.1305], [8.9682, 0.1958], [10.9669, -0.5222], [12.5373, 2.3499], [14.8215, -0.2611]], [[2.972, 0.0], [6.3984, -0.1305], [8.9682, 0.1958], [10.9669, -0.5222], [12.5373, -10.1829], [15.6781, -0.9138]]]",0.3156,0.0,0.0,0.0,0.0,0.0,0.0,True,"[4, 4, 4]",0.0,0.0,0.0,9.4835,4.0,6.3997,10.9793,14.8238,4.6859,7.3303,9.4835,"[[2.972, 0.0], [6.398, -0.131], [8.968, 0.196], [10.967, -0.522], [13.965, -0.587], [15.821, -0.196]]",ok,10.2559,0.0,0.0,0.0,0.0,0.0,0.0,0.0,0.0,0.0,7636f7b3286245cc95a2bd7ac01a64eb,scene-0561,42
4.5398,8.5702,10.8169,3.399,5.5037,7.1151,0.0,0.0,0.0,0.0,0.0,0.0,0.0,0.0,0.0,ok,straight,4.5398,10.4225,8.6745,3.4704,5.9697,6.9497,True,"[-0.1305, -0.0653, -8.2899, -2.3499]","[-2431.3465, -3056.6699, -14209.512, -23230.4583]","[-1909236.299, -1909861.6224, -1921014.4645, -1930035.4108]","[7.426, 6.521, 9.288, 6.371]","[[[2.401, 0.0], [4.5424, -0.1305], [6.6839, -0.3916], [10.8241, -1.6971], [11.1096, 0.0], [13.1083, -0.2611]], [[2.401, 0.0], [4.5424, -0.1305], [6.6839, -0.3916], [10.8241, -1.6971], [9.682, 0.0], [9.1109, -0.1305]], [[2.401, 0.0], [4.5424, -0.1305], [6.6839, -0.3916], [10.8241, -1.6971], [14.8215, 0.1305], [9.9675, 16.5798]], [[2.401, 0.0], [4.5424, -0.1305], [6.6839, -0.3916], [10.8241, -1.6971], [4.828, 0.3916], [11.9662, -4.6998]]]",1.1616,0.0,0.0,0.0,0.0,0.0,0.0,False,"[4, 4, 4]",0.0,0.0,0.0,6.371,4.0,4.5398,10.4225,10.7485,3.4704,5.9697,6.371,"[[2.401, 0.0], [4.542, -0.131], [6.684, -0.392], [10.824, -1.697], [10.396, 0.065], [10.967, -0.196]]",ok,9.2882,0.0,0.0,0.0,0.0,0.0,0.0,0.0,0.0,0.0,00bb84f140c943059a9a1e8e372ddabe,scene-0561,42
1.8407,3.4744,13.0841,1.2893,2.2813,4.6499,0.0,0.0,0.0,0.0,0.0,0.0,0.0,0.0,0.0,ok,left,1.9502,3.675,8.2128,1.3386,2.2638,4.3517,True,"[-2.4804, 1.5013, -8.2899, 8.2899]","[-1796.1785, -8776.5341, -10488.3729, -46830.8663]","[-2010945.1101, -2017925.4658, -2019637.3046, -2055979.798]","[5.241, 3.8, 6.939, 7.064]","[[[1.6871, 0.0653], [3.4003, -0.1305], [5.9701, -0.4569], [7.1122, 0.3916], [7.3977, -3.1332], [9.1109, -4.9609]], [[1.6871, 0.0653], [3.4003, -0.1305], [5.9701, -0.4569], [7.1122, 0.3916], [7.6833, -3.3943], [12.8228, 3.0026]], [[1.6871, 0.0653], [3.4003, -0.1305], [5.9701, -0.4569], [7.1122, 0.3916], [7.1122, -2.2193], [15.9636, -16.5798]], [[1.6871, 0.0653], [3.4003, -0.1305], [5.9701, -0.4569], [7.1122, 0.3916], [20.2466, 16.5798], [30.5257, 16.5798]]]",1.3417,0.0,0.0,0.0,0.0,0.0,0.0,False,"[4, 4, 4]",0.0,0.0,0.0,3.8002,4.0,1.9502,3.675,4.3492,1.3386,2.2638,3.8002,"[[1.687, 0.065], [3.4, -0.131], [5.97, -0.457], [7.112, 0.392], [7.541, -2.676], [14.393, -0.979]]",ok,7.0638,0.0,0.0,0.0,0.0,0.0,0.0,0.0,0.0,0.0,a11fc6258e564dc4ab612bdf98e90fd1,scene-0561,42
0.6403,0.6521,1.1295,0.4694,0.6364,0.845,0.0,0.0,0.0,0.0,0.0,0.0,0.0,0.0,0.0,ok,straight,0.7821,0.4129,0.2685,0.8962,0.7628,0.883,False,"[-0.0, -0.0653, -0.5222, -0.3264]","[-183.2579, -1159.3794, -2553.301, -4254.3489]","[-1469181.181, -2470342.8639, -2471736.7855, -2473437.8334]","[0.835, 1.432, 1.634, 1.223]","[[[4.3997, 0.0], [7.5405, 0.0], [10.9669, 0.1305], [13.9649, 0.0653], [18.2479, 0.0], [21.6742, 0.0]], [[4.3997, 0.0], [7.5405, 0.0], [10.9669, 0.1305], [13.9649, 0.0653], [14.2505, 0.2611], [18.2479, 0.1305]], [[4.3997, 0.0], [7.5405, 0.0], [10.9669, 0.1305], [13.9649, 0.0653], [21.1032, 0.0], [23.3874, 1.0444]], [[4.3997, 0.0], [7.5405, 0.0], [10.9669, 0.1305], [13.9649, 0.0653], [20.5321, 0.9138], [19.6755, -0.6527]]]",0.2957,0.0,0.0,0.0,0.0,0.0,0.0,False,"[4, 4, 4]",0.0,0.0,0.0,0.8352,4.0,0.7821,0.4129,1.1295,0.8962,0.7628,0.8352,"[[4.4, 0.0], [7.541, 0.0], [10.967, 0.131], [13.965, 0.065], [19.39, 0.131], [20.675, 0.065]]",ok,1.6341,0.0,0.0,0.0,0.0,0.0,0.0,0.0,0.0,0.0,e493c6923a0a4d5fb78b75dcc0ffc5ab,scene-0562,42
0.1435,1.4414,2.0692,0.1045,0.6257,0.9759,0.0,0.0,0.0,0.0,0.0,0.0,0.0,0.0,0.0,ok,straight,0.4531,1.2134,0.696,0.3423,1.1154,1.0474,False,"[-0.1958, -0.1305, -0.1305, -0.1958]","[-5300.7861, -6415.3269, -6664.1046, -13181.0379]","[-1760114.1929, -1761228.7336, -1761477.5114, -1767994.4446]","[1.261, 1.397, 1.374, 2.309]","[[[3.9714, 0.0], [7.9688, -0.0653], [9.3964, -0.1305], [16.8202, -0.4569], [19.1045, -0.9138], [21.9598, -0.3916]], [[3.9714, 0.0], [7.9688, -0.0653], [9.3964, -0.1305], [16.8202, -0.4569], [18.2479, -0.2611], [21.6742, -0.2611]], [[3.9714, 0.0], [7.9688, -0.0653], [9.3964, -0.1305], [16.8202, -0.4569], [19.39, 0.0], [26.8138, -0.2611]], [[3.9714, 0.0], [7.9688, -0.0653], [9.3964, -0.1305], [16.8202, -0.4569], [18.8189, 0.6527], [31.6678, -0.3916]]]",0.4211,0.0,0.0,0.0,0.0,0.0,0.0,False,"[4, 4, 4]",0.0,0.0,0.0,1.2608,4.0,0.4531,1.2134,1.8029,0.3423,1.1154,1.2608,"[[3.971, 0.0], [7.969, -0.065], [9.396, -0.131], [16.82, -0.457], [18.962, -0.131], [24.387, -0.326]]",ok,2.3091,0.0,0.0,0.0,0.0,0.0,0.0,0.0,0.0,0.0,d74c961ec4274d14b8a211f29e390e30,scene-0562,42
1.1676,1.307,2.1285,0.8336,1.1182,1.4058,0.0,0.0,0.0,0.0,0.0,0.0,0.0,0.0,0.0,ok,straight,0.8795,2.3077,2.7114,0.8321,1.3268,1.5666,False,"[-0.0, -0.1305, -0.1305, -1.8277]","[-353.2696, -828.899, -3718.24, -5278.3067]","[-1002764.3194, -1002764.7257, -2006484.3264, -2008044.3931]","[1.687, 2.882, 1.812, 1.794]","[[[2.5437, 0.0], [5.6846, -0.0653], [8.2543, 0.8486], [10.1103, 0.0653], [12.8228, 0.0], [15.3926, 0.0]], [[2.5437, 0.0], [5.6846, -0.0653], [8.2543, 0.8486], [10.1103, 0.0653], [9.682, 0.3916], [11.3952, 0.2611]], [[2.5437, 0.0], [5.6846, -0.0653], [8.2543, 0.8486], [10.1103, 0.0653], [14.536, 2.611], [15.3926, 0.2611]], [[2.5437, 0.0], [5.6846, -0.0653], [8.2543, 0.8486], [10.1103, 0.0653], [16.8202, 0.3916], [17.3913, -3.6554]]]",0.4863,0.0,0.0,0.0,0.0,0.0,0.0,True,"[4, 4, 4]",0.0,0.0,0.0,1.6869,4.0,0.8795,2.3077,2.6966,0.8321,1.3268,1.6869,"[[2.544, 0.0], [5.685, -0.065], [8.254, 0.849], [10.11, 0.065], [13.679, 0.392], [15.393, 0.131]]",ok,2.8819,0.0,0.0,0.0,0.0,0.0,0.0,0.0,0.0,0.0,ae90c564207b4eb69b60630fa17ea7e8,scene-0562,42
0.277,1.349,2.1453,0.207,0.6538,1.1409,0.0,0.0,0.0,0.0,0.0,0.0,0.0,0.0,0.0,ok,straight,0.3034,0.5717,3.8906,0.3621,0.5273,1.3496,False,"[-0.0, -0.6527, -1.6971, -8.2899]","[-673.5503, -1369.2681, -2592.2226, -25840.4284]","[-1333922.7042, -2335293.4356, -2336516.3901, -2359764.5959]","[1.057, 0.944, 1.891, 3.971]","[[[2.5437, 0.0], [3.6858, 0.0], [6.3984, 0.3264], [7.6833, 0.1958], [10.5386, 0.0], [11.6807, 0.0]], [[2.5437, 0.0], [3.6858, 0.0], [6.3984, 0.3264], [7.6833, 0.1958], [7.6833, 0.2611], [11.9662, -1.3055]], [[2.5437, 0.0], [3.6858, 0.0], [6.3984, 0.3264], [7.6833, 0.1958], [11.9662, -0.7833], [13.9649, 3.3943]], [[2.5437, 0.0], [3.6858, 0.0], [6.3984, 0.3264], [7.6833, 0.1958], [10.5386, -2.0888], [18.2479, 16.5798]]]",1.2144,0.0,0.0,0.0,0.0,0.0,0.0,True,"[4, 4, 4]",0.0,0.0,0.0,0.9437,4.0,0.3034,0.5717,2.6876,0.3621,0.5273,0.9437,"[[2.544, 0.0], [3.686, 0.0], [6.398, 0.326], [7.683, 0.196], [10.539, -0.392], [12.966, 1.697]]",ok,3.9713,0.0,0.0,0.0,0.0,0.0,0.0,0.0,0.0,0.0,814f40cea21041308224320c40274e51,scene-0562,42
1.0253,2.405,3.3359,0.5977,1.3507,1.9225,0.0,0.0,0.0,0.0,0.0,0.0,0.0,0.0,0.0,ok,straight,1.7391,3.2614,4.7634,1.1687,1.9217,2.5411,False,"[-0.0, -0.0, -0.0653, -0.1305]","[-103.3018, -435.3858, -319.2136, -4117.2638]","[-1330894.5347, -1330894.7343, -1330895.8705, -2335013.3887]","[2.97, 2.446, 2.303, 3.256]","[[[1.5444, 0.0], [3.2576, 0.0], [3.9714, 0.0], [5.399, 0.0], [7.1122, 0.1305], [7.9688, 0.0]], [[1.5444, 0.0], [3.2576, 0.0], [3.9714, 0.0], [5.399, 0.0], [5.1135, 0.0], [6.8267, 0.0]], [[1.5444, 0.0], [3.2576, 0.0], [3.9714, 0.0], [5.399, 0.0], [5.1135, 0.0], [5.9701, -0.1305]], [[1.5444, 0.0], [3.2576, 0.0], [3.9714, 0.0], [5.399, 0.0], [4.5424, -0.1305], [12.2517, 0.2611]]]",0.3861,0.0,0.0,0.0,0.0,0.0,0.0,True,"[4, 4, 4]",0.0,0.0,0.0,2.3032,4.0,1.7391,3.2614,3.336,1.1687,1.9217,2.3032,"[[1.544, 0.0], [3.258, 0.0], [3.971, 0.0], [5.399, 0.0], [5.113, 0.0], [7.398, 0.0]]",ok,3.2559,0.0,0.0,0.0,0.0,0.0,0.0,0.0,0.0,0.0,970f41b6fc4544b388fe7ccd578988a9,scene-0563,42
0.0689,0.2976,0.9394,0.1209,0.1536,0.3046,0.0,0.0,0.0,0.0,0.0,0.0,0.0,0.0,0.0,ok,straight,0.619,0.573,0.2389,0.5381,0.4634,0.3661,False,"[-0.0653, -0.3264, -2.7415, -0.3916]","[-620.7732, -1122.8651, -1854.0267, -61651.464]","[-1292140.2833, -1292140.544, -2293995.6642, -2353793.1015]","[0.426, 1.048, 1.271, 2.882]","[[[0.8306, 0.0], [3.1148, 0.0], [3.5431, 0.0653], [5.399, -0.0653], [5.6846, 0.0], [6.5412, 0.1305]], [[0.8306, 0.0], [3.1148, 0.0], [3.5431, 0.0653], [5.399, -0.0653], [4.2569, -0.1305], [4.2569, 0.6527]], [[0.8306, 0.0], [3.1148, 0.0], [3.5431, 0.0653], [5.399, -0.0653], [6.2556, 0.0], [7.6833, -5.4831]], [[0.8306, 0.0], [3.1148, 0.0], [3.5431, 0.0653], [5.399, -0.0653], [20.5321, 0.0], [7.3977, -0.7833]]]",0.9063,0.0,0.0,0.0,0.0,0.0,0.0,True,"[4, 4, 4]",0.0,0.0,0.0,0.426,4.0,0.619,0.573,0.4285,0.5381,0.4634,0.426,"[[0.831, 0.0], [3.115, 0.0], [3.543, 0.065], [5.399, -0.065], [5.97, 0.0], [6.969, -0.326]]",ok,2.882,0.0,0.0,1.0,0.0,0.0,1.0,0.0,0.0,0.16666666666666666,04b954deacb74b3a80c543526dc8f937,scene-0563,42
0.7337,0.7824,0.7803,0.5969,0.6935,0.7224,0.0,0.0,0.0,0.0,0.0,0.0,0.0,0.0,0.0,ok,straight,0.7337,0.0728,0.3529,0.4542,0.3734,5.9836,False,"[-0.0, -0.0, -0.0, -0.0]","[-112.2565, -222.0995, -1618995.4897, -1635750.299]","[-367598.5511, -367598.5513, -2986595.0409, -3003349.8502]","[0.509, 0.44, 11.745, 11.868]","[[[0.2595, 0.0], [-0.026, 0.0], [0.2595, 0.0], [0.6878, 0.0], [-0.026, 0.0], [-0.026, 0.0]], [[0.2595, 0.0], [-0.026, 0.0], [0.2595, 0.0], [0.6878, 0.0], [-0.026, 0.0], [1.1161, 0.0]], [[0.2595, 0.0], [-0.026, 0.0], [0.2595, 0.0], [0.6878, 0.0], [69.6432, 0.0], [0.8306, 0.0]], [[0.2595, 0.0], [-0.026, 0.0], [0.2595, 0.0], [0.6878, 0.0], [69.6432, -2.4804], [-0.026, 0.0]]]",5.6662,0.0,0.0,0.0,0.0,0.0,0.0,False,"[3, 4, 4]",0.0,0.0,0.0,0.4397,4.0,0.7337,0.0728,0.3642,0.4542,0.3734,0.4397,"[[0.259, 0.0], [-0.026, 0.0], [0.259, 0.0], [0.688, 0.0], [34.809, 0.0], [0.402, 0.0]]",ok,11.8679,1.0,1.0,1.0,1.0,1.0,1.0,0.5,0.75,0.8333333333333334,264f7a3db349473c9032d9ee63b9b828,scene-0563,42
0.0262,0.0265,0.0268,0.0261,0.0263,0.0264,0.0,0.0,0.0,0.0,0.0,0.0,0.0,0.0,0.0,ok,straight,0.0262,0.545,2.5447,0.7139,0.6295,1.6723,False,"[-0.0, -0.0, -0.5222, -0.0653]","[-638.7562, -851.5475, -33348.7735, -725076.4779]","[-2554780.5252, -2554780.5259, -3588130.5837, -4279858.2881]","[0.429, 0.753, 3.182, 8.882]","[[[1.4016, 0.0], [-0.026, 0.0], [0.545, 0.0], [0.545, 0.0], [-0.026, 0.0], [-0.026, 0.0]], [[1.4016, 0.0], [-0.026, 0.0], [0.545, 0.0], [0.545, 0.0], [-0.026, 0.0], [1.9727, 0.0]], [[1.4016, 0.0], [-0.026, 0.0], [0.545, 0.0], [0.545, 0.0], [9.9675, -6.0053], [4.828, 1.0444]], [[1.4016, 0.0], [-0.026, 0.0], [0.545, 0.0], [0.545, 0.0], [47.6574, -0.1305], [3.1148, 0.1305]]]",3.3878,0.0,0.0,0.0,0.0,0.0,1.0,False,"[3, 4, 4]",0.0,0.0,0.16666666666666666,0.4285,4.0,0.0262,0.545,0.0268,0.7139,0.6295,0.4285,"[[1.402, 0.0], [-0.026, 0.0], [0.545, 0.0], [0.545, 0.0], [4.971, -0.065], [2.544, 0.065]]",ok,8.8822,1.0,1.0,1.0,1.0,1.0,1.0,0.5,0.75,0.8333333333333334,10602c94122242d3b7525ec541b3784f,scene-0563,42
0.026,0.0303,0.3966,0.026,0.0271,0.1087,0.0,0.0,0.0,0.0,0.0,0.0,0.0,0.0,0.0,ok,straight,0.026,0.0303,0.1744,0.026,0.0271,0.3101,False,"[-0.0, -0.0, -0.0, -0.0]","[-0.013, -1.8392, -396.5284, -11587.9282]","[0.6038, 0.6034, -1000396.5284, -1011587.9282]","[0.109, 0.118, 1.835, 1.065]","[[[-0.026, 0.0], [-0.026, 0.0], [-0.026, 0.0], [-0.026, 0.0], [-0.026, 0.0], [-0.026, 0.0]], [[-0.026, 0.0], [-0.026, 0.0], [-0.026, 0.0], [-0.026, 0.0], [0.2595, 0.0], [0.8306, 0.0]], [[-0.026, 0.0], [-0.026, 0.0], [-0.026, 0.0], [-0.026, 0.0], [3.1148, -0.3916], [8.2543, 0.0]], [[-0.026, 0.0], [-0.026, 0.0], [-0.026, 0.0], [-0.026, 0.0], [6.2556, -0.6527], [0.2595, 0.0]]]",0.7217,0.0,0.0,0.0,0.0,0.0,0.0,True,"[3, 3, 4]",0.0,0.0,0.0,0.1087,4.0,0.026,0.0303,0.3966,0.026,0.0271,0.1087,"[[-0.026, 0.0], [-0.026, 0.0], [-0.026, 0.0], [-0.026, 0.0], [1.687, -0.196], [0.545, 0.0]]",ok,1.8352,1.0,1.0,1.0,1.0,1.0,1.0,0.5,0.75,0.8333333333333334,3b86f8218554493f928b39824655872a,scene-0564,42
0.0676,0.0683,0.0703,0.0741,0.0709,0.0705,0.0,0.0,0.0,0.0,0.0,0.0,0.0,0.0,0.0,ok,straight,0.3617,0.506,0.2216,1.497,0.9658,1.0524,False,"[-0.0, -0.3264, -0.0, -0.0]","[-1529.4179, -1758.9648, -2258.5135, -1638498.2394]","[-2719298.8031, -2719528.35, -2720027.8987, -4356267.6246]","[0.667, 2.198, 1.057, 12.282]","[[[2.6865, 0.0], [0.4023, 0.0], [0.4023, 0.0], [0.545, 0.0], [-0.026, 0.0], [-0.026, 0.0]], [[2.6865, 0.0], [0.4023, 0.0], [0.4023, 0.0], [0.545, 0.0], [2.2582, -0.1305], [7.1122, 0.6527]], [[2.6865, 0.0], [0.4023, 0.0], [0.4023, 0.0], [0.545, 0.0], [2.2582, 0.3916], [0.2595, 0.0]], [[2.6865, 0.0], [0.4023, 0.0], [0.4023, 0.0], [0.545, 0.0], [69.6432, 0.3916], [0.2595, 0.0]]]",4.7851,0.0,0.0,0.0,0.0,0.0,0.0,False,"[4, 4, 4]",0.0,0.0,0.0,0.6671,4.0,0.3617,0.506,0.0703,1.497,0.9658,0.6671,"[[2.686, 0.0], [0.402, 0.0], [0.402, 0.0], [0.545, 0.0], [2.258, 0.196], [0.259, 0.0]]",ok,12.2816,1.0,1.0,1.0,1.0,1.0,1.0,0.5,0.75,0.8333333333333334,cf326fa396094c5d87527d1950b31235,scene-0564,42
0.3972,1.1877,3.3141,0.2811,0.6461,1.4124,0.0,0.0,1.0,0.0,0.0,1.0,0.0,0.0,0.3333333333333333,ok,straight,0.3972,1.1951,3.1719,0.2811,0.5412,1.0241,True,"[-0.0, -0.0, -0.6527, -0.0653]","[-86.6951, -286.3988, -895.2097, -38287.0554]","[1.2516, 1.2395, -1000895.2097, -1038287.0554]","[1.343, 1.817, 0.808, 2.364]","[[[1.1161, 0.0], [1.6871, 0.0], [2.972, 0.0], [3.6858, -0.0653], [3.9714, 0.0], [5.1135, 0.0]], [[1.1161, 0.0], [1.6871, 0.0], [2.972, 0.0], [3.6858, -0.0653], [4.2569, 0.0], [1.9727, 0.0]], [[1.1161, 0.0], [1.6871, 0.0], [2.972, 0.0], [3.6858, -0.0653], [7.3977, -0.3916], [8.8254, -1.3055]], [[1.1161, 0.0], [1.6871, 0.0], [2.972, 0.0], [3.6858, -0.0653], [15.3926, -1.436], [5.399, 0.1305]]]",0.5753,0.0,0.0,1.0,0.0,0.0,1.0,True,"[3, 4, 4]",0.0,0.0,0.16666666666666666,0.8077,4.0,0.3972,1.1951,1.6496,0.2811,0.5412,0.8077,"[[1.116, 0.0], [1.687, 0.0], [2.972, 0.0], [3.686, -0.065], [5.827, -0.196], [5.256, 0.0]]",ok,2.3639,0.0,0.0,0.0,0.0,0.0,0.0,0.0,0.0,0.0,26ce0c76786c43158b3bac999b27e76b,scene-0564,42
0.9775,1.8957,3.5927,0.9353,1.3786,1.9953,0.0,0.0,1.0,0.0,0.0,1.0,0.0,0.0,0.3333333333333333,ok,right,0.4066,1.7058,2.4584,0.3349,0.9703,1.5858,True,"[-0.0, -0.3264, 0.1305, 0.5875]","[-400.4525, -2209.1057, -2405.2343, -24132.7483]","[-806226.3972, -1808435.9102, -1808632.0388, -1830359.5527]","[1.723, 1.746, 1.652, 2.441]","[[[2.8293, 0.0], [4.3997, 0.0653], [4.828, 0.0653], [6.8267, 0.0653], [7.3977, 0.0], [9.1109, 0.0]], [[2.8293, 0.0], [4.3997, 0.0653], [4.828, 0.0653], [6.8267, 0.0653], [10.8241, 0.2611], [8.5399, 0.6527]], [[2.8293, 0.0], [4.3997, 0.0653], [4.828, 0.0653], [6.8267, 0.0653], [6.8267, 0.3916], [12.8228, -0.2611]], [[2.8293, 0.0], [4.3997, 0.0653], [4.828, 0.0653], [6.8267, 0.0653], [0.8306, -0.1305], [12.8228, -1.1749]]]",0.3198,0.0,0.0,1.0,0.0,0.0,1.0,False,"[4, 4, 4]",0.0,0.0,0.3333333333333333,1.6515,4.0,0.4066,1.7058,2.4705,0.3349,0.9703,1.6515,"[[2.829, 0.0], [4.4, 0.065], [4.828, 0.065], [6.827, 0.065], [7.112, 0.131], [10.967, -0.131]]",ok,2.441,0.0,0.0,0.0,0.0,0.0,0.0,0.0,0.0,0.0,9784a87689e64da29ff6d1b2fbaf6673,scene-0564,42
1.9222,3.6827,8.0577,1.3657,2.4459,3.9295,0.0,0.0,0.0,0.0,0.0,0.0,0.0,0.0,0.0,ok,right,1.1536,3.6417,4.7274,0.7071,1.9631,4.8493,False,"[-0.8486, 1.5666, -0.6527, 7.7677]","[-1024.3741, -7626.1987, -116110.4115, -1416160.4392]","[-1425008.2708, -2432634.3078, -2541118.5207, -3841168.5483]","[3.608, 3.519, 17.106, 13.62]","[[[1.6871, 0.0], [2.8293, 0.1305], [3.2576, 0.2611], [5.6846, 0.9791], [5.6846, 0.6527], [7.3977, 1.6971]], [[1.6871, 0.0], [2.8293, 0.1305], [3.2576, 0.2611], [5.6846, 0.9791], [1.9727, 0.1305], [6.5412, -3.1332]], [[1.6871, 0.0], [2.8293, 0.1305], [3.2576, 0.2611], [5.6846, 0.9791], [44.5166, 1.1749], [69.6432, 1.3055]], [[1.6871, 0.0], [2.8293, 0.1305], [3.2576, 0.2611], [5.6846, 0.9791], [69.6432, 16.5798], [12.8228, -15.5354]]]",6.0273,0.0,0.0,0.0,0.0,0.0,0.0,False,"[4, 4, 4]",0.0,0.0,0.0,3.519,4.0,1.1536,3.6417,4.9579,0.7071,1.9631,3.519,"[[1.687, 0.0], [2.829, 0.131], [3.258, 0.261], [5.685, 0.979], [25.101, 0.914], [10.11, -0.914]]",ok,17.1063,0.0,0.0,0.0,0.0,0.0,0.0,0.0,0.0,0.0,f0c47597c226445fa1e14c82d879f9a4,scene-0565,42
1.0423,2.7187,2.6441,0.9068,1.6455,2.1199,0.0,0.0,0.0,0.0,0.0,0.0,0.0,0.0,0.0,ok,straight,1.6133,2.8859,3.081,1.2637,2.187,2.367,False,"[-0.0, -0.1305, -1.0444, -0.3264]","[-911.5973, -734.2235, -3004.9612, -27006.0321]","[-1002279.2133, -1002279.5209, -2005285.7381, -2029286.809]","[2.433, 2.217, 2.876, 3.321]","[[[3.8286, 0.0], [7.1122, 0.0], [11.8235, 0.0653], [14.3932, -0.3264], [18.2479, 0.0], [19.39, 0.0]], [[3.8286, 0.0], [7.1122, 0.0], [11.8235, 0.0653], [14.3932, -0.3264], [16.8202, 0.7833], [19.39, -0.2611]], [[3.8286, 0.0], [7.1122, 0.0], [11.8235, 0.0653], [14.3932, -0.3264], [16.8202, 3.2637], [21.3887, 2.0888]], [[3.8286, 0.0], [7.1122, 0.0], [11.8235, 0.0653], [14.3932, -0.3264], [8.8254, -0.1305], [22.8163, 0.6527]]]",0.4241,0.0,0.0,0.0,0.0,0.0,0.0,True,"[4, 4, 4]",0.0,0.0,0.0,2.2174,4.0,1.6133,2.8859,2.0997,1.2637,2.187,2.2174,"[[3.829, 0.0], [7.112, 0.0], [11.823, 0.065], [14.393, -0.326], [16.82, 0.392], [20.389, 0.326]]",ok,3.3206,0.0,0.0,0.0,0.0,0.0,0.0,0.0,0.0,0.0,9287148365d241a99104b0b129246071,scene-0565,42
1.6332,4.0905,5.2907,1.2033,2.3212,3.3422,0.0,0.0,0.0,0.0,0.0,0.0,0.0,0.0,0.0,ok,straight,0.4914,5.5237,3.0129,0.7752,2.6795,3.3684,False,"[-0.0, -0.0653, -0.1305, -0.3264]","[-1201.5578, -12486.3236, -34563.4067, -127879.4758]","[-1899843.9783, -1911128.7441, -1933205.8271, -2026521.8962]","[3.629, 4.102, 5.498, 4.519]","[[[3.6858, 0.0], [5.6846, -0.0653], [11.3952, -0.0653], [15.6781, 0.1958], [18.2479, 0.0], [19.9611, 0.0]], [[3.6858, 0.0], [5.6846, -0.0653], [11.3952, -0.0653], [15.6781, 0.1958], [19.6755, 0.0], [7.9688, -0.1305]], [[3.6858, 0.0], [5.6846, -0.0653], [11.3952, -0.0653], [15.6781, 0.1958], [28.8125, 1.436], [20.5321, 0.2611]], [[3.6858, 0.0], [5.6846, -0.0653], [11.3952, -0.0653], [15.6781, 0.1958], [-2.8813, 0.2611], [15.3926, 0.6527]]]",0.6887,0.0,0.0,0.0,0.0,0.0,0.0,False,"[4, 4, 4]",0.0,0.0,0.0,3.6286,4.0,0.4914,5.5237,5.2907,0.7752,2.6795,3.6286,"[[3.686, 0.0], [5.685, -0.065], [11.395, -0.065], [15.678, 0.196], [18.962, 0.131], [17.677, 0.131]]",ok,5.4976,0.0,0.0,0.0,0.0,0.0,0.0,0.0,0.0,0.0,5f2b89acd9c34488af6c4419f10703de,scene-0565,42
3.3329,7.558,13.2184,2.5889,4.7006,6.9649,0.0,0.0,1.0,0.0,0.0,1.0,0.0,0.0,0.3333333333333333,ok,straight,4.1894,10.4111,12.6599,3.0885,5.5203,7.5849,False,"[-0.4569, -0.0, -0.0653, -0.7833]","[-1669.2839, -2209.5524, -4411.7937, -33128.0452]","[-2552587.3189, -2553127.5874, -2555329.8287, -2584046.0802]","[7.518, 7.864, 7.511, 8.791]","[[[2.972, 0.0], [5.9701, -0.0653], [7.9688, 0.0], [13.3939, 0.0], [15.107, 0.1305], [14.8215, 0.9138]], [[2.972, 0.0], [5.9701, -0.0653], [7.9688, 0.0], [13.3939, 0.0], [16.2492, 1.6971], [15.6781, 0.0]], [[2.972, 0.0], [5.9701, -0.0653], [7.9688, 0.0], [13.3939, 0.0], [13.1083, 0.1305], [16.8202, 0.1305]], [[2.972, 0.0], [5.9701, -0.0653], [7.9688, 0.0], [13.3939, 0.0], [11.9662, -7.0497], [23.1019, 1.5666]]]",0.5219,0.0,1.0,1.0,0.0,1.0,1.0,False,"[4, 4, 4]",0.0,0.25,0.5,7.5114,4.0,4.1894,10.4111,13.2184,3.0885,5.5203,7.5114,"[[2.972, 0.0], [5.97, -0.065], [7.969, 0.0], [13.394, 0.0], [14.108, 0.131], [16.249, 0.522]]",ok,8.7908,0.0,0.0,1.0,0.0,0.0,1.0,0.0,0.0,0.3333333333333333,77ee28e79c2f400d893c9712b1c75b6b,scene-0565,42
1.2848,1.4341,1.8942,0.8976,1.1476,1.4908,0.0,0.0,0.0,0.0,0.0,0.0,0.0,0.0,0.0,ok,right,0.6069,2.4378,3.0596,0.6949,1.3111,1.9885,False,"[0.6527, 0.1305, 0.1958, 1.436]","[-356.8454, -249.6183, -1253.5649, -85226.4185]","[-758347.6594, -758348.6589, -1759601.9028, -1843574.7564]","[1.411, 2.36, 1.912, 5.575]","[[[3.4003, -0.0653], [5.8273, -0.1305], [9.3964, -0.3264], [13.2511, -0.5875], [15.107, -1.0444], [17.9623, -1.3055]], [[3.4003, -0.0653], [5.8273, -0.1305], [9.3964, -0.3264], [13.2511, -0.5875], [17.9623, -0.3916], [20.8176, -0.2611]], [[3.4003, -0.0653], [5.8273, -0.1305], [9.3964, -0.3264], [13.2511, -0.5875], [16.8202, -0.7833], [14.8215, -0.3916]], [[3.4003, -0.0653], [5.8273, -0.1305], [9.3964, -0.3264], [13.2511, -0.5875], [34.5231, -2.4804], [24.5295, -2.8721]]]",1.6289,0.0,0.0,0.0,0.0,0.0,0.0,True,"[4, 4, 4]",0.0,0.0,0.0,1.4108,4.0,0.6069,2.4378,1.7072,0.6949,1.3111,1.4108,"[[3.4, -0.065], [5.827, -0.131], [9.396, -0.326], [13.251, -0.587], [17.391, -0.914], [19.39, -0.849]]",ok,5.5752,0.0,0.0,0.0,0.0,0.0,0.0,0.0,0.0,0.0,67d2d74087714e4994a68c7347acf55a,scene-0625,42
0.8914,2.4863,1.1103,0.7404,1.3449,1.3356,0.0,0.0,0.0,0.0,0.0,0.0,0.0,0.0,0.0,ok,straight,1.3179,1.0587,1.6946,17.5141,9.3391,7.0718,False,"[-0.0653, -0.3264, -0.5222, -0.1305]","[-361970.1233, -362410.0933, -364598.0285, -468019.8278]","[-5096807.8297, -5097247.7996, -5099435.7348, -5202857.5342]","[6.665, 7.1, 6.998, 13.85]","[[[36.5218, 0.0], [6.9694, -0.0653], [9.8247, -0.1305], [12.8228, -0.1305], [16.2492, -0.1305], [18.8189, -0.1305]], [[36.5218, 0.0], [6.9694, -0.0653], [9.8247, -0.1305], [12.8228, -0.1305], [17.6768, -0.1305], [19.9611, -0.6527]], [[36.5218, 0.0], [6.9694, -0.0653], [9.8247, -0.1305], [12.8228, -0.1305], [18.5334, -0.1305], [17.6768, -1.0444]], [[36.5218, 0.0], [6.9694, -0.0653], [9.8247, -0.1305], [12.8228, -0.1305], [40.2337, -0.2611], [37.9494, -0.2611]]]",3.0047,0.0,0.0,0.0,1.0,1.0,1.0,False,"[4, 4, 4]",0.5,0.25,0.16666666666666666,6.6651,4.0,1.3179,1.0587,1.1103,17.5141,9.3391,6.6651,"[[36.522, 0.0], [6.969, -0.065], [9.825, -0.131], [12.823, -0.131], [18.105, -0.131], [19.39, -0.457]]",ok,13.8503,0.0,0.0,0.0,0.0,0.0,0.0,0.0,0.0,0.0,2e74db7a04ef4ef49ec7f136a260a878,scene-0625,42
0.1099,0.0522,1.446,0.0801,0.2062,0.5741,0.0,0.0,0.0,0.0,0.0,0.0,0.0,0.0,0.0,ok,straight,0.0658,0.2722,3.2754,0.3418,0.4984,0.9861,False,"[-0.0653, -0.1305, -0.0653, -3.329]","[-418.6518, -496.9171, -2867.7415, -114770.9051]","[-1280656.8106, -1280656.8586, -2283525.7392, -2395428.9027]","[0.507, 0.769, 2.42, 8.811]","[[[3.9714, 0.0], [6.8267, 0.0], [9.2537, -0.0653], [13.6794, 0.0], [17.1058, -0.7833], [20.5321, -0.1305]], [[3.9714, 0.0], [6.8267, 0.0], [9.2537, -0.0653], [13.6794, 0.0], [16.2492, -0.1305], [19.39, -0.2611]], [[3.9714, 0.0], [6.8267, 0.0], [9.2537, -0.0653], [13.6794, 0.0], [23.1019, -0.1305], [27.6704, 0.1305]], [[3.9714, 0.0], [6.8267, 0.0], [9.2537, -0.0653], [13.6794, 0.0], [18.8189, -0.9138], [69.6432, -6.658]]]",3.3626,0.0,0.0,0.0,0.0,0.0,0.0,True,"[4, 4, 4]",0.0,0.0,0.0,0.5073,4.0,0.0658,0.2722,0.2965,0.3418,0.4984,0.5073,"[[3.971, 0.0], [6.827, 0.0], [9.254, -0.065], [13.679, 0.0], [17.962, -0.457], [24.101, -0.196]]",ok,8.8108,0.0,0.0,0.0,0.0,0.0,0.0,0.0,0.0,0.0,0e8e2f64b807428ca4ed5bc33c996389,scene-0625,42
2.6426,4.6425,7.833,1.7128,2.8384,4.3945,0.0,0.0,0.0,0.0,0.0,0.0,0.0,0.0,0.0,ok,straight,2.6426,4.3498,6.893,1.8556,3.5099,4.5273,False,"[-1.436, -0.5222, -1.0444, -0.9138]","[-2697.9515, -4384.2301, -15064.4238, -49088.6443]","[-2376423.5988, -2378109.8774, -2388790.0711, -2422814.2916]","[4.434, 4.658, 5.424, 4.392]","[[[2.5437, 0.0], [5.399, -0.1305], [5.8273, -0.1958], [11.3952, -0.4569], [14.536, -1.3055], [16.5347, -2.8721]], [[2.5437, 0.0], [5.399, -0.1305], [5.8273, -0.1958], [11.3952, -0.4569], [12.5373, -0.7833], [16.2492, -1.0444]], [[2.5437, 0.0], [5.399, -0.1305], [5.8273, -0.1958], [11.3952, -0.4569], [8.5399, -1.0444], [15.9636, -2.0888]], [[2.5437, 0.0], [5.399, -0.1305], [5.8273, -0.1958], [11.3952, -0.4569], [28.8125, -0.3916], [21.1032, -1.8277]]]",0.4149,0.0,0.0,0.0,0.0,0.0,0.0,False,"[4, 4, 4]",0.0,0.0,0.0,4.3925,4.0,2.6426,4.3498,3.0448,1.8556,3.5099,4.3925,"[[2.544, 0.0], [5.399, -0.131], [5.827, -0.196], [11.395, -0.457], [13.537, -0.914], [16.392, -1.958]]",ok,5.4241,0.0,0.0,0.0,0.0,0.0,0.0,0.0,0.0,0.0,30d93e4625f74b07a9966a5f8e9efa9e,scene-0625,42
2.4746,4.8249,5.919,1.8058,2.8964,3.9557,0.0,0.0,0.0,0.0,0.0,0.0,0.0,0.0,0.0,ok,straight,1.9016,4.753,6.9251,1.448,2.5536,3.9007,True,"[-1.8277, -1.7624, -2.4804, -0.9138]","[-151.9628, -1452.363, -4696.7967, -44818.1359]","[-815031.8042, -1816484.7005, -1819729.1342, -1859850.4735]","[3.727, 3.739, 4.407, 4.339]","[[[2.972, -0.1305], [5.9701, -0.1958], [9.1109, -0.6527], [11.1096, -1.3708], [13.6794, -2.4804], [18.2479, -3.6554]], [[2.972, -0.1305], [5.9701, -0.1958], [9.1109, -0.6527], [11.1096, -1.3708], [15.6781, -2.2193], [15.9636, -3.5248]], [[2.972, -0.1305], [5.9701, -0.1958], [9.1109, -0.6527], [11.1096, -1.3708], [15.3926, -6.1358], [15.107, -4.9609]], [[2.972, -0.1305], [5.9701, -0.1958], [9.1109, -0.6527], [11.1096, -1.3708], [12.5373, -13.055], [22.2453, -1.8277]]]",0.3208,0.0,0.0,0.0,0.0,0.0,0.0,False,"[4, 4, 4]",0.0,0.0,0.0,3.7272,4.0,1.9016,4.753,5.919,1.448,2.5536,3.7272,"[[2.972, -0.131], [5.97, -0.196], [9.111, -0.653], [11.11, -1.371], [14.536, -4.308], [17.106, -3.59]]",ok,4.4071,0.0,0.0,0.0,0.0,0.0,0.0,0.0,0.0,0.0,57f23d2f55e6455696c6d3cc70a4f501,scene-0626,42
0.2873,1.7547,2.3671,0.2877,0.723,1.2065,0.0,0.0,0.0,0.0,0.0,0.0,0.0,0.0,0.0,ok,straight,0.5758,1.7614,1.9408,0.3059,0.6235,0.7775,True,"[-0.1305, -0.1958, -0.0, -0.5222]","[-816.8065, -4685.3712, -9742.1216, -116575.1504]","[-881796.9697, -1886483.4292, -1891540.1796, -1998373.2084]","[0.998, 1.924, 1.675, 9.238]","[[[3.4003, 0.0], [6.2556, -0.0653], [10.253, -0.0653], [12.2517, -0.0653], [16.2492, -0.2611], [18.2479, -0.2611]], [[3.4003, 0.0], [6.2556, -0.0653], [10.253, -0.0653], [12.2517, -0.0653], [14.536, -0.5222], [26.8138, -0.3916]], [[3.4003, 0.0], [6.2556, -0.0653], [10.253, -0.0653], [12.2517, -0.0653], [19.39, -0.1305], [15.107, 0.0]], [[3.4003, 0.0], [6.2556, -0.0653], [10.253, -0.0653], [12.2517, -0.0653], [18.2479, 3.3943], [69.6432, -1.0444]]]",3.3538,0.0,0.0,0.0,0.0,0.0,0.0,False,"[4, 4, 4]",0.0,0.0,0.0,0.9979,4.0,0.5758,1.7614,2.3671,0.3059,0.6235,0.9979,"[[3.4, 0.0], [6.256, -0.065], [10.253, -0.065], [12.252, -0.065], [17.249, -0.196], [22.531, -0.326]]",ok,9.2379,0.0,0.0,0.0,0.0,0.0,0.0,0.0,0.0,0.0,bbf1d23e80b84da798c56cbac090f7d9,scene-0626,42
2.1902,4.3739,7.7383,1.5635,2.7017,4.0809,0.0,0.0,0.0,0.0,0.0,0.0,0.0,0.0,0.0,ok,straight,2.3329,5.3725,6.5965,1.7776,2.917,4.0831,False,"[-0.2611, -0.1305, -0.1305, -0.4569]","[-505.3929, -1518.0561, -4322.3579, -181592.4266]","[-1016210.5179, -2017729.0497, -2020533.3515, -2197803.4202]","[4.656, 3.987, 3.796, 7.938]","[[[3.4003, 0.0], [6.6839, -0.1305], [8.8254, 0.0], [13.2511, -0.1305], [16.5347, 0.1305], [19.1045, -0.5222]], [[3.4003, 0.0], [6.6839, -0.1305], [8.8254, 0.0], [13.2511, -0.1305], [14.2505, -0.2611], [17.3913, -0.2611]], [[3.4003, 0.0], [6.6839, -0.1305], [8.8254, 0.0], [13.2511, -0.1305], [12.2517, 0.1305], [2.2582, -0.2611]], [[3.4003, 0.0], [6.6839, -0.1305], [8.8254, 0.0], [13.2511, -0.1305], [39.0915, -0.6527], [16.2492, -0.9138]]]",1.6724,0.0,0.0,0.0,0.0,0.0,0.0,True,"[4, 4, 4]",0.0,0.0,0.0,3.7958,4.0,2.3329,5.3725,7.9729,1.7776,2.917,3.7958,"[[3.4, 0.0], [6.684, -0.131], [8.825, 0.0], [13.251, -0.131], [15.393, -0.065], [16.82, -0.392]]",ok,7.9376,0.0,0.0,0.0,0.0,0.0,0.0,0.0,0.0,0.0,5fd5c3f8e4c54137a3bbb794ae4dc9e7,scene-0626,42
3.2748,4.685,3.6711,2.1597,3.2577,3.5001,0.0,0.0,0.0,0.0,0.0,0.0,0.0,0.0,0.0,ok,straight,4.1313,4.6848,4.2418,2.588,3.7217,3.9837,False,"[-0.0, -0.1305, -0.1305, -0.0]","[-393.3874, -570.7399, -12348.1404, -92459.0249]","[-751130.2628, -751132.2674, -1763480.0813, -1843590.9658]","[3.952, 4.003, 6.152, 6.061]","[[[1.1161, 0.0], [4.5424, 0.0], [6.1129, 0.0], [6.8267, -0.0653], [7.6833, 0.0], [9.1109, 0.0]], [[1.1161, 0.0], [4.5424, 0.0], [6.1129, 0.0], [6.8267, -0.0653], [8.5399, -0.1305], [8.5399, 0.2611]], [[1.1161, 0.0], [4.5424, 0.0], [6.1129, 0.0], [6.8267, -0.0653], [15.6781, 1.1749], [14.2505, -0.2611]], [[1.1161, 0.0], [4.5424, 0.0], [6.1129, 0.0], [6.8267, -0.0653], [5.9701, 16.5798], [-0.026, 0.0]]]",1.0651,0.0,0.0,0.0,0.0,0.0,0.0,True,"[4, 4, 4]",0.0,0.0,0.0,3.9521,4.0,4.1313,4.6848,4.5272,2.588,3.7217,3.9521,"[[1.116, 0.0], [4.542, 0.0], [6.113, 0.0], [6.827, -0.065], [8.112, 0.587], [8.825, 0.0]]",ok,6.1516,0.0,0.0,1.0,0.0,0.0,1.0,0.0,0.0,0.3333333333333333,bc35cb43c7de4fd3ab2355a9cc632ef9,scene-0626,42
1.0016,2.421,1.5509,0.7561,1.4244,1.5185,0.0,0.0,0.0,0.0,0.0,0.0,0.0,0.0,0.0,ok,straight,0.8627,1.4433,1.3972,0.8281,0.918,1.1212,True,"[-0.0653, -0.3264, -0.0653, -0.0653]","[-319.0219, -406.6309, -7644.7372, -7735.3502]","[-1014385.9678, -1014388.3011, -2022032.2942, -2022122.9073]","[1.312, 1.122, 1.706, 2.002]","[[[1.9727, 0.0], [4.6852, 0.0], [7.6833, -0.3916], [9.5392, -0.1958], [11.1096, -0.1305], [15.3926, -0.1305]], [[1.9727, 0.0], [4.6852, 0.0], [7.6833, -0.3916], [9.5392, -0.1958], [12.8228, -0.6527], [15.3926, 0.6527]], [[1.9727, 0.0], [4.6852, 0.0], [7.6833, -0.3916], [9.5392, -0.1958], [17.3913, -2.7415], [18.5334, -0.1305]], [[1.9727, 0.0], [4.6852, 0.0], [7.6833, -0.3916], [9.5392, -0.1958], [8.8254, -1.0444], [19.6755, 0.1305]]]",0.3418,0.0,0.0,0.0,0.0,0.0,0.0,True,"[4, 4, 4]",0.0,0.0,0.0,1.1225,4.0,0.8627,1.4433,2.1986,0.8281,0.918,1.1225,"[[1.973, 0.0], [4.685, 0.0], [7.683, -0.392], [9.539, -0.196], [11.966, -0.849], [16.963, 0.0]]",ok,2.0022,0.0,0.0,0.0,0.0,0.0,0.0,0.0,0.0,0.0,0fae8aae30d44b4faf7a9854eac4bc09,scene-0627,42
0.2831,0.5956,1.068,0.2353,0.3851,0.6307,0.0,0.0,0.0,0.0,0.0,0.0,0.0,0.0,0.0,ok,left,0.2244,0.5956,1.1937,0.2131,0.335,0.7605,False,"[0.8486, 1.3708, 1.893, 1.3055]","[-540.1186, -1573.5597, -5119.8592, -78844.4965]","[-1093851.5514, -2095424.3781, -2098970.6776, -2172695.3149]","[0.597, 0.679, 1.222, 3.37]","[[[3.1148, 0.0653], [5.9701, 0.3264], [7.9688, 1.0444], [11.1096, 0.7833], [15.3926, 1.6971], [17.3913, 1.6971]], [[3.1148, 0.0653], [5.9701, 0.3264], [7.9688, 1.0444], [11.1096, 0.7833], [16.8202, 1.5666], [17.9623, 2.7415]], [[3.1148, 0.0653], [5.9701, 0.3264], [7.9688, 1.0444], [11.1096, 0.7833], [17.6768, 0.3916], [15.9636, 3.7859]], [[3.1148, 0.0653], [5.9701, 0.3264], [7.9688, 1.0444], [11.1096, 0.7833], [15.6781, 16.5798], [13.6794, 2.611]]]",1.1245,0.0,0.0,0.0,0.0,0.0,0.0,False,"[4, 4, 4]",0.0,0.0,0.0,0.5974,4.0,0.2244,0.5956,1.068,0.2131,0.335,0.5974,"[[3.115, 0.065], [5.97, 0.326], [7.969, 1.044], [11.11, 0.783], [16.249, 1.632], [16.677, 2.676]]",ok,3.3697,0.0,0.0,0.0,0.0,0.0,0.0,0.0,0.0,0.0,1141ac734ae0422e9e79ea579d05aef2,scene-0627,42
0.8988,2.4028,2.0465,0.4756,1.2185,1.5622,0.0,0.0,0.0,0.0,0.0,0.0,0.0,0.0,0.0,ok,straight,0.6146,0.161,2.8999,0.5754,0.3886,1.0097,True,"[-0.0653, -0.718, -0.1305, -0.0653]","[-829.9029, -318.1472, -1923.1889, -4017.4578]","[-815406.9175, -815408.9349, -1817331.4239, -1819425.6928]","[1.199, 0.689, 1.092, 1.818]","[[[4.2569, -0.0653], [6.8267, 0.0], [10.9669, -0.0653], [15.107, -0.0653], [16.2492, -0.1305], [18.8189, -0.1305]], [[4.2569, -0.0653], [6.8267, 0.0], [10.9669, -0.0653], [15.107, -0.0653], [17.9623, -0.1305], [20.5321, -1.436]], [[4.2569, -0.0653], [6.8267, 0.0], [10.9669, -0.0653], [15.107, -0.0653], [19.39, 1.9582], [19.39, 0.2611]], [[4.2569, -0.0653], [6.8267, 0.0], [10.9669, -0.0653], [15.107, -0.0653], [13.6794, 0.0], [17.6768, -0.1305]]]",0.4045,0.0,0.0,0.0,0.0,0.0,0.0,True,"[4, 4, 4]",0.0,0.0,0.0,0.6887,4.0,0.6146,0.161,1.831,0.5754,0.3886,0.6887,"[[4.257, -0.065], [6.827, 0.0], [10.967, -0.065], [15.107, -0.065], [17.106, -0.065], [19.104, -0.131]]",ok,1.8175,0.0,0.0,0.0,0.0,0.0,0.0,0.0,0.0,0.0,101a617fba0a4c7a91073b49b9b6752f,scene-0627,42
0.8044,1.5237,2.0074,0.562,0.898,1.267,0.0,0.0,0.0,0.0,0.0,0.0,0.0,0.0,0.0,ok,right,0.6635,0.1955,2.0638,0.3599,0.4204,0.887,True,"[1.2402, 2.0888, 2.7415, 1.9582]","[-658.9907, -4969.2535, -35461.7992, -121630.9308]","[-1017415.9033, -2022384.541, -2052877.0867, -2139046.2183]","[0.96, 1.182, 3.027, 4.071]","[[[2.5437, -0.1305], [4.6852, -0.2611], [8.2543, -1.5013], [10.6813, -1.7624], [11.1096, -1.9582], [13.6794, -2.4804]], [[2.5437, -0.1305], [4.6852, -0.2611], [8.2543, -1.5013], [10.6813, -1.7624], [17.1058, -2.2193], [15.6781, -4.1776]], [[2.5437, -0.1305], [4.6852, -0.2611], [8.2543, -1.5013], [10.6813, -1.7624], [5.6846, -1.436], [23.6729, -5.4831]], [[2.5437, -0.1305], [4.6852, -0.2611], [8.2543, -1.5013], [10.6813, -1.7624], [13.1083, 16.5798], [17.6768, -3.9165]]]",1.2953,0.0,0.0,0.0,0.0,0.0,0.0,False,"[4, 4, 4]",0.0,0.0,0.0,0.96,4.0,0.6635,0.1955,2.0074,0.3599,0.4204,0.96,"[[2.544, -0.131], [4.685, -0.261], [8.254, -1.501], [10.681, -1.762], [12.109, -1.697], [16.677, -4.047]]",ok,4.0712,0.0,0.0,0.0,0.0,0.0,0.0,0.0,0.0,0.0,5b3ffd92b67b4a48b283d63736298bae,scene-0627,42
0.1712,0.1078,0.3059,0.1473,0.2624,0.3247,0.0,0.0,0.0,0.0,0.0,0.0,0.0,0.0,0.0,ok,straight,0.2629,0.5365,24.0021,0.1932,0.5704,4.5033,False,"[-0.1305, -0.2611, -0.1305, -0.1305]","[-293.3973, -314.8545, -113056.8217, -116481.3135]","[-1080148.0359, -1080150.3456, -2193206.4348, -2196630.9267]","[0.53, 0.533, 8.525, 8.499]","[[[3.6858, 0.0], [7.826, 0.0], [12.68, -0.0653], [15.5353, -0.0653], [19.1045, -0.1305], [22.2453, -0.2611]], [[3.6858, 0.0], [7.826, 0.0], [12.68, -0.0653], [15.5353, -0.0653], [19.1045, 0.0], [21.9598, -0.5222]], [[3.6858, 0.0], [7.826, 0.0], [12.68, -0.0653], [15.5353, -0.0653], [19.6755, -0.2611], [69.6432, -0.2611]], [[3.6858, 0.0], [7.826, 0.0], [12.68, -0.0653], [15.5353, -0.0653], [19.39, -0.6527], [69.6432, -0.2611]]]",3.9903,0.0,0.0,0.0,0.0,0.0,0.0,False,"[4, 4, 4]",0.0,0.0,0.0,0.53,4.0,0.2629,0.5365,0.3059,0.1932,0.5704,0.53,"[[3.686, 0.0], [7.826, 0.0], [12.68, -0.065], [15.535, -0.065], [19.247, -0.196], [45.944, -0.261]]",ok,8.5251,0.0,0.0,0.0,0.0,0.0,0.0,0.0,0.0,0.0,14384b3ce9d243ce827bf0c1598dd35f,scene-0629,42
1.435,4.9511,9.3198,1.0284,2.6059,4.5364,0.0,0.0,0.0,0.0,0.0,0.0,0.0,0.0,0.0,ok,straight,2.4321,4.643,9.8823,1.3843,2.7838,4.8786,False,"[-0.718, -1.1097, -1.436, -1.1097]","[-452.8568, -198.8593, -7383.4505, -104915.134]","[-1562925.5928, -1562927.1266, -2570311.145, -2667842.8285]","[4.659, 3.878, 5.38, 7.204]","[[[1.9727, 0.0], [5.2563, -0.0653], [7.1122, -0.5222], [8.2543, -0.5875], [11.1096, -1.436], [13.1083, -1.436]], [[1.9727, 0.0], [5.2563, -0.0653], [7.1122, -0.5222], [8.2543, -0.5875], [9.1109, -0.7833], [10.253, -2.2193]], [[1.9727, 0.0], [5.2563, -0.0653], [7.1122, -0.5222], [8.2543, -0.5875], [14.2505, 1.8277], [13.9649, -2.8721]], [[1.9727, 0.0], [5.2563, -0.0653], [7.1122, -0.5222], [8.2543, -0.5875], [12.8228, 16.5798], [16.8202, -2.2193]]]",1.2312,0.0,0.0,0.0,0.0,0.0,0.0,False,"[4, 4, 4]",0.0,0.0,0.0,3.8783,4.0,2.4321,4.643,6.7129,1.3843,2.7838,3.8783,"[[1.973, 0.0], [5.256, -0.065], [7.112, -0.522], [8.254, -0.587], [11.966, 0.522], [13.537, -2.219]]",ok,7.2042,0.0,0.0,0.0,0.0,0.0,0.0,0.0,0.0,0.0,35e0ba93fe9d48f386b97d62bd78fbf7,scene-0629,42
0.9677,2.8234,3.3288,0.8945,1.7778,2.1688,0.0,0.0,0.0,0.0,0.0,0.0,0.0,0.0,0.0,ok,right,0.4059,1.856,2.8785,0.4715,1.3698,2.0409,True,"[2.611, 2.4152, 1.8277, -8.2899]","[-937.8612, -1251.9359, -5880.3658, -51400.5374]","[-502785.2352, -502785.2927, -1508666.906, -1554187.0776]","[1.861, 1.656, 2.244, 5.505]","[[[2.5437, -0.1305], [4.5424, -0.4569], [8.5399, -1.893], [10.1103, -2.2846], [12.8228, -3.6554], [16.2492, -5.222]], [[2.5437, -0.1305], [4.5424, -0.4569], [8.5399, -1.893], [10.1103, -2.2846], [11.1096, -4.5692], [13.3939, -4.8303]], [[2.5437, -0.1305], [4.5424, -0.4569], [8.5399, -1.893], [10.1103, -2.2846], [15.9636, -0.2611], [16.5347, -3.6554]], [[2.5437, -0.1305], [4.5424, -0.4569], [8.5399, -1.893], [10.1103, -2.2846], [17.3913, -6.658], [16.8202, 16.5798]]]",1.5664,0.0,0.0,0.0,0.0,0.0,0.0,False,"[4, 4, 4]",0.0,0.0,0.0,1.6559,4.0,0.4059,1.856,1.9378,0.4715,1.3698,1.6559,"[[2.544, -0.131], [4.542, -0.457], [8.54, -1.893], [10.11, -2.285], [14.393, -4.112], [16.392, -4.243]]",ok,5.5048,0.0,0.0,0.0,0.0,0.0,0.0,0.0,0.0,0.0,733995d097654865a7bea928efe971af,scene-0629,42
0.8082,0.9725,3.4045,0.4313,0.7125,1.3626,0.0,0.0,0.0,0.0,0.0,0.0,0.0,0.0,0.0,ok,left,0.2244,7.6753,1.835,0.1853,2.1717,2.0037,False,"[8.2899, 0.718, 0.8486, -8.2899]","[-7188.2963, -28702.5855, -29686.1956, -35438.1863]","[-2505587.9085, -2527102.1978, -2528085.8079, -2533837.7985]","[6.383, 2.211, 2.022, 5.569]","[[[3.5431, -0.0653], [7.5405, 0.3264], [11.8235, 0.7833], [14.1077, 8.6816], [18.2479, 16.5798], [19.1045, 16.5798]], [[3.5431, -0.0653], [7.5405, 0.3264], [11.8235, 0.7833], [14.1077, 8.6816], [16.8202, 1.1749], [21.3887, 1.436]], [[3.5431, -0.0653], [7.5405, 0.3264], [11.8235, 0.7833], [14.1077, 8.6816], [17.3913, 1.0444], [21.9598, 1.6971]], [[3.5431, -0.0653], [7.5405, 0.3264], [11.8235, 0.7833], [14.1077, 8.6816], [24.5295, 0.2611], [25.6716, -16.5798]]]",1.9522,0.0,0.0,0.0,0.0,0.0,0.0,False,"[4, 4, 4]",0.0,0.0,0.0,2.0216,4.0,0.2244,7.6753,1.5221,0.1853,2.1717,2.0216,"[[3.543, -0.065], [7.541, 0.326], [11.823, 0.783], [14.108, 8.682], [17.82, 1.11], [21.674, 1.567]]",ok,6.3826,0.0,0.0,0.0,0.0,0.0,0.0,0.0,0.0,0.0,b082d53392614131a91fedb0a2b2e1ab,scene-0629,42
1.2906,2.7072,2.9777,1.0661,1.8017,2.2055,0.0,0.0,0.0,0.0,0.0,0.0,0.0,0.0,0.0,ok,straight,1.0056,3.4194,30.5775,0.7809,1.5167,6.1461,False,"[-0.0653, -0.4569, -0.0653, -0.1305]","[-880.9285, -39031.4113, -57399.1427, -74689.1641]","[-1804924.7544, -2843958.4069, -2862326.1383, -2879616.1597]","[2.016, 4.74, 9.67, 9.241]","[[[3.4003, 0.0], [6.8267, 0.0], [10.6813, -0.0653], [12.109, -0.2611], [16.2492, -0.1305], [19.9611, -0.1305]], [[3.4003, 0.0], [6.8267, 0.0], [10.6813, -0.0653], [12.109, -0.2611], [11.3952, -0.7833], [37.3784, -0.9138]], [[3.4003, 0.0], [6.8267, 0.0], [10.6813, -0.0653], [12.109, -0.2611], [24.5295, 0.0], [69.6432, -0.1305]], [[3.4003, 0.0], [6.8267, 0.0], [10.6813, -0.0653], [12.109, -0.2611], [21.9598, -0.1305], [69.6432, -0.2611]]]",3.1914,0.0,0.0,0.0,0.0,0.0,0.0,False,"[4, 4, 4]",0.0,0.0,0.0,2.0155,4.0,1.0056,3.4194,2.9777,0.7809,1.5167,2.0155,"[[3.4, 0.0], [6.827, 0.0], [10.681, -0.065], [12.109, -0.261], [19.104, -0.131], [53.511, -0.196]]",ok,9.6697,0.0,0.0,0.0,0.0,0.0,0.0,0.0,0.0,0.0,6a808b09e5f34d33ba1de76cc8dab423,scene-0630,42
0.5684,1.9991,4.7924,0.6653,1.0635,1.9895,0.0,0.0,0.0,0.0,0.0,0.0,0.0,0.0,0.0,ok,straight,0.7139,3.7161,5.3584,0.8815,1.9225,3.1323,False,"[-0.0653, -0.0653, -0.2611, -0.0653]","[-537.2509, -877.3729, -1906.2179, -6992.6275]","[-1057908.6525, -1057908.7834, -2059816.2333, -2064902.643]","[3.092, 2.657, 3.231, 5.797]","[[[3.1148, -0.0653], [5.2563, -0.0653], [8.9682, -0.0653], [11.9662, -0.1305], [15.107, 0.7833], [15.9636, 0.1305]], [[3.1148, -0.0653], [5.2563, -0.0653], [8.9682, -0.0653], [11.9662, -0.1305], [12.5373, 0.0], [15.9636, -0.1305]], [[3.1148, -0.0653], [5.2563, -0.0653], [8.9682, -0.0653], [11.9662, -0.1305], [16.5347, -0.1305], [15.3926, 0.5222]], [[3.1148, -0.0653], [5.2563, -0.0653], [8.9682, -0.0653], [11.9662, -0.1305], [15.6781, 0.0], [31.6678, 0.1305]]]",1.2324,0.0,0.0,0.0,0.0,0.0,0.0,True,"[4, 4, 4]",0.0,0.0,0.0,2.6572,4.0,0.7139,3.7161,5.3629,0.8815,1.9225,2.6572,"[[3.115, -0.065], [5.256, -0.065], [8.968, -0.065], [11.966, -0.131], [15.393, 0.0], [15.964, 0.131]]",ok,5.7972,0.0,0.0,0.0,0.0,0.0,0.0,0.0,0.0,0.0,a38d06e080204b9c9c0b805375c8d6f9,scene-0630,42
1.0027,1.7718,5.6717,0.9752,1.3955,2.4651,0.0,0.0,0.0,0.0,0.0,0.0,0.0,0.0,0.0,ok,straight,1.273,2.875,4.0229,1.0364,1.5623,2.0854,True,"[-2.7415, -3.0679, -0.5222, -8.2899]","[-568.9199, -5921.0572, -9706.1253, -43366.1422]","[-1072542.8396, -2078465.0721, -2082250.1402, -2115910.1571]","[2.668, 2.483, 2.624, 4.924]","[[[2.6865, -0.0653], [5.6846, -0.1958], [8.1116, -0.5222], [11.5379, -2.0888], [13.1083, -3.1332], [16.2492, -5.4831]], [[2.6865, -0.0653], [5.6846, -0.1958], [8.1116, -0.5222], [11.5379, -2.0888], [14.2505, 0.2611], [13.9649, -6.1358]], [[2.6865, -0.0653], [5.6846, -0.1958], [8.1116, -0.5222], [11.5379, -2.0888], [13.6794, 2.4804], [22.5308, -1.0444]], [[2.6865, -0.0653], [5.6846, -0.1958], [8.1116, -0.5222], [11.5379, -2.0888], [14.536, -6.7886], [16.2492, 16.5798]]]",1.0122,0.0,0.0,0.0,0.0,0.0,0.0,True,"[4, 4, 4]",0.0,0.0,0.0,2.4826,4.0,1.273,2.875,7.036,1.0364,1.5623,2.4826,"[[2.686, -0.065], [5.685, -0.196], [8.112, -0.522], [11.538, -2.089], [13.965, -1.436], [16.249, -3.264]]",ok,4.9238,0.0,0.0,0.0,0.0,0.0,0.0,0.0,0.0,0.0,d1b23e695b0643b0a2614454fa83319b,scene-0630,42
1.5643,1.861,1.4095,1.0536,1.3693,1.552,0.0,0.0,0.0,0.0,0.0,0.0,0.0,0.0,0.0,ok,straight,2.7064,1.4438,1.0587,1.6246,1.694,1.406,True,"[-0.0653, -0.0653, -0.7833, -8.2899]","[-623.223, -4996.5537, -7130.4202, -128565.6778]","[-766694.661, -1771692.5031, -1773826.3696, -1895261.6272]","[1.769, 2.202, 2.437, 7.022]","[[[3.6858, 0.0], [8.5399, 0.0], [11.1096, -0.0653], [13.8222, -0.0653], [18.2479, 0.0], [20.8176, 0.1305]], [[3.6858, 0.0], [8.5399, 0.0], [11.1096, -0.0653], [13.8222, -0.0653], [14.536, 0.3916], [24.5295, -0.1305]], [[3.6858, 0.0], [8.5399, 0.0], [11.1096, -0.0653], [13.8222, -0.0653], [20.2466, 0.0], [16.2492, 1.5666]], [[3.6858, 0.0], [8.5399, 0.0], [11.1096, -0.0653], [13.8222, -0.0653], [-2.8813, -0.6527], [16.2492, 16.5798]]]",2.1294,0.0,0.0,0.0,0.0,0.0,0.0,True,"[4, 4, 4]",0.0,0.0,0.0,1.7685,4.0,2.7064,1.4438,1.4095,1.6246,1.694,1.7685,"[[3.686, 0.0], [8.54, 0.0], [11.11, -0.065], [13.822, -0.065], [16.392, 0.0], [18.533, 0.849]]",ok,7.0221,0.0,0.0,0.0,0.0,0.0,0.0,0.0,0.0,0.0,f311006db7884a3a844b3f10c835762b,scene-0630,42
2.013,4.1765,7.1875,1.3357,2.5488,3.9013,0.0,0.0,0.0,0.0,0.0,0.0,0.0,0.0,0.0,ok,right,1.5847,3.4129,15.8012,1.1929,2.5003,5.3974,False,"[0.1305, -0.1305, 0.5875, 0.1305]","[-2216.8191, -6113.6904, -30692.8388, -109604.2668]","[-2065348.0047, -2069244.876, -2093824.0244, -2172735.4525]","[3.869, 6.144, 6.13, 11.894]","[[[3.8286, 0.0], [6.9694, -0.1305], [11.9662, -0.1305], [13.3939, 0.1958], [18.2479, -0.1305], [21.6742, -0.2611]], [[3.8286, 0.0], [6.9694, -0.1305], [11.9662, -0.1305], [13.3939, 0.1958], [18.8189, 0.5222], [34.8086, 0.2611]], [[3.8286, 0.0], [6.9694, -0.1305], [11.9662, -0.1305], [13.3939, 0.1958], [27.6704, -0.1305], [26.2427, -1.1749]], [[3.8286, 0.0], [6.9694, -0.1305], [11.9662, -0.1305], [13.3939, 0.1958], [18.8189, -0.1305], [69.6432, -0.2611]]]",2.9685,0.0,0.0,0.0,0.0,0.0,0.0,False,"[4, 4, 4]",0.0,0.0,0.0,3.8689,4.0,1.5847,3.4129,7.1875,1.1929,2.5003,3.8689,"[[3.829, 0.0], [6.969, -0.131], [11.966, -0.131], [13.394, 0.196], [18.819, -0.131], [30.526, -0.261]]",ok,11.8945,0.0,0.0,0.0,0.0,0.0,0.0,0.0,0.0,0.0,78c80690450a4e8aba63e1f2ca27c207,scene-0632,42
0.0696,0.8747,2.0738,0.287,0.546,1.0098,0.0,0.0,0.0,0.0,0.0,0.0,0.0,0.0,0.0,ok,right,0.2554,1.9853,1.449,0.3799,0.6999,2.2534,False,"[2.2846, 0.7833, -8.2899, 0.5875]","[-726.8651, -949.1051, -66645.6679, -133198.4761]","[-1057169.3841, -2058120.2204, -2123816.7833, -2190369.5915]","[1.112, 0.911, 6.929, 3.916]","[[[3.1148, -0.1305], [5.5418, -0.7833], [7.826, -1.0444], [11.8235, -2.8721], [14.2505, -3.1332], [16.2492, -4.5692]], [[3.1148, -0.1305], [5.5418, -0.7833], [7.826, -1.0444], [11.8235, -2.8721], [13.3939, -2.4804], [13.6794, -1.5666]], [[3.1148, -0.1305], [5.5418, -0.7833], [7.826, -1.0444], [11.8235, -2.8721], [17.6768, 16.5798], [15.9636, 16.5798]], [[3.1148, -0.1305], [5.5418, -0.7833], [7.826, -1.0444], [11.8235, -2.8721], [9.3964, 16.5798], [14.8215, -1.1749]]]",2.4505,0.0,0.0,0.0,0.0,0.0,0.0,False,"[4, 4, 4]",0.0,0.0,0.0,0.9106,4.0,0.2554,1.9853,1.9317,0.3799,0.6999,0.9106,"[[3.115, -0.131], [5.542, -0.783], [7.826, -1.044], [11.823, -2.872], [13.822, 7.05], [15.393, -1.371]]",ok,6.9294,0.0,0.0,0.0,0.0,0.0,0.0,0.0,0.0,0.0,c402b98a1b4c4e868eb64a1cf05f4a50,scene-0632,42
0.2673,0.4517,2.8209,0.26,0.4887,1.1012,0.0,0.0,0.0,0.0,0.0,0.0,0.0,0.0,0.0,ok,right,0.9671,0.7489,4.1266,0.5184,0.7187,1.8719,False,"[2.7415, 3.5248, 2.8068, -8.2899]","[-630.8204, -2156.7655, -7931.1893, -88703.2363]","[-1342114.8384, -2344272.7779, -2350047.2017, -2430819.2487]","[1.255, 1.883, 1.877, 9.689]","[[[1.9727, -0.1305], [3.8286, 0.1958], [6.6839, -1.5666], [7.9688, -3.5901], [9.1109, -3.9165], [10.5386, -5.4831]], [[1.9727, -0.1305], [3.8286, 0.1958], [6.6839, -1.5666], [7.9688, -3.5901], [9.9675, -3.1332], [14.8215, -7.0497]], [[1.9727, -0.1305], [3.8286, 0.1958], [6.6839, -1.5666], [7.9688, -3.5901], [9.1109, 0.1305], [10.253, -5.6136]], [[1.9727, -0.1305], [3.8286, 0.1958], [6.6839, -1.5666], [7.9688, -3.5901], [9.682, 16.5798], [31.3822, 16.5798]]]",3.4809,0.0,0.0,0.0,0.0,0.0,0.0,False,"[4, 4, 4]",0.0,0.0,0.0,1.2545,4.0,0.9671,0.7489,2.8209,0.5184,0.7187,1.2545,"[[1.973, -0.131], [3.829, 0.196], [6.684, -1.567], [7.969, -3.59], [9.396, -1.501], [12.68, -5.548]]",ok,9.6886,0.0,0.0,0.0,0.0,0.0,0.0,0.0,0.0,0.0,c50c7d9402bb4d85b3095645d8aa258b,scene-0632,42
1.6141,2.1584,3.3975,1.2541,1.5809,1.954,0.0,0.0,0.0,0.0,0.0,0.0,0.0,0.0,0.0,ok,straight,1.7569,3.5781,4.1264,1.1114,1.7225,2.1925,False,"[-0.1958, -0.1305, -0.1958, -7.6372]","[-1615.9421, -2589.9016, -2941.7258, -19399.0276]","[-2824068.0381, -2825041.9976, -2825393.8218, -2841851.1236]","[3.142, 1.909, 2.229, 3.849]","[[[2.6865, 0.0], [4.3997, 0.0], [7.9688, -0.1305], [8.2543, 0.0], [10.253, 0.0], [9.3964, -0.3916]], [[2.6865, 0.0], [4.3997, 0.0], [7.9688, -0.1305], [8.2543, 0.0], [12.5373, -0.1305], [14.536, -0.2611]], [[2.6865, 0.0], [4.3997, 0.0], [7.9688, -0.1305], [8.2543, 0.0], [12.2517, 1.1749], [13.1083, 0.3916]], [[2.6865, 0.0], [4.3997, 0.0], [7.9688, -0.1305], [8.2543, 0.0], [14.536, -0.1305], [12.8228, -15.2743]]]",0.7643,0.0,0.0,0.0,0.0,0.0,0.0,False,"[4, 4, 4]",0.0,0.0,0.0,1.9089,4.0,1.7569,3.5781,2.5604,1.1114,1.7225,1.9089,"[[2.686, 0.0], [4.4, 0.0], [7.969, -0.131], [8.254, 0.0], [12.395, -0.065], [12.966, -0.326]]",ok,3.8491,0.0,0.0,0.0,0.0,0.0,0.0,0.0,0.0,0.0,13ade121714c46d6a028516ecb5bff60,scene-0632,42
1.0155,1.2627,0.9035,0.7771,1.0526,1.2007,0.0,0.0,0.0,0.0,0.0,0.0,0.0,0.0,0.0,ok,straight,0.4528,0.2844,2.4701,0.5668,0.5435,0.8335,True,"[-0.0653, -0.0653, -0.0653, -0.5222]","[-363.7229, -1208.9729, -2599.4456, -17226.773]","[-1549738.0482, -2550948.3208, -2552338.7934, -2566966.1208]","[1.194, 0.788, 1.789, 2.047]","[[[3.5431, 0.0], [7.9688, 0.0], [13.2511, -0.2611], [16.1064, -0.0653], [18.2479, -0.1305], [21.3887, -0.1305]], [[3.5431, 0.0], [7.9688, 0.0], [13.2511, -0.2611], [16.1064, -0.0653], [20.8176, -0.3916], [22.2453, -0.1305]], [[3.5431, 0.0], [7.9688, 0.0], [13.2511, -0.2611], [16.1064, -0.0653], [20.5321, -0.7833], [32.2388, -0.1305]], [[3.5431, 0.0], [7.9688, 0.0], [13.2511, -0.2611], [16.1064, -0.0653], [25.3861, -0.2611], [19.39, 1.0444]]]",0.4936,0.0,0.0,0.0,0.0,0.0,0.0,False,"[4, 4, 4]",0.0,0.0,0.0,0.7883,4.0,0.4528,0.2844,2.0423,0.5668,0.5435,0.7883,"[[3.543, 0.0], [7.969, 0.0], [13.251, -0.261], [16.106, -0.065], [20.675, -0.326], [21.817, -0.131]]",ok,2.0471,0.0,0.0,0.0,0.0,0.0,0.0,0.0,0.0,0.0,fe5b1b2e8aa2430e90c5c90825f9f1f2,scene-0633,42
1.0712,3.0755,2.8206,0.7841,1.6034,2.1294,0.0,0.0,0.0,0.0,0.0,0.0,0.0,0.0,0.0,ok,straight,0.784,0.2611,2.725,0.6405,0.6852,1.3113,True,"[-0.1958, -0.0653, -0.2611, -8.2899]","[-776.5028, -2737.0816, -3470.425, -808555.4074]","[-1297427.1942, -2300165.4286, -2300898.772, -3105983.7544]","[1.068, 1.707, 1.493, 11.294]","[[[3.6858, 0.0], [7.6833, -0.1305], [11.6807, -0.1305], [17.534, -0.0653], [20.5321, 0.3916], [23.9585, -0.3916]], [[3.6858, 0.0], [7.6833, -0.1305], [11.6807, -0.1305], [17.534, -0.0653], [18.2479, -0.1305], [22.2453, -0.1305]], [[3.6858, 0.0], [7.6833, -0.1305], [11.6807, -0.1305], [17.534, -0.0653], [18.2479, -0.1305], [23.6729, 0.5222]], [[3.6858, 0.0], [7.6833, -0.1305], [11.6807, -0.1305], [17.534, -0.0653], [69.6432, -0.2611], [23.3874, 16.5798]]]",4.2806,0.0,0.0,0.0,0.0,0.0,0.0,False,"[4, 4, 4]",0.0,0.0,0.0,1.0678,4.0,0.784,0.2611,2.2409,0.6405,0.6852,1.0678,"[[3.686, 0.0], [7.683, -0.131], [11.681, -0.131], [17.534, -0.065], [19.39, -0.131], [23.53, 0.196]]",ok,11.2939,0.0,0.0,0.0,0.0,0.0,0.0,0.0,0.0,0.0,d42e413c7c4d4fbdba460be4f8d01da1,scene-0633,42
0.388,0.8804,0.1833,0.2882,0.4498,0.3832,0.0,0.0,0.0,0.0,0.0,0.0,0.0,0.0,0.0,ok,straight,0.1224,0.693,1.2016,0.3687,0.4513,0.6254,False,"[-0.1305, -0.3264, -0.0653, -0.0]","[-196.7162, -701.9309, -2441.6057, -895399.2166]","[-1508575.422, -2509277.9326, -2511017.6074, -3403975.2183]","[0.384, 1.055, 1.086, 9.184]","[[[3.2576, 0.0], [7.6833, -0.1305], [11.8235, -0.0653], [15.8209, -0.1305], [18.2479, -0.1305], [21.6742, -0.2611]], [[3.2576, 0.0], [7.6833, -0.1305], [11.8235, -0.0653], [15.8209, -0.1305], [16.8202, 0.5222], [19.39, 0.6527]], [[3.2576, 0.0], [7.6833, -0.1305], [11.8235, -0.0653], [15.8209, -0.1305], [17.3913, 0.0], [25.3861, -0.1305]], [[3.2576, 0.0], [7.6833, -0.1305], [11.8235, -0.0653], [15.8209, -0.1305], [69.6432, -0.2611], [19.6755, 0.0]]]",3.6231,0.0,0.0,0.0,0.0,0.0,0.0,True,"[4, 4, 4]",0.0,0.0,0.0,0.3841,4.0,0.1224,0.693,0.1833,0.3687,0.4513,0.3841,"[[3.258, 0.0], [7.683, -0.131], [11.823, -0.065], [15.821, -0.131], [17.82, -0.065], [20.675, -0.065]]",ok,9.1838,0.0,0.0,0.0,0.0,0.0,0.0,0.0,0.0,0.0,5b360c6fe72d497185ef502483f1ac68,scene-0633,42
0.7313,1.0529,0.3928,0.5567,0.8606,0.8974,0.0,0.0,0.0,0.0,0.0,0.0,0.0,0.0,0.0,ok,straight,1.1581,1.6075,2.4084,0.9126,1.2483,1.5102,False,"[-0.0, -0.1305, -0.3916, -0.1305]","[-54.1643, -9515.7676, -20246.9134, -92037.8057]","[-505470.1371, -1514987.8904, -1525719.0362, -1597509.9285]","[1.156, 3.011, 2.559, 4.428]","[[[1.9727, 0.0], [4.1141, 0.0], [6.2556, 0.0], [8.5399, -0.1958], [10.5386, 0.0], [13.6794, 0.0]], [[1.9727, 0.0], [4.1141, 0.0], [6.2556, 0.0], [8.5399, -0.1958], [11.9662, 1.3055], [1.9727, -0.2611]], [[1.9727, 0.0], [4.1141, 0.0], [6.2556, 0.0], [8.5399, -0.1958], [2.8293, 0.0], [13.3939, 0.7833]], [[1.9727, 0.0], [4.1141, 0.0], [6.2556, 0.0], [8.5399, -0.1958], [10.8241, 16.5798], [8.8254, 0.2611]]]",1.1679,0.0,0.0,0.0,0.0,0.0,0.0,True,"[4, 4, 4]",0.0,0.0,0.0,1.1558,4.0,1.1581,1.6075,0.3928,0.9126,1.2483,1.1558,"[[1.973, 0.0], [4.114, 0.0], [6.256, 0.0], [8.54, -0.196], [10.681, 0.653], [11.11, 0.131]]",ok,4.4279,0.0,0.0,0.0,0.0,0.0,0.0,0.0,0.0,0.0,1da9c46177344f4f9ebd3d15d199b785,scene-0633,42
4.8919,9.839,12.9145,3.6623,6.1455,8.1745,0.0,0.0,0.0,0.0,0.0,0.0,0.0,0.0,0.0,ok,straight,5.6057,11.5668,11.7734,4.0192,7.2564,8.7768,False,"[-0.0653, -0.1958, -0.0653, -2.2193]","[-606.7639, -476.6907, -4753.5788, -5518.7066]","[-501381.7097, -1501859.9891, -1506136.8773, -1506902.005]","[8.867, 8.266, 9.249, 9.591]","[[[2.8293, 0.0], [6.1129, 0.0], [9.9675, 0.1958], [12.2517, 0.5222], [12.5373, 0.0], [15.3926, -0.1305]], [[2.8293, 0.0], [6.1129, 0.0], [9.9675, 0.1958], [12.2517, 0.5222], [12.8228, 1.436], [11.3952, -0.3916]], [[2.8293, 0.0], [6.1129, 0.0], [9.9675, 0.1958], [12.2517, 0.5222], [17.1058, -0.1305], [13.1083, 0.1305]], [[2.8293, 0.0], [6.1129, 0.0], [9.9675, 0.1958], [12.2517, 0.5222], [13.3939, 2.7415], [17.9623, -4.4387]]]",0.4919,0.0,0.0,0.0,0.0,0.0,0.0,True,"[4, 4, 4]",0.0,0.0,0.0,8.266,4.0,5.6057,11.5668,8.9216,4.0192,7.2564,8.266,"[[2.829, 0.0], [6.113, 0.0], [9.968, 0.196], [12.252, 0.522], [13.108, 0.718], [14.25, -0.261]]",ok,9.5915,0.0,0.0,0.0,0.0,0.0,0.0,0.0,0.0,0.0,3bb017b691c34f8f89985c0c2220ccec,scene-0634,42
2.3706,7.9168,15.9661,1.6823,3.93,7.1259,0.0,0.0,0.0,0.0,0.0,0.0,0.0,0.0,0.0,ok,left,2.4196,7.116,17.5683,1.3253,3.5073,7.1052,True,"[-3.5248, -5.3525, -8.2899, 8.2899]","[-252.4324, -527.8673, -6058.6966, -92889.5755]","[-1299478.6848, -2300006.9728, -2305537.8021, -2392368.681]","[6.844, 7.529, 8.385, 7.617]","[[[2.5437, 0.0], [3.6858, -0.8486], [6.1129, -1.6971], [7.6833, -2.7415], [9.1109, -4.5692], [9.9675, -7.0497]], [[2.5437, 0.0], [3.6858, -0.8486], [6.1129, -1.6971], [7.6833, -2.7415], [10.5386, -5.6136], [15.3926, -10.7051]], [[2.5437, 0.0], [3.6858, -0.8486], [6.1129, -1.6971], [7.6833, -2.7415], [9.3964, -4.5692], [16.5347, -16.5798]], [[2.5437, 0.0], [3.6858, -0.8486], [6.1129, -1.6971], [7.6833, -2.7415], [7.6833, 16.5798], [32.2388, 16.5798]]]",0.546,0.0,0.0,0.0,0.0,0.0,0.0,False,"[4, 4, 4]",0.0,0.0,0.0,6.8441,4.0,2.4196,7.116,15.9661,1.3253,3.5073,6.8441,"[[2.544, 0.0], [3.686, -0.849], [6.113, -1.697], [7.683, -2.742], [9.254, -4.569], [15.964, -8.877]]",ok,8.3848,0.0,0.0,0.0,0.0,0.0,0.0,0.0,0.0,0.0,93ca32c6f20745cd9d6010c66a2721c8,scene-0634,42
1.403,2.9044,3.7673,0.9405,1.6715,2.3617,0.0,0.0,0.0,0.0,0.0,0.0,0.0,0.0,0.0,ok,straight,1.403,3.7571,7.9052,1.0832,9.7365,8.3573,False,"[-0.5875, -0.0, -0.1305, -0.0653]","[-469250.3472, -476262.8357, -485564.1113, -525111.8182]","[-3834397.5002, -3841409.9888, -3850711.2644, -3890258.9713]","[8.66, 8.548, 7.738, 8.975]","[[[3.4003, 0.0], [6.5412, -0.1305], [40.5192, -0.1305], [13.3939, -0.1958], [13.1083, -0.5222], [25.1006, -1.1749]], [[3.4003, 0.0], [6.5412, -0.1305], [40.5192, -0.1305], [13.3939, -0.1958], [14.536, 0.1305], [23.1019, 0.0]], [[3.4003, 0.0], [6.5412, -0.1305], [40.5192, -0.1305], [13.3939, -0.1958], [15.3926, -0.2611], [17.3913, -0.2611]], [[3.4003, 0.0], [6.5412, -0.1305], [40.5192, -0.1305], [13.3939, -0.1958], [20.2466, -0.3916], [19.9611, -0.1305]]]",0.4562,0.0,0.0,0.0,0.0,0.0,0.0,False,"[3, 4, 4]",0.0,0.0,0.0,7.7383,4.0,1.403,3.7571,3.7673,1.0832,9.7365,7.7383,"[[3.4, 0.0], [6.541, -0.131], [40.519, -0.131], [13.394, -0.196], [14.964, -0.326], [21.531, -0.196]]",ok,8.9755,0.0,0.0,0.0,0.0,0.0,0.0,0.0,0.0,0.0,098415a9e8b7401a8f30c1425ad612eb,scene-0634,42
5.265,10.158,15.7502,3.8919,6.4681,9.1553,0.0,0.0,0.0,0.0,0.0,0.0,0.0,0.0,0.0,ok,straight,4.8368,10.7323,16.8942,3.7495,6.7546,9.9899,False,"[-0.1305, -0.6527, -0.2611, -0.0653]","[-561.9442, -3265.442, -6611.2162, -933662.5325]","[-1253884.201, -2257150.8721, -2260496.6463, -3187547.9627]","[9.346, 9.561, 10.871, 17.626]","[[[3.8286, -0.0653], [6.9694, -0.1305], [11.9662, -0.1305], [14.8215, -0.3264], [18.2479, -0.2611], [21.3887, -0.2611]], [[3.8286, -0.0653], [6.9694, -0.1305], [11.9662, -0.1305], [14.8215, -0.3264], [16.8202, -3.1332], [23.6729, -1.3055]], [[3.8286, -0.0653], [6.9694, -0.1305], [11.9662, -0.1305], [14.8215, -0.3264], [23.6729, -0.6527], [25.1006, -0.5222]], [[3.8286, -0.0653], [6.9694, -0.1305], [11.9662, -0.1305], [14.8215, -0.3264], [69.6432, -0.3916], [19.6755, -0.1305]]]",3.385,0.0,0.0,0.0,0.0,0.0,0.0,False,"[4, 4, 4]",0.0,0.0,0.0,9.3463,4.0,4.8368,10.7323,15.7502,3.7495,6.7546,9.3463,"[[3.829, -0.065], [6.969, -0.131], [11.966, -0.131], [14.822, -0.326], [20.96, -0.522], [22.531, -0.392]]",ok,17.6264,0.0,0.0,0.0,0.0,0.0,0.0,0.0,0.0,0.0,1794b5423be84d798ff953fff8307998,scene-0634,42
6.8899,13.5552,20.9975,5.1302,8.4297,11.9998,0.0,0.0,0.0,0.0,0.0,0.0,0.0,0.0,0.0,ok,straight,6.6058,13.6986,20.4265,4.9882,8.6442,12.262,False,"[-0.1305, -0.1305, -0.9138, -0.1305]","[-278.4923, -998.242, -1481.804, -920421.2836]","[-781523.363, -781523.3648, -1783006.3232, -2701945.8029]","[12.0, 12.763, 11.636, 20.709]","[[[3.6858, 0.0], [7.1122, -0.1958], [11.5379, -0.0653], [14.3932, -0.1958], [17.9623, -0.2611], [20.8176, -0.2611]], [[3.6858, 0.0], [7.1122, -0.1958], [11.5379, -0.0653], [14.3932, -0.1958], [19.9611, -0.6527], [23.3874, -0.2611]], [[3.6858, 0.0], [7.1122, -0.1958], [11.5379, -0.0653], [14.3932, -0.1958], [18.5334, -0.1305], [17.9623, 1.8277]], [[3.6858, 0.0], [7.1122, -0.1958], [11.5379, -0.0653], [14.3932, -0.1958], [69.6432, -0.3916], [21.3887, -0.2611]]]",3.7356,0.0,0.0,0.0,0.0,0.0,0.0,False,"[4, 4, 4]",0.0,0.0,0.0,11.6356,4.0,6.6058,13.6986,17.3839,4.9882,8.6442,11.6356,"[[3.686, 0.0], [7.112, -0.196], [11.538, -0.065], [14.393, -0.196], [19.247, -0.326], [21.103, -0.261]]",ok,20.7087,0.0,0.0,0.0,0.0,0.0,0.0,0.0,0.0,0.0,43f05ac397484672b9bdf86dcc0b0289,scene-0635,42
6.5424,12.8254,19.9627,4.8286,7.97,11.3494,0.0,0.0,0.0,0.0,0.0,0.0,0.0,0.0,0.0,ok,straight,6.6852,12.6827,19.8269,5.1144,8.9339,11.8987,False,"[-0.718, -0.1958, -0.0653, -0.3916]","[-4236.5317, -4675.3022, -6580.3611, -22831.7397]","[-2040250.972, -2040689.7425, -2042594.8014, -2058846.18]","[11.525, 11.992, 12.565, 12.998]","[[[3.5431, -0.0653], [6.6839, -0.1305], [12.8228, -0.1958], [12.68, -0.2611], [15.3926, -0.3916], [17.9623, -1.436]], [[3.5431, -0.0653], [6.6839, -0.1305], [12.8228, -0.1958], [12.68, -0.2611], [16.2492, -0.3916], [19.9611, -0.3916]], [[3.5431, -0.0653], [6.6839, -0.1305], [12.8228, -0.1958], [12.68, -0.2611], [14.536, -0.6527], [25.1006, -0.1305]], [[3.5431, -0.0653], [6.6839, -0.1305], [12.8228, -0.1958], [12.68, -0.2611], [22.5308, -1.1749], [19.6755, -0.7833]]]",0.5586,0.0,0.0,0.0,0.0,0.0,0.0,False,"[4, 4, 4]",0.0,0.0,0.0,11.5254,4.0,6.6852,12.6827,18.0193,5.1144,8.9339,11.5254,"[[3.543, -0.065], [6.684, -0.131], [12.823, -0.196], [12.68, -0.261], [15.821, -0.522], [19.818, -0.587]]",ok,12.998,0.0,0.0,0.0,0.0,0.0,0.0,0.0,0.0,0.0,e2da4cb3c76f4b9dacf9e63f6d10a254,scene-0635,42
6.5424,12.5379,18.2497,4.8286,7.8981,11.0156,0.0,0.0,0.0,0.0,0.0,0.0,0.0,0.0,0.0,ok,straight,7.5416,12.3947,18.3917,5.3996,8.0764,10.9202,True,"[-0.0653, -0.1305, -0.3916, -0.0653]","[-922.8621, -795.2389, -884.8956, -1941.3862]","[-1194102.2831, -1194102.495, -1194104.6272, -2196044.8533]","[11.424, 11.134, 10.233, 10.706]","[[[3.2576, 0.0], [7.5405, -0.1305], [9.1109, -0.1305], [12.3945, -0.0653], [15.6781, -0.9138], [20.5321, -0.1305]], [[3.2576, 0.0], [7.5405, -0.1305], [9.1109, -0.1305], [12.3945, -0.0653], [16.2492, -0.2611], [18.2479, -0.2611]], [[3.2576, 0.0], [7.5405, -0.1305], [9.1109, -0.1305], [12.3945, -0.0653], [13.9649, -0.2611], [15.107, -0.7833]], [[3.2576, 0.0], [7.5405, -0.1305], [9.1109, -0.1305], [12.3945, -0.0653], [13.3939, -0.1305], [18.5334, -0.1305]]]",0.4497,0.0,0.0,0.0,0.0,0.0,0.0,True,"[4, 4, 4]",0.0,0.0,0.0,10.2334,4.0,7.5416,12.3947,15.1273,5.3996,8.0764,10.2334,"[[3.258, 0.0], [7.541, -0.131], [9.111, -0.131], [12.395, -0.065], [14.822, -0.261], [18.391, -0.196]]",ok,11.4238,0.0,0.0,0.0,0.0,0.0,0.0,0.0,0.0,0.0,58470b43cd034f61b9aa7e1b5ce78221,scene-0635,42
5.9715,12.2524,18.2483,4.5432,7.6126,10.4917,0.0,0.0,0.0,0.0,0.0,0.0,0.0,0.0,0.0,ok,straight,5.6861,12.2524,18.2497,4.6146,7.6484,10.5636,False,"[-0.0653, -0.3264, -0.0653, -0.1958]","[-373.7553, -209.2316, -1522.7033, -17274.3115]","[-1647521.7757, -1647524.1649, -2649046.0051, -2664797.6132]","[10.515, 10.613, 11.945, 9.184]","[[[3.5431, 0.0], [5.6846, -0.1305], [9.1109, -0.1305], [12.2517, -0.1305], [14.2505, -0.1305], [18.2479, -0.1305]], [[3.5431, 0.0], [5.6846, -0.1305], [9.1109, -0.1305], [12.2517, -0.1305], [14.8215, -0.3916], [18.2479, -0.6527]], [[3.5431, 0.0], [5.6846, -0.1305], [9.1109, -0.1305], [12.2517, -0.1305], [18.8189, -0.6527], [22.2453, 0.1305]], [[3.5431, 0.0], [5.6846, -0.1305], [9.1109, -0.1305], [12.2517, -0.1305], [7.3977, -0.1305], [17.1058, -0.3916]]]",0.9768,0.0,0.0,0.0,0.0,0.0,0.0,True,"[4, 4, 4]",0.0,0.0,0.0,9.1838,4.0,5.6861,12.2524,17.1102,4.6146,7.6484,9.1838,"[[3.543, 0.0], [5.685, -0.131], [9.111, -0.131], [12.252, -0.131], [14.536, -0.261], [18.248, -0.261]]",ok,11.9449,0.0,0.0,0.0,0.0,0.0,0.0,0.0,0.0,0.0,4ef7c8c891a84b9eb030f12e1c07830f,scene-0635,42
0.5855,1.471,1.6189,0.5387,0.9804,1.1714,0.0,0.0,0.0,0.0,0.0,0.0,0.0,0.0,0.0,ok,straight,0.8686,1.7587,2.4754,0.8943,1.2301,1.5281,False,"[-0.0653, -0.0653, -0.1958, -4.2429]","[-56.7103, -135.6064, -2503.9084, -33292.7134]","[-296588.1093, -296588.1149, -1299093.2549, -1329882.0599]","[1.386, 1.671, 1.876, 4.376]","[[[2.6865, 0.0], [6.2556, -0.0653], [9.1109, -0.0653], [11.9662, -0.0653], [15.107, -0.1305], [18.2479, -0.1305]], [[2.6865, 0.0], [6.2556, -0.0653], [9.1109, -0.0653], [11.9662, -0.0653], [15.107, -0.1305], [16.5347, -0.1305]], [[2.6865, 0.0], [6.2556, -0.0653], [9.1109, -0.0653], [11.9662, -0.0653], [19.6755, -0.5222], [23.3874, -0.3916]], [[2.6865, 0.0], [6.2556, -0.0653], [9.1109, -0.0653], [11.9662, -0.0653], [4.828, 1.0444], [15.6781, -8.4857]]]",1.1953,0.0,0.0,0.0,0.0,0.0,0.0,True,"[4, 4, 4]",0.0,0.0,0.0,1.3864,4.0,0.8686,1.7587,1.6252,0.8943,1.2301,1.3864,"[[2.686, 0.0], [6.256, -0.065], [9.111, -0.065], [11.966, -0.065], [15.107, -0.131], [17.391, -0.261]]",ok,4.3757,0.0,0.0,0.0,0.0,0.0,0.0,0.0,0.0,0.0,3ac231a1ef4c481c9c15921cafa87307,scene-0636,42
1.2437,3.2866,7.1447,0.8401,1.6849,3.2071,0.0,0.0,0.0,0.0,0.0,0.0,0.0,0.0,0.0,ok,straight,1.5291,4.5709,10.1498,1.1254,2.1484,3.9689,False,"[-0.1305, -0.9791, -0.3916, -0.0653]","[-653.4075, -1521.6672, -4353.5702, -74073.4865]","[-873620.8147, -1875143.8319, -1877975.7349, -1947695.6512]","[3.421, 4.825, 4.384, 4.11]","[[[2.5437, 0.0], [4.828, 0.0], [6.2556, 0.0], [9.8247, -0.0653], [11.1096, -0.2611], [12.5373, -0.2611]], [[2.5437, 0.0], [4.828, 0.0], [6.2556, 0.0], [9.8247, -0.0653], [12.2517, -0.6527], [19.6755, -1.9582]], [[2.5437, 0.0], [4.828, 0.0], [6.2556, 0.0], [9.8247, -0.0653], [10.5386, 0.6527], [18.8189, -0.7833]], [[2.5437, 0.0], [4.828, 0.0], [6.2556, 0.0], [9.8247, -0.0653], [-2.8813, 0.0], [13.3939, -0.1305]]]",0.5097,0.0,0.0,0.0,0.0,0.0,0.0,False,"[4, 4, 4]",0.0,0.0,0.0,3.4209,4.0,1.5291,4.5709,6.5738,1.1254,2.1484,3.4209,"[[2.544, 0.0], [4.828, 0.0], [6.256, 0.0], [9.825, -0.065], [10.824, -0.131], [16.106, -0.522]]",ok,4.8252,0.0,0.0,0.0,0.0,0.0,0.0,0.0,0.0,0.0,a49f9ebfee6044589286b7f8e279ac18,scene-0636,42
2.6585,5.1715,6.5289,1.8328,3.0103,4.0977,0.0,0.0,1.0,0.0,0.0,1.0,0.0,0.0,0.3333333333333333,ok,right,2.6597,5.323,6.5912,2.0474,3.5113,5.2191,False,"[0.0653, 0.4569, -8.2899, 3.1332]","[-124.748, -23791.9694, -62642.0834, -123162.4366]","[-435929.9928, -1459723.3718, -1498573.4859, -1559093.839]","[4.432, 4.054, 9.634, 6.395]","[[[2.6865, 0.0], [5.1135, -0.0653], [8.2543, -0.1305], [10.1103, -0.0653], [11.9662, -0.1305], [13.1083, -0.1305]], [[2.6865, 0.0], [5.1135, -0.0653], [8.2543, -0.1305], [10.1103, -0.0653], [3.1148, -0.1305], [13.6794, -0.9138]], [[2.6865, 0.0], [5.1135, -0.0653], [8.2543, -0.1305], [10.1103, -0.0653], [7.1122, 16.5798], [22.8163, 16.5798]], [[2.6865, 0.0], [5.1135, -0.0653], [8.2543, -0.1305], [10.1103, -0.0653], [14.8215, 16.5798], [10.253, -6.2664]]]",2.2105,0.0,0.0,1.0,0.0,0.0,1.0,False,"[4, 4, 4]",0.0,0.0,0.16666666666666666,4.054,4.0,2.6597,5.323,6.6881,2.0474,3.5113,4.054,"[[2.686, 0.0], [5.113, -0.065], [8.254, -0.131], [10.11, -0.065], [9.539, 8.225], [13.394, -0.522]]",ok,9.6344,0.0,1.0,0.0,0.0,1.0,1.0,0.0,0.25,0.3333333333333333,60f69450e83440ca822610054f48e17e,scene-0636,42
0.4758,0.1952,0.4109,0.4121,0.2936,0.3668,0.0,0.0,0.0,0.0,0.0,0.0,0.0,0.0,0.0,ok,straight,0.9058,1.7526,1.3591,0.8402,1.2507,1.3489,False,"[-0.0653, -0.4569, -1.3708, -0.2611]","[-2902.721, -3667.3428, -10085.9188, -14545.4621]","[-2229636.4424, -2230401.0642, -2236819.6402, -2241279.1835]","[1.154, 1.624, 1.67, 1.977]","[[[4.6852, 0.0], [8.9682, -0.0653], [13.9649, -0.0653], [15.107, -0.1958], [20.8176, -0.1305], [24.5295, -0.1305]], [[4.6852, 0.0], [8.9682, -0.0653], [13.9649, -0.0653], [15.107, -0.1958], [22.2453, 0.1305], [29.3835, -0.9138]], [[4.6852, 0.0], [8.9682, -0.0653], [13.9649, -0.0653], [15.107, -0.1958], [23.6729, 0.1305], [24.244, -2.7415]], [[4.6852, 0.0], [8.9682, -0.0653], [13.9649, -0.0653], [15.107, -0.1958], [24.244, 0.5222], [21.9598, -0.5222]]]",0.2943,0.0,0.0,0.0,0.0,0.0,0.0,False,"[4, 4, 4]",0.0,0.0,0.0,1.1537,4.0,0.9058,1.7526,1.3038,0.8402,1.2507,1.1537,"[[4.685, 0.0], [8.968, -0.065], [13.965, -0.065], [15.107, -0.196], [22.959, 0.131], [24.387, -0.718]]",ok,1.9765,0.0,0.0,0.0,0.0,0.0,0.0,0.0,0.0,0.0,fb6bf332e9484f7380161edeeee03af9,scene-0636,42
3.2666,5.2191,8.8432,2.108,3.5601,5.1577,0.0,0.0,0.0,0.0,0.0,0.0,0.0,0.0,0.0,ok,straight,2.6956,6.3614,7.4276,1.6798,3.6315,4.8266,True,"[-0.1305, -1.3708, -0.1958, -0.3916]","[-62.9178, -677.4151, -13270.4156, -497744.1772]","[-251289.618, -251292.105, -1264561.4168, -1749035.1784]","[5.158, 4.574, 6.396, 8.54]","[[[3.4003, 0.0], [5.399, 0.0], [7.3977, -0.0653], [9.9675, -0.0653], [12.8228, -0.1305], [16.8202, -0.2611]], [[3.4003, 0.0], [5.399, 0.0], [7.3977, -0.0653], [9.9675, -0.0653], [15.107, -0.2611], [18.5334, -2.7415]], [[3.4003, 0.0], [5.399, 0.0], [7.3977, -0.0653], [9.9675, -0.0653], [6.2556, 0.0], [15.9636, -0.3916]], [[3.4003, 0.0], [5.399, 0.0], [7.3977, -0.0653], [9.9675, -0.0653], [52.797, -0.6527], [20.2466, -0.7833]]]",1.5201,0.0,0.0,0.0,0.0,0.0,0.0,True,"[4, 4, 4]",0.0,0.0,0.0,4.5737,4.0,2.6956,6.3614,7.0508,1.6798,3.6315,4.5737,"[[3.4, 0.0], [5.399, 0.0], [7.398, -0.065], [9.968, -0.065], [13.965, -0.196], [17.677, -0.587]]",ok,8.5404,0.0,0.0,0.0,0.0,0.0,0.0,0.0,0.0,0.0,8b77b8e2cbf144bea91f4c1856b05a7c,scene-0637,42
1.8941,4.2414,5.9669,1.5067,2.5694,3.5827,0.0,0.0,0.0,0.0,0.0,0.0,0.0,0.0,0.0,ok,straight,1.4661,11.4629,7.6811,1.2927,3.6969,4.4538,False,"[-0.3264, -0.0653, -0.1305, -0.1958]","[-61463.8718, -78813.2977, -96194.2893, -101676.9852]","[-2568607.3147, -2585956.7406, -2603337.7322, -2608820.4281]","[4.194, 4.193, 4.525, 4.86]","[[[3.1148, -0.0653], [6.9694, -0.1305], [11.9662, -0.1305], [28.5269, -0.0653], [20.2466, -0.1305], [16.8202, -0.6527]], [[3.1148, -0.0653], [6.9694, -0.1305], [11.9662, -0.1305], [28.5269, -0.0653], [18.2479, -0.3916], [18.8189, -0.1305]], [[3.1148, -0.0653], [6.9694, -0.1305], [11.9662, -0.1305], [28.5269, -0.0653], [16.2492, -0.1305], [18.8189, -0.2611]], [[3.1148, -0.0653], [6.9694, -0.1305], [11.9662, -0.1305], [28.5269, -0.0653], [15.3926, -0.5222], [17.6768, -0.3916]]]",0.2763,0.0,0.0,0.0,0.0,0.0,0.0,False,"[4, 4, 4]",0.0,0.0,0.0,4.1931,4.0,1.4661,11.4629,7.1079,1.2927,3.6969,4.1931,"[[3.115, -0.065], [6.969, -0.131], [11.966, -0.131], [28.527, -0.065], [17.249, -0.261], [18.248, -0.326]]",ok,4.8603,0.0,0.0,0.0,0.0,0.0,0.0,0.0,0.0,0.0,e5313f353c1340288bc407c3f52f5226,scene-0637,42
0.5435,1.3129,0.9762,0.3707,0.78,1.2576,0.0,0.0,0.0,0.0,0.0,0.0,0.0,0.0,0.0,ok,straight,0.6814,0.7418,2.4018,0.795,0.7796,0.9738,True,"[-0.1305, -0.1305, -3.329, -1.3055]","[-827.109, -2092.9277, -2326.9617, -3239.2991]","[-2013070.0264, -2014335.8452, -2014569.8791, -2015482.2165]","[1.115, 1.399, 1.73, 1.57]","[[[3.5431, 0.0], [8.3971, -0.0653], [12.8228, -0.1958], [17.3913, -0.1305], [19.9611, -0.1305], [25.9572, -0.2611]], [[3.5431, 0.0], [8.3971, -0.0653], [12.8228, -0.1958], [17.3913, -0.1305], [23.1019, -0.3916], [22.2453, -0.2611]], [[3.5431, 0.0], [8.3971, -0.0653], [12.8228, -0.1958], [17.3913, -0.1305], [21.9598, 0.1305], [25.6716, -6.658]], [[3.5431, 0.0], [8.3971, -0.0653], [12.8228, -0.1958], [17.3913, -0.1305], [22.5308, -1.9582], [23.3874, 2.611]]]",0.228,0.0,0.0,0.0,0.0,0.0,0.0,True,"[4, 4, 4]",0.0,0.0,0.0,1.1146,4.0,0.6814,0.7418,0.9762,0.795,0.7796,1.1146,"[[3.543, 0.0], [8.397, -0.065], [12.823, -0.196], [17.391, -0.131], [22.245, -0.261], [24.53, -0.261]]",ok,1.7302,0.0,0.0,0.0,0.0,0.0,0.0,0.0,0.0,0.0,3cc7d2152d6042708f0935f99552e0d8,scene-0637,42
0.0606,1.8567,5.608,0.1067,1.033,2.1492,0.0,0.0,0.0,0.0,0.0,0.0,0.0,0.0,0.0,ok,straight,0.0606,1.9994,5.8935,0.2488,1.1397,2.4107,False,"[-0.0653, -0.0653, -0.0653, -0.0653]","[-457.5268, -837.643, -5391.4946, -14033.964]","[-601623.105, -1602461.6116, -1607015.4633, -1615657.9327]","[2.22, 3.077, 2.017, 3.458]","[[[3.4003, 0.0], [7.3977, 0.0], [12.5373, -0.1305], [15.2498, -0.1305], [18.8189, -0.1305], [23.3874, -0.1305]], [[3.4003, 0.0], [7.3977, 0.0], [12.5373, -0.1305], [15.2498, -0.1305], [19.6755, -0.1305], [27.6704, -0.1305]], [[3.4003, 0.0], [7.3977, 0.0], [12.5373, -0.1305], [15.2498, -0.1305], [19.6755, 0.0], [14.2505, -0.1305]], [[3.4003, 0.0], [7.3977, 0.0], [12.5373, -0.1305], [15.2498, -0.1305], [25.6716, 0.1305], [23.9585, -0.1305]]]",0.5944,0.0,0.0,0.0,0.0,0.0,0.0,True,"[3, 4, 4]",0.0,0.0,0.0,2.017,4.0,0.0606,1.9994,3.5291,0.2488,1.1397,2.017,"[[3.4, 0.0], [7.398, 0.0], [12.537, -0.131], [15.25, -0.131], [19.676, -0.065], [23.673, -0.131]]",ok,3.4582,0.0,0.0,0.0,0.0,0.0,0.0,0.0,0.0,0.0,cc92df0799e44da89bfb8d8434f954ed,scene-0637,42
1.5912,3.6058,4.5175,1.3346,2.2329,3.0798,0.0,0.0,0.0,0.0,0.0,0.0,0.0,0.0,0.0,ok,straight,1.8767,4.4634,7.9458,1.1919,2.2688,3.963,False,"[-0.0, -0.9791, -0.1958, -0.3264]","[-445.3461, -2237.3483, -5549.9022, -1106364.1146]","[-250351.1288, -1252590.0807, -1255902.6346, -2356716.847]","[3.056, 4.287, 3.26, 13.802]","[[[2.2582, 0.0], [5.399, 0.0], [7.255, 0.0], [10.8241, 0.0653], [12.8228, 0.0], [14.2505, 0.0]], [[2.2582, 0.0], [5.399, 0.0], [7.255, 0.0], [10.8241, 0.0653], [16.8202, 0.2611], [17.3913, -1.9582]], [[2.2582, 0.0], [5.399, 0.0], [7.255, 0.0], [10.8241, 0.0653], [10.253, 0.5222], [17.9623, -0.3916]], [[2.2582, 0.0], [5.399, 0.0], [7.255, 0.0], [10.8241, 0.0653], [69.6432, 16.5798], [19.6755, 0.6527]]]",4.4702,0.0,0.0,0.0,0.0,0.0,0.0,True,"[4, 4, 4]",0.0,0.0,0.0,3.0562,4.0,1.8767,4.4634,4.5175,1.1919,2.2688,3.0562,"[[2.258, 0.0], [5.399, 0.0], [7.255, 0.0], [10.824, 0.065], [14.822, 0.392], [17.677, -0.196]]",ok,13.8016,0.0,0.0,0.0,0.0,0.0,0.0,0.0,0.0,0.0,ccd7c315063047ddb231fceb7ceff64b,scene-0638,42
1.2003,5.1021,10.291,0.7445,2.2181,4.5216,0.0,0.0,0.0,0.0,0.0,0.0,0.0,0.0,0.0,ok,left,1.3507,4.8695,11.4829,0.852,1.8529,4.1894,True,"[-2.7415, -3.329, -3.0026, 0.3916]","[-2400.7661, -2742.3122, -5782.4638, -12527.756]","[-2330138.6318, -2330480.1779, -2333520.3295, -2340265.6218]","[4.302, 4.844, 4.243, 2.713]","[[[1.9727, -0.1958], [4.5424, -0.5222], [5.8273, 0.5222], [8.6826, -2.2193], [9.1109, -3.1332], [11.1096, -5.4831]], [[1.9727, -0.1958], [4.5424, -0.5222], [5.8273, 0.5222], [8.6826, -2.2193], [13.1083, -4.4387], [12.2517, -6.658]], [[1.9727, -0.1958], [4.5424, -0.5222], [5.8273, 0.5222], [8.6826, -2.2193], [12.8228, -0.9138], [13.9649, -6.0053]], [[1.9727, -0.1958], [4.5424, -0.5222], [5.8273, 0.5222], [8.6826, -2.2193], [6.8267, 3.0026], [7.6833, 0.7833]]]",0.793,0.0,0.0,0.0,0.0,0.0,0.0,False,"[4, 4, 4]",0.0,0.0,0.0,2.7131,4.0,1.3507,4.8695,5.9795,0.852,1.8529,2.7131,"[[1.973, -0.196], [4.542, -0.522], [5.827, 0.522], [8.683, -2.219], [10.967, -2.024], [11.681, -5.744]]",ok,4.8439,0.0,0.0,0.0,0.0,0.0,0.0,0.0,0.0,0.0,c2883c7af8154962817ba909773d6e05,scene-0638,42
1.9899,2.6089,4.5484,1.5879,2.2653,2.9705,0.0,0.0,0.0,0.0,0.0,0.0,0.0,0.0,0.0,ok,straight,2.2742,1.6011,0.561,2.0156,2.193,2.1855,True,"[-1.5013, -0.0, -0.9138, -0.0]","[-1329.636, -2312.4984, -8173.998, -749421.6536]","[-2331381.7772, -2332364.6396, -2338226.1392, -3079473.7948]","[2.332, 2.606, 3.145, 11.946]","[[[4.828, 0.0], [8.8254, 0.1305], [13.2511, -0.0653], [15.8209, 0.2611], [19.1045, 0.1305], [18.5334, 3.0026]], [[4.828, 0.0], [8.8254, 0.1305], [13.2511, -0.0653], [15.8209, 0.2611], [22.2453, 0.1305], [24.5295, 0.0]], [[4.828, 0.0], [8.8254, 0.1305], [13.2511, -0.0653], [15.8209, 0.2611], [21.3887, 0.0], [15.3926, 1.8277]], [[4.828, 0.0], [8.8254, 0.1305], [13.2511, -0.0653], [15.8209, 0.2611], [69.6432, 0.0], [33.381, 0.0]]]",4.0168,0.0,0.0,0.0,0.0,0.0,0.0,False,"[4, 4, 4]",0.0,0.0,0.0,2.332,4.0,2.2742,1.6011,4.0418,2.0156,2.193,2.332,"[[4.828, 0.0], [8.825, 0.131], [13.251, -0.065], [15.821, 0.261], [21.817, 0.065], [21.531, 0.914]]",ok,11.9463,0.0,0.0,0.0,0.0,0.0,0.0,0.0,0.0,0.0,f0a91381bd0a4427ba3bbea2252981d3,scene-0638,42
0.4602,0.426,1.3253,0.2579,0.2755,0.6049,0.0,0.0,0.0,0.0,0.0,0.0,0.0,0.0,0.0,ok,straight,0.1149,0.5685,0.4671,0.3176,0.3143,0.9403,False,"[-0.0653, -0.1305, -3.4596, -0.0653]","[-131.7279, -44.0735, -60560.1995, -861887.3777]","[-970539.7493, -970539.7938, -2031101.172, -2832428.3502]","[0.463, 0.631, 4.002, 9.957]","[[[4.2569, 0.0], [7.3977, -0.0653], [10.6813, -0.1305], [14.3932, -0.1305], [16.5347, -0.2611], [18.2479, -0.1305]], [[4.2569, 0.0], [7.3977, -0.0653], [10.6813, -0.1305], [14.3932, -0.1305], [17.9623, -0.1305], [20.8176, -0.2611]], [[4.2569, 0.0], [7.3977, -0.0653], [10.6813, -0.1305], [14.3932, -0.1305], [23.3874, -14.6216], [19.1045, -6.9191]], [[4.2569, 0.0], [7.3977, -0.0653], [10.6813, -0.1305], [14.3932, -0.1305], [69.6432, -0.2611], [25.1006, -0.1305]]]",3.8445,0.0,0.0,0.0,0.0,0.0,0.0,False,"[4, 4, 4]",0.0,0.0,0.0,0.4631,4.0,0.1149,0.5685,1.2513,0.3176,0.3143,0.4631,"[[4.257, 0.0], [7.398, -0.065], [10.681, -0.131], [14.393, -0.131], [20.675, -0.261], [19.961, -0.196]]",ok,9.957,0.0,0.0,0.0,0.0,0.0,0.0,0.0,0.0,0.0,457185e7311943ec97c79aea2a45df79,scene-0638,42
5.399,11.1096,16.2497,4.2569,7.0408,9.5394,0.0,0.0,0.0,0.0,0.0,0.0,0.0,0.0,0.0,ok,straight,5.9701,9.9677,16.8203,4.3997,6.791,9.5632,False,"[-0.0653, -0.3916, -0.0, -0.1958]","[-122.4004, -266.16, -1078.2542, -2517.3294]","[-505079.1508, -505081.4841, -1506158.9783, -1507598.0536]","[9.325, 9.709, 9.946, 8.804]","[[[2.8293, 0.0], [5.9701, 0.0], [8.3971, 0.0], [9.9675, 0.0653], [12.8228, -0.1305], [15.9636, -0.1305]], [[2.8293, 0.0], [5.9701, 0.0], [8.3971, 0.0], [9.9675, 0.0653], [12.8228, -0.1305], [18.2479, 0.7833]], [[2.8293, 0.0], [5.9701, 0.0], [8.3971, 0.0], [9.9675, 0.0653], [14.8215, -0.6527], [17.6768, 0.0]], [[2.8293, 0.0], [5.9701, 0.0], [8.3971, 0.0], [9.9675, 0.0653], [13.9649, 0.5222], [11.6807, -0.3916]]]",0.4317,0.0,0.0,0.0,0.0,0.0,0.0,True,"[4, 4, 4]",0.0,0.0,0.0,8.8043,4.0,5.9701,9.9677,11.6873,4.3997,6.791,8.8043,"[[2.829, 0.0], [5.97, 0.0], [8.397, 0.0], [9.968, 0.065], [13.394, -0.131], [16.82, -0.065]]",ok,9.9461,0.0,0.0,0.0,0.0,0.0,0.0,0.0,0.0,0.0,4cecbedd7c9c406ba5a0b22a3fa2e49c,scene-0770,42
5.399,11.1104,16.2497,4.2569,7.041,9.5871,0.0,0.0,0.0,0.0,0.0,0.0,0.0,0.0,0.0,ok,straight,6.3984,11.8242,15.9642,4.7566,7.3979,10.0395,False,"[-0.0653, -0.1305, -0.3916, -0.0]","[-828.3219, -895.5203, -1516.0662, -4396.015]","[-1031574.8275, -1031575.3125, -2033092.1823, -2035972.1311]","[9.825, 9.35, 10.259, 11.538]","[[[3.1148, 0.0], [6.3984, 0.0], [8.2543, 0.0], [11.8235, -0.1305], [13.1083, -0.1305], [16.2492, -0.1305]], [[3.1148, 0.0], [6.3984, 0.0], [8.2543, 0.0], [11.8235, -0.1305], [12.5373, -0.3916], [13.9649, 0.2611]], [[3.1148, 0.0], [6.3984, 0.0], [8.2543, 0.0], [11.8235, -0.1305], [16.2492, -0.6527], [15.6781, 0.7833]], [[3.1148, 0.0], [6.3984, 0.0], [8.2543, 0.0], [11.8235, -0.1305], [19.6755, 0.0], [19.9611, 0.0]]]",0.8138,0.0,0.0,0.0,0.0,0.0,0.0,True,"[4, 4, 4]",0.0,0.0,0.0,9.3504,4.0,6.3984,11.8242,13.9674,4.7566,7.3979,9.3504,"[[3.115, 0.0], [6.398, 0.0], [8.254, 0.0], [11.823, -0.131], [14.679, -0.261], [15.964, 0.131]]",ok,11.538,0.0,0.0,0.0,0.0,0.0,0.0,0.0,0.0,0.0,7aefa57cb973455985b3912a969692ec,scene-0770,42
5.9701,12.2524,15.9642,4.5424,7.4693,10.0154,0.0,0.0,0.0,0.0,0.0,0.0,0.0,0.0,0.0,ok,straight,4.9712,10.1105,16.2497,4.1857,6.6127,9.5632,True,"[-0.0653, -0.1958, -4.2429, -0.5875]","[-824.9068, -3194.3833, -4787.3568, -10629.9339]","[-756460.5594, -1759656.7576, -1761249.7311, -1767092.3082]","[9.444, 9.16, 9.358, 10.308]","[[[3.4003, 0.0], [4.9707, -0.0653], [7.9688, 0.0], [10.1103, -0.0653], [14.2505, -0.1305], [15.9636, -0.1305]], [[3.4003, 0.0], [4.9707, -0.0653], [7.9688, 0.0], [10.1103, -0.0653], [15.107, -0.1305], [13.3939, 0.3916]], [[3.4003, 0.0], [4.9707, -0.0653], [7.9688, 0.0], [10.1103, -0.0653], [11.1096, 0.0], [16.5347, -8.4857]], [[3.4003, 0.0], [4.9707, -0.0653], [7.9688, 0.0], [10.1103, -0.0653], [18.8189, 0.0], [16.5347, 1.1749]]]",0.4397,0.0,0.0,0.0,0.0,0.0,0.0,False,"[4, 4, 4]",0.0,0.0,0.0,9.1597,4.0,4.9712,10.1105,13.3996,4.1857,6.6127,9.1597,"[[3.4, 0.0], [4.971, -0.065], [7.969, 0.0], [10.11, -0.065], [14.679, -0.065], [16.249, 0.131]]",ok,10.3077,0.0,0.0,0.0,0.0,0.0,0.0,0.0,0.0,0.0,41e55a08b2dd4bb0836017b43cd181b3,scene-0770,42
5.399,11.1104,16.2497,4.2569,7.041,9.5871,0.0,0.0,0.0,0.0,0.0,0.0,0.0,0.0,0.0,ok,straight,5.5418,11.8236,18.3925,4.0428,7.255,10.182,False,"[-0.0653, -0.1958, -0.3916, -0.0653]","[-251.9667, -477.595, -90.5279, -9923.2568]","[-1352026.9135, -1352027.9448, -1352029.3182, -2361951.6077]","[9.73, 11.063, 9.782, 10.11]","[[[2.5437, 0.0], [5.5418, 0.0], [9.1109, 0.0], [11.8235, 0.0653], [13.1083, -0.1305], [16.2492, -0.1305]], [[2.5437, 0.0], [5.5418, 0.0], [9.1109, 0.0], [11.8235, 0.0653], [16.8202, 0.2611], [20.5321, -0.3916]], [[2.5437, 0.0], [5.5418, 0.0], [9.1109, 0.0], [11.8235, 0.0653], [14.2505, -0.5222], [15.3926, -0.7833]], [[2.5437, 0.0], [5.5418, 0.0], [9.1109, 0.0], [11.8235, 0.0653], [10.253, 0.0], [21.3887, -0.1305]]]",0.5351,0.0,0.0,0.0,0.0,0.0,0.0,True,"[4, 4, 4]",0.0,0.0,0.0,9.7298,4.0,5.5418,11.8236,16.2497,4.0428,7.255,9.7298,"[[2.544, 0.0], [5.542, 0.0], [9.111, 0.0], [11.823, 0.065], [13.679, -0.065], [18.391, -0.261]]",ok,11.063,0.0,0.0,0.0,0.0,0.0,0.0,0.0,0.0,0.0,18616ac104ee4f92b6127dc67bb85f0b,scene-0770,42
6.2556,12.2517,17.3918,4.6852,7.5405,10.3008,0.0,0.0,0.0,0.0,0.0,0.0,0.0,0.0,0.0,ok,straight,5.9701,11.6809,20.247,4.3997,7.5405,10.7767,False,"[-0.0653, -0.0653, -0.0653, -0.0]","[-193.6941, -2739.7943, -3077.2885, -14184.43]","[-1055600.7687, -2058340.8863, -2058678.3805, -2069785.522]","[10.301, 11.538, 11.112, 10.779]","[[[2.8293, 0.0], [5.9701, 0.0], [9.682, 0.0], [11.6807, 0.0653], [14.2505, -0.1305], [17.3913, -0.1305]], [[2.8293, 0.0], [5.9701, 0.0], [9.682, 0.0], [11.6807, 0.0653], [14.2505, -0.1305], [24.8151, -0.1305]], [[2.8293, 0.0], [5.9701, 0.0], [9.682, 0.0], [11.6807, 0.0653], [13.3939, -0.6527], [23.1019, -0.1305]], [[2.8293, 0.0], [5.9701, 0.0], [9.682, 0.0], [11.6807, 0.0653], [19.9611, 0.7833], [14.536, 0.0]]]",0.4532,0.0,0.0,0.0,0.0,0.0,0.0,False,"[4, 4, 4]",0.0,0.0,0.0,10.3008,4.0,5.9701,11.6809,17.3918,4.3997,7.5405,10.3008,"[[2.829, 0.0], [5.97, 0.0], [9.682, 0.0], [11.681, 0.065], [14.25, -0.131], [20.247, -0.131]]",ok,11.5381,0.0,0.0,0.0,0.0,0.0,0.0,0.0,0.0,0.0,5a3a15f4ebdb4e6b83eb58628dc8e83f,scene-0771,42
5.9701,11.1096,16.2492,4.5424,7.1836,9.8723,0.0,0.0,0.0,0.0,0.0,0.0,0.0,0.0,0.0,ok,straight,16.963,10.8241,19.1049,10.1817,10.2531,12.8705,False,"[-0.0, -0.0, -0.1305, -0.1958]","[-47474.2127, -47856.5473, -50707.8347, -56097.2578]","[-2846036.9668, -2846419.3014, -2849270.5889, -2854660.012]","[12.014, 13.156, 13.633, 11.967]","[[[3.4003, 0.0], [16.963, 0.0], [9.8247, -0.0653], [10.8241, 0.0], [14.2505, 0.0], [16.8202, 0.0]], [[3.4003, 0.0], [16.963, 0.0], [9.8247, -0.0653], [10.8241, 0.0], [16.5347, 0.1305], [21.3887, 0.0]], [[3.4003, 0.0], [16.963, 0.0], [9.8247, -0.0653], [10.8241, 0.0], [18.8189, 0.3916], [21.9598, 0.2611]], [[3.4003, 0.0], [16.963, 0.0], [9.8247, -0.0653], [10.8241, 0.0], [17.6768, 0.0], [13.1083, 0.3916]]]",0.7221,0.0,0.0,0.0,0.0,0.0,0.0,False,"[4, 4, 4]",0.0,0.0,0.0,11.9672,4.0,16.963,10.8241,13.1142,10.1817,10.2531,11.9672,"[[3.4, 0.0], [16.963, 0.0], [9.825, -0.065], [10.824, 0.0], [17.106, 0.065], [19.104, 0.131]]",ok,13.6328,0.0,0.0,0.0,0.0,0.0,0.0,0.0,0.0,0.0,fb26afe9632c4e4ca9ce4d7e3254dadc,scene-0771,42
5.9701,11.1104,15.9658,4.5424,7.1838,9.8253,0.0,0.0,0.0,0.0,0.0,0.0,0.0,0.0,0.0,ok,straight,4.6852,11.3981,21.6805,3.9,6.8275,10.6833,False,"[-0.0653, -0.5222, -0.1958, -0.3264]","[-334.5597, -373.3075, -18336.1535, -961933.6351]","[-763475.7984, -763478.5053, -1781813.8004, -2725411.282]","[9.492, 10.591, 11.447, 20.011]","[[[3.1148, 0.0], [4.6852, 0.0], [8.1116, -0.0653], [11.3952, -0.2611], [14.2505, -0.1305], [15.3926, -0.1305]], [[3.1148, 0.0], [4.6852, 0.0], [8.1116, -0.0653], [11.3952, -0.2611], [15.9636, 0.0], [20.2466, 1.0444]], [[3.1148, 0.0], [4.6852, 0.0], [8.1116, -0.0653], [11.3952, -0.2611], [11.6807, -0.6527], [29.6691, 0.3916]], [[3.1148, 0.0], [4.6852, 0.0], [8.1116, -0.0653], [11.3952, -0.2611], [69.6432, -0.3916], [23.1019, 0.6527]]]",4.1719,0.0,0.0,0.0,0.0,0.0,0.0,True,"[4, 4, 4]",0.0,0.0,0.0,9.4924,4.0,4.6852,11.3981,15.3931,3.9,6.8275,9.4924,"[[3.115, 0.0], [4.685, 0.0], [8.112, -0.065], [11.395, -0.261], [15.107, -0.261], [21.674, 0.522]]",ok,20.0109,0.0,0.0,0.0,0.0,0.0,0.0,0.0,0.0,0.0,0fe5ba3f01ad436f9a5403efabdb1a1d,scene-0771,42
5.1135,10.5386,15.3931,3.9714,6.5411,9.1111,0.0,0.0,0.0,0.0,0.0,0.0,0.0,0.0,0.0,ok,straight,4.9707,9.825,15.1076,3.8286,6.577,9.0397,True,"[-0.0653, -0.1958, -0.1958, -0.3264]","[-1064.9235, -3991.5682, -5417.4101, -9298.2086]","[-524904.1274, -1528898.4183, -1530324.2602, -1534205.0588]","[9.278, 9.469, 7.424, 9.518]","[[[2.6865, 0.0], [4.9707, 0.0], [8.8254, -0.0653], [9.8247, -0.0653], [13.1083, -0.1305], [16.2492, -0.1305]], [[2.6865, 0.0], [4.9707, 0.0], [8.8254, -0.0653], [9.8247, -0.0653], [10.5386, -0.2611], [19.9611, 0.3916]], [[2.6865, 0.0], [4.9707, 0.0], [8.8254, -0.0653], [9.8247, -0.0653], [12.5373, 0.1305], [5.6846, -0.3916]], [[2.6865, 0.0], [4.9707, 0.0], [8.8254, -0.0653], [9.8247, -0.0653], [16.8202, 0.0], [13.9649, 0.6527]]]",0.8697,0.0,0.0,0.0,0.0,0.0,0.0,True,"[4, 4, 4]",0.0,0.0,0.0,7.424,4.0,4.9707,9.825,5.698,3.8286,6.577,7.424,"[[2.686, 0.0], [4.971, 0.0], [8.825, -0.065], [9.825, -0.065], [12.823, -0.065], [15.107, 0.131]]",ok,9.518,0.0,0.0,0.0,0.0,0.0,0.0,0.0,0.0,0.0,e019f3b906734b6db807756748a4da2d,scene-0771,42
5.399,11.1096,14.8215,4.1141,6.9694,9.2537,0.0,0.0,0.0,0.0,0.0,0.0,0.0,0.0,0.0,ok,straight,5.399,13.1085,15.3927,4.3283,7.7191,9.7059,False,"[-0.1305, -0.0, -0.0, -0.0653]","[-554.0922, -2113.0098, -5670.0707, -5859.8206]","[-1728312.4186, -1729871.3363, -1733428.3971, -1733618.147]","[9.611, 9.991, 9.706, 9.327]","[[[3.2576, 0.0], [5.399, 0.0], [9.1109, 0.0653], [13.1083, -0.0653], [13.9649, 0.1305], [12.8228, 0.2611]], [[3.2576, 0.0], [5.399, 0.0], [9.1109, 0.0653], [13.1083, -0.0653], [12.8228, 0.0], [16.2492, 0.0]], [[3.2576, 0.0], [5.399, 0.0], [9.1109, 0.0653], [13.1083, -0.0653], [11.1096, -0.2611], [16.2492, 0.0]], [[3.2576, 0.0], [5.399, 0.0], [9.1109, 0.0653], [13.1083, -0.0653], [10.5386, 0.5222], [14.536, 0.1305]]]",0.2372,0.0,0.0,0.0,0.0,0.0,0.0,False,"[4, 4, 4]",0.0,0.0,0.0,9.3274,4.0,5.399,13.1085,14.5366,4.3283,7.7191,9.3274,"[[3.258, 0.0], [5.399, 0.0], [9.111, 0.065], [13.108, -0.065], [11.966, 0.065], [15.393, 0.065]]",ok,9.9914,0.0,0.0,0.0,0.0,0.0,0.0,0.0,0.0,0.0,e836d06299ce46b884b9187ac6017579,scene-0775,42
4.5424,9.3974,12.54,3.4003,5.7562,7.6364,0.0,0.0,0.0,0.0,0.0,0.0,0.0,0.0,0.0,ok,straight,4.2569,9.8256,13.1109,3.3289,5.7205,7.9456,False,"[-0.0, -0.1958, -0.1305, -0.1305]","[-174.1644, -730.7965, -870.0272, -1544.7684]","[-799087.2103, -1799820.9566, -1799960.1873, -1800634.9285]","[8.231, 7.851, 7.613, 8.093]","[[[2.401, 0.0], [4.2569, 0.0], [6.3984, 0.0], [9.8247, 0.1305], [12.8228, 0.0], [13.6794, 0.0]], [[2.401, 0.0], [4.2569, 0.0], [6.3984, 0.0], [9.8247, 0.1305], [12.8228, -0.1305], [11.3952, -0.3916]], [[2.401, 0.0], [4.2569, 0.0], [6.3984, 0.0], [9.8247, 0.1305], [10.253, -0.1305], [12.5373, -0.2611]], [[2.401, 0.0], [4.2569, 0.0], [6.3984, 0.0], [9.8247, 0.1305], [10.5386, 0.7833], [15.107, -0.2611]]]",0.236,0.0,0.0,0.0,0.0,0.0,0.0,True,"[4, 4, 4]",0.0,0.0,0.0,7.6126,4.0,4.2569,9.8256,12.54,3.3289,5.7205,7.6126,"[[2.401, 0.0], [4.257, 0.0], [6.398, 0.0], [9.825, 0.131], [11.681, -0.065], [13.108, -0.261]]",ok,8.2307,0.0,0.0,0.0,0.0,0.0,0.0,0.0,0.0,0.0,6a1f2ebe1ef8437c87a5a742362b09b4,scene-0775,42
5.399,10.5394,14.2528,4.2569,6.6844,8.8738,0.0,0.0,0.0,0.0,0.0,0.0,0.0,0.0,0.0,ok,straight,7.1122,12.6816,16.8526,4.9707,7.3981,10.0209,False,"[-0.9138, -0.1305, -1.1097, -0.0653]","[-4622.5844, -7859.784, -9487.0209, -158722.1114]","[-3492795.8761, -3496033.0757, -3497660.3125, -3646895.4031]","[10.792, 9.35, 9.377, 19.057]","[[[2.8293, 0.0], [7.1122, 0.0], [6.9694, 0.0], [12.68, -0.1958], [16.2492, -0.1305], [18.8189, -1.8277]], [[2.8293, 0.0], [7.1122, 0.0], [6.9694, 0.0], [12.68, -0.1958], [12.2517, -0.1305], [14.2505, -0.2611]], [[2.8293, 0.0], [7.1122, 0.0], [6.9694, 0.0], [12.68, -0.1958], [11.6807, -0.1305], [14.8215, -2.2193]], [[2.8293, 0.0], [7.1122, 0.0], [6.9694, 0.0], [12.68, -0.1958], [15.107, -0.1305], [69.6432, -0.1305]]]",4.0339,0.0,0.0,0.0,0.0,0.0,0.0,False,"[4, 4, 4]",0.0,0.0,0.0,9.3496,4.0,7.1122,12.6816,14.2528,4.9707,7.3981,9.3496,"[[2.829, 0.0], [7.112, 0.0], [6.969, 0.0], [12.68, -0.196], [13.679, -0.131], [16.82, -1.044]]",ok,19.0572,0.0,0.0,0.0,0.0,0.0,0.0,0.0,0.0,0.0,bb8b6850aeb6411c89b496b9e45fbb6b,scene-0775,42
5.9701,11.1096,16.2513,4.5424,7.1836,9.6824,0.0,0.0,0.0,0.0,0.0,0.0,0.0,0.0,0.0,ok,straight,5.8277,10.5394,19.3927,4.614,6.9697,10.1113,False,"[-0.1305, -0.1958, -3.329, -0.1305]","[-33.9106, -421.1961, -2875.8759, -1002812.4518]","[-1193355.8504, -2193778.2194, -2196232.8992, -3196169.4751]","[9.54, 9.541, 10.705, 19.964]","[[[3.4003, 0.0], [5.8273, -0.0653], [8.1116, 0.0], [10.5386, -0.1305], [13.1083, 0.0], [16.2492, -0.2611]], [[3.4003, 0.0], [5.8273, -0.0653], [8.1116, 0.0], [10.5386, -0.1305], [12.2517, -0.3916], [17.1058, -0.3916]], [[3.4003, 0.0], [5.8273, -0.0653], [8.1116, 0.0], [10.5386, -0.1305], [13.6794, -0.1305], [21.6742, -6.658]], [[3.4003, 0.0], [5.8273, -0.0653], [8.1116, 0.0], [10.5386, -0.1305], [69.6432, -1.5666], [22.2453, 0.2611]]]",4.3715,0.0,0.0,0.0,0.0,0.0,0.0,False,"[4, 4, 4]",0.0,0.0,0.0,9.5398,4.0,5.8277,10.5394,16.2513,4.614,6.9697,9.5398,"[[3.4, 0.0], [5.827, -0.065], [8.112, 0.0], [10.539, -0.131], [13.394, -0.261], [19.39, -0.326]]",ok,19.9644,0.0,0.0,0.0,0.0,0.0,0.0,0.0,0.0,0.0,798e338f792149f1b9fb2edebcc1018d,scene-0775,42
6.5412,12.2524,17.3918,4.828,7.6121,10.5389,0.0,0.0,0.0,0.0,0.0,0.0,0.0,0.0,0.0,ok,straight,6.256,13.9655,23.1022,4.5426,8.148,11.8955,False,"[-0.0653, -0.0653, -0.0653, -0.5875]","[-276.0127, -3977.731, -6663.4273, -881070.7789]","[-250283.0309, -1254261.9254, -1256947.6217, -2131354.9733]","[11.039, 11.852, 11.515, 20.99]","[[[2.8293, 0.0], [6.2556, -0.0653], [9.5392, -0.1958], [13.9649, -0.1305], [16.2492, -0.1305], [17.3913, -0.1305]], [[2.8293, 0.0], [6.2556, -0.0653], [9.5392, -0.1958], [13.9649, -0.1305], [15.107, 0.9138], [23.3874, -0.1305]], [[2.8293, 0.0], [6.2556, -0.0653], [9.5392, -0.1958], [13.9649, -0.1305], [13.6794, -0.1305], [22.8163, -0.1305]], [[2.8293, 0.0], [6.2556, -0.0653], [9.5392, -0.1958], [13.9649, -0.1305], [69.6432, -0.3916], [23.6729, 1.1749]]]",4.1328,0.0,0.0,0.0,0.0,0.0,0.0,False,"[4, 4, 4]",0.0,0.0,0.0,11.0389,4.0,6.256,13.9655,17.3918,4.5426,8.148,11.0389,"[[2.829, 0.0], [6.256, -0.065], [9.539, -0.196], [13.965, -0.131], [15.678, -0.131], [23.102, -0.131]]",ok,20.9897,0.0,0.0,0.0,0.0,0.0,0.0,0.0,0.0,0.0,bb10039077c74099b51fb67300391659,scene-0777,42
6.2556,12.2517,17.3913,4.6852,7.5405,10.3006,0.0,0.0,0.0,0.0,0.0,0.0,0.0,0.0,0.0,ok,straight,6.2556,11.1098,17.8207,4.6852,7.5406,10.4436,False,"[-0.0, -0.1958, -0.2611, -0.0]","[-952.1398, -883.5517, -9229.971, -45415.608]","[-806489.2044, -1807374.4526, -1815720.8718, -1851906.5088]","[10.586, 9.873, 11.492, 11.029]","[[[3.1148, 0.0], [6.2556, 0.0], [9.682, -0.0653], [11.1096, -0.0653], [15.3926, 0.0], [17.9623, 0.0]], [[3.1148, 0.0], [6.2556, 0.0], [9.682, -0.0653], [11.1096, -0.0653], [11.9662, 0.0], [17.1058, 0.3916]], [[3.1148, 0.0], [6.2556, 0.0], [9.682, -0.0653], [11.1096, -0.0653], [19.6755, 0.0], [19.1045, 0.5222]], [[3.1148, 0.0], [6.2556, 0.0], [9.682, -0.0653], [11.1096, -0.0653], [13.9649, -11.88], [17.6768, 0.0]]]",0.5965,0.0,0.0,0.0,0.0,0.0,0.0,True,"[4, 4, 4]",0.0,0.0,0.0,9.8731,4.0,6.2556,11.1098,17.1102,4.6852,7.5406,9.8731,"[[3.115, 0.0], [6.256, 0.0], [9.682, -0.065], [11.11, -0.065], [14.679, 0.0], [17.82, 0.196]]",ok,11.4916,0.0,0.0,0.0,0.0,0.0,0.0,0.0,0.0,0.0,426eacbdc6f6476e8905a2ee27b0319e,scene-0777,42
6.5412,12.8228,19.9615,4.9707,8.0402,11.3953,0.0,0.0,0.0,0.0,0.0,0.0,0.0,0.0,0.0,ok,straight,6.6839,14.8217,20.9629,4.8994,8.4328,11.8239,False,"[-0.718, -0.0653, -0.0653, -0.3916]","[-1949.011, -2544.5415, -3332.0472, -11686.0155]","[-2552852.3439, -2553447.8744, -2554235.3801, -2562589.3484]","[11.713, 11.657, 11.99, 11.802]","[[[3.1148, 0.0], [6.6839, 0.0], [9.1109, 0.0], [14.8215, 0.0653], [16.8202, 0.0], [19.6755, 1.436]], [[3.1148, 0.0], [6.6839, 0.0], [9.1109, 0.0], [14.8215, 0.0653], [16.2492, -0.1305], [19.9611, -0.1305]], [[3.1148, 0.0], [6.6839, 0.0], [9.1109, 0.0], [14.8215, 0.0653], [16.2492, -0.1305], [21.9598, -0.1305]], [[3.1148, 0.0], [6.6839, 0.0], [9.1109, 0.0], [14.8215, 0.0653], [13.6794, 0.1305], [23.3874, 0.7833]]]",0.1263,0.0,0.0,0.0,0.0,0.0,0.0,False,"[4, 4, 4]",0.0,0.0,0.0,11.6571,4.0,6.6839,14.8217,19.9615,4.8994,8.4328,11.6571,"[[3.115, 0.0], [6.684, 0.0], [9.111, 0.0], [14.822, 0.065], [16.249, -0.065], [20.96, 0.326]]",ok,11.9902,0.0,0.0,0.0,0.0,0.0,0.0,0.0,0.0,0.0,6cd5721d228e4414987d355d12718b02,scene-0777,42
5.399,11.1096,17.3913,4.2569,7.0408,9.9675,0.0,0.0,0.0,0.0,0.0,0.0,0.0,0.0,0.0,ok,straight,5.8273,11.9664,17.5371,4.3997,7.5405,10.5878,False,"[-0.0653, -0.1305, -0.6527, -0.1958]","[-72.4526, -2806.3855, -3117.7613, -270115.543]","[-796060.513, -1798868.3409, -1799179.7167, -2066177.4984]","[10.11, 10.834, 10.975, 17.78]","[[[2.972, 0.0], [5.8273, 0.0], [9.3964, 0.0], [11.9662, 0.0653], [14.2505, 0.0], [16.2492, -0.1305]], [[2.972, 0.0], [5.8273, 0.0], [9.3964, 0.0], [11.9662, 0.0653], [17.3913, 1.436], [17.3913, -0.2611]], [[2.972, 0.0], [5.8273, 0.0], [9.3964, 0.0], [11.9662, 0.0653], [17.9623, 0.1305], [17.6768, -1.3055]], [[2.972, 0.0], [5.8273, 0.0], [9.3964, 0.0], [11.9662, 0.0653], [6.8267, 0.7833], [69.6432, -0.3916]]]",3.109,0.0,0.0,0.0,0.0,0.0,0.0,True,"[4, 4, 4]",0.0,0.0,0.0,10.1104,4.0,5.8273,11.9664,16.2497,4.3997,7.5405,10.1104,"[[2.972, 0.0], [5.827, 0.0], [9.396, 0.0], [11.966, 0.065], [15.821, 0.457], [17.534, -0.326]]",ok,17.7797,0.0,0.0,0.0,0.0,0.0,0.0,0.0,0.0,0.0,9a2f17caf46e4ec592157a8ea3289be8,scene-0777,42
6.8267,14.2505,19.3438,5.2563,8.8254,11.8158,0.0,0.0,0.0,0.0,0.0,0.0,0.0,0.0,0.0,ok,straight,7.9691,14.3932,20.6287,5.7561,9.5036,12.7438,False,"[-0.0653, -0.1305, -1.2402, -0.0653]","[-157.6952, -1206.8641, -6691.8925, -154506.9416]","[-1301931.8729, -2303139.9723, -2308625.0008, -2456440.0499]","[12.22, 13.315, 11.88, 20.609]","[[[3.5431, 0.0], [7.9688, 0.0653], [12.109, 0.0], [14.3932, 0.0], [16.2492, 0.0], [19.1045, -0.1305]], [[3.5431, 0.0], [7.9688, 0.0653], [12.109, 0.0], [14.3932, 0.0], [19.6755, -0.1305], [22.2453, -0.2611]], [[3.5431, 0.0], [7.9688, 0.0653], [12.109, 0.0], [14.3932, 0.0], [19.39, 0.9138], [13.6794, 2.4804]], [[3.5431, 0.0], [7.9688, 0.0653], [12.109, 0.0], [14.3932, 0.0], [15.9636, -1.5666], [69.6432, -0.1305]]]",3.5629,0.0,0.0,0.0,0.0,0.0,0.0,True,"[4, 4, 4]",0.0,0.0,0.0,11.8804,4.0,7.9691,14.3932,13.8566,5.7561,9.5036,11.8804,"[[3.543, 0.0], [7.969, 0.065], [12.109, 0.0], [14.393, 0.0], [17.82, -0.065], [20.675, -0.131]]",ok,20.6086,0.0,0.0,0.0,0.0,0.0,0.0,0.0,0.0,0.0,485c78dbfed04fd5a6aad2a88b116fe9,scene-0778,42
2.6412,7.3334,13.6185,1.8795,3.9892,6.6933,0.0,0.0,0.0,0.0,0.0,0.0,0.0,0.0,0.0,ok,left,2.7197,7.3677,14.136,2.2713,4.3969,7.2356,False,"[-3.329, -3.6554, -2.8721, -3.1985]","[-2620.6136, -5852.3338, -8554.5351, -11056.3547]","[-2346944.2968, -2350176.017, -2352878.2183, -2355380.0379]","[6.965, 7.728, 7.164, 7.21]","[[[2.6865, -0.1305], [4.3997, 1.2402], [7.5405, -1.8277], [9.2537, -2.3499], [11.1096, -4.5692], [13.1083, -6.658]], [[2.6865, -0.1305], [4.3997, 1.2402], [7.5405, -1.8277], [9.2537, -2.3499], [12.2517, -7.4413], [14.8215, -7.3108]], [[2.6865, -0.1305], [4.3997, 1.2402], [7.5405, -1.8277], [9.2537, -2.3499], [15.107, -4.047], [11.6807, -5.7442]], [[2.6865, -0.1305], [4.3997, 1.2402], [7.5405, -1.8277], [9.2537, -2.3499], [13.3939, 1.3055], [16.2492, -6.3969]]]",0.2817,0.0,0.0,0.0,0.0,0.0,0.0,False,"[4, 4, 4]",0.0,0.0,0.0,6.9651,4.0,2.7197,7.3677,13.6185,2.2713,4.3969,6.9651,"[[2.686, -0.131], [4.4, 1.24], [7.541, -1.828], [9.254, -2.35], [12.823, -4.308], [13.965, -6.527]]",ok,7.7278,0.0,0.0,0.0,0.0,0.0,0.0,0.0,0.0,0.0,29fca2b4244b4379828cd66a473c6d7e,scene-0778,42
2.1326,6.1325,9.3894,1.5013,3.3127,5.0943,0.0,0.0,0.0,0.0,0.0,0.0,0.0,0.0,0.0,ok,straight,2.6867,6.3063,10.2477,1.7069,3.3255,5.0627,True,"[-3.4596, -3.5248, -0.718, -8.2899]","[-1392.6196, -2974.2438, -5755.2539, -14410.5147]","[-1756226.6753, -1757808.2995, -1760589.3095, -1769244.5703]","[5.875, 5.065, 5.168, 7.058]","[[[0.9733, 0.0], [3.1148, 0.0], [4.1141, 0.0653], [5.6846, -3.8512], [8.2543, -6.9191], [11.6807, -6.9191]], [[0.9733, 0.0], [3.1148, 0.0], [4.1141, 0.0653], [5.6846, -3.8512], [7.3977, -3.9165], [8.2543, -7.0497]], [[0.9733, 0.0], [3.1148, 0.0], [4.1141, 0.0653], [5.6846, -3.8512], [9.1109, -0.3916], [12.5373, 1.436]], [[0.9733, 0.0], [3.1148, 0.0], [4.1141, 0.0653], [5.6846, -3.8512], [7.3977, 4.4387], [17.6768, 16.5798]]]",0.7949,0.0,0.0,0.0,0.0,0.0,0.0,False,"[4, 4, 4]",0.0,0.0,0.0,5.0648,4.0,2.6867,6.3063,9.8088,1.7069,3.3255,5.0648,"[[0.973, 0.0], [3.115, 0.0], [4.114, 0.065], [5.685, -3.851], [7.826, -2.154], [12.109, -2.742]]",ok,7.0579,0.0,0.0,0.0,0.0,0.0,0.0,0.0,0.0,0.0,e5f4ba14f72d47769f75422a30667e2a,scene-0778,42
1.262,1.7637,2.3359,0.9962,1.3706,1.7313,0.0,0.0,0.0,0.0,0.0,0.0,0.0,0.0,0.0,ok,straight,0.832,3.345,2.0261,0.8526,1.9495,2.2196,False,"[-0.1305, -0.1958, -0.3264, -1.3055]","[-352.9521, -915.9656, -367.8871, -21740.3628]","[-752487.9785, -752488.1769, -752488.3913, -1774229.6931]","[2.619, 1.937, 2.117, 3.689]","[[[3.2576, 0.0], [5.5418, 0.0653], [9.5392, -0.3916], [12.68, -0.3264], [15.9636, -0.1305], [17.6768, -0.2611]], [[3.2576, 0.0], [5.5418, 0.0653], [9.5392, -0.3916], [12.68, -0.3264], [13.3939, -1.3055], [15.6781, -0.3916]], [[3.2576, 0.0], [5.5418, 0.0653], [9.5392, -0.3916], [12.68, -0.3264], [14.2505, -0.5222], [16.2492, -0.6527]], [[3.2576, 0.0], [5.5418, 0.0653], [9.5392, -0.3916], [12.68, -0.3264], [18.8189, -6.3969], [9.9675, -2.611]]]",0.6816,0.0,0.0,0.0,0.0,0.0,0.0,True,"[4, 4, 4]",0.0,0.0,0.0,1.937,4.0,0.832,3.345,1.7179,0.8526,1.9495,1.937,"[[3.258, 0.0], [5.542, 0.065], [9.539, -0.392], [12.68, -0.326], [15.107, -0.914], [15.964, -0.522]]",ok,3.6889,0.0,0.0,0.0,0.0,0.0,0.0,0.0,0.0,0.0,7c5053e3642d4adaa86fd0ef1ca49ece,scene-0778,42
1.3416,2.5241,3.1441,1.0135,1.6962,2.1188,0.0,0.0,0.0,0.0,0.0,0.0,0.0,0.0,0.0,ok,straight,1.7699,3.6662,3.8579,1.299,1.9461,2.4757,False,"[-0.0, -0.0, -0.0, -0.1305]","[-920.3945, -976.2244, -983.5946, -1257.3409]","[-1186108.0657, -1186108.4918, -1186108.5481, -2187366.854]","[2.238, 2.333, 2.619, 3.047]","[[[1.2588, 0.0], [2.401, 0.0], [2.401, 0.0], [4.828, 0.0], [4.5424, 0.0], [4.2569, 0.0]], [[1.2588, 0.0], [2.401, 0.0], [2.401, 0.0], [4.828, 0.0], [4.5424, 0.0], [4.828, 0.0]], [[1.2588, 0.0], [2.401, 0.0], [2.401, 0.0], [4.828, 0.0], [4.828, 0.1305], [6.2556, 0.0]], [[1.2588, 0.0], [2.401, 0.0], [2.401, 0.0], [4.828, 0.0], [5.1135, 0.0], [8.5399, -0.2611]]]",0.3148,0.0,0.0,0.0,0.0,0.0,0.0,True,"[4, 4, 4]",0.0,0.0,0.0,2.2378,4.0,1.7699,3.6662,2.5731,1.299,1.9461,2.2378,"[[1.259, 0.0], [2.401, 0.0], [2.401, 0.0], [4.828, 0.0], [4.685, 0.0], [5.542, 0.0]]",ok,3.0474,0.0,1.0,1.0,0.0,1.0,1.0,0.0,0.25,0.5,7949609177914534a89a8c7985ae4db7,scene-0780,42
1.1164,1.6875,2.2585,0.6881,1.045,1.3543,0.0,0.0,0.0,0.0,0.0,0.0,0.0,0.0,0.0,ok,straight,1.1164,1.6875,1.4019,4.3286,3.008,2.6392,False,"[-0.0, -0.0, -0.0, -0.0]","[-14968.3948, -15035.9309, -15086.0213, -17381.6159]","[-2724792.1297, -2724859.6658, -2724909.7562, -2727205.3508]","[2.663, 3.424, 2.053, 2.806]","[[[7.5405, 0.0], [1.1161, 0.0], [1.6871, 0.0], [1.6871, 0.0], [1.6871, 0.0], [2.2582, 0.0]], [[7.5405, 0.0], [1.1161, 0.0], [1.6871, 0.0], [1.6871, 0.0], [3.1148, 0.0], [5.399, 0.0]], [[7.5405, 0.0], [1.1161, 0.0], [1.6871, 0.0], [1.6871, 0.0], [0.2595, 0.0], [-0.026, 0.0]], [[7.5405, 0.0], [1.1161, 0.0], [1.6871, 0.0], [1.6871, 0.0], [4.2569, 0.0], [0.545, 0.0]]]",0.4874,0.0,0.0,0.0,1.0,1.0,1.0,False,"[4, 4, 4]",0.5,0.25,0.16666666666666666,2.0533,4.0,1.1164,1.6875,0.0275,4.3286,3.008,2.0533,"[[7.541, 0.0], [1.116, 0.0], [1.687, 0.0], [1.687, 0.0], [2.401, 0.0], [1.402, 0.0]]",ok,3.4244,0.0,1.0,1.0,0.0,1.0,1.0,0.0,0.5,0.6666666666666666,d50a519eecae4c59b5440f50c424edb0,scene-0780,42
1.1161,2.2582,2.5437,0.6878,1.3302,1.6871,0.0,0.0,0.0,0.0,0.0,0.0,0.0,0.0,0.0,ok,straight,1.9727,2.401,4.3997,1.6871,1.9727,2.5199,False,"[-0.0, -0.0, -0.0653, -0.0]","[-28.798, -49.7851, -17.9616, -157.3954]","[-1740087.1086, -1740087.4873, -1740089.2225, -1740089.4293]","[2.115, 2.734, 2.449, 2.734]","[[[1.4016, 0.0], [1.9727, 0.0], [2.1154, 0.0], [2.401, 0.0], [2.2582, 0.0], [2.5437, 0.0]], [[1.4016, 0.0], [1.9727, 0.0], [2.1154, 0.0], [2.401, 0.0], [3.6858, 0.1305], [4.828, 0.0]], [[1.4016, 0.0], [1.9727, 0.0], [2.1154, 0.0], [2.401, 0.0], [2.8293, 0.0], [3.9714, -0.1305]], [[1.4016, 0.0], [1.9727, 0.0], [2.1154, 0.0], [2.401, 0.0], [2.8293, 0.0], [5.6846, 0.0]]]",0.255,0.0,0.0,0.0,0.0,0.0,0.0,True,"[3, 4, 4]",0.0,0.0,0.0,2.1154,4.0,1.9727,2.401,2.5437,1.6871,1.9727,2.1154,"[[1.402, 0.0], [1.973, 0.0], [2.115, 0.0], [2.401, 0.0], [2.829, 0.0], [4.4, 0.0]]",ok,2.7345,0.0,1.0,1.0,0.0,1.0,1.0,0.0,0.5,0.6666666666666666,8f6fc5405819408986cc0822197bfbd9,scene-0780,42
1.1161,2.5437,2.2582,0.6878,1.4016,1.6871,0.0,0.0,0.0,0.0,0.0,0.0,0.0,0.0,0.0,ok,straight,1.4016,3.4003,3.8286,1.0447,1.9013,2.3058,False,"[-0.0, -0.0, -0.0, -0.0]","[-458.5338, -849.2544, -1579.6501, -10488.8027]","[0.6962, -1000849.2544, -1001579.6501, -1010488.8027]","[2.068, 2.544, 1.877, 3.971]","[[[0.6878, 0.0], [1.4016, 0.0], [2.1154, 0.0], [3.4003, 0.0], [2.2582, 0.0], [2.5437, 0.0]], [[0.6878, 0.0], [1.4016, 0.0], [2.1154, 0.0], [3.4003, 0.0], [2.5437, 0.0], [5.1135, 0.0]], [[0.6878, 0.0], [1.4016, 0.0], [2.1154, 0.0], [3.4003, 0.0], [1.1161, 0.0], [2.5437, 0.0]], [[0.6878, 0.0], [1.4016, 0.0], [2.1154, 0.0], [3.4003, 0.0], [10.5386, 0.0], [5.6846, 0.0]]]",0.8198,0.0,0.0,0.0,0.0,0.0,0.0,True,"[4, 4, 4]",0.0,0.0,0.0,1.8775,4.0,1.4016,3.4003,2.5437,1.0447,1.9013,1.8775,"[[0.688, 0.0], [1.402, 0.0], [2.115, 0.0], [3.4, 0.0], [2.401, 0.0], [3.829, 0.0]]",ok,3.9714,0.0,1.0,1.0,0.0,1.0,1.0,0.0,0.5,0.6666666666666666,284234f5451d495fa01bd24bd04993dc,scene-0780,42
1.1161,1.9727,2.5437,0.6878,1.2588,1.6871,0.0,0.0,0.0,0.0,0.0,0.0,0.0,0.0,0.0,ok,straight,2.2582,2.2582,2.848,1.4016,1.6871,2.7611,False,"[-0.0, -0.0653, -0.3916, -0.2611]","[-471.1424, -478.829, -5630.9893, -1529782.7088]","[-1187359.1411, -1187359.5604, -2192991.8634, -3717143.5829]","[1.973, 1.878, 5.927, 13.258]","[[[0.545, 0.0], [2.2582, 0.0], [1.6871, 0.0], [2.2582, 0.0], [2.5437, 0.0], [2.5437, 0.0]], [[0.545, 0.0], [2.2582, 0.0], [1.6871, 0.0], [2.2582, 0.0], [2.5437, 0.0], [1.9727, -0.1305]], [[0.545, 0.0], [2.2582, 0.0], [1.6871, 0.0], [2.2582, 0.0], [11.3952, -0.5222], [17.3913, -0.7833]], [[0.545, 0.0], [2.2582, 0.0], [1.6871, 0.0], [2.2582, 0.0], [69.6432, -0.1305], [3.1148, -0.5222]]]",4.6278,0.0,0.0,0.0,0.0,0.0,1.0,False,"[4, 3, 4]",0.0,0.0,0.16666666666666666,1.8782,4.0,2.2582,2.2582,1.977,1.4016,1.6871,1.8782,"[[0.545, 0.0], [2.258, 0.0], [1.687, 0.0], [2.258, 0.0], [6.969, -0.065], [2.829, -0.326]]",ok,13.2584,0.0,1.0,1.0,0.0,1.0,1.0,0.0,0.5,0.6666666666666666,87c3788da01f4f63953f35383d0f5095,scene-0781,42
1.6871,2.5437,3.4003,1.2588,1.8299,2.2582,0.0,0.0,0.0,0.0,0.0,0.0,0.0,0.0,0.0,ok,straight,2.5437,2.1154,3.4003,1.8299,1.7585,2.1868,True,"[-0.0, -0.0, -0.1305, -3.6554]","[-739.3292, -933.5839, -1410.6546, -31997.582]","[-1619610.6485, -1619610.663, -2621022.5068, -2651609.4341]","[2.211, 2.068, 2.45, 6.183]","[[[1.1161, 0.0], [2.5437, 0.0], [1.2588, 0.0], [2.1154, 0.0], [2.8293, 0.0], [3.4003, 0.0]], [[1.1161, 0.0], [2.5437, 0.0], [1.2588, 0.0], [2.1154, 0.0], [1.9727, 0.0], [3.4003, 0.0]], [[1.1161, 0.0], [2.5437, 0.0], [1.2588, 0.0], [2.1154, 0.0], [4.5424, 0.0], [3.1148, 0.2611]], [[1.1161, 0.0], [2.5437, 0.0], [1.2588, 0.0], [2.1154, 0.0], [2.5437, 0.0], [26.5282, -7.3108]]]",1.7113,0.0,0.0,0.0,0.0,0.0,0.0,True,"[4, 4, 4]",0.0,0.0,0.0,2.0678,4.0,2.5437,2.1154,3.4003,1.8299,1.7585,2.0678,"[[1.116, 0.0], [2.544, 0.0], [1.259, 0.0], [2.115, 0.0], [2.686, 0.0], [3.4, 0.0]]",ok,6.1825,0.0,1.0,1.0,0.0,1.0,1.0,0.0,0.5,0.6666666666666666,07cc7c2f5d22463398a2cda8670d08e9,scene-0781,42
1.1161,1.6871,2.5437,0.6878,1.1875,1.4968,0.0,0.0,0.0,0.0,0.0,0.0,0.0,0.0,0.0,ok,straight,1.8299,2.401,3.8286,1.6158,1.7942,2.2821,False,"[-0.0, -0.0, -0.0, -0.0]","[-82.4403, -96.3831, -349.2636, -362.9424]","[-1136423.4573, -1136423.5617, -1136425.4556, -1136425.558]","[2.472, 2.569, 2.092, 1.901]","[[[1.4016, 0.0], [1.8299, 0.0], [1.5444, 0.0], [2.401, 0.0], [3.4003, 0.0], [4.2569, 0.0]], [[1.4016, 0.0], [1.8299, 0.0], [1.5444, 0.0], [2.401, 0.0], [3.4003, 0.2611], [4.828, 0.0]], [[1.4016, 0.0], [1.8299, 0.0], [1.5444, 0.0], [2.401, 0.0], [1.9727, 0.1305], [3.4003, 0.0]], [[1.4016, 0.0], [1.8299, 0.0], [1.5444, 0.0], [2.401, 0.0], [1.6871, 0.0], [2.5437, 0.0]]]",0.2727,0.0,0.0,0.0,0.0,0.0,0.0,True,"[4, 4, 4]",0.0,0.0,0.0,1.9013,4.0,1.8299,2.401,2.5437,1.6158,1.7942,1.9013,"[[1.402, 0.0], [1.83, 0.0], [1.544, 0.0], [2.401, 0.0], [2.686, 0.065], [3.829, 0.0]]",ok,2.5692,0.0,1.0,1.0,0.0,1.0,1.0,0.0,0.5,0.6666666666666666,7e5447a8b3184ab1a0664511d21b8c6f,scene-0781,42
1.1161,2.5437,3.204,0.9733,1.5444,2.0341,0.0,0.0,0.0,0.0,0.0,0.0,0.0,0.0,0.0,ok,straight,1.9727,3.4003,3.7751,1.9013,2.1511,2.7717,False,"[-0.0, -0.0, -1.2402, -0.0]","[-642.334, -1005.5227, -685.041, -730.4019]","[-1096647.5962, -1096650.1566, -1096650.2067, -2097379.4461]","[2.391, 2.439, 3.024, 3.296]","[[[1.8299, 0.0], [1.9727, 0.0], [1.4016, 0.0], [3.4003, 0.0], [3.9714, 0.0], [1.9727, 0.0]], [[1.8299, 0.0], [1.9727, 0.0], [1.4016, 0.0], [3.4003, 0.0], [2.8293, 0.0], [3.4003, 0.0]], [[1.8299, 0.0], [1.9727, 0.0], [1.4016, 0.0], [3.4003, 0.0], [4.5424, 0.0], [4.5424, -2.4804]], [[1.8299, 0.0], [1.9727, 0.0], [1.4016, 0.0], [3.4003, 0.0], [5.9701, 0.2611], [5.399, 0.0]]]",0.3852,0.0,0.0,0.0,0.0,0.0,0.0,True,"[4, 4, 4]",0.0,0.0,0.0,2.391,4.0,1.9727,3.4003,1.7764,1.9013,2.1511,2.391,"[[1.83, 0.0], [1.973, 0.0], [1.402, 0.0], [3.4, 0.0], [4.257, 0.0], [3.971, 0.0]]",ok,3.2961,0.0,1.0,1.0,0.0,1.0,1.0,0.0,0.5,0.6666666666666666,a51cada4b76a41cabd4bb589a8a32e37,scene-0781,42
0.0316,0.1462,0.1978,0.1921,0.1547,0.2067,0.0,0.0,0.0,0.0,0.0,0.0,0.0,0.0,0.0,ok,straight,0.2551,0.4306,3.6607,0.2325,0.4522,1.0535,False,"[-0.0, -0.0, -0.0, -1.6319]","[-75.6065, -118.8801, -4060.2961, -13485.6448]","[-1457053.9663, -1457053.9742, -2461115.6367, -2470540.9854]","[0.547, 0.532, 1.529, 2.693]","[[[0.6878, 0.0], [1.4016, 0.0], [2.6865, -0.0653], [2.8293, 0.0], [2.5437, 0.0], [2.5437, 0.0]], [[0.6878, 0.0], [1.4016, 0.0], [2.6865, -0.0653], [2.8293, 0.0], [3.1148, 0.0], [4.828, 0.0]], [[0.6878, 0.0], [1.4016, 0.0], [2.6865, -0.0653], [2.8293, 0.0], [1.6871, 0.0], [9.682, 0.0]], [[0.6878, 0.0], [1.4016, 0.0], [2.6865, -0.0653], [2.8293, 0.0], [1.4016, 0.0], [15.9636, -3.2637]]]",0.8868,0.0,0.0,0.0,0.0,0.0,0.0,False,"[4, 4, 4]",0.0,0.0,0.0,0.5324,4.0,0.2551,0.4306,1.234,0.2325,0.4522,0.5324,"[[0.688, 0.0], [1.402, 0.0], [2.686, -0.065], [2.829, 0.0], [2.115, 0.0], [7.255, 0.0]]",ok,2.6928,0.0,1.0,1.0,0.0,1.0,1.0,0.0,0.25,0.5,9699d6a8d9384f8885e8c5318bc621ab,scene-0782,42
0.7638,2.9778,6.698,0.4368,1.3601,2.9803,0.0,0.0,0.0,0.0,0.0,0.0,0.0,0.0,0.0,ok,straight,0.6212,3.6908,6.7003,0.508,1.6096,3.242,False,"[-0.0653, -0.1958, -0.0653, -0.1305]","[-57.1557, -3574.1656, -11159.766, -237050.8672]","[-754376.1104, -1757951.8059, -1765537.4063, -1991428.5075]","[3.194, 4.196, 2.281, 11.431]","[[[1.4016, 0.0], [3.2576, 0.0], [4.3997, 0.0], [4.9707, -0.1305], [5.6846, 0.0], [7.3977, -0.1305]], [[1.4016, 0.0], [3.2576, 0.0], [4.3997, 0.0], [4.9707, -0.1305], [1.6871, -0.1305], [5.399, 0.3916]], [[1.4016, 0.0], [3.2576, 0.0], [4.3997, 0.0], [4.9707, -0.1305], [12.2517, -0.1305], [7.9688, 0.1305]], [[1.4016, 0.0], [3.2576, 0.0], [4.3997, 0.0], [4.9707, -0.1305], [4.5424, -0.1305], [69.6432, -0.2611]]]",3.6178,0.0,0.0,0.0,0.0,0.0,0.0,True,"[4, 4, 4]",0.0,0.0,0.0,2.2805,4.0,0.6212,3.6908,6.42,0.508,1.6096,2.2805,"[[1.402, 0.0], [3.258, 0.0], [4.4, 0.0], [4.971, -0.131], [5.113, -0.131], [7.683, 0.0]]",ok,11.4308,0.0,0.0,0.0,0.0,0.0,0.0,0.0,0.0,0.0,6652a70586d741f5b9da67434412dd36,scene-0782,42
4.6098,8.8001,15.9026,3.4507,5.6772,8.3967,0.0,0.0,1.0,0.0,0.0,1.0,0.0,0.0,0.3333333333333333,ok,straight,3.612,9.0853,13.3369,2.6659,5.035,7.4705,True,"[-0.0653, -0.8486, -0.1305, -0.3916]","[-53.9143, -473.744, -1180.0257, -7934.8525]","[-597697.5317, -597700.2063, -1598879.2445, -1605634.0713]","[8.111, 7.005, 8.257, 4.406]","[[[2.5437, -0.0653], [4.9707, 0.0], [7.255, 0.0], [8.2543, -0.0653], [9.1109, 0.0], [10.253, -0.1305]], [[2.5437, -0.0653], [4.9707, 0.0], [7.255, 0.0], [8.2543, -0.0653], [11.6807, -0.7833], [14.536, -1.6971]], [[2.5437, -0.0653], [4.9707, 0.0], [7.255, 0.0], [8.2543, -0.0653], [7.3977, -0.5222], [11.1096, -0.2611]], [[2.5437, -0.0653], [4.9707, 0.0], [7.255, 0.0], [8.2543, -0.0653], [19.9611, 0.7833], [30.5257, 0.7833]]]",1.5438,0.0,0.0,1.0,0.0,0.0,1.0,True,"[4, 4, 4]",0.0,0.0,0.16666666666666666,4.4059,4.0,3.612,9.0853,4.3973,2.6659,5.035,4.4059,"[[2.544, -0.065], [4.971, 0.0], [7.255, 0.0], [8.254, -0.065], [10.396, -0.261], [12.823, -0.196]]",ok,8.2572,0.0,0.0,0.0,0.0,0.0,0.0,0.0,0.0,0.0,8af2e40c9e8b4bec94a3d701d8d5753e,scene-0782,42
1.7872,1.5656,4.4693,1.188,1.3804,2.2134,0.0,0.0,0.0,0.0,0.0,0.0,0.0,0.0,0.0,ok,straight,1.9291,1.7083,0.1908,1.1877,1.7369,1.5736,True,"[-0.0, -0.0653, -0.1305, -0.0653]","[-193.5452, -365.0235, -2456.6447, -7366.1504]","[-348903.7091, -348905.1826, -1351362.5977, -1356272.1034]","[1.313, 2.166, 1.824, 2.084]","[[[3.8286, 0.0], [6.3984, -0.0653], [9.2537, -0.0653], [14.1077, -0.1305], [19.1045, 0.0], [23.3874, 0.0]], [[3.8286, 0.0], [6.3984, -0.0653], [9.2537, -0.0653], [14.1077, -0.1305], [17.9623, -0.1305], [19.39, -0.1305]], [[3.8286, 0.0], [6.3984, -0.0653], [9.2537, -0.0653], [14.1077, -0.1305], [16.5347, 0.2611], [24.8151, -0.2611]], [[3.8286, 0.0], [6.3984, -0.0653], [9.2537, -0.0653], [14.1077, -0.1305], [14.2505, 0.2611], [23.9585, 0.1305]]]",0.3329,0.0,0.0,0.0,0.0,0.0,0.0,False,"[4, 4, 4]",0.0,0.0,0.0,1.3133,4.0,1.9291,1.7083,0.4837,1.1877,1.7369,1.3133,"[[3.829, 0.0], [6.398, -0.065], [9.254, -0.065], [14.108, -0.131], [17.249, 0.131], [23.673, -0.065]]",ok,2.1656,0.0,0.0,0.0,0.0,0.0,0.0,0.0,0.0,0.0,95682f8329cf487aa061d968b08f80ea,scene-0782,42
4.7184,8.467,14.5332,3.439,5.5287,8.1127,0.0,0.0,0.0,0.0,0.0,0.0,0.0,0.0,0.0,ok,straight,3.7193,8.3251,11.9661,2.5826,5.172,7.5662,True,"[-0.0653, -0.3916, -0.0, -0.0]","[-929.1147, -2460.5502, -4251.5118, -230511.8294]","[-2122654.2558, -3125115.7012, -3126906.6629, -3353166.9804]","[7.923, 6.696, 7.638, 13.167]","[[[2.6865, 0.0], [4.6852, 0.0], [5.5418, 0.0], [8.6826, -0.0653], [9.1109, -0.1305], [10.253, -0.1305]], [[2.6865, 0.0], [4.6852, 0.0], [5.5418, 0.0], [8.6826, -0.0653], [13.9649, 0.2611], [12.8228, 0.7833]], [[2.6865, 0.0], [4.6852, 0.0], [5.5418, 0.0], [8.6826, -0.0653], [7.6833, -0.3916], [13.3939, 0.0]], [[2.6865, 0.0], [4.6852, 0.0], [5.5418, 0.0], [8.6826, -0.0653], [7.3977, 0.0], [69.6432, 0.0]]]",2.5304,0.0,0.0,0.0,0.0,0.0,0.0,False,"[4, 4, 4]",0.0,0.0,0.0,6.6959,4.0,3.7193,8.3251,12.2954,2.5826,5.172,6.6959,"[[2.686, 0.0], [4.685, 0.0], [5.542, 0.0], [8.683, -0.065], [8.397, -0.065], [13.108, 0.0]]",ok,13.1675,0.0,0.0,0.0,0.0,0.0,0.0,0.0,0.0,0.0,e829650532104af6bdb060d75924421f,scene-0783,42
5.0595,11.3395,17.4084,3.8188,6.5718,9.5736,0.0,0.0,0.0,0.0,0.0,0.0,0.0,0.0,0.0,ok,straight,5.345,10.6258,17.8366,3.8188,6.1796,9.1217,True,"[-0.0, -0.5222, -0.0, -0.1305]","[-732.8184, -1034.9995, -2861.0218, -6263.3551]","[-1040984.4581, -1040987.0354, -2043847.147, -2047249.4802]","[9.407, 8.511, 9.122, 9.313]","[[[1.9727, 0.0], [3.4003, 0.0], [6.8267, -0.0653], [7.5405, 0.0], [8.5399, 0.0], [10.253, 0.0]], [[1.9727, 0.0], [3.4003, 0.0], [6.8267, -0.0653], [7.5405, 0.0], [10.253, 0.1305], [13.9649, -1.0444]], [[1.9727, 0.0], [3.4003, 0.0], [6.8267, -0.0653], [7.5405, 0.0], [11.1096, 0.1305], [9.3964, 0.0]], [[1.9727, 0.0], [3.4003, 0.0], [6.8267, -0.0653], [7.5405, 0.0], [11.9662, -0.1305], [7.3977, 0.2611]]]",0.3487,0.0,0.0,0.0,0.0,0.0,0.0,False,"[4, 4, 4]",0.0,0.0,0.0,8.5111,4.0,5.345,10.6258,13.7453,3.8188,6.1796,8.5111,"[[1.973, 0.0], [3.4, 0.0], [6.827, -0.065], [7.541, 0.0], [10.681, 0.065], [9.825, 0.0]]",ok,9.4073,0.0,0.0,0.0,0.0,0.0,0.0,0.0,0.0,0.0,28553ad064614cb09fa5d4f12e4fa064,scene-0783,42
3.5687,7.3325,9.2282,2.4422,4.2726,5.9082,0.0,0.0,0.0,0.0,0.0,0.0,0.0,0.0,0.0,ok,straight,3.854,6.0579,8.7933,2.7276,4.1343,5.8166,True,"[-0.0653, -1.6319, -0.4569, -0.0653]","[-458.4527, -360.7759, -2802.3387, -4318.4654]","[-501370.3641, -1501732.8197, -1504174.3824, -1505690.5092]","[5.815, 5.842, 5.483, 6.055]","[[[2.8293, 0.0], [5.1135, 0.0], [8.3971, 0.1305], [11.8235, 0.1305], [13.1083, 0.0], [16.2492, -0.1305]], [[2.8293, 0.0], [5.1135, 0.0], [8.3971, 0.1305], [11.8235, 0.1305], [14.2505, 0.2611], [15.6781, 3.2637]], [[2.8293, 0.0], [5.1135, 0.0], [8.3971, 0.1305], [11.8235, 0.1305], [12.2517, 0.1305], [19.1045, -0.9138]], [[2.8293, 0.0], [5.1135, 0.0], [8.3971, 0.1305], [11.8235, 0.1305], [10.8241, 0.2611], [17.1058, -0.1305]]]",0.2047,0.0,0.0,0.0,0.0,0.0,0.0,False,"[4, 4, 4]",0.0,0.0,0.0,5.4825,4.0,3.854,6.0579,6.3651,2.7276,4.1343,5.4825,"[[2.829, 0.0], [5.113, 0.0], [8.397, 0.131], [11.823, 0.131], [12.68, 0.196], [16.677, -0.131]]",ok,6.0547,0.0,0.0,0.0,0.0,0.0,0.0,0.0,0.0,0.0,73ec2b6b0f8541bbbd01ab56134a2abd,scene-0783,42
1.5356,1.8592,0.6259,1.2063,1.5605,1.3787,0.0,0.0,0.0,0.0,0.0,0.0,0.0,0.0,0.0,ok,straight,1.5356,1.3909,1.6972,1.2063,1.2624,1.2152,True,"[-0.0, -0.5222, -0.4569, -1.3055]","[-125.414, -286.8496, -1414.3196, -1493.9219]","[-250266.4338, -250267.8039, -1251683.094, -1251762.6963]","[1.18, 1.318, 1.83, 1.998]","[[[2.2582, 0.0], [4.2569, 0.0], [6.6839, 0.1305], [8.1116, 0.5222], [9.1109, 0.0], [10.5386, 0.0]], [[2.2582, 0.0], [4.2569, 0.0], [6.6839, 0.1305], [8.1116, 0.5222], [9.682, 0.3916], [8.8254, 1.0444]], [[2.2582, 0.0], [4.2569, 0.0], [6.6839, 0.1305], [8.1116, 0.5222], [11.6807, -1.6971], [13.9649, -0.9138]], [[2.2582, 0.0], [4.2569, 0.0], [6.6839, 0.1305], [8.1116, 0.5222], [10.253, 1.1749], [16.2492, -2.611]]]",0.3413,0.0,0.0,0.0,0.0,0.0,0.0,True,"[3, 4, 4]",0.0,0.0,0.0,1.1799,4.0,1.5356,1.3909,0.6259,1.2063,1.2624,1.1799,"[[2.258, 0.0], [4.257, 0.0], [6.684, 0.131], [8.112, 0.522], [9.968, 0.196], [12.252, -0.457]]",ok,1.9981,0.0,0.0,0.0,0.0,0.0,0.0,0.0,0.0,0.0,4a0987ae93eb4cb7b77e94f8ab034a27,scene-0783,42
1.1122,1.1136,2.5412,0.6754,0.8945,1.2055,0.0,0.0,0.0,0.0,0.0,0.0,0.0,0.0,0.0,ok,straight,1.9702,2.9695,2.3985,1.3185,2.18,7.773,False,"[-0.0, -0.0, -0.1305, -0.0]","[-122.3719, -624.3238, -1529984.0557, -1539390.5885]","[-2831640.4132, -3832266.3147, -5361626.0465, -5371032.5794]","[1.778, 2.062, 13.533, 13.436]","[[[0.6878, 0.0], [1.9727, 0.0653], [3.1148, 0.0653], [2.972, 0.0], [1.4016, -0.1305], [0.545, 0.0]], [[0.6878, 0.0], [1.9727, 0.0653], [3.1148, 0.0653], [2.972, 0.0], [1.1161, 0.0], [2.5437, 0.0]], [[0.6878, 0.0], [1.9727, 0.0653], [3.1148, 0.0653], [2.972, 0.0], [69.6432, 0.3916], [2.8293, -0.2611]], [[0.6878, 0.0], [1.9727, 0.0653], [3.1148, 0.0653], [2.972, 0.0], [69.6432, 0.0], [2.2582, 0.0]]]",5.7832,0.0,0.0,0.0,0.0,0.0,0.0,False,"[4, 4, 4]",0.0,0.0,0.0,1.7777,4.0,1.9702,2.9695,0.5428,1.3185,2.18,1.7777,"[[0.688, 0.0], [1.973, 0.065], [3.115, 0.065], [2.972, 0.0], [35.522, 0.0], [2.401, 0.0]]",ok,13.5331,0.0,0.0,0.0,0.0,0.0,0.0,0.0,0.0,0.0,abad69b7e6194c95b18a054aa082cfb8,scene-0784,42
1.6871,2.5437,5.1135,0.9733,1.6871,2.6389,0.0,0.0,0.0,0.0,0.0,0.0,0.0,0.0,0.0,ok,straight,0.6878,3.6864,3.8286,0.7592,1.9728,2.4486,True,"[-0.0, -0.2611, -0.0, -0.0653]","[-405.7636, -2219.8486, -2310.762, -438444.5751]","[-1727416.2455, -2729637.4405, -2729728.3539, -3165862.167]","[2.829, 2.595, 1.878, 8.323]","[[[0.8306, 0.0], [0.6878, 0.0], [2.6865, 0.0], [3.6858, -0.0653], [3.9714, 0.0], [5.1135, 0.0]], [[0.8306, 0.0], [0.6878, 0.0], [2.6865, 0.0], [3.6858, -0.0653], [1.9727, 0.0], [5.6846, 0.5222]], [[0.8306, 0.0], [0.6878, 0.0], [2.6865, 0.0], [3.6858, -0.0653], [0.8306, 0.0], [2.5437, 0.0]], [[0.8306, 0.0], [0.6878, 0.0], [2.6865, 0.0], [3.6858, -0.0653], [38.235, -9.9218], [2.5437, -0.1305]]]",2.574,0.0,0.0,0.0,0.0,0.0,0.0,True,"[4, 4, 4]",0.0,0.0,0.0,1.8776,4.0,0.6878,3.6864,2.5437,0.7592,1.9728,1.8776,"[[0.831, 0.0], [0.688, 0.0], [2.686, 0.0], [3.686, -0.065], [2.972, 0.0], [3.829, 0.0]]",ok,8.3232,0.0,0.0,0.0,0.0,0.0,0.0,0.0,0.0,0.0,e821c04bbefc4fea85433c8976e786d0,scene-0784,42
1.6871,3.1148,4.5424,1.2588,2.0441,2.7817,0.0,0.0,0.0,0.0,0.0,0.0,0.0,0.0,0.0,ok,straight,1.5457,1.2588,4.2569,1.1168,1.4733,2.4727,True,"[-0.1305, -0.0, -0.0, -0.1958]","[-683.8071, -1524.8994, -4077.8027, -17813.7902]","[-500891.1544, -1502416.2483, -1504969.1516, -1518705.1391]","[2.165, 2.401, 2.598, 3.071]","[[[0.6878, 0.0], [1.5444, -0.0653], [2.401, 0.0], [1.2588, 0.0], [2.8293, 0.1305], [4.2569, -0.2611]], [[0.6878, 0.0], [1.5444, -0.0653], [2.401, 0.0], [1.2588, 0.0], [3.9714, 0.0], [4.5424, 0.0]], [[0.6878, 0.0], [1.5444, -0.0653], [2.401, 0.0], [1.2588, 0.0], [5.399, -0.6527], [4.2569, 0.0]], [[0.6878, 0.0], [1.5444, -0.0653], [2.401, 0.0], [1.2588, 0.0], [9.1109, -0.1305], [3.4003, 0.3916]]]",0.3332,0.0,0.0,0.0,0.0,0.0,0.0,False,"[4, 4, 4]",0.0,0.0,0.0,2.1651,4.0,1.5457,1.2588,4.2649,1.1168,1.4733,2.1651,"[[0.688, 0.0], [1.544, -0.065], [2.401, 0.0], [1.259, 0.0], [4.685, -0.065], [4.257, 0.0]]",ok,3.0713,0.0,0.0,0.0,0.0,0.0,0.0,0.0,0.0,0.0,c6b40ac823cd4e0fb1c99b9602364b0d,scene-0784,42
1.6871,3.6858,5.1152,1.4016,2.2582,3.0199,0.0,0.0,0.0,0.0,0.0,0.0,0.0,0.0,0.0,ok,straight,1.6871,4.3997,8.1118,1.9013,2.6865,3.805,False,"[-0.0653, -0.1305, -0.3916, -0.1305]","[-791.462, -6588.4049, -9976.4633, -16766.6691]","[-962150.6404, -1968741.2958, -1972129.3543, -1978919.5601]","[3.305, 4.83, 3.929, 4.737]","[[[2.1154, 0.0], [1.6871, 0.0], [2.5437, 0.0], [4.3997, 0.0], [3.9714, 0.0], [5.1135, -0.1305]], [[2.1154, 0.0], [1.6871, 0.0], [2.5437, 0.0], [4.3997, 0.0], [3.9714, -0.2611], [14.2505, 0.2611]], [[2.1154, 0.0], [1.6871, 0.0], [2.5437, 0.0], [4.3997, 0.0], [1.6871, -0.1305], [11.1096, -0.7833]], [[2.1154, 0.0], [1.6871, 0.0], [2.5437, 0.0], [4.3997, 0.0], [12.5373, 0.6527], [5.1135, 0.2611]]]",0.6242,0.0,0.0,0.0,0.0,0.0,0.0,False,"[4, 4, 4]",0.0,0.0,0.0,3.3054,4.0,1.6871,4.3997,5.1152,1.9013,2.6865,3.3054,"[[2.115, 0.0], [1.687, 0.0], [2.544, 0.0], [4.4, 0.0], [3.971, -0.065], [8.112, 0.065]]",ok,4.8298,0.0,0.0,0.0,0.0,0.0,0.0,0.0,0.0,0.0,e39400ef772142919c70b68f77780294,scene-0784,42
1.1161,0.0261,1.1161,0.6878,0.6294,0.7916,0.0,0.0,0.0,0.0,0.0,0.0,0.0,0.0,0.0,ok,straight,1.5444,2.6865,6.2559,1.0447,1.3302,2.2821,False,"[-0.1305, -0.0653, -0.0, -0.0653]","[-884.981, -1291.9211, -2143.2866, -11422.2897]","[-1809215.8002, -1809622.7404, -1810474.1059, -1819753.1089]","[3.496, 1.688, 1.259, 3.543]","[[[0.545, 0.0], [1.5444, 0.0], [0.545, 0.0], [2.6865, 0.0], [5.399, 0.0], [10.253, 0.2611]], [[0.545, 0.0], [1.5444, 0.0], [0.545, 0.0], [2.6865, 0.0], [2.5437, 0.0], [2.2582, -0.1305]], [[0.545, 0.0], [1.5444, 0.0], [0.545, 0.0], [2.6865, 0.0], [1.1161, 0.0], [1.1161, 0.0]], [[0.545, 0.0], [1.5444, 0.0], [0.545, 0.0], [2.6865, 0.0], [1.6871, 0.0], [14.2505, -0.1305]]]",1.0345,0.0,0.0,1.0,0.0,0.0,1.0,False,"[4, 4, 4]",0.0,0.0,0.16666666666666666,1.2588,4.0,1.5444,2.6865,1.1161,1.0447,1.3302,1.2588,"[[0.545, 0.0], [1.544, 0.0], [0.545, 0.0], [2.686, 0.0], [2.115, 0.0], [6.256, -0.065]]",ok,3.5432,1.0,1.0,1.0,1.0,1.0,1.0,0.5,0.75,0.6666666666666666,159f9a70a6d64e27a38b3b2668b5a68e,scene-0794,42
1.1161,0.026,0.545,0.6878,0.6294,0.6013,0.0,0.0,0.0,0.0,0.0,0.0,0.0,0.0,0.0,ok,straight,1.1161,4.1141,22.3884,0.9733,1.9013,5.8274,False,"[-0.0, -0.0, -0.2611, -0.1305]","[-1063.1981, -3059.8828, -64654.8818, -245100.9141]","[-1503058.5146, -1505055.1993, -1566650.1983, -1747096.2306]","[2.592, 1.64, 9.349, 13.585]","[[[0.8306, 0.0], [1.1161, 0.0], [1.5444, 0.0], [4.1141, 0.0], [5.6846, 0.1305], [2.2582, 0.0]], [[0.8306, 0.0], [1.1161, 0.0], [1.5444, 0.0], [4.1141, 0.0], [1.1161, 0.0], [1.1161, 0.0]], [[0.8306, 0.0], [1.1161, 0.0], [1.5444, 0.0], [4.1141, 0.0], [5.9701, 0.0], [42.5179, -0.5222]], [[0.8306, 0.0], [1.1161, 0.0], [1.5444, 0.0], [4.1141, 0.0], [4.2569, -0.1305], [69.6432, -0.2611]]]",4.9212,0.0,1.0,0.0,0.0,1.0,1.0,False,"[3, 4, 4]",0.0,0.25,0.3333333333333333,1.6396,4.0,1.1161,4.1141,1.1161,0.9733,1.9013,1.6396,"[[0.831, 0.0], [1.116, 0.0], [1.544, 0.0], [4.114, 0.0], [4.971, 0.0], [22.388, -0.131]]",ok,13.5846,1.0,1.0,1.0,1.0,1.0,1.0,0.5,0.75,0.6666666666666666,8e7b267872c04c2b8a49b034ce6a9180,scene-0794,42
1.1161,0.1549,0.1785,0.6878,0.6521,0.4951,0.0,0.0,0.0,0.0,0.0,0.0,0.0,0.0,0.0,ok,straight,1.1161,0.5589,1.963,0.9733,1.5026,2.3692,False,"[-0.0, -0.0, -0.0, -0.0]","[-2604.0691, -13095.0323, -14231.2631, -33775.2817]","[-1756809.308, -1767300.2712, -1768436.502, -1787980.5206]","[1.062, 2.751, 2.37, 2.94]","[[[0.8306, 0.0], [1.1161, 0.0], [3.5431, 0.0], [0.6878, 0.0], [-0.026, 0.0], [-0.026, 0.0]], [[0.8306, 0.0], [1.1161, 0.0], [3.5431, 0.0], [0.6878, 0.0], [6.5412, -0.2611], [4.2569, 0.0]], [[0.8306, 0.0], [1.1161, 0.0], [3.5431, 0.0], [0.6878, 0.0], [6.2556, -0.2611], [2.2582, 0.0]], [[0.8306, 0.0], [1.1161, 0.0], [3.5431, 0.0], [0.6878, 0.0], [9.9675, 0.0], [1.9727, 0.0]]]",0.7328,0.0,0.0,0.0,0.0,0.0,1.0,False,"[4, 4, 4]",0.0,0.0,0.16666666666666666,1.0621,4.0,1.1161,0.5589,0.1785,0.9733,1.5026,1.0621,"[[0.831, 0.0], [1.116, 0.0], [3.543, 0.0], [0.688, 0.0], [6.398, -0.131], [2.115, 0.0]]",ok,2.94,1.0,1.0,0.0,1.0,1.0,1.0,0.5,0.75,0.5,4f497d33a81042ae992f5109f2ea072f,scene-0794,42
1.3011,4.4601,8.5103,0.8095,2.1927,3.9034,0.0,0.0,0.0,0.0,0.0,0.0,0.0,0.0,0.0,ok,straight,1.1584,1.4622,3.6594,0.6344,1.0345,2.2038,True,"[-0.0653, -0.0, -0.1958, -0.0]","[-782.6468, -2071.7463, -5778.1413, -7203.0466]","[-1259868.6409, -1261157.7404, -1264864.1354, -1266289.0406]","[2.087, 3.131, 1.688, 1.636]","[[[0.4023, 0.0], [0.1167, 0.0], [1.2588, 0.0], [2.972, 0.0], [4.5424, 0.1305], [1.6871, 0.1305]], [[0.4023, 0.0], [0.1167, 0.0], [1.2588, 0.0], [2.972, 0.0], [-0.026, 0.0], [-0.026, 0.0]], [[0.4023, 0.0], [0.1167, 0.0], [1.2588, 0.0], [2.972, 0.0], [0.8306, 0.0], [7.9688, 0.3916]], [[0.4023, 0.0], [0.1167, 0.0], [1.2588, 0.0], [2.972, 0.0], [0.545, 0.0], [8.5399, 0.0]]]",0.6006,0.0,0.0,0.0,0.0,0.0,0.0,False,"[4, 4, 4]",0.0,0.0,0.0,1.6365,4.0,1.1584,1.4622,0.1127,0.6344,1.0345,1.6365,"[[0.402, 0.0], [0.117, 0.0], [1.259, 0.0], [2.972, 0.0], [0.688, 0.0], [4.828, 0.065]]",ok,3.1313,0.0,0.0,0.0,0.0,0.0,0.0,0.0,0.0,0.0,3c55b075eee045b7918e4c12275cbdaa,scene-0794,42
3.8848,8.0796,13.9995,2.8516,5.0039,7.5826,0.0,0.0,0.0,0.0,0.0,0.0,0.0,0.0,0.0,ok,straight,4.1703,7.2439,12.7252,2.7802,4.795,7.1109,True,"[-0.0653, -0.1958, -0.1305, -0.3916]","[-811.5105, -308.0731, -2077.5044, -55398.4532]","[-507108.8489, -507109.8965, -1509188.0102, -1562508.959]","[7.443, 6.748, 7.491, 7.891]","[[[1.5444, 0.0], [1.9727, 0.0], [3.5431, 0.0], [5.9701, 0.2611], [5.6846, 0.0], [7.3977, 0.1305]], [[1.5444, 0.0], [1.9727, 0.0], [3.5431, 0.0], [5.9701, 0.2611], [7.9688, 1.0444], [9.3964, -0.3916]], [[1.5444, 0.0], [1.9727, 0.0], [3.5431, 0.0], [5.9701, 0.2611], [4.828, -0.2611], [7.9688, 0.2611]], [[1.5444, 0.0], [1.9727, 0.0], [3.5431, 0.0], [5.9701, 0.2611], [7.1122, -1.3055], [39.3771, 0.7833]]]",0.4113,0.0,0.0,0.0,0.0,0.0,0.0,True,"[4, 4, 4]",0.0,0.0,0.0,6.7476,4.0,4.1703,7.2439,11.9706,2.7802,4.795,6.7476,"[[1.544, 0.0], [1.973, 0.0], [3.543, 0.0], [5.97, 0.261], [6.398, -0.131], [8.683, 0.196]]",ok,7.891,0.0,0.0,0.0,0.0,0.0,0.0,0.0,0.0,0.0,f8e8dd98088d458abb0a664330403168,scene-0795,42
4.5711,10.7845,17.1966,3.1877,6.1203,9.1023,0.0,0.0,0.0,0.0,0.0,0.0,0.0,0.0,0.0,ok,straight,4.8565,11.2034,16.5053,3.1164,6.1529,9.0563,True,"[-0.3264, -0.1305, -0.0653, -1.5013]","[-471.9971, -956.6238, -1039.9809, -1119.2933]","[-1079352.2794, -1079353.8663, -2080394.2547, -2080473.567]","[9.001, 9.124, 9.934, 8.787]","[[[3.5431, 0.0], [5.6846, -0.1305], [8.6826, -0.1958], [10.1103, -0.2611], [13.3939, -0.2611], [16.8202, 0.6527]], [[3.5431, 0.0], [5.6846, -0.1305], [8.6826, -0.1958], [10.1103, -0.2611], [13.9649, -0.2611], [15.3926, -0.2611]], [[3.5431, 0.0], [5.6846, -0.1305], [8.6826, -0.1958], [10.1103, -0.2611], [12.8228, -0.3916], [11.6807, 0.1305]], [[3.5431, 0.0], [5.6846, -0.1305], [8.6826, -0.1958], [10.1103, -0.2611], [14.2505, -0.2611], [17.1058, -3.0026]]]",0.4342,0.0,0.0,0.0,0.0,0.0,0.0,True,"[4, 4, 4]",0.0,0.0,0.0,8.7873,4.0,4.8565,11.2034,15.4602,3.1164,6.1529,8.7873,"[[3.543, 0.0], [5.685, -0.131], [8.683, -0.196], [10.11, -0.261], [13.679, -0.261], [16.106, -0.065]]",ok,9.9343,0.0,0.0,0.0,0.0,0.0,0.0,0.0,0.0,0.0,12494592c7614f2992bca2614f6b04e6,scene-0795,42
6.4278,13.7488,21.4638,4.8746,8.6117,12.1369,0.0,0.0,0.0,0.0,0.0,0.0,0.0,0.0,0.0,ok,straight,5.8551,12.0346,21.7472,4.6597,6.2934,10.6396,True,"[-0.0653, -0.0653, -0.2611, -7.115]","[-10653.0098, -10924.3575, -31784.483, -41086.9712]","[-1780750.2537, -1781021.6015, -1801881.7269, -1811184.2152]","[10.306, 10.643, 12.352, 10.688]","[[[2.972, 0.0], [7.1122, -0.1305], [15.6781, 0.0653], [13.9649, -0.0653], [16.2492, -0.1305], [19.9611, -0.1305]], [[2.972, 0.0], [7.1122, -0.1305], [15.6781, 0.0653], [13.9649, -0.0653], [16.2492, 0.3916], [17.9623, 0.1305]], [[2.972, 0.0], [7.1122, -0.1305], [15.6781, 0.0653], [13.9649, -0.0653], [5.9701, 0.0], [17.9623, -0.5222]], [[2.972, 0.0], [7.1122, -0.1305], [15.6781, 0.0653], [13.9649, -0.0653], [21.6742, 0.2611], [15.9636, -14.2299]]]",0.796,0.0,0.0,0.0,0.0,0.0,0.0,False,"[4, 4, 4]",0.0,0.0,0.0,10.3059,4.0,5.8551,12.0346,19.7508,4.6597,6.2934,10.3059,"[[2.972, 0.0], [7.112, -0.131], [15.678, 0.065], [13.965, -0.065], [16.249, 0.131], [17.962, -0.326]]",ok,12.3519,0.0,0.0,0.0,0.0,0.0,0.0,0.0,0.0,0.0,3b8e9827e2d44455b6ff48ee5982b77a,scene-0795,42
5.6336,10.7648,16.1017,4.0738,6.6299,9.2662,0.0,0.0,0.0,0.0,0.0,0.0,0.0,0.0,0.0,ok,straight,4.4918,7.6245,15.5331,3.4315,5.3811,8.1716,True,"[-0.1305, -0.3916, -0.0653, -0.3916]","[-2547.0731, -2781.8911, -26529.6745, -122694.3018]","[-1830613.769, -1830848.587, -1854596.3703, -1950760.9977]","[8.291, 8.431, 6.864, 10.783]","[[[3.8286, 0.0], [7.9688, 0.0], [11.6807, -0.0653], [17.3913, -0.1305], [18.2479, -0.1305], [22.2453, -0.2611]], [[3.8286, 0.0], [7.9688, 0.0], [11.6807, -0.0653], [17.3913, -0.1305], [17.9623, -0.5222], [21.6742, -0.7833]], [[3.8286, 0.0], [7.9688, 0.0], [11.6807, -0.0653], [17.3913, -0.1305], [29.098, -0.6527], [19.9611, -0.1305]], [[3.8286, 0.0], [7.9688, 0.0], [11.6807, -0.0653], [17.3913, -0.1305], [20.2466, -0.2611], [69.6432, 0.7833]]]",1.4055,0.0,0.0,0.0,0.0,0.0,0.0,False,"[4, 4, 4]",0.0,0.0,0.0,6.8641,4.0,4.4918,7.6245,17.5329,3.4315,5.3811,6.8641,"[[3.829, 0.0], [7.969, 0.0], [11.681, -0.065], [17.391, -0.131], [19.247, -0.392], [21.96, -0.196]]",ok,10.7828,0.0,0.0,0.0,0.0,0.0,0.0,0.0,0.0,0.0,1be40a3cf7474c6293b5639a2d498b97,scene-0795,42
5.5578,10.2169,13.0681,4.4796,6.8069,8.6627,0.0,0.0,0.0,0.0,0.0,0.0,0.0,0.0,0.0,ok,straight,5.4198,10.3519,12.3598,4.3393,6.4138,8.6866,False,"[-0.0, -0.1305, -0.1958, -0.0653]","[-826.0795, -893.7289, -8614.8124, -15875.0945]","[-1955671.2529, -1955673.0526, -2964288.324, -2971548.6061]","[8.688, 8.496, 8.922, 7.89]","[[[4.3997, 0.0], [8.6826, 0.0], [13.9649, -0.1305], [16.6775, -0.3264], [21.3887, -0.1305], [25.1006, 0.0]], [[4.3997, 0.0], [8.6826, 0.0], [13.9649, -0.1305], [16.6775, -0.3264], [21.6742, -0.1305], [25.9572, -0.2611]], [[4.3997, 0.0], [8.6826, 0.0], [13.9649, -0.1305], [16.6775, -0.3264], [16.5347, -0.1305], [28.5269, -0.3916]], [[4.3997, 0.0], [8.6826, 0.0], [13.9649, -0.1305], [16.6775, -0.3264], [17.1058, 0.3916], [34.2375, -0.1305]]]",0.3827,0.0,0.0,0.0,0.0,0.0,0.0,False,"[4, 4, 4]",0.0,0.0,0.0,7.8901,4.0,5.4198,10.3519,5.4108,4.3393,6.4138,7.8901,"[[4.4, 0.0], [8.683, 0.0], [13.965, -0.131], [16.677, -0.326], [19.247, -0.131], [27.242, -0.196]]",ok,8.9224,0.0,0.0,0.0,0.0,0.0,0.0,0.0,0.0,0.0,c1676a2feac74eee8aa38ca3901787d6,scene-0796,42
4.4272,8.6778,14.0377,3.3299,5.5111,7.8415,0.0,0.0,0.0,0.0,0.0,0.0,0.0,0.0,0.0,ok,straight,4.5715,8.5351,13.4646,3.5447,5.7612,7.6037,True,"[-0.1305, -0.5222, -0.2611, -0.3916]","[-351.6894, -3500.8836, -8568.9903, -11175.9467]","[-801799.3981, -1805302.9355, -1810371.0422, -1812977.9987]","[8.056, 7.168, 8.34, 8.295]","[[[3.4003, 0.0], [7.255, -0.0653], [10.3958, -0.1305], [15.2498, -0.1305], [18.5334, -0.1305], [21.6742, -0.2611]], [[3.4003, 0.0], [7.255, -0.0653], [10.3958, -0.1305], [15.2498, -0.1305], [22.8163, -0.2611], [22.8163, 1.0444]], [[3.4003, 0.0], [7.255, -0.0653], [10.3958, -0.1305], [15.2498, -0.1305], [14.536, -0.5222], [23.9585, -0.5222]], [[3.4003, 0.0], [7.255, -0.0653], [10.3958, -0.1305], [15.2498, -0.1305], [22.8163, -0.1305], [15.9636, -0.7833]]]",0.4727,0.0,0.0,0.0,0.0,0.0,0.0,False,"[4, 4, 4]",0.0,0.0,0.0,7.1676,4.0,4.5715,8.5351,12.9903,3.5447,5.7612,7.1676,"[[3.4, 0.0], [7.255, -0.065], [10.396, -0.131], [15.25, -0.131], [20.675, -0.196], [22.245, -0.392]]",ok,8.3405,0.0,0.0,0.0,0.0,0.0,0.0,0.0,0.0,0.0,17723c0411434e48875a93de4db0ecba,scene-0796,42
2.5626,4.8616,5.6318,2.0373,3.1366,4.0467,0.0,0.0,0.0,0.0,0.0,0.0,0.0,0.0,0.0,ok,straight,3.5626,5.0043,7.6306,2.5246,2.7736,4.1148,False,"[-0.0653, -1.6319, -0.0653, -1.2402]","[-11605.3822, -11762.3892, -13348.7586, -99891.0686]","[-3905651.9668, -3905808.9739, -3907395.3433, -3993937.6533]","[3.805, 4.925, 4.334, 8.562]","[[[7.5405, 0.0], [8.3971, -0.0653], [16.8202, -0.0653], [18.6762, -0.1305], [23.3874, -0.1305], [29.6691, -0.1305]], [[7.5405, 0.0], [8.3971, -0.0653], [16.8202, -0.0653], [18.6762, -0.1305], [22.2453, 0.0], [24.5295, -3.2637]], [[7.5405, 0.0], [8.3971, -0.0653], [16.8202, -0.0653], [18.6762, -0.1305], [24.244, -0.6527], [25.6716, -0.1305]], [[7.5405, 0.0], [8.3971, -0.0653], [16.8202, -0.0653], [18.6762, -0.1305], [23.6729, -0.5222], [69.6432, 2.4804]]]",1.8644,0.0,0.0,0.0,0.0,0.0,0.0,False,"[4, 4, 4]",0.0,0.0,0.0,3.8046,4.0,3.5626,5.0043,5.6318,2.5246,2.7736,3.8046,"[[7.541, 0.0], [8.397, -0.065], [16.82, -0.065], [18.676, -0.131], [23.53, -0.326], [27.67, -0.131]]",ok,8.5617,0.0,0.0,0.0,0.0,0.0,0.0,0.0,0.0,0.0,61d47d1198184bfdaa6777e9448d825d,scene-0796,42
2.7184,5.3317,6.4327,2.1287,3.4456,4.5006,0.0,0.0,0.0,0.0,0.0,0.0,0.0,0.0,0.0,ok,straight,3.0039,3.7611,7.2904,2.5569,3.0529,4.1677,True,"[-0.1305, -0.3916, -0.0653, -8.2899]","[-911.2346, -1105.5382, -1272.0074, -14367.2493]","[-2105706.1662, -2105900.4698, -2106066.939, -2119162.1808]","[4.239, 4.383, 4.667, 5.537]","[[[3.9714, 0.0], [9.1109, -0.1305], [14.8215, -0.1305], [20.3893, -0.1958], [23.3874, -0.1305], [29.6691, -0.2611]], [[3.9714, 0.0], [9.1109, -0.1305], [14.8215, -0.1305], [20.3893, -0.1958], [25.9572, -0.1305], [26.2427, -0.7833]], [[3.9714, 0.0], [9.1109, -0.1305], [14.8215, -0.1305], [20.3893, -0.1958], [22.5308, -0.2611], [27.9559, -0.1305]], [[3.9714, 0.0], [9.1109, -0.1305], [14.8215, -0.1305], [20.3893, -0.1958], [26.2427, -0.1305], [33.952, 16.5798]]]",0.5037,0.0,0.0,0.0,0.0,0.0,0.0,True,"[3, 4, 4]",0.0,0.0,0.0,4.2388,4.0,3.0039,3.7611,6.4327,2.5569,3.0529,4.2388,"[[3.971, 0.0], [9.111, -0.131], [14.822, -0.131], [20.389, -0.196], [24.672, -0.131], [28.812, -0.196]]",ok,5.5372,0.0,0.0,0.0,0.0,0.0,0.0,0.0,0.0,0.0,fa51f1910942494cbe396640010fea64,scene-0796,42
2.6063,4.1138,4.4004,1.9722,2.8802,3.2424,0.0,0.0,0.0,0.0,0.0,0.0,0.0,0.0,0.0,ok,straight,2.4635,0.4606,2.9731,2.0431,1.9667,2.586,True,"[-0.1305, -0.0653, -0.1958, -0.5222]","[-6965.1178, -10647.5085, -12553.7008, -29425.1085]","[-2194904.6617, -2198587.0524, -2200493.2446, -2217364.6524]","[2.633, 2.919, 2.159, 2.949]","[[[4.2569, -0.0653], [9.2537, -0.1305], [14.1077, -0.1305], [23.3874, -0.1305], [24.8151, -0.2611], [29.6691, -0.2611]], [[4.2569, -0.0653], [9.2537, -0.1305], [14.1077, -0.1305], [23.3874, -0.1305], [23.3874, -0.1305], [29.3835, -0.1305]], [[4.2569, -0.0653], [9.2537, -0.1305], [14.1077, -0.1305], [23.3874, -0.1305], [23.9585, -0.1305], [33.381, -0.3916]], [[4.2569, -0.0653], [9.2537, -0.1305], [14.1077, -0.1305], [23.3874, -0.1305], [20.2466, -0.1305], [32.5244, -1.0444]]]",0.3171,0.0,0.0,0.0,0.0,0.0,0.0,False,"[4, 4, 4]",0.0,0.0,0.0,2.1592,4.0,2.4635,0.4606,0.6975,2.0431,1.9667,2.1592,"[[4.257, -0.065], [9.254, -0.131], [14.108, -0.131], [23.387, -0.131], [23.673, -0.131], [31.097, -0.326]]",ok,2.9488,0.0,0.0,0.0,0.0,0.0,0.0,0.0,0.0,0.0,604d12ebcf784c3f945189f79262f19c,scene-0797,42
1.8111,4.2331,8.9695,1.285,2.3946,4.2351,0.0,0.0,0.0,0.0,0.0,0.0,0.0,0.0,0.0,ok,straight,3.0948,3.8048,10.6815,1.713,2.3595,4.9253,False,"[-0.0653, -0.1958, -0.2611, -0.1958]","[-2358.8925, -7141.453, -8230.1239, -102028.1033]","[-2016060.6855, -2020843.246, -2021931.9169, -2115729.8963]","[4.402, 5.595, 4.836, 10.545]","[[[4.3997, 0.0], [10.9669, -0.0653], [13.6794, 0.0], [18.6762, -0.1305], [25.9572, -0.1305], [29.6691, -0.1305]], [[4.3997, 0.0], [10.9669, -0.0653], [13.6794, 0.0], [18.6762, -0.1305], [29.6691, -0.9138], [33.0954, -0.3916]], [[4.3997, 0.0], [10.9669, -0.0653], [13.6794, 0.0], [18.6762, -0.1305], [28.8125, -0.1305], [29.3835, 0.5222]], [[4.3997, 0.0], [10.9669, -0.0653], [13.6794, 0.0], [18.6762, -0.1305], [22.8163, 0.2611], [69.6432, -0.3916]]]",2.4624,0.0,0.0,0.0,0.0,0.0,0.0,False,"[4, 4, 4]",0.0,0.0,0.0,4.402,4.0,3.0948,3.8048,8.9695,1.713,2.3595,4.402,"[[4.4, 0.0], [10.967, -0.065], [13.679, 0.0], [18.676, -0.131], [27.385, -0.131], [31.382, -0.261]]",ok,10.5448,0.0,0.0,0.0,0.0,0.0,0.0,0.0,0.0,0.0,b285e88bcfe943ae9d5a398f11bff413,scene-0797,42
1.3609,3.1973,3.5469,0.9617,1.9123,2.3837,0.0,0.0,0.0,0.0,0.0,0.0,0.0,0.0,0.0,ok,straight,1.6465,2.9118,6.6878,1.39,1.9837,3.074,False,"[-0.0, -0.0, -0.0653, -0.0653]","[-31.5066, -67.9905, -150.1451, -4691.6185]","[-817690.2083, -817690.2266, -817692.2678, -1822383.4299]","[2.431, 3.098, 3.05, 3.859]","[[[1.6871, 0.0], [2.5437, 0.0], [3.4003, 0.0], [4.2569, 0.0], [4.5424, 0.0], [5.1135, 0.0]], [[1.6871, 0.0], [2.5437, 0.0], [3.4003, 0.0], [4.2569, 0.0], [5.399, -0.1305], [8.2543, 0.0]], [[1.6871, 0.0], [2.5437, 0.0], [3.4003, 0.0], [4.2569, 0.0], [5.1135, -0.1305], [8.2543, -0.1305]], [[1.6871, 0.0], [2.5437, 0.0], [3.4003, 0.0], [4.2569, 0.0], [9.9675, -0.1305], [8.2543, -0.1305]]]",0.5064,0.0,0.0,1.0,0.0,0.0,1.0,True,"[4, 4, 4]",0.0,0.0,0.16666666666666666,2.4313,4.0,1.6465,2.9118,3.5469,1.39,1.9837,2.4313,"[[1.687, 0.0], [2.544, 0.0], [3.4, 0.0], [4.257, 0.0], [5.256, -0.131], [8.254, -0.065]]",ok,3.8592,0.0,1.0,1.0,0.0,1.0,1.0,0.0,0.5,0.6666666666666666,6434e21a18934c759cddbec6254d66d2,scene-0797,42
1.3908,3.3339,4.7628,1.1816,1.9703,2.6632,0.0,0.0,0.0,0.0,0.0,0.0,0.0,0.0,0.0,ok,straight,1.3908,3.9049,6.1905,6.1783,4.8256,4.995,False,"[-0.0653, -0.0, -0.0, -0.0653]","[-35181.1845, -35246.4773, -37632.8646, -39246.2491]","[-2761620.6089, -2761685.9018, -2764072.2891, -2765685.6736]","[5.471, 4.614, 4.995, 4.757]","[[[11.1096, 0.0], [1.6871, 0.0], [3.4003, 0.0], [4.2569, 0.0], [5.6846, 0.0], [8.5399, -0.1305]], [[11.1096, 0.0], [1.6871, 0.0], [3.4003, 0.0], [4.2569, 0.0], [3.9714, 0.0], [5.1135, 0.0]], [[11.1096, 0.0], [1.6871, 0.0], [3.4003, 0.0], [4.2569, 0.0], [7.3977, 0.0], [3.9714, 0.0]], [[11.1096, 0.0], [1.6871, 0.0], [3.4003, 0.0], [4.2569, 0.0], [1.9727, 0.0], [7.9688, 0.1305]]]",0.3252,0.0,0.0,1.0,1.0,1.0,1.0,False,"[4, 4, 4]",0.5,0.25,0.3333333333333333,4.6143,4.0,1.3908,3.9049,4.7628,6.1783,4.8256,4.6143,"[[11.11, 0.0], [1.687, 0.0], [3.4, 0.0], [4.257, 0.0], [4.828, 0.0], [6.541, 0.0]]",ok,5.4711,0.0,1.0,0.0,0.0,1.0,1.0,0.0,0.5,0.5,ea79b764adb244969b8df0897674695d,scene-0797,42
1.8853,4.2028,4.2641,1.5007,2.6396,3.255,0.0,0.0,0.0,0.0,0.0,0.0,0.0,0.0,0.0,ok,straight,2.028,4.6311,4.5496,1.4293,2.8538,3.1123,True,"[-0.0, -0.0, -0.0, -0.1305]","[-64.9494, -663.0318, -1155.1705, -299198.0361]","[-543904.4055, -1544568.5963, -1545060.7351, -1843103.6006]","[3.303, 3.922, 2.357, 13.06]","[[[0.8306, 0.0], [2.1154, 0.0], [4.2569, 0.0], [5.5418, 0.0], [6.5412, 0.0], [6.8267, 0.0]], [[0.8306, 0.0], [2.1154, 0.0], [4.2569, 0.0], [5.5418, 0.0], [8.5399, 0.1305], [8.5399, 0.0]], [[0.8306, 0.0], [2.1154, 0.0], [4.2569, 0.0], [5.5418, 0.0], [2.5437, 0.0], [1.1161, 0.0]], [[0.8306, 0.0], [2.1154, 0.0], [4.2569, 0.0], [5.5418, 0.0], [1.4016, 0.0], [69.6432, -0.2611]]]",4.3082,0.0,0.0,0.0,0.0,0.0,0.0,False,"[4, 4, 4]",0.0,0.0,0.0,2.3572,4.0,2.028,4.6311,2.0177,1.4293,2.8538,2.3572,"[[0.831, 0.0], [2.115, 0.0], [4.257, 0.0], [5.542, 0.0], [4.542, 0.0], [7.683, 0.0]]",ok,13.0595,0.0,1.0,1.0,0.0,1.0,1.0,0.0,0.5,0.6666666666666666,154dbc8467d64780a1acffda0193d46b,scene-0798,42
2.1543,6.24,10.808,1.6666,3.5158,5.4868,0.0,0.0,1.0,0.0,0.0,1.0,0.0,0.0,0.16666666666666666,ok,straight,2.297,6.9546,11.5232,1.2384,3.6588,5.511,False,"[-0.0653, -0.6527, -0.1305, -0.0653]","[-252.7367, -692.2607, -4678.3751, -6376.6606]","[-1334056.5118, -2334750.4904, -2338736.6048, -2340434.8903]","[5.582, 4.43, 5.345, 6.296]","[[[2.6865, 0.0], [3.5431, 0.0], [3.8286, 0.0], [5.8273, -0.0653], [8.2543, 0.0], [9.1109, -0.1305]], [[2.6865, 0.0], [3.5431, 0.0], [3.8286, 0.0], [5.8273, -0.0653], [8.8254, 0.1305], [15.6781, -1.3055]], [[2.6865, 0.0], [3.5431, 0.0], [3.8286, 0.0], [5.8273, -0.0653], [11.1096, -0.1305], [7.6833, -0.2611]], [[2.6865, 0.0], [3.5431, 0.0], [3.8286, 0.0], [5.8273, -0.0653], [9.9675, 0.0], [3.1148, 0.1305]]]",0.6667,0.0,0.0,1.0,0.0,0.0,1.0,False,"[4, 4, 4]",0.0,0.0,0.16666666666666666,4.4302,4.0,2.297,6.9546,4.4677,1.2384,3.6588,4.4302,"[[2.686, 0.0], [3.543, 0.0], [3.829, 0.0], [5.827, -0.065], [9.396, 0.0], [8.397, -0.196]]",ok,6.2955,0.0,0.0,0.0,0.0,0.0,0.0,0.0,0.0,0.0,c9627fc5be4e465f95dc19a358dc53c2,scene-0798,42
2.2123,5.1126,6.7278,1.7279,3.1486,4.322,0.0,0.0,0.0,0.0,0.0,0.0,0.0,0.0,0.0,ok,straight,2.2123,3.8408,6.4393,2.0134,2.902,3.7389,True,"[-0.0, -0.0653, -0.7833, -0.1305]","[-289.442, -844.1338, -675.2502, -8969.5127]","[-1002877.0476, -1002877.4082, -2003553.7394, -2011848.0019]","[3.733, 4.158, 3.754, 3.625]","[[[2.5437, 0.0], [6.5412, 0.0], [9.3964, 0.0], [13.5366, 0.2611], [17.3913, 0.3916], [19.9611, 0.0]], [[2.5437, 0.0], [6.5412, 0.0], [9.3964, 0.0], [13.5366, 0.2611], [15.3926, 0.1305], [19.39, 0.1305]], [[2.5437, 0.0], [6.5412, 0.0], [9.3964, 0.0], [13.5366, 0.2611], [17.9623, 1.8277], [19.9611, 1.5666]], [[2.5437, 0.0], [6.5412, 0.0], [9.3964, 0.0], [13.5366, 0.2611], [21.3887, 0.7833], [17.1058, -0.2611]]]",0.2025,0.0,0.0,0.0,0.0,0.0,0.0,True,"[4, 4, 4]",0.0,0.0,0.0,3.6249,4.0,2.2123,3.8408,9.0014,2.0134,2.902,3.6249,"[[2.544, 0.0], [6.541, 0.0], [9.396, 0.0], [13.537, 0.261], [17.677, 0.587], [19.676, 0.065]]",ok,4.1576,0.0,0.0,1.0,0.0,0.0,1.0,0.0,0.0,0.16666666666666666,eda45e041045428a90be43f94abbcbda,scene-0798,42
5.7081,11.8937,17.0142,4.2224,7.2396,10.032,0.0,1.0,1.0,0.0,1.0,1.0,0.0,0.25,0.5,ok,straight,4.709,11.3217,15.7294,3.8656,6.7754,9.4846,True,"[-0.0653, -0.0653, -0.0, -0.5875]","[-229.6964, -254.1445, -595.3338, -11960.3938]","[-802570.8557, -802570.8606, -1803167.2744, -1814532.3344]","[9.723, 9.151, 10.056, 9.822]","[[[1.6871, 0.0], [4.6852, 0.0], [5.9701, 0.0], [7.3977, -0.0653], [9.1109, -0.1305], [10.5386, -0.1305]], [[1.6871, 0.0], [4.6852, 0.0], [5.9701, 0.0], [7.3977, -0.0653], [9.9675, -0.2611], [13.1083, -0.1305]], [[1.6871, 0.0], [4.6852, 0.0], [5.9701, 0.0], [7.3977, -0.0653], [9.3964, 0.0], [8.2543, 0.0]], [[1.6871, 0.0], [4.6852, 0.0], [5.9701, 0.0], [7.3977, -0.0653], [4.2569, -0.1305], [14.8215, -1.1749]]]",0.3327,0.0,1.0,1.0,0.0,1.0,1.0,True,"[4, 4, 4]",0.0,0.25,0.5,9.1514,4.0,4.709,11.3217,14.4447,3.8656,6.7754,9.1514,"[[1.687, 0.0], [4.685, 0.0], [5.97, 0.0], [7.398, -0.065], [9.254, -0.131], [11.823, -0.131]]",ok,10.0563,0.0,0.0,1.0,0.0,0.0,1.0,0.0,0.0,0.3333333333333333,ea69963e431145e383f0c05cd30116c7,scene-0798,42
3.1942,4.91,5.5535,2.6324,3.4185,4.2433,0.0,0.0,0.0,0.0,0.0,0.0,0.0,0.0,0.0,ok,straight,3.1942,5.7665,6.9808,2.7752,3.5266,4.7911,False,"[-0.1305, -0.0653, -0.0653, -0.1305]","[-981.1536, -1085.17, -1706.0329, -4150.3575]","[-2180406.7478, -2180510.7643, -2181131.6272, -2183575.9517]","[5.422, 4.934, 3.555, 4.934]","[[[3.4003, 0.0], [7.3977, 0.0], [12.68, 0.0], [14.536, -0.1305], [17.1058, 0.7833], [20.2466, 0.2611]], [[3.4003, 0.0], [7.3977, 0.0], [12.68, 0.0], [14.536, -0.1305], [18.2479, -0.1305], [21.9598, -0.1305]], [[3.4003, 0.0], [7.3977, 0.0], [12.68, 0.0], [14.536, -0.1305], [19.9611, -0.1305], [28.5269, -0.1305]], [[3.4003, 0.0], [7.3977, 0.0], [12.68, 0.0], [14.536, -0.1305], [15.3926, -0.5222], [24.8151, -0.2611]]]",0.6969,0.0,0.0,0.0,0.0,0.0,0.0,False,"[4, 4, 4]",0.0,0.0,0.0,3.5545,4.0,3.1942,5.7665,1.845,2.7752,3.5266,3.5545,"[[3.4, 0.0], [7.398, 0.0], [12.68, 0.0], [14.536, -0.131], [17.677, -0.131], [23.387, -0.131]]",ok,5.4223,0.0,0.0,1.0,0.0,0.0,1.0,0.0,0.0,0.16666666666666666,2eef1a0ab4484a1faa73e7c2a048149e,scene-0799,42
1.8682,3.3312,4.0466,1.3867,2.1659,2.9806,0.0,0.0,0.0,0.0,0.0,0.0,0.0,0.0,0.0,ok,straight,0.7261,3.3312,0.6183,0.9583,2.0588,1.5432,True,"[-0.0653, -0.3264, -0.1305, -0.1305]","[-1617.0621, -22059.1286, -35740.5634, -112428.6539]","[-2799202.5392, -2819644.6057, -2833326.0405, -2910014.131]","[2.814, 2.887, 3.474, 8.42]","[[[4.2569, 0.0], [10.253, -0.0653], [13.5366, -0.0653], [18.8189, -0.1305], [22.5308, -0.1305], [29.6691, -0.1305]], [[4.2569, 0.0], [10.253, -0.0653], [13.5366, -0.0653], [18.8189, -0.1305], [34.5231, -0.1305], [35.3797, -0.6527]], [[4.2569, 0.0], [10.253, -0.0653], [13.5366, -0.0653], [18.8189, -0.1305], [33.6665, 0.3916], [26.5282, -0.2611]], [[4.2569, 0.0], [10.253, -0.0653], [13.5366, -0.0653], [18.8189, -0.1305], [21.9598, -0.9138], [69.6432, -0.2611]]]",2.336,0.0,0.0,0.0,0.0,0.0,0.0,False,"[4, 4, 4]",0.0,0.0,0.0,2.8141,4.0,0.7261,3.3312,3.4762,0.9583,2.0588,2.8141,"[[4.257, 0.0], [10.253, -0.065], [13.537, -0.065], [18.819, -0.131], [28.099, -0.131], [32.524, -0.261]]",ok,8.4205,0.0,0.0,0.0,0.0,0.0,0.0,0.0,0.0,0.0,aab42793af6b4563a8ef228423189163,scene-0799,42
5.2553,9.6615,14.7308,3.6926,5.9349,8.2611,0.0,0.0,1.0,0.0,0.0,1.0,0.0,0.0,0.16666666666666666,ok,straight,5.2553,7.0918,12.8757,3.6926,5.3281,7.2143,True,"[-0.0, -0.0, -0.0653, -0.1305]","[-353.851, -1298.57, -1497.2515, -20033.582]","[-1857872.0302, -2859172.1659, -2859370.8474, -2877907.1779]","[6.335, 7.143, 7.809, 6.905]","[[[2.8293, 0.0], [4.5424, 0.0], [7.255, 0.0], [12.2517, -0.1305], [16.2492, 0.0], [20.2466, 0.0]], [[2.8293, 0.0], [4.5424, 0.0], [7.255, 0.0], [12.2517, -0.1305], [13.9649, -0.1305], [17.6768, 0.0]], [[2.8293, 0.0], [4.5424, 0.0], [7.255, 0.0], [12.2517, -0.1305], [13.1083, -0.1305], [14.536, -0.1305]], [[2.8293, 0.0], [4.5424, 0.0], [7.255, 0.0], [12.2517, -0.1305], [21.3887, -0.1305], [11.6807, -0.2611]]]",0.5285,0.0,0.0,0.0,0.0,0.0,0.0,True,"[4, 4, 4]",0.0,0.0,0.0,6.3347,4.0,5.2553,7.0918,8.7378,3.6926,5.3281,6.3347,"[[2.829, 0.0], [4.542, 0.0], [7.255, 0.0], [12.252, -0.131], [15.107, -0.131], [16.106, -0.065]]",ok,7.809,0.0,0.0,1.0,0.0,0.0,1.0,0.0,0.0,0.16666666666666666,fea20913dc8749788096a7c41b087d59,scene-0799,42
4.0345,8.0367,13.0569,2.9905,4.7136,6.6425,0.0,0.0,0.0,0.0,0.0,0.0,0.0,0.0,0.0,ok,straight,3.4634,7.8256,2.5995,2.705,4.4164,4.4601,True,"[-0.5222, -0.0, -0.1958, -1.3055]","[-1060.9146, -4642.2291, -9520.4102, -36881.8058]","[-669073.9904, -1673717.0355, -1678595.2166, -1705956.6122]","[6.201, 4.362, 5.668, 6.006]","[[[2.5437, 0.0], [5.6846, -0.1305], [8.9682, -0.5875], [10.8241, -1.3055], [15.3926, -0.9138], [17.3913, -1.0444]], [[2.5437, 0.0], [5.6846, -0.1305], [8.9682, -0.5875], [10.8241, -1.3055], [18.2479, -3.6554], [31.3822, 0.0]], [[2.5437, 0.0], [5.6846, -0.1305], [8.9682, -0.5875], [10.8241, -1.3055], [19.1045, -0.9138], [41.0903, -0.3916]], [[2.5437, 0.0], [5.6846, -0.1305], [8.9682, -0.5875], [10.8241, -1.3055], [8.5399, -0.7833], [31.6678, -2.611]]]",0.7172,0.0,0.0,0.0,0.0,0.0,0.0,False,"[4, 4, 4]",0.0,0.0,0.0,4.3618,4.0,3.4634,7.8256,2.4064,2.705,4.4164,4.3618,"[[2.544, 0.0], [5.685, -0.131], [8.968, -0.587], [10.824, -1.305], [16.82, -0.914], [31.525, -0.718]]",ok,6.2009,0.0,0.0,0.0,0.0,0.0,0.0,0.0,0.0,0.0,e443b4ca9e474278b7147c4daaf67eca,scene-0799,42
6.3963,13.0321,22.5097,4.7212,7.9706,11.8963,0.0,0.0,0.0,0.0,0.0,0.0,0.0,0.0,0.0,ok,straight,6.2535,12.3185,19.2261,4.7212,7.8279,10.6591,True,"[-0.0, -0.3264, -0.0, -0.0653]","[-147.9193, -1856.8992, -3611.0816, -7829.0311]","[-531722.6048, -1533581.357, -1535335.5394, -1539553.4889]","[11.801, 10.314, 11.041, 9.089]","[[[1.8299, 0.0], [3.8286, 0.0], [5.8273, 0.0], [8.3971, -0.0653], [9.1109, 0.0], [9.1109, 0.0]], [[1.8299, 0.0], [3.8286, 0.0], [5.8273, 0.0], [8.3971, -0.0653], [12.2517, -2.3499], [15.107, 0.6527]], [[1.8299, 0.0], [3.8286, 0.0], [5.8273, 0.0], [8.3971, -0.0653], [13.1083, 0.5222], [9.682, 0.0]], [[1.8299, 0.0], [3.8286, 0.0], [5.8273, 0.0], [8.3971, -0.0653], [17.3913, -0.1305], [17.1058, -0.1305]]]",0.9996,0.0,0.0,0.0,0.0,0.0,0.0,False,"[4, 4, 4]",0.0,0.0,0.0,9.0889,4.0,6.2535,12.3185,14.5156,4.7212,7.8279,9.0889,"[[1.83, 0.0], [3.829, 0.0], [5.827, 0.0], [8.397, -0.065], [12.68, -0.065], [12.395, 0.0]]",ok,11.8011,0.0,0.0,0.0,0.0,0.0,0.0,0.0,0.0,0.0,94cd383effba4e688570233a060a13f4,scene-0800,42
2.4371,5.1722,8.3743,1.8361,3.1957,4.6838,0.0,0.0,0.0,0.0,0.0,0.0,0.0,0.0,0.0,ok,straight,3.0074,4.4587,7.9527,9.8809,7.1119,7.2244,False,"[-0.0653, -0.5875, -0.3916, -0.1958]","[-109647.3342, -110156.6989, -111782.1967, -187148.3176]","[-4071026.3827, -4071535.7473, -4073161.2452, -4148527.3661]","[7.247, 7.221, 6.588, 8.076]","[[[22.2453, -0.0653], [7.9688, 0.0], [12.2517, 0.0653], [17.534, -0.1305], [20.8176, -0.1305], [24.5295, -0.1305]], [[22.2453, -0.0653], [7.9688, 0.0], [12.2517, 0.0653], [17.534, -0.1305], [20.2466, 0.0], [25.3861, 1.1749]], [[22.2453, -0.0653], [7.9688, 0.0], [12.2517, 0.0653], [17.534, -0.1305], [20.2466, -0.1305], [29.098, -0.7833]], [[22.2453, -0.0653], [7.9688, 0.0], [12.2517, 0.0653], [17.534, -0.1305], [35.9507, -0.1305], [21.3887, 0.3916]]]",0.5282,0.0,0.0,0.0,1.0,1.0,1.0,False,"[4, 4, 4]",0.5,0.25,0.16666666666666666,6.5881,4.0,3.0074,4.4587,3.8493,9.8809,7.1119,6.5881,"[[22.245, -0.065], [7.969, 0.0], [12.252, 0.065], [17.534, -0.131], [20.532, -0.131], [24.958, 0.131]]",ok,8.0755,0.0,0.0,0.0,0.0,0.0,0.0,0.0,0.0,0.0,3c260dca3274465eaf38dd6c0a7d7872,scene-0800,42
4.3124,7.9978,10.0728,3.0451,5.0344,6.4755,0.0,0.0,0.0,0.0,0.0,0.0,0.0,0.0,0.0,ok,left,4.5972,5.9036,5.5577,3.4016,4.6095,5.4197,True,"[0.0, -0.0653, 0.1958, 8.2899]","[-796.3227, -2988.1729, -8142.0398, -481306.107]","[-772946.9325, -1775935.1088, -1781088.9757, -2254253.0429]","[6.102, 5.254, 6.014, 17.53]","[[[3.2576, 0.0], [6.2556, 0.0], [10.253, 0.3264], [15.2498, 0.0], [17.3913, 0.0], [21.3887, 0.0]], [[3.2576, 0.0], [6.2556, 0.0], [10.253, 0.3264], [15.2498, 0.0], [17.6768, 0.5222], [26.8138, -0.1305]], [[3.2576, 0.0], [6.2556, 0.0], [10.253, 0.3264], [15.2498, 0.0], [14.8215, -0.1305], [24.5295, 0.3916]], [[3.2576, 0.0], [6.2556, 0.0], [10.253, 0.3264], [15.2498, 0.0], [69.6432, -8.7468], [69.6432, 16.5798]]]",5.0942,0.0,0.0,0.0,0.0,0.0,0.0,False,"[4, 4, 4]",0.0,0.0,0.0,5.2538,4.0,4.5972,5.9036,4.8406,3.4016,4.6095,5.2538,"[[3.258, 0.0], [6.256, 0.0], [10.253, 0.326], [15.25, 0.0], [17.534, -0.065], [25.672, 0.196]]",ok,17.5296,0.0,0.0,0.0,0.0,0.0,0.0,0.0,0.0,0.0,62c4690878a04a909a6c48a4e2c22d42,scene-0800,42
1.4019,2.0337,3.3441,0.9405,1.3172,2.0145,0.0,0.0,0.0,0.0,0.0,0.0,0.0,0.0,0.0,ok,left,0.9738,1.6023,2.6136,0.5837,1.457,1.7753,True,"[0.9138, 0.8486, 0.9791, 0.9791]","[-939.0411, -2100.0711, -2322.044, -143823.3555]","[-2014932.841, -2016093.871, -2016315.8439, -2157817.1554]","[1.429, 2.108, 2.235, 7.048]","[[[4.828, 0.0], [9.2537, 0.1305], [12.2517, 0.2611], [18.6762, 0.8486], [24.244, 1.436], [27.9559, 1.8277]], [[4.828, 0.0], [9.2537, 0.1305], [12.2517, 0.2611], [18.6762, 0.8486], [21.6742, 0.7833], [26.5282, 1.6971]], [[4.828, 0.0], [9.2537, 0.1305], [12.2517, 0.2611], [18.6762, 0.8486], [24.8151, 0.9138], [36.8073, 1.9582]], [[4.828, 0.0], [9.2537, 0.1305], [12.2517, 0.2611], [18.6762, 0.8486], [-0.026, 0.0], [18.5334, 1.9582]]]",2.2399,0.0,0.0,0.0,0.0,0.0,0.0,False,"[4, 4, 4]",0.0,0.0,0.0,1.4291,4.0,0.9738,1.6023,1.9119,0.5837,1.457,1.4291,"[[4.828, 0.0], [9.254, 0.131], [12.252, 0.261], [18.676, 0.849], [22.959, 0.849], [27.242, 1.893]]",ok,7.0482,0.0,0.0,0.0,0.0,0.0,0.0,0.0,0.0,0.0,f5be8cc937e74e84b8d73e2074658382,scene-0800,42
1.7868,2.2917,1.7806,1.2018,1.7876,1.9238,0.0,0.0,0.0,0.0,0.0,0.0,0.0,0.0,0.0,ok,straight,1.359,5.8493,3.9108,1.4425,3.176,2.897,False,"[-0.0653, -0.0653, -0.0653, -0.0653]","[-7408.3061, -12423.7198, -12596.397, -18145.6658]","[-3063059.4605, -3068074.8742, -3068247.5514, -3073796.8202]","[3.644, 3.465, 2.742, 2.849]","[[[7.255, 0.0], [10.6813, 0.0], [21.5315, -0.1305], [28.9552, 0.0], [29.9546, -0.1305], [26.2427, -0.1305]], [[7.255, 0.0], [10.6813, 0.0], [21.5315, -0.1305], [28.9552, 0.0], [26.5282, -0.3916], [27.9559, -0.1305]], [[7.255, 0.0], [10.6813, 0.0], [21.5315, -0.1305], [28.9552, 0.0], [29.098, 0.0], [37.0928, 0.1305]], [[7.255, 0.0], [10.6813, 0.0], [21.5315, -0.1305], [28.9552, 0.0], [25.9572, -0.1305], [32.2388, -0.1305]]]",0.3867,0.0,0.0,0.0,0.0,0.0,0.0,False,"[4, 4, 4]",0.0,0.0,0.0,2.7417,4.0,1.359,5.8493,3.1396,1.4425,3.176,2.7417,"[[7.255, 0.0], [10.681, 0.0], [21.531, -0.131], [28.955, 0.0], [27.813, -0.131], [30.097, -0.131]]",ok,3.644,0.0,0.0,1.0,0.0,0.0,1.0,0.0,0.0,0.3333333333333333,63e3bc947eed4823b00e1beadecd3be3,scene-0802,42
3.9556,8.3733,12.6832,3.0288,5.3092,7.5927,0.0,0.0,0.0,0.0,0.0,0.0,0.0,0.0,0.0,ok,straight,3.6702,7.5184,13.5398,2.8861,5.0599,7.7596,False,"[-0.0653, -0.0653, -0.3916, -0.0653]","[-469.9494, -749.0397, -21859.7737, -97608.8313]","[-758738.1352, -1759488.4969, -1780599.2309, -1856348.2885]","[7.236, 6.522, 9.098, 9.525]","[[[3.1148, 0.0], [6.8267, 0.0], [8.9682, -0.0653], [12.8228, 0.0], [15.3926, -0.1305], [18.2479, -0.1305]], [[3.1148, 0.0], [6.8267, 0.0], [8.9682, -0.0653], [12.8228, 0.0], [17.9623, -0.1305], [19.9611, -0.1305]], [[3.1148, 0.0], [6.8267, 0.0], [8.9682, -0.0653], [12.8228, 0.0], [6.8267, -0.7833], [15.6781, 0.7833]], [[3.1148, 0.0], [6.8267, 0.0], [8.9682, -0.0653], [12.8228, 0.0], [10.8241, 16.5798], [16.5347, -0.1305]]]",1.2514,0.0,0.0,0.0,0.0,0.0,0.0,False,"[4, 4, 4]",0.0,0.0,0.0,6.5223,4.0,3.6702,7.5184,10.9701,2.8861,5.0599,6.5223,"[[3.115, 0.0], [6.827, 0.0], [8.968, -0.065], [12.823, 0.0], [13.108, -0.131], [17.391, -0.131]]",ok,9.5254,0.0,0.0,0.0,0.0,0.0,0.0,0.0,0.0,0.0,1d944d3936de4206be42d584a884635f,scene-0802,42
1.9095,3.63,3.6753,1.3471,2.2687,2.8317,0.0,0.0,0.0,0.0,0.0,0.0,0.0,0.0,0.0,ok,straight,2.766,3.7725,3.385,1.704,2.4463,2.7832,True,"[-0.0653, -0.1958, -0.0, -0.0653]","[-608.1647, -678.546, -1511.0988, -1517.5324]","[-753271.3192, -753273.3159, -1754783.7265, -1754790.16]","[2.95, 2.901, 1.976, 2.741]","[[[4.9707, 0.0], [8.5399, 0.0], [14.3932, -0.0653], [18.9617, -0.1305], [24.8151, -0.1305], [31.0967, -0.1305]], [[4.9707, 0.0], [8.5399, 0.0], [14.3932, -0.0653], [18.9617, -0.1305], [25.1006, -0.1305], [31.0967, 0.3916]], [[4.9707, 0.0], [8.5399, 0.0], [14.3932, -0.0653], [18.9617, -0.1305], [27.3848, 0.0], [35.0941, 0.0]], [[4.9707, 0.0], [8.5399, 0.0], [14.3932, -0.0653], [18.9617, -0.1305], [25.9572, -1.5666], [31.6678, -0.1305]]]",0.392,0.0,0.0,0.0,0.0,0.0,0.0,True,"[4, 4, 4]",0.0,0.0,0.0,1.9764,4.0,2.766,3.7725,0.4037,1.704,2.4463,1.9764,"[[4.971, 0.0], [8.54, 0.0], [14.393, -0.065], [18.962, -0.131], [25.529, -0.131], [31.382, -0.065]]",ok,2.9502,0.0,0.0,0.0,0.0,0.0,0.0,0.0,0.0,0.0,aadad53902494b81bf5b1c332f423760,scene-0802,42
1.9044,3.8776,5.2899,1.4557,2.4755,3.305,0.0,0.0,0.0,0.0,0.0,0.0,0.0,0.0,0.0,ok,straight,1.1911,2.5929,3.5948,0.8086,1.5455,2.0473,True,"[-0.0653, -0.2611, -0.3264, -0.0653]","[-341.2736, -3380.7891, -12148.5676, -89460.5337]","[-933247.6029, -1936630.0803, -1945397.8588, -2022709.8249]","[2.637, 1.894, 2.016, 7.443]","[[[6.5412, 0.0], [10.9669, 0.0], [16.2492, 0.0], [21.817, -0.1305], [25.9572, -0.1305], [31.0967, -0.1305]], [[6.5412, 0.0], [10.9669, 0.0], [16.2492, 0.0], [21.817, -0.1305], [30.2401, -0.2611], [31.3822, -0.5222]], [[6.5412, 0.0], [10.9669, 0.0], [16.2492, 0.0], [21.817, -0.1305], [33.952, -0.3916], [33.6665, -0.6527]], [[6.5412, 0.0], [10.9669, 0.0], [16.2492, 0.0], [21.817, -0.1305], [25.6716, -0.2611], [69.6432, -0.1305]]]",2.2951,0.0,0.0,0.0,0.0,0.0,0.0,True,"[4, 4, 4]",0.0,0.0,0.0,1.894,4.0,1.1911,2.5929,4.752,0.8086,1.5455,1.894,"[[6.541, 0.0], [10.967, 0.0], [16.249, 0.0], [21.817, -0.131], [28.099, -0.261], [32.524, -0.326]]",ok,7.4428,0.0,0.0,0.0,0.0,0.0,0.0,0.0,0.0,0.0,f00d1ed58ab84a1a90b86e6e92838efe,scene-0802,42
1.7919,2.5289,3.2337,1.2859,1.8121,2.2155,0.0,0.0,0.0,0.0,0.0,0.0,0.0,0.0,0.0,ok,straight,1.9357,2.3893,3.3959,1.7147,2.3888,3.2451,False,"[-0.0653, -0.1305, -0.5222, -0.0]","[-908.4028, -6160.5558, -10979.4659, -117021.0893]","[-501703.8351, -1507865.6349, -1512684.545, -1618726.1684]","[2.552, 3.28, 2.958, 12.266]","[[[2.972, 0.0], [5.2563, -0.0653], [8.9682, -0.3916], [9.8247, 0.0653], [12.2517, -0.1305], [15.3926, -0.1305]], [[2.972, 0.0], [5.2563, -0.0653], [8.9682, -0.3916], [9.8247, 0.0653], [16.2492, 0.6527], [15.6781, 0.2611]], [[2.972, 0.0], [5.2563, -0.0653], [8.9682, -0.3916], [9.8247, 0.0653], [16.2492, 0.1305], [11.1096, 1.0444]], [[2.972, 0.0], [5.2563, -0.0653], [8.9682, -0.3916], [9.8247, 0.0653], [16.2492, -0.9138], [69.6432, 0.0]]]",4.0511,0.0,0.0,0.0,0.0,0.0,0.0,False,"[4, 4, 4]",0.0,0.0,0.0,2.5516,4.0,1.9357,2.3893,3.2337,1.7147,2.3888,2.5516,"[[2.972, 0.0], [5.256, -0.065], [8.968, -0.392], [9.825, 0.065], [16.249, 0.0], [15.535, 0.131]]",ok,12.2664,0.0,0.0,0.0,0.0,0.0,0.0,0.0,0.0,0.0,4e04d32a9949430287c14d49851f6f55,scene-0904,42
1.2387,1.0143,0.2068,0.9359,0.9493,0.8504,0.0,0.0,0.0,0.0,0.0,0.0,0.0,0.0,0.0,ok,straight,1.0956,0.7492,1.9303,0.7931,0.8829,1.0886,False,"[-0.0, -0.0653, -0.5222, -1.893]","[-146.3005, -1065.2674, -1912.7544, -2608.7215]","[-259292.7962, -1260360.2727, -1261207.7596, -1261903.7267]","[0.806, 1.755, 1.183, 1.729]","[[[2.972, 0.0], [6.3984, -0.0653], [9.3964, 0.0], [11.9662, 0.1958], [15.3926, 0.0], [17.3913, 0.0]], [[2.972, 0.0], [6.3984, -0.0653], [9.3964, 0.0], [11.9662, 0.1958], [15.107, 0.1305], [23.6729, -0.1305]], [[2.972, 0.0], [6.3984, -0.0653], [9.3964, 0.0], [11.9662, 0.1958], [13.1083, -0.7833], [19.39, 1.0444]], [[2.972, 0.0], [6.3984, -0.0653], [9.3964, 0.0], [11.9662, 0.1958], [16.8202, -1.0444], [19.39, 3.7859]]]",0.3969,0.0,0.0,0.0,0.0,0.0,0.0,True,"[4, 4, 4]",0.0,0.0,0.0,0.8061,4.0,1.0956,0.7492,0.2068,0.7931,0.8829,0.8061,"[[2.972, 0.0], [6.398, -0.065], [9.396, 0.0], [11.966, 0.196], [15.25, -0.392], [19.39, 0.522]]",ok,1.7552,0.0,0.0,0.0,0.0,0.0,0.0,0.0,0.0,0.0,5515e95e3a9e488b98ea8c6979d39002,scene-0904,42
1.6473,3.2097,3.8391,1.0746,1.77,2.3918,0.0,0.0,0.0,0.0,0.0,0.0,0.0,0.0,0.0,ok,straight,1.6473,0.7882,4.6957,1.2887,1.1288,2.1552,True,"[-0.0653, -0.0653, -0.0653, -0.1305]","[-3613.5065, -4466.9443, -6685.3657, -54751.2302]","[-1578251.5873, -1579105.0251, -1581323.4464, -1629389.311]","[1.964, 2.394, 1.631, 4.148]","[[[2.401, 0.0], [5.1135, 0.0], [9.1109, -0.0653], [14.536, -0.1305], [13.6794, -0.1305], [16.2492, -0.1305]], [[2.401, 0.0], [5.1135, 0.0], [9.1109, -0.0653], [14.536, -0.1305], [12.8228, -0.3916], [14.536, -0.1305]], [[2.401, 0.0], [5.1135, 0.0], [9.1109, -0.0653], [14.536, -0.1305], [13.1083, -0.1305], [18.8189, -0.1305]], [[2.401, 0.0], [5.1135, 0.0], [9.1109, -0.0653], [14.536, -0.1305], [17.1058, -12.9244], [12.5373, -0.2611]]]",0.97,0.0,0.0,0.0,0.0,0.0,0.0,False,"[4, 4, 4]",0.0,0.0,0.0,1.6313,4.0,1.6473,0.7882,1.2694,1.2887,1.1288,1.6313,"[[2.401, 0.0], [5.113, 0.0], [9.111, -0.065], [14.536, -0.131], [13.394, -0.261], [15.393, -0.131]]",ok,4.148,0.0,0.0,0.0,0.0,0.0,0.0,0.0,0.0,0.0,c3177f4c31224fcb9b95f0d18bcfc2ca,scene-0904,42
0.4376,0.9059,2.6354,0.3119,0.5132,0.8673,0.0,0.0,0.0,0.0,0.0,0.0,0.0,0.0,0.0,ok,straight,0.1871,1.6133,3.2091,0.258,1.1958,1.9155,False,"[-0.0653, -0.1305, -0.0, -0.1958]","[-1941.8117, -2619.0291, -6142.2102, -10912.5416]","[-1811800.6683, -1812477.8856, -1816001.0668, -1820771.3982]","[1.227, 2.468, 1.843, 2.75]","[[[3.2576, 0.0], [5.6846, -0.1305], [11.5379, -0.1305], [13.5366, -0.0653], [15.3926, -0.1305], [19.39, -0.1305]], [[3.2576, 0.0], [5.6846, -0.1305], [11.5379, -0.1305], [13.5366, -0.0653], [17.1058, -0.3916], [25.1006, -0.2611]], [[3.2576, 0.0], [5.6846, -0.1305], [11.5379, -0.1305], [13.5366, -0.0653], [19.6755, -0.1305], [18.8189, 0.0]], [[3.2576, 0.0], [5.6846, -0.1305], [11.5379, -0.1305], [13.5366, -0.0653], [22.2453, -0.1305], [21.6742, -0.3916]]]",0.5878,0.0,0.0,0.0,0.0,0.0,0.0,False,"[4, 4, 4]",0.0,0.0,0.0,1.2273,4.0,0.1871,1.6133,2.0652,0.258,1.1958,1.2273,"[[3.258, 0.0], [5.685, -0.131], [11.538, -0.131], [13.537, -0.065], [18.391, -0.131], [20.532, -0.196]]",ok,2.7501,0.0,0.0,0.0,0.0,0.0,0.0,0.0,0.0,0.0,666ce1928a0d4f4f9d06bf28e81b98f0,scene-0904,42
2.3319,5.1089,7.3525,1.7871,3.0744,4.3608,0.0,0.0,0.0,0.0,0.0,0.0,0.0,0.0,0.0,ok,straight,2.047,5.536,8.4947,1.502,2.9306,4.5037,False,"[-0.0, -0.0653, -0.0653, -0.0653]","[-100.9381, -170.5186, -6617.9074, -10362.0746]","[-546979.8948, -546982.2201, -1553600.4954, -1557344.6627]","[4.79, 4.265, 3.762, 4.833]","[[[2.2582, 0.0], [4.5424, 0.0], [6.9694, -0.0653], [8.1116, -0.1305], [9.682, 0.0], [10.8241, 0.0]], [[2.2582, 0.0], [4.5424, 0.0], [6.9694, -0.0653], [8.1116, -0.1305], [10.5386, -0.1305], [13.1083, -0.1305]], [[2.2582, 0.0], [4.5424, 0.0], [6.9694, -0.0653], [8.1116, -0.1305], [9.9675, 0.2611], [23.9585, 0.1305]], [[2.2582, 0.0], [4.5424, 0.0], [6.9694, -0.0653], [8.1116, -0.1305], [13.6794, -0.2611], [6.5412, -0.1305]]]",0.4371,0.0,0.0,0.0,0.0,0.0,0.0,True,"[4, 4, 4]",0.0,0.0,0.0,3.7619,4.0,2.047,5.536,3.7206,1.502,2.9306,3.7619,"[[2.258, 0.0], [4.542, 0.0], [6.969, -0.065], [8.112, -0.131], [10.253, -0.065], [11.966, -0.065]]",ok,4.8331,0.0,0.0,0.0,0.0,0.0,0.0,0.0,0.0,0.0,bc94beb70f694ee8a0399c4e7e1fc2d0,scene-0905,42
0.5974,0.6423,2.5928,0.4871,0.5249,1.0114,0.0,0.0,0.0,0.0,0.0,0.0,0.0,0.0,0.0,ok,straight,0.9779,1.3322,2.4386,0.5863,0.9386,1.0961,False,"[-0.0, -0.0653, -1.1097, -0.0]","[-574.2337, -1414.6894, -2856.0898, -3642.3881]","[-980132.3852, -1981548.9883, -1982990.3887, -1983776.687]","[1.327, 0.875, 1.412, 1.233]","[[[3.9714, 0.0], [8.1116, 0.0], [12.2517, 0.1305], [13.5366, 0.0], [16.2492, -0.1305], [20.8176, 0.0]], [[3.9714, 0.0], [8.1116, 0.0], [12.2517, 0.1305], [13.5366, 0.0], [18.5334, 0.0], [23.3874, -0.1305]], [[3.9714, 0.0], [8.1116, 0.0], [12.2517, 0.1305], [13.5366, 0.0], [18.5334, 0.0], [19.1045, -2.2193]], [[3.9714, 0.0], [8.1116, 0.0], [12.2517, 0.1305], [13.5366, 0.0], [19.1045, 0.6527], [19.39, 0.0]]]",0.2044,0.0,0.0,0.0,0.0,0.0,0.0,False,"[4, 4, 4]",0.0,0.0,0.0,0.8754,4.0,0.9779,1.3322,1.1145,0.5863,0.9386,0.8754,"[[3.971, 0.0], [8.112, 0.0], [12.252, 0.131], [13.537, 0.0], [18.533, 0.0], [20.104, -0.065]]",ok,1.4122,0.0,0.0,0.0,0.0,0.0,0.0,0.0,0.0,0.0,4eec53dcb58148d4b95245ad72d00ef7,scene-0905,42
0.8775,3.0901,4.9015,0.7429,1.7989,2.6147,0.0,0.0,0.0,0.0,0.0,0.0,0.0,0.0,0.0,ok,straight,0.7351,1.6627,1.1013,0.4584,1.1927,1.5535,True,"[-0.0653, -0.0653, -0.1305, -0.3264]","[-610.9119, -3570.4575, -11225.07, -425471.6328]","[-250281.1454, -1253852.9675, -1261507.5801, -1675754.1429]","[2.02, 1.864, 2.176, 16.75]","[[[3.5431, 0.0], [6.6839, 0.0], [9.8247, -0.1305], [14.2505, -0.1305], [16.2492, -0.1305], [19.9611, -0.1305]], [[3.5431, 0.0], [6.6839, 0.0], [9.8247, -0.1305], [14.2505, -0.1305], [16.5347, 0.0], [26.8138, 0.1305]], [[3.5431, 0.0], [6.6839, 0.0], [9.8247, -0.1305], [14.2505, -0.1305], [12.5373, -0.1305], [22.8163, 0.2611]], [[3.5431, 0.0], [6.6839, 0.0], [9.8247, -0.1305], [14.2505, -0.1305], [69.6432, 0.3916], [69.6432, -0.6527]]]",6.3794,0.0,0.0,0.0,0.0,0.0,0.0,False,"[4, 4, 4]",0.0,0.0,0.0,1.8636,4.0,0.7351,1.6627,3.1036,0.4584,1.1927,1.8636,"[[3.543, 0.0], [6.684, 0.0], [9.825, -0.131], [14.25, -0.131], [16.392, -0.065], [24.815, 0.0]]",ok,16.7503,0.0,0.0,0.0,0.0,0.0,0.0,0.0,0.0,0.0,f2fb282e13784e7c8a28d0d5e1370ad1,scene-0905,42
3.1186,5.5705,7.0457,2.3711,3.7719,4.9507,0.0,0.0,0.0,0.0,0.0,0.0,0.0,0.0,0.0,ok,straight,3.6895,5.2942,7.0576,2.3731,3.6337,4.4517,True,"[-0.0, -0.2611, -0.0653, -0.718]","[-420.7588, -2033.6676, -99617.2007, -105534.2384]","[-1186577.6809, -2188613.2934, -2286196.8265, -2292113.8643]","[5.144, 4.624, 7.275, 5.333]","[[[2.8293, -0.1305], [3.9714, 0.0], [6.8267, 0.1305], [9.682, 0.1958], [11.1096, 0.0], [13.6794, 0.0]], [[2.8293, -0.1305], [3.9714, 0.0], [6.8267, 0.1305], [9.682, 0.1958], [11.1096, 1.8277], [17.1058, 0.5222]], [[2.8293, -0.1305], [3.9714, 0.0], [6.8267, 0.1305], [9.682, 0.1958], [16.2492, 16.5798], [10.253, -0.1305]], [[2.8293, -0.1305], [3.9714, 0.0], [6.8267, 0.1305], [9.682, 0.1958], [31.3822, -0.2611], [17.9623, 1.436]]]",1.0049,0.0,0.0,0.0,0.0,0.0,0.0,True,"[3, 4, 4]",0.0,0.0,0.0,4.6238,4.0,3.6895,5.2942,5.3775,2.3731,3.6337,4.6238,"[[2.829, -0.131], [3.971, 0.0], [6.827, 0.131], [9.682, 0.196], [13.679, 0.914], [15.393, 0.261]]",ok,7.2755,0.0,0.0,0.0,0.0,0.0,0.0,0.0,0.0,0.0,2a965239bc5f4ceda7369d0325c52377,scene-0905,42
0.2277,1.9221,0.5691,0.1709,0.8641,0.8463,0.0,0.0,0.0,0.0,0.0,0.0,0.0,0.0,0.0,ok,straight,0.3531,0.3517,3.0098,0.2649,0.5194,5.0269,False,"[-0.0653, -0.1958, -0.1305, -0.1958]","[-374.1389, -639.7019, -836110.8161, -926087.5252]","[-1074054.4506, -2074696.6578, -2910167.772, -3000144.481]","[0.474, 1.295, 8.786, 9.977]","[[[3.9714, 0.0], [7.9688, -0.0653], [11.1096, 0.0], [15.8209, -0.1305], [19.1045, -0.1305], [23.3874, -0.1305]], [[3.9714, 0.0], [7.9688, -0.0653], [11.1096, 0.0], [15.8209, -0.1305], [19.1045, 0.0], [18.5334, 0.3916]], [[3.9714, 0.0], [7.9688, -0.0653], [11.1096, 0.0], [15.8209, -0.1305], [69.6432, -0.1305], [23.6729, -0.2611]], [[3.9714, 0.0], [7.9688, -0.0653], [11.1096, 0.0], [15.8209, -0.1305], [69.6432, 0.1305], [16.5347, 0.3916]]]",4.2794,0.0,0.0,0.0,0.0,0.0,0.0,False,"[4, 4, 4]",0.0,0.0,0.0,0.4738,4.0,0.3531,0.3517,0.5691,0.2649,0.5194,0.4738,"[[3.971, 0.0], [7.969, -0.065], [11.11, 0.0], [15.821, -0.131], [44.374, -0.065], [20.96, 0.131]]",ok,9.9772,0.0,0.0,0.0,0.0,0.0,0.0,0.0,0.0,0.0,2fb7b5d1eab24b13abb4e0703850dba9,scene-0906,42
1.7818,4.4523,8.4908,1.4029,2.7125,4.1787,0.0,0.0,0.0,0.0,0.0,0.0,0.0,0.0,0.0,ok,straight,3.3519,3.7386,7.3495,2.188,2.4983,3.5837,True,"[-0.0653, -0.0653, -0.2611, -0.0653]","[-1845.6114, -2200.0837, -5158.0623, -968346.4759]","[-2325143.3898, -2325497.8622, -2328455.8407, -3291644.2543]","[4.179, 4.131, 2.894, 10.79]","[[[3.1148, 0.0], [4.9707, 0.0], [10.8241, -0.0653], [13.5366, -0.1305], [15.3926, -0.1305], [18.2479, -0.1305]], [[3.1148, 0.0], [4.9707, 0.0], [10.8241, -0.0653], [13.5366, -0.1305], [14.8215, -0.2611], [19.1045, -0.1305]], [[3.1148, 0.0], [4.9707, 0.0], [10.8241, -0.0653], [13.5366, -0.1305], [20.2466, -0.1305], [21.1032, -0.5222]], [[3.1148, 0.0], [4.9707, 0.0], [10.8241, -0.0653], [13.5366, -0.1305], [69.6432, -0.3916], [19.6755, 0.1305]]]",3.0981,0.0,0.0,0.0,0.0,0.0,0.0,False,"[4, 4, 4]",0.0,0.0,0.0,2.8942,4.0,3.3519,3.7386,5.6317,2.188,2.4983,2.8942,"[[3.115, 0.0], [4.971, 0.0], [10.824, -0.065], [13.537, -0.131], [17.82, -0.196], [19.39, -0.131]]",ok,10.7898,0.0,0.0,0.0,0.0,0.0,0.0,0.0,0.0,0.0,9fd8ae00df104af290529a90cc5068b4,scene-0906,42
1.9059,4.3227,5.9127,1.438,2.5074,3.3322,0.0,0.0,0.0,0.0,0.0,0.0,0.0,0.0,0.0,ok,straight,1.1921,4.3227,3.7714,1.0811,2.3289,2.5468,True,"[-0.1305, -0.1305, -0.3264, -0.3264]","[-203.2141, -1483.29, -4325.9164, -885527.8104]","[-880135.3856, -1881620.2576, -1884462.884, -2765664.778]","[3.213, 2.345, 2.358, 9.956]","[[[3.6858, 0.0], [8.1116, -0.0653], [11.1096, -0.1305], [14.2505, -0.1305], [18.2479, -0.1305], [21.1032, -0.2611]], [[3.6858, 0.0], [8.1116, -0.0653], [11.1096, -0.1305], [14.2505, -0.1305], [17.6768, -0.1305], [27.0993, -0.2611]], [[3.6858, 0.0], [8.1116, -0.0653], [11.1096, -0.1305], [14.2505, -0.1305], [21.9598, -0.2611], [22.5308, -0.6527]], [[3.6858, 0.0], [8.1116, -0.0653], [11.1096, -0.1305], [14.2505, -0.1305], [69.6432, -0.3916], [23.9585, -0.6527]]]",3.1878,0.0,0.0,0.0,0.0,0.0,0.0,True,"[4, 3, 4]",0.0,0.0,0.0,2.3453,4.0,1.1921,4.3227,0.1345,1.0811,2.3289,2.3453,"[[3.686, 0.0], [8.112, -0.065], [11.11, -0.131], [14.25, -0.131], [20.104, -0.196], [23.245, -0.457]]",ok,9.9556,0.0,0.0,0.0,0.0,0.0,0.0,0.0,0.0,0.0,d903747f29c74016a3a702959cf43429,scene-0906,42
3.604,6.2861,9.2504,2.6779,4.1361,5.5841,0.0,0.0,0.0,0.0,0.0,0.0,0.0,0.0,0.0,ok,straight,3.0331,6.4298,9.2371,1.7506,3.3515,4.9163,True,"[-0.0653, -0.718, -0.1305]","[-1578.7514, -1630.5916, -1318.2105]","[-1156442.9825, -1156445.5855, -2157761.4993]","[4.918, 4.91, 4.68]","[[[3.5431, 0.0], [4.828, 0.0], [7.9688, -0.1305], [8.3971, -0.0653], [11.1096, -0.1305], [11.6807, -0.1305]], [[3.5431, 0.0], [4.828, 0.0], [7.9688, -0.1305], [8.3971, -0.0653], [11.1096, -0.1305], [11.6807, -1.436]], [[3.5431, 0.0], [4.828, 0.0], [7.9688, -0.1305], [8.3971, -0.0653], [9.682, -0.2611], [14.536, -0.2611]]]",0.1104,0.0,0.0,0.0,0.0,0.0,0.0,True,"[4, 4, 3]",0.0,0.0,0.0,4.6803,3.0,3.0331,6.4298,6.4003,1.7506,3.3515,4.6803,"[[3.543, 0.0], [4.828, 0.0], [7.969, -0.131], [8.397, -0.065], [11.11, -0.131], [11.681, -0.261]]",ok,4.9185,0.0,0.0,0.0,0.0,0.0,0.0,0.0,0.0,0.0,38b446951ae14bc9bad64c6fdd341ae5,scene-0906,42
0.3719,1.2944,3.6072,0.2523,0.6476,1.4074,0.0,0.0,0.0,0.0,0.0,0.0,0.0,0.0,0.0,ok,right,1.1501,4.5557,3.7577,0.731,2.1559,3.0798,False,"[3.329, 6.3969, 3.4596, -8.2899]","[-3660.1456, -8398.4804, -8902.9037, -22206.891]","[-2169282.2994, -2174020.6341, -2174525.0575, -2187829.0447]","[2.47, 3.554, 3.114, 6.953]","[[[2.972, 0.0], [6.5411, -0.5222], [7.9688, 0.3264], [12.109, -0.2611], [13.1083, -4.9609], [15.9636, -6.658]], [[2.972, 0.0], [6.5411, -0.5222], [7.9688, 0.3264], [12.109, -0.2611], [19.1045, -3.9165], [15.6781, -12.7939]], [[2.972, 0.0], [6.5411, -0.5222], [7.9688, 0.3264], [12.109, -0.2611], [18.2479, -6.2664], [15.3926, -6.9191]], [[2.972, 0.0], [6.5411, -0.5222], [7.9688, 0.3264], [12.109, -0.2611], [16.2492, -1.8277], [19.1045, 16.5798]]]",1.7349,0.0,0.0,0.0,0.0,0.0,0.0,False,"[4, 4, 4]",0.0,0.0,0.0,2.4702,4.0,1.1501,4.5557,3.9505,0.731,2.1559,2.4702,"[[2.972, 0.0], [6.541, -0.522], [7.969, 0.326], [12.109, -0.261], [17.249, -4.439], [15.821, -6.789]]",ok,6.9526,0.0,0.0,0.0,0.0,0.0,0.0,0.0,0.0,0.0,e693989d8ad141608999200df71aca71,scene-0907,42
2.1834,4.8437,9.86,1.6658,2.9381,4.9032,0.0,0.0,0.0,0.0,0.0,0.0,0.0,0.0,0.0,ok,straight,3.61,5.6997,6.4323,2.3791,10.5755,9.4484,False,"[-0.1958, -0.1305, -0.0, -0.1305]","[-356366.5803, -375739.5002, -406313.0854, -547267.2579]","[-3109899.7327, -3129272.6526, -3159846.2377, -3300800.4102]","[8.769, 9.757, 9.476, 11.332]","[[[4.828, 0.0], [10.8241, -0.1305], [42.5179, -0.2611], [19.6755, -0.0653], [19.6755, -0.6527], [27.3848, -0.3916]], [[4.828, 0.0], [10.8241, -0.1305], [42.5179, -0.2611], [19.6755, -0.0653], [23.3874, -0.1305], [29.6691, -0.2611]], [[4.828, 0.0], [10.8241, -0.1305], [42.5179, -0.2611], [19.6755, -0.0653], [26.5282, -0.7833], [24.8151, 0.0]], [[4.828, 0.0], [10.8241, -0.1305], [42.5179, -0.2611], [19.6755, -0.0653], [37.3784, 0.7833], [25.1006, 0.2611]]]",0.9372,0.0,0.0,0.0,0.0,1.0,1.0,False,"[3, 4, 4]",0.0,0.25,0.16666666666666666,8.7687,4.0,3.61,5.6997,7.5803,2.3791,10.5755,8.7687,"[[4.828, 0.0], [10.824, -0.131], [42.518, -0.261], [19.676, -0.065], [24.958, -0.392], [26.243, -0.131]]",ok,11.3319,0.0,0.0,0.0,0.0,0.0,0.0,0.0,0.0,0.0,3a7e7dbee620460cbbe09a942c5d23be,scene-0907,42
1.2601,3.5604,6.2955,0.9531,2.0147,3.1019,0.0,0.0,1.0,0.0,0.0,1.0,0.0,0.0,0.16666666666666666,ok,straight,1.4028,3.2735,7.8658,1.0959,2.7282,4.1483,False,"[-0.0653, -0.0653, -0.0653, -8.2899]","[-4579.2019, -5999.2039, -11538.5923, -19480.8212]","[-2119462.9091, -2120882.9111, -2126422.2996, -2134364.5284]","[3.578, 4.91, 3.234, 5.95]","[[[2.1154, 0.0], [3.8286, 0.0], [8.8254, 0.0], [7.3977, 0.0], [9.1109, -0.1305], [11.6807, -0.1305]], [[2.1154, 0.0], [3.8286, 0.0], [8.8254, 0.0], [7.3977, 0.0], [11.3952, 0.0], [17.3913, -0.1305]], [[2.1154, 0.0], [3.8286, 0.0], [8.8254, 0.0], [7.3977, 0.0], [11.3952, 1.6971], [7.1122, -0.1305]], [[2.1154, 0.0], [3.8286, 0.0], [8.8254, 0.0], [7.3977, 0.0], [10.5386, 0.0], [14.8215, 16.5798]]]",1.0834,0.0,0.0,1.0,0.0,0.0,1.0,False,"[4, 4, 4]",0.0,0.0,0.3333333333333333,3.2342,4.0,1.4028,3.2735,1.7292,1.0959,2.7282,3.2342,"[[2.115, 0.0], [3.829, 0.0], [8.825, 0.0], [7.398, 0.0], [10.967, 0.0], [13.251, -0.131]]",ok,5.9496,0.0,1.0,1.0,0.0,1.0,1.0,0.0,0.25,0.5,e9e1871dddf94ba7ba46a76dcf027bab,scene-0907,42
0.0221,0.0243,0.0265,0.0216,0.0227,0.0238,0.0,0.0,0.0,0.0,0.0,0.0,0.0,0.0,0.0,ok,straight,0.6931,2.4068,0.2653,18.2531,11.2942,7.713,False,"[-0.0, -0.0, -0.0, -0.0]","[-479087.4824, -479258.1143, -479589.389, -2130245.1361]","[-5942368.8155, -5942539.4475, -5942870.7221, -7593526.4693]","[7.538, 7.713, 7.721, 19.229]","[[[35.808, 0.0], [0.6878, 0.0], [6.2556, -0.1958], [2.401, -0.0653], [-0.026, 0.0], [-0.026, 0.0]], [[35.808, 0.0], [0.6878, 0.0], [6.2556, -0.1958], [2.401, -0.0653], [0.545, 0.0], [0.545, 0.0]], [[35.808, 0.0], [0.6878, 0.0], [6.2556, -0.1958], [2.401, -0.0653], [1.1161, 0.0], [-0.026, 0.0]], [[35.808, 0.0], [0.6878, 0.0], [6.2556, -0.1958], [2.401, -0.0653], [69.6432, 0.1305], [0.545, 0.0]]]",5.0114,0.0,0.0,0.0,0.0,1.0,1.0,False,"[4, 4, 4]",0.0,0.25,0.16666666666666666,7.5381,4.0,0.6931,2.4068,0.0265,18.2531,11.2942,7.5381,"[[35.808, 0.0], [0.688, 0.0], [6.256, -0.196], [2.401, -0.065], [0.831, 0.0], [0.259, 0.0]]",ok,19.2293,1.0,1.0,0.0,1.0,1.0,1.0,0.5,0.75,0.5,0dc3d1fb0dcd4e19a2b8f6a32c9ebdcc,scene-0907,42
0.0261,0.0264,0.0266,0.0261,0.0262,0.0263,0.0,0.0,0.0,0.0,0.0,0.0,0.0,0.0,0.0,ok,straight,0.9733,0.1168,22.2454,4.0428,2.1155,5.1223,False,"[-0.0, -0.0, -0.3264, -0.0653]","[-11787.1387, -20830.1542, -145856.4748, -279523.4551]","[-3473775.9439, -3482818.9595, -3607845.2801, -3741512.2603]","[1.419, 2.594, 9.122, 13.022]","[[[7.1122, 0.0], [0.9733, 0.0], [0.2595, 0.0], [0.1167, 0.0], [-0.026, 0.0], [-0.026, 0.0]], [[7.1122, 0.0], [0.9733, 0.0], [0.2595, 0.0], [0.1167, 0.0], [5.9701, 0.3916], [1.1161, 0.0]], [[7.1122, 0.0], [0.9733, 0.0], [0.2595, 0.0], [0.1167, 0.0], [-2.8813, -0.2611], [43.3745, -0.6527]], [[7.1122, 0.0], [0.9733, 0.0], [0.2595, 0.0], [0.1167, 0.0], [-0.026, 0.0], [69.6432, -0.1305]]]",4.7561,0.0,0.0,0.0,1.0,1.0,1.0,False,"[4, 4, 4]",0.5,0.25,0.16666666666666666,1.4192,4.0,0.9733,0.1168,0.0266,4.0428,2.1155,1.4192,"[[7.112, 0.0], [0.973, 0.0], [0.259, 0.0], [0.117, 0.0], [-0.026, 0.0], [22.245, -0.065]]",ok,13.0219,1.0,1.0,0.0,1.0,1.0,1.0,0.5,0.75,0.5,a4782f7ade234010b5b50553403f6e79,scene-0908,42
0.5439,0.0237,2.8652,0.3964,0.2686,0.8837,0.0,0.0,0.0,0.0,0.0,0.0,0.0,0.0,0.0,ok,straight,0.0272,2.0219,1.4376,0.0319,0.7068,1.152,False,"[-0.0653, -0.0, -0.0653, -0.0]","[-4097.1169, -5342.1581, -7690.8114, -10218.7755]","[-1550503.3882, -1551748.4294, -1554097.0827, -1556625.0468]","[0.628, 1.128, 1.89, 1.176]","[[[0.8306, 0.0], [1.9727, 0.0], [2.6865, 0.0], [7.1122, 0.0], [6.2556, 0.0], [9.3964, 0.1305]], [[0.8306, 0.0], [1.9727, 0.0], [2.6865, 0.0], [7.1122, 0.0], [5.1135, 0.0], [7.3977, 0.0]], [[0.8306, 0.0], [1.9727, 0.0], [2.6865, 0.0], [7.1122, 0.0], [3.4003, 0.0], [4.5424, -0.1305]], [[0.8306, 0.0], [1.9727, 0.0], [2.6865, 0.0], [7.1122, 0.0], [3.6858, 0.0], [8.5399, 0.0]]]",0.4495,0.0,0.0,0.0,0.0,0.0,0.0,False,"[4, 4, 4]",0.0,0.0,0.0,0.6283,4.0,0.0272,2.0219,0.1516,0.0319,0.7068,0.6283,"[[0.831, 0.0], [1.973, 0.0], [2.686, 0.0], [7.112, 0.0], [4.4, 0.0], [7.969, 0.0]]",ok,1.8898,0.0,0.0,0.0,0.0,0.0,0.0,0.0,0.0,0.0,c54d5bb693884c459e245a0abd3e4952,scene-0908,42
1.0235,1.6922,5.0795,0.7683,1.4093,2.4638,0.0,0.0,0.0,0.0,0.0,0.0,0.0,0.0,0.0,ok,straight,1.1706,2.547,4.6538,0.7705,1.339,2.5609,False,"[-0.0653, -0.0, -0.4569, -0.4569]","[-426.7198, -693.7851, -2655.6305, -1009640.6156]","[-1257668.7066, -2258363.9121, -2260325.7575, -3267310.7426]","[2.417, 4.801, 2.731, 10.185]","[[[2.972, 0.0], [4.9707, 0.0653], [8.5399, 0.0], [10.253, 0.0], [12.5373, 0.0], [15.3926, -0.1305]], [[2.972, 0.0], [4.9707, 0.0653], [8.5399, 0.0], [10.253, 0.0], [8.5399, 0.5222], [5.1135, 0.0]], [[2.972, 0.0], [4.9707, 0.0653], [8.5399, 0.0], [10.253, 0.0], [9.9675, 0.2611], [16.2492, 0.9138]], [[2.972, 0.0], [4.9707, 0.0653], [8.5399, 0.0], [10.253, 0.0], [69.6432, 0.0], [23.1019, -0.9138]]]",3.1121,0.0,0.0,0.0,0.0,0.0,0.0,False,"[4, 4, 4]",0.0,0.0,0.0,2.4169,4.0,1.1706,2.547,5.0795,0.7705,1.339,2.4169,"[[2.972, 0.0], [4.971, 0.065], [8.54, 0.0], [10.253, 0.0], [11.252, 0.131], [15.821, -0.065]]",ok,10.1851,0.0,0.0,0.0,0.0,0.0,0.0,0.0,0.0,0.0,c0f19958e8e84a3c83b70187bf9fa0a5,scene-0908,42
3.8026,7.0901,10.651,2.6963,4.5059,6.2036,0.0,0.0,0.0,0.0,0.0,0.0,0.0,0.0,0.0,ok,straight,2.9459,2.2363,9.2243,2.1965,2.7927,4.9904,True,"[-0.0653, -0.0, -0.0, -0.0]","[-7439.2762, -11447.6382, -15775.8426, -50682.9653]","[-1774374.8376, -1778383.1995, -1782711.4039, -1817618.5267]","[4.966, 5.062, 4.309, 6.061]","[[[2.972, 0.0], [5.9701, -0.0653], [8.9682, -0.0653], [15.3926, -0.1305], [13.6794, -0.1305], [16.8202, -0.1305]], [[2.972, 0.0], [5.9701, -0.0653], [8.9682, -0.0653], [15.3926, -0.1305], [12.5373, 0.0], [17.3913, 0.0]], [[2.972, 0.0], [5.9701, -0.0653], [8.9682, -0.0653], [15.3926, -0.1305], [12.8228, 0.9138], [21.6742, 0.0]], [[2.972, 0.0], [5.9701, -0.0653], [8.9682, -0.0653], [15.3926, -0.1305], [5.9701, 0.1305], [17.9623, 0.0]]]",0.6261,0.0,0.0,0.0,0.0,0.0,0.0,False,"[4, 4, 4]",0.0,0.0,0.0,4.3095,4.0,2.9459,2.2363,5.2276,2.1965,2.7927,4.3095,"[[2.972, 0.0], [5.97, -0.065], [8.968, -0.065], [15.393, -0.131], [12.68, 0.065], [17.677, 0.0]]",ok,6.0612,0.0,0.0,0.0,0.0,0.0,0.0,0.0,0.0,0.0,e388dd5b5cdd4b60bfb3ab5ba61f7708,scene-0908,42
3.9523,7.9183,12.894,2.7063,4.7883,7.1196,0.0,0.0,0.0,0.0,0.0,0.0,0.0,0.0,0.0,ok,straight,3.6669,6.2368,15.0339,2.2784,4.1183,6.8661,True,"[-0.0653, -0.0653, -0.0653, -0.0]","[-822.6658, -1036.4599, -1425.7512, -5613.9978]","[-2643017.1031, -2643230.8971, -2643620.1885, -2647808.4351]","[5.294, 7.11, 6.673, 8.876]","[[[3.4003, 0.0], [5.399, 0.0], [8.1116, 0.0], [12.2517, 0.1958], [17.6768, -0.3916], [19.39, -0.1305]], [[3.4003, 0.0], [5.399, 0.0], [8.1116, 0.0], [12.2517, 0.1958], [14.536, 0.2611], [11.6807, 0.1305]], [[3.4003, 0.0], [5.399, 0.0], [8.1116, 0.0], [12.2517, 0.1958], [12.8228, -0.1305], [15.9636, -0.1305]], [[3.4003, 0.0], [5.399, 0.0], [8.1116, 0.0], [12.2517, 0.1958], [13.1083, 0.7833], [2.5437, 0.0]]]",1.2793,0.0,0.0,0.0,0.0,0.0,0.0,True,"[3, 4, 4]",0.0,0.0,0.0,5.2945,4.0,3.6669,6.2368,9.4838,2.2784,4.1183,5.2945,"[[3.4, 0.0], [5.399, 0.0], [8.112, 0.0], [12.252, 0.196], [13.822, 0.065], [13.822, -0.065]]",ok,8.876,0.0,0.0,0.0,0.0,0.0,0.0,0.0,0.0,0.0,3abf81a7c3894000a4c508e6ced0caca,scene-0909,42
2.3062,5.3683,9.7098,1.6472,3.2386,5.0883,0.0,0.0,0.0,0.0,0.0,0.0,0.0,0.0,0.0,ok,straight,1.5998,6.3567,9.5762,1.3651,3.3447,5.3496,False,"[-0.1305, -0.0653, -0.0653, -0.2611]","[-224.5814, -1067.174, -2048.0156, -23517.6237]","[-1133987.0377, -2135054.8792, -2136035.7208, -2157505.3289]","[5.159, 5.541, 5.02, 4.767]","[[[2.6865, 0.0], [6.1129, -0.0653], [8.5399, -0.1305], [10.1103, -0.1958], [13.1083, -0.1305], [15.3926, -0.2611]], [[2.6865, 0.0], [6.1129, -0.0653], [8.5399, -0.1305], [10.1103, -0.1958], [10.5386, -0.1305], [15.6781, -0.1305]], [[2.6865, 0.0], [6.1129, -0.0653], [8.5399, -0.1305], [10.1103, -0.1958], [14.8215, -0.1305], [14.536, -0.1305]], [[2.6865, 0.0], [6.1129, -0.0653], [8.5399, -0.1305], [10.1103, -0.1958], [8.5399, 0.1305], [27.6704, -0.5222]]]",0.2797,0.0,0.0,0.0,0.0,0.0,0.0,True,"[4, 4, 4]",0.0,0.0,0.0,4.7671,4.0,1.5998,6.3567,2.7881,1.3651,3.3447,4.7671,"[[2.686, 0.0], [6.113, -0.065], [8.54, -0.131], [10.11, -0.196], [11.823, -0.131], [15.535, -0.196]]",ok,5.5406,0.0,0.0,0.0,0.0,0.0,0.0,0.0,0.0,0.0,4c55b0578d424ad88d1856c933ba2059,scene-0909,42
5.3078,10.2861,15.2865,4.1314,6.5197,9.0959,0.0,0.0,0.0,0.0,0.0,0.0,0.0,0.0,0.0,ok,straight,4.8778,8.8555,15.4292,3.7737,6.0188,8.7141,True,"[-0.0, -0.9138, -3.7859, -0.0]","[-1263.8705, -2529.8638, -3578.7987, -4624.481]","[-1766906.4347, -1768172.4281, -1769221.3629, -1770267.0453]","[8.714, 7.806, 8.579, 9.287]","[[[1.4016, 0.0], [2.6865, -0.1305], [3.5431, 0.0], [5.9701, -0.1305], [5.1135, 0.0], [6.8267, 0.0]], [[1.4016, 0.0], [2.6865, -0.1305], [3.5431, 0.0], [5.9701, -0.1305], [5.9701, -0.2611], [11.6807, 1.8277]], [[1.4016, 0.0], [2.6865, -0.1305], [3.5431, 0.0], [5.9701, -0.1305], [8.2543, -0.1305], [5.9701, -7.5719]], [[1.4016, 0.0], [2.6865, -0.1305], [3.5431, 0.0], [5.9701, -0.1305], [2.8293, 0.2611], [5.6846, 0.0]]]",0.5281,0.0,0.0,0.0,0.0,0.0,0.0,True,"[4, 4, 4]",0.0,0.0,0.0,7.8059,4.0,4.8778,8.8555,10.4127,3.7737,6.0188,7.8059,"[[1.402, 0.0], [2.686, -0.131], [3.543, 0.0], [5.97, -0.131], [5.542, -0.065], [6.398, 0.0]]",ok,9.2868,0.0,0.0,0.0,0.0,0.0,0.0,0.0,0.0,0.0,0979033d108c4beba39e8516fb383230,scene-0909,42
1.1601,1.5122,2.3861,0.851,1.1392,1.4793,0.0,0.0,0.0,0.0,0.0,0.0,0.0,0.0,0.0,ok,straight,1.1601,1.3701,0.4257,0.9223,0.936,1.1377,True,"[-0.0653, -0.1305, -0.1305, -0.4569]","[-1112.8584, -1871.4162, -3945.9188, -163365.271]","[-1766872.6053, -1767631.1632, -1769705.6658, -1929125.0179]","[1.344, 1.874, 1.694, 9.843]","[[[2.1154, 0.0], [4.5424, 0.0], [8.6826, -0.1305], [9.2537, -0.1305], [11.1096, -0.1305], [13.1083, -0.1305]], [[2.1154, 0.0], [4.5424, 0.0], [8.6826, -0.1305], [9.2537, -0.1305], [8.5399, -0.5222], [12.5373, -0.2611]], [[2.1154, 0.0], [4.5424, 0.0], [8.6826, -0.1305], [9.2537, -0.1305], [9.682, -0.1305], [18.5334, -0.2611]], [[2.1154, 0.0], [4.5424, 0.0], [8.6826, -0.1305], [9.2537, -0.1305], [11.9662, -0.3916], [69.6432, 0.9138]]]",3.5584,0.0,0.0,0.0,0.0,0.0,0.0,False,"[4, 4, 4]",0.0,0.0,0.0,1.3439,4.0,1.1601,1.3701,2.3861,0.9223,0.936,1.3439,"[[2.115, 0.0], [4.542, 0.0], [8.683, -0.131], [9.254, -0.131], [10.396, -0.261], [15.821, -0.196]]",ok,9.8432,0.0,0.0,0.0,0.0,0.0,0.0,0.0,0.0,0.0,7fa07947a975451da4b3d7c485af3c07,scene-0909,42
1.3972,3.5891,7.1231,1.1225,2.2422,3.3599,0.0,0.0,0.0,0.0,0.0,0.0,0.0,0.0,0.0,ok,straight,1.5395,3.1619,3.6968,1.1223,1.5284,2.0989,True,"[-0.1305, -0.0653, -0.0653, -0.0653]","[-1206.1137, -1273.0769, -2938.1485, -82504.0517]","[-3246069.5547, -3246136.5179, -3247801.5895, -3327367.4928]","[2.123, 2.884, 2.076, 6.125]","[[[1.8299, 0.0], [3.5431, -0.0653], [6.9694, -0.0653], [6.9694, 0.0], [8.8254, 0.0], [12.8228, -0.2611]], [[1.8299, 0.0], [3.5431, -0.0653], [6.9694, -0.0653], [6.9694, 0.0], [8.5399, -0.1305], [8.5399, -0.1305]], [[1.8299, 0.0], [3.5431, -0.0653], [6.9694, -0.0653], [6.9694, 0.0], [10.8241, 0.0], [11.1096, -0.1305]], [[1.8299, 0.0], [3.5431, -0.0653], [6.9694, -0.0653], [6.9694, 0.0], [16.8202, -15.0132], [30.8112, -0.1305]]]",1.6612,0.0,0.0,0.0,0.0,0.0,0.0,False,"[4, 4, 4]",0.0,0.0,0.0,2.0756,4.0,1.5395,3.1619,4.5534,1.1223,1.5284,2.0756,"[[1.83, 0.0], [3.543, -0.065], [6.969, -0.065], [6.969, 0.0], [9.825, -0.065], [11.966, -0.131]]",ok,6.1253,0.0,0.0,0.0,0.0,0.0,0.0,0.0,0.0,0.0,43da50265dfa4876bdf1efed38e7a261,scene-0910,42
0.8503,1.0961,3.2855,0.6124,0.9504,1.4246,0.0,0.0,0.0,0.0,0.0,0.0,0.0,0.0,0.0,ok,straight,0.8503,0.3333,6.1411,0.4525,0.3629,1.6515,False,"[-0.0653, -0.0, -0.1305, -0.2611]","[-265.3447, -588.3788, -772.5423, -1283.3479]","[-1569366.1828, -2569956.3217, -2570140.4852, -2570651.2909]","[1.033, 2.033, 1.699, 1.481]","[[[2.6865, 0.0], [4.5424, 0.0], [8.1116, -0.1305], [11.1096, -0.0653], [12.5373, -0.1305], [13.6794, -0.1305]], [[2.6865, 0.0], [4.5424, 0.0], [8.1116, -0.1305], [11.1096, -0.0653], [10.8241, -0.2611], [9.3964, 0.0]], [[2.6865, 0.0], [4.5424, 0.0], [8.1116, -0.1305], [11.1096, -0.0653], [10.8241, -0.1305], [11.3952, -0.2611]], [[2.6865, 0.0], [4.5424, 0.0], [8.1116, -0.1305], [11.1096, -0.0653], [13.3939, 0.2611], [10.253, -0.5222]]]",0.3631,0.0,0.0,0.0,0.0,0.0,0.0,True,"[4, 4, 4]",0.0,0.0,0.0,1.0329,4.0,0.8503,0.3333,3.2855,0.4525,0.3629,1.0329,"[[2.686, 0.0], [4.542, 0.0], [8.112, -0.131], [11.11, -0.065], [11.681, -0.131], [10.824, -0.196]]",ok,2.033,0.0,0.0,0.0,0.0,0.0,0.0,0.0,0.0,0.0,9e226262318d4df88e6221e46b8fe4c9,scene-0910,42
1.6981,3.9592,5.6161,1.1928,2.2375,3.2185,0.0,0.0,0.0,0.0,0.0,0.0,0.0,0.0,0.0,ok,straight,1.9836,4.2427,7.3279,1.1928,2.6644,3.4311,False,"[-0.0653, -0.5222, -0.0653, -0.0]","[-323.488, -753.7669, -4918.2962, -46958.3421]","[-1004766.0929, -2005520.989, -2009685.5182, -2051725.5641]","[3.503, 3.469, 3.416, 5.634]","[[[3.4003, 0.0], [5.6846, 0.0], [7.1122, -0.0653], [10.8241, -0.0653], [14.2505, -0.1305], [17.3913, -0.1305]], [[3.4003, 0.0], [5.6846, 0.0], [7.1122, -0.0653], [10.8241, -0.0653], [15.3926, 0.1305], [16.5347, 1.0444]], [[3.4003, 0.0], [5.6846, 0.0], [7.1122, -0.0653], [10.8241, -0.0653], [17.3913, -0.3916], [14.8215, -0.1305]], [[3.4003, 0.0], [5.6846, 0.0], [7.1122, -0.0653], [10.8241, -0.0653], [20.2466, 0.1305], [1.1161, 0.0]]]",0.9409,0.0,0.0,0.0,0.0,0.0,0.0,False,"[4, 4, 4]",0.0,0.0,0.0,3.4161,4.0,1.9836,4.2427,8.1853,1.1928,2.6644,3.4161,"[[3.4, 0.0], [5.685, 0.0], [7.112, -0.065], [10.824, -0.065], [16.392, 0.0], [15.678, -0.065]]",ok,5.6343,0.0,0.0,0.0,0.0,0.0,0.0,0.0,0.0,0.0,0a2daeb2d41147fc9fda982ce9783bf8,scene-0910,42
2.3138,4.285,6.6425,1.688,2.8788,4.1932,0.0,0.0,0.0,0.0,0.0,0.0,0.0,0.0,0.0,ok,straight,2.3138,4.285,6.9281,1.5453,2.2364,3.5033,True,"[-0.0653, -0.1305, -0.1305, -0.0653]","[-1132.5564, -1352.1195, -1721.0968, -9175.0366]","[-2007911.3326, -2008130.8957, -2008499.873, -2015953.8128]","[4.098, 3.622, 3.385, 2.438]","[[[3.4003, 0.0], [5.9701, 0.0], [10.8241, -0.0653], [12.2517, -0.1305], [13.6794, -0.1305], [16.2492, -0.1305]], [[3.4003, 0.0], [5.9701, 0.0], [10.8241, -0.0653], [12.2517, -0.1305], [15.107, -0.1305], [17.6768, -0.2611]], [[3.4003, 0.0], [5.9701, 0.0], [10.8241, -0.0653], [12.2517, -0.1305], [15.9636, -0.2611], [18.2479, -0.2611]], [[3.4003, 0.0], [5.9701, 0.0], [10.8241, -0.0653], [12.2517, -0.1305], [20.2466, 0.0], [19.6755, 0.1305]]]",0.6044,0.0,0.0,0.0,0.0,0.0,0.0,False,"[4, 4, 4]",0.0,0.0,0.0,2.4382,4.0,2.3138,4.285,5.2228,1.5453,2.2364,2.4382,"[[3.4, 0.0], [5.97, 0.0], [10.824, -0.065], [12.252, -0.131], [15.535, -0.131], [17.962, -0.196]]",ok,4.0981,0.0,0.0,0.0,0.0,0.0,0.0,0.0,0.0,0.0,72359f16eac8449b96dc406f28c93e0d,scene-0910,42
3.5488,6.3437,10.5951,2.3699,3.9061,5.8122,0.0,0.0,0.0,0.0,0.0,0.0,0.0,0.0,0.0,ok,straight,1.6933,6.6382,5.9069,1.3707,2.8726,4.1756,True,"[-0.0653, -0.1305, -0.0653, -0.0653]","[-1374.9599, -1709.1163, -2551.7044, -3530.4191]","[-2206473.6076, -2206807.764, -2207650.3521, -2208629.0667]","[5.123, 5.031, 3.468, 3.158]","[[[3.2576, 0.0], [6.9694, 0.0], [10.9669, 0.0], [10.8241, -0.2611], [12.8228, -0.1305], [15.3926, -0.1305]], [[3.2576, 0.0], [6.9694, 0.0], [10.9669, 0.0], [10.8241, -0.2611], [11.6807, -0.1305], [17.1058, -0.2611]], [[3.2576, 0.0], [6.9694, 0.0], [10.9669, 0.0], [10.8241, -0.2611], [15.107, 0.1305], [23.1019, -0.1305]], [[3.2576, 0.0], [6.9694, 0.0], [10.9669, 0.0], [10.8241, -0.2611], [14.8215, -0.2611], [25.9572, -0.1305]]]",0.8894,0.0,0.0,0.0,0.0,0.0,0.0,False,"[4, 4, 4]",0.0,0.0,0.0,3.1575,4.0,1.6933,6.6382,0.7818,1.3707,2.8726,3.1575,"[[3.258, 0.0], [6.969, 0.0], [10.967, 0.0], [10.824, -0.261], [13.822, -0.131], [20.104, -0.131]]",ok,5.1231,0.0,0.0,0.0,0.0,0.0,0.0,0.0,0.0,0.0,d056b9bdd56f44669540c6c323042d30,scene-0911,42
0.8964,2.9153,6.2233,0.6788,1.4982,2.8705,0.0,0.0,0.0,0.0,0.0,0.0,0.0,0.0,0.0,ok,straight,1.3281,3.6817,7.0661,0.9656,1.7622,3.2116,False,"[-0.2611, -0.4569, -0.1305, -0.1305]","[-17621.9447, -20941.5833, -21485.3541, -24141.4904]","[-1596299.6048, -1599619.2434, -1600163.0142, -1602819.1505]","[2.237, 3.382, 3.047, 8.182]","[[[4.1141, 0.0], [8.1116, -0.0653], [12.8228, -0.1305], [22.8163, -0.1958], [20.8176, -0.2611], [26.5282, -0.5222]], [[4.1141, 0.0], [8.1116, -0.0653], [12.8228, -0.1305], [22.8163, -0.1958], [18.8189, 0.1305], [21.6742, -0.9138]], [[4.1141, 0.0], [8.1116, -0.0653], [12.8228, -0.1305], [22.8163, -0.1958], [19.1045, -0.2611], [23.3874, -0.2611]], [[4.1141, 0.0], [8.1116, -0.0653], [12.8228, -0.1305], [22.8163, -0.1958], [14.536, -0.1305], [-2.8813, -0.2611]]]",2.3295,0.0,0.0,0.0,0.0,0.0,0.0,False,"[4, 4, 4]",0.0,0.0,0.0,2.2372,4.0,1.3281,3.6817,3.0724,0.9656,1.7622,2.2372,"[[4.114, 0.0], [8.112, -0.065], [12.823, -0.131], [22.816, -0.196], [18.962, -0.196], [22.531, -0.392]]",ok,8.1818,0.0,0.0,0.0,0.0,0.0,0.0,0.0,0.0,0.0,9c79076d8e9646c5b77fca8fbe189d64,scene-0911,42
1.4153,2.8663,4.9091,1.0192,1.8494,2.6828,0.0,0.0,0.0,0.0,0.0,0.0,0.0,0.0,0.0,ok,straight,9.2922,29.2636,5.4717,4.8869,16.3107,12.3454,False,"[-0.3916, -0.1305, -0.1305, -0.2611]","[-158645.6373, -169535.9231, -238246.43, -308647.8903]","[-4036059.0726, -4046949.3584, -4115659.8652, -4186061.3256]","[12.511, 12.276, 13.083, 19.389]","[[[4.3997, 0.0], [19.2472, -0.1305], [41.233, -0.1305], [48.3713, -0.1305], [21.1032, -0.2611], [22.8163, -0.7833]], [[4.3997, 0.0], [19.2472, -0.1305], [41.233, -0.1305], [48.3713, -0.1305], [20.8176, -0.1305], [24.5295, -0.2611]], [[4.3997, 0.0], [19.2472, -0.1305], [41.233, -0.1305], [48.3713, -0.1305], [16.2492, -0.2611], [24.244, -0.2611]], [[4.3997, 0.0], [19.2472, -0.1305], [41.233, -0.1305], [48.3713, -0.1305], [69.6432, 0.0], [23.6729, -0.5222]]]",2.9443,0.0,0.0,0.0,0.0,0.0,0.0,False,"[4, 4, 4]",0.0,0.0,0.0,12.2763,4.0,9.2922,29.2636,4.9091,4.8869,16.3107,12.2763,"[[4.4, 0.0], [19.247, -0.131], [41.233, -0.131], [48.371, -0.131], [20.96, -0.196], [23.958, -0.392]]",ok,19.389,0.0,0.0,0.0,0.0,0.0,0.0,0.0,0.0,0.0,4d214e9ba19f48ec8a6e636ca8c6b1c4,scene-0911,42
1.5235,2.9382,3.8692,1.279,1.8479,2.3954,0.0,0.0,0.0,0.0,0.0,0.0,0.0,0.0,0.0,ok,straight,0.4777,2.9382,3.8692,0.4003,1.3888,2.4223,False,"[-0.1305, -0.1305, -0.1305, -1.1097]","[-4958.7496, -5495.158, -5925.596, -891753.1627]","[-2973266.2801, -2973802.6884, -2974233.1264, -3860060.6931]","[2.089, 2.803, 2.573, 10.216]","[[[4.9707, 0.0], [10.5386, -0.1305], [17.6768, -0.1305], [18.2479, -0.1305], [23.3874, -0.1305], [27.9559, -0.2611]], [[4.9707, 0.0], [10.5386, -0.1305], [17.6768, -0.1305], [18.2479, -0.1305], [19.1045, -0.1305], [27.9559, -0.2611]], [[4.9707, 0.0], [10.5386, -0.1305], [17.6768, -0.1305], [18.2479, -0.1305], [19.39, -0.1305], [29.098, 0.2611]], [[4.9707, 0.0], [10.5386, -0.1305], [17.6768, -0.1305], [18.2479, -0.1305], [69.6432, -0.2611], [19.39, -2.2193]]]",3.3559,0.0,0.0,0.0,0.0,0.0,0.0,False,"[4, 3, 4]",0.0,0.0,0.0,2.0893,4.0,0.4777,2.9382,3.8692,0.4003,1.3888,2.0893,"[[4.971, 0.0], [10.539, -0.131], [17.677, -0.131], [18.248, -0.131], [21.389, -0.131], [27.956, -0.261]]",ok,10.2155,0.0,0.0,0.0,0.0,0.0,0.0,0.0,0.0,0.0,2c94aa3401594d3eaa64b3f2281e369c,scene-0911,42
1.914,2.2995,2.6958,1.4679,1.8487,2.193,0.0,0.0,0.0,0.0,0.0,0.0,0.0,0.0,0.0,ok,straight,0.9429,2.0189,1.5767,0.9114,1.2151,1.2045,True,"[-0.1958, -0.0653, -0.1305, -0.0653]","[-1431.8246, -1506.1581, -2589.5486, -12175.811]","[-2954744.9999, -2954819.3334, -2955902.7238, -2965488.9863]","[1.368, 1.819, 1.092, 2.898]","[[[4.3997, 0.0], [11.3952, -0.1305], [14.536, -0.1305], [18.5334, -0.0653], [23.9585, 0.0], [29.098, 0.3916]], [[4.3997, 0.0], [11.3952, -0.1305], [14.536, -0.1305], [18.5334, -0.0653], [22.2453, -0.1305], [27.9559, -0.1305]], [[4.3997, 0.0], [11.3952, -0.1305], [14.536, -0.1305], [18.5334, -0.0653], [25.6716, -0.1305], [29.098, -0.2611]], [[4.3997, 0.0], [11.3952, -0.1305], [14.536, -0.1305], [18.5334, -0.0653], [31.9533, -0.1305], [36.8073, 0.1305]]]",0.688,0.0,0.0,0.0,0.0,0.0,0.0,False,"[4, 4, 4]",0.0,0.0,0.0,1.0924,4.0,0.9429,2.0189,1.5537,0.9114,1.2151,1.0924,"[[4.4, 0.0], [11.395, -0.131], [14.536, -0.131], [18.533, -0.065], [24.815, -0.131], [29.098, 0.0]]",ok,2.8979,0.0,0.0,0.0,0.0,0.0,0.0,0.0,0.0,0.0,8487e4c995874bb2aeb41d6484717d10,scene-0912,42
1.3693,2.7187,3.1108,1.0264,1.7345,2.2542,0.0,0.0,0.0,0.0,0.0,0.0,0.0,0.0,0.0,ok,straight,0.9406,3.7179,1.5431,0.812,1.6635,1.8264,True,"[-0.1305, -0.1958, -0.3916, -0.0653]","[-706.9931, -1182.5924, -956.5226, -786370.1655]","[-1863195.6383, -1863196.1743, -2864153.2735, -3649566.9164]","[2.397, 2.542, 1.763, 8.865]","[[[4.2569, 0.0], [8.9682, -0.0653], [13.3939, -0.0653], [15.8209, -0.1305], [20.8176, -0.1305], [24.8151, -0.2611]], [[4.2569, 0.0], [8.9682, -0.0653], [13.3939, -0.0653], [15.8209, -0.1305], [21.1032, -0.5222], [23.6729, -0.3916]], [[4.2569, 0.0], [8.9682, -0.0653], [13.3939, -0.0653], [15.8209, -0.1305], [21.9598, -0.1305], [30.2401, 0.7833]], [[4.2569, 0.0], [8.9682, -0.0653], [13.3939, -0.0653], [15.8209, -0.1305], [69.6432, -0.3916], [30.2401, -0.1305]]]",2.886,0.0,0.0,0.0,0.0,0.0,0.0,False,"[4, 4, 4]",0.0,0.0,0.0,1.7632,4.0,0.9406,3.7179,1.5898,0.812,1.6635,1.7632,"[[4.257, 0.0], [8.968, -0.065], [13.394, -0.065], [15.821, -0.131], [21.531, -0.261], [27.528, -0.196]]",ok,8.8646,0.0,0.0,0.0,0.0,0.0,0.0,0.0,0.0,0.0,8b3b8a656b4243898c2233dd936d36eb,scene-0912,42
0.7181,1.5317,1.2568,0.5486,0.9633,1.1412,0.0,0.0,0.0,0.0,0.0,0.0,0.0,0.0,0.0,ok,straight,0.0312,0.6807,0.4187,0.0659,0.7233,0.6547,True,"[-0.1305, -0.4569, -0.1305, -0.0653]","[-1303.9113, -1396.5627, -2087.3572, -196324.2858]","[-1670098.2313, -1670190.8827, -1670881.6773, -1865118.6058]","[0.615, 0.991, 1.029, 10.374]","[[[4.5424, 0.0], [9.2537, -0.1305], [11.6807, -0.1305], [17.6768, -0.1305], [22.5308, -0.2611], [27.6704, -0.2611]], [[4.5424, 0.0], [9.2537, -0.1305], [11.6807, -0.1305], [17.6768, -0.1305], [21.9598, -0.1305], [25.1006, -0.9138]], [[4.5424, 0.0], [9.2537, -0.1305], [11.6807, -0.1305], [17.6768, -0.1305], [20.8176, -0.1305], [25.9572, -0.2611]], [[4.5424, 0.0], [9.2537, -0.1305], [11.6807, -0.1305], [17.6768, -0.1305], [23.1019, 16.5798], [69.6432, -0.1305]]]",4.115,0.0,0.0,0.0,0.0,0.0,0.0,False,"[4, 3, 4]",0.0,0.0,0.0,0.6146,4.0,0.0312,0.6807,0.4885,0.0659,0.7233,0.6146,"[[4.542, 0.0], [9.254, -0.131], [11.681, -0.131], [17.677, -0.131], [22.245, -0.131], [26.814, -0.261]]",ok,10.3739,0.0,0.0,0.0,0.0,0.0,0.0,0.0,0.0,0.0,f3c21d4c864e400bb9212a4db0bc8586,scene-0912,42
0.3519,0.5731,0.2554,0.49,0.45,0.4349,0.0,0.0,0.0,0.0,0.0,0.0,0.0,0.0,0.0,ok,straight,0.0909,0.5751,0.1839,0.2882,0.3852,0.336,True,"[-0.1305, -0.1305, -0.1958, -0.1958]","[-12.1643, -63.8374, -118.3125, -112833.3272]","[-417421.4228, -417421.4238, -417423.425, -1530256.3284]","[0.439, 0.491, 0.699, 7.872]","[[[4.1141, 0.0], [8.2543, -0.1305], [12.68, -0.1305], [16.8202, -0.1958], [20.8176, -0.1305], [24.8151, -0.2611]], [[4.1141, 0.0], [8.2543, -0.1305], [12.68, -0.1305], [16.8202, -0.1958], [20.5321, 0.2611], [23.3874, -0.2611]], [[4.1141, 0.0], [8.2543, -0.1305], [12.68, -0.1305], [16.8202, -0.1958], [20.5321, -0.3916], [21.9598, -0.3916]], [[4.1141, 0.0], [8.2543, -0.1305], [12.68, -0.1305], [16.8202, -0.1958], [20.5321, 0.0], [69.6432, -0.3916]]]",3.1751,0.0,0.0,0.0,0.0,0.0,0.0,True,"[4, 4, 4]",0.0,0.0,0.0,0.4392,4.0,0.0909,0.5751,0.541,0.2882,0.3852,0.4392,"[[4.114, 0.0], [8.254, -0.131], [12.68, -0.131], [16.82, -0.196], [20.532, -0.065], [24.101, -0.326]]",ok,7.8723,0.0,0.0,0.0,0.0,0.0,0.0,0.0,0.0,0.0,410c44889c1f4d458a90f8dd90c31c50,scene-0912,42
3.0481,4.7997,8.7785,2.0786,3.1877,4.524,0.0,0.0,0.0,0.0,0.0,0.0,0.0,0.0,0.0,ok,straight,0.9085,4.373,8.9207,0.7236,2.6176,4.1911,True,"[-0.0653, -0.4569, -0.2611, -0.0653]","[-2124.4001, -2505.3211, -2627.2641, -3128.7509]","[-2571001.1634, -2571382.0844, -2571504.0275, -2572005.5142]","[4.192, 4.526, 3.144, 4.525]","[[[4.2569, 0.0], [8.6826, 0.0], [9.682, -0.1305], [14.6787, -0.0653], [17.9623, -0.1305], [19.9611, -0.1305]], [[4.2569, 0.0], [8.6826, 0.0], [9.682, -0.1305], [14.6787, -0.0653], [18.2479, -0.2611], [17.6768, -0.9138]], [[4.2569, 0.0], [8.6826, 0.0], [9.682, -0.1305], [14.6787, -0.0653], [21.1032, -0.2611], [23.1019, -0.5222]], [[4.2569, 0.0], [8.6826, 0.0], [9.682, -0.1305], [14.6787, -0.0653], [16.2492, -0.2611], [19.6755, -0.1305]]]",0.5665,0.0,0.0,0.0,0.0,0.0,0.0,False,"[4, 4, 4]",0.0,0.0,0.0,3.1445,4.0,0.9085,4.373,5.6388,0.7236,2.6176,3.1445,"[[4.257, 0.0], [8.683, 0.0], [9.682, -0.131], [14.679, -0.065], [18.105, -0.261], [19.818, -0.326]]",ok,4.5264,0.0,0.0,0.0,0.0,0.0,0.0,0.0,0.0,0.0,1f048fa210c64e80b9d57e3dc757702c,scene-0913,42
3.3842,5.6013,9.805,2.3432,3.6751,5.1757,0.0,0.0,0.0,0.0,0.0,0.0,0.0,0.0,0.0,ok,straight,1.6717,1.4613,7.6786,1.5583,2.1406,3.4238,True,"[-0.1305, -0.0653, -0.3264, -0.4569]","[-6904.7422, -11534.527, -101766.0749, -753409.2478]","[-2345246.2884, -2349876.0731, -2440107.621, -3091750.794]","[4.058, 4.296, 5.026, 9.935]","[[[3.5431, 0.0], [8.2543, 0.0], [10.9669, -0.0653], [18.3906, -0.1305], [18.2479, -0.1305], [20.5321, -0.2611]], [[3.5431, 0.0], [8.2543, 0.0], [10.9669, -0.0653], [18.3906, -0.1305], [16.5347, -0.2611], [20.8176, -0.1305]], [[3.5431, 0.0], [8.2543, 0.0], [10.9669, -0.0653], [18.3906, -0.1305], [39.9481, 0.0], [23.3874, 0.6527]], [[3.5431, 0.0], [8.2543, 0.0], [10.9669, -0.0653], [18.3906, -0.1305], [69.6432, -0.2611], [23.6729, 0.9138]]]",2.3974,0.0,0.0,0.0,0.0,0.0,0.0,False,"[4, 4, 4]",0.0,0.0,0.0,4.0576,4.0,1.6717,1.4613,9.234,1.5583,2.1406,4.0576,"[[3.543, 0.0], [8.254, 0.0], [10.967, -0.065], [18.391, -0.131], [29.098, -0.196], [22.103, 0.261]]",ok,9.9345,0.0,0.0,0.0,0.0,0.0,0.0,0.0,0.0,0.0,4083ba541c6149779624c5d5203925ad,scene-0913,42
1.7797,3.4702,5.2463,1.3198,2.2287,3.0092,0.0,0.0,0.0,0.0,0.0,0.0,0.0,0.0,0.0,ok,straight,1.7797,1.6261,5.8169,1.4624,8.1816,6.5065,False,"[-0.1305, -0.0, -0.1305, -0.0653]","[-455688.9362, -471554.8939, -529441.1203, -1612468.9531]","[-3173093.113, -3188959.0707, -3246845.2971, -4329873.1299]","[6.978, 5.981, 8.164, 14.008]","[[[3.9714, 0.0], [8.5399, -0.1305], [43.5173, -0.2611], [18.6762, -0.3264], [20.8176, -0.2611], [24.8151, -0.2611]], [[3.9714, 0.0], [8.5399, -0.1305], [43.5173, -0.2611], [18.6762, -0.3264], [23.3874, -0.2611], [28.2414, 0.0]], [[3.9714, 0.0], [8.5399, -0.1305], [43.5173, -0.2611], [18.6762, -0.3264], [26.8138, -0.6527], [15.9636, -0.2611]], [[3.9714, 0.0], [8.5399, -0.1305], [43.5173, -0.2611], [18.6762, -0.3264], [69.6432, -0.6527], [23.6729, -0.1305]]]",3.1145,0.0,0.0,0.0,0.0,0.0,0.0,False,"[4, 4, 4]",0.0,0.0,0.0,5.9806,4.0,1.7797,1.6261,1.8299,1.4624,8.1816,5.9806,"[[3.971, 0.0], [8.54, -0.131], [43.517, -0.261], [18.676, -0.326], [25.101, -0.457], [24.244, -0.196]]",ok,14.0084,0.0,0.0,0.0,0.0,0.0,0.0,0.0,0.0,0.0,51bbacdcf4c94b8c977ab36f1f0c9e1b,scene-0913,42
0.5047,1.1371,0.6807,0.3898,0.5152,0.556,0.0,0.0,0.0,0.0,0.0,0.0,0.0,0.0,0.0,ok,straight,0.0778,0.1681,3.1119,0.1062,0.1664,0.6758,False,"[-0.1305, -0.5875, -8.2899, -0.3264]","[-92.5849, -628.773, -17250.9972, -30824.9248]","[-527065.2883, -1527695.6488, -1544317.8731, -1557891.8006]","[0.263, 0.48, 3.877, 3.312]","[[[4.3997, 0.0], [9.1109, -0.1305], [13.2511, -0.1305], [16.963, -0.3264], [21.6742, -0.2611], [25.9572, -0.2611]], [[4.3997, 0.0], [9.1109, -0.1305], [13.2511, -0.1305], [16.963, -0.3264], [19.9611, -0.5222], [26.8138, -1.1749]], [[4.3997, 0.0], [9.1109, -0.1305], [13.2511, -0.1305], [16.963, -0.3264], [15.6781, -0.2611], [19.6755, -16.5798]], [[4.3997, 0.0], [9.1109, -0.1305], [13.2511, -0.1305], [16.963, -0.3264], [25.6716, -1.0444], [11.3952, 0.6527]]]",1.6258,0.0,0.0,0.0,0.0,0.0,0.0,True,"[4, 4, 4]",0.0,0.0,0.0,0.2628,4.0,0.0778,0.1681,0.317,0.1062,0.1664,0.2628,"[[4.4, 0.0], [9.111, -0.131], [13.251, -0.131], [16.963, -0.326], [20.818, -0.392], [22.816, -0.718]]",ok,3.8774,0.0,0.0,0.0,0.0,0.0,0.0,0.0,0.0,0.0,10304c813c9d47a8a560f6859dc14b17,scene-0913,42
1.1302,3.0222,4.9145,0.7939,1.6884,2.5913,0.0,0.0,0.0,0.0,0.0,0.0,0.0,0.0,0.0,ok,straight,0.5844,1.0157,4.4583,0.5887,1.1154,1.8549,True,"[-1.5666, -1.5013, -1.0444, -8.2899]","[-2834.6895, -5411.6345, -43865.0276, -979367.6513]","[-1506674.9333, -1509251.8783, -1547705.2714, -2483207.8951]","[2.176, 2.086, 4.044, 12.289]","[[[2.972, -0.0653], [6.5411, -0.3264], [8.3971, -0.718], [13.5366, -1.3055], [14.2505, -2.0888], [17.3913, -3.1332]], [[2.972, -0.0653], [6.5411, -0.3264], [8.3971, -0.718], [13.5366, -1.3055], [20.8176, -3.0026], [18.8189, -3.0026]], [[2.972, -0.0653], [6.5411, -0.3264], [8.3971, -0.718], [13.5366, -1.3055], [13.1083, -12.9244], [15.107, -2.0888]], [[2.972, -0.0653], [6.5411, -0.3264], [8.3971, -0.718], [13.5366, -1.3055], [69.6432, -1.9582], [17.6768, 16.5798]]]",4.1962,0.0,0.0,0.0,0.0,0.0,0.0,False,"[4, 4, 4]",0.0,0.0,0.0,2.0857,4.0,0.5844,1.0157,3.7844,0.5887,1.1154,2.0857,"[[2.972, -0.065], [6.541, -0.326], [8.397, -0.718], [13.537, -1.305], [17.534, -2.546], [17.534, -2.546]]",ok,12.2895,0.0,0.0,0.0,0.0,0.0,0.0,0.0,0.0,0.0,f8de6e9a14d34f2791c21a07ce5d47c5,scene-0914,42
1.7749,1.2874,1.6787,1.1474,1.2759,1.5783,0.0,0.0,0.0,0.0,0.0,0.0,0.0,0.0,0.0,ok,straight,1.2049,2.0006,1.9671,0.8624,1.1328,1.6023,False,"[-0.0653, -0.3916, -0.1305, -0.0653]","[-99.035, -1888.2878, -2410.7554, -11841.0557]","[-251519.5138, -1253409.3952, -1253931.8628, -1263362.163]","[1.53, 1.932, 1.959, 3.113]","[[[3.1148, 0.0], [5.9701, -0.1305], [9.2537, -0.0653], [11.5379, -0.1305], [14.2505, -0.1305], [18.2479, -0.1305]], [[3.1148, 0.0], [5.9701, -0.1305], [9.2537, -0.0653], [11.5379, -0.1305], [11.9662, 0.0], [18.2479, -0.7833]], [[3.1148, 0.0], [5.9701, -0.1305], [9.2537, -0.0653], [11.5379, -0.1305], [15.9636, -0.1305], [13.9649, -0.2611]], [[3.1148, 0.0], [5.9701, -0.1305], [9.2537, -0.0653], [11.5379, -0.1305], [13.3939, -0.1305], [30.8112, -0.1305]]]",0.5902,0.0,0.0,0.0,0.0,0.0,0.0,True,"[3, 4, 4]",0.0,0.0,0.0,1.5305,4.0,1.2049,2.0006,1.9641,0.8624,1.1328,1.5305,"[[3.115, 0.0], [5.97, -0.131], [9.254, -0.065], [11.538, -0.131], [13.822, -0.131], [18.248, -0.196]]",ok,3.1125,0.0,0.0,0.0,0.0,0.0,0.0,0.0,0.0,0.0,aa448108d99f49fc9df2da05914f8ad4,scene-0914,42
0.302,0.0718,1.2559,0.3274,0.3568,0.5867,0.0,0.0,0.0,0.0,0.0,0.0,0.0,0.0,0.0,ok,straight,0.0495,0.2302,0.1989,0.0599,0.2704,0.6688,False,"[-0.0653, -0.1305, -0.0653, -0.0]","[-423.359, -2654.2774, -4953.5597, -8027.9307]","[-1285483.7869, -2288139.3393, -2290438.6216, -2293512.9926]","[0.529, 0.879, 2.355, 1.347]","[[[2.5437, 0.0], [4.828, 0.0], [8.2543, -0.1305], [9.3964, -0.0653], [11.1096, -0.1305], [12.5373, -0.1305]], [[2.5437, 0.0], [4.828, 0.0], [8.2543, -0.1305], [9.3964, -0.0653], [14.536, -0.1305], [15.3926, -0.2611]], [[2.5437, 0.0], [4.828, 0.0], [8.2543, -0.1305], [9.3964, -0.0653], [17.3913, -0.1305], [21.3887, 0.1305]], [[2.5437, 0.0], [4.828, 0.0], [8.2543, -0.1305], [9.3964, -0.0653], [14.8215, -0.3916], [9.682, 0.0]]]",0.6863,0.0,0.0,0.0,0.0,0.0,0.0,False,"[4, 4, 4]",0.0,0.0,0.0,0.5291,4.0,0.0495,0.2302,1.2559,0.0599,0.2704,0.5291,"[[2.544, 0.0], [4.828, 0.0], [8.254, -0.131], [9.396, -0.065], [14.679, -0.131], [13.965, -0.065]]",ok,2.3547,0.0,0.0,0.0,0.0,0.0,0.0,0.0,0.0,0.0,39ac0d94ecaa4c32a779975bad9502df,scene-0914,42
0.1809,0.5246,3.2302,0.1996,0.4067,0.95,0.0,0.0,0.0,0.0,0.0,0.0,0.0,0.0,0.0,ok,straight,0.876,7.8233,3.8059,0.6892,2.4004,2.4101,False,"[-0.5875, -3.1985, -0.8486, -1.0444]","[-15386.9602, -23723.2548, -32606.0999, -35979.3421]","[-1777226.3416, -1785562.6362, -1794445.4814, -1797818.7236]","[2.997, 3.716, 2.121, 2.529]","[[[2.2582, 0.1305], [4.3997, 0.4569], [5.6846, 0.6527], [7.6833, 8.8121], [11.3952, 5.4831], [11.6807, 1.1749]], [[2.2582, 0.1305], [4.3997, 0.4569], [5.6846, 0.6527], [7.6833, 8.8121], [8.8254, 1.9582], [17.1058, -6.3969]], [[2.2582, 0.1305], [4.3997, 0.4569], [5.6846, 0.6527], [7.6833, 8.8121], [9.1109, 0.7833], [10.5386, 1.6971]], [[2.2582, 0.1305], [4.3997, 0.4569], [5.6846, 0.6527], [7.6833, 8.8121], [8.2543, 0.5222], [13.3939, 2.0888]]]",0.5928,0.0,0.0,0.0,0.0,0.0,0.0,False,"[4, 4, 4]",0.0,0.0,0.0,2.1213,4.0,0.876,7.8233,1.803,0.6892,2.4004,2.1213,"[[2.258, 0.131], [4.4, 0.457], [5.685, 0.653], [7.683, 8.812], [8.968, 1.371], [12.537, 1.436]]",ok,3.716,0.0,0.0,0.0,0.0,0.0,0.0,0.0,0.0,0.0,98605ed784f7455bb52d1994cdbaaaac,scene-0914,42
1.2081,5.5382,11.8355,0.8026,2.4121,5.119,0.0,0.0,0.0,0.0,0.0,0.0,0.0,0.0,0.0,ok,left,1.0164,7.4306,12.3266,0.6087,2.7319,4.6085,True,"[-2.7415, -2.3499, -2.6763, -3.5901]","[-4917.6489, -8017.0067, -39646.3699, -39943.1952]","[-2019534.7954, -2022634.1531, -2054263.5163, -2054560.3416]","[5.419, 4.94, 3.951, 4.793]","[[[1.2588, -0.0653], [3.2576, -0.3916], [6.5412, 0.1958], [6.5412, -4.3734], [8.5399, -4.5692], [9.1109, -5.4831]], [[1.2588, -0.0653], [3.2576, -0.3916], [6.5412, 0.1958], [6.5412, -4.3734], [7.9688, -2.3499], [11.1096, -4.6998]], [[1.2588, -0.0653], [3.2576, -0.3916], [6.5412, 0.1958], [6.5412, -4.3734], [7.9688, 4.3081], [7.3977, -5.3525]], [[1.2588, -0.0653], [3.2576, -0.3916], [6.5412, 0.1958], [6.5412, -4.3734], [10.5386, 2.8721], [5.6846, -7.1802]]]",0.5293,0.0,0.0,0.0,0.0,0.0,0.0,False,"[4, 4, 4]",0.0,0.0,0.0,3.9514,4.0,1.0164,7.4306,12.3553,0.6087,2.7319,3.9514,"[[1.259, -0.065], [3.258, -0.392], [6.541, 0.196], [6.541, -4.373], [8.254, 0.261], [8.254, -5.418]]",ok,5.4192,0.0,0.0,0.0,0.0,0.0,0.0,0.0,0.0,0.0,7f8368b7a14341b3bef03a7aec63f9b5,scene-0915,42
3.5535,6.5803,9.2083,2.6056,4.1362,5.6626,0.0,0.0,0.0,0.0,0.0,0.0,0.0,0.0,0.0,ok,straight,2.4103,6.7231,7.9234,2.1053,3.9219,5.2104,True,"[-0.1305, -0.5222, -0.1305, -0.0]","[-228.4724, -857.4013, -1690.9665, -14223.2911]","[-944273.918, -944276.0267, -1945965.9134, -1958498.238]","[5.425, 4.717, 4.996, 7.947]","[[[2.972, 0.0], [6.5411, -0.0653], [8.5399, -0.0653], [10.9669, -0.1305], [13.1083, -0.1305], [16.8202, -0.2611]], [[2.972, 0.0], [6.5411, -0.0653], [8.5399, -0.0653], [10.9669, -0.1305], [15.9636, -0.2611], [18.2479, -1.0444]], [[2.972, 0.0], [6.5411, -0.0653], [8.5399, -0.0653], [10.9669, -0.1305], [12.5373, -0.1305], [19.9611, -0.2611]], [[2.972, 0.0], [6.5411, -0.0653], [8.5399, -0.0653], [10.9669, -0.1305], [14.2505, -0.3916], [0.545, 0.0]]]",1.2814,0.0,0.0,0.0,0.0,0.0,0.0,True,"[4, 4, 4]",0.0,0.0,0.0,4.7165,4.0,2.4103,6.7231,7.2449,2.1053,3.9219,4.7165,"[[2.972, 0.0], [6.541, -0.065], [8.54, -0.065], [10.967, -0.131], [13.679, -0.196], [17.534, -0.261]]",ok,7.9471,0.0,0.0,0.0,0.0,0.0,0.0,0.0,0.0,0.0,cbd9af2921154c46bf9a5da785624d5f,scene-0915,42
2.0743,4.8139,8.6737,1.4492,2.9801,4.4815,0.0,0.0,0.0,0.0,0.0,0.0,0.0,0.0,0.0,ok,straight,2.6442,5.5275,8.6686,1.5917,3.3725,4.7185,False,"[-0.0653, -0.1305, -0.1958, -0.0653]","[-741.6479, -133.9962, -3947.0547, -5427.5343]","[-752998.0783, -752999.008, -1756946.8657, -1758427.3453]","[4.981, 4.743, 6.04, 3.887]","[[[3.4003, 0.0], [5.6846, -0.0653], [7.9688, -0.1305], [11.5379, -0.1305], [12.8228, 0.3916], [16.2492, -0.1305]], [[3.4003, 0.0], [5.6846, -0.0653], [7.9688, -0.1305], [11.5379, -0.1305], [14.2505, -0.1305], [16.2492, -0.2611]], [[3.4003, 0.0], [5.6846, -0.0653], [7.9688, -0.1305], [11.5379, -0.1305], [14.536, -0.9138], [8.2543, 0.3916]], [[3.4003, 0.0], [5.6846, -0.0653], [7.9688, -0.1305], [11.5379, -0.1305], [18.8189, -0.1305], [16.8202, -0.1305]]]",0.7673,0.0,0.0,0.0,0.0,0.0,0.0,True,"[4, 4, 4]",0.0,0.0,0.0,3.8874,4.0,2.6442,5.5275,8.0978,1.5917,3.3725,3.8874,"[[3.4, 0.0], [5.685, -0.065], [7.969, -0.131], [11.538, -0.131], [14.393, -0.131], [16.249, -0.131]]",ok,6.0399,0.0,0.0,0.0,0.0,0.0,0.0,0.0,0.0,0.0,35afe50d131847739f3221c6ffb88d42,scene-0915,42
3.1451,6.2376,8.8972,2.1677,3.6749,5.1195,0.0,0.0,0.0,0.0,0.0,0.0,0.0,0.0,0.0,ok,straight,3.1451,4.9528,7.4702,2.2391,3.2822,4.3349,True,"[-0.1305, -0.1305, -0.0, -3.9165]","[-115.301, -1242.4832, -8674.8834, -74186.7721]","[-797224.3076, -1798468.0203, -1805900.4206, -1871412.3092]","[4.81, 4.051, 5.429, 5.372]","[[[2.972, 0.0], [5.399, 0.0], [8.9682, -0.0653], [11.8235, -0.1305], [13.9649, -0.1305], [15.9636, -0.2611]], [[2.972, 0.0], [5.399, 0.0], [8.9682, -0.0653], [11.8235, -0.1305], [16.8202, -0.3916], [17.6768, -0.2611]], [[2.972, 0.0], [5.399, 0.0], [8.9682, -0.0653], [11.8235, -0.1305], [9.1109, -0.3916], [17.1058, 0.0]], [[2.972, 0.0], [5.399, 0.0], [8.9682, -0.0653], [11.8235, -0.1305], [29.6691, 0.1305], [18.2479, -7.833]]]",0.5546,0.0,0.0,0.0,0.0,0.0,0.0,True,"[4, 4, 4]",0.0,0.0,0.0,4.0512,4.0,3.1451,4.9528,7.1848,2.2391,3.2822,4.0512,"[[2.972, 0.0], [5.399, 0.0], [8.968, -0.065], [11.823, -0.131], [15.393, -0.261], [17.391, -0.261]]",ok,5.4289,0.0,0.0,0.0,0.0,0.0,0.0,0.0,0.0,0.0,88bbcc1cfea447b2a3d6ca38f5c12174,scene-0915,42
0.3975,0.6486,1.1709,0.369,0.3882,0.6424,0.0,0.0,0.0,0.0,0.0,0.0,0.0,0.0,0.0,ok,right,0.1917,0.6226,5.5775,0.1975,0.3316,1.2397,False,"[2.7415, 4.047, -8.2899, -2.4804]","[-146.868, -1531.153, -7842.4914, -14162.1747]","[-821723.4254, -1823256.3821, -1829567.7205, -1835887.4038]","[0.605, 1.197, 4.903, 2.573]","[[[1.9727, 0.0], [4.1141, -0.5875], [5.2563, -1.6319], [6.8267, -2.0235], [7.9688, -3.1332], [9.1109, -5.4831]], [[1.9727, 0.0], [4.1141, -0.5875], [5.2563, -1.6319], [6.8267, -2.0235], [8.5399, -6.1358], [12.8228, -8.0941]], [[1.9727, 0.0], [4.1141, -0.5875], [5.2563, -1.6319], [6.8267, -2.0235], [5.6846, 1.0444], [7.6833, 16.5798]], [[1.9727, 0.0], [4.1141, -0.5875], [5.2563, -1.6319], [6.8267, -2.0235], [11.9662, -4.5692], [7.3977, 4.9609]]]",1.6537,0.0,0.0,0.0,0.0,0.0,0.0,False,"[4, 4, 4]",0.0,0.0,0.0,0.6047,4.0,0.1917,0.6226,1.1709,0.1975,0.3316,0.6047,"[[1.973, 0.0], [4.114, -0.587], [5.256, -1.632], [6.827, -2.024], [8.254, -3.851], [8.397, -0.261]]",ok,4.9031,0.0,0.0,0.0,0.0,0.0,0.0,0.0,0.0,0.0,b5989651183643369174912bc5641d3b,scene-0916,42
1.5665,2.2969,2.0707,1.0734,1.4402,1.7174,0.0,0.0,0.0,0.0,0.0,0.0,0.0,0.0,0.0,ok,right,1.8564,1.9474,9.7475,1.5717,1.4691,3.2811,False,"[2.2846, -2.0888, -3.2637, -8.2899]","[-1795.3747, -4644.4547, -4735.2959, -7261.9902]","[-2514956.8224, -2517805.9024, -2517896.7436, -2520423.438]","[1.737, 3.19, 3.519, 5.38]","[[[0.9733, -0.0653], [2.5437, -0.1958], [5.8273, -0.3916], [6.6839, -2.8721], [7.3977, -2.4804], [9.1109, -4.5692]], [[0.9733, -0.0653], [2.5437, -0.1958], [5.8273, -0.3916], [6.6839, -2.8721], [5.399, -1.0444], [10.8241, 4.1776]], [[0.9733, -0.0653], [2.5437, -0.1958], [5.8273, -0.3916], [6.6839, -2.8721], [5.6846, -1.436], [10.253, 6.5275]], [[0.9733, -0.0653], [2.5437, -0.1958], [5.8273, -0.3916], [6.6839, -2.8721], [6.5412, 1.436], [8.8254, 16.5798]]]",1.2973,0.0,0.0,1.0,0.0,0.0,1.0,False,"[4, 4, 4]",0.0,0.0,0.16666666666666666,1.7367,4.0,1.8564,1.9474,2.0707,1.5717,1.4691,1.7367,"[[0.973, -0.065], [2.544, -0.196], [5.827, -0.392], [6.684, -2.872], [6.113, -1.24], [9.682, 5.353]]",ok,5.3799,0.0,0.0,1.0,0.0,0.0,1.0,0.0,0.0,0.16666666666666666,858a1ece22cf45d9bc71e42336604b78,scene-0916,42
0.1679,0.1633,0.2159,0.2851,0.2252,0.297,0.0,0.0,0.0,0.0,0.0,0.0,0.0,0.0,0.0,ok,straight,0.546,2.1303,2.7727,0.5455,0.8723,1.0863,False,"[-0.0, -0.5222, -0.2611, -0.3264]","[-2656.3741, -2681.5205, -5008.898, -11914.477]","[-2251112.2839, -2251137.4303, -2253464.8079, -2260370.3869]","[0.791, 2.55, 1.683, 2.651]","[[[3.2576, 0.0], [4.9707, 0.0], [8.1116, -0.0653], [13.3939, -0.1305], [13.6794, 0.0], [16.8202, 0.0]], [[3.2576, 0.0], [4.9707, 0.0], [8.1116, -0.0653], [13.3939, -0.1305], [12.8228, 0.0], [7.1122, -1.0444]], [[3.2576, 0.0], [4.9707, 0.0], [8.1116, -0.0653], [13.3939, -0.1305], [14.536, 0.3916], [23.3874, 0.5222]], [[3.2576, 0.0], [4.9707, 0.0], [8.1116, -0.0653], [13.3939, -0.1305], [14.536, -1.0444], [28.8125, 0.6527]]]",0.7519,0.0,0.0,0.0,0.0,0.0,0.0,False,"[4, 4, 4]",0.0,0.0,0.0,0.7911,4.0,0.546,2.1303,0.5925,0.5455,0.8723,0.7911,"[[3.258, 0.0], [4.971, 0.0], [8.112, -0.065], [13.394, -0.131], [14.108, 0.0], [20.104, 0.261]]",ok,2.6513,0.0,0.0,0.0,0.0,0.0,0.0,0.0,0.0,0.0,8573a885a7cb41d185c05029eeb9a54e,scene-0916,42
0.3109,0.3657,1.5434,0.3046,0.2866,0.5902,0.0,0.0,0.0,0.0,0.0,0.0,0.0,0.0,0.0,ok,left,0.6038,7.7596,3.165,4.4277,4.2136,3.7172,False,"[2.3499, 8.2899, -8.2899, 2.8721]","[-47436.1394, -71434.724, -105358.3331, -292428.4516]","[-3561828.7651, -3585827.3497, -3619750.9588, -3806821.0772]","[3.118, 4.934, 8.815, 6.888]","[[[2.5437, 8.3552], [3.6858, 0.5875], [5.9701, 1.2402], [9.682, 9.5301], [9.9675, 3.0026], [11.1096, 4.6998]], [[2.5437, 8.3552], [3.6858, 0.5875], [5.9701, 1.2402], [9.682, 9.5301], [8.8254, 3.1332], [13.6794, 16.5798]], [[2.5437, 8.3552], [3.6858, 0.5875], [5.9701, 1.2402], [9.682, 9.5301], [12.8228, 16.5798], [16.5347, -16.5798]], [[2.5437, 8.3552], [3.6858, 0.5875], [5.9701, 1.2402], [9.682, 9.5301], [17.6768, -16.5798], [12.8228, 5.7442]]]",2.1296,0.0,0.0,0.0,0.0,0.0,0.0,False,"[4, 4, 4]",0.0,0.0,0.0,3.1177,4.0,0.6038,7.7596,0.9728,4.4277,4.2136,3.1177,"[[2.544, 8.355], [3.686, 0.587], [5.97, 1.24], [9.682, 9.53], [11.395, 3.068], [13.251, 5.222]]",ok,8.8147,0.0,0.0,1.0,0.0,0.0,1.0,0.0,0.0,0.16666666666666666,e54b784a608644a2804fcf800c7499f7,scene-0916,42
2.4076,4.2474,6.0601,1.9403,2.8366,3.7127,0.0,0.0,0.0,0.0,0.0,0.0,0.0,0.0,0.0,ok,straight,3.9809,6.3893,8.6383,2.7984,5.086,5.8389,False,"[-0.5222, -0.2611, -8.2899, -6.2011]","[-2987.4286, -19459.5614, -26459.1908, -43024.8531]","[-3147010.7645, -3163482.8973, -3170482.5266, -3187048.1889]","[5.117, 6.374, 7.232, 10.27]","[[[3.5431, 0.0], [8.1116, 0.2611], [14.8215, 0.2611], [15.2498, 0.5875], [16.2492, 0.7833], [19.39, 1.0444]], [[3.5431, 0.0], [8.1116, 0.2611], [14.8215, 0.2611], [15.2498, 0.5875], [23.6729, 2.2193], [19.39, 0.5222]], [[3.5431, 0.0], [8.1116, 0.2611], [14.8215, 0.2611], [15.2498, 0.5875], [14.8215, -0.5222], [25.6716, 16.5798]], [[3.5431, 0.0], [8.1116, 0.2611], [14.8215, 0.2611], [15.2498, 0.5875], [18.5334, -13.3161], [35.3797, -12.4022]]]",1.8998,0.0,0.0,0.0,0.0,0.0,0.0,False,"[4, 4, 4]",0.0,0.0,0.0,5.1171,4.0,3.9809,6.3893,5.4893,2.7984,5.086,5.1171,"[[3.543, 0.0], [8.112, 0.261], [14.822, 0.261], [15.25, 0.587], [17.391, 0.131], [22.531, 0.783]]",ok,10.27,0.0,0.0,0.0,0.0,0.0,0.0,0.0,0.0,0.0,8c5c08c818d247ee9de5aa08e6762003,scene-0917,42
0.0888,0.1624,0.8015,0.136,0.1499,0.3595,0.0,0.0,0.0,0.0,0.0,0.0,0.0,0.0,0.0,ok,straight,0.2258,0.2345,0.9341,0.4498,0.3248,0.7802,False,"[-0.0, -0.0653, -0.0, -0.2611]","[-63.8078, -496.3496, -4041.2915, -7742.7994]","[-506905.2675, -1507403.3545, -1510948.2964, -1514649.8043]","[0.567, 1.19, 1.001, 1.359]","[[[1.9727, 0.0], [2.6865, 0.0], [3.6858, 0.0], [4.3997, 0.1958], [5.1135, 0.0], [5.9701, 0.0]], [[1.9727, 0.0], [2.6865, 0.0], [3.6858, 0.0], [4.3997, 0.1958], [5.1135, -0.1305], [2.2582, -0.1305]], [[1.9727, 0.0], [2.6865, 0.0], [3.6858, 0.0], [4.3997, 0.1958], [1.6871, 0.0], [6.8267, 0.0]], [[1.9727, 0.0], [2.6865, 0.0], [3.6858, 0.0], [4.3997, 0.1958], [1.4016, 0.0], [9.682, 0.5222]]]",0.2956,0.0,0.0,0.0,0.0,0.0,0.0,False,"[4, 4, 4]",0.0,0.0,0.0,0.5666,4.0,0.2258,0.2345,1.3444,0.4498,0.3248,0.5666,"[[1.973, 0.0], [2.686, 0.0], [3.686, 0.0], [4.4, 0.196], [3.4, 0.0], [6.398, 0.0]]",ok,1.3594,0.0,0.0,0.0,0.0,0.0,0.0,0.0,0.0,0.0,de8043171d774855a2a0059c4c0e14f6,scene-0917,42
0.6087,0.4987,2.0584,0.5681,0.619,0.8547,0.0,0.0,0.0,0.0,0.0,0.0,0.0,0.0,0.0,ok,straight,0.1887,0.0667,4.2111,0.2867,0.2684,1.0779,False,"[-0.4569, -1.3708, -0.5222, -1.2402]","[-430.1669, -714.5629, -5464.9147, -7064.8562]","[-931422.133, -1932138.7966, -1936889.1484, -1938489.0899]","[0.875, 1.159, 2.018, 1.49]","[[[0.9733, 0.0], [2.2582, -0.1305], [2.401, -0.0653], [2.972, 0.0653], [5.1135, -0.6527], [5.1135, -0.9138]], [[0.9733, 0.0], [2.2582, -0.1305], [2.401, -0.0653], [2.972, 0.0653], [3.4003, -0.5222], [7.6833, -2.7415]], [[0.9733, 0.0], [2.2582, -0.1305], [2.401, -0.0653], [2.972, 0.0653], [8.2543, 3.2637], [8.2543, 1.0444]], [[0.9733, 0.0], [2.2582, -0.1305], [2.401, -0.0653], [2.972, 0.0653], [-0.026, 0.0], [7.3977, 2.4804]]]",0.4251,0.0,0.0,0.0,0.0,0.0,0.0,True,"[4, 4, 4]",0.0,0.0,0.0,0.8754,4.0,0.1887,0.0667,2.0584,0.2867,0.2684,0.8754,"[[0.973, 0.0], [2.258, -0.131], [2.401, -0.065], [2.972, 0.065], [4.257, -0.261], [7.541, 0.065]]",ok,2.0183,0.0,0.0,0.0,0.0,0.0,0.0,0.0,0.0,0.0,a79ec336177c4db6a5579b335af98991,scene-0917,42
0.4073,0.6625,1.5095,0.2484,0.5287,0.6801,0.0,0.0,0.0,0.0,0.0,0.0,0.0,0.0,0.0,ok,left,0.6634,1.2327,2.0548,0.5901,0.6629,1.5624,False,"[2.3499, 8.2899, -4.3081, 1.6971]","[-1064.8363, -2446.0984, -6986.0988, -76291.3608]","[-2117204.8884, -3119651.7166, -3124191.7169, -3193496.979]","[0.77, 2.809, 4.578, 4.313]","[[[2.1154, 0.1305], [3.8286, 0.2611], [5.2563, 1.436], [7.6833, 1.8277], [8.5399, 4.5692], [9.9675, 4.6998]], [[2.1154, 0.1305], [3.8286, 0.2611], [5.2563, 1.436], [7.6833, 1.8277], [10.8241, 7.0497], [9.9675, 16.5798]], [[2.1154, 0.1305], [3.8286, 0.2611], [5.2563, 1.436], [7.6833, 1.8277], [13.1083, -5.0914], [12.5373, -8.6163]], [[2.1154, 0.1305], [3.8286, 0.2611], [5.2563, 1.436], [7.6833, 1.8277], [9.3964, -12.6633], [5.1135, 3.3943]]]",1.5142,0.0,0.0,0.0,0.0,0.0,0.0,False,"[4, 4, 4]",0.0,0.0,0.0,0.7696,4.0,0.6634,1.2327,1.5095,0.5901,0.6629,0.7696,"[[2.115, 0.131], [3.829, 0.261], [5.256, 1.436], [7.683, 1.828], [10.11, -0.261], [9.968, 4.047]]",ok,4.5784,0.0,0.0,0.0,0.0,0.0,0.0,0.0,0.0,0.0,b34a0291b41b46988afe5cca72668bcb,scene-0917,42
0.3574,1.0661,1.1388,0.255,0.6184,0.7472,0.0,0.0,0.0,0.0,0.0,0.0,0.0,0.0,0.0,ok,straight,0.4017,0.8455,2.9803,0.2107,0.6771,1.1767,False,"[-0.1958, -0.0653, -3.0026, -1.893]","[-659.8454, -1141.985, -19709.1317, -20099.7475]","[-1860913.882, -1861396.0215, -1879963.1683, -1880353.7841]","[2.0, 0.786, 4.576, 2.459]","[[[4.3997, 0.0], [9.2537, 0.0], [14.8215, 0.3916], [17.1058, 0.0653], [18.5334, -0.2611], [21.1032, 0.3916]], [[4.3997, 0.0], [9.2537, 0.0], [14.8215, 0.3916], [17.1058, 0.0653], [21.6742, 0.1305], [25.9572, 0.1305]], [[4.3997, 0.0], [9.2537, 0.0], [14.8215, 0.3916], [17.1058, 0.0653], [24.8151, -9.1385], [39.0915, -6.0053]], [[4.3997, 0.0], [9.2537, 0.0], [14.8215, 0.3916], [17.1058, 0.0653], [29.098, 0.1305], [27.9559, -3.7859]]]",1.3686,0.0,0.0,0.0,0.0,0.0,0.0,False,"[4, 4, 4]",0.0,0.0,0.0,0.7864,4.0,0.4017,0.8455,1.1388,0.2107,0.6771,0.7864,"[[4.4, 0.0], [9.254, 0.0], [14.822, 0.392], [17.106, 0.065], [23.245, -0.065], [26.957, -1.828]]",ok,4.5765,0.0,0.0,0.0,0.0,0.0,0.0,0.0,0.0,0.0,bd0c27135b3c43c6b0e59f03fdf441cb,scene-0919,42
1.1872,2.4736,4.1085,0.711,1.4028,2.2309,0.0,0.0,0.0,0.0,0.0,0.0,0.0,0.0,0.0,ok,straight,1.0489,2.8676,1.0027,0.7822,1.7804,2.2593,False,"[-0.3916, -0.8486, -0.1305, -0.6527]","[-261.0588, -266.3807, -11191.0306, -18486.1475]","[-256853.8869, -256855.5761, -1268046.2826, -1275341.3996]","[2.581, 1.963, 2.779, 2.823]","[[[2.8293, 0.0], [5.8273, 0.0], [7.5405, 0.1305], [10.6813, 0.3264], [13.1083, 0.2611], [15.3926, 0.7833]], [[2.8293, 0.0], [5.8273, 0.0], [7.5405, 0.1305], [10.6813, 0.3264], [13.6794, 0.9138], [18.2479, 1.6971]], [[2.8293, 0.0], [5.8273, 0.0], [7.5405, 0.1305], [10.6813, 0.3264], [9.3964, -0.3916], [21.1032, 0.2611]], [[2.8293, 0.0], [5.8273, 0.0], [7.5405, 0.1305], [10.6813, 0.3264], [8.2543, 3.7859], [20.8176, 1.3055]]]",0.3435,0.0,0.0,0.0,0.0,0.0,0.0,False,"[4, 4, 4]",0.0,0.0,0.0,1.9627,4.0,1.0489,2.8676,1.6702,0.7822,1.7804,1.9627,"[[2.829, 0.0], [5.827, 0.0], [7.541, 0.131], [10.681, 0.326], [11.252, 0.587], [19.533, 1.044]]",ok,2.8226,0.0,0.0,0.0,0.0,0.0,0.0,0.0,0.0,0.0,ee810fe8a5f94d5c9c33f6dad8c47383,scene-0919,42
0.8307,1.5358,1.4819,0.565,1.1155,1.1973,0.0,0.0,0.0,0.0,0.0,0.0,0.0,0.0,0.0,ok,left,7.9608,11.2919,2.3284,4.2698,5.3376,4.5006,False,"[0.8486, 0.9138, 0.1305, 0.3916]","[-128718.1536, -136003.6094, -167210.1857, -496991.7053]","[-3007577.2853, -3014862.7411, -3046069.3174, -3375850.8371]","[4.012, 4.504, 5.969, 14.573]","[[[2.8293, 0.0], [6.3984, 8.3552], [8.8254, 0.5222], [12.68, 12.7286], [15.3926, 1.0444], [17.3913, 1.6971]], [[2.8293, 0.0], [6.3984, 8.3552], [8.8254, 0.5222], [12.68, 12.7286], [18.8189, 0.7833], [15.9636, 1.8277]], [[2.8293, 0.0], [6.3984, 8.3552], [8.8254, 0.5222], [12.68, 12.7286], [15.107, -3.1332], [9.682, 0.2611]], [[2.8293, 0.0], [6.3984, 8.3552], [8.8254, 0.5222], [12.68, 12.7286], [12.5373, -12.5328], [69.6432, 0.7833]]]",4.2804,0.0,0.0,0.0,0.0,0.0,0.0,False,"[4, 4, 4]",0.0,0.0,0.0,4.0121,4.0,7.9608,11.2919,1.4819,4.2698,5.3376,4.0121,"[[2.829, 0.0], [6.398, 8.355], [8.825, 0.522], [12.68, 12.729], [15.25, -1.175], [16.677, 1.24]]",ok,14.5726,0.0,0.0,0.0,0.0,0.0,0.0,0.0,0.0,0.0,9ee74c648944413f9019afc2e222c088,scene-0919,42
2.6413,4.2736,6.1485,1.7399,2.5993,3.6221,0.0,1.0,0.0,0.0,1.0,1.0,0.0,0.25,0.16666666666666666,ok,left,2.2249,7.0831,9.8751,5.27,6.4919,7.0004,False,"[2.2846, 1.893, -5.0914, 8.2899]","[-70862.5638, -81078.0023, -86034.1199, -91801.2556]","[-2945268.9139, -2955484.3524, -2960440.4699, -2966207.6056]","[6.307, 7.038, 8.453, 8.348]","[[[2.8293, 8.4205], [5.399, -0.0653], [9.682, 8.6816], [13.5366, 2.2846], [13.6794, 2.4804], [15.3926, 4.5692]], [[2.8293, 8.4205], [5.399, -0.0653], [9.682, 8.6816], [13.5366, 2.2846], [11.3952, 2.2193], [21.6742, 3.7859]], [[2.8293, 8.4205], [5.399, -0.0653], [9.682, 8.6816], [13.5366, 2.2846], [13.9649, 3.1332], [18.8189, -10.1829]], [[2.8293, 8.4205], [5.399, -0.0653], [9.682, 8.6816], [13.5366, 2.2846], [14.8215, -2.0888], [19.9611, 16.5798]]]",0.9024,0.0,1.0,0.0,0.0,1.0,1.0,False,"[4, 4, 4]",0.0,0.25,0.16666666666666666,6.3068,4.0,2.2249,7.0831,5.8936,5.27,6.4919,6.3068,"[[2.829, 8.42], [5.399, -0.065], [9.682, 8.682], [13.537, 2.285], [13.822, 2.35], [19.39, 4.178]]",ok,8.4526,0.0,1.0,0.0,0.0,1.0,1.0,0.0,0.25,0.16666666666666666,188fe79624af4474b8b720e2282b406a,scene-0919,42
0.7358,2.25,6.1741,0.4061,1.1057,2.429,0.0,0.0,0.0,0.0,0.0,0.0,0.0,0.0,0.0,ok,right,1.3157,3.0181,6.4528,0.8581,1.6494,3.0669,False,"[-1.436, -1.3708, -0.8486, 0.3264]","[-406.114, -1067.5187, -5689.4059, -78019.3667]","[-1078595.0095, -2079662.3103, -2084284.1975, -2156614.1584]","[2.851, 3.29, 3.077, 5.11]","[[[2.6865, 0.0], [5.8273, 0.1958], [8.6826, -0.0653], [10.5386, 1.3708], [11.9662, 1.6971], [14.8215, 2.8721]], [[2.6865, 0.0], [5.8273, 0.1958], [8.6826, -0.0653], [10.5386, 1.3708], [11.9662, 2.8721], [17.6768, 2.7415]], [[2.6865, 0.0], [5.8273, 0.1958], [8.6826, -0.0653], [10.5386, 1.3708], [15.3926, 3.1332], [11.1096, 1.6971]], [[2.6865, 0.0], [5.8273, 0.1958], [8.6826, -0.0653], [10.5386, 1.3708], [12.8228, 16.5798], [16.8202, -0.6527]]]",0.8957,0.0,0.0,0.0,0.0,0.0,0.0,True,"[4, 4, 4]",0.0,0.0,0.0,2.8506,4.0,1.3157,3.0181,6.5292,0.8581,1.6494,2.8506,"[[2.686, 0.0], [5.827, 0.196], [8.683, -0.065], [10.539, 1.371], [12.395, 3.003], [15.821, 2.219]]",ok,5.1099,0.0,0.0,0.0,0.0,0.0,0.0,0.0,0.0,0.0,e8a25125ab404726ab03976d3871c460,scene-0920,42
2.5619,3.9164,4.3486,1.91,2.6893,3.284,0.0,0.0,0.0,0.0,0.0,0.0,0.0,0.0,0.0,ok,right,3.2657,8.7626,6.0803,2.5491,4.3286,5.135,False,"[2.2846, 2.4152, 2.5457, 0.8486]","[-42983.3418, -61221.6176, -73309.7586, -175475.9055]","[-2484674.6263, -2502912.902, -2515001.043, -2617167.1899]","[4.405, 7.271, 6.057, 13.191]","[[[3.6858, -0.1958], [7.255, -0.4569], [9.8247, -0.8486], [11.5379, 7.4413], [16.2492, -3.1332], [18.2479, -4.5692]], [[3.6858, -0.1958], [7.255, -0.4569], [9.8247, -0.8486], [11.5379, 7.4413], [20.2466, 16.5798], [20.2466, -4.8303]], [[3.6858, -0.1958], [7.255, -0.4569], [9.8247, -0.8486], [11.5379, 7.4413], [24.5295, -3.3943], [19.9611, -5.0914]], [[3.6858, -0.1958], [7.255, -0.4569], [9.8247, -0.8486], [11.5379, 7.4413], [17.6768, -4.5692], [69.6432, -1.6971]]]",3.3122,0.0,0.0,0.0,0.0,0.0,0.0,False,"[4, 4, 4]",0.0,0.0,0.0,4.4054,4.0,3.2657,8.7626,4.3486,2.5491,4.3286,4.4054,"[[3.686, -0.196], [7.255, -0.457], [9.825, -0.849], [11.538, 7.441], [18.962, -3.264], [20.104, -4.7]]",ok,13.1907,0.0,0.0,0.0,0.0,0.0,0.0,0.0,0.0,0.0,fb87cdcfffbf4792b5e7c4fd87d97a54,scene-0920,42
4.1001,7.1248,11.2954,2.9208,4.6664,6.5814,0.0,0.0,0.0,0.0,0.0,0.0,0.0,0.0,0.0,ok,straight,4.9591,8.6961,9.4444,3.4924,5.2022,6.3201,True,"[-0.718, -0.5875, -1.0444, -1.1749]","[-1793.8824, -2075.67, -13367.2209, -120338.1193]","[-2462300.5426, -2462582.3302, -2473873.8811, -2580844.7795]","[6.51, 7.132, 6.893, 6.251]","[[[3.4003, -0.0653], [7.3977, -0.3264], [8.8254, -0.2611], [13.8222, -0.6527], [16.2492, -1.1749], [17.3913, -1.436]], [[3.4003, -0.0653], [7.3977, -0.3264], [8.8254, -0.2611], [13.8222, -0.6527], [18.5334, -1.5666], [18.8189, -1.1749]], [[3.4003, -0.0653], [7.3977, -0.3264], [8.8254, -0.2611], [13.8222, -0.6527], [12.5373, -0.7833], [23.3874, -2.0888]], [[3.4003, -0.0653], [7.3977, -0.3264], [8.8254, -0.2611], [13.8222, -0.6527], [-2.8813, -0.2611], [15.6781, -2.3499]]]",0.3397,0.0,0.0,0.0,0.0,0.0,0.0,False,"[4, 4, 4]",0.0,0.0,0.0,6.2508,4.0,4.9591,8.6961,7.0693,3.4924,5.2022,6.2508,"[[3.4, -0.065], [7.398, -0.326], [8.825, -0.261], [13.822, -0.653], [14.393, -0.979], [18.105, -1.762]]",ok,7.1323,0.0,0.0,0.0,0.0,0.0,0.0,0.0,0.0,0.0,b423cc4e44fd40cf920fff82810a93aa,scene-0920,42
2.5177,4.2606,5.8542,1.9498,2.9736,3.8612,0.0,0.0,0.0,0.0,0.0,0.0,0.0,0.0,0.0,ok,straight,3.2263,4.8259,8.3021,2.5182,3.0798,8.6672,False,"[-0.1305, -0.1958, -0.1305, -0.5222]","[-1139.9847, -10897.1779, -584158.2878, -654660.4388]","[-2509238.7911, -2518995.9843, -3092257.0941, -3162759.2452]","[3.932, 4.623, 13.586, 12.469]","[[[4.9707, 0.0], [9.8247, -0.1305], [12.68, -0.0653], [18.8189, -0.1958], [23.3874, -0.1305], [27.9559, -0.2611]], [[4.9707, 0.0], [9.8247, -0.1305], [12.68, -0.0653], [18.8189, -0.1958], [29.098, 0.0], [26.2427, 0.3916]], [[4.9707, 0.0], [9.8247, -0.1305], [12.68, -0.0653], [18.8189, -0.1958], [69.6432, 0.2611], [39.6626, -0.2611]], [[4.9707, 0.0], [9.8247, -0.1305], [12.68, -0.0653], [18.8189, -0.1958], [69.6432, -0.2611], [32.8099, 1.0444]]]",4.3997,0.0,0.0,0.0,0.0,0.0,0.0,False,"[4, 4, 4]",0.0,0.0,0.0,3.932,4.0,3.2263,4.8259,5.8542,2.5182,3.0798,3.932,"[[4.971, 0.0], [9.825, -0.131], [12.68, -0.065], [18.819, -0.196], [49.371, -0.065], [30.383, 0.065]]",ok,13.5863,0.0,0.0,0.0,0.0,0.0,0.0,0.0,0.0,0.0,d640474c9a0341fd91f2bd24d6deec25,scene-0920,42
0.3176,0.5274,0.1168,0.2951,0.2933,0.2396,0.0,0.0,0.0,0.0,0.0,0.0,0.0,0.0,0.0,ok,straight,0.5408,1.8059,1.2043,0.3358,1.0212,0.9539,False,"[-0.0, -0.0653, -0.1305, -1.7624]","[-103.2262, -268.3692, -2668.869, -70432.9172]","[-1428940.9816, -1428941.0757, -2431611.1228, -2499375.1709]","[0.906, 0.742, 1.27, 11.418]","[[[2.972, 0.0], [6.2556, 0.0], [10.1103, -0.0653], [12.3945, -0.0653], [13.6794, -0.1305], [14.536, 0.0]], [[2.972, 0.0], [6.2556, 0.0], [10.1103, -0.0653], [12.3945, -0.0653], [13.1083, -0.1305], [15.3926, -0.1305]], [[2.972, 0.0], [6.2556, 0.0], [10.1103, -0.0653], [12.3945, -0.0653], [11.6807, -0.2611], [17.3913, -0.2611]], [[2.972, 0.0], [6.2556, 0.0], [10.1103, -0.0653], [12.3945, -0.0653], [22.8163, -0.6527], [69.6432, 3.5248]]]",4.5268,0.0,0.0,0.0,0.0,0.0,0.0,True,"[4, 4, 4]",0.0,0.0,0.0,0.7423,4.0,0.5408,1.8059,0.2215,0.3358,1.0212,0.7423,"[[2.972, 0.0], [6.256, 0.0], [10.11, -0.065], [12.395, -0.065], [13.394, -0.196], [16.392, -0.065]]",ok,11.4178,0.0,0.0,0.0,0.0,0.0,0.0,0.0,0.0,0.0,852e22dbdbbf422e99224c488d7618bf,scene-0921,42
0.1744,1.3541,4.1873,0.1005,0.6254,1.5254,0.0,0.0,0.0,0.0,0.0,0.0,0.0,0.0,0.0,ok,straight,0.5404,3.6448,4.9018,0.6398,1.3276,2.0412,False,"[-0.0, -0.0653, -0.3264, -8.2899]","[-2104.1953, -5252.5621, -7595.8999, -17262.9174]","[-1937257.0614, -1940405.4282, -1942748.766, -1952415.7835]","[2.041, 1.566, 2.427, 4.31]","[[[2.1154, 0.0], [1.8299, 0.0], [3.4003, 0.0653], [6.8267, 0.1958], [5.9701, 0.0], [7.3977, 0.0]], [[2.1154, 0.0], [1.8299, 0.0], [3.4003, 0.0653], [6.8267, 0.1958], [3.9714, 0.0], [6.5412, 0.1305]], [[2.1154, 0.0], [1.8299, 0.0], [3.4003, 0.0653], [6.8267, 0.1958], [4.5424, 0.0], [11.1096, 0.6527]], [[2.1154, 0.0], [1.8299, 0.0], [3.4003, 0.0653], [6.8267, 0.1958], [6.2556, 0.3916], [8.8254, -16.5798]]]",1.0409,0.0,0.0,0.0,0.0,0.0,0.0,False,"[4, 4, 4]",0.0,0.0,0.0,1.5658,4.0,0.5404,3.6448,3.3341,0.6398,1.3276,1.5658,"[[2.115, 0.0], [1.83, 0.0], [3.4, 0.065], [6.827, 0.196], [5.256, 0.0], [8.112, 0.065]]",ok,4.3096,0.0,0.0,0.0,0.0,0.0,0.0,0.0,0.0,0.0,ae572fa851ae494a8f9288e627db0be8,scene-0921,42
3.1258,6.5462,8.9458,2.4065,3.976,5.3601,0.0,0.0,0.0,0.0,0.0,0.0,0.0,0.0,0.0,ok,straight,3.4029,4.6989,6.6461,3.4029,4.2903,5.1329,True,"[-2.4804, -2.0235, -0.0, -0.7833]","[-3009.6455, -4903.3273, -5113.2196, -17666.7255]","[-2766195.3746, -2768089.0565, -2768298.9488, -2780852.4546]","[5.57, 5.159, 3.946, 6.517]","[[[3.4003, -0.1305], [3.4003, -0.1305], [5.6846, -0.6527], [4.9707, -0.4569], [7.3977, -3.1332], [9.1109, -4.9609]], [[3.4003, -0.1305], [3.4003, -0.1305], [5.6846, -0.6527], [4.9707, -0.4569], [7.3977, -1.436], [7.3977, 4.047]], [[3.4003, -0.1305], [3.4003, -0.1305], [5.6846, -0.6527], [4.9707, -0.4569], [6.2556, 1.5666], [0.8306, 0.0]], [[3.4003, -0.1305], [3.4003, -0.1305], [5.6846, -0.6527], [4.9707, -0.4569], [11.9662, -4.5692], [11.3952, 1.5666]]]",0.9227,0.0,0.0,0.0,0.0,0.0,0.0,False,"[4, 4, 4]",0.0,0.0,0.0,3.9461,4.0,3.4029,4.6989,0.826,3.4029,4.2903,3.9461,"[[3.4, -0.131], [3.4, -0.131], [5.685, -0.653], [4.971, -0.457], [7.398, -2.285], [8.254, 0.783]]",ok,6.5167,0.0,1.0,0.0,0.0,1.0,1.0,0.0,0.25,0.3333333333333333,c2f07ed47010457db915a4190dfe662f,scene-0921,42
1.3776,2.8436,4.629,0.8865,1.713,2.5059,0.0,0.0,0.0,0.0,0.0,0.0,0.0,0.0,0.0,ok,left,1.0281,3.1615,4.4969,0.5889,1.4715,2.3229,True,"[0.5222, 0.1305, 1.0444, -1.893]","[-268.5731, -290.5187, -1363.4246, -259227.9028]","[-1034263.6541, -1034264.0062, -2035628.1726, -2293492.6507]","[2.286, 2.872, 2.197, 12.07]","[[[1.4016, 0.0], [2.1154, -0.0653], [3.4003, 0.1305], [3.8286, -0.1958], [5.1135, 0.6527], [5.6846, 1.0444]], [[1.4016, 0.0], [2.1154, -0.0653], [3.4003, 0.1305], [3.8286, -0.1958], [3.9714, 0.6527], [2.5437, 0.2611]], [[1.4016, 0.0], [2.1154, -0.0653], [3.4003, 0.1305], [3.8286, -0.1958], [6.5412, -1.1749], [7.6833, 2.0888]], [[1.4016, 0.0], [2.1154, -0.0653], [3.4003, 0.1305], [3.8286, -0.1958], [3.1148, 0.6527], [69.6432, -3.7859]]]",4.1731,0.0,0.0,0.0,0.0,0.0,0.0,True,"[4, 4, 4]",0.0,0.0,0.0,2.1968,4.0,1.0281,3.1615,2.8211,0.5889,1.4715,2.1968,"[[1.402, 0.0], [2.115, -0.065], [3.4, 0.131], [3.829, -0.196], [4.542, 0.653], [6.684, 0.653]]",ok,12.0702,0.0,0.0,0.0,0.0,0.0,0.0,0.0,0.0,0.0,4fe7d92f1beb403aa1e9228dc8de8365,scene-0921,42
0.3612,0.6633,1.4744,0.2795,0.3792,0.671,0.0,0.0,0.0,0.0,0.0,0.0,0.0,0.0,0.0,ok,straight,2.7799,25.043,0.976,1.6292,7.5409,5.3756,False,"[-0.5875, -0.3916, -0.3264, -0.1305]","[-216235.1855, -332221.7771, -379697.9877, -408737.3213]","[-3068037.0559, -3184023.6474, -3231499.8581, -3260539.1916]","[7.664, 5.97, 6.765, 5.399]","[[[4.2569, 0.0], [12.2517, -0.1305], [12.3945, -0.1305], [43.9456, -0.0653], [36.2362, -0.2611], [25.3861, 1.1749]], [[4.2569, 0.0], [12.2517, -0.1305], [12.3945, -0.1305], [43.9456, -0.0653], [27.0993, 0.0], [30.2401, -0.7833]], [[4.2569, 0.0], [12.2517, -0.1305], [12.3945, -0.1305], [43.9456, -0.0653], [21.6742, -0.1305], [19.6755, -0.6527]], [[4.2569, 0.0], [12.2517, -0.1305], [12.3945, -0.1305], [43.9456, -0.0653], [22.2453, -0.1305], [29.098, -0.2611]]]",0.8524,0.0,0.0,0.0,0.0,0.0,0.0,False,"[4, 4, 4]",0.0,0.0,0.0,5.399,4.0,2.7799,25.043,0.9034,1.6292,7.5409,5.399,"[[4.257, 0.0], [12.252, -0.131], [12.395, -0.131], [43.946, -0.065], [24.672, -0.131], [27.242, -0.457]]",ok,7.6635,0.0,0.0,0.0,0.0,0.0,0.0,0.0,0.0,0.0,73c335a2a207457ea36cc855b2417bd9,scene-0922,42
2.5693,5.4227,9.7185,2.0359,3.533,5.3059,0.0,0.0,0.0,0.0,0.0,0.0,0.0,0.0,0.0,ok,straight,2.4266,5.9932,9.1461,1.8217,3.3907,5.0916,True,"[-0.1305, -0.0653, -0.0653, -0.1305]","[-17.1556, -1027.8252, -12212.7407, -691802.5796]","[-975525.6527, -1976553.07, -1987737.9854, -2667327.8243]","[5.211, 4.262, 4.223, 12.539]","[[[4.828, 0.0], [9.5392, 0.0], [14.3932, 0.0], [19.6755, -0.1958], [24.8151, -0.1305], [29.6691, -0.2611]], [[4.828, 0.0], [9.5392, 0.0], [14.3932, 0.0], [19.6755, -0.1958], [24.5295, -0.7833], [24.244, -0.1305]], [[4.828, 0.0], [9.5392, 0.0], [14.3932, 0.0], [19.6755, -0.1958], [18.5334, 1.3055], [29.3835, 0.1305]], [[4.828, 0.0], [9.5392, 0.0], [14.3932, 0.0], [19.6755, -0.1958], [69.6432, -0.5222], [28.8125, -0.2611]]]",3.4752,0.0,0.0,0.0,0.0,0.0,0.0,True,"[4, 4, 4]",0.0,0.0,0.0,4.2234,4.0,2.4266,5.9932,9.4438,1.8217,3.3907,4.2234,"[[4.828, 0.0], [9.539, 0.0], [14.393, 0.0], [19.676, -0.196], [24.672, -0.326], [29.098, -0.196]]",ok,12.5391,0.0,0.0,0.0,0.0,0.0,0.0,0.0,0.0,0.0,670e1b3ad3284258a44ca913f61d6065,scene-0922,42
1.9063,4.218,6.3869,1.2096,2.3237,3.529,0.0,0.0,0.0,0.0,0.0,0.0,0.0,0.0,0.0,ok,straight,0.489,3.9485,6.5171,0.4296,1.6162,2.8168,True,"[-0.0653, -0.5875, -0.1305, -4.7651]","[-106.5755, -105.9156, -2296.6995, -18868.4542]","[-1118834.6116, -1118834.8778, -2121132.6517, -2137704.4064]","[3.057, 3.422, 2.389, 3.317]","[[[2.972, 0.0], [6.2556, 0.0], [8.3971, 0.0653], [9.3964, 0.0], [11.1096, 0.1305], [13.6794, 0.1305]], [[2.972, 0.0], [6.2556, 0.0], [8.3971, 0.0653], [9.3964, 0.0], [10.253, 0.1305], [12.2517, 1.1749]], [[2.972, 0.0], [6.2556, 0.0], [8.3971, 0.0653], [9.3964, 0.0], [14.2505, 0.3916], [14.536, 0.2611]], [[2.972, 0.0], [6.2556, 0.0], [8.3971, 0.0653], [9.3964, 0.0], [17.3913, 0.7833], [13.3939, -9.5301]]]",0.402,0.0,0.0,0.0,0.0,0.0,0.0,True,"[4, 4, 4]",0.0,0.0,0.0,2.3889,4.0,0.489,3.9485,5.5206,0.4296,1.6162,2.3889,"[[2.972, 0.0], [6.256, 0.0], [8.397, 0.065], [9.396, 0.0], [12.68, 0.261], [13.537, 0.196]]",ok,3.4215,0.0,0.0,0.0,0.0,0.0,0.0,0.0,0.0,0.0,42ec31bccc17489eabb72278e2d3758c,scene-0922,42
0.4545,1.1375,0.5739,0.3702,0.6443,0.655,0.0,0.0,0.0,0.0,0.0,0.0,0.0,0.0,0.0,ok,straight,0.7396,0.5807,0.8397,0.5127,0.6594,1.1689,False,"[-0.1305, -0.1958, -0.6527, -0.3264]","[-1119.572, -5847.55, -9156.0808, -52841.3789]","[-1502924.033, -1507652.011, -1510960.5418, -1554645.84]","[0.665, 1.309, 1.355, 2.898]","[[[3.4003, 0.0], [6.5412, -0.1305], [11.6807, -0.2611], [13.3939, -0.2611], [16.2492, -0.3916], [19.9611, -0.2611]], [[3.4003, 0.0], [6.5412, -0.1305], [11.6807, -0.2611], [13.3939, -0.2611], [20.5321, -0.6527], [21.3887, -0.3916]], [[3.4003, 0.0], [6.5412, -0.1305], [11.6807, -0.2611], [13.3939, -0.2611], [20.5321, -1.436], [17.9623, -1.3055]], [[3.4003, 0.0], [6.5412, -0.1305], [11.6807, -0.2611], [13.3939, -0.2611], [27.0993, -0.6527], [15.107, -0.6527]]]",0.8211,0.0,0.0,0.0,0.0,0.0,0.0,False,"[4, 4, 4]",0.0,0.0,0.0,0.665,4.0,0.7396,0.5807,0.5739,0.5127,0.6594,0.665,"[[3.4, 0.0], [6.541, -0.131], [11.681, -0.261], [13.394, -0.261], [20.532, -0.653], [18.962, -0.522]]",ok,2.8985,0.0,0.0,0.0,0.0,0.0,0.0,0.0,0.0,0.0,af48d5a32c984af28c2e0804b0631714,scene-0922,42
2.1428,3.7984,6.4274,1.9666,2.6114,3.7113,0.0,0.0,0.0,0.0,0.0,0.0,0.0,0.0,0.0,ok,straight,4.9972,6.653,5.7104,3.3938,3.9673,4.4713,False,"[-0.1305, -8.2899, -0.5875, -0.3916]","[-10815.1116, -27899.5593, -32349.6639, -47098.4124]","[-2961807.4191, -2978891.8668, -2983341.9713, -2998090.7198]","[4.615, 6.365, 6.193, 4.389]","[[[5.1135, 0.0], [13.3939, 0.0], [15.107, -0.1305], [23.6729, -0.1305], [26.8138, -0.1305], [32.2388, -0.2611]], [[5.1135, 0.0], [13.3939, 0.0], [15.107, -0.1305], [23.6729, -0.1305], [26.5282, -0.9138], [27.9559, 16.5798]], [[5.1135, 0.0], [13.3939, 0.0], [15.107, -0.1305], [23.6729, -0.1305], [37.6639, 0.0], [30.8112, -1.1749]], [[5.1135, 0.0], [13.3939, 0.0], [15.107, -0.1305], [23.6729, -0.1305], [19.1045, -0.3916], [33.952, -0.7833]]]",0.8943,0.0,0.0,0.0,0.0,0.0,0.0,False,"[4, 4, 4]",0.0,0.0,0.0,4.3886,4.0,4.9972,6.653,8.1432,3.3938,3.9673,4.3886,"[[5.113, 0.0], [13.394, 0.0], [15.107, -0.131], [23.673, -0.131], [26.671, -0.261], [31.525, -0.522]]",ok,6.365,0.0,0.0,0.0,0.0,0.0,0.0,0.0,0.0,0.0,c07a480048b04e989f6fc1e002e5c5b8,scene-0923,42
1.0587,1.3376,2.0524,0.7758,1.2647,1.6157,0.0,0.0,0.0,0.0,0.0,0.0,0.0,0.0,0.0,ok,straight,1.3442,0.213,1.6817,1.0613,1.0184,1.5792,True,"[-0.0653, -0.1958, -0.1958, -2.0888]","[-447.109, -893.4386, -13109.9355, -99456.7938]","[-511800.8178, -1512695.615, -1524912.1119, -1611258.9702]","[1.124, 2.023, 2.255, 4.356]","[[[5.1135, 0.0], [9.9675, 0.0], [14.6787, -0.0653], [17.8196, -0.1305], [23.3874, -0.1305], [29.098, -0.1305]], [[5.1135, 0.0], [9.9675, 0.0], [14.6787, -0.0653], [17.8196, -0.1305], [24.8151, -0.1305], [33.0954, -0.3916]], [[5.1135, 0.0], [9.9675, 0.0], [14.6787, -0.0653], [17.8196, -0.1305], [27.0993, -0.1305], [23.1019, -0.3916]], [[5.1135, 0.0], [9.9675, 0.0], [14.6787, -0.0653], [17.8196, -0.1305], [37.9494, -0.3916], [23.1019, -4.1776]]]",1.1844,0.0,0.0,0.0,0.0,0.0,0.0,False,"[4, 4, 4]",0.0,0.0,0.0,1.124,4.0,1.3442,0.213,1.4953,1.0613,1.0184,1.124,"[[5.113, 0.0], [9.968, 0.0], [14.679, -0.065], [17.82, -0.131], [25.957, -0.131], [26.1, -0.392]]",ok,4.3561,0.0,0.0,0.0,0.0,0.0,0.0,0.0,0.0,0.0,cd29200927db42dcb63c2db3349a8698,scene-0923,42
2.1152,4.9458,7.4221,1.5791,2.8321,4.2428,0.0,0.0,0.0,0.0,0.0,0.0,0.0,0.0,0.0,ok,straight,1.687,5.804,8.011,1.4364,2.975,4.3646,False,"[-0.0653, -0.0653, -0.4569, -8.2899]","[-226.4715, -422.0817, -131.996, -18271.5564]","[-250117.0531, -250117.0781, -250117.1526, -1268389.8051]","[4.338, 3.53, 5.106, 6.079]","[[[3.5431, 0.0], [7.826, 0.0], [11.1096, -0.0653], [13.3939, -0.1958], [17.3913, -0.1305], [21.6742, -0.1305]], [[3.5431, 0.0], [7.826, 0.0], [11.1096, -0.0653], [13.3939, -0.1958], [18.2479, -0.2611], [25.6716, 0.1305]], [[3.5431, 0.0], [7.826, 0.0], [11.1096, -0.0653], [13.3939, -0.1958], [15.6781, 0.0], [18.8189, -0.9138]], [[3.5431, 0.0], [7.826, 0.0], [11.1096, -0.0653], [13.3939, -0.1958], [18.2479, 0.6527], [20.5321, -16.5798]]]",0.9424,0.0,0.0,0.0,0.0,0.0,0.0,True,"[4, 4, 4]",0.0,0.0,0.0,3.5298,4.0,1.687,5.804,3.4239,1.4364,2.975,3.5298,"[[3.543, 0.0], [7.826, 0.0], [11.11, -0.065], [13.394, -0.196], [17.82, -0.065], [21.103, -0.522]]",ok,6.0794,0.0,0.0,0.0,0.0,0.0,0.0,0.0,0.0,0.0,77b766e9aa56434f8d975037278b9a62,scene-0923,42
0.3582,0.3902,1.6753,0.1993,0.2796,0.7654,0.0,0.0,0.0,0.0,0.0,0.0,0.0,0.0,0.0,ok,straight,16.2055,2.3669,1.5376,8.1917,4.8054,3.5968,False,"[-0.0653, -0.1305, -0.0653, -0.1305]","[-145970.8039, -148806.1123, -149559.1946, -223588.2779]","[-3118168.2778, -3121003.5862, -3121756.6685, -3195785.7518]","[3.576, 3.829, 4.225, 5.39]","[[[4.9707, 0.0], [26.5282, -0.0653], [14.9643, -0.1305], [21.9598, -0.1958], [25.9572, -0.1305], [29.6691, -0.1305]], [[4.9707, 0.0], [26.5282, -0.0653], [14.9643, -0.1305], [21.9598, -0.1958], [24.8151, -0.1305], [32.8099, -0.2611]], [[4.9707, 0.0], [26.5282, -0.0653], [14.9643, -0.1305], [21.9598, -0.1958], [25.1006, -0.9138], [34.8086, -0.1305]], [[4.9707, 0.0], [26.5282, -0.0653], [14.9643, -0.1305], [21.9598, -0.1958], [11.9662, 0.1305], [29.3835, 0.2611]]]",0.6952,0.0,0.0,0.0,0.0,0.0,0.0,False,"[4, 4, 4]",0.0,0.0,0.0,3.5759,4.0,16.2055,2.3669,0.4347,8.1917,4.8054,3.5759,"[[4.971, 0.0], [26.528, -0.065], [14.964, -0.131], [21.96, -0.196], [24.958, -0.131], [31.239, -0.131]]",ok,5.3904,0.0,0.0,0.0,0.0,0.0,0.0,0.0,0.0,0.0,f74ca01fe91e421b9f96864d8d59feca,scene-0923,42
0.6143,1.3125,1.5703,0.5387,0.8251,1.2079,0.0,0.0,0.0,0.0,0.0,0.0,0.0,0.0,0.0,ok,straight,0.3265,2.592,1.6405,0.1853,0.9057,1.1311,True,"[-0.1305, -0.5875, -0.2611]","[-2110.1366, -2517.514, -4728.8085]","[-1697723.6027, -1698130.9801, -1700342.2745]","[1.262, 1.232, 0.963]","[[[3.5431, 0.0], [6.8267, -0.0653], [11.2524, -0.1305], [11.5379, -0.2611], [15.3926, -0.2611], [19.9611, -0.2611]], [[3.5431, 0.0], [6.8267, -0.0653], [11.2524, -0.1305], [11.5379, -0.2611], [16.2492, -0.5222], [23.6729, -1.1749]], [[3.5431, 0.0], [6.8267, -0.0653], [11.2524, -0.1305], [11.5379, -0.2611], [18.2479, -0.2611], [23.1019, -0.5222]]]",0.1344,0.0,0.0,0.0,0.0,0.0,0.0,False,"[4, 4, 3]",0.0,0.0,0.0,0.9629,3.0,0.3265,2.592,1.6405,0.1853,0.9057,0.9629,"[[3.543, 0.0], [6.827, -0.065], [11.252, -0.131], [11.538, -0.261], [16.249, -0.261], [23.102, -0.522]]",ok,1.2616,0.0,0.0,0.0,0.0,0.0,0.0,0.0,0.0,0.0,c201dea88033406fb304747d32b823a6,scene-0924,42
0.8127,0.9167,2.4263,0.4997,0.6944,0.9836,0.0,0.0,0.0,0.0,0.0,0.0,0.0,0.0,0.0,ok,straight,0.5301,0.4897,2.709,0.3584,0.8739,1.0972,False,"[-0.3264, -0.1305, -0.0653, -0.9138]","[-1771.3605, -2168.8355, -2496.3812, -945263.6962]","[-2021498.1855, -2021895.6605, -2022223.2062, -2964990.5212]","[1.24, 1.252, 1.436, 10.114]","[[[3.6858, 0.0], [7.1122, 0.0], [9.1109, -0.1305], [14.6787, -0.1305], [18.5334, 0.2611], [25.6716, -0.6527]], [[3.6858, 0.0], [7.1122, 0.0], [9.1109, -0.1305], [14.6787, -0.1305], [19.9611, -0.2611], [19.39, -0.2611]], [[3.6858, 0.0], [7.1122, 0.0], [9.1109, -0.1305], [14.6787, -0.1305], [16.2492, -0.1305], [19.9611, -0.1305]], [[3.6858, 0.0], [7.1122, 0.0], [9.1109, -0.1305], [14.6787, -0.1305], [69.6432, 0.1305], [16.2492, 1.8277]]]",3.8133,0.0,0.0,0.0,0.0,0.0,0.0,False,"[4, 4, 4]",0.0,0.0,0.0,1.2395,4.0,0.5301,0.4897,3.3108,0.3584,0.8739,1.2395,"[[3.686, 0.0], [7.112, 0.0], [9.111, -0.131], [14.679, -0.131], [19.247, 0.0], [19.676, -0.196]]",ok,10.1137,0.0,0.0,0.0,0.0,0.0,0.0,0.0,0.0,0.0,2402ba90f72345d2abbc04224afd0330,scene-0924,42
1.8408,4.3377,6.2428,1.3066,2.4454,3.3146,0.0,0.0,0.0,0.0,0.0,0.0,0.0,0.0,0.0,ok,straight,0.8416,5.1942,5.232,0.6643,1.9818,3.41,False,"[-0.1305, -2.3499, -0.3916, -0.9138]","[-3507.4729, -8582.9522, -68185.5256, -90156.2788]","[-1528346.9529, -1533422.4322, -1593025.0056, -1614995.7588]","[3.006, 4.249, 6.287, 3.79]","[[[3.9714, 0.0], [7.5405, 0.0], [11.1096, 0.0], [17.6768, 0.1958], [18.8189, 0.2611], [23.3874, 0.2611]], [[3.9714, 0.0], [7.5405, 0.0], [11.1096, 0.0], [17.6768, 0.1958], [25.6716, -0.1305], [21.3887, -4.6998]], [[3.9714, 0.0], [7.5405, 0.0], [11.1096, 0.0], [17.6768, 0.1958], [36.8073, 0.0], [25.1006, 0.7833]], [[3.9714, 0.0], [7.5405, 0.0], [11.1096, 0.0], [17.6768, 0.1958], [4.5424, -0.1305], [21.3887, 1.8277]]]",1.2128,0.0,0.0,0.0,0.0,0.0,0.0,False,"[4, 4, 4]",0.0,0.0,0.0,3.0055,4.0,0.8416,5.1942,6.2428,0.6643,1.9818,3.0055,"[[3.971, 0.0], [7.541, 0.0], [11.11, 0.0], [17.677, 0.196], [22.245, -0.065], [22.388, 0.522]]",ok,6.2872,0.0,0.0,0.0,0.0,0.0,0.0,0.0,0.0,0.0,43e78092d75e44d7943687203bc111d8,scene-0924,42
5.3539,11.0529,13.563,4.0514,6.87,8.9524,0.0,0.0,0.0,0.0,0.0,0.0,0.0,0.0,0.0,ok,straight,5.3539,10.3871,16.8811,4.1231,5.7053,8.8998,True,"[-0.6527, -0.3916, -2.2846, -2.3499]","[-5703.6662, -8215.1385, -11612.8592, -717309.5372]","[-2211051.3113, -2213562.7836, -2216960.5043, -2922657.1823]","[8.364, 9.89, 8.708, 16.459]","[[[4.3997, -0.0653], [8.5399, -0.1305], [9.2537, -0.3264], [17.534, -1.1749], [23.3874, -1.0444], [25.9572, -1.3055]], [[4.3997, -0.0653], [8.5399, -0.1305], [9.2537, -0.3264], [17.534, -1.1749], [23.1019, -1.6971], [35.3797, -0.7833]], [[4.3997, -0.0653], [8.5399, -0.1305], [9.2537, -0.3264], [17.534, -1.1749], [20.2466, -1.9582], [30.5257, -4.5692]], [[4.3997, -0.0653], [8.5399, -0.1305], [9.2537, -0.3264], [17.534, -1.1749], [69.6432, -0.9138], [27.6704, -4.6998]]]",3.2845,0.0,0.0,0.0,0.0,0.0,0.0,False,"[4, 4, 4]",0.0,0.0,0.0,8.3636,4.0,5.3539,10.3871,13.5504,4.1231,5.7053,8.3636,"[[4.4, -0.065], [8.54, -0.131], [9.254, -0.326], [17.534, -1.175], [23.245, -1.371], [29.098, -2.937]]",ok,16.4589,0.0,0.0,0.0,0.0,0.0,0.0,0.0,0.0,0.0,6621ea99f14447fdab044d69eac8062a,scene-0924,42
5.081,10.6959,15.4922,3.6955,6.3395,9.1166,0.0,0.0,0.0,0.0,0.0,0.0,0.0,0.0,0.0,ok,straight,5.652,10.6959,16.3497,4.0524,6.8391,9.6402,False,"[-0.1305, -0.3916, -0.1958, -0.1958]","[-190.0364, -275.1446, -30857.5932, -1103341.1077]","[-501842.2495, -501844.9163, -1532701.4415, -2605184.956]","[9.45, 9.833, 10.021, 17.113]","[[[3.2576, 0.0], [7.1122, 0.0], [10.3958, -0.1305], [12.8228, -0.1305], [16.2492, -0.1305], [18.2479, -0.2611]], [[3.2576, 0.0], [7.1122, 0.0], [10.3958, -0.1305], [12.8228, -0.1305], [16.8202, 0.1305], [19.9611, -0.7833]], [[3.2576, 0.0], [7.1122, 0.0], [10.3958, -0.1305], [12.8228, -0.1305], [9.3964, -0.1305], [28.5269, 0.3916]], [[3.2576, 0.0], [7.1122, 0.0], [10.3958, -0.1305], [12.8228, -0.1305], [69.6432, -0.5222], [10.8241, -0.3916]]]",3.187,0.0,0.0,0.0,0.0,0.0,0.0,True,"[4, 4, 4]",0.0,0.0,0.0,9.4497,4.0,5.652,10.6959,15.4922,4.0524,6.8391,9.4497,"[[3.258, 0.0], [7.112, 0.0], [10.396, -0.131], [12.823, -0.131], [16.535, -0.131], [19.104, -0.326]]",ok,17.1127,0.0,0.0,0.0,0.0,0.0,0.0,0.0,0.0,0.0,e6fcfc5cd0254eee901c1bbc0a30a6ba,scene-0925,42
4.6561,8.8066,14.831,3.3683,5.3559,7.9422,0.0,0.0,0.0,0.0,0.0,0.0,0.0,0.0,0.0,ok,straight,3.7995,9.0923,13.9741,3.3683,5.8199,7.6091,True,"[-0.0653, -0.1305, -0.0, -0.0653]","[-1267.4663, -2478.2452, -8377.8225, -10833.8273]","[-1340734.8301, -2343214.1973, -2349113.7746, -2351569.7794]","[8.156, 9.204, 7.062, 6.681]","[[[3.1148, 0.0], [4.2569, 0.0], [8.3971, 0.0], [10.253, -0.0653], [11.9662, -0.1305], [15.9636, -0.1305]], [[3.1148, 0.0], [4.2569, 0.0], [8.3971, 0.0], [10.253, -0.0653], [12.8228, 0.0], [21.3887, 0.2611]], [[3.1148, 0.0], [4.2569, 0.0], [8.3971, 0.0], [10.253, -0.0653], [7.1122, 0.0], [14.2505, 0.0]], [[3.1148, 0.0], [4.2569, 0.0], [8.3971, 0.0], [10.253, -0.0653], [5.9701, -0.1305], [13.1083, -0.1305]]]",0.9863,0.0,0.0,0.0,0.0,0.0,0.0,False,"[4, 4, 4]",0.0,0.0,0.0,6.6814,4.0,3.7995,9.0923,11.9758,3.3683,5.8199,6.6814,"[[3.115, 0.0], [4.257, 0.0], [8.397, 0.0], [10.253, -0.065], [9.539, -0.065], [15.107, -0.065]]",ok,9.2036,0.0,0.0,0.0,0.0,0.0,0.0,0.0,0.0,0.0,9f7941301fc440459a1a6dd8182d4f91,scene-0925,42
3.5115,5.3228,6.3218,2.741,3.6959,4.4883,0.0,0.0,0.0,0.0,0.0,0.0,0.0,0.0,0.0,ok,straight,3.5115,4.4635,7.0378,3.1693,4.0878,4.8689,False,"[-0.0653, -0.3264, -0.1305, -0.0]","[-1344.8898, -1236.4801, -1916.6109, -10026.3256]","[-1010218.8555, -1010220.9643, -2012136.6186, -2020246.3332]","[4.75, 4.993, 5.083, 4.844]","[[[3.4003, 0.0], [5.399, 0.0], [8.9682, 0.0], [9.682, 0.0], [13.1083, -0.1305], [15.9636, -0.1305]], [[3.4003, 0.0], [5.399, 0.0], [8.9682, 0.0], [9.682, 0.0], [13.1083, 0.0], [17.3913, -0.6527]], [[3.4003, 0.0], [5.399, 0.0], [8.9682, 0.0], [9.682, 0.0], [11.6807, -0.1305], [19.39, -0.2611]], [[3.4003, 0.0], [5.399, 0.0], [8.9682, 0.0], [9.682, 0.0], [16.5347, -0.1305], [13.1083, 0.0]]]",0.1292,0.0,0.0,0.0,0.0,0.0,0.0,True,"[4, 4, 4]",0.0,0.0,0.0,4.7496,4.0,3.5115,4.4635,6.3218,3.1693,4.0878,4.7496,"[[3.4, 0.0], [5.399, 0.0], [8.968, 0.0], [9.682, 0.0], [13.108, -0.131], [16.677, -0.196]]",ok,5.0833,0.0,0.0,0.0,0.0,0.0,0.0,0.0,0.0,0.0,870569ebe8bf460eb4dc77e7a465975e,scene-0925,42
2.2906,6.0277,11.7131,1.8458,3.3199,5.3557,0.0,0.0,0.0,0.0,0.0,0.0,0.0,0.0,0.0,ok,straight,3.5755,7.0299,7.5729,2.4169,3.8917,5.049,True,"[-0.0653, -0.0653, -0.1305, -8.2899]","[-2193.5958, -3054.7508, -7088.6116, -18349.8731]","[-1915713.0148, -1916574.1698, -1920608.0306, -1931869.2921]","[5.451, 5.832, 5.361, 6.017]","[[[4.3997, 0.0], [9.8247, -0.1305], [12.9656, 0.0], [19.2472, 0.1305], [22.2453, 0.0], [27.3848, -0.1305]], [[4.3997, 0.0], [9.8247, -0.1305], [12.9656, 0.0], [19.2472, 0.1305], [22.2453, -0.2611], [29.6691, -0.1305]], [[4.3997, 0.0], [9.8247, -0.1305], [12.9656, 0.0], [19.2472, 0.1305], [26.5282, 0.6527], [22.5308, -0.2611]], [[4.3997, 0.0], [9.8247, -0.1305], [12.9656, 0.0], [19.2472, 0.1305], [16.5347, 0.6527], [8.5399, 16.5798]]]",0.2692,0.0,0.0,0.0,0.0,0.0,0.0,False,"[4, 4, 4]",0.0,0.0,0.0,5.3606,4.0,3.5755,7.0299,5.1475,2.4169,3.8917,5.3606,"[[4.4, 0.0], [9.825, -0.131], [12.966, 0.0], [19.247, 0.131], [22.245, 0.326], [24.958, -0.131]]",ok,6.0166,0.0,0.0,0.0,0.0,0.0,0.0,0.0,0.0,0.0,b9ac916091a2417a87126eb9ddd22474,scene-0925,42
2.3616,4.5415,5.998,1.8317,3.0319,3.9286,0.0,0.0,0.0,0.0,0.0,0.0,0.0,0.0,0.0,ok,straight,2.932,10.884,7.9705,2.189,4.6858,5.4258,False,"[-0.8486, -1.8277, -2.5457, -3.7859]","[-35310.8121, -36714.9658, -40180.4725, -43695.3691]","[-2051344.3069, -2052748.4606, -2056213.9673, -2059728.8639]","[5.031, 6.57, 5.724, 5.238]","[[[2.1154, 0.0653], [4.2569, 0.1305], [5.5418, 0.3916], [7.826, 9.5954], [9.1109, 1.6971], [10.5386, 1.6971]], [[2.1154, 0.0653], [4.2569, 0.1305], [5.5418, 0.3916], [7.826, 9.5954], [13.6794, 2.3499], [14.8215, 3.6554]], [[2.1154, 0.0653], [4.2569, 0.1305], [5.5418, 0.3916], [7.826, 9.5954], [9.9675, 1.6971], [12.2517, 5.0914]], [[2.1154, 0.0653], [4.2569, 0.1305], [5.5418, 0.3916], [7.826, 9.5954], [7.1122, -1.436], [12.2517, -7.5719]]]",0.5924,0.0,0.0,0.0,0.0,0.0,0.0,False,"[4, 4, 4]",0.0,0.0,0.0,5.0311,4.0,2.932,10.884,5.998,2.189,4.6858,5.0311,"[[2.115, 0.065], [4.257, 0.131], [5.542, 0.392], [7.826, 9.595], [9.539, 1.697], [12.252, 2.676]]",ok,6.5695,0.0,0.0,0.0,0.0,0.0,0.0,0.0,0.0,0.0,45eda670b5a840acbb730aac15e63b19,scene-0926,42
0.1128,0.3597,0.6998,0.2284,0.3058,0.524,0.0,0.0,0.0,0.0,0.0,0.0,0.0,0.0,0.0,ok,straight,0.2546,0.6623,0.4827,0.3694,0.6328,0.6262,False,"[-1.0444, -0.3264, -0.6527, -8.2899]","[-876.5489, -1433.5342, -1908.6458, -15318.1]","[-779086.5988, -1780521.2609, -1780996.3725, -1794405.8267]","[0.758, 1.033, 0.854, 3.645]","[[[2.6865, 0.0], [4.3997, -0.2611], [8.3971, -0.718], [10.6813, -0.7833], [11.6807, -1.1749], [15.3926, -2.0888]], [[2.6865, 0.0], [4.3997, -0.2611], [8.3971, -0.718], [10.6813, -0.7833], [12.8228, -1.8277], [18.8189, -0.6527]], [[2.6865, 0.0], [4.3997, -0.2611], [8.3971, -0.718], [10.6813, -0.7833], [11.1096, -0.5222], [16.5347, -1.3055]], [[2.6865, 0.0], [4.3997, -0.2611], [8.3971, -0.718], [10.6813, -0.7833], [13.9649, -0.5222], [14.8215, 16.5798]]]",1.2006,0.0,0.0,0.0,0.0,0.0,0.0,True,"[4, 4, 4]",0.0,0.0,0.0,0.758,4.0,0.2546,0.6623,0.799,0.3694,0.6328,0.758,"[[2.686, 0.0], [4.4, -0.261], [8.397, -0.718], [10.681, -0.783], [12.252, -0.849], [15.964, -0.979]]",ok,3.6447,0.0,0.0,0.0,0.0,0.0,0.0,0.0,0.0,0.0,6d24000d98854d99b5af251bfdf31561,scene-0926,42
0.6361,0.9345,2.5745,0.549,0.6451,1.0782,0.0,0.0,0.0,0.0,0.0,0.0,0.0,0.0,0.0,ok,straight,0.6361,1.7935,2.298,0.4776,0.7885,1.1499,False,"[-0.0653, -0.1305, -0.2611, -0.1958]","[-532.4816, -564.355, -220.9257, -1805.6219]","[-501843.8093, -501844.7563, -501845.9791, -1503651.1822]","[1.174, 1.41, 1.179, 0.894]","[[[2.401, 0.0], [4.5424, 0.0], [6.9694, 0.0], [7.6833, -0.0653], [10.253, -0.1305], [11.1096, -0.1305]], [[2.401, 0.0], [4.5424, 0.0], [6.9694, 0.0], [7.6833, -0.0653], [9.9675, 0.0], [9.9675, -0.2611]], [[2.401, 0.0], [4.5424, 0.0], [6.9694, 0.0], [7.6833, -0.0653], [9.3964, -0.1305], [11.9662, 0.5222]], [[2.401, 0.0], [4.5424, 0.0], [6.9694, 0.0], [7.6833, -0.0653], [11.6807, 0.0], [11.6807, -0.3916]]]",0.1832,0.0,0.0,0.0,0.0,0.0,0.0,True,"[4, 4, 4]",0.0,0.0,0.0,0.8936,4.0,0.6361,1.7935,2.0539,0.4776,0.7885,0.8936,"[[2.401, 0.0], [4.542, 0.0], [6.969, 0.0], [7.683, -0.065], [10.11, -0.065], [11.395, -0.196]]",ok,1.4104,0.0,0.0,0.0,0.0,0.0,0.0,0.0,0.0,0.0,0a6754bbd15c4a99a0df920e42cb8353,scene-0926,42
2.8865,4.5626,6.2606,2.1366,3.2224,4.4041,0.0,0.0,0.0,0.0,0.0,0.0,0.0,0.0,0.0,ok,straight,4.1713,6.1324,13.5405,3.2787,4.3648,6.831,False,"[-0.0653, -0.0653, -0.0, -0.0653]","[-207.961, -299.2219, -3348.5963, -103665.2732]","[-1702490.5072, -1702490.5092, -2705839.1276, -2806155.8044]","[5.023, 7.545, 6.593, 13.588]","[[[4.6852, 0.0], [8.6826, 0.0], [11.8235, -0.1305], [15.8209, -0.1305], [18.2479, -0.1305], [20.8176, -0.1305]], [[4.6852, 0.0], [8.6826, 0.0], [11.8235, -0.1305], [15.8209, -0.1305], [22.8163, -0.1305], [31.3822, -0.1305]], [[4.6852, 0.0], [8.6826, 0.0], [11.8235, -0.1305], [15.8209, -0.1305], [23.6729, -0.1305], [24.8151, 0.0]], [[4.6852, 0.0], [8.6826, 0.0], [11.8235, -0.1305], [15.8209, -0.1305], [20.8176, 0.1305], [69.6432, -0.1305]]]",3.2458,0.0,0.0,0.0,0.0,0.0,0.0,True,"[4, 4, 4]",0.0,0.0,0.0,5.0229,4.0,4.1713,6.1324,6.2606,3.2787,4.3648,5.0229,"[[4.685, 0.0], [8.683, 0.0], [11.823, -0.131], [15.821, -0.131], [21.817, -0.131], [28.099, -0.131]]",ok,13.5884,0.0,0.0,0.0,0.0,0.0,0.0,0.0,0.0,0.0,70308748f324468193d6189ab556f8e5,scene-0926,42
0.6852,0.1385,0.533,0.598,0.4487,0.3953,0.0,0.0,0.0,0.0,0.0,0.0,0.0,0.0,0.0,ok,straight,2.9677,0.8378,2.7782,1.5967,1.3003,1.3562,False,"[-0.0653, -0.0653, -0.0653, -0.0653]","[-1868.9059, -2522.2514, -3838.0554, -3945.1373]","[-2594565.0295, -2595218.375, -2596534.179, -2596641.2608]","[1.114, 1.205, 1.694, 2.825]","[[[3.1148, 0.0], [8.8254, -0.0653], [10.1103, -0.0653], [12.9656, -0.0653], [16.2492, 0.0], [19.39, -0.1305]], [[3.1148, 0.0], [8.8254, -0.0653], [10.1103, -0.0653], [12.9656, -0.0653], [14.8215, 0.5222], [19.9611, -0.1305]], [[3.1148, 0.0], [8.8254, -0.0653], [10.1103, -0.0653], [12.9656, -0.0653], [14.8215, 0.1305], [23.1019, -0.1305]], [[3.1148, 0.0], [8.8254, -0.0653], [10.1103, -0.0653], [12.9656, -0.0653], [20.8176, -0.1305], [25.1006, -0.1305]]]",0.6806,0.0,0.0,0.0,0.0,0.0,0.0,False,"[4, 4, 4]",0.0,0.0,0.0,1.1145,4.0,2.9677,0.8378,0.6513,1.5967,1.3003,1.1145,"[[3.115, 0.0], [8.825, -0.065], [10.11, -0.065], [12.966, -0.065], [15.535, 0.065], [21.531, -0.131]]",ok,2.8248,0.0,0.0,0.0,0.0,0.0,0.0,0.0,0.0,0.0,5d785cd90a884e0ebf9c5047a527df76,scene-0927,42
0.6109,1.8872,2.6272,0.5677,0.9744,1.3983,0.0,0.0,0.0,0.0,0.0,0.0,0.0,0.0,0.0,ok,straight,0.7535,1.8854,3.0604,0.4714,1.1747,1.6526,False,"[-0.0653, -0.0653, -0.0, -0.1958]","[-95.281, -620.0381, -4052.3261, -19724.5858]","[-500790.221, -500790.2866, -1504843.5301, -1520515.7898]","[1.532, 2.004, 1.496, 3.298]","[[[3.8286, 0.0], [6.3984, 0.0], [8.6826, 0.0], [11.9662, 0.2611], [15.107, 0.1305], [17.3913, 0.1305]], [[3.8286, 0.0], [6.3984, 0.0], [8.6826, 0.0], [11.9662, 0.2611], [13.1083, 0.2611], [16.5347, 0.1305]], [[3.8286, 0.0], [6.3984, 0.0], [8.6826, 0.0], [11.9662, 0.2611], [19.9611, 0.0], [21.1032, 0.0]], [[3.8286, 0.0], [6.3984, 0.0], [8.6826, 0.0], [11.9662, 0.2611], [14.536, -7.7024], [13.3939, -0.3916]]]",0.7297,0.0,0.0,0.0,0.0,0.0,0.0,True,"[4, 4, 4]",0.0,0.0,0.0,1.4965,4.0,0.7535,1.8854,1.252,0.4714,1.1747,1.4965,"[[3.829, 0.0], [6.398, 0.0], [8.683, 0.0], [11.966, 0.261], [14.822, 0.065], [16.963, 0.065]]",ok,3.2978,0.0,0.0,0.0,0.0,0.0,0.0,0.0,0.0,0.0,47a99007d3cd489fb6e671accaac003e,scene-0927,42
1.1944,1.4069,2.3072,0.8599,1.1957,1.6415,0.0,0.0,0.0,0.0,0.0,0.0,0.0,0.0,0.0,ok,straight,2.1937,3.4056,3.7332,1.2169,1.6597,2.2832,False,"[-0.0653, -0.1958, -0.0653, -0.0653]","[-2297.6393, -3218.2222, -3530.5576, -3801.761]","[-2872993.1676, -2873913.7505, -2874226.0859, -2874497.2893]","[2.759, 5.044, 1.57, 1.808]","[[[1.9727, 0.0], [5.5418, 0.0], [5.6846, 0.0], [9.9675, 0.0], [13.1083, 0.0], [15.3926, -0.1305]], [[1.9727, 0.0], [5.5418, 0.0], [5.6846, 0.0], [9.9675, 0.0], [15.3926, -0.1305], [26.8138, -0.3916]], [[1.9727, 0.0], [5.5418, 0.0], [5.6846, 0.0], [9.9675, 0.0], [10.253, 0.0], [11.1096, 0.1305]], [[1.9727, 0.0], [5.5418, 0.0], [5.6846, 0.0], [9.9675, 0.0], [10.253, 0.0], [12.5373, -0.1305]]]",1.3724,0.0,0.0,0.0,0.0,0.0,0.0,False,"[4, 4, 4]",0.0,0.0,0.0,1.5702,4.0,2.1937,3.4056,0.8831,1.2169,1.6597,1.5702,"[[1.973, 0.0], [5.542, 0.0], [5.685, 0.0], [9.968, 0.0], [11.681, 0.0], [13.965, -0.131]]",ok,5.0439,0.0,0.0,0.0,0.0,0.0,0.0,0.0,0.0,0.0,13023d830bad41fbab80efdea5a548ce,scene-0927,42
0.9256,0.8495,1.157,0.7083,0.8754,0.9485,0.0,0.0,0.0,0.0,0.0,0.0,0.0,0.0,0.0,ok,straight,0.7843,0.9143,2.3313,0.6376,0.6039,1.3955,False,"[-0.3916, -0.9791, -0.5875, -0.4569]","[-364.4967, -496.2443, -6057.8279, -18983.8087]","[-905101.905, -905104.5004, -1911161.4702, -1924087.451]","[0.72, 1.702, 1.881, 2.111]","[[[3.6858, 0.0], [7.255, 0.1305], [9.8247, 0.3916], [14.2505, 0.0], [17.9623, 0.5222], [21.3887, 0.7833]], [[3.6858, 0.0], [7.255, 0.1305], [9.8247, 0.3916], [14.2505, 0.0], [20.2466, 1.0444], [24.8151, 1.9582]], [[3.6858, 0.0], [7.255, 0.1305], [9.8247, 0.3916], [14.2505, 0.0], [20.8176, 3.5248], [23.9585, -1.1749]], [[3.6858, 0.0], [7.255, 0.1305], [9.8247, 0.3916], [14.2505, 0.0], [25.1006, 0.9138], [19.39, -0.9138]]]",0.5302,0.0,0.0,0.0,0.0,0.0,0.0,False,"[4, 4, 4]",0.0,0.0,0.0,0.7199,4.0,0.7843,0.9143,0.8717,0.6376,0.6039,0.7199,"[[3.686, 0.0], [7.255, 0.131], [9.825, 0.392], [14.25, 0.0], [20.532, 0.979], [22.674, -0.065]]",ok,2.1106,0.0,0.0,0.0,0.0,0.0,0.0,0.0,0.0,0.0,841dd882d0bb442a8e17509f5decee06,scene-0927,42
1.5297,4.762,6.6018,1.1038,2.5213,3.6109,0.0,0.0,0.0,0.0,0.0,0.0,0.0,0.0,0.0,ok,straight,2.1027,4.4742,8.0205,1.4618,2.8066,3.9656,False,"[-0.0, -0.1958, -0.1958, -0.0653]","[-133.0278, -981.0314, -5805.2314, -86087.1616]","[-686485.0483, -1687468.063, -1692292.263, -1772574.1932]","[3.801, 2.347, 4.987, 6.314]","[[[4.3997, 0.0], [9.1109, -0.0653], [14.1077, 0.0], [17.9623, 0.3916], [21.6742, 0.0], [26.5282, 0.0]], [[4.3997, 0.0], [9.1109, -0.0653], [14.1077, 0.0], [17.9623, 0.3916], [18.2479, 0.1305], [20.8176, -0.3916]], [[4.3997, 0.0], [9.1109, -0.0653], [14.1077, 0.0], [17.9623, 0.3916], [20.8176, 0.0], [34.5231, 0.3916]], [[4.3997, 0.0], [9.1109, -0.0653], [14.1077, 0.0], [17.9623, 0.3916], [22.5308, 16.5798], [29.3835, 0.1305]]]",1.4642,0.0,0.0,0.0,0.0,0.0,0.0,False,"[4, 4, 4]",0.0,0.0,0.0,2.3473,4.0,2.1027,4.4742,1.3,1.4618,2.8066,2.3473,"[[4.4, 0.0], [9.111, -0.065], [14.108, 0.0], [17.962, 0.392], [21.246, 0.065], [27.956, 0.065]]",ok,6.3143,0.0,0.0,0.0,0.0,0.0,0.0,0.0,0.0,0.0,fd0915986a6444ee8296894d2a307291,scene-0928,42
0.1401,0.328,1.2305,0.0849,0.2621,0.4967,0.0,0.0,0.0,0.0,0.0,0.0,0.0,0.0,0.0,ok,straight,0.1548,0.9066,0.9653,0.1636,0.4036,0.4876,True,"[-0.0653, -0.3264, -0.5222, -0.0653]","[-431.7796, -1179.0688, -1961.6686, -3889.4007]","[-601694.2276, -1602875.3428, -1603657.9426, -1605585.6747]","[0.515, 0.882, 0.906, 0.867]","[[[2.6865, 0.0], [5.6846, 0.0], [7.6833, -0.0653], [11.2524, 0.1958], [13.1083, 0.0], [15.3926, -0.1305]], [[2.6865, 0.0], [5.6846, 0.0], [7.6833, -0.0653], [11.2524, 0.1958], [14.8215, 0.0], [13.3939, 0.6527]], [[2.6865, 0.0], [5.6846, 0.0], [7.6833, -0.0653], [11.2524, 0.1958], [12.2517, 0.3916], [18.2479, 1.0444]], [[2.6865, 0.0], [5.6846, 0.0], [7.6833, -0.0653], [11.2524, 0.1958], [10.5386, 0.1305], [16.2492, 0.1305]]]",0.1607,0.0,0.0,0.0,0.0,0.0,0.0,True,"[4, 4, 4]",0.0,0.0,0.0,0.5152,4.0,0.1548,0.9066,0.8707,0.1636,0.4036,0.5152,"[[2.686, 0.0], [5.685, 0.0], [7.683, -0.065], [11.252, 0.196], [12.68, 0.065], [15.821, 0.392]]",ok,0.9059,0.0,0.0,0.0,0.0,0.0,0.0,0.0,0.0,0.0,b16163568a0e472791b837c0ecad1e5b,scene-0928,42
1.6584,5.6307,10.6331,1.0182,2.8508,4.9757,0.0,0.0,0.0,0.0,0.0,0.0,0.0,0.0,0.0,ok,right,0.3741,13.1138,16.5748,0.3976,4.293,7.5299,False,"[-2.3499, -8.2899, -8.2899, 1.0444]","[-21225.6675, -85390.2461, -138703.3799, -1371598.4916]","[-3470661.6662, -3534826.2448, -3588139.3786, -4821034.4903]","[6.164, 11.027, 10.729, 13.963]","[[[1.8299, 0.1305], [3.5431, -0.718], [4.5424, 1.2402], [5.9701, 9.8565], [8.2543, 4.5692], [8.2543, 4.6998]], [[1.8299, 0.1305], [3.5431, -0.718], [4.5424, 1.2402], [5.9701, 9.8565], [23.1019, 16.5798], [8.8254, 16.5798]], [[1.8299, 0.1305], [3.5431, -0.718], [4.5424, 1.2402], [5.9701, 9.8565], [6.2556, 1.5666], [42.5179, 16.5798]], [[1.8299, 0.1305], [3.5431, -0.718], [4.5424, 1.2402], [5.9701, 9.8565], [69.6432, 1.1749], [8.5399, -2.0888]]]",2.789,0.0,0.0,0.0,0.0,0.0,0.0,False,"[4, 4, 4]",0.0,0.0,0.0,6.1643,4.0,0.3741,13.1138,10.6284,0.3976,4.293,6.1643,"[[1.83, 0.131], [3.543, -0.718], [4.542, 1.24], [5.97, 9.857], [15.678, 3.068], [8.683, 10.64]]",ok,13.9627,0.0,0.0,0.0,0.0,0.0,0.0,0.0,0.0,0.0,ca53a4aa044c4a319d6bd855757d5d43,scene-0928,42
1.5897,1.4846,1.32,1.0167,1.0687,1.0722,0.0,0.0,0.0,0.0,0.0,0.0,0.0,0.0,0.0,ok,straight,0.4768,1.9165,0.8168,0.4636,0.9961,0.8661,True,"[-0.8486, -0.6527, -0.2611, -2.4152]","[-232.404, -465.9529, -1087.7314, -1845.3277]","[-501183.9791, -501184.1137, -1502273.0302, -1503030.6264]","[1.409, 1.024, 1.311, 1.462]","[[[3.1148, 0.0653], [5.399, -0.1958], [8.9682, -0.3264], [12.68, -0.5875], [15.3926, -0.5222], [18.8189, -1.6971]], [[3.1148, 0.0653], [5.399, -0.1958], [8.9682, -0.3264], [12.68, -0.5875], [14.2505, -1.0444], [17.3913, -1.3055]], [[3.1148, 0.0653], [5.399, -0.1958], [8.9682, -0.3264], [12.68, -0.5875], [12.5373, -1.0444], [13.6794, -0.5222]], [[3.1148, 0.0653], [5.399, -0.1958], [8.9682, -0.3264], [12.68, -0.5875], [13.3939, -0.1305], [14.8215, -4.8303]]]",0.1692,0.0,0.0,0.0,0.0,0.0,0.0,True,"[4, 4, 4]",0.0,0.0,0.0,1.0238,4.0,0.4768,1.9165,1.32,0.4636,0.9961,1.0238,"[[3.115, 0.065], [5.399, -0.196], [8.968, -0.326], [12.68, -0.587], [13.822, -0.783], [16.106, -1.501]]",ok,1.4616,0.0,0.0,0.0,0.0,0.0,0.0,0.0,0.0,0.0,084108c61ce14d2cb00f7e8102e03626,scene-0928,42
1.5674,3.0369,7.2445,1.1299,1.9366,3.3816,0.0,0.0,0.0,0.0,0.0,0.0,0.0,0.0,0.0,ok,straight,1.71,4.1556,5.6746,0.919,6.4652,6.0646,False,"[-1.6971, -0.9791, -1.2402, -1.1097]","[-131400.027, -144604.7925, -145931.6582, -159665.4208]","[-2824061.2712, -2837266.0367, -2838592.9024, -2852326.665]","[5.677, 6.05, 6.401, 6.423]","[[[2.8293, 0.0], [6.6839, -0.2611], [27.0993, -0.718], [13.3939, -1.0444], [9.3964, -1.8277], [18.8189, -3.3943]], [[2.8293, 0.0], [6.6839, -0.2611], [27.0993, -0.718], [13.3939, -1.0444], [15.107, -4.3081], [17.9623, -1.9582]], [[2.8293, 0.0], [6.6839, -0.2611], [27.0993, -0.718], [13.3939, -1.0444], [16.2492, -1.9582], [19.9611, -2.4804]], [[2.8293, 0.0], [6.6839, -0.2611], [27.0993, -0.718], [13.3939, -1.0444], [18.5334, -2.8721], [17.6768, -2.2193]]]",0.3043,0.0,0.0,0.0,0.0,0.0,0.0,False,"[4, 4, 4]",0.0,0.0,0.0,5.6767,4.0,1.71,4.1556,6.3553,0.919,6.4652,5.6767,"[[2.829, 0.0], [6.684, -0.261], [27.099, -0.718], [13.394, -1.044], [15.678, -2.415], [18.391, -2.35]]",ok,6.4227,0.0,0.0,0.0,0.0,0.0,0.0,0.0,0.0,0.0,dad9942ea8f1409985140f500c69c88e,scene-0929,42
1.4941,3.2982,5.0713,1.1769,1.9598,2.7679,0.0,0.0,0.0,0.0,0.0,0.0,0.0,0.0,0.0,ok,straight,8.6603,3.1593,9.2712,4.76,11.4887,10.0395,False,"[-1.2402, -0.9791, -1.7624, -8.2899]","[-528250.1718, -538707.4547, -553213.2579, -557081.0301]","[-4173984.8622, -4184442.145, -4198947.9483, -4202815.7204]","[9.4, 10.368, 10.316, 14.265]","[[[3.6858, -0.1305], [8.2543, 8.1594], [42.2324, -0.5875], [14.9643, -1.436], [18.8189, -1.9582], [23.3874, -2.4804]], [[3.6858, -0.1305], [8.2543, 8.1594], [42.2324, -0.5875], [14.9643, -1.436], [20.5321, -2.8721], [27.3848, -1.9582]], [[3.6858, -0.1305], [8.2543, 8.1594], [42.2324, -0.5875], [14.9643, -1.436], [21.9598, -0.6527], [25.6716, -3.5248]], [[3.6858, -0.1305], [8.2543, 8.1594], [42.2324, -0.5875], [14.9643, -1.436], [16.2492, 16.5798], [29.9546, 16.5798]]]",1.8749,0.0,0.0,0.0,0.0,0.0,0.0,False,"[4, 4, 4]",0.0,0.0,0.0,9.3996,4.0,8.6603,3.1593,6.1911,4.76,11.4887,9.3996,"[[3.686, -0.131], [8.254, 8.159], [42.232, -0.587], [14.964, -1.436], [19.676, -1.305], [26.528, -2.219]]",ok,14.2654,0.0,0.0,0.0,0.0,0.0,0.0,0.0,0.0,0.0,633856fa1c53411c931b7503a188521d,scene-0929,42
0.1875,2.2374,3.601,0.367,1.0752,1.7959,0.0,0.0,0.0,0.0,0.0,0.0,0.0,0.0,0.0,ok,straight,0.7583,1.2459,6.4578,0.4384,0.7559,2.3685,False,"[-0.0, -0.5222, -0.1305, -0.2611]","[-120.9043, -2890.0749, -5859.0225, -45402.1021]","[-505421.952, -1508313.9374, -1511282.885, -1550825.9645]","[1.726, 3.022, 2.434, 3.388]","[[[1.5444, 0.0], [3.6858, 0.0], [4.6852, 0.0], [5.5418, 0.1305], [7.3977, 0.0], [9.1109, 0.0]], [[1.5444, 0.0], [3.6858, 0.0], [4.6852, 0.0], [5.5418, 0.1305], [11.3952, 0.1305], [12.8228, -1.0444]], [[1.5444, 0.0], [3.6858, 0.0], [4.6852, 0.0], [5.5418, 0.1305], [11.1096, -1.8277], [9.3964, 0.2611]], [[1.5444, 0.0], [3.6858, 0.0], [4.6852, 0.0], [5.5418, 0.1305], [-2.8813, -0.1305], [14.536, 0.5222]]]",0.6291,0.0,0.0,0.0,0.0,0.0,0.0,True,"[4, 4, 4]",0.0,0.0,0.0,1.7258,4.0,0.7583,1.2459,4.4575,0.4384,0.7559,1.7258,"[[1.544, 0.0], [3.686, 0.0], [4.685, 0.0], [5.542, 0.131], [9.254, -0.065], [11.11, 0.131]]",ok,3.3879,0.0,0.0,0.0,0.0,0.0,0.0,0.0,0.0,0.0,4cf5a8b9ae7140e79b98c583ee502999,scene-0929,42
2.2986,4.3728,6.7181,1.9423,2.9213,3.931,0.0,0.0,0.0,0.0,0.0,0.0,0.0,0.0,0.0,ok,straight,2.2999,4.3981,6.2426,1.943,3.1066,4.1981,False,"[-0.1305, -0.0653, -2.6763, -0.3916]","[-335.1402, -807.805, -2821.0689, -9915.8425]","[-1502190.7286, -2502999.9846, -2505013.2485, -2512108.0221]","[3.952, 2.84, 5.27, 4.919]","[[[2.8293, 0.0], [4.828, 0.0653], [8.1116, 0.0653], [9.9675, 0.4569], [12.5373, 0.1305], [15.3926, 0.2611]], [[2.8293, 0.0], [4.828, 0.0653], [8.1116, 0.0653], [9.9675, 0.4569], [11.6807, 0.7833], [9.3964, 0.1305]], [[2.8293, 0.0], [4.828, 0.0653], [8.1116, 0.0653], [9.9675, 0.4569], [15.107, 0.7833], [19.39, -5.3525]], [[2.8293, 0.0], [4.828, 0.0653], [8.1116, 0.0653], [9.9675, 0.4569], [17.3913, 3.5248], [15.6781, 0.7833]]]",0.9442,0.0,0.0,0.0,0.0,0.0,0.0,True,"[4, 4, 4]",0.0,0.0,0.0,2.8398,4.0,2.2999,4.3981,0.2075,1.943,3.1066,2.8398,"[[2.829, 0.0], [4.828, 0.065], [8.112, 0.065], [9.968, 0.457], [13.822, 0.783], [15.535, 0.196]]",ok,5.2702,0.0,0.0,0.0,0.0,0.0,0.0,0.0,0.0,0.0,cfb661d2947841ad8d6d18a0bb169d80,scene-0929,42
0.4468,0.7231,0.298,0.4974,0.4917,0.4852,0.0,0.0,0.0,0.0,0.0,0.0,0.0,0.0,0.0,ok,left,1.4458,8.4468,2.9619,0.9936,2.7497,2.5073,False,"[1.2402, 0.1305, 0.1305, 8.2899]","[-27292.3615, -30464.611, -61879.9526, -62643.4336]","[-2122013.2512, -2125185.5007, -2156600.8423, -2157364.3233]","[2.06, 4.489, 3.382, 4.584]","[[[2.8293, 0.0653], [6.1129, 0.1305], [7.3977, 1.0444], [11.8235, 9.2038], [13.1083, 2.4804], [15.3926, 2.4804]], [[2.8293, 0.0653], [6.1129, 0.1305], [7.3977, 1.0444], [11.8235, 9.2038], [9.9675, 1.8277], [2.2582, 0.2611]], [[2.8293, 0.0653], [6.1129, 0.1305], [7.3977, 1.0444], [11.8235, 9.2038], [9.9675, -3.1332], [11.9662, 0.2611]], [[2.8293, 0.0653], [6.1129, 0.1305], [7.3977, 1.0444], [11.8235, 9.2038], [14.536, 1.3055], [13.1083, 16.5798]]]",1.0215,0.0,0.0,0.0,0.0,0.0,0.0,False,"[4, 4, 4]",0.0,0.0,0.0,2.0603,4.0,1.4458,8.4468,0.298,0.9936,2.7497,2.0603,"[[2.829, 0.065], [6.113, 0.131], [7.398, 1.044], [11.823, 9.204], [11.538, 1.567], [12.537, 1.371]]",ok,4.584,0.0,0.0,0.0,0.0,0.0,0.0,0.0,0.0,0.0,e57fa7124f6741e697b1841bc023a90f,scene-0930,42
0.1374,1.7679,4.2963,0.0897,0.7173,1.5635,0.0,0.0,0.0,0.0,0.0,0.0,0.0,0.0,0.0,ok,straight,0.1374,1.6254,3.3084,0.1607,0.9312,1.445,True,"[-0.0, -0.2611, -0.1305, -0.0653]","[-501.6621, -686.4474, -3155.6615, -6084.4914]","[-501107.3075, -501110.0936, -1504265.0819, -1507193.9118]","[1.896, 0.881, 1.718, 2.044]","[[[2.1154, 0.0], [3.6858, 0.0], [4.2569, 0.0], [6.6839, 0.0], [7.3977, 0.0], [9.1109, 0.0]], [[2.1154, 0.0], [3.6858, 0.0], [4.2569, 0.0], [6.6839, 0.0], [11.3952, 0.2611], [13.6794, -0.5222]], [[2.1154, 0.0], [3.6858, 0.0], [4.2569, 0.0], [6.6839, 0.0], [10.8241, 0.7833], [7.3977, 0.2611]], [[2.1154, 0.0], [3.6858, 0.0], [4.2569, 0.0], [6.6839, 0.0], [4.5424, 0.0], [11.1096, -0.1305]]]",0.4502,0.0,0.0,0.0,0.0,0.0,0.0,True,"[4, 4, 4]",0.0,0.0,0.0,0.8809,4.0,0.1374,1.6254,0.909,0.1607,0.9312,0.8809,"[[2.115, 0.0], [3.686, 0.0], [4.257, 0.0], [6.684, 0.0], [9.111, 0.131], [10.11, -0.065]]",ok,2.044,0.0,0.0,0.0,0.0,0.0,0.0,0.0,0.0,0.0,0e9f5667298748c4af70e09079465060,scene-0930,42
0.3368,0.8367,0.4739,0.3426,0.6189,0.7791,0.0,0.0,0.0,0.0,0.0,0.0,0.0,0.0,0.0,ok,straight,0.2788,0.6739,1.6989,0.3136,0.702,1.0233,False,"[-0.3916, -0.0653, -0.1958, -0.2611]","[-825.1001, -8198.3911, -10418.9517, -104438.5331]","[-1513178.1395, -1520551.4305, -1522771.991, -1616791.5724]","[0.975, 2.197, 1.429, 3.521]","[[[3.1148, 0.0], [7.1122, -0.0653], [11.5379, -0.2611], [12.3945, -0.5875], [14.2505, -0.6527], [17.3913, -0.7833]], [[3.1148, 0.0], [7.1122, -0.0653], [11.5379, -0.2611], [12.3945, -0.5875], [16.2492, -1.5666], [9.1109, -0.1305]], [[3.1148, 0.0], [7.1122, -0.0653], [11.5379, -0.2611], [12.3945, -0.5875], [19.6755, -0.1305], [16.8202, -0.3916]], [[3.1148, 0.0], [7.1122, -0.0653], [11.5379, -0.2611], [12.3945, -0.5875], [18.8189, 16.5798], [18.8189, -0.5222]]]",0.9651,0.0,0.0,0.0,0.0,0.0,0.0,False,"[4, 4, 4]",0.0,0.0,0.0,0.9747,4.0,0.2788,0.6739,1.3156,0.3136,0.702,0.9747,"[[3.115, 0.0], [7.112, -0.065], [11.538, -0.261], [12.395, -0.587], [17.534, -0.392], [17.106, -0.457]]",ok,3.5208,0.0,0.0,0.0,0.0,0.0,0.0,0.0,0.0,0.0,ff93d6dd1c0e4c569ee4bbc0c965c7f2,scene-0930,42
1.3278,2.5743,2.8338,0.9804,1.6049,1.9295,0.0,0.0,0.0,0.0,0.0,0.0,0.0,0.0,0.0,ok,right,2.6232,3.426,6.0516,1.8401,2.3195,2.8868,False,"[0.9791, 2.2193, 1.0444, -8.2899]","[-1012.0392, -1587.2719, -3666.818, -38033.3184]","[-1048491.5832, -2050079.9709, -2052159.517, -2086526.0173]","[2.402, 2.9, 2.955, 5.657]","[[[2.6865, -0.0653], [5.8273, -0.4569], [7.1122, -0.3916], [10.253, -0.9791], [11.1096, -1.3055], [13.6794, -1.9582]], [[2.6865, -0.0653], [5.8273, -0.4569], [7.1122, -0.3916], [10.253, -0.9791], [11.3952, -1.6971], [16.2492, -4.4387]], [[2.6865, -0.0653], [5.8273, -0.4569], [7.1122, -0.3916], [10.253, -0.9791], [10.5386, -1.6971], [17.6768, -2.0888]], [[2.6865, -0.0653], [5.8273, -0.4569], [7.1122, -0.3916], [10.253, -0.9791], [7.1122, -0.3916], [22.5308, 16.5798]]]",1.2763,0.0,0.0,0.0,0.0,0.0,0.0,False,"[4, 4, 4]",0.0,0.0,0.0,2.4018,4.0,2.6232,3.426,2.8338,1.8401,2.3195,2.4018,"[[2.686, -0.065], [5.827, -0.457], [7.112, -0.392], [10.253, -0.979], [10.824, -1.501], [16.963, -2.024]]",ok,5.6575,0.0,0.0,0.0,0.0,0.0,0.0,0.0,0.0,0.0,45cd8c6a4f8c4de8b7b47db174692dda,scene-0930,42
1.2198,1.4688,4.8172,0.8881,1.2249,2.2794,0.0,0.0,0.0,0.0,0.0,0.0,0.0,0.0,0.0,ok,right,0.6691,4.8952,2.7299,0.5993,1.8377,2.3413,False,"[1.5666, 1.5666, 2.0888, 1.1749]","[-11907.4574, -12121.0569, -16776.6657, -28056.6495]","[-1774844.4407, -1775058.0402, -1779713.649, -1790993.6328]","[2.688, 2.128, 2.149, 2.254]","[[[1.9727, -0.1305], [4.828, -0.0653], [6.3984, -0.7833], [10.8241, 2.7415], [9.1109, -1.8277], [10.5386, -3.1332]], [[1.9727, -0.1305], [4.828, -0.0653], [6.3984, -0.7833], [10.8241, 2.7415], [13.1083, -2.8721], [10.253, -3.1332]], [[1.9727, -0.1305], [4.828, -0.0653], [6.3984, -0.7833], [10.8241, 2.7415], [8.8254, -1.6971], [16.5347, -4.1776]], [[1.9727, -0.1305], [4.828, -0.0653], [6.3984, -0.7833], [10.8241, 2.7415], [8.8254, -5.0914], [14.8215, -2.3499]]]",0.2264,0.0,0.0,0.0,0.0,0.0,0.0,False,"[4, 4, 4]",0.0,0.0,0.0,2.1281,4.0,0.6691,4.8952,5.0989,0.5993,1.8377,2.1281,"[[1.973, -0.131], [4.828, -0.065], [6.398, -0.783], [10.824, 2.742], [8.968, -2.35], [12.68, -3.133]]",ok,2.6879,0.0,0.0,0.0,0.0,0.0,0.0,0.0,0.0,0.0,b139c133286247d48093bba9151920b2,scene-0931,42
0.4362,0.8593,0.9517,0.3715,0.5443,0.6432,0.0,0.0,0.0,0.0,0.0,0.0,0.0,0.0,0.0,ok,right,0.3245,0.625,2.3114,0.2497,0.6154,1.0766,False,"[0.7833, -1.8277, -0.7833, 1.893]","[-312.5005, -3170.2249, -4840.5836, -114189.2243]","[-502691.9667, -1505863.357, -1507533.7157, -1616882.3564]","[0.691, 2.29, 1.964, 3.948]","[[[2.401, 0.0], [5.2563, -0.2611], [8.5399, -0.3916], [9.5392, -0.5222], [11.1096, -0.9138], [13.6794, -1.5666]], [[2.401, 0.0], [5.2563, -0.2611], [8.5399, -0.3916], [9.5392, -0.5222], [6.8267, 0.3916], [10.253, 3.6554]], [[2.401, 0.0], [5.2563, -0.2611], [8.5399, -0.3916], [9.5392, -0.5222], [15.3926, -1.9582], [16.5347, 1.5666]], [[2.401, 0.0], [5.2563, -0.2611], [8.5399, -0.3916], [9.5392, -0.5222], [13.3939, 16.5798], [10.5386, -3.7859]]]",1.1615,0.0,0.0,0.0,0.0,0.0,0.0,True,"[4, 4, 4]",0.0,0.0,0.0,0.6905,4.0,0.3245,0.625,0.9517,0.2497,0.6154,0.6905,"[[2.401, 0.0], [5.256, -0.261], [8.54, -0.392], [9.539, -0.522], [12.252, -0.261], [12.109, 0.0]]",ok,3.9482,0.0,0.0,0.0,0.0,0.0,0.0,0.0,0.0,0.0,ff16d788ac4244e98f9bf8097cf6267c,scene-0931,42
3.3235,6.928,10.7147,2.6106,4.157,5.8361,0.0,0.0,0.0,0.0,0.0,0.0,0.0,0.0,0.0,ok,straight,3.8861,8.0451,12.2081,2.8895,5.0707,6.8172,False,"[-1.2402, -2.611, -1.436, -8.2899]","[-1034.9836, -2267.0661, -6596.6841, -13908.5323]","[-2660454.5935, -2661686.676, -2666016.2939, -2673328.1422]","[6.445, 7.381, 6.804, 8.724]","[[[2.8293, 0.0], [5.9701, 0.1305], [9.682, -0.3916], [12.2517, 0.9138], [12.8228, 1.6971], [16.8202, 2.4804]], [[2.8293, 0.0], [5.9701, 0.1305], [9.682, -0.3916], [12.2517, 0.9138], [14.2505, 5.3525], [19.1045, 5.222]], [[2.8293, 0.0], [5.9701, 0.1305], [9.682, -0.3916], [12.2517, 0.9138], [11.6807, 0.0], [20.2466, 2.8721]], [[2.8293, 0.0], [5.9701, 0.1305], [9.682, -0.3916], [12.2517, 0.9138], [18.2479, 2.0888], [16.2492, 16.5798]]]",0.8668,0.0,0.0,0.0,0.0,0.0,0.0,False,"[4, 4, 4]",0.0,0.0,0.0,6.4452,4.0,3.8861,8.0451,10.7147,2.8895,5.0707,6.4452,"[[2.829, 0.0], [5.97, 0.131], [9.682, -0.392], [12.252, 0.914], [13.537, 1.893], [17.962, 4.047]]",ok,8.7241,0.0,0.0,0.0,0.0,0.0,0.0,0.0,0.0,0.0,e9c58a877bde42e68c0a4850cd93c6ca,scene-0931,42
1.5537,3.1756,5.7278,1.0428,1.875,2.8651,0.0,0.0,0.0,0.0,0.0,0.0,0.0,0.0,0.0,ok,straight,1.9397,3.2802,10.9102,1.3781,2.1729,4.024,False,"[-0.8486, -8.2899, -8.2899, -2.8721]","[-269.1764, -16890.7346, -56204.5813, -280200.0862]","[-500580.7564, -1517473.557, -1556787.4038, -1780782.9086]","[2.976, 4.948, 5.496, 8.187]","[[[1.9727, 0.0], [3.9714, 0.4569], [5.5418, -0.2611], [6.5411, 0.5875], [7.3977, 1.0444], [8.5399, 1.6971]], [[1.9727, 0.0], [3.9714, 0.4569], [5.5418, -0.2611], [6.5411, 0.5875], [4.828, 1.1749], [12.2517, 16.5798]], [[1.9727, 0.0], [3.9714, 0.4569], [5.5418, -0.2611], [6.5411, 0.5875], [8.2543, -5.8747], [1.4016, 16.5798]], [[1.9727, 0.0], [3.9714, 0.4569], [5.5418, -0.2611], [6.5411, 0.5875], [32.2388, -16.5798], [9.3964, -5.7442]]]",1.8612,0.0,0.0,0.0,0.0,0.0,0.0,False,"[4, 4, 4]",0.0,0.0,0.0,2.9764,4.0,1.9397,3.2802,5.2039,1.3781,2.1729,2.9764,"[[1.973, 0.0], [3.971, 0.457], [5.542, -0.261], [6.541, 0.587], [7.826, -2.415], [8.968, 9.138]]",ok,8.1873,0.0,0.0,0.0,0.0,0.0,0.0,0.0,0.0,0.0,aa08bd8260bd4cb5a342c2efb1afde0a,scene-0931,42
0.9881,3.2535,4.5061,0.9562,1.922,2.7799,0.0,0.0,0.0,0.0,0.0,0.0,0.0,0.0,0.0,ok,straight,0.9881,3.7881,0.9267,0.9562,2.1235,2.4575,True,"[-0.2611, -0.1305, -0.3264, -0.0653]","[-149.6519, -1840.6729, -5618.3504, -8899.5525]","[-1200307.3573, -2202148.5701, -2205926.2475, -2209207.4497]","[2.914, 2.921, 3.48, 3.248]","[[[3.6858, 0.0], [6.5412, -0.1305], [10.8241, -0.1958], [14.8215, -0.4569], [18.2479, -0.5222], [20.8176, -0.5222]], [[3.6858, 0.0], [6.5412, -0.1305], [10.8241, -0.1958], [14.8215, -0.4569], [15.3926, -0.3916], [9.1109, -0.2611]], [[3.6858, 0.0], [6.5412, -0.1305], [10.8241, -0.1958], [14.8215, -0.4569], [22.2453, -0.5222], [20.2466, -0.6527]], [[3.6858, 0.0], [6.5412, -0.1305], [10.8241, -0.1958], [14.8215, -0.4569], [19.9611, -0.2611], [11.6807, -0.1305]]]",0.2378,0.0,0.0,0.0,0.0,0.0,0.0,False,"[3, 4, 4]",0.0,0.0,0.0,2.9142,4.0,0.9881,3.7881,4.5248,0.9562,2.1235,2.9142,"[[3.686, 0.0], [6.541, -0.131], [10.824, -0.196], [14.822, -0.457], [19.104, -0.457], [15.964, -0.392]]",ok,3.48,0.0,0.0,0.0,0.0,0.0,0.0,0.0,0.0,0.0,b2a93b022374432d917cc7db15ca023a,scene-0962,42
0.9212,0.9775,2.1648,0.559,0.9219,1.3255,0.0,0.0,0.0,0.0,0.0,0.0,0.0,0.0,0.0,ok,straight,0.3702,1.5993,2.207,0.2391,0.583,0.9596,True,"[-1.2402, -2.3499, -1.3708, -1.436]","[-294.6178, -1566.2872, -8817.8856, -9492.562]","[-250913.5047, -1252481.7554, -1259733.3538, -1260408.0301]","[1.063, 1.225, 2.193, 1.5]","[[[2.972, -0.1305], [5.6846, -0.2611], [8.9682, -0.5222], [10.5386, -1.3055], [13.1083, -1.5666], [15.9636, -2.4804]], [[2.972, -0.1305], [5.6846, -0.2611], [8.9682, -0.5222], [10.5386, -1.3055], [15.107, -1.9582], [16.5347, -4.6998]], [[2.972, -0.1305], [5.6846, -0.2611], [8.9682, -0.5222], [10.5386, -1.3055], [9.1109, 2.4804], [13.6794, -2.7415]], [[2.972, -0.1305], [5.6846, -0.2611], [8.9682, -0.5222], [10.5386, -1.3055], [18.5334, -3.7859], [17.1058, -2.8721]]]",0.4321,0.0,0.0,0.0,0.0,0.0,0.0,True,"[4, 4, 4]",0.0,0.0,0.0,1.0633,4.0,0.3702,1.5993,2.1648,0.2391,0.583,1.0633,"[[2.972, -0.131], [5.685, -0.261], [8.968, -0.522], [10.539, -1.305], [14.108, -1.762], [16.249, -2.807]]",ok,2.1933,0.0,0.0,0.0,0.0,0.0,0.0,0.0,0.0,0.0,af7ce8da343b4de19950c66b15ece116,scene-0962,42
0.8728,0.7174,1.6593,0.6583,0.6485,0.9318,0.0,0.0,0.0,0.0,0.0,0.0,0.0,0.0,0.0,ok,left,0.9605,0.7227,5.3233,0.6326,0.8499,2.5989,False,"[3.3943, 8.2899, 0.9138, 8.2899]","[-1636.6477, -17963.4784, -28844.502, -67950.3492]","[-1690634.3448, -1706961.1754, -1717842.1991, -1756948.0462]","[1.066, 3.072, 3.675, 4.049]","[[[2.1154, 0.1305], [3.9714, 0.3916], [5.6846, 1.6971], [9.9675, 3.0026], [10.5386, 3.7859], [11.9662, 6.7886]], [[2.1154, 0.1305], [3.9714, 0.3916], [5.6846, 1.6971], [9.9675, 3.0026], [11.9662, 1.8277], [20.5321, 16.5798]], [[2.1154, 0.1305], [3.9714, 0.3916], [5.6846, 1.6971], [9.9675, 3.0026], [12.2517, -6.1358], [7.6833, 1.8277]], [[2.1154, 0.1305], [3.9714, 0.3916], [5.6846, 1.6971], [9.9675, 3.0026], [11.1096, -6.0053], [11.3952, 16.5798]]]",1.1506,0.0,0.0,0.0,0.0,0.0,0.0,False,"[4, 3, 4]",0.0,0.0,0.0,1.0661,4.0,0.9605,0.7227,1.6593,0.6326,0.8499,1.0661,"[[2.115, 0.131], [3.971, 0.392], [5.685, 1.697], [9.968, 3.003], [11.538, -2.089], [11.681, 11.684]]",ok,4.0485,0.0,0.0,0.0,0.0,0.0,0.0,0.0,0.0,0.0,b402f8066efb4e34b7007a1d81aba25e,scene-0962,42
1.1485,0.4295,1.8339,0.7159,0.7965,1.1786,0.0,0.0,0.0,0.0,0.0,0.0,0.0,0.0,0.0,ok,straight,0.2948,1.2853,3.4098,0.2891,0.7964,1.7333,False,"[-0.0653, -0.0653, -0.0653, -0.3916]","[-404.3859, -2712.652, -29506.3188, -989560.749]","[-849599.5039, -1852313.3351, -1879107.0019, -2839161.4321]","[1.179, 3.55, 3.873, 9.935]","[[[3.4003, 0.0], [7.3977, 0.0], [9.682, -0.0653], [13.3939, -0.0653], [16.2492, -0.1305], [19.9611, -0.1305]], [[3.4003, 0.0], [7.3977, 0.0], [9.682, -0.0653], [13.3939, -0.0653], [23.9585, 0.0], [34.2375, 0.1305]], [[3.4003, 0.0], [7.3977, 0.0], [9.682, -0.0653], [13.3939, -0.0653], [20.2466, 0.0], [3.6858, -0.1305]], [[3.4003, 0.0], [7.3977, 0.0], [9.682, -0.0653], [13.3939, -0.0653], [69.6432, 0.0], [16.8202, 0.7833]]]",3.2325,0.0,0.0,0.0,0.0,0.0,0.0,False,"[4, 4, 4]",0.0,0.0,0.0,1.1786,4.0,0.2948,1.2853,1.8339,0.2891,0.7964,1.1786,"[[3.4, 0.0], [7.398, 0.0], [9.682, -0.065], [13.394, -0.065], [22.103, 0.0], [18.391, 0.0]]",ok,9.9351,0.0,0.0,0.0,0.0,0.0,0.0,0.0,0.0,0.0,01ac1c5f06994c82be7cc5498a41eab1,scene-0962,42
1.0854,1.131,1.448,0.6323,1.0515,1.2278,0.0,0.0,0.0,0.0,0.0,0.0,0.0,0.0,0.0,ok,straight,1.368,1.655,2.4961,0.8647,1.0656,1.3336,False,"[-0.3916, -3.329, -0.1305, -0.3264]","[-2478.0412, -8400.035, -12822.9817, -16601.2484]","[-2304978.4413, -2310900.4351, -2315323.3817, -2319101.6485]","[1.215, 2.714, 2.14, 2.078]","[[[2.6865, 0.1305], [4.828, 0.0], [9.8247, 0.1958], [10.5386, 0.3916], [13.6794, 0.1305], [15.9636, 0.7833]], [[2.6865, 0.1305], [4.828, 0.0], [9.8247, 0.1958], [10.5386, 0.3916], [12.2517, -6.2664], [17.9623, -6.658]], [[2.6865, 0.1305], [4.828, 0.0], [9.8247, 0.1958], [10.5386, 0.3916], [16.8202, 0.5222], [11.1096, 0.2611]], [[2.6865, 0.1305], [4.828, 0.0], [9.8247, 0.1958], [10.5386, 0.3916], [18.5334, 1.5666], [13.6794, 0.6527]]]",0.5353,0.0,0.0,0.0,0.0,0.0,0.0,False,"[4, 4, 4]",0.0,0.0,0.0,1.2154,4.0,1.368,1.655,1.8465,0.8647,1.0656,1.2154,"[[2.686, 0.131], [4.828, 0.0], [9.825, 0.196], [10.539, 0.392], [15.25, 0.326], [14.822, 0.457]]",ok,2.7144,0.0,0.0,0.0,0.0,0.0,0.0,0.0,0.0,0.0,637fc435f95f4bc1b72f09811f2d78d2,scene-0963,42
0.3222,0.4957,0.3075,0.3617,0.3902,0.4613,0.0,0.0,0.0,0.0,0.0,0.0,0.0,0.0,0.0,ok,straight,0.05,2.9455,0.2475,0.297,0.9685,0.7565,False,"[-0.0, -3.3943, -0.0, -0.1305]","[-4579.9952, -5807.8915, -6067.6779, -14339.9812]","[-1957088.1978, -1958316.0941, -1958575.8805, -1966848.1837]","[0.748, 1.968, 0.847, 2.226]","[[[0.9733, 0.0], [2.8293, 0.0], [3.6858, -0.0653], [7.9688, -0.1305], [5.9701, 0.0], [7.1122, 0.0]], [[0.9733, 0.0], [2.8293, 0.0], [3.6858, -0.0653], [7.9688, -0.1305], [6.8267, -0.3916], [9.3964, -6.7886]], [[0.9733, 0.0], [2.8293, 0.0], [3.6858, -0.0653], [7.9688, -0.1305], [5.1135, 0.0], [6.5412, 0.0]], [[0.9733, 0.0], [2.8293, 0.0], [3.6858, -0.0653], [7.9688, -0.1305], [15.3926, -0.1305], [6.8267, -0.2611]]]",0.6572,0.0,0.0,0.0,0.0,0.0,0.0,False,"[4, 4, 4]",0.0,0.0,0.0,0.7479,4.0,0.05,2.9455,0.4354,0.297,0.9685,0.7479,"[[0.973, 0.0], [2.829, 0.0], [3.686, -0.065], [7.969, -0.131], [6.398, -0.065], [6.969, -0.131]]",ok,2.2265,0.0,0.0,0.0,0.0,0.0,0.0,0.0,0.0,0.0,cea42507a76141998b455b4fed199c35,scene-0963,42
1.1342,1.4466,2.6274,0.9003,1.1052,1.6246,0.0,0.0,0.0,0.0,0.0,0.0,0.0,0.0,0.0,ok,straight,1.8481,2.4382,2.2271,1.3999,1.8885,2.7931,False,"[-0.0653, -5.4831, -0.2611, -0.0653]","[-32.9695, -8413.6179, -8575.3545, -16771.0157]","[-1828275.1313, -2836690.7762, -2836852.5129, -2845048.1741]","[2.052, 3.934, 3.72, 3.288]","[[[1.4016, 0.0], [3.2576, 0.0], [4.828, 0.0653], [6.1129, -0.0653], [7.3977, -0.1305], [7.6833, -0.1305]], [[1.4016, 0.0], [3.2576, 0.0], [4.828, 0.0653], [6.1129, -0.0653], [9.682, -0.5222], [5.399, -10.9662]], [[1.4016, 0.0], [3.2576, 0.0], [4.828, 0.0653], [6.1129, -0.0653], [13.6794, 0.2611], [11.3952, -0.5222]], [[1.4016, 0.0], [3.2576, 0.0], [4.828, 0.0653], [6.1129, -0.0653], [14.536, 0.0], [7.9688, -0.1305]]]",0.729,0.0,0.0,0.0,0.0,0.0,0.0,False,"[4, 4, 4]",0.0,0.0,0.0,2.052,4.0,1.8481,2.4382,2.0585,1.3999,1.8885,2.052,"[[1.402, 0.0], [3.258, 0.0], [4.828, 0.065], [6.113, -0.065], [11.681, -0.065], [7.826, -0.326]]",ok,3.9341,0.0,0.0,0.0,0.0,0.0,0.0,0.0,0.0,0.0,f500fa5dbede4e3ba3c8c523748d5110,scene-0963,42
0.3711,1.227,2.9176,0.2417,0.7279,1.3606,0.0,0.0,0.0,0.0,0.0,0.0,0.0,0.0,0.0,ok,straight,0.5136,1.0844,4.916,0.2735,0.7438,1.7994,False,"[-0.0653, -0.2611, -0.1958, -0.0653]","[-234.2007, -372.4941, -1158.2642, -12563.2979]","[-1103962.1363, -1103964.4723, -2105122.0069, -2116527.0406]","[1.371, 2.278, 1.66, 2.515]","[[[0.9733, 0.0], [2.401, 0.0], [3.8286, 0.0], [3.8286, 0.0], [5.1135, -0.1305], [5.6846, -0.1305]], [[0.9733, 0.0], [2.401, 0.0], [3.8286, 0.0], [3.8286, 0.0], [6.2556, -0.1305], [9.9675, -0.5222]], [[0.9733, 0.0], [2.401, 0.0], [3.8286, 0.0], [3.8286, 0.0], [3.6858, 0.0], [8.8254, 0.3916]], [[0.9733, 0.0], [2.401, 0.0], [3.8286, 0.0], [3.8286, 0.0], [11.1096, -0.5222], [6.5412, -0.1305]]]",0.4599,0.0,0.0,0.0,0.0,0.0,0.0,True,"[4, 4, 4]",0.0,0.0,0.0,1.3712,4.0,0.5136,1.0844,2.9176,0.2735,0.7438,1.3712,"[[0.973, 0.0], [2.401, 0.0], [3.829, 0.0], [3.829, 0.0], [5.685, -0.131], [7.683, -0.131]]",ok,2.5152,0.0,0.0,0.0,0.0,0.0,0.0,0.0,0.0,0.0,3fafefe85e5741469e3539c361ec55ad,scene-0963,42
2.6372,6.8786,11.3388,2.0419,3.9252,5.7315,0.0,0.0,0.0,0.0,0.0,0.0,0.0,0.0,0.0,ok,straight,3.3468,9.3002,13.7626,2.0403,4.7801,6.6097,False,"[-0.0653, -0.0653, -0.2611, -0.0653]","[-2250.7528, -19873.9337, -28477.5778, -881477.1849]","[-2052822.2154, -2070445.3962, -2079049.0404, -2932048.6474]","[6.586, 6.539, 7.592, 14.675]","[[[2.972, 0.0], [7.255, -0.1305], [11.5379, -0.0653], [16.6775, -0.1958], [17.3913, -0.1305], [21.9598, -0.1305]], [[2.972, 0.0], [7.255, -0.1305], [11.5379, -0.0653], [16.6775, -0.1958], [13.3939, -0.2611], [25.6716, -0.1305]], [[2.972, 0.0], [7.255, -0.1305], [11.5379, -0.0653], [16.6775, -0.1958], [13.9649, -0.1305], [31.3822, 0.5222]], [[2.972, 0.0], [7.255, -0.1305], [11.5379, -0.0653], [16.6775, -0.1958], [69.6432, -0.2611], [18.2479, -0.1305]]]",3.3903,0.0,0.0,0.0,0.0,0.0,0.0,False,"[4, 4, 4]",0.0,0.0,0.0,6.5385,4.0,3.3468,9.3002,15.6167,2.0403,4.7801,6.5385,"[[2.972, 0.0], [7.255, -0.131], [11.538, -0.065], [16.677, -0.196], [15.678, -0.196], [23.816, -0.131]]",ok,14.6746,0.0,0.0,0.0,0.0,0.0,0.0,0.0,0.0,0.0,b5cbf927fe0d47c39a9c1d1b05279c55,scene-0966,42
8.5042,18.0583,24.8539,6.3667,11.1791,15.1211,0.0,0.0,0.0,0.0,0.0,0.0,0.0,0.0,0.0,ok,straight,8.6471,18.0583,26.7101,6.8665,11.3932,15.5732,False,"[-0.0653, -0.1958, -0.1305, -8.2899]","[-275.8992, -282.93, -1183.7293, -55419.1868]","[-777894.7423, -777894.7795, -1779079.6575, -1833315.115]","[15.073, 15.312, 15.883, 16.074]","[[[5.1135, 0.0], [8.6826, -0.0653], [13.8222, -0.0653], [18.2479, -0.1305], [21.6742, -0.1305], [24.8151, -0.1305]], [[5.1135, 0.0], [8.6826, -0.0653], [13.8222, -0.0653], [18.2479, -0.1305], [21.9598, -0.1305], [25.9572, -0.3916]], [[5.1135, 0.0], [8.6826, -0.0653], [13.8222, -0.0653], [18.2479, -0.1305], [21.6742, -0.1305], [29.6691, -0.2611]], [[5.1135, 0.0], [8.6826, -0.0653], [13.8222, -0.0653], [18.2479, -0.1305], [14.536, -1.0444], [33.952, 16.5798]]]",0.4075,0.0,0.0,0.0,0.0,0.0,0.0,True,"[4, 4, 4]",0.0,0.0,0.0,15.0734,4.0,8.6471,18.0583,23.7118,6.8665,11.3932,15.0734,"[[5.113, 0.0], [8.683, -0.065], [13.822, -0.065], [18.248, -0.131], [21.674, -0.131], [27.813, -0.196]]",ok,16.0743,0.0,0.0,0.0,0.0,0.0,0.0,0.0,0.0,0.0,fbbdca28bed1419a87dd2f0b1ced635f,scene-0966,42
5.5781,9.5208,14.4766,4.3321,6.6439,8.9751,0.0,0.0,0.0,0.0,0.0,0.0,0.0,0.0,0.0,ok,straight,5.2929,11.1012,15.483,4.4036,6.8262,9.1445,False,"[-0.3264, -0.4569, -0.1958, -5.222]","[-649.3316, -5225.6132, -8268.4918, -10323.1173]","[-801521.0521, -1806748.7439, -1809791.6226, -1811846.2481]","[9.097, 9.623, 8.855, 9.971]","[[[5.2563, 0.0], [9.3964, -0.1305], [14.1077, -0.1958], [20.6749, -0.4569], [24.8151, -0.2611], [29.6691, -0.6527]], [[5.2563, 0.0], [9.3964, -0.1305], [14.1077, -0.1958], [20.6749, -0.4569], [29.3835, -0.1305], [28.2414, -0.9138]], [[5.2563, 0.0], [9.3964, -0.1305], [14.1077, -0.1958], [20.6749, -0.4569], [21.3887, -0.1305], [31.6678, -0.3916]], [[5.2563, 0.0], [9.3964, -0.1305], [14.1077, -0.1958], [20.6749, -0.4569], [23.3874, -0.1305], [33.381, -10.444]]]",0.437,0.0,0.0,0.0,0.0,0.0,0.0,False,"[4, 4, 4]",0.0,0.0,0.0,8.8551,4.0,5.2929,11.1012,16.4554,4.4036,6.8262,8.8551,"[[5.256, 0.0], [9.396, -0.131], [14.108, -0.196], [20.675, -0.457], [24.101, -0.131], [30.668, -0.783]]",ok,9.9708,0.0,0.0,0.0,0.0,0.0,0.0,0.0,0.0,0.0,24e19e8837cc4653a68f6869cad091c5,scene-0966,42
2.9552,4.5032,8.538,2.0862,3.1436,4.502,0.0,0.0,0.0,0.0,0.0,0.0,0.0,0.0,0.0,ok,straight,5.666,5.2169,7.1057,3.5844,4.1438,4.9051,False,"[-0.1305, -2.2846, -0.1958, -0.7833]","[-2822.4691, -3247.5004, -3394.5268, -31090.1747]","[-2621923.6311, -2622348.6624, -2622495.6888, -2650191.3367]","[5.168, 5.045, 5.214, 4.501]","[[[4.828, 0.0], [12.109, -0.1305], [14.2505, -0.2611], [18.9617, -0.1305], [23.3874, -0.2611], [29.6691, -0.2611]], [[4.828, 0.0], [12.109, -0.1305], [14.2505, -0.2611], [18.9617, -0.1305], [23.1019, -0.5222], [28.2414, -4.5692]], [[4.828, 0.0], [12.109, -0.1305], [14.2505, -0.2611], [18.9617, -0.1305], [25.3861, -0.3916], [27.9559, -0.3916]], [[4.828, 0.0], [12.109, -0.1305], [14.2505, -0.2611], [18.9617, -0.1305], [14.2505, 0.0], [28.2414, -1.5666]]]",0.2846,0.0,0.0,0.0,0.0,0.0,0.0,False,"[4, 4, 4]",0.0,0.0,0.0,4.501,4.0,5.666,5.2169,7.154,3.5844,4.1438,4.501,"[[4.828, 0.0], [12.109, -0.131], [14.25, -0.261], [18.962, -0.131], [23.245, -0.326], [28.241, -0.979]]",ok,5.2143,0.0,0.0,0.0,0.0,0.0,0.0,0.0,0.0,0.0,9e5e0d9f86414e7699c2aed455c137ca,scene-0966,42
1.3349,3.3293,5.9222,0.798,1.7504,2.9075,0.0,0.0,0.0,0.0,0.0,0.0,0.0,0.0,0.0,ok,straight,1.7621,3.9037,8.4935,1.0116,2.3204,3.8825,False,"[-0.0, -0.1958, -0.1305, -0.3264]","[-86.8557, -2324.2946, -5240.1229, -7253.2189]","[-769679.0008, -1772006.0122, -1774921.8406, -1776934.9366]","[3.288, 3.481, 3.851, 6.29]","[[[3.9714, 0.0], [8.9682, 0.0], [13.8222, -0.0653], [17.3913, 0.0653], [20.8176, 0.0], [24.8151, 0.0]], [[3.9714, 0.0], [8.9682, 0.0], [13.8222, -0.0653], [17.3913, 0.0653], [23.3874, 0.0], [23.3874, 0.3916]], [[3.9714, 0.0], [8.9682, 0.0], [13.8222, -0.0653], [17.3913, 0.0653], [18.8189, 0.9138], [29.9546, 0.2611]], [[3.9714, 0.0], [8.9682, 0.0], [13.8222, -0.0653], [17.3913, 0.0653], [22.8163, -0.7833], [40.8047, -0.6527]]]",1.208,0.0,0.0,0.0,0.0,0.0,0.0,True,"[4, 4, 4]",0.0,0.0,0.0,3.2875,4.0,1.7621,3.9037,5.9222,1.0116,2.3204,3.2875,"[[3.971, 0.0], [8.968, 0.0], [13.822, -0.065], [17.391, 0.065], [21.817, 0.0], [27.385, 0.131]]",ok,6.2902,0.0,0.0,0.0,0.0,0.0,0.0,0.0,0.0,0.0,23d02c83708b4f5e9579bbd99370a672,scene-0967,42
5.4738,11.2087,18.0964,3.9702,6.8802,9.8135,0.0,0.0,0.0,0.0,0.0,0.0,0.0,0.0,0.0,ok,straight,5.0455,12.4934,16.8241,4.113,7.0586,9.7919,True,"[-0.0, -0.0653, -1.1749, -0.6527]","[-1460.5136, -1538.8756, -31257.9333, -275440.4141]","[-1776221.1313, -1776299.4934, -1806018.551, -2050201.0319]","[10.123, 9.457, 13.085, 13.561]","[[[4.3997, 0.0], [7.5405, 0.0], [11.1096, -0.1305], [16.963, -0.0653], [19.6755, -0.3916], [25.1006, 0.0]], [[4.3997, 0.0], [7.5405, 0.0], [11.1096, -0.1305], [16.963, -0.0653], [18.8189, -0.1305], [21.9598, -0.1305]], [[4.3997, 0.0], [7.5405, 0.0], [11.1096, -0.1305], [16.963, -0.0653], [18.8189, -0.1305], [43.66, -2.3499]], [[4.3997, 0.0], [7.5405, 0.0], [11.1096, -0.1305], [16.963, -0.0653], [47.6574, -0.2611], [17.6768, -1.3055]]]",1.7901,0.0,0.0,0.0,0.0,0.0,0.0,False,"[4, 4, 4]",0.0,0.0,0.0,9.4566,4.0,5.0455,12.4934,15.2411,4.113,7.0586,9.4566,"[[4.4, 0.0], [7.541, 0.0], [11.11, -0.131], [16.963, -0.065], [19.247, -0.196], [23.53, -0.718]]",ok,13.5609,0.0,0.0,0.0,0.0,0.0,0.0,0.0,0.0,0.0,8b95c9f201034aedb14454f4e2869abe,scene-0967,42
3.604,6.4062,10.1576,2.4525,4.0967,5.5672,0.0,0.0,0.0,0.0,0.0,0.0,0.0,0.0,0.0,ok,straight,3.8873,4.9772,13.8679,2.8083,4.0243,6.354,False,"[-0.1305, -0.0653, -0.1305, -0.3264]","[-573.1515, -1577.7286, -1690.6826, -1839.4148]","[-670754.8774, -1672334.6411, -1672447.595, -1672596.3273]","[5.519, 6.298, 6.899, 6.432]","[[[4.1141, 0.0], [8.8254, -0.0653], [12.9656, -0.1305], [14.8215, -0.0653], [19.1045, -0.1305], [24.5295, -0.2611]], [[4.1141, 0.0], [8.8254, -0.0653], [12.9656, -0.1305], [14.8215, -0.0653], [19.39, -1.1749], [28.8125, -0.1305]], [[4.1141, 0.0], [8.8254, -0.0653], [12.9656, -0.1305], [14.8215, -0.0653], [21.6742, -0.1305], [30.2401, -0.2611]], [[4.1141, 0.0], [8.8254, -0.0653], [12.9656, -0.1305], [14.8215, -0.0653], [21.3887, -0.7833], [27.6704, -0.6527]]]",0.4962,0.0,0.0,0.0,0.0,0.0,0.0,False,"[4, 4, 4]",0.0,0.0,0.0,5.519,4.0,3.8873,4.9772,10.1576,2.8083,4.0243,5.519,"[[4.114, 0.0], [8.825, -0.065], [12.966, -0.131], [14.822, -0.065], [20.389, -0.457], [28.241, -0.261]]",ok,6.8985,0.0,0.0,0.0,0.0,0.0,0.0,0.0,0.0,0.0,114e0ea88971491bb49e93d56ff96419,scene-0967,42
1.469,3.2674,3.8445,1.2306,1.9638,2.6992,0.0,0.0,0.0,0.0,0.0,0.0,0.0,0.0,0.0,ok,straight,12.4612,2.9857,5.6965,6.3699,4.6053,4.8169,False,"[-0.1305, -0.0, -0.1958, -0.0]","[-58283.912, -58622.1896, -59272.6454, -62687.5259]","[-2953452.8509, -2953791.1285, -2954441.5843, -2957856.4648]","[5.84, 4.746, 3.682, 5.316]","[[[2.1154, 0.0], [16.1064, 0.0], [7.9688, 0.0653], [9.682, -0.0653], [13.6794, -0.1305], [20.2466, 0.2611]], [[2.1154, 0.0], [16.1064, 0.0], [7.9688, 0.0653], [9.682, -0.0653], [11.9662, 0.0], [15.3926, 0.0]], [[2.1154, 0.0], [16.1064, 0.0], [7.9688, 0.0653], [9.682, -0.0653], [11.1096, -0.7833], [9.682, 0.3916]], [[2.1154, 0.0], [16.1064, 0.0], [7.9688, 0.0653], [9.682, -0.0653], [16.2492, 0.0], [14.536, 0.0]]]",0.8007,0.0,0.0,0.0,0.0,0.0,0.0,False,"[4, 4, 4]",0.0,0.0,0.0,3.6822,4.0,12.4612,2.9857,0.465,6.3699,4.6053,3.6822,"[[2.115, 0.0], [16.106, 0.0], [7.969, 0.065], [9.682, -0.065], [12.823, -0.065], [14.964, 0.131]]",ok,5.8404,0.0,0.0,0.0,0.0,0.0,0.0,0.0,0.0,0.0,f10cf1a409064743975d04dd496539e0,scene-0967,42
4.265,8.6036,11.8034,3.2635,5.4232,7.4558,0.0,0.0,0.0,0.0,0.0,0.0,0.0,0.0,0.0,ok,straight,4.1272,10.3511,12.6517,3.0505,5.3981,8.3902,False,"[-0.8486, -8.2899, -2.2846, -0.8486]","[-4048.6171, -13586.6927, -56149.8666, -71750.7389]","[-2058998.2717, -2068536.3473, -2111099.5213, -2126700.3936]","[7.251, 9.353, 9.54, 8.993]","[[[1.9727, 0.0653], [4.1141, 0.3264], [5.1135, 0.5222], [10.1103, 2.2193], [9.9675, 1.6971], [11.6807, 1.6971]], [[1.9727, 0.0653], [4.1141, 0.3264], [5.1135, 0.5222], [10.1103, 2.2193], [12.8228, 0.7833], [13.9649, -16.5798]], [[1.9727, 0.0653], [4.1141, 0.3264], [5.1135, 0.5222], [10.1103, 2.2193], [13.6794, 16.5798], [13.3939, 4.5692]], [[1.9727, 0.0653], [4.1141, 0.3264], [5.1135, 0.5222], [10.1103, 2.2193], [15.6781, 16.5798], [9.3964, 1.6971]]]",0.9067,0.0,0.0,0.0,0.0,0.0,0.0,False,"[4, 4, 4]",0.0,0.0,0.0,7.2512,4.0,4.1272,10.3511,11.8034,3.0505,5.3981,7.2512,"[[1.973, 0.065], [4.114, 0.326], [5.113, 0.522], [10.11, 2.219], [13.251, 9.138], [12.537, 1.697]]",ok,9.5399,0.0,0.0,0.0,0.0,0.0,0.0,0.0,0.0,0.0,aa298fdc84fb489a911a3f363d3beda9,scene-0968,42
4.2055,6.7585,10.9573,3.2269,4.6424,6.2021,0.0,0.0,0.0,0.0,0.0,0.0,0.0,0.0,0.0,ok,straight,3.9122,7.1951,8.7976,3.5812,5.333,6.464,False,"[-1.2402, -8.2899, -1.6971, -8.2899]","[-1547.8869, -12384.6185, -36557.5462, -61630.8441]","[-3147505.7932, -3158342.5247, -3182515.4524, -3207588.7503]","[6.663, 8.163, 6.295, 12.635]","[[[3.2576, 0.1305], [4.2569, 0.0653], [8.1116, 0.9791], [9.3964, 1.6971], [11.1096, 1.6971], [15.3926, 2.4804]], [[3.2576, 0.1305], [4.2569, 0.0653], [8.1116, 0.9791], [9.3964, 1.6971], [11.3952, 1.8277], [12.5373, 16.5798]], [[3.2576, 0.1305], [4.2569, 0.0653], [8.1116, 0.9791], [9.3964, 1.6971], [15.9636, 6.3969], [3.6858, -3.3943]], [[3.2576, 0.1305], [4.2569, 0.0653], [8.1116, 0.9791], [9.3964, 1.6971], [12.8228, -1.5666], [48.2285, -16.5798]]]",2.5218,0.0,0.0,0.0,0.0,0.0,0.0,False,"[4, 4, 4]",0.0,0.0,0.0,6.2954,4.0,3.9122,7.1951,2.3298,3.5812,5.333,6.2954,"[[3.258, 0.131], [4.257, 0.065], [8.112, 0.979], [9.396, 1.697], [12.109, 1.762], [13.965, -0.457]]",ok,12.6355,0.0,0.0,0.0,0.0,0.0,0.0,0.0,0.0,0.0,b00c8fb7cac14cf89498c16fdd460ec5,scene-0968,42
0.8285,1.6291,2.1381,0.623,1.0505,1.267,0.0,0.0,0.0,0.0,0.0,0.0,0.0,0.0,0.0,ok,straight,1.1138,1.4853,2.2807,0.837,1.121,1.6935,False,"[-0.1305, -0.5222, -0.1305, -0.1305]","[-56.6741, -1485.8256, -2361.1965, -2925.1739]","[-1000835.5211, -2002323.4493, -2003198.8202, -2003762.7976]","[1.314, 1.467, 1.89, 2.264]","[[[2.1154, 0.0], [4.2569, 0.0], [5.9701, -0.0653], [7.5405, -0.0653], [8.5399, -0.2611], [10.5386, -0.2611]], [[2.1154, 0.0], [4.2569, 0.0], [5.9701, -0.0653], [7.5405, -0.0653], [10.253, -0.1305], [7.3977, -1.0444]], [[2.1154, 0.0], [4.2569, 0.0], [5.9701, -0.0653], [7.5405, -0.0653], [11.1096, -2.3499], [10.8241, -0.2611]], [[2.1154, 0.0], [4.2569, 0.0], [5.9701, -0.0653], [7.5405, -0.0653], [12.8228, -0.2611], [11.9662, -0.2611]]]",0.372,0.0,0.0,0.0,0.0,0.0,0.0,False,"[4, 4, 4]",0.0,0.0,0.0,1.314,4.0,1.1138,1.4853,2.1381,0.837,1.121,1.314,"[[2.115, 0.0], [4.257, 0.0], [5.97, -0.065], [7.541, -0.065], [10.681, -0.261], [10.681, -0.261]]",ok,2.2642,0.0,0.0,0.0,0.0,0.0,0.0,0.0,0.0,0.0,2dbfc784e7b8463db1a273cd9b27b240,scene-0968,42
3.4368,5.7442,8.8845,2.4615,3.7447,5.1725,0.0,0.0,0.0,0.0,0.0,0.0,0.0,0.0,0.0,ok,straight,3.1512,8.3136,16.1657,2.3187,4.4227,6.8379,False,"[-0.0653, -0.1305, -0.4569, -0.0]","[-2306.3923, -5865.0092, -18554.649, -225507.4502]","[-2216408.2165, -2219966.8334, -2232656.4733, -2439609.2744]","[5.624, 6.53, 6.818, 15.86]","[[[1.6871, 0.0], [3.4003, 0.0], [4.9707, 0.0], [8.5399, -0.1305], [7.3977, -0.1305], [9.1109, -0.1305]], [[1.6871, 0.0], [3.4003, 0.0], [4.9707, 0.0], [8.5399, -0.1305], [7.3977, 0.2611], [14.536, -0.2611]], [[1.6871, 0.0], [3.4003, 0.0], [4.9707, 0.0], [8.5399, -0.1305], [5.399, 0.0], [18.2479, -0.9138]], [[1.6871, 0.0], [3.4003, 0.0], [4.9707, 0.0], [8.5399, -0.1305], [8.2543, -0.6527], [69.6432, 0.0]]]",4.1526,0.0,0.0,0.0,0.0,0.0,0.0,False,"[4, 4, 4]",0.0,0.0,0.0,5.6245,4.0,3.1512,8.3136,8.8845,2.3187,4.4227,5.6245,"[[1.687, 0.0], [3.4, 0.0], [4.971, 0.0], [8.54, -0.131], [7.398, -0.065], [16.392, -0.196]]",ok,15.8599,0.0,0.0,0.0,0.0,0.0,0.0,0.0,0.0,0.0,7f2bc98ed6dd4567aaf35b6d02f09621,scene-0968,42
1.9727,3.6521,3.2357,1.5444,2.3199,2.7459,0.0,0.0,0.0,0.0,0.0,0.0,0.0,0.0,0.0,ok,straight,2.2582,3.6521,5.0896,1.7585,2.3913,3.2452,False,"[-0.0, -0.0653, -0.1305, -0.0653]","[-115.1019, -156.7347, -1337.1228, -1829.6873]","[-527753.5643, -527755.0345, -1529093.1014, -1529585.6659]","[3.602, 2.793, 2.891, 4.268]","[[[1.2588, 0.0], [2.2582, 0.0], [2.401, 0.0], [3.9714, 0.0], [6.2556, -0.1305], [9.3964, 0.0]], [[1.2588, 0.0], [2.2582, 0.0], [2.401, 0.0], [3.9714, 0.0], [5.1135, 0.0], [5.6846, -0.1305]], [[1.2588, 0.0], [2.2582, 0.0], [2.401, 0.0], [3.9714, 0.0], [6.8267, 0.0], [4.5424, 0.2611]], [[1.2588, 0.0], [2.2582, 0.0], [2.401, 0.0], [3.9714, 0.0], [5.6846, 0.0], [13.9649, -0.1305]]]",0.5961,0.0,0.0,0.0,0.0,0.0,0.0,True,"[4, 4, 4]",0.0,0.0,0.0,2.7935,4.0,2.2582,3.6521,3.2357,1.7585,2.3913,2.7935,"[[1.259, 0.0], [2.258, 0.0], [2.401, 0.0], [3.971, 0.0], [5.97, 0.0], [7.541, -0.065]]",ok,4.2684,0.0,0.0,0.0,0.0,0.0,0.0,0.0,0.0,0.0,923b34d42c5048c0a4db75c65de52f3c,scene-0969,42
2.4399,6.923,9.5778,1.9637,3.7034,5.5284,0.0,0.0,1.0,0.0,0.0,1.0,0.0,0.0,0.16666666666666666,ok,straight,2.5827,6.0646,11.1447,2.1065,3.5596,5.5988,False,"[-0.1305, -0.2611, -0.0, -0.5875]","[-163.3846, -377.3965, -455.781, -10736.7342]","[-334020.6603, -334021.3057, -1334477.5791, -1344758.5324]","[5.433, 5.291, 5.629, 9.862]","[[[2.972, 0.0], [5.2563, 0.0], [7.9688, 0.0], [11.3952, 0.0], [15.3926, -0.1305], [17.3913, -0.2611]], [[2.972, 0.0], [5.2563, 0.0], [7.9688, 0.0], [11.3952, 0.0], [13.6794, -0.2611], [18.2479, 0.5222]], [[2.972, 0.0], [5.2563, 0.0], [7.9688, 0.0], [11.3952, 0.0], [14.2505, -0.7833], [19.6755, 0.0]], [[2.972, 0.0], [5.2563, 0.0], [7.9688, 0.0], [11.3952, 0.0], [18.5334, 0.5222], [40.8047, -1.1749]]]",1.914,0.0,0.0,1.0,0.0,0.0,1.0,True,"[4, 3, 4]",0.0,0.0,0.16666666666666666,5.2915,4.0,2.5827,6.0646,10.44,2.1065,3.5596,5.2915,"[[2.972, 0.0], [5.256, 0.0], [7.969, 0.0], [11.395, 0.0], [14.822, -0.196], [18.962, -0.131]]",ok,9.8625,0.0,0.0,0.0,0.0,0.0,0.0,0.0,0.0,0.0,5e6c874d0a034ab88e2da0e9eab75c87,scene-0969,42
4.2039,7.4885,9.3782,3.0428,4.7922,6.0086,0.0,1.0,0.0,0.0,1.0,1.0,0.0,0.5,0.5,ok,straight,4.3485,10.4865,10.2415,3.9006,6.2918,7.1528,False,"[-0.2611, -0.0653, -0.0653, -0.0653]","[-1612.8772, -4833.1882, -5773.0985, -16236.5744]","[-2601278.786, -2604499.0969, -2605439.0072, -2615902.4832]","[8.153, 7.39, 5.812, 6.588]","[[[3.5431, -0.0653], [4.6852, -0.1305], [7.826, -0.1305], [12.3945, -0.1305], [16.2492, 0.5222], [14.8215, -0.5222]], [[3.5431, -0.0653], [4.6852, -0.1305], [7.826, -0.1305], [12.3945, -0.1305], [11.1096, -0.1305], [15.3926, -0.1305]], [[3.5431, -0.0653], [4.6852, -0.1305], [7.826, -0.1305], [12.3945, -0.1305], [9.9675, -3.0026], [6.5412, -0.1305]], [[3.5431, -0.0653], [4.6852, -0.1305], [7.826, -0.1305], [12.3945, -0.1305], [7.3977, 0.0], [14.2505, 0.1305]]]",0.875,0.0,1.0,0.0,0.0,1.0,1.0,False,"[4, 4, 4]",0.0,0.5,0.5,5.812,4.0,4.3485,10.4865,2.3297,3.9006,6.2918,5.812,"[[3.543, -0.065], [4.685, -0.131], [7.826, -0.131], [12.395, -0.131], [10.539, -0.065], [14.536, -0.131]]",ok,8.1533,0.0,1.0,0.0,0.0,1.0,1.0,0.0,0.5,0.5,588dd5faaf2a4697b35195f46196cb8b,scene-0969,42
3.054,6.4061,8.5813,2.506,4.122,5.7065,0.0,0.0,0.0,0.0,0.0,0.0,0.0,0.0,0.0,ok,straight,5.194,7.6807,34.9633,3.7187,5.1168,11.1226,False,"[-0.0653, -0.1305, -0.1305, -0.2611]","[-819.0484, -2529.7516, -90940.7641, -114977.612]","[-1581771.2759, -2584303.1774, -2672714.1899, -2696751.0378]","[6.37, 7.315, 15.308, 14.932]","[[[3.9714, 0.0], [8.6826, 0.0], [10.8241, -0.0653], [14.9643, -0.0653], [18.2479, -0.1305], [19.39, -0.1305]], [[3.9714, 0.0], [8.6826, 0.0], [10.8241, -0.0653], [14.9643, -0.0653], [21.3887, -0.1305], [21.9598, 0.2611]], [[3.9714, 0.0], [8.6826, 0.0], [10.8241, -0.0653], [14.9643, -0.0653], [21.6742, 0.0], [69.6432, -0.2611]], [[3.9714, 0.0], [8.6826, 0.0], [10.8241, -0.0653], [14.9643, -0.0653], [19.39, -0.2611], [69.6432, -0.5222]]]",4.1545,0.0,0.0,0.0,0.0,0.0,0.0,False,"[4, 4, 4]",0.0,0.0,0.0,6.3697,4.0,5.194,7.6807,8.5813,3.7187,5.1168,6.3697,"[[3.971, 0.0], [8.683, 0.0], [10.824, -0.065], [14.964, -0.065], [20.389, -0.131], [45.801, -0.196]]",ok,15.3081,0.0,0.0,0.0,0.0,0.0,0.0,0.0,0.0,0.0,ace2c4ce1a524b1f956d379baf10b82d,scene-0969,42
1.6605,2.2779,3.2511,1.2252,1.8125,2.3644,0.0,0.0,0.0,0.0,0.0,0.0,0.0,0.0,0.0,ok,straight,1.6605,2.1354,10.1917,1.2252,2.4188,4.2023,False,"[-0.3264, -8.2899, -0.0653, -8.2899]","[-6263.0165, -14354.7653, -20682.0444, -30364.3512]","[-2246149.2107, -2254240.9595, -2260568.2387, -2270250.5454]","[2.857, 5.839, 3.07, 5.166]","[[[0.8306, 0.0], [1.6871, 0.0], [5.1135, 0.1305], [2.401, 0.1305], [5.1135, 0.6527], [5.1135, 0.6527]], [[0.8306, 0.0], [1.6871, 0.0], [5.1135, 0.1305], [2.401, 0.1305], [7.3977, 2.8721], [9.3964, 16.5798]], [[0.8306, 0.0], [1.6871, 0.0], [5.1135, 0.1305], [2.401, 0.1305], [7.9688, -3.5248], [2.8293, 0.1305]], [[0.8306, 0.0], [1.6871, 0.0], [5.1135, 0.1305], [2.401, 0.1305], [-0.026, 0.0], [13.6794, 16.5798]]]",1.2938,0.0,0.0,1.0,0.0,0.0,1.0,False,"[3, 4, 4]",0.0,0.0,0.16666666666666666,2.8568,4.0,1.6605,2.1354,3.2178,1.2252,2.4188,2.8568,"[[0.831, 0.0], [1.687, 0.0], [5.114, 0.131], [2.401, 0.131], [6.256, 0.326], [7.255, 8.616]]",ok,5.8386,0.0,0.0,0.0,0.0,0.0,0.0,0.0,0.0,0.0,45c4bd03ee6f4a369dd42abf08dc3957,scene-0971,42
0.4127,0.8306,1.1512,0.2572,0.3709,0.5379,0.0,0.0,0.0,0.0,0.0,0.0,0.0,0.0,0.0,ok,right,0.4187,0.2377,1.6774,0.3905,0.4537,0.7425,False,"[3.9165, 2.7415, 3.329, 2.611]","[-457.7466, -374.064, -65407.0709, -1296609.3529]","[-1026135.8252, -1026138.0895, -2091544.9901, -3322747.2721]","[1.201, 0.498, 4.721, 11.021]","[[[2.401, -0.1305], [4.2569, -0.4569], [6.2556, -2.3499], [7.826, -3.0026], [7.9688, -4.9609], [9.1109, -7.833]], [[2.401, -0.1305], [4.2569, -0.4569], [6.2556, -2.3499], [7.826, -3.0026], [9.9675, -4.5692], [11.1096, -5.4831]], [[2.401, -0.1305], [4.2569, -0.4569], [6.2556, -2.3499], [7.826, -3.0026], [3.4003, -0.7833], [31.0967, -6.658]], [[2.401, -0.1305], [4.2569, -0.4569], [6.2556, -2.3499], [7.826, -3.0026], [69.6432, -2.2193], [7.3977, -5.222]]]",4.165,0.0,0.0,0.0,0.0,0.0,0.0,True,"[4, 4, 4]",0.0,0.0,0.0,0.498,4.0,0.4187,0.2377,0.5804,0.3905,0.4537,0.498,"[[2.401, -0.131], [4.257, -0.457], [6.256, -2.35], [7.826, -3.003], [8.968, -3.394], [10.11, -6.071]]",ok,11.0207,0.0,0.0,0.0,0.0,0.0,0.0,0.0,0.0,0.0,a8b576261b39410bb5105d3646fbb544,scene-0971,42
0.2446,0.5941,1.7519,0.1346,0.3216,0.633,0.0,0.0,0.0,0.0,0.0,0.0,0.0,0.0,0.0,ok,straight,0.1257,0.5256,0.7866,0.0751,0.5502,0.7388,False,"[-0.0653, -0.0653, -0.0653, -0.0653]","[-816.4054, -764.3644, -1454.9737, -957491.8415]","[-1053670.9167, -2054435.8589, -2055126.4683, -3011163.336]","[0.785, 1.495, 1.065, 9.858]","[[[3.1148, 0.0], [6.3984, 0.0], [10.9669, -0.1305], [12.9656, -0.0653], [16.2492, -0.1305], [17.3913, -0.1305]], [[3.1148, 0.0], [6.3984, 0.0], [10.9669, -0.1305], [12.9656, -0.0653], [14.8215, -0.1305], [13.3939, -0.1305]], [[3.1148, 0.0], [6.3984, 0.0], [10.9669, -0.1305], [12.9656, -0.0653], [17.9623, 0.2611], [20.8176, -0.1305]], [[3.1148, 0.0], [6.3984, 0.0], [10.9669, -0.1305], [12.9656, -0.0653], [69.6432, -0.2611], [21.9598, -0.1305]]]",3.7943,0.0,0.0,0.0,0.0,0.0,0.0,True,"[4, 4, 4]",0.0,0.0,0.0,0.7854,4.0,0.1257,0.5256,1.7519,0.0751,0.5502,0.7854,"[[3.115, 0.0], [6.398, 0.0], [10.967, -0.131], [12.966, -0.065], [17.106, -0.131], [19.104, -0.131]]",ok,9.8582,0.0,0.0,0.0,0.0,0.0,0.0,0.0,0.0,0.0,05e5176b77bb44ed85e6df6ad3aba980,scene-0971,42
1.9869,3.355,4.3874,1.4812,2.1386,2.8028,0.0,0.0,0.0,0.0,0.0,0.0,0.0,0.0,0.0,ok,straight,1.9904,4.9369,3.4264,1.5543,3.1762,3.5945,False,"[-0.0, -0.1958, -0.3916, -0.0653]","[-459.3086, -1450.3377, -14512.7055, -24156.9313]","[-503479.3359, -1504931.7521, -1517994.12, -1527638.3457]","[3.495, 3.603, 4.068, 4.588]","[[[3.8286, 0.0], [7.9688, -0.2611], [13.5366, 0.0], [16.6775, 0.1958], [18.8189, 0.0], [21.9598, 0.0]], [[3.8286, 0.0], [7.9688, -0.2611], [13.5366, 0.0], [16.6775, 0.1958], [20.8176, -0.1305], [20.5321, 0.3916]], [[3.8286, 0.0], [7.9688, -0.2611], [13.5366, 0.0], [16.6775, 0.1958], [19.9611, -6.2664], [21.3887, 0.7833]], [[3.8286, 0.0], [7.9688, -0.2611], [13.5366, 0.0], [16.6775, 0.1958], [27.3848, 0.2611], [19.9611, -0.1305]]]",0.4326,0.0,0.0,0.0,0.0,0.0,0.0,False,"[4, 4, 4]",0.0,0.0,0.0,3.4946,4.0,1.9904,4.9369,4.3874,1.5543,3.1762,3.4946,"[[3.829, 0.0], [7.969, -0.261], [13.537, 0.0], [16.677, 0.196], [20.389, -0.065], [20.96, 0.196]]",ok,4.5884,0.0,0.0,0.0,0.0,0.0,0.0,0.0,0.0,0.0,ce0a66937ec741af9defc0fcde1134d5,scene-0971,42
1.6997,2.8045,4.6503,1.1968,1.6609,2.6041,0.0,0.0,0.0,0.0,0.0,0.0,0.0,0.0,0.0,ok,straight,2.557,4.9476,6.4146,1.6255,2.3043,3.3493,False,"[-0.718, -0.3916, -1.2402, -0.5222]","[-4532.5393, -5007.555, -12493.0974, -29454.7445]","[-2404288.5318, -2404763.5475, -2412249.0899, -2429210.737]","[2.886, 3.033, 5.009, 3.163]","[[[3.1148, 0.0], [7.3977, 0.0653], [8.1116, 0.1305], [14.1077, 0.5222], [16.2492, -0.1305], [15.3926, 1.436]], [[3.1148, 0.0], [7.3977, 0.0653], [8.1116, 0.1305], [14.1077, 0.5222], [15.3926, 0.3916], [17.3913, 0.7833]], [[3.1148, 0.0], [7.3977, 0.0653], [8.1116, 0.1305], [14.1077, 0.5222], [15.6781, 0.6527], [28.8125, 2.4804]], [[3.1148, 0.0], [7.3977, 0.0653], [8.1116, 0.1305], [14.1077, 0.5222], [9.3964, 0.0], [20.8176, 1.0444]]]",0.8637,0.0,0.0,0.0,0.0,0.0,0.0,False,"[4, 4, 4]",0.0,0.0,0.0,2.8861,4.0,2.557,4.9476,2.9183,1.6255,2.3043,2.8861,"[[3.115, 0.0], [7.398, 0.065], [8.112, 0.131], [14.108, 0.522], [15.535, 0.196], [19.104, 1.24]]",ok,5.0091,0.0,0.0,0.0,0.0,0.0,0.0,0.0,0.0,0.0,e80bfd61023745b0a97caae3ff4a1727,scene-0972,42
0.9014,3.1125,5.0335,0.6838,1.7773,2.8036,0.0,0.0,0.0,0.0,0.0,0.0,0.0,0.0,0.0,ok,straight,0.9014,2.3988,4.3202,0.6838,1.493,2.2101,True,"[-0.1305, -0.2611, -0.1305, -0.0]","[-507.1496, -1107.0315, -1864.4592, -1981.0791]","[-751605.6861, -1752714.1515, -1753471.5792, -1753588.1991]","[2.614, 2.395, 2.19, 1.361]","[[[1.6871, 0.0], [3.6858, 0.0], [4.9707, 0.0653], [7.255, -0.1305], [7.3977, -0.2611], [9.1109, -0.2611]], [[1.6871, 0.0], [3.6858, 0.0], [4.9707, 0.0653], [7.255, -0.1305], [7.3977, -1.3055], [10.5386, -0.5222]], [[1.6871, 0.0], [3.6858, 0.0], [4.9707, 0.0653], [7.255, -0.1305], [10.8241, 0.0], [8.2543, -0.2611]], [[1.6871, 0.0], [3.6858, 0.0], [4.9707, 0.0653], [7.255, -0.1305], [12.5373, 0.0], [12.5373, 0.0]]]",0.4739,0.0,0.0,0.0,0.0,0.0,0.0,True,"[4, 4, 4]",0.0,0.0,0.0,1.3615,4.0,0.9014,2.3988,1.6627,0.6838,1.493,1.3615,"[[1.687, 0.0], [3.686, 0.0], [4.971, 0.065], [7.255, -0.131], [9.111, -0.131], [9.825, -0.261]]",ok,2.614,0.0,0.0,0.0,0.0,0.0,0.0,0.0,0.0,0.0,d6ff96145885480eae142252fffa6c66,scene-0972,42
2.3535,3.5719,5.1326,1.6445,2.576,3.3448,0.0,0.0,0.0,0.0,0.0,0.0,0.0,0.0,0.0,ok,straight,1.6422,0.8771,6.8392,4.9887,5.1216,5.3719,False,"[-1.2402, -3.1985, -1.6319, -8.2899]","[-85025.0094, -92318.6836, -96484.1304, -116070.8912]","[-2800535.2349, -2807828.9091, -2811994.3558, -2831581.1166]","[5.042, 5.857, 6.489, 7.481]","[[[2.8293, 8.3552], [5.8273, 0.4569], [8.5399, 9.9218], [13.8222, 1.6319], [13.1083, 2.4804], [15.9636, 2.4804]], [[2.8293, 8.3552], [5.8273, 0.4569], [8.5399, 9.9218], [13.8222, 1.6319], [11.3952, 4.1776], [15.9636, 6.3969]], [[2.8293, 8.3552], [5.8273, 0.4569], [8.5399, 9.9218], [13.8222, 1.6319], [13.3939, 6.2664], [9.3964, 3.2637]], [[2.8293, 8.3552], [5.8273, 0.4569], [8.5399, 9.9218], [13.8222, 1.6319], [14.2505, -5.7442], [15.107, 16.5798]]]",0.892,0.0,0.0,0.0,0.0,0.0,0.0,False,"[4, 4, 4]",0.0,0.0,0.0,5.0418,4.0,1.6422,0.8771,5.1326,4.9887,5.1216,5.0418,"[[2.829, 8.355], [5.827, 0.457], [8.54, 9.922], [13.822, 1.632], [13.251, 3.329], [15.535, 4.83]]",ok,7.4811,0.0,0.0,0.0,0.0,0.0,0.0,0.0,0.0,0.0,c1682fd7aaea47189d8820dd0abe8a32,scene-0972,42
0.8211,1.6163,1.1368,0.5645,1.0704,1.1595,0.0,0.0,0.0,0.0,0.0,0.0,0.0,0.0,0.0,ok,straight,0.9554,1.6163,1.6016,0.6316,0.9634,1.1358,True,"[-0.1305, -0.1958, -0.2611, -0.1305]","[-75.4492, -471.2588, -1637.6506, -3128.2275]","[-1552290.2275, -1552291.7669, -2553929.8376, -2555420.4146]","[1.088, 1.418, 3.06, 1.058]","[[[3.4003, 0.0], [6.3984, -0.0653], [9.9675, -0.0653], [12.8228, -0.1305], [16.2492, -0.1305], [19.9611, -0.2611]], [[3.4003, 0.0], [6.3984, -0.0653], [9.9675, -0.0653], [12.8228, -0.1305], [18.5334, 0.1305], [24.8151, -0.3916]], [[3.4003, 0.0], [6.3984, -0.0653], [9.9675, -0.0653], [12.8228, -0.1305], [20.2466, -0.1305], [33.0954, -0.5222]], [[3.4003, 0.0], [6.3984, -0.0653], [9.9675, -0.0653], [12.8228, -0.1305], [19.6755, -0.2611], [20.5321, -0.2611]]]",0.8228,0.0,0.0,0.0,0.0,0.0,0.0,False,"[4, 4, 4]",0.0,0.0,0.0,1.0584,4.0,0.9554,1.6163,0.585,0.6316,0.9634,1.0584,"[[3.4, 0.0], [6.398, -0.065], [9.968, -0.065], [12.823, -0.131], [19.104, -0.131], [22.674, -0.326]]",ok,3.0603,0.0,0.0,0.0,0.0,0.0,0.0,0.0,0.0,0.0,82c379e1de1245e4b18822e277d2a0eb,scene-0972,42
2.2539,3.5006,6.1795,1.5611,2.2667,3.6358,0.0,0.0,0.0,0.0,0.0,0.0,0.0,0.0,0.0,ok,straight,2.1111,5.6413,10.0339,1.5611,2.9805,4.8016,False,"[-0.0653, -0.1305, -0.0653, -0.0]","[-216.9773, -925.3958, -2344.525, -31856.199]","[-250146.8079, -1251072.8511, -1252491.9803, -1282003.6544]","[4.112, 5.124, 5.111, 4.207]","[[[3.2576, 0.0], [6.3984, 0.0], [9.2537, -0.0653], [13.2511, -0.1305], [15.3926, -0.1305], [15.9636, -0.1305]], [[3.2576, 0.0], [6.3984, 0.0], [9.2537, -0.0653], [13.2511, -0.1305], [15.9636, 1.0444], [21.3887, -0.2611]], [[3.2576, 0.0], [6.3984, 0.0], [9.2537, -0.0653], [13.2511, -0.1305], [19.1045, -0.2611], [18.2479, -0.1305]], [[3.2576, 0.0], [6.3984, 0.0], [9.2537, -0.0653], [13.2511, -0.1305], [7.3977, -0.1305], [21.6742, 0.0]]]",0.4805,0.0,0.0,0.0,0.0,0.0,0.0,True,"[4, 4, 4]",0.0,0.0,0.0,4.1117,4.0,2.1111,5.6413,6.1795,1.5611,2.9805,4.1117,"[[3.258, 0.0], [6.398, 0.0], [9.254, -0.065], [13.251, -0.131], [15.678, -0.131], [19.818, -0.131]]",ok,5.1245,0.0,0.0,0.0,0.0,0.0,0.0,0.0,0.0,0.0,cb4504edb87a40d4b650cd5860f6c3b7,scene-1059,42
3.6607,6.4419,9.687,2.8038,4.3117,5.6442,0.0,0.0,0.0,0.0,0.0,0.0,0.0,0.0,0.0,ok,straight,3.5341,9.9415,7.9694,2.6693,5.376,6.1579,False,"[-0.9791, -2.0888, -1.8277, -8.2899]","[-365.5212, -2674.3354, -4673.4885, -163643.4559]","[-1007855.28, -2010531.02, -2012530.173, -2171500.1404]","[7.848, 5.604, 6.117, 9.632]","[[[2.972, -0.1305], [5.8273, -0.5222], [9.5392, -1.0444], [14.6787, -1.2402], [18.8189, -2.4804], [21.3887, -1.9582]], [[2.972, -0.1305], [5.8273, -0.5222], [9.5392, -1.0444], [14.6787, -1.2402], [13.9649, -0.7833], [11.1096, -4.1776]], [[2.972, -0.1305], [5.8273, -0.5222], [9.5392, -1.0444], [14.6787, -1.2402], [13.1083, -2.4804], [15.9636, -3.6554]], [[2.972, -0.1305], [5.8273, -0.5222], [9.5392, -1.0444], [14.6787, -1.2402], [13.3939, -16.5798], [15.9636, 16.5798]]]",1.5824,0.0,0.0,0.0,0.0,0.0,0.0,False,"[4, 4, 4]",0.0,0.0,0.0,5.6038,4.0,3.5341,9.9415,4.6797,2.6693,5.376,5.6038,"[[2.972, -0.131], [5.827, -0.522], [9.539, -1.044], [14.679, -1.24], [13.679, -2.48], [15.964, -2.807]]",ok,9.6322,0.0,0.0,0.0,0.0,0.0,0.0,0.0,0.0,0.0,b4b81cfd5d734881ad386e5c2b00ed4a,scene-1059,42
2.7506,6.7278,10.1313,2.0587,3.9236,5.8427,0.0,0.0,1.0,0.0,0.0,1.0,0.0,0.0,0.3333333333333333,ok,straight,2.6212,7.8677,12.8315,2.3556,4.5098,5.9843,False,"[-2.7415, -3.7207, -4.1776, -3.6554]","[-2493.4869, -7411.0469, -48039.6713, -194778.9219]","[-2854632.23, -2859549.79, -2900178.4145, -3046917.6651]","[6.233, 6.148, 5.499, 8.857]","[[[2.6865, -0.2611], [3.8286, -0.5875], [7.1122, -1.3055], [8.5399, -4.8956], [10.5386, -4.5692], [11.1096, -5.4831]], [[2.6865, -0.2611], [3.8286, -0.5875], [7.1122, -1.3055], [8.5399, -4.8956], [7.1122, -3.9165], [13.1083, -7.4413]], [[2.6865, -0.2611], [3.8286, -0.5875], [7.1122, -1.3055], [8.5399, -4.8956], [0.8306, 0.0], [13.1083, -8.3552]], [[2.6865, -0.2611], [3.8286, -0.5875], [7.1122, -1.3055], [8.5399, -4.8956], [7.1122, 16.5798], [18.5334, -7.3108]]]",1.2862,0.0,1.0,0.0,0.0,1.0,1.0,False,"[4, 4, 4]",0.0,0.25,0.16666666666666666,5.4992,4.0,2.6212,7.8677,13.3967,2.3556,4.5098,5.4992,"[[2.686, -0.261], [3.829, -0.587], [7.112, -1.305], [8.54, -4.896], [7.112, -1.958], [13.108, -7.376]]",ok,8.8572,0.0,0.0,0.0,0.0,0.0,0.0,0.0,0.0,0.0,913104aa7a4f4917a651fdc062c7fc30,scene-1059,42
2.6596,2.9175,2.9145,2.0237,2.4873,2.5626,0.0,0.0,0.0,0.0,0.0,0.0,0.0,0.0,0.0,ok,straight,1.5177,3.7827,2.7403,1.4527,2.9552,3.043,False,"[-2.1541, -0.4569, -2.8068, -8.2899]","[-2658.5867, -5869.5782, -6373.9958, -436340.5571]","[-2703596.1535, -2706807.145, -2707311.5625, -3137278.1239]","[2.784, 2.955, 3.774, 12.026]","[[[2.8293, -0.1305], [4.828, -0.2611], [10.6813, -0.7833], [11.9662, -1.3055], [13.1083, -2.0888], [16.2492, -4.3081]], [[2.8293, -0.1305], [4.828, -0.2611], [10.6813, -0.7833], [11.9662, -1.3055], [8.5399, -0.6527], [11.6807, -0.9138]], [[2.8293, -0.1305], [4.828, -0.2611], [10.6813, -0.7833], [11.9662, -1.3055], [16.8202, -0.5222], [18.2479, -5.6136]], [[2.8293, -0.1305], [4.828, -0.2611], [10.6813, -0.7833], [11.9662, -1.3055], [45.9443, -16.5798], [27.3848, 16.5798]]]",3.8524,0.0,0.0,0.0,0.0,0.0,0.0,False,"[4, 4, 4]",0.0,0.0,0.0,2.7842,4.0,1.5177,3.7827,2.9145,1.4527,2.9552,2.7842,"[[2.829, -0.131], [4.828, -0.261], [10.681, -0.783], [11.966, -1.305], [14.964, -1.371], [17.249, -2.611]]",ok,12.0256,0.0,0.0,0.0,0.0,0.0,0.0,0.0,0.0,0.0,e0c4e822835f4a2e925dec94a835d5ab,scene-1059,42
2.2786,4.9504,5.5295,1.6974,3.0175,3.6334,0.0,0.0,0.0,0.0,0.0,0.0,0.0,0.0,0.0,ok,straight,1.9926,4.3741,6.9608,1.4831,2.3382,3.8694,False,"[-0.0653, -0.4569, -0.1958, -7.2455]","[-1013.0356, -7115.4949, -51015.2593, -52506.5235]","[-1023879.6506, -2030996.9026, -2074896.667, -2076387.9312]","[3.18, 3.292, 5.845, 6.187]","[[[3.2576, 0.0], [6.2556, -0.0653], [10.253, 0.0], [11.6807, 0.0], [15.3926, 0.1305], [17.3913, 0.1305]], [[3.2576, 0.0], [6.2556, -0.0653], [10.253, 0.0], [11.6807, 0.0], [17.6768, -0.6527], [14.536, 0.9138]], [[3.2576, 0.0], [6.2556, -0.0653], [10.253, 0.0], [11.6807, 0.0], [8.8254, -11.88], [13.1083, 0.3916]], [[3.2576, 0.0], [6.2556, -0.0653], [10.253, 0.0], [11.6807, 0.0], [9.9675, 1.436], [33.6665, -14.491]]]",1.3956,0.0,0.0,0.0,0.0,0.0,0.0,True,"[4, 4, 4]",0.0,0.0,0.0,3.1805,4.0,1.9926,4.3741,5.5295,1.4831,2.3382,3.1805,"[[3.258, 0.0], [6.256, -0.065], [10.253, 0.0], [11.681, 0.0], [12.68, -0.261], [15.964, 0.261]]",ok,6.1869,0.0,0.0,0.0,0.0,0.0,0.0,0.0,0.0,0.0,e74b8ce0b1824e0c8167f2534d8d4f7d,scene-1060,42
0.4037,1.0893,2.5541,0.3695,0.6858,1.3589,0.0,0.0,0.0,0.0,0.0,0.0,0.0,0.0,0.0,ok,straight,0.7832,1.0904,3.2912,0.6278,1.0422,1.7099,False,"[-0.718, -0.1305, -0.7833, -0.3264]","[-530.3682, -2988.5112, -42418.1136, -419570.2626]","[-763203.0112, -1766191.3386, -1805620.9409, -2182773.09]","[1.609, 1.586, 3.215, 11.173]","[[[3.8286, 0.0], [6.8267, -0.1305], [9.9675, 0.0], [16.1064, 0.0653], [21.9598, 0.0], [26.8138, 1.436]], [[3.8286, 0.0], [6.8267, -0.1305], [9.9675, 0.0], [16.1064, 0.0653], [17.3913, 0.2611], [21.9598, 0.2611]], [[3.8286, 0.0], [6.8267, -0.1305], [9.9675, 0.0], [16.1064, 0.0653], [17.6768, -9.9218], [27.3848, 1.5666]], [[3.8286, 0.0], [6.8267, -0.1305], [9.9675, 0.0], [16.1064, 0.0653], [2.8293, 0.0], [69.6432, 0.6527]]]",3.9684,0.0,0.0,0.0,0.0,0.0,0.0,False,"[4, 4, 4]",0.0,0.0,0.0,1.5864,4.0,0.7832,1.0904,2.5541,0.6278,1.0422,1.5864,"[[3.829, 0.0], [6.827, -0.131], [9.968, 0.0], [16.106, 0.065], [17.534, 0.0], [27.099, 1.044]]",ok,11.1735,0.0,0.0,0.0,0.0,0.0,0.0,0.0,0.0,0.0,2b92bd1ee0d042fc982e0f2d9e118fb2,scene-1060,42
1.3782,3.7962,6.9652,1.1035,2.3503,3.5518,0.0,0.0,0.0,0.0,0.0,0.0,0.0,0.0,0.0,ok,right,1.0752,4.4717,6.3789,0.952,2.7059,3.6759,False,"[2.6763, 2.0235, 3.3943, 0.3916]","[-1540.9737, -2408.9425, -4218.727, -47716.7536]","[-1873770.4112, -1874638.3799, -1876448.1645, -1919946.1911]","[3.813, 3.455, 3.225, 4.952]","[[[3.1148, -0.1305], [6.8267, -0.7833], [7.5405, -0.9791], [11.6807, -1.9582], [15.107, -3.6554], [17.3913, -5.3525]], [[3.1148, -0.1305], [6.8267, -0.7833], [7.5405, -0.9791], [11.6807, -1.9582], [14.536, -3.3943], [21.3887, -4.047]], [[3.1148, -0.1305], [6.8267, -0.7833], [7.5405, -0.9791], [11.6807, -1.9582], [18.2479, -2.3499], [18.8189, -6.7886]], [[3.1148, -0.1305], [6.8267, -0.7833], [7.5405, -0.9791], [11.6807, -1.9582], [15.6781, -13.8383], [17.6768, -0.7833]]]",0.6637,0.0,0.0,0.0,0.0,0.0,0.0,False,"[3, 4, 4]",0.0,0.0,0.0,3.2246,4.0,1.0752,4.4717,5.2921,0.952,2.7059,3.2246,"[[3.115, -0.131], [6.827, -0.783], [7.541, -0.979], [11.681, -1.958], [15.393, -3.525], [18.248, -4.7]]",ok,4.9517,0.0,0.0,0.0,0.0,0.0,0.0,0.0,0.0,0.0,15f61a56df7a4ecab63dda6cff25e7a0,scene-1060,42
3.4665,6.6796,10.2514,2.4443,4.0041,5.8808,0.0,0.0,0.0,0.0,0.0,0.0,0.0,0.0,0.0,ok,straight,3.6079,5.2521,9.8231,2.5864,4.2893,4.6209,True,"[-0.1305, -0.0653, -0.1305, -0.3916]","[-3633.8567, -7155.1982, -26552.2482, -869429.5158]","[-1755620.8041, -1759142.1456, -1778539.1955, -2621416.4632]","[6.404, 4.653, 4.684, 12.584]","[[[3.8286, 0.0], [7.255, -0.0653], [9.682, -0.1958], [16.8202, -0.1305], [18.8189, -0.1305], [21.3887, -0.2611]], [[3.8286, 0.0], [7.255, -0.0653], [9.682, -0.1958], [16.8202, -0.1305], [22.8163, -0.1305], [39.3771, -0.1305]], [[3.8286, 0.0], [7.255, -0.0653], [9.682, -0.1958], [16.8202, -0.1305], [31.3822, -0.1305], [26.2427, -0.2611]], [[3.8286, 0.0], [7.255, -0.0653], [9.682, -0.1958], [16.8202, -0.1305], [69.6432, -0.5222], [17.1058, -0.7833]]]",3.2553,0.0,0.0,0.0,0.0,0.0,0.0,False,"[4, 4, 4]",0.0,0.0,0.0,4.653,4.0,3.6079,5.2521,5.7409,2.5864,4.2893,4.653,"[[3.829, 0.0], [7.255, -0.065], [9.682, -0.196], [16.82, -0.131], [27.099, -0.131], [23.816, -0.261]]",ok,12.5844,0.0,0.0,0.0,0.0,0.0,0.0,0.0,0.0,0.0,463599ceb9a1454a90b192c29878a5f4,scene-1060,42
1.3845,2.1973,1.0081,1.0977,1.4651,1.3575,0.0,0.0,0.0,0.0,0.0,0.0,0.0,0.0,0.0,ok,straight,2.0975,2.5938,0.7545,1.5254,1.7753,1.6484,False,"[-0.1305, -0.1305, -5.8095, -0.2611]","[-611.6249, -840.6004, -7570.0664, -8316.5766]","[-503292.2674, -503292.3306, -1510863.9575, -1511610.4678]","[1.92, 1.564, 3.198, 5.48]","[[[3.2576, 0.0], [7.255, -0.1305], [9.3964, -0.1958], [13.5366, -0.2611], [17.1058, -0.3916], [18.5334, 0.2611]], [[3.2576, 0.0], [7.255, -0.1305], [9.3964, -0.1958], [13.5366, -0.2611], [15.3926, -0.2611], [17.3913, -0.2611]], [[3.2576, 0.0], [7.255, -0.1305], [9.3964, -0.1958], [13.5366, -0.2611], [13.3939, -0.3916], [14.2505, -11.6189]], [[3.2576, 0.0], [7.255, -0.1305], [9.3964, -0.1958], [13.5366, -0.2611], [19.39, -0.5222], [38.5205, -0.5222]]]",1.5337,0.0,0.0,0.0,0.0,0.0,0.0,True,"[4, 4, 4]",0.0,0.0,0.0,1.5643,4.0,2.0975,2.5938,1.0081,1.5254,1.7753,1.5643,"[[3.258, 0.0], [7.255, -0.131], [9.396, -0.196], [13.537, -0.261], [16.249, -0.392], [17.962, -0.392]]",ok,5.4799,0.0,0.0,0.0,0.0,0.0,0.0,0.0,0.0,0.0,79f6489272c24d3ebc5e225ce6ff2aea,scene-1061,42
0.257,0.6182,2.185,0.2998,0.354,0.8939,0.0,0.0,0.0,0.0,0.0,0.0,0.0,0.0,0.0,ok,straight,0.5422,1.1378,4.0494,0.5851,0.9118,1.3652,False,"[-0.1305, -0.1305, -0.3916, -0.3264]","[-409.94, -780.6617, -6345.8683, -188448.4998]","[1.5834, 1.5788, -1006345.8683, -1188448.4998]","[1.219, 1.266, 2.46, 5.299]","[[[3.9714, 0.0], [8.2543, 0.0], [11.2524, -0.0653], [15.107, -0.0653], [18.8189, -0.3916], [25.3861, -0.2611]], [[3.9714, 0.0], [8.2543, 0.0], [11.2524, -0.0653], [15.107, -0.0653], [21.3887, -0.1305], [24.8151, -0.2611]], [[3.9714, 0.0], [8.2543, 0.0], [11.2524, -0.0653], [15.107, -0.0653], [25.3861, -0.1305], [27.9559, -0.7833]], [[3.9714, 0.0], [8.2543, 0.0], [11.2524, -0.0653], [15.107, -0.0653], [-2.8813, -0.1305], [28.2414, -0.6527]]]",1.6571,0.0,0.0,0.0,0.0,0.0,0.0,True,"[4, 4, 4]",0.0,0.0,0.0,1.2191,4.0,0.5422,1.1378,2.7556,0.5851,0.9118,1.2191,"[[3.971, 0.0], [8.254, 0.0], [11.252, -0.065], [15.107, -0.065], [20.104, -0.131], [26.671, -0.457]]",ok,5.2987,0.0,0.0,0.0,0.0,0.0,0.0,0.0,0.0,0.0,89a1ce70fcc4404a8d34cca07523f07b,scene-1061,42
0.3791,1.3535,4.2367,0.2086,0.5924,1.6374,0.0,0.0,0.0,0.0,0.0,0.0,0.0,0.0,0.0,ok,straight,0.2815,3.5422,3.6594,0.2244,1.0716,2.075,False,"[-0.0653, -0.1305, -0.1958, -0.0653]","[-13915.1991, -16007.8206, -21965.785, -208218.0284]","[-2292843.3013, -2294935.9228, -2300893.8872, -2487146.1306]","[1.771, 2.099, 3.05, 8.78]","[[[3.8286, 0.0], [7.5405, -0.1305], [11.5379, -0.1305], [20.2466, -0.1305], [18.2479, -0.3916], [23.1019, -0.1305]], [[3.8286, 0.0], [7.5405, -0.1305], [11.5379, -0.1305], [20.2466, -0.1305], [17.3913, -0.1305], [21.9598, -0.2611]], [[3.8286, 0.0], [7.5405, -0.1305], [11.5379, -0.1305], [20.2466, -0.1305], [15.107, 0.0], [18.5334, 0.3916]], [[3.8286, 0.0], [7.5405, -0.1305], [11.5379, -0.1305], [20.2466, -0.1305], [16.5347, -0.2611], [69.6432, -0.1305]]]",2.8421,0.0,0.0,0.0,0.0,0.0,0.0,False,"[4, 4, 4]",0.0,0.0,0.0,1.7706,4.0,0.2815,3.5422,3.0889,0.2244,1.0716,1.7706,"[[3.829, 0.0], [7.541, -0.131], [11.538, -0.131], [20.247, -0.131], [16.963, -0.196], [22.531, -0.131]]",ok,8.7798,0.0,0.0,0.0,0.0,0.0,0.0,0.0,0.0,0.0,42060e0081f249d7bcb5d2a0aa4e980a,scene-1061,42
2.5437,2.4937,1.607,1.9873,2.2314,2.2757,0.0,0.0,0.0,0.0,0.0,0.0,0.0,0.0,0.0,ok,straight,2.256,1.6599,1.607,1.9148,2.058,1.8976,True,"[-0.0, -0.1305, -0.1305, -0.2611]","[-2096.6838, -4002.6047, -11871.8333, -16635.3694]","[-1775353.9619, -1777259.8827, -1785129.1113, -1789892.6475]","[3.822, 1.665, 2.255, 3.365]","[[[3.2576, 0.0], [7.1122, -0.0653], [10.8241, -0.1305], [18.9617, -0.1958], [24.8151, 0.1305], [33.6665, 0.0]], [[3.2576, 0.0], [7.1122, -0.0653], [10.8241, -0.1305], [18.9617, -0.1958], [20.8176, -0.3916], [21.9598, -0.2611]], [[3.2576, 0.0], [7.1122, -0.0653], [10.8241, -0.1305], [18.9617, -0.1958], [17.1058, -0.2611], [21.3887, -0.2611]], [[3.2576, 0.0], [7.1122, -0.0653], [10.8241, -0.1305], [18.9617, -0.1958], [14.8215, 0.9138], [17.1058, -0.5222]]]",0.8584,0.0,0.0,0.0,0.0,0.0,0.0,False,"[4, 4, 4]",0.0,0.0,0.0,1.6646,4.0,2.256,1.6599,1.3215,1.9148,2.058,1.6646,"[[3.258, 0.0], [7.112, -0.065], [10.824, -0.131], [18.962, -0.196], [18.962, -0.065], [21.674, -0.261]]",ok,3.8222,0.0,0.0,0.0,0.0,0.0,0.0,0.0,0.0,0.0,1f7bbb7aa80e4f21a106c80392af97b9,scene-1061,42
0.4452,0.4655,2.5455,0.3513,0.3919,0.9432,0.0,0.0,0.0,0.0,0.0,0.0,0.0,0.0,0.0,ok,right,0.6083,1.585,5.8572,0.5772,0.8778,1.8416,False,"[1.3708, -1.2402, 1.5666, -8.2899]","[-2291.9142, -2452.197, -2865.0699, -14169.5725]","[-3100609.293, -3100769.5758, -3101182.4487, -3112486.9513]","[1.549, 2.371, 1.223, 4.902]","[[[1.6871, -0.0653], [4.6852, -0.3264], [5.2563, -0.718], [9.2537, -1.8277], [9.682, -3.0026], [7.1122, -2.7415]], [[1.6871, -0.0653], [4.6852, -0.3264], [5.2563, -0.718], [9.2537, -1.8277], [10.5386, -1.5666], [9.1109, 2.4804]], [[1.6871, -0.0653], [4.6852, -0.3264], [5.2563, -0.718], [9.2537, -1.8277], [9.1109, -2.4804], [10.5386, -3.1332]], [[1.6871, -0.0653], [4.6852, -0.3264], [5.2563, -0.718], [9.2537, -1.8277], [8.2543, -0.2611], [9.1109, 16.5798]]]",1.4425,0.0,0.0,0.0,0.0,0.0,0.0,False,"[4, 4, 4]",0.0,0.0,0.0,1.2225,4.0,0.6083,1.585,2.5455,0.5772,0.8778,1.2225,"[[1.687, -0.065], [4.685, -0.326], [5.256, -0.718], [9.254, -1.828], [9.396, -2.024], [9.111, -0.131]]",ok,4.9023,0.0,0.0,0.0,0.0,0.0,0.0,0.0,0.0,0.0,617899966d3e4fea9042a1f1a26b764e,scene-1062,42
0.1951,1.4429,2.3743,0.1233,0.4807,1.0225,0.0,0.0,0.0,0.0,0.0,0.0,0.0,0.0,0.0,ok,straight,1.3834,0.8742,3.8072,0.7174,1.2051,1.6807,False,"[-0.1958, -0.1305, -0.3916, -0.1958]","[-765.3501, -1393.7495, -6208.3051, -198149.7976]","[-2006259.1485, -2006887.5478, -2011702.1035, -2203643.596]","[1.936, 1.648, 2.443, 5.224]","[[[3.6858, 0.0], [8.9682, -0.0653], [14.2505, -0.1305], [15.9636, -0.1305], [18.2479, -0.2611], [21.9598, -0.3916]], [[3.6858, 0.0], [8.9682, -0.0653], [14.2505, -0.1305], [15.9636, -0.1305], [19.9611, -0.1305], [21.9598, -0.2611]], [[3.6858, 0.0], [8.9682, -0.0653], [14.2505, -0.1305], [15.9636, -0.1305], [25.3861, -0.3916], [31.3822, -0.7833]], [[3.6858, 0.0], [8.9682, -0.0653], [14.2505, -0.1305], [15.9636, -0.1305], [42.2324, 0.0], [20.2466, -0.3916]]]",1.421,0.0,0.0,0.0,0.0,0.0,0.0,False,"[4, 4, 4]",0.0,0.0,0.0,1.6482,4.0,1.3834,0.8742,3.8009,0.7174,1.2051,1.6482,"[[3.686, 0.0], [8.968, -0.065], [14.25, -0.131], [15.964, -0.131], [22.674, -0.196], [21.96, -0.392]]",ok,5.2242,0.0,0.0,0.0,0.0,0.0,0.0,0.0,0.0,0.0,14032ef9a5194010a189dd4e822d1f5e,scene-1062,42
0.1731,1.0266,1.8623,0.2062,0.4188,0.8226,0.0,0.0,0.0,0.0,0.0,0.0,0.0,0.0,0.0,ok,right,0.3435,2.0317,4.2285,0.217,0.6948,1.3747,False,"[3.1332, 3.329, 2.4804, 3.7859]","[-1027.8668, -1238.6702, -9641.6205, -10651.9453]","[-1853157.9297, -2854397.5156, -2862800.4659, -2863810.7907]","[1.948, 1.126, 1.774, 2.706]","[[[3.2576, -0.1958], [6.5412, -1.0444], [9.1109, -1.3055], [13.8222, -2.3499], [16.8202, -4.8303], [22.2453, -6.2664]], [[3.2576, -0.1958], [6.5412, -1.0444], [9.1109, -1.3055], [13.8222, -2.3499], [15.3926, -4.5692], [18.2479, -6.658]], [[3.2576, -0.1958], [6.5412, -1.0444], [9.1109, -1.3055], [13.8222, -2.3499], [10.253, -5.8747], [12.8228, -4.9609]], [[3.2576, -0.1958], [6.5412, -1.0444], [9.1109, -1.3055], [13.8222, -2.3499], [14.8215, -4.5692], [28.5269, -7.5719]]]",0.5627,0.0,0.0,0.0,0.0,0.0,0.0,False,"[4, 4, 4]",0.0,0.0,0.0,1.126,4.0,0.3435,2.0317,2.5788,0.217,0.6948,1.126,"[[3.258, -0.196], [6.541, -1.044], [9.111, -1.305], [13.822, -2.35], [15.107, -4.7], [20.247, -6.462]]",ok,2.7062,0.0,0.0,0.0,0.0,0.0,0.0,0.0,0.0,0.0,4baa89b0de744b06b2a89f5ff15f3c71,scene-1062,42
6.1876,11.071,17.3953,4.6034,7.3328,10.1617,0.0,0.0,0.0,0.0,0.0,0.0,0.0,0.0,0.0,ok,straight,6.1876,10.7739,15.9942,4.532,7.083,9.5782,True,"[-0.6527, -1.1749, -1.1097, -0.1958]","[-179.1937, -2765.0717, -2848.1905, -19483.8464]","[-564200.5401, -1566966.7427, -1567049.8615, -1583685.5174]","[9.992, 10.118, 8.717, 10.506]","[[[2.972, 0.0], [6.2556, -0.1305], [8.5399, -0.5875], [10.8241, -0.5875], [14.2505, -1.3055], [17.3913, -1.3055]], [[2.972, 0.0], [6.2556, -0.1305], [8.5399, -0.5875], [10.8241, -0.5875], [11.9662, -1.9582], [20.2466, -2.3499]], [[2.972, 0.0], [6.2556, -0.1305], [8.5399, -0.5875], [10.8241, -0.5875], [9.682, -0.1305], [14.2505, -2.2193]], [[2.972, 0.0], [6.2556, -0.1305], [8.5399, -0.5875], [10.8241, -0.5875], [19.9611, -3.6554], [14.536, 0.3916]]]",0.6714,0.0,0.0,0.0,0.0,0.0,0.0,True,"[4, 4, 4]",0.0,0.0,0.0,8.7174,4.0,6.1876,10.7739,14.3558,4.532,7.083,8.7174,"[[2.972, 0.0], [6.256, -0.131], [8.54, -0.587], [10.824, -0.587], [13.108, -1.632], [15.964, -1.762]]",ok,10.5057,0.0,0.0,0.0,0.0,0.0,0.0,0.0,0.0,0.0,39711a523be04ea4b5dff56099d623eb,scene-1062,42
1.1492,0.7814,1.1499,0.9605,1.0094,1.0944,0.0,0.0,0.0,0.0,0.0,0.0,0.0,0.0,0.0,ok,left,1.1316,5.0507,6.2486,1.0223,1.9276,3.8743,False,"[0.8486, 2.0888, 1.1097, 0.718]","[-9783.4762, -80363.9059, -117458.0646, -262141.4357]","[-1769976.4751, -1840556.9048, -1877651.0635, -2022334.4346]","[1.665, 5.184, 4.93, 9.23]","[[[2.972, 0.0], [6.2556, 0.1958], [10.5386, 0.3916], [17.9623, 1.3055], [15.3926, 1.0444], [17.3913, 1.6971]], [[2.972, 0.0], [6.2556, 0.1958], [10.5386, 0.3916], [17.9623, 1.3055], [11.1096, 0.9138], [35.9507, 4.1776]], [[2.972, 0.0], [6.2556, 0.1958], [10.5386, 0.3916], [17.9623, 1.3055], [19.9611, -16.5798], [14.2505, 2.2193]], [[2.972, 0.0], [6.2556, 0.1958], [10.5386, 0.3916], [17.9623, 1.3055], [46.8008, -14.491], [28.5269, 1.436]]]",2.6832,0.0,0.0,0.0,0.0,0.0,0.0,False,"[4, 4, 4]",0.0,0.0,0.0,1.6646,4.0,1.1316,5.0507,1.1499,1.0223,1.9276,1.6646,"[[2.972, 0.0], [6.256, 0.196], [10.539, 0.392], [17.962, 1.305], [17.677, -6.789], [22.959, 1.958]]",ok,9.2296,0.0,0.0,0.0,0.0,0.0,0.0,0.0,0.0,0.0,42c250251b504ee8a5f1e49def135715,scene-1063,42
0.3274,1.3965,2.6623,0.4927,0.6664,1.2692,0.0,0.0,0.0,0.0,0.0,0.0,0.0,0.0,0.0,ok,straight,0.3274,1.9536,3.936,0.35,1.4449,1.8404,False,"[-0.3916, -0.0653, -0.0653, -0.1305]","[-5516.8664, -7028.1993, -18974.0526, -84302.0438]","[-1991268.192, -1992779.5249, -2004725.3782, -2070053.3695]","[2.843, 1.788, 2.377, 7.788]","[[[4.2569, 0.0], [8.5399, 0.0], [16.1064, 0.0653], [16.2492, -0.1305], [17.6768, -0.1305], [23.9585, -0.7833]], [[4.2569, 0.0], [8.5399, 0.0], [16.1064, 0.0653], [16.2492, -0.1305], [21.3887, -0.1305], [26.5282, -0.1305]], [[4.2569, 0.0], [8.5399, 0.0], [16.1064, 0.0653], [16.2492, -0.1305], [24.8151, -1.436], [22.8163, -0.1305]], [[4.2569, 0.0], [8.5399, 0.0], [16.1064, 0.0653], [16.2492, -0.1305], [23.3874, 0.0], [69.6432, -0.2611]]]",2.3902,0.0,0.0,0.0,0.0,0.0,0.0,False,"[4, 4, 4]",0.0,0.0,0.0,1.7881,4.0,0.3274,1.9536,2.6623,0.35,1.4449,1.7881,"[[4.257, 0.0], [8.54, 0.0], [16.106, 0.065], [16.249, -0.131], [22.388, -0.131], [25.243, -0.196]]",ok,7.7881,0.0,0.0,0.0,0.0,0.0,0.0,0.0,0.0,0.0,369487006f5a4bff82f96a3567858492,scene-1063,42
3.5564,7.3372,9.4435,2.7678,4.6886,6.0457,0.0,0.0,0.0,0.0,0.0,0.0,0.0,0.0,0.0,ok,straight,3.5551,9.3311,8.4421,2.6957,5.1515,6.2829,False,"[-0.4569, -0.2611, -0.1958, -0.1958]","[-738.0822, -2101.721, -152033.9991, -1096348.5887]","[-2144379.6552, -2145743.294, -2295675.572, -3239990.1617]","[6.218, 6.354, 12.258, 12.704]","[[[3.2576, 0.0], [6.5412, -0.0653], [9.3964, -0.1958], [10.253, -0.0653], [14.2505, 0.0], [19.39, -0.9138]], [[3.2576, 0.0], [6.5412, -0.0653], [9.3964, -0.1958], [10.253, -0.0653], [15.3926, -0.2611], [17.3913, -0.5222]], [[3.2576, 0.0], [6.5412, -0.0653], [9.3964, -0.1958], [10.253, -0.0653], [13.3939, -0.9138], [69.6432, -0.3916]], [[3.2576, 0.0], [6.5412, -0.0653], [9.3964, -0.1958], [10.253, -0.0653], [69.6432, -0.3916], [17.3913, -0.3916]]]",3.1018,0.0,0.0,0.0,0.0,0.0,0.0,False,"[4, 4, 4]",0.0,0.0,0.0,6.2182,4.0,3.5551,9.3311,7.4901,2.6957,5.1515,6.2182,"[[3.258, 0.0], [6.541, -0.065], [9.396, -0.196], [10.253, -0.065], [14.822, -0.326], [18.391, -0.457]]",ok,12.704,0.0,0.0,0.0,0.0,0.0,0.0,0.0,0.0,0.0,10ff71451f7245d392410e8575a68934,scene-1063,42
1.2313,1.6623,2.767,1.0517,1.4254,1.6147,0.0,0.0,0.0,0.0,0.0,0.0,0.0,0.0,0.0,ok,straight,1.0886,0.818,1.7997,1.1945,2.1419,2.2394,False,"[-0.1958, -0.2611, -0.0653, -0.1305]","[-8190.0543, -13957.6896, -14168.9885, -117228.995]","[-2021619.8036, -2027387.439, -2027598.7379, -2130658.7443]","[1.801, 2.654, 2.282, 5.662]","[[[4.1141, 0.0], [7.255, 0.0], [15.3926, -0.1305], [15.107, 0.1306], [17.6768, -0.1305], [23.3874, -0.3916]], [[4.1141, 0.0], [7.255, 0.0], [15.3926, -0.1305], [15.107, 0.1306], [22.8163, 0.2611], [27.6704, -0.5222]], [[4.1141, 0.0], [7.255, 0.0], [15.3926, -0.1305], [15.107, 0.1306], [21.3887, -0.1305], [21.3887, -0.1305]], [[4.1141, 0.0], [7.255, 0.0], [15.3926, -0.1305], [15.107, 0.1306], [31.6678, 0.5222], [11.3952, -0.2611]]]",1.5098,0.0,0.0,0.0,0.0,0.0,0.0,False,"[4, 4, 4]",0.0,0.0,0.0,1.8012,4.0,1.0886,0.818,0.8755,1.1945,2.1419,1.8012,"[[4.114, 0.0], [7.255, 0.0], [15.393, -0.131], [15.107, 0.131], [22.103, 0.065], [22.388, -0.326]]",ok,5.6618,0.0,0.0,0.0,0.0,0.0,0.0,0.0,0.0,0.0,79a10e4d9e5b49e980a8897d6f09f450,scene-1063,42
0.3511,0.4663,3.6104,0.2668,0.3383,1.4063,0.0,0.0,0.0,0.0,0.0,0.0,0.0,0.0,0.0,ok,straight,0.6778,1.4677,5.4634,0.4187,0.7624,1.6356,False,"[-0.8486, -0.5222, -0.3264, -0.718]","[-804.8981, -1695.1623, -16303.0496, -202565.7382]","[-1342092.4987, -2343787.0638, -2358394.9511, -2544657.6397]","[1.689, 1.378, 2.37, 5.1]","[[[3.6858, 0.0], [7.1122, -0.3264], [12.109, -0.0653], [14.2505, -0.718], [17.1058, -1.1749], [21.3887, -1.6971]], [[3.6858, 0.0], [7.1122, -0.3264], [12.109, -0.0653], [14.2505, -0.718], [19.6755, -0.7833], [29.098, -1.0444]], [[3.6858, 0.0], [7.1122, -0.3264], [12.109, -0.0653], [14.2505, -0.718], [22.5308, -2.4804], [16.5347, -0.6527]], [[3.6858, 0.0], [7.1122, -0.3264], [12.109, -0.0653], [14.2505, -0.718], [40.5192, -1.9582], [17.3913, -1.436]]]",1.4683,0.0,0.0,0.0,0.0,0.0,0.0,False,"[4, 4, 4]",0.0,0.0,0.0,1.378,4.0,0.6778,1.4677,4.3197,0.4187,0.7624,1.378,"[[3.686, 0.0], [7.112, -0.326], [12.109, -0.065], [14.25, -0.718], [21.103, -1.567], [19.39, -1.24]]",ok,5.1005,0.0,0.0,0.0,0.0,0.0,0.0,0.0,0.0,0.0,b62a484b94a04ae4b1b2729fb2064696,scene-1064,42
3.4155,9.7277,16.3217,2.5693,5.4333,8.5843,0.0,0.0,0.0,0.0,0.0,0.0,0.0,0.0,0.0,ok,straight,4.5575,9.0139,14.8944,3.2831,12.857,13.5097,False,"[-0.0653, -0.1305, -0.1958, -0.0653]","[-452826.9211, -470041.7354, -470989.3644, -476495.112]","[-3527459.2223, -3544674.0366, -3545621.6655, -3551127.4131]","[13.438, 13.391, 13.63, 13.391]","[[[3.9714, 0.0], [7.9688, 0.0], [40.0909, 0.0], [13.5366, -0.1305], [17.3913, -0.1305], [20.8176, -0.1305]], [[3.9714, 0.0], [7.9688, 0.0], [40.0909, 0.0], [13.5366, -0.1305], [19.1045, 0.0], [18.8189, 0.2611]], [[3.9714, 0.0], [7.9688, 0.0], [40.0909, 0.0], [13.5366, -0.1305], [19.39, -0.5222], [19.9611, -0.3916]], [[3.9714, 0.0], [7.9688, 0.0], [40.0909, 0.0], [13.5366, -0.1305], [19.6755, 0.0], [18.2479, 0.1305]]]",0.0985,0.0,0.0,0.0,0.0,0.0,0.0,False,"[4, 4, 4]",0.0,0.0,0.0,13.391,4.0,4.5575,9.0139,13.7539,3.2831,12.857,13.391,"[[3.971, 0.0], [7.969, 0.0], [40.091, 0.0], [13.537, -0.131], [19.247, -0.065], [19.39, 0.0]]",ok,13.63,0.0,0.0,0.0,0.0,0.0,0.0,0.0,0.0,0.0,22604ed0b4234a8bafcb4be0eb38ee19,scene-1064,42
5.8603,9.7691,14.7793,4.3971,6.4963,8.6313,0.0,0.0,0.0,0.0,0.0,0.0,0.0,0.0,0.0,ok,right,5.5749,10.4934,13.8642,4.2544,7.0338,9.1128,False,"[-0.8486, 0.1305, -0.0, -0.4569]","[-587.0669, -2407.3297, -30116.904, -43273.002]","[-804284.1758, -1806691.09, -1834400.6643, -1847556.7623]","[8.99, 9.288, 8.092, 11.796]","[[[3.1148, 0.0], [6.2556, 0.1305], [10.8241, 0.2611], [13.5366, 0.6527], [15.3926, 0.7833], [19.9611, 1.6971]], [[3.1148, 0.0], [6.2556, 0.1305], [10.8241, 0.2611], [13.5366, 0.6527], [18.8189, 1.1749], [18.8189, -0.2611]], [[3.1148, 0.0], [6.2556, 0.1305], [10.8241, 0.2611], [13.5366, 0.6527], [19.1045, 0.0], [1.1161, 0.0]], [[3.1148, 0.0], [6.2556, 0.1305], [10.8241, 0.2611], [13.5366, 0.6527], [12.8228, 0.5222], [39.9481, 0.9138]]]",1.3742,0.0,0.0,0.0,0.0,0.0,0.0,True,"[4, 4, 4]",0.0,0.0,0.0,8.0919,4.0,5.5749,10.4934,5.8536,4.2544,7.0338,8.0919,"[[3.115, 0.0], [6.256, 0.131], [10.824, 0.261], [13.537, 0.653], [17.106, 0.653], [19.39, 0.457]]",ok,11.7963,0.0,0.0,0.0,0.0,0.0,0.0,0.0,0.0,0.0,1f73768be216451fa02caa38b04a62b3,scene-1064,42
0.147,0.9834,0.9172,0.178,0.3919,0.6137,0.0,0.0,0.0,0.0,0.0,0.0,0.0,0.0,0.0,ok,straight,0.1402,0.6928,3.0522,0.3174,1.0614,1.3357,False,"[-0.0653, -0.5875, -1.3708, -2.0888]","[-3633.784, -5269.5097, -10075.4026, -61915.33]","[-1540278.9036, -1541914.6292, -1546720.5222, -1598560.4495]","[1.058, 3.265, 1.61, 3.403]","[[[3.6858, 0.0], [8.8254, 0.0], [16.2492, -0.0653], [17.534, 0.3264], [21.6742, 0.0], [26.5282, -0.1305]], [[3.6858, 0.0], [8.8254, 0.0], [16.2492, -0.0653], [17.534, 0.3264], [15.3926, -0.2611], [19.6755, 1.1749]], [[3.6858, 0.0], [8.8254, 0.0], [16.2492, -0.0653], [17.534, 0.3264], [25.3861, -0.5222], [26.2427, -2.7415]], [[3.6858, 0.0], [8.8254, 0.0], [16.2492, -0.0653], [17.534, 0.3264], [33.0954, -0.7833], [23.1019, -4.1776]]]",1.02,0.0,0.0,0.0,0.0,0.0,0.0,False,"[4, 4, 4]",0.0,0.0,0.0,1.0583,4.0,0.1402,0.6928,0.9067,0.3174,1.0614,1.0583,"[[3.686, 0.0], [8.825, 0.0], [16.249, -0.065], [17.534, 0.326], [23.53, -0.392], [24.672, -1.436]]",ok,3.4034,0.0,0.0,0.0,0.0,0.0,0.0,0.0,0.0,0.0,868313d0288e4f9aa0535dbd437cede1,scene-1064,42
0.2711,1.1151,4.5666,0.3395,0.6504,1.6542,0.0,0.0,0.0,0.0,0.0,0.0,0.0,0.0,0.0,ok,straight,0.9618,2.1871,4.7855,0.6341,1.2461,2.6184,False,"[-0.5875, -0.1958, -0.3264, -0.6527]","[-1305.2795, -1486.9204, -7046.5359, -9031.6522]","[-2216480.2048, -2216661.8456, -2222221.4612, -2224206.5774]","[2.041, 3.104, 3.0, 2.307]","[[[4.1141, 0.0], [6.1129, -0.0653], [11.2524, -0.3916], [14.2505, -0.5222], [17.1058, -0.5222], [21.9598, -1.1749]], [[4.1141, 0.0], [6.1129, -0.0653], [11.2524, -0.3916], [14.2505, -0.5222], [19.1045, -0.3916], [26.5282, -0.3916]], [[4.1141, 0.0], [6.1129, -0.0653], [11.2524, -0.3916], [14.2505, -0.5222], [22.2453, -1.8277], [22.5308, -0.6527]], [[4.1141, 0.0], [6.1129, -0.0653], [11.2524, -0.3916], [14.2505, -0.5222], [21.6742, -0.2611], [18.5334, -1.3055]]]",0.4508,0.0,0.0,0.0,0.0,0.0,0.0,False,"[4, 4, 4]",0.0,0.0,0.0,2.0406,4.0,0.9618,2.1871,4.5666,0.6341,1.2461,2.0406,"[[4.114, 0.0], [6.113, -0.065], [11.252, -0.392], [14.25, -0.522], [20.389, -0.457], [22.245, -0.914]]",ok,3.1043,0.0,0.0,0.0,0.0,0.0,0.0,0.0,0.0,0.0,dc2def2a7bc94693b67eba2ffbe13a56,scene-1065,42
0.4181,1.6498,2.1179,0.3002,0.6337,1.0113,0.0,0.0,0.0,0.0,0.0,0.0,0.0,0.0,0.0,ok,straight,31.0038,1.0731,0.4849,15.663,8.2417,5.6294,False,"[-0.3916, -0.1305, -0.2611, -0.3916]","[-505218.2795, -509941.2176, -562928.5821, -1118683.8351]","[-4467304.5593, -4472027.4974, -4525014.8619, -5080770.1149]","[6.28, 6.083, 7.816, 13.564]","[[[5.2563, 0.0], [41.0903, 0.0], [14.8215, -0.1305], [21.817, -0.1305], [28.2414, -0.2611], [34.2375, 0.7833]], [[5.2563, 0.0], [41.0903, 0.0], [14.8215, -0.1305], [21.817, -0.1305], [24.8151, -0.1305], [29.6691, -0.2611]], [[5.2563, 0.0], [41.0903, 0.0], [14.8215, -0.1305], [21.817, -0.1305], [17.1058, -0.1305], [36.5218, 0.5222]], [[5.2563, 0.0], [41.0903, 0.0], [14.8215, -0.1305], [21.817, -0.1305], [69.6432, -0.3916], [26.8138, -0.7833]]]",3.0358,0.0,0.0,0.0,0.0,0.0,0.0,False,"[4, 4, 4]",0.0,0.0,0.0,6.0833,4.0,31.0038,1.0731,2.1179,15.663,8.2417,6.0833,"[[5.256, 0.0], [41.09, 0.0], [14.822, -0.131], [21.817, -0.131], [26.528, -0.196], [31.953, 0.131]]",ok,13.5639,0.0,0.0,0.0,0.0,0.0,0.0,0.0,0.0,0.0,092eac44a74545b39d53c642a06eaa2e,scene-1065,42
2.4713,3.7162,8.6543,1.7334,2.4724,4.2626,0.0,0.0,0.0,0.0,0.0,0.0,0.0,0.0,0.0,ok,straight,2.3273,1.1878,9.9252,1.9468,1.6979,3.8411,True,"[-0.1305, -0.0653, -0.2611, -0.1305]","[-1863.2116, -3928.7663, -5537.917, -16622.9662]","[-2147353.1746, -2149418.7293, -2151027.8799, -2162112.9292]","[3.99, 3.746, 3.601, 3.938]","[[[7.1122, 0.0], [13.2511, -0.0653], [17.8196, -0.0653], [22.2453, 0.0], [31.6678, 1.436], [42.2324, -0.2611]], [[7.1122, 0.0], [13.2511, -0.0653], [17.8196, -0.0653], [22.2453, 0.0], [33.0954, -0.1305], [39.6626, -0.1305]], [[7.1122, 0.0], [13.2511, -0.0653], [17.8196, -0.0653], [22.2453, 0.0], [27.6704, -0.2611], [44.2311, -0.5222]], [[7.1122, 0.0], [13.2511, -0.0653], [17.8196, -0.0653], [22.2453, 0.0], [36.2362, 0.1305], [37.6639, -0.2611]]]",0.1549,0.0,0.0,0.0,0.0,0.0,0.0,False,"[4, 4, 4]",0.0,0.0,0.0,3.6014,4.0,2.3273,1.1878,13.1933,1.9468,1.6979,3.6014,"[[7.112, 0.0], [13.251, -0.065], [17.82, -0.065], [22.245, 0.0], [32.382, 0.0], [40.947, -0.261]]",ok,3.9902,0.0,0.0,0.0,0.0,0.0,0.0,0.0,0.0,0.0,3adfe1171bb448f9a639e4bc3bc3dc11,scene-1065,42
1.0125,2.7486,2.4237,1.0564,1.6017,1.9695,0.0,0.0,0.0,0.0,0.0,0.0,0.0,0.0,0.0,ok,straight,0.6093,0.9516,2.7974,0.7121,0.6721,1.8533,True,"[-0.0, -0.2611, -0.3916, -2.2193]","[-1023.9793, -3199.13, -10224.8075, -55188.8687]","[-2043535.9716, -2045711.1223, -2052736.7998, -2097700.861]","[1.35, 1.621, 2.704, 3.964]","[[[4.2569, 0.0], [9.1109, -0.2611], [14.6787, 0.0653], [19.39, -0.3916], [21.3887, 0.0], [26.5282, 0.0]], [[4.2569, 0.0], [9.1109, -0.2611], [14.6787, 0.0653], [19.39, -0.3916], [20.8176, 2.2193], [25.6716, 0.5222]], [[4.2569, 0.0], [9.1109, -0.2611], [14.6787, 0.0653], [19.39, -0.3916], [16.5347, -1.436], [23.3874, 0.7833]], [[4.2569, 0.0], [9.1109, -0.2611], [14.6787, 0.0653], [19.39, -0.3916], [15.9636, 1.6971], [40.5192, -4.4387]]]",1.0305,0.0,0.0,0.0,0.0,0.0,0.0,False,"[4, 4, 4]",0.0,0.0,0.0,1.3497,4.0,0.6093,0.9516,2.4237,0.7121,0.6721,1.3497,"[[4.257, 0.0], [9.111, -0.261], [14.679, 0.065], [19.39, -0.392], [18.676, 0.849], [26.1, 0.261]]",ok,3.9639,0.0,0.0,0.0,0.0,0.0,0.0,0.0,0.0,0.0,b6d6b3c2d1844f239791f7ca22ba5e8a,scene-1065,42
2.0206,5.5572,7.84,1.6367,3.1455,4.6069,0.0,0.0,0.0,0.0,0.0,0.0,0.0,0.0,0.0,ok,straight,2.0206,4.8486,10.2679,1.494,2.6475,5.2032,False,"[-0.2611, -1.3055, -0.1958, -0.4569]","[-223.559, -5535.8665, -26260.8038, -100533.8709]","[-269334.6251, -1274871.9739, -1295596.9113, -1369869.9783]","[4.276, 6.874, 6.371, 5.14]","[[[4.828, 0.0], [9.3964, -0.1305], [13.2511, -0.1958], [18.1051, -0.3916], [23.3874, -0.2611], [26.5282, -0.5222]], [[4.828, 0.0], [9.3964, -0.1305], [13.2511, -0.1958], [18.1051, -0.3916], [29.6691, 0.2611], [35.6652, -2.611]], [[4.828, 0.0], [9.3964, -0.1305], [13.2511, -0.1958], [18.1051, -0.3916], [32.8099, -0.2611], [29.6691, 0.3916]], [[4.828, 0.0], [9.3964, -0.1305], [13.2511, -0.1958], [18.1051, -0.3916], [5.6846, 1.5666], [28.2414, 0.9138]]]",1.0206,0.0,0.0,0.0,0.0,0.0,0.0,False,"[4, 4, 4]",0.0,0.0,0.0,4.2759,4.0,2.0206,4.8486,7.8459,1.494,2.6475,4.2759,"[[4.828, 0.0], [9.396, -0.131], [13.251, -0.196], [18.105, -0.392], [26.528, 0.0], [28.955, -0.065]]",ok,6.8738,0.0,0.0,0.0,0.0,0.0,0.0,0.0,0.0,0.0,21bb21c84c3e43908cd554db2686278f,scene-1066,42
0.0911,0.939,0.2549,0.062,0.5926,0.4779,0.0,0.0,0.0,0.0,0.0,0.0,0.0,0.0,0.0,ok,straight,0.9175,1.4626,0.284,0.6857,1.1862,1.7034,False,"[-0.0, -0.3264, -0.4569, -0.2611]","[-2662.6767, -8532.7271, -16521.9878, -845696.054]","[-2261326.0541, -2267196.1044, -2275185.3651, -3104359.4313]","[1.38, 1.851, 2.426, 9.509]","[[[4.1141, 0.0], [6.3984, 0.0], [12.5373, 0.3264], [15.8209, 0.5875], [18.8189, 0.0], [26.5282, 0.0]], [[4.1141, 0.0], [6.3984, 0.0], [12.5373, 0.3264], [15.8209, 0.5875], [23.3874, 0.0], [21.3887, 0.6527]], [[4.1141, 0.0], [6.3984, 0.0], [12.5373, 0.3264], [15.8209, 0.5875], [24.8151, -0.1305], [19.39, 0.9138]], [[4.1141, 0.0], [6.3984, 0.0], [12.5373, 0.3264], [15.8209, 0.5875], [69.6432, -0.7833], [24.8151, 0.5222]]]",3.3216,0.0,0.0,0.0,0.0,0.0,0.0,False,"[4, 4, 4]",0.0,0.0,0.0,1.3802,4.0,0.9175,1.4626,3.2949,0.6857,1.1862,1.3802,"[[4.114, 0.0], [6.398, 0.0], [12.537, 0.326], [15.821, 0.587], [24.101, -0.065], [23.102, 0.587]]",ok,9.5089,0.0,0.0,0.0,0.0,0.0,0.0,0.0,0.0,0.0,c880188955834ebaa53cc8bc887327d8,scene-1066,42
1.0132,3.8904,1.168,0.8094,1.9678,2.1086,0.0,0.0,0.0,0.0,0.0,0.0,0.0,0.0,0.0,ok,straight,10.8376,0.9666,1.3106,5.6501,3.5145,3.2344,False,"[-0.5875, -0.1305, -0.1305, -0.3264]","[-85606.2325, -88295.2168, -90182.7117, -162129.4224]","[-2779683.0935, -2782372.0779, -2784259.5727, -2856206.2835]","[4.243, 3.426, 3.417, 5.502]","[[[5.2563, -0.0653], [22.3881, -0.1305], [15.6781, -0.1305], [23.6729, -0.1305], [23.6729, -0.1305], [27.3848, -1.1749]], [[5.2563, -0.0653], [22.3881, -0.1305], [15.6781, -0.1305], [23.6729, -0.1305], [23.9585, -0.5222], [31.9533, -0.2611]], [[5.2563, -0.0653], [22.3881, -0.1305], [15.6781, -0.1305], [23.6729, -0.1305], [24.8151, -0.1305], [36.8073, -0.2611]], [[5.2563, -0.0653], [22.3881, -0.1305], [15.6781, -0.1305], [23.6729, -0.1305], [46.2298, -0.5222], [33.381, 0.6527]]]",0.851,0.0,0.0,0.0,0.0,0.0,0.0,False,"[4, 4, 4]",0.0,0.0,0.0,3.417,4.0,10.8376,0.9666,2.8318,5.6501,3.5145,3.417,"[[5.256, -0.065], [22.388, -0.131], [15.678, -0.131], [23.673, -0.131], [24.387, -0.326], [32.667, -0.261]]",ok,5.5015,0.0,0.0,0.0,0.0,0.0,0.0,0.0,0.0,0.0,5bb3471504034b869f8ab0d4f7060d4b,scene-1066,42
1.3629,2.0902,1.075,1.0313,1.3827,1.3706,0.0,0.0,0.0,0.0,0.0,0.0,0.0,0.0,0.0,ok,straight,0.5076,0.9083,0.7991,1.0319,1.23,1.0406,True,"[-0.1958, -0.0653, -0.1958, -0.0653]","[-2095.3901, -3883.6511, -29950.7764, -104540.5187]","[-2256889.4309, -2258677.6919, -2284744.8172, -2359334.5595]","[1.713, 1.269, 3.148, 6.536]","[[[3.6858, 0.0], [9.3964, 0.0], [12.5373, -0.0653], [19.8183, -0.1305], [25.3861, 0.0], [30.8112, 0.3916]], [[3.6858, 0.0], [9.3964, 0.0], [12.5373, -0.0653], [19.8183, -0.1305], [22.2453, -0.1305], [25.9572, -0.1305]], [[3.6858, 0.0], [9.3964, 0.0], [12.5373, -0.0653], [19.8183, -0.1305], [18.8189, -0.1305], [37.0928, -0.3916]], [[3.6858, 0.0], [9.3964, 0.0], [12.5373, -0.0653], [19.8183, -0.1305], [32.8099, -0.2611], [2.8293, 0.1305]]]",2.0656,0.0,0.0,0.0,0.0,0.0,0.0,False,"[4, 4, 4]",0.0,0.0,0.0,1.2688,4.0,0.5076,0.9083,1.6458,1.0319,1.23,1.2688,"[[3.686, 0.0], [9.396, 0.0], [12.537, -0.065], [19.818, -0.131], [23.816, -0.131], [28.384, 0.0]]",ok,6.5357,0.0,0.0,0.0,0.0,0.0,0.0,0.0,0.0,0.0,4ed8916b5144428295e66f5a54da6704,scene-1066,42
1.1611,1.3844,2.3781,0.8786,1.1451,1.3751,0.0,0.0,0.0,0.0,0.0,0.0,0.0,0.0,0.0,ok,straight,0.8762,5.0419,1.3879,1.0215,2.0597,1.6289,False,"[-0.1958, -0.0653, -0.0653, -0.2611]","[-8952.442, -13842.9503, -18226.5701, -55235.6246]","[-2014571.0609, -2019461.5692, -2023845.189, -2060854.2435]","[1.939, 1.906, 1.938, 4.419]","[[[3.1148, 0.0], [7.6833, 0.0], [11.3952, -0.0653], [21.817, -0.0653], [23.3874, 0.0], [23.3874, -0.3916]], [[3.1148, 0.0], [7.6833, 0.0], [11.3952, -0.0653], [21.817, -0.0653], [21.6742, -0.2611], [25.6716, -0.1305]], [[3.1148, 0.0], [7.6833, 0.0], [11.3952, -0.0653], [21.817, -0.0653], [19.39, -0.1305], [21.3887, -0.1305]], [[3.1148, 0.0], [7.6833, 0.0], [11.3952, -0.0653], [21.817, -0.0653], [11.1096, -0.6527], [14.8215, 0.5222]]]",1.0787,0.0,0.0,0.0,0.0,0.0,0.0,False,"[4, 4, 4]",0.0,0.0,0.0,1.9056,4.0,0.8762,5.0419,1.9118,1.0215,2.0597,1.9056,"[[3.115, 0.0], [7.683, 0.0], [11.395, -0.065], [21.817, -0.065], [20.532, -0.196], [22.388, -0.131]]",ok,4.4187,0.0,0.0,0.0,0.0,0.0,0.0,0.0,0.0,0.0,b6a9d120895e4207a0527ad4b3284d42,scene-1067,42
1.0303,0.6047,1.7906,0.8678,0.9127,1.0403,0.0,0.0,0.0,0.0,0.0,0.0,0.0,0.0,0.0,ok,straight,0.3169,1.3104,3.6302,0.9394,1.2675,1.4974,False,"[-0.0653, -0.0653, -0.0653, -0.0]","[-1398.715, -1927.8786, -4891.4229, -9049.131]","[-2295322.1025, -2295851.2661, -2298814.8104, -2302972.5185]","[1.277, 1.183, 1.966, 2.489]","[[[4.2569, 0.0], [6.1129, 0.0], [11.1096, 0.0653], [13.8222, -0.1958], [17.3913, -0.1305], [21.9598, -0.1305]], [[4.2569, 0.0], [6.1129, 0.0], [11.1096, 0.0653], [13.8222, -0.1958], [18.2479, 0.0], [19.9611, -0.1305]], [[4.2569, 0.0], [6.1129, 0.0], [11.1096, 0.0653], [13.8222, -0.1958], [15.3926, 0.1305], [25.6716, -0.1305]], [[4.2569, 0.0], [6.1129, 0.0], [11.1096, 0.0653], [13.8222, -0.1958], [14.8215, 0.0], [28.2414, 0.0]]]",0.533,0.0,0.0,0.0,0.0,0.0,0.0,False,"[4, 4, 4]",0.0,0.0,0.0,1.1833,4.0,0.3169,1.3104,0.414,0.9394,1.2675,1.1833,"[[4.257, 0.0], [6.113, 0.0], [11.11, 0.065], [13.822, -0.196], [16.392, 0.0], [23.816, -0.131]]",ok,2.4892,0.0,0.0,0.0,0.0,0.0,0.0,0.0,0.0,0.0,4b0405ae89164fbfb3638a5dde6e374c,scene-1067,42
3.1718,7.6668,13.0273,2.1588,4.1723,6.4842,0.0,1.0,1.0,0.0,1.0,1.0,0.0,0.25,0.5,ok,straight,3.7429,9.3814,11.7428,2.5157,4.851,6.6515,False,"[-0.0, -0.0653, -0.6527, -1.6319]","[-3386.8245, -3803.2675, -13471.1964, -16010.6895]","[-1757254.5388, -1757670.9818, -1767338.9107, -1769878.4039]","[6.937, 6.366, 7.43, 7.75]","[[[3.5431, 0.0], [7.9688, 0.0], [10.8241, 0.0653], [16.5347, 0.1305], [17.3913, 0.1305], [21.9598, 0.0]], [[3.5431, 0.0], [7.9688, 0.0], [10.8241, 0.0653], [16.5347, 0.1305], [16.5347, -0.2611], [19.39, 0.1305]], [[3.5431, 0.0], [7.9688, 0.0], [10.8241, 0.0653], [16.5347, 0.1305], [24.8151, 0.2611], [17.3913, 1.3055]], [[3.5431, 0.0], [7.9688, 0.0], [10.8241, 0.0653], [16.5347, 0.1305], [15.6781, 0.7833], [28.2414, -3.2637]]]",0.5233,0.0,1.0,0.0,0.0,1.0,1.0,False,"[4, 4, 4]",0.0,0.5,0.5,6.3661,4.0,3.7429,9.3814,10.4588,2.5157,4.851,6.3661,"[[3.543, 0.0], [7.969, 0.0], [10.824, 0.065], [16.535, 0.131], [16.963, 0.196], [20.675, 0.065]]",ok,7.7499,0.0,0.0,1.0,0.0,0.0,1.0,0.0,0.0,0.16666666666666666,65e91e3a03fe4fbba79fd17c886638e7,scene-1067,42
2.5437,5.6369,7.5801,1.8299,3.2456,4.4733,0.0,1.0,1.0,0.0,1.0,1.0,0.0,0.25,0.5,ok,straight,2.5437,4.7803,8.7226,1.8299,2.853,4.4257,True,"[-0.0, -0.0653, -0.0653, -0.2611]","[-391.945, -2077.2569, -4019.4448, -16093.7897]","[-512403.5731, -1514482.6818, -1516424.8697, -1528499.2146]","[4.212, 4.355, 5.449, 3.738]","[[[1.1161, 0.0], [2.5437, 0.0], [2.972, 0.0], [4.828, 0.0], [7.3977, 0.0], [7.3977, 0.0]], [[1.1161, 0.0], [2.5437, 0.0], [2.972, 0.0], [4.828, 0.0], [8.8254, 0.0], [6.8267, 0.1305]], [[1.1161, 0.0], [2.5437, 0.0], [2.972, 0.0], [4.828, 0.0], [5.9701, 0.0], [16.2492, 0.1305]], [[1.1161, 0.0], [2.5437, 0.0], [2.972, 0.0], [4.828, 0.0], [0.545, 0.0], [11.3952, -0.5222]]]",0.6266,0.0,1.0,1.0,0.0,1.0,1.0,True,"[4, 4, 4]",0.0,0.25,0.5,3.7377,4.0,2.5437,4.7803,10.7332,1.8299,2.853,3.7377,"[[1.116, 0.0], [2.544, 0.0], [2.972, 0.0], [4.828, 0.0], [6.684, 0.0], [9.396, 0.065]]",ok,5.4489,1.0,1.0,1.0,1.0,1.0,1.0,0.5,0.75,0.8333333333333334,66eaa9cb4bfd43d2a80be2fd894ef935,scene-1067,42
4.2191,8.9864,14.987,2.9758,5.333,7.8371,1.0,1.0,1.0,1.0,1.0,1.0,0.5,0.75,0.8333333333333334,ok,straight,4.6474,8.7009,15.8435,3.1899,5.4044,8.2893,False,"[-0.0653, -0.0653, -0.0653, -0.0653]","[-273.9298, -1067.0473, -4533.1791, -20126.3154]","[-1186139.4691, -2187207.8693, -2190674.0011, -2206267.1374]","[7.885, 8.697, 8.171, 7.076]","[[[2.2582, 0.0], [5.5418, 0.0], [7.5405, 0.0], [9.682, 0.0], [11.6807, 0.0], [15.9636, -0.1305]], [[2.2582, 0.0], [5.5418, 0.0], [7.5405, 0.0], [9.682, 0.0], [14.8215, -0.7833], [17.6768, 0.1305]], [[2.2582, 0.0], [5.5418, 0.0], [7.5405, 0.0], [9.682, 0.0], [15.6781, -0.2611], [13.6794, -0.1305]], [[2.2582, 0.0], [5.5418, 0.0], [7.5405, 0.0], [9.682, 0.0], [5.1135, 0.0], [17.6768, -0.1305]]]",0.5864,1.0,1.0,1.0,1.0,1.0,1.0,True,"[4, 4, 4]",0.5,0.75,0.8333333333333334,7.0757,4.0,4.6474,8.7009,16.7001,3.1899,5.4044,7.0757,"[[2.258, 0.0], [5.542, 0.0], [7.541, 0.0], [9.682, 0.0], [13.251, -0.131], [16.82, -0.131]]",ok,8.6973,1.0,1.0,1.0,1.0,1.0,1.0,0.5,0.75,0.8333333333333334,2920a3315ccd4fefb30fb0468ebb2351,scene-1068,42
2.6377,5.0423,5.0743,2.1439,3.1053,3.6161,0.0,0.0,0.0,0.0,0.0,0.0,0.0,0.0,0.0,ok,straight,2.7804,6.0404,6.0728,2.1439,3.4621,4.782,False,"[-0.1958, -0.0653, -0.0, -0.0]","[-761.9298, -1644.4325, -5084.0843, -42731.0747]","[-1680180.7644, -1681063.2672, -1684502.919, -1722149.9094]","[5.095, 3.711, 3.949, 6.765]","[[[2.401, 0.0], [4.9707, 0.0], [7.255, -0.0653], [11.5379, -0.0653], [16.2492, 0.5222], [17.3913, -0.3916]], [[2.401, 0.0], [4.9707, 0.0], [7.255, -0.0653], [11.5379, -0.0653], [11.6807, -0.1305], [13.6794, -0.1305]], [[2.401, 0.0], [4.9707, 0.0], [7.255, -0.0653], [11.5379, -0.0653], [16.2492, -0.1305], [10.5386, 0.0]], [[2.401, 0.0], [4.9707, 0.0], [7.255, -0.0653], [11.5379, -0.0653], [25.9572, 3.5248], [17.3913, 0.0]]]",1.2075,0.0,0.0,0.0,0.0,0.0,1.0,False,"[4, 4, 4]",0.0,0.0,0.16666666666666666,3.7112,4.0,2.7804,6.0404,4.2179,2.1439,3.4621,3.7112,"[[2.401, 0.0], [4.971, 0.0], [7.255, -0.065], [11.538, -0.065], [16.249, 0.196], [15.535, -0.065]]",ok,6.765,0.0,0.0,0.0,0.0,0.0,0.0,0.0,0.0,0.0,d20d151ade9c4229806e9664c1bda422,scene-1068,42
0.9596,3.328,9.2084,0.7266,2.0933,4.0945,0.0,0.0,1.0,0.0,0.0,1.0,0.0,0.0,0.3333333333333333,ok,straight,1.2451,4.1868,6.6356,0.8693,2.3081,3.6186,True,"[-0.1305, -0.0, -0.0653, -0.1305]","[-184.3374, -903.7951, -10921.5495, -103756.6142]","[-750918.491, -1751822.0442, -1761839.7985, -1854674.8632]","[4.19, 4.049, 4.119, 5.952]","[[[3.6858, 0.0], [7.6833, 0.0], [12.8228, -0.1305], [16.8202, -0.1958], [21.6742, -0.1305], [26.5282, -0.2611]], [[3.6858, 0.0], [7.6833, 0.0], [12.8228, -0.1305], [16.8202, -0.1958], [19.9611, -0.3916], [27.3848, 0.0]], [[3.6858, 0.0], [7.6833, 0.0], [12.8228, -0.1305], [16.8202, -0.1958], [19.39, 0.0], [6.2556, 0.1305]], [[3.6858, 0.0], [7.6833, 0.0], [12.8228, -0.1305], [16.8202, -0.1958], [37.3784, -0.1305], [21.3887, -0.2611]]]",0.795,0.0,0.0,1.0,0.0,0.0,1.0,True,"[4, 4, 4]",0.0,0.0,0.3333333333333333,4.0492,4.0,1.2451,4.1868,10.0588,0.8693,2.3081,4.0492,"[[3.686, 0.0], [7.683, 0.0], [12.823, -0.131], [16.82, -0.196], [20.818, -0.131], [23.958, -0.131]]",ok,5.9519,0.0,0.0,0.0,0.0,0.0,0.0,0.0,0.0,0.0,fd6296714eda481bac74b50c926d0565,scene-1068,42
0.3228,0.1933,0.126,0.2748,0.2337,0.196,0.0,0.0,0.0,0.0,0.0,0.0,0.0,0.0,0.0,ok,straight,1.1765,0.1933,0.5378,0.7729,0.6557,0.915,False,"[-0.0653, -0.0653, -0.0653, -0.0]","[-144.5161, -4970.7911, -10013.1949, -17321.0199]","[-861393.5428, -1866365.0095, -1871407.4133, -1878715.2383]","[0.713, 1.96, 1.438, 1.82]","[[[2.401, 0.0], [5.399, 0.0], [7.255, -0.0653], [8.5399, 0.0], [9.1109, 0.0], [11.1096, -0.1305]], [[2.401, 0.0], [5.399, 0.0], [7.255, -0.0653], [8.5399, 0.0], [9.1109, -0.1305], [19.9611, -0.1305]], [[2.401, 0.0], [5.399, 0.0], [7.255, -0.0653], [8.5399, 0.0], [15.6781, 0.0], [11.3952, -0.1305]], [[2.401, 0.0], [5.399, 0.0], [7.255, -0.0653], [8.5399, 0.0], [17.1058, 0.0], [10.5386, 0.0]]]",0.4837,0.0,0.0,0.0,0.0,0.0,0.0,False,"[4, 4, 4]",0.0,0.0,0.0,0.7133,4.0,1.1765,0.1933,0.6796,0.7729,0.6557,0.7133,"[[2.401, 0.0], [5.399, 0.0], [7.255, -0.065], [8.54, 0.0], [12.395, 0.0], [11.252, -0.131]]",ok,1.9601,0.0,0.0,0.0,0.0,0.0,0.0,0.0,0.0,0.0,b227c51db2594af5aba12ccc722b7973,scene-1068,42
1.6387,6.2074,15.2577,1.1279,3.1163,6.4102,0.0,0.0,0.0,0.0,0.0,0.0,0.0,0.0,0.0,ok,left,1.6563,6.2634,16.3035,4.9551,5.1307,8.0022,False,"[-3.3943, -4.8956, -3.329, -8.2899]","[-20673.174, -21699.3934, -22979.5334, -32777.2485]","[-2906088.069, -2907114.2884, -2908394.4284, -2918192.1435]","[7.774, 8.531, 7.75, 9.292]","[[[3.4003, 8.2246], [4.6852, -0.3916], [7.255, -2.0888], [8.5399, -2.8068], [11.9662, -4.8303], [13.6794, -6.7886]], [[3.4003, 8.2246], [4.6852, -0.3916], [7.255, -2.0888], [8.5399, -2.8068], [9.682, -6.9191], [15.107, -9.7912]], [[3.4003, 8.2246], [4.6852, -0.3916], [7.255, -2.0888], [8.5399, -2.8068], [13.1083, -4.9609], [11.6807, -6.658]], [[3.4003, 8.2246], [4.6852, -0.3916], [7.255, -2.0888], [8.5399, -2.8068], [13.9649, -4.1776], [9.682, -16.5798]]]",0.6347,0.0,0.0,0.0,0.0,0.0,0.0,False,"[4, 4, 4]",0.0,0.0,0.0,7.7502,4.0,1.6563,6.2634,14.4471,4.9551,5.1307,7.7502,"[[3.4, 8.225], [4.685, -0.392], [7.255, -2.089], [8.54, -2.807], [12.537, -4.896], [12.68, -8.29]]",ok,9.2921,0.0,0.0,0.0,0.0,0.0,0.0,0.0,0.0,0.0,b58985f7ddc2454d95cb84a65d1fe9fe,scene-1069,42
3.8533,8.7255,9.4521,2.9174,5.0472,5.7062,0.0,0.0,0.0,0.0,0.0,0.0,0.0,0.0,0.0,ok,straight,4.4243,9.1551,9.0239,3.6312,11.4362,10.1084,False,"[-0.1305, -0.1305, -0.2611, -0.0653]","[-238146.2936, -242936.613, -251353.4792, -275134.5944]","[-3017847.5373, -3022637.8567, -3031054.723, -3054835.8382]","[9.398, 9.966, 11.061, 10.394]","[[[8.2543, 0.0], [15.3926, -0.1305], [45.9443, -0.1305], [31.525, -0.2611], [30.5257, -0.3916], [43.3745, -0.2611]], [[8.2543, 0.0], [15.3926, -0.1305], [45.9443, -0.1305], [31.525, -0.2611], [33.0954, -0.1305], [44.2311, -0.2611]], [[8.2543, 0.0], [15.3926, -0.1305], [45.9443, -0.1305], [31.525, -0.2611], [35.6652, -0.2611], [48.2285, -0.5222]], [[8.2543, 0.0], [15.3926, -0.1305], [45.9443, -0.1305], [31.525, -0.2611], [39.3771, -0.1305], [40.5192, -0.1305]]]",0.6078,0.0,0.0,0.0,0.0,0.0,0.0,False,"[4, 4, 4]",0.0,0.0,0.0,9.3977,4.0,4.4243,9.1551,8.5956,3.6312,11.4362,9.3977,"[[8.254, 0.0], [15.393, -0.131], [45.944, -0.131], [31.525, -0.261], [34.38, -0.196], [43.803, -0.261]]",ok,11.0611,0.0,0.0,0.0,0.0,0.0,0.0,0.0,0.0,0.0,3f3a2be2e43d4baaa417698eea0706cb,scene-1069,42
2.0082,3.6654,11.7431,1.4939,3.0991,5.0169,0.0,0.0,0.0,0.0,0.0,0.0,0.0,0.0,0.0,ok,straight,2.8648,3.2335,12.4538,1.9222,3.6691,4.6937,True,"[-0.0653, -0.1305, -0.1305, -0.0653]","[-7398.0635, -11265.7982, -51716.5815, -185923.4746]","[-2545696.2532, -2549563.9879, -2590014.7712, -2724221.6643]","[5.397, 5.117, 6.518, 6.202]","[[[6.5412, 0.0], [13.9649, -0.1305], [24.1012, -0.1305], [26.0999, -0.1958], [33.0954, -0.1305], [44.2311, -0.1305]], [[6.5412, 0.0], [13.9649, -0.1305], [24.1012, -0.1305], [26.0999, -0.1958], [29.9546, 0.0], [45.6587, -0.2611]], [[6.5412, 0.0], [13.9649, -0.1305], [24.1012, -0.1305], [26.0999, -0.1958], [26.2427, -0.1305], [55.9378, -0.2611]], [[6.5412, 0.0], [13.9649, -0.1305], [24.1012, -0.1305], [26.0999, -0.1958], [5.399, -0.5222], [33.0954, -0.1305]]]",0.5714,0.0,0.0,1.0,0.0,0.0,1.0,False,"[3, 4, 4]",0.0,0.0,0.16666666666666666,5.1165,4.0,2.8648,3.2335,13.1651,1.9222,3.6691,5.1165,"[[6.541, 0.0], [13.965, -0.131], [24.101, -0.131], [26.1, -0.196], [28.099, -0.131], [44.945, -0.196]]",ok,6.5176,0.0,0.0,0.0,0.0,0.0,0.0,0.0,0.0,0.0,b364e3e790fe40b9836c19782d80df4b,scene-1069,42
3.8254,6.5784,13.2131,3.0141,4.5281,6.797,0.0,0.0,0.0,0.0,0.0,0.0,0.0,0.0,0.0,ok,straight,4.6817,5.8666,12.214,3.1568,4.672,5.7514,True,"[-0.0653, -0.0653, -0.1958, -0.0653]","[-1517.9667, -3251.3315, -5149.7177, -27259.4014]","[-2008690.8258, -2010424.1905, -2012322.5767, -2034432.2604]","[6.893, 5.372, 5.565, 5.651]","[[[3.6858, 0.0], [5.9701, 0.0], [9.5392, 0.0], [15.5353, -0.0653], [17.3913, -0.1305], [19.39, -0.1305]], [[3.6858, 0.0], [5.9701, 0.0], [9.5392, 0.0], [15.5353, -0.0653], [23.1019, 0.0], [22.8163, -0.1305]], [[3.6858, 0.0], [5.9701, 0.0], [9.5392, 0.0], [15.5353, -0.0653], [23.3874, -0.2611], [21.3887, 0.3916]], [[3.6858, 0.0], [5.9701, 0.0], [9.5392, 0.0], [15.5353, -0.0653], [27.3848, -0.1305], [17.9623, -0.1305]]]",0.599,0.0,0.0,0.0,0.0,0.0,0.0,False,"[4, 4, 4]",0.0,0.0,0.0,5.3724,4.0,4.6817,5.8666,9.7879,3.1568,4.672,5.3724,"[[3.686, 0.0], [5.97, 0.0], [9.539, 0.0], [15.535, -0.065], [23.245, -0.131], [20.389, -0.131]]",ok,6.8929,0.0,0.0,0.0,0.0,0.0,0.0,0.0,0.0,0.0,79db58d69e7d401d94bbf1f001019051,scene-1069,42
0.2202,0.8646,1.9244,0.4226,0.7758,1.0217,0.0,0.0,0.0,0.0,0.0,0.0,0.0,0.0,0.0,ok,straight,0.2202,1.4315,2.9394,0.494,1.3641,1.5732,False,"[-0.1305, -0.1305, -0.1305, -0.1305]","[-6023.2496, -8505.4281, -14293.2329, -61373.902]","[-1879866.1526, -1882348.3311, -1888136.1359, -1935216.805]","[1.414, 2.691, 3.963, 3.759]","[[[5.5418, 0.0], [10.5386, -0.1305], [19.8183, -0.1305], [24.244, -0.1958], [26.5282, -0.1305], [36.8073, -0.2611]], [[5.5418, 0.0], [10.5386, -0.1305], [19.8183, -0.1305], [24.244, -0.1958], [30.8112, -0.1305], [27.3848, -0.2611]], [[5.5418, 0.0], [10.5386, -0.1305], [19.8183, -0.1305], [24.244, -0.1958], [19.39, -0.2611], [24.8151, 0.2611]], [[5.5418, 0.0], [10.5386, -0.1305], [19.8183, -0.1305], [24.244, -0.1958], [43.089, -0.1305], [36.5218, -0.2611]]]",1.0134,0.0,0.0,0.0,0.0,0.0,0.0,False,"[4, 4, 4]",0.0,0.0,0.0,1.4139,4.0,0.2202,1.4315,1.9244,0.494,1.3641,1.4139,"[[5.542, 0.0], [10.539, -0.131], [19.818, -0.131], [24.244, -0.196], [28.67, -0.131], [31.953, -0.261]]",ok,3.963,0.0,0.0,0.0,0.0,0.0,0.0,0.0,0.0,0.0,23779301ebc34c1284e539ddf057f0b4,scene-1070,42
3.6201,7.595,12.8389,2.7627,4.4649,6.4136,0.0,0.0,0.0,0.0,0.0,0.0,0.0,0.0,0.0,ok,straight,3.4774,2.5979,12.7167,1.8343,2.936,4.8572,True,"[-0.718, -0.1305, -0.1305, -0.7833]","[-4272.7482, -5795.1857, -25981.2625, -101838.6599]","[-2264447.0014, -2265969.4389, -2286155.5158, -2362012.9132]","[4.798, 5.301, 7.134, 6.098]","[[[5.6846, -0.0653], [8.6826, -0.1305], [12.3945, 0.3916], [20.9604, -0.1958], [23.3874, -0.9138], [23.6729, -1.436]], [[5.6846, -0.0653], [8.6826, -0.1305], [12.3945, 0.3916], [20.9604, -0.1958], [21.9598, -0.5222], [21.9598, -0.2611]], [[5.6846, -0.0653], [8.6826, -0.1305], [12.3945, 0.3916], [20.9604, -0.1958], [25.6716, -1.1749], [7.3977, -0.2611]], [[5.6846, -0.0653], [8.6826, -0.1305], [12.3945, 0.3916], [20.9604, -0.1958], [41.3758, 0.1305], [22.2453, -1.5666]]]",0.8827,0.0,0.0,0.0,0.0,0.0,0.0,False,"[4, 4, 4]",0.0,0.0,0.0,4.798,4.0,3.4774,2.5979,11.2036,1.8343,2.936,4.798,"[[5.685, -0.065], [8.683, -0.131], [12.395, 0.392], [20.96, -0.196], [24.53, -0.718], [22.103, -0.849]]",ok,7.1339,0.0,0.0,0.0,0.0,0.0,0.0,0.0,0.0,0.0,7f86adb3a3ee43e7b69a410b28ef6ab0,scene-1070,42
1.824,3.2977,5.0329,1.2879,1.8283,2.7355,0.0,0.0,0.0,0.0,0.0,0.0,0.0,0.0,0.0,ok,straight,1.5362,0.7279,35.0136,0.7884,1.3644,7.3536,False,"[-0.0653, -0.1305, -0.0653, -0.0]","[-4028.265, -20865.0286, -44432.8069, -684546.6792]","[-2013158.1758, -2029994.9393, -2053562.7176, -2693676.59]","[2.426, 8.232, 7.287, 12.288]","[[[5.8273, 0.0], [13.1083, -0.0653], [20.5321, 0.0], [23.9585, -0.0653], [33.0954, -0.1305], [39.6626, -0.1305]], [[5.8273, 0.0], [13.1083, -0.0653], [20.5321, 0.0], [23.9585, -0.0653], [37.9494, 0.0], [69.6432, -0.2611]], [[5.8273, 0.0], [13.1083, -0.0653], [20.5321, 0.0], [23.9585, -0.0653], [32.2388, 0.3916], [69.6432, 0.1305]], [[5.8273, 0.0], [13.1083, -0.0653], [20.5321, 0.0], [23.9585, -0.0653], [0.2595, 16.5798], [69.6432, 0.0]]]",3.5084,0.0,0.0,0.0,0.0,0.0,0.0,False,"[4, 4, 4]",0.0,0.0,0.0,2.4262,4.0,1.5362,0.7279,5.0329,0.7884,1.3644,2.4262,"[[5.827, 0.0], [13.108, -0.065], [20.532, 0.0], [23.958, -0.065], [32.667, 0.196], [69.643, -0.065]]",ok,12.2879,0.0,0.0,0.0,0.0,0.0,0.0,0.0,0.0,0.0,9b5678cae57643908e22f01ca710d135,scene-1070,42
2.8625,5.6101,14.9859,2.4835,3.6139,6.3846,0.0,0.0,1.0,0.0,0.0,1.0,0.0,0.0,0.16666666666666666,ok,straight,3.4333,8.6097,14.2722,3.4114,5.1846,7.86,False,"[-0.0, -0.0653, -0.0653, -0.1305]","[-982.5744, -2763.2333, -37367.4138, -79552.9901]","[-2429537.1112, -2431317.7701, -2465921.9506, -2508107.5269]","[7.861, 7.432, 12.095, 7.91]","[[[7.826, 0.0], [13.1083, -0.0653], [19.6755, -0.0653], [27.8131, 0.0], [37.0928, -0.5222], [42.8034, 0.0]], [[7.826, 0.0], [13.1083, -0.0653], [19.6755, -0.0653], [27.8131, 0.0], [33.0954, -0.1305], [44.2311, -0.1305]], [[7.826, 0.0], [13.1083, -0.0653], [19.6755, -0.0653], [27.8131, 0.0], [35.6652, -0.1305], [69.6432, -0.1305]], [[7.826, 0.0], [13.1083, -0.0653], [19.6755, -0.0653], [27.8131, 0.0], [43.089, -0.1305], [21.3887, -0.2611]]]",1.8975,0.0,0.0,1.0,0.0,0.0,1.0,True,"[4, 4, 4]",0.0,0.0,0.3333333333333333,7.4318,4.0,3.4333,8.6097,14.9859,3.4114,5.1846,7.4318,"[[7.826, 0.0], [13.108, -0.065], [19.676, -0.065], [27.813, 0.0], [36.379, -0.131], [43.517, -0.131]]",ok,12.0951,0.0,0.0,0.0,0.0,0.0,0.0,0.0,0.0,0.0,5e0802535c0548728901a834f82b1c4f,scene-1070,42
3.3472,9.6831,14.3405,2.395,4.5638,6.7882,0.0,1.0,1.0,0.0,1.0,1.0,0.0,0.25,0.3333333333333333,ok,straight,4.489,8.3982,27.0467,2.7519,4.5638,8.9297,False,"[-0.1958, -0.0653, -0.1305, -0.1305]","[-3576.059, -6426.4757, -42427.4727, -83861.9376]","[-2636687.4532, -2639537.8699, -2675538.8669, -2716973.3318]","[5.602, 6.788, 11.452, 10.643]","[[[6.1129, 0.0], [14.536, -0.1305], [19.39, 0.0], [28.3842, -0.1305], [33.381, -0.5222], [36.8073, -0.3916]], [[6.1129, 0.0], [14.536, -0.1305], [19.39, 0.0], [28.3842, -0.1305], [33.0954, -0.1305], [44.2311, -0.1305]], [[6.1129, 0.0], [14.536, -0.1305], [19.39, 0.0], [28.3842, -0.1305], [35.6652, -0.1305], [69.6432, 0.2611]], [[6.1129, 0.0], [14.536, -0.1305], [19.39, 0.0], [28.3842, -0.1305], [30.8112, -0.1305], [69.6432, -0.2611]]]",2.4786,0.0,0.0,0.0,0.0,0.0,0.0,False,"[4, 4, 4]",0.0,0.0,0.0,5.6024,4.0,4.489,8.3982,6.9272,2.7519,4.5638,5.6024,"[[6.113, 0.0], [14.536, -0.131], [19.39, 0.0], [28.384, -0.131], [33.238, -0.131], [56.937, -0.196]]",ok,11.4519,0.0,0.0,0.0,0.0,0.0,0.0,0.0,0.0,0.0,7e351605549547f8af19432917f23b73,scene-1071,42
3.8603,8.8579,13.5403,3.029,5.4805,7.7835,0.0,0.0,0.0,0.0,0.0,0.0,0.0,0.0,0.0,ok,straight,2.1478,7.4284,11.1121,2.1728,4.4452,6.8314,True,"[-0.0653, -0.3264, -0.3264, -0.1958]","[-2245.5891, -2972.0757, -9639.1807, -19414.1703]","[-2823272.3487, -2823998.8353, -2830665.9403, -2840440.9299]","[7.093, 8.05, 5.137, 7.045]","[[[2.2582, 0.0], [6.8267, 0.0], [7.5405, 0.0], [10.5386, -0.1305], [11.1096, -0.1305], [13.1083, -0.1305]], [[2.2582, 0.0], [6.8267, 0.0], [7.5405, 0.0], [10.5386, -0.1305], [9.3964, 0.0], [9.1109, 0.6527]], [[2.2582, 0.0], [6.8267, 0.0], [7.5405, 0.0], [10.5386, -0.1305], [24.8151, -1.0444], [37.0928, -0.6527]], [[2.2582, 0.0], [6.8267, 0.0], [7.5405, 0.0], [10.5386, -0.1305], [6.5412, -0.1305], [17.9623, -0.3916]]]",1.0572,0.0,0.0,0.0,0.0,0.0,0.0,False,"[4, 4, 4]",0.0,0.0,0.0,5.1367,4.0,2.1478,7.4284,10.4506,2.1728,4.4452,5.1367,"[[2.258, 0.0], [6.827, 0.0], [7.541, 0.0], [10.539, -0.131], [10.253, -0.131], [15.535, -0.261]]",ok,8.0497,0.0,0.0,0.0,0.0,0.0,0.0,0.0,0.0,0.0,f02d48168d5145109cfb2ddd7f35b04e,scene-1071,42
5.6458,15.269,17.8261,4.1688,8.24,10.9676,0.0,1.0,0.0,0.0,1.0,1.0,0.0,0.5,0.5,ok,straight,8.3597,13.4133,11.9874,21.3012,15.736,15.2299,False,"[-0.0653, -0.5222, -3.5901, -8.2899]","[-272713.1905, -272719.0551, -361221.705, -665378.6769]","[-4900416.554, -4900422.4186, -4988925.0684, -5293082.0404]","[15.965, 15.972, 16.823, 16.758]","[[[38.0922, 0.0], [15.8209, 0.1305], [17.8196, 0.1305], [27.8131, 0.0653], [33.0954, 0.0], [39.6626, -0.1305]], [[38.0922, 0.0], [15.8209, 0.1305], [17.8196, 0.1305], [27.8131, 0.0653], [35.9507, 0.5222], [36.8073, -1.0444]], [[38.0922, 0.0], [15.8209, 0.1305], [17.8196, 0.1305], [27.8131, 0.0653], [36.8073, -0.3916], [3.9714, -7.1802]], [[38.0922, 0.0], [15.8209, 0.1305], [17.8196, 0.1305], [27.8131, 0.0653], [-0.026, -4.9609], [30.8112, 16.5798]]]",0.4117,1.0,1.0,1.0,1.0,1.0,1.0,False,"[4, 4, 4]",0.5,0.5,0.6666666666666666,15.9649,4.0,8.3597,13.4133,17.8261,21.3012,15.736,15.9649,"[[38.092, 0.0], [15.821, 0.131], [17.82, 0.131], [27.813, 0.065], [34.523, -0.196], [33.809, -0.587]]",ok,16.8233,0.0,0.0,0.0,0.0,0.0,0.0,0.0,0.0,0.0,2a1710d55ac747339eae4502565b956b,scene-1071,42
2.5276,11.2958,17.717,2.218,4.8497,7.5135,0.0,1.0,0.0,0.0,1.0,1.0,0.0,0.25,0.16666666666666666,ok,straight,2.3273,11.0092,20.7371,2.3321,5.6915,9.8148,False,"[-0.5222, -0.5222, -0.1958, -0.0653]","[-22111.9621, -22772.7537, -24141.0237, -33546.2952]","[-2878103.8579, -2878764.6496, -2880132.9195, -2889538.191]","[10.65, 9.189, 10.846, 8.074]","[[[6.3984, -0.0653], [5.6846, -0.0653], [18.8189, 0.0], [26.2427, -0.1958], [35.9507, -0.2611], [45.6587, 1.0444]], [[6.3984, -0.0653], [5.6846, -0.0653], [18.8189, 0.0], [26.2427, -0.1958], [33.952, -1.6971], [38.806, 1.0444]], [[6.3984, -0.0653], [5.6846, -0.0653], [18.8189, 0.0], [26.2427, -0.1958], [33.952, 1.1749], [48.7996, 0.3916]], [[6.3984, -0.0653], [5.6846, -0.0653], [18.8189, 0.0], [26.2427, -0.1958], [26.5282, -0.1305], [39.6626, -0.1305]]]",1.1313,0.0,1.0,0.0,0.0,1.0,1.0,False,"[4, 4, 4]",0.0,0.25,0.3333333333333333,8.074,4.0,2.3273,11.0092,17.7154,2.3321,5.6915,8.074,"[[6.398, -0.065], [5.685, -0.065], [18.819, 0.0], [26.243, -0.196], [33.952, -0.196], [42.661, 0.718]]",ok,10.8457,0.0,0.0,0.0,0.0,0.0,0.0,0.0,0.0,0.0,dd30cd99e03a43ecb74f1a41769bd9a7,scene-1071,42
2.0185,8.8066,13.3623,1.9747,3.6613,6.5258,0.0,0.0,1.0,0.0,0.0,1.0,0.0,0.0,0.3333333333333333,ok,straight,3.1605,8.6639,19.2145,2.6171,6.6231,8.1411,False,"[-0.0653, -0.1305, -0.0653, -0.0653]","[-24471.9031, -89629.9211, -141778.6602, -269018.6655]","[-2107474.805, -2172632.823, -2224781.5621, -2352021.5674]","[8.5, 12.925, 7.124, 10.925]","[[[6.6839, 0.0], [12.2517, -0.0653], [26.0999, -0.1958], [26.3855, -0.1305], [33.0954, -0.1305], [39.6626, -0.1305]], [[6.6839, 0.0], [12.2517, -0.0653], [26.0999, -0.1958], [26.3855, -0.1305], [29.6691, 0.1305], [69.6432, -0.2611]], [[6.6839, 0.0], [12.2517, -0.0653], [26.0999, -0.1958], [26.3855, -0.1305], [6.8267, -0.1305], [27.3848, -0.1305]], [[6.6839, 0.0], [12.2517, -0.0653], [26.0999, -0.1958], [26.3855, -0.1305], [7.9688, -0.3916], [51.3693, -0.1305]]]",2.2286,0.0,0.0,0.0,0.0,1.0,1.0,False,"[4, 4, 4]",0.0,0.25,0.16666666666666666,7.1236,4.0,3.1605,8.6639,1.124,2.6171,6.6231,7.1236,"[[6.684, 0.0], [12.252, -0.065], [26.1, -0.196], [26.385, -0.131], [18.819, -0.131], [45.516, -0.131]]",ok,12.9255,0.0,0.0,0.0,0.0,0.0,0.0,0.0,0.0,0.0,f9ad282e31ce47d5a16dffc3b25c456a,scene-1072,42
4.0662,8.9452,12.9643,2.922,5.0841,7.3833,0.0,0.0,1.0,0.0,0.0,1.0,0.0,0.0,0.3333333333333333,ok,straight,3.2089,7.6641,16.2478,2.8502,5.5845,8.3594,False,"[-1.436, -0.0653, -0.1958, -0.0]","[-7751.8995, -8296.9037, -10974.5999, -42275.1343]","[-2517429.6864, -2517974.6906, -2520652.3868, -2551952.9212]","[7.902, 7.717, 8.955, 12.912]","[[[7.255, 0.0], [12.2517, -0.0653], [22.2453, -0.1305], [25.2434, -0.3264], [32.2388, 0.0], [41.3758, -2.8721]], [[7.255, 0.0], [12.2517, -0.0653], [22.2453, -0.1305], [25.2434, -0.3264], [33.0954, -0.1305], [39.6626, -0.1305]], [[7.255, 0.0], [12.2517, -0.0653], [22.2453, -0.1305], [25.2434, -0.3264], [35.6652, -0.2611], [44.5166, -0.3916]], [[7.255, 0.0], [12.2517, -0.0653], [22.2453, -0.1305], [25.2434, -0.3264], [34.2375, -1.1749], [69.6432, 0.0]]]",2.0979,0.0,0.0,1.0,0.0,1.0,1.0,False,"[4, 4, 4]",0.0,0.25,0.5,7.7168,4.0,3.2089,7.6641,12.9636,2.8502,5.5845,7.7168,"[[7.255, 0.0], [12.252, -0.065], [22.245, -0.131], [25.243, -0.326], [33.666, -0.196], [42.946, -0.261]]",ok,12.9119,0.0,0.0,0.0,0.0,0.0,0.0,0.0,0.0,0.0,fcd1acc0208f4ac08c879e2be95529a5,scene-1072,42
1.043,0.0684,0.46,0.893,0.7681,1.0585,0.0,0.0,0.0,0.0,0.0,0.0,0.0,0.0,0.0,ok,straight,0.0585,1.5446,22.6686,0.258,0.6753,4.4126,False,"[-0.0653, -0.4569, -0.0653, -0.0653]","[-402.1823, -16865.3873, -18739.1748, -169341.546]","[-503229.7741, -1520096.4823, -1521970.2697, -1672572.6409]","[0.569, 5.081, 4.321, 8.755]","[[[3.9714, 0.0], [8.3971, 0.0], [12.9656, -0.0653], [17.534, -0.1305], [19.39, -0.1305], [21.9598, -0.1305]], [[3.9714, 0.0], [8.3971, 0.0], [12.9656, -0.0653], [17.534, -0.1305], [22.8163, 0.0], [46.5153, -0.9138]], [[3.9714, 0.0], [8.3971, 0.0], [12.9656, -0.0653], [17.534, -0.1305], [21.1032, -0.3916], [43.66, 0.1305]], [[3.9714, 0.0], [8.3971, 0.0], [12.9656, -0.0653], [17.534, -0.1305], [16.5347, -0.1305], [69.6432, 0.1305]]]",2.9069,0.0,0.0,0.0,0.0,0.0,0.0,False,"[4, 4, 4]",0.0,0.0,0.0,0.5689,4.0,0.0585,1.5446,0.46,0.258,0.6753,0.5689,"[[3.971, 0.0], [8.397, 0.0], [12.966, -0.065], [17.534, -0.131], [20.247, -0.131], [45.088, 0.0]]",ok,8.7555,0.0,0.0,0.0,0.0,0.0,0.0,0.0,0.0,0.0,70d04b7ebd6f4cae85f7c0f1dade1871,scene-1072,42
1.9174,3.06,7.2394,1.2685,2.2238,3.6305,0.0,0.0,0.0,0.0,0.0,0.0,0.0,0.0,0.0,ok,straight,3.9154,5.6294,7.8198,2.41,4.6148,6.154,False,"[-0.1305, -0.4569, -0.5875, -0.0]","[-3401.3507, -5445.1298, -30109.3807, -92749.0557]","[-2392447.4901, -2394491.2692, -2419155.5201, -2481795.1951]","[5.225, 4.533, 6.947, 9.555]","[[[4.2569, 0.0], [10.5386, -0.0653], [17.8196, -0.0653], [18.5334, -0.1958], [21.6742, -0.1305], [26.5282, -0.2611]], [[4.2569, 0.0], [10.5386, -0.0653], [17.8196, -0.0653], [18.5334, -0.1958], [22.5308, -0.6527], [21.3887, -0.9138]], [[4.2569, 0.0], [10.5386, -0.0653], [17.8196, -0.0653], [18.5334, -0.1958], [30.8112, 0.0], [27.6704, -1.1749]], [[4.2569, 0.0], [10.5386, -0.0653], [17.8196, -0.0653], [18.5334, -0.1958], [40.2337, -0.3916], [33.952, 0.0]]]",1.9374,0.0,0.0,1.0,0.0,0.0,1.0,False,"[4, 4, 4]",0.0,0.0,0.16666666666666666,4.5329,4.0,3.9154,5.6294,2.2173,2.41,4.6148,4.5329,"[[4.257, 0.0], [10.539, -0.065], [17.82, -0.065], [18.533, -0.196], [26.671, -0.261], [27.099, -0.587]]",ok,9.5553,0.0,0.0,0.0,0.0,0.0,0.0,0.0,0.0,0.0,51b48a4ba38b4824a21d4a8b39a7a6e9,scene-1072,42
3.1148,5.9701,7.3977,2.401,3.6858,4.6852,0.0,1.0,1.0,0.0,1.0,1.0,0.0,0.25,0.5,ok,straight,3.4009,5.6846,7.6833,2.9723,3.9358,5.1612,False,"[-0.0, -0.0, -0.1305, -0.1958]","[-101.6862, -270.0117, -177.5437, -931.473]","[-250502.3378, -250502.8486, -250504.1076, -1251435.5879]","[4.995, 5.28, 4.9, 6.756]","[[[2.5437, 0.0], [3.4003, -0.0653], [4.1141, 0.0], [5.6846, 0.0], [6.8267, 0.0], [7.3977, 0.0]], [[2.5437, 0.0], [3.4003, -0.0653], [4.1141, 0.0], [5.6846, 0.0], [7.9688, 0.0], [7.9688, 0.0]], [[2.5437, 0.0], [3.4003, -0.0653], [4.1141, 0.0], [5.6846, 0.0], [7.1122, 0.0], [6.5412, 0.2611]], [[2.5437, 0.0], [3.4003, -0.0653], [4.1141, 0.0], [5.6846, 0.0], [10.8241, -0.1305], [13.9649, -0.3916]]]",0.7485,0.0,1.0,1.0,0.0,1.0,1.0,True,"[4, 4, 4]",0.0,0.25,0.5,4.9003,4.0,3.4009,5.6846,6.5464,2.9723,3.9358,4.9003,"[[2.544, 0.0], [3.4, -0.065], [4.114, 0.0], [5.685, 0.0], [7.541, 0.0], [7.683, 0.0]]",ok,6.7564,1.0,1.0,0.0,1.0,1.0,1.0,0.5,0.75,0.5,127c5ddf95e947ef96888e56d5a355f6,scene-1073,42
2.5437,4.5424,6.8267,1.8299,2.972,3.9714,0.0,0.0,1.0,0.0,0.0,1.0,0.0,0.0,0.16666666666666666,ok,straight,2.401,4.1141,6.9694,1.7585,2.9363,4.0904,False,"[-0.0, -0.0, -0.0653, -0.0]","[-235.7419, -360.1902, -493.7116, -1462.4166]","[-502146.3494, -502146.6062, -502149.1911, -1503610.1734]","[3.995, 3.995, 4.614, 3.472]","[[[1.1161, 0.0], [2.401, 0.0], [4.1141, 0.0], [4.1141, 0.0], [4.828, -0.1305], [7.3977, 0.0]], [[1.1161, 0.0], [2.401, 0.0], [4.1141, 0.0], [4.1141, 0.0], [5.6846, 0.0], [6.5412, 0.0]], [[1.1161, 0.0], [2.401, 0.0], [4.1141, 0.0], [4.1141, 0.0], [6.5412, 0.0], [9.3964, -0.1305]], [[1.1161, 0.0], [2.401, 0.0], [4.1141, 0.0], [4.1141, 0.0], [5.9701, 0.0], [3.1148, 0.0]]]",0.4046,0.0,0.0,1.0,0.0,0.0,1.0,True,"[4, 4, 4]",0.0,0.0,0.3333333333333333,3.4717,4.0,2.401,4.1141,3.1148,1.7585,2.9363,3.4717,"[[1.116, 0.0], [2.401, 0.0], [4.114, 0.0], [4.114, 0.0], [5.827, 0.0], [6.969, 0.0]]",ok,4.614,1.0,1.0,0.0,1.0,1.0,1.0,0.5,0.75,0.6666666666666666,d527bdde872340a383de3a7cf3979e7d,scene-1073,42
4.0855,5.1094,4.5666,3.1982,4.0706,4.4006,0.0,0.0,0.0,0.0,0.0,0.0,0.0,0.0,0.0,ok,straight,4.0855,6.8222,11.5475,3.6265,4.7133,6.0638,False,"[-0.0653, -0.0653, -0.1305, -0.5222]","[-888.2361, -1600.5674, -19783.9472, -23155.2421]","[-2261051.6668, -2261763.9981, -2279947.3779, -2283318.6728]","[4.924, 4.737, 6.731, 8.634]","[[[3.6858, 0.0], [5.9701, 0.0], [8.5399, -0.0653], [12.8228, 0.0], [13.9649, -0.1305], [15.9636, -0.1305]], [[3.6858, 0.0], [5.9701, 0.0], [8.5399, -0.0653], [12.8228, 0.0], [15.9636, -0.1305], [12.8228, -0.1305]], [[3.6858, 0.0], [5.9701, 0.0], [8.5399, -0.0653], [12.8228, 0.0], [11.9662, -0.1305], [28.8125, 0.2611]], [[3.6858, 0.0], [5.9701, 0.0], [8.5399, -0.0653], [12.8228, 0.0], [14.8215, 0.0], [37.3784, 1.0444]]]",1.5783,0.0,0.0,0.0,0.0,0.0,0.0,False,"[4, 4, 4]",0.0,0.0,0.0,4.737,4.0,4.0855,6.8222,2.0176,3.6265,4.7133,4.737,"[[3.686, 0.0], [5.97, 0.0], [8.54, -0.065], [12.823, 0.0], [14.393, -0.131], [22.388, 0.065]]",ok,8.6344,0.0,0.0,0.0,0.0,0.0,0.0,0.0,0.0,0.0,e353030f3b82412d9619cab425e59985,scene-1073,42
0.5007,3.0775,5.9385,0.4281,1.4381,2.6735,0.0,0.0,0.0,0.0,0.0,0.0,0.0,0.0,0.0,ok,left,0.7392,3.3278,5.8146,0.4763,1.3702,2.5499,True,"[-0.6527, -0.5875, -0.0653, -1.0444]","[-1209.7438, -2022.3136, -21857.3089, -111819.2376]","[-502872.3709, -1504895.222, -1524730.2172, -1614692.146]","[2.741, 2.864, 4.017, 4.291]","[[[2.401, 0.0], [4.6852, -0.2611], [7.6833, -0.5222], [7.9688, -0.8486], [10.5386, -1.1749], [10.5386, -1.3055]], [[2.401, 0.0], [4.6852, -0.2611], [7.6833, -0.5222], [7.9688, -0.8486], [9.682, -3.2637], [13.6794, -1.1749]], [[2.401, 0.0], [4.6852, -0.2611], [7.6833, -0.5222], [7.9688, -0.8486], [13.6794, -1.8277], [1.1161, -0.1305]], [[2.401, 0.0], [4.6852, -0.2611], [7.6833, -0.5222], [7.9688, -0.8486], [14.2505, 16.5798], [15.3926, -2.0888]]]",0.6841,0.0,0.0,0.0,0.0,0.0,0.0,False,"[4, 4, 4]",0.0,0.0,0.0,2.7411,4.0,0.7392,3.3278,6.7282,0.4763,1.3702,2.7411,"[[2.401, 0.0], [4.685, -0.261], [7.683, -0.522], [7.969, -0.849], [12.109, -1.501], [12.109, -1.24]]",ok,4.2912,0.0,0.0,0.0,0.0,0.0,0.0,0.0,0.0,0.0,a7c9bbdba0ca4bd5b990b67654d8d836,scene-1073,42
