base_L2@1s,base_L2@2s,base_L2@3s,base_avgL2@1s,base_avgL2@2s,base_avgL2@3s,base_coll@1s,base_coll@2s,base_coll@3s,base_cumColl@1s,base_cumColl@2s,base_cumColl@3s,base_meanColl@1s,base_meanColl@2s,base_meanColl@3s,base_status,command,got_L2@1s,got_L2@2s,got_L2@3s,got_avgL2@1s,got_avgL2@2s,got_avgL2@3s,got_beats_base,got_cand_cmd,got_cand_kin,got_cand_total,got_cand_vals,got_cand_wps,got_candidate_spread,got_coll@1s,got_coll@2s,got_coll@3s,got_cumColl@1s,got_cumColl@2s,got_cumColl@3s,got_fuse_feasible,got_fuse_n,got_meanColl@1s,got_meanColl@2s,got_meanColl@3s,got_minADE_C,got_n_candidates,got_oracle_L2@1s,got_oracle_L2@2s,got_oracle_L2@3s,got_oracle_avgL2@1s,got_oracle_avgL2@2s,got_oracle_avgL2@3s,got_pred,got_status,got_worst_candidate,mean_coll@1s,mean_coll@2s,mean_coll@3s,mean_cumColl@1s,mean_cumColl@2s,mean_cumColl@3s,mean_meanColl@1s,mean_meanColl@2s,mean_meanColl@3s,sample_token,scene,seed
0.0063,0.0092,0.1641,0.0054,0.007,0.0345,0.0,0.0,0.0,0.0,0.0,0.0,0.0,0.0,0.0,ok,straight,0.0063,0.0092,0.1641,0.0054,0.007,0.0345,False,"[-0.0, -0.0, -0.0, -0.0, -0.0, -0.0, -0.0, -0.3264]","[-0.013, -25.0582, -232.5449, -330.8132, -441.9216, -983.2898, -14473.1387, -1523176.7182]","[2.7332, 2.7332, 2.7327, 2.7325, 2.7323, -1000981.3172, -1014471.166, -2523174.7455]","[0.035, 0.17, 1.121, 0.543, 0.507, 0.785, 1.832, 12.971]","[[[-0.026, 0.0], [-0.026, 0.0], [-0.026, 0.0], [-0.026, 0.0], [-0.026, 0.0], [-0.026, 0.0]], [[-0.026, 0.0], [-0.026, 0.0], [-0.026, 0.0], [-0.026, 0.0], [-0.026, 0.0], [1.1161, 0.0]], [[-0.026, 0.0], [-0.026, 0.0], [1.1161, 0.0], [1.6871, 0.0], [0.8306, 0.0], [-2.8813, 0.0]], [[-0.026, 0.0], [-0.026, 0.0], [1.1161, 0.0], [1.6871, 0.0], [0.2595, 0.0], [0.2595, 0.0]], [[-0.026, 0.0], [-0.026, 0.0], [1.1161, 0.0], [1.6871, 0.0], [-0.026, 0.0], [-0.026, 0.0]], [[-0.026, 0.0], [-0.026, 0.0], [1.1161, 0.0], [1.6871, 0.0], [-0.026, 0.0], [1.9727, 0.0]], [[-0.026, 0.0], [-0.026, 0.0], [-0.026, 0.0], [-0.026, 0.0], [7.9688, -0.1305], [3.1148, 0.0]], [[-0.026, 0.0], [-0.026, 0.0], [-0.026, 0.0], [-0.026, 0.0], [69.6432, 0.1305], [8.2543, 0.6527]]]",4.0885,0.0,0.0,0.0,0.0,0.0,0.0,True,[3],0.0,0.0,0.0,0.0345,8.0,0.0063,0.0092,0.1641,0.0054,0.007,0.0345,"[[-0.026, 0.0], [-0.026, 0.0], [-0.026, 0.0], [-0.026, 0.0], [-0.026, 0.0], [-0.026, 0.0]]",ok,12.9714,1.0,1.0,1.0,1.0,1.0,1.0,0.5,0.75,0.8333333333333334,fd8420396768425eabec9bdddf7e64b6,scene-0003,42
0.1224,0.145,1.5888,0.2151,0.1712,0.4209,0.0,0.0,0.0,0.0,0.0,0.0,0.0,0.0,0.0,ok,straight,0.1224,0.145,1.0178,0.2151,0.1712,0.3257,True,"[-0.0, -0.0, -0.0, -0.0, -0.4569, -0.0653, -0.0, -0.1305]","[-21.6175, -39.932, -134.4027, -1110.6865, -1385.0345, -1469.6562, -1652.4236, -343270.1788]","[3.2472, 3.2463, 3.2462, -1001108.3732, -1001382.722, -1001467.3429, -1001650.111, -1343267.8662]","[0.326, 0.318, 0.849, 0.511, 1.28, 0.624, 0.6, 5.682]","[[[1.1161, 0.0], [1.6871, 0.0], [2.2582, 0.0], [2.5437, 0.0], [3.4003, 0.0], [4.5424, 0.0]], [[0.545, 0.0], [1.6871, 0.0], [2.2582, 0.0], [2.5437, 0.0], [3.4003, 0.0], [4.5424, 0.0]], [[1.1161, 0.0], [1.6871, 0.0], [2.2582, 0.0], [2.5437, 0.0], [4.5424, 0.0], [6.5412, 0.0]], [[1.1161, 0.0], [1.6871, 0.0], [2.2582, 0.0], [2.5437, 0.0], [4.828, 0.1305], [2.8293, 0.0]], [[0.545, 0.0], [1.6871, 0.0], [2.2582, 0.0], [2.5437, 0.0], [3.4003, 0.0], [10.253, 0.9138]], [[1.1161, 0.0], [1.6871, 0.0], [2.2582, 0.0], [2.5437, 0.0], [0.8306, 0.0], [4.2569, 0.1305]], [[0.545, 0.0], [1.6871, 0.0], [2.2582, 0.0], [2.5437, 0.0], [5.1135, 0.2611], [2.5437, 0.0]], [[0.545, 0.0], [1.6871, 0.0], [2.2582, 0.0], [2.5437, 0.0], [29.3835, 16.5798], [1.1161, -0.2611]]]",1.6912,0.0,0.0,0.0,0.0,0.0,0.0,True,[3],0.0,0.0,0.0,0.3184,8.0,0.1224,0.145,1.0178,0.1931,0.1602,0.3184,"[[1.116, 0.0], [1.687, 0.0], [2.258, 0.0], [2.544, 0.0], [3.4, 0.0], [4.542, 0.0]]",ok,5.6818,0.0,0.0,0.0,0.0,0.0,0.0,0.0,0.0,0.0,6b9af38cbf654171870cb14b4ae89fd6,scene-0003,42
0.0852,0.5533,2.8013,0.2338,0.2781,0.6874,0.0,0.0,1.0,0.0,0.0,1.0,0.0,0.0,0.16666666666666666,ok,straight,0.0852,0.3159,2.3419,0.2338,0.2188,0.5713,True,"[-0.0, -0.0, -0.0, -0.0, -0.0653, -0.1305, -0.0, -0.0]","[-53.5211, -79.1701, -303.5036, -307.2717, -837.9125, -1109.1315, -2430.4789, -14156.2575]","[3.9596, 3.9539, 3.9041, 3.8989, -1000835.0152, -1001106.2387, -1002427.586, -1014153.3646]","[0.429, 0.571, 0.949, 0.611, 2.424, 0.623, 0.829, 1.589]","[[[0.2595, 0.0], [1.1161, 0.0], [1.6871, 0.0], [1.6871, 0.0], [2.5437, 0.0], [4.2569, 0.0]], [[0.2595, 0.0], [1.1161, 0.0], [1.6871, 0.0], [1.6871, 0.0], [2.5437, 0.0], [5.1135, 0.0]], [[0.2595, 0.0], [1.1161, 0.0], [1.6871, 0.0], [1.6871, 0.0], [3.9714, 0.0], [5.9701, 0.0]], [[0.2595, 0.0], [1.1161, 0.0], [1.6871, 0.0], [2.5437, 0.0], [2.5437, 0.0], [5.1135, 0.0]], [[0.2595, 0.0], [1.1161, 0.0], [1.6871, 0.0], [1.6871, 0.0], [5.6846, 0.0], [13.1083, -0.1305]], [[0.2595, 0.0], [1.1161, 0.0], [1.6871, 0.0], [2.5437, 0.0], [0.545, 0.0], [1.9727, 0.2611]], [[0.2595, 0.0], [1.1161, 0.0], [1.6871, 0.0], [2.5437, 0.0], [5.6846, 0.0], [2.2582, 0.0]], [[0.2595, 0.0], [1.1161, 0.0], [1.6871, 0.0], [2.5437, 0.0], [9.1109, 0.0], [1.1161, 0.0]]]",0.6336,0.0,0.0,0.0,0.0,0.0,0.0,True,[3],0.0,0.0,0.0,0.4287,8.0,0.0852,0.3159,1.4865,0.2338,0.2188,0.4287,"[[0.259, 0.0], [1.116, 0.0], [1.687, 0.0], [1.687, 0.0], [2.544, 0.0], [5.113, 0.0]]",ok,2.4245,0.0,0.0,0.0,0.0,0.0,0.0,0.0,0.0,0.0,37b3d16060b442d5b6175cbebefd09a7,scene-0003,42
0.6693,1.5328,1.7145,0.6282,1.0243,1.3773,0.0,0.0,0.0,0.0,0.0,0.0,0.0,0.0,0.0,ok,straight,0.6693,1.5328,1.7145,0.6282,1.0243,1.3297,True,"[-0.0, -0.0, -0.0, -0.0, -0.2611, -0.0, -1.0444, -0.0653]","[-46.4526, -224.5737, -168.4051, -362.6377, -1016.1108, -1218.278, -2712.2227, -90258.1283]","[2.6031, 2.597, 2.597, 2.5905, -1001014.4147, -1001216.5838, -1002710.5266, -1090256.4342]","[1.33, 1.617, 1.197, 1.484, 1.308, 0.81, 1.812, 4.139]","[[[1.1161, 0.0], [2.5437, 0.0], [3.6858, 0.0], [5.1135, 0.0], [5.9701, 0.0], [7.3977, 0.0]], [[1.1161, 0.0], [2.5437, 0.0], [3.6858, 0.0], [5.1135, 0.0], [5.1135, -0.2611], [6.5412, 0.0]], [[1.9727, 0.0], [3.4003, 0.0], [3.6858, 0.0], [5.1135, 0.0], [5.9701, 0.0], [7.3977, 0.0]], [[1.9727, 0.0], [3.4003, 0.0], [3.6858, 0.0], [5.1135, 0.0], [6.5412, 0.1305], [5.1135, 0.0]], [[1.1161, 0.0], [2.5437, 0.0], [3.6858, 0.0], [5.1135, 0.0], [6.5412, -1.9582], [10.253, -0.5222]], [[1.9727, 0.0], [3.4003, 0.0], [3.6858, 0.0], [5.1135, 0.0], [8.8254, -0.1305], [8.2543, 0.0]], [[1.1161, 0.0], [2.5437, 0.0], [3.6858, 0.0], [5.1135, 0.0], [5.1135, 0.0], [12.2517, -2.0888]], [[1.9727, 0.0], [3.4003, 0.0], [3.6858, 0.0], [5.1135, 0.0], [6.5412, 16.5798], [4.2569, 0.1305]]]",0.9584,0.0,0.0,0.0,0.0,0.0,0.0,True,[3],0.0,0.0,0.0,0.8101,8.0,0.1915,1.5328,0.8583,0.2312,0.8259,0.8101,"[[1.116, 0.0], [2.544, 0.0], [3.686, 0.0], [5.113, 0.0], [5.97, 0.0], [7.398, 0.0]]",ok,4.139,0.0,0.0,0.0,0.0,0.0,0.0,0.0,0.0,0.0,08254b97198045d98009af51d144d147,scene-0003,42
0.3278,1.3075,1.7098,0.2143,0.6082,0.9387,0.0,0.0,0.0,0.0,0.0,0.0,0.0,0.0,0.0,ok,left,0.219,1.1167,1.7098,0.286,0.5964,0.9425,False,"[0.8486, 0.8486, 1.436, 3.9818, 1.3708, 0.2611, -0.5222, -1.3055]","[-259.7881, -237.8714, -1071.0416, -1312.2779, -1611.1967, -34419.1922, -90445.6872, -954451.1759]","[2.9186, 2.8949, -1001068.5705, -1001309.7831, -1001608.7018, -1034416.7212, -1090443.2161, -1954448.681]","[0.919, 0.943, 1.763, 1.958, 1.197, 4.191, 3.793, 10.052]","[[[3.4003, 0.0], [6.8267, 0.1305], [10.5386, 0.2611], [13.1083, 0.5222], [17.3913, 0.7833], [21.3887, 1.6971]], [[3.1148, 0.0], [7.1122, 0.1305], [10.5386, 0.2611], [13.1083, 0.5222], [17.3913, 0.7833], [21.3887, 1.6971]], [[3.1148, 0.0], [7.1122, 0.1305], [10.5386, 0.2611], [13.1083, 0.5222], [16.2492, 1.3055], [14.536, 2.8721]], [[3.4003, 0.0], [6.8267, 0.1305], [10.5386, 0.2611], [13.1083, 0.5222], [19.6755, 2.611], [26.8138, 7.9635]], [[3.4003, 0.0], [6.8267, 0.1305], [10.5386, 0.2611], [13.1083, 0.5222], [15.3926, 1.8277], [23.6729, 2.7415]], [[3.1148, 0.0], [7.1122, 0.1305], [10.5386, 0.2611], [13.1083, 0.5222], [3.4003, 0.1305], [13.1083, 0.5222]], [[3.1148, 0.0], [7.1122, 0.1305], [10.5386, 0.2611], [13.1083, 0.5222], [16.8202, 16.5798], [16.8202, -1.0444]], [[3.4003, 0.0], [6.8267, 0.1305], [10.5386, 0.2611], [13.1083, 0.5222], [69.6432, 1.6971], [21.3887, -2.611]]]",2.8751,0.0,0.0,0.0,0.0,0.0,0.0,True,[3],0.0,0.0,0.0,0.9186,8.0,0.3278,1.1167,1.7098,0.2143,0.5605,0.9186,"[[3.115, 0.0], [7.112, 0.131], [10.539, 0.261], [13.108, 0.522], [17.391, 0.783], [21.389, 1.697]]",ok,10.0522,0.0,0.0,0.0,0.0,0.0,0.0,0.0,0.0,0.0,88a090c54cc844cc878f00d08274a683,scene-0012,42
0.3311,0.5222,1.8555,0.326,0.434,0.8542,0.0,0.0,0.0,0.0,0.0,0.0,0.0,0.0,0.0,ok,straight,0.3311,0.5222,1.8555,0.326,0.434,0.9002,False,"[-0.1305, -0.1305, -0.9138, -0.0, -0.0653, -1.2402, -0.0, -1.5013]","[-178.253, -184.1414, -1510.8186, -2413.7493, -17760.0115, -23699.6775, -25323.1933, -34695.6875]","[3.8821, 3.8526, -1001508.5812, -1002411.5119, -1017757.7741, -1023697.4691, -1025320.9849, -1034693.4791]","[0.9, 1.131, 1.391, 0.954, 3.027, 2.689, 4.178, 2.768]","[[[4.828, 0.0], [9.3964, -0.1305], [14.2505, -0.1305], [18.8189, -0.1305], [24.8151, -0.2611], [29.6691, -0.2611]], [[5.399, 0.0], [10.253, 0.1305], [14.2505, -0.1305], [18.8189, -0.1305], [24.8151, -0.2611], [29.6691, -0.2611]], [[4.828, 0.0], [9.3964, -0.1305], [14.2505, -0.1305], [18.8189, -0.1305], [26.5282, -0.3916], [30.2401, -1.8277]], [[4.828, 0.0], [9.3964, -0.1305], [14.2505, -0.1305], [18.8189, -0.1305], [21.1032, -0.7833], [29.6691, 0.0]], [[4.828, 0.0], [9.3964, -0.1305], [14.2505, -0.1305], [18.8189, -0.1305], [33.0954, -0.2611], [34.2375, 0.1305]], [[5.399, 0.0], [10.253, 0.1305], [14.2505, -0.1305], [18.8189, -0.1305], [29.9546, -0.5222], [22.2453, 2.4804]], [[5.399, 0.0], [10.253, 0.1305], [14.2505, -0.1305], [18.8189, -0.1305], [24.244, 0.0], [7.1122, 0.0]], [[5.399, 0.0], [10.253, 0.1305], [14.2505, -0.1305], [18.8189, -0.1305], [33.0954, -0.2611], [25.9572, 3.0026]]]",1.1269,0.0,0.0,0.0,0.0,0.0,0.0,True,[3],0.0,0.0,0.0,0.9002,8.0,0.3311,0.5222,1.8555,0.326,0.434,0.9002,"[[4.828, 0.0], [9.396, -0.131], [14.25, -0.131], [18.819, -0.131], [24.815, -0.261], [29.669, -0.261]]",ok,4.1783,0.0,0.0,0.0,0.0,0.0,0.0,0.0,0.0,0.0,f33e0c3f5d5c426593af8af1c27b68b8,scene-0012,42
1.7592,4.8823,7.162,1.3042,2.8724,4.0952,0.0,0.0,0.0,0.0,0.0,0.0,0.0,0.0,0.0,ok,right,1.2573,4.8823,6.8777,0.8646,2.6525,3.9013,True,"[1.2402, 0.7833, 1.2402, 1.0444, 2.5457, 2.0888, -0.2611, -8.2899]","[-322.0063, -562.0373, -1513.3846, -1745.6942, -4467.9526, -13492.562, -99537.533, -111214.0145]","[3.8863, 3.7402, -1001510.4837, -1001742.7933, -1004465.0827, -1013489.661, -1099534.6632, -1111211.1135]","[3.901, 2.643, 3.426, 2.781, 2.741, 5.006, 6.104, 8.168]","[[[5.399, 0.2611], [9.1109, -0.7833], [12.5373, -0.5222], [16.8202, -1.0444], [20.8176, -1.6971], [24.8151, -2.4804]], [[5.399, 0.2611], [9.1109, -0.7833], [12.5373, -0.5222], [16.8202, -1.0444], [23.6729, -1.436], [30.2401, -1.5666]], [[5.399, 0.2611], [9.1109, -0.7833], [13.3939, -0.3916], [18.8189, -1.3055], [20.8176, -1.6971], [24.8151, -2.4804]], [[5.399, 0.2611], [9.1109, -0.7833], [13.3939, -0.3916], [18.8189, -1.3055], [21.6742, -2.7415], [27.9559, -2.0888]], [[5.399, 0.2611], [9.1109, -0.7833], [12.5373, -0.5222], [16.8202, -1.0444], [25.6716, -2.611], [27.3848, -5.0914]], [[5.399, 0.2611], [9.1109, -0.7833], [13.3939, -0.3916], [18.8189, -1.3055], [15.107, -1.0444], [21.1032, -4.1776]], [[5.399, 0.2611], [9.1109, -0.7833], [12.5373, -0.5222], [16.8202, -1.0444], [19.9611, 16.5798], [26.8138, 0.5222]], [[5.399, 0.2611], [9.1109, -0.7833], [13.3939, -0.3916], [18.8189, -1.3055], [5.9701, -0.6527], [26.2427, 16.5798]]]",1.8406,0.0,0.0,0.0,0.0,0.0,0.0,True,[3],0.0,0.0,0.0,2.643,8.0,1.2573,4.8823,2.1127,0.8646,2.6525,2.643,"[[5.399, 0.261], [9.111, -0.783], [12.537, -0.522], [16.82, -1.044], [20.818, -1.697], [24.815, -2.48]]",ok,8.1676,0.0,0.0,0.0,0.0,0.0,0.0,0.0,0.0,0.0,045ecf94b83648229500b23058af3117,scene-0012,42
1.589,1.3397,2.2393,1.4364,1.4687,1.5437,0.0,0.0,0.0,0.0,0.0,0.0,0.0,0.0,0.0,ok,left,2.9856,1.3397,6.4683,2.2769,1.889,2.4813,False,"[0.8486, -1.3708, 1.5013, 8.2899, 0.8486, 0.718, 0.9138, 3.0679]","[-655.0729, -3152.8148, -3737.2846, -21698.9822, -5326.2702, -13859.2392, -16563.3178, -88440.2815]","[1.7122, -1003151.4125, -1003735.8824, -1021697.58, -2006602.1633, -2015135.1323, -2017839.211, -2089716.1746]","[1.908, 2.888, 3.062, 4.363, 1.628, 4.616, 1.833, 4.603]","[[[3.4003, 0.0], [5.9701, 0.2611], [11.1096, 0.3916], [15.3926, 0.7833], [19.1045, 1.6971], [24.8151, 1.6971]], [[3.4003, 0.0], [5.9701, 0.2611], [11.1096, 0.3916], [15.3926, 0.7833], [19.6755, 1.8277], [29.098, -2.7415]], [[3.4003, 0.0], [5.9701, 0.2611], [11.1096, 0.3916], [15.3926, 0.7833], [21.1032, 4.5692], [31.3822, 3.0026]], [[3.4003, 0.0], [5.9701, 0.2611], [11.1096, 0.3916], [15.3926, 0.7833], [14.2505, 1.6971], [25.3861, 16.5798]], [[3.9714, 0.1305], [9.1109, 0.3916], [13.1083, 0.3916], [12.5373, 0.6527], [19.1045, 1.6971], [24.8151, 1.6971]], [[3.9714, 0.1305], [9.1109, 0.3916], [13.1083, 0.3916], [12.5373, 0.6527], [23.3874, -2.4804], [38.235, 1.436]], [[3.9714, 0.1305], [9.1109, 0.3916], [13.1083, 0.3916], [12.5373, 0.6527], [21.9598, 1.6971], [21.1032, 1.8277]], [[3.9714, 0.1305], [9.1109, 0.3916], [13.1083, 0.3916], [12.5373, 0.6527], [25.6716, 16.5798], [29.098, 6.1358]]]",1.1931,0.0,0.0,0.0,0.0,0.0,0.0,False,[3],0.0,0.0,0.0,1.6279,8.0,0.1865,3.9085,2.7413,0.5894,1.4694,1.6279,"[[3.4, 0.0], [5.97, 0.261], [11.11, 0.392], [15.393, 0.783], [19.676, 1.828], [29.098, 1.697]]",ok,4.6158,0.0,0.0,0.0,0.0,0.0,0.0,0.0,0.0,0.0,2818d76fdbcf49029de0e316a26f8903,scene-0012,42
0.6657,2.1543,5.354,0.6004,1.3545,2.4306,0.0,0.0,0.0,0.0,0.0,0.0,0.0,0.0,0.0,ok,straight,0.6657,2.4356,4.2266,0.6004,1.2833,2.1952,True,"[-0.0, -0.0, -1.1749, -0.4569, -1.8277, -0.9138, -0.3264, -2.0888]","[-83.199, -106.885, -166.7003, -1798.5096, -4167.2967, -4682.1244, -17692.6264, -245886.7146]","[4.1287, 4.11, 2.5565, -1001795.9612, -1004164.7484, -1004679.5576, -1017690.0596, -1245884.1662]","[2.195, 2.105, 3.24, 3.025, 1.822, 3.658, 3.62, 6.327]","[[[3.6858, 0.0], [6.8267, 0.0], [10.5386, 0.0], [14.2505, 0.0], [18.2479, 0.0], [20.8176, 0.0]], [[3.4003, 0.1305], [6.5412, 0.0], [10.5386, 0.0], [14.2505, 0.0], [18.2479, 0.0], [20.8176, 0.0]], [[3.6858, 0.0], [6.8267, 0.0], [10.5386, 0.0], [14.2505, 0.0], [19.6755, -0.5222], [25.1006, -2.3499]], [[3.4003, 0.1305], [6.5412, 0.0], [10.5386, 0.0], [14.2505, 0.0], [20.8176, -1.0444], [23.6729, 0.9138]], [[3.4003, 0.1305], [6.5412, 0.0], [10.5386, 0.0], [14.2505, 0.0], [15.9636, -2.3499], [15.6781, 3.6554]], [[3.6858, 0.0], [6.8267, 0.0], [10.5386, 0.0], [14.2505, 0.0], [17.3913, 0.5222], [30.5257, 1.8277]], [[3.6858, 0.0], [6.8267, 0.0], [10.5386, 0.0], [14.2505, 0.0], [18.5334, -2.8721], [5.399, 0.6527]], [[3.4003, 0.1305], [6.5412, 0.0], [10.5386, 0.0], [14.2505, 0.0], [43.9456, -0.1305], [18.5334, 4.1776]]]",1.3363,0.0,0.0,0.0,0.0,0.0,0.0,True,[3],0.0,0.0,0.0,1.822,8.0,0.3862,2.4356,3.0564,0.3301,1.1482,1.822,"[[3.686, 0.0], [6.827, 0.0], [10.539, 0.0], [14.25, 0.0], [18.248, 0.0], [20.818, 0.0]]",ok,6.3271,0.0,0.0,0.0,0.0,0.0,0.0,0.0,0.0,0.0,b9c60cfaf1814c8bb363037dec7abd35,scene-0013,42
0.2074,0.4271,0.6538,0.1519,0.3617,0.4828,0.0,0.0,0.0,0.0,0.0,0.0,0.0,0.0,0.0,ok,straight,0.2074,1.5803,0.6538,0.1519,0.5075,0.58,False,"[-0.0653, -0.0653, -0.0653, -0.1958, -0.1958, -1.0444, -0.0, -2.3499]","[-291.4101, -1178.2814, -1638.5444, -2325.775, -2726.1548, -3415.5969, -7073.4627, -9029.9051]","[5.0464, -1001175.2901, -1001635.5532, -1002322.7838, -1002722.7875, -1003412.2297, -1007070.0954, -1009026.9138]","[0.483, 0.58, 1.157, 1.608, 0.893, 0.919, 1.22, 1.762]","[[[3.4003, 0.0], [6.5412, 0.0], [10.5386, 0.0], [12.8228, 0.0], [16.2492, 0.0], [19.9611, -0.1305]], [[3.4003, 0.0], [6.5412, 0.0], [9.9675, 0.0], [14.8215, 0.1305], [16.2492, 0.0], [19.9611, -0.1305]], [[3.4003, 0.0], [6.5412, 0.0], [9.9675, 0.0], [14.8215, 0.1305], [19.6755, 0.0], [18.2479, -0.1305]], [[3.4003, 0.0], [6.5412, 0.0], [9.9675, 0.0], [14.8215, 0.1305], [18.2479, -0.5222], [14.2505, 0.3916]], [[3.4003, 0.0], [6.5412, 0.0], [10.5386, 0.0], [12.8228, 0.0], [19.39, -0.7833], [21.6742, -0.3916]], [[3.4003, 0.0], [6.5412, 0.0], [10.5386, 0.0], [12.8228, 0.0], [19.1045, 0.0], [19.6755, 2.0888]], [[3.4003, 0.0], [6.5412, 0.0], [10.5386, 0.0], [12.8228, 0.0], [21.3887, 0.3916], [21.9598, 0.0]], [[3.4003, 0.0], [6.5412, 0.0], [9.9675, 0.0], [14.8215, 0.1305], [13.6794, 0.0], [21.9598, -4.6998]]]",0.4239,0.0,0.0,0.0,0.0,0.0,0.0,False,[3],0.0,0.0,0.0,0.4828,8.0,0.2074,0.4271,0.6538,0.1519,0.3617,0.4828,"[[3.4, 0.0], [6.541, 0.0], [9.968, 0.0], [14.822, 0.131], [16.249, 0.0], [19.961, -0.131]]",ok,1.7621,0.0,0.0,0.0,0.0,0.0,0.0,0.0,0.0,0.0,3615d82e7e8546fea5f181157f42e30b,scene-0013,42
0.4637,2.0732,1.6971,0.5153,1.102,1.3857,0.0,0.0,0.0,0.0,0.0,0.0,0.0,0.0,0.0,ok,straight,0.4637,2.0732,1.6971,0.5153,1.102,1.5281,False,"[-0.1958, -0.1958, -0.8486, -0.5875, -0.1958, -0.0653, -0.1305, -0.1305]","[-537.7492, -234.9683, -135.6802, -2682.4162, -3115.602, -4185.6684, -8449.7078, -1122194.2965]","[2.7711, 1.9843, -0.5554, -1002680.41, -1003114.3835, -1004183.6623, -1008447.7017, -2122193.0779]","[2.291, 1.528, 1.807, 2.129, 1.421, 2.619, 2.005, 10.766]","[[[1.9727, 0.0], [4.828, 0.0], [9.1109, -0.2611], [11.3952, 0.0], [15.3926, -0.2611], [19.9611, -0.3916]], [[3.1148, 0.0], [6.5412, 0.0], [9.3964, -0.1305], [12.8228, -0.1305], [15.3926, -0.2611], [19.9611, -0.3916]], [[3.1148, 0.0], [6.5412, 0.0], [9.3964, -0.1305], [12.8228, -0.1305], [15.9636, -0.1305], [17.9623, -1.6971]], [[1.9727, 0.0], [4.828, 0.0], [9.1109, -0.2611], [11.3952, 0.0], [18.2479, 1.3055], [23.6729, -1.1749]], [[3.1148, 0.0], [6.5412, 0.0], [9.3964, -0.1305], [12.8228, -0.1305], [19.1045, 0.0], [18.2479, -0.3916]], [[1.9727, 0.0], [4.828, 0.0], [9.1109, -0.2611], [11.3952, 0.0], [17.3913, 0.9138], [16.5347, -0.1305]], [[1.9727, 0.0], [4.828, 0.0], [9.1109, -0.2611], [11.3952, 0.0], [20.5321, 0.5222], [21.1032, 0.2611]], [[3.1148, 0.0], [6.5412, 0.0], [9.3964, -0.1305], [12.8228, -0.1305], [69.6432, 16.5798], [15.3926, 0.2611]]]",2.9315,0.0,0.0,0.0,0.0,0.0,0.0,True,[3],0.0,0.0,0.0,1.4212,8.0,0.4637,2.0732,3.4099,0.5153,1.102,1.4212,"[[3.115, 0.0], [6.541, 0.0], [9.396, -0.131], [12.823, -0.131], [15.393, -0.261], [19.961, -0.392]]",ok,10.766,0.0,0.0,0.0,0.0,0.0,0.0,0.0,0.0,0.0,20a68f4f6d5e46edb6c4d9e8321ced5b,scene-0013,42
0.3143,2.2268,2.7786,0.2098,0.9588,1.7081,0.0,0.0,0.0,0.0,0.0,0.0,0.0,0.0,0.0,ok,straight,1.7413,2.2268,2.7786,1.0658,1.246,1.8995,False,"[-0.1305, -0.1305, -0.1305, -0.1958, -0.0653, -0.6527, -0.1958, -0.5222]","[-220.8322, -972.7162, -1063.8501, -1652.5169, -4222.5471, -4726.4575, -19591.7327, -734859.5504]","[3.0149, 3.0063, 3.0059, 2.6766, -1004220.5412, -1004724.4516, -1019589.7268, -1734857.5501]","[1.614, 3.284, 1.9, 1.923, 3.44, 2.05, 2.155, 9.876]","[[[4.2569, 0.0], [8.5399, 0.0], [12.8228, -0.1305], [18.2479, -0.1305], [23.3874, -0.1305], [25.9572, -0.2611]], [[4.5424, 0.0], [9.9675, 0.0], [12.8228, -0.1305], [18.2479, -0.1305], [25.6716, 0.3916], [32.2388, 0.2611]], [[4.5424, 0.0], [9.9675, 0.0], [12.8228, -0.1305], [18.2479, -0.1305], [23.3874, -0.1305], [25.9572, -0.2611]], [[4.5424, 0.0], [9.9675, 0.0], [12.8228, -0.1305], [18.2479, -0.1305], [21.6742, -0.2611], [27.9559, 0.3916]], [[4.2569, 0.0], [8.5399, 0.0], [12.8228, -0.1305], [18.2479, -0.1305], [23.1019, -0.2611], [37.3784, -0.1305]], [[4.2569, 0.0], [8.5399, 0.0], [12.8228, -0.1305], [18.2479, -0.1305], [23.6729, -0.2611], [18.8189, -1.3055]], [[4.2569, 0.0], [8.5399, 0.0], [12.8228, -0.1305], [18.2479, -0.1305], [15.6781, 0.1305], [28.8125, -0.3916]], [[4.5424, 0.0], [9.9675, 0.0], [12.8228, -0.1305], [18.2479, -0.1305], [69.6432, 1.6971], [27.3848, -1.0444]]]",2.5699,0.0,0.0,0.0,0.0,0.0,0.0,True,[3],0.0,0.0,0.0,1.6142,8.0,0.3143,2.2268,2.7786,0.2098,0.818,1.6142,"[[4.542, 0.0], [9.968, 0.0], [12.823, -0.131], [18.248, -0.131], [23.387, -0.131], [25.957, -0.261]]",ok,9.8762,0.0,0.0,0.0,0.0,0.0,0.0,0.0,0.0,0.0,fde1435fa125431d9eb22d8e5e254a32,scene-0013,42
0.0254,0.0262,0.0271,0.0252,0.0256,0.026,0.0,0.0,0.0,0.0,0.0,0.0,0.0,0.0,0.0,ok,straight,0.0254,0.0262,0.0271,0.0252,0.0256,0.026,False,"[-0.0, -0.0, -0.0, -0.0653, -0.1305, -0.0, -0.0653, -0.0]","[-0.013, -63.2298, -16.1142, -134.9969, -2107.0369, -355464.7025, -1648394.075, -1661134.2132]","[3.5386, 3.5385, 3.5382, 2.1242, -1002104.8606, -1355462.5257, -2648391.8987, -2661132.0368]","[0.026, 0.303, 0.152, 0.399, 1.334, 5.695, 11.897, 11.755]","[[[-0.026, 0.0], [-0.026, 0.0], [-0.026, 0.0], [-0.026, 0.0], [-0.026, 0.0], [-0.026, 0.0]], [[-0.026, 0.0], [-0.026, 0.0], [-0.026, 0.0], [-0.026, 0.0], [-0.026, 0.0], [1.6871, 0.0]], [[0.545, 0.0], [0.2595, 0.0], [-0.026, 0.0], [-0.026, 0.0], [-0.026, 0.0], [-0.026, 0.0]], [[-0.026, 0.0], [-0.026, 0.0], [-0.026, 0.0], [-0.026, 0.0], [-0.026, 0.0], [2.2582, -0.1305]], [[0.545, 0.0], [0.2595, 0.0], [-0.026, 0.0], [-0.026, 0.0], [-0.026, 0.0], [7.1122, 0.2611]], [[-0.026, 0.0], [-0.026, 0.0], [-0.026, 0.0], [-0.026, 0.0], [32.8099, 3.0026], [1.1161, 0.0]], [[0.545, 0.0], [0.2595, 0.0], [-0.026, 0.0], [-0.026, 0.0], [69.6432, 2.3499], [0.8306, -0.1305]], [[0.545, 0.0], [0.2595, 0.0], [-0.026, 0.0], [-0.026, 0.0], [69.6432, -0.2611], [-0.026, 0.0]]]",4.8696,0.0,0.0,0.0,0.0,0.0,0.0,True,[3],0.0,0.0,0.0,0.026,8.0,0.0254,0.0262,0.0271,0.0252,0.0256,0.026,"[[-0.026, 0.0], [-0.026, 0.0], [-0.026, 0.0], [-0.026, 0.0], [-0.026, 0.0], [-0.026, 0.0]]",ok,11.8972,1.0,1.0,1.0,1.0,1.0,1.0,0.5,0.75,0.8333333333333334,43cfc03be6f842ae8942c995f8e3f2fb,scene-0014,42
1.0724,1.2884,0.4995,1.047,1.1064,0.8576,0.0,0.0,0.0,0.0,0.0,0.0,0.0,0.0,0.0,ok,straight,1.0724,0.2395,0.3438,1.047,0.6304,0.5143,True,"[-0.0, -0.0, -0.0, -0.2611, -0.0653, -0.0653, -0.5875, -0.0653]","[-113.9701, -52.8065, -1341.6681, -3719.1868, -4116.9211, -4609.6679, -8995.5879, -9326.1801]","[4.4644, 3.9559, -1001339.5754, -1003717.0941, -1004114.3018, -1004607.0486, -1008993.4952, -1009323.5608]","[0.832, 0.514, 1.097, 1.421, 1.826, 2.067, 1.647, 2.381]","[[[1.6871, 0.0], [2.5437, 0.0], [3.6858, 0.0], [5.1135, 0.0], [5.6846, 0.0], [7.3977, 0.0]], [[1.6871, 0.0], [2.5437, 0.0], [2.8293, 0.0], [3.9714, 0.1305], [5.6846, 0.0], [7.3977, 0.0]], [[1.6871, 0.0], [2.5437, 0.0], [2.8293, 0.0], [3.9714, 0.1305], [4.5424, -0.1305], [10.5386, 0.0]], [[1.6871, 0.0], [2.5437, 0.0], [2.8293, 0.0], [3.9714, 0.1305], [9.682, -0.5222], [9.1109, 0.5222]], [[1.6871, 0.0], [2.5437, 0.0], [3.6858, 0.0], [5.1135, 0.0], [9.1109, -0.1305], [4.5424, -0.1305]], [[1.6871, 0.0], [2.5437, 0.0], [3.6858, 0.0], [5.1135, 0.0], [8.5399, 0.0], [2.5437, 0.1305]], [[1.6871, 0.0], [2.5437, 0.0], [2.8293, 0.0], [3.9714, 0.1305], [10.5386, 2.8721], [7.3977, 1.1749]], [[1.6871, 0.0], [2.5437, 0.0], [3.6858, 0.0], [5.1135, 0.0], [12.8228, 0.6527], [9.9675, 0.1305]]]",0.5924,0.0,0.0,0.0,0.0,0.0,0.0,True,[3],0.0,0.0,0.0,0.5143,8.0,1.0724,0.2395,0.3438,1.047,0.6304,0.5143,"[[1.687, 0.0], [2.544, 0.0], [2.829, 0.0], [3.971, 0.131], [5.685, 0.0], [7.398, 0.0]]",ok,2.3812,0.0,0.0,0.0,0.0,0.0,0.0,0.0,0.0,0.0,3a1dd258a83f44b6bd97e8cc426d7057,scene-0014,42
2.4577,5.5045,10.4668,1.6421,3.3174,5.1583,0.0,0.0,0.0,0.0,0.0,0.0,0.0,0.0,0.0,ok,straight,2.4577,5.5172,10.4668,1.6421,3.3206,5.1604,False,"[-0.3264, -0.3916, -0.1305, -0.3264, -1.2402, -8.2899, -0.9138, -0.6527]","[-82.992, -696.7525, -2090.6061, -2600.3718, -4818.9616, -27277.2646, -27579.3594, -40929.2066]","[3.949, 3.8829, -1002088.6728, -1002598.4384, -1004817.0282, -1027274.6608, -1027577.426, -1040926.6029]","[5.16, 5.354, 4.407, 4.45, 4.292, 5.783, 4.677, 5.571]","[[[1.6871, 0.0], [2.8293, 0.0], [3.9714, -0.1305], [5.9701, -0.2611], [7.3977, -0.6527], [7.3977, -0.6527]], [[1.6871, 0.0], [2.8293, 0.0], [3.9714, -0.1305], [5.9701, -0.2611], [5.6846, -0.2611], [7.9688, -0.7833]], [[1.6871, 0.0], [2.8293, 0.0], [5.9701, 0.0], [8.5399, -2.2193], [7.6833, -0.9138], [7.3977, -0.2611]], [[1.6871, 0.0], [2.8293, 0.0], [5.9701, 0.0], [8.5399, -2.2193], [7.3977, -0.6527], [7.3977, -0.6527]], [[1.6871, 0.0], [2.8293, 0.0], [5.9701, 0.0], [8.5399, -2.2193], [6.5412, -0.3916], [10.253, 2.4804]], [[1.6871, 0.0], [2.8293, 0.0], [3.9714, -0.1305], [5.9701, -0.2611], [12.5373, -2.0888], [11.9662, 16.5798]], [[1.6871, 0.0], [2.8293, 0.0], [5.9701, 0.0], [8.5399, -2.2193], [9.1109, -1.3055], [31.3822, -1.8277]], [[1.6871, 0.0], [2.8293, 0.0], [3.9714, -0.1305], [5.9701, -0.2611], [6.8267, -11.88], [10.8241, -1.3055]]]",0.5405,0.0,0.0,0.0,0.0,0.0,0.0,True,[3],0.0,0.0,0.0,4.2924,8.0,2.4577,3.2144,8.645,1.6421,2.2545,4.2924,"[[1.687, 0.0], [2.829, 0.0], [3.971, -0.131], [5.97, -0.261], [7.398, -0.653], [7.398, -0.653]]",ok,5.7826,0.0,0.0,0.0,0.0,0.0,0.0,0.0,0.0,0.0,510c3f937ce54fafa51f9c9f98f0a4a5,scene-0014,42
2.0291,4.5025,6.5273,1.3831,2.6272,3.7481,0.0,0.0,0.0,0.0,0.0,0.0,0.0,0.0,0.0,ok,straight,3.7423,5.6523,7.0975,2.5249,3.7712,4.4637,False,"[-0.5222, -0.5222, -0.5222, -0.2611, -0.1958, -0.9138, -8.2899, -0.9138]","[-1060.6881, -286.6121, -7524.1685, -9092.3429, -9239.151, -9747.1419, -19896.1402, -32358.4274]","[4.4051, 3.8022, -1007521.1797, -1009089.354, -1009236.1621, -1009744.8348, -1019893.8332, -1032356.1203]","[4.464, 3.653, 5.124, 5.092, 3.167, 4.769, 5.562, 3.505]","[[[2.2582, 0.0], [3.4003, -0.1305], [6.2556, -0.1305], [8.5399, 0.0], [13.1083, -0.9138], [14.8215, -1.0444]], [[2.8293, 0.0], [5.1135, -0.1305], [7.6833, -0.2611], [9.682, -0.3916], [13.1083, -0.9138], [14.8215, -1.0444]], [[2.2582, 0.0], [3.4003, -0.1305], [6.2556, -0.1305], [8.5399, 0.0], [17.3913, -2.2193], [35.6652, 1.0444]], [[2.2582, 0.0], [3.4003, -0.1305], [6.2556, -0.1305], [8.5399, 0.0], [14.8215, -1.1749], [9.3964, -0.5222]], [[2.2582, 0.0], [3.4003, -0.1305], [6.2556, -0.1305], [8.5399, 0.0], [17.9623, -2.611], [20.5321, 0.3916]], [[2.8293, 0.0], [5.1135, -0.1305], [7.6833, -0.2611], [9.682, -0.3916], [14.536, -1.6971], [7.1122, 1.8277]], [[2.8293, 0.0], [5.1135, -0.1305], [7.6833, -0.2611], [9.682, -0.3916], [13.9649, -1.1749], [13.1083, 16.5798]], [[2.8293, 0.0], [5.1135, -0.1305], [7.6833, -0.2611], [9.682, -0.3916], [22.8163, -0.7833], [16.8202, 1.8277]]]",0.8193,0.0,0.0,0.0,0.0,0.0,0.0,True,[3],0.0,0.0,0.0,3.1667,8.0,3.7423,5.6523,1.7338,2.5249,3.7712,3.1667,"[[2.258, 0.0], [3.4, -0.131], [6.256, -0.131], [8.54, 0.0], [13.108, -0.914], [14.822, -1.044]]",ok,5.5619,0.0,0.0,0.0,0.0,0.0,0.0,0.0,0.0,0.0,0afa886817744d61be66f0bcea2be47c,scene-0014,42
1.013,2.766,4.5811,0.6988,1.516,2.3185,0.0,0.0,0.0,0.0,0.0,0.0,0.0,0.0,0.0,ok,straight,1.0646,2.766,3.1631,0.7245,1.5289,2.0907,True,"[-0.6527, -0.6527, -0.7833, -0.718, -1.8277, -0.2611, -1.3055, -1.1749]","[-35.9143, -111.5479, -1905.8409, -12431.7606, -12500.4512, -28940.8714, -107242.6704, -159756.2182]","[3.6066, 3.2252, -1001903.5424, -1012429.4621, -1012498.5328, -1028938.9529, -1107240.7519, -1159753.9196]","[2.091, 2.092, 1.462, 2.333, 1.998, 3.743, 6.781, 9.849]","[[[3.1148, 0.0], [5.9701, 0.1305], [8.5399, -0.3916], [11.1096, -0.6527], [13.9649, -1.0444], [17.3913, -1.3055]], [[3.1148, 0.0], [5.9701, 0.1305], [8.8254, -0.2611], [10.8241, -0.7833], [13.9649, -1.0444], [17.3913, -1.3055]], [[3.1148, 0.0], [5.9701, 0.1305], [8.5399, -0.3916], [11.1096, -0.6527], [17.1058, 0.0], [19.1045, -1.5666]], [[3.1148, 0.0], [5.9701, 0.1305], [8.5399, -0.3916], [11.1096, -0.6527], [19.6755, -1.436], [15.107, -1.436]], [[3.1148, 0.0], [5.9701, 0.1305], [8.8254, -0.2611], [10.8241, -0.7833], [20.5321, -1.3055], [18.8189, -3.6554]], [[3.1148, 0.0], [5.9701, 0.1305], [8.8254, -0.2611], [10.8241, -0.7833], [13.9649, -10.3134], [13.9649, -0.5222]], [[3.1148, 0.0], [5.9701, 0.1305], [8.8254, -0.2611], [10.8241, -0.7833], [5.6846, -0.2611], [43.089, 2.611]], [[3.1148, 0.0], [5.9701, 0.1305], [8.5399, -0.3916], [11.1096, -0.6527], [13.3939, -0.7833], [69.6432, -2.3499]]]",2.7881,0.0,0.0,0.0,0.0,0.0,0.0,True,[3],0.0,0.0,0.0,1.4616,8.0,1.0646,2.766,1.4304,0.7245,1.5289,1.4616,"[[3.115, 0.0], [5.97, 0.131], [8.54, -0.392], [11.11, -0.653], [13.965, -1.044], [17.391, -1.305]]",ok,9.8493,0.0,0.0,0.0,0.0,0.0,0.0,0.0,0.0,0.0,234b0f37af694571876a745e5bbb5e08,scene-0015,42
1.7865,3.5168,6.1426,1.1569,2.338,3.3821,0.0,0.0,0.0,0.0,0.0,0.0,0.0,0.0,0.0,ok,straight,1.7836,4.6578,6.1482,1.8692,2.9794,3.8107,False,"[-0.2611, -0.2611, -0.3916, -0.3916, -0.3916, -0.1958, -0.3916, -0.4569]","[-479.7525, -689.3212, -519.242, -646.971, -1126.068, -5585.4746, -7433.4356, -15100.2922]","[3.985, 3.9424, 2.4374, 2.4115, -1001123.752, -1005583.1588, -1007431.1197, -1015097.9764]","[3.811, 3.906, 4.431, 4.764, 4.433, 4.764, 6.254, 6.998]","[[[5.1135, 0.0], [7.9688, 0.0], [12.5373, -0.1305], [16.2492, -0.2611], [18.8189, -0.3916], [21.9598, -0.5222]], [[5.1135, 0.0], [7.9688, 0.0], [12.5373, -0.1305], [16.8202, -0.2611], [18.8189, -0.3916], [21.9598, -0.5222]], [[5.1135, 0.0], [7.9688, 0.0], [12.5373, -0.1305], [16.2492, -0.2611], [20.2466, 0.1305], [24.244, -0.7833]], [[5.1135, 0.0], [7.9688, 0.0], [12.5373, -0.1305], [16.8202, -0.2611], [20.2466, 0.1305], [25.6716, -0.7833]], [[5.1135, 0.0], [7.9688, 0.0], [12.5373, -0.1305], [16.8202, -0.2611], [21.6742, -0.5222], [22.2453, -0.7833]], [[5.1135, 0.0], [7.9688, 0.0], [12.5373, -0.1305], [16.2492, -0.2611], [17.6768, 0.2611], [28.8125, -0.3916]], [[5.1135, 0.0], [7.9688, 0.0], [12.5373, -0.1305], [16.8202, -0.2611], [19.9611, 0.9138], [34.8086, 0.7833]], [[5.1135, 0.0], [7.9688, 0.0], [12.5373, -0.1305], [16.2492, -0.2611], [19.6755, -0.1305], [40.2337, -0.9138]]]",1.0538,0.0,0.0,0.0,0.0,0.0,0.0,True,[3],0.0,0.0,0.0,3.8107,8.0,1.7836,4.6578,6.1482,1.8692,2.9794,3.8107,"[[5.113, 0.0], [7.969, 0.0], [12.537, -0.131], [16.249, -0.261], [18.819, -0.392], [21.96, -0.522]]",ok,6.9982,0.0,0.0,0.0,0.0,0.0,0.0,0.0,0.0,0.0,23e4bbcd10fe43e1982867dab19c79e8,scene-0015,42
0.5512,0.223,1.8815,0.4284,0.4175,0.7392,0.0,0.0,0.0,0.0,0.0,0.0,0.0,0.0,0.0,ok,straight,0.5512,0.223,1.8815,0.4284,0.4175,0.7392,False,"[-0.2611, -0.2611, -0.5875, -0.1305, -0.1305, -0.5875, -0.6527, -0.3916]","[-209.7679, -18.715, -123.3376, -784.2244, -1550.9172, -2300.4421, -6176.9419, -8136.4695]","[3.9748, 2.5242, 0.8383, -1000783.11, -1001548.2857, -1002297.8106, -1006174.3104, -1008135.3551]","[0.902, 0.739, 0.794, 0.732, 1.098, 1.482, 1.699, 1.922]","[[[2.2582, 0.0], [4.5424, -0.1305], [5.6846, -0.2611], [7.3977, 0.0], [10.253, -0.3916], [11.9662, -0.5222]], [[2.2582, 0.0], [4.5424, -0.1305], [6.8267, -0.1305], [8.8254, -0.2611], [10.253, -0.3916], [11.9662, -0.5222]], [[2.2582, 0.0], [4.5424, -0.1305], [6.8267, -0.1305], [8.8254, -0.2611], [10.253, -1.3055], [12.2517, -1.1749]], [[2.2582, 0.0], [4.5424, -0.1305], [6.8267, -0.1305], [8.8254, -0.2611], [12.8228, 0.7833], [14.536, -0.2611]], [[2.2582, 0.0], [4.5424, -0.1305], [5.6846, -0.2611], [7.3977, 0.0], [8.8254, -2.0888], [12.8228, -0.2611]], [[2.2582, 0.0], [4.5424, -0.1305], [5.6846, -0.2611], [7.3977, 0.0], [13.9649, -0.9138], [17.1058, -1.1749]], [[2.2582, 0.0], [4.5424, -0.1305], [5.6846, -0.2611], [7.3977, 0.0], [12.8228, 3.7859], [16.8202, -1.3055]], [[2.2582, 0.0], [4.5424, -0.1305], [6.8267, -0.1305], [8.8254, -0.2611], [8.8254, -0.2611], [21.3887, -0.7833]]]",0.4386,0.0,0.0,0.0,0.0,0.0,0.0,True,[3],0.0,0.0,0.0,0.7323,8.0,0.5512,0.223,0.7066,0.4284,0.4175,0.7323,"[[2.258, 0.0], [4.542, -0.131], [6.827, -0.131], [8.825, -0.261], [10.253, -0.392], [11.966, -0.522]]",ok,1.9222,0.0,0.0,0.0,0.0,0.0,0.0,0.0,0.0,0.0,b95702eac8684e80ab65303126cc1e58,scene-0015,42
0.9643,2.8163,4.1568,0.751,1.3378,2.1277,0.0,0.0,0.0,0.0,0.0,0.0,0.0,0.0,0.0,ok,straight,0.9643,2.8163,5.3011,0.751,1.4086,2.3656,False,"[-0.0, -0.0653, -0.0653, -0.1958, -0.1958, -0.2611, -1.3055, -0.3264]","[-311.3196, -244.9531, -416.8795, -120.5126, -137.2466, -711.6643, -3631.8613, -17244.8152]","[3.7008, 3.5466, 3.5155, 3.2367, 3.2337, -1000709.1897, -1003629.3869, -1017242.3407]","[2.085, 2.366, 1.845, 1.417, 0.662, 1.987, 1.529, 2.124]","[[[1.9727, 0.0], [3.6858, 0.0], [5.6846, 0.0], [6.5412, -0.1305], [7.6833, 0.1305], [11.6807, 0.0]], [[1.9727, 0.0], [3.6858, 0.0], [5.6846, 0.0], [6.5412, -0.1305], [8.5399, -0.1305], [9.1109, -0.1305]], [[1.9727, 0.0], [3.6858, 0.0], [6.5412, 0.0], [8.8254, -0.1305], [8.5399, -0.1305], [9.1109, -0.1305]], [[1.9727, 0.0], [3.6858, 0.0], [6.5412, 0.0], [8.8254, -0.1305], [10.253, -0.1305], [9.9675, -0.3916]], [[1.9727, 0.0], [3.6858, 0.0], [6.5412, 0.0], [8.8254, -0.1305], [10.8241, 0.0], [13.9649, -0.3916]], [[1.9727, 0.0], [3.6858, 0.0], [5.6846, 0.0], [6.5412, -0.1305], [7.3977, -0.2611], [12.5373, -0.5222]], [[1.9727, 0.0], [3.6858, 0.0], [6.5412, 0.0], [8.8254, -0.1305], [7.6833, 0.0], [13.3939, -2.611]], [[1.9727, 0.0], [3.6858, 0.0], [5.6846, 0.0], [6.5412, -0.1305], [13.6794, -6.5275], [14.8215, -0.6527]]]",0.5049,0.0,0.0,0.0,0.0,0.0,0.0,True,[3],0.0,0.0,0.0,0.662,8.0,0.9643,0.5361,0.4581,0.751,0.6279,0.662,"[[1.973, 0.0], [3.686, 0.0], [5.685, 0.0], [6.541, -0.131], [8.54, -0.131], [9.111, -0.131]]",ok,2.3656,0.0,0.0,0.0,0.0,0.0,0.0,0.0,0.0,0.0,cf753561271b4c40bef93a35bb0cf13f,scene-0015,42
0.223,1.3741,1.6776,0.1622,0.5543,0.8504,0.0,0.0,0.0,0.0,0.0,0.0,0.0,0.0,0.0,ok,left,0.223,0.6131,2.251,0.1622,0.3641,0.8284,True,"[0.8486, -0.1958, 2.4152, 0.8486, -1.436, 1.7624, -1.2402, -3.4596]","[-27.3545, -177.7845, -2236.1236, -2527.0021, -4769.4786, -5939.9219, -8233.6259, -35205.4654]","[4.2773, 3.6837, -1002233.0283, -1002523.9955, -1004766.472, -1005936.9152, -1008230.6192, -1035202.3701]","[0.724, 1.124, 1.388, 1.228, 2.357, 2.014, 2.716, 4.499]","[[[1.9727, 0.0], [3.6858, 0.0], [5.1135, 0.0], [6.8267, 0.5222], [8.5399, 0.9138], [9.9675, 1.6971]], [[1.9727, 0.0], [3.6858, 0.0], [5.1135, 0.0], [6.8267, 0.5222], [9.1109, 1.1749], [11.1096, -0.3916]], [[1.9727, 0.0], [3.6858, 0.0], [5.1135, 0.0], [6.8267, 0.5222], [9.1109, 4.9609], [13.1083, 4.8303]], [[1.9727, 0.0], [3.6858, 0.0], [5.6846, 0.0], [9.682, 0.1305], [8.5399, 0.9138], [9.9675, 1.6971]], [[1.9727, 0.0], [3.6858, 0.0], [5.6846, 0.0], [9.682, 0.1305], [11.3952, 2.4804], [7.6833, -2.8721]], [[1.9727, 0.0], [3.6858, 0.0], [5.6846, 0.0], [9.682, 0.1305], [11.6807, -2.8721], [11.1096, 3.5248]], [[1.9727, 0.0], [3.6858, 0.0], [5.6846, 0.0], [9.682, 0.1305], [9.1109, 1.0444], [18.2479, -2.4804]], [[1.9727, 0.0], [3.6858, 0.0], [5.1135, 0.0], [6.8267, 0.5222], [10.253, -12.2717], [13.6794, -6.9191]]]",1.1319,0.0,0.0,0.0,0.0,0.0,0.0,True,[3],0.0,0.0,0.0,0.7236,8.0,0.223,0.6131,1.6776,0.1622,0.3641,0.7236,"[[1.973, 0.0], [3.686, 0.0], [5.113, 0.0], [6.827, 0.522], [9.111, 1.175], [11.11, 1.697]]",ok,4.4988,0.0,0.0,0.0,0.0,0.0,0.0,0.0,0.0,0.0,fbd3aa2098234fb1869d34d920e16eda,scene-0016,42
0.9055,2.8646,5.0148,0.6246,1.451,2.5015,0.0,0.0,0.0,0.0,0.0,0.0,0.0,0.0,0.0,ok,straight,2.0548,3.986,4.7311,1.1285,2.3461,3.0037,False,"[-0.3916, -0.3916, -0.718, -0.3916, -0.3264, -0.0653, -1.5666, -8.2899]","[-566.5768, -287.4117, -489.1168, -1606.2293, -2593.103, -3278.5737, -9011.135, -15878.2173]","[3.9814, 3.2188, -1000487.0949, -1001603.3905, -1002590.2642, -1003275.7349, -1009009.113, -1015876.1954]","[2.669, 3.004, 2.388, 3.949, 3.433, 3.013, 3.025, 5.014]","[[[2.8293, 0.1305], [3.9714, 0.0], [7.3977, -0.1305], [9.682, -0.2611], [12.5373, -0.5222], [15.3926, -0.7833]], [[2.8293, 0.1305], [3.9714, 0.0], [6.2556, 0.1305], [8.8254, -0.3916], [12.5373, -0.5222], [15.3926, -0.7833]], [[2.8293, 0.1305], [3.9714, 0.0], [6.2556, 0.1305], [8.8254, -0.3916], [12.5373, -0.2611], [19.1045, -1.436]], [[2.8293, 0.1305], [3.9714, 0.0], [7.3977, -0.1305], [9.682, -0.2611], [8.8254, -0.5222], [11.3952, -0.7833]], [[2.8293, 0.1305], [3.9714, 0.0], [7.3977, -0.1305], [9.682, -0.2611], [9.1109, -0.2611], [14.2505, -0.6527]], [[2.8293, 0.1305], [3.9714, 0.0], [7.3977, -0.1305], [9.682, -0.2611], [13.6794, -2.3499], [12.5373, -0.1305]], [[2.8293, 0.1305], [3.9714, 0.0], [6.2556, 0.1305], [8.8254, -0.3916], [16.2492, -1.6971], [12.2517, -3.1332]], [[2.8293, 0.1305], [3.9714, 0.0], [6.2556, 0.1305], [8.8254, -0.3916], [13.9649, -0.5222], [16.8202, 16.5798]]]",0.7786,0.0,0.0,0.0,0.0,0.0,0.0,True,[3],0.0,0.0,0.0,2.3876,8.0,2.0548,3.986,0.9944,1.1285,2.3461,2.3876,"[[2.829, 0.131], [3.971, 0.0], [6.256, 0.131], [8.825, -0.392], [12.537, -0.522], [15.393, -0.783]]",ok,5.0135,0.0,0.0,0.0,0.0,0.0,0.0,0.0,0.0,0.0,35eff3f6f5b84929a33c2bda269a266f,scene-0016,42
0.7083,1.7734,3.9678,0.6025,1.0175,1.7163,0.0,0.0,0.0,0.0,0.0,0.0,0.0,0.0,0.0,ok,straight,0.9911,1.7734,3.9678,0.8866,1.1596,1.7658,False,"[-0.0, -0.1305, -0.1305, -0.1958, -0.0653, -1.2402, -0.3264, -0.0653]","[-82.8711, -123.1854, -149.7418, -720.4882, -2096.1539, -4085.7328, -47118.5358, -68623.7193]","[3.5352, 3.1887, 3.1875, -1000718.2726, -1002093.9382, -1004083.517, -1047116.32, -1068621.5037]","[2.808, 1.671, 1.766, 1.922, 1.447, 2.038, 3.958, 9.807]","[[[4.5424, 0.0], [8.8254, -0.1305], [12.5373, -0.1305], [16.8202, -0.1305], [22.8163, 0.1305], [29.9546, 0.0]], [[4.2569, 0.0], [8.5399, -0.1305], [12.5373, -0.1305], [16.8202, -0.1305], [20.5321, -0.2611], [25.9572, -0.2611]], [[4.5424, 0.0], [8.8254, -0.1305], [12.5373, -0.1305], [16.8202, -0.1305], [20.5321, -0.2611], [25.9572, -0.2611]], [[4.5424, 0.0], [8.8254, -0.1305], [12.5373, -0.1305], [16.8202, -0.1305], [20.2466, -1.1749], [26.8138, -0.3916]], [[4.2569, 0.0], [8.5399, -0.1305], [12.5373, -0.1305], [16.8202, -0.1305], [22.2453, 0.3916], [21.1032, -0.1305]], [[4.2569, 0.0], [8.5399, -0.1305], [12.5373, -0.1305], [16.8202, -0.1305], [21.9598, -0.2611], [17.9623, -2.4804]], [[4.2569, 0.0], [8.5399, -0.1305], [12.5373, -0.1305], [16.8202, -0.1305], [33.6665, -0.1305], [26.5282, 0.6527]], [[4.5424, 0.0], [8.8254, -0.1305], [12.5373, -0.1305], [16.8202, -0.1305], [25.1006, -0.5222], [69.6432, -0.1305]]]",2.6179,0.0,0.0,0.0,0.0,0.0,0.0,True,[3],0.0,0.0,0.0,1.447,8.0,0.7083,1.7734,0.9097,0.6025,1.0175,1.447,"[[4.542, 0.0], [8.825, -0.131], [12.537, -0.131], [16.82, -0.131], [20.532, -0.261], [25.957, -0.261]]",ok,9.807,0.0,0.0,0.0,0.0,0.0,0.0,0.0,0.0,0.0,a13c1966d657438094f1116fd27d2c1e,scene-0016,42
1.7234,2.6389,4.3469,1.188,1.6109,2.5516,0.0,0.0,1.0,0.0,0.0,1.0,0.0,0.0,0.3333333333333333,ok,straight,1.7234,2.6389,4.3469,1.188,1.5325,2.3687,True,"[-0.3916, -0.3916, -0.0653, -3.3943, -1.5013, -0.1305, -0.1305, -0.1958]","[-326.9324, -847.4957, -1058.7663, -2198.6001, -14125.5612, -18124.6647, -20295.1869, -56088.3637]","[3.1616, 3.1304, -1001056.7412, -1002196.5767, -1014123.5361, -1018122.6414, -1020293.1635, -1056086.3387]","[2.369, 2.459, 4.323, 3.18, 4.835, 4.115, 5.472, 4.447]","[[[3.1148, 0.0], [6.5412, 0.1305], [8.5399, 0.1305], [12.2517, 0.3916], [15.3926, 0.7833], [18.2479, 0.7833]], [[3.1148, 0.0], [7.1122, -0.1305], [8.5399, 0.1305], [12.2517, 0.3916], [15.3926, 0.7833], [18.2479, 0.7833]], [[3.1148, 0.0], [6.5412, 0.1305], [8.5399, 0.1305], [12.2517, 0.3916], [17.9623, 1.5666], [27.6704, 0.1305]], [[3.1148, 0.0], [7.1122, -0.1305], [8.5399, 0.1305], [12.2517, 0.3916], [15.107, 0.7833], [18.5334, 6.7886]], [[3.1148, 0.0], [6.5412, 0.1305], [8.5399, 0.1305], [12.2517, 0.3916], [14.8215, 0.5222], [33.6665, 3.0026]], [[3.1148, 0.0], [7.1122, -0.1305], [8.5399, 0.1305], [12.2517, 0.3916], [23.6729, 1.8277], [20.2466, 0.2611]], [[3.1148, 0.0], [7.1122, -0.1305], [8.5399, 0.1305], [12.2517, 0.3916], [21.9598, 7.5719], [27.3848, 0.2611]], [[3.1148, 0.0], [6.5412, 0.1305], [8.5399, 0.1305], [12.2517, 0.3916], [11.6807, -11.0967], [24.5295, 0.3916]]]",1.0492,0.0,0.0,1.0,0.0,0.0,1.0,True,[3],0.0,0.0,0.3333333333333333,2.3687,8.0,1.7234,2.6389,4.3469,1.188,1.5325,2.3687,"[[3.115, 0.0], [6.541, 0.131], [8.54, 0.131], [12.252, 0.392], [15.393, 0.783], [18.248, 0.783]]",ok,5.4716,0.0,0.0,0.0,0.0,0.0,0.0,0.0,0.0,0.0,40af6a4135e64e6496a3bde206fd5ed3,scene-0016,42
3.4083,4.6749,4.109,2.7218,3.6873,3.9807,0.0,0.0,0.0,0.0,0.0,0.0,0.0,0.0,0.0,ok,straight,3.4083,4.6749,4.1107,2.7218,3.6873,3.9334,True,"[-0.0, -0.0, -0.0, -0.1305, -0.5222, -0.0653, -0.0, -0.718]","[-50.1034, -359.1391, -844.3073, -1183.6903, -2735.3409, -5836.8949, -6676.8947, -29123.5445]","[4.5135, 4.2175, -1000841.1147, -1001180.7597, -1002732.4104, -1005833.9644, -1006673.7021, -1029120.3519]","[3.933, 3.604, 3.885, 4.51, 5.753, 5.082, 3.807, 8.413]","[[[3.6858, 0.0], [7.3977, 0.0], [11.1096, 0.0], [15.3926, 0.0], [19.1045, 0.0], [23.3874, 0.0]], [[4.5424, 0.0], [8.5399, -0.3916], [11.1096, 0.0], [15.3926, 0.0], [19.1045, 0.0], [23.3874, 0.0]], [[3.6858, 0.0], [7.3977, 0.0], [11.1096, 0.0], [15.3926, 0.0], [20.8176, -0.1305], [21.9598, 0.0]], [[4.5424, 0.0], [8.5399, -0.3916], [11.1096, 0.0], [15.3926, 0.0], [19.1045, -0.3916], [17.9623, 0.2611]], [[4.5424, 0.0], [8.5399, -0.3916], [11.1096, 0.0], [15.3926, 0.0], [14.2505, -0.5222], [15.3926, -1.0444]], [[4.5424, 0.0], [8.5399, -0.3916], [11.1096, 0.0], [15.3926, 0.0], [13.9649, 0.3916], [19.6755, 0.1305]], [[3.6858, 0.0], [7.3977, 0.0], [11.1096, 0.0], [15.3926, 0.0], [23.1019, -0.5222], [20.2466, 0.0]], [[3.6858, 0.0], [7.3977, 0.0], [11.1096, 0.0], [15.3926, 0.0], [18.5334, 0.0], [-2.8813, 1.436]]]",1.5035,0.0,0.0,0.0,0.0,0.0,0.0,True,[3],0.0,0.0,0.0,3.6043,8.0,2.2906,4.6749,4.1107,1.7347,3.1938,3.6043,"[[3.686, 0.0], [7.398, 0.0], [11.11, 0.0], [15.393, 0.0], [19.104, 0.0], [23.387, 0.0]]",ok,8.413,0.0,0.0,0.0,0.0,0.0,0.0,0.0,0.0,0.0,134c7f63827c4b858a2a4ce0582d8f6e,scene-0017,42
1.3803,2.9194,4.0718,1.0807,1.7717,2.4583,0.0,0.0,0.0,0.0,0.0,0.0,0.0,0.0,0.0,ok,straight,2.1972,2.9194,4.0718,1.4892,1.9759,2.5514,False,"[-0.0653, -0.1305, -0.3916, -0.5222, -0.1305, -0.1305, -0.0653, -0.0653]","[-819.8418, -402.228, -1091.5969, -1285.2328, -1891.1254, -2184.8006, -118964.9759, -713226.6235]","[3.9459, 2.9386, -1001089.461, -1001283.0969, -1001888.9894, -1002182.0601, -1118962.2355, -1713223.883]","[3.971, 2.551, 2.369, 2.856, 4.336, 2.989, 10.534, 11.612]","[[[4.2569, 0.0], [9.3964, 0.0], [13.1083, -0.6527], [18.8189, 0.0], [23.1019, -0.1305], [28.5269, -0.1305]], [[4.2569, 0.0], [9.3964, 0.0], [12.5373, -0.1305], [16.8202, -0.1305], [20.5321, -0.2611], [24.8151, -0.2611]], [[4.2569, 0.0], [9.3964, 0.0], [12.5373, -0.1305], [16.8202, -0.1305], [19.1045, -0.3916], [24.5295, -0.7833]], [[4.2569, 0.0], [9.3964, 0.0], [12.5373, -0.1305], [16.8202, -0.1305], [20.8176, 1.3055], [26.5282, -1.0444]], [[4.2569, 0.0], [9.3964, 0.0], [12.5373, -0.1305], [16.8202, -0.1305], [25.3861, -0.6527], [31.0967, 0.2611]], [[4.2569, 0.0], [9.3964, 0.0], [13.1083, -0.6527], [18.8189, 0.0], [20.5321, -0.2611], [24.8151, -0.2611]], [[4.2569, 0.0], [9.3964, 0.0], [13.1083, -0.6527], [18.8189, 0.0], [21.3887, -0.2611], [69.6432, -0.1305]], [[4.2569, 0.0], [9.3964, 0.0], [13.1083, -0.6527], [18.8189, 0.0], [69.6432, -0.1305], [27.9559, -0.1305]]]",3.4858,0.0,0.0,0.0,0.0,0.0,0.0,True,[3],0.0,0.0,0.0,2.3691,8.0,2.1972,2.9194,4.0742,1.4892,1.9759,2.3691,"[[4.257, 0.0], [9.396, 0.0], [12.537, -0.131], [16.82, -0.131], [20.532, -0.261], [24.815, -0.261]]",ok,11.6115,0.0,0.0,0.0,0.0,0.0,0.0,0.0,0.0,0.0,6609fa8733f14987ab840f3467c609e3,scene-0017,42
0.056,0.7148,1.6736,0.1787,0.3148,0.6391,0.0,0.0,0.0,0.0,0.0,0.0,0.0,0.0,0.0,ok,straight,0.056,0.717,1.6736,0.1787,0.3153,0.6394,False,"[-0.0653, -0.6527, -0.0, -0.0653, -0.0, -0.0653, -0.4569, -0.1305]","[-27.6788, -5291.0004, -40728.0172, -187703.597, -5862.4404, -6459.4587, -10131.5813, -11551.0971]","[3.4551, -1005288.6143, -1040725.6311, -1187701.211, -2012922.3695, -2013519.3878, -2017191.5104, -2018611.0263]","[0.639, 1.104, 3.762, 5.875, 4.827, 2.352, 4.097, 2.821]","[[[3.1148, 0.0], [6.5412, 0.0], [9.682, 0.0], [12.8228, 0.1305], [15.3926, 0.1305], [18.2479, 0.1305]], [[3.1148, 0.0], [6.5412, 0.0], [9.682, 0.0], [12.8228, 0.1305], [11.6807, -0.3916], [18.8189, 1.3055]], [[3.1148, 0.0], [6.5412, 0.0], [9.682, 0.0], [12.8228, 0.1305], [20.5321, 1.1749], [1.4016, 0.0]], [[3.1148, 0.0], [6.5412, 0.0], [9.682, 0.0], [12.8228, 0.1305], [41.3758, 0.6527], [23.6729, 0.1305]], [[3.1148, 0.0], [6.5412, 0.0], [15.107, 0.0], [17.6768, 0.2611], [23.1019, 0.1305], [25.3861, 0.0]], [[3.1148, 0.0], [6.5412, 0.0], [15.107, 0.0], [17.6768, 0.2611], [15.3926, 0.1305], [18.2479, 0.1305]], [[3.1148, 0.0], [6.5412, 0.0], [15.107, 0.0], [17.6768, 0.2611], [17.1058, 1.0444], [26.8138, 0.9138]], [[3.1148, 0.0], [6.5412, 0.0], [15.107, 0.0], [17.6768, 0.2611], [14.536, 0.3916], [21.6742, 0.2611]]]",1.6857,0.0,0.0,0.0,0.0,0.0,0.0,True,[3],0.0,0.0,0.0,0.6394,8.0,0.056,0.717,1.6736,0.1787,0.3153,0.6394,"[[3.115, 0.0], [6.541, 0.0], [9.682, 0.0], [12.823, 0.131], [15.393, 0.131], [18.248, 0.131]]",ok,5.8749,0.0,0.0,0.0,0.0,0.0,0.0,0.0,0.0,0.0,8b66733250b94940b0e7477c8b182512,scene-0017,42
1.2006,3.4938,4.9288,0.7742,1.7489,2.8115,0.0,0.0,0.0,0.0,0.0,0.0,0.0,0.0,0.0,ok,straight,1.2006,1.5143,5.6415,0.7742,1.0496,2.4596,True,"[-0.8486, -0.8486, -0.3916, -0.0653, -1.7624, -1.893, -8.2899, -1.6319]","[-927.7427, -86.0117, -807.7891, -1103.8413, -8903.6714, -22493.3288, -39653.1429, -1336544.7367]","[3.7952, 3.7824, -1000804.8465, -1001100.9134, -1008900.7435, -1022490.3862, -1039650.2003, -2336541.8088]","[2.46, 2.973, 1.754, 2.472, 2.296, 3.731, 6.962, 13.622]","[[[1.1161, 0.0], [2.5437, 0.1305], [2.8293, 0.3916], [3.4003, 0.5222], [6.8267, 1.0444], [7.3977, 1.6971]], [[1.1161, 0.0], [2.5437, 0.1305], [3.6858, 0.2611], [5.6846, 0.6527], [6.8267, 1.0444], [7.3977, 1.6971]], [[1.1161, 0.0], [2.5437, 0.1305], [2.8293, 0.3916], [3.4003, 0.5222], [5.6846, 0.1305], [4.5424, 0.7833]], [[1.1161, 0.0], [2.5437, 0.1305], [3.6858, 0.2611], [5.6846, 0.6527], [5.399, -1.0444], [5.9701, 0.1305]], [[1.1161, 0.0], [2.5437, 0.1305], [3.6858, 0.2611], [5.6846, 0.6527], [1.6871, 0.0], [7.1122, 3.5248]], [[1.1161, 0.0], [2.5437, 0.1305], [2.8293, 0.3916], [3.4003, 0.5222], [11.3952, 4.9609], [8.5399, -3.7859]], [[1.1161, 0.0], [2.5437, 0.1305], [2.8293, 0.3916], [3.4003, 0.5222], [5.399, 16.5798], [14.536, 16.5798]], [[1.1161, 0.0], [2.5437, 0.1305], [3.6858, 0.2611], [5.6846, 0.6527], [69.6432, 2.611], [7.9688, 3.2637]]]",3.7562,0.0,0.0,0.0,0.0,0.0,0.0,True,[3],0.0,0.0,0.0,1.7539,8.0,1.2006,1.5143,2.6446,0.7742,1.0496,1.7539,"[[1.116, 0.0], [2.544, 0.131], [2.829, 0.392], [3.4, 0.522], [6.827, 1.044], [7.398, 1.697]]",ok,13.6224,0.0,0.0,0.0,0.0,0.0,0.0,0.0,0.0,0.0,14684fc1b81a43888b992d553add01cf,scene-0017,42
1.0508,1.1263,0.5919,0.9489,1.038,1.0079,0.0,0.0,0.0,0.0,0.0,0.0,0.0,0.0,0.0,ok,straight,1.0508,1.1263,4.0337,0.9489,1.1842,1.679,False,"[-0.5222, -1.3708, -1.3055, -0.5222, -6.658, -1.1749, -1.2402, -0.6527]","[-149.8596, -1490.8774, -1950.9095, -2017.3824, -3334.6175, -9340.1582, -10340.8015, -13082.9722]","[4.2762, -1001488.3089, -1001948.224, -1002014.6969, -1003331.932, -1009337.5897, -1010338.233, -1013080.2868]","[1.105, 1.576, 2.052, 1.018, 4.428, 2.172, 2.144, 2.738]","[[[1.6871, 0.0], [3.1148, 0.1305], [5.1135, 0.5222], [5.9701, 0.5222], [7.3977, 0.7833], [8.2543, 1.0444]], [[1.6871, 0.0], [3.1148, 0.1305], [5.1135, 0.5222], [5.9701, 0.5222], [5.9701, 1.3055], [11.3952, 2.7415]], [[1.4016, 0.1305], [3.4003, 0.2611], [4.828, 0.2611], [3.9714, 0.2611], [8.2543, 0.5222], [13.3939, 2.611]], [[1.4016, 0.1305], [3.4003, 0.2611], [4.828, 0.2611], [3.9714, 0.2611], [7.3977, 0.7833], [8.2543, 1.0444]], [[1.4016, 0.1305], [3.4003, 0.2611], [4.828, 0.2611], [3.9714, 0.2611], [7.6833, -4.8303], [15.9636, -13.3161]], [[1.6871, 0.0], [3.1148, 0.1305], [5.1135, 0.5222], [5.9701, 0.5222], [9.9675, -3.7859], [9.682, 2.3499]], [[1.6871, 0.0], [3.1148, 0.1305], [5.1135, 0.5222], [5.9701, 0.5222], [3.9714, -2.8721], [11.3952, 2.4804]], [[1.4016, 0.1305], [3.4003, 0.2611], [4.828, 0.2611], [3.9714, 0.2611], [11.3952, -3.5248], [13.1083, 1.3055]]]",1.0154,0.0,0.0,0.0,0.0,0.0,0.0,False,[3],0.0,0.0,0.0,1.0184,8.0,1.3468,0.8932,0.5919,0.96,1.0537,1.0184,"[[1.687, 0.0], [3.115, 0.131], [5.113, 0.522], [5.97, 0.522], [7.398, 0.783], [11.395, 2.611]]",ok,4.4284,0.0,0.0,1.0,0.0,0.0,1.0,0.0,0.0,0.16666666666666666,f0e4797551024f9487a016ee9d9e29e1,scene-0018,42
0.6834,0.4287,0.3555,0.6515,0.5917,0.5359,0.0,0.0,0.0,0.0,0.0,0.0,0.0,0.0,0.0,ok,left,0.6834,0.8413,0.3555,0.6515,0.9877,0.7998,False,"[2.0235, 1.2402, 1.2402, -0.3916, 8.2899, 8.2899, 8.2899, -8.2899]","[-942.0392, -519.2021, -85.7004, -7452.7295, -13409.0357, -14561.3621, -20627.8043, -42702.0277]","[1.8654, 1.7504, 1.7458, -1007451.6599, -1013407.9293, -1014560.2926, -1020626.7348, -1042700.9213]","[1.235, 0.8, 0.538, 1.827, 3.197, 2.995, 3.381, 4.737]","[[[1.6871, 0.1305], [3.1148, 0.2611], [5.6846, 0.7833], [5.9701, 1.6971], [8.2543, 1.6971], [11.3952, 4.047]], [[1.6871, 0.1305], [3.1148, 0.2611], [5.6846, 0.7833], [5.9701, 1.6971], [6.8267, 1.6971], [9.1109, 2.4804]], [[1.6871, 0.1305], [3.1148, 0.2611], [4.5424, 0.6527], [5.9701, 1.0444], [6.8267, 1.6971], [9.1109, 2.4804]], [[1.6871, 0.1305], [3.1148, 0.2611], [4.5424, 0.6527], [5.9701, 1.0444], [7.3977, 5.222], [12.8228, -0.7833]], [[1.6871, 0.1305], [3.1148, 0.2611], [5.6846, 0.7833], [5.9701, 1.6971], [7.6833, 1.6971], [14.8215, 16.5798]], [[1.6871, 0.1305], [3.1148, 0.2611], [4.5424, 0.6527], [5.9701, 1.0444], [5.9701, 0.5222], [9.682, 16.5798]], [[1.6871, 0.1305], [3.1148, 0.2611], [4.5424, 0.6527], [5.9701, 1.0444], [3.4003, 0.3916], [9.682, 16.5798]], [[1.6871, 0.1305], [3.1148, 0.2611], [5.6846, 0.7833], [5.9701, 1.6971], [10.253, 5.8747], [9.682, -16.5798]]]",1.3736,0.0,0.0,0.0,0.0,0.0,0.0,True,[3],0.0,0.0,0.0,0.5378,8.0,0.6834,0.4039,0.3555,0.6515,0.5946,0.5378,"[[1.687, 0.131], [3.115, 0.261], [5.685, 0.783], [5.97, 1.697], [6.827, 1.697], [9.111, 2.48]]",ok,4.7366,0.0,0.0,1.0,0.0,0.0,1.0,0.0,0.0,0.3333333333333333,e8dd2a90a84142b2aa1c42126d3f135b,scene-0018,42
3.5946,8.5149,16.3319,2.6284,4.8943,7.8992,0.0,0.0,0.0,0.0,0.0,0.0,0.0,0.0,0.0,ok,straight,3.5946,8.799,16.3319,2.6284,4.9653,7.9493,False,"[-0.0653, -0.1305, -0.3264, -0.3264, -0.0653, -0.0653, -0.3264, -0.1958]","[-166.442, -935.9524, -2799.2612, -93761.8431, -1247.0123, -1595.8202, -1773.5072, -10464.6806]","[4.8732, -1000932.6027, -1002795.9115, -1093758.4934, -2002104.5329, -2002453.3409, -2002631.0278, -2011322.2012]","[7.947, 8.235, 8.523, 8.739, 9.703, 11.213, 7.047, 9.821]","[[[3.6858, 0.0], [7.3977, 0.0], [11.1096, -0.1305], [15.3926, -0.1305], [19.1045, -0.1305], [24.8151, -0.1305]], [[3.6858, 0.0], [7.3977, 0.0], [11.1096, -0.1305], [15.3926, -0.1305], [18.8189, -0.2611], [26.8138, -0.2611]], [[3.6858, 0.0], [7.3977, 0.0], [11.1096, -0.1305], [15.3926, -0.1305], [22.8163, -1.1749], [24.5295, 0.6527]], [[3.6858, 0.0], [7.3977, 0.0], [11.1096, -0.1305], [15.3926, -0.1305], [19.39, 16.5798], [21.6742, -0.6527]], [[4.828, 0.0], [10.253, 0.0], [15.6781, -0.1305], [17.3913, 0.0], [19.1045, -0.1305], [24.8151, -0.1305]], [[4.828, 0.0], [10.253, 0.0], [15.6781, -0.1305], [17.3913, 0.0], [22.5308, 0.1305], [30.5257, -0.1305]], [[4.828, 0.0], [10.253, 0.0], [15.6781, -0.1305], [17.3913, 0.0], [14.2505, -0.1305], [13.1083, -0.6527]], [[4.828, 0.0], [10.253, 0.0], [15.6781, -0.1305], [17.3913, 0.0], [16.2492, -1.6971], [27.9559, -0.3916]]]",1.2143,0.0,0.0,0.0,0.0,0.0,0.0,True,[3],0.0,0.0,0.0,7.0468,8.0,6.4492,10.7799,5.1872,4.6267,7.5997,7.0468,"[[3.686, 0.0], [7.398, 0.0], [11.11, -0.131], [15.393, -0.131], [19.104, -0.261], [24.815, -0.131]]",ok,11.2129,0.0,0.0,0.0,0.0,0.0,0.0,0.0,0.0,0.0,9fbcde13d96b43a8aee0f76aee3bfc65,scene-0018,42
0.6232,0.5793,0.9539,0.4027,0.4682,0.5539,0.0,0.0,0.0,0.0,0.0,0.0,0.0,0.0,0.0,ok,right,0.6232,1.7546,0.9539,0.4027,0.9287,0.8929,False,"[1.5666, 1.5666, 1.5666, 0.1958, 1.6319, 1.5013, 7.3761, 1.1097]","[-78.354, -1178.0655, -1883.4931, -4400.5273, -5824.6897, -8838.6373, -42501.9317, -111021.0588]","[2.6475, -1001175.8119, -1001881.2396, -1004398.2738, -1005822.4071, -1008836.3547, -1042499.6782, -1111018.7762]","[0.573, 0.893, 1.166, 1.572, 1.159, 1.249, 3.905, 3.728]","[[[1.1161, 0.0], [1.9727, -0.2611], [3.6858, -0.7833], [5.1135, -1.3055], [5.6846, -1.9582], [6.5412, -3.1332]], [[1.1161, 0.0], [1.9727, -0.2611], [4.5424, -1.3055], [6.8267, -1.1749], [5.6846, -1.9582], [6.5412, -3.1332]], [[1.1161, 0.0], [1.9727, -0.2611], [4.5424, -1.3055], [6.8267, -1.1749], [4.828, -1.0444], [5.399, -3.1332]], [[1.1161, 0.0], [1.9727, -0.2611], [4.5424, -1.3055], [6.8267, -1.1749], [4.828, 1.9582], [6.5412, -0.3916]], [[1.1161, 0.0], [1.9727, -0.2611], [3.6858, -0.7833], [5.1135, -1.3055], [4.2569, 1.6971], [7.9688, -3.2637]], [[1.1161, 0.0], [1.9727, -0.2611], [3.6858, -0.7833], [5.1135, -1.3055], [7.9688, 3.0026], [6.5412, -3.0026]], [[1.1161, 0.0], [1.9727, -0.2611], [4.5424, -1.3055], [6.8267, -1.1749], [8.8254, 5.0914], [5.1135, -14.7521]], [[1.1161, 0.0], [1.9727, -0.2611], [3.6858, -0.7833], [5.1135, -1.3055], [5.6846, 16.5798], [4.5424, -2.2193]]]",1.2064,0.0,0.0,0.0,0.0,0.0,0.0,False,[3],0.0,0.0,0.0,0.5727,8.0,0.6232,0.5003,0.9539,0.4027,0.4485,0.5727,"[[1.116, 0.0], [1.973, -0.261], [4.542, -1.305], [6.827, -1.175], [5.685, -1.958], [6.541, -3.133]]",ok,3.9051,0.0,0.0,0.0,0.0,0.0,0.0,0.0,0.0,0.0,a6be1b51213443ba9991585f56a30c71,scene-0018,42
2.9256,4.8234,5.5089,2.233,3.3104,4.2538,0.0,0.0,0.0,0.0,0.0,0.0,0.0,0.0,0.0,ok,right,4.0751,5.3773,7.5989,2.95,3.7376,4.9326,False,"[0.3264, 0.3264, 0.0653, 0.3916, 0.1305, 0.3264, 0.718, 0.4569]","[-93.1322, -757.3705, -3274.7588, -4382.3317, -5786.2666, -10937.1792, -77600.7248, -804671.2127]","[4.6496, 0.6372, -1003274.4636, -1004378.0267, -1005781.9616, -1010936.8841, -1077600.4296, -1804666.9078]","[4.694, 4.933, 4.472, 3.888, 3.057, 4.488, 4.975, 10.936]","[[[4.5424, 0.0], [9.1109, -0.1305], [14.2505, -0.1305], [18.2479, -0.2611], [22.2453, -0.2611], [26.8138, -0.6527]], [[4.2569, 0.0], [7.9688, 0.0], [14.2505, -0.1305], [18.2479, -0.2611], [22.2453, -0.2611], [26.8138, -0.6527]], [[4.2569, 0.0], [7.9688, 0.0], [14.2505, -0.1305], [18.2479, -0.2611], [25.3861, -0.2611], [26.8138, -0.1305]], [[4.5424, 0.0], [9.1109, -0.1305], [14.2505, -0.1305], [18.2479, -0.2611], [21.9598, -0.1305], [35.3797, -0.7833]], [[4.5424, 0.0], [9.1109, -0.1305], [14.2505, -0.1305], [18.2479, -0.2611], [27.9559, -2.0888], [31.3822, -0.2611]], [[4.2569, 0.0], [7.9688, 0.0], [14.2505, -0.1305], [18.2479, -0.2611], [20.2466, -0.7833], [36.2362, -0.6527]], [[4.2569, 0.0], [7.9688, 0.0], [14.2505, -0.1305], [18.2479, -0.2611], [38.5205, -0.1305], [29.098, -1.436]], [[4.5424, 0.0], [9.1109, -0.1305], [14.2505, -0.1305], [18.2479, -0.2611], [69.6432, -0.2611], [22.8163, -0.9138]]]",2.2534,0.0,0.0,0.0,0.0,0.0,0.0,True,[3],0.0,0.0,0.0,3.0571,8.0,2.9256,5.3773,3.7533,2.233,3.379,3.0571,"[[4.257, 0.0], [7.969, 0.0], [14.25, -0.131], [18.248, -0.261], [22.245, -0.261], [26.814, -0.653]]",ok,10.9357,0.0,0.0,0.0,0.0,0.0,0.0,0.0,0.0,0.0,d62b0f9db06440c695781c52ed71909a,scene-0035,42
1.8471,3.7115,5.0151,1.3082,2.103,2.7403,0.0,0.0,0.0,0.0,0.0,0.0,0.0,0.0,0.0,ok,straight,1.8471,3.7115,5.0151,1.3082,2.103,2.7412,False,"[-0.8486, -0.8486, -3.0679, -0.3264, -0.5875, -0.718, -0.5875, -2.611]","[-829.6468, -1091.7001, -1359.577, -1490.4922, -2913.6589, -4145.9249, -8373.7648, -67291.5013]","[3.2492, 3.2317, -1001357.1625, -1001488.0777, -1002911.2497, -1004143.5156, -1008371.3555, -1067289.0869]","[2.741, 2.742, 3.466, 2.181, 2.59, 4.992, 2.403, 5.314]","[[[3.6858, 0.0], [6.8267, -0.1305], [10.5386, -0.3916], [12.8228, -0.7833], [17.3913, -1.0444], [19.39, -1.6971]], [[3.9714, -0.1305], [6.5412, -0.1305], [10.5386, -0.3916], [12.8228, -0.7833], [17.3913, -1.0444], [19.39, -1.6971]], [[3.6858, 0.0], [6.8267, -0.1305], [10.5386, -0.3916], [12.8228, -0.7833], [16.2492, -1.1749], [17.3913, -6.1358]], [[3.6858, 0.0], [6.8267, -0.1305], [10.5386, -0.3916], [12.8228, -0.7833], [18.5334, -1.8277], [21.9598, -0.6527]], [[3.9714, -0.1305], [6.5412, -0.1305], [10.5386, -0.3916], [12.8228, -0.7833], [14.536, -1.9582], [23.3874, -1.1749]], [[3.9714, -0.1305], [6.5412, -0.1305], [10.5386, -0.3916], [12.8228, -0.7833], [10.8241, 1.436], [12.8228, -1.436]], [[3.9714, -0.1305], [6.5412, -0.1305], [10.5386, -0.3916], [12.8228, -0.7833], [20.8176, -2.0888], [19.39, -1.1749]], [[3.6858, 0.0], [6.8267, -0.1305], [10.5386, -0.3916], [12.8228, -0.7833], [4.828, -1.3055], [27.9559, 5.222]]]",1.1253,0.0,0.0,0.0,0.0,0.0,0.0,True,[3],0.0,0.0,0.0,2.181,8.0,1.8471,3.7115,2.7115,1.3082,2.103,2.181,"[[3.686, 0.0], [6.827, -0.131], [10.539, -0.392], [12.823, -0.783], [17.391, -1.044], [19.39, -1.697]]",ok,5.3139,0.0,0.0,0.0,0.0,0.0,0.0,0.0,0.0,0.0,d9d546a04a9a41d8984c39e7c53689b6,scene-0035,42
1.3924,3.2452,4.599,1.0367,2.0583,2.7465,0.0,0.0,0.0,0.0,0.0,0.0,0.0,0.0,0.0,ok,right,1.3924,3.2452,4.599,1.0367,2.0583,2.8403,False,"[0.9791, 0.9791, 0.4569, 0.718, 1.0444, 0.5222, -8.2899, 0.9138]","[-732.9924, -20.774, -2603.1208, -3161.2326, -13702.1922, -25910.2854, -154047.1695, -715164.1221]","[3.8507, 1.5002, -1002602.5492, -1003158.3074, -1013699.2671, -1025909.7138, -1154046.5978, -1715161.1969]","[2.784, 2.84, 3.626, 3.044, 2.817, 6.149, 8.265, 9.127]","[[[4.2569, -0.1305], [9.3964, -1.1749], [12.5373, -0.3916], [16.8202, -0.7833], [21.1032, -1.1749], [25.9572, -1.9582]], [[4.2569, -0.1305], [8.5399, -0.2611], [12.5373, -0.3916], [16.8202, -0.7833], [21.1032, -1.1749], [25.9572, -1.9582]], [[4.2569, -0.1305], [8.5399, -0.2611], [12.5373, -0.3916], [16.8202, -0.7833], [22.2453, -1.0444], [20.2466, -0.9138]], [[4.2569, -0.1305], [9.3964, -1.1749], [12.5373, -0.3916], [16.8202, -0.7833], [23.1019, -1.0444], [22.5308, -1.436]], [[4.2569, -0.1305], [9.3964, -1.1749], [12.5373, -0.3916], [16.8202, -0.7833], [17.1058, -3.5248], [30.8112, -2.0888]], [[4.2569, -0.1305], [8.5399, -0.2611], [12.5373, -0.3916], [16.8202, -0.7833], [21.6742, -6.0053], [7.3977, -1.0444]], [[4.2569, -0.1305], [8.5399, -0.2611], [12.5373, -0.3916], [16.8202, -0.7833], [3.4003, -0.2611], [33.0954, 16.5798]], [[4.2569, -0.1305], [9.3964, -1.1749], [12.5373, -0.3916], [16.8202, -0.7833], [69.6432, -3.0026], [32.8099, -1.8277]]]",2.4708,0.0,0.0,0.0,0.0,0.0,0.0,True,[3],0.0,0.0,0.0,2.7845,8.0,1.0576,3.2452,4.599,0.8693,1.9746,2.7845,"[[4.257, -0.131], [8.54, -0.261], [12.537, -0.392], [16.82, -0.783], [21.103, -1.175], [25.957, -1.958]]",ok,9.127,0.0,0.0,0.0,0.0,0.0,0.0,0.0,0.0,0.0,3c4a042965874822affa98f7449566b6,scene-0035,42
4.8672,9.4457,14.8905,3.633,5.6804,8.3097,0.0,0.0,0.0,0.0,0.0,0.0,0.0,0.0,0.0,ok,straight,4.8672,8.0189,14.8905,3.633,5.3236,8.0719,True,"[-0.0653, -0.0653, -0.0653, -0.4569, -0.0, -0.0653, -0.1305, -0.6527]","[-772.9429, -1428.6596, -1851.9969, -2362.9206, -12437.1405, -13740.7436, -29028.6198, -101899.7374]","[3.055, -1001426.8034, -1001850.1111, -1002361.0348, -1012435.2843, -1013738.8578, -1029026.7636, -1101897.8812]","[8.072, 9.263, 7.837, 7.747, 8.549, 10.117, 7.881, 11.224]","[[[3.6858, 0.0], [7.3977, 0.0], [12.5373, 0.0], [16.8202, -0.1305], [18.2479, -0.1305], [21.9598, -0.1305]], [[3.6858, 0.0], [7.1122, 0.0], [10.253, -0.2611], [12.2517, -0.1305], [18.2479, -0.1305], [21.9598, -0.1305]], [[3.6858, 0.0], [7.3977, 0.0], [12.5373, 0.0], [16.8202, -0.1305], [17.9623, -0.6527], [23.6729, 0.1305]], [[3.6858, 0.0], [7.3977, 0.0], [12.5373, 0.0], [16.8202, -0.1305], [17.9623, 0.5222], [24.244, -0.9138]], [[3.6858, 0.0], [7.1122, 0.0], [10.253, -0.2611], [12.2517, -0.1305], [22.5308, -0.1305], [21.9598, 0.0]], [[3.6858, 0.0], [7.3977, 0.0], [12.5373, 0.0], [16.8202, -0.1305], [11.3952, 0.2611], [16.5347, -0.1305]], [[3.6858, 0.0], [7.1122, 0.0], [10.253, -0.2611], [12.2517, -0.1305], [25.9572, 0.2611], [22.5308, 0.2611]], [[3.6858, 0.0], [7.1122, 0.0], [10.253, -0.2611], [12.2517, -0.1305], [19.1045, 16.5798], [17.9623, -1.3055]]]",1.1879,0.0,0.0,0.0,0.0,0.0,0.0,True,[3],0.0,0.0,0.0,7.7467,8.0,4.8672,8.0189,12.6535,3.633,5.3236,7.7467,"[[3.686, 0.0], [7.398, 0.0], [12.537, 0.0], [16.82, -0.131], [18.248, -0.131], [21.96, -0.131]]",ok,11.2242,0.0,0.0,0.0,0.0,0.0,0.0,0.0,0.0,0.0,5f15115414584a23bdc0d0982c46e264,scene-0035,42
2.0873,4.0219,7.1326,1.5462,2.5767,3.4491,0.0,0.0,0.0,0.0,0.0,0.0,0.0,0.0,0.0,ok,straight,2.0873,4.0219,7.1298,1.5462,2.5767,3.7811,False,"[-0.0653, -0.3264, -0.0653, -0.1958, -0.1958, -0.2611, -8.2899, -0.2611]","[-10.971, -674.2126, -8038.2879, -20104.2142, -24109.4536, -33180.9349, -54610.4497, -80631.4641]","[3.8966, -1000671.7963, -1008035.9092, -1020101.798, -1024107.0749, -1033178.5562, -1054608.071, -1080629.0479]","[3.781, 4.075, 3.066, 4.312, 2.265, 4.762, 5.169, 8.702]","[[[3.6858, 0.0], [7.3977, 0.0], [11.1096, 0.0], [15.107, 0.0], [18.8189, -0.1305], [21.9598, -0.1305]], [[3.6858, 0.0], [7.3977, 0.0], [11.1096, 0.0], [15.107, 0.0], [17.1058, -0.2611], [21.9598, 0.6527]], [[3.6858, 0.0], [7.3977, 0.0], [12.5373, 0.2611], [20.2466, 0.0], [18.8189, -0.1305], [21.9598, -0.1305]], [[3.6858, 0.0], [7.3977, 0.0], [11.1096, 0.0], [15.107, 0.0], [16.5347, -0.3916], [37.0928, 0.3916]], [[3.6858, 0.0], [7.3977, 0.0], [12.5373, 0.2611], [20.2466, 0.0], [17.1058, 0.0], [29.098, 0.3916]], [[3.6858, 0.0], [7.3977, 0.0], [12.5373, 0.2611], [20.2466, 0.0], [23.3874, 2.8721], [48.514, 0.5222]], [[3.6858, 0.0], [7.3977, 0.0], [12.5373, 0.2611], [20.2466, 0.0], [15.6781, -0.1305], [31.9533, -16.5798]], [[3.6858, 0.0], [7.3977, 0.0], [11.1096, 0.0], [15.107, 0.0], [22.8163, -0.6527], [69.6432, 0.5222]]]",1.8011,0.0,0.0,0.0,0.0,0.0,0.0,True,[3],0.0,0.0,0.0,2.265,8.0,2.0873,1.1258,0.6104,1.5462,1.5037,2.265,"[[3.686, 0.0], [7.398, 0.0], [11.11, 0.0], [15.107, 0.0], [18.819, -0.131], [21.96, -0.131]]",ok,8.7015,0.0,0.0,0.0,0.0,0.0,0.0,0.0,0.0,0.0,e1b5c775be134db696ce22413d195c72,scene-0036,42
5.3037,10.2522,15.6894,4.159,6.5304,9.2738,0.0,0.0,0.0,0.0,0.0,0.0,0.0,0.0,0.0,ok,straight,5.3037,9.396,15.6894,4.159,6.3878,8.8455,True,"[-0.0, -0.0653, -0.0653, -0.5222, -0.1305, -0.3264, -0.1958, -0.1305]","[-627.3447, -218.0466, -202.9034, -147.5305, -12326.9665, -17022.3607, -28369.7251, -94619.9676]","[4.4212, 4.0244, 3.9942, 1.1233, -1012324.2903, -1017019.7153, -1028367.049, -1094617.3222]","[8.799, 8.846, 8.941, 8.517, 7.47, 9.561, 8.37, 10.942]","[[[2.2582, 0.0], [5.1135, 0.0], [7.1122, 0.0], [10.5386, 0.0], [12.2517, -0.5222], [15.9636, 0.0]], [[2.2582, 0.0], [5.1135, 0.0], [7.1122, 0.0], [10.5386, 0.0], [13.1083, -0.1305], [14.8215, -0.1305]], [[2.2582, 0.0], [5.1135, 0.0], [7.3977, 0.0], [9.682, -0.1305], [13.1083, -0.1305], [14.8215, -0.1305]], [[2.2582, 0.0], [5.1135, 0.0], [7.3977, 0.0], [9.682, -0.1305], [13.3939, 0.0], [17.1058, -1.0444]], [[2.2582, 0.0], [5.1135, 0.0], [7.1122, 0.0], [10.5386, 0.0], [19.9611, -0.6527], [16.2492, -0.2611]], [[2.2582, 0.0], [5.1135, 0.0], [7.3977, 0.0], [9.682, -0.1305], [5.9701, 0.0], [18.2479, -0.6527]], [[2.2582, 0.0], [5.1135, 0.0], [7.1122, 0.0], [10.5386, 0.0], [20.8176, 0.0], [9.9675, -0.3916]], [[2.2582, 0.0], [5.1135, 0.0], [7.3977, 0.0], [9.682, -0.1305], [14.2505, 16.5798], [10.8241, 0.2611]]]",0.9411,0.0,0.0,0.0,0.0,0.0,0.0,True,[3],0.0,0.0,0.0,7.47,8.0,5.3037,9.396,14.2619,4.159,6.3878,7.47,"[[2.258, 0.0], [5.113, 0.0], [7.112, 0.0], [10.539, 0.0], [13.108, -0.131], [14.822, -0.131]]",ok,10.9419,0.0,0.0,0.0,0.0,0.0,0.0,0.0,0.0,0.0,125a63c9e5b14ebfb5839143c88e3a44,scene-0036,42
3.9006,8.3166,12.9641,3.1942,5.4439,7.5208,0.0,0.0,0.0,0.0,0.0,0.0,0.0,0.0,0.0,ok,straight,3.3297,7.46,12.9641,3.0515,4.8739,7.1407,True,"[-0.0653, -0.0653, -0.0653, -0.1305, -0.0, -0.0, -0.0, -0.0]","[-195.9116, -274.8927, -316.3222, -193.001, -3259.7513, -4497.6258, -44367.658, -429793.1425]","[2.0181, 2.0141, 2.0138, 0.5813, -1003257.6231, -1004495.4976, -1044365.5333, -1429791.0177]","[7.521, 7.141, 7.617, 6.95, 8.666, 7.188, 7.331, 14.05]","[[[3.1148, 0.0], [6.2556, 0.0], [8.5399, 0.0], [12.2517, -0.1305], [15.107, -0.1305], [17.3913, -0.1305]], [[2.8293, 0.0], [6.8267, 0.0], [9.682, 0.1305], [13.1083, -0.1305], [15.107, -0.1305], [17.3913, -0.1305]], [[2.8293, 0.0], [6.8267, 0.0], [9.682, 0.1305], [13.1083, -0.1305], [14.536, -0.1305], [15.107, -0.1305]], [[3.1148, 0.0], [6.2556, 0.0], [8.5399, 0.0], [12.2517, -0.1305], [16.5347, -0.1305], [19.39, -0.2611]], [[3.1148, 0.0], [6.2556, 0.0], [8.5399, 0.0], [12.2517, -0.1305], [11.1096, 0.6527], [14.536, 0.0]], [[3.1148, 0.0], [6.2556, 0.0], [8.5399, 0.0], [12.2517, -0.1305], [12.8228, -0.2611], [21.6742, 0.0]], [[2.8293, 0.0], [6.8267, 0.0], [9.682, 0.1305], [13.1083, -0.1305], [6.5412, -0.2611], [24.8151, 0.0]], [[2.8293, 0.0], [6.8267, 0.0], [9.682, 0.1305], [13.1083, -0.1305], [-0.026, 0.0], [69.6432, 0.0]]]",2.2253,0.0,0.0,0.0,0.0,0.0,0.0,True,[3],0.0,0.0,0.0,6.9499,8.0,3.9006,8.3166,10.9665,3.1942,5.4439,6.9499,"[[2.829, 0.0], [6.827, 0.0], [9.682, 0.131], [13.108, -0.131], [15.107, -0.131], [17.391, -0.131]]",ok,14.0502,0.0,0.0,0.0,0.0,0.0,0.0,0.0,0.0,0.0,568a082ce58a4b4e81df3974e7ff34de,scene-0036,42
2.7967,3.687,6.7832,1.8537,2.5349,3.5299,0.0,0.0,0.0,0.0,0.0,0.0,0.0,0.0,0.0,ok,straight,0.2284,3.687,6.7832,0.1417,1.6789,2.9592,True,"[-0.0, -0.0, -0.0653, -0.3916, -0.2611, -0.5222, -0.1958, -0.0653]","[-158.6797, -777.3734, -790.707, -820.8959, -1047.95, -1456.272, -1739.9323, -3067.1997]","[5.4092, 4.539, 4.1603, 2.3111, -1001044.886, -1001453.3273, -1001736.8683, -1003064.1357]","[3.53, 2.959, 2.448, 3.022, 4.674, 3.637, 4.341, 3.246]","[[[3.6858, 0.0], [7.3977, 0.0], [12.5373, 0.0], [16.8202, 0.0], [20.8176, 0.0], [23.3874, 0.0]], [[4.5424, 0.0], [9.9675, 0.0], [12.5373, 0.0], [16.8202, 0.0], [20.8176, 0.0], [23.3874, 0.0]], [[4.5424, 0.0], [9.9675, 0.0], [12.5373, 0.0], [16.8202, 0.0], [21.3887, 0.6527], [25.9572, 0.1305]], [[4.5424, 0.0], [9.9675, 0.0], [12.5373, 0.0], [16.8202, 0.0], [20.2466, 0.5222], [23.6729, 0.7833]], [[3.6858, 0.0], [7.3977, 0.0], [12.5373, 0.0], [16.8202, 0.0], [17.3913, -0.1305], [19.9611, -0.5222]], [[4.5424, 0.0], [9.9675, 0.0], [12.5373, 0.0], [16.8202, 0.0], [20.5321, 0.2611], [19.6755, 1.0444]], [[3.6858, 0.0], [7.3977, 0.0], [12.5373, 0.0], [16.8202, 0.0], [17.3913, 0.1305], [21.9598, 0.3916]], [[3.6858, 0.0], [7.3977, 0.0], [12.5373, 0.0], [16.8202, 0.0], [18.5334, 0.2611], [27.3848, -0.1305]]]",0.6888,0.0,0.0,0.0,0.0,0.0,0.0,True,[3],0.0,0.0,0.0,2.4476,8.0,0.2284,3.687,4.2174,0.1417,1.6789,2.4476,"[[4.542, 0.0], [9.968, 0.0], [12.537, 0.0], [16.82, 0.0], [20.818, 0.0], [23.387, 0.0]]",ok,4.6737,0.0,0.0,0.0,0.0,0.0,0.0,0.0,0.0,0.0,63da0bd557fe4de0bd2b76c77e9f7fa3,scene-0036,42
0.6185,0.4639,0.6346,0.3367,0.4071,0.4068,0.0,0.0,0.0,0.0,0.0,0.0,0.0,0.0,0.0,ok,left,0.0654,0.318,1.201,0.248,0.3263,0.4473,False,"[2.2846, 2.2846, 2.3499, 8.2899, 4.6998, 2.3499, -8.2899, 8.2899]","[-1312.0053, -213.1659, -3953.7273, -7758.2676, -10039.4271, -38715.8345, -285935.3202, -1201810.3125]","[1.1008, 1.0724, -1003953.0462, -1007757.5553, -1010038.746, -1038715.1221, -1285934.639, -2201809.6002]","[0.605, 0.447, 1.048, 2.547, 1.822, 2.448, 7.819, 11.821]","[[[2.5437, 0.1305], [4.5424, 0.6527], [8.2543, 1.6971], [9.682, 2.8721], [13.6794, 3.7859], [15.3926, 4.5692]], [[2.8293, -0.1305], [5.1135, 0.7833], [7.3977, 1.6971], [11.1096, 2.4804], [13.6794, 3.7859], [15.3926, 4.5692]], [[2.8293, -0.1305], [5.1135, 0.7833], [7.3977, 1.6971], [11.1096, 2.4804], [13.9649, 7.0497], [18.2479, 4.6998]], [[2.5437, 0.1305], [4.5424, 0.6527], [8.2543, 1.6971], [9.682, 2.8721], [13.3939, 3.9165], [20.5321, 16.5798]], [[2.8293, -0.1305], [5.1135, 0.7833], [7.3977, 1.6971], [11.1096, 2.4804], [9.1109, 2.4804], [16.2492, 9.3996]], [[2.5437, 0.1305], [4.5424, 0.6527], [8.2543, 1.6971], [9.682, 2.8721], [1.9727, 0.9138], [16.8202, 4.6998]], [[2.8293, -0.1305], [5.1135, 0.7833], [7.3977, 1.6971], [11.1096, 2.4804], [34.5231, 16.5798], [16.8202, -16.5798]], [[2.5437, 0.1305], [4.5424, 0.6527], [8.2543, 1.6971], [9.682, 2.8721], [69.6432, 3.0026], [11.6807, 16.5798]]]",3.8142,0.0,0.0,0.0,0.0,0.0,0.0,True,[3],0.0,0.0,0.0,0.4473,8.0,0.0654,0.318,1.201,0.248,0.3263,0.4473,"[[2.829, -0.131], [5.113, 0.783], [7.398, 1.697], [11.11, 2.48], [13.679, 3.786], [15.393, 4.569]]",ok,11.8207,0.0,0.0,0.0,0.0,0.0,0.0,0.0,0.0,0.0,0f39f34febc84a6689f08599105d1421,scene-0038,42
1.7382,4.4915,6.0844,1.3345,2.5726,3.5919,0.0,0.0,0.0,0.0,0.0,0.0,0.0,0.0,0.0,ok,straight,1.7382,3.9209,7.7973,1.3345,2.2873,3.8305,False,"[-0.0653, -0.1305, -0.5222, -0.0653, -0.0, -0.5222, -0.0653, -0.0653]","[-27.4368, -62.034, -640.9959, -1342.033, -2312.5117, -4140.6887, -15360.794, -18142.067]","[4.2428, 3.9122, 1.8694, -1001339.1338, -1002309.6125, -1004137.7895, -1015357.8904, -1018139.1634]","[3.83, 4.401, 3.328, 3.735, 4.306, 3.051, 4.259, 3.696]","[[[3.1148, 0.0], [6.5412, 0.0], [9.682, 0.0], [12.8228, 0.0], [15.3926, -0.1305], [18.2479, -0.1305]], [[3.1148, 0.0], [6.5412, 0.0], [9.682, 0.0], [12.8228, 0.0], [14.536, 0.0], [15.6781, -0.2611]], [[3.1148, 0.0], [6.5412, 0.0], [9.1109, -0.1305], [13.9649, 0.0], [16.8202, 0.0], [19.39, 1.0444]], [[3.1148, 0.0], [6.5412, 0.0], [9.1109, -0.1305], [13.9649, 0.0], [15.3926, -0.1305], [18.2479, -0.1305]], [[3.1148, 0.0], [6.5412, 0.0], [9.1109, -0.1305], [13.9649, 0.0], [17.1058, -0.3916], [13.1083, 0.0]], [[3.1148, 0.0], [6.5412, 0.0], [9.1109, -0.1305], [13.9649, 0.0], [20.2466, -1.6971], [18.2479, -1.0444]], [[3.1148, 0.0], [6.5412, 0.0], [9.682, 0.0], [12.8228, 0.0], [9.682, 0.0], [21.3887, -0.1305]], [[3.1148, 0.0], [6.5412, 0.0], [9.682, 0.0], [12.8228, 0.0], [21.6742, 0.3916], [13.6794, 0.1305]]]",0.4505,0.0,0.0,0.0,0.0,0.0,0.0,True,[3],0.0,0.0,0.0,3.0508,8.0,1.7382,2.7801,7.8369,1.3345,2.1442,3.0508,"[[3.115, 0.0], [6.541, 0.0], [9.682, 0.0], [12.823, 0.0], [15.393, 0.0], [18.248, -0.131]]",ok,4.4013,0.0,0.0,0.0,0.0,0.0,0.0,0.0,0.0,0.0,3f649706222f4d83aa0a8a1b687f29fa,scene-0038,42
3.4939,5.8767,9.6344,2.7655,4.2763,5.6171,0.0,0.0,0.0,0.0,0.0,0.0,0.0,0.0,0.0,ok,straight,3.4939,5.8767,8.9939,2.7655,4.2763,5.8416,False,"[-0.0, -0.3264, -0.3264, -0.0, -0.0653, -0.3916, -2.7415, -0.1305]","[-180.1838, -1083.4374, -1274.8185, -2338.4559, -3792.4291, -4788.4047, -7987.2818, -912662.5633]","[3.3366, 2.9543, -1001272.4479, -1002336.0892, -1003790.0625, -1004786.038, -1007984.9151, -1912660.1927]","[5.523, 5.84, 6.127, 4.381, 4.951, 5.188, 4.849, 11.11]","[[[3.1148, 0.0], [6.2556, 0.0], [8.5399, 0.0], [12.2517, 0.0], [15.3926, 0.0], [17.3913, 0.0]], [[3.1148, 0.0], [6.2556, 0.0], [8.5399, 0.0], [12.2517, 0.0], [13.3939, -0.6527], [17.3913, -0.6527]], [[3.1148, 0.0], [6.2556, 0.0], [8.5399, 0.0], [12.2517, 0.0], [12.8228, -0.1305], [16.2492, -0.6527]], [[3.4003, 0.0], [7.6833, 0.0], [10.5386, 0.0], [15.3926, 0.0], [15.3926, 0.0], [17.3913, 0.0]], [[3.4003, 0.0], [7.6833, 0.0], [10.5386, 0.0], [15.3926, 0.0], [13.9649, 0.0], [15.3926, 0.1305]], [[3.4003, 0.0], [7.6833, 0.0], [10.5386, 0.0], [15.3926, 0.0], [13.3939, 0.7833], [14.536, -0.7833]], [[3.4003, 0.0], [7.6833, 0.0], [10.5386, 0.0], [15.3926, 0.0], [13.3939, 0.2611], [17.3913, -5.4831]], [[3.1148, 0.0], [6.2556, 0.0], [8.5399, 0.0], [12.2517, 0.0], [69.6432, -0.3916], [24.8151, 0.2611]]]",2.0027,0.0,0.0,0.0,0.0,0.0,0.0,True,[3],0.0,0.0,0.0,4.3811,8.0,2.0666,2.7367,9.0695,1.9091,2.5635,4.3811,"[[3.115, 0.0], [6.256, 0.0], [8.54, 0.0], [12.252, 0.0], [13.394, -0.131], [17.391, -0.653]]",ok,11.1099,0.0,0.0,0.0,0.0,0.0,0.0,0.0,0.0,0.0,e73a59216865449ab48d31a0880664aa,scene-0038,42
3.2224,5.6046,9.7583,2.4118,3.7463,5.4787,0.0,0.0,0.0,0.0,0.0,0.0,0.0,0.0,0.0,ok,right,3.7673,6.2319,9.9958,2.4271,3.9108,5.6279,False,"[1.5666, 1.5666, 3.4596, 2.8068, 1.5013, 1.436, 3.0026, -8.2899]","[-449.1025, -553.2471, -1598.3744, -2891.2345, -4320.7839, -44690.3891, -82713.5594, -1058190.0702]","[2.8106, 2.7019, -1001596.1894, -1002889.0495, -1004318.7073, -1044688.3125, -1082711.3745, -2058187.9936]","[5.628, 6.261, 5.495, 4.646, 6.91, 11.923, 4.914, 15.598]","[[[3.1148, 0.1305], [4.5424, -0.5222], [7.9688, -0.9138], [10.5386, -1.5666], [12.8228, -2.4804], [15.3926, -3.1332]], [[3.1148, 0.1305], [4.5424, -0.5222], [5.9701, 0.1305], [9.1109, -0.9138], [12.8228, -2.4804], [15.3926, -3.1332]], [[3.1148, 0.1305], [4.5424, -0.5222], [7.9688, -0.9138], [10.5386, -1.5666], [12.8228, -1.6971], [15.3926, -6.9191]], [[3.1148, 0.1305], [4.5424, -0.5222], [7.9688, -0.9138], [10.5386, -1.5666], [15.3926, -0.5222], [19.6755, -5.6136]], [[3.1148, 0.1305], [4.5424, -0.5222], [5.9701, 0.1305], [9.1109, -0.9138], [13.6794, -3.3943], [9.9675, -3.0026]], [[3.1148, 0.1305], [4.5424, -0.5222], [5.9701, 0.1305], [9.1109, -0.9138], [25.3861, -2.0888], [69.6432, -2.8721]], [[3.1148, 0.1305], [4.5424, -0.5222], [7.9688, -0.9138], [10.5386, -1.5666], [31.0967, -4.6998], [21.9598, -6.0053]], [[3.1148, 0.1305], [4.5424, -0.5222], [5.9701, 0.1305], [9.1109, -0.9138], [69.6432, -2.0888], [21.6742, 16.5798]]]",3.6938,0.0,0.0,0.0,0.0,0.0,0.0,True,[3],0.0,0.0,0.0,4.6455,8.0,3.7673,6.2319,5.0506,2.4271,3.9108,4.6455,"[[3.115, 0.131], [4.542, -0.522], [7.969, -0.914], [10.539, -1.567], [12.823, -2.48], [15.393, -3.133]]",ok,15.598,0.0,0.0,0.0,0.0,0.0,0.0,0.0,0.0,0.0,5bb77a2ff3d44094b691ba239cbab83a,scene-0038,42
2.2913,6.8789,12.0655,1.5664,3.6802,5.9924,0.0,0.0,0.0,0.0,0.0,0.0,0.0,0.0,0.0,ok,straight,2.2913,6.8789,12.0655,1.5664,3.6802,5.9924,False,"[-0.0653, -0.0653, -0.0653, -0.3264, -0.3916, -0.1958, -0.0653, -0.0653]","[-33.3991, -1832.7, -2477.2521, -9439.0675, -10514.0421, -18151.6387, -25815.9626, -127143.695]","[2.9402, -1001831.086, -1002474.1298, -1009435.9452, -1010512.4281, -1018148.5164, -1025812.8403, -1127142.0811]","[5.992, 4.993, 5.516, 4.763, 4.193, 4.864, 4.162, 10.632]","[[[2.8293, 0.0], [5.399, 0.0], [7.3977, -0.1305], [9.9675, -0.1305], [12.5373, -0.1305], [14.8215, -0.1305]], [[2.8293, 0.0], [5.399, 0.0], [7.3977, -0.1305], [9.9675, -0.1305], [12.2517, -0.1305], [21.1032, -0.1305]], [[2.8293, 0.0], [5.399, 0.0], [7.6833, -0.1305], [12.5373, 0.0], [12.5373, -0.1305], [14.8215, -0.1305]], [[2.8293, 0.0], [5.399, 0.0], [7.6833, -0.1305], [12.5373, 0.0], [11.3952, -0.2611], [20.5321, -0.6527]], [[2.8293, 0.0], [5.399, 0.0], [7.3977, -0.1305], [9.9675, -0.1305], [19.6755, -0.1305], [18.5334, -0.7833]], [[2.8293, 0.0], [5.399, 0.0], [7.6833, -0.1305], [12.5373, 0.0], [18.2479, -6.9191], [17.3913, 0.3916]], [[2.8293, 0.0], [5.399, 0.0], [7.6833, -0.1305], [12.5373, 0.0], [11.1096, -0.1305], [29.3835, -0.1305]], [[2.8293, 0.0], [5.399, 0.0], [7.3977, -0.1305], [9.9675, -0.1305], [15.3926, -0.1305], [69.6432, -0.1305]]]",1.9727,0.0,0.0,0.0,0.0,0.0,0.0,True,[3],0.0,0.0,0.0,4.1615,8.0,2.2913,4.3066,2.5106,1.5664,2.9658,4.1615,"[[2.829, 0.0], [5.399, 0.0], [7.398, -0.131], [9.968, -0.131], [12.537, -0.131], [14.822, -0.131]]",ok,10.6324,0.0,0.0,0.0,0.0,0.0,0.0,0.0,0.0,0.0,15c59626df6b4f96bb7ef7c5c1797159,scene-0039,42
2.6474,6.3513,9.1455,1.6816,3.1425,5.0577,0.0,0.0,0.0,0.0,0.0,0.0,0.0,0.0,0.0,ok,straight,2.6474,4.9238,8.0272,1.6816,3.1424,4.5868,True,"[-1.0444, -0.3264, -0.0, -0.0, -1.5013, -0.4569, -6.5275, -0.1305]","[-441.4712, -1199.8248, -1203.5911, -1294.7812, -2797.8488, -6884.7819, -10523.6351, -29516.008]","[3.319, -1001197.3138, -1001201.0541, -1001292.2701, -1002795.3377, -1006882.2708, -1010521.0981, -1029513.471]","[4.646, 3.779, 5.153, 5.01, 5.556, 5.191, 6.298, 7.324]","[[[4.2569, 0.0], [8.5399, 0.0], [12.5373, 0.0], [18.2479, 0.0], [22.5308, 1.3055], [27.6704, 2.0888]], [[4.828, 0.0], [8.8254, -0.1305], [12.5373, 0.0], [18.2479, 0.0], [25.6716, 0.2611], [28.5269, 0.6527]], [[4.2569, 0.0], [8.5399, 0.0], [12.5373, 0.0], [18.2479, 0.0], [20.8176, 0.0], [25.9572, 0.0]], [[4.828, 0.0], [8.8254, -0.1305], [12.5373, 0.0], [18.2479, 0.0], [20.8176, 0.0], [25.9572, 0.0]], [[4.828, 0.0], [8.8254, -0.1305], [12.5373, 0.0], [18.2479, 0.0], [19.39, 0.7833], [24.5295, 3.0026]], [[4.828, 0.0], [8.8254, -0.1305], [12.5373, 0.0], [18.2479, 0.0], [20.5321, -3.7859], [25.9572, 0.9138]], [[4.2569, 0.0], [8.5399, 0.0], [12.5373, 0.0], [18.2479, 0.0], [20.5321, 0.1305], [25.9572, -13.055]], [[4.2569, 0.0], [8.5399, 0.0], [12.5373, 0.0], [18.2479, 0.0], [25.3861, 1.9582], [8.8254, 0.2611]]]",0.9985,0.0,0.0,0.0,0.0,0.0,0.0,True,[3],0.0,0.0,0.0,3.7794,8.0,2.3621,4.9238,7.1735,1.254,2.9287,3.7794,"[[4.257, 0.0], [8.54, 0.0], [12.537, 0.0], [18.248, 0.0], [22.531, 0.261], [27.67, 0.653]]",ok,7.3241,0.0,0.0,0.0,0.0,0.0,0.0,0.0,0.0,0.0,821df5bcd0744d7280b23e6284fb8396,scene-0039,42
4.8796,9.4457,13.0635,3.7553,6.0065,8.1272,0.0,0.0,0.0,0.0,0.0,0.0,0.0,0.0,0.0,ok,straight,4.8796,8.3036,15.9161,3.7553,5.7209,8.4123,False,"[-0.0, -0.1305, -0.0, -0.1958, -0.1305, -0.1305, -0.0, -0.0653]","[-260.5651, -499.0553, -611.794, -1834.524, -2394.3856, -5952.8465, -9446.7121, -82170.0295]","[4.3383, 2.4939, -1000609.0822, -1001831.8162, -1002391.6778, -1005950.1387, -1009444.0004, -1082167.3216]","[8.413, 7.937, 9.221, 8.373, 7.51, 8.223, 8.46, 8.619]","[[[3.1148, 0.0], [6.5412, 0.0], [9.9675, -0.1305], [14.2505, -0.1305], [16.2492, 0.1305], [17.1058, 0.0]], [[3.1148, 0.0], [6.5412, 0.0], [9.9675, -0.1305], [14.2505, -0.1305], [16.2492, -0.1305], [19.9611, -0.2611]], [[3.1148, 0.0], [6.5412, 0.0], [9.9675, -0.1305], [14.2505, -0.1305], [15.3926, 0.0], [13.1083, 0.0]], [[3.1148, 0.0], [6.5412, 0.0], [10.8241, -0.2611], [15.9636, 0.1305], [15.9636, -1.0444], [15.107, -0.3916]], [[3.1148, 0.0], [6.5412, 0.0], [10.8241, -0.2611], [15.9636, 0.1305], [16.2492, -0.1305], [19.9611, -0.2611]], [[3.1148, 0.0], [6.5412, 0.0], [10.8241, -0.2611], [15.9636, 0.1305], [13.9649, 0.0], [17.9623, -0.2611]], [[3.1148, 0.0], [6.5412, 0.0], [9.9675, -0.1305], [14.2505, -0.1305], [12.2517, 0.0], [20.8176, 0.0]], [[3.1148, 0.0], [6.5412, 0.0], [10.8241, -0.2611], [15.9636, 0.1305], [4.828, 1.9582], [24.8151, -0.1305]]]",0.4665,0.0,0.0,0.0,0.0,0.0,0.0,True,[3],0.0,0.0,0.0,7.5096,8.0,4.8796,6.5933,13.0635,3.7553,5.08,7.5096,"[[3.115, 0.0], [6.541, 0.0], [9.968, -0.131], [14.25, -0.131], [16.249, 0.0], [17.106, 0.0]]",ok,9.2213,0.0,0.0,0.0,0.0,0.0,0.0,0.0,0.0,0.0,eb0676ccc9bd45149ae65119cb8d5e7b,scene-0039,42
0.1046,2.0407,5.5753,0.074,0.9559,2.0026,0.0,0.0,0.0,0.0,0.0,0.0,0.0,0.0,0.0,ok,straight,0.1046,1.157,5.5753,0.074,0.3721,1.5663,True,"[-0.3916, -0.3916, -1.0444, -0.2611, -0.6527, -8.2899, -1.5666, -0.5222]","[-403.8362, -132.6721, -708.0813, -1066.0422, -41402.9484, -43270.2218, -732515.5051, -804436.7179]","[2.4996, 1.8755, -1000707.3159, -1001064.6518, -1041402.183, -1043268.8315, -1732514.7396, -1804435.3275]","[1.956, 1.566, 1.942, 1.096, 2.938, 4.913, 9.577, 9.531]","[[[4.2569, 0.0], [8.5399, 0.1305], [13.9649, 0.1305], [18.2479, 0.3916], [22.2453, 0.7833], [29.098, 0.7833]], [[4.2569, 0.0], [8.5399, 0.1305], [12.5373, 0.3916], [17.3913, 0.6527], [22.2453, 0.7833], [29.098, 0.7833]], [[4.2569, 0.0], [8.5399, 0.1305], [12.5373, 0.3916], [17.3913, 0.6527], [24.5295, 0.5222], [29.098, 2.0888]], [[4.2569, 0.0], [8.5399, 0.1305], [13.9649, 0.1305], [18.2479, 0.3916], [19.1045, 0.2611], [22.5308, 0.5222]], [[4.2569, 0.0], [8.5399, 0.1305], [12.5373, 0.3916], [17.3913, 0.6527], [33.381, 0.3916], [26.2427, 1.3055]], [[4.2569, 0.0], [8.5399, 0.1305], [13.9649, 0.1305], [18.2479, 0.3916], [30.5257, 0.9138], [21.6742, 16.5798]], [[4.2569, 0.0], [8.5399, 0.1305], [12.5373, 0.3916], [17.3913, 0.6527], [69.6432, 0.3916], [29.6691, 3.1332]], [[4.2569, 0.0], [8.5399, 0.1305], [13.9649, 0.1305], [18.2479, 0.3916], [69.6432, -9.9218], [25.9572, 1.0444]]]",3.2813,0.0,0.0,0.0,0.0,0.0,0.0,True,[3],0.0,0.0,0.0,1.0965,8.0,0.1046,2.0407,1.5332,0.074,0.9559,1.0965,"[[4.257, 0.0], [8.54, 0.131], [12.537, 0.392], [17.391, 0.653], [22.245, 0.783], [29.098, 0.783]]",ok,9.5768,0.0,0.0,0.0,0.0,0.0,0.0,0.0,0.0,0.0,f69afa3eed11447eb559f49c325f02d7,scene-0039,42
1.8453,4.6725,6.8207,1.3201,2.7658,3.9185,0.0,0.0,0.0,0.0,0.0,0.0,0.0,0.0,0.0,ok,straight,1.8453,4.958,6.8207,1.3201,2.8372,3.9661,False,"[-0.0653, -0.0653, -0.5875, -0.1958, -0.4569, -0.0653, -0.0, -0.0]","[-21.9803, -52.2608, -1647.9381, -3830.9993, -4030.1124, -16134.0056, -71126.1409, -790346.4204]","[3.2236, 3.2229, -1001645.6928, -1003828.754, -1004027.8679, -1016131.7611, -1071123.8964, -1790344.1752]","[3.966, 3.921, 5.737, 6.823, 5.558, 5.055, 6.765, 10.634]","[[[4.5424, 0.0], [9.3964, 0.0], [14.2505, -0.1305], [19.1045, -0.1305], [23.3874, -0.1305], [27.9559, -0.1305]], [[4.2569, -0.1305], [9.3964, 0.0], [14.2505, -0.1305], [19.1045, -0.1305], [23.3874, -0.1305], [27.9559, -0.1305]], [[4.5424, 0.0], [9.3964, 0.0], [14.2505, -0.1305], [19.1045, -0.1305], [24.8151, -0.7833], [37.0928, -1.1749]], [[4.5424, 0.0], [9.3964, 0.0], [14.2505, -0.1305], [19.1045, -0.1305], [30.5257, 0.0], [37.9494, 0.3916]], [[4.2569, -0.1305], [9.3964, 0.0], [14.2505, -0.1305], [19.1045, -0.1305], [28.8125, 1.0444], [32.2388, 0.9138]], [[4.2569, -0.1305], [9.3964, 0.0], [14.2505, -0.1305], [19.1045, -0.1305], [24.244, -7.1802], [30.8112, 0.1305]], [[4.2569, -0.1305], [9.3964, 0.0], [14.2505, -0.1305], [19.1045, -0.1305], [27.6704, -14.6216], [33.0954, 0.0]], [[4.5424, 0.0], [9.3964, 0.0], [14.2505, -0.1305], [19.1045, -0.1305], [69.6432, -0.6527], [21.6742, 0.0]]]",2.0101,0.0,0.0,0.0,0.0,0.0,0.0,True,[3],0.0,0.0,0.0,3.9205,8.0,1.8453,4.958,6.8207,1.1834,2.7688,3.9205,"[[4.542, 0.0], [9.396, 0.0], [14.25, -0.131], [19.104, -0.131], [23.387, -0.131], [27.956, -0.131]]",ok,10.6337,0.0,0.0,0.0,0.0,0.0,0.0,0.0,0.0,0.0,8e46878ced734164aae0e83567aa02a5,scene-0092,42
1.0521,1.813,2.2309,0.7773,1.1765,1.4966,0.0,0.0,0.0,0.0,0.0,0.0,0.0,0.0,0.0,ok,straight,1.0521,1.2468,2.8007,0.7773,1.035,1.7827,False,"[-0.0653, -0.1305, -0.0653, -0.1305, -0.0653, -0.3264, -0.0653, -0.1958]","[-481.0176, -68.1511, -1959.1909, -5156.2868, -73598.1516, -164243.7838, -860203.9945, -874410.8318]","[3.8675, 3.1127, -1001956.7748, -1005153.8707, -1073595.7356, -1164241.3677, -1860201.5659, -1874408.4032]","[2.117, 1.402, 2.926, 1.974, 10.445, 9.176, 9.273, 9.465]","[[[4.2569, 0.0], [8.5399, 0.0], [12.5373, -0.1305], [16.2492, 0.0], [22.5308, 0.1305], [27.3848, -0.1305]], [[4.2569, 0.0], [8.5399, 0.0], [12.5373, -0.1305], [16.2492, 0.0], [20.8176, -0.1305], [24.8151, -0.2611]], [[4.5424, 0.0], [7.6833, 0.0], [12.5373, 0.0], [20.2466, 0.0], [25.9572, -0.2611], [25.3861, -0.1305]], [[4.5424, 0.0], [7.6833, 0.0], [12.5373, 0.0], [20.2466, 0.0], [20.8176, -0.1305], [24.8151, -0.2611]], [[4.5424, 0.0], [7.6833, 0.0], [12.5373, 0.0], [20.2466, 0.0], [26.8138, -0.2611], [69.6432, -0.1305]], [[4.5424, 0.0], [7.6833, 0.0], [12.5373, 0.0], [20.2466, 0.0], [19.1045, 0.1305], [69.6432, -0.6527]], [[4.2569, 0.0], [8.5399, 0.0], [12.5373, -0.1305], [16.2492, 0.0], [69.6432, -0.1305], [21.9598, -0.1305]], [[4.2569, 0.0], [8.5399, 0.0], [12.5373, -0.1305], [16.2492, 0.0], [69.6432, 0.1305], [20.8176, -0.3916]]]",3.779,0.0,0.0,0.0,0.0,0.0,0.0,False,[3],0.0,0.0,0.0,1.4022,8.0,1.0521,1.2468,2.2309,0.7773,1.035,1.4022,"[[4.257, 0.0], [8.54, 0.0], [12.537, -0.131], [16.249, 0.0], [22.531, -0.131], [25.386, -0.131]]",ok,10.4445,0.0,0.0,0.0,0.0,0.0,0.0,0.0,0.0,0.0,0b47858110f442afa33226467f596df7,scene-0092,42
0.922,1.8243,2.6958,0.6953,1.1584,1.5398,0.0,0.0,0.0,0.0,0.0,0.0,0.0,0.0,0.0,ok,straight,0.922,1.8243,2.6958,0.6953,1.1581,1.5396,True,"[-0.0653, -0.0653, -0.0653, -0.0653, -1.1749, -0.1305, -0.9138, -0.1958]","[-43.8336, -1892.7297, -2689.226, -3997.5344, -8520.0744, -19618.5107, -25452.3378, -823726.989]","[3.4921, -1001890.2995, -1002686.7898, -1003995.0983, -1008517.6442, -1019616.0805, -1025449.9076, -1823724.5529]","[1.54, 2.351, 2.064, 1.834, 2.536, 3.013, 5.529, 9.498]","[[[4.2569, 0.0], [8.5399, 0.0], [12.5373, 0.0], [16.8202, -0.1305], [20.5321, -0.1305], [24.8151, -0.1305]], [[4.2569, 0.0], [8.5399, 0.0], [14.536, 0.2611], [19.6755, -0.1305], [20.5321, -0.1305], [24.8151, -0.1305]], [[4.2569, 0.0], [8.5399, 0.0], [12.5373, 0.0], [16.8202, -0.1305], [23.9585, -0.1305], [24.5295, 0.1305]], [[4.2569, 0.0], [8.5399, 0.0], [12.5373, 0.0], [16.8202, -0.1305], [18.2479, -0.7833], [27.6704, -0.1305]], [[4.2569, 0.0], [8.5399, 0.0], [14.536, 0.2611], [19.6755, -0.1305], [18.5334, -0.2611], [27.0993, -2.3499]], [[4.2569, 0.0], [8.5399, 0.0], [14.536, 0.2611], [19.6755, -0.1305], [16.2492, -0.6527], [28.2414, 0.2611]], [[4.2569, 0.0], [8.5399, 0.0], [14.536, 0.2611], [19.6755, -0.1305], [21.1032, -0.9138], [43.089, 1.8277]], [[4.2569, 0.0], [8.5399, 0.0], [12.5373, 0.0], [16.8202, -0.1305], [69.6432, -0.2611], [23.3874, 0.3916]]]",2.531,0.0,0.0,0.0,0.0,0.0,0.0,True,[3],0.0,0.0,0.0,1.5396,8.0,0.922,1.8243,2.6958,0.6953,1.1581,1.5396,"[[4.257, 0.0], [8.54, 0.0], [12.537, 0.0], [16.82, -0.131], [20.532, -0.131], [24.815, -0.131]]",ok,9.498,0.0,0.0,0.0,0.0,0.0,0.0,0.0,0.0,0.0,47d74378d3e04fa6bb3132928c0f9fa4,scene-0092,42
1.7691,2.1335,1.7668,1.5358,1.7728,1.8162,0.0,0.0,0.0,0.0,0.0,0.0,0.0,0.0,0.0,ok,straight,1.7787,2.1335,1.7668,1.5407,1.7752,1.8178,False,"[-0.1305, -0.1305, -0.1305, -0.1958, -0.9791, -0.0653, -0.1305, -0.0]","[-16.0343, -28.2671, -38.7309, -3463.6802, -8768.0878, -15723.228, -841321.7786, -851646.3649]","[1.8964, 1.8956, 1.8956, -1003462.6822, -1008767.0891, -1015722.2292, -1841320.7799, -1851645.3669]","[1.816, 1.818, 2.389, 2.486, 2.953, 2.894, 9.842, 9.988]","[[[4.2569, 0.0], [8.5399, -0.1305], [12.5373, -0.1305], [16.8202, -0.1305], [20.8176, -0.1305], [24.8151, -0.2611]], [[4.2569, 0.0], [8.5399, 0.1305], [12.5373, -0.1305], [16.8202, -0.1305], [20.8176, -0.1305], [24.8151, -0.2611]], [[4.2569, 0.0], [8.5399, 0.1305], [12.5373, -0.1305], [16.8202, -0.1305], [21.6742, -0.3916], [27.3848, -0.2611]], [[4.2569, 0.0], [8.5399, 0.1305], [12.5373, -0.1305], [16.8202, -0.1305], [24.5295, 0.1305], [25.1006, -0.3916]], [[4.2569, 0.0], [8.5399, -0.1305], [12.5373, -0.1305], [16.8202, -0.1305], [26.5282, -0.2611], [25.3861, -1.9582]], [[4.2569, 0.0], [8.5399, -0.1305], [12.5373, -0.1305], [16.8202, -0.1305], [26.5282, -0.3916], [20.5321, -0.1305]], [[4.2569, 0.0], [8.5399, -0.1305], [12.5373, -0.1305], [16.8202, -0.1305], [69.6432, 0.6527], [21.9598, -0.2611]], [[4.2569, 0.0], [8.5399, 0.1305], [12.5373, -0.1305], [16.8202, -0.1305], [69.6432, -0.1305], [21.1032, 0.0]]]",3.281,0.0,0.0,0.0,0.0,0.0,0.0,True,[3],0.0,0.0,0.0,1.8162,8.0,1.7691,2.1335,1.7668,1.5358,1.7728,1.8162,"[[4.257, 0.0], [8.54, 0.131], [12.537, -0.131], [16.82, -0.131], [20.818, -0.131], [24.815, -0.261]]",ok,9.988,0.0,0.0,0.0,0.0,0.0,0.0,0.0,0.0,0.0,a9e6b3566fcd4effb8847e22a2a4577e,scene-0092,42
2.1746,3.6293,6.6966,1.7768,2.4512,3.5741,0.0,0.0,0.0,0.0,0.0,0.0,0.0,0.0,0.0,ok,right,1.0364,2.735,6.6966,0.7801,1.869,3.2756,True,"[0.1305, 0.1305, 0.3264, 0.1305, 0.4569, 0.3264, 0.2611, 0.5875]","[-163.0905, -1506.2049, -1754.9087, -2326.6473, -6183.8197, -11279.4915, -24553.4084, -99090.4408]","[1.3209, -1001503.3507, -1001752.0545, -1002323.7931, -1006182.0351, -1011277.7069, -1024551.6238, -1099087.5866]","[3.332, 3.276, 2.05, 3.007, 3.149, 2.427, 4.487, 4.914]","[[[2.5437, 0.0], [4.828, -0.2611], [5.9701, -0.1305], [7.6833, -0.1305], [8.5399, -0.2611], [10.253, -0.2611]], [[2.5437, 0.0], [4.828, -0.2611], [5.399, -0.2611], [8.5399, -0.3916], [8.5399, -0.2611], [10.253, -0.2611]], [[2.5437, 0.0], [4.828, -0.2611], [5.399, -0.2611], [8.5399, -0.3916], [14.536, -0.1305], [16.2492, -0.6527]], [[2.5437, 0.0], [4.828, -0.2611], [5.399, -0.2611], [8.5399, -0.3916], [11.9662, -0.1305], [8.8254, -0.2611]], [[2.5437, 0.0], [4.828, -0.2611], [5.9701, -0.1305], [7.6833, -0.1305], [5.9701, -0.3916], [14.2505, -0.9138]], [[2.5437, 0.0], [4.828, -0.2611], [5.9701, -0.1305], [7.6833, -0.1305], [17.3913, -0.5222], [16.5347, -0.6527]], [[2.5437, 0.0], [4.828, -0.2611], [5.9701, -0.1305], [7.6833, -0.1305], [0.545, -0.3916], [11.1096, -0.5222]], [[2.5437, 0.0], [4.828, -0.2611], [5.399, -0.2611], [8.5399, -0.3916], [10.5386, 16.5798], [13.9649, -1.1749]]]",0.8973,0.0,0.0,0.0,0.0,0.0,0.0,False,[3],0.0,0.0,0.0,2.0499,8.0,1.0364,2.735,2.7749,0.7801,1.869,2.0499,"[[2.544, 0.0], [4.828, -0.261], [5.399, -0.261], [8.54, -0.392], [8.54, -0.261], [10.253, -0.261]]",ok,4.9139,0.0,0.0,0.0,0.0,0.0,0.0,0.0,0.0,0.0,6e0955c28ecb405b98d91b089761dbbb,scene-0093,42
0.9095,0.3214,1.6055,0.8889,0.731,0.8238,0.0,0.0,0.0,0.0,0.0,0.0,0.0,0.0,0.0,ok,straight,0.9095,0.3214,1.2927,0.8889,0.731,0.7587,True,"[-0.5875, -0.5875, -0.8486, -1.0444, -2.1541, -0.9138, -2.8721, -0.1958]","[-936.2158, -84.5541, -435.188, -6407.1656, -11861.1365, -13045.5124, -44201.9239, -70929.0512]","[3.5981, 3.5657, 3.2411, -1006405.0355, -1011858.9385, -1013043.3823, -1044199.7259, -1070926.8532]","[0.839, 0.759, 1.049, 1.406, 1.984, 2.235, 3.497, 3.215]","[[[3.6858, -0.1305], [7.3977, -0.1305], [9.3964, -0.5222], [14.2505, -0.1305], [18.2479, -1.0444], [21.6742, -1.1749]], [[3.6858, -0.1305], [7.3977, -0.1305], [11.1096, -0.2611], [14.2505, -0.5222], [18.2479, -1.0444], [21.6742, -1.1749]], [[3.6858, -0.1305], [7.3977, -0.1305], [11.1096, -0.2611], [14.2505, -0.5222], [19.9611, -0.9138], [24.8151, -1.6971]], [[3.6858, -0.1305], [7.3977, -0.1305], [11.1096, -0.2611], [14.2505, -0.5222], [23.1019, -0.6527], [23.6729, -2.0888]], [[3.6858, -0.1305], [7.3977, -0.1305], [9.3964, -0.5222], [14.2505, -0.1305], [12.8228, -0.5222], [22.5308, -4.3081]], [[3.6858, -0.1305], [7.3977, -0.1305], [11.1096, -0.2611], [14.2505, -0.5222], [22.5308, -1.5666], [17.3913, 1.8277]], [[3.6858, -0.1305], [7.3977, -0.1305], [9.3964, -0.5222], [14.2505, -0.1305], [6.2556, -0.2611], [19.6755, -5.7442]], [[3.6858, -0.1305], [7.3977, -0.1305], [9.3964, -0.5222], [14.2505, -0.1305], [20.8176, -14.491], [20.8176, -0.3916]]]",0.9867,0.0,0.0,0.0,0.0,0.0,0.0,True,[3],0.0,0.0,0.0,0.7587,8.0,0.9095,0.3214,1.2927,0.8889,0.731,0.7587,"[[3.686, -0.131], [7.398, -0.131], [11.11, -0.261], [14.25, -0.522], [18.248, -1.044], [21.674, -1.175]]",ok,3.4966,0.0,0.0,0.0,0.0,0.0,0.0,0.0,0.0,0.0,7a903ae4cbb0466093fc117258a31efc,scene-0093,42
0.8541,2.7897,4.6988,0.8148,1.4212,2.2959,0.0,0.0,0.0,0.0,0.0,0.0,0.0,0.0,0.0,ok,straight,0.8541,2.7897,4.6988,0.8148,1.4212,2.3425,False,"[-0.1305, -0.1305, -0.3916, -0.3916, -0.0653, -0.1305, -0.0, -0.0653]","[-180.2624, -55.092, -174.8651, -550.3542, -2532.8725, -6856.1601, -41924.1072, -96943.4447]","[3.9894, 1.6841, -0.2052, -1000547.1697, -1002531.9971, -1006852.9756, -1041923.2318, -1096940.2602]","[2.676, 2.343, 1.868, 1.923, 1.111, 2.925, 6.555, 8.447]","[[[3.1148, 0.0], [7.3977, 0.0], [12.5373, -0.1305], [16.2492, -0.1305], [20.5321, -0.2611], [24.5295, -0.2611]], [[4.2569, 0.0], [8.2543, -0.1305], [12.5373, -0.1305], [16.2492, -0.1305], [20.5321, -0.2611], [24.5295, -0.2611]], [[4.2569, 0.0], [8.2543, -0.1305], [12.5373, -0.1305], [16.2492, -0.1305], [21.3887, -0.3916], [26.8138, 0.7833]], [[3.1148, 0.0], [7.3977, 0.0], [12.5373, -0.1305], [16.2492, -0.1305], [21.9598, -0.5222], [30.2401, 0.7833]], [[4.2569, 0.0], [8.2543, -0.1305], [12.5373, -0.1305], [16.2492, -0.1305], [24.8151, -0.2611], [29.3835, -0.1305]], [[3.1148, 0.0], [7.3977, 0.0], [12.5373, -0.1305], [16.2492, -0.1305], [16.5347, 0.6527], [27.0993, -0.2611]], [[4.2569, 0.0], [8.2543, -0.1305], [12.5373, -0.1305], [16.2492, -0.1305], [19.9611, -8.8774], [5.1135, 0.0]], [[3.1148, 0.0], [7.3977, 0.0], [12.5373, -0.1305], [16.2492, -0.1305], [21.6742, 0.1305], [69.6432, 0.1305]]]",2.424,0.0,0.0,0.0,0.0,0.0,0.0,True,[3],0.0,0.0,0.0,1.1111,8.0,0.8541,2.7897,0.3641,0.8148,1.4212,1.1111,"[[4.257, 0.0], [8.254, -0.131], [12.537, -0.131], [16.249, -0.131], [20.532, -0.261], [24.53, -0.261]]",ok,8.4469,0.0,0.0,0.0,0.0,0.0,0.0,0.0,0.0,0.0,349fc724f9d84aeca8afe4af49d05986,scene-0093,42
7.6537,14.4375,22.1082,5.8229,9.1683,12.8876,0.0,0.0,0.0,0.0,0.0,0.0,0.0,0.0,0.0,ok,straight,7.6537,14.152,22.1082,5.8229,9.0969,12.7449,True,"[-0.0653, -0.0653, -0.1958, -0.3264, -0.0653, -0.1958, -0.0653, -0.1305]","[-5.4719, -68.5802, -42.2185, -302.5161, -415.9787, -2027.4912, -11980.9089, -12735.2174]","[4.1818, 4.085, 2.708, 1.1064, -1000413.3704, -1002024.7982, -1011978.3006, -1012732.5244]","[12.745, 12.935, 11.936, 11.365, 11.888, 12.221, 10.794, 12.841]","[[[2.2582, 0.0], [4.2569, 0.0], [5.9701, -0.1305], [7.6833, -0.1305], [9.1109, -0.1305], [10.253, -0.1305]], [[2.2582, 0.0], [4.2569, 0.0], [5.399, 0.0], [7.1122, -0.1305], [9.1109, -0.1305], [10.253, -0.1305]], [[2.2582, 0.0], [4.2569, 0.0], [5.9701, -0.1305], [7.6833, -0.1305], [10.5386, -0.1305], [13.6794, -0.3916]], [[2.2582, 0.0], [4.2569, 0.0], [5.399, 0.0], [7.1122, -0.1305], [11.6807, -0.2611], [17.1058, -0.6527]], [[2.2582, 0.0], [4.2569, 0.0], [5.399, 0.0], [7.1122, -0.1305], [9.682, -0.1305], [15.9636, -0.1305]], [[2.2582, 0.0], [4.2569, 0.0], [5.9701, -0.1305], [7.6833, -0.1305], [11.9662, -0.1305], [10.5386, -0.3916]], [[2.2582, 0.0], [4.2569, 0.0], [5.399, 0.0], [7.1122, -0.1305], [16.8202, -0.3916], [15.3926, -0.1305]], [[2.2582, 0.0], [4.2569, 0.0], [5.9701, -0.1305], [7.6833, -0.1305], [13.6794, -0.3916], [5.1135, 0.2611]]]",0.7065,0.0,0.0,0.0,0.0,0.0,0.0,True,[3],0.0,0.0,0.0,10.794,8.0,7.6537,14.7231,16.9689,5.8229,9.3826,10.794,"[[2.258, 0.0], [4.257, 0.0], [5.97, -0.131], [7.683, -0.131], [9.111, -0.131], [10.253, -0.131]]",ok,12.9354,0.0,0.0,0.0,0.0,0.0,0.0,0.0,0.0,0.0,11514e9bc4184a1f8bcdc1fe7aafad2d,scene-0093,42
2.1254,2.9421,4.8582,1.6162,2.3435,3.0043,0.0,0.0,0.0,0.0,0.0,0.0,0.0,0.0,0.0,ok,straight,2.1257,3.5132,5.4292,1.9018,2.629,3.3374,False,"[-0.1305, -0.1305, -0.0653, -0.1305, -0.3264, -0.0, -1.1749, -0.0653]","[-127.758, -818.0737, -989.6331, -2580.7527, -2606.0049, -2863.0917, -9461.912, -707224.237]","[3.825, -1000814.5612, -1000986.5377, -1002577.2403, -1002602.9094, -1002859.9963, -1009458.3996, -1707220.7246]","[3.337, 2.495, 2.686, 2.638, 2.155, 3.103, 5.227, 9.035]","[[[3.6858, 0.0], [8.5399, 0.0], [12.5373, -0.1305], [16.2492, -0.1305], [20.5321, -0.1305], [23.9585, -0.2611]], [[3.6858, 0.0], [8.5399, 0.0], [13.3939, -0.1305], [19.6755, 0.0], [22.2453, -0.1305], [23.1019, -0.2611]], [[3.6858, 0.0], [8.5399, 0.0], [12.5373, -0.1305], [16.2492, -0.1305], [19.9611, -0.3916], [28.5269, 0.1305]], [[3.6858, 0.0], [8.5399, 0.0], [13.3939, -0.1305], [19.6755, 0.0], [20.5321, -0.1305], [23.9585, -0.2611]], [[3.6858, 0.0], [8.5399, 0.0], [12.5373, -0.1305], [16.2492, -0.1305], [24.244, -0.1305], [27.3848, -0.6527]], [[3.6858, 0.0], [8.5399, 0.0], [12.5373, -0.1305], [16.2492, -0.1305], [18.2479, 0.0], [27.6704, 0.0]], [[3.6858, 0.0], [8.5399, 0.0], [13.3939, -0.1305], [19.6755, 0.0], [21.1032, 0.1305], [7.9688, -2.3499]], [[3.6858, 0.0], [8.5399, 0.0], [13.3939, -0.1305], [19.6755, 0.0], [69.6432, 0.0], [26.5282, -0.1305]]]",2.1546,0.0,0.0,0.0,0.0,0.0,0.0,True,[3],0.0,0.0,0.0,2.155,8.0,2.1257,3.5132,2.0411,1.9018,2.629,2.155,"[[3.686, 0.0], [8.54, 0.0], [12.537, -0.131], [16.249, -0.131], [20.532, -0.131], [23.958, -0.261]]",ok,9.0354,0.0,0.0,0.0,0.0,0.0,0.0,0.0,0.0,0.0,19ffc60b7e9f429cbca0dbd5e2fc2e03,scene-0094,42
0.6963,1.4234,2.9609,0.5331,0.9261,1.4786,0.0,0.0,0.0,0.0,0.0,0.0,0.0,0.0,0.0,ok,straight,0.6963,1.9944,1.5391,0.5331,1.0689,1.1946,True,"[-0.1305, -0.0653, -0.1305, -0.2611, -0.5875, -0.0653, -8.2899, -0.3264]","[-62.0939, -1171.2093, -1211.3098, -3964.3187, -6573.6461, -8019.675, -17051.4429, -96872.7117]","[2.5058, -1001169.6635, -1001209.3655, -1003962.7729, -1006571.7018, -1008017.7307, -1017049.4986, -1096871.1659]","[1.195, 1.444, 1.767, 1.836, 1.855, 2.826, 4.443, 8.063]","[[[4.2569, 0.0], [8.5399, -0.1305], [12.5373, -0.1305], [16.2492, -0.1305], [20.8176, -0.2611], [24.8151, -0.2611]], [[4.2569, 0.0], [8.5399, -0.1305], [12.5373, -0.1305], [16.2492, -0.1305], [21.6742, -0.3916], [22.5308, 0.1305]], [[3.9714, 0.0], [7.3977, -0.1305], [11.9662, -0.2611], [14.8215, 0.0], [20.8176, -0.2611], [24.8151, -0.2611]], [[4.2569, 0.0], [8.5399, -0.1305], [12.5373, -0.1305], [16.2492, -0.1305], [18.2479, -0.1305], [29.098, 0.5222]], [[3.9714, 0.0], [7.3977, -0.1305], [11.9662, -0.2611], [14.8215, 0.0], [23.6729, -0.5222], [24.8151, -1.1749]], [[3.9714, 0.0], [7.3977, -0.1305], [11.9662, -0.2611], [14.8215, 0.0], [15.9636, -0.5222], [29.3835, -0.1305]], [[3.9714, 0.0], [7.3977, -0.1305], [11.9662, -0.2611], [14.8215, 0.0], [19.9611, -0.5222], [26.2427, 16.5798]], [[4.2569, 0.0], [8.5399, -0.1305], [12.5373, -0.1305], [16.2492, -0.1305], [21.6742, 0.5222], [69.6432, 0.6527]]]",2.167,0.0,0.0,0.0,0.0,0.0,0.0,True,[3],0.0,0.0,0.0,1.1946,8.0,0.6963,1.9944,1.5391,0.5331,1.0689,1.1946,"[[4.257, 0.0], [8.54, -0.131], [12.537, -0.131], [16.249, -0.131], [20.818, -0.261], [24.815, -0.261]]",ok,8.0626,0.0,0.0,0.0,0.0,0.0,0.0,0.0,0.0,0.0,ac22e12d11f84b6a98faa260bdaa64ff,scene-0094,42
0.7688,2.134,6.3582,0.5725,1.2316,2.4858,0.0,0.0,0.0,0.0,0.0,0.0,0.0,0.0,0.0,ok,straight,1.0529,2.134,5.2164,0.9998,1.4453,2.4379,True,"[-0.0653, -0.1305, -0.1305, -0.0, -0.0653, -2.4804, -0.1305, -0.3916]","[-261.1168, -54.9364, -51.7318, -784.469, -4844.9953, -10142.9764, -13168.8536, -872072.161]","[3.5481, 3.4846, 3.4656, -1000781.7511, -1004842.2964, -1010140.2584, -1013166.1357, -1872069.4621]","[3.201, 2.295, 2.438, 3.248, 3.259, 3.29, 3.365, 11.488]","[[[4.2569, 0.0], [7.6833, -0.1305], [11.1096, -0.1305], [14.2505, -0.1305], [19.6755, -0.3916], [25.3861, 0.1305]], [[3.6858, 0.0], [7.3977, -0.1305], [11.1096, -0.1305], [14.2505, -0.1305], [18.2479, -0.1305], [22.2453, -0.2611]], [[4.2569, 0.0], [7.6833, -0.1305], [11.1096, -0.1305], [14.2505, -0.1305], [18.2479, -0.1305], [22.2453, -0.2611]], [[3.6858, 0.0], [7.3977, -0.1305], [11.1096, -0.1305], [14.2505, -0.1305], [18.5334, 0.1305], [27.6704, 0.0]], [[4.2569, 0.0], [7.6833, -0.1305], [11.1096, -0.1305], [14.2505, -0.1305], [22.2453, -1.1749], [23.1019, -0.1305]], [[3.6858, 0.0], [7.3977, -0.1305], [11.1096, -0.1305], [14.2505, -0.1305], [23.1019, -0.2611], [21.1032, -4.9609]], [[3.6858, 0.0], [7.3977, -0.1305], [11.1096, -0.1305], [14.2505, -0.1305], [17.9623, 0.0], [5.1135, -0.2611]], [[4.2569, 0.0], [7.6833, -0.1305], [11.1096, -0.1305], [14.2505, -0.1305], [69.6432, -0.1305], [25.1006, 0.7833]]]",2.829,0.0,0.0,0.0,0.0,0.0,0.0,True,[3],0.0,0.0,0.0,2.2955,8.0,0.7688,2.134,5.2164,0.5725,1.2316,2.2955,"[[4.257, 0.0], [7.683, -0.131], [11.11, -0.131], [14.25, -0.131], [18.248, -0.131], [22.245, -0.261]]",ok,11.4877,0.0,0.0,0.0,0.0,0.0,0.0,0.0,0.0,0.0,894616d89edf41b8bbfd542a150e8fbd,scene-0094,42
1.9936,4.6293,6.9178,1.5077,2.8405,3.9973,0.0,0.0,0.0,0.0,0.0,0.0,0.0,0.0,0.0,ok,straight,1.9936,4.6293,6.9178,1.5077,2.8405,3.9973,False,"[-0.0, -0.0, -0.0, -0.1305, -0.0653, -0.0653, -0.3916, -8.2899]","[-21.432, -58.9952, -115.7004, -930.8246, -1080.5535, -2367.678, -3163.1095, -21852.023]","[3.5231, 3.5176, 3.5094, -1000928.243, -1001077.9719, -1002365.0965, -1003160.528, -1021849.4415]","[3.997, 3.997, 4.189, 4.239, 3.284, 3.762, 5.001, 6.205]","[[[1.9727, 0.0], [4.5424, 0.0], [6.8267, 0.0], [8.5399, 0.0], [10.253, 0.0], [11.9662, 0.0]], [[2.2582, 0.0], [4.2569, 0.0], [6.8267, 0.0], [8.5399, 0.0], [10.253, 0.0], [11.9662, 0.0]], [[2.2582, 0.0], [4.2569, 0.0], [6.8267, 0.0], [8.5399, 0.0], [10.8241, 0.2611], [12.5373, 0.0]], [[1.9727, 0.0], [4.5424, 0.0], [6.8267, 0.0], [8.5399, 0.0], [11.9662, 0.5222], [11.6807, -0.2611]], [[1.9727, 0.0], [4.5424, 0.0], [6.8267, 0.0], [8.5399, 0.0], [10.5386, -0.2611], [7.3977, -0.1305]], [[1.9727, 0.0], [4.5424, 0.0], [6.8267, 0.0], [8.5399, 0.0], [7.6833, 0.2611], [13.1083, 0.1305]], [[2.2582, 0.0], [4.2569, 0.0], [6.8267, 0.0], [8.5399, 0.0], [14.2505, -0.1305], [13.9649, -0.7833]], [[2.2582, 0.0], [4.2569, 0.0], [6.8267, 0.0], [8.5399, 0.0], [8.2543, 0.1305], [19.6755, 16.5798]]]",0.8391,0.0,0.0,0.0,0.0,0.0,0.0,True,[3],0.0,0.0,0.0,3.2841,8.0,2.2791,4.6293,2.3499,1.5077,2.8405,3.2841,"[[2.258, 0.0], [4.257, 0.0], [6.827, 0.0], [8.54, 0.0], [10.253, 0.0], [11.966, 0.0]]",ok,6.2054,0.0,0.0,1.0,0.0,0.0,1.0,0.0,0.0,0.16666666666666666,5e75205506604b6a992c08ce91a92d22,scene-0094,42
1.1161,2.5437,3.4003,0.6878,1.4016,1.9251,0.0,0.0,0.0,0.0,0.0,0.0,0.0,0.0,0.0,ok,straight,1.1161,2.5437,3.4003,0.6878,1.4016,1.9251,False,"[-0.0, -0.0, -0.0653, -0.1958, -0.4569, -0.0, -0.0, -0.0]","[-87.4824, -91.8715, -204.8557, -395.5575, -167.0577, -638.8172, -3567.6883, -11361.094]","[3.8999, 3.8795, 3.4217, 2.5351, 0.8892, -1000636.0416, -1003564.9319, -1011358.3376]","[2.068, 1.925, 2.116, 2.213, 3.219, 2.501, 2.66, 2.271]","[[[0.2595, 0.0], [1.1161, 0.0], [2.2582, 0.0], [2.8293, 0.0], [2.5437, 0.0], [3.4003, 0.0]], [[0.2595, 0.0], [1.1161, 0.0], [1.6871, 0.0], [2.5437, 0.0], [2.5437, 0.0], [3.4003, 0.0]], [[0.2595, 0.0], [1.1161, 0.0], [1.6871, 0.0], [2.5437, 0.0], [3.9714, -0.1305], [3.1148, -0.1305]], [[0.2595, 0.0], [1.1161, 0.0], [2.2582, 0.0], [2.8293, 0.0], [2.2582, 0.0], [4.5424, -0.3916]], [[0.2595, 0.0], [1.1161, 0.0], [2.2582, 0.0], [2.8293, 0.0], [5.1135, 0.0], [7.6833, -0.9138]], [[0.2595, 0.0], [1.1161, 0.0], [2.2582, 0.0], [2.8293, 0.0], [4.828, -0.5222], [3.6858, 0.0]], [[0.2595, 0.0], [1.1161, 0.0], [1.6871, 0.0], [2.5437, 0.0], [6.5412, -1.3055], [3.6858, 0.0]], [[0.2595, 0.0], [1.1161, 0.0], [1.6871, 0.0], [2.5437, 0.0], [7.9688, 0.6527], [-0.026, 0.0]]]",0.3889,0.0,0.0,0.0,0.0,0.0,0.0,True,[3],0.0,0.0,0.0,1.9251,8.0,1.1161,2.5437,3.4003,0.6878,1.4016,1.9251,"[[0.259, 0.0], [1.116, 0.0], [1.687, 0.0], [2.544, 0.0], [2.544, 0.0], [3.4, 0.0]]",ok,3.219,0.0,1.0,1.0,0.0,1.0,1.0,0.0,0.5,0.6666666666666666,78be3bd5f1f146cdb1b7120bbf8a218c,scene-0095,42
1.1161,2.5437,3.4003,0.6878,1.4016,2.0678,0.0,0.0,0.0,0.0,0.0,0.0,0.0,0.0,0.0,ok,straight,1.1161,2.5437,3.4003,0.6878,1.4016,2.0678,False,"[-0.0, -0.0, -0.0, -0.0653, -0.0653, -0.2611, -0.1305, -0.0]","[-34.7372, -51.3575, -94.7873, -81.342, -86.5404, -119.5633, -951.7437, -2048.5598]","[4.0534, 4.0288, 3.8958, 3.1598, 3.1521, 0.8353, -1000949.0375, -1002045.8536]","[2.068, 1.735, 2.163, 2.496, 2.116, 2.168, 2.212, 1.697]","[[[0.2595, 0.0], [1.1161, 0.0], [1.6871, 0.0], [2.5437, 0.0], [3.4003, 0.0], [3.4003, 0.0]], [[0.2595, 0.0], [1.1161, 0.0], [1.6871, 0.0], [2.5437, 0.0], [2.5437, 0.1305], [2.2582, 0.0]], [[0.2595, 0.0], [1.1161, 0.0], [2.2582, 0.0], [2.5437, 0.0], [3.4003, 0.0], [3.4003, 0.0]], [[0.2595, 0.0], [1.1161, 0.0], [2.2582, 0.0], [2.5437, 0.0], [3.6858, 0.0], [5.1135, -0.1305]], [[0.2595, 0.0], [1.1161, 0.0], [2.2582, 0.0], [2.5437, 0.0], [2.5437, 0.0], [3.9714, -0.1305]], [[0.2595, 0.0], [1.1161, 0.0], [2.2582, 0.0], [2.5437, 0.0], [2.5437, 0.0], [4.2569, 0.5222]], [[0.2595, 0.0], [1.1161, 0.0], [1.6871, 0.0], [2.5437, 0.0], [1.9727, 0.0], [5.6846, -0.2611]], [[0.2595, 0.0], [1.1161, 0.0], [1.6871, 0.0], [2.5437, 0.0], [4.5424, -0.2611], [-0.026, 0.0]]]",0.243,0.0,0.0,0.0,0.0,0.0,0.0,True,[3],0.0,0.0,0.0,1.6971,8.0,1.1161,2.5437,0.026,0.6878,1.4016,1.6971,"[[0.259, 0.0], [1.116, 0.0], [1.687, 0.0], [2.544, 0.0], [3.4, 0.0], [3.4, 0.0]]",ok,2.4964,0.0,1.0,1.0,0.0,1.0,1.0,0.0,0.5,0.6666666666666666,ff98be19bcf9436cad14f28ff63cb501,scene-0095,42
1.6871,3.1148,3.6858,1.2588,1.9727,2.4961,0.0,0.0,0.0,0.0,0.0,0.0,0.0,0.0,0.0,ok,straight,1.6871,2.8293,3.6858,1.2588,1.9013,2.4486,True,"[-0.0, -0.0, -0.0, -0.0, -0.0653, -0.0, -0.2611, -0.0]","[-4.686, -21.3828, -34.4961, -50.8134, -159.4228, -732.3335, -2875.6544, -34636.8811]","[2.5748, 2.5734, 2.5171, 2.5156, 1.8018, -1000730.7137, -1002874.0346, -1034635.2062]","[2.449, 2.734, 2.306, 2.639, 3.211, 2.115, 3.402, 3.924]","[[[0.8306, 0.0], [1.6871, 0.0], [2.2582, 0.0], [2.8293, 0.0], [3.4003, 0.0], [3.6858, 0.0]], [[0.8306, 0.0], [1.6871, 0.0], [2.2582, 0.0], [2.8293, 0.0], [3.9714, 0.0], [4.828, 0.0]], [[0.545, 0.0], [1.1161, 0.0], [2.2582, 0.0], [2.8293, 0.0], [3.4003, 0.0], [3.6858, 0.0]], [[0.545, 0.0], [1.1161, 0.0], [2.2582, 0.0], [2.8293, 0.0], [3.6858, -0.1305], [5.399, 0.0]], [[0.8306, 0.0], [1.6871, 0.0], [2.2582, 0.0], [2.8293, 0.0], [3.9714, 0.1305], [7.6833, -0.1305]], [[0.545, 0.0], [1.1161, 0.0], [2.2582, 0.0], [2.8293, 0.0], [4.2569, 0.0], [1.6871, 0.0]], [[0.545, 0.0], [1.1161, 0.0], [2.2582, 0.0], [2.8293, 0.0], [2.8293, 0.0], [10.8241, 0.5222]], [[0.8306, 0.0], [1.6871, 0.0], [2.2582, 0.0], [2.8293, 0.0], [13.3939, 0.0], [2.5437, 0.0]]]",0.5748,0.0,0.0,0.0,0.0,0.0,0.0,True,[3],0.0,0.0,0.0,2.1154,8.0,1.1161,2.8293,1.6871,0.8306,1.6871,2.1154,"[[0.831, 0.0], [1.687, 0.0], [2.258, 0.0], [2.829, 0.0], [3.4, 0.0], [3.686, 0.0]]",ok,3.9238,0.0,1.0,1.0,0.0,1.0,1.0,0.0,0.5,0.6666666666666666,4b6fcdc1549847c395d07fefcbdc16eb,scene-0095,42
1.1161,2.5394,3.4139,0.9733,1.6147,2.1828,0.0,0.0,0.0,0.0,0.0,0.0,0.0,0.0,0.0,ok,straight,1.1161,2.825,2.8428,0.9733,1.6861,2.1353,True,"[-0.0, -0.0, -0.0, -0.3916, -0.2611, -0.0, -0.0653, -0.0]","[-31.0554, -62.6227, -460.726, -263.6831, -539.3449, -539.779, -615.6417, -302361.8451]","[2.3702, 2.3697, 2.3659, -0.3899, -1000537.9881, -1000538.4222, -1000614.2846, -1302360.4881]","[2.135, 2.088, 1.945, 2.856, 3.042, 1.945, 1.852, 7.322]","[[[0.8306, 0.0], [1.1161, 0.0], [1.9727, 0.0], [2.8293, 0.0], [3.4003, 0.0], [3.4003, 0.0]], [[0.8306, 0.0], [1.1161, 0.0], [1.9727, 0.0], [2.5437, 0.0], [3.4003, 0.0], [3.4003, 0.0]], [[0.8306, 0.0], [1.1161, 0.0], [1.9727, 0.0], [2.8293, 0.0], [1.9727, 0.0], [3.6858, 0.0]], [[0.8306, 0.0], [1.1161, 0.0], [1.9727, 0.0], [2.5437, 0.0], [3.6858, 0.0], [7.6833, -0.7833]], [[0.8306, 0.0], [1.1161, 0.0], [1.9727, 0.0], [2.5437, 0.0], [3.6858, 0.0], [8.8254, -0.5222]], [[0.8306, 0.0], [1.1161, 0.0], [1.9727, 0.0], [2.5437, 0.0], [3.9714, 0.0], [1.9727, 0.0]], [[0.8306, 0.0], [1.1161, 0.0], [1.9727, 0.0], [2.8293, 0.0], [3.9714, 0.0], [1.1161, -0.1305]], [[0.8306, 0.0], [1.1161, 0.0], [1.9727, 0.0], [2.8293, 0.0], [33.6665, -0.1305], [4.2569, 0.0]]]",1.7229,0.0,0.0,0.0,0.0,0.0,0.0,True,[3],0.0,0.0,0.0,1.8525,8.0,1.1161,2.825,0.5751,0.9733,1.6861,1.8525,"[[0.831, 0.0], [1.116, 0.0], [1.973, 0.0], [2.829, 0.0], [3.4, 0.0], [3.4, 0.0]]",ok,7.3224,0.0,0.0,0.0,0.0,0.0,0.0,0.0,0.0,0.0,65c8d9839556423b87a4edffb70b434a,scene-0095,42
1.1382,0.1038,2.4227,0.7781,0.6698,0.8859,0.0,0.0,0.0,0.0,0.0,0.0,0.0,0.0,0.0,ok,straight,1.1382,0.2883,2.4227,0.7781,0.7159,0.8988,False,"[-0.0653, -0.0653, -0.0653, -0.0653, -0.1305, -0.0653, -0.0653, -0.0653]","[-34.2042, -120.9667, -105.5024, -532.6637, -1264.7094, -1387.3973, -4319.1264, -257471.3865]","[2.7461, 2.7451, 2.7451, -1000530.6861, -1001262.7321, -1001385.4199, -1004317.1489, -1257469.4092]","[1.564, 0.899, 0.946, 2.249, 1.248, 1.06, 1.629, 5.436]","[[[1.6871, 0.0], [3.6858, 0.0], [5.399, 0.0], [6.8267, -0.1305], [7.3977, -0.2611], [6.5412, 0.1305]], [[1.6871, 0.0], [3.6858, 0.0], [5.399, 0.0], [6.8267, -0.1305], [8.8254, -0.1305], [9.1109, -0.1305]], [[1.6871, 0.0], [3.6858, 0.0], [5.1135, -0.1305], [7.3977, -0.1305], [8.8254, -0.1305], [9.1109, -0.1305]], [[1.6871, 0.0], [3.6858, 0.0], [5.399, 0.0], [6.8267, -0.1305], [11.6807, -0.1305], [19.39, -0.1305]], [[1.6871, 0.0], [3.6858, 0.0], [5.1135, -0.1305], [7.3977, -0.1305], [10.8241, 0.0], [9.1109, -0.2611]], [[1.6871, 0.0], [3.6858, 0.0], [5.1135, -0.1305], [7.3977, -0.1305], [11.6807, 0.2611], [11.1096, -0.1305]], [[1.6871, 0.0], [3.6858, 0.0], [5.399, 0.0], [6.8267, -0.1305], [11.1096, 0.0], [6.8267, -0.1305]], [[1.6871, 0.0], [3.6858, 0.0], [5.1135, -0.1305], [7.3977, -0.1305], [36.8073, -0.5222], [9.9675, -0.1305]]]",1.4076,0.0,0.0,0.0,0.0,0.0,0.0,True,[3],0.0,0.0,0.0,0.8988,8.0,1.1382,0.2883,2.4227,0.7781,0.7159,0.8988,"[[1.687, 0.0], [3.686, 0.0], [5.399, 0.0], [6.827, -0.131], [8.825, -0.131], [9.111, -0.131]]",ok,5.436,0.0,0.0,0.0,0.0,0.0,0.0,0.0,0.0,0.0,f9475d1f1f96401c81ce511a93578a96,scene-0096,42
3.6592,8.3942,14.3307,2.7856,5.0167,7.5915,0.0,0.0,0.0,0.0,0.0,0.0,0.0,0.0,0.0,ok,straight,3.6592,8.3942,14.0758,2.7856,5.0167,7.5965,False,"[-0.0, -0.2611, -0.1958, -0.0, -0.0, -0.0, -0.1305, -0.0653]","[-16.2355, -24.17, -1167.9189, -1609.0102, -4296.1032, -10968.484, -17392.387, -218507.6062]","[4.2614, 1.5568, -1001164.9507, -1001606.042, -1004294.234, -1010966.6148, -1017390.5178, -1218505.737]","[7.544, 7.835, 7.879, 7.588, 6.649, 6.603, 6.225, 11.683]","[[[1.6871, 0.0], [3.6858, 0.0], [5.9701, 0.0], [7.6833, 0.0], [9.1109, 0.0], [10.5386, 0.0]], [[1.6871, 0.0], [3.6858, 0.0], [5.9701, 0.0], [7.6833, 0.0], [8.8254, 0.0], [9.1109, -0.5222]], [[1.6871, 0.0], [3.6858, 0.0], [5.9701, 0.0], [7.6833, 0.0], [7.1122, 0.5222], [10.5386, -0.3916]], [[1.6871, 0.0], [3.6858, 0.0], [5.9701, 0.0], [7.6833, 0.0], [10.8241, 0.6527], [8.5399, 0.0]], [[1.6871, 0.0], [3.6858, 0.0], [7.3977, -0.2611], [11.6807, -0.1305], [9.1109, 0.0], [10.5386, 0.0]], [[1.6871, 0.0], [3.6858, 0.0], [7.3977, -0.2611], [11.6807, -0.1305], [7.3977, -0.1305], [12.5373, 0.0]], [[1.6871, 0.0], [3.6858, 0.0], [7.3977, -0.2611], [11.6807, -0.1305], [6.8267, 0.3916], [15.3926, -0.2611]], [[1.6871, 0.0], [3.6858, 0.0], [7.3977, -0.2611], [11.6807, -0.1305], [9.9675, -0.1305], [69.6432, -0.1305]]]",1.5976,0.0,0.0,0.0,0.0,0.0,0.0,True,[3],0.0,0.0,0.0,6.2247,8.0,3.6592,4.425,9.2351,2.7856,3.6738,6.2247,"[[1.687, 0.0], [3.686, 0.0], [5.97, 0.0], [7.683, 0.0], [8.825, 0.0], [10.539, -0.392]]",ok,11.6832,0.0,0.0,0.0,0.0,0.0,0.0,0.0,0.0,0.0,d8ff67e7cda741f0ac2d7525dd26d208,scene-0096,42
3.1539,6.7475,10.1029,2.4237,4.1549,6.0008,0.0,0.0,0.0,0.0,0.0,0.0,0.0,0.0,0.0,ok,straight,3.1539,6.7475,10.1029,2.5665,4.2976,5.9533,True,"[-0.0, -0.0, -0.1305, -0.1305, -0.2611, -0.3264, -0.2611, -0.3264]","[-71.452, -133.5695, -127.0091, -346.2506, -136.4637, -194.6266, -3109.2555, -5798.5515]","[4.7601, 4.623, 3.5848, 3.5794, 2.5385, 1.9883, -1003106.5189, -1005795.8149]","[5.906, 5.953, 5.809, 4.89, 5.045, 5.481, 5.684, 4.774]","[[[3.1148, 0.0], [6.5412, 0.0], [9.1109, 0.0], [12.2517, 0.0], [15.107, 0.0], [17.9623, 0.0]], [[2.8293, 0.0], [6.5412, 0.0], [9.1109, 0.0], [12.2517, 0.0], [15.107, 0.0], [17.9623, 0.0]], [[2.8293, 0.0], [6.5412, 0.0], [9.1109, 0.0], [12.2517, 0.0], [15.3926, 0.0], [18.5334, -0.2611]], [[3.1148, 0.0], [6.5412, 0.0], [9.1109, 0.0], [12.2517, 0.0], [16.5347, 1.0444], [22.8163, 0.2611]], [[2.8293, 0.0], [6.5412, 0.0], [9.1109, 0.0], [12.2517, 0.0], [16.5347, -0.2611], [21.9598, -0.5222]], [[2.8293, 0.0], [6.5412, 0.0], [9.1109, 0.0], [12.2517, 0.0], [15.9636, 0.3916], [19.9611, -0.6527]], [[3.1148, 0.0], [6.5412, 0.0], [9.1109, 0.0], [12.2517, 0.0], [13.3939, 1.1749], [21.1032, -0.5222]], [[3.1148, 0.0], [6.5412, 0.0], [9.1109, 0.0], [12.2517, 0.0], [20.2466, -0.3916], [19.6755, 0.6527]]]",0.4445,0.0,0.0,0.0,0.0,0.0,0.0,True,[3],0.0,0.0,0.0,4.7735,8.0,3.1539,6.7475,8.4595,2.4237,4.2262,4.7735,"[[2.829, 0.0], [6.541, 0.0], [9.111, 0.0], [12.252, 0.0], [15.107, 0.0], [17.962, 0.0]]",ok,5.9533,0.0,0.0,0.0,0.0,0.0,0.0,0.0,0.0,0.0,9be682790a634b91b334b633fa43010a,scene-0096,42
1.1597,1.4542,2.2829,1.0018,1.1789,1.3765,0.0,0.0,0.0,0.0,0.0,0.0,0.0,0.0,0.0,ok,straight,1.1597,1.4542,2.2829,1.0018,1.1789,1.3765,False,"[-0.0653, -0.0653, -0.0, -0.5875, -0.0653, -0.4569, -0.0653, -0.2611]","[-103.3267, -390.7219, -1509.779, -3393.4177, -15127.8645, -15651.7483, -48870.8506, -977890.1805]","[4.0066, 3.0428, -1001506.8281, -1003391.4297, -1015124.9136, -1015649.7603, -1048868.8626, -1977887.2296]","[1.376, 1.114, 1.249, 1.52, 2.767, 2.179, 3.597, 9.668]","[[[3.1148, 0.0], [6.5412, 0.0], [9.9675, -0.1305], [12.8228, -0.1305], [16.2492, -0.1305], [18.2479, -0.1305]], [[3.1148, 0.0], [6.5412, 0.0], [10.8241, 0.0], [14.8215, 0.2611], [16.2492, -0.1305], [18.2479, -0.1305]], [[3.1148, 0.0], [6.5412, 0.0], [9.9675, -0.1305], [12.8228, -0.1305], [19.1045, 0.0], [21.6742, 0.0]], [[3.1148, 0.0], [6.5412, 0.0], [10.8241, 0.0], [14.8215, 0.2611], [13.9649, -0.1305], [18.5334, 1.1749]], [[3.1148, 0.0], [6.5412, 0.0], [9.9675, -0.1305], [12.8228, -0.1305], [19.9611, -0.3916], [11.1096, 0.1305]], [[3.1148, 0.0], [6.5412, 0.0], [10.8241, 0.0], [14.8215, 0.2611], [22.2453, -4.5692], [17.1058, -0.9138]], [[3.1148, 0.0], [6.5412, 0.0], [10.8241, 0.0], [14.8215, 0.2611], [27.0993, -0.2611], [11.6807, -0.1305]], [[3.1148, 0.0], [6.5412, 0.0], [9.9675, -0.1305], [12.8228, -0.1305], [69.6432, 1.1749], [19.6755, 0.5222]]]",2.6683,0.0,0.0,0.0,0.0,0.0,0.0,True,[3],0.0,0.0,0.0,1.1138,8.0,1.1597,0.7085,2.2829,1.0018,0.7849,1.1138,"[[3.115, 0.0], [6.541, 0.0], [9.968, -0.131], [12.823, -0.131], [16.249, -0.131], [18.248, -0.131]]",ok,9.6678,0.0,0.0,0.0,0.0,0.0,0.0,0.0,0.0,0.0,1f94fe5edf784708b55707a1a7754fb9,scene-0096,42
0.026,0.026,0.026,0.026,0.026,0.026,0.0,0.0,0.0,0.0,0.0,0.0,0.0,0.0,0.0,ok,straight,0.026,0.026,1.1161,0.026,0.026,0.4846,False,"[-0.0, -0.0, -0.0653, -0.0, -0.0, -0.0, -0.0, -8.2899]","[-0.013, -369.8248, -551.6619, -850.2906, -1213.9272, -1719.4971, -3120.564, -18015.8437]","[3.6173, 3.552, 3.4959, -1000847.6251, -1001211.2619, -1001716.8318, -1003117.8987, -1018013.1783]","[0.026, 0.485, 0.944, 0.77, 1.276, 0.437, 1.895, 3.395]","[[[-0.026, 0.0], [-0.026, 0.0], [-0.026, 0.0], [-0.026, 0.0], [-0.026, 0.0], [-0.026, 0.0]], [[-0.026, 0.0], [-0.026, 0.0], [-0.026, 0.0], [-0.026, 0.0], [1.6871, 0.0], [1.1161, 0.0]], [[-0.026, 0.0], [-0.026, 0.0], [0.2595, 0.0], [2.2582, 0.0], [1.6871, 0.0], [1.4016, -0.1305]], [[-0.026, 0.0], [-0.026, 0.0], [-0.026, 0.0], [-0.026, 0.0], [2.5437, 0.0], [1.9727, 0.0]], [[-0.026, 0.0], [-0.026, 0.0], [0.2595, 0.0], [2.2582, 0.0], [1.4016, 0.0], [3.6858, 0.0]], [[-0.026, 0.0], [-0.026, 0.0], [0.2595, 0.0], [2.2582, 0.0], [-0.026, 0.0], [-0.026, 0.0]], [[-0.026, 0.0], [-0.026, 0.0], [0.2595, 0.0], [2.2582, 0.0], [6.2556, -0.1305], [2.5437, 0.0]], [[-0.026, 0.0], [-0.026, 0.0], [-0.026, 0.0], [-0.026, 0.0], [3.6858, 0.0], [0.2595, 16.5798]]]",1.0009,0.0,0.0,0.0,0.0,0.0,0.0,True,[3],0.0,0.0,0.0,0.026,8.0,0.026,0.026,0.026,0.026,0.026,0.026,"[[-0.026, 0.0], [-0.026, 0.0], [-0.026, 0.0], [-0.026, 0.0], [1.687, 0.0], [1.116, 0.0]]",ok,3.3953,0.0,1.0,1.0,0.0,1.0,1.0,0.0,0.5,0.6666666666666666,1c81b06c812b47788462c31f58b6c1d0,scene-0097,42
0.026,0.849,0.2997,0.026,0.4965,0.4589,0.0,0.0,0.0,0.0,0.0,0.0,0.0,0.0,0.0,ok,straight,0.026,0.5635,0.2997,0.026,0.2824,0.3162,True,"[-0.0, -0.0, -0.0, -0.1305, -0.1305, -0.2611, -0.0, -0.0]","[-7.8412, -20.6691, -51.681, -1013.5596, -2857.8138, -272513.3985, -1578975.936, -1603001.0379]","[2.6814, 2.6814, 2.6813, -1001012.226, -1002856.4803, -1272512.0649, -2578974.6024, -2602999.7043]","[0.632, 0.316, 0.645, 1.122, 1.346, 11.94, 12.239, 12.006]","[[[0.2595, 0.0], [0.8306, 0.0], [1.1161, 0.0], [1.1161, 0.0], [1.1161, 0.0], [1.1161, 0.0]], [[-0.026, 0.0], [-0.026, 0.0], [0.545, 0.0], [0.8306, 0.0], [1.1161, 0.0], [1.1161, 0.0]], [[-0.026, 0.0], [-0.026, 0.0], [0.545, 0.0], [0.8306, 0.0], [1.4016, 0.0], [3.4003, 0.0]], [[-0.026, 0.0], [-0.026, 0.0], [0.545, 0.0], [0.8306, 0.0], [1.1161, 0.0], [6.5412, 0.2611]], [[-0.026, 0.0], [-0.026, 0.0], [0.545, 0.0], [0.8306, 0.0], [0.545, 0.0], [8.2543, -0.2611]], [[0.2595, 0.0], [0.8306, 0.0], [1.1161, 0.0], [1.1161, 0.0], [0.2595, 0.0], [69.6432, 0.5222]], [[0.2595, 0.0], [0.8306, 0.0], [1.1161, 0.0], [1.1161, 0.0], [69.6432, 0.0], [2.8293, 0.0]], [[0.2595, 0.0], [0.8306, 0.0], [1.1161, 0.0], [1.1161, 0.0], [69.6432, -0.2611], [1.4016, 0.0]]]",5.4547,0.0,0.0,0.0,0.0,0.0,0.0,True,[3],0.0,0.0,0.0,0.3162,8.0,0.026,0.5635,0.2997,0.026,0.2824,0.3162,"[[-0.026, 0.0], [-0.026, 0.0], [0.545, 0.0], [0.831, 0.0], [1.116, 0.0], [1.116, 0.0]]",ok,12.2388,0.0,0.0,0.0,0.0,0.0,0.0,0.0,0.0,0.0,4cd53db3b63b42caba9e8f6a6ea70eae,scene-0097,42
1.1061,2.836,6.7359,0.6388,1.4599,2.7857,0.0,0.0,0.0,0.0,0.0,0.0,0.0,0.0,0.0,ok,straight,0.8207,2.836,6.7359,0.7816,1.5313,2.8333,False,"[-0.0653, -0.0653, -0.0653, -0.0653, -0.3916, -0.3264, -0.0, -0.0653]","[-61.8042, -69.14, -148.1204, -390.7469, -105.5941, -1351.4046, -4340.1532, -5791.2698]","[3.599, 3.5686, 3.5312, 3.4162, 1.1529, -1001349.0146, -1004337.7362, -1005788.8528]","[2.786, 2.833, 2.453, 3.167, 2.079, 2.281, 2.596, 1.835]","[[[1.6871, 0.0], [2.8293, 0.0], [4.5424, 0.0], [5.9701, 0.0], [7.3977, -0.1305], [7.6833, -0.1305]], [[1.1161, 0.0], [3.1148, 0.0], [4.5424, 0.0], [5.9701, 0.0], [7.3977, -0.1305], [7.6833, -0.1305]], [[1.1161, 0.0], [3.1148, 0.0], [4.5424, 0.0], [5.9701, 0.0], [8.2543, 0.0], [9.1109, -0.1305]], [[1.1161, 0.0], [3.1148, 0.0], [4.5424, 0.0], [5.9701, 0.0], [5.6846, -0.3916], [7.3977, -0.1305]], [[1.6871, 0.0], [2.8293, 0.0], [4.5424, 0.0], [5.9701, 0.0], [8.5399, -0.2611], [10.8241, -0.7833]], [[1.1161, 0.0], [3.1148, 0.0], [4.5424, 0.0], [5.9701, 0.0], [9.682, 0.2611], [8.8254, 0.6527]], [[1.6871, 0.0], [2.8293, 0.0], [4.5424, 0.0], [5.9701, 0.0], [10.253, -0.1305], [5.9701, 0.0]], [[1.6871, 0.0], [2.8293, 0.0], [4.5424, 0.0], [5.9701, 0.0], [12.2517, -0.2611], [9.9675, -0.1305]]]",0.4055,0.0,0.0,0.0,0.0,0.0,0.0,True,[3],0.0,0.0,0.0,1.8355,8.0,1.1061,2.836,4.4519,0.6388,1.4599,1.8355,"[[1.116, 0.0], [3.115, 0.0], [4.542, 0.0], [5.97, 0.0], [7.398, -0.131], [7.683, -0.131]]",ok,3.1671,0.0,0.0,0.0,0.0,0.0,0.0,0.0,0.0,0.0,b3d9bac351554cc98cdafe751f3d437a,scene-0097,42
2.0293,5.299,8.748,1.4811,3.1081,4.8253,0.0,0.0,0.0,0.0,0.0,0.0,0.0,0.0,0.0,ok,straight,2.0293,5.299,9.6041,1.4811,3.1081,4.968,False,"[-0.0653, -0.0653, -2.611, -0.0653, -0.0653, -0.0653, -0.3916, -0.0653]","[-238.4598, -505.4886, -960.59, -3054.924, -6669.3697, -7182.9494, -26836.9278, -32434.1731]","[3.9641, 3.9426, -1000957.8591, -1003052.192, -1006666.6389, -1007180.2174, -1026834.1958, -1032431.4423]","[4.968, 5.206, 4.583, 3.141, 3.861, 4.598, 5.033, 4.923]","[[[3.1148, 0.0], [6.2556, 0.0], [8.5399, 0.0], [11.9662, 0.0], [14.2505, -0.1305], [17.3913, -0.1305]], [[3.1148, 0.0], [6.2556, 0.0], [8.8254, 0.0], [10.253, 0.0], [14.2505, -0.1305], [17.3913, -0.1305]], [[3.1148, 0.0], [6.2556, 0.0], [8.5399, 0.0], [11.9662, 0.0], [16.5347, -0.5222], [19.1045, -5.222]], [[3.1148, 0.0], [6.2556, 0.0], [8.8254, 0.0], [10.253, 0.0], [17.9623, -1.6971], [26.5282, -0.1305]], [[3.1148, 0.0], [6.2556, 0.0], [8.5399, 0.0], [11.9662, 0.0], [15.6781, -0.1305], [31.3822, 0.1305]], [[3.1148, 0.0], [6.2556, 0.0], [8.8254, 0.0], [10.253, 0.0], [17.9623, -0.6527], [17.3913, 0.1305]], [[3.1148, 0.0], [6.2556, 0.0], [8.8254, 0.0], [10.253, 0.0], [17.6768, -8.0941], [19.9611, 0.7833]], [[3.1148, 0.0], [6.2556, 0.0], [8.5399, 0.0], [11.9662, 0.0], [7.3977, -0.2611], [24.5295, -0.1305]]]",0.6557,0.0,0.0,0.0,0.0,0.0,0.0,True,[3],0.0,0.0,0.0,3.141,8.0,2.0293,7.0122,0.5464,1.4811,3.465,3.141,"[[3.115, 0.0], [6.256, 0.0], [8.54, 0.0], [11.966, 0.0], [14.25, -0.131], [17.391, -0.131]]",ok,5.206,0.0,0.0,0.0,0.0,0.0,0.0,0.0,0.0,0.0,1808fbc3531c415fb77531c05b2547ae,scene-0097,42
2.7265,6.2988,11.1264,1.6108,3.4938,5.5575,0.0,0.0,0.0,0.0,0.0,0.0,0.0,0.0,0.0,ok,straight,2.7265,6.2988,10.5556,1.6108,3.4938,5.4148,True,"[-0.1305, -0.1305, -0.2611, -0.5222, -0.0653, -0.0653, -0.3916, -8.2899]","[-53.911, -836.4783, -1737.1688, -2075.7949, -9034.9313, -22616.4382, -57726.6537, -138063.0766]","[3.1897, 3.1708, -1001735.0339, -1002073.6616, -1009032.7979, -1022614.3032, -1057724.5203, -1138060.9417]","[5.415, 6.081, 6.603, 5.679, 5.897, 5.747, 9.422, 10.562]","[[[3.6858, 0.0], [6.8267, -0.1305], [10.5386, -0.1305], [14.2505, -0.1305], [18.2479, -0.1305], [21.3887, -0.2611]], [[3.6858, 0.0], [6.8267, -0.1305], [8.5399, 0.0], [12.2517, -0.1305], [18.2479, -0.1305], [21.3887, -0.2611]], [[3.6858, 0.0], [6.8267, -0.1305], [10.5386, -0.1305], [14.2505, -0.1305], [14.2505, -0.1305], [18.2479, -0.5222]], [[3.6858, 0.0], [6.8267, -0.1305], [8.5399, 0.0], [12.2517, -0.1305], [19.6755, 0.1305], [22.5308, 1.0444]], [[3.6858, 0.0], [6.8267, -0.1305], [8.5399, 0.0], [12.2517, -0.1305], [21.3887, 0.1305], [19.39, -0.1305]], [[3.6858, 0.0], [6.8267, -0.1305], [10.5386, -0.1305], [14.2505, -0.1305], [23.6729, -0.5222], [13.9649, -0.1305]], [[3.6858, 0.0], [6.8267, -0.1305], [8.5399, 0.0], [12.2517, -0.1305], [1.9727, -0.1305], [17.6768, 0.7833]], [[3.6858, 0.0], [6.8267, -0.1305], [10.5386, -0.1305], [14.2505, -0.1305], [18.2479, 0.0], [69.6432, 16.5798]]]",1.822,0.0,0.0,0.0,0.0,0.0,0.0,True,[3],0.0,0.0,0.0,5.4148,8.0,2.7265,6.2988,10.5556,1.6108,3.4938,5.4148,"[[3.686, 0.0], [6.827, -0.131], [10.539, -0.131], [14.25, -0.131], [18.248, -0.131], [21.389, -0.261]]",ok,10.5622,0.0,0.0,0.0,0.0,0.0,0.0,0.0,0.0,0.0,c292d90b90ec4dbd826dfd11aa361df1,scene-0098,42
3.4072,8.4151,12.8348,2.1661,4.5141,6.7537,0.0,0.0,0.0,0.0,0.0,0.0,0.0,0.0,0.0,ok,straight,3.4072,8.4151,13.9768,2.1661,4.5141,6.9441,False,"[-0.0653, -0.3264, -0.0653, -0.0653, -0.5222, -0.0653, -0.0653, -0.1305]","[-296.0576, -379.1796, -741.1485, -1231.711, -1446.4983, -3718.672, -3772.5875, -7805.6926]","[4.4387, 2.7712, -1000738.7163, -1001229.2787, -1001443.5558, -1003716.2397, -1003769.645, -1007803.2603]","[6.754, 7.708, 6.232, 6.135, 7.715, 6.899, 7.138, 6.85]","[[[3.6858, 0.0], [6.8267, 0.0], [11.1096, 0.0], [14.2505, 0.0], [18.2479, 0.0], [20.8176, -0.1305]], [[3.6858, 0.0], [6.8267, 0.0], [11.1096, 0.0], [14.2505, 0.0], [15.3926, 0.1305], [17.9623, 0.6527]], [[3.6858, 0.0], [6.8267, 0.0], [11.9662, 0.0], [17.1058, 0.1305], [18.8189, -0.3916], [19.6755, -0.1305]], [[3.6858, 0.0], [6.8267, 0.0], [11.9662, 0.0], [17.1058, 0.1305], [18.2479, 0.0], [20.8176, -0.1305]], [[3.6858, 0.0], [6.8267, 0.0], [11.1096, 0.0], [14.2505, 0.0], [14.536, 0.7833], [18.8189, 1.0444]], [[3.6858, 0.0], [6.8267, 0.0], [11.9662, 0.0], [17.1058, 0.1305], [15.9636, -0.5222], [18.5334, -0.1305]], [[3.6858, 0.0], [6.8267, 0.0], [11.1096, 0.0], [14.2505, 0.0], [14.536, -0.7833], [22.2453, 0.1305]], [[3.6858, 0.0], [6.8267, 0.0], [11.9662, 0.0], [17.1058, 0.1305], [21.6742, 0.1305], [13.1083, 0.2611]]]",0.5501,0.0,0.0,0.0,0.0,0.0,0.0,True,[3],0.0,0.0,0.0,6.1355,8.0,3.4072,5.5623,12.8348,2.1661,3.5867,6.1355,"[[3.686, 0.0], [6.827, 0.0], [11.11, 0.0], [14.25, 0.0], [18.248, 0.0], [19.676, -0.131]]",ok,7.715,0.0,0.0,0.0,0.0,0.0,0.0,0.0,0.0,0.0,16011bbf9d634b099c5ff9a352d26c9e,scene-0098,42
4.4984,7.7664,13.184,3.2163,5.1103,7.4349,0.0,0.0,0.0,0.0,0.0,0.0,0.0,0.0,0.0,ok,straight,4.4984,7.7664,13.1806,3.2163,5.1103,7.4343,True,"[-0.0653, -0.0653, -0.1305, -0.1958, -0.0653, -0.9138, -2.4152, -0.2611]","[-305.9437, -284.9127, -590.7965, -1405.2383, -5745.5479, -11765.4879, -18736.1076, -27382.111]","[3.704, 2.0247, 1.9073, -1001402.9567, -1005744.9478, -1011763.2063, -1018735.5076, -1027379.8294]","[8.387, 7.434, 7.447, 7.74, 7.529, 7.156, 8.344, 6.819]","[[[2.5437, -0.1305], [3.6858, 0.0], [6.8267, -0.2611], [10.8241, -0.3916], [14.2505, -0.1305], [17.3913, -0.1305]], [[3.1148, 0.0], [5.6846, -0.1305], [8.5399, -0.1305], [12.2517, -0.2611], [14.2505, -0.1305], [17.3913, -0.1305]], [[3.1148, 0.0], [5.6846, -0.1305], [8.5399, -0.1305], [12.2517, -0.2611], [15.107, 1.3055], [16.5347, 0.2611]], [[2.5437, -0.1305], [3.6858, 0.0], [6.8267, -0.2611], [10.8241, -0.3916], [16.8202, -1.3055], [18.8189, -0.3916]], [[3.1148, 0.0], [5.6846, -0.1305], [8.5399, -0.1305], [12.2517, -0.2611], [17.9623, 0.0], [13.1083, 0.1305]], [[2.5437, -0.1305], [3.6858, 0.0], [6.8267, -0.2611], [10.8241, -0.3916], [19.39, -6.1358], [22.5308, -1.8277]], [[3.1148, 0.0], [5.6846, -0.1305], [8.5399, -0.1305], [12.2517, -0.2611], [9.1109, -5.7442], [19.1045, -4.8303]], [[2.5437, -0.1305], [3.6858, 0.0], [6.8267, -0.2611], [10.8241, -0.3916], [23.6729, -0.1305], [17.3913, 0.5222]]]",0.5071,0.0,0.0,0.0,0.0,0.0,0.0,True,[3],0.0,0.0,0.0,6.8186,8.0,6.4967,9.1979,13.1831,4.5016,6.5397,6.8186,"[[3.115, 0.0], [5.685, -0.131], [8.54, -0.131], [12.252, -0.261], [14.25, -0.131], [17.391, -0.131]]",ok,8.3873,0.0,0.0,0.0,0.0,0.0,0.0,0.0,0.0,0.0,1e4b165a3a904717b30f044322edfa14,scene-0098,42
3.3666,7.697,10.2397,2.4512,4.3909,6.0415,0.0,0.0,0.0,0.0,0.0,0.0,0.0,0.0,0.0,ok,straight,2.7987,7.697,10.5252,1.8816,4.1061,5.8992,True,"[-0.1305, -0.0653, -0.2611, -0.1305, -0.1958, -0.2611, -0.0653, -0.2611]","[-316.347, -826.5307, -211.1029, -702.4544, -593.9936, -8949.7888, -28688.9364, -416021.9908]","[4.0495, 3.1885, 2.4087, 2.3686, 1.5486, -1008948.3475, -1028685.817, -1416018.8714]","[5.852, 5.947, 6.233, 5.709, 6.188, 6.806, 7.613, 15.233]","[[[4.828, -0.1305], [8.8254, 0.0], [12.5373, -0.1305], [15.6781, -0.1305], [20.8176, -0.1305], [24.8151, -0.2611]], [[4.2569, 0.0], [8.2543, -0.1305], [13.6794, -0.1305], [16.5347, 0.0], [20.8176, 0.0], [23.3874, -0.1305]], [[4.828, -0.1305], [8.8254, 0.0], [12.5373, -0.1305], [15.6781, -0.1305], [18.8189, -0.3916], [24.5295, -0.5222]], [[4.2569, 0.0], [8.2543, -0.1305], [13.6794, -0.1305], [16.5347, 0.0], [20.8176, -0.1305], [24.8151, -0.2611]], [[4.2569, 0.0], [8.2543, -0.1305], [13.6794, -0.1305], [16.5347, 0.0], [19.1045, 0.0], [23.6729, 0.3916]], [[4.2569, 0.0], [8.2543, -0.1305], [13.6794, -0.1305], [16.5347, 0.0], [22.5308, -0.2611], [16.5347, 0.5222]], [[4.828, -0.1305], [8.8254, 0.0], [12.5373, -0.1305], [15.6781, -0.1305], [10.253, 0.0], [24.8151, -0.1305]], [[4.828, -0.1305], [8.8254, 0.0], [12.5373, -0.1305], [15.6781, -0.1305], [69.6432, -0.3916], [69.6432, -0.5222]]]",2.9985,0.0,0.0,0.0,0.0,0.0,0.0,True,[3],0.0,0.0,0.0,5.7088,8.0,3.3666,6.843,10.2397,2.4512,3.8919,5.7088,"[[4.828, -0.131], [8.825, 0.0], [12.537, -0.131], [15.678, -0.131], [20.818, -0.131], [24.53, -0.261]]",ok,15.2325,0.0,0.0,0.0,0.0,0.0,0.0,0.0,0.0,0.0,f5a38abe0b404babb18bca1f0adf60b6,scene-0098,42
0.8951,2.9628,6.1027,0.5915,1.5592,2.8183,0.0,0.0,0.0,0.0,0.0,0.0,0.0,0.0,0.0,ok,straight,0.8951,2.9628,8.6718,0.5915,1.4167,3.1515,False,"[-0.0653, -0.0, -0.3264, -0.0653, -0.1305, -0.2611, -3.7859, -8.2899]","[-49.0906, -502.0609, -1025.6236, -1366.5428, -3506.8095, -11924.8771, -35883.2709, -73249.8077]","[2.8025, -1000500.4637, -1001022.0269, -1001362.9461, -1003505.2123, -1011921.2804, -1035881.6737, -1073246.211]","[2.676, 3.389, 3.683, 3.199, 2.839, 2.511, 4.938, 7.581]","[[[3.1148, 0.0], [6.5412, 0.0], [9.3964, -0.1305], [12.8228, -0.1305], [16.2492, -0.1305], [19.1045, -0.1305]], [[3.1148, 0.0], [6.5412, 0.0], [9.3964, -0.1305], [12.8228, -0.1305], [16.2492, -0.1305], [23.3874, 0.0]], [[3.9714, 0.0], [8.5399, 0.0], [10.8241, -0.1305], [11.6807, 0.0], [16.2492, -0.5222], [21.9598, -0.6527]], [[3.9714, 0.0], [8.5399, 0.0], [10.8241, -0.1305], [11.6807, 0.0], [16.2492, -0.1305], [19.1045, -0.1305]], [[3.1148, 0.0], [6.5412, 0.0], [9.3964, -0.1305], [12.8228, -0.1305], [13.9649, -1.436], [21.9598, 0.2611]], [[3.9714, 0.0], [8.5399, 0.0], [10.8241, -0.1305], [11.6807, 0.0], [6.5412, -0.3916], [14.2505, -0.5222]], [[3.1148, 0.0], [6.5412, 0.0], [9.3964, -0.1305], [12.8228, -0.1305], [26.2427, -0.2611], [18.8189, -7.5719]], [[3.9714, 0.0], [8.5399, 0.0], [10.8241, -0.1305], [11.6807, 0.0], [12.2517, -0.1305], [45.3732, 16.5798]]]",1.5799,0.0,0.0,0.0,0.0,0.0,0.0,True,[3],0.0,0.0,0.0,2.5108,8.0,2.8933,1.819,1.108,2.0187,2.2009,2.5108,"[[3.115, 0.0], [6.541, 0.0], [9.396, -0.131], [12.823, -0.131], [16.249, -0.131], [21.96, -0.131]]",ok,7.5815,0.0,0.0,0.0,0.0,0.0,0.0,0.0,0.0,0.0,b9db804449d34414ba98868e9034abd3,scene-0099,42
1.5589,2.4809,2.3317,1.2695,1.8112,1.9853,0.0,0.0,0.0,0.0,0.0,0.0,0.0,0.0,0.0,ok,straight,1.5589,4.323,2.3317,1.2695,2.2619,2.3901,False,"[-0.0653, -0.0653, -0.0653, -0.0653, -0.1958, -0.2611, -0.2611, -0.1305]","[-428.7225, -515.2829, -751.4363, -1376.293, -2292.6127, -4018.6454, -7468.4061, -1243963.7012]","[3.2584, 3.2476, -1000749.458, -1001374.3148, -1002290.6239, -1004016.6671, -1007466.4174, -2243961.7124]","[1.862, 2.5, 2.413, 2.286, 3.41, 2.381, 2.242, 11.561]","[[[2.2582, 0.0], [4.2569, 0.0], [6.5412, 0.0], [7.6833, -0.1305], [10.253, -0.1305], [10.5386, -0.1305]], [[2.2582, 0.0], [4.2569, 0.0], [6.5412, 0.2611], [10.5386, 0.1305], [11.9662, 0.0], [10.8241, -0.1305]], [[2.2582, 0.0], [4.2569, 0.0], [6.5412, 0.2611], [10.5386, 0.1305], [11.1096, 0.0], [10.253, -0.1305]], [[2.2582, 0.0], [4.2569, 0.0], [6.5412, 0.2611], [10.5386, 0.1305], [10.253, -0.1305], [10.5386, -0.1305]], [[2.2582, 0.0], [4.2569, 0.0], [6.5412, 0.0], [7.6833, -0.1305], [11.1096, -0.1305], [22.2453, -0.3916]], [[2.2582, 0.0], [4.2569, 0.0], [6.5412, 0.2611], [10.5386, 0.1305], [9.3964, -0.1305], [13.9649, -0.5222]], [[2.2582, 0.0], [4.2569, 0.0], [6.5412, 0.0], [7.6833, -0.1305], [5.1135, 0.0], [13.6794, -0.5222]], [[2.2582, 0.0], [4.2569, 0.0], [6.5412, 0.0], [7.6833, -0.1305], [69.6432, -0.3916], [11.3952, 0.2611]]]",3.0435,0.0,0.0,0.0,0.0,0.0,0.0,False,[3],0.0,0.0,0.0,1.8618,8.0,1.5589,1.7397,2.3317,1.2695,1.6259,1.8618,"[[2.258, 0.0], [4.257, 0.0], [6.541, 0.261], [10.539, 0.131], [11.11, 0.0], [10.539, -0.131]]",ok,11.5609,0.0,0.0,0.0,0.0,0.0,0.0,0.0,0.0,0.0,ba6527487d5042b2bd4fb8e503918d29,scene-0099,42
2.3667,4.5594,6.9869,1.4179,2.5348,3.8917,0.0,0.0,0.0,0.0,0.0,0.0,0.0,0.0,0.0,ok,straight,2.3667,4.5594,6.1311,1.4179,2.6776,3.8442,True,"[-0.1305, -0.1305, -0.1305, -0.0, -0.0, -0.4569, -7.6372, -0.0653]","[-338.9882, -138.3879, -370.5352, -3334.2287, -3865.8288, -5592.4557, -29042.5387, -177510.7801]","[4.3743, 2.0704, 2.0663, -1003330.7056, -1003862.3057, -1005591.2399, -1029041.3229, -1177507.2569]","[3.784, 3.844, 3.701, 3.216, 5.545, 3.025, 4.813, 10.925]","[[[3.6858, 0.0], [6.8267, 0.0], [7.9688, -0.1305], [9.1109, 0.0], [12.5373, -0.1305], [16.2492, -0.2611]], [[2.8293, 0.0], [5.1135, 0.0], [7.9688, -0.1305], [10.5386, -0.1305], [12.5373, -0.1305], [16.2492, -0.2611]], [[2.8293, 0.0], [5.1135, 0.0], [7.9688, -0.1305], [10.5386, -0.1305], [14.2505, -0.1305], [15.3926, -0.2611]], [[3.6858, 0.0], [6.8267, 0.0], [7.9688, -0.1305], [9.1109, 0.0], [12.5373, -0.1305], [25.1006, 0.0]], [[3.6858, 0.0], [6.8267, 0.0], [7.9688, -0.1305], [9.1109, 0.0], [11.9662, -0.2611], [6.2556, 0.0]], [[2.8293, 0.0], [5.1135, 0.0], [7.9688, -0.1305], [10.5386, -0.1305], [17.6768, -0.7833], [16.2492, -0.9138]], [[2.8293, 0.0], [5.1135, 0.0], [7.9688, -0.1305], [10.5386, -0.1305], [20.8176, 0.0], [16.8202, -15.2743]], [[3.6858, 0.0], [6.8267, 0.0], [7.9688, -0.1305], [9.1109, 0.0], [10.8241, -0.1305], [69.6432, -0.1305]]]",2.4201,0.0,0.0,0.0,0.0,0.0,0.0,True,[3],0.0,0.0,0.0,3.0245,8.0,2.3667,4.5594,6.1763,1.4179,2.6776,3.0245,"[[2.829, 0.0], [5.113, 0.0], [7.969, -0.131], [10.539, -0.131], [12.537, -0.131], [16.249, -0.261]]",ok,10.9249,0.0,0.0,0.0,0.0,0.0,0.0,0.0,0.0,0.0,713882a28f2442098451f77f1362d326,scene-0099,42
2.2874,3.9602,6.7365,1.5529,2.5825,3.8376,0.0,0.0,0.0,0.0,0.0,0.0,0.0,0.0,0.0,ok,straight,2.2874,3.9602,6.7365,1.5529,2.5825,3.6948,True,"[-0.1305, -0.1305, -0.4569, -0.0653, -0.0653, -0.1958, -0.1305, -0.2611]","[-108.1803, -274.1087, -828.2061, -878.1413, -1062.7103, -1117.5107, -7070.8908, -7478.2372]","[3.6745, 3.1303, -1000825.7199, -1000875.6551, -1001060.7104, -1001115.0245, -1007068.8909, -1007476.2373]","[3.695, 3.695, 4.37, 2.982, 4.267, 4.362, 3.368, 4.317]","[[[3.1148, 0.0], [5.9701, 0.0], [8.5399, -0.1305], [12.2517, -0.1305], [15.107, -0.1305], [17.3913, -0.2611]], [[3.6858, 0.0], [5.399, 0.0], [8.5399, -0.1305], [12.2517, -0.1305], [15.107, -0.1305], [17.3913, -0.2611]], [[3.1148, 0.0], [5.9701, 0.0], [8.5399, -0.1305], [12.2517, -0.1305], [15.107, -0.2611], [13.3939, 0.9138]], [[3.1148, 0.0], [5.9701, 0.0], [8.5399, -0.1305], [12.2517, -0.1305], [17.6768, -0.1305], [19.1045, 0.1305]], [[3.6858, 0.0], [5.399, 0.0], [8.5399, -0.1305], [12.2517, -0.1305], [15.3926, -0.3916], [13.6794, -0.1305]], [[3.1148, 0.0], [5.9701, 0.0], [8.5399, -0.1305], [12.2517, -0.1305], [15.3926, -0.2611], [13.1083, -0.3916]], [[3.6858, 0.0], [5.399, 0.0], [8.5399, -0.1305], [12.2517, -0.1305], [12.2517, 0.6527], [22.2453, -0.2611]], [[3.6858, 0.0], [5.399, 0.0], [8.5399, -0.1305], [12.2517, -0.1305], [17.6768, -0.2611], [11.1096, 0.5222]]]",0.4937,0.0,0.0,0.0,0.0,0.0,0.0,True,[3],0.0,0.0,0.0,2.9819,8.0,2.2874,3.9602,5.0288,1.5529,2.5825,2.9819,"[[3.115, 0.0], [5.97, 0.0], [8.54, -0.131], [12.252, -0.131], [15.107, -0.131], [17.391, -0.261]]",ok,4.3697,0.0,0.0,0.0,0.0,0.0,0.0,0.0,0.0,0.0,8ef8d4b6b837492dab9785c3e33d936b,scene-0099,42
2.5437,5.1135,7.3977,1.8299,3.1148,4.3997,0.0,0.0,1.0,0.0,0.0,1.0,0.0,0.0,0.3333333333333333,ok,straight,1.6871,5.1135,7.3977,1.4016,2.9006,4.2569,True,"[-0.0, -0.0, -1.0444, -0.0, -1.6319, -1.0444, -0.3916, -7.5066]","[-19.3203, -147.1856, -3034.7221, -5663.9458, -7739.422, -12306.2112, -95986.9248, -305796.8715]","[3.3945, 3.3912, -1003032.4845, -1005661.7062, -1007737.1824, -1012303.9736, -1095984.6852, -1305794.6339]","[4.4, 4.257, 3.506, 3.602, 5.208, 7.152, 6.706, 11.58]","[[[1.1161, 0.0], [2.5437, 0.0], [3.6858, 0.0], [5.1135, 0.0], [6.5412, 0.0], [7.3977, 0.0]], [[1.1161, 0.0], [1.6871, 0.0], [3.6858, 0.0], [5.1135, 0.0], [6.5412, 0.0], [7.3977, 0.0]], [[1.1161, 0.0], [1.6871, 0.0], [3.6858, 0.0], [5.1135, 0.0], [2.8293, 0.2611], [6.2556, -2.0888]], [[1.1161, 0.0], [2.5437, 0.0], [3.6858, 0.0], [5.1135, 0.0], [7.6833, 2.3499], [1.1161, 0.0]], [[1.1161, 0.0], [2.5437, 0.0], [3.6858, 0.0], [5.1135, 0.0], [5.9701, 3.5248], [11.3952, -3.2637]], [[1.1161, 0.0], [1.6871, 0.0], [3.6858, 0.0], [5.1135, 0.0], [6.8267, 1.436], [24.244, 2.0888]], [[1.1161, 0.0], [2.5437, 0.0], [3.6858, 0.0], [5.1135, 0.0], [9.682, 16.5798], [8.5399, -0.7833]], [[1.1161, 0.0], [1.6871, 0.0], [3.6858, 0.0], [5.1135, 0.0], [37.9494, -0.1305], [13.1083, -15.0132]]]",2.5211,0.0,0.0,1.0,0.0,0.0,1.0,True,[3],0.0,0.0,0.3333333333333333,3.5065,8.0,1.6871,5.1135,6.5951,1.4016,2.9006,3.5065,"[[1.116, 0.0], [1.687, 0.0], [3.686, 0.0], [5.113, 0.0], [6.541, 0.0], [7.398, 0.0]]",ok,11.5804,0.0,1.0,1.0,0.0,1.0,1.0,0.0,0.5,0.6666666666666666,028a3f3a237e469cb099f6d9c8e7f2f4,scene-0100,42
3.6858,7.6833,9.1119,2.6865,4.5424,5.9227,0.0,1.0,1.0,0.0,1.0,1.0,0.0,0.25,0.5,ok,straight,3.6858,7.6833,13.3964,2.6865,4.5424,6.7795,False,"[-0.0653, -1.0444, -0.1305, -0.0653, -0.2611, -2.4804, -0.0653, -0.9791]","[-161.8982, -1741.4571, -1757.3346, -2029.167, -3998.926, -4131.4698, -4419.0554, -9420.329]","[4.2608, -1001739.2683, -1001755.038, -1002026.8704, -1003996.7372, -1004129.2809, -1004416.8666, -1009418.0324]","[6.065, 9.2, 6.589, 6.083, 9.076, 8.808, 7.684, 6.374]","[[[1.6871, 0.0], [3.6858, 0.0], [5.1135, 0.0], [7.6833, 0.0], [9.1109, 0.0], [9.1109, -0.1305]], [[1.9727, 0.0], [5.399, -0.1305], [8.2543, 0.1305], [12.2517, -0.2611], [12.2517, -1.5666], [14.8215, -2.0888]], [[1.6871, 0.0], [3.6858, 0.0], [5.1135, 0.0], [7.6833, 0.0], [7.9688, 0.0], [13.3939, -0.2611]], [[1.6871, 0.0], [3.6858, 0.0], [5.1135, 0.0], [7.6833, 0.0], [8.5399, -2.611], [9.3964, -0.1305]], [[1.9727, 0.0], [5.399, -0.1305], [8.2543, 0.1305], [12.2517, -0.2611], [11.6807, -2.8721], [14.536, -0.5222]], [[1.9727, 0.0], [5.399, -0.1305], [8.2543, 0.1305], [12.2517, -0.2611], [11.9662, 1.0444], [11.9662, -4.9609]], [[1.9727, 0.0], [5.399, -0.1305], [8.2543, 0.1305], [12.2517, -0.2611], [9.1109, 0.0], [9.1109, -0.1305]], [[1.6871, 0.0], [3.6858, 0.0], [5.1135, 0.0], [7.6833, 0.0], [5.399, 0.2611], [14.536, -1.9582]]]",1.2886,0.0,1.0,1.0,0.0,1.0,1.0,True,[3],0.0,0.25,0.5,6.0654,8.0,3.6858,7.6833,9.1119,2.6865,4.5424,6.0654,"[[1.687, 0.0], [3.686, 0.0], [5.113, 0.0], [7.683, 0.0], [9.111, 0.0], [13.394, -0.261]]",ok,9.2004,0.0,1.0,1.0,0.0,1.0,1.0,0.0,0.5,0.6666666666666666,30ad11916547467183371af9e1faf298,scene-0100,42
2.5437,5.1135,6.5412,1.8299,3.1148,4.2569,0.0,0.0,1.0,0.0,0.0,1.0,0.0,0.0,0.3333333333333333,ok,straight,2.5437,5.1135,6.5412,1.8299,3.1148,4.1141,True,"[-0.0, -0.0, -0.5875, -1.1097, -0.0653, -1.1749, -1.0444, -0.5875]","[-56.1055, -875.4084, -311.0403, -1219.8588, -1402.7043, -11417.7538, -26699.5935, -47487.9208]","[4.8929, 4.5648, 3.6343, -1001217.1383, -1001399.9839, -1011415.0334, -1026696.5954, -1047484.9227]","[4.114, 4.211, 6.168, 4.325, 3.454, 4.12, 5.761, 6.232]","[[[1.1161, 0.0], [2.5437, 0.0], [3.6858, 0.0], [5.1135, 0.0], [5.6846, 0.0], [6.5412, 0.0]], [[1.1161, 0.0], [2.5437, 0.0], [3.4003, -0.2611], [5.9701, 0.1305], [5.6846, 0.0], [6.5412, 0.0]], [[1.1161, 0.0], [2.5437, 0.0], [3.6858, 0.0], [5.1135, 0.0], [9.1109, 0.1305], [15.3926, -1.1749]], [[1.1161, 0.0], [2.5437, 0.0], [3.4003, -0.2611], [5.9701, 0.1305], [5.399, 0.7833], [7.1122, 2.2193]], [[1.1161, 0.0], [2.5437, 0.0], [3.4003, -0.2611], [5.9701, 0.1305], [6.2556, -0.5222], [1.4016, 0.1305]], [[1.1161, 0.0], [2.5437, 0.0], [3.4003, -0.2611], [5.9701, 0.1305], [1.9727, 0.2611], [9.3964, 2.3499]], [[1.1161, 0.0], [2.5437, 0.0], [3.6858, 0.0], [5.1135, 0.0], [9.9675, -7.9635], [9.1109, 2.0888]], [[1.1161, 0.0], [2.5437, 0.0], [3.6858, 0.0], [5.1135, 0.0], [18.2479, 1.1749], [6.5412, 1.1749]]]",1.01,0.0,0.0,1.0,0.0,0.0,1.0,True,[3],0.0,0.0,0.16666666666666666,3.4545,8.0,2.5437,5.9715,1.4077,1.8299,3.2604,3.4545,"[[1.116, 0.0], [2.544, 0.0], [3.686, 0.0], [5.113, 0.0], [5.685, 0.0], [6.541, 0.0]]",ok,6.2318,0.0,1.0,1.0,0.0,1.0,1.0,0.0,0.5,0.6666666666666666,fbc2727b0f35414f88d956bc63345af0,scene-0100,42
2.5437,5.9701,7.3977,1.8299,3.3289,4.6852,0.0,0.0,1.0,0.0,0.0,1.0,0.0,0.0,0.3333333333333333,ok,straight,2.5437,5.6846,8.5399,1.8299,3.2576,4.59,True,"[-0.0, -0.4569, -0.3264, -0.0, -0.8486, -0.0, -0.0653, -8.2899]","[-99.4949, -1296.7571, -3261.0217, -22727.5215, -1388.7833, -1804.8699, -3718.5817, -67411.0841]","[3.8269, -1001293.9756, -1003258.2401, -1022724.7399, -2003069.6202, -2003485.7067, -2005399.4185, -2069091.921]","[4.638, 4.456, 5.464, 4.195, 4.794, 3.877, 4.481, 6.768]","[[[1.1161, 0.0], [2.5437, 0.0], [3.6858, 0.0], [5.6846, 0.0], [7.3977, 0.0], [7.3977, 0.0]], [[1.1161, 0.0], [2.5437, 0.0], [3.6858, 0.0], [5.6846, 0.0], [5.1135, -0.2611], [8.5399, -0.9138]], [[1.1161, 0.0], [2.5437, 0.0], [3.6858, 0.0], [5.6846, 0.0], [5.9701, 1.0444], [13.6794, 0.6527]], [[1.1161, 0.0], [2.5437, 0.0], [3.6858, 0.0], [5.6846, 0.0], [9.3964, -6.7886], [0.545, 0.0]], [[1.1161, 0.0], [2.5437, 0.0], [1.4016, 0.0], [3.4003, -0.1305], [7.6833, -1.9582], [12.2517, -1.6971]], [[1.1161, 0.0], [2.5437, 0.0], [1.4016, 0.0], [3.4003, -0.1305], [7.3977, 0.0], [7.3977, 0.0]], [[1.1161, 0.0], [2.5437, 0.0], [1.4016, 0.0], [3.4003, -0.1305], [6.5412, -3.2637], [11.1096, -0.1305]], [[1.1161, 0.0], [2.5437, 0.0], [1.4016, 0.0], [3.4003, -0.1305], [7.9688, -8.0941], [12.5373, 16.5798]]]",0.8494,0.0,0.0,1.0,0.0,0.0,1.0,True,[3],0.0,0.0,0.16666666666666666,3.8766,8.0,2.5437,3.4028,7.3977,1.8299,2.1161,3.8766,"[[1.116, 0.0], [2.544, 0.0], [3.686, 0.0], [5.685, 0.0], [5.97, 0.0], [8.54, 0.0]]",ok,6.7682,0.0,1.0,1.0,0.0,1.0,1.0,0.0,0.5,0.6666666666666666,149f03b275944abc95aa59709a726bff,scene-0100,42
1.1161,2.5437,2.5437,0.6878,1.4016,1.7823,0.0,0.0,0.0,0.0,0.0,0.0,0.0,0.0,0.0,ok,straight,1.4016,3.9714,2.5437,0.8306,1.9727,2.4486,False,"[-0.0, -0.3916, -0.0, -0.0, -0.0, -0.7833, -0.4569, -0.4569]","[-16.9969, -318.056, -477.3358, -790.9181, -2151.4382, -3367.9687, -14062.8145, -29888.5541]","[3.515, 2.0986, -1000475.3889, -1000788.9712, -1002149.491, -1003366.0215, -1014060.8677, -1029886.607]","[1.735, 3.028, 2.591, 2.163, 2.192, 2.426, 4.737, 3.546]","[[[0.2595, 0.0], [1.1161, 0.0], [1.6871, 0.0], [2.2582, 0.0], [2.5437, 0.0], [2.5437, 0.0]], [[0.2595, 0.0], [1.4016, 0.0], [2.2582, 0.0], [3.9714, 0.0], [4.2569, 0.1305], [5.9701, -0.7833]], [[0.2595, 0.0], [1.4016, 0.0], [2.2582, 0.0], [3.9714, 0.0], [5.1135, 0.0], [2.5437, 0.0]], [[0.2595, 0.0], [1.4016, 0.0], [2.2582, 0.0], [3.9714, 0.0], [2.5437, 0.0], [2.5437, 0.0]], [[0.2595, 0.0], [1.1161, 0.0], [1.6871, 0.0], [2.2582, 0.0], [4.5424, 2.0888], [2.8293, 0.0]], [[0.2595, 0.0], [1.1161, 0.0], [1.6871, 0.0], [2.2582, 0.0], [1.1161, 0.0], [7.9688, 1.5666]], [[0.2595, 0.0], [1.4016, 0.0], [2.2582, 0.0], [3.9714, 0.0], [2.8293, -0.1305], [17.6768, 0.9138]], [[0.2595, 0.0], [1.1161, 0.0], [1.6871, 0.0], [2.2582, 0.0], [5.6846, -9.1385], [5.1135, 0.9138]]]",0.8983,0.0,0.0,0.0,0.0,0.0,0.0,True,[3],0.0,0.0,0.0,1.7347,8.0,1.1161,2.2582,2.5437,0.6878,1.3302,1.7347,"[[0.259, 0.0], [1.402, 0.0], [2.258, 0.0], [3.971, 0.0], [4.257, 0.0], [2.544, 0.0]]",ok,4.7372,0.0,1.0,1.0,0.0,1.0,1.0,0.0,0.5,0.6666666666666666,d5324133e1d241658a7b763831b3af2e,scene-0101,42
0.5128,0.0819,2.4545,0.3921,0.2538,0.8173,0.0,0.0,0.0,0.0,0.0,0.0,0.0,0.0,0.0,ok,straight,0.5128,0.504,2.4545,0.3921,0.4348,0.938,False,"[-0.0653, -0.0653, -0.0653, -1.5666, -0.0, -0.0, -0.1958, -0.1305]","[-69.0098, -226.9301, -688.3632, -2455.0121, -9995.3678, -10545.9607, -12007.1974, -113919.2275]","[3.6122, 3.5855, 3.5728, -1002452.3308, -1009992.664, -1010543.2569, -1012004.5161, -1113916.5238]","[0.817, 0.938, 1.41, 1.638, 1.284, 1.767, 2.453, 6.947]","[[[1.1161, 0.0], [2.5437, 0.0], [3.6858, 0.0], [5.1135, 0.0], [5.6846, 0.0], [6.8267, -0.1305]], [[1.1161, 0.0], [2.5437, 0.0], [3.9714, -0.1305], [5.6846, -0.1305], [5.6846, 0.0], [6.8267, -0.1305]], [[1.1161, 0.0], [2.5437, 0.0], [3.9714, -0.1305], [5.6846, -0.1305], [10.253, -0.5222], [12.8228, 0.1305]], [[1.1161, 0.0], [2.5437, 0.0], [3.9714, -0.1305], [5.6846, -0.1305], [11.1096, 0.0], [11.9662, -3.1332]], [[1.1161, 0.0], [2.5437, 0.0], [3.6858, 0.0], [5.1135, 0.0], [1.6871, 0.0], [10.5386, 0.0]], [[1.1161, 0.0], [2.5437, 0.0], [3.6858, 0.0], [5.1135, 0.0], [10.8241, 0.0], [3.4003, 0.0]], [[1.1161, 0.0], [2.5437, 0.0], [3.9714, -0.1305], [5.6846, -0.1305], [15.3926, -0.3916], [13.9649, -0.3916]], [[1.1161, 0.0], [2.5437, 0.0], [3.6858, 0.0], [5.1135, 0.0], [2.8293, 0.0], [45.6587, 0.2611]]]",1.8728,0.0,0.0,0.0,0.0,0.0,0.0,True,[3],0.0,0.0,0.0,0.8173,8.0,0.5128,0.0819,2.4545,0.3921,0.2538,0.8173,"[[1.116, 0.0], [2.544, 0.0], [3.971, -0.131], [5.685, -0.131], [5.685, 0.0], [6.827, -0.131]]",ok,6.9475,0.0,0.0,0.0,0.0,0.0,0.0,0.0,0.0,0.0,604a8ce58d0b4f94a93db370813edf94,scene-0101,42
2.3106,5.4338,9.6938,1.6925,3.2209,5.008,0.0,0.0,1.0,0.0,0.0,1.0,0.0,0.0,0.3333333333333333,ok,straight,2.8906,4.5813,9.1155,1.5582,2.9406,4.7248,True,"[-0.0653, -0.0653, -0.0, -0.0653, -0.4569, -2.3499, -2.2193, -1.893]","[-556.1151, -776.0901, -3389.7316, -3476.5771, -6411.2314, -8483.7062, -18730.6614, -19454.4888]","[4.1164, 4.0634, -1003387.4727, -1003474.2965, -1006408.9509, -1008481.4474, -1018728.3808, -1019452.23]","[4.77, 4.725, 2.761, 5.336, 4.627, 4.142, 4.357, 4.138]","[[[2.2582, 0.0], [4.5424, 0.0], [6.5412, 0.0], [9.9675, 0.0], [11.1096, 0.0], [13.6794, -0.1305]], [[3.1148, 0.0], [3.9714, 0.1305], [6.5412, 0.0], [9.9675, 0.0], [11.1096, 0.0], [13.6794, -0.1305]], [[3.1148, 0.0], [3.9714, 0.1305], [6.5412, 0.0], [9.9675, 0.0], [17.3913, -1.3055], [19.39, 0.0]], [[2.2582, 0.0], [4.5424, 0.0], [6.5412, 0.0], [9.9675, 0.0], [13.3939, -0.3916], [7.9688, -0.1305]], [[2.2582, 0.0], [4.5424, 0.0], [6.5412, 0.0], [9.9675, 0.0], [15.3926, -2.0888], [10.5386, -0.9138]], [[3.1148, 0.0], [3.9714, 0.1305], [6.5412, 0.0], [9.9675, 0.0], [9.9675, 0.0], [20.8176, -4.6998]], [[2.2582, 0.0], [4.5424, 0.0], [6.5412, 0.0], [9.9675, 0.0], [18.2479, -1.9582], [11.1096, 4.4387]], [[3.1148, 0.0], [3.9714, 0.1305], [6.5412, 0.0], [9.9675, 0.0], [19.1045, 1.9582], [12.8228, -3.7859]]]",0.7051,0.0,0.0,1.0,0.0,0.0,1.0,True,[3],0.0,0.0,0.3333333333333333,2.7613,8.0,2.8906,4.5813,3.4551,1.5582,2.9406,2.7613,"[[3.115, 0.0], [3.971, 0.131], [6.541, 0.0], [9.968, 0.0], [11.11, 0.0], [13.679, -0.131]]",ok,5.3361,0.0,0.0,1.0,0.0,0.0,1.0,0.0,0.0,0.3333333333333333,72fe05b8fd804c7eb2edba7554f1f796,scene-0101,42
1.7689,4.4841,8.2016,1.4343,2.7219,4.2622,0.0,0.0,0.0,0.0,0.0,0.0,0.0,0.0,0.0,ok,straight,1.7689,6.1869,7.3607,1.4343,3.1513,4.4083,False,"[-0.1305, -0.1305, -0.1305, -0.9138, -1.3055, -0.9138, -0.0653, -0.5875]","[-75.3934, -572.463, -525.2828, -758.0454, -4777.645, -23890.6574, -463111.3174, -467173.1874]","[4.2529, 4.2501, -1000522.5099, -1000755.2721, -1004774.8717, -1023887.8842, -1463108.5445, -1467170.4144]","[4.122, 4.408, 4.031, 4.076, 4.861, 3.98, 16.306, 16.328]","[[[3.6858, 0.0], [7.3977, 0.0], [11.1096, 0.1305], [15.107, 0.2611], [18.2479, 0.2611], [22.2453, 0.2611]], [[3.6858, 0.0], [7.3977, 0.0], [11.1096, 0.0], [13.3939, 0.2611], [18.2479, 0.2611], [22.2453, 0.2611]], [[3.6858, 0.0], [7.3977, 0.0], [11.1096, 0.0], [13.3939, 0.2611], [17.6768, 0.9138], [25.1006, 0.2611]], [[3.6858, 0.0], [7.3977, 0.0], [11.1096, 0.1305], [15.107, 0.2611], [17.9623, -0.5222], [22.8163, 1.8277]], [[3.6858, 0.0], [7.3977, 0.0], [11.1096, 0.1305], [15.107, 0.2611], [14.536, 0.2611], [21.3887, 2.611]], [[3.6858, 0.0], [7.3977, 0.0], [11.1096, 0.1305], [15.107, 0.2611], [25.6716, -4.6998], [22.5308, 1.8277]], [[3.6858, 0.0], [7.3977, 0.0], [11.1096, 0.0], [13.3939, 0.2611], [69.6432, 0.6527], [69.6432, -0.1305]], [[3.6858, 0.0], [7.3977, 0.0], [11.1096, 0.0], [13.3939, 0.2611], [69.6432, -2.7415], [69.6432, 1.1749]]]",5.2334,0.0,0.0,0.0,0.0,0.0,0.0,True,[3],0.0,0.0,0.0,3.9804,8.0,1.7689,4.4841,6.9251,1.4343,2.7219,3.9804,"[[3.686, 0.0], [7.398, 0.0], [11.11, 0.0], [13.394, 0.261], [18.248, 0.261], [22.245, 0.261]]",ok,16.3282,0.0,0.0,0.0,0.0,0.0,0.0,0.0,0.0,0.0,2e743b1fb9a34383b88bec3e7792ad2a,scene-0101,42
2.881,5.8569,9.2357,2.1894,3.6384,5.2209,0.0,0.0,0.0,0.0,0.0,0.0,0.0,0.0,0.0,ok,right,2.881,5.8569,6.1722,2.1894,3.6384,4.7103,True,"[0.0653, -0.0, 0.0653, -0.1958, -0.0, -0.0, -0.0, -0.0]","[-70.1932, -0.013, -23337.6947, -266736.2212, -1443147.8378, -1458213.7485, -1514104.4191, -1538771.6832]","[4.0595, 3.2019, -1023335.6947, -1266734.2212, -4957723.4228, -4972789.3335, -5028680.0041, -5053347.2682]","[4.617, 5.221, 5.822, 13.801, 24.879, 24.965, 25.295, 25.436]","[[[-0.026, 0.0], [-0.026, 0.0], [-0.026, 0.0], [-0.026, 0.0], [0.545, 0.0], [3.1148, -0.1305]], [[-0.026, 0.0], [-0.026, 0.0], [-0.026, 0.0], [-0.026, 0.0], [-0.026, 0.0], [-0.026, 0.0]], [[-0.026, 0.0], [-0.026, 0.0], [-0.026, 0.0], [-0.026, 0.0], [-0.026, 0.0], [21.6742, -0.1305]], [[-0.026, 0.0], [-0.026, 0.0], [-0.026, 0.0], [-0.026, 0.0], [-0.026, 0.0], [69.6432, 0.3916]], [[-0.026, 0.0], [-0.026, 0.0], [69.6432, 16.5798], [69.6432, 2.8721], [3.4003, 0.0], [-0.026, 0.0]], [[-0.026, 0.0], [-0.026, 0.0], [69.6432, 16.5798], [69.6432, 2.8721], [2.8293, -0.1305], [-0.026, 0.0]], [[-0.026, 0.0], [-0.026, 0.0], [69.6432, 16.5798], [69.6432, 2.8721], [0.8306, 0.0], [-0.026, 0.0]], [[-0.026, 0.0], [-0.026, 0.0], [69.6432, 16.5798], [69.6432, 2.8721], [-0.026, 0.0], [-0.026, 0.0]]]",9.2758,0.0,0.0,0.0,0.0,0.0,0.0,False,[3],0.0,0.0,0.0,4.6165,8.0,2.881,5.8569,6.1722,2.1894,3.6384,4.6165,"[[-0.026, 0.0], [-0.026, 0.0], [-0.026, 0.0], [-0.026, 0.0], [-0.026, 0.0], [3.115, -0.131]]",ok,25.4359,0.0,0.0,0.0,0.0,0.0,0.0,0.0,0.0,0.0,806011e8a7114eca971fd0f6b95bcd4b,scene-0102,42
0.3057,1.4144,5.5329,0.2447,0.7575,1.9182,0.0,0.0,0.0,0.0,0.0,0.0,0.0,0.0,0.0,ok,right,0.3057,0.7788,3.5904,0.2447,0.7786,1.5282,True,"[1.5666, 0.8486, 0.5875, 1.2402, 0.6527, 0.8486, -0.0, 0.4569]","[-1141.8405, -487.1215, -1062.3465, -998.124, -1236.2266, -1649.9723, -2113.2425, -10820.975]","[4.3453, 4.2907, 2.1847, -1000994.6071, -1001232.7098, -1001647.7988, -1002111.0691, -1010817.4582]","[0.917, 1.958, 1.55, 0.949, 2.024, 2.075, 1.996, 2.287]","[[[1.9727, -0.1305], [4.2569, -0.2611], [8.8254, -1.3055], [10.5386, -1.436], [12.2517, -1.0444], [14.8215, -3.1332]], [[1.9727, -0.1305], [4.2569, -0.2611], [7.1122, -0.9138], [7.9688, -1.8277], [9.1109, -1.0444], [10.5386, -1.6971]], [[1.9727, -0.1305], [4.2569, -0.2611], [8.8254, -1.3055], [10.5386, -1.436], [10.5386, -1.1749], [12.5373, -1.1749]], [[1.9727, -0.1305], [4.2569, -0.2611], [7.1122, -0.9138], [7.9688, -1.8277], [11.1096, -1.3055], [17.3913, -2.4804]], [[1.9727, -0.1305], [4.2569, -0.2611], [7.1122, -0.9138], [7.9688, -1.8277], [7.9688, -3.2637], [11.3952, -1.3055]], [[1.9727, -0.1305], [4.2569, -0.2611], [8.8254, -1.3055], [10.5386, -1.436], [9.1109, -1.0444], [10.5386, -1.6971]], [[1.9727, -0.1305], [4.2569, -0.2611], [8.8254, -1.3055], [10.5386, -1.436], [12.5373, -0.6527], [9.1109, 0.0]], [[1.9727, -0.1305], [4.2569, -0.2611], [7.1122, -0.9138], [7.9688, -1.8277], [13.3939, -0.5222], [6.5412, -0.9138]]]",0.4925,0.0,0.0,0.0,0.0,0.0,0.0,True,[3],0.0,0.0,0.0,0.9175,8.0,0.3057,0.7788,1.2132,0.2447,0.7786,0.9175,"[[1.973, -0.131], [4.257, -0.261], [8.825, -1.305], [10.539, -1.436], [10.539, -1.044], [12.537, -1.697]]",ok,2.2874,0.0,0.0,0.0,0.0,0.0,0.0,0.0,0.0,0.0,62fb6b14e6a2451f96ef753672d3a381,scene-0102,42
2.1765,5.1878,7.6691,1.5065,2.9607,4.3385,0.0,0.0,0.0,0.0,0.0,0.0,0.0,0.0,0.0,ok,straight,2.1765,8.8991,7.6735,1.5065,4.3166,5.3384,False,"[-0.1305, -0.5875, -0.1958, -0.1305, -0.3264, -0.0653, -0.0653, -0.9791]","[-5.355, -1515.8601, -2264.4456, -3161.1434, -8383.8051, -14603.1738, -74359.2966, -462726.0302]","[4.2597, -1001512.611, -1002261.1965, -1003157.8943, -1008380.6156, -1014599.9843, -1074356.0475, -1462722.8407]","[4.339, 5.07, 5.338, 5.242, 4.296, 7.295, 6.554, 16.797]","[[[3.4003, 0.0], [6.5412, 0.0], [9.682, -0.1305], [12.8228, -0.1305], [16.2492, -0.1305], [19.9611, -0.2611]], [[3.4003, 0.0], [6.5412, 0.0], [7.9688, 0.0], [9.1109, 0.0], [15.3926, -0.1305], [21.9598, -1.1749]], [[3.4003, 0.0], [6.5412, 0.0], [7.9688, 0.0], [9.1109, 0.0], [15.6781, 0.0], [19.9611, -0.3916]], [[3.4003, 0.0], [6.5412, 0.0], [7.9688, 0.0], [9.1109, 0.0], [16.2492, -0.1305], [19.9611, -0.2611]], [[3.4003, 0.0], [6.5412, 0.0], [9.682, -0.1305], [12.8228, -0.1305], [20.2466, -0.2611], [16.2492, 0.6527]], [[3.4003, 0.0], [6.5412, 0.0], [9.682, -0.1305], [12.8228, -0.1305], [16.2492, -0.7833], [2.2582, -0.1305]], [[3.4003, 0.0], [6.5412, 0.0], [7.9688, 0.0], [9.1109, 0.0], [23.6729, -0.3916], [6.5412, -0.1305]], [[3.4003, 0.0], [6.5412, 0.0], [9.682, -0.1305], [12.8228, -0.1305], [69.6432, -0.2611], [69.6432, 1.9582]]]",3.8746,0.0,0.0,0.0,0.0,0.0,0.0,False,[3],0.0,0.0,0.0,4.2958,8.0,2.1765,5.1878,11.4013,1.5065,2.9607,4.2958,"[[3.4, 0.0], [6.541, 0.0], [7.969, 0.0], [9.111, 0.0], [15.678, -0.131], [19.961, -0.392]]",ok,16.7972,0.0,0.0,1.0,0.0,0.0,1.0,0.0,0.0,0.3333333333333333,be3fb86ba1a846719241b051d3ec4385,scene-0102,42
3.4417,7.0896,10.5915,2.5272,4.3528,6.113,0.0,0.0,0.0,0.0,0.0,0.0,0.0,0.0,0.0,ok,straight,2.3011,7.0896,10.0205,1.3865,3.7825,5.6376,True,"[-0.1305, -0.1305, -0.5875, -0.1958, -0.1958, -0.0, -0.1305, -0.1958]","[-114.5091, -5.0823, -602.0745, -958.4489, -1098.8129, -4213.5928, -23881.9847, -97297.347]","[4.3654, 2.0742, -1000598.6203, -1000957.2893, -1001095.3587, -1004212.4332, -1023880.8252, -1097293.8928]","[5.638, 6.018, 4.175, 5.494, 4.353, 3.286, 8.635, 7.922]","[[[4.5424, 0.0], [7.6833, 0.0], [9.682, -0.1305], [12.8228, -0.1305], [16.2492, -0.1305], [19.9611, -0.2611]], [[3.4003, 0.0], [6.5412, -0.1305], [9.682, -0.1305], [12.8228, -0.1305], [16.2492, -0.1305], [19.9611, -0.2611]], [[4.5424, 0.0], [7.6833, 0.0], [9.682, -0.1305], [12.8228, -0.1305], [19.39, -0.3916], [25.6716, -1.1749]], [[3.4003, 0.0], [6.5412, -0.1305], [9.682, -0.1305], [12.8228, -0.1305], [18.5334, -0.3916], [20.8176, -0.3916]], [[4.5424, 0.0], [7.6833, 0.0], [9.682, -0.1305], [12.8228, -0.1305], [19.6755, -0.5222], [24.244, -0.3916]], [[3.4003, 0.0], [6.5412, -0.1305], [9.682, -0.1305], [12.8228, -0.1305], [23.1019, -0.1305], [29.6691, 0.0]], [[3.4003, 0.0], [6.5412, -0.1305], [9.682, -0.1305], [12.8228, -0.1305], [18.2479, -0.5222], [2.2582, -0.2611]], [[4.5424, 0.0], [7.6833, 0.0], [9.682, -0.1305], [12.8228, -0.1305], [-0.026, 0.0], [22.5308, -0.3916]]]",1.7199,0.0,0.0,0.0,0.0,0.0,0.0,True,[3],0.0,0.0,0.0,3.2864,8.0,3.4417,7.0896,0.4779,2.5272,4.3528,3.2864,"[[4.542, 0.0], [7.683, 0.0], [9.682, -0.131], [12.823, -0.131], [16.249, -0.131], [19.961, -0.261]]",ok,8.6354,0.0,0.0,1.0,0.0,0.0,1.0,0.0,0.0,0.16666666666666666,6531528030c2484abde7201ff31c05c6,scene-0102,42
3.0875,6.3022,11.229,2.2599,3.8794,5.7966,0.0,0.0,0.0,0.0,0.0,0.0,0.0,0.0,0.0,ok,right,3.0875,6.3022,10.946,2.2599,3.8794,5.7494,True,"[0.3916, 0.2611, 0.2611, 0.1305, 0.3916, 0.9791, -0.1958, 7.3761]","[-143.6384, -32.9369, -924.2373, -1906.6121, -3121.6208, -4231.8961, -6098.7614, -127202.4496]","[1.4617, 1.4089, -1000921.3023, -1001903.6771, -1003120.247, -1004228.9611, -1006097.3876, -1127199.5146]","[5.42, 5.749, 6.365, 5.75, 5.311, 5.451, 9.175, 11.787]","[[[2.8293, 0.0], [5.399, -0.1305], [7.9688, -0.1305], [10.5386, -0.2611], [12.8228, 0.0], [16.8202, -0.7833]], [[2.8293, 0.0], [5.399, -0.1305], [7.9688, -0.1305], [10.5386, -0.2611], [13.1083, -0.2611], [14.536, -0.5222]], [[2.8293, 0.0], [5.399, -0.1305], [6.2556, -0.1305], [8.5399, -0.3916], [13.1083, -0.2611], [14.536, -0.5222]], [[2.8293, 0.0], [5.399, -0.1305], [6.2556, -0.1305], [8.5399, -0.3916], [14.536, 0.6527], [17.1058, -0.2611]], [[2.8293, 0.0], [5.399, -0.1305], [7.9688, -0.1305], [10.5386, -0.2611], [15.9636, -0.6527], [14.2505, -0.7833]], [[2.8293, 0.0], [5.399, -0.1305], [6.2556, -0.1305], [8.5399, -0.3916], [15.9636, -0.2611], [17.1058, -1.9582]], [[2.8293, 0.0], [5.399, -0.1305], [7.9688, -0.1305], [10.5386, -0.2611], [9.9675, -0.1305], [-2.8813, 0.3916]], [[2.8293, 0.0], [5.399, -0.1305], [6.2556, -0.1305], [8.5399, -0.3916], [15.6781, -0.5222], [69.6432, -14.7521]]]",2.2024,0.0,0.0,0.0,0.0,0.0,0.0,True,[3],0.0,0.0,0.0,5.311,8.0,3.0875,6.3022,11.1975,2.2599,3.8794,5.311,"[[2.829, 0.0], [5.399, -0.131], [7.969, -0.131], [10.539, -0.261], [13.108, -0.261], [14.536, -0.522]]",ok,11.7874,0.0,0.0,0.0,0.0,0.0,0.0,0.0,0.0,0.0,3e8750f331d7499e9b5123e9eb70f2e2,scene-0103,42
1.4633,5.443,9.1987,0.94,2.6178,4.6506,0.0,0.0,0.0,0.0,0.0,0.0,0.0,0.0,0.0,ok,straight,2.3194,5.443,8.9132,2.0813,3.1884,4.9835,False,"[-0.1305, -0.1305, -0.1305, -0.6527, -0.1958, -0.3916, -0.1305, -0.4569]","[-139.5374, -288.9274, -358.837, -170.054, -938.4451, -1225.2908, -1719.8538, -3261.5408]","[4.4271, 4.2764, 4.2066, 1.6008, -1000935.6758, -1001222.5232, -1001717.0862, -1003258.7715]","[4.556, 5.793, 4.983, 4.522, 5.891, 6.414, 3.432, 6.227]","[[[3.4003, 0.0], [6.8267, 0.0], [10.5386, -0.1305], [14.2505, -0.1305], [17.9623, -0.1305], [19.39, -0.2611]], [[5.1135, 0.0], [7.6833, 0.0], [10.5386, -0.1305], [14.2505, -0.1305], [19.1045, 0.0], [23.1019, -0.2611]], [[5.1135, 0.0], [7.6833, 0.0], [10.5386, -0.1305], [14.2505, -0.1305], [17.9623, -0.1305], [19.39, -0.2611]], [[3.4003, 0.0], [6.8267, 0.0], [10.5386, -0.1305], [14.2505, -0.1305], [17.6768, 0.1305], [19.39, -1.3055]], [[3.4003, 0.0], [6.8267, 0.0], [10.5386, -0.1305], [14.2505, -0.1305], [18.2479, -0.5222], [27.0993, 0.3916]], [[5.1135, 0.0], [7.6833, 0.0], [10.5386, -0.1305], [14.2505, -0.1305], [21.1032, -0.2611], [24.8151, -0.7833]], [[5.1135, 0.0], [7.6833, 0.0], [10.5386, -0.1305], [14.2505, -0.1305], [15.9636, -1.3055], [11.9662, -0.2611]], [[3.4003, 0.0], [6.8267, 0.0], [10.5386, -0.1305], [14.2505, -0.1305], [17.6768, -0.6527], [29.6691, -0.9138]]]",0.9615,0.0,0.0,0.0,0.0,0.0,0.0,True,[3],0.0,0.0,0.0,3.4324,8.0,2.3194,5.443,1.494,2.0813,3.1884,3.4324,"[[5.113, 0.0], [7.683, 0.0], [10.539, -0.131], [14.25, -0.131], [17.962, -0.131], [19.39, -0.261]]",ok,6.4136,0.0,0.0,0.0,0.0,0.0,0.0,0.0,0.0,0.0,796b1988dd254f74bf2fb19ba9c5b8c6,scene-0103,42
0.9958,1.6775,0.5196,0.9397,1.3969,1.3367,0.0,0.0,0.0,0.0,0.0,0.0,0.0,0.0,0.0,ok,straight,2.1376,2.5349,0.5196,1.0838,1.7545,1.4799,False,"[-0.0653, -0.0, -0.1305, -0.0653, -0.0653, -1.3055, -0.0653, -0.1958]","[-410.4797, -239.0328, -936.4637, -194.3859, -453.0343, -801.1745, -1173.2444, -2584.3078]","[4.0688, 3.2639, 3.1892, 3.1648, -1000451.1853, -1000798.1259, -1001171.3954, -1002581.2593]","[1.575, 1.67, 1.251, 1.384, 1.877, 2.539, 1.623, 1.885]","[[[1.6871, 0.0], [5.6846, 0.0], [7.9688, 0.0], [10.5386, 0.0], [12.5373, -0.1305], [13.6794, -0.1305]], [[2.5437, 0.0], [4.5424, 0.0], [7.6833, -0.1305], [9.9675, -0.1305], [11.9662, -0.1305], [15.9636, 0.0]], [[1.6871, 0.0], [5.6846, 0.0], [7.9688, 0.0], [10.5386, 0.0], [10.8241, 0.0], [13.3939, -0.2611]], [[2.5437, 0.0], [4.5424, 0.0], [7.6833, -0.1305], [9.9675, -0.1305], [12.5373, -0.1305], [13.6794, -0.1305]], [[2.5437, 0.0], [4.5424, 0.0], [7.6833, -0.1305], [9.9675, -0.1305], [10.8241, -0.1305], [7.9688, -0.1305]], [[1.6871, 0.0], [5.6846, 0.0], [7.9688, 0.0], [10.5386, 0.0], [14.2505, -0.1305], [16.8202, 2.611]], [[2.5437, 0.0], [4.5424, 0.0], [7.6833, -0.1305], [9.9675, -0.1305], [13.9649, 0.0], [13.6794, -0.1305]], [[1.6871, 0.0], [5.6846, 0.0], [7.9688, 0.0], [10.5386, 0.0], [10.8241, -0.3916], [17.1058, -0.3916]]]",0.3687,0.0,0.0,0.0,0.0,0.0,0.0,True,[3],0.0,0.0,0.0,1.251,8.0,2.1376,2.5349,0.2562,1.0838,1.7545,1.251,"[[1.687, 0.0], [5.685, 0.0], [7.969, 0.0], [10.539, 0.0], [11.966, -0.131], [13.679, -0.131]]",ok,2.5387,0.0,0.0,0.0,0.0,0.0,0.0,0.0,0.0,0.0,456ec36cb4a44ca78f36fbd90c0c34fa,scene-0103,42
1.8153,1.7206,5.4442,1.1541,1.5587,2.5893,0.0,0.0,0.0,0.0,0.0,0.0,0.0,0.0,0.0,ok,straight,1.8153,3.1483,5.4545,1.1541,1.9156,2.6386,False,"[-0.0653, -0.2611, -0.2611, -0.1305, -0.1305, -0.0653, -0.1305, -0.0653]","[-44.0965, -957.3886, -2323.721, -2485.7963, -2749.6145, -2803.0603, -9098.3075, -11535.1344]","[3.9796, -1000955.4138, -1002321.7461, -1002482.33, -1002747.6396, -1002799.5939, -1009094.8411, -1011531.6681]","[2.827, 2.395, 3.257, 1.785, 2.5, 2.118, 1.636, 2.065]","[[[3.4003, 0.0], [6.8267, 0.0], [9.682, -0.1305], [12.8228, -0.1305], [16.2492, -0.1305], [18.8189, -0.1305]], [[3.4003, 0.0], [6.8267, 0.0], [9.682, -0.1305], [12.8228, -0.1305], [18.2479, -0.1305], [29.098, -0.5222]], [[3.4003, 0.0], [6.8267, 0.0], [9.682, -0.1305], [12.8228, -0.1305], [17.3913, 0.0], [15.107, -0.5222]], [[3.4003, 0.0], [7.6833, -0.1305], [10.253, -0.1305], [15.6781, 0.0], [16.8202, -0.1305], [20.2466, -0.2611]], [[3.4003, 0.0], [6.8267, 0.0], [9.682, -0.1305], [12.8228, -0.1305], [18.8189, -0.3916], [18.2479, 0.2611]], [[3.4003, 0.0], [7.6833, -0.1305], [10.253, -0.1305], [15.6781, 0.0], [16.2492, -0.1305], [18.8189, -0.1305]], [[3.4003, 0.0], [7.6833, -0.1305], [10.253, -0.1305], [15.6781, 0.0], [25.9572, -0.1305], [24.8151, -0.2611]], [[3.4003, 0.0], [7.6833, -0.1305], [10.253, -0.1305], [15.6781, 0.0], [16.2492, 0.0], [29.3835, -0.1305]]]",0.5043,0.0,0.0,0.0,0.0,0.0,0.0,False,[3],0.0,0.0,0.0,1.6359,8.0,0.9571,0.3218,0.5577,0.725,0.8517,1.6359,"[[3.4, 0.0], [6.827, 0.0], [9.682, -0.131], [12.823, -0.131], [17.391, -0.131], [18.819, -0.522]]",ok,3.2574,0.0,0.0,0.0,0.0,0.0,0.0,0.0,0.0,0.0,9fcdc52b791045e99c623c5fc643331f,scene-0103,42
2.1193,2.1605,1.2867,1.7786,1.9924,1.8768,0.0,0.0,0.0,0.0,0.0,0.0,0.0,0.0,0.0,ok,straight,2.1193,2.1605,1.2867,1.7786,1.9924,1.8768,False,"[-0.0, -0.0653, -0.0653, -0.0653, -0.0, -0.0653, -0.0653, -0.0653]","[-703.8323, -11.0189, -587.6546, -792.4803, -1114.6225, -3383.9469, -10582.5202, -42550.3317]","[5.0768, 2.8182, 2.7222, -1000789.6847, -1001111.7731, -1003381.1512, -1010579.7245, -1042547.4823]","[2.639, 1.877, 1.687, 2.971, 1.934, 1.786, 2.212, 5.398]","[[[1.6871, 0.0], [2.8293, 0.0], [3.6858, 0.0], [4.5424, 0.0], [7.9688, -0.2611], [8.8254, 0.0]], [[1.6871, 0.0], [2.8293, 0.0], [3.6858, 0.0], [4.5424, 0.0], [5.6846, 0.0], [6.5412, -0.1305]], [[1.6871, 0.0], [2.8293, 0.0], [3.6858, -0.1305], [3.4003, 0.0], [5.6846, 0.0], [6.5412, -0.1305]], [[1.6871, 0.0], [2.8293, 0.0], [3.6858, -0.1305], [3.4003, 0.0], [6.5412, 0.0], [13.3939, -0.1305]], [[1.6871, 0.0], [2.8293, 0.0], [3.6858, 0.0], [4.5424, 0.0], [7.1122, -0.6527], [5.399, 0.0]], [[1.6871, 0.0], [2.8293, 0.0], [3.6858, -0.1305], [3.4003, 0.0], [7.3977, 0.0], [5.399, -0.1305]], [[1.6871, 0.0], [2.8293, 0.0], [3.6858, -0.1305], [3.4003, 0.0], [9.682, -0.1305], [4.828, -0.1305]], [[1.6871, 0.0], [2.8293, 0.0], [3.6858, 0.0], [4.5424, 0.0], [2.5437, 0.1305], [28.5269, -0.1305]]]",1.1495,0.0,0.0,0.0,0.0,0.0,0.0,True,[3],0.0,0.0,0.0,1.687,8.0,2.1193,1.0185,1.2867,1.7786,1.7077,1.687,"[[1.687, 0.0], [2.829, 0.0], [3.686, 0.0], [4.542, 0.0], [5.685, 0.0], [6.541, -0.131]]",ok,5.3981,0.0,0.0,0.0,0.0,0.0,0.0,0.0,0.0,0.0,f1b7b463072e4630b2c1d5ba8b6cd50b,scene-0104,42
2.6776,4.9571,7.1548,2.1235,3.2802,4.3078,0.0,0.0,0.0,0.0,0.0,0.0,0.0,0.0,0.0,ok,straight,1.2509,4.1037,6.2985,0.9819,2.2111,3.5475,True,"[-0.0653, -0.0653, -1.9582, -0.1305, -0.0653, -0.9791, -0.2611, -0.3916]","[-32.2853, -751.1756, -939.2824, -943.6696, -2225.5829, -4015.729, -8549.4272, -10372.6776]","[4.7947, -1000748.0006, -1000936.1075, -1000941.7175, -1002223.6308, -1004012.554, -1008547.4751, -1010370.7255]","[3.595, 3.509, 3.76, 3.499, 2.976, 3.01, 2.369, 2.697]","[[[3.1148, 0.0], [5.9701, 0.0], [7.9688, 0.0], [10.253, 0.0], [12.5373, -0.1305], [14.8215, -0.1305]], [[3.1148, 0.0], [5.9701, 0.0], [7.9688, 0.0], [10.253, 0.0], [11.6807, -1.0444], [16.2492, -0.1305]], [[3.1148, 0.0], [5.9701, 0.0], [7.9688, 0.0], [10.253, 0.0], [11.9662, -0.1305], [15.6781, 3.9165]], [[3.1148, 0.0], [5.9701, 0.0], [8.8254, 0.0], [13.1083, -0.1305], [13.6794, -0.1305], [10.5386, -0.2611]], [[3.1148, 0.0], [5.9701, 0.0], [8.8254, 0.0], [13.1083, -0.1305], [12.5373, -0.1305], [14.8215, -0.1305]], [[3.1148, 0.0], [5.9701, 0.0], [7.9688, 0.0], [10.253, 0.0], [11.1096, 0.2611], [20.5321, -1.9582]], [[3.1148, 0.0], [5.9701, 0.0], [8.8254, 0.0], [13.1083, -0.1305], [15.3926, -5.4831], [18.8189, -0.5222]], [[3.1148, 0.0], [5.9701, 0.0], [8.8254, 0.0], [13.1083, -0.1305], [10.5386, 0.1305], [18.5334, -0.7833]]]",0.4582,0.0,0.0,0.0,0.0,0.0,0.0,True,[3],0.0,0.0,0.0,2.3695,8.0,1.2509,1.2455,3.1635,0.9819,1.2827,2.3695,"[[3.115, 0.0], [5.97, 0.0], [7.969, 0.0], [10.253, 0.0], [11.966, -0.131], [15.678, -0.131]]",ok,3.7605,0.0,0.0,0.0,0.0,0.0,0.0,0.0,0.0,0.0,8c394cbb9706486aae5c0edc1d704178,scene-0104,42
1.1159,3.1002,5.1246,0.8365,1.5254,2.477,0.0,0.0,0.0,0.0,0.0,0.0,0.0,0.0,0.0,ok,straight,1.1159,2.2439,5.1246,0.8365,1.3114,2.3343,True,"[-0.0653, -0.0, -0.0653, -0.0, -0.3916, -0.3916, -0.0, -0.0653]","[-38.4002, -1005.3173, -1473.6055, -2479.8828, -3540.2443, -10888.8421, -70937.2118, -385378.6871]","[2.9394, -1001003.2141, -1001470.3486, -1002477.7796, -1003538.1411, -1010885.5852, -1070933.9549, -1385375.4302]","[2.334, 1.617, 2.336, 2.386, 1.725, 2.559, 3.791, 16.026]","[[[3.6858, 0.0], [7.3977, 0.0], [11.1096, -0.1305], [15.107, -0.1305], [18.2479, -0.1305], [21.3887, -0.1305]], [[3.6858, 0.0], [7.3977, 0.0], [11.1096, -0.1305], [15.107, -0.1305], [23.1019, 0.1305], [29.6691, 0.0]], [[3.6858, 0.0], [7.3977, 0.0], [10.253, -0.1305], [15.9636, 0.0], [18.2479, -0.1305], [21.3887, -0.1305]], [[3.6858, 0.0], [7.3977, 0.0], [11.1096, -0.1305], [15.107, -0.1305], [20.5321, 0.0], [18.8189, 0.0]], [[3.6858, 0.0], [7.3977, 0.0], [11.1096, -0.1305], [15.107, -0.1305], [22.2453, 0.1305], [21.9598, -0.7833]], [[3.6858, 0.0], [7.3977, 0.0], [10.253, -0.1305], [15.9636, 0.0], [24.5295, -0.6527], [19.1045, -0.7833]], [[3.6858, 0.0], [7.3977, 0.0], [10.253, -0.1305], [15.9636, 0.0], [34.5231, -0.1305], [21.6742, 0.0]], [[3.6858, 0.0], [7.3977, 0.0], [10.253, -0.1305], [15.9636, 0.0], [69.6432, -0.2611], [69.6432, -0.1305]]]",4.5506,0.0,0.0,0.0,0.0,0.0,0.0,True,[3],0.0,0.0,0.0,1.6168,8.0,1.1159,2.2439,3.1751,0.8365,1.3114,1.6168,"[[3.686, 0.0], [7.398, 0.0], [11.11, -0.131], [15.107, -0.131], [18.248, -0.131], [21.389, -0.131]]",ok,16.0257,0.0,0.0,1.0,0.0,0.0,1.0,0.0,0.0,0.16666666666666666,84fd8f6d5b2c406e9ddd1c3b72690917,scene-0104,42
3.8124,7.2458,11.9196,2.9879,4.7291,6.7837,0.0,0.0,0.0,0.0,0.0,0.0,0.0,0.0,0.0,ok,straight,3.8124,6.3906,12.4908,2.9879,4.4449,6.6895,True,"[-0.1305, -0.1305, -0.1958, -0.2611, -0.0653, -0.0, -8.2899, -0.0653]","[-230.5789, -435.6275, -339.5682, -656.538, -659.9718, -864.2063, -16127.2594, -17318.945]","[3.6875, 3.6585, 3.6481, 3.5788, -1000657.278, -1000861.5125, -1016124.5656, -1017316.251]","[6.738, 6.69, 6.644, 6.503, 6.691, 5.263, 8.206, 5.915]","[[[3.9714, 0.0], [6.5412, 0.0], [8.8254, 0.2611], [12.2517, 0.0], [14.2505, -0.1305], [16.2492, -0.2611]], [[3.1148, 0.0], [6.2556, 0.0], [9.3964, 0.1305], [13.1083, 0.0], [14.2505, -0.1305], [16.2492, -0.2611]], [[3.1148, 0.0], [6.2556, 0.0], [9.3964, 0.1305], [13.1083, 0.0], [14.536, 0.2611], [16.2492, -0.3916]], [[3.1148, 0.0], [6.2556, 0.0], [9.3964, 0.1305], [13.1083, 0.0], [14.2505, -0.2611], [17.3913, 0.5222]], [[3.9714, 0.0], [6.5412, 0.0], [8.8254, 0.2611], [12.2517, 0.0], [15.6781, 0.0], [15.107, -0.1305]], [[3.9714, 0.0], [6.5412, 0.0], [8.8254, 0.2611], [12.2517, 0.0], [18.2479, -0.1305], [21.1032, 0.0]], [[3.9714, 0.0], [6.5412, 0.0], [8.8254, 0.2611], [12.2517, 0.0], [15.107, -0.3916], [14.2505, 16.5798]], [[3.1148, 0.0], [6.2556, 0.0], [9.3964, 0.1305], [13.1083, 0.0], [16.5347, 7.3108], [21.6742, -0.1305]]]",0.781,0.0,0.0,0.0,0.0,0.0,0.0,True,[3],0.0,0.0,0.0,5.2631,8.0,3.5269,7.247,7.6386,2.4169,4.5178,5.2631,"[[3.115, 0.0], [6.256, 0.0], [9.396, 0.131], [13.108, 0.0], [14.25, -0.131], [16.249, -0.261]]",ok,8.2062,0.0,0.0,0.0,0.0,0.0,0.0,0.0,0.0,0.0,34875eefe5f943d38f5495664ff53bb0,scene-0104,42
9.3011,18.718,28.3119,6.984,11.6726,16.4231,0.0,0.0,0.0,0.0,0.0,0.0,0.0,0.0,0.0,ok,straight,9.3011,18.718,28.3119,6.984,11.6726,16.4231,False,"[-0.0, -0.0, -0.0, -0.0, -0.0, -0.718]","[-0.013, -505.7175, -27.1239, -28.6892, -9683.1413, -743405.4817]","[3.024, 3.0222, 3.0221, 3.0221, -1009681.0209, -1743403.3613]","[16.423, 16.042, 16.375, 16.328, 15.425, 22.324]","[[[-0.026, 0.0], [-0.026, 0.0], [-0.026, 0.0], [-0.026, 0.0], [-0.026, 0.0], [-0.026, 0.0]], [[-0.026, 0.0], [-0.026, 0.0], [-0.026, 0.0], [-0.026, 0.0], [1.6871, 0.0], [0.545, 0.0]], [[-0.026, 0.0], [0.2595, 0.0], [-0.026, 0.0], [-0.026, 0.0], [-0.026, 0.0], [-0.026, 0.0]], [[-0.026, 0.0], [0.2595, 0.0], [-0.026, 0.0], [-0.026, 0.0], [-0.026, 0.0], [0.2595, 0.0]], [[-0.026, 0.0], [0.2595, 0.0], [-0.026, 0.0], [-0.026, 0.0], [5.6846, -0.2611], [-0.026, 0.0]], [[-0.026, 0.0], [0.2595, 0.0], [-0.026, 0.0], [-0.026, 0.0], [69.6432, -1.436], [69.6432, 1.436]]]",2.3372,0.0,0.0,0.0,0.0,0.0,0.0,True,[3],0.0,0.0,0.0,15.4247,6.0,9.0155,18.718,28.3119,6.8412,11.6012,15.4247,"[[-0.026, 0.0], [-0.026, 0.0], [-0.026, 0.0], [-0.026, 0.0], [-0.026, 0.0], [-0.026, 0.0]]",ok,22.3237,0.0,0.0,0.0,0.0,0.0,0.0,0.0,0.0,0.0,8d56b71c09c04ece827107b3c103498f,scene-0105,42
1.8066,3.4932,5.3043,1.2076,1.9769,2.9548,0.0,0.0,0.0,0.0,0.0,0.0,0.0,0.0,0.0,ok,straight,1.8066,2.3666,5.3043,1.2076,1.6953,2.767,True,"[-0.0, -0.0653, -0.0653, -0.9138, -1.1097, -2.6763, -0.7833, -0.3264]","[-130.0341, -260.5337, -297.5745, -404.4574, -633.0153, -1832.7647, -6255.6996, -17680.5375]","[3.0604, 2.9595, 2.9527, -1000402.867, -1000631.4252, -1001831.1746, -1006254.1092, -1017678.9471]","[2.712, 2.767, 2.767, 2.6, 1.751, 2.414, 3.596, 5.457]","[[[4.2569, 0.0], [7.9688, 0.0], [12.5373, 0.0], [16.8202, 0.1305], [19.9611, 0.6527], [21.9598, 0.0]], [[3.9714, 0.0], [8.2543, 0.0], [12.5373, 0.0], [16.8202, 0.1305], [19.1045, 0.1305], [22.5308, 0.1305]], [[4.2569, 0.0], [7.9688, 0.0], [12.5373, 0.0], [16.8202, 0.1305], [19.1045, 0.1305], [22.5308, 0.1305]], [[3.9714, 0.0], [8.2543, 0.0], [12.5373, 0.0], [16.8202, 0.1305], [20.5321, 0.6527], [22.8163, -1.8277]], [[4.2569, 0.0], [7.9688, 0.0], [12.5373, 0.0], [16.8202, 0.1305], [21.3887, -0.2611], [28.5269, 2.2193]], [[4.2569, 0.0], [7.9688, 0.0], [12.5373, 0.0], [16.8202, 0.1305], [22.8163, 4.3081], [28.8125, 5.3525]], [[3.9714, 0.0], [8.2543, 0.0], [12.5373, 0.0], [16.8202, 0.1305], [15.107, 0.3916], [21.3887, 1.5666]], [[3.9714, 0.0], [8.2543, 0.0], [12.5373, 0.0], [16.8202, 0.1305], [20.5321, 0.3916], [4.828, 0.6527]]]",1.0396,0.0,0.0,0.0,0.0,0.0,0.0,True,[3],0.0,0.0,0.0,1.7511,8.0,1.8066,2.3666,1.2597,1.2076,1.6953,1.7511,"[[4.257, 0.0], [7.969, 0.0], [12.537, 0.0], [16.82, 0.131], [19.104, 0.131], [22.531, 0.131]]",ok,5.4569,0.0,0.0,0.0,0.0,0.0,0.0,0.0,0.0,0.0,d0cc76c904c542b39553f012e4791ef0,scene-0105,42
0.4579,0.5106,0.3563,0.2455,0.3504,0.401,0.0,0.0,0.0,0.0,0.0,0.0,0.0,0.0,0.0,ok,straight,0.7427,0.5106,0.6356,0.9403,0.6276,0.6324,False,"[-0.0, -0.0, -0.4569, -0.3264, -0.1305, -0.3264, -0.0, -0.1305]","[-297.839, -1110.8665, -890.5235, -3231.8188, -3813.4866, -11271.4836, -137003.4194, -416663.0752]","[4.3134, 4.305, 1.5577, -1003229.056, -1003810.7239, -1011268.7234, -1137000.6592, -1416660.3125]","[0.401, 0.632, 0.721, 1.198, 1.543, 1.687, 9.294, 11.345]","[[[3.1148, 0.0], [6.5412, 0.0], [9.1109, 0.0], [12.2517, 0.0], [14.2505, 0.0], [18.2479, 0.0]], [[1.9727, 0.0], [6.8267, 0.0], [9.1109, 0.0], [12.2517, 0.0], [14.2505, 0.0], [18.2479, 0.0]], [[1.9727, 0.0], [6.8267, 0.0], [9.1109, 0.0], [12.2517, 0.0], [15.6781, 0.1305], [18.2479, 0.9138]], [[3.1148, 0.0], [6.5412, 0.0], [9.1109, 0.0], [12.2517, 0.0], [19.1045, -0.1305], [19.39, 0.6527]], [[3.1148, 0.0], [6.5412, 0.0], [9.1109, 0.0], [12.2517, 0.0], [14.2505, 0.1305], [25.1006, 0.2611]], [[1.9727, 0.0], [6.8267, 0.0], [9.1109, 0.0], [12.2517, 0.0], [10.253, -0.1305], [20.5321, 0.6527]], [[1.9727, 0.0], [6.8267, 0.0], [9.1109, 0.0], [12.2517, 0.0], [15.9636, 0.6527], [69.6432, 0.0]], [[3.1148, 0.0], [6.5412, 0.0], [9.1109, 0.0], [12.2517, 0.0], [-0.026, 0.0], [69.6432, -0.2611]]]",4.0759,0.0,0.0,0.0,0.0,0.0,0.0,True,[3],0.0,0.0,0.0,0.4008,8.0,0.4579,0.5106,0.6356,0.2455,0.2802,0.4008,"[[1.973, 0.0], [6.827, 0.0], [9.111, 0.0], [12.252, 0.0], [14.25, 0.0], [18.248, 0.0]]",ok,11.3448,0.0,0.0,0.0,0.0,0.0,0.0,0.0,0.0,0.0,6a467240b14745cd8ab11701bd4f08d3,scene-0105,42
0.7863,3.3154,6.2239,0.4134,1.534,2.991,0.0,0.0,0.0,0.0,0.0,0.0,0.0,0.0,0.0,ok,straight,0.7863,3.3154,6.7941,0.4134,1.534,2.9909,True,"[-0.0653, -0.0653, -0.0653, -0.0653, -0.0, -5.1567, -0.0, -0.0653]","[-5.0433, -235.5129, -174.81, -784.5387, -1562.1532, -9191.1245, -11556.6539, -1429968.1747]","[1.7161, 1.7156, 1.7155, -1000783.5748, -1001561.1891, -1009190.1603, -1011555.69, -2429967.2108]","[2.991, 1.423, 2.634, 2.87, 2.374, 3.91, 2.371, 13.287]","[[[2.2582, 0.0], [4.2569, 0.0], [5.9701, 0.0], [7.6833, 0.0], [9.1109, 0.0], [10.5386, -0.1305]], [[2.2582, 0.0], [4.2569, 0.0], [5.9701, 0.0], [7.6833, 0.0], [11.9662, 0.1305], [17.1058, 0.1305]], [[2.8293, 0.0], [6.2556, 0.0], [8.2543, 0.0], [9.1109, 0.0], [9.1109, 0.0], [10.5386, -0.1305]], [[2.8293, 0.0], [6.2556, 0.0], [8.2543, 0.0], [9.1109, 0.0], [7.9688, 0.1305], [10.253, 0.1305]], [[2.2582, 0.0], [4.2569, 0.0], [5.9701, 0.0], [7.6833, 0.0], [11.9662, -0.1305], [11.3952, 0.0]], [[2.2582, 0.0], [4.2569, 0.0], [5.9701, 0.0], [7.6833, 0.0], [8.2543, 1.1749], [13.1083, -10.3134]], [[2.8293, 0.0], [6.2556, 0.0], [8.2543, 0.0], [9.1109, 0.0], [7.6833, 0.1305], [21.1032, 0.0]], [[2.8293, 0.0], [6.2556, 0.0], [8.2543, 0.0], [9.1109, 0.0], [69.6432, -0.3916], [-2.8813, 0.1305]]]",3.5768,0.0,0.0,0.0,0.0,0.0,0.0,True,[3],0.0,0.0,0.0,1.4227,8.0,0.7863,3.3154,0.2414,0.4134,1.534,1.4227,"[[2.258, 0.0], [4.257, 0.0], [5.97, 0.0], [7.683, 0.0], [9.111, 0.0], [10.539, -0.131]]",ok,13.2865,0.0,0.0,0.0,0.0,0.0,0.0,0.0,0.0,0.0,aa0a917a785d453cb7803ddd67c2fc9b,scene-0105,42
4.6303,8.8382,14.8131,3.4008,5.6378,8.0928,0.0,0.0,0.0,0.0,0.0,0.0,0.0,0.0,0.0,ok,straight,4.6303,8.8382,14.259,3.4008,5.6378,8.0004,True,"[-0.0653, -0.0653, -0.1958, -0.3264, -0.0653, -0.0653, -0.718, -0.0653]","[-29.3517, -738.317, -31.3246, -858.1461, -749.1555, -1207.3792, -1354.8335, -4170.5123]","[3.4209, 2.8434, 2.8162, 1.5399, -1000747.243, -1001205.4667, -1001352.9218, -1004168.6006]","[8.0, 7.81, 8.388, 7.49, 8.475, 7.236, 6.984, 8.944]","[[[1.1161, 0.0], [1.9727, 0.0], [3.1148, 0.0], [3.9714, 0.0], [5.1135, 0.0], [5.6846, -0.1305]], [[1.1161, 0.0], [1.9727, 0.0], [2.8293, 0.1305], [5.399, 0.0], [5.1135, 0.0], [5.6846, -0.1305]], [[1.1161, 0.0], [1.9727, 0.0], [3.1148, 0.0], [3.9714, 0.0], [4.5424, -0.2611], [3.9714, -0.3916]], [[1.1161, 0.0], [1.9727, 0.0], [2.8293, 0.1305], [5.399, 0.0], [5.399, 0.1305], [7.3977, -0.6527]], [[1.1161, 0.0], [1.9727, 0.0], [3.1148, 0.0], [3.9714, 0.0], [2.8293, 0.0], [5.1135, -0.1305]], [[1.1161, 0.0], [1.9727, 0.0], [3.1148, 0.0], [3.9714, 0.0], [7.6833, 0.1305], [7.6833, 0.1305]], [[1.1161, 0.0], [1.9727, 0.0], [2.8293, 0.1305], [5.399, 0.0], [5.6846, 0.1305], [9.9675, 1.436]], [[1.1161, 0.0], [1.9727, 0.0], [2.8293, 0.1305], [5.399, 0.0], [1.6871, 0.0], [2.2582, 0.1305]]]",0.6246,0.0,0.0,0.0,0.0,0.0,0.0,True,[3],0.0,0.0,0.0,6.9844,8.0,4.6303,7.4138,9.8861,3.4008,5.3519,6.9844,"[[1.116, 0.0], [1.973, 0.0], [3.115, 0.0], [3.971, 0.0], [5.113, 0.0], [5.685, -0.131]]",ok,8.9438,0.0,0.0,0.0,0.0,0.0,0.0,0.0,0.0,0.0,04ebf63518914e0883bdffdb0b6c3f4c,scene-0106,42
0.6749,0.2929,1.9366,0.3801,0.299,0.5711,0.0,0.0,0.0,0.0,0.0,0.0,0.0,0.0,0.0,ok,straight,0.6749,0.2929,1.9366,0.3801,0.299,0.7278,False,"[-0.1305, -0.1305, -0.1958, -0.0653, -0.2611, -0.1958, -4.7651, -0.1958]","[-172.6232, -156.9303, -713.0056, -2223.4182, -8063.0412, -8064.7108, -18351.0167, -1018367.4886]","[3.5588, 3.5217, -1000710.2797, -1002220.6552, -1008060.3153, -1008061.9477, -1018348.2536, -2018364.7627]","[1.155, 0.728, 0.571, 2.248, 2.835, 1.842, 2.955, 9.411]","[[[3.1148, 0.0], [5.6846, 0.0], [8.2543, 0.0], [10.5386, -0.1305], [14.2505, -0.2611], [16.8202, -0.2611]], [[3.1148, 0.0], [5.6846, 0.0], [9.3964, -0.1305], [12.2517, -0.1305], [14.2505, -0.2611], [16.8202, -0.2611]], [[3.1148, 0.0], [5.6846, 0.0], [9.3964, -0.1305], [12.2517, -0.1305], [13.6794, 0.0], [18.5334, -0.3916]], [[3.1148, 0.0], [5.6846, 0.0], [8.2543, 0.0], [10.5386, -0.1305], [13.9649, -0.1305], [10.5386, -0.1305]], [[3.1148, 0.0], [5.6846, 0.0], [9.3964, -0.1305], [12.2517, -0.1305], [23.1019, 0.2611], [26.8138, -0.5222]], [[3.1148, 0.0], [5.6846, 0.0], [8.2543, 0.0], [10.5386, -0.1305], [17.3913, -0.9138], [13.3939, -0.3916]], [[3.1148, 0.0], [5.6846, 0.0], [8.2543, 0.0], [10.5386, -0.1305], [20.5321, 0.3916], [18.8189, -9.5301]], [[3.1148, 0.0], [5.6846, 0.0], [9.3964, -0.1305], [12.2517, -0.1305], [69.6432, 0.0], [17.6768, -0.3916]]]",2.6663,0.0,0.0,0.0,0.0,0.0,0.0,True,[3],0.0,0.0,0.0,0.5713,8.0,0.6749,0.2929,0.3777,0.3801,0.299,0.5713,"[[3.115, 0.0], [5.685, 0.0], [9.396, -0.131], [12.252, -0.131], [14.25, -0.261], [16.82, -0.261]]",ok,9.4115,0.0,0.0,0.0,0.0,0.0,0.0,0.0,0.0,0.0,66317c99b4524905bfb5cd70dac8932a,scene-0106,42
1.9747,4.3585,5.1557,1.4055,2.6437,3.6613,0.0,0.0,0.0,0.0,0.0,0.0,0.0,0.0,0.0,ok,straight,2.2602,4.0664,5.7073,1.4054,2.5689,3.5135,True,"[-0.0653, -0.0653, -0.1958, -0.1958, -0.0653, -0.0653, -0.4569, -0.8486]","[-62.1117, -332.4548, -357.5513, -2204.9092, -3137.2456, -4030.8041, -4275.5984, -71455.2282]","[4.5498, 4.538, 4.0359, -1002201.5493, -1003133.8857, -1004027.4441, -1004272.2385, -1071451.8311]","[3.516, 4.326, 2.993, 2.52, 2.573, 2.713, 2.455, 4.456]","[[[3.4003, 0.0], [5.6846, 0.0], [8.5399, 0.1305], [11.3952, 0.0], [14.2505, -0.1305], [17.3913, -0.1305]], [[3.4003, 0.0], [5.6846, 0.0], [8.5399, 0.1305], [11.3952, 0.0], [13.3939, 0.9138], [13.3939, 0.1305]], [[3.4003, 0.0], [5.6846, 0.0], [8.5399, 0.1305], [11.3952, 0.0], [15.9636, -0.2611], [18.8189, 0.3916]], [[3.4003, 0.0], [5.6846, 0.0], [9.682, 0.0], [15.107, 0.0], [15.3926, -0.1305], [17.3913, 0.3916]], [[3.4003, 0.0], [5.6846, 0.0], [9.682, 0.0], [15.107, 0.0], [14.8215, -0.2611], [17.6768, -0.1305]], [[3.4003, 0.0], [5.6846, 0.0], [9.682, 0.0], [15.107, 0.0], [14.2505, -0.1305], [17.3913, -0.1305]], [[3.4003, 0.0], [5.6846, 0.0], [9.682, 0.0], [15.107, 0.0], [14.536, -0.1305], [18.8189, -0.9138]], [[3.4003, 0.0], [5.6846, 0.0], [8.5399, 0.1305], [11.3952, 0.0], [28.8125, -0.1305], [16.2492, 1.6971]]]",0.7611,0.0,0.0,0.0,0.0,0.0,0.0,True,[3],0.0,0.0,0.0,2.4553,8.0,2.2602,0.3864,4.4637,1.4054,1.3638,2.4553,"[[3.4, 0.0], [5.685, 0.0], [8.54, 0.131], [11.395, 0.0], [14.25, -0.131], [17.391, 0.131]]",ok,4.4558,0.0,0.0,0.0,0.0,0.0,0.0,0.0,0.0,0.0,94d3fc9d266743588dca2efc73d9fbce,scene-0106,42
0.3286,0.905,1.49,0.2992,0.5008,0.8198,0.0,0.0,0.0,0.0,0.0,0.0,0.0,0.0,0.0,ok,straight,0.3286,0.905,1.49,0.2992,0.516,0.8386,False,"[-0.6527, -0.6527, -0.718, -0.9138, -5.2873, -1.8277, -1.7624, -1.0444]","[-195.5152, -34.9211, -29.0457, -699.1761, -1808.3314, -11263.4528, -39722.839, -159219.7687]","[3.6194, 3.549, 3.5044, 3.4306, -1001805.9509, -1011260.9989, -1039720.3851, -1159217.3883]","[0.73, 0.839, 0.94, 0.833, 3.028, 4.103, 2.602, 10.211]","[[[2.2582, -0.1305], [4.5424, -0.2611], [6.8267, -0.1305], [7.9688, -0.3916], [9.9675, -1.436], [11.6807, -1.3055]], [[2.2582, -0.1305], [4.5424, -0.2611], [6.5412, -0.5222], [8.5399, -0.9138], [9.9675, -1.436], [11.6807, -1.3055]], [[2.2582, -0.1305], [4.5424, -0.2611], [6.5412, -0.5222], [8.5399, -0.9138], [10.253, -1.436], [10.8241, -1.436]], [[2.2582, -0.1305], [4.5424, -0.2611], [6.8267, -0.1305], [7.9688, -0.3916], [11.6807, -0.5222], [13.6794, -1.8277]], [[2.2582, -0.1305], [4.5424, -0.2611], [6.5412, -0.5222], [8.5399, -0.9138], [13.6794, -3.0026], [17.3913, -10.5745]], [[2.2582, -0.1305], [4.5424, -0.2611], [6.8267, -0.1305], [7.9688, -0.3916], [12.5373, -1.3055], [32.8099, -3.6554]], [[2.2582, -0.1305], [4.5424, -0.2611], [6.8267, -0.1305], [7.9688, -0.3916], [10.253, -10.1829], [10.5386, 3.5248]], [[2.2582, -0.1305], [4.5424, -0.2611], [6.5412, -0.5222], [8.5399, -0.9138], [11.9662, -1.1749], [69.6432, -2.0888]]]",3.0016,0.0,0.0,0.0,0.0,0.0,0.0,True,[3],0.0,0.0,0.0,0.7303,8.0,0.3286,0.7041,1.49,0.2992,0.3535,0.7303,"[[2.258, -0.131], [4.542, -0.261], [6.541, -0.522], [8.54, -0.914], [9.968, -1.436], [11.681, -1.305]]",ok,10.2113,0.0,0.0,0.0,0.0,0.0,0.0,0.0,0.0,0.0,b988f7f03263462d94d39a722dc820ca,scene-0106,42
0.1842,0.22,2.471,0.3161,0.26,0.6981,0.0,0.0,0.0,0.0,0.0,0.0,0.0,0.0,0.0,ok,straight,2.7472,0.3479,2.471,2.0274,1.1742,1.3076,False,"[-0.2611, -0.6527, -0.2611, -2.0235, -0.0653, -0.1305, -8.2899, -0.4569]","[-731.0626, -1267.7751, -729.4362, -1263.8935, -1534.9741, -7883.8449, -18034.0314, -329808.2383]","[2.8589, 2.7048, 1.9235, -1001261.9253, -1001533.006, -1007882.8121, -1018032.9986, -1329807.2056]","[1.308, 1.172, 1.268, 1.58, 1.249, 4.425, 3.82, 6.24]","[[[3.6858, -0.1305], [7.1122, -0.1305], [7.6833, 0.0], [10.253, -0.1305], [12.5373, -0.3916], [13.6794, -0.5222]], [[3.6858, -0.1305], [7.1122, -0.1305], [7.6833, 0.0], [10.253, -0.1305], [11.3952, -0.9138], [15.3926, -1.3055]], [[3.6858, -0.1305], [7.1122, -0.1305], [7.6833, -0.2611], [10.253, -0.2611], [12.5373, -0.3916], [13.6794, -0.5222]], [[3.6858, -0.1305], [7.1122, -0.1305], [7.6833, 0.0], [10.253, -0.1305], [12.8228, -0.6527], [12.5373, -4.047]], [[3.6858, -0.1305], [7.1122, -0.1305], [7.6833, 0.0], [10.253, -0.1305], [14.536, -1.1749], [15.3926, -0.1305]], [[3.6858, -0.1305], [7.1122, -0.1305], [7.6833, -0.2611], [10.253, -0.2611], [9.9675, -0.7833], [-2.8813, 0.2611]], [[3.6858, -0.1305], [7.1122, -0.1305], [7.6833, -0.2611], [10.253, -0.2611], [12.5373, -0.7833], [17.9623, 16.5798]], [[3.6858, -0.1305], [7.1122, -0.1305], [7.6833, -0.2611], [10.253, -0.2611], [43.66, -0.7833], [13.6794, -0.9138]]]",1.8168,0.0,0.0,0.0,0.0,0.0,0.0,True,[3],0.0,0.0,0.0,1.1717,8.0,2.7472,0.3479,0.6546,2.0274,1.1742,1.1717,"[[3.686, -0.131], [7.112, -0.131], [7.683, 0.0], [10.253, -0.131], [12.537, -0.392], [13.679, -0.522]]",ok,6.2397,0.0,0.0,0.0,0.0,0.0,0.0,0.0,0.0,0.0,ad8905836f364a87a7233eb0aef915ea,scene-0107,42
3.1507,7.1882,12.1058,2.3356,4.2795,6.4808,0.0,0.0,0.0,0.0,0.0,0.0,0.0,0.0,0.0,ok,right,3.1507,8.2592,12.5104,2.3356,4.745,6.9908,False,"[-2.2846, -2.2846, -1.5666, -3.5248, 3.1985, 1.9582, -8.2899, -8.2899]","[-273.6109, -278.3681, -960.4213, -3151.7437, -3919.0078, -10899.1778, -67653.1103, -101562.908]","[3.8523, 3.8359, -1000957.3163, -1003148.6387, -1003915.9027, -1010896.0565, -1067649.989, -1101559.7867]","[6.634, 6.991, 6.176, 5.914, 5.095, 5.053, 6.858, 7.233]","[[[2.2582, 0.1305], [4.5424, -0.5222], [6.8267, 0.6527], [9.1109, 1.6971], [10.5386, 3.0026], [12.8228, 4.5692]], [[2.2582, 0.1305], [4.5424, -0.5222], [5.6846, 0.3916], [7.9688, 1.6971], [10.5386, 3.0026], [12.8228, 4.5692]], [[2.2582, 0.1305], [4.5424, -0.5222], [5.6846, 0.3916], [7.9688, 1.6971], [10.5386, 2.0888], [17.3913, 3.1332]], [[2.2582, 0.1305], [4.5424, -0.5222], [5.6846, 0.3916], [7.9688, 1.6971], [15.107, 2.3499], [18.8189, 7.0497]], [[2.2582, 0.1305], [4.5424, -0.5222], [5.6846, 0.3916], [7.9688, 1.6971], [14.8215, -2.3499], [18.5334, -6.3969]], [[2.2582, 0.1305], [4.5424, -0.5222], [6.8267, 0.6527], [9.1109, 1.6971], [9.3964, 2.3499], [21.9598, -3.9165]], [[2.2582, 0.1305], [4.5424, -0.5222], [6.8267, 0.6527], [9.1109, 1.6971], [18.8189, -4.9609], [14.536, 16.5798]], [[2.2582, 0.1305], [4.5424, -0.5222], [6.8267, 0.6527], [9.1109, 1.6971], [22.8163, -5.3525], [12.2517, 16.5798]]]",0.784,0.0,0.0,0.0,0.0,0.0,0.0,True,[3],0.0,0.0,0.0,5.0531,8.0,3.1507,7.1882,2.2291,2.3356,4.2101,5.0531,"[[2.258, 0.131], [4.542, -0.522], [5.685, 0.392], [7.969, 1.697], [10.539, 3.003], [12.823, 4.569]]",ok,7.2327,0.0,0.0,0.0,0.0,0.0,0.0,0.0,0.0,0.0,84c24cd1d7914f72bb2fa17a6c5c41e5,scene-0107,42
1.0141,1.1436,0.5939,0.7411,0.9269,1.0668,0.0,0.0,0.0,0.0,0.0,0.0,0.0,0.0,0.0,ok,straight,1.0141,0.8596,2.5893,0.7411,1.085,1.5048,False,"[-0.1305, -0.1305, -0.1958, -0.3264, -0.0, -0.0653, -0.0, -0.1958]","[-158.7303, -816.852, -424.8987, -546.5673, -1245.2996, -33016.0176, -94258.9305, -359918.7327]","[2.502, 2.4851, 1.856, 0.6013, -1001243.3316, -1033014.0384, -1094256.9625, -1359916.7535]","[1.304, 1.505, 1.25, 0.637, 1.136, 4.01, 8.357, 15.96]","[[[4.2569, 0.0], [9.3964, -0.1305], [13.3939, -0.1305], [18.2479, -0.1305], [23.3874, -0.1305], [27.9559, -0.2611]], [[4.2569, 0.0], [9.3964, -0.1305], [14.8215, -0.6527], [17.9623, -0.1305], [23.3874, -0.1305], [27.9559, -0.2611]], [[4.2569, 0.0], [9.3964, -0.1305], [14.8215, -0.6527], [17.9623, -0.1305], [20.2466, -0.3916], [23.3874, 0.3916]], [[4.2569, 0.0], [9.3964, -0.1305], [13.3939, -0.1305], [18.2479, -0.1305], [21.1032, -0.1305], [25.6716, -0.6527]], [[4.2569, 0.0], [9.3964, -0.1305], [14.8215, -0.6527], [17.9623, -0.1305], [23.1019, 0.0], [24.8151, 0.0]], [[4.2569, 0.0], [9.3964, -0.1305], [13.3939, -0.1305], [18.2479, -0.1305], [26.2427, -0.3916], [9.3964, -0.1305]], [[4.2569, 0.0], [9.3964, -0.1305], [14.8215, -0.6527], [17.9623, -0.1305], [22.8163, -0.2611], [69.6432, 0.0]], [[4.2569, 0.0], [9.3964, -0.1305], [13.3939, -0.1305], [18.2479, -0.1305], [69.6432, -0.1305], [69.6432, -0.3916]]]",5.0252,0.0,0.0,0.0,0.0,0.0,0.0,True,[3],0.0,0.0,0.0,0.6368,8.0,1.0141,1.1436,0.4413,0.7411,0.7843,0.6368,"[[4.257, 0.0], [9.396, -0.131], [14.822, -0.653], [17.962, -0.131], [23.387, -0.131], [27.956, -0.261]]",ok,15.9605,0.0,0.0,0.0,0.0,0.0,0.0,0.0,0.0,0.0,2d4012e701194ca6a79709cfbfb6bb93,scene-0107,42
0.1629,0.5453,1.1661,0.1109,0.2351,0.4797,0.0,0.0,0.0,0.0,0.0,0.0,0.0,0.0,0.0,ok,straight,1.011,0.5745,1.1661,0.6718,0.5924,0.7179,False,"[-0.0653, -0.0653, -1.0444, -0.0653, -0.1305, -0.2611, -0.1958, -0.1305]","[-35.2453, -109.3347, -533.5101, -2120.7081, -19153.5978, -22665.3351, -90515.6668, -910733.5406]","[3.8832, 1.4405, -1000533.0913, -1002117.8467, -1019153.1789, -1022662.4738, -1090512.8055, -1910733.1217]","[0.48, 0.718, 0.969, 0.858, 2.526, 1.647, 3.885, 8.988]","[[[3.6858, 0.0], [7.3977, 0.0], [11.1096, -0.1305], [14.2505, -0.1305], [17.9623, -0.1305], [21.6742, -0.1305]], [[3.9714, 0.0], [8.2543, -0.1305], [11.3952, -0.1305], [14.2505, 0.1305], [17.9623, -0.1305], [21.6742, -0.1305]], [[3.9714, 0.0], [8.2543, -0.1305], [11.3952, -0.1305], [14.2505, 0.1305], [17.3913, -0.1305], [23.1019, 2.0888]], [[3.6858, 0.0], [7.3977, 0.0], [11.1096, -0.1305], [14.2505, -0.1305], [15.9636, -0.3916], [24.244, -0.1305]], [[3.9714, 0.0], [8.2543, -0.1305], [11.3952, -0.1305], [14.2505, 0.1305], [9.1109, -0.1305], [19.6755, -0.2611]], [[3.6858, 0.0], [7.3977, 0.0], [11.1096, -0.1305], [14.2505, -0.1305], [24.8151, -4.6998], [21.6742, 0.5222]], [[3.6858, 0.0], [7.3977, 0.0], [11.1096, -0.1305], [14.2505, -0.1305], [17.9623, 16.5798], [17.1058, 0.3916]], [[3.9714, 0.0], [8.2543, -0.1305], [11.3952, -0.1305], [14.2505, 0.1305], [69.6432, -0.2611], [22.2453, 0.2611]]]",2.6702,0.0,0.0,0.0,0.0,0.0,0.0,True,[3],0.0,0.0,0.0,0.4797,8.0,0.1629,0.5453,1.1661,0.1109,0.2351,0.4797,"[[3.971, 0.0], [8.254, -0.131], [11.395, -0.131], [14.25, 0.131], [17.962, -0.131], [21.674, -0.131]]",ok,8.9878,0.0,0.0,0.0,0.0,0.0,0.0,0.0,0.0,0.0,5d6dc0be4bc645b396e714c7ba65e48a,scene-0107,42
0.3427,1.3457,3.677,0.2339,0.6152,1.4116,0.0,0.0,0.0,0.0,0.0,0.0,0.0,0.0,0.0,ok,straight,0.3427,1.3457,3.677,0.2339,0.6152,1.4116,False,"[-0.0, -0.0, -0.0, -0.1305, -0.0653, -0.1305, -0.0]","[-13.553, -2638.2443, -2790.6479, -3292.2382, -4915.4423, -10539.1205, -1511566.2883]","[3.7129, -1002635.7584, -1002788.1636, -1003289.7522, -1004912.9581, -1010536.6362, -2511563.804]","[1.412, 1.316, 1.556, 1.713, 0.987, 2.371, 12.202]","[[[0.2595, 0.0], [-0.026, 0.0], [-0.026, 0.0], [-0.026, 0.0], [-0.026, 0.0], [-0.026, 0.0]], [[0.2595, 0.0], [-0.026, 0.0], [-0.026, 0.0], [-0.026, 0.0], [5.1135, -0.1305], [6.2556, 0.0]], [[0.2595, 0.0], [-0.026, 0.0], [1.4016, 0.0], [3.4003, 0.0], [-0.026, 0.0], [-0.026, 0.0]], [[0.2595, 0.0], [-0.026, 0.0], [-0.026, 0.0], [-0.026, 0.0], [0.2595, 0.0], [9.3964, -0.2611]], [[0.2595, 0.0], [-0.026, 0.0], [1.4016, 0.0], [3.4003, 0.0], [-0.026, 0.0], [3.4003, 0.1305]], [[0.2595, 0.0], [-0.026, 0.0], [1.4016, 0.0], [3.4003, 0.0], [10.8241, -0.1305], [5.9701, -0.2611]], [[0.2595, 0.0], [-0.026, 0.0], [1.4016, 0.0], [3.4003, 0.0], [69.6432, -0.6527], [1.1161, 0.0]]]",3.745,0.0,0.0,0.0,0.0,0.0,0.0,True,[3],0.0,0.0,0.0,0.9865,7.0,0.3427,2.0808,0.258,0.2339,0.8323,0.9865,"[[0.259, 0.0], [-0.026, 0.0], [-0.026, 0.0], [-0.026, 0.0], [-0.026, 0.0], [-0.026, 0.0]]",ok,12.2017,0.0,0.0,0.0,0.0,0.0,0.0,0.0,0.0,0.0,339ead96177c4e338fde8235c188cfaa,scene-0108,42
2.9195,6.548,9.4126,2.1089,3.8944,5.4955,0.0,0.0,0.0,0.0,0.0,0.0,0.0,0.0,0.0,ok,straight,2.9195,6.548,9.4126,2.1089,3.8944,5.4955,False,"[-0.0653, -0.0653, -0.3916, -0.6527, -0.9138, -0.1305, -0.3916, -0.2611]","[-4.725, -23.4639, -1362.7859, -1385.3593, -4096.9868, -4479.436, -4636.9095, -253660.4344]","[3.9688, 3.9622, -1001360.2686, -1001382.842, -1004094.4759, -1004476.9187, -1004634.3985, -1253657.9234]","[5.495, 5.543, 6.176, 4.536, 6.881, 5.452, 5.674, 10.546]","[[[1.9727, 0.0], [3.9714, -0.1305], [5.9701, -0.1305], [7.6833, -0.1305], [9.1109, -0.1305], [10.5386, -0.1305]], [[1.9727, 0.0], [4.2569, -0.1305], [5.9701, -0.1305], [7.6833, -0.1305], [9.1109, -0.1305], [10.5386, -0.1305]], [[1.9727, 0.0], [3.9714, -0.1305], [5.9701, -0.1305], [7.6833, -0.1305], [10.253, -2.611], [13.1083, -0.7833]], [[1.9727, 0.0], [3.9714, -0.1305], [5.9701, -0.1305], [7.6833, -0.1305], [9.1109, -0.6527], [4.5424, -1.3055]], [[1.9727, 0.0], [4.2569, -0.1305], [5.9701, -0.1305], [7.6833, -0.1305], [9.3964, -1.9582], [17.9623, 1.8277]], [[1.9727, 0.0], [3.9714, -0.1305], [5.9701, -0.1305], [7.6833, -0.1305], [11.9662, 0.5222], [7.3977, 0.2611]], [[1.9727, 0.0], [4.2569, -0.1305], [5.9701, -0.1305], [7.6833, -0.1305], [10.5386, -3.9165], [9.1109, -0.7833]], [[1.9727, 0.0], [4.2569, -0.1305], [5.9701, -0.1305], [7.6833, -0.1305], [37.3784, -1.436], [12.2517, -0.5222]]]",1.7256,0.0,0.0,0.0,0.0,0.0,0.0,True,[3],0.0,0.0,0.0,4.5358,8.0,2.9195,6.548,3.6333,2.1089,3.8944,4.5358,"[[1.973, 0.0], [3.971, -0.131], [5.97, -0.131], [7.683, -0.131], [9.111, -0.131], [10.539, -0.131]]",ok,10.5456,0.0,0.0,0.0,0.0,0.0,0.0,0.0,0.0,0.0,3c61eda50f694585bac0614e4660eca1,scene-0108,42
1.1444,2.3369,1.8143,0.8068,1.3582,1.573,0.0,0.0,0.0,0.0,0.0,0.0,0.0,0.0,0.0,ok,right,1.1444,2.3369,1.8143,0.8068,1.3582,1.5378,True,"[2.611, 1.8277, 1.8277, 1.3055, 5.2873, 0.0653, -0.0, 1.5013]","[-157.745, -128.8166, -1409.6697, -3189.8596, -3225.108, -3905.7788, -6087.5918, -148327.4969]","[1.9533, 1.4509, -1001408.3376, -1003188.5275, -1003224.1014, -1003904.7722, -1006086.2597, -1148326.1647]","[1.827, 1.538, 1.481, 1.573, 3.34, 2.04, 3.238, 4.678]","[[[1.1161, 0.0], [2.8293, -0.2611], [4.5424, -0.9138], [6.5412, -2.0888], [8.5399, -3.5248], [8.2543, -5.222]], [[1.1161, 0.0], [2.8293, -0.2611], [4.5424, -0.9138], [6.5412, -2.0888], [7.3977, -3.1332], [9.1109, -3.6554]], [[1.1161, 0.0], [2.8293, -0.2611], [3.4003, -0.9138], [5.1135, -3.7859], [7.3977, -3.1332], [9.1109, -3.6554]], [[1.1161, 0.0], [2.8293, -0.2611], [3.4003, -0.9138], [5.1135, -3.7859], [9.1109, -2.4804], [8.5399, -2.611]], [[1.1161, 0.0], [2.8293, -0.2611], [4.5424, -0.9138], [6.5412, -2.0888], [7.1122, -8.6163], [7.1122, -10.5745]], [[1.1161, 0.0], [2.8293, -0.2611], [4.5424, -0.9138], [6.5412, -2.0888], [7.6833, -5.3525], [7.3977, -0.1305]], [[1.1161, 0.0], [2.8293, -0.2611], [3.4003, -0.9138], [5.1135, -3.7859], [12.5373, -4.6998], [13.9649, 0.0]], [[1.1161, 0.0], [2.8293, -0.2611], [3.4003, -0.9138], [5.1135, -3.7859], [9.9675, 16.5798], [11.6807, -3.0026]]]",1.0882,0.0,0.0,0.0,0.0,0.0,0.0,True,[3],0.0,0.0,0.0,1.4807,8.0,1.1444,2.9283,1.8143,0.8068,1.2724,1.4807,"[[1.116, 0.0], [2.829, -0.261], [4.542, -0.914], [6.541, -2.089], [7.398, -3.133], [9.111, -3.655]]",ok,4.678,0.0,0.0,1.0,0.0,0.0,1.0,0.0,0.0,0.16666666666666666,ccd733959138440885578f1afeaaa4a7,scene-0108,42
0.7917,0.0527,0.5352,0.4763,0.4866,0.4424,0.0,0.0,0.0,0.0,0.0,0.0,0.0,0.0,0.0,ok,straight,2.2126,0.0527,0.8205,1.6147,1.0558,0.8694,False,"[-0.1305, -0.1305, -0.0653, -0.0653, -0.2611, -1.0444, -0.4569, -0.1305]","[-267.9961, -93.6831, -716.4061, -1313.2552, -17275.0928, -20033.152, -908083.932, -967155.4257]","[4.158, 1.8496, -1000713.3388, -1001310.1879, -1017274.3343, -1020030.0847, -1908083.1735, -1967154.6672]","[0.869, 0.49, 1.148, 1.345, 3.648, 2.987, 9.018, 9.67]","[[[4.5424, 0.0], [8.8254, 0.0], [11.1096, -0.1305], [14.2505, -0.1305], [18.2479, -0.2611], [21.3887, -0.2611]], [[3.6858, 0.0], [7.3977, -0.1305], [11.1096, -0.1305], [14.2505, -0.1305], [18.2479, -0.2611], [21.3887, -0.2611]], [[4.5424, 0.0], [8.8254, 0.0], [11.1096, -0.1305], [14.2505, -0.1305], [17.3913, -0.6527], [23.9585, 0.1305]], [[4.5424, 0.0], [8.8254, 0.0], [11.1096, -0.1305], [14.2505, -0.1305], [19.1045, -0.3916], [19.39, -0.1305]], [[3.6858, 0.0], [7.3977, -0.1305], [11.1096, -0.1305], [14.2505, -0.1305], [18.5334, -0.3916], [41.6613, -0.5222]], [[4.5424, 0.0], [8.8254, 0.0], [11.1096, -0.1305], [14.2505, -0.1305], [27.3848, -0.2611], [26.2427, -2.0888]], [[3.6858, 0.0], [7.3977, -0.1305], [11.1096, -0.1305], [14.2505, -0.1305], [69.6432, -0.1305], [22.2453, -0.9138]], [[3.6858, 0.0], [7.3977, -0.1305], [11.1096, -0.1305], [14.2505, -0.1305], [69.6432, -1.0444], [17.6768, -0.2611]]]",3.4423,0.0,0.0,0.0,0.0,0.0,0.0,True,[3],0.0,0.0,0.0,0.4899,8.0,0.7917,0.0527,0.8205,0.4763,0.4866,0.4899,"[[4.542, 0.0], [8.825, 0.0], [11.11, -0.131], [14.25, -0.131], [18.248, -0.261], [21.389, -0.261]]",ok,9.6703,0.0,0.0,0.0,0.0,0.0,0.0,0.0,0.0,0.0,0141260a339d4b37addb55818bbae718,scene-0108,42
1.2078,1.0661,2.1598,0.8186,0.9902,1.4303,0.0,0.0,0.0,0.0,0.0,0.0,0.0,0.0,0.0,ok,straight,1.2078,1.0661,2.2916,0.8186,0.9902,1.4523,False,"[-0.1305, -0.1305, -0.0653, -0.1305, -0.1305, -0.0653, -0.0653, -0.1958]","[-298.068, -468.4137, -1753.6444, -1874.1712, -1954.983, -2852.2521, -9134.0288, -191522.6541]","[0.3292, -1000468.1213, -1001752.2767, -1001872.8035, -1001953.6153, -1002850.8843, -1009133.7364, -1191522.3617]","[1.43, 1.212, 2.322, 1.998, 2.233, 1.834, 2.253, 9.527]","[[[3.6858, 0.0], [6.8267, -0.1305], [10.5386, -0.1305], [14.2505, -0.1305], [16.2492, -0.2611], [19.9611, -0.2611]], [[3.6858, 0.0], [6.8267, -0.1305], [10.5386, -0.1305], [14.2505, -0.1305], [17.6768, -0.7833], [24.244, -0.2611]], [[3.6858, 0.0], [6.8267, -0.1305], [10.253, -0.1305], [11.1096, 0.0], [15.107, -0.1305], [24.8151, 0.1305]], [[3.6858, 0.0], [6.8267, -0.1305], [10.253, -0.1305], [11.1096, 0.0], [16.2492, -0.2611], [19.9611, -0.2611]], [[3.6858, 0.0], [6.8267, -0.1305], [10.253, -0.1305], [11.1096, 0.0], [13.6794, 0.0], [22.8163, -0.2611]], [[3.6858, 0.0], [6.8267, -0.1305], [10.253, -0.1305], [11.1096, 0.0], [17.9623, -0.3916], [24.8151, -0.1305]], [[3.6858, 0.0], [6.8267, -0.1305], [10.5386, -0.1305], [14.2505, -0.1305], [14.8215, -0.9138], [27.6704, -0.1305]], [[3.6858, 0.0], [6.8267, -0.1305], [10.5386, -0.1305], [14.2505, -0.1305], [13.1083, -0.5222], [69.6432, 0.3916]]]",2.5509,0.0,0.0,0.0,0.0,0.0,0.0,False,[3],0.0,0.0,0.0,1.2121,8.0,1.2078,1.0661,2.2916,0.8186,0.9902,1.2121,"[[3.686, 0.0], [6.827, -0.131], [10.539, -0.131], [14.25, -0.131], [16.249, -0.261], [24.244, -0.261]]",ok,9.5272,0.0,0.0,0.0,0.0,0.0,0.0,0.0,0.0,0.0,4d0d06979c984a72bfb9e6c5e3a35f84,scene-0109,42
1.0945,2.623,3.0089,0.962,1.7399,2.2326,0.0,0.0,0.0,0.0,0.0,0.0,0.0,0.0,0.0,ok,right,1.3787,2.6136,4.6604,0.8214,1.6672,2.4536,False,"[0.8486, 2.4804, 1.0444, 0.718, 1.5013, 0.8486, -0.0653, 1.0444]","[-99.401, -1036.0128, -1400.5231, -1926.1526, -2281.5499, -3146.6261, -5603.475, -115437.8223]","[1.2275, -1001034.9188, -1001397.9741, -1001923.6037, -1002280.456, -1003144.0772, -1005602.3811, -1115435.2734]","[2.188, 3.643, 2.673, 2.832, 2.822, 2.645, 2.139, 5.267]","[[[2.5437, -0.1305], [5.6846, -0.1305], [8.5399, -0.5222], [11.1096, -0.9138], [14.2505, -1.0444], [16.2492, -1.6971]], [[2.5437, -0.1305], [5.6846, -0.1305], [8.5399, -0.5222], [11.1096, -0.9138], [17.1058, -3.1332], [21.6742, -4.9609]], [[3.1148, -0.5222], [7.6833, -0.2611], [9.9675, -0.2611], [9.682, -1.436], [12.8228, -1.6971], [17.9623, -2.0888]], [[3.1148, -0.5222], [7.6833, -0.2611], [9.9675, -0.2611], [9.682, -1.436], [12.8228, -0.5222], [18.5334, -1.436]], [[2.5437, -0.1305], [5.6846, -0.1305], [8.5399, -0.5222], [11.1096, -0.9138], [13.1083, -0.1305], [20.8176, -3.0026]], [[3.1148, -0.5222], [7.6833, -0.2611], [9.9675, -0.2611], [9.682, -1.436], [14.2505, -1.0444], [16.2492, -1.6971]], [[2.5437, -0.1305], [5.6846, -0.1305], [8.5399, -0.5222], [11.1096, -0.9138], [9.682, -0.9138], [17.3913, 0.1305]], [[3.1148, -0.5222], [7.6833, -0.2611], [9.9675, -0.2611], [9.682, -1.436], [13.1083, 16.5798], [17.1058, -2.0888]]]",0.9514,0.0,0.0,0.0,0.0,0.0,0.0,True,[3],0.0,0.0,0.0,2.1387,8.0,1.3787,2.6136,4.769,0.8214,1.6672,2.1387,"[[2.544, -0.131], [5.685, -0.131], [8.54, -0.522], [11.11, -0.914], [14.25, -1.697], [17.962, -2.089]]",ok,5.267,0.0,0.0,0.0,0.0,0.0,0.0,0.0,0.0,0.0,fe6cb26795a641bb96d5fada8f535b1c,scene-0109,42
0.843,2.2486,3.9049,0.5302,1.1823,1.9531,0.0,0.0,0.0,0.0,0.0,0.0,0.0,0.0,0.0,ok,left,0.7797,2.167,3.9049,0.6526,1.2231,1.9803,False,"[-0.0653, -0.0653, 0.5875, 3.2637, -0.1958, 0.5222, 8.2899, 8.2899]","[-23.4757, -455.7403, -2138.2912, -2590.4494, -5034.8952, -5182.6694, -15100.0402, -17199.0844]","[1.375, 1.3047, -1002137.1172, -1002589.2754, -1005033.7212, -1005181.4954, -1015098.8662, -1017197.9104]","[1.98, 2.271, 2.197, 1.897, 2.264, 2.079, 4.084, 4.001]","[[[2.5437, -0.1305], [5.399, 0.0], [8.5399, 0.0], [11.1096, 0.0], [13.6794, -0.1305], [16.2492, -0.1305]], [[2.5437, -0.1305], [5.399, 0.0], [7.9688, 0.0], [9.682, 0.0], [13.6794, -0.1305], [16.2492, -0.1305]], [[2.5437, -0.1305], [5.399, 0.0], [8.5399, 0.0], [11.1096, 0.0], [14.536, -1.3055], [23.6729, 1.1749]], [[2.5437, -0.1305], [5.399, 0.0], [8.5399, 0.0], [11.1096, 0.0], [17.9623, 1.436], [21.1032, 6.5275]], [[2.5437, -0.1305], [5.399, 0.0], [8.5399, 0.0], [11.1096, 0.0], [17.1058, -2.3499], [15.9636, -0.3916]], [[2.5437, -0.1305], [5.399, 0.0], [7.9688, 0.0], [9.682, 0.0], [16.5347, -0.6527], [16.2492, 1.0444]], [[2.5437, -0.1305], [5.399, 0.0], [7.9688, 0.0], [9.682, 0.0], [13.6794, 0.0], [14.2505, 16.5798]], [[2.5437, -0.1305], [5.399, 0.0], [7.9688, 0.0], [9.682, 0.0], [13.9649, -0.6527], [17.9623, 16.5798]]]",0.8439,0.0,0.0,0.0,0.0,0.0,0.0,True,[3],0.0,0.0,0.0,1.8972,8.0,0.7797,2.167,4.4684,0.6526,1.2231,1.8972,"[[2.544, -0.131], [5.399, 0.0], [8.54, 0.0], [11.11, 0.0], [13.679, -0.131], [16.249, -0.131]]",ok,4.0842,0.0,0.0,0.0,0.0,0.0,0.0,0.0,0.0,0.0,c42868f6a88b4f0db5e64d3b206977df,scene-0109,42
1.0272,1.478,0.7611,0.6203,1.1922,1.3525,0.0,0.0,0.0,0.0,0.0,0.0,0.0,0.0,0.0,ok,straight,0.1149,0.9387,0.9979,0.1641,0.454,0.7585,True,"[-0.6527, -0.6527, -0.6527, -0.7833, -0.0653, -0.3264, -0.4569, -0.3264]","[-327.5445, -817.6798, -352.0707, -470.0321, -5232.1369, -6068.8148, -8726.8344, -12365.1748]","[1.2377, 1.1232, 0.5478, -0.0632, -1005231.0961, -1006068.4581, -1008726.4777, -1012364.134]","[1.151, 0.758, 1.441, 1.346, 1.84, 2.824, 2.365, 3.223]","[[[3.6858, -0.1305], [6.2556, -0.2611], [9.3964, -0.3916], [13.1083, -0.1305], [19.1045, -0.6527], [24.5295, -1.3055]], [[3.6858, -0.1305], [6.2556, -0.2611], [9.3964, -0.3916], [13.1083, -0.1305], [19.1045, -1.0444], [22.2453, -1.3055]], [[3.6858, -0.1305], [7.3977, -0.2611], [12.5373, -0.3916], [15.6781, -0.7833], [19.1045, -1.0444], [22.2453, -1.3055]], [[3.6858, -0.1305], [7.3977, -0.2611], [12.5373, -0.3916], [15.6781, -0.7833], [19.39, -1.3055], [21.3887, -1.5666]], [[3.6858, -0.1305], [6.2556, -0.2611], [9.3964, -0.3916], [13.1083, -0.1305], [22.5308, -1.0444], [25.1006, -0.1305]], [[3.6858, -0.1305], [7.3977, -0.2611], [12.5373, -0.3916], [15.6781, -0.7833], [22.2453, -4.6998], [26.2427, -0.6527]], [[3.6858, -0.1305], [7.3977, -0.2611], [12.5373, -0.3916], [15.6781, -0.7833], [24.244, -0.6527], [22.5308, -0.9138]], [[3.6858, -0.1305], [6.2556, -0.2611], [9.3964, -0.3916], [13.1083, -0.1305], [17.6768, -0.7833], [38.235, -0.6527]]]",0.806,0.0,0.0,0.0,0.0,0.0,0.0,True,[3],0.0,0.0,0.0,0.7585,8.0,0.1149,0.9387,0.9979,0.1641,0.454,0.7585,"[[3.686, -0.131], [6.256, -0.261], [9.396, -0.392], [13.108, -0.131], [19.104, -1.044], [22.245, -1.305]]",ok,3.2229,0.0,0.0,0.0,0.0,0.0,0.0,0.0,0.0,0.0,d5fc40696a104448993f0ac24c29032d,scene-0109,42
0.6148,0.8291,1.4705,0.5746,0.6314,0.8495,0.0,0.0,0.0,0.0,0.0,0.0,0.0,0.0,0.0,ok,straight,1.4707,0.8291,1.4705,0.8607,0.7744,0.9449,False,"[-0.1305, -0.5875, -0.1305, -0.0653, -0.0653, -0.0, -1.1749, -0.0653]","[-375.2405, -1109.908, -342.7457, -1592.4515, -2002.8785, -2797.0933, -357691.3558, -804452.7546]","[4.2032, 2.9989, 1.894, -1001591.4749, -1001999.5927, -1002796.1168, -1357690.3792, -1804449.4688]","[0.945, 1.677, 1.087, 1.226, 1.664, 1.563, 14.913, 9.375]","[[[4.828, 0.0], [8.5399, 0.0], [14.2505, -0.1305], [18.8189, -0.1305], [23.3874, -0.1305], [27.9559, -0.2611]], [[4.828, 0.0], [8.5399, 0.0], [14.2505, -0.1305], [18.8189, -0.1305], [21.9598, -2.0888], [25.9572, -1.1749]], [[4.2569, 0.0], [8.2543, -0.1305], [14.2505, -0.1305], [18.8189, -0.1305], [23.3874, -0.1305], [27.9559, -0.2611]], [[4.2569, 0.0], [8.2543, -0.1305], [14.2505, -0.1305], [18.8189, -0.1305], [21.9598, -0.2611], [30.2401, 0.1305]], [[4.828, 0.0], [8.5399, 0.0], [14.2505, -0.1305], [18.8189, -0.1305], [23.9585, 0.3916], [23.1019, -0.1305]], [[4.2569, 0.0], [8.2543, -0.1305], [14.2505, -0.1305], [18.8189, -0.1305], [21.9598, -0.3916], [32.2388, 0.0]], [[4.2569, 0.0], [8.2543, -0.1305], [14.2505, -0.1305], [18.8189, -0.1305], [69.6432, 0.2611], [69.6432, -2.3499]], [[4.828, 0.0], [8.5399, 0.0], [14.2505, -0.1305], [18.8189, -0.1305], [69.6432, -0.1305], [21.3887, -0.1305]]]",4.8767,0.0,0.0,0.0,0.0,0.0,0.0,True,[3],0.0,0.0,0.0,0.9449,8.0,1.4707,0.8291,1.4705,0.8607,0.7744,0.9449,"[[4.828, 0.0], [8.54, 0.0], [14.25, -0.131], [18.819, -0.131], [23.387, -0.131], [27.956, -0.261]]",ok,14.9127,0.0,0.0,0.0,0.0,0.0,0.0,0.0,0.0,0.0,80c91574d0174206a74435200aba8ba8,scene-0110,42
1.7141,3.7618,4.9648,1.031,2.1723,3.1064,0.0,0.0,0.0,0.0,0.0,0.0,0.0,0.0,0.0,ok,straight,1.7141,3.7618,6.3916,1.031,2.1723,3.2008,False,"[-0.1305, -0.3264, -0.2611, -0.1958, -0.1305, -0.5222, -0.1958, -0.0653]","[-51.515, -466.9472, -12110.1498, -18577.8394, -18770.5736, -161222.9014, -570359.4717, -792992.0365]","[3.1708, -1000465.1834, -1012111.3188, -1018579.0084, -1018771.7427, -1161221.1376, -1570360.6407, -1792990.2727]","[3.106, 3.106, 3.133, 2.078, 2.696, 5.852, 8.745, 9.585]","[[[4.2569, 0.0], [8.5399, -0.1305], [12.5373, -0.1305], [16.8202, -0.1305], [20.8176, -0.1305], [25.9572, -0.2611]], [[4.2569, 0.0], [8.5399, -0.1305], [12.5373, -0.1305], [16.8202, -0.1305], [22.2453, -0.3916], [24.5295, -0.6527]], [[4.2569, 0.0], [8.5399, -0.1305], [15.3926, 0.0], [24.5295, -0.9138], [21.6742, -0.2611], [22.5308, 0.5222]], [[4.2569, 0.0], [8.5399, -0.1305], [15.3926, 0.0], [24.5295, -0.9138], [21.6742, -0.1305], [28.8125, -0.3916]], [[4.2569, 0.0], [8.5399, -0.1305], [15.3926, 0.0], [24.5295, -0.9138], [20.8176, -0.1305], [25.9572, -0.2611]], [[4.2569, 0.0], [8.5399, -0.1305], [12.5373, -0.1305], [16.8202, -0.1305], [1.6871, 1.9582], [32.5244, 1.0444]], [[4.2569, 0.0], [8.5399, -0.1305], [15.3926, 0.0], [24.5295, -0.9138], [69.6432, 0.1305], [28.5269, -0.3916]], [[4.2569, 0.0], [8.5399, -0.1305], [12.5373, -0.1305], [16.8202, -0.1305], [69.6432, 0.1305], [25.9572, -0.1305]]]",2.7367,0.0,0.0,0.0,0.0,0.0,0.0,True,[3],0.0,0.0,0.0,2.0775,8.0,1.7141,4.0063,2.1066,1.031,1.5575,2.0775,"[[4.257, 0.0], [8.54, -0.131], [12.537, -0.131], [16.82, -0.131], [21.674, -0.261], [24.53, -0.261]]",ok,9.5849,0.0,0.0,0.0,0.0,0.0,0.0,0.0,0.0,0.0,d968a5eaaae446f6848302351550dd71,scene-0110,42
1.7712,3.7439,4.6572,1.343,2.3404,3.0527,0.0,0.0,0.0,0.0,0.0,0.0,0.0,0.0,0.0,ok,straight,1.7712,3.7439,4.6572,1.343,2.3404,3.3861,False,"[-0.0653, -0.0653, -0.2611, -0.0653, -0.1958, -0.1305, -0.1305, -0.0653]","[-51.421, -442.5576, -6603.3564, -11719.3784, -21238.7625, -61065.4625, -63297.5061, -725502.8587]","[2.8508, 2.8491, -1006601.8128, -1011716.6804, -1021236.0645, -1061062.7645, -1063295.9624, -1725500.1607]","[3.053, 3.957, 3.25, 2.472, 2.287, 4.071, 4.31, 10.511]","[[[4.2569, 0.0], [8.5399, 0.0], [12.5373, -0.1305], [16.8202, -0.1305], [20.8176, -0.1305], [25.9572, -0.1305]], [[4.2569, 0.0], [8.5399, 0.0], [12.5373, -0.1305], [16.8202, -0.1305], [18.8189, -0.2611], [22.5308, -0.1305]], [[4.2569, 0.0], [8.5399, 0.0], [12.5373, -0.1305], [16.8202, -0.1305], [17.3913, -0.2611], [28.2414, -0.5222]], [[4.2569, 0.0], [8.5399, 0.0], [14.536, 0.0], [22.8163, 0.0], [20.8176, -0.1305], [25.9572, -0.1305]], [[4.2569, 0.0], [8.5399, 0.0], [14.536, 0.0], [22.8163, 0.0], [19.39, -0.3916], [28.5269, -0.3916]], [[4.2569, 0.0], [8.5399, 0.0], [14.536, 0.0], [22.8163, 0.0], [20.8176, -8.8774], [39.3771, -0.2611]], [[4.2569, 0.0], [8.5399, 0.0], [12.5373, -0.1305], [16.8202, -0.1305], [21.3887, -13.5772], [33.0954, 0.2611]], [[4.2569, 0.0], [8.5399, 0.0], [14.536, 0.0], [22.8163, 0.0], [69.6432, 0.6527], [17.9623, -0.1305]]]",2.4689,0.0,0.0,0.0,0.0,0.0,0.0,False,[3],0.0,0.0,0.0,2.2869,8.0,1.7712,2.2545,2.1111,1.343,1.4694,2.2869,"[[4.257, 0.0], [8.54, 0.0], [12.537, -0.131], [16.82, -0.131], [18.819, -0.261], [25.957, -0.131]]",ok,10.5107,0.0,0.0,0.0,0.0,0.0,0.0,0.0,0.0,0.0,befb06465a7f4b0793dcaa467854a6dc,scene-0110,42
1.5138,4.3388,6.3674,0.9778,2.1104,3.1061,0.0,0.0,0.0,0.0,0.0,0.0,0.0,0.0,0.0,ok,straight,1.5138,3.1872,6.3566,0.9778,1.9676,3.009,True,"[-0.1305, -0.0, -0.1305, -0.5222, -0.0653, -0.1958, -0.0, -0.1958]","[-426.619, -68.3003, -86.8627, -139.8354, -631.5419, -2733.5786, -3410.4813, -417559.0095]","[3.3513, 2.1773, 1.342, -1.164, -1000628.7298, -1002732.7783, -1003407.6692, -1417556.1974]","[3.009, 1.841, 3.009, 2.155, 2.042, 3.051, 3.011, 15.804]","[[[4.2569, 0.0], [7.9688, 0.0], [12.5373, -0.1305], [15.6781, -0.1305], [19.9611, -0.1305], [22.2453, -0.2611]], [[4.2569, 0.0], [7.9688, 0.0], [11.9662, 0.0], [16.2492, -0.3916], [21.3887, -0.5222], [28.2414, 0.0]], [[4.2569, 0.0], [7.9688, 0.0], [11.9662, 0.0], [16.2492, -0.3916], [19.9611, -0.1305], [22.2453, -0.2611]], [[4.2569, 0.0], [7.9688, 0.0], [11.9662, 0.0], [16.2492, -0.3916], [21.3887, -0.1305], [25.9572, -1.0444]], [[4.2569, 0.0], [7.9688, 0.0], [12.5373, -0.1305], [15.6781, -0.1305], [20.8176, 0.0], [29.6691, 0.1305]], [[4.2569, 0.0], [7.9688, 0.0], [11.9662, 0.0], [16.2492, -0.3916], [20.8176, -3.3943], [22.2453, -0.3916]], [[4.2569, 0.0], [7.9688, 0.0], [12.5373, -0.1305], [15.6781, -0.1305], [21.6742, -0.2611], [20.5321, 0.0]], [[4.2569, 0.0], [7.9688, 0.0], [12.5373, -0.1305], [15.6781, -0.1305], [69.6432, -0.1305], [69.6432, 0.3916]]]",4.3963,0.0,0.0,0.0,0.0,0.0,0.0,True,[3],0.0,0.0,0.0,1.8412,8.0,1.5138,3.1872,0.8014,0.9778,1.9676,1.8412,"[[4.257, 0.0], [7.969, 0.0], [11.966, 0.0], [16.249, -0.392], [19.961, -0.131], [22.245, -0.261]]",ok,15.8045,0.0,0.0,0.0,0.0,0.0,0.0,0.0,0.0,0.0,355be35606a1455e83b171ce89822e54,scene-0110,42
1.2111,2.1373,3.9938,0.9854,1.4436,2.052,0.0,0.0,0.0,0.0,0.0,0.0,0.0,0.0,0.0,ok,straight,1.2111,2.1373,3.9938,0.9854,1.3723,2.0045,True,"[-0.0, -0.0, -0.7833, -0.2611, -0.3264, -0.0653, -0.0, -0.1305]","[-62.9098, -115.2792, -1053.4476, -1177.9676, -1872.5503, -2369.2284, -10257.6694, -11662.0365]","[3.4947, 3.446, -1001051.5421, -1001176.0987, -1001870.6814, -1002367.3595, -1010255.7639, -1011660.1309]","[2.004, 2.147, 1.799, 1.659, 1.953, 1.975, 1.959, 2.109]","[[[1.1161, 0.0], [2.2582, 0.0], [3.6858, 0.0], [4.5424, 0.0], [5.6846, 0.0], [5.6846, 0.0]], [[1.1161, 0.0], [2.2582, 0.0], [2.8293, 0.0], [4.5424, 0.0], [5.6846, 0.0], [5.6846, 0.0]], [[1.1161, 0.0], [2.2582, 0.0], [3.6858, 0.0], [4.5424, 0.0], [5.9701, 0.0], [12.5373, 1.5666]], [[1.1161, 0.0], [2.2582, 0.0], [2.8293, 0.0], [4.5424, 0.0], [4.828, 0.0], [9.682, 0.5222]], [[1.1161, 0.0], [2.2582, 0.0], [2.8293, 0.0], [4.5424, 0.0], [3.9714, -0.3916], [8.5399, 0.6527]], [[1.1161, 0.0], [2.2582, 0.0], [2.8293, 0.0], [4.5424, 0.0], [3.6858, 0.1305], [8.8254, 0.1305]], [[1.1161, 0.0], [2.2582, 0.0], [3.6858, 0.0], [4.5424, 0.0], [11.3952, -0.6527], [6.8267, 0.0]], [[1.1161, 0.0], [2.2582, 0.0], [3.6858, 0.0], [4.5424, 0.0], [11.3952, 0.2611], [5.6846, 0.2611]]]",0.148,0.0,0.0,0.0,0.0,0.0,0.0,True,[3],0.0,0.0,0.0,1.6589,8.0,1.2111,2.1373,0.2179,0.9854,1.5862,1.6589,"[[1.116, 0.0], [2.258, 0.0], [3.686, 0.0], [4.542, 0.0], [5.685, 0.0], [5.685, 0.0]]",ok,2.147,0.0,0.0,0.0,0.0,0.0,0.0,0.0,0.0,0.0,79070dca796f4ffb868d84f1b067f9c2,scene-0221,42
0.3811,0.8948,0.8667,0.2972,0.5918,0.8314,0.0,0.0,0.0,0.0,0.0,0.0,0.0,0.0,0.0,ok,straight,0.3811,0.8948,1.7231,0.2972,0.5918,0.9741,False,"[-0.0, -0.0, -0.0, -0.0653, -0.1958, -0.4569, -0.1305, -2.0235]","[-18.3013, -100.4808, -24.8187, -51.5206, -41.6615, -339.6442, -78659.5552, -257102.6171]","[4.0044, 4.0035, 3.9738, 3.9029, 3.6701, -1000336.689, -1078656.6306, -1257099.6925]","[0.59, 0.974, 0.999, 1.023, 1.246, 1.369, 3.294, 7.015]","[[[0.2595, 0.0], [1.1161, 0.0], [1.6871, 0.0], [1.6871, 0.0], [1.1161, 0.0], [-0.026, 0.0]], [[0.2595, 0.0], [1.1161, 0.0], [1.6871, 0.0], [1.6871, 0.0], [2.5437, 0.0], [2.5437, 0.0]], [[0.545, 0.0], [0.8306, 0.0], [1.6871, 0.0], [2.2582, 0.0], [2.5437, 0.0], [2.5437, 0.0]], [[0.2595, 0.0], [1.1161, 0.0], [1.6871, 0.0], [1.6871, 0.0], [1.9727, 0.1305], [3.4003, -0.1305]], [[0.545, 0.0], [0.8306, 0.0], [1.6871, 0.0], [2.2582, 0.0], [2.8293, 0.3916], [3.6858, 0.3916]], [[0.2595, 0.0], [1.1161, 0.0], [1.6871, 0.0], [1.6871, 0.0], [1.9727, 0.0], [5.399, 0.9138]], [[0.545, 0.0], [0.8306, 0.0], [1.6871, 0.0], [2.2582, 0.0], [7.6833, -14.491], [1.9727, 0.2611]], [[0.545, 0.0], [0.8306, 0.0], [1.6871, 0.0], [2.2582, 0.0], [31.3822, 5.6136], [8.2543, -4.047]]]",2.0235,0.0,0.0,0.0,0.0,0.0,0.0,True,[3],0.0,0.0,0.0,0.5904,8.0,0.3811,0.8948,0.8474,0.2972,0.5918,0.5904,"[[0.259, 0.0], [1.116, 0.0], [1.687, 0.0], [1.687, 0.0], [2.544, 0.0], [2.544, 0.0]]",ok,7.0153,0.0,0.0,1.0,0.0,0.0,1.0,0.0,0.0,0.16666666666666666,eda82ccd4f3747eab66d9c402317dbc9,scene-0221,42
1.5267,2.6911,3.3634,1.1094,1.8138,2.3513,0.0,0.0,0.0,0.0,0.0,0.0,0.0,0.0,0.0,ok,left,1.5267,2.6911,4.0874,1.1094,1.8138,2.472,False,"[2.0235, 1.2402, 1.2402, -2.4152, 8.2899, -8.2899, -5.1567, 0.5222]","[-508.5742, -23.8322, -1388.2559, -3025.7052, -9821.188, -13820.6812, -22386.5451, -170201.6191]","[3.4145, 3.2567, -1001385.8033, -1003023.2883, -1009818.7353, -1013818.2285, -1022384.0925, -1170199.2022]","[2.348, 2.472, 2.015, 3.58, 3.28, 4.849, 3.573, 5.391]","[[[1.1161, 0.1305], [2.2582, 0.2611], [3.6858, 0.5222], [5.1135, 1.1749], [6.5412, 3.7859], [6.5412, 4.047]], [[1.1161, 0.1305], [2.2582, 0.2611], [3.6858, 0.5222], [5.1135, 1.1749], [5.9701, 1.6971], [6.8267, 2.4804]], [[1.1161, 0.1305], [2.2582, 0.2611], [4.5424, 1.6971], [7.1122, 1.436], [5.9701, 1.6971], [6.8267, 2.4804]], [[1.1161, 0.1305], [2.2582, 0.2611], [3.6858, 0.5222], [5.1135, 1.1749], [8.8254, -1.1749], [5.9701, -4.8303]], [[1.1161, 0.1305], [2.2582, 0.2611], [4.5424, 1.6971], [7.1122, 1.436], [6.8267, 2.0888], [8.5399, 16.5798]], [[1.1161, 0.1305], [2.2582, 0.2611], [4.5424, 1.6971], [7.1122, 1.436], [7.1122, 0.0], [13.6794, -16.5798]], [[1.1161, 0.1305], [2.2582, 0.2611], [4.5424, 1.6971], [7.1122, 1.436], [9.1109, 5.222], [13.1083, -10.3134]], [[1.1161, 0.1305], [2.2582, 0.2611], [3.6858, 0.5222], [5.1135, 1.1749], [27.9559, 4.8303], [5.1135, 1.0444]]]",1.1189,0.0,0.0,0.0,0.0,0.0,0.0,True,[3],0.0,0.0,0.0,2.0151,8.0,1.5267,0.7766,4.0874,1.1094,1.1285,2.0151,"[[1.116, 0.131], [2.258, 0.261], [3.686, 0.522], [5.113, 1.175], [5.97, 1.697], [6.827, 2.48]]",ok,5.3913,0.0,1.0,0.0,0.0,1.0,1.0,0.0,0.25,0.3333333333333333,4fa6e380731d4819bc404bcf38240a90,scene-0221,42
0.6831,0.2228,1.4417,0.5502,0.4587,0.7922,0.0,0.0,0.0,0.0,0.0,0.0,0.0,0.0,0.0,ok,straight,0.6831,0.2228,1.4417,0.5502,0.4587,0.7922,False,"[-0.0653, -0.0653, -0.0653, -0.0653, -0.0653, -0.1305, -0.3264, -2.6763]","[-235.3985, -108.2047, -175.8199, -208.0618, -356.0391, -655.2313, -951.1406, -1953.7225]","[3.886, 3.0254, 2.9095, 2.8542, -1000353.1752, -1000652.3675, -1000949.3553, -1001950.8587]","[0.804, 0.792, 1.119, 0.692, 1.087, 0.962, 1.183, 1.527]","[[[1.6871, 0.0], [3.1148, 0.0], [4.5424, 0.0], [6.2556, 0.0], [6.5412, -0.1305], [8.5399, -0.1305]], [[1.6871, 0.0], [3.1148, 0.0], [4.5424, 0.0], [5.9701, -0.1305], [6.5412, -0.1305], [8.5399, -0.1305]], [[1.6871, 0.0], [3.1148, 0.0], [4.5424, 0.0], [5.9701, -0.1305], [5.9701, 0.1305], [7.1122, -0.1305]], [[1.6871, 0.0], [3.1148, 0.0], [4.5424, 0.0], [5.9701, -0.1305], [9.1109, 0.0], [11.1096, -0.1305]], [[1.6871, 0.0], [3.1148, 0.0], [4.5424, 0.0], [6.2556, 0.0], [7.6833, 0.0], [5.6846, -0.1305]], [[1.6871, 0.0], [3.1148, 0.0], [4.5424, 0.0], [6.2556, 0.0], [7.6833, -0.7833], [12.8228, -0.2611]], [[1.6871, 0.0], [3.1148, 0.0], [4.5424, 0.0], [5.9701, -0.1305], [7.6833, -0.3916], [14.536, -0.6527]], [[1.6871, 0.0], [3.1148, 0.0], [4.5424, 0.0], [6.2556, 0.0], [7.9688, -0.1305], [14.2505, -5.3525]]]",0.2517,0.0,0.0,0.0,0.0,0.0,0.0,True,[3],0.0,0.0,0.0,0.6922,8.0,0.6831,0.2228,1.1933,0.5502,0.4587,0.6922,"[[1.687, 0.0], [3.115, 0.0], [4.542, 0.0], [5.97, -0.131], [6.541, -0.131], [8.54, -0.131]]",ok,1.5266,0.0,0.0,0.0,0.0,0.0,0.0,0.0,0.0,0.0,a5e43b1d5df14313b0ad5e9a7310c355,scene-0221,42
3.0657,6.9851,9.8948,2.3684,4.2459,5.9263,0.0,0.0,0.0,0.0,0.0,0.0,0.0,0.0,0.0,ok,left,3.0657,6.9851,9.8948,2.3684,4.1016,5.83,True,"[1.2402, 1.2402, 0.9791, 0.1305, 8.2899, 8.2899, 8.2899, 2.6763]","[-256.9791, -147.2701, -1621.5401, -6000.0743, -16537.4532, -29593.2015, -29998.1251, -1038396.6961]","[2.4865, 0.6535, -1001620.5346, -1005997.2354, -1016534.6144, -1029592.1961, -1029997.1196, -2038393.8573]","[6.022, 5.83, 5.557, 5.651, 7.225, 8.692, 8.078, 12.679]","[[[2.5437, 0.1305], [5.9701, 0.6527], [9.682, 0.7833], [12.2517, 1.6971], [15.3926, 1.6971], [19.9611, 2.4804]], [[3.1148, 0.1305], [6.5412, 0.3916], [9.682, 0.7833], [12.2517, 1.6971], [15.3926, 1.6971], [19.9611, 2.4804]], [[3.1148, 0.1305], [6.5412, 0.3916], [9.682, 0.7833], [12.2517, 1.6971], [14.536, 1.436], [22.8163, 1.9582]], [[2.5437, 0.1305], [5.9701, 0.6527], [9.682, 0.7833], [12.2517, 1.6971], [19.1045, 3.9165], [19.1045, 0.2611]], [[2.5437, 0.1305], [5.9701, 0.6527], [9.682, 0.7833], [12.2517, 1.6971], [15.9636, 0.6527], [16.5347, 16.5798]], [[3.1148, 0.1305], [6.5412, 0.3916], [9.682, 0.7833], [12.2517, 1.6971], [14.2505, 16.5798], [14.2505, 16.5798]], [[3.1148, 0.1305], [6.5412, 0.3916], [9.682, 0.7833], [12.2517, 1.6971], [16.2492, 16.5798], [17.6768, 16.5798]], [[2.5437, 0.1305], [5.9701, 0.6527], [9.682, 0.7833], [12.2517, 1.6971], [69.6432, 0.1305], [16.8202, 5.3525]]]",2.2586,0.0,0.0,0.0,0.0,0.0,0.0,True,[3],0.0,0.0,0.0,5.5569,8.0,3.0657,6.9851,7.3669,2.3684,4.1016,5.5569,"[[3.115, 0.131], [6.541, 0.392], [9.682, 0.783], [12.252, 1.697], [15.393, 1.697], [19.961, 2.48]]",ok,12.6787,0.0,0.0,0.0,0.0,0.0,0.0,0.0,0.0,0.0,30e55a3ec6184d8cb1944b39ba19d622,scene-0268,42
1.6946,2.6942,3.4579,1.2772,2.0213,2.3549,0.0,0.0,0.0,0.0,0.0,0.0,0.0,0.0,0.0,ok,straight,1.6946,3.2622,3.173,1.2772,2.1633,2.2128,True,"[-0.0653, -0.3916, -0.1305, -0.5222, -0.1305, -0.0653, -0.0, -0.4569]","[-66.5019, -740.6088, -1004.2663, -1346.9817, -1573.9056, -3392.8341, -3420.6833, -4356.2546]","[4.9412, -1000737.8235, -1001001.481, -1001344.1964, -1001571.5704, -1003390.4989, -1003418.3481, -1004353.9194]","[2.592, 2.113, 2.222, 1.77, 1.596, 1.915, 2.677, 1.407]","[[[3.1148, 0.0], [6.5412, 0.0], [9.1109, 0.0], [12.2517, 0.0], [15.3926, -0.1305], [18.2479, -0.1305]], [[3.1148, 0.0], [6.5412, 0.0], [9.1109, 0.0], [12.2517, 0.0], [17.3913, -0.1305], [19.39, 0.7833]], [[3.1148, 0.0], [6.5412, 0.0], [9.1109, 0.0], [12.2517, 0.0], [17.3913, 0.1305], [18.5334, -0.2611]], [[3.1148, 0.0], [6.5412, 0.0], [9.1109, 0.0], [12.2517, 0.0], [18.5334, 0.0], [21.1032, 1.0444]], [[3.1148, 0.0], [6.5412, 0.0], [10.5386, -0.1305], [15.9636, 0.1305], [16.8202, 0.0], [18.8189, 0.2611]], [[3.1148, 0.0], [6.5412, 0.0], [10.5386, -0.1305], [15.9636, 0.1305], [15.3926, -0.1305], [18.2479, -0.1305]], [[3.1148, 0.0], [6.5412, 0.0], [10.5386, -0.1305], [15.9636, 0.1305], [14.536, -0.1305], [14.536, 0.0]], [[3.1148, 0.0], [6.5412, 0.0], [10.5386, -0.1305], [15.9636, 0.1305], [16.2492, 0.0], [22.8163, -0.9138]]]",0.4235,0.0,0.0,0.0,0.0,0.0,0.0,False,[3],0.0,0.0,0.0,1.4074,8.0,1.6946,0.6361,1.2506,1.2772,1.1484,1.4074,"[[3.115, 0.0], [6.541, 0.0], [9.111, 0.0], [12.252, 0.0], [17.391, -0.131], [18.533, -0.131]]",ok,2.6769,0.0,0.0,0.0,0.0,0.0,0.0,0.0,0.0,0.0,f7d75d25c86941f3aecfed9efea1a3e3,scene-0268,42
0.2514,0.661,2.5055,0.1342,0.3301,0.9211,0.0,0.0,0.0,0.0,0.0,0.0,0.0,0.0,0.0,ok,straight,0.2514,0.661,0.6487,0.1342,0.3301,0.3758,True,"[-0.0653, -0.0653, -0.0653, -0.0653, -0.1305, -0.0, -0.0653, -0.1305]","[-43.1487, -394.1606, -596.6841, -626.8264, -6108.9037, -7670.2153, -15586.8138, -39459.3533]","[3.3322, 3.3044, 3.1954, 3.193, -1006106.4742, -1007667.8788, -1015584.4773, -1039456.9238]","[0.779, 0.624, 0.439, 0.841, 1.216, 1.892, 5.265, 3.871]","[[[2.2582, 0.0], [4.5424, 0.0], [6.5412, 0.0], [8.5399, 0.0], [10.253, -0.1305], [13.1083, -0.1305]], [[2.2582, 0.0], [4.5424, 0.0], [6.5412, 0.0], [8.5399, 0.0], [8.2543, -0.3916], [9.3964, -0.1305]], [[2.2582, 0.0], [4.5424, 0.0], [5.9701, 0.0], [9.1109, 0.0], [9.682, -0.1305], [9.9675, 0.1305]], [[2.2582, 0.0], [4.5424, 0.0], [5.9701, 0.0], [9.1109, 0.0], [10.253, -0.1305], [13.1083, -0.1305]], [[2.2582, 0.0], [4.5424, 0.0], [6.5412, 0.0], [8.5399, 0.0], [6.2556, -0.3916], [13.3939, -0.2611]], [[2.2582, 0.0], [4.5424, 0.0], [5.9701, 0.0], [9.1109, 0.0], [8.8254, 0.0], [19.6755, 0.0]], [[2.2582, 0.0], [4.5424, 0.0], [5.9701, 0.0], [9.1109, 0.0], [13.6794, 0.0], [36.2362, -0.1305]], [[2.2582, 0.0], [4.5424, 0.0], [6.5412, 0.0], [8.5399, 0.0], [23.6729, 0.0], [18.2479, -0.2611]]]",1.6512,0.0,0.0,0.0,0.0,0.0,0.0,True,[3],0.0,0.0,0.0,0.4388,8.0,0.2514,1.2306,0.6542,0.1342,0.4232,0.4388,"[[2.258, 0.0], [4.542, 0.0], [6.541, 0.0], [8.54, 0.0], [9.682, -0.131], [9.968, -0.131]]",ok,5.2653,0.0,0.0,0.0,0.0,0.0,0.0,0.0,0.0,0.0,f38aedc5545643d5be815165c6574186,scene-0268,42
0.5176,1.2116,2.3586,0.4107,0.7138,1.1547,0.0,0.0,0.0,0.0,0.0,0.0,0.0,0.0,0.0,ok,straight,0.5176,1.2116,2.3586,0.4107,0.7138,1.1547,False,"[-0.0, -0.0, -0.0653, -0.0, -0.1305, -0.0, -0.0653, -0.0653]","[-0.013, -105.4115, -9.5258, -1199.1176, -1280.8638, -1504.2596, -58701.2892, -65169.1179]","[2.9586, 2.9475, 1.5215, -1001197.6588, -1001279.4122, -1001502.808, -1058699.8376, -1065167.6591]","[1.155, 1.06, 0.87, 1.669, 1.323, 0.845, 2.893, 2.774]","[[[-0.026, 0.0], [-0.026, 0.0], [-0.026, 0.0], [-0.026, 0.0], [-0.026, 0.0], [-0.026, 0.0]], [[-0.026, 0.0], [-0.026, 0.0], [-0.026, 0.0], [0.545, 0.0], [-0.026, 0.0], [-0.026, 0.0]], [[-0.026, 0.0], [-0.026, 0.0], [-0.026, 0.0], [-0.026, 0.0], [0.2595, 0.0], [1.4016, -0.1305]], [[-0.026, 0.0], [-0.026, 0.0], [-0.026, 0.0], [-0.026, 0.0], [1.6871, -0.1305], [9.3964, 0.0]], [[-0.026, 0.0], [-0.026, 0.0], [-0.026, 0.0], [0.545, 0.0], [4.5424, -0.1305], [5.1135, 0.2611]], [[-0.026, 0.0], [-0.026, 0.0], [-0.026, 0.0], [0.545, 0.0], [3.9714, -0.1305], [2.8293, 0.0]], [[-0.026, 0.0], [-0.026, 0.0], [-0.026, 0.0], [0.545, 0.0], [15.3926, -0.1305], [3.6858, 0.1305]], [[-0.026, 0.0], [-0.026, 0.0], [-0.026, 0.0], [-0.026, 0.0], [14.8215, -0.5222], [1.6871, -0.1305]]]",0.7681,0.0,0.0,0.0,0.0,0.0,0.0,True,[3],0.0,0.0,0.0,0.845,8.0,0.5176,0.6407,0.5005,0.4107,0.571,0.845,"[[-0.026, 0.0], [-0.026, 0.0], [-0.026, 0.0], [-0.026, 0.0], [-0.026, 0.0], [-0.026, 0.0]]",ok,2.8926,0.0,1.0,1.0,0.0,1.0,1.0,0.0,0.25,0.5,8d4ef2af6b394e5e8ccfd6e2e90156dc,scene-0268,42
0.6913,1.979,4.6654,0.3836,1.0276,2.0705,0.0,0.0,0.0,0.0,0.0,0.0,0.0,0.0,0.0,ok,left,0.6913,1.979,4.9184,0.3836,0.9565,2.0653,True,"[2.3499, 2.3499, -8.2899, 2.7415, -8.2899, 2.4152, -2.7415, 0.6527]","[-451.6271, -232.1775, -18029.6236, -19132.3792, -66341.176, -94310.3881, -104932.3723, -126172.2707]","[3.325, 3.3159, -1018028.2112, -1019130.9531, -1066339.7636, -1094308.962, -1104930.9462, -1126170.8583]","[2.229, 2.065, 5.293, 3.1, 8.151, 4.258, 6.751, 5.867]","[[[2.5437, 0.1305], [3.4003, 0.7833], [5.399, 1.6971], [6.5412, 3.0026], [7.3977, 3.0026], [8.2543, 4.6998]], [[1.6871, 0.1305], [3.6858, 0.6527], [5.399, 1.6971], [6.5412, 3.0026], [7.3977, 3.0026], [8.2543, 4.6998]], [[1.6871, 0.1305], [3.6858, 0.6527], [5.399, 1.6971], [6.5412, 3.0026], [7.3977, 2.7415], [7.1122, -16.5798]], [[2.5437, 0.1305], [3.4003, 0.7833], [5.399, 1.6971], [6.5412, 3.0026], [6.8267, -3.5248], [8.2543, 5.4831]], [[1.6871, 0.1305], [3.6858, 0.6527], [5.399, 1.6971], [6.5412, 3.0026], [12.8228, -16.5798], [11.9662, -16.5798]], [[2.5437, 0.1305], [3.4003, 0.7833], [5.399, 1.6971], [6.5412, 3.0026], [18.2479, 16.5798], [6.2556, 4.8303]], [[2.5437, 0.1305], [3.4003, 0.7833], [5.399, 1.6971], [6.5412, 3.0026], [11.6807, -16.5798], [5.6846, -5.4831]], [[1.6871, 0.1305], [3.6858, 0.6527], [5.399, 1.6971], [6.5412, 3.0026], [8.8254, -16.5798], [4.5424, 1.3055]]]",2.0505,0.0,0.0,0.0,0.0,0.0,0.0,True,[3],0.0,0.0,0.0,2.0653,8.0,0.6913,1.979,4.9184,0.3836,0.9565,2.0653,"[[1.687, 0.131], [3.686, 0.653], [5.399, 1.697], [6.541, 3.003], [7.398, 3.003], [8.254, 4.7]]",ok,8.1513,0.0,0.0,0.0,0.0,0.0,0.0,0.0,0.0,0.0,adce54dcf6404d37bd170ffc4c2a7836,scene-0269,42
0.9408,0.9851,3.3868,0.7154,0.9856,1.5799,0.0,0.0,0.0,0.0,0.0,0.0,0.0,0.0,0.0,ok,straight,0.9408,0.4253,3.6866,0.7154,0.8457,1.3943,True,"[-1.0444, -1.2402, -0.7833, -1.0444, -1.2402, -0.5875, -8.2899, -1.1097]","[-93.9863, -546.8764, -448.6118, -1221.5734, -3893.1371, -17446.935, -19212.1759, -807515.7616]","[2.9712, 2.8885, 2.8193, -1001219.6224, -1003891.1861, -1017444.9841, -1019209.9663, -1807513.5521]","[1.394, 2.073, 1.359, 1.489, 2.99, 2.02, 4.049, 8.96]","[[[3.6858, -0.1305], [7.3977, -0.2611], [11.1096, -0.5222], [15.6781, -0.7833], [19.1045, -1.1749], [21.9598, -2.0888]], [[3.6858, -0.1305], [7.3977, -0.2611], [11.1096, -0.5222], [15.6781, -0.7833], [17.3913, -1.5666], [19.6755, -2.4804]], [[3.6858, -0.1305], [7.3977, -0.2611], [11.9662, -0.7833], [17.1058, -2.0888], [22.5308, -1.1749], [27.6704, -1.5666]], [[3.6858, -0.1305], [7.3977, -0.2611], [11.9662, -0.7833], [17.1058, -2.0888], [19.1045, -1.1749], [21.9598, -2.0888]], [[3.6858, -0.1305], [7.3977, -0.2611], [11.9662, -0.7833], [17.1058, -2.0888], [23.1019, -0.5222], [36.8073, -2.4804]], [[3.6858, -0.1305], [7.3977, -0.2611], [11.9662, -0.7833], [17.1058, -2.0888], [23.9585, 4.6998], [24.244, -1.1749]], [[3.6858, -0.1305], [7.3977, -0.2611], [11.1096, -0.5222], [15.6781, -0.7833], [23.1019, -1.0444], [24.244, 16.5798]], [[3.6858, -0.1305], [7.3977, -0.2611], [11.1096, -0.5222], [15.6781, -0.7833], [69.6432, -0.5222], [26.5282, -2.2193]]]",2.3974,0.0,0.0,0.0,0.0,0.0,0.0,True,[3],0.0,0.0,0.0,1.3593,8.0,0.9408,1.7599,2.0605,0.7154,0.988,1.3593,"[[3.686, -0.131], [7.398, -0.261], [11.11, -0.522], [15.678, -0.783], [19.104, -1.175], [21.96, -2.089]]",ok,8.96,0.0,0.0,0.0,0.0,0.0,0.0,0.0,0.0,0.0,1220f9a205ae44418fcce91722e1e601,scene-0269,42
1.2879,1.9825,6.8346,1.1077,1.4266,3.0025,0.0,0.0,0.0,0.0,0.0,0.0,0.0,0.0,0.0,ok,straight,1.0187,1.9825,4.6739,0.8305,1.288,2.5522,True,"[-0.1958, -0.2611, -0.5875, -0.5875, -0.7833, -0.6527, -1.1097, -1.893]","[-269.8346, -629.7519, -760.0952, -1205.8653, -7233.7265, -41918.4642, -199838.4687, -772023.6188]","[3.6151, -1000627.317, -1000757.6603, -1001203.8713, -1007231.7325, -1041916.0293, -1199836.0338, -1772021.6248]","[2.36, 4.39, 2.533, 2.6, 2.754, 4.321, 5.465, 8.939]","[[[3.6858, 0.0], [7.9688, -0.1305], [12.5373, -0.3916], [17.1058, 0.0], [20.5321, 0.6527], [25.3861, -0.3916]], [[3.9714, 0.0], [8.2543, 0.0], [12.5373, -0.2611], [16.8202, -0.5222], [17.6768, -1.0444], [15.107, -0.5222]], [[3.9714, 0.0], [8.2543, 0.0], [12.5373, -0.2611], [16.8202, -0.5222], [19.1045, -0.7833], [24.8151, -1.1749]], [[3.6858, 0.0], [7.9688, -0.1305], [12.5373, -0.3916], [17.1058, 0.0], [19.1045, -0.7833], [24.8151, -1.1749]], [[3.6858, 0.0], [7.9688, -0.1305], [12.5373, -0.3916], [17.1058, 0.0], [24.244, 2.0888], [21.6742, -1.5666]], [[3.9714, 0.0], [8.2543, 0.0], [12.5373, -0.2611], [16.8202, -0.5222], [27.3848, -1.436], [11.3952, -1.3055]], [[3.9714, 0.0], [8.2543, 0.0], [12.5373, -0.2611], [16.8202, -0.5222], [44.2311, -1.436], [21.3887, -2.2193]], [[3.6858, 0.0], [7.9688, -0.1305], [12.5373, -0.3916], [17.1058, 0.0], [69.6432, 2.0888], [27.3848, -3.7859]]]",2.0891,0.0,0.0,0.0,0.0,0.0,0.0,False,[3],0.0,0.0,0.0,2.36,8.0,1.2879,1.8405,4.1603,1.1077,1.3888,2.36,"[[3.971, 0.0], [8.254, 0.0], [12.537, -0.261], [16.82, -0.522], [19.104, -0.783], [24.815, -0.522]]",ok,8.9391,0.0,0.0,0.0,0.0,0.0,0.0,0.0,0.0,0.0,802619f6fb5940608483cb29fc1beab6,scene-0269,42
0.4207,0.5868,0.5772,0.2899,0.4555,0.4595,0.0,0.0,0.0,0.0,0.0,0.0,0.0,0.0,0.0,ok,straight,0.4207,0.5868,1.726,0.2899,0.449,0.8218,False,"[-0.718, -1.1097, -0.718, -0.6527, -0.2611, -0.9138, -1.5666, -1.1749]","[-362.8736, -135.9369, -837.0171, -1977.7835, -2000.2913, -5999.9603, -26968.9243, -155982.3554]","[2.7127, 1.6604, -1000834.8636, -1001975.6301, -1001998.5147, -1005998.1838, -1026966.7708, -1155980.2019]","[0.822, 0.677, 0.759, 1.268, 2.532, 1.285, 2.88, 8.108]","[[[4.5424, 0.0], [8.8254, -0.1305], [13.3939, -0.2611], [18.2479, -0.5222], [22.2453, -1.0444], [29.098, -1.436]], [[4.5424, 0.0], [8.8254, -0.1305], [13.3939, -0.2611], [18.2479, -0.5222], [23.1019, -1.9582], [27.3848, -2.2193]], [[4.5424, 0.0], [8.8254, -0.1305], [14.8215, 0.0], [18.8189, -0.3916], [22.2453, -1.0444], [29.098, -1.436]], [[4.5424, 0.0], [8.8254, -0.1305], [14.8215, 0.0], [18.8189, -0.3916], [23.1019, -2.611], [23.1019, -1.3055]], [[4.5424, 0.0], [8.8254, -0.1305], [13.3939, -0.2611], [18.2479, -0.5222], [21.1032, -0.7833], [16.5347, -0.5222]], [[4.5424, 0.0], [8.8254, -0.1305], [13.3939, -0.2611], [18.2479, -0.5222], [19.1045, 1.5666], [26.8138, -1.8277]], [[4.5424, 0.0], [8.8254, -0.1305], [14.8215, 0.0], [18.8189, -0.3916], [17.3913, -0.3916], [36.8073, -3.1332]], [[4.5424, 0.0], [8.8254, -0.1305], [14.8215, 0.0], [18.8189, -0.3916], [18.8189, 0.3916], [69.6432, -2.3499]]]",2.3294,0.0,0.0,0.0,0.0,0.0,0.0,True,[3],0.0,0.0,0.0,0.677,8.0,0.4207,0.5868,0.9757,0.2899,0.449,0.677,"[[4.542, 0.0], [8.825, -0.131], [13.394, -0.261], [18.248, -0.522], [22.245, -1.044], [29.098, -1.436]]",ok,8.1077,0.0,0.0,0.0,0.0,0.0,0.0,0.0,0.0,0.0,5abd3d15e63c44a8a8189a6e70a496ef,scene-0269,42
0.9317,2.9207,3.4587,0.5796,1.4077,2.1521,0.0,0.0,0.0,0.0,0.0,0.0,0.0,0.0,0.0,ok,straight,0.9317,2.9207,3.4587,0.5796,1.4077,2.1521,False,"[-0.0653, -0.0653, -0.1305, -0.0653, -0.0, -0.0, -0.5222, -0.1305]","[-49.3331, -168.8407, -21.5727, -514.0084, -1058.2592, -18758.4745, -40329.1575, -92829.5216]","[2.5753, 2.5709, 2.1631, -1000512.4147, -1001056.6661, -1018756.8814, -1040327.5637, -1092827.9284]","[2.152, 2.484, 2.914, 2.63, 2.246, 2.838, 4.192, 4.559]","[[[3.6858, 0.0], [7.3977, 0.0], [11.1096, -0.1305], [15.3926, -0.1305], [19.1045, -0.1305], [21.3887, -0.1305]], [[3.6858, 0.0], [7.3977, 0.0], [11.9662, -0.1305], [16.5347, -0.1305], [19.1045, -0.1305], [21.3887, -0.1305]], [[3.6858, 0.0], [7.3977, 0.0], [11.1096, -0.1305], [15.3926, -0.1305], [20.2466, -0.1305], [24.8151, -0.2611]], [[3.6858, 0.0], [7.3977, 0.0], [11.1096, -0.1305], [15.3926, -0.1305], [18.5334, -0.2611], [24.8151, 0.1305]], [[3.6858, 0.0], [7.3977, 0.0], [11.9662, -0.1305], [16.5347, -0.1305], [17.6768, 0.0], [21.3887, 0.0]], [[3.6858, 0.0], [7.3977, 0.0], [11.9662, -0.1305], [16.5347, -0.1305], [13.1083, -0.5222], [25.1006, 0.0]], [[3.6858, 0.0], [7.3977, 0.0], [11.1096, -0.1305], [15.3926, -0.1305], [20.8176, -11.6189], [24.5295, -1.0444]], [[3.6858, 0.0], [7.3977, 0.0], [11.9662, -0.1305], [16.5347, -0.1305], [20.5321, 16.5798], [20.2466, -0.2611]]]",0.8349,0.0,0.0,0.0,0.0,0.0,0.0,True,[3],0.0,0.0,0.0,2.1521,8.0,0.9317,2.9207,3.4587,0.5796,1.4077,2.1521,"[[3.686, 0.0], [7.398, 0.0], [11.11, -0.131], [15.393, -0.131], [19.104, -0.131], [21.389, -0.131]]",ok,4.5591,0.0,0.0,0.0,0.0,0.0,0.0,0.0,0.0,0.0,51f37263b06c417e94138f2d9348f909,scene-0270,42
1.2381,2.5748,3.5796,0.8836,1.5495,2.2069,0.0,0.0,0.0,0.0,0.0,0.0,0.0,0.0,0.0,ok,straight,1.2381,2.0049,3.5796,0.8836,1.2638,2.0164,True,"[-0.0, -0.0, -0.4569, -1.0444, -0.0, -0.1305, -0.0, -0.0]","[-17.2085, -127.1989, -516.0023, -262.556, -1699.9591, -3609.9434, -4048.9721, -7827.9367]","[4.6599, 4.608, 3.1539, 1.5861, -1001696.7633, -1003606.7384, -1004045.7672, -1007824.7408]","[2.207, 2.016, 3.209, 2.706, 2.546, 2.492, 4.062, 2.116]","[[[2.2582, 0.0], [4.5424, 0.0], [6.5412, 0.0], [8.5399, 0.0], [10.5386, 0.0], [11.6807, 0.0]], [[2.2582, 0.0], [4.5424, 0.0], [5.9701, -0.1305], [7.9688, 0.0], [10.5386, 0.0], [11.6807, 0.0]], [[2.2582, 0.0], [4.5424, 0.0], [5.9701, -0.1305], [7.9688, 0.0], [12.8228, -0.2611], [16.5347, -0.9138]], [[2.2582, 0.0], [4.5424, 0.0], [6.5412, 0.0], [8.5399, 0.0], [10.8241, -0.2611], [13.9649, 2.0888]], [[2.2582, 0.0], [4.5424, 0.0], [5.9701, -0.1305], [7.9688, 0.0], [9.1109, 0.2611], [16.2492, 0.0]], [[2.2582, 0.0], [4.5424, 0.0], [6.5412, 0.0], [8.5399, 0.0], [13.3939, -0.5222], [10.5386, -0.2611]], [[2.2582, 0.0], [4.5424, 0.0], [6.5412, 0.0], [8.5399, 0.0], [15.9636, 0.0], [17.3913, 0.0]], [[2.2582, 0.0], [4.5424, 0.0], [5.9701, -0.1305], [7.9688, 0.0], [13.9649, -0.5222], [8.8254, 0.0]]]",0.6349,0.0,0.0,0.0,0.0,0.0,0.0,True,[3],0.0,0.0,0.0,2.0164,8.0,1.2381,2.0049,3.5796,0.8836,1.2638,2.0164,"[[2.258, 0.0], [4.542, 0.0], [5.97, -0.131], [7.969, 0.0], [10.539, 0.0], [11.681, 0.0]]",ok,4.0617,0.0,0.0,0.0,0.0,0.0,0.0,0.0,0.0,0.0,7b175346a22b4e68b54a9d21f88446dc,scene-0270,42
0.1637,0.1585,0.1591,0.165,0.1617,0.1608,0.0,0.0,0.0,0.0,0.0,0.0,0.0,0.0,0.0,ok,straight,0.1637,0.1585,0.9853,0.165,0.1617,0.2985,False,"[-0.0, -0.0, -0.0, -0.1958, -1.2402, -0.0, -8.2899, -0.0]","[-25.0582, -85.8113, -314.401, -476.4951, -1963.9172, -7377.8545, -282219.511, -1633924.3598]","[2.3829, 2.3828, 2.3824, 2.3097, -1001962.4344, -1007376.3717, -1282218.0282, -2633922.877]","[0.298, 0.294, 0.579, 1.291, 1.015, 1.15, 12.046, 11.806]","[[[-0.026, 0.0], [-0.026, 0.0], [-0.026, 0.0], [-0.026, 0.0], [-0.026, 0.0], [1.1161, 0.0]], [[-0.026, 0.0], [-0.026, 0.0], [-0.026, 0.0], [0.2595, 0.0], [-0.026, 0.0], [1.1161, 0.0]], [[-0.026, 0.0], [-0.026, 0.0], [-0.026, 0.0], [-0.026, 0.0], [1.6871, 0.0], [1.4016, 0.0]], [[-0.026, 0.0], [-0.026, 0.0], [-0.026, 0.0], [0.2595, 0.0], [3.1148, 0.0], [4.2569, -0.3916]], [[-0.026, 0.0], [-0.026, 0.0], [-0.026, 0.0], [0.2595, 0.0], [1.6871, 0.0], [-2.8813, 2.4804]], [[-0.026, 0.0], [-0.026, 0.0], [-0.026, 0.0], [-0.026, 0.0], [5.399, 0.0], [1.1161, 0.0]], [[-0.026, 0.0], [-0.026, 0.0], [-0.026, 0.0], [-0.026, 0.0], [-0.026, 0.0], [69.6432, 16.5798]], [[-0.026, 0.0], [-0.026, 0.0], [-0.026, 0.0], [0.2595, 0.0], [69.6432, 0.7833], [0.8306, 0.0]]]",4.8428,0.0,0.0,0.0,0.0,0.0,0.0,True,[3],0.0,0.0,0.0,0.2937,8.0,0.1637,0.1301,0.9853,0.165,0.1546,0.2937,"[[-0.026, 0.0], [-0.026, 0.0], [-0.026, 0.0], [-0.026, 0.0], [-0.026, 0.0], [1.116, 0.0]]",ok,12.0456,0.0,0.0,0.0,0.0,0.0,0.0,0.0,0.0,0.0,849bde6d489544178c838baa28142bd4,scene-0270,42
0.3452,0.1155,0.698,0.3426,0.2456,0.3407,0.0,0.0,0.0,0.0,0.0,0.0,0.0,0.0,0.0,ok,straight,0.3452,0.9705,0.698,0.1999,0.5116,0.518,False,"[-0.0, -0.0, -0.0, -0.0, -0.0653, -0.0, -0.0, -0.8486]","[-64.6885, -272.1028, -443.4861, -483.7349, -293.5266, -1764.1657, -1883.0727, -6204.1148]","[3.0317, 2.9236, 2.8343, 2.8134, 2.678, -1001762.2537, -1001881.1606, -1006202.2027]","[0.518, 0.433, 0.635, 0.438, 0.556, 1.163, 0.676, 2.307]","[[[0.2595, 0.0], [0.2595, 0.0], [0.2595, 0.0], [0.2595, 0.0], [1.1161, 0.0], [1.1161, 0.0]], [[-0.026, 0.0], [0.2595, 0.0], [0.8306, 0.0], [1.9727, 0.0], [1.1161, 0.0], [1.1161, 0.0]], [[0.2595, 0.0], [0.2595, 0.0], [0.2595, 0.0], [0.2595, 0.0], [1.6871, 0.0], [0.2595, 0.0]], [[-0.026, 0.0], [0.2595, 0.0], [0.8306, 0.0], [1.9727, 0.0], [1.1161, 0.0], [2.5437, 0.0]], [[-0.026, 0.0], [0.2595, 0.0], [0.8306, 0.0], [1.9727, 0.0], [1.6871, 0.0], [3.4003, 0.1305]], [[0.2595, 0.0], [0.2595, 0.0], [0.2595, 0.0], [0.2595, 0.0], [1.6871, -0.1305], [-2.8813, 0.0]], [[-0.026, 0.0], [0.2595, 0.0], [0.8306, 0.0], [1.9727, 0.0], [-0.026, 0.0], [2.8293, 0.0]], [[0.2595, 0.0], [0.2595, 0.0], [0.2595, 0.0], [0.2595, 0.0], [0.545, 0.0], [12.5373, 1.6971]]]",0.5955,0.0,0.0,0.0,0.0,0.0,0.0,True,[3],0.0,0.0,0.0,0.4327,8.0,0.3452,0.7431,0.698,0.3426,0.3836,0.4327,"[[0.259, 0.0], [0.259, 0.0], [0.259, 0.0], [0.259, 0.0], [1.116, 0.0], [1.116, 0.0]]",ok,2.307,0.0,0.0,0.0,0.0,0.0,0.0,0.0,0.0,0.0,9de41b523cce4fb3aa4f6230ec06345d,scene-0270,42
4.0168,6.2673,9.4793,3.2995,4.4675,5.909,0.0,1.0,0.0,0.0,1.0,1.0,0.0,0.5,0.5,ok,straight,4.0168,6.5529,11.4765,3.2995,4.5389,6.3377,False,"[-0.0653, -0.2611, -0.1305, -0.3916, -0.1305, -0.0653, -0.0653, -0.0653]","[-25.2978, -446.1577, -1370.0352, -6737.1745, -2495.91, -3461.7643, -8428.6132, -46217.0159]","[3.7533, 1.9738, -1001367.6072, -1006734.7465, -2004064.1764, -2005030.0307, -2009996.8797, -2047785.2823]","[6.004, 6.717, 6.061, 8.861, 6.622, 5.957, 6.341, 10.764]","[[[2.8293, 0.0], [5.1135, 0.0], [7.3977, 0.0], [10.253, -0.1305], [13.1083, -0.1305], [15.3926, -0.1305]], [[2.8293, 0.0], [5.1135, 0.0], [7.3977, 0.0], [10.253, -0.1305], [15.107, 0.0], [17.6768, -0.5222]], [[2.8293, 0.0], [5.1135, 0.0], [7.3977, 0.0], [10.253, -0.1305], [11.3952, 0.3916], [17.3913, 0.2611]], [[2.8293, 0.0], [5.1135, 0.0], [7.3977, 0.0], [10.253, -0.1305], [14.536, 0.2611], [31.0967, -0.7833]], [[2.8293, 0.0], [5.1135, 0.0], [8.8254, -0.1305], [8.5399, -0.2611], [12.5373, -0.2611], [19.9611, -0.2611]], [[2.8293, 0.0], [5.1135, 0.0], [8.8254, -0.1305], [8.5399, -0.2611], [13.1083, -0.1305], [15.3926, -0.1305]], [[2.8293, 0.0], [5.1135, 0.0], [8.8254, -0.1305], [8.5399, -0.2611], [15.3926, 0.1305], [15.3926, 0.1305]], [[2.8293, 0.0], [5.1135, 0.0], [8.8254, -0.1305], [8.5399, -0.2611], [11.9662, -0.7833], [45.3732, -0.1305]]]",1.6214,0.0,1.0,0.0,0.0,1.0,1.0,True,[3],0.0,0.5,0.5,5.9567,8.0,4.0168,4.8404,9.4793,3.2995,4.4677,5.9567,"[[2.829, 0.0], [5.113, 0.0], [7.398, 0.0], [10.253, -0.131], [13.108, 0.0], [17.391, -0.131]]",ok,10.7642,0.0,1.0,1.0,0.0,1.0,1.0,0.0,0.5,0.6666666666666666,c28c950afda14f7b93ff956799873dff,scene-0271,42
3.885,8.8132,11.2043,3.0266,5.2638,7.155,0.0,0.0,0.0,0.0,0.0,0.0,0.0,0.0,0.0,ok,straight,3.885,8.8132,11.2043,3.0266,5.2638,7.0132,True,"[-0.3264, -0.3264, -0.3264, -0.3264, -8.2899, -0.2611, -0.3264, -0.5875]","[-198.0088, -433.5049, -2351.2635, -3402.6752, -8139.5215, -15459.9679, -69596.8806, -745115.1326]","[4.1239, 4.0622, -1002347.9623, -1003399.374, -1008136.2203, -1015456.7275, -1069593.6401, -1745111.8921]","[7.013, 6.346, 8.199, 7.008, 7.912, 6.529, 9.231, 14.576]","[[[4.828, 0.0], [9.1109, 0.0], [13.9649, 0.1305], [19.1045, 0.0], [22.5308, 0.1305], [26.5282, 0.6527]], [[4.828, 0.0], [9.1109, 0.0], [11.9662, 0.2611], [17.1058, 0.1305], [22.5308, 0.1305], [26.5282, 0.6527]], [[4.828, 0.0], [9.1109, 0.0], [13.9649, 0.1305], [19.1045, 0.0], [27.0993, 0.0], [29.098, 0.6527]], [[4.828, 0.0], [9.1109, 0.0], [13.9649, 0.1305], [19.1045, 0.0], [25.3861, 0.3916], [23.3874, -0.6527]], [[4.828, 0.0], [9.1109, 0.0], [13.9649, 0.1305], [19.1045, 0.0], [22.8163, 1.9582], [22.2453, 16.5798]], [[4.828, 0.0], [9.1109, 0.0], [11.9662, 0.2611], [17.1058, 0.1305], [22.5308, -6.658], [24.8151, 0.5222]], [[4.828, 0.0], [9.1109, 0.0], [11.9662, 0.2611], [17.1058, 0.1305], [22.8163, -13.9688], [35.3797, 0.6527]], [[4.828, 0.0], [9.1109, 0.0], [11.9662, 0.2611], [17.1058, 0.1305], [69.6432, -1.9582], [28.8125, 1.1749]]]",2.5167,0.0,0.0,0.0,0.0,0.0,0.0,True,[3],0.0,0.0,0.0,6.346,8.0,3.885,6.8127,11.2043,3.0266,4.263,6.346,"[[4.828, 0.0], [9.111, 0.0], [13.965, 0.131], [19.104, 0.0], [22.531, 0.131], [26.528, 0.653]]",ok,14.5756,0.0,0.0,0.0,0.0,0.0,0.0,0.0,0.0,0.0,28b11a54a9554bcab30d73ee193046b5,scene-0271,42
3.1374,6.2199,9.8301,2.2626,3.793,5.6251,0.0,0.0,0.0,0.0,0.0,0.0,0.0,0.0,0.0,ok,straight,2.5741,5.0821,9.8301,1.3089,2.6776,4.8339,True,"[-0.0653, -0.0653, -0.2611, -0.4569, -0.1958, -0.0, -0.1958, -0.1305]","[-541.7794, -1043.3887, -953.8647, -1286.3068, -2696.5115, -4361.5866, -8314.4966, -89415.7508]","[4.6962, 3.2516, 1.7968, -1001282.8535, -1002694.4853, -1004358.1333, -1008311.0433, -1089413.7246]","[6.196, 4.834, 4.794, 5.434, 5.215, 7.054, 7.148, 6.261]","[[[3.1148, 0.0], [6.5412, 0.0], [10.5386, -0.1305], [14.2505, 0.0], [15.107, -0.1305], [17.3913, -0.1305]], [[1.6871, 0.0], [5.9701, 0.1305], [7.6833, 0.1305], [10.8241, 0.0], [15.107, -0.1305], [17.3913, -0.1305]], [[1.6871, 0.0], [5.9701, 0.1305], [7.6833, 0.1305], [10.8241, 0.0], [14.8215, 0.0], [17.3913, 0.5222]], [[3.1148, 0.0], [6.5412, 0.0], [10.5386, -0.1305], [14.2505, 0.0], [15.9636, 0.9138], [11.6807, 0.9138]], [[1.6871, 0.0], [5.9701, 0.1305], [7.6833, 0.1305], [10.8241, 0.0], [13.1083, 0.0], [21.6742, -0.3916]], [[3.1148, 0.0], [6.5412, 0.0], [10.5386, -0.1305], [14.2505, 0.0], [14.536, 0.0], [23.1019, 0.0]], [[3.1148, 0.0], [6.5412, 0.0], [10.5386, -0.1305], [14.2505, 0.0], [13.6794, 0.0], [24.5295, -0.3916]], [[1.6871, 0.0], [5.9701, 0.1305], [7.6833, 0.1305], [10.8241, 0.0], [28.8125, 0.0], [12.2517, -0.2611]]]",0.8765,0.0,0.0,0.0,0.0,0.0,0.0,True,[3],0.0,0.0,0.0,4.7936,8.0,2.5741,5.0821,9.8699,1.3089,2.6776,4.7936,"[[1.687, 0.0], [5.97, 0.131], [7.683, 0.131], [10.824, 0.0], [15.107, -0.131], [17.391, -0.131]]",ok,7.1481,0.0,0.0,0.0,0.0,0.0,0.0,0.0,0.0,0.0,f09c85b7ca614a97b5a2293ad5b1182c,scene-0271,42
5.1137,9.6831,15.3934,3.9716,6.2564,8.731,0.0,0.0,0.0,0.0,0.0,0.0,0.0,0.0,0.0,ok,straight,5.3992,9.6831,15.3951,3.9716,6.2564,8.7316,False,"[-0.1305, -0.1305, -0.6527, -0.0653, -0.1958, -0.4569, -0.3916, -7.1802]","[-34.7975, -76.0387, -1411.5058, -1551.2651, -1809.6374, -9342.1594, -11412.2832, -1125360.049]","[3.2079, 3.2057, -1001409.1338, -1001548.891, -1001807.2633, -1009339.7873, -1011409.9091, -2125357.6769]","[8.732, 8.732, 8.61, 7.874, 9.639, 10.028, 9.12, 19.322]","[[[2.8293, 0.0], [5.1135, 0.0], [7.3977, 0.1305], [9.682, 0.1305], [11.9662, 0.2611], [15.3926, 0.2611]], [[2.5437, 0.0], [5.399, 0.0], [7.3977, 0.1305], [9.682, 0.1305], [11.9662, 0.2611], [15.3926, 0.2611]], [[2.5437, 0.0], [5.399, 0.0], [7.3977, 0.1305], [9.682, 0.1305], [11.1096, -1.3055], [15.3926, 1.3055]], [[2.8293, 0.0], [5.1135, 0.0], [7.3977, 0.1305], [9.682, 0.1305], [9.1109, 0.0], [13.1083, -0.1305]], [[2.8293, 0.0], [5.1135, 0.0], [7.3977, 0.1305], [9.682, 0.1305], [11.9662, 0.6527], [20.8176, 0.3916]], [[2.5437, 0.0], [5.399, 0.0], [7.3977, 0.1305], [9.682, 0.1305], [18.2479, 1.3055], [16.8202, -0.9138]], [[2.8293, 0.0], [5.1135, 0.0], [7.3977, 0.1305], [9.682, 0.1305], [17.3913, 0.9138], [12.2517, 0.7833]], [[2.5437, 0.0], [5.399, 0.0], [7.3977, 0.1305], [9.682, 0.1305], [69.6432, -0.1305], [15.6781, -14.3605]]]",3.4811,0.0,0.0,0.0,0.0,0.0,0.0,True,[3],0.0,0.0,0.0,7.8743,8.0,5.1137,9.6831,13.1093,3.9716,6.2564,7.8743,"[[2.544, 0.0], [5.399, 0.0], [7.398, 0.131], [9.682, 0.131], [11.966, 0.261], [15.393, 0.261]]",ok,19.3219,0.0,0.0,0.0,0.0,0.0,0.0,0.0,0.0,0.0,95da06d762ea41ed8050c8d7a9cefa8c,scene-0271,42
4.5443,9.9709,15.4064,3.6868,6.2572,8.8298,0.0,0.0,0.0,0.0,0.0,0.0,0.0,0.0,0.0,ok,straight,4.5499,9.9709,14.8422,3.2613,6.0445,8.5939,True,"[-0.0653, -0.3916, -0.3916, -0.2611, -0.3916, -0.5222, -8.2899, -0.1305]","[-174.0825, -81.9907, -232.0205, -883.7268, -1078.4365, -7263.1651, -12395.186, -87192.938]","[3.8947, 3.7745, 3.5483, -1000881.0021, -1001075.7118, -1007260.2195, -1012392.2404, -1087190.2133]","[8.782, 8.594, 8.736, 9.019, 8.667, 8.743, 9.355, 10.51]","[[[1.9727, 0.0], [4.5424, 0.2611], [7.6833, 0.1305], [9.9675, 0.2611], [13.1083, 0.5222], [15.3926, -0.1305]], [[1.9727, 0.0], [4.5424, 0.2611], [7.6833, 0.1305], [9.9675, 0.2611], [12.5373, 0.3916], [14.8215, 0.7833]], [[2.8293, 0.0], [4.5424, 0.1305], [7.6833, 0.1305], [9.9675, 0.2611], [12.5373, 0.3916], [14.8215, 0.7833]], [[2.8293, 0.0], [4.5424, 0.1305], [7.6833, 0.1305], [9.9675, 0.2611], [11.6807, 0.3916], [17.3913, -0.5222]], [[2.8293, 0.0], [4.5424, 0.1305], [7.6833, 0.1305], [9.9675, 0.2611], [11.3952, 1.9582], [15.3926, 0.7833]], [[1.9727, 0.0], [4.5424, 0.2611], [7.6833, 0.1305], [9.9675, 0.2611], [16.2492, 0.7833], [11.9662, 1.0444]], [[1.9727, 0.0], [4.5424, 0.2611], [7.6833, 0.1305], [9.9675, 0.2611], [10.253, 0.6527], [13.9649, 16.5798]], [[2.8293, 0.0], [4.5424, 0.1305], [7.6833, 0.1305], [9.9675, 0.2611], [13.6794, 16.5798], [16.5347, 0.2611]]]",0.5963,0.0,0.0,0.0,0.0,0.0,0.0,True,[3],0.0,0.0,0.0,8.5939,8.0,4.5499,9.9709,14.8422,3.2613,6.0445,8.5939,"[[1.973, 0.0], [4.542, 0.261], [7.683, 0.131], [9.968, 0.261], [12.537, 0.392], [14.822, 0.783]]",ok,10.51,0.0,1.0,0.0,0.0,1.0,1.0,0.0,0.25,0.3333333333333333,e261f474caa34797b0759aa2ca8a576d,scene-0272,42
3.7085,6.8091,7.6239,3.0529,4.6891,5.8836,0.0,0.0,0.0,0.0,0.0,0.0,0.0,0.0,0.0,ok,straight,3.7085,6.8091,7.6239,3.0529,4.6891,5.5509,True,"[-0.0653, -0.0653, -0.0653, -0.3264, -0.5222, -0.5875, -7.115, -4.7651]","[-160.7803, -579.5902, -1280.7643, -4718.621, -12876.0345, -13183.9732, -258410.3103, -786508.6084]","[4.5624, 4.3652, -1001277.3611, -1004715.2178, -1012872.8269, -1013180.7656, -1258407.1027, -1786505.2053]","[5.551, 5.79, 6.501, 6.31, 7.737, 7.023, 11.867, 17.25]","[[[3.6858, 0.0], [6.5412, 0.0], [10.5386, 0.0], [13.6794, 0.0], [16.2492, 0.1305], [19.39, 0.1305]], [[4.828, 0.2611], [6.8267, 0.0], [10.5386, 0.0], [13.6794, 0.0], [16.2492, 0.1305], [19.39, 0.1305]], [[3.6858, 0.0], [6.5412, 0.0], [10.5386, 0.0], [13.6794, 0.0], [19.39, 0.9138], [21.9598, 0.1305]], [[3.6858, 0.0], [6.5412, 0.0], [10.5386, 0.0], [13.6794, 0.0], [14.8215, 0.0], [25.3861, 0.6527]], [[4.828, 0.2611], [6.8267, 0.0], [10.5386, 0.0], [13.6794, 0.0], [24.244, 0.9138], [23.1019, 1.0444]], [[4.828, 0.2611], [6.8267, 0.0], [10.5386, 0.0], [13.6794, 0.0], [13.9649, 0.6527], [29.098, 1.1749]], [[4.828, 0.2611], [6.8267, 0.0], [10.5386, 0.0], [13.6794, 0.0], [43.66, 0.1305], [19.1045, -14.2299]], [[3.6858, 0.0], [6.5412, 0.0], [10.5386, 0.0], [13.6794, 0.0], [69.6432, 0.0], [33.952, -9.5301]]]",3.7996,0.0,0.0,0.0,0.0,0.0,0.0,True,[3],0.0,0.0,0.0,5.5509,8.0,3.7085,6.8091,7.6239,3.0529,4.6891,5.5509,"[[3.686, 0.0], [6.541, 0.0], [10.539, 0.0], [13.679, 0.0], [16.249, 0.131], [19.39, 0.131]]",ok,17.2502,0.0,0.0,0.0,0.0,0.0,0.0,0.0,0.0,0.0,6e49bfd9f21447858938b77180bcb6b8,scene-0272,42
0.6498,0.4024,0.4361,0.555,0.5186,0.5137,0.0,0.0,0.0,0.0,0.0,0.0,0.0,0.0,0.0,ok,straight,0.6498,0.4024,0.6097,0.555,0.5186,0.5574,False,"[-0.0, -0.0653, -0.0653, -0.0, -0.0653, -0.3916, -0.3264, -0.1305]","[-35.7071, -107.9348, -730.1577, -1094.0806, -2687.438, -7136.0368, -41483.7826, -71309.872]","[4.0579, 3.5836, -1000727.6687, -1001091.5919, -1002684.9493, -1007133.5481, -1041481.2939, -1071307.383]","[0.535, 0.557, 1.104, 0.639, 1.103, 3.048, 3.58, 2.85]","[[[2.8293, 0.0], [5.399, 0.0], [7.6833, 0.0], [9.682, 0.0], [12.5373, 0.0], [15.3926, 0.0]], [[2.8293, 0.0], [5.399, 0.0], [7.6833, 0.0], [9.682, 0.0], [11.3952, 0.5222], [14.536, 0.1305]], [[2.8293, 0.0], [5.399, 0.0], [7.6833, 0.0], [9.682, 0.0], [9.682, 0.3916], [12.8228, -0.1305]], [[2.8293, 0.0], [5.399, 0.0], [7.9688, 0.0], [8.5399, 0.0], [12.5373, 0.0], [15.3926, 0.0]], [[2.8293, 0.0], [5.399, 0.0], [7.9688, 0.0], [8.5399, 0.0], [12.8228, -0.1305], [11.9662, 0.1305]], [[2.8293, 0.0], [5.399, 0.0], [7.9688, 0.0], [8.5399, 0.0], [12.8228, -0.2611], [29.6691, 0.7833]], [[2.8293, 0.0], [5.399, 0.0], [7.9688, 0.0], [8.5399, 0.0], [24.244, 1.6971], [21.3887, 0.6527]], [[2.8293, 0.0], [5.399, 0.0], [7.6833, 0.0], [9.682, 0.0], [16.8202, -13.9688], [15.107, 0.2611]]]",1.1818,0.0,0.0,0.0,0.0,0.0,0.0,True,[3],0.0,0.0,0.0,0.5347,8.0,0.6498,0.4024,0.5623,0.555,0.5186,0.5347,"[[2.829, 0.0], [5.399, 0.0], [7.683, 0.0], [9.682, 0.0], [11.395, 0.392], [14.536, 0.0]]",ok,3.5797,0.0,0.0,0.0,0.0,0.0,0.0,0.0,0.0,0.0,670c160e6af24e7c8a8dc34aae1e3a1c,scene-0272,42
0.3771,2.7611,4.9065,0.284,1.1853,2.2171,0.0,0.0,0.0,0.0,0.0,0.0,0.0,0.0,0.0,ok,left,0.3771,2.2538,3.7958,0.284,1.0585,1.8869,True,"[2.2846, 3.6554, 1.9582, -2.0235, 8.2899, -5.6789, 2.2846, 8.2899]","[-36.3583, -1001.7636, -2587.3633, -139084.2147, -16145.7363, -39059.1715, -48396.2998, -96344.3837]","[2.6283, -1001000.0132, -1002585.6129, -1139082.4644, -2022665.4442, -2045578.8793, -2054916.0076, -2102864.0915]","[2.133, 1.615, 1.461, 8.4, 5.885, 5.711, 3.174, 4.896]","[[[2.2582, 0.1305], [4.5424, 0.5222], [6.8267, 1.0444], [9.1109, 1.6971], [11.1096, 2.4804], [13.1083, 4.5692]], [[2.2582, 0.1305], [4.5424, 0.5222], [6.8267, 1.0444], [9.1109, 1.6971], [10.8241, 4.1776], [17.1058, 7.3108]], [[2.2582, 0.1305], [4.5424, 0.5222], [6.8267, 1.0444], [9.1109, 1.6971], [14.536, 3.6554], [14.2505, 3.9165]], [[2.2582, 0.1305], [4.5424, 0.5222], [6.8267, 1.0444], [9.1109, 1.6971], [10.5386, -16.5798], [41.0903, -4.047]], [[2.2582, 0.1305], [4.5424, 0.5222], [6.8267, 1.5666], [11.6807, 11.4884], [9.3964, 16.5798], [14.8215, 16.5798]], [[2.2582, 0.1305], [4.5424, 0.5222], [6.8267, 1.5666], [11.6807, 11.4884], [17.3913, 6.5275], [7.3977, -11.3578]], [[2.2582, 0.1305], [4.5424, 0.5222], [6.8267, 1.5666], [11.6807, 11.4884], [11.1096, 2.4804], [13.1083, 4.5692]], [[2.2582, 0.1305], [4.5424, 0.5222], [6.8267, 1.5666], [11.6807, 11.4884], [7.3977, 1.6971], [14.536, 16.5798]]]",2.3115,0.0,0.0,0.0,0.0,0.0,0.0,True,[3],0.0,0.0,0.0,1.4613,8.0,0.3771,2.2538,4.0181,0.284,1.0585,1.4613,"[[2.258, 0.131], [4.542, 0.522], [6.827, 1.044], [9.111, 1.697], [11.11, 3.655], [14.25, 4.569]]",ok,8.4005,0.0,0.0,0.0,0.0,0.0,0.0,0.0,0.0,0.0,80d7c172efb64b5296f2d22f942bc963,scene-0272,42
1.3644,3.6603,4.2236,0.9397,2.1219,2.9094,0.0,0.0,0.0,0.0,0.0,0.0,0.0,0.0,0.0,ok,right,1.3644,3.6603,3.7192,0.9397,2.1219,2.8253,True,"[0.2611, 0.2611, -0.0653, 0.718, 0.4569, 0.2611, 0.6527, 0.0653]","[-915.2482, -305.0103, -269.6587, -479.8674, -1409.6392, -28368.453, -46749.3734, -52578.1997]","[5.5119, 4.1178, 2.8285, -1000476.2483, -1001404.5973, -1028363.4111, -1046745.7542, -1052573.1578]","[2.9, 2.825, 2.579, 2.695, 2.465, 2.699, 3.255, 4.298]","[[[2.8293, 0.0], [5.399, -0.1305], [8.8254, -0.2611], [9.682, -0.6527], [13.1083, -0.2611], [17.3913, -0.5222]], [[2.8293, 0.0], [5.399, -0.1305], [7.9688, -0.1305], [11.1096, -0.2611], [13.1083, -0.2611], [17.3913, -0.5222]], [[2.8293, 0.0], [5.399, -0.1305], [7.9688, -0.1305], [11.1096, -0.2611], [14.8215, 0.9138], [18.8189, 0.1305]], [[2.8293, 0.0], [5.399, -0.1305], [7.9688, -0.1305], [11.1096, -0.2611], [15.107, -0.2611], [15.9636, -1.436]], [[2.8293, 0.0], [5.399, -0.1305], [8.8254, -0.2611], [9.682, -0.6527], [14.2505, -0.6527], [18.8189, -0.9138]], [[2.8293, 0.0], [5.399, -0.1305], [8.8254, -0.2611], [9.682, -0.6527], [22.8163, -0.6527], [20.2466, -0.5222]], [[2.8293, 0.0], [5.399, -0.1305], [7.9688, -0.1305], [11.1096, -0.2611], [27.3848, -0.3916], [20.2466, -1.3055]], [[2.8293, 0.0], [5.399, -0.1305], [8.8254, -0.2611], [9.682, -0.6527], [13.1083, -12.7939], [25.1006, -0.1305]]]",0.5509,0.0,0.0,0.0,0.0,0.0,0.0,True,[3],0.0,0.0,0.0,2.4654,8.0,1.3644,4.9741,2.317,0.9397,2.2344,2.4654,"[[2.829, 0.0], [5.399, -0.131], [7.969, -0.131], [11.11, -0.261], [13.108, -0.261], [17.391, -0.522]]",ok,4.2984,0.0,0.0,0.0,0.0,0.0,0.0,0.0,0.0,0.0,1d477a7c21784a98b2e6a9289a958fe2,scene-0273,42
2.195,5.9344,10.7638,1.5328,3.3916,5.2535,0.0,0.0,0.0,0.0,0.0,0.0,0.0,0.0,0.0,ok,straight,3.3365,5.9344,10.7638,2.1035,3.677,5.4565,False,"[-0.6527, -0.6527, -1.7624, -0.3264, -0.7833, -1.436, -0.3264, -1.0444]","[-320.8043, -447.5283, -296.9546, -2892.9592, -3982.3491, -4286.8869, -11674.0824, -20446.9009]","[4.3981, 3.1219, 0.8309, -1002891.0655, -1003979.1983, -1004283.7361, -1011670.9316, -1020445.0071]","[5.266, 5.457, 4.998, 4.99, 6.079, 5.033, 5.77, 5.689]","[[[3.6858, 0.0], [7.3977, -0.1305], [11.9662, -0.3916], [15.3926, -0.5222], [18.8189, -1.1749], [24.8151, -1.3055]], [[3.6858, 0.0], [8.5399, 0.2611], [11.9662, -0.3916], [15.3926, -0.5222], [18.8189, -1.1749], [24.8151, -1.3055]], [[3.6858, 0.0], [8.5399, 0.2611], [11.9662, -0.3916], [15.3926, -0.5222], [18.2479, -1.3055], [21.6742, -3.5248]], [[3.6858, 0.0], [8.5399, 0.2611], [11.9662, -0.3916], [15.3926, -0.5222], [16.5347, -0.2611], [24.5295, -0.6527]], [[3.6858, 0.0], [7.3977, -0.1305], [11.9662, -0.3916], [15.3926, -0.5222], [23.3874, -0.7833], [25.3861, 1.5666]], [[3.6858, 0.0], [7.3977, -0.1305], [11.9662, -0.3916], [15.3926, -0.5222], [21.6742, -1.5666], [19.6755, -2.8721]], [[3.6858, 0.0], [7.3977, -0.1305], [11.9662, -0.3916], [15.3926, -0.5222], [24.8151, -1.436], [21.9598, -0.6527]], [[3.6858, 0.0], [8.5399, 0.2611], [11.9662, -0.3916], [15.3926, -0.5222], [25.6716, -1.5666], [18.8189, -2.0888]]]",0.3819,0.0,0.0,0.0,0.0,0.0,0.0,True,[3],0.0,0.0,0.0,4.9902,8.0,3.3365,5.9344,10.3807,2.1035,3.677,4.9902,"[[3.686, 0.0], [8.54, 0.261], [11.966, -0.392], [15.393, -0.522], [18.819, -1.175], [24.815, -1.305]]",ok,6.0793,0.0,0.0,0.0,0.0,0.0,0.0,0.0,0.0,0.0,b513d361d0874bf8aa8eeae2e04dd25c,scene-0273,42
1.1518,3.3801,5.2104,0.8439,1.7426,2.7365,0.0,0.0,0.0,0.0,0.0,0.0,0.0,0.0,0.0,ok,right,0.5896,3.3801,5.2104,0.5706,1.606,2.6359,True,"[1.3055, 1.2402, 1.2402, 4.1123, 6.7886, 2.5457, -8.2899, 2.0888]","[-436.3485, -78.9165, -128.2621, -5372.9867, -8475.1161, -17368.1139, -47248.3375, -888110.558]","[0.5402, 0.5257, 0.5252, -1005372.843, -1008474.9727, -1017367.9704, -1047248.1938, -1888110.4143]","[2.306, 2.727, 2.636, 2.624, 3.321, 3.262, 6.245, 9.605]","[[[3.6858, 0.0], [7.9688, -0.2611], [11.1096, -0.5222], [14.2505, -1.0444], [19.39, -1.436], [22.8163, -2.611]], [[3.6858, -0.1305], [7.3977, -0.2611], [11.1096, -0.5222], [14.2505, -1.0444], [18.2479, -1.436], [21.9598, -2.4804]], [[3.6858, 0.0], [7.9688, -0.2611], [11.1096, -0.5222], [14.2505, -1.0444], [18.2479, -1.436], [21.9598, -2.4804]], [[3.6858, -0.1305], [7.3977, -0.2611], [11.1096, -0.5222], [14.2505, -1.0444], [21.1032, -1.0444], [22.2453, -8.2246]], [[3.6858, 0.0], [7.9688, -0.2611], [11.1096, -0.5222], [14.2505, -1.0444], [19.9611, -1.0444], [24.244, -13.5772]], [[3.6858, 0.0], [7.9688, -0.2611], [11.1096, -0.5222], [14.2505, -1.0444], [19.9611, 4.4387], [21.3887, -5.0914]], [[3.6858, -0.1305], [7.3977, -0.2611], [11.1096, -0.5222], [14.2505, -1.0444], [12.2517, -1.436], [32.2388, 16.5798]], [[3.6858, -0.1305], [7.3977, -0.2611], [11.1096, -0.5222], [14.2505, -1.0444], [69.6432, -0.5222], [23.9585, -4.1776]]]",2.3885,0.0,0.0,0.0,0.0,0.0,0.0,True,[3],0.0,0.0,0.0,2.3059,8.0,0.5896,3.3801,4.3442,0.5706,1.606,2.3059,"[[3.686, 0.0], [7.969, -0.261], [11.11, -0.522], [14.25, -1.044], [18.248, -1.436], [21.96, -2.48]]",ok,9.6047,0.0,0.0,0.0,0.0,0.0,0.0,0.0,0.0,0.0,0c35a9646b7b4c74af3699f46d6bed9a,scene-0273,42
0.9884,0.7009,3.8499,0.5698,0.609,1.3509,0.0,0.0,0.0,0.0,0.0,0.0,0.0,0.0,0.0,ok,right,0.9884,0.7009,4.2977,0.5698,0.609,1.5245,False,"[1.2402, 1.8277, 1.0444, 5.0262, 1.2402, -8.2899, 2.4152, 1.2402]","[-130.5181, -2963.9637, -38082.7747, -374258.9062, -2354.1719, -22859.8309, -41917.4473, -59916.3081]","[1.8869, -1002962.7968, -1038081.6077, -1374257.7392, -2006293.1542, -2026798.8133, -2045856.4296, -2063855.2904]","[1.439, 0.992, 2.986, 15.834, 1.636, 4.814, 3.893, 7.553]","[[[4.5424, -0.1305], [9.682, -0.2611], [13.9649, -0.5222], [18.2479, -1.0444], [23.3874, -1.1749], [29.6691, -2.4804]], [[4.5424, -0.1305], [9.682, -0.2611], [13.9649, -0.5222], [18.2479, -1.0444], [19.6755, -4.1776], [25.6716, -3.6554]], [[4.5424, -0.1305], [9.682, -0.2611], [13.9649, -0.5222], [18.2479, -1.0444], [13.6794, -1.5666], [32.5244, -2.0888]], [[4.5424, -0.1305], [9.682, -0.2611], [13.9649, -0.5222], [18.2479, -1.0444], [69.6432, 0.3916], [69.6432, -10.0523]], [[4.2569, -0.1305], [6.8267, -0.3916], [13.9649, -0.5222], [18.2479, -1.0444], [23.3874, -1.1749], [29.6691, -2.4804]], [[4.2569, -0.1305], [6.8267, -0.3916], [13.9649, -0.5222], [18.2479, -1.0444], [26.5282, -1.6971], [31.6678, 16.5798]], [[4.2569, -0.1305], [6.8267, -0.3916], [13.9649, -0.5222], [18.2479, -1.0444], [35.0941, -0.9138], [31.6678, -4.8303]], [[4.2569, -0.1305], [6.8267, -0.3916], [13.9649, -0.5222], [18.2479, -1.0444], [42.2324, -1.8277], [46.8008, -2.4804]]]",4.5985,0.0,0.0,0.0,0.0,0.0,0.0,False,[3],0.0,0.0,0.0,0.9919,8.0,0.9884,0.7009,0.6415,0.5698,0.609,0.9919,"[[4.542, -0.131], [9.682, -0.261], [13.965, -0.522], [18.248, -1.044], [19.676, -1.567], [29.669, -2.48]]",ok,15.8337,0.0,0.0,0.0,0.0,0.0,0.0,0.0,0.0,0.0,c63c15b4ddae40579136ebaecbbfbfd0,scene-0273,42
0.5525,0.7627,0.9619,0.3629,0.5167,0.71,0.0,0.0,0.0,0.0,0.0,0.0,0.0,0.0,0.0,ok,straight,0.5525,0.7627,0.9619,0.3629,0.5167,0.71,False,"[-0.0653, -0.0653, -0.0653, -0.2611, -0.0653, -0.2611, -0.0653, -0.2611]","[-1087.3259, -127.3644, -414.6881, -2532.0154, -3560.553, -3728.8621, -9820.373, -69375.9424]","[3.9123, 3.2949, 3.2819, -1002529.3407, -1003558.5391, -1003726.1873, -1009817.6982, -1069373.9284]","[0.887, 0.808, 0.71, 1.33, 1.124, 1.486, 3.553, 5.24]","[[[3.6858, 0.0], [7.3977, 0.0], [12.5373, 0.0], [14.8215, 0.0], [19.1045, -0.1305], [21.6742, -0.1305]], [[3.6858, 0.0], [7.3977, 0.0], [11.1096, 0.0], [14.2505, -0.1305], [18.8189, -0.1305], [23.1019, 0.1305]], [[3.6858, 0.0], [7.3977, 0.0], [11.1096, 0.0], [14.2505, -0.1305], [19.1045, -0.1305], [21.6742, -0.1305]], [[3.6858, 0.0], [7.3977, 0.0], [12.5373, 0.0], [14.8215, 0.0], [19.39, -0.3916], [18.5334, -0.5222]], [[3.6858, 0.0], [7.3977, 0.0], [11.1096, 0.0], [14.2505, -0.1305], [20.5321, 0.0], [19.39, 0.1305]], [[3.6858, 0.0], [7.3977, 0.0], [12.5373, 0.0], [14.8215, 0.0], [15.6781, 0.3916], [24.5295, -0.5222]], [[3.6858, 0.0], [7.3977, 0.0], [12.5373, 0.0], [14.8215, 0.0], [19.39, 0.0], [38.235, -0.1305]], [[3.6858, 0.0], [7.3977, 0.0], [11.1096, 0.0], [14.2505, -0.1305], [23.1019, 0.0], [-2.8813, 0.5222]]]",1.5257,0.0,0.0,0.0,0.0,0.0,0.0,True,[3],0.0,0.0,0.0,0.71,8.0,0.5525,0.7627,0.9619,0.3629,0.5167,0.71,"[[3.686, 0.0], [7.398, 0.0], [11.11, 0.0], [14.25, -0.131], [19.104, -0.131], [21.674, -0.131]]",ok,5.2403,0.0,0.0,0.0,0.0,0.0,0.0,0.0,0.0,0.0,040a956bf0c04ad09fffc286cab5bc56,scene-0274,42
2.4794,5.4065,8.0979,1.6029,3.0862,4.4447,0.0,0.0,0.0,0.0,0.0,0.0,0.0,0.0,0.0,ok,straight,2.4794,5.4065,8.0979,1.6029,3.0862,4.4447,False,"[-0.0, -0.0653, -0.0653, -0.1305, -0.2611, -1.436, -0.0653, -0.0653]","[-26.8025, -87.5418, -129.3823, -104.4855, -2602.4369, -2708.4721, -2761.3579, -61948.577]","[3.9067, 3.7585, 1.7214, 1.5775, -1002601.5814, -1002707.6166, -1002758.4673, -1061945.6865]","[4.398, 4.445, 4.541, 5.636, 4.545, 3.818, 4.161, 5.968]","[[[2.8293, 0.0], [5.399, 0.0], [7.9688, 0.0], [10.253, 0.0], [12.8228, 0.2611], [15.107, 0.0]], [[2.8293, 0.0], [5.399, 0.0], [7.9688, 0.0], [10.253, 0.0], [13.1083, 0.0], [14.536, 0.1305]], [[2.2582, 0.0], [5.399, -0.1305], [7.9688, 0.0], [10.253, 0.0], [13.1083, 0.0], [14.536, 0.1305]], [[2.2582, 0.0], [5.399, -0.1305], [7.9688, 0.0], [10.253, 0.0], [10.8241, 0.0], [10.253, 0.2611]], [[2.2582, 0.0], [5.399, -0.1305], [7.9688, 0.0], [10.253, 0.0], [14.8215, 0.3916], [12.8228, -0.5222]], [[2.2582, 0.0], [5.399, -0.1305], [7.9688, 0.0], [10.253, 0.0], [15.3926, 0.2611], [27.9559, -2.8721]], [[2.8293, 0.0], [5.399, 0.0], [7.9688, 0.0], [10.253, 0.0], [15.3926, -0.2611], [13.9649, 0.1305]], [[2.8293, 0.0], [5.399, 0.0], [7.9688, 0.0], [10.253, 0.0], [-0.026, 0.0], [18.5334, 0.1305]]]",0.6852,0.0,0.0,0.0,0.0,0.0,0.0,True,[3],0.0,0.0,0.0,3.8182,8.0,2.4848,5.4065,6.0387,1.8911,3.2303,3.8182,"[[2.829, 0.0], [5.399, 0.0], [7.969, 0.0], [10.253, 0.0], [13.108, 0.0], [14.536, 0.131]]",ok,5.9678,0.0,0.0,0.0,0.0,0.0,0.0,0.0,0.0,0.0,72fb9f0f545a4d6b92f6de14c9dcce85,scene-0274,42
0.0359,0.5831,1.2311,0.1564,0.3311,0.4811,0.0,0.0,0.0,0.0,0.0,0.0,0.0,0.0,0.0,ok,straight,0.0359,0.8471,0.4826,0.1564,0.3259,0.3528,True,"[-0.0653, -0.0653, -0.0653, -0.1305, -0.1305, -8.2899, -0.1958, -0.0653]","[-30.102, -495.5932, -493.5277, -3680.2809, -19182.2382, -19437.7194, -22985.7516, -51781.3857]","[4.3744, 4.3465, 2.87, -1003677.1811, -1019180.6151, -1019436.0963, -1022984.1285, -1051778.286]","[1.719, 0.353, 0.377, 2.292, 2.032, 3.218, 2.305, 2.61]","[[[3.4003, 0.0], [6.5412, 0.0], [9.9675, 0.0], [14.2505, 0.0], [19.39, -0.2611], [25.6716, -0.1305]], [[3.4003, 0.0], [6.5412, 0.0], [9.9675, 0.0], [14.2505, 0.0], [16.2492, -0.1305], [19.9611, -0.1305]], [[3.4003, 0.0], [6.5412, 0.0], [9.682, 0.0], [13.9649, 0.3916], [16.2492, -0.1305], [19.9611, -0.1305]], [[3.4003, 0.0], [6.5412, 0.0], [9.9675, 0.0], [14.2505, 0.0], [23.1019, 0.1305], [25.3861, 0.2611]], [[3.4003, 0.0], [6.5412, 0.0], [9.682, 0.0], [13.9649, 0.3916], [25.6716, 0.5222], [21.1032, -0.2611]], [[3.4003, 0.0], [6.5412, 0.0], [9.682, 0.0], [13.9649, 0.3916], [16.5347, -0.9138], [16.2492, 16.5798]], [[3.4003, 0.0], [6.5412, 0.0], [9.682, 0.0], [13.9649, 0.3916], [23.9585, 0.5222], [14.536, 0.3916]], [[3.4003, 0.0], [6.5412, 0.0], [9.9675, 0.0], [14.2505, 0.0], [29.6691, -0.1305], [18.2479, 0.1305]]]",0.956,0.0,0.0,0.0,0.0,0.0,0.0,True,[3],0.0,0.0,0.0,0.3528,8.0,0.0359,0.8471,0.4826,0.1564,0.3259,0.3528,"[[3.4, 0.0], [6.541, 0.0], [9.968, 0.0], [14.25, 0.0], [16.249, -0.131], [19.961, -0.131]]",ok,3.2183,0.0,0.0,0.0,0.0,0.0,0.0,0.0,0.0,0.0,9018d220fc7340998efa65631a9c3cd4,scene-0274,42
0.0315,1.6281,1.8697,0.0426,0.49,0.9549,0.0,0.0,0.0,0.0,0.0,0.0,0.0,0.0,0.0,ok,straight,1.9685,0.643,1.8697,1.1079,1.1722,1.4097,False,"[-0.1305, -0.0653, -0.1305, -0.1958, -0.1958, -0.0, -0.0, -8.2899]","[-597.2416, -973.846, -294.2346, -397.6272, -1353.7881, -2286.8656, -4881.2121, -14226.2282]","[2.8431, 2.7821, 2.6858, 2.6384, -1001352.1099, -1002284.9616, -1004879.3081, -1014224.5499]","[1.41, 1.068, 0.955, 0.805, 0.566, 2.01, 1.916, 3.556]","[[[3.1148, 0.0], [8.5399, -0.1305], [12.5373, 0.0], [13.9649, 0.0], [16.2492, -0.2611], [19.9611, -0.2611]], [[3.1148, 0.0], [8.5399, -0.1305], [12.5373, 0.0], [13.9649, 0.0], [17.9623, -0.5222], [23.1019, -0.1305]], [[3.4003, 0.0], [6.5412, -0.1305], [10.5386, -0.1305], [12.8228, -0.1305], [16.2492, -0.2611], [19.9611, -0.2611]], [[3.4003, 0.0], [6.5412, -0.1305], [10.5386, -0.1305], [12.8228, -0.1305], [16.5347, -0.7833], [20.5321, -0.3916]], [[3.4003, 0.0], [6.5412, -0.1305], [10.5386, -0.1305], [12.8228, -0.1305], [18.2479, -0.2611], [20.8176, -0.3916]], [[3.1148, 0.0], [8.5399, -0.1305], [12.5373, 0.0], [13.9649, 0.0], [17.3913, 0.0], [15.3926, 0.0]], [[3.1148, 0.0], [8.5399, -0.1305], [12.5373, 0.0], [13.9649, 0.0], [21.6742, 0.0], [24.8151, 0.0]], [[3.4003, 0.0], [6.5412, -0.1305], [10.5386, -0.1305], [12.8228, -0.1305], [16.2492, 0.0], [21.9598, 16.5798]]]",0.9014,0.0,0.0,0.0,0.0,0.0,0.0,True,[3],0.0,0.0,0.0,0.5655,8.0,0.0315,1.6281,1.0227,0.0426,0.49,0.5655,"[[3.115, 0.0], [8.54, -0.131], [12.537, 0.0], [13.965, 0.0], [16.249, -0.261], [19.961, -0.261]]",ok,3.5563,0.0,0.0,0.0,0.0,0.0,0.0,0.0,0.0,0.0,90c1665c6cf24153a834063fd99f257c,scene-0274,42
0.967,1.1881,1.5586,0.883,0.9924,1.0845,0.0,0.0,0.0,0.0,0.0,0.0,0.0,0.0,0.0,ok,straight,0.967,1.1705,0.4169,0.883,1.062,0.9406,True,"[-0.0653, -0.0653, -0.1305, -0.1305, -0.0653, -0.0653, -0.1958, -0.0]","[-53.2056, -453.6481, -93.827, -349.2166, -1631.2925, -1769.4084, -2871.3763, -51462.8354]","[3.3722, 3.3443, 2.2028, -1000346.718, -1001628.7978, -1001766.9137, -1002868.8816, -1051460.3368]","[0.941, 0.676, 0.92, 1.401, 0.786, 1.069, 1.103, 5.988]","[[[3.1148, 0.0], [6.5412, 0.0], [9.3964, -0.1305], [12.8228, 0.0], [16.2492, -0.1305], [19.9611, -0.1305]], [[3.1148, 0.0], [6.2556, 0.0], [11.1096, -0.2611], [13.9649, 0.0], [16.2492, -0.1305], [19.9611, -0.1305]], [[3.1148, 0.0], [6.5412, 0.0], [9.3964, -0.1305], [12.8228, 0.0], [17.1058, 0.2611], [20.8176, -0.2611]], [[3.1148, 0.0], [6.5412, 0.0], [9.3964, -0.1305], [12.8228, 0.0], [16.2492, 0.1305], [16.5347, 0.2611]], [[3.1148, 0.0], [6.2556, 0.0], [11.1096, -0.2611], [13.9649, 0.0], [18.8189, -0.1305], [19.39, 0.1305]], [[3.1148, 0.0], [6.2556, 0.0], [11.1096, -0.2611], [13.9649, 0.0], [19.39, -0.6527], [21.1032, -0.1305]], [[3.1148, 0.0], [6.2556, 0.0], [11.1096, -0.2611], [13.9649, 0.0], [19.1045, -0.5222], [17.9623, -0.3916]], [[3.1148, 0.0], [6.5412, 0.0], [9.3964, -0.1305], [12.8228, 0.0], [15.9636, 0.2611], [50.2272, 0.0]]]",1.6673,0.0,0.0,0.0,0.0,0.0,0.0,True,[3],0.0,0.0,0.0,0.676,8.0,1.2525,0.0974,0.4169,1.0258,0.665,0.676,"[[3.115, 0.0], [6.541, 0.0], [9.396, -0.131], [12.823, 0.0], [16.249, -0.131], [19.961, -0.131]]",ok,5.9884,0.0,0.0,0.0,0.0,0.0,0.0,0.0,0.0,0.0,8fb167b9767d420b9c6368719bafb7b4,scene-0275,42
0.8001,1.7783,1.7958,0.6653,1.0161,1.2921,0.0,0.0,0.0,0.0,0.0,0.0,0.0,0.0,0.0,ok,straight,0.8001,0.5088,1.798,0.6653,0.5069,0.953,True,"[-0.0, -0.0653, -0.0, -0.0, -0.0653, -0.0653, -0.1958, -0.0653]","[-91.4404, -730.3673, -1520.016, -1951.2078, -2662.268, -3782.3351, -67134.4369, -90667.9738]","[4.0065, 2.9089, -1001517.5877, -1001948.7794, -1002659.8396, -1003779.9067, -1067131.9927, -1090665.5296]","[0.67, 0.953, 1.62, 1.905, 1.599, 2.123, 2.933, 3.178]","[[[1.6871, 0.0], [3.6858, 0.0], [6.8267, 0.0], [9.1109, 0.0], [10.253, 0.0], [10.253, 0.0]], [[1.6871, 0.0], [3.6858, 0.0], [6.8267, 0.0], [9.1109, 0.0], [8.5399, -0.1305], [10.253, -0.1305]], [[1.4016, 0.0], [5.1135, 0.0], [5.9701, 0.1305], [4.828, 0.0], [7.3977, -0.1305], [12.8228, 0.0]], [[1.4016, 0.0], [5.1135, 0.0], [5.9701, 0.1305], [4.828, 0.0], [6.2556, -0.1305], [13.3939, 0.0]], [[1.4016, 0.0], [5.1135, 0.0], [5.9701, 0.1305], [4.828, 0.0], [8.5399, -0.1305], [10.253, -0.1305]], [[1.4016, 0.0], [5.1135, 0.0], [5.9701, 0.1305], [4.828, 0.0], [3.9714, 0.1305], [11.6807, -0.1305]], [[1.6871, 0.0], [3.6858, 0.0], [6.8267, 0.0], [9.1109, 0.0], [-2.8813, 0.0], [14.2505, 0.3916]], [[1.6871, 0.0], [3.6858, 0.0], [6.8267, 0.0], [9.1109, 0.0], [11.1096, 16.5798], [11.6807, -0.1305]]]",0.8157,0.0,0.0,0.0,0.0,0.0,0.0,True,[3],0.0,0.0,0.0,0.6702,8.0,0.8001,0.5088,1.798,0.6653,0.5069,0.6702,"[[1.687, 0.0], [3.686, 0.0], [6.827, 0.0], [9.111, 0.0], [8.54, -0.131], [10.253, 0.0]]",ok,3.1783,0.0,0.0,0.0,0.0,0.0,0.0,0.0,0.0,0.0,c5fc747cb34f44d78820ae649d183e93,scene-0275,42
2.2422,4.4079,6.7807,1.5709,2.7076,3.7837,0.0,0.0,0.0,0.0,0.0,0.0,0.0,0.0,0.0,ok,straight,3.3842,7.5484,5.9242,2.1418,4.0637,4.5451,False,"[-0.0, -0.0, -0.0653, -0.0, -0.3264, -0.1305, -0.3264, -8.2899]","[-30.5156, -3527.5091, -4407.2112, -4831.8001, -7411.8888, -8827.4116, -9883.3755, -13521.9447]","[5.127, -1003525.4979, -1004405.1999, -1004829.7888, -1007409.8776, -1008824.3587, -1009880.3226, -1013518.8919]","[3.641, 4.545, 4.83, 4.451, 5.073, 3.93, 7.402, 6.175]","[[[1.6871, 0.0], [3.6858, 0.0], [5.1135, 0.0], [6.5412, 0.0], [7.3977, 0.0], [8.2543, 0.0]], [[1.6871, 0.0], [4.828, 0.0], [6.2556, 0.0], [9.682, 0.0], [7.3977, 0.0], [8.2543, 0.0]], [[1.6871, 0.0], [4.828, 0.0], [6.2556, 0.0], [9.682, 0.0], [7.3977, -0.1305], [9.9675, -0.1305]], [[1.6871, 0.0], [4.828, 0.0], [6.2556, 0.0], [9.682, 0.0], [11.6807, 0.0], [3.4003, 0.0]], [[1.6871, 0.0], [4.828, 0.0], [6.2556, 0.0], [9.682, 0.0], [6.8267, 0.0], [11.9662, 0.6527]], [[1.6871, 0.0], [3.6858, 0.0], [5.1135, 0.0], [6.5412, 0.0], [11.9662, -0.1305], [5.399, 0.2611]], [[1.6871, 0.0], [3.6858, 0.0], [5.1135, 0.0], [6.5412, 0.0], [17.3913, 0.2611], [20.8176, -0.6527]], [[1.6871, 0.0], [3.6858, 0.0], [5.1135, 0.0], [6.5412, 0.0], [9.1109, 0.1305], [12.2517, 16.5798]]]",1.1558,0.0,0.0,0.0,0.0,0.0,0.0,False,[3],0.0,0.0,0.0,3.641,8.0,2.2422,4.4079,5.9242,1.5709,2.7076,3.641,"[[1.687, 0.0], [4.828, 0.0], [6.256, 0.0], [9.682, 0.0], [7.398, 0.0], [8.254, 0.0]]",ok,7.4022,0.0,0.0,0.0,0.0,0.0,0.0,0.0,0.0,0.0,b9853461935b41f88ba20195a2d0217c,scene-0275,42
1.6871,3.6859,5.1135,1.4016,2.2582,3.0196,0.0,0.0,0.0,0.0,0.0,0.0,0.0,0.0,0.0,ok,straight,1.4016,3.4003,5.1135,0.9733,1.9727,2.8293,True,"[-0.0, -0.0, -0.0, -0.4569, -0.8486, -0.0, -0.3916, -0.4569]","[-19.1054, -73.2534, -480.1161, -302.7644, -1642.2555, -4390.7796, -8025.4443, -29540.1013]","[3.2902, 3.2414, 3.2413, -1000301.0076, -1001640.4987, -1004388.9798, -1008023.6445, -1029538.3446]","[2.829, 3.067, 1.64, 4.216, 3.665, 2.88, 4.456, 5.89]","[[[0.545, 0.0], [1.4016, 0.0], [2.5437, 0.0], [3.4003, 0.0], [3.9714, 0.0], [5.1135, 0.0]], [[1.1161, 0.0], [2.2582, 0.0], [2.5437, 0.0], [3.4003, 0.0], [3.9714, 0.0], [5.1135, 0.0]], [[0.545, 0.0], [1.4016, 0.0], [2.5437, 0.0], [3.4003, 0.0], [1.4016, 0.0], [0.545, 0.0]], [[1.1161, 0.0], [2.2582, 0.0], [2.5437, 0.0], [3.4003, 0.0], [5.399, 0.0], [10.5386, 0.9138]], [[1.1161, 0.0], [2.2582, 0.0], [2.5437, 0.0], [3.4003, 0.0], [3.4003, 0.0], [9.1109, 1.6971]], [[0.545, 0.0], [1.4016, 0.0], [2.5437, 0.0], [3.4003, 0.0], [7.1122, 0.5222], [2.2582, 0.0]], [[0.545, 0.0], [1.4016, 0.0], [2.5437, 0.0], [3.4003, 0.0], [10.5386, 0.5222], [8.2543, 0.7833]], [[1.1161, 0.0], [2.2582, 0.0], [2.5437, 0.0], [3.4003, 0.0], [13.6794, 6.5275], [10.8241, 0.9138]]]",1.2041,0.0,0.0,0.0,0.0,0.0,0.0,True,[3],0.0,0.0,0.0,1.6396,8.0,1.4016,3.4003,0.5451,0.9733,1.9727,1.6396,"[[0.545, 0.0], [1.402, 0.0], [2.544, 0.0], [3.4, 0.0], [3.971, 0.0], [5.113, 0.0]]",ok,5.8904,0.0,0.0,0.0,0.0,0.0,0.0,0.0,0.0,0.0,a2f135999c12428caacda927ebcff835,scene-0275,42
2.5437,4.1098,4.8471,1.8299,2.8535,3.4442,0.0,0.0,0.0,0.0,0.0,0.0,0.0,0.0,0.0,ok,straight,3.6858,4.6809,4.8471,2.401,3.2817,3.6346,False,"[-0.0, -0.0, -0.5875, -0.3264, -0.5222, -0.3264, -1.3055, -0.7833]","[-337.622, -1016.5228, -868.8494, -1564.9369, -2103.4787, -2429.5359, -5012.6984, -6544.8709]","[4.8133, 4.4605, 3.0726, -1001562.3735, -1002100.9153, -1002426.9725, -1005010.1548, -1006542.3272]","[3.444, 3.635, 4.928, 4.686, 3.983, 3.541, 4.725, 5.42]","[[[1.1161, 0.0], [2.5437, 0.0], [3.6858, 0.0], [5.1135, 0.0], [5.1135, 0.0], [7.3977, 0.0]], [[1.1161, 0.0], [3.6858, 0.0], [3.6858, 0.0], [5.1135, 0.0], [5.1135, 0.0], [7.3977, 0.0]], [[1.1161, 0.0], [3.6858, 0.0], [3.6858, 0.0], [5.1135, 0.0], [8.8254, 0.3916], [11.3952, 1.1749]], [[1.1161, 0.0], [2.5437, 0.0], [3.6858, 0.0], [5.1135, 0.0], [9.682, -0.5222], [10.253, 0.6527]], [[1.1161, 0.0], [2.5437, 0.0], [3.6858, 0.0], [5.1135, 0.0], [4.828, 0.0], [10.8241, -1.0444]], [[1.1161, 0.0], [2.5437, 0.0], [3.6858, 0.0], [5.1135, 0.0], [3.9714, 0.0], [9.1109, 0.6527]], [[1.1161, 0.0], [3.6858, 0.0], [3.6858, 0.0], [5.1135, 0.0], [5.1135, -0.2611], [13.6794, 2.611]], [[1.1161, 0.0], [3.6858, 0.0], [3.6858, 0.0], [5.1135, 0.0], [8.5399, 4.9609], [13.1083, 1.5666]]]",0.6919,0.0,0.0,0.0,0.0,0.0,0.0,True,[3],0.0,0.0,0.0,3.4442,8.0,2.5437,4.6809,4.8471,1.8299,2.9962,3.4442,"[[1.116, 0.0], [3.686, 0.0], [3.686, 0.0], [5.113, 0.0], [5.113, 0.0], [7.398, 0.0]]",ok,5.4199,0.0,0.0,0.0,0.0,0.0,0.0,0.0,0.0,0.0,3502d36d2c76428f9b79f2854e96b696,scene-0276,42
0.326,1.5291,4.4453,0.1904,0.5235,1.5653,0.0,0.0,0.0,0.0,0.0,0.0,0.0,0.0,0.0,ok,straight,0.6132,0.6657,4.4453,0.4736,0.5448,1.5795,False,"[-0.5875, -0.5875, -2.0888, -1.6319, -0.0, -0.5875, -0.6527, -0.3264]","[-185.3797, -173.0704, -1273.5149, -1732.55, -2112.2871, -2530.9851, -32354.9136, -33712.7417]","[3.7344, 3.6764, -1001270.7795, -1001729.8147, -1002109.6106, -1002528.3087, -1032352.1783, -1033710.0652]","[1.579, 1.703, 1.366, 1.581, 1.68, 1.575, 3.29, 6.628]","[[[2.8293, 0.0], [6.8267, 0.0], [10.253, -0.5222], [13.1083, -0.3916], [15.107, -0.7833], [18.2479, -1.1749]], [[2.8293, 0.0], [6.8267, 0.0], [9.3964, -0.2611], [12.2517, -0.5222], [15.107, -0.7833], [18.2479, -1.1749]], [[2.8293, 0.0], [6.8267, 0.0], [10.253, -0.5222], [13.1083, -0.3916], [16.5347, -0.2611], [23.3874, 4.1776]], [[2.8293, 0.0], [6.8267, 0.0], [10.253, -0.5222], [13.1083, -0.3916], [17.3913, -0.5222], [16.5347, -3.2637]], [[2.8293, 0.0], [6.8267, 0.0], [9.3964, -0.2611], [12.2517, -0.5222], [20.5321, -0.7833], [27.0993, 0.0]], [[2.8293, 0.0], [6.8267, 0.0], [9.3964, -0.2611], [12.2517, -0.5222], [15.6781, -0.6527], [26.8138, -1.1749]], [[2.8293, 0.0], [6.8267, 0.0], [10.253, -0.5222], [13.1083, -0.3916], [5.399, -0.9138], [17.6768, -1.3055]], [[2.8293, 0.0], [6.8267, 0.0], [9.3964, -0.2611], [12.2517, -0.5222], [24.244, -8.8774], [48.7996, -0.6527]]]",1.6868,0.0,0.0,0.0,0.0,0.0,0.0,True,[3],0.0,0.0,0.0,1.3661,8.0,0.6132,0.6657,4.636,0.4736,0.5448,1.3661,"[[2.829, 0.0], [6.827, 0.0], [10.253, -0.522], [13.108, -0.392], [15.107, -0.783], [18.248, -1.175]]",ok,6.6282,0.0,0.0,0.0,0.0,0.0,0.0,0.0,0.0,0.0,7a344e7e1436415caf180ae067a4203a,scene-0276,42
1.4291,3.9324,5.8554,1.2432,2.1864,3.1679,0.0,0.0,0.0,0.0,0.0,0.0,0.0,0.0,0.0,ok,straight,1.4291,3.9324,5.8554,1.2432,2.1864,3.1679,False,"[-0.0, -0.0, -0.3264, -0.3916, -0.0, -0.3264, -0.0653, -0.0653]","[-81.6724, -304.6015, -1242.6486, -1655.9462, -4017.5811, -7457.1048, -10363.7933, -77010.043]","[4.8882, 3.8948, -1001239.2011, -1001653.483, -1004014.1336, -1007454.6416, -1010361.3301, -1077006.5955]","[3.168, 3.076, 2.703, 3.358, 3.029, 2.132, 2.5, 4.604]","[[[3.1148, 0.0], [6.5412, 0.0], [9.682, 0.0], [12.2517, 0.0], [15.3926, 0.0], [17.3913, 0.0]], [[3.9714, 0.0], [6.2556, 0.1305], [9.682, 0.0], [12.2517, 0.0], [15.3926, 0.0], [17.3913, 0.0]], [[3.1148, 0.0], [6.5412, 0.0], [9.682, 0.0], [12.2517, 0.0], [14.2505, 0.1305], [21.6742, 0.6527]], [[3.9714, 0.0], [6.2556, 0.1305], [9.682, 0.0], [12.2517, 0.0], [12.8228, -0.7833], [18.2479, -0.7833]], [[3.1148, 0.0], [6.5412, 0.0], [9.682, 0.0], [12.2517, 0.0], [15.3926, -0.1305], [28.2414, 0.0]], [[3.9714, 0.0], [6.2556, 0.1305], [9.682, 0.0], [12.2517, 0.0], [20.5321, 0.0], [19.6755, 0.6527]], [[3.9714, 0.0], [6.2556, 0.1305], [9.682, 0.0], [12.2517, 0.0], [20.5321, -2.0888], [18.2479, -0.1305]], [[3.1148, 0.0], [6.5412, 0.0], [9.682, 0.0], [12.2517, 0.0], [28.8125, -0.1305], [13.3939, -0.1305]]]",0.6881,0.0,0.0,0.0,0.0,0.0,0.0,True,[3],0.0,0.0,0.0,2.1316,8.0,1.7283,3.9324,3.7255,0.9667,2.0482,2.1316,"[[3.115, 0.0], [6.541, 0.0], [9.682, 0.0], [12.252, 0.0], [15.393, 0.0], [17.391, 0.0]]",ok,4.6043,0.0,0.0,0.0,0.0,0.0,0.0,0.0,0.0,0.0,9851e24eeb8e40cf962e45b1975aff53,scene-0276,42
1.3138,2.0715,2.6129,1.2396,1.6702,1.8065,0.0,0.0,0.0,0.0,0.0,0.0,0.0,0.0,0.0,ok,straight,1.3138,2.0715,2.6129,1.2396,1.6702,2.0448,False,"[-0.0, -0.3264, -0.4569, -0.0653, -0.0, -0.3916, -0.0653, -0.0653]","[-146.9103, -390.4807, -470.3526, -3023.3202, -54435.3352, -55789.9709, -62620.3428, -84800.5653]","[5.6981, 3.8317, 3.0857, -1003019.589, -2057776.4035, -2059131.0392, -2065961.4111, -2088141.6336]","[1.858, 3.269, 1.928, 2.085, 4.234, 6.887, 3.986, 4.417]","[[[3.6858, 0.0], [6.5412, 0.0], [10.5386, 0.0], [13.9649, 0.0], [17.3913, 0.0], [21.9598, 0.0]], [[3.6858, 0.0], [6.5412, 0.0], [10.5386, 0.0], [13.9649, 0.0], [19.9611, -0.2611], [27.9559, -0.6527]], [[3.6858, 0.0], [6.5412, 0.0], [10.5386, 0.0], [13.9649, 0.0], [18.5334, 0.3916], [20.5321, 0.9138]], [[3.6858, 0.0], [6.5412, 0.0], [10.5386, 0.0], [13.9649, 0.0], [19.39, 0.7833], [17.6768, 0.1305]], [[3.6858, 0.0], [6.5412, 0.0], [12.8228, 0.1305], [25.9572, -0.3916], [17.3913, 0.0], [21.9598, 0.0]], [[3.6858, 0.0], [6.5412, 0.0], [12.8228, 0.1305], [25.9572, -0.3916], [20.8176, 0.1305], [34.5231, -0.7833]], [[3.6858, 0.0], [6.5412, 0.0], [12.8228, 0.1305], [25.9572, -0.3916], [16.2492, -0.5222], [21.6742, -0.1305]], [[3.6858, 0.0], [6.5412, 0.0], [12.8228, 0.1305], [25.9572, -0.3916], [12.5373, 0.6527], [17.1058, -0.1305]]]",1.5913,0.0,0.0,0.0,0.0,0.0,0.0,True,[3],0.0,0.0,0.0,1.8576,8.0,1.3138,2.0715,2.6129,1.2396,1.6702,1.8576,"[[3.686, 0.0], [6.541, 0.0], [10.539, 0.0], [13.965, 0.0], [18.533, 0.0], [21.96, 0.0]]",ok,6.8872,0.0,0.0,0.0,0.0,0.0,0.0,0.0,0.0,0.0,f733cb92982f4f58a1ce5c427786491b,scene-0276,42
0.6049,2.2056,4.617,0.5111,1.1661,2.2491,0.0,0.0,0.0,0.0,0.0,0.0,0.0,0.0,0.0,ok,straight,0.6049,2.2056,5.462,0.5111,1.1661,2.2985,False,"[-0.5222, -0.2611, -0.8486, -0.5875, -1.5666, -0.5222, -0.3264, -2.8068]","[-217.0012, -559.5311, -1097.8343, -1383.5598, -1437.0001, -1481.6152, -3438.7396, -6992.5817]","[3.5359, -1000557.4033, -1001095.8818, -1001381.6073, -1001435.0476, -1001479.6627, -1003436.6118, -1006990.4539]","[2.39, 1.768, 2.896, 2.686, 1.803, 2.442, 1.913, 2.605]","[[[2.8293, 0.0], [5.1135, 0.1305], [7.9688, 0.2611], [11.1096, 0.3916], [12.8228, 0.6527], [15.9636, 1.0444]], [[2.8293, 0.0], [5.1135, 0.1305], [7.9688, 0.2611], [11.1096, 0.3916], [13.3939, 0.7833], [19.1045, 0.5222]], [[2.8293, 0.0], [5.1135, 0.1305], [7.1122, 0.2611], [11.6807, 0.5222], [13.9649, 1.8277], [12.5373, 1.6971]], [[2.8293, 0.0], [5.1135, 0.1305], [7.1122, 0.2611], [11.6807, 0.5222], [14.8215, 0.7833], [12.5373, 1.1749]], [[2.8293, 0.0], [5.1135, 0.1305], [7.1122, 0.2611], [11.6807, 0.5222], [15.9636, -0.2611], [17.6768, 3.1332]], [[2.8293, 0.0], [5.1135, 0.1305], [7.1122, 0.2611], [11.6807, 0.5222], [12.8228, 0.6527], [15.9636, 1.0444]], [[2.8293, 0.0], [5.1135, 0.1305], [7.9688, 0.2611], [11.1096, 0.3916], [16.5347, 3.2637], [17.6768, 0.6527]], [[2.8293, 0.0], [5.1135, 0.1305], [7.9688, 0.2611], [11.1096, 0.3916], [11.6807, 0.9138], [22.8163, 5.6136]]]",0.4038,0.0,0.0,0.0,0.0,0.0,0.0,True,[3],0.0,0.0,0.0,1.768,8.0,0.6049,2.2056,2.2787,0.5111,1.1661,1.768,"[[2.829, 0.0], [5.113, 0.131], [7.969, 0.261], [11.11, 0.392], [13.394, 0.783], [15.964, 1.044]]",ok,2.8962,0.0,0.0,0.0,0.0,0.0,0.0,0.0,0.0,0.0,7e2fd590b46d42cdbe8dfbf035761561,scene-0277,42
0.7363,1.6904,2.0203,0.5819,1.0796,1.2851,0.0,0.0,0.0,0.0,0.0,0.0,0.0,0.0,0.0,ok,straight,0.7363,1.6904,3.4521,0.5819,1.0796,1.5238,False,"[-0.1305, -0.0653, -0.1305, -0.1958, -0.0653, -2.0888, -0.0, -0.0653]","[-54.7268, -349.7238, -229.0101, -382.0117, -1158.0322, -2266.6637, -2428.2427, -4179.4498]","[3.1965, 3.079, 3.0688, -1000380.107, -1001156.1275, -1002264.759, -1002426.338, -1004177.5451]","[1.044, 1.198, 1.524, 0.838, 2.365, 1.367, 1.428, 1.552]","[[[3.9714, 0.0], [8.5399, 0.0], [13.1083, 0.0], [17.1058, 0.1305], [21.6742, -0.1305], [27.3848, -0.2611]], [[4.5424, 0.0], [9.1109, 0.0], [13.9649, -0.1305], [18.2479, -0.1305], [21.9598, -1.3055], [24.5295, -0.1305]], [[4.5424, 0.0], [9.1109, 0.0], [13.9649, -0.1305], [18.2479, -0.1305], [21.6742, -0.1305], [27.3848, -0.2611]], [[3.9714, 0.0], [8.5399, 0.0], [13.1083, 0.0], [17.1058, 0.1305], [20.8176, -0.2611], [21.1032, -0.3916]], [[3.9714, 0.0], [8.5399, 0.0], [13.1083, 0.0], [17.1058, 0.1305], [22.8163, 0.3916], [34.2375, -0.1305]], [[3.9714, 0.0], [8.5399, 0.0], [13.1083, 0.0], [17.1058, 0.1305], [19.9611, 0.0], [28.5269, -4.1776]], [[4.5424, 0.0], [9.1109, 0.0], [13.9649, -0.1305], [18.2479, -0.1305], [19.6755, -0.6527], [27.0993, 0.0]], [[4.5424, 0.0], [9.1109, 0.0], [13.9649, -0.1305], [18.2479, -0.1305], [17.1058, 0.0], [22.2453, -0.1305]]]",0.4262,0.0,0.0,0.0,0.0,0.0,0.0,True,[3],0.0,0.0,0.0,0.8382,8.0,0.1738,0.52,2.9164,0.159,0.3592,0.8382,"[[4.542, 0.0], [9.111, 0.0], [13.965, -0.131], [18.248, -0.131], [21.674, -0.131], [27.385, -0.261]]",ok,2.3651,0.0,0.0,0.0,0.0,0.0,0.0,0.0,0.0,0.0,d849f5a053f741e6a5f09983cf036225,scene-0277,42
1.2572,2.4287,5.4238,0.9834,1.6603,2.7059,0.0,0.0,0.0,0.0,0.0,0.0,0.0,0.0,0.0,ok,straight,1.2572,2.4287,5.4238,0.9834,1.6603,2.6107,True,"[-0.0653, -0.0653, -0.0653, -0.0653, -0.0, -0.1958, -0.1305, -0.0653]","[-64.0882, -6463.9295, -7754.7225, -10693.5198, -15592.2579, -26159.8554, -52243.7792, -59778.5956]","[4.1143, -1006461.1892, -1007751.9821, -1010690.7908, -1015589.5289, -1026157.1265, -1052241.0502, -1059775.8552]","[2.563, 4.467, 2.61, 3.847, 5.847, 2.847, 3.602, 6.133]","[[[3.1148, 0.0], [6.5412, 0.0], [9.682, 0.0], [12.8228, 0.0], [16.2492, 0.0], [18.2479, -0.1305]], [[3.1148, 0.0], [6.5412, 0.0], [9.682, 0.0], [12.8228, 0.0], [15.9636, -0.1305], [7.1122, -0.1305]], [[3.1148, 0.0], [6.5412, 0.0], [9.682, 0.0], [12.8228, 0.0], [11.9662, 0.1305], [22.2453, 0.1305]], [[3.1148, 0.0], [6.5412, 0.0], [7.6833, 0.1305], [7.1122, 0.0], [16.2492, 0.0], [18.2479, -0.1305]], [[3.1148, 0.0], [6.5412, 0.0], [7.6833, 0.1305], [7.1122, 0.0], [14.536, -0.1305], [39.3771, 0.0]], [[3.1148, 0.0], [6.5412, 0.0], [7.6833, 0.1305], [7.1122, 0.0], [20.8176, -0.1305], [22.2453, 0.3916]], [[3.1148, 0.0], [6.5412, 0.0], [7.6833, 0.1305], [7.1122, 0.0], [24.244, 0.0], [21.1032, -0.2611]], [[3.1148, 0.0], [6.5412, 0.0], [9.682, 0.0], [12.8228, 0.0], [13.9649, 0.0], [48.2285, -0.1305]]]",1.3081,0.0,0.0,0.0,0.0,0.0,0.0,True,[3],0.0,0.0,0.0,2.5632,8.0,1.2572,2.4287,5.4238,0.9834,1.6603,2.5632,"[[3.115, 0.0], [6.541, 0.0], [9.682, 0.0], [12.823, 0.0], [15.964, 0.0], [18.248, -0.131]]",ok,6.1333,0.0,0.0,0.0,0.0,0.0,0.0,0.0,0.0,0.0,ef710f7aad4c4bcf9ac21ef155c8c3d1,scene-0277,42
1.38,1.3643,0.712,0.9319,1.2444,1.1315,0.0,0.0,0.0,0.0,0.0,0.0,0.0,0.0,0.0,ok,straight,0.5207,1.3643,0.6045,0.6452,1.1011,0.927,True,"[-0.4569, -0.8486, -0.8486, -0.1958, -0.1305, -0.6527, -0.5222, -8.2899]","[-721.9514, -19.7056, -461.6939, -1143.684, -3842.2243, -11890.1777, -17138.6879, -46245.0493]","[3.0805, 2.9974, 2.9463, -1001141.6213, -1003840.1616, -1011888.1364, -1017136.6465, -1046242.9866]","[1.32, 1.023, 0.927, 1.396, 2.033, 2.723, 2.586, 6.151]","[[[3.4003, 0.1305], [8.2543, 0.2611], [11.1096, 0.2611], [15.3926, 0.5222], [21.6742, 1.0444], [26.2427, 0.9138]], [[3.6858, 0.0], [7.3977, 0.1305], [11.1096, 0.2611], [15.3926, 0.5222], [19.9611, 0.7833], [24.5295, 1.6971]], [[3.4003, 0.1305], [8.2543, 0.2611], [11.1096, 0.2611], [15.3926, 0.5222], [19.9611, 0.7833], [24.5295, 1.6971]], [[3.6858, 0.0], [7.3977, 0.1305], [11.1096, 0.2611], [15.3926, 0.5222], [22.2453, 0.3916], [25.1006, 0.3916]], [[3.6858, 0.0], [7.3977, 0.1305], [11.1096, 0.2611], [15.3926, 0.5222], [15.6781, 1.9582], [21.9598, 0.2611]], [[3.4003, 0.1305], [8.2543, 0.2611], [11.1096, 0.2611], [15.3926, 0.5222], [21.9598, 2.611], [14.2505, 1.3055]], [[3.4003, 0.1305], [8.2543, 0.2611], [11.1096, 0.2611], [15.3926, 0.5222], [11.9662, 3.1332], [21.6742, 1.0444]], [[3.6858, 0.0], [7.3977, 0.1305], [11.1096, 0.2611], [15.3926, 0.5222], [14.2505, 16.5798], [23.6729, 16.5798]]]",1.5988,0.0,0.0,0.0,0.0,0.0,0.0,True,[3],0.0,0.0,0.0,0.927,8.0,0.5207,1.3643,0.6045,0.6452,1.1011,0.927,"[[3.4, 0.131], [8.254, 0.261], [11.11, 0.261], [15.393, 0.522], [19.961, 0.783], [24.53, 1.697]]",ok,6.1509,0.0,0.0,0.0,0.0,0.0,0.0,0.0,0.0,0.0,c0cd7a49d9924264b2be63b6ce9a9674,scene-0277,42
2.5633,3.8413,4.0997,1.8994,2.8178,3.3128,0.0,0.0,0.0,0.0,0.0,0.0,0.0,0.0,0.0,ok,straight,2.5633,3.5602,4.1329,1.8994,2.7475,3.1788,True,"[-0.3264, -2.4152, -0.3264, -0.3264, -0.9138, -0.0, -0.3264, -1.2402]","[-143.7086, -957.6529, -1498.3067, -2012.1895, -3289.0613, -3969.2457, -647786.7087, -834409.3171]","[3.5452, -1000955.24, -1001496.4302, -1002010.313, -1003287.1848, -1003966.8328, -1647784.8322, -1834406.9041]","[3.271, 3.811, 2.3, 3.196, 4.031, 3.007, 11.838, 10.379]","[[[3.6858, 0.0], [7.3977, 0.0], [11.1096, 0.1305], [15.3926, 0.2611], [18.2479, 0.3916], [21.6742, 0.6527]], [[3.6858, 0.0], [7.3977, 0.0], [11.1096, 0.1305], [15.3926, 0.2611], [18.8189, 0.1305], [21.3887, -4.8303]], [[3.6858, 0.0], [7.3977, 0.0], [10.8241, 0.6527], [16.2492, 1.9582], [22.5308, 2.3499], [23.6729, 0.6527]], [[3.6858, 0.0], [7.3977, 0.0], [10.8241, 0.6527], [16.2492, 1.9582], [18.2479, 0.3916], [21.6742, 0.6527]], [[3.6858, 0.0], [7.3977, 0.0], [10.8241, 0.6527], [16.2492, 1.9582], [16.8202, 0.1305], [17.9623, 1.8277]], [[3.6858, 0.0], [7.3977, 0.0], [11.1096, 0.1305], [15.3926, 0.2611], [21.9598, 0.5222], [19.9611, 0.0]], [[3.6858, 0.0], [7.3977, 0.0], [10.8241, 0.6527], [16.2492, 1.9582], [69.6432, 0.5222], [39.0915, 0.6527]], [[3.6858, 0.0], [7.3977, 0.0], [11.1096, 0.1305], [15.3926, 0.2611], [69.6432, 0.5222], [25.1006, -2.4804]]]",3.4483,0.0,0.0,0.0,0.0,0.0,0.0,True,[3],0.0,0.0,0.0,2.3003,8.0,2.5633,2.8435,2.2726,1.8994,2.6347,2.3003,"[[3.686, 0.0], [7.398, 0.0], [11.11, 0.131], [15.393, 0.261], [18.819, 0.392], [21.674, 0.653]]",ok,11.8376,0.0,0.0,0.0,0.0,0.0,0.0,0.0,0.0,0.0,f4b5b6fc59e34da6bd18d4d8e299dab8,scene-0278,42
5.5714,10.1338,13.4971,4.173,6.7022,8.9348,0.0,0.0,0.0,0.0,0.0,0.0,0.0,0.0,0.0,ok,straight,5.5714,9.8549,13.4971,4.173,6.7757,8.6986,True,"[-0.5222, -0.5222, -0.3916, -1.2402, -0.5222, -8.2899, -6.5275, -8.2899]","[-86.5789, -495.5954, -4081.6509, -7394.9492, -9685.4294, -9959.3636, -17281.3049, -999942.3888]","[3.3027, 3.2566, -1004079.5903, -1007392.8437, -1009683.3239, -1009957.3029, -1017279.1995, -1999940.3282]","[8.554, 8.699, 9.177, 9.292, 9.505, 9.913, 13.141, 18.807]","[[[3.6858, 0.0], [7.3977, 0.1305], [10.5386, 0.2611], [14.2505, 0.5222], [17.3913, 0.7833], [21.3887, 1.0444]], [[3.6858, 0.0], [7.3977, 0.1305], [11.6807, -0.2611], [13.9649, 0.6527], [17.3913, 0.7833], [21.3887, 1.0444]], [[3.6858, 0.0], [7.3977, 0.1305], [11.6807, -0.2611], [13.9649, 0.6527], [19.9611, 3.2637], [21.3887, 0.7833]], [[3.6858, 0.0], [7.3977, 0.1305], [10.5386, 0.2611], [14.2505, 0.5222], [22.5308, 0.5222], [20.5321, 2.4804]], [[3.6858, 0.0], [7.3977, 0.1305], [10.5386, 0.2611], [14.2505, 0.5222], [23.3874, -0.2611], [21.1032, 1.0444]], [[3.6858, 0.0], [7.3977, 0.1305], [11.6807, -0.2611], [13.9649, 0.6527], [16.2492, 1.8277], [22.5308, 16.5798]], [[3.6858, 0.0], [7.3977, 0.1305], [10.5386, 0.2611], [14.2505, 0.5222], [26.2427, 1.5666], [37.0928, -13.055]], [[3.6858, 0.0], [7.3977, 0.1305], [11.6807, -0.2611], [13.9649, 0.6527], [69.6432, 16.5798], [19.39, 16.5798]]]",3.2857,0.0,0.0,0.0,0.0,0.0,0.0,True,[3],0.0,0.0,0.0,8.5544,8.0,5.5714,10.1338,13.4971,4.173,6.5595,8.5544,"[[3.686, 0.0], [7.398, 0.131], [11.681, -0.261], [13.965, 0.653], [17.391, 0.783], [21.389, 1.044]]",ok,18.8071,0.0,0.0,0.0,0.0,0.0,0.0,0.0,0.0,0.0,b0b7ef23a4fb418690e43900525d09ad,scene-0278,42
1.0933,0.8886,0.895,0.8215,1.1367,1.11,0.0,0.0,0.0,0.0,0.0,0.0,0.0,0.0,0.0,ok,straight,1.0933,0.8886,0.895,0.8215,1.1367,1.11,False,"[-0.1958, -0.1958, -0.3264, -0.6527, -0.9791, -0.3264, -0.0, -0.3264]","[-168.3168, -312.9504, -800.9138, -4066.8114, -4095.7414, -7998.2526, -89315.0182, -768422.6351]","[3.4308, 3.4291, -1000798.5476, -1004064.4441, -1004093.3753, -1007995.8853, -1089312.6509, -1768420.2689]","[1.158, 1.11, 1.004, 1.631, 1.834, 2.256, 3.792, 13.054]","[[[3.1148, 0.0], [7.1122, 0.0], [10.5386, 0.1305], [12.8228, 0.2611], [16.2492, 0.3916], [19.39, 0.3916]], [[3.4003, 0.0], [6.5412, 0.0], [10.5386, 0.1305], [12.8228, 0.2611], [16.2492, 0.3916], [19.39, 0.3916]], [[3.4003, 0.0], [6.5412, 0.0], [10.5386, 0.1305], [12.8228, 0.2611], [13.9649, 1.0444], [18.5334, 0.6527]], [[3.1148, 0.0], [7.1122, 0.0], [10.5386, 0.1305], [12.8228, 0.2611], [12.8228, 0.0], [21.1032, 1.3055]], [[3.4003, 0.0], [6.5412, 0.0], [10.5386, 0.1305], [12.8228, 0.2611], [13.6794, 0.2611], [23.3874, 1.9582]], [[3.1148, 0.0], [7.1122, 0.0], [10.5386, 0.1305], [12.8228, 0.2611], [21.3887, 0.9138], [20.8176, 0.6527]], [[3.1148, 0.0], [7.1122, 0.0], [10.5386, 0.1305], [12.8228, 0.2611], [17.1058, 16.5798], [17.1058, 0.0]], [[3.4003, 0.0], [6.5412, 0.0], [10.5386, 0.1305], [12.8228, 0.2611], [69.6432, 1.1749], [37.6639, 0.6527]]]",3.8082,0.0,0.0,0.0,0.0,0.0,0.0,True,[3],0.0,0.0,0.0,1.0045,8.0,1.0933,0.8886,0.1591,0.8215,1.1367,1.0045,"[[3.4, 0.0], [6.541, 0.0], [10.539, 0.131], [12.823, 0.261], [16.249, 0.392], [19.39, 0.392]]",ok,13.054,0.0,0.0,0.0,0.0,0.0,0.0,0.0,0.0,0.0,ba4c95ffea104b088e07bdc2c7a0300a,scene-0278,42
1.6658,4.7246,11.1405,1.2166,2.4259,4.6591,0.0,0.0,0.0,0.0,0.0,0.0,0.0,0.0,0.0,ok,right,1.6658,4.7246,10.8805,1.2166,2.4533,4.6659,False,"[-1.893, -2.1541, -8.2899, -2.0888, -1.893, -2.7415, 7.5719, -8.2899]","[-71.4819, -398.0542, -7870.1507, -61651.9677, -1767.7918, -6117.7658, -17088.5569, -45228.0227]","[3.3776, -1000395.6049, -1007867.7013, -1061649.5183, -2004838.3445, -2009188.3185, -2020159.1096, -2048298.5755]","[4.526, 4.784, 7.195, 7.11, 4.616, 4.817, 4.553, 6.997]","[[[1.9727, 0.1305], [3.9714, 0.2611], [6.5412, 0.7833], [8.5399, 1.6971], [10.5386, 2.3499], [13.1083, 3.7859]], [[1.9727, 0.1305], [3.9714, 0.2611], [6.5412, 0.7833], [8.5399, 1.6971], [10.8241, 2.7415], [9.9675, 4.3081]], [[1.9727, 0.1305], [3.9714, 0.2611], [6.5412, 0.7833], [8.5399, 1.6971], [11.9662, 3.9165], [23.6729, 16.5798]], [[1.9727, 0.1305], [3.9714, 0.2611], [6.5412, 0.7833], [8.5399, 1.6971], [10.8241, 16.5798], [9.1109, 4.1776]], [[3.4003, 0.1305], [7.1122, 0.7833], [6.5412, 0.7833], [8.5399, 1.6971], [10.5386, 2.3499], [13.1083, 3.7859]], [[3.4003, 0.1305], [7.1122, 0.7833], [6.5412, 0.7833], [8.5399, 1.6971], [14.536, 1.6971], [13.3939, 5.4831]], [[3.4003, 0.1305], [7.1122, 0.7833], [6.5412, 0.7833], [8.5399, 1.6971], [8.2543, 1.9582], [10.253, -15.1438]], [[3.4003, 0.1305], [7.1122, 0.7833], [6.5412, 0.7833], [8.5399, 1.6971], [4.2569, -1.5666], [14.8215, 16.5798]]]",1.1868,0.0,0.0,0.0,0.0,0.0,0.0,True,[3],0.0,0.0,0.0,4.5262,8.0,1.6658,4.7246,10.3604,1.2166,2.4533,4.5262,"[[1.973, 0.131], [3.971, 0.261], [6.541, 0.783], [8.54, 1.697], [10.824, 2.742], [13.108, 4.308]]",ok,7.195,0.0,0.0,0.0,0.0,0.0,0.0,0.0,0.0,0.0,ee82f97267f747c78c3458640faf9d67,scene-0278,42
3.7331,7.4383,12.3521,2.7523,4.6877,7.0097,0.0,0.0,0.0,0.0,0.0,0.0,0.0,0.0,0.0,ok,straight,3.7331,7.4383,12.3521,2.7523,4.6877,6.867,True,"[-0.1305, -0.2611, -0.2611, -0.0, -0.1305, -0.0, -0.1958, -0.3916]","[-101.3615, -273.8689, -81.5203, -1737.425, -2220.3089, -6600.7706, -94926.9712, -1265373.608]","[2.9847, 2.2236, 1.9498, -1001735.1769, -1002218.0608, -1006598.2483, -1094924.4489, -2265371.0857]","[7.107, 6.915, 6.867, 6.929, 7.581, 8.249, 8.6, 15.468]","[[[3.6858, 0.0], [7.3977, -0.1305], [11.1096, -0.1305], [14.2505, -0.2611], [18.5334, 0.0], [22.8163, -0.2611]], [[4.2569, -0.1305], [7.1122, 0.0], [11.1096, -0.1305], [14.2505, -0.2611], [18.2479, -0.2611], [21.6742, -0.5222]], [[3.6858, 0.0], [7.3977, -0.1305], [11.1096, -0.1305], [14.2505, -0.2611], [18.2479, -0.2611], [21.6742, -0.5222]], [[3.6858, 0.0], [7.3977, -0.1305], [11.1096, -0.1305], [14.2505, -0.2611], [19.6755, 0.9138], [20.5321, 0.0]], [[3.6858, 0.0], [7.3977, -0.1305], [11.1096, -0.1305], [14.2505, -0.2611], [21.1032, -0.5222], [23.1019, -0.2611]], [[4.2569, -0.1305], [7.1122, 0.0], [11.1096, -0.1305], [14.2505, -0.2611], [23.3874, -0.5222], [24.5295, 0.0]], [[4.2569, -0.1305], [7.1122, 0.0], [11.1096, -0.1305], [14.2505, -0.2611], [19.1045, 16.5798], [21.6742, -0.3916]], [[4.2569, -0.1305], [7.1122, 0.0], [11.1096, -0.1305], [14.2505, -0.2611], [69.6432, 2.4804], [-2.8813, -0.7833]]]",2.7167,0.0,0.0,0.0,0.0,0.0,0.0,True,[3],0.0,0.0,0.0,6.867,8.0,3.7331,7.4383,12.3521,2.7523,4.6877,6.867,"[[3.686, 0.0], [7.398, -0.131], [11.11, -0.131], [14.25, -0.261], [18.248, -0.261], [21.674, -0.522]]",ok,15.4676,0.0,0.0,0.0,0.0,0.0,0.0,0.0,0.0,0.0,269601cc1e4d45a3a36fbf291d45a447,scene-0329,42
3.8258,7.1677,9.9401,2.9393,4.7004,6.2812,0.0,1.0,0.0,0.0,1.0,1.0,0.0,0.5,0.5,ok,straight,3.8258,7.1677,8.7977,2.9393,4.7727,6.139,True,"[-0.1305, -0.3264, -0.3916, -0.3264, -1.2402, -0.1305, -1.5013, -0.0]","[-585.9607, -220.7706, -222.1745, -903.7897, -2312.1729, -4359.1296, -33897.7187, -67951.1623]","[4.9748, 3.5874, 3.4613, -1000900.1121, -1002308.4954, -1004356.4771, -1033895.0662, -1067947.4847]","[7.619, 6.139, 5.949, 6.852, 6.746, 5.336, 8.562, 7.808]","[[[2.2582, 0.0], [4.2569, 0.1305], [8.2543, -0.1305], [11.3952, 0.0], [12.5373, -0.3916], [15.107, 0.2611]], [[2.2582, 0.0], [4.2569, 0.1305], [6.8267, 0.2611], [8.5399, 0.2611], [11.1096, 0.3916], [11.9662, 0.6527]], [[2.2582, 0.0], [4.2569, 0.1305], [6.8267, 0.2611], [8.5399, 0.2611], [10.8241, 0.5222], [11.1096, 0.7833]], [[2.2582, 0.0], [4.2569, 0.1305], [8.2543, -0.1305], [11.3952, 0.0], [11.1096, 0.3916], [11.9662, 0.6527]], [[2.2582, 0.0], [4.2569, 0.1305], [8.2543, -0.1305], [11.3952, 0.0], [9.9675, 1.1749], [12.2517, 2.4804]], [[2.2582, 0.0], [4.2569, 0.1305], [6.8267, 0.2611], [8.5399, 0.2611], [11.9662, 0.6527], [6.2556, 0.2611]], [[2.2582, 0.0], [4.2569, 0.1305], [6.8267, 0.2611], [8.5399, 0.2611], [21.6742, 0.3916], [15.3926, -3.0026]], [[2.2582, 0.0], [4.2569, 0.1305], [8.2543, -0.1305], [11.3952, 0.0], [12.8228, -14.2299], [8.5399, 0.0]]]",1.0035,0.0,1.0,1.0,0.0,1.0,1.0,True,[3],0.0,0.5,0.6666666666666666,5.3358,8.0,3.8258,7.1677,3.1175,2.9393,4.7727,5.3358,"[[2.258, 0.0], [4.257, 0.131], [6.827, 0.261], [8.54, 0.261], [11.11, 0.392], [11.966, 0.653]]",ok,8.562,1.0,1.0,1.0,1.0,1.0,1.0,0.5,0.75,0.8333333333333334,f70d94a083f3437e8fd693d8648b6587,scene-0329,42
0.8282,1.3866,1.13,0.6446,0.8805,0.8799,0.0,0.0,0.0,0.0,0.0,0.0,0.0,0.0,0.0,ok,right,0.5983,1.4253,0.107,0.8148,1.0461,0.8198,True,"[1.9582, 1.9582, -1.5666, 7.1802, 1.1749, 2.4804, 2.1541, 0.0653]","[-112.3263, -242.5064, -1319.1323, -8874.786, -10841.5308, -14980.4489, -16803.3792, -26519.2053]","[3.1455, 1.5025, -1001318.7529, -1008872.7784, -1010841.1514, -1014978.4413, -1016802.9998, -1026517.1977]","[0.763, 0.82, 2.059, 3.965, 2.221, 2.157, 2.894, 2.657]","[[[2.2582, -0.1305], [4.5424, -0.3916], [6.8267, -0.7833], [9.1109, -2.0888], [10.253, -3.1332], [11.9662, -3.9165]], [[2.8293, -0.1305], [4.2569, -0.1305], [6.8267, -0.7833], [9.1109, -2.0888], [10.253, -3.1332], [11.9662, -3.9165]], [[2.8293, -0.1305], [4.2569, -0.1305], [6.8267, -0.7833], [9.1109, -2.0888], [10.8241, -2.2193], [13.1083, 3.1332]], [[2.2582, -0.1305], [4.5424, -0.3916], [6.8267, -0.7833], [9.1109, -2.0888], [10.8241, -12.0106], [11.1096, -14.3605]], [[2.8293, -0.1305], [4.2569, -0.1305], [6.8267, -0.7833], [9.1109, -2.0888], [9.1109, 3.2637], [9.1109, -2.3499]], [[2.2582, -0.1305], [4.5424, -0.3916], [6.8267, -0.7833], [9.1109, -2.0888], [17.6768, -3.9165], [11.6807, -4.9609]], [[2.8293, -0.1305], [4.2569, -0.1305], [6.8267, -0.7833], [9.1109, -2.0888], [15.3926, 3.3943], [16.8202, -4.3081]], [[2.2582, -0.1305], [4.5424, -0.3916], [6.8267, -0.7833], [9.1109, -2.0888], [11.1096, -10.9662], [11.6807, -0.1305]]]",0.9873,0.0,0.0,0.0,0.0,0.0,0.0,True,[3],0.0,0.0,0.0,0.7631,8.0,0.8282,1.4253,0.107,0.6446,0.9611,0.7631,"[[2.829, -0.131], [4.257, -0.131], [6.827, -0.783], [9.111, -2.089], [10.253, -3.133], [11.966, -3.916]]",ok,3.9652,0.0,0.0,0.0,0.0,0.0,0.0,0.0,0.0,0.0,10a3ee039c4c482ab220e69c1e420031,scene-0329,42
0.2477,0.8115,0.6612,0.2609,0.4116,0.5425,0.0,0.0,0.0,0.0,0.0,0.0,0.0,0.0,0.0,ok,straight,0.6191,0.783,0.3876,0.5857,0.5669,0.7143,False,"[-1.5666, -0.9138, -0.0653, -1.5666, -2.8721, -0.718, -8.2899, -2.7415]","[-491.1257, -1853.4199, -2207.5531, -2467.4912, -4953.2065, -10368.151, -27970.3933, -47686.8919]","[3.4564, -1001851.0269, -1002205.1601, -1002465.0964, -1004950.8116, -1010365.7561, -1027967.9984, -1047684.499]","[0.763, 0.779, 2.191, 1.023, 1.959, 2.248, 4.011, 3.044]","[[[1.6871, 0.0], [5.1135, -0.1305], [6.5412, -0.7833], [7.9688, -0.9138], [10.5386, -2.0888], [12.8228, -3.1332]], [[1.6871, 0.0], [5.1135, -0.1305], [6.5412, -0.7833], [7.9688, -0.9138], [11.9662, -2.611], [12.5373, -1.8277]], [[1.6871, 0.0], [5.1135, -0.1305], [6.5412, -0.7833], [7.9688, -0.9138], [13.6794, -2.4804], [20.8176, 0.1305]], [[1.6871, 0.0], [5.1135, -0.1305], [5.6846, 0.0], [8.8254, 0.7833], [10.5386, -2.0888], [12.8228, -3.1332]], [[1.6871, 0.0], [5.1135, -0.1305], [5.6846, 0.0], [8.8254, 0.7833], [7.6833, -2.4804], [11.1096, -5.7442]], [[1.6871, 0.0], [5.1135, -0.1305], [5.6846, 0.0], [8.8254, 0.7833], [9.3964, -2.0888], [21.1032, -1.436]], [[1.6871, 0.0], [5.1135, -0.1305], [5.6846, 0.0], [8.8254, 0.7833], [12.2517, -2.0888], [16.2492, 16.5798]], [[1.6871, 0.0], [5.1135, -0.1305], [6.5412, -0.7833], [7.9688, -0.9138], [22.8163, -3.5248], [14.536, -5.4831]]]",1.0731,0.0,0.0,0.0,0.0,0.0,0.0,False,[3],0.0,0.0,0.0,0.7629,8.0,0.6191,0.783,1.3623,0.5857,0.5669,0.7629,"[[1.687, 0.0], [5.113, -0.131], [6.541, -0.783], [7.969, -0.914], [11.966, -2.48], [12.823, -1.828]]",ok,4.0112,0.0,0.0,0.0,0.0,0.0,0.0,0.0,0.0,0.0,f954522c65fe49208c969909442ca375,scene-0329,42
0.7832,2.404,3.7865,0.676,1.352,1.9349,0.0,0.0,0.0,0.0,0.0,0.0,0.0,0.0,0.0,ok,left,0.1976,4.2935,3.7865,0.4263,1.621,2.1143,False,"[2.3499, 2.0888, 2.3499, -2.4152, 4.2429, -8.2899, 1.1097, -8.2899]","[-520.6265, -2446.7015, -2707.513, -9643.9258, -22002.3838, -38877.9944, -71168.3062, -145652.1471]","[2.0939, -1002446.0442, -1002706.8558, -1009643.292, -1022001.75, -1038877.3372, -1071167.649, -1145651.5134]","[1.852, 2.771, 2.114, 4.458, 2.929, 6.633, 4.174, 6.737]","[[[1.6871, -0.1305], [4.2569, 0.7833], [5.1135, 1.1749], [6.5412, 2.3499], [8.5399, 4.5692], [9.9675, 4.6998]], [[1.6871, -0.1305], [4.2569, 0.7833], [5.399, 1.3055], [4.5424, 2.4804], [5.6846, 6.0053], [9.1109, 4.1776]], [[1.6871, -0.1305], [4.2569, 0.7833], [5.399, 1.3055], [4.5424, 2.4804], [8.5399, 4.5692], [9.9675, 4.6998]], [[1.6871, -0.1305], [4.2569, 0.7833], [5.1135, 1.1749], [6.5412, 2.3499], [10.5386, -4.047], [7.6833, -4.8303]], [[1.6871, -0.1305], [4.2569, 0.7833], [5.1135, 1.1749], [6.5412, 2.3499], [1.6871, 0.3916], [11.3952, 8.4857]], [[1.6871, -0.1305], [4.2569, 0.7833], [5.399, 1.3055], [4.5424, 2.4804], [7.3977, 2.4804], [30.2401, -16.5798]], [[1.6871, -0.1305], [4.2569, 0.7833], [5.399, 1.3055], [4.5424, 2.4804], [10.5386, 16.5798], [7.9688, 2.2193]], [[1.6871, -0.1305], [4.2569, 0.7833], [5.1135, 1.1749], [6.5412, 2.3499], [8.2543, 16.5798], [10.5386, -16.5798]]]",1.7846,0.0,0.0,0.0,0.0,0.0,0.0,False,[3],0.0,0.0,0.0,1.8517,8.0,0.1976,2.404,3.7865,0.4263,1.2272,1.8517,"[[1.687, -0.131], [4.257, 0.783], [5.399, 1.305], [4.542, 2.48], [8.54, 4.569], [9.968, 4.7]]",ok,6.7366,0.0,0.0,0.0,0.0,0.0,0.0,0.0,0.0,0.0,b98e65c90a7a445a907a3bb1467b551b,scene-0330,42
0.02,1.0774,0.4701,0.1223,0.4298,0.5466,0.0,0.0,0.0,0.0,0.0,0.0,0.0,0.0,0.0,ok,straight,0.02,1.0774,1.6149,0.1223,0.4298,0.7374,False,"[-0.0, -0.3264, -0.0, -0.0, -0.9791, -1.1749, -0.0653, -0.6527]","[-14.6244, -824.7376, -2990.2119, -4012.3146, -11759.4023, -12138.6973, -14270.8452, -1241814.1654]","[5.8883, -1000820.138, -1002986.4741, -1004007.715, -1011755.6645, -1012134.9596, -1014267.1074, -2241809.5658]","[0.737, 0.92, 0.827, 1.221, 1.371, 1.581, 1.337, 12.204]","[[[3.1148, 0.0], [6.5412, 0.0], [9.682, 0.0], [12.8228, 0.0], [16.2492, 0.0], [19.39, 0.0]], [[3.1148, 0.0], [6.5412, 0.0], [9.682, 0.0], [12.8228, 0.0], [15.6781, 1.1749], [15.3926, -0.6527]], [[3.1148, 0.0], [6.5412, 0.0], [9.3964, 0.3916], [10.253, -0.5222], [16.2492, 0.0], [19.39, 0.0]], [[3.1148, 0.0], [6.5412, 0.0], [9.682, 0.0], [12.8228, 0.0], [13.1083, 0.9138], [21.1032, 0.0]], [[3.1148, 0.0], [6.5412, 0.0], [9.3964, 0.3916], [10.253, -0.5222], [18.5334, -0.5222], [16.2492, 1.9582]], [[3.1148, 0.0], [6.5412, 0.0], [9.3964, 0.3916], [10.253, -0.5222], [19.39, 0.6527], [19.6755, -2.3499]], [[3.1148, 0.0], [6.5412, 0.0], [9.3964, 0.3916], [10.253, -0.5222], [19.1045, -0.2611], [15.9636, -0.1305]], [[3.1148, 0.0], [6.5412, 0.0], [9.682, 0.0], [12.8228, 0.0], [69.6432, -1.9582], [0.8306, -1.3055]]]",3.6687,0.0,0.0,0.0,0.0,0.0,0.0,True,[3],0.0,0.0,0.0,0.7374,8.0,0.02,1.0774,1.6149,0.1223,0.4298,0.7374,"[[3.115, 0.0], [6.541, 0.0], [9.682, 0.0], [12.823, 0.0], [16.249, 0.0], [19.39, 0.0]]",ok,12.204,0.0,0.0,0.0,0.0,0.0,0.0,0.0,0.0,0.0,8135e2527da0405d9887a6a9b456586f,scene-0330,42
1.455,3.4445,6.755,0.9924,1.9288,3.313,0.0,0.0,0.0,0.0,0.0,0.0,0.0,0.0,0.0,ok,straight,0.5987,3.4445,7.0378,0.7121,1.7887,3.2667,True,"[-0.5222, -0.5222, -0.5875, -2.0235, -0.0653, -1.6319, -0.5222, -1.1749]","[-55.7297, -370.3709, -2502.6657, -2760.8153, -2801.2615, -5037.7278, -5654.343, -33178.6058]","[4.1798, 3.9973, -1002499.8493, -1002757.8472, -1002798.2934, -1005034.7597, -1005651.5265, -1033175.7894]","[3.36, 3.267, 2.806, 3.08, 2.113, 4.205, 3.088, 4.296]","[[[2.2582, 0.0], [4.5424, 0.0], [6.5412, 0.0], [8.5399, 0.0], [11.1096, 0.0], [13.1083, 1.0444]], [[2.5437, -0.1305], [3.6858, 0.0], [6.5412, 0.0], [8.5399, 0.0], [11.1096, 0.0], [13.1083, 1.0444]], [[2.5437, -0.1305], [3.6858, 0.0], [6.5412, 0.0], [8.5399, 0.0], [7.9688, -1.1749], [13.1083, -1.1749]], [[2.2582, 0.0], [4.5424, 0.0], [6.5412, 0.0], [8.5399, 0.0], [11.6807, 0.1305], [8.5399, -4.047]], [[2.2582, 0.0], [4.5424, 0.0], [6.5412, 0.0], [8.5399, 0.0], [6.5412, 0.0], [10.253, 0.1305]], [[2.2582, 0.0], [4.5424, 0.0], [6.5412, 0.0], [8.5399, 0.0], [12.2517, -2.8721], [15.9636, 3.2637]], [[2.5437, -0.1305], [3.6858, 0.0], [6.5412, 0.0], [8.5399, 0.0], [13.6794, 0.2611], [9.3964, 1.0444]], [[2.5437, -0.1305], [3.6858, 0.0], [6.5412, 0.0], [8.5399, 0.0], [19.6755, 2.4804], [9.9675, 2.3499]]]",0.6669,0.0,0.0,0.0,0.0,0.0,0.0,True,[3],0.0,0.0,0.0,2.1128,8.0,1.455,3.4445,4.1183,0.9924,1.9288,2.1128,"[[2.544, -0.131], [3.686, 0.0], [6.541, 0.0], [8.54, 0.0], [11.11, 0.0], [13.108, 1.044]]",ok,4.2963,0.0,0.0,0.0,0.0,0.0,0.0,0.0,0.0,0.0,89f10c1e72e34cd1b8fd94dda57dbe0e,scene-0330,42
5.1135,9.682,15.393,3.9714,6.327,8.8255,0.0,0.0,0.0,0.0,0.0,0.0,0.0,0.0,0.0,ok,straight,5.1135,9.9675,16.2496,3.9714,6.327,8.9682,False,"[-0.0653, -0.0653, -0.1958, -1.0444, -0.1958, -0.9138, -0.2611, -2.2846]","[-93.4515, -236.0668, -597.3034, -4429.7096, -5024.033, -59334.6541, -130478.3068, -148842.3036]","[3.9976, 3.829, -1000594.8307, -1004427.403, -1005021.7264, -1059332.1814, -1130475.8341, -1148839.9971]","[8.968, 8.875, 9.069, 9.792, 9.496, 7.74, 18.343, 17.942]","[[[2.8293, 0.0], [5.1135, 0.0], [7.3977, 0.0], [9.9675, 0.0], [12.2517, 0.0], [16.2492, -0.1305]], [[2.8293, 0.0], [5.1135, 0.0], [7.6833, -0.3916], [9.1109, -0.2611], [12.2517, 0.0], [16.2492, -0.1305]], [[2.8293, 0.0], [5.1135, 0.0], [7.3977, 0.0], [9.9675, 0.0], [13.9649, -0.9138], [15.107, -0.3916]], [[2.8293, 0.0], [5.1135, 0.0], [7.6833, -0.3916], [9.1109, -0.2611], [15.6781, 2.7415], [17.9623, 2.0888]], [[2.8293, 0.0], [5.1135, 0.0], [7.6833, -0.3916], [9.1109, -0.2611], [13.6794, -4.047], [17.9623, -0.3916]], [[2.8293, 0.0], [5.1135, 0.0], [7.3977, 0.0], [9.9675, 0.0], [13.3939, -11.6189], [-2.8813, -1.8277]], [[2.8293, 0.0], [5.1135, 0.0], [7.3977, 0.0], [9.9675, 0.0], [15.107, 0.0], [69.6432, 0.5222]], [[2.8293, 0.0], [5.1135, 0.0], [7.6833, -0.3916], [9.1109, -0.2611], [13.1083, -0.2611], [69.6432, -4.5692]]]",4.0034,0.0,0.0,0.0,0.0,0.0,0.0,True,[3],0.0,0.0,0.0,7.7397,8.0,5.1135,9.9675,3.4058,3.9714,6.327,7.7397,"[[2.829, 0.0], [5.113, 0.0], [7.398, 0.0], [9.968, 0.0], [12.252, 0.0], [16.249, -0.131]]",ok,18.3434,0.0,0.0,0.0,0.0,0.0,0.0,0.0,0.0,0.0,ab857edfbfc94a369e6dce819fe16aec,scene-0330,42
1.9896,4.7251,6.9941,1.5567,2.749,4.0388,0.0,0.0,0.0,0.0,0.0,0.0,0.0,0.0,0.0,ok,straight,2.2915,3.4902,6.9941,1.5611,2.0749,3.5893,True,"[-1.2402, -2.9374, -1.2402, -1.7624, -1.7624, -3.8512, -3.4596, -8.2899]","[-275.1198, -1134.2692, -1722.4159, -3409.3584, -4607.2491, -5735.1371, -10554.4486, -13177.6535]","[4.0737, -1001132.1095, -1001720.2562, -1003407.1988, -1004605.0894, -1005733.0134, -1010552.3249, -1013175.5298]","[3.849, 3.676, 3.589, 3.675, 4.317, 5.779, 5.483, 5.419]","[[[0.8306, 0.0], [2.2582, -0.3916], [2.8293, -0.6527], [3.6858, -1.0444], [5.9701, -1.8277], [6.5412, -2.4804]], [[0.8306, 0.0], [2.2582, -0.3916], [1.6871, 0.0], [3.4003, 0.7833], [5.399, -1.436], [5.6846, -5.8747]], [[0.8306, 0.0], [2.2582, -0.3916], [1.6871, 0.0], [3.4003, 0.7833], [5.9701, -1.8277], [6.5412, -2.4804]], [[0.8306, 0.0], [2.2582, -0.3916], [1.6871, 0.0], [3.4003, 0.7833], [6.8267, -2.611], [5.399, -3.5248]], [[0.8306, 0.0], [2.2582, -0.3916], [1.6871, 0.0], [3.4003, 0.7833], [6.5412, -1.6971], [10.253, 3.5248]], [[0.8306, 0.0], [2.2582, -0.3916], [2.8293, -0.6527], [3.6858, -1.0444], [10.5386, -4.6998], [10.8241, -7.7024]], [[0.8306, 0.0], [2.2582, -0.3916], [2.8293, -0.6527], [3.6858, -1.0444], [4.828, 0.5222], [16.8202, -6.9191]], [[0.8306, 0.0], [2.2582, -0.3916], [2.8293, -0.6527], [3.6858, -1.0444], [3.1148, 0.5222], [10.253, 16.5798]]]",0.8723,0.0,0.0,0.0,0.0,0.0,0.0,False,[3],0.0,0.0,0.0,3.5893,8.0,2.2915,3.4902,6.9941,1.5611,2.0749,3.5893,"[[0.831, 0.0], [2.258, -0.392], [1.687, 0.0], [3.4, 0.783], [5.97, -1.828], [6.541, -2.48]]",ok,5.7791,0.0,0.0,1.0,0.0,0.0,1.0,0.0,0.0,0.3333333333333333,09361337f2bf4e819aac2a310481e62f,scene-0331,42
3.73,7.2538,10.2228,2.8539,4.7121,6.3772,0.0,0.0,0.0,0.0,0.0,0.0,0.0,0.0,0.0,ok,straight,3.73,6.4588,10.2228,2.8539,4.5133,6.2446,True,"[-2.7415, -2.7415, -3.7207, -2.9374, -3.7207, -8.2899, -8.2899, -3.0026]","[-576.0153, -474.8781, -822.217, -1689.3013, -7340.3934, -17247.8526, -117966.2823, -140105.8477]","[3.98, 3.9631, -1000819.6325, -1001686.7355, -1007337.8276, -1017245.2681, -1117963.6978, -1140103.2818]","[6.245, 6.389, 7.45, 6.373, 6.66, 7.738, 9.216, 7.481]","[[[1.9727, -0.1305], [3.6858, -0.7833], [5.9701, -1.8277], [6.8267, -2.4804], [9.1109, -4.5692], [9.9675, -5.4831]], [[1.9727, -0.1305], [4.5424, -0.9138], [5.9701, -1.8277], [6.8267, -2.4804], [9.1109, -4.5692], [9.9675, -5.4831]], [[1.9727, -0.1305], [3.6858, -0.7833], [5.9701, -1.8277], [6.8267, -2.4804], [10.8241, -4.6998], [15.3926, -7.4413]], [[1.9727, -0.1305], [4.5424, -0.9138], [5.9701, -1.8277], [6.8267, -2.4804], [9.9675, -2.3499], [9.682, -5.8747]], [[1.9727, -0.1305], [4.5424, -0.9138], [5.9701, -1.8277], [6.8267, -2.4804], [11.9662, -4.5692], [6.8267, -7.4413]], [[1.9727, -0.1305], [3.6858, -0.7833], [5.9701, -1.8277], [6.8267, -2.4804], [10.253, -1.9582], [11.1096, 16.5798]], [[1.9727, -0.1305], [3.6858, -0.7833], [5.9701, -1.8277], [6.8267, -2.4804], [10.253, -14.3605], [13.1083, 16.5798]], [[1.9727, -0.1305], [4.5424, -0.9138], [5.9701, -1.8277], [6.8267, -2.4804], [8.8254, 16.5798], [6.2556, -6.0053]]]",0.9381,0.0,0.0,0.0,0.0,0.0,0.0,True,[3],0.0,0.0,0.0,6.2446,8.0,3.73,6.4588,10.2228,2.8539,4.5133,6.2446,"[[1.973, -0.131], [3.686, -0.783], [5.97, -1.828], [6.827, -2.48], [9.111, -4.569], [9.968, -5.483]]",ok,9.2157,0.0,0.0,0.0,0.0,0.0,0.0,0.0,0.0,0.0,d6f57f68244a4136aa87ae54bf0aaef1,scene-0331,42
1.2939,5.0666,11.8493,0.8472,2.4687,5.0131,0.0,0.0,0.0,0.0,0.0,0.0,0.0,0.0,0.0,ok,left,1.2939,5.0666,4.0051,0.8472,2.4687,3.4715,True,"[-3.329, 0.7833, 2.611, 8.2899, -3.329, -8.2899, -3.7207, -8.2899]","[-439.7616, -1500.3708, -18773.4142, -150278.139, -15362.9654, -19074.9339, -19551.5685, -27713.2159]","[0.6096, -1001500.1722, -1018773.2156, -1150277.9405, -2034379.063, -2038091.0315, -2038567.6662, -2046729.3135]","[5.013, 4.609, 2.549, 7.058, 6.194, 8.11, 6.5, 8.687]","[[[1.9727, -0.2611], [3.6858, -0.7833], [5.9701, -1.8277], [6.5412, -2.4804], [8.5399, -4.5692], [10.5386, -6.658]], [[1.9727, -0.2611], [3.6858, -0.7833], [5.9701, -1.8277], [6.5412, -2.4804], [4.828, -3.1332], [3.6858, 1.5666]], [[1.9727, -0.2611], [3.6858, -0.7833], [5.9701, -1.8277], [6.5412, -2.4804], [10.8241, 7.0497], [10.253, 5.222]], [[1.9727, -0.2611], [3.6858, -0.7833], [5.9701, -1.8277], [6.5412, -2.4804], [10.5386, -16.5798], [7.9688, 16.5798]], [[1.9727, -0.2611], [3.6858, -0.7833], [5.6846, -7.833], [7.9688, -3.7859], [8.5399, -4.5692], [10.5386, -6.658]], [[1.9727, -0.2611], [3.6858, -0.7833], [5.6846, -7.833], [7.9688, -3.7859], [11.1096, -6.2664], [10.253, -16.5798]], [[1.9727, -0.2611], [3.6858, -0.7833], [5.6846, -7.833], [7.9688, -3.7859], [12.2517, -4.8303], [7.6833, -7.4413]], [[1.9727, -0.2611], [3.6858, -0.7833], [5.6846, -7.833], [7.9688, -3.7859], [9.9675, -6.0053], [25.6716, -16.5798]]]",1.865,0.0,0.0,0.0,0.0,0.0,0.0,False,[3],0.0,0.0,0.0,2.5494,8.0,1.2939,5.0666,1.934,0.8472,2.4687,2.5494,"[[1.973, -0.261], [3.686, -0.783], [5.97, -1.828], [6.541, -2.48], [8.54, -3.133], [10.253, 1.567]]",ok,8.6865,0.0,0.0,0.0,0.0,0.0,0.0,0.0,0.0,0.0,bb0abb64c37b49058b885392c22d3b29,scene-0331,42
0.4188,1.374,4.5867,0.2522,0.5601,1.7931,0.0,0.0,0.0,0.0,0.0,0.0,0.0,0.0,0.0,ok,straight,1.874,1.374,4.5867,1.3227,1.0953,2.15,False,"[-0.0, -0.0, -0.1958, -0.9138, -0.0653, -0.3264, -1.1749, -0.4569]","[-187.4814, -715.1504, -594.1961, -2267.4524, -2969.6529, -3784.0471, -4057.9996, -25541.1889]","[4.679, 2.9822, 2.5202, -1002264.3405, -1002966.5411, -1003780.9353, -1004056.5176, -1025539.7069]","[1.793, 2.15, 1.299, 2.698, 2.136, 3.652, 1.665, 2.123]","[[[2.2582, 0.0], [4.5424, 0.0], [7.6833, 0.0], [9.682, 0.0], [11.1096, 0.0], [14.2505, 0.0]], [[3.1148, 0.0], [6.8267, -0.1305], [7.6833, 0.0], [9.682, 0.0], [11.1096, 0.0], [14.2505, 0.0]], [[3.1148, 0.0], [6.8267, -0.1305], [7.6833, 0.0], [9.682, 0.0], [12.8228, 0.1305], [17.6768, 0.3916]], [[2.2582, 0.0], [4.5424, 0.0], [7.6833, 0.0], [9.682, 0.0], [17.9623, 0.6527], [29.6691, 1.8277]], [[2.2582, 0.0], [4.5424, 0.0], [7.6833, 0.0], [9.682, 0.0], [8.8254, 0.9138], [14.536, 0.1305]], [[2.2582, 0.0], [4.5424, 0.0], [7.6833, 0.0], [9.682, 0.0], [11.1096, 0.0], [3.1148, -0.6527]], [[3.1148, 0.0], [6.8267, -0.1305], [7.6833, 0.0], [9.682, 0.0], [15.3926, -0.1305], [14.2505, -2.3499]], [[3.1148, 0.0], [6.8267, -0.1305], [7.6833, 0.0], [9.682, 0.0], [22.5308, -0.5222], [19.1045, 0.9138]]]",0.6739,0.0,0.0,0.0,0.0,0.0,0.0,True,[3],0.0,0.0,0.0,1.2986,8.0,1.874,1.374,1.1914,1.3227,1.0953,1.2986,"[[3.115, 0.0], [6.827, -0.131], [7.683, 0.0], [9.682, 0.0], [11.11, 0.0], [14.25, 0.0]]",ok,3.652,0.0,0.0,0.0,0.0,0.0,0.0,0.0,0.0,0.0,b3105c6e9a3a4a30bddd24b48b111d78,scene-0331,42
5.6955,11.9881,17.9853,4.3003,7.2156,10.2821,0.0,0.0,0.0,0.0,0.0,0.0,0.0,0.0,0.0,ok,straight,4.8375,11.9881,17.9853,3.8713,7.1439,10.2343,True,"[-0.1305, -0.1305, -0.1958, -0.1958, -0.2611, -0.0653, -0.0653, -0.1305]","[-337.8643, -16.7634, -683.5446, -115.3133, -422.9536, -1572.8758, -11142.8857, -49070.1884]","[2.7377, 2.172, 1.6832, 1.133, 0.6667, -1001571.4577, -1011141.4677, -1049068.1845]","[10.234, 10.377, 10.379, 9.283, 10.949, 9.283, 11.523, 15.611]","[[[3.1148, 0.0], [5.1135, 0.0], [9.1109, -0.1305], [12.2517, -0.1305], [15.107, -0.2611], [18.2479, -0.2611]], [[3.1148, 0.0], [5.9701, -0.1305], [9.1109, -0.1305], [12.2517, -0.1305], [15.107, -0.2611], [18.2479, -0.2611]], [[3.1148, 0.0], [5.1135, 0.0], [9.1109, -0.1305], [12.2517, -0.1305], [14.536, -0.5222], [19.6755, -0.3916]], [[3.1148, 0.0], [5.9701, -0.1305], [9.1109, -0.1305], [12.2517, -0.1305], [13.6794, 0.0], [13.1083, -0.3916]], [[3.1148, 0.0], [5.1135, 0.0], [9.1109, -0.1305], [12.2517, -0.1305], [15.9636, -0.2611], [21.6742, -0.5222]], [[3.1148, 0.0], [5.9701, -0.1305], [9.1109, -0.1305], [12.2517, -0.1305], [15.107, 0.3916], [11.6807, 0.1305]], [[3.1148, 0.0], [5.9701, -0.1305], [9.1109, -0.1305], [12.2517, -0.1305], [12.8228, -0.7833], [27.3848, 0.1305]], [[3.1148, 0.0], [5.1135, 0.0], [9.1109, -0.1305], [12.2517, -0.1305], [32.5244, 0.0], [33.0954, -0.2611]]]",1.8967,0.0,0.0,0.0,0.0,0.0,0.0,True,[3],0.0,0.0,0.0,9.283,8.0,5.6955,11.9881,12.8496,4.3003,7.3584,9.283,"[[3.115, 0.0], [5.113, 0.0], [9.111, -0.131], [12.252, -0.131], [15.107, -0.261], [18.248, -0.261]]",ok,15.6113,0.0,0.0,0.0,0.0,0.0,0.0,0.0,0.0,0.0,097c7295f13a4746a2c46d036c21bd3e,scene-0332,42
6.9454,12.016,17.8493,5.2921,8.0969,10.7916,0.0,0.0,0.0,0.0,0.0,0.0,0.0,0.0,0.0,ok,straight,6.3732,12.016,17.8493,5.1488,8.0252,10.839,False,"[-0.1305, -0.1305, -0.1958, -1.1749, -0.0, -0.0, -0.1305, -0.1958]","[-149.6433, -372.9621, -263.264, -965.321, -1335.2773, -3210.2209, -9756.3524, -11458.5436]","[3.7491, 2.5671, 2.4108, -1000962.6627, -1001333.7486, -1003207.5626, -1009754.8237, -1011455.8853]","[10.791, 10.839, 10.268, 10.818, 10.65, 10.506, 11.22, 9.889]","[[[3.4003, 0.0], [7.1122, 0.0], [11.1096, -0.1305], [14.2505, -0.1305], [18.8189, -0.1305], [23.3874, -0.2611]], [[3.9714, 0.0], [6.8267, 0.0], [11.1096, -0.1305], [14.2505, -0.1305], [18.8189, -0.1305], [23.3874, -0.2611]], [[3.9714, 0.0], [6.8267, 0.0], [11.1096, -0.1305], [14.2505, -0.1305], [17.3913, -0.1305], [21.3887, -0.3916]], [[3.4003, 0.0], [7.1122, 0.0], [11.1096, -0.1305], [14.2505, -0.1305], [17.3913, -0.1305], [24.8151, 2.3499]], [[3.9714, 0.0], [6.8267, 0.0], [11.1096, -0.1305], [14.2505, -0.1305], [19.6755, -0.5222], [21.3887, 0.0]], [[3.4003, 0.0], [7.1122, 0.0], [11.1096, -0.1305], [14.2505, -0.1305], [20.5321, -0.3916], [19.9611, 0.0]], [[3.9714, 0.0], [6.8267, 0.0], [11.1096, -0.1305], [14.2505, -0.1305], [15.107, -0.3916], [29.3835, -0.2611]], [[3.4003, 0.0], [7.1122, 0.0], [11.1096, -0.1305], [14.2505, -0.1305], [12.5373, 0.0], [24.244, 0.3916]]]",0.3791,0.0,0.0,0.0,0.0,0.0,0.0,True,[3],0.0,0.0,0.0,9.8885,8.0,6.6587,12.016,18.7135,5.006,7.9538,9.8885,"[[3.971, 0.0], [6.827, 0.0], [11.11, -0.131], [14.25, -0.131], [18.819, -0.131], [23.387, -0.261]]",ok,11.2203,0.0,0.0,0.0,0.0,0.0,0.0,0.0,0.0,0.0,255afd1fb1a34c9ebc1a577e49fbccd4,scene-0332,42
1.2414,1.2806,1.0194,0.8755,1.0437,1.0064,0.0,0.0,0.0,0.0,0.0,0.0,0.0,0.0,0.0,ok,straight,1.2414,1.2806,1.0194,0.8755,1.0437,1.0532,False,"[-0.1305, -0.1305, -0.9791, -0.0653, -0.1305, -0.1958, -0.1305, -0.0653]","[-16.3221, -196.2454, -1179.349, -2975.1892, -3522.9044, -33716.6582, -41462.7787, -163712.6149]","[3.1881, 2.5824, -1001177.0898, -1002972.93, -1003521.2476, -1033715.0014, -1041461.1219, -1163710.3557]","[1.053, 1.026, 1.479, 1.995, 3.093, 3.754, 4.748, 5.016]","[[[4.2569, 0.0], [8.5399, 0.0], [12.5373, -0.1305], [16.8202, -0.1305], [20.8176, -0.1305], [24.8151, -0.2611]], [[3.4003, 0.0], [8.5399, 0.0], [12.5373, -0.1305], [16.8202, -0.1305], [20.8176, -0.1305], [24.8151, -0.2611]], [[4.2569, 0.0], [8.5399, 0.0], [12.5373, -0.1305], [16.8202, -0.1305], [22.5308, 0.0], [23.6729, 1.9582]], [[4.2569, 0.0], [8.5399, 0.0], [12.5373, -0.1305], [16.8202, -0.1305], [24.8151, -0.2611], [26.5282, -0.1305]], [[3.4003, 0.0], [8.5399, 0.0], [12.5373, -0.1305], [16.8202, -0.1305], [26.2427, -1.5666], [31.6678, 0.2611]], [[3.4003, 0.0], [8.5399, 0.0], [12.5373, -0.1305], [16.8202, -0.1305], [7.9688, 0.2611], [17.1058, -0.3916]], [[3.4003, 0.0], [8.5399, 0.0], [12.5373, -0.1305], [16.8202, -0.1305], [18.2479, 0.5222], [46.8008, 0.2611]], [[4.2569, 0.0], [8.5399, 0.0], [12.5373, -0.1305], [16.8202, -0.1305], [-2.8813, -0.1305], [20.5321, -0.1305]]]",1.512,0.0,0.0,0.0,0.0,0.0,0.0,True,[3],0.0,0.0,0.0,1.0263,8.0,1.2414,1.2806,1.0194,0.7949,1.0034,1.0263,"[[4.257, 0.0], [8.54, 0.0], [12.537, -0.131], [16.82, -0.131], [20.818, -0.131], [24.815, -0.261]]",ok,5.0165,0.0,0.0,0.0,0.0,0.0,0.0,0.0,0.0,0.0,d557b9adf90b44b0b128ceb13e23e386,scene-0332,42
0.9768,0.8238,1.7544,0.7208,0.6493,0.8084,0.0,0.0,0.0,0.0,0.0,0.0,0.0,0.0,0.0,ok,straight,0.9768,0.8238,1.9973,0.7208,1.0026,1.0752,False,"[-0.0653, -0.0653, -0.1958, -0.5222, -0.0653, -2.1541, -0.1958, -0.0653]","[-231.6028, -397.0574, -1177.2326, -2452.5051, -8838.7187, -17351.7955, -19222.7835, -21677.5362]","[4.6831, 4.6639, -1001174.0826, -1002449.3572, -1008835.5708, -1017348.6477, -1019219.6357, -1021674.3862]","[1.09, 1.412, 1.313, 2.2, 1.851, 2.711, 5.876, 3.496]","[[[4.2569, 0.0], [8.5399, 0.0], [12.5373, 0.0], [18.2479, 0.0], [23.3874, -0.1305], [26.5282, -0.1305]], [[4.2569, 0.0], [8.5399, 0.0], [12.5373, 0.0], [18.2479, 0.0], [25.6716, -0.3916], [31.0967, 0.1305]], [[4.2569, 0.0], [8.5399, 0.0], [12.5373, 0.0], [18.2479, 0.0], [24.244, -0.1305], [25.1006, 0.3916]], [[3.9714, 0.0], [8.8254, 0.0], [12.5373, -0.1305], [13.6794, 0.0], [20.2466, -0.6527], [27.9559, 1.0444]], [[3.9714, 0.0], [8.8254, 0.0], [12.5373, -0.1305], [13.6794, 0.0], [23.3874, -0.1305], [26.5282, -0.1305]], [[3.9714, 0.0], [8.8254, 0.0], [12.5373, -0.1305], [13.6794, 0.0], [26.5282, 0.1305], [30.5257, -4.3081]], [[3.9714, 0.0], [8.8254, 0.0], [12.5373, -0.1305], [13.6794, 0.0], [31.0967, -0.2611], [47.943, 0.3916]], [[4.2569, 0.0], [8.5399, 0.0], [12.5373, 0.0], [18.2479, 0.0], [34.2375, 0.1305], [35.0941, 0.1305]]]",1.4801,0.0,0.0,0.0,0.0,0.0,0.0,False,[3],0.0,0.0,0.0,1.0904,8.0,0.9768,0.8238,2.0332,0.7208,1.0026,1.0904,"[[4.257, 0.0], [8.54, 0.0], [12.537, 0.0], [18.248, 0.0], [24.244, -0.131], [26.528, 0.131]]",ok,5.8761,0.0,0.0,0.0,0.0,0.0,0.0,0.0,0.0,0.0,87e52fd5dabd4c1fa075f42c0a89e72e,scene-0332,42
4.5443,9.3964,13.109,3.2585,5.6136,7.5887,0.0,0.0,0.0,0.0,0.0,0.0,0.0,0.0,0.0,ok,straight,4.5443,9.3974,13.109,3.2585,5.6139,7.7791,False,"[-0.0653, -0.0653, -0.0, -0.2611, -4.6998, -0.9138, -0.0653, -0.3264]","[-434.76, -170.5955, -887.1216, -1667.7722, -4656.2336, -13314.5702, -16717.8147, -17427.2209]","[5.0568, 4.33, -1000884.2295, -1001664.1161, -1004652.5775, -1013311.6782, -1016714.1586, -1017424.3289]","[9.115, 7.779, 9.683, 9.64, 10.522, 7.862, 9.21, 9.305]","[[[3.1148, 0.0], [7.3977, 0.0], [9.682, -0.6527], [10.253, -0.1305], [11.1096, -0.1305], [13.1083, -0.1305]], [[1.9727, 0.0], [4.5424, -0.1305], [6.5412, 0.0], [9.3964, -0.1305], [11.1096, -0.1305], [13.1083, -0.1305]], [[1.9727, 0.0], [4.5424, -0.1305], [6.5412, 0.0], [9.3964, -0.1305], [15.6781, 0.1305], [19.9611, 0.0]], [[3.1148, 0.0], [7.3977, 0.0], [9.682, -0.6527], [10.253, -0.1305], [13.6794, -0.1305], [13.6794, 0.5222]], [[3.1148, 0.0], [7.3977, 0.0], [9.682, -0.6527], [10.253, -0.1305], [13.3939, -0.1305], [16.8202, -9.3996]], [[1.9727, 0.0], [4.5424, -0.1305], [6.5412, 0.0], [9.3964, -0.1305], [16.2492, -0.6527], [8.2543, 1.8277]], [[3.1148, 0.0], [7.3977, 0.0], [9.682, -0.6527], [10.253, -0.1305], [16.8202, 0.0], [7.9688, 0.1305]], [[1.9727, 0.0], [4.5424, -0.1305], [6.5412, 0.0], [9.3964, -0.1305], [19.39, 0.2611], [13.9649, -0.6527]]]",0.864,0.0,0.0,0.0,0.0,0.0,0.0,True,[3],0.0,0.0,0.0,7.7791,8.0,4.5443,9.3974,13.109,3.2585,5.6139,7.7791,"[[1.973, 0.0], [4.542, -0.131], [6.541, 0.0], [9.396, -0.131], [11.11, -0.131], [13.108, -0.131]]",ok,10.5222,0.0,0.0,0.0,0.0,0.0,0.0,0.0,0.0,0.0,418cbb70159341c1ada4f3ba1fb69713,scene-0344,42
5.1135,10.5394,15.3931,3.9714,6.4703,9.0163,0.0,0.0,0.0,0.0,0.0,0.0,0.0,0.0,0.0,ok,straight,5.1135,10.5394,16.8207,3.9714,6.4703,9.4445,False,"[-0.0653, -0.2611, -0.1305, -0.0, -0.0, -0.0653, -0.2611, -0.1958]","[-92.1331, -43.3917, -3162.7145, -95540.1795, -4045.4333, -4914.4308, -6890.1362, -11905.4243]","[4.1497, 2.1983, -1003159.6529, -1095537.1179, -2006800.0131, -2007669.0106, -2009644.716, -2014660.0041]","[9.016, 9.446, 9.968, 11.476, 8.376, 8.927, 9.167, 7.737]","[[[2.8293, 0.0], [5.1135, 0.0], [7.3977, -0.1305], [10.5386, -0.1305], [12.8228, -0.1305], [15.3926, -0.1305]], [[2.8293, 0.0], [5.1135, 0.0], [7.3977, -0.1305], [10.5386, -0.1305], [13.9649, -0.1305], [16.8202, -0.5222]], [[2.8293, 0.0], [5.1135, 0.0], [7.3977, -0.1305], [10.5386, -0.1305], [17.1058, 0.0], [16.8202, 0.2611]], [[2.8293, 0.0], [5.1135, 0.0], [7.3977, -0.1305], [10.5386, -0.1305], [17.9623, 16.5798], [18.5334, 0.0]], [[2.8293, 0.0], [5.1135, 0.0], [9.1109, 0.7833], [8.2543, -0.1305], [9.682, 1.5666], [15.107, 0.0]], [[2.8293, 0.0], [5.1135, 0.0], [9.1109, 0.7833], [8.2543, -0.1305], [12.8228, -0.1305], [15.3926, -0.1305]], [[2.8293, 0.0], [5.1135, 0.0], [9.1109, 0.7833], [8.2543, -0.1305], [13.9649, -0.3916], [15.6781, 0.5222]], [[2.8293, 0.0], [5.1135, 0.0], [9.1109, 0.7833], [8.2543, -0.1305], [5.1135, 0.0], [15.9636, -0.3916]]]",1.0445,0.0,0.0,0.0,0.0,0.0,0.0,True,[3],0.0,0.0,0.0,7.7374,8.0,5.1135,8.2554,15.9684,3.9714,6.3357,7.7374,"[[2.829, 0.0], [5.113, 0.0], [7.398, -0.131], [10.539, -0.131], [13.965, -0.131], [16.82, -0.131]]",ok,11.4765,0.0,0.0,0.0,0.0,0.0,0.0,0.0,0.0,0.0,eb9d7bc242d14e92a46c1037126cb204,scene-0344,42
5.1135,10.5394,15.9642,3.9714,6.4703,9.1114,0.0,0.0,0.0,0.0,0.0,0.0,0.0,0.0,0.0,ok,straight,5.1135,10.5394,15.9642,3.9714,6.4703,9.1114,False,"[-0.0, -0.0653, -0.0653, -0.1305, -0.8486, -0.0653, -0.1305, -0.3264]","[-368.243, -120.3089, -567.4244, -613.53, -713.2017, -2634.8755, -4191.2363, -216327.2748]","[3.3251, 3.0775, 3.0706, 2.8188, -1000711.0525, -1002632.727, -1004189.0872, -1216325.1262]","[8.449, 9.111, 9.349, 9.402, 8.748, 8.112, 10.111, 13.968]","[[[2.8293, 0.0], [5.1135, 0.0], [7.3977, -0.1305], [10.5386, -0.1305], [11.6807, -0.7833], [13.1083, 0.0]], [[2.8293, 0.0], [5.1135, 0.0], [7.3977, -0.1305], [10.5386, -0.1305], [12.8228, -0.1305], [15.9636, -0.1305]], [[3.1148, 0.0], [6.2556, 0.0], [7.3977, -0.1305], [10.5386, -0.1305], [12.8228, -0.1305], [15.9636, -0.1305]], [[3.1148, 0.0], [6.2556, 0.0], [7.3977, -0.1305], [10.5386, -0.1305], [13.6794, -0.9138], [15.3926, -0.2611]], [[2.8293, 0.0], [5.1135, 0.0], [7.3977, -0.1305], [10.5386, -0.1305], [11.6807, -0.3916], [14.8215, 1.6971]], [[3.1148, 0.0], [6.2556, 0.0], [7.3977, -0.1305], [10.5386, -0.1305], [9.3964, 0.0], [11.9662, -0.1305]], [[2.8293, 0.0], [5.1135, 0.0], [7.3977, -0.1305], [10.5386, -0.1305], [17.6768, 0.0], [17.1058, 0.2611]], [[3.1148, 0.0], [6.2556, 0.0], [7.3977, -0.1305], [10.5386, -0.1305], [39.3771, -0.6527], [17.1058, -0.6527]]]",1.7292,0.0,0.0,0.0,0.0,0.0,0.0,True,[3],0.0,0.0,0.0,8.112,8.0,6.2556,10.5394,11.9669,4.6852,6.8272,8.112,"[[2.829, 0.0], [5.113, 0.0], [7.398, -0.131], [10.539, -0.131], [12.823, -0.131], [15.964, -0.131]]",ok,13.9682,0.0,0.0,0.0,0.0,0.0,0.0,0.0,0.0,0.0,113f0ef12c2d455ebd676580a8bb9d57,scene-0344,42
5.399,11.1104,17.3918,4.1141,6.7558,9.5873,0.0,0.0,1.0,0.0,0.0,1.0,0.0,0.0,0.3333333333333333,ok,straight,5.9701,11.1104,17.3918,4.5424,7.184,9.8728,False,"[-0.0653, -0.0653, -0.1958, -0.7833, -0.0653, -0.1958, -0.3264, -0.0653]","[-191.2762, -218.4597, -2005.5859, -4279.7148, -5012.8667, -6388.8361, -7731.2865, -59172.6128]","[3.9831, 3.979, -1002002.8382, -1004276.9671, -1005010.1215, -1006386.0884, -1007728.5414, -1059169.8676]","[9.873, 9.73, 10.682, 9.32, 8.876, 10.302, 6.457, 11.444]","[[[3.1148, 0.0], [5.9701, 0.0], [8.5399, -0.1305], [11.1096, -0.1305], [13.1083, -0.1305], [17.3913, -0.1305]], [[2.8293, 0.0], [5.399, 0.0], [8.5399, -0.1305], [11.1096, -0.1305], [13.1083, -0.1305], [17.3913, -0.1305]], [[3.1148, 0.0], [5.9701, 0.0], [8.5399, -0.1305], [11.1096, -0.1305], [17.1058, 0.1305], [18.2479, -0.3916]], [[3.1148, 0.0], [5.9701, 0.0], [8.5399, -0.1305], [11.1096, -0.1305], [15.6781, -0.2611], [11.3952, 1.5666]], [[2.8293, 0.0], [5.399, 0.0], [8.5399, -0.1305], [11.1096, -0.1305], [9.3964, -0.5222], [15.9636, 0.1305]], [[3.1148, 0.0], [5.9701, 0.0], [8.5399, -0.1305], [11.1096, -0.1305], [17.9623, 0.0], [15.107, -0.3916]], [[2.8293, 0.0], [5.399, 0.0], [8.5399, -0.1305], [11.1096, -0.1305], [5.1135, -0.5222], [5.6846, -0.6527]], [[2.8293, 0.0], [5.399, 0.0], [8.5399, -0.1305], [11.1096, -0.1305], [26.5282, -0.5222], [14.2505, -0.1305]]]",1.398,0.0,0.0,1.0,0.0,0.0,1.0,True,[3],0.0,0.0,0.3333333333333333,6.4569,8.0,5.399,11.1104,5.7219,4.1141,6.9699,6.4569,"[[3.115, 0.0], [5.97, 0.0], [8.54, -0.131], [11.11, -0.131], [13.108, -0.131], [17.391, -0.131]]",ok,11.444,0.0,0.0,0.0,0.0,0.0,1.0,0.0,0.0,0.16666666666666666,23d04168ebfa4aabbd7ab5024c7f096f,scene-0344,42
5.399,10.5394,16.8207,4.2569,6.7558,9.5873,0.0,0.0,0.0,0.0,0.0,0.0,0.0,0.0,0.0,ok,straight,5.399,10.5394,15.9642,4.2569,6.7558,9.4445,True,"[-0.0653, -0.0653, -0.5222, -0.1958, -0.3264, -0.718, -0.5222, -1.3055]","[-749.9261, -66.7774, -1221.2366, -2197.2684, -5782.3962, -14426.8155, -73778.9013, -1031360.9599]","[4.9208, 4.8709, -1001217.8215, -1002193.8015, -1005778.9293, -1014423.3485, -1073775.4862, -2031357.5449]","[9.111, 9.445, 10.307, 9.112, 9.827, 8.691, 9.886, 19.466]","[[[3.1148, 0.0], [5.399, 0.0], [7.3977, 0.0], [9.1109, -0.1305], [13.6794, -0.1305], [15.9636, -0.1305]], [[3.1148, 0.0], [5.399, 0.0], [7.9688, -0.1305], [10.5386, -0.1305], [13.6794, -0.1305], [15.9636, -0.1305]], [[3.1148, 0.0], [5.399, 0.0], [7.9688, -0.1305], [10.5386, -0.1305], [16.2492, 0.3916], [18.5334, 1.0444]], [[3.1148, 0.0], [5.399, 0.0], [7.3977, 0.0], [9.1109, -0.1305], [10.5386, -0.2611], [19.1045, 0.3916]], [[3.1148, 0.0], [5.399, 0.0], [7.3977, 0.0], [9.1109, -0.1305], [16.8202, -0.1305], [17.1058, 0.6527]], [[3.1148, 0.0], [5.399, 0.0], [7.3977, 0.0], [9.1109, -0.1305], [6.8267, 0.0], [20.2466, -1.436]], [[3.1148, 0.0], [5.399, 0.0], [7.9688, -0.1305], [10.5386, -0.1305], [25.1006, 0.3916], [7.1122, -1.0444]], [[3.1148, 0.0], [5.399, 0.0], [7.9688, -0.1305], [10.5386, -0.1305], [69.6432, -0.1305], [19.9611, -2.611]]]",3.3368,0.0,0.0,0.0,0.0,0.0,0.0,True,[3],0.0,0.0,0.0,8.6913,8.0,5.399,9.1119,20.2974,4.2569,6.2559,8.6913,"[[3.115, 0.0], [5.399, 0.0], [7.969, -0.131], [10.539, -0.131], [13.679, -0.131], [15.964, -0.131]]",ok,19.4663,0.0,0.0,0.0,0.0,0.0,0.0,0.0,0.0,0.0,c525629d7b3749d8968b486bb5412adf,scene-0345,42
1.7381,1.4861,2.3821,1.2208,1.3436,1.5379,0.0,0.0,0.0,0.0,0.0,0.0,0.0,0.0,0.0,ok,right,1.7381,1.3141,2.267,1.2208,1.3006,1.49,True,"[0.0653, 0.0653, 0.3916, 0.718, -1.1749, 2.8068, 0.4569, 1.436]","[-724.9526, -116.6024, -619.7224, -747.4583, -1000.3097, -16206.9252, -17448.9522, -1048219.4663]","[1.0293, 0.5178, -1000619.1073, -1000746.8432, -1000999.6946, -1016205.7969, -1017447.8239, -2048218.3379]","[1.775, 1.49, 2.077, 1.718, 3.381, 3.245, 2.76, 12.43]","[[[2.8293, 0.0], [6.2556, -0.1305], [6.8267, 0.0], [9.1109, 0.0], [11.1096, -0.1305], [13.1083, -0.1305]], [[2.2582, 0.0], [5.1135, 0.0], [6.8267, 0.0], [9.1109, 0.0], [11.1096, -0.1305], [13.1083, -0.1305]], [[2.2582, 0.0], [5.1135, 0.0], [6.8267, 0.0], [9.1109, 0.0], [11.6807, -0.2611], [18.2479, -0.7833]], [[2.2582, 0.0], [5.1135, 0.0], [6.8267, 0.0], [9.1109, 0.0], [11.3952, 0.0], [9.682, -1.436]], [[2.2582, 0.0], [5.1135, 0.0], [6.8267, 0.0], [9.1109, 0.0], [15.3926, 0.0], [21.6742, 2.3499]], [[2.8293, 0.0], [6.2556, -0.1305], [6.8267, 0.0], [9.1109, 0.0], [18.8189, 0.1305], [15.3926, -5.6136]], [[2.8293, 0.0], [6.2556, -0.1305], [6.8267, 0.0], [9.1109, 0.0], [18.5334, -2.2193], [13.3939, -0.9138]], [[2.8293, 0.0], [6.2556, -0.1305], [6.8267, 0.0], [9.1109, 0.0], [69.6432, 0.0], [21.3887, -2.8721]]]",3.4002,0.0,0.0,0.0,0.0,0.0,0.0,True,[3],0.0,0.0,0.0,1.49,8.0,1.7381,1.3141,2.267,1.2208,1.3006,1.49,"[[2.258, 0.0], [5.113, 0.0], [6.827, 0.0], [9.111, 0.0], [11.11, -0.131], [13.108, -0.131]]",ok,12.4297,0.0,0.0,0.0,0.0,0.0,0.0,0.0,0.0,0.0,d8866c75f88a4dbaa461260b81409544,scene-0345,42
1.3761,3.2651,6.1958,0.9915,1.8861,3.1834,0.0,0.0,0.0,0.0,0.0,0.0,0.0,0.0,0.0,ok,right,0.9839,3.2651,6.4027,0.6861,1.7334,3.1161,True,"[2.2846, 2.2846, 7.2455, 2.4804, 2.1541, -1.5013, 8.2899, 2.7415]","[-21.1615, -77.5839, -875.5227, -2980.0019, -3198.5628, -4945.0276, -36761.0508, -255118.8986]","[1.6628, 1.4441, -1000874.2056, -1002978.6848, -1003197.0277, -1004943.4925, -1036759.5157, -1255117.5815]","[3.218, 3.116, 2.82, 3.481, 3.152, 5.168, 4.068, 13.372]","[[[2.2582, -0.1305], [4.5424, -0.3916], [6.8267, -0.9138], [9.1109, -1.9582], [11.1096, -3.1332], [13.6794, -4.5692]], [[2.5437, 0.0], [5.1135, -0.2611], [6.8267, -0.9138], [9.1109, -1.9582], [11.1096, -3.1332], [13.6794, -4.5692]], [[2.5437, 0.0], [5.1135, -0.2611], [6.8267, -0.9138], [9.1109, -1.9582], [12.2517, -6.0053], [17.3913, -14.491]], [[2.5437, 0.0], [5.1135, -0.2611], [6.8267, -0.9138], [9.1109, -1.9582], [9.682, -6.3969], [11.6807, -4.9609]], [[2.2582, -0.1305], [4.5424, -0.3916], [6.8267, -0.9138], [9.1109, -1.9582], [11.3952, -0.1305], [17.3913, -4.3081]], [[2.2582, -0.1305], [4.5424, -0.3916], [6.8267, -0.9138], [9.1109, -1.9582], [10.5386, -3.5248], [5.1135, 3.0026]], [[2.2582, -0.1305], [4.5424, -0.3916], [6.8267, -0.9138], [9.1109, -1.9582], [20.2466, -3.9165], [10.8241, -16.5798]], [[2.5437, 0.0], [5.1135, -0.2611], [6.8267, -0.9138], [9.1109, -1.9582], [16.8202, 16.5798], [69.6432, -5.4831]]]",3.3141,0.0,0.0,0.0,0.0,0.0,0.0,True,[3],0.0,0.0,0.0,2.8204,8.0,0.9839,3.2651,6.604,0.6861,1.7334,2.8204,"[[2.544, 0.0], [5.113, -0.261], [6.827, -0.914], [9.111, -1.958], [11.11, -3.133], [13.679, -4.569]]",ok,13.3722,0.0,0.0,0.0,0.0,0.0,0.0,0.0,0.0,0.0,699e94e9f1cc4dffa7c58c00fd3a740f,scene-0345,42
1.8522,4.839,6.1148,1.3541,2.9021,4.0105,0.0,0.0,0.0,0.0,0.0,0.0,0.0,0.0,0.0,ok,straight,1.8522,4.839,6.1148,1.3541,2.9021,4.0105,False,"[-0.0, -0.0653, -0.0653, -0.3264, -0.3916, -0.1958, -0.2611, -0.2611]","[-45.5258, -42.3747, -341.7642, -275.0084, -93.9058, -3663.2833, -4630.8731, -7030.2291]","[5.0767, 4.5779, 4.1601, 2.1863, 2.0577, -1003660.7796, -1004628.3695, -1007027.4251]","[4.249, 4.011, 3.677, 2.356, 3.183, 1.791, 7.152, 6.061]","[[[4.2569, 0.0], [8.5399, 0.0], [12.5373, 0.0], [16.8202, 0.0], [20.2466, 0.1305], [23.6729, 0.0]], [[4.2569, 0.0], [8.5399, 0.0], [12.5373, 0.0], [16.8202, 0.0], [20.5321, 0.0], [24.8151, -0.1305]], [[4.2569, 0.0], [8.5399, 0.0], [13.3939, 0.0], [17.9623, -0.1305], [20.5321, 0.0], [24.8151, -0.1305]], [[4.2569, 0.0], [8.5399, 0.0], [13.3939, 0.0], [17.9623, -0.1305], [24.244, -0.1305], [29.098, -0.6527]], [[4.2569, 0.0], [8.5399, 0.0], [12.5373, 0.0], [16.8202, 0.0], [21.9598, -0.2611], [28.5269, 0.7833]], [[4.2569, 0.0], [8.5399, 0.0], [13.3939, 0.0], [17.9623, -0.1305], [27.3848, 0.1305], [30.8112, 0.3916]], [[4.2569, 0.0], [8.5399, 0.0], [13.3939, 0.0], [17.9623, -0.1305], [17.6768, -0.2611], [6.8267, 0.5222]], [[4.2569, 0.0], [8.5399, 0.0], [12.5373, 0.0], [16.8202, 0.0], [20.8176, 0.2611], [12.2517, 0.5222]]]",1.6798,0.0,0.0,0.0,0.0,0.0,0.0,True,[3],0.0,0.0,0.0,1.7909,8.0,1.8522,3.6946,0.553,1.3541,2.4019,1.7909,"[[4.257, 0.0], [8.54, 0.0], [12.537, 0.0], [16.82, 0.0], [20.532, 0.0], [24.815, -0.131]]",ok,7.1524,0.0,0.0,0.0,0.0,0.0,0.0,0.0,0.0,0.0,13ccb50e48444e128c76ca469117d676,scene-0345,42
1.6871,3.4003,5.1135,1.2588,2.1154,2.8293,0.0,0.0,0.0,0.0,0.0,0.0,0.0,0.0,0.0,ok,straight,1.6871,3.4003,5.1135,1.2588,2.0441,2.7817,True,"[-0.0, -0.0, -0.0, -0.0653, -0.0653, -0.0653, -0.0653, -0.0]","[-34.2605, -175.2136, -212.4343, -20.2117, -27.3033, -44.0476, -161.5362, -789.8836]","[3.5412, 2.9546, 2.7997, 1.5997, 1.5702, 1.5005, 1.0115, -1000787.9619]","[2.687, 2.068, 2.782, 2.925, 3.163, 2.735, 3.211, 2.26]","[[[0.8306, 0.0], [1.6871, 0.0], [2.2582, -0.1305], [2.8293, 0.0], [3.4003, 0.0], [5.1135, 0.0]], [[0.8306, 0.0], [1.6871, 0.0], [2.2582, 0.0], [3.4003, 0.0], [3.4003, 0.0], [0.8306, 0.0]], [[0.8306, 0.0], [1.6871, 0.0], [2.2582, 0.0], [3.4003, 0.0], [3.4003, 0.0], [5.1135, 0.0]], [[0.8306, 0.0], [1.6871, 0.0], [2.2582, -0.1305], [2.8293, 0.0], [3.9714, 0.0], [5.9701, 0.1305]], [[0.8306, 0.0], [1.6871, 0.0], [2.2582, 0.0], [3.4003, 0.0], [4.828, -0.1305], [5.9701, 0.1305]], [[0.8306, 0.0], [1.6871, 0.0], [2.2582, 0.0], [3.4003, 0.0], [4.2569, -0.1305], [3.9714, -0.1305]], [[0.8306, 0.0], [1.6871, 0.0], [2.2582, -0.1305], [2.8293, 0.0], [3.9714, 0.1305], [7.6833, -0.1305]], [[0.8306, 0.0], [1.6871, 0.0], [2.2582, -0.1305], [2.8293, 0.0], [1.6871, -0.1305], [4.2569, 0.0]]]",0.3744,0.0,0.0,0.0,0.0,0.0,0.0,True,[3],0.0,0.0,0.0,2.0678,8.0,1.6871,3.4003,0.8306,1.2588,2.0441,2.0678,"[[0.831, 0.0], [1.687, 0.0], [2.258, 0.0], [3.4, 0.0], [3.4, 0.0], [5.113, 0.0]]",ok,3.2111,0.0,0.0,0.0,0.0,0.0,0.0,0.0,0.0,0.0,c35efe5eaf784275b8c7e31fb50aa902,scene-0346,42
1.6871,3.6858,4.5424,1.2588,2.1868,2.8768,0.0,0.0,0.0,0.0,0.0,0.0,0.0,0.0,0.0,ok,straight,1.4016,3.6858,5.1135,1.2588,2.1868,2.9244,False,"[-0.0, -0.0, -0.0, -0.0653, -0.1305, -0.3916, -0.0653, -0.0]","[-151.5548, -123.1133, -200.075, -3.5254, -67.0228, -89.6701, -4812.794, -44692.1023]","[2.997, 2.9048, 2.8996, 2.4863, 1.9612, -0.2174, -1004810.9608, -1044690.175]","[2.924, 2.496, 2.924, 3.401, 3.163, 3.408, 2.831, 4.592]","[[[0.8306, 0.0], [1.6871, 0.0], [2.5437, 0.0], [3.6858, 0.0], [3.6858, 0.0], [5.1135, 0.0]], [[1.1161, 0.0], [1.4016, 0.0], [2.5437, 0.0], [3.6858, 0.0], [3.4003, 0.0], [2.8293, 0.0]], [[1.1161, 0.0], [1.4016, 0.0], [2.5437, 0.0], [3.6858, 0.0], [3.6858, 0.0], [5.1135, 0.0]], [[0.8306, 0.0], [1.6871, 0.0], [2.5437, 0.0], [3.6858, 0.0], [5.1135, 0.0], [6.5412, -0.1305]], [[0.8306, 0.0], [1.6871, 0.0], [2.5437, 0.0], [3.6858, 0.0], [4.2569, 0.0], [5.9701, -0.2611]], [[1.1161, 0.0], [1.4016, 0.0], [2.5437, 0.0], [3.6858, 0.0], [4.828, 0.0], [6.8267, -0.7833]], [[1.1161, 0.0], [1.4016, 0.0], [2.5437, 0.0], [3.6858, 0.0], [7.1122, 0.1305], [1.1161, 0.1305]], [[0.8306, 0.0], [1.6871, 0.0], [2.5437, 0.0], [3.6858, 0.0], [15.6781, 0.6527], [3.1148, 0.0]]]",0.5921,0.0,0.0,0.0,0.0,0.0,0.0,True,[3],0.0,0.0,0.0,2.4961,8.0,1.4016,3.6858,2.8293,1.2588,2.1868,2.4961,"[[1.116, 0.0], [1.402, 0.0], [2.544, 0.0], [3.686, 0.0], [3.686, 0.0], [5.113, 0.0]]",ok,4.5923,0.0,0.0,0.0,0.0,0.0,0.0,0.0,0.0,0.0,0ed1a404c1fb4f7a87a30d3ee45f7f97,scene-0346,42
1.4399,4.317,5.5495,0.792,2.2878,3.238,0.0,0.0,0.0,0.0,0.0,0.0,0.0,0.0,0.0,ok,straight,1.4399,4.0325,5.5623,0.792,2.0742,3.2398,False,"[-0.0, -0.0653, -0.0653, -0.5222, -8.2899, -0.9791, -1.0444, -0.0653]","[-39.6435, -177.1318, -183.4192, -2216.8917, -2292.3245, -2511.4723, -4433.0936, -7586.9153]","[3.874, 3.7923, 3.7895, -1002214.5312, -1002289.9639, -1002509.1116, -1004430.7329, -1007584.5547]","[3.195, 3.24, 3.287, 2.756, 5.45, 2.357, 2.953, 3.315]","[[[1.6871, 0.0], [3.1148, 0.0], [4.5424, 0.0], [5.9701, 0.0], [7.6833, 0.0], [8.2543, 0.0]], [[1.6871, 0.0], [3.1148, 0.0], [4.5424, 0.0], [5.9701, 0.0], [6.5412, 0.0], [9.1109, 0.1305]], [[1.4016, 0.0], [3.1148, 0.0], [4.5424, 0.0], [5.9701, 0.0], [6.5412, 0.0], [9.1109, 0.1305]], [[1.4016, 0.0], [3.1148, 0.0], [4.5424, 0.0], [5.9701, 0.0], [9.682, 1.6971], [9.682, -1.0444]], [[1.4016, 0.0], [3.1148, 0.0], [4.5424, 0.0], [5.9701, 0.0], [6.8267, 6.0053], [9.9675, 16.5798]], [[1.6871, 0.0], [3.1148, 0.0], [4.5424, 0.0], [5.9701, 0.0], [10.8241, -0.3916], [10.5386, 1.9582]], [[1.6871, 0.0], [3.1148, 0.0], [4.5424, 0.0], [5.9701, 0.0], [10.8241, -0.5222], [7.3977, -2.0888]], [[1.4016, 0.0], [3.1148, 0.0], [4.5424, 0.0], [5.9701, 0.0], [11.1096, -1.5666], [5.6846, -0.1305]]]",0.8618,0.0,0.0,0.0,0.0,0.0,0.0,True,[3],0.0,0.0,0.0,2.3566,8.0,1.4399,4.0325,4.2775,0.792,2.0742,2.3566,"[[1.687, 0.0], [3.115, 0.0], [4.542, 0.0], [5.97, 0.0], [6.541, 0.0], [9.111, 0.131]]",ok,5.4502,0.0,0.0,0.0,0.0,0.0,0.0,0.0,0.0,0.0,5ad76231ff724caa85e151d89bc8770a,scene-0346,42
0.5475,1.1728,1.4434,0.6119,0.671,0.7203,0.0,0.0,0.0,0.0,0.0,0.0,0.0,0.0,0.0,ok,straight,0.5475,0.2928,1.4598,0.6119,0.451,0.5683,True,"[-0.3916, -1.0444, -0.3916, -0.0653, -2.3499, -0.4569, -1.3055, -0.1305]","[-180.2815, -49.3475, -400.0114, -1100.9429, -1397.162, -2274.686, -2997.4135, -75798.7177]","[4.5211, 3.6199, 3.033, -1001097.362, -1001395.0604, -1002272.5844, -1002995.3119, -1075795.1368]","[0.568, 0.845, 0.483, 1.178, 1.133, 0.91, 1.832, 3.816]","[[[2.8293, 0.0], [5.1135, 0.0], [7.3977, 0.0], [9.682, 0.0], [13.1083, 0.2611], [14.8215, 0.7833]], [[2.8293, 0.0], [5.1135, 0.0], [7.3977, 0.0], [9.682, 0.0], [12.2517, 0.3916], [14.2505, 2.0888]], [[2.5437, 0.0], [4.2569, 0.1305], [7.3977, 0.0], [9.682, 0.0], [13.1083, 0.2611], [14.8215, 0.7833]], [[2.8293, 0.0], [5.1135, 0.0], [7.3977, 0.0], [9.682, 0.0], [11.9662, 2.0888], [13.1083, 0.1305]], [[2.5437, 0.0], [4.2569, 0.1305], [7.3977, 0.0], [9.682, 0.0], [13.1083, 0.0], [19.39, 4.6998]], [[2.5437, 0.0], [4.2569, 0.1305], [7.3977, 0.0], [9.682, 0.0], [10.5386, 0.2611], [17.9623, 0.9138]], [[2.5437, 0.0], [4.2569, 0.1305], [7.3977, 0.0], [9.682, 0.0], [17.1058, 1.8277], [21.1032, 2.611]], [[2.8293, 0.0], [5.1135, 0.0], [7.3977, 0.0], [9.682, 0.0], [24.244, -3.6554], [7.1122, 0.2611]]]",1.0125,0.0,0.0,0.0,0.0,0.0,0.0,True,[3],0.0,0.0,0.0,0.4832,8.0,0.3225,0.2928,1.4598,0.3566,0.3234,0.4832,"[[2.829, 0.0], [5.113, 0.0], [7.398, 0.0], [9.682, 0.0], [13.108, 0.261], [14.822, 0.783]]",ok,3.8161,0.0,0.0,0.0,0.0,0.0,0.0,0.0,0.0,0.0,0af54713a83e4d54b852eb2239039136,scene-0346,42
0.3072,1.9384,4.9672,0.3359,0.9116,1.9431,0.0,0.0,0.0,0.0,0.0,0.0,0.0,0.0,0.0,ok,straight,0.3072,1.9384,4.9672,0.3359,0.9116,1.9431,False,"[-0.0653, -0.0653, -1.6971, -1.3708, -0.0653, -0.1958, -0.5222, -1.1097]","[-37.0515, -1193.6119, -2128.8796, -2147.7942, -3350.6136, -3635.3317, -3646.6647, -4070.1908]","[6.0361, 4.3922, -1002125.6587, -1002144.5733, -1003348.1566, -1003632.8747, -1003643.4437, -1004067.7338]","[1.943, 2.439, 1.272, 1.263, 2.169, 1.997, 3.203, 2.435]","[[[1.9727, 0.0], [4.5424, 0.0], [6.5412, 0.0], [8.5399, 0.0], [10.5386, -0.1305], [11.9662, -0.1305]], [[1.9727, 0.0], [4.5424, 0.0], [4.828, 0.1305], [7.3977, -1.0444], [10.5386, -0.1305], [11.9662, -0.1305]], [[1.9727, 0.0], [4.5424, 0.0], [6.5412, 0.0], [8.5399, 0.0], [14.2505, 0.0], [16.2492, -3.3943]], [[1.9727, 0.0], [4.5424, 0.0], [6.5412, 0.0], [8.5399, 0.0], [14.8215, 0.0], [17.6768, -2.7415]], [[1.9727, 0.0], [4.5424, 0.0], [4.828, 0.1305], [7.3977, -1.0444], [8.8254, 0.7833], [15.3926, -0.1305]], [[1.9727, 0.0], [4.5424, 0.0], [4.828, 0.1305], [7.3977, -1.0444], [13.3939, -2.2193], [13.6794, 0.3916]], [[1.9727, 0.0], [4.5424, 0.0], [6.5412, 0.0], [8.5399, 0.0], [10.8241, 1.8277], [4.828, 1.0444]], [[1.9727, 0.0], [4.5424, 0.0], [4.828, 0.1305], [7.3977, -1.0444], [9.682, 0.0], [20.2466, 2.2193]]]",0.5989,0.0,0.0,0.0,0.0,0.0,0.0,True,[3],0.0,0.0,0.0,1.2627,8.0,0.3072,1.9384,2.6799,0.3359,0.9116,1.2627,"[[1.973, 0.0], [4.542, 0.0], [6.541, 0.0], [8.54, 0.0], [10.539, -0.131], [11.966, -0.131]]",ok,3.2031,0.0,0.0,0.0,0.0,0.0,0.0,0.0,0.0,0.0,4e26b42796024b45a9a852738e3701bb,scene-0519,42
0.9523,2.9046,2.3966,0.5636,1.5163,1.9742,0.0,0.0,0.0,0.0,0.0,0.0,0.0,0.0,0.0,ok,straight,0.9523,2.9046,2.1179,0.5636,1.5163,1.9277,True,"[-0.0653, -0.0, -0.1305, -0.0653, -0.0653, -0.1305, -0.0653, -0.5875]","[-38.9447, -468.0759, -4261.9117, -9510.9341, -90489.7373, -127790.8627, -842048.6, -856161.7349]","[2.8427, -1000466.3375, -1004259.5334, -1009508.5558, -1090487.359, -1127788.4844, -1842046.8615, -1856159.9964]","[1.974, 2.065, 1.017, 1.728, 9.234, 4.191, 9.881, 9.849]","[[[3.6858, 0.0], [7.9688, 0.0], [12.5373, 0.0], [16.8202, -0.1305], [20.8176, -0.1305], [23.3874, -0.1305]], [[3.6858, 0.0], [7.9688, 0.0], [12.5373, 0.0], [16.8202, -0.1305], [21.6742, -0.1305], [23.1019, 0.0]], [[4.5424, 0.0], [7.6833, 0.0], [10.8241, 0.0], [11.3952, 0.0], [18.2479, 0.1305], [21.3887, -0.2611]], [[4.5424, 0.0], [7.6833, 0.0], [10.8241, 0.0], [11.3952, 0.0], [20.8176, -0.1305], [23.3874, -0.1305]], [[4.5424, 0.0], [7.6833, 0.0], [10.8241, 0.0], [11.3952, 0.0], [19.6755, 0.2611], [69.6432, -0.1305]], [[4.5424, 0.0], [7.6833, 0.0], [10.8241, 0.0], [11.3952, 0.0], [35.3797, -0.2611], [23.6729, 0.2611]], [[3.6858, 0.0], [7.9688, 0.0], [12.5373, 0.0], [16.8202, -0.1305], [69.6432, 0.2611], [21.9598, -0.1305]], [[3.6858, 0.0], [7.9688, 0.0], [12.5373, 0.0], [16.8202, -0.1305], [69.6432, -0.1305], [20.8176, 1.1749]]]",3.7126,0.0,0.0,0.0,0.0,0.0,0.0,True,[3],0.0,0.0,0.0,1.0166,8.0,0.6677,2.5482,0.7108,0.8495,1.1465,1.0166,"[[3.686, 0.0], [7.969, 0.0], [12.537, 0.0], [16.82, -0.131], [20.818, -0.131], [23.102, -0.131]]",ok,9.8814,0.0,0.0,0.0,0.0,0.0,0.0,0.0,0.0,0.0,f35c8e2c937d4cd486cd0cce36425d5c,scene-0519,42
2.4689,5.9355,9.4207,1.8999,3.4873,5.1052,0.0,0.0,0.0,0.0,0.0,0.0,0.0,0.0,0.0,ok,straight,2.4689,5.9355,9.4207,1.8999,3.4873,5.1052,False,"[-0.0653, -0.0653, -0.1305, -0.0653, -0.0653, -0.1305, -0.0653, -0.1305]","[-28.43, -214.0932, -498.0072, -3582.1851, -19383.6627, -20674.7574, -131604.0538, -170872.9521]","[3.9188, 3.9157, -1000495.5449, -1003579.7231, -1019381.2006, -1020672.2951, -1131601.5916, -1170870.4901]","[5.105, 5.2, 3.586, 5.157, 4.488, 4.965, 10.635, 11.294]","[[[3.1148, 0.0], [5.9701, 0.0], [8.5399, -0.1305], [11.1096, -0.1305], [13.9649, -0.1305], [15.9636, -0.1305]], [[3.1148, 0.0], [5.9701, 0.0], [8.5399, -0.1305], [10.5386, -0.1305], [13.9649, -0.1305], [15.9636, -0.1305]], [[3.1148, 0.0], [5.9701, 0.0], [8.5399, -0.1305], [11.1096, -0.1305], [16.8202, -0.2611], [22.2453, -0.2611]], [[3.1148, 0.0], [5.9701, 0.0], [8.5399, -0.1305], [10.5386, -0.1305], [15.9636, -0.5222], [14.2505, 0.1305]], [[3.1148, 0.0], [5.9701, 0.0], [8.5399, -0.1305], [10.5386, -0.1305], [20.2466, -0.1305], [13.9649, -0.1305]], [[3.1148, 0.0], [5.9701, 0.0], [8.5399, -0.1305], [11.1096, -0.1305], [11.3952, -0.1305], [31.3822, -0.2611]], [[3.1148, 0.0], [5.9701, 0.0], [8.5399, -0.1305], [11.1096, -0.1305], [15.6781, 0.7833], [69.6432, -0.1305]], [[3.1148, 0.0], [5.9701, 0.0], [8.5399, -0.1305], [10.5386, -0.1305], [12.2517, 0.3916], [69.6432, -0.2611]]]",2.7409,0.0,0.0,0.0,0.0,0.0,0.0,True,[3],0.0,0.0,0.0,3.5863,8.0,2.4689,5.9355,3.1543,1.8999,3.4873,3.5863,"[[3.115, 0.0], [5.97, 0.0], [8.54, -0.131], [11.11, -0.131], [13.965, -0.131], [15.964, -0.131]]",ok,11.2938,0.0,0.0,0.0,0.0,0.0,0.0,0.0,0.0,0.0,3a90b7c61d7f4016a1a2a680b0eac6e9,scene-0519,42
1.6245,3.2998,2.1388,1.2559,2.0023,2.1097,0.0,0.0,0.0,0.0,0.0,0.0,0.0,0.0,0.0,ok,straight,1.6245,3.2998,2.1508,1.2559,2.0023,2.1117,False,"[-0.0, -0.0, -0.0653, -0.3264, -0.0653, -0.0653, -0.0, -0.0653]","[-29.7626, -577.785, -192.6205, -912.1434, -3916.9234, -5303.4734, -6880.766, -25911.9118]","[4.136, 4.0679, 3.4648, 0.7714, -1003914.1916, -1005300.7413, -1006878.0338, -1025909.18]","[2.729, 1.463, 2.11, 1.222, 1.628, 3.204, 2.925, 2.16]","[[[3.6858, 0.0], [7.3977, 0.0], [11.1096, 0.0], [14.2505, -0.1305], [17.3913, -0.2611], [21.3887, 0.0]], [[3.6858, 0.0], [7.3977, 0.0], [11.3952, -0.1305], [18.2479, -0.1305], [23.3874, -0.1305], [27.3848, 0.0]], [[3.6858, 0.0], [7.3977, 0.0], [11.1096, 0.0], [14.2505, -0.1305], [19.1045, -0.1305], [23.3874, -0.1305]], [[3.6858, 0.0], [7.3977, 0.0], [11.3952, -0.1305], [18.2479, -0.1305], [22.2453, -0.1305], [24.244, 0.6527]], [[3.6858, 0.0], [7.3977, 0.0], [11.3952, -0.1305], [18.2479, -0.1305], [19.1045, -0.1305], [23.3874, -0.1305]], [[3.6858, 0.0], [7.3977, 0.0], [11.1096, 0.0], [14.2505, -0.1305], [13.6794, -0.1305], [22.2453, -0.1305]], [[3.6858, 0.0], [7.3977, 0.0], [11.1096, 0.0], [14.2505, -0.1305], [15.9636, 0.2611], [29.3835, 0.0]], [[3.6858, 0.0], [7.3977, 0.0], [11.3952, -0.1305], [18.2479, -0.1305], [13.9649, -0.3916], [25.3861, -0.1305]]]",0.675,0.0,0.0,0.0,0.0,0.0,0.0,True,[3],0.0,0.0,0.0,1.2223,8.0,1.6245,0.7008,1.5723,1.2559,1.2801,1.2223,"[[3.686, 0.0], [7.398, 0.0], [11.11, 0.0], [14.25, -0.131], [19.104, -0.131], [23.387, 0.0]]",ok,3.2038,0.0,0.0,0.0,0.0,0.0,0.0,0.0,0.0,0.0,4b593e6d756b4827b46e044ee147d4fb,scene-0519,42
1.782,4.2455,5.9327,1.2749,2.4612,3.5592,0.0,0.0,0.0,0.0,0.0,0.0,0.0,0.0,0.0,ok,straight,1.782,3.3943,5.9327,1.2749,2.1057,3.3222,True,"[-0.0653, -0.0653, -0.0653, -3.1985, -0.1305, -0.5875, -0.3916, -0.0653]","[-322.4068, -61.0409, -1252.4702, -2887.3645, -4677.6435, -6813.4658, -11277.6917, -29671.8843]","[3.8014, 2.6813, -1001249.9072, -1002885.9498, -1004675.0805, -1006812.0511, -1011275.1286, -1029670.4697]","[3.322, 3.559, 3.294, 3.094, 3.799, 2.337, 3.004, 3.511]","[[[3.1148, 0.0], [5.9701, 0.0], [9.1109, -0.1305], [11.9662, 0.0], [13.1083, -0.1305], [16.2492, -0.1305]], [[3.1148, 0.0], [5.9701, 0.0], [8.5399, -0.1305], [11.1096, -0.1305], [13.1083, -0.1305], [16.2492, -0.1305]], [[3.1148, 0.0], [5.9701, 0.0], [9.1109, -0.1305], [11.9662, 0.0], [15.3926, -1.1749], [14.2505, -0.1305]], [[3.1148, 0.0], [5.9701, 0.0], [8.5399, -0.1305], [11.1096, -0.1305], [16.5347, 0.1305], [19.6755, -6.3969]], [[3.1148, 0.0], [5.9701, 0.0], [9.1109, -0.1305], [11.9662, 0.0], [10.253, 0.1305], [16.2492, -0.2611]], [[3.1148, 0.0], [5.9701, 0.0], [8.5399, -0.1305], [11.1096, -0.1305], [19.39, -0.1305], [18.8189, -1.1749]], [[3.1148, 0.0], [5.9701, 0.0], [9.1109, -0.1305], [11.9662, 0.0], [10.253, 0.0], [21.9598, 0.7833]], [[3.1148, 0.0], [5.9701, 0.0], [8.5399, -0.1305], [11.1096, -0.1305], [23.1019, -0.6527], [15.3926, -0.1305]]]",0.4168,0.0,0.0,0.0,0.0,0.0,0.0,True,[3],0.0,0.0,0.0,2.3371,8.0,1.782,4.2455,3.4552,1.2749,2.4612,2.3371,"[[3.115, 0.0], [5.97, 0.0], [9.111, -0.131], [11.966, 0.0], [13.108, -0.131], [16.249, -0.131]]",ok,3.7988,0.0,0.0,0.0,0.0,0.0,0.0,0.0,0.0,0.0,6123a0c091d24c39ab274cdbad994bc4,scene-0520,42
1.4589,4.0106,8.4464,1.0934,2.2072,3.9243,0.0,0.0,0.0,0.0,0.0,0.0,0.0,0.0,0.0,ok,straight,1.4589,5.7237,8.4464,1.2361,2.7085,4.2585,False,"[-0.1305, -0.1305, -0.3916, -0.5222, -0.3264, -0.0653, -0.0653, -0.1958]","[-840.7404, -23.6182, -373.2083, -12.7599, -1678.1723, -6973.762, -23343.7752, -23700.0962]","[4.3485, 4.0219, 2.7285, 1.5208, -1001675.0962, -1006971.0967, -1023340.6991, -1023697.4309]","[4.258, 3.924, 4.929, 3.653, 3.361, 3.781, 3.188, 2.938]","[[[1.1161, 0.0], [2.8293, 0.0], [3.9714, -0.2611], [3.4003, 0.0], [5.6846, -0.1305], [6.5412, -0.2611]], [[1.4016, 0.0], [2.8293, 0.0], [3.9714, -0.1305], [5.1135, -0.1305], [5.6846, -0.1305], [6.5412, -0.2611]], [[1.1161, 0.0], [2.8293, 0.0], [3.9714, -0.2611], [3.4003, 0.0], [4.2569, -0.2611], [3.9714, -0.7833]], [[1.4016, 0.0], [2.8293, 0.0], [3.9714, -0.1305], [5.1135, -0.1305], [6.2556, -0.5222], [7.6833, -1.0444]], [[1.1161, 0.0], [2.8293, 0.0], [3.9714, -0.2611], [3.4003, 0.0], [7.3977, 0.0], [10.253, -0.6527]], [[1.4016, 0.0], [2.8293, 0.0], [3.9714, -0.1305], [5.1135, -0.1305], [9.682, 0.0], [3.4003, -0.1305]], [[1.1161, 0.0], [2.8293, 0.0], [3.9714, -0.2611], [3.4003, 0.0], [13.3939, -0.6527], [8.2543, 0.1305]], [[1.4016, 0.0], [2.8293, 0.0], [3.9714, -0.1305], [5.1135, -0.1305], [15.9636, -1.6971], [10.5386, -0.3916]]]",0.5934,0.0,0.0,0.0,0.0,0.0,0.0,True,[3],0.0,0.0,0.0,2.9375,8.0,1.4589,4.0106,4.4612,1.0934,2.2072,2.9375,"[[1.116, 0.0], [2.829, 0.0], [3.971, -0.261], [3.4, 0.0], [5.685, -0.131], [6.541, -0.261]]",ok,4.929,0.0,0.0,0.0,0.0,0.0,0.0,0.0,0.0,0.0,b999707d600d4b0db25404e6f41085aa,scene-0520,42
0.3897,0.267,1.6147,0.2932,0.4609,0.6804,0.0,0.0,0.0,0.0,0.0,0.0,0.0,0.0,0.0,ok,straight,0.3897,0.267,1.6147,0.2932,0.4609,0.6804,False,"[-0.1305, -0.1305, -0.1305, -0.1958, -0.1305, -0.1305, -0.1305, -0.1305]","[-310.7002, -681.2818, -389.9915, -426.0243, -1252.5119, -2497.3643, -9695.7812, -680303.4008]","[2.837, 2.8354, 2.8328, -0.1872, -1001250.443, -1002495.2954, -1009693.7122, -1680301.328]","[0.68, 0.547, 0.871, 1.052, 0.889, 1.246, 1.766, 8.851]","[[[4.2569, 0.0], [8.5399, -0.1305], [12.5373, -0.1305], [18.2479, -0.1305], [23.3874, -0.2611], [25.9572, -0.2611]], [[4.2569, 0.0], [8.5399, -0.1305], [12.5373, -0.1305], [18.2479, -0.1305], [21.9598, -0.2611], [27.9559, -0.2611]], [[4.2569, 0.0], [7.3977, -0.1305], [12.5373, -0.1305], [18.2479, -0.1305], [23.3874, -0.2611], [25.9572, -0.2611]], [[4.2569, 0.0], [8.5399, -0.1305], [12.5373, -0.1305], [18.2479, -0.1305], [21.6742, -0.2611], [24.244, -0.3916]], [[4.2569, 0.0], [7.3977, -0.1305], [12.5373, -0.1305], [18.2479, -0.1305], [21.1032, 0.0], [27.0993, -0.2611]], [[4.2569, 0.0], [7.3977, -0.1305], [12.5373, -0.1305], [18.2479, -0.1305], [25.3861, -0.1305], [25.6716, -0.2611]], [[4.2569, 0.0], [7.3977, -0.1305], [12.5373, -0.1305], [18.2479, -0.1305], [27.9559, -0.1305], [25.1006, -0.2611]], [[4.2569, 0.0], [8.5399, -0.1305], [12.5373, -0.1305], [18.2479, -0.1305], [69.6432, -0.2611], [31.9533, -0.2611]]]",2.6175,0.0,0.0,0.0,0.0,0.0,0.0,True,[3],0.0,0.0,0.0,0.5474,8.0,0.3897,0.267,0.5467,0.2932,0.4609,0.5474,"[[4.257, 0.0], [8.54, -0.131], [12.537, -0.131], [18.248, -0.131], [23.387, -0.261], [25.957, -0.261]]",ok,8.8505,0.0,0.0,0.0,0.0,0.0,0.0,0.0,0.0,0.0,0018da40529f48678419d44d09da5369,scene-0520,42
3.2433,5.8155,8.6551,2.399,3.9156,5.2973,0.0,0.0,0.0,0.0,0.0,0.0,0.0,0.0,0.0,ok,straight,2.1016,6.101,8.3696,1.8282,3.7015,5.2022,True,"[-0.0653, -0.0653, -0.1305, -0.1305, -0.1958, -0.5875, -0.1305, -2.3499]","[-34.1811, -593.2562, -719.4467, -1007.5647, -1636.0108, -2325.3893, -5268.1121, -7029.6431]","[3.5098, 3.2695, 3.1265, -1001005.5688, -1001634.0149, -1002323.3948, -1005266.1176, -1007027.6472]","[5.392, 5.202, 6.012, 6.441, 5.301, 4.093, 4.25, 7.043]","[[[3.4003, 0.0], [6.5412, 0.0], [9.3964, -0.1305], [12.5373, -0.1305], [15.6781, -0.1305], [19.9611, -0.1305]], [[3.4003, 0.0], [7.6833, 0.0], [9.3964, -0.1305], [12.5373, -0.1305], [15.6781, -0.1305], [19.9611, -0.1305]], [[3.4003, 0.0], [7.6833, 0.0], [9.3964, -0.1305], [12.5373, -0.1305], [15.107, -0.6527], [15.6781, -0.2611]], [[3.4003, 0.0], [6.5412, 0.0], [9.3964, -0.1305], [12.5373, -0.1305], [15.6781, -0.1305], [13.6794, 0.2611]], [[3.4003, 0.0], [6.5412, 0.0], [9.3964, -0.1305], [12.5373, -0.1305], [17.9623, -0.3916], [18.2479, 0.3916]], [[3.4003, 0.0], [7.6833, 0.0], [9.3964, -0.1305], [12.5373, -0.1305], [19.6755, -0.1305], [22.8163, 1.1749]], [[3.4003, 0.0], [7.6833, 0.0], [9.3964, -0.1305], [12.5373, -0.1305], [20.5321, -0.2611], [20.8176, -0.2611]], [[3.4003, 0.0], [6.5412, 0.0], [9.3964, -0.1305], [12.5373, -0.1305], [10.253, -0.1305], [16.2492, -4.6998]]]",0.9488,0.0,0.0,0.0,0.0,0.0,0.0,True,[3],0.0,0.0,0.0,4.0931,8.0,2.1016,6.101,5.7114,1.8282,3.7015,4.0931,"[[3.4, 0.0], [7.683, 0.0], [9.396, -0.131], [12.537, -0.131], [15.678, -0.131], [19.961, -0.131]]",ok,7.0431,0.0,0.0,0.0,0.0,0.0,0.0,0.0,0.0,0.0,4ea6733a72d34c4980bccafc888e959b,scene-0520,42
2.8916,6.1836,9.4195,2.0942,3.725,5.3013,0.0,0.0,0.0,0.0,0.0,0.0,0.0,0.0,0.0,ok,straight,2.8916,4.7559,9.4195,2.0942,3.4395,5.1109,True,"[-0.0653, -0.0653, -0.0653, -0.1305, -0.0, -0.0, -0.0, -0.0653]","[-825.1864, -626.4765, -1149.6541, -1643.3881, -1678.7376, -1862.1073, -5588.6325, -7180.4388]","[2.8673, -1000623.9983, -1001149.242, -1001642.9761, -1001676.2594, -1001861.6953, -1005586.1543, -1007180.0267]","[5.111, 4.587, 4.494, 4.256, 4.588, 4.601, 4.018, 3.78]","[[[3.4003, 0.0], [6.5412, 0.0], [9.3964, -0.1305], [14.2505, -0.1305], [16.2492, -0.1305], [19.1045, -0.1305]], [[3.4003, 0.0], [6.5412, 0.0], [9.3964, -0.1305], [14.2505, -0.1305], [18.8189, -0.1305], [19.6755, -0.1305]], [[3.4003, 0.0], [6.5412, 0.0], [11.6807, -0.1305], [15.6781, -0.3916], [16.2492, -0.1305], [19.1045, -0.1305]], [[3.4003, 0.0], [6.5412, 0.0], [11.6807, -0.1305], [15.6781, -0.3916], [16.2492, -0.1305], [20.5321, -0.2611]], [[3.4003, 0.0], [6.5412, 0.0], [9.3964, -0.1305], [14.2505, -0.1305], [16.2492, -0.3916], [22.2453, 0.0]], [[3.4003, 0.0], [6.5412, 0.0], [11.6807, -0.1305], [15.6781, -0.3916], [17.6768, 1.9582], [17.3913, 0.0]], [[3.4003, 0.0], [6.5412, 0.0], [9.3964, -0.1305], [14.2505, -0.1305], [15.6781, 0.1305], [26.2427, 0.0]], [[3.4003, 0.0], [6.5412, 0.0], [11.6807, -0.1305], [15.6781, -0.3916], [15.107, 0.0], [24.5295, -0.1305]]]",0.3822,0.0,0.0,0.0,0.0,0.0,0.0,True,[3],0.0,0.0,0.0,3.7803,8.0,2.8916,3.3381,3.9946,2.0942,2.514,3.7803,"[[3.4, 0.0], [6.541, 0.0], [9.396, -0.131], [14.25, -0.131], [16.249, -0.131], [19.104, -0.131]]",ok,5.1109,0.0,0.0,0.0,0.0,0.0,0.0,0.0,0.0,0.0,107dd32140844573924260f9ad9390bf,scene-0521,42
1.958,2.9799,3.6918,1.343,1.9031,2.4219,0.0,0.0,0.0,0.0,0.0,0.0,0.0,0.0,0.0,ok,straight,1.958,2.9799,3.4063,1.343,1.9031,2.3743,True,"[-0.0653, -0.0, -0.1305, -8.2899, -0.0653, -0.0653, -0.0653, -0.1305]","[-193.4224, -5812.7401, -8241.882, -16076.3025, -10096.5993, -13928.3721, -16515.9407, -1027849.0487]","[3.3838, -1005810.1451, -1008239.287, -1016073.7076, -2021487.2058, -2025318.9786, -2027906.5471, -3039239.6552]","[2.374, 2.708, 2.529, 4.335, 3.344, 2.583, 1.774, 9.936]","[[[3.6858, 0.0], [6.8267, 0.0], [11.1096, 0.0], [14.2505, -0.1305], [17.9623, -0.1305], [21.6742, -0.1305]], [[3.6858, 0.0], [6.8267, 0.0], [11.1096, 0.0], [14.2505, -0.1305], [20.5321, -0.1305], [17.1058, 0.0]], [[3.6858, 0.0], [6.8267, 0.0], [11.1096, 0.0], [14.2505, -0.1305], [13.9649, 0.1305], [25.3861, -0.2611]], [[3.6858, 0.0], [6.8267, 0.0], [11.1096, 0.0], [14.2505, -0.1305], [19.9611, -0.1305], [21.1032, 16.5798]], [[3.6858, 0.0], [6.8267, 0.0], [14.2505, -0.1305], [12.2517, 0.0], [15.107, -0.2611], [19.9611, -0.1305]], [[3.6858, 0.0], [6.8267, 0.0], [14.2505, -0.1305], [12.2517, 0.0], [17.9623, -0.1305], [21.6742, -0.1305]], [[3.6858, 0.0], [6.8267, 0.0], [14.2505, -0.1305], [12.2517, 0.0], [19.6755, -0.1305], [24.8151, -0.1305]], [[3.6858, 0.0], [6.8267, 0.0], [14.2505, -0.1305], [12.2517, 0.0], [69.6432, -0.3916], [22.8163, 0.2611]]]",2.4618,0.0,0.0,0.0,0.0,0.0,0.0,True,[3],0.0,0.0,0.0,1.7736,8.0,1.958,4.9796,0.2656,1.343,2.2156,1.7736,"[[3.686, 0.0], [6.827, 0.0], [11.11, 0.0], [14.25, -0.131], [17.962, -0.131], [21.674, -0.131]]",ok,9.9356,0.0,0.0,0.0,0.0,0.0,0.0,0.0,0.0,0.0,31dc0c75e21748edb4b32c388cf4a86a,scene-0521,42
0.7827,2.9739,5.138,0.7649,1.6671,2.5001,0.0,0.0,0.0,0.0,0.0,0.0,0.0,0.0,0.0,ok,straight,0.2172,3.5448,5.138,0.1661,1.5104,2.5384,False,"[-0.0653, -0.0653, -0.0653, -0.0653, -0.0653, -0.1305, -0.1305, -0.0653]","[-221.645, -200.4662, -1433.3604, -1562.4003, -100781.8533, -203859.4276, -778646.7808, -788664.1042]","[3.6202, 3.6201, -1001431.0401, -1001560.0802, -1100779.5332, -1203857.1075, -1778644.4605, -1788661.7839]","[2.538, 2.738, 2.682, 2.928, 6.418, 5.909, 11.485, 11.342]","[[[3.4003, 0.0], [7.1122, 0.0], [12.5373, -0.1305], [16.8202, -0.1305], [19.9611, -0.1305], [23.3874, -0.1305]], [[4.2569, 0.0], [7.6833, 0.0], [12.5373, -0.1305], [16.8202, -0.1305], [19.9611, -0.1305], [23.3874, -0.1305]], [[3.4003, 0.0], [7.1122, 0.0], [12.5373, -0.1305], [16.8202, -0.1305], [18.8189, -0.2611], [25.3861, -0.1305]], [[4.2569, 0.0], [7.6833, 0.0], [12.5373, -0.1305], [16.8202, -0.1305], [18.8189, -0.1305], [25.6716, -0.1305]], [[4.2569, 0.0], [7.6833, 0.0], [12.5373, -0.1305], [16.8202, -0.1305], [30.8112, -15.2743], [28.2414, -0.1305]], [[4.2569, 0.0], [7.6833, 0.0], [12.5373, -0.1305], [16.8202, -0.1305], [-2.8813, -0.2611], [27.6704, -0.2611]], [[3.4003, 0.0], [7.1122, 0.0], [12.5373, -0.1305], [16.8202, -0.1305], [69.6432, -0.1305], [27.3848, -0.2611]], [[3.4003, 0.0], [7.1122, 0.0], [12.5373, -0.1305], [16.8202, -0.1305], [69.6432, 0.0], [26.5282, -0.1305]]]",3.5601,0.0,0.0,0.0,0.0,0.0,0.0,True,[3],0.0,0.0,0.0,2.5384,8.0,0.2172,3.5448,5.138,0.1661,1.5104,2.5384,"[[3.4, 0.0], [7.112, 0.0], [12.537, -0.131], [16.82, -0.131], [19.961, -0.131], [23.387, -0.131]]",ok,11.4852,0.0,0.0,0.0,0.0,0.0,0.0,0.0,0.0,0.0,15f6744bf59e4e0189e534de13d468f7,scene-0521,42
5.0654,8.894,11.8185,3.8013,5.9721,7.7045,0.0,0.0,0.0,0.0,0.0,0.0,0.0,0.0,0.0,ok,straight,5.0654,8.894,11.8185,3.8013,5.9721,7.7045,False,"[-0.0, -0.0653, -0.0653, -0.0653, -0.0653, -0.0653, -0.2611, -0.0653]","[-17.6258, -12.0284, -42.0284, -62.3535, -148.8099, -412.4456, -466.2173, -1512.4915]","[2.5657, 1.6598, 1.5967, 1.554, 1.3722, 0.8179, -2.0482, -1001511.7387]","[6.848, 7.657, 7.704, 7.467, 6.565, 8.656, 8.324, 7.514]","[[[3.6858, 0.0], [7.3977, 0.0], [11.1096, -0.1305], [14.2505, -0.1305], [16.5347, -0.1305], [17.6768, 0.0]], [[3.6858, 0.0], [7.3977, 0.0], [10.8241, 0.0], [14.2505, -0.1305], [17.9623, -0.1305], [21.3887, -0.1305]], [[3.6858, 0.0], [7.3977, 0.0], [11.1096, -0.1305], [14.2505, -0.1305], [17.9623, -0.1305], [21.3887, -0.1305]], [[3.6858, 0.0], [7.3977, 0.0], [10.8241, 0.0], [14.2505, -0.1305], [17.1058, -0.1305], [21.1032, -0.1305]], [[3.6858, 0.0], [7.3977, 0.0], [10.8241, 0.0], [14.2505, -0.1305], [15.9636, 0.3916], [16.8202, -0.1305]], [[3.6858, 0.0], [7.3977, 0.0], [10.8241, 0.0], [14.2505, -0.1305], [20.2466, -0.2611], [25.1006, -0.1305]], [[3.6858, 0.0], [7.3977, 0.0], [11.1096, -0.1305], [14.2505, -0.1305], [19.6755, -0.1305], [23.3874, -0.5222]], [[3.6858, 0.0], [7.3977, 0.0], [11.1096, -0.1305], [14.2505, -0.1305], [15.6781, -0.1305], [22.5308, -0.1305]]]",0.6436,0.0,0.0,0.0,0.0,0.0,0.0,True,[3],0.0,0.0,0.0,6.5654,8.0,5.0654,8.894,7.2502,3.8013,5.9007,6.5654,"[[3.686, 0.0], [7.398, 0.0], [11.11, -0.131], [14.25, -0.131], [17.962, -0.131], [21.389, -0.131]]",ok,8.6563,0.0,0.0,0.0,0.0,0.0,0.0,0.0,0.0,0.0,1a1dc7ef4955481ba3755fbaa39a53d8,scene-0521,42
2.9406,4.6254,4.9644,2.2685,3.2265,3.7519,0.0,0.0,0.0,0.0,0.0,0.0,0.0,0.0,0.0,ok,straight,2.9406,4.6254,4.9644,2.2685,3.2265,3.7519,False,"[-0.0653, -0.0653, -0.0653, -0.1958, -0.0653, -0.2611, -0.0653, -0.0]","[-43.8552, -345.7248, -405.8219, -326.6252, -1474.6999, -4543.7805, -8622.1698, -383966.994]","[4.0689, 4.0665, 2.4154, 0.783, -1001471.4346, -1004542.1659, -1008618.9045, -1383965.3794]","[3.752, 3.895, 3.325, 4.136, 4.765, 3.523, 3.805, 18.981]","[[[4.2569, 0.0], [8.5399, 0.0], [12.5373, -0.1305], [16.8202, -0.1305], [20.5321, -0.1305], [24.8151, -0.1305]], [[4.2569, 0.0], [8.5399, 0.0], [12.5373, -0.1305], [16.8202, -0.1305], [21.9598, -0.1305], [24.244, -0.1305]], [[4.5424, 0.0], [7.1122, 0.1305], [11.3952, -0.1305], [16.5347, 0.0], [20.5321, -0.1305], [24.8151, -0.1305]], [[4.5424, 0.0], [7.1122, 0.1305], [11.3952, -0.1305], [16.5347, 0.0], [22.2453, 0.2611], [27.9559, -0.3916]], [[4.2569, 0.0], [8.5399, 0.0], [12.5373, -0.1305], [16.8202, -0.1305], [23.9585, -1.1749], [27.3848, -0.1305]], [[4.5424, 0.0], [7.1122, 0.1305], [11.3952, -0.1305], [16.5347, 0.0], [23.9585, -0.2611], [22.5308, 0.5222]], [[4.2569, 0.0], [8.5399, 0.0], [12.5373, -0.1305], [16.8202, -0.1305], [24.8151, -0.6527], [20.8176, -0.1305]], [[4.5424, 0.0], [7.1122, 0.1305], [11.3952, -0.1305], [16.5347, 0.0], [69.6432, 0.1305], [69.6432, 0.0]]]",5.0086,0.0,0.0,0.0,0.0,0.0,0.0,True,[3],0.0,0.0,0.0,3.3249,8.0,1.5218,4.3386,4.9644,1.7018,2.586,3.3249,"[[4.257, 0.0], [8.54, 0.0], [12.537, -0.131], [16.82, -0.131], [20.532, -0.131], [24.815, -0.131]]",ok,18.9808,0.0,0.0,0.0,0.0,0.0,0.0,0.0,0.0,0.0,5ec2ee2d55cc4582acd0f92476845a74,scene-0522,42
0.2569,0.0813,3.063,0.285,0.3563,1.0747,0.0,0.0,0.0,0.0,0.0,0.0,0.0,0.0,0.0,ok,straight,0.2569,1.3487,1.352,0.285,0.6731,0.9057,True,"[-0.0, -0.0653, -0.1305, -0.0653, -0.1305, -0.0653, -0.1958, -0.0653]","[-296.0633, -44.3946, -449.6235, -1974.1509, -2143.999, -4943.8319, -122693.7052, -141175.3745]","[4.4467, 3.2842, 2.1101, -1001971.2323, -1002141.0804, -1004940.9134, -1122691.462, -1141172.4559]","[0.947, 0.906, 1.857, 1.601, 1.856, 1.056, 4.906, 8.813]","[[[3.1148, 0.0], [6.5412, 0.0], [9.3964, -0.1305], [12.8228, -0.1305], [18.5334, -0.1305], [23.3874, 0.0]], [[3.1148, 0.0], [6.5412, 0.0], [9.3964, -0.1305], [12.8228, -0.1305], [16.2492, -0.1305], [19.9611, -0.1305]], [[3.1148, 0.0], [6.5412, 0.0], [9.3964, -0.1305], [12.8228, -0.1305], [13.9649, -0.2611], [16.5347, -0.2611]], [[3.1148, 0.0], [6.5412, 0.0], [10.5386, -0.1305], [16.8202, 0.0], [21.1032, -0.6527], [18.8189, 0.1305]], [[3.1148, 0.0], [6.5412, 0.0], [10.5386, -0.1305], [16.8202, 0.0], [23.3874, 0.0], [23.1019, -0.2611]], [[3.1148, 0.0], [6.5412, 0.0], [10.5386, -0.1305], [16.8202, 0.0], [16.2492, -0.1305], [19.9611, -0.1305]], [[3.1148, 0.0], [6.5412, 0.0], [9.3964, -0.1305], [12.8228, -0.1305], [10.8241, 16.5798], [29.9546, -0.3916]], [[3.1148, 0.0], [6.5412, 0.0], [10.5386, -0.1305], [16.8202, 0.0], [18.5334, 0.1305], [69.6432, 0.1305]]]",2.5943,0.0,0.0,0.0,0.0,0.0,0.0,True,[3],0.0,0.0,0.0,0.9057,8.0,0.2569,1.3487,1.352,0.285,0.6731,0.9057,"[[3.115, 0.0], [6.541, 0.0], [9.396, -0.131], [12.823, -0.131], [16.249, -0.131], [19.961, -0.131]]",ok,8.8127,0.0,0.0,0.0,0.0,0.0,0.0,0.0,0.0,0.0,3b971d298409494a8fcbc824745e0f16,scene-0522,42
3.4724,6.6143,8.8484,2.4469,3.9448,5.5421,0.0,0.0,0.0,0.0,0.0,0.0,0.0,0.0,0.0,ok,straight,3.4724,6.6143,10.2761,2.5904,4.0166,5.8279,False,"[-0.0653, -0.0653, -0.1958, -0.4569, -0.0, -0.3916, -0.0653, -0.2611]","[-152.268, -866.4452, -273.1472, -1234.8913, -3321.5916, -3901.5839, -16125.3728, -18816.0993]","[4.8861, 4.2412, 4.0426, -1001231.5551, -1003318.7984, -1003898.7907, -1016122.0366, -1018813.306]","[5.828, 5.352, 6.209, 5.879, 5.402, 5.391, 5.721, 3.792]","[[[2.5437, -0.1305], [5.1135, -0.1305], [8.5399, -0.1305], [10.5386, -0.1305], [12.8228, -0.1305], [15.3926, -0.1305]], [[2.5437, -0.1305], [5.1135, -0.1305], [9.9675, -0.2611], [11.9662, -0.2611], [12.8228, -0.1305], [15.3926, -0.1305]], [[2.5437, -0.1305], [5.1135, -0.1305], [8.5399, -0.1305], [10.5386, -0.1305], [12.8228, -0.3916], [13.1083, -0.3916]], [[2.5437, -0.1305], [5.1135, -0.1305], [8.5399, -0.1305], [10.5386, -0.1305], [14.2505, -0.1305], [13.6794, -0.9138]], [[2.5437, -0.1305], [5.1135, -0.1305], [9.9675, -0.2611], [11.9662, -0.2611], [11.1096, -0.6527], [16.8202, 0.0]], [[2.5437, -0.1305], [5.1135, -0.1305], [9.9675, -0.2611], [11.9662, -0.2611], [13.6794, -3.7859], [15.107, -0.7833]], [[2.5437, -0.1305], [5.1135, -0.1305], [8.5399, -0.1305], [10.5386, -0.1305], [17.1058, -5.4831], [14.2505, 0.1305]], [[2.5437, -0.1305], [5.1135, -0.1305], [9.9675, -0.2611], [11.9662, -0.2611], [21.6742, 0.1305], [16.5347, -0.5222]]]",0.6837,0.0,0.0,0.0,0.0,0.0,0.0,True,[3],0.0,0.0,0.0,3.7924,8.0,3.4724,5.1869,9.1392,2.5904,3.3032,3.7924,"[[2.544, -0.131], [5.113, -0.131], [8.54, -0.131], [10.539, -0.131], [12.823, -0.131], [15.393, -0.131]]",ok,6.209,0.0,0.0,0.0,0.0,0.0,0.0,0.0,0.0,0.0,5374ff6ee0994633b57a197b0bf3ea06,scene-0522,42
1.4089,2.1831,4.3379,0.8457,1.3498,2.2416,0.0,0.0,0.0,0.0,0.0,0.0,0.0,0.0,0.0,ok,straight,1.9834,3.606,4.3379,1.273,2.0748,2.725,False,"[-0.1305, -0.1305, -0.3916, -0.0, -0.0, -7.3108, -0.2611, -0.0653]","[-428.8667, -311.9278, -433.6676, -1428.2755, -1634.4682, -12186.8005, -13400.1337, -127787.3624]","[3.8073, 3.8072, 3.6973, -1001425.3177, -1001631.5134, -1012183.8427, -1013397.1789, -1127784.4076]","[2.725, 2.384, 2.587, 2.606, 1.498, 4.084, 2.491, 7.108]","[[[2.8293, 0.0], [4.828, 0.0], [7.9688, 0.2611], [9.682, -0.1305], [12.8228, -0.1305], [15.3926, -0.2611]], [[2.8293, 0.0], [4.828, 0.0], [8.5399, -0.1305], [11.1096, -0.1305], [12.8228, -0.1305], [15.3926, -0.2611]], [[2.8293, 0.0], [4.828, 0.0], [7.9688, 0.2611], [9.682, -0.1305], [12.8228, -0.5222], [16.5347, 0.7833]], [[2.8293, 0.0], [4.828, 0.0], [7.9688, 0.2611], [9.682, -0.1305], [11.1096, 0.0], [17.9623, 0.0]], [[2.8293, 0.0], [4.828, 0.0], [8.5399, -0.1305], [11.1096, -0.1305], [16.2492, -0.6527], [17.3913, 0.0]], [[2.8293, 0.0], [4.828, 0.0], [7.9688, 0.2611], [9.682, -0.1305], [14.536, -0.1305], [16.5347, -14.6216]], [[2.8293, 0.0], [4.828, 0.0], [8.5399, -0.1305], [11.1096, -0.1305], [19.39, 0.1305], [13.9649, -0.5222]], [[2.8293, 0.0], [4.828, 0.0], [8.5399, -0.1305], [11.1096, -0.1305], [12.5373, 16.5798], [38.5205, -0.1305]]]",1.6232,0.0,0.0,0.0,0.0,0.0,0.0,True,[3],0.0,0.0,0.0,1.4976,8.0,1.9834,2.1831,2.4386,1.273,1.5634,1.4976,"[[2.829, 0.0], [4.828, 0.0], [7.969, 0.261], [9.682, -0.131], [12.823, -0.131], [15.393, -0.261]]",ok,7.1085,0.0,0.0,0.0,0.0,0.0,0.0,0.0,0.0,0.0,f656f3b78a2c4ee4824f58ca89fe545d,scene-0522,42
0.3907,1.1554,2.7391,0.3334,0.5332,1.1512,0.0,0.0,0.0,0.0,0.0,0.0,0.0,0.0,0.0,ok,straight,0.3907,1.1554,2.5268,0.3334,0.5332,1.1613,False,"[-0.1305, -0.1305, -0.1305, -0.5222, -0.1305, -0.1958, -0.1958, -0.4569]","[-115.5023, -215.2405, -792.3334, -329.1233, -1690.7566, -1919.8015, -5253.7408, -18047.7016]","[2.4646, 2.4469, 2.3459, -0.1954, -1001689.6038, -1001918.649, -1005252.5882, -1018046.549]","[1.161, 1.221, 0.688, 0.724, 2.55, 1.388, 1.672, 1.678]","[[[2.8293, 0.0], [5.399, -0.1305], [8.5399, -0.1305], [10.5386, -0.1305], [12.2517, -0.2611], [15.107, -0.2611]], [[2.8293, 0.0], [6.5412, -0.1305], [8.5399, -0.1305], [10.5386, -0.1305], [12.2517, -0.2611], [15.107, -0.2611]], [[2.8293, 0.0], [5.399, -0.1305], [8.5399, -0.1305], [10.5386, -0.1305], [15.107, -0.2611], [17.3913, -0.2611]], [[2.8293, 0.0], [5.399, -0.1305], [8.5399, -0.1305], [10.5386, -0.1305], [13.9649, 0.0], [16.2492, -1.0444]], [[2.8293, 0.0], [5.399, -0.1305], [8.5399, -0.1305], [10.5386, -0.1305], [8.5399, -0.3916], [10.253, -0.2611]], [[2.8293, 0.0], [6.5412, -0.1305], [8.5399, -0.1305], [10.5386, -0.1305], [12.5373, -0.3916], [21.1032, -0.3916]], [[2.8293, 0.0], [6.5412, -0.1305], [8.5399, -0.1305], [10.5386, -0.1305], [10.8241, -0.2611], [21.1032, -0.3916]], [[2.8293, 0.0], [6.5412, -0.1305], [8.5399, -0.1305], [10.5386, -0.1305], [13.3939, -7.9635], [17.3913, -0.9138]]]",0.5618,0.0,0.0,0.0,0.0,0.0,0.0,True,[3],0.0,0.0,0.0,0.6876,8.0,0.3907,1.1554,1.0862,0.3334,0.5332,0.6876,"[[2.829, 0.0], [5.399, -0.131], [8.54, -0.131], [10.539, -0.131], [12.252, -0.261], [15.107, -0.261]]",ok,2.5502,0.0,0.0,0.0,0.0,0.0,0.0,0.0,0.0,0.0,ce03b6f0c1d2455aa18f6275917485bc,scene-0523,42
0.2749,1.404,5.061,0.199,0.6672,1.7706,0.0,0.0,0.0,0.0,0.0,0.0,0.0,0.0,0.0,ok,straight,0.2749,1.404,5.061,0.199,0.6539,1.7295,True,"[-0.3916, -1.8277, -1.8277, -1.1097, -0.5875, -2.8068, -0.4569, -0.5222]","[-724.2703, -57.4915, -624.8597, -1094.929, -2078.3267, -3288.5969, -4092.3793, -13809.738]","[4.7108, 3.1241, 3.0667, -1001091.7058, -1002075.1035, -1003285.4511, -1004089.2336, -1013806.5148]","[0.805, 1.73, 1.915, 1.507, 1.518, 1.602, 2.098, 2.585]","[[[1.9727, -0.1305], [3.9714, -0.2611], [6.5412, -0.9138], [8.5399, -1.436], [12.8228, -1.6971], [14.536, -0.7833]], [[1.9727, -0.1305], [3.9714, -0.2611], [6.5412, -0.9138], [8.5399, -1.436], [10.253, -2.3499], [11.1096, -3.6554]], [[1.9727, -0.1305], [3.9714, -0.2611], [6.2556, -1.3055], [7.3977, -1.3055], [10.253, -2.3499], [11.1096, -3.6554]], [[1.9727, -0.1305], [3.9714, -0.2611], [6.2556, -1.3055], [7.3977, -1.3055], [10.253, -3.2637], [14.536, -2.2193]], [[1.9727, -0.1305], [3.9714, -0.2611], [6.2556, -1.3055], [7.3977, -1.3055], [10.253, -2.8721], [13.3939, 1.1749]], [[1.9727, -0.1305], [3.9714, -0.2611], [6.5412, -0.9138], [8.5399, -1.436], [10.253, -0.1305], [15.6781, -5.6136]], [[1.9727, -0.1305], [3.9714, -0.2611], [6.5412, -0.9138], [8.5399, -1.436], [11.9662, -3.7859], [8.5399, -0.9138]], [[1.9727, -0.1305], [3.9714, -0.2611], [6.2556, -1.3055], [7.3977, -1.3055], [11.9662, -6.0053], [9.1109, 1.0444]]]",0.483,0.0,0.0,0.0,0.0,0.0,0.0,True,[3],0.0,0.0,0.0,0.8053,8.0,0.2749,1.404,0.5903,0.199,0.6539,0.8053,"[[1.973, -0.131], [3.971, -0.261], [6.541, -0.914], [8.54, -1.436], [10.253, -2.35], [11.11, -3.655]]",ok,2.585,0.0,0.0,0.0,0.0,0.0,0.0,0.0,0.0,0.0,b6a99c6a8d944129a5ab01e0bdb86cf0,scene-0523,42
1.7085,3.8848,5.7212,1.0337,2.0406,3.1455,0.0,0.0,0.0,0.0,0.0,0.0,0.0,0.0,0.0,ok,straight,0.7128,2.2414,4.939,0.4934,1.0078,2.1401,True,"[-0.1305, -0.5875, -0.3264, -0.0653, -0.1305, -0.718, -0.6527, -0.1958]","[-543.671, -616.9033, -2290.9716, -4258.0697, -908.287, -2200.4945, -2634.5398, -6161.4709]","[4.259, 2.3634, -1002288.6548, -1004255.7529, -2002127.0491, -2003419.2566, -2003853.3019, -2007380.233]","[2.27, 2.117, 1.734, 1.002, 2.779, 3.171, 3.197, 1.659]","[[[3.6858, -0.1305], [7.6833, -0.1305], [11.3952, 0.1305], [12.2517, -0.1305], [14.2505, -0.1305], [15.9636, -0.2611]], [[3.6858, -0.1305], [7.6833, -0.1305], [11.3952, 0.1305], [12.2517, -0.1305], [14.536, -0.1305], [16.8202, -1.1749]], [[3.6858, -0.1305], [7.6833, -0.1305], [11.3952, 0.1305], [12.2517, -0.1305], [13.1083, -0.3916], [20.8176, -0.6527]], [[3.6858, -0.1305], [7.6833, -0.1305], [11.3952, 0.1305], [12.2517, -0.1305], [19.1045, -0.3916], [21.9598, 0.1305]], [[3.6858, -0.1305], [7.6833, -0.1305], [8.5399, -0.1305], [10.5386, -0.1305], [14.2505, -0.1305], [15.9636, -0.2611]], [[3.6858, -0.1305], [7.6833, -0.1305], [8.5399, -0.1305], [10.5386, -0.1305], [11.1096, -0.6527], [17.1058, -1.436]], [[3.6858, -0.1305], [7.6833, -0.1305], [8.5399, -0.1305], [10.5386, -0.1305], [10.8241, -0.1305], [17.1058, -1.3055]], [[3.6858, -0.1305], [7.6833, -0.1305], [8.5399, -0.1305], [10.5386, -0.1305], [18.8189, -0.1305], [19.9611, 0.3916]]]",0.7258,0.0,0.0,0.0,0.0,0.0,0.0,True,[3],0.0,0.0,0.0,1.0019,8.0,0.7128,2.2414,0.4071,0.4934,1.0078,1.0019,"[[3.686, -0.131], [7.683, -0.131], [11.395, 0.131], [12.252, -0.131], [14.25, -0.131], [16.82, -0.653]]",ok,3.1965,0.0,0.0,0.0,0.0,0.0,0.0,0.0,0.0,0.0,09fe2623b0774391ba3a50ec61bc02f7,scene-0523,42
0.778,2.6419,3.3463,0.5414,1.2785,1.9067,0.0,0.0,0.0,0.0,0.0,0.0,0.0,0.0,0.0,ok,straight,0.778,0.3422,4.7303,0.5414,0.7681,1.7508,True,"[-0.1305, -0.0, -0.718, -0.1305, -0.1305, -0.1958, -0.0653, -0.0653]","[-54.9364, -1095.1615, -1519.8653, -2163.8752, -2342.6156, -2362.6681, -8427.1369, -14813.8375]","[2.9651, -1001092.7594, -1001517.4632, -1002162.0055, -1002340.2134, -1002360.7984, -1008424.7347, -1014811.9679]","[1.907, 1.337, 2.046, 2.54, 1.566, 2.203, 2.963, 2.617]","[[[3.6858, 0.0], [7.3977, -0.1305], [11.1096, -0.1305], [14.2505, -0.1305], [18.2479, -0.1305], [22.2453, -0.2611]], [[3.6858, 0.0], [7.3977, -0.1305], [10.8241, 0.0], [16.8202, 0.0], [21.1032, 0.2611], [20.8176, 0.0]], [[3.6858, 0.0], [7.3977, -0.1305], [10.8241, 0.0], [16.8202, 0.0], [18.5334, -0.3916], [19.39, -1.436]], [[3.6858, 0.0], [7.3977, -0.1305], [11.1096, -0.1305], [14.2505, -0.1305], [20.5321, -0.9138], [33.952, -0.2611]], [[3.6858, 0.0], [7.3977, -0.1305], [10.8241, 0.0], [16.8202, 0.0], [18.2479, -0.1305], [22.2453, -0.2611]], [[3.6858, 0.0], [7.3977, -0.1305], [11.1096, -0.1305], [14.2505, -0.1305], [16.5347, -2.4804], [23.1019, -0.3916]], [[3.6858, 0.0], [7.3977, -0.1305], [10.8241, 0.0], [16.8202, 0.0], [21.1032, -0.3916], [11.6807, -0.1305]], [[3.6858, 0.0], [7.3977, -0.1305], [11.1096, -0.1305], [14.2505, -0.1305], [23.1019, -0.5222], [17.1058, -0.1305]]]",0.5131,0.0,0.0,0.0,0.0,0.0,0.0,False,[3],0.0,0.0,0.0,1.3366,8.0,0.778,0.3422,4.6834,0.5414,0.7681,1.3366,"[[3.686, 0.0], [7.398, -0.131], [10.824, 0.0], [16.82, 0.0], [18.533, -0.131], [20.818, -0.261]]",ok,2.9628,0.0,0.0,1.0,0.0,0.0,1.0,0.0,0.0,0.3333333333333333,08027e9f30d341bfb02d4f8dc52a01eb,scene-0523,42
0.9914,2.1894,3.1823,0.8952,1.2225,1.7196,0.0,0.0,0.0,0.0,0.0,0.0,0.0,0.0,0.0,ok,straight,0.9914,2.1894,1.7615,0.8952,1.2225,1.4858,True,"[-0.1305, -0.1305, -8.2899, -1.893, -0.1305, -1.1749, -0.0653, -0.1958]","[-235.5163, -827.6081, -11091.935, -26543.5591, -1162.6935, -1824.7981, -123878.2804, -854619.0191]","[2.1352, 2.1331, -1011090.7776, -1026542.4018, -2002909.3149, -2003571.4194, -2125624.9018, -2856365.6405]","[1.72, 1.256, 4.264, 9.928, 2.389, 2.671, 9.275, 9.781]","[[[3.6858, 0.0], [7.9688, -0.1305], [12.5373, -0.1305], [15.6781, -0.1305], [19.9611, -0.1305], [23.3874, -0.2611]], [[3.6858, 0.0], [7.9688, -0.1305], [12.5373, -0.1305], [15.6781, -0.1305], [21.3887, 0.0], [24.8151, -0.2611]], [[3.6858, 0.0], [7.9688, -0.1305], [12.5373, -0.1305], [15.6781, -0.1305], [19.6755, 1.436], [30.8112, 16.5798]], [[3.6858, 0.0], [7.9688, -0.1305], [12.5373, -0.1305], [15.6781, -0.1305], [33.6665, -0.3916], [69.6432, -3.7859]], [[3.6858, 0.0], [7.9688, -0.1305], [9.682, 0.0], [14.536, 0.1305], [19.9611, -0.1305], [23.3874, -0.2611]], [[3.6858, 0.0], [7.9688, -0.1305], [9.682, 0.0], [14.536, 0.1305], [23.3874, 0.3916], [31.9533, -2.3499]], [[3.6858, 0.0], [7.9688, -0.1305], [9.682, 0.0], [14.536, 0.1305], [18.5334, -0.3916], [69.6432, -0.1305]], [[3.6858, 0.0], [7.9688, -0.1305], [9.682, 0.0], [14.536, 0.1305], [69.6432, 0.5222], [24.244, -0.3916]]]",3.5843,0.0,0.0,0.0,0.0,0.0,0.0,True,[3],0.0,0.0,0.0,1.2562,8.0,0.9914,2.1894,1.7615,0.8952,1.2225,1.2562,"[[3.686, 0.0], [7.969, -0.131], [12.537, -0.131], [15.678, -0.131], [19.961, 0.0], [24.815, -0.261]]",ok,9.9283,0.0,1.0,1.0,0.0,1.0,1.0,0.0,0.25,0.5,89c9204978674480aec9d2a9a377eecc,scene-0524,42
2.0944,4.1546,5.2016,1.6651,2.803,3.7324,0.0,0.0,0.0,0.0,0.0,0.0,0.0,0.0,0.0,ok,straight,2.0944,4.7235,8.8737,1.2368,2.7311,4.2965,False,"[-0.3916, -0.5875, -0.3916, -0.3916, -1.3055, -1.1749, -0.0, -0.0]","[-173.8031, -442.406, -806.0705, -1077.9064, -1111.8885, -6279.3213, -15831.5923, -146953.8042]","[3.15, -1000440.0118, -1000803.6265, -1001075.4624, -1001109.4444, -1006276.9271, -1015829.1483, -1146951.41]","[3.684, 4.538, 4.209, 3.51, 4.347, 2.809, 5.374, 10.982]","[[[3.9714, 0.0], [6.5412, 0.0], [9.1109, 0.1305], [12.2517, 0.2611], [15.107, 0.3916], [19.9611, 0.7833]], [[3.9714, 0.0], [6.5412, 0.0], [9.1109, 0.1305], [12.2517, 0.2611], [15.107, 0.0], [14.8215, 1.1749]], [[3.1148, 0.0], [6.5412, 0.0], [9.682, -0.2611], [13.6794, 0.0], [14.536, 1.0444], [16.2492, 0.7833]], [[3.1148, 0.0], [6.5412, 0.0], [9.682, -0.2611], [13.6794, 0.0], [15.107, 0.3916], [19.9611, 0.7833]], [[3.1148, 0.0], [6.5412, 0.0], [9.682, -0.2611], [13.6794, 0.0], [15.3926, -0.6527], [14.8215, 2.611]], [[3.9714, 0.0], [6.5412, 0.0], [9.1109, 0.1305], [12.2517, 0.2611], [20.5321, 2.0888], [20.2466, 2.3499]], [[3.1148, 0.0], [6.5412, 0.0], [9.682, -0.2611], [13.6794, 0.0], [18.5334, 0.3916], [5.399, 0.0]], [[3.9714, 0.0], [6.5412, 0.0], [9.1109, 0.1305], [12.2517, 0.2611], [17.9623, -8.7468], [69.6432, 0.0]]]",2.3952,0.0,0.0,1.0,0.0,0.0,1.0,True,[3],0.0,0.0,0.16666666666666666,2.8094,8.0,2.0944,4.7235,4.8549,1.2368,2.7311,2.8094,"[[3.971, 0.0], [6.541, 0.0], [9.111, 0.131], [12.252, 0.261], [15.107, 0.392], [16.249, 0.783]]",ok,10.9817,0.0,1.0,1.0,0.0,1.0,1.0,0.0,0.25,0.5,e5cb38a3006d417a99b9688336980b8d,scene-0524,42
0.941,3.1305,2.8838,0.8785,1.5831,1.9738,0.0,0.0,0.0,0.0,0.0,0.0,0.0,0.0,0.0,ok,straight,1.7973,3.1305,2.8681,1.3067,2.0097,2.5401,False,"[-0.0653, -0.0653, -0.0653, -0.0, -0.0653, -0.5222, -0.0, -0.0653]","[-288.4714, -378.2746, -257.2027, -3349.4747, -4454.3003, -6794.985, -45000.5966, -257416.3361]","[1.2148, 1.2137, 1.211, -1003348.9922, -1004453.8137, -1006794.5026, -1045000.1142, -1257415.8495]","[2.54, 2.634, 2.397, 2.232, 4.05, 3.689, 3.775, 6.616]","[[[4.5424, 0.0], [9.3964, 0.0], [13.3939, -0.1305], [18.2479, -0.1305], [23.3874, -0.1305], [25.9572, -0.1305]], [[4.5424, 0.0], [9.3964, 0.0], [13.3939, -0.1305], [18.2479, -0.1305], [23.6729, 0.0], [26.2427, -0.1305]], [[4.5424, 0.0], [8.5399, 0.0], [13.3939, -0.1305], [18.2479, -0.1305], [23.3874, -0.1305], [25.9572, -0.1305]], [[4.5424, 0.0], [8.5399, 0.0], [13.3939, -0.1305], [18.2479, -0.1305], [17.3913, -1.6971], [19.39, 0.0]], [[4.5424, 0.0], [9.3964, 0.0], [13.3939, -0.1305], [18.2479, -0.1305], [17.9623, 0.3916], [7.9688, 0.1305]], [[4.5424, 0.0], [8.5399, 0.0], [13.3939, -0.1305], [18.2479, -0.1305], [20.2466, -0.1305], [9.3964, 1.0444]], [[4.5424, 0.0], [8.5399, 0.0], [13.3939, -0.1305], [18.2479, -0.1305], [32.5244, -0.1305], [21.1032, 0.0]], [[4.5424, 0.0], [9.3964, 0.0], [13.3939, -0.1305], [18.2479, -0.1305], [-2.8813, -0.1305], [32.8099, -0.1305]]]",1.3517,0.0,0.0,0.0,0.0,0.0,0.0,True,[3],0.0,0.0,0.0,2.2324,8.0,0.941,3.1305,3.7158,0.8785,1.7957,2.2324,"[[4.542, 0.0], [9.396, 0.0], [13.394, -0.131], [18.248, -0.131], [23.387, -0.131], [25.957, -0.131]]",ok,6.6161,0.0,0.0,1.0,0.0,0.0,1.0,0.0,0.0,0.3333333333333333,1775e201089c4f979dc8892e56872100,scene-0524,42
0.9487,1.3903,3.0513,0.6018,0.8012,1.2221,0.0,0.0,0.0,0.0,0.0,0.0,0.0,0.0,0.0,ok,straight,0.9487,0.8358,3.0513,0.6018,0.809,1.2273,False,"[-0.0653, -0.3264, -0.0653, -0.0653, -0.3916, -0.1305, -0.0, -0.1305]","[-323.7366, -948.06, -1333.9695, -1434.0216, -4088.2086, -9253.5121, -13776.5192, -1016053.0814]","[2.3921, 0.3704, -1001332.6016, -1001432.6537, -1004086.8367, -1009252.1442, -1013775.1473, -2016051.7095]","[1.222, 0.882, 1.227, 1.704, 1.726, 2.72, 2.67, 10.403]","[[[3.6858, 0.0], [6.8267, 0.0], [10.5386, 0.0], [13.9649, -0.1305], [18.2479, -0.1305], [19.9611, -0.1305]], [[3.6858, 0.0], [6.8267, 0.0], [9.9675, -0.1305], [15.9636, -0.1305], [19.1045, 0.0], [21.3887, 0.6527]], [[3.6858, 0.0], [6.8267, 0.0], [9.9675, -0.1305], [15.9636, -0.1305], [18.2479, -0.1305], [19.9611, -0.1305]], [[3.6858, 0.0], [6.8267, 0.0], [9.9675, -0.1305], [15.9636, -0.1305], [18.2479, -0.6527], [17.3913, 0.1305]], [[3.6858, 0.0], [6.8267, 0.0], [10.5386, 0.0], [13.9649, -0.1305], [13.9649, -0.2611], [21.6742, -0.7833]], [[3.6858, 0.0], [6.8267, 0.0], [9.9675, -0.1305], [15.9636, -0.1305], [19.6755, -4.1776], [31.0967, -0.2611]], [[3.6858, 0.0], [6.8267, 0.0], [10.5386, 0.0], [13.9649, -0.1305], [20.8176, -0.1305], [11.9662, 0.0]], [[3.6858, 0.0], [6.8267, 0.0], [10.5386, 0.0], [13.9649, -0.1305], [69.6432, -0.1305], [14.2505, 0.2611]]]",2.9332,0.0,0.0,0.0,0.0,0.0,0.0,False,[3],0.0,0.0,0.0,0.882,8.0,0.9487,0.8358,1.4849,0.6018,0.809,0.882,"[[3.686, 0.0], [6.827, 0.0], [9.968, -0.131], [15.964, -0.131], [18.248, -0.131], [19.961, -0.131]]",ok,10.4034,0.0,1.0,1.0,0.0,1.0,1.0,0.0,0.25,0.5,dfa48a639ca54273906096ebbd03660e,scene-0524,42
1.686,2.7047,3.9565,1.1241,1.6268,2.249,0.0,0.0,0.0,0.0,0.0,0.0,0.0,0.0,0.0,ok,straight,1.686,2.4191,4.5298,1.1241,1.5554,2.4411,False,"[-0.0653, -0.0653, -0.0, -0.0653, -0.1305, -0.3264, -0.3916, -0.0653]","[-146.1666, -160.5126, -542.9645, -460.1442, -1808.5784, -3232.9087, -3525.8407, -5179.6776]","[4.8923, 4.8843, 4.7692, 4.3226, -1001805.6119, -1003229.9423, -1003522.4814, -1005176.3183]","[2.679, 2.297, 2.119, 2.021, 1.69, 2.263, 2.835, 1.669]","[[[1.6871, 0.0], [3.6858, 0.0], [4.5424, 0.0], [6.2556, 0.0], [8.5399, 0.2611], [10.253, -0.1305]], [[1.6871, 0.0], [3.6858, 0.0], [4.5424, 0.0], [6.2556, 0.0], [7.3977, 0.0], [9.1109, -0.1305]], [[1.6871, 0.0], [1.9727, 0.0], [4.5424, 0.0], [6.2556, 0.0], [8.2543, 0.3916], [8.8254, 0.0]], [[1.6871, 0.0], [1.9727, 0.0], [4.5424, 0.0], [6.2556, 0.0], [7.3977, 0.0], [9.1109, -0.1305]], [[1.6871, 0.0], [1.9727, 0.0], [4.5424, 0.0], [6.2556, 0.0], [5.399, 0.1305], [9.1109, -0.2611]], [[1.6871, 0.0], [1.9727, 0.0], [4.5424, 0.0], [6.2556, 0.0], [5.6846, 0.0], [12.2517, -0.6527]], [[1.6871, 0.0], [3.6858, 0.0], [4.5424, 0.0], [6.2556, 0.0], [11.1096, -0.3916], [8.5399, -0.7833]], [[1.6871, 0.0], [3.6858, 0.0], [4.5424, 0.0], [6.2556, 0.0], [2.8293, -0.1305], [6.8267, 0.1305]]]",0.3916,0.0,0.0,0.0,0.0,0.0,0.0,True,[3],0.0,0.0,0.0,1.6687,8.0,1.686,2.4191,2.2463,1.1241,1.5554,1.6687,"[[1.687, 0.0], [3.686, 0.0], [4.542, 0.0], [6.256, 0.0], [8.254, 0.261], [9.111, -0.131]]",ok,2.8353,0.0,0.0,0.0,0.0,0.0,0.0,0.0,0.0,0.0,5b90526901414d2aa5db2b9fdaf858eb,scene-0552,42
3.2471,6.1264,8.3768,2.3263,3.8262,5.199,0.0,0.0,0.0,0.0,0.0,0.0,0.0,0.0,0.0,ok,straight,2.9615,6.1264,8.3768,2.4691,3.969,5.1514,True,"[-0.0, -0.0, -0.6527, -0.0653, -0.3264, -0.1305, -0.0, -0.3264]","[-82.1943, -173.9955, -357.6414, -1220.4676, -1733.0553, -2195.3645, -4106.3779, -4382.9829]","[4.0897, 4.0283, 0.9123, -1001218.3145, -1001730.9022, -1002193.2079, -1004104.2213, -1004380.8263]","[5.104, 5.151, 5.946, 5.152, 4.396, 5.145, 4.961, 6.574]","[[[1.6871, 0.0], [3.6858, 0.0], [5.399, 0.0], [6.8267, 0.0], [7.3977, 0.0], [9.1109, 0.0]], [[2.2582, 0.0], [3.4003, 0.0], [5.399, 0.0], [6.8267, 0.0], [7.3977, 0.0], [9.1109, 0.0]], [[2.2582, 0.0], [3.4003, 0.0], [5.399, 0.0], [6.8267, 0.0], [9.1109, -1.436], [11.9662, -1.3055]], [[2.2582, 0.0], [3.4003, 0.0], [5.399, 0.0], [6.8267, 0.0], [9.3964, 0.0], [7.1122, -0.1305]], [[2.2582, 0.0], [3.4003, 0.0], [5.399, 0.0], [6.8267, 0.0], [4.828, 0.1305], [7.1122, 0.6527]], [[1.6871, 0.0], [3.6858, 0.0], [5.399, 0.0], [6.8267, 0.0], [8.2543, -2.8721], [7.9688, -0.2611]], [[1.6871, 0.0], [3.6858, 0.0], [5.399, 0.0], [6.8267, 0.0], [4.828, -0.1305], [10.8241, 0.0]], [[1.6871, 0.0], [3.6858, 0.0], [5.399, 0.0], [6.8267, 0.0], [12.2517, 2.3499], [12.8228, -0.6527]]]",0.6203,0.0,0.0,0.0,0.0,0.0,0.0,True,[3],0.0,0.0,0.0,4.3959,8.0,2.9615,6.1264,6.4114,2.4691,3.969,4.3959,"[[2.258, 0.0], [3.4, 0.0], [5.399, 0.0], [6.827, 0.0], [7.398, 0.0], [9.111, 0.0]]",ok,6.574,0.0,0.0,0.0,0.0,0.0,0.0,0.0,0.0,0.0,f984bba40e134fb7ac6e7abf11a20b69,scene-0552,42
0.8037,4.0779,8.871,0.533,1.7192,3.808,0.0,0.0,0.0,0.0,0.0,0.0,0.0,0.0,0.0,ok,left,0.8037,4.0779,9.3871,0.533,1.7192,3.894,False,"[-2.7415, -2.7415, -3.7207, -3.5248, -6.3969, -0.6527, 8.2899, -2.7415]","[-585.8208, -197.7199, -454.3654, -3400.8006, -5830.6406, -6047.0383, -37376.707, -45971.709]","[3.0317, 1.9608, 1.7061, -1003398.228, -1005829.1616, -1006044.4656, -1037374.1343, -1045970.2299]","[3.959, 3.894, 4.032, 4.801, 4.894, 3.534, 4.936, 5.686]","[[[2.5437, -0.1305], [3.1148, 0.2611], [5.1135, -0.9138], [6.5412, -2.4804], [8.5399, -4.5692], [9.1109, -5.4831]], [[1.6871, -0.1305], [3.6858, -0.5222], [5.1135, -0.9138], [6.5412, -2.4804], [8.5399, -4.5692], [9.1109, -5.4831]], [[1.6871, -0.1305], [3.6858, -0.5222], [5.1135, -0.9138], [6.5412, -2.4804], [8.5399, -3.5248], [9.9675, -7.4413]], [[2.5437, -0.1305], [3.1148, 0.2611], [5.1135, -0.9138], [6.5412, -2.4804], [8.5399, -7.4413], [14.536, -7.0497]], [[1.6871, -0.1305], [3.6858, -0.5222], [5.1135, -0.9138], [6.5412, -2.4804], [7.1122, -2.8721], [12.5373, -12.7939]], [[2.5437, -0.1305], [3.1148, 0.2611], [5.1135, -0.9138], [6.5412, -2.4804], [10.5386, -5.3525], [7.3977, -1.3055]], [[2.5437, -0.1305], [3.1148, 0.2611], [5.1135, -0.9138], [6.5412, -2.4804], [12.5373, -5.6136], [15.107, 16.5798]], [[1.6871, -0.1305], [3.6858, -0.5222], [5.1135, -0.9138], [6.5412, -2.4804], [13.1083, -15.0132], [9.9675, -5.4831]]]",0.675,0.0,0.0,0.0,0.0,0.0,0.0,True,[3],0.0,0.0,0.0,3.5342,8.0,0.769,4.0779,5.9763,0.7282,1.8167,3.5342,"[[1.687, -0.131], [3.686, -0.522], [5.113, -0.914], [6.541, -2.48], [8.54, -4.569], [9.111, -5.483]]",ok,5.6858,0.0,0.0,0.0,0.0,0.0,0.0,0.0,0.0,0.0,e858e7a613c54860b354e63cd8ae1fc5,scene-0552,42
1.3324,2.5104,4.566,0.6883,1.4677,2.4255,0.0,0.0,0.0,0.0,0.0,0.0,0.0,0.0,0.0,ok,straight,1.3324,2.5104,5.9417,0.6883,1.4677,2.6548,False,"[-0.0, -0.0653, -0.0653, -0.2611, -0.0, -0.7833, -0.1305, -0.0653]","[-69.6653, -112.2134, -361.8801, -1571.2734, -2317.2608, -14020.3735, -15088.8877, -182923.1695]","[4.8759, 4.6078, -1000358.162, -1001568.6679, -1002314.6553, -1014017.768, -1015085.1697, -1182920.564]","[2.658, 1.971, 3.741, 1.498, 2.17, 2.128, 3.754, 9.281]","[[[2.8293, 0.0], [4.828, 0.0], [7.6833, 0.0], [10.5386, 0.0], [12.8228, 0.0], [14.8215, 0.0]], [[2.8293, 0.0], [4.828, 0.0], [7.6833, 0.0], [10.5386, 0.0], [13.6794, -0.2611], [18.2479, 0.1305]], [[2.8293, 0.0], [4.828, 0.0], [7.6833, 0.0], [10.5386, 0.0], [11.6807, 0.0], [9.3964, 0.1305]], [[2.8293, 0.0], [4.828, 0.0], [8.8254, -0.1305], [13.3939, -0.1305], [14.2505, 0.3916], [17.6768, -0.5222]], [[2.8293, 0.0], [4.828, 0.0], [8.8254, -0.1305], [13.3939, -0.1305], [12.8228, 0.0], [14.8215, 0.0]], [[2.8293, 0.0], [4.828, 0.0], [8.8254, -0.1305], [13.3939, -0.1305], [10.253, 3.1332], [17.9623, 1.5666]], [[2.8293, 0.0], [4.828, 0.0], [7.6833, 0.0], [10.5386, 0.0], [5.9701, 0.2611], [15.107, -0.2611]], [[2.8293, 0.0], [4.828, 0.0], [8.8254, -0.1305], [13.3939, -0.1305], [13.9649, -1.6971], [69.6432, -0.1305]]]",2.3497,0.0,0.0,0.0,0.0,0.0,0.0,True,[3],0.0,0.0,0.0,1.4984,8.0,1.3324,0.6616,3.4047,0.6883,0.735,1.4984,"[[2.829, 0.0], [4.828, 0.0], [7.683, 0.0], [10.539, 0.0], [12.823, 0.0], [14.822, 0.131]]",ok,9.281,0.0,0.0,0.0,0.0,0.0,0.0,0.0,0.0,0.0,5ef15615bc08428bab23b2a84e84961e,scene-0552,42
0.026,0.026,0.026,0.026,0.026,0.026,0.0,0.0,0.0,0.0,0.0,0.0,0.0,0.0,0.0,ok,straight,0.026,0.026,0.026,0.026,0.026,0.1125,False,"[-0.0, -0.0, -1.3055, -0.0]","[-0.013, -57.4082, -1719588.6073, -837334.4193]","[4.6518, 4.6518, -2719585.4315, -4243178.0795]","[0.026, 0.113, 12.291, 27.649]","[[[-0.026, 0.0], [-0.026, 0.0], [-0.026, 0.0], [-0.026, 0.0], [-0.026, 0.0], [-0.026, 0.0]], [[-0.026, 0.0], [-0.026, 0.0], [-0.026, 0.0], [-0.026, 0.0], [0.545, 0.0], [-0.026, 0.0]], [[-0.026, 0.0], [-0.026, 0.0], [-0.026, 0.0], [-0.026, 0.0], [69.6432, 3.9165], [-2.8813, -2.611]], [[-0.026, 0.0], [26.5282, -0.3916], [69.6432, 0.0], [69.6432, 0.0], [-0.026, 0.0], [-0.026, 0.0]]]",11.3356,0.0,0.0,0.0,0.0,0.0,0.0,True,[3],0.0,0.0,0.0,0.026,4.0,0.026,0.026,0.026,0.026,0.026,0.026,"[[-0.026, 0.0], [-0.026, 0.0], [-0.026, 0.0], [-0.026, 0.0], [0.545, 0.0], [-0.026, 0.0]]",ok,27.6493,0.0,0.0,0.0,0.0,0.0,0.0,0.0,0.0,0.0,8687ba92abd3406aa797115b874ebeba,scene-0553,42
0.026,0.026,0.026,0.026,0.026,0.026,0.0,0.0,0.0,0.0,0.0,0.0,0.0,0.0,0.0,ok,straight,0.026,0.026,0.026,0.026,0.026,0.026,False,"[-0.0, -0.0, -0.0, -0.0, -0.0, -3.3943, -0.0]","[-0.013, -3.0126, -14.3618, -4004.4613, -6092.8775, -619508.634, -1665494.69]","[4.547, 4.547, 4.547, -2004845.0747, -2006933.491, -2620349.2475, -2665491.1106]","[0.026, 0.044, 0.065, 0.82, 0.638, 23.9, 11.762]","[[[-0.026, 0.0], [-0.026, 0.0], [-0.026, 0.0], [-0.026, 0.0], [-0.026, 0.0], [-0.026, 0.0]], [[-0.026, 0.0], [-0.026, 0.0], [-0.026, 0.0], [-0.026, 0.0], [-0.026, -0.1305], [-0.026, 0.0]], [[-0.026, 0.0], [-0.026, 0.0], [-0.026, 0.0], [-0.026, 0.0], [0.2595, 0.0], [-0.026, 0.0]], [[-0.026, 0.0], [-0.026, 0.0], [-0.026, 0.0], [3.6858, 0.2611], [1.1161, -0.1305], [-0.026, 0.0]], [[-0.026, 0.0], [-0.026, 0.0], [-0.026, 0.0], [3.6858, 0.2611], [-0.026, 0.0], [-0.026, 0.0]], [[-0.026, 0.0], [-0.026, 0.0], [-0.026, 0.0], [3.6858, 0.2611], [69.6432, -1.3055], [69.6432, -6.7886]], [[-0.026, 0.0], [-0.026, 0.0], [-0.026, 0.0], [-0.026, 0.0], [69.6432, 6.2664], [0.545, 0.0]]]",8.5555,0.0,0.0,0.0,0.0,0.0,0.0,True,[3],0.0,0.0,0.0,0.026,7.0,0.026,0.026,0.026,0.026,0.026,0.026,"[[-0.026, 0.0], [-0.026, 0.0], [-0.026, 0.0], [-0.026, 0.0], [-0.026, 0.0], [-0.026, 0.0]]",ok,23.9003,0.0,0.0,0.0,0.0,0.0,0.0,0.0,0.0,0.0,b8766f4291d5449d95bab459ca724ad8,scene-0553,42
0.026,0.026,0.026,0.026,0.026,0.026,0.0,0.0,0.0,0.0,0.0,0.0,0.0,0.0,0.0,ok,straight,0.026,0.026,0.026,0.026,0.026,0.026,False,"[-0.0, -0.0, -0.0, -0.1305, -2.2846, -0.0653]","[-0.013, -14.1009, -26.3626, -439.5527, -848.481, -229762.511]","[3.3325, 3.3324, 3.3322, 3.1716, -1000846.092, -1229760.122]","[0.026, 0.16, 0.065, 1.572, 0.822, 12.007]","[[[-0.026, 0.0], [-0.026, 0.0], [-0.026, 0.0], [-0.026, 0.0], [-0.026, 0.0], [-0.026, 0.0]], [[-0.026, 0.0], [-0.026, 0.0], [-0.026, 0.0], [-0.026, 0.0], [-0.026, 0.0], [0.8306, 0.0]], [[-0.026, 0.0], [-0.026, 0.0], [-0.026, 0.0], [0.2595, 0.0], [-0.026, 0.0], [-0.026, 0.0]], [[-0.026, 0.0], [-0.026, 0.0], [-0.026, 0.0], [0.2595, 0.0], [3.4003, 0.1305], [5.6846, 0.2611]], [[-0.026, 0.0], [-0.026, 0.0], [-0.026, 0.0], [0.2595, 0.0], [-0.026, 0.0], [-0.026, -4.5692]], [[-0.026, 0.0], [-0.026, 0.0], [-0.026, 0.0], [-0.026, 0.0], [2.2582, 0.3916], [69.6432, -0.1305]]]",4.3119,0.0,0.0,0.0,0.0,0.0,0.0,True,[3],0.0,0.0,0.0,0.026,6.0,0.026,0.026,0.026,0.026,0.026,0.026,"[[-0.026, 0.0], [-0.026, 0.0], [-0.026, 0.0], [-0.026, 0.0], [-0.026, 0.0], [-0.026, 0.0]]",ok,12.0066,0.0,0.0,0.0,0.0,0.0,0.0,0.0,0.0,0.0,c4f9b75136384ec4a76c4adfc28b4259,scene-0553,42
0.026,0.026,0.026,0.026,0.026,0.026,0.0,0.0,0.0,0.0,0.0,0.0,0.0,0.0,0.0,ok,straight,0.026,0.026,0.026,0.026,0.026,0.026,False,"[-0.0, -0.0, -0.0]","[-0.013, -258.8853, -1702.1146]","[2.9809, 2.6343, -1001700.0065]","[0.026, 0.208, 0.446]","[[[-0.026, 0.0], [-0.026, 0.0], [-0.026, 0.0], [-0.026, 0.0], [-0.026, 0.0], [-0.026, 0.0]], [[1.1161, 0.0], [-0.026, 0.0], [-0.026, 0.0], [-0.026, 0.0], [-0.026, 0.0], [-0.026, 0.0]], [[-0.026, 0.0], [-0.026, 0.0], [-0.026, 0.0], [-0.026, 0.0], [2.5437, 0.0], [-0.026, 0.0]]]",0.1718,0.0,0.0,0.0,0.0,0.0,0.0,True,[3],0.0,0.0,0.0,0.026,3.0,0.026,0.026,0.026,0.026,0.026,0.026,"[[-0.026, 0.0], [-0.026, 0.0], [-0.026, 0.0], [-0.026, 0.0], [-0.026, 0.0], [-0.026, 0.0]]",ok,0.4457,0.0,0.0,0.0,0.0,0.0,0.0,0.0,0.0,0.0,c143943fd6e246448eab88ce1a0aeda9,scene-0553,42
0.026,0.026,0.026,0.026,0.026,0.026,0.0,0.0,0.0,0.0,0.0,0.0,0.0,0.0,0.0,ok,straight,0.026,0.026,0.026,0.026,0.026,0.026,False,"[-0.0, -0.0, -0.0, -0.0653, -0.4569, -0.2611, -6.7233]","[-0.013, -3.0126, -13.553, -27.9681, -447.9253, -1579560.0433, -1667116.8255]","[2.8031, 2.8031, 0.8031, 0.7748, -1000446.2181, -2579560.3362, -2667115.1183]","[0.026, 0.044, 0.065, 0.201, 1.636, 12.473, 13.871]","[[[-0.026, 0.0], [-0.026, 0.0], [-0.026, 0.0], [-0.026, 0.0], [-0.026, 0.0], [-0.026, 0.0]], [[-0.026, 0.0], [-0.026, 0.0], [-0.026, 0.0], [-0.026, 0.0], [-0.026, -0.1305], [-0.026, 0.0]], [[0.2595, 0.0], [-0.026, 0.0], [-0.026, 0.0], [-0.026, 0.0], [-0.026, 0.0], [-0.026, 0.0]], [[0.2595, 0.0], [-0.026, 0.0], [-0.026, 0.0], [-0.026, 0.0], [-0.026, 0.0], [0.8306, 0.1305]], [[-0.026, 0.0], [-0.026, 0.0], [-0.026, 0.0], [-0.026, 0.0], [1.9727, 0.1305], [7.6833, -0.9138]], [[0.2595, 0.0], [-0.026, 0.0], [-0.026, 0.0], [-0.026, 0.0], [69.6432, -0.1305], [4.828, -0.5222]], [[-0.026, 0.0], [-0.026, 0.0], [-0.026, 0.0], [-0.026, 0.0], [69.6432, -2.0888], [-0.026, -13.4466]]]",5.8083,0.0,0.0,0.0,0.0,0.0,0.0,True,[3],0.0,0.0,0.0,0.026,7.0,0.026,0.026,0.026,0.026,0.026,0.026,"[[-0.026, 0.0], [-0.026, 0.0], [-0.026, 0.0], [-0.026, 0.0], [-0.026, 0.0], [-0.026, 0.0]]",ok,13.8709,0.0,0.0,0.0,0.0,0.0,0.0,0.0,0.0,0.0,e0b85d628af34d6bbbbb0da216aa5bca,scene-0554,42
0.026,0.026,0.026,0.026,0.026,0.026,0.0,0.0,0.0,0.0,0.0,0.0,0.0,0.0,0.0,ok,straight,0.2595,0.026,0.026,0.1963,0.1112,0.0828,False,"[-0.0, -0.0, -0.0653, -0.0, -0.5222]","[-0.013, -30.3759, -997.8154, -3825.658, -266789.0289]","[3.261, 1.2607, -1000997.642, -1003823.4845, -1266786.8555]","[0.026, 0.083, 1.161, 0.819, 11.63]","[[[-0.026, 0.0], [-0.026, 0.0], [-0.026, 0.0], [-0.026, 0.0], [-0.026, 0.0], [-0.026, 0.0]], [[-0.026, 0.1305], [0.2595, 0.0], [-0.026, 0.0], [-0.026, 0.0], [-0.026, 0.0], [-0.026, 0.0]], [[-0.026, 0.1305], [0.2595, 0.0], [-0.026, 0.0], [-0.026, 0.0], [3.1148, 0.1305], [3.4003, -0.1305]], [[-0.026, 0.0], [-0.026, 0.0], [-0.026, 0.0], [-0.026, 0.0], [3.9714, -0.2611], [0.8306, 0.0]], [[-0.026, 0.0], [-0.026, 0.0], [-0.026, 0.0], [-0.026, 0.0], [-0.026, 0.0], [69.6432, -1.0444]]]",4.4642,0.0,0.0,0.0,0.0,0.0,0.0,True,[3],0.0,0.0,0.0,0.026,5.0,0.026,0.026,0.026,0.026,0.026,0.026,"[[-0.026, 0.131], [0.259, 0.0], [-0.026, 0.0], [-0.026, 0.0], [-0.026, 0.0], [-0.026, 0.0]]",ok,11.6302,0.0,0.0,0.0,0.0,0.0,0.0,0.0,0.0,0.0,07036c3a872444c8a7f369d796aa401f,scene-0554,42
0.026,0.026,0.026,0.026,0.026,0.026,0.0,0.0,0.0,0.0,0.0,0.0,0.0,0.0,0.0,ok,straight,0.026,1.977,0.026,0.026,0.8577,0.5805,False,"[-0.0, -0.0, -0.0, -0.0, -6.4622, -0.1305, -0.3916]","[-0.013, -620.4989, -755.4281, -7994.5372, -9202.5708, -90644.3382, -266762.1449]","[2.4811, 0.2783, 0.2768, -1007995.282, -1009203.3157, -1090642.887, -1266760.6937]","[0.026, 0.58, 0.667, 1.666, 2.801, 3.302, 11.63]","[[[-0.026, 0.0], [-0.026, 0.0], [-0.026, 0.0], [-0.026, 0.0], [-0.026, 0.0], [-0.026, 0.0]], [[-0.026, 0.0], [-0.026, 0.0], [1.4016, 0.0], [1.9727, -0.1305], [-0.026, 0.0], [-0.026, 0.0]], [[-0.026, 0.0], [-0.026, 0.0], [1.4016, 0.0], [1.9727, -0.1305], [-0.026, 0.0], [0.545, 0.0]], [[-0.026, 0.0], [-0.026, 0.0], [1.4016, 0.0], [1.9727, -0.1305], [6.5412, 0.0], [-0.026, 0.0]], [[-0.026, 0.0], [-0.026, 0.0], [1.4016, 0.0], [1.9727, -0.1305], [-0.026, 0.1305], [-2.8813, -12.9244]], [[-0.026, 0.0], [-0.026, 0.0], [-0.026, 0.0], [-0.026, 0.0], [-0.026, 16.5798], [3.1148, -0.2611]], [[-0.026, 0.0], [-0.026, 0.0], [-0.026, 0.0], [-0.026, 0.0], [-0.026, 0.0], [69.6432, -0.7833]]]",3.713,0.0,0.0,0.0,0.0,0.0,0.0,True,[3],0.0,0.0,0.0,0.026,7.0,0.026,0.026,0.026,0.026,0.026,0.026,"[[-0.026, 0.0], [-0.026, 0.0], [1.402, 0.0], [1.973, -0.131], [-0.026, 0.0], [-0.026, 0.0]]",ok,11.6296,0.0,0.0,0.0,0.0,0.0,0.0,0.0,0.0,0.0,3494e1a995f6404da4106f156c99ea49,scene-0554,42
0.026,0.026,0.026,0.026,0.026,0.026,0.0,0.0,0.0,0.0,0.0,0.0,0.0,0.0,0.0,ok,straight,0.026,0.026,0.026,0.026,0.026,0.026,False,"[-0.0, -0.0, -0.0, -0.0]","[-0.013, -182.5414, -105.4115, -1661825.3783]","[2.2847, 2.2844, 2.2844, -2661823.6711]","[0.026, 0.446, 0.113, 11.629]","[[[-0.026, 0.0], [-0.026, 0.0], [-0.026, 0.0], [-0.026, 0.0], [-0.026, 0.0], [-0.026, 0.0]], [[-0.026, 0.0], [-0.026, 0.0], [-0.026, 0.0], [-0.026, 0.0], [-0.026, 0.0], [2.5437, 0.0]], [[-0.026, 0.0], [-0.026, 0.0], [-0.026, 0.0], [0.545, 0.0], [-0.026, 0.0], [-0.026, 0.0]], [[-0.026, 0.0], [-0.026, 0.0], [-0.026, 0.0], [-0.026, 0.0], [69.6432, -0.5222], [-0.026, 0.0]]]",4.9538,0.0,0.0,0.0,0.0,0.0,0.0,True,[3],0.0,0.0,0.0,0.026,4.0,0.026,0.026,0.026,0.026,0.026,0.026,"[[-0.026, 0.0], [-0.026, 0.0], [-0.026, 0.0], [-0.026, 0.0], [-0.026, 0.0], [-0.026, 0.0]]",ok,11.6292,0.0,0.0,0.0,0.0,0.0,0.0,0.0,0.0,0.0,6e0fe77bfa0241dda2cba2ca84aa53e0,scene-0554,42
0.026,0.3773,2.2091,0.026,0.1203,0.6316,0.0,0.0,0.0,0.0,0.0,0.0,0.0,0.0,0.0,ok,straight,0.026,0.3773,2.2091,0.026,0.1203,0.6316,False,"[-0.0, -0.0, -0.0, -0.0653, -0.3264]","[-0.013, -136.0173, -27.1239, -210.2598, -56153.8051]","[2.945, 2.939, 2.053, 1.5291, -1056152.8739]","[0.632, 0.489, 0.671, 0.368, 5.408]","[[[-0.026, 0.0], [-0.026, 0.0], [-0.026, 0.0], [-0.026, 0.0], [-0.026, 0.0], [-0.026, 0.0]], [[-0.026, 0.0], [-0.026, 0.0], [-0.026, 0.0], [-0.026, 0.0], [0.8306, 0.0], [-0.026, 0.0]], [[-0.026, 0.0], [0.2595, 0.0], [-0.026, 0.0], [-0.026, 0.0], [-0.026, 0.0], [-0.026, 0.0]], [[-0.026, 0.0], [0.2595, 0.0], [-0.026, 0.0], [-0.026, 0.0], [-0.026, 0.0], [2.5437, -0.1305]], [[-0.026, 0.0], [0.2595, 0.0], [-0.026, 0.0], [-0.026, 0.0], [-0.026, 0.0], [32.8099, 0.6527]]]",1.9502,0.0,0.0,0.0,0.0,0.0,0.0,True,[3],0.0,0.0,0.0,0.3685,5.0,0.2595,0.3773,0.3966,0.1428,0.1787,0.3685,"[[-0.026, 0.0], [-0.026, 0.0], [-0.026, 0.0], [-0.026, 0.0], [-0.026, 0.0], [-0.026, 0.0]]",ok,5.4079,0.0,0.0,0.0,0.0,0.0,0.0,0.0,0.0,0.0,12a42a64274a4453b166d804b625d61f,scene-0555,42
2.1319,5.2073,6.3095,1.5409,2.9318,3.9555,0.0,0.0,0.0,0.0,0.0,0.0,0.0,0.0,0.0,ok,straight,2.1319,4.976,5.7411,1.5409,2.9449,3.9677,False,"[-0.0653, -0.4569, -1.2402, -0.0653, -0.0653, -0.0, -8.2899, -1.0444]","[-41.7487, -1324.5798, -1356.1441, -2944.8946, -5093.6303, -7876.6177, -13795.5836, -78688.4438]","[4.0734, -1001321.5703, -1001353.1346, -1002942.0592, -1005090.7948, -1007873.7822, -1013792.5741, -1078685.6084]","[3.964, 3.903, 4.258, 3.687, 3.78, 6.536, 6.217, 6.499]","[[[2.2582, 0.0], [4.5424, -0.1305], [6.5412, -0.2611], [8.8254, -0.5222], [11.1096, -0.1305], [13.1083, -0.1305]], [[2.2582, 0.0], [4.5424, -0.1305], [6.5412, -0.2611], [8.8254, -0.5222], [10.5386, 1.3055], [14.2505, -0.9138]], [[2.2582, 0.0], [4.5424, -0.1305], [6.5412, -0.2611], [8.8254, -0.5222], [9.1109, 1.0444], [13.6794, 2.4804]], [[2.2582, 0.0], [4.5424, -0.1305], [6.5412, -0.5222], [11.1096, -1.6971], [11.1096, -0.1305], [13.1083, -0.1305]], [[2.2582, 0.0], [4.5424, -0.1305], [6.5412, -0.5222], [11.1096, -1.6971], [14.536, 0.6527], [9.1109, -0.1305]], [[2.2582, 0.0], [4.5424, -0.1305], [6.5412, -0.5222], [11.1096, -1.6971], [9.9675, 0.0], [-2.8813, 0.0]], [[2.2582, 0.0], [4.5424, -0.1305], [6.5412, -0.2611], [8.8254, -0.5222], [9.9675, -0.2611], [9.9675, 16.5798]], [[2.2582, 0.0], [4.5424, -0.1305], [6.5412, -0.5222], [11.1096, -1.6971], [-2.8813, 0.3916], [10.5386, -2.0888]]]",1.2227,0.0,0.0,0.0,0.0,0.0,0.0,False,[3],0.0,0.0,0.0,3.6868,8.0,2.1319,3.2737,6.3095,1.5409,2.5288,3.6868,"[[2.258, 0.0], [4.542, -0.131], [6.541, -0.261], [8.825, -0.522], [10.539, 1.044], [13.679, -0.131]]",ok,6.5365,0.0,0.0,0.0,0.0,0.0,0.0,0.0,0.0,0.0,2878a9ab393f42a2bbb426d8a14690d9,scene-0555,42
4.1219,6.4223,7.0887,3.2213,4.4556,5.21,0.0,0.0,0.0,0.0,0.0,0.0,0.0,0.0,0.0,ok,straight,4.1219,6.4223,7.0887,3.2213,4.8843,5.6385,False,"[-0.0653, -0.0653, -0.1305, -0.2611, -0.3264, -0.0653, -0.3916, -0.1305]","[-28.0011, -522.6375, -934.1127, -279.7183, -2231.2662, -2942.4396, -3102.9954, -16725.052]","[6.016, 5.4354, 4.8166, 4.3494, -1002226.8345, -1002938.4931, -1003098.5637, -1016721.1055]","[5.4, 5.639, 6.638, 5.021, 4.384, 6.781, 4.644, 5.976]","[[[2.8293, 0.0], [5.399, 0.0], [7.6833, 0.0], [10.5386, 0.0], [13.1083, 0.0], [15.107, 0.1305]], [[2.8293, 0.0], [5.399, 0.0], [9.1109, -0.1305], [10.5386, 0.0], [13.1083, 0.0], [15.107, 0.1305]], [[2.8293, 0.0], [5.399, 0.0], [9.1109, -0.1305], [10.5386, 0.0], [14.8215, -0.1305], [19.39, 0.2611]], [[2.8293, 0.0], [5.399, 0.0], [7.6833, 0.0], [10.5386, 0.0], [11.6807, 0.1305], [14.2505, 0.5222]], [[2.8293, 0.0], [5.399, 0.0], [7.6833, 0.0], [10.5386, 0.0], [11.9662, -0.5222], [5.9701, 0.6527]], [[2.8293, 0.0], [5.399, 0.0], [9.1109, -0.1305], [10.5386, 0.0], [16.5347, 0.3916], [18.5334, 0.1305]], [[2.8293, 0.0], [5.399, 0.0], [7.6833, 0.0], [10.5386, 0.0], [9.3964, 0.0], [14.2505, 0.7833]], [[2.8293, 0.0], [5.399, 0.0], [9.1109, -0.1305], [10.5386, 0.0], [18.5334, 0.9138], [11.6807, 0.2611]]]",0.8194,0.0,0.0,0.0,0.0,0.0,0.0,True,[3],0.0,0.0,0.0,4.3841,8.0,4.1219,6.4223,2.1006,3.2213,4.527,4.3841,"[[2.829, 0.0], [5.399, 0.0], [9.111, -0.131], [10.539, 0.0], [13.108, 0.0], [15.107, 0.131]]",ok,6.781,0.0,0.0,0.0,0.0,0.0,0.0,0.0,0.0,0.0,6d6c81c8b0fb4b57b9bf772819a2f5a2,scene-0555,42
0.9578,1.766,2.1687,0.4999,0.7657,1.2031,0.0,0.0,0.0,0.0,0.0,0.0,0.0,0.0,0.0,ok,straight,0.3872,1.766,2.4532,0.459,0.7453,1.2369,False,"[-0.0, -0.0, -0.1305, -0.3916, -0.5875, -0.4569, -3.3943, -1.6319]","[-144.3423, -241.4874, -314.5292, -162.6862, -409.399, -2472.4248, -4544.7153, -4931.7588]","[3.6192, 3.5686, 3.4108, 3.2497, -1000407.321, -1002470.3468, -1004542.6374, -1004929.6809]","[1.237, 1.251, 1.334, 1.55, 1.196, 2.67, 2.322, 1.38]","[[[4.2569, 0.0], [7.3977, 0.0], [11.1096, 0.0], [14.2505, 0.0], [18.2479, -0.1305], [21.6742, 0.0]], [[3.6858, 0.0], [6.8267, 0.0], [11.1096, 0.0], [14.2505, 0.0], [18.2479, -0.1305], [21.6742, 0.0]], [[4.2569, 0.0], [7.3977, 0.0], [11.1096, 0.0], [14.2505, 0.0], [18.5334, 0.0], [20.8176, 0.2611]], [[3.6858, 0.0], [6.8267, 0.0], [11.1096, 0.0], [14.2505, 0.0], [17.3913, -0.2611], [20.8176, -0.7833]], [[4.2569, 0.0], [7.3977, 0.0], [11.1096, 0.0], [14.2505, 0.0], [17.3913, 0.1305], [23.3874, -1.1749]], [[4.2569, 0.0], [7.3977, 0.0], [11.1096, 0.0], [14.2505, 0.0], [17.6768, 0.0], [13.6794, -0.9138]], [[3.6858, 0.0], [6.8267, 0.0], [11.1096, 0.0], [14.2505, 0.0], [16.5347, -0.3916], [26.5282, -6.7886]], [[3.6858, 0.0], [6.8267, 0.0], [11.1096, 0.0], [14.2505, 0.0], [21.6742, -1.3055], [23.9585, 3.2637]]]",0.5247,0.0,0.0,0.0,0.0,0.0,0.0,True,[3],0.0,0.0,0.0,1.1962,8.0,0.3872,1.766,1.3469,0.459,0.7453,1.1962,"[[4.257, 0.0], [7.398, 0.0], [11.11, 0.0], [14.25, 0.0], [18.248, -0.131], [21.674, 0.0]]",ok,2.6704,0.0,0.0,0.0,0.0,0.0,0.0,0.0,0.0,0.0,af40bcc10a22486a9371836ac8b87a3c,scene-0555,42
4.836,8.9859,14.2504,3.6123,5.8495,8.2291,0.0,0.0,0.0,0.0,0.0,0.0,0.0,0.0,0.0,ok,straight,4.836,8.9859,14.2504,3.6123,5.8495,8.2291,False,"[-0.1305, -0.1305, -0.1305, -0.0653, -0.8486, -0.718, -1.3708, -0.1958]","[-77.1081, -256.0405, -453.3711, -610.599, -733.5062, -1004.2033, -1230.4211, -1648.5117]","[4.7046, 4.3382, 3.9327, 3.7568, 1.7533, -1001001.5925, -1001227.8116, -1001645.9022]","[8.229, 9.085, 8.229, 8.223, 8.658, 8.138, 9.092, 8.899]","[[[3.6858, 0.0], [7.3977, 0.0], [11.1096, -0.1305], [14.2505, -0.1305], [18.2479, -0.1305], [21.6742, -0.2611]], [[3.6858, 0.0], [7.3977, 0.0], [11.1096, -0.1305], [14.2505, -0.1305], [19.6755, -0.2611], [25.3861, -0.2611]], [[4.2569, 0.0], [6.8267, 0.0], [11.1096, -0.1305], [14.2505, -0.1305], [18.2479, -0.1305], [21.6742, -0.2611]], [[4.2569, 0.0], [6.8267, 0.0], [11.1096, -0.1305], [14.2505, -0.1305], [18.5334, 0.3916], [21.3887, -0.1305]], [[3.6858, 0.0], [7.3977, 0.0], [11.1096, -0.1305], [14.2505, -0.1305], [19.6755, -1.1749], [22.5308, -1.6971]], [[3.6858, 0.0], [7.3977, 0.0], [11.1096, -0.1305], [14.2505, -0.1305], [18.8189, -0.9138], [20.5321, 1.436]], [[4.2569, 0.0], [6.8267, 0.0], [11.1096, -0.1305], [14.2505, -0.1305], [18.2479, -2.0888], [26.2427, -2.7415]], [[4.2569, 0.0], [6.8267, 0.0], [11.1096, -0.1305], [14.2505, -0.1305], [19.1045, 1.8277], [24.8151, -0.3916]]]",0.3861,0.0,0.0,0.0,0.0,0.0,0.0,True,[3],0.0,0.0,0.0,8.1384,8.0,4.836,8.9859,13.0597,3.6123,5.8495,8.1384,"[[3.686, 0.0], [7.398, 0.0], [11.11, -0.131], [14.25, -0.131], [18.248, -0.131], [21.674, -0.261]]",ok,9.0923,0.0,0.0,0.0,0.0,0.0,0.0,0.0,0.0,0.0,17e6f41d3b1f40d4bc85412fe8b67688,scene-0556,42
1.405,4.8965,11.1646,1.1048,2.5207,4.765,0.0,0.0,0.0,0.0,0.0,0.0,0.0,0.0,0.0,ok,left,1.405,4.8965,11.1646,1.1048,2.5476,4.783,False,"[-3.5901, -3.5901, -3.7207, -3.329, -3.1332, -0.718, -2.6763, -4.8303]","[-412.9296, -1848.6025, -2463.8558, -2920.4547, -5124.3221, -7643.4841, -10265.9912, -160204.6234]","[0.5773, -1001848.0925, -1002463.3768, -1002919.9758, -1005123.8432, -1007642.9741, -1010265.4812, -1160204.1134]","[4.783, 4.993, 4.514, 5.077, 4.285, 5.079, 5.398, 6.593]","[[[1.9727, -0.2611], [3.6858, -0.7833], [5.9701, -1.8277], [6.8267, -3.1332], [9.1109, -4.5692], [9.9675, -7.1802]], [[1.9727, -0.2611], [3.6858, -0.7833], [5.6846, -2.7415], [9.3964, -2.8721], [9.1109, -4.5692], [9.9675, -7.1802]], [[1.9727, -0.2611], [3.6858, -0.7833], [5.9701, -1.8277], [6.8267, -3.1332], [9.9675, -2.611], [11.1096, -7.4413]], [[1.9727, -0.2611], [3.6858, -0.7833], [5.9701, -1.8277], [6.8267, -3.1332], [13.1083, -4.4387], [16.2492, -6.658]], [[1.9727, -0.2611], [3.6858, -0.7833], [5.9701, -1.8277], [6.8267, -3.1332], [7.9688, -1.436], [15.6781, -6.2664]], [[1.9727, -0.2611], [3.6858, -0.7833], [5.6846, -2.7415], [9.3964, -2.8721], [5.6846, -5.7442], [2.5437, -1.436]], [[1.9727, -0.2611], [3.6858, -0.7833], [5.6846, -2.7415], [9.3964, -2.8721], [9.1109, -8.8774], [11.1096, -5.3525]], [[1.9727, -0.2611], [3.6858, -0.7833], [5.6846, -2.7415], [9.3964, -2.8721], [10.8241, 16.5798], [14.8215, -9.6607]]]",0.6556,0.0,0.0,0.0,0.0,0.0,0.0,True,[3],0.0,0.0,0.0,4.285,8.0,1.405,4.8965,11.248,1.1048,2.5476,4.285,"[[1.973, -0.261], [3.686, -0.783], [5.97, -1.828], [6.827, -3.133], [9.111, -4.569], [9.968, -7.18]]",ok,6.5934,0.0,0.0,0.0,0.0,0.0,0.0,0.0,0.0,0.0,5b790dd0fb6e4545bc7f3273aa178d4c,scene-0556,42
2.6602,4.1024,7.0277,2.0943,3.0688,4.2883,0.0,0.0,0.0,0.0,0.0,0.0,0.0,0.0,0.0,ok,straight,2.6602,5.2439,7.0277,2.0943,3.2828,4.4785,False,"[-0.0653, -0.0653, -0.0653, -0.1305, -0.0, -0.0653, -0.1305, -0.0653]","[-29.1711, -58.2905, -375.3894, -420.0335, -1539.278, -3265.4069, -6868.301, -21751.0109]","[2.7709, 2.7602, 2.7211, 1.04, -1001537.3349, -1003263.4573, -1006866.3513, -1021749.0678]","[4.479, 4.288, 3.387, 3.419, 4.286, 3.478, 4.045, 5.945]","[[[1.1161, 0.0], [2.5437, 0.0], [3.9714, 0.0], [4.828, 0.0], [5.6846, -0.1305], [7.3977, -0.1305]], [[1.9727, 0.0], [2.8293, 0.0], [3.9714, 0.0], [4.828, 0.0], [5.6846, -0.1305], [7.3977, -0.1305]], [[1.1161, 0.0], [2.5437, 0.0], [3.9714, 0.0], [4.828, 0.0], [8.2543, -0.1305], [11.3952, -0.1305]], [[1.9727, 0.0], [2.8293, 0.0], [3.9714, 0.0], [4.828, 0.0], [7.3977, -1.1749], [11.1096, -0.2611]], [[1.9727, 0.0], [2.8293, 0.0], [3.9714, 0.0], [4.828, 0.0], [7.6833, 0.0], [5.399, 0.0]], [[1.1161, 0.0], [2.5437, 0.0], [3.9714, 0.0], [4.828, 0.0], [9.9675, 0.0], [9.1109, 0.1305]], [[1.1161, 0.0], [2.5437, 0.0], [3.9714, 0.0], [4.828, 0.0], [5.6846, 0.0], [18.8189, -0.2611]], [[1.9727, 0.0], [2.8293, 0.0], [3.9714, 0.0], [4.828, 0.0], [9.1109, 0.0], [34.8086, -0.1305]]]",0.7862,0.0,0.0,0.0,0.0,0.0,0.0,True,[3],0.0,0.0,0.0,3.3872,8.0,2.6602,5.2439,3.0442,2.0943,3.2828,3.3872,"[[1.116, 0.0], [2.544, 0.0], [3.971, 0.0], [4.828, 0.0], [5.685, -0.131], [7.398, -0.131]]",ok,5.9451,0.0,0.0,0.0,0.0,0.0,0.0,0.0,0.0,0.0,8d67c4024af6470faada45dc41ba9a16,scene-0556,42
0.3574,0.5823,1.139,0.3059,0.4095,0.5982,0.0,0.0,0.0,0.0,0.0,0.0,0.0,0.0,0.0,ok,straight,0.3574,0.5823,0.2905,0.3059,0.4095,0.3617,True,"[-0.0, -0.0, -0.0, -0.0, -0.0, -0.0, -0.0, -0.0]","[-0.013, -7.8396, -72.7669, -90.8895, -370.0406, -526.92, -654.3486, -266727.5799]","[3.2277, 3.2276, 3.2268, 3.2266, 3.2234, 3.2216, 3.2202, -1266724.733]","[0.598, 0.362, 0.662, 0.706, 0.542, 0.496, 0.732, 11.83]","[[[-0.026, 0.0], [-0.026, 0.0], [-0.026, 0.0], [-0.026, 0.0], [-0.026, 0.0], [-0.026, 0.0]], [[-0.026, 0.0], [-0.026, 0.0], [-0.026, 0.0], [-0.026, 0.0], [0.545, 0.0], [1.4016, 0.0]], [[-0.026, 0.0], [-0.026, 0.0], [-0.026, 0.0], [-0.026, 0.0], [1.4016, 0.0], [2.8293, 0.0]], [[-0.026, 0.0], [0.2595, 0.0], [1.1161, 0.0], [1.9727, 0.0], [2.5437, -0.1305], [1.1161, 0.0]], [[-0.026, 0.0], [0.2595, 0.0], [1.1161, 0.0], [1.9727, 0.0], [0.545, 0.0], [0.545, 0.0]], [[-0.026, 0.0], [0.2595, 0.0], [1.1161, 0.0], [1.9727, 0.0], [0.545, 0.0], [1.4016, 0.0]], [[-0.026, 0.0], [0.2595, 0.0], [1.1161, 0.0], [1.9727, 0.0], [-0.026, 0.0], [-0.026, 0.0]], [[-0.026, 0.0], [-0.026, 0.0], [-0.026, 0.0], [-0.026, 0.0], [-0.026, 0.0], [69.6432, 0.0]]]",3.7205,0.0,0.0,0.0,0.0,0.0,0.0,True,[3],0.0,0.0,0.0,0.3617,8.0,0.3574,0.5823,0.2905,0.3059,0.4095,0.3617,"[[-0.026, 0.0], [-0.026, 0.0], [-0.026, 0.0], [-0.026, 0.0], [0.545, 0.0], [1.402, 0.0]]",ok,11.8301,0.0,1.0,1.0,0.0,1.0,1.0,0.0,0.5,0.6666666666666666,c5b0f0c5ed114827be185c8dd3b8e3d5,scene-0556,42
2.8432,5.7378,7.2008,2.2562,3.6463,4.6197,0.0,0.0,0.0,0.0,0.0,0.0,0.0,0.0,0.0,ok,right,3.1287,5.7378,7.2008,2.5417,3.8603,4.7624,False,"[1.2402, 1.2402, 0.2611, 3.1985, 0.5875, 2.1541, 1.6319, -8.2899]","[-125.3315, -137.9525, -356.039, -1421.9467, -2292.5318, -7230.478, -19313.2208, -50990.8652]","[1.6881, 1.6872, -1000355.2568, -1001421.1645, -1002291.7497, -1007229.6959, -1019312.4386, -1050990.083]","[4.762, 4.667, 5.479, 5.934, 5.697, 6.347, 4.986, 9.263]","[[[3.4003, -0.1305], [6.2556, -0.2611], [9.3964, -0.7833], [12.2517, -1.5666], [14.2505, -2.4804], [17.3913, -2.4804]], [[3.1148, -0.1305], [5.9701, -0.2611], [9.3964, -0.7833], [12.2517, -1.5666], [14.2505, -2.4804], [17.3913, -2.4804]], [[3.4003, -0.1305], [6.2556, -0.2611], [9.3964, -0.7833], [12.2517, -1.5666], [15.107, -1.8277], [20.8176, -0.5222]], [[3.4003, -0.1305], [6.2556, -0.2611], [9.3964, -0.7833], [12.2517, -1.5666], [16.8202, -1.436], [21.1032, -6.3969]], [[3.1148, -0.1305], [5.9701, -0.2611], [9.3964, -0.7833], [12.2517, -1.5666], [16.2492, -4.4387], [21.1032, -1.1749]], [[3.1148, -0.1305], [5.9701, -0.2611], [9.3964, -0.7833], [12.2517, -1.5666], [13.9649, -2.0888], [27.6704, -4.3081]], [[3.1148, -0.1305], [5.9701, -0.2611], [9.3964, -0.7833], [12.2517, -1.5666], [9.3964, -2.2193], [23.9585, -3.2637]], [[3.4003, -0.1305], [6.2556, -0.2611], [9.3964, -0.7833], [12.2517, -1.5666], [15.107, 16.5798], [19.6755, 16.5798]]]",1.3866,0.0,0.0,0.0,0.0,0.0,0.0,True,[3],0.0,0.0,0.0,4.6672,8.0,2.8432,5.7378,7.2008,2.2562,3.7176,4.6672,"[[3.4, -0.131], [6.256, -0.261], [9.396, -0.783], [12.252, -1.567], [14.25, -2.48], [17.391, -2.48]]",ok,9.2633,0.0,0.0,0.0,0.0,0.0,0.0,0.0,0.0,0.0,6cb74a87748b4fab82ad1b0869b27e01,scene-0557,42
1.8432,2.9313,4.1783,1.2049,1.8633,2.4998,0.0,0.0,0.0,0.0,0.0,0.0,0.0,0.0,0.0,ok,straight,1.8432,3.2149,4.1783,1.2049,1.9342,2.5471,False,"[-0.0, -0.0, -0.4569, -0.1305, -0.1305, -0.8486, -1.1749, -0.9138]","[-156.7622, -1059.0152, -704.4821, -1294.1697, -2148.903, -2532.7093, -2566.4138, -937819.8235]","[4.8148, 4.3987, -1000701.1018, -1001290.7894, -1002145.5227, -1002529.7422, -1002563.4467, -1937816.8565]","[2.547, 3.351, 3.255, 2.216, 1.498, 3.656, 3.785, 12.611]","[[[3.1148, 0.0], [6.5412, 0.0], [9.1109, 0.0], [12.5373, 0.0], [15.107, 0.0], [18.2479, 0.0]], [[3.1148, 0.0], [6.5412, 0.0], [11.6807, -0.1305], [14.8215, -0.1305], [15.107, 0.0], [18.2479, 0.0]], [[3.1148, 0.0], [6.5412, 0.0], [9.1109, 0.0], [12.5373, 0.0], [15.3926, 0.7833], [21.9598, 0.9138]], [[3.1148, 0.0], [6.5412, 0.0], [9.1109, 0.0], [12.5373, 0.0], [11.3952, 0.6527], [9.682, 0.2611]], [[3.1148, 0.0], [6.5412, 0.0], [9.1109, 0.0], [12.5373, 0.0], [11.6807, 0.6527], [14.2505, -0.2611]], [[3.1148, 0.0], [6.5412, 0.0], [11.6807, -0.1305], [14.8215, -0.1305], [18.5334, 1.0444], [15.3926, 1.6971]], [[3.1148, 0.0], [6.5412, 0.0], [11.6807, -0.1305], [14.8215, -0.1305], [15.107, 0.2611], [20.5321, -2.3499]], [[3.1148, 0.0], [6.5412, 0.0], [11.6807, -0.1305], [14.8215, -0.1305], [69.6432, -0.1305], [19.1045, -1.8277]]]",3.2927,0.0,0.0,0.0,0.0,0.0,0.0,True,[3],0.0,0.0,0.0,1.4976,8.0,1.8432,3.2149,0.2021,1.2049,1.9342,1.4976,"[[3.115, 0.0], [6.541, 0.0], [9.111, 0.0], [12.537, 0.0], [15.107, 0.0], [18.248, 0.0]]",ok,12.6107,0.0,0.0,0.0,0.0,0.0,0.0,0.0,0.0,0.0,6cc682bbd4544c4ea5281c9d87b9c4f6,scene-0557,42
0.8632,3.0083,5.5908,0.506,1.423,2.6214,0.0,0.0,0.0,0.0,0.0,0.0,0.0,0.0,0.0,ok,straight,0.8632,4.1977,6.1653,0.506,2.1507,3.2021,False,"[-0.1305, -0.1305, -0.3264, -0.6527, -0.8486, -0.1305, -0.0653, -0.4569]","[-16.1513, -459.6235, -553.2817, -405.1983, -1467.3548, -2613.1179, -6265.8178, -7915.5174]","[4.0826, 3.7972, 3.0349, -1000402.7763, -1001465.0604, -1002610.696, -1006263.3958, -1007913.2229]","[2.717, 3.202, 3.729, 2.883, 3.619, 2.009, 1.711, 2.924]","[[[1.1161, 0.0], [2.5437, 0.0], [3.6858, 0.0], [5.1135, 0.0], [6.5412, 0.0], [8.2543, -0.2611]], [[1.1161, 0.0], [2.5437, 0.0], [5.399, -0.2611], [6.2556, -0.6527], [6.5412, 0.0], [8.2543, -0.2611]], [[1.1161, 0.0], [2.5437, 0.0], [5.399, -0.2611], [6.2556, -0.6527], [8.2543, -0.1305], [9.682, -0.6527]], [[1.1161, 0.0], [2.5437, 0.0], [3.6858, 0.0], [5.1135, 0.0], [6.2556, 0.5222], [9.3964, -1.3055]], [[1.1161, 0.0], [2.5437, 0.0], [5.399, -0.2611], [6.2556, -0.6527], [8.8254, 0.1305], [8.2543, -1.6971]], [[1.1161, 0.0], [2.5437, 0.0], [3.6858, 0.0], [5.1135, 0.0], [7.6833, 0.1305], [2.8293, -0.2611]], [[1.1161, 0.0], [2.5437, 0.0], [3.6858, 0.0], [5.1135, 0.0], [1.1161, 0.0], [5.6846, -0.1305]], [[1.1161, 0.0], [2.5437, 0.0], [5.399, -0.2611], [6.2556, -0.6527], [2.8293, 0.0], [10.253, -0.9138]]]",0.6632,0.0,0.0,0.0,0.0,0.0,0.0,True,[3],0.0,0.0,0.0,1.7109,8.0,0.8632,3.0083,3.5926,0.506,1.423,1.7109,"[[1.116, 0.0], [2.544, 0.0], [5.399, -0.261], [6.256, -0.653], [6.541, 0.0], [8.254, -0.261]]",ok,3.7293,0.0,0.0,0.0,0.0,0.0,0.0,0.0,0.0,0.0,9dbec65c6bcf465dab62ea2c4a55ad61,scene-0557,42
1.6871,2.5437,5.1135,1.2588,1.9013,2.6865,0.0,0.0,0.0,0.0,0.0,0.0,0.0,0.0,0.0,ok,straight,1.6871,2.5437,5.1135,1.2588,1.9013,2.7341,False,"[-0.0, -0.0, -0.0653, -0.1305, -0.0, -0.0653, -0.4569, -0.0653]","[-94.1933, -469.9516, -1510.1499, -1832.7188, -2869.3746, -3404.5193, -44783.1293, -988332.478]","[4.0446, 4.043, -1001507.195, -1001829.7639, -1002866.4202, -1003401.5648, -1044780.1744, -1988329.5235]","[2.734, 2.925, 2.163, 3.306, 2.736, 3.163, 9.753, 12.3]","[[[0.8306, 0.0], [1.6871, 0.0], [2.5437, 0.0], [2.5437, 0.0], [3.6858, 0.0], [5.1135, 0.0]], [[0.8306, 0.0], [1.6871, 0.0], [3.4003, 0.1305], [2.8293, 0.0], [3.6858, 0.0], [5.1135, 0.0]], [[0.8306, 0.0], [1.6871, 0.0], [2.5437, 0.0], [2.5437, 0.0], [0.8306, 0.0], [4.5424, -0.1305]], [[0.8306, 0.0], [1.6871, 0.0], [2.5437, 0.0], [2.5437, 0.0], [6.2556, 0.0], [5.9701, -0.2611]], [[0.8306, 0.0], [1.6871, 0.0], [3.4003, 0.1305], [2.8293, 0.0], [5.399, 0.2611], [2.2582, 0.0]], [[0.8306, 0.0], [1.6871, 0.0], [3.4003, 0.1305], [2.8293, 0.0], [6.2556, 0.0], [3.9714, 0.1305]], [[0.8306, 0.0], [1.6871, 0.0], [2.5437, 0.0], [2.5437, 0.0], [22.2453, -2.3499], [28.5269, 0.9138]], [[0.8306, 0.0], [1.6871, 0.0], [3.4003, 0.1305], [2.8293, 0.0], [57.9365, -0.1305], [7.1122, 0.1305]]]",3.6164,0.0,0.0,0.0,0.0,0.0,0.0,True,[3],0.0,0.0,0.0,2.1633,8.0,1.6871,2.5437,4.5442,1.2588,1.9013,2.1633,"[[0.831, 0.0], [1.687, 0.0], [2.544, 0.0], [2.544, 0.0], [3.686, 0.0], [5.113, 0.0]]",ok,12.3,0.0,0.0,0.0,0.0,0.0,0.0,0.0,0.0,0.0,e1dac16e721643a4823deb6e0ebe5394,scene-0557,42
4.9744,10.0573,16.3895,3.8571,6.5131,9.139,0.0,0.0,0.0,0.0,0.0,0.0,0.0,0.0,0.0,ok,straight,4.9744,10.0573,16.4064,3.8571,6.5131,9.1418,False,"[-0.1305, -0.3916, -0.8486, -0.3264, -0.1305, -0.0, -0.1305, -0.7833]","[-268.1281, -6643.435, -30654.0197, -61424.6975, -4169.2674, -5237.2029, -6266.9716, -136615.0828]","[3.661, -1006641.1935, -1030651.7782, -1061422.456, -2004814.4699, -2005882.4054, -2006912.1741, -2137260.2853]","[9.139, 8.984, 10.724, 12.001, 9.122, 8.504, 9.192, 10.196]","[[[2.8293, 0.0], [5.1135, -0.1305], [8.5399, -0.1305], [10.5386, -0.1305], [13.1083, -0.1305], [17.3913, -0.2611]], [[2.8293, 0.0], [5.1135, -0.1305], [8.5399, -0.1305], [10.5386, -0.1305], [10.8241, 3.1332], [18.2479, -0.7833]], [[2.8293, 0.0], [5.1135, -0.1305], [8.5399, -0.1305], [10.5386, -0.1305], [23.1019, -0.1305], [16.8202, -1.6971]], [[2.8293, 0.0], [5.1135, -0.1305], [8.5399, -0.1305], [10.5386, -0.1305], [27.9559, 1.3055], [19.6755, -0.6527]], [[2.8293, 0.0], [5.1135, -0.1305], [7.9688, -0.1305], [10.5386, -3.1332], [13.1083, -0.1305], [17.3913, -0.2611]], [[2.8293, 0.0], [5.1135, -0.1305], [7.9688, -0.1305], [10.5386, -3.1332], [14.2505, -0.2611], [12.5373, 0.0]], [[2.8293, 0.0], [5.1135, -0.1305], [7.9688, -0.1305], [10.5386, -3.1332], [16.5347, -2.0888], [14.2505, -0.2611]], [[2.8293, 0.0], [5.1135, -0.1305], [7.9688, -0.1305], [10.5386, -3.1332], [14.536, 16.5798], [14.536, -1.5666]]]",1.0858,0.0,0.0,0.0,0.0,0.0,0.0,True,[3],0.0,0.0,0.0,8.5036,8.0,4.9744,10.5266,11.5352,3.8571,6.4877,8.5036,"[[2.829, 0.0], [5.113, -0.131], [8.54, -0.131], [10.539, -0.131], [13.108, -0.131], [17.391, -0.783]]",ok,12.0013,0.0,0.0,0.0,0.0,0.0,0.0,0.0,0.0,0.0,b4b5e858cd9d4cf9bdb01098ea7d3c45,scene-0558,42
1.839,5.9307,12.2006,1.3252,2.8342,5.2621,0.0,0.0,0.0,0.0,0.0,0.0,0.0,0.0,0.0,ok,right,0.6732,5.9307,12.0291,0.5846,2.6337,4.8886,True,"[6.1358, -3.3943, -3.4596, 8.2899, -8.2899, -3.3943, -8.2899, 2.4804]","[-17070.7939, -29838.9097, -133971.4171, -242227.3426, -8386.8728, -10501.2981, -24009.7108, -164115.8351]","[-1017069.2386, -1029837.3544, -1133969.8618, -1242225.7874, -2011560.4001, -2013674.8254, -2027183.2381, -2167289.3623]","[4.128, 4.494, 6.126, 10.072, 6.505, 4.427, 6.331, 5.438]","[[[1.6871, -0.1305], [3.1148, -0.2611], [5.9701, 1.6971], [8.5399, 3.0026], [10.253, -8.6163], [9.1109, -12.2717]], [[1.6871, -0.1305], [3.1148, -0.2611], [5.9701, 1.6971], [8.5399, 3.0026], [10.5386, -4.9609], [11.1096, 6.7886]], [[1.6871, -0.1305], [3.1148, -0.2611], [5.9701, 1.6971], [8.5399, 3.0026], [13.3939, -15.1438], [11.9662, 6.9191]], [[1.6871, -0.1305], [3.1148, -0.2611], [5.9701, 1.6971], [8.5399, 3.0026], [39.3771, 0.9138], [19.6755, -16.5798]], [[1.9727, 0.7833], [6.2556, 0.5222], [6.2556, -0.3916], [7.1122, -3.5248], [8.8254, 3.3943], [12.8228, 16.5798]], [[1.9727, 0.7833], [6.2556, 0.5222], [6.2556, -0.3916], [7.1122, -3.5248], [10.5386, -4.9609], [11.1096, 6.7886]], [[1.9727, 0.7833], [6.2556, 0.5222], [6.2556, -0.3916], [7.1122, -3.5248], [3.4003, 1.3055], [14.536, 16.5798]], [[1.9727, 0.7833], [6.2556, 0.5222], [6.2556, -0.3916], [7.1122, -3.5248], [11.6807, 16.5798], [5.6846, -4.9609]]]",1.7851,0.0,0.0,0.0,0.0,0.0,0.0,False,[3],0.0,0.0,0.0,4.1276,8.0,0.6732,5.9307,7.6292,0.5846,2.6337,4.1276,"[[1.687, -0.131], [3.115, -0.261], [5.97, 1.697], [8.54, 3.003], [10.539, -8.616], [11.11, 6.789]]",ok,10.0715,0.0,0.0,0.0,0.0,0.0,0.0,0.0,0.0,0.0,85e6fee037794599bfd43c4faeada38a,scene-0558,42
2.0718,3.7722,5.9065,1.3242,2.3052,3.3477,0.0,0.0,0.0,0.0,0.0,0.0,0.0,0.0,0.0,ok,straight,2.0718,3.7722,7.3337,1.3242,2.3052,3.5856,False,"[-0.0653, -0.0653, -0.0653, -0.0653, -0.0653, -0.1958, -0.0653, -8.2899]","[-22.4561, -191.2277, -1936.1414, -2635.6251, -3310.852, -5046.5612, -27226.2455, -28730.1395]","[3.7168, 3.7019, -1001934.81, -1002633.0571, -1003309.5206, -1005045.2298, -1027223.6775, -1028728.808]","[3.49, 3.733, 5.632, 4.11, 4.728, 5.204, 4.378, 7.152]","[[[3.1148, 0.0], [6.5412, 0.0], [9.3964, -0.1305], [12.2517, -0.1305], [15.107, -0.1305], [18.2479, -0.1305]], [[3.1148, 0.0], [6.5412, 0.0], [9.3964, -0.1305], [12.2517, -0.1305], [15.107, -0.7833], [19.6755, -0.1305]], [[3.1148, 0.0], [8.5399, 0.0], [11.3952, -0.1305], [15.6781, -0.1305], [19.9611, 0.0], [18.8189, -0.1305]], [[3.1148, 0.0], [6.5412, 0.0], [9.3964, -0.1305], [12.2517, -0.1305], [13.9649, -0.2611], [23.1019, 0.1305]], [[3.1148, 0.0], [8.5399, 0.0], [11.3952, -0.1305], [15.6781, -0.1305], [15.107, -0.1305], [18.2479, -0.1305]], [[3.1148, 0.0], [8.5399, 0.0], [11.3952, -0.1305], [15.6781, -0.1305], [15.107, 0.0], [21.1032, -0.3916]], [[3.1148, 0.0], [6.5412, 0.0], [9.3964, -0.1305], [12.2517, -0.1305], [18.8189, -0.1305], [3.1148, -0.1305]], [[3.1148, 0.0], [8.5399, 0.0], [11.3952, -0.1305], [15.6781, -0.1305], [14.2505, -0.3916], [-2.8813, 16.5798]]]",1.1124,0.0,0.0,0.0,0.0,0.0,0.0,True,[3],0.0,0.0,0.0,3.4905,8.0,2.0718,3.7722,6.7628,1.3242,2.3052,3.4905,"[[3.115, 0.0], [6.541, 0.0], [9.396, -0.131], [12.252, -0.131], [15.107, -0.131], [18.819, -0.131]]",ok,7.1516,0.0,0.0,0.0,0.0,0.0,0.0,0.0,0.0,0.0,6b47ac2dd28b4501ac292a19644cdd59,scene-0558,42
0.2088,0.2006,0.2008,0.207,0.2039,0.2029,0.0,0.0,0.0,0.0,0.0,0.0,0.0,0.0,0.0,ok,straight,0.2088,0.0849,0.2008,0.4301,0.2866,0.258,False,"[-0.0, -0.0, -0.0, -0.0653, -1.8277, -2.0235, -0.0653, -0.1305]","[-0.013, -151.3636, -186.5497, -139.9986, -2446.156, -13158.8355, -21627.5672, -32320.2985]","[3.5763, 3.563, 3.5599, 3.4841, -1002443.9624, -1013156.6419, -1021625.3736, -1032318.1052]","[0.203, 0.258, 0.457, 0.702, 1.632, 2.751, 2.361, 7.345]","[[[-0.026, 0.0], [-0.026, 0.0], [-0.026, 0.0], [-0.026, 0.0], [-0.026, 0.0], [-0.026, 0.0]], [[0.8306, 0.0], [-0.026, 0.0], [-0.026, 0.0], [0.2595, 0.0], [-0.026, 0.0], [-0.026, 0.0]], [[0.8306, 0.0], [-0.026, 0.0], [-0.026, 0.0], [0.2595, 0.0], [0.2595, 0.0], [1.6871, 0.0]], [[0.8306, 0.0], [-0.026, 0.0], [-0.026, 0.0], [0.2595, 0.0], [1.1161, -0.2611], [2.2582, -0.1305]], [[-0.026, 0.0], [-0.026, 0.0], [-0.026, 0.0], [-0.026, 0.0], [0.545, 0.0], [7.9688, -3.6554]], [[-0.026, 0.0], [-0.026, 0.0], [-0.026, 0.0], [-0.026, 0.0], [8.5399, 2.0888], [5.9701, 4.047]], [[-0.026, 0.0], [-0.026, 0.0], [-0.026, 0.0], [-0.026, 0.0], [9.682, -0.9138], [3.9714, -0.1305]], [[0.8306, 0.0], [-0.026, 0.0], [-0.026, 0.0], [0.2595, 0.0], [5.9701, -1.5666], [37.0928, -0.2611]]]",2.2281,0.0,0.0,0.0,0.0,0.0,0.0,True,[3],0.0,0.0,0.0,0.2029,8.0,0.2088,0.2006,0.2008,0.207,0.2039,0.2029,"[[0.831, 0.0], [-0.026, 0.0], [-0.026, 0.0], [0.259, 0.0], [-0.026, 0.0], [-0.026, 0.0]]",ok,7.3447,1.0,1.0,1.0,1.0,1.0,1.0,0.5,0.75,0.8333333333333334,05687786492a4b50874d7cd1057ec338,scene-0558,42
0.8365,0.8716,1.5808,0.5518,0.5901,0.6865,0.0,0.0,0.0,0.0,0.0,0.0,0.0,0.0,0.0,ok,straight,0.5983,0.3045,1.5808,0.3233,0.43,0.5798,True,"[-0.0, -0.0653, -0.0653, -0.0653, -0.1305, -0.2611, -0.1305, -0.1305]","[-463.2458, -30.1414, -379.3023, -203.6618, -2964.1899, -3023.1139, -4980.2461, -324405.833]","[4.3206, 3.4276, 3.4244, 3.4229, -1002961.7186, -1003020.6426, -1004977.7779, -1324403.3647]","[0.558, 0.58, 1.248, 0.61, 0.901, 1.095, 0.977, 5.738]","[[[3.9714, 0.0], [8.2543, 0.0], [11.1096, 0.0], [14.2505, 0.0], [19.1045, -0.1305], [21.6742, 0.0]], [[3.9714, 0.0], [8.2543, 0.0], [12.2517, -0.1305], [15.3926, 0.0], [18.2479, -0.1305], [20.8176, -0.1305]], [[3.9714, 0.0], [8.2543, 0.0], [12.2517, -0.1305], [15.3926, 0.0], [16.2492, 0.1305], [18.8189, -0.1305]], [[3.9714, 0.0], [8.2543, 0.0], [11.1096, 0.0], [14.2505, 0.0], [18.2479, -0.1305], [20.8176, -0.1305]], [[3.9714, 0.0], [8.2543, 0.0], [12.2517, -0.1305], [15.3926, 0.0], [21.9598, -0.2611], [22.2453, -0.2611]], [[3.9714, 0.0], [8.2543, 0.0], [12.2517, -0.1305], [15.3926, 0.0], [21.3887, 0.0], [20.5321, -0.5222]], [[3.9714, 0.0], [8.2543, 0.0], [11.1096, 0.0], [14.2505, 0.0], [22.2453, -0.1305], [22.5308, -0.2611]], [[3.9714, 0.0], [8.2543, 0.0], [11.1096, 0.0], [14.2505, 0.0], [48.2285, 0.1305], [19.6755, -0.2611]]]",1.6331,0.0,0.0,0.0,0.0,0.0,0.0,True,[3],0.0,0.0,0.0,0.5581,8.0,0.5983,0.8716,0.7623,0.3233,0.4758,0.5581,"[[3.971, 0.0], [8.254, 0.0], [12.252, -0.131], [15.393, 0.0], [18.248, -0.131], [20.818, -0.131]]",ok,5.7382,0.0,0.0,0.0,0.0,0.0,0.0,0.0,0.0,0.0,029af235f15d4f6f80713b778edc3c61,scene-0559,42
0.5156,2.0168,3.9268,0.5103,1.2039,2.0002,0.0,0.0,0.0,0.0,0.0,0.0,0.0,0.0,0.0,ok,straight,0.8001,2.0166,3.6464,0.5103,1.2038,1.9535,True,"[-0.0, -0.0653, -1.0444, -0.0, -0.2611, -0.1305, -0.1958, -0.1305]","[-128.2943, -985.759, -1793.0073, -1915.9612, -2721.9383, -3443.6436, -10172.6365, -76122.4667]","[3.1918, -1000983.7763, -1001791.0241, -1001913.9785, -1002719.9556, -1003441.6604, -1010170.6539, -1076120.4834]","[1.953, 2.129, 1.988, 1.555, 2.322, 3.38, 1.975, 10.756]","[[[3.4003, 0.0], [7.1122, 0.0], [11.1096, 0.0], [14.2505, -0.1305], [18.2479, 0.0], [21.3887, 0.0]], [[3.4003, 0.0], [7.1122, 0.0], [10.5386, 0.0], [12.2517, 0.1305], [17.9623, 0.2611], [25.1006, 0.1305]], [[3.4003, 0.0], [7.1122, 0.0], [11.1096, 0.0], [14.2505, -0.1305], [19.39, -0.1305], [19.39, 2.0888]], [[3.4003, 0.0], [7.1122, 0.0], [10.5386, 0.0], [12.2517, 0.1305], [18.2479, 0.0], [21.3887, 0.0]], [[3.4003, 0.0], [7.1122, 0.0], [10.5386, 0.0], [12.2517, 0.1305], [19.1045, 1.5666], [24.8151, -0.5222]], [[3.4003, 0.0], [7.1122, 0.0], [11.1096, 0.0], [14.2505, -0.1305], [22.5308, 0.0], [25.6716, -0.2611]], [[3.4003, 0.0], [7.1122, 0.0], [10.5386, 0.0], [12.2517, 0.1305], [18.2479, 0.6527], [11.6807, 0.3916]], [[3.4003, 0.0], [7.1122, 0.0], [11.1096, 0.0], [14.2505, -0.1305], [22.8163, -0.1305], [69.6432, -0.2611]]]",2.8778,0.0,0.0,0.0,0.0,0.0,0.0,True,[3],0.0,0.0,0.0,1.5545,8.0,0.8001,0.1985,3.6415,0.5103,0.6067,1.5545,"[[3.4, 0.0], [7.112, 0.0], [11.11, 0.0], [14.25, -0.131], [18.248, 0.0], [21.389, 0.131]]",ok,10.7564,0.0,0.0,0.0,0.0,0.0,0.0,0.0,0.0,0.0,9a1b1abbbb224ed0bf618c2083f91aee,scene-0559,42
0.0557,0.5179,1.1981,0.1405,0.4043,0.6579,0.0,0.0,0.0,0.0,0.0,0.0,0.0,0.0,0.0,ok,straight,0.0557,0.5179,1.2023,0.1405,0.2615,0.4691,True,"[-0.0653, -0.2611, -0.3264, -0.0653, -0.1305, -0.0, -0.0, -0.1305]","[-43.0938, -238.7125, -49.2021, -1608.9061, -1978.72, -4861.1492, -59668.5935, -124184.028]","[3.3272, 1.5428, 0.9616, -1001606.6691, -1001976.483, -1004858.9064, -1059666.3508, -1124181.791]","[0.563, 1.555, 0.474, 0.704, 0.989, 0.989, 3.45, 8.56]","[[[3.6858, 0.0], [6.8267, -0.1305], [10.5386, -0.1305], [14.2505, -0.1305], [18.2479, -0.1305], [21.6742, -0.1305]], [[3.6858, 0.0], [6.8267, -0.1305], [10.253, 0.0], [12.2517, -0.1305], [13.6794, 0.2611], [16.5347, -0.5222]], [[3.6858, 0.0], [6.8267, -0.1305], [10.5386, -0.1305], [14.2505, -0.1305], [17.6768, -0.1305], [21.6742, -0.6527]], [[3.6858, 0.0], [6.8267, -0.1305], [10.253, 0.0], [12.2517, -0.1305], [18.2479, -0.1305], [21.6742, -0.1305]], [[3.6858, 0.0], [6.8267, -0.1305], [10.253, 0.0], [12.2517, -0.1305], [18.8189, 0.0], [22.8163, -0.2611]], [[3.6858, 0.0], [6.8267, -0.1305], [10.5386, -0.1305], [14.2505, -0.1305], [21.6742, 0.1305], [20.5321, 0.0]], [[3.6858, 0.0], [6.8267, -0.1305], [10.5386, -0.1305], [14.2505, -0.1305], [27.9559, -0.5222], [11.6807, 0.0]], [[3.6858, 0.0], [6.8267, -0.1305], [10.253, 0.0], [12.2517, -0.1305], [16.8202, -0.1305], [69.6432, -0.2611]]]",2.5801,0.0,0.0,0.0,0.0,0.0,0.0,True,[3],0.0,0.0,0.0,0.474,8.0,0.0557,0.5179,1.2316,0.1405,0.2615,0.474,"[[3.686, 0.0], [6.827, -0.131], [10.539, -0.131], [14.25, -0.131], [17.677, -0.131], [21.674, -0.522]]",ok,8.5603,0.0,0.0,0.0,0.0,0.0,0.0,0.0,0.0,0.0,d9394f43b43a46278005844d35f20650,scene-0559,42
0.0783,0.3351,0.4236,0.0687,0.2313,0.2854,0.0,0.0,0.0,0.0,0.0,0.0,0.0,0.0,0.0,ok,straight,0.0783,0.3351,0.4236,0.0687,0.2313,0.2872,False,"[-0.0653, -0.0653, -0.5222, -1.5013, -0.2611, -0.2611, -0.9138, -0.2611]","[-26.2243, -750.3046, -243.8392, -1186.6758, -4525.7016, -5169.1884, -33285.6671, -34722.956]","[4.1218, 3.9823, 3.1211, -1001184.2514, -1004523.2772, -1005166.764, -1033283.1549, -1034720.4438]","[0.287, 0.56, 0.409, 1.318, 1.233, 1.536, 2.289, 3.979]","[[[3.1148, 0.0], [6.5412, 0.0], [9.682, 0.0], [12.8228, 0.0], [15.3926, 0.0], [18.2479, -0.1305]], [[3.4003, 0.0], [7.9688, 0.0], [9.682, 0.0], [12.8228, 0.0], [15.3926, 0.0], [18.2479, -0.1305]], [[3.1148, 0.0], [6.5412, 0.0], [9.682, 0.0], [12.8228, 0.0], [14.8215, -0.1305], [18.5334, 1.0444]], [[3.4003, 0.0], [7.9688, 0.0], [9.682, 0.0], [12.8228, 0.0], [14.8215, 0.2611], [13.9649, 3.0026]], [[3.4003, 0.0], [7.9688, 0.0], [9.682, 0.0], [12.8228, 0.0], [19.1045, 0.3916], [17.3913, 0.5222]], [[3.4003, 0.0], [7.9688, 0.0], [9.682, 0.0], [12.8228, 0.0], [19.9611, 0.9138], [19.39, -0.5222]], [[3.1148, 0.0], [6.5412, 0.0], [9.682, 0.0], [12.8228, 0.0], [20.2466, -9.5301], [16.8202, -1.8277]], [[3.1148, 0.0], [6.5412, 0.0], [9.682, 0.0], [12.8228, 0.0], [13.3939, 0.2611], [39.0915, 0.5222]]]",1.14,0.0,0.0,0.0,0.0,0.0,0.0,True,[3],0.0,0.0,0.0,0.2872,8.0,0.0783,0.3351,0.4236,0.0687,0.2313,0.2872,"[[3.115, 0.0], [6.541, 0.0], [9.682, 0.0], [12.823, 0.0], [15.393, 0.0], [18.248, -0.131]]",ok,3.9785,0.0,0.0,0.0,0.0,0.0,0.0,0.0,0.0,0.0,6939d4b45ca74f2f9341a72ccedf35e5,scene-0559,42
0.8524,0.9249,1.7229,0.7502,0.9209,1.0571,0.0,0.0,0.0,0.0,0.0,0.0,0.0,0.0,0.0,ok,straight,0.8524,0.9249,1.7229,0.7502,0.707,0.8671,True,"[-0.0653, -0.0653, -0.1305, -0.1305, -0.8486, -0.0653, -0.2611, -1.2402]","[-183.3338, -393.7087, -183.214, -394.4969, -816.0983, -1027.9741, -2569.5866, -87052.0621]","[3.1729, 3.0667, 3.0162, 2.91, 1.2706, -1001025.9848, -1002567.5973, -1087049.9739]","[0.867, 1.152, 0.791, 0.943, 1.17, 1.632, 1.451, 3.567]","[[[2.8293, 0.0], [5.399, 0.0], [8.5399, 0.0], [10.5386, 0.0], [13.1083, 0.0], [14.2505, 0.1305]], [[3.1148, 0.0], [4.5424, 0.0], [7.6833, 0.0], [10.253, 0.0], [13.1083, 0.0], [14.2505, 0.1305]], [[2.8293, 0.0], [5.399, 0.0], [8.5399, 0.0], [10.5386, 0.0], [13.1083, -0.3916], [17.1058, 0.2611]], [[3.1148, 0.0], [4.5424, 0.0], [7.6833, 0.0], [10.253, 0.0], [13.3939, 0.5222], [15.6781, 0.2611]], [[2.8293, 0.0], [5.399, 0.0], [8.5399, 0.0], [10.5386, 0.0], [15.107, 0.2611], [18.2479, -1.6971]], [[3.1148, 0.0], [4.5424, 0.0], [7.6833, 0.0], [10.253, 0.0], [13.1083, 0.1305], [20.5321, 0.1305]], [[3.1148, 0.0], [4.5424, 0.0], [7.6833, 0.0], [10.253, 0.0], [10.253, 0.1305], [16.2492, 0.5222]], [[2.8293, 0.0], [5.399, 0.0], [8.5399, 0.0], [10.5386, 0.0], [15.6781, -15.2743], [17.9623, 2.4804]]]",0.8451,0.0,0.0,0.0,0.0,0.0,0.0,True,[3],0.0,0.0,0.0,0.7913,8.0,0.8524,0.9249,1.1897,0.7502,0.707,0.7913,"[[2.829, 0.0], [5.399, 0.0], [8.54, 0.0], [10.539, 0.0], [13.108, 0.0], [14.25, 0.131]]",ok,3.5672,0.0,0.0,0.0,0.0,0.0,0.0,0.0,0.0,0.0,5c558d97108341ebb7b30b1c841ff57f,scene-0560,42
4.8124,9.9599,15.1081,3.4761,5.823,8.5839,0.0,0.0,1.0,0.0,0.0,1.0,0.0,0.0,0.16666666666666666,ok,straight,4.2416,9.9599,15.1094,3.0479,5.6089,8.4414,True,"[-0.1305, -0.1305, -0.3916, -0.0653, -0.5222, -0.0653, -0.2611, -0.718]","[-124.2926, -326.2506, -1933.1149, -2974.9462, -4765.3594, -7960.3746, -95942.3547, -105214.8432]","[3.2333, 3.1032, -1001931.2188, -1002973.1753, -1004763.4632, -1007958.6038, -1095940.5838, -1105212.947]","[8.441, 8.584, 9.656, 8.943, 8.067, 8.306, 10.282, 10.216]","[[[2.8293, 0.0], [5.9701, -0.1305], [8.5399, -0.1305], [12.2517, -0.1305], [15.3926, -0.1305], [17.3913, -0.2611]], [[3.1148, 0.0], [6.5412, -0.1305], [8.5399, -0.1305], [12.2517, -0.1305], [15.3926, -0.1305], [17.3913, -0.2611]], [[2.8293, 0.0], [5.9701, -0.1305], [8.5399, -0.1305], [12.2517, -0.1305], [15.6781, -1.9582], [24.244, -0.7833]], [[3.1148, 0.0], [6.5412, -0.1305], [8.5399, -0.1305], [12.2517, -0.1305], [13.9649, -1.9582], [20.8176, -0.1305]], [[2.8293, 0.0], [5.9701, -0.1305], [8.5399, -0.1305], [12.2517, -0.1305], [11.6807, -0.3916], [18.8189, -1.0444]], [[3.1148, 0.0], [6.5412, -0.1305], [8.5399, -0.1305], [12.2517, -0.1305], [11.1096, -0.9138], [19.9611, -0.1305]], [[3.1148, 0.0], [6.5412, -0.1305], [8.5399, -0.1305], [12.2517, -0.1305], [13.6794, 16.5798], [20.5321, -0.5222]], [[2.8293, 0.0], [5.9701, -0.1305], [8.5399, -0.1305], [12.2517, -0.1305], [19.9611, 16.5798], [16.8202, -1.436]]]",0.8186,0.0,0.0,1.0,0.0,0.0,1.0,True,[3],0.0,0.0,0.16666666666666666,8.0666,8.0,4.2416,9.9599,16.5661,3.0479,5.6089,8.0666,"[[2.829, 0.0], [5.97, -0.131], [8.54, -0.131], [12.252, -0.131], [15.393, -0.131], [17.391, -0.261]]",ok,10.2816,0.0,0.0,0.0,0.0,0.0,0.0,0.0,0.0,0.0,be1a07f716794bd5b4fa374e08b5e724,scene-0560,42
5.1151,10.5393,16.2496,3.9722,6.6134,9.3972,0.0,0.0,0.0,0.0,0.0,0.0,0.0,0.0,0.0,ok,straight,5.1151,10.5393,16.2496,3.9722,6.6134,9.3972,False,"[-0.0653, -0.0653, -0.1305, -0.7833, -0.0653, -1.2402, -0.0, -1.1749]","[-70.2354, -377.1828, -308.0934, -769.3415, -1974.5394, -13455.4611, -15408.5167, -1071723.334]","[3.7278, 3.6365, 3.5968, 2.2025, -1001971.9514, -1013452.8731, -1015406.0192, -2071720.8365]","[9.397, 9.064, 8.874, 10.121, 11.261, 10.496, 8.209, 18.624]","[[[2.8293, 0.0], [5.1135, -0.1305], [7.9688, -0.1305], [10.5386, -0.1305], [13.6794, -0.1305], [16.2492, -0.1305]], [[1.9727, 0.0], [3.9714, -0.1305], [7.9688, -0.1305], [10.5386, -0.1305], [13.6794, -0.1305], [16.2492, -0.1305]], [[2.8293, 0.0], [5.1135, -0.1305], [7.9688, -0.1305], [10.5386, -0.1305], [13.3939, -0.1305], [13.3939, -0.2611]], [[1.9727, 0.0], [3.9714, -0.1305], [7.9688, -0.1305], [10.5386, -0.1305], [15.6781, 0.2611], [20.5321, 1.5666]], [[2.8293, 0.0], [5.1135, -0.1305], [7.9688, -0.1305], [10.5386, -0.1305], [17.6768, 1.3055], [23.3874, -0.1305]], [[2.8293, 0.0], [5.1135, -0.1305], [7.9688, -0.1305], [10.5386, -0.1305], [13.3939, -5.3525], [21.9598, 2.4804]], [[1.9727, 0.0], [3.9714, -0.1305], [7.9688, -0.1305], [10.5386, -0.1305], [6.8267, -0.3916], [17.9623, 0.0]], [[1.9727, 0.0], [3.9714, -0.1305], [7.9688, -0.1305], [10.5386, -0.1305], [69.6432, 3.6554], [17.3913, 2.3499]]]",3.1099,0.0,0.0,0.0,0.0,0.0,0.0,True,[3],0.0,0.0,0.0,8.2092,8.0,3.9734,10.5393,17.9623,2.9731,6.1138,8.2092,"[[2.829, 0.0], [5.113, -0.131], [7.969, -0.131], [10.539, -0.131], [13.679, -0.131], [16.249, -0.131]]",ok,18.6241,0.0,0.0,0.0,0.0,0.0,0.0,0.0,0.0,0.0,93071f98339b40279937bafd206cb42e,scene-0560,42
5.1152,9.9684,16.2497,3.8294,6.2565,9.1593,0.0,0.0,0.0,0.0,0.0,0.0,0.0,0.0,0.0,ok,straight,5.1152,9.9684,15.9642,3.8294,6.3993,9.0641,True,"[-0.0653, -0.0653, -1.0444, -0.3264, -0.0653, -0.4569, -0.1305, -0.1305]","[-969.7208, -80.9402, -525.483, -1521.9929, -1572.6345, -2299.4046, -3283.1716, -92318.6708]","[3.6118, 2.9, -1000523.7032, -1001519.4718, -1001570.8547, -1002296.8835, -1003280.6505, -1092316.891]","[8.778, 9.064, 9.23, 8.647, 9.493, 9.544, 9.35, 10.212]","[[[2.2582, 0.0], [3.6858, 0.0], [7.9688, -0.1305], [9.9675, -0.1305], [12.8228, -0.1305], [15.9636, -0.1305]], [[2.5437, 0.0], [5.1135, -0.1305], [7.9688, -0.1305], [9.9675, -0.1305], [12.8228, -0.1305], [15.9636, -0.1305]], [[2.5437, 0.0], [5.1135, -0.1305], [7.9688, -0.1305], [9.9675, -0.1305], [11.9662, -0.6527], [17.6768, -2.0888]], [[2.2582, 0.0], [3.6858, 0.0], [7.9688, -0.1305], [9.9675, -0.1305], [12.8228, 1.1749], [15.107, -0.6527]], [[2.5437, 0.0], [5.1135, -0.1305], [7.9688, -0.1305], [9.9675, -0.1305], [15.107, -0.3916], [16.2492, 0.1305]], [[2.2582, 0.0], [3.6858, 0.0], [7.9688, -0.1305], [9.9675, -0.1305], [15.3926, -0.1305], [17.9623, 0.9138]], [[2.2582, 0.0], [3.6858, 0.0], [7.9688, -0.1305], [9.9675, -0.1305], [15.6781, -0.1305], [16.5347, -0.2611]], [[2.5437, 0.0], [5.1135, -0.1305], [7.9688, -0.1305], [9.9675, -0.1305], [11.6807, 16.5798], [15.3926, -0.2611]]]",0.4596,0.0,0.0,0.0,0.0,0.0,0.0,True,[3],0.0,0.0,0.0,8.6467,8.0,3.6859,9.9684,15.1211,2.972,5.9706,8.6467,"[[2.544, 0.0], [5.113, -0.131], [7.969, -0.131], [9.968, -0.131], [12.823, -0.131], [15.964, -0.131]]",ok,10.2123,0.0,0.0,0.0,0.0,0.0,0.0,0.0,0.0,0.0,77e97f94955c46d0a943232271a84ab3,scene-0560,42
4.5891,9.9051,15.2689,3.4255,5.9401,8.4908,0.0,0.0,0.0,0.0,0.0,0.0,0.0,0.0,0.0,ok,straight,4.5891,10.0824,15.2689,3.4255,5.9844,8.7541,False,"[-2.4152, -2.7415, -2.7415, -4.1123, -2.2846, -3.4596, -8.2899, -4.1123]","[-575.6835, -893.7334, -112.4754, -1459.3549, -2296.158, -3308.7957, -20266.8285, -22182.6577]","[3.3226, 3.2996, 3.1983, -1001457.444, -1002294.0553, -1003306.6931, -1020264.9176, -1022180.5551]","[8.395, 9.361, 8.754, 10.5, 9.691, 9.681, 9.04, 9.572]","[[[2.2582, -0.1305], [4.5424, -0.6527], [6.8267, -1.5666], [9.3964, -3.6554], [10.5386, -4.3081], [14.2505, -4.8303]], [[3.1148, -0.1305], [6.5412, -0.9138], [8.2543, -1.436], [9.1109, -2.611], [12.2517, -5.222], [14.2505, -5.4831]], [[2.2582, -0.1305], [4.5424, -0.6527], [6.8267, -1.5666], [9.3964, -3.6554], [12.2517, -5.222], [14.2505, -5.4831]], [[2.2582, -0.1305], [4.5424, -0.6527], [6.8267, -1.5666], [9.3964, -3.6554], [15.9636, -4.8303], [20.8176, -8.2246]], [[3.1148, -0.1305], [6.5412, -0.9138], [8.2543, -1.436], [9.1109, -2.611], [12.2517, -1.1749], [17.6768, -4.5692]], [[3.1148, -0.1305], [6.5412, -0.9138], [8.2543, -1.436], [9.1109, -2.611], [9.682, -5.7442], [17.9623, -6.9191]], [[2.2582, -0.1305], [4.5424, -0.6527], [6.8267, -1.5666], [9.3964, -3.6554], [9.9675, -1.0444], [11.6807, -16.5798]], [[3.1148, -0.1305], [6.5412, -0.9138], [8.2543, -1.436], [9.1109, -2.611], [16.2492, 0.5222], [10.8241, -8.2246]]]",0.6078,0.0,0.0,0.0,0.0,0.0,0.0,True,[3],0.0,0.0,0.0,8.3949,8.0,4.5891,10.0824,15.0468,3.4255,5.9844,8.3949,"[[2.258, -0.131], [4.542, -0.653], [6.827, -1.567], [9.396, -3.655], [12.252, -5.222], [14.25, -5.483]]",ok,10.4999,0.0,0.0,0.0,0.0,0.0,0.0,0.0,0.0,0.0,9eebbe06762c47aa8c671008df5fb474,scene-0561,42
5.1152,11.1104,17.3918,3.9722,6.8989,10.0634,0.0,0.0,0.0,0.0,0.0,0.0,0.0,0.0,0.0,ok,straight,5.1152,11.1104,20.5325,3.9722,6.8989,10.5913,False,"[-0.0653, -0.0653, -0.3264, -0.0653, -0.3916, -1.0444, -0.0653, -0.1305]","[-682.9874, -336.3012, -501.448, -502.7242, -908.7694, -2904.3616, -10073.4121, -15222.9231]","[4.4712, 4.4457, 3.6824, -1000499.5959, -1000905.6411, -1002901.1421, -1010070.1926, -1015219.7949]","[9.968, 10.834, 10.545, 9.734, 9.023, 10.703, 11.567, 8.753]","[[[2.8293, 0.0], [5.1135, -0.1305], [8.5399, -0.1305], [11.1096, -0.1305], [15.3926, -0.1305], [16.8202, -0.1305]], [[2.8293, 0.0], [5.1135, -0.1305], [7.3977, -0.5222], [10.8241, -0.2611], [16.2492, -1.0444], [22.5308, -0.1305]], [[2.8293, 0.0], [5.1135, -0.1305], [8.5399, -0.1305], [11.1096, -0.1305], [15.107, -0.9138], [20.5321, 0.6527]], [[2.8293, 0.0], [5.1135, -0.1305], [7.3977, -0.5222], [10.8241, -0.2611], [15.3926, -0.1305], [16.8202, -0.1305]], [[2.8293, 0.0], [5.1135, -0.1305], [7.3977, -0.5222], [10.8241, -0.2611], [11.9662, 0.1305], [15.9636, -0.7833]], [[2.8293, 0.0], [5.1135, -0.1305], [8.5399, -0.1305], [11.1096, -0.1305], [17.6768, -0.6527], [18.8189, -2.0888]], [[2.8293, 0.0], [5.1135, -0.1305], [8.5399, -0.1305], [11.1096, -0.1305], [14.536, -4.6998], [26.5282, -0.1305]], [[2.8293, 0.0], [5.1135, -0.1305], [7.3977, -0.5222], [10.8241, -0.2611], [7.6833, -1.3055], [18.5334, 0.2611]]]",0.892,0.0,0.0,0.0,0.0,0.0,0.0,True,[3],0.0,0.0,0.0,8.7527,8.0,5.1152,10.8272,18.5352,3.9722,6.547,8.7527,"[[2.829, 0.0], [5.113, -0.131], [8.54, -0.131], [11.11, -0.131], [15.393, -0.914], [20.532, -0.131]]",ok,11.5669,0.0,0.0,0.0,0.0,0.0,0.0,0.0,0.0,0.0,7636f7b3286245cc95a2bd7ac01a64eb,scene-0561,42
4.5398,8.5702,10.8169,3.399,5.5037,7.1151,0.0,0.0,0.0,0.0,0.0,0.0,0.0,0.0,0.0,ok,straight,4.5398,8.8557,12.5278,3.399,5.575,7.781,False,"[-0.1305, -0.0, -0.0653, -0.5222, -0.1305, -1.1749, -3.2637, -0.0653]","[-53.3052, -864.3852, -5438.3515, -7764.7262, -927.5096, -3308.3531, -27231.2777, -32696.9951]","[4.0358, -1000861.6766, -1005435.6429, -1007762.0177, -2002667.3311, -2005048.1745, -2028971.0991, -2034436.8166]","[7.163, 7.798, 8.4, 8.752, 6.972, 6.792, 7.756, 9.011]","[[[2.2582, 0.0], [4.5424, -0.1305], [6.8267, 0.0], [9.3964, 0.0], [11.1096, 0.0], [13.1083, -0.2611]], [[2.2582, 0.0], [4.5424, -0.1305], [6.8267, 0.0], [9.3964, 0.0], [13.1083, 1.5666], [14.8215, 0.0]], [[2.2582, 0.0], [4.5424, -0.1305], [6.8267, 0.0], [9.3964, 0.0], [16.5347, 0.1305], [15.107, -0.1305]], [[2.2582, 0.0], [4.5424, -0.1305], [6.8267, 0.0], [9.3964, 0.0], [15.107, 4.3081], [17.9623, -1.0444]], [[2.5437, 0.0], [3.1148, -0.1305], [6.8267, 0.0], [9.3964, 0.0], [11.1096, 0.0], [13.1083, -0.2611]], [[2.5437, 0.0], [3.1148, -0.1305], [6.8267, 0.0], [9.3964, 0.0], [8.8254, 1.3055], [13.9649, 2.3499]], [[2.5437, 0.0], [3.1148, -0.1305], [6.8267, 0.0], [9.3964, 0.0], [17.3913, 2.611], [8.5399, -6.5275]], [[2.5437, 0.0], [3.1148, -0.1305], [6.8267, 0.0], [9.3964, 0.0], [12.8228, -9.9218], [19.9611, -0.1305]]]",0.7773,0.0,0.0,0.0,0.0,0.0,0.0,True,[3],0.0,0.0,0.0,6.7922,8.0,3.113,8.8557,11.907,2.8284,5.2897,6.7922,"[[2.258, 0.0], [4.542, -0.131], [6.827, 0.0], [9.396, 0.0], [13.108, 0.131], [14.822, -0.131]]",ok,9.0106,0.0,0.0,0.0,0.0,0.0,0.0,0.0,0.0,0.0,00bb84f140c943059a9a1e8e372ddabe,scene-0561,42
1.8407,3.4744,13.0841,1.2893,2.2813,4.6499,0.0,0.0,0.0,0.0,0.0,0.0,0.0,0.0,0.0,ok,left,2.9359,4.3589,13.0841,1.8369,3.0852,5.7888,False,"[-3.329, -2.4804, -2.4804, 0.0, -2.8721, 0.2611, -0.2611, -1.7624]","[-1006.2498, -2108.6053, -5357.3621, -11497.3842, -16904.5707, -23213.028, -61270.4255, -81823.7654]","[-1001004.6342, -1002106.9896, -1005356.2167, -1011496.2388, -1016902.9551, -1023211.8827, -1061268.8098, -1081822.6201]","[5.936, 5.789, 5.131, 4.482, 4.685, 4.319, 6.782, 5.168]","[[[1.6871, 0.0], [2.2582, 0.2611], [3.6858, 0.0], [7.6833, -0.9138], [9.3964, -3.9165], [11.6807, -6.658]], [[1.6871, 0.0], [2.2582, 0.2611], [3.6858, 0.0], [7.6833, -0.9138], [7.3977, -3.1332], [9.1109, -4.9609]], [[1.6871, 0.0], [3.6858, -0.3916], [5.6846, 1.6971], [5.9701, 3.0026], [7.3977, -3.1332], [9.1109, -4.9609]], [[1.6871, 0.0], [3.6858, -0.3916], [5.6846, 1.6971], [5.9701, 3.0026], [9.9675, 2.3499], [0.545, 0.0]], [[1.6871, 0.0], [2.2582, 0.2611], [3.6858, 0.0], [7.6833, -0.9138], [11.1096, 3.9165], [7.6833, -5.7442]], [[1.6871, 0.0], [3.6858, -0.3916], [5.6846, 1.6971], [5.9701, 3.0026], [10.5386, -5.6136], [12.2517, 0.5222]], [[1.6871, 0.0], [2.2582, 0.2611], [3.6858, 0.0], [7.6833, -0.9138], [9.682, -14.7521], [10.253, -0.5222]], [[1.6871, 0.0], [3.6858, -0.3916], [5.6846, 1.6971], [5.9701, 3.0026], [10.5386, 16.5798], [12.5373, -3.5248]]]",0.7821,0.0,0.0,0.0,0.0,0.0,0.0,False,[3],0.0,0.0,0.0,4.3195,8.0,1.8407,3.8338,6.8942,1.2893,2.0987,4.3195,"[[1.687, 0.0], [2.258, 0.261], [3.686, 0.0], [7.683, -0.914], [7.398, -3.133], [9.111, -4.961]]",ok,6.7822,0.0,0.0,0.0,0.0,0.0,0.0,0.0,0.0,0.0,a11fc6258e564dc4ab612bdf98e90fd1,scene-0561,42
0.6403,0.6521,1.1295,0.4694,0.6364,0.845,0.0,0.0,0.0,0.0,0.0,0.0,0.0,0.0,0.0,ok,straight,0.6403,0.6521,1.1295,0.4694,0.6364,0.751,True,"[-0.0, -0.5875, -0.0, -0.3916, -0.0653, -6.0706, -0.718, -0.1958]","[-74.8876, -282.4214, -399.0016, -1903.3086, -7660.5376, -8407.7536, -17926.6059, -87681.8742]","[3.8363, 3.5247, 3.469, -1001900.9027, -1007657.776, -1008405.3476, -1017923.8443, -1087679.4682]","[0.751, 1.598, 0.69, 0.86, 1.43, 2.592, 1.853, 3.373]","[[[3.6858, 0.0], [7.3977, 0.0], [11.1096, 0.0], [14.2505, 0.0], [18.2479, 0.0], [21.6742, 0.0]], [[3.6858, 0.0], [7.3977, 0.0], [11.1096, 0.0], [14.2505, 0.0], [19.39, 1.0444], [25.1006, 1.1749]], [[3.6858, 0.0], [7.3977, 0.0], [11.1096, -0.1305], [13.6794, 0.1305], [18.2479, 0.0], [21.6742, 0.0]], [[3.6858, 0.0], [7.3977, 0.0], [11.1096, -0.1305], [13.6794, 0.1305], [19.1045, 0.0], [19.6755, 0.7833]], [[3.6858, 0.0], [7.3977, 0.0], [11.1096, 0.0], [14.2505, 0.0], [21.9598, 0.2611], [19.1045, 0.1305]], [[3.6858, 0.0], [7.3977, 0.0], [11.1096, -0.1305], [13.6794, 0.1305], [17.9623, 0.3916], [24.5295, -12.1411]], [[3.6858, 0.0], [7.3977, 0.0], [11.1096, 0.0], [14.2505, 0.0], [20.5321, -6.3969], [20.5321, 1.436]], [[3.6858, 0.0], [7.3977, 0.0], [11.1096, -0.1305], [13.6794, 0.1305], [18.8189, 16.5798], [21.6742, 0.3916]]]",0.8875,0.0,0.0,0.0,0.0,0.0,0.0,True,[3],0.0,0.0,0.0,0.6899,8.0,0.6403,0.2954,1.1295,0.4694,0.5448,0.6899,"[[3.686, 0.0], [7.398, 0.0], [11.11, 0.0], [14.25, 0.0], [18.248, 0.0], [21.674, 0.0]]",ok,3.3726,0.0,0.0,0.0,0.0,0.0,0.0,0.0,0.0,0.0,e493c6923a0a4d5fb78b75dcc0ffc5ab,scene-0562,42
0.1435,1.4414,2.0692,0.1045,0.6257,0.9759,0.0,0.0,0.0,0.0,0.0,0.0,0.0,0.0,0.0,ok,straight,0.1435,1.4414,2.1221,0.1045,0.6257,1.0791,False,"[-0.1305, -0.9138, -1.5013, -0.0, -0.1305, -0.4569, -0.1305, -0.1305]","[-78.9025, -265.4177, -702.0652, -171056.2568, -20666.8799, -21960.9698, -27850.3009, -656119.0729]","[2.5711, 0.9737, -1000700.6216, -1171054.8132, -2022457.9427, -2023752.0325, -2029641.3637, -2657910.1357]","[1.07, 1.079, 1.403, 4.855, 1.75, 2.051, 1.822, 9.468]","[[[3.6858, 0.0], [7.3977, -0.1305], [11.1096, -0.1305], [14.2505, -0.2611], [18.2479, -0.2611], [21.6742, -0.2611]], [[3.6858, 0.0], [7.3977, -0.1305], [11.1096, -0.1305], [14.2505, -0.2611], [18.2479, 0.1305], [22.5308, -1.8277]], [[3.6858, 0.0], [7.3977, -0.1305], [11.1096, -0.1305], [14.2505, -0.2611], [17.6768, -0.9138], [25.3861, -3.0026]], [[3.6858, 0.0], [7.3977, -0.1305], [11.1096, -0.1305], [14.2505, -0.2611], [-2.8813, 0.6527], [27.3848, 0.0]], [[3.6858, 0.0], [7.3977, -0.1305], [11.9662, -0.1305], [21.9598, -0.3916], [18.2479, -0.2611], [21.6742, -0.2611]], [[3.6858, 0.0], [7.3977, -0.1305], [11.9662, -0.1305], [21.9598, -0.3916], [17.6768, -0.2611], [20.5321, -0.9138]], [[3.6858, 0.0], [7.3977, -0.1305], [11.9662, -0.1305], [21.9598, -0.3916], [17.9623, -0.1305], [25.9572, -0.2611]], [[3.6858, 0.0], [7.3977, -0.1305], [11.9662, -0.1305], [21.9598, -0.3916], [69.6432, 2.3499], [24.244, 0.2611]]]",2.7171,0.0,0.0,0.0,0.0,0.0,0.0,True,[3],0.0,0.0,0.0,1.0703,8.0,0.1435,1.4414,2.0692,0.1045,0.6257,1.0703,"[[3.686, 0.0], [7.398, -0.131], [11.11, -0.131], [14.25, -0.261], [18.248, -0.261], [22.531, -1.828]]",ok,9.4677,0.0,0.0,0.0,0.0,0.0,0.0,0.0,0.0,0.0,d74c961ec4274d14b8a211f29e390e30,scene-0562,42
1.1676,1.307,2.1285,0.8336,1.1182,1.4058,0.0,0.0,0.0,0.0,0.0,0.0,0.0,0.0,0.0,ok,straight,2.0231,1.307,2.6966,1.5465,1.5459,1.833,False,"[-0.0, -0.0, -0.0, -0.0653, -0.1305, -0.1958, -0.3916, -0.7833]","[-63.3914, -303.4075, -486.5153, -1491.6626, -3279.4537, -4658.9649, -6924.5692, -8655.6652]","[4.9361, 4.8573, 4.7327, -1001488.5994, -1003276.3906, -1004655.9018, -1006921.4416, -1008652.5375]","[1.855, 1.833, 1.595, 1.475, 2.034, 2.009, 2.421, 2.507]","[[[2.2582, 0.0], [4.5424, 0.0], [7.3977, 0.0], [11.1096, 0.0], [15.6781, 0.0], [22.2453, 0.0]], [[2.2582, 0.0], [4.5424, 0.0], [7.3977, 0.0], [11.1096, 0.0], [12.8228, 0.0], [15.3926, 0.0]], [[2.8293, 0.0], [5.399, 0.0], [7.3977, 0.0], [11.1096, 0.0], [12.8228, 0.0], [15.3926, 0.0]], [[2.8293, 0.0], [5.399, 0.0], [7.3977, 0.0], [11.1096, 0.0], [15.6781, -0.5222], [14.8215, 0.1305]], [[2.8293, 0.0], [5.399, 0.0], [7.3977, 0.0], [11.1096, 0.0], [10.5386, -0.7833], [15.107, 0.2611]], [[2.8293, 0.0], [5.399, 0.0], [7.3977, 0.0], [11.1096, 0.0], [16.5347, 0.5222], [12.5373, -0.3916]], [[2.2582, 0.0], [4.5424, 0.0], [7.3977, 0.0], [11.1096, 0.0], [9.1109, 0.6527], [15.6781, -0.7833]], [[2.2582, 0.0], [4.5424, 0.0], [7.3977, 0.0], [11.1096, 0.0], [17.9623, -0.2611], [12.5373, 1.5666]]]",0.3381,0.0,0.0,0.0,0.0,0.0,0.0,True,[3],0.0,0.0,0.0,1.4754,8.0,1.1676,1.307,3.278,0.8336,1.1894,1.4754,"[[2.258, 0.0], [4.542, 0.0], [7.398, 0.0], [11.11, 0.0], [12.823, 0.0], [15.393, 0.0]]",ok,2.5072,0.0,0.0,0.0,0.0,0.0,0.0,0.0,0.0,0.0,ae90c564207b4eb69b60630fa17ea7e8,scene-0562,42
0.277,1.349,2.1453,0.207,0.6538,1.1409,0.0,0.0,0.0,0.0,0.0,0.0,0.0,0.0,0.0,ok,straight,0.277,1.349,2.1453,0.207,0.6538,1.1409,False,"[-0.0, -0.0, -1.5666, -0.0653, -0.9138, -1.436, -1.1097, -1.0444]","[-26.1003, -183.7595, -1800.5063, -2517.3639, -4743.6998, -6319.9422, -9255.328, -12531.1426]","[4.7486, 4.6853, -1001798.1263, -1002514.9838, -1004741.3198, -1006317.5878, -1009252.9736, -1012528.7882]","[1.141, 1.243, 2.046, 2.667, 1.894, 2.913, 2.183, 5.683]","[[[2.2582, 0.0], [4.2569, 0.0], [6.5412, 0.0], [8.5399, 0.0], [10.5386, 0.0], [11.6807, 0.0]], [[1.6871, 0.0], [3.4003, 0.0], [6.5412, 0.0], [8.5399, 0.0], [10.5386, 0.0], [11.6807, 0.0]], [[2.2582, 0.0], [4.2569, 0.0], [6.5412, 0.0], [8.5399, 0.0], [12.5373, -0.9138], [13.9649, 3.1332]], [[2.2582, 0.0], [4.2569, 0.0], [6.5412, 0.0], [8.5399, 0.0], [14.8215, -0.6527], [16.5347, 0.1305]], [[2.2582, 0.0], [4.2569, 0.0], [6.5412, 0.0], [8.5399, 0.0], [11.1096, 0.0], [3.6858, -1.8277]], [[1.6871, 0.0], [3.4003, 0.0], [6.5412, 0.0], [8.5399, 0.0], [10.253, -1.5666], [21.1032, 2.8721]], [[1.6871, 0.0], [3.4003, 0.0], [6.5412, 0.0], [8.5399, 0.0], [15.107, 1.6971], [11.6807, -2.2193]], [[1.6871, 0.0], [3.4003, 0.0], [6.5412, 0.0], [8.5399, 0.0], [13.6794, 0.0], [35.0941, 2.0888]]]",1.3429,0.0,0.0,0.0,0.0,0.0,0.0,True,[3],0.0,0.0,0.0,1.1409,8.0,0.277,1.349,2.1453,0.207,0.6538,1.1409,"[[2.258, 0.0], [4.257, 0.0], [6.541, 0.0], [8.54, 0.0], [10.539, 0.0], [11.681, 0.0]]",ok,5.6834,0.0,0.0,0.0,0.0,0.0,0.0,0.0,0.0,0.0,814f40cea21041308224320c40274e51,scene-0562,42
1.0253,2.405,3.3359,0.5977,1.3507,1.9225,0.0,0.0,0.0,0.0,0.0,0.0,0.0,0.0,0.0,ok,straight,1.3108,4.118,3.3359,0.8832,2.0659,2.3992,False,"[-0.0, -0.0653, -0.0, -0.0653, -0.0, -0.0, -0.0653, -0.0653]","[-43.5829, -92.4727, -772.4336, -848.7037, -1063.0041, -1448.3043, -2189.9967, -3221.9809]","[3.58, 1.5308, -1000771.0192, -1000847.2888, -1001061.5897, -1001446.8895, -1002188.5822, -1003220.566]","[2.065, 2.685, 2.352, 2.97, 2.542, 2.541, 1.972, 2.066]","[[[1.1161, 0.0], [2.5437, 0.0], [3.6858, 0.0], [4.5424, 0.0], [5.1135, 0.0], [6.8267, 0.0]], [[1.4016, 0.0], [2.8293, 0.0], [4.2569, 0.1305], [6.2556, 0.0], [6.8267, 0.0], [5.9701, -0.1305]], [[1.4016, 0.0], [2.8293, 0.0], [4.2569, 0.1305], [6.2556, 0.0], [5.1135, 0.0], [5.6846, 0.0]], [[1.1161, 0.0], [2.5437, 0.0], [3.6858, 0.0], [4.5424, 0.0], [5.6846, -0.1305], [11.6807, 0.1305]], [[1.4016, 0.0], [2.8293, 0.0], [4.2569, 0.1305], [6.2556, 0.0], [5.1135, 0.0], [6.8267, 0.0]], [[1.1161, 0.0], [2.5437, 0.0], [3.6858, 0.0], [4.5424, 0.0], [7.9688, 0.0], [6.8267, 0.0]], [[1.4016, 0.0], [2.8293, 0.0], [4.2569, 0.1305], [6.2556, 0.0], [3.6858, 0.0], [4.828, 0.1305]], [[1.1161, 0.0], [2.5437, 0.0], [3.6858, 0.0], [4.5424, 0.0], [7.9688, -0.2611], [3.9714, -0.1305]]]",0.3268,0.0,0.0,0.0,0.0,0.0,0.0,False,[3],0.0,0.0,0.0,1.9724,8.0,1.3108,4.118,2.2017,0.8832,2.0659,1.9724,"[[1.402, 0.0], [2.829, 0.0], [4.257, 0.131], [6.256, 0.0], [5.113, 0.0], [5.97, 0.0]]",ok,2.9698,0.0,0.0,0.0,0.0,0.0,0.0,0.0,0.0,0.0,970f41b6fc4544b388fe7ccd578988a9,scene-0563,42
0.0689,0.2976,0.9394,0.1209,0.1536,0.3046,0.0,0.0,0.0,0.0,0.0,0.0,0.0,0.0,0.0,ok,straight,0.0689,0.2976,0.4285,0.1209,0.1536,0.2311,True,"[-0.0653, -0.1305, -0.2611, -0.5222, -0.5222, -0.4569, -0.0653, -0.1305]","[-17.8758, -757.6308, -122.8156, -146.41, -376.7315, -606.5061, -1202.6688, -306745.8531]","[4.6477, 4.2943, 3.6091, 2.2253, 2.2228, -1000603.3216, -1001199.4845, -1306742.6688]","[0.219, 0.735, 0.411, 0.555, 1.019, 0.545, 0.455, 5.878]","[[[1.1161, 0.0], [2.5437, 0.0], [3.6858, 0.0], [4.5424, 0.0], [5.6846, 0.0], [6.5412, 0.1305]], [[1.1161, 0.0], [2.5437, 0.0], [3.4003, 0.1305], [6.2556, 0.0], [6.2556, 0.3916], [5.1135, -0.2611]], [[1.1161, 0.0], [2.5437, 0.0], [3.6858, 0.0], [4.5424, 0.0], [5.1135, 0.1305], [7.6833, 0.5222]], [[1.1161, 0.0], [2.5437, 0.0], [3.6858, 0.0], [4.5424, 0.0], [5.6846, 0.1305], [4.828, 1.0444]], [[1.1161, 0.0], [2.5437, 0.0], [3.4003, 0.1305], [6.2556, 0.0], [8.2543, 0.0], [8.2543, 1.0444]], [[1.1161, 0.0], [2.5437, 0.0], [3.6858, 0.0], [4.5424, 0.0], [4.2569, 0.1305], [7.3977, -0.9138]], [[1.1161, 0.0], [2.5437, 0.0], [3.4003, 0.1305], [6.2556, 0.0], [5.6846, 0.0], [6.5412, 0.1305]], [[1.1161, 0.0], [2.5437, 0.0], [3.4003, 0.1305], [6.2556, 0.0], [36.8073, 0.2611], [4.5424, -0.2611]]]",1.7717,0.0,0.0,0.0,0.0,0.0,0.0,True,[3],0.0,0.0,0.0,0.2195,8.0,0.0689,0.2976,0.4285,0.1209,0.1536,0.2195,"[[1.116, 0.0], [2.544, 0.0], [3.686, 0.0], [4.542, 0.0], [5.685, 0.131], [6.541, 0.131]]",ok,5.8779,0.0,0.0,1.0,0.0,0.0,1.0,0.0,0.0,0.16666666666666666,04b954deacb74b3a80c543526dc8f937,scene-0563,42
0.7337,0.7824,0.7803,0.5969,0.6935,0.7224,0.0,0.0,0.0,0.0,0.0,0.0,0.0,0.0,0.0,ok,straight,0.7337,0.7824,0.4952,0.5969,0.6935,0.5587,True,"[-0.0, -0.0, -0.0, -0.0, -0.0, -3.5248, -0.5222, -0.0]","[-0.013, -105.1169, -105.1169, -455.8355, -923.436, -1341431.5972, -1472800.5, -1610295.4344]","[3.4944, 3.4943, 3.4943, 3.4934, -1000921.152, -2341429.3132, -2472798.2157, -2610293.1504]","[0.722, 0.559, 0.821, 0.652, 0.821, 14.844, 13.728, 12.009]","[[[-0.026, 0.0], [-0.026, 0.0], [-0.026, 0.0], [-0.026, 0.0], [-0.026, 0.0], [-0.026, 0.0]], [[-0.026, 0.0], [-0.026, 0.0], [-0.026, 0.0], [-0.026, 0.0], [0.8306, 0.0], [0.2595, 0.0]], [[-0.026, 0.0], [-0.026, 0.0], [-0.026, 0.0], [-0.026, 0.0], [1.4016, 0.0], [2.2582, 0.0]], [[-0.026, 0.0], [-0.026, 0.0], [-0.026, 0.0], [1.1161, 0.0], [-0.026, 0.0], [-0.026, 0.0]], [[-0.026, 0.0], [-0.026, 0.0], [-0.026, 0.0], [1.1161, 0.0], [3.1148, -0.1305], [0.545, 0.0]], [[-0.026, 0.0], [-0.026, 0.0], [-0.026, 0.0], [1.1161, 0.0], [69.6432, 1.8277], [17.1058, -7.0497]], [[-0.026, 0.0], [-0.026, 0.0], [-0.026, 0.0], [-0.026, 0.0], [69.6432, 0.9138], [11.3952, 1.0444]], [[-0.026, 0.0], [-0.026, 0.0], [-0.026, 0.0], [1.1161, 0.0], [69.6432, 2.0888], [-0.026, 0.0]]]",6.2439,0.0,0.0,0.0,0.0,0.0,0.0,True,[3],0.0,0.0,0.0,0.5587,8.0,0.7337,0.7824,0.4952,0.5969,0.6935,0.5587,"[[-0.026, 0.0], [-0.026, 0.0], [-0.026, 0.0], [-0.026, 0.0], [0.831, 0.0], [0.259, 0.0]]",ok,14.8435,1.0,1.0,1.0,1.0,1.0,1.0,0.5,0.75,0.8333333333333334,264f7a3db349473c9032d9ee63b9b828,scene-0563,42
0.0262,0.0265,0.0268,0.0261,0.0263,0.0264,0.0,0.0,0.0,0.0,0.0,0.0,0.0,0.0,0.0,ok,straight,0.0262,1.1161,0.0268,0.0261,0.4283,0.2945,False,"[-0.0, -0.0, -0.0, -0.1958, -0.0, -0.0653, -0.6527, -0.0]","[-0.013, -68.9332, -208.8508, -17.046, -13448.47, -712861.2318, -1542016.7268, -1619594.0962]","[3.0333, 3.0331, 3.0329, 2.1156, -1013446.6946, -1712859.4564, -2542014.9514, -2619592.3208]","[0.026, 0.42, 0.294, 0.175, 1.441, 23.503, 12.83, 11.9]","[[[-0.026, 0.0], [-0.026, 0.0], [-0.026, 0.0], [-0.026, 0.0], [-0.026, 0.0], [-0.026, 0.0]], [[-0.026, 0.0], [-0.026, 0.0], [0.545, 0.0], [1.1161, 0.0], [0.545, 0.0], [0.2595, 0.0]], [[-0.026, 0.0], [-0.026, 0.0], [0.545, 0.0], [1.1161, 0.0], [-0.026, 0.0], [-0.026, 0.0]], [[-0.026, 0.0], [-0.026, 0.0], [-0.026, 0.0], [-0.026, 0.0], [-0.026, 0.0], [0.8306, 0.3916]], [[-0.026, 0.0], [-0.026, 0.0], [-0.026, 0.0], [-0.026, 0.0], [7.1122, -0.6527], [1.4016, 0.0]], [[-0.026, 0.0], [-0.026, 0.0], [0.545, 0.0], [1.1161, 0.0], [69.6432, -1.6971], [69.6432, 0.1305]], [[-0.026, 0.0], [-0.026, 0.0], [-0.026, 0.0], [-0.026, 0.0], [69.6432, 0.2611], [7.1122, -1.3055]], [[-0.026, 0.0], [-0.026, 0.0], [0.545, 0.0], [1.1161, 0.0], [69.6432, -1.436], [-0.026, 0.0]]]",8.224,0.0,0.0,0.0,0.0,0.0,0.0,True,[3],0.0,0.0,0.0,0.0264,8.0,0.0262,0.0265,0.0268,0.0261,0.0263,0.0264,"[[-0.026, 0.0], [-0.026, 0.0], [0.545, 0.0], [1.116, 0.0], [-0.026, 0.0], [-0.026, 0.0]]",ok,23.5034,1.0,1.0,1.0,1.0,1.0,1.0,0.5,0.75,0.8333333333333334,10602c94122242d3b7525ec541b3784f,scene-0563,42
0.026,0.0303,0.3966,0.026,0.0271,0.1087,0.0,0.0,0.0,0.0,0.0,0.0,0.0,0.0,0.0,ok,straight,0.026,0.0303,0.3966,0.026,0.0271,0.1087,False,"[-0.0, -0.0, -0.0, -0.0, -0.0, -0.1958, -0.718, -0.0653]","[-0.013, -25.0582, -244.0246, -461.2552, -1434.9936, -253182.5635, -1353785.2995, -1635625.8889]","[3.0368, 3.0367, 3.0362, -1000459.3772, -1001433.1156, -1253180.6855, -2353783.4213, -2635624.0107]","[0.109, 0.167, 0.241, 0.525, 0.716, 11.911, 14.737, 11.836]","[[[-0.026, 0.0], [-0.026, 0.0], [-0.026, 0.0], [-0.026, 0.0], [-0.026, 0.0], [-0.026, 0.0]], [[-0.026, 0.0], [-0.026, 0.0], [-0.026, 0.0], [-0.026, 0.0], [-0.026, 0.0], [1.1161, 0.0]], [[-0.026, 0.0], [-0.026, 0.0], [-0.026, 0.0], [0.8306, 0.0], [-0.026, 0.0], [-0.026, 0.0]], [[-0.026, 0.0], [-0.026, 0.0], [-0.026, 0.0], [0.8306, 0.0], [2.2582, 0.0], [0.2595, 0.0]], [[-0.026, 0.0], [-0.026, 0.0], [-0.026, 0.0], [0.8306, 0.0], [3.1148, -0.1305], [-0.026, 0.0]], [[-0.026, 0.0], [-0.026, 0.0], [-0.026, 0.0], [0.8306, 0.0], [1.4016, 0.1305], [69.6432, -0.3916]], [[-0.026, 0.0], [-0.026, 0.0], [-0.026, 0.0], [-0.026, 0.0], [69.6432, 0.1305], [19.1045, -1.436]], [[-0.026, 0.0], [-0.026, 0.0], [-0.026, 0.0], [-0.026, 0.0], [69.6432, 3.0026], [1.6871, -0.1305]]]",6.0991,0.0,0.0,0.0,0.0,0.0,0.0,True,[3],0.0,0.0,0.0,0.1087,8.0,0.026,0.0303,0.3966,0.026,0.0271,0.1087,"[[-0.026, 0.0], [-0.026, 0.0], [-0.026, 0.0], [-0.026, 0.0], [-0.026, 0.0], [-0.026, 0.0]]",ok,14.7365,1.0,1.0,1.0,1.0,1.0,1.0,0.5,0.75,0.8333333333333334,3b86f8218554493f928b39824655872a,scene-0564,42
0.0676,0.0683,0.0703,0.0741,0.0709,0.0705,0.0,0.0,0.0,0.0,0.0,0.0,0.0,0.0,0.0,ok,straight,0.0676,0.0683,0.5063,0.0741,0.0709,0.1432,False,"[-0.0, -0.0, -0.0, -0.0, -0.6527, -0.6527, -0.7833, -1.2402]","[-0.013, -6.2743, -7.8396, -455.8355, -845.2163, -98091.6558, -247710.6112, -270679.7731]","[3.3985, 3.3985, 3.3984, 3.3943, -1000843.4459, -1098089.8854, -1247708.8408, -1270678.0027]","[0.071, 0.143, 0.359, 0.239, 1.595, 7.072, 11.83, 11.908]","[[[-0.026, 0.0], [-0.026, 0.0], [-0.026, 0.0], [-0.026, 0.0], [-0.026, 0.0], [-0.026, 0.0]], [[-0.026, 0.0], [-0.026, 0.0], [-0.026, 0.0], [-0.026, 0.0], [-0.026, 0.0], [0.545, 0.0]], [[-0.026, 0.0], [-0.026, 0.0], [-0.026, 0.0], [-0.026, 0.0], [0.545, 0.0], [1.4016, 0.0]], [[-0.026, 0.0], [-0.026, 0.0], [-0.026, 0.0], [1.1161, 0.0], [-0.026, 0.0], [-0.026, 0.0]], [[-0.026, 0.0], [-0.026, 0.0], [-0.026, 0.0], [1.1161, 0.0], [1.6871, -0.1305], [6.5412, -1.3055]], [[-0.026, 0.0], [-0.026, 0.0], [-0.026, 0.0], [1.1161, 0.0], [-0.026, 0.0], [41.0903, 1.3055]], [[-0.026, 0.0], [-0.026, 0.0], [-0.026, 0.0], [-0.026, 0.0], [1.1161, 0.0], [69.6432, -1.5666]], [[-0.026, 0.0], [-0.026, 0.0], [-0.026, 0.0], [1.1161, 0.0], [0.545, 0.0], [69.6432, -2.4804]]]",4.9574,0.0,0.0,0.0,0.0,0.0,0.0,True,[3],0.0,0.0,0.0,0.0705,8.0,0.0676,0.0683,0.0703,0.0741,0.0709,0.0705,"[[-0.026, 0.0], [-0.026, 0.0], [-0.026, 0.0], [-0.026, 0.0], [-0.026, 0.0], [0.545, 0.0]]",ok,11.9076,1.0,1.0,1.0,1.0,1.0,1.0,0.5,0.75,0.8333333333333334,cf326fa396094c5d87527d1950b31235,scene-0564,42
0.3972,1.1877,3.3141,0.2811,0.6461,1.4124,0.0,0.0,1.0,0.0,0.0,1.0,0.0,0.0,0.3333333333333333,ok,straight,0.1125,1.4723,3.3141,0.1388,0.6461,1.4124,False,"[-0.0, -0.0, -0.0, -0.1305, -0.0653, -0.3264, -0.1958, -0.0653]","[-24.2279, -486.7704, -305.8615, -36.9454, -968.6519, -1209.2767, -2238.6148, -3265.1671]","[4.0983, 3.6693, 3.545, 2.8805, -1000966.7174, -1001207.3421, -1002236.6802, -1003262.9405]","[1.412, 2.172, 1.833, 0.702, 2.215, 1.761, 1.5, 1.453]","[[[1.1161, 0.0], [1.9727, 0.0], [2.5437, 0.0], [3.4003, 0.0], [3.9714, 0.0], [5.1135, 0.0]], [[1.1161, 0.0], [1.9727, 0.0], [2.5437, 0.0], [3.4003, 0.0], [1.9727, 0.0], [2.5437, 0.0]], [[-0.026, 0.0], [0.2595, 0.0], [2.5437, 0.0], [3.4003, 0.0], [3.9714, 0.0], [5.1135, 0.0]], [[1.1161, 0.0], [1.9727, 0.0], [2.5437, 0.0], [3.4003, 0.0], [5.1135, -0.1305], [8.2543, 0.2611]], [[-0.026, 0.0], [0.2595, 0.0], [2.5437, 0.0], [3.4003, 0.0], [2.2582, 0.0], [4.5424, -0.1305]], [[-0.026, 0.0], [0.2595, 0.0], [2.5437, 0.0], [3.4003, 0.0], [5.399, -0.2611], [12.5373, -0.6527]], [[-0.026, 0.0], [0.2595, 0.0], [2.5437, 0.0], [3.4003, 0.0], [6.8267, 1.3055], [5.6846, 0.3916]], [[1.1161, 0.0], [1.9727, 0.0], [2.5437, 0.0], [3.4003, 0.0], [3.1148, 0.0], [11.1096, 0.1305]]]",0.4545,0.0,0.0,1.0,0.0,0.0,1.0,True,[3],0.0,0.0,0.3333333333333333,0.7015,8.0,0.1125,1.4723,0.1634,0.1388,0.6461,0.7015,"[[1.116, 0.0], [1.973, 0.0], [2.544, 0.0], [3.4, 0.0], [3.971, 0.0], [5.113, 0.0]]",ok,2.2151,0.0,0.0,0.0,0.0,0.0,0.0,0.0,0.0,0.0,26ce0c76786c43158b3bac999b27e76b,scene-0564,42
0.9775,1.8957,3.5927,0.9353,1.3786,1.9953,0.0,0.0,1.0,0.0,0.0,1.0,0.0,0.0,0.3333333333333333,ok,right,0.9775,1.5484,3.5927,0.9353,1.1759,1.8602,True,"[-0.0, 0.1305, -0.0, -0.0, -0.1305, -0.0, -8.2899, 0.3264]","[-279.8783, -212.5392, -305.572, -1533.2248, -2657.6155, -4505.6426, -13772.6863, -49665.416]","[3.5339, 3.0924, 3.0392, -1001531.1005, -1002654.9982, -1004503.0253, -1013770.069, -1049663.2918]","[1.995, 1.458, 1.86, 2.663, 2.109, 2.251, 4.478, 4.961]","[[[1.6871, 0.0], [3.6858, 0.0], [4.5424, 0.0], [6.5412, 0.0], [7.3977, 0.0], [9.1109, 0.0]], [[1.6871, 0.0], [3.6858, 0.0], [5.1135, 0.1305], [7.1122, 0.1305], [8.5399, -0.2611], [11.9662, -0.2611]], [[1.6871, 0.0], [3.6858, 0.0], [5.1135, 0.1305], [7.1122, 0.1305], [7.3977, 0.0], [9.1109, 0.0]], [[1.6871, 0.0], [3.6858, 0.0], [5.1135, 0.1305], [7.1122, 0.1305], [5.1135, 0.2611], [5.9701, 0.0]], [[1.6871, 0.0], [3.6858, 0.0], [4.5424, 0.0], [6.5412, 0.0], [5.6846, -0.3916], [10.8241, 0.2611]], [[1.6871, 0.0], [3.6858, 0.0], [4.5424, 0.0], [6.5412, 0.0], [11.1096, 0.5222], [6.8267, 0.0]], [[1.6871, 0.0], [3.6858, 0.0], [4.5424, 0.0], [6.5412, 0.0], [8.2543, 0.1305], [11.6807, 16.5798]], [[1.6871, 0.0], [3.6858, 0.0], [5.1135, 0.1305], [7.1122, 0.1305], [4.5424, -0.6527], [31.3822, -0.6527]]]",1.2025,0.0,0.0,1.0,0.0,0.0,1.0,True,[3],0.0,0.0,0.3333333333333333,1.4582,8.0,0.9775,1.5484,2.2239,0.9353,1.1759,1.4582,"[[1.687, 0.0], [3.686, 0.0], [5.113, 0.131], [7.112, 0.131], [7.398, 0.0], [9.111, 0.0]]",ok,4.9611,0.0,0.0,0.0,0.0,0.0,0.0,0.0,0.0,0.0,9784a87689e64da29ff6d1b2fbaf6673,scene-0564,42
1.9222,3.6827,8.0577,1.3657,2.4459,3.9295,0.0,0.0,0.0,0.0,0.0,0.0,0.0,0.0,0.0,ok,right,1.3985,3.6827,8.0577,1.5296,2.5279,3.9841,False,"[-0.8486, -0.8486, -0.9138, -1.436, -1.0444, 1.3055, -8.2899, 0.9791]","[-647.103, -1445.5823, -1672.4355, -727.9533, -1985.7319, -2015.802, -7191.0006, -98260.1211]","[2.524, 2.4848, 2.4541, 2.3094, -1001983.8296, -1002013.9137, -1007189.1124, -1098258.2188]","[3.929, 3.984, 4.174, 4.062, 3.849, 3.143, 6.524, 6.128]","[[[1.1161, 0.0], [1.9727, 0.1305], [2.5437, 0.1305], [5.1135, 0.6527], [5.6846, 0.6527], [7.3977, 1.6971]], [[0.2595, 0.0], [2.5437, 0.1305], [2.5437, 0.1305], [5.1135, 0.6527], [5.6846, 0.6527], [7.3977, 1.6971]], [[0.2595, 0.0], [2.5437, 0.1305], [2.5437, 0.1305], [5.1135, 0.6527], [5.1135, 1.1749], [6.8267, 1.8277]], [[1.1161, 0.0], [1.9727, 0.1305], [2.5437, 0.1305], [5.1135, 0.6527], [5.9701, 0.5222], [7.3977, 2.8721]], [[1.1161, 0.0], [1.9727, 0.1305], [2.5437, 0.1305], [5.1135, 0.6527], [6.5412, -1.0444], [5.399, 2.0888]], [[0.2595, 0.0], [2.5437, 0.1305], [2.5437, 0.1305], [5.1135, 0.6527], [5.6846, 0.2611], [9.3964, -2.611]], [[0.2595, 0.0], [2.5437, 0.1305], [2.5437, 0.1305], [5.1135, 0.6527], [7.6833, 2.7415], [8.5399, 16.5798]], [[1.1161, 0.0], [1.9727, 0.1305], [2.5437, 0.1305], [5.1135, 0.6527], [10.5386, 16.5798], [5.399, -1.9582]]]",1.1123,0.0,0.0,0.0,0.0,0.0,0.0,True,[3],0.0,0.0,0.0,3.1427,8.0,1.3985,3.6827,3.3089,1.5296,2.5279,3.1427,"[[0.259, 0.0], [2.544, 0.131], [2.544, 0.131], [5.113, 0.653], [5.685, 0.653], [7.398, 1.697]]",ok,6.5241,0.0,0.0,0.0,0.0,0.0,0.0,0.0,0.0,0.0,f0c47597c226445fa1e14c82d879f9a4,scene-0565,42
1.0423,2.7187,2.6441,0.9068,1.6455,2.1199,0.0,0.0,0.0,0.0,0.0,0.0,0.0,0.0,0.0,ok,straight,2.1844,2.7187,2.0733,1.9175,2.1509,2.4093,False,"[-0.0, -0.0, -0.1305, -1.1097, -0.0, -0.0653, -0.1958, -1.0444]","[-373.3834, -336.2958, -493.6641, -1681.6126, -2591.6832, -3338.4145, -4436.4568, -82627.6123]","[4.0172, 3.9593, -1000490.8583, -1001678.7476, -1002588.8182, -1003335.5496, -1004433.6511, -1082624.8066]","[2.072, 2.409, 2.32, 1.587, 3.083, 1.655, 2.104, 5.459]","[[[3.6858, 0.0], [6.5412, 0.0], [10.5386, 0.0], [14.2505, 0.0], [18.2479, 0.0], [19.39, 0.0]], [[4.5424, 0.2611], [7.6833, 0.0], [10.5386, 0.0], [14.2505, 0.0], [18.2479, 0.0], [19.39, 0.0]], [[4.5424, 0.2611], [7.6833, 0.0], [10.5386, 0.0], [14.2505, 0.0], [18.2479, 0.1305], [18.8189, -0.2611]], [[3.6858, 0.0], [6.5412, 0.0], [10.5386, 0.0], [14.2505, 0.0], [13.9649, 0.0], [16.5347, -2.2193]], [[3.6858, 0.0], [6.5412, 0.0], [10.5386, 0.0], [14.2505, 0.0], [21.1032, 1.0444], [22.5308, 0.0]], [[3.6858, 0.0], [6.5412, 0.0], [10.5386, 0.0], [14.2505, 0.0], [13.9649, -0.7833], [19.6755, 0.1305]], [[4.5424, 0.2611], [7.6833, 0.0], [10.5386, 0.0], [14.2505, 0.0], [13.6794, 0.0], [20.5321, 0.3916]], [[4.5424, 0.2611], [7.6833, 0.0], [10.5386, 0.0], [14.2505, 0.0], [18.2479, 16.5798], [24.244, 2.0888]]]",1.1707,0.0,0.0,0.0,0.0,0.0,0.0,True,[3],0.0,0.0,0.0,1.5867,8.0,1.0423,2.7187,2.429,0.9068,1.6455,1.5867,"[[4.542, 0.261], [7.683, 0.0], [10.539, 0.0], [14.25, 0.0], [18.248, 0.0], [19.39, 0.0]]",ok,5.459,0.0,0.0,0.0,0.0,0.0,0.0,0.0,0.0,0.0,9287148365d241a99104b0b129246071,scene-0565,42
1.6332,4.0905,5.2907,1.2033,2.3212,3.3422,0.0,0.0,0.0,0.0,0.0,0.0,0.0,0.0,0.0,ok,straight,1.6332,3.805,5.2907,1.2033,2.1074,3.2472,True,"[-0.0, -0.0, -0.0653, -0.2611, -0.3916, -0.6527, -0.2611, -0.718]","[-160.795, -244.0059, -82.673, -385.9591, -826.0026, -3225.9331, -17944.1108, -28890.5627]","[4.3441, 4.3357, 4.1015, 3.322, -1000823.4021, -1003223.3325, -1017941.51, -1028887.9619]","[3.39, 3.247, 4.346, 3.917, 3.028, 3.225, 3.73, 4.446]","[[[3.4003, 0.0], [6.8267, 0.0], [10.5386, 0.0], [14.2505, 0.0], [18.2479, 0.0], [19.9611, 0.0]], [[3.4003, 0.0], [6.8267, 0.0], [9.9675, -0.1305], [13.9649, 0.0], [18.2479, 0.0], [19.9611, 0.0]], [[3.4003, 0.0], [6.8267, 0.0], [9.9675, -0.1305], [13.9649, 0.0], [19.1045, 0.5222], [25.6716, 0.1305]], [[3.4003, 0.0], [6.8267, 0.0], [10.5386, 0.0], [14.2505, 0.0], [19.39, 0.0], [21.9598, 0.5222]], [[3.4003, 0.0], [6.8267, 0.0], [9.9675, -0.1305], [13.9649, 0.0], [18.2479, -0.5222], [18.5334, 0.7833]], [[3.4003, 0.0], [6.8267, 0.0], [9.9675, -0.1305], [13.9649, 0.0], [15.107, -0.5222], [22.8163, 1.3055]], [[3.4003, 0.0], [6.8267, 0.0], [10.5386, 0.0], [14.2505, 0.0], [12.5373, 0.0], [27.6704, -0.5222]], [[3.4003, 0.0], [6.8267, 0.0], [10.5386, 0.0], [14.2505, 0.0], [26.2427, 0.5222], [17.9623, 1.436]]]",0.499,0.0,0.0,0.0,0.0,0.0,0.0,True,[3],0.0,0.0,0.0,3.0277,8.0,1.6332,3.805,3.9565,1.2033,2.1074,3.0277,"[[3.4, 0.0], [6.827, 0.0], [9.968, -0.131], [13.965, 0.0], [18.248, 0.0], [19.961, 0.0]]",ok,4.4461,0.0,0.0,0.0,0.0,0.0,0.0,0.0,0.0,0.0,5f2b89acd9c34488af6c4419f10703de,scene-0565,42
3.3329,7.558,13.2184,2.5889,4.7006,6.9649,0.0,0.0,1.0,0.0,0.0,1.0,0.0,0.0,0.3333333333333333,ok,straight,3.3329,7.558,13.2184,2.5889,4.7006,6.9649,False,"[-0.0653, -0.0653, -0.4569, -0.5222, -0.3264, -8.2899, -8.2899, -0.4569]","[-240.1, -456.1932, -844.9156, -734.2366, -1044.596, -17695.3373, -18984.1383, -172028.5395]","[4.1771, 4.1734, 4.0529, 4.0362, -1001041.5411, -1017692.2823, -1018981.0834, -1172025.4844]","[6.965, 6.68, 7.256, 6.311, 7.404, 9.094, 8.389, 15.473]","[[[2.8293, 0.0], [5.1135, 0.0], [8.5399, 0.1305], [10.5386, 0.1305], [13.1083, 0.1305], [16.8202, 0.1305]], [[2.8293, 0.0], [5.1135, 0.0], [6.8267, 0.2611], [10.5386, -0.1305], [13.1083, 0.1305], [16.8202, 0.1305]], [[2.8293, 0.0], [5.1135, 0.0], [8.5399, 0.1305], [10.5386, 0.1305], [14.8215, 0.1305], [16.8202, 0.9138]], [[2.8293, 0.0], [5.1135, 0.0], [6.8267, 0.2611], [10.5386, -0.1305], [12.2517, 0.5222], [15.3926, 1.0444]], [[2.8293, 0.0], [5.1135, 0.0], [8.5399, 0.1305], [10.5386, 0.1305], [12.8228, 0.9138], [19.6755, 0.6527]], [[2.8293, 0.0], [5.1135, 0.0], [6.8267, 0.2611], [10.5386, -0.1305], [18.2479, 0.0], [18.8189, 16.5798]], [[2.8293, 0.0], [5.1135, 0.0], [8.5399, 0.1305], [10.5386, 0.1305], [15.9636, 0.2611], [12.5373, 16.5798]], [[2.8293, 0.0], [5.1135, 0.0], [6.8267, 0.2611], [10.5386, -0.1305], [12.8228, -2.0888], [69.6432, 0.9138]]]",2.7876,0.0,0.0,1.0,0.0,0.0,1.0,True,[3],0.0,0.0,0.3333333333333333,6.3113,8.0,3.3329,7.556,11.8425,2.5889,4.2739,6.3113,"[[2.829, 0.0], [5.113, 0.0], [8.54, 0.131], [10.539, 0.131], [13.108, 0.131], [16.82, 0.131]]",ok,15.4728,0.0,0.0,1.0,0.0,0.0,1.0,0.0,0.0,0.3333333333333333,77ee28e79c2f400d893c9712b1c75b6b,scene-0565,42
1.2848,1.4341,1.8942,0.8976,1.1476,1.4908,0.0,0.0,0.0,0.0,0.0,0.0,0.0,0.0,0.0,ok,right,0.7274,1.4341,1.7072,1.0424,1.2286,1.3557,True,"[0.6527, 0.6527, 0.3916, 1.0444, 1.3055, 1.3708, 1.1097, 2.611]","[-20.8545, -404.6033, -675.4955, -1732.5642, -2656.511, -73891.6428, -110192.297, -170446.4453]","[1.604, 1.3611, 0.9495, -1001730.9257, -1002654.8724, -1073890.2409, -1110190.6584, -1170445.0435]","[1.307, 1.356, 1.851, 1.674, 1.799, 3.749, 4.389, 9.951]","[[[3.1148, 0.0], [6.5412, -0.1305], [9.3964, -0.3916], [12.2517, -0.7833], [15.107, -1.0444], [17.9623, -1.3055]], [[3.9714, 0.0], [5.9701, -0.6527], [9.3964, -0.3916], [12.2517, -0.7833], [15.107, -1.0444], [17.9623, -1.3055]], [[3.9714, 0.0], [5.9701, -0.6527], [9.3964, -0.3916], [12.2517, -0.7833], [16.5347, -1.6971], [19.9611, -0.7833]], [[3.1148, 0.0], [6.5412, -0.1305], [9.3964, -0.3916], [12.2517, -0.7833], [17.6768, -0.6527], [18.2479, -2.0888]], [[3.1148, 0.0], [6.5412, -0.1305], [9.3964, -0.3916], [12.2517, -0.7833], [18.2479, -0.5222], [18.5334, -2.611]], [[3.9714, 0.0], [5.9701, -0.6527], [9.3964, -0.3916], [12.2517, -0.7833], [28.8125, -2.7415], [14.2505, -2.7415]], [[3.1148, 0.0], [6.5412, -0.1305], [9.3964, -0.3916], [12.2517, -0.7833], [18.8189, 16.5798], [19.39, -2.2193]], [[3.9714, 0.0], [5.9701, -0.6527], [9.3964, -0.3916], [12.2517, -0.7833], [13.6794, 0.0], [69.6432, -5.222]]]",2.7466,0.0,0.0,0.0,0.0,0.0,0.0,True,[3],0.0,0.0,0.0,1.3075,8.0,1.2848,1.4341,1.7072,0.8976,1.1562,1.3075,"[[3.971, 0.0], [5.97, -0.653], [9.396, -0.392], [12.252, -0.783], [15.107, -1.044], [17.962, -1.305]]",ok,9.9506,0.0,0.0,0.0,0.0,0.0,0.0,0.0,0.0,0.0,67d2d74087714e4994a68c7347acf55a,scene-0625,42
0.8914,2.4863,1.1103,0.7404,1.3449,1.3356,0.0,0.0,0.0,0.0,0.0,0.0,0.0,0.0,0.0,ok,straight,0.8914,1.0587,1.1103,0.7404,0.8453,0.8216,True,"[-0.0653, -0.0653, -0.0, -0.3264, -0.1305, -0.0653, -0.1305, -0.1305]","[-34.4545, -155.6137, -836.691, -2358.1715, -2648.096, -2760.0433, -3527.4018, -4145.0723]","[4.6322, 4.5482, -1000834.0004, -1002355.4809, -1002644.1716, -1002756.1189, -1003523.4774, -1004141.1479]","[1.003, 1.071, 0.921, 3.574, 1.135, 1.073, 1.087, 1.502]","[[[3.4003, 0.0], [6.5412, 0.0], [9.3964, -0.1305], [12.8228, -0.1305], [16.2492, -0.1305], [18.8189, -0.1305]], [[3.4003, 0.0], [6.5412, 0.0], [9.3964, -0.1305], [12.8228, -0.1305], [15.107, -0.3916], [15.107, -0.1305]], [[3.4003, 0.0], [6.5412, 0.0], [9.3964, -0.1305], [12.8228, -0.1305], [14.536, -1.1749], [18.8189, 0.0]], [[3.4003, 0.0], [6.5412, 0.0], [9.3964, -0.1305], [12.8228, -0.1305], [21.9598, -0.3916], [28.5269, -0.6527]], [[2.2582, 0.0], [6.5412, 0.0], [9.682, -0.1305], [10.5386, 0.0], [16.2492, 0.0], [19.1045, 0.2611]], [[2.2582, 0.0], [6.5412, 0.0], [9.682, -0.1305], [10.5386, 0.0], [16.2492, -0.1305], [18.8189, -0.1305]], [[2.2582, 0.0], [6.5412, 0.0], [9.682, -0.1305], [10.5386, 0.0], [15.9636, 0.0], [16.2492, -0.2611]], [[2.2582, 0.0], [6.5412, 0.0], [9.682, -0.1305], [10.5386, 0.0], [17.3913, -0.3916], [20.2466, -0.2611]]]",0.8293,0.0,0.0,0.0,0.0,0.0,0.0,True,[3],0.0,0.0,0.0,0.9211,8.0,0.8914,1.0587,1.1282,0.7404,0.8453,0.9211,"[[3.4, 0.0], [6.541, 0.0], [9.396, -0.131], [12.823, -0.131], [15.107, -0.392], [18.819, -0.131]]",ok,3.5736,0.0,0.0,0.0,0.0,0.0,0.0,0.0,0.0,0.0,2e74db7a04ef4ef49ec7f136a260a878,scene-0625,42
0.1099,0.0522,1.446,0.0801,0.2062,0.5741,0.0,0.0,0.0,0.0,0.0,0.0,0.0,0.0,0.0,ok,straight,0.0658,0.8305,1.446,0.6272,0.6744,0.8862,False,"[-0.1305, -0.1958, -0.1305, -0.0653, -0.0653, -0.5875, -0.3264, -0.3916]","[-194.5724, -336.1086, -1127.9169, -950.1164, -989.2672, -4459.2273, -5762.7474, -16207.0324]","[3.2801, 2.8739, 1.4598, -1000949.7884, -1000987.3027, -1004457.2628, -1005762.4194, -1016206.7044]","[0.886, 1.182, 0.923, 0.913, 1.827, 1.22, 1.495, 1.72]","[[[4.5424, 0.0], [6.8267, 0.0], [9.682, -0.1305], [13.1083, -0.1305], [16.2492, -0.1305], [19.39, -0.2611]], [[4.5424, 0.0], [6.8267, 0.0], [9.682, -0.1305], [13.1083, -0.1305], [15.3926, -0.3916], [18.5334, 0.3916]], [[4.5424, 0.0], [6.8267, 0.0], [9.1109, -0.1305], [13.9649, 0.3916], [16.2492, -0.1305], [19.39, -0.2611]], [[4.5424, 0.0], [6.8267, 0.0], [9.1109, -0.1305], [13.9649, 0.3916], [18.2479, -0.2611], [19.1045, -0.1305]], [[4.5424, 0.0], [6.8267, 0.0], [9.682, -0.1305], [13.1083, -0.1305], [20.2466, 0.2611], [26.2427, -0.1305]], [[4.5424, 0.0], [6.8267, 0.0], [9.682, -0.1305], [13.1083, -0.1305], [20.2466, -0.2611], [19.39, -1.1749]], [[4.5424, 0.0], [6.8267, 0.0], [9.1109, -0.1305], [13.9649, 0.3916], [21.3887, 0.1305], [18.8189, -0.6527]], [[4.5424, 0.0], [6.8267, 0.0], [9.1109, -0.1305], [13.9649, 0.3916], [11.1096, -0.3916], [21.6742, -0.7833]]]",0.348,0.0,0.0,0.0,0.0,0.0,0.0,True,[3],0.0,0.0,0.0,0.8862,8.0,0.0658,0.8305,1.446,0.6272,0.6744,0.8862,"[[4.542, 0.0], [6.827, 0.0], [9.682, -0.131], [13.108, -0.131], [16.249, -0.131], [19.39, -0.261]]",ok,1.8266,0.0,0.0,0.0,0.0,0.0,0.0,0.0,0.0,0.0,0e8e2f64b807428ca4ed5bc33c996389,scene-0625,42
2.6426,4.6425,7.833,1.7128,2.8384,4.3945,0.0,0.0,0.0,0.0,0.0,0.0,0.0,0.0,0.0,ok,straight,3.7777,5.2043,6.7262,2.5658,3.4054,4.588,False,"[-0.5222, -0.5222, -0.5222, -0.5875, -2.8721, -0.1958, -0.1305, -7.3108]","[-690.0621, -1191.4666, -2778.9759, -4807.123, -4895.3487, -16746.9966, -23470.3748, -199456.8657]","[4.0139, 4.006, -1002774.3742, -1004802.5212, -1004892.2797, -1016742.3948, -1023465.773, -1199453.7967]","[4.588, 3.762, 4.53, 4.76, 3.58, 4.528, 4.985, 11.94]","[[[2.2582, 0.0], [4.2569, 0.0], [8.5399, -0.2611], [10.5386, -0.5222], [12.5373, -0.7833], [16.2492, -1.0444]], [[2.2582, 0.0], [4.2569, 0.0], [8.5399, -0.2611], [10.5386, -0.5222], [15.107, -0.6527], [18.8189, -1.0444]], [[2.2582, 0.0], [4.2569, 0.0], [7.1122, -0.1305], [12.2517, -0.1305], [12.5373, -0.7833], [16.2492, -1.0444]], [[2.2582, 0.0], [4.2569, 0.0], [7.1122, -0.1305], [12.2517, -0.1305], [11.3952, -0.3916], [15.9636, -1.1749]], [[2.2582, 0.0], [4.2569, 0.0], [8.5399, -0.2611], [10.5386, -0.5222], [17.3913, -0.3916], [20.5321, 5.7442]], [[2.2582, 0.0], [4.2569, 0.0], [7.1122, -0.1305], [12.2517, -0.1305], [13.1083, -1.6971], [29.6691, -0.3916]], [[2.2582, 0.0], [4.2569, 0.0], [7.1122, -0.1305], [12.2517, -0.1305], [12.5373, 0.0], [32.2388, -0.2611]], [[2.2582, 0.0], [4.2569, 0.0], [8.5399, -0.2611], [10.5386, -0.5222], [11.1096, -1.1749], [69.6432, -14.6216]]]",2.537,0.0,0.0,0.0,0.0,0.0,0.0,True,[3],0.0,0.0,0.0,3.5802,8.0,3.7777,5.2043,5.4632,2.5658,3.4054,3.5802,"[[2.258, 0.0], [4.257, 0.0], [8.54, -0.261], [10.539, -0.522], [12.537, -0.783], [16.249, -1.044]]",ok,11.9401,0.0,0.0,0.0,0.0,0.0,0.0,0.0,0.0,0.0,30d93e4625f74b07a9966a5f8e9efa9e,scene-0625,42
2.4746,4.8249,5.919,1.8058,2.8964,3.9557,0.0,0.0,0.0,0.0,0.0,0.0,0.0,0.0,0.0,ok,straight,2.4746,4.8249,3.0186,1.8058,2.8964,3.4723,True,"[-1.8277, -1.8277, -1.5013, -8.2899, -2.6763, -1.8277, -0.0, -0.5875]","[-149.9871, -483.8665, -7383.7709, -11437.901, -1807.6314, -2291.0491, -20089.3957, -1073389.2969]","[2.0495, 2.0485, -1007382.3218, -1011436.4519, -2003278.4157, -2003761.8334, -2021560.18, -3074860.0812]","[3.956, 3.223, 3.65, 6.213, 4.649, 4.663, 7.771, 11.596]","[[[2.8293, -0.1305], [5.399, -0.2611], [8.5399, -0.7833], [11.1096, -1.6971], [13.6794, -2.4804], [18.2479, -3.6554]], [[2.8293, -0.1305], [5.399, -0.2611], [8.5399, -0.7833], [11.1096, -1.6971], [15.9636, -3.6554], [22.2453, -3.6554]], [[2.8293, -0.1305], [5.399, -0.2611], [8.5399, -0.7833], [11.1096, -1.6971], [11.6807, -2.4804], [23.9585, -3.0026]], [[2.8293, -0.1305], [5.399, -0.2611], [8.5399, -0.7833], [11.1096, -1.6971], [13.1083, -0.3916], [15.6781, 16.5798]], [[2.8293, -0.1305], [5.399, -0.2611], [6.2556, -1.5666], [9.1109, -0.1305], [14.2505, -1.0444], [18.5334, -5.3525]], [[2.8293, -0.1305], [5.399, -0.2611], [6.2556, -1.5666], [9.1109, -0.1305], [13.6794, -2.4804], [18.2479, -3.6554]], [[2.8293, -0.1305], [5.399, -0.2611], [6.2556, -1.5666], [9.1109, -0.1305], [12.8228, -3.9165], [0.2595, 0.0]], [[2.8293, -0.1305], [5.399, -0.2611], [6.2556, -1.5666], [9.1109, -0.1305], [69.6432, -5.222], [19.9611, -1.1749]]]",2.619,0.0,0.0,0.0,0.0,0.0,0.0,False,[3],0.0,0.0,0.0,3.2227,8.0,2.4746,4.8249,3.0186,1.8058,2.8964,3.2227,"[[2.829, -0.131], [5.399, -0.261], [8.54, -0.783], [11.11, -1.697], [13.679, -2.48], [22.245, -3.655]]",ok,11.5959,0.0,0.0,0.0,0.0,0.0,0.0,0.0,0.0,0.0,57f23d2f55e6455696c6d3cc70a4f501,scene-0626,42
0.2873,1.7547,2.3671,0.2877,0.723,1.2065,0.0,0.0,0.0,0.0,0.0,0.0,0.0,0.0,0.0,ok,straight,0.1237,0.834,2.3671,0.0799,0.3311,0.803,True,"[-0.1305, -0.9791, -0.1305, -1.5013, -0.2611, -0.2611, -0.4569, -0.1305]","[-792.1662, -794.9534, -951.7408, -1370.932, -2581.3005, -2865.1619, -5094.9358, -16529.5101]","[4.1502, -1000793.0801, -1000949.8676, -1001368.1499, -1002578.5183, -1002863.2886, -1005093.0625, -1016526.728]","[0.962, 1.291, 0.803, 1.454, 1.272, 2.194, 1.375, 1.334]","[[[3.4003, 0.0], [6.8267, 0.0], [10.5386, 0.0], [12.2517, 0.0], [16.2492, -0.2611], [18.2479, -0.2611]], [[3.4003, 0.0], [6.8267, 0.0], [9.9675, 0.0], [14.8215, -0.1305], [16.2492, -1.0444], [15.6781, -1.9582]], [[3.4003, 0.0], [6.8267, 0.0], [9.9675, 0.0], [14.8215, -0.1305], [16.2492, -0.2611], [18.2479, -0.2611]], [[3.4003, 0.0], [6.8267, 0.0], [10.5386, 0.0], [12.2517, 0.0], [17.9623, -1.8277], [24.8151, -3.0026]], [[3.4003, 0.0], [6.8267, 0.0], [10.5386, 0.0], [12.2517, 0.0], [13.3939, 0.0], [21.9598, -0.5222]], [[3.4003, 0.0], [6.8267, 0.0], [9.9675, 0.0], [14.8215, -0.1305], [13.3939, 0.0], [12.8228, 0.5222]], [[3.4003, 0.0], [6.8267, 0.0], [9.9675, 0.0], [14.8215, -0.1305], [13.3939, -0.5222], [17.6768, -0.9138]], [[3.4003, 0.0], [6.8267, 0.0], [10.5386, 0.0], [12.2517, 0.0], [22.8163, -0.5222], [20.5321, -0.2611]]]",0.3843,0.0,0.0,0.0,0.0,0.0,0.0,False,[3],0.0,0.0,0.0,0.803,8.0,0.1237,0.834,2.3671,0.0799,0.3311,0.803,"[[3.4, 0.0], [6.827, 0.0], [9.968, 0.0], [14.822, -0.131], [16.249, -0.261], [18.248, -0.261]]",ok,2.1942,0.0,0.0,0.0,0.0,0.0,0.0,0.0,0.0,0.0,bbf1d23e80b84da798c56cbac090f7d9,scene-0626,42
2.1902,4.3739,7.7383,1.5635,2.7017,4.0809,0.0,0.0,0.0,0.0,0.0,0.0,0.0,0.0,0.0,ok,straight,2.1902,4.3739,6.893,1.5635,2.7017,3.7974,True,"[-0.0, -0.0653, -0.1305, -0.1305, -2.5457, -0.2611, -0.4569, -0.6527]","[-665.1153, -316.5095, -104.4421, -559.5696, -1473.011, -2024.9393, -13998.1868, -71009.4765]","[3.5981, 3.5513, 3.4778, 3.4371, -1001470.526, -1002022.4542, -1013995.7226, -1071007.0123]","[2.583, 4.082, 3.844, 3.749, 4.269, 3.176, 4.132, 7.235]","[[[2.2582, 0.0], [6.8267, -0.1305], [9.3964, -0.1305], [12.2517, -0.1305], [13.1083, 0.0], [11.3952, 0.0]], [[3.1148, 0.0], [6.5412, -0.1305], [9.3964, -0.1305], [12.2517, -0.1305], [15.9636, -0.3916], [17.1058, -0.1305]], [[3.1148, 0.0], [6.5412, -0.1305], [9.3964, -0.1305], [12.2517, -0.1305], [14.2505, -0.2611], [17.3913, -0.2611]], [[2.2582, 0.0], [6.8267, -0.1305], [9.3964, -0.1305], [12.2517, -0.1305], [14.2505, -0.2611], [17.3913, -0.2611]], [[3.1148, 0.0], [6.5412, -0.1305], [9.3964, -0.1305], [12.2517, -0.1305], [15.9636, -0.1305], [16.8202, -5.0914]], [[3.1148, 0.0], [6.5412, -0.1305], [9.3964, -0.1305], [12.2517, -0.1305], [11.6807, -0.5222], [15.9636, -0.5222]], [[2.2582, 0.0], [6.8267, -0.1305], [9.3964, -0.1305], [12.2517, -0.1305], [20.2466, -0.6527], [13.6794, -0.9138]], [[2.2582, 0.0], [6.8267, -0.1305], [9.3964, -0.1305], [12.2517, -0.1305], [17.9623, -15.1438], [26.2427, -1.3055]]]",1.2842,0.0,0.0,0.0,0.0,0.0,0.0,True,[3],0.0,0.0,0.0,2.5827,8.0,2.4757,4.3739,1.2937,1.2796,2.5598,2.5827,"[[3.115, 0.0], [6.541, -0.131], [9.396, -0.131], [12.252, -0.131], [14.25, -0.261], [17.106, -0.131]]",ok,7.235,0.0,0.0,0.0,0.0,0.0,0.0,0.0,0.0,0.0,5fd5c3f8e4c54137a3bbb794ae4dc9e7,scene-0626,42
3.2748,4.685,3.6711,2.1597,3.2577,3.5001,0.0,0.0,0.0,0.0,0.0,0.0,0.0,0.0,0.0,ok,straight,3.2748,4.685,4.5272,2.1597,3.2577,3.6428,False,"[-0.0, -0.0, -0.0, -0.4569, -0.0, -0.5222, -0.0653, -0.1958]","[-106.7686, -209.8209, -560.7766, -317.16, -853.4164, -4384.1788, -6913.1048, -192542.9013]","[3.056, 3.0272, 3.0216, 0.7819, -1000851.5279, -1004382.3175, -1006911.2163, -1192541.0128]","[3.595, 3.643, 3.881, 4.841, 3.643, 5.079, 4.737, 14.255]","[[[1.1161, 0.0], [3.4003, 0.0], [5.1135, 0.0], [6.8267, 0.0], [7.6833, 0.0], [9.1109, 0.0]], [[1.1161, 0.0], [3.6858, 0.0], [5.1135, 0.0], [6.8267, 0.0], [7.6833, 0.0], [9.1109, 0.0]], [[1.1161, 0.0], [3.6858, 0.0], [5.1135, 0.0], [6.8267, 0.0], [7.3977, -0.1305], [10.8241, 0.0]], [[1.1161, 0.0], [3.6858, 0.0], [5.1135, 0.0], [6.8267, 0.0], [9.3964, 0.0], [14.536, 0.9138]], [[1.1161, 0.0], [3.4003, 0.0], [5.1135, 0.0], [6.8267, 0.0], [9.3964, -0.1305], [7.6833, 0.0]], [[1.1161, 0.0], [3.6858, 0.0], [5.1135, 0.0], [6.8267, 0.0], [13.1083, 0.0], [12.2517, -1.0444]], [[1.1161, 0.0], [3.4003, 0.0], [5.1135, 0.0], [6.8267, 0.0], [13.3939, -0.1305], [10.253, -0.1305]], [[1.1161, 0.0], [3.4003, 0.0], [5.1135, 0.0], [6.8267, 0.0], [9.682, -4.5692], [69.6432, -0.3916]]]",3.3724,0.0,0.0,0.0,0.0,0.0,0.0,True,[3],0.0,0.0,0.0,3.5952,8.0,2.9892,4.685,4.5272,2.0169,3.1863,3.5952,"[[1.116, 0.0], [3.686, 0.0], [5.113, 0.0], [6.827, 0.0], [7.683, 0.0], [9.111, 0.0]]",ok,14.2554,0.0,0.0,1.0,0.0,0.0,1.0,0.0,0.0,0.3333333333333333,bc35cb43c7de4fd3ab2355a9cc632ef9,scene-0626,42
1.0016,2.421,1.5509,0.7561,1.4244,1.5185,0.0,0.0,0.0,0.0,0.0,0.0,0.0,0.0,0.0,ok,straight,1.0016,1.87,1.6507,0.7561,1.2866,1.4956,True,"[-0.0, -0.0653, -0.0653, -0.0653, -1.436, -0.0, -0.0, -0.0]","[-27.2302, -219.7158, -722.3439, -1755.3906, -4730.445, -10800.1832, -13858.3865, -17211.1215]","[4.1023, 3.9323, -1000719.666, -1001752.7126, -1004727.7671, -1010797.4784, -1013855.7086, -1017208.4167]","[1.601, 1.558, 1.114, 1.237, 1.875, 2.385, 3.322, 3.471]","[[[2.2582, 0.0], [4.5424, 0.0], [6.5412, 0.0], [9.1109, -0.1305], [11.6807, 0.0], [14.536, 0.0]], [[2.2582, 0.0], [4.5424, 0.0], [6.5412, 0.0], [9.1109, -0.1305], [11.1096, -0.1305], [15.3926, -0.1305]], [[2.2582, 0.0], [4.5424, 0.0], [7.1122, -0.3916], [10.8241, -0.1305], [12.8228, 0.1305], [17.9623, 0.1305]], [[2.2582, 0.0], [4.5424, 0.0], [7.1122, -0.3916], [10.8241, -0.1305], [11.1096, -0.1305], [15.3926, -0.1305]], [[2.2582, 0.0], [4.5424, 0.0], [7.1122, -0.3916], [10.8241, -0.1305], [9.1109, 0.0], [13.3939, -2.8721]], [[2.2582, 0.0], [4.5424, 0.0], [6.5412, 0.0], [9.1109, -0.1305], [16.2492, 0.1305], [10.253, 0.0]], [[2.2582, 0.0], [4.5424, 0.0], [7.1122, -0.3916], [10.8241, -0.1305], [14.536, 0.0], [1.1161, 0.0]], [[2.2582, 0.0], [4.5424, 0.0], [6.5412, 0.0], [9.1109, -0.1305], [14.536, -0.2611], [1.9727, 0.0]]]",0.8482,0.0,0.0,0.0,0.0,0.0,0.0,True,[3],0.0,0.0,0.0,1.1145,8.0,1.0016,0.5634,2.0934,0.7561,0.8047,1.1145,"[[2.258, 0.0], [4.542, 0.0], [6.541, 0.0], [9.111, -0.131], [11.681, 0.0], [15.393, 0.0]]",ok,3.4712,0.0,0.0,0.0,0.0,0.0,0.0,0.0,0.0,0.0,0fae8aae30d44b4faf7a9854eac4bc09,scene-0627,42
0.2831,0.5956,1.068,0.2353,0.3851,0.6307,0.0,0.0,0.0,0.0,0.0,0.0,0.0,0.0,0.0,ok,left,0.1706,0.5956,1.068,0.4709,0.5029,0.7093,False,"[0.8486, 0.8486, 3.5248, 0.4569, -8.2899, 8.2899, 0.718, 8.2899]","[-696.6548, -501.0495, -1842.4702, -2093.5404, -23114.1193, -27474.7503, -92477.574, -230080.5502]","[1.1815, 1.0031, -1001841.891, -1002092.9612, -1023113.54, -1027473.9901, -1092476.8137, -1230079.7899]","[1.025, 0.709, 1.489, 1.169, 4.531, 3.9, 4.069, 7.358]","[[[3.1148, 0.1305], [5.9701, 0.2611], [9.682, -0.6527], [12.2517, 0.9138], [15.3926, 1.6971], [17.3913, 1.6971]], [[3.6858, 0.0], [5.9701, 0.3916], [8.5399, 0.5222], [11.1096, 0.7833], [15.3926, 1.6971], [17.3913, 1.6971]], [[3.6858, 0.0], [5.9701, 0.3916], [8.5399, 0.5222], [11.1096, 0.7833], [14.536, 1.3055], [22.2453, 7.0497]], [[3.6858, 0.0], [5.9701, 0.3916], [8.5399, 0.5222], [11.1096, 0.7833], [16.2492, 1.0444], [15.6781, 0.9138]], [[3.6858, 0.0], [5.9701, 0.3916], [8.5399, 0.5222], [11.1096, 0.7833], [19.6755, 1.436], [22.2453, -16.5798]], [[3.1148, 0.1305], [5.9701, 0.2611], [9.682, -0.6527], [12.2517, 0.9138], [8.8254, 0.7833], [18.5334, 16.5798]], [[3.1148, 0.1305], [5.9701, 0.2611], [9.682, -0.6527], [12.2517, 0.9138], [-2.8813, 0.1305], [14.8215, 1.436]], [[3.1148, 0.1305], [5.9701, 0.2611], [9.682, -0.6527], [12.2517, 0.9138], [10.253, -16.5798], [33.952, 16.5798]]]",2.1815,0.0,0.0,0.0,0.0,0.0,0.0,True,[3],0.0,0.0,0.0,0.7093,8.0,0.1706,0.5956,1.068,0.4709,0.5029,0.7093,"[[3.686, 0.0], [5.97, 0.392], [8.54, 0.522], [11.11, 0.783], [15.393, 1.697], [17.391, 1.697]]",ok,7.3585,0.0,0.0,0.0,0.0,0.0,0.0,0.0,0.0,0.0,1141ac734ae0422e9e79ea579d05aef2,scene-0627,42
0.8988,2.4028,2.0465,0.4756,1.2185,1.5622,0.0,0.0,0.0,0.0,0.0,0.0,0.0,0.0,0.0,ok,straight,0.8988,2.4028,2.0465,0.4756,1.2185,1.564,False,"[-0.0653, -0.3264, -0.1958, -0.1958, -0.0, -0.5222, -0.0653, -0.0653]","[-50.3412, -1102.8064, -1446.2686, -1760.495, -4543.6247, -5108.6964, -7996.5839, -1007554.5766]","[3.4961, -1001100.4011, -1001444.0471, -1001758.0897, -1004541.4032, -1005106.4749, -1007994.3624, -2007552.1713]","[1.752, 1.639, 1.536, 1.337, 1.902, 1.608, 1.733, 10.119]","[[[3.6858, 0.0], [6.5412, 0.0], [9.682, -0.1305], [12.8228, -0.1305], [16.2492, -0.1305], [18.8189, -0.1305]], [[3.6858, 0.0], [6.5412, 0.0], [9.682, -0.1305], [12.8228, -0.1305], [15.9636, -0.6527], [23.9585, 0.6527]], [[3.6858, 0.0], [6.5412, 0.0], [11.6807, 0.0], [18.5334, 0.0], [21.1032, -0.5222], [19.9611, -0.3916]], [[3.6858, 0.0], [6.5412, 0.0], [9.682, -0.1305], [12.8228, -0.1305], [18.5334, -0.2611], [19.1045, 0.3916]], [[3.6858, 0.0], [6.5412, 0.0], [11.6807, 0.0], [18.5334, 0.0], [17.6768, -1.3055], [16.8202, 0.0]], [[3.6858, 0.0], [6.5412, 0.0], [11.6807, 0.0], [18.5334, 0.0], [19.39, 0.2611], [25.9572, -1.0444]], [[3.6858, 0.0], [6.5412, 0.0], [11.6807, 0.0], [18.5334, 0.0], [16.2492, -0.1305], [18.8189, -0.1305]], [[3.6858, 0.0], [6.5412, 0.0], [9.682, -0.1305], [12.8228, -0.1305], [69.6432, -0.1305], [17.1058, -0.1305]]]",2.8073,0.0,0.0,0.0,0.0,0.0,0.0,True,[3],0.0,0.0,0.0,1.337,8.0,0.8988,2.4028,2.983,0.4756,1.2185,1.337,"[[3.686, 0.0], [6.541, 0.0], [9.682, -0.131], [12.823, -0.131], [16.249, -0.522], [19.961, -0.131]]",ok,10.1191,0.0,0.0,0.0,0.0,0.0,0.0,0.0,0.0,0.0,101a617fba0a4c7a91073b49b9b6752f,scene-0627,42
0.8044,1.5237,2.0074,0.562,0.898,1.267,0.0,0.0,0.0,0.0,0.0,0.0,0.0,0.0,0.0,ok,right,1.2115,0.176,2.0074,0.7399,0.8429,1.2416,True,"[1.2402, 1.2402, 2.5457, 1.2402, 1.7624, 2.1541, 0.9138, -0.0653]","[-300.9945, -20.485, -803.4016, -2498.9331, -3924.0888, -4986.4561, -15292.2625, -275529.0378]","[2.591, 2.1028, -1000801.0434, -1002497.0661, -1003921.7306, -1004984.0978, -1015290.3955, -1275527.1708]","[1.242, 1.278, 1.238, 1.418, 1.509, 1.266, 2.292, 6.343]","[[[2.8293, 0.0], [6.5412, -0.5222], [9.3964, -1.436], [10.5386, -2.0888], [11.1096, -1.9582], [13.6794, -2.4804]], [[2.2582, -0.1305], [4.5424, -0.2611], [6.8267, -0.7833], [9.1109, -1.436], [11.1096, -1.9582], [13.6794, -2.4804]], [[2.8293, 0.0], [6.5412, -0.5222], [9.3964, -1.436], [10.5386, -2.0888], [11.9662, -3.2637], [17.6768, -5.0914]], [[2.2582, -0.1305], [4.5424, -0.2611], [6.8267, -0.7833], [9.1109, -1.436], [14.536, -0.5222], [15.107, -2.4804]], [[2.8293, 0.0], [6.5412, -0.5222], [9.3964, -1.436], [10.5386, -2.0888], [14.536, -6.0053], [16.8202, -3.5248]], [[2.8293, 0.0], [6.5412, -0.5222], [9.3964, -1.436], [10.5386, -2.0888], [15.6781, -0.6527], [15.107, -4.3081]], [[2.2582, -0.1305], [4.5424, -0.2611], [6.8267, -0.7833], [9.1109, -1.436], [16.8202, -1.9582], [9.1109, -1.8277]], [[2.2582, -0.1305], [4.5424, -0.2611], [6.8267, -0.7833], [9.1109, -1.436], [37.0928, -2.7415], [5.399, 0.1305]]]",1.6469,0.0,0.0,0.0,0.0,0.0,0.0,True,[3],0.0,0.0,0.0,1.2385,8.0,1.2115,0.176,3.1664,0.7399,0.8429,1.2385,"[[2.829, 0.0], [6.541, -0.522], [9.396, -1.436], [10.539, -2.089], [11.11, -1.958], [13.679, -2.48]]",ok,6.343,0.0,0.0,0.0,0.0,0.0,0.0,0.0,0.0,0.0,5b3ffd92b67b4a48b283d63736298bae,scene-0627,42
0.1712,0.1078,0.3059,0.1473,0.2624,0.3247,0.0,0.0,0.0,0.0,0.0,0.0,0.0,0.0,0.0,ok,straight,0.1712,0.1078,0.3059,0.1473,0.2624,0.3247,False,"[-0.1305, -0.1305, -0.0653, -0.3916, -8.2899, -0.0653, -0.0653, -0.1305]","[-241.8186, -321.8896, -1895.3189, -2109.3625, -12777.1993, -39882.4872, -234596.6667, -890625.8879]","[3.0945, 3.0892, -1001893.1135, -1002107.1571, -1012774.9939, -1039880.2868, -1234594.4664, -1890623.6875]","[0.325, 0.419, 0.932, 0.773, 3.5, 2.172, 6.219, 8.843]","[[[3.6858, 0.0], [7.3977, 0.0], [11.9662, -0.1305], [15.107, -0.1305], [19.1045, -0.1305], [22.2453, -0.2611]], [[3.4003, 0.0], [7.1122, 0.0], [11.9662, -0.1305], [15.107, -0.1305], [19.1045, -0.1305], [22.2453, -0.2611]], [[3.6858, 0.0], [7.3977, 0.0], [11.9662, -0.1305], [15.107, -0.1305], [17.1058, -1.0444], [24.8151, -0.1305]], [[3.6858, 0.0], [7.3977, 0.0], [11.9662, -0.1305], [15.107, -0.1305], [15.9636, -0.2611], [22.8163, -0.7833]], [[3.6858, 0.0], [7.3977, 0.0], [11.9662, -0.1305], [15.107, -0.1305], [16.2492, 0.2611], [16.5347, 16.5798]], [[3.4003, 0.0], [7.1122, 0.0], [11.9662, -0.1305], [15.107, -0.1305], [17.3913, -11.2273], [21.6742, -0.1305]], [[3.4003, 0.0], [7.1122, 0.0], [11.9662, -0.1305], [15.107, -0.1305], [-2.8813, -0.3916], [36.2362, 0.1305]], [[3.4003, 0.0], [7.1122, 0.0], [11.9662, -0.1305], [15.107, -0.1305], [69.6432, 0.2611], [22.2453, -0.2611]]]",2.9241,0.0,0.0,0.0,0.0,0.0,0.0,True,[3],0.0,0.0,0.0,0.3247,8.0,0.1712,0.1078,0.3059,0.1473,0.2624,0.3247,"[[3.686, 0.0], [7.398, 0.0], [11.966, -0.131], [15.107, -0.131], [19.104, -0.131], [22.245, -0.261]]",ok,8.8428,0.0,0.0,0.0,0.0,0.0,0.0,0.0,0.0,0.0,14384b3ce9d243ce827bf0c1598dd35f,scene-0629,42
1.435,4.9511,9.3198,1.0284,2.6059,4.5364,0.0,0.0,0.0,0.0,0.0,0.0,0.0,0.0,0.0,ok,straight,1.435,4.9511,9.3198,1.0284,2.6059,4.5402,False,"[-0.718, -0.718, -0.7833, -0.3264, -0.5875, -0.9138, -0.4569, -0.0]","[-147.3036, -852.912, -470.6757, -634.8115, -1354.2977, -5057.4314, -13821.7499, -26609.7196]","[1.728, 1.7127, -1000469.0575, -1000633.1289, -1001352.6794, -1005055.7489, -1013820.1316, -1026608.037]","[4.54, 3.938, 4.766, 5.141, 5.191, 4.458, 6.76, 3.546]","[[[2.2582, 0.0], [4.2569, -0.1305], [6.8267, -0.2611], [8.5399, -0.7833], [11.1096, -1.436], [13.1083, -1.436]], [[2.2582, 0.0], [4.2569, -0.1305], [4.5424, -0.6527], [7.1122, -0.3916], [11.1096, -1.436], [13.1083, -1.436]], [[2.2582, 0.0], [4.2569, -0.1305], [6.8267, -0.2611], [8.5399, -0.7833], [10.253, -0.9138], [15.3926, -1.5666]], [[2.2582, 0.0], [4.2569, -0.1305], [4.5424, -0.6527], [7.1122, -0.3916], [11.9662, 0.0], [19.6755, -0.6527]], [[2.2582, 0.0], [4.2569, -0.1305], [6.8267, -0.2611], [8.5399, -0.7833], [13.3939, -1.3055], [14.8215, -1.1749]], [[2.2582, 0.0], [4.2569, -0.1305], [4.5424, -0.6527], [7.1122, -0.3916], [8.5399, -0.9138], [18.8189, 1.8277]], [[2.2582, 0.0], [4.2569, -0.1305], [6.8267, -0.2611], [8.5399, -0.7833], [19.1045, -1.8277], [18.5334, -0.9138]], [[2.2582, 0.0], [4.2569, -0.1305], [4.5424, -0.6527], [7.1122, -0.3916], [14.2505, 0.7833], [-0.026, 0.0]]]",0.9091,0.0,0.0,0.0,0.0,0.0,0.0,True,[3],0.0,0.0,0.0,3.5463,8.0,1.435,3.4869,3.913,1.0284,1.7034,3.5463,"[[2.258, 0.0], [4.257, -0.131], [6.827, -0.261], [8.54, -0.783], [11.11, -1.436], [13.108, -1.436]]",ok,6.7604,0.0,0.0,0.0,0.0,0.0,0.0,0.0,0.0,0.0,35e0ba93fe9d48f386b97d62bd78fbf7,scene-0629,42
0.9677,2.8234,3.3288,0.8945,1.7778,2.1688,0.0,0.0,0.0,0.0,0.0,0.0,0.0,0.0,0.0,ok,right,1.5533,2.8234,3.3288,0.9044,1.7827,2.136,True,"[2.611, 2.611, 1.893, 1.9582, 2.3499, 1.8277, 1.7624, 2.9374]","[-192.3583, -251.8407, -412.8438, -622.2269, -3983.3226, -5244.6258, -10676.5532, -34373.4142]","[5.0237, 4.4309, -1000409.3285, -1000618.7116, -1003980.3946, -1005241.6978, -1010673.0378, -1034370.4863]","[2.136, 2.133, 1.962, 1.99, 3.547, 2.344, 2.597, 4.617]","[[[2.2582, -0.1305], [5.6846, -0.6527], [8.5399, -1.436], [11.1096, -2.4804], [12.8228, -3.6554], [16.2492, -5.222]], [[2.8293, -0.1305], [5.1135, -0.5222], [8.5399, -1.436], [11.1096, -2.4804], [12.8228, -3.6554], [16.2492, -5.222]], [[2.2582, -0.1305], [5.6846, -0.6527], [8.5399, -1.436], [11.1096, -2.4804], [14.2505, -3.6554], [14.536, -3.7859]], [[2.2582, -0.1305], [5.6846, -0.6527], [8.5399, -1.436], [11.1096, -2.4804], [12.2517, -3.9165], [16.2492, -3.9165]], [[2.8293, -0.1305], [5.1135, -0.5222], [8.5399, -1.436], [11.1096, -2.4804], [13.3939, -4.8303], [24.244, -4.6998]], [[2.8293, -0.1305], [5.1135, -0.5222], [8.5399, -1.436], [11.1096, -2.4804], [16.2492, -5.3525], [13.3939, -3.6554]], [[2.2582, -0.1305], [5.6846, -0.6527], [8.5399, -1.436], [11.1096, -2.4804], [18.5334, -4.5692], [13.6794, -3.5248]], [[2.8293, -0.1305], [5.1135, -0.5222], [8.5399, -1.436], [11.1096, -2.4804], [25.1006, -4.9609], [19.39, -5.8747]]]",0.8811,0.0,0.0,0.0,0.0,0.0,0.0,True,[3],0.0,0.0,0.0,1.9622,8.0,1.5533,2.8234,1.1045,0.9044,1.7827,1.9622,"[[2.258, -0.131], [5.685, -0.653], [8.54, -1.436], [11.11, -2.48], [12.823, -3.655], [16.249, -5.222]]",ok,4.6175,0.0,0.0,0.0,0.0,0.0,0.0,0.0,0.0,0.0,733995d097654865a7bea928efe971af,scene-0629,42
0.8082,0.9725,3.4045,0.4313,0.7125,1.3626,0.0,0.0,0.0,0.0,0.0,0.0,0.0,0.0,0.0,ok,left,1.196,0.4338,1.5221,0.8646,0.6193,0.9867,True,"[0.8486, 0.8486, 0.5875, 1.436, 0.9138, 8.2899, -8.2899, -2.2193]","[-701.617, -1390.9411, -1137.839, -981.1901, -6514.448, -31943.6382, -173219.8064, -233985.0781]","[0.5407, 0.5163, 0.4582, -1000981.4156, -1006514.6736, -1031943.8638, -1173220.0484, -1233985.3201]","[1.188, 0.987, 1.24, 1.528, 2.68, 5.544, 6.459, 10.7]","[[[3.6858, 0.0], [6.5412, 0.1305], [9.3964, 0.5222], [14.2505, 1.436], [17.3913, 1.0444], [21.9598, 1.6971]], [[3.1148, 0.0], [8.5399, 0.2611], [11.1096, 0.2611], [15.107, 0.6527], [17.3913, 1.0444], [21.9598, 1.6971]], [[3.1148, 0.0], [8.5399, 0.2611], [11.1096, 0.2611], [15.107, 0.6527], [17.6768, 0.5222], [20.5321, 1.1749]], [[3.6858, 0.0], [6.5412, 0.1305], [9.3964, 0.5222], [14.2505, 1.436], [17.6768, 0.6527], [19.6755, 2.8721]], [[3.6858, 0.0], [6.5412, 0.1305], [9.3964, 0.5222], [14.2505, 1.436], [18.8189, 0.6527], [34.5231, 1.8277]], [[3.6858, 0.0], [6.5412, 0.1305], [9.3964, 0.5222], [14.2505, 1.436], [19.1045, 16.5798], [19.1045, 16.5798]], [[3.1148, 0.0], [8.5399, 0.2611], [11.1096, 0.2611], [15.107, 0.6527], [18.5334, 16.5798], [33.0954, -16.5798]], [[3.1148, 0.0], [8.5399, 0.2611], [11.1096, 0.2611], [15.107, 0.6527], [19.1045, 16.5798], [69.6432, -4.4387]]]",3.2678,0.0,0.0,0.0,0.0,0.0,0.0,True,[3],0.0,0.0,0.0,0.9867,8.0,1.196,0.4338,1.5221,0.8646,0.6193,0.9867,"[[3.115, 0.0], [8.54, 0.261], [11.11, 0.261], [15.107, 0.653], [17.391, 1.044], [21.96, 1.697]]",ok,10.6999,0.0,0.0,0.0,0.0,0.0,0.0,0.0,0.0,0.0,b082d53392614131a91fedb0a2b2e1ab,scene-0629,42
1.2906,2.7072,2.9777,1.0661,1.8017,2.2055,0.0,0.0,0.0,0.0,0.0,0.0,0.0,0.0,0.0,ok,straight,1.2906,2.7072,2.4079,1.0661,1.8017,1.9679,True,"[-0.0653, -0.0653, -0.0653, -0.0653, -0.0653, -0.3916, -0.0, -0.1305]","[-44.3946, -93.2569, -100.8058, -563.5392, -1132.8323, -1884.0637, -80339.7711, -921466.3464]","[2.1467, 2.1465, 2.1458, -1000562.1712, -1001131.4643, -1001882.695, -1080338.4024, -1921464.9784]","[2.205, 1.97, 1.014, 0.93, 1.307, 2.248, 4.236, 9.428]","[[[3.1148, 0.0], [6.5412, 0.0], [9.3964, -0.1305], [12.8228, -0.1305], [16.2492, -0.1305], [19.9611, -0.1305]], [[3.1148, 0.0], [6.5412, 0.0], [9.3964, -0.1305], [12.8228, -0.1305], [17.1058, 0.0], [20.5321, -0.1305]], [[3.6858, 0.0], [7.6833, 0.0], [10.8241, 0.0], [15.107, -0.1305], [20.2466, -0.2611], [26.2427, -0.1305]], [[3.6858, 0.0], [7.6833, 0.0], [10.8241, 0.0], [15.107, -0.1305], [19.1045, -0.2611], [19.39, 0.1305]], [[3.6858, 0.0], [7.6833, 0.0], [10.8241, 0.0], [15.107, -0.1305], [16.2492, -0.1305], [19.9611, -0.1305]], [[3.1148, 0.0], [6.5412, 0.0], [9.3964, -0.1305], [12.8228, -0.1305], [15.9636, -0.1305], [25.6716, 0.7833]], [[3.1148, 0.0], [6.5412, 0.0], [9.3964, -0.1305], [12.8228, -0.1305], [30.8112, 0.0], [16.2492, 0.0]], [[3.6858, 0.0], [7.6833, 0.0], [10.8241, 0.0], [15.107, -0.1305], [69.6432, 0.0], [18.5334, -0.2611]]]",2.6492,0.0,0.0,0.0,0.0,0.0,0.0,True,[3],0.0,0.0,0.0,0.9296,8.0,0.1616,0.4324,3.5705,0.2165,0.4542,0.9296,"[[3.115, 0.0], [6.541, 0.0], [9.396, -0.131], [12.823, -0.131], [17.106, -0.131], [20.532, -0.131]]",ok,9.4277,0.0,0.0,0.0,0.0,0.0,0.0,0.0,0.0,0.0,6a808b09e5f34d33ba1de76cc8dab423,scene-0630,42
0.5684,1.9991,4.7924,0.6653,1.0635,1.9895,0.0,0.0,0.0,0.0,0.0,0.0,0.0,0.0,0.0,ok,straight,0.5684,1.9991,5.3629,0.6653,1.0635,2.0846,False,"[-0.0653, -0.0653, -0.0653, -0.4569, -0.718, -0.6527, -0.0, -0.7833]","[-52.2852, -398.0512, -904.2625, -1255.1305, -10552.7753, -12065.5791, -23854.1077, -212287.9059]","[4.2505, 4.2454, 4.2341, -1001252.265, -1010549.9098, -1012062.7176, -1023851.2461, -1212285.0443]","[2.085, 2.324, 1.971, 2.329, 2.095, 2.615, 2.421, 5.691]","[[[2.8293, 0.0], [5.1135, 0.0], [7.6833, 0.0], [10.253, 0.0], [12.5373, 0.0], [15.9636, -0.1305]], [[2.8293, 0.0], [5.1135, 0.0], [7.6833, 0.0], [10.253, 0.0], [14.2505, -0.2611], [15.6781, -0.1305]], [[3.4003, -0.1305], [3.9714, 0.0], [5.6846, -0.1305], [7.6833, 0.0], [12.5373, 0.0], [15.9636, -0.1305]], [[2.8293, 0.0], [5.1135, 0.0], [7.6833, 0.0], [10.253, 0.0], [11.6807, 0.1305], [18.2479, 0.9138]], [[2.8293, 0.0], [5.1135, 0.0], [7.6833, 0.0], [10.253, 0.0], [7.3977, -1.0444], [16.2492, 1.436]], [[3.4003, -0.1305], [3.9714, 0.0], [5.6846, -0.1305], [7.6833, 0.0], [17.1058, 0.1305], [15.107, 1.3055]], [[3.4003, -0.1305], [3.9714, 0.0], [5.6846, -0.1305], [7.6833, 0.0], [16.5347, -0.1305], [6.5412, 0.0]], [[3.4003, -0.1305], [3.9714, 0.0], [5.6846, -0.1305], [7.6833, 0.0], [35.9507, 0.6527], [14.536, -1.5666]]]",1.1504,0.0,0.0,0.0,0.0,0.0,0.0,True,[3],0.0,0.0,0.0,1.971,8.0,0.5737,0.574,5.3629,0.9562,0.8932,1.971,"[[2.829, 0.0], [5.113, 0.0], [7.683, 0.0], [10.253, 0.0], [12.537, 0.0], [15.964, -0.131]]",ok,5.6915,0.0,0.0,0.0,0.0,0.0,0.0,0.0,0.0,0.0,a38d06e080204b9c9c0b805375c8d6f9,scene-0630,42
1.0027,1.7718,5.6717,0.9752,1.3955,2.4651,0.0,0.0,0.0,0.0,0.0,0.0,0.0,0.0,0.0,ok,straight,1.0027,2.1258,6.2237,0.9752,1.3279,2.512,False,"[-2.7415, -2.7415, -8.2899, -1.9582, -2.4804, -8.2899, -0.6527, -1.9582]","[-42.5428, -685.3201, -8769.8752, -11077.7018, -17593.6426, -27930.3393, -115730.0017, -174171.437]","[3.3253, 3.026, -1008767.6117, -1011075.4383, -1017591.6677, -1027928.3644, -1115727.7382, -1174169.4621]","[2.512, 2.479, 4.618, 2.352, 2.99, 4.282, 4.951, 5.548]","[[[2.8293, -0.1305], [5.399, -0.2611], [7.9688, -0.6527], [10.5386, -1.8277], [13.1083, -3.1332], [16.2492, -5.4831]], [[1.6871, 0.0], [5.9701, -0.1305], [7.9688, -0.6527], [10.5386, -1.8277], [13.1083, -3.1332], [16.2492, -5.4831]], [[2.8293, -0.1305], [5.399, -0.2611], [7.9688, -0.6527], [10.5386, -1.8277], [9.682, -3.7859], [15.3926, -16.5798]], [[2.8293, -0.1305], [5.399, -0.2611], [7.9688, -0.6527], [10.5386, -1.8277], [14.536, 2.3499], [11.6807, -3.9165]], [[1.6871, 0.0], [5.9701, -0.1305], [7.9688, -0.6527], [10.5386, -1.8277], [19.39, -4.3081], [17.3913, 4.9609]], [[1.6871, 0.0], [5.9701, -0.1305], [7.9688, -0.6527], [10.5386, -1.8277], [14.8215, -3.7859], [15.107, 16.5798]], [[2.8293, -0.1305], [5.399, -0.2611], [7.9688, -0.6527], [10.5386, -1.8277], [14.8215, 16.5798], [23.3874, -1.3055]], [[1.6871, 0.0], [5.9701, -0.1305], [7.9688, -0.6527], [10.5386, -1.8277], [35.3797, -4.5692], [13.9649, -3.9165]]]",1.1927,0.0,0.0,0.0,0.0,0.0,0.0,True,[3],0.0,0.0,0.0,2.3518,8.0,1.0027,2.1258,6.0628,0.9752,1.3279,2.3518,"[[2.829, -0.131], [5.399, -0.261], [7.969, -0.653], [10.539, -1.828], [13.108, -3.133], [16.249, -5.483]]",ok,5.5477,0.0,0.0,0.0,0.0,0.0,0.0,0.0,0.0,0.0,d1b23e695b0643b0a2614454fa83319b,scene-0630,42
1.5643,1.861,1.4095,1.0536,1.3693,1.552,0.0,0.0,0.0,0.0,0.0,0.0,0.0,0.0,0.0,ok,straight,1.5643,1.861,1.9788,1.0536,1.3693,1.7881,False,"[-0.0, -0.0653, -0.2611, -0.0653, -0.1305, -0.0653, -0.718, -0.1305]","[-352.587, -85.1725, -563.6814, -1456.2696, -1513.7433, -30718.8181, -76492.871, -89103.753]","[4.3374, 4.0427, 3.1219, -1001453.8229, -1001511.2966, -1030716.3714, -1076490.4243, -1089100.9551]","[1.79, 1.552, 2.221, 1.605, 1.379, 3.159, 3.845, 10.211]","[[[3.6858, 0.0], [7.3977, 0.0], [10.5386, 0.0], [14.2505, 0.0], [19.1045, 0.2611], [21.3887, 0.0]], [[3.6858, 0.0], [7.3977, 0.0], [10.5386, 0.0], [14.2505, 0.0], [18.2479, 0.0], [20.8176, 0.1305]], [[3.6858, 0.0], [7.3977, 0.0], [10.5386, 0.0], [14.2505, 0.0], [19.9611, 0.6527], [23.1019, 0.5222]], [[3.6858, 0.0], [7.3977, 0.0], [11.6807, 0.1305], [13.3939, -0.1305], [18.2479, 0.0], [20.8176, 0.1305]], [[3.6858, 0.0], [7.3977, 0.0], [11.6807, 0.1305], [13.3939, -0.1305], [17.6768, 0.5222], [19.1045, -0.2611]], [[3.6858, 0.0], [7.3977, 0.0], [11.6807, 0.1305], [13.3939, -0.1305], [18.8189, -9.6607], [22.2453, 0.1305]], [[3.6858, 0.0], [7.3977, 0.0], [11.6807, 0.1305], [13.3939, -0.1305], [1.4016, -0.5222], [21.6742, -1.436]], [[3.6858, 0.0], [7.3977, 0.0], [10.5386, 0.0], [14.2505, 0.0], [21.3887, 0.1305], [69.6432, 0.2611]]]",2.7633,0.0,0.0,0.0,0.0,0.0,0.0,True,[3],0.0,0.0,0.0,1.3787,8.0,1.5643,1.0397,0.6072,1.0536,1.449,1.3787,"[[3.686, 0.0], [7.398, 0.0], [10.539, 0.0], [14.25, 0.0], [19.104, 0.261], [21.389, 0.131]]",ok,10.2105,0.0,0.0,0.0,0.0,0.0,0.0,0.0,0.0,0.0,f311006db7884a3a844b3f10c835762b,scene-0630,42
2.013,4.1765,7.1875,1.3357,2.5488,3.9013,0.0,0.0,0.0,0.0,0.0,0.0,0.0,0.0,0.0,ok,right,0.5854,4.199,7.1875,0.3404,2.0568,3.5733,True,"[0.3916, 0.1305, 0.1305, -1.893, -0.1958, 0.4569, -0.1958, -8.2899]","[-1099.2333, -80.3509, -651.3741, -721.8691, -1031.6869, -1037.5634, -2442.9118, -893729.3006]","[2.8409, 2.8221, 2.7483, -1000719.9017, -1001029.7194, -1001035.5959, -1002441.0162, -1893727.405]","[3.757, 3.905, 3.573, 4.493, 2.98, 4.848, 6.254, 14.533]","[[[3.1148, 0.0], [5.9701, -0.1305], [11.1096, -0.1305], [14.2505, 0.0], [19.1045, -1.0444], [22.2453, -0.7833]], [[3.6858, 0.0], [7.3977, -0.1305], [11.1096, -0.1305], [14.2505, 0.0], [18.2479, -0.1305], [21.6742, -0.2611]], [[3.1148, 0.0], [5.9701, -0.1305], [11.1096, -0.1305], [14.2505, 0.0], [18.2479, -0.1305], [21.6742, -0.2611]], [[3.6858, 0.0], [7.3977, -0.1305], [11.1096, -0.1305], [14.2505, 0.0], [19.1045, 0.2611], [22.2453, 3.7859]], [[3.6858, 0.0], [7.3977, -0.1305], [11.1096, -0.1305], [14.2505, 0.0], [14.8215, -0.3916], [18.8189, 0.3916]], [[3.6858, 0.0], [7.3977, -0.1305], [11.1096, -0.1305], [14.2505, 0.0], [20.8176, -0.2611], [25.1006, -0.9138]], [[3.1148, 0.0], [5.9701, -0.1305], [11.1096, -0.1305], [14.2505, 0.0], [22.2453, 1.436], [33.6665, 0.3916]], [[3.1148, 0.0], [5.9701, -0.1305], [11.1096, -0.1305], [14.2505, 0.0], [69.6432, 0.3916], [24.8151, 16.5798]]]",3.5219,0.0,0.0,0.0,0.0,0.0,0.0,True,[3],0.0,0.0,0.0,2.9801,8.0,2.013,4.199,4.9824,1.3357,2.5545,2.9801,"[[3.115, 0.0], [5.97, -0.131], [11.11, -0.131], [14.25, 0.0], [18.248, -0.131], [21.674, -0.261]]",ok,14.5329,0.0,0.0,0.0,0.0,0.0,0.0,0.0,0.0,0.0,78c80690450a4e8aba63e1f2ca27c207,scene-0632,42
0.0696,0.8747,2.0738,0.287,0.546,1.0098,0.0,0.0,0.0,0.0,0.0,0.0,0.0,0.0,0.0,ok,right,0.0696,0.8747,2.0738,0.287,0.546,1.0098,False,"[2.2846, 2.2846, 3.3943, 0.3264, 2.4804, -8.2899, -8.2899, 1.893]","[-519.6792, -161.9953, -545.0441, -7630.0832, -16604.0686, -21753.3253, -38092.0132, -129157.4351]","[3.4757, 1.9365, -1000544.3703, -1007627.8614, -1016603.3948, -1021752.6515, -1038089.7915, -1129155.2133]","[1.18, 1.01, 1.96, 1.815, 2.137, 3.794, 4.957, 5.441]","[[[1.6871, -0.1305], [5.6846, -1.1749], [8.5399, -1.0444], [11.1096, -1.9582], [14.2505, -3.1332], [16.2492, -4.5692]], [[3.1148, -0.1305], [5.399, -0.5222], [8.5399, -1.0444], [11.1096, -1.9582], [14.2505, -3.1332], [16.2492, -4.5692]], [[3.1148, -0.1305], [5.399, -0.5222], [8.5399, -1.0444], [11.1096, -1.9582], [14.536, -3.3943], [21.3887, -6.7886]], [[1.6871, -0.1305], [5.6846, -1.1749], [8.5399, -1.0444], [11.1096, -1.9582], [17.9623, -3.7859], [15.6781, -0.6527]], [[3.1148, -0.1305], [5.399, -0.5222], [8.5399, -1.0444], [11.1096, -1.9582], [18.2479, -8.4857], [14.536, -4.9609]], [[3.1148, -0.1305], [5.399, -0.5222], [8.5399, -1.0444], [11.1096, -1.9582], [11.9662, -3.0026], [13.6794, 16.5798]], [[1.6871, -0.1305], [5.6846, -1.1749], [8.5399, -1.0444], [11.1096, -1.9582], [19.39, -4.3081], [17.6768, 16.5798]], [[1.6871, -0.1305], [5.6846, -1.1749], [8.5399, -1.0444], [11.1096, -1.9582], [15.107, 16.5798], [25.6716, -3.7859]]]",1.6031,0.0,0.0,0.0,0.0,0.0,0.0,True,[3],0.0,0.0,0.0,1.0098,8.0,0.0696,0.8747,2.0738,0.287,0.546,1.0098,"[[3.115, -0.131], [5.399, -0.522], [8.54, -1.044], [11.11, -1.958], [14.25, -3.133], [16.249, -4.569]]",ok,5.4411,0.0,0.0,0.0,0.0,0.0,0.0,0.0,0.0,0.0,c402b98a1b4c4e868eb64a1cf05f4a50,scene-0632,42
0.2673,0.4517,2.8209,0.26,0.4887,1.1012,0.0,0.0,0.0,0.0,0.0,0.0,0.0,0.0,0.0,ok,right,0.2673,0.4517,1.3131,0.26,0.4887,1.3806,False,"[2.7415, 4.3734, 8.2899, 2.7415, 3.9818, 1.7624, -8.2899, 0.1305]","[-434.6066, -17973.8357, -39939.2616, -1468.1687, -3128.64, -7615.4653, -33513.4875, -1370173.9425]","[1.885, -1017972.5342, -1039937.9601, -2003945.5335, -2005606.0048, -2010092.8301, -2035990.8523, -2370172.641]","[1.101, 1.835, 3.1, 1.402, 1.915, 2.6, 6.051, 12.204]","[[[1.6871, -0.1305], [3.9714, -0.5222], [5.399, -0.9138], [7.3977, -3.1332], [9.1109, -3.9165], [10.5386, -5.4831]], [[1.6871, -0.1305], [3.9714, -0.5222], [5.399, -0.9138], [7.3977, -3.1332], [3.9714, -0.6527], [11.6807, -8.7468]], [[1.6871, -0.1305], [3.9714, -0.5222], [5.399, -0.9138], [7.3977, -3.1332], [9.9675, 2.3499], [9.9675, -16.5798]], [[1.9727, -0.2611], [2.2582, 0.7833], [5.399, -0.9138], [7.3977, -3.1332], [9.1109, -3.9165], [10.5386, -5.4831]], [[1.9727, -0.2611], [2.2582, 0.7833], [5.399, -0.9138], [7.3977, -3.1332], [10.253, -3.0026], [13.9649, -7.9635]], [[1.9727, -0.2611], [2.2582, 0.7833], [5.399, -0.9138], [7.3977, -3.1332], [14.2505, -5.7442], [13.3939, -3.5248]], [[1.9727, -0.2611], [2.2582, 0.7833], [5.399, -0.9138], [7.3977, -3.1332], [15.107, -1.6971], [6.5412, 16.5798]], [[1.6871, -0.1305], [3.9714, -0.5222], [5.399, -0.9138], [7.3977, -3.1332], [69.6432, 1.3055], [3.6858, -0.2611]]]",3.5011,0.0,0.0,0.0,0.0,0.0,0.0,False,[3],0.0,0.0,0.0,1.1012,8.0,0.2673,0.4517,2.8209,0.26,0.4887,1.1012,"[[1.687, -0.131], [3.971, -0.522], [5.399, -0.914], [7.398, -3.133], [9.111, -0.653], [10.539, -8.747]]",ok,12.2039,0.0,0.0,0.0,0.0,0.0,0.0,0.0,0.0,0.0,c50c7d9402bb4d85b3095645d8aa258b,scene-0632,42
1.6141,2.1584,3.3975,1.2541,1.5809,1.954,0.0,0.0,0.0,0.0,0.0,0.0,0.0,0.0,0.0,ok,straight,1.6141,3.2926,2.5604,1.2541,2.2375,2.2522,False,"[-0.0653, -0.1305, -0.1305, -0.3916, -0.1305, -0.0, -0.0, -7.115]","[-384.4545, -492.1343, -27.8463, -330.1551, -660.7029, -1198.9103, -3284.1521, -1187611.6677]","[2.9382, 2.9097, 2.2226, 2.1091, -1000659.234, -1001196.7531, -1003282.6832, -2187609.5105]","[3.102, 2.252, 1.909, 1.465, 2.478, 3.007, 2.392, 13.159]","[[[2.2582, 0.0], [4.5424, 0.0], [5.9701, -0.6527], [8.5399, 0.0], [9.9675, 0.0], [11.9662, 0.1305]], [[2.2582, 0.0], [4.5424, 0.0], [5.9701, -0.6527], [8.5399, 0.0], [12.5373, -0.1305], [14.536, -0.2611]], [[2.2582, 0.0], [4.5424, 0.0], [6.8267, -0.1305], [9.682, -0.1305], [12.5373, -0.1305], [14.536, -0.2611]], [[2.2582, 0.0], [4.5424, 0.0], [6.8267, -0.1305], [9.682, -0.1305], [13.9649, -0.1305], [15.9636, 0.7833]], [[2.2582, 0.0], [4.5424, 0.0], [6.8267, -0.1305], [9.682, -0.1305], [12.5373, -0.1305], [11.1096, -0.2611]], [[2.2582, 0.0], [4.5424, 0.0], [5.9701, -0.6527], [8.5399, 0.0], [9.1109, 0.0], [13.3939, 0.0]], [[2.2582, 0.0], [4.5424, 0.0], [6.8267, -0.1305], [9.682, -0.1305], [11.3952, 0.0], [21.3887, 0.0]], [[2.2582, 0.0], [4.5424, 0.0], [5.9701, -0.6527], [8.5399, 0.0], [69.6432, 0.0], [13.1083, -14.2299]]]",3.6024,0.0,0.0,0.0,0.0,0.0,0.0,True,[3],0.0,0.0,0.0,1.4646,8.0,1.6141,2.1584,1.2862,1.2541,1.7233,1.4646,"[[2.258, 0.0], [4.542, 0.0], [5.97, -0.653], [8.54, 0.0], [12.537, -0.131], [14.536, -0.261]]",ok,13.1593,0.0,0.0,0.0,0.0,0.0,0.0,0.0,0.0,0.0,13ade121714c46d6a028516ecb5bff60,scene-0632,42
1.0155,1.2627,0.9035,0.7771,1.0526,1.2007,0.0,0.0,0.0,0.0,0.0,0.0,0.0,0.0,0.0,ok,straight,1.5842,4.1175,2.8981,1.0972,2.213,2.3067,False,"[-0.0653, -0.2611, -0.0653, -0.1305, -1.6319, -0.1305, -0.1305, -0.1958]","[-38.4002, -1108.7195, -1801.3224, -2926.5115, -3940.6074, -9271.1681, -22709.4029, -150596.3417]","[2.1878, 1.761, -1001800.1674, -1002925.3565, -1003939.4524, -1009270.0023, -1022708.2372, -1150595.1759]","[1.533, 2.546, 2.307, 2.116, 4.146, 2.169, 3.995, 5.055]","[[[3.6858, 0.0], [7.3977, 0.0], [11.1096, -0.1305], [15.107, -0.1305], [18.2479, -0.1305], [21.3887, -0.1305]], [[4.828, 0.0], [6.8267, 0.0], [9.9675, 0.0], [12.2517, -0.1305], [17.3913, -0.2611], [20.8176, -0.5222]], [[4.828, 0.0], [6.8267, 0.0], [9.9675, 0.0], [12.2517, -0.1305], [18.2479, -0.1305], [21.3887, -0.1305]], [[4.828, 0.0], [6.8267, 0.0], [9.9675, 0.0], [12.2517, -0.1305], [19.1045, -0.2611], [21.6742, -0.2611]], [[4.828, 0.0], [6.8267, 0.0], [9.9675, 0.0], [12.2517, -0.1305], [16.5347, 1.8277], [13.1083, 3.2637]], [[3.6858, 0.0], [7.3977, 0.0], [11.1096, -0.1305], [15.107, -0.1305], [22.8163, -0.2611], [17.9623, -0.2611]], [[3.6858, 0.0], [7.3977, 0.0], [11.1096, -0.1305], [15.107, -0.1305], [17.9623, -0.1305], [41.6613, 0.2611]], [[3.6858, 0.0], [7.3977, 0.0], [11.1096, -0.1305], [15.107, -0.1305], [-2.8813, -0.2611], [21.3887, -0.3916]]]",1.1637,0.0,0.0,0.0,0.0,0.0,0.0,False,[3],0.0,0.0,0.0,1.5331,8.0,1.0155,1.2627,2.8981,0.7771,1.0526,1.5331,"[[4.828, 0.0], [6.827, 0.0], [9.968, 0.0], [12.252, -0.131], [18.248, -0.131], [21.389, -0.131]]",ok,5.0548,0.0,0.0,0.0,0.0,0.0,0.0,0.0,0.0,0.0,fe5b1b2e8aa2430e90c5c90825f9f1f2,scene-0633,42
1.0712,3.0755,2.8206,0.7841,1.6034,2.1294,0.0,0.0,0.0,0.0,0.0,0.0,0.0,0.0,0.0,ok,straight,1.0712,3.0755,3.9601,0.7841,1.6034,2.3193,False,"[-0.0653, -0.2611, -0.0653, -0.2611, -4.2429, -0.0653, -0.1305, -0.3264]","[-54.8118, -202.4335, -1330.1821, -2301.9883, -3531.3108, -11180.0808, -810890.4654, -844004.5825]","[4.2923, 4.1469, -1001328.7287, -1002300.5349, -1003528.0572, -1011178.6274, -1810887.2118, -1844003.1292]","[2.319, 1.578, 1.663, 2.388, 3.617, 1.773, 9.719, 9.302]","[[[3.6858, 0.0], [7.3977, 0.0], [11.1096, -0.1305], [14.2505, -0.1305], [18.2479, -0.1305], [22.2453, -0.1305]], [[3.6858, 0.0], [7.3977, 0.0], [11.1096, -0.1305], [14.2505, -0.1305], [19.1045, -0.1305], [26.5282, -0.5222]], [[3.6858, 0.0], [7.3977, 0.0], [12.2517, -0.1305], [17.1058, -0.3916], [18.2479, -0.1305], [22.2453, -0.1305]], [[3.6858, 0.0], [7.3977, 0.0], [12.2517, -0.1305], [17.1058, -0.3916], [16.8202, -1.1749], [19.39, -0.5222]], [[3.6858, 0.0], [7.3977, 0.0], [11.1096, -0.1305], [14.2505, -0.1305], [17.6768, -0.1305], [18.5334, -8.4857]], [[3.6858, 0.0], [7.3977, 0.0], [12.2517, -0.1305], [17.1058, -0.3916], [16.8202, -0.5222], [29.3835, -0.1305]], [[3.6858, 0.0], [7.3977, 0.0], [11.1096, -0.1305], [14.2505, -0.1305], [69.6432, 0.0], [30.2401, -0.2611]], [[3.6858, 0.0], [7.3977, 0.0], [12.2517, -0.1305], [17.1058, -0.3916], [69.6432, 0.3916], [20.8176, 0.6527]]]",3.2143,0.0,0.0,0.0,0.0,0.0,0.0,True,[3],0.0,0.0,0.0,1.5783,8.0,1.0712,3.0755,0.3695,0.7841,1.6034,1.5783,"[[3.686, 0.0], [7.398, 0.0], [11.11, -0.131], [14.25, -0.131], [18.248, -0.131], [22.245, -0.131]]",ok,9.7189,0.0,0.0,0.0,0.0,0.0,0.0,0.0,0.0,0.0,d42e413c7c4d4fbdba460be4f8d01da1,scene-0633,42
0.388,0.8804,0.1833,0.2882,0.4498,0.3832,0.0,0.0,0.0,0.0,0.0,0.0,0.0,0.0,0.0,ok,straight,0.388,0.8804,0.1833,0.2882,0.4498,0.3832,False,"[-0.0, -0.1305, -0.3264, -1.5013, -0.0, -0.1305, -0.1305, -0.0653]","[-55.6224, -77.1081, -1587.9329, -1713.2307, -6283.266, -7203.362, -21521.9077, -738353.8326]","[4.1605, 3.8824, -1001584.7809, -1001710.0787, -1006281.5283, -1007201.6244, -1021520.17, -1738352.0949]","[0.567, 0.383, 0.952, 1.037, 1.442, 1.119, 1.864, 9.762]","[[[3.6858, 0.0], [7.3977, 0.0], [11.1096, -0.1305], [14.2505, -0.1305], [17.6768, -0.2611], [22.5308, 0.0]], [[3.6858, 0.0], [7.3977, 0.0], [11.1096, -0.1305], [14.2505, -0.1305], [18.2479, -0.1305], [21.6742, -0.2611]], [[3.6858, 0.0], [7.3977, 0.0], [11.1096, -0.1305], [14.2505, -0.1305], [19.1045, -0.1305], [18.5334, -0.6527]], [[3.6858, 0.0], [7.3977, 0.0], [11.1096, -0.1305], [14.2505, -0.1305], [20.2466, -0.3916], [21.9598, -3.0026]], [[3.6858, 0.0], [7.3977, 0.0], [12.5373, 0.0], [19.6755, -0.2611], [19.1045, -0.9138], [23.3874, 0.0]], [[3.6858, 0.0], [7.3977, 0.0], [12.5373, 0.0], [19.6755, -0.2611], [18.2479, -0.1305], [21.6742, -0.2611]], [[3.6858, 0.0], [7.3977, 0.0], [12.5373, 0.0], [19.6755, -0.2611], [15.107, -0.1305], [23.3874, -0.2611]], [[3.6858, 0.0], [7.3977, 0.0], [12.5373, 0.0], [19.6755, -0.2611], [69.6432, -0.5222], [23.1019, -0.1305]]]",2.9131,0.0,0.0,0.0,0.0,0.0,0.0,True,[3],0.0,0.0,0.0,0.3832,8.0,0.388,0.8804,0.1833,0.2882,0.4498,0.3832,"[[3.686, 0.0], [7.398, 0.0], [11.11, -0.131], [14.25, -0.131], [18.248, -0.131], [21.674, -0.261]]",ok,9.7619,0.0,0.0,0.0,0.0,0.0,0.0,0.0,0.0,0.0,5b360c6fe72d497185ef502483f1ac68,scene-0633,42
0.7313,1.0529,0.3928,0.5567,0.8606,0.8974,0.0,0.0,0.0,0.0,0.0,0.0,0.0,0.0,0.0,ok,straight,0.7313,1.0529,0.3928,0.5567,0.7896,0.8501,True,"[-0.0, -0.1305, -0.0, -0.2611, -0.2611, -0.2611, -8.2899, -0.5222]","[-136.0172, -80.2994, -422.7817, -554.6393, -3406.505, -3553.9847, -14905.2069, -16283.6162]","[4.2776, 4.2377, 4.1398, -1000551.5733, -1003403.5314, -1003551.0111, -1014902.1409, -1016280.6426]","[0.85, 1.593, 1.087, 1.177, 1.502, 1.705, 3.92, 2.356]","[[[2.2582, 0.0], [4.5424, 0.0], [6.8267, 0.0], [9.1109, 0.0], [10.5386, 0.0], [13.6794, 0.0]], [[2.2582, 0.0], [4.5424, 0.0], [6.8267, 0.0], [9.1109, 0.0], [13.1083, -0.1305], [18.8189, -0.2611]], [[1.9727, 0.0], [3.4003, 0.0], [6.8267, 0.0], [9.1109, 0.0], [10.5386, 0.0], [13.6794, 0.0]], [[2.2582, 0.0], [4.5424, 0.0], [6.8267, 0.0], [9.1109, 0.0], [10.8241, 0.3916], [15.9636, -0.5222]], [[1.9727, 0.0], [3.4003, 0.0], [6.8267, 0.0], [9.1109, 0.0], [13.6794, 1.5666], [11.6807, 0.5222]], [[1.9727, 0.0], [3.4003, 0.0], [6.8267, 0.0], [9.1109, 0.0], [8.5399, 0.1305], [15.3926, 0.5222]], [[2.2582, 0.0], [4.5424, 0.0], [6.8267, 0.0], [9.1109, 0.0], [9.9675, 0.7833], [19.6755, 16.5798]], [[1.9727, 0.0], [3.4003, 0.0], [6.8267, 0.0], [9.1109, 0.0], [4.828, -0.1305], [15.6781, -1.0444]]]",0.9177,0.0,0.0,0.0,0.0,0.0,0.0,True,[3],0.0,0.0,0.0,0.8501,8.0,0.7313,1.0529,0.3928,0.5567,0.7896,0.8501,"[[2.258, 0.0], [4.542, 0.0], [6.827, 0.0], [9.111, 0.0], [10.539, 0.0], [13.679, 0.0]]",ok,3.9197,0.0,0.0,0.0,0.0,0.0,0.0,0.0,0.0,0.0,1da9c46177344f4f9ebd3d15d199b785,scene-0633,42
4.8919,9.839,12.9145,3.6623,6.1455,8.1745,0.0,0.0,0.0,0.0,0.0,0.0,0.0,0.0,0.0,ok,straight,4.8919,9.839,12.9145,3.6623,6.0741,8.0793,True,"[-0.0653, -0.0653, -0.7833, -2.7415, -3.6554, -3.5248, -3.0679, -0.1305]","[-97.9188, -282.0283, -1459.0734, -2113.2319, -3250.7125, -4752.341, -74271.9082, -1097520.2394]","[3.7524, 3.7463, -1001456.8357, -1002110.9999, -1003248.4805, -1004750.109, -1074269.6705, -2097518.0018]","[8.079, 8.174, 7.257, 7.63, 9.701, 8.32, 10.985, 17.503]","[[[2.8293, 0.0], [5.399, 0.0], [7.6833, 0.0], [10.5386, 0.0], [12.5373, 0.0], [15.3926, -0.1305]], [[2.8293, 0.0], [5.9701, 0.0], [7.6833, 0.0], [10.5386, 0.0], [12.5373, 0.0], [15.3926, -0.1305]], [[2.8293, 0.0], [5.399, 0.0], [7.6833, 0.0], [10.5386, 0.0], [12.5373, 1.1749], [10.253, -1.5666]], [[2.8293, 0.0], [5.9701, 0.0], [7.6833, 0.0], [10.5386, 0.0], [10.253, -0.6527], [13.1083, -5.4831]], [[2.8293, 0.0], [5.9701, 0.0], [7.6833, 0.0], [10.5386, 0.0], [15.9636, 0.1305], [19.6755, -7.3108]], [[2.8293, 0.0], [5.9701, 0.0], [7.6833, 0.0], [10.5386, 0.0], [12.2517, -1.1749], [14.536, 7.0497]], [[2.8293, 0.0], [5.399, 0.0], [7.6833, 0.0], [10.5386, 0.0], [11.9662, 16.5798], [23.3874, 6.1358]], [[2.8293, 0.0], [5.399, 0.0], [7.6833, 0.0], [10.5386, 0.0], [69.6432, 0.9138], [14.8215, -0.2611]]]",3.1554,0.0,0.0,0.0,0.0,0.0,0.0,True,[3],0.0,0.0,0.0,7.2569,8.0,4.8919,9.839,7.911,3.6623,6.0741,7.2569,"[[2.829, 0.0], [5.399, 0.0], [7.683, 0.0], [10.539, 0.0], [12.537, 0.0], [15.393, -0.131]]",ok,17.5031,0.0,0.0,0.0,0.0,0.0,0.0,0.0,0.0,0.0,3bb017b691c34f8f89985c0c2220ccec,scene-0634,42
2.3706,7.9168,15.9661,1.6823,3.93,7.1259,0.0,0.0,0.0,0.0,0.0,0.0,0.0,0.0,0.0,ok,left,2.3706,6.9646,15.9661,1.6823,3.6044,6.9088,True,"[-3.5248, -3.5248, -4.1776, 2.611, -3.2637, 1.1749, 8.2899, -4.3081]","[-406.1655, -624.0193, -615.5326, -3564.2169, -4617.555, -4921.1477, -31877.5543, -164889.021]","[0.9265, 0.8009, 0.7681, -1003563.2655, -1004616.6036, -1004920.0748, -1031876.6029, -1164887.9481]","[6.909, 7.126, 7.137, 5.348, 6.731, 5.435, 5.932, 7.15]","[[[1.6871, -0.1305], [3.6858, -0.7833], [6.2556, -1.5666], [7.1122, -2.3499], [9.1109, -4.5692], [9.9675, -7.0497]], [[1.6871, -0.1305], [3.6858, -0.7833], [5.9701, -1.8277], [6.5412, -3.1332], [9.1109, -4.5692], [9.9675, -7.0497]], [[1.6871, -0.1305], [3.6858, -0.7833], [6.2556, -1.5666], [7.1122, -2.3499], [9.682, -4.9609], [10.8241, -8.3552]], [[1.6871, -0.1305], [3.6858, -0.7833], [5.9701, -1.8277], [6.5412, -3.1332], [6.2556, -3.1332], [9.1109, 5.222]], [[1.6871, -0.1305], [3.6858, -0.7833], [5.9701, -1.8277], [6.5412, -3.1332], [9.1109, -1.5666], [6.8267, -6.5275]], [[1.6871, -0.1305], [3.6858, -0.7833], [6.2556, -1.5666], [7.1122, -2.3499], [5.399, 2.8721], [4.5424, 2.3499]], [[1.6871, -0.1305], [3.6858, -0.7833], [5.9701, -1.8277], [6.5412, -3.1332], [9.9675, -5.3525], [15.107, 16.5798]], [[1.6871, -0.1305], [3.6858, -0.7833], [6.2556, -1.5666], [7.1122, -2.3499], [13.9649, 16.5798], [8.5399, -8.6163]]]",0.7261,0.0,0.0,0.0,0.0,0.0,0.0,True,[3],0.0,0.0,0.0,5.348,8.0,2.3706,7.9168,5.4967,1.6823,3.93,5.348,"[[1.687, -0.131], [3.686, -0.783], [6.256, -1.567], [7.112, -2.35], [9.111, -4.569], [9.968, -7.05]]",ok,7.1501,0.0,0.0,0.0,0.0,0.0,0.0,0.0,0.0,0.0,93ca32c6f20745cd9d6010c66a2721c8,scene-0634,42
1.403,2.9044,3.7673,0.9405,1.6715,2.3617,0.0,0.0,0.0,0.0,0.0,0.0,0.0,0.0,0.0,ok,straight,0.8337,2.9044,3.7673,1.084,1.7433,2.4096,False,"[-0.1305, -0.1305, -0.1305, -0.0653, -0.0, -0.3916, -0.1305, -0.718]","[-42.819, -281.0852, -309.9309, -782.0447, -1011.3087, -1499.1902, -5322.0346, -59376.1586]","[2.7934, 2.7802, 2.7787, -1000780.0681, -1001009.3321, -1001497.2135, -1005320.0588, -1059374.1828]","[2.362, 2.41, 2.368, 2.221, 2.62, 3.174, 2.235, 6.56]","[[[3.1148, 0.0], [6.5412, -0.1305], [9.3964, -0.1305], [12.5373, -0.2611], [15.3926, -0.2611], [17.3913, -0.2611]], [[3.9714, 0.0], [5.9701, -0.1305], [9.3964, -0.1305], [12.5373, -0.2611], [15.3926, -0.2611], [17.3913, -0.2611]], [[3.9714, 0.0], [5.9701, -0.1305], [9.3964, -0.1305], [12.5373, -0.2611], [15.3926, -0.6527], [17.1058, -0.2611]], [[3.1148, 0.0], [6.5412, -0.1305], [9.3964, -0.1305], [12.5373, -0.2611], [16.2492, -0.5222], [15.6781, -0.1305]], [[3.1148, 0.0], [6.5412, -0.1305], [9.3964, -0.1305], [12.5373, -0.2611], [14.2505, -0.9138], [19.9611, 0.0]], [[3.1148, 0.0], [6.5412, -0.1305], [9.3964, -0.1305], [12.5373, -0.2611], [14.8215, -0.2611], [22.8163, -0.7833]], [[3.9714, 0.0], [5.9701, -0.1305], [9.3964, -0.1305], [12.5373, -0.2611], [17.9623, -0.2611], [13.6794, -0.2611]], [[3.9714, 0.0], [5.9701, -0.1305], [9.3964, -0.1305], [12.5373, -0.2611], [31.6678, -0.2611], [25.9572, -1.436]]]",1.3784,0.0,0.0,0.0,0.0,0.0,0.0,True,[3],0.0,0.0,0.0,2.2212,8.0,1.403,2.9044,2.0515,0.9405,1.6715,2.2212,"[[3.971, 0.0], [5.97, -0.131], [9.396, -0.131], [12.537, -0.261], [15.393, -0.261], [17.391, -0.261]]",ok,6.5605,0.0,0.0,0.0,0.0,0.0,0.0,0.0,0.0,0.0,098415a9e8b7401a8f30c1425ad612eb,scene-0634,42
5.265,10.158,15.7502,3.8919,6.4681,9.1553,0.0,0.0,0.0,0.0,0.0,0.0,0.0,0.0,0.0,ok,straight,4.4074,10.158,15.7502,3.0349,6.0396,8.8696,True,"[-0.1305, -0.1305, -0.2611, -0.1305, -0.1305, -0.2611, -0.0653, -0.6527]","[-237.8309, -235.0076, -1198.8987, -1450.1695, -1755.47, -49177.5013, -160908.1934, -928651.7076]","[4.3956, 4.3955, -1001195.4878, -1001446.7586, -1001752.059, -1049174.0902, -1160904.7826, -1928648.2966]","[8.87, 8.87, 9.774, 10.535, 9.252, 21.385, 16.388, 18.506]","[[[2.8293, 0.0], [6.5412, 0.0], [10.253, -0.1305], [15.107, -0.1305], [18.2479, -0.2611], [21.3887, -0.2611]], [[2.8293, 0.0], [6.5412, 0.0], [11.1096, -0.1305], [14.2505, -0.1305], [18.2479, -0.2611], [21.3887, -0.2611]], [[2.8293, 0.0], [6.5412, 0.0], [11.1096, -0.1305], [14.2505, -0.1305], [17.9623, -0.1305], [27.0993, -0.5222]], [[2.8293, 0.0], [6.5412, 0.0], [11.1096, -0.1305], [14.2505, -0.1305], [21.6742, -0.2611], [27.9559, -0.2611]], [[2.8293, 0.0], [6.5412, 0.0], [10.253, -0.1305], [15.107, -0.1305], [17.3913, -0.5222], [24.5295, -0.2611]], [[2.8293, 0.0], [6.5412, 0.0], [10.253, -0.1305], [15.107, -0.1305], [45.0877, -0.1305], [69.6432, -0.5222]], [[2.8293, 0.0], [6.5412, 0.0], [11.1096, -0.1305], [14.2505, -0.1305], [15.107, -0.2611], [69.6432, -0.1305]], [[2.8293, 0.0], [6.5412, 0.0], [10.253, -0.1305], [15.107, -0.1305], [69.6432, 16.5798], [25.6716, -1.3055]]]",4.7003,0.0,0.0,0.0,0.0,0.0,0.0,True,[3],0.0,0.0,0.0,8.8696,8.0,4.4074,10.158,15.7502,3.0349,6.0396,8.8696,"[[2.829, 0.0], [6.541, 0.0], [11.11, -0.131], [14.25, -0.131], [18.248, -0.261], [21.389, -0.261]]",ok,21.3852,0.0,0.0,0.0,0.0,0.0,0.0,0.0,0.0,0.0,1794b5423be84d798ff953fff8307998,scene-0634,42
6.8899,13.5552,20.9975,5.1302,8.4297,11.9998,0.0,0.0,0.0,0.0,0.0,0.0,0.0,0.0,0.0,ok,straight,6.3179,13.5552,20.141,4.7015,8.2153,11.7142,True,"[-0.1305, -0.1305, -0.2611, -0.1305, -1.7624, -0.7833, -0.1958, -0.3264]","[-20.6916, -51.0958, -1707.2979, -1789.2603, -2253.3176, -18006.7095, -32568.8704, -112598.688]","[4.2214, 3.326, -1001704.2892, -1001786.2516, -1002251.2035, -1018004.5954, -1032566.7563, -1112595.6793]","[11.714, 11.857, 12.477, 11.24, 13.326, 12.771, 10.764, 20.042]","[[[3.4003, 0.0], [6.8267, 0.0], [10.5386, -0.1305], [14.2505, -0.1305], [17.9623, -0.2611], [20.8176, -0.2611]], [[3.6858, 0.0], [7.3977, -0.1305], [10.5386, -0.1305], [14.2505, -0.1305], [17.9623, -0.2611], [20.8176, -0.2611]], [[3.4003, 0.0], [6.8267, 0.0], [10.5386, -0.1305], [14.2505, -0.1305], [20.8176, -0.5222], [22.5308, -0.5222]], [[3.4003, 0.0], [6.8267, 0.0], [10.5386, -0.1305], [14.2505, -0.1305], [15.107, -0.6527], [20.8176, -0.2611]], [[3.6858, 0.0], [7.3977, -0.1305], [10.5386, -0.1305], [14.2505, -0.1305], [21.9598, -0.5222], [25.3861, -3.5248]], [[3.6858, 0.0], [7.3977, -0.1305], [10.5386, -0.1305], [14.2505, -0.1305], [24.8151, -0.2611], [19.39, -1.5666]], [[3.6858, 0.0], [7.3977, -0.1305], [10.5386, -0.1305], [14.2505, -0.1305], [8.5399, -0.3916], [23.6729, -0.3916]], [[3.4003, 0.0], [6.8267, 0.0], [10.5386, -0.1305], [14.2505, -0.1305], [19.1045, -0.2611], [69.6432, -0.6527]]]",2.7631,0.0,0.0,0.0,0.0,0.0,0.0,True,[3],0.0,0.0,0.0,10.7639,8.0,6.8899,13.5552,22.9978,5.1302,8.4297,10.7639,"[[3.4, 0.0], [6.827, 0.0], [10.539, -0.131], [14.25, -0.131], [17.962, -0.261], [20.818, -0.261]]",ok,20.0423,0.0,0.0,0.0,0.0,0.0,0.0,0.0,0.0,0.0,43f05ac397484672b9bdf86dcc0b0289,scene-0635,42
6.5424,12.8254,19.9627,4.8286,7.97,11.3494,0.0,0.0,0.0,0.0,0.0,0.0,0.0,0.0,0.0,ok,straight,6.5424,12.8254,19.9648,4.8286,8.1127,11.7304,False,"[-0.1958, -0.2611, -0.1305, -0.1958, -0.2611, -0.1958, -0.3264, -0.7833]","[-34.7796, -813.2031, -1510.0918, -6687.9182, -6712.6953, -12967.1555, -40985.5088, -111895.777]","[2.7961, -1000811.5446, -1001507.8851, -1006685.7114, -1006711.0369, -1012964.9488, -1040983.8504, -1111893.5703]","[11.445, 11.731, 12.873, 12.636, 9.922, 11.826, 23.674, 13.723]","[[[3.1148, 0.0], [6.5412, -0.1305], [9.9675, -0.1305], [12.8228, -0.2611], [16.2492, -0.3916], [19.9611, -0.3916]], [[3.1148, 0.0], [6.5412, -0.1305], [9.9675, -0.1305], [12.8228, -0.2611], [17.9623, -0.5222], [19.9611, -0.5222]], [[3.1148, -0.1305], [6.8267, -0.1305], [11.6807, -0.3916], [17.9623, -0.1305], [19.1045, -0.1305], [18.5334, -0.2611]], [[3.1148, -0.1305], [6.8267, -0.1305], [11.6807, -0.3916], [17.9623, -0.1305], [16.2492, -0.3916], [19.9611, -0.3916]], [[3.1148, 0.0], [6.5412, -0.1305], [9.9675, -0.1305], [12.8228, -0.2611], [10.253, -0.1305], [16.8202, -0.5222]], [[3.1148, -0.1305], [6.8267, -0.1305], [11.6807, -0.3916], [17.9623, -0.1305], [13.6794, -0.1305], [17.6768, -0.3916]], [[3.1148, 0.0], [6.5412, -0.1305], [9.9675, -0.1305], [12.8228, -0.2611], [39.9481, 0.1305], [69.6432, -0.6527]], [[3.1148, -0.1305], [6.8267, -0.1305], [11.6807, -0.3916], [17.9623, -0.1305], [14.2505, 16.5798], [20.8176, -1.5666]]]",3.9946,0.0,0.0,0.0,0.0,0.0,0.0,False,[3],0.0,0.0,0.0,9.9222,8.0,6.5424,12.8254,16.8282,4.8286,8.1127,9.9222,"[[3.115, 0.0], [6.541, -0.131], [9.968, -0.131], [12.823, -0.261], [17.962, -0.392], [19.961, -0.392]]",ok,23.6743,0.0,0.0,0.0,0.0,0.0,0.0,0.0,0.0,0.0,e2da4cb3c76f4b9dacf9e63f6d10a254,scene-0635,42
6.5424,12.5379,18.2497,4.8286,7.8981,11.0156,0.0,0.0,0.0,0.0,0.0,0.0,0.0,0.0,0.0,ok,straight,6.5424,12.2524,18.2497,4.8286,7.7554,10.9204,True,"[-0.1305, -0.1305, -0.1958, -0.0653, -0.1305, -0.2611, -0.0653, -0.0]","[-226.2674, -863.6304, -188.2608, -1255.3633, -3389.3456, -3422.3662, -4868.5806, -89376.8955]","[2.6923, 2.365, 1.8359, -1001253.0035, -1003387.2911, -1003420.3117, -1004866.2208, -1089374.841]","[10.92, 11.158, 11.016, 11.253, 10.112, 10.683, 10.016, 8.977]","[[[3.1148, 0.0], [6.5412, -0.1305], [9.1109, -0.1305], [12.2517, -0.1305], [16.2492, -0.2611], [18.2479, -0.2611]], [[3.4003, 0.0], [7.6833, -0.1305], [9.1109, -0.1305], [12.2517, -0.1305], [16.2492, -0.2611], [18.2479, -0.2611]], [[3.1148, 0.0], [6.5412, -0.1305], [9.1109, -0.1305], [12.2517, -0.1305], [15.107, -0.1305], [19.9611, -0.3916]], [[3.1148, 0.0], [6.5412, -0.1305], [9.1109, -0.1305], [12.2517, -0.1305], [14.536, -0.2611], [21.9598, 0.1305]], [[3.4003, 0.0], [7.6833, -0.1305], [9.1109, -0.1305], [12.2517, -0.1305], [11.6807, -0.2611], [16.5347, -0.2611]], [[3.4003, 0.0], [7.6833, -0.1305], [9.1109, -0.1305], [12.2517, -0.1305], [12.5373, -0.2611], [19.1045, -0.5222]], [[3.1148, 0.0], [6.5412, -0.1305], [9.1109, -0.1305], [12.2517, -0.1305], [11.1096, 0.0], [17.9623, -0.1305]], [[3.4003, 0.0], [7.6833, -0.1305], [9.1109, -0.1305], [12.2517, -0.1305], [-0.026, 0.0], [21.3887, 0.0]]]",0.7228,0.0,0.0,0.0,0.0,0.0,0.0,True,[3],0.0,0.0,0.0,8.9773,8.0,7.6844,12.2524,21.3887,5.5423,8.1122,8.9773,"[[3.115, 0.0], [6.541, -0.131], [9.111, -0.131], [12.252, -0.131], [16.249, -0.261], [18.248, -0.261]]",ok,11.2533,0.0,0.0,0.0,0.0,0.0,0.0,0.0,0.0,0.0,58470b43cd034f61b9aa7e1b5ce78221,scene-0635,42
5.9715,12.2524,18.2483,4.5432,7.6126,10.4917,0.0,0.0,0.0,0.0,0.0,0.0,0.0,0.0,0.0,ok,straight,5.9715,12.2524,17.3918,4.5432,7.6126,10.3489,True,"[-0.0653, -0.1305, -0.0653, -0.0653, -0.0, -0.0653, -0.0653, -0.0]","[-221.73, -179.7323, -887.3025, -989.7701, -1768.1698, -1893.8875, -5514.8671, -6097.7069]","[1.9127, 0.264, -1000886.0905, -1000987.641, -1001766.9578, -1001891.7584, -1005512.738, -1006095.5778]","[10.492, 10.016, 10.778, 10.35, 10.826, 10.73, 10.635, 7.637]","[[[3.1148, 0.0], [5.9701, -0.1305], [9.1109, -0.1305], [12.2517, -0.1305], [14.2505, -0.1305], [18.2479, -0.1305]], [[3.1148, 0.0], [5.9701, -0.1305], [9.1109, -0.1305], [12.2517, -0.1305], [13.6794, -0.1305], [15.9636, -0.2611]], [[3.1148, 0.0], [5.9701, -0.1305], [9.1109, -0.1305], [12.2517, -0.1305], [16.8202, 0.3916], [17.3913, -0.1305]], [[3.1148, 0.0], [5.9701, -0.1305], [9.1109, -0.2611], [13.6794, 0.0], [14.536, -0.2611], [15.6781, -0.1305]], [[3.1148, 0.0], [5.9701, -0.1305], [9.1109, -0.1305], [12.2517, -0.1305], [13.6794, -0.5222], [20.8176, 0.0]], [[3.1148, 0.0], [5.9701, -0.1305], [9.1109, -0.2611], [13.6794, 0.0], [14.2505, -0.1305], [18.2479, -0.1305]], [[3.1148, 0.0], [5.9701, -0.1305], [9.1109, -0.2611], [13.6794, 0.0], [18.8189, -0.2611], [13.1083, 0.1305]], [[3.1148, 0.0], [5.9701, -0.1305], [9.1109, -0.2611], [13.6794, 0.0], [13.1083, -0.2611], [0.8306, 0.0]]]",0.994,0.0,0.0,0.0,0.0,0.0,0.0,True,[3],0.0,0.0,0.0,7.637,8.0,5.9715,13.6794,0.8306,4.5432,7.9701,7.637,"[[3.115, 0.0], [5.97, -0.131], [9.111, -0.131], [12.252, -0.131], [14.25, -0.131], [17.391, -0.131]]",ok,10.8263,0.0,0.0,0.0,0.0,0.0,0.0,0.0,0.0,0.0,4ef7c8c891a84b9eb030f12e1c07830f,scene-0635,42
0.5855,1.471,1.6189,0.5387,0.9804,1.1714,0.0,0.0,0.0,0.0,0.0,0.0,0.0,0.0,0.0,ok,straight,0.5855,1.471,1.6252,0.5387,0.9804,1.2199,False,"[-0.0653, -0.0653, -0.0653, -0.0653, -0.1305, -0.1305, -0.3264, -0.0]","[-425.0533, -77.5072, -179.4405, -1645.0126, -2756.0145, -49973.4007, -149208.4088, -165247.9642]","[3.3635, 3.3436, 3.342, -1001642.7845, -1002753.7864, -1049971.1979, -1149206.1807, -1165245.7613]","[2.465, 1.22, 0.798, 1.602, 1.193, 3.075, 9.914, 9.483]","[[[3.1148, 0.0], [6.5412, 0.0], [9.1109, 0.0], [9.9675, 0.0], [12.8228, 0.3916], [15.3926, -0.1305]], [[3.1148, 0.0], [6.5412, 0.0], [9.1109, -0.1305], [12.2517, -0.1305], [15.107, -0.1305], [18.2479, -0.1305]], [[3.1148, 0.0], [6.5412, 0.0], [9.1109, -0.1305], [12.2517, -0.1305], [16.8202, -0.3916], [20.5321, -0.1305]], [[3.1148, 0.0], [6.5412, 0.0], [9.1109, 0.0], [9.9675, 0.0], [15.107, -0.1305], [18.2479, -0.1305]], [[3.1148, 0.0], [6.5412, 0.0], [9.1109, 0.0], [9.9675, 0.0], [16.2492, -0.7833], [19.9611, -0.2611]], [[3.1148, 0.0], [6.5412, 0.0], [9.1109, -0.1305], [12.2517, -0.1305], [3.1148, 0.0], [19.1045, -0.2611]], [[3.1148, 0.0], [6.5412, 0.0], [9.1109, 0.0], [9.9675, 0.0], [13.3939, -0.1305], [69.6432, 0.6527]], [[3.1148, 0.0], [6.5412, 0.0], [9.1109, -0.1305], [12.2517, -0.1305], [13.6794, -0.1305], [69.6432, 0.0]]]",3.5219,0.0,0.0,0.0,0.0,0.0,0.0,True,[3],0.0,0.0,0.0,0.7983,8.0,0.5855,1.471,0.6807,0.5387,0.9804,0.7983,"[[3.115, 0.0], [6.541, 0.0], [9.111, -0.131], [12.252, -0.131], [15.107, -0.131], [18.248, -0.131]]",ok,9.9137,0.0,0.0,0.0,0.0,0.0,0.0,0.0,0.0,0.0,3ac231a1ef4c481c9c15921cafa87307,scene-0636,42
1.2437,3.2866,7.1447,0.8401,1.6849,3.2071,0.0,0.0,0.0,0.0,0.0,0.0,0.0,0.0,0.0,ok,straight,1.2437,3.2866,6.5738,0.8401,1.7562,3.1595,True,"[-0.1305, -0.1305, -0.1958, -0.3916, -0.0, -0.7833, -0.718, -0.5875]","[-64.4591, -164.4152, -179.3485, -1036.7331, -2906.8156, -4842.7662, -5170.586, -5848.2083]","[3.9106, 3.7949, 3.6268, -1001034.8072, -1002904.8171, -1004840.7678, -1005168.6601, -1005846.2824]","[3.159, 3.302, 3.113, 3.56, 4.683, 3.574, 3.18, 4.228]","[[[2.2582, 0.0], [4.5424, 0.0], [6.5412, -0.1305], [8.5399, -0.1305], [11.1096, -0.2611], [12.5373, -0.2611]], [[3.1148, 0.0], [4.5424, 0.0], [6.5412, -0.1305], [8.5399, -0.1305], [11.1096, -0.2611], [12.5373, -0.2611]], [[2.2582, 0.0], [4.5424, 0.0], [6.5412, -0.1305], [8.5399, -0.1305], [9.9675, 0.1305], [13.3939, -0.3916]], [[3.1148, 0.0], [4.5424, 0.0], [6.5412, -0.1305], [8.5399, -0.1305], [9.9675, -0.9138], [15.107, 0.7833]], [[2.2582, 0.0], [4.5424, 0.0], [6.5412, -0.1305], [8.5399, -0.1305], [15.3926, 0.2611], [17.3913, 0.0]], [[2.2582, 0.0], [4.5424, 0.0], [6.5412, -0.1305], [8.5399, -0.1305], [8.5399, -0.7833], [17.3913, 1.5666]], [[3.1148, 0.0], [4.5424, 0.0], [6.5412, -0.1305], [8.5399, -0.1305], [7.3977, 0.0], [15.3926, 1.436]], [[3.1148, 0.0], [4.5424, 0.0], [6.5412, -0.1305], [8.5399, -0.1305], [15.3926, 0.6527], [13.6794, 1.1749]]]",0.5321,0.0,0.0,0.0,0.0,0.0,0.0,True,[3],0.0,0.0,0.0,3.113,8.0,1.2437,3.2866,7.4342,0.8401,1.7562,3.113,"[[2.258, 0.0], [4.542, 0.0], [6.541, -0.131], [8.54, -0.131], [11.11, -0.261], [12.537, -0.261]]",ok,4.6826,0.0,0.0,0.0,0.0,0.0,0.0,0.0,0.0,0.0,a49f9ebfee6044589286b7f8e279ac18,scene-0636,42
2.6585,5.1715,6.5289,1.8328,3.0103,4.0977,0.0,0.0,1.0,0.0,0.0,1.0,0.0,0.0,0.3333333333333333,ok,right,2.6585,6.0023,6.5289,1.8328,3.4314,4.3663,False,"[1.1749, 0.0653, 0.0653, 0.0653, -0.5875, -0.4569, 0.4569, 3.1332]","[-144.0927, -235.6051, -262.0568, -111.3779, -713.3032, -1754.5279, -10707.8767, -53017.2108]","[1.6803, 1.0143, 1.0127, 0.6924, -1000712.3831, -1001753.9368, -1010707.2857, -1053016.2907]","[4.466, 4.378, 4.162, 4.099, 6.058, 5.185, 5.655, 4.82]","[[[2.2582, 0.0], [5.1135, -0.1305], [7.3977, -0.1305], [9.3964, -0.1305], [12.5373, -0.3916], [15.6781, -2.3499]], [[2.2582, 0.0], [5.1135, -0.1305], [7.6833, -0.1305], [10.8241, -0.2611], [11.9662, -0.1305], [13.1083, -0.1305]], [[2.2582, 0.0], [5.1135, -0.1305], [7.6833, -0.1305], [10.8241, -0.2611], [11.6807, -0.3916], [11.9662, -0.1305]], [[2.2582, 0.0], [5.1135, -0.1305], [7.3977, -0.1305], [9.3964, -0.1305], [11.9662, -0.1305], [13.1083, -0.1305]], [[2.2582, 0.0], [5.1135, -0.1305], [7.6833, -0.1305], [10.8241, -0.2611], [13.9649, 0.0], [21.3887, 1.1749]], [[2.2582, 0.0], [5.1135, -0.1305], [7.3977, -0.1305], [9.3964, -0.1305], [13.6794, -2.0888], [18.2479, 0.9138]], [[2.2582, 0.0], [5.1135, -0.1305], [7.3977, -0.1305], [9.3964, -0.1305], [9.9675, -0.2611], [25.1006, -0.9138]], [[2.2582, 0.0], [5.1135, -0.1305], [7.6833, -0.1305], [10.8241, -0.2611], [1.4016, 0.0], [17.1058, -6.2664]]]",0.6734,0.0,0.0,1.0,0.0,0.0,1.0,True,[3],0.0,0.0,0.3333333333333333,4.0987,8.0,2.6585,4.6086,6.5289,1.8328,3.0118,4.0987,"[[2.258, 0.0], [5.113, -0.131], [7.683, -0.131], [10.824, -0.261], [11.966, -0.392], [13.108, -0.131]]",ok,6.0579,0.0,1.0,0.0,0.0,1.0,1.0,0.0,0.25,0.3333333333333333,60f69450e83440ca822610054f48e17e,scene-0636,42
0.4758,0.1952,0.4109,0.4121,0.2936,0.3668,0.0,0.0,0.0,0.0,0.0,0.0,0.0,0.0,0.0,ok,straight,0.771,0.1952,1.3038,0.9874,0.5812,0.7074,False,"[-0.0653, -0.0653, -0.0653, -0.6527, -0.1305, -6.0053, -0.1305, -0.2611]","[-65.2631, -258.6111, -14.609, -3799.2986, -4115.8243, -9239.1246, -35869.7477, -772799.6359]","[3.0385, 3.0378, 2.063, -1003797.1113, -1004114.6128, -1009237.9132, -1035868.5363, -1772797.4486]","[0.707, 0.932, 0.516, 2.727, 0.915, 2.737, 3.179, 8.812]","[[[5.1135, -0.1305], [8.8254, 0.0], [12.5373, -0.1305], [16.8202, -0.1305], [20.8176, -0.1305], [24.5295, -0.1305]], [[5.1135, -0.1305], [8.8254, 0.0], [12.5373, -0.1305], [16.8202, -0.1305], [22.8163, 0.0], [27.3848, -0.1305]], [[4.2569, 0.0], [8.5399, -0.1305], [12.5373, -0.1305], [16.8202, -0.1305], [20.8176, -0.1305], [24.5295, -0.1305]], [[5.1135, -0.1305], [8.8254, 0.0], [12.5373, -0.1305], [16.8202, -0.1305], [27.3848, 0.1305], [33.6665, -1.3055]], [[4.2569, 0.0], [8.5399, -0.1305], [12.5373, -0.1305], [16.8202, -0.1305], [17.3913, -0.1305], [25.6716, -0.2611]], [[4.2569, 0.0], [8.5399, -0.1305], [12.5373, -0.1305], [16.8202, -0.1305], [25.1006, -0.5222], [27.0993, -12.0106]], [[4.2569, 0.0], [8.5399, -0.1305], [12.5373, -0.1305], [16.8202, -0.1305], [19.9611, -10.444], [17.9623, 0.2611]], [[5.1135, -0.1305], [8.8254, 0.0], [12.5373, -0.1305], [16.8202, -0.1305], [69.6432, -0.7833], [27.6704, 0.5222]]]",2.5618,0.0,0.0,0.0,0.0,0.0,0.0,True,[3],0.0,0.0,0.0,0.5156,8.0,0.4758,0.1952,1.3038,0.4121,0.2936,0.5156,"[[5.113, -0.131], [8.825, 0.0], [12.537, -0.131], [16.82, -0.131], [20.818, -0.131], [24.53, -0.131]]",ok,8.8121,0.0,0.0,0.0,0.0,0.0,0.0,0.0,0.0,0.0,fb6bf332e9484f7380161edeeee03af9,scene-0636,42
3.2666,5.2191,8.8432,2.108,3.5601,5.1577,0.0,0.0,0.0,0.0,0.0,0.0,0.0,0.0,0.0,ok,straight,3.2666,7.7897,8.2722,2.108,4.3456,5.6337,False,"[-0.1305, -0.1305, -0.6527, -0.3264, -0.1958, -0.0653, -0.5222, -0.0]","[-218.4361, -397.2572, -2004.9026, -2925.2556, -6144.2861, -16277.5544, -50361.8476, -51906.977]","[4.0465, 4.04, -1002002.199, -1002922.552, -1006141.5847, -1016274.8508, -1050359.1462, -1051904.2756]","[5.396, 5.634, 5.747, 5.636, 4.076, 4.631, 5.694, 6.059]","[[[3.1148, 0.0], [4.828, 0.0], [7.3977, -0.1305], [9.3964, 0.0], [12.8228, -0.1305], [16.8202, -0.2611]], [[3.1148, 0.0], [4.828, 0.0], [6.8267, 0.0], [8.5399, 0.0], [12.8228, -0.1305], [16.8202, -0.2611]], [[3.1148, 0.0], [4.828, 0.0], [6.8267, 0.0], [8.5399, 0.0], [13.9649, 0.0], [15.107, 1.3055]], [[3.1148, 0.0], [4.828, 0.0], [6.8267, 0.0], [8.5399, 0.0], [14.536, 0.0], [15.107, -0.6527]], [[3.1148, 0.0], [4.828, 0.0], [7.3977, -0.1305], [9.3964, 0.0], [17.9623, 0.5222], [19.6755, -0.3916]], [[3.1148, 0.0], [4.828, 0.0], [6.8267, 0.0], [8.5399, 0.0], [19.1045, -1.1749], [16.8202, -0.1305]], [[3.1148, 0.0], [4.828, 0.0], [7.3977, -0.1305], [9.3964, 0.0], [16.8202, -11.4884], [31.0967, 1.0444]], [[3.1148, 0.0], [4.828, 0.0], [7.3977, -0.1305], [9.3964, 0.0], [21.1032, 0.2611], [5.1135, 0.0]]]",0.6206,0.0,0.0,0.0,0.0,0.0,0.0,True,[3],0.0,0.0,0.0,4.076,8.0,3.2666,6.9332,5.4214,2.108,3.9887,4.076,"[[3.115, 0.0], [4.828, 0.0], [6.827, 0.0], [8.54, 0.0], [12.823, -0.131], [16.82, -0.261]]",ok,6.059,0.0,0.0,0.0,0.0,0.0,0.0,0.0,0.0,0.0,8b77b8e2cbf144bea91f4c1856b05a7c,scene-0637,42
1.8941,4.2414,5.9669,1.5067,2.5694,3.5827,0.0,0.0,0.0,0.0,0.0,0.0,0.0,0.0,0.0,ok,straight,1.8941,4.2414,7.1089,1.5067,2.498,3.7254,False,"[-0.1305, -0.1305, -0.0653, -0.0653, -0.3264, -0.1305, -0.0, -0.1305]","[-67.2179, -257.0194, -841.4269, -1543.5666, -2646.4878, -5802.2965, -13551.1971, -958984.2018]","[3.3958, 1.081, -1000838.3283, -1001542.7822, -1002645.7035, -1005801.5121, -1013548.0985, -1958981.1032]","[3.725, 3.583, 2.465, 2.396, 2.968, 2.548, 2.922, 10.496]","[[[3.1148, 0.0], [6.5412, 0.0], [9.9675, -0.1305], [12.8228, -0.1305], [16.2492, -0.1305], [18.8189, -0.2611]], [[3.1148, 0.0], [7.3977, -0.1305], [9.9675, -0.1305], [12.8228, -0.1305], [16.2492, -0.1305], [18.8189, -0.2611]], [[3.1148, 0.0], [6.5412, 0.0], [9.9675, -0.1305], [12.8228, -0.1305], [19.6755, -0.6527], [28.8125, 0.1305]], [[3.1148, 0.0], [7.3977, -0.1305], [9.9675, -0.1305], [12.8228, -0.1305], [19.39, 0.0], [22.8163, 0.1305]], [[3.1148, 0.0], [7.3977, -0.1305], [9.9675, -0.1305], [12.8228, -0.1305], [19.1045, -0.2611], [19.6755, -0.6527]], [[3.1148, 0.0], [7.3977, -0.1305], [9.9675, -0.1305], [12.8228, -0.1305], [20.8176, 0.6527], [20.8176, -0.2611]], [[3.1148, 0.0], [6.5412, 0.0], [9.9675, -0.1305], [12.8228, -0.1305], [22.8163, 1.1749], [20.2466, 0.0]], [[3.1148, 0.0], [6.5412, 0.0], [9.9675, -0.1305], [12.8228, -0.1305], [69.6432, -0.5222], [21.1032, 0.2611]]]",2.54,0.0,0.0,0.0,0.0,0.0,0.0,True,[3],0.0,0.0,0.0,2.3956,8.0,1.0384,4.2414,3.1224,1.0788,2.2841,2.3956,"[[3.115, 0.0], [6.541, 0.0], [9.968, -0.131], [12.823, -0.131], [16.249, -0.131], [18.819, -0.261]]",ok,10.4961,0.0,0.0,0.0,0.0,0.0,0.0,0.0,0.0,0.0,e5313f353c1340288bc407c3f52f5226,scene-0637,42
0.5435,1.3129,0.9762,0.3707,0.78,1.2576,0.0,0.0,0.0,0.0,0.0,0.0,0.0,0.0,0.0,ok,straight,0.5435,1.0363,0.9762,0.3707,0.5751,0.8831,True,"[-0.1305, -0.3916, -0.1305, -0.1305, -0.0653, -0.1958, -0.1305, -0.718]","[-451.9369, -60.7142, -410.8525, -492.6625, -1301.6319, -4202.8666, -5715.5655, -37330.9491]","[5.176, 3.9268, 3.6677, -1000488.4939, -1001298.9751, -1004198.698, -1005712.9087, -1037328.2923]","[0.543, 1.18, 1.115, 0.978, 1.174, 1.195, 4.309, 3.363]","[[[4.2569, 0.0], [8.5399, 0.0], [13.1083, -0.2611], [17.1058, 0.0], [22.8163, -0.1305], [26.2427, -0.2611]], [[4.2569, 0.0], [8.5399, 0.0], [13.1083, -0.2611], [17.1058, 0.0], [20.5321, -0.2611], [24.244, -0.7833]], [[4.2569, 0.0], [8.5399, 0.0], [12.5373, -0.1305], [16.8202, -0.1305], [19.9611, -0.1305], [25.9572, -0.2611]], [[4.2569, 0.0], [8.5399, 0.0], [13.1083, -0.2611], [17.1058, 0.0], [19.9611, -0.1305], [25.9572, -0.2611]], [[4.2569, 0.0], [8.5399, 0.0], [12.5373, -0.1305], [16.8202, -0.1305], [22.5308, -0.2611], [23.1019, -0.1305]], [[4.2569, 0.0], [8.5399, 0.0], [13.1083, -0.2611], [17.1058, 0.0], [17.9623, 0.1305], [27.0993, -0.3916]], [[4.2569, 0.0], [8.5399, 0.0], [12.5373, -0.1305], [16.8202, -0.1305], [25.9572, 0.2611], [46.2298, 0.2611]], [[4.2569, 0.0], [8.5399, 0.0], [12.5373, -0.1305], [16.8202, -0.1305], [28.5269, -0.1305], [15.9636, 1.436]]]",1.2535,0.0,0.0,0.0,0.0,0.0,0.0,True,[3],0.0,0.0,0.0,0.543,8.0,0.5435,1.0363,0.692,0.3707,0.5751,0.543,"[[4.257, 0.0], [8.54, 0.0], [13.108, -0.261], [17.106, 0.0], [20.532, -0.131], [25.957, -0.261]]",ok,4.3092,0.0,0.0,0.0,0.0,0.0,0.0,0.0,0.0,0.0,3cc7d2152d6042708f0935f99552e0d8,scene-0637,42
0.0606,1.8567,5.608,0.1067,1.033,2.1492,0.0,0.0,0.0,0.0,0.0,0.0,0.0,0.0,0.0,ok,straight,0.0606,1.5712,5.608,0.1067,0.6054,1.8641,True,"[-0.0653, -0.0653, -0.0653, -0.1305, -0.4569, -0.0653, -0.0653, -0.2611]","[-5.7892, -138.3278, -292.7623, -348.1506, -517.7031, -1545.2459, -2604.3234, -3074.2518]","[3.2324, 3.1139, 2.9761, 2.4378, -1000516.0284, -1001543.5713, -1002602.6488, -1003072.577]","[1.864, 2.149, 0.868, 2.303, 3.537, 1.532, 1.2, 1.725]","[[[3.6858, 0.0], [7.3977, 0.0], [11.1096, 0.0], [14.8215, -0.1305], [18.8189, -0.1305], [23.3874, -0.1305]], [[3.6858, 0.0], [7.3977, 0.0], [11.9662, -0.1305], [15.6781, -0.1305], [18.8189, -0.1305], [23.3874, -0.1305]], [[3.6858, 0.0], [7.3977, 0.0], [11.1096, 0.0], [14.8215, -0.1305], [16.5347, -0.1305], [19.6755, 0.1305]], [[3.6858, 0.0], [7.3977, 0.0], [11.9662, -0.1305], [15.6781, -0.1305], [18.8189, -0.7833], [24.244, -0.2611]], [[3.6858, 0.0], [7.3977, 0.0], [11.1096, 0.0], [14.8215, -0.1305], [21.1032, -0.2611], [31.0967, 0.9138]], [[3.6858, 0.0], [7.3977, 0.0], [11.9662, -0.1305], [15.6781, -0.1305], [16.5347, 0.0], [21.9598, -0.1305]], [[3.6858, 0.0], [7.3977, 0.0], [11.9662, -0.1305], [15.6781, -0.1305], [15.3926, 0.0], [20.5321, 0.1305]], [[3.6858, 0.0], [7.3977, 0.0], [11.1096, 0.0], [14.8215, -0.1305], [16.2492, 0.0], [25.1006, -0.5222]]]",0.7604,0.0,0.0,0.0,0.0,0.0,0.0,True,[3],0.0,0.0,0.0,0.8683,8.0,0.0606,1.5712,1.9173,0.1067,0.6054,0.8683,"[[3.686, 0.0], [7.398, 0.0], [11.11, 0.0], [14.822, -0.131], [18.819, -0.131], [23.387, -0.131]]",ok,3.5371,0.0,0.0,0.0,0.0,0.0,0.0,0.0,0.0,0.0,cc92df0799e44da89bfb8d8434f954ed,scene-0637,42
1.5912,3.6058,4.5175,1.3346,2.2329,3.0798,0.0,0.0,0.0,0.0,0.0,0.0,0.0,0.0,0.0,ok,straight,1.5912,3.6058,4.5175,1.3346,2.2329,3.0322,True,"[-0.0, -0.0, -0.3264, -0.1305, -0.3916, -4.6998, -0.0, -1.7624]","[-101.9603, -240.7276, -4008.4502, -4233.7898, -7095.1001, -21724.2105, -521094.6287, -962641.6976]","[3.8575, 3.7026, -1004005.7525, -1004231.2467, -1007092.557, -1021721.5128, -1521091.931, -1962639.1545]","[3.032, 3.032, 3.809, 3.235, 2.414, 5.157, 21.735, 14.61]","[[[2.8293, 0.0], [5.1135, 0.0], [7.6833, 0.0], [9.9675, 0.0], [12.8228, 0.0], [14.2505, 0.0]], [[2.2582, 0.0], [5.6846, 0.0], [7.6833, 0.0], [9.9675, 0.0], [12.8228, 0.0], [14.2505, 0.0]], [[2.8293, 0.0], [5.1135, 0.0], [7.6833, 0.0], [9.9675, 0.0], [16.2492, 0.9138], [15.3926, 0.6527]], [[2.2582, 0.0], [5.6846, 0.0], [7.6833, 0.0], [9.9675, 0.0], [9.9675, 1.1749], [17.9623, 0.2611]], [[2.2582, 0.0], [5.6846, 0.0], [7.6833, 0.0], [9.9675, 0.0], [7.3977, 0.0], [14.536, 0.7833]], [[2.8293, 0.0], [5.1135, 0.0], [7.6833, 0.0], [9.9675, 0.0], [19.6755, -0.1305], [14.2505, -9.3996]], [[2.8293, 0.0], [5.1135, 0.0], [7.6833, 0.0], [9.9675, 0.0], [69.6432, 0.5222], [69.6432, 0.0]], [[2.2582, 0.0], [5.6846, 0.0], [7.6833, 0.0], [9.9675, 0.0], [69.6432, -0.1305], [26.5282, 3.5248]]]",6.663,0.0,0.0,0.0,0.0,0.0,0.0,True,[3],0.0,0.0,0.0,2.4138,8.0,2.1622,3.6058,4.8692,1.3346,2.2329,2.4138,"[[2.829, 0.0], [5.113, 0.0], [7.683, 0.0], [9.968, 0.0], [12.823, 0.0], [14.25, 0.0]]",ok,21.7348,0.0,0.0,0.0,0.0,0.0,0.0,0.0,0.0,0.0,ccd7c315063047ddb231fceb7ceff64b,scene-0638,42
1.2003,5.1021,10.291,0.7445,2.2181,4.5216,0.0,0.0,0.0,0.0,0.0,0.0,0.0,0.0,0.0,ok,left,1.2003,4.4169,11.2048,0.7445,2.1118,4.4741,True,"[-2.7415, -2.7415, -2.2846, -2.0888, -2.2846, -1.6971, -2.9374, -3.8512]","[-242.2796, -668.3519, -1328.4699, -8336.9294, -11291.235, -30942.1611, -52289.2702, -152878.0603]","[0.6895, 0.5752, -1001328.1713, -1008336.6308, -1011291.0419, -1030941.968, -1052288.9716, -1152877.8671]","[4.474, 4.545, 4.667, 4.672, 3.8, 4.556, 5.611, 6.026]","[[[1.9727, -0.1305], [4.2569, -0.5222], [5.9701, -1.1749], [8.2543, -1.8277], [9.1109, -3.1332], [11.1096, -5.4831]], [[1.9727, -0.1305], [4.2569, -0.5222], [5.9701, -0.9138], [8.5399, -2.4804], [9.1109, -3.1332], [11.1096, -5.4831]], [[1.9727, -0.1305], [4.2569, -0.5222], [5.9701, -1.1749], [8.2543, -1.8277], [9.9675, -4.8303], [8.2543, -4.5692]], [[1.9727, -0.1305], [4.2569, -0.5222], [5.9701, -1.1749], [8.2543, -1.8277], [7.9688, -2.2193], [19.6755, -4.1776]], [[1.9727, -0.1305], [4.2569, -0.5222], [5.9701, -0.9138], [8.5399, -2.4804], [7.9688, 1.3055], [14.2505, -4.5692]], [[1.9727, -0.1305], [4.2569, -0.5222], [5.9701, -0.9138], [8.5399, -2.4804], [1.1161, 0.0], [11.6807, -3.3943]], [[1.9727, -0.1305], [4.2569, -0.5222], [5.9701, -1.1749], [8.2543, -1.8277], [-2.8813, -1.5666], [10.5386, -5.8747]], [[1.9727, -0.1305], [4.2569, -0.5222], [5.9701, -0.9138], [8.5399, -2.4804], [11.3952, 16.5798], [16.8202, -7.7024]]]",0.6544,0.0,0.0,0.0,0.0,0.0,0.0,True,[3],0.0,0.0,0.0,3.7996,8.0,1.2003,5.1021,10.7756,0.7445,2.2181,3.7996,"[[1.973, -0.131], [4.257, -0.522], [5.97, -1.175], [8.254, -1.828], [9.111, -3.133], [11.11, -5.483]]",ok,6.0256,0.0,0.0,0.0,0.0,0.0,0.0,0.0,0.0,0.0,c2883c7af8154962817ba909773d6e05,scene-0638,42
1.9899,2.6089,4.5484,1.5879,2.2653,2.9705,0.0,0.0,0.0,0.0,0.0,0.0,0.0,0.0,0.0,ok,straight,1.9899,2.6089,2.4121,1.5879,2.0519,2.4216,True,"[-0.5875, -0.0, -0.7833, -0.0, -0.4569, -0.2611, -0.7833, -0.2611]","[-388.652, -464.7339, -1011.2791, -1048.9214, -4670.5341, -6105.9418, -10030.3779, -36293.3567]","[2.8668, -1000461.8276, -1001008.5817, -1001046.224, -1004667.8367, -1006103.0355, -1010027.6805, -1036290.4504]","[2.009, 2.512, 2.543, 2.464, 2.725, 3.042, 3.905, 5.947]","[[[4.2569, 0.0], [8.5399, 0.0], [12.5373, 0.0], [16.8202, 0.1305], [19.6755, 1.3055], [24.244, 1.1749]], [[4.2569, 0.0], [8.5399, 0.0], [12.5373, 0.0], [16.8202, 0.1305], [22.2453, 0.1305], [24.5295, 0.0]], [[3.4003, 0.0], [9.1109, 0.0], [12.5373, 0.0], [16.8202, 0.1305], [21.9598, 0.0], [24.244, -1.5666]], [[3.4003, 0.0], [9.1109, 0.0], [12.5373, 0.0], [16.8202, 0.1305], [22.2453, 0.1305], [24.5295, 0.0]], [[3.4003, 0.0], [9.1109, 0.0], [12.5373, 0.0], [16.8202, 0.1305], [22.2453, -1.3055], [18.8189, -0.9138]], [[4.2569, 0.0], [8.5399, 0.0], [12.5373, 0.0], [16.8202, 0.1305], [18.8189, 0.7833], [31.3822, 0.5222]], [[3.4003, 0.0], [9.1109, 0.0], [12.5373, 0.0], [16.8202, 0.1305], [19.9611, 0.1305], [8.5399, 1.5666]], [[4.2569, 0.0], [8.5399, 0.0], [12.5373, 0.0], [16.8202, 0.1305], [20.5321, 0.1305], [-2.8813, 0.5222]]]",1.1795,0.0,0.0,0.0,0.0,0.0,0.0,True,[3],0.0,0.0,0.0,2.0091,8.0,1.9899,2.6089,2.1727,1.5879,2.0519,2.0091,"[[4.257, 0.0], [8.54, 0.0], [12.537, 0.0], [16.82, 0.131], [21.96, 0.131], [24.244, 0.0]]",ok,5.9465,0.0,0.0,0.0,0.0,0.0,0.0,0.0,0.0,0.0,f0a91381bd0a4427ba3bbea2252981d3,scene-0638,42
0.4602,0.426,1.3253,0.2579,0.2755,0.6049,0.0,0.0,0.0,0.0,0.0,0.0,0.0,0.0,0.0,ok,straight,0.4602,0.426,1.3244,0.2579,0.2755,0.6047,True,"[-0.0, -0.0653, -0.1305, -0.1305, -0.0653, -0.1305, -0.1305, -0.1305]","[-76.0458, -181.0222, -43.4658, -106.3955, -982.5301, -4605.1221, -99079.2486, -436981.5322]","[4.5264, 3.1106, 1.6982, 1.6969, -1000980.5976, -1004603.1896, -1099077.3169, -1436979.6005]","[1.603, 0.56, 0.605, 0.604, 0.49, 1.225, 3.391, 17.354]","[[[3.6858, 0.0], [6.8267, 0.0], [10.5386, -0.1305], [14.2505, -0.1305], [19.1045, -0.1305], [25.6716, 0.0]], [[3.6858, 0.0], [6.8267, 0.0], [10.8241, 0.0], [14.2505, -0.1305], [17.1058, 0.1305], [17.6768, 0.1305]], [[3.6858, 0.0], [6.8267, 0.0], [10.5386, -0.1305], [14.2505, -0.1305], [17.9623, -0.1305], [20.8176, -0.2611]], [[3.6858, 0.0], [6.8267, 0.0], [10.8241, 0.0], [14.2505, -0.1305], [17.9623, -0.1305], [20.8176, -0.2611]], [[3.6858, 0.0], [6.8267, 0.0], [10.5386, -0.1305], [14.2505, -0.1305], [15.3926, -0.2611], [19.9611, -0.1305]], [[3.6858, 0.0], [6.8267, 0.0], [10.5386, -0.1305], [14.2505, -0.1305], [21.6742, -0.3916], [20.8176, -0.2611]], [[3.6858, 0.0], [6.8267, 0.0], [10.8241, 0.0], [14.2505, -0.1305], [0.8306, 0.0], [22.8163, -0.2611]], [[3.6858, 0.0], [6.8267, 0.0], [10.8241, 0.0], [14.2505, -0.1305], [69.6432, -0.3916], [69.6432, -0.2611]]]",5.4154,0.0,0.0,0.0,0.0,0.0,0.0,True,[3],0.0,0.0,0.0,0.4899,8.0,0.4602,0.426,0.4619,0.2579,0.2755,0.4899,"[[3.686, 0.0], [6.827, 0.0], [10.539, -0.131], [14.25, -0.131], [17.962, -0.131], [20.818, 0.0]]",ok,17.3542,0.0,0.0,0.0,0.0,0.0,0.0,0.0,0.0,0.0,457185e7311943ec97c79aea2a45df79,scene-0638,42
5.399,11.1096,16.2497,4.2569,7.0408,9.5394,0.0,0.0,0.0,0.0,0.0,0.0,0.0,0.0,0.0,ok,straight,5.6846,11.1096,15.9636,4.2569,7.0408,9.4917,True,"[-0.0653, -0.1958, -0.0, -0.0653, -0.1305, -0.1958, -2.7415, -0.1958]","[-101.9382, -194.4671, -202.4235, -180.1999, -221.9828, -3412.7407, -5676.5813, -13075.6114]","[3.8611, 3.6894, 3.5971, 3.5272, 3.4424, -1003409.9662, -1005673.8069, -1013073.1527]","[9.492, 8.687, 10.348, 9.492, 9.492, 9.159, 9.259, 10.255]","[[[2.8293, 0.0], [5.6846, 0.0], [8.5399, 0.0], [11.1096, 0.0], [12.8228, -0.1305], [15.9636, -0.1305]], [[2.8293, 0.0], [5.6846, 0.0], [8.5399, 0.0], [11.1096, 0.0], [12.2517, -0.6527], [11.6807, 0.3916]], [[3.1148, 0.0], [5.399, 0.0], [8.5399, 0.0], [11.1096, 0.0], [15.107, 0.0], [18.8189, 0.0]], [[3.1148, 0.0], [5.399, 0.0], [8.5399, 0.0], [11.1096, 0.0], [12.8228, -0.1305], [15.9636, -0.1305]], [[3.1148, 0.0], [5.399, 0.0], [8.5399, 0.0], [11.1096, 0.0], [13.9649, -0.1305], [14.8215, 0.2611]], [[2.8293, 0.0], [5.6846, 0.0], [8.5399, 0.0], [11.1096, 0.0], [10.253, 0.1305], [16.5347, 0.3916]], [[2.8293, 0.0], [5.6846, 0.0], [8.5399, 0.0], [11.1096, 0.0], [9.9675, 0.1305], [16.5347, -5.4831]], [[3.1148, 0.0], [5.399, 0.0], [8.5399, 0.0], [11.1096, 0.0], [19.39, 0.3916], [13.9649, 0.3916]]]",0.5149,0.0,0.0,0.0,0.0,0.0,0.0,True,[3],0.0,0.0,0.0,8.6866,8.0,5.6846,11.1096,11.6873,4.2569,7.0408,8.6866,"[[2.829, 0.0], [5.685, 0.0], [8.54, 0.0], [11.11, 0.0], [12.823, -0.131], [15.964, 0.0]]",ok,10.3482,0.0,0.0,0.0,0.0,0.0,0.0,0.0,0.0,0.0,4cecbedd7c9c406ba5a0b22a3fa2e49c,scene-0770,42
5.399,11.1104,16.2497,4.2569,7.041,9.5871,0.0,0.0,0.0,0.0,0.0,0.0,0.0,0.0,0.0,ok,straight,5.399,11.1104,17.3918,4.2569,7.041,9.8251,False,"[-0.0653, -0.0653, -0.0, -0.0653, -0.0653, -0.1958, -0.4569, -0.0653]","[-137.7634, -168.4672, -652.8747, -443.978, -540.4976, -688.3906, -2222.419, -2936.935]","[3.9242, 3.8923, 3.868, 3.5959, 3.5058, 2.3841, -1002219.7927, -1002934.3086]","[9.587, 9.825, 10.209, 9.492, 8.501, 10.778, 10.4, 9.635]","[[[3.1148, 0.0], [5.399, 0.0], [8.5399, 0.0], [11.1096, -0.1305], [13.1083, -0.1305], [16.2492, -0.1305]], [[3.1148, 0.0], [5.399, 0.0], [8.5399, 0.0], [11.1096, -0.1305], [13.3939, -0.2611], [17.3913, -0.1305]], [[3.1148, 0.0], [5.399, 0.0], [8.5399, 0.0], [11.1096, -0.1305], [15.3926, 0.7833], [17.6768, 0.0]], [[3.1148, 0.0], [4.828, 0.0], [8.5399, 0.0], [11.1096, -0.1305], [13.1083, -0.1305], [16.2492, -0.1305]], [[3.1148, 0.0], [5.399, 0.0], [8.5399, 0.0], [11.1096, -0.1305], [11.1096, -1.0444], [11.6807, -0.1305]], [[3.1148, 0.0], [4.828, 0.0], [8.5399, 0.0], [11.1096, -0.1305], [15.9636, -0.2611], [21.1032, -0.3916]], [[3.1148, 0.0], [4.828, 0.0], [8.5399, 0.0], [11.1096, -0.1305], [16.8202, 0.0], [17.9623, 0.9138]], [[3.1148, 0.0], [4.828, 0.0], [8.5399, 0.0], [11.1096, -0.1305], [15.9636, 0.1305], [14.2505, 0.1305]]]",0.646,0.0,0.0,0.0,0.0,0.0,0.0,True,[3],0.0,0.0,0.0,8.5007,8.0,5.399,11.1104,11.6814,4.2569,7.041,8.5007,"[[3.115, 0.0], [5.399, 0.0], [8.54, 0.0], [11.11, -0.131], [13.394, -0.131], [17.391, -0.131]]",ok,10.7776,0.0,0.0,0.0,0.0,0.0,0.0,0.0,0.0,0.0,7aefa57cb973455985b3912a969692ec,scene-0770,42
5.9701,12.2524,15.9642,4.5424,7.4693,10.0154,0.0,0.0,0.0,0.0,0.0,0.0,0.0,0.0,0.0,ok,straight,5.9701,11.1096,15.9642,4.5424,7.1836,9.8249,True,"[-0.0653, -0.0, -0.0653, -0.3264, -5.4178, -8.2899, -0.7833, -0.1305]","[-81.1145, -3967.3188, -6111.4679, -9290.1944, -9980.2148, -26760.4192, -95139.4256, -107380.8954]","[3.8096, -1003964.9176, -1006109.0669, -1009287.7932, -1009977.8138, -1026758.0181, -1095137.0244, -1107378.4943]","[9.825, 10.063, 8.969, 11.159, 9.54, 9.756, 19.585, 18.154]","[[[3.1148, 0.0], [5.9701, 0.0], [8.5399, 0.0], [11.1096, 0.0], [14.2505, -0.1305], [15.9636, -0.1305]], [[3.1148, 0.0], [5.9701, 0.0], [8.5399, 0.0], [11.1096, 0.0], [11.3952, 0.0], [20.2466, 0.0]], [[3.1148, 0.0], [5.9701, 0.0], [7.3977, -0.1305], [7.1122, 0.0], [14.2505, -0.1305], [15.9636, -0.1305]], [[3.1148, 0.0], [5.9701, 0.0], [8.5399, 0.0], [11.1096, 0.0], [19.9611, -0.1305], [18.2479, 0.6527]], [[3.1148, 0.0], [5.9701, 0.0], [7.3977, -0.1305], [7.1122, 0.0], [13.3939, 0.2611], [17.1058, -10.8356]], [[3.1148, 0.0], [5.9701, 0.0], [7.3977, -0.1305], [7.1122, 0.0], [14.8215, 0.1305], [11.3952, 16.5798]], [[3.1148, 0.0], [5.9701, 0.0], [8.5399, 0.0], [11.1096, 0.0], [19.1045, -0.6527], [69.6432, 1.5666]], [[3.1148, 0.0], [5.9701, 0.0], [7.3977, -0.1305], [7.1122, 0.0], [15.6781, 0.5222], [69.6432, -0.2611]]]",3.9487,0.0,0.0,0.0,0.0,0.0,0.0,True,[3],0.0,0.0,0.0,8.9685,8.0,5.9701,7.1122,15.9642,4.5424,5.899,8.9685,"[[3.115, 0.0], [5.97, 0.0], [8.54, 0.0], [11.11, 0.0], [14.25, -0.131], [15.964, -0.131]]",ok,19.5851,0.0,0.0,0.0,0.0,0.0,0.0,0.0,0.0,0.0,41e55a08b2dd4bb0836017b43cd181b3,scene-0770,42
5.399,11.1104,16.2497,4.2569,7.041,9.5871,0.0,0.0,0.0,0.0,0.0,0.0,0.0,0.0,0.0,ok,straight,5.399,11.1104,16.2497,4.1141,6.9696,9.6347,False,"[-0.0653, -0.0653, -0.0653, -0.2611, -0.0653, -0.0653, -0.0653, -4.1123]","[-74.0759, -88.2209, -501.0804, -522.7387, -757.1189, -1753.4628, -5383.9519, -17306.0621]","[2.2403, 2.2378, 2.1633, 2.0121, -1000755.8591, -1001752.203, -1005382.6921, -1017304.8021]","[9.492, 9.54, 10.825, 9.83, 10.446, 9.682, 9.111, 10.758]","[[[2.8293, 0.0], [5.399, 0.0], [8.5399, 0.0], [11.1096, -0.1305], [13.6794, 0.1305], [15.3926, -0.1305]], [[2.8293, 0.0], [5.399, 0.0], [8.5399, 0.0], [11.1096, -0.1305], [13.1083, -0.1305], [16.2492, -0.1305]], [[2.8293, 0.0], [5.399, 0.0], [8.5399, 0.0], [11.1096, -0.1305], [16.2492, 0.3916], [20.8176, -0.1305]], [[2.8293, 0.0], [5.399, 0.0], [7.9688, 0.0], [12.5373, 0.1305], [15.107, 0.7833], [15.107, 0.5222]], [[2.8293, 0.0], [5.399, 0.0], [7.9688, 0.0], [12.5373, 0.1305], [16.8202, 0.6527], [17.1058, 0.1305]], [[2.8293, 0.0], [5.399, 0.0], [7.9688, 0.0], [12.5373, 0.1305], [13.1083, -0.1305], [16.2492, -0.1305]], [[2.8293, 0.0], [5.399, 0.0], [7.9688, 0.0], [12.5373, 0.1305], [10.8241, 0.0], [15.107, -0.1305]], [[2.8293, 0.0], [5.399, 0.0], [8.5399, 0.0], [11.1096, -0.1305], [19.9611, -0.5222], [14.536, -8.2246]]]",0.5949,0.0,0.0,0.0,0.0,0.0,0.0,True,[3],0.0,0.0,0.0,9.1111,8.0,5.399,12.538,15.1076,4.1141,7.1838,9.1111,"[[2.829, 0.0], [5.399, 0.0], [8.54, 0.0], [11.11, -0.131], [13.679, 0.131], [16.249, -0.131]]",ok,10.8251,0.0,0.0,0.0,0.0,0.0,0.0,0.0,0.0,0.0,18616ac104ee4f92b6127dc67bb85f0b,scene-0770,42
6.2556,12.2517,17.3918,4.6852,7.5405,10.3008,0.0,0.0,0.0,0.0,0.0,0.0,0.0,0.0,0.0,ok,straight,6.2556,12.2517,17.3918,4.6852,7.5405,10.3008,False,"[-0.0653, -0.0653, -0.2611, -0.1958, -0.1958, -0.0653, -0.0, -0.1305]","[-257.3863, -416.3517, -740.098, -1373.2761, -8670.1851, -9247.2275, -18959.0865, -69859.5]","[2.8532, 2.8377, -1000738.551, -1001371.729, -1008668.6381, -1009245.6721, -1018957.5311, -1069857.9446]","[10.015, 10.301, 11.302, 11.063, 11.158, 10.967, 10.486, 15.298]","[[[2.2582, 0.0], [5.399, 0.0], [8.5399, 0.0], [12.2517, 0.0], [14.2505, -0.1305], [17.3913, -0.1305]], [[3.1148, 0.0], [6.2556, 0.0], [8.5399, 0.0], [12.2517, 0.0], [14.2505, -0.1305], [17.3913, -0.1305]], [[3.1148, 0.0], [6.2556, 0.0], [8.5399, 0.0], [12.2517, 0.0], [17.6768, -0.3916], [19.9611, 0.5222]], [[3.1148, 0.0], [6.2556, 0.0], [8.5399, 0.0], [12.2517, 0.0], [14.536, 0.0], [21.6742, -0.3916]], [[3.1148, 0.0], [6.2556, 0.0], [8.5399, 0.0], [12.2517, 0.0], [20.2466, 0.2611], [16.5347, -0.3916]], [[2.2582, 0.0], [5.399, 0.0], [8.5399, 0.0], [12.2517, 0.0], [20.5321, -0.1305], [16.8202, 0.1305]], [[2.2582, 0.0], [5.399, 0.0], [8.5399, 0.0], [12.2517, 0.0], [20.8176, -3.2637], [13.3939, 0.0]], [[2.2582, 0.0], [5.399, 0.0], [8.5399, 0.0], [12.2517, 0.0], [13.3939, -0.3916], [49.9417, -0.2611]]]",1.5605,0.0,0.0,0.0,0.0,0.0,0.0,True,[3],0.0,0.0,0.0,10.0153,8.0,5.399,12.2517,17.3918,3.8286,7.1122,10.0153,"[[3.115, 0.0], [6.256, 0.0], [8.54, 0.0], [12.252, 0.0], [14.25, -0.131], [17.391, -0.131]]",ok,15.2985,0.0,0.0,0.0,0.0,0.0,0.0,0.0,0.0,0.0,5a3a15f4ebdb4e6b83eb58628dc8e83f,scene-0771,42
5.9701,11.1096,16.2492,4.5424,7.1836,9.8723,0.0,0.0,0.0,0.0,0.0,0.0,0.0,0.0,0.0,ok,straight,5.9701,12.2517,16.8202,4.5424,7.4691,10.1579,False,"[-0.0, -0.0, -0.1305, -0.1958, -0.1305, -0.0653, -0.0, -0.1958]","[-268.5, -1241.667, -474.6194, -342.1617, -4905.7772, -17054.669, -18748.1666, -263782.2637]","[3.793, 3.7262, 2.149, 1.3298, -1004903.6136, -1017052.5054, -1018746.003, -1263780.0448]","[10.158, 10.063, 9.682, 11.824, 10.777, 11.684, 9.444, 14.776]","[[[3.1148, 0.0], [5.9701, 0.0], [8.5399, 0.0], [12.2517, 0.0], [14.2505, 0.0], [16.8202, 0.0]], [[3.1148, 0.0], [5.9701, 0.0], [9.682, 0.0], [10.5386, 0.0], [14.2505, 0.0], [16.8202, 0.0]], [[3.1148, 0.0], [5.9701, 0.0], [8.5399, 0.0], [12.2517, 0.0], [13.3939, -0.1305], [14.8215, 0.2611]], [[3.1148, 0.0], [5.9701, 0.0], [8.5399, 0.0], [12.2517, 0.0], [18.2479, -0.2611], [22.8163, -0.3916]], [[3.1148, 0.0], [5.9701, 0.0], [9.682, 0.0], [10.5386, 0.0], [17.1058, 0.0], [18.2479, 0.2611]], [[3.1148, 0.0], [5.9701, 0.0], [9.682, 0.0], [10.5386, 0.0], [11.1096, -0.6527], [29.6691, -0.1305]], [[3.1148, 0.0], [5.9701, 0.0], [9.682, 0.0], [10.5386, 0.0], [17.9623, -0.2611], [9.3964, 0.0]], [[3.1148, 0.0], [5.9701, 0.0], [8.5399, 0.0], [12.2517, 0.0], [42.8034, 0.7833], [15.9636, -0.3916]]]",1.627,0.0,0.0,0.0,0.0,0.0,0.0,True,[3],0.0,0.0,0.0,9.4444,8.0,5.9701,10.5386,9.3964,4.5424,7.3264,9.4444,"[[3.115, 0.0], [5.97, 0.0], [8.54, 0.0], [12.252, 0.0], [14.25, 0.0], [16.82, 0.0]]",ok,14.7759,0.0,0.0,0.0,0.0,0.0,0.0,0.0,0.0,0.0,fb26afe9632c4e4ca9ce4d7e3254dadc,scene-0771,42
5.9701,11.1104,15.9658,4.5424,7.1838,9.8253,0.0,0.0,0.0,0.0,0.0,0.0,0.0,0.0,0.0,ok,straight,5.9701,11.1104,15.3931,4.5424,7.1838,9.7299,True,"[-0.0653, -0.0653, -0.1305, -0.1305, -0.1958, -0.1305, -0.0653, -0.0]","[-146.3148, -378.6795, -504.5368, -596.5, -162.0297, -1265.3058, -2324.8651, -184695.3056]","[2.6048, 2.5577, 1.4442, 1.4427, 0.2952, -1001263.7099, -1002323.2692, -1184693.7096]","[9.73, 9.73, 10.825, 11.067, 11.206, 9.825, 10.206, 18.538]","[[[3.1148, 0.0], [5.9701, 0.0], [8.5399, 0.0], [11.1096, -0.1305], [14.2505, -0.1305], [15.3926, -0.1305]], [[3.1148, 0.0], [4.828, 0.0], [8.5399, 0.1305], [12.2517, -0.1305], [14.2505, -0.1305], [15.3926, -0.1305]], [[3.1148, 0.0], [5.9701, 0.0], [8.5399, 0.0], [11.1096, -0.1305], [16.2492, 0.2611], [19.9611, -0.2611]], [[3.1148, 0.0], [5.9701, 0.0], [8.5399, 0.0], [11.1096, -0.1305], [16.2492, 0.9138], [21.3887, -0.2611]], [[3.1148, 0.0], [5.9701, 0.0], [8.5399, 0.0], [11.1096, -0.1305], [15.9636, -0.3916], [22.5308, -0.3916]], [[3.1148, 0.0], [4.828, 0.0], [8.5399, 0.1305], [12.2517, -0.1305], [13.1083, -0.1305], [17.1058, 0.2611]], [[3.1148, 0.0], [4.828, 0.0], [8.5399, 0.1305], [12.2517, -0.1305], [17.1058, 0.0], [15.3926, 0.1305]], [[3.1148, 0.0], [4.828, 0.0], [8.5399, 0.1305], [12.2517, -0.1305], [12.8228, -0.7833], [69.6432, 0.0]]]",2.7593,0.0,0.0,0.0,0.0,0.0,0.0,True,[3],0.0,0.0,0.0,9.7299,8.0,5.9701,11.1104,15.3931,4.5424,7.1838,9.7299,"[[3.115, 0.0], [5.97, 0.0], [8.54, 0.0], [11.11, -0.131], [14.25, -0.131], [15.393, -0.131]]",ok,18.5377,0.0,0.0,0.0,0.0,0.0,0.0,0.0,0.0,0.0,0fe5ba3f01ad436f9a5403efabdb1a1d,scene-0771,42
5.1135,10.5386,15.3931,3.9714,6.5411,9.1111,0.0,0.0,0.0,0.0,0.0,0.0,0.0,0.0,0.0,ok,straight,6.2556,10.5386,16.2497,4.6852,6.8981,9.4918,False,"[-0.0653, -0.0653, -0.0653, -0.1305, -0.0, -0.3264, -0.1305, -0.1958]","[-291.6389, -467.341, -33.4711, -643.583, -1839.526, -4175.0933, -4671.2757, -6213.0854]","[3.9887, 3.9101, 3.8592, -1000641.3371, -1001837.2801, -1004172.6024, -1004669.0297, -1006210.5944]","[9.492, 9.92, 9.159, 10.682, 11.395, 9.775, 9.493, 10.302]","[[[3.1148, 0.0], [6.2556, 0.0], [7.6833, 0.0], [10.5386, 0.0], [13.1083, -0.1305], [16.2492, -0.1305]], [[3.1148, 0.0], [6.2556, 0.0], [7.6833, 0.0], [10.5386, 0.0], [14.8215, -0.2611], [17.1058, -0.1305]], [[2.5437, 0.0], [4.828, 0.0], [7.6833, 0.0], [10.5386, 0.0], [13.1083, -0.1305], [16.2492, -0.1305]], [[2.5437, 0.0], [4.828, 0.0], [7.6833, 0.0], [10.5386, 0.0], [14.8215, -0.2611], [23.6729, -0.2611]], [[2.5437, 0.0], [4.828, 0.0], [7.6833, 0.0], [10.5386, 0.0], [15.3926, 0.1305], [27.3848, 0.0]], [[3.1148, 0.0], [6.2556, 0.0], [7.6833, 0.0], [10.5386, 0.0], [15.6781, -2.8721], [15.107, -0.6527]], [[2.5437, 0.0], [4.828, 0.0], [7.6833, 0.0], [10.5386, 0.0], [16.8202, 0.3916], [14.536, 0.2611]], [[3.1148, 0.0], [6.2556, 0.0], [7.6833, 0.0], [10.5386, 0.0], [11.3952, -0.3916], [22.8163, -0.3916]]]",0.6871,0.0,0.0,0.0,0.0,0.0,0.0,True,[3],0.0,0.0,0.0,9.1587,8.0,4.828,10.5386,16.2497,3.6858,6.3984,9.1587,"[[3.115, 0.0], [6.256, 0.0], [7.683, 0.0], [10.539, 0.0], [13.108, -0.131], [16.249, -0.131]]",ok,11.3952,0.0,0.0,0.0,0.0,0.0,0.0,0.0,0.0,0.0,e019f3b906734b6db807756748a4da2d,scene-0771,42
5.399,11.1096,14.8215,4.1141,6.9694,9.2537,0.0,0.0,0.0,0.0,0.0,0.0,0.0,0.0,0.0,ok,straight,5.399,11.1096,16.2492,4.1141,6.9694,9.4916,False,"[-0.0, -0.0, -0.7833, -0.2611, -0.1305, -0.3264, -0.0653, -1.3708]","[-159.7796, -198.5124, -407.8127, -886.0754, -1966.336, -15880.0378, -18925.2254, -29425.362]","[3.3411, 3.3213, -1000406.0722, -1000884.351, -1001964.5954, -1015878.3134, -1018923.5011, -1029423.6214]","[9.492, 9.254, 10.216, 10.778, 8.35, 12.111, 9.397, 7.491]","[[[2.8293, 0.0], [5.399, 0.0], [8.5399, 0.0], [11.1096, 0.0], [12.8228, 0.0], [16.2492, 0.0]], [[1.9727, 0.0], [4.828, 0.0], [8.5399, 0.0], [11.1096, 0.0], [12.8228, 0.0], [16.2492, 0.0]], [[2.8293, 0.0], [5.399, 0.0], [8.5399, 0.0], [11.1096, 0.0], [13.9649, -0.2611], [19.39, 1.5666]], [[1.9727, 0.0], [4.828, 0.0], [8.5399, 0.0], [11.1096, 0.0], [14.8215, 0.3916], [23.3874, 0.5222]], [[2.8293, 0.0], [5.399, 0.0], [8.5399, 0.0], [11.1096, 0.0], [9.682, -0.1305], [12.5373, -0.2611]], [[1.9727, 0.0], [4.828, 0.0], [8.5399, 0.0], [11.1096, 0.0], [23.1019, -0.2611], [23.1019, 0.6527]], [[1.9727, 0.0], [4.828, 0.0], [8.5399, 0.0], [11.1096, 0.0], [19.39, 0.0], [10.5386, -0.1305]], [[2.8293, 0.0], [5.399, 0.0], [8.5399, 0.0], [11.1096, 0.0], [3.1148, 0.0], [13.6794, 2.7415]]]",1.3345,0.0,0.0,0.0,0.0,0.0,0.0,True,[3],0.0,0.0,0.0,7.4907,8.0,5.399,11.1096,13.9514,4.1141,6.9694,7.4907,"[[2.829, 0.0], [5.399, 0.0], [8.54, 0.0], [11.11, 0.0], [12.823, 0.0], [16.249, 0.0]]",ok,12.1108,0.0,0.0,0.0,0.0,0.0,0.0,0.0,0.0,0.0,e836d06299ce46b884b9187ac6017579,scene-0775,42
4.5424,9.3974,12.54,3.4003,5.7562,7.6364,0.0,0.0,0.0,0.0,0.0,0.0,0.0,0.0,0.0,ok,straight,4.5424,7.6844,12.54,3.4003,5.1855,7.256,True,"[-0.1305, -0.1305, -0.718, -0.1958, -0.3264, -0.5875, -0.0653, -0.0]","[-972.6807, -106.4381, -1044.1243, -1947.2728, -2800.2594, -4647.7536, -25293.0406, -28527.7312]","[4.2844, 3.4743, -1001041.9638, -1001944.2229, -1002798.0989, -1004644.7036, -1025289.9906, -1028525.5707]","[8.017, 7.256, 7.082, 9.54, 7.259, 8.837, 9.309, 5.59]","[[[2.5437, 0.0], [5.6846, 0.0], [7.1122, 0.1305], [9.9675, 0.0], [10.253, -0.1305], [12.5373, -0.2611]], [[2.2582, 0.0], [4.5424, 0.0], [6.2556, -0.1305], [7.6833, 0.1305], [10.253, -0.1305], [12.5373, -0.2611]], [[2.2582, 0.0], [4.5424, 0.0], [6.2556, -0.1305], [7.6833, 0.1305], [11.1096, -0.2611], [10.5386, -1.436]], [[2.5437, 0.0], [5.6846, 0.0], [7.1122, 0.1305], [9.9675, 0.0], [11.9662, -0.1305], [19.9611, -0.3916]], [[2.2582, 0.0], [4.5424, 0.0], [6.2556, -0.1305], [7.6833, 0.1305], [12.2517, -0.1305], [10.5386, 0.6527]], [[2.5437, 0.0], [5.6846, 0.0], [7.1122, 0.1305], [9.9675, 0.0], [15.3926, -0.6527], [12.2517, 1.1749]], [[2.5437, 0.0], [5.6846, 0.0], [7.1122, 0.1305], [9.9675, 0.0], [12.5373, -9.0079], [15.107, -0.1305]], [[2.2582, 0.0], [4.5424, 0.0], [6.2556, -0.1305], [7.6833, 0.1305], [0.2595, 0.0], [12.5373, 0.0]]]",1.2444,0.0,0.0,0.0,0.0,0.0,0.0,True,[3],0.0,0.0,0.0,5.5898,8.0,4.5424,7.6844,12.5373,3.4003,5.1855,5.5898,"[[2.258, 0.0], [4.542, 0.0], [6.256, -0.131], [7.683, 0.131], [10.253, -0.131], [12.537, -0.261]]",ok,9.5402,0.0,0.0,0.0,0.0,0.0,0.0,0.0,0.0,0.0,6a1f2ebe1ef8437c87a5a742362b09b4,scene-0775,42
5.399,10.5394,14.2528,4.2569,6.6844,8.8738,0.0,0.0,0.0,0.0,0.0,0.0,0.0,0.0,0.0,ok,straight,5.399,10.5394,14.5366,4.2569,6.6844,9.0163,False,"[-0.1305, -0.1305, -0.0653, -0.1305, -0.8486, -0.0, -0.2611, -1.3055]","[-39.1751, -105.7778, -863.8606, -934.3758, -804.7219, -3742.0671, -4638.3092, -8506.2605]","[3.999, 3.975, 3.5453, 3.37, -1000802.1154, -1003739.7678, -1004636.01, -1008503.654]","[9.159, 8.874, 9.111, 8.969, 8.656, 9.349, 8.4, 9.098]","[[[3.1148, 0.0], [5.399, 0.0], [7.6833, -0.1305], [10.5386, -0.1305], [13.1083, -0.1305], [15.107, 0.2611]], [[3.1148, 0.0], [5.399, 0.0], [7.6833, -0.1305], [10.5386, -0.1305], [12.2517, -0.1305], [14.2505, -0.2611]], [[2.5437, 0.0], [6.5412, 0.0], [7.6833, -0.1305], [10.5386, -0.1305], [12.8228, 0.1305], [14.536, -0.1305]], [[2.5437, 0.0], [6.5412, 0.0], [7.6833, -0.1305], [10.5386, -0.1305], [12.2517, -0.1305], [14.2505, -0.2611]], [[3.1148, 0.0], [5.399, 0.0], [7.6833, -0.1305], [10.5386, -0.1305], [13.1083, 0.3916], [11.9662, -1.6971]], [[2.5437, 0.0], [6.5412, 0.0], [7.6833, -0.1305], [10.5386, -0.1305], [10.8241, 0.0], [17.9623, 0.0]], [[2.5437, 0.0], [6.5412, 0.0], [7.6833, -0.1305], [10.5386, -0.1305], [14.2505, -0.2611], [8.8254, -0.5222]], [[3.1148, 0.0], [5.399, 0.0], [7.6833, -0.1305], [10.5386, -0.1305], [9.1109, -0.6527], [18.5334, 2.611]]]",0.2841,0.0,0.0,0.0,0.0,0.0,0.0,True,[3],0.0,0.0,0.0,8.4004,8.0,6.5412,10.5394,8.8408,4.5424,6.8272,8.4004,"[[3.115, 0.0], [5.399, 0.0], [7.683, -0.131], [10.539, -0.131], [12.823, -0.131], [14.536, -0.131]]",ok,9.3492,0.0,0.0,0.0,0.0,0.0,0.0,0.0,0.0,0.0,bb8b6850aeb6411c89b496b9e45fbb6b,scene-0775,42
5.9701,11.1096,16.2513,4.5424,7.1836,9.6824,0.0,0.0,0.0,0.0,0.0,0.0,0.0,0.0,0.0,ok,straight,5.9701,11.1104,16.2513,4.5424,7.1838,9.6825,False,"[-0.1305, -0.1305, -0.6527, -0.0, -0.4569, -0.1958, -0.3264, -0.2611]","[-70.4135, -719.3872, -104.8778, -1559.146, -2176.2427, -10104.8103, -36209.3954, -889608.8009]","[3.6868, 3.667, 0.9989, -1001556.5755, -1002173.6898, -1010102.2573, -1036206.8424, -1889606.2303]","[9.682, 9.587, 10.071, 9.111, 9.924, 11.967, 10.502, 17.917]","[[[3.1148, 0.0], [5.9701, 0.0], [8.5399, 0.0], [11.1096, -0.1305], [13.1083, 0.0], [16.2492, -0.2611]], [[3.1148, 0.0], [5.9701, 0.0], [7.6833, 0.1305], [11.3952, -0.1305], [13.1083, 0.0], [16.2492, -0.2611]], [[3.1148, 0.0], [5.9701, 0.0], [8.5399, 0.0], [11.1096, -0.1305], [13.6794, 0.0], [17.9623, 1.3055]], [[3.1148, 0.0], [5.9701, 0.0], [8.5399, 0.0], [11.1096, -0.1305], [10.8241, 0.0], [15.107, 0.0]], [[3.1148, 0.0], [5.9701, 0.0], [7.6833, 0.1305], [11.3952, -0.1305], [12.5373, 0.0], [18.8189, 0.9138]], [[3.1148, 0.0], [5.9701, 0.0], [7.6833, 0.1305], [11.3952, -0.1305], [21.9598, -0.1305], [21.6742, -0.3916]], [[3.1148, 0.0], [5.9701, 0.0], [7.6833, 0.1305], [11.3952, -0.1305], [7.6833, 0.9138], [27.0993, -0.6527]], [[3.1148, 0.0], [5.9701, 0.0], [8.5399, 0.0], [11.1096, -0.1305], [64.2182, -0.5222], [14.536, -0.5222]]]",2.6989,0.0,0.0,0.0,0.0,0.0,0.0,True,[3],0.0,0.0,0.0,9.111,8.0,5.9701,11.1104,15.107,4.5424,7.1838,9.111,"[[3.115, 0.0], [5.97, 0.0], [8.54, 0.0], [11.11, -0.131], [13.108, 0.0], [16.249, -0.261]]",ok,17.9168,0.0,0.0,0.0,0.0,0.0,0.0,0.0,0.0,0.0,798e338f792149f1b9fb2edebcc1018d,scene-0775,42
6.5412,12.2524,17.3918,4.828,7.6121,10.5389,0.0,0.0,0.0,0.0,0.0,0.0,0.0,0.0,0.0,ok,straight,6.5412,12.8228,17.3918,4.828,7.8974,10.8719,False,"[-0.0653, -0.0653, -0.0653, -0.0653, -0.1958, -5.3525, -8.2899, -0.1305]","[-164.3508, -242.0789, -1629.7592, -1806.7401, -3393.16, -4300.8437, -30763.108, -44836.2424]","[4.035, 3.9891, -1001627.0071, -1001803.9879, -1003390.3668, -1004298.0506, -1030760.3559, -1044833.4492]","[10.824, 10.872, 10.874, 10.474, 12.063, 11.269, 12.776, 11.777]","[[[3.4003, 0.0], [5.9701, 0.0], [9.1109, 0.0], [12.8228, 0.0], [16.2492, -0.1305], [17.3913, -0.1305]], [[3.1148, 0.0], [6.5412, 0.0], [9.1109, 0.0], [12.8228, 0.0], [16.2492, -0.1305], [17.3913, -0.1305]], [[3.1148, 0.0], [6.5412, 0.0], [9.1109, 0.0], [12.8228, 0.0], [17.3913, -0.6527], [16.2492, -0.1305]], [[3.1148, 0.0], [6.5412, 0.0], [9.1109, 0.0], [12.8228, 0.0], [14.8215, -2.3499], [16.2492, 0.1305]], [[3.4003, 0.0], [5.9701, 0.0], [9.1109, 0.0], [12.8228, 0.0], [20.2466, -0.3916], [20.8176, -0.3916]], [[3.4003, 0.0], [5.9701, 0.0], [9.1109, 0.0], [12.8228, 0.0], [15.3926, -0.5222], [17.9623, -10.7051]], [[3.1148, 0.0], [6.5412, 0.0], [9.1109, 0.0], [12.8228, 0.0], [22.2453, -0.1305], [15.6781, -16.5798]], [[3.4003, 0.0], [5.9701, 0.0], [9.1109, 0.0], [12.8228, 0.0], [25.9572, -0.2611], [13.3939, 0.2611]]]",0.7267,0.0,0.0,0.0,0.0,0.0,0.0,True,[3],0.0,0.0,0.0,10.4743,8.0,6.5412,12.8228,16.2497,4.828,7.8974,10.4743,"[[3.115, 0.0], [6.541, 0.0], [9.111, 0.0], [12.823, 0.0], [16.249, -0.131], [17.391, -0.131]]",ok,12.7757,0.0,0.0,0.0,0.0,0.0,0.0,0.0,0.0,0.0,bb10039077c74099b51fb67300391659,scene-0777,42
6.2556,12.2517,17.3913,4.6852,7.5405,10.3006,0.0,0.0,0.0,0.0,0.0,0.0,0.0,0.0,0.0,ok,straight,6.2556,12.2517,15.107,4.6852,7.5405,10.491,False,"[-0.0, -0.1305, -0.1958, -0.0653, -0.0, -0.0, -0.1305, -0.1305]","[-171.8354, -3292.5462, -14857.4712, -26855.1106, -6263.8546, -13817.1306, -14275.2674, -22737.4593]","[6.3042, -1003288.8499, -1014853.7749, -1026851.4143, -2008947.3188, -2016500.5947, -2016958.7316, -2025420.9234]","[10.586, 10.491, 8.971, 9.64, 10.591, 9.117, 12.876, 10.259]","[[[3.1148, 0.0], [6.2556, 0.0], [8.5399, 0.0], [12.2517, 0.0], [15.3926, 0.0], [17.9623, 0.0]], [[3.1148, 0.0], [6.2556, 0.0], [8.5399, 0.0], [12.2517, 0.0], [17.6768, -0.1305], [15.107, -0.2611]], [[3.1148, 0.0], [6.2556, 0.0], [8.5399, 0.0], [12.2517, 0.0], [17.6768, 0.3916], [5.9701, 0.3916]], [[3.1148, 0.0], [6.2556, 0.0], [8.5399, 0.0], [12.2517, 0.0], [10.253, -8.2246], [14.536, 0.1305]], [[3.1148, 0.0], [6.2556, 0.0], [10.8241, -0.1305], [9.9675, -0.7833], [15.3926, 0.0], [17.9623, 0.0]], [[3.1148, 0.0], [6.2556, 0.0], [10.8241, -0.1305], [9.9675, -0.7833], [15.3926, -0.3916], [9.1109, 0.0]], [[3.1148, 0.0], [6.2556, 0.0], [10.8241, -0.1305], [9.9675, -0.7833], [13.6794, 0.0], [33.381, -0.2611]], [[3.1148, 0.0], [6.2556, 0.0], [10.8241, -0.1305], [9.9675, -0.7833], [18.5334, -0.1305], [12.8228, -0.2611]]]",1.1423,0.0,0.0,0.0,0.0,0.0,0.0,False,[3],0.0,0.0,0.0,8.971,8.0,6.2556,12.2517,5.9829,4.6852,7.5405,8.971,"[[3.115, 0.0], [6.256, 0.0], [8.54, 0.0], [12.252, 0.0], [17.677, 0.0], [15.107, 0.0]]",ok,12.8758,0.0,0.0,0.0,0.0,0.0,0.0,0.0,0.0,0.0,426eacbdc6f6476e8905a2ee27b0319e,scene-0777,42
6.5412,12.8228,19.9615,4.9707,8.0402,11.3953,0.0,0.0,0.0,0.0,0.0,0.0,0.0,0.0,0.0,ok,straight,6.5412,12.8228,19.9615,4.9707,8.0402,11.3953,False,"[-0.0, -0.0653, -0.0653, -0.3264, -0.0653, -0.1305, -0.2611, -0.0653]","[-206.6366, -21.6448, -220.4387, -327.6112, -806.1665, -824.0872, -859.1278, -7599.001]","[4.2297, 3.6884, 3.6043, 1.083, -1000803.5822, -1000821.5029, -1000856.543, -1007596.4162]","[11.776, 11.395, 11.348, 12.063, 11.3, 13.347, 10.873, 14.019]","[[[3.4003, 0.0], [6.5412, 0.0], [9.3964, 0.0], [12.8228, 0.0], [17.6768, 0.0], [20.8176, 0.0]], [[3.4003, 0.0], [6.5412, 0.0], [9.3964, 0.0], [12.8228, 0.0], [16.2492, -0.1305], [19.9611, -0.1305]], [[2.8293, 0.0], [6.8267, 0.0], [9.3964, 0.0], [12.8228, 0.0], [16.2492, -0.1305], [19.9611, -0.1305]], [[2.8293, 0.0], [6.8267, 0.0], [9.3964, 0.0], [12.8228, 0.0], [17.9623, 0.0], [22.5308, 0.6527]], [[2.8293, 0.0], [6.8267, 0.0], [9.3964, 0.0], [12.8228, 0.0], [15.107, 0.1305], [20.8176, -0.1305]], [[2.8293, 0.0], [6.8267, 0.0], [9.3964, 0.0], [12.8228, 0.0], [18.8189, -0.2611], [29.3835, -0.2611]], [[3.4003, 0.0], [6.5412, 0.0], [9.3964, 0.0], [12.8228, 0.0], [16.8202, -0.1305], [16.2492, -0.5222]], [[3.4003, 0.0], [6.5412, 0.0], [9.3964, 0.0], [12.8228, 0.0], [17.3913, 1.1749], [34.5231, -0.1305]]]",1.0304,0.0,0.0,0.0,0.0,0.0,0.0,True,[3],0.0,0.0,0.0,10.8732,8.0,6.5412,12.8228,16.2576,4.9707,8.0402,10.8732,"[[3.4, 0.0], [6.541, 0.0], [9.396, 0.0], [12.823, 0.0], [16.249, -0.131], [19.961, -0.131]]",ok,14.0192,0.0,0.0,0.0,0.0,0.0,0.0,0.0,0.0,0.0,6cd5721d228e4414987d355d12718b02,scene-0777,42
5.399,11.1096,17.3913,4.2569,7.0408,9.9675,0.0,0.0,0.0,0.0,0.0,0.0,0.0,0.0,0.0,ok,straight,6.8267,11.1096,16.2497,5.1135,7.4691,10.0628,False,"[-0.0653, -0.0653, -0.0653, -0.8486, -0.3264, -0.2611, -0.1305, -0.0653]","[-226.5286, -110.9201, -932.9344, -1216.7054, -3297.1276, -28393.6567, -42959.6693, -145547.6555]","[4.2295, 3.8717, -1000929.9382, -1001214.0695, -1003294.1314, -1028391.0208, -1042957.0333, -1145544.6594]","[10.063, 9.73, 9.731, 11.501, 10.398, 14.014, 10.209, 19.012]","[[[3.4003, 0.0], [6.8267, 0.0], [8.5399, 0.0], [11.1096, 0.0], [14.2505, 0.0], [16.2492, -0.1305]], [[2.8293, -0.1305], [5.399, 0.0], [8.5399, 0.0], [11.1096, 0.0], [14.2505, 0.0], [16.2492, -0.1305]], [[3.4003, 0.0], [6.8267, 0.0], [8.5399, 0.0], [11.1096, 0.0], [14.536, 0.5222], [13.9649, -0.1305]], [[2.8293, -0.1305], [5.399, 0.0], [8.5399, 0.0], [11.1096, 0.0], [17.6768, -0.2611], [23.3874, 1.6971]], [[3.4003, 0.0], [6.8267, 0.0], [8.5399, 0.0], [11.1096, 0.0], [11.9662, -0.1305], [20.5321, 0.6527]], [[2.8293, -0.1305], [5.399, 0.0], [8.5399, 0.0], [11.1096, 0.0], [14.536, -0.2611], [41.6613, 0.5222]], [[2.8293, -0.1305], [5.399, 0.0], [8.5399, 0.0], [11.1096, 0.0], [23.1019, -0.7833], [10.253, 0.2611]], [[3.4003, 0.0], [6.8267, 0.0], [8.5399, 0.0], [11.1096, 0.0], [14.536, 0.6527], [69.6432, -0.1305]]]",3.0223,0.0,0.0,0.0,0.0,0.0,0.0,True,[3],0.0,0.0,0.0,9.7302,8.0,5.399,11.1096,16.2497,4.1156,6.9702,9.7302,"[[3.4, 0.0], [6.827, 0.0], [8.54, 0.0], [11.11, 0.0], [14.25, 0.0], [16.249, -0.131]]",ok,19.0117,0.0,0.0,0.0,0.0,0.0,0.0,0.0,0.0,0.0,9a2f17caf46e4ec592157a8ea3289be8,scene-0777,42
6.8267,14.2505,19.3438,5.2563,8.8254,11.8158,0.0,0.0,0.0,0.0,0.0,0.0,0.0,0.0,0.0,ok,straight,6.8267,14.2505,19.0583,5.2563,8.8254,11.7682,True,"[-0.0, -0.0653, -0.0653, -1.3708, -1.436, -0.9791, -0.3264, -0.1958]","[-146.5021, -198.7477, -680.7059, -522.4804, -651.1002, -6945.0481, -10368.0166, -13701.1597]","[4.8964, 4.7715, 4.6767, 2.4136, -1000647.9666, -1006941.9145, -1010364.8829, -1013698.0261]","[13.719, 11.768, 11.673, 11.847, 12.468, 14.823, 12.912, 14.243]","[[[3.6858, 0.0], [6.8267, 0.0], [10.5386, 0.0], [14.2505, 0.0], [19.6755, 0.0], [27.3848, 0.0]], [[3.6858, 0.0], [6.8267, 0.0], [10.5386, 0.0], [14.2505, 0.0], [16.2492, 0.0], [19.1045, -0.1305]], [[4.2569, 0.0], [7.9688, 0.0], [10.5386, 0.0], [11.9662, 0.0], [16.2492, 0.0], [19.1045, -0.1305]], [[4.2569, 0.0], [7.9688, 0.0], [10.5386, 0.0], [11.9662, 0.0], [15.9636, -0.2611], [20.2466, -2.7415]], [[3.6858, 0.0], [6.8267, 0.0], [10.5386, 0.0], [14.2505, 0.0], [18.8189, 0.1305], [20.5321, 2.8721]], [[4.2569, 0.0], [7.9688, 0.0], [10.5386, 0.0], [11.9662, 0.0], [17.9623, 0.0], [36.2362, 1.9582]], [[4.2569, 0.0], [7.9688, 0.0], [10.5386, 0.0], [11.9662, 0.0], [21.3887, 0.2611], [21.3887, -0.6527]], [[3.6858, 0.0], [6.8267, 0.0], [10.5386, 0.0], [14.2505, 0.0], [25.6716, 0.0], [24.5295, -0.3916]]]",1.1317,0.0,0.0,0.0,0.0,0.0,0.0,True,[3],0.0,0.0,0.0,11.673,8.0,7.9688,11.9662,19.0583,6.1129,8.6826,11.673,"[[3.686, 0.0], [6.827, 0.0], [10.539, 0.0], [14.25, 0.0], [16.249, 0.0], [19.104, -0.131]]",ok,14.8226,0.0,0.0,0.0,0.0,0.0,0.0,0.0,0.0,0.0,485c78dbfed04fd5a6aad2a88b116fe9,scene-0778,42
2.6412,7.3334,13.6185,1.8795,3.9892,6.6933,0.0,0.0,0.0,0.0,0.0,0.0,0.0,0.0,0.0,ok,left,2.2919,5.8914,13.6185,2.1283,3.3085,6.2395,True,"[-3.329, -3.8512, -3.329, -2.4804, -1.6319, -3.1985, -3.329, 8.2899]","[-1200.0649, -1278.8901, -1988.248, -5136.7478, -9383.5889, -11383.3079, -144349.6524, -1106888.4792]","[-2002810.7171, -2002889.5423, -2005438.796, -2006747.4, -2010994.2411, -2014833.8559, -2147800.2004, -3110339.0272]","[6.239, 6.223, 6.788, 5.362, 5.447, 7.791, 7.752, 17.394]","[[[2.8293, -0.1305], [3.9714, 1.1749], [5.1135, -0.7833], [7.1122, -2.4804], [11.1096, -4.5692], [13.1083, -6.658]], [[2.8293, -0.1305], [3.9714, 1.1749], [5.1135, -0.7833], [7.1122, -2.4804], [9.682, -3.6554], [14.2505, -7.7024]], [[2.8293, -0.1305], [3.9714, 1.1749], [6.8267, -1.5666], [9.1109, -2.4804], [11.1096, -4.5692], [13.1083, -6.658]], [[2.8293, -0.1305], [3.9714, 1.1749], [5.1135, -0.7833], [7.1122, -2.4804], [11.6807, -2.3499], [8.2543, -4.9609]], [[2.8293, -0.1305], [3.9714, 1.1749], [5.1135, -0.7833], [7.1122, -2.4804], [11.6807, -6.5275], [6.5412, -3.2637]], [[2.8293, -0.1305], [3.9714, 1.1749], [6.8267, -1.5666], [9.1109, -2.4804], [17.3913, -4.3081], [14.8215, -6.3969]], [[2.8293, -0.1305], [3.9714, 1.1749], [6.8267, -1.5666], [9.1109, -2.4804], [11.9662, 16.5798], [13.6794, -6.658]], [[2.8293, -0.1305], [3.9714, 1.1749], [6.8267, -1.5666], [9.1109, -2.4804], [69.6432, -5.3525], [20.2466, 16.5798]]]",3.6985,0.0,0.0,0.0,0.0,0.0,0.0,False,[3],0.0,0.0,0.0,5.3622,8.0,2.2919,5.8914,9.3241,2.1283,3.3085,5.3622,"[[2.829, -0.131], [3.971, 1.175], [5.113, -0.783], [7.112, -2.48], [11.11, -4.569], [13.108, -6.658]]",ok,17.3941,0.0,0.0,0.0,0.0,0.0,0.0,0.0,0.0,0.0,29fca2b4244b4379828cd66a473c6d7e,scene-0778,42
2.1326,6.1325,9.3894,1.5013,3.3127,5.0943,0.0,0.0,0.0,0.0,0.0,0.0,0.0,0.0,0.0,ok,straight,2.6902,6.1325,9.8088,2.2109,3.5211,5.1953,False,"[-3.5248, -3.5248, -0.4569, -1.1097, -5.0914, -6.4622, -8.2899, -2.2193]","[-663.1355, -639.6628, -6441.7071, -9497.5205, -10196.7906, -12675.8226, -30834.3413, -148378.7513]","[3.1514, -1000638.3447, -1006439.2542, -1009496.2023, -1010195.4725, -1012673.3697, -1030833.0232, -1148376.2985]","[5.195, 5.211, 4.785, 4.925, 5.933, 7.754, 5.319, 15.546]","[[[1.9727, -0.1305], [3.1148, -0.1305], [3.9714, -0.7833], [5.9701, -3.1332], [7.3977, -3.9165], [8.2543, -7.0497]], [[1.1161, 0.0], [2.5437, -0.2611], [4.828, -0.7833], [7.3977, -1.3055], [7.3977, -3.9165], [8.2543, -7.0497]], [[1.9727, -0.1305], [3.1148, -0.1305], [3.9714, -0.7833], [5.9701, -3.1332], [11.1096, -3.3943], [6.8267, 0.9138]], [[1.1161, 0.0], [2.5437, -0.2611], [4.828, -0.7833], [7.3977, -1.3055], [13.1083, -0.6527], [5.9701, 2.2193]], [[1.1161, 0.0], [2.5437, -0.2611], [4.828, -0.7833], [7.3977, -1.3055], [5.1135, -3.5248], [14.2505, -10.1829]], [[1.9727, -0.1305], [3.1148, -0.1305], [3.9714, -0.7833], [5.9701, -3.1332], [5.9701, -8.0941], [20.8176, -12.9244]], [[1.1161, 0.0], [2.5437, -0.2611], [4.828, -0.7833], [7.3977, -1.3055], [1.4016, -0.1305], [9.9675, 16.5798]], [[1.9727, -0.1305], [3.1148, -0.1305], [3.9714, -0.7833], [5.9701, -3.1332], [11.6807, -5.7442], [69.6432, -4.4387]]]",3.4098,0.0,0.0,0.0,0.0,0.0,0.0,True,[3],0.0,0.0,0.0,4.7848,8.0,2.6902,6.1325,4.2883,2.2109,3.5211,4.7848,"[[1.973, -0.131], [3.115, -0.131], [3.971, -0.783], [5.97, -3.133], [7.398, -3.916], [8.254, -7.05]]",ok,15.5459,0.0,0.0,0.0,0.0,0.0,0.0,0.0,0.0,0.0,e5f4ba14f72d47769f75422a30667e2a,scene-0778,42
1.262,1.7637,2.3359,0.9962,1.3706,1.7313,0.0,0.0,0.0,0.0,0.0,0.0,0.0,0.0,0.0,ok,straight,0.4251,0.6666,2.3359,1.0082,1.0311,1.5051,True,"[-0.3264, -0.3264, -1.0444, -0.1305, -0.1305, -0.0653, -0.0653, -0.718]","[-62.9219, -1498.7212, -2325.2308, -2392.2535, -4578.2524, -33101.258, -93428.0138, -128106.5345]","[2.5558, 2.2575, -1002323.7256, -1002390.4806, -1004576.7472, -1033099.4851, -1093426.241, -1128105.0293]","[1.734, 1.505, 2.231, 3.004, 1.817, 5.418, 4.714, 10.867]","[[[3.1148, 0.0], [5.9701, -0.1305], [8.5399, -0.1305], [11.1096, -0.2611], [14.2505, -0.5222], [16.2492, -0.6527]], [[3.9714, -0.1305], [5.1135, 0.1305], [8.2543, -0.1305], [9.9675, -0.2611], [14.2505, -0.5222], [16.2492, -0.6527]], [[3.9714, -0.1305], [5.1135, 0.1305], [8.2543, -0.1305], [9.9675, -0.2611], [15.6781, 0.6527], [18.8189, 2.0888]], [[3.1148, 0.0], [5.9701, -0.1305], [8.5399, -0.1305], [11.1096, -0.2611], [17.9623, -0.7833], [20.2466, -0.2611]], [[3.9714, -0.1305], [5.1135, 0.1305], [8.2543, -0.1305], [9.9675, -0.2611], [16.2492, 0.0], [16.2492, -0.2611]], [[3.1148, 0.0], [5.9701, -0.1305], [8.5399, -0.1305], [11.1096, -0.2611], [12.8228, 4.047], [36.8073, 0.1305]], [[3.1148, 0.0], [5.9701, -0.1305], [8.5399, -0.1305], [11.1096, -0.2611], [14.536, 16.5798], [19.9611, -0.1305]], [[3.9714, -0.1305], [5.1135, 0.1305], [8.2543, -0.1305], [9.9675, -0.2611], [15.9636, -3.3943], [69.6432, 1.436]]]",2.9551,0.0,0.0,0.0,0.0,0.0,0.0,True,[3],0.0,0.0,0.0,1.5051,8.0,0.4251,0.6666,2.3359,1.0082,1.0311,1.5051,"[[3.971, -0.131], [5.113, 0.131], [8.254, -0.131], [9.968, -0.261], [14.25, -0.522], [16.249, -0.653]]",ok,10.867,0.0,0.0,0.0,0.0,0.0,0.0,0.0,0.0,0.0,7c5053e3642d4adaa86fd0ef1ca49ece,scene-0778,42
1.3416,2.5241,3.1441,1.0135,1.6962,2.1188,0.0,0.0,0.0,0.0,0.0,0.0,0.0,0.0,0.0,ok,straight,2.1982,2.8096,3.1441,1.5845,2.0531,2.4043,False,"[-0.0, -0.0, -0.0653, -0.0653, -0.0653, -0.0, -0.1958, -0.0]","[-11.2296, -86.2747, -147.998, -203.5008, -276.9612, -758.1871, -1479.4542, -2951.5307]","[3.9685, 3.8886, 2.7909, 2.7326, 2.6554, -1000755.7581, -1001477.0253, -1002949.1018]","[2.214, 2.404, 2.691, 3.119, 3.214, 1.976, 2.264, 2.309]","[[[1.1161, 0.0], [1.9727, 0.0], [3.1148, 0.0], [3.9714, 0.0], [4.5424, 0.0], [4.828, 0.0]], [[1.4016, 0.0], [2.8293, 0.0], [3.1148, 0.0], [3.9714, 0.0], [4.5424, 0.0], [4.828, 0.0]], [[1.4016, 0.0], [2.8293, 0.0], [3.1148, 0.0], [3.9714, 0.0], [4.5424, -0.1305], [6.5412, 0.1305]], [[1.4016, 0.0], [2.8293, 0.0], [3.1148, 0.0], [3.9714, 0.0], [6.2556, 0.0], [7.3977, 0.1305]], [[1.4016, 0.0], [2.8293, 0.0], [3.1148, 0.0], [3.9714, 0.0], [6.5412, 0.0], [7.6833, 0.1305]], [[1.1161, 0.0], [1.9727, 0.0], [3.1148, 0.0], [3.9714, 0.0], [5.399, -0.1305], [2.5437, 0.0]], [[1.1161, 0.0], [1.9727, 0.0], [3.1148, 0.0], [3.9714, 0.0], [2.8293, 0.0], [6.8267, -0.3916]], [[1.1161, 0.0], [1.9727, 0.0], [3.1148, 0.0], [3.9714, 0.0], [2.2582, 0.0], [7.6833, 0.0]]]",0.4155,0.0,0.0,0.0,0.0,0.0,0.0,True,[3],0.0,0.0,0.0,1.9763,8.0,1.3416,2.8096,0.8603,1.0135,1.7676,1.9763,"[[1.402, 0.0], [2.829, 0.0], [3.115, 0.0], [3.971, 0.0], [4.542, 0.0], [4.828, 0.0]]",ok,3.2137,0.0,1.0,1.0,0.0,1.0,1.0,0.0,0.25,0.5,7949609177914534a89a8c7985ae4db7,scene-0780,42
1.1164,1.6875,2.2585,0.6881,1.045,1.3543,0.0,0.0,0.0,0.0,0.0,0.0,0.0,0.0,0.0,ok,straight,1.1164,1.6875,2.2585,0.6881,1.045,1.3543,False,"[-0.0, -0.0, -0.0, -0.0, -0.0653, -0.0653, -0.0, -0.0]","[-72.4937, -114.7836, -129.9971, -378.3881, -541.7248, -695.5625, -719.4843, -6697.2975]","[2.6602, 2.64, 2.6327, 2.5147, 0.1276, -1000694.0008, -1000717.9227, -1006695.7358]","[1.402, 1.354, 0.983, 2.259, 1.117, 1.64, 1.925, 3.163]","[[[0.545, 0.0], [1.1161, 0.0], [1.1161, 0.0], [1.6871, 0.0], [1.6871, 0.0], [2.2582, 0.0]], [[0.2595, 0.0], [1.1161, 0.0], [1.1161, 0.0], [1.6871, 0.0], [1.6871, 0.0], [2.2582, 0.0]], [[0.2595, 0.0], [1.1161, 0.0], [1.1161, 0.0], [1.6871, 0.0], [1.6871, 0.0], [-0.026, 0.0]], [[0.545, 0.0], [1.1161, 0.0], [1.1161, 0.0], [1.6871, 0.0], [4.2569, 0.0], [4.828, 0.0]], [[0.2595, 0.0], [1.1161, 0.0], [1.1161, 0.0], [1.6871, 0.0], [0.545, 0.0], [1.9727, 0.1305]], [[0.545, 0.0], [1.1161, 0.0], [1.1161, 0.0], [1.6871, 0.0], [1.1161, 0.0], [4.2569, -0.1305]], [[0.2595, 0.0], [1.1161, 0.0], [1.1161, 0.0], [1.6871, 0.0], [1.6871, 0.0], [5.6846, 0.0]], [[0.545, 0.0], [1.1161, 0.0], [1.1161, 0.0], [1.6871, 0.0], [8.2543, -0.2611], [6.2556, 0.0]]]",0.6674,0.0,0.0,0.0,0.0,0.0,0.0,True,[3],0.0,0.0,0.0,0.9825,8.0,1.1164,1.6875,0.0275,0.6881,1.045,0.9825,"[[0.259, 0.0], [1.116, 0.0], [1.116, 0.0], [1.687, 0.0], [1.687, 0.0], [2.258, 0.0]]",ok,3.1633,0.0,1.0,1.0,0.0,1.0,1.0,0.0,0.5,0.6666666666666666,d50a519eecae4c59b5440f50c424edb0,scene-0780,42
1.1161,2.2582,2.5437,0.6878,1.3302,1.6871,0.0,0.0,0.0,0.0,0.0,0.0,0.0,0.0,0.0,ok,straight,1.1161,2.2582,2.5437,0.6878,1.3302,1.6871,False,"[-0.0, -0.0, -0.0, -0.0, -0.0653, -0.0, -0.0, -0.0]","[-33.4328, -100.5847, -104.1332, -616.2536, -56.7726, -1454.0665, -2171.5631, -2576.1697]","[3.6392, 3.5701, 3.5662, 3.0389, 0.5915, -1001451.6865, -1002169.1831, -1002573.7894]","[1.687, 1.688, 1.735, 3.029, 2.068, 1.497, 1.363, 1.735]","[[[0.2595, 0.0], [1.1161, 0.0], [1.6871, 0.0], [2.2582, 0.0], [2.2582, 0.0], [2.5437, 0.0]], [[0.2595, 0.0], [1.1161, 0.0], [1.6871, 0.0], [2.2582, 0.0], [1.9727, 0.1305], [2.8293, 0.0]], [[0.2595, 0.0], [1.1161, 0.0], [1.6871, 0.0], [2.5437, 0.0], [2.2582, 0.0], [2.5437, 0.0]], [[0.2595, 0.0], [1.1161, 0.0], [1.6871, 0.0], [2.5437, 0.0], [5.6846, 0.7833], [6.8267, 0.0]], [[0.2595, 0.0], [1.1161, 0.0], [1.6871, 0.0], [2.2582, 0.0], [3.4003, 0.0], [3.6858, -0.1305]], [[0.2595, 0.0], [1.1161, 0.0], [1.6871, 0.0], [2.5437, 0.0], [0.545, 0.0], [2.8293, 0.0]], [[0.2595, 0.0], [1.1161, 0.0], [1.6871, 0.0], [2.5437, 0.0], [-0.026, 0.0], [2.5437, 0.0]], [[0.2595, 0.0], [1.1161, 0.0], [1.6871, 0.0], [2.2582, 0.0], [0.2595, 0.0], [4.828, 0.0]]]",0.4845,0.0,0.0,0.0,0.0,0.0,0.0,True,[3],0.0,0.0,0.0,1.3627,8.0,1.1161,2.5437,2.5437,0.6878,1.4016,1.3627,"[[0.259, 0.0], [1.116, 0.0], [1.687, 0.0], [2.258, 0.0], [2.258, 0.0], [2.544, 0.0]]",ok,3.0286,0.0,1.0,1.0,0.0,1.0,1.0,0.0,0.5,0.6666666666666666,8f6fc5405819408986cc0822197bfbd9,scene-0780,42
1.1161,2.5437,2.2582,0.6878,1.4016,1.6871,0.0,0.0,0.0,0.0,0.0,0.0,0.0,0.0,0.0,ok,straight,1.1161,2.2582,2.5437,0.6878,1.3302,1.6871,True,"[-0.0, -0.0, -0.0, -0.0, -0.0653, -0.0653, -0.0, -0.0]","[-191.9193, -33.4328, -283.05, -525.3364, -525.3379, -1112.5866, -2233.7016, -1507995.6382]","[3.2554, 3.2545, 3.254, 3.2536, -1000523.0388, -1001110.2887, -1002231.4026, -2507993.3391]","[1.925, 1.687, 2.116, 2.306, 2.402, 2.496, 2.496, 13.204]","[[[0.2595, 0.0], [1.1161, 0.0], [2.2582, 0.0], [3.1148, 0.0], [2.2582, 0.0], [2.5437, 0.0]], [[0.2595, 0.0], [1.1161, 0.0], [1.6871, 0.0], [2.2582, 0.0], [2.2582, 0.0], [2.5437, 0.0]], [[0.2595, 0.0], [1.1161, 0.0], [1.6871, 0.0], [2.2582, 0.0], [3.9714, -0.1305], [3.4003, 0.0]], [[0.2595, 0.0], [1.1161, 0.0], [1.6871, 0.0], [2.2582, 0.0], [4.5424, -0.1305], [3.9714, 0.0]], [[0.2595, 0.0], [1.1161, 0.0], [2.2582, 0.0], [3.1148, 0.0], [2.5437, -0.1305], [5.1135, 0.1305]], [[0.2595, 0.0], [1.1161, 0.0], [1.6871, 0.0], [2.2582, 0.0], [2.2582, 0.0], [7.3977, -0.1305]], [[0.2595, 0.0], [1.1161, 0.0], [2.2582, 0.0], [3.1148, 0.0], [1.6871, 0.0], [6.5412, 0.0]], [[0.2595, 0.0], [1.1161, 0.0], [2.2582, 0.0], [3.1148, 0.0], [69.6432, 0.0], [2.8293, 0.0]]]",3.6476,0.0,0.0,0.0,0.0,0.0,0.0,True,[3],0.0,0.0,0.0,1.6871,8.0,1.1161,2.2582,2.5437,0.6878,1.3302,1.6871,"[[0.259, 0.0], [1.116, 0.0], [1.687, 0.0], [2.258, 0.0], [2.258, 0.0], [2.544, 0.0]]",ok,13.2035,0.0,1.0,1.0,0.0,1.0,1.0,0.0,0.5,0.6666666666666666,284234f5451d495fa01bd24bd04993dc,scene-0780,42
1.1161,1.9727,2.5437,0.6878,1.2588,1.6871,0.0,0.0,0.0,0.0,0.0,0.0,0.0,0.0,0.0,ok,straight,0.8306,2.2582,2.5437,0.6878,1.2588,1.6871,False,"[-0.0, -0.0, -0.0, -0.0, -0.0653, -0.1305, -0.0, -0.0]","[-19.8388, -16.9969, -59.8366, -230.8334, -158.3447, -10.06, -1339.7048, -34258.9082]","[2.9306, 2.9289, 2.9271, 2.9119, 1.4795, 0.0578, -1001337.7142, -1034256.9175]","[1.687, 1.735, 1.592, 1.782, 1.973, 2.355, 2.307, 7.16]","[[[0.545, 0.0], [0.8306, 0.0], [1.4016, 0.0], [2.2582, 0.0], [2.5437, 0.0], [2.5437, 0.0]], [[0.2595, 0.0], [1.1161, 0.0], [1.6871, 0.0], [2.2582, 0.0], [2.5437, 0.0], [2.5437, 0.0]], [[0.545, 0.0], [0.8306, 0.0], [1.4016, 0.0], [2.2582, 0.0], [2.8293, 0.0], [1.6871, 0.0]], [[0.545, 0.0], [0.8306, 0.0], [1.4016, 0.0], [2.2582, 0.0], [1.9727, 0.0], [3.6858, 0.0]], [[0.2595, 0.0], [1.1161, 0.0], [1.6871, 0.0], [2.2582, 0.0], [2.2582, 0.0], [4.2569, -0.1305]], [[0.545, 0.0], [0.8306, 0.0], [1.4016, 0.0], [2.2582, 0.0], [3.6858, -0.1305], [5.399, -0.2611]], [[0.2595, 0.0], [1.1161, 0.0], [1.6871, 0.0], [2.2582, 0.0], [5.1135, 0.2611], [3.4003, 0.0]], [[0.2595, 0.0], [1.1161, 0.0], [1.6871, 0.0], [2.2582, 0.0], [4.5424, 0.0], [33.0954, 0.0]]]",1.7533,0.0,0.0,0.0,0.0,0.0,0.0,True,[3],0.0,0.0,0.0,1.592,8.0,0.8306,2.2582,1.6871,0.6878,1.2588,1.592,"[[0.545, 0.0], [0.831, 0.0], [1.402, 0.0], [2.258, 0.0], [2.544, 0.0], [2.544, 0.0]]",ok,7.1598,0.0,1.0,1.0,0.0,1.0,1.0,0.0,0.5,0.6666666666666666,87c3788da01f4f63953f35383d0f5095,scene-0781,42
1.6871,2.5437,3.4003,1.2588,1.8299,2.2582,0.0,0.0,0.0,0.0,0.0,0.0,0.0,0.0,0.0,ok,straight,1.6871,2.5437,3.4003,1.2588,1.8299,2.2582,False,"[-0.0, -0.0, -0.0, -0.0653, -0.0653, -0.0, -0.0, -0.0]","[-4.9469, -194.3744, -278.0523, -278.434, -385.0002, -459.3966, -478.3351, -1105.1586]","[2.8772, 2.2523, 1.9669, -0.3438, -1000384.0063, -1000458.4027, -1000477.3317, -1001104.1552]","[2.258, 3.258, 1.83, 1.83, 1.83, 2.353, 2.258, 1.973]","[[[0.8306, 0.0], [1.6871, 0.0], [2.2582, 0.0], [2.5437, 0.0], [2.8293, 0.0], [3.4003, 0.0]], [[0.8306, 0.0], [1.6871, 0.0], [2.2582, 0.0], [2.5437, 0.0], [3.9714, 0.0], [8.2543, 0.0]], [[0.8306, 0.0], [1.6871, 0.0], [1.1161, 0.0], [1.1161, 0.0], [2.8293, 0.0], [3.4003, 0.0]], [[0.8306, 0.0], [1.6871, 0.0], [1.1161, 0.0], [1.1161, 0.0], [2.8293, 0.0], [3.4003, -0.1305]], [[0.8306, 0.0], [1.6871, 0.0], [1.1161, 0.0], [1.1161, 0.0], [1.4016, 0.0], [4.828, 0.1305]], [[0.8306, 0.0], [1.6871, 0.0], [1.1161, 0.0], [1.1161, 0.0], [2.2582, 0.0], [7.1122, 0.0]], [[0.8306, 0.0], [1.6871, 0.0], [2.2582, 0.0], [2.5437, 0.0], [3.9714, 0.0], [2.2582, 0.0]], [[0.8306, 0.0], [1.6871, 0.0], [2.2582, 0.0], [2.5437, 0.0], [3.9714, 0.0], [0.545, 0.0]]]",0.4487,0.0,0.0,0.0,0.0,0.0,0.0,True,[3],0.0,0.0,0.0,1.8299,8.0,1.6871,1.1161,3.4003,1.2588,1.1875,1.8299,"[[0.831, 0.0], [1.687, 0.0], [2.258, 0.0], [2.544, 0.0], [2.829, 0.0], [3.4, 0.0]]",ok,3.2576,0.0,1.0,1.0,0.0,1.0,1.0,0.0,0.5,0.6666666666666666,07cc7c2f5d22463398a2cda8670d08e9,scene-0781,42
1.1161,1.6871,2.5437,0.6878,1.1875,1.4968,0.0,0.0,0.0,0.0,0.0,0.0,0.0,0.0,0.0,ok,straight,1.1161,1.6871,2.2582,0.6878,1.1875,1.4492,True,"[-0.0, -0.0, -0.0, -0.0, -0.0, -0.0, -0.1305, -1.1749]","[-24.4315, -35.5199, -54.5646, -93.0809, -210.9075, -802.1825, -3312.5682, -8763.0674]","[2.6344, 2.6305, 2.6239, 2.6105, 2.5813, -1000800.5291, -1003310.9148, -1008761.414]","[1.355, 1.497, 1.402, 2.211, 1.687, 2.354, 1.926, 5.752]","[[[0.2595, 0.0], [1.1161, 0.0], [1.6871, 0.0], [1.6871, 0.0], [1.6871, -0.1305], [1.6871, 0.0]], [[0.2595, 0.0], [1.1161, 0.0], [1.6871, 0.0], [1.6871, 0.0], [1.6871, 0.0], [2.5437, 0.0]], [[0.2595, 0.0], [1.1161, 0.0], [1.6871, 0.0], [1.6871, 0.0], [1.4016, 0.0], [2.2582, 0.0]], [[0.2595, 0.0], [1.1161, 0.0], [1.6871, 0.0], [1.6871, 0.0], [2.8293, -0.1305], [5.6846, 0.0]], [[0.2595, 0.0], [1.1161, 0.0], [1.9727, 0.0], [2.5437, 0.0], [1.6871, 0.0], [2.5437, 0.0]], [[0.2595, 0.0], [1.1161, 0.0], [1.9727, 0.0], [2.5437, 0.0], [4.828, 0.1305], [3.4003, 0.0]], [[0.2595, 0.0], [1.1161, 0.0], [1.9727, 0.0], [2.5437, 0.0], [0.2595, 0.0], [5.399, -0.2611]], [[0.2595, 0.0], [1.1161, 0.0], [1.9727, 0.0], [2.5437, 0.0], [5.6846, 0.0], [22.8163, -2.3499]]]",1.3594,0.0,0.0,0.0,0.0,0.0,0.0,True,[3],0.0,0.0,0.0,1.3549,8.0,1.1161,1.6871,1.6871,0.6878,1.1875,1.3549,"[[0.259, 0.0], [1.116, 0.0], [1.687, 0.0], [1.687, 0.0], [1.687, 0.0], [2.258, 0.0]]",ok,5.7523,0.0,1.0,1.0,0.0,1.0,1.0,0.0,0.5,0.6666666666666666,7e5447a8b3184ab1a0664511d21b8c6f,scene-0781,42
1.1161,2.5437,3.204,0.9733,1.5444,2.0341,0.0,0.0,0.0,0.0,0.0,0.0,0.0,0.0,0.0,ok,straight,1.4016,2.5437,3.204,0.9733,1.5444,2.0341,False,"[-0.0, -0.0, -0.1305, -0.0, -0.0, -0.0653, -0.1305, -0.0]","[-37.2937, -69.6485, -196.4021, -504.2311, -560.3717, -1333.3726, -1816.3966, -3007.2187]","[3.1491, 3.116, 0.6526, -1000502.7348, -1000558.8753, -1001331.8762, -1001814.9003, -1003005.7223]","[2.034, 2.034, 2.037, 1.654, 2.415, 2.463, 3.035, 1.918]","[[[0.8306, 0.0], [1.1161, 0.0], [1.6871, 0.0], [2.5437, 0.0], [2.8293, 0.0], [3.4003, 0.0]], [[0.545, 0.0], [1.4016, 0.0], [1.6871, 0.0], [2.5437, 0.0], [2.8293, 0.0], [3.4003, 0.0]], [[0.545, 0.0], [1.4016, 0.0], [1.6871, 0.0], [2.5437, 0.0], [3.6858, 0.0], [2.5437, 0.2611]], [[0.545, 0.0], [1.4016, 0.0], [1.6871, 0.0], [2.5437, 0.0], [3.4003, -0.1305], [0.545, 0.0]], [[0.8306, 0.0], [1.1161, 0.0], [1.6871, 0.0], [2.5437, 0.0], [2.5437, -0.1305], [5.9701, 0.0]], [[0.8306, 0.0], [1.1161, 0.0], [1.6871, 0.0], [2.5437, 0.0], [5.399, 0.0], [3.4003, -0.1305]], [[0.545, 0.0], [1.4016, 0.0], [1.6871, 0.0], [2.5437, 0.0], [6.5412, -0.1305], [5.6846, 0.2611]], [[0.8306, 0.0], [1.1161, 0.0], [1.6871, 0.0], [2.5437, 0.0], [5.1135, 0.0], [-0.026, 0.0]]]",0.3987,0.0,0.0,0.0,0.0,0.0,0.0,True,[3],0.0,0.0,0.0,1.6538,8.0,1.4016,2.5437,0.3487,0.9733,1.5444,1.6538,"[[0.545, 0.0], [1.402, 0.0], [1.687, 0.0], [2.544, 0.0], [2.829, 0.0], [3.4, 0.0]]",ok,3.0347,0.0,1.0,1.0,0.0,1.0,1.0,0.0,0.5,0.6666666666666666,a51cada4b76a41cabd4bb589a8a32e37,scene-0781,42
0.0316,0.1462,0.1978,0.1921,0.1547,0.2067,0.0,0.0,0.0,0.0,0.0,0.0,0.0,0.0,0.0,ok,straight,0.5406,1.2868,1.0514,0.3039,0.8087,0.7849,False,"[-0.0, -0.0, -0.0, -0.0, -0.0, -0.0, -0.0653, -0.0]","[-47.4683, -188.7887, -220.2076, -1412.259, -1873.4445, -2958.4651, -7775.6231, -28068.4885]","[3.2766, 3.2607, 3.2572, -1001409.9513, -1001871.1368, -1002956.1575, -1007773.3154, -1028066.1809]","[0.349, 0.785, 0.885, 0.81, 1.101, 0.827, 1.02, 2.34]","[[[0.8306, 0.0], [1.1161, 0.0], [1.6871, 0.0], [2.5437, 0.0], [2.5437, 0.0], [2.5437, 0.0]], [[0.545, 0.0], [1.6871, 0.0], [3.1148, 0.0], [3.6858, 0.0], [2.5437, 0.0], [2.5437, 0.0]], [[0.545, 0.0], [1.6871, 0.0], [3.1148, 0.0], [3.6858, 0.0], [4.5424, -0.2611], [3.1148, 0.0]], [[0.8306, 0.0], [1.1161, 0.0], [1.6871, 0.0], [2.5437, 0.0], [5.9701, -0.1305], [4.828, 0.0]], [[0.545, 0.0], [1.6871, 0.0], [3.1148, 0.0], [3.6858, 0.0], [1.9727, 0.0], [5.9701, 0.0]], [[0.8306, 0.0], [1.1161, 0.0], [1.6871, 0.0], [2.5437, 0.0], [5.9701, 0.1305], [2.2582, 0.0]], [[0.8306, 0.0], [1.1161, 0.0], [1.6871, 0.0], [2.5437, 0.0], [8.2543, 0.0], [3.4003, -0.1305]], [[0.545, 0.0], [1.6871, 0.0], [3.1148, 0.0], [3.6858, 0.0], [13.3939, 0.0], [3.9714, 0.0]]]",0.5425,0.0,0.0,0.0,0.0,0.0,0.0,True,[3],0.0,0.0,0.0,0.3489,8.0,0.0316,0.1462,1.0514,0.1921,0.1547,0.3489,"[[0.545, 0.0], [1.687, 0.0], [3.115, 0.0], [3.686, 0.0], [2.544, 0.0], [2.544, 0.0]]",ok,2.3402,0.0,1.0,1.0,0.0,1.0,1.0,0.0,0.25,0.5,9699d6a8d9384f8885e8c5318bc621ab,scene-0782,42
0.7638,2.9778,6.698,0.4368,1.3601,2.9803,0.0,0.0,0.0,0.0,0.0,0.0,0.0,0.0,0.0,ok,straight,2.191,2.9778,6.9835,1.5783,1.9308,3.4084,False,"[-0.0653, -0.0653, -0.0653, -0.0, -0.0653, -0.0, -0.0653, -0.0653]","[-165.9485, -449.1078, -486.2615, -336.9318, -604.7812, -1163.0478, -1742.6656, -15753.393]","[2.1277, 2.0707, 2.0633, -1000334.7111, -1000602.5605, -1001160.8275, -1001740.4454, -1015751.1723]","[3.028, 2.506, 3.408, 2.362, 2.885, 2.981, 2.933, 3.363]","[[[1.6871, 0.0], [3.1148, 0.0], [4.5424, 0.0], [5.6846, 0.0], [5.6846, 0.0], [7.3977, -0.1305]], [[0.8306, 0.0], [1.6871, 0.0], [4.5424, 0.0], [5.6846, 0.0], [7.6833, -0.1305], [10.8241, 0.1305]], [[0.8306, 0.0], [1.6871, 0.0], [4.5424, 0.0], [5.6846, 0.0], [5.6846, 0.0], [7.3977, -0.1305]], [[1.6871, 0.0], [3.1148, 0.0], [4.5424, 0.0], [5.6846, 0.0], [6.5412, 0.0], [10.5386, 0.0]], [[1.6871, 0.0], [3.1148, 0.0], [4.5424, 0.0], [5.6846, 0.0], [5.399, -0.1305], [8.5399, -0.1305]], [[0.8306, 0.0], [1.6871, 0.0], [4.5424, 0.0], [5.6846, 0.0], [5.6846, 0.0], [9.9675, 0.0]], [[0.8306, 0.0], [1.6871, 0.0], [4.5424, 0.0], [5.6846, 0.0], [5.399, 0.0], [10.5386, -0.1305]], [[1.6871, 0.0], [3.1148, 0.0], [4.5424, 0.0], [5.6846, 0.0], [0.545, 0.0], [10.5386, 0.1305]]]",0.3414,0.0,0.0,0.0,0.0,0.0,0.0,True,[3],0.0,0.0,0.0,2.3625,8.0,0.7638,2.9778,3.847,0.4368,1.3601,2.3625,"[[0.831, 0.0], [1.687, 0.0], [4.542, 0.0], [5.685, 0.0], [5.685, 0.0], [7.398, -0.131]]",ok,3.4084,0.0,0.0,0.0,0.0,0.0,0.0,0.0,0.0,0.0,6652a70586d741f5b9da67434412dd36,scene-0782,42
4.6098,8.8001,15.9026,3.4507,5.6772,8.3967,0.0,0.0,1.0,0.0,0.0,1.0,0.0,0.0,0.3333333333333333,ok,straight,2.6133,8.2291,15.9026,1.882,4.3232,7.6368,True,"[-0.0653, -0.0653, -0.0653, -0.1305, -0.4569, -5.94, -0.3264, -0.3916]","[-555.4129, -194.2479, -391.5298, -58.6203, -10348.6139, -12455.3815, -47932.6275, -56131.519]","[4.05, 3.9037, 3.8945, 3.8757, -1010345.7416, -1012452.6725, -1047929.7552, -1056128.6468]","[8.207, 7.637, 7.081, 7.16, 7.308, 8.615, 6.971, 8.455]","[[[3.1148, -0.1305], [5.9701, 0.0], [5.9701, 0.0], [7.3977, 0.0], [9.1109, 0.0], [10.253, -0.1305]], [[3.1148, -0.1305], [5.9701, 0.0], [7.6833, 0.1305], [9.1109, -0.1305], [9.1109, 0.0], [10.253, -0.1305]], [[3.1148, -0.1305], [5.9701, 0.0], [7.6833, 0.1305], [9.1109, -0.1305], [11.1096, -1.3055], [11.6807, -0.1305]], [[3.1148, -0.1305], [5.9701, 0.0], [7.6833, 0.1305], [9.1109, -0.1305], [10.253, 0.0], [11.9662, 0.2611]], [[3.1148, -0.1305], [5.9701, 0.0], [5.9701, 0.0], [7.3977, 0.0], [13.9649, -3.0026], [11.3952, 0.9138]], [[3.1148, -0.1305], [5.9701, 0.0], [7.6833, 0.1305], [9.1109, -0.1305], [7.6833, 1.3055], [9.9675, -11.88]], [[3.1148, -0.1305], [5.9701, 0.0], [5.9701, 0.0], [7.3977, 0.0], [19.9611, -0.9138], [7.1122, -0.6527]], [[3.1148, -0.1305], [5.9701, 0.0], [5.9701, 0.0], [7.3977, 0.0], [11.6807, 6.5275], [44.2311, 0.7833]]]",0.6149,0.0,0.0,1.0,0.0,0.0,1.0,True,[3],0.0,0.0,0.3333333333333333,6.9709,8.0,2.6133,9.942,19.063,1.882,5.1784,6.9709,"[[3.115, -0.131], [5.97, 0.0], [7.683, 0.131], [9.111, -0.131], [9.111, 0.0], [10.253, -0.131]]",ok,8.6151,0.0,0.0,0.0,0.0,0.0,0.0,0.0,0.0,0.0,8af2e40c9e8b4bec94a3d701d8d5753e,scene-0782,42
1.7872,1.5656,4.4693,1.188,1.3804,2.2134,0.0,0.0,0.0,0.0,0.0,0.0,0.0,0.0,0.0,ok,straight,1.7872,1.5656,4.4693,1.188,1.3804,1.9279,True,"[-0.0653, -0.0653, -0.0653, -0.0653, -0.1958, -0.1958, -0.0653, -0.1958]","[-239.0765, -532.4755, -4969.3491, -8868.6226, -10016.9255, -10991.307, -12395.4339, -30352.8612]","[3.6865, -1000530.6387, -1004965.8438, -1008865.1174, -1010015.0887, -1010987.8018, -1012393.597, -1030349.356]","[1.928, 2.309, 3.07, 3.166, 3.689, 3.642, 2.45, 4.599]","[[[3.6858, 0.0], [6.5412, 0.0], [10.5386, -0.1305], [14.2505, -0.1305], [17.9623, -0.1305], [19.39, -0.1305]], [[3.6858, 0.0], [6.5412, 0.0], [10.5386, -0.1305], [14.2505, -0.1305], [17.6768, -0.1305], [17.3913, 0.1305]], [[3.6858, 0.0], [6.5412, 0.0], [7.9688, -0.1305], [9.9675, 0.0], [17.9623, -0.1305], [19.39, -0.1305]], [[3.6858, 0.0], [6.5412, 0.0], [7.9688, -0.1305], [9.9675, 0.0], [18.8189, -0.1305], [17.9623, 0.1305]], [[3.6858, 0.0], [6.5412, 0.0], [10.5386, -0.1305], [14.2505, -0.1305], [18.5334, -0.9138], [8.5399, 0.3916]], [[3.6858, 0.0], [6.5412, 0.0], [7.9688, -0.1305], [9.9675, 0.0], [18.5334, -0.1305], [15.3926, -0.3916]], [[3.6858, 0.0], [6.5412, 0.0], [10.5386, -0.1305], [14.2505, -0.1305], [23.1019, 0.0], [18.2479, -0.1305]], [[3.6858, 0.0], [6.5412, 0.0], [7.9688, -0.1305], [9.9675, 0.0], [14.2505, -9.7912], [19.6755, -0.3916]]]",0.8152,0.0,0.0,0.0,0.0,0.0,0.0,True,[3],0.0,0.0,0.0,1.9279,8.0,1.7872,1.5656,4.4693,1.188,1.3804,1.9279,"[[3.686, 0.0], [6.541, 0.0], [10.539, -0.131], [14.25, -0.131], [17.962, -0.131], [19.39, -0.131]]",ok,4.5995,0.0,0.0,0.0,0.0,0.0,0.0,0.0,0.0,0.0,95682f8329cf487aa061d968b08f80ea,scene-0782,42
4.7184,8.467,14.5332,3.439,5.5287,8.1127,0.0,0.0,0.0,0.0,0.0,0.0,0.0,0.0,0.0,ok,straight,5.0039,8.4691,12.5346,3.0109,5.2434,7.5894,True,"[-0.0653, -0.0, -0.1305, -0.0653, -0.0653, -0.2611, -0.1305, -0.2611]","[-940.7149, -203.7036, -1295.2918, -111.6588, -236.7774, -863.3447, -1265.7521, -74023.6697]","[3.1863, 2.8749, 2.4384, 2.1453, 2.1401, 0.9894, -1001264.6508, -1074021.4931]","[7.97, 7.352, 7.59, 7.589, 8.16, 6.687, 8.448, 8.516]","[[[3.1148, 0.0], [3.4003, 0.0], [6.2556, -0.1305], [8.5399, 0.0], [9.1109, -0.1305], [10.253, -0.1305]], [[1.9727, 0.0], [3.6858, 0.0], [5.9701, 0.0], [8.5399, -0.1305], [11.6807, -0.2611], [12.5373, 0.0]], [[3.1148, 0.0], [3.4003, 0.0], [6.2556, -0.1305], [8.5399, 0.0], [9.1109, 0.0], [12.5373, -0.2611]], [[1.9727, 0.0], [3.6858, 0.0], [5.9701, 0.0], [8.5399, -0.1305], [11.1096, -0.1305], [11.6807, -0.1305]], [[1.9727, 0.0], [3.6858, 0.0], [5.9701, 0.0], [8.5399, -0.1305], [9.1109, -0.1305], [10.253, -0.1305]], [[3.1148, 0.0], [3.4003, 0.0], [6.2556, -0.1305], [8.5399, 0.0], [11.6807, 0.1305], [15.3926, -0.5222]], [[1.9727, 0.0], [3.6858, 0.0], [5.9701, 0.0], [8.5399, -0.1305], [7.6833, 0.0], [9.9675, 0.2611]], [[3.1148, 0.0], [3.4003, 0.0], [6.2556, -0.1305], [8.5399, 0.0], [10.253, -14.7521], [13.1083, 0.5222]]]",0.5722,0.0,0.0,0.0,0.0,0.0,0.0,True,[3],0.0,0.0,0.0,6.6867,8.0,5.0039,8.4691,9.6809,3.0109,5.2434,6.6867,"[[3.115, 0.0], [3.4, 0.0], [6.256, -0.131], [8.54, 0.0], [9.111, -0.131], [12.537, -0.131]]",ok,8.516,0.0,0.0,0.0,0.0,0.0,0.0,0.0,0.0,0.0,e829650532104af6bdb060d75924421f,scene-0783,42
5.0595,11.3395,17.4084,3.8188,6.5718,9.5736,0.0,0.0,0.0,0.0,0.0,0.0,0.0,0.0,0.0,ok,straight,5.0595,11.3395,17.4084,3.8188,6.6431,9.526,True,"[-0.0, -0.1305, -0.1958, -0.0, -0.0, -0.5222, -0.0653, -0.1305]","[-54.8236, -172.2664, -1652.9351, -2027.7077, -4663.7955, -7921.4042, -8794.6318, -14535.2923]","[3.6693, 2.8447, -1001651.0986, -1002026.0062, -1004662.094, -1007919.7027, -1008792.9304, -1014533.4558]","[9.716, 9.098, 9.337, 9.288, 10.335, 10.291, 6.731, 10.383]","[[[1.6871, 0.0], [3.6858, 0.0], [5.6846, 0.0], [6.8267, 0.0], [8.5399, 0.0], [10.253, 0.0]], [[1.6871, 0.0], [3.6858, 0.0], [5.6846, 0.0], [6.8267, 0.0], [9.682, 0.0], [12.8228, 0.2611]], [[1.6871, 0.0], [3.6858, 0.0], [5.6846, 0.0], [6.8267, 0.0], [10.8241, 0.0], [10.253, -0.3916]], [[2.2582, 0.0], [3.1148, 0.0], [5.6846, 0.1305], [9.3964, 0.0], [8.5399, 0.0], [10.253, 0.0]], [[2.2582, 0.0], [3.1148, 0.0], [5.6846, 0.1305], [9.3964, 0.0], [10.8241, 0.0], [1.6871, 0.0]], [[2.2582, 0.0], [3.1148, 0.0], [5.6846, 0.1305], [9.3964, 0.0], [5.1135, 0.0], [7.6833, 1.0444]], [[2.2582, 0.0], [3.1148, 0.0], [5.6846, 0.1305], [9.3964, 0.0], [10.5386, -1.1749], [23.6729, -0.1305]], [[1.6871, 0.0], [3.6858, 0.0], [5.6846, 0.0], [6.8267, 0.0], [2.2582, -0.1305], [12.5373, 0.2611]]]",1.1161,0.0,0.0,0.0,0.0,0.0,0.0,True,[3],0.0,0.0,0.0,6.7311,8.0,5.6305,8.7701,3.9958,3.8188,6.0006,6.7311,"[[1.687, 0.0], [3.686, 0.0], [5.685, 0.0], [6.827, 0.0], [9.682, 0.0], [10.253, 0.0]]",ok,10.3828,0.0,0.0,0.0,0.0,0.0,0.0,0.0,0.0,0.0,28553ad064614cb09fa5d4f12e4fa064,scene-0783,42
3.5687,7.3325,9.2282,2.4422,4.2726,5.9082,0.0,0.0,0.0,0.0,0.0,0.0,0.0,0.0,0.0,ok,straight,3.5687,5.3367,9.2211,2.4422,3.558,5.4306,True,"[-0.0653, -0.4569, -0.0653, -0.3916, -0.1958, -0.3916, -0.718, -0.1958]","[-878.6719, -588.0515, -2380.0943, -4541.8639, -5066.4672, -11175.8201, -86655.4384, -1115150.3568]","[4.5522, 2.6732, -1002377.6538, -1004539.4234, -1005064.0267, -1011172.8609, -1086652.4792, -2115147.9163]","[5.431, 3.576, 5.722, 4.761, 6.348, 5.907, 8.556, 13.577]","[[[3.1148, 0.0], [5.399, 0.0], [9.3964, -0.2611], [12.5373, 0.0], [13.1083, 0.0], [16.2492, -0.1305]], [[3.1148, 0.0], [5.399, 0.0], [9.3964, -0.2611], [12.5373, 0.0], [17.9623, 0.7833], [23.1019, 0.9138]], [[2.5437, 0.0], [4.828, 0.0], [8.2543, 0.2611], [13.1083, 0.1305], [13.1083, 0.0], [16.2492, -0.1305]], [[2.5437, 0.0], [4.828, 0.0], [8.2543, 0.2611], [13.1083, 0.1305], [13.6794, 0.1305], [21.6742, 0.7833]], [[2.5437, 0.0], [4.828, 0.0], [8.2543, 0.2611], [13.1083, 0.1305], [11.3952, -1.1749], [14.2505, 0.3916]], [[3.1148, 0.0], [5.399, 0.0], [9.3964, -0.2611], [12.5373, 0.0], [9.1109, 0.2611], [17.3913, -0.7833]], [[3.1148, 0.0], [5.399, 0.0], [9.3964, -0.2611], [12.5373, 0.0], [13.9649, 16.5798], [7.3977, 1.436]], [[2.5437, 0.0], [4.828, 0.0], [8.2543, 0.2611], [13.1083, 0.1305], [69.6432, -0.3916], [7.3977, -0.3916]]]",2.9061,0.0,0.0,0.0,0.0,0.0,0.0,True,[3],0.0,0.0,0.0,3.576,8.0,3.5687,5.3367,2.7837,2.4422,3.558,3.576,"[[3.115, 0.0], [5.399, 0.0], [9.396, -0.261], [12.537, 0.0], [13.108, 0.0], [16.249, -0.131]]",ok,13.5767,0.0,0.0,0.0,0.0,0.0,0.0,0.0,0.0,0.0,73ec2b6b0f8541bbbd01ab56134a2abd,scene-0783,42
1.5356,1.8592,0.6259,1.2063,1.5605,1.3787,0.0,0.0,0.0,0.0,0.0,0.0,0.0,0.0,0.0,ok,straight,0.4035,1.5818,0.6259,0.3547,0.9244,0.9546,True,"[-0.0, -0.0, -0.2611, -0.9138, -1.893, -0.9791, -0.4569, -0.6527]","[-39.4056, -87.7584, -564.3475, -623.2979, -825.7321, -1277.3204, -2089.7029, -2792.9852]","[4.928, 4.8746, 3.9045, 2.7275, -1000823.0024, -1001274.5909, -1002086.9734, -1002790.2555]","[1.238, 0.955, 1.524, 1.692, 1.799, 1.582, 3.166, 2.299]","[[[2.2582, 0.0], [4.2569, 0.0], [6.5412, 0.0], [7.9688, 0.0], [9.1109, 0.0], [10.5386, 0.0]], [[2.8293, 0.0], [5.399, 0.0], [6.5412, 0.0], [7.9688, 0.0], [9.1109, 0.0], [10.5386, 0.0]], [[2.8293, 0.0], [5.399, 0.0], [6.5412, 0.0], [7.9688, 0.0], [11.6807, -0.7833], [14.536, 0.5222]], [[2.2582, 0.0], [4.2569, 0.0], [6.5412, 0.0], [7.9688, 0.0], [11.6807, -0.1305], [13.9649, 1.8277]], [[2.2582, 0.0], [4.2569, 0.0], [6.5412, 0.0], [7.9688, 0.0], [10.8241, 0.1305], [13.1083, -3.7859]], [[2.8293, 0.0], [5.399, 0.0], [6.5412, 0.0], [7.9688, 0.0], [11.9662, 0.9138], [14.2505, -1.9582]], [[2.8293, 0.0], [5.399, 0.0], [6.5412, 0.0], [7.9688, 0.0], [15.107, 0.3916], [21.3887, -0.9138]], [[2.2582, 0.0], [4.2569, 0.0], [6.5412, 0.0], [7.9688, 0.0], [9.1109, -0.7833], [17.3913, 1.3055]]]",0.64,0.0,0.0,0.0,0.0,0.0,0.0,True,[3],0.0,0.0,0.0,0.9546,8.0,0.4035,1.5818,0.6259,0.3547,0.9244,0.9546,"[[2.829, 0.0], [5.399, 0.0], [6.541, 0.0], [7.969, 0.0], [9.111, 0.0], [10.539, 0.0]]",ok,3.1656,0.0,0.0,0.0,0.0,0.0,0.0,0.0,0.0,0.0,4a0987ae93eb4cb7b77e94f8ab034a27,scene-0783,42
1.1122,1.1136,2.5412,0.6754,0.8945,1.2055,0.0,0.0,0.0,0.0,0.0,0.0,0.0,0.0,0.0,ok,straight,1.1122,1.1136,1.1137,0.6754,0.8945,0.9676,True,"[-0.0, -0.0, -0.0, -0.0, -0.0, -0.0653, -1.436, -0.1958]","[-89.183, -106.4352, -834.5315, -751.4792, -2794.1386, -4529.4471, -6042.5056, -718321.3217]","[3.3839, 3.3838, 3.3563, -1000748.9607, -1002791.6201, -1004526.9286, -1006039.9627, -1718318.7788]","[1.205, 1.063, 1.35, 1.825, 2.016, 2.539, 3.348, 23.81]","[[[0.2595, 0.0], [1.1161, 0.0], [1.1161, 0.0], [1.1161, 0.0], [1.1161, 0.0], [2.5437, 0.0]], [[0.2595, 0.0], [1.1161, 0.0], [1.1161, 0.0], [1.1161, 0.0], [1.6871, 0.0], [1.1161, 0.0]], [[0.2595, 0.0], [1.1161, 0.0], [3.1148, 0.1305], [2.8293, 0.1305], [0.2595, 0.0], [0.545, 0.0]], [[0.2595, 0.0], [1.1161, 0.0], [3.1148, 0.1305], [2.8293, 0.1305], [1.1161, 0.0], [2.5437, 0.0]], [[0.2595, 0.0], [1.1161, 0.0], [3.1148, 0.1305], [2.8293, 0.1305], [0.2595, 0.0], [4.5424, 0.0]], [[0.2595, 0.0], [1.1161, 0.0], [3.1148, 0.1305], [2.8293, 0.1305], [0.545, 0.0], [7.3977, 0.1305]], [[0.2595, 0.0], [1.1161, 0.0], [1.1161, 0.0], [1.1161, 0.0], [1.9727, 0.0], [14.2505, 2.8721]], [[0.2595, 0.0], [1.1161, 0.0], [1.1161, 0.0], [1.1161, 0.0], [69.6432, -0.1305], [69.6432, 0.3916]]]",7.2784,0.0,0.0,0.0,0.0,0.0,0.0,True,[3],0.0,0.0,0.0,1.0627,8.0,1.1122,1.1136,1.1137,0.6754,0.8945,1.0627,"[[0.259, 0.0], [1.116, 0.0], [1.116, 0.0], [1.116, 0.0], [1.116, 0.0], [1.116, 0.0]]",ok,23.8101,0.0,0.0,0.0,0.0,0.0,0.0,0.0,0.0,0.0,abad69b7e6194c95b18a054aa082cfb8,scene-0784,42
1.6871,2.5437,5.1135,0.9733,1.6871,2.6389,0.0,0.0,0.0,0.0,0.0,0.0,0.0,0.0,0.0,ok,straight,1.6871,2.5437,5.1135,0.9733,1.7585,2.6865,False,"[-0.0, -0.0, -0.0, -0.0653, -0.4569, -0.0653, -0.0653, -0.0]","[-194.1442, -195.6972, -367.0369, -426.9432, -848.7472, -4245.801, -4422.4843, -14788.5127]","[2.9138, 2.913, 2.8765, -1000425.2299, -1000847.0335, -1004244.0873, -1004420.7711, -1014786.7991]","[3.067, 2.686, 2.401, 2.259, 3.836, 3.597, 2.982, 6.447]","[[[0.2595, 0.0], [1.6871, 0.0], [3.1148, 0.0], [4.2569, 0.0], [3.9714, 0.0], [5.1135, 0.0]], [[0.2595, 0.0], [1.6871, 0.0], [2.5437, 0.0], [2.5437, 0.0], [3.9714, 0.0], [5.1135, 0.0]], [[0.2595, 0.0], [1.6871, 0.0], [2.5437, 0.0], [2.5437, 0.0], [3.9714, 0.0], [3.4003, 0.0]], [[0.2595, 0.0], [1.6871, 0.0], [2.5437, 0.0], [2.5437, 0.0], [1.9727, 0.0], [4.5424, 0.1305]], [[0.2595, 0.0], [1.6871, 0.0], [3.1148, 0.0], [4.2569, 0.0], [4.5424, 0.0], [9.1109, -0.9138]], [[0.2595, 0.0], [1.6871, 0.0], [3.1148, 0.0], [4.2569, 0.0], [8.2543, 0.7833], [3.9714, 0.1305]], [[0.2595, 0.0], [1.6871, 0.0], [2.5437, 0.0], [2.5437, 0.0], [6.8267, -0.9138], [3.9714, -0.1305]], [[0.2595, 0.0], [1.6871, 0.0], [3.1148, 0.0], [4.2569, 0.0], [5.399, -0.2611], [23.9585, 0.0]]]",1.2554,0.0,0.0,0.0,0.0,0.0,0.0,True,[3],0.0,0.0,0.0,2.2585,8.0,1.6871,2.5437,4.5444,0.9733,1.7585,2.2585,"[[0.259, 0.0], [1.687, 0.0], [2.544, 0.0], [2.544, 0.0], [3.971, 0.0], [5.113, 0.0]]",ok,6.447,0.0,0.0,0.0,0.0,0.0,0.0,0.0,0.0,0.0,e821c04bbefc4fea85433c8976e786d0,scene-0784,42
1.6871,3.1148,4.5424,1.2588,2.0441,2.7817,0.0,0.0,0.0,0.0,0.0,0.0,0.0,0.0,0.0,ok,straight,1.6871,3.1148,4.5424,1.2588,2.0441,2.7817,False,"[-0.0, -0.0, -0.0, -0.0, -0.0653, -0.3264, -0.0653, -8.2899]","[-12.5356, -1104.9229, -1185.4526, -1586.6987, -1940.8297, -2422.733, -8613.3828, -1547352.6592]","[3.7073, -1001102.0753, -1001182.5296, -1001583.7757, -1001937.9067, -1002419.8854, -1008610.5351, -2547349.8116]","[2.782, 2.449, 3.924, 3.163, 3.883, 2.169, 2.402, 15.575]","[[[0.8306, 0.0], [1.6871, 0.0], [2.5437, 0.0], [3.1148, 0.0], [3.9714, 0.0], [4.5424, 0.0]], [[0.8306, 0.0], [1.6871, 0.0], [2.2582, -0.1305], [1.4016, 0.0], [3.9714, 0.0], [4.5424, 0.0]], [[0.8306, 0.0], [1.6871, 0.0], [2.5437, 0.0], [3.1148, 0.0], [4.2569, -0.1305], [11.1096, 0.0]], [[0.8306, 0.0], [1.6871, 0.0], [2.5437, 0.0], [3.1148, 0.0], [6.2556, -0.1305], [4.5424, 0.0]], [[0.8306, 0.0], [1.6871, 0.0], [2.5437, 0.0], [3.1148, 0.0], [7.3977, 0.7833], [7.6833, -0.1305]], [[0.8306, 0.0], [1.6871, 0.0], [2.2582, -0.1305], [1.4016, 0.0], [0.2595, 0.0], [6.5412, -0.6527]], [[0.8306, 0.0], [1.6871, 0.0], [2.2582, -0.1305], [1.4016, 0.0], [6.5412, 0.0], [1.6871, -0.1305]], [[0.8306, 0.0], [1.6871, 0.0], [2.2582, -0.1305], [1.4016, 0.0], [69.6432, 0.5222], [5.9701, 16.5798]]]",4.215,0.0,0.0,0.0,0.0,0.0,0.0,True,[3],0.0,0.0,0.0,2.1691,8.0,1.6871,1.4016,6.5736,1.2588,1.5453,2.1691,"[[0.831, 0.0], [1.687, 0.0], [2.544, 0.0], [3.115, 0.0], [3.971, 0.0], [4.542, 0.0]]",ok,15.5748,0.0,0.0,0.0,0.0,0.0,0.0,0.0,0.0,0.0,c6b40ac823cd4e0fb1c99b9602364b0d,scene-0784,42
1.6871,3.6858,5.1152,1.4016,2.2582,3.0199,0.0,0.0,0.0,0.0,0.0,0.0,0.0,0.0,0.0,ok,straight,1.6871,3.6858,5.1152,1.4016,2.2582,3.0199,False,"[-0.0653, -0.0653, -0.1305, -0.0, -0.0, -0.0, -0.0653, -8.2899]","[-85.4178, -545.654, -881.5209, -982.389, -1390.1894, -2333.6349, -3286.0624, -14866.2667]","[3.559, 3.4351, -1000878.981, -1000979.8491, -1001387.6728, -1002331.1183, -1003283.5457, -1014863.7268]","[3.02, 3.067, 2.834, 2.782, 2.544, 3.125, 4.023, 4.564]","[[[1.1161, 0.0], [1.6871, 0.0], [2.5437, 0.0], [3.6858, 0.0], [3.9714, 0.0], [5.1135, -0.1305]], [[1.1161, 0.0], [1.6871, 0.0], [2.2582, 0.0], [4.2569, 0.0], [3.9714, 0.0], [5.1135, -0.1305]], [[1.1161, 0.0], [1.6871, 0.0], [2.5437, 0.0], [3.6858, 0.0], [5.399, -0.3916], [2.5437, -0.2611]], [[1.1161, 0.0], [1.6871, 0.0], [2.5437, 0.0], [3.6858, 0.0], [2.5437, 0.0], [5.1135, 0.0]], [[1.1161, 0.0], [1.6871, 0.0], [2.2582, 0.0], [4.2569, 0.0], [5.399, 0.0], [0.545, 0.0]], [[1.1161, 0.0], [1.6871, 0.0], [2.2582, 0.0], [4.2569, 0.0], [6.8267, -0.9138], [2.5437, 0.0]], [[1.1161, 0.0], [1.6871, 0.0], [2.2582, 0.0], [4.2569, 0.0], [8.8254, -0.6527], [5.9701, 0.1305]], [[1.1161, 0.0], [1.6871, 0.0], [2.5437, 0.0], [3.6858, 0.0], [1.6871, 0.0], [1.6871, 16.5798]]]",0.644,0.0,0.0,0.0,0.0,0.0,0.0,True,[3],0.0,0.0,0.0,2.5437,8.0,1.6871,4.2569,0.545,1.4016,2.3296,2.5437,"[[1.116, 0.0], [1.687, 0.0], [2.544, 0.0], [3.686, 0.0], [3.971, 0.0], [5.113, -0.131]]",ok,4.5642,0.0,0.0,0.0,0.0,0.0,0.0,0.0,0.0,0.0,e39400ef772142919c70b68f77780294,scene-0784,42
1.1161,0.0261,1.1161,0.6878,0.6294,0.7916,0.0,0.0,0.0,0.0,0.0,0.0,0.0,0.0,0.0,ok,straight,1.1161,0.0261,1.1161,0.6878,0.558,0.7441,True,"[-0.0, -0.0, -0.0, -0.0, -0.0653, -0.0653, -0.0653, -0.0]","[-358.3662, -473.5561, -363.2009, -403.0576, -1758.2533, -2607.886, -3172.2106, -10649.3211]","[3.3896, 3.3707, -1000361.2344, -1000401.0747, -1001756.2868, -1002605.9195, -1003170.2278, -1010647.3382]","[0.744, 0.792, 1.458, 0.991, 1.363, 2.124, 1.649, 2.219]","[[[0.2595, 0.0], [1.1161, 0.0], [0.8306, 0.0], [-0.026, 0.0], [1.1161, 0.0], [1.1161, 0.0]], [[0.2595, 0.0], [1.1161, 0.0], [1.1161, 0.0], [-0.026, 0.0], [1.1161, 0.0], [1.1161, 0.0]], [[0.2595, 0.0], [1.1161, 0.0], [0.8306, 0.0], [-0.026, 0.0], [1.1161, 0.0], [5.399, 0.0]], [[0.2595, 0.0], [1.1161, 0.0], [1.1161, 0.0], [-0.026, 0.0], [-0.026, 0.0], [3.4003, 0.0]], [[0.2595, 0.0], [1.1161, 0.0], [0.8306, 0.0], [-0.026, 0.0], [3.1148, 0.0], [2.8293, -0.1305]], [[0.2595, 0.0], [1.1161, 0.0], [0.8306, 0.0], [-0.026, 0.0], [4.5424, 0.0], [5.9701, 0.1305]], [[0.2595, 0.0], [1.1161, 0.0], [1.1161, 0.0], [-0.026, 0.0], [3.9714, -0.1305], [3.4003, -0.1305]], [[0.2595, 0.0], [1.1161, 0.0], [1.1161, 0.0], [-0.026, 0.0], [6.8267, -0.1305], [3.9714, 0.0]]]",0.5278,0.0,0.0,0.0,0.0,0.0,0.0,True,[3],0.0,0.0,0.0,0.7441,8.0,1.1161,0.0261,1.1161,0.6878,0.558,0.7441,"[[0.259, 0.0], [1.116, 0.0], [0.831, 0.0], [-0.026, 0.0], [1.116, 0.0], [1.116, 0.0]]",ok,2.2195,1.0,1.0,1.0,1.0,1.0,1.0,0.5,0.75,0.6666666666666666,159f9a70a6d64e27a38b3b2668b5a68e,scene-0794,42
1.1161,0.026,0.545,0.6878,0.6294,0.6013,0.0,0.0,0.0,0.0,0.0,0.0,0.0,0.0,0.0,ok,straight,1.1161,0.026,1.1161,0.9733,0.7722,0.8868,False,"[-0.0, -0.0, -0.0, -0.0, -0.0, -0.1305, -0.1305, -0.0]","[-37.2247, -109.5135, -448.9803, -710.8184, -460.5225, -853.8276, -1916.7109, -17423.1329]","[3.6388, 3.6306, 3.5697, 3.5227, -1000457.9468, -1000851.2519, -1001914.1352, -1017420.5524]","[1.021, 0.658, 0.887, 0.753, 1.259, 3.781, 4.876, 2.267]","[[[0.8306, 0.0], [1.1161, 0.0], [0.8306, 0.0], [1.1161, 0.0], [1.1161, 0.0], [1.1161, 0.0]], [[0.8306, 0.0], [1.1161, 0.0], [1.1161, 0.0], [-0.026, 0.0], [-0.026, 0.0], [0.8306, 0.0]], [[0.8306, 0.0], [1.1161, 0.0], [1.1161, 0.0], [-0.026, 0.0], [1.1161, 0.0], [1.1161, 0.0]], [[0.8306, 0.0], [1.1161, 0.0], [1.1161, 0.0], [-0.026, 0.0], [1.1161, 0.0], [-0.3116, 0.0]], [[0.8306, 0.0], [1.1161, 0.0], [0.8306, 0.0], [1.1161, 0.0], [0.545, 0.0], [3.1148, 0.0]], [[0.8306, 0.0], [1.1161, 0.0], [0.8306, 0.0], [1.1161, 0.0], [5.1135, 0.0], [13.6794, -0.2611]], [[0.8306, 0.0], [1.1161, 0.0], [0.8306, 0.0], [1.1161, 0.0], [6.8267, 0.0], [18.5334, -0.2611]], [[0.8306, 0.0], [1.1161, 0.0], [1.1161, 0.0], [-0.026, 0.0], [7.9688, 0.0], [2.5437, 0.0]]]",1.4828,0.0,0.0,0.0,0.0,0.0,0.0,True,[3],0.0,0.0,0.0,0.6576,8.0,1.1161,0.026,0.8306,0.9733,0.7722,0.6576,"[[0.831, 0.0], [1.116, 0.0], [1.116, 0.0], [-0.026, 0.0], [1.116, 0.0], [1.116, 0.0]]",ok,4.8759,1.0,1.0,1.0,1.0,1.0,1.0,0.5,0.75,0.6666666666666666,8e7b267872c04c2b8a49b034ce6a9180,scene-0794,42
1.1161,0.1549,0.1785,0.6878,0.6521,0.4951,0.0,0.0,0.0,0.0,0.0,0.0,0.0,0.0,0.0,ok,straight,1.1161,0.1549,0.1785,0.8306,0.7235,0.5427,False,"[-0.0, -0.0, -0.0, -0.0, -0.1305, -0.0, -0.0653, -0.2611]","[-124.6711, -174.1429, -639.7676, -17436.1895, -36557.9623, -93360.3784, -243504.4775, -1006050.8628]","[2.197, 2.1967, 2.1954, -1017435.174, -1036556.9466, -1093359.3628, -1243503.462, -2006049.8471]","[0.543, 1.3, 0.672, 3.514, 3.801, 5.203, 13.124, 19.743]","[[[0.545, 0.0], [1.1161, 0.0], [1.1161, 0.0], [-0.026, 0.0], [-0.026, 0.0], [-0.026, 0.0]], [[1.1161, 0.0], [2.2582, 0.0], [2.8293, 0.0], [1.4016, 0.0], [-0.026, 0.0], [-0.026, 0.0]], [[0.545, 0.0], [1.1161, 0.0], [1.1161, 0.0], [-0.026, 0.0], [1.1161, 0.0], [-0.026, 0.0]], [[1.1161, 0.0], [2.2582, 0.0], [2.8293, 0.0], [1.4016, 0.0], [9.3964, -0.5222], [4.5424, 0.0]], [[0.545, 0.0], [1.1161, 0.0], [1.1161, 0.0], [-0.026, 0.0], [12.8228, 0.0], [7.3977, 0.2611]], [[1.1161, 0.0], [2.2582, 0.0], [2.8293, 0.0], [1.4016, 0.0], [5.399, 16.5798], [6.5412, 0.0]], [[1.1161, 0.0], [2.2582, 0.0], [2.8293, 0.0], [1.4016, 0.0], [1.9727, 0.0], [69.6432, -0.1305]], [[0.545, 0.0], [1.1161, 0.0], [1.1161, 0.0], [-0.026, 0.0], [69.6432, 0.1305], [46.2298, 0.5222]]]",6.4376,0.0,0.0,0.0,0.0,0.0,0.0,True,[3],0.0,0.0,0.0,0.5427,8.0,1.1161,0.1549,0.1785,0.8306,0.7235,0.5427,"[[0.545, 0.0], [1.116, 0.0], [1.116, 0.0], [-0.026, 0.0], [-0.026, 0.0], [-0.026, 0.0]]",ok,19.7433,1.0,1.0,0.0,1.0,1.0,1.0,0.5,0.75,0.5,4f497d33a81042ae992f5109f2ea072f,scene-0794,42
1.3011,4.4601,8.5103,0.8095,2.1927,3.9034,0.0,0.0,0.0,0.0,0.0,0.0,0.0,0.0,0.0,ok,straight,1.3011,4.4601,3.3716,0.8095,2.1927,2.5235,True,"[-0.0, -0.0, -0.0, -0.0, -0.0, -0.0653, -0.0, -0.0653]","[-0.013, -434.5288, -1479.2032, -3057.7069, -4116.5596, -73290.9719, -742707.6023, -1560677.0543]","[2.7634, -1000432.9012, -1001477.5817, -1003056.0854, -1004114.9381, -1073289.3504, -1742705.9747, -2560675.4267]","[3.903, 2.286, 1.334, 2.904, 2.999, 3.439, 22.243, 12.469]","[[[-0.026, 0.0], [-0.026, 0.0], [-0.026, 0.0], [-0.026, 0.0], [-0.026, 0.0], [-0.026, 0.0]], [[-0.026, 0.0], [-0.026, 0.0], [-0.026, 0.0], [-0.026, 0.0], [3.1148, 0.0], [6.5412, 0.0]], [[-0.026, 0.0], [-0.026, 0.0], [1.4016, 0.0], [3.9714, 0.0], [7.3977, 0.0], [5.1135, 0.0]], [[-0.026, 0.0], [-0.026, 0.0], [1.4016, 0.0], [3.9714, 0.0], [0.545, 0.0], [-0.026, 0.0]], [[-0.026, 0.0], [-0.026, 0.0], [1.4016, 0.0], [3.9714, 0.0], [-0.026, 0.0], [-0.026, 0.0]], [[-0.026, 0.0], [-0.026, 0.0], [1.4016, 0.0], [3.9714, 0.0], [21.1032, 4.9609], [9.9675, -0.1305]], [[-0.026, 0.0], [-0.026, 0.0], [-0.026, 0.0], [-0.026, 0.0], [69.6432, -0.1305], [69.6432, 0.0]], [[-0.026, 0.0], [-0.026, 0.0], [-0.026, 0.0], [-0.026, 0.0], [69.6432, -0.5222], [5.9701, -0.1305]]]",6.7935,0.0,0.0,0.0,0.0,0.0,0.0,False,[3],0.0,0.0,0.0,1.334,8.0,1.3011,0.4634,3.3716,0.8095,0.8367,1.334,"[[-0.026, 0.0], [-0.026, 0.0], [-0.026, 0.0], [-0.026, 0.0], [3.115, 0.0], [5.113, 0.0]]",ok,22.2435,0.0,0.0,0.0,0.0,0.0,0.0,0.0,0.0,0.0,3c55b075eee045b7918e4c12275cbdaa,scene-0794,42
3.8848,8.0796,13.9995,2.8516,5.0039,7.5826,0.0,0.0,0.0,0.0,0.0,0.0,0.0,0.0,0.0,ok,straight,3.8848,8.0796,13.0923,2.8516,5.0039,7.2447,True,"[-0.0653, -1.2402, -0.8486, -0.0653, -0.4569, -0.8486, -0.5875, -0.4569]","[-85.2063, -387.78, -882.0453, -980.2801, -1773.4108, -2138.9545, -5571.5303, -8265.8403]","[4.9031, 1.6007, -1000879.379, -1000977.6915, -1001770.8221, -1002136.3658, -1005568.8639, -1008263.174]","[7.583, 7.096, 6.463, 7.496, 7.037, 6.632, 6.512, 6.049]","[[[1.1161, 0.0], [2.2582, 0.0], [3.6858, 0.0], [5.1135, 0.0], [5.6846, 0.0], [7.3977, 0.1305]], [[1.1161, 0.0], [2.2582, 0.0], [3.4003, 0.0], [5.9701, 0.5222], [7.3977, 0.3916], [8.5399, 2.4804]], [[1.1161, 0.0], [2.2582, 0.0], [3.6858, 0.0], [5.1135, 0.0], [6.8267, 0.2611], [13.3939, 1.6971]], [[1.1161, 0.0], [2.2582, 0.0], [3.4003, 0.0], [5.9701, 0.5222], [5.6846, 0.0], [7.3977, 0.1305]], [[1.1161, 0.0], [2.2582, 0.0], [3.4003, 0.0], [5.9701, 0.5222], [5.9701, -0.2611], [9.9675, 0.9138]], [[1.1161, 0.0], [2.2582, 0.0], [3.4003, 0.0], [5.9701, 0.5222], [9.3964, -1.1749], [9.1109, 1.6971]], [[1.1161, 0.0], [2.2582, 0.0], [3.6858, 0.0], [5.1135, 0.0], [11.1096, -0.1305], [8.5399, 1.1749]], [[1.1161, 0.0], [2.2582, 0.0], [3.6858, 0.0], [5.1135, 0.0], [12.5373, 1.3055], [10.253, 0.9138]]]",0.5003,0.0,0.0,0.0,0.0,0.0,0.0,True,[3],0.0,0.0,0.0,6.0487,8.0,3.8848,8.0796,11.2622,2.8516,5.0039,6.0487,"[[1.116, 0.0], [2.258, 0.0], [3.686, 0.0], [5.113, 0.0], [6.827, 0.261], [8.54, 1.697]]",ok,7.5826,0.0,0.0,0.0,0.0,0.0,0.0,0.0,0.0,0.0,f8e8dd98088d458abb0a664330403168,scene-0795,42
4.5711,10.7845,17.1966,3.1877,6.1203,9.1023,0.0,0.0,0.0,0.0,0.0,0.0,0.0,0.0,0.0,ok,straight,3.1443,9.6704,17.1966,2.617,5.0544,8.3917,True,"[-0.1305, -0.1305, -0.9138, -0.3264, -0.3264, -0.4569, -0.1305, -1.2402]","[-296.2263, -557.9696, -1840.6374, -5487.1989, -10830.3528, -13472.6902, -19441.3395, -84694.5734]","[3.9093, 3.8956, -1001838.2201, -1005484.7779, -1010827.9356, -1013470.2692, -1019438.9223, -1084692.1524]","[9.102, 8.392, 7.143, 9.662, 9.343, 9.983, 6.064, 11.998]","[[[3.1148, 0.0], [5.9701, -0.1305], [8.5399, -0.1305], [10.5386, -0.1305], [13.9649, -0.2611], [15.3926, -0.2611]], [[2.8293, 0.0], [7.3977, -0.1305], [10.5386, -0.3916], [11.6807, 0.1305], [13.9649, -0.2611], [15.3926, -0.2611]], [[2.8293, 0.0], [7.3977, -0.1305], [10.5386, -0.3916], [11.6807, 0.1305], [16.8202, -0.3916], [19.9611, -1.8277]], [[3.1148, 0.0], [5.9701, -0.1305], [8.5399, -0.1305], [10.5386, -0.1305], [15.3926, -0.7833], [10.5386, -0.6527]], [[2.8293, 0.0], [7.3977, -0.1305], [10.5386, -0.3916], [11.6807, 0.1305], [16.2492, 0.0], [7.3977, -0.6527]], [[3.1148, 0.0], [5.9701, -0.1305], [8.5399, -0.1305], [10.5386, -0.1305], [7.1122, 1.6971], [17.1058, -0.9138]], [[2.8293, 0.0], [7.3977, -0.1305], [10.5386, -0.3916], [11.6807, 0.1305], [13.1083, 0.3916], [34.2375, -0.2611]], [[3.1148, 0.0], [5.9701, -0.1305], [8.5399, -0.1305], [10.5386, -0.1305], [13.1083, 16.5798], [7.9688, 2.4804]]]",1.6936,0.0,0.0,0.0,0.0,0.0,0.0,True,[3],0.0,0.0,0.0,6.064,8.0,3.1443,9.6704,2.3104,2.617,5.0544,6.064,"[[2.829, 0.0], [7.398, -0.131], [10.539, -0.392], [11.681, 0.131], [13.965, -0.261], [15.393, -0.261]]",ok,11.998,0.0,0.0,0.0,0.0,0.0,0.0,0.0,0.0,0.0,12494592c7614f2992bca2614f6b04e6,scene-0795,42
6.4278,13.7488,21.4638,4.8746,8.6117,12.1369,0.0,0.0,0.0,0.0,0.0,0.0,0.0,0.0,0.0,ok,straight,6.4278,13.7488,18.6116,4.8746,8.6117,11.6616,True,"[-0.0, -0.0653, -0.8486, -0.3264, -0.0, -0.0653, -0.3916, -0.0]","[-332.2143, -270.2594, -1367.3801, -9996.5534, -1132.4116, -1143.7968, -1163.3626, -2975.8641]","[5.6315, 5.4192, -1001363.1582, -1009992.3315, -2003145.9614, -2003157.3466, -2003176.9124, -2004989.4139]","[11.711, 11.851, 9.556, 12.048, 11.234, 10.805, 10.29, 11.186]","[[[3.1148, 0.0], [6.5412, 0.0], [8.5399, 0.0], [12.2517, 0.0], [15.9636, 0.2611], [21.1032, 0.0]], [[3.1148, 0.0], [6.5412, 0.0], [8.5399, 0.0], [12.2517, 0.0], [16.2492, -0.1305], [19.9611, -0.1305]], [[3.1148, 0.0], [6.5412, 0.0], [8.5399, 0.0], [12.2517, 0.0], [20.8176, -0.1305], [29.3835, 1.6971]], [[3.1148, 0.0], [6.5412, 0.0], [8.5399, 0.0], [12.2517, 0.0], [11.6807, -0.1305], [23.3874, 0.6527]], [[4.2569, -0.1305], [9.3964, -0.1305], [10.5386, 0.0], [12.5373, 0.1305], [15.6781, 0.0], [17.9623, 0.0]], [[4.2569, -0.1305], [9.3964, -0.1305], [10.5386, 0.0], [12.5373, 0.1305], [16.2492, -0.1305], [19.9611, -0.1305]], [[4.2569, -0.1305], [9.3964, -0.1305], [10.5386, 0.0], [12.5373, 0.1305], [16.8202, 0.2611], [22.5308, 0.7833]], [[4.2569, -0.1305], [9.3964, -0.1305], [10.5386, 0.0], [12.5373, 0.1305], [13.3939, -0.1305], [20.5321, 0.0]]]",0.7894,0.0,0.0,0.0,0.0,0.0,0.0,True,[3],0.0,0.0,0.0,9.5562,8.0,6.4278,13.7488,10.5474,4.8746,8.6117,9.5562,"[[3.115, 0.0], [6.541, 0.0], [8.54, 0.0], [12.252, 0.0], [16.249, -0.131], [21.103, 0.0]]",ok,12.0475,0.0,0.0,0.0,0.0,0.0,0.0,0.0,0.0,0.0,3b8e9827e2d44455b6ff48ee5982b77a,scene-0795,42
5.6336,10.7648,16.1017,4.0738,6.6299,9.2662,0.0,0.0,0.0,0.0,0.0,0.0,0.0,0.0,0.0,ok,straight,3.3501,10.7648,15.2455,2.2188,5.7025,8.5051,True,"[-0.1305, -0.1305, -0.0653, -0.718, -0.8486, -1.1097, -0.1958, -6.2011]","[-218.5417, -227.0961, -342.8155, -477.3041, -693.4216, -1520.4984, -5261.915, -6557.2957]","[3.5031, 3.4955, 3.4803, -1000475.0576, -1000691.1751, -1001518.2559, -1005259.6725, -1006555.0492]","[9.123, 8.505, 8.079, 8.641, 9.459, 9.085, 9.745, 9.306]","[[[3.6858, 0.0], [6.8267, 0.0], [11.1096, -0.1305], [14.2505, -0.1305], [18.2479, -0.1305], [22.2453, -0.2611]], [[5.1135, 0.0], [9.1109, 0.0], [11.1096, -0.1305], [14.2505, -0.1305], [18.2479, -0.1305], [22.2453, -0.2611]], [[5.1135, 0.0], [9.1109, 0.0], [11.1096, -0.1305], [14.2505, -0.1305], [18.2479, 0.0], [24.8151, -0.1305]], [[3.6858, 0.0], [6.8267, 0.0], [11.1096, -0.1305], [14.2505, -0.1305], [18.2479, 0.7833], [25.3861, 1.436]], [[3.6858, 0.0], [6.8267, 0.0], [11.1096, -0.1305], [14.2505, -0.1305], [18.5334, -0.1305], [19.9611, -1.6971]], [[5.1135, 0.0], [9.1109, 0.0], [11.1096, -0.1305], [14.2505, -0.1305], [18.8189, -1.0444], [18.2479, -2.2193]], [[5.1135, 0.0], [9.1109, 0.0], [11.1096, -0.1305], [14.2505, -0.1305], [19.1045, 0.2611], [13.9649, -0.3916]], [[3.6858, 0.0], [6.8267, 0.0], [11.1096, -0.1305], [14.2505, -0.1305], [19.1045, -0.5222], [24.8151, -12.4022]]]",0.5127,0.0,0.0,0.0,0.0,0.0,0.0,True,[3],0.0,0.0,0.0,8.0788,8.0,3.3501,10.7648,12.6833,2.2188,5.7025,8.0788,"[[5.113, 0.0], [9.111, 0.0], [11.11, -0.131], [14.25, -0.131], [18.248, -0.131], [22.245, -0.261]]",ok,9.7446,0.0,0.0,0.0,0.0,0.0,0.0,0.0,0.0,0.0,1be40a3cf7474c6293b5639a2d498b97,scene-0795,42
5.5578,10.2169,13.0681,4.4796,6.8069,8.6627,0.0,0.0,0.0,0.0,0.0,0.0,0.0,0.0,0.0,ok,straight,5.2772,10.5021,13.6383,4.1966,6.8793,8.8061,False,"[-0.0653, -0.1305, -0.1305, -0.5875, -0.3916, -0.1305, -0.1958, -1.436]","[-192.5123, -49.939, -180.1538, -490.1763, -2849.4793, -3550.6931, -4406.2612, -788312.3052]","[3.7969, 3.6876, 3.6451, -1000487.5034, -1002846.7644, -1003547.9782, -1004403.5463, -1788309.6323]","[8.573, 8.663, 8.806, 8.612, 8.376, 10.518, 8.526, 12.834]","[[[4.5424, 0.0], [8.8254, 0.0], [11.9662, -0.1305], [16.5347, -0.1305], [21.3887, -0.2611], [27.6704, 0.1305]], [[4.5424, 0.0], [8.8254, 0.0], [12.5373, -0.1305], [16.8202, -0.1305], [21.6742, -0.1305], [25.9572, -0.2611]], [[4.5424, 0.0], [8.8254, 0.0], [11.9662, -0.1305], [16.5347, -0.1305], [21.6742, -0.1305], [25.9572, -0.2611]], [[4.5424, 0.0], [8.8254, 0.0], [11.9662, -0.1305], [16.5347, -0.1305], [20.8176, -0.1305], [27.9559, -1.1749]], [[4.5424, 0.0], [8.8254, 0.0], [12.5373, -0.1305], [16.8202, -0.1305], [24.244, -0.1305], [25.1006, -0.7833]], [[4.5424, 0.0], [8.8254, 0.0], [12.5373, -0.1305], [16.8202, -0.1305], [20.8176, -0.1305], [15.6781, -0.2611]], [[4.5424, 0.0], [8.8254, 0.0], [12.5373, -0.1305], [16.8202, -0.1305], [24.5295, -0.3916], [23.9585, 0.3916]], [[4.5424, 0.0], [8.8254, 0.0], [11.9662, -0.1305], [16.5347, -0.1305], [69.6432, -0.3916], [26.5282, -2.8721]]]",1.4597,0.0,0.0,0.0,0.0,0.0,0.0,True,[3],0.0,0.0,0.0,8.3757,8.0,5.2772,10.2169,14.4755,4.1966,6.6653,8.3757,"[[4.542, 0.0], [8.825, 0.0], [11.966, -0.131], [16.535, -0.131], [21.674, -0.131], [25.957, -0.261]]",ok,12.8342,0.0,0.0,0.0,0.0,0.0,0.0,0.0,0.0,0.0,c1676a2feac74eee8aa38ca3901787d6,scene-0796,42
4.4272,8.6778,14.0377,3.3299,5.5111,7.8415,0.0,0.0,0.0,0.0,0.0,0.0,0.0,0.0,0.0,ok,straight,4.7166,7.8278,14.0377,3.7599,5.2283,7.701,True,"[-0.1305, -0.1305, -0.1958, -1.5013, -0.0, -0.2611, -0.3916, -0.4569]","[-183.751, -25.0201, -2821.134, -3176.0801, -6982.6222, -6984.5655, -8003.8584, -69942.395]","[3.5622, 3.5558, -1002818.6904, -1003173.65, -1006980.1922, -1006982.1219, -1008001.4283, -1069939.9513]","[7.701, 8.033, 8.842, 6.623, 7.798, 6.463, 7.937, 7.216]","[[[3.1148, 0.0], [7.1122, 0.0], [12.2517, -0.1305], [15.9636, 0.0], [18.5334, -0.1305], [21.6742, -0.2611]], [[3.1148, 0.0], [7.1122, 0.0], [11.1096, -0.1305], [15.107, -0.1305], [18.5334, -0.1305], [21.6742, -0.2611]], [[3.1148, 0.0], [7.1122, 0.0], [12.2517, -0.1305], [15.9636, 0.0], [14.8215, -0.2611], [18.5334, -0.3916]], [[3.1148, 0.0], [7.1122, 0.0], [11.1096, -0.1305], [15.107, -0.1305], [23.1019, -2.7415], [26.2427, -3.0026]], [[3.1148, 0.0], [7.1122, 0.0], [11.1096, -0.1305], [15.107, -0.1305], [22.5308, 0.0], [19.1045, 0.0]], [[3.1148, 0.0], [7.1122, 0.0], [12.2517, -0.1305], [15.9636, 0.0], [17.3913, -0.1305], [30.2401, -0.5222]], [[3.1148, 0.0], [7.1122, 0.0], [11.1096, -0.1305], [15.107, -0.1305], [22.5308, -0.2611], [18.2479, -0.7833]], [[3.1148, 0.0], [7.1122, 0.0], [12.2517, -0.1305], [15.9636, 0.0], [23.1019, -14.7521], [29.098, -0.9138]]]",0.7317,0.0,0.0,0.0,0.0,0.0,0.0,True,[3],0.0,0.0,0.0,6.4632,8.0,4.7166,7.8278,5.4689,3.7599,5.2283,6.4632,"[[3.115, 0.0], [7.112, 0.0], [12.252, -0.131], [15.964, 0.0], [18.533, -0.131], [21.674, -0.261]]",ok,8.8421,0.0,0.0,0.0,0.0,0.0,0.0,0.0,0.0,0.0,17723c0411434e48875a93de4db0ecba,scene-0796,42
2.5626,4.8616,5.6318,2.0373,3.1366,4.0467,0.0,0.0,0.0,0.0,0.0,0.0,0.0,0.0,0.0,ok,straight,2.5626,5.4324,5.6318,2.0373,3.2793,4.1418,False,"[-0.0653, -0.0653, -0.5875, -2.1541, -0.0653, -0.2611, -0.0653, -0.1958]","[-90.0542, -1154.723, -512.6054, -1153.8773, -2911.3342, -3783.1788, -4220.7531, -40393.9994]","[3.4781, 3.3935, -1000510.1967, -1001151.4686, -1002908.9269, -1003780.7701, -1004218.3458, -1040391.592]","[4.142, 4.237, 4.16, 3.887, 5.712, 4.432, 5.24, 4.468]","[[[4.5424, 0.0], [9.3964, 0.0], [14.2505, -0.1305], [18.2479, -0.1305], [23.3874, -0.1305], [29.6691, -0.1305]], [[4.5424, 0.0], [9.3964, 0.0], [12.8228, 0.0], [19.1045, -0.1305], [23.3874, -0.1305], [29.6691, -0.1305]], [[4.5424, 0.0], [9.3964, 0.0], [14.2505, -0.1305], [18.2479, -0.1305], [22.5308, -0.1305], [30.5257, -1.1749]], [[4.5424, 0.0], [9.3964, 0.0], [14.2505, -0.1305], [18.2479, -0.1305], [24.8151, 0.0], [31.6678, -4.3081]], [[4.5424, 0.0], [9.3964, 0.0], [12.8228, 0.0], [19.1045, -0.1305], [23.6729, -0.1305], [20.5321, -0.1305]], [[4.5424, 0.0], [9.3964, 0.0], [14.2505, -0.1305], [18.2479, -0.1305], [25.6716, 0.1305], [25.6716, 0.5222]], [[4.5424, 0.0], [9.3964, 0.0], [12.8228, 0.0], [19.1045, -0.1305], [25.1006, 0.3916], [21.9598, -0.1305]], [[4.5424, 0.0], [9.3964, 0.0], [12.8228, 0.0], [19.1045, -0.1305], [25.1006, -11.0967], [36.5218, -0.3916]]]",0.5811,0.0,0.0,0.0,0.0,0.0,0.0,True,[3],0.0,0.0,0.0,3.8866,8.0,2.5626,5.4324,5.5281,2.0373,3.2793,3.8866,"[[4.542, 0.0], [9.396, 0.0], [14.25, -0.131], [18.248, -0.131], [23.387, -0.131], [29.669, -0.131]]",ok,5.7118,0.0,0.0,0.0,0.0,0.0,0.0,0.0,0.0,0.0,61d47d1198184bfdaa6777e9448d825d,scene-0796,42
2.7184,5.3317,6.4327,2.1287,3.4456,4.5006,0.0,0.0,0.0,0.0,0.0,0.0,0.0,0.0,0.0,ok,straight,3.5748,5.9027,6.4327,2.8424,3.9452,4.8337,False,"[-0.1305, -0.1305, -0.1958, -0.1958, -0.5222, -0.7833, -0.1305, -0.1305]","[-37.1916, -146.3873, -3908.4107, -9708.59, -50206.8821, -367450.583, -662281.7754, -724472.6485]","[2.9901, 2.9892, -1003906.8406, -1009707.0199, -1050205.3115, -1367449.0128, -1662280.2048, -1724471.0779]","[4.596, 4.834, 3.835, 5.178, 4.106, 14.808, 9.139, 10.095]","[[[4.5424, 0.0], [9.3964, -0.1305], [13.9649, -0.1305], [18.2479, -0.1305], [23.3874, -0.1305], [29.6691, -0.2611]], [[3.9714, 0.0], [8.5399, -0.1305], [13.9649, -0.1305], [18.2479, -0.1305], [23.3874, -0.1305], [29.6691, -0.2611]], [[3.9714, 0.0], [8.5399, -0.1305], [13.9649, -0.1305], [18.2479, -0.1305], [27.6704, -0.3916], [31.3822, -0.3916]], [[3.9714, 0.0], [8.5399, -0.1305], [13.9649, -0.1305], [18.2479, -0.1305], [27.0993, -0.9138], [23.9585, -0.3916]], [[4.5424, 0.0], [9.3964, -0.1305], [13.9649, -0.1305], [18.2479, -0.1305], [37.0928, -0.1305], [32.8099, -1.0444]], [[3.9714, 0.0], [8.5399, -0.1305], [13.9649, -0.1305], [18.2479, -0.1305], [69.6432, 0.0], [69.6432, 1.5666]], [[4.5424, 0.0], [9.3964, -0.1305], [13.9649, -0.1305], [18.2479, -0.1305], [69.6432, 0.1305], [35.0941, -0.2611]], [[4.5424, 0.0], [9.3964, -0.1305], [13.9649, -0.1305], [18.2479, -0.1305], [69.6432, -0.3916], [29.3835, 0.2611]]]",3.6617,0.0,0.0,0.0,0.0,0.0,0.0,True,[3],0.0,0.0,0.0,3.8347,8.0,3.5748,5.9027,4.7189,2.8424,3.9452,3.8347,"[[3.971, 0.0], [8.54, -0.131], [13.965, -0.131], [18.248, -0.131], [23.387, -0.131], [29.669, -0.261]]",ok,14.8079,0.0,0.0,0.0,0.0,0.0,0.0,0.0,0.0,0.0,fa51f1910942494cbe396640010fea64,scene-0796,42
2.6063,4.1138,4.4004,1.9722,2.8802,3.2424,0.0,0.0,0.0,0.0,0.0,0.0,0.0,0.0,0.0,ok,straight,3.7484,4.1138,4.4004,2.9714,3.3798,3.5754,False,"[-0.0, -0.1305, -0.1305, -0.1958, -0.5222, -1.0444, -0.3916, -0.0653]","[-387.8005, -118.4993, -350.6062, -250.6712, -536.7156, -362.4924, -6275.2623, -32924.6405]","[3.2989, 2.9413, 2.8957, 2.7256, 1.6583, 0.0718, -1006273.3754, -1032922.7297]","[3.246, 3.242, 3.575, 2.557, 3.942, 3.907, 4.204, 8.404]","[[[3.6858, 0.0], [7.9688, -0.1305], [13.9649, -0.1305], [18.8189, -0.1305], [24.244, -0.3916], [32.2388, 0.0]], [[4.5424, 0.0], [9.1109, -0.1305], [13.9649, -0.1305], [18.8189, -0.1305], [24.8151, -0.2611], [29.6691, -0.2611]], [[3.6858, 0.0], [7.9688, -0.1305], [13.9649, -0.1305], [18.8189, -0.1305], [24.8151, -0.2611], [29.6691, -0.2611]], [[4.5424, 0.0], [9.1109, -0.1305], [13.9649, -0.1305], [18.8189, -0.1305], [25.9572, -0.1305], [32.8099, 0.3916]], [[3.6858, 0.0], [7.9688, -0.1305], [13.9649, -0.1305], [18.8189, -0.1305], [22.8163, 0.0], [29.6691, 1.0444]], [[4.5424, 0.0], [9.1109, -0.1305], [13.9649, -0.1305], [18.8189, -0.1305], [22.5308, -0.1305], [28.2414, -2.0888]], [[3.6858, 0.0], [7.9688, -0.1305], [13.9649, -0.1305], [18.8189, -0.1305], [19.9611, 0.3916], [30.8112, -0.7833]], [[4.5424, 0.0], [9.1109, -0.1305], [13.9649, -0.1305], [18.8189, -0.1305], [31.6678, 0.0], [69.6432, -0.1305]]]",1.6847,0.0,0.0,0.0,0.0,0.0,0.0,True,[3],0.0,0.0,0.0,2.5569,8.0,2.6063,4.1138,1.4274,1.9722,2.8802,2.5569,"[[3.686, 0.0], [7.969, -0.131], [13.965, -0.131], [18.819, -0.131], [24.815, -0.261], [29.669, -0.261]]",ok,8.4038,0.0,0.0,0.0,0.0,0.0,0.0,0.0,0.0,0.0,604d12ebcf784c3f945189f79262f19c,scene-0797,42
1.8111,4.2331,8.9695,1.285,2.3946,4.2351,0.0,0.0,0.0,0.0,0.0,0.0,0.0,0.0,0.0,ok,straight,1.8111,4.2331,13.2521,1.285,2.6087,5.282,False,"[-0.0653, -0.1305, -0.0653, -0.1305, -0.2611, -0.3916, -0.0653, -0.3916]","[-1202.4265, -14239.8484, -46302.3197, -661763.0777, -3033.5635, -3284.4642, -4022.6505, -128294.8008]","[-1001199.8059, -1014237.2279, -1046299.6992, -1661760.4572, -2004158.2919, -2004409.1926, -2005147.379, -2129419.5292]","[4.568, 6.33, 7.188, 12.563, 3.814, 5.016, 4.526, 8.445]","[[[4.828, 0.0], [9.682, 0.0], [15.107, -0.1305], [19.1045, -0.1305], [25.9572, -0.1305], [29.6691, -0.1305]], [[4.828, 0.0], [9.682, 0.0], [15.107, -0.1305], [19.1045, -0.1305], [22.8163, -0.1305], [43.3745, 0.2611]], [[4.828, 0.0], [9.682, 0.0], [15.107, -0.1305], [19.1045, -0.1305], [37.3784, 0.5222], [33.952, -0.1305]], [[4.828, 0.0], [9.682, 0.0], [15.107, -0.1305], [19.1045, -0.1305], [69.6432, -0.1305], [33.952, -0.2611]], [[4.828, 0.0], [9.682, 0.0], [15.6781, 0.3916], [18.2479, -0.1305], [24.5295, 0.1305], [26.8138, -0.5222]], [[4.828, 0.0], [9.682, 0.0], [15.6781, 0.3916], [18.2479, -0.1305], [25.9572, -1.0444], [32.5244, 0.7833]], [[4.828, 0.0], [9.682, 0.0], [15.6781, 0.3916], [18.2479, -0.1305], [25.9572, -0.1305], [29.6691, -0.1305]], [[4.828, 0.0], [9.682, 0.0], [15.6781, 0.3916], [18.2479, -0.1305], [19.6755, 16.5798], [-2.8813, -0.7833]]]",2.694,0.0,0.0,0.0,0.0,0.0,0.0,True,[3],0.0,0.0,0.0,3.8141,8.0,1.8111,3.3766,6.1177,1.285,2.545,3.8141,"[[4.828, 0.0], [9.682, 0.0], [15.107, -0.131], [19.104, -0.131], [25.957, -0.131], [33.952, -0.131]]",ok,12.5627,0.0,0.0,0.0,0.0,0.0,0.0,0.0,0.0,0.0,b285e88bcfe943ae9d5a398f11bff413,scene-0797,42
1.3609,3.1973,3.5469,0.9617,1.9123,2.3837,0.0,0.0,0.0,0.0,0.0,0.0,0.0,0.0,0.0,ok,straight,1.3609,3.1973,3.5469,0.9617,1.7696,2.2885,True,"[-0.0, -0.0, -0.0, -0.0, -0.0653, -0.0, -0.0]","[-35.5167, -84.0347, -151.0101, -964.9487, -2599.4319, -2763.6019, -28599.3145]","[2.6008, 2.5991, 2.5921, -1000963.2685, -1002597.755, -1002761.9249, -1028597.6343]","[2.336, 2.528, 2.289, 2.717, 2.431, 3.145, 5.62]","[[[1.1161, 0.0], [2.2582, 0.0], [3.6858, 0.0], [4.2569, 0.0], [4.5424, 0.0], [5.1135, 0.0]], [[1.1161, 0.0], [2.2582, 0.0], [3.1148, 0.0], [4.5424, 0.0], [5.1135, -0.2611], [5.9701, 0.0]], [[1.1161, 0.0], [2.2582, 0.0], [3.1148, 0.0], [4.5424, 0.0], [4.5424, 0.0], [5.1135, 0.0]], [[1.1161, 0.0], [2.2582, 0.0], [3.1148, 0.0], [4.5424, 0.0], [7.1122, 0.0], [5.1135, 0.0]], [[1.1161, 0.0], [2.2582, 0.0], [3.6858, 0.0], [4.2569, 0.0], [2.5437, 0.0], [7.6833, -0.1305]], [[1.1161, 0.0], [2.2582, 0.0], [3.6858, 0.0], [4.2569, 0.0], [8.2543, 0.0], [6.2556, 0.0]], [[1.1161, 0.0], [2.2582, 0.0], [3.1148, 0.0], [4.5424, 0.0], [3.6858, -0.1305], [25.9572, 0.0]]]",1.0993,0.0,0.0,0.0,0.0,0.0,0.0,True,[3],0.0,0.0,0.0,2.2885,7.0,1.3609,3.1973,3.5469,0.9617,1.7696,2.2885,"[[1.116, 0.0], [2.258, 0.0], [3.115, 0.0], [4.542, 0.0], [4.542, 0.0], [5.113, 0.0]]",ok,5.6202,0.0,1.0,1.0,0.0,1.0,1.0,0.0,0.5,0.6666666666666666,6434e21a18934c759cddbec6254d66d2,scene-0797,42
1.3908,3.3339,4.7628,1.1816,1.9703,2.6632,0.0,0.0,0.0,0.0,0.0,0.0,0.0,0.0,0.0,ok,straight,1.3908,3.3339,4.7628,1.1816,1.9703,2.7108,False,"[-0.0, -0.0, -0.0, -0.0, -0.0, -0.0, -0.0653, -0.0]","[-85.0361, -471.1385, -612.1793, -842.9637, -969.3783, -1431.2472, -6689.1224, -17715.532]","[3.7149, 3.6471, 3.5582, -1000840.2447, -1000966.6593, -1001428.5923, -1006686.4675, -1017712.8771]","[2.711, 2.378, 2.996, 2.045, 2.806, 2.616, 3.282, 3.853]","[[[1.1161, 0.0], [1.6871, 0.0], [2.5437, 0.0], [3.6858, 0.0], [3.9714, 0.0], [5.1135, 0.0]], [[1.1161, 0.0], [1.6871, 0.0], [2.5437, 0.0], [3.6858, 0.0], [2.8293, 0.0], [4.2569, 0.0]], [[1.1161, 0.0], [1.6871, 0.0], [3.1148, 0.0], [4.828, 0.0], [3.9714, 0.0], [5.1135, 0.0]], [[1.1161, 0.0], [1.6871, 0.0], [2.5437, 0.0], [3.6858, 0.0], [4.5424, 0.0], [0.545, 0.0]], [[1.1161, 0.0], [1.6871, 0.0], [2.5437, 0.0], [3.6858, 0.0], [5.9701, 0.0], [3.6858, 0.0]], [[1.1161, 0.0], [1.6871, 0.0], [3.1148, 0.0], [4.828, 0.0], [2.8293, 0.0], [3.9714, 0.0]], [[1.1161, 0.0], [1.6871, 0.0], [3.1148, 0.0], [4.828, 0.0], [1.9727, 0.0], [8.8254, -0.1305]], [[1.1161, 0.0], [1.6871, 0.0], [3.1148, 0.0], [4.828, 0.0], [0.8306, 0.0], [13.3939, 0.0]]]",0.5197,0.0,0.0,0.0,0.0,0.0,0.0,True,[3],0.0,0.0,0.0,2.0446,8.0,1.3908,3.3339,0.1944,1.1816,1.9703,2.0446,"[[1.116, 0.0], [1.687, 0.0], [2.544, 0.0], [3.686, 0.0], [3.971, 0.0], [5.113, 0.0]]",ok,3.8529,0.0,1.0,0.0,0.0,1.0,1.0,0.0,0.5,0.5,ea79b764adb244969b8df0897674695d,scene-0797,42
1.8853,4.2028,4.2641,1.5007,2.6396,3.255,0.0,0.0,0.0,0.0,0.0,0.0,0.0,0.0,0.0,ok,straight,1.8853,4.2028,6.2628,1.5007,2.6396,3.5882,False,"[-0.0, -0.0, -0.0653, -0.1305, -0.0, -0.0, -0.0, -0.0]","[-65.0182, -69.9754, -281.3418, -469.0745, -4661.5442, -4734.8811, -8288.7173, -22392.8277]","[4.0748, 4.0741, 2.6076, 1.1444, -1004658.8017, -1004732.1385, -1008285.9748, -1022390.0852]","[3.683, 3.16, 3.493, 4.731, 2.044, 2.235, 1.569, 2.045]","[[[1.1161, 0.0], [1.9727, 0.0], [3.6858, 0.0], [5.1135, 0.0], [6.8267, 0.0], [9.682, 0.0]], [[1.1161, 0.0], [1.9727, 0.0], [3.6858, 0.0], [5.1135, 0.0], [6.5412, 0.0], [6.8267, 0.0]], [[1.1161, 0.0], [1.9727, 0.0], [3.6858, 0.0], [5.1135, 0.0], [5.9701, 0.0], [9.3964, -0.1305]], [[1.1161, 0.0], [1.9727, 0.0], [3.6858, 0.0], [5.1135, 0.0], [9.3964, -0.1305], [13.3939, -0.2611]], [[1.1161, 0.0], [1.9727, 0.0], [0.8306, 0.0], [0.545, 0.0], [6.5412, 0.0], [6.8267, 0.0]], [[1.1161, 0.0], [1.9727, 0.0], [0.8306, 0.0], [0.545, 0.0], [6.8267, -0.1305], [7.6833, 0.0]], [[1.1161, 0.0], [1.9727, 0.0], [0.8306, 0.0], [0.545, 0.0], [6.8267, 0.0], [3.6858, 0.0]], [[1.1161, 0.0], [1.9727, 0.0], [0.8306, 0.0], [0.545, 0.0], [9.9675, 0.0], [3.4003, 0.0]]]",1.0035,0.0,0.0,0.0,0.0,0.0,0.0,True,[3],0.0,0.0,0.0,1.5686,8.0,1.8853,0.3658,0.5524,1.5007,0.9666,1.5686,"[[1.116, 0.0], [1.973, 0.0], [3.686, 0.0], [5.113, 0.0], [6.541, 0.0], [9.396, 0.0]]",ok,4.7309,0.0,1.0,1.0,0.0,1.0,1.0,0.0,0.5,0.6666666666666666,154dbc8467d64780a1acffda0193d46b,scene-0798,42
2.1543,6.24,10.808,1.6666,3.5158,5.4868,0.0,0.0,1.0,0.0,0.0,1.0,0.0,0.0,0.16666666666666666,ok,straight,2.1543,6.24,10.808,1.6666,3.5158,5.4868,False,"[-0.0653, -0.0653, -0.0653, -0.1958, -0.0, -0.0, -1.1749, -0.0]","[-79.2107, -133.5738, -166.7738, -76.0036, -398.346, -786.9227, -1297.2518, -1819.5649]","[3.6069, 3.4709, 3.4167, 3.264, -1000395.929, -1000784.5531, -1001294.8821, -1001817.1479]","[5.677, 4.631, 5.487, 5.536, 3.916, 6.676, 4.9, 5.344]","[[[1.1161, 0.0], [3.1148, 0.0], [4.5424, 0.0], [6.5412, 0.0], [8.2543, 0.0], [9.1109, -0.1305]], [[1.6871, 0.0], [3.6858, 0.0], [4.5424, 0.0], [6.5412, 0.0], [9.3964, -0.1305], [13.1083, -0.1305]], [[1.6871, 0.0], [3.6858, 0.0], [4.5424, 0.0], [6.5412, 0.0], [8.2543, 0.0], [9.1109, -0.1305]], [[1.1161, 0.0], [3.1148, 0.0], [4.5424, 0.0], [6.5412, 0.0], [8.2543, 0.0], [9.9675, -0.3916]], [[1.1161, 0.0], [3.1148, 0.0], [4.5424, 0.0], [6.5412, 0.0], [10.253, 0.0], [17.6768, 0.0]], [[1.6871, 0.0], [3.6858, 0.0], [4.5424, 0.0], [6.5412, 0.0], [5.399, 0.0], [4.828, 0.0]], [[1.6871, 0.0], [3.6858, 0.0], [4.5424, 0.0], [6.5412, 0.0], [7.6833, -0.3916], [13.6794, -2.3499]], [[1.1161, 0.0], [3.1148, 0.0], [4.5424, 0.0], [6.5412, 0.0], [10.5386, 0.1305], [8.8254, 0.0]]]",0.7619,0.0,0.0,1.0,0.0,0.0,1.0,True,[3],0.0,0.0,0.16666666666666666,3.9164,8.0,2.7253,6.24,2.2421,2.2377,3.8013,3.9164,"[[1.687, 0.0], [3.686, 0.0], [4.542, 0.0], [6.541, 0.0], [8.254, 0.0], [9.111, -0.131]]",ok,6.6761,0.0,0.0,0.0,0.0,0.0,0.0,0.0,0.0,0.0,c9627fc5be4e465f95dc19a358dc53c2,scene-0798,42
2.2123,5.1126,6.7278,1.7279,3.1486,4.322,0.0,0.0,0.0,0.0,0.0,0.0,0.0,0.0,0.0,ok,straight,2.2123,7.3915,6.7278,1.7279,3.9335,4.8452,False,"[-0.0653, -0.2611, -0.0653, -0.1958, -0.0653, -0.0653, -2.1541, -0.0]","[-30.0333, -619.2891, -1030.7756, -1384.2563, -1648.3248, -13707.4164, -50860.6412, -93635.3991]","[4.6147, -1000615.6326, -1001027.1191, -1001380.7056, -1001644.7741, -1013703.76, -1050856.9847, -1093631.8484]","[4.274, 6.897, 4.845, 3.129, 4.616, 3.758, 10.38, 8.031]","[[[3.1148, 0.0], [6.5412, 0.0], [9.3964, 0.0], [12.2517, 0.1305], [15.3926, 0.1305], [19.39, 0.1305]], [[3.1148, 0.0], [6.5412, 0.0], [8.2543, 0.1305], [9.9675, 0.0], [11.9662, 0.6527], [10.5386, 0.5222]], [[3.1148, 0.0], [6.5412, 0.0], [8.2543, 0.1305], [9.9675, 0.0], [15.3926, 0.1305], [19.39, 0.1305]], [[3.1148, 0.0], [6.5412, 0.0], [9.3964, 0.0], [12.2517, 0.1305], [16.5347, -0.1305], [27.0993, -0.3916]], [[3.1148, 0.0], [6.5412, 0.0], [9.3964, 0.0], [12.2517, 0.1305], [16.8202, 0.6527], [15.9636, -0.1305]], [[3.1148, 0.0], [6.5412, 0.0], [8.2543, 0.1305], [9.9675, 0.0], [20.8176, 0.7833], [20.8176, -0.1305]], [[3.1148, 0.0], [6.5412, 0.0], [8.2543, 0.1305], [9.9675, 0.0], [24.8151, -0.2611], [69.6432, -4.3081]], [[3.1148, 0.0], [6.5412, 0.0], [9.3964, 0.0], [12.2517, 0.1305], [-2.8813, -0.1305], [15.107, 0.0]]]",2.3206,0.0,0.0,0.0,0.0,0.0,0.0,False,[3],0.0,0.0,0.0,3.1286,8.0,2.2123,5.1126,1.0024,1.7279,3.0772,3.1286,"[[3.115, 0.0], [6.541, 0.0], [8.254, 0.131], [9.968, 0.0], [15.393, 0.131], [19.39, 0.131]]",ok,10.38,0.0,0.0,1.0,0.0,0.0,1.0,0.0,0.0,0.16666666666666666,eda45e041045428a90be43f94abbcbda,scene-0798,42
5.7081,11.8937,17.0142,4.2224,7.2396,10.032,0.0,1.0,1.0,0.0,1.0,1.0,0.0,0.25,0.5,ok,straight,5.1372,12.1792,17.0142,3.7942,7.0968,9.9368,True,"[-0.0, -0.0653, -0.0653, -0.1958, -0.4569, -1.3055, -0.0, -0.0653]","[-34.0958, -171.5966, -190.4493, -328.704, -104.6365, -404.4998, -3009.4283, -3928.5679]","[3.9053, 3.6526, 3.6396, 3.2294, 2.7579, 0.509, -1003006.8579, -1003925.9976]","[10.318, 9.937, 10.08, 8.89, 9.701, 9.586, 10.509, 8.511]","[[[2.2582, 0.0], [4.2569, 0.0], [5.399, 0.0], [6.5412, 0.0], [7.6833, 0.0], [9.682, 0.0]], [[2.2582, 0.0], [4.2569, 0.0], [5.399, 0.0], [6.5412, 0.0], [9.1109, -0.1305], [10.5386, -0.1305]], [[1.9727, 0.0], [3.6858, 0.0], [5.399, 0.0], [6.5412, 0.0], [9.1109, -0.1305], [10.5386, -0.1305]], [[2.2582, 0.0], [4.2569, 0.0], [5.399, 0.0], [6.5412, 0.0], [10.5386, 0.0], [15.3926, -0.3916]], [[1.9727, 0.0], [3.6858, 0.0], [5.399, 0.0], [6.5412, 0.0], [9.1109, 0.0], [12.8228, -0.9138]], [[1.9727, 0.0], [3.6858, 0.0], [5.399, 0.0], [6.5412, 0.0], [9.682, 0.0], [13.1083, -2.611]], [[1.9727, 0.0], [3.6858, 0.0], [5.399, 0.0], [6.5412, 0.0], [5.399, 0.0], [11.6807, 0.0]], [[2.2582, 0.0], [4.2569, 0.0], [5.399, 0.0], [6.5412, 0.0], [13.3939, -0.1305], [14.8215, 0.1305]]]",0.6441,0.0,1.0,1.0,0.0,1.0,1.0,True,[3],0.0,0.25,0.5,8.5105,8.0,5.1372,12.1792,12.7388,3.7942,7.0968,8.5105,"[[2.258, 0.0], [4.257, 0.0], [5.399, 0.0], [6.541, 0.0], [9.111, -0.131], [10.539, -0.131]]",ok,10.5085,0.0,0.0,1.0,0.0,0.0,1.0,0.0,0.0,0.3333333333333333,ea69963e431145e383f0c05cd30116c7,scene-0798,42
3.1942,4.91,5.5535,2.6324,3.4185,4.2433,0.0,0.0,0.0,0.0,0.0,0.0,0.0,0.0,0.0,ok,straight,3.1942,4.91,8.4082,2.6324,3.4185,4.8618,False,"[-0.0653, -0.0653, -0.2611, -0.1958, -0.1305, -0.9791, -0.1305, -0.6527]","[-124.5291, -581.8822, -142.49, -374.9317, -1964.6651, -4505.3786, -10694.3323, -112994.635]","[3.4841, 3.2662, 2.8503, 2.8496, -1001962.4173, -1004503.3362, -1010692.2899, -1112992.3872]","[4.862, 5.102, 4.821, 4.058, 4.671, 5.325, 4.151, 9.775]","[[[3.6858, 0.0], [7.3977, 0.0], [11.9662, -0.1305], [15.3926, -0.1305], [18.2479, -0.1305], [21.9598, -0.1305]], [[3.1148, -0.1305], [6.2556, 0.0], [11.6807, 0.0], [15.9636, 0.1305], [18.2479, -0.1305], [21.9598, -0.1305]], [[3.6858, 0.0], [7.3977, 0.0], [11.9662, -0.1305], [15.3926, -0.1305], [18.2479, 0.0], [22.2453, 0.5222]], [[3.1148, -0.1305], [6.2556, 0.0], [11.6807, 0.0], [15.9636, 0.1305], [20.5321, 0.1305], [25.9572, -0.3916]], [[3.6858, 0.0], [7.3977, 0.0], [11.9662, -0.1305], [15.3926, -0.1305], [20.8176, -0.1305], [20.5321, -0.2611]], [[3.1148, -0.1305], [6.2556, 0.0], [11.6807, 0.0], [15.9636, 0.1305], [15.9636, 0.0], [23.1019, -1.9582]], [[3.1148, -0.1305], [6.2556, 0.0], [11.6807, 0.0], [15.9636, 0.1305], [16.2492, 0.0], [29.6691, -0.2611]], [[3.6858, 0.0], [7.3977, 0.0], [11.9662, -0.1305], [15.3926, -0.1305], [19.6755, -0.7833], [69.6432, -1.3055]]]",1.7222,0.0,0.0,0.0,0.0,0.0,0.0,True,[3],0.0,0.0,0.0,4.0578,8.0,4.3359,4.3516,4.4113,3.4891,3.7794,4.0578,"[[3.686, 0.0], [7.398, 0.0], [11.966, -0.131], [15.393, -0.131], [18.248, -0.131], [21.96, -0.131]]",ok,9.775,0.0,0.0,1.0,0.0,0.0,1.0,0.0,0.0,0.16666666666666666,2eef1a0ab4484a1faa73e7c2a048149e,scene-0799,42
1.8682,3.3312,4.0466,1.3867,2.1659,2.9806,0.0,0.0,0.0,0.0,0.0,0.0,0.0,0.0,0.0,ok,straight,1.8682,3.3344,3.4762,1.3867,2.381,3.029,False,"[-0.0653, -0.0653, -0.1305, -0.0653, -0.5222, -0.3264, -0.0, -0.2611]","[-1019.9812, -1100.3745, -1327.166, -10864.067, -28051.5288, -42415.454, -101101.7841, -776181.1701]","[-1001016.4693, -1001096.9829, -1001323.6541, -1010860.6754, -1028048.017, -1042411.9422, -1101098.3925, -1776177.7785]","[3.029, 2.743, 2.68, 2.731, 4.046, 3.875, 4.736, 10.013]","[[[4.5424, 0.0], [9.1109, 0.0], [13.1083, 0.0], [18.8189, 0.0], [22.5308, -0.1305], [29.6691, -0.1305]], [[3.9714, 0.0], [9.9675, 0.0], [14.2505, -0.1305], [19.1045, 0.0], [22.5308, -0.1305], [29.6691, -0.1305]], [[4.5424, 0.0], [9.1109, 0.0], [13.1083, 0.0], [18.8189, 0.0], [25.1006, -0.2611], [37.0928, -0.2611]], [[3.9714, 0.0], [9.9675, 0.0], [14.2505, -0.1305], [19.1045, 0.0], [19.9611, 0.0], [33.952, -0.1305]], [[4.5424, 0.0], [9.1109, 0.0], [13.1083, 0.0], [18.8189, 0.0], [15.3926, -0.1305], [30.8112, -1.0444]], [[4.5424, 0.0], [9.1109, 0.0], [13.1083, 0.0], [18.8189, 0.0], [34.8086, -0.1305], [26.5282, -0.6527]], [[3.9714, 0.0], [9.9675, 0.0], [14.2505, -0.1305], [19.1045, 0.0], [40.2337, 0.6527], [25.1006, 0.0]], [[3.9714, 0.0], [9.9675, 0.0], [14.2505, -0.1305], [19.1045, 0.0], [69.6432, -0.2611], [22.8163, -0.5222]]]",2.2956,0.0,0.0,0.0,0.0,0.0,0.0,False,[3],0.0,0.0,0.0,2.68,8.0,1.8682,3.3344,3.9528,1.3867,2.381,2.68,"[[4.542, 0.0], [9.111, 0.0], [13.108, 0.0], [18.819, 0.0], [22.531, -0.131], [29.669, -0.131]]",ok,10.0128,0.0,0.0,0.0,0.0,0.0,0.0,0.0,0.0,0.0,aab42793af6b4563a8ef228423189163,scene-0799,42
5.2553,9.6615,14.7308,3.6926,5.9349,8.2611,0.0,0.0,1.0,0.0,0.0,1.0,0.0,0.0,0.16666666666666666,ok,straight,5.2553,9.6615,14.4452,3.6926,5.8635,8.1659,True,"[-0.0653, -0.0653, -0.1958, -0.0, -0.0653, -0.0653, -0.1305, -0.1305]","[-518.8844, -558.6614, -526.5423, -1713.6753, -2074.1517, -2254.6899, -3936.8944, -233727.6158]","[3.4301, 1.2756, -1.0578, -1001713.2295, -1002071.5519, -1002252.0902, -1003936.4486, -1233725.0161]","[8.071, 8.166, 8.88, 6.739, 7.501, 10.403, 6.263, 8.513]","[[[2.8293, 0.0], [4.5424, 0.0], [6.8267, -0.1305], [11.1096, 0.0], [13.1083, -0.1305], [14.536, -0.1305]], [[2.8293, 0.0], [4.5424, 0.0], [7.6833, 0.0], [9.682, -0.1305], [13.1083, -0.1305], [14.536, -0.1305]], [[2.8293, 0.0], [4.5424, 0.0], [7.6833, 0.0], [9.682, -0.1305], [10.253, 0.0], [13.1083, -0.3916]], [[2.8293, 0.0], [4.5424, 0.0], [7.6833, 0.0], [9.682, -0.1305], [15.9636, -0.1305], [20.2466, 0.0]], [[2.8293, 0.0], [4.5424, 0.0], [6.8267, -0.1305], [11.1096, 0.0], [16.2492, 0.1305], [14.8215, -0.1305]], [[2.8293, 0.0], [4.5424, 0.0], [6.8267, -0.1305], [11.1096, 0.0], [9.9675, -0.2611], [3.6858, -0.1305]], [[2.8293, 0.0], [4.5424, 0.0], [7.6833, 0.0], [9.682, -0.1305], [17.6768, 0.0], [21.3887, -0.2611]], [[2.8293, 0.0], [4.5424, 0.0], [6.8267, -0.1305], [11.1096, 0.0], [41.3758, 0.0], [17.9623, -0.2611]]]",1.2075,0.0,0.0,1.0,0.0,0.0,1.0,True,[3],0.0,0.0,0.16666666666666666,6.2628,8.0,5.2553,9.6615,7.592,3.6926,5.8635,6.2628,"[[2.829, 0.0], [4.542, 0.0], [7.683, 0.0], [9.682, -0.131], [13.108, -0.131], [14.536, -0.131]]",ok,10.4026,0.0,0.0,1.0,0.0,0.0,1.0,0.0,0.0,0.16666666666666666,fea20913dc8749788096a7c41b087d59,scene-0799,42
4.0345,8.0367,13.0569,2.9905,4.7136,6.6425,0.0,0.0,0.0,0.0,0.0,0.0,0.0,0.0,0.0,ok,straight,4.0345,8.0433,11.6593,2.9905,4.7166,6.407,True,"[-0.5222, -0.718, -1.1749, -0.5222, -0.3264, -0.0, -0.3916, -0.3264]","[-1138.3523, -1146.6783, -5552.3205, -6827.232, -13139.7809, -22406.5873, -57925.5448, -69810.7973]","[3.332, -1001144.1122, -1005549.1877, -1006824.0992, -1013137.2148, -1022403.4545, -1057922.9787, -1069807.6645]","[6.401, 7.121, 6.764, 7.068, 5.822, 10.208, 6.674, 7.082]","[[[2.5437, 0.0], [5.1135, -0.1305], [8.5399, -0.3916], [10.5386, -0.6527], [15.3926, -0.9138], [17.3913, -1.0444]], [[2.5437, 0.0], [5.1135, -0.1305], [8.5399, -0.3916], [10.5386, -0.6527], [13.6794, -2.7415], [15.107, -1.436]], [[2.5437, 0.0], [5.1135, -0.1305], [7.3977, -0.6527], [7.6833, -0.1305], [15.3926, -0.1305], [19.39, -2.3499]], [[2.5437, 0.0], [5.1135, -0.1305], [7.3977, -0.6527], [7.6833, -0.1305], [15.3926, -0.9138], [17.3913, -1.0444]], [[2.5437, 0.0], [5.1135, -0.1305], [8.5399, -0.3916], [10.5386, -0.6527], [19.6755, 0.0], [16.5347, -0.6527]], [[2.5437, 0.0], [5.1135, -0.1305], [7.3977, -0.6527], [7.6833, -0.1305], [13.3939, -1.3055], [0.545, 0.0]], [[2.5437, 0.0], [5.1135, -0.1305], [8.5399, -0.3916], [10.5386, -0.6527], [23.9585, -1.3055], [9.1109, -0.7833]], [[2.5437, 0.0], [5.1135, -0.1305], [7.3977, -0.6527], [7.6833, -0.1305], [23.1019, -0.7833], [9.9675, -0.6527]]]",1.228,0.0,0.0,0.0,0.0,0.0,0.0,True,[3],0.0,0.0,0.0,5.8217,8.0,4.0345,8.0433,12.4568,2.9905,4.7166,5.8217,"[[2.544, 0.0], [5.113, -0.131], [8.54, -0.392], [10.539, -0.653], [15.393, -0.914], [17.391, -1.436]]",ok,10.2079,0.0,0.0,0.0,0.0,0.0,0.0,0.0,0.0,0.0,e443b4ca9e474278b7147c4daaf67eca,scene-0799,42
6.3963,13.0321,22.5097,4.7212,7.9706,11.8963,0.0,0.0,0.0,0.0,0.0,0.0,0.0,0.0,0.0,ok,straight,6.3963,13.0321,19.6559,4.7212,7.9706,11.4207,True,"[-0.0, -0.1305, -0.4569, -0.0, -0.1958, -0.0653, -0.1305, -0.3264]","[-64.1788, -90.9763, -513.5382, -1083.4658, -1673.1689, -3641.3107, -7000.3665, -7904.261]","[4.4664, 3.5844, -1000511.0785, -1001081.0329, -1001670.7092, -1003638.8778, -1006997.9336, -1007901.8281]","[11.896, 11.421, 10.901, 11.754, 11.231, 11.23, 11.326, 10.994]","[[[1.9727, 0.0], [3.6858, 0.0], [5.9701, 0.0], [7.6833, 0.0], [9.1109, 0.0], [9.1109, 0.0]], [[1.9727, 0.0], [3.6858, 0.0], [5.9701, 0.0], [7.6833, 0.0], [9.1109, 0.1305], [11.9662, 0.2611]], [[1.9727, 0.0], [3.6858, 0.0], [5.9701, 0.0], [7.6833, 0.0], [9.3964, 0.1305], [14.8215, 0.9138]], [[1.9727, 0.0], [3.6858, 0.0], [5.399, 0.0], [9.1109, -0.1305], [9.1109, 0.0], [9.1109, 0.0]], [[1.9727, 0.0], [3.6858, 0.0], [5.9701, 0.0], [7.6833, 0.0], [11.6807, 0.0], [10.5386, 0.3916]], [[1.9727, 0.0], [3.6858, 0.0], [5.399, 0.0], [9.1109, -0.1305], [8.2543, -0.1305], [13.1083, 0.1305]], [[1.9727, 0.0], [3.6858, 0.0], [5.399, 0.0], [9.1109, -0.1305], [7.1122, -0.1305], [13.6794, -0.2611]], [[1.9727, 0.0], [3.6858, 0.0], [5.399, 0.0], [9.1109, -0.1305], [7.3977, 0.0], [15.3926, 0.6527]]]",0.3208,0.0,0.0,0.0,0.0,0.0,0.0,True,[3],0.0,0.0,0.0,10.901,8.0,6.3963,13.0321,16.823,4.7212,7.9706,10.901,"[[1.973, 0.0], [3.686, 0.0], [5.97, 0.0], [7.683, 0.0], [9.111, 0.131], [11.966, 0.261]]",ok,11.8963,0.0,0.0,0.0,0.0,0.0,0.0,0.0,0.0,0.0,94cd383effba4e688570233a060a13f4,scene-0800,42
2.4371,5.1722,8.3743,1.8361,3.1957,4.6838,0.0,0.0,0.0,0.0,0.0,0.0,0.0,0.0,0.0,ok,straight,2.4371,5.1722,8.3743,1.8361,3.1957,4.6362,True,"[-0.0653, -0.1305, -0.0653, -0.1958, -0.1305, -0.0653, -0.1305, -0.3264]","[-14.8817, -556.8664, -1971.7652, -2024.412, -2266.7557, -6643.5161, -28727.8358, -873044.7408]","[4.2617, -1000553.8903, -1001969.7395, -1002021.4359, -1002264.73, -1006641.4904, -1028725.81, -1873041.7647]","[4.636, 4.45, 5.634, 3.169, 5.988, 5.825, 5.67, 11.412]","[[[4.2569, 0.0], [8.5399, 0.0], [12.5373, 0.0], [16.8202, -0.1305], [20.8176, -0.1305], [24.5295, -0.1305]], [[4.2569, 0.0], [8.5399, 0.0], [12.5373, 0.0], [16.8202, -0.1305], [22.2453, 0.1305], [24.244, 0.2611]], [[4.2569, 0.0], [8.5399, 0.0], [10.5386, -0.2611], [11.6807, -0.3916], [17.3913, -0.1305], [29.098, -0.1305]], [[4.2569, 0.0], [8.5399, 0.0], [12.5373, 0.0], [16.8202, -0.1305], [25.1006, -0.3916], [29.098, 0.3916]], [[4.2569, 0.0], [8.5399, 0.0], [10.5386, -0.2611], [11.6807, -0.3916], [17.6768, 1.3055], [26.8138, -0.2611]], [[4.2569, 0.0], [8.5399, 0.0], [10.5386, -0.2611], [11.6807, -0.3916], [20.8176, -0.1305], [24.5295, -0.1305]], [[4.2569, 0.0], [8.5399, 0.0], [10.5386, -0.2611], [11.6807, -0.3916], [24.8151, 2.3499], [22.5308, -0.2611]], [[4.2569, 0.0], [8.5399, 0.0], [12.5373, 0.0], [16.8202, -0.1305], [69.6432, 0.0], [19.39, -0.6527]]]",2.2818,0.0,0.0,0.0,0.0,0.0,0.0,True,[3],0.0,0.0,0.0,3.1689,8.0,2.4371,5.1722,3.8518,1.8361,3.1957,3.1689,"[[4.257, 0.0], [8.54, 0.0], [12.537, 0.0], [16.82, -0.131], [20.818, -0.131], [24.53, -0.131]]",ok,11.4118,0.0,0.0,0.0,0.0,0.0,0.0,0.0,0.0,0.0,3c260dca3274465eaf38dd6c0a7d7872,scene-0800,42
4.3124,7.9978,10.0728,3.0451,5.0344,6.4755,0.0,0.0,0.0,0.0,0.0,0.0,0.0,0.0,0.0,ok,left,4.5972,7.4367,9.1612,3.6157,5.1794,6.4203,True,"[0.7833, 0.0, 0.718, -0.0653, 0.0, -0.6527, 0.0, 0.5875]","[-353.1195, -5.8247, -874.614, -2218.2123, -3273.0283, -8674.571, -9142.7382, -10267.0138]","[3.0004, 1.3722, -1000873.9476, -1002217.5458, -1003272.3653, -1008673.908, -1009142.0752, -1010266.3509]","[6.2, 6.482, 6.937, 6.364, 5.881, 5.809, 6.536, 6.54]","[[[2.8293, 0.0], [6.2556, 0.0], [9.9675, 0.0], [13.6794, 0.0], [18.5334, -0.2611], [21.6742, 1.5666]], [[2.8293, 0.0], [6.2556, 0.0], [9.9675, 0.0], [13.6794, 0.0], [17.3913, 0.0], [21.3887, 0.0]], [[2.8293, 0.0], [6.2556, 0.0], [9.9675, 0.0], [13.6794, 0.0], [17.3913, 1.9582], [17.9623, 1.436]], [[2.8293, 0.0], [6.2556, 0.0], [9.9675, 0.0], [13.6794, 0.0], [19.6755, 0.6527], [19.6755, -0.1305]], [[2.8293, 0.0], [6.2556, 0.0], [10.5386, 0.0], [16.8202, 0.0], [17.3913, 0.0], [21.3887, 0.0]], [[2.8293, 0.0], [6.2556, 0.0], [10.5386, 0.0], [16.8202, 0.0], [16.5347, 2.2193], [23.1019, -1.3055]], [[2.8293, 0.0], [6.2556, 0.0], [10.5386, 0.0], [16.8202, 0.0], [14.8215, 1.5666], [19.6755, 0.0]], [[2.8293, 0.0], [6.2556, 0.0], [10.5386, 0.0], [16.8202, 0.0], [14.8215, 3.0026], [19.39, 1.1749]]]",0.3477,0.0,0.0,0.0,0.0,0.0,0.0,True,[3],0.0,0.0,0.0,5.8092,8.0,4.5972,4.3969,8.5332,3.6157,4.278,5.8092,"[[2.829, 0.0], [6.256, 0.0], [9.968, 0.0], [13.679, 0.0], [17.391, 0.0], [21.389, 1.436]]",ok,6.9365,0.0,0.0,0.0,0.0,0.0,0.0,0.0,0.0,0.0,62c4690878a04a909a6c48a4e2c22d42,scene-0800,42
1.4019,2.0337,3.3441,0.9405,1.3172,2.0145,0.0,0.0,0.0,0.0,0.0,0.0,0.0,0.0,0.0,ok,left,0.546,1.1805,3.3441,0.3191,0.7933,1.6651,True,"[0.8486, 0.8486, -0.1305, 1.7624, 8.2899, 8.2899, 8.2899, 0.3916]","[-718.4467, -791.8353, -802.5601, -5935.5361, -13836.9571, -36197.1238, -44311.1506, -72797.4235]","[1.9228, 1.9174, -1000800.7523, -1005933.7259, -1013835.1469, -1036195.316, -1044309.3429, -1072795.6134]","[1.872, 1.665, 1.218, 1.944, 3.681, 5.494, 5.947, 4.508]","[[[4.5424, 0.0], [8.8254, 0.1305], [13.9649, 0.2611], [19.1045, 0.7833], [21.6742, 0.7833], [26.5282, 1.6971]], [[5.1135, 0.0], [9.682, 0.1305], [13.9649, 0.2611], [19.1045, 0.7833], [21.6742, 0.7833], [26.5282, 1.6971]], [[5.1135, 0.0], [9.682, 0.1305], [13.9649, 0.2611], [19.1045, 0.7833], [23.3874, 1.9582], [29.6691, -0.2611]], [[4.5424, 0.0], [8.8254, 0.1305], [13.9649, 0.2611], [19.1045, 0.7833], [22.2453, -0.9138], [33.0954, 3.5248]], [[4.5424, 0.0], [8.8254, 0.1305], [13.9649, 0.2611], [19.1045, 0.7833], [21.9598, 1.3055], [31.3822, 16.5798]], [[5.1135, 0.0], [9.682, 0.1305], [13.9649, 0.2611], [19.1045, 0.7833], [22.5308, 16.5798], [30.2401, 16.5798]], [[5.1135, 0.0], [9.682, 0.1305], [13.9649, 0.2611], [19.1045, 0.7833], [26.2427, 16.5798], [20.2466, 16.5798]], [[4.5424, 0.0], [8.8254, 0.1305], [13.9649, 0.2611], [19.1045, 0.7833], [24.5295, -13.7077], [22.5308, 0.7833]]]",1.743,0.0,0.0,0.0,0.0,0.0,0.0,True,[3],0.0,0.0,0.0,1.2184,8.0,0.546,1.1805,2.3798,0.3191,0.7933,1.2184,"[[5.113, 0.0], [9.682, 0.131], [13.965, 0.261], [19.104, 0.783], [21.674, 0.783], [26.528, 1.697]]",ok,5.9471,0.0,0.0,0.0,0.0,0.0,0.0,0.0,0.0,0.0,f5be8cc937e74e84b8d73e2074658382,scene-0800,42
1.7868,2.2917,1.7806,1.2018,1.7876,1.9238,0.0,0.0,0.0,0.0,0.0,0.0,0.0,0.0,0.0,ok,straight,0.9314,2.2917,1.7806,1.0147,1.694,1.8614,True,"[-0.0653, -0.0653, -0.1305, -0.5222, -0.5222, -0.3916, -0.3264, -0.2611]","[-111.699, -374.0131, -912.2217, -72.326, -6065.2629, -625302.8921, -631264.0195, -676618.7165]","[4.3032, 4.1108, 3.7373, 1.7007, -1006063.1843, -1625300.622, -1631261.7494, -1676616.6379]","[1.924, 1.861, 1.62, 2.262, 2.688, 8.292, 8.382, 9.042]","[[[5.1135, 0.0], [10.253, 0.0], [15.107, -0.1305], [20.8176, -0.1305], [25.9572, -0.1305], [32.2388, -0.1305]], [[6.8267, 0.0], [11.1096, 0.0], [15.107, -0.1305], [20.8176, -0.1305], [25.9572, -0.1305], [32.2388, -0.1305]], [[6.8267, 0.0], [11.1096, 0.0], [15.107, -0.1305], [20.8176, -0.1305], [29.3835, 0.5222], [35.6652, 0.2611]], [[5.1135, 0.0], [10.253, 0.0], [15.107, -0.1305], [20.8176, -0.1305], [25.9572, -0.2611], [30.2401, -1.0444]], [[6.8267, 0.0], [11.1096, 0.0], [15.107, -0.1305], [20.8176, -0.1305], [21.9598, -0.1305], [31.6678, 1.0444]], [[5.1135, 0.0], [10.253, 0.0], [15.107, -0.1305], [20.8176, -0.1305], [69.6432, -0.6527], [32.5244, -0.7833]], [[5.1135, 0.0], [10.253, 0.0], [15.107, -0.1305], [20.8176, -0.1305], [69.6432, -0.2611], [31.9533, -0.6527]], [[6.8267, 0.0], [11.1096, 0.0], [15.107, -0.1305], [20.8176, -0.1305], [69.6432, -0.5222], [27.6704, 0.5222]]]",3.1675,0.0,0.0,0.0,0.0,0.0,0.0,True,[3],0.0,0.0,0.0,1.6202,8.0,0.9314,2.2917,1.7935,1.0147,1.694,1.6202,"[[6.827, 0.0], [11.11, 0.0], [15.107, -0.131], [20.818, -0.131], [25.957, -0.131], [32.239, -0.131]]",ok,9.0419,0.0,0.0,1.0,0.0,0.0,1.0,0.0,0.0,0.3333333333333333,63e3bc947eed4823b00e1beadecd3be3,scene-0802,42
3.9556,8.3733,12.6832,3.0288,5.3092,7.5927,0.0,0.0,0.0,0.0,0.0,0.0,0.0,0.0,0.0,ok,straight,3.9556,9.2299,12.6832,3.0288,5.5233,7.5451,True,"[-0.0653, -0.0653, -0.2611, -0.1305, -0.1305, -0.0653, -0.0, -0.0653]","[-438.0238, -1340.2687, -1929.1779, -3519.9703, -4348.3054, -20569.0985, -24767.2821, -182689.3311]","[3.1271, -1001338.1498, -1001927.0035, -1003517.7959, -1004346.1866, -1020566.9796, -1024765.1633, -1182687.1567]","[7.545, 7.165, 9.26, 7.926, 7.88, 4.772, 10.474, 12.502]","[[[3.1148, 0.0], [6.5412, 0.0], [9.1109, -0.1305], [11.1096, -0.1305], [15.3926, -0.1305], [18.2479, -0.1305]], [[3.1148, 0.0], [6.5412, 0.0], [8.8254, -0.1305], [13.6794, 0.1305], [15.3926, -0.1305], [18.2479, -0.1305]], [[3.1148, 0.0], [6.5412, 0.0], [9.1109, -0.1305], [11.1096, -0.1305], [13.6794, -0.1305], [9.682, 0.5222]], [[3.1148, 0.0], [6.5412, 0.0], [9.1109, -0.1305], [11.1096, -0.1305], [11.3952, 0.0], [19.9611, -0.2611]], [[3.1148, 0.0], [6.5412, 0.0], [8.8254, -0.1305], [13.6794, 0.1305], [12.8228, -0.1305], [16.5347, 0.2611]], [[3.1148, 0.0], [6.5412, 0.0], [8.8254, -0.1305], [13.6794, 0.1305], [26.5282, 0.1305], [22.8163, -0.1305]], [[3.1148, 0.0], [6.5412, 0.0], [8.8254, -0.1305], [13.6794, 0.1305], [14.8215, -6.2664], [0.545, 0.0]], [[3.1148, 0.0], [6.5412, 0.0], [9.1109, -0.1305], [11.1096, -0.1305], [11.6807, -0.2611], [69.6432, -0.1305]]]",2.1726,0.0,0.0,0.0,0.0,0.0,0.0,True,[3],0.0,0.0,0.0,4.7722,8.0,3.9556,6.6665,8.1148,3.0288,4.9538,4.7722,"[[3.115, 0.0], [6.541, 0.0], [9.111, -0.131], [11.11, -0.131], [15.393, -0.131], [18.248, -0.131]]",ok,12.502,0.0,0.0,0.0,0.0,0.0,0.0,0.0,0.0,0.0,1d944d3936de4206be42d584a884635f,scene-0802,42
1.9095,3.63,3.6753,1.3471,2.2687,2.8317,0.0,0.0,0.0,0.0,0.0,0.0,0.0,0.0,0.0,ok,straight,1.9095,3.915,3.6753,1.3471,2.2824,2.8409,False,"[-0.0653, -0.0653, -0.0653, -0.4569, -0.2611, -0.0653, -0.3264, -0.1958]","[-24.8236, -278.5255, -796.3293, -3124.575, -3855.1352, -4864.2409, -6273.9792, -11051.3911]","[3.77, 3.6961, 3.5466, -1003122.7636, -1003853.3238, -1004862.4301, -1006272.1684, -1011049.5797]","[2.832, 2.841, 2.711, 2.385, 2.308, 3.646, 3.945, 2.521]","[[[4.828, 0.0], [9.3964, 0.0], [14.2505, -0.1305], [19.1045, -0.1305], [24.8151, -0.1305], [31.0967, -0.1305]], [[4.828, 0.0], [9.3964, 0.0], [14.536, -0.5222], [18.8189, -0.1305], [24.8151, -0.1305], [31.0967, -0.1305]], [[4.828, 0.0], [9.3964, 0.0], [14.536, -0.5222], [18.8189, -0.1305], [25.6716, -0.6527], [31.0967, 0.1305]], [[4.828, 0.0], [9.3964, 0.0], [14.2505, -0.1305], [19.1045, -0.1305], [27.9559, -0.3916], [30.8112, 0.9138]], [[4.828, 0.0], [9.3964, 0.0], [14.2505, -0.1305], [19.1045, -0.1305], [30.5257, 0.0], [37.9494, -0.5222]], [[4.828, 0.0], [9.3964, 0.0], [14.536, -0.5222], [18.8189, -0.1305], [20.2466, -0.1305], [30.8112, 0.1305]], [[4.828, 0.0], [9.3964, 0.0], [14.536, -0.5222], [18.8189, -0.1305], [19.39, -0.1305], [29.9546, -0.6527]], [[4.828, 0.0], [9.3964, 0.0], [14.2505, -0.1305], [19.1045, -0.1305], [30.5257, 0.0], [30.2401, -0.3916]]]",0.5535,0.0,0.0,0.0,0.0,0.0,0.0,True,[3],0.0,0.0,0.0,2.308,8.0,1.9095,3.63,3.2791,1.3471,2.2687,2.308,"[[4.828, 0.0], [9.396, 0.0], [14.536, -0.522], [18.819, -0.131], [24.815, -0.131], [31.097, -0.131]]",ok,3.9446,0.0,0.0,0.0,0.0,0.0,0.0,0.0,0.0,0.0,aadad53902494b81bf5b1c332f423760,scene-0802,42
1.9044,3.8776,5.2899,1.4557,2.4755,3.305,0.0,0.0,0.0,0.0,0.0,0.0,0.0,0.0,0.0,ok,straight,1.9044,1.3086,5.0046,1.4557,1.263,2.4491,True,"[-0.0653, -0.0653, -0.1958, -0.2611, -0.0653, -0.0653, -0.0653, -0.0]","[-23.2507, -905.2722, -690.1095, -673.4069, -4827.7718, -38176.4512, -51314.6506, -57724.3382]","[3.3458, 3.3061, 1.6822, -1000671.2845, -1004825.6494, -1038174.3288, -1051312.5305, -1057722.2182]","[3.257, 2.449, 2.642, 2.527, 2.795, 7.208, 6.477, 6.541]","[[[5.1135, 0.0], [10.253, 0.0], [15.107, -0.1305], [20.5321, -0.1305], [25.9572, -0.1305], [31.0967, -0.1305]], [[5.1135, 0.0], [10.253, 0.0], [17.3913, 0.0], [23.1019, -0.1305], [25.9572, -0.1305], [31.0967, -0.1305]], [[5.1135, 0.0], [10.253, 0.0], [17.3913, 0.0], [23.1019, -0.1305], [25.9572, -0.2611], [29.9546, -0.3916]], [[5.1135, 0.0], [10.253, 0.0], [15.107, -0.1305], [20.5321, -0.1305], [25.9572, 0.0], [35.6652, 0.5222]], [[5.1135, 0.0], [10.253, 0.0], [15.107, -0.1305], [20.5321, -0.1305], [29.6691, 0.3916], [30.2401, 0.1305]], [[5.1135, 0.0], [10.253, 0.0], [15.107, -0.1305], [20.5321, -0.1305], [27.0993, -0.2611], [6.2556, 0.1305]], [[5.1135, 0.0], [10.253, 0.0], [17.3913, 0.0], [23.1019, -0.1305], [30.8112, 0.1305], [69.6432, -0.1305]], [[5.1135, 0.0], [10.253, 0.0], [17.3913, 0.0], [23.1019, -0.1305], [29.9546, -0.1305], [69.6432, 0.0]]]",1.9638,0.0,0.0,0.0,0.0,0.0,0.0,True,[3],0.0,0.0,0.0,2.4491,8.0,1.9044,1.3086,5.0046,1.4557,1.263,2.4491,"[[5.113, 0.0], [10.253, 0.0], [17.391, 0.0], [23.102, -0.131], [25.957, -0.131], [31.097, -0.131]]",ok,7.2078,0.0,0.0,0.0,0.0,0.0,0.0,0.0,0.0,0.0,f00d1ed58ab84a1a90b86e6e92838efe,scene-0802,42
1.7919,2.5289,3.2337,1.2859,1.8121,2.2155,0.0,0.0,0.0,0.0,0.0,0.0,0.0,0.0,0.0,ok,straight,1.7919,2.5289,3.2337,1.2859,1.8835,2.2147,True,"[-0.0653, -0.0653, -0.5222, -0.1305, -0.2611, -0.0653, -0.1305, -0.0]","[-31.1493, -311.7263, -962.667, -1340.9257, -1549.2941, -1570.6576, -45079.6678, -1003605.6305]","[4.4869, 2.9976, -1000959.1538, -1001337.4125, -1001547.2694, -1001568.6329, -1045076.1546, -2003603.6057]","[2.215, 2.091, 2.754, 2.644, 1.417, 4.471, 4.23, 13.037]","[[[2.2582, 0.0], [5.1135, 0.0], [7.6833, 0.0], [9.9675, 0.0], [12.2517, -0.1305], [15.3926, -0.1305]], [[2.2582, 0.0], [5.1135, 0.0], [7.1122, -0.6527], [9.682, 0.1305], [12.2517, -0.1305], [15.3926, -0.1305]], [[2.2582, 0.0], [5.1135, 0.0], [7.6833, 0.0], [9.9675, 0.0], [11.9662, -0.6527], [18.8189, -1.0444]], [[2.2582, 0.0], [5.1135, 0.0], [7.6833, 0.0], [9.9675, 0.0], [14.8215, 0.1305], [15.3926, -0.2611]], [[2.2582, 0.0], [5.1135, 0.0], [7.1122, -0.6527], [9.682, 0.1305], [9.682, 0.0], [13.6794, -0.5222]], [[2.2582, 0.0], [5.1135, 0.0], [7.1122, -0.6527], [9.682, 0.1305], [17.1058, -0.3916], [24.8151, 0.1305]], [[2.2582, 0.0], [5.1135, 0.0], [7.6833, 0.0], [9.9675, 0.0], [20.8176, -0.2611], [5.399, -0.2611]], [[2.2582, 0.0], [5.1135, 0.0], [7.1122, -0.6527], [9.682, 0.1305], [69.6432, -0.9138], [23.6729, 0.0]]]",3.5132,0.0,0.0,0.0,0.0,0.0,0.0,True,[3],0.0,0.0,0.0,1.4174,8.0,1.7919,2.252,1.5418,1.2859,1.6975,1.4174,"[[2.258, 0.0], [5.113, 0.0], [7.683, 0.0], [9.968, 0.0], [12.252, -0.131], [15.393, -0.131]]",ok,13.0368,0.0,0.0,0.0,0.0,0.0,0.0,0.0,0.0,0.0,4e04d32a9949430287c14d49851f6f55,scene-0904,42
1.2387,1.0143,0.2068,0.9359,0.9493,0.8504,0.0,0.0,0.0,0.0,0.0,0.0,0.0,0.0,0.0,ok,straight,0.9534,1.0143,0.2068,0.9359,1.0206,0.8979,False,"[-0.0, -0.0, -0.9138, -0.0, -0.1958, -0.1305, -0.2611, -0.1305]","[-57.387, -59.9907, -645.8868, -825.7654, -1007.7578, -1231.2306, -2642.4994, -47094.832]","[4.1519, 3.954, -1000643.0864, -1000822.965, -1001004.7597, -1001228.2326, -1002639.5013, -1047092.0317]","[0.898, 0.898, 1.96, 1.145, 1.003, 1.489, 1.802, 2.674]","[[[3.1148, 0.0], [6.5412, 0.0], [9.3964, 0.0], [12.2517, 0.0], [15.3926, 0.0], [17.3913, 0.0]], [[3.4003, 0.0], [6.2556, 0.0], [9.3964, 0.0], [12.2517, 0.0], [15.3926, 0.0], [17.3913, 0.0]], [[3.4003, 0.0], [6.2556, 0.0], [9.3964, 0.0], [12.2517, 0.0], [11.9662, 0.0], [12.5373, -1.8277]], [[3.4003, 0.0], [6.2556, 0.0], [9.3964, 0.0], [12.2517, 0.0], [16.8202, 0.2611], [17.6768, 0.0]], [[3.1148, 0.0], [6.5412, 0.0], [9.3964, 0.0], [12.2517, 0.0], [13.1083, 0.1305], [17.9623, -0.3916]], [[3.1148, 0.0], [6.5412, 0.0], [9.3964, 0.0], [12.2517, 0.0], [14.8215, 1.8277], [20.5321, 0.2611]], [[3.1148, 0.0], [6.5412, 0.0], [9.3964, 0.0], [12.2517, 0.0], [18.8189, 0.1305], [19.6755, 0.5222]], [[3.4003, 0.0], [6.2556, 0.0], [9.3964, 0.0], [12.2517, 0.0], [2.8293, -0.3916], [17.6768, -0.2611]]]",0.5892,0.0,0.0,0.0,0.0,0.0,0.0,True,[3],0.0,0.0,0.0,0.8979,8.0,0.9534,1.0143,0.2068,0.9359,1.0206,0.8979,"[[3.4, 0.0], [6.256, 0.0], [9.396, 0.0], [12.252, 0.0], [15.393, 0.0], [17.391, 0.0]]",ok,2.6738,0.0,0.0,0.0,0.0,0.0,0.0,0.0,0.0,0.0,5515e95e3a9e488b98ea8c6979d39002,scene-0904,42
1.6473,3.2097,3.8391,1.0746,1.77,2.3918,0.0,0.0,0.0,0.0,0.0,0.0,0.0,0.0,0.0,ok,straight,0.6401,3.2097,3.8391,0.3881,1.4267,2.1629,True,"[-0.0, -0.0653, -0.0653, -0.0653, -0.0, -0.1305, -0.0, -0.1305]","[-1078.6847, -323.5839, -585.9999, -900.1286, -1251.1607, -2054.5082, -2688.3516, -97957.921]","[3.4705, 2.2708, 2.2049, -1000898.1051, -1001249.1372, -1002052.5424, -1002686.3858, -1097955.8975]","[2.116, 2.392, 2.163, 3.107, 2.344, 1.795, 1.927, 4.506]","[[[3.4003, -0.1305], [7.3977, 0.0], [8.5399, -0.1305], [10.5386, -0.1305], [14.536, -0.2611], [15.6781, 0.0]], [[2.8293, 0.0], [5.1135, 0.0], [8.5399, -0.1305], [10.5386, -0.1305], [13.6794, -0.1305], [16.2492, -0.1305]], [[3.4003, -0.1305], [7.3977, 0.0], [8.5399, -0.1305], [10.5386, -0.1305], [13.6794, -0.1305], [16.2492, -0.1305]], [[2.8293, 0.0], [5.1135, 0.0], [8.5399, -0.1305], [10.5386, -0.1305], [10.8241, 0.0], [14.8215, 0.1305]], [[2.8293, 0.0], [5.1135, 0.0], [8.5399, -0.1305], [10.5386, -0.1305], [14.8215, -0.1305], [15.3926, 0.0]], [[3.4003, -0.1305], [7.3977, 0.0], [8.5399, -0.1305], [10.5386, -0.1305], [12.2517, 0.1305], [19.9611, -0.2611]], [[3.4003, -0.1305], [7.3977, 0.0], [8.5399, -0.1305], [10.5386, -0.1305], [11.6807, -0.1305], [19.6755, 0.0]], [[2.8293, 0.0], [5.1135, 0.0], [8.5399, -0.1305], [10.5386, -0.1305], [17.3913, 16.5798], [16.8202, -0.2611]]]",0.8291,0.0,0.0,0.0,0.0,0.0,0.0,True,[3],0.0,0.0,0.0,1.7948,8.0,0.6401,3.2097,0.1972,0.3881,1.4267,1.7948,"[[3.4, -0.131], [7.398, 0.0], [8.54, -0.131], [10.539, -0.131], [13.679, -0.131], [16.249, -0.131]]",ok,4.5063,0.0,0.0,0.0,0.0,0.0,0.0,0.0,0.0,0.0,c3177f4c31224fcb9b95f0d18bcfc2ca,scene-0904,42
0.4376,0.9059,2.6354,0.3119,0.5132,0.8673,0.0,0.0,0.0,0.0,0.0,0.0,0.0,0.0,0.0,ok,straight,0.4376,1.9567,0.6843,0.3119,0.7084,0.7466,True,"[-1.6971, -0.1305, -0.1305, -0.0653, -0.0653, -0.2611, -3.4596, -0.1958]","[-754.7101, -814.3487, -890.5395, -1782.8569, -2132.1708, -5369.6429, -13043.1858, -29812.8716]","[-1000752.0234, -1000811.6606, -1000887.8515, -1001780.1689, -1002129.4841, -1005366.9562, -1013040.4977, -1029810.1849]","[1.719, 0.742, 0.886, 0.902, 1.139, 2.498, 2.494, 2.022]","[[[3.4003, 0.0], [7.1122, -0.1305], [9.1109, -0.1305], [9.682, 0.0], [12.2517, -0.2611], [17.6768, -3.3943]], [[3.1148, 0.0], [6.2556, -0.1305], [9.1109, -0.1305], [9.9675, 0.0], [13.9649, -0.1305], [17.9623, -0.2611]], [[3.1148, 0.0], [6.2556, -0.1305], [9.1109, -0.1305], [9.9675, 0.0], [14.2505, -0.2611], [19.1045, -0.2611]], [[3.1148, 0.0], [6.2556, -0.1305], [9.1109, -0.1305], [9.9675, 0.0], [15.3926, -0.1305], [19.39, -0.1305]], [[3.4003, 0.0], [7.1122, -0.1305], [9.1109, -0.1305], [9.682, 0.0], [15.3926, -0.1305], [19.39, -0.1305]], [[3.4003, 0.0], [7.1122, -0.1305], [9.1109, -0.1305], [9.682, 0.0], [11.6807, -0.3916], [24.8151, -0.5222]], [[3.1148, 0.0], [6.2556, -0.1305], [9.1109, -0.1305], [9.9675, 0.0], [19.39, -0.2611], [20.5321, 6.9191]], [[3.4003, 0.0], [7.1122, -0.1305], [9.1109, -0.1305], [9.682, 0.0], [22.2453, -0.1305], [17.6768, 0.3916]]]",0.6822,0.0,0.0,0.0,0.0,0.0,0.0,False,[3],0.0,0.0,0.0,0.7422,8.0,0.4376,1.9567,0.6843,0.3119,0.7084,0.7422,"[[3.115, 0.0], [6.256, -0.131], [9.111, -0.131], [9.968, 0.0], [13.965, -0.261], [17.962, -0.261]]",ok,2.4983,0.0,0.0,0.0,0.0,0.0,0.0,0.0,0.0,0.0,666ce1928a0d4f4f9d06bf28e81b98f0,scene-0904,42
2.3319,5.1089,7.3525,1.7871,3.0744,4.3608,0.0,0.0,0.0,0.0,0.0,0.0,0.0,0.0,0.0,ok,straight,2.9022,5.1089,7.3525,2.2149,3.2883,4.5034,False,"[-0.0653, -0.0653, -0.4569, -0.0653, -0.3264, -0.0653, -0.3916, -0.1305]","[-12.849, -76.5747, -1436.8563, -2819.4665, -8923.06, -10711.8718, -16395.95, -249387.233]","[3.3184, 3.3167, -1001434.8212, -1002817.4305, -1008921.0249, -1010709.8358, -1016393.9141, -1249385.1979]","[4.361, 4.503, 3.066, 2.641, 3.711, 4.233, 3.402, 12.247]","[[[1.9727, 0.0], [4.2569, 0.0], [6.5412, 0.0], [8.5399, -0.1305], [10.5386, -0.1305], [13.1083, -0.1305]], [[1.6871, 0.0], [3.6858, 0.0], [6.5412, 0.0], [8.5399, -0.1305], [10.5386, -0.1305], [13.1083, -0.1305]], [[1.6871, 0.0], [3.6858, 0.0], [6.5412, 0.0], [8.5399, -0.1305], [12.2517, 1.0444], [20.5321, -0.9138]], [[1.9727, 0.0], [4.2569, 0.0], [6.5412, 0.0], [8.5399, -0.1305], [15.6781, -0.1305], [18.5334, -0.1305]], [[1.6871, 0.0], [3.6858, 0.0], [6.5412, 0.0], [8.5399, -0.1305], [15.9636, -0.1305], [12.5373, -0.6527]], [[1.9727, 0.0], [4.2569, 0.0], [6.5412, 0.0], [8.5399, -0.1305], [6.5412, 0.0], [17.9623, -0.1305]], [[1.9727, 0.0], [4.2569, 0.0], [6.5412, 0.0], [8.5399, -0.1305], [18.2479, -0.1305], [13.6794, -0.7833]], [[1.6871, 0.0], [3.6858, 0.0], [6.5412, 0.0], [8.5399, -0.1305], [5.9701, 0.0], [69.6432, 0.2611]]]",2.8908,0.0,0.0,0.0,0.0,0.0,0.0,True,[3],0.0,0.0,0.0,2.6414,8.0,2.3319,5.1089,2.0644,1.7871,3.0744,2.6414,"[[1.687, 0.0], [3.686, 0.0], [6.541, 0.0], [8.54, -0.131], [10.539, -0.131], [13.108, -0.131]]",ok,12.2467,0.0,0.0,0.0,0.0,0.0,0.0,0.0,0.0,0.0,bc94beb70f694ee8a0399c4e7e1fc2d0,scene-0905,42
0.5974,0.6423,2.5928,0.4871,0.5249,1.0114,0.0,0.0,0.0,0.0,0.0,0.0,0.0,0.0,0.0,ok,straight,0.5974,0.6423,1.462,0.4871,0.5249,0.7792,True,"[-0.1305, -0.0653, -0.0, -0.3916, -0.0, -0.6527, -0.7833, -0.3916]","[-63.7223, -202.1146, -467.772, -85.7427, -623.6835, -431.5425, -761.3195, -1025.687]","[3.5048, 3.2978, 2.6907, 2.5111, 2.1974, -1000429.8894, -1000759.6655, -1001024.0339]","[0.82, 0.762, 1.052, 0.685, 1.111, 1.166, 0.916, 2.624]","[[[3.4003, 0.0], [6.5412, 0.0], [10.5386, 0.0], [14.2505, 0.0], [17.6768, -0.3916], [21.1032, -0.2611]], [[4.2569, 0.1305], [7.9688, 0.0], [10.5386, 0.0], [14.2505, 0.0], [19.39, -0.1305], [23.6729, 0.1305]], [[3.4003, 0.0], [6.5412, 0.0], [10.5386, 0.0], [14.2505, 0.0], [16.2492, -0.1305], [20.8176, 0.0]], [[3.4003, 0.0], [6.5412, 0.0], [10.5386, 0.0], [14.2505, 0.0], [18.8189, 0.5222], [24.244, 0.7833]], [[4.2569, 0.1305], [7.9688, 0.0], [10.5386, 0.0], [14.2505, 0.0], [16.2492, -0.1305], [20.8176, 0.0]], [[4.2569, 0.1305], [7.9688, 0.0], [10.5386, 0.0], [14.2505, 0.0], [17.9623, 0.0], [18.8189, 1.3055]], [[3.4003, 0.0], [6.5412, 0.0], [10.5386, 0.0], [14.2505, 0.0], [17.1058, 0.2611], [23.9585, 1.5666]], [[4.2569, 0.1305], [7.9688, 0.0], [10.5386, 0.0], [14.2505, 0.0], [15.6781, -0.2611], [12.2517, 0.7833]]]",0.5825,0.0,0.0,0.0,0.0,0.0,0.0,True,[3],0.0,0.0,0.0,0.6848,8.0,0.5974,0.6423,1.7913,0.4871,0.5249,0.6848,"[[3.4, 0.0], [6.541, 0.0], [10.539, 0.0], [14.25, 0.0], [17.677, -0.131], [21.103, 0.0]]",ok,2.6241,0.0,0.0,0.0,0.0,0.0,0.0,0.0,0.0,0.0,4eec53dcb58148d4b95245ad72d00ef7,scene-0905,42
0.8775,3.0901,4.9015,0.7429,1.7989,2.6147,0.0,0.0,0.0,0.0,0.0,0.0,0.0,0.0,0.0,ok,straight,0.8775,0.3166,3.7594,0.7429,0.8201,1.7719,True,"[-0.0653, -1.0444, -0.0653, -0.1305, -0.1305, -0.0653, -0.0, -0.0]","[-33.4425, -385.4657, -2095.333, -3339.1115, -3653.2007, -21275.5495, -70375.4294, -109700.4108]","[2.7553, -1000383.7685, -1002093.6358, -1003337.4126, -1003651.5035, -1021273.8523, -1070373.7304, -1109698.7119]","[2.329, 1.149, 1.772, 2.339, 1.729, 2.479, 5.518, 8.994]","[[[3.1148, 0.0], [6.5412, 0.0], [9.9675, -0.1305], [12.8228, -0.1305], [16.2492, -0.1305], [19.9611, -0.1305]], [[3.1148, 0.0], [6.5412, 0.0], [10.5386, -0.1305], [15.6781, 0.1305], [21.3887, -0.3916], [24.244, -2.0888]], [[3.1148, 0.0], [6.5412, 0.0], [10.5386, -0.1305], [15.6781, 0.1305], [16.2492, -0.1305], [19.9611, -0.1305]], [[3.1148, 0.0], [6.5412, 0.0], [9.9675, -0.1305], [12.8228, -0.1305], [13.6794, -0.1305], [22.5308, 0.2611]], [[3.1148, 0.0], [6.5412, 0.0], [10.5386, -0.1305], [15.6781, 0.1305], [15.6781, -0.2611], [20.8176, 0.2611]], [[3.1148, 0.0], [6.5412, 0.0], [10.5386, -0.1305], [15.6781, 0.1305], [26.5282, -0.2611], [18.8189, -0.1305]], [[3.1148, 0.0], [6.5412, 0.0], [9.9675, -0.1305], [12.8228, -0.1305], [0.2595, -0.1305], [16.8202, 0.0]], [[3.1148, 0.0], [6.5412, 0.0], [9.9675, -0.1305], [12.8228, -0.1305], [18.5334, -0.6527], [69.6432, 0.0]]]",2.4828,0.0,0.0,0.0,0.0,0.0,0.0,False,[3],0.0,0.0,0.0,1.1486,8.0,0.8775,0.3166,2.0364,0.7429,0.8201,1.1486,"[[3.115, 0.0], [6.541, 0.0], [10.539, -0.131], [15.678, 0.131], [16.249, -0.131], [19.961, -0.131]]",ok,8.9943,0.0,0.0,0.0,0.0,0.0,0.0,0.0,0.0,0.0,f2fb282e13784e7c8a28d0d5e1370ad1,scene-0905,42
3.1186,5.5705,7.0457,2.3711,3.7719,4.9507,0.0,0.0,0.0,0.0,0.0,0.0,0.0,0.0,0.0,ok,straight,3.1186,5.109,8.7584,2.3711,3.5917,5.116,False,"[-0.0, -0.0, -0.0, -2.8721, -0.0653, -0.0653, -0.6527, -0.9138]","[-159.3918, -558.4803, -853.8711, -3408.6458, -4268.3661, -11817.6536, -31101.7776, -1078167.9233]","[4.2912, 3.6504, 3.6496, -1003405.3676, -1004265.7276, -1011814.3754, -1031099.139, -2078164.6451]","[5.236, 5.116, 4.973, 4.736, 4.223, 5.524, 5.146, 11.784]","[[[2.2582, 0.0], [4.5424, 0.0], [6.5412, 0.0], [9.3964, 0.0], [11.1096, 0.0], [13.6794, 0.0]], [[2.2582, 0.0], [4.5424, 0.0], [6.8267, 0.3916], [9.9675, 0.9138], [11.1096, 0.0], [13.6794, 0.0]], [[2.2582, 0.0], [4.5424, 0.0], [6.8267, 0.3916], [9.9675, 0.9138], [11.1096, -0.2611], [14.536, 0.0]], [[2.2582, 0.0], [4.5424, 0.0], [6.5412, 0.0], [9.3964, 0.0], [11.3952, -2.611], [21.3887, -5.7442]], [[2.2582, 0.0], [4.5424, 0.0], [6.8267, 0.3916], [9.9675, 0.9138], [10.5386, 0.9138], [19.6755, -0.1305]], [[2.2582, 0.0], [4.5424, 0.0], [6.5412, 0.0], [9.3964, 0.0], [6.5412, 0.2611], [16.5347, 0.1305]], [[2.2582, 0.0], [4.5424, 0.0], [6.8267, 0.3916], [9.9675, 0.9138], [4.828, -0.6527], [20.2466, 1.3055]], [[2.2582, 0.0], [4.5424, 0.0], [6.5412, 0.0], [9.3964, 0.0], [69.6432, -0.2611], [18.2479, 1.8277]]]",2.2743,0.0,0.0,0.0,0.0,0.0,0.0,True,[3],0.0,0.0,0.0,4.2235,8.0,3.1186,5.109,2.7608,2.3711,3.5917,4.2235,"[[2.258, 0.0], [4.542, 0.0], [6.827, 0.392], [9.968, 0.914], [11.11, 0.0], [13.679, 0.0]]",ok,11.7835,0.0,0.0,0.0,0.0,0.0,0.0,0.0,0.0,0.0,2a965239bc5f4ceda7369d0325c52377,scene-0905,42
0.2277,1.9221,0.5691,0.1709,0.8641,0.8463,0.0,0.0,0.0,0.0,0.0,0.0,0.0,0.0,0.0,ok,straight,0.2277,1.0655,0.5691,0.1709,0.6499,0.5608,True,"[-0.0653, -0.0653, -0.1305, -0.0, -0.0, -0.0653, -0.3264, -0.1958]","[-6.311, -28.1626, -86.0025, -443.502, -607.2424, -6263.4048, -12310.591, -24143.0674]","[4.0111, 3.9868, 3.3669, -1000440.5802, -1000604.2989, -1006260.4613, -1012307.6691, -1024140.1455]","[0.561, 0.596, 0.688, 2.262, 0.879, 1.893, 2.485, 2.156]","[[[3.6858, 0.0], [7.3977, 0.0], [11.1096, -0.1305], [15.107, -0.1305], [19.1045, -0.1305], [23.3874, -0.1305]], [[4.2569, 0.0], [7.6833, 0.0], [11.1096, -0.1305], [15.107, -0.1305], [19.1045, -0.1305], [23.3874, -0.1305]], [[3.6858, 0.0], [7.3977, 0.0], [11.1096, -0.1305], [15.107, -0.1305], [20.2466, -0.1305], [24.5295, -0.2611]], [[4.2569, 0.0], [7.6833, 0.0], [11.1096, -0.1305], [15.107, -0.1305], [17.1058, -0.1305], [15.3926, 0.0]], [[3.6858, 0.0], [7.3977, 0.0], [11.1096, -0.1305], [15.107, -0.1305], [20.5321, -0.2611], [22.5308, 0.0]], [[3.6858, 0.0], [7.3977, 0.0], [11.1096, -0.1305], [15.107, -0.1305], [13.6794, -0.2611], [20.8176, -0.1305]], [[4.2569, 0.0], [7.6833, 0.0], [11.1096, -0.1305], [15.107, -0.1305], [22.5308, -0.2611], [15.107, -0.6527]], [[4.2569, 0.0], [7.6833, 0.0], [11.1096, -0.1305], [15.107, -0.1305], [28.5269, 0.2611], [24.8151, -0.3916]]]",0.7787,0.0,0.0,0.0,0.0,0.0,0.0,True,[3],0.0,0.0,0.0,0.5608,8.0,0.2277,1.0655,0.5691,0.1709,0.6499,0.5608,"[[3.686, 0.0], [7.398, 0.0], [11.11, -0.131], [15.107, -0.131], [19.104, -0.131], [23.387, -0.131]]",ok,2.4846,0.0,0.0,0.0,0.0,0.0,0.0,0.0,0.0,0.0,2fb7b5d1eab24b13abb4e0703850dba9,scene-0906,42
1.7818,4.4523,8.4908,1.4029,2.7125,4.1787,0.0,0.0,0.0,0.0,0.0,0.0,0.0,0.0,0.0,ok,straight,1.7818,4.4523,7.9201,1.4029,2.6411,4.1786,True,"[-0.0653, -0.1958, -0.1958, -0.2611, -0.0653, -0.1958, -0.0653, -0.4569]","[-93.7023, -307.1913, -12843.3462, -32406.5026, -1116.8214, -1948.9921, -3460.3078, -64774.7241]","[3.7878, 2.7252, -1012841.219, -1032404.3755, -2002688.3526, -2003520.5233, -2005031.8389, -2066346.2552]","[4.274, 3.892, 4.852, 5.32, 3.513, 1.747, 3.798, 4.991]","[[[3.1148, 0.0], [6.5412, 0.0], [9.3964, -0.1305], [12.8228, -0.1305], [15.3926, -0.1305], [18.2479, -0.1305]], [[3.1148, 0.0], [6.5412, 0.0], [9.3964, -0.1305], [12.8228, -0.1305], [17.1058, -0.2611], [18.8189, -0.3916]], [[3.1148, 0.0], [6.5412, 0.0], [9.3964, -0.1305], [12.8228, -0.1305], [9.9675, -0.1305], [20.2466, 0.3916]], [[3.1148, 0.0], [6.5412, 0.0], [9.3964, -0.1305], [12.8228, -0.1305], [6.5412, -0.5222], [20.8176, -0.5222]], [[3.1148, 0.0], [6.5412, 0.0], [12.2517, -0.1305], [14.536, -0.1305], [15.3926, -0.1305], [18.2479, -0.1305]], [[3.1148, 0.0], [6.5412, 0.0], [12.2517, -0.1305], [14.536, -0.1305], [19.9611, 0.3916], [24.5295, 0.3916]], [[3.1148, 0.0], [6.5412, 0.0], [12.2517, -0.1305], [14.536, -0.1305], [13.3939, -0.1305], [18.5334, -0.1305]], [[3.1148, 0.0], [6.5412, 0.0], [12.2517, -0.1305], [14.536, -0.1305], [3.4003, 0.0], [21.3887, -0.9138]]]",1.0532,0.0,0.0,0.0,0.0,0.0,0.0,True,[3],0.0,0.0,0.0,1.7469,8.0,1.7818,2.7394,2.3477,1.4029,1.4994,1.7469,"[[3.115, 0.0], [6.541, 0.0], [9.396, -0.131], [12.823, -0.131], [15.393, -0.131], [18.819, -0.131]]",ok,5.3199,0.0,0.0,0.0,0.0,0.0,0.0,0.0,0.0,0.0,9fd8ae00df104af290529a90cc5068b4,scene-0906,42
1.9059,4.3227,5.9127,1.438,2.5074,3.3322,0.0,0.0,0.0,0.0,0.0,0.0,0.0,0.0,0.0,ok,straight,1.9059,4.3227,5.9127,1.438,2.5074,3.3322,False,"[-0.1305, -0.0653, -0.1305, -0.6527, -0.2611, -8.2899, -0.1305, -0.1305]","[-458.7592, -31.6262, -111.288, -1025.2965, -1524.3423, -21278.2715, -121462.5036, -776218.8997]","[3.3494, 1.3933, 1.3686, -1001022.8096, -1001523.8376, -1021275.7847, -1121461.999, -1776216.4128]","[2.298, 4.093, 3.332, 2.831, 2.352, 3.777, 9.451, 9.257]","[[[3.6858, 0.0], [9.1109, 0.0], [13.9649, -0.1305], [15.9636, -0.1305], [18.2479, -0.1305], [21.1032, -0.2611]], [[3.6858, 0.0], [7.3977, -0.1305], [11.1096, -0.1305], [14.2505, -0.1305], [16.8202, -0.2611], [17.9623, -0.1305]], [[3.6858, 0.0], [7.3977, -0.1305], [11.1096, -0.1305], [14.2505, -0.1305], [18.2479, -0.1305], [21.1032, -0.2611]], [[3.6858, 0.0], [9.1109, 0.0], [13.9649, -0.1305], [15.9636, -0.1305], [18.5334, 0.0], [17.6768, -1.3055]], [[3.6858, 0.0], [7.3977, -0.1305], [11.1096, -0.1305], [14.2505, -0.1305], [22.5308, -0.1305], [30.8112, -0.5222]], [[3.6858, 0.0], [9.1109, 0.0], [13.9649, -0.1305], [15.9636, -0.1305], [21.6742, -0.7833], [20.8176, 16.5798]], [[3.6858, 0.0], [7.3977, -0.1305], [11.1096, -0.1305], [14.2505, -0.1305], [18.2479, -0.1305], [69.6432, -0.2611]], [[3.6858, 0.0], [9.1109, 0.0], [13.9649, -0.1305], [15.9636, -0.1305], [69.6432, -0.6527], [31.3822, -0.2611]]]",2.766,0.0,0.0,0.0,0.0,0.0,0.0,True,[3],0.0,0.0,0.0,2.2981,8.0,0.2149,2.6101,5.9127,0.5925,0.9563,2.2981,"[[3.686, 0.0], [7.398, -0.131], [11.11, -0.131], [14.25, -0.131], [18.248, -0.131], [21.103, -0.261]]",ok,9.4515,0.0,0.0,0.0,0.0,0.0,0.0,0.0,0.0,0.0,d903747f29c74016a3a702959cf43429,scene-0906,42
3.604,6.2861,9.2504,2.6779,4.1361,5.5841,0.0,0.0,0.0,0.0,0.0,0.0,0.0,0.0,0.0,ok,straight,3.604,6.2861,9.2504,2.6779,4.1361,5.4416,True,"[-0.0653, -0.0653, -0.0, -0.0653, -0.0653, -0.1305, -0.0653, -0.0653]","[-161.7137, -261.2593, -1021.8083, -1338.8381, -4511.9565, -6675.3366, -11880.6105, -12664.0499]","[2.8735, 1.1808, -1001019.9051, -1001336.9349, -1004510.0532, -1006675.1054, -1011880.3792, -1012663.8186]","[5.442, 5.587, 5.254, 3.41, 4.446, 5.537, 5.822, 5.755]","[[[2.2582, 0.0], [4.2569, 0.0], [6.5412, -0.1305], [8.5399, -0.1305], [11.1096, -0.1305], [11.6807, -0.1305]], [[2.2582, 0.0], [4.2569, 0.0], [5.9701, -0.1305], [8.2543, 0.2611], [11.1096, -0.1305], [11.6807, -0.1305]], [[2.2582, 0.0], [4.2569, 0.0], [6.5412, -0.1305], [8.5399, -0.1305], [12.2517, -0.1305], [11.6807, 0.0]], [[2.2582, 0.0], [4.2569, 0.0], [6.5412, -0.1305], [8.5399, -0.1305], [15.107, -0.2611], [20.5321, -0.1305]], [[2.2582, 0.0], [4.2569, 0.0], [6.5412, -0.1305], [8.5399, -0.1305], [9.3964, 0.0], [19.9611, 0.1305]], [[2.2582, 0.0], [4.2569, 0.0], [5.9701, -0.1305], [8.2543, 0.2611], [13.9649, -0.1305], [9.1109, -0.2611]], [[2.2582, 0.0], [4.2569, 0.0], [5.9701, -0.1305], [8.2543, 0.2611], [14.536, -0.7833], [6.8267, -0.1305]], [[2.2582, 0.0], [4.2569, 0.0], [5.9701, -0.1305], [8.2543, 0.2611], [11.9662, -0.6527], [31.9533, -0.1305]]]",0.7725,0.0,0.0,0.0,0.0,0.0,0.0,True,[3],0.0,0.0,0.0,3.4104,8.0,3.604,6.2861,1.0605,2.6779,4.1361,3.4104,"[[2.258, 0.0], [4.257, 0.0], [6.541, -0.131], [8.54, -0.131], [11.11, -0.131], [11.681, -0.131]]",ok,5.8217,0.0,0.0,0.0,0.0,0.0,0.0,0.0,0.0,0.0,38b446951ae14bc9bad64c6fdd341ae5,scene-0906,42
0.3719,1.2944,3.6072,0.2523,0.6476,1.4074,0.0,0.0,0.0,0.0,0.0,0.0,0.0,0.0,0.0,ok,right,0.3719,1.2944,4.7581,0.2523,0.5952,1.8425,False,"[3.329, 8.2899, 6.3317, 3.0679, 3.329, 3.6554, 2.5457, 2.1541]","[-16.31, -3594.4652, -17993.3072, -156521.1216, -1027.8471, -1046.626, -8872.08, -145509.8947]","[2.2482, -1003592.4927, -1017991.3348, -1156519.1491, -2002567.4736, -2002586.2525, -2010411.7065, -2147049.5211]","[1.43, 2.254, 7.904, 6.389, 1.956, 1.945, 2.869, 7.205]","[[[2.8293, -0.1305], [5.399, -0.7833], [7.9688, -1.8277], [10.5386, -3.1332], [13.1083, -4.9609], [15.9636, -6.658]], [[2.8293, -0.1305], [5.399, -0.7833], [7.9688, -1.8277], [10.5386, -3.1332], [15.107, -6.9191], [13.6794, -16.5798]], [[2.8293, -0.1305], [5.399, -0.7833], [7.9688, -1.8277], [10.5386, -3.1332], [21.1032, -3.5248], [47.6574, -12.6633]], [[2.8293, -0.1305], [5.399, -0.7833], [7.9688, -1.8277], [10.5386, -3.1332], [20.2466, 16.5798], [23.6729, -6.1358]], [[2.8293, -0.1305], [5.399, -0.7833], [10.253, -2.2193], [11.9662, -3.3943], [13.1083, -4.9609], [15.9636, -6.658]], [[2.8293, -0.1305], [5.399, -0.7833], [10.253, -2.2193], [11.9662, -3.3943], [11.3952, -4.3081], [9.3964, -7.3108]], [[2.8293, -0.1305], [5.399, -0.7833], [10.253, -2.2193], [11.9662, -3.3943], [13.6794, 0.7833], [13.3939, -5.0914]], [[2.8293, -0.1305], [5.399, -0.7833], [10.253, -2.2193], [11.9662, -3.3943], [15.3926, 16.5798], [26.2427, -4.3081]]]",2.5139,0.0,0.0,0.0,0.0,0.0,0.0,False,[3],0.0,0.0,0.0,1.4296,8.0,0.3719,1.2944,3.9505,0.2523,0.5952,1.4296,"[[2.829, -0.131], [5.399, -0.783], [7.969, -1.828], [10.539, -3.133], [15.107, -4.961], [15.964, -12.663]]",ok,7.904,0.0,0.0,0.0,0.0,0.0,0.0,0.0,0.0,0.0,e693989d8ad141608999200df71aca71,scene-0907,42
2.1834,4.8437,9.86,1.6658,2.9381,4.9032,0.0,0.0,0.0,0.0,0.0,0.0,0.0,0.0,0.0,ok,straight,2.1834,6.8421,9.86,1.6658,3.7262,5.1907,False,"[-0.0, -0.1305, -0.1305, -0.1958, -0.0653, -0.0, -0.0653, -1.2402]","[-505.2356, -151.351, -1283.7634, -1756.9636, -21701.8866, -45566.0189, -67622.0056, -82385.9086]","[3.9902, 3.0876, -1001281.2306, -1001754.4309, -1021699.9309, -1045564.0632, -1067620.0499, -1082383.3759]","[5.575, 4.713, 5.191, 3.671, 14.469, 5.236, 6.949, 6.731]","[[[4.828, 0.0], [9.3964, -0.1305], [15.3926, -0.3916], [20.8176, 0.0], [24.8151, -0.6527], [30.5257, 0.0]], [[4.828, 0.0], [9.3964, -0.1305], [14.2505, -0.1305], [19.1045, -0.1305], [23.3874, -0.1305], [29.6691, -0.2611]], [[4.828, 0.0], [9.3964, -0.1305], [15.3926, -0.3916], [20.8176, 0.0], [23.3874, -0.1305], [29.6691, -0.2611]], [[4.828, 0.0], [9.3964, -0.1305], [15.3926, -0.3916], [20.8176, 0.0], [21.1032, 0.1305], [22.8163, -0.3916]], [[4.828, 0.0], [9.3964, -0.1305], [14.2505, -0.1305], [19.1045, -0.1305], [41.9468, -0.5222], [69.6432, 0.1305]], [[4.828, 0.0], [9.3964, -0.1305], [14.2505, -0.1305], [19.1045, -0.1305], [33.6665, 0.1305], [22.5308, 0.0]], [[4.828, 0.0], [9.3964, -0.1305], [14.2505, -0.1305], [19.1045, -0.1305], [38.235, -0.1305], [28.2414, -0.1305]], [[4.828, 0.0], [9.3964, -0.1305], [15.3926, -0.3916], [20.8176, 0.0], [38.806, -1.6971], [22.5308, -2.4804]]]",3.1442,0.0,0.0,0.0,0.0,0.0,0.0,False,[3],0.0,0.0,0.0,3.671,8.0,2.1834,6.8421,3.0211,1.6658,3.7262,3.671,"[[4.828, 0.0], [9.396, -0.131], [15.393, -0.392], [20.818, 0.0], [23.387, -0.131], [29.669, -0.261]]",ok,14.4689,0.0,0.0,0.0,0.0,0.0,0.0,0.0,0.0,0.0,3a7e7dbee620460cbbe09a942c5d23be,scene-0907,42
1.2601,3.5604,6.2955,0.9531,2.0147,3.1019,0.0,0.0,1.0,0.0,0.0,1.0,0.0,0.0,0.16666666666666666,ok,straight,1.2601,3.5604,6.299,0.9531,2.0147,3.1023,False,"[-0.0653, -0.1958, -0.1305, -0.1958, -0.0653, -0.1305, -0.1305, -0.1305]","[-74.3984, -481.4865, -1281.9329, -52699.2216, -1125.5042, -1177.5179, -1998.5681, -15682.8001]","[2.6321, -1000480.8092, -1001281.2556, -1052698.5443, -2002381.7208, -2002433.7344, -2003254.7847, -2016939.0167]","[3.102, 2.3, 4.72, 4.486, 2.627, 2.871, 2.485, 3.722]","[[[1.9727, 0.0], [3.6858, 0.0], [5.9701, 0.0], [7.6833, -0.1305], [9.1109, -0.1305], [11.6807, -0.1305]], [[1.9727, 0.0], [3.6858, 0.0], [5.9701, 0.0], [7.6833, -0.1305], [9.1109, 0.0], [6.8267, -0.3916]], [[1.9727, 0.0], [3.6858, 0.0], [5.9701, 0.0], [7.6833, -0.1305], [13.3939, 0.0], [17.1058, -0.2611]], [[1.9727, 0.0], [3.6858, 0.0], [5.9701, 0.0], [7.6833, -0.1305], [21.1032, -0.2611], [7.9688, -0.3916]], [[1.9727, 0.0], [3.6858, 0.0], [3.6858, 0.0], [7.1122, 0.1305], [9.1109, -0.1305], [11.6807, -0.1305]], [[1.9727, 0.0], [3.6858, 0.0], [3.6858, 0.0], [7.1122, 0.1305], [10.5386, -0.6527], [11.6807, 0.2611]], [[1.9727, 0.0], [3.6858, 0.0], [3.6858, 0.0], [7.1122, 0.1305], [10.8241, 0.0], [9.1109, -0.2611]], [[1.9727, 0.0], [3.6858, 0.0], [3.6858, 0.0], [7.1122, 0.1305], [16.5347, -0.2611], [10.8241, -0.2611]]]",0.8618,0.0,0.0,1.0,0.0,0.0,1.0,True,[3],0.0,0.0,0.16666666666666666,2.3,8.0,1.2601,3.5604,1.4856,0.9531,2.0147,2.3,"[[1.973, 0.0], [3.686, 0.0], [5.97, 0.0], [7.683, -0.131], [9.111, 0.0], [11.681, -0.261]]",ok,4.7199,0.0,1.0,1.0,0.0,1.0,1.0,0.0,0.25,0.5,e9e1871dddf94ba7ba46a76dcf027bab,scene-0907,42
0.0221,0.0243,0.0265,0.0216,0.0227,0.0238,0.0,0.0,0.0,0.0,0.0,0.0,0.0,0.0,0.0,ok,straight,0.0221,0.0243,0.0265,0.0216,0.0227,0.0238,False,"[-0.0, -0.0, -0.0, -0.0, -0.0, -0.0, -0.0, -0.0]","[-0.013, -63.2298, -245.7835, -601.1013, -2476.1516, -3311.5403, -11044.005, -24349.9697]","[3.1401, 3.1322, 3.1087, 3.0642, -1002473.6699, -1003309.0592, -1011041.5239, -1024347.488]","[0.024, 0.301, 0.581, 0.993, 0.529, 1.144, 1.708, 1.493]","[[[-0.026, 0.0], [-0.026, 0.0], [-0.026, 0.0], [-0.026, 0.0], [-0.026, 0.0], [-0.026, 0.0]], [[-0.026, 0.0], [-0.026, 0.0], [-0.026, 0.0], [-0.026, 0.0], [-0.026, 0.0], [1.6871, 0.0]], [[1.9727, 0.0], [1.4016, 0.0], [-0.026, 0.0], [-0.026, 0.0], [-0.026, 0.0], [-0.026, 0.0]], [[1.9727, 0.0], [1.4016, 0.0], [-0.026, 0.0], [-0.026, 0.0], [1.6871, 0.0], [0.8306, 0.0]], [[-0.026, 0.0], [-0.026, 0.0], [-0.026, 0.0], [-0.026, 0.0], [-2.8813, -1.0444], [-0.026, 0.0]], [[1.9727, 0.0], [1.4016, 0.0], [-0.026, 0.0], [-0.026, 0.0], [3.4003, 0.0], [-0.026, 0.0]], [[1.9727, 0.0], [1.4016, 0.0], [-0.026, 0.0], [-0.026, 0.0], [6.2556, -0.2611], [0.545, 0.0]], [[-0.026, 0.0], [-0.026, 0.0], [-0.026, 0.0], [-0.026, 0.0], [8.8254, -0.3916], [-0.026, 0.0]]]",0.5495,0.0,0.0,0.0,0.0,0.0,0.0,True,[3],0.0,0.0,0.0,0.0238,8.0,0.0221,0.0243,0.0265,0.0216,0.0227,0.0238,"[[-0.026, 0.0], [-0.026, 0.0], [-0.026, 0.0], [-0.026, 0.0], [-0.026, 0.0], [-0.026, 0.0]]",ok,1.7081,1.0,1.0,0.0,1.0,1.0,1.0,0.5,0.75,0.5,0dc3d1fb0dcd4e19a2b8f6a32c9ebdcc,scene-0907,42
0.0261,0.0264,0.0266,0.0261,0.0262,0.0263,0.0,0.0,0.0,0.0,0.0,0.0,0.0,0.0,0.0,ok,straight,0.0261,0.0264,0.0266,0.0261,0.0262,0.0263,False,"[-0.0, -0.0, -0.0, -0.0653, -0.2611, -0.0, -0.1305, -0.0653]","[-0.013, -41.2332, -54.0626, -113.0981, -1304.8211, -8865.1215, -9552.4363, -11453.3684]","[3.3502, 3.3415, 3.3304, 2.5704, -1001303.0631, -1008863.3636, -1009550.6699, -1011451.6104]","[0.026, 0.152, 0.152, 0.391, 1.803, 1.182, 1.724, 2.989]","[[[-0.026, 0.0], [-0.026, 0.0], [-0.026, 0.0], [-0.026, 0.0], [-0.026, 0.0], [-0.026, 0.0]], [[-0.026, 0.0], [-0.026, 0.0], [-0.026, 0.0], [-0.026, 0.0], [0.545, 0.0], [0.2595, 0.0]], [[-0.026, 0.0], [-0.026, 0.0], [0.545, 0.0], [0.2595, 0.0], [-0.026, 0.0], [-0.026, 0.0]], [[-0.026, 0.0], [-0.026, 0.0], [-0.026, 0.0], [-0.026, 0.0], [1.1161, 0.0], [1.1161, 0.1305]], [[-0.026, 0.0], [-0.026, 0.0], [0.545, 0.0], [0.2595, 0.0], [1.4016, -0.1305], [8.5399, -0.5222]], [[-0.026, 0.0], [-0.026, 0.0], [0.545, 0.0], [0.2595, 0.0], [5.6846, -0.2611], [0.545, 0.0]], [[-0.026, 0.0], [-0.026, 0.0], [-0.026, 0.0], [-0.026, 0.0], [6.8267, 0.0], [3.4003, -0.2611]], [[-0.026, 0.0], [-0.026, 0.0], [0.545, 0.0], [0.2595, 0.0], [0.545, 0.0], [16.5347, -0.1305]]]",0.9935,0.0,0.0,0.0,0.0,0.0,0.0,True,[3],0.0,0.0,0.0,0.0263,8.0,0.0261,0.0264,0.0266,0.0261,0.0262,0.0263,"[[-0.026, 0.0], [-0.026, 0.0], [-0.026, 0.0], [-0.026, 0.0], [-0.026, 0.0], [-0.026, 0.0]]",ok,2.9895,1.0,1.0,0.0,1.0,1.0,1.0,0.5,0.75,0.5,a4782f7ade234010b5b50553403f6e79,scene-0908,42
0.5439,0.0237,2.8652,0.3964,0.2686,0.8837,0.0,0.0,0.0,0.0,0.0,0.0,0.0,0.0,0.0,ok,straight,0.8295,0.0237,2.0116,0.6819,0.4114,0.9317,False,"[-0.0, -0.0653, -0.3264, -0.0653, -0.0, -0.0, -0.5222, -0.1305]","[-371.4898, -319.2067, -214.0266, -1515.9276, -2084.8347, -4245.0333, -8263.4828, -238428.3999]","[2.959, 2.5911, 1.1167, -1001514.1561, -1002083.0643, -1004243.263, -1008261.7112, -1238426.6295]","[0.931, 0.979, 1.144, 0.809, 1.154, 1.963, 1.721, 6.836]","[[[1.4016, 0.0], [2.8293, 0.0], [3.6858, 0.0], [5.1135, 0.0], [5.1135, 0.0], [7.3977, 0.0]], [[1.4016, 0.0], [2.8293, 0.0], [3.6858, 0.0], [5.1135, 0.0], [5.1135, 0.0], [7.1122, -0.1305]], [[0.545, 0.0], [1.1161, 0.0], [2.5437, -0.1305], [5.9701, 0.0], [8.8254, 0.2611], [11.3952, -0.6527]], [[1.4016, 0.0], [2.8293, 0.0], [3.6858, 0.0], [5.1135, 0.0], [9.682, 0.0], [9.9675, -0.1305]], [[0.545, 0.0], [1.1161, 0.0], [2.5437, -0.1305], [5.9701, 0.0], [5.1135, 0.0], [7.3977, 0.0]], [[0.545, 0.0], [1.1161, 0.0], [2.5437, -0.1305], [5.9701, 0.0], [3.1148, 0.0], [4.5424, 0.0]], [[1.4016, 0.0], [2.8293, 0.0], [3.6858, 0.0], [5.1135, 0.0], [12.5373, 2.2193], [11.9662, -1.0444]], [[0.545, 0.0], [1.1161, 0.0], [2.5437, -0.1305], [5.9701, 0.0], [37.6639, 0.1305], [16.8202, 0.2611]]]",1.8872,0.0,0.0,0.0,0.0,0.0,0.0,True,[3],0.0,0.0,0.0,0.8088,8.0,0.8295,0.0237,0.5719,0.6819,0.4114,0.8088,"[[1.402, 0.0], [2.829, 0.0], [3.686, 0.0], [5.113, 0.0], [5.113, 0.0], [7.398, -0.131]]",ok,6.836,0.0,0.0,0.0,0.0,0.0,0.0,0.0,0.0,0.0,c54d5bb693884c459e245a0abd3e4952,scene-0908,42
1.0235,1.6922,5.0795,0.7683,1.4093,2.4638,0.0,0.0,0.0,0.0,0.0,0.0,0.0,0.0,0.0,ok,straight,1.3088,1.6922,5.0795,0.7684,1.4094,2.4638,False,"[-0.0653, -0.0653, -0.2611, -0.3264, -0.5875, -1.1097, -0.5222, -0.0653]","[-545.6535, -563.6368, -480.5111, -1184.7875, -1694.599, -14641.015, -35560.0393, -1149063.8415]","[4.481, 4.4282, -1000477.3994, -1001181.623, -1001691.4872, -1014637.8506, -1035556.9275, -2149060.677]","[2.464, 2.464, 1.8, 2.51, 2.3, 2.406, 3.382, 11.627]","[[[2.8293, 0.0], [5.1135, 0.0], [7.3977, 0.0], [11.1096, 0.0], [12.5373, 0.0], [15.3926, -0.1305]], [[3.1148, 0.0], [4.828, 0.0], [7.3977, 0.0], [11.1096, 0.0], [12.5373, 0.0], [15.3926, -0.1305]], [[3.1148, 0.0], [4.828, 0.0], [7.3977, 0.0], [11.1096, 0.0], [15.3926, 0.0], [16.5347, -0.5222]], [[2.8293, 0.0], [5.1135, 0.0], [7.3977, 0.0], [11.1096, 0.0], [12.5373, 1.3055], [15.3926, -0.6527]], [[3.1148, 0.0], [4.828, 0.0], [7.3977, 0.0], [11.1096, 0.0], [15.3926, 0.0], [13.6794, 1.1749]], [[2.8293, 0.0], [5.1135, 0.0], [7.3977, 0.0], [11.1096, 0.0], [13.9649, -5.7442], [21.3887, 2.2193]], [[3.1148, 0.0], [4.828, 0.0], [7.3977, 0.0], [11.1096, 0.0], [11.9662, -9.9218], [16.8202, 1.0444]], [[2.8293, 0.0], [5.1135, 0.0], [7.3977, 0.0], [11.1096, 0.0], [69.6432, -0.2611], [9.3964, 0.1305]]]",3.0538,0.0,0.0,0.0,0.0,0.0,0.0,True,[3],0.0,0.0,0.0,1.8004,8.0,1.3088,1.6922,3.9436,0.7684,1.4094,1.8004,"[[3.115, 0.0], [4.828, 0.0], [7.398, 0.0], [11.11, 0.0], [12.537, 0.0], [15.393, -0.131]]",ok,11.6272,0.0,0.0,0.0,0.0,0.0,0.0,0.0,0.0,0.0,c0f19958e8e84a3c83b70187bf9fa0a5,scene-0908,42
3.8026,7.0901,10.651,2.6963,4.5059,6.2036,0.0,0.0,0.0,0.0,0.0,0.0,0.0,0.0,0.0,ok,straight,3.8026,7.0901,10.08,2.6963,4.5059,6.1084,True,"[-0.0653, -0.0653, -0.0653, -0.6527, -0.0653, -0.0653, -0.0653, -2.0888]","[-50.0643, -53.8076, -101.4062, -361.2284, -3416.9181, -3640.331, -20538.805, -914233.8424]","[3.2357, 3.2174, 3.2173, 2.3574, -1003414.5608, -1003637.992, -1020536.4477, -1914231.5035]","[5.918, 6.108, 7.441, 5.931, 6.005, 4.349, 4.782, 11.676]","[[[3.1148, 0.0], [5.9701, 0.0], [7.9688, 0.0], [10.5386, -0.1305], [13.6794, -0.1305], [16.8202, -0.1305]], [[2.8293, 0.0], [5.1135, 0.0], [7.9688, 0.0], [10.5386, -0.1305], [13.6794, -0.1305], [16.8202, -0.1305]], [[2.8293, 0.0], [5.1135, 0.0], [7.9688, 0.0], [10.5386, -0.1305], [11.6807, -0.1305], [10.8241, 0.1305]], [[3.1148, 0.0], [5.9701, 0.0], [7.9688, 0.0], [10.5386, -0.1305], [12.8228, 0.0], [17.6768, -1.3055]], [[3.1148, 0.0], [5.9701, 0.0], [7.9688, 0.0], [10.5386, -0.1305], [15.107, -2.8721], [15.3926, 0.1305]], [[2.8293, 0.0], [5.1135, 0.0], [7.9688, 0.0], [10.5386, -0.1305], [18.8189, -0.2611], [22.2453, 0.1305]], [[3.1148, 0.0], [5.9701, 0.0], [7.9688, 0.0], [10.5386, -0.1305], [21.3887, 0.1305], [15.9636, 0.1305]], [[2.8293, 0.0], [5.1135, 0.0], [7.9688, 0.0], [10.5386, -0.1305], [69.6432, -1.1749], [29.098, -4.1776]]]",2.1305,0.0,0.0,0.0,0.0,0.0,0.0,True,[3],0.0,0.0,0.0,4.3494,8.0,3.8026,7.0901,4.6622,2.6963,4.5059,4.3494,"[[2.829, 0.0], [5.113, 0.0], [7.969, 0.0], [10.539, -0.131], [13.679, -0.131], [16.82, -0.131]]",ok,11.6763,0.0,0.0,0.0,0.0,0.0,0.0,0.0,0.0,0.0,e388dd5b5cdd4b60bfb3ab5ba61f7708,scene-0908,42
3.9523,7.9183,12.894,2.7063,4.7883,7.1196,0.0,0.0,0.0,0.0,0.0,0.0,0.0,0.0,0.0,ok,straight,3.9523,7.0953,12.894,2.7063,4.5113,6.9349,True,"[-0.0653, -0.0653, -0.4569, -0.1958, -0.0653, -0.0, -0.4569, -0.0653]","[-59.2479, -356.4119, -686.5539, -1962.226, -3424.8303, -5803.8901, -19160.2748, -32520.764]","[4.6912, 3.1325, 0.8321, -1001958.8732, -1003421.4775, -1005802.0689, -1019158.4536, -1032517.4112]","[7.12, 6.935, 7.292, 7.691, 7.506, 5.375, 6.15, 6.915]","[[[2.8293, 0.0], [5.1135, 0.0], [7.9688, 0.0], [10.5386, -0.1305], [12.8228, -0.1305], [15.9636, -0.1305]], [[2.8293, 0.0], [5.1135, 0.0], [8.2543, 0.0], [11.3952, 0.2611], [12.8228, -0.1305], [15.9636, -0.1305]], [[2.8293, 0.0], [5.1135, 0.0], [8.2543, 0.0], [11.3952, 0.2611], [11.9662, 0.2611], [14.8215, 0.9138]], [[2.8293, 0.0], [5.1135, 0.0], [7.9688, 0.0], [10.5386, -0.1305], [10.253, 0.2611], [15.107, -0.3916]], [[2.8293, 0.0], [5.1135, 0.0], [7.9688, 0.0], [10.5386, -0.1305], [9.9675, 0.3916], [16.5347, -0.1305]], [[2.8293, 0.0], [5.1135, 0.0], [8.2543, 0.0], [11.3952, 0.2611], [19.39, -0.1305], [18.8189, 0.0]], [[2.8293, 0.0], [5.1135, 0.0], [8.2543, 0.0], [11.3952, 0.2611], [9.3964, -1.0444], [24.5295, 0.9138]], [[2.8293, 0.0], [5.1135, 0.0], [7.9688, 0.0], [10.5386, -0.1305], [13.3939, -10.0523], [20.2466, 0.1305]]]",0.714,0.0,0.0,0.0,0.0,0.0,0.0,True,[3],0.0,0.0,0.0,5.375,8.0,3.9523,7.0953,10.0661,2.7063,4.5113,5.375,"[[2.829, 0.0], [5.113, 0.0], [8.254, 0.0], [11.395, 0.261], [12.823, -0.131], [15.964, -0.131]]",ok,7.6908,0.0,0.0,0.0,0.0,0.0,0.0,0.0,0.0,0.0,3abf81a7c3894000a4c508e6ced0caca,scene-0909,42
2.3062,5.3683,9.7098,1.6472,3.2386,5.0883,0.0,0.0,0.0,0.0,0.0,0.0,0.0,0.0,0.0,ok,straight,2.8849,6.2093,9.7098,2.0788,3.9519,5.5639,False,"[-0.1305, -0.1305, -0.0653, -0.9791, -0.0, -0.1305, -0.1305, -0.0]","[-183.6634, -29.5895, -1546.3163, -2482.5406, -2528.557, -3002.8631, -3974.6716, -5351.9389]","[3.9934, 3.2642, -1001544.6645, -1002480.0685, -1002526.0848, -1003000.391, -1003973.0198, -1005350.2872]","[5.232, 5.564, 5.096, 4.712, 6.575, 5.137, 6.217, 5.659]","[[[2.5437, 0.0], [4.828, 0.0], [8.5399, -0.1305], [11.1096, -0.1305], [13.1083, -0.1305], [15.3926, -0.2611]], [[2.5437, 0.0], [4.828, 0.0], [7.3977, 0.0], [10.253, -0.2611], [13.1083, -0.1305], [15.3926, -0.2611]], [[2.5437, 0.0], [4.828, 0.0], [7.3977, 0.0], [10.253, -0.2611], [11.9662, -0.3916], [19.39, -0.1305]], [[2.5437, 0.0], [4.828, 0.0], [8.5399, -0.1305], [11.1096, -0.1305], [13.6794, -3.5248], [18.2479, -1.9582]], [[2.5437, 0.0], [4.828, 0.0], [8.5399, -0.1305], [11.1096, -0.1305], [12.8228, 1.5666], [7.9688, 0.0]], [[2.5437, 0.0], [4.828, 0.0], [8.5399, -0.1305], [11.1096, -0.1305], [11.1096, -0.2611], [17.9623, -0.2611]], [[2.5437, 0.0], [4.828, 0.0], [7.3977, 0.0], [10.253, -0.2611], [14.536, -1.0444], [9.9675, -0.2611]], [[2.5437, 0.0], [4.828, 0.0], [7.3977, 0.0], [10.253, -0.2611], [15.9636, -0.3916], [11.9662, 0.0]]]",0.5791,0.0,0.0,0.0,0.0,0.0,0.0,True,[3],0.0,0.0,0.0,4.7115,8.0,2.8849,5.3683,6.8055,2.0788,3.4544,4.7115,"[[2.544, 0.0], [4.828, 0.0], [7.398, 0.0], [10.253, -0.261], [13.108, -0.131], [15.393, -0.261]]",ok,6.5755,0.0,0.0,0.0,0.0,0.0,0.0,0.0,0.0,0.0,4c55b0578d424ad88d1856c933ba2059,scene-0909,42
5.3078,10.2861,15.2865,4.1314,6.5197,9.0959,0.0,0.0,0.0,0.0,0.0,0.0,0.0,0.0,0.0,ok,straight,5.3078,9.71,15.0012,4.1314,6.3043,8.9048,True,"[-0.0, -0.0, -0.1305, -1.1749, -0.0, -1.6319, -0.1958, -5.1567]","[-52.4745, -216.2567, -136.468, -280.5904, -2804.0951, -2997.9419, -4245.4109, -5671.469]","[4.4444, 4.3067, 4.2671, 3.6261, -1002801.3077, -1002995.0966, -1004242.6234, -1005668.6237]","[9.048, 8.905, 9.046, 8.435, 9.098, 9.047, 8.356, 8.939]","[[[1.1161, 0.0], [2.2582, 0.0], [3.6858, 0.0], [4.5424, 0.0], [5.1135, 0.0], [6.8267, 0.0]], [[1.1161, 0.0], [2.2582, 0.0], [3.9714, 0.0], [5.1135, -0.2611], [5.1135, 0.0], [6.8267, 0.0]], [[1.1161, 0.0], [2.2582, 0.0], [3.9714, 0.0], [5.1135, -0.2611], [5.1135, 0.0], [5.9701, -0.2611]], [[1.1161, 0.0], [2.2582, 0.0], [3.6858, 0.0], [4.5424, 0.0], [6.8267, 0.0], [9.1109, 2.3499]], [[1.1161, 0.0], [2.2582, 0.0], [3.9714, 0.0], [5.1135, -0.2611], [7.6833, -1.1749], [3.1148, 0.0]], [[1.1161, 0.0], [2.2582, 0.0], [3.6858, 0.0], [4.5424, 0.0], [3.4003, 0.2611], [8.8254, -3.2637]], [[1.1161, 0.0], [2.2582, 0.0], [3.9714, 0.0], [5.1135, -0.2611], [9.3964, 1.0444], [5.9701, 0.3916]], [[1.1161, 0.0], [2.2582, 0.0], [3.6858, 0.0], [4.5424, 0.0], [5.6846, 0.0], [10.5386, -10.3134]]]",0.2749,0.0,0.0,0.0,0.0,0.0,0.0,True,[3],0.0,0.0,0.0,8.3559,8.0,5.3078,9.71,15.8757,4.1314,6.3043,8.3559,"[[1.116, 0.0], [2.258, 0.0], [3.971, 0.0], [5.113, -0.261], [5.113, 0.0], [6.827, 0.0]]",ok,9.0978,0.0,0.0,0.0,0.0,0.0,0.0,0.0,0.0,0.0,0979033d108c4beba39e8516fb383230,scene-0909,42
1.1601,1.5122,2.3861,0.851,1.1392,1.4793,0.0,0.0,0.0,0.0,0.0,0.0,0.0,0.0,0.0,ok,straight,1.1601,1.5122,2.3861,0.851,1.1392,1.4793,False,"[-0.0653, -0.0653, -0.0653, -0.0653, -0.0653, -0.0653, -0.0653, -2.2193]","[-4.7369, -28.2954, -63.7496, -378.4205, -1665.6367, -18908.467, -39304.8246, -1102512.5023]","[2.9447, 2.9447, 2.9126, -1000376.2552, -1001663.5034, -1018906.3338, -1039302.6593, -2102510.3691]","[1.479, 1.195, 1.574, 1.573, 1.544, 3.255, 3.405, 11.124]","[[[2.2582, 0.0], [4.5424, 0.0], [6.8267, -0.1305], [9.1109, -0.1305], [11.1096, -0.1305], [13.1083, -0.1305]], [[2.2582, 0.0], [4.5424, 0.0], [6.8267, -0.1305], [9.1109, -0.1305], [11.3952, 0.1305], [14.536, -0.1305]], [[1.6871, 0.0], [4.5424, 0.0], [6.8267, -0.1305], [9.1109, -0.1305], [11.1096, -0.1305], [13.1083, -0.1305]], [[2.2582, 0.0], [4.5424, 0.0], [6.8267, -0.1305], [9.1109, -0.1305], [11.9662, 0.0], [11.6807, -0.1305]], [[1.6871, 0.0], [4.5424, 0.0], [6.8267, -0.1305], [9.1109, -0.1305], [9.9675, 0.0], [16.5347, -0.1305]], [[1.6871, 0.0], [4.5424, 0.0], [6.8267, -0.1305], [9.1109, -0.1305], [7.6833, -0.1305], [24.5295, -0.1305]], [[2.2582, 0.0], [4.5424, 0.0], [6.8267, -0.1305], [9.1109, -0.1305], [19.9611, 0.0], [6.5412, -0.1305]], [[1.6871, 0.0], [4.5424, 0.0], [6.8267, -0.1305], [9.1109, -0.1305], [69.6432, 0.2611], [17.6768, -4.4387]]]",3.119,0.0,0.0,0.0,0.0,0.0,0.0,True,[3],0.0,0.0,0.0,1.1951,8.0,1.1601,1.5122,0.9706,0.851,1.1392,1.1951,"[[2.258, 0.0], [4.542, 0.0], [6.827, -0.131], [9.111, -0.131], [11.11, -0.131], [13.108, -0.131]]",ok,11.1243,0.0,0.0,0.0,0.0,0.0,0.0,0.0,0.0,0.0,7fa07947a975451da4b3d7c485af3c07,scene-0909,42
1.3972,3.5891,7.1231,1.1225,2.2422,3.3599,0.0,0.0,0.0,0.0,0.0,0.0,0.0,0.0,0.0,ok,straight,1.3972,1.0231,7.1231,1.1225,1.0452,2.5619,True,"[-0.0653, -0.0653, -0.0653, -0.0, -0.0, -0.0653, -0.0653, -0.0653]","[-512.0226, -243.3183, -993.7301, -1329.3719, -2752.602, -3613.3011, -6411.9528, -1264539.9777]","[2.16, 2.1324, -1000991.3749, -1001327.0168, -1002750.275, -1003610.9742, -1006409.6258, -2264537.6226]","[2.562, 3.36, 2.8, 1.468, 2.695, 3.885, 4.361, 11.723]","[[[1.6871, 0.0], [3.6858, 0.0], [6.8267, -0.3916], [9.1109, 0.0], [8.5399, -0.1305], [8.5399, -0.1305]], [[1.6871, 0.0], [3.6858, 0.0], [4.5424, 0.0], [6.5412, -0.1305], [8.5399, -0.1305], [8.5399, -0.1305]], [[1.6871, 0.0], [3.6858, 0.0], [6.8267, -0.3916], [9.1109, 0.0], [7.6833, 0.0], [7.9688, -0.1305]], [[1.6871, 0.0], [3.6858, 0.0], [6.8267, -0.3916], [9.1109, 0.0], [9.3964, -0.1305], [14.2505, 0.0]], [[1.6871, 0.0], [3.6858, 0.0], [4.5424, 0.0], [6.5412, -0.1305], [11.3952, 0.0], [9.682, 0.0]], [[1.6871, 0.0], [3.6858, 0.0], [4.5424, 0.0], [6.5412, -0.1305], [9.682, 0.1305], [4.2569, -0.1305]], [[1.6871, 0.0], [3.6858, 0.0], [4.5424, 0.0], [6.5412, -0.1305], [9.682, 0.1305], [1.4016, -0.1305]], [[1.6871, 0.0], [3.6858, 0.0], [6.8267, -0.3916], [9.1109, 0.0], [69.6432, -0.1305], [6.5412, -0.1305]]]",2.9944,0.0,0.0,0.0,0.0,0.0,0.0,True,[3],0.0,0.0,0.0,1.4683,8.0,1.3972,1.0231,1.418,1.1225,1.0452,1.4683,"[[1.687, 0.0], [3.686, 0.0], [6.827, -0.392], [9.111, 0.0], [8.54, -0.131], [8.54, -0.131]]",ok,11.7231,0.0,0.0,0.0,0.0,0.0,0.0,0.0,0.0,0.0,43da50265dfa4876bdf1efed38e7a261,scene-0910,42
0.8503,1.0961,3.2855,0.6124,0.9504,1.4246,0.0,0.0,0.0,0.0,0.0,0.0,0.0,0.0,0.0,ok,straight,0.8632,0.6228,3.2855,0.6188,0.5521,1.159,True,"[-0.0653, -0.0653, -0.0653, -0.1305, -0.0653, -0.0653, -0.0653, -0.0]","[-690.9949, -1001.9016, -76.5933, -2601.7821, -3748.7812, -4429.4816, -5897.8432, -1032950.5736]","[2.471, 2.4701, 2.2018, -1002599.6948, -1003746.9649, -1004427.6653, -1005896.0269, -2032948.4862]","[0.53, 1.159, 1.425, 1.163, 1.51, 1.938, 1.319, 9.717]","[[[2.2582, 0.0], [6.2556, 0.0], [7.9688, -0.1305], [11.3952, 0.0], [14.536, -0.1305], [16.5347, -0.1305]], [[2.2582, 0.0], [6.2556, 0.0], [7.9688, -0.1305], [11.3952, 0.0], [12.5373, -0.1305], [13.6794, -0.1305]], [[2.2582, 0.0], [4.5424, 0.0], [6.8267, -0.1305], [9.682, -0.1305], [12.5373, -0.1305], [13.6794, -0.1305]], [[2.2582, 0.0], [6.2556, 0.0], [7.9688, -0.1305], [11.3952, 0.0], [13.1083, 0.0], [20.8176, 0.2611]], [[2.2582, 0.0], [4.5424, 0.0], [6.8267, -0.1305], [9.682, -0.1305], [15.3926, 0.0], [13.1083, -0.1305]], [[2.2582, 0.0], [4.5424, 0.0], [6.8267, -0.1305], [9.682, -0.1305], [18.2479, 0.1305], [20.5321, -0.1305]], [[2.2582, 0.0], [4.5424, 0.0], [6.8267, -0.1305], [9.682, -0.1305], [17.3913, -0.1305], [16.2492, -0.1305]], [[2.2582, 0.0], [6.2556, 0.0], [7.9688, -0.1305], [11.3952, 0.0], [69.6432, -0.1305], [17.3913, 0.0]]]",2.8109,0.0,0.0,0.0,0.0,0.0,0.0,True,[3],0.0,0.0,0.0,0.5296,8.0,0.8632,0.6228,0.4302,0.6188,0.5521,0.5296,"[[2.258, 0.0], [6.256, 0.0], [7.969, -0.131], [11.395, 0.0], [12.537, -0.131], [13.679, -0.131]]",ok,9.7169,0.0,0.0,0.0,0.0,0.0,0.0,0.0,0.0,0.0,9e226262318d4df88e6221e46b8fe4c9,scene-0910,42
1.6981,3.9592,5.6161,1.1928,2.2375,3.2185,0.0,0.0,0.0,0.0,0.0,0.0,0.0,0.0,0.0,ok,straight,3.1257,3.9592,5.6161,2.0493,2.6658,3.504,False,"[-0.0653, -0.0653, -0.1305, -0.1958, -0.0653, -0.2611, -0.6527, -0.1305]","[-15.1248, -540.2063, -621.1686, -978.8309, -1140.658, -6757.972, -8482.5272, -11224.2925]","[2.8528, 2.4882, 2.115, -1000977.5843, -1001139.4114, -1006756.9627, -1008481.5178, -1011223.046]","[3.219, 3.504, 2.982, 2.448, 2.274, 3.303, 3.289, 4.537]","[[[3.1148, 0.0], [5.9701, 0.0], [8.5399, -0.1305], [11.1096, -0.1305], [14.2505, -0.1305], [17.3913, -0.1305]], [[2.8293, 0.0], [4.5424, 0.0], [8.5399, -0.1305], [11.1096, -0.1305], [14.2505, -0.1305], [17.3913, -0.1305]], [[2.8293, 0.0], [4.5424, 0.0], [8.5399, -0.1305], [11.1096, -0.1305], [15.107, -0.1305], [19.6755, -0.2611]], [[3.1148, 0.0], [5.9701, 0.0], [8.5399, -0.1305], [11.1096, -0.1305], [15.3926, 0.1305], [25.1006, -0.3916]], [[3.1148, 0.0], [5.9701, 0.0], [8.5399, -0.1305], [11.1096, -0.1305], [17.1058, -0.3916], [20.2466, -0.1305]], [[2.8293, 0.0], [4.5424, 0.0], [8.5399, -0.1305], [11.1096, -0.1305], [17.1058, -3.9165], [18.2479, -0.5222]], [[2.8293, 0.0], [4.5424, 0.0], [8.5399, -0.1305], [11.1096, -0.1305], [18.2479, 0.2611], [14.8215, -1.3055]], [[3.1148, 0.0], [5.9701, 0.0], [8.5399, -0.1305], [11.1096, -0.1305], [17.6768, -0.1305], [39.9481, -0.2611]]]",0.6489,0.0,0.0,0.0,0.0,0.0,0.0,True,[3],0.0,0.0,0.0,2.2741,8.0,1.6981,3.9592,2.7628,1.1928,2.2375,2.2741,"[[2.829, 0.0], [4.542, 0.0], [8.54, -0.131], [11.11, -0.131], [14.25, -0.131], [17.391, -0.131]]",ok,4.5366,0.0,0.0,0.0,0.0,0.0,0.0,0.0,0.0,0.0,0a2daeb2d41147fc9fda982ce9783bf8,scene-0910,42
2.3138,4.285,6.6425,1.688,2.8788,4.1932,0.0,0.0,0.0,0.0,0.0,0.0,0.0,0.0,0.0,ok,straight,2.0284,4.285,8.6412,1.26,2.6647,4.3837,False,"[-0.0653, -0.0653, -0.0653, -0.2611, -0.1305, -0.0, -0.1305, -0.0]","[-469.9624, -191.6542, -535.1762, -5763.0044, -8466.8809, -20129.4874, -23153.3208, -133206.3686]","[2.9816, 2.974, 2.9659, -1005760.9032, -1008464.7797, -1020127.3722, -1023151.2055, -1133204.2533]","[4.526, 4.098, 4.384, 4.48, 4.051, 4.717, 3.91, 10.117]","[[[3.1148, 0.0], [5.9701, 0.0], [8.5399, -0.1305], [12.2517, -0.1305], [13.6794, -0.1305], [16.2492, -0.1305]], [[3.6858, 0.0], [6.2556, 0.0], [8.5399, -0.1305], [12.2517, -0.1305], [14.8215, -0.2611], [16.8202, -0.1305]], [[3.6858, 0.0], [6.2556, 0.0], [8.5399, -0.1305], [12.2517, -0.1305], [13.6794, -0.1305], [16.2492, -0.1305]], [[3.6858, 0.0], [6.2556, 0.0], [8.5399, -0.1305], [12.2517, -0.1305], [11.1096, -0.1305], [18.2479, -0.5222]], [[3.6858, 0.0], [6.2556, 0.0], [8.5399, -0.1305], [12.2517, -0.1305], [11.1096, -0.1305], [20.8176, -0.2611]], [[3.1148, 0.0], [5.9701, 0.0], [8.5399, -0.1305], [12.2517, -0.1305], [8.2543, -0.1305], [20.5321, 0.0]], [[3.1148, 0.0], [5.9701, 0.0], [8.5399, -0.1305], [12.2517, -0.1305], [23.1019, 0.1305], [15.3926, 0.2611]], [[3.1148, 0.0], [5.9701, 0.0], [8.5399, -0.1305], [12.2517, -0.1305], [16.2492, -0.2611], [69.6432, 0.0]]]",1.9374,0.0,0.0,0.0,0.0,0.0,0.0,True,[3],0.0,0.0,0.0,3.9099,8.0,2.3138,4.285,9.507,1.688,2.8788,3.9099,"[[3.686, 0.0], [6.256, 0.0], [8.54, -0.131], [12.252, -0.131], [13.679, -0.131], [16.249, -0.131]]",ok,10.1169,0.0,0.0,0.0,0.0,0.0,0.0,0.0,0.0,0.0,72359f16eac8449b96dc406f28c93e0d,scene-0910,42
3.5488,6.3437,10.5951,2.3699,3.9061,5.8122,0.0,0.0,0.0,0.0,0.0,0.0,0.0,0.0,0.0,ok,straight,1.5506,6.3437,10.5951,1.2322,3.3373,5.433,True,"[-0.0653, -0.0653, -0.0653, -0.0653, -0.1305, -0.0653, -0.0653, -0.0]","[-254.4345, -468.9772, -2219.408, -2425.0929, -3372.3961, -7369.3125, -20965.7427, -125684.4166]","[3.6508, 3.1845, -1002216.7165, -1002422.4014, -1003369.2437, -1007366.1601, -1020963.0513, -1125681.2642]","[5.812, 5.433, 5.385, 3.119, 5.11, 4.306, 5.525, 6.312]","[[[3.1148, 0.0], [5.1135, 0.0], [8.5399, -0.1305], [11.1096, -0.1305], [12.8228, -0.1305], [15.3926, -0.1305]], [[3.4003, 0.1305], [7.1122, 0.0], [8.5399, -0.1305], [11.1096, -0.1305], [12.8228, -0.1305], [15.3926, -0.1305]], [[3.4003, 0.1305], [7.1122, 0.0], [8.5399, -0.1305], [11.1096, -0.1305], [11.3952, 0.0], [17.1058, -0.1305]], [[3.4003, 0.1305], [7.1122, 0.0], [8.5399, -0.1305], [11.1096, -0.1305], [18.8189, 0.0], [23.3874, -0.1305]], [[3.1148, 0.0], [5.1135, 0.0], [8.5399, -0.1305], [11.1096, -0.1305], [16.8202, -0.3916], [15.6781, -0.2611]], [[3.1148, 0.0], [5.1135, 0.0], [8.5399, -0.1305], [11.1096, -0.1305], [12.2517, -0.3916], [25.3861, -0.1305]], [[3.4003, 0.1305], [7.1122, 0.0], [8.5399, -0.1305], [11.1096, -0.1305], [7.1122, 0.0], [20.5321, 0.1305]], [[3.1148, 0.0], [5.1135, 0.0], [8.5399, -0.1305], [11.1096, -0.1305], [32.8099, -0.2611], [15.107, 0.0]]]",0.9286,0.0,0.0,0.0,0.0,0.0,0.0,True,[3],0.0,0.0,0.0,3.1188,8.0,1.5506,6.3437,2.6876,1.2322,3.3373,3.1188,"[[3.4, 0.131], [7.112, 0.0], [8.54, -0.131], [11.11, -0.131], [12.823, -0.131], [15.393, -0.131]]",ok,6.3119,0.0,0.0,0.0,0.0,0.0,0.0,0.0,0.0,0.0,d056b9bdd56f44669540c6c323042d30,scene-0911,42
0.8964,2.9153,6.2233,0.6788,1.4982,2.8705,0.0,0.0,0.0,0.0,0.0,0.0,0.0,0.0,0.0,ok,straight,1.7606,2.9153,6.2233,1.2529,1.7852,2.9197,False,"[-0.1305, -0.3264, -0.1305, -5.2873, -0.1305, -0.3916, -0.2611, -0.0]","[-222.2434, -387.907, -4462.2821, -5897.9285, -6160.6109, -8778.3022, -9413.3202, -15537.7021]","[5.0876, 4.9363, -1004458.9161, -1005894.5625, -1006158.102, -1008775.7933, -1009410.8113, -1015535.1932]","[3.062, 2.392, 2.71, 3.243, 2.622, 2.523, 2.65, 2.585]","[[[3.9714, 0.0], [7.6833, 0.0], [12.5373, -0.1305], [16.2492, -0.1305], [19.1045, -0.2611], [23.3874, -0.2611]], [[3.9714, 0.0], [7.6833, 0.0], [12.5373, -0.1305], [16.2492, -0.1305], [19.9611, -0.2611], [26.5282, -0.6527]], [[3.9714, 0.0], [7.6833, 0.0], [12.5373, -0.1305], [16.2492, -0.1305], [23.1019, 0.0], [21.6742, -0.2611]], [[3.9714, 0.0], [7.6833, 0.0], [12.5373, -0.1305], [16.2492, -0.1305], [21.6742, -0.2611], [31.3822, -10.5745]], [[3.9714, 0.0], [7.6833, 0.0], [13.1083, -0.1305], [19.9611, -0.2611], [19.1045, -0.2611], [23.3874, -0.2611]], [[3.9714, 0.0], [7.6833, 0.0], [13.1083, -0.1305], [19.9611, -0.2611], [18.5334, -0.1305], [24.5295, -0.7833]], [[3.9714, 0.0], [7.6833, 0.0], [13.1083, -0.1305], [19.9611, -0.2611], [18.2479, 0.0], [24.244, 0.5222]], [[3.9714, 0.0], [7.6833, 0.0], [13.1083, -0.1305], [19.9611, -0.2611], [17.1058, -0.2611], [25.6716, 0.0]]]",0.2668,0.0,0.0,0.0,0.0,0.0,0.0,True,[3],0.0,0.0,0.0,2.3925,8.0,1.7606,2.9153,3.0602,1.2529,1.7852,2.3925,"[[3.971, 0.0], [7.683, 0.0], [12.537, -0.131], [16.249, -0.131], [19.961, -0.261], [23.387, -0.261]]",ok,3.2434,0.0,0.0,0.0,0.0,0.0,0.0,0.0,0.0,0.0,9c79076d8e9646c5b77fca8fbe189d64,scene-0911,42
1.4153,2.8663,4.9091,1.0192,1.8494,2.6828,0.0,0.0,0.0,0.0,0.0,0.0,0.0,0.0,0.0,ok,straight,1.4153,2.8663,2.0722,1.0192,1.8494,1.7216,True,"[-0.1305, -0.0653, -0.1958, -0.5875, -0.1305, -0.1305, -0.3264, -0.1958]","[-76.5601, -4283.9955, -12799.5712, -791485.4876, -50418.2522, -117877.1977, -193721.1393, -553329.8978]","[2.6404, -1004282.7061, -1012798.2817, -1791484.1981, -2058426.1794, -2125885.1248, -2201729.0664, -2561337.825]","[2.635, 1.719, 2.599, 9.096, 3.444, 5.297, 8.927, 10.795]","[[[4.2569, 0.0], [8.5399, -0.1305], [12.5373, -0.1305], [16.2492, -0.1305], [20.8176, -0.1305], [24.5295, -0.2611]], [[4.2569, 0.0], [8.5399, -0.1305], [12.5373, -0.1305], [16.2492, -0.1305], [25.1006, -0.2611], [27.3848, -0.1305]], [[4.2569, 0.0], [8.5399, -0.1305], [12.5373, -0.1305], [16.2492, -0.1305], [29.3835, -0.1305], [32.5244, -0.3916]], [[4.2569, 0.0], [8.5399, -0.1305], [12.5373, -0.1305], [16.2492, -0.1305], [69.6432, -0.5222], [27.6704, -1.1749]], [[4.2569, 0.0], [8.5399, -0.1305], [12.8228, 0.0], [27.0993, -0.1305], [20.8176, -0.1305], [24.5295, -0.2611]], [[4.2569, 0.0], [8.5399, -0.1305], [12.8228, 0.0], [27.0993, -0.1305], [12.5373, -0.3916], [21.6742, -0.2611]], [[4.2569, 0.0], [8.5399, -0.1305], [12.8228, 0.0], [27.0993, -0.1305], [23.3874, 0.1305], [69.6432, -0.6527]], [[4.2569, 0.0], [8.5399, -0.1305], [12.8228, 0.0], [27.0993, -0.1305], [69.6432, -0.1305], [22.2453, -0.3916]]]",3.3141,0.0,0.0,0.0,0.0,0.0,0.0,False,[3],0.0,0.0,0.0,1.7191,8.0,1.4153,2.8663,2.0989,1.0192,1.8494,1.7191,"[[4.257, 0.0], [8.54, -0.131], [12.537, -0.131], [16.249, -0.131], [25.101, -0.131], [27.385, -0.261]]",ok,10.7951,0.0,0.0,0.0,0.0,0.0,0.0,0.0,0.0,0.0,4d214e9ba19f48ec8a6e636ca8c6b1c4,scene-0911,42
1.5235,2.9382,3.8692,1.279,1.8479,2.3954,0.0,0.0,0.0,0.0,0.0,0.0,0.0,0.0,0.0,ok,straight,1.5235,2.9382,3.8692,1.279,1.9907,2.4905,False,"[-0.0, -0.1305, -0.718, -0.0653, -0.1305, -0.1958, -0.0, -0.1305]","[-245.72, -27.3437, -696713.7208, -798314.9407, -1183.8887, -25174.8341, -44529.2048, -71556.1607]","[2.5067, 1.9039, -1696712.6547, -1798313.8746, -2003312.3309, -2027303.2763, -2046657.647, -2073684.6029]","[2.825, 2.491, 8.731, 10.068, 2.269, 2.851, 6.604, 7.556]","[[[4.2569, 0.0], [8.5399, -0.1305], [13.3939, -0.1305], [18.2479, -0.1305], [23.3874, -0.3916], [25.9572, 0.0]], [[4.2569, 0.0], [8.5399, -0.1305], [13.3939, -0.1305], [18.2479, -0.1305], [23.3874, -0.1305], [27.9559, -0.2611]], [[4.2569, 0.0], [8.5399, -0.1305], [13.3939, -0.1305], [18.2479, -0.1305], [69.6432, -0.1305], [31.3822, -1.436]], [[4.2569, 0.0], [8.5399, -0.1305], [13.3939, -0.1305], [18.2479, -0.1305], [69.6432, -0.6527], [22.5308, -0.1305]], [[4.828, 0.0], [10.8241, 0.0], [13.3939, -0.1305], [18.2479, -0.1305], [23.3874, -0.1305], [27.9559, -0.2611]], [[4.828, 0.0], [10.8241, 0.0], [13.3939, -0.1305], [18.2479, -0.1305], [31.3822, -0.2611], [26.2427, -0.3916]], [[4.828, 0.0], [10.8241, 0.0], [13.3939, -0.1305], [18.2479, -0.1305], [24.244, 0.1305], [1.1161, 0.0]], [[4.828, 0.0], [10.8241, 0.0], [13.3939, -0.1305], [18.2479, -0.1305], [25.6716, -0.5222], [69.6432, -0.2611]]]",2.9658,0.0,0.0,0.0,0.0,0.0,0.0,True,[3],0.0,0.0,0.0,2.2694,8.0,0.7664,2.9382,3.8692,0.6155,1.6589,2.2694,"[[4.257, 0.0], [8.54, -0.131], [13.394, -0.131], [18.248, -0.131], [23.387, -0.131], [27.956, -0.261]]",ok,10.0676,0.0,0.0,0.0,0.0,0.0,0.0,0.0,0.0,0.0,2c94aa3401594d3eaa64b3f2281e369c,scene-0911,42
1.914,2.2995,2.6958,1.4679,1.8487,2.193,0.0,0.0,0.0,0.0,0.0,0.0,0.0,0.0,0.0,ok,straight,1.914,2.2995,2.6993,1.4679,1.8487,2.2412,False,"[-0.0653, -0.0653, -0.0653, -0.0653, -0.0653, -8.2899, -0.1305, -0.1305]","[-148.6177, -246.5884, -41577.6812, -63468.3917, -138799.3468, -348767.5284, -679874.118, -733669.165]","[3.0532, 3.0526, -1041575.8964, -1063466.6069, -1138797.562, -1348765.7439, -1679872.3334, -1733667.3804]","[2.241, 2.051, 3.265, 7.886, 6.619, 9.251, 8.743, 8.833]","[[[4.2569, 0.0], [8.5399, -0.1305], [13.3939, -0.1305], [18.2479, -0.1305], [22.2453, -0.1305], [27.9559, -0.1305]], [[4.5424, 0.0], [9.3964, -0.1305], [13.3939, -0.1305], [18.2479, -0.1305], [22.2453, -0.1305], [27.9559, -0.1305]], [[4.2569, 0.0], [8.5399, -0.1305], [13.3939, -0.1305], [18.2479, -0.1305], [34.2375, -0.2611], [27.0993, -0.1305]], [[4.2569, 0.0], [8.5399, -0.1305], [13.3939, -0.1305], [18.2479, -0.1305], [26.5282, -0.2611], [69.6432, -0.1305]], [[4.2569, 0.0], [8.5399, -0.1305], [13.3939, -0.1305], [18.2479, -0.1305], [0.8306, 0.0], [23.1019, -0.1305]], [[4.5424, 0.0], [9.3964, -0.1305], [13.3939, -0.1305], [18.2479, -0.1305], [-2.8813, -0.1305], [42.8034, 16.5798]], [[4.5424, 0.0], [9.3964, -0.1305], [13.3939, -0.1305], [18.2479, -0.1305], [69.6432, -0.1305], [32.8099, -0.2611]], [[4.5424, 0.0], [9.3964, -0.1305], [13.3939, -0.1305], [18.2479, -0.1305], [69.6432, -0.1305], [27.9559, -0.2611]]]",2.8975,0.0,0.0,0.0,0.0,0.0,0.0,True,[3],0.0,0.0,0.0,2.0512,8.0,1.0578,2.2995,2.6993,0.8979,1.5637,2.0512,"[[4.257, 0.0], [8.54, -0.131], [13.394, -0.131], [18.248, -0.131], [22.245, -0.131], [27.956, -0.131]]",ok,9.251,0.0,0.0,0.0,0.0,0.0,0.0,0.0,0.0,0.0,8487e4c995874bb2aeb41d6484717d10,scene-0912,42
1.3693,2.7187,3.1108,1.0264,1.7345,2.2542,0.0,0.0,0.0,0.0,0.0,0.0,0.0,0.0,0.0,ok,straight,0.5196,2.7187,4.2528,0.6015,1.522,2.4457,False,"[-0.1305, -0.1305, -0.0653, -0.1305, -5.3525, -0.3264, -0.1305, -0.0653]","[-364.7233, -803.2868, -774.8825, -1178.5393, -5072.3042, -5304.6173, -8063.6391, -136284.5175]","[3.0277, 3.0178, 1.3876, 1.3406, -1005070.0983, -1005304.08, -1008061.4332, -1136283.9803]","[2.303, 3.065, 2.404, 2.783, 2.911, 2.983, 2.616, 9.408]","[[[4.2569, 0.0], [9.3964, 0.0], [12.5373, -0.1305], [16.8202, -0.1305], [20.8176, -0.1305], [24.8151, -0.2611]], [[4.2569, 0.0], [9.3964, 0.0], [12.5373, -0.1305], [16.8202, -0.1305], [18.8189, 0.0], [22.2453, -0.2611]], [[4.2569, 0.0], [9.3964, 0.0], [11.6807, 0.0], [14.8215, 0.2611], [19.9611, -0.1305], [27.9559, -0.1305]], [[4.2569, 0.0], [9.3964, 0.0], [11.6807, 0.0], [14.8215, 0.2611], [20.8176, -0.1305], [24.8151, -0.2611]], [[4.2569, 0.0], [9.3964, 0.0], [12.5373, -0.1305], [16.8202, -0.1305], [23.3874, -0.5222], [28.5269, -10.7051]], [[4.2569, 0.0], [9.3964, 0.0], [11.6807, 0.0], [14.8215, 0.2611], [16.5347, -0.2611], [27.9559, -0.6527]], [[4.2569, 0.0], [9.3964, 0.0], [12.5373, -0.1305], [16.8202, -0.1305], [24.244, 0.2611], [19.9611, -0.2611]], [[4.2569, 0.0], [9.3964, 0.0], [11.6807, 0.0], [14.8215, 0.2611], [17.3913, -0.2611], [69.6432, -0.1305]]]",2.225,0.0,0.0,0.0,0.0,0.0,0.0,True,[3],0.0,0.0,0.0,2.303,8.0,0.5196,2.7187,4.2528,0.6015,1.522,2.303,"[[4.257, 0.0], [9.396, 0.0], [12.537, -0.131], [16.82, -0.131], [19.961, -0.131], [24.815, -0.261]]",ok,9.4075,0.0,0.0,0.0,0.0,0.0,0.0,0.0,0.0,0.0,8b3b8a656b4243898c2233dd936d36eb,scene-0912,42
0.7181,1.5317,1.2568,0.5486,0.9633,1.1412,0.0,0.0,0.0,0.0,0.0,0.0,0.0,0.0,0.0,ok,straight,0.7109,2.1016,1.2568,0.4057,1.0343,1.2359,False,"[-0.0653, -0.1305, -0.1305, -0.1305, -0.0653, -0.1958, -0.1305, -0.0653]","[-1007.1758, -29.6004, -602.6712, -2005.4068, -9527.0634, -10549.6159, -90722.3984, -805359.1391]","[3.1641, 1.7321, 1.6538, -1002003.7346, -1009525.3912, -1010548.0198, -1090720.8023, -1805357.4669]","[1.522, 1.283, 1.236, 1.183, 2.238, 1.895, 3.629, 8.685]","[[[4.5424, 0.0], [9.9675, -0.1305], [12.5373, -0.1305], [16.2492, -0.1305], [21.3887, -0.1305], [23.6729, -0.1305]], [[4.2569, 0.0], [8.5399, -0.1305], [12.5373, -0.1305], [16.2492, -0.1305], [20.8176, -0.1305], [25.9572, -0.2611]], [[4.5424, 0.0], [9.9675, -0.1305], [12.5373, -0.1305], [16.2492, -0.1305], [20.8176, -0.1305], [25.9572, -0.2611]], [[4.2569, 0.0], [8.5399, -0.1305], [12.5373, -0.1305], [16.2492, -0.1305], [23.1019, -0.2611], [24.8151, -0.2611]], [[4.2569, 0.0], [8.5399, -0.1305], [12.5373, -0.1305], [16.2492, -0.1305], [15.107, -0.1305], [25.9572, -0.1305]], [[4.5424, 0.0], [9.9675, -0.1305], [12.5373, -0.1305], [16.2492, -0.1305], [25.3861, -0.2611], [22.5308, -0.3916]], [[4.5424, 0.0], [9.9675, -0.1305], [12.5373, -0.1305], [16.2492, -0.1305], [15.107, -15.2743], [27.6704, 0.2611]], [[4.2569, 0.0], [8.5399, -0.1305], [12.5373, -0.1305], [16.2492, -0.1305], [69.6432, -1.1749], [26.5282, 0.1305]]]",2.3818,0.0,0.0,0.0,0.0,0.0,0.0,True,[3],0.0,0.0,0.0,1.1831,8.0,0.7181,2.1016,2.3947,0.5486,1.1057,1.1831,"[[4.542, 0.0], [9.968, -0.131], [12.537, -0.131], [16.249, -0.131], [20.818, -0.131], [25.957, -0.261]]",ok,8.6852,0.0,0.0,0.0,0.0,0.0,0.0,0.0,0.0,0.0,f3c21d4c864e400bb9212a4db0bc8586,scene-0912,42
0.3519,0.5731,0.2554,0.49,0.45,0.4349,0.0,0.0,0.0,0.0,0.0,0.0,0.0,0.0,0.0,ok,straight,0.3519,0.5731,0.541,0.49,0.45,0.4824,False,"[-0.1305, -0.0, -0.1305, -0.1958, -0.0, -0.3264, -0.0, -0.2611]","[-16.0343, -487.4302, -1039.3426, -1311.4432, -1465.4939, -1933.2129, -6746.8096, -29764.1789]","[2.5224, -1000485.4728, -1001035.9711, -1001309.4857, -1001462.1224, -1001929.8414, -1006744.8522, -1029760.8073]","[0.482, 0.746, 1.332, 0.879, 2.149, 2.666, 2.387, 2.631]","[[[4.2569, 0.0], [8.5399, -0.1305], [12.5373, -0.1305], [16.8202, -0.1305], [20.8176, -0.1305], [24.8151, -0.2611]], [[4.2569, 0.0], [8.5399, -0.1305], [12.5373, -0.1305], [16.8202, -0.1305], [21.6742, 0.2611], [23.1019, 0.0]], [[3.6858, 0.0], [6.5412, 0.0], [9.682, -0.1305], [13.6794, -0.1305], [20.8176, -0.1305], [24.8151, -0.2611]], [[4.2569, 0.0], [8.5399, -0.1305], [12.5373, -0.1305], [16.8202, -0.1305], [19.39, 0.1305], [26.8138, -0.3916]], [[3.6858, 0.0], [6.5412, 0.0], [9.682, -0.1305], [13.6794, -0.1305], [17.6768, -0.2611], [27.6704, 0.0]], [[3.6858, 0.0], [6.5412, 0.0], [9.682, -0.1305], [13.6794, -0.1305], [23.1019, -0.2611], [30.5257, -0.6527]], [[4.2569, 0.0], [8.5399, -0.1305], [12.5373, -0.1305], [16.8202, -0.1305], [27.3848, -0.3916], [29.6691, 0.0]], [[3.6858, 0.0], [6.5412, 0.0], [9.682, -0.1305], [13.6794, -0.1305], [27.9559, -0.2611], [23.1019, -0.5222]]]",0.8412,0.0,0.0,0.0,0.0,0.0,0.0,True,[3],0.0,0.0,0.0,0.4824,8.0,0.3519,0.5731,0.541,0.49,0.45,0.4824,"[[4.257, 0.0], [8.54, -0.131], [12.537, -0.131], [16.82, -0.131], [20.818, -0.131], [24.815, -0.261]]",ok,2.666,0.0,0.0,0.0,0.0,0.0,0.0,0.0,0.0,0.0,410c44889c1f4d458a90f8dd90c31c50,scene-0912,42
3.0481,4.7997,8.7785,2.0786,3.1877,4.524,0.0,0.0,0.0,0.0,0.0,0.0,0.0,0.0,0.0,ok,straight,3.0481,4.7997,6.4946,2.0786,3.1877,4.1909,True,"[-0.0653, -0.1305, -0.1305, -0.1958, -0.0653, -0.1305, -0.1305, -0.5875]","[-167.6708, -594.0785, -1547.1228, -13851.1324, -1343.7458, -4551.6039, -11648.5055, -864985.621]","[2.2315, -1000592.9595, -1001546.0038, -1013850.0134, -2002435.9823, -2005643.8403, -2012740.7419, -2866077.8574]","[4.572, 4.143, 3.762, 5.525, 3.16, 3.112, 2.35, 8.703]","[[[3.6858, 0.0], [6.5412, -0.1305], [10.5386, -0.1305], [14.2505, -0.1305], [17.9623, -0.1305], [19.9611, -0.1305]], [[3.6858, 0.0], [6.5412, -0.1305], [10.5386, -0.1305], [14.2505, -0.1305], [17.1058, -0.1305], [23.3874, -0.2611]], [[3.6858, 0.0], [6.5412, -0.1305], [10.5386, -0.1305], [14.2505, -0.1305], [20.5321, -0.2611], [22.2453, -0.2611]], [[3.6858, 0.0], [6.5412, -0.1305], [10.5386, -0.1305], [14.2505, -0.1305], [20.8176, -0.5222], [11.3952, -0.3916]], [[4.828, 0.0], [9.3964, 0.0], [14.2505, -0.1305], [15.107, 0.0], [17.9623, -0.1305], [19.9611, -0.1305]], [[4.828, 0.0], [9.3964, 0.0], [14.2505, -0.1305], [15.107, 0.0], [14.8215, -0.2611], [23.3874, -0.2611]], [[4.828, 0.0], [9.3964, 0.0], [14.2505, -0.1305], [15.107, 0.0], [22.8163, -0.2611], [19.9611, -0.2611]], [[4.828, 0.0], [9.3964, 0.0], [14.2505, -0.1305], [15.107, 0.0], [69.6432, -2.8721], [26.8138, -1.1749]]]",1.8601,0.0,0.0,0.0,0.0,0.0,0.0,True,[3],0.0,0.0,0.0,2.3503,8.0,0.2039,3.9477,8.7785,0.1247,1.0698,2.3503,"[[3.686, 0.0], [6.541, -0.131], [10.539, -0.131], [14.25, -0.131], [17.962, -0.131], [22.245, -0.261]]",ok,8.7031,0.0,0.0,0.0,0.0,0.0,0.0,0.0,0.0,0.0,1f048fa210c64e80b9d57e3dc757702c,scene-0913,42
3.3842,5.6013,9.805,2.3432,3.6751,5.1757,0.0,0.0,0.0,0.0,0.0,0.0,0.0,0.0,0.0,ok,straight,2.5614,5.6013,9.234,2.0746,3.5407,4.991,True,"[-0.1305, -0.1305, -0.3264, -0.1958, -0.2611, -0.2611, -0.1305, -0.3264]","[-189.5455, -873.1662, -976.9401, -1479.8452, -3774.9292, -6051.5965, -141365.1478, -949921.3693]","[3.7751, 1.4454, -1.0173, -1001479.9707, -1003772.7271, -1006049.3944, -1141365.2732, -1949919.1673]","[5.081, 4.991, 4.193, 4.754, 5.798, 5.891, 10.332, 11.8]","[[[3.6858, 0.0], [6.5412, 0.0], [10.5386, -0.1305], [14.2505, -0.1305], [18.2479, -0.1305], [20.5321, -0.2611]], [[3.4003, 0.0], [7.6833, -1.3055], [10.5386, -0.1305], [14.2505, -0.1305], [18.2479, -0.1305], [20.5321, -0.2611]], [[3.4003, 0.0], [7.6833, -1.3055], [10.5386, -0.1305], [14.2505, -0.1305], [19.6755, -0.2611], [23.9585, 0.6527]], [[3.4003, 0.0], [7.6833, -1.3055], [10.5386, -0.1305], [14.2505, -0.1305], [19.39, 0.0], [20.8176, -0.3916]], [[3.6858, 0.0], [6.5412, 0.0], [10.5386, -0.1305], [14.2505, -0.1305], [16.5347, 3.6554], [18.8189, 0.5222]], [[3.6858, 0.0], [6.5412, 0.0], [10.5386, -0.1305], [14.2505, -0.1305], [13.1083, -0.3916], [20.8176, -0.5222]], [[3.4003, 0.0], [7.6833, -1.3055], [10.5386, -0.1305], [14.2505, -0.1305], [17.1058, -2.2193], [69.6432, -0.2611]], [[3.6858, 0.0], [6.5412, 0.0], [10.5386, -0.1305], [14.2505, -0.1305], [69.6432, 0.9138], [18.5334, -0.6527]]]",2.6509,0.0,0.0,0.0,0.0,0.0,0.0,True,[3],0.0,0.0,0.0,4.1928,8.0,2.5614,5.6013,5.8728,2.0746,3.5407,4.1928,"[[3.4, 0.0], [7.683, -1.305], [10.539, -0.131], [14.25, -0.131], [18.248, -0.131], [20.532, -0.261]]",ok,11.8003,0.0,0.0,0.0,0.0,0.0,0.0,0.0,0.0,0.0,4083ba541c6149779624c5d5203925ad,scene-0913,42
1.7797,3.4702,5.2463,1.3198,2.2287,3.0092,0.0,0.0,0.0,0.0,0.0,0.0,0.0,0.0,0.0,ok,straight,1.7797,3.4702,5.2463,1.6051,2.3714,3.1043,False,"[-0.1305, -0.0653, -0.1305, -0.2611, -0.2611, -2.4152, -0.0653, -0.1958]","[-17.2341, -793.5423, -103.3691, -151.1561, -623.7636, -9067.3565, -36816.3983, -837672.0252]","[3.5354, 3.5349, 3.4503, 3.3608, -1000621.1288, -1009064.6368, -1036813.6787, -1837669.3904]","[3.009, 3.932, 3.104, 4.01, 3.113, 6.418, 5.302, 10.373]","[[[4.2569, 0.0], [8.5399, -0.1305], [12.5373, -0.1305], [16.8202, -0.1305], [20.8176, -0.2611], [24.8151, -0.2611]], [[3.6858, 0.0], [8.5399, -0.1305], [12.5373, -0.1305], [16.8202, -0.1305], [18.8189, -1.3055], [21.9598, -0.1305]], [[3.6858, 0.0], [8.5399, -0.1305], [12.5373, -0.1305], [16.8202, -0.1305], [20.8176, -0.2611], [24.8151, -0.2611]], [[4.2569, 0.0], [8.5399, -0.1305], [12.5373, -0.1305], [16.8202, -0.1305], [19.1045, -0.3916], [20.5321, -0.5222]], [[3.6858, 0.0], [8.5399, -0.1305], [12.5373, -0.1305], [16.8202, -0.1305], [21.9598, -0.6527], [23.6729, -0.5222]], [[4.2569, 0.0], [8.5399, -0.1305], [12.5373, -0.1305], [16.8202, -0.1305], [18.8189, -0.5222], [6.8267, -4.8303]], [[4.2569, 0.0], [8.5399, -0.1305], [12.5373, -0.1305], [16.8202, -0.1305], [9.3964, -1.436], [22.5308, -0.1305]], [[3.6858, 0.0], [8.5399, -0.1305], [12.5373, -0.1305], [16.8202, -0.1305], [69.6432, -0.2611], [22.2453, -0.3916]]]",2.349,0.0,0.0,0.0,0.0,0.0,0.0,True,[3],0.0,0.0,0.0,3.0092,8.0,1.7797,3.4702,5.2463,1.3198,2.2287,3.0092,"[[3.686, 0.0], [8.54, -0.131], [12.537, -0.131], [16.82, -0.131], [20.818, -0.261], [24.815, -0.261]]",ok,10.3728,0.0,0.0,0.0,0.0,0.0,0.0,0.0,0.0,0.0,51bbacdcf4c94b8c977ab36f1f0c9e1b,scene-0913,42
0.5047,1.1371,0.6807,0.3898,0.5152,0.556,0.0,0.0,0.0,0.0,0.0,0.0,0.0,0.0,0.0,ok,straight,0.5047,1.1371,0.317,0.3898,0.5152,0.4954,True,"[-0.1305, -0.1305, -0.5222, -2.3499, -0.0, -3.6554, -0.3916, -0.1958]","[-140.2691, -261.9822, -616.4824, -972.2695, -1343.3162, -1495.0769, -3436.1643, -6167.787]","[3.9666, 3.8927, -1000614.017, -1000969.8143, -1001340.8508, -1001492.6217, -1003433.7091, -1006165.3215]","[0.495, 0.618, 3.208, 1.64, 1.156, 1.939, 1.044, 1.11]","[[[4.2569, 0.0], [8.5399, -0.1305], [13.3939, -0.1305], [18.2479, -0.1305], [21.6742, -0.2611], [25.9572, -0.2611]], [[5.399, -0.1305], [9.682, -0.1305], [13.3939, -0.1305], [18.2479, -0.1305], [21.6742, -0.2611], [25.9572, -0.2611]], [[4.2569, 0.0], [8.5399, -0.1305], [13.3939, -0.1305], [18.2479, -0.1305], [26.2427, -0.1305], [37.9494, -1.0444]], [[5.399, -0.1305], [9.682, -0.1305], [13.3939, -0.1305], [18.2479, -0.1305], [22.8163, 0.0], [25.9572, 4.6998]], [[4.2569, 0.0], [8.5399, -0.1305], [13.3939, -0.1305], [18.2479, -0.1305], [21.6742, 2.0888], [23.6729, 0.0]], [[5.399, -0.1305], [9.682, -0.1305], [13.3939, -0.1305], [18.2479, -0.1305], [23.1019, -0.7833], [26.8138, -7.3108]], [[5.399, -0.1305], [9.682, -0.1305], [13.3939, -0.1305], [18.2479, -0.1305], [19.6755, -0.2611], [27.9559, -0.7833]], [[4.2569, 0.0], [8.5399, -0.1305], [13.3939, -0.1305], [18.2479, -0.1305], [18.5334, -0.3916], [27.9559, -0.3916]]]",0.8153,0.0,0.0,0.0,0.0,0.0,0.0,True,[3],0.0,0.0,0.0,0.4954,8.0,0.5047,1.1371,0.317,0.3898,0.5152,0.4954,"[[4.257, 0.0], [8.54, -0.131], [13.394, -0.131], [18.248, -0.131], [21.674, -0.261], [25.957, -0.261]]",ok,3.2081,0.0,0.0,0.0,0.0,0.0,0.0,0.0,0.0,0.0,10304c813c9d47a8a560f6859dc14b17,scene-0913,42
1.1302,3.0222,4.9145,0.7939,1.6884,2.5913,0.0,0.0,0.0,0.0,0.0,0.0,0.0,0.0,0.0,ok,straight,1.1302,2.03,4.3685,0.7939,1.4404,2.1042,True,"[-1.5666, -1.7624, -1.9582, -1.5666, -1.1097, -2.4804, -7.1802, -0.3916]","[-338.604, -223.2166, -1028.4643, -2445.9237, -11744.479, -94104.4727, -113474.4732, -250852.2424]","[3.1349, 3.0358, -1001025.2722, -1002442.7316, -1011742.396, -1094101.2806, -1113471.2811, -1250850.1594]","[2.392, 2.104, 1.364, 1.959, 2.473, 9.283, 9.476, 11.845]","[[[3.1148, -0.1305], [5.9701, -0.2611], [8.5399, -0.7833], [12.2517, -1.5666], [14.2505, -2.0888], [17.3913, -3.1332]], [[3.1148, -0.1305], [5.9701, -0.2611], [8.5399, -0.7833], [12.2517, -1.5666], [15.3926, -1.6971], [18.5334, -3.5248]], [[3.1148, -0.1305], [5.9701, -0.2611], [10.5386, -0.6527], [14.8215, -1.0444], [18.2479, -0.5222], [19.39, -3.9165]], [[3.1148, -0.1305], [5.9701, -0.2611], [10.5386, -0.6527], [14.8215, -1.0444], [14.2505, -2.0888], [17.3913, -3.1332]], [[3.1148, -0.1305], [5.9701, -0.2611], [8.5399, -0.7833], [12.2517, -1.5666], [17.3913, -6.3969], [19.39, 2.2193]], [[3.1148, -0.1305], [5.9701, -0.2611], [10.5386, -0.6527], [14.8215, -1.0444], [21.3887, -0.7833], [69.6432, -4.9609]], [[3.1148, -0.1305], [5.9701, -0.2611], [10.5386, -0.6527], [14.8215, -1.0444], [19.9611, -2.4804], [69.6432, -14.3605]], [[3.1148, -0.1305], [5.9701, -0.2611], [8.5399, -0.7833], [12.2517, -1.5666], [16.5347, 16.5798], [69.6432, -0.7833]]]",4.0183,0.0,0.0,0.0,0.0,0.0,0.0,True,[3],0.0,0.0,0.0,1.3638,8.0,1.1302,1.175,4.2342,0.7939,0.7906,1.3638,"[[3.115, -0.131], [5.97, -0.261], [8.54, -0.783], [12.252, -1.567], [15.393, -1.697], [18.533, -3.525]]",ok,11.8455,0.0,0.0,0.0,0.0,0.0,0.0,0.0,0.0,0.0,f8de6e9a14d34f2791c21a07ce5d47c5,scene-0914,42
1.7749,1.2874,1.6787,1.1474,1.2759,1.5783,0.0,0.0,0.0,0.0,0.0,0.0,0.0,0.0,0.0,ok,straight,1.7749,1.2874,1.9641,1.1474,1.2759,1.6258,False,"[-0.0, -0.0653, -0.0653, -0.1305, -0.1305, -0.4569, -1.1749, -0.2611]","[-213.9499, -80.3571, -405.2345, -451.9847, -895.7122, -7688.3113, -14091.8277, -15905.2941]","[4.0689, 3.9231, 3.858, -1000449.4629, -1000893.1771, -1007685.7763, -1014089.3059, -1015902.759]","[1.163, 1.816, 1.626, 1.639, 1.837, 1.78, 2.587, 8.071]","[[[3.1148, 0.0], [5.399, 0.0], [8.5399, -0.1305], [12.2517, -0.1305], [15.3926, 0.0], [20.5321, 0.0]], [[3.1148, 0.0], [5.399, 0.0], [8.2543, 0.0], [11.3952, -0.1305], [14.2505, -0.1305], [18.2479, -0.1305]], [[3.1148, 0.0], [5.399, 0.0], [8.5399, -0.1305], [12.2517, -0.1305], [14.2505, -0.1305], [18.2479, -0.1305]], [[3.1148, 0.0], [5.399, 0.0], [8.5399, -0.1305], [12.2517, -0.1305], [16.5347, -0.1305], [24.5295, -0.2611]], [[3.1148, 0.0], [5.399, 0.0], [8.2543, 0.0], [11.3952, -0.1305], [18.2479, -0.1305], [23.6729, -0.2611]], [[3.1148, 0.0], [5.399, 0.0], [8.2543, 0.0], [11.3952, -0.1305], [20.5321, 0.0], [20.2466, -0.9138]], [[3.1148, 0.0], [5.399, 0.0], [8.5399, -0.1305], [12.2517, -0.1305], [9.1109, 0.6527], [19.39, 2.3499]], [[3.1148, 0.0], [5.399, 0.0], [8.2543, 0.0], [11.3952, -0.1305], [24.8151, 0.0], [54.5102, 0.5222]]]",2.1133,0.0,0.0,0.0,0.0,0.0,0.0,True,[3],0.0,0.0,0.0,1.1631,8.0,1.7749,1.2874,0.3295,1.1474,1.2759,1.1631,"[[3.115, 0.0], [5.399, 0.0], [8.54, -0.131], [12.252, -0.131], [14.25, -0.131], [18.248, -0.131]]",ok,8.0712,0.0,0.0,0.0,0.0,0.0,0.0,0.0,0.0,0.0,aa448108d99f49fc9df2da05914f8ad4,scene-0914,42
0.302,0.0718,1.2559,0.3274,0.3568,0.5867,0.0,0.0,0.0,0.0,0.0,0.0,0.0,0.0,0.0,ok,straight,0.302,1.0868,1.2559,0.3274,0.6105,0.7559,False,"[-0.0653, -0.0653, -0.1958, -0.1305, -0.0653, -0.1305, -0.0, -0.0]","[-272.1313, -111.1553, -314.8405, -946.6835, -1360.0096, -8032.8392, -147812.1306, -210192.6434]","[4.5349, 2.5154, -1000313.1708, -1000942.9924, -1001358.3399, -1008029.1481, -1147810.4609, -1210188.9523]","[0.686, 0.756, 1.266, 0.696, 0.81, 2.031, 9.861, 10.075]","[[[2.2582, 0.0], [4.5424, 0.0], [8.2543, 0.0], [10.253, 0.0], [11.1096, -0.1305], [12.5373, -0.1305]], [[2.2582, 0.0], [4.5424, 0.0], [6.8267, -0.1305], [8.5399, -0.1305], [11.1096, -0.1305], [12.5373, -0.1305]], [[2.2582, 0.0], [4.5424, 0.0], [6.8267, -0.1305], [8.5399, -0.1305], [11.9662, -0.5222], [18.5334, -0.3916]], [[2.2582, 0.0], [4.5424, 0.0], [8.2543, 0.0], [10.253, 0.0], [10.5386, -0.1305], [14.536, -0.2611]], [[2.2582, 0.0], [4.5424, 0.0], [6.8267, -0.1305], [8.5399, -0.1305], [12.5373, -0.1305], [11.9662, -0.1305]], [[2.2582, 0.0], [4.5424, 0.0], [8.2543, 0.0], [10.253, 0.0], [10.253, 0.1305], [22.2453, -0.2611]], [[2.2582, 0.0], [4.5424, 0.0], [6.8267, -0.1305], [8.5399, -0.1305], [12.8228, -0.1305], [69.6432, 0.0]], [[2.2582, 0.0], [4.5424, 0.0], [8.2543, 0.0], [10.253, 0.0], [9.3964, 0.2611], [69.6432, 0.0]]]",3.8888,0.0,0.0,0.0,0.0,0.0,0.0,True,[3],0.0,0.0,0.0,0.6857,8.0,0.302,0.6332,1.2559,0.3274,0.5052,0.6857,"[[2.258, 0.0], [4.542, 0.0], [6.827, -0.131], [8.54, -0.131], [11.11, -0.131], [12.537, -0.131]]",ok,10.075,0.0,0.0,0.0,0.0,0.0,0.0,0.0,0.0,0.0,39ac0d94ecaa4c32a779975bad9502df,scene-0914,42
0.1809,0.5246,3.2302,0.1996,0.4067,0.95,0.0,0.0,0.0,0.0,0.0,0.0,0.0,0.0,0.0,ok,straight,0.1809,0.6853,1.803,0.1996,0.4469,0.8189,True,"[-0.8486, -2.0888, -0.1958, -0.8486, -0.0653, -0.5222, -8.2899, -1.5666]","[-83.6241, -803.2563, -738.4734, -111.7778, -1310.0914, -4191.2304, -20494.9555, -74601.1781]","[4.923, 4.4034, 2.9135, 2.6815, -1001308.3102, -1004189.4492, -1020490.9341, -1074597.1567]","[0.819, 1.564, 1.34, 1.198, 1.453, 1.368, 3.287, 3.347]","[[[1.9727, 0.0], [3.6858, 0.1305], [5.9701, 0.3916], [7.3977, 0.5222], [9.1109, 0.7833], [10.5386, 1.6971]], [[1.9727, 0.0], [3.6858, 0.1305], [5.9701, 0.3916], [7.3977, 0.5222], [10.253, 3.2637], [12.5373, 4.1776]], [[2.8293, 0.2611], [5.1135, 0.5222], [5.9701, 0.3916], [7.3977, 0.5222], [6.8267, -0.2611], [8.8254, -0.3916]], [[2.8293, 0.2611], [5.1135, 0.5222], [5.9701, 0.3916], [7.3977, 0.5222], [9.1109, 0.7833], [10.5386, 1.6971]], [[2.8293, 0.2611], [5.1135, 0.5222], [5.9701, 0.3916], [7.3977, 0.5222], [7.1122, 0.1305], [11.3952, -0.1305]], [[2.8293, 0.2611], [5.1135, 0.5222], [5.9701, 0.3916], [7.3977, 0.5222], [5.6846, 3.0026], [9.9675, 1.0444]], [[1.9727, 0.0], [3.6858, 0.1305], [5.9701, 0.3916], [7.3977, 0.5222], [5.9701, -0.5222], [11.6807, 16.5798]], [[1.9727, 0.0], [3.6858, 0.1305], [5.9701, 0.3916], [7.3977, 0.5222], [8.5399, 16.5798], [11.3952, 3.1332]]]",0.9016,0.0,0.0,0.0,0.0,0.0,0.0,True,[3],0.0,0.0,0.0,0.8189,8.0,0.1809,0.6853,1.803,0.1996,0.4469,0.8189,"[[1.973, 0.0], [3.686, 0.131], [5.97, 0.392], [7.398, 0.522], [9.111, 0.783], [10.539, 1.697]]",ok,3.347,0.0,0.0,0.0,0.0,0.0,0.0,0.0,0.0,0.0,98605ed784f7455bb52d1994cdbaaaac,scene-0914,42
1.2081,5.5382,11.8355,0.8026,2.4121,5.119,0.0,0.0,0.0,0.0,0.0,0.0,0.0,0.0,0.0,ok,left,1.2081,5.5382,10.7911,0.8026,2.4121,4.9501,True,"[-2.7415, -1.9582, -0.718, -4.1776, -2.7415, 2.2193, 8.2899, 8.2899]","[-180.4474, -1360.7313, -5165.7577, -22448.0983, -4424.8513, -9339.0709, -21504.1022, -44719.2592]","[2.2172, -1001358.7013, -1005163.7276, -1022446.0682, -2005267.7881, -2010182.0078, -2022347.039, -2045562.196]","[5.206, 5.223, 4.529, 6.129, 4.832, 3.844, 3.838, 4.642]","[[[1.6871, -0.1305], [3.6858, -0.3916], [5.1135, -0.9138], [6.5412, -2.4804], [8.5399, -4.5692], [9.1109, -5.4831]], [[1.6871, -0.1305], [3.6858, -0.3916], [5.1135, -0.9138], [6.5412, -2.4804], [8.8254, -5.6136], [12.8228, -3.9165]], [[1.6871, -0.1305], [3.6858, -0.3916], [5.1135, -0.9138], [6.5412, -2.4804], [11.6807, -3.6554], [8.5399, -1.436]], [[1.6871, -0.1305], [3.6858, -0.3916], [5.1135, -0.9138], [6.5412, -2.4804], [16.5347, -3.2637], [10.253, -8.3552]], [[1.6871, -0.1305], [3.6858, -0.3916], [4.828, 0.5222], [3.9714, -1.0444], [8.5399, -4.5692], [9.1109, -5.4831]], [[1.6871, -0.1305], [3.6858, -0.3916], [4.828, 0.5222], [3.9714, -1.0444], [8.5399, -4.047], [15.6781, 4.4387]], [[1.6871, -0.1305], [3.6858, -0.3916], [4.828, 0.5222], [3.9714, -1.0444], [9.1109, -1.0444], [7.9688, 16.5798]], [[1.6871, -0.1305], [3.6858, -0.3916], [4.828, 0.5222], [3.9714, -1.0444], [11.6807, -4.8303], [12.2517, 16.5798]]]",0.711,0.0,0.0,0.0,0.0,0.0,0.0,False,[3],0.0,0.0,0.0,3.8384,8.0,1.2081,4.759,9.78,0.8026,1.8519,3.8384,"[[1.687, -0.131], [3.686, -0.392], [5.113, -0.914], [6.541, -2.48], [8.825, -4.569], [9.111, -3.916]]",ok,6.1288,0.0,0.0,0.0,0.0,0.0,0.0,0.0,0.0,0.0,7f8368b7a14341b3bef03a7aec63f9b5,scene-0915,42
3.5535,6.5803,9.2083,2.6056,4.1362,5.6626,0.0,0.0,0.0,0.0,0.0,0.0,0.0,0.0,0.0,ok,straight,3.5535,6.5803,10.0699,2.6056,4.1362,5.7601,False,"[-0.1305, -0.3264, -0.7833, -0.0653, -0.1305, -0.3264, -0.1305, -0.0653]","[-186.9038, -131.8824, -113.4181, -799.5742, -1305.8046, -5029.7352, -124206.8977, -1220392.6598]","[3.3199, 2.4518, 0.4258, -1000797.3289, -1001303.5594, -1005027.49, -1124204.6524, -2220390.2691]","[5.567, 5.713, 5.914, 6.996, 5.901, 5.665, 11.494, 14.107]","[[[3.1148, 0.0], [5.399, 0.0], [8.5399, -0.1305], [11.1096, -0.1305], [13.1083, -0.1305], [16.8202, -0.2611]], [[3.1148, 0.0], [5.399, 0.0], [8.5399, -0.1305], [11.1096, -0.1305], [13.6794, -0.6527], [15.3926, -0.6527]], [[3.1148, 0.0], [5.399, 0.0], [8.5399, -0.1305], [11.1096, -0.1305], [13.3939, -0.6527], [14.536, -1.5666]], [[3.1148, 0.0], [5.399, 0.0], [8.5399, 0.0], [9.1109, -0.1305], [9.682, -0.1305], [13.6794, -0.1305]], [[3.1148, 0.0], [5.399, 0.0], [8.5399, 0.0], [9.1109, -0.1305], [13.1083, -0.1305], [16.8202, -0.2611]], [[3.1148, 0.0], [5.399, 0.0], [8.5399, 0.0], [9.1109, -0.1305], [15.3926, 0.0], [15.9636, -0.6527]], [[3.1148, 0.0], [5.399, 0.0], [8.5399, 0.0], [9.1109, -0.1305], [15.107, -0.6527], [69.6432, -0.2611]], [[3.1148, 0.0], [5.399, 0.0], [8.5399, -0.1305], [11.1096, -0.1305], [69.6432, 0.7833], [5.6846, -0.1305]]]",3.062,0.0,0.0,0.0,0.0,0.0,0.0,True,[3],0.0,0.0,0.0,5.5675,8.0,3.5535,6.5803,8.6372,2.6056,4.1362,5.5675,"[[3.115, 0.0], [5.399, 0.0], [8.54, -0.131], [11.11, -0.131], [13.394, -0.653], [15.393, -0.653]]",ok,14.1071,0.0,0.0,0.0,0.0,0.0,0.0,0.0,0.0,0.0,cbd9af2921154c46bf9a5da785624d5f,scene-0915,42
2.0743,4.8139,8.6737,1.4492,2.9801,4.4815,0.0,0.0,0.0,0.0,0.0,0.0,0.0,0.0,0.0,ok,straight,2.0743,5.9557,8.6737,1.4492,3.2655,4.6718,False,"[-0.1305, -0.1305, -0.0653, -0.1958, -0.0, -0.1958, -0.1305, -0.1305]","[-91.6789, -848.7006, -423.3075, -1429.409, -1675.9719, -2075.3995, -6385.2559, -89470.4504]","[3.4501, 3.4191, -1000420.1602, -1001426.2666, -1001672.8296, -1002072.2523, -1006382.1136, -1089467.3031]","[4.672, 4.815, 3.019, 3.015, 4.718, 5.148, 4.483, 5.003]","[[[3.1148, 0.0], [6.2556, 0.0], [8.5399, -0.1305], [11.1096, -0.1305], [14.2505, -0.1305], [16.2492, -0.2611]], [[3.1148, 0.0], [6.2556, 0.0], [7.3977, -0.1305], [11.3952, -0.1305], [14.2505, -0.1305], [16.2492, -0.2611]], [[3.1148, 0.0], [6.2556, 0.0], [8.5399, -0.1305], [11.1096, -0.1305], [15.9636, -0.1305], [24.5295, -0.1305]], [[3.1148, 0.0], [6.2556, 0.0], [7.3977, -0.1305], [11.3952, -0.1305], [18.5334, 0.0], [22.8163, -0.3916]], [[3.1148, 0.0], [6.2556, 0.0], [7.3977, -0.1305], [11.3952, -0.1305], [13.1083, -0.1305], [17.9623, 0.0]], [[3.1148, 0.0], [6.2556, 0.0], [8.5399, -0.1305], [11.1096, -0.1305], [11.1096, -0.3916], [16.5347, 0.3916]], [[3.1148, 0.0], [6.2556, 0.0], [7.3977, -0.1305], [11.3952, -0.1305], [11.6807, 0.2611], [20.8176, -0.2611]], [[3.1148, 0.0], [6.2556, 0.0], [8.5399, -0.1305], [11.1096, -0.1305], [31.0967, -0.2611], [18.5334, -0.2611]]]",0.7974,0.0,0.0,0.0,0.0,0.0,0.0,True,[3],0.0,0.0,0.0,3.0155,8.0,2.0743,5.6702,2.1637,1.4492,3.4796,3.0155,"[[3.115, 0.0], [6.256, 0.0], [8.54, -0.131], [11.11, -0.131], [14.25, -0.131], [16.249, -0.261]]",ok,5.1482,0.0,0.0,0.0,0.0,0.0,0.0,0.0,0.0,0.0,35afe50d131847739f3221c6ffb88d42,scene-0915,42
3.1451,6.2376,8.8972,2.1677,3.6749,5.1195,0.0,0.0,0.0,0.0,0.0,0.0,0.0,0.0,0.0,ok,straight,3.1451,5.6666,8.8972,2.3104,3.6035,5.0243,True,"[-0.1305, -0.1305, -0.1305, -0.5222, -0.2611, -0.0653, -0.1305, -0.0653]","[-71.6486, -310.3059, -1134.9849, -3642.6869, -4879.4373, -9886.258, -22223.2802, -33017.1182]","[2.7107, -1000308.7698, -1001133.37, -1003641.072, -1004877.8224, -1009884.722, -1022221.6654, -1033015.5821]","[5.024, 4.216, 4.503, 5.938, 3.032, 5.833, 4.03, 5.948]","[[[2.8293, 0.0], [5.399, 0.0], [8.5399, -0.1305], [11.1096, -0.1305], [13.9649, -0.1305], [15.9636, -0.2611]], [[2.8293, 0.0], [5.399, 0.0], [8.5399, -0.1305], [11.1096, -0.1305], [14.2505, -0.1305], [20.5321, -0.2611]], [[3.1148, 0.0], [5.399, 0.0], [9.1109, -0.3916], [13.3939, 0.0], [13.9649, -0.1305], [15.9636, -0.2611]], [[3.1148, 0.0], [5.399, 0.0], [9.1109, -0.3916], [13.3939, 0.0], [10.8241, -0.5222], [10.5386, -1.0444]], [[3.1148, 0.0], [5.399, 0.0], [9.1109, -0.3916], [13.3939, 0.0], [15.107, -0.2611], [25.9572, -0.5222]], [[2.8293, 0.0], [5.399, 0.0], [8.5399, -0.1305], [11.1096, -0.1305], [16.5347, -0.1305], [8.5399, -0.1305]], [[3.1148, 0.0], [5.399, 0.0], [9.1109, -0.3916], [13.3939, 0.0], [9.682, -0.2611], [23.1019, -0.2611]], [[2.8293, 0.0], [5.399, 0.0], [8.5399, -0.1305], [11.1096, -0.1305], [13.3939, -10.3134], [16.2492, -0.1305]]]",0.9923,0.0,0.0,0.0,0.0,0.0,0.0,True,[3],0.0,0.0,0.0,3.0322,8.0,3.1451,3.3821,1.2085,2.1677,2.8222,3.0322,"[[2.829, 0.0], [5.399, 0.0], [8.54, -0.131], [11.11, -0.131], [13.965, -0.131], [15.964, -0.261]]",ok,5.948,0.0,0.0,0.0,0.0,0.0,0.0,0.0,0.0,0.0,88bbcc1cfea447b2a3d6ca38f5c12174,scene-0915,42
0.3975,0.6486,1.1709,0.369,0.3882,0.6424,0.0,0.0,0.0,0.0,0.0,0.0,0.0,0.0,0.0,ok,right,0.3975,0.6486,1.1709,0.369,0.3882,0.6424,False,"[2.7415, 2.7415, 2.8068, 1.8277, 0.4569, -0.2611, -8.2899, -8.2899]","[-129.3184, -385.6631, -1637.4178, -2669.4835, -3262.6983, -16463.1686, -39700.239, -60504.764]","[4.1303, 4.1052, -1001634.8087, -1002666.8745, -1003260.1022, -1016460.5725, -1039697.6299, -1060502.1679]","[0.642, 0.711, 0.777, 1.666, 2.237, 2.524, 4.882, 7.471]","[[[1.6871, -0.1305], [3.6858, -0.5222], [5.399, -1.5666], [6.5412, -2.4804], [7.9688, -3.1332], [9.1109, -5.4831]], [[2.2582, -0.1305], [3.1148, -0.6527], [5.399, -1.5666], [6.5412, -2.4804], [7.9688, -3.1332], [9.1109, -5.4831]], [[1.6871, -0.1305], [3.6858, -0.5222], [5.399, -1.5666], [6.5412, -2.4804], [8.8254, -6.1358], [9.3964, -5.6136]], [[1.6871, -0.1305], [3.6858, -0.5222], [5.399, -1.5666], [6.5412, -2.4804], [7.9688, -1.3055], [15.6781, -3.6554]], [[2.2582, -0.1305], [3.1148, -0.6527], [5.399, -1.5666], [6.5412, -2.4804], [5.6846, -5.3525], [3.6858, -0.9138]], [[2.2582, -0.1305], [3.1148, -0.6527], [5.399, -1.5666], [6.5412, -2.4804], [9.9675, -7.3108], [2.8293, 0.5222]], [[1.6871, -0.1305], [3.6858, -0.5222], [5.399, -1.5666], [6.5412, -2.4804], [4.2569, -4.047], [17.3913, 16.5798]], [[2.2582, -0.1305], [3.1148, -0.6527], [5.399, -1.5666], [6.5412, -2.4804], [11.9662, 16.5798], [11.3952, 16.5798]]]",2.2544,0.0,0.0,0.0,0.0,0.0,0.0,True,[3],0.0,0.0,0.0,0.6424,8.0,0.3975,0.6486,1.1709,0.369,0.3882,0.6424,"[[1.687, -0.131], [3.686, -0.522], [5.399, -1.567], [6.541, -2.48], [7.969, -3.133], [9.111, -5.483]]",ok,7.4705,0.0,0.0,0.0,0.0,0.0,0.0,0.0,0.0,0.0,b5989651183643369174912bc5641d3b,scene-0916,42
1.5665,2.2969,2.0707,1.0734,1.4402,1.7174,0.0,0.0,0.0,0.0,0.0,0.0,0.0,0.0,0.0,ok,right,1.5665,2.2969,2.0567,1.0734,1.4402,1.9288,False,"[2.2846, -1.5666, 2.2193, -8.2899, 2.2846, -0.5222, -8.2899, 4.047]","[-257.2941, -701.6068, -15502.9982, -34291.5391, -2196.2183, -3494.1255, -12397.1278, -16560.5561]","[2.9144, -1000700.3687, -1015501.7601, -1034290.301, -2005084.6091, -2006382.5164, -2015285.5186, -2019448.947]","[1.717, 3.072, 2.214, 4.777, 1.467, 2.742, 5.153, 2.459]","[[[1.6871, 0.0], [2.8293, -0.2611], [5.1135, -0.7833], [5.9701, -1.5666], [7.3977, -2.4804], [9.1109, -4.5692]], [[1.6871, 0.0], [2.8293, -0.2611], [5.1135, -0.7833], [5.9701, -1.5666], [5.9701, 0.0], [8.5399, 3.1332]], [[1.6871, 0.0], [2.8293, -0.2611], [5.1135, -0.7833], [5.9701, -1.5666], [10.8241, 3.3943], [9.9675, -4.4387]], [[1.6871, 0.0], [2.8293, -0.2611], [5.1135, -0.7833], [5.9701, -1.5666], [9.3964, -4.8303], [10.5386, 16.5798]], [[1.6871, 0.0], [2.8293, -0.2611], [6.8267, -1.8277], [7.3977, -1.0444], [7.3977, -2.4804], [9.1109, -4.5692]], [[1.6871, 0.0], [2.8293, -0.2611], [6.8267, -1.8277], [7.3977, -1.0444], [6.8267, 2.4804], [8.2543, 1.0444]], [[1.6871, 0.0], [2.8293, -0.2611], [6.8267, -1.8277], [7.3977, -1.0444], [5.6846, 0.5222], [6.8267, 16.5798]], [[1.6871, 0.0], [2.8293, -0.2611], [6.8267, -1.8277], [7.3977, -1.0444], [8.2543, 3.3943], [12.5373, -8.0941]]]",1.2625,0.0,0.0,0.0,0.0,0.0,0.0,False,[3],0.0,0.0,0.0,1.4671,8.0,1.5665,1.1025,2.0707,1.0734,1.0647,1.4671,"[[1.687, 0.0], [2.829, -0.261], [5.113, -0.783], [5.97, -1.567], [7.398, 0.0], [9.111, -4.439]]",ok,5.1534,0.0,0.0,1.0,0.0,0.0,1.0,0.0,0.0,0.16666666666666666,858a1ece22cf45d9bc71e42336604b78,scene-0916,42
0.1679,0.1633,0.2159,0.2851,0.2252,0.297,0.0,0.0,0.0,0.0,0.0,0.0,0.0,0.0,0.0,ok,straight,1.31,0.1633,0.5925,0.9989,0.5821,0.5977,False,"[-0.0, -0.0, -0.1305, -0.5222, -0.0653, -0.3916, -0.3916]","[-25.293, -190.6662, -182.0187, -937.1291, -1219.9149, -5054.107, -89472.4697]","[4.3505, 4.2834, 3.6295, -1000934.363, -1001217.087, -1005051.2791, -1089469.7036]","[0.36, 0.598, 0.461, 0.832, 0.701, 0.952, 4.003]","[[[3.1148, 0.0], [5.6846, 0.0], [8.5399, 0.0], [11.1096, 0.0], [13.6794, 0.0], [16.8202, 0.0]], [[3.4003, 0.0], [6.8267, 0.0], [8.5399, 0.0], [11.1096, 0.0], [13.6794, 0.0], [16.8202, 0.0]], [[3.4003, 0.0], [6.8267, 0.0], [8.5399, 0.0], [11.1096, 0.0], [13.9649, 0.0], [17.3913, -0.2611]], [[3.4003, 0.0], [6.8267, 0.0], [8.5399, 0.0], [11.1096, 0.0], [15.6781, -0.5222], [17.3913, 1.0444]], [[3.1148, 0.0], [5.6846, 0.0], [8.5399, 0.0], [11.1096, 0.0], [11.6807, -0.1305], [16.8202, 0.1305]], [[3.1148, 0.0], [5.6846, 0.0], [8.5399, 0.0], [11.1096, 0.0], [17.9623, -0.6527], [16.8202, 0.7833]], [[3.4003, 0.0], [6.8267, 0.0], [8.5399, 0.0], [11.1096, 0.0], [13.6794, 16.5798], [22.2453, 0.7833]]]",1.1881,0.0,0.0,0.0,0.0,0.0,0.0,True,[3],0.0,0.0,0.0,0.3597,7.0,0.1679,0.1633,0.5925,0.2851,0.2252,0.3597,"[[3.4, 0.0], [6.827, 0.0], [8.54, 0.0], [11.11, 0.0], [13.679, 0.0], [16.82, 0.0]]",ok,4.0027,0.0,0.0,0.0,0.0,0.0,0.0,0.0,0.0,0.0,8573a885a7cb41d185c05029eeb9a54e,scene-0916,42
0.3109,0.3657,1.5434,0.3046,0.2866,0.5902,0.0,0.0,0.0,0.0,0.0,0.0,0.0,0.0,0.0,ok,left,0.3109,0.3657,0.9728,0.3046,0.2934,0.5042,True,"[2.3499, 2.3499, -7.6372, 2.2846, 0.8486, 2.9374, 1.5013, 0.2611]","[-70.9782, -39.6572, -21313.6496, -61053.8968, -71256.6922, -82936.4726, -93861.3605, -99615.8522]","[3.0234, 2.6874, -1021312.9033, -1061052.8137, -1071255.6091, -1082935.3895, -1093860.6142, -1099615.1059]","[0.744, 0.504, 3.69, 2.967, 3.277, 4.035, 3.868, 3.913]","[[[1.1161, 0.1305], [3.4003, 0.6527], [5.9701, 1.1749], [7.9688, 1.6971], [9.9675, 3.0026], [11.1096, 4.6998]], [[1.9727, 0.1305], [3.9714, 0.5222], [5.9701, 1.1749], [7.9688, 1.6971], [9.9675, 3.0026], [11.1096, 4.6998]], [[1.9727, 0.1305], [3.9714, 0.5222], [5.9701, 1.1749], [7.9688, 1.6971], [8.5399, 3.0026], [14.2505, -15.2743]], [[1.1161, 0.1305], [3.4003, 0.6527], [5.9701, 1.1749], [7.9688, 1.6971], [9.3964, 16.5798], [11.9662, 4.5692]], [[1.1161, 0.1305], [3.4003, 0.6527], [5.9701, 1.1749], [7.9688, 1.6971], [9.9675, 16.5798], [7.9688, 1.6971]], [[1.1161, 0.1305], [3.4003, 0.6527], [5.9701, 1.1749], [7.9688, 1.6971], [13.3939, -12.4022], [15.3926, 5.8747]], [[1.9727, 0.1305], [3.9714, 0.5222], [5.9701, 1.1749], [7.9688, 1.6971], [5.399, -13.7077], [14.536, 3.0026]], [[1.9727, 0.1305], [3.9714, 0.5222], [5.9701, 1.1749], [7.9688, 1.6971], [15.6781, 16.5798], [3.9714, 0.5222]]]",1.3417,0.0,0.0,0.0,0.0,0.0,0.0,True,[3],0.0,0.0,0.0,0.5042,8.0,0.3109,0.3657,0.9728,0.3046,0.2934,0.5042,"[[1.973, 0.131], [3.971, 0.522], [5.97, 1.175], [7.969, 1.697], [9.968, 3.003], [11.11, 4.7]]",ok,4.0352,0.0,0.0,1.0,0.0,0.0,1.0,0.0,0.0,0.16666666666666666,e54b784a608644a2804fcf800c7499f7,scene-0916,42
2.4076,4.2474,6.0601,1.9403,2.8366,3.7127,0.0,0.0,0.0,0.0,0.0,0.0,0.0,0.0,0.0,ok,straight,2.6931,3.9634,5.4893,2.2258,2.9084,3.6654,True,"[-0.5222, -0.5222, -0.9138, -0.4569, -0.3264, -8.2899, -0.6527, -1.5013]","[-12.7649, -17.9361, -2152.8278, -9260.5554, -16600.7132, -38214.5114, -83175.8303, -954828.8642]","[3.3782, 3.378, -1002150.3396, -1009258.067, -1016598.225, -1038212.0231, -1083173.3419, -1954826.376]","[3.57, 3.665, 4.052, 4.145, 3.995, 7.559, 4.841, 12.886]","[[[3.4003, 0.0], [6.5412, 0.1305], [9.682, 0.2611], [12.8228, 0.3916], [16.2492, 0.7833], [19.39, 1.0444]], [[3.6858, 0.0], [6.8267, 0.1305], [9.682, 0.2611], [12.8228, 0.3916], [16.2492, 0.7833], [19.39, 1.0444]], [[3.6858, 0.0], [6.8267, 0.1305], [9.682, 0.2611], [12.8228, 0.3916], [18.8189, 1.0444], [19.1045, 1.8277]], [[3.4003, 0.0], [6.5412, 0.1305], [9.682, 0.2611], [12.8228, 0.3916], [21.1032, 1.3055], [17.9623, 0.9138]], [[3.6858, 0.0], [6.8267, 0.1305], [9.682, 0.2611], [12.8228, 0.3916], [11.1096, 1.3055], [25.6716, 0.6527]], [[3.4003, 0.0], [6.5412, 0.1305], [9.682, 0.2611], [12.8228, 0.3916], [17.9623, 16.5798], [21.6742, 16.5798]], [[3.4003, 0.0], [6.5412, 0.1305], [9.682, 0.2611], [12.8228, 0.3916], [11.6807, 16.5798], [11.6807, 1.3055]], [[3.6858, 0.0], [6.8267, 0.1305], [9.682, 0.2611], [12.8228, 0.3916], [69.6432, 0.3916], [21.1032, 3.0026]]]",3.0095,0.0,0.0,0.0,0.0,0.0,0.0,True,[3],0.0,0.0,0.0,3.5702,8.0,2.4076,3.9634,5.4893,1.9403,2.7657,3.5702,"[[3.686, 0.0], [6.827, 0.131], [9.682, 0.261], [12.823, 0.392], [16.249, 0.783], [19.39, 1.044]]",ok,12.8862,0.0,0.0,0.0,0.0,0.0,0.0,0.0,0.0,0.0,8c5c08c818d247ee9de5aa08e6762003,scene-0917,42
0.0888,0.1624,0.8015,0.136,0.1499,0.3595,0.0,0.0,0.0,0.0,0.0,0.0,0.0,0.0,0.0,ok,straight,0.0888,0.6702,1.3444,0.136,0.3447,0.5799,False,"[-0.0, -0.0, -0.3916, -0.0653, -0.0, -0.6527, -0.0, -8.2899]","[-12.2763, -184.7121, -131.3361, -514.6478, -844.0309, -1134.0588, -1747.3874, -14793.778]","[2.7034, 2.6585, 2.5247, -1000512.8912, -1000842.2743, -1001132.3105, -1001745.639, -1014792.0214]","[0.45, 0.58, 0.591, 0.755, 0.732, 1.198, 0.858, 3.325]","[[[1.1161, 0.0], [2.5437, 0.0], [3.6858, 0.0], [4.5424, 0.0], [5.1135, 0.0], [5.9701, 0.0]], [[1.1161, 0.0], [2.5437, 0.0], [3.9714, 0.0], [3.9714, 0.0], [5.1135, 0.0], [5.9701, 0.0]], [[1.1161, 0.0], [2.5437, 0.0], [3.9714, 0.0], [3.9714, 0.0], [4.5424, 0.1305], [6.5412, 0.7833]], [[1.1161, 0.0], [2.5437, 0.0], [3.6858, 0.0], [4.5424, 0.0], [5.9701, -0.3916], [3.9714, 0.1305]], [[1.1161, 0.0], [2.5437, 0.0], [3.6858, 0.0], [4.5424, 0.0], [3.4003, 0.0], [5.9701, 0.0]], [[1.1161, 0.0], [2.5437, 0.0], [3.9714, 0.0], [3.9714, 0.0], [5.6846, 0.1305], [12.8228, 1.3055]], [[1.1161, 0.0], [2.5437, 0.0], [3.9714, 0.0], [3.9714, 0.0], [6.5412, 0.0], [4.2569, 0.0]], [[1.1161, 0.0], [2.5437, 0.0], [3.6858, 0.0], [4.5424, 0.0], [8.5399, 0.0], [10.8241, 16.5798]]]",0.8814,0.0,0.0,0.0,0.0,0.0,0.0,True,[3],0.0,0.0,0.0,0.45,8.0,0.0888,0.1624,1.3444,0.136,0.1499,0.45,"[[1.116, 0.0], [2.544, 0.0], [3.971, 0.0], [3.971, 0.0], [5.113, 0.0], [5.97, 0.0]]",ok,3.3252,0.0,0.0,0.0,0.0,0.0,0.0,0.0,0.0,0.0,de8043171d774855a2a0059c4c0e14f6,scene-0917,42
0.6087,0.4987,2.0584,0.5681,0.619,0.8547,0.0,0.0,0.0,0.0,0.0,0.0,0.0,0.0,0.0,ok,straight,0.6087,0.4987,2.0584,0.5681,0.4781,1.0152,False,"[-0.4569, -0.5875, -0.0, -0.4569, -0.4569, -4.2429, -6.0706, -1.1749]","[-814.2845, -353.6389, -381.4806, -1541.8482, -4983.6401, -22938.3945, -35475.1577, -35711.6901]","[4.8461, 4.8142, 4.0068, -1001539.4798, -1004981.2717, -1022934.9382, -1035471.7013, -1035709.3218]","[1.015, 1.567, 1.026, 1.013, 1.054, 3.538, 4.194, 3.221]","[[[0.8306, 0.0], [1.6871, 0.0], [2.5437, 0.0], [2.5437, 0.0], [5.1135, -0.6527], [5.1135, -0.9138]], [[0.8306, 0.0], [1.6871, 0.0], [2.5437, 0.0], [2.5437, 0.0], [5.1135, -0.6527], [8.5399, -1.1749]], [[1.1161, 0.0], [2.5437, -0.1305], [2.5437, 0.0], [1.9727, 0.0], [2.2582, -0.1305], [-0.026, 0.0]], [[1.1161, 0.0], [2.5437, -0.1305], [2.5437, 0.0], [1.9727, 0.0], [5.1135, -0.6527], [5.1135, -0.9138]], [[1.1161, 0.0], [2.5437, -0.1305], [2.5437, 0.0], [1.9727, 0.0], [5.6846, 1.0444], [1.9727, -0.9138]], [[0.8306, 0.0], [1.6871, 0.0], [2.5437, 0.0], [2.5437, 0.0], [0.545, 0.0], [17.6768, -8.4857]], [[0.8306, 0.0], [1.6871, 0.0], [2.5437, 0.0], [2.5437, 0.0], [-0.5971, 0.1305], [18.5334, -12.1411]], [[1.1161, 0.0], [2.5437, -0.1305], [2.5437, 0.0], [1.9727, 0.0], [13.3939, 4.4387], [9.1109, -2.3499]]]",1.2549,0.0,0.0,0.0,0.0,0.0,0.0,True,[3],0.0,0.0,0.0,1.0126,8.0,0.3115,1.0655,2.0584,0.2769,0.4742,1.0126,"[[0.831, 0.0], [1.687, 0.0], [2.544, 0.0], [2.544, 0.0], [5.113, -0.653], [5.113, -0.914]]",ok,4.1945,0.0,0.0,0.0,0.0,0.0,0.0,0.0,0.0,0.0,a79ec336177c4db6a5579b335af98991,scene-0917,42
0.4073,0.6625,1.5095,0.2484,0.5287,0.6801,0.0,0.0,0.0,0.0,0.0,0.0,0.0,0.0,0.0,ok,left,0.4073,0.6625,1.5095,0.2484,0.5287,0.6801,False,"[3.1985, 2.3499, 2.3499, 0.0, 8.2899, -7.6372, -2.6763, -3.9165]","[-495.7271, -387.8659, -497.4509, -654.8774, -1564.603, -26708.9874, -36098.7123, -63959.7452]","[3.4302, 3.2511, 3.0281, -1000653.0133, -1001562.5207, -1026707.1233, -1036096.8481, -1063957.6629]","[0.804, 0.68, 0.743, 1.76, 2.891, 4.064, 4.758, 5.845]","[[[1.6871, 0.1305], [3.6858, 0.6527], [5.9701, 1.6971], [7.3977, 2.3499], [10.5386, 3.6554], [11.6807, 6.3969]], [[1.6871, 0.1305], [3.6858, 0.6527], [5.9701, 1.6971], [7.3977, 2.3499], [8.5399, 4.5692], [9.9675, 4.6998]], [[1.6871, 0.1305], [3.9714, 0.2611], [5.9701, 1.6971], [7.3977, 2.3499], [8.5399, 4.5692], [9.9675, 4.6998]], [[1.6871, 0.1305], [3.9714, 0.2611], [5.9701, 1.6971], [7.3977, 2.3499], [8.2543, 3.0026], [7.6833, 0.0]], [[1.6871, 0.1305], [3.6858, 0.6527], [5.9701, 1.6971], [7.3977, 2.3499], [11.1096, 7.4413], [14.536, 16.5798]], [[1.6871, 0.1305], [3.9714, 0.2611], [5.9701, 1.6971], [7.3977, 2.3499], [9.3964, 4.6998], [9.682, -15.2743]], [[1.6871, 0.1305], [3.9714, 0.2611], [5.9701, 1.6971], [7.3977, 2.3499], [11.6807, -10.3134], [10.253, -5.3525]], [[1.6871, 0.1305], [3.6858, 0.6527], [5.9701, 1.6971], [7.3977, 2.3499], [11.6807, -14.7521], [12.2517, -7.833]]]",1.8845,0.0,0.0,0.0,0.0,0.0,0.0,True,[3],0.0,0.0,0.0,0.6801,8.0,0.4073,0.6625,1.5095,0.2484,0.5287,0.6801,"[[1.687, 0.131], [3.686, 0.653], [5.97, 1.697], [7.398, 2.35], [8.54, 4.569], [9.968, 4.7]]",ok,5.8449,0.0,0.0,0.0,0.0,0.0,0.0,0.0,0.0,0.0,b34a0291b41b46988afe5cca72668bcb,scene-0917,42
0.3574,1.0661,1.1388,0.255,0.6184,0.7472,0.0,0.0,0.0,0.0,0.0,0.0,0.0,0.0,0.0,ok,straight,0.3574,1.0661,1.1388,0.255,0.6184,0.7472,False,"[-0.0, -0.0653, -0.0653, -0.6527, -0.0653, -0.0653, -0.9791, -0.0]","[-48.8327, -33.4272, -386.4182, -1120.927, -1899.3377, -7311.8725, -7387.1205, -8387.5751]","[3.9156, 3.731, 3.6254, -1001118.6459, -1001897.0599, -1007309.5947, -1007384.8427, -1008385.294]","[0.879, 0.747, 0.855, 1.385, 1.424, 3.542, 1.366, 1.92]","[[[4.2569, 0.0], [8.5399, 0.0], [12.5373, 0.0], [16.8202, 0.1305], [21.1032, -0.2611], [25.9572, 0.0]], [[4.2569, 0.0], [8.5399, 0.0], [12.5373, 0.0], [16.8202, 0.1305], [21.6742, 0.1305], [25.9572, 0.1305]], [[3.4003, -0.1305], [8.8254, 0.0], [12.5373, 0.0], [16.8202, 0.1305], [21.6742, 0.1305], [25.9572, 0.1305]], [[4.2569, 0.0], [8.5399, 0.0], [12.5373, 0.0], [16.8202, 0.1305], [21.3887, -0.1305], [31.0967, 1.3055]], [[3.4003, -0.1305], [8.8254, 0.0], [12.5373, 0.0], [16.8202, 0.1305], [20.2466, -0.3916], [29.3835, -0.1305]], [[3.4003, -0.1305], [8.8254, 0.0], [12.5373, 0.0], [16.8202, 0.1305], [23.6729, 0.3916], [43.089, 0.1305]], [[3.4003, -0.1305], [8.8254, 0.0], [12.5373, 0.0], [16.8202, 0.1305], [25.9572, -1.0444], [26.2427, 1.9582]], [[4.2569, 0.0], [8.5399, 0.0], [12.5373, 0.0], [16.8202, 0.1305], [23.6729, -4.9609], [29.3835, 0.0]]]",0.8478,0.0,0.0,0.0,0.0,0.0,0.0,True,[3],0.0,0.0,0.0,0.7472,8.0,0.3574,1.0661,1.1388,0.255,0.6184,0.7472,"[[4.257, 0.0], [8.54, 0.0], [12.537, 0.0], [16.82, 0.131], [21.674, 0.131], [25.957, 0.131]]",ok,3.5421,0.0,0.0,0.0,0.0,0.0,0.0,0.0,0.0,0.0,bd0c27135b3c43c6b0e59f03fdf441cb,scene-0919,42
1.1872,2.4736,4.1085,0.711,1.4028,2.2309,0.0,0.0,0.0,0.0,0.0,0.0,0.0,0.0,0.0,ok,straight,1.1872,2.4736,4.6577,0.711,1.4028,2.3293,False,"[-0.3916, -0.3916, -0.4569, -0.718, -5.8095, -0.8486, -0.9138, -1.3708]","[-41.6537, -365.146, -132.122, -474.5531, -6397.5461, -8353.2301, -10104.6278, -52798.7197]","[3.293, 3.2523, 3.2494, -1000472.4151, -1006395.4294, -1008351.1134, -1010102.5112, -1052796.5817]","[2.329, 2.611, 2.277, 2.227, 4.216, 2.04, 2.424, 3.426]","[[[3.1148, 0.0], [5.6846, 0.0], [8.5399, 0.1305], [11.1096, 0.2611], [13.1083, 0.2611], [15.3926, 0.7833]], [[2.5437, 0.0], [4.5424, 0.0], [8.5399, 0.1305], [11.1096, 0.2611], [13.1083, 0.2611], [15.3926, 0.7833]], [[3.1148, 0.0], [5.6846, 0.0], [8.5399, 0.1305], [11.1096, 0.2611], [12.8228, 0.2611], [15.9636, 0.9138]], [[3.1148, 0.0], [5.6846, 0.0], [8.5399, 0.1305], [11.1096, 0.2611], [13.6794, 1.0444], [16.5347, -1.436]], [[2.5437, 0.0], [4.5424, 0.0], [8.5399, 0.1305], [11.1096, 0.2611], [12.8228, -0.1305], [17.1058, -11.6189]], [[2.5437, 0.0], [4.5424, 0.0], [8.5399, 0.1305], [11.1096, 0.2611], [19.39, 0.3916], [17.9623, 1.6971]], [[2.5437, 0.0], [4.5424, 0.0], [8.5399, 0.1305], [11.1096, 0.2611], [13.9649, -4.6998], [19.39, 1.8277]], [[3.1148, 0.0], [5.6846, 0.0], [8.5399, 0.1305], [11.1096, 0.2611], [6.8267, -8.7468], [19.6755, 2.7415]]]",0.6969,0.0,0.0,0.0,0.0,0.0,0.0,True,[3],0.0,0.0,0.0,2.0395,8.0,2.3131,2.4736,1.9522,1.5564,1.8255,2.0395,"[[3.115, 0.0], [5.685, 0.0], [8.54, 0.131], [11.11, 0.261], [13.108, 0.261], [15.393, 0.783]]",ok,4.2163,0.0,0.0,0.0,0.0,0.0,0.0,0.0,0.0,0.0,ee810fe8a5f94d5c9c33f6dad8c47383,scene-0919,42
0.8307,1.5358,1.4819,0.565,1.1155,1.1973,0.0,0.0,0.0,0.0,0.0,0.0,0.0,0.0,0.0,ok,left,0.8307,1.2853,1.4819,0.565,1.0529,1.3346,False,"[0.8486, 0.1958, 8.2899, 2.2846, 1.7624, 0.8486, 0.8486, 8.2899]","[-102.2814, -19530.7296, -78755.7432, -82818.601, -26089.4987, -31938.4205, -36472.15, -80109.6639]","[2.286, -1019529.2802, -1078754.2938, -1082817.1516, -2033538.4907, -2039387.4126, -2043921.142, -2087558.6559]","[1.156, 3.467, 6.777, 6.878, 4.58, 5.068, 2.142, 5.096]","[[[3.1148, 0.0], [5.9701, 0.1305], [8.5399, 0.5222], [12.2517, 0.7833], [15.3926, 1.0444], [17.3913, 1.6971]], [[3.1148, 0.0], [5.9701, 0.1305], [8.5399, 0.5222], [12.2517, 0.7833], [18.2479, 0.3916], [4.828, 0.3916]], [[3.1148, 0.0], [5.9701, 0.1305], [8.5399, 0.5222], [12.2517, 0.7833], [29.9546, 16.5798], [27.0993, 16.5798]], [[3.1148, 0.0], [5.9701, 0.1305], [8.5399, 0.5222], [12.2517, 0.7833], [18.5334, 16.5798], [40.8047, 4.5692]], [[3.1148, 0.0], [5.9701, 0.1305], [9.1109, -0.1305], [13.3939, 8.8774], [15.9636, 16.5798], [15.9636, 3.5248]], [[3.1148, 0.0], [5.9701, 0.1305], [9.1109, -0.1305], [13.3939, 8.8774], [16.2492, 16.5798], [24.244, 1.6971]], [[3.1148, 0.0], [5.9701, 0.1305], [9.1109, -0.1305], [13.3939, 8.8774], [15.3926, 1.0444], [17.3913, 1.6971]], [[3.1148, 0.0], [5.9701, 0.1305], [9.1109, -0.1305], [13.3939, 8.8774], [9.9675, 0.9138], [16.5347, 16.5798]]]",1.912,0.0,0.0,0.0,0.0,0.0,0.0,False,[3],0.0,0.0,0.0,1.1556,8.0,0.8307,1.2853,1.4819,0.565,1.0529,1.1556,"[[3.115, 0.0], [5.97, 0.131], [8.54, 0.522], [12.252, 0.783], [18.248, 1.044], [17.391, 1.697]]",ok,6.8775,0.0,0.0,0.0,0.0,0.0,0.0,0.0,0.0,0.0,9ee74c648944413f9019afc2e222c088,scene-0919,42
2.6413,4.2736,6.1485,1.7399,2.5993,3.6221,0.0,1.0,0.0,0.0,1.0,1.0,0.0,0.25,0.16666666666666666,ok,left,3.5069,5.793,5.8936,2.4586,4.0104,4.6525,False,"[2.2846, 2.2846, 0.0, -3.7859, 1.5013, 8.2899, 8.2899, -0.1958]","[-579.2013, -2049.9076, -2717.7598, -4159.4066, -13647.1886, -14092.3254, -17727.4823, -35974.5592]","[2.8827, -1002047.7641, -1002715.6163, -1004157.2631, -1013645.2638, -1014090.4006, -1017725.3388, -1035972.6345]","[3.712, 4.653, 4.72, 6.899, 3.341, 4.699, 7.324, 5.618]","[[[2.5437, 0.1305], [5.9701, 0.5222], [7.3977, 0.7833], [10.5386, 1.6971], [13.6794, 2.4804], [15.3926, 4.5692]], [[3.1148, 0.2611], [6.8267, 0.3916], [10.253, 1.1749], [12.2517, 3.7859], [13.6794, 2.4804], [15.3926, 4.5692]], [[3.1148, 0.2611], [6.8267, 0.3916], [10.253, 1.1749], [12.2517, 3.7859], [11.3952, 3.5248], [3.4003, 0.0]], [[3.1148, 0.2611], [6.8267, 0.3916], [10.253, 1.1749], [12.2517, 3.7859], [14.536, 1.9582], [21.9598, -7.5719]], [[2.5437, 0.1305], [5.9701, 0.5222], [7.3977, 0.7833], [10.5386, 1.6971], [6.5412, -1.436], [11.1096, 3.0026]], [[2.5437, 0.1305], [5.9701, 0.5222], [7.3977, 0.7833], [10.5386, 1.6971], [11.3952, 1.8277], [18.2479, 16.5798]], [[3.1148, 0.2611], [6.8267, 0.3916], [10.253, 1.1749], [12.2517, 3.7859], [15.3926, 16.5798], [18.8189, 16.5798]], [[2.5437, 0.1305], [5.9701, 0.5222], [7.3977, 0.7833], [10.5386, 1.6971], [21.3887, 8.4857], [16.5347, -0.3916]]]",1.3215,0.0,1.0,0.0,0.0,1.0,1.0,False,[3],0.0,0.25,0.16666666666666666,3.3411,8.0,2.6413,4.2736,3.4318,1.7399,2.5993,3.3411,"[[3.115, 0.261], [6.827, 0.392], [10.253, 1.175], [12.252, 3.786], [13.679, 2.48], [15.393, 4.569]]",ok,7.3238,0.0,1.0,0.0,0.0,1.0,1.0,0.0,0.25,0.16666666666666666,188fe79624af4474b8b720e2282b406a,scene-0919,42
0.7358,2.25,6.1741,0.4061,1.1057,2.429,0.0,0.0,0.0,0.0,0.0,0.0,0.0,0.0,0.0,ok,right,1.1592,2.25,9.8282,0.9925,1.399,3.5679,False,"[-1.436, -2.0888, -1.3055, -2.611, -1.436, -0.5222, -8.2899, -3.1985]","[-72.2942, -1143.8324, -1368.3838, -123565.3973, -2805.2276, -4370.5148, -50106.3629, -76180.1734]","[1.9801, -1001143.1101, -1001367.6615, -1123564.675, -2005795.7906, -2007361.0779, -2053096.926, -2079170.7364]","[2.684, 3.708, 3.816, 4.815, 3.024, 3.227, 7.883, 7.288]","[[[3.1148, 0.0], [5.6846, 0.1305], [7.3977, 0.6527], [9.682, 0.9138], [11.9662, 1.6971], [14.8215, 2.8721]], [[3.1148, 0.0], [5.6846, 0.1305], [7.3977, 0.6527], [9.682, 0.9138], [12.8228, 3.5248], [19.9611, 4.1776]], [[3.1148, 0.0], [5.6846, 0.1305], [7.3977, 0.6527], [9.682, 0.9138], [14.8215, 3.5248], [20.8176, 2.611]], [[3.1148, 0.0], [5.6846, 0.1305], [7.3977, 0.6527], [9.682, 0.9138], [14.536, -16.5798], [12.8228, 5.222]], [[3.1148, 0.0], [5.6846, 0.1305], [7.1122, 2.8721], [8.8254, 0.9138], [11.9662, 1.6971], [14.8215, 2.8721]], [[3.1148, 0.0], [5.6846, 0.1305], [7.1122, 2.8721], [8.8254, 0.9138], [10.8241, 0.7833], [19.9611, 1.0444]], [[3.1148, 0.0], [5.6846, 0.1305], [7.1122, 2.8721], [8.8254, 0.9138], [15.9636, 16.5798], [17.1058, 16.5798]], [[3.1148, 0.0], [5.6846, 0.1305], [7.1122, 2.8721], [8.8254, 0.9138], [13.3939, 16.5798], [26.5282, 6.3969]]]",1.8535,0.0,0.0,0.0,0.0,0.0,0.0,False,[3],0.0,0.0,0.0,2.6837,8.0,1.1592,2.25,6.5292,0.9925,1.399,2.6837,"[[3.115, 0.0], [5.685, 0.131], [7.398, 0.653], [9.682, 0.914], [12.823, 3.525], [19.961, 2.872]]",ok,7.8832,0.0,0.0,0.0,0.0,0.0,0.0,0.0,0.0,0.0,e8a25125ab404726ab03976d3871c460,scene-0920,42
2.5619,3.9164,4.3486,1.91,2.6893,3.284,0.0,0.0,0.0,0.0,0.0,0.0,0.0,0.0,0.0,ok,right,3.9825,3.3579,4.3486,3.2025,3.2705,3.7,False,"[2.2846, 2.2846, 1.5013, 0.7833, 2.4152, 3.329, 2.5457, 2.6763]","[-316.8969, -449.7145, -482.6694, -2680.4952, -4352.7665, -11483.5364, -25344.2046, -132899.1147]","[3.7486, 3.7217, 2.6361, -1002677.3409, -1004349.6122, -1011480.4059, -1025341.0503, -1132895.9842]","[3.269, 3.7, 3.664, 3.595, 6.025, 5.292, 4.088, 6.491]","[[[3.1148, -0.1305], [6.5412, -0.5222], [9.682, -0.9138], [12.2517, -1.6971], [16.2492, -3.1332], [18.2479, -4.5692]], [[4.2569, -0.3916], [7.9688, -0.5222], [9.682, -0.9138], [12.2517, -1.6971], [16.2492, -3.1332], [18.2479, -4.5692]], [[4.2569, -0.3916], [7.9688, -0.5222], [9.682, -0.9138], [12.2517, -1.6971], [16.2492, -1.6971], [18.8189, -3.0026]], [[3.1148, -0.1305], [6.5412, -0.5222], [9.682, -0.9138], [12.2517, -1.6971], [18.2479, -2.8721], [18.8189, -1.5666]], [[3.1148, -0.1305], [6.5412, -0.5222], [9.682, -0.9138], [12.2517, -1.6971], [22.2453, -2.4804], [29.3835, -4.8303]], [[4.2569, -0.3916], [7.9688, -0.5222], [9.682, -0.9138], [12.2517, -1.6971], [22.2453, -2.611], [21.3887, -6.658]], [[3.1148, -0.1305], [6.5412, -0.5222], [9.682, -0.9138], [12.2517, -1.6971], [18.8189, 4.9609], [17.9623, -5.0914]], [[4.2569, -0.3916], [7.9688, -0.5222], [9.682, -0.9138], [12.2517, -1.6971], [18.5334, 16.5798], [20.2466, -5.3525]]]",1.1597,0.0,0.0,0.0,0.0,0.0,0.0,True,[3],0.0,0.0,0.0,3.2692,8.0,2.5619,3.3579,4.3486,1.91,2.6243,3.2692,"[[4.257, -0.392], [7.969, -0.522], [9.682, -0.914], [12.252, -1.697], [16.249, -3.133], [18.248, -4.569]]",ok,6.4911,0.0,0.0,0.0,0.0,0.0,0.0,0.0,0.0,0.0,fb87cdcfffbf4792b5e7c4fd87d97a54,scene-0920,42
4.1001,7.1248,11.2954,2.9208,4.6664,6.5814,0.0,0.0,0.0,0.0,0.0,0.0,0.0,0.0,0.0,ok,straight,4.1001,7.1248,8.7256,2.9208,4.595,6.1055,True,"[-0.718, -1.1097, -0.718, -0.4569, -0.5875, -0.0, -0.9138, -0.5222]","[-417.3937, -147.0318, -526.4885, -1884.2792, -2428.6431, -2724.3516, -54235.0612, -97566.4609]","[3.0311, 1.7737, 1.6836, -1001881.5328, -1002427.241, -1002722.9495, -1054233.6591, -1097563.7145]","[6.106, 6.681, 6.06, 4.779, 4.823, 5.248, 8.677, 7.649]","[[[3.1148, 0.0], [6.5412, -0.1305], [9.1109, -0.3916], [12.2517, -0.5222], [16.2492, -1.1749], [17.3913, -1.436]], [[3.1148, 0.0], [6.5412, -0.1305], [9.1109, -0.3916], [12.2517, -0.5222], [16.2492, -0.5222], [20.8176, -2.2193]], [[3.1148, 0.0], [6.5412, -0.1305], [8.5399, -0.3916], [12.5373, -0.9138], [16.2492, -1.1749], [17.3913, -1.436]], [[3.1148, 0.0], [6.5412, -0.1305], [9.1109, -0.3916], [12.2517, -0.5222], [11.3952, -0.5222], [14.2505, -0.9138]], [[3.1148, 0.0], [6.5412, -0.1305], [8.5399, -0.3916], [12.5373, -0.9138], [11.9662, -0.7833], [14.2505, -1.1749]], [[3.1148, 0.0], [6.5412, -0.1305], [8.5399, -0.3916], [12.5373, -0.9138], [13.1083, 1.436], [15.107, 0.0]], [[3.1148, 0.0], [6.5412, -0.1305], [8.5399, -0.3916], [12.5373, -0.9138], [29.3835, -0.6527], [19.9611, -1.8277]], [[3.1148, 0.0], [6.5412, -0.1305], [9.1109, -0.3916], [12.2517, -0.5222], [3.4003, 0.6527], [32.5244, -1.0444]]]",1.2893,0.0,0.0,0.0,0.0,0.0,0.0,True,[3],0.0,0.0,0.0,4.7786,8.0,4.1001,7.1248,5.6109,2.9208,4.595,4.7786,"[[3.115, 0.0], [6.541, -0.131], [9.111, -0.392], [12.252, -0.522], [16.249, -1.175], [17.391, -1.436]]",ok,8.6773,0.0,0.0,0.0,0.0,0.0,0.0,0.0,0.0,0.0,b423cc4e44fd40cf920fff82810a93aa,scene-0920,42
2.5177,4.2606,5.8542,1.9498,2.9736,3.8612,0.0,0.0,0.0,0.0,0.0,0.0,0.0,0.0,0.0,ok,straight,3.9401,4.8301,5.8542,2.8037,3.5429,4.2407,False,"[-0.1305, -0.0, -0.1305, -0.1305, -0.2611, -0.3264, -0.0653, -0.1305]","[-7.7506, -703.5613, -492.5663, -947.9942, -2244.448, -3750.556, -15047.2875, -70782.5666]","[4.0009, 3.012, 1.669, -1000946.9881, -1002241.1313, -1003747.2393, -1015046.2815, -1070779.2499]","[3.956, 3.27, 4.241, 4.427, 3.83, 4.38, 5.861, 11.335]","[[[4.5424, 0.0], [9.1109, 0.0], [13.9649, -0.1305], [18.8189, -0.1305], [23.3874, -0.1305], [27.9559, -0.2611]], [[4.828, 0.0], [10.5386, -0.1305], [13.9649, -0.1305], [18.8189, -0.1305], [21.6742, -0.3916], [23.6729, 0.0]], [[4.828, 0.0], [10.5386, -0.1305], [13.9649, -0.1305], [18.8189, -0.1305], [23.3874, -0.1305], [27.9559, -0.2611]], [[4.828, 0.0], [10.5386, -0.1305], [13.9649, -0.1305], [18.8189, -0.1305], [24.8151, -0.6527], [27.6704, -0.2611]], [[4.5424, 0.0], [9.1109, 0.0], [13.9649, -0.1305], [18.8189, -0.1305], [21.1032, -0.2611], [29.3835, 0.5222]], [[4.5424, 0.0], [9.1109, 0.0], [13.9649, -0.1305], [18.8189, -0.1305], [26.8138, 0.0], [27.0993, -0.6527]], [[4.828, 0.0], [10.5386, -0.1305], [13.9649, -0.1305], [18.8189, -0.1305], [31.0967, -1.0444], [29.9546, 0.1305]], [[4.5424, 0.0], [9.1109, 0.0], [13.9649, -0.1305], [18.8189, -0.1305], [25.9572, 0.3916], [69.6432, -0.2611]]]",2.4342,0.0,0.0,0.0,0.0,0.0,0.0,True,[3],0.0,0.0,0.0,3.2703,8.0,3.9401,4.8301,1.7607,2.8037,3.5429,3.2703,"[[4.828, 0.0], [10.539, -0.131], [13.965, -0.131], [18.819, -0.131], [23.387, -0.131], [27.956, -0.261]]",ok,11.3351,0.0,0.0,0.0,0.0,0.0,0.0,0.0,0.0,0.0,d640474c9a0341fd91f2bd24d6deec25,scene-0920,42
0.3176,0.5274,0.1168,0.2951,0.2933,0.2396,0.0,0.0,0.0,0.0,0.0,0.0,0.0,0.0,0.0,ok,straight,0.3176,0.5274,0.2215,0.2951,0.2933,0.257,False,"[-0.0653, -0.0653, -0.1305, -0.1305, -0.0, -0.1305, -0.3916, -0.0653]","[-98.6303, -628.9606, -197.8495, -2784.4051, -6938.1548, -7647.9633, -11049.1133, -82301.4318]","[2.085, 2.0632, 1.4898, -1002783.3684, -1006937.1196, -1007646.9281, -1011048.0765, -1082300.3966]","[0.257, 0.394, 0.729, 2.119, 1.271, 2.463, 1.405, 3.136]","[[[3.1148, 0.0], [5.399, 0.0], [8.5399, 0.0], [11.1096, -0.1305], [13.1083, -0.1305], [15.3926, -0.1305]], [[2.5437, 0.0], [6.8267, 0.0], [8.5399, 0.0], [11.1096, -0.1305], [13.1083, -0.1305], [15.3926, -0.1305]], [[3.1148, 0.0], [5.399, 0.0], [8.5399, 0.0], [11.1096, -0.1305], [14.536, 0.0], [16.8202, -0.2611]], [[3.1148, 0.0], [5.399, 0.0], [8.5399, 0.0], [11.1096, -0.1305], [14.2505, 0.3916], [25.3861, -0.2611]], [[2.5437, 0.0], [6.8267, 0.0], [8.5399, 0.0], [11.1096, -0.1305], [17.6768, 0.0], [14.2505, 0.0]], [[2.5437, 0.0], [6.8267, 0.0], [8.5399, 0.0], [11.1096, -0.1305], [13.1083, -0.9138], [27.0993, -0.2611]], [[3.1148, 0.0], [5.399, 0.0], [8.5399, 0.0], [11.1096, -0.1305], [19.39, -0.1305], [15.3926, 0.7833]], [[2.5437, 0.0], [6.8267, 0.0], [8.5399, 0.0], [11.1096, -0.1305], [-2.8813, -0.1305], [14.2505, 0.1305]]]",0.9621,0.0,0.0,0.0,0.0,0.0,0.0,True,[3],0.0,0.0,0.0,0.257,8.0,0.3176,0.5274,0.2215,0.2951,0.2933,0.257,"[[3.115, 0.0], [5.399, 0.0], [8.54, 0.0], [11.11, -0.131], [13.108, -0.131], [15.393, -0.131]]",ok,3.1358,0.0,0.0,0.0,0.0,0.0,0.0,0.0,0.0,0.0,852e22dbdbbf422e99224c488d7618bf,scene-0921,42
0.1744,1.3541,4.1873,0.1005,0.6254,1.5254,0.0,0.0,0.0,0.0,0.0,0.0,0.0,0.0,0.0,ok,straight,0.1744,1.9251,4.1873,0.1005,0.6968,1.6206,False,"[-0.0, -0.0, -0.2611, -0.1305, -0.4569, -0.0653, -0.8486, -3.9818]","[-37.5563, -484.3186, -508.1267, -550.8674, -856.4875, -1532.7987, -9372.6119, -60556.8684]","[2.9895, 2.8811, 2.7587, -1000548.9158, -1000854.6215, -1001530.8472, -1009370.746, -1060555.0024]","[1.621, 1.912, 1.013, 1.48, 2.873, 1.295, 2.65, 6.085]","[[[1.4016, 0.0], [2.5437, 0.0], [3.6858, 0.0], [5.1135, 0.0], [5.9701, 0.0], [7.3977, 0.0]], [[1.4016, 0.0], [2.5437, 0.0], [4.2569, 0.1305], [6.2556, 0.3916], [5.9701, 0.0], [7.3977, 0.0]], [[1.4016, 0.0], [2.5437, 0.0], [3.6858, 0.0], [5.1135, 0.0], [4.2569, 0.1305], [5.399, -0.5222]], [[1.4016, 0.0], [2.5437, 0.0], [3.6858, 0.0], [5.1135, 0.0], [7.1122, 0.1305], [5.399, -0.2611]], [[1.4016, 0.0], [2.5437, 0.0], [4.2569, 0.1305], [6.2556, 0.3916], [7.1122, 0.1305], [11.9662, 0.9138]], [[1.4016, 0.0], [2.5437, 0.0], [3.6858, 0.0], [5.1135, 0.0], [7.3977, 0.5222], [3.9714, -0.1305]], [[1.4016, 0.0], [2.5437, 0.0], [4.2569, 0.1305], [6.2556, 0.3916], [3.9714, 0.0], [13.6794, 1.6971]], [[1.4016, 0.0], [2.5437, 0.0], [4.2569, 0.1305], [6.2556, 0.3916], [3.9714, 0.1305], [33.381, 7.9635]]]",1.5287,0.0,0.0,0.0,0.0,0.0,0.0,True,[3],0.0,0.0,0.0,1.0132,8.0,0.1744,1.9251,2.2452,0.1005,0.6968,1.0132,"[[1.402, 0.0], [2.544, 0.0], [3.686, 0.0], [5.113, 0.0], [5.97, 0.0], [7.398, 0.0]]",ok,6.0854,0.0,0.0,0.0,0.0,0.0,0.0,0.0,0.0,0.0,ae572fa851ae494a8f9288e627db0be8,scene-0921,42
3.1258,6.5462,8.9458,2.4065,3.976,5.3601,0.0,0.0,0.0,0.0,0.0,0.0,0.0,0.0,0.0,ok,straight,3.1258,6.5462,8.7354,2.4065,3.976,5.5437,False,"[-2.4804, -2.2846, -8.2899, -0.718, -2.4804, -3.329, -8.2899, -8.2899]","[-146.566, -1501.0033, -55104.5716, -77545.6034, -15581.5988, -22358.3053, -35304.562, -58746.0782]","[3.7795, -1001499.1539, -1055102.7222, -1077543.754, -2017816.0029, -2024592.7095, -2037538.9662, -2060980.4823]","[5.36, 5.687, 9.417, 6.839, 5.993, 5.502, 7.628, 7.822]","[[[1.6871, 0.0], [3.1148, -0.2611], [4.5424, -0.7833], [6.5412, -1.9582], [7.3977, -3.1332], [9.1109, -4.9609]], [[1.6871, 0.0], [3.1148, -0.2611], [4.5424, -0.7833], [6.5412, -1.9582], [8.8254, -5.4831], [8.8254, -4.5692]], [[1.6871, 0.0], [3.1148, -0.2611], [4.5424, -0.7833], [6.5412, -1.9582], [9.3964, 16.5798], [15.9636, 16.5798]], [[1.6871, 0.0], [3.1148, -0.2611], [4.5424, -0.7833], [6.5412, -1.9582], [12.5373, -16.5798], [6.2556, -1.436]], [[1.6871, 0.0], [3.1148, -0.2611], [6.2556, -0.5222], [7.9688, 4.047], [7.3977, -3.1332], [9.1109, -4.9609]], [[1.6871, 0.0], [3.1148, -0.2611], [6.2556, -0.5222], [7.9688, 4.047], [2.5437, 0.0], [11.1096, -6.658]], [[1.6871, 0.0], [3.1148, -0.2611], [6.2556, -0.5222], [7.9688, 4.047], [8.5399, -0.2611], [9.3964, 16.5798]], [[1.6871, 0.0], [3.1148, -0.2611], [6.2556, -0.5222], [7.9688, 4.047], [8.8254, -3.2637], [9.9675, 16.5798]]]",1.3336,0.0,0.0,0.0,0.0,0.0,0.0,True,[3],0.0,0.0,0.0,5.3601,8.0,3.1258,6.5462,8.9458,2.4065,3.976,5.3601,"[[1.687, 0.0], [3.115, -0.261], [4.542, -0.783], [6.541, -1.958], [8.825, -3.133], [9.111, -4.569]]",ok,9.4173,0.0,1.0,0.0,0.0,1.0,1.0,0.0,0.25,0.3333333333333333,c2f07ed47010457db915a4190dfe662f,scene-0921,42
1.3776,2.8436,4.629,0.8865,1.713,2.5059,0.0,0.0,0.0,0.0,0.0,0.0,0.0,0.0,0.0,ok,left,1.3776,2.8436,3.8221,0.8865,1.713,2.6673,False,"[0.5222, 3.7859, 5.7442, -7.6372, 0.5222, 0.8486, 0.1305, 8.2899]","[-37.3176, -7852.1756, -14140.1562, -14259.8316, -2746.4908, -5817.5141, -6256.3384, -26904.2283]","[2.4975, -1007850.6701, -1014138.6506, -1014258.326, -2004089.1854, -2007160.2087, -2007599.033, -2028246.9228]","[2.447, 3.046, 3.394, 5.104, 2.875, 3.173, 3.733, 4.6]","[[[1.1161, 0.0], [1.6871, 0.0], [2.5437, 0.1305], [3.6858, 0.3916], [5.1135, 0.6527], [5.6846, 1.0444]], [[1.1161, 0.0], [1.6871, 0.0], [2.5437, 0.1305], [3.6858, 0.3916], [0.545, 0.0], [5.1135, 7.5719]], [[1.1161, 0.0], [1.6871, 0.0], [2.5437, 0.1305], [3.6858, 0.3916], [2.5437, 0.2611], [13.1083, 11.4884]], [[1.1161, 0.0], [1.6871, 0.0], [2.5437, 0.1305], [3.6858, 0.3916], [4.2569, 0.7833], [7.9688, -15.2743]], [[1.6871, -0.1305], [0.545, 0.1305], [1.1161, 0.1305], [5.1135, -0.7833], [5.1135, 0.6527], [5.6846, 1.0444]], [[1.6871, -0.1305], [0.545, 0.1305], [1.1161, 0.1305], [5.1135, -0.7833], [3.4003, -1.5666], [6.5412, 1.6971]], [[1.6871, -0.1305], [0.545, 0.1305], [1.1161, 0.1305], [5.1135, -0.7833], [5.6846, -4.5692], [6.2556, 0.2611]], [[1.6871, -0.1305], [0.545, 0.1305], [1.1161, 0.1305], [5.1135, -0.7833], [6.5412, -3.1332], [8.2543, 16.5798]]]",0.8399,0.0,0.0,1.0,0.0,0.0,1.0,False,[3],0.0,0.0,0.16666666666666666,2.4465,8.0,1.3776,2.8436,4.629,0.8865,1.713,2.4465,"[[1.116, 0.0], [1.687, 0.0], [2.544, 0.131], [3.686, 0.392], [2.544, 0.261], [5.685, 7.572]]",ok,5.1038,0.0,0.0,0.0,0.0,0.0,0.0,0.0,0.0,0.0,4fe7d92f1beb403aa1e9228dc8de8365,scene-0921,42
0.3612,0.6633,1.4744,0.2795,0.3792,0.671,0.0,0.0,0.0,0.0,0.0,0.0,0.0,0.0,0.0,ok,straight,0.3612,0.6633,1.4744,0.2795,0.3792,0.8145,False,"[-0.1305, -0.0653, -0.2611, -0.1305, -0.0653, -0.2611, -1.436, -0.2611]","[-284.3556, -1821.4186, -2495.3164, -6881.0704, -9351.2492, -13356.9398, -13645.9942, -102610.2226]","[1.8536, -1001820.602, -1002494.4998, -1006879.5013, -1009350.4326, -1013355.3707, -1013644.4251, -1102608.6535]","[0.624, 1.111, 1.009, 1.473, 1.672, 3.349, 3.251, 3.991]","[[[4.5424, 0.0], [9.1109, -0.1305], [13.9649, -0.1305], [18.2479, -0.1305], [22.2453, -0.1305], [29.098, -0.2611]], [[4.5424, 0.0], [9.1109, -0.1305], [13.9649, -0.1305], [18.2479, -0.1305], [21.6742, 0.2611], [31.3822, -0.1305]], [[4.5424, 0.0], [9.1109, -0.1305], [13.9649, -0.1305], [18.2479, -0.1305], [20.5321, -0.3916], [29.6691, -0.5222]], [[4.2569, 0.0], [10.8241, -0.1305], [15.6781, -0.2611], [22.2453, 0.0], [22.2453, -0.1305], [29.098, -0.2611]], [[4.5424, 0.0], [9.1109, -0.1305], [13.9649, -0.1305], [18.2479, -0.1305], [18.8189, 0.0], [31.9533, -0.1305]], [[4.2569, 0.0], [10.8241, -0.1305], [15.6781, -0.2611], [22.2453, 0.0], [29.6691, -0.3916], [20.8176, -0.5222]], [[4.2569, 0.0], [10.8241, -0.1305], [15.6781, -0.2611], [22.2453, 0.0], [17.9623, -0.3916], [21.3887, -2.8721]], [[4.2569, 0.0], [10.8241, -0.1305], [15.6781, -0.2611], [22.2453, 0.0], [20.8176, 16.5798], [28.2414, -0.5222]]]",1.1922,0.0,0.0,0.0,0.0,0.0,0.0,False,[3],0.0,0.0,0.0,0.6245,8.0,0.3612,0.6633,0.9034,0.2795,0.3792,0.6245,"[[4.542, 0.0], [9.111, -0.131], [13.965, -0.131], [18.248, -0.131], [21.674, -0.131], [29.669, -0.261]]",ok,3.9913,0.0,0.0,0.0,0.0,0.0,0.0,0.0,0.0,0.0,73c335a2a207457ea36cc855b2417bd9,scene-0922,42
2.5693,5.4227,9.7185,2.0359,3.533,5.3059,0.0,0.0,0.0,0.0,0.0,0.0,0.0,0.0,0.0,ok,straight,2.2839,5.4227,9.4305,1.6076,3.3188,5.1152,True,"[-0.1305, -0.1958, -0.4569, -0.1305, -0.1958, -0.1305, -0.5875, -0.0653]","[-443.7867, -1094.5589, -1302.2564, -1358.1884, -4068.5034, -4475.6493, -8371.6431, -37375.9307]","[3.5766, 3.1422, 2.1481, -1001355.2801, -1004066.1325, -1004472.7411, -1008368.7349, -1037373.5598]","[5.163, 5.258, 4.895, 5.259, 6.496, 5.168, 6.886, 4.376]","[[[4.5424, 0.0], [9.3964, 0.0], [15.107, -0.1305], [19.1045, -0.1305], [24.8151, -0.1305], [29.6691, -0.2611]], [[4.5424, 0.0], [9.3964, 0.0], [15.107, -0.1305], [19.1045, -0.1305], [25.6716, 0.0], [29.3835, -0.3916]], [[5.1135, 0.0], [9.682, 0.0], [15.3926, 0.0], [18.5334, 0.0], [24.244, -0.2611], [27.9559, 0.9138]], [[5.1135, 0.0], [9.682, 0.0], [15.3926, 0.0], [18.5334, 0.0], [24.8151, -0.1305], [29.6691, -0.2611]], [[4.5424, 0.0], [9.3964, 0.0], [15.107, -0.1305], [19.1045, -0.1305], [28.8125, 0.1305], [33.6665, -0.3916]], [[5.1135, 0.0], [9.682, 0.0], [15.3926, 0.0], [18.5334, 0.0], [26.2427, -0.3916], [27.6704, 0.2611]], [[5.1135, 0.0], [9.682, 0.0], [15.3926, 0.0], [18.5334, 0.0], [29.6691, 0.6527], [34.5231, -1.1749]], [[4.5424, 0.0], [9.3964, 0.0], [15.107, -0.1305], [19.1045, -0.1305], [12.8228, 0.6527], [28.8125, -0.1305]]]",0.7787,0.0,0.0,0.0,0.0,0.0,0.0,True,[3],0.0,0.0,0.0,4.376,8.0,2.2839,5.4227,8.8623,1.6076,3.3188,4.376,"[[4.542, 0.0], [9.396, 0.0], [15.107, -0.131], [19.104, -0.131], [24.815, -0.131], [29.384, -0.261]]",ok,6.8858,0.0,0.0,0.0,0.0,0.0,0.0,0.0,0.0,0.0,670e1b3ad3284258a44ca913f61d6065,scene-0922,42
1.9063,4.218,6.3869,1.2096,2.3237,3.529,0.0,0.0,0.0,0.0,0.0,0.0,0.0,0.0,0.0,ok,straight,1.9063,4.218,6.3869,1.2096,2.3237,3.529,False,"[-0.0653, -0.0653, -0.4569, -0.0653, -0.0653, -3.0026, -8.2899, -5.7442]","[-94.9959, -141.5159, -1043.5072, -2873.8189, -5080.8263, -10633.1582, -13182.4431, -13951.4358]","[5.0111, 5.0026, 4.0351, -1002871.2542, -1005077.5896, -1010630.5935, -1013179.2064, -1013948.8712]","[3.529, 3.342, 2.415, 2.476, 5.481, 2.685, 4.979, 3.372]","[[[2.8293, 0.0], [4.828, 0.0], [7.3977, 0.0], [9.1109, 0.1305], [11.1096, 0.1305], [13.6794, 0.1305]], [[2.8293, 0.0], [4.828, 0.0], [7.3977, 0.0], [9.1109, 0.1305], [11.1096, 0.1305], [14.8215, 0.1305]], [[3.1148, 0.0], [7.1122, 0.0], [8.8254, 0.1305], [12.2517, 0.1305], [12.8228, 0.2611], [12.5373, -0.9138]], [[3.1148, 0.0], [7.1122, 0.0], [8.8254, 0.1305], [12.2517, 0.1305], [11.1096, 0.1305], [13.6794, 0.1305]], [[2.8293, 0.0], [4.828, 0.0], [7.3977, 0.0], [9.1109, 0.1305], [5.1135, -0.6527], [7.9688, 0.1305]], [[3.1148, 0.0], [7.1122, 0.0], [8.8254, 0.1305], [12.2517, 0.1305], [17.6768, 0.2611], [10.5386, -6.0053]], [[2.8293, 0.0], [4.828, 0.0], [7.3977, 0.0], [9.1109, 0.1305], [11.6807, 0.3916], [16.8202, 16.5798]], [[3.1148, 0.0], [7.1122, 0.0], [8.8254, 0.1305], [12.2517, 0.1305], [13.6794, 2.2193], [13.9649, -11.4884]]]",1.0627,0.0,0.0,0.0,0.0,0.0,0.0,True,[3],0.0,0.0,0.0,2.4148,8.0,0.3985,1.1262,7.7354,0.313,0.7441,2.4148,"[[2.829, 0.0], [4.828, 0.0], [7.398, 0.0], [9.111, 0.131], [11.11, 0.131], [13.679, 0.131]]",ok,5.4812,0.0,0.0,0.0,0.0,0.0,0.0,0.0,0.0,0.0,42ec31bccc17489eabb72278e2d3758c,scene-0922,42
0.4545,1.1375,0.5739,0.3702,0.6443,0.655,0.0,0.0,0.0,0.0,0.0,0.0,0.0,0.0,0.0,ok,straight,0.7564,1.1375,0.5739,0.6626,0.6632,0.6676,False,"[-0.1305, -0.1305, -0.2611, -0.2611, -0.2611, -0.4569, -0.0, -0.0]","[-251.0143, -187.0814, -2348.1899, -3409.9784, -3973.8152, -4234.5102, -18698.6812, -28585.873]","[4.1908, 3.033, -1002345.1706, -1003408.1235, -1003971.9603, -1004231.4909, -1018695.6619, -1028584.0181]","[0.668, 0.489, 1.686, 2.557, 1.117, 1.136, 1.679, 2.083]","[[[3.1148, 0.0], [6.5412, 0.0], [10.5386, -0.1305], [12.8228, -0.2611], [16.2492, -0.3916], [19.9611, -0.2611]], [[3.1148, 0.0], [6.5412, 0.0], [10.8241, -0.3916], [13.9649, -0.3916], [16.2492, -0.3916], [19.9611, -0.2611]], [[3.1148, 0.0], [6.5412, 0.0], [10.5386, -0.1305], [12.8228, -0.2611], [19.9611, -0.5222], [24.244, -0.5222]], [[3.1148, 0.0], [6.5412, 0.0], [10.8241, -0.3916], [13.9649, -0.3916], [22.8163, -0.1305], [27.6704, -0.5222]], [[3.1148, 0.0], [6.5412, 0.0], [10.8241, -0.3916], [13.9649, -0.3916], [20.5321, 1.3055], [20.8176, -0.5222]], [[3.1148, 0.0], [6.5412, 0.0], [10.5386, -0.1305], [12.8228, -0.2611], [18.8189, 0.3916], [17.6768, -0.9138]], [[3.1148, 0.0], [6.5412, 0.0], [10.5386, -0.1305], [12.8228, -0.2611], [23.3874, -0.3916], [19.1045, 0.0]], [[3.1148, 0.0], [6.5412, 0.0], [10.8241, -0.3916], [13.9649, -0.3916], [7.1122, -0.7833], [19.1045, 0.0]]]",0.6591,0.0,0.0,0.0,0.0,0.0,0.0,True,[3],0.0,0.0,0.0,0.4892,8.0,0.7564,0.0524,0.5739,0.6626,0.3956,0.4892,"[[3.115, 0.0], [6.541, 0.0], [10.539, -0.131], [12.823, -0.261], [16.249, -0.392], [19.961, -0.261]]",ok,2.557,0.0,0.0,0.0,0.0,0.0,0.0,0.0,0.0,0.0,af48d5a32c984af28c2e0804b0631714,scene-0922,42
2.1428,3.7984,6.4274,1.9666,2.6114,3.7113,0.0,0.0,0.0,0.0,0.0,0.0,0.0,0.0,0.0,ok,straight,2.1428,2.9422,6.4274,1.9666,2.3259,3.521,True,"[-0.1305, -0.1305, -0.2611, -0.1958, -0.2611, -0.3264, -0.3264, -0.3264]","[-190.1368, -320.9879, -739.1124, -1526.6102, -4259.9509, -7757.0479, -10818.221, -62879.0489]","[4.0437, 4.0372, -1000737.0741, -1001524.5719, -1004257.9127, -1007755.0096, -1010816.1827, -1062877.0106]","[3.569, 3.521, 4.281, 3.535, 2.695, 4.095, 3.885, 5.678]","[[[5.1135, 0.0], [10.5386, 0.0], [15.107, 0.0], [20.2466, -0.1305], [26.8138, -0.1305], [32.2388, -0.2611]], [[5.1135, 0.0], [10.5386, 0.0], [15.107, -0.1305], [19.9611, -0.1305], [26.8138, -0.1305], [32.2388, -0.2611]], [[5.1135, 0.0], [10.5386, 0.0], [15.107, -0.1305], [19.9611, -0.1305], [28.2414, -0.3916], [35.3797, -0.5222]], [[5.1135, 0.0], [10.5386, 0.0], [15.107, -0.1305], [19.9611, -0.1305], [24.5295, -0.9138], [34.5231, 0.3916]], [[5.1135, 0.0], [10.5386, 0.0], [15.107, 0.0], [20.2466, -0.1305], [21.9598, 0.0], [31.6678, 0.5222]], [[5.1135, 0.0], [10.5386, 0.0], [15.107, 0.0], [20.2466, -0.1305], [30.8112, -0.9138], [31.3822, -0.6527]], [[5.1135, 0.0], [10.5386, 0.0], [15.107, 0.0], [20.2466, -0.1305], [31.0967, 0.3916], [29.6691, 0.6527]], [[5.1135, 0.0], [10.5386, 0.0], [15.107, -0.1305], [19.9611, -0.1305], [39.6626, -0.6527], [32.2388, 0.6527]]]",0.8049,0.0,0.0,0.0,0.0,0.0,0.0,True,[3],0.0,0.0,0.0,2.6946,8.0,2.1428,3.2276,5.9366,1.9666,2.3984,2.6946,"[[5.113, 0.0], [10.539, 0.0], [15.107, -0.131], [19.961, -0.131], [26.814, -0.131], [32.239, -0.261]]",ok,5.6779,0.0,0.0,0.0,0.0,0.0,0.0,0.0,0.0,0.0,c07a480048b04e989f6fc1e002e5c5b8,scene-0923,42
1.0587,1.3376,2.0524,0.7758,1.2647,1.6157,0.0,0.0,0.0,0.0,0.0,0.0,0.0,0.0,0.0,ok,straight,1.0587,1.3376,1.7728,0.7758,1.0515,1.4299,True,"[-0.0653, -0.1958, -0.2611, -0.2611, -0.0653, -0.0, -0.1305, -0.718]","[-93.3893, -124.1693, -624.5289, -5639.0175, -6576.3101, -14184.3951, -30839.1485, -822763.2904]","[3.1349, 2.5157, -1000622.4986, -1005636.9996, -1006574.2922, -1014182.3771, -1030837.1182, -1822761.2725]","[1.146, 1.428, 3.091, 2.442, 1.456, 2.682, 9.366, 9.726]","[[[4.828, 0.0], [9.682, 0.0], [14.2505, -0.1305], [19.1045, -0.1305], [23.3874, -0.1305], [29.098, -0.1305]], [[4.828, 0.0], [9.682, 0.0], [14.2505, -0.1305], [19.1045, -0.1305], [24.8151, -0.3916], [29.3835, 0.3916]], [[4.828, 0.0], [9.682, 0.0], [14.2505, -0.1305], [19.1045, -0.1305], [27.6704, -0.2611], [36.5218, -0.5222]], [[4.828, 0.0], [9.682, 0.0], [12.5373, 0.0], [13.6794, -0.1305], [23.3874, -2.0888], [33.6665, -0.5222]], [[4.828, 0.0], [9.682, 0.0], [12.5373, 0.0], [13.6794, -0.1305], [23.3874, -0.1305], [29.098, -0.1305]], [[4.828, 0.0], [9.682, 0.0], [12.5373, 0.0], [13.6794, -0.1305], [26.8138, -0.1305], [33.0954, 0.0]], [[4.828, 0.0], [9.682, 0.0], [14.2505, -0.1305], [19.1045, -0.1305], [32.2388, -0.1305], [69.6432, -0.2611]], [[4.828, 0.0], [9.682, 0.0], [12.5373, 0.0], [13.6794, -0.1305], [69.6432, -0.3916], [32.2388, -1.436]]]",3.3117,0.0,0.0,0.0,0.0,0.0,0.0,True,[3],0.0,0.0,0.0,1.146,8.0,1.0587,1.3376,1.4953,0.7758,1.0515,1.146,"[[4.828, 0.0], [9.682, 0.0], [14.25, -0.131], [19.104, -0.131], [24.815, -0.261], [29.384, -0.131]]",ok,9.7255,0.0,0.0,0.0,0.0,0.0,0.0,0.0,0.0,0.0,cd29200927db42dcb63c2db3349a8698,scene-0923,42
2.1152,4.9458,7.4221,1.5791,2.8321,4.2428,0.0,0.0,0.0,0.0,0.0,0.0,0.0,0.0,0.0,ok,straight,2.1152,4.9458,7.4221,1.5791,2.8321,4.2428,False,"[-0.0653, -0.0653, -0.0653, -0.1305, -0.1305, -0.1958, -3.1332, -0.0653]","[-38.3759, -43.655, -340.0211, -1871.1284, -5587.3172, -14889.6764, -86687.9151, -105333.5267]","[3.269, 3.2689, 3.2564, -1001868.9367, -1005585.1307, -1014887.4899, -1086685.7286, -1105331.335]","[4.243, 4.1, 4.528, 4.532, 3.555, 4.126, 7.63, 8.62]","[[[3.6858, 0.0], [7.3977, 0.0], [11.1096, -0.1305], [14.2505, -0.1305], [17.3913, -0.1305], [21.6742, -0.1305]], [[3.6858, 0.0], [7.3977, 0.0], [11.1096, -0.1305], [14.2505, -0.1305], [17.9623, 0.1305], [21.9598, -0.1305]], [[3.1148, 0.0], [6.2556, 0.0], [11.1096, -0.1305], [14.2505, -0.1305], [17.3913, -0.1305], [21.6742, -0.1305]], [[3.6858, 0.0], [7.3977, 0.0], [11.1096, -0.1305], [14.2505, -0.1305], [19.1045, 0.5222], [18.2479, -0.2611]], [[3.1148, 0.0], [6.2556, 0.0], [11.1096, -0.1305], [14.2505, -0.1305], [21.1032, -3.7859], [25.6716, -0.2611]], [[3.1148, 0.0], [6.2556, 0.0], [11.1096, -0.1305], [14.2505, -0.1305], [23.3874, 0.5222], [18.2479, -0.3916]], [[3.1148, 0.0], [6.2556, 0.0], [11.1096, -0.1305], [14.2505, -0.1305], [3.1148, -9.3996], [21.6742, -6.2664]], [[3.6858, 0.0], [7.3977, 0.0], [11.1096, -0.1305], [14.2505, -0.1305], [18.2479, 16.5798], [6.2556, -0.1305]]]",1.7492,0.0,0.0,0.0,0.0,0.0,0.0,True,[3],0.0,0.0,0.0,3.5547,8.0,3.2572,4.9458,3.436,2.4356,3.2604,3.5547,"[[3.686, 0.0], [7.398, 0.0], [11.11, -0.131], [14.25, -0.131], [17.391, -0.131], [21.674, -0.131]]",ok,8.6198,0.0,0.0,0.0,0.0,0.0,0.0,0.0,0.0,0.0,77b766e9aa56434f8d975037278b9a62,scene-0923,42
0.3582,0.3902,1.6753,0.1993,0.2796,0.7654,0.0,0.0,0.0,0.0,0.0,0.0,0.0,0.0,0.0,ok,straight,1.7848,3.5081,0.4347,0.9127,1.4868,1.3634,False,"[-0.1958, -0.0653, -0.0653, -0.1305, -8.2899, -0.7833, -0.3916, -8.2899]","[-868.614, -1567.9189, -2670.5027, -3527.0277, -19630.8604, -30596.8611, -39311.5225, -86309.2065]","[2.882, -1001567.3609, -1002669.0234, -1003526.4697, -1019630.3024, -1030595.3818, -1039310.0433, -1086308.6485]","[2.511, 0.625, 1.363, 0.925, 3.764, 2.415, 5.17, 4.723]","[[[5.1135, 0.0], [8.5399, 0.0], [14.8215, -0.1305], [23.1019, -0.2611], [29.098, -0.2611], [33.952, -0.3916]], [[5.1135, 0.0], [9.9675, -0.1305], [15.107, -0.1305], [18.8189, -0.1305], [25.9572, -0.1305], [29.6691, -0.1305]], [[5.1135, 0.0], [8.5399, 0.0], [14.8215, -0.1305], [23.1019, -0.2611], [25.9572, -0.1305], [29.6691, -0.1305]], [[5.1135, 0.0], [9.9675, -0.1305], [15.107, -0.1305], [18.8189, -0.1305], [27.3848, -0.1305], [30.5257, -0.2611]], [[5.1135, 0.0], [9.9675, -0.1305], [15.107, -0.1305], [18.8189, -0.1305], [24.8151, -0.1305], [40.8047, 16.5798]], [[5.1135, 0.0], [8.5399, 0.0], [14.8215, -0.1305], [23.1019, -0.2611], [19.6755, -0.1305], [33.6665, -1.5666]], [[5.1135, 0.0], [8.5399, 0.0], [14.8215, -0.1305], [23.1019, -0.2611], [31.6678, 0.1305], [12.2517, 0.7833]], [[5.1135, 0.0], [9.9675, -0.1305], [15.107, -0.1305], [18.8189, -0.1305], [25.6716, -9.9218], [30.8112, 16.5798]]]",1.6079,0.0,0.0,0.0,0.0,0.0,0.0,False,[3],0.0,0.0,0.0,0.6246,8.0,0.3582,0.786,0.4347,0.1993,0.3785,0.6246,"[[5.113, 0.0], [8.54, 0.0], [14.822, -0.131], [23.102, -0.261], [25.957, -0.131], [29.669, -0.131]]",ok,5.1695,0.0,0.0,0.0,0.0,0.0,0.0,0.0,0.0,0.0,f74ca01fe91e421b9f96864d8d59feca,scene-0923,42
0.6143,1.3125,1.5703,0.5387,0.8251,1.2079,0.0,0.0,0.0,0.0,0.0,0.0,0.0,0.0,0.0,ok,straight,0.5357,1.0216,1.5703,0.608,0.9298,1.2777,False,"[-0.1305, -0.0653, -0.1305, -0.3264, -0.0, -0.0, -0.2611, -0.2611]","[-314.1136, -881.8818, -1083.718, -594.9658, -1167.1199, -1991.5529, -4120.3242, -11796.7693]","[3.7244, 3.3682, 2.752, 1.9661, -1001164.2105, -1001988.6436, -1004118.1734, -1011794.6185]","[1.231, 1.843, 1.278, 0.756, 1.628, 1.585, 1.785, 2.144]","[[[4.2569, 0.0], [7.6833, 0.0], [9.682, -0.1305], [12.8228, -0.1305], [15.3926, -0.2611], [19.9611, -0.2611]], [[4.2569, 0.0], [7.6833, 0.0], [9.1109, -0.1305], [13.1083, -0.2611], [15.107, -0.3916], [16.8202, -0.1305]], [[4.2569, 0.0], [7.6833, 0.0], [9.1109, -0.1305], [13.1083, -0.2611], [15.3926, -0.2611], [19.9611, -0.2611]], [[4.2569, 0.0], [7.6833, 0.0], [9.682, -0.1305], [12.8228, -0.1305], [17.6768, -1.436], [21.3887, -0.6527]], [[4.2569, 0.0], [7.6833, 0.0], [9.682, -0.1305], [12.8228, -0.1305], [14.2505, -1.1749], [18.8189, 0.0]], [[4.2569, 0.0], [7.6833, 0.0], [9.682, -0.1305], [12.8228, -0.1305], [15.9636, -0.6527], [25.6716, 0.0]], [[4.2569, 0.0], [7.6833, 0.0], [9.1109, -0.1305], [13.1083, -0.2611], [18.5334, -0.9138], [15.3926, -0.5222]], [[4.2569, 0.0], [7.6833, 0.0], [9.1109, -0.1305], [13.1083, -0.2611], [12.8228, -0.5222], [25.6716, -0.5222]]]",0.4038,0.0,0.0,0.0,0.0,0.0,0.0,True,[3],0.0,0.0,0.0,0.7564,8.0,0.5357,1.3125,0.0917,0.608,0.8598,0.7564,"[[4.257, 0.0], [7.683, 0.0], [9.111, -0.131], [13.108, -0.261], [15.393, -0.261], [19.961, -0.261]]",ok,2.1442,0.0,0.0,0.0,0.0,0.0,0.0,0.0,0.0,0.0,c201dea88033406fb304747d32b823a6,scene-0924,42
0.8127,0.9167,2.4263,0.4997,0.6944,0.9836,0.0,0.0,0.0,0.0,0.0,0.0,0.0,0.0,0.0,ok,straight,0.8127,0.9167,2.4263,0.4997,0.6944,1.316,False,"[-0.0, -0.0653, -0.0653, -0.0653, -0.0, -0.2611, -0.2611, -0.1305]","[-123.1344, -296.3087, -885.4531, -1962.7153, -5022.8059, -5125.459, -5606.5587, -29901.0437]","[3.1926, 2.5048, -1000883.4129, -1001961.2586, -1005020.7657, -1005123.4187, -1005604.5185, -1029899.5869]","[0.804, 1.316, 2.03, 1.589, 1.426, 4.648, 1.89, 2.659]","[[[3.6858, 0.0], [6.8267, 0.0], [10.5386, -0.1305], [14.2505, -0.1305], [18.2479, 0.5222], [21.3887, 0.0]], [[3.6858, 0.0], [6.8267, 0.0], [10.5386, -0.1305], [14.2505, -0.1305], [16.2492, -0.1305], [19.9611, -0.1305]], [[3.6858, 0.0], [6.8267, 0.0], [9.3964, -0.1305], [11.1096, 0.0], [16.2492, -0.1305], [19.9611, -0.1305]], [[3.6858, 0.0], [6.8267, 0.0], [10.5386, -0.1305], [14.2505, -0.1305], [17.6768, 0.5222], [27.6704, -0.1305]], [[3.6858, 0.0], [6.8267, 0.0], [9.3964, -0.1305], [11.1096, 0.0], [19.1045, -0.1305], [21.1032, 0.0]], [[3.6858, 0.0], [6.8267, 0.0], [9.3964, -0.1305], [11.1096, 0.0], [13.9649, 0.0], [6.5412, -0.5222]], [[3.6858, 0.0], [6.8267, 0.0], [9.3964, -0.1305], [11.1096, 0.0], [18.5334, -0.1305], [18.5334, -0.5222]], [[3.6858, 0.0], [6.8267, 0.0], [10.5386, -0.1305], [14.2505, -0.1305], [25.6716, 0.0], [15.9636, 0.2611]]]",1.109,0.0,0.0,0.0,0.0,0.0,0.0,True,[3],0.0,0.0,0.0,0.8038,8.0,0.8127,0.9167,1.0297,0.4997,0.6944,0.8038,"[[3.686, 0.0], [6.827, 0.0], [10.539, -0.131], [14.25, -0.131], [16.249, -0.131], [19.961, -0.131]]",ok,4.6479,0.0,0.0,0.0,0.0,0.0,0.0,0.0,0.0,0.0,2402ba90f72345d2abbc04224afd0330,scene-0924,42
1.8408,4.3377,6.2428,1.3066,2.4454,3.3146,0.0,0.0,0.0,0.0,0.0,0.0,0.0,0.0,0.0,ok,straight,1.8408,4.3377,6.2356,1.3066,2.4454,3.6465,False,"[-0.1305, -0.1958, -0.4569, -0.1305, -0.0653, -1.1097, -6.3317, -0.7833]","[-619.2921, -203.0855, -314.1606, -2167.0686, -2294.6424, -9784.0591, -11067.9111, -176481.7408]","[3.02, 2.9944, 2.7729, -1002165.082, -1002292.5676, -1009782.0725, -1011065.9245, -1176479.6659]","[3.315, 3.605, 4.836, 3.838, 3.851, 5.373, 6.342, 13.425]","[[[4.2569, 0.0], [8.5399, 0.0], [12.5373, 0.0], [16.8202, 0.1305], [18.8189, 0.2611], [23.3874, 0.2611]], [[4.2569, 0.0], [8.5399, 0.0], [12.5373, 0.0], [16.8202, 0.1305], [20.8176, 1.0444], [23.1019, 0.3916]], [[4.2569, 0.0], [8.5399, 0.0], [13.9649, 0.0], [18.5334, 0.2611], [23.1019, 0.2611], [25.1006, 0.9138]], [[4.2569, 0.0], [8.5399, 0.0], [13.9649, 0.0], [18.5334, 0.2611], [18.8189, 0.2611], [23.3874, 0.2611]], [[4.2569, 0.0], [8.5399, 0.0], [12.5373, 0.0], [16.8202, 0.1305], [22.8163, 1.0444], [22.5308, -0.1305]], [[4.2569, 0.0], [8.5399, 0.0], [13.9649, 0.0], [18.5334, 0.2611], [19.1045, 0.6527], [32.2388, 2.2193]], [[4.2569, 0.0], [8.5399, 0.0], [13.9649, 0.0], [18.5334, 0.2611], [22.5308, 1.0444], [28.5269, -12.6633]], [[4.2569, 0.0], [8.5399, 0.0], [12.5373, 0.0], [16.8202, 0.1305], [23.3874, 16.5798], [69.6432, 1.5666]]]",3.1182,0.0,0.0,0.0,0.0,0.0,0.0,True,[3],0.0,0.0,0.0,3.3146,8.0,1.8408,4.3377,6.2428,1.3066,2.4454,3.3146,"[[4.257, 0.0], [8.54, 0.0], [12.537, 0.0], [16.82, 0.131], [20.818, 0.261], [23.387, 0.392]]",ok,13.4255,0.0,0.0,0.0,0.0,0.0,0.0,0.0,0.0,0.0,43e78092d75e44d7943687203bc111d8,scene-0924,42
5.3539,11.0529,13.563,4.0514,6.87,8.9524,0.0,0.0,0.0,0.0,0.0,0.0,0.0,0.0,0.0,ok,straight,5.3539,11.0616,13.5504,3.6252,6.6591,8.9994,False,"[-0.6527, -0.6527, -1.893, -1.3055, -0.5222, -1.0444, -0.0653, -6.7233]","[-221.755, -298.5279, -317.6393, -992.8909, -4520.0538, -4688.2883, -40060.6105, -750503.4916]","[2.4636, 2.4626, 1.8428, -1000991.3105, -1004518.4742, -1004686.7079, -1040059.0301, -1750501.912]","[9.141, 8.999, 9.77, 9.83, 9.096, 10.5, 9.204, 17.757]","[[[4.2569, 0.0], [8.5399, -0.1305], [13.3939, -0.3916], [18.2479, -0.7833], [23.3874, -1.0444], [25.9572, -1.3055]], [[3.4003, -0.1305], [8.5399, -0.1305], [13.3939, -0.3916], [18.2479, -0.7833], [23.3874, -1.0444], [25.9572, -1.3055]], [[3.4003, -0.1305], [8.5399, -0.1305], [13.3939, -0.3916], [18.2479, -0.7833], [23.3874, -1.1749], [30.2401, -3.7859]], [[4.2569, 0.0], [8.5399, -0.1305], [13.3939, -0.3916], [18.2479, -0.7833], [25.1006, -0.9138], [28.2414, -2.611]], [[3.4003, -0.1305], [8.5399, -0.1305], [13.3939, -0.3916], [18.2479, -0.7833], [25.6716, -1.436], [24.244, -1.0444]], [[4.2569, 0.0], [8.5399, -0.1305], [13.3939, -0.3916], [18.2479, -0.7833], [27.6704, -2.2193], [29.6691, -2.0888]], [[4.2569, 0.0], [8.5399, -0.1305], [13.3939, -0.3916], [18.2479, -0.7833], [21.9598, -1.0444], [-2.8813, -0.1305]], [[3.4003, -0.1305], [8.5399, -0.1305], [13.3939, -0.3916], [18.2479, -0.7833], [69.6432, -2.2193], [27.0993, -13.4466]]]",2.7699,0.0,0.0,0.0,0.0,0.0,0.0,True,[3],0.0,0.0,0.0,8.9994,8.0,5.3539,11.0616,13.5504,3.6252,6.6591,8.9994,"[[3.4, -0.131], [8.54, -0.131], [13.394, -0.392], [18.248, -0.783], [23.387, -1.044], [25.957, -1.305]]",ok,17.7566,0.0,0.0,0.0,0.0,0.0,0.0,0.0,0.0,0.0,6621ea99f14447fdab044d69eac8062a,scene-0924,42
5.081,10.6959,15.4922,3.6955,6.3395,9.1166,0.0,0.0,0.0,0.0,0.0,0.0,0.0,0.0,0.0,ok,straight,5.081,12.1231,16.633,3.6955,7.2673,9.9253,False,"[-0.0, -0.0653, -0.1305, -0.0653, -0.1305, -0.3916, -2.8721, -0.1305]","[-545.8058, -506.2476, -291.2043, -848.8595, -559.3831, -18856.7913, -22836.9208, -38960.2107]","[4.7902, 4.7216, 4.6656, 4.652, 4.6014, -1018853.2792, -1022833.3639, -1038956.6986]","[9.83, 10.023, 9.735, 10.734, 10.496, 11.689, 11.883, 12.876]","[[[3.1148, 0.0], [6.5412, 0.0], [11.3952, -0.1305], [14.2505, 0.0], [15.6781, -0.1305], [19.39, 0.0]], [[3.1148, 0.0], [6.5412, 0.0], [11.3952, -0.1305], [14.2505, 0.0], [16.2492, -0.6527], [19.9611, -0.1305]], [[3.1148, 0.0], [6.5412, 0.0], [11.3952, -0.1305], [14.2505, 0.0], [16.2492, -0.1305], [18.2479, -0.2611]], [[4.2569, 0.0], [9.682, 0.0], [12.2517, 0.0], [13.6794, 0.0], [17.1058, 0.0], [18.8189, -0.1305]], [[4.2569, 0.0], [9.682, 0.0], [12.2517, 0.0], [13.6794, 0.0], [16.2492, -0.1305], [18.2479, -0.2611]], [[4.2569, 0.0], [9.682, 0.0], [12.2517, 0.0], [13.6794, 0.0], [23.3874, 0.0], [18.2479, -0.7833]], [[3.1148, 0.0], [6.5412, 0.0], [11.3952, -0.1305], [14.2505, 0.0], [25.1006, -5.222], [20.8176, -5.7442]], [[4.2569, 0.0], [9.682, 0.0], [12.2517, 0.0], [13.6794, 0.0], [11.9662, 0.0], [36.8073, 0.2611]]]",1.0579,0.0,0.0,0.0,0.0,0.0,0.0,True,[3],0.0,0.0,0.0,9.7352,8.0,5.081,12.1231,15.4922,3.6955,7.2673,9.7352,"[[3.115, 0.0], [6.541, 0.0], [11.395, -0.131], [14.25, 0.0], [16.249, -0.131], [19.39, -0.131]]",ok,12.8758,0.0,0.0,0.0,0.0,0.0,0.0,0.0,0.0,0.0,e6fcfc5cd0254eee901c1bbc0a30a6ba,scene-0925,42
4.6561,8.8066,14.831,3.3683,5.3559,7.9422,0.0,0.0,0.0,0.0,0.0,0.0,0.0,0.0,0.0,ok,straight,4.6561,8.8066,14.839,3.3683,5.4986,7.9435,False,"[-0.0653, -0.2611, -1.6319, -0.0653, -0.1305, -0.1305, -0.0653, -0.1958]","[-187.1317, -758.1939, -1064.0848, -2614.1964, -2771.8739, -3453.3142, -8337.8596, -22991.1471]","[4.4454, 0.8252, -1001060.8601, -1002614.1205, -1002771.798, -1003450.0895, -1008337.7837, -1022987.9223]","[7.942, 8.848, 7.395, 7.848, 9.276, 8.087, 7.712, 7.895]","[[[2.2582, 0.0], [5.1135, 0.0], [7.3977, 0.0], [9.9675, 0.0], [11.9662, -0.1305], [15.9636, -0.1305]], [[2.8293, 0.0], [3.4003, 0.0], [6.5412, 0.1305], [11.3952, 0.1305], [15.9636, 0.0], [17.9623, -0.5222]], [[2.2582, 0.0], [5.1135, 0.0], [7.3977, 0.0], [9.9675, 0.0], [10.8241, 0.3916], [13.3939, -3.2637]], [[2.8293, 0.0], [3.4003, 0.0], [6.5412, 0.1305], [11.3952, 0.1305], [11.9662, -0.1305], [15.9636, -0.1305]], [[2.8293, 0.0], [3.4003, 0.0], [6.5412, 0.1305], [11.3952, 0.1305], [13.9649, 0.2611], [22.5308, 0.2611]], [[2.2582, 0.0], [5.1135, 0.0], [7.3977, 0.0], [9.9675, 0.0], [15.3926, 0.5222], [13.3939, -0.2611]], [[2.8293, 0.0], [3.4003, 0.0], [6.5412, 0.1305], [11.3952, 0.1305], [9.9675, -0.9138], [17.1058, 0.1305]], [[2.2582, 0.0], [5.1135, 0.0], [7.3977, 0.0], [9.9675, 0.0], [6.2556, 0.0], [21.3887, -0.3916]]]",0.5826,0.0,0.0,0.0,0.0,0.0,0.0,True,[3],0.0,0.0,0.0,7.3951,8.0,4.6561,8.8066,12.6818,3.3683,5.4986,7.3951,"[[2.258, 0.0], [5.113, 0.0], [7.398, 0.0], [9.968, 0.0], [11.966, 0.0], [15.964, -0.522]]",ok,9.2759,0.0,0.0,0.0,0.0,0.0,0.0,0.0,0.0,0.0,9f7941301fc440459a1a6dd8182d4f91,scene-0925,42
3.5115,5.3228,6.3218,2.741,3.6959,4.4883,0.0,0.0,0.0,0.0,0.0,0.0,0.0,0.0,0.0,ok,straight,3.5115,4.749,6.3218,3.0265,3.9808,4.6782,False,"[-0.0653, -0.1305, -0.0653, -0.0, -0.1305, -0.4569, -0.3264, -8.2899]","[-442.0099, -1122.7991, -1730.6582, -6797.275, -8402.4892, -10369.6602, -16695.5216, -22329.3726]","[4.5151, 4.398, -1001727.6848, -1006794.2727, -1008399.5158, -1010366.6868, -1016692.5482, -1022326.3703]","[4.678, 4.68, 5.535, 4.583, 4.552, 6.732, 7.299, 6.121]","[[[3.1148, 0.0], [5.399, 0.0], [8.5399, 0.0], [9.9675, 0.0], [13.1083, -0.1305], [15.9636, -0.1305]], [[3.1148, 0.0], [5.399, 0.0], [8.5399, 0.0], [9.9675, 0.0], [13.9649, -0.1305], [15.107, -0.2611]], [[2.5437, 0.0], [5.399, 0.0], [10.5386, 0.0], [13.6794, 0.0], [13.1083, -0.1305], [15.9636, -0.1305]], [[3.1148, 0.0], [5.399, 0.0], [8.5399, 0.0], [9.9675, 0.0], [15.9636, -0.2611], [12.5373, 0.0]], [[2.5437, 0.0], [5.399, 0.0], [10.5386, 0.0], [13.6794, 0.0], [9.3964, -0.5222], [13.6794, -0.2611]], [[2.5437, 0.0], [5.399, 0.0], [10.5386, 0.0], [13.6794, 0.0], [20.8176, -0.1305], [15.3926, 0.9138]], [[2.5437, 0.0], [5.399, 0.0], [10.5386, 0.0], [13.6794, 0.0], [12.2517, -0.2611], [27.3848, -0.6527]], [[3.1148, 0.0], [5.399, 0.0], [8.5399, 0.0], [9.9675, 0.0], [8.8254, 0.1305], [19.6755, 16.5798]]]",1.0141,0.0,0.0,0.0,0.0,0.0,0.0,True,[3],0.0,0.0,0.0,4.5515,8.0,3.5115,8.4607,4.0509,2.741,5.2656,4.5515,"[[3.115, 0.0], [5.399, 0.0], [8.54, 0.0], [9.968, 0.0], [13.108, -0.131], [15.964, -0.131]]",ok,7.2989,0.0,0.0,0.0,0.0,0.0,0.0,0.0,0.0,0.0,870569ebe8bf460eb4dc77e7a465975e,scene-0925,42
2.2906,6.0277,11.7131,1.8458,3.3199,5.3557,0.0,0.0,0.0,0.0,0.0,0.0,0.0,0.0,0.0,ok,straight,3.147,6.0277,9.9999,2.1313,3.4627,5.1654,True,"[-0.0653, -0.0653, -0.0653, -0.3916, -0.1958, -0.0653, -0.1305, -0.0653]","[-251.5695, -683.3195, -833.3141, -1518.359, -2387.9726, -5218.2623, -69683.7808, -170286.4923]","[4.1187, 4.1099, 4.1073, -1001515.3887, -1002385.0036, -1005215.2932, -1069680.8105, -1170283.522]","[5.07, 5.165, 5.072, 5.841, 4.502, 4.262, 6.235, 11.26]","[[[4.5424, 0.0], [8.5399, 0.0], [12.8228, 0.0], [18.2479, 0.0], [22.2453, 0.0], [27.3848, -0.1305]], [[4.2569, 0.0], [9.3964, 0.0], [12.8228, 0.0], [18.2479, 0.0], [22.2453, 0.0], [27.3848, -0.1305]], [[4.2569, 0.0], [9.3964, 0.0], [12.8228, 0.0], [18.2479, 0.0], [21.9598, -0.5222], [27.0993, -0.1305]], [[4.5424, 0.0], [8.5399, 0.0], [12.8228, 0.0], [18.2479, 0.0], [25.6716, 0.7833], [28.5269, -0.7833]], [[4.2569, 0.0], [9.3964, 0.0], [12.8228, 0.0], [18.2479, 0.0], [19.9611, 0.0], [25.6716, 0.3916]], [[4.2569, 0.0], [9.3964, 0.0], [12.8228, 0.0], [18.2479, 0.0], [18.5334, 0.0], [25.6716, 0.1305]], [[4.5424, 0.0], [8.5399, 0.0], [12.8228, 0.0], [18.2479, 0.0], [20.2466, -14.491], [26.2427, -0.2611]], [[4.5424, 0.0], [8.5399, 0.0], [12.8228, 0.0], [18.2479, 0.0], [17.1058, -0.3916], [69.6432, -0.1305]]]",2.1032,0.0,0.0,0.0,0.0,0.0,0.0,True,[3],0.0,0.0,0.0,4.2621,8.0,3.147,6.0277,8.291,2.1313,3.4627,4.2621,"[[4.257, 0.0], [9.396, 0.0], [12.823, 0.0], [18.248, 0.0], [22.245, 0.0], [27.385, -0.131]]",ok,11.2598,0.0,0.0,0.0,0.0,0.0,0.0,0.0,0.0,0.0,b9ac916091a2417a87126eb9ddd22474,scene-0925,42
2.3616,4.5415,5.998,1.8317,3.0319,3.9286,0.0,0.0,0.0,0.0,0.0,0.0,0.0,0.0,0.0,ok,straight,2.3616,3.9839,5.998,2.1195,3.0364,3.9316,False,"[-0.8486, -0.8486, -0.1958, -1.2402, -1.7624, -6.658, -6.2011, -7.8983]","[-367.3429, -518.1426, -2387.6145, -2496.1357, -10992.9179, -23562.0262, -30656.4501, -165952.6021]","[3.6854, 3.6772, -1002385.2931, -1002493.8089, -1010990.5964, -1023559.7048, -1030654.1234, -1165950.2754]","[3.836, 3.932, 2.352, 4.146, 4.59, 5.192, 4.897, 7.941]","[[[1.9727, 0.0], [3.6858, 0.1305], [5.9701, 0.5222], [6.8267, 0.7833], [9.1109, 1.6971], [10.5386, 1.6971]], [[2.5437, 0.1305], [3.6858, 0.1305], [5.9701, 0.5222], [6.8267, 0.7833], [9.1109, 1.6971], [10.5386, 1.6971]], [[2.5437, 0.1305], [3.6858, 0.1305], [5.9701, 0.5222], [6.8267, 0.7833], [4.2569, -0.5222], [6.2556, 0.3916]], [[1.9727, 0.0], [3.6858, 0.1305], [5.9701, 0.5222], [6.8267, 0.7833], [10.5386, 3.1332], [9.9675, 2.4804]], [[2.5437, 0.1305], [3.6858, 0.1305], [5.9701, 0.5222], [6.8267, 0.7833], [13.3939, 2.8721], [8.2543, 3.5248]], [[2.5437, 0.1305], [3.6858, 0.1305], [5.9701, 0.5222], [6.8267, 0.7833], [6.5412, 3.6554], [12.5373, -13.3161]], [[1.9727, 0.0], [3.6858, 0.1305], [5.9701, 0.5222], [6.8267, 0.7833], [1.1161, -0.3916], [14.8215, -12.4022]], [[1.9727, 0.0], [3.6858, 0.1305], [5.9701, 0.5222], [6.8267, 0.7833], [13.6794, 16.5798], [12.8228, -15.7965]]]",1.4957,0.0,0.0,0.0,0.0,0.0,0.0,True,[3],0.0,0.0,0.0,2.3516,8.0,2.3616,3.9839,1.8149,2.1195,3.0364,2.3516,"[[2.544, 0.131], [3.686, 0.131], [5.97, 0.522], [6.827, 0.783], [9.111, 1.697], [10.539, 1.697]]",ok,7.9415,0.0,0.0,0.0,0.0,0.0,0.0,0.0,0.0,0.0,45eda670b5a840acbb730aac15e63b19,scene-0926,42
0.1128,0.3597,0.6998,0.2284,0.3058,0.524,0.0,0.0,0.0,0.0,0.0,0.0,0.0,0.0,0.0,ok,straight,0.7458,0.3597,0.799,0.5449,0.464,0.6455,False,"[-1.0444, -1.0444, -0.9791, -0.9791, -2.2846, -0.0653, -0.9791, -1.436]","[-87.7597, -590.9728, -284.2066, -954.8844, -6227.7802, -7909.3049, -10903.2188, -25399.8707]","[3.5738, 3.5058, -1000281.5301, -1000952.2137, -1006225.1095, -1007906.6342, -1010900.5422, -1025397.1942]","[0.646, 0.963, 0.776, 2.016, 1.971, 2.285, 1.588, 3.488]","[[[2.5437, 0.0], [5.399, -0.2611], [7.6833, -0.5222], [9.682, -0.7833], [11.6807, -1.1749], [15.3926, -2.0888]], [[2.5437, 0.0], [5.399, -0.2611], [9.1109, -0.9138], [10.8241, -0.7833], [11.6807, -1.1749], [15.3926, -2.0888]], [[2.5437, 0.0], [5.399, -0.2611], [7.6833, -0.5222], [9.682, -0.7833], [12.2517, -1.3055], [17.9623, -1.9582]], [[2.5437, 0.0], [5.399, -0.2611], [9.1109, -0.9138], [10.8241, -0.7833], [15.6781, -1.5666], [21.3887, -1.9582]], [[2.5437, 0.0], [5.399, -0.2611], [9.1109, -0.9138], [10.8241, -0.7833], [17.6768, -2.2193], [16.5347, -4.5692]], [[2.5437, 0.0], [5.399, -0.2611], [9.1109, -0.9138], [10.8241, -0.7833], [12.2517, 4.5692], [11.9662, -0.1305]], [[2.5437, 0.0], [5.399, -0.2611], [7.6833, -0.5222], [9.682, -0.7833], [7.1122, -0.7833], [17.6768, -1.9582]], [[2.5437, 0.0], [5.399, -0.2611], [7.6833, -0.5222], [9.682, -0.7833], [9.9675, -1.0444], [31.9533, -2.8721]]]",0.8827,0.0,0.0,0.0,0.0,0.0,0.0,True,[3],0.0,0.0,0.0,0.6455,8.0,0.7458,0.3597,0.799,0.5449,0.464,0.6455,"[[2.544, 0.0], [5.399, -0.261], [7.683, -0.522], [9.682, -0.783], [11.681, -1.175], [15.393, -2.089]]",ok,3.4883,0.0,0.0,0.0,0.0,0.0,0.0,0.0,0.0,0.0,6d24000d98854d99b5af251bfdf31561,scene-0926,42
0.6361,0.9345,2.5745,0.549,0.6451,1.0782,0.0,0.0,0.0,0.0,0.0,0.0,0.0,0.0,0.0,ok,straight,0.6361,0.9345,1.7234,0.549,0.6451,0.9363,True,"[-0.0653, -0.0653, -0.1958, -0.5222, -0.0653, -0.0653, -0.0653, -0.1305]","[-27.1207, -138.9284, -61.8878, -251.1543, -673.4265, -1554.1553, -1899.5293, -2600.552]","[4.4535, 4.2004, 3.5378, 1.1377, -1000670.5992, -1001551.328, -1001896.7021, -1002597.5925]","[1.078, 0.679, 1.03, 0.965, 1.009, 0.682, 0.914, 0.984]","[[[2.2582, 0.0], [4.5424, 0.0], [6.8267, 0.0], [8.5399, 0.0], [10.253, -0.1305], [11.1096, -0.1305]], [[2.2582, 0.0], [4.5424, 0.0], [7.1122, 0.0], [10.253, 0.2611], [12.2517, -0.1305], [14.8215, -0.1305]], [[2.2582, 0.0], [4.5424, 0.0], [6.8267, 0.0], [8.5399, 0.0], [9.682, 0.0], [11.9662, 0.3916]], [[2.2582, 0.0], [4.5424, 0.0], [6.8267, 0.0], [8.5399, 0.0], [12.2517, -0.1305], [15.9636, 1.0444]], [[2.2582, 0.0], [4.5424, 0.0], [7.1122, 0.0], [10.253, 0.2611], [10.253, -0.1305], [11.1096, -0.1305]], [[2.2582, 0.0], [4.5424, 0.0], [7.1122, 0.0], [10.253, 0.2611], [10.253, 0.0], [14.2505, -0.1305]], [[2.2582, 0.0], [4.5424, 0.0], [7.1122, 0.0], [10.253, 0.2611], [10.5386, 0.2611], [15.9636, 0.1305]], [[2.2582, 0.0], [4.5424, 0.0], [6.8267, 0.0], [8.5399, 0.0], [13.3939, 0.5222], [12.2517, 0.2611]]]",0.1441,0.0,0.0,0.0,0.0,0.0,0.0,True,[3],0.0,0.0,0.0,0.6789,8.0,0.6361,0.8067,1.1726,0.549,0.542,0.6789,"[[2.258, 0.0], [4.542, 0.0], [6.827, 0.0], [8.54, 0.0], [10.253, -0.131], [11.966, -0.131]]",ok,1.0782,0.0,0.0,0.0,0.0,0.0,0.0,0.0,0.0,0.0,0a6754bbd15c4a99a0df920e42cb8353,scene-0926,42
2.8865,4.5626,6.2606,2.1366,3.2224,4.4041,0.0,0.0,0.0,0.0,0.0,0.0,0.0,0.0,0.0,ok,straight,2.8865,4.5626,6.2606,2.1366,3.2224,4.2613,True,"[-0.0653, -0.0653, -0.1305, -0.1958, -0.0653, -0.0, -0.4569, -0.3916]","[-134.1371, -197.8977, -416.9359, -834.7495, -1338.1244, -1453.5587, -2365.9631, -27091.8125]","[1.7493, 1.7419, 1.2991, -1000834.1512, -1001337.5261, -1001452.9604, -1002365.3648, -1027091.2142]","[4.261, 5.213, 3.644, 5.166, 3.976, 3.697, 4.743, 3.938]","[[[3.6858, 0.0], [7.3977, 0.0], [11.1096, 0.0], [14.2505, -0.1305], [18.2479, -0.1305], [20.8176, -0.1305]], [[3.6858, 0.0], [7.3977, 0.0], [11.1096, 0.0], [14.2505, -0.1305], [19.39, 0.2611], [25.3861, 0.1305]], [[3.6858, 0.0], [7.3977, 0.0], [11.1096, 0.0], [14.2505, -0.1305], [15.6781, -0.1305], [19.6755, -0.2611]], [[3.6858, 0.0], [7.3977, 0.0], [11.1096, 0.0], [14.2505, -0.1305], [17.9623, 0.0], [26.5282, -0.3916]], [[3.6858, 0.0], [7.3977, 0.0], [10.8241, -0.1305], [12.8228, -0.1305], [18.2479, -0.1305], [20.8176, -0.1305]], [[3.6858, 0.0], [7.3977, 0.0], [10.8241, -0.1305], [12.8228, -0.1305], [14.8215, 0.5222], [22.5308, 0.0]], [[3.6858, 0.0], [7.3977, 0.0], [10.8241, -0.1305], [12.8228, -0.1305], [16.2492, -0.1305], [27.3848, -0.9138]], [[3.6858, 0.0], [7.3977, 0.0], [10.8241, -0.1305], [12.8228, -0.1305], [23.1019, -2.3499], [15.107, 0.7833]]]",0.592,0.0,0.0,0.0,0.0,0.0,0.0,True,[3],0.0,0.0,0.0,3.6439,8.0,2.8865,4.5626,5.1245,2.1366,3.2224,3.6439,"[[3.686, 0.0], [7.398, 0.0], [11.11, 0.0], [14.25, -0.131], [18.248, -0.131], [20.818, -0.131]]",ok,5.2133,0.0,0.0,0.0,0.0,0.0,0.0,0.0,0.0,0.0,70308748f324468193d6189ab556f8e5,scene-0926,42
0.6852,0.1385,0.533,0.598,0.4487,0.3953,0.0,0.0,0.0,0.0,0.0,0.0,0.0,0.0,0.0,ok,straight,0.6852,1.2679,0.6513,0.598,0.6619,0.6889,False,"[-0.0653, -0.0653, -0.0653, -0.3264, -0.0653, -0.1305, -8.2899, -0.3916]","[-93.484, -255.9602, -320.0593, -3086.4691, -4512.3126, -14989.9572, -45248.6022, -88633.716]","[3.8397, 3.3055, 3.3033, -1003084.2279, -1004509.5427, -1014987.1872, -1045245.8323, -1088631.4748]","[0.547, 0.751, 0.689, 1.04, 1.049, 1.555, 7.544, 3.625]","[[[3.4003, 0.0], [6.5412, 0.0], [9.3964, 0.0], [12.2517, 0.0], [16.2492, 0.0], [19.39, -0.1305]], [[3.4003, 0.0], [6.5412, 0.0], [9.1109, -0.1305], [13.3939, -0.1305], [17.1058, 0.0], [18.8189, -0.1305]], [[3.4003, 0.0], [6.5412, 0.0], [9.1109, -0.1305], [13.3939, -0.1305], [16.2492, 0.0], [19.39, -0.1305]], [[3.4003, 0.0], [6.5412, 0.0], [9.1109, -0.1305], [13.3939, -0.1305], [13.1083, -0.2611], [17.6768, -0.6527]], [[3.4003, 0.0], [6.5412, 0.0], [9.3964, 0.0], [12.2517, 0.0], [19.1045, 0.0], [17.9623, -0.1305]], [[3.4003, 0.0], [6.5412, 0.0], [9.3964, 0.0], [12.2517, 0.0], [22.5308, 0.1305], [19.1045, 0.2611]], [[3.4003, 0.0], [6.5412, 0.0], [9.3964, 0.0], [12.2517, 0.0], [23.6729, 16.5798], [37.3784, 16.5798]], [[3.4003, 0.0], [6.5412, 0.0], [9.1109, -0.1305], [13.3939, -0.1305], [18.5334, 16.5798], [20.8176, 0.7833]]]",2.256,0.0,0.0,0.0,0.0,0.0,0.0,True,[3],0.0,0.0,0.0,0.5468,8.0,0.6852,0.1385,0.6513,0.598,0.4487,0.5468,"[[3.4, 0.0], [6.541, 0.0], [9.111, -0.131], [13.394, -0.131], [16.249, 0.0], [19.39, -0.131]]",ok,7.5444,0.0,0.0,0.0,0.0,0.0,0.0,0.0,0.0,0.0,5d785cd90a884e0ebf9c5047a527df76,scene-0927,42
0.6109,1.8872,2.6272,0.5677,0.9744,1.3983,0.0,0.0,0.0,0.0,0.0,0.0,0.0,0.0,0.0,ok,straight,0.6109,1.8872,2.6272,0.5677,0.9744,1.3983,False,"[-0.0653, -0.0653, -0.3916, -0.5222, -0.2611, -0.5222, -0.0653, -0.0653]","[-114.3596, -764.7574, -693.725, -972.8044, -1942.9111, -2583.4358, -3075.5902, -154926.264]","[4.4789, 4.1018, -1000690.5702, -1000970.0139, -1001939.7563, -1002580.6453, -1003072.7997, -1154923.1092]","[1.398, 1.968, 1.189, 2.102, 2.255, 1.816, 2.207, 9.402]","[[[3.1148, 0.0], [6.5412, 0.0], [9.682, 0.0], [11.9662, 0.1305], [15.107, 0.1305], [17.3913, 0.1305]], [[3.1148, 0.0], [6.5412, 0.0], [7.6833, 0.2611], [10.5386, 0.2611], [15.107, 0.1305], [17.3913, 0.1305]], [[3.1148, 0.0], [6.5412, 0.0], [9.682, 0.0], [11.9662, 0.1305], [14.536, 1.436], [20.5321, 0.7833]], [[3.1148, 0.0], [6.5412, 0.0], [7.6833, 0.2611], [10.5386, 0.2611], [14.536, 0.3916], [22.8163, 1.0444]], [[3.1148, 0.0], [6.5412, 0.0], [9.682, 0.0], [11.9662, 0.1305], [11.3952, -0.3916], [15.9636, 0.5222]], [[3.1148, 0.0], [6.5412, 0.0], [7.6833, 0.2611], [10.5386, 0.2611], [16.5347, -0.1305], [17.1058, 1.0444]], [[3.1148, 0.0], [6.5412, 0.0], [7.6833, 0.2611], [10.5386, 0.2611], [12.2517, 0.7833], [21.1032, 0.1305]], [[3.1148, 0.0], [6.5412, 0.0], [9.682, 0.0], [11.9662, 0.1305], [14.2505, -0.5222], [69.6432, 0.1305]]]",2.5233,0.0,0.0,0.0,0.0,0.0,0.0,True,[3],0.0,0.0,0.0,1.1889,8.0,0.6109,1.8872,0.5927,0.5677,0.9744,1.1889,"[[3.115, 0.0], [6.541, 0.0], [9.682, 0.0], [11.966, 0.131], [15.107, 0.131], [17.391, 0.131]]",ok,9.4016,0.0,0.0,0.0,0.0,0.0,0.0,0.0,0.0,0.0,47a99007d3cd489fb6e671accaac003e,scene-0927,42
1.1944,1.4069,2.3072,0.8599,1.1957,1.6415,0.0,0.0,0.0,0.0,0.0,0.0,0.0,0.0,0.0,ok,straight,1.1944,1.4069,2.3072,0.8599,1.0529,1.4031,True,"[-0.0653, -0.0653, -0.0653, -0.1305, -0.2611, -0.1958, -7.5066, -0.3264]","[-51.7207, -224.4607, -1216.1737, -3442.2601, -4707.6559, -6308.0502, -13421.7574, -33879.1189]","[2.7707, 2.7544, 2.6581, -1003440.6477, -1004706.0405, -1006306.4378, -1013420.142, -1033877.5064]","[1.403, 2.783, 1.498, 2.167, 2.078, 3.166, 3.492, 2.236]","[[[2.2582, 0.0], [4.5424, 0.0], [5.9701, 0.0], [7.9688, 0.0], [10.253, 0.0], [12.5373, -0.1305]], [[2.2582, 0.0], [4.5424, 0.0], [5.9701, 0.0], [7.9688, 0.0], [12.5373, -0.1305], [18.5334, 0.1305]], [[2.2582, 0.0], [4.5424, 0.0], [5.399, 0.0], [9.1109, 0.0], [10.253, 0.0], [12.5373, -0.1305]], [[2.2582, 0.0], [4.5424, 0.0], [5.399, 0.0], [9.1109, 0.0], [14.536, 0.1305], [12.2517, -0.2611]], [[2.2582, 0.0], [4.5424, 0.0], [5.9701, 0.0], [7.9688, 0.0], [14.2505, 0.0], [12.5373, 0.5222]], [[2.2582, 0.0], [4.5424, 0.0], [5.399, 0.0], [9.1109, 0.0], [17.1058, 0.2611], [15.6781, -0.3916]], [[2.2582, 0.0], [4.5424, 0.0], [5.9701, 0.0], [7.9688, 0.0], [6.8267, -0.3916], [12.2517, -15.0132]], [[2.2582, 0.0], [4.5424, 0.0], [5.399, 0.0], [9.1109, 0.0], [0.8306, 0.3916], [11.1096, -0.6527]]]",0.6982,0.0,0.0,0.0,0.0,0.0,0.0,True,[3],0.0,0.0,0.0,1.4031,8.0,1.1944,1.4069,2.3072,0.8599,1.0529,1.4031,"[[2.258, 0.0], [4.542, 0.0], [5.97, 0.0], [7.969, 0.0], [10.253, 0.0], [12.537, -0.131]]",ok,3.4915,0.0,0.0,0.0,0.0,0.0,0.0,0.0,0.0,0.0,13023d830bad41fbab80efdea5a548ce,scene-0927,42
0.9256,0.8495,1.157,0.7083,0.8754,0.9485,0.0,0.0,0.0,0.0,0.0,0.0,0.0,0.0,0.0,ok,straight,0.6409,2.2855,1.157,0.566,0.8866,1.2925,False,"[-0.1958, -0.3916, -0.3916, -0.3916, -8.2899, -0.3264, -8.2899, -1.436]","[-859.6557, -43.1529, -1010.2256, -1498.3827, -12696.3021, -15221.1431, -34394.5268, -978859.9393]","[3.6883, 3.6007, -1001007.6122, -1001495.7693, -1012693.7209, -1015218.562, -1034391.9134, -1978857.3581]","[1.914, 0.901, 1.387, 0.908, 3.647, 4.847, 4.734, 10.074]","[[[3.6858, 0.0], [7.1122, 0.0], [9.9675, 0.2611], [15.6781, 0.1305], [19.9611, 0.9138], [25.3861, 0.3916]], [[3.6858, 0.0], [7.3977, 0.0], [11.1096, 0.1305], [14.2505, 0.3916], [17.9623, 0.5222], [21.3887, 0.7833]], [[3.6858, 0.0], [7.1122, 0.0], [9.9675, 0.2611], [15.6781, 0.1305], [20.5321, 0.9138], [21.6742, 0.7833]], [[3.6858, 0.0], [7.1122, 0.0], [9.9675, 0.2611], [15.6781, 0.1305], [17.9623, 0.5222], [21.3887, 0.7833]], [[3.6858, 0.0], [7.3977, 0.0], [11.1096, 0.1305], [14.2505, 0.3916], [18.8189, 0.6527], [25.3861, 16.5798]], [[3.6858, 0.0], [7.3977, 0.0], [11.1096, 0.1305], [14.2505, 0.3916], [14.8215, 0.0], [-2.8813, 0.6527]], [[3.6858, 0.0], [7.1122, 0.0], [9.9675, 0.2611], [15.6781, 0.1305], [24.8151, -2.8721], [24.5295, 16.5798]], [[3.6858, 0.0], [7.3977, 0.0], [11.1096, 0.1305], [14.2505, 0.3916], [69.6432, 0.1305], [16.8202, 2.8721]]]",2.8941,0.0,0.0,0.0,0.0,0.0,0.0,True,[3],0.0,0.0,0.0,0.9009,8.0,0.9256,0.8495,0.8717,0.7083,0.8754,0.9009,"[[3.686, 0.0], [7.112, 0.0], [9.968, 0.261], [15.678, 0.131], [19.961, 0.914], [21.674, 0.783]]",ok,10.074,0.0,0.0,0.0,0.0,0.0,0.0,0.0,0.0,0.0,841dd882d0bb442a8e17509f5decee06,scene-0927,42
1.5297,4.762,6.6018,1.1038,2.5213,3.6109,0.0,0.0,0.0,0.0,0.0,0.0,0.0,0.0,0.0,ok,straight,1.5297,4.762,6.6018,1.1038,2.5213,3.6109,False,"[-0.0, -0.0, -0.9138, -0.0653, -0.7833, -0.0653, -0.0, -8.2899]","[-189.1348, -288.741, -637.0649, -657.2081, -819.1421, -2029.7579, -5509.1694, -15545.7589]","[3.8453, 3.8024, -1000634.3031, -1000654.469, -1000816.403, -1002026.9961, -1005506.4302, -1015542.997]","[3.611, 3.706, 2.565, 3.848, 3.754, 2.208, 3.582, 6.143]","[[[4.2569, 0.0], [8.5399, 0.0], [13.3939, 0.0], [18.2479, 0.0], [21.6742, 0.0], [26.5282, 0.0]], [[4.828, 0.0], [8.5399, 0.0], [13.3939, 0.0], [18.2479, 0.0], [21.6742, 0.0], [26.5282, 0.0]], [[4.2569, 0.0], [8.5399, 0.0], [13.3939, 0.0], [18.2479, 0.0], [20.5321, -0.5222], [20.5321, 1.8277]], [[4.828, 0.0], [8.5399, 0.0], [13.3939, 0.0], [18.2479, 0.0], [23.6729, -0.1305], [25.3861, 0.1305]], [[4.828, 0.0], [8.5399, 0.0], [13.3939, 0.0], [18.2479, 0.0], [21.3887, 0.5222], [26.8138, -1.5666]], [[4.2569, 0.0], [8.5399, 0.0], [13.3939, 0.0], [18.2479, 0.0], [17.3913, 0.0], [17.6768, -0.1305]], [[4.828, 0.0], [8.5399, 0.0], [13.3939, 0.0], [18.2479, 0.0], [19.1045, 1.1749], [28.2414, 0.0]], [[4.2569, 0.0], [8.5399, 0.0], [13.3939, 0.0], [18.2479, 0.0], [25.9572, 0.3916], [27.0993, 16.5798]]]",1.0912,0.0,0.0,0.0,0.0,0.0,0.0,True,[3],0.0,0.0,0.0,2.2077,8.0,1.5297,4.762,2.3828,1.1038,2.5213,2.2077,"[[4.257, 0.0], [8.54, 0.0], [13.394, 0.0], [18.248, 0.0], [21.674, 0.0], [26.528, 0.0]]",ok,6.143,0.0,0.0,0.0,0.0,0.0,0.0,0.0,0.0,0.0,fd0915986a6444ee8296894d2a307291,scene-0928,42
0.1401,0.328,1.2305,0.0849,0.2621,0.4967,0.0,0.0,0.0,0.0,0.0,0.0,0.0,0.0,0.0,ok,straight,0.1401,0.328,0.8707,0.0849,0.2621,0.4209,True,"[-0.0653, -0.0653, -0.718, -0.2611, -0.4569, -0.0, -0.0653, -0.0653]","[-123.8163, -327.7033, -399.1553, -1841.1157, -4391.3051, -5665.4382, -6836.7545, -23560.4943]","[3.8877, 3.8568, -1000396.6109, -1001838.5742, -1004388.7607, -1005662.8967, -1006834.21, -1023557.9528]","[0.421, 0.567, 1.27, 1.238, 1.741, 3.791, 1.268, 2.554]","[[[2.8293, 0.0], [5.399, 0.0], [8.5399, 0.0], [10.5386, 0.0], [13.1083, 0.0], [15.3926, -0.1305]], [[2.5437, -0.1305], [4.828, 0.0], [8.5399, 0.0], [10.5386, 0.0], [13.1083, 0.0], [15.3926, -0.1305]], [[2.8293, 0.0], [5.399, 0.0], [8.5399, 0.0], [10.5386, 0.0], [13.9649, -0.1305], [19.9611, 1.436]], [[2.5437, -0.1305], [4.828, 0.0], [8.5399, 0.0], [10.5386, 0.0], [15.6781, 0.3916], [17.1058, -0.5222]], [[2.8293, 0.0], [5.399, 0.0], [8.5399, 0.0], [10.5386, 0.0], [13.9649, -4.047], [19.39, -0.9138]], [[2.5437, -0.1305], [4.828, 0.0], [8.5399, 0.0], [10.5386, 0.0], [9.682, -0.2611], [-2.8813, 0.0]], [[2.8293, 0.0], [5.399, 0.0], [8.5399, 0.0], [10.5386, 0.0], [12.8228, -4.6998], [16.2492, 0.1305]], [[2.5437, -0.1305], [4.828, 0.0], [8.5399, 0.0], [10.5386, 0.0], [18.5334, -0.2611], [7.3977, 0.1305]]]",1.0329,0.0,0.0,0.0,0.0,0.0,0.0,True,[3],0.0,0.0,0.0,0.4209,8.0,0.1401,0.328,0.8707,0.0849,0.2621,0.4209,"[[2.829, 0.0], [5.399, 0.0], [8.54, 0.0], [10.539, 0.0], [13.108, 0.0], [15.393, -0.131]]",ok,3.7906,0.0,0.0,0.0,0.0,0.0,0.0,0.0,0.0,0.0,b16163568a0e472791b837c0ecad1e5b,scene-0928,42
1.6584,5.6307,10.6331,1.0182,2.8508,4.9757,0.0,0.0,0.0,0.0,0.0,0.0,0.0,0.0,0.0,ok,right,1.6584,5.6307,10.6284,1.0182,2.8508,5.2093,False,"[-2.3499, 8.2899, -8.2899, -2.2846, -2.3499, 8.2899, -1.893, 7.6372]","[-485.1098, -13460.6742, -29542.4646, -37876.2465, -2234.3098, -32131.9234, -54503.7326, -133667.5964]","[1.4083, -1013459.6547, -1029541.4452, -1037875.2271, -2003866.5959, -2033764.2095, -2056136.0188, -2135299.8826]","[5.203, 4.658, 9.303, 4.395, 5.188, 5.322, 7.338, 7.08]","[[[1.6871, 0.1305], [3.6858, 0.6527], [5.1135, 1.6971], [6.5412, 2.3499], [8.2543, 4.5692], [8.2543, 4.6998]], [[1.6871, 0.1305], [3.6858, 0.6527], [5.1135, 1.6971], [6.5412, 2.3499], [8.5399, 1.1749], [8.2543, -16.5798]], [[1.6871, 0.1305], [3.6858, 0.6527], [5.1135, 1.6971], [6.5412, 2.3499], [11.3952, 16.5798], [12.2517, 16.5798]], [[1.6871, 0.1305], [3.6858, 0.6527], [5.1135, 1.6971], [6.5412, 2.3499], [10.5386, -7.3108], [9.682, 4.5692]], [[0.8306, 0.1305], [3.4003, -0.6527], [4.5424, 1.5666], [4.828, 3.1332], [8.2543, 4.5692], [8.2543, 4.6998]], [[0.8306, 0.1305], [3.4003, -0.6527], [4.5424, 1.5666], [4.828, 3.1332], [7.6833, 5.222], [6.2556, -16.5798]], [[0.8306, 0.1305], [3.4003, -0.6527], [4.5424, 1.5666], [4.828, 3.1332], [7.3977, 16.5798], [14.536, 3.7859]], [[0.8306, 0.1305], [3.4003, -0.6527], [4.5424, 1.5666], [4.828, 3.1332], [5.399, 16.5798], [11.6807, -15.2743]]]",1.5801,0.0,0.0,0.0,0.0,0.0,0.0,False,[3],0.0,0.0,0.0,4.395,8.0,1.6584,5.6307,10.5987,1.0182,2.8508,4.395,"[[1.687, 0.131], [3.686, 0.653], [5.113, 1.697], [6.541, 2.35], [8.54, 4.569], [8.254, 4.7]]",ok,9.3035,0.0,0.0,0.0,0.0,0.0,0.0,0.0,0.0,0.0,ca53a4aa044c4a319d6bd855757d5d43,scene-0928,42
1.5897,1.4846,1.32,1.0167,1.0687,1.0722,0.0,0.0,0.0,0.0,0.0,0.0,0.0,0.0,0.0,ok,straight,1.305,2.629,1.32,0.8743,1.4957,1.3569,False,"[-0.6527, -0.6527, -0.3264, -2.2193, -0.7833, -0.4569, -8.2899, -0.5222]","[-956.1262, -1384.0996, -1570.007, -2749.6099, -2887.3488, -18026.4845, -18387.304, -138405.1416]","[-1000953.3736, -1001381.3501, -1001567.2544, -1002746.8604, -1002884.5993, -1018023.735, -1018384.5514, -1138402.389]","[1.357, 1.731, 1.734, 2.328, 1.656, 3.094, 4.676, 10.402]","[[[3.1148, 0.0], [6.2556, -0.1305], [9.3964, -0.5222], [13.3939, -0.6527], [14.2505, -1.0444], [17.3913, -1.3055]], [[3.1148, 0.0], [6.5412, -0.1305], [10.5386, -0.5222], [14.2505, -0.6527], [14.2505, -1.0444], [17.3913, -1.3055]], [[3.1148, 0.0], [6.2556, -0.1305], [9.3964, -0.5222], [13.3939, -0.6527], [17.3913, -2.2193], [16.5347, -0.6527]], [[3.1148, 0.0], [6.5412, -0.1305], [10.5386, -0.5222], [14.2505, -0.6527], [12.8228, -2.0888], [15.3926, -4.4387]], [[3.1148, 0.0], [6.5412, -0.1305], [10.5386, -0.5222], [14.2505, -0.6527], [13.1083, -0.6527], [16.8202, -1.5666]], [[3.1148, 0.0], [6.5412, -0.1305], [10.5386, -0.5222], [14.2505, -0.6527], [23.3874, -1.5666], [15.6781, -0.9138]], [[3.1148, 0.0], [6.2556, -0.1305], [9.3964, -0.5222], [13.3939, -0.6527], [18.2479, -1.1749], [18.8189, 16.5798]], [[3.1148, 0.0], [6.2556, -0.1305], [9.3964, -0.5222], [13.3939, -0.6527], [16.5347, -1.436], [69.6432, -1.0444]]]",2.8433,0.0,0.0,0.0,0.0,0.0,0.0,False,[3],0.0,0.0,0.0,1.3569,8.0,1.305,2.629,1.32,0.8743,1.4957,1.3569,"[[3.115, 0.0], [6.256, -0.131], [9.396, -0.522], [13.394, -0.653], [14.25, -1.044], [17.391, -1.305]]",ok,10.4022,0.0,0.0,0.0,0.0,0.0,0.0,0.0,0.0,0.0,084108c61ce14d2cb00f7e8102e03626,scene-0928,42
1.5674,3.0369,7.2445,1.1299,1.9366,3.3816,0.0,0.0,0.0,0.0,0.0,0.0,0.0,0.0,0.0,ok,straight,0.9971,3.8851,7.2445,0.8436,2.0768,3.475,False,"[-1.2402, -1.2402, -1.3055, -0.4569, -8.2899, -1.3055, -1.9582, -5.5484]","[-25.1318, -204.7024, -670.2608, -9130.9621, -26608.2495, -76808.5872, -121444.2475, -155888.4589]","[2.4624, 2.4452, 2.4117, -1009129.9, -1026607.1873, -1076807.525, -1121443.1994, -1155887.4107]","[3.57, 3.475, 3.846, 4.498, 6.893, 6.562, 11.988, 6.589]","[[[3.4003, -0.1305], [6.5412, -0.2611], [9.9675, -0.5222], [13.1083, -1.1749], [16.2492, -1.9582], [19.9611, -2.4804]], [[3.4003, 0.0], [5.9701, -0.2611], [9.9675, -0.5222], [13.1083, -1.1749], [16.2492, -1.9582], [19.9611, -2.4804]], [[3.4003, 0.0], [5.9701, -0.2611], [9.9675, -0.5222], [13.1083, -1.1749], [17.9623, -1.436], [20.5321, -2.611]], [[3.4003, -0.1305], [6.5412, -0.2611], [9.9675, -0.5222], [13.1083, -1.1749], [21.9598, -1.6971], [19.9611, -0.9138]], [[3.4003, -0.1305], [6.5412, -0.2611], [9.9675, -0.5222], [13.1083, -1.1749], [22.5308, -1.9582], [23.6729, 16.5798]], [[3.4003, -0.1305], [6.5412, -0.2611], [9.9675, -0.5222], [13.1083, -1.1749], [20.5321, -15.1438], [25.6716, 2.611]], [[3.4003, 0.0], [5.9701, -0.2611], [9.9675, -0.5222], [13.1083, -1.1749], [17.6768, -2.0888], [69.6432, -3.9165]], [[3.4003, 0.0], [5.9701, -0.2611], [9.9675, -0.5222], [13.1083, -1.1749], [15.107, 16.5798], [21.6742, -11.0967]]]",2.6564,0.0,0.0,0.0,0.0,0.0,0.0,True,[3],0.0,0.0,0.0,3.475,8.0,0.9971,3.8851,7.2445,0.8436,2.0768,3.475,"[[3.4, 0.0], [5.97, -0.261], [9.968, -0.522], [13.108, -1.175], [16.249, -1.958], [19.961, -2.48]]",ok,11.988,0.0,0.0,0.0,0.0,0.0,0.0,0.0,0.0,0.0,dad9942ea8f1409985140f500c69c88e,scene-0929,42
1.4941,3.2982,5.0713,1.1769,1.9598,2.7679,0.0,0.0,0.0,0.0,0.0,0.0,0.0,0.0,0.0,ok,straight,2.6766,3.2982,6.1911,2.1954,2.469,3.3864,False,"[-1.2402, -1.2402, -3.5248, -4.6998, -8.2899, -0.5222, -8.2899, -8.2899]","[-36.3677, -264.9305, -576.7219, -12403.251, -49967.3024, -118844.8808, -167894.6819, -191948.399]","[4.8764, 4.8241, 4.1026, -1012400.3037, -1049964.3551, -1118841.9335, -1167891.7838, -1191945.5009]","[3.047, 3.386, 4.599, 4.899, 7.8, 6.33, 7.65, 7.937]","[[[3.6858, -0.1305], [7.3977, -0.2611], [11.1096, -0.7833], [15.107, -1.436], [18.8189, -1.9582], [23.3874, -2.4804]], [[4.5424, -0.1305], [8.5399, -0.6527], [11.1096, -0.7833], [15.107, -1.436], [18.8189, -1.9582], [23.3874, -2.4804]], [[4.5424, -0.1305], [8.5399, -0.6527], [11.1096, -0.7833], [15.107, -1.436], [21.3887, -3.3943], [26.2427, -7.0497]], [[3.6858, -0.1305], [7.3977, -0.2611], [11.1096, -0.7833], [15.107, -1.436], [25.3861, -1.9582], [24.5295, -9.3996]], [[3.6858, -0.1305], [7.3977, -0.2611], [11.1096, -0.7833], [15.107, -1.436], [20.8176, 16.5798], [26.8138, 16.5798]], [[3.6858, -0.1305], [7.3977, -0.2611], [11.1096, -0.7833], [15.107, -1.436], [25.9572, 16.5798], [26.5282, -1.0444]], [[4.5424, -0.1305], [8.5399, -0.6527], [11.1096, -0.7833], [15.107, -1.436], [23.6729, -16.5798], [19.1045, 16.5798]], [[4.5424, -0.1305], [8.5399, -0.6527], [11.1096, -0.7833], [15.107, -1.436], [19.1045, 16.5798], [29.6691, -16.5798]]]",1.8662,0.0,0.0,0.0,0.0,0.0,0.0,True,[3],0.0,0.0,0.0,3.0469,8.0,1.4941,3.2982,6.1911,1.1769,1.9598,3.0469,"[[4.542, -0.131], [8.54, -0.653], [11.11, -0.783], [15.107, -1.436], [18.819, -1.958], [23.387, -2.48]]",ok,7.9372,0.0,0.0,0.0,0.0,0.0,0.0,0.0,0.0,0.0,633856fa1c53411c931b7503a188521d,scene-0929,42
0.1875,2.2374,3.601,0.367,1.0752,1.7959,0.0,0.0,0.0,0.0,0.0,0.0,0.0,0.0,0.0,ok,straight,1.3294,0.3326,4.4575,0.8198,0.8968,1.7245,True,"[-0.0, -0.1305, -0.0, -0.0, -0.3916, -0.1305, -2.5457, -8.2899]","[-554.021, -802.9828, -1511.8037, -2226.9207, -2652.9799, -3416.5008, -7763.7111, -35182.59]","[3.2013, -1000800.8232, -1001509.6441, -1002224.7612, -1002650.8203, -1003414.396, -1007761.6063, -1035180.4852]","[1.994, 1.398, 1.868, 1.82, 2.783, 1.585, 4.868, 4.982]","[[[1.9727, 0.0], [4.2569, 0.0], [4.5424, 0.0], [6.5412, 0.0], [7.3977, 0.0], [9.1109, 0.0]], [[1.9727, 0.0], [4.2569, 0.0], [5.399, 0.0], [3.9714, 0.0], [4.828, 0.1305], [9.1109, -0.2611]], [[1.9727, 0.0], [4.2569, 0.0], [5.399, 0.0], [3.9714, 0.0], [6.8267, -0.1305], [9.9675, 0.0]], [[1.9727, 0.0], [4.2569, 0.0], [5.399, 0.0], [3.9714, 0.0], [7.3977, 0.0], [9.1109, 0.0]], [[1.9727, 0.0], [4.2569, 0.0], [5.399, 0.0], [3.9714, 0.0], [8.5399, 0.5222], [13.6794, 0.7833]], [[1.9727, 0.0], [4.2569, 0.0], [4.5424, 0.0], [6.5412, 0.0], [4.828, 0.2611], [9.1109, 0.2611]], [[1.9727, 0.0], [4.2569, 0.0], [4.5424, 0.0], [6.5412, 0.0], [9.3964, -0.2611], [23.6729, 5.0914]], [[1.9727, 0.0], [4.2569, 0.0], [4.5424, 0.0], [6.5412, 0.0], [7.3977, -3.2637], [17.3913, 16.5798]]]",1.3605,0.0,0.0,0.0,0.0,0.0,0.0,False,[3],0.0,0.0,0.0,1.3978,8.0,1.3294,0.3326,4.4644,0.8198,0.8968,1.3978,"[[1.973, 0.0], [4.257, 0.0], [5.399, 0.0], [3.971, 0.0], [6.827, 0.0], [9.111, 0.0]]",ok,4.9823,0.0,0.0,0.0,0.0,0.0,0.0,0.0,0.0,0.0,4cf5a8b9ae7140e79b98c583ee502999,scene-0929,42
2.2986,4.3728,6.7181,1.9423,2.9213,3.931,0.0,0.0,0.0,0.0,0.0,0.0,0.0,0.0,0.0,ok,straight,2.2986,4.3728,6.1029,1.9423,2.9213,3.8285,True,"[-0.1305, -0.1305, -0.1305, -0.4569, -3.329, -1.0444, -0.1958, -8.2899]","[-44.2478, -22.868, -484.7011, -1853.7335, -3443.5833, -8577.3163, -9983.736, -1100204.0888]","[3.6818, 2.8699, -1000481.9961, -1001851.8405, -1003441.6903, -1008575.4232, -1009981.031, -2100201.3838]","[3.829, 3.639, 3.354, 3.664, 4.248, 3.589, 4.67, 15.391]","[[[2.8293, 0.0], [4.828, 0.0], [7.3977, 0.0], [9.9675, 0.1305], [12.5373, 0.1305], [15.3926, 0.2611]], [[1.9727, 0.0], [4.5424, 0.1305], [7.3977, 0.0], [9.9675, 0.1305], [12.5373, 0.1305], [15.3926, 0.2611]], [[2.8293, 0.0], [4.828, 0.0], [7.3977, 0.0], [9.9675, 0.1305], [12.8228, -0.1305], [12.2517, 0.2611]], [[1.9727, 0.0], [4.5424, 0.1305], [7.3977, 0.0], [9.9675, 0.1305], [14.536, 0.7833], [13.3939, 0.9138]], [[1.9727, 0.0], [4.5424, 0.1305], [7.3977, 0.0], [9.9675, 0.1305], [11.3952, 0.1305], [17.9623, -6.658]], [[1.9727, 0.0], [4.5424, 0.1305], [7.3977, 0.0], [9.9675, 0.1305], [8.5399, 0.2611], [18.8189, 2.0888]], [[2.8293, 0.0], [4.828, 0.0], [7.3977, 0.0], [9.9675, 0.1305], [17.9623, 1.9582], [14.8215, 0.3916]], [[2.8293, 0.0], [4.828, 0.0], [7.3977, 0.0], [9.9675, 0.1305], [69.6432, 0.1305], [17.1058, 16.5798]]]",3.8348,0.0,0.0,0.0,0.0,0.0,0.0,True,[3],0.0,0.0,0.0,3.3535,8.0,2.2986,4.3728,2.9706,1.9423,2.9213,3.3535,"[[2.829, 0.0], [4.828, 0.0], [7.398, 0.0], [9.968, 0.131], [12.537, 0.131], [15.393, 0.261]]",ok,15.3907,0.0,0.0,0.0,0.0,0.0,0.0,0.0,0.0,0.0,cfb661d2947841ad8d6d18a0bb169d80,scene-0929,42
0.4468,0.7231,0.298,0.4974,0.4917,0.4852,0.0,0.0,0.0,0.0,0.0,0.0,0.0,0.0,0.0,ok,left,0.4468,0.7231,0.298,0.4974,0.5195,0.5735,False,"[1.2402, 1.2402, 1.3708, 1.9582, 1.5666, -8.2899, 3.7859, 8.2899]","[-173.4875, -1290.085, -1649.6944, -6581.7352, -15531.4692, -22560.3487, -58586.1504, -69258.5123]","[1.83, -1001289.0951, -1001648.685, -1006580.7258, -1015530.4792, -1022559.3587, -1058585.141, -1069257.5223]","[0.573, 1.412, 1.108, 1.934, 2.222, 5.089, 5.035, 6.844]","[[[2.8293, 0.1305], [5.1135, 0.2611], [6.8267, 0.5222], [9.9675, 1.6971], [13.1083, 2.4804], [15.3926, 2.4804]], [[2.8293, 0.1305], [5.1135, 0.2611], [9.9675, 0.9138], [13.1083, 1.8277], [13.1083, 2.4804], [15.3926, 2.4804]], [[2.8293, 0.1305], [5.1135, 0.2611], [6.8267, 0.5222], [9.9675, 1.6971], [9.9675, 2.3499], [13.6794, 2.7415]], [[2.8293, 0.1305], [5.1135, 0.2611], [6.8267, 0.5222], [9.9675, 1.6971], [11.6807, 1.0444], [23.6729, 3.9165]], [[2.8293, 0.1305], [5.1135, 0.2611], [9.9675, 0.9138], [13.1083, 1.8277], [8.2543, 2.611], [16.8202, 3.1332]], [[2.8293, 0.1305], [5.1135, 0.2611], [9.9675, 0.9138], [13.1083, 1.8277], [15.6781, 2.611], [22.8163, -16.5798]], [[2.8293, 0.1305], [5.1135, 0.2611], [6.8267, 0.5222], [9.9675, 1.6971], [21.1032, 16.5798], [24.8151, 7.5719]], [[2.8293, 0.1305], [5.1135, 0.2611], [9.9675, 0.9138], [13.1083, 1.8277], [7.9688, 16.5798], [26.5282, 16.5798]]]",2.1508,0.0,0.0,0.0,0.0,0.0,0.0,True,[3],0.0,0.0,0.0,0.5735,8.0,0.4468,0.7231,0.298,0.4974,0.5195,0.5735,"[[2.829, 0.131], [5.113, 0.261], [6.827, 0.522], [9.968, 1.697], [13.108, 2.48], [15.393, 2.48]]",ok,6.8442,0.0,0.0,0.0,0.0,0.0,0.0,0.0,0.0,0.0,e57fa7124f6741e697b1841bc023a90f,scene-0930,42
0.1374,1.7679,4.2963,0.0897,0.7173,1.5635,0.0,0.0,0.0,0.0,0.0,0.0,0.0,0.0,0.0,ok,straight,0.1374,0.1134,4.2963,0.0897,0.4141,1.5512,True,"[-0.0, -0.0, -0.1958, -0.0, -0.0653, -0.0653, -0.0653, -0.4569]","[-43.012, -1005.5593, -1216.2704, -646.6179, -1059.7841, -2865.93, -4499.9966, -483667.7363]","[2.9483, 2.9374, 1.5924, -1000644.7853, -1001057.9563, -1002864.0974, -1004498.164, -1483665.9085]","[1.753, 1.551, 0.526, 3.513, 1.839, 1.258, 1.279, 6.583]","[[[1.9727, 0.0], [3.6858, 0.0], [5.1135, 0.0], [6.5412, 0.0], [7.3977, 0.0], [9.1109, 0.0]], [[1.9727, 0.0], [3.6858, 0.0], [7.3977, 0.0], [8.2543, 0.0], [7.3977, 0.0], [9.1109, 0.0]], [[1.9727, 0.0], [3.6858, 0.0], [7.3977, 0.0], [8.2543, 0.0], [11.1096, 0.1305], [12.5373, -0.3916]], [[1.9727, 0.0], [3.6858, 0.0], [5.1135, 0.0], [6.5412, 0.0], [5.6846, -0.1305], [0.2595, 0.0]], [[1.9727, 0.0], [3.6858, 0.0], [7.3977, 0.0], [8.2543, 0.0], [8.8254, -0.1305], [5.9701, 0.1305]], [[1.9727, 0.0], [3.6858, 0.0], [5.1135, 0.0], [6.5412, 0.0], [11.1096, 0.1305], [9.1109, -0.1305]], [[1.9727, 0.0], [3.6858, 0.0], [5.1135, 0.0], [6.5412, 0.0], [8.2543, -3.6554], [13.3939, 0.1305]], [[1.9727, 0.0], [3.6858, 0.0], [7.3977, 0.0], [8.2543, 0.0], [47.943, -0.1305], [13.1083, 0.9138]]]",1.8083,0.0,0.0,0.0,0.0,0.0,0.0,True,[3],0.0,0.0,0.0,0.5257,8.0,0.1374,0.1134,1.1269,0.0897,0.4141,0.5257,"[[1.973, 0.0], [3.686, 0.0], [7.398, 0.0], [8.254, 0.0], [7.398, 0.0], [9.111, 0.0]]",ok,6.5825,0.0,0.0,0.0,0.0,0.0,0.0,0.0,0.0,0.0,0e9f5667298748c4af70e09079465060,scene-0930,42
0.3368,0.8367,0.4739,0.3426,0.6189,0.7791,0.0,0.0,0.0,0.0,0.0,0.0,0.0,0.0,0.0,ok,straight,0.6472,1.1457,1.3156,0.4978,0.7738,1.0226,False,"[-0.3916, -0.3916, -0.3916, -0.9791, -0.3264, -0.3264, -5.4178, -1.436]","[-51.6663, -127.7279, -101.7042, -1358.1329, -3969.5789, -6686.1544, -9830.9939, -79620.5232]","[3.6373, 3.6343, 1.6181, -1001355.4914, -1003968.9546, -1006685.53, -1009828.3523, -1079619.8989]","[1.023, 1.48, 0.971, 1.681, 1.734, 1.399, 2.718, 3.753]","[[[3.1148, 0.0], [6.2556, 0.0], [9.1109, -0.1305], [11.9662, -0.2611], [14.2505, -0.6527], [17.3913, -0.7833]], [[3.1148, 0.0], [6.2556, 0.0], [9.1109, -0.1305], [11.9662, -0.2611], [16.8202, -0.2611], [23.3874, -0.7833]], [[3.1148, 0.0], [6.5412, -0.1305], [9.1109, -0.1305], [11.9662, -0.2611], [14.2505, -0.6527], [17.3913, -0.7833]], [[3.1148, 0.0], [6.2556, 0.0], [9.1109, -0.1305], [11.9662, -0.2611], [15.107, -0.6527], [13.3939, 1.9582]], [[3.1148, 0.0], [6.5412, -0.1305], [9.1109, -0.1305], [11.9662, -0.2611], [13.3939, -0.7833], [23.6729, -0.6527]], [[3.1148, 0.0], [6.5412, -0.1305], [9.1109, -0.1305], [11.9662, -0.2611], [19.1045, -0.5222], [16.2492, -0.6527]], [[3.1148, 0.0], [6.2556, 0.0], [9.1109, -0.1305], [11.9662, -0.2611], [14.8215, 1.0444], [13.3939, -10.8356]], [[3.1148, 0.0], [6.5412, -0.1305], [9.1109, -0.1305], [11.9662, -0.2611], [28.2414, -0.5222], [11.3952, -2.8721]]]",0.8814,0.0,0.0,0.0,0.0,0.0,0.0,True,[3],0.0,0.0,0.0,0.9708,8.0,0.3368,1.1457,1.3156,0.3426,0.6962,0.9708,"[[3.115, 0.0], [6.256, 0.0], [9.111, -0.131], [11.966, -0.261], [14.25, -0.653], [17.391, -0.783]]",ok,3.7533,0.0,0.0,0.0,0.0,0.0,0.0,0.0,0.0,0.0,ff93d6dd1c0e4c569ee4bbc0c965c7f2,scene-0930,42
1.3278,2.5743,2.8338,0.9804,1.6049,1.9295,0.0,0.0,0.0,0.0,0.0,0.0,0.0,0.0,0.0,ok,right,2.5343,2.5694,4.5064,1.5827,1.9048,2.4042,False,"[0.9791, 0.5222, 1.2402, 0.9791, 0.2611, -8.2899, -8.2899, 0.4569]","[-749.1229, -981.7047, -984.555, -1254.6342, -1602.8258, -47209.857, -70417.2175, -103007.8765]","[3.6376, -1000980.0171, -1000982.283, -1001252.9466, -1001600.5537, -1047207.585, -1070415.5299, -1103006.1889]","[2.125, 2.92, 2.873, 2.644, 2.911, 7.677, 8.71, 12.911]","[[[2.2582, 0.0], [5.6846, -0.7833], [6.8267, -0.5222], [9.3964, -0.9138], [11.1096, -1.3055], [13.6794, -1.9582]], [[3.1148, -0.1305], [7.1122, -0.5222], [8.8254, -0.6527], [8.2543, -1.1749], [10.8241, -1.1749], [15.3926, -1.0444]], [[2.2582, 0.0], [5.6846, -0.7833], [6.8267, -0.5222], [9.3964, -0.9138], [11.9662, -2.2193], [17.3913, -2.4804]], [[3.1148, -0.1305], [7.1122, -0.5222], [8.8254, -0.6527], [8.2543, -1.1749], [11.1096, -1.3055], [13.6794, -1.9582]], [[2.2582, 0.0], [5.6846, -0.7833], [6.8267, -0.5222], [9.3964, -0.9138], [12.2517, -2.7415], [16.8202, -0.5222]], [[2.2582, 0.0], [5.6846, -0.7833], [6.8267, -0.5222], [9.3964, -0.9138], [13.1083, 16.5798], [14.8215, 16.5798]], [[3.1148, -0.1305], [7.1122, -0.5222], [8.8254, -0.6527], [8.2543, -1.1749], [19.39, 16.5798], [17.6768, 16.5798]], [[3.1148, -0.1305], [7.1122, -0.5222], [8.8254, -0.6527], [8.2543, -1.1749], [16.8202, -2.4804], [69.6432, -0.9138]]]",3.7011,0.0,0.0,0.0,0.0,0.0,0.0,True,[3],0.0,0.0,0.0,2.1254,8.0,2.5343,2.5694,2.8338,1.5827,1.9048,2.1254,"[[2.258, 0.0], [5.685, -0.783], [6.827, -0.522], [9.396, -0.914], [11.11, -1.305], [15.393, -1.958]]",ok,12.9112,0.0,0.0,0.0,0.0,0.0,0.0,0.0,0.0,0.0,45cd8c6a4f8c4de8b7b47db174692dda,scene-0930,42
1.2198,1.4688,4.8172,0.8881,1.2249,2.2794,0.0,0.0,0.0,0.0,0.0,0.0,0.0,0.0,0.0,ok,right,1.2198,1.4688,4.8172,0.8881,1.0936,2.1919,True,"[1.5666, 2.3499, 1.5666, -1.436, 2.4804, 3.5248, -8.2899, 0.5875]","[-332.7901, -132.5481, -190.4659, -2432.071, -6785.5641, -12347.0855, -51627.9714, -136552.3914]","[3.6285, 3.5049, 3.2815, -1002429.3844, -1006783.2278, -1012344.7492, -1051625.2848, -1136549.7048]","[2.135, 1.732, 2.192, 3.244, 2.065, 2.035, 7.681, 4.611]","[[[2.2582, -0.2611], [3.9714, -0.9138], [6.5412, -0.7833], [8.5399, -1.5666], [9.1109, -1.8277], [10.5386, -3.1332]], [[1.9727, 0.0], [3.9714, -0.2611], [6.5412, -0.7833], [8.5399, -1.5666], [10.8241, -2.8721], [11.3952, -4.6998]], [[1.9727, 0.0], [3.9714, -0.2611], [6.5412, -0.7833], [8.5399, -1.5666], [9.1109, -1.8277], [10.5386, -3.1332]], [[2.2582, -0.2611], [3.9714, -0.9138], [6.5412, -0.7833], [8.5399, -1.5666], [9.9675, 2.2193], [8.8254, 2.8721]], [[1.9727, 0.0], [3.9714, -0.2611], [6.5412, -0.7833], [8.5399, -1.5666], [12.8228, 0.9138], [11.3952, -4.9609]], [[1.9727, 0.0], [3.9714, -0.2611], [6.5412, -0.7833], [8.5399, -1.5666], [16.5347, -1.0444], [13.3939, -7.0497]], [[2.2582, -0.2611], [3.9714, -0.9138], [6.5412, -0.7833], [8.5399, -1.5666], [9.3964, 16.5798], [7.1122, 16.5798]], [[2.2582, -0.2611], [3.9714, -0.9138], [6.5412, -0.7833], [8.5399, -1.5666], [29.098, 4.4387], [10.253, -1.1749]]]",1.9046,0.0,0.0,0.0,0.0,0.0,0.0,True,[3],0.0,0.0,0.0,1.7322,8.0,1.2198,1.4688,3.9652,0.8881,1.0936,1.7322,"[[1.973, 0.0], [3.971, -0.261], [6.541, -0.783], [8.54, -1.567], [9.111, -1.828], [10.539, -3.133]]",ok,7.681,0.0,0.0,0.0,0.0,0.0,0.0,0.0,0.0,0.0,b139c133286247d48093bba9151920b2,scene-0931,42
0.4362,0.8593,0.9517,0.3715,0.5443,0.6432,0.0,0.0,0.0,0.0,0.0,0.0,0.0,0.0,0.0,ok,right,0.7516,0.8593,4.515,0.3976,0.5363,1.4059,False,"[0.7833, 0.718, 0.718, 1.1097, 0.7833, 1.6971, -8.2899, -0.5875]","[-916.5507, -906.9553, -955.5942, -1029.517, -2763.469, -7623.222, -19984.0157, -58281.327]","[2.6048, -1000905.3025, -1000954.0995, -1001028.0223, -1002761.9743, -1007621.5693, -1019982.521, -1058279.6742]","[0.638, 1.5, 3.143, 3.037, 1.696, 2.213, 4.896, 7.347]","[[[2.5437, -0.1305], [5.6846, -0.3916], [6.8267, -0.3916], [9.9675, -0.5222], [11.1096, -0.9138], [13.6794, -1.5666]], [[2.5437, -0.1305], [5.6846, -0.3916], [6.8267, -0.3916], [9.9675, -0.5222], [12.5373, -0.3916], [17.9623, -1.436]], [[2.8293, 0.0], [6.2556, -0.3916], [10.253, -0.7833], [13.1083, -0.2611], [16.5347, 0.9138], [17.3913, -1.436]], [[2.8293, 0.0], [6.2556, -0.3916], [10.253, -0.7833], [13.1083, -0.2611], [14.536, -1.6971], [19.39, -2.2193]], [[2.8293, 0.0], [6.2556, -0.3916], [10.253, -0.7833], [13.1083, -0.2611], [11.1096, -0.9138], [13.6794, -1.5666]], [[2.5437, -0.1305], [5.6846, -0.3916], [6.8267, -0.3916], [9.9675, -0.5222], [18.2479, -0.6527], [16.8202, -3.3943]], [[2.8293, 0.0], [6.2556, -0.3916], [10.253, -0.7833], [13.1083, -0.2611], [12.8228, -1.1749], [17.3913, 16.5798]], [[2.5437, -0.1305], [5.6846, -0.3916], [6.8267, -0.3916], [9.9675, -0.5222], [14.2505, -0.9138], [51.6549, 1.1749]]]",2.0198,0.0,0.0,0.0,0.0,0.0,0.0,True,[3],0.0,0.0,0.0,0.6378,8.0,0.7516,0.8593,0.9517,0.3976,0.5363,0.6378,"[[2.544, -0.131], [5.685, -0.392], [6.827, -0.392], [9.968, -0.522], [12.537, -0.392], [17.391, -1.436]]",ok,7.3467,0.0,0.0,0.0,0.0,0.0,0.0,0.0,0.0,0.0,ff16d788ac4244e98f9bf8097cf6267c,scene-0931,42
3.3235,6.928,10.7147,2.6106,4.157,5.8361,0.0,0.0,0.0,0.0,0.0,0.0,0.0,0.0,0.0,ok,straight,3.3235,6.3633,10.7147,2.6106,4.0158,5.7563,True,"[-0.4569, -1.2402, -1.6971, -1.2402, -1.2402, -8.2899, -8.2899, -2.4804]","[-362.7769, -137.0149, -281.3593, -7697.9505, -2603.472, -15141.1331, -31334.9542, -98091.6853]","[4.2026, 3.9515, 3.7962, -1007695.2337, -2005391.1632, -2017928.8243, -2034122.6454, -2100879.3765]","[4.924, 5.742, 6.116, 5.89, 6.139, 7.603, 8.964, 8.042]","[[[2.8293, 0.1305], [5.399, 0.2611], [7.6833, 0.5222], [10.5386, 1.0444], [11.6807, 2.0888], [13.1083, 0.9138]], [[2.8293, 0.1305], [5.399, 0.2611], [7.6833, 0.5222], [10.5386, 1.0444], [12.8228, 1.6971], [16.8202, 2.4804]], [[2.8293, 0.1305], [5.399, 0.2611], [7.6833, 0.5222], [10.5386, 1.0444], [13.9649, 3.1332], [17.3913, 3.3943]], [[2.8293, 0.1305], [5.399, 0.2611], [7.6833, 0.5222], [10.5386, 1.0444], [17.3913, 1.5666], [13.1083, 2.4804]], [[2.8293, 0.1305], [5.399, 0.2611], [10.253, 0.5222], [10.253, 1.5666], [12.8228, 1.6971], [16.8202, 2.4804]], [[2.8293, 0.1305], [5.399, 0.2611], [10.253, 0.5222], [10.253, 1.5666], [13.6794, 1.5666], [15.6781, 16.5798]], [[2.8293, 0.1305], [5.399, 0.2611], [10.253, 0.5222], [10.253, 1.5666], [11.9662, 16.5798], [13.3939, 16.5798]], [[2.8293, 0.1305], [5.399, 0.2611], [10.253, 0.5222], [10.253, 1.5666], [11.3952, 16.5798], [17.3913, -4.9609]]]",1.2808,0.0,0.0,0.0,0.0,0.0,0.0,True,[3],0.0,0.0,0.0,4.9238,8.0,3.3235,6.3633,6.8208,2.6106,4.0158,4.9238,"[[2.829, 0.131], [5.399, 0.261], [7.683, 0.522], [10.539, 1.044], [12.823, 2.089], [16.82, 2.48]]",ok,8.964,0.0,0.0,0.0,0.0,0.0,0.0,0.0,0.0,0.0,e9c58a877bde42e68c0a4850cd93c6ca,scene-0931,42
1.5537,3.1756,5.7278,1.0428,1.875,2.8651,0.0,0.0,0.0,0.0,0.0,0.0,0.0,0.0,0.0,ok,straight,1.5537,2.4505,5.2039,1.0428,1.6938,2.657,True,"[-0.8486, -0.8486, -2.8721, -0.2611, -1.7624, -8.2899, -3.3943, -1.893]","[-241.5101, -176.5002, -1048.3298, -1599.9357, -1644.4491, -4782.3836, -6787.0708, -8438.3904]","[4.9155, 4.4629, -1001045.0745, -1001596.6804, -1001641.6683, -1004779.6028, -1006783.8154, -1008435.6096]","[2.657, 3.079, 3.628, 2.56, 5.031, 5.771, 5.0, 3.19]","[[[1.6871, 0.0], [3.6858, -0.2611], [5.1135, -0.5222], [5.6846, 0.5222], [7.3977, 1.0444], [8.5399, 1.6971]], [[1.6871, 0.0], [3.6858, -0.2611], [5.9701, 0.0], [7.3977, 0.6527], [7.3977, 1.0444], [8.5399, 1.6971]], [[1.6871, 0.0], [3.6858, -0.2611], [5.1135, -0.5222], [5.6846, 0.5222], [7.6833, 1.1749], [12.5373, 5.7442]], [[1.6871, 0.0], [3.6858, -0.2611], [5.1135, -0.5222], [5.6846, 0.5222], [6.2556, -1.1749], [9.682, 0.5222]], [[1.6871, 0.0], [3.6858, -0.2611], [5.9701, 0.0], [7.3977, 0.6527], [9.9675, 3.7859], [16.5347, 3.5248]], [[1.6871, 0.0], [3.6858, -0.2611], [5.9701, 0.0], [7.3977, 0.6527], [9.9675, 3.7859], [8.8254, 16.5798]], [[1.6871, 0.0], [3.6858, -0.2611], [5.1135, -0.5222], [5.6846, 0.5222], [10.253, -1.0444], [18.8189, 6.7886]], [[1.6871, 0.0], [3.6858, -0.2611], [5.9701, 0.0], [7.3977, 0.6527], [4.2569, 0.2611], [11.6807, 3.7859]]]",1.1496,0.0,0.0,0.0,0.0,0.0,0.0,True,[3],0.0,0.0,0.0,2.5596,8.0,1.5537,2.4505,5.9548,1.0428,1.6938,2.5596,"[[1.687, 0.0], [3.686, -0.261], [5.113, -0.522], [5.685, 0.522], [7.398, 1.044], [8.54, 1.697]]",ok,5.7708,0.0,0.0,0.0,0.0,0.0,0.0,0.0,0.0,0.0,aa08bd8260bd4cb5a342c2efb1afde0a,scene-0931,42
0.9881,3.2535,4.5061,0.9562,1.922,2.7799,0.0,0.0,0.0,0.0,0.0,0.0,0.0,0.0,0.0,ok,straight,0.9881,3.2535,4.5248,0.6743,1.781,2.6859,True,"[-0.2611, -1.0444, -0.0653, -0.2611, -0.5875, -0.4569, -2.0235, -0.9791]","[-80.0813, -6866.7209, -7466.5123, -8000.8047, -10008.3987, -13637.3442, -15225.8011, -17908.1786]","[4.9406, -1006864.4034, -1007464.1948, -1007998.4175, -1010006.0115, -1013634.957, -1015223.4836, -1017905.7914]","[2.686, 3.26, 2.323, 2.315, 4.543, 3.813, 3.174, 1.98]","[[[3.1148, 0.0], [6.5412, -0.1305], [10.5386, -0.1305], [14.2505, -0.2611], [18.2479, -0.5222], [20.8176, -0.5222]], [[3.1148, 0.0], [6.5412, -0.1305], [10.5386, -0.1305], [14.2505, -0.2611], [21.3887, 1.9582], [20.5321, -2.0888]], [[3.1148, 0.0], [6.5412, -0.1305], [10.5386, -0.1305], [14.2505, -0.2611], [13.3939, -1.436], [22.5308, -0.1305]], [[3.6858, 0.0], [6.5412, -0.1305], [9.3964, -0.1305], [9.682, -0.1305], [18.2479, -0.5222], [20.8176, -0.5222]], [[3.6858, 0.0], [6.5412, -0.1305], [9.3964, -0.1305], [9.682, -0.1305], [21.3887, -0.2611], [31.0967, -1.1749]], [[3.6858, 0.0], [6.5412, -0.1305], [9.3964, -0.1305], [9.682, -0.1305], [21.3887, -0.7833], [26.5282, 0.9138]], [[3.1148, 0.0], [6.5412, -0.1305], [10.5386, -0.1305], [14.2505, -0.2611], [12.8228, -5.8747], [22.8163, -4.047]], [[3.6858, 0.0], [6.5412, -0.1305], [9.3964, -0.1305], [9.682, -0.1305], [19.6755, -0.1305], [17.1058, -1.9582]]]",0.8067,0.0,0.0,0.0,0.0,0.0,0.0,True,[3],0.0,0.0,0.0,1.9801,8.0,0.9881,1.5711,1.0471,0.9562,1.2243,1.9801,"[[3.115, 0.0], [6.541, -0.131], [10.539, -0.131], [14.25, -0.261], [18.248, -0.522], [20.818, -0.522]]",ok,4.5434,0.0,0.0,0.0,0.0,0.0,0.0,0.0,0.0,0.0,b2a93b022374432d917cc7db15ca023a,scene-0962,42
0.9212,0.9775,2.1648,0.559,0.9219,1.3255,0.0,0.0,0.0,0.0,0.0,0.0,0.0,0.0,0.0,ok,straight,0.9212,1.4054,2.1648,0.559,0.7556,1.1784,True,"[-1.2402, -1.2402, -1.7624, -1.0444, -1.3708, -0.5222, -2.8721, -0.7833]","[-239.4197, -240.3851, -640.1556, -627.5126, -5856.0102, -9536.309, -9637.9029, -10538.1974]","[3.4144, 3.1698, 2.5464, -1000625.2703, -1005854.0122, -1009534.0666, -1009635.9049, -1010536.1994]","[1.178, 1.174, 1.486, 1.223, 1.903, 2.772, 1.999, 1.644]","[[[2.8293, -0.1305], [5.1135, -0.2611], [8.5399, -0.5222], [10.5386, -0.7833], [13.1083, -1.5666], [15.9636, -2.4804]], [[2.8293, 0.0], [5.1135, -0.2611], [8.5399, -0.5222], [10.5386, -0.7833], [13.1083, -1.5666], [15.9636, -2.4804]], [[2.8293, -0.1305], [5.1135, -0.2611], [8.5399, -0.5222], [10.5386, -0.7833], [15.107, -2.3499], [21.1032, -3.5248]], [[2.8293, -0.1305], [5.1135, -0.2611], [8.5399, -0.5222], [10.5386, -0.7833], [13.6794, -1.1749], [20.5321, -2.0888]], [[2.8293, 0.0], [5.1135, -0.2611], [8.5399, -0.5222], [10.5386, -0.7833], [8.8254, -2.611], [16.2492, -2.7415]], [[2.8293, -0.1305], [5.1135, -0.2611], [8.5399, -0.5222], [10.5386, -0.7833], [14.2505, 3.7859], [8.8254, 1.0444]], [[2.8293, 0.0], [5.1135, -0.2611], [8.5399, -0.5222], [10.5386, -0.7833], [18.5334, -2.3499], [15.9636, -5.7442]], [[2.8293, 0.0], [5.1135, -0.2611], [8.5399, -0.5222], [10.5386, -0.7833], [18.5334, -2.3499], [16.5347, 1.5666]]]",0.5122,0.0,0.0,0.0,0.0,0.0,0.0,True,[3],0.0,0.0,0.0,1.1737,8.0,0.9212,1.4054,2.1648,0.5447,0.7485,1.1737,"[[2.829, -0.131], [5.113, -0.261], [8.54, -0.522], [10.539, -0.783], [13.108, -1.567], [15.964, -2.48]]",ok,2.772,0.0,0.0,0.0,0.0,0.0,0.0,0.0,0.0,0.0,af7ce8da343b4de19950c66b15ece116,scene-0962,42
0.8728,0.7174,1.6593,0.6583,0.6485,0.9318,0.0,0.0,0.0,0.0,0.0,0.0,0.0,0.0,0.0,ok,left,0.8728,0.7174,1.6593,0.6583,0.6485,1.0951,False,"[3.3943, 8.2899, -3.4596, 3.5248, 3.3943, 8.2899, 3.5901, 1.6319]","[-242.3045, -26245.0175, -27446.7471, -44322.2068, -1203.2619, -8314.0658, -19659.56, -53083.1811]","[3.1189, -1026243.0812, -1027444.8108, -1044320.2704, -2003082.8896, -2010193.6935, -2021539.1877, -2054962.8087]","[0.932, 4.271, 3.665, 2.874, 1.047, 2.411, 2.301, 3.869]","[[[1.9727, 0.1305], [3.9714, 0.6527], [6.5412, 1.6971], [8.5399, 3.0026], [10.5386, 3.7859], [11.9662, 6.7886]], [[1.9727, 0.1305], [3.9714, 0.6527], [6.5412, 1.6971], [8.5399, 3.0026], [11.9662, 16.5798], [8.2543, 16.5798]], [[1.9727, 0.1305], [3.9714, 0.6527], [6.5412, 1.6971], [8.5399, 3.0026], [6.8267, 6.9191], [17.9623, -6.9191]], [[1.9727, 0.1305], [3.9714, 0.6527], [6.5412, 1.6971], [8.5399, 3.0026], [10.5386, 16.5798], [10.8241, 7.0497]], [[2.5437, 0.1305], [3.1148, 0.1305], [6.5412, 1.6971], [8.5399, 3.0026], [10.5386, 3.7859], [11.9662, 6.7886]], [[2.5437, 0.1305], [3.1148, 0.1305], [6.5412, 1.6971], [8.5399, 3.0026], [12.5373, 4.047], [13.6794, 16.5798]], [[2.5437, 0.1305], [3.1148, 0.1305], [6.5412, 1.6971], [8.5399, 3.0026], [3.4003, 1.1749], [11.9662, 7.1802]], [[2.5437, 0.1305], [3.1148, 0.1305], [6.5412, 1.6971], [8.5399, 3.0026], [9.1109, -9.269], [9.1109, 3.2637]]]",1.1668,0.0,0.0,0.0,0.0,0.0,0.0,False,[3],0.0,0.0,0.0,0.9318,8.0,0.8728,0.7174,1.6593,0.6583,0.6485,0.9318,"[[1.973, 0.131], [3.971, 0.653], [6.541, 1.697], [8.54, 3.003], [10.539, 6.919], [11.966, 6.789]]",ok,4.2708,0.0,0.0,0.0,0.0,0.0,0.0,0.0,0.0,0.0,b402f8066efb4e34b7007a1d81aba25e,scene-0962,42
1.1485,0.4295,1.8339,0.7159,0.7965,1.1786,0.0,0.0,0.0,0.0,0.0,0.0,0.0,0.0,0.0,ok,straight,1.1485,1.8562,1.8339,0.7159,1.1532,1.4164,False,"[-0.0653, -0.0653, -0.1305, -0.0653, -0.4569, -0.1958, -0.0653, -0.1305]","[-135.8941, -4.9836, -1414.3015, -4243.5061, -4427.9511, -5488.1468, -7510.0429, -51762.3773]","[4.7421, 3.0854, -1001412.445, -1004239.9848, -1004424.4298, -1005484.6255, -1007508.1863, -1051760.5207]","[1.132, 1.416, 1.465, 2.191, 1.248, 1.368, 1.866, 3.386]","[[[3.4003, 0.0], [6.5412, 0.0], [10.5386, -0.1305], [13.6794, 0.0], [16.2492, -0.1305], [19.9611, -0.1305]], [[3.4003, 0.0], [6.5412, 0.0], [9.682, 0.0], [12.8228, -0.1305], [16.2492, -0.1305], [19.9611, -0.1305]], [[3.4003, 0.0], [6.5412, 0.0], [9.682, 0.0], [12.8228, -0.1305], [15.107, -1.5666], [21.3887, 0.2611]], [[3.4003, 0.0], [6.5412, 0.0], [10.5386, -0.1305], [13.6794, 0.0], [17.3913, 1.0444], [30.5257, -0.1305]], [[3.4003, 0.0], [6.5412, 0.0], [10.5386, -0.1305], [13.6794, 0.0], [20.8176, 1.1749], [20.5321, 0.9138]], [[3.4003, 0.0], [6.5412, 0.0], [10.5386, -0.1305], [13.6794, 0.0], [20.8176, 0.1305], [19.1045, 0.3916]], [[3.4003, 0.0], [6.5412, 0.0], [9.682, 0.0], [12.8228, -0.1305], [11.9662, 0.2611], [21.9598, -0.1305]], [[3.4003, 0.0], [6.5412, 0.0], [9.682, 0.0], [12.8228, -0.1305], [5.1135, 0.0], [24.244, 0.2611]]]",0.6945,0.0,0.0,0.0,0.0,0.0,0.0,True,[3],0.0,0.0,0.0,1.1316,8.0,1.1485,1.0041,1.8339,0.7159,0.726,1.1316,"[[3.4, 0.0], [6.541, 0.0], [9.682, 0.0], [12.823, -0.131], [16.249, -0.131], [19.961, -0.131]]",ok,3.3865,0.0,0.0,0.0,0.0,0.0,0.0,0.0,0.0,0.0,01ac1c5f06994c82be7cc5498a41eab1,scene-0962,42
1.0854,1.131,1.448,0.6323,1.0515,1.2278,0.0,0.0,0.0,0.0,0.0,0.0,0.0,0.0,0.0,ok,straight,0.3959,1.5848,1.8465,0.572,0.8756,1.0888,True,"[-0.3916, -0.3916, -0.4569, -0.4569, -1.3708, -0.718, -0.1958, -0.9791]","[-148.6611, -363.4923, -480.6305, -844.2128, -1590.6765, -1936.0304, -6589.3231, -170459.3157]","[2.6013, 2.5851, -1000479.0686, -1000842.6632, -1001589.1146, -1001934.4685, -1006587.7735, -1170457.7662]","[1.089, 1.109, 1.467, 1.942, 1.703, 1.891, 1.443, 9.828]","[[[3.6858, 0.2611], [6.5412, 0.0], [8.5399, 0.1305], [10.5386, 0.2611], [13.6794, 0.1305], [15.9636, 0.7833]], [[2.8293, 0.0], [5.1135, 0.0], [8.5399, 0.1305], [10.5386, 0.2611], [13.6794, 0.1305], [15.9636, 0.7833]], [[3.6858, 0.2611], [6.5412, 0.0], [8.5399, 0.1305], [10.5386, 0.2611], [13.9649, 0.0], [21.1032, 0.9138]], [[2.8293, 0.0], [5.1135, 0.0], [8.5399, 0.1305], [10.5386, 0.2611], [12.8228, 0.1305], [11.1096, 0.9138]], [[3.6858, 0.2611], [6.5412, 0.0], [8.5399, 0.1305], [10.5386, 0.2611], [13.6794, -0.3916], [21.6742, 2.7415]], [[3.6858, 0.2611], [6.5412, 0.0], [8.5399, 0.1305], [10.5386, 0.2611], [9.9675, 0.6527], [14.8215, 1.436]], [[2.8293, 0.0], [5.1135, 0.0], [8.5399, 0.1305], [10.5386, 0.2611], [17.9623, 1.1749], [17.1058, 0.3916]], [[2.8293, 0.0], [5.1135, 0.0], [8.5399, 0.1305], [10.5386, 0.2611], [12.2517, 0.6527], [69.6432, 1.9582]]]",2.7635,0.0,0.0,0.0,0.0,0.0,0.0,True,[3],0.0,0.0,0.0,1.0888,8.0,0.3959,1.5848,1.8465,0.572,0.8756,1.0888,"[[3.686, 0.261], [6.541, 0.0], [8.54, 0.131], [10.539, 0.261], [13.679, 0.131], [15.964, 0.783]]",ok,9.8278,0.0,0.0,0.0,0.0,0.0,0.0,0.0,0.0,0.0,637fc435f95f4bc1b72f09811f2d78d2,scene-0963,42
0.3222,0.4957,0.3075,0.3617,0.3902,0.4613,0.0,0.0,0.0,0.0,0.0,0.0,0.0,0.0,0.0,ok,straight,0.892,0.4957,0.3075,0.7893,0.604,0.6039,False,"[-0.0, -0.0, -0.0, -0.0653, -0.0653, -0.0, -0.0653, -0.0]","[-30.0167, -66.0881, -196.3056, -22.311, -75.4932, -958.37, -1198.9889, -3429.7137]","[3.1822, 3.1483, 3.0301, 1.1236, 1.0753, -1000956.6147, -1001197.2336, -1003427.9573]","[0.461, 0.604, 0.61, 0.428, 0.889, 0.689, 0.858, 1.101]","[[[1.1161, 0.0], [2.5437, 0.0], [3.6858, 0.0], [4.5424, 0.0], [5.1135, 0.0], [6.5412, 0.0]], [[0.8306, 0.0], [1.9727, 0.0], [3.6858, 0.0], [4.5424, 0.0], [5.1135, 0.0], [6.5412, 0.0]], [[0.8306, 0.0], [1.9727, 0.0], [3.6858, 0.0], [4.5424, 0.0], [6.5412, -0.1305], [7.3977, 0.0]], [[1.1161, 0.0], [2.5437, 0.0], [3.6858, 0.0], [4.5424, 0.0], [5.399, 0.0], [7.1122, -0.1305]], [[1.1161, 0.0], [2.5437, 0.0], [3.6858, 0.0], [4.5424, 0.0], [6.8267, -0.1305], [9.682, -0.1305]], [[0.8306, 0.0], [1.9727, 0.0], [3.6858, 0.0], [4.5424, 0.0], [7.3977, 0.0], [6.5412, 0.0]], [[0.8306, 0.0], [1.9727, 0.0], [3.6858, 0.0], [4.5424, 0.0], [3.4003, 0.0], [6.8267, -0.1305]], [[1.1161, 0.0], [2.5437, 0.0], [3.6858, 0.0], [4.5424, 0.0], [7.9688, 0.0], [3.6858, 0.0]]]",0.2151,0.0,0.0,0.0,0.0,0.0,0.0,True,[3],0.0,0.0,0.0,0.4275,8.0,0.3222,0.4957,0.3823,0.3617,0.3902,0.4275,"[[0.831, 0.0], [1.973, 0.0], [3.686, 0.0], [4.542, 0.0], [5.113, 0.0], [6.541, 0.0]]",ok,1.1013,0.0,0.0,0.0,0.0,0.0,0.0,0.0,0.0,0.0,cea42507a76141998b455b4fed199c35,scene-0963,42
1.1342,1.4466,2.6274,0.9003,1.1052,1.6246,0.0,0.0,0.0,0.0,0.0,0.0,0.0,0.0,0.0,ok,straight,1.1342,1.4466,2.0585,0.9003,1.1052,1.5298,True,"[-0.0653, -0.0653, -0.0653, -1.1749, -0.1305, -0.3916, -1.2402, -0.3264]","[-469.2694, -182.4242, -2152.3874, -9147.9407, -9657.0138, -13013.2092, -24517.8412, -229881.9589]","[4.0462, 3.5356, -1002150.1337, -1009145.1725, -1009654.7602, -1013010.441, -1024515.5875, -1229879.1907]","[2.242, 1.53, 2.146, 2.791, 1.95, 2.499, 3.756, 12.376]","[[[1.1161, 0.0], [2.5437, 0.0], [5.9701, 0.0], [7.1122, 0.0], [7.3977, -0.1305], [7.6833, -0.1305]], [[1.1161, 0.0], [2.5437, 0.0], [3.6858, 0.0], [5.1135, -0.1305], [7.3977, -0.1305], [7.6833, -0.1305]], [[1.1161, 0.0], [2.5437, 0.0], [3.6858, 0.0], [5.1135, -0.1305], [5.6846, 0.0], [13.1083, 0.1305]], [[1.1161, 0.0], [2.5437, 0.0], [5.9701, 0.0], [7.1122, 0.0], [3.9714, 0.0], [12.5373, -2.3499]], [[1.1161, 0.0], [2.5437, 0.0], [3.6858, 0.0], [5.1135, -0.1305], [11.1096, 0.0], [4.828, -0.2611]], [[1.1161, 0.0], [2.5437, 0.0], [5.9701, 0.0], [7.1122, 0.0], [1.4016, -0.1305], [8.5399, 0.7833]], [[1.1161, 0.0], [2.5437, 0.0], [3.6858, 0.0], [5.1135, -0.1305], [3.1148, 0.1305], [21.9598, -2.4804]], [[1.1161, 0.0], [2.5437, 0.0], [5.9701, 0.0], [7.1122, 0.0], [6.2556, 0.0], [69.6432, -0.6527]]]",3.3514,0.0,0.0,0.0,0.0,0.0,0.0,True,[3],0.0,0.0,0.0,1.5298,8.0,1.1342,1.4466,2.0585,0.9003,1.1052,1.5298,"[[1.116, 0.0], [2.544, 0.0], [3.686, 0.0], [5.113, -0.131], [7.398, -0.131], [7.683, -0.131]]",ok,12.3764,0.0,0.0,0.0,0.0,0.0,0.0,0.0,0.0,0.0,f500fa5dbede4e3ba3c8c523748d5110,scene-0963,42
0.3711,1.227,2.9176,0.2417,0.7279,1.3606,0.0,0.0,0.0,0.0,0.0,0.0,0.0,0.0,0.0,ok,straight,0.3711,2.3685,2.9176,0.2417,1.0851,1.5988,False,"[-0.0, -0.0653, -0.0653, -0.0, -0.0653, -0.4569, -0.0, -7.3108]","[-126.6222, -96.5002, -139.5859, -594.5901, -555.2939, -3665.0646, -4443.1346, -10628.0433]","[3.1804, 3.1618, 3.1415, 3.0371, 3.0212, -1003662.9962, -1004441.074, -1010625.9749]","[2.836, 1.599, 1.361, 1.461, 1.265, 1.507, 1.723, 4.228]","[[[1.1161, 0.0], [2.2582, 0.0], [3.9714, -0.1305], [5.1135, 0.0], [7.6833, 0.0], [10.5386, 0.0]], [[1.1161, 0.0], [2.2582, 0.0], [3.9714, -0.1305], [5.1135, 0.0], [5.1135, -0.1305], [5.6846, -0.1305]], [[1.1161, 0.0], [2.2582, 0.0], [3.6858, 0.0], [3.9714, 0.0], [5.1135, -0.1305], [5.6846, -0.1305]], [[1.1161, 0.0], [2.2582, 0.0], [3.6858, 0.0], [3.9714, 0.0], [5.9701, 0.3916], [5.399, 0.0]], [[1.1161, 0.0], [2.2582, 0.0], [3.6858, 0.0], [3.9714, 0.0], [5.6846, -0.1305], [4.5424, -0.1305]], [[1.1161, 0.0], [2.2582, 0.0], [3.9714, -0.1305], [5.1135, 0.0], [2.5437, -0.1305], [7.1122, 0.9138]], [[1.1161, 0.0], [2.2582, 0.0], [3.6858, 0.0], [3.9714, 0.0], [7.9688, -1.436], [4.828, 0.0]], [[1.1161, 0.0], [2.2582, 0.0], [3.9714, -0.1305], [5.1135, 0.0], [8.2543, -0.2611], [8.2543, -14.6216]]]",0.9607,0.0,0.0,0.0,0.0,0.0,0.0,True,[3],0.0,0.0,0.0,1.2655,8.0,0.3711,1.227,1.7758,0.2417,0.7279,1.2655,"[[1.116, 0.0], [2.258, 0.0], [3.971, -0.131], [5.113, 0.0], [5.113, -0.131], [5.685, -0.131]]",ok,4.2281,0.0,0.0,0.0,0.0,0.0,0.0,0.0,0.0,0.0,3fafefe85e5741469e3539c361ec55ad,scene-0963,42
2.6372,6.8786,11.3388,2.0419,3.9252,5.7315,0.0,0.0,0.0,0.0,0.0,0.0,0.0,0.0,0.0,ok,straight,2.6372,6.8786,10.1988,2.0419,3.9252,5.7314,True,"[-0.0653, -0.8486, -0.0653, -0.0653, -0.1958, -0.1305, -8.2899, -0.2611]","[-177.1601, -275.5554, -52.9522, -118.923, -777.0935, -1903.7478, -23283.0408, -107724.5543]","[4.8332, 4.5377, 2.556, 2.5541, -1000773.1717, -1001899.826, -1023281.3998, -1107722.9133]","[6.016, 4.784, 5.588, 5.826, 5.685, 5.113, 7.712, 8.418]","[[[3.6858, 0.0], [6.5412, 0.0], [10.5386, -0.1305], [14.2505, -0.1305], [17.3913, -0.1305], [21.9598, -0.1305]], [[3.6858, 0.0], [6.5412, 0.0], [10.5386, -0.1305], [14.2505, -0.1305], [15.6781, -0.7833], [16.2492, -1.6971]], [[2.5437, 0.0], [6.5412, -0.1305], [10.5386, -0.1305], [14.2505, -0.1305], [17.6768, -0.1305], [20.2466, -0.1305]], [[2.5437, 0.0], [6.5412, -0.1305], [10.5386, -0.1305], [14.2505, -0.1305], [17.3913, -0.1305], [21.9598, -0.1305]], [[3.6858, 0.0], [6.5412, 0.0], [10.5386, -0.1305], [14.2505, -0.1305], [18.5334, 0.1305], [18.8189, -0.3916]], [[3.6858, 0.0], [6.5412, 0.0], [10.5386, -0.1305], [14.2505, -0.1305], [18.2479, -0.1305], [15.6781, -0.2611]], [[2.5437, 0.0], [6.5412, -0.1305], [10.5386, -0.1305], [14.2505, -0.1305], [21.6742, -0.2611], [17.6768, 16.5798]], [[2.5437, 0.0], [6.5412, -0.1305], [10.5386, -0.1305], [14.2505, -0.1305], [24.8151, 16.5798], [22.5308, -0.5222]]]",1.1821,0.0,0.0,0.0,0.0,0.0,0.0,True,[3],0.0,0.0,0.0,4.7842,8.0,2.6372,6.8786,6.2486,2.0419,3.9252,4.7842,"[[3.686, 0.0], [6.541, 0.0], [10.539, -0.131], [14.25, -0.131], [17.391, -0.131], [20.247, -0.131]]",ok,8.4182,0.0,0.0,0.0,0.0,0.0,0.0,0.0,0.0,0.0,b5cbf927fe0d47c39a9c1d1b05279c55,scene-0966,42
8.5042,18.0583,24.8539,6.3667,11.1791,15.1211,0.0,0.0,0.0,0.0,0.0,0.0,0.0,0.0,0.0,ok,straight,8.5042,18.0583,23.7123,6.3667,11.1791,14.9308,True,"[-0.0653, -0.1958, -0.0653, -0.0653, -0.1958, -0.0, -0.0, -0.0653]","[-122.7291, -1172.4839, -1527.8578, -2054.7847, -3555.4511, -30531.0964, -153997.7951, -748486.3104]","[3.5398, -1001169.282, -1001525.0304, -1002051.5828, -1003552.2492, -1030527.8945, -1153994.9676, -1748483.4829]","[14.931, 15.645, 13.931, 15.216, 14.646, 17.31, 21.88, 23.354]","[[[4.2569, 0.0], [8.5399, 0.0], [13.9649, -0.1305], [18.2479, -0.1305], [21.6742, -0.1305], [24.8151, -0.1305]], [[4.2569, 0.0], [8.5399, 0.0], [13.6794, 0.0], [20.2466, 0.0], [22.8163, 0.0], [26.2427, 0.3916]], [[4.2569, 0.0], [8.5399, 0.0], [13.9649, -0.1305], [18.2479, -0.1305], [21.6742, -0.1305], [18.8189, 0.1305]], [[4.2569, 0.0], [8.5399, 0.0], [13.6794, 0.0], [20.2466, 0.0], [21.6742, -0.1305], [24.8151, -0.1305]], [[4.2569, 0.0], [8.5399, 0.0], [13.6794, 0.0], [20.2466, 0.0], [24.244, 0.1305], [18.8189, -0.3916]], [[4.2569, 0.0], [8.5399, 0.0], [13.6794, 0.0], [20.2466, 0.0], [19.39, -0.1305], [39.6626, 0.0]], [[4.2569, 0.0], [8.5399, 0.0], [13.9649, -0.1305], [18.2479, -0.1305], [18.5334, 0.5222], [69.6432, 0.0]], [[4.2569, 0.0], [8.5399, 0.0], [13.9649, -0.1305], [18.2479, -0.1305], [69.6432, 0.0], [27.3848, -0.1305]]]",3.3248,0.0,0.0,0.0,0.0,0.0,0.0,True,[3],0.0,0.0,0.0,13.9315,8.0,8.5042,18.0583,17.7164,6.3667,11.1791,13.9315,"[[4.257, 0.0], [8.54, 0.0], [13.965, -0.131], [18.248, -0.131], [21.674, -0.131], [24.815, 0.131]]",ok,23.3538,0.0,0.0,0.0,0.0,0.0,0.0,0.0,0.0,0.0,fbbdca28bed1419a87dd2f0b1ced635f,scene-0966,42
5.5781,9.5208,14.4766,4.3321,6.6439,8.9751,0.0,0.0,0.0,0.0,0.0,0.0,0.0,0.0,0.0,ok,straight,5.5781,11.0373,14.4766,4.3321,7.2358,9.3697,False,"[-0.3264, -0.3264, -0.5875, -0.3264, -7.5719, -0.1305, -4.9609, -0.3916]","[-41.9975, -762.3002, -1626.2092, -8886.4925, -16482.9827, -39381.9223, -41393.9295, -68181.4576]","[3.079, 1.7442, -1001625.9458, -1008884.9251, -1016482.7193, -1039380.355, -1041393.6661, -1068179.8902]","[9.118, 9.37, 10.276, 10.02, 10.445, 11.728, 8.8, 9.976]","[[[4.828, 0.0], [9.682, -0.1305], [15.107, -0.1305], [19.9611, -0.2611], [24.8151, -0.2611], [29.6691, -0.6527]], [[4.828, 0.0], [9.682, -0.1305], [15.9636, 0.0], [20.5321, -1.1749], [24.8151, -0.2611], [29.6691, -0.6527]], [[4.828, 0.0], [9.682, -0.1305], [15.9636, 0.0], [20.5321, -1.1749], [26.5282, 0.3916], [33.381, -1.1749]], [[4.828, 0.0], [9.682, -0.1305], [15.107, -0.1305], [19.9611, -0.2611], [30.2401, 0.0], [29.6691, -0.6527]], [[4.828, 0.0], [9.682, -0.1305], [15.9636, 0.0], [20.5321, -1.1749], [25.1006, 0.2611], [28.8125, -15.1438]], [[4.828, 0.0], [9.682, -0.1305], [15.107, -0.1305], [19.9611, -0.2611], [37.0928, 0.1305], [33.0954, -0.2611]], [[4.828, 0.0], [9.682, -0.1305], [15.9636, 0.0], [20.5321, -1.1749], [15.6781, -0.2611], [32.5244, -9.9218]], [[4.828, 0.0], [9.682, -0.1305], [15.107, -0.1305], [19.9611, -0.2611], [36.8073, -1.3055], [22.8163, 0.7833]]]",0.8563,0.0,0.0,0.0,0.0,0.0,0.0,True,[3],0.0,0.0,0.0,8.8002,8.0,5.5781,11.0373,20.1508,4.3321,7.2358,8.8002,"[[4.828, 0.0], [9.682, -0.131], [15.964, 0.0], [20.532, -1.175], [24.815, -0.261], [29.669, -0.653]]",ok,11.7277,0.0,0.0,0.0,0.0,0.0,0.0,0.0,0.0,0.0,24e19e8837cc4653a68f6869cad091c5,scene-0966,42
2.9552,4.5032,8.538,2.0862,3.1436,4.502,0.0,0.0,0.0,0.0,0.0,0.0,0.0,0.0,0.0,ok,straight,2.9552,4.5032,8.538,2.0862,3.1436,4.5011,True,"[-0.0653, -0.1305, -0.1305, -0.1305, -0.1305, -0.3264, -0.4569, -0.2611]","[-454.1215, -38.4183, -53.4954, -74.3939, -3257.5313, -6021.2648, -10650.6938, -131288.7491]","[2.9145, 2.3979, 2.397, 2.3965, -1003256.1702, -1006019.9038, -1010649.3334, -1131287.3886]","[4.977, 4.501, 4.881, 5.072, 6.216, 3.838, 5.689, 10.067]","[[[4.5424, 0.0], [9.3964, -0.1305], [13.9649, -0.1305], [18.2479, -0.1305], [25.1006, -0.3916], [30.8112, -0.1305]], [[4.5424, 0.0], [9.3964, -0.1305], [13.9649, -0.1305], [18.2479, -0.1305], [23.3874, -0.2611], [29.6691, -0.2611]], [[5.6846, 0.0], [10.253, -0.1305], [14.2505, 0.0], [18.2479, -0.1305], [23.3874, -0.2611], [29.6691, -0.2611]], [[5.6846, 0.0], [10.253, -0.1305], [14.2505, 0.0], [18.2479, -0.1305], [23.6729, -0.1305], [30.5257, -0.2611]], [[4.5424, 0.0], [9.3964, -0.1305], [13.9649, -0.1305], [18.2479, -0.1305], [24.244, -0.5222], [39.0915, 0.2611]], [[4.5424, 0.0], [9.3964, -0.1305], [13.9649, -0.1305], [18.2479, -0.1305], [19.1045, -0.1305], [29.9546, -0.6527]], [[5.6846, 0.0], [10.253, -0.1305], [14.2505, 0.0], [18.2479, -0.1305], [29.098, -0.2611], [28.8125, -0.9138]], [[5.6846, 0.0], [10.253, -0.1305], [14.2505, 0.0], [18.2479, -0.1305], [46.2298, -0.1305], [37.9494, -0.5222]]]",1.7962,0.0,0.0,0.0,0.0,0.0,0.0,True,[3],0.0,0.0,0.0,3.8377,8.0,2.9552,4.5032,8.813,2.0862,3.1436,3.8377,"[[4.542, 0.0], [9.396, -0.131], [13.965, -0.131], [18.248, -0.131], [23.387, -0.261], [29.669, -0.261]]",ok,10.0667,0.0,0.0,0.0,0.0,0.0,0.0,0.0,0.0,0.0,9e5e0d9f86414e7699c2aed455c137ca,scene-0966,42
1.3349,3.3293,5.9222,0.798,1.7504,2.9075,0.0,0.0,0.0,0.0,0.0,0.0,0.0,0.0,0.0,ok,straight,1.3349,3.3293,5.9222,0.798,1.7504,2.9075,False,"[-0.0, -0.0, -0.2611, -0.718, -0.718, -0.0653, -0.0653, -0.1305]","[-42.802, -688.3533, -88.4867, -2721.8504, -3401.8609, -7518.4578, -21815.254, -106390.4594]","[4.0581, 3.9848, 3.1375, -1002719.2294, -1003399.1856, -1007515.8368, -1021812.633, -1106387.7841]","[2.907, 2.751, 2.865, 4.478, 1.799, 4.516, 4.527, 6.381]","[[[3.9714, 0.0], [8.5399, 0.0], [12.5373, 0.0], [16.8202, 0.0], [20.8176, 0.0], [24.8151, 0.0]], [[3.9714, 0.0], [6.8267, 0.0], [12.5373, 0.0], [16.8202, 0.0], [20.8176, 0.0], [24.8151, 0.0]], [[3.9714, 0.0], [8.5399, 0.0], [12.5373, 0.0], [16.8202, 0.0], [20.5321, 0.1305], [24.8151, -0.5222]], [[3.9714, 0.0], [6.8267, 0.0], [12.5373, 0.0], [16.8202, 0.0], [21.9598, 0.2611], [33.952, -1.436]], [[3.9714, 0.0], [8.5399, 0.0], [12.5373, 0.0], [16.8202, 0.0], [16.5347, 0.1305], [21.9598, -1.436]], [[3.9714, 0.0], [6.8267, 0.0], [12.5373, 0.0], [16.8202, 0.0], [27.0993, 0.5222], [29.098, 0.1305]], [[3.9714, 0.0], [6.8267, 0.0], [12.5373, 0.0], [16.8202, 0.0], [19.6755, 1.0444], [1.4016, 0.1305]], [[3.9714, 0.0], [8.5399, 0.0], [12.5373, 0.0], [16.8202, 0.0], [39.6626, -0.2611], [26.8138, 0.2611]]]",1.3663,0.0,0.0,0.0,0.0,0.0,0.0,True,[3],0.0,0.0,0.0,1.7989,8.0,1.3349,3.3293,3.3707,0.798,1.7504,1.7989,"[[3.971, 0.0], [8.54, 0.0], [12.537, 0.0], [16.82, 0.0], [20.818, 0.0], [24.815, 0.0]]",ok,6.3815,0.0,0.0,0.0,0.0,0.0,0.0,0.0,0.0,0.0,23d02c83708b4f5e9579bbd99370a672,scene-0967,42
5.4738,11.2087,18.0964,3.9702,6.8802,9.8135,0.0,0.0,0.0,0.0,0.0,0.0,0.0,0.0,0.0,ok,straight,5.4738,10.9232,15.2411,3.9702,6.8089,9.2901,True,"[-0.0653, -0.0653, -0.0653, -0.3916, -0.1958, -0.0, -0.5875, -0.1958]","[-236.1294, -24.8372, -141.7144, -329.1799, -3313.4969, -4319.113, -66909.258, -761022.9172]","[3.9467, 3.2786, 3.2781, 1.5366, -1003310.6652, -1004316.2814, -1066907.0954, -1761020.0856]","[9.671, 9.29, 10.004, 10.863, 11.195, 10.337, 11.679, 19.522]","[[[3.6858, 0.0], [7.9688, 0.0], [13.1083, -0.2611], [16.5347, 0.0], [18.8189, -0.1305], [21.9598, -0.1305]], [[3.6858, 0.0], [7.9688, 0.0], [11.9662, -0.1305], [15.3926, -0.1305], [18.8189, -0.1305], [21.9598, -0.1305]], [[3.6858, 0.0], [7.9688, 0.0], [11.9662, -0.1305], [15.3926, -0.1305], [19.39, 0.0], [25.6716, -0.1305]], [[3.6858, 0.0], [7.9688, 0.0], [11.9662, -0.1305], [15.3926, -0.1305], [21.3887, -0.2611], [28.8125, 0.7833]], [[3.6858, 0.0], [7.9688, 0.0], [13.1083, -0.2611], [16.5347, 0.0], [19.39, -0.2611], [30.5257, 0.3916]], [[3.6858, 0.0], [7.9688, 0.0], [13.1083, -0.2611], [16.5347, 0.0], [23.1019, 0.1305], [21.6742, 0.0]], [[3.6858, 0.0], [7.9688, 0.0], [11.9662, -0.1305], [15.3926, -0.1305], [33.0954, -1.0444], [21.9598, -1.1749]], [[3.6858, 0.0], [7.9688, 0.0], [13.1083, -0.2611], [16.5347, 0.0], [69.6432, -0.2611], [30.2401, -0.3916]]]",3.0957,0.0,0.0,0.0,0.0,0.0,0.0,True,[3],0.0,0.0,0.0,9.2901,8.0,5.4738,10.9232,15.2411,3.9702,6.8089,9.2901,"[[3.686, 0.0], [7.969, 0.0], [11.966, -0.131], [15.393, -0.131], [18.819, -0.131], [21.96, -0.131]]",ok,19.5223,0.0,0.0,0.0,0.0,0.0,0.0,0.0,0.0,0.0,8b95c9f201034aedb14454f4e2869abe,scene-0967,42
3.604,6.4062,10.1576,2.4525,4.0967,5.5672,0.0,0.0,0.0,0.0,0.0,0.0,0.0,0.0,0.0,ok,straight,4.1719,5.8321,10.1576,3.022,4.4519,5.804,False,"[-0.1305, -0.1305, -0.2611, -0.0653, -0.1958, -0.718, -0.1305, -0.5222]","[-301.8581, -412.0089, -1517.989, -2788.4585, -15768.5124, -32477.9332, -34057.1023, -787632.4421]","[4.4421, 3.3468, -1001514.6167, -1002786.181, -1015766.2349, -1032475.6557, -1034053.7299, -1787629.0697]","[5.804, 5.757, 7.613, 8.563, 6.568, 8.103, 6.094, 15.232]","[[[4.2569, 0.0], [9.1109, 0.0], [13.3939, -0.1305], [15.6781, 0.0], [19.1045, -0.1305], [24.5295, -0.2611]], [[4.2569, 0.0], [9.1109, 0.0], [12.5373, -0.1305], [16.2492, -0.1305], [19.1045, -0.1305], [24.5295, -0.2611]], [[4.2569, 0.0], [9.1109, 0.0], [13.3939, -0.1305], [15.6781, 0.0], [22.8163, 0.0], [31.6678, -0.5222]], [[4.2569, 0.0], [9.1109, 0.0], [12.5373, -0.1305], [16.2492, -0.1305], [22.8163, 0.1305], [37.6639, -0.1305]], [[4.2569, 0.0], [9.1109, 0.0], [12.5373, -0.1305], [16.2492, -0.1305], [26.5282, -0.3916], [21.9598, -0.3916]], [[4.2569, 0.0], [9.1109, 0.0], [12.5373, -0.1305], [16.2492, -0.1305], [31.0967, -0.1305], [26.5282, -1.436]], [[4.2569, 0.0], [9.1109, 0.0], [13.3939, -0.1305], [15.6781, 0.0], [23.1019, -1.0444], [6.5412, -0.2611]], [[4.2569, 0.0], [9.1109, 0.0], [13.3939, -0.1305], [15.6781, 0.0], [69.6432, -0.1305], [30.5257, -1.0444]]]",2.9219,0.0,0.0,0.0,0.0,0.0,0.0,True,[3],0.0,0.0,0.0,5.757,8.0,4.1719,6.4062,10.1576,3.022,4.3814,5.757,"[[4.257, 0.0], [9.111, 0.0], [13.394, -0.131], [15.678, 0.0], [19.104, -0.131], [24.53, -0.261]]",ok,15.2315,0.0,0.0,0.0,0.0,0.0,0.0,0.0,0.0,0.0,114e0ea88971491bb49e93d56ff96419,scene-0967,42
1.469,3.2674,3.8445,1.2306,1.9638,2.6992,0.0,0.0,0.0,0.0,0.0,0.0,0.0,0.0,0.0,ok,straight,1.469,3.2674,6.1272,1.2306,1.9638,2.9846,False,"[-0.0, -0.0, -0.1305, -0.1305, -0.1958, -0.0653, -0.0653, -0.1958]","[-91.5015, -242.3467, -30.497, -367.1534, -13.5743, -848.4636, -5338.0382, -41998.5475]","[4.3558, 4.2875, 2.5714, 2.4895, 1.6782, -1000845.8903, -1005335.5222, -1041996.0315]","[2.985, 3.127, 2.7, 2.559, 2.989, 3.796, 3.603, 3.538]","[[[2.8293, 0.0], [5.1135, 0.0], [7.3977, 0.0], [9.9675, 0.0], [11.9662, 0.0], [15.3926, 0.0]], [[1.9727, 0.0], [5.6846, 0.0], [8.2543, 0.0], [10.253, 0.0], [11.9662, 0.0], [15.3926, 0.0]], [[2.8293, 0.0], [5.1135, 0.0], [7.3977, 0.0], [9.9675, 0.0], [11.9662, -0.1305], [13.6794, 0.2611]], [[1.9727, 0.0], [5.6846, 0.0], [8.2543, 0.0], [10.253, 0.0], [10.8241, 0.1305], [13.1083, -0.2611]], [[2.8293, 0.0], [5.1135, 0.0], [7.3977, 0.0], [9.9675, 0.0], [12.5373, 0.0], [14.8215, -0.3916]], [[2.8293, 0.0], [5.1135, 0.0], [7.3977, 0.0], [9.9675, 0.0], [15.107, -0.2611], [17.1058, -0.1305]], [[1.9727, 0.0], [5.6846, 0.0], [8.2543, 0.0], [10.253, 0.0], [10.253, 0.2611], [19.9611, -0.1305]], [[1.9727, 0.0], [5.6846, 0.0], [8.2543, 0.0], [10.253, 0.0], [0.8306, 0.0], [14.536, -0.3916]]]",0.4148,0.0,0.0,0.0,0.0,0.0,0.0,True,[3],0.0,0.0,0.0,2.5594,8.0,2.0398,3.5527,3.8656,1.0879,2.1777,2.5594,"[[2.829, 0.0], [5.113, 0.0], [7.398, 0.0], [9.968, 0.0], [11.966, 0.0], [15.393, 0.0]]",ok,3.7957,0.0,0.0,0.0,0.0,0.0,0.0,0.0,0.0,0.0,f10cf1a409064743975d04dd496539e0,scene-0967,42
4.265,8.6036,11.8034,3.2635,5.4232,7.4558,0.0,0.0,0.0,0.0,0.0,0.0,0.0,0.0,0.0,ok,straight,4.265,8.6036,11.8034,3.2635,5.2809,7.173,True,"[-0.8486, -0.8486, -2.5457, -1.9582, -8.2899, -2.4804, -8.2899, -3.8512]","[-139.1487, -233.6523, -1281.0708, -1650.0255, -11136.5456, -13949.3172, -33964.527, -163639.533]","[4.0794, 4.0541, -1001278.5137, -1001647.4684, -1011133.9885, -1013946.7836, -1033961.9935, -1163636.9995]","[7.173, 7.032, 7.075, 7.083, 8.705, 8.211, 8.936, 14.607]","[[[2.2582, 0.1305], [4.2569, 0.2611], [5.9701, 0.5222], [8.5399, 1.0444], [9.9675, 1.6971], [11.6807, 1.6971]], [[1.6871, 0.0], [3.9714, -0.3916], [5.9701, 0.5222], [8.5399, 1.0444], [9.9675, 1.6971], [11.6807, 1.6971]], [[2.2582, 0.1305], [4.2569, 0.2611], [5.9701, 0.5222], [8.5399, 1.0444], [10.8241, 1.1749], [9.1109, 5.0914]], [[2.2582, 0.1305], [4.2569, 0.2611], [5.9701, 0.5222], [8.5399, 1.0444], [8.2543, 3.0026], [11.9662, 3.9165]], [[2.2582, 0.1305], [4.2569, 0.2611], [5.9701, 0.5222], [8.5399, 1.0444], [10.8241, -0.1305], [11.6807, -16.5798]], [[1.6871, 0.0], [3.9714, -0.3916], [5.9701, 0.5222], [8.5399, 1.0444], [16.8202, 3.0026], [10.8241, 4.9609]], [[1.6871, 0.0], [3.9714, -0.3916], [5.9701, 0.5222], [8.5399, 1.0444], [12.5373, -3.0026], [11.9662, 16.5798]], [[1.6871, 0.0], [3.9714, -0.3916], [5.9701, 0.5222], [8.5399, 1.0444], [13.3939, -15.1438], [46.5153, 7.7024]]]",2.3843,0.0,0.0,0.0,0.0,0.0,0.0,True,[3],0.0,0.0,0.0,7.0315,8.0,3.9907,8.6036,11.8034,2.839,5.0687,7.0315,"[[2.258, 0.131], [4.257, 0.261], [5.97, 0.522], [8.54, 1.044], [9.968, 1.697], [11.681, 1.697]]",ok,14.6067,0.0,0.0,0.0,0.0,0.0,0.0,0.0,0.0,0.0,aa298fdc84fb489a911a3f363d3beda9,scene-0968,42
4.2055,6.7585,10.9573,3.2269,4.6424,6.2021,0.0,0.0,0.0,0.0,0.0,0.0,0.0,0.0,0.0,ok,straight,3.626,7.7445,10.08,3.5094,5.0302,6.3218,False,"[-2.6763, -1.2402, -1.436, -1.2402, -1.7624, -0.7833, -1.3055, -8.2899]","[-1025.3663, -1142.4222, -1476.6229, -1542.2698, -2038.2115, -11931.4934, -28415.9634, -28788.5713]","[3.2391, -1001139.8025, -1001473.9787, -1001539.6256, -1002035.5918, -1011928.8737, -1028413.3192, -1028785.9516]","[6.973, 6.366, 5.663, 6.461, 6.102, 5.489, 7.335, 10.247]","[[[3.4003, 0.1305], [3.9714, 0.0], [6.5412, 0.5222], [9.9675, 1.6971], [12.5373, 4.6998], [14.2505, 5.3525]], [[2.2582, 0.0], [4.5424, 0.2611], [6.5412, 0.5222], [9.9675, 1.6971], [11.1096, 1.6971], [15.3926, 2.4804]], [[3.4003, 0.1305], [3.9714, 0.0], [6.5412, 0.5222], [9.9675, 1.6971], [9.9675, 1.8277], [10.8241, 2.8721]], [[3.4003, 0.1305], [3.9714, 0.0], [6.5412, 0.5222], [9.9675, 1.6971], [11.1096, 1.6971], [15.3926, 2.4804]], [[2.2582, 0.0], [4.5424, 0.2611], [6.5412, 0.5222], [9.9675, 1.6971], [13.1083, 1.0444], [10.8241, 3.5248]], [[2.2582, 0.0], [4.5424, 0.2611], [6.5412, 0.5222], [9.9675, 1.6971], [10.8241, -4.047], [9.9675, 1.5666]], [[3.4003, 0.1305], [3.9714, 0.0], [6.5412, 0.5222], [9.9675, 1.6971], [19.9611, 5.4831], [10.253, 2.611]], [[2.2582, 0.0], [4.5424, 0.2611], [6.5412, 0.5222], [9.9675, 1.6971], [13.6794, 16.5798], [17.3913, 16.5798]]]",1.4139,0.0,0.0,0.0,0.0,0.0,0.0,True,[3],0.0,0.0,0.0,5.489,8.0,4.2055,7.7445,5.7193,3.2269,4.8889,5.489,"[[3.4, 0.131], [3.971, 0.0], [6.541, 0.522], [9.968, 1.697], [11.11, 1.828], [14.25, 2.872]]",ok,10.2475,0.0,0.0,0.0,0.0,0.0,0.0,0.0,0.0,0.0,b00c8fb7cac14cf89498c16fdd460ec5,scene-0968,42
0.8285,1.6291,2.1381,0.623,1.0505,1.267,0.0,0.0,0.0,0.0,0.0,0.0,0.0,0.0,0.0,ok,straight,0.8285,1.3445,2.1381,0.623,0.7458,1.0639,True,"[-0.1305, -0.1305, -0.1305, -1.6971, -0.0, -0.1305, -0.1305, -2.8068]","[-407.6488, -909.7633, -1055.2078, -547.2705, -1843.2394, -2906.039, -6263.3511, -15338.2278]","[3.6305, 3.502, 3.4715, -1000544.8525, -1001840.8213, -1002903.6209, -1006260.9562, -1015335.8329]","[1.126, 1.017, 1.064, 1.26, 1.363, 2.488, 1.36, 2.929]","[[[1.9727, 0.0], [3.9714, 0.0], [6.2556, 0.1305], [6.5412, 0.0], [8.5399, -0.2611], [10.5386, -0.2611]], [[1.9727, 0.0], [3.9714, 0.0], [4.2569, 0.0], [7.3977, 0.0], [9.682, -0.2611], [9.1109, -0.2611]], [[1.9727, 0.0], [3.9714, 0.0], [4.2569, 0.0], [7.3977, 0.0], [8.5399, -0.2611], [10.5386, -0.2611]], [[1.9727, 0.0], [3.9714, 0.0], [6.2556, 0.1305], [6.5412, 0.0], [7.1122, -0.5222], [10.253, -3.3943]], [[1.9727, 0.0], [3.9714, 0.0], [6.2556, 0.1305], [6.5412, 0.0], [10.253, -0.1305], [10.253, 0.0]], [[1.9727, 0.0], [3.9714, 0.0], [6.2556, 0.1305], [6.5412, 0.0], [11.9662, -1.436], [15.107, -0.2611]], [[1.9727, 0.0], [3.9714, 0.0], [4.2569, 0.0], [7.3977, 0.0], [5.6846, -0.2611], [11.9662, -0.2611]], [[1.9727, 0.0], [3.9714, 0.0], [4.2569, 0.0], [7.3977, 0.0], [9.682, -8.7468], [9.682, -5.6136]]]",0.6739,0.0,0.0,0.0,0.0,0.0,0.0,True,[3],0.0,0.0,0.0,1.0165,8.0,0.8285,1.3445,0.717,0.623,0.7458,1.0165,"[[1.973, 0.0], [3.971, 0.0], [4.257, 0.0], [7.398, 0.0], [8.54, -0.261], [10.539, -0.261]]",ok,2.9293,0.0,0.0,0.0,0.0,0.0,0.0,0.0,0.0,0.0,2dbfc784e7b8463db1a273cd9b27b240,scene-0968,42
3.4368,5.7442,8.8845,2.4615,3.7447,5.1725,0.0,0.0,0.0,0.0,0.0,0.0,0.0,0.0,0.0,ok,straight,3.4368,6.3152,8.8845,2.4615,4.0302,5.5531,False,"[-0.0653, -0.0653, -0.1305, -0.1305, -0.0653, -0.2611, -0.3264, -0.0653]","[-62.076, -494.4868, -1205.9858, -1360.4823, -1668.3679, -6882.1589, -12482.8435, -21066.1031]","[3.5148, -1000492.5155, -1001204.0386, -1001358.5351, -1001666.3966, -1006880.2116, -1012480.8722, -1021064.1318]","[5.363, 5.125, 6.505, 5.316, 5.458, 8.386, 9.171, 4.411]","[[[1.6871, 0.0], [3.6858, 0.0], [5.1135, 0.0], [6.5412, -0.1305], [7.3977, -0.1305], [9.1109, -0.1305]], [[0.8306, 0.0], [2.8293, 0.0], [5.399, 0.0], [8.5399, 0.0], [8.5399, -0.2611], [5.9701, -0.1305]], [[1.6871, 0.0], [3.6858, 0.0], [5.1135, 0.0], [6.5412, -0.1305], [11.1096, -0.1305], [12.2517, -0.2611]], [[1.6871, 0.0], [3.6858, 0.0], [5.1135, 0.0], [6.5412, -0.1305], [5.9701, -0.2611], [10.253, -0.2611]], [[0.8306, 0.0], [2.8293, 0.0], [5.399, 0.0], [8.5399, 0.0], [7.3977, -0.1305], [9.1109, -0.1305]], [[1.6871, 0.0], [3.6858, 0.0], [5.1135, 0.0], [6.5412, -0.1305], [9.682, -1.6971], [24.8151, -0.5222]], [[0.8306, 0.0], [2.8293, 0.0], [5.399, 0.0], [8.5399, 0.0], [10.5386, -0.1305], [28.2414, -0.6527]], [[0.8306, 0.0], [2.8293, 0.0], [5.399, 0.0], [8.5399, 0.0], [1.4016, 0.0], [8.8254, -0.1305]]]",1.5845,0.0,0.0,0.0,0.0,0.0,0.0,True,[3],0.0,0.0,0.0,4.4107,8.0,2.5802,8.3128,8.599,1.6049,4.1727,4.4107,"[[1.687, 0.0], [3.686, 0.0], [5.113, 0.0], [6.541, -0.131], [8.54, -0.131], [9.111, -0.131]]",ok,9.1707,0.0,0.0,0.0,0.0,0.0,0.0,0.0,0.0,0.0,7f2bc98ed6dd4567aaf35b6d02f09621,scene-0968,42
1.9727,3.6521,3.2357,1.5444,2.3199,2.7459,0.0,0.0,0.0,0.0,0.0,0.0,0.0,0.0,0.0,ok,straight,1.9727,3.6521,7.8027,1.5444,2.3199,3.5071,False,"[-0.0653, -0.1305, -0.0653, -0.0653, -0.4569, -0.0653, -0.0653, -0.0653]","[-47.5678, -812.4929, -3905.7939, -5266.9857, -7004.4471, -9949.5921, -14556.8266, -14774.2918]","[3.5022, -1000810.7493, -1003904.0543, -1005265.2422, -1007002.7074, -1009947.8485, -1014555.0831, -1014772.5522]","[2.746, 5.936, 3.745, 4.508, 6.413, 4.365, 4.984, 4.602]","[[[1.1161, 0.0], [1.9727, 0.0], [2.5437, 0.0], [3.9714, 0.0], [5.1135, 0.0], [5.6846, -0.1305]], [[1.1161, 0.1305], [3.4003, 0.0], [6.2556, 0.0], [9.3964, 0.0], [9.1109, -0.1305], [10.253, -0.2611]], [[1.1161, 0.0], [1.9727, 0.0], [2.5437, 0.0], [3.9714, 0.0], [3.9714, 0.0], [12.8228, -0.1305]], [[1.1161, 0.1305], [3.4003, 0.0], [6.2556, 0.0], [9.3964, 0.0], [5.1135, 0.0], [5.6846, -0.1305]], [[1.1161, 0.0], [1.9727, 0.0], [2.5437, 0.0], [3.9714, 0.0], [7.9688, -0.1305], [24.8151, -0.9138]], [[1.1161, 0.1305], [3.4003, 0.0], [6.2556, 0.0], [9.3964, 0.0], [3.6858, 0.0], [6.2556, -0.1305]], [[1.1161, 0.1305], [3.4003, 0.0], [6.2556, 0.0], [9.3964, 0.0], [3.6858, 0.0], [9.9675, -0.1305]], [[1.1161, 0.0], [1.9727, 0.0], [2.5437, 0.0], [3.9714, 0.0], [13.1083, -0.2611], [8.8254, -0.1305]]]",1.0852,0.0,0.0,0.0,0.0,0.0,0.0,False,[3],0.0,0.0,0.0,2.7459,8.0,1.9727,3.6521,3.2357,1.5444,2.3199,2.7459,"[[1.116, 0.0], [1.973, 0.0], [2.544, 0.0], [3.971, 0.0], [5.113, 0.0], [10.253, -0.131]]",ok,6.4131,0.0,0.0,0.0,0.0,0.0,0.0,0.0,0.0,0.0,923b34d42c5048c0a4db75c65de52f3c,scene-0969,42
2.4399,6.923,9.5778,1.9637,3.7034,5.5284,0.0,0.0,1.0,0.0,0.0,1.0,0.0,0.0,0.16666666666666666,ok,straight,2.7254,8.6344,9.5778,2.1065,4.3451,5.9562,False,"[-0.1305, -0.3264, -0.1305, -0.2611, -0.0653, -0.1958, -8.2899, -8.2899]","[-1196.0268, -505.3648, -1374.7661, -2103.5473, -2539.9666, -7828.2524, -18142.6306, -47469.5258]","[3.285, -1000503.2003, -1001372.6016, -1002101.3828, -1002537.8652, -1007826.151, -1018140.5292, -1047467.3613]","[6.051, 6.911, 5.956, 7.052, 6.717, 6.532, 8.301, 6.34]","[[[3.1148, 0.0], [6.5412, 0.0], [10.253, 0.0], [11.3952, 0.0], [15.3926, -0.1305], [17.3913, -0.2611]], [[2.8293, 0.0], [5.399, 0.0], [8.5399, 0.1305], [13.9649, 0.0], [18.5334, -0.2611], [19.9611, -0.6527]], [[2.8293, 0.0], [5.399, 0.0], [8.5399, 0.1305], [13.9649, 0.0], [15.3926, -0.1305], [17.3913, -0.2611]], [[2.8293, 0.0], [5.399, 0.0], [8.5399, 0.1305], [13.9649, 0.0], [16.2492, -0.2611], [23.1019, -0.5222]], [[3.1148, 0.0], [6.5412, 0.0], [10.253, 0.0], [11.3952, 0.0], [17.1058, 0.0], [19.6755, -0.1305]], [[3.1148, 0.0], [6.5412, 0.0], [10.253, 0.0], [11.3952, 0.0], [18.5334, -0.7833], [17.1058, 0.3916]], [[3.1148, 0.0], [6.5412, 0.0], [10.253, 0.0], [11.3952, 0.0], [17.9623, 0.0], [19.9611, 16.5798]], [[2.8293, 0.0], [5.399, 0.0], [8.5399, 0.1305], [13.9649, 0.0], [7.3977, -0.1305], [18.8189, 16.5798]]]",0.6943,0.0,0.0,1.0,0.0,0.0,1.0,False,[3],0.0,0.0,0.16666666666666666,5.9562,8.0,2.7254,8.6344,9.5778,2.1065,4.3451,5.9562,"[[2.829, 0.0], [5.399, 0.0], [8.54, 0.131], [13.965, 0.0], [15.393, -0.131], [17.391, -0.261]]",ok,8.3012,0.0,0.0,0.0,0.0,0.0,0.0,0.0,0.0,0.0,5e6c874d0a034ab88e2da0e9eab75c87,scene-0969,42
4.2039,7.4885,9.3782,3.0428,4.7922,6.0086,0.0,1.0,0.0,0.0,1.0,1.0,0.0,0.5,0.5,ok,straight,4.4912,9.4924,11.0962,3.3292,5.6504,6.9622,False,"[-0.0653, -0.4569, -0.0, -0.0653, -0.0, -0.2611, -1.5013, -0.2611]","[-426.2972, -1058.6136, -1740.9366, -2635.6693, -2822.0055, -4657.8594, -8282.8378, -64312.2071]","[4.2304, -1001057.7558, -1001740.0788, -1002634.8115, -1002818.8387, -1004654.6926, -1008279.671, -1064311.3493]","[6.39, 7.577, 5.788, 6.962, 7.769, 7.911, 6.414, 8.403]","[[[1.9727, 0.0], [4.5424, 0.0], [6.5412, -0.1305], [9.3964, -0.1305], [11.1096, -0.1305], [15.3926, -0.1305]], [[2.2582, 0.0], [4.828, -0.1305], [7.3977, 0.0], [11.3952, 0.1305], [12.8228, -0.1305], [17.3913, -0.9138]], [[2.2582, 0.0], [4.828, -0.1305], [7.3977, 0.0], [11.3952, 0.1305], [10.253, 0.3916], [9.1109, 0.0]], [[2.2582, 0.0], [4.828, -0.1305], [7.3977, 0.0], [11.3952, 0.1305], [11.1096, -0.1305], [15.3926, -0.1305]], [[1.9727, 0.0], [4.5424, 0.0], [6.5412, -0.1305], [9.3964, -0.1305], [16.5347, -0.5222], [18.2479, 0.0]], [[1.9727, 0.0], [4.5424, 0.0], [6.5412, -0.1305], [9.3964, -0.1305], [17.3913, 0.1305], [18.2479, -0.5222]], [[1.9727, 0.0], [4.5424, 0.0], [6.5412, -0.1305], [9.3964, -0.1305], [8.2543, -0.2611], [18.2479, -3.0026]], [[2.2582, 0.0], [4.828, -0.1305], [7.3977, 0.0], [11.3952, 0.1305], [18.5334, -12.9244], [12.2517, -0.5222]]]",0.8459,0.0,1.0,0.0,0.0,1.0,1.0,False,[3],0.0,0.5,0.5,5.788,8.0,4.4912,9.4924,4.8636,3.3292,5.6504,5.788,"[[2.258, 0.0], [4.828, -0.131], [7.398, 0.0], [11.395, 0.131], [11.11, -0.131], [15.393, -0.131]]",ok,8.4032,0.0,1.0,0.0,0.0,1.0,1.0,0.0,0.5,0.5,588dd5faaf2a4697b35195f46196cb8b,scene-0969,42
3.054,6.4061,8.5813,2.506,4.122,5.7065,0.0,0.0,0.0,0.0,0.0,0.0,0.0,0.0,0.0,ok,straight,3.054,6.9746,8.0132,2.506,4.2641,5.1454,True,"[-0.0653, -0.1305, -0.0653, -0.0, -0.1305, -0.3264, -0.0653, -0.3264]","[-375.2302, -736.0651, -3028.0339, -3200.2161, -3974.1187, -9042.1911, -10976.6876, -13924.3289]","[4.1782, -1000733.651, -1003024.8045, -1003197.802, -1003970.8893, -1009039.777, -1010973.4582, -1013921.0996]","[5.801, 4.818, 4.061, 6.56, 4.904, 6.333, 4.712, 4.917]","[[[3.6858, 0.0], [6.5412, 0.0], [10.5386, -0.1305], [14.2505, -0.1305], [18.2479, -0.1305], [19.39, -0.1305]], [[3.6858, 0.0], [6.5412, 0.0], [10.5386, -0.1305], [14.2505, -0.1305], [14.8215, -0.3916], [16.8202, -0.2611]], [[3.6858, 0.0], [6.5412, 0.0], [9.1109, 0.0], [9.1109, 0.0], [14.8215, -0.6527], [18.8189, 0.1305]], [[3.6858, 0.0], [6.5412, 0.0], [10.5386, -0.1305], [14.2505, -0.1305], [21.1032, -0.2611], [21.1032, 0.0]], [[3.6858, 0.0], [6.5412, 0.0], [9.1109, 0.0], [9.1109, 0.0], [16.2492, -0.1305], [22.5308, -0.2611]], [[3.6858, 0.0], [6.5412, 0.0], [10.5386, -0.1305], [14.2505, -0.1305], [22.2453, 0.5222], [18.5334, -0.6527]], [[3.6858, 0.0], [6.5412, 0.0], [9.1109, 0.0], [9.1109, 0.0], [18.2479, -0.1305], [19.39, -0.1305]], [[3.6858, 0.0], [6.5412, 0.0], [9.1109, 0.0], [9.1109, 0.0], [19.1045, -0.3916], [19.6755, -0.6527]]]",0.8148,0.0,0.0,0.0,0.0,0.0,0.0,False,[3],0.0,0.0,0.0,4.0612,8.0,3.054,1.8745,7.99,2.506,2.6307,4.0612,"[[3.686, 0.0], [6.541, 0.0], [10.539, -0.131], [14.25, -0.131], [14.822, -0.392], [18.819, -0.131]]",ok,6.5601,0.0,0.0,0.0,0.0,0.0,0.0,0.0,0.0,0.0,ace2c4ce1a524b1f956d379baf10b82d,scene-0969,42
1.6605,2.2779,3.2511,1.2252,1.8125,2.3644,0.0,0.0,0.0,0.0,0.0,0.0,0.0,0.0,0.0,ok,straight,1.6605,2.2779,3.2178,1.2252,1.8125,2.4526,False,"[-0.3264, -0.3264, -0.6527, -0.3916, -0.0, -8.2899, -8.2899, -0.0]","[-814.906, -699.3655, -1309.9996, -1470.5629, -4387.8292, -15313.1426, -42868.9005, -653730.0598]","[3.2091, 1.3314, -1001307.7725, -1001468.3359, -1004387.4803, -1015312.7938, -1042868.5517, -1653727.8327]","[2.453, 3.337, 2.623, 1.576, 3.159, 5.444, 7.971, 8.948]","[[[0.8306, 0.0], [1.6871, 0.0], [2.5437, 0.1305], [2.5437, 0.1305], [5.1135, 0.6527], [5.1135, 0.6527]], [[1.4016, 0.1305], [3.4003, 0.7833], [4.2569, 0.7833], [3.6858, 0.0], [5.1135, 0.6527], [5.1135, 0.6527]], [[0.8306, 0.0], [1.6871, 0.0], [2.5437, 0.1305], [2.5437, 0.1305], [5.6846, 0.5222], [5.399, 1.3055]], [[0.8306, 0.0], [1.6871, 0.0], [2.5437, 0.1305], [2.5437, 0.1305], [0.545, 0.0], [3.6858, -0.7833]], [[1.4016, 0.1305], [3.4003, 0.7833], [4.2569, 0.7833], [3.6858, 0.0], [5.399, 2.0888], [0.545, 0.0]], [[1.4016, 0.1305], [3.4003, 0.7833], [4.2569, 0.7833], [3.6858, 0.0], [3.6858, -0.5222], [6.5412, 16.5798]], [[1.4016, 0.1305], [3.4003, 0.7833], [4.2569, 0.7833], [3.6858, 0.0], [6.2556, 16.5798], [8.2543, 16.5798]], [[0.8306, 0.0], [1.6871, 0.0], [2.5437, 0.1305], [2.5437, 0.1305], [45.9443, -7.1802], [2.8293, 0.0]]]",2.5521,0.0,0.0,0.0,0.0,0.0,0.0,True,[3],0.0,0.0,0.0,1.5757,8.0,1.6605,2.2779,1.828,1.2252,1.8125,1.5757,"[[0.831, 0.0], [1.687, 0.0], [2.544, 0.131], [2.544, 0.131], [5.113, 0.653], [5.113, 0.653]]",ok,8.9479,0.0,0.0,0.0,0.0,0.0,0.0,0.0,0.0,0.0,45c4bd03ee6f4a369dd42abf08dc3957,scene-0971,42
0.4127,0.8306,1.1512,0.2572,0.3709,0.5379,0.0,0.0,0.0,0.0,0.0,0.0,0.0,0.0,0.0,ok,right,0.6138,0.8306,0.5804,0.4896,0.5236,0.5446,False,"[2.7415, 2.7415, 4.1123, 2.4804, -8.2899, -8.2899, 3.4596, 3.5901]","[-637.0616, -233.7882, -4811.5029, -5218.6068, -18961.5557, -50862.4779, -150416.8295, -210103.3062]","[3.6046, 3.1942, -1004809.5226, -1005216.2108, -1018959.5755, -1050860.0819, -1150414.8493, -1210100.9102]","[1.037, 0.545, 1.596, 1.883, 4.386, 5.692, 4.062, 5.697]","[[[1.6871, -0.1305], [3.4003, -0.9138], [5.9701, -3.2637], [7.9688, -5.222], [9.9675, -4.5692], [11.1096, -5.4831]], [[1.6871, -0.1305], [3.4003, -0.9138], [5.6846, -1.436], [8.5399, -2.4804], [9.9675, -4.5692], [11.1096, -5.4831]], [[1.6871, -0.1305], [3.4003, -0.9138], [5.6846, -1.436], [8.5399, -2.4804], [9.1109, -2.4804], [16.8202, -8.2246]], [[1.6871, -0.1305], [3.4003, -0.9138], [5.9701, -3.2637], [7.9688, -5.222], [12.8228, -8.2246], [10.8241, -4.9609]], [[1.6871, -0.1305], [3.4003, -0.9138], [5.6846, -1.436], [8.5399, -2.4804], [8.5399, -2.3499], [13.6794, 16.5798]], [[1.6871, -0.1305], [3.4003, -0.9138], [5.9701, -3.2637], [7.9688, -5.222], [15.6781, -7.3108], [8.8254, 16.5798]], [[1.6871, -0.1305], [3.4003, -0.9138], [5.6846, -1.436], [8.5399, -2.4804], [6.8267, 16.5798], [11.9662, -6.9191]], [[1.6871, -0.1305], [3.4003, -0.9138], [5.9701, -3.2637], [7.9688, -5.222], [21.3887, 16.5798], [16.8202, -7.1802]]]",1.9549,0.0,0.0,0.0,0.0,0.0,0.0,True,[3],0.0,0.0,0.0,0.5446,8.0,0.6138,0.8306,0.5804,0.4896,0.5236,0.5446,"[[1.687, -0.131], [3.4, -0.914], [5.685, -1.436], [8.54, -2.48], [9.968, -4.569], [11.11, -5.483]]",ok,5.6971,0.0,0.0,0.0,0.0,0.0,0.0,0.0,0.0,0.0,a8b576261b39410bb5105d3646fbb544,scene-0971,42
0.2446,0.5941,1.7519,0.1346,0.3216,0.633,0.0,0.0,0.0,0.0,0.0,0.0,0.0,0.0,0.0,ok,straight,0.2446,1.3573,1.7519,0.1346,0.6512,0.8527,False,"[-0.0653, -0.0653, -0.1305, -1.6319, -0.0, -0.1305, -0.0, -0.1958]","[-153.9379, -410.2098, -179.7832, -419.477, -778.8637, -1234.0575, -4471.1098, -18655.5817]","[2.0831, 2.0402, 1.9522, -1000418.3311, -1000777.7178, -1001232.9115, -1004469.9638, -1018654.4358]","[0.853, 0.6, 0.682, 1.525, 1.044, 1.022, 1.166, 2.144]","[[[3.1148, 0.0], [6.5412, 0.0], [10.253, -0.3916], [13.9649, 0.1305], [16.2492, -0.1305], [17.3913, -0.1305]], [[3.1148, 0.0], [6.5412, 0.0], [9.3964, 0.0], [12.2517, -0.1305], [16.2492, -0.1305], [17.3913, -0.1305]], [[3.1148, 0.0], [6.5412, 0.0], [10.253, -0.3916], [13.9649, 0.1305], [16.2492, 0.1305], [19.1045, -0.2611]], [[3.1148, 0.0], [6.5412, 0.0], [10.253, -0.3916], [13.9649, 0.1305], [17.9623, 0.0], [20.8176, -3.2637]], [[3.1148, 0.0], [6.5412, 0.0], [10.253, -0.3916], [13.9649, 0.1305], [17.9623, 0.0], [17.6768, 0.0]], [[3.1148, 0.0], [6.5412, 0.0], [9.3964, 0.0], [12.2517, -0.1305], [12.8228, 0.6527], [17.1058, -0.2611]], [[3.1148, 0.0], [6.5412, 0.0], [9.3964, 0.0], [12.2517, -0.1305], [18.2479, -0.2611], [15.6781, 0.0]], [[3.1148, 0.0], [6.5412, 0.0], [9.3964, 0.0], [12.2517, -0.1305], [20.8176, -0.1305], [12.2517, 0.3916]]]",0.4694,0.0,0.0,0.0,0.0,0.0,0.0,True,[3],0.0,0.0,0.0,0.5997,8.0,0.2446,0.5941,1.7519,0.1346,0.2717,0.5997,"[[3.115, 0.0], [6.541, 0.0], [10.253, -0.392], [13.965, 0.131], [16.249, -0.131], [17.391, -0.131]]",ok,2.1437,0.0,0.0,0.0,0.0,0.0,0.0,0.0,0.0,0.0,05e5176b77bb44ed85e6df6ad3aba980,scene-0971,42
1.9869,3.355,4.3874,1.4812,2.1386,2.8028,0.0,0.0,0.0,0.0,0.0,0.0,0.0,0.0,0.0,ok,straight,1.9869,3.355,6.1051,1.4812,2.1386,3.0891,False,"[-0.0, -0.0653, -0.1305, -0.0, -0.1305, -0.1305, -0.4569, -0.2611]","[-143.4586, -437.6786, -197.4167, -1748.4964, -5436.9457, -8002.3577, -100183.5148, -775160.5045]","[4.4461, 3.9831, 3.5222, -1001746.1377, -1005434.587, -1007999.999, -1100181.1561, -1775157.5375]","[2.803, 3.011, 3.139, 3.8, 4.002, 4.246, 5.863, 12.749]","[[[3.6858, 0.0], [7.9688, 0.0], [11.1096, 0.0], [15.107, 0.0], [18.8189, 0.0], [21.9598, 0.0]], [[3.6858, 0.0], [7.9688, 0.0], [11.1096, 0.0], [15.107, 0.0], [18.2479, 0.5222], [23.6729, 0.1305]], [[3.6858, 0.0], [7.9688, 0.0], [11.1096, 0.0], [15.107, 0.0], [18.8189, 0.0], [23.9585, 0.2611]], [[3.6858, 0.0], [7.9688, 0.0], [13.6794, 0.0], [18.5334, -0.1305], [18.8189, 0.0], [21.9598, 0.0]], [[3.6858, 0.0], [7.9688, 0.0], [13.6794, 0.0], [18.5334, -0.1305], [17.6768, 0.2611], [24.244, 0.2611]], [[3.6858, 0.0], [7.9688, 0.0], [13.6794, 0.0], [18.5334, -0.1305], [17.3913, 0.3916], [25.9572, 0.2611]], [[3.6858, 0.0], [7.9688, 0.0], [13.6794, 0.0], [18.5334, -0.1305], [17.1058, 16.5798], [21.1032, -0.9138]], [[3.6858, 0.0], [7.9688, 0.0], [11.1096, 0.0], [15.107, 0.0], [69.6432, 0.6527], [30.8112, 0.5222]]]",3.0828,0.0,0.0,0.0,0.0,0.0,0.0,True,[3],0.0,0.0,0.0,2.8028,8.0,1.9869,3.355,4.3874,1.4812,2.1386,2.8028,"[[3.686, 0.0], [7.969, 0.0], [11.11, 0.0], [15.107, 0.0], [18.819, 0.0], [23.673, 0.131]]",ok,12.7492,0.0,0.0,0.0,0.0,0.0,0.0,0.0,0.0,0.0,ce0a66937ec741af9defc0fcde1134d5,scene-0971,42
1.6997,2.8045,4.6503,1.1968,1.6609,2.6041,0.0,0.0,0.0,0.0,0.0,0.0,0.0,0.0,0.0,ok,straight,1.6997,1.9385,6.0667,1.1968,1.4444,2.5086,True,"[-0.3916, -0.9138, -0.0, -0.0653, -0.3916, -0.0653, -0.0, -8.2899]","[-468.3272, -154.7795, -1466.2135, -21256.2562, -1501.103, -1688.848, -3782.6137, -24931.5402]","[3.383, 3.2207, -1001463.8389, -1021253.8816, -2003411.4696, -2003599.2147, -2005692.9804, -2026841.9068]","[2.46, 2.546, 3.264, 2.723, 2.274, 2.523, 1.588, 4.909]","[[[3.1148, 0.0], [6.5412, 0.0], [8.5399, 0.1305], [11.1096, 0.2611], [15.3926, 0.3916], [17.3913, 0.7833]], [[3.1148, 0.0], [6.5412, 0.0], [8.5399, 0.1305], [11.1096, 0.2611], [14.2505, 0.6527], [18.8189, 1.8277]], [[3.1148, 0.0], [6.5412, 0.0], [8.5399, 0.1305], [11.1096, 0.2611], [14.2505, 0.5222], [23.3874, 0.0]], [[3.1148, 0.0], [6.5412, 0.0], [8.5399, 0.1305], [11.1096, 0.2611], [6.2556, 0.0], [18.5334, 0.1305]], [[3.1148, 0.0], [4.2569, 0.0], [8.5399, 0.1305], [11.1096, 0.2611], [15.3926, 0.3916], [17.3913, 0.7833]], [[3.1148, 0.0], [4.2569, 0.0], [8.5399, 0.1305], [11.1096, 0.2611], [15.6781, 1.1749], [18.5334, 0.1305]], [[3.1148, 0.0], [4.2569, 0.0], [8.5399, 0.1305], [11.1096, 0.2611], [15.3926, 1.436], [13.1083, 0.0]], [[3.1148, 0.0], [4.2569, 0.0], [8.5399, 0.1305], [11.1096, 0.2611], [16.2492, -1.8277], [22.8163, 16.5798]]]",0.9132,0.0,0.0,0.0,0.0,0.0,0.0,True,[3],0.0,0.0,0.0,1.5882,8.0,0.5846,1.9385,0.3407,0.6393,1.1656,1.5882,"[[3.115, 0.0], [6.541, 0.0], [8.54, 0.131], [11.11, 0.261], [14.25, 0.522], [18.819, 0.783]]",ok,4.9093,0.0,0.0,0.0,0.0,0.0,0.0,0.0,0.0,0.0,e80bfd61023745b0a97caae3ff4a1727,scene-0972,42
0.9014,3.1125,5.0335,0.6838,1.7773,2.8036,0.0,0.0,0.0,0.0,0.0,0.0,0.0,0.0,0.0,ok,straight,0.9014,2.827,5.0335,0.6838,1.7059,2.756,True,"[-0.1305, -0.1305, -0.1958, -0.0, -0.1305, -0.0653, -0.5875, -8.2899]","[-461.7476, -626.0015, -1692.4684, -2020.3946, -4530.6209, -4562.2932, -22874.1035, -32033.1754]","[4.101, 3.7447, -1001689.4875, -1002017.7554, -1004527.64, -1004559.654, -1022871.4643, -1032030.1945]","[2.756, 2.471, 1.979, 3.853, 2.219, 2.574, 2.901, 5.516]","[[[1.6871, 0.0], [3.6858, 0.0], [4.5424, 0.0], [6.8267, -0.1305], [7.3977, -0.2611], [9.1109, -0.2611]], [[1.6871, 0.0], [3.6858, 0.0], [5.399, -0.2611], [7.6833, -0.2611], [7.3977, -0.2611], [9.1109, -0.2611]], [[1.6871, 0.0], [3.6858, 0.0], [4.5424, 0.0], [6.8267, -0.1305], [11.1096, -0.9138], [10.253, -0.3916]], [[1.6871, 0.0], [3.6858, 0.0], [5.399, -0.2611], [7.6833, -0.2611], [7.6833, -0.1305], [0.545, 0.0]], [[1.6871, 0.0], [3.6858, 0.0], [4.5424, 0.0], [6.8267, -0.1305], [11.9662, -1.436], [8.8254, -0.2611]], [[1.6871, 0.0], [3.6858, 0.0], [5.399, -0.2611], [7.6833, -0.2611], [11.1096, -0.5222], [4.828, 0.1305]], [[1.6871, 0.0], [3.6858, 0.0], [5.399, -0.2611], [7.6833, -0.2611], [3.4003, -0.1305], [17.6768, -1.1749]], [[1.6871, 0.0], [3.6858, 0.0], [4.5424, 0.0], [6.8267, -0.1305], [2.8293, 0.0], [14.536, 16.5798]]]",1.0742,0.0,0.0,0.0,0.0,0.0,0.0,True,[3],0.0,0.0,0.0,1.979,8.0,0.9014,2.827,3.8885,0.6838,1.7059,1.979,"[[1.687, 0.0], [3.686, 0.0], [4.542, 0.0], [6.827, -0.131], [7.398, -0.261], [9.111, -0.261]]",ok,5.5162,0.0,0.0,0.0,0.0,0.0,0.0,0.0,0.0,0.0,d6ff96145885480eae142252fffa6c66,scene-0972,42
2.3535,3.5719,5.1326,1.6445,2.576,3.3448,0.0,0.0,0.0,0.0,0.0,0.0,0.0,0.0,0.0,ok,straight,0.9748,4.6397,5.1326,0.9556,2.4334,3.2497,True,"[-1.2402, -2.7415, -1.2402, -8.2899, -8.2899, -1.5666, -0.6527, -0.0653]","[-676.7292, -1836.9915, -3462.1163, -21968.3669, -37627.7065, -107790.9846, -115503.6213, -137207.0456]","[4.1238, -1001834.4138, -1003457.6623, -1021963.913, -1037623.2526, -1107786.5307, -1115501.0436, -1137204.4679]","[3.25, 3.464, 3.523, 6.258, 7.578, 10.326, 9.558, 10.391]","[[[2.8293, 0.0], [6.5412, 0.6527], [7.9688, 1.0444], [9.3964, 1.436], [13.1083, 2.4804], [15.9636, 2.4804]], [[2.8293, 0.0], [6.5412, 0.6527], [7.9688, 1.0444], [9.3964, 1.436], [13.3939, 4.3081], [22.5308, 5.4831]], [[2.8293, 0.0], [6.5412, 0.6527], [7.9688, 0.6527], [7.6833, 0.7833], [13.1083, 2.4804], [15.9636, 2.4804]], [[2.8293, 0.0], [6.5412, 0.6527], [7.9688, 0.6527], [7.6833, 0.7833], [10.8241, 1.8277], [10.5386, -16.5798]], [[2.8293, 0.0], [6.5412, 0.6527], [7.9688, 0.6527], [7.6833, 0.7833], [11.6807, 16.5798], [15.3926, 16.5798]], [[2.8293, 0.0], [6.5412, 0.6527], [7.9688, 0.6527], [7.6833, 0.7833], [15.9636, 0.6527], [69.6432, 3.1332]], [[2.8293, 0.0], [6.5412, 0.6527], [7.9688, 1.0444], [9.3964, 1.436], [17.6768, 16.5798], [52.2259, 1.3055]], [[2.8293, 0.0], [6.5412, 0.6527], [7.9688, 1.0444], [9.3964, 1.436], [14.536, -1.436], [69.6432, 0.1305]]]",2.922,0.0,0.0,0.0,0.0,0.0,0.0,True,[3],0.0,0.0,0.0,3.2497,8.0,0.9748,4.6397,5.1326,0.9556,2.4334,3.2497,"[[2.829, 0.0], [6.541, 0.653], [7.969, 1.044], [9.396, 1.436], [13.108, 2.48], [15.964, 2.48]]",ok,10.3912,0.0,0.0,0.0,0.0,0.0,0.0,0.0,0.0,0.0,c1682fd7aaea47189d8820dd0abe8a32,scene-0972,42
0.8211,1.6163,1.1368,0.5645,1.0704,1.1595,0.0,0.0,0.0,0.0,0.0,0.0,0.0,0.0,0.0,ok,straight,0.8211,1.6163,1.1368,0.5645,1.0704,1.1595,False,"[-0.1305, -0.1305, -0.5222, -0.1305, -0.2611, -5.222, -0.0, -0.0653]","[-22.3137, -102.9667, -321.4904, -741.5869, -1831.2065, -5410.2031, -7851.7213, -79601.1748]","[3.8253, 3.8221, 3.5798, 3.5265, -1001828.522, -1005407.5185, -1007849.0367, -1079598.2194]","[1.16, 1.265, 2.016, 1.085, 3.031, 2.503, 1.766, 9.46]","[[[3.4003, 0.0], [6.5412, 0.0], [9.3964, -0.1305], [12.8228, -0.1305], [16.2492, -0.1305], [19.9611, -0.2611]], [[3.4003, 0.0], [6.5412, 0.0], [9.3964, -0.1305], [12.8228, -0.1305], [17.1058, -0.1305], [23.6729, -0.2611]], [[3.4003, 0.0], [6.5412, 0.0], [9.3964, -0.1305], [12.8228, -0.1305], [14.2505, -0.2611], [16.8202, -1.0444]], [[3.4003, 0.0], [6.5412, 0.0], [10.5386, 0.1305], [12.2517, -0.1305], [16.2492, -0.1305], [19.9611, -0.2611]], [[3.4003, 0.0], [6.5412, 0.0], [10.5386, 0.1305], [12.2517, -0.1305], [14.2505, -0.1305], [10.253, -0.5222]], [[3.4003, 0.0], [6.5412, 0.0], [10.5386, 0.1305], [12.2517, -0.1305], [16.8202, -0.3916], [23.3874, -10.444]], [[3.4003, 0.0], [6.5412, 0.0], [10.5386, 0.1305], [12.2517, -0.1305], [18.8189, -0.2611], [15.3926, 0.0]], [[3.4003, 0.0], [6.5412, 0.0], [9.3964, -0.1305], [12.8228, -0.1305], [21.6742, -0.1305], [69.6432, -0.1305]]]",2.6022,0.0,0.0,0.0,0.0,0.0,0.0,True,[3],0.0,0.0,0.0,1.0849,8.0,0.8211,2.1852,1.1368,0.5645,0.9585,1.0849,"[[3.4, 0.0], [6.541, 0.0], [9.396, -0.131], [12.823, -0.131], [16.249, -0.131], [19.961, -0.261]]",ok,9.4603,0.0,0.0,0.0,0.0,0.0,0.0,0.0,0.0,0.0,82c379e1de1245e4b18822e277d2a0eb,scene-0972,42
2.2539,3.5006,6.1795,1.5611,2.2667,3.6358,0.0,0.0,0.0,0.0,0.0,0.0,0.0,0.0,0.0,ok,straight,2.2539,3.5006,6.1795,1.5611,2.2667,3.6358,False,"[-0.0, -0.0653, -0.0653, -0.2611, -0.0653, -0.0653, -0.0653, -0.1305]","[-326.5156, -568.2343, -869.3687, -882.4444, -1060.895, -1887.7043, -5915.7896, -123983.2843]","[4.3111, -1000565.3327, -1000866.7055, -1000879.7811, -1001058.2318, -1001884.8027, -1005912.888, -1123980.3827]","[4.874, 3.874, 3.636, 4.78, 3.732, 4.877, 2.732, 6.73]","[[[3.1148, 0.0], [6.5412, 0.0], [8.5399, 0.0], [11.1096, -0.1305], [15.6781, -0.3916], [23.1019, 0.0]], [[3.1148, 0.0], [6.5412, 0.0], [9.3964, 0.0], [11.6807, -0.1305], [15.3926, -0.1305], [15.9636, -0.1305]], [[3.1148, 0.0], [6.5412, 0.0], [8.5399, 0.0], [11.1096, -0.1305], [15.3926, -0.1305], [15.9636, -0.1305]], [[3.1148, 0.0], [6.5412, 0.0], [8.5399, 0.0], [11.1096, -0.1305], [14.8215, -0.2611], [23.3874, 0.5222]], [[3.1148, 0.0], [6.5412, 0.0], [8.5399, 0.0], [11.1096, -0.1305], [12.8228, -0.2611], [19.1045, 0.1305]], [[3.1148, 0.0], [6.5412, 0.0], [9.3964, 0.0], [11.6807, -0.1305], [17.6768, -0.6527], [19.6755, 0.1305]], [[3.1148, 0.0], [6.5412, 0.0], [9.3964, 0.0], [11.6807, -0.1305], [9.1109, 0.0], [15.3926, -0.1305]], [[3.1148, 0.0], [6.5412, 0.0], [9.3964, 0.0], [11.6807, -0.1305], [33.0954, 0.0], [15.3926, -0.2611]]]",1.1244,0.0,0.0,0.0,0.0,0.0,0.0,False,[3],0.0,0.0,0.0,2.7317,8.0,2.2539,4.0714,5.6085,1.5611,2.6235,2.7317,"[[3.115, 0.0], [6.541, 0.0], [8.54, 0.0], [11.11, -0.131], [15.393, -0.131], [15.964, -0.131]]",ok,6.7295,0.0,0.0,0.0,0.0,0.0,0.0,0.0,0.0,0.0,cb4504edb87a40d4b650cd5860f6c3b7,scene-1059,42
3.6607,6.4419,9.687,2.8038,4.3117,5.6442,0.0,0.0,0.0,0.0,0.0,0.0,0.0,0.0,0.0,ok,straight,3.6607,6.4419,8.2672,2.8038,4.3165,5.4107,True,"[-1.8277, -1.8277, -3.6554, -1.8277, -2.8721, -3.6554, -2.7415, -1.6971]","[-54.2225, -48.1677, -543.6788, -1990.4146, -2871.0494, -12091.3243, -64058.4137, -171632.0944]","[4.0176, 3.8304, -1000541.0976, -1001987.8335, -1002868.6556, -1012088.9304, -1064055.8326, -1171629.7006]","[5.411, 5.319, 6.057, 5.091, 7.241, 6.44, 10.632, 10.037]","[[[3.1148, -0.1305], [5.9701, -0.3916], [8.5399, -0.9138], [11.1096, -1.436], [13.1083, -2.4804], [15.9636, -3.6554]], [[2.8293, -0.1305], [5.6846, -0.5222], [8.5399, -0.9138], [11.1096, -1.436], [13.1083, -2.4804], [15.9636, -3.6554]], [[3.1148, -0.1305], [5.9701, -0.3916], [8.5399, -0.9138], [11.1096, -1.436], [13.6794, -2.4804], [17.6768, -7.3108]], [[3.1148, -0.1305], [5.9701, -0.3916], [8.5399, -0.9138], [11.1096, -1.436], [11.1096, -1.5666], [16.2492, -3.6554]], [[2.8293, -0.1305], [5.6846, -0.5222], [8.5399, -0.9138], [11.1096, -1.436], [18.5334, -2.0888], [21.9598, -5.7442]], [[2.8293, -0.1305], [5.6846, -0.5222], [8.5399, -0.9138], [11.1096, -1.436], [10.8241, -1.9582], [24.244, -7.3108]], [[3.1148, -0.1305], [5.9701, -0.3916], [8.5399, -0.9138], [11.1096, -1.436], [31.9533, -1.8277], [28.8125, -5.4831]], [[2.8293, -0.1305], [5.6846, -0.5222], [8.5399, -0.9138], [11.1096, -1.436], [28.8125, 16.5798], [23.6729, -3.3943]]]",2.0207,0.0,0.0,0.0,0.0,0.0,0.0,True,[3],0.0,0.0,0.0,5.091,8.0,3.6607,6.4419,8.5302,2.8038,4.3165,5.091,"[[3.115, -0.131], [5.97, -0.392], [8.54, -0.914], [11.11, -1.436], [13.108, -2.48], [15.964, -3.655]]",ok,10.6317,0.0,0.0,0.0,0.0,0.0,0.0,0.0,0.0,0.0,b4b81cfd5d734881ad386e5c2b00ed4a,scene-1059,42
2.7506,6.7278,10.1313,2.0587,3.9236,5.8427,0.0,0.0,1.0,0.0,0.0,1.0,0.0,0.0,0.3333333333333333,ok,straight,3.3353,6.7278,10.1313,2.6417,4.2151,6.037,False,"[-2.7415, -2.7415, -3.5901, -3.3943, -3.1985, -3.9818, -1.9582, -4.9609]","[-161.4268, -143.7945, -1386.4175, -3641.7233, -4864.7387, -43911.3983, -132510.9608, -185083.4087]","[3.6713, 3.6531, -1001384.1336, -1003639.4209, -1004862.4547, -1043909.1143, -1132508.6584, -1185081.1062]","[5.843, 6.037, 5.959, 6.905, 6.556, 7.793, 7.202, 9.157]","[[[1.9727, -0.1305], [3.9714, -0.5222], [6.5412, -1.0444], [8.5399, -2.4804], [10.5386, -4.5692], [11.1096, -5.4831]], [[2.5437, -0.2611], [4.5424, -0.6527], [6.5412, -1.0444], [8.5399, -2.4804], [10.5386, -4.5692], [11.1096, -5.4831]], [[2.5437, -0.2611], [4.5424, -0.6527], [6.5412, -1.0444], [8.5399, -2.4804], [11.1096, -3.3943], [9.1109, -7.1802]], [[1.9727, -0.1305], [3.9714, -0.5222], [6.5412, -1.0444], [8.5399, -2.4804], [14.2505, -5.4831], [13.3939, -6.7886]], [[2.5437, -0.2611], [4.5424, -0.6527], [6.5412, -1.0444], [8.5399, -2.4804], [13.9649, -3.6554], [10.8241, -6.3969]], [[2.5437, -0.2611], [4.5424, -0.6527], [6.5412, -1.0444], [8.5399, -2.4804], [9.682, -16.5798], [11.6807, -7.9635]], [[1.9727, -0.1305], [3.9714, -0.5222], [6.5412, -1.0444], [8.5399, -2.4804], [10.253, 16.5798], [10.5386, -3.9165]], [[1.9727, -0.1305], [3.9714, -0.5222], [6.5412, -1.0444], [8.5399, -2.4804], [19.1045, 16.5798], [14.536, -9.9218]]]",1.0512,0.0,0.0,1.0,0.0,0.0,1.0,True,[3],0.0,0.0,0.3333333333333333,5.8427,8.0,2.7506,6.7278,10.1313,2.0587,3.9236,5.8427,"[[2.544, -0.261], [4.542, -0.653], [6.541, -1.044], [8.54, -2.48], [10.539, -4.569], [11.11, -5.483]]",ok,9.1566,0.0,0.0,0.0,0.0,0.0,0.0,0.0,0.0,0.0,913104aa7a4f4917a651fdc062c7fc30,scene-1059,42
2.6596,2.9175,2.9145,2.0237,2.4873,2.5626,0.0,0.0,0.0,0.0,0.0,0.0,0.0,0.0,0.0,ok,straight,1.2348,2.978,2.9145,1.3113,2.1463,2.2449,True,"[-1.6319, -2.1541, -2.1541, -1.8277, -1.5666, -1.0444, -8.2899, -2.0235]","[-751.4074, -683.5123, -660.0206, -822.3296, -1365.601, -4633.9628, -21221.148, -187389.1544]","[3.6951, 3.457, 2.0433, -1000820.92, -1001362.7773, -1004632.5532, -1021219.7383, -1187386.3307]","[2.149, 2.245, 2.102, 2.417, 2.855, 2.917, 4.537, 6.391]","[[[2.8293, -0.1305], [4.5424, -0.1305], [8.5399, -0.5222], [11.1096, -1.5666], [12.8228, -2.0888], [16.8202, -3.2637]], [[2.8293, -0.1305], [4.5424, -0.1305], [8.5399, -0.5222], [11.1096, -1.5666], [13.1083, -2.0888], [16.2492, -4.3081]], [[2.2582, -0.1305], [4.2569, -0.2611], [8.5399, -0.5222], [11.1096, -1.5666], [13.1083, -2.0888], [16.2492, -4.3081]], [[2.2582, -0.1305], [4.2569, -0.2611], [8.5399, -0.5222], [11.1096, -1.5666], [11.1096, -1.8277], [8.5399, -3.6554]], [[2.8293, -0.1305], [4.5424, -0.1305], [8.5399, -0.5222], [11.1096, -1.5666], [14.536, -0.7833], [19.6755, -3.1332]], [[2.2582, -0.1305], [4.2569, -0.2611], [8.5399, -0.5222], [11.1096, -1.5666], [12.5373, -1.3055], [23.1019, -2.0888]], [[2.2582, -0.1305], [4.2569, -0.2611], [8.5399, -0.5222], [11.1096, -1.5666], [11.3952, -2.2193], [17.1058, 16.5798]], [[2.8293, -0.1305], [4.5424, -0.1305], [8.5399, -0.5222], [11.1096, -1.5666], [37.6639, -3.2637], [17.1058, -4.047]]]",1.4143,0.0,0.0,0.0,0.0,0.0,0.0,True,[3],0.0,0.0,0.0,2.1021,8.0,0.947,2.978,2.9145,0.8829,1.9321,2.1021,"[[2.829, -0.131], [4.542, -0.131], [8.54, -0.522], [11.11, -1.567], [13.108, -2.089], [16.249, -4.308]]",ok,6.3907,0.0,0.0,0.0,0.0,0.0,0.0,0.0,0.0,0.0,e0c4e822835f4a2e925dec94a835d5ab,scene-1059,42
2.2786,4.9504,5.5295,1.6974,3.0175,3.6334,0.0,0.0,0.0,0.0,0.0,0.0,0.0,0.0,0.0,ok,straight,2.2786,4.9504,5.5295,1.6974,3.0175,3.6334,False,"[-0.1305, -0.0653, -0.0653, -0.1305, -0.0653, -0.2611, -6.9191, -0.2611]","[-14.3908, -373.7024, -351.7458, -3217.1314, -4754.8588, -8701.5885, -9840.7011, -17256.2508]","[3.6091, 3.5747, 3.4769, -1003214.987, -1004752.7144, -1008699.4441, -1009838.455, -1017254.0047]","[4.156, 3.633, 3.728, 2.605, 4.827, 4.252, 5.029, 3.355]","[[[3.1148, 0.0], [5.9701, 0.0], [8.5399, 0.0], [11.1096, 0.1305], [13.6794, 0.0], [15.9636, 0.2611]], [[3.1148, 0.0], [5.9701, 0.0], [8.5399, 0.0], [11.1096, 0.1305], [15.3926, 0.1305], [17.3913, 0.1305]], [[3.1148, 0.0], [5.9701, 0.0], [7.9688, 0.1305], [11.1096, -0.1305], [15.3926, 0.1305], [17.3913, 0.1305]], [[3.1148, 0.0], [5.9701, 0.0], [7.9688, 0.1305], [11.1096, -0.1305], [18.8189, 0.2611], [20.8176, -0.2611]], [[3.1148, 0.0], [5.9701, 0.0], [7.9688, 0.1305], [11.1096, -0.1305], [15.6781, 0.3916], [10.5386, 0.1305]], [[3.1148, 0.0], [5.9701, 0.0], [7.9688, 0.1305], [11.1096, -0.1305], [17.6768, -0.1305], [11.9662, 0.5222]], [[3.1148, 0.0], [5.9701, 0.0], [8.5399, 0.0], [11.1096, 0.1305], [15.6781, 0.1305], [19.6755, -13.8383]], [[3.1148, 0.0], [5.9701, 0.0], [8.5399, 0.0], [11.1096, 0.1305], [21.3887, 0.5222], [16.8202, 0.5222]]]",0.7399,0.0,0.0,0.0,0.0,0.0,0.0,True,[3],0.0,0.0,0.0,2.605,8.0,2.2786,4.9428,2.1138,1.6974,3.1595,2.605,"[[3.115, 0.0], [5.97, 0.0], [8.54, 0.0], [11.11, 0.131], [15.393, 0.131], [17.391, 0.131]]",ok,5.0288,0.0,0.0,0.0,0.0,0.0,0.0,0.0,0.0,0.0,e74b8ce0b1824e0c8167f2534d8d4f7d,scene-1060,42
0.4037,1.0893,2.5541,0.3695,0.6858,1.3589,0.0,0.0,0.0,0.0,0.0,0.0,0.0,0.0,0.0,ok,straight,0.4037,1.5171,2.5541,0.3695,0.9558,1.5289,False,"[-0.1305, -0.1305, -0.5222, -0.5222, -2.2846, -0.5222, -0.1305, -1.1749]","[-643.0558, -682.7302, -1671.3361, -1782.804, -2773.1502, -9184.3803, -12158.0121, -71386.942]","[3.681, 3.6806, -1001668.9732, -1001780.4411, -1002770.7886, -1009182.0173, -1012155.6505, -1071384.5805]","[1.349, 1.529, 1.643, 1.944, 1.668, 2.319, 2.296, 4.037]","[[[3.6858, 0.0], [7.3977, 0.0], [11.1096, 0.0], [15.3926, 0.1305], [17.3913, 0.2611], [21.9598, 0.2611]], [[3.6858, 0.0], [7.3977, 0.0], [10.253, 0.0], [14.8215, 0.0], [17.3913, 0.2611], [21.9598, 0.2611]], [[3.6858, 0.0], [7.3977, 0.0], [10.253, 0.0], [14.8215, 0.0], [16.5347, 1.436], [21.3887, 1.0444]], [[3.6858, 0.0], [7.3977, 0.0], [10.253, 0.0], [14.8215, 0.0], [19.39, 0.1305], [30.2401, 1.0444]], [[3.6858, 0.0], [7.3977, 0.0], [11.1096, 0.0], [15.3926, 0.1305], [19.1045, 1.436], [23.6729, -4.5692]], [[3.6858, 0.0], [7.3977, 0.0], [10.253, 0.0], [14.8215, 0.0], [22.2453, -0.2611], [16.8202, 1.0444]], [[3.6858, 0.0], [7.3977, 0.0], [11.1096, 0.0], [15.3926, 0.1305], [22.5308, 2.7415], [15.9636, 0.2611]], [[3.6858, 0.0], [7.3977, 0.0], [11.1096, 0.0], [15.3926, 0.1305], [13.3939, -10.5745], [31.6678, 2.3499]]]",0.8022,0.0,0.0,0.0,0.0,0.0,0.0,True,[3],0.0,0.0,0.0,1.3488,8.0,0.4037,1.0893,2.5541,0.3695,0.6858,1.3488,"[[3.686, 0.0], [7.398, 0.0], [10.253, 0.0], [14.822, 0.0], [17.391, 0.261], [21.96, 0.261]]",ok,4.0367,0.0,0.0,0.0,0.0,0.0,0.0,0.0,0.0,0.0,2b92bd1ee0d042fc982e0f2d9e118fb2,scene-1060,42
1.3782,3.7962,6.9652,1.1035,2.3503,3.5518,0.0,0.0,0.0,0.0,0.0,0.0,0.0,0.0,0.0,ok,right,1.0877,3.7962,6.9652,0.8161,2.2066,3.4796,True,"[2.6763, 2.6763, 8.2899, 3.7207, 2.3499, 2.8068, 0.9791, 2.8068]","[-489.8047, -3038.2841, -3291.1912, -7101.6282, -10678.2512, -140903.8911, -153681.6268, -158656.0022]","[3.0682, -1003035.9069, -1003288.6548, -1007099.0918, -1010675.874, -1140901.3547, -1153679.2495, -1158653.6249]","[3.48, 4.271, 4.212, 2.697, 3.828, 5.75, 11.245, 11.585]","[[[3.4003, -0.1305], [6.8267, -0.9138], [8.5399, -1.436], [12.2517, -2.4804], [15.107, -3.6554], [17.3913, -5.3525]], [[3.4003, -0.1305], [6.8267, -0.9138], [7.3977, -1.0444], [8.8254, -1.436], [15.107, -3.6554], [17.3913, -5.3525]], [[3.4003, -0.1305], [6.8267, -0.9138], [8.5399, -1.436], [12.2517, -2.4804], [15.9636, -5.7442], [15.9636, -16.5798]], [[3.4003, -0.1305], [6.8267, -0.9138], [8.5399, -1.436], [12.2517, -2.4804], [20.2466, -3.0026], [18.8189, -7.4413]], [[3.4003, -0.1305], [6.8267, -0.9138], [7.3977, -1.0444], [8.8254, -1.436], [18.5334, -0.7833], [19.9611, -4.6998]], [[3.4003, -0.1305], [6.8267, -0.9138], [8.5399, -1.436], [12.2517, -2.4804], [14.8215, 16.5798], [21.1032, -5.6136]], [[3.4003, -0.1305], [6.8267, -0.9138], [7.3977, -1.0444], [8.8254, -1.436], [12.5373, -2.0888], [69.6432, -1.9582]], [[3.4003, -0.1305], [6.8267, -0.9138], [7.3977, -1.0444], [8.8254, -1.436], [13.6794, 3.1332], [69.6432, -5.6136]]]",3.2943,0.0,0.0,0.0,0.0,0.0,0.0,True,[3],0.0,0.0,0.0,2.6973,8.0,1.0877,3.7962,5.2739,0.8161,2.2066,2.6973,"[[3.4, -0.131], [6.827, -0.914], [8.54, -1.436], [12.252, -2.48], [15.107, -3.655], [17.391, -5.353]]",ok,11.5854,0.0,0.0,0.0,0.0,0.0,0.0,0.0,0.0,0.0,15f61a56df7a4ecab63dda6cff25e7a0,scene-1060,42
3.4665,6.6796,10.2514,2.4443,4.0041,5.8808,0.0,0.0,0.0,0.0,0.0,0.0,0.0,0.0,0.0,ok,straight,3.4665,6.6796,8.5382,2.4443,4.2183,5.0719,True,"[-0.1305, -0.5222, -0.0653, -0.0653, -0.1958, -0.1305, -0.1305, -0.1958]","[-54.1573, -1559.3639, -1949.9239, -2247.1136, -928.1717, -1167.2264, -2433.3558, -3903.1151]","[4.5778, -1001556.7422, -1001947.3023, -1002244.4919, -2001811.0129, -2002050.0676, -2003316.197, -2004785.9563]","[6.357, 4.236, 5.073, 6.263, 6.025, 6.501, 6.216, 7.027]","[[[3.9714, 0.0], [7.3977, 0.0], [11.1096, -0.1305], [15.3926, -0.1305], [18.8189, -0.1305], [21.3887, -0.2611]], [[3.9714, 0.0], [7.3977, 0.0], [11.1096, -0.1305], [15.3926, -0.1305], [23.9585, 0.0], [38.235, -1.0444]], [[3.9714, 0.0], [7.3977, 0.0], [11.1096, -0.1305], [15.3926, -0.1305], [22.8163, -0.2611], [25.1006, 0.1305]], [[3.9714, 0.0], [7.3977, 0.0], [11.1096, -0.1305], [15.3926, -0.1305], [16.8202, -0.2611], [23.9585, 0.1305]], [[3.9714, 0.0], [7.3977, 0.0], [9.9675, -0.5222], [15.6781, -0.1305], [19.6755, -0.1305], [23.3874, -0.3916]], [[3.9714, 0.0], [7.3977, 0.0], [9.9675, -0.5222], [15.6781, -0.1305], [18.8189, -0.1305], [21.3887, -0.2611]], [[3.9714, 0.0], [7.3977, 0.0], [9.9675, -0.5222], [15.6781, -0.1305], [17.9623, 0.0], [23.9585, -0.2611]], [[3.9714, 0.0], [7.3977, 0.0], [9.9675, -0.5222], [15.6781, -0.1305], [20.5321, -0.1305], [16.5347, 0.3916]]]",0.8299,0.0,0.0,0.0,0.0,0.0,0.0,False,[3],0.0,0.0,0.0,4.2356,8.0,3.4665,6.6796,4.6563,2.4443,4.2183,4.2356,"[[3.971, 0.0], [7.398, 0.0], [11.11, -0.131], [15.393, -0.131], [22.816, -0.131], [25.101, -0.261]]",ok,7.027,0.0,0.0,0.0,0.0,0.0,0.0,0.0,0.0,0.0,463599ceb9a1454a90b192c29878a5f4,scene-1060,42
1.3845,2.1973,1.0081,1.0977,1.4651,1.3575,0.0,0.0,0.0,0.0,0.0,0.0,0.0,0.0,0.0,ok,straight,1.3845,1.378,1.0081,1.0977,1.1906,1.1745,True,"[-0.0653, -0.1305, -0.1305, -0.4569, -0.5875, -0.6527, -0.0653, -0.1305]","[-65.8462, -68.1037, -91.5165, -1630.8319, -3483.3068, -4950.8578, -10762.577, -31645.9506]","[2.7599, 2.4904, 2.4738, -1001629.6276, -1003482.1025, -1004949.6678, -1010761.3728, -1031644.7606]","[1.334, 1.127, 1.175, 2.286, 2.128, 2.128, 2.195, 2.866]","[[[3.1148, 0.0], [6.5412, -0.1305], [9.1109, -0.1305], [12.2517, -0.1305], [15.6781, 0.0], [19.1045, -0.1305]], [[3.4003, 0.0], [5.9701, -0.1305], [9.1109, -0.1305], [12.2517, -0.1305], [15.3926, -0.2611], [17.3913, -0.2611]], [[3.1148, 0.0], [6.5412, -0.1305], [9.1109, -0.1305], [12.2517, -0.1305], [15.3926, -0.2611], [17.3913, -0.2611]], [[3.4003, 0.0], [5.9701, -0.1305], [9.1109, -0.1305], [12.2517, -0.1305], [19.1045, -0.2611], [22.2453, -0.9138]], [[3.4003, 0.0], [5.9701, -0.1305], [9.1109, -0.1305], [12.2517, -0.1305], [14.536, -0.1305], [25.3861, -1.1749]], [[3.1148, 0.0], [6.5412, -0.1305], [9.1109, -0.1305], [12.2517, -0.1305], [19.6755, -2.4804], [20.2466, -1.3055]], [[3.4003, 0.0], [5.9701, -0.1305], [9.1109, -0.1305], [12.2517, -0.1305], [20.2466, -0.2611], [15.3926, -0.1305]], [[3.1148, 0.0], [6.5412, -0.1305], [9.1109, -0.1305], [12.2517, -0.1305], [24.5295, 0.2611], [15.9636, -0.2611]]]",0.5828,0.0,0.0,0.0,0.0,0.0,0.0,True,[3],0.0,0.0,0.0,1.1271,8.0,0.8152,1.378,1.0081,0.9555,1.1195,1.1271,"[[3.115, 0.0], [6.541, -0.131], [9.111, -0.131], [12.252, -0.131], [15.393, -0.261], [17.391, -0.261]]",ok,2.8656,0.0,0.0,0.0,0.0,0.0,0.0,0.0,0.0,0.0,79f6489272c24d3ebc5e225ce6ff2aea,scene-1061,42
0.257,0.6182,2.185,0.2998,0.354,0.8939,0.0,0.0,0.0,0.0,0.0,0.0,0.0,0.0,0.0,ok,straight,0.257,0.6182,2.4859,0.2998,0.354,0.7629,True,"[-0.0653, -0.0653, -0.1305, -0.2611, -0.1958, -0.1305, -0.0653, -0.0653]","[-492.9755, -309.8566, -46.585, -628.6091, -924.5128, -2171.1332, -4743.5386, -50371.1726]","[3.5641, 3.4957, 2.5625, -1000626.3037, -1000922.2075, -1002168.8278, -1004741.3128, -1050368.9468]","[1.283, 0.837, 0.894, 1.989, 2.229, 1.432, 1.55, 4.449]","[[[4.2569, 0.0], [8.5399, 0.0], [10.8241, -0.1305], [13.9649, 0.0], [19.6755, -0.2611], [25.3861, 0.1305]], [[4.2569, 0.0], [8.5399, 0.0], [12.5373, -0.1305], [16.8202, -0.1305], [20.2466, -0.9138], [25.1006, 0.1305]], [[4.2569, 0.0], [8.5399, 0.0], [12.5373, -0.1305], [16.8202, -0.1305], [21.3887, -0.1305], [24.8151, -0.2611]], [[4.2569, 0.0], [8.5399, 0.0], [10.8241, -0.1305], [13.9649, 0.0], [19.9611, -0.3916], [29.3835, -0.5222]], [[4.2569, 0.0], [8.5399, 0.0], [10.8241, -0.1305], [13.9649, 0.0], [20.2466, -0.5222], [30.5257, 0.3916]], [[4.2569, 0.0], [8.5399, 0.0], [10.8241, -0.1305], [13.9649, 0.0], [21.3887, -0.1305], [24.8151, -0.2611]], [[4.2569, 0.0], [8.5399, 0.0], [12.5373, -0.1305], [16.8202, -0.1305], [21.9598, 0.3916], [17.1058, -0.1305]], [[4.2569, 0.0], [8.5399, 0.0], [12.5373, -0.1305], [16.8202, -0.1305], [24.8151, 3.1332], [3.4003, 0.1305]]]",1.0865,0.0,0.0,0.0,0.0,0.0,0.0,True,[3],0.0,0.0,0.0,0.8366,8.0,0.257,0.6182,2.4859,0.2998,0.354,0.8366,"[[4.257, 0.0], [8.54, 0.0], [12.537, -0.131], [16.82, -0.131], [20.247, -0.261], [25.101, 0.131]]",ok,4.4493,0.0,0.0,0.0,0.0,0.0,0.0,0.0,0.0,0.0,89a1ce70fcc4404a8d34cca07523f07b,scene-1061,42
0.3791,1.3535,4.2367,0.2086,0.5924,1.6374,0.0,0.0,0.0,0.0,0.0,0.0,0.0,0.0,0.0,ok,straight,0.8772,2.9734,4.2473,0.593,1.3645,1.7717,False,"[-0.1305, -0.2611, -0.1958, -0.1305, -0.1305, -0.4569, -0.1958, -0.0]","[-643.7382, -3281.2099, -4665.5132, -9943.7689, -17553.9947, -24804.9126, -57899.5183, -79239.1235]","[3.0599, -1003279.5425, -1004663.8458, -1009942.1015, -1017552.2921, -1024803.2452, -1057897.8157, -1079237.4209]","[1.78, 2.321, 1.133, 2.295, 1.936, 2.773, 3.443, 2.915]","[[[3.6858, 0.0], [7.3977, -0.1305], [11.1096, -0.1305], [15.3926, -0.1305], [17.3913, -0.1305], [21.9598, -0.2611]], [[3.9714, 0.0], [8.5399, -0.1305], [12.8228, -0.3916], [19.6755, -0.1305], [24.5295, 0.1305], [20.8176, -0.5222]], [[3.9714, 0.0], [8.5399, -0.1305], [12.8228, -0.3916], [19.6755, -0.1305], [20.5321, 0.1305], [26.2427, -0.3916]], [[3.9714, 0.0], [8.5399, -0.1305], [12.8228, -0.3916], [19.6755, -0.1305], [17.3913, -0.1305], [21.9598, -0.2611]], [[3.6858, 0.0], [7.3977, -0.1305], [11.1096, -0.1305], [15.3926, -0.1305], [12.8228, 0.7833], [25.6716, -0.2611]], [[3.9714, 0.0], [8.5399, -0.1305], [12.8228, -0.3916], [19.6755, -0.1305], [17.9623, -0.9138], [33.6665, -0.9138]], [[3.6858, 0.0], [7.3977, -0.1305], [11.1096, -0.1305], [15.3926, -0.1305], [35.3797, -0.2611], [30.5257, -0.3916]], [[3.6858, 0.0], [7.3977, -0.1305], [11.1096, -0.1305], [15.3926, -0.1305], [36.2362, 0.0], [26.5282, 0.0]]]",0.6772,0.0,0.0,0.0,0.0,0.0,0.0,False,[3],0.0,0.0,0.0,1.1328,8.0,0.8772,2.9734,0.4142,0.593,1.3645,1.1328,"[[3.971, 0.0], [8.54, -0.131], [12.823, -0.392], [19.676, -0.131], [20.532, 0.131], [21.96, -0.392]]",ok,3.4426,0.0,0.0,0.0,0.0,0.0,0.0,0.0,0.0,0.0,42060e0081f249d7bcb5d2a0aa4e980a,scene-1061,42
2.5437,2.4937,1.607,1.9873,2.2314,2.2757,0.0,0.0,0.0,0.0,0.0,0.0,0.0,0.0,0.0,ok,straight,1.6841,2.4937,1.8958,1.7003,2.0879,2.2757,True,"[-0.1305, -0.1305, -0.0653, -0.1305, -0.1958, -0.3264, -0.1305, -0.3916]","[-192.1289, -430.4005, -338.2292, -261.7562, -2538.6292, -6223.4846, -19433.7163, -35195.0854]","[3.5872, 3.5672, 3.3618, 2.7491, -1002537.0764, -1006221.0996, -1019431.3313, -1035193.5326]","[1.984, 2.275, 2.284, 2.229, 1.909, 4.608, 2.711, 2.96]","[[[3.1148, 0.0], [7.6833, 0.0], [11.1096, -0.1305], [14.8215, -0.1305], [19.9611, -0.1305], [26.2427, 0.2611]], [[3.1148, 0.0], [7.6833, 0.0], [11.1096, -0.1305], [14.8215, -0.1305], [17.1058, -0.2611], [21.3887, -0.2611]], [[3.1148, 0.0], [7.6833, 0.0], [11.9662, -0.1305], [14.2505, -0.2611], [16.8202, -0.6527], [21.3887, -0.1305]], [[3.1148, 0.0], [7.6833, 0.0], [11.9662, -0.1305], [14.2505, -0.2611], [17.1058, -0.2611], [21.3887, -0.2611]], [[3.1148, 0.0], [7.6833, 0.0], [11.9662, -0.1305], [14.2505, -0.2611], [19.9611, -0.3916], [20.5321, -0.3916]], [[3.1148, 0.0], [7.6833, 0.0], [11.1096, -0.1305], [14.8215, -0.1305], [11.1096, -0.2611], [13.3939, -0.6527]], [[3.1148, 0.0], [7.6833, 0.0], [11.1096, -0.1305], [14.8215, -0.1305], [25.9572, -0.1305], [20.8176, -0.2611]], [[3.1148, 0.0], [7.6833, 0.0], [11.9662, -0.1305], [14.2505, -0.2611], [27.6704, -0.2611], [20.8176, -0.7833]]]",0.8193,0.0,0.0,0.0,0.0,0.0,0.0,True,[3],0.0,0.0,0.0,1.9091,8.0,1.6841,3.0722,2.753,1.7003,2.0189,1.9091,"[[3.115, 0.0], [7.683, 0.0], [11.11, -0.131], [14.822, -0.131], [17.106, -0.261], [21.389, -0.131]]",ok,4.6079,0.0,0.0,0.0,0.0,0.0,0.0,0.0,0.0,0.0,1f7bbb7aa80e4f21a106c80392af97b9,scene-1061,42
0.4452,0.4655,2.5455,0.3513,0.3919,0.9432,0.0,0.0,0.0,0.0,0.0,0.0,0.0,0.0,0.0,ok,right,0.4452,0.3485,2.5455,0.3513,0.3626,0.8791,True,"[1.5666, -1.7624, 1.5666, 2.1541, -8.2899, 4.504, 1.8277, 0.2611]","[-39.685, -1201.7917, -1871.0241, -2189.3539, -7437.7262, -11033.7294, -18242.0388, -106754.5644]","[3.077, -1001199.6334, -1001868.8959, -1002187.1956, -1007435.5679, -1011031.6012, -1018239.9106, -1106752.4362]","[0.879, 2.242, 1.358, 0.955, 5.825, 6.003, 2.888, 5.787]","[[[1.9727, -0.1305], [3.6858, -0.2611], [5.6846, -0.7833], [7.6833, -1.8277], [9.1109, -2.4804], [10.5386, -3.1332]], [[1.9727, -0.1305], [3.6858, -0.2611], [5.6846, -0.7833], [7.6833, -1.8277], [8.8254, -1.6971], [7.3977, 3.5248]], [[1.9727, -0.1305], [3.6858, -0.2611], [6.8267, -2.0888], [9.9675, -1.8277], [9.1109, -2.4804], [10.5386, -3.1332]], [[1.9727, -0.1305], [3.6858, -0.2611], [5.6846, -0.7833], [7.6833, -1.8277], [7.1122, -2.0888], [11.9662, -4.3081]], [[1.9727, -0.1305], [3.6858, -0.2611], [5.6846, -0.7833], [7.6833, -1.8277], [10.8241, 7.5719], [11.9662, 16.5798]], [[1.9727, -0.1305], [3.6858, -0.2611], [6.8267, -2.0888], [9.9675, -1.8277], [22.5308, -6.2664], [29.3835, -9.0079]], [[1.9727, -0.1305], [3.6858, -0.2611], [6.8267, -2.0888], [9.9675, -1.8277], [11.9662, 5.222], [14.536, -3.6554]], [[1.9727, -0.1305], [3.6858, -0.2611], [6.8267, -2.0888], [9.9675, -1.8277], [9.3964, 16.5798], [2.5437, -0.5222]]]",2.1288,0.0,0.0,0.0,0.0,0.0,0.0,True,[3],0.0,0.0,0.0,0.8791,8.0,0.4452,0.3485,2.5455,0.3513,0.3626,0.8791,"[[1.973, -0.131], [3.686, -0.261], [5.685, -0.783], [7.683, -1.828], [9.111, -2.48], [10.539, -3.133]]",ok,6.0027,0.0,0.0,0.0,0.0,0.0,0.0,0.0,0.0,0.0,617899966d3e4fea9042a1f1a26b764e,scene-1062,42
0.1951,1.4429,2.3743,0.1233,0.4807,1.0225,0.0,0.0,0.0,0.0,0.0,0.0,0.0,0.0,0.0,ok,straight,0.1951,0.5687,3.8009,0.1233,0.2622,1.0196,True,"[-0.1305, -0.1305, -0.3916, -0.5875, -0.1305, -0.1305, -0.1305, -0.3264]","[-431.5227, -467.5146, -745.583, -2586.9254, -3006.0969, -7222.4398, -7844.012, -16647.7384]","[4.3935, 4.3853, -1000742.7433, -1002584.0857, -1003003.2585, -1007219.6014, -1007841.1723, -1016644.9]","[1.02, 1.006, 0.894, 0.703, 1.348, 3.401, 2.806, 1.421]","[[[3.6858, 0.0], [7.3977, 0.0], [11.9662, -0.1305], [17.3913, -0.1305], [19.9611, -0.1305], [21.9598, -0.2611]], [[3.6858, 0.0], [7.6833, 0.0], [11.9662, -0.1305], [17.3913, -0.1305], [19.9611, -0.1305], [21.9598, -0.2611]], [[3.6858, 0.0], [7.3977, 0.0], [11.9662, -0.1305], [17.3913, -0.1305], [22.2453, -0.1305], [22.5308, -0.7833]], [[3.6858, 0.0], [7.3977, 0.0], [11.9662, -0.1305], [17.3913, -0.1305], [19.39, 1.0444], [25.6716, -1.1749]], [[3.6858, 0.0], [7.6833, 0.0], [11.9662, -0.1305], [17.3913, -0.1305], [23.1019, 0.0], [20.5321, 0.2611]], [[3.6858, 0.0], [7.6833, 0.0], [11.9662, -0.1305], [17.3913, -0.1305], [19.39, -0.6527], [8.2543, -0.2611]], [[3.6858, 0.0], [7.3977, 0.0], [11.9662, -0.1305], [17.3913, -0.1305], [29.6691, -0.3916], [33.0954, -0.2611]], [[3.6858, 0.0], [7.6833, 0.0], [11.9662, -0.1305], [17.3913, -0.1305], [15.107, -0.2611], [27.0993, -0.6527]]]",0.9209,0.0,0.0,0.0,0.0,0.0,0.0,True,[3],0.0,0.0,0.0,0.7026,8.0,0.1951,0.5687,1.0353,0.1233,0.2622,0.7026,"[[3.686, 0.0], [7.398, 0.0], [11.966, -0.131], [17.391, -0.131], [19.961, -0.131], [21.96, -0.261]]",ok,3.4012,0.0,0.0,0.0,0.0,0.0,0.0,0.0,0.0,0.0,14032ef9a5194010a189dd4e822d1f5e,scene-1062,42
0.1731,1.0266,1.8623,0.2062,0.4188,0.8226,0.0,0.0,0.0,0.0,0.0,0.0,0.0,0.0,0.0,ok,right,0.9747,1.0266,5.0365,0.5256,0.5785,1.8664,False,"[3.8512, 3.5901, 3.329, 3.329, 3.4596, 2.3499, -8.2899, 4.047]","[-656.8324, -344.8744, -368.3295, -290.526, -3615.6995, -5349.66, -25192.23, -151852.8233]","[3.1363, 3.0922, 3.0248, 3.0099, -1003613.4957, -1005347.4726, -1025190.0427, -1151850.6195]","[1.939, 2.221, 1.048, 1.029, 2.161, 1.332, 4.103, 4.464]","[[[3.6858, -0.2611], [6.5412, -1.3055], [9.1109, -1.8277], [12.8228, -2.4804], [18.2479, -4.6998], [20.8176, -7.7024]], [[3.4003, -0.1305], [5.6846, -1.436], [9.1109, -1.8277], [12.8228, -2.4804], [17.9623, -4.5692], [23.1019, -7.1802]], [[3.4003, -0.1305], [5.6846, -1.436], [9.1109, -1.8277], [12.8228, -2.4804], [15.3926, -4.5692], [18.2479, -6.658]], [[3.6858, -0.2611], [6.5412, -1.3055], [9.1109, -1.8277], [12.8228, -2.4804], [15.3926, -4.5692], [18.2479, -6.658]], [[3.4003, -0.1305], [5.6846, -1.436], [9.1109, -1.8277], [12.8228, -2.4804], [19.1045, -6.7886], [20.8176, -6.9191]], [[3.6858, -0.2611], [6.5412, -1.3055], [9.1109, -1.8277], [12.8228, -2.4804], [18.2479, -6.658], [17.1058, -4.6998]], [[3.6858, -0.2611], [6.5412, -1.3055], [9.1109, -1.8277], [12.8228, -2.4804], [13.3939, -3.6554], [17.6768, 16.5798]], [[3.4003, -0.1305], [5.6846, -1.436], [9.1109, -1.8277], [12.8228, -2.4804], [13.9649, 16.5798], [18.8189, -8.0941]]]",1.2354,0.0,0.0,0.0,0.0,0.0,0.0,True,[3],0.0,0.0,0.0,1.0286,8.0,0.5851,1.0266,2.5788,0.4658,0.5486,1.0286,"[[3.4, -0.131], [5.685, -1.436], [9.111, -1.828], [12.823, -2.48], [17.962, -4.569], [20.818, -7.18]]",ok,4.4639,0.0,0.0,0.0,0.0,0.0,0.0,0.0,0.0,0.0,4baa89b0de744b06b2a89f5ff15f3c71,scene-1062,42
6.1876,11.071,17.3953,4.6034,7.3328,10.1617,0.0,0.0,0.0,0.0,0.0,0.0,0.0,0.0,0.0,ok,straight,6.1876,11.0626,18.7978,4.6034,7.3307,10.4889,False,"[-0.6527, -0.8486, -0.0, -0.0653, -0.6527, -0.0653, -0.5222, -0.6527]","[-122.1179, -536.3469, -1288.434, -2163.7353, -2285.498, -3221.9948, -13892.2581, -16653.5086]","[2.5067, 1.8122, -1001286.0356, -1002161.3369, -1002282.9717, -1003219.4685, -1013889.7318, -1016650.9824]","[10.157, 10.515, 10.817, 10.199, 10.819, 10.538, 9.432, 9.768]","[[[3.1148, 0.0], [6.2556, -0.1305], [9.1109, -0.3916], [11.1096, -0.6527], [14.2505, -1.3055], [17.3913, -1.3055]], [[3.1148, 0.0], [6.2556, -0.1305], [9.1109, -0.3916], [11.1096, -0.6527], [14.8215, -2.3499], [18.8189, -1.6971]], [[3.1148, 0.0], [6.2556, -0.1305], [9.1109, -0.3916], [11.1096, -0.6527], [14.8215, 1.436], [20.8176, 0.0]], [[3.1148, 0.0], [6.2556, -0.1305], [9.1109, -0.3916], [11.1096, -0.6527], [15.9636, -1.5666], [15.9636, 0.1305]], [[3.4003, 0.0], [6.2556, -0.1305], [9.682, -0.1305], [14.2505, -0.1305], [14.2505, -1.3055], [17.3913, -1.3055]], [[3.4003, 0.0], [6.2556, -0.1305], [9.682, -0.1305], [14.2505, -0.1305], [13.9649, 1.9582], [15.9636, -0.1305]], [[3.4003, 0.0], [6.2556, -0.1305], [9.682, -0.1305], [14.2505, -0.1305], [9.1109, -0.7833], [14.2505, -1.0444]], [[3.4003, 0.0], [6.2556, -0.1305], [9.682, -0.1305], [14.2505, -0.1305], [9.1109, -0.7833], [16.2492, -1.3055]]]",0.4613,0.0,0.0,0.0,0.0,0.0,0.0,True,[3],0.0,0.0,0.0,9.4325,8.0,6.1876,14.1851,14.2223,4.7462,8.3236,9.4325,"[[3.115, 0.0], [6.256, -0.131], [9.111, -0.392], [11.11, -0.653], [14.822, -1.305], [18.819, -1.305]]",ok,10.8187,0.0,0.0,0.0,0.0,0.0,0.0,0.0,0.0,0.0,39711a523be04ea4b5dff56099d623eb,scene-1062,42
1.1492,0.7814,1.1499,0.9605,1.0094,1.0944,0.0,0.0,0.0,0.0,0.0,0.0,0.0,0.0,0.0,ok,left,1.0989,0.7634,1.1499,1.361,1.2051,1.183,False,"[0.8486, 0.8486, -1.7624, -5.4178, 8.2899, 3.329, -8.2899, 0.9138]","[-360.0199, -2574.4555, -3297.312, -9059.8134, -16847.7268, -20890.7237, -33223.8659, -71119.7276]","[4.1359, -1002571.2138, -1003294.2622, -1009056.5717, -1016844.4851, -1020887.6739, -1033220.8161, -1071116.4859]","[1.183, 1.59, 2.427, 4.0, 3.672, 2.723, 5.26, 4.051]","[[[2.2582, 0.0], [6.2556, 0.5222], [9.1109, 0.3916], [12.8228, 0.7833], [15.3926, 1.0444], [17.3913, 1.6971]], [[2.2582, 0.0], [6.2556, 0.5222], [11.6807, 0.3916], [15.9636, 1.8277], [15.3926, 1.0444], [17.3913, 1.6971]], [[2.2582, 0.0], [6.2556, 0.5222], [9.1109, 0.3916], [12.8228, 0.7833], [18.2479, 0.5222], [16.8202, -3.5248]], [[2.2582, 0.0], [6.2556, 0.5222], [11.6807, 0.3916], [15.9636, 1.8277], [16.8202, 1.436], [10.5386, -10.8356]], [[2.2582, 0.0], [6.2556, 0.5222], [11.6807, 0.3916], [15.9636, 1.8277], [14.8215, 1.436], [18.5334, 16.5798]], [[2.2582, 0.0], [6.2556, 0.5222], [9.1109, 0.3916], [12.8228, 0.7833], [7.6833, 0.7833], [17.1058, 6.658]], [[2.2582, 0.0], [6.2556, 0.5222], [9.1109, 0.3916], [12.8228, 0.7833], [7.6833, 0.7833], [15.9636, -16.5798]], [[2.2582, 0.0], [6.2556, 0.5222], [11.6807, 0.3916], [15.9636, 1.8277], [20.5321, 16.5798], [15.3926, 1.8277]]]",1.2874,0.0,0.0,0.0,0.0,0.0,0.0,True,[3],0.0,0.0,0.0,1.183,8.0,1.0989,0.7634,1.1499,1.361,1.2051,1.183,"[[2.258, 0.0], [6.256, 0.522], [9.111, 0.392], [12.823, 0.783], [15.393, 1.044], [17.391, 1.697]]",ok,5.2605,0.0,0.0,0.0,0.0,0.0,0.0,0.0,0.0,0.0,42c250251b504ee8a5f1e49def135715,scene-1063,42
0.3274,1.3965,2.6623,0.4927,0.6664,1.2692,0.0,0.0,0.0,0.0,0.0,0.0,0.0,0.0,0.0,ok,straight,0.3274,1.6739,2.6623,0.2818,0.6303,1.2451,True,"[-0.0653, -0.0653, -0.1958, -0.3264, -0.1305, -0.3916, -0.1305, -8.2899]","[-209.2116, -190.9085, -427.5855, -2949.3, -6831.1079, -16524.3899, -20546.3777, -102368.7977]","[3.485, 3.367, 3.311, -1002946.8096, -1006828.6175, -1016522.0182, -1020543.8873, -1102366.4259]","[1.315, 1.245, 0.753, 1.491, 1.433, 3.699, 1.688, 5.35]","[[[4.5424, 0.0], [8.5399, 0.0], [13.1083, -0.1305], [16.5347, -0.1305], [21.3887, -0.1305], [26.5282, -0.1305]], [[3.6858, 0.1305], [8.5399, 0.0], [13.1083, -0.1305], [16.5347, -0.1305], [21.3887, -0.1305], [26.5282, -0.1305]], [[3.6858, 0.1305], [8.5399, 0.0], [13.1083, -0.1305], [16.5347, -0.1305], [22.5308, 0.0], [29.098, -0.3916]], [[4.5424, 0.0], [8.5399, 0.0], [13.1083, -0.1305], [16.5347, -0.1305], [18.5334, 0.1305], [28.2414, 0.6527]], [[4.5424, 0.0], [8.5399, 0.0], [13.1083, -0.1305], [16.5347, -0.1305], [25.3861, -0.3916], [25.3861, 0.2611]], [[3.6858, 0.1305], [8.5399, 0.0], [13.1083, -0.1305], [16.5347, -0.1305], [23.1019, 0.1305], [48.2285, 0.7833]], [[4.5424, 0.0], [8.5399, 0.0], [13.1083, -0.1305], [16.5347, -0.1305], [29.6691, 0.5222], [28.2414, -0.2611]], [[3.6858, 0.1305], [8.5399, 0.0], [13.1083, -0.1305], [16.5347, -0.1305], [35.9507, -0.6527], [23.1019, 16.5798]]]",1.4689,0.0,0.0,0.0,0.0,0.0,0.0,True,[3],0.0,0.0,0.0,0.7533,8.0,0.3274,1.6739,0.8502,0.2818,0.6303,0.7533,"[[3.686, 0.131], [8.54, 0.0], [13.108, -0.131], [16.535, -0.131], [21.389, -0.131], [26.528, -0.131]]",ok,5.3498,0.0,0.0,0.0,0.0,0.0,0.0,0.0,0.0,0.0,369487006f5a4bff82f96a3567858492,scene-1063,42
3.5564,7.3372,9.4435,2.7678,4.6886,6.0457,0.0,0.0,0.0,0.0,0.0,0.0,0.0,0.0,0.0,ok,straight,4.4115,5.0491,9.4435,3.3381,4.3315,5.8136,True,"[-0.2611, -0.2611, -0.2611, -0.2611, -0.3916, -0.5875, -0.4569, -0.1958]","[-625.5061, -1205.8146, -3600.1252, -5548.6218, -6270.9567, -12007.0581, -19235.5646, -92935.9348]","[-1000623.1102, -1001203.4186, -1003597.7292, -1005545.9335, -1006268.2684, -1012004.6622, -1019232.8763, -1092933.2465]","[5.436, 5.808, 6.722, 7.141, 7.523, 6.258, 6.526, 10.715]","[[[2.8293, 0.0], [5.6846, 0.0], [9.682, -0.2611], [14.536, 0.1305], [17.6768, -0.7833], [17.3913, -0.5222]], [[2.8293, 0.0], [5.6846, 0.0], [9.682, -0.2611], [14.536, 0.1305], [15.3926, -0.2611], [17.3913, -0.5222]], [[2.8293, 0.0], [5.6846, 0.0], [9.682, -0.2611], [14.536, 0.1305], [13.1083, -1.1749], [14.2505, -0.5222]], [[2.8293, 0.0], [5.6846, 0.0], [7.9688, -0.3916], [8.2543, 0.0], [15.3926, -0.2611], [17.3913, -0.5222]], [[2.8293, 0.0], [5.6846, 0.0], [7.9688, -0.3916], [8.2543, 0.0], [15.107, -0.1305], [15.3926, -0.7833]], [[2.8293, 0.0], [5.6846, 0.0], [9.682, -0.2611], [14.536, 0.1305], [11.3952, -1.1749], [18.8189, -1.1749]], [[2.8293, 0.0], [5.6846, 0.0], [7.9688, -0.3916], [8.2543, 0.0], [19.1045, 0.0], [17.3913, -0.9138]], [[2.8293, 0.0], [5.6846, 0.0], [7.9688, -0.3916], [8.2543, 0.0], [12.5373, 16.5798], [7.6833, 0.3916]]]",1.5336,0.0,0.0,0.0,0.0,0.0,0.0,False,[3],0.0,0.0,0.0,5.4356,8.0,4.4115,5.0491,9.4435,3.3381,4.3315,5.4356,"[[2.829, 0.0], [5.685, 0.0], [9.682, -0.261], [14.536, 0.131], [15.393, -0.783], [17.391, -0.522]]",ok,10.7151,0.0,0.0,0.0,0.0,0.0,0.0,0.0,0.0,0.0,10ff71451f7245d392410e8575a68934,scene-1063,42
1.2313,1.6623,2.767,1.0517,1.4254,1.6147,0.0,0.0,0.0,0.0,0.0,0.0,0.0,0.0,0.0,ok,straight,1.2313,1.6623,0.3128,1.0517,1.4254,1.3954,True,"[-0.1305, -0.4569, -0.0653, -0.0653, -0.1305, -1.1749, -0.0, -0.0653]","[-265.0364, -331.5381, -1523.6655, -1635.3768, -1774.1254, -5730.6438, -17890.9919, -50932.4109]","[3.0911, 2.2295, -1001521.4956, -1001633.2332, -1001771.9554, -1005728.5002, -1017888.822, -1050930.2673]","[1.742, 1.454, 1.804, 1.757, 1.808, 1.96, 4.825, 4.095]","[[[3.6858, 0.0], [7.1122, 0.0], [11.9662, -0.1305], [15.9636, -0.1305], [21.3887, -0.1305], [26.8138, -0.2611]], [[3.6858, 0.0], [7.3977, 0.0], [11.9662, -0.1305], [15.9636, -0.1305], [21.1032, 0.0], [24.244, -0.9138]], [[3.6858, 0.0], [7.3977, 0.0], [11.9662, -0.1305], [15.9636, -0.1305], [21.3887, -0.1305], [21.3887, -0.1305]], [[3.6858, 0.0], [7.1122, 0.0], [11.9662, -0.1305], [15.9636, -0.1305], [21.3887, -0.1305], [21.3887, -0.1305]], [[3.6858, 0.0], [7.3977, 0.0], [11.9662, -0.1305], [15.9636, -0.1305], [21.6742, -0.2611], [21.6742, -0.2611]], [[3.6858, 0.0], [7.1122, 0.0], [11.9662, -0.1305], [15.9636, -0.1305], [16.5347, -2.4804], [22.5308, 2.3499]], [[3.6858, 0.0], [7.3977, 0.0], [11.9662, -0.1305], [15.9636, -0.1305], [18.5334, 0.0], [1.4016, 0.0]], [[3.6858, 0.0], [7.1122, 0.0], [11.9662, -0.1305], [15.9636, -0.1305], [11.9662, -0.1305], [36.2362, 0.1305]]]",1.193,0.0,0.0,0.0,0.0,0.0,0.0,True,[3],0.0,0.0,0.0,1.4544,8.0,1.2313,1.6623,0.9558,1.0517,1.4254,1.4544,"[[3.686, 0.0], [7.398, 0.0], [11.966, -0.131], [15.964, -0.131], [21.389, -0.131], [24.244, -0.261]]",ok,4.8252,0.0,0.0,0.0,0.0,0.0,0.0,0.0,0.0,0.0,79a10e4d9e5b49e980a8897d6f09f450,scene-1063,42
0.3511,0.4663,3.6104,0.2668,0.3383,1.4063,0.0,0.0,0.0,0.0,0.0,0.0,0.0,0.0,0.0,ok,straight,0.3511,0.4663,3.6104,0.2668,0.3383,1.4063,False,"[-0.8486, -0.8486, -0.0653, -0.4569, -1.5013, -0.9791, -7.6372, -0.6527]","[-750.4585, -852.5001, -2460.3815, -3880.124, -4593.5175, -10855.04, -12093.9274, -110788.2917]","[3.1182, 3.1091, -1002458.0977, -1003877.8465, -1004591.2337, -1010852.7563, -1012091.6498, -1110786.0141]","[1.406, 1.545, 1.19, 1.222, 2.948, 2.321, 3.07, 3.631]","[[[3.6858, -0.1305], [7.3977, -0.1305], [11.1096, -0.3916], [15.3926, -0.6527], [17.1058, -1.1749], [21.3887, -1.6971]], [[3.6858, 0.0], [6.5412, -0.1305], [11.1096, -0.3916], [15.3926, -0.6527], [17.1058, -1.1749], [21.3887, -1.6971]], [[3.6858, -0.1305], [7.3977, -0.1305], [11.1096, -0.3916], [15.3926, -0.6527], [17.3913, 1.6971], [22.8163, -0.1305]], [[3.6858, 0.0], [6.5412, -0.1305], [11.1096, -0.3916], [15.3926, -0.6527], [22.5308, -1.436], [21.9598, -0.9138]], [[3.6858, -0.1305], [7.3977, -0.1305], [11.1096, -0.3916], [15.3926, -0.6527], [16.8202, -5.222], [14.8215, -3.0026]], [[3.6858, -0.1305], [7.3977, -0.1305], [11.1096, -0.3916], [15.3926, -0.6527], [14.2505, 3.2637], [19.6755, -1.9582]], [[3.6858, 0.0], [6.5412, -0.1305], [11.1096, -0.3916], [15.3926, -0.6527], [19.39, -0.3916], [21.3887, -15.2743]], [[3.6858, 0.0], [6.5412, -0.1305], [11.1096, -0.3916], [15.3926, -0.6527], [24.5295, 16.5798], [22.8163, -1.3055]]]",0.8948,0.0,0.0,0.0,0.0,0.0,0.0,True,[3],0.0,0.0,0.0,1.1904,8.0,0.3511,0.4663,2.0331,0.2668,0.3383,1.1904,"[[3.686, -0.131], [7.398, -0.131], [11.11, -0.392], [15.393, -0.653], [17.106, -1.175], [21.389, -1.697]]",ok,3.6313,0.0,0.0,0.0,0.0,0.0,0.0,0.0,0.0,0.0,b62a484b94a04ae4b1b2729fb2064696,scene-1064,42
3.4155,9.7277,16.3217,2.5693,5.4333,8.5843,0.0,0.0,0.0,0.0,0.0,0.0,0.0,0.0,0.0,ok,straight,5.6996,9.7277,16.3217,4.5679,6.2899,9.0601,False,"[-0.0653, -0.0653, -0.0, -0.0653, -0.1958, -0.0, -0.0, -0.1958]","[-47.2427, -602.2891, -1501.5395, -2353.5879, -3705.5332, -4295.7455, -27147.6272, -156144.0665]","[2.5732, 2.3783, -1001499.7415, -1002351.6061, -1003703.5514, -1004293.7637, -1027145.8293, -1156142.2685]","[8.394, 9.06, 10.298, 9.394, 8.585, 8.061, 8.49, 12.487]","[[[3.6858, 0.0], [6.8267, 0.0], [10.5386, 0.0], [14.2505, -0.1305], [17.3913, -0.1305], [20.8176, -0.1305]], [[5.399, 0.0], [9.1109, 0.0], [10.5386, 0.0], [14.2505, -0.1305], [17.3913, -0.1305], [20.8176, -0.1305]], [[5.399, 0.0], [9.1109, 0.0], [10.5386, 0.0], [14.2505, -0.1305], [21.1032, 0.0], [24.5295, 0.0]], [[3.6858, 0.0], [6.8267, 0.0], [10.5386, 0.0], [14.2505, -0.1305], [17.1058, 0.1305], [27.0993, 0.1305]], [[3.6858, 0.0], [6.8267, 0.0], [10.5386, 0.0], [14.2505, -0.1305], [20.5321, 0.1305], [18.8189, -0.3916]], [[3.6858, 0.0], [6.8267, 0.0], [10.5386, 0.0], [14.2505, -0.1305], [14.2505, 0.0], [21.9598, 0.0]], [[5.399, 0.0], [9.1109, 0.0], [10.5386, 0.0], [14.2505, -0.1305], [9.9675, -0.2611], [24.8151, 0.0]], [[5.399, 0.0], [9.1109, 0.0], [10.5386, 0.0], [14.2505, -0.1305], [39.0915, -0.1305], [19.6755, -0.3916]]]",1.3567,0.0,0.0,0.0,0.0,0.0,0.0,True,[3],0.0,0.0,0.0,8.061,8.0,3.4155,9.7277,17.4641,2.5693,5.2905,8.061,"[[5.399, 0.0], [9.111, 0.0], [10.539, 0.0], [14.25, -0.131], [17.391, -0.131], [20.818, -0.131]]",ok,12.487,0.0,0.0,0.0,0.0,0.0,0.0,0.0,0.0,0.0,22604ed0b4234a8bafcb4be0eb38ee19,scene-1064,42
5.8603,9.7691,14.7793,4.3971,6.4963,8.6313,0.0,0.0,0.0,0.0,0.0,0.0,0.0,0.0,0.0,ok,right,6.1458,9.7691,14.7793,4.5398,6.7102,8.7739,False,"[-0.8486, -0.8486, -1.3055, -0.3916, -0.9138, -0.5875, -0.718, 6.3969]","[-165.411, -222.7771, -176.335, -1110.7439, -9739.2605, -14474.6192, -28616.0019, -30936.786]","[1.7487, 1.7418, 1.5548, -1001109.4697, -1009737.9883, -1014473.3449, -1028614.7277, -1030935.5138]","[8.726, 8.774, 9.022, 9.498, 9.399, 9.501, 7.852, 10.37]","[[[3.1148, 0.0], [6.5412, 0.1305], [9.682, 0.2611], [12.8228, 0.5222], [15.3926, 0.7833], [19.9611, 1.6971]], [[3.1148, 0.0], [6.8267, 0.1305], [9.682, 0.2611], [12.8228, 0.5222], [15.3926, 0.7833], [19.9611, 1.6971]], [[3.1148, 0.0], [6.8267, 0.1305], [9.682, 0.2611], [12.8228, 0.5222], [16.8202, 0.9138], [19.6755, 2.611]], [[3.1148, 0.0], [6.5412, 0.1305], [9.682, 0.2611], [12.8228, 0.5222], [18.8189, 0.0], [21.6742, 0.7833]], [[3.1148, 0.0], [6.8267, 0.1305], [9.682, 0.2611], [12.8228, 0.5222], [21.1032, 1.9582], [17.6768, 1.8277]], [[3.1148, 0.0], [6.5412, 0.1305], [9.682, 0.2611], [12.8228, 0.5222], [22.2453, 2.0888], [17.6768, 1.1749]], [[3.1148, 0.0], [6.5412, 0.1305], [9.682, 0.2611], [12.8228, 0.5222], [19.9611, -4.047], [7.9688, 1.436]], [[3.1148, 0.0], [6.8267, 0.1305], [9.682, 0.2611], [12.8228, 0.5222], [19.39, -13.055], [19.6755, -12.7939]]]",0.6906,0.0,0.0,0.0,0.0,0.0,0.0,True,[3],0.0,0.0,0.0,7.8522,8.0,5.8603,9.7691,5.0309,4.3971,6.6389,7.8522,"[[3.115, 0.0], [6.827, 0.131], [9.682, 0.261], [12.823, 0.522], [15.393, 0.783], [19.961, 1.697]]",ok,10.3699,0.0,0.0,0.0,0.0,0.0,0.0,0.0,0.0,0.0,1f73768be216451fa02caa38b04a62b3,scene-1064,42
0.147,0.9834,0.9172,0.178,0.3919,0.6137,0.0,0.0,0.0,0.0,0.0,0.0,0.0,0.0,0.0,ok,straight,0.147,0.6997,0.9067,0.178,0.3916,0.6118,True,"[-0.0653, -0.0653, -2.4804, -0.6527, -0.9138, -1.1749, -2.3499, -0.0653]","[-37.9889, -53.2366, -3390.959, -5048.4179, -12042.4898, -16371.5392, -34201.371, -57688.305]","[5.1037, 5.0655, -1003387.6864, -1005045.1827, -1012039.2172, -1016368.304, -1034198.1358, -1057685.0324]","[0.612, 0.85, 1.486, 3.538, 1.731, 3.175, 3.176, 4.308]","[[[3.9714, 0.0], [8.5399, 0.0], [12.8228, 0.0], [17.3913, 0.0], [21.6742, 0.0], [26.5282, -0.1305]], [[3.4003, 0.0], [7.6833, 0.0], [12.8228, 0.0], [17.3913, 0.0], [21.6742, 0.0], [26.5282, -0.1305]], [[3.9714, 0.0], [8.5399, 0.0], [12.8228, 0.0], [17.3913, 0.0], [22.8163, -0.7833], [23.1019, 4.9609]], [[3.4003, 0.0], [7.6833, 0.0], [12.8228, 0.0], [17.3913, 0.0], [20.2466, 0.5222], [11.9662, 1.3055]], [[3.9714, 0.0], [8.5399, 0.0], [12.8228, 0.0], [17.3913, 0.0], [17.6768, 1.8277], [30.2401, -1.8277]], [[3.4003, 0.0], [7.6833, 0.0], [12.8228, 0.0], [17.3913, 0.0], [31.6678, -0.5222], [34.2375, 2.3499]], [[3.4003, 0.0], [7.6833, 0.0], [12.8228, 0.0], [17.3913, 0.0], [29.6691, -0.5222], [19.39, -4.6998]], [[3.9714, 0.0], [8.5399, 0.0], [12.8228, 0.0], [17.3913, 0.0], [15.3926, 0.2611], [44.2311, -0.1305]]]",1.2751,0.0,0.0,0.0,0.0,0.0,0.0,True,[3],0.0,0.0,0.0,0.6118,8.0,0.147,0.6997,0.9067,0.178,0.3916,0.6118,"[[3.971, 0.0], [8.54, 0.0], [12.823, 0.0], [17.391, 0.0], [21.674, 0.0], [26.528, -0.131]]",ok,4.3076,0.0,0.0,0.0,0.0,0.0,0.0,0.0,0.0,0.0,868313d0288e4f9aa0535dbd437cede1,scene-1064,42
0.2711,1.1151,4.5666,0.3395,0.6504,1.6542,0.0,0.0,0.0,0.0,0.0,0.0,0.0,0.0,0.0,ok,straight,0.2711,2.7444,4.5666,0.3395,1.4079,2.1485,False,"[-0.5875, -0.5875, -1.6319, -0.8486, -1.1749, -0.2611, -5.4831, -0.5222]","[-329.2707, -678.1951, -472.8804, -6558.7142, -7689.5114, -135493.2634, -136342.302, -862465.3214]","[1.2634, 1.2277, 0.5755, -1006558.4677, -1007689.2993, -1135493.0169, -1136342.0555, -1862465.1094]","[1.603, 2.148, 1.867, 1.732, 2.351, 4.252, 6.563, 11.567]","[[[3.4003, 0.0], [6.8267, -0.1305], [10.5386, -0.2611], [12.8228, -0.5222], [17.1058, -0.5222], [21.9598, -1.1749]], [[3.4003, 0.0], [6.8267, -0.1305], [11.9662, -0.2611], [14.8215, -0.5222], [17.1058, -0.5222], [21.9598, -1.1749]], [[3.4003, 0.0], [6.8267, -0.1305], [11.9662, -0.2611], [14.8215, -0.5222], [16.2492, -1.3055], [18.2479, -3.2637]], [[3.4003, 0.0], [6.8267, -0.1305], [10.5386, -0.2611], [12.8228, -0.5222], [20.2466, -1.1749], [18.8189, -1.6971]], [[3.4003, 0.0], [6.8267, -0.1305], [11.9662, -0.2611], [14.8215, -0.5222], [14.2505, -0.7833], [24.8151, -2.3499]], [[3.4003, 0.0], [6.8267, -0.1305], [10.5386, -0.2611], [12.8228, -0.5222], [35.9507, -1.0444], [19.1045, -0.5222]], [[3.4003, 0.0], [6.8267, -0.1305], [10.5386, -0.2611], [12.8228, -0.5222], [37.9494, -3.1332], [25.1006, -10.9662]], [[3.4003, 0.0], [6.8267, -0.1305], [11.9662, -0.2611], [14.8215, -0.5222], [69.6432, 3.6554], [25.9572, -1.0444]]]",3.2686,0.0,0.0,0.0,0.0,0.0,0.0,True,[3],0.0,0.0,0.0,1.6035,8.0,0.2711,0.8753,4.5666,0.3395,0.5904,1.6035,"[[3.4, 0.0], [6.827, -0.131], [11.966, -0.261], [14.822, -0.522], [17.106, -0.522], [21.96, -1.175]]",ok,11.5666,0.0,0.0,0.0,0.0,0.0,0.0,0.0,0.0,0.0,dc2def2a7bc94693b67eba2ffbe13a56,scene-1065,42
0.4181,1.6498,2.1179,0.3002,0.6337,1.0113,0.0,0.0,0.0,0.0,0.0,0.0,0.0,0.0,0.0,ok,straight,0.4181,0.5169,2.1179,0.3002,0.4969,0.9201,True,"[-0.1305, -0.1305, -0.1305, -1.1749, -0.0653, -0.0653, -0.3264, -0.1958]","[-123.5394, -657.6096, -1887.1885, -1895.0418, -2481.9314, -3954.4979, -10902.9693, -77567.27]","[3.8335, 3.7999, -1001884.273, -1001892.1382, -1002479.0158, -1003951.5824, -1010900.0657, -1077564.3664]","[0.92, 1.059, 1.68, 1.572, 0.907, 1.127, 1.733, 6.983]","[[[5.1135, 0.0], [9.682, 0.0], [14.536, 0.0], [20.2466, -0.1305], [24.8151, -0.1305], [29.6691, -0.2611]], [[5.1135, 0.0], [9.682, 0.0], [15.107, -0.1305], [18.8189, -0.1305], [24.8151, -0.1305], [29.6691, -0.2611]], [[5.1135, 0.0], [9.682, 0.0], [14.536, 0.0], [20.2466, -0.1305], [25.6716, -0.2611], [24.244, -0.2611]], [[5.1135, 0.0], [9.682, 0.0], [15.107, -0.1305], [18.8189, -0.1305], [24.244, -0.1305], [35.9507, -2.3499]], [[5.1135, 0.0], [9.682, 0.0], [14.536, 0.0], [20.2466, -0.1305], [28.8125, 0.1305], [31.0967, 0.1305]], [[5.1135, 0.0], [9.682, 0.0], [14.536, 0.0], [20.2466, -0.1305], [29.098, 0.2611], [29.9546, -0.1305]], [[5.1135, 0.0], [9.682, 0.0], [15.107, -0.1305], [18.8189, -0.1305], [28.5269, -0.3916], [26.5282, -0.6527]], [[5.1135, 0.0], [9.682, 0.0], [15.107, -0.1305], [18.8189, -0.1305], [25.1006, -0.7833], [69.6432, -0.3916]]]",1.9103,0.0,0.0,0.0,0.0,0.0,0.0,True,[3],0.0,0.0,0.0,0.9069,8.0,0.4181,0.5169,0.826,0.3002,0.4969,0.9069,"[[5.113, 0.0], [9.682, 0.0], [14.536, 0.0], [20.247, -0.131], [24.815, -0.131], [29.669, -0.261]]",ok,6.9828,0.0,0.0,0.0,0.0,0.0,0.0,0.0,0.0,0.0,092eac44a74545b39d53c642a06eaa2e,scene-1065,42
2.4713,3.7162,8.6543,1.7334,2.4724,4.2626,0.0,0.0,0.0,0.0,0.0,0.0,0.0,0.0,0.0,ok,straight,2.4713,3.7162,8.6543,1.7334,2.4724,4.2626,False,"[-0.0653, -0.0653, -0.1305, -0.3264, -0.3264, -0.718, -0.0653, -0.0653]","[-492.9497, -568.1473, -871.3703, -4508.6561, -10376.5334, -31818.0577, -66033.3938, -81468.4404]","[4.5805, 3.1624, -1000868.3, -1004505.5859, -1010374.8788, -1031814.9874, -1066031.7392, -1081466.7857]","[4.263, 4.122, 5.081, 3.834, 4.42, 5.043, 4.594, 8.305]","[[[6.5412, 0.0], [13.3939, 0.0], [18.8189, -0.1305], [24.8151, -0.1305], [33.0954, -0.1305], [39.6626, -0.1305]], [[5.9701, 0.0], [13.1083, 0.1305], [18.8189, -0.1305], [24.8151, -0.1305], [33.0954, -0.1305], [39.6626, -0.1305]], [[6.5412, 0.0], [13.3939, 0.0], [18.8189, -0.1305], [24.8151, -0.1305], [32.5244, 0.2611], [45.0877, 0.2611]], [[6.5412, 0.0], [13.3939, 0.0], [18.8189, -0.1305], [24.8151, -0.1305], [33.381, 2.4804], [36.2362, -0.6527]], [[5.9701, 0.0], [13.1083, 0.1305], [18.8189, -0.1305], [24.8151, -0.1305], [36.8073, 1.0444], [37.6639, -0.6527]], [[6.5412, 0.0], [13.3939, 0.0], [18.8189, -0.1305], [24.8151, -0.1305], [26.2427, -0.1305], [50.7983, 1.436]], [[5.9701, 0.0], [13.1083, 0.1305], [18.8189, -0.1305], [24.8151, -0.1305], [43.3745, 0.3916], [31.9533, -0.1305]], [[5.9701, 0.0], [13.1083, 0.1305], [18.8189, -0.1305], [24.8151, -0.1305], [28.2414, -0.7833], [69.6432, 0.1305]]]",1.3272,0.0,0.0,0.0,0.0,0.0,0.0,True,[3],0.0,0.0,0.0,3.8344,8.0,2.4713,3.7162,5.1991,1.7334,2.4724,3.8344,"[[6.541, 0.0], [13.394, 0.0], [18.819, -0.131], [24.815, -0.131], [33.095, -0.131], [39.663, -0.131]]",ok,8.305,0.0,0.0,0.0,0.0,0.0,0.0,0.0,0.0,0.0,3adfe1171bb448f9a639e4bc3bc3dc11,scene-1065,42
1.0125,2.7486,2.4237,1.0564,1.6017,1.9695,0.0,0.0,0.0,0.0,0.0,0.0,0.0,0.0,0.0,ok,straight,1.0125,2.1922,2.4237,1.0564,1.4626,1.8767,True,"[-0.0, -0.0, -1.0444, -0.3916, -0.0653, -0.2611, -8.2899, -2.9374]","[-45.4567, -268.7208, -133.534, -2131.638, -3312.1797, -13473.5116, -16432.2099, -28142.8667]","[4.4137, 4.383, 4.0153, -1002128.6514, -1003309.2006, -1013470.5326, -1016429.2309, -1028139.8801]","[1.877, 1.651, 1.438, 3.17, 1.858, 2.57, 3.947, 3.97]","[[[3.9714, 0.0], [8.5399, 0.0], [13.1083, 0.0], [17.3913, 0.0], [21.3887, 0.0], [26.5282, 0.0]], [[4.5424, 0.0], [9.682, 0.0], [13.1083, 0.0], [17.3913, 0.0], [21.3887, 0.0], [26.5282, 0.0]], [[3.9714, 0.0], [8.5399, 0.0], [13.1083, 0.0], [17.3913, 0.0], [23.1019, 1.0444], [29.098, 2.0888]], [[3.9714, 0.0], [8.5399, 0.0], [13.1083, 0.0], [17.3913, 0.0], [17.6768, -0.1305], [22.5308, -0.7833]], [[4.5424, 0.0], [9.682, 0.0], [13.1083, 0.0], [17.3913, 0.0], [23.6729, -3.1332], [31.6678, 0.1305]], [[4.5424, 0.0], [9.682, 0.0], [13.1083, 0.0], [17.3913, 0.0], [17.9623, -1.0444], [33.0954, -0.5222]], [[4.5424, 0.0], [9.682, 0.0], [13.1083, 0.0], [17.3913, 0.0], [27.0993, 1.8277], [26.5282, 16.5798]], [[3.9714, 0.0], [8.5399, 0.0], [13.1083, 0.0], [17.3913, 0.0], [17.9623, -0.6527], [39.0915, 5.8747]]]",0.9572,0.0,0.0,0.0,0.0,0.0,0.0,True,[3],0.0,0.0,0.0,1.438,8.0,1.0125,2.1922,1.5065,1.0564,1.4626,1.438,"[[3.971, 0.0], [8.54, 0.0], [13.108, 0.0], [17.391, 0.0], [21.389, 0.0], [26.528, 0.0]]",ok,3.9702,0.0,0.0,0.0,0.0,0.0,0.0,0.0,0.0,0.0,b6d6b3c2d1844f239791f7ca22ba5e8a,scene-1065,42
2.0206,5.5572,7.84,1.6367,3.1455,4.6069,0.0,0.0,0.0,0.0,0.0,0.0,0.0,0.0,0.0,ok,straight,1.4511,4.1283,7.8459,1.4946,2.2192,3.9903,True,"[-0.2611, -0.2611, -1.5666, -0.2611, -0.4569, -0.4569, -0.2611, -0.9138]","[-516.8533, -501.3293, -853.4052, -1792.2633, -2553.5914, -3214.2543, -135210.8958, -172964.9937]","[3.9492, 2.9197, -1000850.7179, -1001789.576, -1002551.9338, -1003211.5671, -1135209.2382, -1172963.3361]","[3.99, 4.561, 3.651, 7.179, 6.515, 4.994, 5.438, 9.194]","[[[5.399, 0.0], [8.8254, 0.0], [12.2517, -0.2611], [17.3913, -0.1305], [23.3874, -0.2611], [26.5282, -0.5222]], [[5.399, 0.0], [8.8254, 0.0], [14.2505, -0.1305], [18.8189, -0.2611], [23.3874, -0.2611], [26.5282, -0.5222]], [[5.399, 0.0], [8.8254, 0.0], [12.2517, -0.2611], [17.3913, -0.1305], [20.8176, -0.5222], [26.5282, -3.1332]], [[5.399, 0.0], [8.8254, 0.0], [12.2517, -0.2611], [17.3913, -0.1305], [28.5269, -0.5222], [40.5192, -0.5222]], [[5.399, 0.0], [8.8254, 0.0], [14.2505, -0.1305], [18.8189, -0.2611], [27.9559, -0.6527], [33.6665, -0.9138]], [[5.399, 0.0], [8.8254, 0.0], [12.2517, -0.2611], [17.3913, -0.1305], [26.5282, -0.6527], [29.3835, -0.9138]], [[5.399, 0.0], [8.8254, 0.0], [14.2505, -0.1305], [18.8189, -0.2611], [1.9727, 0.0], [24.8151, -0.5222]], [[5.399, 0.0], [8.8254, 0.0], [14.2505, -0.1305], [18.8189, -0.2611], [47.0864, -0.3916], [30.5257, -1.8277]]]",1.7337,0.0,0.0,0.0,0.0,0.0,0.0,True,[3],0.0,0.0,0.0,3.6508,8.0,1.4511,4.1283,8.366,1.4946,2.2192,3.6508,"[[5.399, 0.0], [8.825, 0.0], [12.252, -0.261], [17.391, -0.131], [23.387, -0.261], [26.528, -0.522]]",ok,9.1939,0.0,0.0,0.0,0.0,0.0,0.0,0.0,0.0,0.0,21bb21c84c3e43908cd554db2686278f,scene-1066,42
0.0911,0.939,0.2549,0.062,0.5926,0.4779,0.0,0.0,0.0,0.0,0.0,0.0,0.0,0.0,0.0,ok,straight,0.0911,0.939,3.2814,0.062,0.5926,1.1182,False,"[-0.2611, -0.0, -0.3264, -0.0653, -0.0653, -0.0, -5.6789, -0.2611]","[-769.1481, -748.9078, -1300.387, -1984.8431, -2534.8898, -3200.3618, -12145.1466, -46784.4271]","[4.0145, -1000745.7385, -1001297.2177, -1001983.7373, -1002533.784, -1003199.256, -1012141.9773, -1046783.3213]","[0.75, 0.985, 1.749, 1.082, 0.739, 0.978, 3.094, 2.738]","[[[3.6858, 0.0], [7.3977, 0.0], [11.9662, 0.0], [15.3926, 0.0], [20.8176, 0.3916], [23.3874, 0.5222]], [[3.6858, 0.0], [7.3977, 0.0], [11.9662, 0.0], [15.3926, 0.0], [18.8189, 0.0], [26.5282, 0.0]], [[3.6858, 0.0], [7.3977, 0.0], [11.9662, 0.0], [15.3926, 0.0], [19.9611, 0.6527], [30.2401, 0.6527]], [[3.6858, 0.0], [7.3977, 0.0], [10.5386, -0.1305], [16.2492, 1.0444], [21.9598, 0.0], [22.2453, -0.1305]], [[3.6858, 0.0], [7.3977, 0.0], [10.5386, -0.1305], [16.2492, 1.0444], [18.8189, 0.0], [25.1006, 0.1305]], [[3.6858, 0.0], [7.3977, 0.0], [10.5386, -0.1305], [16.2492, 1.0444], [18.8189, 0.0], [26.5282, 0.0]], [[3.6858, 0.0], [7.3977, 0.0], [11.9662, 0.0], [15.3926, 0.0], [20.5321, 1.3055], [31.3822, -11.3578]], [[3.6858, 0.0], [7.3977, 0.0], [10.5386, -0.1305], [16.2492, 1.0444], [29.9546, 8.6163], [23.1019, 0.5222]]]",0.8653,0.0,0.0,0.0,0.0,0.0,0.0,True,[3],0.0,0.0,0.0,0.7389,8.0,0.0911,2.0446,1.8615,0.062,0.5824,0.7389,"[[3.686, 0.0], [7.398, 0.0], [11.966, 0.0], [15.393, 0.0], [19.961, 0.392], [26.528, 0.522]]",ok,3.0944,0.0,0.0,0.0,0.0,0.0,0.0,0.0,0.0,0.0,c880188955834ebaa53cc8bc887327d8,scene-1066,42
1.0132,3.8904,1.168,0.8094,1.9678,2.1086,0.0,0.0,0.0,0.0,0.0,0.0,0.0,0.0,0.0,ok,straight,1.2732,3.8904,2.8319,1.6194,2.3729,2.6559,False,"[-0.2611, -0.1958, -0.1305, -0.1305, -0.1305, -0.3264, -0.8486, -0.1305]","[-1152.5659, -1154.4759, -1320.7846, -1633.8052, -4056.5639, -17943.857, -27425.2375, -69060.6725]","[-1001149.8055, -1001151.7155, -1001317.9639, -1001631.0448, -1004053.7431, -1017941.0362, -1027422.4168, -1069057.9121]","[2.514, 3.524, 2.386, 2.656, 4.727, 2.74, 6.262, 9.897]","[[[7.6833, 0.0], [12.8228, -0.1305], [15.107, -0.1305], [18.8189, -0.1305], [26.8138, -0.3916], [37.9494, -0.5222]], [[7.6833, 0.0], [12.8228, -0.1305], [15.107, -0.1305], [18.8189, -0.1305], [21.9598, 0.2611], [28.8125, -0.3916]], [[5.1135, 0.0], [10.5386, -0.1305], [15.107, -0.1305], [18.8189, -0.1305], [24.8151, -0.1305], [36.8073, -0.2611]], [[7.6833, 0.0], [12.8228, -0.1305], [15.107, -0.1305], [18.8189, -0.1305], [24.8151, -0.1305], [36.8073, -0.2611]], [[5.1135, 0.0], [10.5386, -0.1305], [15.107, -0.1305], [18.8189, -0.1305], [17.9623, -0.7833], [23.9585, -0.2611]], [[5.1135, 0.0], [10.5386, -0.1305], [15.107, -0.1305], [18.8189, -0.1305], [30.5257, -1.5666], [27.9559, 0.6527]], [[5.1135, 0.0], [10.5386, -0.1305], [15.107, -0.1305], [18.8189, -0.1305], [24.8151, -0.1305], [7.9688, 1.6971]], [[7.6833, 0.0], [12.8228, -0.1305], [15.107, -0.1305], [18.8189, -0.1305], [2.5437, -0.1305], [9.9675, -0.2611]]]",2.4479,0.0,0.0,0.0,0.0,0.0,0.0,False,[3],0.0,0.0,0.0,2.3859,8.0,1.0132,3.8904,2.8318,0.8094,1.9678,2.3859,"[[7.683, 0.0], [12.823, -0.131], [15.107, -0.131], [18.819, -0.131], [24.815, -0.131], [36.807, -0.392]]",ok,9.8969,0.0,0.0,0.0,0.0,0.0,0.0,0.0,0.0,0.0,5bb3471504034b869f8ab0d4f7060d4b,scene-1066,42
1.3629,2.0902,1.075,1.0313,1.3827,1.3706,0.0,0.0,0.0,0.0,0.0,0.0,0.0,0.0,0.0,ok,straight,0.3613,3.6206,1.6458,0.5305,1.6118,1.5233,False,"[-0.0653, -0.0653, -0.0653, -0.0653, -0.0653, -0.0, -0.1305, -8.2899]","[-384.7309, -3407.0057, -3900.9322, -5999.9918, -6610.6751, -8227.9557, -18234.4346, -797486.0943]","[3.5123, -1003405.0586, -1003898.9851, -1005997.2594, -1006608.728, -1008226.0086, -1018231.7022, -1797483.362]","[1.371, 1.242, 1.523, 2.115, 1.788, 5.235, 3.258, 11.439]","[[[4.5424, 0.0], [8.5399, 0.0], [13.1083, -0.1305], [16.8202, -0.1305], [22.2453, -0.1305], [25.9572, -0.1305]], [[4.5424, 0.0], [10.253, -0.1305], [16.2492, 0.0], [22.5308, -0.1305], [22.8163, 0.0], [27.0993, -0.1305]], [[4.5424, 0.0], [10.253, -0.1305], [16.2492, 0.0], [22.5308, -0.1305], [22.2453, -0.1305], [25.9572, -0.1305]], [[4.5424, 0.0], [8.5399, 0.0], [13.1083, -0.1305], [16.8202, -0.1305], [17.9623, -0.6527], [29.3835, 0.1305]], [[4.5424, 0.0], [10.253, -0.1305], [16.2492, 0.0], [22.5308, -0.1305], [22.8163, 0.0], [31.3822, -0.1305]], [[4.5424, 0.0], [10.253, -0.1305], [16.2492, 0.0], [22.5308, -0.1305], [16.8202, 0.0], [9.1109, 0.0]], [[4.5424, 0.0], [8.5399, 0.0], [13.1083, -0.1305], [16.8202, -0.1305], [24.8151, -0.1305], [15.107, -0.2611]], [[4.5424, 0.0], [8.5399, 0.0], [13.1083, -0.1305], [16.8202, -0.1305], [69.6432, 0.5222], [27.3848, 16.5798]]]",3.2498,0.0,0.0,0.0,0.0,0.0,0.0,False,[3],0.0,0.0,0.0,1.2418,8.0,0.3613,3.6206,0.5046,0.5305,1.6118,1.2418,"[[4.542, 0.0], [10.253, -0.131], [16.249, 0.0], [22.531, -0.131], [22.245, -0.131], [25.957, -0.131]]",ok,11.4391,0.0,0.0,0.0,0.0,0.0,0.0,0.0,0.0,0.0,4ed8916b5144428295e66f5a54da6704,scene-1066,42
1.1611,1.3844,2.3781,0.8786,1.1451,1.3751,0.0,0.0,0.0,0.0,0.0,0.0,0.0,0.0,0.0,ok,straight,2.017,0.8312,0.9638,1.8786,1.2659,1.1946,True,"[-0.0653, -0.0653, -0.1305, -0.1958, -0.0653, -0.1305, -0.0653, -0.2611]","[-372.3044, -490.0862, -1936.2521, -4700.2543, -8900.5039, -11936.621, -12458.2642, -27174.1774]","[5.0915, 5.0775, -1001932.9588, -1004696.8684, -1008897.2106, -1011933.2351, -1012454.8783, -1027170.7916]","[1.409, 1.219, 2.287, 2.637, 2.84, 3.53, 1.912, 2.244]","[[[2.5437, -0.1305], [6.5412, 0.0], [12.2517, 0.2611], [15.9636, 0.0], [19.39, -0.1305], [21.3887, -0.1305]], [[2.5437, -0.1305], [6.5412, 0.0], [12.2517, 0.2611], [15.9636, 0.0], [19.39, -0.9138], [22.8163, 0.1305]], [[2.5437, -0.1305], [6.5412, 0.0], [12.2517, 0.2611], [15.9636, 0.0], [23.6729, -0.7833], [29.098, -0.2611]], [[3.6858, 0.0], [7.3977, 0.0], [13.3939, 0.0], [22.2453, 0.0], [23.1019, -0.9138], [18.8189, -0.3916]], [[2.5437, -0.1305], [6.5412, 0.0], [12.2517, 0.2611], [15.9636, 0.0], [12.8228, 0.3916], [19.39, -0.1305]], [[3.6858, 0.0], [7.3977, 0.0], [13.3939, 0.0], [22.2453, 0.0], [17.9623, 0.0], [13.1083, -0.2611]], [[3.6858, 0.0], [7.3977, 0.0], [13.3939, 0.0], [22.2453, 0.0], [19.39, -0.1305], [21.3887, -0.1305]], [[3.6858, 0.0], [7.3977, 0.0], [13.3939, 0.0], [22.2453, 0.0], [16.5347, -1.6971], [22.5308, -0.5222]]]",0.7091,0.0,0.0,0.0,0.0,0.0,0.0,True,[3],0.0,0.0,0.0,1.2186,8.0,2.017,0.8312,1.0397,1.8786,1.2659,1.2186,"[[2.544, -0.131], [6.541, 0.0], [12.252, 0.261], [15.964, 0.0], [19.39, -0.783], [22.816, -0.131]]",ok,3.5302,0.0,0.0,0.0,0.0,0.0,0.0,0.0,0.0,0.0,b6a9d120895e4207a0527ad4b3284d42,scene-1067,42
1.0303,0.6047,1.7906,0.8678,0.9127,1.0403,0.0,0.0,0.0,0.0,0.0,0.0,0.0,0.0,0.0,ok,straight,1.0303,0.3509,1.7906,0.8678,0.8493,0.998,True,"[-0.0653, -0.0653, -0.0653, -0.0, -0.1958, -0.0, -0.1305, -0.0653]","[-92.3675, -413.0244, -376.4596, -985.7967, -5639.5046, -8355.6078, -78943.9456, -900735.5072]","[3.1092, 3.1081, 1.9355, -1000984.4173, -1005636.9525, -1008353.0557, -1078942.5662, -1900734.1278]","[1.246, 0.998, 1.515, 3.521, 3.039, 2.259, 10.355, 10.211]","[[[3.4003, 0.0], [6.8267, 0.0], [10.5386, 0.0], [12.8228, -0.1305], [15.107, -0.1305], [17.6768, 0.1305]], [[3.4003, 0.0], [6.8267, 0.0], [10.5386, 0.0], [12.8228, -0.1305], [17.3913, -0.1305], [21.9598, -0.1305]], [[3.4003, 0.0], [6.8267, 0.0], [11.6807, -0.1305], [14.8215, -0.2611], [17.3913, -0.1305], [21.9598, -0.1305]], [[3.4003, 0.0], [6.8267, 0.0], [11.6807, -0.1305], [14.8215, -0.2611], [13.6794, 0.0], [8.5399, 0.0]], [[3.4003, 0.0], [6.8267, 0.0], [10.5386, 0.0], [12.8228, -0.1305], [17.6768, -0.1305], [33.952, -0.3916]], [[3.4003, 0.0], [6.8267, 0.0], [10.5386, 0.0], [12.8228, -0.1305], [18.2479, -0.1305], [11.6807, 0.0]], [[3.4003, 0.0], [6.8267, 0.0], [11.6807, -0.1305], [14.8215, -0.2611], [22.8163, -0.1305], [69.6432, -0.2611]], [[3.4003, 0.0], [6.8267, 0.0], [11.6807, -0.1305], [14.8215, -0.2611], [69.6432, 0.0], [21.9598, 0.1305]]]",3.6357,0.0,0.0,0.0,0.0,0.0,0.0,True,[3],0.0,0.0,0.0,0.998,8.0,1.0303,0.3509,1.7906,0.8678,0.8493,0.998,"[[3.4, 0.0], [6.827, 0.0], [10.539, 0.0], [12.823, -0.131], [17.391, -0.131], [21.96, -0.131]]",ok,10.3546,0.0,0.0,0.0,0.0,0.0,0.0,0.0,0.0,0.0,4b0405ae89164fbfb3638a5dde6e374c,scene-1067,42
3.1718,7.6668,13.0273,2.1588,4.1723,6.4842,0.0,1.0,1.0,0.0,1.0,1.0,0.0,0.25,0.5,ok,straight,3.4574,7.6668,13.0273,2.4443,4.4578,6.6745,False,"[-0.0, -0.0, -0.6527, -0.0, -0.2611, -0.5875, -0.0653, -0.0]","[-255.4599, -233.0712, -1832.3637, -4125.4791, -5463.4889, -28189.6508, -83811.7013, -928174.9409]","[4.4048, 4.3538, -1001829.149, -1004122.2644, -1005460.3254, -1028186.4362, -1083808.5377, -1928171.7773]","[6.675, 6.579, 6.495, 7.293, 8.627, 6.776, 6.589, 14.812]","[[[3.6858, 0.0], [7.6833, 0.0], [11.1096, 0.0], [14.8215, 0.0], [17.3913, 0.1305], [21.9598, 0.0]], [[3.4003, 0.0], [7.3977, 0.0], [11.1096, 0.0], [14.8215, 0.0], [17.3913, 0.1305], [21.9598, 0.0]], [[3.6858, 0.0], [7.6833, 0.0], [11.1096, 0.0], [14.8215, 0.0], [15.9636, 0.0], [22.2453, 1.3055]], [[3.6858, 0.0], [7.6833, 0.0], [11.1096, 0.0], [14.8215, 0.0], [21.9598, -0.1305], [21.1032, 0.0]], [[3.4003, 0.0], [7.3977, 0.0], [11.1096, 0.0], [14.8215, 0.0], [24.5295, 0.2611], [27.0993, 0.5222]], [[3.6858, 0.0], [7.6833, 0.0], [11.1096, 0.0], [14.8215, 0.0], [11.3952, -0.1305], [28.5269, 1.1749]], [[3.4003, 0.0], [7.3977, 0.0], [11.1096, 0.0], [14.8215, 0.0], [8.8254, -13.8383], [17.3913, 0.1305]], [[3.4003, 0.0], [7.3977, 0.0], [11.1096, 0.0], [14.8215, 0.0], [69.6432, 0.1305], [19.1045, 0.0]]]",2.6651,0.0,1.0,1.0,0.0,1.0,1.0,True,[3],0.0,0.5,0.6666666666666666,6.4952,8.0,3.4574,7.6668,13.3804,2.4443,4.4578,6.4952,"[[3.686, 0.0], [7.683, 0.0], [11.11, 0.0], [14.822, 0.0], [17.391, 0.131], [21.96, 0.0]]",ok,14.8119,0.0,0.0,1.0,0.0,0.0,1.0,0.0,0.0,0.16666666666666666,65e91e3a03fe4fbba79fd17c886638e7,scene-1067,42
2.5437,5.6369,7.5801,1.8299,3.2456,4.4733,0.0,1.0,1.0,0.0,1.0,1.0,0.0,0.25,0.5,ok,straight,2.5437,5.6369,6.7235,1.8299,3.2456,4.4733,False,"[-0.0, -0.0, -0.0, -0.0, -0.0653, -0.0, -0.1305, -0.0653]","[-99.4949, -621.7249, -584.0688, -962.6692, -7796.1425, -10058.9465, -681701.1337, -1476944.7261]","[4.198, 4.197, 4.1605, -1000959.7523, -1007793.1891, -1010055.9931, -1681698.2168, -2476941.8092]","[4.473, 3.665, 5.092, 3.95, 4.569, 4.57, 11.993, 13.468]","[[[1.1161, 0.0], [2.5437, 0.0], [3.6858, 0.0], [5.6846, 0.0], [7.3977, 0.0], [7.3977, 0.0]], [[1.1161, 0.0], [2.5437, 0.0], [3.6858, 0.0], [5.6846, 0.0], [4.828, -0.1305], [5.1135, 0.0]], [[1.1161, 0.0], [2.5437, 0.0], [2.2582, 0.0], [3.9714, 0.0], [8.5399, 0.0], [13.1083, 0.0]], [[1.1161, 0.0], [2.5437, 0.0], [2.2582, 0.0], [3.9714, 0.0], [7.3977, 0.0], [7.3977, 0.0]], [[1.1161, 0.0], [2.5437, 0.0], [3.6858, 0.0], [5.6846, 0.0], [3.4003, 0.0], [11.9662, 0.1305]], [[1.1161, 0.0], [2.5437, 0.0], [3.6858, 0.0], [5.6846, 0.0], [11.3952, -0.3916], [3.9714, 0.0]], [[1.1161, 0.0], [2.5437, 0.0], [2.2582, 0.0], [3.9714, 0.0], [51.9404, 0.5222], [11.1096, 0.2611]], [[1.1161, 0.0], [2.5437, 0.0], [2.2582, 0.0], [3.9714, 0.0], [69.6432, 0.1305], [2.2582, -0.1305]]]",3.6541,0.0,1.0,1.0,0.0,1.0,1.0,True,[3],0.0,0.25,0.5,3.6645,8.0,2.5437,5.6369,4.4393,1.8299,3.2456,3.6645,"[[1.116, 0.0], [2.544, 0.0], [3.686, 0.0], [5.685, 0.0], [7.398, 0.0], [7.398, 0.0]]",ok,13.4682,1.0,1.0,1.0,1.0,1.0,1.0,0.5,0.75,0.8333333333333334,66eaa9cb4bfd43d2a80be2fd894ef935,scene-1067,42
4.2191,8.9864,14.987,2.9758,5.333,7.8371,1.0,1.0,1.0,1.0,1.0,1.0,0.5,0.75,0.8333333333333334,ok,straight,4.2191,8.4153,14.987,2.9758,5.2616,7.7895,True,"[-0.0653, -0.0653, -0.1958, -0.0653, -0.0, -0.0, -0.1305, -0.1958]","[-119.0054, -324.6072, -423.4796, -1078.9047, -1159.0895, -4631.7901, -9757.396, -1079559.3116]","[2.8474, 2.8415, -1000421.3544, -1001076.7795, -1001156.9642, -1004629.6701, -1009755.2761, -2079557.1917]","[7.789, 7.837, 8.029, 8.503, 9.265, 7.361, 9.598, 17.736]","[[[2.2582, 0.0], [5.1135, 0.0], [7.6833, 0.0], [9.3964, 0.0], [11.6807, 0.0], [15.9636, -0.1305]], [[2.2582, 0.0], [5.1135, 0.0], [7.3977, 0.0], [9.9675, 0.0], [11.6807, 0.0], [15.9636, -0.1305]], [[2.2582, 0.0], [5.1135, 0.0], [7.6833, 0.0], [9.3964, 0.0], [11.6807, -0.2611], [17.3913, 0.3916]], [[2.2582, 0.0], [5.1135, 0.0], [7.6833, 0.0], [9.3964, 0.0], [14.536, -0.1305], [17.3913, -0.1305]], [[2.2582, 0.0], [5.1135, 0.0], [7.6833, 0.0], [9.3964, 0.0], [13.3939, 0.0], [23.1019, 0.0]], [[2.2582, 0.0], [5.1135, 0.0], [7.3977, 0.0], [9.9675, 0.0], [8.8254, 0.0], [15.9636, 0.0]], [[2.2582, 0.0], [5.1135, 0.0], [7.3977, 0.0], [9.9675, 0.0], [11.3952, 0.0], [26.8138, -0.2611]], [[2.2582, 0.0], [5.1135, 0.0], [7.3977, 0.0], [9.9675, 0.0], [69.6432, 0.0], [17.3913, 0.3916]]]",3.1883,1.0,1.0,1.0,1.0,1.0,1.0,True,[3],0.5,0.75,0.8333333333333334,7.3611,8.0,4.2191,8.9864,14.9864,2.9758,5.333,7.3611,"[[2.258, 0.0], [5.113, 0.0], [7.683, 0.0], [9.396, 0.0], [11.681, 0.0], [15.964, -0.131]]",ok,17.7362,1.0,1.0,1.0,1.0,1.0,1.0,0.5,0.75,0.8333333333333334,2920a3315ccd4fefb30fb0468ebb2351,scene-1068,42
2.6377,5.0423,5.0743,2.1439,3.1053,3.6161,0.0,0.0,0.0,0.0,0.0,0.0,0.0,0.0,0.0,ok,straight,2.6377,2.7593,4.2179,2.1439,2.4632,3.0453,True,"[-0.0653, -0.0653, -0.0653, -0.2611, -0.1305, -1.1749, -0.0653, -0.0653]","[-474.2609, -125.0221, -238.7802, -976.5308, -3262.4005, -8938.2431, -13541.6807, -1090965.8382]","[3.4861, 2.669, 2.6687, -1000973.9077, -1003260.5955, -1008936.4381, -1013539.0575, -2090963.2151]","[3.188, 3.284, 3.045, 3.716, 4.568, 6.316, 3.638, 13.038]","[[[1.1161, 0.0], [4.2569, 0.0], [7.1122, 0.0], [10.5386, 0.0], [11.6807, -0.1305], [13.6794, -0.1305]], [[2.5437, 0.0], [4.828, 0.0], [6.5412, 0.0], [8.2543, -0.1305], [11.6807, -0.2611], [15.107, 0.1305]], [[2.5437, 0.0], [4.828, 0.0], [6.5412, 0.0], [8.2543, -0.1305], [11.6807, -0.1305], [13.6794, -0.1305]], [[1.1161, 0.0], [4.2569, 0.0], [7.1122, 0.0], [10.5386, 0.0], [14.536, -0.2611], [13.9649, -0.5222]], [[2.5437, 0.0], [4.828, 0.0], [6.5412, 0.0], [8.2543, -0.1305], [15.6781, 0.1305], [18.8189, -0.2611]], [[2.5437, 0.0], [4.828, 0.0], [6.5412, 0.0], [8.2543, -0.1305], [19.6755, -1.0444], [25.1006, -2.3499]], [[1.1161, 0.0], [4.2569, 0.0], [7.1122, 0.0], [10.5386, 0.0], [17.1058, -0.1305], [7.9688, -0.1305]], [[1.1161, 0.0], [4.2569, 0.0], [7.1122, 0.0], [10.5386, 0.0], [69.6432, -0.1305], [14.8215, -0.1305]]]",3.1624,0.0,0.0,0.0,0.0,0.0,0.0,True,[3],0.0,0.0,0.0,3.0453,8.0,2.6377,2.7593,4.2179,2.1439,2.4632,3.0453,"[[2.544, 0.0], [4.828, 0.0], [6.541, 0.0], [8.254, -0.131], [11.681, -0.131], [13.679, -0.131]]",ok,13.0381,0.0,0.0,0.0,0.0,0.0,0.0,0.0,0.0,0.0,d20d151ade9c4229806e9664c1bda422,scene-1068,42
0.9596,3.328,9.2084,0.7266,2.0933,4.0945,0.0,0.0,1.0,0.0,0.0,1.0,0.0,0.0,0.3333333333333333,ok,straight,0.9596,3.328,9.2084,0.7266,2.0933,4.0469,True,"[-0.1305, -0.1305, -0.3916, -0.3264, -0.5875, -1.0444, -0.1305, -0.1305]","[-894.3954, -1434.3509, -1707.0852, -7082.4969, -17158.4829, -29126.0304, -79583.6221, -79828.6169]","[3.7067, 3.6858, -1001704.9645, -1007080.3724, -1017156.3622, -1029123.9058, -1079581.4976, -1079826.4961]","[4.285, 4.047, 4.537, 3.384, 5.957, 4.955, 7.378, 8.138]","[[[4.2569, 0.0], [8.2543, 0.0], [13.1083, -0.1305], [15.9636, -0.1305], [21.6742, -0.1305], [26.5282, -0.2611]], [[3.6858, 0.0], [7.3977, 0.0], [13.1083, -0.1305], [15.9636, -0.1305], [21.6742, -0.1305], [26.5282, -0.2611]], [[3.6858, 0.0], [7.3977, 0.0], [13.1083, -0.1305], [15.9636, -0.1305], [21.1032, -0.9138], [29.9546, 0.7833]], [[4.2569, 0.0], [8.2543, 0.0], [13.1083, -0.1305], [15.9636, -0.1305], [15.9636, 0.1305], [26.8138, -0.6527]], [[3.6858, 0.0], [7.3977, 0.0], [13.1083, -0.1305], [15.9636, -0.1305], [19.1045, -0.2611], [40.5192, -1.1749]], [[4.2569, 0.0], [8.2543, 0.0], [13.1083, -0.1305], [15.9636, -0.1305], [15.107, 0.6527], [36.5218, -2.0888]], [[4.2569, 0.0], [8.2543, 0.0], [13.1083, -0.1305], [15.9636, -0.1305], [37.0928, 0.3916], [29.6691, -0.2611]], [[3.6858, 0.0], [7.3977, 0.0], [13.1083, -0.1305], [15.9636, -0.1305], [38.5205, 0.0], [34.2375, 0.2611]]]",1.5718,0.0,0.0,1.0,0.0,0.0,1.0,True,[3],0.0,0.0,0.3333333333333333,3.3844,8.0,1.8162,3.328,9.5161,1.4403,2.4502,3.3844,"[[3.686, 0.0], [7.398, 0.0], [13.108, -0.131], [15.964, -0.131], [21.674, -0.131], [26.528, -0.261]]",ok,8.1381,0.0,0.0,0.0,0.0,0.0,0.0,0.0,0.0,0.0,fd6296714eda481bac74b50c926d0565,scene-1068,42
0.3228,0.1933,0.126,0.2748,0.2337,0.196,0.0,0.0,0.0,0.0,0.0,0.0,0.0,0.0,0.0,ok,straight,0.3228,0.1933,0.4713,0.2748,0.2337,0.3973,False,"[-0.0653, -0.0653, -0.1305, -0.7833, -0.0653, -0.0653, -0.1958, -0.1305]","[-181.6898, -379.246, -33198.939, -120908.1812, -1067.7043, -2029.5407, -3768.5296, -5577.6151]","[3.3355, 3.3304, -1033196.6654, -1120905.9076, -2002539.6274, -2003501.4639, -2005240.4527, -2007049.5383]","[0.432, 0.395, 3.925, 4.06, 0.812, 1.19, 1.692, 1.501]","[[[2.2582, 0.0], [4.5424, 0.0], [6.5412, 0.0], [8.5399, 0.0], [9.1109, 0.0], [11.1096, -0.1305]], [[2.2582, 0.0], [4.5424, 0.0], [6.5412, 0.0], [8.5399, 0.0], [9.1109, -0.1305], [12.2517, -0.1305]], [[2.2582, 0.0], [4.5424, 0.0], [6.5412, 0.0], [8.5399, 0.0], [8.2543, 0.2611], [32.5244, 0.2611]], [[2.2582, 0.0], [4.5424, 0.0], [6.5412, 0.0], [8.5399, 0.0], [3.6858, 16.5798], [17.1058, -1.5666]], [[2.8293, 0.0], [6.2556, 0.0], [6.5412, 0.0], [8.5399, 0.0], [9.1109, 0.0], [11.1096, -0.1305]], [[2.8293, 0.0], [6.2556, 0.0], [6.5412, 0.0], [8.5399, 0.0], [7.6833, -0.1305], [10.253, -0.1305]], [[2.8293, 0.0], [6.2556, 0.0], [6.5412, 0.0], [8.5399, 0.0], [14.536, -0.1305], [14.2505, -0.3916]], [[2.8293, 0.0], [6.2556, 0.0], [6.5412, 0.0], [8.5399, 0.0], [14.8215, -0.3916], [12.8228, -0.2611]]]",1.3648,0.0,0.0,0.0,0.0,0.0,0.0,True,[3],0.0,0.0,0.0,0.3947,8.0,0.3228,0.1933,0.4713,0.2748,0.2337,0.3947,"[[2.258, 0.0], [4.542, 0.0], [6.541, 0.0], [8.54, 0.0], [9.111, 0.0], [12.252, -0.131]]",ok,4.0603,0.0,0.0,0.0,0.0,0.0,0.0,0.0,0.0,0.0,b227c51db2594af5aba12ccc722b7973,scene-1068,42
1.6387,6.2074,15.2577,1.1279,3.1163,6.4102,0.0,0.0,0.0,0.0,0.0,0.0,0.0,0.0,0.0,ok,left,2.199,6.2074,15.2577,1.6777,3.3911,6.6142,False,"[-1.9582, -3.3943, -3.3943, -2.9374, -2.5457, -2.2193, 8.2899, -3.3943]","[-98.42, -327.1155, -360.5887, -2717.5448, -6872.4926, -7515.5778, -21228.4948, -144039.959]","[1.2095, 0.8181, 0.7914, -1002716.7158, -1006871.6636, -1007514.7229, -1021227.6659, -1144039.1041]","[5.904, 6.614, 6.431, 7.05, 7.136, 5.992, 6.029, 6.835]","[[[2.8293, -0.1305], [5.399, -0.2611], [7.3977, -1.5666], [9.1109, -2.4804], [11.1096, -3.5248], [13.3939, -3.9165]], [[2.8293, -0.1305], [5.399, -0.2611], [7.3977, -1.5666], [9.1109, -2.4804], [11.9662, -4.8303], [13.6794, -6.7886]], [[2.2582, -0.1305], [4.5424, -0.5222], [7.3977, -1.5666], [9.1109, -2.4804], [11.9662, -4.8303], [13.6794, -6.7886]], [[2.2582, -0.1305], [4.5424, -0.5222], [7.3977, -1.5666], [9.1109, -2.4804], [13.9649, -6.5275], [17.6768, -5.8747]], [[2.2582, -0.1305], [4.5424, -0.5222], [7.3977, -1.5666], [9.1109, -2.4804], [16.2492, -6.5275], [17.3913, -5.0914]], [[2.8293, -0.1305], [5.399, -0.2611], [7.3977, -1.5666], [9.1109, -2.4804], [9.1109, -1.5666], [-2.8813, -4.4387]], [[2.2582, -0.1305], [4.5424, -0.5222], [7.3977, -1.5666], [9.1109, -2.4804], [13.1083, -3.0026], [17.6768, 16.5798]], [[2.8293, -0.1305], [5.399, -0.2611], [7.3977, -1.5666], [9.1109, -2.4804], [10.5386, 16.5798], [13.6794, -6.7886]]]",0.4573,0.0,0.0,0.0,0.0,0.0,0.0,True,[3],0.0,0.0,0.0,5.9036,8.0,2.199,6.2074,12.5434,1.6777,3.3911,5.9036,"[[2.829, -0.131], [5.399, -0.261], [7.398, -1.567], [9.111, -2.48], [11.966, -4.83], [13.679, -6.789]]",ok,7.1362,0.0,0.0,0.0,0.0,0.0,0.0,0.0,0.0,0.0,b58985f7ddc2454d95cb84a65d1fe9fe,scene-1069,42
3.8533,8.7255,9.4521,2.9174,5.0472,5.7062,0.0,0.0,0.0,0.0,0.0,0.0,0.0,0.0,0.0,ok,straight,3.8533,8.7255,9.4521,2.9174,5.0472,5.7062,False,"[-0.0653, -0.4569, -0.1305, -0.1305, -0.0653, -0.1305, -0.5875, -8.2899]","[-617.5556, -8001.2318, -8651.3851, -9587.8446, -16312.4843, -87208.8038, -107832.0631, -659245.327]","[3.4329, -1007998.101, -1008648.9192, -1009584.7138, -1016310.0184, -1087206.3378, -1107828.9323, -1659242.1962]","[8.242, 5.385, 5.706, 6.087, 4.754, 10.743, 11.459, 14.23]","[[[7.3977, 0.0], [14.8215, -0.1305], [22.2453, -0.1305], [31.0967, -0.1305], [41.3758, -1.5666], [51.0838, -0.1305]], [[8.2543, 0.0], [16.2492, 0.0], [22.2453, -0.1305], [31.0967, -0.1305], [32.5244, 0.2611], [40.5192, -0.9138]], [[7.3977, 0.0], [14.8215, -0.1305], [22.2453, -0.1305], [31.0967, -0.1305], [33.0954, -0.1305], [44.2311, -0.2611]], [[8.2543, 0.0], [16.2492, 0.0], [22.2453, -0.1305], [31.0967, -0.1305], [33.0954, -0.1305], [44.2311, -0.2611]], [[7.3977, 0.0], [14.8215, -0.1305], [22.2453, -0.1305], [31.0967, -0.1305], [30.2401, -0.1305], [41.3758, -0.1305]], [[7.3977, 0.0], [14.8215, -0.1305], [22.2453, -0.1305], [31.0967, -0.1305], [35.0941, -0.5222], [-2.8813, -0.2611]], [[8.2543, 0.0], [16.2492, 0.0], [22.2453, -0.1305], [31.0967, -0.1305], [37.0928, -0.2611], [-2.8813, 1.1749]], [[8.2543, 0.0], [16.2492, 0.0], [22.2453, -0.1305], [31.0967, -0.1305], [4.2569, -0.1305], [69.6432, 16.5798]]]",3.2365,0.0,0.0,0.0,0.0,0.0,0.0,False,[3],0.0,0.0,0.0,4.7543,8.0,3.8533,8.7255,6.596,2.9174,5.0472,4.7543,"[[7.398, 0.0], [14.822, -0.131], [22.245, -0.131], [31.097, -0.131], [33.095, -0.131], [44.231, -0.261]]",ok,14.2296,0.0,0.0,0.0,0.0,0.0,0.0,0.0,0.0,0.0,3f3a2be2e43d4baaa417698eea0706cb,scene-1069,42
2.0082,3.6654,11.7431,1.4939,3.0991,5.0169,0.0,0.0,0.0,0.0,0.0,0.0,0.0,0.0,0.0,ok,straight,2.0082,0.4234,11.7431,1.4939,1.5752,4.9993,True,"[-0.0653, -0.5222, -0.0653, -0.6527, -0.0653, -0.1958, -0.1305, -0.0]","[-3527.9203, -21362.8617, -164459.0827, -393691.1599, -1862.886, -35542.002, -54148.7485, -98409.075]","[-1003525.4589, -1021360.4003, -1164456.6214, -1393688.6985, -2003090.3167, -2036769.4328, -2055376.1792, -2099636.5058]","[4.001, 5.098, 7.084, 10.471, 5.065, 9.63, 7.87, 9.012]","[[[6.5412, 0.0], [13.1083, -0.1305], [19.39, -0.3916], [22.8163, 0.0], [33.0954, -0.1305], [44.2311, -0.1305]], [[6.5412, 0.0], [13.1083, -0.1305], [19.39, -0.3916], [22.8163, 0.0], [39.0915, 0.3916], [44.8021, -1.0444]], [[6.5412, 0.0], [13.1083, -0.1305], [19.39, -0.3916], [22.8163, 0.0], [41.3758, -0.3916], [10.5386, 0.1305]], [[6.5412, 0.0], [13.1083, -0.1305], [19.39, -0.3916], [22.8163, 0.0], [48.2285, 0.1305], [-2.8813, 1.3055]], [[5.9701, 0.0], [13.9649, 0.0], [22.2453, -0.1305], [26.5282, -0.1305], [33.0954, -0.1305], [44.2311, -0.1305]], [[5.9701, 0.0], [13.9649, 0.0], [22.2453, -0.1305], [26.5282, -0.1305], [35.0941, -0.7833], [69.6432, -0.3916]], [[5.9701, 0.0], [13.9649, 0.0], [22.2453, -0.1305], [26.5282, -0.1305], [47.3719, -0.1305], [46.8008, -0.2611]], [[5.9701, 0.0], [13.9649, 0.0], [22.2453, -0.1305], [26.5282, -0.1305], [33.0954, 0.2611], [-2.8813, 0.0]]]",2.2224,0.0,0.0,0.0,0.0,0.0,0.0,False,[3],0.0,0.0,0.0,4.001,8.0,2.0082,0.4234,11.7431,1.4939,1.5752,4.001,"[[6.541, 0.0], [13.108, -0.131], [19.39, -0.392], [22.816, 0.0], [39.092, -0.131], [44.231, -0.131]]",ok,10.4712,0.0,0.0,0.0,0.0,0.0,0.0,0.0,0.0,0.0,b364e3e790fe40b9836c19782d80df4b,scene-1069,42
3.8254,6.5784,13.2131,3.0141,4.5281,6.797,0.0,0.0,0.0,0.0,0.0,0.0,0.0,0.0,0.0,ok,straight,3.8254,6.5784,13.2131,3.0141,4.5289,6.7975,False,"[-0.0653, -0.0653, -0.1305, -0.0653, -0.3916, -0.1958, -0.0653, -5.94]","[-136.7296, -137.552, -2611.1074, -3256.9967, -40281.4294, -67579.6432, -188913.1376, -916767.9743]","[2.5181, 2.5081, -1002609.5218, -1003255.4211, -1040279.8438, -1067578.0576, -1188911.562, -1916766.3987]","[6.797, 6.892, 5.845, 8.986, 6.37, 7.083, 7.501, 13.02]","[[[3.1148, 0.0], [6.8267, 0.0], [10.5386, 0.0], [14.8215, -0.1305], [17.3913, -0.1305], [19.39, -0.1305]], [[3.1148, 0.0], [6.8267, 0.0], [10.253, -0.1305], [14.536, -0.1305], [17.3913, -0.1305], [19.39, -0.1305]], [[3.1148, 0.0], [6.8267, 0.0], [10.5386, 0.0], [14.8215, -0.1305], [21.3887, -0.3916], [21.1032, -0.2611]], [[3.1148, 0.0], [6.8267, 0.0], [10.253, -0.1305], [14.536, -0.1305], [15.9636, -0.1305], [8.2543, -0.1305]], [[3.1148, 0.0], [6.8267, 0.0], [10.5386, 0.0], [14.8215, -0.1305], [26.5282, -0.2611], [12.8228, -0.7833]], [[3.1148, 0.0], [6.8267, 0.0], [10.5386, 0.0], [14.8215, -0.1305], [6.5412, 0.0], [28.5269, -0.3916]], [[3.1148, 0.0], [6.8267, 0.0], [10.253, -0.1305], [14.536, -0.1305], [42.2324, -0.6527], [21.6742, -0.1305]], [[3.1148, 0.0], [6.8267, 0.0], [10.253, -0.1305], [14.536, -0.1305], [69.6432, -0.3916], [20.5321, -11.88]]]",2.1493,0.0,0.0,0.0,0.0,0.0,0.0,True,[3],0.0,0.0,0.0,5.845,8.0,3.8254,6.5784,11.4979,3.0141,4.5289,5.845,"[[3.115, 0.0], [6.827, 0.0], [10.539, 0.0], [14.822, -0.131], [17.391, -0.131], [19.39, -0.131]]",ok,13.0204,0.0,0.0,0.0,0.0,0.0,0.0,0.0,0.0,0.0,79db58d69e7d401d94bbf1f001019051,scene-1069,42
0.2202,0.8646,1.9244,0.4226,0.7758,1.0217,0.0,0.0,0.0,0.0,0.0,0.0,0.0,0.0,0.0,ok,straight,0.4889,0.8646,1.9244,0.7036,0.9163,1.1154,False,"[-0.0, -0.1305, -0.1305, -0.0, -0.0653, -0.0653, -0.1305, -0.1958]","[-143.4118, -1982.0875, -2026.7289, -3929.5126, -15547.0836, -20090.4671, -283637.5028, -572822.7422]","[3.9965, -1001980.0497, -1002024.6942, -1003927.4779, -1015545.0457, -1020088.4324, -1283635.4681, -1572820.7044]","[0.966, 1.115, 1.022, 1.293, 1.875, 9.317, 6.209, 7.662]","[[[5.6846, -0.1305], [10.253, -0.1305], [15.3926, -0.1305], [21.9598, -0.1305], [28.5269, -0.1305], [33.6665, 0.0]], [[5.6846, -0.1305], [10.253, -0.1305], [15.3926, -0.1305], [21.9598, -0.1305], [26.5282, -0.1305], [36.8073, -0.2611]], [[5.399, 0.0], [10.5386, -0.1305], [15.3926, -0.1305], [21.9598, -0.1305], [26.5282, -0.1305], [36.8073, -0.2611]], [[5.399, 0.0], [10.5386, -0.1305], [15.3926, -0.1305], [21.9598, -0.1305], [25.9572, -0.9138], [37.6639, 0.0]], [[5.6846, -0.1305], [10.253, -0.1305], [15.3926, -0.1305], [21.9598, -0.1305], [22.2453, 0.0], [37.0928, -0.1305]], [[5.399, 0.0], [10.5386, -0.1305], [15.3926, -0.1305], [21.9598, -0.1305], [45.6587, -0.7833], [69.6432, -0.1305]], [[5.399, 0.0], [10.5386, -0.1305], [15.3926, -0.1305], [21.9598, -0.1305], [2.8293, -0.1305], [44.2311, 0.2611]], [[5.6846, -0.1305], [10.253, -0.1305], [15.3926, -0.1305], [21.9598, -0.1305], [69.6432, -0.2611], [34.8086, -0.3916]]]",3.2403,0.0,0.0,0.0,0.0,0.0,0.0,False,[3],0.0,0.0,0.0,0.9656,8.0,0.4889,0.8646,1.2273,0.7036,0.9163,0.9656,"[[5.685, -0.131], [10.253, -0.131], [15.393, -0.131], [21.96, -0.131], [26.528, -0.131], [36.807, -0.261]]",ok,9.3171,0.0,0.0,0.0,0.0,0.0,0.0,0.0,0.0,0.0,23779301ebc34c1284e539ddf057f0b4,scene-1070,42
3.6201,7.595,12.8389,2.7627,4.4649,6.4136,0.0,0.0,0.0,0.0,0.0,0.0,0.0,0.0,0.0,ok,straight,3.3357,7.595,12.8632,2.3355,4.2513,6.3246,True,"[-0.1305, -0.4569, -0.4569, -0.1958, -0.1305, -8.2899, -0.4569, -3.6554]","[-2714.7566, -3809.4221, -6890.7443, -7497.5777, -7851.3355, -33952.7366, -38718.3815, -41735.0442]","[-1002710.9996, -1003805.6651, -1006886.9873, -1007496.1139, -1007849.8718, -1033948.9796, -1038716.9177, -1041733.5804]","[6.178, 7.131, 4.828, 3.08, 4.743, 6.597, 4.964, 4.777]","[[[4.5424, -0.1305], [8.8254, 0.0], [13.1083, -0.1305], [15.9636, -0.2611], [21.9598, -0.5222], [21.9598, -0.2611]], [[4.5424, -0.1305], [8.8254, 0.0], [13.1083, -0.1305], [15.9636, -0.2611], [20.8176, -0.1305], [17.3913, -0.9138]], [[4.5424, -0.1305], [8.8254, 0.0], [13.1083, -0.1305], [15.9636, -0.2611], [21.1032, -1.3055], [38.5205, -0.9138]], [[3.9714, 0.0], [8.5399, -0.1305], [15.107, -0.3916], [23.6729, -0.1305], [23.9585, 0.0], [29.9546, 0.3916]], [[3.9714, 0.0], [8.5399, -0.1305], [15.107, -0.3916], [23.6729, -0.1305], [21.9598, -0.5222], [21.9598, -0.2611]], [[4.5424, -0.1305], [8.8254, 0.0], [13.1083, -0.1305], [15.9636, -0.2611], [32.8099, -0.6527], [43.66, 16.5798]], [[3.9714, 0.0], [8.5399, -0.1305], [15.107, -0.3916], [23.6729, -0.1305], [35.0941, -0.7833], [19.39, -0.9138]], [[3.9714, 0.0], [8.5399, -0.1305], [15.107, -0.3916], [23.6729, -0.1305], [18.5334, 3.0026], [29.098, -7.3108]]]",1.2069,0.0,0.0,0.0,0.0,0.0,0.0,False,[3],0.0,0.0,0.0,3.0797,8.0,3.6201,0.1154,4.8692,2.7627,2.0986,3.0797,"[[4.542, -0.131], [8.825, 0.0], [13.108, -0.131], [15.964, -0.261], [21.103, -0.522], [21.96, -0.914]]",ok,7.1308,0.0,0.0,0.0,0.0,0.0,0.0,0.0,0.0,0.0,7f86adb3a3ee43e7b69a410b28ef6ab0,scene-1070,42
1.824,3.2977,5.0329,1.2879,1.8283,2.7355,0.0,0.0,0.0,0.0,0.0,0.0,0.0,0.0,0.0,ok,straight,1.824,3.2977,5.0329,1.2879,1.8283,2.7355,False,"[-0.0653, -0.0653, -0.1958, -0.5222, -0.5222, -5.0262, -0.3916, -0.0]","[-170.6554, -542.1294, -853.1508, -5974.6924, -32619.6836, -51515.1727, -109837.9946, -766372.4433]","[4.7911, 2.4941, 2.4108, -1005970.8838, -1032615.875, -1051513.6596, -1109834.186, -1766370.9302]","[2.485, 2.736, 2.785, 2.811, 7.913, 8.058, 4.757, 12.373]","[[[5.1135, 0.0], [11.9662, 0.0], [18.8189, -0.1305], [26.5282, -0.1305], [33.0954, -0.1305], [39.6626, -0.1305]], [[6.5412, 0.0], [13.3939, -0.1305], [18.8189, -0.1305], [26.5282, -0.1305], [33.0954, -0.1305], [39.6626, -0.1305]], [[6.5412, 0.0], [13.3939, -0.1305], [18.8189, -0.1305], [26.5282, -0.1305], [32.5244, -0.2611], [40.5192, -0.3916]], [[5.1135, 0.0], [11.9662, 0.0], [18.8189, -0.1305], [26.5282, -0.1305], [37.0928, 0.2611], [37.3784, 1.0444]], [[5.1135, 0.0], [11.9662, 0.0], [18.8189, -0.1305], [26.5282, -0.1305], [35.6652, 0.1305], [69.6432, -1.0444]], [[6.5412, 0.0], [13.3939, -0.1305], [18.8189, -0.1305], [26.5282, -0.1305], [33.6665, -0.1305], [69.6432, -10.0523]], [[5.1135, 0.0], [11.9662, 0.0], [18.8189, -0.1305], [26.5282, -0.1305], [17.3913, -0.9138], [45.6587, 0.7833]], [[6.5412, 0.0], [13.3939, -0.1305], [18.8189, -0.1305], [26.5282, -0.1305], [-2.8813, -0.3916], [69.6432, 0.0]]]",3.3818,0.0,0.0,0.0,0.0,0.0,0.0,True,[3],0.0,0.0,0.0,2.4848,8.0,0.3954,3.2977,5.0329,0.5357,1.4522,2.4848,"[[6.541, 0.0], [13.394, -0.131], [18.819, -0.131], [26.528, -0.131], [33.095, -0.131], [39.663, -0.131]]",ok,12.3731,0.0,0.0,0.0,0.0,0.0,0.0,0.0,0.0,0.0,9b5678cae57643908e22f01ca710d135,scene-1070,42
2.8625,5.6101,14.9859,2.4835,3.6139,6.3846,0.0,0.0,1.0,0.0,0.0,1.0,0.0,0.0,0.16666666666666666,ok,straight,2.8625,7.3232,14.9859,2.4835,4.6847,7.0985,False,"[-0.0653, -0.0653, -0.0653, -0.0, -0.1305, -0.2611, -0.2611, -1.7624]","[-1474.3684, -1580.6741, -1831.4098, -13587.9565, -35573.3668, -94967.7936, -97915.6685, -130229.6754]","[-1001471.1574, -1001577.4019, -1001828.1988, -1013584.6843, -1035570.1557, -1094964.5213, -1097912.3963, -1130226.4644]","[7.098, 6.67, 6.337, 6.909, 11.668, 9.576, 9.625, 8.556]","[[[6.5412, 0.0], [12.5373, 0.0], [20.8176, 0.0], [26.5282, -0.1305], [33.0954, -0.1305], [44.2311, -0.1305]], [[6.5412, 0.0], [12.5373, 0.0], [18.2479, -0.1305], [26.5282, -0.1305], [33.0954, -0.1305], [44.2311, -0.1305]], [[6.5412, 0.0], [12.5373, 0.0], [20.8176, 0.0], [26.5282, -0.1305], [31.3822, -0.2611], [41.3758, -0.1305]], [[6.5412, 0.0], [12.5373, 0.0], [18.2479, -0.1305], [26.5282, -0.1305], [39.9481, -0.5222], [38.806, 0.0]], [[6.5412, 0.0], [12.5373, 0.0], [20.8176, 0.0], [26.5282, -0.1305], [35.0941, 0.1305], [69.6432, -0.2611]], [[6.5412, 0.0], [12.5373, 0.0], [18.2479, -0.1305], [26.5282, -0.1305], [33.381, 0.1305], [-2.8813, -0.5222]], [[6.5412, 0.0], [12.5373, 0.0], [18.2479, -0.1305], [26.5282, -0.1305], [33.6665, -0.3916], [-2.8813, 0.5222]], [[6.5412, 0.0], [12.5373, 0.0], [20.8176, 0.0], [26.5282, -0.1305], [26.5282, 16.5798], [44.5166, -3.5248]]]",1.7563,0.0,0.0,1.0,0.0,0.0,1.0,False,[3],0.0,0.0,0.16666666666666666,6.337,8.0,2.8625,7.3232,12.1311,2.4835,4.6847,6.337,"[[6.541, 0.0], [12.537, 0.0], [20.818, 0.0], [26.528, -0.131], [33.095, -0.131], [44.231, -0.131]]",ok,11.6677,0.0,0.0,0.0,0.0,0.0,0.0,0.0,0.0,0.0,5e0802535c0548728901a834f82b1c4f,scene-1070,42
3.3472,9.6831,14.3405,2.395,4.5638,6.7882,0.0,1.0,1.0,0.0,1.0,1.0,0.0,0.25,0.3333333333333333,ok,straight,1.9194,7.1134,11.7708,1.2568,3.2809,5.695,True,"[-0.1305, -0.1305, -0.0653, -0.1305, -0.0653, -0.1305, -0.0653, -0.0653]","[-886.6351, -1861.3509, -2024.6796, -2969.7305, -6278.6938, -103520.9753, -119773.6016, -454874.5411]","[-1000883.3484, -1001858.0643, -1002021.3929, -1002966.444, -1006275.4072, -1103517.6887, -1119770.3151, -1454871.2545]","[6.076, 6.219, 5.933, 4.841, 6.647, 9.312, 10.074, 11.55]","[[[5.6846, -0.1305], [11.9662, 0.0], [18.5334, 0.0], [27.0993, -0.1305], [36.5218, 0.0], [41.6613, 0.2611]], [[5.6846, -0.1305], [11.9662, 0.0], [20.2466, -0.1305], [29.6691, -0.1305], [34.2375, -0.1305], [40.5192, -0.2611]], [[5.6846, -0.1305], [11.9662, 0.0], [18.5334, 0.0], [27.0993, -0.1305], [33.0954, -0.1305], [44.2311, -0.1305]], [[5.6846, -0.1305], [11.9662, 0.0], [20.2466, -0.1305], [29.6691, -0.1305], [34.8086, -0.1305], [31.6678, -0.2611]], [[5.6846, -0.1305], [11.9662, 0.0], [20.2466, -0.1305], [29.6691, -0.1305], [33.0954, -0.1305], [44.2311, -0.1305]], [[5.6846, -0.1305], [11.9662, 0.0], [18.5334, 0.0], [27.0993, -0.1305], [27.9559, 0.1305], [69.6432, -0.2611]], [[5.6846, -0.1305], [11.9662, 0.0], [20.2466, -0.1305], [29.6691, -0.1305], [28.2414, 0.1305], [69.6432, -0.1305]], [[5.6846, -0.1305], [11.9662, 0.0], [18.5334, 0.0], [27.0993, -0.1305], [8.5399, -0.3916], [69.6432, -0.1305]]]",2.2412,0.0,0.0,1.0,0.0,0.0,1.0,True,[3],0.0,0.0,0.3333333333333333,4.8414,8.0,1.9194,9.6831,1.7957,1.2568,4.3516,4.8414,"[[5.685, -0.131], [11.966, 0.0], [18.533, 0.0], [27.099, -0.131], [34.238, -0.131], [41.661, -0.131]]",ok,11.5504,0.0,0.0,0.0,0.0,0.0,0.0,0.0,0.0,0.0,7e351605549547f8af19432917f23b73,scene-1071,42
3.8603,8.8579,13.5403,3.029,5.4805,7.7835,0.0,0.0,0.0,0.0,0.0,0.0,0.0,0.0,0.0,ok,straight,3.8603,8.8579,13.5429,3.029,5.4805,7.2144,True,"[-0.0653, -0.0, -0.0, -2.7415, -0.0653, -0.0653, -0.0653, -0.0653]","[-238.9017, -6880.1507, -9462.4849, -12221.3925, -1802.6158, -5711.8181, -11948.4267, -13869.618]","[4.7233, -1006877.3952, -1009459.7294, -1012218.637, -2003963.952, -2007873.1543, -2014109.7629, -2016030.9543]","[7.784, 5.938, 7.405, 6.901, 4.788, 7.355, 6.593, 5.836]","[[[2.2582, 0.0], [5.1135, 0.0], [6.5412, 0.0], [9.1109, 0.0], [11.1096, -0.1305], [13.1083, -0.1305]], [[2.2582, 0.0], [5.1135, 0.0], [6.5412, 0.0], [9.1109, 0.0], [14.536, 0.1305], [32.5244, 0.0]], [[2.2582, 0.0], [5.1135, 0.0], [6.5412, 0.0], [9.1109, 0.0], [15.9636, 0.1305], [10.5386, 0.0]], [[2.2582, 0.0], [5.1135, 0.0], [6.5412, 0.0], [9.1109, 0.0], [9.3964, 0.0], [23.6729, 5.4831]], [[2.2582, 0.0], [5.1135, 0.0], [6.2556, 0.0], [11.9662, -0.1305], [18.2479, 0.1305], [21.3887, -0.1305]], [[2.2582, 0.0], [5.1135, 0.0], [6.2556, 0.0], [11.9662, -0.1305], [11.1096, -0.1305], [13.1083, -0.1305]], [[2.2582, 0.0], [5.1135, 0.0], [6.2556, 0.0], [11.9662, -0.1305], [18.5334, -0.2611], [10.253, -0.1305]], [[2.2582, 0.0], [5.1135, 0.0], [6.2556, 0.0], [11.9662, -0.1305], [11.1096, 0.0], [22.2453, 0.1305]]]",0.9359,0.0,0.0,0.0,0.0,0.0,0.0,False,[3],0.0,0.0,0.0,4.7885,8.0,3.8603,6.0008,5.2623,3.029,4.8375,4.7885,"[[2.258, 0.0], [5.113, 0.0], [6.541, 0.0], [9.111, 0.0], [14.536, 0.131], [13.108, 0.0]]",ok,7.7835,0.0,0.0,0.0,0.0,0.0,0.0,0.0,0.0,0.0,f02d48168d5145109cfb2ddd7f35b04e,scene-1071,42
5.6458,15.269,17.8261,4.1688,8.24,10.9676,0.0,1.0,0.0,0.0,1.0,1.0,0.0,0.5,0.5,ok,straight,5.6458,15.269,22.1089,4.1688,8.24,11.6815,False,"[-0.1305, -0.0653, -0.0653, -0.0653, -0.0653, -0.7833, -0.1305, -0.3264]","[-2381.8908, -3519.0179, -28033.2473, -218560.8597, -4774.4029, -6245.6605, -40155.4137, -107253.9861]","[-1002378.0298, -1003515.1569, -1028029.3863, -1218556.9988, -2011894.7211, -2013365.9787, -2047275.7319, -2114374.3043]","[13.347, 10.968, 10.874, 9.487, 9.303, 10.026, 14.491, 10.587]","[[[6.5412, 0.0], [13.1083, 0.0], [20.2466, 0.0], [29.6691, 0.0], [41.0903, -0.1305], [45.9443, 0.2611]], [[6.5412, 0.0], [13.1083, 0.0], [20.2466, 0.0], [29.6691, 0.0], [33.0954, 0.0], [39.6626, -0.1305]], [[6.5412, 0.0], [13.1083, 0.0], [20.2466, 0.0], [29.6691, 0.0], [28.2414, -0.3916], [43.9456, -0.1305]], [[6.5412, 0.0], [13.1083, 0.0], [20.2466, 0.0], [29.6691, 0.0], [9.682, 0.6527], [37.3784, 0.1305]], [[6.5412, 0.0], [13.1083, 0.0], [15.3926, 0.2611], [24.5295, 0.0], [33.0954, 0.0], [39.6626, -0.1305]], [[6.5412, 0.0], [13.1083, 0.0], [15.3926, 0.2611], [24.5295, 0.0], [32.2388, -0.1305], [44.8021, 1.5666]], [[6.5412, 0.0], [13.1083, 0.0], [15.3926, 0.2611], [24.5295, 0.0], [34.2375, 0.3916], [69.6432, 0.2611]], [[6.5412, 0.0], [13.1083, 0.0], [15.3926, 0.2611], [24.5295, 0.0], [2.2582, 0.0], [-2.8813, -0.6527]]]",1.7269,0.0,1.0,0.0,0.0,1.0,1.0,False,[3],0.0,0.5,0.5,9.3035,8.0,5.6458,10.1294,17.8261,4.1688,5.7439,9.3035,"[[6.541, 0.0], [13.108, 0.0], [20.247, 0.0], [29.669, 0.0], [33.095, -0.131], [43.946, -0.131]]",ok,14.4915,0.0,0.0,0.0,0.0,0.0,0.0,0.0,0.0,0.0,2a1710d55ac747339eae4502565b956b,scene-1071,42
2.5276,11.2958,17.717,2.218,4.8497,7.5135,0.0,1.0,0.0,0.0,1.0,1.0,0.0,0.25,0.16666666666666666,ok,straight,2.5276,10.724,18.0009,2.218,5.6344,9.5111,False,"[-0.1958, -0.0653, -0.0653, -0.0, -0.0653, -0.1958, -0.1958, -0.6527]","[-5537.891, -5989.736, -12957.4688, -23636.8604, -25067.2158, -26934.4698, -28085.173, -29132.3671]","[-2008041.2488, -2008815.6183, -2015460.8266, -2026140.2182, -2027893.0982, -2029760.3522, -2030588.5308, -2031958.2495]","[9.556, 15.508, 8.036, 10.606, 7.513, 5.548, 6.855, 6.955]","[[[5.9701, 0.0], [10.5386, 0.0], [19.1045, -0.1305], [25.9572, -0.2611], [35.0941, -3.1332], [39.9481, 0.3916]], [[5.9701, 0.0], [10.5386, 0.0], [15.3926, 0.0], [26.5282, 0.0], [44.5166, 0.2611], [69.6432, -0.1305]], [[5.9701, 0.0], [10.5386, 0.0], [19.1045, -0.1305], [25.9572, -0.2611], [26.5282, -0.1305], [39.6626, -0.1305]], [[5.9701, 0.0], [10.5386, 0.0], [19.1045, -0.1305], [25.9572, -0.2611], [41.3758, 0.0], [40.2337, 0.0]], [[5.9701, 0.0], [10.5386, 0.0], [15.3926, 0.0], [26.5282, 0.0], [26.5282, -0.1305], [39.6626, -0.1305]], [[5.9701, 0.0], [10.5386, 0.0], [15.3926, 0.0], [26.5282, 0.0], [19.1045, -1.436], [9.3964, -0.3916]], [[5.9701, 0.0], [10.5386, 0.0], [19.1045, -0.1305], [25.9572, -0.2611], [33.952, 0.1305], [18.8189, 0.3916]], [[5.9701, 0.0], [10.5386, 0.0], [15.3926, 0.0], [26.5282, 0.0], [25.1006, -0.1305], [37.6639, 1.3055]]]",2.9332,0.0,1.0,0.0,0.0,1.0,1.0,False,[3],0.0,0.25,0.3333333333333333,5.5483,8.0,2.5276,11.2958,12.5519,2.218,4.8497,5.5483,"[[5.97, 0.0], [10.539, 0.0], [19.104, -0.131], [25.957, -0.261], [35.094, -0.131], [39.948, -0.131]]",ok,15.5082,0.0,0.0,0.0,0.0,0.0,0.0,0.0,0.0,0.0,dd30cd99e03a43ecb74f1a41769bd9a7,scene-1071,42
2.0185,8.8066,13.3623,1.9747,3.6613,6.5258,0.0,0.0,1.0,0.0,0.0,1.0,0.0,0.0,0.3333333333333333,ok,straight,3.7327,10.8119,13.3599,2.4066,5.9481,8.0496,False,"[-0.0653, -0.1305, -0.0, -0.1305, -0.0653, -0.0653, -0.1958, -0.3916]","[-710.8381, -3918.7875, -64601.6111, -174356.2088, -1250.8444, -10457.4554, -69215.1623, -74549.4935]","[2.2763, -1003917.9656, -1064600.7893, -1174355.3869, -2003590.4064, -2012797.0175, -2071554.7243, -2076889.0555]","[8.05, 8.384, 12.904, 8.096, 7.144, 5.262, 7.927, 11.618]","[[[5.6846, -0.1305], [12.8228, -0.1305], [21.6742, 0.0], [28.5269, -0.3916], [33.0954, -0.1305], [39.6626, -0.1305]], [[5.6846, -0.1305], [12.8228, -0.1305], [21.6742, 0.0], [28.5269, -0.3916], [37.0928, 0.5222], [37.6639, 0.2611]], [[5.6846, -0.1305], [12.8228, -0.1305], [21.6742, 0.0], [28.5269, -0.3916], [32.2388, 0.0], [69.6432, 0.0]], [[5.6846, -0.1305], [12.8228, -0.1305], [21.6742, 0.0], [28.5269, -0.3916], [11.9662, 0.3916], [41.0903, -0.2611]], [[6.5412, 0.0], [11.1096, 0.0], [19.39, -0.1305], [26.2427, -0.1305], [33.0954, -0.1305], [39.6626, -0.1305]], [[6.5412, 0.0], [11.1096, 0.0], [19.39, -0.1305], [26.2427, -0.1305], [31.9533, 0.0], [23.1019, -0.1305]], [[6.5412, 0.0], [11.1096, 0.0], [19.39, -0.1305], [26.2427, -0.1305], [36.8073, 0.1305], [11.9662, -0.3916]], [[6.5412, 0.0], [11.1096, 0.0], [19.39, -0.1305], [26.2427, -0.1305], [29.9546, -0.1305], [69.6432, 0.7833]]]",2.2885,0.0,1.0,1.0,0.0,1.0,1.0,True,[3],0.0,0.25,0.5,5.2625,8.0,2.0185,8.5211,3.2168,1.9747,4.5887,5.2625,"[[5.685, -0.131], [12.823, -0.131], [21.674, 0.0], [28.527, -0.392], [33.095, 0.0], [39.663, 0.0]]",ok,12.9035,0.0,0.0,0.0,0.0,0.0,0.0,0.0,0.0,0.0,f9ad282e31ce47d5a16dffc3b25c456a,scene-1072,42
4.0662,8.9452,12.9643,2.922,5.0841,7.3833,0.0,0.0,1.0,0.0,0.0,1.0,0.0,0.0,0.3333333333333333,ok,straight,4.0662,8.9452,16.961,2.922,5.0841,8.1446,False,"[-0.0653, -0.0653, -0.1305, -0.0, -0.0653, -0.1305, -8.2899, -0.3916]","[-360.4295, -2841.7311, -4546.8164, -79999.4704, -16871.2242, -23423.8646, -27286.1632, -30490.8427]","[3.3439, -1002839.737, -1004544.8224, -1079997.4763, -2020091.6561, -2026644.2965, -2030506.5951, -2033711.2746]","[7.383, 8.906, 8.968, 9.677, 9.81, 10.572, 12.427, 9.435]","[[[6.5412, 0.0], [13.1083, -0.1305], [18.8189, -0.1305], [26.5282, -0.1305], [33.0954, -0.1305], [39.6626, -0.1305]], [[6.5412, 0.0], [13.1083, -0.1305], [18.8189, -0.1305], [26.5282, -0.1305], [33.6665, -0.1305], [48.2285, -0.1305]], [[6.5412, 0.0], [13.1083, -0.1305], [18.8189, -0.1305], [26.5282, -0.1305], [38.5205, 1.5666], [43.66, 0.2611]], [[6.5412, 0.0], [13.1083, -0.1305], [18.8189, -0.1305], [26.5282, -0.1305], [33.0954, -0.1305], [-0.026, 0.0]], [[6.5412, 0.0], [13.1083, -0.1305], [24.8151, 0.0], [35.0941, 0.0], [33.0954, -0.1305], [39.6626, -0.1305]], [[6.5412, 0.0], [13.1083, -0.1305], [24.8151, 0.0], [35.0941, 0.0], [33.0954, -0.3916], [44.2311, -0.2611]], [[6.5412, 0.0], [13.1083, -0.1305], [24.8151, 0.0], [35.0941, 0.0], [42.5179, -0.7833], [36.2362, 16.5798]], [[6.5412, 0.0], [13.1083, -0.1305], [24.8151, 0.0], [35.0941, 0.0], [30.5257, -0.3916], [39.9481, 0.7833]]]",1.3599,0.0,0.0,0.0,0.0,0.0,1.0,True,[3],0.0,0.0,0.16666666666666666,7.3832,8.0,4.0662,8.9452,12.9636,2.922,5.0841,7.3832,"[[6.541, 0.0], [13.108, -0.131], [18.819, -0.131], [26.528, -0.131], [33.666, -0.131], [43.66, -0.131]]",ok,12.4275,0.0,0.0,0.0,0.0,0.0,0.0,0.0,0.0,0.0,fcd1acc0208f4ac08c879e2be95529a5,scene-1072,42
1.043,0.0684,0.46,0.893,0.7681,1.0585,0.0,0.0,0.0,0.0,0.0,0.0,0.0,0.0,0.0,ok,straight,0.6721,0.0684,0.46,0.4226,0.5329,0.474,True,"[-0.0653, -0.0653, -0.0653, -0.1305, -0.1958, -0.3264, -0.0653, -0.0653]","[-147.7083, -1242.0547, -2229.745, -7870.2544, -8133.8609, -8432.6651, -118440.1915, -194184.5427]","[3.5899, 3.3524, -1002227.6387, -1007867.9266, -1008131.5331, -1008430.5588, -1118437.8637, -1194182.4364]","[0.631, 0.474, 2.748, 2.248, 1.636, 1.586, 8.485, 4.711]","[[[3.6858, 0.0], [7.3977, 0.0], [11.1096, -0.1305], [15.9636, -0.1305], [19.39, -0.1305], [21.9598, -0.1305]], [[4.2569, 0.0], [9.1109, 0.0], [11.1096, -0.1305], [15.9636, -0.1305], [19.39, -0.1305], [21.9598, -0.1305]], [[4.2569, 0.0], [9.1109, 0.0], [11.1096, -0.1305], [15.9636, -0.1305], [21.9598, -0.2611], [33.952, -0.1305]], [[3.6858, 0.0], [7.3977, 0.0], [11.1096, -0.1305], [15.9636, -0.1305], [21.6742, -0.1305], [14.536, -0.2611]], [[3.6858, 0.0], [7.3977, 0.0], [11.1096, -0.1305], [15.9636, -0.1305], [15.6781, -0.3916], [25.6716, -0.3916]], [[4.2569, 0.0], [9.1109, 0.0], [11.1096, -0.1305], [15.9636, -0.1305], [23.6729, -0.2611], [19.6755, 0.6527]], [[3.6858, 0.0], [7.3977, 0.0], [11.1096, -0.1305], [15.9636, -0.1305], [19.6755, -0.3916], [69.6432, -0.1305]], [[4.2569, 0.0], [9.1109, 0.0], [11.1096, -0.1305], [15.9636, -0.1305], [-2.8813, 0.1305], [26.5282, -0.1305]]]",2.4805,0.0,0.0,0.0,0.0,0.0,0.0,True,[3],0.0,0.0,0.0,0.474,8.0,0.6721,0.0684,0.46,0.4226,0.5329,0.474,"[[4.257, 0.0], [9.111, 0.0], [11.11, -0.131], [15.964, -0.131], [19.39, -0.131], [21.96, -0.131]]",ok,8.4852,0.0,0.0,0.0,0.0,0.0,0.0,0.0,0.0,0.0,70d04b7ebd6f4cae85f7c0f1dade1871,scene-1072,42
1.9174,3.06,7.2394,1.2685,2.2238,3.6305,0.0,0.0,0.0,0.0,0.0,0.0,0.0,0.0,0.0,ok,straight,3.6302,4.4875,7.2394,2.8383,3.3656,4.3918,False,"[-0.1305, -0.1305, -0.2611, -0.0653, -0.2611, -0.0653, -0.8486, -0.3264]","[-200.9441, -301.8593, -10386.3304, -41536.8756, -45833.0106, -48263.5232, -113898.065, -258625.5942]","[2.2278, 2.1962, -1010385.4761, -1041536.0213, -1045832.1563, -1048262.6386, -1113897.1804, -1258624.7096]","[4.963, 4.392, 5.345, 5.722, 5.916, 7.866, 9.073, 8.269]","[[[5.399, 0.0], [10.253, -0.1305], [15.107, -0.1305], [18.8189, 0.0], [21.6742, -0.1305], [26.5282, -0.2611]], [[5.399, 0.0], [10.253, -0.1305], [13.1083, -0.1305], [17.3913, -0.1305], [21.6742, -0.1305], [26.5282, -0.2611]], [[5.399, 0.0], [10.253, -0.1305], [13.1083, -0.1305], [17.3913, -0.1305], [27.6704, -0.2611], [26.2427, -0.5222]], [[5.399, 0.0], [10.253, -0.1305], [13.1083, -0.1305], [17.3913, -0.1305], [25.3861, -5.3525], [9.1109, 0.1305]], [[5.399, 0.0], [10.253, -0.1305], [13.1083, -0.1305], [17.3913, -0.1305], [33.0954, -0.1305], [24.244, -0.5222]], [[5.399, 0.0], [10.253, -0.1305], [15.107, -0.1305], [18.8189, 0.0], [35.9507, 0.0], [29.6691, -0.1305]], [[5.399, 0.0], [10.253, -0.1305], [15.107, -0.1305], [18.8189, 0.0], [42.5179, -0.2611], [30.2401, -1.6971]], [[5.399, 0.0], [10.253, -0.1305], [15.107, -0.1305], [18.8189, 0.0], [-2.8813, -0.1305], [33.0954, -0.6527]]]",1.6076,0.0,0.0,0.0,0.0,0.0,0.0,True,[3],0.0,0.0,0.0,4.3918,8.0,3.6302,4.4875,7.2394,2.8383,3.3656,4.3918,"[[5.399, 0.0], [10.253, -0.131], [13.108, -0.131], [17.391, -0.131], [21.674, -0.131], [26.528, -0.261]]",ok,9.0727,0.0,0.0,0.0,0.0,0.0,0.0,0.0,0.0,0.0,51b48a4ba38b4824a21d4a8b39a7a6e9,scene-1072,42
3.1148,5.9701,7.3977,2.401,3.6858,4.6852,0.0,1.0,1.0,0.0,1.0,1.0,0.0,0.25,0.5,ok,straight,3.1148,5.6846,8.8263,2.401,3.6858,5.209,False,"[-0.0, -0.0653, -1.893, -0.0, -0.0, -0.1305, -0.0653, -0.1305]","[-13.7925, -44.8177, -663.6849, -2197.326, -2437.2762, -2911.1656, -6622.7981, -32377.9992]","[4.3629, 4.2528, -1000660.3682, -1002194.0291, -1002433.9794, -1002907.8687, -1006619.5012, -1032374.6825]","[4.828, 5.209, 5.875, 5.209, 4.257, 4.829, 4.448, 9.873]","[[[1.6871, 0.0], [3.1148, 0.0], [4.2569, 0.0], [5.6846, 0.0], [6.8267, 0.0], [7.3977, 0.0]], [[1.6871, 0.0], [3.1148, 0.0], [4.2569, 0.0], [5.6846, 0.0], [7.6833, -0.1305], [8.8254, -0.1305]], [[1.6871, 0.0], [3.1148, 0.0], [4.2569, 0.0], [5.6846, 0.0], [7.6833, -0.1305], [12.2517, -3.7859]], [[1.6871, 0.0], [3.1148, 0.0], [3.6858, -0.1305], [2.8293, 0.0], [5.1135, 0.0], [14.8215, 0.0]], [[1.6871, 0.0], [3.1148, 0.0], [3.6858, -0.1305], [2.8293, 0.0], [6.8267, 0.0], [7.3977, 0.0]], [[1.6871, 0.0], [3.1148, 0.0], [3.6858, -0.1305], [2.8293, 0.0], [3.9714, -0.1305], [13.6794, 0.2611]], [[1.6871, 0.0], [3.1148, 0.0], [3.6858, -0.1305], [2.8293, 0.0], [8.5399, 0.1305], [6.8267, 0.1305]], [[1.6871, 0.0], [3.1148, 0.0], [4.2569, 0.0], [5.6846, 0.0], [8.2543, 0.1305], [36.2362, -0.2611]]]",1.6937,0.0,1.0,1.0,0.0,1.0,1.0,True,[3],0.0,0.5,0.6666666666666666,4.2573,8.0,3.1148,2.8293,7.3977,2.401,2.8298,4.2573,"[[1.687, 0.0], [3.115, 0.0], [4.257, 0.0], [5.685, 0.0], [7.683, -0.131], [8.825, -0.131]]",ok,9.8727,1.0,1.0,0.0,1.0,1.0,1.0,0.5,0.75,0.5,127c5ddf95e947ef96888e56d5a355f6,scene-1073,42
2.5437,4.5424,6.8267,1.8299,2.972,3.9714,0.0,0.0,1.0,0.0,0.0,1.0,0.0,0.0,0.16666666666666666,ok,straight,2.2582,3.9714,6.5412,1.6871,2.7579,3.8762,True,"[-0.0, -0.0, -0.0, -0.0653, -0.0, -0.1305, -0.0653, -0.0]","[-156.8368, -237.1487, -264.3729, -249.1015, -907.2768, -1172.8441, -3420.3371, -4589.0564]","[3.7579, 3.7071, 3.6317, 2.2272, -1000905.0534, -1001170.6207, -1003418.0555, -1004586.7748]","[3.591, 3.876, 3.495, 3.543, 3.495, 4.828, 4.638, 3.876]","[[[1.1161, 0.0], [2.2582, 0.0], [3.6858, 0.0], [3.9714, 0.0], [5.1135, 0.1305], [5.399, 0.0]], [[1.1161, 0.0], [2.2582, 0.0], [3.6858, 0.0], [3.9714, 0.0], [5.6846, 0.0], [6.5412, 0.0]], [[0.545, 0.0], [1.1161, 0.0], [3.1148, 0.0], [3.9714, 0.0], [5.6846, 0.0], [6.5412, 0.0]], [[0.545, 0.0], [1.1161, 0.0], [3.1148, 0.0], [3.9714, 0.0], [5.6846, 0.0], [6.8267, 0.1305]], [[0.545, 0.0], [1.1161, 0.0], [3.1148, 0.0], [3.9714, 0.0], [6.5412, 0.0], [5.6846, 0.0]], [[0.545, 0.0], [1.1161, 0.0], [3.1148, 0.0], [3.9714, 0.0], [6.2556, 0.0], [13.9649, 0.2611]], [[1.1161, 0.0], [2.2582, 0.0], [3.6858, 0.0], [3.9714, 0.0], [8.8254, 0.1305], [7.9688, -0.1305]], [[1.1161, 0.0], [2.2582, 0.0], [3.6858, 0.0], [3.9714, 0.0], [2.2582, 0.0], [9.9675, 0.0]]]",0.4943,0.0,0.0,1.0,0.0,0.0,1.0,True,[3],0.0,0.0,0.3333333333333333,3.4955,8.0,1.1161,3.9714,6.5412,0.8306,2.1868,3.4955,"[[1.116, 0.0], [2.258, 0.0], [3.686, 0.0], [3.971, 0.0], [5.685, 0.0], [6.541, 0.0]]",ok,4.8284,1.0,1.0,0.0,1.0,1.0,1.0,0.5,0.75,0.6666666666666666,d527bdde872340a383de3a7cf3979e7d,scene-1073,42
4.0855,5.1094,4.5666,3.1982,4.0706,4.4006,0.0,0.0,0.0,0.0,0.0,0.0,0.0,0.0,0.0,ok,straight,4.0855,5.6803,5.1359,3.1982,4.2133,4.5907,False,"[-0.0653, -0.0653, -0.0653, -0.2611, -0.3916, -0.0653, -0.0653, -0.0653]","[-77.739, -598.075, -1482.8192, -1961.2467, -2836.4359, -13090.6821, -18375.2515, -18645.7448]","[4.5809, -1000594.9752, -1001479.7225, -1001958.15, -1002833.3362, -1013087.5854, -1018372.1548, -1018642.6451]","[4.591, 4.4, 4.211, 5.734, 8.303, 8.063, 4.455, 4.425]","[[[2.8293, 0.0], [5.9701, 0.0], [8.5399, 0.0], [11.6807, 0.0], [13.9649, -0.1305], [15.9636, -0.1305]], [[2.8293, 0.0], [5.9701, 0.0], [8.5399, 0.0], [11.6807, 0.0], [14.8215, 0.1305], [13.9649, -0.1305]], [[2.8293, 0.0], [5.9701, 0.0], [8.5399, -0.1305], [9.3964, 0.0], [13.9649, -0.1305], [15.9636, -0.1305]], [[2.8293, 0.0], [5.9701, 0.0], [8.5399, -0.1305], [9.3964, 0.0], [13.9649, 0.0], [25.1006, -0.5222]], [[2.8293, 0.0], [5.9701, 0.0], [8.5399, 0.0], [11.6807, 0.0], [18.5334, 0.7833], [33.6665, 0.7833]], [[2.8293, 0.0], [5.9701, 0.0], [8.5399, -0.1305], [9.3964, 0.0], [22.5308, -0.2611], [30.5257, -0.1305]], [[2.8293, 0.0], [5.9701, 0.0], [8.5399, -0.1305], [9.3964, 0.0], [16.2492, -0.1305], [6.5412, -0.1305]], [[2.8293, 0.0], [5.9701, 0.0], [8.5399, 0.0], [11.6807, 0.0], [7.6833, -0.2611], [19.6755, 0.1305]]]",1.5978,0.0,0.0,0.0,0.0,0.0,0.0,True,[3],0.0,0.0,0.0,4.2107,8.0,4.0855,3.397,5.1359,3.1982,3.6434,4.2107,"[[2.829, 0.0], [5.97, 0.0], [8.54, 0.0], [11.681, 0.0], [13.965, -0.131], [15.964, -0.131]]",ok,8.3026,0.0,0.0,0.0,0.0,0.0,0.0,0.0,0.0,0.0,e353030f3b82412d9619cab425e59985,scene-1073,42
0.5007,3.0775,5.9385,0.4281,1.4381,2.6735,0.0,0.0,0.0,0.0,0.0,0.0,0.0,0.0,0.0,ok,left,0.5007,2.9763,6.7282,0.4281,1.4128,2.7695,False,"[-0.6527, -0.6527, -0.6527, -0.9138, -1.436, -0.9138, -0.1958, -2.2846]","[-242.5047, -593.7725, -4123.2416, -7123.0558, -8769.9286, -15402.3908, -21657.553, -124605.471]","[3.4158, 3.2294, -1004120.9228, -1007120.7369, -1008767.7871, -1015400.2493, -1021655.4115, -1124603.1522]","[2.77, 2.837, 2.772, 3.026, 3.171, 3.294, 3.607, 4.773]","[[[2.2582, 0.0], [5.1135, -0.2611], [6.5412, -0.5222], [8.5399, -0.9138], [10.5386, -1.1749], [10.5386, -1.3055]], [[2.2582, 0.0], [5.1135, -0.2611], [6.8267, -0.5222], [9.1109, -1.9582], [10.5386, -1.1749], [10.5386, -1.3055]], [[2.2582, 0.0], [5.1135, -0.2611], [6.5412, -0.5222], [8.5399, -0.9138], [14.8215, -2.8721], [15.107, -1.3055]], [[2.2582, 0.0], [5.1135, -0.2611], [6.5412, -0.5222], [8.5399, -0.9138], [14.8215, -3.1332], [11.6807, -1.8277]], [[2.2582, 0.0], [5.1135, -0.2611], [6.8267, -0.5222], [9.1109, -1.9582], [7.6833, -0.5222], [16.8202, -2.8721]], [[2.2582, 0.0], [5.1135, -0.2611], [6.8267, -0.5222], [9.1109, -1.9582], [17.1058, -1.9582], [9.9675, -1.8277]], [[2.2582, 0.0], [5.1135, -0.2611], [6.8267, -0.5222], [9.1109, -1.9582], [17.6768, -5.222], [9.9675, -0.3916]], [[2.2582, 0.0], [5.1135, -0.2611], [6.5412, -0.5222], [8.5399, -0.9138], [15.107, 16.5798], [13.1083, -4.5692]]]",0.6254,0.0,0.0,0.0,0.0,0.0,0.0,True,[3],0.0,0.0,0.0,2.7695,8.0,0.5007,2.9763,6.7282,0.4281,1.4128,2.7695,"[[2.258, 0.0], [5.113, -0.261], [6.541, -0.522], [8.54, -0.914], [10.539, -1.175], [10.539, -1.305]]",ok,4.7733,0.0,0.0,0.0,0.0,0.0,0.0,0.0,0.0,0.0,a7c9bbdba0ca4bd5b990b67654d8d836,scene-1073,42
