command,copy_codebook_cosine_s0,copy_codebook_cosine_s1,copy_codebook_cosine_s2,copy_codebook_l2_s0,copy_codebook_l2_s1,copy_codebook_l2_s2,copy_pixel_mae_s0,copy_pixel_mae_s1,copy_pixel_mae_s2,delta_copy_codebook_cosine_s0,delta_copy_codebook_cosine_s1,delta_copy_codebook_cosine_s2,delta_copy_codebook_l2_s0,delta_copy_codebook_l2_s1,delta_copy_codebook_l2_s2,delta_copy_pixel_mae_s0,delta_copy_pixel_mae_s1,delta_copy_pixel_mae_s2,delta_plan_codebook_cosine_s0,delta_plan_codebook_cosine_s1,delta_plan_codebook_cosine_s2,delta_plan_codebook_l2_s0,delta_plan_codebook_l2_s1,delta_plan_codebook_l2_s2,delta_plan_pixel_mae_s0,delta_plan_pixel_mae_s1,delta_plan_pixel_mae_s2,gt_codebook_cosine_s0,gt_codebook_cosine_s1,gt_codebook_cosine_s2,gt_codebook_l2_s0,gt_codebook_l2_s1,gt_codebook_l2_s2,gt_pixel_mae_s0,gt_pixel_mae_s1,gt_pixel_mae_s2,plan_avgL2,plan_codebook_cosine_s0,plan_codebook_cosine_s1,plan_codebook_cosine_s2,plan_codebook_l2_s0,plan_codebook_l2_s1,plan_codebook_l2_s2,plan_ok,plan_pixel_mae_s0,plan_pixel_mae_s1,plan_pixel_mae_s2,plan_seg_err_s0,plan_seg_err_s1,plan_seg_err_s2,sample_token,scene
straight,0.45541,0.81817,0.86257,12.08916,17.35119,17.90339,0.07675,0.09524,0.12011,-0.0282,0.25404,0.30094,-0.2266,2.69654,4.02532,0.00964,-0.03388,0.02464,-0.01255,0.10432,0.33329,0.49294,0.24958,4.37554,0.01459,-0.03867,0.0321,0.48361,0.56413,0.56163,12.31576,14.65466,13.87807,0.06711,0.12912,0.09547,1.64996,0.47106,0.66845,0.89492,12.8087,14.90424,18.25361,True,0.0817,0.09045,0.12758,0.77886,1.96141,2.42449,921505c43d8140678c34d83bba358a6f,scene-0016
straight,0.58584,0.86823,0.90098,14.10419,17.54206,18.54579,0.07712,0.10432,0.13393,0.12771,0.04431,0.08692,1.84218,0.89587,0.29011,0.01045,0.00237,0.00354,0.12089,-0.07813,0.01645,1.56296,-0.87465,-0.41845,0.00981,-0.00332,0.00542,0.45813,0.82392,0.81406,12.26202,16.64619,18.25569,0.06666,0.10195,0.1304,1.89835,0.57902,0.74578,0.83051,13.82498,15.77155,17.83724,True,0.07647,0.09863,0.13582,1.08996,2.56013,3.15282,b7054aad1b4d4bc59ecde0d0d0acd369,scene-0016
straight,0.81817,0.86257,0.70147,17.35119,17.90339,15.61504,0.09524,0.12011,0.10934,0.25404,0.30094,0.26325,2.69654,4.02532,3.48227,-0.03388,0.02464,0.02737,0.10868,0.34313,0.24076,0.55327,4.60958,4.01808,-0.03295,0.03142,0.02837,0.56413,0.56163,0.43821,14.65466,13.87807,12.13276,0.12912,0.09547,0.08197,2.82035,0.67281,0.90475,0.67897,15.20793,18.48765,16.15084,True,0.09617,0.12689,0.11034,1.71156,2.95605,4.86422,9af33b52e11c458096ce6bee5548c1ea,scene-0016
straight,0.86823,0.90098,0.57394,17.54206,18.54579,14.24792,0.10432,0.13393,0.09721,0.04431,0.08692,0.07615,0.89587,0.29011,1.12813,0.00237,0.00354,0.00306,0.0291,-0.00108,0.07182,1.23372,-0.62828,1.50886,0.00993,0.02385,0.02813,0.82392,0.81406,0.4978,16.64619,18.25569,13.11978,0.10195,0.1304,0.09415,2.11337,0.85302,0.81298,0.56961,17.87991,17.62741,14.62865,True,0.11188,0.15425,0.12228,0.35015,2.63887,4.34688,40af6a4135e64e6496a3bde206fd5ed3,scene-0016
straight,0.62843,0.70857,0.7747,16.22165,16.5602,17.09962,0.11808,0.12778,0.12744,0.02628,0.13724,0.2355,0.92328,1.81716,3.26918,0.03811,0.02313,0.04428,-0.09762,0.09098,0.01083,-1.05719,1.58851,0.15616,-0.00253,0.009,0.00358,0.60215,0.57133,0.5392,15.29837,14.74304,13.83043,0.07997,0.10466,0.08317,3.93336,0.50453,0.66231,0.55003,14.24118,16.33155,13.98659,True,0.07744,0.11366,0.08675,3.4083,4.67487,4.11065,134c7f63827c4b858a2a4ce0582d8f6e,scene-0017
straight,0.60727,0.67261,0.79951,15.27434,16.29258,17.52546,0.11366,0.13388,0.11709,0.16185,0.22037,0.13436,2.56017,3.69429,1.84937,0.01746,0.04602,0.01819,-0.01918,0.10871,0.21231,-0.23689,2.87824,3.28185,-0.00449,0.13725,0.01818,0.44542,0.45224,0.66515,12.71417,12.59829,15.67609,0.09619,0.08786,0.0989,2.23907,0.42624,0.56095,0.87746,12.47727,15.47653,18.95794,True,0.0917,0.2251,0.11708,2.62212,1.30129,3.63438,ead426cf94b849149ff45a314c4efe2b,scene-0017
straight,0.70857,0.7747,0.82819,16.5602,17.09962,18.398,0.12778,0.12744,0.13841,0.13724,0.2355,0.17742,1.81716,3.26918,2.4888,0.02313,0.04428,0.05057,-0.04329,0.02232,0.01,-0.27122,0.16956,-0.03128,0.01012,0.00742,-0.00096,0.57133,0.5392,0.65078,14.74304,13.83043,15.9092,0.10466,0.08317,0.08785,0.95849,0.52804,0.56151,0.66078,14.47182,13.99999,15.87792,True,0.11478,0.09059,0.08689,0.72336,0.13922,2.8034,d2776ad57f7e47caa2001aea3f60b204,scene-0017
straight,0.67261,0.79951,0.79516,16.29258,17.52546,18.70861,0.13388,0.11709,0.15265,0.22037,0.13436,0.13456,3.69429,1.84937,2.46633,0.04602,0.01819,0.05544,0.06042,0.01004,0.03306,0.77859,0.311,0.27635,0.01478,-0.00638,-0.00407,0.45224,0.66515,0.6606,12.59829,15.67609,16.24228,0.08786,0.0989,0.09722,1.33697,0.51266,0.6752,0.69366,13.37688,15.9871,16.51863,True,0.10264,0.09252,0.09314,0.70717,1.8953,2.15532,42c7b34a5f9e440baf4d8ce1cf75922c,scene-0017
straight,0.7747,0.82819,0.80494,17.09962,18.398,19.08964,0.12744,0.13841,0.19692,0.2355,0.17742,-0.0146,3.26918,2.4888,-0.85229,0.04428,0.05057,0.04121,0.01145,0.08057,-0.16311,0.18154,0.31186,-0.80366,0.00329,-0.00686,0.04284,0.5392,0.65078,0.81954,13.83043,15.9092,19.94193,0.08317,0.08785,0.1557,1.97841,0.55064,0.73135,0.65643,14.01197,16.22106,19.13827,True,0.08646,0.08099,0.19854,0.88909,3.08448,1.2261,4b4c3bc538e64867a9712470e04d61cf,scene-0017
straight,0.79951,0.79516,0.79136,17.52546,18.70861,19.26954,0.11709,0.15265,0.18632,0.06242,0.13456,0.1645,0.86827,2.46633,2.03925,0.02097,0.05544,0.07619,-0.06182,-0.05971,-0.02704,-0.51593,-1.08279,1.56856,-0.00422,-0.00811,0.08009,0.73709,0.6606,0.62687,16.65719,16.24228,17.23029,0.09612,0.09722,0.11013,0.87611,0.67527,0.60089,0.59983,16.14126,15.15949,18.79885,True,0.0919,0.08911,0.19022,0.21564,0.83712,1.97626,0966ed2dfcd744ef831f394b7933f747,scene-0017
straight,0.82819,0.80494,0.68113,18.398,19.08964,16.88102,0.13841,0.19692,0.09186,0.19527,-0.0146,0.02128,3.10179,-0.85229,0.68449,0.05848,0.04121,0.01927,-0.05788,-0.03351,-0.02478,-0.89249,-0.63555,-0.12245,-0.00946,0.0066,-0.00133,0.63292,0.81954,0.65985,15.29622,19.94193,16.19653,0.07994,0.1557,0.07258,0.98818,0.57503,0.78603,0.63507,14.40373,19.30638,16.07408,True,0.07048,0.1623,0.07125,1.0682,0.92776,0.94932,5c561271e7f64c42bad8343eb42043e4,scene-0017
straight,0.79516,0.79136,0.57082,18.70861,19.26954,15.30381,0.15265,0.18632,0.08311,0.13456,0.1645,-0.04319,2.46633,2.03925,-0.5474,0.05544,0.07619,0.0111,0.09013,-0.02053,0.08212,0.92166,0.23094,1.06624,0.0165,0.02208,0.02266,0.6606,0.62687,0.61401,16.24228,17.23029,15.85121,0.09722,0.11013,0.072,2.95844,0.75073,0.60633,0.69613,17.16394,17.46124,16.91745,True,0.11372,0.13221,0.09467,3.12923,2.59936,4.74327,ddff867e8f5944869c55dfeca2151ba8,scene-0017
straight,0.80494,0.68113,0.62011,19.08964,16.88102,16.00959,0.19692,0.09186,0.08097,-0.0146,0.02128,0.03978,-0.85229,0.68449,1.04508,0.04121,0.01927,0.00531,-0.04294,0.00391,0.0716,-0.729,0.16643,1.51009,0.00224,-0.00288,0.01527,0.81954,0.65985,0.58033,19.94193,16.19653,14.96451,0.1557,0.07258,0.07565,1.27777,0.77659,0.66376,0.65193,19.21293,16.36296,16.47461,True,0.15794,0.0697,0.09093,0.20198,1.23162,2.43186,40847c1f1fd34cf2bdf278782dba841a,scene-0017
straight,0.79136,0.57082,0.5865,19.26954,15.30381,15.15409,0.18632,0.08311,0.07322,0.1645,-0.04319,0.07308,2.03925,-0.5474,1.57529,0.07619,0.0111,0.00613,0.00022,0.0589,0.22271,-0.80929,0.44012,3.6089,-0.03341,0.01583,0.03187,0.62687,0.61401,0.51342,17.23029,15.85121,13.5788,0.11013,0.072,0.06709,3.52788,0.62709,0.67291,0.73612,16.42101,16.29132,17.1877,True,0.07672,0.08783,0.09897,1.65928,4.23589,6.09238,3adeaa8b4f5f4b32a361534424ec6c71,scene-0017
straight,0.68113,0.62011,0.60569,16.88102,16.00959,14.90171,0.09186,0.08097,0.08839,0.04247,0.03978,-0.10794,0.76116,1.04508,-1.62608,0.01466,0.00531,0.01835,-0.00832,0.03587,-0.3411,-0.10724,1.13907,-5.61032,-0.00183,0.01762,-0.0214,0.63866,0.58033,0.71363,16.11986,14.96451,16.52779,0.07719,0.07565,0.07003,3.85552,0.63034,0.6162,0.37254,16.01262,16.10359,10.91748,True,0.07537,0.09327,0.04863,2.42539,4.52069,5.56722,6413a3e27b664997a08f7a0b82667d06,scene-0017
straight,0.57082,0.5865,0.59785,15.30381,15.15409,14.84978,0.08311,0.07322,0.08136,-0.05848,0.07308,-0.00524,-0.56589,1.57529,-0.35157,0.00712,0.00613,0.00722,-0.00345,0.05437,0.0864,0.15198,1.06053,0.87415,0.01365,0.00134,-0.0003,0.6293,0.51342,0.60309,15.86969,13.5788,15.20134,0.07598,0.06709,0.07414,2.41521,0.62584,0.56778,0.68949,16.02167,14.63934,16.07549,True,0.08963,0.06843,0.07384,1.38027,2.9194,4.07183,6609fa8733f14987ab840f3467c609e3,scene-0017
straight,0.62011,0.60569,0.56296,16.00959,14.90171,14.0598,0.08097,0.08839,0.05526,0.04861,-0.10794,-0.09892,1.27614,-1.62608,-1.31068,0.01319,0.01835,-0.00058,0.04647,-0.06225,-0.22455,1.27525,-0.81123,-3.43344,0.02623,-0.00155,-0.00759,0.5715,0.71363,0.66188,14.73345,16.52779,15.37048,0.06777,0.07003,0.05584,4.13591,0.61797,0.65138,0.43733,16.0087,15.71656,11.93704,True,0.09401,0.06849,0.04825,2.21574,4.77228,7.89412,ef03db0d15d241bf98a72fcdb87989e2,scene-0017
straight,0.5865,0.59785,0.56016,15.15409,14.84978,14.12259,0.07322,0.08136,0.05884,-0.05239,-0.00524,-0.16863,-0.996,-0.35157,-1.73059,0.00316,0.00722,-0.01183,0.06285,0.01281,-0.02823,0.71741,-0.35051,0.05221,0.02572,-0.0054,-0.00688,0.63889,0.60309,0.72879,16.15009,15.20134,15.85319,0.07006,0.07414,0.07067,2.84413,0.70174,0.6159,0.70055,16.8675,14.85083,15.90539,True,0.09578,0.06874,0.06378,1.64766,4.29511,4.82786,fbac9771eca241c4b18c195395d64e22,scene-0017
straight,0.60569,0.56296,0.50343,14.90171,14.0598,13.19143,0.08839,0.05526,0.06397,-0.07767,-0.09892,-0.03834,-1.19248,-1.31068,-0.33573,0.02104,-0.00058,0.00504,-0.01371,-0.03962,0.04664,-0.20446,-0.54146,0.64149,-0.00036,0.0015,0.00439,0.68336,0.66188,0.54177,16.09419,15.37048,13.52716,0.06735,0.05584,0.05893,2.93833,0.66966,0.62226,0.58841,15.88973,14.82902,14.16864,True,0.06699,0.05734,0.06332,1.05455,4.20075,4.65138,ef661945febb4f4b9f11bea17dd55c63,scene-0017
straight,0.59785,0.56016,0.5663,14.84978,14.12259,13.90371,0.08136,0.05884,0.07067,-0.00524,-0.16863,0.08862,-0.35157,-1.73059,1.81178,0.00722,-0.01183,0.01142,0.06637,0.00654,0.10939,0.66497,0.47702,1.52993,0.00114,0.03027,0.00911,0.60309,0.72879,0.47768,15.20134,15.85319,12.09193,0.07414,0.07067,0.05925,1.343,0.66946,0.73533,0.58707,15.86631,16.3302,13.62186,True,0.07528,0.10093,0.06836,2.06699,0.97778,2.26467,f274b48b3f8245669f97556d66ce468b,scene-0017
straight,0.56296,0.50343,0.60726,14.0598,13.19143,14.61797,0.05526,0.06397,0.06951,-0.0909,-0.03834,0.1399,-1.16705,-0.33573,2.55833,-0.00226,0.00504,0.01939,-0.0212,0.03548,0.0754,-0.1987,0.74251,1.66371,0.00078,0.00439,0.00559,0.65386,0.54177,0.46736,15.22686,13.52716,12.05965,0.05752,0.05893,0.05012,0.67199,0.63266,0.57725,0.54276,15.02816,14.26967,13.72335,True,0.0583,0.06332,0.05571,0.26074,0.55123,1.36588,dd8165825b8e4514aafd5b92fd9a3d6e,scene-0017
straight,0.56016,0.5663,0.53005,14.12259,13.90371,13.79644,0.05884,0.07067,0.06279,0.0677,0.08862,0.06539,1.29961,1.81178,1.53902,0.00756,0.01142,0.00569,0.02377,0.14501,0.1252,0.5011,2.93281,2.77126,0.00425,0.04194,0.01996,0.49246,0.47768,0.46466,12.82299,12.09193,12.25743,0.05128,0.05925,0.05711,1.77702,0.51623,0.62269,0.58986,13.32409,15.02474,15.02869,True,0.05553,0.10119,0.07706,0.69557,2.22056,3.1847,603304c79ec14a318fdb1c896b8aa43f,scene-0017
straight,0.50343,0.60726,0.59995,13.19143,14.61797,14.37068,0.06397,0.06951,0.06045,0.04705,0.1399,0.07464,1.18049,2.55833,0.77996,0.00709,0.01939,0.00396,0.07304,0.13272,0.00664,2.12724,2.4697,-0.03654,0.03875,0.01376,0.01384,0.45638,0.46736,0.52532,12.01093,12.05965,13.59071,0.05687,0.05012,0.05648,1.07233,0.52942,0.60008,0.53195,14.13817,14.52935,13.55418,True,0.09562,0.06387,0.07033,1.91373,0.77127,1.30202,04f790baf5a44f359a8b797be0550994,scene-0017
straight,0.5663,0.53005,0.5681,13.90371,13.79644,13.52628,0.07067,0.06279,0.07163,0.08869,0.06539,-0.03936,1.45817,1.53902,-1.057,0.00952,0.00569,0.01077,-0.04219,0.07084,0.13056,-1.09994,1.09813,2.04442,0.00058,0.00342,0.05291,0.47761,0.46466,0.60746,12.44553,12.25743,14.58328,0.06114,0.05711,0.06086,0.56414,0.43542,0.5355,0.73802,11.3456,13.35556,16.6277,True,0.06172,0.06052,0.11377,0.47837,0.52097,0.67115,b4bff2b0e4774147ac53fb96ff9317b5,scene-0017
straight,0.60726,0.59995,0.6028,14.61797,14.37068,14.42172,0.06951,0.06045,0.08372,0.1399,0.07464,0.02742,2.55833,0.77996,0.17507,0.01939,0.00396,0.01086,0.04805,-0.00078,-0.00121,1.03947,0.18052,-0.21989,0.00596,0.00348,0.00047,0.46736,0.52532,0.57538,12.05965,13.59071,14.24665,0.05012,0.05648,0.07286,1.6807,0.51541,0.52453,0.57417,13.09912,13.77123,14.02676,True,0.05607,0.05997,0.07333,0.53045,2.50055,2.69745,3425c66163af46cca4c96006d425e0eb,scene-0017
straight,0.53005,0.5681,0.62054,13.79644,13.52628,14.57618,0.06279,0.07163,0.08382,0.06539,-0.03936,-0.00225,1.53902,-1.057,-0.97063,0.00569,0.01077,0.00919,0.04922,-0.05837,-0.00672,0.58271,-0.48563,-0.4009,0.00455,-0.00036,-0.00415,0.46466,0.60746,0.62279,12.25743,14.58328,15.54681,0.05711,0.06086,0.07463,1.72308,0.51388,0.54909,0.61607,12.84014,14.09765,15.14591,True,0.06166,0.0605,0.07048,0.42061,0.21882,6.49394,cdc90732e957479da6c8a80c9fad6f78,scene-0017
straight,0.59995,0.6028,0.61648,14.37068,14.42172,15.11273,0.06045,0.08372,0.07514,0.07464,0.02742,0.22719,0.77996,0.17507,3.52888,0.00396,0.01086,0.01882,-0.04369,0.09994,0.36863,-0.98421,1.84905,5.8692,-0.00575,0.02042,0.0431,0.52532,0.57538,0.38929,13.59071,14.24665,11.58385,0.05648,0.07286,0.05632,0.63944,0.48162,0.67531,0.75792,12.6065,16.0957,17.45305,True,0.05074,0.09328,0.09942,0.056,0.71703,1.67364,8b66733250b94940b0e7477c8b182512,scene-0017
straight,0.5681,0.62054,0.66933,13.52628,14.57618,16.09244,0.07163,0.08382,0.07397,-0.03936,-0.00225,0.24093,-1.057,-0.97063,4.73076,0.01077,0.00919,0.00931,-0.02582,0.05132,0.25225,-0.76274,0.54472,4.5144,0.00969,0.00029,0.002,0.60746,0.62279,0.4284,14.58328,15.54681,11.36167,0.06086,0.07463,0.06467,0.67626,0.58164,0.67411,0.68065,13.82054,16.09153,15.87607,True,0.07054,0.07492,0.06667,0.9662,0.54127,0.26984,3d9f13edf73c4e25a484253ebf80f222,scene-0017
straight,0.6028,0.61648,0.67645,14.42172,15.11273,16.27853,0.08372,0.07514,0.07171,0.02742,0.22719,0.01565,0.17507,3.52888,0.65376,0.01086,0.01882,0.00275,0.00258,0.01439,0.04719,0.17855,0.15999,1.2429,-0.00037,-0.00114,0.0294,0.57538,0.38929,0.66079,14.24665,11.58385,15.62477,0.07286,0.05632,0.06896,1.1937,0.57796,0.40368,0.70798,14.42521,11.74384,16.86767,True,0.07249,0.05518,0.09836,0.97148,1.44083,1.47458,2a271f85c90a45a9a6f33d9cc281943e,scene-0017
straight,0.62054,0.66933,0.73145,14.57618,16.09244,16.7025,0.08382,0.07397,0.07905,-0.00225,0.24093,0.27473,-0.97063,4.73076,3.93309,0.00919,0.00931,0.01422,-0.01152,0.17607,0.06648,-0.09422,3.67049,0.64081,0.00603,-0.00159,0.00718,0.62279,0.4284,0.45672,15.54681,11.36167,12.76941,0.07463,0.06467,0.06483,0.90216,0.61127,0.60447,0.5232,15.45259,15.03216,13.41022,True,0.08066,0.06308,0.07201,0.73919,0.95606,1.38117,9a476217cc324813a5760c9852643324,scene-0017
straight,0.61648,0.67645,0.68937,15.11273,16.27853,16.3372,0.07514,0.07171,0.08365,0.05044,0.01565,-0.00028,0.75255,0.65376,0.33116,0.00693,0.00275,0.00851,0.0,0.05395,0.09158,0.0,0.93477,1.64206,0.0,0.00482,0.0122,0.56604,0.66079,0.68965,14.36018,15.62477,16.00604,0.0682,0.06896,0.07514,0.97317,0.56604,0.71475,0.78123,14.36018,16.55954,17.6481,True,0.0682,0.07378,0.08734,0.07861,0.62317,2.66766,657b2fe881834950a629c05285b2055a,scene-0017
straight,0.66933,0.73145,0.74335,16.09244,16.7025,16.8966,0.07397,0.07905,0.08254,0.02772,0.27473,0.20534,0.81423,3.93309,3.44508,0.00822,0.01422,0.00986,0.0,0.09694,0.2205,0.0,0.90697,4.09203,0.0,0.00501,0.00999,0.64161,0.45672,0.53801,15.2782,12.76941,13.45152,0.06575,0.06483,0.07268,0.63912,0.64161,0.55366,0.75851,15.2782,13.67638,17.54355,True,0.06575,0.06984,0.08267,0.06879,0.49962,1.6474,a7eee1088f4a43f4b1c49324e4a6803e,scene-0017
straight,0.67645,0.68937,0.72228,16.27853,16.3372,16.72188,0.07171,0.08365,0.08977,0.01565,-0.00028,0.24523,0.65376,0.33116,3.55446,0.00275,0.00851,0.00734,-0.01606,0.02839,0.24508,-0.2866,1.07099,3.68067,-0.00041,0.00768,0.00936,0.66079,0.68965,0.47706,15.62477,16.00604,13.16742,0.06896,0.07514,0.08243,1.18435,0.64473,0.71804,0.72214,15.33817,17.07703,16.84809,True,0.06855,0.08282,0.0918,0.24208,0.88999,2.9528,93d25b8eaa46429a997327e6e333f627,scene-0017
straight,0.73145,0.74335,0.75994,16.7025,16.8966,17.53967,0.07905,0.08254,0.09095,0.22533,0.20534,0.01669,3.86466,3.44508,0.203,0.01597,0.00986,0.00121,-0.0494,0.19127,0.06839,-0.06843,3.22689,0.7228,0.00174,0.02091,0.03,0.50612,0.53801,0.74325,12.83784,13.45152,17.33668,0.06308,0.07268,0.08974,1.25611,0.45672,0.72929,0.81163,12.76941,16.67841,18.05948,True,0.06483,0.09359,0.11974,0.14006,1.8144,2.80766,ce130b56a60242dfb4369eb62bac9478,scene-0017
straight,0.68937,0.72228,0.72345,16.3372,16.72188,17.08523,0.08365,0.08977,0.09023,-0.00028,0.24523,0.1685,0.33116,3.55446,2.76326,0.00851,0.00734,0.00372,-0.25775,0.30585,0.24002,-3.71804,4.69414,4.65091,-0.01061,0.0313,0.04496,0.68965,0.47706,0.55495,16.00604,13.16742,14.32197,0.07514,0.08243,0.08652,2.11003,0.4319,0.78291,0.79497,12.288,17.86156,18.97288,True,0.06453,0.11373,0.13148,0.58087,1.83463,4.1726,789b705cdbcd4e5bb43812186d612d7d,scene-0017
straight,0.74335,0.75994,0.55139,16.8966,17.53967,14.13307,0.08254,0.09095,0.07509,0.20534,0.01669,0.03273,3.44508,0.203,0.31923,0.00986,0.00121,-0.01081,0.26785,0.06882,0.29945,4.22559,1.51347,5.14274,0.01666,0.03378,0.03849,0.53801,0.74325,0.51867,13.45152,17.33668,13.81384,0.07268,0.08974,0.0859,1.33572,0.80586,0.81207,0.81811,17.67711,18.85014,18.95658,True,0.08935,0.12351,0.12439,0.36715,1.23855,2.93528,43357fafe91d4c018e42f07f16fc383c,scene-0017
straight,0.72228,0.72345,0.33508,16.72188,17.08523,10.23419,0.08977,0.09023,0.05709,-0.00817,0.1685,0.02707,-0.29648,2.76326,-0.12949,0.00631,0.00372,-0.01351,0.06885,0.28447,0.50088,0.96896,4.64794,7.94715,0.02615,0.04469,0.05874,0.73046,0.55495,0.30801,17.01836,14.32197,10.36368,0.08346,0.08652,0.0706,3.49083,0.79931,0.83942,0.80889,17.98732,18.96991,18.31083,True,0.10961,0.13121,0.12934,1.47646,3.40624,6.40932,470df44aab6241f4843137efa2e55b85,scene-0017
straight,0.75994,0.55139,0.21428,17.53967,14.13307,7.25886,0.09095,0.07509,0.03582,0.01669,0.03273,-0.13336,0.203,0.31923,-3.81755,0.00121,-0.01081,-0.03328,-0.00973,0.33148,0.49166,0.36751,5.50163,7.57314,0.0071,0.03781,0.06669,0.74325,0.51867,0.34764,17.33668,13.81384,11.07641,0.08974,0.0859,0.0691,2.9727,0.73352,0.85014,0.83931,17.70419,19.31548,18.64955,True,0.09684,0.12371,0.13579,1.20057,3.77568,5.64147,14684fc1b81a43888b992d553add01cf,scene-0017
straight,0.81668,0.77064,0.77468,17.97147,17.1496,16.85428,0.10822,0.0993,0.09663,0.03831,0.17352,0.12284,0.08998,3.03975,1.79724,-0.00896,0.031,0.02456,-0.00347,0.11144,0.1301,0.30548,2.03236,2.08909,0.03772,0.01157,0.0146,0.77836,0.59712,0.65183,17.88149,14.10985,15.05705,0.11719,0.0683,0.07208,1.10539,0.7749,0.70856,0.78193,18.18697,16.14221,17.14614,True,0.15491,0.07988,0.08667,1.05083,1.12629,0.59188,f0e4797551024f9487a016ee9d9e29e1,scene-0018
straight,0.78268,0.72514,0.79998,17.42607,16.12379,17.06702,0.10253,0.09602,0.09999,-0.01612,0.14248,0.19768,-0.20125,2.29455,2.22753,0.00143,0.023,0.0189,-0.07309,0.14766,0.20702,-1.01074,2.32239,2.93945,-0.00998,0.01246,0.02791,0.7988,0.58265,0.60231,17.62731,13.82925,14.83949,0.1011,0.07302,0.08109,0.99226,0.72571,0.73032,0.80933,16.61657,16.15163,17.77894,True,0.09112,0.08548,0.109,0.52242,1.57896,0.85263,6cc2a560dacc42149e0780bfb6efe682,scene-0018
straight,0.77064,0.77468,0.87975,17.1496,16.85428,18.29388,0.0993,0.09663,0.09248,0.17352,0.12284,0.45823,3.03975,1.79724,6.88074,0.031,0.02456,0.02621,0.12975,0.1068,0.05789,2.13358,2.09934,1.1692,0.01291,0.02892,0.00493,0.59712,0.65183,0.42152,14.10985,15.05705,11.41314,0.0683,0.07208,0.06627,2.53294,0.72687,0.75863,0.47941,16.24343,17.15639,12.58234,True,0.08121,0.101,0.0712,0.89617,1.81396,6.59095,b78605983b3543a1a70df4b3805e4dfc,scene-0018
straight,0.72514,0.79998,0.79616,16.12379,17.06702,17.24114,0.09602,0.09999,0.09413,0.14248,0.19768,0.24997,2.29455,2.22753,4.12861,0.023,0.0189,0.01497,0.07581,-0.0385,0.16237,1.16983,-0.59058,3.15145,0.00139,-0.00323,0.0183,0.58265,0.60231,0.54619,13.82925,14.83949,13.11252,0.07302,0.08109,0.07915,2.34289,0.65847,0.5638,0.70856,14.99907,14.24891,16.26397,True,0.07441,0.07786,0.09746,1.27253,2.0022,5.08671,f6486e3c8a90429dbf1d3d66a91239d3,scene-0018
straight,0.77468,0.87975,0.82538,16.85428,18.29388,17.51264,0.09663,0.09248,0.09232,0.19044,0.45823,0.2056,3.03679,6.88074,2.95376,0.0288,0.02621,0.01579,-0.02729,0.28339,0.09915,0.21048,4.73428,1.86162,0.00135,0.03701,0.01424,0.58424,0.42152,0.61977,13.81749,11.41314,14.55889,0.06783,0.06627,0.07653,1.68032,0.55695,0.70491,0.71892,14.02798,16.14742,16.4205,True,0.06919,0.10328,0.09077,0.81001,1.65112,2.70264,248f5231a8c94b5da0b58e515ad68298,scene-0018
straight,0.79998,0.79616,0.80442,17.06702,17.24114,17.32343,0.09999,0.09413,0.0916,0.22099,0.24997,0.33944,3.06856,4.12861,5.35446,0.02239,0.01497,0.02867,-0.00688,0.27342,0.38101,0.68536,4.4981,7.63296,0.01266,0.03892,0.11524,0.57899,0.54619,0.46498,13.99846,13.11252,11.96898,0.0776,0.07915,0.06293,1.72898,0.57211,0.81961,0.84599,14.68382,17.61062,19.60194,True,0.09027,0.11807,0.17816,0.98913,2.45429,2.92802,06cc9133c0684cf2b676cf5f7c49e88b,scene-0018
straight,0.87975,0.82538,0.75122,18.29388,17.51264,17.22893,0.09248,0.09232,0.09939,0.45823,0.2056,0.27326,6.88074,2.95376,4.78813,0.02621,0.01579,0.02771,0.23643,0.10833,0.26074,4.05686,2.10148,4.31512,0.0177,0.01728,0.02038,0.42152,0.61977,0.47796,11.41314,14.55889,12.4408,0.06627,0.07653,0.07168,1.26792,0.65796,0.72811,0.7387,15.47,16.66036,16.75591,True,0.08397,0.09381,0.09205,0.20774,2.27006,1.38836,2ff5689a089844f0a2097b1883916003,scene-0018
straight,0.79616,0.80442,0.80591,17.24114,17.32343,18.01559,0.09413,0.0916,0.11616,0.24997,0.33944,0.21461,4.12861,5.35446,3.32352,0.01497,0.02867,0.03272,0.14766,0.27501,-0.0063,2.30858,4.68936,-0.31503,0.00329,0.02739,-0.00542,0.54619,0.46498,0.59131,13.11252,11.96898,14.69207,0.07915,0.06293,0.08344,0.99915,0.69385,0.73999,0.58501,15.42111,16.65834,14.37704,True,0.08244,0.09032,0.07802,0.49687,1.6797,1.17337,e22c0bbea22343e7beffd77c44679a83,scene-0018
straight,0.82538,0.75122,0.79502,17.51264,17.22893,18.37098,0.09232,0.09939,0.13858,0.2056,0.27326,0.34038,2.95376,4.78813,5.73536,0.01579,0.02771,0.07315,0.07496,0.22943,0.0411,1.52681,4.0059,0.73181,0.01545,0.01107,0.00781,0.61977,0.47796,0.45464,14.55889,12.4408,12.63562,0.07653,0.07168,0.06543,1.89941,0.69473,0.70739,0.49574,16.08569,16.4467,13.36743,True,0.09198,0.08274,0.07324,1.44857,2.34667,2.76909,b16c13a33031451e97116a3149783fa9,scene-0018
straight,0.80442,0.80591,0.87159,17.32343,18.01559,19.46791,0.0916,0.11616,0.16807,0.33944,0.21461,0.12495,5.35446,3.32352,2.69692,0.02867,0.03272,0.06433,0.1748,0.16882,0.22117,3.45602,2.4131,4.98106,0.02145,0.00954,0.14934,0.46498,0.59131,0.74664,11.96898,14.69207,16.77099,0.06293,0.08344,0.10374,1.8289,0.63977,0.76012,0.96781,15.425,17.10517,21.75205,True,0.08437,0.09298,0.25308,1.38813,2.6964,2.28282,1cc4743fc70047ad8eac0777e43cfe57,scene-0018
left,0.75122,0.79502,0.87952,17.22893,18.37098,19.61408,0.09939,0.13858,0.17045,0.27326,0.34038,0.24776,4.78813,5.73536,4.41611,0.02771,0.07315,0.09422,0.46394,0.36574,0.18102,8.32858,5.95375,3.5278,0.13688,0.06965,0.05922,0.47796,0.45464,0.63176,12.4408,12.63562,15.19797,0.07168,0.06543,0.07623,0.92879,0.9419,0.82038,0.81278,20.76938,18.58937,18.72577,True,0.20855,0.13508,0.13546,1.18593,1.30925,0.83427,72f030bd5dd142d497c090dc04bb5697,scene-0018
left,0.80591,0.87159,0.82657,18.01559,19.46791,18.80107,0.11616,0.16807,0.14092,0.21461,0.12495,0.10339,3.32352,2.69692,1.93416,0.03272,0.06433,0.03791,-0.09416,-0.19033,-0.08025,-1.28153,-2.29668,-1.05317,-0.008,-0.02964,-0.00562,0.59131,0.74664,0.72317,14.69207,16.77099,16.8669,0.08344,0.10374,0.103,0.68837,0.49715,0.55631,0.64292,13.41054,14.47431,15.81373,True,0.07544,0.0741,0.09739,1.03185,0.40385,0.35552,e8dd2a90a84142b2aa1c42126d3f135b,scene-0018
left,0.79502,0.87952,0.82418,18.37098,19.61408,18.71675,0.13858,0.17045,0.14837,0.15461,0.24776,0.0977,2.77671,4.41611,1.39377,0.05277,0.09422,0.01191,-0.19632,0.15346,0.11881,-2.94056,2.98378,2.07214,-0.02014,0.04769,0.01285,0.64041,0.63176,0.72648,15.59427,15.19797,17.32298,0.08581,0.07623,0.13646,1.24486,0.44409,0.78522,0.84528,12.65371,18.18175,19.39512,True,0.06568,0.12392,0.14932,1.12477,1.20504,2.28384,82a88b409fe4435ea678f8f89ba34b74,scene-0018
left,0.87159,0.82657,0.79199,19.46791,18.80107,18.43427,0.16807,0.14092,0.12745,0.1169,0.10339,0.22308,2.28846,1.93416,3.21144,0.0657,0.03791,0.01796,0.08881,-0.00561,0.00749,1.90551,0.26488,-0.2394,0.06362,0.00175,-0.00471,0.75469,0.72317,0.56891,17.17945,16.8669,15.22284,0.10237,0.103,0.10949,1.34979,0.8435,0.71756,0.57639,19.08496,17.13179,14.98344,True,0.16599,0.10475,0.10478,0.28203,0.91744,3.60889,4d53bb70174b4e8db3913f50a7bc1590,scene-0018
left,0.87952,0.82418,0.65875,19.61408,18.71675,16.1549,0.17045,0.14837,0.11883,0.07398,0.0977,0.04033,1.34029,1.39377,0.65958,0.04664,0.01191,0.02041,0.037,0.14196,0.02942,0.85053,2.10581,0.29674,0.02684,0.01284,0.00531,0.80554,0.72648,0.61842,18.2738,17.32298,15.49532,0.12381,0.13646,0.09842,2.1452,0.84255,0.86843,0.64785,19.12433,19.42879,15.79206,True,0.15065,0.14931,0.10372,1.13487,1.7223,4.58027,b66b4277cf6145bbabb891ea7193dfa6,scene-0018
straight,0.82657,0.79199,0.70299,18.80107,18.43427,16.89612,0.14092,0.12745,0.10088,-0.03855,0.22308,0.07957,-0.40672,3.21144,1.04739,0.00942,0.01796,0.02047,-0.01251,0.08964,0.212,0.22966,0.61658,2.69098,0.00268,0.00012,0.05306,0.86512,0.56891,0.62342,19.20778,15.22284,15.84873,0.13149,0.10949,0.08042,0.53128,0.85261,0.65855,0.83542,19.43745,15.83941,18.53971,True,0.13418,0.10961,0.13347,0.68968,0.49451,0.62467,6611e3ee45484c5d80bd4703d458e518,scene-0018
straight,0.82418,0.65875,0.62548,18.71675,16.1549,15.9194,0.14837,0.11883,0.09747,0.15877,0.04033,0.06108,2.24376,0.65958,1.32013,0.0188,0.02041,0.01075,-0.02248,0.02254,0.07432,-0.07683,0.17841,1.51308,0.00333,-0.00335,0.00597,0.66541,0.61842,0.5644,16.47299,15.49532,14.59927,0.12957,0.09842,0.08672,0.60991,0.64293,0.64096,0.63873,16.39616,15.67373,16.11235,True,0.1329,0.09507,0.09269,0.24633,0.85963,1.20631,6d0cc921b3564b00ac7925cf529310ae,scene-0018
straight,0.79199,0.70299,0.74526,18.43427,16.89612,17.43991,0.12745,0.10088,0.10035,0.06835,0.07957,0.14515,1.08626,1.04739,2.97503,0.009,0.02047,0.02435,0.05339,0.11251,0.02984,0.69984,2.55631,0.81754,0.0103,0.05043,0.01037,0.72365,0.62342,0.60011,17.34801,15.84873,14.46488,0.11846,0.08042,0.076,2.03787,0.77704,0.73592,0.62994,18.04785,18.40504,15.28242,True,0.12875,0.13084,0.08636,1.21414,2.76891,2.18161,80406b20df8c43ad98e4a7d6b8de00ae,scene-0018
straight,0.65875,0.62548,0.80545,16.1549,15.9194,17.78678,0.11883,0.09747,0.11978,0.07768,0.06108,0.07192,0.90188,1.32013,1.35856,0.01686,0.01075,0.03317,0.18687,0.0434,0.10826,2.39992,0.10835,1.64485,0.00154,-0.00052,0.04326,0.58107,0.5644,0.73353,15.25302,14.59927,16.42822,0.10198,0.08672,0.08661,3.57429,0.76795,0.60781,0.84179,17.65294,14.70762,18.07307,True,0.10352,0.0862,0.12987,1.97088,4.05628,6.53814,1232e4600cb4400db443ae7e6a710c1c,scene-0018
straight,0.70299,0.74526,0.91273,16.89612,17.43991,18.95326,0.10088,0.10035,0.13945,0.07957,0.14515,0.34353,1.04739,2.97503,4.99673,0.02047,0.02435,0.058,0.08513,-0.00947,0.27756,1.06168,-0.17889,3.87706,0.01373,-0.00328,0.06144,0.62342,0.60011,0.5692,15.84873,14.46488,13.95653,0.08042,0.076,0.08145,3.22172,0.70854,0.59064,0.84676,16.91042,14.28598,17.83359,True,0.09415,0.07272,0.1429,1.80856,3.78195,5.63583,81f15cced544486daa6aa4d6b6bf17d9,scene-0018
straight,0.62548,0.80545,0.84266,15.9194,17.78678,17.92133,0.09747,0.11978,0.14533,0.06108,0.07192,0.11488,1.32013,1.35856,1.271,0.01075,0.03317,0.04144,0.0478,0.13886,0.13909,0.55598,2.05443,1.71802,0.00531,0.04556,0.05184,0.5644,0.73353,0.72778,14.59927,16.42822,16.65033,0.08672,0.08661,0.10389,5.09804,0.6122,0.87239,0.86687,15.15525,18.48264,18.36835,True,0.09203,0.13218,0.15573,2.34431,5.96494,10.30339,dbffcc96729b420380ace0e08ad587d5,scene-0018
straight,0.74526,0.91273,0.87689,17.43991,18.95326,18.11711,0.10035,0.13945,0.15018,0.14515,0.34353,0.05629,2.97503,4.99673,0.27497,0.02435,0.058,0.00945,0.19984,0.23143,0.07283,2.78642,3.94717,0.70249,0.02007,0.05663,0.01262,0.60011,0.5692,0.8206,14.46488,13.95653,17.84214,0.076,0.08145,0.14072,4.03878,0.79995,0.80063,0.89343,17.2513,17.9037,18.54464,True,0.09607,0.13808,0.15334,2.23352,4.66154,7.52812,73ac66237c854ee69fc29e9b24860e41,scene-0018
straight,0.80545,0.84266,0.95445,17.78678,17.92133,19.42072,0.11978,0.14533,0.16292,0.07192,0.11488,0.01556,1.35856,1.271,-0.46095,0.03317,0.04144,-0.0039,0.11766,0.18234,-0.01597,1.627,2.32086,0.39689,0.03785,0.05679,0.02902,0.73353,0.72778,0.93889,16.42822,16.65033,19.88167,0.08661,0.10389,0.16682,7.94656,0.85119,0.91012,0.92292,18.05522,18.97119,20.27856,True,0.12446,0.16068,0.19583,3.59465,8.79898,16.33193,9fbcde13d96b43a8aee0f76aee3bfc65,scene-0018
left,0.91273,0.87689,0.91317,18.95326,18.11711,19.0513,0.13945,0.15018,0.17573,0.06255,0.05629,-0.00288,0.93317,0.27497,-0.34922,0.04115,0.00945,-0.00793,0.0075,0.08069,-0.05693,0.01123,1.90938,-0.37465,0.04676,0.0627,-0.0036,0.85018,0.8206,0.91605,18.0201,17.84214,19.40052,0.0983,0.14072,0.18366,9.72857,0.85768,0.90129,0.85912,18.03133,19.75152,19.02587,True,0.14506,0.20343,0.18006,4.39068,12.59306,15.39018,b1c6966bd3a547ed82273d837490e63a,scene-0018
left,0.84266,0.95445,0.9088,17.92133,19.42072,19.10978,0.14533,0.16292,0.17029,-0.01058,0.01556,-0.00916,-0.43277,-0.46095,-0.58666,0.01601,-0.0039,-0.02015,0.03086,0.01242,-0.03252,0.16184,0.72958,-1.25352,0.03428,0.03446,-0.0217,0.85324,0.93889,0.91796,18.3541,19.88167,19.69644,0.12932,0.16682,0.19044,11.766,0.88409,0.95131,0.88544,18.51595,20.61125,18.44292,True,0.1636,0.20128,0.16873,5.67846,13.39192,22.09531,b173607014c44dfd86cfee252561315f,scene-0018
left,0.87689,0.91317,0.98437,18.11711,19.0513,19.97432,0.15018,0.17573,0.16832,0.05864,-0.00288,0.07369,0.47706,-0.34922,0.95004,0.00344,-0.00793,-0.03523,0.02597,-0.00576,0.06334,-0.00926,0.35667,0.25689,0.01741,0.00945,-0.03167,0.81824,0.91605,0.91068,17.64005,19.40052,19.02429,0.14674,0.18366,0.20356,9.39026,0.84421,0.91029,0.97402,17.63078,19.75719,19.28117,True,0.16415,0.19311,0.17189,4.1188,11.50237,18.12218,3c23cd7c54034c298278d81d0b3d3954,scene-0018
left,0.95445,0.9088,1.00648,19.42072,19.10978,19.55463,0.16292,0.17029,0.16691,0.04377,-0.00916,0.06888,0.03602,-0.58666,-0.31876,-0.01397,-0.02015,-0.02106,-0.00245,0.02224,0.07849,0.59745,-0.22683,-0.07633,0.01026,-0.00749,-1e-05,0.91068,0.91796,0.9376,19.3847,19.69644,19.87339,0.17689,0.19044,0.18798,6.08038,0.90823,0.9402,1.01609,19.98215,19.46961,19.79706,True,0.18714,0.18294,0.18797,1.3365,6.83989,13.9208,07794b6977294d6185f1b4567cd10e4b,scene-0018
left,0.91317,0.98437,0.97851,19.0513,19.97432,18.72794,0.17573,0.16832,0.14106,0.03813,0.07369,0.08421,0.18776,0.95004,0.94592,0.00054,-0.03523,0.01545,0.17282,-0.04493,0.05638,2.37159,-0.61578,1.63508,0.04979,0.00716,0.06606,0.87505,0.91068,0.89431,18.86354,19.02429,17.78202,0.17519,0.20356,0.12561,5.76275,1.04787,0.86575,0.95069,21.23513,18.4085,19.4171,True,0.22498,0.21072,0.19167,1.87307,7.16164,12.77669,f8b5e98950ed483e92ece29c264c072e,scene-0018
left,0.9088,1.00648,0.93001,19.10978,19.55463,18.25431,0.17029,0.16691,0.1147,0.05409,0.06888,0.09902,0.31591,-0.31876,0.76514,-0.00016,-0.02106,-0.01903,0.06154,-0.01678,-0.03261,0.70062,-0.27764,-0.71287,0.01268,0.00647,-0.01578,0.85471,0.9376,0.83099,18.79387,19.87339,17.48917,0.17045,0.18798,0.13373,4.35965,0.91625,0.92082,0.79838,19.49449,19.59575,16.7763,True,0.18312,0.19445,0.11795,1.69301,4.7413,9.47939,56b2752879d247359f620173a94838c3,scene-0018
left,0.98437,0.97851,0.90513,19.97432,18.72794,17.93953,0.16832,0.14106,0.12438,0.07002,0.08421,-0.03288,0.99147,0.94592,-0.62232,-0.02698,0.01545,-0.02128,-0.00354,0.06537,0.0352,-0.0288,1.73187,0.65263,-0.02601,0.07596,0.03528,0.91435,0.89431,0.93801,18.98285,17.78202,18.56185,0.1953,0.12561,0.14565,4.68207,0.91081,0.95967,0.97321,18.95405,19.51389,19.21448,True,0.1693,0.20158,0.18093,1.47281,5.20449,9.77183,bb99cbc063344aa497ce11315ff5bf8d,scene-0018
straight,1.00648,0.93001,0.93562,19.55463,18.25431,19.02838,0.16691,0.1147,0.15292,0.05522,0.09902,-0.0071,-0.08205,0.76514,-0.52172,-5e-05,-0.01903,-0.02168,0.07445,0.10296,-0.03343,0.31958,1.27743,-0.58496,0.01146,-0.00028,-0.0208,0.95126,0.83099,0.94271,19.63668,17.48917,19.5501,0.16697,0.13373,0.17461,1.39581,1.02571,0.93394,0.90929,19.95627,18.7666,18.96515,True,0.17843,0.13345,0.15381,0.64907,2.42174,1.865,cf5c4b437daf4bb3ad68d0f88ea7bff2,scene-0018
straight,0.97851,0.90513,0.94287,18.72794,17.93953,18.98261,0.14106,0.12438,0.16215,0.05874,-0.03288,0.04743,0.5984,-0.62232,0.63818,0.00868,-0.02128,0.0268,0.03112,0.0075,0.01052,1.12832,0.22797,0.97346,0.06348,0.0247,0.0265,0.91977,0.93801,0.89543,18.12953,18.56185,18.34443,0.13238,0.14565,0.13535,2.73726,0.95089,0.94551,0.90595,19.25786,18.78982,19.31789,True,0.19586,0.17035,0.16185,1.43457,2.94043,5.22065,8610dd7c403e48dd91ad1bb1ef77b308,scene-0018
straight,0.93001,0.93562,0.88501,18.25431,19.02838,18.74618,0.1147,0.15292,0.16573,0.05604,-0.0071,-0.06943,0.3648,-0.52172,-1.46609,-0.02591,-0.02168,-0.04761,0.03597,0.04668,0.07414,0.57947,0.24071,0.3029,0.00342,0.02517,-0.06056,0.87397,0.94271,0.95444,17.88951,19.5501,20.21228,0.14061,0.17461,0.21334,1.22357,0.90994,0.98939,1.02859,18.46898,19.79081,20.51518,True,0.14402,0.19977,0.15278,0.65934,1.69632,2.54239,e9b9031b8f5f41e89bd5eed158feaf14,scene-0018
right,0.90513,0.94287,0.97152,17.93953,18.98261,19.51096,0.12438,0.16215,0.16458,0.04747,0.04743,0.19105,0.46972,0.63818,1.76045,0.00684,0.0268,0.00224,0.14348,0.11151,-0.01968,2.0941,2.14177,-0.23926,0.06716,0.05619,-0.00891,0.85766,0.89543,0.78047,17.46981,18.34443,17.75051,0.11753,0.13535,0.16235,0.70638,1.00114,1.00695,0.7608,19.56391,20.48621,17.51125,True,0.1847,0.19154,0.15344,1.33919,0.5003,0.95392,a6be1b51213443ba9991585f56a30c71,scene-0018
right,0.69961,0.77301,0.75212,15.8571,17.00681,17.13235,0.15634,0.16081,0.19259,0.11379,-0.04262,0.27812,1.73316,-1.72825,4.32625,0.03994,0.00377,0.10636,-0.01097,0.02453,0.33733,-0.0486,0.25338,4.93186,-0.00109,0.02424,0.04636,0.58581,0.81563,0.474,14.12394,18.73506,12.8061,0.1164,0.15705,0.08623,5.01974,0.57485,0.84016,0.81133,14.07534,18.98845,17.73796,True,0.11531,0.18129,0.13259,2.9256,5.90866,7.59887,d62b0f9db06440c695781c52ed71909a,scene-0035
right,0.70555,0.71629,0.72476,16.52708,17.1704,16.77988,0.16459,0.18605,0.1321,-0.09152,0.07043,0.0945,-1.46772,1.17564,1.47615,0.01713,0.04465,0.01985,-0.19695,-0.06903,0.21099,-2.98337,-1.19724,3.07251,-0.01111,-0.01,0.01269,0.79707,0.64586,0.63026,17.9948,15.99476,15.30373,0.14746,0.1414,0.11225,8.49074,0.60012,0.57683,0.84125,15.01143,14.79752,18.37624,True,0.13635,0.13141,0.12494,5.82286,8.82328,15.45821,fe87516995a947d285cd5d815f479eaf,scene-0035
right,0.77301,0.75212,0.71526,17.00681,17.13235,16.15387,0.16081,0.19259,0.10211,-0.00086,0.27812,0.0125,-0.79385,4.32625,-0.28351,0.01235,0.10636,0.00739,0.00938,0.16592,-0.03927,-0.1365,2.15258,-1.83138,0.00416,0.03418,-0.01177,0.77387,0.474,0.70276,17.80067,12.8061,16.43738,0.14846,0.08623,0.09472,6.11912,0.78325,0.63992,0.66348,17.66417,14.95868,14.60599,True,0.15263,0.12041,0.08295,3.26661,8.53861,8.35128,60341918a107414c9c44a9bfe169c9e4,scene-0035
right,0.71629,0.72476,0.681,17.1704,16.77988,16.11908,0.18605,0.1321,0.1126,0.18267,0.0945,0.11083,3.03933,1.47615,1.53299,0.06155,0.01985,0.02962,0.22437,0.22528,-0.02665,3.64431,3.02702,-0.88117,0.04405,0.01924,-0.0005,0.53362,0.63026,0.57017,14.13107,15.30373,14.58609,0.1245,0.11225,0.08298,6.30152,0.75799,0.85554,0.54352,17.77538,18.33076,13.70491,True,0.16854,0.13149,0.08247,5.00111,7.47087,8.79933,17d6152bed1f4d97928dedad04c0d7b8,scene-0035
right,0.75212,0.71526,0.64868,17.13235,16.15387,15.62302,0.19259,0.10211,0.09319,0.27812,0.0125,0.04989,4.32625,-0.28351,0.99081,0.10636,0.00739,0.00881,-0.02305,-0.18402,0.10907,-0.30021,-3.40992,1.63495,0.00391,-0.0176,0.00872,0.474,0.70276,0.59879,12.8061,16.43738,14.63221,0.08623,0.09472,0.08437,2.55145,0.45095,0.51873,0.70787,12.50589,13.02746,16.26715,True,0.09014,0.07711,0.0931,1.00698,3.00605,5.11083,020154f4d8cd4e8582c4a02f10d70d7a,scene-0035
right,0.72476,0.681,0.64728,16.77988,16.11908,15.38616,0.1321,0.1126,0.08635,0.0945,0.11083,-0.00823,1.47615,1.53299,0.277,0.01985,0.02962,0.00611,0.01646,0.16049,0.05597,0.51786,1.94355,1.04076,0.00054,0.01907,0.00531,0.63026,0.57017,0.65551,15.30373,14.58609,15.10916,0.11225,0.08298,0.08024,7.0296,0.64672,0.73066,0.71148,15.82159,16.52963,16.14992,True,0.1128,0.10204,0.08556,2.4885,7.11445,14.59339,a3d2c3ca40b3455396e7ae776f523ea0,scene-0035
right,0.71526,0.64868,0.67033,16.15387,15.62302,15.66366,0.10211,0.09319,0.0889,0.0125,0.04989,-0.09877,-0.28351,0.99081,-1.40086,0.00739,0.00881,-0.00042,-0.21354,0.20406,-0.11075,-3.91617,2.83751,-1.93709,-0.01504,0.01447,-0.00627,0.70276,0.59879,0.76909,16.43738,14.63221,17.06453,0.09472,0.08437,0.08932,2.05869,0.48921,0.80285,0.65834,12.52121,17.46972,15.12744,True,0.07968,0.09884,0.08305,1.19794,1.85147,4.73247,7b8f2d0d1c124c4a9b9d9d3b7509b0b7,scene-0035
right,0.681,0.64728,0.71838,16.11908,15.38616,16.39916,0.1126,0.08635,0.08992,0.11083,-0.00823,-0.02674,1.53299,0.277,-0.92559,0.02962,0.00611,-0.00996,-0.01538,0.08512,-0.03371,-0.43993,1.82992,-0.57969,0.00054,0.01075,0.00157,0.57017,0.65551,0.74513,14.58609,15.10916,17.32475,0.08298,0.08024,0.09988,7.08615,0.55479,0.74064,0.71142,14.14616,16.93908,16.74507,True,0.08351,0.09099,0.10146,4.39163,8.54212,11.72871,c93a7e7a083848b9bf26b8438c052426,scene-0035
right,0.64868,0.67033,0.69263,15.62302,15.66366,16.58705,0.09319,0.0889,0.09634,0.04759,-0.09877,0.02722,0.9461,-1.40086,0.50581,0.00684,-0.00042,-0.00431,0.08192,0.05308,-0.13646,1.24419,0.63405,-1.94269,0.00561,0.03693,-0.00712,0.60109,0.76909,0.66542,14.67692,17.06453,16.08124,0.08635,0.08932,0.10065,7.41912,0.68301,0.82217,0.52895,15.92111,17.69857,14.13855,True,0.09196,0.12626,0.09353,4.10753,8.62177,11.8942,c090b86c7b9c4e97a3e145a70c98c631,scene-0035
right,0.64728,0.71838,0.79617,15.38616,16.39916,17.94815,0.08635,0.08992,0.11433,0.00655,-0.02674,0.04068,0.37651,-0.92559,0.6939,0.01444,-0.00996,0.00231,0.03093,-0.14071,0.08082,0.69233,-2.17821,1.57127,0.01642,-0.00993,0.0116,0.64073,0.74513,0.75548,15.00965,17.32475,17.25425,0.07191,0.09988,0.11202,5.33605,0.67167,0.60442,0.8363,15.70198,15.14655,18.82552,True,0.08834,0.08995,0.12362,4.18081,6.55175,7.49638,40ead2f47c8146c581917c05cfda04ea,scene-0035
straight,0.67033,0.69263,0.75106,15.66366,16.58705,17.33942,0.0889,0.09634,0.11075,-0.09511,0.02722,0.24296,-1.4772,0.50581,3.65126,0.00628,-0.00431,0.01731,-0.05025,-0.08353,0.17366,-1.05552,-1.2713,3.39081,0.00621,-0.01346,0.02448,0.76544,0.66542,0.5081,17.14086,16.08124,13.68816,0.08262,0.10065,0.09344,4.19298,0.71518,0.58188,0.68177,16.08534,14.80994,17.07897,True,0.08883,0.08719,0.11792,2.85307,3.59868,7.10586,cc71e504f560478ba9686b0ba983f1e6,scene-0035
straight,0.71838,0.79617,0.73809,16.39916,17.94815,17.24433,0.08992,0.11433,0.12501,0.03194,0.04068,-0.01951,-0.1172,0.6939,0.06972,-0.00691,0.00231,0.02516,-0.01273,0.04305,-0.02033,-0.5893,0.58754,-0.44125,-0.00323,0.01184,0.00563,0.68645,0.75548,0.7576,16.51637,17.25425,17.17461,0.09683,0.11202,0.09985,2.74117,0.67371,0.79853,0.73727,15.92707,17.84179,16.73336,True,0.09361,0.12386,0.10548,1.84709,3.7115,5.01511,d9d546a04a9a41d8984c39e7c53689b6,scene-0035
straight,0.69263,0.75106,0.74332,16.58705,17.33942,17.08994,0.09634,0.11075,0.09845,0.08243,0.24296,0.05847,1.41312,3.65126,1.13094,0.0038,0.01731,-0.00765,0.09457,0.26124,0.03272,1.26798,3.94684,0.75439,0.01655,0.02094,-0.00266,0.6102,0.5081,0.68485,15.17393,13.68816,15.959,0.09254,0.09344,0.1061,3.65839,0.70477,0.76934,0.71757,16.44191,17.63501,16.71339,True,0.10908,0.11437,0.10344,1.92114,4.87359,6.73726,a43d2cd8447b41858887bf536628b0b9,scene-0035
straight,0.79617,0.73809,0.73025,17.94815,17.24433,16.09178,0.11433,0.12501,0.12339,-0.07078,-0.01951,-0.11821,-0.78052,0.06972,-1.87338,-0.00639,0.02516,0.00952,-0.08647,-0.0347,-0.15241,-0.78852,-0.51658,-2.28951,-0.00655,0.00962,-0.01672,0.86694,0.7576,0.84846,18.72867,17.17461,17.96515,0.12073,0.09985,0.11387,3.23801,0.78047,0.7229,0.69605,17.94015,16.65803,15.67564,True,0.11418,0.10947,0.09715,1.34331,3.56125,6.71706,997e5e6c149d4bbcb3c210335f901c3d,scene-0035
right,0.75106,0.74332,0.78082,17.33942,17.08994,16.8706,0.11075,0.09845,0.10814,0.14019,0.05847,0.22951,2.21142,1.13094,3.51468,0.01302,-0.00765,0.01766,0.02081,-0.11407,0.03021,0.35184,-1.70453,0.23721,-0.00421,-0.01404,0.00051,0.61087,0.68485,0.55131,15.12801,15.959,13.35592,0.09773,0.1061,0.09048,2.94841,0.63168,0.57078,0.58152,15.47985,14.25447,13.59313,True,0.09352,0.09205,0.091,1.27997,3.19272,5.75619,57267f4d074b42568f79cd015d5c1a4c,scene-0035
right,0.73809,0.73025,0.62542,17.24433,16.09178,14.7676,0.12501,0.12339,0.09607,0.01593,-0.11821,0.06145,0.81487,-1.87338,0.84264,0.02406,0.00952,0.01458,0.00571,-0.03283,0.19579,0.30714,-0.54671,3.51827,0.01133,-0.00395,0.06235,0.72216,0.84846,0.56398,16.42946,17.96515,13.92496,0.10095,0.11387,0.0815,4.78233,0.72787,0.81563,0.75977,16.7366,17.41845,17.44322,True,0.11228,0.10992,0.14385,2.53562,5.74616,8.7401,af571c22d255499db27ca444d6b9cef9,scene-0035
right,0.74332,0.78082,0.73235,17.08994,16.8706,16.4713,0.09845,0.10814,0.10797,0.2256,0.22951,0.06543,3.48217,3.51468,0.66758,0.00287,0.01766,0.00183,0.08836,-0.03114,0.11074,1.33596,-0.69902,1.40464,-0.00059,-0.00507,0.00414,0.51772,0.55131,0.66692,13.60777,13.35592,15.80372,0.09558,0.09048,0.10614,3.88605,0.60609,0.52017,0.77766,14.94373,12.65689,17.20837,True,0.09499,0.08542,0.11028,1.96507,4.31321,7.63869,814720ee91d54e408e6fd0dd1b356e9c,scene-0035
right,0.73025,0.62542,0.76595,16.09178,14.7676,17.22031,0.12339,0.09607,0.1295,0.16398,0.06145,0.07788,2.31341,0.84264,1.55449,0.03086,0.01458,0.02005,0.22904,-0.10005,0.0882,3.51493,-1.52947,1.70904,0.01696,-0.00409,0.01801,0.56627,0.56398,0.68807,13.77836,13.92496,15.66583,0.09253,0.0815,0.10945,3.655,0.79531,0.46393,0.77627,17.29329,12.39549,17.37487,True,0.10949,0.07741,0.12746,1.82715,4.02809,7.36394,13da317bc2a547f89ee12cdf67c6ce4c,scene-0035
right,0.78082,0.73235,0.77158,16.8706,16.4713,16.79314,0.10814,0.10797,0.16373,0.25463,0.06543,-0.02373,4.1187,0.66758,0.28551,0.01843,0.00183,0.03125,0.04548,-0.0012,-0.08887,0.87945,-0.05288,-0.59188,-0.00043,-0.00586,0.00498,0.52619,0.66692,0.79531,12.7519,15.80372,16.50763,0.08971,0.10614,0.13248,1.74941,0.57167,0.66572,0.70644,13.63134,15.75084,15.91576,True,0.08928,0.10028,0.13745,0.54099,2.50778,2.5097,cad8d994d6b14ffe963e9dc7768d0a0e,scene-0035
right,0.62542,0.76595,0.83342,14.7676,17.22031,17.6558,0.09607,0.1295,0.16428,0.17781,0.07788,0.11437,2.31049,1.55449,1.96362,0.00426,0.02005,0.04193,0.05347,0.1808,0.11787,0.37413,2.82912,1.82235,-0.01268,0.02078,0.02402,0.44761,0.68807,0.71905,12.45711,15.66583,15.69219,0.09182,0.10945,0.12235,5.51058,0.50108,0.86887,0.83691,12.83124,18.49495,17.51453,True,0.07914,0.13024,0.14637,1.4013,5.37085,13.49966,5dda1ef89d98493aa39a470b21fa4ebe,scene-0035
right,0.73235,0.77158,0.8308,16.4713,16.79314,17.38092,0.10797,0.16373,0.14667,0.03686,-0.02373,-0.05089,0.38797,0.28551,-1.10594,-0.00268,0.03125,-0.00947,0.00648,0.07951,0.03508,0.10145,0.87626,0.80043,0.00247,0.00394,0.00815,0.69549,0.79531,0.88169,16.08333,16.50763,18.48685,0.11066,0.13248,0.15614,3.9474,0.70197,0.87482,0.91677,16.18478,17.3839,19.28728,True,0.11313,0.13642,0.16428,1.99098,3.62239,7.39053,7b86bda4144e46b08b5c8aea57bfa969,scene-0035
right,0.76595,0.83342,0.83185,17.22031,17.6558,17.73082,0.1295,0.16428,0.15629,0.21547,0.11437,0.01678,3.39524,1.96362,0.23131,0.03119,0.04193,-0.00131,0.1506,0.0218,0.09288,2.49431,0.36648,1.38417,0.01525,0.00251,0.01511,0.55048,0.71905,0.81507,13.82507,15.69219,17.49951,0.09831,0.12235,0.15761,2.78861,0.70108,0.74085,0.90795,16.31939,16.05867,18.88368,True,0.11356,0.12486,0.17272,1.16738,3.39123,5.47046,7f73470d1234487996a0f254b1e6c610,scene-0035
right,0.77158,0.8308,0.89776,16.79314,17.38092,18.51023,0.16373,0.14667,0.18506,-0.0327,-0.05089,0.13062,0.26674,-1.10594,0.75516,0.03435,-0.00947,-0.02744,-0.01025,-0.04428,-0.0177,0.10331,-0.53667,-0.98986,0.00505,-0.00639,-0.04081,0.80427,0.88169,0.76713,16.5264,18.48685,17.75508,0.12938,0.15614,0.2125,2.74649,0.79403,0.83741,0.74943,16.62971,17.95018,16.76522,True,0.13442,0.14975,0.1717,0.83138,3.24523,4.59901,3c4a042965874822affa98f7449566b6,scene-0035
right,0.83342,0.83185,0.88351,17.6558,17.73082,18.60563,0.16428,0.15629,0.18684,0.1158,0.01678,0.07823,1.52991,0.23131,1.28381,0.015,-0.00131,0.06644,0.02072,0.15155,-0.01052,-0.14337,2.53014,-0.23173,-0.01438,0.02704,0.01067,0.71762,0.81507,0.80528,16.1259,17.49951,17.32182,0.14929,0.15761,0.1204,2.94983,0.73834,0.96662,0.79476,15.98253,20.02965,17.09009,True,0.13491,0.18465,0.13107,0.83817,4.40747,5.09329,b2024b635e624a719d16d85b395447d3,scene-0035
right,0.8308,0.89776,0.78622,17.38092,18.51023,17.03057,0.14667,0.18506,0.15105,0.15807,0.13062,0.08202,2.50255,0.75516,1.5398,0.01413,-0.02744,0.02523,0.13224,0.14809,0.17143,2.04466,1.14254,2.38568,0.00764,-0.0196,0.03677,0.67273,0.76713,0.7042,14.87836,17.75508,15.49078,0.13254,0.2125,0.12582,5.96631,0.80497,0.91522,0.87563,16.92303,18.89762,17.87645,True,0.14017,0.1929,0.16259,3.03462,5.59605,11.12957,50a05815453843d59bc3a77910df455d,scene-0035
right,0.83185,0.88351,0.84654,17.73082,18.60563,17.02009,0.15629,0.18684,0.12768,0.14363,0.07823,0.02492,1.64735,1.28381,0.44129,0.00143,0.06644,0.02248,0.017,-0.06766,-0.02087,0.14391,-1.35425,0.17213,-0.00376,-0.00639,0.02143,0.68822,0.80528,0.82162,16.08346,17.32182,16.5788,0.15486,0.1204,0.1052,5.59184,0.70522,0.73762,0.80075,16.22737,15.96758,16.75093,True,0.1511,0.11402,0.12662,2.49336,4.33077,14.56009,25a5a54ce55347fe877f2d72b0231a37,scene-0035
right,0.89776,0.78622,0.7568,18.51023,17.03057,16.22302,0.18506,0.15105,0.12432,0.15595,0.08202,0.11747,1.57891,1.5398,1.93759,0.00364,0.02523,0.01377,0.14658,-0.02392,0.23313,1.84911,-0.23736,3.49819,0.00648,0.02075,0.04092,0.74181,0.7042,0.63932,16.93132,15.49078,14.28542,0.18141,0.12582,0.11054,5.75157,0.88839,0.68028,0.87246,18.78043,15.25342,17.78362,True,0.18789,0.14657,0.15146,2.0297,6.78435,11.58264,c76efd09fff94c32b9a77b0c634856af,scene-0035
straight,0.88351,0.84654,0.79578,18.60563,17.02009,16.68684,0.18684,0.12768,0.11158,0.17476,0.02492,-0.01438,3.00001,0.44129,-0.43683,0.07581,0.02248,-0.01352,0.09638,-0.09398,-0.06309,1.59879,-1.32593,-1.02503,0.01405,-0.00739,-0.01275,0.70874,0.82162,0.81016,15.60562,16.5788,17.12366,0.11103,0.1052,0.1251,5.6244,0.80512,0.72764,0.74706,17.20441,15.25287,16.09863,True,0.12508,0.0978,0.11235,3.34114,5.64527,9.75202,d4437f7299da465a9115120375104a24,scene-0035
straight,0.78622,0.7568,0.6859,17.03057,16.22302,15.66408,0.15105,0.12432,0.11579,0.04718,0.11747,-0.14634,1.22768,1.93759,-1.61603,0.01966,0.01377,-0.01276,0.0592,0.2763,0.10625,0.80433,3.79318,1.67995,0.01581,0.04098,0.03213,0.73904,0.63932,0.83224,15.8029,14.28542,17.28011,0.13139,0.11054,0.12855,5.45314,0.79824,0.91563,0.93849,16.60722,18.0786,18.96006,True,0.1472,0.15152,0.16068,3.36811,5.06699,10.73883,c4bd1994696342e386e28a05135b09ad,scene-0035
straight,0.84654,0.79578,0.73398,17.02009,16.68684,15.60167,0.12768,0.11158,0.12113,0.10007,-0.01438,-0.03562,1.69785,-0.43683,-1.02324,0.02708,-0.01352,0.00108,-0.04988,-0.15619,-0.03101,-0.59465,-2.02763,-0.2738,-0.00333,-0.0075,0.00615,0.74647,0.81016,0.7696,15.32224,17.12366,16.62492,0.1006,0.1251,0.12005,3.54452,0.69659,0.65397,0.73858,14.72758,15.09604,16.35112,True,0.09727,0.1176,0.12619,1.72478,2.65029,8.32705,c0e4b1016c09468c9b1ce496462eb1ad,scene-0035
straight,0.7568,0.6859,0.70919,16.22302,15.66408,16.30011,0.12432,0.11579,0.14998,0.11747,-0.14634,0.04124,1.93759,-1.61603,0.41056,0.01377,-0.01276,0.02014,0.13337,-0.03802,0.00141,2.28678,-0.41539,-0.39361,0.00895,-0.00174,-0.00039,0.63932,0.83224,0.66795,14.28542,17.28011,15.88955,0.11054,0.12855,0.12984,2.22582,0.77269,0.79422,0.66936,16.5722,16.86472,15.49594,True,0.11949,0.12682,0.12946,1.69271,2.52929,3.5719,08078980e5564ecd80cdab0d0c71f2ac,scene-0035
straight,0.79578,0.73398,0.71211,16.68684,15.60167,16.19696,0.11158,0.12113,0.13557,-0.01438,-0.03562,-0.01536,-0.43683,-1.02324,-0.98382,-0.01352,0.00108,-0.01132,-0.09031,0.07529,0.05317,-1.44532,0.88368,0.75677,-0.01207,0.02543,0.00057,0.81016,0.7696,0.72747,17.12366,16.62492,17.18078,0.1251,0.12005,0.14688,6.11078,0.71985,0.84489,0.78064,15.67834,17.5086,17.93755,True,0.11303,0.14548,0.14745,3.22207,7.49178,10.35281,de550f4c35284f90844c07a64253639b,scene-0035
straight,0.6859,0.70919,0.7704,15.66408,16.30011,17.33497,0.11579,0.14998,0.16462,-0.14634,0.04124,0.09459,-1.61603,0.41056,0.94981,-0.01276,0.02014,0.01954,-0.04644,0.05949,0.01293,-0.49256,0.80444,-0.04217,-0.00067,0.01428,0.00979,0.83224,0.66795,0.67581,17.28011,15.88955,16.38516,0.12855,0.12984,0.14508,7.39429,0.7858,0.72744,0.68875,16.78755,16.69399,16.34298,True,0.12789,0.14413,0.15487,3.43498,9.04928,13.57081,6f88910ce826420fb9739c7da9d2e54e,scene-0035
straight,0.73398,0.71211,0.72609,15.60167,16.19696,16.98194,0.12113,0.13557,0.18027,-0.02164,-0.01536,-0.00281,-0.55069,-0.98382,-0.40489,-0.00173,-0.01132,0.06966,-0.03044,0.0826,0.12989,0.14896,0.42228,2.16146,0.0046,-0.00197,0.0916,0.75562,0.72747,0.7289,16.15237,17.18078,17.38684,0.12286,0.14688,0.1106,8.64366,0.72518,0.81006,0.85879,16.30132,17.60306,19.54829,True,0.12745,0.14492,0.2022,4.86716,9.72809,14.89046,5f15115414584a23bdc0d0982c46e264,scene-0035
straight,0.68807,0.74691,0.69783,16.3694,16.64247,15.72176,0.11562,0.13572,0.11419,0.13785,0.04637,-0.0623,2.69521,0.90204,-1.21475,0.03221,0.02545,0.00179,-0.01698,0.09383,0.03273,0.25508,1.23228,0.77494,0.0282,0.01039,0.0057,0.55023,0.70055,0.76012,13.67419,15.74043,16.9365,0.08341,0.11028,0.11241,3.78106,0.53325,0.79437,0.79285,13.92927,16.97271,17.71145,True,0.11161,0.12067,0.11811,2.08728,4.02194,7.12979,e1b5c775be134db696ce22413d195c72,scene-0036
straight,0.82106,0.75017,0.6919,17.64942,16.49261,15.82735,0.12815,0.11508,0.11107,0.1238,0.08646,-0.03899,1.81956,0.98753,-1.04808,0.03116,0.01392,0.00412,0.02108,0.08483,0.00059,0.42688,1.29542,0.04342,1e-05,0.01199,0.01288,0.69726,0.66372,0.73089,15.82986,15.50508,16.87543,0.09699,0.10116,0.10695,0.67759,0.71834,0.74854,0.73149,16.25674,16.8005,16.91884,True,0.097,0.11315,0.11984,0.10613,0.55998,1.01132,ef9b3594550a4e8a9e6442aa7b5c6be1,scene-0036
straight,0.74691,0.69783,0.64294,16.64247,15.72176,15.25875,0.13572,0.11419,0.10192,0.04637,-0.0623,0.03049,0.90204,-1.21475,0.30764,0.02545,0.00179,0.00068,0.10771,0.04167,0.09883,1.30608,0.93262,1.238,0.00917,0.01566,0.00307,0.70055,0.76012,0.61245,15.74043,16.9365,14.95111,0.11028,0.11241,0.10124,3.0119,0.80825,0.80179,0.71128,17.0465,17.86913,16.18911,True,0.11945,0.12807,0.10431,1.38999,2.78589,5.929,723739bbe19f49cfb531585eecea1dc5,scene-0036
straight,0.75017,0.6919,0.71152,16.49261,15.82735,15.76306,0.11508,0.11107,0.10252,0.06232,-0.03899,0.04805,0.51667,-1.04808,0.02021,0.01673,0.00412,0.01036,-0.04824,-0.05418,-0.00656,-1.18839,-0.53663,0.12533,-0.0031,-0.00314,0.00757,0.68785,0.73089,0.66347,15.97593,16.87543,15.74285,0.09836,0.10695,0.09216,4.2775,0.63961,0.67672,0.65691,14.78754,16.3388,15.86818,True,0.09525,0.10382,0.09973,2.37024,5.10864,7.97261,a85e915244be4644ba830af4cf4aaf45,scene-0036
straight,0.69783,0.64294,0.72823,15.72176,15.25875,15.87911,0.11419,0.10192,0.10223,-0.06504,0.03049,0.14373,-1.13964,0.30764,1.35953,0.00166,0.00068,0.01401,0.03894,-0.00481,0.08366,0.43405,0.06087,0.90962,-0.00736,0.00314,0.00188,0.76286,0.61245,0.5845,16.8614,14.95111,14.51959,0.11253,0.10124,0.08822,2.78971,0.80181,0.60764,0.66816,17.29545,15.01199,15.42921,True,0.10517,0.10438,0.0901,1.42142,2.84801,5.2222,856ccc626a4a4c0aaac1e62335050ac0,scene-0036
straight,0.6919,0.71152,0.75879,15.82735,15.76306,16.82527,0.11107,0.10252,0.11022,-0.03899,0.04805,0.14628,-1.04808,0.02021,1.44157,0.00412,0.01036,0.00868,-0.0496,0.1397,0.05694,-0.88434,1.85878,0.49506,-0.00422,0.02276,0.0021,0.73089,0.66347,0.61251,16.87543,15.74285,15.3837,0.10695,0.09216,0.10154,2.98613,0.68129,0.80317,0.66945,15.99109,17.60163,15.87876,True,0.10273,0.11492,0.10364,1.05074,3.628,5.99848,e63b580425fc45b5a585a45523bac035,scene-0036
straight,0.64294,0.72823,0.8262,15.25875,15.87911,17.98384,0.10192,0.10223,0.13244,0.03049,0.14373,0.15204,0.30764,1.35953,2.43123,0.00068,0.01401,0.02297,0.04922,0.17472,-0.05108,0.70343,2.58916,0.0101,0.00405,0.03085,0.00587,0.61245,0.5845,0.67416,14.95111,14.51959,15.55261,0.10124,0.08822,0.10947,2.64292,0.66168,0.75921,0.62309,15.65455,17.10875,15.56271,True,0.10528,0.11907,0.11534,1.16959,2.53104,6.25149,f3599aace98a4c0890a8ea374dfd58ff,scene-0036
straight,0.71152,0.75879,0.81839,15.76306,16.82527,17.88072,0.10252,0.11022,0.15292,-0.02841,0.14628,0.15579,-0.90288,1.44157,2.54835,-0.00948,0.00868,0.039,-0.08907,0.05606,0.01591,-1.17979,0.36421,0.42769,-0.02291,0.00043,0.00188,0.73993,0.61251,0.66259,16.66594,15.3837,15.33238,0.112,0.10154,0.11392,0.85446,0.65086,0.66857,0.6785,15.48615,15.74791,15.76006,True,0.08909,0.10197,0.1158,0.61055,2.12085,0.5562,28b65b60537d4f70be13fae042ecace9,scene-0036
straight,0.72823,0.8262,0.80189,15.87911,17.98384,18.58053,0.10223,0.13244,0.15874,0.09243,0.15204,0.10995,0.63633,2.43123,1.83742,0.01044,0.02297,0.03452,-0.00785,0.06041,-0.02638,-0.30536,1.56533,-0.51225,-0.0034,0.02801,-0.00274,0.6358,0.67416,0.69194,15.24279,15.55261,16.74311,0.09179,0.10947,0.12421,1.45495,0.62795,0.73457,0.66556,14.93743,17.11793,16.23086,True,0.08839,0.13747,0.12148,0.69602,2.53847,1.3658,ae334a760ecd45d8a88a69014d8290ab,scene-0036
straight,0.75879,0.81839,0.81271,16.82527,17.88072,18.20013,0.11022,0.15292,0.1934,0.14628,0.15579,0.07376,1.44157,2.54835,0.83983,0.00868,0.039,0.03173,0.04364,0.0315,-0.06253,0.13988,0.5888,-0.80929,0.00116,0.00875,0.00631,0.61251,0.66259,0.73895,15.3837,15.33238,17.3603,0.10154,0.11392,0.16167,5.2097,0.65615,0.6941,0.67642,15.52357,15.92118,16.55101,True,0.10271,0.12267,0.16798,3.53963,5.96103,8.91004,7bd9965f22864e9dbff830ced43a66da,scene-0036
straight,0.8262,0.80189,0.83379,17.98384,18.58053,18.67042,0.13244,0.15874,0.22923,0.15204,0.10995,0.2114,2.43123,1.83742,2.73734,0.02297,0.03452,0.09491,0.08097,0.08526,0.09091,1.7001,1.59118,1.5927,0.01059,0.02566,0.05701,0.67416,0.69194,0.62238,15.55261,16.74311,15.93307,0.10947,0.12421,0.13432,8.95084,0.75513,0.7772,0.71329,17.25271,18.33429,17.52577,True,0.12005,0.14987,0.19134,5.58643,9.55236,15.26048,978a078289b64db3a6a318e8547076ba,scene-0036
straight,0.81839,0.81271,0.80934,17.88072,18.20013,18.61219,0.15292,0.1934,0.21173,0.15579,0.07376,0.12643,2.54835,0.83983,1.90637,0.039,0.03173,0.09156,0.10806,0.05173,0.15348,1.5441,1.37513,2.98292,0.01649,0.02745,0.07762,0.66259,0.73895,0.6829,15.33238,17.3603,16.70582,0.11392,0.16167,0.12017,8.94065,0.77065,0.79068,0.83638,16.87648,18.73543,19.68874,True,0.13041,0.18912,0.19779,5.30374,10.25218,15.68937,125a63c9e5b14ebfb5839143c88e3a44,scene-0036
straight,0.80189,0.83379,0.78033,18.58053,18.67042,17.52914,0.15874,0.22923,0.16206,0.10995,0.2114,0.01967,1.83742,2.73734,-0.63649,0.03452,0.09491,0.01341,-0.03366,0.11468,0.00593,-0.43564,3.78587,-0.33075,0.00704,0.13526,0.00731,0.69194,0.62238,0.76066,16.74311,15.93307,18.16563,0.12421,0.13432,0.14864,10.53865,0.65828,0.73707,0.76659,16.30747,19.71894,17.83488,True,0.13125,0.26958,0.15595,5.13495,12.55786,18.68749,f82e1e7cf87b4ef1a4d6227b6851441d,scene-0036
straight,0.81271,0.80934,0.75049,18.20013,18.61219,16.92798,0.1934,0.21173,0.12344,0.07376,0.12643,0.05536,0.83983,1.90637,0.92532,0.03173,0.09156,0.03137,-0.07349,0.02436,0.17296,-0.93221,0.54261,3.32255,0.01079,0.04762,0.08123,0.73895,0.6829,0.69513,17.3603,16.70582,16.00266,0.16167,0.12017,0.09208,10.63128,0.66547,0.70726,0.86808,16.42809,17.24843,19.32521,True,0.17246,0.16779,0.17331,5.54479,12.69444,18.61452,cd7b7f9917364acc9e25e8d21e4dc297,scene-0036
straight,0.83379,0.78033,0.6439,18.67042,17.52914,15.32008,0.22923,0.16206,0.11783,0.22533,0.01967,0.0134,2.49005,-0.63649,0.4,0.08831,0.01341,0.04214,0.12286,0.10059,0.02691,1.54543,0.90846,0.50079,0.04535,0.03493,0.0178,0.60845,0.76066,0.63051,16.18037,18.16563,14.92008,0.14092,0.14864,0.07569,9.24247,0.73131,0.86125,0.65742,17.7258,19.07409,15.42087,True,0.18627,0.18357,0.0935,4.87696,12.1472,14.88116,96d66c41d3dc42b193bf1a091ac103a3,scene-0036
straight,0.80934,0.75049,0.6927,18.61219,16.92798,16.14528,0.21173,0.12344,0.10648,0.15127,0.05536,0.03213,2.14454,0.92532,0.81202,0.09033,0.03137,0.02183,0.046,0.02695,0.2021,0.72232,0.86785,4.02014,0.04061,0.01886,0.11186,0.65807,0.69513,0.66057,16.46765,16.00266,15.33327,0.1214,0.09208,0.08465,9.81802,0.70408,0.72208,0.86267,17.18997,16.87051,19.3534,True,0.16201,0.11094,0.19651,6.03473,10.81588,15.9569,6f8d7a927c524cb8b3526b9b798a5a53,scene-0036
straight,0.78033,0.6439,0.67806,17.52914,15.32008,15.7764,0.16206,0.11783,0.09853,0.06027,0.0134,0.14276,0.6983,0.4,2.08939,0.03249,0.04214,0.02084,0.03763,0.27767,0.04716,0.57392,4.55924,0.76901,0.02619,0.10649,0.00491,0.72005,0.63051,0.5353,16.83084,14.92008,13.68701,0.12957,0.07569,0.07769,10.90201,0.75768,0.90818,0.58246,17.40475,19.47932,14.45602,True,0.15576,0.18218,0.0826,6.15598,12.89795,18.29077,c2102371cbcf4d8f9eb66069a3d5b350,scene-0036
straight,0.75049,0.6927,0.68524,16.92798,16.14528,16.16869,0.12344,0.10648,0.10566,0.05536,0.03213,0.03028,0.92532,0.81202,0.0435,0.03137,0.02183,0.00299,0.05503,-0.0565,0.00393,0.87666,-0.84162,0.00984,0.02701,0.01446,0.00197,0.69513,0.66057,0.65495,16.00266,15.33327,16.12518,0.09208,0.08465,0.10266,10.89297,0.75016,0.60407,0.65889,16.87932,14.49164,16.13503,True,0.11909,0.09911,0.10463,6.51931,12.51608,18.29632,73e7a058423243e49848fd0b9b259ce9,scene-0036
straight,0.6439,0.67806,0.66413,15.32008,15.7764,15.44641,0.11783,0.09853,0.10309,0.0134,0.14276,0.0689,0.4,2.08939,0.68211,0.04214,0.02084,0.02122,0.05503,0.03447,0.22268,0.61672,0.30749,3.96435,0.02117,0.00855,0.05964,0.63051,0.5353,0.59523,14.92008,13.68701,14.7643,0.07569,0.07769,0.08187,7.47511,0.68553,0.56978,0.81791,15.5368,13.9945,18.72865,True,0.09686,0.08624,0.14151,4.76304,6.70796,14.29203,538100c6eb164041b51302a0bd140187,scene-0036
straight,0.6927,0.68524,0.67276,16.14528,16.16869,16.35024,0.10648,0.10566,0.10758,0.03213,0.03028,0.0052,0.81202,0.0435,0.14521,0.02183,0.00299,0.01242,-0.02033,-0.01157,0.14119,-0.04123,-0.48184,2.1762,0.01158,-0.00344,0.0382,0.66057,0.65495,0.66756,15.33327,16.12518,16.20503,0.08465,0.10266,0.09515,7.83778,0.64024,0.64338,0.80875,15.29204,15.64334,18.38124,True,0.09623,0.09922,0.13335,4.59471,8.94722,13.81329,ca08ecf430ce4eceaea30a6a2a8eef95,scene-0036
straight,0.67806,0.66413,0.60637,15.7764,15.44641,15.46408,0.09853,0.10309,0.11969,0.14276,0.0689,0.06449,2.08939,0.68211,0.30226,0.02084,0.02122,0.01668,0.09546,0.05483,0.15317,1.25034,0.64772,1.78392,0.00464,0.01483,0.01215,0.5353,0.59523,0.54189,13.68701,14.7643,15.16182,0.07769,0.08187,0.10301,6.74346,0.63076,0.65006,0.69505,14.93735,15.41202,16.94574,True,0.08233,0.0967,0.11516,2.82899,7.27314,12.54632,f8d77275b248436794a049c74b69e9f1,scene-0036
straight,0.68524,0.67276,0.58328,16.16869,16.35024,15.59673,0.10566,0.10758,0.11991,0.12635,0.0052,0.04892,1.91102,0.14521,0.86998,0.01191,0.01242,0.0245,0.05666,-0.05466,0.00454,0.80468,-0.63431,0.27125,0.0014,0.00509,0.0002,0.55888,0.66756,0.53436,14.25767,16.20503,14.72675,0.09375,0.09515,0.09541,6.30676,0.61554,0.6129,0.5389,15.06234,15.57072,14.998,True,0.09514,0.10025,0.09561,4.09434,6.96507,9.99509,104e1393ff1d4d7d8d56603527a77080,scene-0036
straight,0.66413,0.60637,0.58369,15.44641,15.46408,15.24087,0.10309,0.11969,0.10434,0.07231,0.06449,-0.03036,0.78103,0.30226,-0.47025,0.02031,0.01668,0.01729,0.09468,0.1128,-0.19426,1.06194,1.1694,-2.19651,0.01517,0.00247,-0.00732,0.59182,0.54189,0.61405,14.66538,15.16182,15.71112,0.08278,0.10301,0.08705,7.75867,0.6865,0.65468,0.41979,15.72733,16.33123,13.51461,True,0.09795,0.10548,0.07972,3.90063,9.45938,12.96414,568a082ce58a4b4e81df3974e7ff34de,scene-0036
straight,0.67276,0.58328,0.57179,16.35024,15.59673,14.80289,0.10758,0.11991,0.09081,0.0052,0.04892,-0.07368,0.14521,0.86998,-1.95652,0.01242,0.0245,-0.02137,-0.03374,0.00532,-0.00816,-0.65537,0.18909,-0.66243,0.00496,0.00971,-0.01435,0.66756,0.53436,0.64547,16.20503,14.72675,16.75941,0.09515,0.09541,0.11218,4.62081,0.63382,0.53968,0.63731,15.54966,14.91584,16.09698,True,0.10011,0.10512,0.09783,2.60954,5.63895,8.24709,faae4d51453c4a8e9b3fe404724ddfa8,scene-0036
straight,0.60637,0.58369,0.54297,15.46408,15.24087,14.53432,0.11969,0.10434,0.07939,0.06449,-0.03036,-0.06729,0.30226,-0.47025,-1.43095,0.01668,0.01729,-0.02785,0.02312,0.00992,0.01154,-0.09986,0.20931,-0.41986,-0.00346,0.00518,-0.01659,0.54189,0.61405,0.61025,15.16182,15.71112,15.96527,0.10301,0.08705,0.10724,3.68239,0.56501,0.62397,0.6218,15.06197,15.92043,15.54541,True,0.09955,0.09223,0.09065,2.44316,3.37964,6.58271,07a6e4ffcd6f4d4caad66fb043435c4f,scene-0036
straight,0.58328,0.57179,0.52001,15.59673,14.80289,14.04384,0.11991,0.09081,0.08224,0.04892,-0.07368,-0.09318,0.86998,-1.95652,-1.8427,0.0245,-0.02137,-0.01839,0.09603,-0.01041,-0.12325,1.51884,-1.09608,-0.06119,0.00552,-0.03372,0.08296,0.53436,0.64547,0.61319,14.72675,16.75941,15.88654,0.09541,0.11218,0.10063,5.89882,0.63039,0.63506,0.48994,16.24558,15.66333,15.82535,True,0.10093,0.07846,0.18359,3.34135,6.80661,10.35374,139bce92199440ea8929d1a1bd10dbda,scene-0036
straight,0.58369,0.54297,0.55901,15.24087,14.53432,14.59305,0.10434,0.07939,0.10095,-0.03036,-0.06729,-0.03045,-0.47025,-1.43095,-0.32812,0.01729,-0.02785,0.00025,-0.0118,-0.03867,-0.01751,-0.22679,-0.89402,-0.38146,0.00787,-0.01539,-0.00399,0.61405,0.61025,0.58946,15.71112,15.96527,14.92117,0.08705,0.10724,0.1007,4.48606,0.60225,0.57158,0.57194,15.48433,15.07126,14.53971,True,0.09491,0.09185,0.09671,2.39002,5.3088,8.16613,c1f344cadf354fe0b12446935e54247e,scene-0036
straight,0.57179,0.52001,0.62199,14.80289,14.04384,15.67247,0.09081,0.08224,0.11799,-0.07368,-0.09318,0.12012,-1.95652,-1.8427,1.87061,-0.02137,-0.01839,0.02427,0.00134,-0.02562,0.0775,-0.41872,-0.66048,1.49815,-0.00946,-0.00942,0.01834,0.64547,0.61319,0.50187,16.75941,15.88654,13.80186,0.11218,0.10063,0.09371,2.93468,0.64681,0.58757,0.57937,16.34069,15.22606,15.30002,True,0.10272,0.0912,0.11206,1.77879,2.75707,4.8258,4ea2156b82df43cb8e80a3cb344b20a3,scene-0036
straight,0.54297,0.55901,0.61277,14.53432,14.59305,16.03543,0.07939,0.10095,0.13888,-0.06729,-0.03045,0.11445,-1.43095,-0.32812,1.63765,-0.02785,0.00025,0.05736,-0.0514,0.15953,0.06981,-1.07018,2.82245,1.03377,-0.01114,0.02431,0.0188,0.61025,0.58946,0.49832,15.96527,14.92117,14.39779,0.10724,0.1007,0.08152,4.44781,0.55885,0.74899,0.56813,14.89509,17.74361,15.43155,True,0.09609,0.12502,0.10032,2.37391,5.53855,7.99578,73b363c5332a423797a2c0728cc1a75d,scene-0036
straight,0.52001,0.62199,0.59487,14.04384,15.67247,15.73811,0.08224,0.11799,0.15958,-0.09318,0.12012,0.09786,-1.8427,1.87061,1.68828,-0.01839,0.02427,0.06228,-0.00013,0.21071,0.00052,-0.39122,3.30117,0.09516,-0.00597,0.03123,-0.00533,0.61319,0.50187,0.49701,15.88654,13.80186,14.04983,0.10063,0.09371,0.0973,4.81651,0.61306,0.71258,0.49753,15.49532,17.10304,14.14499,True,0.09466,0.12495,0.09198,2.42984,5.65534,9.29605,50082a94da544d22b00110cc1bfa100f,scene-0036
straight,0.55901,0.61277,0.59514,14.59305,16.03543,15.55873,0.10095,0.13888,0.15983,-0.03045,0.11445,0.0675,-0.32812,1.63765,0.99385,0.00025,0.05736,0.05805,-0.04082,-0.0474,-0.04629,-0.44343,-1.0589,-0.24788,-0.00562,-0.00176,0.02821,0.58946,0.49832,0.52764,14.92117,14.39779,14.56487,0.1007,0.08152,0.10178,2.9176,0.54864,0.45092,0.48135,14.47774,13.33888,14.31699,True,0.09508,0.07977,0.12998,1.74155,2.77547,5.46747,53b7ed3ff487465f82d3bc490ec3e5f4,scene-0036
straight,0.62199,0.59487,0.47189,15.67247,15.73811,13.02804,0.11799,0.15958,0.12801,0.1501,0.09786,0.0292,2.16901,1.68828,1.15189,0.03153,0.06228,0.06521,0.06874,-0.07271,0.02499,1.90232,-1.00466,1.07378,0.05455,0.00097,0.02051,0.47189,0.49701,0.4427,13.50347,14.04983,11.87615,0.08646,0.0973,0.0628,3.06709,0.54063,0.4243,0.46769,15.40579,13.04517,12.94993,True,0.14101,0.09828,0.08331,1.51594,3.42689,6.02977,274efd8b53b44ed59141097b10701786,scene-0036
straight,0.61277,0.59514,0.55904,16.03543,15.55873,13.67371,0.13888,0.15983,0.08198,0.11445,0.0675,0.04544,1.63765,0.99385,0.31686,0.05736,0.05805,0.01298,-0.0474,-0.00107,-0.04607,-1.0589,0.18598,-0.54413,-0.00176,0.02709,0.00433,0.49832,0.52764,0.5136,14.39779,14.56487,13.35685,0.08152,0.10178,0.069,3.21768,0.45092,0.52657,0.46753,13.33888,14.75085,12.81272,True,0.07977,0.12886,0.07333,1.05863,4.03496,5.26114,9cd7ace836724f68b0fb6ecf42caf46e,scene-0036
straight,0.59487,0.47189,0.48111,15.73811,13.02804,12.44038,0.15958,0.12801,0.06011,0.09786,0.0292,-0.12686,1.68828,1.15189,-2.07592,0.06228,0.06521,-0.00677,-0.00619,-0.01534,-0.03548,0.28313,0.1055,-0.34105,0.00871,0.0025,7e-05,0.49701,0.4427,0.60798,14.04983,11.87615,14.5163,0.0973,0.0628,0.06688,3.52987,0.49083,0.42736,0.5725,14.33296,11.98166,14.17525,True,0.10602,0.0653,0.06695,2.79669,3.68704,6.78316,63da0bd557fe4de0bd2b76c77e9f7fa3,scene-0036
left,0.8454,0.69143,0.6541,18.53959,16.76267,15.43,0.18224,0.13542,0.1143,0.22926,-0.09659,-0.0535,3.58249,-1.04416,-0.9884,0.05997,-0.00252,-0.01429,-0.04107,-0.29042,0.03853,-0.6138,-4.46668,0.65773,-0.00204,-0.03225,-0.00819,0.61614,0.78803,0.7076,14.95709,17.80683,16.4184,0.12227,0.13794,0.12858,1.06515,0.57507,0.4976,0.74613,14.34329,13.34015,17.07613,True,0.12023,0.1057,0.12039,0.33748,0.31797,4.22928,0f39f34febc84a6689f08599105d1421,scene-0038
left,0.83619,0.57373,0.62254,18.14092,14.86866,14.64688,0.16203,0.11699,0.10489,0.27984,-0.21189,0.03347,3.45423,-2.8854,-0.22098,0.05175,-0.00818,-0.00098,-0.0585,0.06912,-0.02843,-0.99129,0.7911,-0.39967,-0.00022,0.03753,-0.00974,0.55635,0.78562,0.58907,14.68669,17.75407,14.86786,0.11028,0.12516,0.10587,0.72056,0.49785,0.85474,0.56064,13.69541,18.54517,14.46819,True,0.11006,0.1627,0.09613,0.09691,0.84586,1.75622,09f3a3ce512a442db7dd47f9ed39e64f,scene-0038
straight,0.69143,0.6541,0.70919,16.76267,15.43,16.29723,0.13542,0.1143,0.11695,0.00744,-0.0535,-0.03093,0.11595,-0.9884,0.17873,0.00868,-0.01429,0.01883,0.02814,0.11967,-0.07108,0.19148,1.5495,-0.66232,0.00838,0.0235,0.00698,0.68399,0.7076,0.74012,16.64672,16.4184,16.1185,0.12675,0.12858,0.09812,1.36266,0.71214,0.82728,0.66904,16.83819,17.9679,15.45618,True,0.13513,0.15209,0.1051,0.88078,1.81375,2.06029,42b565bc38af4342b79b8697ab0a45b0,scene-0038
straight,0.57373,0.62254,0.70008,14.86866,14.64688,16.35626,0.11699,0.10489,0.11401,0.0854,0.03347,-0.00268,1.65952,-0.22098,0.66658,0.02311,-0.00098,0.00394,0.08072,0.23913,0.10367,1.57029,3.01934,1.99869,0.00967,0.03611,0.03601,0.48833,0.58907,0.70275,13.20914,14.86786,15.68968,0.09388,0.10587,0.11008,2.49354,0.56906,0.8282,0.80642,14.77943,17.8872,17.68837,True,0.10355,0.14198,0.14609,1.23619,2.37667,5.08707,213ee1a50ed245eaab655babec4f15d3,scene-0038
straight,0.6541,0.70919,0.6469,15.43,16.29723,15.13955,0.1143,0.11695,0.10363,0.02543,-0.03093,0.18951,0.20958,0.17873,3.09739,0.00818,0.01883,0.01724,0.07893,0.01023,0.06007,1.19799,0.13969,0.6393,0.02247,0.0098,0.01171,0.62867,0.74012,0.45739,15.22041,16.1185,12.04216,0.10612,0.09812,0.08639,1.42685,0.7076,0.75034,0.51746,16.4184,16.25819,12.68146,True,0.12858,0.10792,0.0981,0.18338,2.07299,3.05661,e15862d8a89d4250947cad3d1eff3dfc,scene-0038
straight,0.62254,0.70008,0.53571,14.64688,16.35626,13.52079,0.10489,0.11401,0.09283,0.03347,-0.00268,-0.0524,-0.22098,0.66658,-0.14364,-0.00098,0.00394,0.00655,0.0144,-0.20066,-0.11905,0.07504,-2.92289,-1.41896,-0.00244,-0.01766,-0.00564,0.58907,0.70275,0.5881,14.86786,15.68968,13.66443,0.10587,0.11008,0.08628,3.16777,0.60346,0.5021,0.46906,14.9429,12.76679,12.24547,True,0.10343,0.09242,0.08065,1.43611,3.89407,5.70436,86958f43ae42452badc0ca07c865b890,scene-0038
straight,0.70919,0.6469,0.55795,16.29723,15.13955,13.25855,0.11695,0.10363,0.09229,0.03512,0.18951,0.15536,0.88275,3.09739,1.97562,0.0145,0.01724,0.01268,-0.02714,0.19333,0.32528,-0.29008,2.87139,4.29496,0.00465,0.01368,0.02156,0.67407,0.45739,0.40259,15.41448,12.04216,11.28293,0.10245,0.08639,0.07961,3.08379,0.64693,0.65072,0.72787,15.1244,14.91355,15.57789,True,0.1071,0.10007,0.10117,1.11296,3.234,6.77578,a1a01ae0cc9f428f8ba4c545e20ee88d,scene-0038
straight,0.70008,0.53571,0.56488,16.35626,13.52079,13.3861,0.11401,0.09283,0.09172,0.10988,-0.0524,0.05607,2.12142,-0.14364,0.3184,0.0159,0.00655,0.00337,-0.03292,0.08701,0.27802,-0.40497,1.78103,3.84956,-0.0003,0.01324,0.01854,0.5902,0.5881,0.5088,14.23484,13.66443,13.06769,0.09812,0.08628,0.08835,3.72478,0.55728,0.67512,0.78683,13.82987,15.44546,16.91725,True,0.09782,0.09952,0.10689,1.91866,3.97302,7.36757,f75d70a9a0074c3ea84d4c5a221fcaf4,scene-0038
straight,0.6469,0.55795,0.58371,15.13955,13.25855,13.55417,0.10363,0.09229,0.09231,0.16942,0.15536,0.04592,2.76933,1.97562,-0.0892,0.01034,0.01268,-0.003,0.3335,0.2232,0.24232,4.76364,3.43698,3.19406,0.0294,0.02162,0.01331,0.47749,0.40259,0.53778,12.37022,11.28293,13.64337,0.09329,0.07961,0.09531,4.31291,0.81099,0.62579,0.7801,17.13386,14.7199,16.83743,True,0.12268,0.10123,0.10861,1.87383,5.42203,7.90458,42bb00324869498faffe17be9b403f04,scene-0038
straight,0.53571,0.56488,0.5737,13.52079,13.3861,14.12008,0.09283,0.09172,0.09569,0.0259,0.05607,0.08028,0.82277,0.3184,1.55902,0.00736,0.00337,0.0081,-0.06644,-0.03876,0.1633,-0.78557,-0.69963,2.49069,-0.00787,0.00095,0.01071,0.50981,0.5088,0.49342,12.69802,13.06769,12.56106,0.08547,0.08835,0.08759,4.62198,0.44336,0.47004,0.65672,11.91245,12.36806,15.05175,True,0.07759,0.08929,0.0983,2.36811,5.22153,8.26004,aa7d1414139344a49ba47723de8d8d3b,scene-0038
straight,0.55795,0.58371,0.67802,13.25855,13.55417,15.3176,0.09229,0.09231,0.10441,0.15536,0.04592,0.08953,1.97562,-0.0892,1.38316,0.01268,-0.003,0.01365,0.12076,0.04258,-0.00453,2.20186,0.10259,-0.25049,0.00874,-0.00896,0.00922,0.40259,0.53778,0.58849,11.28293,13.64337,13.93444,0.07961,0.09531,0.09076,3.62046,0.52335,0.58037,0.58396,13.48479,13.74597,13.68395,True,0.08835,0.08635,0.09998,1.30283,3.78692,8.40562,70b93dd31d724e7fbab2d20ade9bb4c1,scene-0038
straight,0.56488,0.5737,0.59811,13.3861,14.12008,14.23159,0.09172,0.09569,0.09284,0.09557,0.08028,-0.21473,1.10752,1.55902,-2.8884,0.00887,0.0081,-0.01173,0.00704,-0.00065,-0.02981,0.17658,0.17687,-0.34169,0.0072,0.00488,0.00407,0.46931,0.49342,0.81284,12.27858,12.56106,17.11999,0.08285,0.08759,0.10458,3.8299,0.47635,0.49278,0.78302,12.45516,12.73793,16.77829,True,0.09005,0.09247,0.10864,1.73823,3.92087,7.79733,3f649706222f4d83aa0a8a1b687f29fa,scene-0038
straight,0.58371,0.67802,0.5885,13.55417,15.3176,13.76308,0.09231,0.10441,0.09146,0.0275,0.08953,-0.00059,-0.39544,1.38316,0.27137,-0.00027,0.01365,0.00308,-0.00267,0.31236,0.19378,-0.55655,4.29153,3.05654,-0.00844,0.05781,0.0194,0.55621,0.58849,0.58909,13.94962,13.93444,13.49171,0.09258,0.09076,0.08838,3.3527,0.55353,0.90085,0.78286,13.39307,18.22597,16.54825,True,0.08414,0.14857,0.10778,1.93949,3.41924,6.01357,fe4ad01f0ee044a6abb9f33cc1b6709d,scene-0038
straight,0.5737,0.59811,0.69032,14.12008,14.23159,15.47776,0.09569,0.09284,0.11437,0.08028,-0.21473,-0.06142,1.55902,-2.8884,-0.6427,0.0081,-0.01173,0.00493,0.24251,-0.05345,0.02519,3.555,-0.33659,0.57711,0.01424,8e-05,0.01012,0.49342,0.81284,0.75174,12.56106,17.11999,16.12046,0.08759,0.10458,0.10944,6.37443,0.73593,0.75938,0.77693,16.11605,16.7834,16.69757,True,0.10183,0.10466,0.11956,3.06452,7.22853,11.93135,4afb1a21cfd44947b98f9d2f778657d6,scene-0038
straight,0.67802,0.5885,0.78339,15.3176,13.76308,16.42622,0.10441,0.09146,0.13391,0.06337,-0.00059,0.20299,1.19122,0.27137,1.90328,0.01433,0.00308,0.01778,-0.03774,0.05102,-0.00603,-0.64791,1.07413,0.09027,0.00648,0.01283,0.02328,0.61464,0.58909,0.5804,14.12638,13.49171,14.52294,0.09007,0.08838,0.11613,5.01316,0.5769,0.6401,0.57437,13.47846,14.56584,14.61321,True,0.09656,0.10121,0.13941,2.64671,5.74892,8.20206,d65e5cddfa574daeb9ea9252d66dfa97,scene-0038
straight,0.59811,0.69032,0.73267,14.23159,15.47776,15.81459,0.09284,0.11437,0.12852,-0.21473,-0.06142,0.1085,-2.8884,-0.6427,1.29344,-0.01173,0.00493,0.01327,-0.18172,-0.13592,0.19537,-2.18813,-1.90382,2.47434,-0.00065,-0.00436,0.02358,0.81284,0.75174,0.62418,17.11999,16.12046,14.52115,0.10458,0.10944,0.11524,8.57738,0.63111,0.61582,0.81955,14.93186,14.21664,16.99549,True,0.10392,0.10508,0.13883,4.76229,9.74849,14.73005,abe76951d0a0458d84d59e689d8ecfab,scene-0038
straight,0.5885,0.78339,0.72119,13.76308,16.42622,16.01264,0.09146,0.13391,0.13198,0.01113,0.20299,-0.02019,0.4333,1.90328,-0.00954,0.00715,0.01778,0.03161,0.07211,0.02135,0.09583,1.21099,-0.33996,1.55709,0.01516,-0.00188,0.03003,0.57737,0.5804,0.74138,13.32979,14.52294,16.02218,0.08431,0.11613,0.10037,5.64601,0.64948,0.60174,0.83721,14.54078,14.18298,17.57928,True,0.09946,0.11425,0.13039,2.84377,6.1551,10.26176,6bbd9ea66b1544479ac212c19aa22010,scene-0038
straight,0.69032,0.73267,0.72072,15.47776,15.81459,15.88173,0.11437,0.12852,0.1198,-0.07089,0.1085,0.14913,-0.64275,1.29344,2.43112,0.00268,0.01327,0.03215,0.00414,0.11025,0.08578,0.28638,1.5031,1.61956,-0.0003,0.01141,0.01178,0.76121,0.62418,0.57159,16.12051,14.52115,13.4506,0.1117,0.11524,0.08765,6.05576,0.76535,0.73443,0.65737,16.40689,16.02424,15.07016,True,0.1114,0.12666,0.09943,3.01437,6.28219,11.64674,0da044f464b44e5d8c782a13903d6e50,scene-0038
straight,0.78339,0.72119,0.74278,16.42622,16.01264,15.90631,0.13391,0.13198,0.12728,0.20299,-0.02019,0.13037,1.90328,-0.00954,2.19997,0.01778,0.03161,0.03207,0.02821,-0.00335,0.17761,-0.01389,0.40614,3.13919,0.00134,0.01434,0.03513,0.5804,0.74138,0.61242,14.52294,16.02218,13.70635,0.11613,0.10037,0.09521,6.43624,0.60861,0.73803,0.79003,14.50905,16.42832,16.84553,True,0.11747,0.11471,0.13033,3.62229,6.86884,10.62786,2c9c230704cb4870b5dfae8b435dd0fe,scene-0038
straight,0.73267,0.72072,0.79437,15.81459,15.88173,16.52495,0.12852,0.1198,0.11604,-0.06513,0.14913,0.10342,-0.93046,2.43112,1.87228,0.00254,0.03215,0.02761,-0.12771,0.12091,0.08745,-0.11742,2.08621,1.31047,0.06874,0.02232,0.00631,0.7978,0.57159,0.69095,16.74505,13.4506,14.65267,0.12597,0.08765,0.08843,7.64281,0.67009,0.6925,0.77841,16.62763,15.53681,15.96314,True,0.19471,0.10997,0.09474,5.00577,9.79968,11.17609,b3537c4657784727934760188904dde8,scene-0038
straight,0.72119,0.74278,0.782,16.01264,15.90631,16.27838,0.13198,0.12728,0.11592,-0.01289,0.13037,0.10501,0.08178,2.19997,1.26102,0.02231,0.03207,0.01645,0.01074,0.13085,0.13723,0.03676,2.04654,1.74915,-0.0007,0.02092,0.01054,0.73408,0.61242,0.67699,15.93087,13.70635,15.01736,0.10967,0.09521,0.09947,5.88229,0.74482,0.74327,0.81422,15.96763,15.75288,16.76651,True,0.10897,0.11612,0.11,2.98789,6.45705,10.26666,398ab5422d3047dcb56b36a8f7d7ebeb,scene-0038
straight,0.72072,0.79437,0.84412,15.88173,16.52495,17.31503,0.1198,0.11604,0.13243,0.09034,0.10342,0.17717,1.58436,1.87228,1.93531,0.02167,0.02761,0.02179,0.03619,-0.02147,0.08959,0.6327,-0.37703,1.12477,0.00895,0.00252,0.01016,0.63038,0.69095,0.66695,14.29737,14.65267,15.37972,0.09813,0.08843,0.11064,5.13253,0.66656,0.66948,0.75654,14.93006,14.27564,16.50449,True,0.10708,0.09094,0.1208,3.39379,6.19793,8.30797,b2d77fbfe24e4cdb988949cc2565652b,scene-0038
straight,0.74278,0.782,0.78229,15.90631,16.27838,16.67451,0.12728,0.11592,0.12786,-0.09475,0.10501,-0.0345,-1.18894,1.26102,-0.20384,0.01372,0.01645,0.00994,-0.0883,0.12125,-0.09552,-1.14946,1.82514,-1.10034,1e-05,0.01118,-0.01227,0.83753,0.67699,0.8168,17.09526,15.01736,16.87835,0.11355,0.09947,0.11792,5.52299,0.74923,0.79824,0.72127,15.9458,16.84251,15.77801,True,0.11356,0.11065,0.10565,3.49392,5.8767,9.06953,e73a59216865449ab48d31a0880664aa,scene-0038
right,0.79437,0.84412,0.75364,16.52495,17.31503,16.10165,0.11604,0.13243,0.12099,0.10342,0.17717,0.03252,1.87228,1.93531,-0.30447,0.02761,0.02179,-0.00364,-0.06042,0.10122,0.03047,-0.78469,1.14054,0.16071,-0.00728,0.01075,-0.0171,0.69095,0.66695,0.72112,14.65267,15.37972,16.40611,0.08843,0.11064,0.12462,8.31226,0.63053,0.76817,0.7516,13.86798,16.52026,16.56683,True,0.08114,0.12139,0.10752,4.82873,9.80464,14.56085,76143fdc216840bf8e2c7b08b0dea88f,scene-0038
right,0.782,0.78229,0.70385,16.27838,16.67451,15.86243,0.11592,0.12786,0.11539,0.14402,-0.0345,-0.00472,1.63284,-0.20384,-0.47074,0.02248,0.00994,0.00484,0.13421,-0.06576,-0.0001,2.35453,-0.56113,-0.2502,0.02786,-0.0096,-0.00359,0.63799,0.8168,0.70857,14.64554,16.87835,16.33317,0.09344,0.11792,0.11056,8.95529,0.7722,0.75103,0.70847,17.00007,16.31722,16.08297,True,0.12129,0.10833,0.10696,4.70548,10.19964,16.05374,ead06ddfed704c82bdb77a1da54ca79e,scene-0038
right,0.84412,0.75364,0.80598,17.31503,16.10165,17.4703,0.13243,0.12099,0.11758,0.17717,0.03252,0.02961,1.93531,-0.30447,0.42417,0.02179,-0.00364,0.00519,0.21619,0.07246,0.00908,3.07764,0.67719,-0.00969,0.05799,-0.00703,-0.00199,0.66695,0.72112,0.77636,15.37972,16.40611,17.04612,0.11064,0.12462,0.11239,8.83388,0.88314,0.79359,0.78544,18.45736,17.0833,17.03643,True,0.16863,0.11759,0.1104,4.51039,9.11204,17.67619,378dd1889800438d8851571359dbfc22,scene-0038
right,0.78229,0.70385,0.81643,16.67451,15.86243,17.49337,0.12786,0.11539,0.10639,-0.02509,-0.00472,0.09648,-0.14495,-0.47074,0.49994,0.00754,0.00484,0.00048,-0.07865,0.03454,-0.00932,-1.03129,0.22965,-0.65009,-0.01356,-0.00307,-0.00026,0.80739,0.70857,0.71995,16.81945,16.33317,16.99343,0.12032,0.11056,0.1059,6.24283,0.72873,0.74311,0.71062,15.78816,16.56282,16.34334,True,0.10676,0.10748,0.10564,2.31038,7.02655,11.12483,b731e3bfd7b64247b9d9708e67847933,scene-0038
right,0.75364,0.80598,0.71148,16.10165,17.4703,16.07214,0.12099,0.11758,0.09794,-0.06111,0.02961,-0.02496,-1.63494,0.42417,-0.51075,-0.00194,0.00519,0.01035,-0.04089,-0.08968,0.07528,-1.01744,-1.0079,0.74552,-0.00516,-0.00921,0.02511,0.81475,0.77636,0.73644,17.73658,17.04612,16.5829,0.12292,0.11239,0.08759,6.78506,0.77387,0.68668,0.81172,16.71914,16.03822,17.32841,True,0.11777,0.10318,0.1127,3.96431,7.69843,10.30195,0e4aea0d177c480a9ae050a01368ebde,scene-0038
right,0.70385,0.81643,0.70718,15.86243,17.49337,16.49363,0.11539,0.10639,0.0944,-0.02323,0.09648,0.08647,-0.56616,0.49994,1.24927,0.00262,0.00048,0.01374,-0.06558,-0.0177,-0.04539,-0.56106,-0.23462,-0.61967,0.00709,-0.00774,-0.00642,0.72709,0.71995,0.6207,16.4286,16.99343,15.24436,0.11277,0.1059,0.08066,5.83442,0.66151,0.70224,0.57531,15.86754,16.75881,14.62469,True,0.11986,0.09817,0.07424,4.63278,6.45411,8.67835,ed8368b711934a1b86f5a4ce354c39b0,scene-0038
right,0.80598,0.71148,0.72837,17.4703,16.07214,16.62646,0.11758,0.09794,0.0897,0.06806,-0.02496,-0.01032,0.92042,-0.51075,-0.41292,0.00976,0.01035,0.00757,-0.07052,-0.0077,0.01242,-0.47405,0.05839,0.0387,7e-05,0.00344,0.00823,0.73791,0.73644,0.73869,16.54988,16.5829,17.03938,0.10783,0.08759,0.08213,5.83378,0.66739,0.72874,0.75111,16.07583,16.64128,17.07808,True,0.1079,0.09103,0.09036,3.43896,6.49668,10.13741,740e48ba5a5a45afbc1a56b16f586054,scene-0038
right,0.81643,0.70718,0.77357,17.49337,16.49363,17.35374,0.10639,0.0944,0.09543,0.07773,0.08647,0.05262,-0.8615,1.24927,0.44399,-0.04603,0.01374,0.01468,-0.05394,0.20821,-0.17487,-2.1159,2.31813,-2.74475,-0.05433,0.03352,-0.01056,0.73869,0.6207,0.72095,18.35487,15.24436,16.90975,0.15241,0.08066,0.08075,5.7,0.68475,0.82891,0.54609,16.23897,17.56249,14.165,True,0.09808,0.11418,0.07019,2.39867,6.24431,10.77554,6060fa4c3b1e443994967da28e86132b,scene-0038
right,0.71148,0.72837,0.76471,16.07214,16.62646,17.62173,0.09794,0.0897,0.09584,-0.04076,-0.01032,0.29218,-0.49855,-0.41292,3.98668,0.0086,0.00757,0.0279,-0.05252,-0.21174,0.26438,-0.0086,-3.17407,5.32116,0.00565,-0.0153,0.09473,0.75224,0.73869,0.47252,16.5707,17.03938,13.63505,0.08934,0.08213,0.06794,4.94689,0.69972,0.52695,0.7369,16.5621,13.86531,18.95621,True,0.09499,0.06683,0.16268,2.97691,5.12289,7.72817,029a6b83ae1a42cbbf775fd77415745f,scene-0038
right,0.70718,0.77357,0.70216,16.49363,17.35374,16.51855,0.0944,0.09543,0.08071,0.11058,0.05262,0.32186,1.389,0.44399,4.91728,0.009,0.01468,0.03069,0.07724,0.09366,0.18678,0.85387,0.8853,2.82683,-0.00984,0.01628,0.01057,0.5966,0.72095,0.38031,15.10463,16.90975,11.60127,0.0854,0.08075,0.05002,7.0507,0.67384,0.81461,0.56709,15.9585,17.79505,14.4281,True,0.07556,0.09704,0.06059,5.02837,7.89198,11.86848,eb5ea93bd45246329e50a6d7a93e3832,scene-0038
right,0.72837,0.76471,0.55156,16.62646,17.62173,14.282,0.0897,0.09584,0.06202,0.00601,0.29218,-0.21686,-0.20884,3.98668,-3.36186,0.01299,0.0279,-0.02183,-0.06639,0.06609,-0.04773,-0.87256,0.40241,-0.56227,0.00118,0.00349,0.00083,0.72235,0.47252,0.76842,16.8353,13.63505,17.64386,0.07672,0.06794,0.08385,5.62283,0.65596,0.53861,0.72069,15.96275,14.03747,17.08159,True,0.0779,0.07143,0.08469,3.22242,6.23186,9.99579,5bb77a2ff3d44094b691ba239cbab83a,scene-0038
straight,0.70294,0.70546,0.71361,16.87785,16.4295,16.60673,0.16125,0.12665,0.12883,0.1085,-0.00238,0.10816,2.56244,0.28139,-0.13832,0.06106,0.00848,-0.05115,0.0333,0.07754,0.02892,1.18081,1.20564,-0.59573,0.00895,0.01503,-0.04444,0.59444,0.70784,0.60546,14.31541,16.14811,16.74505,0.10019,0.11817,0.17997,5.9924,0.62774,0.78538,0.63438,15.49622,17.35376,16.14932,True,0.10914,0.13319,0.13553,2.2913,6.87888,12.0655,15c59626df6b4f96bb7ef7c5c1797159,scene-0039
straight,0.79026,0.73088,0.73381,18.01592,16.97414,16.82753,0.13283,0.1238,0.12589,0.29148,0.19685,0.1145,4.11945,2.73445,1.86435,0.03432,0.02124,0.02726,0.20979,0.10514,0.11651,4.54097,1.45136,2.36694,0.07585,0.0095,0.03081,0.49878,0.53402,0.61931,13.89647,14.23969,14.96319,0.0985,0.10256,0.09863,2.42571,0.70856,0.63916,0.73582,18.43745,15.69105,17.33013,True,0.17435,0.11206,0.12944,1.03461,1.21509,6.3645,e46803a34fa744ad9372b5227798e00a,scene-0039
straight,0.70546,0.71361,0.77128,16.4295,16.60673,17.10366,0.12665,0.12883,0.12315,-0.00238,0.10816,0.21842,0.28139,-0.13832,3.58944,0.00848,-0.05115,0.04594,0.06965,0.11012,0.08609,1.47778,0.09515,1.74067,0.00249,-0.05411,0.02268,0.70784,0.60546,0.55286,16.14811,16.74505,13.51423,0.11817,0.17997,0.0772,5.93353,0.77749,0.71558,0.63895,17.62589,16.8402,15.25489,True,0.12066,0.12586,0.09988,2.32669,6.37212,12.36034,926dde8427454373a0f4b61b1b3c6e2f,scene-0039
straight,0.73088,0.73381,0.73836,16.97414,16.82753,16.39703,0.1238,0.12589,0.11308,0.19685,0.1145,0.13368,2.73445,1.86435,1.85948,0.02124,0.02726,0.02534,-0.00468,0.07952,0.18106,-0.0472,1.37563,3.87238,-0.0024,0.02205,0.08514,0.53402,0.61931,0.60468,14.23969,14.96319,14.53755,0.10256,0.09863,0.08774,7.39169,0.52935,0.69883,0.78574,14.19249,16.33882,18.40993,True,0.10016,0.12068,0.17288,3.63056,8.7853,13.54668,3219230d0e14480c9089c7c49e339a83,scene-0039
straight,0.71361,0.77128,0.69701,16.60673,17.10366,15.85981,0.12883,0.12315,0.10497,0.10816,0.21842,0.03001,-0.13832,3.58944,-0.48189,-0.05115,0.04594,-0.02207,0.02399,0.07161,-0.06077,-1.23572,1.80707,-2.02354,-0.07037,0.01956,-0.02705,0.60546,0.55286,0.66699,16.74505,13.51423,16.3417,0.17997,0.0772,0.12704,8.48416,0.62945,0.62447,0.60623,15.50933,15.32129,14.31816,True,0.10961,0.09676,0.09999,3.50203,10.06267,15.88961,7c8ce823cc374a8f9376df6d8f0fed89,scene-0039
straight,0.73381,0.73836,0.73176,16.82753,16.39703,16.4072,0.12589,0.11308,0.1273,0.1145,0.13368,0.04423,1.86435,1.85948,0.89082,0.02726,0.02534,0.01847,0.05203,-0.01127,-0.05854,2.03677,-0.12186,-0.77964,0.05701,-0.0011,0.01167,0.61931,0.60468,0.68753,14.96319,14.53755,15.51638,0.09863,0.08774,0.10883,8.94657,0.67134,0.59342,0.62899,16.99996,14.41569,14.73674,True,0.15564,0.08664,0.1205,5.17984,10.51457,15.40346,d7f3a1ff633c493a87a94ab0b39a14a7,scene-0039
straight,0.77128,0.69701,0.79008,17.10366,15.85981,17.1277,0.12315,0.10497,0.17411,0.21842,0.03001,0.05594,3.58944,-0.48189,0.80353,0.04594,-0.02207,0.02835,0.08095,0.07524,-0.04453,1.56338,0.0047,0.06626,0.0169,-0.01677,0.00902,0.55286,0.66699,0.73414,13.51423,16.3417,16.32418,0.0772,0.12704,0.14576,10.76952,0.63381,0.74223,0.68961,15.07761,16.3464,16.39044,True,0.09411,0.11026,0.15478,5.73006,12.98583,18.06693,4735f59f08ee4bff93c237f4df39453a,scene-0039
straight,0.73836,0.73176,0.77628,16.39703,16.4072,17.51305,0.11308,0.1273,0.19092,0.13368,0.04423,0.25343,1.85948,0.89082,3.91714,0.02534,0.01847,0.04293,0.01016,0.10006,0.20097,-0.0568,3.57979,4.1123,-0.00023,0.09311,0.06863,0.60468,0.68753,0.52284,14.53755,15.51638,13.59591,0.08774,0.10883,0.14799,10.9891,0.61484,0.78759,0.72382,14.48075,19.09617,17.70822,True,0.08751,0.20194,0.21662,5.64662,13.10914,19.4602,f20177ef6307471083339ad1a6766e2a,scene-0039
straight,0.69701,0.79008,0.77847,15.85981,17.1277,17.83722,0.10497,0.17411,0.1712,0.03001,0.05594,0.21109,-0.48189,0.80353,3.02276,-0.02207,0.02835,0.01634,-0.08387,-0.04911,0.26007,-1.30223,-1.10376,3.82121,0.01128,-0.00665,0.01837,0.66699,0.73414,0.56738,16.3417,16.32418,14.81445,0.12704,0.14576,0.15486,8.0418,0.58312,0.68502,0.82745,15.03947,15.22042,18.63566,True,0.13832,0.13911,0.17323,6.13838,8.63391,12.77056,29560e3766b241d281b8b85cdcd790e8,scene-0039
straight,0.73176,0.77628,0.77101,16.4072,17.51305,17.85294,0.1273,0.19092,0.21145,0.04423,0.25343,0.02485,0.89082,3.91714,1.20273,0.01847,0.04293,0.07763,0.07642,0.17901,-0.04185,2.68646,2.78042,0.25808,0.0658,0.03189,0.03793,0.68753,0.52284,0.74615,15.51638,13.59591,16.6502,0.10883,0.14799,0.13382,9.07031,0.76395,0.70185,0.7043,18.20284,16.37633,16.90829,True,0.17463,0.17988,0.17175,5.48567,10.3906,15.80711,17dd14b176364a539463dbe99d96918a,scene-0039
straight,0.79008,0.77847,0.82871,17.1277,17.83722,18.18696,0.17411,0.1712,0.19331,0.05594,0.21109,0.13255,0.80353,3.02276,2.22022,0.02835,0.01634,0.05455,-0.06327,0.26419,-0.00594,-0.98499,4.09774,0.10134,0.00128,0.02892,-0.00146,0.73414,0.56738,0.69616,16.32418,14.81445,15.96674,0.14576,0.15486,0.13875,6.10375,0.67086,0.83157,0.69022,15.33919,18.9122,16.06808,True,0.14704,0.18378,0.13729,2.52083,6.65764,10.72045,9397c89e75ff4f49882869f914d7ddd4,scene-0039
straight,0.77628,0.77101,0.76578,17.51305,17.85294,17.27678,0.19092,0.21145,0.18643,0.25343,0.02485,0.07029,3.91714,1.20273,0.58929,0.04293,0.07763,0.04726,0.10465,-0.10077,-0.03437,3.42545,-1.67076,-0.53846,0.11748,-0.00046,-0.00298,0.52284,0.74615,0.69549,13.59591,16.6502,16.68749,0.14799,0.13382,0.13918,4.12346,0.62749,0.64539,0.66113,17.02136,14.97944,16.14903,True,0.26547,0.13336,0.1362,2.93282,4.92381,6.57578,821df5bcd0744d7280b23e6284fb8396,scene-0039
straight,0.77847,0.82871,0.82705,17.83722,18.18696,18.00865,0.1712,0.19331,0.19138,0.21109,0.13255,0.08491,3.02276,2.22022,1.14779,0.01634,0.05455,0.04034,0.07721,-0.04142,0.07498,2.48011,-0.23278,1.21423,0.11905,-0.00366,0.01553,0.56738,0.69616,0.74213,14.81445,15.96674,16.86086,0.15486,0.13875,0.15105,4.69755,0.64459,0.65474,0.81711,17.29456,15.73396,18.07509,True,0.27391,0.13509,0.16657,2.45113,5.65873,7.13681,14f665de1fa34d0a9d12838a5b77d687,scene-0039
straight,0.77101,0.76578,0.80948,17.85294,17.27678,18.18544,0.21145,0.18643,0.17058,0.02485,0.07029,0.13154,1.20273,0.58929,2.17848,0.07763,0.04726,0.03742,-0.03279,0.03947,0.02202,0.94449,-0.05003,0.08872,0.07695,0.00435,0.01967,0.74615,0.69549,0.67794,16.6502,16.68749,16.00696,0.13382,0.13918,0.13316,9.16392,0.71336,0.73496,0.69997,17.59469,16.63746,16.09568,True,0.21076,0.14353,0.15283,6.30005,9.09505,16.15482,3e2926beda084f788675fb82964d17b7,scene-0039
straight,0.82871,0.82705,0.79857,18.18696,18.00865,17.51781,0.19331,0.19138,0.17307,0.13843,0.08491,-0.05705,2.27125,1.14779,-1.08343,0.05893,0.04034,0.00925,0.04991,0.07129,0.01773,0.9387,1.23913,0.02488,0.01704,0.02365,0.01199,0.69027,0.74213,0.85562,15.91571,16.86086,18.60124,0.13438,0.15105,0.16381,9.80076,0.74018,0.81342,0.87336,16.85442,18.09999,18.62612,True,0.15141,0.1747,0.17581,5.80243,10.7024,17.12956,3357eff74258482c87f90cf0749ee153,scene-0039
straight,0.76578,0.80948,0.79888,17.27678,18.18544,17.8416,0.18643,0.17058,0.15765,0.04936,0.13154,-0.0243,0.8048,2.17848,-0.28792,0.03999,0.03742,-0.01362,0.05286,0.09311,-0.04895,1.2386,1.62559,0.32834,0.01769,0.02176,0.05914,0.71642,0.67794,0.82318,16.47197,16.00696,18.12953,0.14644,0.13316,0.17127,9.32562,0.76929,0.77105,0.77422,17.71057,17.63255,18.45786,True,0.16413,0.15492,0.23041,5.67646,10.4088,16.43191,23cd0004606a4127acc8505a8de5c282,scene-0039
straight,0.82705,0.79857,0.77114,18.00865,17.51781,17.68303,0.19138,0.17307,0.17496,0.0261,-0.05705,0.02338,0.4269,-1.08343,0.42676,0.03256,0.00925,0.00835,0.01356,-0.08603,0.05356,0.35458,-1.08493,0.83686,0.00503,-0.00215,0.00541,0.80094,0.85562,0.74777,17.58175,18.60124,17.25628,0.15883,0.16381,0.1666,5.33634,0.8145,0.76959,0.80133,17.93633,17.51631,18.09314,True,0.16386,0.16166,0.17202,2.64717,5.36391,9.45866,c261faeb1eb0442e98d78100827ede0b,scene-0039
straight,0.80948,0.79888,0.78134,18.18544,17.8416,17.66922,0.17058,0.15765,0.17054,0.13154,-0.0243,0.00753,2.17848,-0.28792,-0.36442,0.03742,-0.01362,0.02872,0.11922,-0.02296,-0.07437,1.60775,1.71254,-1.67597,0.01761,0.1257,0.0091,0.67794,0.82318,0.77381,16.00696,18.12953,18.03364,0.13316,0.17127,0.14182,5.87869,0.79716,0.80021,0.69944,17.61471,19.84206,16.35767,True,0.15077,0.29697,0.15092,3.04229,6.49599,11.54451,ffb196e9479445ffb0de654fe62200f4,scene-0039
straight,0.79857,0.77114,0.77953,17.51781,17.68303,17.62873,0.17307,0.17496,0.18129,-0.05705,0.02338,0.00594,-1.08343,0.42676,0.83963,0.00925,0.00835,0.01312,-0.01663,-0.03013,-0.09702,-0.31025,-0.51039,-0.37799,0.00306,-0.00676,-0.00382,0.85562,0.74777,0.77359,18.60124,17.25628,16.7891,0.16381,0.1666,0.16817,8.52407,0.83899,0.71763,0.67657,18.29099,16.74588,16.41111,True,0.16688,0.15985,0.16435,4.73885,10.25408,14.25109,3435cdd71e3d4e9185ae6b514ae7651c,scene-0039
straight,0.79888,0.78134,0.89473,17.8416,17.66922,19.4515,0.15765,0.17054,0.21936,-0.0243,0.00753,0.10608,-0.28792,-0.36442,1.69981,-0.01362,0.02872,0.05639,-0.03845,-0.01736,0.0018,-0.42185,-0.82285,0.9005,0.0039,0.00365,0.02265,0.82318,0.77381,0.78865,18.12953,18.03364,17.75169,0.17127,0.14182,0.16297,9.38075,0.78472,0.75646,0.79045,17.70768,17.21079,18.65219,True,0.17517,0.14546,0.18562,6.04216,9.94181,16.09313,b024c29991134caf93eec0576496374b,scene-0039
straight,0.77114,0.77953,0.8994,17.68303,17.62873,19.17299,0.17496,0.18129,0.228,0.02338,0.00594,0.18689,0.42676,0.83963,2.73537,0.00835,0.01312,0.06189,-0.0325,-0.06132,0.18941,-0.72933,0.86259,2.9693,-0.0125,0.05009,0.04239,0.74777,0.77359,0.7125,17.25628,16.7891,16.43763,0.1666,0.16817,0.1661,7.78744,0.71527,0.71227,0.90192,16.52694,17.65169,19.40692,True,0.15411,0.21826,0.2085,4.96726,6.96644,15.24369,edc5f9bd039342cb9403a18d2cee773d,scene-0039
straight,0.78134,0.89473,0.82619,17.66922,19.4515,17.94663,0.17054,0.21936,0.20799,0.00753,0.10608,-0.06682,-0.36442,1.69981,-0.498,0.02872,0.05639,0.03954,-0.01736,0.00372,-0.03023,-0.82285,-0.18895,0.13035,0.00365,0.02037,0.03443,0.77381,0.78865,0.89301,18.03364,17.75169,18.44463,0.14182,0.16297,0.16845,8.34393,0.75646,0.79237,0.86278,17.21079,17.56274,18.57498,True,0.14546,0.18333,0.20287,3.92585,10.07803,13.82604,96dbf7debf4f42589d08185c32c3d67b,scene-0039
straight,0.77953,0.8994,0.72998,17.62873,19.17299,16.63194,0.18129,0.228,0.16447,0.00594,0.18689,0.14834,0.83963,2.73537,2.60317,0.01312,0.06189,0.05017,-0.05233,0.1544,0.07758,1.86635,2.48122,1.3761,0.10866,0.01819,0.01651,0.77359,0.7125,0.58164,16.7891,16.43763,14.02877,0.16817,0.1661,0.11431,7.88928,0.72126,0.86691,0.65922,18.65545,18.91884,15.40487,True,0.27683,0.18429,0.13082,4.87964,8.30356,13.06346,eb0676ccc9bd45149ae65119cb8d5e7b,scene-0039
straight,0.89473,0.82619,0.77373,19.4515,17.94663,16.60106,0.21936,0.20799,0.15047,0.10608,-0.06682,0.12599,1.69981,-0.498,1.816,0.05639,0.03954,0.02844,0.00226,-0.03937,0.03751,0.38283,-0.56082,1.1124,0.02769,-0.00119,0.00965,0.78865,0.89301,0.64773,17.75169,18.44463,14.78506,0.16297,0.16845,0.12203,6.81029,0.79091,0.85364,0.68524,18.13453,17.88382,15.89746,True,0.19065,0.16726,0.13168,3.89335,7.92761,11.46583,c040a969ea194be38ab9d25d97c9d9fc,scene-0039
straight,0.8994,0.72998,0.69845,19.17299,16.63194,16.09137,0.228,0.16447,0.15665,0.18689,0.14834,0.0968,2.73537,2.60317,1.3469,0.06189,0.05017,0.03805,0.10777,0.01887,-0.02628,1.6975,0.56178,-0.58431,0.02331,0.00859,-0.00337,0.7125,0.58164,0.60166,16.43763,14.02877,14.74447,0.1661,0.11431,0.1186,6.44259,0.82028,0.60051,0.57538,18.13513,14.59055,14.16016,True,0.18941,0.12289,0.11523,4.30745,7.92362,9.03027,3c693de822714eeaae9695ae7ddb013c,scene-0039
straight,0.82619,0.77373,0.64139,17.94663,16.60106,15.92628,0.20799,0.15047,0.17778,-0.06682,0.12599,0.02399,-0.498,1.816,0.71944,0.03954,0.02844,0.05337,-0.05194,0.00078,-0.00198,-0.63638,0.48202,-0.1129,0.0039,0.0044,0.00905,0.89301,0.64773,0.6174,18.44463,14.78506,15.20684,0.16845,0.12203,0.12441,5.49769,0.84107,0.64851,0.61542,17.80825,15.26709,15.09394,True,0.17234,0.12644,0.13347,3.20323,6.74313,8.3679,02b68afcd7504587a003bffe899e4986,scene-0039
straight,0.72998,0.69845,0.67942,16.63194,16.09137,16.01649,0.16447,0.15665,0.15361,0.08215,0.0968,0.05258,1.78507,1.3469,0.74233,0.04275,0.03805,0.03919,-0.02205,-0.09486,0.07564,0.06965,-1.54801,1.15809,0.00092,-0.0085,0.01342,0.64782,0.60166,0.62684,14.84687,14.74447,15.27417,0.12172,0.1186,0.11443,0.78664,0.62577,0.5068,0.70248,14.91652,13.19646,16.43226,True,0.12265,0.11011,0.12785,0.78892,1.0903,1.30189,dabb28a18e6c4a668f15511d7d77dc5b,scene-0039
straight,0.77373,0.64139,0.61643,16.60106,15.92628,14.49186,0.15047,0.17778,0.11622,0.1944,0.02399,0.06416,2.51562,0.71944,0.63924,0.01943,0.05337,0.01251,-0.00836,0.02769,-0.03324,0.29439,0.49523,-0.45652,-0.00903,0.00505,0.00166,0.57932,0.6174,0.55226,14.08544,15.20684,13.85262,0.13104,0.12441,0.1037,3.54442,0.57096,0.64509,0.51903,14.37984,15.70207,13.39609,True,0.12201,0.12947,0.10536,1.56532,3.20762,8.47754,2073ebd27d7844d2a0379ec496b0e9fd,scene-0039
straight,0.69845,0.67942,0.66318,16.09137,16.01649,15.50175,0.15665,0.15361,0.12371,0.17731,0.05258,0.18635,2.47092,0.74233,2.911,0.05001,0.03919,0.02772,0.0622,0.10951,0.31335,1.02722,1.41874,5.01536,0.02095,0.01933,0.02657,0.52115,0.62684,0.47683,13.62044,15.27417,12.59075,0.10664,0.11443,0.09599,2.713,0.58335,0.73635,0.79018,14.64767,16.69291,17.60611,True,0.12758,0.13376,0.12255,1.98076,2.66269,3.99778,4f26f58e358741069b137e90cdede275,scene-0039
straight,0.64139,0.61643,0.67387,15.92628,14.49186,16.08871,0.17778,0.11622,0.12646,-0.09728,0.06416,0.08828,-0.91701,0.63924,1.78922,0.04139,0.01251,0.02459,-0.05742,-0.00272,0.01973,-0.83103,0.21642,2.52023,-0.00063,0.0065,0.10858,0.73867,0.55226,0.58558,16.84329,13.85262,14.29949,0.13639,0.1037,0.10187,2.9863,0.68125,0.54954,0.60531,16.01225,14.06904,16.81972,True,0.13576,0.1102,0.21044,1.66173,3.2404,4.5969,4b247d4da9d44628818024275c07be5a,scene-0039
left,0.67942,0.66318,0.74805,16.01649,15.50175,16.82676,0.15361,0.12371,0.12958,-0.01009,0.18635,0.23312,-0.10313,2.911,3.12401,0.02688,0.02772,0.03484,-0.01871,0.24997,0.25871,-0.03248,4.06449,4.91835,0.00369,0.01978,0.06386,0.68951,0.47683,0.51494,16.11963,12.59075,13.70274,0.12673,0.09599,0.09474,2.40749,0.6708,0.7268,0.77365,16.08714,16.65524,18.6211,True,0.13042,0.11576,0.1586,1.85271,2.86613,3.99736,793bebc8b4ec41bb973b791e463213da,scene-0039
left,0.61643,0.67387,0.62805,14.49186,16.08871,15.01544,0.11622,0.12646,0.11578,-0.14735,0.08828,0.126,-2.73788,1.78922,1.76283,-0.00789,0.02459,0.01548,-0.08117,0.03362,0.07456,-1.33341,0.79077,1.21484,-0.01296,0.00678,0.00459,0.76378,0.58558,0.50204,17.22973,14.29949,13.25261,0.12411,0.10187,0.1003,1.2317,0.6826,0.6192,0.57661,15.89632,15.09026,14.46745,True,0.11114,0.10865,0.10488,1.03805,0.7339,2.02693,35eb563d061a4703a23306c6e6728e61,scene-0039
straight,0.66318,0.74805,0.74546,15.50175,16.82676,16.92979,0.12371,0.12958,0.13027,-0.04983,0.23312,0.11114,-1.00388,3.12401,1.95688,0.01053,0.03484,0.00599,-0.1332,0.3385,0.04524,-2.11877,4.84076,1.03617,-0.01411,0.0464,-0.0111,0.71301,0.51494,0.63432,16.50563,13.70274,14.97291,0.11318,0.09474,0.12428,0.63496,0.57981,0.85344,0.67956,14.38686,18.54351,16.00908,True,0.09907,0.14114,0.11318,0.23376,0.45541,1.93123,3be888f815ab42dcac53815f09b5b244,scene-0039
straight,0.67387,0.62805,0.76066,16.08871,15.01544,17.21236,0.12646,0.11578,0.13977,0.13729,0.126,0.13436,1.87104,1.76283,1.7111,0.0289,0.01548,0.02117,0.0,0.27108,0.11037,0.0,4.31355,1.22871,0.0,0.02328,-0.00244,0.53658,0.50204,0.6263,14.21767,13.25261,15.50126,0.09755,0.1003,0.11859,1.95551,0.53658,0.77313,0.73667,14.21767,17.56615,16.72997,True,0.09755,0.12358,0.11615,0.10463,2.04075,5.5753,f69afa3eed11447eb559f49c325f02d7,scene-0039
straight,0.48941,0.54201,0.59652,12.50595,13.24122,14.08195,0.06608,0.08387,0.08838,0.02541,0.09657,0.01903,0.81146,1.46903,0.51389,-0.00144,0.0079,0.00595,-0.1144,0.05197,-0.03352,-1.50784,0.79596,-0.89367,-0.00584,0.00498,-0.00939,0.46401,0.44544,0.57749,11.69449,11.7722,13.56806,0.06753,0.07597,0.08243,3.9661,0.34961,0.49741,0.54397,10.18665,12.56816,12.67439,True,0.06168,0.08095,0.07305,1.84532,4.95798,6.82065,8e46878ced734164aae0e83567aa02a5,scene-0092
straight,0.55183,0.76452,0.61935,13.02666,16.57345,14.31389,0.06669,0.11635,0.10081,0.014,-0.00151,0.23596,-0.08532,-0.27118,3.67402,-0.01054,0.01324,0.02922,-0.05555,0.05556,0.09614,-0.86923,0.66933,1.56302,-0.00253,0.00099,0.0027,0.53783,0.76603,0.38339,13.11198,16.84464,10.63987,0.07722,0.10311,0.07158,2.33308,0.48228,0.82159,0.47953,12.24274,17.51397,12.20289,True,0.07469,0.1041,0.07428,1.78825,2.80773,3.37783,6f5b556ef64b47f596df0314f6db9f99,scene-0092
straight,0.54201,0.59652,0.76339,13.24122,14.08195,16.68495,0.08387,0.08838,0.1286,0.09657,0.01903,0.36344,1.46903,0.51389,5.471,0.0079,0.00595,0.06071,0.0533,0.00458,0.05267,0.26383,-0.30881,1.10223,-0.00505,-0.00181,-0.00272,0.44544,0.57749,0.39995,11.7722,13.56806,11.21394,0.07597,0.08243,0.06789,2.91959,0.49874,0.58208,0.45262,12.03603,13.25925,12.31618,True,0.07092,0.08062,0.06517,2.51689,2.38193,3.22107,4f0f533c84c4493599f2eb3a60882b16,scene-0092
straight,0.76452,0.61935,0.63672,16.57345,14.31389,14.26948,0.11635,0.10081,0.09833,-0.00151,0.23596,0.11326,-0.27118,3.67402,1.28075,0.01324,0.02922,0.02509,-0.0489,0.08695,-0.08339,-1.17155,1.33089,-1.98488,-0.0196,0.0024,-0.00874,0.76603,0.38339,0.52345,16.84464,10.63987,12.98873,0.10311,0.07158,0.07324,2.69763,0.71713,0.47034,0.44006,15.67309,11.97076,11.00385,True,0.08351,0.07398,0.0645,2.42282,3.85039,2.65233,76ffdcc4676f4b75b7adf32b0ff47c4a,scene-0092
straight,0.59652,0.76339,0.64307,14.08195,16.68495,14.6848,0.08838,0.1286,0.1057,0.01903,0.36344,0.20333,0.51389,5.471,3.33987,0.00595,0.06071,0.04388,0.00661,0.01052,0.03653,0.06669,0.09351,0.22435,-0.00088,0.00422,0.00749,0.57749,0.39995,0.43974,13.56806,11.21394,11.34493,0.08243,0.06789,0.06182,0.52162,0.5841,0.41047,0.47627,13.63476,11.30745,11.56928,True,0.08155,0.07211,0.06931,0.16899,0.47669,1.47426,774f588fe35f46338735d6c72c94de28,scene-0092
straight,0.61935,0.63672,0.69075,14.31389,14.26948,15.93963,0.10081,0.09833,0.13559,0.23596,0.11326,0.27549,3.67402,1.28075,4.46784,0.02922,0.02509,0.06582,0.14466,0.24763,-0.04655,1.80935,3.04148,-0.57363,0.00292,0.01321,0.00814,0.38339,0.52345,0.41527,10.63987,12.98873,11.47178,0.07158,0.07324,0.06977,3.41081,0.52805,0.77108,0.36872,12.44922,16.0302,10.89815,True,0.07451,0.08646,0.07791,1.40245,3.33731,7.25781,8d966583bc7c4627a2437be13761529c,scene-0092
straight,0.76339,0.64307,0.71095,16.68495,14.6848,16.35076,0.1286,0.1057,0.15771,0.36344,0.20333,0.28601,5.471,3.33987,4.63709,0.06071,0.04388,0.08028,-0.01782,0.29605,0.02048,-0.40928,4.73162,0.93567,-0.00252,0.02872,0.02287,0.39995,0.43974,0.42494,11.21394,11.34493,11.71367,0.06789,0.06182,0.07743,0.61431,0.38213,0.73579,0.44542,10.80466,16.07655,12.64934,True,0.06536,0.09054,0.1003,0.33902,1.04644,1.17666,2d30b6e4f3094fcca0fe91fb288a6a0f,scene-0092
straight,0.63672,0.69075,0.59817,14.26948,15.93963,15.17636,0.09833,0.13559,0.15945,0.11326,0.27549,0.01932,1.28075,4.46784,1.23026,0.02509,0.06582,0.07415,-0.08333,0.11253,0.03767,-1.12479,1.51053,0.40854,-0.00627,0.00419,0.00161,0.52345,0.41527,0.57885,12.98873,11.47178,13.94611,0.07324,0.06977,0.0853,1.2242,0.44012,0.5278,0.61652,11.86394,12.98231,14.35464,True,0.06698,0.07396,0.08691,1.80209,0.69245,1.20461,1525755f9f8948f1a2f056039971fd70,scene-0092
straight,0.64307,0.71095,0.61012,14.6848,16.35076,14.48065,0.1057,0.15771,0.10401,0.20333,0.28601,0.19988,3.33987,4.63709,2.81859,0.04388,0.08028,0.03226,0.00888,0.05863,0.07486,0.1648,1.11209,1.17342,0.00213,0.02313,-0.00034,0.43974,0.42494,0.41025,11.34493,11.71367,11.66206,0.06182,0.07743,0.07175,0.43059,0.44862,0.48356,0.48511,11.50973,12.82576,12.83547,True,0.06395,0.10056,0.07141,0.97207,0.24218,0.035,6b10154e2b3146ab85b43f3cfe053d6d,scene-0092
straight,0.69075,0.59817,0.51827,15.93963,15.17636,12.8189,0.13559,0.15945,0.07009,0.26182,0.01932,0.02652,4.50729,1.23026,0.05243,0.06518,0.07415,0.00144,-0.03123,-0.03303,0.06109,-0.11178,-0.26453,1.22326,0.00122,-0.00149,0.00483,0.42893,0.57885,0.49176,11.43233,13.94611,12.76647,0.07041,0.0853,0.06865,1.46679,0.3977,0.54582,0.55285,11.32056,13.68158,13.98973,True,0.07163,0.08381,0.07348,0.19345,2.40201,2.59485,1259283ec9f549d4b26c98ee76c654a6,scene-0092
straight,0.71095,0.61012,0.54856,16.35076,14.48065,13.31623,0.15771,0.10401,0.07793,0.05018,0.19988,0.24355,0.91682,2.81859,3.26552,0.06225,0.03226,0.01555,-0.20632,0.03007,0.05512,-2.86406,0.14485,0.88892,-0.0011,0.00131,0.00537,0.66077,0.41025,0.30501,15.43394,11.66206,10.05071,0.09546,0.07175,0.06238,0.51859,0.45445,0.44032,0.36013,12.56988,11.8069,10.93963,True,0.09436,0.07306,0.06775,0.95399,0.68686,0.30708,38bde80644fd47f4b08d8de873a8be1b,scene-0092
straight,0.59817,0.51827,0.52871,15.17636,12.8189,13.39138,0.15945,0.07009,0.07877,0.01932,0.02652,0.18683,1.23026,0.05243,2.4889,0.07415,0.00144,0.0153,-0.04067,0.06633,0.16888,-0.29902,1.16379,2.55954,-0.00522,0.00327,0.02035,0.57885,0.49176,0.34187,13.94611,12.76647,10.90248,0.0853,0.06865,0.06347,0.88234,0.53818,0.55809,0.51076,13.64709,13.93026,13.46202,True,0.08008,0.07192,0.08382,1.05211,1.81304,0.45757,0b47858110f442afa33226467f596df7,scene-0092
straight,0.61012,0.54856,0.46749,14.48065,13.31623,12.35163,0.10401,0.07793,0.06776,0.19988,0.24355,0.02332,2.81859,3.26552,0.26819,0.03226,0.01555,-0.00407,0.03459,-0.03606,-0.03036,0.62928,-0.54319,-0.64075,3e-05,-0.00126,-0.00792,0.41025,0.30501,0.44417,11.66206,10.05071,12.08344,0.07175,0.06238,0.07183,0.60585,0.44484,0.26895,0.41381,12.29134,9.50752,11.44269,True,0.07178,0.06113,0.0639,0.6206,1.0554,1.17807,b11dc3efe66e4cf4b316b6c11b9b0158,scene-0092
straight,0.51827,0.52871,0.51625,12.8189,13.39138,12.59526,0.07009,0.07877,0.07562,-0.07122,0.18683,0.13977,-1.72757,2.4889,1.98238,-0.00543,0.0153,0.01323,-0.10858,-0.01476,0.22501,-1.93036,-0.58582,3.75743,-0.00452,0.00397,0.01772,0.58949,0.34187,0.37648,14.54646,10.90248,10.61288,0.07552,0.06347,0.06239,1.16449,0.48092,0.32712,0.60149,12.61611,10.31667,14.37032,True,0.071,0.06744,0.08011,0.69488,0.14497,3.22889,7ac61a641ce14bbdab9e8af6aaa6081e,scene-0092
straight,0.54856,0.46749,0.57187,13.31623,12.35163,13.55369,0.07793,0.06776,0.07825,0.24355,0.02332,0.1,3.26552,0.26819,1.45056,0.01555,-0.00407,0.01324,0.01777,0.08128,0.0,0.20529,1.05008,0.0,0.0044,0.00156,0.0,0.30501,0.44417,0.47188,10.05071,12.08344,12.10313,0.06238,0.07183,0.06501,1.31734,0.32278,0.52545,0.47188,10.256,13.13352,12.10313,True,0.06678,0.07338,0.06501,0.96529,1.75314,1.67286,9c2cb01fe74e49e1b9d3b8ae3fa72299,scene-0092
straight,0.52871,0.51625,0.45758,13.39138,12.59526,12.1603,0.07877,0.07562,0.06731,0.09238,0.13977,0.00232,1.29745,1.98238,-0.05231,0.00838,0.01323,-0.00099,-0.09618,0.01545,0.24081,-1.22941,0.33557,3.48811,-0.00669,0.00109,0.01561,0.43632,0.37648,0.45526,12.09393,10.61288,12.21262,0.07039,0.06239,0.0683,0.25084,0.34014,0.39193,0.69607,10.86453,10.94845,15.70073,True,0.0637,0.06348,0.08391,0.19373,0.16812,0.61826,1ecb668fec5d4f27bdcd6832ac687dce,scene-0092
straight,0.46749,0.57187,0.48512,12.35163,13.55369,12.60685,0.06776,0.07825,0.06846,-0.03137,0.1,-0.0654,-0.59805,1.45056,-1.15015,-0.00431,0.01324,-0.01021,-0.05469,0.02205,-0.01476,-0.86624,0.82644,-0.4729,-0.00024,0.00276,0.00646,0.49886,0.47188,0.55052,12.94968,12.10313,13.757,0.07207,0.06501,0.07867,0.41895,0.44417,0.49392,0.53575,12.08344,12.92957,13.2841,True,0.07183,0.06777,0.08513,0.12045,0.39602,0.43662,ad61033aa6e44659966bb4065f50abbc,scene-0092
straight,0.51625,0.45758,0.48505,12.59526,12.1603,12.41327,0.07562,0.06731,0.07437,0.16376,0.00232,-0.0556,2.43387,-0.05231,-1.29094,0.01322,-0.00099,-0.0011,-0.00107,-0.06304,-0.08594,-0.06331,-1.29826,-1.35087,0.00193,-0.00526,-0.0024,0.35248,0.45526,0.54065,10.16139,12.21262,13.70421,0.06239,0.0683,0.07547,1.38279,0.35141,0.39222,0.45471,10.09808,10.91436,12.35334,True,0.06433,0.06304,0.07307,0.45505,2.1703,2.5437,f9e3162f45db4bf5bc7f9360a831d2e4,scene-0092
straight,0.57187,0.48512,0.5105,13.55369,12.60685,12.81082,0.07825,0.06846,0.07648,0.11042,-0.0654,0.01865,1.65336,-1.15015,0.16184,0.01339,-0.01021,0.00336,0.01547,-0.04288,0.00195,0.1508,-1.04431,-0.2656,0.00036,-0.00435,-0.00331,0.46145,0.55052,0.49185,11.90033,13.757,12.64898,0.06487,0.07867,0.07312,0.83734,0.47692,0.50763,0.4938,12.05113,12.71269,12.38338,True,0.06523,0.07431,0.06981,0.40278,0.56375,2.21441,b660b9573c9e46b086245e5c23ccf7fe,scene-0092
straight,0.45758,0.48505,0.47678,12.1603,12.41327,12.71408,0.06731,0.07437,0.07785,0.00232,-0.0556,0.01332,-0.05231,-1.29094,0.34972,-0.00099,-0.0011,0.00428,-0.03036,0.01793,-0.09666,-0.33818,0.28646,-1.59701,-0.00197,0.00231,-0.00444,0.45526,0.54065,0.46346,12.21262,13.70421,12.36436,0.0683,0.07547,0.07358,0.48641,0.4249,0.55858,0.3668,11.87444,13.99067,10.76736,True,0.06633,0.07779,0.06914,0.31302,0.52472,1.27778,75023dda46de40c3953a0a67a31de816,scene-0092
straight,0.48512,0.5105,0.58919,12.60685,12.81082,13.86754,0.06846,0.07648,0.08628,-0.0654,0.01865,0.1515,-1.15015,0.16184,2.29829,-0.01021,0.00336,0.01851,0.05966,-0.07715,0.06287,0.88095,-1.48643,0.82435,0.00803,-0.00598,0.0052,0.55052,0.49185,0.43769,13.757,12.64898,11.56925,0.07867,0.07312,0.06777,1.94974,0.61018,0.4147,0.50056,14.63796,11.16255,12.3936,True,0.0867,0.06713,0.07297,1.52043,2.18384,2.51183,38c0c7b30e1142e4bc0833c2d489c493,scene-0092
straight,0.48505,0.47678,0.58282,12.41327,12.71408,13.88052,0.07437,0.07785,0.09038,-0.0556,0.01332,0.0414,-1.29094,0.34972,0.90039,-0.0011,0.00428,0.01471,0.00091,-0.08182,-0.03056,0.17853,-1.47029,-0.27718,0.00284,-0.00533,-0.00081,0.54065,0.46346,0.54142,13.70421,12.36436,12.98012,0.07547,0.07358,0.07567,1.43489,0.54156,0.38164,0.51086,13.88274,10.89407,12.70295,True,0.07831,0.06824,0.07485,0.91345,1.86102,2.35263,47f40eb09dcb40b9888d81fb4b872ac4,scene-0092
straight,0.5105,0.58919,0.5813,12.81082,13.86754,13.94545,0.07648,0.08628,0.10076,0.01865,0.1515,-0.09817,0.16184,2.29829,-1.07075,0.00336,0.01851,0.01246,-0.0815,0.10793,-0.0902,-1.41593,1.70282,-0.66757,-0.00737,0.0084,0.0027,0.49185,0.43769,0.67947,12.64898,11.56925,15.01621,0.07312,0.06777,0.08829,1.53963,0.41035,0.54563,0.58927,11.23305,13.27207,14.34864,True,0.06575,0.07616,0.091,0.92199,1.82433,2.69579,47d74378d3e04fa6bb3132928c0f9fa4,scene-0092
straight,0.47678,0.58282,0.69735,12.71408,13.88052,15.08222,0.07785,0.09038,0.10136,0.01332,0.0414,0.17352,0.34972,0.90039,2.47796,0.00428,0.01471,0.01984,-0.06651,0.01253,0.12681,-1.14936,0.28775,2.08094,-0.00335,0.00136,0.00869,0.46346,0.54142,0.52383,12.36436,12.98012,12.60426,0.07358,0.07567,0.08152,1.18096,0.39696,0.55396,0.65064,11.215,13.26788,14.6852,True,0.07022,0.07702,0.09021,1.20846,1.98642,0.65592,5fe961cfd2b444b0898c3abb7c969e77,scene-0092
straight,0.58919,0.5813,0.6363,13.86754,13.94545,14.32479,0.08628,0.10076,0.09546,0.1515,-0.09817,-0.08388,2.29829,-1.07075,-0.94068,0.01851,0.01246,0.0035,0.00952,-0.00943,0.07939,0.04195,0.00884,0.92814,-0.0044,-0.00202,0.00204,0.43769,0.67947,0.72017,11.56925,15.01621,15.26547,0.06777,0.08829,0.09196,1.59708,0.44722,0.67004,0.79956,11.6112,15.02505,16.19361,True,0.06337,0.08627,0.094,1.16162,2.31984,1.61786,c3ab884d58ff4822b6debfdbae4ef0a5,scene-0092
straight,0.58282,0.69735,0.64071,13.88052,15.08222,14.33848,0.09038,0.10136,0.10118,0.0414,0.17352,0.1803,0.90039,2.47796,2.54758,0.01471,0.01984,0.03203,-0.00598,0.02914,0.00729,0.15379,0.444,0.38076,0.00181,-0.00204,0.00298,0.54142,0.52383,0.46041,12.98012,12.60426,11.7909,0.07567,0.08152,0.06915,0.42498,0.53545,0.55297,0.4677,13.13391,13.04826,12.17166,True,0.07748,0.07948,0.07213,0.11109,0.56543,0.69899,e568b88df00a4c19960ff2b83ca5630d,scene-0092
straight,0.5813,0.6363,0.66432,13.94545,14.32479,15.07722,0.10076,0.09546,0.09907,-0.09817,-0.08388,0.18707,-1.07075,-0.94068,2.98091,0.01246,0.0035,0.02626,-0.18752,0.1507,0.39949,-3.01581,1.79506,6.0815,-0.01869,0.00789,0.05917,0.67947,0.72017,0.47725,15.01621,15.26547,12.09631,0.08829,0.09196,0.07282,1.15663,0.49195,0.87087,0.87674,12.0004,17.06053,18.1778,True,0.0696,0.09985,0.13199,0.27685,1.05038,2.50398,d617daef46b24ba39fcc80e8f767b082,scene-0092
straight,0.69735,0.64071,0.62201,15.08222,14.33848,14.4972,0.10136,0.10118,0.11306,0.17352,0.1803,0.13428,2.47796,2.54758,2.21153,0.01984,0.03203,0.04539,-0.02701,0.39599,0.19037,-0.34088,5.85346,3.16471,-0.00907,0.02504,0.01341,0.52383,0.46041,0.48773,12.60426,11.7909,12.28567,0.08152,0.06915,0.06767,0.34052,0.49682,0.8564,0.6781,12.26338,17.64436,15.45038,True,0.07245,0.09419,0.08108,0.35048,0.40732,0.07866,5a85db16e41543e5bcfe5341d3c85787,scene-0092
straight,0.6363,0.66432,0.63057,14.32479,15.07722,14.80952,0.09546,0.09907,0.12122,-0.08388,0.18707,0.31984,-0.94068,2.98091,4.81259,0.0035,0.02626,0.06061,-0.00712,0.24642,0.56194,-0.21446,3.85924,8.71879,-0.00255,0.0283,0.08445,0.72017,0.47725,0.31073,15.26547,12.09631,9.99693,0.09196,0.07282,0.06061,2.11189,0.71305,0.72367,0.87266,15.05101,15.95554,18.71572,True,0.08941,0.10112,0.14506,0.4139,6.04791,1.42593,3d4112671b8c4d8393a0b32d6d75287a,scene-0092
straight,0.64071,0.62201,0.55502,14.33848,14.4972,14.33478,0.10118,0.11306,0.15303,0.1803,0.13428,-0.14398,2.54758,2.21153,-1.25066,0.03203,0.04539,0.07206,0.0448,-0.03777,0.0006,0.67264,-1.15465,0.56777,0.0018,-0.00599,0.00818,0.46041,0.48773,0.699,11.7909,12.28567,15.58544,0.06915,0.06767,0.08097,0.41661,0.50521,0.44996,0.6996,12.46354,11.13102,16.15321,True,0.07095,0.06168,0.08914,0.36263,0.11035,0.33671,c10dfcf73ed84179b8915990fa6464a5,scene-0092
straight,0.66432,0.63057,0.48428,15.07722,14.80952,13.34893,0.09907,0.12122,0.14797,0.18707,0.31984,0.00228,2.98091,4.81259,0.4932,0.02626,0.06061,0.06924,0.10386,0.03028,-0.01665,1.16892,0.39359,0.42336,0.01105,0.00606,-0.00199,0.47725,0.31073,0.48199,12.09631,9.99693,12.85573,0.07282,0.06061,0.07873,1.03549,0.58111,0.341,0.46534,13.26523,10.39052,13.27909,True,0.08386,0.06667,0.07674,1.32641,1.55189,0.43433,e6c7e16f831d4807befccae91f7df830,scene-0092
straight,0.62201,0.55502,0.38154,14.4972,14.33478,11.79656,0.11306,0.15303,0.07929,0.13428,-0.14398,-0.24481,2.21153,-1.25066,-3.65526,0.04539,0.07206,-0.00097,0.04528,-0.22099,0.08644,0.45508,-2.36405,1.18761,0.00355,0.01151,0.01303,0.48773,0.699,0.62635,12.28567,15.58544,15.45182,0.06767,0.08097,0.08026,1.93457,0.53301,0.47801,0.71279,12.74076,13.22139,16.63943,True,0.07122,0.09248,0.09329,0.40746,3.05388,4.00891,971fe52375054e499551b963e85e1fcf,scene-0092
straight,0.63057,0.48428,0.37475,14.80952,13.34893,10.79021,0.12122,0.14797,0.06003,0.31984,0.00228,0.03999,4.81259,0.4932,0.85298,0.06061,0.06924,0.00377,0.05877,0.06896,-0.04125,0.67352,1.03331,-0.6138,0.00187,-0.00316,-0.00208,0.31073,0.48199,0.33476,9.99693,12.85573,9.93723,0.06061,0.07873,0.05626,0.92289,0.36949,0.55095,0.29351,10.67045,13.88905,9.32344,True,0.06248,0.07557,0.05418,1.3424,1.35423,0.26538,77dda60825f246ecac50f1411e851fdc,scene-0092
straight,0.55502,0.38154,0.40772,14.33478,11.79656,11.59748,0.15303,0.07929,0.07088,0.08011,-0.24481,0.06573,1.99671,-3.65526,0.95662,0.08195,-0.00097,0.00339,-0.01023,-0.18823,0.08649,0.10105,-2.9452,0.93335,0.00347,-0.00988,-0.00349,0.47491,0.62635,0.34198,12.33807,15.45182,10.64086,0.07108,0.08026,0.0675,1.8162,0.46468,0.43812,0.42848,12.43912,12.50662,11.57422,True,0.07456,0.07038,0.06401,1.76905,2.13346,1.76681,a9e6b3566fcd4effb8847e22a2a4577e,scene-0092
right,0.57816,0.78461,0.78979,14.61426,16.96778,17.48589,0.06644,0.09654,0.12375,0.07979,0.07684,0.10123,1.79015,0.5829,1.26798,0.00727,0.01591,0.03425,0.05936,0.02144,0.08591,1.62658,0.1257,1.18509,0.00438,0.00571,0.02058,0.49837,0.70777,0.68855,12.82411,16.38488,16.21791,0.05918,0.08063,0.0895,3.66374,0.55773,0.72921,0.77446,14.45069,16.51058,17.40301,True,0.06356,0.08634,0.11007,2.17463,3.62934,6.69656,6e0955c28ecb405b98d91b089761dbbb,scene-0093
right,0.78725,0.74169,0.73014,17.37152,17.04779,17.34541,0.0804,0.10906,0.13148,0.21563,0.08898,0.04755,3.40349,1.4508,1.19518,0.01505,0.02535,0.04711,0.08719,0.11545,0.0571,1.23456,2.06218,1.09396,0.00242,0.04365,0.02554,0.57163,0.65271,0.68259,13.96802,15.59698,16.15023,0.06534,0.08371,0.08437,6.6146,0.65881,0.76817,0.73969,15.20258,17.65916,17.24419,True,0.06777,0.12736,0.10992,2.97654,7.24948,11.86558,59e6f43c31be472393ee5c8dcc45f9cf,scene-0093
right,0.78461,0.78979,0.79574,16.96778,17.48589,17.69189,0.09654,0.12375,0.1262,0.05115,0.10123,0.04523,0.39517,1.26798,0.60661,-1e-05,0.03425,0.0235,0.01381,0.12103,-0.11449,0.08739,1.79417,-1.78893,-0.00571,0.01892,-0.02851,0.73346,0.68855,0.75051,16.57261,16.21791,17.08527,0.09655,0.0895,0.10269,3.43605,0.74728,0.80958,0.63602,16.66,18.01208,15.29634,True,0.09084,0.10842,0.07418,1.19145,3.95779,7.2464,b5fd72c8c35c4b7bb656f4e9d5b8fe52,scene-0093
right,0.74169,0.73014,0.78141,17.04779,17.34541,17.43016,0.10906,0.13148,0.12503,0.12837,0.04755,0.09196,1.67355,1.19518,1.7076,0.03081,0.04711,0.05962,-0.00501,0.1356,0.0777,-0.19328,2.03607,2.03185,0.00089,0.03935,0.08992,0.61332,0.68259,0.68945,15.37424,16.15023,15.72255,0.07825,0.08437,0.06541,3.63718,0.60832,0.81818,0.76715,15.18096,18.1863,17.7544,True,0.07915,0.12372,0.15533,0.83745,3.59904,8.54286,e19007f8d28a4590b249b6025bd8f4d1,scene-0093
right,0.78979,0.79574,0.80137,17.48589,17.69189,17.57803,0.12375,0.1262,0.10736,0.10334,0.04523,0.12025,1.05984,0.60661,1.46062,0.03385,0.0235,0.02671,0.04527,-0.03241,0.13914,0.25074,0.34831,1.54076,0.00521,0.04246,0.05465,0.68645,0.75051,0.68112,16.42604,17.08527,16.11741,0.0899,0.10269,0.08066,1.84186,0.73172,0.71809,0.82026,16.67678,17.43359,17.65817,True,0.09511,0.14515,0.13531,0.95303,1.33279,4.01364,88c4bf6c96624c9baf7ca0f98c790034,scene-0093
right,0.73014,0.78141,0.78461,17.34541,17.43016,17.11652,0.13148,0.12503,0.09679,0.08532,0.09196,0.04729,1.25636,1.7076,0.56403,0.04525,0.05962,0.02376,0.02278,0.00525,-0.00433,0.03739,0.49898,-0.33164,-0.00274,0.00745,0.01581,0.64481,0.68945,0.73732,16.08904,15.72255,16.55249,0.08624,0.06541,0.07303,1.50676,0.66759,0.69469,0.73298,16.12643,16.22154,16.22085,True,0.0835,0.07286,0.08884,0.48234,1.78138,3.65417,6dab8a84451a4f01aca9352708196964,scene-0093
right,0.79574,0.80137,0.78216,17.69189,17.57803,17.1221,0.1262,0.10736,0.07918,0.08591,0.12025,0.23333,1.63648,1.46062,3.60978,0.03915,0.02671,0.02182,0.0013,0.00199,0.02128,0.73428,-0.07327,-0.19879,0.01103,0.00307,-0.00761,0.70982,0.68112,0.54883,16.05541,16.11741,13.51233,0.08704,0.08066,0.05736,3.86131,0.71112,0.68311,0.57011,16.78968,16.04414,13.31354,True,0.09807,0.08373,0.04975,2.62729,3.83497,6.39515,4d1040b4e7804bc395186572f5ee281c,scene-0093
right,0.78141,0.78461,0.74024,17.43016,17.11652,16.53831,0.12503,0.09679,0.06664,0.11319,0.04729,0.01836,2.06027,0.56403,0.53809,0.06108,0.02376,0.00438,0.14606,0.08574,-0.30088,2.31951,1.20832,-4.45354,0.06205,0.04488,-0.00722,0.66822,0.73732,0.72188,15.36989,16.55249,16.00022,0.06395,0.07303,0.06226,5.144,0.81428,0.82306,0.421,17.6894,17.76081,11.54668,True,0.126,0.11791,0.05504,5.18845,6.22839,4.26219,8ffab42b57d14c6cb0486620d8675a74,scene-0093
