base_L2@1s,base_L2@2s,base_L2@3s,base_avgL2@1s,base_avgL2@2s,base_avgL2@3s,base_coll@1s,base_coll@2s,base_coll@3s,base_cumColl@1s,base_cumColl@2s,base_cumColl@3s,base_meanColl@1s,base_meanColl@2s,base_meanColl@3s,base_status,command,got_L2@1s,got_L2@2s,got_L2@3s,got_avgL2@1s,got_avgL2@2s,got_avgL2@3s,got_beats_base,got_cand_cmd,got_cand_kin,got_cand_total,got_cand_vals,got_candidate_spread,got_coll@1s,got_coll@2s,got_coll@3s,got_cumColl@1s,got_cumColl@2s,got_cumColl@3s,got_meanColl@1s,got_meanColl@2s,got_meanColl@3s,got_minADE_C,got_n_candidates,got_oracle_L2@1s,got_oracle_L2@2s,got_oracle_L2@3s,got_oracle_avgL2@1s,got_oracle_avgL2@2s,got_oracle_avgL2@3s,got_pred,got_selection_gap_L2@1s,got_selection_gap_L2@2s,got_selection_gap_L2@3s,got_selection_gap_avgL2@1s,got_selection_gap_avgL2@2s,got_selection_gap_avgL2@3s,got_selection_rank,got_selection_top1,got_status,got_worst_candidate,mean_coll@1s,mean_coll@2s,mean_coll@3s,mean_cumColl@1s,mean_cumColl@2s,mean_cumColl@3s,mean_meanColl@1s,mean_meanColl@2s,mean_meanColl@3s,sample_token,scene,seed
0.0063,0.0092,0.1641,0.0054,0.007,0.0345,0.0,0.0,0.0,0.0,0.0,0.0,0.0,0.0,0.0,ok,straight,0.0063,0.0092,0.1641,0.0054,0.007,0.0345,False,"[-0.0, -0.0, -0.0, -0.0, -0.0, -0.0, -8.2899, -0.0]","[-0.013, -91.3235, -54.0626, -64.2372, -1416.9943, -8548.3268, -17779.1604, -1617885.0117]","[4.0773, 4.0771, 4.0769, 4.0769, -1001413.6804, -1008545.0132, -1017775.8468, -2617881.6978]","[0.035, 0.404, 0.174, 0.305, 0.499, 1.074, 4.155, 12.015]",3.8697,0.0,0.0,0.0,0.0,0.0,0.0,0.0,0.0,0.0,0.0345,8.0,0.0063,0.0092,0.1641,0.0054,0.007,0.0345,"[[-0.026, 0.0], [-0.026, 0.0], [-0.026, 0.0], [-0.026, 0.0], [-0.026, 0.0], [-0.026, 0.0]]",0.0,0.0,0.0,0.0,0.0,0.0,0.0,1.0,ok,12.0154,1.0,1.0,1.0,1.0,1.0,1.0,0.5,0.75,0.8333333333333334,fd8420396768425eabec9bdddf7e64b6,scene-0003,44
0.1224,0.145,1.5888,0.2151,0.1712,0.4209,0.0,0.0,0.0,0.0,0.0,0.0,0.0,0.0,0.0,ok,straight,0.1224,0.145,1.0178,0.2151,0.1712,0.3257,True,"[-0.0, -0.0, -0.1958, -0.0, -0.0653, -0.0653, -0.1305, -0.0]","[-21.6175, -172.1989, -59.4905, -1735.1939, -5270.8675, -6046.9052, -6492.9803, -130385.7445]","[3.8019, 3.7983, 0.9527, -1001732.7201, -1005268.3938, -1006044.4314, -1006490.5066, -1130383.2171]","[0.326, 1.04, 0.617, 0.658, 1.046, 1.947, 1.1, 3.895]",1.0691,0.0,0.0,0.0,0.0,0.0,0.0,0.0,0.0,0.0,0.3257,8.0,0.1224,0.145,1.0178,0.2151,0.1712,0.3257,"[[1.116, 0.0], [1.687, 0.0], [2.258, 0.0], [2.544, 0.0], [3.4, 0.0], [4.542, 0.0]]",0.0,0.0,0.0,0.0,0.0,0.0,0.0,1.0,ok,3.8948,0.0,0.0,0.0,0.0,0.0,0.0,0.0,0.0,0.0,6b9af38cbf654171870cb14b4ae89fd6,scene-0003,44
0.0852,0.5533,2.8013,0.2338,0.2781,0.6874,0.0,0.0,1.0,0.0,0.0,1.0,0.0,0.0,0.16666666666666666,ok,straight,0.0852,0.5533,0.1124,0.2338,0.2781,0.4271,True,"[-0.0, -0.0, -0.0, -0.0653, -0.0653, -0.0653, -0.0, -0.0]","[-133.8112, -300.4362, -307.2717, -32.771, -1976.4999, -2173.0948, -34929.6425, -45858.0645]","[3.2644, 3.2605, 3.2544, 1.2046, -1001974.6135, -1002171.2085, -1034927.7561, -1045856.1839]","[0.427, 0.579, 0.611, 1.226, 1.861, 0.613, 2.177, 5.415]",1.5597,0.0,0.0,0.0,0.0,0.0,0.0,0.0,0.0,0.0,0.4271,8.0,0.0852,0.5533,0.1124,0.2338,0.2781,0.4271,"[[0.259, 0.0], [1.116, 0.0], [1.687, 0.0], [2.544, 0.0], [3.686, 0.0], [2.829, 0.0]]",0.0,0.0,0.0,0.0,0.0,0.0,0.0,1.0,ok,5.4147,0.0,0.0,0.0,0.0,0.0,0.0,0.0,0.0,0.0,37b3d16060b442d5b6175cbebefd09a7,scene-0003,44
0.6693,1.5328,1.7145,0.6282,1.0243,1.3773,0.0,0.0,0.0,0.0,0.0,0.0,0.0,0.0,0.0,ok,straight,0.9545,1.5328,1.7145,0.7708,1.0957,1.3772,True,"[-0.0, -0.0, -0.0, -0.0653, -0.1958, -0.5875, -0.1305, -0.0653]","[-30.8208, -46.4526, -335.7412, -559.3906, -647.2805, -1403.5651, -4671.0376, -73797.5284]","[3.3797, 3.3779, 3.3659, 3.0042, -1000645.0307, -1001401.3142, -1004668.7878, -1073795.2775]","[1.377, 1.33, 1.902, 0.895, 1.206, 1.537, 2.092, 3.178]",0.6651,0.0,0.0,0.0,0.0,0.0,0.0,0.0,0.0,0.0,0.8952,8.0,0.9545,1.5328,0.5955,0.7708,1.0957,0.8952,"[[1.116, 0.0], [2.258, 0.0], [3.686, 0.0], [5.113, 0.0], [5.97, 0.0], [7.398, 0.0]]",0.0,0.0,1.1191,0.0,0.0,0.482,3.0,0.0,ok,3.178,0.0,0.0,0.0,0.0,0.0,0.0,0.0,0.0,0.0,08254b97198045d98009af51d144d147,scene-0003,44
0.3278,1.3075,1.7098,0.2143,0.6082,0.9387,0.0,0.0,0.0,0.0,0.0,0.0,0.0,0.0,0.0,ok,left,0.3278,0.7833,1.7098,0.2143,0.6347,0.9681,False,"[0.8486, 0.8486, 1.3708, -1.3708, 0.718, 3.3943, 1.3055, 0.7833]","[-1342.965, -259.7881, -1207.0023, -1434.1297, -1656.3945, -5865.2876, -9328.6547, -13976.2512]","[2.9831, 0.7598, -1001207.0197, -1001431.6896, -1001653.9544, -1005865.3049, -1009326.2146, -1013976.2686]","[0.968, 0.919, 2.425, 1.688, 1.685, 2.401, 1.493, 2.575]",0.6055,0.0,0.0,0.0,0.0,0.0,0.0,0.0,0.0,0.0,0.9186,8.0,0.3278,1.1167,1.7098,0.2143,0.5605,0.9186,"[[3.4, 0.0], [6.827, 0.131], [8.825, 0.131], [13.108, 1.828], [17.391, 0.783], [21.389, 1.697]]",0.0,-0.3333,0.0,0.0,0.0742,0.0495,1.0,0.0,ok,2.5746,0.0,0.0,0.0,0.0,0.0,0.0,0.0,0.0,0.0,88a090c54cc844cc878f00d08274a683,scene-0012,44
0.3311,0.5222,1.8555,0.326,0.434,0.8542,0.0,0.0,0.0,0.0,0.0,0.0,0.0,0.0,0.0,ok,straight,0.3311,0.5222,1.8555,0.326,0.434,0.9002,False,"[-0.1305, -0.0653, -0.1305, -0.6527, -1.5013, -0.718, -8.2899, -0.0653]","[-178.253, -927.9473, -446.2245, -291.7557, -553.9265, -14573.2037, -19043.4506, -63383.3189]","[2.4345, 2.3934, 2.3921, 2.2303, 1.8654, -1014571.8666, -1019042.1429, -1063381.9818]","[0.9, 2.496, 1.318, 2.017, 2.002, 1.737, 4.031, 7.88]",2.1095,0.0,0.0,0.0,0.0,0.0,0.0,0.0,0.0,0.0,0.9002,8.0,0.3311,0.5222,1.8555,0.326,0.434,0.9002,"[[4.828, 0.0], [9.396, -0.131], [14.25, -0.131], [18.819, -0.131], [24.815, -0.261], [29.669, -0.261]]",0.0,0.0,0.0,0.0,0.0,0.0,0.0,1.0,ok,7.8799,0.0,0.0,0.0,0.0,0.0,0.0,0.0,0.0,0.0,f33e0c3f5d5c426593af8af1c27b68b8,scene-0012,44
1.7592,4.8823,7.162,1.3042,2.8724,4.0952,0.0,0.0,0.0,0.0,0.0,0.0,0.0,0.0,0.0,ok,right,1.1958,4.8823,6.8777,1.5949,3.0177,4.1447,False,"[1.2402, 1.2402, 1.1749, 0.8486, 1.5666, -8.2899, 0.3916, 0.9791]","[-928.4014, -15.6665, -6602.4, -32886.8316, -39938.6244, -53927.7748, -109187.0831, -786889.8444]","[1.7872, 1.6246, -1006601.5551, -1032886.1529, -1039937.7795, -1053927.0962, -1109186.4044, -1786888.9995]","[4.145, 4.048, 3.932, 3.29, 4.508, 8.581, 6.884, 10.05]",2.3485,0.0,0.0,0.0,0.0,0.0,0.0,0.0,0.0,0.0,3.29,8.0,1.7592,4.8823,1.8281,1.3042,2.8724,3.29,"[[3.115, 0.0], [9.111, -0.522], [12.537, -0.522], [16.82, -1.044], [20.818, -1.697], [24.815, -2.48]]",-0.5635,0.0,5.0496,0.2907,0.1453,0.8547,3.0,0.0,ok,10.05,0.0,0.0,0.0,0.0,0.0,0.0,0.0,0.0,0.0,045ecf94b83648229500b23058af3117,scene-0012,44
1.589,1.3397,2.2393,1.4364,1.4687,1.5437,0.0,0.0,0.0,0.0,0.0,0.0,0.0,0.0,0.0,ok,left,1.589,1.3397,2.7413,1.4364,1.4687,1.6274,False,"[0.8486, 0.718, 0.8486, 0.5875, 8.2899, -6.0706, 0.7833, 0.4569]","[-221.6774, -1468.5633, -2876.2065, -4587.2366, -5640.6063, -45243.1274, -104846.4562, -368112.1631]","[1.6032, -1001467.53, -1002875.2853, -1004586.2033, -1005639.5729, -1045242.2062, -1104845.535, -1368111.2418]","[1.627, 1.845, 1.449, 1.808, 3.245, 4.543, 5.368, 11.368]",3.1333,0.0,0.0,0.0,0.0,0.0,0.0,0.0,0.0,0.0,1.4493,8.0,1.2617,2.2756,2.7413,0.7279,1.2016,1.4493,"[[3.686, 0.0], [7.398, 0.131], [11.11, 0.392], [15.393, 0.783], [19.104, 1.697], [24.815, 1.697]]",0.3273,-0.9359,0.0,0.7085,0.2672,0.1781,1.0,0.0,ok,11.3683,0.0,0.0,0.0,0.0,0.0,0.0,0.0,0.0,0.0,2818d76fdbcf49029de0e316a26f8903,scene-0012,44
0.6657,2.1543,5.354,0.6004,1.3545,2.4306,0.0,0.0,0.0,0.0,0.0,0.0,0.0,0.0,0.0,ok,straight,0.6657,2.4356,4.2266,0.6004,1.2833,2.1952,True,"[-0.0, -0.0, -0.9138, -0.0653, -0.4569, -3.2637, -2.4152, -0.1305]","[-83.199, -87.576, -288.4803, -3848.1703, -8160.404, -35420.2179, -123947.3984, -137827.8889]","[4.7691, 3.8509, -1000286.1116, -1003844.8834, -1008158.0353, -1035417.8492, -1123944.1115, -1137824.602]","[2.195, 2.339, 3.445, 1.504, 3.489, 5.299, 4.618, 5.054]",1.32,0.0,0.0,0.0,0.0,0.0,0.0,0.0,0.0,0.0,1.5041,8.0,0.6657,2.4356,1.3263,0.6004,1.2833,1.5041,"[[3.686, 0.0], [6.827, 0.0], [10.539, 0.0], [14.25, 0.0], [18.248, 0.0], [20.818, 0.0]]",0.0,0.0,2.9003,0.0,0.0,0.6911,1.0,0.0,ok,5.2995,0.0,0.0,0.0,0.0,0.0,0.0,0.0,0.0,0.0,b9c60cfaf1814c8bb363037dec7abd35,scene-0013,44
0.2074,0.4271,0.6538,0.1519,0.3617,0.4828,0.0,0.0,0.0,0.0,0.0,0.0,0.0,0.0,0.0,ok,straight,1.635,0.4271,0.6538,1.4358,1.0036,0.9107,False,"[-0.0653, -0.0653, -0.2611, -0.1958, -5.6136, -0.0653, -0.3916, -0.0653]","[-62.0577, -291.4101, -298.5643, -3097.7884, -8684.0788, -17037.2546, -80586.1192, -948710.7757]","[3.6351, 3.633, 3.5246, -1003095.0094, -1008681.2998, -1017034.4769, -1080583.3402, -1948707.998]","[0.911, 0.483, 0.687, 2.414, 3.37, 3.573, 3.33, 9.359]",2.6787,0.0,0.0,0.0,0.0,0.0,0.0,0.0,0.0,0.0,0.4828,8.0,0.2074,0.4271,0.6538,0.1519,0.3617,0.4828,"[[4.542, 0.0], [7.969, 0.0], [10.539, 0.0], [12.823, 0.0], [16.249, 0.0], [19.961, -0.131]]",1.4276,0.0,0.0,1.2839,0.6419,0.428,2.0,0.0,ok,9.3589,0.0,0.0,0.0,0.0,0.0,0.0,0.0,0.0,0.0,3615d82e7e8546fea5f181157f42e30b,scene-0013,44
0.4637,2.0732,1.6971,0.5153,1.102,1.3857,0.0,0.0,0.0,0.0,0.0,0.0,0.0,0.0,0.0,ok,straight,1.0324,2.0732,1.6971,0.7997,1.2442,1.6229,False,"[-0.1958, -0.1958, -0.0, -0.3264, -1.436, -0.1958, -0.1305, -0.2611]","[-195.8539, -234.9683, -3879.2271, -3914.8807, -4183.9896, -4791.2349, -14794.7575, -375028.9296]","[3.1933, 3.1929, -1003876.7947, -1003912.4483, -1004181.5572, -1004788.8025, -1014792.3251, -1375026.4972]","[1.623, 1.528, 2.291, 2.39, 2.059, 3.163, 2.618, 6.992]",1.6474,0.0,0.0,0.0,0.0,0.0,0.0,0.0,0.0,0.0,1.5281,8.0,0.4637,2.0732,1.6971,0.5153,1.102,1.5281,"[[3.115, 0.0], [5.97, 0.0], [9.396, -0.131], [12.823, -0.131], [15.393, -0.261], [19.961, -0.392]]",0.5687,0.0,0.0,0.2844,0.1422,0.0948,1.0,0.0,ok,6.9924,0.0,0.0,0.0,0.0,0.0,0.0,0.0,0.0,0.0,20a68f4f6d5e46edb6c4d9e8321ced5b,scene-0013,44
0.3143,2.2268,2.7786,0.2098,0.9588,1.7081,0.0,0.0,0.0,0.0,0.0,0.0,0.0,0.0,0.0,ok,straight,0.3143,2.2268,6.0471,0.3522,0.8892,2.3458,False,"[-0.0653, -0.1305, -0.1305, -0.1958, -0.7833, -0.1958, -0.9791, -0.2611]","[-73.9665, -220.8322, -223.9365, -932.3916, -1365.1528, -1884.5556, -3599.4171, -18811.8307]","[3.4547, 3.2256, 3.2251, 2.9013, -1001363.1257, -1001882.5285, -1003597.39, -1018809.8036]","[2.346, 1.614, 1.662, 1.052, 0.692, 1.965, 2.123, 3.375]",0.7688,0.0,0.0,0.0,0.0,0.0,0.0,0.0,0.0,0.0,0.6918,8.0,0.3143,2.2268,0.7641,0.2098,0.818,0.6918,"[[4.542, 0.0], [8.54, 0.0], [12.823, -0.131], [18.248, -0.131], [24.244, 0.0], [29.384, -0.131]]",0.0,0.0,5.283,0.1424,0.0712,1.6539,6.0,0.0,ok,3.3748,0.0,0.0,0.0,0.0,0.0,0.0,0.0,0.0,0.0,fde1435fa125431d9eb22d8e5e254a32,scene-0013,44
0.0254,0.0262,0.0271,0.0252,0.0256,0.026,0.0,0.0,0.0,0.0,0.0,0.0,0.0,0.0,0.0,ok,straight,0.0254,0.0262,0.0271,0.0252,0.0256,0.026,False,"[-0.0, -0.0, -0.0, -0.0, -0.0, -0.0653, -0.0, -0.2611]","[-0.013, -1.8392, -217.9518, -55.7905, -70.1393, -3276.1478, -9576.5244, -738376.2695]","[2.7786, 2.7786, 2.7777, 2.7776, 2.7775, -1003274.2295, -1009574.6068, -1738374.3519]","[0.026, 0.199, 0.438, 0.113, 0.152, 1.627, 1.104, 10.766]",3.4284,0.0,0.0,0.0,0.0,0.0,0.0,0.0,0.0,0.0,0.026,8.0,0.0254,0.0262,0.0271,0.0252,0.0256,0.026,"[[-0.026, 0.0], [-0.026, 0.0], [-0.026, 0.0], [-0.026, 0.0], [-0.026, 0.0], [-0.026, 0.0]]",0.0,0.0,0.0,0.0,0.0,0.0,0.0,1.0,ok,10.7662,1.0,1.0,1.0,1.0,1.0,1.0,0.5,0.75,0.8333333333333334,43cfc03be6f842ae8942c995f8e3f2fb,scene-0014,44
1.0724,1.2884,0.4995,1.047,1.1064,0.8576,0.0,0.0,0.0,0.0,0.0,0.0,0.0,0.0,0.0,ok,straight,1.0724,1.2884,0.3438,1.047,1.1064,0.8316,True,"[-0.0, -0.1305, -0.1305, -0.3264, -0.5875, -0.0, -0.1958, -2.6763]","[-113.9701, -100.235, -242.8019, -188.7779, -103.1179, -840.9034, -1444.2231, -2444.5693]","[3.3457, 3.1238, 2.946, 2.8637, 2.6595, 2.3557, -1001442.1917, -1002442.6215]","[0.832, 1.81, 1.766, 1.618, 1.799, 1.069, 2.007, 2.655]",0.5232,0.0,0.0,0.0,0.0,0.0,0.0,0.0,0.0,0.0,0.8316,8.0,1.0724,1.2884,0.3438,1.047,1.1064,0.8316,"[[1.687, 0.0], [2.544, 0.0], [3.686, 0.0], [5.113, 0.0], [5.685, 0.0], [7.398, 0.0]]",0.0,0.0,0.0,0.0,0.0,0.0,0.0,1.0,ok,2.6546,0.0,0.0,0.0,0.0,0.0,0.0,0.0,0.0,0.0,3a1dd258a83f44b6bd97e8cc426d7057,scene-0014,44
2.4577,5.5045,10.4668,1.6421,3.3174,5.1583,0.0,0.0,0.0,0.0,0.0,0.0,0.0,0.0,0.0,ok,straight,2.4577,5.5172,11.1171,1.6421,3.3206,5.5551,False,"[-0.0, -0.3264, -0.3264, -0.3916, -0.2611, -0.3264, -0.4569, -0.6527]","[-477.4171, -82.992, -535.9706, -1959.2155, -2843.0996, -2868.9865, -20184.5828, -21891.2069]","[6.0788, 4.2266, 3.5809, -1001956.4105, -1002839.7019, -1002866.1815, -1020181.1851, -1021888.4019]","[5.555, 5.16, 5.019, 4.555, 5.802, 4.118, 4.629, 4.523]",0.5324,0.0,0.0,0.0,0.0,0.0,0.0,0.0,0.0,0.0,4.1176,8.0,2.4577,5.8161,7.9147,1.6421,3.1081,4.1176,"[[1.687, 0.0], [2.829, 0.0], [3.971, -0.131], [5.97, -0.261], [5.685, -0.522], [6.827, 0.0]]",0.0,-0.2989,3.2024,0.0,0.2125,1.4375,6.0,0.0,ok,5.8017,0.0,0.0,0.0,0.0,0.0,0.0,0.0,0.0,0.0,510c3f937ce54fafa51f9c9f98f0a4a5,scene-0014,44
2.0291,4.5025,6.5273,1.3831,2.6272,3.7481,0.0,0.0,0.0,0.0,0.0,0.0,0.0,0.0,0.0,ok,straight,1.4581,4.5025,7.0975,0.9552,2.3419,3.5108,True,"[-0.5222, -0.5222, -0.718, -0.3264, -0.5222, -0.5875, -0.3916, -1.3708]","[-237.4952, -286.6121, -503.8754, -573.1091, -886.721, -1725.1931, -2396.9575, -1129682.518]","[3.0149, 3.0145, 2.3706, -1000570.7957, -1000884.4079, -1001722.88, -1002394.644, -2129680.2046]","[3.511, 3.653, 4.466, 2.051, 4.129, 3.762, 2.978, 11.453]",2.7164,0.0,0.0,0.0,0.0,0.0,0.0,0.0,0.0,0.0,2.051,8.0,1.4581,4.5025,0.6222,0.9552,2.3419,2.051,"[[3.115, 0.0], [5.685, -0.131], [7.683, -0.261], [9.682, -0.392], [13.108, -0.914], [14.822, -1.044]]",0.0,0.0,6.4753,0.0,0.0,1.4598,2.0,0.0,ok,11.4526,0.0,0.0,0.0,0.0,0.0,0.0,0.0,0.0,0.0,0afa886817744d61be66f0bcea2be47c,scene-0014,44
1.013,2.766,4.5811,0.6988,1.516,2.3185,0.0,0.0,0.0,0.0,0.0,0.0,0.0,0.0,0.0,ok,straight,1.013,2.766,3.1631,0.6988,1.516,2.0821,True,"[-0.6527, -0.9791, -0.6527, -1.6971, -0.718, -1.0444, -4.8303, -1.2402]","[-11.2538, -616.3713, -215.29, -1991.3913, -4925.3175, -7454.0798, -10408.262, -13279.6859]","[4.9972, 4.6203, 4.1624, -1001988.8387, -1004922.7649, -1007451.5272, -1010404.9176, -1013276.3415]","[2.082, 2.665, 1.752, 1.599, 1.625, 1.652, 3.362, 2.951]",0.6457,0.0,0.0,0.0,0.0,0.0,0.0,0.0,0.0,0.0,1.5994,8.0,1.013,1.6408,1.8604,0.6988,1.021,1.5994,"[[3.115, 0.0], [5.97, -0.261], [8.54, -0.392], [11.11, -0.653], [13.965, -1.044], [17.391, -1.305]]",0.0,1.1252,1.3028,0.0,0.495,0.4827,4.0,0.0,ok,3.3617,0.0,0.0,0.0,0.0,0.0,0.0,0.0,0.0,0.0,234b0f37af694571876a745e5bbb5e08,scene-0015,44
1.7865,3.5168,6.1426,1.1569,2.338,3.3821,0.0,0.0,0.0,0.0,0.0,0.0,0.0,0.0,0.0,ok,straight,1.7865,5.2285,6.1482,1.1569,2.7659,3.6683,False,"[-0.2611, -0.2611, -0.0653, -0.0, -0.4569, -0.9138, -0.1305, -0.0]","[-318.1116, -1005.9707, -1054.686, -1706.275, -2797.8933, -3231.2877, -8380.7292, -47868.9217]","[0.8503, 0.7743, -1001054.3624, -1001705.9821, -1002797.6003, -1003230.9641, -1008380.4057, -1047868.6288]","[3.668, 3.811, 3.953, 5.968, 4.257, 4.553, 4.333, 5.049]",0.7062,0.0,0.0,0.0,0.0,0.0,0.0,0.0,0.0,0.0,3.6683,8.0,1.7865,5.2285,6.1482,1.1569,2.7659,3.6683,"[[3.686, 0.0], [7.969, -0.131], [12.537, -0.131], [16.82, -0.261], [18.819, -0.392], [21.96, -0.522]]",0.0,0.0,0.0,0.0,0.0,0.0,0.0,1.0,ok,5.9677,0.0,0.0,0.0,0.0,0.0,0.0,0.0,0.0,0.0,23e4bbcd10fe43e1982867dab19c79e8,scene-0015,44
0.5512,0.223,1.8815,0.4284,0.4175,0.7392,0.0,0.0,0.0,0.0,0.0,0.0,0.0,0.0,0.0,ok,straight,0.5512,3.2256,0.6048,0.4284,1.2301,1.3057,False,"[-0.0, -0.6527, -0.2611, -0.2611, -0.4569, -0.3264, -0.3264, -0.1958]","[-744.6969, -1243.633, -2367.3929, -4103.8905, -4993.8405, -68085.0906, -89897.2063, -104612.5563]","[-1000742.2107, -1001241.159, -1002364.9066, -1004101.4164, -1004991.3542, -1068082.6165, -1089894.7201, -1104610.0822]","[1.306, 1.634, 1.281, 1.328, 2.088, 3.425, 7.412, 4.557]",2.0393,0.0,0.0,0.0,0.0,0.0,0.0,0.0,0.0,0.0,1.2809,8.0,0.5512,3.2256,1.8815,0.4284,1.2301,1.2809,"[[2.258, 0.0], [4.542, -0.131], [5.399, -0.131], [5.399, 0.131], [8.825, -0.392], [13.394, 0.0]]",0.0,0.0,-1.2767,0.0,0.0,0.0248,1.0,0.0,ok,7.4116,0.0,0.0,0.0,0.0,0.0,0.0,0.0,0.0,0.0,b95702eac8684e80ab65303126cc1e58,scene-0015,44
0.9643,2.8163,4.1568,0.751,1.3378,2.1277,0.0,0.0,0.0,0.0,0.0,0.0,0.0,0.0,0.0,ok,straight,0.1275,4.8184,7.5884,0.1902,1.6269,3.368,False,"[-0.0, -0.0653, -0.3916, -0.0653, -0.1305, -0.5875, -0.1305, -0.3264]","[-580.5662, -686.3516, -878.856, -2924.8472, -4091.4984, -5915.9885, -11065.2816, -32105.1152]","[4.1404, 3.7423, 2.0016, -1002922.4996, -1004089.1939, -1005913.6409, -1011062.934, -1032102.8107]","[3.368, 1.989, 1.947, 2.511, 1.464, 1.59, 2.141, 3.694]",0.7556,0.0,0.0,0.0,0.0,0.0,0.0,0.0,0.0,0.0,1.4635,8.0,0.9643,1.6855,0.6976,0.751,0.8431,1.4635,"[[2.258, 0.0], [4.542, 0.0], [5.685, -0.131], [4.542, 0.0], [5.685, -0.131], [6.827, 0.0]]",-0.8368,3.1328,6.8908,-0.5608,0.7837,1.9045,6.0,0.0,ok,3.6939,0.0,0.0,0.0,0.0,0.0,0.0,0.0,0.0,0.0,cf753561271b4c40bef93a35bb0cf13f,scene-0015,44
0.223,1.3741,1.6776,0.1622,0.5543,0.8504,0.0,0.0,0.0,0.0,0.0,0.0,0.0,0.0,0.0,ok,left,0.3281,0.6131,3.6543,0.2148,0.3904,1.248,False,"[1.2402, 1.1749, 0.8486, 0.8486, 0.0653, 0.7833, -0.718, 1.436]","[-243.3345, -380.6922, -117.6352, -356.567, -840.5503, -1555.8864, -145331.9811, -217891.9495]","[3.9068, 3.8067, 3.3182, 3.309, -1000838.0094, -1001553.3517, -1145329.4463, -1217889.4148]","[1.248, 0.631, 0.741, 0.86, 0.971, 0.958, 11.097, 12.944]",4.8399,0.0,0.0,0.0,0.0,0.0,0.0,0.0,0.0,0.0,0.6308,8.0,0.3281,0.6131,1.0576,0.2148,0.3904,0.6308,"[[1.973, 0.0], [3.971, 0.261], [5.113, 0.0], [6.827, 0.522], [10.253, 1.044], [13.108, 2.48]]",0.0,0.0,2.5967,0.0,0.0,0.6173,5.0,0.0,ok,12.9444,0.0,0.0,0.0,0.0,0.0,0.0,0.0,0.0,0.0,fbd3aa2098234fb1869d34d920e16eda,scene-0016,44
0.9055,2.8646,5.0148,0.6246,1.451,2.5015,0.0,0.0,0.0,0.0,0.0,0.0,0.0,0.0,0.0,ok,straight,0.9055,3.1472,3.8952,0.6246,1.5921,2.3617,True,"[-0.1305, -0.3916, -0.3916, -0.4569, -1.7624, -0.8486, -0.9138, -0.3916]","[-53.958, -17.4547, -98.4407, -726.9942, -246.3569, -1352.9503, -6729.7876, -36669.855]","[4.2688, 3.7294, 3.7147, 3.5261, 0.8539, -1001350.2697, -1006727.0992, -1036667.1666]","[2.362, 2.501, 2.596, 3.542, 3.217, 3.112, 1.834, 3.116]",0.5215,0.0,0.0,0.0,0.0,0.0,0.0,0.0,0.0,0.0,1.8341,8.0,0.9055,3.1472,3.0289,0.6246,1.5921,1.8341,"[[2.544, 0.0], [5.113, -0.131], [7.398, -0.131], [9.682, -0.261], [12.537, -0.522], [16.535, 0.261]]",0.0,0.0,0.8663,0.0,0.0,0.5277,1.0,0.0,ok,3.5425,0.0,0.0,0.0,0.0,0.0,0.0,0.0,0.0,0.0,35eff3f6f5b84929a33c2bda269a266f,scene-0016,44
0.7083,1.7734,3.9678,0.6025,1.0175,1.7163,0.0,0.0,0.0,0.0,0.0,0.0,0.0,0.0,0.0,ok,straight,0.7083,1.7734,5.3853,0.6025,1.0175,2.2881,False,"[-0.0, -0.1305, -0.0653, -0.1305, -0.0653, -0.1305, -0.5222, -0.0]","[-243.3341, -123.1854, -2177.4096, -3324.1369, -3770.3591, -4219.4374, -8491.3939, -18138.858]","[3.023, 2.2107, -1002176.0947, -1003322.8219, -1003769.0423, -1004218.1224, -1008490.079, -1018137.5412]","[2.288, 1.671, 3.384, 1.914, 1.763, 2.336, 3.736, 2.239]",0.7042,0.0,0.0,0.0,0.0,0.0,0.0,0.0,0.0,0.0,1.6711,8.0,0.7083,1.7734,3.9678,0.6025,1.0175,1.6711,"[[4.257, 0.0], [8.54, -0.131], [12.537, -0.131], [16.82, -0.131], [22.816, -0.392], [27.385, 0.0]]",0.0,0.0,1.4174,0.0,0.0,0.617,4.0,0.0,ok,3.7363,0.0,0.0,0.0,0.0,0.0,0.0,0.0,0.0,0.0,a13c1966d657438094f1116fd27d2c1e,scene-0016,44
1.7234,2.6389,4.3469,1.188,1.6109,2.5516,0.0,0.0,1.0,0.0,0.0,1.0,0.0,0.0,0.3333333333333333,ok,straight,1.4433,2.6389,4.3469,1.3391,1.6081,2.419,True,"[-0.3916, -0.3916, -1.1749, -0.0653, -2.2846, -0.2611, -8.2899, -2.4152]","[-144.1434, -326.9324, -219.5192, -463.0936, -2704.5687, -9666.9984, -19465.4375, -21262.5638]","[3.204, 3.1461, 2.8889, -1000461.2731, -1002702.7844, -1009665.2141, -1019463.6531, -1021260.7433]","[2.419, 2.369, 2.526, 1.913, 3.5, 2.592, 5.287, 2.935]",0.9854,0.0,0.0,1.0,0.0,0.0,1.0,0.0,0.0,0.3333333333333333,1.9133,8.0,1.4433,2.6389,1.617,1.3391,1.6081,1.9133,"[[3.686, 0.131], [6.256, 0.131], [8.54, 0.131], [12.252, 0.392], [15.393, 0.783], [18.248, 0.783]]",0.0,0.0,2.7299,0.0,0.0,0.5057,2.0,0.0,ok,5.2874,0.0,0.0,0.0,0.0,0.0,0.0,0.0,0.0,0.0,40af6a4135e64e6496a3bde206fd5ed3,scene-0016,44
3.4083,4.6749,4.109,2.7218,3.6873,3.9807,0.0,0.0,0.0,0.0,0.0,0.0,0.0,0.0,0.0,ok,straight,3.4083,4.6749,4.1107,2.7218,3.6873,3.9334,True,"[-0.0, -0.0, -0.5222, -0.3916, -0.2611, -0.6527, -0.1958, -0.3264]","[-50.1034, -404.9064, -788.0523, -1612.4347, -2149.5844, -8854.6572, -27331.6074, -84845.416]","[4.2154, 4.1638, -1000785.765, -1001610.1861, -1002147.2971, -1008852.4085, -1027329.32, -1084843.1673]","[3.933, 3.792, 3.396, 4.228, 3.301, 3.632, 4.168, 9.565]",1.9386,0.0,0.0,0.0,0.0,0.0,0.0,0.0,0.0,0.0,3.3012,8.0,3.4083,4.6749,3.5952,2.7218,3.6873,3.3012,"[[3.686, 0.0], [7.398, 0.0], [11.11, 0.0], [15.393, 0.0], [19.104, 0.0], [23.387, 0.0]]",0.0,0.0,0.5155,0.0,0.0,0.6322,4.0,0.0,ok,9.5646,0.0,0.0,0.0,0.0,0.0,0.0,0.0,0.0,0.0,134c7f63827c4b858a2a4ce0582d8f6e,scene-0017,44
1.3803,2.9194,4.0718,1.0807,1.7717,2.4583,0.0,0.0,0.0,0.0,0.0,0.0,0.0,0.0,0.0,ok,straight,1.3803,2.9194,4.0718,1.0807,1.7717,2.4152,True,"[-0.1305, -0.1305, -0.2611, -0.3264, -1.436, -0.1305, -0.0653, -0.0653]","[-45.1671, -375.0286, -838.6149, -1609.396, -2376.8243, -30255.3152, -776256.6139, -800850.3545]","[1.8554, 1.8529, -1000837.7906, -1001608.5703, -1002376.0001, -1030254.4896, -1776255.7882, -1800849.5303]","[2.415, 2.162, 3.917, 3.35, 4.019, 4.331, 10.946, 10.417]",3.2489,0.0,0.0,0.0,0.0,0.0,0.0,0.0,0.0,0.0,2.162,8.0,1.3803,2.3937,4.0718,1.0807,1.3918,2.162,"[[4.257, 0.0], [8.54, -0.131], [12.537, -0.131], [16.82, -0.131], [20.532, -0.261], [24.815, -0.261]]",0.0,0.5257,0.0,0.0,0.3799,0.2533,1.0,0.0,ok,10.9462,0.0,0.0,0.0,0.0,0.0,0.0,0.0,0.0,0.0,6609fa8733f14987ab840f3467c609e3,scene-0017,44
0.056,0.7148,1.6736,0.1787,0.3148,0.6391,0.0,0.0,0.0,0.0,0.0,0.0,0.0,0.0,0.0,ok,straight,0.056,0.717,1.6736,0.1787,0.3153,0.6394,False,"[-0.0653, -0.0653, -0.2611, -0.9138, -0.1305, -0.2611, -8.2899, -0.0653]","[-27.6788, -272.5115, -340.2538, -496.2213, -2336.2788, -22293.8969, -44645.5482, -988588.3834]","[4.0575, 4.0338, 3.9603, 3.7155, -1002333.0758, -1022290.7168, -1044642.3452, -1988585.1804]","[0.639, 0.735, 1.216, 2.018, 0.94, 2.122, 4.719, 9.733]",2.9093,0.0,0.0,0.0,0.0,0.0,0.0,0.0,0.0,0.0,0.6394,8.0,0.056,0.717,1.6736,0.1787,0.3153,0.6394,"[[3.115, 0.0], [6.541, 0.0], [9.682, 0.0], [12.823, 0.131], [15.393, 0.131], [18.248, 0.131]]",0.0,0.0,0.0,0.0,0.0,0.0,0.0,1.0,ok,9.733,0.0,0.0,0.0,0.0,0.0,0.0,0.0,0.0,0.0,8b66733250b94940b0e7477c8b182512,scene-0017,44
1.2006,3.4938,4.9288,0.7742,1.7489,2.8115,0.0,0.0,0.0,0.0,0.0,0.0,0.0,0.0,0.0,ok,straight,1.2006,4.3158,3.1986,0.7742,1.917,2.5301,True,"[-0.3916, -0.8486, -0.8486, -1.6319, -1.9582, -0.2611, -2.9374, -2.7415]","[-1043.1483, -771.2169, -86.0117, -1165.5414, -1547.0634, -3026.0353, -6183.6328, -132975.3318]","[3.9691, 3.5012, 3.4419, -1001163.1473, -1001544.6693, -1003023.6412, -1006181.1636, -1132972.8626]","[2.53, 3.038, 2.973, 3.045, 3.51, 3.802, 4.334, 8.335]",1.7397,0.0,0.0,0.0,0.0,0.0,0.0,0.0,0.0,0.0,2.5301,8.0,1.2006,4.3158,3.1986,0.7742,1.917,2.5301,"[[1.116, 0.0], [2.544, 0.131], [3.4, -0.653], [6.256, -0.261], [6.256, -0.653], [5.113, 0.783]]",0.0,0.0,0.0,0.0,0.0,0.0,0.0,1.0,ok,8.3349,0.0,0.0,0.0,0.0,0.0,0.0,0.0,0.0,0.0,14684fc1b81a43888b992d553add01cf,scene-0017,44
1.0508,1.1263,0.5919,0.9489,1.038,1.0079,0.0,0.0,0.0,0.0,0.0,0.0,0.0,0.0,0.0,ok,straight,1.0508,1.1263,0.5919,0.9489,1.1842,1.1054,False,"[-0.5222, -0.718, -4.8956, -8.2899, -0.5222, -0.7833, -7.1802, -0.6527]","[-149.8596, -2809.5131, -17528.7276, -126136.6655, -885.2124, -6983.1641, -24247.469, -116010.0998]","[5.1885, -1002805.85, -1017525.0645, -1126133.0024, -2002537.2374, -2008635.1891, -2025899.494, -2117662.1248]","[1.105, 1.525, 3.45, 5.805, 1.349, 1.764, 4.408, 4.429]",1.6626,0.0,0.0,0.0,0.0,0.0,0.0,0.0,0.0,0.0,1.1054,8.0,1.0508,1.1263,0.5919,0.9489,1.1842,1.1054,"[[1.687, 0.0], [3.115, 0.131], [5.113, 0.522], [5.97, 0.522], [7.398, 0.783], [8.254, 1.044]]",0.0,0.0,0.0,0.0,0.0,0.0,0.0,1.0,ok,5.8052,0.0,0.0,1.0,0.0,0.0,1.0,0.0,0.0,0.16666666666666666,f0e4797551024f9487a016ee9d9e29e1,scene-0018,44
0.6834,0.4287,0.3555,0.6515,0.5917,0.5359,0.0,0.0,0.0,0.0,0.0,0.0,0.0,0.0,0.0,ok,left,1.4006,0.4039,0.3555,1.4357,0.9867,0.7992,False,"[1.2402, 1.2402, 2.1541, 1.1097, 8.2899, 1.3708, 0.3916, 8.2899]","[-200.0986, -554.2529, -2125.9324, -4265.4464, -5114.014, -5619.216, -8338.6647, -8453.0248]","[3.7495, 1.1794, -1002125.4422, -1004262.5046, -1005113.5238, -1005616.2742, -1008335.7229, -1008452.5346]","[0.799, 0.809, 1.222, 1.563, 3.575, 1.626, 2.289, 3.566]",1.0473,0.0,0.0,0.0,0.0,0.0,0.0,0.0,0.0,0.0,0.7992,8.0,1.4006,0.4039,0.3555,1.4357,0.9867,0.7992,"[[2.544, 0.131], [3.686, 0.783], [4.542, 0.653], [5.97, 1.044], [6.827, 1.697], [9.111, 2.48]]",0.0,0.0,0.0,0.0,0.0,0.0,0.0,1.0,ok,3.5749,0.0,0.0,1.0,0.0,0.0,1.0,0.0,0.0,0.3333333333333333,e8dd2a90a84142b2aa1c42126d3f135b,scene-0018,44
3.5946,8.5149,16.3319,2.6284,4.8943,7.8992,0.0,0.0,0.0,0.0,0.0,0.0,0.0,0.0,0.0,ok,straight,3.5946,8.799,16.3319,2.6284,4.9653,7.9466,False,"[-0.0653, -0.0653, -0.3264, -0.5875, -0.1305, -0.3264, -0.0, -0.3916]","[-166.442, -298.4835, -353.6756, -773.3422, -1077.0169, -2944.3472, -5501.2013, -90059.2535]","[4.3998, 3.5795, -1000350.6028, -1000770.2694, -1001074.7598, -1002941.2743, -1005498.9443, -1090056.9965]","[7.947, 8.233, 6.803, 9.106, 8.271, 9.258, 8.852, 9.013]",0.7586,0.0,0.0,0.0,0.0,0.0,0.0,0.0,0.0,0.0,6.8032,8.0,3.5946,8.799,10.0017,2.6284,4.9653,6.8032,"[[3.686, 0.0], [7.398, 0.0], [11.11, -0.131], [15.393, -0.131], [19.104, -0.131], [24.815, -0.131]]",0.0,0.0,6.3303,0.0,0.0,1.1434,1.0,0.0,ok,9.2581,0.0,0.0,0.0,0.0,0.0,0.0,0.0,0.0,0.0,9fbcde13d96b43a8aee0f76aee3bfc65,scene-0018,44
0.6232,0.5793,0.9539,0.4027,0.4682,0.5539,0.0,0.0,0.0,0.0,0.0,0.0,0.0,0.0,0.0,ok,right,0.296,0.5003,1.4707,0.2391,0.3667,0.6687,False,"[1.6971, 1.5666, 1.5666, 0.3916, 0.7833, 2.0888, 3.1985, -4.5692]","[-310.1466, -63.8805, -78.354, -71.9723, -1179.6035, -3166.7477, -27022.2071, -68582.1537]","[3.704, 3.6551, 2.8679, 2.3317, -1001177.6129, -1003163.9705, -1027019.43, -1068580.1632]","[0.669, 0.518, 0.573, 0.882, 1.144, 1.105, 3.033, 5.225]",1.5507,0.0,0.0,0.0,0.0,0.0,0.0,0.0,0.0,0.0,0.5182,8.0,0.296,0.5003,0.9539,0.2391,0.3667,0.5182,"[[1.116, 0.0], [2.544, -0.392], [3.686, -0.783], [5.113, -1.305], [5.399, -2.219], [7.969, -3.394]]",0.0,0.0,0.5168,0.0,0.0,0.1505,2.0,0.0,ok,5.2245,0.0,0.0,0.0,0.0,0.0,0.0,0.0,0.0,0.0,a6be1b51213443ba9991585f56a30c71,scene-0018,44
2.9256,4.8234,5.5089,2.233,3.3104,4.2538,0.0,0.0,0.0,0.0,0.0,0.0,0.0,0.0,0.0,ok,right,2.9256,6.0981,6.2376,2.233,4.062,4.7926,False,"[0.8486, 0.3264, 0.3264, -0.1305, 0.2611, 0.1958, 0.4569, -0.0]","[-595.4693, -963.4702, -269.0677, -257.6887, -2049.865, -4003.9124, -5582.5396, -78549.7092]","[4.9693, 3.0683, 2.9575, 1.3073, -1002047.3603, -1004001.5459, -1005580.0349, -1078547.3427]","[4.793, 5.149, 4.689, 5.286, 4.063, 3.415, 6.438, 8.913]",1.584,0.0,0.0,0.0,0.0,0.0,0.0,0.0,0.0,0.0,3.4151,8.0,2.9256,4.7916,3.4758,2.233,3.3725,3.4151,"[[4.542, 0.0], [9.111, -0.131], [12.252, 0.131], [17.391, -1.175], [22.816, -1.305], [27.956, -1.697]]",0.0,1.3065,2.7617,0.0,0.6894,1.3775,3.0,0.0,ok,8.9132,0.0,0.0,0.0,0.0,0.0,0.0,0.0,0.0,0.0,d62b0f9db06440c695781c52ed71909a,scene-0035,44
1.8471,3.7115,5.0151,1.3082,2.103,2.7403,0.0,0.0,0.0,0.0,0.0,0.0,0.0,0.0,0.0,ok,straight,2.4254,3.7115,5.0151,1.319,2.1084,2.7448,False,"[-0.8486, -0.8486, -1.0444, -0.5222, -2.4804, -0.3264, -0.718, -8.2899]","[-1584.06, -829.6468, -435.6827, -1908.3791, -2112.5148, -3170.9611, -13197.007, -19759.4997]","[4.0399, 3.4274, 3.4081, -1001906.049, -1002109.4589, -1003167.9052, -1013194.6768, -1019756.4437]","[2.745, 2.741, 2.837, 3.154, 2.407, 2.496, 3.224, 5.914]",1.063,0.0,0.0,0.0,0.0,0.0,0.0,0.0,0.0,0.0,2.4068,8.0,2.4254,3.7115,3.2171,1.319,2.1084,2.4068,"[[4.257, -0.131], [6.256, 0.0], [10.539, -0.392], [12.823, -0.783], [17.391, -1.044], [19.39, -1.697]]",0.0,0.0,1.798,0.0,0.0,0.338,3.0,0.0,ok,5.9138,0.0,0.0,0.0,0.0,0.0,0.0,0.0,0.0,0.0,d9d546a04a9a41d8984c39e7c53689b6,scene-0035,44
1.3924,3.2452,4.599,1.0367,2.0583,2.7465,0.0,0.0,0.0,0.0,0.0,0.0,0.0,0.0,0.0,ok,right,1.3924,3.2452,4.599,1.0367,2.0583,2.8403,False,"[0.9791, 0.9791, 0.3264, 0.1958, 1.436, 1.3055, 3.4596, 0.5875]","[-20.774, -254.2293, -367.1285, -1925.4129, -3012.6906, -13354.2697, -777123.7392, -861480.0017]","[1.3183, 1.3169, 0.6381, -1001924.4931, -1003011.7709, -1013353.3499, -1777122.8201, -1861479.0826]","[2.84, 2.65, 3.677, 2.821, 2.452, 2.863, 9.456, 10.311]",3.0564,0.0,0.0,0.0,0.0,0.0,0.0,0.0,0.0,0.0,2.4517,8.0,1.3924,3.2452,5.1157,1.0367,2.0583,2.4517,"[[4.257, -0.131], [8.54, -0.261], [12.537, -0.392], [16.82, -0.783], [21.103, -1.175], [25.957, -1.958]]",0.0,0.0,-0.5167,0.0,0.0,0.3885,3.0,0.0,ok,10.3108,0.0,0.0,0.0,0.0,0.0,0.0,0.0,0.0,0.0,3c4a042965874822affa98f7449566b6,scene-0035,44
4.8672,9.4457,14.8905,3.633,5.6804,8.3097,0.0,0.0,0.0,0.0,0.0,0.0,0.0,0.0,0.0,ok,straight,4.8672,10.0123,14.8905,3.633,5.9657,8.4999,False,"[-0.0653, -0.0653, -0.3264, -0.1305, -0.0653, -0.6527, -0.0653, -0.0653]","[-253.9509, -772.9429, -594.0886, -5768.6337, -6359.4686, -8056.0308, -21749.6468, -25245.0822]","[4.2236, 4.1668, 2.8664, -1005765.907, -1006356.742, -1008053.3041, -1021746.9206, -1025242.356]","[8.5, 8.072, 8.833, 7.077, 7.168, 6.007, 6.699, 14.257]",2.4098,0.0,0.0,0.0,0.0,0.0,0.0,0.0,0.0,0.0,6.0069,8.0,4.8672,8.0189,3.357,3.633,5.3236,6.0069,"[[3.686, 0.0], [7.398, 0.0], [11.966, -0.131], [14.822, 0.131], [18.248, -0.131], [21.96, -0.131]]",0.0,1.9934,11.5335,0.0,0.642,2.493,5.0,0.0,ok,14.257,0.0,0.0,0.0,0.0,0.0,0.0,0.0,0.0,0.0,5f15115414584a23bdc0d0982c46e264,scene-0035,44
2.0873,4.0219,7.1326,1.5462,2.5767,3.4491,0.0,0.0,0.0,0.0,0.0,0.0,0.0,0.0,0.0,ok,straight,2.0873,4.0219,7.1298,1.5462,2.5767,3.7811,False,"[-0.0653, -0.2611, -0.0653, -0.2611, -0.3264, -1.1749, -0.3264, -0.1305]","[-10.971, -63.521, -835.9556, -922.1094, -1149.6613, -2343.1036, -5692.2088, -15219.2559]","[4.952, 4.3584, 4.3187, 3.7181, 3.4767, -1002339.6058, -1005688.7111, -1015216.2205]","[3.781, 3.606, 3.544, 2.833, 3.228, 3.621, 3.524, 3.786]",0.2974,0.0,0.0,0.0,0.0,0.0,0.0,0.0,0.0,0.0,2.8328,8.0,0.6605,4.0219,4.5696,0.8362,2.2217,2.8328,"[[3.686, 0.0], [7.398, 0.0], [11.11, 0.0], [15.107, 0.0], [18.819, -0.131], [21.96, -0.131]]",1.4267,0.0,2.5602,0.71,0.355,0.9482,6.0,0.0,ok,3.7856,0.0,0.0,0.0,0.0,0.0,0.0,0.0,0.0,0.0,e1b5c775be134db696ce22413d195c72,scene-0036,44
5.3037,10.2522,15.6894,4.159,6.5304,9.2738,0.0,0.0,0.0,0.0,0.0,0.0,0.0,0.0,0.0,ok,straight,5.5893,10.2522,13.1208,4.5873,6.7446,8.5601,True,"[-0.0, -0.0653, -0.0653, -0.0, -0.0653, -0.1958, -0.0, -0.1958]","[-222.5955, -202.9034, -261.7, -617.3981, -979.2041, -3454.8113, -99676.5752, -213150.7609]","[3.8449, 2.9876, 2.9867, -1000615.06, -1000976.866, -1003452.4732, -1099674.2372, -1213148.423]","[8.56, 8.941, 9.083, 9.417, 8.703, 9.8, 10.797, 13.658]",1.5804,0.0,0.0,0.0,0.0,0.0,0.0,0.0,0.0,0.0,8.5601,8.0,5.5893,10.2522,13.1208,4.5873,6.7446,8.5601,"[[1.687, 0.0], [4.828, 0.0], [7.398, 0.0], [9.682, -0.131], [13.679, -0.131], [17.391, 0.0]]",0.0,0.0,0.0,0.0,0.0,0.0,0.0,1.0,ok,13.6583,0.0,0.0,0.0,0.0,0.0,0.0,0.0,0.0,0.0,125a63c9e5b14ebfb5839143c88e3a44,scene-0036,44
3.9006,8.3166,12.9641,3.1942,5.4439,7.5208,0.0,0.0,0.0,0.0,0.0,0.0,0.0,0.0,0.0,ok,straight,3.9006,8.3166,12.9641,3.1942,5.4439,7.5208,False,"[-0.0653, -0.0653, -0.0653, -0.0653, -0.1305, -8.2899, -0.5875, -0.0653]","[-195.9116, -501.9401, -2386.4379, -2946.3121, -6143.7656, -28748.0024, -48965.3835, -101092.2566]","[2.9707, -1000500.0861, -1002384.584, -1002942.7921, -1006140.2455, -1028744.4824, -1048963.5295, -1101088.7365]","[7.521, 7.711, 5.341, 8.377, 8.331, 9.398, 10.144, 11.256]",1.6849,0.0,0.0,0.0,0.0,0.0,0.0,0.0,0.0,0.0,5.3409,8.0,3.9006,8.3166,4.4533,3.1942,5.4439,5.3409,"[[3.115, 0.0], [6.256, 0.0], [8.54, 0.0], [12.252, -0.131], [15.107, -0.131], [17.391, -0.131]]",0.0,0.0,8.5109,0.0,0.0,2.1799,1.0,0.0,ok,11.2562,0.0,0.0,0.0,0.0,0.0,0.0,0.0,0.0,0.0,568a082ce58a4b4e81df3974e7ff34de,scene-0036,44
2.7967,3.687,6.7832,1.8537,2.5349,3.5299,0.0,0.0,0.0,0.0,0.0,0.0,0.0,0.0,0.0,ok,straight,1.0837,3.687,6.7832,0.8004,2.0083,3.1788,True,"[-0.0, -0.0, -0.718, -0.0, -0.2611, -0.0, -0.0653, -0.1305]","[-94.2762, -158.6797, -141.7624, -1259.9359, -1330.7187, -2295.804, -2688.5388, -783487.6113]","[3.739, 3.737, 0.6506, -1001257.2123, -1001327.9952, -1002293.0787, -1002685.8153, -1783484.886]","[3.179, 3.53, 3.209, 3.054, 3.58, 3.274, 2.984, 10.09]",2.2677,0.0,0.0,0.0,0.0,0.0,0.0,0.0,0.0,0.0,2.9844,8.0,2.7967,3.687,2.2155,1.8537,2.5349,2.9844,"[[5.113, 0.0], [9.111, 0.0], [12.537, 0.0], [16.82, 0.0], [20.818, 0.0], [23.387, 0.0]]",-1.713,0.0,4.5676,-1.0533,-0.5266,0.1944,2.0,0.0,ok,10.0901,0.0,0.0,0.0,0.0,0.0,0.0,0.0,0.0,0.0,63da0bd557fe4de0bd2b76c77e9f7fa3,scene-0036,44
0.6185,0.4639,0.6346,0.3367,0.4071,0.4068,0.0,0.0,0.0,0.0,0.0,0.0,0.0,0.0,0.0,ok,left,0.6185,0.318,1.201,0.3367,0.3706,0.4769,False,"[2.2846, 1.3708, 8.2899, 8.2899, 8.2899, 2.2846, -7.2455, 8.2899]","[-153.0732, -19438.2392, -30736.418, -200017.8175, -32738.9386, -32912.1734, -46875.3761, -96354.7358]","[1.4589, -1019437.4088, -1030735.5875, -1200016.987, -2039066.9348, -2039240.1696, -2053203.3723, -2102682.732]","[0.477, 2.966, 4.556, 5.806, 5.946, 1.793, 5.202, 5.022]",1.8773,0.0,0.0,0.0,0.0,0.0,0.0,0.0,0.0,0.0,0.4769,8.0,0.6185,0.318,1.201,0.3367,0.3706,0.4769,"[[2.544, 0.131], [4.542, 0.653], [7.398, 1.697], [11.11, 2.48], [13.679, 3.786], [15.393, 4.569]]",0.0,0.0,0.0,0.0,0.0,0.0,0.0,1.0,ok,5.9464,0.0,0.0,0.0,0.0,0.0,0.0,0.0,0.0,0.0,0f39f34febc84a6689f08599105d1421,scene-0038,44
1.7382,4.4915,6.0844,1.3345,2.5726,3.5919,0.0,0.0,0.0,0.0,0.0,0.0,0.0,0.0,0.0,ok,straight,1.7382,3.9209,7.7973,1.3345,2.2873,3.8299,False,"[-0.0653, -0.0653, -0.2611, -0.0, -0.1958, -0.1958, -0.0, -0.1305]","[-27.4368, -827.6626, -1868.0711, -2495.6476, -4738.8457, -5944.5231, -7896.0718, -10823.2922]","[4.6461, -1000825.8639, -1001865.1934, -1002492.7699, -1004737.0471, -1005941.6454, -1007894.2732, -1010821.4935]","[3.83, 3.544, 3.221, 2.655, 3.879, 2.29, 3.17, 2.729]",0.5378,0.0,0.0,0.0,0.0,0.0,0.0,0.0,0.0,0.0,2.2905,8.0,1.7382,3.9209,4.3724,1.3345,2.2873,2.2905,"[[3.115, 0.0], [6.541, 0.0], [9.682, 0.0], [12.823, 0.0], [15.393, -0.131], [18.248, -0.131]]",0.0,0.0,3.4249,0.0,0.0,1.5394,6.0,0.0,ok,3.8785,0.0,0.0,0.0,0.0,0.0,0.0,0.0,0.0,0.0,3f649706222f4d83aa0a8a1b687f29fa,scene-0038,44
3.4939,5.8767,9.6344,2.7655,4.2763,5.6171,0.0,0.0,0.0,0.0,0.0,0.0,0.0,0.0,0.0,ok,straight,3.4939,5.8767,9.0695,2.7655,4.2763,5.523,True,"[-0.0, -0.0, -0.0653, -0.0653, -0.8486, -0.2611, -0.0653, -0.1305]","[-180.1838, -763.1056, -583.1875, -6989.2146, -7408.781, -22982.0048, -708203.0436, -896036.5453]","[3.8712, 3.8689, 3.6228, -1006986.6123, -1007406.1788, -1022979.402, -1708200.4408, -1896033.9425]","[5.523, 5.951, 5.631, 5.805, 5.562, 5.218, 13.441, 11.011]",2.9334,0.0,0.0,0.0,0.0,0.0,0.0,0.0,0.0,0.0,5.2182,8.0,3.4939,5.8767,2.0355,2.7655,4.2763,5.2182,"[[3.115, 0.0], [6.256, 0.0], [8.54, 0.0], [12.252, 0.0], [15.393, 0.0], [17.391, 0.0]]",0.0,0.0,7.034,0.0,0.0,0.3048,1.0,0.0,ok,13.4415,0.0,0.0,0.0,0.0,0.0,0.0,0.0,0.0,0.0,e73a59216865449ab48d31a0880664aa,scene-0038,44
3.2224,5.6046,9.7583,2.4118,3.7463,5.4787,0.0,0.0,0.0,0.0,0.0,0.0,0.0,0.0,0.0,ok,right,3.2224,6.2319,9.9958,2.4118,3.9031,5.6228,False,"[1.5666, 1.5666, 2.4804, 1.6971, 2.4152, 2.2193, -8.2899, 1.5013]","[-19.5539, -483.0495, -1567.6386, -1692.5994, -2622.2213, -6069.7014, -69854.67, -252893.2241]","[3.8715, 3.7956, -1001564.5443, -1001689.5754, -1002619.127, -1006066.6071, -1069851.646, -1252890.2001]","[5.623, 6.197, 4.93, 5.922, 5.099, 4.604, 8.326, 7.7]",1.2436,0.0,0.0,0.0,0.0,0.0,0.0,0.0,0.0,0.0,4.6044,8.0,3.2224,6.2319,8.3921,2.4118,3.9031,4.6044,"[[2.544, -0.131], [5.113, -0.392], [7.969, -0.914], [10.539, -1.567], [12.823, -2.48], [15.393, -3.133]]",0.0,0.0,1.6037,0.0,0.0,1.0184,3.0,0.0,ok,8.3259,0.0,0.0,0.0,0.0,0.0,0.0,0.0,0.0,0.0,5bb77a2ff3d44094b691ba239cbab83a,scene-0038,44
2.2913,6.8789,12.0655,1.5664,3.6802,5.9924,0.0,0.0,0.0,0.0,0.0,0.0,0.0,0.0,0.0,ok,straight,2.2913,6.8789,12.0655,1.5664,3.6802,5.9924,False,"[-0.0653, -0.0653, -0.1958, -0.0653, -0.3264, -0.0653, -0.0653, -0.0653]","[-33.3991, -1170.9633, -1581.1809, -1845.1516, -5057.237, -6818.8464, -115276.8346, -331453.3526]","[3.7191, -1001169.1475, -1001578.5279, -1001843.3358, -1005055.4211, -1006817.0305, -1115274.1816, -1331450.6995]","[5.992, 5.14, 5.948, 5.997, 2.251, 3.488, 6.973, 8.077]",1.7404,0.0,0.0,0.0,0.0,0.0,0.0,0.0,0.0,0.0,2.2507,8.0,2.2913,4.0484,3.5796,1.5664,2.4023,2.2507,"[[2.829, 0.0], [5.399, 0.0], [7.398, -0.131], [9.968, -0.131], [12.537, -0.131], [14.822, -0.131]]",0.0,2.8305,8.4859,0.0,1.2779,3.7417,4.0,0.0,ok,8.0766,0.0,0.0,0.0,0.0,0.0,0.0,0.0,0.0,0.0,15c59626df6b4f96bb7ef7c5c1797159,scene-0039,44
2.6474,6.3513,9.1455,1.6816,3.1425,5.0577,0.0,0.0,0.0,0.0,0.0,0.0,0.0,0.0,0.0,ok,straight,2.6474,3.5996,1.7557,1.6816,2.6013,2.6161,True,"[-0.5222, -0.0, -0.0653, -0.0, -0.0653, -0.5875, -0.8486, -0.2611]","[-227.2486, -1203.5911, -1849.6463, -3115.3379, -4297.2884, -8269.3849, -8573.8763, -45989.0314]","[2.6122, -1001200.5774, -1001846.9058, -1003112.5975, -1004294.2747, -1008266.3712, -1008570.8626, -1045986.291]","[2.616, 5.153, 5.506, 4.792, 3.493, 4.986, 5.505, 5.843]",1.0422,0.0,0.0,0.0,0.0,0.0,0.0,0.0,0.0,0.0,2.6161,8.0,2.6474,3.5996,1.7557,1.6816,2.6013,2.6161,"[[4.257, 0.0], [8.54, 0.0], [13.394, 0.261], [19.676, 0.783], [25.957, 0.522], [34.238, 1.044]]",0.0,0.0,0.0,0.0,0.0,0.0,0.0,1.0,ok,5.8431,0.0,0.0,0.0,0.0,0.0,0.0,0.0,0.0,0.0,821df5bcd0744d7280b23e6284fb8396,scene-0039,44
4.8796,9.4457,13.0635,3.7553,6.0065,8.1272,0.0,0.0,0.0,0.0,0.0,0.0,0.0,0.0,0.0,ok,straight,3.1665,8.3037,13.0635,1.8994,4.6502,7.2231,True,"[-0.1305, -0.0653, -0.1305, -0.2611, -0.1958, -4.504, -0.0653, -0.0]","[-530.8039, -58.3527, -499.0553, -741.9473, -2545.8419, -4746.5018, -12790.0417, -44931.152]","[3.7699, 3.451, 3.3754, -1000739.0926, -1002542.9872, -1004744.0438, -1012787.5837, -1044928.2973]","[7.223, 7.366, 7.937, 6.987, 8.319, 7.959, 6.058, 8.486]",0.7472,0.0,0.0,0.0,0.0,0.0,0.0,0.0,0.0,0.0,6.0582,8.0,4.8796,8.3036,2.6465,3.7553,5.7209,6.0582,"[[5.113, 0.0], [8.254, 0.0], [10.539, -0.131], [14.25, 0.0], [16.249, -0.131], [19.961, -0.261]]",-1.7131,0.0001,10.4169,-1.8559,-1.0707,1.1649,2.0,0.0,ok,8.4857,0.0,0.0,0.0,0.0,0.0,0.0,0.0,0.0,0.0,eb0676ccc9bd45149ae65119cb8d5e7b,scene-0039,44
0.1046,2.0407,5.5753,0.074,0.9559,2.0026,0.0,0.0,0.0,0.0,0.0,0.0,0.0,0.0,0.0,ok,straight,0.1046,2.0407,5.5753,0.074,0.9559,1.9555,True,"[-0.3916, -0.3916, -0.3264, -8.2899, -0.6527, -2.2193, -2.2846, -8.2899]","[-403.8362, -769.1514, -1535.3044, -15833.1675, -121668.8984, -123779.1333, -165553.5664, -753850.9881]","[3.9697, 3.9507, -1001532.7376, -1015830.5833, -1121666.3316, -1123776.5491, -1165550.9821, -1753848.4213]","[1.956, 2.24, 2.15, 3.943, 4.084, 4.763, 5.249, 11.801]",2.9899,0.0,0.0,0.0,0.0,0.0,0.0,0.0,0.0,0.0,1.9555,8.0,0.1046,2.0407,5.5753,0.074,0.9559,1.9555,"[[4.257, 0.0], [8.54, 0.131], [13.965, 0.131], [18.248, 0.392], [22.245, 0.783], [29.098, 0.783]]",0.0,0.0,0.0,0.0,0.0,0.0,0.0,1.0,ok,11.8009,0.0,0.0,0.0,0.0,0.0,0.0,0.0,0.0,0.0,f69afa3eed11447eb559f49c325f02d7,scene-0039,44
1.8453,4.6725,6.8207,1.3201,2.7658,3.9185,0.0,0.0,0.0,0.0,0.0,0.0,0.0,0.0,0.0,ok,straight,1.8453,4.958,6.8207,1.3201,2.8372,3.9661,False,"[-0.0653, -0.1305, -0.0653, -0.0653, -5.1567, -0.0653, -2.3499, -0.2611]","[-21.9803, -678.8554, -1265.1443, -1477.6553, -5308.9221, -6290.0023, -144460.6622, -573803.3024]","[3.8873, -1000676.0078, -1001262.3449, -1001474.8558, -1005306.0744, -1006287.2029, -1144457.8145, -1573800.503]","[3.966, 4.066, 4.301, 4.317, 4.602, 4.64, 5.784, 13.534]",3.0256,0.0,0.0,0.0,0.0,0.0,0.0,0.0,0.0,0.0,3.9661,8.0,1.8453,4.958,6.8207,1.3201,2.8372,3.9661,"[[4.542, 0.0], [9.396, 0.0], [14.25, -0.131], [19.104, -0.131], [23.387, -0.131], [27.956, -0.131]]",0.0,0.0,0.0,0.0,0.0,0.0,0.0,1.0,ok,13.534,0.0,0.0,0.0,0.0,0.0,0.0,0.0,0.0,0.0,8e46878ced734164aae0e83567aa02a5,scene-0092,44
1.0521,1.813,2.2309,0.7773,1.1765,1.4966,0.0,0.0,0.0,0.0,0.0,0.0,0.0,0.0,0.0,ok,straight,1.0521,1.813,2.2309,0.7773,1.1765,1.4966,False,"[-0.1305, -0.1305, -0.0653, -0.1958, -3.9818, -0.0653, -0.0653, -0.0653]","[-16.3221, -1724.1358, -1746.4786, -2054.7298, -101251.4541, -112070.2062, -112252.178, -841231.8169]","[2.9075, -1001721.0217, -1001744.4753, -1002051.6156, -1101249.4508, -1112067.0921, -1112250.1748, -1841228.7028]","[1.497, 1.304, 1.12, 1.592, 9.265, 8.499, 4.689, 10.06]",3.6784,0.0,0.0,0.0,0.0,0.0,0.0,0.0,0.0,0.0,1.1197,8.0,1.0521,1.813,0.6276,0.7773,1.1765,1.1197,"[[4.257, 0.0], [8.54, 0.0], [12.537, -0.131], [16.82, -0.131], [20.818, -0.131], [24.815, -0.261]]",0.0,0.0,1.6033,0.0,0.0,0.3769,2.0,0.0,ok,10.0598,0.0,0.0,0.0,0.0,0.0,0.0,0.0,0.0,0.0,0b47858110f442afa33226467f596df7,scene-0092,44
0.922,1.8243,2.6958,0.6953,1.1584,1.5398,0.0,0.0,0.0,0.0,0.0,0.0,0.0,0.0,0.0,ok,straight,0.922,1.8243,2.6958,0.6953,1.1581,1.5396,True,"[-0.0653, -0.1305, -0.1958, -0.1305, -0.0653, -0.0653, -0.0, -0.1305]","[-43.8336, -99.2674, -424.4775, -4480.5219, -4804.5741, -5211.6238, -17645.7468, -19294.3955]","[3.5016, 2.3392, 1.7798, -1004478.4929, -1004801.9048, -1005209.5949, -1017643.0774, -1019291.7261]","[1.54, 2.636, 4.397, 1.535, 2.35, 1.855, 4.967, 4.872]",1.3904,0.0,0.0,0.0,0.0,0.0,0.0,0.0,0.0,0.0,1.5348,8.0,0.922,1.8243,2.9882,0.6953,1.1581,1.5348,"[[4.257, 0.0], [8.54, 0.0], [12.537, 0.0], [16.82, -0.131], [20.532, -0.131], [24.815, -0.131]]",0.0,0.0,-0.2924,0.0,0.0,0.0048,1.0,0.0,ok,4.9668,0.0,0.0,0.0,0.0,0.0,0.0,0.0,0.0,0.0,47d74378d3e04fa6bb3132928c0f9fa4,scene-0092,44
1.7691,2.1335,1.7668,1.5358,1.7728,1.8162,0.0,0.0,0.0,0.0,0.0,0.0,0.0,0.0,0.0,ok,straight,1.7691,2.1335,1.7668,1.5358,1.7728,1.8162,False,"[-0.1305, -0.1305, -0.1305, -0.1305, -0.1305, -0.3264, -0.6527, -0.3264]","[-16.0343, -3972.0363, -168071.6622, -786278.9825, -2474.8283, -3460.0839, -4359.5406, -23220.5083]","[1.4182, -1003971.7552, -1168071.3811, -1786278.7014, -2005919.2509, -2006904.5065, -2007803.9631, -2026664.9309]","[1.816, 2.461, 9.274, 10.239, 2.483, 2.644, 2.723, 4.058]",3.1215,0.0,0.0,0.0,0.0,0.0,0.0,0.0,0.0,0.0,1.8162,8.0,1.7691,2.1335,1.7668,1.5358,1.7728,1.8162,"[[4.257, 0.0], [8.54, -0.131], [12.537, -0.131], [16.82, -0.131], [20.818, -0.131], [24.815, -0.261]]",0.0,0.0,0.0,0.0,0.0,0.0,0.0,1.0,ok,10.2392,0.0,0.0,0.0,0.0,0.0,0.0,0.0,0.0,0.0,a9e6b3566fcd4effb8847e22a2a4577e,scene-0092,44
2.1746,3.6293,6.6966,1.7768,2.4512,3.5741,0.0,0.0,0.0,0.0,0.0,0.0,0.0,0.0,0.0,ok,right,2.1746,1.9604,3.9131,1.7775,1.7469,2.4763,True,"[0.3264, 0.1305, -0.1305, 0.1305, -0.6527, 0.3264, -0.0653, -0.0]","[-455.257, -963.5878, -1380.5556, -1917.7193, -2414.2546, -4150.2475, -8074.8285, -1108115.2403]","[3.1703, -1000961.8822, -1001378.1582, -1001915.3219, -1002412.549, -1004147.8501, -1008072.4311, -2108113.5347]","[2.476, 3.194, 3.028, 3.153, 3.123, 2.366, 4.309, 11.066]",2.6934,0.0,0.0,0.0,0.0,0.0,0.0,0.0,0.0,0.0,2.3661,8.0,2.1746,1.388,2.9319,1.7768,1.6852,2.3661,"[[1.687, -0.131], [3.686, 0.0], [7.112, -0.261], [9.396, -0.261], [10.253, -0.131], [13.394, -0.653]]",0.0,0.5724,0.9812,0.0007,0.0618,0.1102,1.0,0.0,ok,11.0661,0.0,0.0,0.0,0.0,0.0,0.0,0.0,0.0,0.0,6e0955c28ecb405b98d91b089761dbbb,scene-0093,44
0.9095,0.3214,1.6055,0.8889,0.731,0.8238,0.0,0.0,0.0,0.0,0.0,0.0,0.0,0.0,0.0,ok,straight,0.9095,1.4305,1.2927,0.8889,0.9096,0.8777,False,"[-0.5875, -0.5875, -2.6763, -0.1958, -0.7833, -0.8486, -1.9582, -1.1749]","[-790.6508, -84.5541, -2302.102, -2476.6421, -2608.0977, -22025.7367, -26587.4439, -930054.269]","[3.4327, 3.388, -1002299.7394, -1002474.3265, -1002605.7352, -1022023.4211, -1026585.0813, -1930051.9535]","[0.878, 0.759, 2.101, 1.525, 1.472, 2.792, 2.764, 9.418]",2.6334,0.0,0.0,0.0,0.0,0.0,0.0,0.0,0.0,0.0,0.7587,8.0,0.9095,0.3214,1.2927,0.8889,0.731,0.7587,"[[3.686, -0.131], [7.398, -0.131], [10.539, -0.131], [15.678, -0.261], [18.248, -1.044], [21.674, -1.175]]",0.0,1.1091,0.0,0.0,0.1785,0.119,1.0,0.0,ok,9.418,0.0,0.0,0.0,0.0,0.0,0.0,0.0,0.0,0.0,7a903ae4cbb0466093fc117258a31efc,scene-0093,44
0.8541,2.7897,4.6988,0.8148,1.4212,2.2959,0.0,0.0,0.0,0.0,0.0,0.0,0.0,0.0,0.0,ok,straight,0.8541,2.7897,4.6988,0.8148,1.4212,2.3425,False,"[-0.1305, -0.1305, -0.1958, -0.2611, -0.0653, -0.1958, -0.0653, -0.1958]","[-55.092, -72.1135, -1074.2246, -3842.1552, -4792.8428, -21866.191, -92038.0235, -98746.8382]","[3.0645, 3.0639, -1001072.2387, -1003840.1695, -1004790.857, -1021864.2053, -1092036.0379, -1098744.8524]","[2.343, 2.136, 2.535, 2.659, 1.609, 4.088, 3.727, 4.087]",0.8843,0.0,0.0,0.0,0.0,0.0,0.0,0.0,0.0,0.0,1.6087,8.0,0.8541,2.7897,3.3196,0.8148,1.4212,1.6087,"[[4.257, 0.0], [8.254, -0.131], [12.537, -0.131], [16.249, -0.131], [20.532, -0.261], [24.53, -0.261]]",0.0,0.0,1.3792,0.0,0.0,0.7338,2.0,0.0,ok,4.0875,0.0,0.0,0.0,0.0,0.0,0.0,0.0,0.0,0.0,349fc724f9d84aeca8afe4af49d05986,scene-0093,44
7.6537,14.4375,22.1082,5.8229,9.1683,12.8876,0.0,0.0,0.0,0.0,0.0,0.0,0.0,0.0,0.0,ok,straight,7.6537,14.152,22.1082,5.8229,9.0969,12.7449,True,"[-0.0653, -0.0653, -0.0653, -0.1305, -0.1305, -0.0653, -0.3916, -0.0653]","[-5.4719, -95.9596, -367.2546, -61.4228, -468.1885, -618.0486, -1042.0725, -6289.5447]","[3.9053, 3.8596, 3.7003, 3.258, -1000465.4092, -1000615.2469, -1001039.2932, -1006286.7654]","[12.745, 12.793, 13.078, 12.65, 12.127, 13.411, 12.461, 12.508]",0.3677,0.0,0.0,0.0,0.0,0.0,0.0,0.0,0.0,0.0,12.1265,8.0,7.6537,15.5796,17.5391,5.8229,9.5968,12.1265,"[[2.258, 0.0], [4.257, 0.0], [5.97, -0.131], [7.683, -0.131], [9.111, -0.131], [10.253, -0.131]]",0.0,-1.4276,4.5691,0.0,-0.4999,0.6184,4.0,0.0,ok,13.4113,0.0,0.0,0.0,0.0,0.0,0.0,0.0,0.0,0.0,11514e9bc4184a1f8bcdc1fe7aafad2d,scene-0093,44
2.1254,2.9421,4.8582,1.6162,2.3435,3.0043,0.0,0.0,0.0,0.0,0.0,0.0,0.0,0.0,0.0,ok,straight,2.1254,3.5132,5.4292,1.6162,2.4863,3.2422,False,"[-0.1305, -0.1305, -0.1305, -0.2611, -0.6527, -0.0653, -0.1305, -0.8486]","[-51.7758, -132.5481, -1018.5201, -4015.4343, -10945.3481, -38840.6602, -747567.8467, -790404.5791]","[3.4892, 3.4845, -1001016.2328, -1004013.147, -1010943.0608, -1038838.3774, -1747565.5639, -1790402.2963]","[3.242, 3.005, 2.06, 3.25, 3.581, 8.928, 9.258, 9.299]",2.9994,0.0,0.0,0.0,0.0,0.0,0.0,0.0,0.0,0.0,2.0595,8.0,2.1254,3.5132,1.1463,1.6162,2.4863,2.0595,"[[4.257, 0.0], [8.54, -0.131], [12.537, -0.131], [16.249, -0.131], [20.532, -0.131], [23.958, -0.261]]",0.0,0.0,4.2829,0.0,0.0,1.1827,2.0,0.0,ok,9.2985,0.0,0.0,0.0,0.0,0.0,0.0,0.0,0.0,0.0,19ffc60b7e9f429cbca0dbd5e2fc2e03,scene-0094,44
0.6963,1.4234,2.9609,0.5331,0.9261,1.4786,0.0,0.0,0.0,0.0,0.0,0.0,0.0,0.0,0.0,ok,straight,0.6963,1.9944,0.6063,0.5331,1.0689,0.9902,True,"[-0.1305, -0.1305, -0.1958, -1.7624, -0.5222, -0.1305, -0.1958, -0.0653]","[-47.5251, -62.0939, -286.0694, -8076.7962, -3488.513, -12507.7588, -16839.2827, -27707.1367]","[3.3649, 3.3634, 3.2171, -1008074.8439, -2005016.0582, -2014035.304, -2018366.828, -2029234.6819]","[0.99, 1.195, 1.554, 1.912, 1.907, 1.461, 2.32, 2.033]",0.4206,0.0,0.0,0.0,0.0,0.0,0.0,0.0,0.0,0.0,0.9902,8.0,0.6963,1.9944,0.6063,0.5331,1.0689,0.9902,"[[4.257, 0.0], [8.54, -0.131], [12.537, -0.131], [16.249, -0.131], [21.103, -0.131], [26.814, 0.261]]",0.0,0.0,0.0,0.0,0.0,0.0,0.0,1.0,ok,2.3204,0.0,0.0,0.0,0.0,0.0,0.0,0.0,0.0,0.0,ac22e12d11f84b6a98faa260bdaa64ff,scene-0094,44
0.7688,2.134,6.3582,0.5725,1.2316,2.4858,0.0,0.0,0.0,0.0,0.0,0.0,0.0,0.0,0.0,ok,straight,0.7688,2.134,5.2164,0.5725,1.2316,2.2955,True,"[-0.1305, -0.1305, -0.1958, -0.0653, -0.4569, -0.0, -0.0, -0.1305]","[-54.9364, -121.1706, -181.0396, -1801.6294, -3836.1236, -5273.2822, -16055.7395, -124878.5426]","[3.0419, 3.0401, 2.5598, -1001799.1181, -1003833.6123, -1005270.7709, -1016053.228, -1124876.0311]","[2.295, 2.391, 3.012, 1.867, 3.349, 2.085, 3.2, 10.15]",2.5471,0.0,0.0,0.0,0.0,0.0,0.0,0.0,0.0,0.0,1.8672,8.0,0.7688,2.134,1.2171,0.8577,1.3743,1.8672,"[[3.686, 0.0], [7.398, -0.131], [11.11, -0.131], [14.25, -0.131], [18.248, -0.131], [22.245, -0.261]]",0.0,0.0,3.9993,-0.2853,-0.1426,0.4282,2.0,0.0,ok,10.1495,0.0,0.0,0.0,0.0,0.0,0.0,0.0,0.0,0.0,894616d89edf41b8bbfd542a150e8fbd,scene-0094,44
1.9936,4.6293,6.9178,1.5077,2.8405,3.9973,0.0,0.0,0.0,0.0,0.0,0.0,0.0,0.0,0.0,ok,straight,1.9936,4.6293,6.9178,1.5077,2.8405,3.9973,False,"[-0.0, -0.0, -0.0653, -0.1305, -0.0, -0.1305, -0.3916, -0.3264]","[-58.9952, -505.2967, -166.5803, -110.1557, -562.0951, -617.3215, -2497.9088, -3097.1498]","[3.7326, 3.3247, 3.1754, 2.7681, -1000560.0962, -1000615.3226, -1002495.9099, -1003095.1509]","[3.997, 4.285, 4.475, 3.903, 3.522, 4.664, 4.719, 4.912]",0.4427,0.0,0.0,0.0,0.0,0.0,0.0,0.0,0.0,0.0,3.5215,8.0,1.9936,4.6293,3.7773,1.5077,2.8405,3.5215,"[[2.258, 0.0], [4.257, 0.0], [6.827, 0.0], [8.54, 0.0], [10.253, 0.0], [11.966, 0.0]]",0.0,0.0,3.1406,0.0,0.0,0.4758,2.0,0.0,ok,4.9117,0.0,0.0,1.0,0.0,0.0,1.0,0.0,0.0,0.16666666666666666,5e75205506604b6a992c08ce91a92d22,scene-0094,44
1.1161,2.5437,3.4003,0.6878,1.4016,1.9251,0.0,0.0,0.0,0.0,0.0,0.0,0.0,0.0,0.0,ok,straight,1.1161,2.5437,3.4003,0.9733,1.5444,2.0203,False,"[-0.0, -0.0, -0.0, -0.0653, -0.0653, -0.1958, -0.9138]","[-85.0361, -48.1161, -91.8715, -42.7717, -76.8085, -23.5111, -11681.1791]","[3.5149, 3.4898, 3.479, 3.313, 3.3047, 2.8933, -1011678.6768]","[2.02, 1.784, 1.925, 2.687, 2.211, 2.594, 4.036]",0.7122,0.0,0.0,0.0,0.0,0.0,0.0,0.0,0.0,0.0,1.7843,7.0,1.1161,2.5437,2.2582,0.6878,1.4016,1.7843,"[[0.831, 0.0], [1.116, 0.0], [1.687, 0.0], [2.544, 0.0], [2.544, 0.0], [3.4, 0.0]]",0.0,0.0,1.1421,0.2855,0.1428,0.2359,2.0,0.0,ok,4.0358,0.0,1.0,1.0,0.0,1.0,1.0,0.0,0.5,0.6666666666666666,78be3bd5f1f146cdb1b7120bbf8a218c,scene-0095,44
1.1161,2.5437,3.4003,0.6878,1.4016,2.0678,0.0,0.0,0.0,0.0,0.0,0.0,0.0,0.0,0.0,ok,straight,1.1161,2.5437,3.4003,0.6878,1.4016,2.0678,False,"[-0.0, -0.0, -0.0, -0.0, -0.2611, -0.0, -0.1958, -0.0653]","[-34.7372, -143.7651, -174.8107, -274.1751, -77.0828, -397.6255, -596.773, -2504.5667]","[3.7656, 3.3356, 3.2951, 3.1656, 1.0437, -1000395.1659, -1000594.3135, -1002502.3952]","[2.068, 2.068, 1.973, 2.02, 2.642, 2.782, 2.22, 1.783]",0.3216,0.0,0.0,0.0,0.0,0.0,0.0,0.0,0.0,0.0,1.7827,8.0,1.1161,2.8293,4.2589,0.6878,1.4016,1.7827,"[[0.259, 0.0], [1.116, 0.0], [1.687, 0.0], [2.544, 0.0], [3.4, 0.0], [3.4, 0.0]]",0.0,-0.2855,-0.8586,0.0,0.0,0.2852,3.0,0.0,ok,2.7817,0.0,1.0,1.0,0.0,1.0,1.0,0.0,0.5,0.6666666666666666,ff98be19bcf9436cad14f28ff63cb501,scene-0095,44
1.6871,3.1148,3.6858,1.2588,1.9727,2.4961,0.0,0.0,0.0,0.0,0.0,0.0,0.0,0.0,0.0,ok,straight,1.6871,2.8293,3.6858,1.2588,1.9013,2.4486,True,"[-0.0, -0.0, -0.0, -0.0653, -0.0653, -0.0653, -0.1305, -0.718]","[-4.686, -123.7197, -456.7462, -11.3291, -219.1025, -773.6867, -239.9738, -8312.7035]","[2.9873, 2.925, 2.8004, 2.6962, 2.6184, 2.3932, 2.3042, -1008310.766]","[2.449, 3.543, 2.877, 2.83, 2.925, 3.115, 3.069, 4.885]",0.6949,0.0,0.0,0.0,0.0,0.0,0.0,0.0,0.0,0.0,2.4486,8.0,1.6871,2.8293,3.6858,1.2588,1.9013,2.4486,"[[0.831, 0.0], [1.687, 0.0], [2.258, 0.0], [2.829, 0.0], [3.4, 0.0], [3.686, 0.0]]",0.0,0.0,0.0,0.0,0.0,0.0,0.0,1.0,ok,4.8851,0.0,1.0,1.0,0.0,1.0,1.0,0.0,0.5,0.6666666666666666,4b6fcdc1549847c395d07fefcbdc16eb,scene-0095,44
1.1161,2.5394,3.4139,0.9733,1.6147,2.1828,0.0,0.0,0.0,0.0,0.0,0.0,0.0,0.0,0.0,ok,straight,1.1161,2.5394,2.8428,0.9733,1.6147,2.0877,True,"[-0.0, -0.0, -0.1958, -0.1305, -0.0653, -0.0, -0.0, -8.2899]","[-62.6227, -692.4866, -655.0489, -806.573, -1143.8083, -1413.94, -1436.3227, -15634.4923]","[3.5787, 3.3721, -1000652.4136, -1000804.0156, -1001141.2509, -1001411.3826, -1001433.6874, -1015631.8569]","[2.088, 2.278, 2.946, 2.138, 2.096, 2.14, 3.706, 4.074]",0.7505,0.0,0.0,0.0,0.0,0.0,0.0,0.0,0.0,0.0,2.0877,8.0,1.1161,2.5394,2.8428,0.9733,1.6147,2.0877,"[[0.831, 0.0], [1.116, 0.0], [1.973, 0.0], [2.544, 0.0], [3.4, 0.0], [3.4, 0.0]]",0.0,0.0,0.0,0.0,0.0,0.0,0.0,1.0,ok,4.0741,0.0,0.0,0.0,0.0,0.0,0.0,0.0,0.0,0.0,65c8d9839556423b87a4edffb70b434a,scene-0095,44
1.1382,0.1038,2.4227,0.7781,0.6698,0.8859,0.0,0.0,0.0,0.0,0.0,0.0,0.0,0.0,0.0,ok,straight,1.1382,0.596,0.207,0.7781,0.7241,0.683,True,"[-0.0, -0.0, -0.0653, -0.0653, -0.1305, -0.2611, -0.0653, -0.0653]","[-113.0739, -426.4839, -120.9667, -563.8682, -1207.7352, -1234.6005, -29904.516, -173322.8528]","[3.2301, 3.2246, 2.3988, 2.3881, -1001206.0001, -1001232.8654, -1029902.7808, -1173321.1206]","[0.683, 0.639, 0.899, 0.904, 1.013, 2.251, 7.721, 10.25]",3.5195,0.0,0.0,0.0,0.0,0.0,0.0,0.0,0.0,0.0,0.639,8.0,1.1382,0.596,0.7243,0.7781,0.7241,0.639,"[[1.687, 0.0], [3.686, 0.0], [5.113, -0.131], [5.97, -0.131], [7.969, -0.392], [11.681, 0.0]]",0.0,0.0,-0.5173,0.0,0.0,0.044,1.0,0.0,ok,10.2498,0.0,0.0,0.0,0.0,0.0,0.0,0.0,0.0,0.0,f9475d1f1f96401c81ce511a93578a96,scene-0096,44
3.6592,8.3942,14.3307,2.7856,5.0167,7.5915,0.0,0.0,0.0,0.0,0.0,0.0,0.0,0.0,0.0,ok,straight,3.6592,8.3942,14.0458,2.7856,5.0167,7.544,True,"[-0.0, -0.0, -0.2611, -0.0653, -0.2611, -0.0653, -0.0653, -0.5222]","[-16.2355, -218.9224, -847.6363, -856.1308, -1710.3491, -2558.491, -3224.1783, -5365.8072]","[4.9405, 4.2723, -1000845.2455, -1000853.1919, -1001707.9583, -1002555.5521, -1003221.7875, -1005362.8683]","[7.544, 7.447, 7.397, 7.642, 6.588, 6.27, 7.021, 6.127]",0.5624,0.0,0.0,0.0,0.0,0.0,0.0,0.0,0.0,0.0,6.1275,8.0,3.6592,8.3942,4.9835,2.7856,5.0167,6.1275,"[[1.687, 0.0], [3.686, 0.0], [5.97, 0.0], [7.683, 0.0], [9.111, 0.0], [10.539, 0.0]]",0.0,0.0,9.0622,0.0,0.0,1.4165,6.0,0.0,ok,7.6422,0.0,0.0,0.0,0.0,0.0,0.0,0.0,0.0,0.0,d8ff67e7cda741f0ac2d7525dd26d208,scene-0096,44
3.1539,6.7475,10.1029,2.4237,4.1549,6.0008,0.0,0.0,0.0,0.0,0.0,0.0,0.0,0.0,0.0,ok,straight,3.1539,6.7475,10.1029,2.4237,4.2262,5.9057,True,"[-0.0, -0.0653, -0.1305, -0.0, -0.0653, -0.2611, -0.1958, -0.0653]","[-71.452, -1219.4458, -2752.5337, -2777.5814, -4458.7553, -7793.7559, -10756.3261, -15525.8747]","[4.4991, -1001217.2086, -1002750.3032, -1002775.3509, -1004456.5182, -1007791.5188, -1010754.0956, -1015523.6442]","[5.906, 5.858, 4.956, 4.717, 6.287, 5.106, 5.713, 6.476]",0.5962,0.0,0.0,0.0,0.0,0.0,0.0,0.0,0.0,0.0,4.7172,8.0,3.1539,2.7599,10.1029,2.4237,2.4434,4.7172,"[[3.115, 0.0], [6.541, 0.0], [9.111, 0.0], [12.252, 0.0], [15.107, 0.0], [17.962, 0.0]]",0.0,3.9876,0.0,0.0,1.7828,1.1885,5.0,0.0,ok,6.4758,0.0,0.0,0.0,0.0,0.0,0.0,0.0,0.0,0.0,9be682790a634b91b334b633fa43010a,scene-0096,44
1.1597,1.4542,2.2829,1.0018,1.1789,1.3765,0.0,0.0,0.0,0.0,0.0,0.0,0.0,0.0,0.0,ok,straight,1.1597,1.4542,2.2829,1.0018,1.1789,1.3765,False,"[-0.0653, -0.3264, -0.0653, -0.3916, -0.6527, -0.0653, -0.5875, -8.2899]","[-103.3267, -247.8504, -827.269, -3861.8564, -3502.0403, -3976.6622, -12647.5413, -20026.0727]","[3.8961, -1000245.2617, -1000824.6802, -1003859.2677, -2005132.8387, -2005607.4605, -2014278.3396, -2021656.871]","[1.376, 2.669, 1.88, 2.017, 1.974, 1.511, 2.834, 4.175]",0.8496,0.0,0.0,0.0,0.0,0.0,0.0,0.0,0.0,0.0,1.3765,8.0,1.1597,1.4542,2.2829,1.0018,1.1789,1.3765,"[[3.115, 0.0], [6.541, 0.0], [9.968, -0.131], [12.823, -0.131], [16.249, -0.131], [18.248, -0.131]]",0.0,0.0,0.0,0.0,0.0,0.0,0.0,1.0,ok,4.1747,0.0,0.0,0.0,0.0,0.0,0.0,0.0,0.0,0.0,1f94fe5edf784708b55707a1a7754fb9,scene-0096,44
0.026,0.026,0.026,0.026,0.026,0.026,0.0,0.0,0.0,0.0,0.0,0.0,0.0,0.0,0.0,ok,straight,0.026,0.026,0.026,0.026,0.026,0.026,False,"[-0.0, -0.0, -0.0, -0.0, -0.0, -0.3264, -0.0, -0.0]","[-0.013, -7.2703, -8.8356, -25.0582, -277.9966, -5234.8323, -224790.1044, -1636651.1231]","[2.3803, 2.3803, 2.3803, 2.3803, -1000276.4301, -1005233.2658, -1224788.5379, -2636649.5566]","[0.026, 0.104, 0.143, 0.208, 0.675, 1.829, 12.126, 11.936]",5.0243,0.0,0.0,0.0,0.0,0.0,0.0,0.0,0.0,0.0,0.026,8.0,0.026,0.026,0.026,0.026,0.026,0.026,"[[-0.026, 0.0], [-0.026, 0.0], [-0.026, 0.0], [-0.026, 0.0], [-0.026, 0.0], [-0.026, 0.0]]",0.0,0.0,0.0,0.0,0.0,0.0,0.0,1.0,ok,12.1263,0.0,1.0,1.0,0.0,1.0,1.0,0.0,0.5,0.6666666666666666,1c81b06c812b47788462c31f58b6c1d0,scene-0097,44
0.026,0.849,0.2997,0.026,0.4965,0.4589,0.0,0.0,0.0,0.0,0.0,0.0,0.0,0.0,0.0,ok,straight,0.026,2.5622,0.557,0.026,0.782,1.0253,False,"[-0.0, -0.0, -0.0, -0.0653, -0.0, -0.0653, -0.0, -0.0]","[-306.8476, -532.0268, -1395.412, -4145.3104, -29671.394, -256228.3825, -293669.5404, -1541227.2352]","[2.1136, 2.1124, -1001394.412, -1004144.3104, -1029670.3947, -1256227.3833, -1293668.5411, -2541226.2352]","[1.025, 1.069, 0.649, 1.013, 6.156, 12.581, 6.394, 12.261]",4.7352,0.0,0.0,0.0,0.0,0.0,0.0,0.0,0.0,0.0,0.6493,8.0,0.026,2.5622,0.2997,0.026,0.782,0.6493,"[[-0.026, 0.0], [-0.026, 0.0], [0.545, 0.0], [2.829, 0.0], [3.115, 0.0], [1.973, 0.0]]",0.0,0.0,0.2573,0.0,0.0,0.376,2.0,0.0,ok,12.5806,0.0,0.0,0.0,0.0,0.0,0.0,0.0,0.0,0.0,4cd53db3b63b42caba9e8f6a6ea70eae,scene-0097,44
1.1061,2.836,6.7359,0.6388,1.4599,2.7857,0.0,0.0,0.0,0.0,0.0,0.0,0.0,0.0,0.0,ok,straight,1.1061,2.836,8.1658,0.6388,1.4599,3.4059,False,"[-0.0, -0.0653, -0.1305, -0.0653, -0.2611, -0.0, -0.3264, -0.0]","[-477.1184, -61.8042, -275.0955, -2020.8663, -2240.5244, -3564.085, -3600.9014, -17323.6945]","[4.6354, 4.1575, 3.5613, -1002017.8647, -1002237.3982, -1003561.0834, -1003597.8998, -1017320.6929]","[3.406, 2.786, 2.128, 2.549, 2.032, 2.74, 1.654, 3.834]",0.6759,0.0,0.0,0.0,0.0,0.0,0.0,0.0,0.0,0.0,1.6543,8.0,1.1061,0.8437,1.6544,0.6388,1.1045,1.6543,"[[1.687, 0.0], [2.829, 0.0], [4.542, 0.0], [5.97, 0.0], [5.113, 0.131], [6.256, 0.0]]",0.0,1.9923,6.5114,0.0,0.3554,1.7516,6.0,0.0,ok,3.834,0.0,0.0,0.0,0.0,0.0,0.0,0.0,0.0,0.0,b3d9bac351554cc98cdafe751f3d437a,scene-0097,44
2.0293,5.299,8.748,1.4811,3.1081,4.8253,0.0,0.0,0.0,0.0,0.0,0.0,0.0,0.0,0.0,ok,straight,4.0275,5.299,9.6041,3.1938,3.9644,5.5389,False,"[-0.0653, -0.0653, -0.3264, -0.1958, -0.4569, -0.0, -0.2611, -0.3916]","[-211.1686, -238.4598, -1013.7485, -1502.4786, -1555.854, -1915.9997, -6252.4997, -10742.7316]","[4.0715, 4.0637, -1001011.4559, -1001500.1862, -1001553.5616, -1001913.7072, -1006250.2073, -1010740.4391]","[5.539, 4.968, 4.405, 5.213, 6.071, 4.112, 6.586, 6.92]",0.9362,0.0,0.0,0.0,0.0,0.0,0.0,0.0,0.0,0.0,4.1124,8.0,2.0293,5.299,4.4631,1.4811,3.1081,4.1124,"[[1.687, 0.0], [4.257, 0.0], [8.54, 0.0], [11.966, 0.0], [14.25, -0.131], [17.391, -0.131]]",1.9982,0.0,5.1411,1.7127,0.8563,1.4265,4.0,0.0,ok,6.9204,0.0,0.0,0.0,0.0,0.0,0.0,0.0,0.0,0.0,1808fbc3531c415fb77531c05b2547ae,scene-0097,44
2.7265,6.2988,11.1264,1.6108,3.4938,5.5575,0.0,0.0,0.0,0.0,0.0,0.0,0.0,0.0,0.0,ok,straight,2.7265,6.2988,7.4336,1.6108,3.4938,4.8937,True,"[-0.0, -0.1305, -0.2611, -1.1749, -0.1305, -0.0653, -0.0653, -0.1305]","[-153.3256, -53.911, -742.8815, -211697.4346, -1150.8851, -1390.8512, -2186.7562, -869233.3739]","[3.7739, 3.4102, -1000740.265, -1211694.8182, -2003231.5208, -2003471.4869, -2004267.3919, -2871314.0097]","[4.894, 5.415, 5.471, 7.38, 5.654, 4.229, 5.514, 10.951]",1.9833,0.0,0.0,0.0,0.0,0.0,0.0,0.0,0.0,0.0,4.229,8.0,4.1564,6.2988,4.0105,2.3286,3.8527,4.229,"[[3.686, 0.0], [6.827, -0.131], [10.539, -0.131], [14.25, -0.131], [18.248, -0.261], [24.53, 0.0]]",-1.4299,0.0,3.4231,-0.7179,-0.3589,0.6647,1.0,0.0,ok,10.9506,0.0,0.0,0.0,0.0,0.0,0.0,0.0,0.0,0.0,c292d90b90ec4dbd826dfd11aa361df1,scene-0098,44
3.4072,8.4151,12.8348,2.1661,4.5141,6.7537,0.0,0.0,0.0,0.0,0.0,0.0,0.0,0.0,0.0,ok,straight,3.4072,8.4151,12.8348,2.1661,4.5141,6.7537,False,"[-0.0653, -0.0653, -0.1958, -0.3264, -0.2611, -0.0653, -0.0653, -8.2899]","[-296.0576, -560.843, -1276.2443, -1981.2242, -1966.1125, -3176.3408, -3487.4695, -15861.6788]","[4.1549, 4.0992, -1001273.1871, -1001978.167, -2003172.5517, -2004382.78, -2004693.9087, -2017068.118]","[6.754, 5.854, 5.616, 5.526, 6.614, 6.992, 6.238, 8.874]",1.0089,0.0,0.0,0.0,0.0,0.0,0.0,0.0,0.0,0.0,5.5261,8.0,3.4072,8.4151,8.578,2.1661,4.5141,5.5261,"[[3.686, 0.0], [6.827, 0.0], [11.11, 0.0], [14.25, 0.0], [18.248, 0.0], [20.818, -0.131]]",0.0,0.0,4.2568,0.0,0.0,1.2276,5.0,0.0,ok,8.874,0.0,0.0,0.0,0.0,0.0,0.0,0.0,0.0,0.0,16011bbf9d634b099c5ff9a352d26c9e,scene-0098,44
4.4984,7.7664,13.184,3.2163,5.1103,7.4349,0.0,0.0,0.0,0.0,0.0,0.0,0.0,0.0,0.0,ok,straight,4.4984,7.7664,12.0365,3.2163,5.1103,6.9622,True,"[-0.0, -0.0653, -2.5457, -0.6527, -0.0653, -1.5013, -0.9138, -0.1305]","[-96.1253, -284.9127, -1516.1192, -4947.4816, -7657.8058, -10459.6726, -21234.1087, -22828.9705]","[5.7199, 5.6202, -1001512.2783, -1004943.6359, -1007653.9601, -1010455.827, -1021230.263, -1022825.1296]","[6.962, 7.434, 7.836, 5.32, 6.293, 6.034, 5.143, 7.675]",0.98,0.0,0.0,0.0,0.0,0.0,0.0,0.0,0.0,0.0,5.1433,8.0,4.4984,3.1961,5.7214,3.2163,3.3981,5.1433,"[[3.115, 0.0], [5.685, -0.131], [8.54, -0.131], [12.252, -0.261], [15.964, -0.653], [18.533, 0.0]]",0.0,4.5703,6.3151,0.0,1.7122,1.8188,4.0,0.0,ok,7.8361,0.0,0.0,0.0,0.0,0.0,0.0,0.0,0.0,0.0,1e4b165a3a904717b30f044322edfa14,scene-0098,44
3.3666,7.697,10.2397,2.4512,4.3909,6.0415,0.0,0.0,0.0,0.0,0.0,0.0,0.0,0.0,0.0,ok,straight,3.6546,7.1284,10.2397,2.7378,4.6088,6.1867,False,"[-0.1305, -0.0653, -0.1305, -0.0653, -0.0653, -0.0653, -0.7833, -0.0]","[-152.0978, -434.0473, -460.0952, -629.7964, -15269.9034, -135507.256, -247029.2158, -785240.3947]","[4.7485, 3.8675, 3.5926, -1000626.9197, -1015265.8721, -1135504.3793, -1247025.1844, -1785236.3634]","[6.187, 6.899, 6.137, 5.043, 5.236, 7.471, 12.214, 11.082]",2.5038,0.0,0.0,0.0,0.0,0.0,0.0,0.0,0.0,0.0,5.0429,8.0,3.6546,7.697,4.815,2.7378,4.5342,5.0429,"[[3.971, 0.0], [7.969, 0.0], [11.681, -0.522], [16.249, 0.0], [20.818, -0.131], [24.815, -0.261]]",0.0,-0.5686,5.4247,0.0,0.0745,1.1438,3.0,0.0,ok,12.2144,0.0,0.0,0.0,0.0,0.0,0.0,0.0,0.0,0.0,f5a38abe0b404babb18bca1f0adf60b6,scene-0098,44
0.8951,2.9628,6.1027,0.5915,1.5592,2.8183,0.0,0.0,0.0,0.0,0.0,0.0,0.0,0.0,0.0,ok,straight,0.8951,2.6755,5.8173,0.5915,1.2026,2.533,True,"[-0.0653, -0.0653, -0.0653, -1.1749, -0.0653, -0.1305, -0.1305, -0.4569]","[-209.2425, -475.7062, -810.488, -902.3445, -1806.2534, -12343.1216, -13706.813, -31239.9112]","[4.881, 4.8546, 4.8221, -1000898.7499, -1001802.6593, -1012339.527, -1013703.2184, -1031236.317]","[2.533, 2.352, 3.066, 4.147, 1.319, 2.773, 3.214, 4.188]",0.8851,0.0,0.0,0.0,0.0,0.0,0.0,0.0,0.0,0.0,1.3195,8.0,0.8951,2.1045,0.4775,0.5915,0.9318,1.3195,"[[3.115, 0.0], [6.541, 0.0], [8.825, -0.131], [12.537, 0.0], [16.249, -0.131], [19.104, -0.131]]",0.0,0.571,5.3398,0.0,0.2708,1.2135,2.0,0.0,ok,4.1877,0.0,0.0,0.0,0.0,0.0,0.0,0.0,0.0,0.0,b9db804449d34414ba98868e9034abd3,scene-0099,44
1.5589,2.4809,2.3317,1.2695,1.8112,1.9853,0.0,0.0,0.0,0.0,0.0,0.0,0.0,0.0,0.0,ok,straight,1.5589,1.7397,1.9623,1.2695,1.6259,1.8647,True,"[-0.0, -0.0653, -0.2611, -0.3916, -0.3916, -0.0653, -0.5222, -0.0653]","[-409.3937, -428.7225, -642.5178, -959.5815, -1082.247, -1736.025, -10287.6683, -1269479.949]","[4.0022, 3.6483, -1000640.0923, -1000957.1479, -1001079.8134, -1001733.5915, -1010285.2348, -2269477.5234]","[1.865, 1.862, 1.902, 2.467, 2.96, 2.246, 2.72, 11.745]",3.151,0.0,0.0,0.0,0.0,0.0,0.0,0.0,0.0,0.0,1.8618,8.0,1.5589,1.7397,2.3317,1.2695,1.6259,1.8618,"[[2.258, 0.0], [4.257, 0.0], [6.541, 0.0], [7.683, -0.131], [10.539, -0.392], [11.681, 0.0]]",0.0,0.0,-0.3694,0.0,0.0,0.0029,1.0,0.0,ok,11.7454,0.0,0.0,0.0,0.0,0.0,0.0,0.0,0.0,0.0,ba6527487d5042b2bd4fb8e503918d29,scene-0099,44
2.3667,4.5594,6.9869,1.4179,2.5348,3.8917,0.0,0.0,0.0,0.0,0.0,0.0,0.0,0.0,0.0,ok,straight,2.3667,3.9884,5.5668,1.4179,2.5356,3.2752,True,"[-0.0653, -0.1305, -0.1305, -0.1305, -0.0, -0.1305, -0.2611, -0.0]","[-137.4354, -70.1187, -138.3879, -424.5812, -947.7614, -6273.8684, -8093.7069, -26963.3352]","[3.7444, 2.9309, 2.923, 2.8905, -1000945.1347, -1006271.2418, -1008091.0808, -1026960.7091]","[3.275, 4.225, 3.844, 3.75, 3.465, 3.607, 4.086, 5.941]",0.7805,0.0,0.0,0.0,0.0,0.0,0.0,0.0,0.0,0.0,3.2752,8.0,2.3667,3.9884,5.5668,1.4179,2.5356,3.2752,"[[2.829, 0.0], [5.113, 0.0], [7.969, -0.261], [11.11, -0.131], [14.822, 0.0], [16.82, 0.131]]",0.0,0.0,0.0,0.0,0.0,0.0,0.0,1.0,ok,5.9409,0.0,0.0,0.0,0.0,0.0,0.0,0.0,0.0,0.0,713882a28f2442098451f77f1362d326,scene-0099,44
2.2874,3.9602,6.7365,1.5529,2.5825,3.8376,0.0,0.0,0.0,0.0,0.0,0.0,0.0,0.0,0.0,ok,straight,2.2874,3.9602,6.7365,1.5529,2.5825,3.6948,True,"[-0.1305, -0.1958, -0.1305, -0.3916, -0.2611, -0.0653, -1.1749, -3.1985]","[-108.1803, -146.0991, -521.0156, -242.6797, -2808.8357, -3445.7273, -68151.2044, -845607.5826]","[5.0287, 4.9635, 4.7772, 4.7681, -1002805.0331, -1003441.9247, -1068147.1519, -1845603.78]","[3.695, 2.712, 3.409, 3.273, 1.855, 2.983, 5.925, 11.422]",2.8661,0.0,0.0,0.0,0.0,0.0,0.0,0.0,0.0,0.0,1.855,8.0,2.2874,3.9602,1.3678,1.5529,2.1545,1.855,"[[3.115, 0.0], [5.97, 0.0], [8.54, -0.131], [12.252, -0.131], [15.107, -0.131], [17.391, -0.261]]",0.0,0.0,5.3687,0.0,0.428,1.8399,5.0,0.0,ok,11.4219,0.0,0.0,0.0,0.0,0.0,0.0,0.0,0.0,0.0,8ef8d4b6b837492dab9785c3e33d936b,scene-0099,44
2.5437,5.1135,7.3977,1.8299,3.1148,4.3997,0.0,0.0,1.0,0.0,0.0,1.0,0.0,0.0,0.3333333333333333,ok,straight,2.5437,5.1135,7.3977,1.8299,3.1148,4.3997,False,"[-0.0, -0.0, -0.9791, -1.436, -1.6971, -0.9791, -8.2899, -0.0]","[-19.3203, -644.362, -899.9495, -1234.5834, -10253.4572, -29865.0238, -39453.9639, -1473133.8532]","[2.8177, 2.7961, 2.4159, -1001232.8164, -1010251.7105, -1029863.2771, -1039452.197, -2473132.0863]","[4.4, 4.304, 4.913, 4.939, 5.982, 5.921, 6.645, 13.947]",2.9613,0.0,0.0,1.0,0.0,0.0,1.0,0.0,0.0,0.3333333333333333,4.3045,8.0,1.4016,5.1135,7.3977,1.5444,2.972,4.3045,"[[1.116, 0.0], [2.544, 0.0], [3.686, 0.0], [5.113, 0.0], [6.541, 0.0], [7.398, 0.0]]",1.1421,0.0,0.0,0.2855,0.1428,0.0952,1.0,0.0,ok,13.9467,0.0,1.0,1.0,0.0,1.0,1.0,0.0,0.5,0.6666666666666666,028a3f3a237e469cb099f6d9c8e7f2f4,scene-0100,44
3.6858,7.6833,9.1119,2.6865,4.5424,5.9227,0.0,1.0,1.0,0.0,1.0,1.0,0.0,0.25,0.5,ok,straight,3.6858,7.6833,9.1119,2.6865,4.5424,6.0654,False,"[-0.0653, -0.0653, -2.611, -1.2402, -0.9791, -1.893, -0.1305, -0.718]","[-161.8982, -380.8206, -385.7217, -5251.3529, -5783.5183, -74826.7848, -261063.309, -1218774.7947]","[5.0358, 3.9201, 2.1012, -1005248.9612, -1005780.0115, -1074824.3931, -1261060.9172, -2218771.2879]","[6.065, 6.209, 6.74, 6.533, 7.52, 6.686, 10.421, 16.597]",3.3813,0.0,1.0,1.0,0.0,1.0,1.0,0.0,0.25,0.5,6.0654,8.0,3.6858,7.6833,9.1119,2.6865,4.5424,6.0654,"[[1.687, 0.0], [3.686, 0.0], [5.113, 0.0], [7.683, 0.0], [9.111, 0.0], [9.111, -0.131]]",0.0,0.0,0.0,0.0,0.0,0.0,0.0,1.0,ok,16.5974,0.0,1.0,1.0,0.0,1.0,1.0,0.0,0.5,0.6666666666666666,30ad11916547467183371af9e1faf298,scene-0100,44
2.5437,5.1135,6.5412,1.8299,3.1148,4.2569,0.0,0.0,1.0,0.0,0.0,1.0,0.0,0.0,0.3333333333333333,ok,straight,2.5437,5.1135,6.5412,1.8299,3.1148,4.1141,True,"[-0.0, -0.0, -0.0653, -0.8486, -0.8486, -8.2899, -0.0, -2.2846]","[-56.1055, -1582.8696, -1820.534, -2141.8247, -3526.0025, -18205.2554, -124685.2859, -625160.4581]","[3.8499, -1001580.4712, -1001817.7423, -1002139.4263, -1003523.2107, -1018202.857, -1124682.8875, -1625157.6663]","[4.114, 3.851, 4.648, 3.268, 4.686, 6.896, 5.338, 25.321]",6.9004,0.0,0.0,1.0,0.0,0.0,1.0,0.0,0.0,0.16666666666666666,3.2683,8.0,2.5437,3.2461,6.7577,1.8299,2.7199,3.2683,"[[1.116, 0.0], [2.544, 0.0], [3.686, 0.0], [5.113, 0.0], [5.685, 0.0], [6.541, 0.0]]",0.0,1.8674,-0.2166,0.0,0.3949,0.8458,2.0,0.0,ok,25.3211,0.0,1.0,1.0,0.0,1.0,1.0,0.0,0.5,0.6666666666666666,fbc2727b0f35414f88d956bc63345af0,scene-0100,44
2.5437,5.9701,7.3977,1.8299,3.3289,4.6852,0.0,0.0,1.0,0.0,0.0,1.0,0.0,0.0,0.3333333333333333,ok,straight,2.5437,5.6846,7.3977,1.8299,3.2576,4.6376,True,"[-0.0, -0.3264, -0.1958, -0.0653, -0.0, -0.6527, -0.0, -8.2899]","[-99.4949, -826.8845, -1018.3959, -2274.4363, -6513.889, -10032.6925, -17026.0096, -500676.0324]","[3.6376, -1000824.0995, -1001015.611, -1002271.8981, -1006511.3508, -1010029.9076, -1017023.4714, -1500673.4942]","[4.638, 5.415, 3.41, 3.102, 3.783, 5.31, 2.742, 11.811]",2.7271,0.0,0.0,1.0,0.0,0.0,1.0,0.0,0.0,0.3333333333333333,2.742,8.0,2.5437,1.4077,0.545,1.8299,1.9749,2.742,"[[1.116, 0.0], [2.544, 0.0], [3.686, 0.0], [5.685, 0.0], [7.398, 0.0], [7.398, 0.0]]",0.0,4.2769,6.8527,0.0,1.2826,1.8956,4.0,0.0,ok,11.8108,0.0,1.0,1.0,0.0,1.0,1.0,0.0,0.5,0.6666666666666666,149f03b275944abc95aa59709a726bff,scene-0100,44
1.1161,2.5437,2.5437,0.6878,1.4016,1.7823,0.0,0.0,0.0,0.0,0.0,0.0,0.0,0.0,0.0,ok,straight,1.1161,2.2582,2.5437,0.6878,1.3302,1.7347,True,"[-0.0, -0.0, -0.0, -0.0653, -0.0, -0.1958, -0.0, -4.8956]","[-16.9969, -31.559, -355.0665, -775.098, -1630.0325, -1900.124, -2675.9443, -17253.7191]","[4.1615, 4.1586, -1000351.8698, -1000771.9013, -1001626.8361, -1001896.9275, -1002672.7476, -1017250.5227]","[1.735, 1.83, 1.545, 2.544, 1.784, 2.165, 1.505, 3.717]",0.6878,0.0,0.0,0.0,0.0,0.0,0.0,0.0,0.0,0.0,1.5055,8.0,1.1161,2.2582,3.4003,0.6878,1.3302,1.5055,"[[0.259, 0.0], [1.116, 0.0], [1.687, 0.0], [2.258, 0.0], [2.544, 0.0], [2.544, 0.0]]",0.0,0.0,-0.8566,0.0,0.0,0.2293,2.0,0.0,ok,3.7171,0.0,1.0,1.0,0.0,1.0,1.0,0.0,0.5,0.6666666666666666,d5324133e1d241658a7b763831b3af2e,scene-0101,44
0.5128,0.0819,2.4545,0.3921,0.2538,0.8173,0.0,0.0,0.0,0.0,0.0,0.0,0.0,0.0,0.0,ok,straight,0.5128,0.0819,2.4545,0.3921,0.2538,0.8173,False,"[-0.0653, -0.1958, -0.0653, -0.0653, -0.0653, -0.5875, -0.1305, -0.0]","[-69.0098, -289.8269, -220.7089, -355.5586, -649.8906, -523.4171, -1288.7584, -6747.7106]","[4.1988, 3.3477, 2.9959, 2.9317, 2.7915, -1000520.2555, -1001285.5968, -1006745.6797]","[0.817, 0.486, 1.002, 1.22, 1.426, 0.58, 3.091, 1.649]",0.7789,0.0,0.0,0.0,0.0,0.0,0.0,0.0,0.0,0.0,0.4857,8.0,0.5128,0.0819,1.0359,0.3921,0.2538,0.4857,"[[1.116, 0.0], [2.544, 0.0], [3.686, 0.0], [5.113, 0.0], [5.685, 0.0], [6.827, -0.131]]",0.0,0.0,1.4186,0.0,0.0,0.3316,2.0,0.0,ok,3.0913,0.0,0.0,0.0,0.0,0.0,0.0,0.0,0.0,0.0,604a8ce58d0b4f94a93db370813edf94,scene-0101,44
2.3106,5.4338,9.6938,1.6925,3.2209,5.008,0.0,0.0,1.0,0.0,0.0,1.0,0.0,0.0,0.3333333333333333,ok,straight,2.8807,4.5813,9.1155,2.12,3.2215,4.9121,True,"[-0.0653, -0.0653, -0.5875, -0.9138, -0.1958, -1.3708, -0.3916, -0.6527]","[-446.6454, -556.1151, -1317.6409, -2332.0321, -2718.864, -5608.4976, -6514.1632, -24030.6925]","[4.3559, 4.3402, -1001315.0644, -1002329.4557, -1002716.2883, -1005605.9219, -1006511.5868, -1024028.1168]","[4.912, 4.77, 4.19, 3.716, 4.758, 4.423, 3.364, 3.201]",0.6238,0.0,0.0,1.0,0.0,0.0,1.0,0.0,0.0,0.3333333333333333,3.2014,8.0,2.3106,4.5813,1.0947,1.6925,3.0077,3.2014,"[[1.973, 0.0], [3.971, 0.0], [6.541, 0.0], [9.968, 0.0], [11.11, 0.0], [13.679, -0.131]]",0.57,0.0,8.0208,0.4276,0.2138,1.7106,7.0,0.0,ok,4.9121,0.0,0.0,1.0,0.0,0.0,1.0,0.0,0.0,0.3333333333333333,72fe05b8fd804c7eb2edba7554f1f796,scene-0101,44
1.7689,4.4841,8.2016,1.4343,2.7219,4.2622,0.0,0.0,0.0,0.0,0.0,0.0,0.0,0.0,0.0,ok,straight,1.7689,4.4841,5.1829,1.4343,2.7219,3.3651,True,"[-0.0653, -0.1305, -0.1305, -0.7833, -0.3264, -5.4178, -0.3916, -0.5875]","[-370.46, -75.3934, -370.5407, -2141.9498, -5926.466, -72590.4435, -79054.9688, -900982.3427]","[5.2216, 5.1841, 4.5105, -1002138.3934, -1005922.2371, -1072586.8871, -1079051.4124, -1900978.1138]","[3.365, 4.122, 3.786, 2.84, 2.296, 9.001, 4.29, 10.711]",2.8723,0.0,0.0,0.0,0.0,0.0,0.0,0.0,0.0,0.0,2.2963,8.0,1.7689,4.4841,1.6313,1.4343,2.7219,2.2963,"[[3.686, 0.0], [7.398, 0.0], [11.11, 0.131], [15.107, 0.261], [20.532, 1.175], [24.53, 0.131]]",0.0,0.0,3.5516,0.0,0.0,1.0688,2.0,0.0,ok,10.7114,0.0,0.0,0.0,0.0,0.0,0.0,0.0,0.0,0.0,2e743b1fb9a34383b88bec3e7792ad2a,scene-0101,44
2.881,5.8569,9.2357,2.1894,3.6384,5.2209,0.0,0.0,0.0,0.0,0.0,0.0,0.0,0.0,0.0,ok,right,2.881,5.8569,8.0943,2.1894,3.6384,5.0306,True,"[0.0653, -0.0, -0.0, -0.0, 2.7415, 1.6319]","[-25.3854, -0.013, -182.5414, -255.0508, -2543.0658, -756918.4879]","[0.8203, 0.7595, 0.7588, -1.2414, -1002544.0658, -1756919.4879]","[5.031, 5.221, 4.808, 5.079, 3.708, 22.77]",6.7272,0.0,0.0,0.0,0.0,0.0,0.0,0.0,0.0,0.0,3.7078,6.0,2.881,5.8569,3.5577,2.1894,3.425,3.7078,"[[-0.026, 0.0], [-0.026, 0.0], [-0.026, 0.0], [-0.026, 0.0], [-0.026, 0.0], [1.116, -0.131]]",0.0,0.0,4.5366,0.0,0.2134,1.3228,2.0,0.0,ok,22.7703,0.0,0.0,0.0,0.0,0.0,0.0,0.0,0.0,0.0,806011e8a7114eca971fd0f6b95bcd4b,scene-0102,44
0.3057,1.4144,5.5329,0.2447,0.7575,1.9182,0.0,0.0,0.0,0.0,0.0,0.0,0.0,0.0,0.0,ok,right,0.3057,1.3026,5.5329,0.2447,0.8654,2.1329,False,"[0.8486, -0.8486, 0.8486, 0.6527, 1.0444, -8.2899, 2.6763, 3.329]","[-869.7857, -781.3679, -6565.59, -10414.6187, -17479.6424, -25565.3841, -30763.4292, -130496.8426]","[1.7131, -1000780.5702, -1006564.5951, -1010413.821, -1017478.6475, -1025564.3892, -1030762.4344, -1130496.0449]","[2.133, 1.629, 2.063, 3.26, 1.765, 4.482, 3.469, 5.254]",1.2549,0.0,0.0,0.0,0.0,0.0,0.0,0.0,0.0,0.0,1.6292,8.0,0.3057,1.3026,5.1363,0.2447,0.8654,1.6292,"[[1.973, -0.131], [4.257, -0.261], [5.399, -0.522], [8.54, -1.044], [9.111, -1.044], [10.539, -1.697]]",0.0,0.0,0.3966,0.0,0.0,0.5038,3.0,0.0,ok,5.2541,0.0,0.0,0.0,0.0,0.0,0.0,0.0,0.0,0.0,62fb6b14e6a2451f96ef753672d3a381,scene-0102,44
2.1765,5.1878,7.6691,1.5065,2.9607,4.3385,0.0,0.0,0.0,0.0,0.0,0.0,0.0,0.0,0.0,ok,straight,3.033,5.1878,6.5249,1.9348,3.1749,4.1003,True,"[-0.0, -0.1305, -0.1305, -0.1958, -0.0653, -0.0653, -0.0, -0.0]","[-435.5377, -5.355, -280.0825, -862.4205, -895.2531, -3293.7337, -7917.1746, -130067.269]","[3.7737, 1.8856, 1.8785, -1000860.1274, -1000892.9607, -1003291.4413, -1007914.8815, -1130064.9759]","[4.1, 4.339, 4.481, 3.959, 4.303, 3.026, 4.057, 9.981]",2.0092,0.0,0.0,0.0,0.0,0.0,0.0,0.0,0.0,0.0,3.0259,8.0,3.033,5.1878,3.3843,1.9348,3.1749,3.0259,"[[3.4, 0.0], [5.685, 0.0], [9.682, -0.131], [12.823, -0.131], [17.391, -0.131], [21.103, 0.0]]",0.0,0.0,3.1406,0.0,0.0,1.0744,3.0,0.0,ok,9.9805,0.0,0.0,1.0,0.0,0.0,1.0,0.0,0.0,0.3333333333333333,be3fb86ba1a846719241b051d3ec4385,scene-0102,44
3.4417,7.0896,10.5915,2.5272,4.3528,6.113,0.0,0.0,0.0,0.0,0.0,0.0,0.0,0.0,0.0,ok,straight,3.4417,7.0896,10.0205,2.5272,4.3528,6.0178,True,"[-0.1305, -0.1305, -0.3264, -0.1305, -0.1305, -0.3264, -0.3264, -0.0653]","[-5.0823, -1071.6014, -1141.471, -1235.6335, -1474.9592, -1858.4885, -5723.1938, -7111.9346]","[3.5422, 3.2825, -1001139.4045, -1001233.758, -1001473.0836, -1001856.422, -1005721.3182, -1007109.8681]","[6.018, 5.639, 6.733, 5.401, 7.493, 4.688, 6.225, 6.354]",0.7998,0.0,0.0,0.0,0.0,0.0,0.0,0.0,0.0,0.0,4.6878,8.0,2.8707,5.3807,5.1741,2.3853,3.7839,4.6878,"[[3.4, 0.0], [6.541, -0.131], [9.682, -0.131], [12.823, -0.131], [16.249, -0.131], [19.961, -0.261]]",0.571,1.7089,4.8463,0.1419,0.5689,1.33,3.0,0.0,ok,7.4934,0.0,0.0,1.0,0.0,0.0,1.0,0.0,0.0,0.16666666666666666,6531528030c2484abde7201ff31c05c6,scene-0102,44
3.0875,6.3022,11.229,2.2599,3.8794,5.7966,0.0,0.0,0.0,0.0,0.0,0.0,0.0,0.0,0.0,ok,right,3.0875,6.3022,10.946,2.2599,3.8794,5.7494,True,"[0.2611, 1.2402, 0.2611, 0.1958, 0.1305, 0.1305, 0.1958, 3.329]","[-32.9369, -706.7214, -888.7027, -2314.3046, -5744.1664, -6410.4359, -25548.392, -1120361.0722]","[1.4956, -1000705.1827, -1000885.5954, -1002311.1973, -1005741.0591, -1006407.3286, -1025546.8533, -2120359.5335]","[5.749, 4.349, 4.982, 3.995, 3.681, 5.267, 5.213, 12.785]",2.7369,0.0,0.0,0.0,0.0,0.0,0.0,0.0,0.0,0.0,3.681,8.0,3.0875,3.7096,9.2969,2.2599,2.7282,3.681,"[[2.829, 0.0], [5.399, -0.131], [7.969, -0.131], [10.539, -0.261], [13.108, -0.261], [14.536, -0.522]]",0.0,2.5925,1.6491,0.0,1.1511,2.0684,6.0,0.0,ok,12.7848,0.0,0.0,0.0,0.0,0.0,0.0,0.0,0.0,0.0,3e8750f331d7499e9b5123e9eb70f2e2,scene-0103,44
1.4633,5.443,9.1987,0.94,2.6178,4.6506,0.0,0.0,0.0,0.0,0.0,0.0,0.0,0.0,0.0,ok,straight,0.8932,5.443,8.9132,0.6549,2.4753,4.508,True,"[-0.1305, -0.1305, -0.1305, -0.0, -0.0653, -0.1305, -0.1305, -0.1305]","[-375.0902, -491.5099, -573.6963, -1126.7049, -3052.2646, -116065.7713, -924210.7137, -961067.1562]","[3.9839, -1000488.687, -1000569.7979, -1001123.8821, -1003048.3662, -1116061.8729, -1924207.8909, -1961064.3334]","[4.508, 4.223, 6.174, 4.366, 4.413, 13.027, 13.265, 12.789]",4.0558,0.0,0.0,0.0,0.0,0.0,0.0,0.0,0.0,0.0,4.2229,8.0,0.8932,4.589,8.9132,0.6549,2.0476,4.2229,"[[3.686, 0.0], [6.256, 0.0], [10.539, -0.131], [14.25, -0.131], [17.962, -0.131], [19.39, -0.261]]",0.0,0.854,0.0,0.0,0.4276,0.2851,3.0,0.0,ok,13.2647,0.0,0.0,0.0,0.0,0.0,0.0,0.0,0.0,0.0,796b1988dd254f74bf2fb19ba9c5b8c6,scene-0103,44
0.9958,1.6775,0.5196,0.9397,1.3969,1.3367,0.0,0.0,0.0,0.0,0.0,0.0,0.0,0.0,0.0,ok,straight,0.9958,2.2495,4.5255,0.9397,1.326,2.1474,False,"[-0.0653, -0.0653, -0.0653, -0.0653, -0.1958, -0.0, -0.0653, -0.1305]","[-71.3418, -130.6433, -144.9776, -194.3859, -1469.9319, -1539.3357, -2900.917, -4775.8746]","[5.0509, 5.0135, 5.0044, 3.4544, -1001467.5422, -1001535.4271, -1002898.5273, -1004773.4849]","[2.147, 1.289, 1.575, 1.384, 1.51, 1.674, 2.875, 2.192]",0.5008,0.0,0.0,0.0,0.0,0.0,0.0,0.0,0.0,0.0,1.2894,8.0,0.9958,2.2495,0.5196,0.9397,1.326,1.2894,"[[2.544, 0.0], [4.542, 0.0], [6.827, -0.131], [10.253, 0.0], [13.679, -0.131], [17.677, 0.131]]",0.0,0.0,4.0059,0.0,0.0,0.858,5.0,0.0,ok,2.875,0.0,0.0,0.0,0.0,0.0,0.0,0.0,0.0,0.0,456ec36cb4a44ca78f36fbd90c0c34fa,scene-0103,44
1.8153,1.7206,5.4442,1.1541,1.5587,2.5893,0.0,0.0,0.0,0.0,0.0,0.0,0.0,0.0,0.0,ok,straight,1.8153,3.1483,5.4442,1.1541,1.9156,2.8273,False,"[-0.0653, -0.1305, -0.4569, -0.0653, -0.1958, -0.0653, -0.2611, -0.1305]","[-44.0965, -165.3511, -1259.2587, -2594.1213, -2924.0939, -7209.2587, -34204.608, -1003270.2332]","[2.5329, 2.015, -1001257.9654, -1002594.0375, -1002924.0101, -1007209.175, -1034204.5242, -2003268.9398]","[2.827, 3.636, 3.462, 2.309, 1.981, 2.309, 5.357, 10.679]",2.6926,0.0,0.0,0.0,0.0,0.0,0.0,0.0,0.0,0.0,1.9806,8.0,1.8153,0.3198,6.8748,1.1541,1.1381,1.9806,"[[3.4, 0.0], [6.827, 0.0], [9.682, -0.131], [12.823, -0.131], [16.249, -0.131], [18.819, -0.131]]",0.0,2.8285,-1.4306,0.0,0.7775,0.8467,3.0,0.0,ok,10.6788,0.0,0.0,0.0,0.0,0.0,0.0,0.0,0.0,0.0,9fcdc52b791045e99c623c5fc643331f,scene-0103,44
2.1193,2.1605,1.2867,1.7786,1.9924,1.8768,0.0,0.0,0.0,0.0,0.0,0.0,0.0,0.0,0.0,ok,straight,2.1193,2.1605,1.2867,1.7786,1.9924,1.8768,False,"[-0.0653, -0.0653, -0.0, -0.5875, -0.0653, -0.0653, -0.0, -0.4569]","[-11.0189, -220.6533, -778.0218, -1089.964, -2028.148, -2051.6166, -8387.7857, -17843.5847]","[3.7628, 3.7245, -1000775.4225, -1001087.3627, -1002025.5467, -1002049.0173, -1008385.1865, -1017840.9834]","[1.877, 2.115, 2.402, 2.187, 2.21, 4.161, 2.161, 3.832]",0.8112,0.0,0.0,0.0,0.0,0.0,0.0,0.0,0.0,0.0,1.8768,8.0,2.1193,2.1605,1.2867,1.7786,1.9924,1.8768,"[[1.687, 0.0], [2.829, 0.0], [3.686, 0.0], [4.542, 0.0], [5.685, 0.0], [6.541, -0.131]]",0.0,0.0,0.0,0.0,0.0,0.0,0.0,1.0,ok,4.1612,0.0,0.0,0.0,0.0,0.0,0.0,0.0,0.0,0.0,f1b7b463072e4630b2c1d5ba8b6cd50b,scene-0104,44
2.6776,4.9571,7.1548,2.1235,3.2802,4.3078,0.0,0.0,0.0,0.0,0.0,0.0,0.0,0.0,0.0,ok,straight,1.2509,5.2451,7.1548,0.9819,2.7105,3.928,True,"[-0.0653, -0.0653, -0.0653, -0.1958, -0.0653, -0.5222, -0.718, -0.0653]","[-282.494, -116.2411, -176.9411, -299.9629, -1340.2563, -5046.9947, -12994.2728, -1055854.8742]","[3.3913, 3.2447, 3.2445, 2.8466, -1001338.0443, -1005044.6357, -1012992.0608, -2055852.5151]","[3.928, 4.691, 4.213, 5.121, 4.214, 4.57, 3.241, 10.544]",2.1354,0.0,0.0,0.0,0.0,0.0,0.0,0.0,0.0,0.0,3.2412,8.0,2.6776,4.9571,3.3271,2.1235,3.1374,3.2412,"[[3.115, 0.0], [5.97, 0.0], [7.112, 0.0], [9.111, 0.0], [12.537, -0.131], [14.822, -0.131]]",-1.4268,0.288,3.8278,-1.1415,-0.427,0.6868,1.0,0.0,ok,10.5441,0.0,0.0,0.0,0.0,0.0,0.0,0.0,0.0,0.0,8c394cbb9706486aae5c0edc1d704178,scene-0104,44
1.1159,3.1002,5.1246,0.8365,1.5254,2.477,0.0,0.0,0.0,0.0,0.0,0.0,0.0,0.0,0.0,ok,straight,1.1159,3.3908,5.1246,0.8365,1.6712,2.5742,False,"[-0.0653, -0.0653, -0.2611, -0.1305, -0.0653, -0.0, -0.3264, -0.0653]","[-128.0767, -1827.5432, -4697.3184, -11171.2732, -20896.5807, -73512.2027, -85603.6104, -654102.0342]","[3.738, -1001824.8552, -1004694.6303, -1011168.5851, -1020893.8925, -1073509.5145, -1085600.9222, -1654099.3461]","[2.574, 1.971, 2.315, 3.164, 3.247, 7.731, 8.462, 10.141]",3.053,0.0,0.0,0.0,0.0,0.0,0.0,0.0,0.0,0.0,1.9714,8.0,1.1159,0.3152,5.1246,0.8365,0.7671,1.9714,"[[3.686, 0.0], [7.398, 0.0], [10.824, 0.0], [13.965, 0.0], [18.248, -0.131], [21.389, -0.131]]",0.0,3.0757,0.0,0.0,0.9041,0.6027,2.0,0.0,ok,10.1411,0.0,0.0,1.0,0.0,0.0,1.0,0.0,0.0,0.16666666666666666,84fd8f6d5b2c406e9ddd1c3b72690917,scene-0104,44
3.8124,7.2458,11.9196,2.9879,4.7291,6.7837,0.0,0.0,0.0,0.0,0.0,0.0,0.0,0.0,0.0,ok,straight,3.8124,7.2458,12.4908,2.9879,4.6577,6.8313,False,"[-0.1305, -0.1958, -0.1305, -0.1305, -0.0, -0.3264, -0.5222, -0.3916]","[-23.1105, -745.8935, -1042.1349, -2222.6686, -4235.4585, -4366.6285, -11147.6598, -11701.1724]","[4.3743, 3.7976, -1001039.4407, -1002219.9744, -1004232.7247, -1004363.9343, -1011144.926, -1011698.4782]","[6.831, 5.357, 6.308, 7.308, 7.117, 4.409, 5.801, 4.415]",1.0734,0.0,0.0,0.0,0.0,0.0,0.0,0.0,0.0,0.0,4.4094,8.0,3.8124,5.2486,8.2213,2.9879,3.8729,4.4094,"[[3.115, 0.0], [6.256, 0.0], [9.396, -0.131], [12.252, -0.131], [14.25, -0.131], [16.249, -0.261]]",0.0,1.9972,4.2695,0.0,0.7848,2.4219,5.0,0.0,ok,7.3084,0.0,0.0,0.0,0.0,0.0,0.0,0.0,0.0,0.0,34875eefe5f943d38f5495664ff53bb0,scene-0104,44
9.3011,18.718,28.3119,6.984,11.6726,16.4231,0.0,0.0,0.0,0.0,0.0,0.0,0.0,0.0,0.0,ok,straight,9.3011,18.718,28.3119,6.984,11.6726,16.4231,False,"[-0.0, -0.0, -0.0, -0.0653, -8.2899]","[-0.013, -1.5783, -26.3626, -1698.657, -250097.1002]","[3.2751, 3.2751, 3.2748, -1001696.3911, -1250094.8343]","[16.423, 16.375, 16.375, 14.948, 18.768]",1.2294,0.0,0.0,0.0,0.0,0.0,0.0,0.0,0.0,0.0,14.9483,5.0,9.3011,18.4325,24.0328,6.984,11.6012,14.9483,"[[-0.026, 0.0], [-0.026, 0.0], [-0.026, 0.0], [-0.026, 0.0], [-0.026, 0.0], [-0.026, 0.0]]",0.0,0.2855,4.2791,0.0,0.0714,1.4748,3.0,0.0,ok,18.7676,0.0,0.0,0.0,0.0,0.0,0.0,0.0,0.0,0.0,8d56b71c09c04ece827107b3c103498f,scene-0105,44
1.8066,3.4932,5.3043,1.2076,1.9769,2.9548,0.0,0.0,0.0,0.0,0.0,0.0,0.0,0.0,0.0,ok,straight,2.3769,2.3666,5.3043,1.7783,1.9806,2.9573,False,"[-0.0653, -0.0653, -0.2611, -0.1305, -0.0653, -5.8747, -2.6763, -0.1305]","[-340.4214, -297.5745, -481.2089, -758.9212, -1285.1732, -7609.233, -10504.0351, -196972.4097]","[3.2001, 3.197, -1000478.9831, -1000756.6992, -1001282.9474, -1007607.011, -1010501.8093, -1196970.1877]","[2.957, 2.767, 2.523, 2.988, 4.42, 4.578, 3.191, 9.689]",2.2131,0.0,0.0,0.0,0.0,0.0,0.0,0.0,0.0,0.0,2.5228,8.0,2.3769,2.3666,4.9526,1.7783,1.9806,2.5228,"[[3.686, 0.0], [7.398, 0.0], [12.537, 0.0], [16.82, 0.131], [19.104, 0.131], [22.531, 0.131]]",0.0,0.0,0.3517,0.0,0.0,0.4345,2.0,0.0,ok,9.6885,0.0,0.0,0.0,0.0,0.0,0.0,0.0,0.0,0.0,d0cc76c904c542b39553f012e4791ef0,scene-0105,44
0.4579,0.5106,0.3563,0.2455,0.3504,0.401,0.0,0.0,0.0,0.0,0.0,0.0,0.0,0.0,0.0,ok,straight,0.4579,0.5106,0.6356,0.2455,0.2802,0.4008,True,"[-0.0, -0.0, -0.0, -0.2611, -0.1305, -0.0, -0.2611, -6.0053]","[-297.839, -554.5389, -4027.4746, -4254.2625, -4951.3379, -5004.1779, -9979.6159, -24595.4825]","[4.5085, 4.4728, -1004024.2673, -1004251.0546, -1004948.1306, -1005000.97, -1009976.4086, -1024592.2747]","[0.401, 0.718, 1.152, 1.333, 2.408, 1.379, 1.936, 4.235]",1.1277,0.0,0.0,0.0,0.0,0.0,0.0,0.0,0.0,0.0,0.4008,8.0,0.4579,0.5106,0.6356,0.2455,0.2802,0.4008,"[[3.115, 0.0], [6.541, 0.0], [9.111, 0.0], [12.252, 0.0], [14.25, 0.0], [18.248, 0.0]]",0.0,0.0,0.0,0.0,0.0,0.0,0.0,1.0,ok,4.2351,0.0,0.0,0.0,0.0,0.0,0.0,0.0,0.0,0.0,6a467240b14745cd8ab11701bd4f08d3,scene-0105,44
0.7863,3.3154,6.2239,0.4134,1.534,2.991,0.0,0.0,0.0,0.0,0.0,0.0,0.0,0.0,0.0,ok,straight,0.7863,3.3154,6.7941,0.4134,1.534,2.9909,True,"[-0.0653, -0.0653, -0.3916, -0.1305, -0.1958, -0.0653, -0.1305, -0.1305]","[-5.0433, -57.382, -1017.4628, -4774.4705, -6048.323, -7981.3342, -13892.461, -214512.3521]","[3.9647, 3.8999, -1001014.8094, -1004771.817, -1006045.6055, -1007978.6168, -1013889.7435, -1214509.6987]","[2.991, 3.084, 2.133, 3.752, 3.205, 2.609, 2.463, 10.863]",2.677,0.0,0.0,0.0,0.0,0.0,0.0,0.0,0.0,0.0,2.1327,8.0,0.7863,3.3154,3.3675,0.6936,1.6742,2.1327,"[[2.258, 0.0], [4.257, 0.0], [5.97, 0.0], [7.683, 0.0], [9.111, 0.0], [10.539, -0.131]]",0.0,0.0,3.4265,-0.2803,-0.1401,0.8582,3.0,0.0,ok,10.8629,0.0,0.0,0.0,0.0,0.0,0.0,0.0,0.0,0.0,aa0a917a785d453cb7803ddd67c2fc9b,scene-0105,44
4.6303,8.8382,14.8131,3.4008,5.6378,8.0928,0.0,0.0,0.0,0.0,0.0,0.0,0.0,0.0,0.0,ok,straight,4.6303,8.8382,14.259,3.4008,5.6378,8.0004,True,"[-0.0653, -0.0653, -0.0653, -0.0, -0.0653, -0.0, -0.3916, -0.4569]","[-29.3517, -98.1229, -434.6389, -768.8077, -1101.4495, -1733.6195, -3597.6057, -6901.4127]","[4.1669, 4.1356, 3.9829, -1000765.8983, -1001098.5401, -1001730.7104, -1003594.6963, -1006898.5035]","[8.0, 8.472, 8.615, 7.574, 8.476, 8.282, 7.926, 7.274]",0.4434,0.0,0.0,0.0,0.0,0.0,0.0,0.0,0.0,0.0,7.2738,8.0,4.6303,8.8382,7.3373,3.4008,5.6378,7.2738,"[[1.116, 0.0], [1.973, 0.0], [3.115, 0.0], [3.971, 0.0], [5.113, 0.0], [5.685, -0.131]]",0.0,0.0,6.9217,0.0,0.0,0.7266,3.0,0.0,ok,8.6153,0.0,0.0,0.0,0.0,0.0,0.0,0.0,0.0,0.0,04ebf63518914e0883bdffdb0b6c3f4c,scene-0106,44
0.6749,0.2929,1.9366,0.3801,0.299,0.5711,0.0,0.0,0.0,0.0,0.0,0.0,0.0,0.0,0.0,ok,straight,0.6749,0.2929,1.9366,0.3801,0.4047,0.7982,False,"[-0.1305, -0.1305, -0.1305, -0.4569, -0.0653, -0.3264, -0.0, -0.0653]","[-147.038, -156.9303, -357.8707, -181.6767, -502.891, -2394.1988, -181828.6928, -1072931.4893]","[2.896, 2.8873, 2.8867, 0.593, -1000500.672, -1002391.9798, -1181826.4738, -2072929.279]","[0.798, 0.728, 1.29, 1.147, 1.202, 0.829, 9.252, 10.074]",3.7621,0.0,0.0,0.0,0.0,0.0,0.0,0.0,0.0,0.0,0.7278,8.0,0.6749,0.2929,1.9366,0.3801,0.299,0.7278,"[[3.115, 0.0], [5.685, 0.0], [8.825, -0.131], [12.252, -0.131], [14.25, -0.261], [16.82, -0.261]]",0.0,0.0,0.0,0.0,0.1057,0.0705,1.0,0.0,ok,10.0743,0.0,0.0,0.0,0.0,0.0,0.0,0.0,0.0,0.0,66317c99b4524905bfb5cd70dac8932a,scene-0106,44
1.9747,4.3585,5.1557,1.4055,2.6437,3.6613,0.0,0.0,0.0,0.0,0.0,0.0,0.0,0.0,0.0,ok,straight,1.9747,3.2199,5.7243,1.4055,2.359,3.3764,True,"[-0.0653, -0.0653, -0.1305, -0.0653, -0.0653, -0.3264, -0.0653, -0.0]","[-320.5036, -568.479, -118.651, -448.9141, -1924.2431, -1974.616, -10582.8484, -12197.7561]","[2.7329, 2.6785, 2.0696, -1000447.228, -1001922.5576, -1001972.9305, -1010581.1623, -1012196.0706]","[3.376, 3.424, 3.378, 3.266, 3.849, 4.141, 2.584, 3.351]",0.4236,0.0,0.0,0.0,0.0,0.0,0.0,0.0,0.0,0.0,2.5837,8.0,1.9747,3.2199,3.4265,1.4055,2.359,2.5837,"[[3.115, 0.0], [5.97, 0.0], [8.54, -0.131], [12.252, -0.131], [14.25, -0.131], [17.391, -0.131]]",0.0,0.0,2.2978,0.0,0.0,0.7927,3.0,0.0,ok,4.1409,0.0,0.0,0.0,0.0,0.0,0.0,0.0,0.0,0.0,94d3fc9d266743588dca2efc73d9fbce,scene-0106,44
0.3286,0.905,1.49,0.2992,0.5008,0.8198,0.0,0.0,0.0,0.0,0.0,0.0,0.0,0.0,0.0,ok,straight,1.3782,0.905,3.6626,0.7467,0.7398,1.5094,False,"[-0.5222, -0.6527, -0.6527, -0.7833, -0.4569, -2.3499, -8.2899, -1.3055]","[-758.1042, -552.3892, -34.9211, -593.215, -13133.8458, -17027.3974, -17871.6471, -21340.4889]","[4.133, 4.1043, 4.0605, 4.0473, -1013131.2992, -1017024.7472, -1017869.1004, -1021337.9423]","[1.509, 0.988, 0.839, 0.924, 2.094, 2.776, 3.354, 2.103]",0.8644,0.0,0.0,0.0,0.0,0.0,0.0,0.0,0.0,0.0,0.8386,8.0,0.3286,0.905,1.49,0.2992,0.516,0.8386,"[[2.544, -0.131], [3.4, -0.131], [6.541, -0.522], [8.54, -0.914], [12.252, -1.567], [15.964, -1.044]]",1.0495,0.0,2.1726,0.4475,0.2238,0.6707,3.0,0.0,ok,3.3539,0.0,0.0,0.0,0.0,0.0,0.0,0.0,0.0,0.0,b988f7f03263462d94d39a722dc820ca,scene-0106,44
0.1842,0.22,2.471,0.3161,0.26,0.6981,0.0,0.0,0.0,0.0,0.0,0.0,0.0,0.0,0.0,ok,straight,0.1842,0.3479,2.471,0.3161,0.4132,0.8003,False,"[-0.2611, -0.2611, -0.3264, -0.4569, -0.1958, -0.5222, -1.3708, -0.1305]","[-165.9463, -199.7573, -196.4298, -1368.1098, -1629.9812, -8784.8741, -8854.8017, -94687.1514]","[2.485, 2.458, 2.2826, -1001366.6029, -1001628.4484, -1008783.3413, -1008853.269, -1094685.6444]","[0.8, 0.698, 0.371, 0.947, 1.018, 1.408, 1.4, 3.884]",1.0231,0.0,0.0,0.0,0.0,0.0,0.0,0.0,0.0,0.0,0.3708,8.0,0.1842,0.22,0.7653,0.3161,0.26,0.3708,"[[2.829, 0.0], [4.542, -0.131], [6.827, -0.261], [10.253, -0.131], [12.537, -0.392], [13.679, -0.522]]",0.0,0.1279,1.7058,0.0,0.1532,0.4295,2.0,0.0,ok,3.8837,0.0,0.0,0.0,0.0,0.0,0.0,0.0,0.0,0.0,ad8905836f364a87a7233eb0aef915ea,scene-0107,44
3.1507,7.1882,12.1058,2.3356,4.2795,6.4808,0.0,0.0,0.0,0.0,0.0,0.0,0.0,0.0,0.0,ok,right,3.1507,7.1882,12.5104,2.3356,4.2101,6.6342,False,"[-2.2846, -2.2846, 2.8721, 1.1097, -0.7833, -8.2899, -2.9374, -3.3943]","[-273.6109, -76.9131, -2935.9174, -3443.9632, -12557.2192, -22220.4198, -26241.5422, -101983.4779]","[3.0638, 2.9869, -1002933.4176, -1003441.5464, -1012554.8025, -1022217.92, -1026239.1254, -1101980.9781]","[6.634, 6.636, 6.652, 5.776, 4.501, 6.84, 6.593, 6.533]",0.7317,0.0,0.0,0.0,0.0,0.0,0.0,0.0,0.0,0.0,4.5014,8.0,3.1615,7.1882,4.2604,2.3409,4.2128,4.5014,"[[2.258, 0.131], [4.542, -0.522], [6.827, 0.653], [9.111, 1.697], [10.539, 3.003], [12.823, 4.569]]",-0.0107,0.0,8.25,-0.0054,-0.0027,2.1327,4.0,0.0,ok,6.8395,0.0,0.0,0.0,0.0,0.0,0.0,0.0,0.0,0.0,84c24cd1d7914f72bb2fa17a6c5c41e5,scene-0107,44
1.0141,1.1436,0.5939,0.7411,0.9269,1.0668,0.0,0.0,0.0,0.0,0.0,0.0,0.0,0.0,0.0,ok,straight,1.0141,1.1436,2.5893,0.8835,0.8555,1.3518,False,"[-0.1305, -0.1958, -0.1958, -0.1305, -0.1305, -0.7833, -0.0653, -0.1958]","[-94.0079, -258.3202, -332.7079, -2565.1455, -3091.1459, -16140.1069, -16185.4809, -786793.8015]","[0.8688, 0.5632, 0.5629, -1002565.1327, -1003091.1331, -1016140.0941, -1016185.4681, -1786793.789]","[1.352, 0.794, 0.638, 1.823, 2.21, 2.229, 2.28, 8.959]",2.5017,0.0,0.0,0.0,0.0,0.0,0.0,0.0,0.0,0.0,0.6382,8.0,1.0141,1.1436,0.3097,0.8835,0.8555,0.6382,"[[4.542, 0.0], [9.396, -0.131], [13.394, -0.131], [18.248, -0.131], [23.387, -0.131], [27.956, -0.261]]",0.0,0.0,2.2796,0.0,0.0,0.7136,2.0,0.0,ok,8.9589,0.0,0.0,0.0,0.0,0.0,0.0,0.0,0.0,0.0,2d4012e701194ca6a79709cfbfb6bb93,scene-0107,44
0.1629,0.5453,1.1661,0.1109,0.2351,0.4797,0.0,0.0,0.0,0.0,0.0,0.0,0.0,0.0,0.0,ok,straight,0.1629,0.3217,1.1661,0.1109,0.5336,0.6787,False,"[-0.0653, -0.7833, -1.0444, -0.0653, -0.0653, -0.0653, -0.5875, -0.2611]","[-511.3938, -636.0027, -1007.1439, -1437.7709, -1587.1455, -3120.6488, -6241.2799, -25995.2146]","[4.3142, 2.3236, -1001004.2218, -1001434.8498, -1001584.2244, -1003117.7267, -1006238.3578, -1025992.2935]","[0.679, 1.964, 1.624, 1.321, 1.053, 1.343, 1.607, 2.066]",0.43,0.0,0.0,0.0,0.0,0.0,0.0,0.0,0.0,0.0,0.6787,8.0,0.1629,0.3217,1.1661,0.1109,0.5336,0.6787,"[[3.686, 0.0], [7.398, 0.0], [12.537, 0.0], [15.107, 0.0], [17.962, -0.131], [21.674, -0.131]]",0.0,0.0,0.0,0.0,0.0,0.0,0.0,1.0,ok,2.0664,0.0,0.0,0.0,0.0,0.0,0.0,0.0,0.0,0.0,5d6dc0be4bc645b396e714c7ba65e48a,scene-0107,44
0.3427,1.3457,3.677,0.2339,0.6152,1.4116,0.0,0.0,0.0,0.0,0.0,0.0,0.0,0.0,0.0,ok,straight,0.3427,1.3457,3.677,0.2339,0.6152,1.4116,False,"[-0.0, -0.0, -0.0653, -0.0653, -0.1305, -0.0, -0.3264, -0.0]","[-13.553, -106.934, -428.0339, -813.6523, -1183.3373, -4248.9239, -70247.0871, -979436.7853]","[3.6987, 3.638, 3.018, -1000811.1217, -1001180.8066, -1004246.3329, -1070244.4961, -1979434.1944]","[1.412, 1.399, 0.519, 1.778, 1.045, 1.159, 3.038, 18.874]",5.7936,0.0,0.0,0.0,0.0,0.0,0.0,0.0,0.0,0.0,0.5192,8.0,0.2293,1.3457,0.6316,0.1951,0.5958,0.5192,"[[0.259, 0.0], [-0.026, 0.0], [-0.026, 0.0], [-0.026, 0.0], [-0.026, 0.0], [-0.026, 0.0]]",0.1134,0.0,3.0454,0.0388,0.0194,0.8924,4.0,0.0,ok,18.8743,0.0,0.0,0.0,0.0,0.0,0.0,0.0,0.0,0.0,339ead96177c4e338fde8235c188cfaa,scene-0108,44
2.9195,6.548,9.4126,2.1089,3.8944,5.4955,0.0,0.0,0.0,0.0,0.0,0.0,0.0,0.0,0.0,ok,straight,3.2041,6.548,9.4126,2.8222,4.2511,5.7333,False,"[-0.0653, -0.0653, -0.1305, -0.0653, -0.1958, -0.0, -1.893, -0.7833]","[-143.6788, -299.435, -359.7156, -4.725, -1119.0422, -1317.4731, -1719.7314, -26251.5743]","[4.5089, 4.4905, 4.3766, 3.786, -1001116.264, -1001314.695, -1001716.2139, -1026248.7961]","[5.733, 4.976, 6.115, 5.495, 6.46, 6.673, 6.186, 6.72]",0.5689,0.0,0.0,0.0,0.0,0.0,0.0,0.0,0.0,0.0,4.9764,8.0,3.2041,6.548,5.704,2.8222,4.2511,4.9764,"[[3.115, 0.0], [4.257, 0.0], [5.97, -0.131], [7.683, -0.131], [9.111, -0.131], [10.539, -0.131]]",0.0,0.0,3.7086,0.0,0.0,0.7569,2.0,0.0,ok,6.7204,0.0,0.0,0.0,0.0,0.0,0.0,0.0,0.0,0.0,3c61eda50f694585bac0614e4660eca1,scene-0108,44
1.1444,2.3369,1.8143,0.8068,1.3582,1.573,0.0,0.0,0.0,0.0,0.0,0.0,0.0,0.0,0.0,ok,right,2.6465,2.3369,2.7651,2.1305,2.0201,2.2175,False,"[2.7415, 1.8277, 1.8277, 2.2846, 1.5013, -0.0, 2.9374, -0.3916]","[-459.2239, -348.8201, -561.593, -940.7365, -3333.6011, -12662.7512, -17186.3289, -49605.4682]","[3.621, 2.9887, 2.8053, -1000938.6042, -1003331.6388, -1012660.6189, -1017184.3667, -1049603.3359]","[2.218, 1.638, 1.979, 2.098, 3.48, 3.248, 3.415, 4.192]",0.854,0.0,0.0,0.0,0.0,0.0,0.0,0.0,0.0,0.0,1.6379,8.0,1.4594,2.3369,1.8143,1.107,1.5083,1.6379,"[[2.258, -0.131], [4.257, -0.783], [4.542, -0.914], [6.541, -2.089], [7.683, -3.525], [8.54, -5.483]]",1.1871,0.0,0.9508,1.0236,0.5118,0.5797,3.0,0.0,ok,4.1923,0.0,0.0,1.0,0.0,0.0,1.0,0.0,0.0,0.16666666666666666,ccd733959138440885578f1afeaaa4a7,scene-0108,44
0.7917,0.0527,0.5352,0.4763,0.4866,0.4424,0.0,0.0,0.0,0.0,0.0,0.0,0.0,0.0,0.0,ok,straight,0.7853,0.0527,0.8205,0.7582,0.6276,0.5839,False,"[-0.1305, -0.0, -0.4569, -0.1305, -0.2611, -0.3916, -0.2611, -1.3055]","[-160.6983, -701.0799, -108.9842, -93.6831, -25.2511, -25.4958, -417518.7994, -967998.3766]","[2.6699, 2.1487, 1.8124, 1.8074, 1.4646, 1.1215, -1417517.2762, -1967996.8533]","[0.584, 1.076, 0.621, 0.49, 0.594, 1.396, 11.77, 9.905]",4.3834,0.0,0.0,0.0,0.0,0.0,0.0,0.0,0.0,0.0,0.4899,8.0,0.7917,0.0527,0.8205,0.4763,0.4866,0.4899,"[[4.257, 0.0], [7.398, 0.0], [11.11, -0.131], [14.25, -0.131], [18.248, -0.261], [21.389, -0.261]]",-0.0065,0.0,0.0,0.282,0.141,0.094,1.0,0.0,ok,11.7704,0.0,0.0,0.0,0.0,0.0,0.0,0.0,0.0,0.0,0141260a339d4b37addb55818bbae718,scene-0108,44
1.2078,1.0661,2.1598,0.8186,0.9902,1.4303,0.0,0.0,0.0,0.0,0.0,0.0,0.0,0.0,0.0,ok,straight,1.2078,1.0661,2.1598,0.8186,0.9902,1.4303,False,"[-0.1305, -0.1305, -0.3264, -0.1958, -0.0, -0.0653, -0.1958, -0.718]","[-298.068, -601.5148, -278.1387, -799.5537, -1743.7852, -11178.4959, -97658.4783, -155882.9466]","[2.8976, 2.8755, 1.9602, -1000797.698, -1001741.9294, -1011176.6235, -1097656.6059, -1155881.0908]","[1.43, 1.715, 0.925, 2.034, 2.212, 2.239, 8.937, 4.92]",2.4865,0.0,0.0,0.0,0.0,0.0,0.0,0.0,0.0,0.0,0.9252,8.0,1.2078,1.0661,0.9552,0.8186,0.9902,0.9252,"[[3.686, 0.0], [6.827, -0.131], [10.539, -0.131], [14.25, -0.131], [16.249, -0.261], [19.961, -0.261]]",0.0,0.0,1.2045,0.0,0.0,0.5051,1.0,0.0,ok,8.9367,0.0,0.0,0.0,0.0,0.0,0.0,0.0,0.0,0.0,4d0d06979c984a72bfb9e6c5e3a35f84,scene-0109,44
1.0945,2.623,3.0089,0.962,1.7399,2.2326,0.0,0.0,0.0,0.0,0.0,0.0,0.0,0.0,0.0,ok,right,2.8051,4.8965,4.1322,1.6752,2.9529,3.4615,False,"[0.8486, 0.8486, 1.1749, 0.8486, 1.3055, 0.4569, -8.2899, 0.9138]","[-493.0054, -1028.8083, -2154.0313, -3558.9117, -4409.9064, -7812.0579, -11657.6792, -12681.8762]","[3.6849, 3.5636, -1002151.8298, -1003555.6174, -1004406.6121, -1007808.7637, -1011655.4776, -1012678.5819]","[3.462, 3.045, 4.032, 2.43, 2.592, 3.209, 6.238, 2.814]",1.146,0.0,0.0,0.0,0.0,0.0,0.0,0.0,0.0,0.0,2.4296,8.0,3.087,1.2174,3.0089,2.1007,2.03,2.4296,"[[2.829, -0.131], [7.112, -0.392], [9.682, -0.261], [13.394, -0.914], [15.678, -1.436], [17.391, -1.697]]",-0.2819,3.6791,1.1233,-0.4255,0.9228,1.0319,5.0,0.0,ok,6.2377,0.0,0.0,0.0,0.0,0.0,0.0,0.0,0.0,0.0,fe6cb26795a641bb96d5fada8f535b1c,scene-0109,44
0.843,2.2486,3.9049,0.5302,1.1823,1.9531,0.0,0.0,0.0,0.0,0.0,0.0,0.0,0.0,0.0,ok,left,0.843,2.167,3.9049,0.5302,1.1619,1.9395,True,"[-0.0653, -0.3916, 0.0, 8.2899, 0.718, -0.0653, 1.5666, -0.1958]","[-91.6545, -442.7405, -6161.6004, -16670.106, -2189.4977, -3680.6328, -8200.8156, -12217.9472]","[1.17, 0.9869, -1006161.0659, -1016669.5714, -2003520.3683, -2005011.5034, -2009531.6862, -2013548.8178]","[1.939, 1.928, 2.361, 5.598, 1.622, 2.18, 1.941, 2.768]",1.1989,0.0,0.0,0.0,0.0,0.0,0.0,0.0,0.0,0.0,1.6224,8.0,0.843,2.1423,3.3293,0.5302,1.5232,1.6224,"[[3.115, -0.131], [5.399, -0.131], [8.54, 0.0], [11.11, 0.0], [13.679, -0.131], [16.249, -0.131]]",0.0,0.0247,0.5756,0.0,-0.3613,0.3171,2.0,0.0,ok,5.5978,0.0,0.0,0.0,0.0,0.0,0.0,0.0,0.0,0.0,c42868f6a88b4f0db5e64d3b206977df,scene-0109,44
1.0272,1.478,0.7611,0.6203,1.1922,1.3525,0.0,0.0,0.0,0.0,0.0,0.0,0.0,0.0,0.0,ok,straight,1.0272,2.926,0.9979,0.6203,1.3522,1.3572,False,"[-0.6527, -0.6527, -0.5222, -5.8095, -0.9138, -0.5875, -0.6527, -1.6319]","[-864.2065, -352.0707, -5564.388, -13252.4531, -19889.9136, -136622.8498, -165279.5989, -380759.1336]","[3.9028, 3.122, -1005562.4409, -1013249.7211, -1019887.9665, -1136620.1178, -1165277.6517, -1380756.4016]","[1.357, 1.441, 2.303, 3.405, 3.009, 4.118, 7.01, 17.683]",5.0667,0.0,0.0,0.0,0.0,0.0,0.0,0.0,0.0,0.0,1.3572,8.0,1.0272,2.926,0.9979,0.6203,1.3522,1.3572,"[[3.686, -0.131], [7.398, -0.261], [11.11, -0.914], [16.535, -0.522], [19.104, -1.044], [22.245, -1.305]]",0.0,0.0,0.0,0.0,0.0,0.0,0.0,1.0,ok,17.6825,0.0,0.0,0.0,0.0,0.0,0.0,0.0,0.0,0.0,d5fc40696a104448993f0ac24c29032d,scene-0109,44
0.6148,0.8291,1.4705,0.5746,0.6314,0.8495,0.0,0.0,0.0,0.0,0.0,0.0,0.0,0.0,0.0,ok,straight,0.6148,0.8291,1.4705,0.5746,0.6314,0.8495,False,"[-0.1305, -0.1305, -0.0653, -0.5222, -0.0653, -8.2899, -0.1958, -1.6971]","[-6.6969, -77.9785, -1302.113, -1818.9452, -10764.2156, -14308.8286, -27989.2604, -854907.6959]","[1.1545, 1.154, -1001301.8374, -1001818.67, -1010763.94, -1014308.553, -1027988.9852, -1854907.4207]","[0.85, 0.72, 1.387, 0.981, 2.046, 3.286, 2.175, 9.935]",2.8594,0.0,0.0,0.0,0.0,0.0,0.0,0.0,0.0,0.0,0.7202,8.0,0.6148,0.5463,1.4705,0.5746,0.4374,0.7202,"[[4.542, 0.0], [9.396, -0.131], [14.25, -0.131], [18.819, -0.131], [23.387, -0.131], [27.956, -0.261]]",0.0,0.2828,0.0,0.0,0.194,0.1293,1.0,0.0,ok,9.9351,0.0,0.0,0.0,0.0,0.0,0.0,0.0,0.0,0.0,80c91574d0174206a74435200aba8ba8,scene-0110,44
1.7141,3.7618,4.9648,1.031,2.1723,3.1064,0.0,0.0,0.0,0.0,0.0,0.0,0.0,0.0,0.0,ok,straight,0.0972,2.629,4.9648,0.2226,1.2012,2.459,True,"[-0.1305, -0.1305, -0.0653, -6.3969, -0.1305, -0.2611, -0.0653, -0.1958]","[-944.6221, -2035.6571, -1509.8173, -7923.4845, -8422.2006, -13925.6579, -131487.6402, -352619.5816]","[4.3889, 3.5554, -1001507.1842, -1007920.0272, -1008419.5674, -1013922.2007, -1131484.1829, -1352616.9485]","[2.459, 2.411, 2.418, 3.877, 2.411, 2.1, 8.249, 14.515]",4.138,0.0,0.0,0.0,0.0,0.0,0.0,0.0,0.0,0.0,2.0997,8.0,0.0972,2.629,4.7773,0.2226,1.2012,2.0997,"[[4.257, 0.0], [10.253, 0.0], [13.679, 0.0], [17.962, 0.0], [20.818, -0.131], [25.957, -0.261]]",0.0,0.0,0.1875,0.0,0.0,0.3593,4.0,0.0,ok,14.5147,0.0,0.0,0.0,0.0,0.0,0.0,0.0,0.0,0.0,d968a5eaaae446f6848302351550dd71,scene-0110,44
1.7712,3.7439,4.6572,1.343,2.3404,3.0527,0.0,0.0,0.0,0.0,0.0,0.0,0.0,0.0,0.0,ok,straight,1.7712,3.7439,4.6572,1.343,2.3404,3.0527,False,"[-0.0653, -0.0653, -8.2899, -0.1958, -0.0653, -0.1958, -0.0, -0.0653]","[-51.421, -3701.1532, -28552.9471, -129984.7229, -2799.5908, -2896.2521, -3243.0227, -3814.492]","[2.8329, -1003699.2314, -1028551.0254, -1129982.8011, -2005783.1508, -2005879.8121, -2006226.5827, -2006798.052]","[3.053, 3.438, 4.892, 9.069, 2.678, 2.687, 1.87, 1.959]",2.2131,0.0,0.0,0.0,0.0,0.0,0.0,0.0,0.0,0.0,1.8702,8.0,1.7712,4.0294,0.6636,1.343,1.779,1.8702,"[[4.257, 0.0], [8.54, 0.0], [12.537, -0.131], [16.82, -0.131], [20.818, -0.131], [25.957, -0.131]]",0.0,-0.2855,3.9936,0.0,0.5614,1.1825,4.0,0.0,ok,9.0687,0.0,0.0,0.0,0.0,0.0,0.0,0.0,0.0,0.0,befb06465a7f4b0793dcaa467854a6dc,scene-0110,44
1.5138,4.3388,6.3674,0.9778,2.1104,3.1061,0.0,0.0,0.0,0.0,0.0,0.0,0.0,0.0,0.0,ok,straight,1.5138,3.7692,2.9732,0.9778,1.968,2.3038,True,"[-0.0653, -0.1305, -0.1305, -0.0, -0.718, -0.1958, -0.0653, -0.2611]","[-429.9459, -426.619, -638.5078, -1118.9242, -4503.9544, -13800.5656, -16668.0222, -417552.6079]","[3.0301, 2.7216, -1000637.23, -1001117.6465, -1004501.9553, -1013799.2879, -1016666.7444, -1417550.6088]","[2.304, 3.009, 3.53, 2.616, 1.725, 3.723, 8.475, 15.802]",4.4724,0.0,0.0,0.0,0.0,0.0,0.0,0.0,0.0,0.0,1.7246,8.0,1.5138,3.7692,1.909,0.9778,1.968,1.7246,"[[4.257, 0.0], [7.969, 0.0], [12.537, -0.131], [15.678, -0.131], [20.818, -0.131], [25.672, -0.131]]",0.0,0.0,1.0642,0.0,0.0,0.5792,1.0,0.0,ok,15.802,0.0,0.0,0.0,0.0,0.0,0.0,0.0,0.0,0.0,355be35606a1455e83b171ce89822e54,scene-0110,44
1.2111,2.1373,3.9938,0.9854,1.4436,2.052,0.0,0.0,0.0,0.0,0.0,0.0,0.0,0.0,0.0,ok,straight,1.2111,2.1373,3.9938,0.9854,1.3723,2.0045,True,"[-0.0, -0.0, -0.1305, -0.9791, -1.8277, -0.1305, -0.1958, -0.0]","[-62.9098, -66.4457, -203.0743, -616.1913, -1208.2979, -1424.3596, -2130.4349, -90487.7779]","[3.2649, 3.25, 3.0336, -1000613.9914, -1001206.0981, -1001422.1745, -1002128.235, -1090485.5929]","[2.004, 1.767, 1.475, 1.897, 2.116, 1.898, 1.878, 4.0]",0.7286,0.0,0.0,0.0,0.0,0.0,0.0,0.0,0.0,0.0,1.4753,8.0,0.3549,2.1373,1.7078,0.2717,1.0155,1.4753,"[[1.116, 0.0], [2.258, 0.0], [3.686, 0.0], [4.542, 0.0], [5.685, 0.0], [5.685, 0.0]]",0.8562,0.0,2.286,0.7137,0.3568,0.5292,5.0,0.0,ok,4.0004,0.0,0.0,0.0,0.0,0.0,0.0,0.0,0.0,0.0,79070dca796f4ffb868d84f1b067f9c2,scene-0221,44
0.3811,0.8948,0.8667,0.2972,0.5918,0.8314,0.0,0.0,0.0,0.0,0.0,0.0,0.0,0.0,0.0,ok,straight,0.3811,0.8948,1.7231,0.2972,0.5918,0.9741,False,"[-0.0, -0.0, -0.0653, -0.1305, -0.0, -0.0653, -8.2899, -8.2899]","[-100.4808, -383.2307, -681.8195, -1080.1432, -1854.3725, -2771.9295, -12056.4286, -16483.9331]","[3.6539, 3.6055, 3.4972, -1001077.8579, -1001852.0873, -1002769.6442, -1012054.1045, -1016481.6089]","[0.974, 1.214, 0.904, 0.821, 0.962, 1.067, 4.442, 4.204]",1.4484,0.0,0.0,0.0,0.0,0.0,0.0,0.0,0.0,0.0,0.8214,8.0,0.3811,0.534,1.7385,0.2972,0.5729,0.8214,"[[0.259, 0.0], [1.116, 0.0], [1.687, 0.0], [1.687, 0.0], [2.544, 0.0], [2.544, 0.0]]",0.0,0.3607,-0.0154,0.0,0.0188,0.1527,3.0,0.0,ok,4.4422,0.0,0.0,1.0,0.0,0.0,1.0,0.0,0.0,0.16666666666666666,eda82ccd4f3747eab66d9c402317dbc9,scene-0221,44
1.5267,2.6911,3.3634,1.1094,1.8138,2.3513,0.0,0.0,0.0,0.0,0.0,0.0,0.0,0.0,0.0,ok,left,1.1973,2.6911,4.0874,0.8069,1.6626,2.3712,False,"[1.2402, 1.2402, 8.2899, -1.1097, -7.0497, 8.2899, -8.2899, -6.7233]","[-442.801, -23.8322, -1629.894, -7179.4747, -8306.7519, -9342.4404, -24080.1911, -36569.5183]","[3.7865, 1.9116, -1001629.1709, -1007178.7516, -1008304.1192, -1009341.7173, -1024077.5584, -1036566.8856]","[2.371, 2.472, 3.837, 3.718, 5.395, 4.949, 4.972, 4.687]",1.0803,0.0,0.0,0.0,0.0,0.0,0.0,0.0,0.0,0.0,2.3712,8.0,1.1973,2.6911,4.0874,0.8069,1.6626,2.3712,"[[1.402, 0.0], [2.829, 1.175], [3.686, 0.522], [5.113, 1.175], [5.97, 1.697], [6.827, 2.48]]",0.0,0.0,0.0,0.0,0.0,0.0,0.0,1.0,ok,5.3951,0.0,1.0,0.0,0.0,1.0,1.0,0.0,0.25,0.3333333333333333,4fa6e380731d4819bc404bcf38240a90,scene-0221,44
0.6831,0.2228,1.4417,0.5502,0.4587,0.7922,0.0,0.0,0.0,0.0,0.0,0.0,0.0,0.0,0.0,ok,straight,0.6831,0.2228,1.4417,0.5502,0.4587,0.7922,False,"[-0.0653, -0.0653, -0.2611, -0.0653, -0.1958, -0.0, -0.1305, -0.2611]","[-108.2047, -654.9523, -814.8447, -1165.6518, -2238.6142, -9055.4231, -10943.1613, -22214.8315]","[2.0778, -1000654.3769, -1000814.2692, -1001162.7963, -1002235.7587, -1009052.5676, -1010940.3058, -1022214.2561]","[0.792, 0.673, 0.76, 1.003, 1.192, 1.053, 1.167, 3.552]",0.8794,0.0,0.0,0.0,0.0,0.0,0.0,0.0,0.0,0.0,0.6726,8.0,0.6831,0.2228,0.418,0.5502,0.4587,0.6726,"[[1.687, 0.0], [3.115, 0.0], [4.542, 0.0], [5.97, -0.131], [6.541, -0.131], [8.54, -0.131]]",0.0,0.0,1.0238,0.0,0.0,0.1196,2.0,0.0,ok,3.5518,0.0,0.0,0.0,0.0,0.0,0.0,0.0,0.0,0.0,a5e43b1d5df14313b0ad5e9a7310c355,scene-0221,44
3.0657,6.9851,9.8948,2.3684,4.2459,5.9263,0.0,0.0,0.0,0.0,0.0,0.0,0.0,0.0,0.0,ok,left,3.747,6.9851,9.8948,2.5664,4.2006,5.896,True,"[1.2402, 1.2402, -6.4622, 3.3943, 1.1749, -8.2899, -0.9791, 2.0888]","[-721.6394, -2047.8682, -3572.8644, -6704.5963, -11715.3217, -15464.6267, -84347.6581, -934135.6771]","[3.2144, -1002045.7054, -1003570.7016, -1006702.3341, -1011713.0595, -1015462.4639, -1084345.3959, -1934133.5143]","[5.896, 5.86, 8.085, 5.189, 4.728, 8.335, 6.611, 12.079]",2.23,0.0,0.0,0.0,0.0,0.0,0.0,0.0,0.0,0.0,4.728,8.0,3.747,6.9851,8.0188,2.5664,4.2006,4.728,"[[3.4, 0.131], [5.97, 1.305], [9.682, 0.783], [12.252, 1.697], [15.393, 1.697], [19.961, 2.48]]",0.0,0.0,1.876,0.0,0.0,1.168,3.0,0.0,ok,12.0786,0.0,0.0,0.0,0.0,0.0,0.0,0.0,0.0,0.0,30e55a3ec6184d8cb1944b39ba19d622,scene-0268,44
1.6946,2.6942,3.4579,1.2772,2.0213,2.3549,0.0,0.0,0.0,0.0,0.0,0.0,0.0,0.0,0.0,ok,straight,1.6946,3.2622,3.4579,1.2772,2.1633,2.592,False,"[-0.0653, -0.2611, -0.0653, -0.0653, -0.3264, -0.0, -0.1958, -0.4569]","[-66.5019, -210.6095, -268.4976, -686.0999, -968.7796, -1570.9443, -3806.547, -9074.2332]","[3.7962, 2.4289, 0.8975, 0.7523, -1000966.4524, -1001571.4456, -1003807.0483, -1009071.906]","[2.592, 2.095, 1.896, 2.319, 2.34, 1.614, 3.41, 2.366]",0.499,0.0,0.0,0.0,0.0,0.0,0.0,0.0,0.0,0.0,1.6141,8.0,1.6946,1.9062,0.904,1.2772,1.7532,1.6141,"[[3.115, 0.0], [6.541, 0.0], [9.111, 0.0], [12.252, 0.0], [15.393, -0.131], [18.248, -0.131]]",0.0,1.356,2.5539,0.0,0.4101,0.978,6.0,0.0,ok,3.4097,0.0,0.0,0.0,0.0,0.0,0.0,0.0,0.0,0.0,f7d75d25c86941f3aecfed9efea1a3e3,scene-0268,44
0.2514,0.661,2.5055,0.1342,0.3301,0.9211,0.0,0.0,0.0,0.0,0.0,0.0,0.0,0.0,0.0,ok,straight,0.2514,0.661,2.5055,0.1342,0.3301,0.7787,True,"[-0.0653, -0.0653, -0.0653, -0.3916, -0.0, -0.0, -0.3264, -8.2899]","[-43.1487, -298.3269, -523.5603, -501.654, -1148.6669, -4034.6232, -18562.3216, -22412.5032]","[4.3513, 4.1729, 4.1466, 4.0283, -1001145.5566, -1004031.3645, -1018559.0629, -1022409.2445]","[0.779, 1.016, 1.824, 1.88, 1.307, 1.491, 1.932, 4.347]",1.0309,0.0,0.0,0.0,0.0,0.0,0.0,0.0,0.0,0.0,0.7787,8.0,0.2514,0.661,2.5055,0.1342,0.3301,0.7787,"[[2.258, 0.0], [4.542, 0.0], [6.541, 0.0], [8.54, 0.0], [10.253, -0.131], [13.108, -0.131]]",0.0,0.0,0.0,0.0,0.0,0.0,0.0,1.0,ok,4.3468,0.0,0.0,0.0,0.0,0.0,0.0,0.0,0.0,0.0,f38aedc5545643d5be815165c6574186,scene-0268,44
0.5176,1.2116,2.3586,0.4107,0.7138,1.1547,0.0,0.0,0.0,0.0,0.0,0.0,0.0,0.0,0.0,ok,straight,0.5176,1.2116,2.3586,0.4107,0.7138,1.1547,False,"[-0.0, -0.0, -0.0, -0.0, -0.0, -0.0653, -0.1958, -0.0]","[-0.013, -18.2751, -25.3651, -99.9788, -227.4435, -603.3198, -3037.3398, -9006.6837]","[3.2951, 3.2889, 3.2863, 3.261, 3.218, -1000601.0764, -1003035.0967, -1009004.4405]","[1.155, 0.917, 0.584, 0.917, 0.654, 1.178, 1.322, 1.225]",0.2541,0.0,0.0,0.0,0.0,0.0,0.0,0.0,0.0,0.0,0.5839,8.0,0.5176,0.3555,1.5024,0.4107,0.357,0.5839,"[[-0.026, 0.0], [-0.026, 0.0], [-0.026, 0.0], [-0.026, 0.0], [-0.026, 0.0], [-0.026, 0.0]]",0.0,0.8561,0.8562,0.0,0.3567,0.5708,4.0,0.0,ok,1.3224,0.0,1.0,1.0,0.0,1.0,1.0,0.0,0.25,0.5,8d4ef2af6b394e5e8ccfd6e2e90156dc,scene-0268,44
0.6913,1.979,4.6654,0.3836,1.0276,2.0705,0.0,0.0,0.0,0.0,0.0,0.0,0.0,0.0,0.0,ok,left,0.6913,1.979,4.9184,0.3836,0.9565,2.0653,True,"[2.3499, 8.2899, 3.7859, -5.4178, 2.3499, 8.2899, 8.2899, 7.5719]","[-232.1775, -3935.0772, -5554.3369, -58955.3216, -4129.762, -4994.795, -16062.6358, -16588.1954]","[1.4875, -1003933.8806, -1005553.1402, -1058954.125, -2005727.0033, -2006592.0363, -2017659.8771, -2018185.4367]","[2.065, 2.755, 2.075, 7.099, 2.575, 4.339, 4.772, 4.485]",1.6264,0.0,0.0,0.0,0.0,0.0,0.0,0.0,0.0,0.0,2.0653,8.0,0.6913,1.979,4.9184,0.3836,0.9565,2.0653,"[[1.687, 0.131], [3.686, 0.653], [5.399, 1.697], [6.541, 3.003], [7.398, 3.003], [8.254, 4.7]]",0.0,0.0,0.0,0.0,0.0,0.0,0.0,1.0,ok,7.0992,0.0,0.0,0.0,0.0,0.0,0.0,0.0,0.0,0.0,adce54dcf6404d37bd170ffc4c2a7836,scene-0269,44
0.9408,0.9851,3.3868,0.7154,0.9856,1.5799,0.0,0.0,0.0,0.0,0.0,0.0,0.0,0.0,0.0,ok,straight,0.7255,0.4253,3.6866,0.4654,0.7207,1.311,True,"[-1.0444, -0.5222, -1.0444, -1.2402, -1.2402, -0.6527, -0.5222, -0.3916]","[-181.219, -821.3, -921.3094, -6827.7132, -7186.5698, -14669.1367, -109700.891, -143954.5973]","[2.4748, 2.1622, 0.5503, -1006827.1548, -1007184.1006, -1014666.6675, -1109700.3325, -1143952.1281]","[1.311, 0.728, 1.349, 2.185, 1.855, 1.861, 5.037, 4.205]",1.4088,0.0,0.0,0.0,0.0,0.0,0.0,0.0,0.0,0.0,0.7278,8.0,0.7789,0.4253,0.8236,0.5798,0.7779,0.7278,"[[3.971, 0.0], [7.683, 0.131], [11.11, -0.522], [15.678, -0.783], [19.104, -1.175], [21.96, -2.089]]",-0.0533,0.0,2.863,-0.1144,-0.0572,0.5831,1.0,0.0,ok,5.0371,0.0,0.0,0.0,0.0,0.0,0.0,0.0,0.0,0.0,1220f9a205ae44418fcce91722e1e601,scene-0269,44
1.2879,1.9825,6.8346,1.1077,1.4266,3.0025,0.0,0.0,0.0,0.0,0.0,0.0,0.0,0.0,0.0,ok,straight,1.2879,1.9825,4.559,1.1077,1.4266,2.6254,True,"[-0.5875, -0.5875, -0.1305, -4.2429, -0.8486, -1.8277, -0.9138, -0.4569]","[-748.1329, -918.6435, -955.5367, -1809.5076, -4426.7895, -11442.2284, -46787.4733, -838506.3813]","[-1000745.7876, -1000916.3472, -1000953.2404, -1001807.2113, -1004424.4442, -1011439.8831, -1046785.177, -1838504.036]","[2.625, 2.436, 4.297, 2.885, 2.066, 2.009, 3.43, 9.653]",2.3667,0.0,0.0,0.0,0.0,0.0,0.0,0.0,0.0,0.0,2.0087,8.0,1.2879,1.9825,3.2251,1.1077,1.4266,2.0087,"[[3.686, 0.0], [7.969, -0.131], [12.537, -0.261], [16.82, -0.522], [19.104, -0.783], [24.815, -1.175]]",0.0,0.0,1.3339,0.0,0.0,0.6167,3.0,0.0,ok,9.6531,0.0,0.0,0.0,0.0,0.0,0.0,0.0,0.0,0.0,802619f6fb5940608483cb29fc1beab6,scene-0269,44
0.4207,0.5868,0.5772,0.2899,0.4555,0.4595,0.0,0.0,0.0,0.0,0.0,0.0,0.0,0.0,0.0,ok,straight,0.4207,0.5868,1.726,0.2899,0.449,0.8218,False,"[-0.718, -1.2402, -0.4569, -1.1097, -0.718, -1.6971, -0.718, -0.8486]","[-362.8736, -271.5063, -939.06, -1176.8095, -1657.4681, -2726.1514, -21236.7018, -28447.1834]","[3.0387, 1.6274, -1000937.2668, -1001174.4122, -1001655.0708, -1002723.7541, -1021234.9087, -1028444.7862]","[0.822, 1.061, 0.769, 2.518, 1.708, 1.97, 2.954, 3.013]",0.8588,0.0,0.0,0.0,0.0,0.0,0.0,0.0,0.0,0.0,0.7686,8.0,0.4207,0.5868,2.3059,0.2899,0.449,0.7686,"[[4.542, 0.0], [8.825, -0.131], [13.394, -0.261], [18.248, -0.522], [22.245, -1.044], [29.098, -1.436]]",0.0,0.0,-0.5799,0.0,0.0,0.0532,1.0,0.0,ok,3.013,0.0,0.0,0.0,0.0,0.0,0.0,0.0,0.0,0.0,5abd3d15e63c44a8a8189a6e70a496ef,scene-0269,44
0.9317,2.9207,3.4587,0.5796,1.4077,2.1521,0.0,0.0,0.0,0.0,0.0,0.0,0.0,0.0,0.0,ok,straight,0.9317,2.9207,3.4587,0.5796,1.4077,2.1521,False,"[-0.0653, -0.0653, -0.0, -0.1305, -0.1305, -0.0, -0.3264, -0.3916]","[-49.3331, -563.3503, -1075.8473, -1420.5914, -1799.8997, -3396.4518, -5530.053, -13628.94]","[2.9798, 1.4189, -1001074.2143, -1001420.3965, -1001799.7048, -1003394.8188, -1005528.42, -1013628.7451]","[2.152, 2.081, 2.723, 2.463, 1.465, 3.199, 2.537, 3.0]",0.5173,0.0,0.0,0.0,0.0,0.0,0.0,0.0,0.0,0.0,1.4651,8.0,0.2176,2.9207,3.1141,0.3653,1.3005,1.4651,"[[3.686, 0.0], [7.398, 0.0], [11.11, -0.131], [15.393, -0.131], [19.104, -0.131], [21.389, -0.131]]",0.7141,0.0,0.3445,0.2144,0.1072,0.6869,2.0,0.0,ok,3.1994,0.0,0.0,0.0,0.0,0.0,0.0,0.0,0.0,0.0,51f37263b06c417e94138f2d9348f909,scene-0270,44
1.2381,2.5748,3.5796,0.8836,1.5495,2.2069,0.0,0.0,0.0,0.0,0.0,0.0,0.0,0.0,0.0,ok,straight,1.2381,2.5748,3.5796,0.8836,1.5495,2.2069,False,"[-0.0, -0.0, -0.0653, -0.4569, -1.893, -0.1305, -0.3916, -0.0653]","[-17.2085, -54.1764, -780.1082, -878.0482, -1622.8663, -2436.0528, -5034.4932, -39762.5592]","[3.6071, 3.5701, -1000777.66, -1000875.6, -1001620.4182, -1002433.5705, -1005032.0109, -1039760.0769]","[2.207, 2.446, 2.386, 2.64, 2.868, 2.78, 3.639, 8.021]",1.8034,0.0,0.0,0.0,0.0,0.0,0.0,0.0,0.0,0.0,2.2069,8.0,1.2381,2.5748,3.5796,0.8836,1.5495,2.2069,"[[2.258, 0.0], [4.542, 0.0], [6.541, 0.0], [8.54, 0.0], [10.539, 0.0], [11.681, 0.0]]",0.0,0.0,0.0,0.0,0.0,0.0,0.0,1.0,ok,8.0214,0.0,0.0,0.0,0.0,0.0,0.0,0.0,0.0,0.0,7b175346a22b4e68b54a9d21f88446dc,scene-0270,44
0.1637,0.1585,0.1591,0.165,0.1617,0.1608,0.0,0.0,0.0,0.0,0.0,0.0,0.0,0.0,0.0,ok,straight,0.1637,0.1585,0.9853,0.165,0.1617,0.2985,False,"[-0.0, -0.0, -0.0, -2.0888, -0.0, -0.0, -3.1332, -0.7833]","[-25.0582, -74.6268, -648.6837, -773.0471, -3384.076, -5326.9664, -5562.8977, -171955.3838]","[3.5314, 3.5305, 3.5202, -1000770.5952, -1003381.6241, -1005324.5144, -1005560.4457, -1171952.9319]","[0.298, 0.812, 0.436, 0.996, 0.973, 0.967, 2.464, 14.56]",4.5284,0.0,0.0,0.0,0.0,0.0,0.0,0.0,0.0,0.0,0.2985,8.0,0.1637,0.1585,0.9853,0.165,0.1617,0.2985,"[[-0.026, 0.0], [-0.026, 0.0], [-0.026, 0.0], [-0.026, 0.0], [-0.026, 0.0], [1.116, 0.0]]",0.0,0.0,0.0,0.0,0.0,0.0,0.0,1.0,ok,14.5595,0.0,0.0,0.0,0.0,0.0,0.0,0.0,0.0,0.0,849bde6d489544178c838baa28142bd4,scene-0270,44
0.3452,0.1155,0.698,0.3426,0.2456,0.3407,0.0,0.0,0.0,0.0,0.0,0.0,0.0,0.0,0.0,ok,straight,0.3452,0.1155,0.698,0.3426,0.2456,0.3407,False,"[-0.0, -0.0, -0.1958, -0.5875, -0.1305, -0.0, -0.6527, -0.9791]","[-49.1304, -120.296, -249.2121, -92.7716, -598.793, -2829.6512, -32485.94, -246066.9889]","[3.2706, 3.2698, 2.7073, 1.5875, -1000596.8726, -1002827.7309, -1032484.0198, -1246065.0686]","[0.341, 0.385, 1.037, 1.669, 0.842, 0.838, 4.209, 11.648]",3.605,0.0,0.0,0.0,0.0,0.0,0.0,0.0,0.0,0.0,0.3407,8.0,0.3452,0.1155,0.698,0.3426,0.2456,0.3407,"[[-0.026, 0.0], [0.259, 0.0], [1.116, 0.0], [1.116, 0.0], [1.116, 0.0], [1.116, 0.0]]",0.0,0.0,0.0,0.0,0.0,0.0,0.0,1.0,ok,11.6479,0.0,0.0,0.0,0.0,0.0,0.0,0.0,0.0,0.0,9de41b523cce4fb3aa4f6230ec06345d,scene-0270,44
4.0168,6.2673,9.4793,3.2995,4.4675,5.909,0.0,1.0,0.0,0.0,1.0,1.0,0.0,0.5,0.5,ok,straight,4.0168,6.5529,9.4793,3.2995,4.5389,6.0042,False,"[-0.0653, -0.1958, -0.0653, -0.0, -0.5222, -0.0653, -0.1958, -0.1305]","[-25.2978, -86.6448, -1331.3094, -1367.8788, -5239.0987, -8107.6294, -31275.1668, -84145.5173]","[3.6522, 2.796, 2.4053, -1001365.4139, -1005237.8329, -1008105.1644, -1031273.901, -1084144.2514]","[6.004, 7.05, 6.149, 6.245, 8.338, 4.912, 6.496, 16.285]",3.3755,0.0,1.0,0.0,0.0,1.0,1.0,0.0,0.5,0.5,4.9125,8.0,4.0168,6.5529,8.6236,3.2995,4.5389,4.9125,"[[2.829, 0.0], [5.113, 0.0], [7.398, 0.0], [10.253, -0.131], [13.108, -0.131], [15.393, -0.131]]",0.0,0.0,0.8557,0.0,0.0,1.0917,1.0,0.0,ok,16.2854,0.0,1.0,1.0,0.0,1.0,1.0,0.0,0.5,0.6666666666666666,c28c950afda14f7b93ff956799873dff,scene-0271,44
3.885,8.8132,11.2043,3.0266,5.2638,7.155,0.0,0.0,0.0,0.0,0.0,0.0,0.0,0.0,0.0,ok,straight,3.885,8.8132,11.2043,3.0266,5.2638,7.0132,True,"[-0.3264, -0.3264, -0.4569, -1.5013, -0.6527, -0.5222, -8.2899, -0.1305]","[-198.0088, -148.1726, -959.7115, -978.7064, -1664.8773, -29133.3732, -46042.0516, -69364.8868]","[4.0069, 3.6042, -1000957.3055, -1000976.3004, -1001662.0668, -1029130.5626, -1046039.6457, -1069362.0762]","[7.013, 8.15, 10.18, 8.832, 9.852, 6.264, 10.581, 7.635]",1.4638,0.0,0.0,0.0,0.0,0.0,0.0,0.0,0.0,0.0,6.2636,8.0,3.885,8.8132,0.7283,3.0266,5.2638,6.2636,"[[4.828, 0.0], [9.111, 0.0], [13.965, 0.131], [19.104, 0.0], [22.531, 0.131], [26.528, 0.653]]",0.0,0.0,10.476,0.0,0.0,0.7496,1.0,0.0,ok,10.5813,0.0,0.0,0.0,0.0,0.0,0.0,0.0,0.0,0.0,28b11a54a9554bcab30d73ee193046b5,scene-0271,44
3.1374,6.2199,9.8301,2.2626,3.793,5.6251,0.0,0.0,0.0,0.0,0.0,0.0,0.0,0.0,0.0,ok,straight,3.1374,6.2199,7.2678,2.2626,3.793,4.7711,True,"[-0.0, -0.0653, -0.0653, -0.1958, -0.0653, -0.1305, -0.1958, -0.0653]","[-383.1024, -70.9696, -118.4534, -349.8392, -814.2389, -2994.525, -9342.9537, -23373.1192]","[4.6591, 3.6999, 3.6937, 1.6111, -1000811.6939, -1002991.98, -1009340.4087, -1023370.522]","[4.771, 5.578, 5.009, 7.157, 6.434, 8.861, 8.004, 9.004]",1.5658,0.0,0.0,0.0,0.0,0.0,0.0,0.0,0.0,0.0,4.7711,8.0,3.1374,6.2199,7.2678,2.2626,3.793,4.7711,"[[3.115, 0.0], [6.541, 0.0], [9.111, 0.0], [11.966, -0.131], [12.823, -0.653], [14.822, 0.0]]",0.0,0.0,0.0,0.0,0.0,0.0,0.0,1.0,ok,9.0041,0.0,0.0,0.0,0.0,0.0,0.0,0.0,0.0,0.0,f09c85b7ca614a97b5a2293ad5b1182c,scene-0271,44
5.1137,9.6831,15.3934,3.9716,6.2564,8.731,0.0,0.0,0.0,0.0,0.0,0.0,0.0,0.0,0.0,ok,straight,5.1137,9.6831,15.3951,3.9716,6.2564,8.7316,False,"[-0.1305, -0.1305, -0.1958, -0.6527, -0.1958, -3.5248, -0.2611]","[-34.7975, -479.1194, -757.9159, -74.3289, -2029.1153, -3108.5382, -7573.0221]","[3.6534, 3.6231, 3.455, 3.1852, -1002026.7685, -1003106.044, -1007570.5278]","[8.732, 8.969, 8.779, 8.457, 9.065, 8.201, 9.307]",0.3456,0.0,0.0,0.0,0.0,0.0,0.0,0.0,0.0,0.0,8.2006,7.0,4.8282,10.8244,12.2096,3.8289,6.613,8.2006,"[[2.829, 0.0], [5.113, 0.0], [7.398, 0.131], [9.682, 0.131], [11.966, 0.261], [15.393, 0.261]]",0.2855,-1.1413,3.1855,0.1428,-0.3567,0.531,2.0,0.0,ok,9.3065,0.0,0.0,0.0,0.0,0.0,0.0,0.0,0.0,0.0,95da06d762ea41ed8050c8d7a9cefa8c,scene-0271,44
4.5443,9.9709,15.4064,3.6868,6.2572,8.8298,0.0,0.0,0.0,0.0,0.0,0.0,0.0,0.0,0.0,ok,straight,4.5443,9.9709,14.8422,3.6868,6.2572,8.7357,True,"[-0.3916, -0.3916, -0.6527, -0.9138, -0.1958, -0.1958, -0.3916, -8.2899]","[-232.0205, -421.674, -565.9313, -1027.256, -1900.6543, -10957.2203, -102034.3765, -151688.9611]","[3.1894, 3.1671, -1000563.7428, -1001025.0864, -1001898.4847, -1010955.0318, -1102032.1881, -1151686.7916]","[8.736, 8.974, 9.502, 10.655, 10.112, 8.82, 10.007, 18.765]",3.1161,0.0,0.0,0.0,0.0,0.0,0.0,0.0,0.0,0.0,8.7357,8.0,4.5443,9.9709,14.8422,3.6868,6.2572,8.7357,"[[2.829, 0.0], [4.542, 0.131], [7.683, 0.131], [9.968, 0.261], [12.537, 0.392], [14.822, 0.783]]",0.0,0.0,0.0,0.0,0.0,0.0,0.0,1.0,ok,18.7651,0.0,1.0,0.0,0.0,1.0,1.0,0.0,0.25,0.3333333333333333,e261f474caa34797b0759aa2ca8a576d,scene-0272,44
3.7085,6.8091,7.6239,3.0529,4.6891,5.8836,0.0,0.0,0.0,0.0,0.0,0.0,0.0,0.0,0.0,ok,straight,3.994,6.8091,7.6239,2.7673,4.5463,5.4557,True,"[-0.0653, -0.0653, -0.1305, -0.5875, -0.0653, -0.5875, -0.1305, -0.1305]","[-65.3534, -160.7803, -498.7773, -1070.6656, -1678.0961, -2252.8097, -2581.0608, -12372.7759]","[3.5742, 3.5513, 3.1572, -1001068.4791, -1001675.9074, -1002250.6232, -1002578.8743, -1012370.5872]","[5.456, 5.551, 6.51, 6.023, 5.238, 6.308, 6.784, 8.497]",0.9737,0.0,0.0,0.0,0.0,0.0,0.0,0.0,0.0,0.0,5.2379,8.0,3.7085,6.8091,4.266,3.0529,4.6891,5.2379,"[[2.829, 0.0], [6.827, 0.0], [10.539, 0.0], [13.679, 0.0], [16.249, 0.131], [19.39, 0.131]]",0.2855,0.0,3.3579,-0.2855,-0.1428,0.2177,1.0,0.0,ok,8.497,0.0,0.0,0.0,0.0,0.0,0.0,0.0,0.0,0.0,6e49bfd9f21447858938b77180bcb6b8,scene-0272,44
0.6498,0.4024,0.4361,0.555,0.5186,0.5137,0.0,0.0,0.0,0.0,0.0,0.0,0.0,0.0,0.0,ok,straight,2.0773,0.4024,0.5623,1.5543,1.0182,0.8678,False,"[-0.0, -0.1958, -1.2402, -0.0, -0.4569, -0.1305, -0.0653, -0.0]","[-424.6996, -427.2918, -839.8698, -967.2457, -994.2149, -1254.3426, -5054.5066, -14397.08]","[3.2806, 2.7868, -1000837.8269, -1000965.1952, -1000992.1644, -1001252.2997, -1005052.4561, -1014395.0295]","[0.868, 0.928, 1.099, 0.972, 1.733, 1.08, 1.812, 1.873]",0.4029,0.0,0.0,0.0,0.0,0.0,0.0,0.0,0.0,0.0,0.8678,8.0,2.0773,0.4024,0.5623,1.5543,1.0182,0.8678,"[[3.4, 0.0], [6.827, 0.0], [7.683, 0.0], [9.682, 0.0], [12.537, 0.0], [15.393, 0.0]]",0.0,0.0,0.0,0.0,0.0,0.0,0.0,1.0,ok,1.8725,0.0,0.0,0.0,0.0,0.0,0.0,0.0,0.0,0.0,670c160e6af24e7c8a8dc34aae1e3a1c,scene-0272,44
0.3771,2.7611,4.9065,0.284,1.1853,2.2171,0.0,0.0,0.0,0.0,0.0,0.0,0.0,0.0,0.0,ok,left,0.6099,2.2538,4.9065,0.6449,1.239,2.2529,False,"[2.2846, 2.2846, 2.8068, 1.8277, 8.2899, 8.2899, 8.2899, 1.5666]","[-306.3976, -36.3583, -1283.4674, -4705.8996, -9357.0827, -31015.0783, -62349.7352, -93753.6635]","[-0.0549, -0.0563, -1001283.5694, -1004706.0017, -1009357.1751, -1031015.1707, -1062349.8276, -1093753.7655]","[2.253, 2.133, 1.128, 1.742, 3.47, 4.774, 4.63, 4.666]",1.3747,0.0,0.0,0.0,0.0,0.0,0.0,0.0,0.0,0.0,1.1279,8.0,0.3771,2.2538,1.9477,0.284,1.0585,1.1279,"[[3.115, 0.261], [4.257, 0.653], [6.827, 1.044], [9.111, 1.697], [11.11, 2.48], [13.108, 4.569]]",0.2328,0.0,2.9588,0.3609,0.1804,1.125,3.0,0.0,ok,4.7742,0.0,0.0,0.0,0.0,0.0,0.0,0.0,0.0,0.0,80d7c172efb64b5296f2d22f942bc963,scene-0272,44
1.3644,3.6603,4.2236,0.9397,2.1219,2.9094,0.0,0.0,0.0,0.0,0.0,0.0,0.0,0.0,0.0,ok,right,0.2629,3.6603,5.1485,0.1722,1.7382,2.763,True,"[0.4569, 0.2611, 0.2611, 0.1958, 0.1305, 0.4569, 0.1305, 0.1305]","[-390.6068, -305.0103, -635.5733, -558.9413, -1287.2884, -3567.1327, -6658.5286, -10615.9192]","[3.4561, 1.9592, 1.8599, 1.3725, -1001286.1548, -1003565.9991, -1006657.4009, -1010614.7855]","[2.763, 2.825, 2.569, 2.95, 3.569, 2.053, 3.13, 6.781]",1.3662,0.0,0.0,0.0,0.0,0.0,0.0,0.0,0.0,0.0,2.0533,8.0,1.3644,3.6603,1.5449,0.9397,2.1219,2.0533,"[[3.4, 0.0], [6.541, -0.131], [7.969, -0.131], [11.11, -0.261], [13.394, -0.261], [15.678, -0.914]]",-1.1015,0.0,3.6036,-0.7675,-0.3837,0.7097,2.0,0.0,ok,6.7806,0.0,0.0,0.0,0.0,0.0,0.0,0.0,0.0,0.0,1d477a7c21784a98b2e6a9289a958fe2,scene-0273,44
2.195,5.9344,10.7638,1.5328,3.3916,5.2535,0.0,0.0,0.0,0.0,0.0,0.0,0.0,0.0,0.0,ok,straight,2.195,5.9344,8.142,1.5328,3.3916,4.927,True,"[-0.3916, -0.6527, -0.6527, -1.436, -0.0653, -0.7833, -0.7833, -8.2899]","[-272.3524, -278.5754, -320.8043, -306.8733, -746.9075, -6373.6053, -14044.6511, -939077.2448]","[1.8633, 1.7605, 1.7604, 1.4523, -1000745.9194, -1006372.6173, -1014043.6629, -1939076.2567]","[4.927, 5.314, 5.266, 5.547, 4.851, 6.351, 6.042, 14.739]",3.1025,0.0,0.0,0.0,0.0,0.0,0.0,0.0,0.0,0.0,4.8514,8.0,2.195,5.9344,9.4739,1.5328,3.3916,4.8514,"[[3.686, 0.0], [7.398, -0.131], [11.966, -0.392], [15.393, -0.522], [19.39, -1.305], [22.245, -0.783]]",0.0,0.0,-1.3319,0.0,0.0,0.0755,1.0,0.0,ok,14.7389,0.0,0.0,0.0,0.0,0.0,0.0,0.0,0.0,0.0,b513d361d0874bf8aa8eeae2e04dd25c,scene-0273,44
1.1518,3.3801,5.2104,0.8439,1.7426,2.7365,0.0,0.0,0.0,0.0,0.0,0.0,0.0,0.0,0.0,ok,right,1.1518,3.3585,5.2104,0.8439,2.0175,2.9102,False,"[1.2402, 1.2402, 0.6527, 2.2846, 0.3916, 0.3264, 1.3708, -8.2899]","[-289.3646, -78.9165, -3346.2479, -14171.2916, -14434.1505, -27931.9592, -58657.2953, -974231.3468]","[2.4737, 2.4493, -1003344.6287, -1014169.6974, -1014432.5564, -1027930.365, -1058655.6761, -1974229.7275]","[2.91, 2.727, 2.928, 3.664, 2.984, 4.798, 6.125, 12.893]",3.2242,0.0,0.0,0.0,0.0,0.0,0.0,0.0,0.0,0.0,2.7269,8.0,1.1518,3.3801,5.2104,0.8439,1.7426,2.7269,"[[3.686, -0.131], [7.398, -0.261], [9.968, -0.653], [14.25, -1.305], [18.248, -1.436], [21.96, -2.48]]",0.0,-0.0216,0.0,0.0,0.2749,0.1833,1.0,0.0,ok,12.893,0.0,0.0,0.0,0.0,0.0,0.0,0.0,0.0,0.0,0c35a9646b7b4c74af3699f46d6bed9a,scene-0273,44
0.9884,0.7009,3.8499,0.5698,0.609,1.3509,0.0,0.0,0.0,0.0,0.0,0.0,0.0,0.0,0.0,ok,right,0.9884,0.7009,4.2977,0.5698,0.609,1.4392,False,"[1.2402, 1.2402, 0.9791, -8.2899, -8.2899, 0.8486, 0.9138, 0.4569]","[-130.5181, -855.8989, -6228.922, -7491.2622, -25760.6839, -30926.174, -108939.2525, -185898.7915]","[3.7937, 3.5855, -1006226.5069, -1007488.8471, -1025758.2688, -1030923.9556, -1108937.034, -1185896.5731]","[1.439, 1.405, 4.018, 4.52, 4.794, 3.627, 4.385, 5.029]",1.3496,0.0,0.0,0.0,0.0,0.0,0.0,0.0,0.0,0.0,1.4049,8.0,0.4912,0.7009,4.2977,0.4669,0.5576,1.4049,"[[4.542, -0.131], [9.682, -0.261], [13.965, -0.522], [18.248, -1.044], [23.387, -1.175], [29.669, -2.48]]",0.4972,0.0,0.0,0.1029,0.0514,0.0343,1.0,0.0,ok,5.0287,0.0,0.0,0.0,0.0,0.0,0.0,0.0,0.0,0.0,c63c15b4ddae40579136ebaecbbfbfd0,scene-0273,44
0.5525,0.7627,0.9619,0.3629,0.5167,0.71,0.0,0.0,0.0,0.0,0.0,0.0,0.0,0.0,0.0,ok,straight,0.5525,0.4254,0.9619,0.3629,0.3422,0.5936,True,"[-0.0653, -0.0653, -0.3264, -0.0653, -0.1305, -0.1305, -8.2899, -0.1305]","[-143.6666, -310.2043, -335.2779, -1465.8177, -4122.8597, -10429.3108, -14697.2572, -116266.825]","[3.698, 3.6867, 3.5961, -1001463.0198, -1004120.055, -1010426.5129, -1014694.4525, -1116264.0271]","[0.594, 1.074, 0.652, 1.433, 1.245, 3.547, 3.04, 4.559]",1.395,0.0,0.0,0.0,0.0,0.0,0.0,0.0,0.0,0.0,0.5936,8.0,0.5525,0.4254,0.9619,0.3629,0.3422,0.5936,"[[3.686, 0.0], [7.398, 0.0], [10.539, 0.0], [14.822, 0.0], [19.104, -0.131], [21.674, -0.131]]",0.0,0.0,0.0,0.0,0.0,0.0,0.0,1.0,ok,4.5591,0.0,0.0,0.0,0.0,0.0,0.0,0.0,0.0,0.0,040a956bf0c04ad09fffc286cab5bc56,scene-0274,44
2.4794,5.4065,8.0979,1.6029,3.0862,4.4447,0.0,0.0,0.0,0.0,0.0,0.0,0.0,0.0,0.0,ok,straight,2.4794,5.4065,8.0979,1.6029,3.0862,4.4447,False,"[-0.0653, -0.0653, -0.0653, -0.1958, -0.0653, -0.0653, -0.6527, -1.1097]","[-87.5418, -172.6062, -93.3653, -941.286, -1823.4904, -5289.322, -8826.6091, -40856.0623]","[4.8888, 4.8823, 3.8038, -1000937.5518, -1001819.7562, -1005286.6722, -1008823.9594, -1040853.4126]","[4.445, 4.641, 4.446, 3.353, 4.478, 5.136, 3.488, 6.866]",1.017,0.0,0.0,0.0,0.0,0.0,0.0,0.0,0.0,0.0,3.3534,8.0,2.4794,5.4065,4.1198,1.6029,3.0862,3.3534,"[[2.829, 0.0], [5.399, 0.0], [7.969, 0.0], [10.253, 0.0], [13.108, 0.0], [14.536, 0.131]]",0.0,0.0,3.9781,0.0,0.0,1.0913,2.0,0.0,ok,6.8656,0.0,0.0,0.0,0.0,0.0,0.0,0.0,0.0,0.0,72fb9f0f545a4d6b92f6de14c9dcce85,scene-0274,44
0.0359,0.5831,1.2311,0.1564,0.3311,0.4811,0.0,0.0,0.0,0.0,0.0,0.0,0.0,0.0,0.0,ok,straight,0.0359,0.8471,0.4826,0.1564,0.3259,0.3528,True,"[-0.0653, -0.1305, -0.4569, -0.0653, -0.2611, -0.0653, -0.4569, -0.3916]","[-495.5932, -97.0126, -251.1863, -1014.8628, -1183.5796, -1828.8933, -1834.373, -11591.9385]","[3.8891, 3.6081, 1.6014, -1001012.5063, -1001182.6387, -1001827.9524, -1001833.4321, -1011590.9975]","[0.353, 1.159, 1.041, 1.296, 1.392, 0.787, 1.047, 1.372]",0.3255,0.0,0.0,0.0,0.0,0.0,0.0,0.0,0.0,0.0,0.3528,8.0,0.0359,0.8471,0.4826,0.1564,0.3259,0.3528,"[[3.4, 0.0], [6.541, 0.0], [9.968, 0.0], [14.25, 0.0], [16.249, -0.131], [19.961, -0.131]]",0.0,0.0,0.0,0.0,0.0,0.0,0.0,1.0,ok,1.3924,0.0,0.0,0.0,0.0,0.0,0.0,0.0,0.0,0.0,9018d220fc7340998efa65631a9c3cd4,scene-0274,44
0.0315,1.6281,1.8697,0.0426,0.49,0.9549,0.0,0.0,0.0,0.0,0.0,0.0,0.0,0.0,0.0,ok,straight,0.5544,1.6281,1.8697,0.4412,0.6893,1.0877,False,"[-0.1305, -0.4569, -0.3916, -0.3916, -0.1305, -0.3916, -0.0653, -0.0653]","[-129.9571, -428.6494, -505.5339, -768.4173, -1078.6337, -3555.2615, -6006.3417, -64570.8278]","[4.2368, 2.156, -1000502.5273, -1000765.4116, -1001075.628, -1003552.2549, -1006003.3351, -1064567.8221]","[1.088, 1.253, 1.215, 0.673, 0.941, 2.629, 1.223, 4.188]",1.1012,0.0,0.0,0.0,0.0,0.0,0.0,0.0,0.0,0.0,0.673,8.0,0.5544,0.5186,1.612,0.4412,0.4696,0.673,"[[3.686, 0.0], [7.112, 0.0], [10.539, -0.131], [12.823, -0.131], [16.249, -0.261], [19.961, -0.261]]",0.0,1.1095,0.2577,0.0,0.2197,0.4147,2.0,0.0,ok,4.1878,0.0,0.0,0.0,0.0,0.0,0.0,0.0,0.0,0.0,90c1665c6cf24153a834063fd99f257c,scene-0274,44
0.967,1.1881,1.5586,0.883,0.9924,1.0845,0.0,0.0,0.0,0.0,0.0,0.0,0.0,0.0,0.0,ok,straight,0.967,0.2774,0.4169,0.883,0.6869,0.6906,True,"[-0.0653, -0.4569, -0.0653, -0.0653, -8.2899, -0.3916, -8.2899, -2.6763]","[-397.3098, -436.5325, -43.3405, -1592.2796, -14362.8165, -15557.4048, -17252.2673, -96104.7049]","[4.2521, 4.1363, 3.3467, -1001589.3395, -1014360.7935, -1015555.3818, -1017250.2444, -1096101.7648]","[0.691, 0.853, 0.943, 1.237, 3.691, 1.795, 4.311, 4.197]",1.4761,0.0,0.0,0.0,0.0,0.0,0.0,0.0,0.0,0.0,0.6906,8.0,0.967,0.2774,0.4169,0.883,0.6869,0.6906,"[[3.115, 0.0], [6.541, 0.0], [11.395, 0.131], [14.25, 0.0], [16.249, -0.131], [19.961, -0.131]]",0.0,0.0,0.0,0.0,0.0,0.0,0.0,1.0,ok,4.311,0.0,0.0,0.0,0.0,0.0,0.0,0.0,0.0,0.0,8fb167b9767d420b9c6368719bafb7b4,scene-0275,44
0.8001,1.7783,1.7958,0.6653,1.0161,1.2921,0.0,0.0,0.0,0.0,0.0,0.0,0.0,0.0,0.0,ok,straight,0.8001,0.9248,0.4981,0.6653,0.7314,0.6963,True,"[-0.0, -0.0653, -0.0653, -0.0, -0.0, -0.0653, -0.0, -0.0]","[-38.8604, -68.1394, -78.4536, -755.7676, -1567.1145, -3630.5821, -9223.2221, -15801.9114]","[2.0792, 0.0082, 0.0062, -1000755.1829, -1001566.5298, -1003629.9974, -1009222.6374, -1015801.3267]","[0.696, 1.102, 0.973, 0.82, 1.735, 0.914, 1.519, 2.15]",0.4768,0.0,0.0,0.0,0.0,0.0,0.0,0.0,0.0,0.0,0.6963,8.0,0.8001,0.9248,0.4981,0.6653,0.7314,0.6963,"[[1.687, 0.0], [3.686, 0.0], [5.97, 0.0], [7.683, -0.131], [9.682, 0.0], [12.537, 0.0]]",0.0,0.0,0.0,0.0,0.0,0.0,0.0,1.0,ok,2.15,0.0,0.0,0.0,0.0,0.0,0.0,0.0,0.0,0.0,c5fc747cb34f44d78820ae649d183e93,scene-0275,44
2.2422,4.4079,6.7807,1.5709,2.7076,3.7837,0.0,0.0,0.0,0.0,0.0,0.0,0.0,0.0,0.0,ok,straight,2.2422,4.4079,5.9242,1.5709,2.7076,3.641,True,"[-0.0, -0.0, -0.0653, -0.0, -0.5875, -0.0653, -0.0653, -0.0653]","[-30.5156, -596.3912, -507.1475, -523.5176, -1439.9204, -2077.5601, -24077.1822, -91681.2604]","[3.026, 3.0053, 2.6544, -1000521.5709, -1001437.9754, -1002075.6134, -1024075.2372, -1091679.3136]","[3.641, 3.07, 3.166, 4.069, 4.031, 4.783, 4.641, 6.412]",1.008,0.0,0.0,0.0,0.0,0.0,0.0,0.0,0.0,0.0,3.0701,8.0,2.2422,2.4099,5.9242,1.5709,1.8513,3.0701,"[[1.687, 0.0], [3.686, 0.0], [5.113, 0.0], [6.541, 0.0], [7.398, 0.0], [8.254, 0.0]]",0.0,1.998,0.0,0.0,0.8563,0.5709,2.0,0.0,ok,6.4124,0.0,0.0,0.0,0.0,0.0,0.0,0.0,0.0,0.0,b9853461935b41f88ba20195a2d0217c,scene-0275,44
1.6871,3.6859,5.1135,1.4016,2.2582,3.0196,0.0,0.0,0.0,0.0,0.0,0.0,0.0,0.0,0.0,ok,straight,1.6871,3.4003,5.1135,1.2589,2.1154,2.9244,True,"[-0.0, -0.0, -0.0653, -0.5875, -0.1305, -0.0653, -0.0, -0.9138]","[-14.3618, -27.9017, -1031.7656, -1938.7317, -2138.9251, -3016.0833, -6221.2588, -199461.4748]","[3.779, 3.7132, -1001029.1504, -1001936.0509, -1002136.2443, -1003013.4681, -1006218.6437, -1199458.794]","[2.924, 2.972, 3.164, 2.801, 4.02, 3.829, 4.305, 7.843]",1.5507,0.0,0.0,0.0,0.0,0.0,0.0,0.0,0.0,0.0,2.801,8.0,1.6871,3.4003,6.3668,1.2589,2.1154,2.801,"[[0.831, 0.0], [1.687, 0.0], [2.544, 0.0], [3.4, 0.0], [3.971, 0.0], [5.113, 0.0]]",0.0,0.0,-1.2533,0.0,0.0,0.1234,1.0,0.0,ok,7.8428,0.0,0.0,0.0,0.0,0.0,0.0,0.0,0.0,0.0,a2f135999c12428caacda927ebcff835,scene-0275,44
2.5437,4.1098,4.8471,1.8299,2.8535,3.4442,0.0,0.0,0.0,0.0,0.0,0.0,0.0,0.0,0.0,ok,straight,2.5437,4.6809,4.8471,1.8299,2.9962,3.4442,False,"[-0.0, -0.0, -0.4569, -0.0, -0.1305, -0.1305, -0.0, -0.0653]","[-337.622, -516.6188, -441.8472, -539.8041, -1323.5504, -6642.1847, -50015.8645, -195962.3154]","[4.3285, 4.2636, -1000438.6838, -1000536.6407, -1001320.4492, -1006639.0834, -1050012.7632, -1195959.152]","[3.444, 3.111, 4.21, 3.547, 3.301, 3.255, 4.131, 14.199]",3.5347,0.0,0.0,0.0,0.0,0.0,0.0,0.0,0.0,0.0,3.1115,8.0,2.5437,2.6822,4.8471,1.8299,2.4971,3.1115,"[[1.116, 0.0], [2.544, 0.0], [3.686, 0.0], [5.113, 0.0], [5.113, 0.0], [7.398, 0.0]]",0.0,1.9987,0.0,0.0,0.4991,0.3327,3.0,0.0,ok,14.1989,0.0,0.0,0.0,0.0,0.0,0.0,0.0,0.0,0.0,3502d36d2c76428f9b79f2854e96b696,scene-0276,44
0.326,1.5291,4.4453,0.1904,0.5235,1.5653,0.0,0.0,0.0,0.0,0.0,0.0,0.0,0.0,0.0,ok,straight,1.4652,1.5291,4.6786,1.1537,1.0706,1.9616,False,"[-0.0, -0.3264, -0.5875, -0.5875, -0.5222, -1.436, -8.2899, -1.8277]","[-284.3818, -101.3547, -22.0014, -273.6633, -1230.6899, -3698.3655, -32029.671, -158158.2547]","[3.9763, 3.8853, 3.7845, 3.7464, -1001227.8475, -1003695.5232, -1032026.7953, -1158155.3791]","[1.962, 1.07, 1.609, 1.93, 3.391, 2.313, 4.309, 8.859]",2.3529,0.0,0.0,0.0,0.0,0.0,0.0,0.0,0.0,0.0,1.0697,8.0,0.326,1.5291,1.8248,0.1904,0.5889,1.0697,"[[3.971, -0.261], [7.683, -0.131], [9.396, -0.261], [12.252, -0.522], [15.107, -0.261], [17.962, 0.0]]",1.1392,0.0,2.8538,0.9633,0.4816,0.8919,3.0,0.0,ok,8.8589,0.0,0.0,0.0,0.0,0.0,0.0,0.0,0.0,0.0,7a344e7e1436415caf180ae067a4203a,scene-0276,44
1.4291,3.9324,5.8554,1.2432,2.1864,3.1679,0.0,0.0,0.0,0.0,0.0,0.0,0.0,0.0,0.0,ok,straight,1.4291,3.9324,5.8554,1.2432,2.1864,3.1679,False,"[-0.0, -0.0, -1.7624, -0.1958, -0.2611, -0.0, -0.3916, -6.7886]","[-81.6724, -741.3957, -90.6842, -1074.4811, -1555.3917, -3020.6077, -11117.8292, -13909.9762]","[3.626, 3.4943, 2.8198, -1001072.1543, -1001553.0663, -1003018.2824, -1011115.5039, -1013907.6493]","[3.168, 2.424, 3.573, 2.548, 1.296, 2.471, 3.296, 4.36]",0.8601,0.0,0.0,0.0,0.0,0.0,0.0,0.0,0.0,0.0,1.2963,8.0,1.4291,1.6709,2.6961,1.2432,1.07,1.2963,"[[3.115, 0.0], [6.541, 0.0], [9.682, 0.0], [12.252, 0.0], [15.393, 0.0], [17.391, 0.0]]",0.0,2.2615,3.1593,0.0,1.1164,1.8716,4.0,0.0,ok,4.3595,0.0,0.0,0.0,0.0,0.0,0.0,0.0,0.0,0.0,9851e24eeb8e40cf962e45b1975aff53,scene-0276,44
1.3138,2.0715,2.6129,1.2396,1.6702,1.8065,0.0,0.0,0.0,0.0,0.0,0.0,0.0,0.0,0.0,ok,straight,1.3138,2.0715,2.6129,1.2396,1.6702,1.8576,False,"[-0.0, -0.0, -0.2611, -0.5222, -0.2611, -0.2611, -0.7833, -0.0]","[-146.9103, -164.1396, -555.7761, -226.8089, -810.4634, -3652.549, -5507.2664, -18252.0059]","[3.981, 3.9772, 2.9106, 1.9664, -1000808.0882, -1003650.1739, -1005504.8905, -1018249.6299]","[1.858, 1.999, 1.909, 1.738, 2.769, 2.309, 2.61, 2.912]",0.4235,0.0,0.0,0.0,0.0,0.0,0.0,0.0,0.0,0.0,1.7385,8.0,1.5988,2.3544,1.9445,1.5248,1.8816,1.7385,"[[3.686, 0.0], [6.541, 0.0], [10.539, 0.0], [13.965, 0.0], [17.391, 0.0], [21.96, 0.0]]",-0.285,-0.2829,0.6684,-0.2852,-0.2115,0.1191,1.0,0.0,ok,2.9124,0.0,0.0,0.0,0.0,0.0,0.0,0.0,0.0,0.0,f733cb92982f4f58a1ce5c427786491b,scene-0276,44
0.6049,2.2056,4.617,0.5111,1.1661,2.2491,0.0,0.0,0.0,0.0,0.0,0.0,0.0,0.0,0.0,ok,straight,0.6049,2.2056,5.462,0.5111,1.1661,2.39,False,"[-0.5222, -0.5222, -0.718, -1.6971, -0.2611, -0.5222, -1.3055, -0.5222]","[-217.0012, -1212.9582, -2436.0997, -3903.0441, -4981.8729, -5444.6914, -6719.5824, -93429.7415]","[3.6716, -1001210.361, -1002433.5025, -1003900.3824, -1004979.2112, -1005442.0943, -1006716.9852, -1093427.0798]","[2.39, 1.725, 2.376, 2.71, 4.123, 2.111, 1.634, 4.446]",0.9817,0.0,0.0,0.0,0.0,0.0,0.0,0.0,0.0,0.0,1.6339,8.0,0.6049,1.5395,3.0996,0.5111,0.7473,1.6339,"[[2.829, 0.0], [5.113, 0.131], [7.969, 0.261], [11.11, 0.392], [12.823, 0.653], [15.964, 1.044]]",0.0,0.6661,2.3623,0.0,0.4189,0.756,4.0,0.0,ok,4.4461,0.0,0.0,0.0,0.0,0.0,0.0,0.0,0.0,0.0,7e2fd590b46d42cdbe8dfbf035761561,scene-0277,44
0.7363,1.6904,2.0203,0.5819,1.0796,1.2851,0.0,0.0,0.0,0.0,0.0,0.0,0.0,0.0,0.0,ok,straight,1.5915,1.6694,3.4521,1.0096,1.1196,1.5504,False,"[-0.1305, -0.1305, -0.2611, -0.1958, -0.1305, -0.0653, -0.1958, -4.047]","[-1157.8048, -229.0101, -89.7387, -1188.1299, -2155.5872, -10120.5603, -73875.829, -107489.1411]","[2.9442, 2.9406, 2.8428, -1001186.2085, -1002153.6385, -1010118.6116, -1073873.8803, -1107487.2196]","[1.55, 1.524, 1.913, 2.043, 2.827, 1.865, 9.203, 8.779]",3.0723,0.0,0.0,0.0,0.0,0.0,0.0,0.0,0.0,0.0,1.5238,8.0,0.7363,1.6904,3.4521,0.5819,1.0796,1.5238,"[[4.542, 0.0], [9.968, 0.0], [13.108, -0.392], [18.248, 0.0], [21.674, -0.131], [27.385, -0.261]]",0.8552,-0.021,0.0,0.4276,0.04,0.0267,1.0,0.0,ok,9.2035,0.0,0.0,0.0,0.0,0.0,0.0,0.0,0.0,0.0,d849f5a053f741e6a5f09983cf036225,scene-0277,44
1.2572,2.4287,5.4238,0.9834,1.6603,2.7059,0.0,0.0,0.0,0.0,0.0,0.0,0.0,0.0,0.0,ok,straight,1.2572,2.4287,5.4238,0.9834,1.6603,2.5632,True,"[-0.0653, -0.1958, -0.0653, -0.2611, -0.0653, -0.0, -0.5222, -8.2899]","[-64.0882, -93.504, -1328.1655, -1644.5623, -1670.2816, -6678.6046, -8037.3541, -13233.6186]","[3.691, 3.6359, -1001325.7991, -1001642.1958, -1001667.9152, -1006676.2371, -1008034.9866, -1013231.2521]","[2.563, 2.616, 2.661, 2.617, 2.848, 2.435, 2.423, 5.412]",0.9399,0.0,0.0,0.0,0.0,0.0,0.0,0.0,0.0,0.0,2.4227,8.0,1.2572,2.4287,7.2,0.9834,1.6603,2.4227,"[[3.115, 0.0], [6.541, 0.0], [9.682, 0.0], [12.823, 0.0], [16.249, 0.0], [18.248, -0.131]]",0.0,0.0,-1.7762,0.0,0.0,0.1405,2.0,0.0,ok,5.4115,0.0,0.0,0.0,0.0,0.0,0.0,0.0,0.0,0.0,ef710f7aad4c4bcf9ac21ef155c8c3d1,scene-0277,44
1.38,1.3643,0.712,0.9319,1.2444,1.1315,0.0,0.0,0.0,0.0,0.0,0.0,0.0,0.0,0.0,ok,straight,1.38,1.3643,0.6045,0.9319,1.2444,1.0225,True,"[-0.8486, -0.1305, -8.2899, -0.0653, -0.8486, -1.3055, -2.2846, -8.2899]","[-19.7056, -2068.8876, -49889.0594, -88846.031, -1014.0305, -1085.424, -11091.1366, -23959.3322]","[4.2689, -1002065.9493, -1049886.121, -1088843.0926, -2002881.6442, -2002953.0376, -2012958.7503, -2025826.9458]","[1.023, 2.379, 6.178, 5.439, 1.313, 2.059, 2.686, 4.848]",1.8415,0.0,0.0,0.0,0.0,0.0,0.0,0.0,0.0,0.0,1.0225,8.0,1.38,1.3643,0.6045,0.9319,1.2444,1.0225,"[[3.686, 0.0], [7.398, 0.131], [11.11, 0.261], [15.393, 0.522], [19.961, 0.783], [24.53, 1.697]]",0.0,0.0,0.0,0.0,0.0,0.0,0.0,1.0,ok,6.178,0.0,0.0,0.0,0.0,0.0,0.0,0.0,0.0,0.0,c0cd7a49d9924264b2be63b6ce9a9674,scene-0277,44
2.5633,3.8413,4.0997,1.8994,2.8178,3.3128,0.0,0.0,0.0,0.0,0.0,0.0,0.0,0.0,0.0,ok,straight,2.5633,3.5602,4.4088,1.8994,2.7475,3.1102,True,"[-0.0653, -0.3264, -0.3264, -0.9791, -0.9791, -0.5875, -0.5875, -0.2611]","[-322.1365, -143.7086, -307.6837, -301.6908, -852.8826, -1860.8848, -12241.7245, -94746.6977]","[5.1557, 4.3249, 2.0015, -0.0898, -1000849.6037, -1001857.6059, -1012240.7636, -1094745.7369]","[3.11, 3.271, 3.418, 2.664, 2.594, 3.03, 3.597, 5.704]",0.9201,0.0,0.0,0.0,0.0,0.0,0.0,0.0,0.0,0.0,2.5942,8.0,2.5633,3.5602,0.8614,1.8994,2.7475,2.5942,"[[3.686, 0.0], [7.398, 0.0], [11.11, 0.131], [15.393, 0.261], [19.39, 1.175], [21.674, -0.131]]",0.0,0.0,3.5474,0.0,0.0,0.516,3.0,0.0,ok,5.7044,0.0,0.0,0.0,0.0,0.0,0.0,0.0,0.0,0.0,f4b5b6fc59e34da6bd18d4d8e299dab8,scene-0278,44
5.5714,10.1338,13.4971,4.173,6.7022,8.9348,0.0,0.0,0.0,0.0,0.0,0.0,0.0,0.0,0.0,ok,straight,5.5714,10.1338,13.4971,4.173,6.5595,8.5544,True,"[-0.5222, -0.5875, -0.0653, -0.5222, -1.0444, -1.2402, -0.0653, -8.2899]","[-86.5789, -248.9372, -1657.9107, -2415.5881, -6833.7258, -7148.6714, -7860.3131, -21437.6014]","[4.187, 4.1369, -1001654.9181, -1002412.5955, -1006830.7332, -1007145.6788, -1007857.418, -1021434.7063]","[8.554, 9.13, 9.052, 9.176, 8.218, 9.826, 11.454, 11.572]",1.1766,0.0,0.0,0.0,0.0,0.0,0.0,0.0,0.0,0.0,8.2182,8.0,5.5714,12.6949,9.3533,4.173,7.4923,8.2182,"[[3.686, 0.0], [7.398, 0.131], [10.539, 0.261], [14.25, 0.522], [17.391, 0.783], [21.389, 1.044]]",0.0,-2.5611,4.1438,0.0,-0.9328,0.3362,1.0,0.0,ok,11.5721,0.0,0.0,0.0,0.0,0.0,0.0,0.0,0.0,0.0,b0b7ef23a4fb418690e43900525d09ad,scene-0278,44
1.0933,0.8886,0.895,0.8215,1.1367,1.11,0.0,0.0,0.0,0.0,0.0,0.0,0.0,0.0,0.0,ok,straight,1.0933,0.8886,3.4779,0.8215,1.1367,1.6376,False,"[-0.0653, -0.1958, -0.1958, -0.5222, -0.7833, -1.1749, -1.1097, -0.0653]","[-372.044, -312.9504, -364.9547, -5167.7742, -6307.6145, -14299.4609, -31473.7506, -58022.7818]","[4.0083, 3.7068, 3.7036, -1005165.5525, -1006305.3932, -1014297.2396, -1031471.5293, -1058020.56]","[1.638, 1.11, 1.681, 1.636, 2.5, 4.657, 12.535, 3.123]",3.5351,0.0,0.0,0.0,0.0,0.0,0.0,0.0,0.0,0.0,1.11,8.0,1.0933,0.8886,0.895,0.8215,1.1367,1.11,"[[3.4, 0.0], [6.541, 0.0], [10.539, 0.131], [12.823, 0.261], [16.82, 0.522], [21.96, 0.131]]",0.0,0.0,2.5829,0.0,0.0,0.5276,2.0,0.0,ok,12.5348,0.0,0.0,0.0,0.0,0.0,0.0,0.0,0.0,0.0,ba4c95ffea104b088e07bdc2c7a0300a,scene-0278,44
1.6658,4.7246,11.1405,1.2166,2.4259,4.6591,0.0,0.0,0.0,0.0,0.0,0.0,0.0,0.0,0.0,ok,right,2.667,4.7246,10.3604,1.8532,2.7716,4.7384,False,"[-1.893, -1.893, -8.2899, -1.2402, -8.2899, -1.5013, -1.5013, -1.2402]","[-645.2172, -71.4819, -6897.3248, -13413.2957, -34782.863, -65344.1634, -73998.3774, -147241.4917]","[2.635, 2.6341, -1006896.0431, -1013412.0139, -1034781.5683, -1065342.8686, -1073997.0827, -1147240.2099]","[4.738, 4.526, 7.135, 3.248, 9.456, 6.961, 7.105, 6.624]",1.8268,0.0,0.0,0.0,0.0,0.0,0.0,0.0,0.0,0.0,3.2483,8.0,1.6658,4.7246,9.0182,1.2166,2.4533,3.2483,"[[1.687, 0.131], [2.829, 0.131], [6.541, 0.783], [8.54, 1.697], [10.539, 2.35], [13.108, 3.786]]",1.0011,0.0,1.3423,0.6366,0.3183,1.4902,2.0,0.0,ok,9.456,0.0,0.0,0.0,0.0,0.0,0.0,0.0,0.0,0.0,ee82f97267f747c78c3458640faf9d67,scene-0278,44
3.7331,7.4383,12.3521,2.7523,4.6877,7.0097,0.0,0.0,0.0,0.0,0.0,0.0,0.0,0.0,0.0,ok,straight,2.591,6.2979,12.3521,2.0397,3.4818,6.0631,True,"[-0.2611, -0.2611, -0.5875, -0.2611, -0.5222, -0.3916, -0.4569, -4.504]","[-274.8727, -849.9133, -200.9017, -81.5203, -53.0282, -755.5313, -10399.5627, -88330.5778]","[2.8038, 2.7838, 2.5672, 1.9856, 1.7953, -1000754.4532, -1010398.4845, -1088328.6747]","[6.063, 6.792, 6.399, 6.867, 6.441, 7.252, 5.43, 6.317]",0.5177,0.0,0.0,0.0,0.0,0.0,0.0,0.0,0.0,0.0,5.4298,8.0,3.7331,7.4383,2.3018,2.7523,4.6877,5.4298,"[[3.4, -0.131], [6.256, -0.131], [8.825, 0.261], [13.108, -0.131], [18.248, -0.261], [21.674, -0.522]]",-1.1421,-1.1404,10.0504,-0.7127,-1.2058,0.6333,1.0,0.0,ok,7.2515,0.0,0.0,0.0,0.0,0.0,0.0,0.0,0.0,0.0,269601cc1e4d45a3a36fbf291d45a447,scene-0329,44
3.8258,7.1677,9.9401,2.9393,4.7004,6.2812,0.0,1.0,0.0,0.0,1.0,1.0,0.0,0.5,0.5,ok,straight,2.9669,7.1677,8.7977,2.0815,4.3439,5.8531,True,"[-0.3264, -1.3055, -0.3264, -0.2611, -0.5875, -0.1958, -0.9791, -0.7833]","[-433.6939, -707.6664, -1342.6603, -1451.6585, -1613.2246, -5239.7965, -7121.9095, -37254.1144]","[5.0515, -1000703.8929, -1001338.8329, -1001447.8312, -1001609.4511, -1005235.9691, -1007118.136, -1037250.2871]","[5.853, 6.125, 5.044, 5.048, 6.69, 6.056, 5.365, 7.0]",0.6761,0.0,1.0,1.0,0.0,1.0,1.0,0.0,0.5,0.6666666666666666,5.0437,8.0,2.9669,4.884,8.7977,2.0815,3.1298,5.0437,"[[1.402, 0.0], [3.4, 0.0], [6.827, 0.261], [8.54, 0.261], [11.11, 0.392], [11.966, 0.653]]",0.0,2.2836,0.0,0.0,1.2141,0.8094,3.0,0.0,ok,7.0005,1.0,1.0,1.0,1.0,1.0,1.0,0.5,0.75,0.8333333333333334,f70d94a083f3437e8fd693d8648b6587,scene-0329,44
0.8282,1.3866,1.13,0.6446,0.8805,0.8799,0.0,0.0,0.0,0.0,0.0,0.0,0.0,0.0,0.0,ok,right,0.8282,1.4253,2.8557,0.6446,0.9611,1.6435,False,"[3.1332, 1.9582, 1.9582, 0.5222, 0.6527, 2.0235, 2.1541, 2.6763]","[-310.1397, -112.3263, -114.0754, -238.0308, -1086.6122, -2111.2666, -4283.3261, -11682.1578]","[4.0953, 2.7519, 1.4372, 1.0111, -1001085.9009, -1002110.5553, -1004282.6148, -1011680.1323]","[1.643, 0.763, 0.689, 1.282, 1.287, 1.503, 1.731, 2.12]",0.4517,0.0,0.0,0.0,0.0,0.0,0.0,0.0,0.0,0.0,0.6886,8.0,0.6639,1.4253,0.107,0.421,0.8492,0.6886,"[[2.258, -0.131], [4.542, -0.392], [6.827, -0.783], [9.111, -2.089], [12.252, -4.7], [13.394, -6.266]]",0.1643,0.0,2.7487,0.2236,0.1118,0.9549,5.0,0.0,ok,2.1198,0.0,0.0,0.0,0.0,0.0,0.0,0.0,0.0,0.0,10a3ee039c4c482ab220e69c1e420031,scene-0329,44
0.2477,0.8115,0.6612,0.2609,0.4116,0.5425,0.0,0.0,0.0,0.0,0.0,0.0,0.0,0.0,0.0,ok,straight,0.8504,0.783,1.3623,0.8659,0.707,0.8563,False,"[-1.5666, -0.8486, -3.1332, -2.3499, -1.5666, -8.2899, -8.2899, -8.2899]","[-1034.3618, -3848.0931, -4078.939, -4262.2602, -4727.3119, -6212.0695, -16759.3297, -25011.799]","[4.9838, -1003844.8052, -1004075.6511, -1004259.075, -1004724.024, -1006208.8843, -1016756.0417, -1025008.6139]","[0.856, 1.871, 2.07, 1.782, 1.449, 4.252, 6.319, 3.954]",1.727,0.0,0.0,0.0,0.0,0.0,0.0,0.0,0.0,0.0,0.8563,8.0,0.8504,0.783,1.3623,0.8659,0.707,0.8563,"[[3.115, -0.131], [3.686, 0.0], [6.541, -0.783], [7.969, -0.914], [10.539, -2.089], [12.823, -3.133]]",0.0,0.0,0.0,0.0,0.0,0.0,0.0,1.0,ok,6.319,0.0,0.0,0.0,0.0,0.0,0.0,0.0,0.0,0.0,f954522c65fe49208c969909442ca375,scene-0329,44
0.7832,2.404,3.7865,0.676,1.352,1.9349,0.0,0.0,0.0,0.0,0.0,0.0,0.0,0.0,0.0,ok,left,0.7832,2.404,3.7865,0.676,1.352,1.9349,False,"[2.3499, 2.3499, 1.8277, 8.2899, 8.2899, 0.7833, -3.9818, -0.9138]","[-267.4937, -538.8859, -25598.8976, -27126.5647, -57267.3955, -65360.8395, -75921.675, -104101.9077]","[2.4802, 2.3762, -1025597.683, -1027125.4463, -1057266.181, -1065359.7211, -1075920.4605, -1104100.7893]","[1.935, 2.199, 3.173, 4.817, 4.328, 4.74, 6.792, 5.345]",1.5371,0.0,0.0,0.0,0.0,0.0,0.0,0.0,0.0,0.0,1.9349,8.0,0.7832,2.404,3.7865,0.676,1.352,1.9349,"[[1.687, 0.131], [3.686, 0.653], [5.113, 1.175], [6.541, 2.35], [8.54, 4.569], [9.968, 4.7]]",0.0,0.0,0.0,0.0,0.0,0.0,0.0,1.0,ok,6.7922,0.0,0.0,0.0,0.0,0.0,0.0,0.0,0.0,0.0,b98e65c90a7a445a907a3bb1467b551b,scene-0330,44
0.02,1.0774,0.4701,0.1223,0.4298,0.5466,0.0,0.0,0.0,0.0,0.0,0.0,0.0,0.0,0.0,ok,straight,0.02,1.0774,1.6149,0.1223,0.4298,0.7374,False,"[-0.0, -0.0, -0.5222, -0.6527, -0.5875, -0.8486, -8.2899, -0.7833]","[-14.6244, -140.0545, -679.8131, -1128.6757, -1329.7745, -15489.4312, -17769.9389, -96711.4828]","[4.4679, 3.8672, -1000677.0405, -1001125.9032, -1001326.4053, -1015486.062, -1017767.1663, -1096708.1136]","[0.737, 0.802, 0.998, 0.978, 2.45, 1.807, 4.051, 3.336]",1.1844,0.0,0.0,0.0,0.0,0.0,0.0,0.0,0.0,0.0,0.7374,8.0,0.02,1.0774,1.6149,0.1223,0.4298,0.7374,"[[3.115, 0.0], [6.541, 0.0], [9.682, 0.0], [12.823, 0.0], [16.249, 0.0], [19.39, 0.0]]",0.0,0.0,0.0,0.0,0.0,0.0,0.0,1.0,ok,4.0511,0.0,0.0,0.0,0.0,0.0,0.0,0.0,0.0,0.0,8135e2527da0405d9887a6a9b456586f,scene-0330,44
1.455,3.4445,6.755,0.9924,1.9288,3.313,0.0,0.0,0.0,0.0,0.0,0.0,0.0,0.0,0.0,ok,straight,1.455,3.4445,7.0378,0.9924,1.9288,3.3601,False,"[-0.5222, -0.5222, -0.6527, -0.5222, -1.0444, -0.1958, -0.0, -0.1958]","[-55.7297, -1053.8843, -942.4143, -2377.3707, -3424.3692, -7611.8348, -31251.3781, -341256.7227]","[2.9167, 2.7609, -1000939.7193, -1002374.8225, -1003421.821, -1007609.2866, -1031248.6831, -1341254.0277]","[3.36, 3.381, 2.241, 4.074, 3.284, 4.408, 7.585, 9.641]",2.366,0.0,0.0,0.0,0.0,0.0,0.0,0.0,0.0,0.0,2.241,8.0,1.455,3.4445,3.7481,0.9924,1.9288,2.241,"[[2.258, 0.0], [4.542, 0.0], [6.541, 0.0], [8.54, 0.0], [11.11, 0.0], [13.108, 1.044]]",0.0,0.0,3.2897,0.0,0.0,1.1191,2.0,0.0,ok,9.6411,0.0,0.0,0.0,0.0,0.0,0.0,0.0,0.0,0.0,89f10c1e72e34cd1b8fd94dda57dbe0e,scene-0330,44
5.1135,9.682,15.393,3.9714,6.327,8.8255,0.0,0.0,0.0,0.0,0.0,0.0,0.0,0.0,0.0,ok,straight,5.1135,9.9675,16.2496,3.9714,6.327,8.9682,False,"[-0.0653, -0.0653, -0.3264, -0.5222, -1.1749, -0.3264, -0.1305, -0.0653]","[-93.4515, -171.9716, -192.658, -1739.1416, -1899.3833, -6326.8277, -6715.7321, -8621.3437]","[5.4283, 5.2086, 4.6594, -1001735.6393, -1001895.6857, -1006323.3255, -1006712.2299, -1008617.6461]","[8.968, 9.206, 9.019, 8.891, 9.663, 9.947, 8.654, 6.738]",0.9031,0.0,0.0,0.0,0.0,0.0,0.0,0.0,0.0,0.0,6.7376,8.0,5.1135,9.9675,2.2613,3.9714,6.327,6.7376,"[[2.829, 0.0], [5.113, 0.0], [7.398, 0.0], [9.968, 0.0], [12.252, 0.0], [16.249, -0.131]]",0.0,0.0,13.9883,0.0,0.0,2.2307,3.0,0.0,ok,9.9466,0.0,0.0,0.0,0.0,0.0,0.0,0.0,0.0,0.0,ab857edfbfc94a369e6dce819fe16aec,scene-0330,44
1.9896,4.7251,6.9941,1.5567,2.749,4.0388,0.0,0.0,0.0,0.0,0.0,0.0,0.0,0.0,0.0,ok,straight,1.9896,4.7251,6.9941,1.5567,2.6735,3.9884,True,"[-1.2402, -1.6971, -0.1305, -2.3499, -1.2402, -2.4804, -1.436, -2.6763]","[-84.8893, -682.7828, -865.7822, -5757.1845, -8022.4335, -8732.0662, -13039.744, -161583.6247]","[4.0566, -1000679.7341, -1000862.7334, -1005754.1357, -2012298.4822, -2013008.1148, -2017315.7927, -2165859.6733]","[3.988, 3.754, 3.197, 4.491, 4.2, 4.038, 4.644, 6.725]",0.9796,0.0,0.0,0.0,0.0,0.0,0.0,0.0,0.0,0.0,3.1972,8.0,1.9896,4.7251,2.5578,1.5567,2.6735,3.1972,"[[1.116, -0.131], [1.973, -0.261], [2.829, -0.392], [4.542, -1.305], [5.97, -1.828], [6.541, -2.48]]",0.0,0.0,4.4363,0.0,0.0,0.7912,2.0,0.0,ok,6.7254,0.0,0.0,1.0,0.0,0.0,1.0,0.0,0.0,0.3333333333333333,09361337f2bf4e819aac2a310481e62f,scene-0331,44
3.73,7.2538,10.2228,2.8539,4.7121,6.3772,0.0,0.0,0.0,0.0,0.0,0.0,0.0,0.0,0.0,ok,straight,3.3841,6.4588,10.2228,2.6874,4.43,6.1891,True,"[-2.7415, -2.7415, -2.0235, -1.2402, -2.0888, -8.2899, -8.2899, -3.8512]","[-857.0078, -1131.5536, -1762.935, -6361.8356, -7938.2519, -32673.1493, -73238.478, -152260.3185]","[3.5215, 3.4728, -1001760.5284, -1006359.4722, -1007935.8453, -1032670.7859, -1073236.1146, -1152257.9119]","[6.189, 5.912, 6.462, 5.82, 5.894, 7.498, 8.411, 8.708]",1.1038,0.0,0.0,0.0,0.0,0.0,0.0,0.0,0.0,0.0,5.8204,8.0,2.5884,6.4588,7.5792,1.8565,4.0146,5.8204,"[[1.973, -0.261], [3.4, -0.392], [5.97, -1.828], [6.827, -2.48], [9.111, -4.569], [9.968, -5.483]]",0.7957,0.0,2.6436,0.8309,0.4154,0.3688,3.0,0.0,ok,8.7075,0.0,0.0,0.0,0.0,0.0,0.0,0.0,0.0,0.0,d6f57f68244a4136aa87ae54bf0aaef1,scene-0331,44
1.2939,5.0666,11.8493,0.8472,2.4687,5.0131,0.0,0.0,0.0,0.0,0.0,0.0,0.0,0.0,0.0,ok,left,1.2939,5.0666,10.558,0.8472,2.4687,4.54,True,"[-2.6763, -3.329, -4.5692, -7.5066, -3.329, -3.5901, -7.3108, -3.4596]","[-809.5667, -439.7616, -1580.821, -3420.1746, -6648.8047, -6770.7128, -12619.0365, -145859.8395]","[2.0184, 1.6564, -1001580.2776, -1003419.8063, -1006648.4365, -1006770.3445, -1012618.6682, -1145859.2961]","[4.54, 5.013, 5.674, 7.522, 5.567, 5.538, 6.901, 5.986]",0.9043,0.0,0.0,0.0,0.0,0.0,0.0,0.0,0.0,0.0,4.54,8.0,1.2939,5.0666,10.558,0.8472,2.4687,4.54,"[[1.973, -0.261], [3.686, -0.783], [5.97, -1.828], [6.541, -2.48], [9.396, -3.133], [10.539, -5.353]]",0.0,0.0,0.0,0.0,0.0,0.0,0.0,1.0,ok,7.522,0.0,0.0,0.0,0.0,0.0,0.0,0.0,0.0,0.0,bb0abb64c37b49058b885392c22d3b29,scene-0331,44
0.4188,1.374,4.5867,0.2522,0.5601,1.7931,0.0,0.0,0.0,0.0,0.0,0.0,0.0,0.0,0.0,ok,straight,0.4188,1.374,4.5867,0.2522,0.5601,1.7931,False,"[-0.0, -0.0, -0.8486, -0.0653, -0.0653, -0.1958, -0.1305, -0.0653]","[-187.4814, -196.16, -416.3061, -1399.2121, -1731.8652, -2133.147, -9169.8705, -25653.5761]","[4.3888, 4.3746, 1.1346, -1001396.0856, -1001728.7387, -1002130.0205, -1009166.7308, -1025650.4364]","[1.793, 2.37, 0.974, 1.84, 2.657, 1.884, 1.942, 1.678]",0.4632,0.0,0.0,0.0,0.0,0.0,0.0,0.0,0.0,0.0,0.9743,8.0,0.4188,1.374,2.4824,0.2522,0.5601,0.9743,"[[2.258, 0.0], [4.542, 0.0], [7.683, 0.0], [9.682, 0.0], [11.11, 0.0], [14.25, 0.0]]",0.0,0.0,2.1043,0.0,0.0,0.8188,2.0,0.0,ok,2.6569,0.0,0.0,0.0,0.0,0.0,0.0,0.0,0.0,0.0,b3105c6e9a3a4a30bddd24b48b111d78,scene-0331,44
5.6955,11.9881,17.9853,4.3003,7.2156,10.2821,0.0,0.0,0.0,0.0,0.0,0.0,0.0,0.0,0.0,ok,straight,5.6955,11.9881,17.9853,4.3003,7.3584,10.3773,False,"[-0.1305, -0.1305, -0.1958, -0.5222, -0.1958, -0.4569, -0.1305, -0.2611]","[-16.7634, -337.8643, -25.2181, -499.6911, -5440.7539, -10618.3825, -18541.484, -21073.5721]","[3.7758, 3.6637, 3.3211, 0.922, -1005438.6945, -1010616.3231, -1018539.4973, -1021071.5854]","[10.377, 10.234, 10.996, 10.524, 11.519, 9.169, 9.949, 10.962]",0.6756,0.0,0.0,0.0,0.0,0.0,0.0,0.0,0.0,0.0,9.169,8.0,5.6955,11.9881,8.6085,4.3003,7.3584,9.169,"[[3.115, 0.0], [5.97, -0.131], [9.111, -0.131], [12.252, -0.131], [15.107, -0.261], [18.248, -0.261]]",0.0,0.0,9.3768,0.0,0.0,1.2083,3.0,0.0,ok,11.5194,0.0,0.0,0.0,0.0,0.0,0.0,0.0,0.0,0.0,097c7295f13a4746a2c46d036c21bd3e,scene-0332,44
6.9454,12.016,17.8493,5.2921,8.0969,10.7916,0.0,0.0,0.0,0.0,0.0,0.0,0.0,0.0,0.0,ok,straight,6.9454,12.016,17.8493,5.2921,8.0969,10.8867,False,"[-0.1305, -0.1305, -0.2611, -0.1305, -0.1305, -5.7442, -0.0, -1.1097]","[-112.2979, -10561.38, -105860.4234, -2550.3685, -2995.2271, -14337.0147, -1067702.6479, -964398.9816]","[3.0333, -1010559.4217, -1105858.4651, -2005775.4231, -2006220.2817, -2017562.0693, -2067700.6896, -2967624.0362]","[10.887, 8.793, 18.741, 10.987, 11.411, 12.302, 17.169, 21.052]",4.1482,0.0,0.0,0.0,0.0,0.0,0.0,0.0,0.0,0.0,8.7934,8.0,6.9454,12.016,13.281,5.2921,8.0969,8.7934,"[[3.686, 0.0], [7.398, -0.131], [11.11, -0.131], [14.25, -0.131], [18.819, -0.131], [23.387, -0.261]]",0.0,0.0,4.5684,0.0,0.0,2.0933,1.0,0.0,ok,21.0521,0.0,0.0,0.0,0.0,0.0,0.0,0.0,0.0,0.0,255afd1fb1a34c9ebc1a577e49fbccd4,scene-0332,44
1.2414,1.2806,1.0194,0.8755,1.0437,1.0064,0.0,0.0,0.0,0.0,0.0,0.0,0.0,0.0,0.0,ok,straight,1.5269,1.2806,1.5426,0.9455,1.0787,1.1638,False,"[-0.0653, -0.1305, -0.1305, -0.1958, -0.0653, -0.3264, -0.2611, -0.5222]","[-391.063, -16.3221, -379.9657, -1197.0774, -1451.4434, -7415.4899, -759786.3366, -816793.7383]","[3.806, 3.3612, 3.356, 2.9036, -1001449.2269, -1007413.2733, -1759784.12, -1816791.5258]","[1.164, 1.053, 1.077, 1.332, 1.524, 2.491, 9.847, 9.201]",3.5306,0.0,0.0,0.0,0.0,0.0,0.0,0.0,0.0,0.0,1.0532,8.0,1.2414,1.2806,1.0194,0.8755,1.0437,1.0532,"[[3.4, -0.131], [8.825, 0.0], [12.537, -0.131], [16.82, -0.131], [20.818, -0.131], [25.386, -0.131]]",0.2855,0.0,0.5232,0.07,0.035,0.1105,2.0,0.0,ok,9.8472,0.0,0.0,0.0,0.0,0.0,0.0,0.0,0.0,0.0,d557b9adf90b44b0b128ceb13e23e386,scene-0332,44
0.9768,0.8238,1.7544,0.7208,0.6493,0.8084,0.0,0.0,0.0,0.0,0.0,0.0,0.0,0.0,0.0,ok,straight,1.8313,0.8238,2.0332,1.4332,1.3588,1.3279,False,"[-0.0653, -0.0653, -0.1305, -0.0, -0.0653, -0.3264, -0.2611, -0.1958]","[-108.4983, -231.6028, -745.5244, -1199.1005, -2148.1346, -3225.7871, -12430.6343, -15001.8607]","[3.6392, 3.6215, -1000743.3582, -1001196.9298, -1002145.9684, -1003223.6164, -1012428.4681, -1014999.69]","[1.328, 1.09, 1.738, 1.264, 1.716, 2.376, 2.368, 2.283]",0.488,0.0,0.0,0.0,0.0,0.0,0.0,0.0,0.0,0.0,1.0904,8.0,0.9768,0.8238,2.0332,0.7208,1.0026,1.0904,"[[3.686, 0.0], [7.683, 0.0], [12.537, 0.0], [18.248, 0.0], [23.387, -0.131], [26.528, -0.131]]",0.8545,0.0,0.0,0.7124,0.3562,0.2375,2.0,0.0,ok,2.3758,0.0,0.0,0.0,0.0,0.0,0.0,0.0,0.0,0.0,87e52fd5dabd4c1fa075f42c0a89e72e,scene-0332,44
4.5443,9.3964,13.109,3.2585,5.6136,7.5887,0.0,0.0,0.0,0.0,0.0,0.0,0.0,0.0,0.0,ok,straight,4.2569,9.3974,13.109,3.2576,5.6134,7.7788,False,"[-0.0653, -0.0653, -0.3264, -1.3055, -0.9138, -0.4569, -0.1305, -1.2402]","[-93.402, -170.5955, -106.2296, -340.8633, -546.5465, -1505.973, -3025.9763, -16802.1412]","[4.4092, 2.3884, 1.8621, 1.8065, 0.5691, -1001505.1051, -1003023.1019, -1016799.2668]","[7.779, 7.779, 9.018, 7.635, 7.151, 8.64, 8.731, 9.575]",0.7703,0.0,0.0,0.0,0.0,0.0,0.0,0.0,0.0,0.0,7.1507,8.0,4.5443,9.3974,10.6959,3.2585,5.6139,7.1507,"[[2.258, 0.0], [4.257, 0.0], [6.541, 0.0], [9.396, -0.131], [11.11, -0.131], [13.108, -0.131]]",-0.2874,0.0,2.4131,-0.0009,-0.0005,0.6281,2.0,0.0,ok,9.5749,0.0,0.0,0.0,0.0,0.0,0.0,0.0,0.0,0.0,418cbb70159341c1ada4f3ba1fb69713,scene-0344,44
5.1135,10.5394,15.3931,3.9714,6.4703,9.0163,0.0,0.0,0.0,0.0,0.0,0.0,0.0,0.0,0.0,ok,straight,5.1135,9.9684,15.3931,3.9714,6.3298,8.9226,True,"[-0.0653, -0.0653, -0.8486, -0.0, -0.1958, -0.1958, -0.0653, -8.2899]","[-51.7278, -92.1331, -745.1654, -273.7794, -808.1291, -1471.918, -2068.982, -16827.3932]","[3.2001, 3.1942, 2.7804, -1000271.5204, -1000805.8685, -1001469.6591, -1002066.723, -1016825.1326]","[8.923, 9.016, 8.7, 9.922, 9.493, 9.733, 7.115, 10.665]",0.984,0.0,0.0,0.0,0.0,0.0,0.0,0.0,0.0,0.0,7.1149,8.0,5.1135,9.9684,9.3974,3.9714,6.3298,7.1149,"[[2.829, 0.0], [5.113, 0.0], [7.398, -0.392], [9.968, -0.131], [12.823, -0.131], [15.393, -0.131]]",0.0,0.0,5.9958,0.0,0.0,1.8077,2.0,0.0,ok,10.6652,0.0,0.0,0.0,0.0,0.0,0.0,0.0,0.0,0.0,eb9d7bc242d14e92a46c1037126cb204,scene-0344,44
5.1135,10.5394,15.9642,3.9714,6.4703,9.1114,0.0,0.0,0.0,0.0,0.0,0.0,0.0,0.0,0.0,ok,straight,5.1135,10.5394,15.9642,3.9714,6.4703,9.1114,False,"[-0.0653, -0.0653, -0.1958, -0.6527, -0.3264, -0.0653, -0.0, -8.2899]","[-120.3089, -400.2334, -353.6898, -344.5664, -4554.1705, -5922.9176, -6671.3753, -140757.22]","[4.0105, 1.3252, 1.2776, 1.1075, -1004551.0177, -1005919.7648, -1006670.9017, -1140754.0672]","[9.111, 9.164, 8.736, 9.886, 9.066, 13.727, 8.973, 18.826]",3.3506,0.0,0.0,0.0,0.0,0.0,0.0,0.0,0.0,0.0,8.7361,8.0,5.1135,10.8524,13.685,3.9714,6.5485,8.7361,"[[2.829, 0.0], [5.113, 0.0], [7.398, -0.131], [10.539, -0.131], [12.823, -0.131], [15.964, -0.131]]",0.0,-0.313,2.2792,0.0,-0.0783,0.3754,3.0,0.0,ok,18.8261,0.0,0.0,0.0,0.0,0.0,0.0,0.0,0.0,0.0,113f0ef12c2d455ebd676580a8bb9d57,scene-0344,44
5.399,11.1104,17.3918,4.1141,6.7558,9.5873,0.0,0.0,1.0,0.0,0.0,1.0,0.0,0.0,0.3333333333333333,ok,straight,5.399,11.1104,13.9649,4.3997,7.1126,9.3529,True,"[-0.0, -0.0653, -0.0653, -0.1305, -0.2611, -0.1958, -0.1305, -0.3264]","[-486.8514, -218.4597, -346.9778, -340.4138, -1222.6799, -2229.5444, -31902.932, -810291.3789]","[4.1677, 3.7074, 3.5277, 3.0665, -1001220.1696, -1002227.2135, -1031900.4218, -1810289.0479]","[9.353, 9.73, 9.825, 10.206, 12.444, 10.445, 10.785, 22.485]",4.0936,0.0,0.0,0.0,0.0,0.0,1.0,0.0,0.0,0.16666666666666666,9.3529,8.0,5.399,11.1104,13.9649,4.3997,7.1126,9.3529,"[[3.4, 0.0], [5.399, 0.0], [8.54, -0.131], [11.11, -0.131], [13.679, 0.783], [13.965, 0.0]]",0.0,0.0,0.0,0.0,0.0,0.0,0.0,1.0,ok,22.4845,0.0,0.0,0.0,0.0,0.0,1.0,0.0,0.0,0.16666666666666666,23d04168ebfa4aabbd7ab5024c7f096f,scene-0344,44
5.399,10.5394,16.8207,4.2569,6.7558,9.5873,0.0,0.0,0.0,0.0,0.0,0.0,0.0,0.0,0.0,ok,straight,5.399,10.5394,15.9642,4.2569,6.7558,9.4445,True,"[-0.0653, -0.0653, -0.0, -0.1958, -0.0, -0.5875, -1.6971, -0.718]","[-66.7774, -452.0604, -753.7479, -1794.7675, -3244.3405, -17055.7343, -19662.4563, -31044.8783]","[3.4092, 3.3735, -1000751.8138, -1001792.834, -1003242.4071, -1017053.8002, -1019660.5221, -1031042.9448]","[9.445, 9.492, 10.267, 11.824, 11.11, 11.024, 9.533, 12.08]",0.9963,0.0,0.0,0.0,0.0,0.0,0.0,0.0,0.0,0.0,9.4445,8.0,5.399,10.5394,15.9642,4.2569,6.7558,9.4445,"[[3.115, 0.0], [5.399, 0.0], [7.969, -0.131], [10.539, -0.131], [13.679, -0.131], [15.964, -0.131]]",0.0,0.0,0.0,0.0,0.0,0.0,0.0,1.0,ok,12.0803,0.0,0.0,0.0,0.0,0.0,0.0,0.0,0.0,0.0,c525629d7b3749d8968b486bb5412adf,scene-0345,44
1.7381,1.4861,2.3821,1.2208,1.3436,1.5379,0.0,0.0,0.0,0.0,0.0,0.0,0.0,0.0,0.0,ok,right,2.3049,1.3141,2.267,2.2188,1.7996,1.8227,False,"[0.0653, -0.3916, -0.6527, -0.0, 0.0653, -0.0, -0.1305, -0.0653]","[-133.8669, -2022.8633, -4427.092, -5947.4135, -1490.5752, -1581.6166, -2091.892, -169033.7948]","[2.3195, -1002021.82, -1004426.0487, -1005946.3702, -2004081.3145, -2004172.3558, -2004682.6312, -2171624.534]","[1.823, 2.039, 3.224, 3.505, 2.013, 2.017, 2.941, 11.151]",2.9203,0.0,0.0,0.0,0.0,0.0,0.0,0.0,0.0,0.0,1.8227,8.0,2.3049,1.3141,2.267,2.2188,1.7996,1.8227,"[[3.686, -0.131], [5.685, -0.131], [6.827, 0.0], [9.111, 0.0], [11.11, -0.131], [13.108, -0.131]]",0.0,0.0,0.0,0.0,0.0,0.0,0.0,1.0,ok,11.1514,0.0,0.0,0.0,0.0,0.0,0.0,0.0,0.0,0.0,d8866c75f88a4dbaa461260b81409544,scene-0345,44
1.3761,3.2651,6.1958,0.9915,1.8861,3.1834,0.0,0.0,0.0,0.0,0.0,0.0,0.0,0.0,0.0,ok,right,1.135,3.2791,6.4027,0.8435,1.5473,2.992,True,"[2.2846, 2.2846, 0.718, 1.5666, 3.0026, 2.6763, 3.3943, 1.7624]","[-645.9872, -194.4463, -645.8129, -723.5834, -1029.777, -4131.0184, -22461.4127, -186079.7925]","[2.317, 1.4113, -1000644.9362, -1000721.7935, -1001027.9871, -1004130.1417, -1022459.6228, -1186078.9157]","[2.992, 3.439, 4.404, 2.783, 2.383, 3.08, 2.337, 6.06]",1.1667,0.0,0.0,0.0,0.0,0.0,0.0,0.0,0.0,0.0,2.3371,8.0,1.135,3.2791,1.3062,0.8435,1.5473,2.3371,"[[3.4, -0.131], [6.827, -0.522], [7.683, -1.567], [9.396, -1.567], [11.11, -3.133], [13.679, -4.569]]",0.0,0.0,5.0965,0.0,0.0,0.6549,3.0,0.0,ok,6.0598,0.0,0.0,0.0,0.0,0.0,0.0,0.0,0.0,0.0,699e94e9f1cc4dffa7c58c00fd3a740f,scene-0345,44
1.8522,4.839,6.1148,1.3541,2.9021,4.0105,0.0,0.0,0.0,0.0,0.0,0.0,0.0,0.0,0.0,ok,straight,1.8522,4.839,6.1148,1.3541,2.9021,4.0105,False,"[-0.0653, -0.2611, -0.1958, -0.0653, -0.0653, -0.3264, -0.2611, -0.1305]","[-42.3747, -49.038, -2329.5627, -3634.0362, -15187.8838, -39431.8461, -140296.9242, -861795.1156]","[4.5412, 2.5342, -1002326.5845, -1003631.058, -1015184.9057, -1039428.868, -1140293.946, -1861792.1374]","[4.011, 3.169, 3.656, 4.867, 5.035, 6.832, 9.825, 10.036]",2.5312,0.0,0.0,0.0,0.0,0.0,0.0,0.0,0.0,0.0,3.169,8.0,1.8522,4.839,2.4947,1.3541,2.9021,3.169,"[[4.257, 0.0], [8.54, 0.0], [12.537, 0.0], [16.82, 0.0], [20.532, 0.0], [24.815, -0.131]]",0.0,0.0,3.6201,0.0,0.0,0.8416,2.0,0.0,ok,10.0365,0.0,0.0,0.0,0.0,0.0,0.0,0.0,0.0,0.0,13ccb50e48444e128c76ca469117d676,scene-0345,44
1.6871,3.4003,5.1135,1.2588,2.1154,2.8293,0.0,0.0,0.0,0.0,0.0,0.0,0.0,0.0,0.0,ok,straight,1.6871,1.6871,5.1135,1.2588,1.4016,2.3534,True,"[-0.0, -0.0, -0.0, -0.0, -0.0, -0.0653, -0.0653, -0.0653]","[-125.8959, -142.4475, -195.8827, -212.4343, -279.7095, -374.582, -724.8763, -1014.4269]","[3.5165, 3.4611, 3.2827, 3.2273, 3.0022, 0.6187, -1000722.9974, -1001012.5476]","[2.353, 1.925, 2.544, 2.782, 2.449, 2.354, 2.312, 2.354]",0.2254,0.0,0.0,0.0,0.0,0.0,0.0,0.0,0.0,0.0,1.9251,8.0,1.6871,1.6871,3.9714,1.2588,1.4016,1.9251,"[[0.831, 0.0], [1.687, 0.0], [1.402, 0.0], [1.687, 0.0], [3.4, 0.0], [5.113, 0.0]]",0.0,0.0,1.1421,0.0,0.0,0.4283,2.0,0.0,ok,2.7817,0.0,0.0,0.0,0.0,0.0,0.0,0.0,0.0,0.0,c35efe5eaf784275b8c7e31fb50aa902,scene-0346,44
1.6871,3.6858,4.5424,1.2588,2.1868,2.8768,0.0,0.0,0.0,0.0,0.0,0.0,0.0,0.0,0.0,ok,straight,1.6871,3.6858,5.1135,1.2588,2.1868,2.9244,False,"[-0.0, -0.0, -0.0653, -0.1958, -0.2611, -0.0653, -0.0653, -0.2611]","[-151.5548, -106.7389, -87.5541, -19.363, -3449.0686, -6499.3231, -54230.634, -116564.1867]","[3.9939, 3.9865, 3.3465, 2.0757, -1003446.7649, -1006497.0279, -1054228.3388, -1116561.8831]","[2.924, 2.829, 2.687, 3.497, 2.548, 3.401, 4.647, 5.641]",1.0157,0.0,0.0,0.0,0.0,0.0,0.0,0.0,0.0,0.0,2.5479,8.0,1.6871,3.6858,5.4242,1.2588,2.1868,2.5479,"[[0.831, 0.0], [1.687, 0.0], [2.544, 0.0], [3.686, 0.0], [3.686, 0.0], [5.113, 0.0]]",0.0,0.0,-0.3107,0.0,0.0,0.3765,3.0,0.0,ok,5.6411,0.0,0.0,0.0,0.0,0.0,0.0,0.0,0.0,0.0,0ed1a404c1fb4f7a87a30d3ee45f7f97,scene-0346,44
1.4399,4.317,5.5495,0.792,2.2878,3.238,0.0,0.0,0.0,0.0,0.0,0.0,0.0,0.0,0.0,ok,straight,1.4399,4.0325,5.5623,0.792,2.0742,3.2398,False,"[-0.0653, -0.0653, -0.8486, -1.6319, -0.4569, -0.4569, -7.115, -8.2899]","[-177.1318, -311.7806, -771.6855, -1450.431, -4022.6714, -4747.5233, -14943.5284, -27967.1926]","[3.7579, 3.7426, -1000769.3832, -1001448.128, -1004020.3691, -1004745.2203, -1014941.2261, -1027964.8896]","[3.24, 3.287, 3.12, 3.026, 3.323, 3.234, 4.374, 5.327]",0.7564,0.0,0.0,0.0,0.0,0.0,0.0,0.0,0.0,0.0,3.0261,8.0,1.4399,4.0325,7.1314,0.792,2.0742,3.0261,"[[1.687, 0.0], [3.115, 0.0], [4.542, 0.0], [5.97, 0.0], [6.541, 0.0], [9.111, 0.131]]",0.0,0.0,-1.5691,0.0,0.0,0.2136,3.0,0.0,ok,5.3268,0.0,0.0,0.0,0.0,0.0,0.0,0.0,0.0,0.0,5ad76231ff724caa85e151d89bc8770a,scene-0346,44
0.5475,1.1728,1.4434,0.6119,0.671,0.7203,0.0,0.0,0.0,0.0,0.0,0.0,0.0,0.0,0.0,ok,straight,0.5475,0.2928,1.4598,0.6119,0.451,0.5683,True,"[-0.3916, -0.6527, -0.3916, -0.8486, -0.9138, -0.1305, -8.2899, -1.9582]","[-180.2815, -39.1608, -716.6065, -927.8371, -2971.8286, -5420.6251, -17911.3726, -119099.3898]","[4.5015, 4.4026, 4.1535, 3.9684, -1002968.6481, -1005417.1105, -1017908.192, -1119095.8752]","[0.568, 0.488, 0.728, 1.028, 1.428, 1.752, 3.561, 4.048]",1.2846,0.0,0.0,0.0,0.0,0.0,0.0,0.0,0.0,0.0,0.4882,8.0,0.5475,0.2928,0.8251,0.6119,0.451,0.4882,"[[2.829, 0.0], [5.113, 0.0], [7.398, 0.0], [9.682, 0.0], [13.108, 0.261], [14.822, 0.783]]",0.0,0.0,0.6347,0.0,0.0,0.0801,1.0,0.0,ok,4.0485,0.0,0.0,0.0,0.0,0.0,0.0,0.0,0.0,0.0,0af54713a83e4d54b852eb2239039136,scene-0346,44
0.3072,1.9384,4.9672,0.3359,0.9116,1.9431,0.0,0.0,0.0,0.0,0.0,0.0,0.0,0.0,0.0,ok,straight,0.3072,1.9384,4.9672,0.3359,0.9116,1.9431,False,"[-0.0653, -0.0653, -0.1305, -0.2611, -0.0, -0.1305, -0.7833, -1.5666]","[-37.0515, -237.4262, -3646.241, -7491.7011, -8606.3802, -196367.8228, -254736.5851, -1152516.5513]","[3.95, 3.9064, -1003643.4499, -1007488.9531, -1008603.5891, -1196365.0317, -1254733.8371, -2152513.8032]","[1.943, 2.187, 1.907, 2.101, 1.975, 10.075, 11.144, 10.746]",4.1886,0.0,0.0,0.0,0.0,0.0,0.0,0.0,0.0,0.0,1.9071,8.0,0.3072,1.9384,2.6845,0.3359,0.9116,1.9071,"[[1.973, 0.0], [4.542, 0.0], [6.541, 0.0], [8.54, 0.0], [10.539, -0.131], [11.966, -0.131]]",0.0,0.0,2.2827,0.0,0.0,0.036,1.0,0.0,ok,11.144,0.0,0.0,0.0,0.0,0.0,0.0,0.0,0.0,0.0,4e26b42796024b45a9a852738e3701bb,scene-0519,44
0.9523,2.9046,2.3966,0.5636,1.5163,1.9742,0.0,0.0,0.0,0.0,0.0,0.0,0.0,0.0,0.0,ok,straight,1.808,2.9046,2.3966,1.2769,1.873,2.2119,False,"[-0.0653, -0.0653, -0.3264, -0.2611, -0.0653, -0.3264, -0.1958, -8.2899]","[-100.3978, -38.9447, -640.0614, -479.1199, -939.9206, -1739.1247, -2394.349, -13341.4113]","[2.8204, 2.7987, 2.594, -1000477.3229, -1000938.0871, -1001737.3276, -1002392.5156, -1013339.6143]","[2.212, 1.974, 1.61, 2.361, 1.483, 2.111, 3.015, 4.059]",0.7809,0.0,0.0,0.0,0.0,0.0,0.0,0.0,0.0,0.0,1.4827,8.0,1.808,2.9046,1.1861,1.2769,1.873,1.4827,"[[4.257, 0.0], [8.825, 0.0], [12.537, 0.0], [16.82, -0.131], [20.818, -0.131], [23.387, -0.131]]",0.0,0.0,1.2104,0.0,0.0,0.7293,4.0,0.0,ok,4.0587,0.0,0.0,0.0,0.0,0.0,0.0,0.0,0.0,0.0,f35c8e2c937d4cd486cd0cce36425d5c,scene-0519,44
2.4689,5.9355,9.4207,1.8999,3.4873,5.1052,0.0,0.0,0.0,0.0,0.0,0.0,0.0,0.0,0.0,ok,straight,2.4689,5.9355,9.4207,1.8999,3.4873,5.1052,False,"[-0.0653, -0.0653, -0.0653, -0.1305, -0.5875, -0.0653, -0.0, -0.1958]","[-28.43, -118.1319, -302.5725, -224.7824, -1122.4008, -2581.7135, -3890.818, -4280.5962]","[3.7795, 3.6526, 3.5411, 3.2877, -1001120.092, -1002579.4046, -1003888.4365, -1004278.2147]","[5.105, 5.106, 4.868, 3.631, 5.736, 3.583, 4.677, 4.397]",0.6965,0.0,0.0,0.0,0.0,0.0,0.0,0.0,0.0,0.0,3.5834,8.0,2.1833,5.9355,4.5689,1.9017,3.4882,3.5834,"[[3.115, 0.0], [5.97, 0.0], [8.54, -0.131], [11.11, -0.131], [13.965, -0.131], [15.964, -0.131]]",0.2855,0.0,4.8517,-0.0018,-0.0009,1.5219,5.0,0.0,ok,5.736,0.0,0.0,0.0,0.0,0.0,0.0,0.0,0.0,0.0,3a90b7c61d7f4016a1a2a680b0eac6e9,scene-0519,44
1.6245,3.2998,2.1388,1.2559,2.0023,2.1097,0.0,0.0,0.0,0.0,0.0,0.0,0.0,0.0,0.0,ok,straight,1.6245,2.4501,2.1388,1.2559,1.7888,1.9674,True,"[-0.0653, -0.0653, -0.0653, -0.6527, -0.4569, -0.3916, -0.0653, -0.1305]","[-15.1075, -32.9097, -192.6205, -148.8113, -1503.1903, -4189.4374, -32938.3455, -439422.1516]","[4.6758, 4.6757, 3.2604, 1.9594, -1001501.1363, -1004187.3834, -1032934.8773, -1439420.0976]","[1.967, 1.833, 2.11, 3.045, 2.375, 2.174, 4.491, 16.694]",4.7402,0.0,0.0,0.0,0.0,0.0,0.0,0.0,0.0,0.0,1.8328,8.0,1.6245,2.4501,1.8906,1.2559,1.7888,1.8328,"[[3.686, 0.0], [7.398, 0.0], [11.11, -0.131], [15.107, 0.0], [19.104, -0.131], [23.387, -0.131]]",0.0,0.0,0.2482,0.0,0.0,0.1345,1.0,0.0,ok,16.6936,0.0,0.0,0.0,0.0,0.0,0.0,0.0,0.0,0.0,4b593e6d756b4827b46e044ee147d4fb,scene-0519,44
1.782,4.2455,5.9327,1.2749,2.4612,3.5592,0.0,0.0,0.0,0.0,0.0,0.0,0.0,0.0,0.0,ok,straight,1.782,4.2455,5.9327,1.2749,2.4612,3.5592,False,"[-0.0653, -0.1305, -8.2899, -0.0, -0.0653, -0.0653, -0.0653, -0.0653]","[-61.0409, -49.1238, -19903.9854, -32120.1093, -1176.6988, -1208.4649, -4725.2264, -9410.4806]","[3.7185, 3.6955, -1019901.4258, -1032117.5497, -2002492.1759, -2002523.942, -2006040.7034, -2010725.9577]","[3.559, 2.753, 7.185, 4.893, 4.369, 3.893, 3.333, 5.988]",1.3811,0.0,0.0,0.0,0.0,0.0,0.0,0.0,0.0,0.0,2.7531,8.0,1.782,4.2455,2.7892,1.2749,2.4612,2.7531,"[[3.115, 0.0], [5.97, 0.0], [8.54, -0.131], [11.11, -0.131], [13.108, -0.131], [16.249, -0.131]]",0.0,0.0,3.1435,0.0,0.0,0.8061,2.0,0.0,ok,7.1847,0.0,0.0,0.0,0.0,0.0,0.0,0.0,0.0,0.0,6123a0c091d24c39ab274cdbad994bc4,scene-0520,44
1.4589,4.0106,8.4464,1.0934,2.2072,3.9243,0.0,0.0,0.0,0.0,0.0,0.0,0.0,0.0,0.0,ok,straight,1.4589,4.0106,8.4464,1.0934,2.2072,3.9243,False,"[-0.1305, -0.2611, -0.1305, -0.1305, -0.0, -0.1958, -0.1958, -0.1958]","[-23.6182, -133.177, -375.2118, -870.0725, -2667.7456, -14060.103, -33961.3431, -272184.3463]","[4.0426, 2.2412, 1.3825, 1.3769, -1002664.4996, -1014059.5131, -1033958.0971, -1272183.7564]","[3.924, 3.312, 4.115, 2.452, 4.209, 4.165, 3.646, 6.448]",1.0648,0.0,0.0,0.0,0.0,0.0,0.0,0.0,0.0,0.0,2.452,8.0,2.6014,4.0106,1.8914,1.6646,2.4929,2.452,"[[1.402, 0.0], [2.829, 0.0], [3.971, -0.131], [5.113, -0.131], [5.685, -0.131], [6.541, -0.261]]",-1.1425,0.0,6.5549,-0.5713,-0.2856,1.4723,3.0,0.0,ok,6.4484,0.0,0.0,0.0,0.0,0.0,0.0,0.0,0.0,0.0,b999707d600d4b0db25404e6f41085aa,scene-0520,44
0.3897,0.267,1.6147,0.2932,0.4609,0.6804,0.0,0.0,0.0,0.0,0.0,0.0,0.0,0.0,0.0,ok,straight,0.3897,0.267,1.6147,0.2932,0.4609,0.6804,False,"[-0.1305, -0.1305, -0.0653, -0.0653, -0.0653, -0.5222, -0.5222, -0.7833]","[-310.7002, -289.9559, -523.2529, -753.373, -4127.7963, -27553.5016, -142227.3723, -844388.4798]","[1.8282, 1.7852, -1000522.5202, -1000752.5972, -1004127.0637, -1027552.7258, -1142226.6396, -1844387.704]","[0.68, 0.625, 1.192, 0.819, 1.437, 2.622, 3.78, 9.125]",2.6931,0.0,0.0,0.0,0.0,0.0,0.0,0.0,0.0,0.0,0.6251,8.0,0.3897,0.2181,1.6147,0.2932,0.378,0.6251,"[[4.257, 0.0], [8.54, -0.131], [12.537, -0.131], [18.248, -0.131], [23.387, -0.261], [25.957, -0.261]]",0.0,0.0489,0.0,0.0,0.0829,0.0553,1.0,0.0,ok,9.1249,0.0,0.0,0.0,0.0,0.0,0.0,0.0,0.0,0.0,0018da40529f48678419d44d09da5369,scene-0520,44
3.2433,5.8155,8.6551,2.399,3.9156,5.2973,0.0,0.0,0.0,0.0,0.0,0.0,0.0,0.0,0.0,ok,straight,3.2433,6.101,8.3696,2.399,3.987,5.3925,False,"[-0.0653, -0.0653, -0.1958, -0.0653, -0.0653, -7.0497, -0.0, -0.1305]","[-34.1811, -65.4876, -419.6899, -2753.4081, -4361.4618, -11176.7438, -111196.5611, -1002469.3758]","[4.0831, 4.083, -1000416.4742, -1002750.1924, -1004358.2462, -1011173.5281, -1111193.2964, -2002466.111]","[5.392, 6.154, 3.395, 4.775, 5.584, 5.524, 10.455, 12.041]",2.7812,0.0,0.0,0.0,0.0,0.0,0.0,0.0,0.0,0.0,3.3949,8.0,3.2433,3.2519,5.2271,2.399,3.0606,3.3949,"[[3.4, 0.0], [6.541, 0.0], [9.396, -0.131], [12.537, -0.131], [15.678, -0.131], [19.961, -0.131]]",0.0,2.8491,3.1425,0.0,0.9264,1.9976,2.0,0.0,ok,12.0405,0.0,0.0,0.0,0.0,0.0,0.0,0.0,0.0,0.0,4ea6733a72d34c4980bccafc888e959b,scene-0520,44
2.8916,6.1836,9.4195,2.0942,3.725,5.3013,0.0,0.0,0.0,0.0,0.0,0.0,0.0,0.0,0.0,ok,straight,2.8916,4.7559,9.4195,2.0942,3.4395,5.1109,True,"[-0.0653, -0.1958, -0.3916, -0.1305, -0.1305, -0.1305, -0.0653, -0.0]","[-825.1864, -261.2341, -418.033, -1073.7487, -1574.5444, -2829.101, -4899.2885, -5572.1325]","[2.1621, 1.2728, -0.5829, -1001072.9581, -1001573.7536, -1002828.3105, -1004898.4979, -1005571.342]","[5.111, 4.448, 3.981, 3.83, 3.351, 3.036, 4.401, 4.211]",0.6127,0.0,0.0,0.0,0.0,0.0,0.0,0.0,0.0,0.0,3.036,8.0,2.8916,1.9007,7.4332,2.0942,2.3746,3.036,"[[3.4, 0.0], [6.541, 0.0], [9.396, -0.131], [14.25, -0.131], [16.249, -0.131], [19.104, -0.131]]",0.0,2.8553,1.9863,0.0,1.0649,2.0749,7.0,0.0,ok,5.1109,0.0,0.0,0.0,0.0,0.0,0.0,0.0,0.0,0.0,107dd32140844573924260f9ad9390bf,scene-0521,44
1.958,2.9799,3.6918,1.343,1.9031,2.4219,0.0,0.0,0.0,0.0,0.0,0.0,0.0,0.0,0.0,ok,straight,0.8178,2.9799,3.4063,0.4917,1.4775,2.0905,True,"[-0.0653, -0.0653, -0.0653, -0.1958, -0.1305, -0.1958, -0.0, -0.3264]","[-20.5776, -770.4266, -1171.2603, -1282.1942, -9879.7561, -26152.8269, -29088.704, -843311.5753]","[2.4553, -1000769.0509, -1001169.0967, -1001280.0305, -1009877.5924, -1026151.4512, -1029087.3284, -1843309.4117]","[2.091, 1.622, 1.335, 1.531, 1.438, 2.73, 5.328, 8.934]",2.5168,0.0,0.0,0.0,0.0,0.0,0.0,0.0,0.0,0.0,1.3355,8.0,0.8178,0.1626,3.4063,0.4917,0.345,1.3355,"[[4.257, 0.0], [7.969, 0.0], [11.11, 0.0], [14.25, -0.131], [17.962, -0.131], [21.674, -0.131]]",0.0,2.8172,0.0,0.0,1.1325,0.755,4.0,0.0,ok,8.9344,0.0,0.0,0.0,0.0,0.0,0.0,0.0,0.0,0.0,31dc0c75e21748edb4b32c388cf4a86a,scene-0521,44
0.7827,2.9739,5.138,0.7649,1.6671,2.5001,0.0,0.0,0.0,0.0,0.0,0.0,0.0,0.0,0.0,ok,straight,1.3529,3.5448,5.138,1.05,1.9524,2.833,False,"[-0.0653, -0.0653, -0.0653, -0.1305, -0.1305, -1.5013, -3.4596, -0.0]","[-66.3047, -333.5744, -555.099, -96.2293, -705.3497, -8292.1741, -743403.3823, -894442.8375]","[2.5336, 2.5327, 2.5321, 2.4768, -1000703.9264, -1008290.7508, -1743401.9589, -1894441.4142]","[2.833, 2.789, 2.171, 4.121, 2.786, 3.256, 12.597, 10.356]",3.7517,0.0,0.0,0.0,0.0,0.0,0.0,0.0,0.0,0.0,2.1706,8.0,0.7827,1.262,5.138,0.7649,0.9588,2.1706,"[[4.257, 0.0], [8.254, 0.0], [12.537, -0.131], [16.82, -0.131], [19.961, -0.131], [23.387, -0.131]]",0.5702,2.2828,0.0,0.2851,0.9936,0.6624,3.0,0.0,ok,12.5972,0.0,0.0,0.0,0.0,0.0,0.0,0.0,0.0,0.0,15f6744bf59e4e0189e534de13d468f7,scene-0521,44
5.0654,8.894,11.8185,3.8013,5.9721,7.7045,0.0,0.0,0.0,0.0,0.0,0.0,0.0,0.0,0.0,ok,straight,5.0654,9.465,14.1027,3.8013,6.1149,8.3707,False,"[-0.0653, -0.0653, -0.0653, -0.1305, -0.1305, -0.3264, -0.0653, -0.1305]","[-13.5261, -20.1293, -42.0284, -338.0413, -722.1997, -836.3217, -3318.4197, -5183.8006]","[4.5126, 4.5089, 4.4913, 3.5426, -1000719.1079, -1000833.2298, -1003315.3278, -1005180.7034]","[8.371, 7.8, 7.704, 7.895, 7.752, 9.799, 7.324, 8.704]",0.7332,0.0,0.0,0.0,0.0,0.0,0.0,0.0,0.0,0.0,7.3238,8.0,5.0654,8.894,7.8212,3.8013,5.9721,7.3238,"[[3.686, 0.0], [7.398, 0.0], [11.11, -0.131], [14.822, -0.131], [19.104, -0.261], [23.673, -0.131]]",0.0,0.5711,6.2815,0.0,0.1428,1.0469,5.0,0.0,ok,9.7994,0.0,0.0,0.0,0.0,0.0,0.0,0.0,0.0,0.0,1a1dc7ef4955481ba3755fbaa39a53d8,scene-0521,44
2.9406,4.6254,4.9644,2.2685,3.2265,3.7519,0.0,0.0,0.0,0.0,0.0,0.0,0.0,0.0,0.0,ok,straight,2.9406,4.6254,4.9644,2.2685,3.2265,3.7519,False,"[-0.0653, -0.1958, -0.2611, -0.0653, -0.4569, -0.3916, -0.1305, -0.0]","[-43.8552, -284.5594, -27.9607, -1826.1691, -4035.0133, -27892.8714, -148949.7885, -906428.1408]","[3.4186, 2.565, 2.1394, -1001824.065, -1004032.9093, -1027890.7671, -1148947.6845, -1906426.0367]","[3.752, 3.564, 3.998, 3.181, 3.952, 5.956, 5.538, 11.223]",2.4695,0.0,0.0,0.0,0.0,0.0,0.0,0.0,0.0,0.0,3.1812,8.0,2.9406,1.7722,4.9644,2.2685,2.3704,3.1812,"[[4.257, 0.0], [8.54, 0.0], [12.537, -0.131], [16.82, -0.131], [20.532, -0.131], [24.815, -0.131]]",0.0,2.8532,0.0,0.0,0.856,0.5707,2.0,0.0,ok,11.223,0.0,0.0,0.0,0.0,0.0,0.0,0.0,0.0,0.0,5ec2ee2d55cc4582acd0f92476845a74,scene-0522,44
0.2569,0.0813,3.063,0.285,0.3563,1.0747,0.0,0.0,0.0,0.0,0.0,0.0,0.0,0.0,0.0,ok,straight,0.2569,1.3487,1.352,0.285,0.6731,0.9057,True,"[-0.0653, -0.0, -0.0653, -0.0653, -0.3264, -0.0653, -0.0653, -0.9138]","[-44.3946, -568.5523, -1038.417, -4633.5171, -7417.8674, -10704.5114, -20985.6239, -99938.4534]","[2.0364, -1000566.0176, -1001037.4102, -1004632.5103, -1007415.3327, -1010701.9767, -1020983.0892, -1099937.4466]","[0.906, 3.676, 2.429, 1.587, 2.515, 1.638, 1.928, 4.267]",1.0499,0.0,0.0,0.0,0.0,0.0,0.0,0.0,0.0,0.0,0.9057,8.0,0.2569,1.3487,1.352,0.285,0.6731,0.9057,"[[3.115, 0.0], [6.541, 0.0], [9.396, -0.131], [12.823, -0.131], [16.249, -0.131], [19.961, -0.131]]",0.0,0.0,0.0,0.0,0.0,0.0,0.0,1.0,ok,4.2672,0.0,0.0,0.0,0.0,0.0,0.0,0.0,0.0,0.0,3b971d298409494a8fcbc824745e0f16,scene-0522,44
3.4724,6.6143,8.8484,2.4469,3.9448,5.5421,0.0,0.0,0.0,0.0,0.0,0.0,0.0,0.0,0.0,ok,straight,3.4724,6.6143,10.2761,2.4469,3.9448,5.78,False,"[-0.0653, -0.0, -0.0653, -0.1958, -0.1958, -0.1305, -0.7833, -0.4569]","[-212.9908, -792.8538, -455.2047, -1218.2933, -3090.1327, -7207.6672, -10827.1253, -72260.7591]","[3.8736, 2.9481, 2.6954, -1001216.8012, -1003088.6406, -1007205.0073, -1010824.4654, -1072258.0992]","[5.78, 5.088, 6.161, 4.163, 4.972, 3.813, 4.674, 6.845]",0.9556,0.0,0.0,0.0,0.0,0.0,0.0,0.0,0.0,0.0,3.8133,8.0,3.4724,6.6143,4.8732,2.4469,3.9448,3.8133,"[[2.829, 0.0], [5.113, -0.131], [8.54, -0.131], [10.539, -0.131], [12.823, -0.131], [15.393, -0.131]]",0.0,0.0,5.4029,0.0,0.0,1.9667,5.0,0.0,ok,6.8454,0.0,0.0,0.0,0.0,0.0,0.0,0.0,0.0,0.0,5374ff6ee0994633b57a197b0bf3ea06,scene-0522,44
1.4089,2.1831,4.3379,0.8457,1.3498,2.2416,0.0,0.0,0.0,0.0,0.0,0.0,0.0,0.0,0.0,ok,straight,1.4089,2.1831,6.0547,0.8457,1.3498,2.5277,False,"[-0.0653, -0.1305, -0.1305, -0.1305, -0.4569, -0.1305, -4.2429, -0.0]","[-91.3835, -138.725, -752.0176, -1118.6628, -1352.9709, -1747.5245, -3316.7126, -1100276.2312]","[2.9472, 2.8991, -1000749.8896, -1001115.368, -1001349.6761, -1001744.2296, -1003313.4177, -2100274.1031]","[2.528, 2.242, 1.625, 1.06, 1.638, 1.859, 2.322, 10.721]",2.9515,0.0,0.0,0.0,0.0,0.0,0.0,0.0,0.0,0.0,1.0599,8.0,1.4089,0.3974,1.7554,0.8457,0.7755,1.0599,"[[3.115, 0.0], [5.399, -0.131], [8.54, -0.131], [11.11, -0.131], [12.823, -0.131], [13.679, -0.131]]",0.0,1.7857,4.2993,0.0,0.5743,1.4678,6.0,0.0,ok,10.7215,0.0,0.0,0.0,0.0,0.0,0.0,0.0,0.0,0.0,f656f3b78a2c4ee4824f58ca89fe545d,scene-0522,44
0.3907,1.1554,2.7391,0.3334,0.5332,1.1512,0.0,0.0,0.0,0.0,0.0,0.0,0.0,0.0,0.0,ok,straight,0.3907,1.1554,2.5268,0.3334,0.5332,1.1613,False,"[-0.1305, -0.1958, -0.0, -0.2611, -0.1305, -0.0653, -0.1305, -1.6971]","[-115.5023, -120.8894, -600.8275, -1021.7447, -1866.2502, -4115.5874, -20878.9113, -22381.7901]","[3.4185, 3.2931, -1000598.4314, -1001019.4059, -1001863.8541, -1004113.1912, -1020876.5726, -1022379.394]","[1.161, 2.365, 1.348, 1.336, 1.204, 1.96, 2.886, 2.046]",0.5882,0.0,0.0,0.0,0.0,0.0,0.0,0.0,0.0,0.0,1.1613,8.0,0.3907,1.1554,2.5268,0.3334,0.5332,1.1613,"[[2.829, 0.0], [5.399, -0.131], [8.54, -0.131], [10.539, -0.131], [12.252, -0.261], [15.107, -0.261]]",0.0,0.0,0.0,0.0,0.0,0.0,0.0,1.0,ok,2.8862,0.0,0.0,0.0,0.0,0.0,0.0,0.0,0.0,0.0,ce03b6f0c1d2455aa18f6275917485bc,scene-0523,44
0.2749,1.404,5.061,0.199,0.6672,1.7706,0.0,0.0,0.0,0.0,0.0,0.0,0.0,0.0,0.0,ok,straight,0.2749,1.404,5.061,0.199,0.6539,1.7295,True,"[-1.8277, -1.7624, -1.8277, -2.3499, -3.5901, -2.611, -0.1305, -8.2899]","[-57.4915, -1098.377, -865.4444, -448.3253, -7135.9759, -18049.2571, -19513.2231, -37048.5324]","[3.9108, 3.6532, 3.6431, -1000445.6819, -1007133.5355, -1018046.6137, -1019510.7827, -1037045.889]","[1.73, 1.648, 1.935, 1.456, 3.244, 2.215, 1.953, 4.175]",0.8755,0.0,0.0,0.0,0.0,0.0,0.0,0.0,0.0,0.0,1.4555,8.0,0.2749,1.404,4.2843,0.199,0.6539,1.4555,"[[1.973, -0.131], [3.971, -0.261], [6.541, -0.914], [8.54, -1.436], [10.253, -2.35], [11.11, -3.655]]",0.0,0.0,0.7767,0.0,0.0,0.274,2.0,0.0,ok,4.1752,0.0,0.0,0.0,0.0,0.0,0.0,0.0,0.0,0.0,b6a99c6a8d944129a5ab01e0bdb86cf0,scene-0523,44
1.7085,3.8848,5.7212,1.0337,2.0406,3.1455,0.0,0.0,0.0,0.0,0.0,0.0,0.0,0.0,0.0,ok,straight,0.8899,3.8848,5.7212,0.6244,1.836,2.8225,True,"[-0.1305, -0.1305, -0.1305, -0.0, -1.1749, -0.0, -0.1305, -2.0235]","[-353.7814, -518.2789, -644.022, -1116.1662, -1383.9301, -1628.1342, -2505.5864, -21070.8763]","[3.3685, 3.2893, 3.2703, -1001113.8352, -1001381.5448, -1001625.7489, -1002503.2011, -1021068.5453]","[2.823, 2.959, 2.131, 2.685, 4.243, 2.742, 2.423, 3.362]",0.6035,0.0,0.0,0.0,0.0,0.0,0.0,0.0,0.0,0.0,2.1308,8.0,1.7085,3.8848,1.8084,1.0337,2.0406,2.1308,"[[3.115, 0.0], [6.256, -0.131], [8.54, -0.131], [10.539, -0.131], [14.25, -0.131], [15.964, -0.261]]",-0.8186,0.0,3.9128,-0.4093,-0.2046,0.6917,4.0,0.0,ok,4.2431,0.0,0.0,0.0,0.0,0.0,0.0,0.0,0.0,0.0,09fe2623b0774391ba3a50ec61bc02f7,scene-0523,44
0.778,2.6419,3.3463,0.5414,1.2785,1.9067,0.0,0.0,0.0,0.0,0.0,0.0,0.0,0.0,0.0,ok,straight,0.778,2.6419,3.3463,0.5414,1.2785,1.9067,False,"[-0.1305, -0.1305, -0.5222, -0.3916, -0.2611, -0.1305, -0.1958, -0.3916]","[-54.9364, -59.0322, -59.1733, -1886.7114, -4755.3582, -7011.3657, -17944.8691, -66796.0532]","[3.3434, 3.2736, 0.5486, -1001885.0021, -1004753.5792, -1007009.6564, -1017943.0901, -1066794.344]","[1.907, 1.89, 2.815, 2.491, 2.421, 5.528, 3.587, 8.704]",2.2012,0.0,0.0,0.0,0.0,0.0,0.0,0.0,0.0,0.0,1.8896,8.0,0.1301,2.6419,3.3463,0.49,1.2528,1.8896,"[[3.686, 0.0], [7.398, -0.131], [11.11, -0.131], [14.25, -0.131], [18.248, -0.131], [22.245, -0.261]]",0.6479,0.0,0.0,0.0514,0.0257,0.0171,1.0,0.0,ok,8.7039,0.0,0.0,1.0,0.0,0.0,1.0,0.0,0.0,0.3333333333333333,08027e9f30d341bfb02d4f8dc52a01eb,scene-0523,44
0.9914,2.1894,3.1823,0.8952,1.2225,1.7196,0.0,0.0,0.0,0.0,0.0,0.0,0.0,0.0,0.0,ok,straight,1.5636,2.1894,3.1823,0.955,1.2523,1.7396,False,"[-0.1305, -0.1305, -0.2611, -0.0653, -0.1305, -0.1305, -0.3916, -0.3264]","[-1094.2819, -1404.7029, -1474.3465, -2497.0192, -2518.3579, -19575.8957, -24802.2579, -142091.5532]","[4.0324, 4.0256, 2.8159, -1002494.1068, -1002515.4456, -1019572.9813, -1024799.3456, -1142088.6388]","[1.74, 2.07, 2.069, 1.754, 2.025, 4.203, 3.9, 8.816]",2.2658,0.0,0.0,0.0,0.0,0.0,0.0,0.0,0.0,0.0,1.7396,8.0,1.5636,2.1894,3.1823,0.955,1.2523,1.7396,"[[4.828, 0.0], [7.398, 0.0], [12.537, -0.131], [15.678, -0.131], [19.961, -0.131], [23.387, -0.261]]",0.0,0.0,0.0,0.0,0.0,0.0,0.0,1.0,ok,8.8157,0.0,1.0,1.0,0.0,1.0,1.0,0.0,0.25,0.5,89c9204978674480aec9d2a9a377eecc,scene-0524,44
2.0944,4.1546,5.2016,1.6651,2.803,3.7324,0.0,0.0,0.0,0.0,0.0,0.0,0.0,0.0,0.0,ok,straight,2.0944,4.7235,3.5786,1.6651,2.9452,3.3586,True,"[-0.0, -0.1958, -0.3916, -0.3916, -2.5457, -0.1305, -1.3055, -0.9791]","[-329.2281, -678.766, -187.2345, -478.238, -1457.3412, -1962.4946, -10578.4156, -83236.1442]","[3.6722, 3.413, 3.1867, 3.1751, -1001455.0463, -1001960.1988, -1010576.1198, -1083233.8493]","[3.359, 3.879, 3.827, 3.732, 3.349, 4.098, 3.66, 4.831]",0.4425,0.0,0.0,0.0,0.0,0.0,0.0,0.0,0.0,0.0,3.3492,8.0,1.5241,4.7235,4.5451,1.3799,2.8026,3.3492,"[[3.115, 0.0], [6.541, 0.0], [9.111, 0.131], [12.252, 0.261], [16.249, 1.175], [21.96, 0.0]]",0.5704,0.0,-0.9665,0.2852,0.1426,0.0094,1.0,0.0,ok,4.8307,0.0,1.0,1.0,0.0,1.0,1.0,0.0,0.25,0.5,e5cb38a3006d417a99b9688336980b8d,scene-0524,44
0.941,3.1305,2.8838,0.8785,1.5831,1.9738,0.0,0.0,0.0,0.0,0.0,0.0,0.0,0.0,0.0,ok,straight,0.941,3.1221,2.8681,0.8785,1.6517,2.3014,False,"[-0.0653, -0.0653, -0.1305, -0.5222, -0.0, -0.3264, -0.6527, -0.0653]","[-232.3119, -257.2027, -242.428, -211.4466, -531.4159, -928.2248, -3437.7851, -4635.9752]","[5.1382, 3.8239, 3.5474, 1.8522, -1000527.6575, -1000924.4665, -1003434.0268, -1004633.5158]","[2.301, 2.397, 3.732, 1.771, 3.06, 2.067, 3.278, 5.285]",1.0646,0.0,0.0,0.0,0.0,0.0,0.0,0.0,0.0,0.0,1.7709,8.0,0.941,3.1305,1.6856,0.8785,1.7957,1.7709,"[[4.542, 0.0], [8.54, 0.0], [12.823, -0.131], [18.248, 0.0], [23.387, -0.131], [25.957, -0.131]]",0.0,-0.0083,1.1825,0.0,-0.144,0.5304,2.0,0.0,ok,5.2847,0.0,0.0,1.0,0.0,0.0,1.0,0.0,0.0,0.3333333333333333,1775e201089c4f979dc8892e56872100,scene-0524,44
0.9487,1.3903,3.0513,0.6018,0.8012,1.2221,0.0,0.0,0.0,0.0,0.0,0.0,0.0,0.0,0.0,ok,straight,0.9487,1.3903,3.0513,0.6018,0.8012,1.2221,False,"[-0.0653, -0.5875, -0.0653, -0.5222, -0.1958, -0.1958, -0.1958, -0.0653]","[-323.7366, -386.2163, -1692.2878, -2353.3254, -5227.115, -8522.0654, -21636.8427, -23034.2186]","[3.7974, 1.0833, -1001690.2476, -1002351.2851, -1005225.0747, -1008520.0246, -1021634.8019, -1023032.1784]","[1.222, 0.977, 1.344, 1.473, 2.498, 1.575, 1.861, 2.789]",0.5908,0.0,0.0,0.0,0.0,0.0,0.0,0.0,0.0,0.0,0.9767,8.0,0.9487,1.3903,2.0818,0.6018,0.8012,0.9767,"[[3.686, 0.0], [6.827, 0.0], [10.539, 0.0], [13.965, -0.131], [18.248, -0.131], [19.961, -0.131]]",0.0,0.0,0.9695,0.0,0.0,0.2455,1.0,0.0,ok,2.7894,0.0,1.0,1.0,0.0,1.0,1.0,0.0,0.25,0.5,dfa48a639ca54273906096ebbd03660e,scene-0524,44
1.686,2.7047,3.9565,1.1241,1.6268,2.249,0.0,0.0,0.0,0.0,0.0,0.0,0.0,0.0,0.0,ok,straight,1.686,2.1336,4.5298,1.1241,1.6268,2.3445,False,"[-0.0653, -0.0653, -0.0653, -0.1305, -0.1305, -0.1305, -0.0653, -0.0653]","[-38.7239, -137.702, -262.2493, -284.1006, -1121.9301, -1782.7536, -3180.8456, -19546.7419]","[3.9413, 3.9255, 3.9054, 1.8363, -1001119.2864, -1001780.1098, -1003178.2019, -1019544.0981]","[2.345, 2.631, 3.201, 1.738, 2.679, 3.363, 2.393, 3.964]",0.6496,0.0,0.0,0.0,0.0,0.0,0.0,0.0,0.0,0.0,1.7383,8.0,1.686,3.2757,0.5975,1.1241,2.056,1.7383,"[[1.687, 0.0], [3.686, 0.0], [5.113, 0.0], [5.97, 0.0], [7.398, 0.0], [9.111, -0.131]]",0.0,-1.1421,3.9324,0.0,-0.4292,0.6062,1.0,0.0,ok,3.9641,0.0,0.0,0.0,0.0,0.0,0.0,0.0,0.0,0.0,5b90526901414d2aa5db2b9fdaf858eb,scene-0552,44
3.2471,6.1264,8.3768,2.3263,3.8262,5.199,0.0,0.0,0.0,0.0,0.0,0.0,0.0,0.0,0.0,ok,straight,3.2471,6.1264,8.3768,2.3263,3.8976,5.1038,True,"[-0.0, -1.5666, -0.4569, -0.0, -1.1749, -0.0, -0.1958, -0.1305]","[-82.1943, -833.4345, -890.538, -1484.6436, -5266.6271, -7367.9059, -15034.6554, -25955.3185]","[5.0641, -1000829.9769, -1000887.0805, -1001481.186, -1005263.2268, -1007364.5055, -1015031.255, -1025951.9181]","[5.104, 5.711, 5.398, 4.253, 7.193, 6.436, 6.737, 5.344]",0.8994,0.0,0.0,0.0,0.0,0.0,0.0,0.0,0.0,0.0,4.2528,8.0,3.2471,6.1264,5.8071,2.3263,3.8976,4.2528,"[[1.687, 0.0], [3.686, 0.0], [5.399, 0.0], [6.827, 0.0], [7.398, 0.0], [9.111, 0.0]]",0.0,0.0,2.5698,0.0,0.0,0.851,1.0,0.0,ok,7.1926,0.0,0.0,0.0,0.0,0.0,0.0,0.0,0.0,0.0,f984bba40e134fb7ac6e7abf11a20b69,scene-0552,44
0.8037,4.0779,8.871,0.533,1.7192,3.808,0.0,0.0,0.0,0.0,0.0,0.0,0.0,0.0,0.0,ok,left,1.0853,4.0779,9.3871,0.7364,1.8208,3.9618,False,"[-2.7415, -2.7415, -3.4596, 2.611, 8.2899, 8.2899, 1.1097, 8.2899]","[-509.9026, -810.7966, -1823.092, -5303.1491, -55013.6709, -64594.9937, -68549.3898, -1303798.0639]","[1.3862, 1.3319, -1001821.0899, -1005301.1469, -1055011.7223, -1064593.0451, -1068547.4412, -2303796.0618]","[3.962, 3.941, 4.573, 2.342, 5.684, 5.804, 4.532, 13.439]",3.1564,0.0,0.0,0.0,0.0,0.0,0.0,0.0,0.0,0.0,2.3425,8.0,1.0853,4.0779,1.444,0.7364,1.8208,2.3425,"[[2.258, 0.131], [2.829, 0.0], [5.113, -0.914], [6.541, -2.48], [8.54, -4.569], [9.111, -5.483]]",0.0,0.0,7.9431,0.0,0.0,1.6193,2.0,0.0,ok,13.4386,0.0,0.0,0.0,0.0,0.0,0.0,0.0,0.0,0.0,e858e7a613c54860b354e63cd8ae1fc5,scene-0552,44
1.3324,2.5104,4.566,0.6883,1.4677,2.4255,0.0,0.0,0.0,0.0,0.0,0.0,0.0,0.0,0.0,ok,straight,1.3324,2.5104,5.9636,0.6883,1.4677,2.6584,False,"[-0.0, -0.0, -0.0653, -0.2611, -0.1958, -0.3916, -0.1305, -0.2611]","[-69.6653, -78.6539, -387.6167, -164.0422, -2494.1892, -3535.9415, -5286.4562, -46684.6256]","[4.1086, 4.0975, 3.5769, 2.1023, -1002491.8157, -1003533.5784, -1005284.0931, -1046682.2521]","[2.658, 2.645, 1.481, 2.667, 2.94, 2.419, 2.544, 3.287]",0.4852,0.0,0.0,0.0,0.0,0.0,0.0,0.0,0.0,0.0,1.4808,8.0,0.7636,2.5104,1.7651,0.6469,1.447,1.4808,"[[2.829, 0.0], [4.828, 0.0], [7.683, 0.0], [10.539, 0.0], [12.823, 0.0], [14.822, 0.0]]",0.5688,0.0,4.1985,0.0414,0.0207,1.1776,4.0,0.0,ok,3.2872,0.0,0.0,0.0,0.0,0.0,0.0,0.0,0.0,0.0,5ef15615bc08428bab23b2a84e84961e,scene-0552,44
0.026,0.026,0.026,0.026,0.026,0.026,0.0,0.0,0.0,0.0,0.0,0.0,0.0,0.0,0.0,ok,straight,0.026,0.026,0.026,0.026,0.026,0.026,False,"[-0.0, -0.0, -0.2611, -0.0, -0.0]","[-0.013, -27.1239, -841.9634, -3238.6284, -1663640.0577]","[3.3505, 1.3504, -1000839.6144, -1003238.2795, -2663637.7088]","[0.026, 0.065, 1.582, 0.629, 11.636]",4.4595,0.0,0.0,0.0,0.0,0.0,0.0,0.0,0.0,0.0,0.026,5.0,0.026,0.026,0.026,0.026,0.026,0.026,"[[-0.026, 0.0], [-0.026, 0.0], [-0.026, 0.0], [-0.026, 0.0], [-0.026, 0.0], [-0.026, 0.0]]",0.0,0.0,0.0,0.0,0.0,0.0,0.0,1.0,ok,11.6355,0.0,0.0,0.0,0.0,0.0,0.0,0.0,0.0,0.0,8687ba92abd3406aa797115b874ebeba,scene-0553,44
0.026,0.026,0.026,0.026,0.026,0.026,0.0,0.0,0.0,0.0,0.0,0.0,0.0,0.0,0.0,ok,straight,0.026,0.026,0.026,0.026,0.026,0.026,False,"[-0.0, -0.0, -0.0, -0.0, -0.0]","[-0.013, -1.5783, -12.0114, -20746.2746, -20961.2457]","[1.601, 1.6009, 1.5999, -2044736.8907, -2044951.8619]","[0.026, 0.065, 0.065, 1.294, 1.112]",0.5669,0.0,0.0,0.0,0.0,0.0,0.0,0.0,0.0,0.0,0.026,5.0,0.026,0.026,0.026,0.026,0.026,0.026,"[[-0.026, 0.0], [-0.026, 0.0], [-0.026, 0.0], [-0.026, 0.0], [-0.026, 0.0], [-0.026, 0.0]]",0.0,0.0,0.0,0.0,0.0,0.0,0.0,1.0,ok,1.2938,0.0,0.0,0.0,0.0,0.0,0.0,0.0,0.0,0.0,b8766f4291d5449d95bab459ca724ad8,scene-0553,44
0.026,0.026,0.026,0.026,0.026,0.026,0.0,0.0,0.0,0.0,0.0,0.0,0.0,0.0,0.0,ok,straight,0.026,0.026,0.026,0.026,0.026,0.026,False,"[-0.0, -0.0, -0.0, -0.5222, -0.0, -0.0]","[-0.013, -194.1245, -308.472, -2400.5757, -1603437.5194, -1751861.9289]","[2.8788, 0.3786, 0.3784, -1002401.351, -2603435.7948, -2751860.2043]","[0.026, 0.287, 0.248, 1.16, 12.191, 11.992]",5.509,0.0,0.0,0.0,0.0,0.0,0.0,0.0,0.0,0.0,0.026,6.0,0.026,0.026,0.026,0.026,0.026,0.026,"[[-0.026, 0.0], [-0.026, 0.0], [-0.026, 0.0], [-0.026, 0.0], [-0.026, 0.0], [-0.026, 0.0]]",0.0,0.0,0.0,0.0,0.0,0.0,0.0,1.0,ok,12.1913,0.0,0.0,0.0,0.0,0.0,0.0,0.0,0.0,0.0,c4f9b75136384ec4a76c4adfc28b4259,scene-0553,44
0.026,0.026,0.026,0.026,0.026,0.026,0.0,0.0,0.0,0.0,0.0,0.0,0.0,0.0,0.0,ok,straight,0.026,0.026,0.026,0.026,0.026,0.026,False,"[-0.0, -0.0, -0.0, -0.0653, -0.2611]","[-0.013, -1.5783, -27.4292, -39.2354, -266133.7933]","[1.888, 1.888, 1.8167, 1.1711, -1266133.1221]","[0.026, 0.065, 0.065, 0.162, 11.668]",4.6356,0.0,0.0,0.0,0.0,0.0,0.0,0.0,0.0,0.0,0.026,5.0,0.026,0.026,0.026,0.026,0.026,0.026,"[[-0.026, 0.0], [-0.026, 0.0], [-0.026, 0.0], [-0.026, 0.0], [-0.026, 0.0], [-0.026, 0.0]]",0.0,0.0,0.0,0.0,0.0,0.0,0.0,1.0,ok,11.6681,0.0,0.0,0.0,0.0,0.0,0.0,0.0,0.0,0.0,c143943fd6e246448eab88ce1a0aeda9,scene-0553,44
0.026,0.026,0.026,0.026,0.026,0.026,0.0,0.0,0.0,0.0,0.0,0.0,0.0,0.0,0.0,ok,straight,0.026,0.026,0.026,0.026,0.026,0.026,False,"[-0.0, -0.5222, -0.0, -0.0653, -0.0]","[-0.013, -24725.9191, -839724.7063, -839859.6901, -1463008.9213]","[4.7157, -1024722.9191, -5509276.7267, -5509411.7105, -6132560.9417]","[0.026, 3.733, 9.788, 10.16, 17.296]",5.9307,0.0,0.0,0.0,0.0,0.0,0.0,0.0,0.0,0.0,0.026,5.0,0.026,0.026,0.026,0.026,0.026,0.026,"[[-0.026, 0.0], [-0.026, 0.0], [-0.026, 0.0], [-0.026, 0.0], [-0.026, 0.0], [-0.026, 0.0]]",0.0,0.0,0.0,0.0,0.0,0.0,0.0,1.0,ok,17.296,0.0,0.0,0.0,0.0,0.0,0.0,0.0,0.0,0.0,e0b85d628af34d6bbbbb0da216aa5bca,scene-0554,44
0.026,0.026,0.026,0.026,0.026,0.026,0.0,0.0,0.0,0.0,0.0,0.0,0.0,0.0,0.0,ok,straight,0.026,0.026,0.026,0.026,0.026,0.026,False,"[-0.0, -0.0, -0.0, -0.0, -0.8486]","[-0.013, -14.3618, -27.4292, -33.6905, -2816.2169]","[4.5875, 4.5746, 4.5629, 4.5573, -1002812.6463]","[0.026, 0.065, 0.065, 0.199, 1.38]",0.5197,0.0,0.0,0.0,0.0,0.0,0.0,0.0,0.0,0.0,0.026,5.0,0.026,0.026,0.026,0.026,0.026,0.026,"[[-0.026, 0.0], [-0.026, 0.0], [-0.026, 0.0], [-0.026, 0.0], [-0.026, 0.0], [-0.026, 0.0]]",0.0,0.0,0.0,0.0,0.0,0.0,0.0,1.0,ok,1.3796,0.0,0.0,0.0,0.0,0.0,0.0,0.0,0.0,0.0,07036c3a872444c8a7f369d796aa401f,scene-0554,44
0.026,0.026,0.026,0.026,0.026,0.026,0.0,0.0,0.0,0.0,0.0,0.0,0.0,0.0,0.0,ok,straight,0.026,0.026,0.026,0.026,0.026,0.026,False,"[-0.0, -0.0, -0.0, -0.0]","[-0.013, -263.8225, -8254.8044, -1660459.904]","[3.7791, 3.7787, -3025086.1311, -4677291.2306]","[0.026, 0.208, 0.732, 12.334]",5.2081,0.0,0.0,0.0,0.0,0.0,0.0,0.0,0.0,0.0,0.026,4.0,0.026,0.026,0.026,0.026,0.026,0.026,"[[-0.026, 0.0], [-0.026, 0.0], [-0.026, 0.0], [-0.026, 0.0], [-0.026, 0.0], [-0.026, 0.0]]",0.0,0.0,0.0,0.0,0.0,0.0,0.0,1.0,ok,12.3345,0.0,0.0,0.0,0.0,0.0,0.0,0.0,0.0,0.0,3494e1a995f6404da4106f156c99ea49,scene-0554,44
0.026,0.026,0.026,0.026,0.026,0.026,0.0,0.0,0.0,0.0,0.0,0.0,0.0,0.0,0.0,ok,straight,0.026,0.026,0.026,0.026,0.026,0.026,False,"[-0.0, -0.0, -0.0, -0.0, -0.0653, -1.436]","[-0.013, -10.6328, -26.3626, -57.4082, -0.3402, -203594.9181]","[3.4979, 3.4978, 3.4976, 3.4972, 3.375, -1203592.339]","[0.026, 0.109, 0.065, 0.113, 0.044, 6.22]",2.2919,0.0,0.0,0.0,0.0,0.0,0.0,0.0,0.0,0.0,0.026,6.0,0.026,0.026,0.026,0.026,0.026,0.026,"[[-0.026, 0.0], [-0.026, 0.0], [-0.026, 0.0], [-0.026, 0.0], [-0.026, 0.0], [-0.026, 0.0]]",0.0,0.0,0.0,0.0,0.0,0.0,0.0,1.0,ok,6.2205,0.0,0.0,0.0,0.0,0.0,0.0,0.0,0.0,0.0,6e0fe77bfa0241dda2cba2ca84aa53e0,scene-0554,44
0.026,0.3773,2.2091,0.026,0.1203,0.6316,0.0,0.0,0.0,0.0,0.0,0.0,0.0,0.0,0.0,ok,straight,0.026,0.3773,2.2091,0.026,0.1203,0.6316,False,"[-0.0, -0.0, -0.0, -0.1305, -0.0]","[-0.013, -359.346, -475.7549, -2.8873, -1683756.0789]","[2.992, 2.9915, 2.9909, 0.492, -2683754.0876]","[0.632, 0.734, 0.805, 0.588, 12.052]",4.5458,0.0,0.0,0.0,0.0,0.0,0.0,0.0,0.0,0.0,0.5878,5.0,0.026,0.3773,1.9458,0.026,0.1203,0.5878,"[[-0.026, 0.0], [-0.026, 0.0], [-0.026, 0.0], [-0.026, 0.0], [-0.026, 0.0], [-0.026, 0.0]]",0.0,0.0,0.2633,0.0,0.0,0.0439,1.0,0.0,ok,12.0523,0.0,0.0,0.0,0.0,0.0,0.0,0.0,0.0,0.0,12a42a64274a4453b166d804b625d61f,scene-0555,44
2.1319,5.2073,6.3095,1.5409,2.9318,3.9555,0.0,0.0,0.0,0.0,0.0,0.0,0.0,0.0,0.0,ok,straight,2.1319,4.976,6.3095,1.5409,2.9449,3.9642,False,"[-0.0653, -0.0653, -0.718, -2.4152, -0.0653, -0.1958, -0.9138, -4.047]","[-41.7487, -284.5653, -4003.6108, -14129.5033, -24717.7073, -51543.9462, -78134.1385, -119083.5143]","[4.5477, 4.4046, -1004000.6999, -1014126.5923, -1024714.9334, -1051541.0352, -1078131.3646, -1119080.7405]","[3.964, 3.86, 3.073, 3.957, 3.6, 5.052, 5.638, 6.295]",1.038,0.0,0.0,0.0,0.0,0.0,0.0,0.0,0.0,0.0,3.0735,8.0,2.1319,4.976,4.9449,1.5409,2.9449,3.0735,"[[2.258, 0.0], [4.542, -0.131], [6.541, -0.261], [8.825, -0.522], [11.11, -0.131], [13.108, -0.131]]",0.0,0.0,1.3646,0.0,0.0,0.8907,4.0,0.0,ok,6.2953,0.0,0.0,0.0,0.0,0.0,0.0,0.0,0.0,0.0,2878a9ab393f42a2bbb426d8a14690d9,scene-0555,44
4.1219,6.4223,7.0887,3.2213,4.4556,5.21,0.0,0.0,0.0,0.0,0.0,0.0,0.0,0.0,0.0,ok,straight,4.1219,6.4223,7.0887,3.2213,4.527,5.4003,False,"[-0.0653, -0.0653, -0.2611, -0.3264, -0.0653, -0.1958, -0.0653, -0.3916]","[-28.0011, -221.4004, -1586.5567, -1773.0178, -3188.277, -4354.1254, -5177.4156, -20133.8566]","[4.3809, 4.3493, -1001583.8272, -1001770.2884, -1003185.5476, -1004351.396, -1005174.6847, -1020131.1257]","[5.4, 4.924, 4.213, 4.643, 4.212, 5.025, 3.558, 8.5]",1.4069,0.0,0.0,0.0,0.0,0.0,0.0,0.0,0.0,0.0,3.5583,8.0,4.1219,6.4223,1.9748,3.2213,4.527,3.5583,"[[2.829, 0.0], [5.399, 0.0], [7.683, 0.0], [10.539, 0.0], [13.108, 0.0], [15.107, 0.131]]",0.0,0.0,5.1139,0.0,0.0,1.842,6.0,0.0,ok,8.5,0.0,0.0,0.0,0.0,0.0,0.0,0.0,0.0,0.0,6d6c81c8b0fb4b57b9bf772819a2f5a2,scene-0555,44
0.9578,1.766,2.1687,0.4999,0.7657,1.2031,0.0,0.0,0.0,0.0,0.0,0.0,0.0,0.0,0.0,ok,straight,0.9578,1.766,2.4532,0.4999,0.7657,1.2505,False,"[-0.0, -0.0, -0.1305, -0.3264, -0.0653, -0.5222, -0.6527, -0.3264]","[-241.4874, -209.9109, -574.1282, -1013.3843, -1446.7001, -2753.1374, -2757.4783, -112447.0609]","[4.8221, 2.8227, 2.2439, -1001010.0706, -1001443.3865, -1002749.8238, -1002756.1649, -1112445.7475]","[1.251, 1.179, 0.57, 1.634, 1.206, 1.031, 1.802, 8.238]",2.3406,0.0,0.0,0.0,0.0,0.0,0.0,0.0,0.0,0.0,0.5703,8.0,0.2422,1.766,0.455,0.2841,0.6578,0.5703,"[[3.686, 0.0], [6.827, 0.0], [11.11, 0.0], [14.25, 0.0], [18.248, -0.131], [21.674, 0.0]]",0.7156,0.0,1.9982,0.2158,0.1079,0.6802,4.0,0.0,ok,8.2377,0.0,0.0,0.0,0.0,0.0,0.0,0.0,0.0,0.0,af40bcc10a22486a9371836ac8b87a3c,scene-0555,44
4.836,8.9859,14.2504,3.6123,5.8495,8.2291,0.0,0.0,0.0,0.0,0.0,0.0,0.0,0.0,0.0,ok,straight,4.836,8.9859,14.2504,3.6123,5.8495,8.2291,False,"[-0.1305, -0.1305, -0.1958, -0.1305, -0.0653, -0.2611, -0.4569, -0.7833]","[-77.1081, -116.6488, -417.416, -729.1778, -1158.3814, -13607.5973, -13619.259, -804339.3634]","[3.7288, 3.2109, -1000415.2157, -1000726.4597, -1001155.6633, -1013604.8792, -1013617.0586, -1804337.163]","[8.229, 8.563, 9.558, 9.601, 7.99, 9.121, 9.902, 18.284]",3.1387,0.0,0.0,0.0,0.0,0.0,0.0,0.0,0.0,0.0,7.9904,8.0,4.836,8.9859,11.9638,3.6123,5.8495,7.9904,"[[3.686, 0.0], [7.398, 0.0], [11.11, -0.131], [14.25, -0.131], [18.248, -0.131], [21.674, -0.261]]",0.0,0.0,2.2866,0.0,0.0,0.2387,1.0,0.0,ok,18.2841,0.0,0.0,0.0,0.0,0.0,0.0,0.0,0.0,0.0,17e6f41d3b1f40d4bc85412fe8b67688,scene-0556,44
1.405,4.8965,11.1646,1.1048,2.5207,4.765,0.0,0.0,0.0,0.0,0.0,0.0,0.0,0.0,0.0,ok,left,1.405,4.8965,11.1646,1.1048,2.5476,4.783,False,"[-3.5901, -3.5901, -6.8539, -3.0679, -3.9165, 3.2637, 8.2899, 2.3499]","[-412.9296, -188.5985, -928.9145, -1273.7164, -1834.7483, -11649.0647, -57818.0227, -106017.0936]","[0.3409, 0.2416, -1000928.6031, -1001273.5105, -1001834.5424, -1011648.7533, -1057817.8168, -1106016.7822]","[4.783, 4.647, 6.376, 4.375, 4.384, 3.622, 5.972, 4.228]",0.8623,0.0,0.0,0.0,0.0,0.0,0.0,0.0,0.0,0.0,3.6216,8.0,1.405,4.8965,3.0335,1.1048,2.5476,3.6216,"[[1.973, -0.261], [3.686, -0.783], [5.97, -1.828], [6.827, -3.133], [9.111, -4.569], [9.968, -7.18]]",0.0,0.0,8.1311,0.0,0.0,1.1614,5.0,0.0,ok,6.3758,0.0,0.0,0.0,0.0,0.0,0.0,0.0,0.0,0.0,5b790dd0fb6e4545bc7f3273aa178d4c,scene-0556,44
2.6602,4.1024,7.0277,2.0943,3.0688,4.2883,0.0,0.0,0.0,0.0,0.0,0.0,0.0,0.0,0.0,ok,straight,2.6602,5.2439,7.0277,2.0943,3.2828,4.4785,False,"[-0.0653, -0.0653, -0.1305, -0.0653, -0.0, -0.0, -0.1305, -0.0]","[-29.1711, -42.7158, -52.5763, -970.8859, -2967.2128, -5508.6263, -7907.4517, -12983.2048]","[2.731, 2.6903, 1.407, -1000968.8903, -1002965.1796, -1005506.5931, -1007905.4561, -1012981.1715]","[4.479, 4.431, 4.524, 3.436, 4.334, 4.118, 4.524, 4.057]",0.346,0.0,0.0,0.0,0.0,0.0,0.0,0.0,0.0,0.0,3.4365,8.0,2.3747,5.2439,4.1796,1.9515,3.2114,3.4365,"[[1.116, 0.0], [2.544, 0.0], [3.971, 0.0], [4.828, 0.0], [5.685, -0.131], [7.398, -0.131]]",0.2855,0.0,2.8481,0.1427,0.0714,1.042,5.0,0.0,ok,4.5244,0.0,0.0,0.0,0.0,0.0,0.0,0.0,0.0,0.0,8d67c4024af6470faada45dc41ba9a16,scene-0556,44
0.3574,0.5823,1.139,0.3059,0.4095,0.5982,0.0,0.0,0.0,0.0,0.0,0.0,0.0,0.0,0.0,ok,straight,0.3574,0.5823,1.139,0.3059,0.4095,0.5982,False,"[-0.0, -0.0, -0.0, -0.0, -0.0, -0.0, -0.0653, -0.0]","[-0.013, -106.2631, -151.3966, -410.5768, -303.8245, -5151.0033, -233699.5453, -275004.2633]","[2.3931, 2.3918, 2.3914, 2.3894, -1000302.3933, -1005149.5725, -1233698.1146, -1275002.8322]","[0.598, 0.5, 0.278, 1.044, 0.742, 1.018, 11.842, 5.379]",3.7961,0.0,0.0,0.0,0.0,0.0,0.0,0.0,0.0,0.0,0.2784,8.0,0.3574,0.0248,0.5683,0.3059,0.2626,0.2784,"[[-0.026, 0.0], [-0.026, 0.0], [-0.026, 0.0], [-0.026, 0.0], [-0.026, 0.0], [-0.026, 0.0]]",0.0,0.5575,0.5707,0.0,0.1469,0.3198,2.0,0.0,ok,11.8423,0.0,1.0,1.0,0.0,1.0,1.0,0.0,0.5,0.6666666666666666,c5b0f0c5ed114827be185c8dd3b8e3d5,scene-0556,44
2.8432,5.7378,7.2008,2.2562,3.6463,4.6197,0.0,0.0,0.0,0.0,0.0,0.0,0.0,0.0,0.0,ok,right,2.8432,6.3193,6.6977,2.2562,3.8673,4.7588,False,"[2.9374, 1.2402, 1.2402, 1.5013, 2.5457, -8.2899, -8.2899, 0.7833]","[-163.3622, -398.9921, -137.9525, -673.3261, -1497.4172, -14693.1309, -24217.3933, -112646.8248]","[3.5898, 3.1959, 3.181, -1000671.1375, -1001495.2066, -1014690.9424, -1024215.2048, -1112644.6143]","[4.759, 4.767, 4.667, 6.274, 5.496, 7.022, 6.02, 8.444]",1.2321,0.0,0.0,1.0,0.0,0.0,1.0,0.0,0.0,0.16666666666666666,4.6672,8.0,2.8432,5.7378,7.2008,2.2562,3.7176,4.6672,"[[3.115, -0.131], [5.97, -0.261], [9.396, -1.044], [12.823, -1.697], [14.536, -3.264], [15.678, -5.875]]",0.0,0.5815,-0.5031,0.0,0.1497,0.0916,1.0,0.0,ok,8.4439,0.0,0.0,0.0,0.0,0.0,0.0,0.0,0.0,0.0,6cb74a87748b4fab82ad1b0869b27e01,scene-0557,44
1.8432,2.9313,4.1783,1.2049,1.8633,2.4998,0.0,0.0,0.0,0.0,0.0,0.0,0.0,0.0,0.0,ok,straight,1.8432,3.2149,4.1783,1.3473,2.0054,2.5946,False,"[-0.0, -0.0, -0.0653, -0.3916, -0.1305, -0.3916, -0.4569, -0.2611]","[-120.7334, -156.7622, -905.2485, -1014.3792, -1464.8885, -4399.8682, -135096.4858, -990951.466]","[4.4203, 4.3729, -1000902.525, -1001011.6557, -1001462.1177, -1004397.0973, -1135093.7149, -1990948.7425]","[2.595, 2.547, 3.114, 3.239, 3.262, 3.269, 11.347, 11.693]",3.6984,0.0,0.0,0.0,0.0,0.0,0.0,0.0,0.0,0.0,2.5471,8.0,1.8432,3.2149,4.1783,1.2049,1.9342,2.5471,"[[3.4, 0.0], [6.541, 0.0], [9.111, 0.0], [12.537, 0.0], [15.107, 0.0], [18.248, 0.0]]",0.0,0.0,0.0,0.1424,0.0712,0.0475,1.0,0.0,ok,11.6934,0.0,0.0,0.0,0.0,0.0,0.0,0.0,0.0,0.0,6cc682bbd4544c4ea5281c9d87b9c4f6,scene-0557,44
0.8632,3.0083,5.5908,0.506,1.423,2.6214,0.0,0.0,0.0,0.0,0.0,0.0,0.0,0.0,0.0,ok,straight,0.8632,3.0083,6.1653,0.506,1.423,2.717,False,"[-0.1305, -0.1305, -0.1305, -0.1305, -0.0, -0.4569, -0.0653, -0.0653]","[-16.1513, -154.4557, -3322.8255, -4656.3509, -6658.9286, -31634.6468, -135346.8761, -1311343.9975]","[3.5939, 3.4804, -1003319.8452, -1004653.2575, -1006655.8352, -1031631.5534, -1135343.8958, -2311341.0172]","[2.717, 2.391, 2.867, 4.24, 3.716, 5.11, 13.527, 13.336]",4.3761,0.0,0.0,0.0,0.0,0.0,0.0,0.0,0.0,0.0,2.3908,8.0,0.0229,2.7228,6.1653,0.2356,0.9336,2.3908,"[[1.116, 0.0], [2.544, 0.0], [3.686, 0.0], [5.113, 0.0], [6.541, 0.0], [8.254, -0.261]]",0.8403,0.2855,0.0,0.2704,0.4893,0.3262,1.0,0.0,ok,13.5268,0.0,0.0,0.0,0.0,0.0,0.0,0.0,0.0,0.0,9dbec65c6bcf465dab62ea2c4a55ad61,scene-0557,44
1.6871,2.5437,5.1135,1.2588,1.9013,2.6865,0.0,0.0,0.0,0.0,0.0,0.0,0.0,0.0,0.0,ok,straight,1.6871,2.5437,5.1135,1.2588,1.9013,2.7341,False,"[-0.0, -0.0, -0.1305, -0.9138, -0.0653, -0.1305, -1.6971, -0.0653]","[-94.1933, -137.553, -283.7636, -602.412, -1389.6611, -1545.6248, -1720.5515, -20342.2537]","[3.0896, 3.0084, 2.8327, 1.3432, -1001387.7149, -1001543.6786, -1001718.6798, -1020340.382]","[2.734, 2.639, 3.307, 3.481, 2.782, 2.83, 4.003, 4.069]",0.5392,0.0,0.0,0.0,0.0,0.0,0.0,0.0,0.0,0.0,2.6389,8.0,1.6871,2.5437,5.1135,0.9733,1.7585,2.6389,"[[0.831, 0.0], [1.687, 0.0], [2.544, 0.0], [2.544, 0.0], [3.686, 0.0], [5.113, 0.0]]",0.0,0.0,0.0,0.2855,0.1428,0.0952,1.0,0.0,ok,4.0688,0.0,0.0,0.0,0.0,0.0,0.0,0.0,0.0,0.0,e1dac16e721643a4823deb6e0ebe5394,scene-0557,44
4.9744,10.0573,16.3895,3.8571,6.5131,9.139,0.0,0.0,0.0,0.0,0.0,0.0,0.0,0.0,0.0,ok,straight,6.4018,10.0573,16.3908,4.8563,7.0127,9.4723,False,"[-0.1305, -0.1305, -0.5222, -1.0444, -1.1749, -1.5013, -0.1958, -0.0]","[-83.1936, -633.5091, -81.1853, -345.4211, -11233.533, -12176.8841, -13804.5508, -19001.6433]","[4.8192, 4.255, 4.0905, 2.5941, -1011230.5478, -1012174.3867, -1013802.0533, -1018998.658]","[9.472, 9.473, 9.622, 9.732, 8.455, 10.567, 9.998, 10.332]",0.602,0.0,0.0,0.0,0.0,0.0,0.0,0.0,0.0,0.0,8.4554,8.0,6.4018,10.0573,15.9869,4.8563,7.0127,8.4554,"[[3.4, 0.0], [6.541, -0.131], [8.54, -0.131], [10.539, -0.131], [13.108, -0.131], [17.391, -0.261]]",0.0,0.0,0.4038,0.0,0.0,1.0169,1.0,0.0,ok,10.5669,0.0,0.0,0.0,0.0,0.0,0.0,0.0,0.0,0.0,b4b5e858cd9d4cf9bdb01098ea7d3c45,scene-0558,44
1.839,5.9307,12.2006,1.3252,2.8342,5.2621,0.0,0.0,0.0,0.0,0.0,0.0,0.0,0.0,0.0,ok,right,1.239,6.7272,11.3294,1.4381,2.9475,5.8468,False,"[-3.2637, -2.611, -3.3943, -3.3943, -5.1567, -8.2899, -8.2899, -8.2899]","[-5023.6202, -18360.6766, -29993.7188, -45732.7914, -59972.331, -126558.0516, -183896.5148, -1368000.577]","[-1005022.1082, -1018358.9518, -1029991.9941, -1045731.2794, -1059970.819, -1126556.3268, -1183894.7901, -2367999.0651]","[5.847, 4.66, 4.778, 4.703, 5.437, 10.284, 10.946, 16.552]",4.0397,0.0,0.0,0.0,0.0,0.0,0.0,0.0,0.0,0.0,4.6599,8.0,1.239,5.9307,10.8368,1.4381,3.0605,4.6599,"[[2.829, -0.131], [3.686, -0.261], [5.113, 0.783], [6.541, 4.7], [10.539, 8.094], [6.827, 6.527]]",0.0,0.7965,0.4926,0.0,-0.1129,1.1869,4.0,0.0,ok,16.5517,0.0,0.0,0.0,0.0,0.0,0.0,0.0,0.0,0.0,85e6fee037794599bfd43c4faeada38a,scene-0558,44
2.0718,3.7722,5.9065,1.3242,2.3052,3.3477,0.0,0.0,0.0,0.0,0.0,0.0,0.0,0.0,0.0,ok,straight,2.0718,4.6319,6.7628,1.3242,2.5925,3.682,False,"[-0.0653, -0.0653, -0.0, -0.0653, -0.0653, -0.1305, -3.329, -0.0]","[-208.5912, -316.4154, -142.3393, -22.4561, -431.3616, -3053.6461, -3255.8475, -8430.0894]","[5.1125, 5.0731, 2.8899, 2.8734, 2.724, -1003051.8581, -1003251.7525, -1008425.9944]","[3.682, 4.205, 3.066, 3.49, 3.731, 3.124, 3.85, 4.493]",0.4589,0.0,0.0,0.0,0.0,0.0,0.0,0.0,0.0,0.0,3.066,8.0,2.0718,3.7722,5.3413,1.3242,2.3052,3.066,"[[3.115, 0.0], [6.541, 0.0], [9.682, -0.261], [13.108, 0.0], [15.107, -0.131], [18.248, -0.131]]",0.0,0.8598,1.4216,0.0,0.2873,0.616,3.0,0.0,ok,4.4926,0.0,0.0,0.0,0.0,0.0,0.0,0.0,0.0,0.0,6b47ac2dd28b4501ac292a19644cdd59,scene-0558,44
0.2088,0.2006,0.2008,0.207,0.2039,0.2029,0.0,0.0,0.0,0.0,0.0,0.0,0.0,0.0,0.0,ok,straight,0.2088,0.2006,0.2008,0.207,0.2039,0.2029,False,"[-0.0, -0.0, -0.0, -0.5875, -0.3916, -4.8956, -6.7233, -0.1305]","[-0.013, -146.4002, -283.5342, -373.1686, -655.5187, -4380.1159, -22398.9345, -1583764.7032]","[4.0577, 4.0029, 4.0027, 3.8206, -1000652.5412, -1004377.084, -1022395.9025, -2583761.7257]","[0.203, 0.618, 1.008, 1.386, 1.4, 3.398, 4.518, 12.575]",3.818,0.0,0.0,0.0,0.0,0.0,0.0,0.0,0.0,0.0,0.2029,8.0,0.2088,0.2006,0.2008,0.207,0.2039,0.2029,"[[-0.026, 0.0], [-0.026, 0.0], [-0.026, 0.0], [-0.026, 0.0], [-0.026, 0.0], [-0.026, 0.0]]",0.0,0.0,0.0,0.0,0.0,0.0,0.0,1.0,ok,12.5747,1.0,1.0,1.0,1.0,1.0,1.0,0.5,0.75,0.8333333333333334,05687786492a4b50874d7cd1057ec338,scene-0558,44
0.8365,0.8716,1.5808,0.5518,0.5901,0.6865,0.0,0.0,0.0,0.0,0.0,0.0,0.0,0.0,0.0,ok,straight,0.8365,0.8716,1.5808,0.5518,0.5901,0.6865,False,"[-0.0653, -0.0653, -1.6319, -0.3264, -0.1305, -0.0653, -0.0653, -0.0653]","[-297.2254, -672.5649, -568.7868, -756.5469, -1533.0717, -3061.5889, -24826.5157, -97359.8557]","[3.7443, 3.4113, -1000566.3278, -1000754.0879, -1001530.2917, -1003058.8088, -1024824.0567, -1097357.0756]","[0.686, 0.799, 1.377, 1.334, 1.107, 1.105, 1.94, 3.545]",0.8574,0.0,0.0,0.0,0.0,0.0,0.0,0.0,0.0,0.0,0.6865,8.0,0.8365,0.8716,1.5808,0.5518,0.5901,0.6865,"[[3.686, 0.0], [6.827, 0.0], [11.11, 0.0], [14.25, 0.0], [18.248, -0.131], [20.818, -0.131]]",0.0,0.0,0.0,0.0,0.0,0.0,0.0,1.0,ok,3.5452,0.0,0.0,0.0,0.0,0.0,0.0,0.0,0.0,0.0,029af235f15d4f6f80713b778edc3c61,scene-0559,44
0.5156,2.0168,3.9268,0.5103,1.2039,2.0002,0.0,0.0,0.0,0.0,0.0,0.0,0.0,0.0,0.0,ok,straight,0.5156,2.0166,3.6415,0.5103,1.2039,1.9527,True,"[-0.0, -0.0, -0.4569, -0.6527, -0.8486, -0.5875, -0.0, -0.1305]","[-259.7763, -215.7551, -412.2235, -1095.673, -1635.2723, -2889.0478, -2898.539, -4102.558]","[5.0293, 3.6195, 3.4921, -1001094.1756, -1001633.7748, -1002887.5503, -1002895.5994, -1004099.6184]","[1.953, 1.976, 1.396, 2.24, 1.565, 3.039, 1.861, 2.619]",0.5054,0.0,0.0,0.0,0.0,0.0,0.0,0.0,0.0,0.0,1.3963,8.0,0.5156,2.0166,1.5964,0.5103,1.2039,1.3963,"[[3.686, 0.0], [6.827, 0.0], [11.11, 0.0], [14.25, -0.131], [18.248, 0.0], [21.389, 0.0]]",0.0,0.0,2.0451,0.0,0.0,0.5564,3.0,0.0,ok,3.0389,0.0,0.0,0.0,0.0,0.0,0.0,0.0,0.0,0.0,9a1b1abbbb224ed0bf618c2083f91aee,scene-0559,44
0.0557,0.5179,1.1981,0.1405,0.4043,0.6579,0.0,0.0,0.0,0.0,0.0,0.0,0.0,0.0,0.0,ok,straight,1.4085,0.5179,1.1981,0.8795,0.631,0.8091,False,"[-0.0653, -0.0653, -0.0653, -0.0, -0.0653, -0.3264, -0.0653, -0.1305]","[-859.1812, -2600.868, -2640.481, -94753.5029, -1563.5384, -2965.3134, -3906.9135, -6831.2182]","[2.6434, -1002599.0278, -1002638.6407, -1094751.6626, -2004405.9121, -2005807.6871, -2006749.2872, -2009673.5919]","[0.809, 1.157, 1.412, 3.905, 0.985, 1.08, 1.46, 1.511]",0.923,0.0,0.0,0.0,0.0,0.0,0.0,0.0,0.0,0.0,0.8091,8.0,1.4085,0.5179,1.1981,0.8795,0.631,0.8091,"[[3.115, 0.0], [8.254, 0.0], [10.539, -0.131], [14.25, -0.131], [18.248, -0.131], [21.674, -0.131]]",0.0,0.0,0.0,0.0,0.0,0.0,0.0,1.0,ok,3.9046,0.0,0.0,0.0,0.0,0.0,0.0,0.0,0.0,0.0,d9394f43b43a46278005844d35f20650,scene-0559,44
0.0783,0.3351,0.4236,0.0687,0.2313,0.2854,0.0,0.0,0.0,0.0,0.0,0.0,0.0,0.0,0.0,ok,straight,0.0783,0.3351,0.4236,0.0687,0.2313,0.2872,False,"[-0.0653, -0.0653, -0.1305, -0.1305, -0.6527, -2.0235, -0.1958, -1.0444]","[-26.2243, -34.6679, -189.6311, -280.1282, -1007.4804, -1941.8066, -3281.4759, -24980.6857]","[3.3858, 3.3724, 3.2649, 3.2412, -1001005.3277, -1001939.6415, -1003279.3108, -1024978.533]","[0.287, 0.447, 1.715, 1.152, 1.111, 1.42, 0.882, 2.842]",0.7511,0.0,0.0,0.0,0.0,0.0,0.0,0.0,0.0,0.0,0.2872,8.0,0.0783,0.3351,0.4236,0.0687,0.2313,0.2872,"[[3.115, 0.0], [6.541, 0.0], [9.682, 0.0], [12.823, 0.0], [15.393, 0.0], [18.248, -0.131]]",0.0,0.0,0.0,0.0,0.0,0.0,0.0,1.0,ok,2.8419,0.0,0.0,0.0,0.0,0.0,0.0,0.0,0.0,0.0,6939d4b45ca74f2f9341a72ccedf35e5,scene-0559,44
0.8524,0.9249,1.7229,0.7502,0.9209,1.0571,0.0,0.0,0.0,0.0,0.0,0.0,0.0,0.0,0.0,ok,straight,0.8524,0.9249,1.7229,0.7502,0.707,0.8671,True,"[-0.0653, -0.0, -0.0653, -0.0, -0.3916, -0.0, -0.0, -8.2899]","[-183.3338, -191.4586, -283.1962, -1019.7776, -1487.1616, -4000.6064, -6001.1174, -16907.3925]","[3.768, 3.764, 3.7228, -1001017.0601, -1001484.4441, -1003997.9154, -1005998.3999, -1016904.7015]","[0.867, 1.533, 1.105, 1.246, 1.424, 1.224, 1.484, 3.762]",0.8492,0.0,0.0,0.0,0.0,0.0,0.0,0.0,0.0,0.0,0.8671,8.0,0.8524,0.9249,1.7229,0.7502,0.707,0.8671,"[[2.829, 0.0], [5.399, 0.0], [8.54, 0.0], [10.539, 0.0], [13.108, 0.0], [14.25, 0.131]]",0.0,0.0,0.0,0.0,0.0,0.0,0.0,1.0,ok,3.762,0.0,0.0,0.0,0.0,0.0,0.0,0.0,0.0,0.0,5c558d97108341ebb7b30b1c841ff57f,scene-0560,44
4.8124,9.9599,15.1081,3.4761,5.823,8.5839,0.0,0.0,1.0,0.0,0.0,1.0,0.0,0.0,0.16666666666666666,ok,straight,4.8124,9.9599,15.1094,3.7616,5.9658,8.6793,False,"[-0.1305, -0.1305, -0.4569, -0.8486, -0.3264, -0.6527, -0.4569, -8.2899]","[-222.3377, -326.2506, -758.5902, -1250.8586, -1317.9906, -1735.1491, -5150.6025, -17005.1159]","[3.8786, 3.8671, 3.6527, -1001248.0735, -1001315.2055, -1001732.3721, -1005147.8255, -1017002.3308]","[8.679, 8.584, 7.78, 8.789, 8.684, 9.385, 10.063, 8.874]",0.6157,0.0,0.0,1.0,0.0,0.0,1.0,0.0,0.0,0.16666666666666666,7.7802,8.0,4.8124,9.9599,11.999,3.7616,5.9658,7.7802,"[[3.686, 0.0], [6.541, -0.131], [8.54, -0.131], [12.252, -0.131], [15.393, -0.131], [17.391, -0.261]]",0.0,0.0,3.1104,0.0,0.0,0.8992,2.0,0.0,ok,10.0626,0.0,0.0,0.0,0.0,0.0,0.0,0.0,0.0,0.0,be1a07f716794bd5b4fa374e08b5e724,scene-0560,44
5.1151,10.5393,16.2496,3.9722,6.6134,9.3972,0.0,0.0,0.0,0.0,0.0,0.0,0.0,0.0,0.0,ok,straight,5.9715,10.5393,16.2496,4.4004,6.8275,9.5399,False,"[-0.0653, -0.0653, -2.0235, -4.504, -0.1958, -0.3264, -0.6527, -0.0653]","[-110.8062, -1731.0693, -2091.8948, -4628.5664, -5982.0801, -16727.9339, -17862.0504, -100651.8449]","[2.6902, -1001729.5951, -1002090.4207, -1004627.0946, -1005980.6083, -1016726.4597, -1017860.5763, -1100650.3731]","[9.54, 9.302, 9.06, 10.191, 10.302, 9.664, 8.168, 8.367]",0.724,0.0,0.0,0.0,0.0,0.0,0.0,0.0,0.0,0.0,8.1679,8.0,5.9715,8.8263,18.2941,4.4004,6.4713,8.1679,"[[2.829, 0.0], [5.97, -0.131], [7.969, -0.131], [10.539, -0.131], [13.679, -0.131], [16.249, -0.131]]",0.0,1.713,-2.0445,0.0,0.3561,1.372,4.0,0.0,ok,10.302,0.0,0.0,0.0,0.0,0.0,0.0,0.0,0.0,0.0,93071f98339b40279937bafd206cb42e,scene-0560,44
5.1152,9.9684,16.2497,3.8294,6.2565,9.1593,0.0,0.0,0.0,0.0,0.0,0.0,0.0,0.0,0.0,ok,straight,5.1152,9.9684,15.9642,3.8294,6.3993,9.0641,True,"[-0.0653, -0.0653, -0.1305, -0.3264, -0.0, -0.0653, -0.0653, -0.3264]","[-80.9402, -579.4807, -881.5552, -1106.2514, -1415.7761, -1921.7937, -6351.4345, -238174.4315]","[3.1425, 3.1361, 0.763, -0.904, -1001413.5877, -1001921.4198, -1006349.2461, -1238174.0576]","[9.064, 9.873, 9.924, 10.401, 9.731, 9.971, 9.733, 18.423]",2.8682,0.0,0.0,0.0,0.0,0.0,0.0,0.0,0.0,0.0,9.0641,8.0,5.1152,9.9684,15.9642,3.8294,6.3993,9.0641,"[[2.544, 0.0], [5.113, -0.131], [7.969, -0.131], [9.968, -0.131], [12.823, -0.131], [15.964, -0.131]]",0.0,0.0,0.0,0.0,0.0,0.0,0.0,1.0,ok,18.4228,0.0,0.0,0.0,0.0,0.0,0.0,0.0,0.0,0.0,77e97f94955c46d0a943232271a84ab3,scene-0560,44
4.5891,9.9051,15.2689,3.4255,5.9401,8.4908,0.0,0.0,0.0,0.0,0.0,0.0,0.0,0.0,0.0,ok,straight,5.6861,10.0824,15.2689,4.5444,6.5439,9.1271,False,"[-2.7415, -2.7415, -2.8068, -2.6763, -2.6763, -4.1776, -2.1541, -2.7415]","[-288.4127, -112.4754, -268.1855, -1788.5175, -2276.2114, -11512.9349, -21113.8892, -49069.3404]","[3.9945, 2.0273, 1.897, -1001787.3372, -1002275.0311, -1011509.7765, -1021110.7307, -1049066.1819]","[9.127, 8.754, 8.365, 8.512, 9.913, 8.662, 9.309, 7.277]",0.7235,0.0,0.0,0.0,0.0,0.0,0.0,0.0,0.0,0.0,7.2769,8.0,5.6861,10.0824,16.34,4.5444,6.5439,7.2769,"[[3.4, -0.131], [5.685, -0.131], [6.827, -1.567], [9.396, -3.655], [12.252, -5.222], [14.25, -5.483]]",0.0,0.0,-1.0711,0.0,0.0,1.8501,5.0,0.0,ok,9.9128,0.0,0.0,0.0,0.0,0.0,0.0,0.0,0.0,0.0,9eebbe06762c47aa8c671008df5fb474,scene-0561,44
5.1152,11.1104,17.3918,3.9722,6.8989,10.0634,0.0,0.0,0.0,0.0,0.0,0.0,0.0,0.0,0.0,ok,straight,5.1152,11.1104,16.8207,3.9722,6.8989,9.9683,True,"[-0.0653, -0.0653, -0.2611, -2.0888, -0.7833, -0.5875, -1.6971, -4.7651]","[-682.9874, -1260.8805, -1799.0603, -2073.4034, -16722.454, -54117.0666, -97372.0308, -200621.7907]","[4.3588, -1001258.1062, -1001796.2183, -1002070.6291, -1016719.6797, -1054114.2246, -1097369.1888, -1200619.0164]","[9.968, 10.587, 9.642, 9.919, 10.791, 12.075, 8.173, 19.12]",3.1368,0.0,0.0,0.0,0.0,0.0,0.0,0.0,0.0,0.0,8.1735,8.0,5.1152,11.1104,18.5609,3.9722,6.8989,8.1735,"[[2.829, 0.0], [5.113, -0.131], [8.54, -0.131], [11.11, -0.131], [15.393, -0.131], [16.82, -0.131]]",0.0,0.0,-1.7401,0.0,0.0,1.7948,3.0,0.0,ok,19.1196,0.0,0.0,0.0,0.0,0.0,0.0,0.0,0.0,0.0,7636f7b3286245cc95a2bd7ac01a64eb,scene-0561,44
4.5398,8.5702,10.8169,3.399,5.5037,7.1151,0.0,0.0,0.0,0.0,0.0,0.0,0.0,0.0,0.0,ok,straight,4.2544,8.8557,14.2404,3.3991,5.5751,7.9835,False,"[-0.0, -0.1305, -0.1305, -2.8721, -3.4596, -0.8486, -2.1541, -0.9138]","[-485.3769, -53.3052, -104.5417, -1502.9658, -5460.8908, -8608.1655, -30194.5694, -223178.7579]","[4.702, 4.6724, 4.6034, -1001499.7004, -1005457.6254, -1008604.9684, -1030191.304, -1223175.5608]","[7.984, 7.163, 7.163, 8.236, 9.056, 7.64, 7.655, 16.621]",2.9598,0.0,0.0,0.0,0.0,0.0,0.0,0.0,0.0,0.0,7.1626,8.0,4.5398,8.8557,10.8169,3.399,5.575,7.1626,"[[2.544, 0.0], [4.257, 0.131], [6.827, 0.0], [9.396, 0.0], [12.537, -1.305], [16.535, 0.0]]",-0.2854,0.0,3.4235,0.0001,0.0,0.8209,4.0,0.0,ok,16.6212,0.0,0.0,0.0,0.0,0.0,0.0,0.0,0.0,0.0,00bb84f140c943059a9a1e8e372ddabe,scene-0561,44
1.8407,3.4744,13.0841,1.2893,2.2813,4.6499,0.0,0.0,0.0,0.0,0.0,0.0,0.0,0.0,0.0,ok,left,1.2303,5.1426,15.8202,0.7229,2.58,5.6106,False,"[-4.1776, -2.4804, 1.3055, 2.5457, -2.4804, -2.2846, 1.9582, 8.2899]","[-1314.5714, -2001.0785, -4346.0746, -19819.3837, -5643.4422, -8277.521, -19614.3538, -41122.2685]","[-1001311.8987, -1001998.4058, -1004343.4019, -1019816.711, -2006510.8647, -2009144.9435, -2020481.7763, -2041989.691]","[5.611, 5.452, 4.492, 4.035, 5.253, 3.89, 3.76, 4.696]",0.6805,0.0,0.0,0.0,0.0,0.0,0.0,0.0,0.0,0.0,3.7598,8.0,1.8407,3.4744,3.3393,1.2893,2.2813,3.7598,"[[2.258, 0.0], [3.971, 0.392], [4.257, 0.131], [5.113, 0.783], [8.254, -1.567], [11.11, -8.355]]",-0.6105,1.6682,12.4809,-0.5664,0.2987,1.8508,7.0,0.0,ok,5.6106,0.0,0.0,0.0,0.0,0.0,0.0,0.0,0.0,0.0,a11fc6258e564dc4ab612bdf98e90fd1,scene-0561,44
0.6403,0.6521,1.1295,0.4694,0.6364,0.845,0.0,0.0,0.0,0.0,0.0,0.0,0.0,0.0,0.0,ok,straight,0.6403,0.6521,1.1295,0.4694,0.6364,0.751,True,"[-0.0, -0.0, -0.1958, -0.1958, -0.0653, -0.1305, -0.1305, -0.1305]","[-74.8876, -130.2169, -167.6134, -223.0213, -8617.9315, -68304.0306, -95929.2009, -1048877.4676]","[4.6897, 4.6849, 1.9892, 1.9891, -1008615.1576, -1068301.252, -1095926.427, -2048874.6936]","[0.751, 0.704, 1.424, 1.011, 1.328, 3.727, 3.411, 10.562]",3.1083,0.0,0.0,0.0,0.0,0.0,0.0,0.0,0.0,0.0,0.7041,8.0,0.359,0.6521,1.1295,0.3287,0.5661,0.7041,"[[3.686, 0.0], [7.398, 0.0], [11.11, 0.0], [14.25, 0.0], [18.248, 0.0], [21.674, 0.0]]",0.2813,0.0,0.0,0.1406,0.0703,0.0469,1.0,0.0,ok,10.5615,0.0,0.0,0.0,0.0,0.0,0.0,0.0,0.0,0.0,e493c6923a0a4d5fb78b75dcc0ffc5ab,scene-0562,44
0.1435,1.4414,2.0692,0.1045,0.6257,0.9759,0.0,0.0,0.0,0.0,0.0,0.0,0.0,0.0,0.0,ok,straight,0.1435,1.4414,2.0692,0.1045,0.6257,1.0703,False,"[-0.1305, -0.1305, -0.1305, -0.1305, -0.1958, -0.0, -0.2611, -0.0]","[-78.9025, -339.7518, -2083.8538, -2990.4246, -3999.5059, -7277.5779, -26858.4638, -1318437.5716]","[0.8706, 0.8695, -1002083.2767, -1002989.8481, -1003998.9294, -1007277.0008, -1026857.8867, -2318436.9951]","[1.07, 1.398, 0.933, 2.016, 2.111, 1.363, 3.393, 13.418]",3.9264,0.0,0.0,0.0,0.0,0.0,0.0,0.0,0.0,0.0,0.9329,8.0,0.1435,1.4414,2.9235,0.1045,0.6257,0.9329,"[[3.686, 0.0], [7.398, -0.131], [11.11, -0.131], [14.25, -0.261], [18.248, -0.261], [21.674, -0.261]]",0.0,0.0,-0.8543,0.0,0.0,0.1374,1.0,0.0,ok,13.4181,0.0,0.0,0.0,0.0,0.0,0.0,0.0,0.0,0.0,d74c961ec4274d14b8a211f29e390e30,scene-0562,44
1.1676,1.307,2.1285,0.8336,1.1182,1.4058,0.0,0.0,0.0,0.0,0.0,0.0,0.0,0.0,0.0,ok,straight,1.1676,1.307,2.6966,0.8336,1.1894,1.5953,False,"[-0.0, -0.0, -0.2611, -0.1305, -0.0653, -0.6527, -0.4569, -0.0653]","[-486.5153, -570.5886, -3008.4154, -5149.5137, -6066.475, -13505.9118, -87377.1956, -156229.0164]","[4.4146, 3.7802, -1003006.1764, -1005147.2747, -1006063.6033, -1013503.04, -1087374.9566, -1156226.1446]","[1.595, 1.561, 2.273, 1.933, 2.089, 2.444, 4.09, 9.666]",2.5528,0.0,0.0,0.0,0.0,0.0,0.0,0.0,0.0,0.0,1.5613,8.0,1.1676,2.4566,2.6966,0.8336,1.1384,1.5613,"[[2.829, 0.0], [5.399, 0.0], [7.398, 0.0], [11.11, 0.0], [12.823, 0.0], [15.393, 0.0]]",0.0,-1.1495,0.0,0.0,0.051,0.034,1.0,0.0,ok,9.6662,0.0,0.0,0.0,0.0,0.0,0.0,0.0,0.0,0.0,ae90c564207b4eb69b60630fa17ea7e8,scene-0562,44
0.277,1.349,2.1453,0.207,0.6538,1.1409,0.0,0.0,0.0,0.0,0.0,0.0,0.0,0.0,0.0,ok,straight,0.277,1.349,2.1453,0.207,0.6538,1.1409,False,"[-0.0, -0.0, -0.0653, -1.3708, -0.1958, -2.5457, -0.1305, -0.2611]","[-26.1003, -330.8371, -1266.4498, -1609.9932, -2796.0422, -3201.0763, -4004.0926, -6644.1837]","[4.8727, 4.3976, -1001263.7767, -1001607.3201, -1002793.0436, -1003198.4032, -1004001.094, -1006641.1851]","[1.141, 1.333, 2.477, 2.661, 1.946, 3.218, 0.971, 1.829]",0.7417,0.0,0.0,0.0,0.0,0.0,0.0,0.0,0.0,0.0,0.9708,8.0,0.277,1.349,0.4339,0.207,0.6538,0.9708,"[[2.258, 0.0], [4.257, 0.0], [6.541, 0.0], [8.54, 0.0], [10.539, 0.0], [11.681, 0.0]]",0.0,0.0,1.7114,0.0,0.0,0.1701,1.0,0.0,ok,3.2182,0.0,0.0,0.0,0.0,0.0,0.0,0.0,0.0,0.0,814f40cea21041308224320c40274e51,scene-0562,44
1.0253,2.405,3.3359,0.5977,1.3507,1.9225,0.0,0.0,0.0,0.0,0.0,0.0,0.0,0.0,0.0,ok,straight,1.0253,3.547,5.6199,0.5977,1.7076,2.7314,False,"[-0.0, -0.0, -0.0, -0.0, -0.0653, -0.0, -0.3264, -0.0]","[-153.4051, -43.5829, -544.8757, -710.2488, -348.5718, -288.2198, -4778.2514, -91286.5426]","[3.268, 3.2613, 3.2549, 3.2494, 2.6411, -1000285.8249, -1004775.8565, -1091284.1373]","[2.731, 2.065, 2.303, 2.208, 2.161, 1.385, 2.784, 4.151]",0.7522,0.0,0.0,0.0,0.0,0.0,0.0,0.0,0.0,0.0,1.385,8.0,1.0253,2.405,0.1105,0.5977,1.3507,1.385,"[[1.116, 0.0], [2.544, 0.0], [3.971, 0.0], [5.685, 0.0], [6.256, 0.0], [8.254, 0.0]]",0.0,1.142,5.5094,0.0,0.3569,1.3464,5.0,0.0,ok,4.1514,0.0,0.0,0.0,0.0,0.0,0.0,0.0,0.0,0.0,970f41b6fc4544b388fe7ccd578988a9,scene-0563,44
0.0689,0.2976,0.9394,0.1209,0.1536,0.3046,0.0,0.0,0.0,0.0,0.0,0.0,0.0,0.0,0.0,ok,straight,0.0689,0.2976,0.4285,0.1209,0.1536,0.2195,True,"[-0.0653, -0.0653, -0.0653, -0.1305, -0.0653, -0.0, -1.5013, -8.2899]","[-17.8758, -85.5816, -31.3419, -150.1626, -1556.9128, -3900.1351, -5159.6658, -14734.3433]","[4.2752, 4.2609, 4.2334, 4.1841, -1001553.7981, -1003896.9815, -1005156.5511, -1014731.1896]","[0.219, 1.063, 0.349, 1.372, 1.119, 0.984, 2.48, 3.164]",0.9432,0.0,0.0,0.0,0.0,0.0,0.0,0.0,0.0,0.0,0.2195,8.0,0.0689,0.2976,0.4285,0.1209,0.1536,0.2195,"[[1.116, 0.0], [2.544, 0.0], [3.686, 0.0], [4.542, 0.0], [5.685, 0.0], [6.541, 0.131]]",0.0,0.0,0.0,0.0,0.0,0.0,0.0,1.0,ok,3.164,0.0,0.0,1.0,0.0,0.0,1.0,0.0,0.0,0.16666666666666666,04b954deacb74b3a80c543526dc8f937,scene-0563,44
0.7337,0.7824,0.7803,0.5969,0.6935,0.7224,0.0,0.0,0.0,0.0,0.0,0.0,0.0,0.0,0.0,ok,straight,0.7337,0.7824,0.7803,0.5969,0.6935,0.7224,False,"[-0.0, -0.0, -0.0, -0.0, -0.0, -0.2611, -8.2899]","[-0.013, -1.5783, -74.7088, -105.4115, -217.4424, -881.5884, -24101.3021]","[3.5453, 3.5451, 3.5364, 3.5327, 3.5193, -1000878.8998, -1024098.6134]","[0.722, 0.675, 0.558, 0.627, 0.611, 1.135, 3.882]",1.1203,0.0,0.0,0.0,0.0,0.0,0.0,0.0,0.0,0.0,0.558,7.0,0.7337,0.2124,0.7803,0.5969,0.551,0.558,"[[-0.026, 0.0], [-0.026, 0.0], [-0.026, 0.0], [-0.026, 0.0], [-0.026, 0.0], [-0.026, 0.0]]",0.0,0.5699,0.0,0.0,0.1425,0.1644,4.0,0.0,ok,3.8825,1.0,1.0,1.0,1.0,1.0,1.0,0.5,0.75,0.8333333333333334,264f7a3db349473c9032d9ee63b9b828,scene-0563,44
0.0262,0.0265,0.0268,0.0261,0.0263,0.0264,0.0,0.0,0.0,0.0,0.0,0.0,0.0,0.0,0.0,ok,straight,0.0262,0.0265,0.0268,0.0261,0.0263,0.0264,False,"[-0.0, -0.0, -0.0, -0.0, -0.0, -0.718, -0.5875, -0.0]","[-0.013, -26.3626, -136.0173, -155.1483, -2658.4788, -46531.712, -83501.7493, -1633710.3098]","[3.7278, 3.7277, 3.7275, 3.7275, -1002655.7375, -1046528.9708, -1083499.008, -2633707.5685]","[0.026, 0.065, 0.16, 0.541, 0.549, 5.288, 3.031, 11.802]",3.8646,0.0,0.0,0.0,0.0,0.0,0.0,0.0,0.0,0.0,0.0264,8.0,0.0262,0.0265,0.0268,0.0261,0.0263,0.0264,"[[-0.026, 0.0], [-0.026, 0.0], [-0.026, 0.0], [-0.026, 0.0], [-0.026, 0.0], [-0.026, 0.0]]",0.0,0.0,0.0,0.0,0.0,0.0,0.0,1.0,ok,11.802,1.0,1.0,1.0,1.0,1.0,1.0,0.5,0.75,0.8333333333333334,10602c94122242d3b7525ec541b3784f,scene-0563,44
0.026,0.0303,0.3966,0.026,0.0271,0.1087,0.0,0.0,0.0,0.0,0.0,0.0,0.0,0.0,0.0,ok,straight,0.026,0.0303,0.3966,0.026,0.0271,0.1087,False,"[-0.0, -0.0, -0.0, -0.0, -0.1305, -0.1958, -0.0, -0.2611]","[-0.013, -246.3085, -663.2639, -15579.9589, -169164.6364, -1623296.7717, -1658839.8567, -1802626.4141]","[3.3944, 3.3935, -1000661.4196, -1015578.1152, -1169162.7921, -2623294.9273, -2658838.013, -2802624.5703]","[0.109, 0.243, 0.403, 1.384, 12.644, 11.929, 11.77, 12.613]",5.8696,0.0,0.0,0.0,0.0,0.0,0.0,0.0,0.0,0.0,0.1087,8.0,0.026,0.0303,0.3966,0.026,0.0271,0.1087,"[[-0.026, 0.0], [-0.026, 0.0], [-0.026, 0.0], [-0.026, 0.0], [-0.026, 0.0], [-0.026, 0.0]]",0.0,0.0,0.0,0.0,0.0,0.0,0.0,1.0,ok,12.6444,1.0,1.0,1.0,1.0,1.0,1.0,0.5,0.75,0.8333333333333334,3b86f8218554493f928b39824655872a,scene-0564,44
0.0676,0.0683,0.0703,0.0741,0.0709,0.0705,0.0,0.0,0.0,0.0,0.0,0.0,0.0,0.0,0.0,ok,straight,0.0676,0.0683,0.0703,0.0741,0.0709,0.0705,False,"[-0.0, -0.0, -0.0, -0.0, -0.0, -0.0653, -0.0, -1.3055]","[-0.013, -13.553, -15.1183, -19.8142, -263.8225, -2344.2735, -11453.0054, -75043.0967]","[2.8307, 2.8301, 2.83, 2.8299, 2.8199, -1002342.2981, -1011451.0301, -1075041.1215]","[0.071, 0.091, 0.117, 0.164, 0.238, 1.277, 1.12, 17.15]",5.545,0.0,0.0,0.0,0.0,0.0,0.0,0.0,0.0,0.0,0.0705,8.0,0.0676,0.0683,0.0703,0.0741,0.0709,0.0705,"[[-0.026, 0.0], [-0.026, 0.0], [-0.026, 0.0], [-0.026, 0.0], [-0.026, 0.0], [-0.026, 0.0]]",0.0,0.0,0.0,0.0,0.0,0.0,0.0,1.0,ok,17.1501,1.0,1.0,1.0,1.0,1.0,1.0,0.5,0.75,0.8333333333333334,cf326fa396094c5d87527d1950b31235,scene-0564,44
0.3972,1.1877,3.3141,0.2811,0.6461,1.4124,0.0,0.0,1.0,0.0,0.0,1.0,0.0,0.0,0.3333333333333333,ok,straight,0.3972,1.4723,3.3141,0.2811,0.7173,1.4599,False,"[-0.0, -0.0653, -0.1305, -0.0, -0.0, -0.0653, -0.0653, -1.5013]","[-27.9017, -142.5541, -165.8673, -774.7538, -802.378, -774.8883, -757.0496, -2140.0182]","[4.8021, 4.4841, 4.3118, 2.624, 2.5799, 2.4886, -1000753.7893, -1002137.7451]","[1.46, 0.797, 1.561, 1.558, 1.466, 1.796, 1.176, 2.159]",0.3762,0.0,0.0,1.0,0.0,0.0,1.0,0.0,0.0,0.3333333333333333,0.7967,8.0,0.3972,1.4723,1.0297,0.2811,0.7173,0.7967,"[[1.116, 0.0], [1.687, 0.0], [2.544, 0.0], [3.4, 0.0], [3.971, 0.0], [5.113, 0.0]]",0.0,0.0,2.2844,0.0,0.0,0.6632,2.0,0.0,ok,2.1595,0.0,0.0,0.0,0.0,0.0,0.0,0.0,0.0,0.0,26ce0c76786c43158b3bac999b27e76b,scene-0564,44
0.9775,1.8957,3.5927,0.9353,1.3786,1.9953,0.0,0.0,1.0,0.0,0.0,1.0,0.0,0.0,0.3333333333333333,ok,right,1.2323,1.8957,3.5927,0.7799,1.3009,1.9435,True,"[-0.0, -0.0, -0.4569, -0.0, -0.1958, 0.2611, -0.4569, -0.1305]","[-178.3046, -785.5767, -349.8311, -1014.8354, -1228.0672, -6719.2724, -8725.6263, -11690.4435]","[3.8972, 3.7181, 1.8656, -1001012.3352, -1001225.567, -1006716.808, -1008723.1618, -1011687.9791]","[1.944, 1.712, 1.985, 1.878, 1.914, 2.972, 2.231, 2.434]",0.3795,0.0,0.0,1.0,0.0,0.0,1.0,0.0,0.0,0.3333333333333333,1.7123,8.0,1.2323,1.2512,3.5927,0.7799,0.9541,1.7123,"[[2.258, 0.0], [3.4, -0.131], [4.542, 0.0], [6.541, 0.0], [7.398, 0.0], [9.111, 0.0]]",0.0,0.6445,0.0,0.0,0.3468,0.2312,3.0,0.0,ok,2.9723,0.0,0.0,0.0,0.0,0.0,0.0,0.0,0.0,0.0,9784a87689e64da29ff6d1b2fbaf6673,scene-0564,44
1.9222,3.6827,8.0577,1.3657,2.4459,3.9295,0.0,0.0,0.0,0.0,0.0,0.0,0.0,0.0,0.0,ok,right,2.4358,6.4991,8.0577,2.0483,3.8588,4.8714,False,"[-0.8486, -1.893, -0.8486, -1.0444, 2.5457, -8.2899, -8.2899, -1.5013]","[-1531.6079, -2256.6657, -2803.8309, -3900.6997, -4510.6604, -7363.7376, -9138.3716, -26377.4365]","[-1001529.9028, -1002254.5427, -1002801.7079, -1003898.9946, -1004508.9554, -1007361.6147, -1009136.6665, -1026375.3136]","[4.871, 4.853, 4.295, 4.803, 4.773, 7.113, 7.806, 5.734]",1.1856,0.0,0.0,0.0,0.0,0.0,0.0,0.0,0.0,0.0,4.2953,8.0,1.2372,6.4501,8.0577,1.0232,2.9946,4.2953,"[[0.259, 0.0], [1.402, 0.0], [1.116, 0.522], [1.402, 0.261], [5.685, 0.653], [7.398, 1.697]]",1.1986,0.0489,0.0,1.0251,0.8641,0.5761,4.0,0.0,ok,7.8056,0.0,0.0,0.0,0.0,0.0,0.0,0.0,0.0,0.0,f0c47597c226445fa1e14c82d879f9a4,scene-0565,44
1.0423,2.7187,2.6441,0.9068,1.6455,2.1199,0.0,0.0,0.0,0.0,0.0,0.0,0.0,0.0,0.0,ok,straight,1.0423,2.7187,2.0733,0.9068,1.6455,2.0724,True,"[-0.0, -0.0, -0.0653, -0.5222, -3.1985, -0.1305, -0.0653, -1.436]","[-373.3834, -598.8345, -1917.205, -3327.7186, -3399.9143, -3578.7419, -4615.6861, -81309.6027]","[3.5782, 3.5524, -1001914.7288, -1003325.2595, -1003397.4381, -1003576.2829, -1004613.2099, -1081307.1436]","[2.072, 2.168, 2.453, 2.258, 2.851, 2.106, 3.262, 4.558]",0.7965,0.0,0.0,0.0,0.0,0.0,0.0,0.0,0.0,0.0,2.0724,8.0,1.0423,2.7187,2.0733,0.9068,1.6455,2.0724,"[[3.686, 0.0], [6.541, 0.0], [10.539, 0.0], [14.25, 0.0], [18.248, 0.0], [19.39, 0.0]]",0.0,0.0,0.0,0.0,0.0,0.0,0.0,1.0,ok,4.5581,0.0,0.0,0.0,0.0,0.0,0.0,0.0,0.0,0.0,9287148365d241a99104b0b129246071,scene-0565,44
1.6332,4.0905,5.2907,1.2033,2.3212,3.3422,0.0,0.0,0.0,0.0,0.0,0.0,0.0,0.0,0.0,ok,straight,1.6332,4.0905,5.2907,1.2033,2.3212,3.3898,False,"[-0.0, -0.0, -0.6527, -0.5222, -0.1958, -0.0, -0.1305, -0.5222]","[-160.795, -192.6395, -603.296, -3779.0801, -5649.8919, -9221.9701, -21470.8735, -141897.9804]","[4.4292, 2.9996, -1000601.7921, -1003777.5761, -1005646.959, -1009219.0372, -1021469.3695, -1141895.0475]","[3.39, 3.533, 2.374, 2.454, 3.343, 3.197, 2.774, 6.993]",1.3794,0.0,0.0,0.0,0.0,0.0,0.0,0.0,0.0,0.0,2.3742,8.0,2.2058,4.0905,1.8798,1.6323,2.5357,2.3742,"[[3.4, 0.0], [6.827, 0.0], [10.539, 0.0], [14.25, 0.0], [18.248, 0.0], [19.961, 0.0]]",-0.5726,0.0,3.4109,-0.429,-0.2145,1.0156,5.0,0.0,ok,6.9934,0.0,0.0,0.0,0.0,0.0,0.0,0.0,0.0,0.0,5f2b89acd9c34488af6c4419f10703de,scene-0565,44
3.3329,7.558,13.2184,2.5889,4.7006,6.9649,0.0,0.0,1.0,0.0,0.0,1.0,0.0,0.0,0.3333333333333333,ok,straight,3.3329,7.558,13.2184,2.5889,4.7006,6.9649,False,"[-0.0653, -0.0653, -0.3264, -0.8486, -0.1305, -0.1305, -0.0653, -8.2899]","[-240.1, -481.5686, -1561.2417, -1828.1518, -2428.7319, -3007.1721, -9109.1869, -111376.2414]","[3.3317, 3.2952, -1001558.7933, -1001825.7034, -1002426.3133, -1003004.7237, -1009106.7683, -1111373.8228]","[6.965, 7.108, 8.728, 6.756, 7.785, 6.877, 5.348, 8.14]",0.9589,0.0,0.0,1.0,0.0,0.0,1.0,0.0,0.0,0.3333333333333333,5.3477,8.0,4.7605,7.558,9.2217,3.0172,4.9148,5.3477,"[[2.829, 0.0], [5.113, 0.0], [8.54, 0.131], [10.539, 0.131], [13.108, 0.131], [16.82, 0.131]]",-1.4276,0.0,3.9967,-0.4283,-0.2141,1.6173,3.0,0.0,ok,8.7279,0.0,0.0,1.0,0.0,0.0,1.0,0.0,0.0,0.3333333333333333,77ee28e79c2f400d893c9712b1c75b6b,scene-0565,44
1.2848,1.4341,1.8942,0.8976,1.1476,1.4908,0.0,0.0,0.0,0.0,0.0,0.0,0.0,0.0,0.0,ok,right,1.5649,1.4341,1.7072,1.1728,1.2938,1.3992,True,"[0.6527, 0.6527, 1.3055, 0.7833, 1.436, 1.0444, 0.0653, 0.4569]","[-42.0829, -2355.8534, -3018.0056, -6202.3622, -6621.8366, -9153.4234, -26706.9165, -48431.601]","[2.9303, -1002353.4512, -1003015.6034, -1006199.9068, -1006619.4344, -1009151.0212, -1026704.4611, -1048429.1456]","[1.399, 2.027, 2.497, 2.072, 4.819, 1.994, 4.127, 4.063]",1.1842,0.0,0.0,0.0,0.0,0.0,0.0,0.0,0.0,0.0,1.3992,8.0,1.5649,1.4341,1.7072,1.1728,1.2938,1.3992,"[[3.4, -0.131], [6.827, -0.131], [9.396, -0.392], [12.252, -0.783], [15.107, -1.044], [17.962, -1.305]]",0.0,0.0,0.0,0.0,0.0,0.0,0.0,1.0,ok,4.8188,0.0,0.0,0.0,0.0,0.0,0.0,0.0,0.0,0.0,67d2d74087714e4994a68c7347acf55a,scene-0625,44
0.8914,2.4863,1.1103,0.7404,1.3449,1.3356,0.0,0.0,0.0,0.0,0.0,0.0,0.0,0.0,0.0,ok,straight,0.8914,0.2467,1.1103,0.7404,0.9309,1.0596,True,"[-0.0653, -0.1305, -0.0653, -0.1958, -0.0, -0.1305, -0.0653, -0.0653]","[-1222.927, -835.5991, -34.4545, -1150.6212, -2467.5432, -4500.5172, -16197.4673, -1210863.102]","[5.289, 4.1231, 2.2736, -1001146.1541, -1002463.0761, -1004499.0685, -1016196.0186, -2210861.6533]","[1.06, 0.752, 1.003, 1.777, 1.3, 1.49, 2.014, 12.245]",3.6265,0.0,0.0,0.0,0.0,0.0,0.0,0.0,0.0,0.0,0.752,8.0,0.8914,0.2467,0.0551,0.7404,0.9309,0.752,"[[3.4, 0.0], [6.541, 0.0], [10.539, 0.131], [11.966, 0.0], [16.249, -0.131], [18.819, -0.131]]",0.0,0.0,1.0552,0.0,0.0,0.3076,2.0,0.0,ok,12.2446,0.0,0.0,0.0,0.0,0.0,0.0,0.0,0.0,0.0,2e74db7a04ef4ef49ec7f136a260a878,scene-0625,44
0.1099,0.0522,1.446,0.0801,0.2062,0.5741,0.0,0.0,0.0,0.0,0.0,0.0,0.0,0.0,0.0,ok,straight,0.1099,1.401,1.446,0.0801,0.5434,0.7989,False,"[-0.1305, -0.1305, -0.1958, -0.1305, -0.0653, -0.3264, -0.1305, -0.0]","[-61.657, -43.9167, -824.3303, -11444.3685, -22764.476, -138402.0771, -139134.0889, -837267.3012]","[2.1187, 2.1184, -1000822.8396, -1011442.8775, -1022762.985, -1138400.5864, -1139132.5982, -1837265.8102]","[0.799, 0.704, 0.859, 1.789, 5.21, 8.599, 4.031, 10.825]",3.6225,0.0,0.0,0.0,0.0,0.0,0.0,0.0,0.0,0.0,0.7038,8.0,0.1099,0.8305,1.446,0.0801,0.4008,0.7038,"[[3.4, 0.0], [6.827, -0.131], [9.682, -0.131], [12.537, -0.131], [16.249, -0.131], [19.39, -0.261]]",0.0,0.5706,0.0,0.0,0.1426,0.0951,1.0,0.0,ok,10.825,0.0,0.0,0.0,0.0,0.0,0.0,0.0,0.0,0.0,0e8e2f64b807428ca4ed5bc33c996389,scene-0625,44
2.6426,4.6425,7.833,1.7128,2.8384,4.3945,0.0,0.0,0.0,0.0,0.0,0.0,0.0,0.0,0.0,ok,straight,1.7797,5.2043,6.7262,0.9959,2.6204,4.0647,True,"[-0.5222, -0.5222, -0.5875, -0.5875, -1.436, -2.0888, -0.7833, -0.6527]","[-70.8703, -778.5541, -799.5461, -1242.7643, -1962.5927, -3628.8939, -7549.0853, -101172.1651]","[4.6323, -1000775.0392, -1000796.0312, -1001239.2836, -1001959.0778, -1003625.4132, -1007545.5704, -1101168.6844]","[4.065, 3.703, 2.761, 4.127, 3.435, 5.159, 3.269, 5.241]",0.8194,0.0,0.0,0.0,0.0,0.0,0.0,0.0,0.0,0.0,2.7609,8.0,1.7797,3.7769,2.9201,0.9959,2.078,2.7609,"[[3.4, 0.0], [6.256, 0.0], [8.54, -0.261], [10.539, -0.522], [12.537, -0.783], [16.249, -1.044]]",0.0,1.4274,3.806,0.0,0.5423,1.3037,4.0,0.0,ok,5.2408,0.0,0.0,0.0,0.0,0.0,0.0,0.0,0.0,0.0,30d93e4625f74b07a9966a5f8e9efa9e,scene-0625,44
2.4746,4.8249,5.919,1.8058,2.8964,3.9557,0.0,0.0,0.0,0.0,0.0,0.0,0.0,0.0,0.0,ok,straight,2.4746,4.8249,5.919,2.0911,3.0391,4.0508,False,"[-1.8277, -2.8068, -1.8277, -1.8277, -1.1749, -1.1749, -3.6554, -2.6763]","[-134.7735, -752.5023, -1168.9703, -3457.8242, -4142.1171, -15570.9372, -140885.6596, -1145383.7712]","[2.5647, 1.5287, -1001167.0266, -1003456.0628, -1004140.3557, -1015568.9935, -1140883.8983, -2145381.8275]","[4.051, 5.705, 4.388, 5.201, 5.398, 3.811, 6.273, 12.084]",2.4805,0.0,0.0,0.0,0.0,0.0,0.0,0.0,0.0,0.0,3.8111,8.0,2.4746,6.1038,7.3827,2.0911,3.5451,3.8111,"[[2.258, 0.0], [5.399, -0.261], [8.54, -0.783], [11.11, -1.697], [13.679, -2.48], [18.248, -3.655]]",0.0,-1.2789,-1.4637,0.0,-0.506,0.2397,1.0,0.0,ok,12.0844,0.0,0.0,0.0,0.0,0.0,0.0,0.0,0.0,0.0,57f23d2f55e6455696c6d3cc70a4f501,scene-0626,44
0.2873,1.7547,2.3671,0.2877,0.723,1.2065,0.0,0.0,0.0,0.0,0.0,0.0,0.0,0.0,0.0,ok,straight,0.2873,1.7547,5.2487,0.2877,0.8654,1.9754,False,"[-0.0653, -0.1305, -0.1305, -0.1958, -3.0679, -0.1305, -0.0, -0.1305]","[-224.798, -225.1028, -226.2674, -239.7522, -1289.7837, -5351.2375, -12799.8643, -70391.5551]","[2.4942, 2.4276, 2.4275, 2.3602, -1001288.2044, -1005349.6582, -1012798.285, -1070389.9758]","[1.975, 1.161, 1.159, 1.49, 2.737, 1.408, 2.099, 3.778]",0.8465,0.0,0.0,0.0,0.0,0.0,0.0,0.0,0.0,0.0,1.1592,8.0,0.2873,1.7547,2.3671,0.2877,0.8654,1.1592,"[[3.115, 0.0], [6.541, -0.131], [9.111, -0.131], [12.252, -0.131], [14.25, -0.783], [15.393, 0.131]]",0.0,0.0,2.8816,0.0,0.0,0.8162,4.0,0.0,ok,3.7782,0.0,0.0,0.0,0.0,0.0,0.0,0.0,0.0,0.0,bbf1d23e80b84da798c56cbac090f7d9,scene-0626,44
2.1902,4.3739,7.7383,1.5635,2.7017,4.0809,0.0,0.0,0.0,0.0,0.0,0.0,0.0,0.0,0.0,ok,straight,2.1902,4.3739,7.1715,1.5635,2.7017,3.8438,True,"[-0.1305, -0.1305, -0.1305, -0.1958, -0.1958, -0.7833, -0.0653, -0.5222]","[-104.4421, -137.797, -181.1101, -261.4003, -307.2926, -806.2049, -8065.6305, -16582.6399]","[3.0269, 3.0153, 3.0076, 2.7202, 2.7063, -1000804.3393, -1008063.7705, -1016580.7743]","[3.844, 4.558, 3.891, 3.039, 2.939, 3.659, 5.035, 4.988]",0.7549,0.0,0.0,0.0,0.0,0.0,0.0,0.0,0.0,0.0,2.9393,8.0,2.4757,4.3739,2.0325,1.7063,2.7731,2.9393,"[[3.115, 0.0], [6.541, -0.131], [9.396, -0.131], [12.252, -0.131], [14.25, -0.261], [17.391, -0.261]]",-0.2855,0.0,5.1391,-0.1428,-0.0714,0.9045,3.0,0.0,ok,5.0351,0.0,0.0,0.0,0.0,0.0,0.0,0.0,0.0,0.0,5fd5c3f8e4c54137a3bbb794ae4dc9e7,scene-0626,44
3.2748,4.685,3.6711,2.1597,3.2577,3.5001,0.0,0.0,0.0,0.0,0.0,0.0,0.0,0.0,0.0,ok,straight,3.2748,4.685,4.5272,2.1597,3.2577,3.6428,False,"[-0.0, -0.0653, -0.0, -0.1305, -0.4569, -0.1958, -0.5875, -0.0653]","[-209.8209, -360.2459, -1798.0686, -1866.6621, -1918.8189, -2727.3446, -3437.0149, -415355.9124]","[3.5898, 3.2702, -1001795.8085, -1001864.402, -1001916.534, -1002725.0845, -1003434.7549, -1415353.6275]","[3.643, 3.504, 3.981, 3.506, 3.556, 5.127, 5.658, 9.45]",1.9162,0.0,0.0,0.0,0.0,0.0,0.0,0.0,0.0,0.0,3.5036,8.0,3.2748,4.685,4.248,2.1597,3.2577,3.5036,"[[1.116, 0.0], [3.686, 0.0], [5.113, 0.0], [6.827, 0.0], [7.683, 0.0], [9.111, 0.0]]",0.0,0.0,0.2792,0.0,0.0,0.1392,3.0,0.0,ok,9.4496,0.0,0.0,1.0,0.0,0.0,1.0,0.0,0.0,0.3333333333333333,bc35cb43c7de4fd3ab2355a9cc632ef9,scene-0626,44
1.0016,2.421,1.5509,0.7561,1.4244,1.5185,0.0,0.0,0.0,0.0,0.0,0.0,0.0,0.0,0.0,ok,straight,1.0016,1.87,1.5509,0.7561,1.2866,1.5583,False,"[-0.0653, -0.0653, -0.6527, -0.0653, -0.0653, -0.1305, -0.0, -0.0653]","[-219.7158, -495.7608, -336.1476, -637.2646, -4068.2154, -7091.5171, -13964.454, -141811.7679]","[4.2082, 3.6958, 1.2237, -1000633.884, -1004065.3412, -1007088.6429, -1013961.5798, -1141808.3874]","[1.558, 1.387, 2.338, 2.868, 1.451, 2.015, 1.886, 4.728]",1.0353,0.0,0.0,0.0,0.0,0.0,0.0,0.0,0.0,0.0,1.3867,8.0,0.2482,1.87,1.5509,0.2413,1.0292,1.3867,"[[2.258, 0.0], [4.542, 0.0], [6.541, 0.0], [9.111, -0.131], [11.11, -0.131], [15.393, -0.131]]",0.7533,0.0,0.0,0.5148,0.2574,0.1716,2.0,0.0,ok,4.7282,0.0,0.0,0.0,0.0,0.0,0.0,0.0,0.0,0.0,0fae8aae30d44b4faf7a9854eac4bc09,scene-0627,44
0.2831,0.5956,1.068,0.2353,0.3851,0.6307,0.0,0.0,0.0,0.0,0.0,0.0,0.0,0.0,0.0,ok,left,0.2831,0.5956,1.068,0.2353,0.3851,0.6307,False,"[0.8486, 2.2846, 8.2899, 2.0235, 0.8486, -1.5666, 8.2899, 1.5666]","[-440.3384, -8796.4346, -14935.5075, -17474.8827, -13760.9, -31621.0531, -53356.1517, -91075.6757]","[0.6557, -1008796.2083, -1014935.2812, -1017474.6564, -2015176.2976, -2033036.4507, -2054771.5492, -2092491.0733]","[0.631, 1.577, 3.225, 2.16, 2.264, 3.219, 4.911, 4.94]",1.4254,0.0,0.0,0.0,0.0,0.0,0.0,0.0,0.0,0.0,0.6307,8.0,0.2831,0.5956,1.068,0.2353,0.3851,0.6307,"[[3.115, 0.131], [5.97, 0.261], [8.54, 0.522], [11.11, 0.783], [15.393, 1.697], [17.391, 1.697]]",0.0,0.0,0.0,0.0,0.0,0.0,0.0,1.0,ok,4.9399,0.0,0.0,0.0,0.0,0.0,0.0,0.0,0.0,0.0,1141ac734ae0422e9e79ea579d05aef2,scene-0627,44
0.8988,2.4028,2.0465,0.4756,1.2185,1.5622,0.0,0.0,0.0,0.0,0.0,0.0,0.0,0.0,0.0,ok,straight,0.8988,2.4028,3.1848,0.4756,1.2185,1.7519,False,"[-0.0653, -0.1958, -0.0653, -0.0, -0.2611, -0.0653, -0.0653, -0.1305]","[-50.3412, -104.4374, -1500.5403, -1513.267, -1647.2303, -4781.1341, -143115.6473, -161544.8704]","[4.3477, 2.7053, -1001497.3249, -1001510.0318, -1001644.0149, -1004777.9187, -1143112.4121, -1161541.655]","[1.752, 2.656, 1.779, 2.47, 0.837, 1.636, 9.257, 8.856]",3.1621,0.0,0.0,0.0,0.0,0.0,0.0,0.0,0.0,0.0,0.8373,8.0,0.8988,2.452,0.1883,0.4756,1.0443,0.8373,"[[3.686, 0.0], [6.541, 0.0], [9.682, -0.131], [12.823, -0.131], [16.249, -0.131], [18.819, -0.131]]",0.0,-0.0492,2.9965,0.0,0.1742,0.9146,2.0,0.0,ok,9.2568,0.0,0.0,0.0,0.0,0.0,0.0,0.0,0.0,0.0,101a617fba0a4c7a91073b49b9b6752f,scene-0627,44
0.8044,1.5237,2.0074,0.562,0.898,1.267,0.0,0.0,0.0,0.0,0.0,0.0,0.0,0.0,0.0,ok,right,0.9286,1.5237,2.0074,0.7377,0.9859,1.337,False,"[1.2402, 1.2402, 2.611, 3.4596, 1.8277, 0.8486, 3.329, -8.2899]","[-598.2405, -372.9875, -1701.7564, -3335.9269, -3763.092, -9775.3911, -10976.4916, -51731.3603]","[2.7772, 1.4497, -1001699.7091, -1003335.2212, -1003762.3863, -1009773.3438, -1010975.7859, -1051729.313]","[1.337, 0.994, 1.335, 1.202, 1.025, 2.98, 1.71, 7.485]",2.0639,0.0,0.0,0.0,0.0,0.0,0.0,0.0,0.0,0.0,0.9939,8.0,0.8044,0.374,2.0074,0.562,0.4712,0.9939,"[[3.115, 0.0], [6.256, -0.522], [6.827, -0.783], [9.111, -1.436], [11.11, -1.958], [13.679, -2.48]]",0.1242,1.1498,0.0,0.1757,0.5146,0.3431,4.0,0.0,ok,7.4849,0.0,0.0,0.0,0.0,0.0,0.0,0.0,0.0,0.0,5b3ffd92b67b4a48b283d63736298bae,scene-0627,44
0.1712,0.1078,0.3059,0.1473,0.2624,0.3247,0.0,0.0,0.0,0.0,0.0,0.0,0.0,0.0,0.0,ok,straight,0.1229,0.1803,0.3059,0.1429,0.1714,0.264,True,"[-0.1305, -0.1305, -0.3264, -0.1958, -0.0, -0.1305, -0.1305, -0.0653]","[-61.6932, -181.2136, -224.4515, -621.916, -5197.8308, -10264.3696, -12233.0156, -14609.2713]","[2.5781, 2.557, 0.3495, -1000620.3694, -1005196.2841, -1010262.8229, -1012231.469, -1014607.7247]","[0.264, 0.323, 0.564, 1.018, 2.027, 2.17, 1.377, 2.134]",0.7583,0.0,0.0,0.0,0.0,0.0,0.0,0.0,0.0,0.0,0.264,8.0,0.1229,0.1803,0.3059,0.1429,0.1714,0.264,"[[3.971, 0.0], [7.683, 0.0], [11.11, -0.131], [14.822, -0.131], [19.104, -0.131], [22.245, -0.261]]",0.0,0.0,0.0,0.0,0.0,0.0,0.0,1.0,ok,2.1698,0.0,0.0,0.0,0.0,0.0,0.0,0.0,0.0,0.0,14384b3ce9d243ce827bf0c1598dd35f,scene-0629,44
1.435,4.9511,9.3198,1.0284,2.6059,4.5364,0.0,0.0,0.0,0.0,0.0,0.0,0.0,0.0,0.0,ok,straight,0.8631,4.9511,9.3198,0.4586,2.321,4.3503,True,"[-0.718, -0.9138, -0.718, -0.7833, -0.9138, -8.2899, -3.329, -0.9791]","[-263.0234, -303.6284, -147.3036, -1359.7972, -2730.7364, -18607.3292, -45201.2556, -84469.2935]","[4.3466, 4.2664, 2.0384, -1001356.6555, -1002729.907, -1018606.4998, -1045200.4262, -1084466.1518]","[4.35, 3.372, 4.54, 4.868, 4.698, 5.609, 6.974, 13.833]",3.1062,0.0,0.0,0.0,0.0,0.0,0.0,0.0,0.0,0.0,3.3724,8.0,0.8631,4.9511,6.0502,0.4586,2.321,3.3724,"[[1.687, 0.0], [3.686, 0.0], [6.827, -0.261], [8.54, -0.783], [11.11, -1.436], [13.108, -1.436]]",0.0,0.0,3.2696,0.0,0.0,0.9779,1.0,0.0,ok,13.8331,0.0,0.0,0.0,0.0,0.0,0.0,0.0,0.0,0.0,35e0ba93fe9d48f386b97d62bd78fbf7,scene-0629,44
0.9677,2.8234,3.3288,0.8945,1.7778,2.1688,0.0,0.0,0.0,0.0,0.0,0.0,0.0,0.0,0.0,ok,right,2.758,2.8234,3.3288,1.5068,2.0839,2.3368,False,"[2.611, 1.9582, 1.3055, -3.7207, 6.3317, -0.0, 2.611, -8.2899]","[-1061.6782, -1243.2534, -2466.8412, -2705.8064, -3216.6969, -4725.1693, -5949.5901, -49961.2079]","[3.3292, 3.162, -1002464.6521, -1002703.5196, -1003214.4101, -1004722.9802, -1005947.401, -1049959.0189]","[2.337, 2.567, 2.858, 3.532, 3.837, 3.423, 3.059, 8.691]",1.9115,0.0,0.0,0.0,0.0,0.0,0.0,0.0,0.0,0.0,2.3368,8.0,2.758,2.8234,3.3288,1.5068,2.0839,2.3368,"[[2.258, -0.131], [6.827, -1.044], [8.54, -1.436], [11.11, -2.48], [12.823, -3.655], [16.249, -5.222]]",0.0,0.0,0.0,0.0,0.0,0.0,0.0,1.0,ok,8.6908,0.0,0.0,0.0,0.0,0.0,0.0,0.0,0.0,0.0,733995d097654865a7bea928efe971af,scene-0629,44
0.8082,0.9725,3.4045,0.4313,0.7125,1.3626,0.0,0.0,0.0,0.0,0.0,0.0,0.0,0.0,0.0,ok,left,0.8082,2.0893,1.5221,0.4313,0.9245,1.1902,True,"[0.8486, 0.8486, -0.1958, -7.2455, -0.718, 0.0, 8.2899, 1.3055]","[-409.969, -732.1288, -10610.8718, -17433.852, -85310.7861, -90834.352, -107756.0753, -954120.8026]","[1.7064, 1.7033, -1010609.8021, -1017432.7843, -1085309.7184, -1090833.2823, -1107755.0076, -1954119.7329]","[1.19, 0.949, 1.744, 3.461, 5.518, 4.035, 4.979, 9.345]",2.6064,0.0,0.0,0.0,0.0,0.0,0.0,0.0,0.0,0.0,0.9491,8.0,0.1012,0.3057,1.5221,0.7451,0.5629,0.9491,"[[3.686, 0.0], [6.541, 0.131], [10.539, 0.261], [13.108, 0.783], [17.391, 1.044], [21.96, 1.697]]",0.707,1.7836,0.0,-0.3138,0.3616,0.2411,1.0,0.0,ok,9.3453,0.0,0.0,0.0,0.0,0.0,0.0,0.0,0.0,0.0,b082d53392614131a91fedb0a2b2e1ab,scene-0629,44
1.2906,2.7072,2.9777,1.0661,1.8017,2.2055,0.0,0.0,0.0,0.0,0.0,0.0,0.0,0.0,0.0,ok,straight,1.2906,1.8514,0.801,1.0661,1.445,1.3878,True,"[-0.0, -0.0653, -0.0653, -0.0653, -0.718, -0.0653, -0.0653, -0.0653]","[-137.9764, -44.3946, -129.7361, -199.6769, -1234.4205, -2561.4686, -5824.418, -10793.4624]","[2.1536, 1.8821, 1.8592, 1.8397, -1001233.5851, -1002560.634, -1005823.5833, -1010792.6278]","[1.388, 2.205, 1.968, 1.549, 2.286, 2.073, 2.146, 2.578]",0.364,0.0,0.0,0.0,0.0,0.0,0.0,0.0,0.0,0.0,1.3878,8.0,1.2906,1.8514,0.801,1.0661,1.445,1.3878,"[[3.115, 0.0], [6.541, 0.0], [9.968, -0.131], [13.679, -0.131], [17.677, 0.392], [23.673, 0.0]]",0.0,0.0,0.0,0.0,0.0,0.0,0.0,1.0,ok,2.5784,0.0,0.0,0.0,0.0,0.0,0.0,0.0,0.0,0.0,6a808b09e5f34d33ba1de76cc8dab423,scene-0630,44
0.5684,1.9991,4.7924,0.6653,1.0635,1.9895,0.0,0.0,0.0,0.0,0.0,0.0,0.0,0.0,0.0,ok,straight,0.5684,1.9991,5.3629,0.6653,1.0635,2.0846,False,"[-0.0653, -0.0653, -0.6527, -0.0653, -0.2611, -0.0653, -0.0653, -0.1305]","[-52.2852, -209.6452, -533.7741, -1224.6465, -1550.2832, -1903.0655, -5172.6305, -6129.1877]","[3.618, 3.5206, -1000531.6566, -1001222.5533, -1001548.1657, -1001900.9723, -1005170.5373, -1006127.0702]","[2.085, 1.731, 1.649, 2.35, 2.753, 1.744, 1.175, 3.656]",0.7261,0.0,0.0,0.0,0.0,0.0,0.0,0.0,0.0,0.0,1.1752,8.0,0.5684,0.2953,0.3131,0.6653,0.5326,1.1752,"[[2.829, 0.0], [5.113, 0.0], [7.683, 0.0], [10.253, 0.0], [12.537, 0.0], [15.964, -0.131]]",0.0,1.7038,5.0498,0.0,0.5309,0.9094,4.0,0.0,ok,3.6561,0.0,0.0,0.0,0.0,0.0,0.0,0.0,0.0,0.0,a38d06e080204b9c9c0b805375c8d6f9,scene-0630,44
1.0027,1.7718,5.6717,0.9752,1.3955,2.4651,0.0,0.0,0.0,0.0,0.0,0.0,0.0,0.0,0.0,ok,straight,1.0027,2.1258,6.2237,0.9752,1.3279,2.512,False,"[-2.7415, -2.7415, -3.5901, -2.2846, -1.6319, -3.6554, -3.2637, -8.2899]","[-42.5428, -262.8903, -1113.352, -2427.684, -6262.8933, -13828.6503, -22561.0894, -26810.3841]","[3.0516, 3.0228, -1001111.6265, -1002425.9585, -1006261.1745, -1013826.9249, -1022559.3706, -1026808.6653]","[2.512, 2.855, 2.918, 2.811, 2.706, 2.748, 3.141, 5.148]",0.7904,0.0,0.0,0.0,0.0,0.0,0.0,0.0,0.0,0.0,2.512,8.0,1.0027,2.1258,6.2237,0.9752,1.3279,2.512,"[[2.829, -0.131], [5.399, -0.261], [7.969, -0.653], [10.539, -1.828], [13.108, -3.133], [16.249, -5.483]]",0.0,0.0,0.0,0.0,0.0,0.0,0.0,1.0,ok,5.1481,0.0,0.0,0.0,0.0,0.0,0.0,0.0,0.0,0.0,d1b23e695b0643b0a2614454fa83319b,scene-0630,44
1.5643,1.861,1.4095,1.0536,1.3693,1.552,0.0,0.0,0.0,0.0,0.0,0.0,0.0,0.0,0.0,ok,straight,1.5643,1.861,1.4095,1.0536,1.3693,1.552,False,"[-0.0653, -0.0653, -0.1305, -0.2611, -0.0653, -3.9818, -0.4569, -0.0]","[-85.1725, -161.9369, -140.089, -2612.4098, -7371.1556, -10528.7582, -129138.105, -146915.3662]","[5.0616, 4.8391, 4.7883, -1002608.4225, -1007367.1683, -1010524.9921, -1129134.3389, -1146911.3788]","[1.552, 1.409, 1.56, 1.436, 3.562, 3.045, 9.452, 9.354]",3.2534,0.0,0.0,0.0,0.0,0.0,0.0,0.0,0.0,0.0,1.4093,8.0,0.7078,1.861,1.4095,0.6253,1.1552,1.4093,"[[3.686, 0.0], [7.398, 0.0], [10.539, 0.0], [14.25, 0.0], [18.248, 0.0], [20.818, 0.131]]",0.8565,0.0,0.0,0.4282,0.2141,0.1427,2.0,0.0,ok,9.4519,0.0,0.0,0.0,0.0,0.0,0.0,0.0,0.0,0.0,f311006db7884a3a844b3f10c835762b,scene-0630,44
2.013,4.1765,7.1875,1.3357,2.5488,3.9013,0.0,0.0,0.0,0.0,0.0,0.0,0.0,0.0,0.0,ok,right,2.013,4.199,7.1875,1.3357,2.5545,3.905,False,"[0.1305, 0.1305, 0.3916, 0.1958, -8.2899, 0.0653, 0.3264, 0.3264]","[-80.3509, -1114.4267, -1160.9635, -18641.9693, -24893.2564, -28312.882, -70098.4875, -133374.3582]","[2.5123, -1001113.016, -1001159.6, -1018640.6058, -1024891.8458, -1028311.4714, -1070097.1239, -1133372.9475]","[3.905, 4.087, 3.651, 4.508, 6.021, 4.926, 12.77, 12.055]",3.4913,0.0,0.0,0.0,0.0,0.0,0.0,0.0,0.0,0.0,3.6514,8.0,2.013,4.199,7.8548,1.3357,2.5545,3.6514,"[[3.686, 0.0], [7.398, -0.131], [11.11, -0.131], [14.25, 0.0], [18.248, -0.131], [21.674, -0.261]]",0.0,0.0,-0.6672,0.0,0.0,0.2537,1.0,0.0,ok,12.7701,0.0,0.0,0.0,0.0,0.0,0.0,0.0,0.0,0.0,78c80690450a4e8aba63e1f2ca27c207,scene-0632,44
0.0696,0.8747,2.0738,0.287,0.546,1.0098,0.0,0.0,0.0,0.0,0.0,0.0,0.0,0.0,0.0,ok,right,0.0696,0.8747,2.0738,0.287,0.546,1.0098,False,"[2.2846, 2.2846, 1.7624, 2.9374, 3.2637, 3.7207, -8.2899, 2.4152]","[-161.9953, -2467.1937, -4640.8373, -8498.4004, -16078.3333, -31314.8795, -76396.1373, -931909.66]","[2.8655, -1002465.0024, -1004638.683, -1008496.2091, -1016076.179, -1031312.6882, -1076393.983, -1931907.4687]","[1.01, 1.645, 1.811, 2.669, 2.509, 4.146, 7.503, 11.353]",3.3462,0.0,0.0,0.0,0.0,0.0,0.0,0.0,0.0,0.0,1.0098,8.0,0.0696,0.8747,2.0738,0.287,0.546,1.0098,"[[3.115, -0.131], [5.399, -0.522], [8.54, -1.044], [11.11, -1.958], [14.25, -3.133], [16.249, -4.569]]",0.0,0.0,0.0,0.0,0.0,0.0,0.0,1.0,ok,11.3528,0.0,0.0,0.0,0.0,0.0,0.0,0.0,0.0,0.0,c402b98a1b4c4e868eb64a1cf05f4a50,scene-0632,44
0.2673,0.4517,2.8209,0.26,0.4887,1.1012,0.0,0.0,0.0,0.0,0.0,0.0,0.0,0.0,0.0,ok,right,0.2673,0.4517,4.6226,0.26,0.4887,1.4427,False,"[4.4387, 2.7415, 2.7415, -2.8068, 3.1985, 3.3943, -0.0, -8.2899]","[-302.8833, -434.6066, -1290.9835, -5340.6314, -8588.0889, -9899.0642, -19413.9105, -24859.2435]","[4.1442, 3.7068, 3.5617, -1005338.4144, -1008585.9166, -1009896.8919, -1019411.6935, -1024857.0711]","[1.443, 1.101, 1.539, 3.352, 2.181, 2.426, 3.437, 5.371]",1.3164,0.0,0.0,0.0,0.0,0.0,0.0,0.0,0.0,0.0,1.1012,8.0,0.2673,0.4517,2.8209,0.26,0.4887,1.1012,"[[1.687, -0.131], [3.971, -0.522], [5.399, -0.914], [7.398, -3.133], [10.253, -6.658], [13.965, -8.877]]",0.0,0.0,1.8017,0.0,0.0,0.3415,1.0,0.0,ok,5.3713,0.0,0.0,0.0,0.0,0.0,0.0,0.0,0.0,0.0,c50c7d9402bb4d85b3095645d8aa258b,scene-0632,44
1.6141,2.1584,3.3975,1.2541,1.5809,1.954,0.0,0.0,0.0,0.0,0.0,0.0,0.0,0.0,0.0,ok,straight,1.6141,2.1584,2.5604,1.2541,1.7233,1.9094,True,"[-0.1305, -0.1305, -0.1958, -0.0, -0.2611, -0.0, -0.718, -0.0653]","[-27.8463, -258.8226, -28.6693, -318.4987, -2747.5001, -5007.7248, -5501.5694, -1112960.2223]","[3.3755, 3.3426, 3.0755, -1000315.769, -1002744.8027, -1005005.0274, -1005498.8397, -2112957.5249]","[1.909, 1.576, 1.916, 2.284, 1.521, 2.097, 2.993, 10.329]",2.7742,0.0,0.0,0.0,0.0,0.0,0.0,0.0,0.0,0.0,1.5205,8.0,0.4721,2.1584,3.1688,0.2553,1.2238,1.5205,"[[2.258, 0.0], [4.542, 0.0], [6.827, -0.131], [9.682, -0.131], [12.537, -0.131], [14.536, -0.261]]",1.142,0.0,-0.6085,0.9988,0.4994,0.3889,2.0,0.0,ok,10.3289,0.0,0.0,0.0,0.0,0.0,0.0,0.0,0.0,0.0,13ade121714c46d6a028516ecb5bff60,scene-0632,44
1.0155,1.2627,0.9035,0.7771,1.0526,1.2007,0.0,0.0,0.0,0.0,0.0,0.0,0.0,0.0,0.0,ok,straight,1.0155,3.5505,2.8981,0.7771,1.9824,2.153,False,"[-0.0653, -0.0653, -0.0653, -0.0653, -0.0653, -0.3264, -0.3264, -0.0653]","[-597.6151, -38.4002, -596.3983, -647.9432, -2238.73, -8064.4159, -13280.8226, -703810.053]","[4.3952, 4.233, -1000593.1362, -1000644.5165, -1002235.3032, -1008061.1537, -1013277.3958, -1703806.7909]","[2.153, 1.533, 1.64, 2.106, 2.017, 2.3, 2.518, 11.106]",3.0142,0.0,0.0,0.0,0.0,0.0,0.0,0.0,0.0,0.0,1.5331,8.0,1.0155,1.2627,2.8981,0.7771,1.0526,1.5331,"[[3.686, 0.0], [7.398, 0.0], [9.682, 0.0], [12.823, 0.0], [18.248, -0.131], [21.389, -0.131]]",0.0,2.2878,0.0,0.0,0.9298,0.6199,4.0,0.0,ok,11.1064,0.0,0.0,0.0,0.0,0.0,0.0,0.0,0.0,0.0,fe5b1b2e8aa2430e90c5c90825f9f1f2,scene-0633,44
1.0712,3.0755,2.8206,0.7841,1.6034,2.1294,0.0,0.0,0.0,0.0,0.0,0.0,0.0,0.0,0.0,ok,straight,1.0712,3.0755,3.9601,0.7841,1.6034,2.3193,False,"[-0.0653, -0.0653, -0.6527, -0.0653, -0.0, -0.3264, -0.0653, -8.2899]","[-54.8118, -371.1933, -412.9894, -971.4588, -2368.7712, -2627.0357, -5686.6968, -23671.0271]","[3.5144, 3.4713, 3.2479, -1000968.9637, -1002366.2755, -1002624.5406, -1005684.2016, -1023668.5313]","[2.319, 1.796, 1.746, 2.272, 2.055, 0.989, 2.66, 4.279]",0.8926,0.0,0.0,0.0,0.0,0.0,0.0,0.0,0.0,0.0,0.9894,8.0,1.0712,1.364,1.008,0.7841,0.8187,0.9894,"[[3.686, 0.0], [7.398, 0.0], [11.11, -0.131], [14.25, -0.131], [18.248, -0.131], [22.245, -0.131]]",0.0,1.7115,2.9521,0.0,0.7847,1.3299,5.0,0.0,ok,4.2785,0.0,0.0,0.0,0.0,0.0,0.0,0.0,0.0,0.0,d42e413c7c4d4fbdba460be4f8d01da1,scene-0633,44
0.388,0.8804,0.1833,0.2882,0.4498,0.3832,0.0,0.0,0.0,0.0,0.0,0.0,0.0,0.0,0.0,ok,straight,0.388,0.8804,0.1833,0.2882,0.4498,0.3832,False,"[-0.1305, -0.1305, -0.1305, -0.7833, -0.1305, -0.1305, -0.4569, -0.1305]","[-77.1081, -100.5998, -598.1161, -1316.7402, -2084.3628, -5505.1531, -7237.3396, -51519.7996]","[3.5354, 3.534, 3.4703, -1001314.2932, -1002081.8825, -1005502.706, -1007234.8592, -1051517.3526]","[0.383, 0.708, 0.414, 1.13, 1.633, 1.588, 1.123, 4.836]",1.3454,0.0,0.0,0.0,0.0,0.0,0.0,0.0,0.0,0.0,0.3832,8.0,0.388,0.8804,0.1833,0.2882,0.4498,0.3832,"[[3.686, 0.0], [7.398, 0.0], [11.11, -0.131], [14.25, -0.131], [18.248, -0.131], [21.674, -0.261]]",0.0,0.0,0.0,0.0,0.0,0.0,0.0,1.0,ok,4.8357,0.0,0.0,0.0,0.0,0.0,0.0,0.0,0.0,0.0,5b360c6fe72d497185ef502483f1ac68,scene-0633,44
0.7313,1.0529,0.3928,0.5567,0.8606,0.8974,0.0,0.0,0.0,0.0,0.0,0.0,0.0,0.0,0.0,ok,straight,0.7313,1.0529,0.3928,0.5567,0.7896,0.8501,True,"[-0.0, -0.0, -0.0, -0.6527, -0.4569, -0.3916, -0.0653, -0.1305]","[-136.0172, -157.5334, -374.1701, -149.1429, -2762.773, -2870.1922, -3418.198, -7729.4794]","[4.5242, 4.3428, 4.2551, 1.7652, -1002759.9793, -1002867.5712, -1003415.577, -1007726.6857]","[0.85, 1.041, 1.276, 1.271, 2.55, 1.447, 1.053, 1.455]",0.4876,0.0,0.0,0.0,0.0,0.0,0.0,0.0,0.0,0.0,0.8501,8.0,0.7313,1.0529,0.3928,0.5567,0.7896,0.8501,"[[2.258, 0.0], [4.542, 0.0], [6.827, 0.0], [9.111, 0.0], [10.539, 0.0], [13.679, 0.0]]",0.0,0.0,0.0,0.0,0.0,0.0,0.0,1.0,ok,2.5496,0.0,0.0,0.0,0.0,0.0,0.0,0.0,0.0,0.0,1da9c46177344f4f9ebd3d15d199b785,scene-0633,44
4.8919,9.839,12.9145,3.6623,6.1455,8.1745,0.0,0.0,0.0,0.0,0.0,0.0,0.0,0.0,0.0,ok,straight,4.8919,9.839,12.9145,3.6623,6.0741,8.0793,True,"[-0.0653, -0.0653, -0.5875, -0.6527, -0.0653, -3.6554, -1.436, -2.0235]","[-97.9188, -97.6889, -141.1507, -3564.7507, -5811.273, -5968.5607, -6636.6807, -223968.3215]","[4.2921, 2.8767, 2.434, -1003563.1436, -1005808.2505, -1005965.5382, -1006633.6582, -1223966.7145]","[8.079, 7.841, 7.667, 7.948, 9.118, 8.875, 9.228, 16.286]",2.6714,0.0,0.0,0.0,0.0,0.0,0.0,0.0,0.0,0.0,7.667,8.0,4.0359,9.839,11.2743,2.9488,5.7174,7.667,"[[2.829, 0.0], [5.399, 0.0], [7.683, 0.0], [10.539, 0.0], [12.537, 0.0], [15.393, -0.131]]",0.856,0.0,1.6402,0.7135,0.3567,0.4123,3.0,0.0,ok,16.2863,0.0,0.0,0.0,0.0,0.0,0.0,0.0,0.0,0.0,3bb017b691c34f8f89985c0c2220ccec,scene-0634,44
2.3706,7.9168,15.9661,1.6823,3.93,7.1259,0.0,0.0,0.0,0.0,0.0,0.0,0.0,0.0,0.0,ok,left,2.3706,7.9168,15.9661,1.6823,3.93,7.1259,False,"[-3.5248, -4.6345, -2.8721, 8.2899, -3.5248, -3.0026, 8.2899, 8.2899]","[-624.0193, -4690.4457, -10196.3447, -62455.6061, -12740.3247, -20416.2866, -57437.6431, -71258.3115]","[1.811, -1004688.9514, -1010194.8504, -1062454.1119, -2013764.8215, -2021440.7834, -2058462.1399, -2072282.8083]","[7.126, 7.029, 7.282, 5.948, 5.72, 5.761, 4.47, 4.458]",1.05,0.0,0.0,0.0,0.0,0.0,0.0,0.0,0.0,0.0,4.4581,8.0,2.3706,2.0661,8.0952,1.6823,1.8217,4.4581,"[[1.687, -0.131], [3.686, -0.783], [5.97, -1.828], [6.541, -3.133], [9.111, -4.569], [9.968, -7.05]]",0.0,5.8508,7.8709,0.0,2.1083,2.6678,6.0,0.0,ok,7.2824,0.0,0.0,0.0,0.0,0.0,0.0,0.0,0.0,0.0,93ca32c6f20745cd9d6010c66a2721c8,scene-0634,44
1.403,2.9044,3.7673,0.9405,1.6715,2.3617,0.0,0.0,0.0,0.0,0.0,0.0,0.0,0.0,0.0,ok,straight,1.403,2.9044,3.7673,0.9405,1.6715,2.3617,False,"[-0.1305, -0.5222, -0.9791, -0.8486, -0.1305, -0.1305, -4.6998, -0.6527]","[-42.819, -569.9567, -767.1055, -1798.0163, -614.0798, -2012.9883, -6355.0672, -234294.8518]","[2.5558, -1000568.4176, -1000765.5663, -1001796.4772, -2001203.9079, -2002602.8165, -2006944.8953, -2234884.68]","[2.362, 2.666, 3.962, 3.86, 3.267, 4.741, 4.371, 8.852]",1.8944,0.0,0.0,0.0,0.0,0.0,0.0,0.0,0.0,0.0,2.3617,8.0,1.403,2.9044,3.7673,0.9405,1.6715,2.3617,"[[3.115, 0.0], [6.541, -0.131], [9.396, -0.131], [12.537, -0.261], [15.393, -0.261], [17.391, -0.261]]",0.0,0.0,0.0,0.0,0.0,0.0,0.0,1.0,ok,8.852,0.0,0.0,0.0,0.0,0.0,0.0,0.0,0.0,0.0,098415a9e8b7401a8f30c1425ad612eb,scene-0634,44
5.265,10.158,15.7502,3.8919,6.4681,9.1553,0.0,0.0,0.0,0.0,0.0,0.0,0.0,0.0,0.0,ok,straight,4.6929,11.3001,15.7502,3.6059,6.6124,9.2516,False,"[-0.1305, -0.1305, -0.3916, -0.5222, -0.0653, -0.2611, -0.5222, -0.1305]","[-205.917, -257.8338, -837.1934, -293.0299, -1651.0406, -2279.8458, -7632.4848, -930935.4867]","[3.573, 3.5727, 2.0706, 1.3224, -1001648.648, -1002277.4533, -1007630.0922, -1930933.0942]","[9.252, 9.06, 9.491, 9.211, 9.251, 8.49, 10.487, 17.483]",2.7493,0.0,0.0,0.0,0.0,0.0,0.0,0.0,0.0,0.0,8.4904,8.0,4.6929,10.158,15.7603,3.6059,6.3251,8.4904,"[[3.686, 0.0], [6.827, 0.0], [11.11, -0.392], [15.393, -0.131], [18.248, -0.261], [21.389, -0.261]]",0.0,1.1421,-0.0101,0.0,0.2874,0.7612,4.0,0.0,ok,17.4829,0.0,0.0,0.0,0.0,0.0,0.0,0.0,0.0,0.0,1794b5423be84d798ff953fff8307998,scene-0634,44
6.8899,13.5552,20.9975,5.1302,8.4297,11.9998,0.0,0.0,0.0,0.0,0.0,0.0,0.0,0.0,0.0,ok,straight,6.8899,13.5552,20.141,5.1302,8.4297,11.8571,True,"[-0.1305, -0.1305, -0.1305, -0.1958, -0.4569, -1.436, -0.0653, -0.0653]","[-51.0958, -265.6041, -298.3617, -191.4097, -255.3457, -1145.3744, -7747.771, -205525.4185]","[2.2653, 2.2578, 2.2573, 2.1133, 1.5085, -1001143.9569, -1007746.3534, -1205524.0052]","[11.857, 12.095, 12.666, 12.763, 12.765, 12.363, 11.954, 19.286]",2.3179,0.0,0.0,0.0,0.0,0.0,0.0,0.0,0.0,0.0,11.8571,8.0,6.8899,13.5552,20.141,5.1302,8.4297,11.8571,"[[3.686, 0.0], [7.398, -0.131], [10.539, -0.131], [14.25, -0.131], [17.962, -0.261], [20.818, -0.261]]",0.0,0.0,0.0,0.0,0.0,0.0,0.0,1.0,ok,19.286,0.0,0.0,0.0,0.0,0.0,0.0,0.0,0.0,0.0,43f05ac397484672b9bdf86dcc0b0289,scene-0635,44
6.5424,12.8254,19.9627,4.8286,7.97,11.3494,0.0,0.0,0.0,0.0,0.0,0.0,0.0,0.0,0.0,ok,straight,6.5424,12.8254,21.1035,4.8286,8.1127,11.7768,False,"[-0.0653, -0.1958, -0.1958, -0.0653, -0.1958, -0.3264, -0.0653, -0.1305]","[-135.1597, -34.7796, -531.8807, -1959.1699, -5539.0631, -8215.213, -9380.4386, -9485.618]","[3.5054, 2.0122, 0.5473, -1001957.7915, -1005539.0235, -1008215.1735, -1009379.0602, -1009485.5784]","[11.777, 11.445, 11.874, 14.683, 12.399, 11.827, 12.682, 11.97]",0.9581,0.0,0.0,0.0,0.0,0.0,0.0,0.0,0.0,0.0,11.4449,8.0,6.5424,12.8254,19.9648,4.8286,8.1127,11.4449,"[[3.115, 0.0], [6.541, -0.131], [9.968, -0.131], [12.823, -0.261], [17.106, -0.131], [21.103, -0.131]]",0.0,0.0,1.1387,0.0,0.0,0.3319,1.0,0.0,ok,14.6828,0.0,0.0,0.0,0.0,0.0,0.0,0.0,0.0,0.0,e2da4cb3c76f4b9dacf9e63f6d10a254,scene-0635,44
6.5424,12.5379,18.2497,4.8286,7.8981,11.0156,0.0,0.0,0.0,0.0,0.0,0.0,0.0,0.0,0.0,ok,straight,5.1135,12.2524,18.2497,3.5431,7.1126,10.4919,True,"[-0.1305, -0.1305, -1.3708, -0.1305, -0.5222, -0.3916, -0.9791, -0.0]","[-272.1728, -379.526, -220.7267, -541.5963, -1143.41, -3456.9701, -4168.2656, -11665.0523]","[4.5025, 3.4205, 0.7285, -1000539.5368, -1001140.2977, -1003453.8579, -1004165.1533, -1011662.9928]","[10.492, 10.258, 10.342, 10.401, 11.114, 11.354, 11.412, 10.307]",0.463,0.0,0.0,0.0,0.0,0.0,0.0,0.0,0.0,0.0,10.2575,8.0,5.1135,11.6872,18.2497,3.5431,6.761,10.2575,"[[1.973, 0.0], [5.113, 0.0], [9.111, -0.131], [12.252, -0.131], [16.249, -0.261], [18.248, -0.261]]",0.0,0.5652,0.0,0.0,0.3516,0.2344,4.0,0.0,ok,11.4115,0.0,0.0,0.0,0.0,0.0,0.0,0.0,0.0,0.0,58470b43cd034f61b9aa7e1b5ce78221,scene-0635,44
5.9715,12.2524,18.2483,4.5432,7.6126,10.4917,0.0,0.0,0.0,0.0,0.0,0.0,0.0,0.0,0.0,ok,straight,6.2556,12.2524,18.2483,4.828,7.7551,10.5866,False,"[-0.0653, -0.0653, -0.2611, -0.0653, -0.1305, -0.0653, -0.3264, -0.1305]","[-234.4776, -221.73, -2401.4475, -4343.0987, -4641.2678, -6069.0112, -23134.2382, -146407.3548]","[4.3986, 3.3207, -1002399.3954, -1004339.9684, -1004639.2157, -1006065.8809, -1023131.1079, -1146405.3026]","[10.587, 10.492, 10.446, 10.111, 10.444, 10.349, 8.876, 19.2]",3.0256,0.0,0.0,0.0,0.0,0.0,0.0,0.0,0.0,0.0,8.8757,8.0,6.2556,12.2524,16.2623,4.828,7.7551,8.8757,"[[3.4, 0.0], [6.256, 0.0], [9.111, -0.131], [12.252, -0.131], [14.25, -0.131], [18.248, -0.131]]",0.0,0.0,1.9861,0.0,0.0,1.7109,6.0,0.0,ok,19.2002,0.0,0.0,0.0,0.0,0.0,0.0,0.0,0.0,0.0,4ef7c8c891a84b9eb030f12e1c07830f,scene-0635,44
0.5855,1.471,1.6189,0.5387,0.9804,1.1714,0.0,0.0,0.0,0.0,0.0,0.0,0.0,0.0,0.0,ok,straight,0.5855,0.8286,6.223,0.5387,0.5619,1.5683,False,"[-0.1958, -0.0653, -0.5222, -0.2611, -0.0653, -0.0653, -0.0]","[-424.213, -904.9125, -1180.7197, -2403.1074, -3161.3352, -11412.9376, -41736.2545]","[-1000420.6659, -1000901.3654, -1001177.6215, -1002400.0092, -1003158.2371, -1011409.3905, -1041733.1563]","[1.568, 0.941, 4.416, 2.733, 2.838, 2.542, 3.774]",1.1031,0.0,0.0,0.0,0.0,0.0,0.0,0.0,0.0,0.0,0.941,7.0,0.5855,0.8286,1.6252,0.5387,0.5619,0.941,"[[3.115, 0.0], [6.541, 0.0], [10.824, -0.131], [14.536, 0.0], [15.964, 0.0], [13.679, 0.392]]",0.0,0.0,4.5978,0.0,0.0,0.6273,1.0,0.0,ok,4.416,0.0,0.0,0.0,0.0,0.0,0.0,0.0,0.0,0.0,3ac231a1ef4c481c9c15921cafa87307,scene-0636,44
1.2437,3.2866,7.1447,0.8401,1.6849,3.2071,0.0,0.0,0.0,0.0,0.0,0.0,0.0,0.0,0.0,ok,straight,1.2437,3.2866,6.5738,0.8401,1.7562,3.1595,True,"[-0.1305, -0.1305, -0.1305, -0.9138, -0.1305, -0.718, -0.1958, -0.0]","[-64.4591, -495.1907, -729.4097, -1141.9547, -1918.5258, -6002.1099, -8341.0173, -33126.1321]","[3.594, 3.4848, -1000726.9566, -1001139.5696, -1001916.0728, -1005999.7248, -1008338.5643, -1033123.747]","[3.159, 3.684, 2.78, 3.909, 4.351, 4.108, 3.092, 5.968]",0.9371,0.0,0.0,0.0,0.0,0.0,0.0,0.0,0.0,0.0,2.7796,8.0,1.2437,3.2866,6.5738,0.8401,1.7562,2.7796,"[[2.258, 0.0], [4.542, 0.0], [6.541, -0.131], [8.54, -0.131], [11.11, -0.261], [12.537, -0.261]]",0.0,0.0,0.0,0.0,0.0,0.3799,2.0,0.0,ok,5.9683,0.0,0.0,0.0,0.0,0.0,0.0,0.0,0.0,0.0,a49f9ebfee6044589286b7f8e279ac18,scene-0636,44
2.6585,5.1715,6.5289,1.8328,3.0103,4.0977,0.0,0.0,1.0,0.0,0.0,1.0,0.0,0.0,0.3333333333333333,ok,right,2.0875,4.8296,6.5289,1.69,3.138,4.1828,False,"[0.0653, 0.0653, 0.5222, 1.1097, 0.0653, 0.0653, 0.0653, 0.1305]","[-480.5013, -654.4405, -783.1117, -881.6994, -3465.6747, -22181.3335, -26227.2194, -180046.7978]","[2.4731, 2.4701, -1000780.5832, -1000879.171, -1003461.0804, -1022176.7392, -1026222.6251, -1180042.2035]","[4.183, 4.596, 3.813, 4.111, 3.68, 4.127, 5.848, 12.829]",2.8782,0.0,0.0,1.0,0.0,0.0,1.0,0.0,0.0,0.3333333333333333,3.6805,8.0,2.0875,3.5221,6.5289,1.69,2.3845,3.6805,"[[2.544, 0.0], [4.542, -0.131], [7.969, -0.131], [9.682, -0.653], [11.966, -0.131], [13.108, -0.131]]",0.0,1.3075,0.0,0.0,0.7535,0.5024,4.0,0.0,ok,12.8289,0.0,1.0,0.0,0.0,1.0,1.0,0.0,0.25,0.3333333333333333,60f69450e83440ca822610054f48e17e,scene-0636,44
0.4758,0.1952,0.4109,0.4121,0.2936,0.3668,0.0,0.0,0.0,0.0,0.0,0.0,0.0,0.0,0.0,ok,straight,0.6774,0.1952,2.157,0.7383,0.4567,0.7302,False,"[-0.0, -0.0653, -0.0653, -0.5222, -0.4569, -0.1958, -0.1305, -0.1958]","[-398.3261, -65.1526, -14.609, -1962.9839, -11029.0461, -17910.7872, -20493.5406, -121607.6092]","[4.4039, 4.0439, 2.1118, -1001962.2175, -1011028.2796, -1017908.0874, -1020492.7741, -1121604.9094]","[0.73, 0.624, 0.516, 1.013, 1.266, 1.811, 10.14, 4.782]",3.1279,0.0,0.0,0.0,0.0,0.0,0.0,0.0,0.0,0.0,0.5156,8.0,0.4758,0.1952,1.3038,0.4121,0.2936,0.5156,"[[3.115, 0.0], [7.398, 0.0], [12.537, -0.131], [16.82, -0.131], [21.674, -0.261], [23.673, 0.0]]",0.2016,0.0,0.8532,0.3262,0.1631,0.2146,2.0,0.0,ok,10.1396,0.0,0.0,0.0,0.0,0.0,0.0,0.0,0.0,0.0,fb6bf332e9484f7380161edeeee03af9,scene-0636,44
3.2666,5.2191,8.8432,2.108,3.5601,5.1577,0.0,0.0,0.0,0.0,0.0,0.0,0.0,0.0,0.0,ok,straight,3.2666,5.7902,8.2722,2.5362,3.917,5.348,False,"[-0.1305, -0.0653, -0.0653, -0.0653, -0.1305, -0.1305, -0.0653, -0.2611]","[-167.411, -1341.8143, -1637.5924, -1725.0377, -2543.7635, -5839.0202, -12204.1572, -39299.6483]","[2.1689, -1001340.0139, -1001635.808, -1001723.2533, -1002541.9631, -1005837.2198, -1012202.3728, -1039297.8479]","[5.348, 4.839, 4.634, 4.444, 4.445, 3.313, 7.585, 4.127]",1.1719,0.0,0.0,0.0,0.0,0.0,0.0,0.0,0.0,0.0,3.3126,8.0,3.2666,3.2224,8.2722,2.108,2.5631,3.3126,"[[2.258, 0.0], [4.828, 0.0], [7.398, -0.131], [10.539, -0.131], [12.823, -0.131], [16.82, -0.261]]",0.0,2.5678,0.0,0.4282,1.3539,2.0355,6.0,0.0,ok,7.5845,0.0,0.0,0.0,0.0,0.0,0.0,0.0,0.0,0.0,8b77b8e2cbf144bea91f4c1856b05a7c,scene-0637,44
1.8941,4.2414,5.9669,1.5067,2.5694,3.5827,0.0,0.0,0.0,0.0,0.0,0.0,0.0,0.0,0.0,ok,straight,1.8941,2.5309,7.1089,1.5067,1.7136,3.2024,True,"[-0.1305, -0.1305, -0.2611, -0.3916, -0.0, -0.3916, -0.1305, -0.0]","[-306.5071, -67.2179, -561.1649, -2112.8611, -3734.3817, -6824.0969, -37826.2883, -209453.8799]","[4.1546, 3.0394, -1000558.9425, -1002109.5199, -1003732.1593, -1006820.7557, -1037824.0659, -1209450.5387]","[3.202, 3.725, 3.542, 3.161, 2.836, 2.363, 6.534, 10.019]",2.4206,0.0,0.0,0.0,0.0,0.0,0.0,0.0,0.0,0.0,2.3634,8.0,1.8941,2.5309,0.6416,1.5067,1.7136,2.3634,"[[3.115, 0.0], [6.541, 0.0], [11.395, -0.131], [14.536, 0.0], [16.249, -0.131], [18.819, -0.261]]",0.0,0.0,6.4672,0.0,0.0,0.8391,3.0,0.0,ok,10.0189,0.0,0.0,0.0,0.0,0.0,0.0,0.0,0.0,0.0,e5313f353c1340288bc407c3f52f5226,scene-0637,44
0.5435,1.3129,0.9762,0.3707,0.78,1.2576,0.0,0.0,0.0,0.0,0.0,0.0,0.0,0.0,0.0,ok,straight,0.5435,1.3129,3.8284,0.3707,0.78,1.5661,False,"[-0.0653, -0.1305, -0.1958, -0.0653, -0.1305, -0.0653, -0.1305, -8.2899]","[-153.2484, -410.8525, -753.2561, -3458.7678, -11634.7402, -16904.9811, -40928.7157, -771125.4376]","[3.8855, 3.8603, -1000750.1847, -1003455.0552, -1011631.0276, -1016901.2685, -1040925.0031, -1771122.3663]","[1.566, 1.115, 1.126, 2.759, 1.613, 6.767, 2.765, 11.201]",3.3462,0.0,0.0,0.0,0.0,0.0,0.0,0.0,0.0,0.0,1.1148,8.0,0.5435,1.3129,0.9762,0.3707,0.78,1.1148,"[[4.257, 0.0], [8.54, 0.0], [12.537, -0.131], [16.82, -0.131], [20.247, 0.653], [23.102, -0.131]]",0.0,0.0,2.8523,0.0,0.0,0.4513,2.0,0.0,ok,11.2005,0.0,0.0,0.0,0.0,0.0,0.0,0.0,0.0,0.0,3cc7d2152d6042708f0935f99552e0d8,scene-0637,44
0.0606,1.8567,5.608,0.1067,1.033,2.1492,0.0,0.0,0.0,0.0,0.0,0.0,0.0,0.0,0.0,ok,straight,0.0606,2.4276,5.608,0.1067,1.0331,2.1492,False,"[-0.0653, -0.0653, -0.3916, -0.1958, -0.1305, -0.6527, -0.1305, -0.5222]","[-138.3278, -715.4145, -519.165, -1536.6754, -2435.3932, -11733.0099, -83835.3496, -900083.2751]","[5.2844, 5.2739, 3.7211, -1001532.7869, -1002431.5132, -1011729.1214, -1083831.4611, -1900079.3951]","[2.149, 1.721, 2.017, 3.53, 2.293, 5.678, 3.765, 10.439]",2.7387,0.0,0.0,0.0,0.0,0.0,0.0,0.0,0.0,0.0,1.7214,8.0,0.0606,0.4305,5.608,0.1067,0.3913,1.7214,"[[3.686, 0.0], [7.398, 0.0], [11.966, -0.131], [15.678, -0.131], [18.819, -0.131], [23.387, -0.131]]",0.0,1.9971,0.0,0.0,0.6418,0.4278,2.0,0.0,ok,10.4395,0.0,0.0,0.0,0.0,0.0,0.0,0.0,0.0,0.0,cc92df0799e44da89bfb8d8434f954ed,scene-0637,44
1.5912,3.6058,4.5175,1.3346,2.2329,3.0798,0.0,0.0,0.0,0.0,0.0,0.0,0.0,0.0,0.0,ok,straight,1.5912,3.6058,4.5175,1.3346,2.2329,3.0322,True,"[-0.0, -0.6527, -1.3055, -0.2611, -0.0, -0.0653, -0.0653, -2.6763]","[-101.9603, -536.5639, -1660.2299, -2938.9644, -3626.9078, -4945.0345, -16700.5886, -120304.4776]","[4.2943, -1000533.4676, -1001657.1335, -1002936.407, -1003624.3505, -1004941.9382, -1016698.0313, -1120301.9202]","[3.032, 2.887, 3.477, 4.576, 2.338, 2.637, 4.055, 5.699]",1.0567,0.0,0.0,0.0,0.0,0.0,0.0,0.0,0.0,0.0,2.3377,8.0,1.5912,0.5527,4.5175,1.3346,1.1911,2.3377,"[[2.829, 0.0], [5.113, 0.0], [7.683, 0.0], [9.968, 0.0], [12.823, 0.0], [14.25, 0.0]]",0.0,3.0531,0.0,0.0,1.0417,0.6945,3.0,0.0,ok,5.6992,0.0,0.0,0.0,0.0,0.0,0.0,0.0,0.0,0.0,ccd7c315063047ddb231fceb7ceff64b,scene-0638,44
1.2003,5.1021,10.291,0.7445,2.2181,4.5216,0.0,0.0,0.0,0.0,0.0,0.0,0.0,0.0,0.0,ok,left,0.8518,5.1021,11.2048,0.8775,2.2846,4.5893,False,"[-2.7415, -2.7415, -3.1985, -2.2193, -3.1332, -2.7415, -7.115, 2.4152]","[-725.2073, -668.3519, -741.4941, -470.1338, -1125.8768, -2775.3621, -9941.8204, -103239.2311]","[0.4822, 0.4488, 0.2918, -1000470.0879, -1001125.7959, -1002775.2811, -1009941.7745, -1103239.1852]","[4.589, 4.545, 4.831, 4.779, 4.967, 4.27, 5.79, 5.898]",0.5482,0.0,0.0,0.0,0.0,0.0,0.0,0.0,0.0,0.0,4.2696,8.0,0.8518,5.1021,11.2222,0.8775,2.2846,4.2696,"[[1.116, 0.131], [3.971, -0.261], [5.97, -0.914], [8.54, -2.48], [9.111, -3.133], [11.11, -5.483]]",0.0,0.0,-0.0173,0.0,0.0,0.3197,2.0,0.0,ok,5.898,0.0,0.0,0.0,0.0,0.0,0.0,0.0,0.0,0.0,c2883c7af8154962817ba909773d6e05,scene-0638,44
1.9899,2.6089,4.5484,1.5879,2.2653,2.9705,0.0,0.0,0.0,0.0,0.0,0.0,0.0,0.0,0.0,ok,straight,1.9899,2.0442,2.9158,1.5879,1.8419,1.9371,True,"[-1.5013, -0.0, -0.0, -0.0, -0.8486, -8.2899, -0.3916, -0.1958]","[-410.5287, -464.7339, -894.9785, -936.433, -12793.2347, -13700.2183, -21435.4989, -837649.472]","[3.5079, -1000461.5642, -1000891.8363, -1000933.2908, -1012790.0925, -1013697.0486, -1021432.3291, -1837646.3022]","[1.937, 2.512, 2.273, 2.372, 3.488, 4.729, 3.605, 10.074]",2.4954,0.0,0.0,0.0,0.0,0.0,0.0,0.0,0.0,0.0,1.9371,8.0,1.9899,2.0442,2.9158,1.5879,1.8419,1.9371,"[[4.257, 0.0], [8.54, 0.0], [12.252, 0.522], [16.249, 0.131], [19.39, 0.392], [24.244, 3.003]]",0.0,0.0,0.0,0.0,0.0,0.0,0.0,1.0,ok,10.074,0.0,0.0,0.0,0.0,0.0,0.0,0.0,0.0,0.0,f0a91381bd0a4427ba3bbea2252981d3,scene-0638,44
0.4602,0.426,1.3253,0.2579,0.2755,0.6049,0.0,0.0,0.0,0.0,0.0,0.0,0.0,0.0,0.0,ok,straight,1.03,1.2921,1.3253,0.5428,0.918,1.0332,False,"[-0.1305, -0.1305, -0.2611, -0.0653, -0.5222, -0.3916, -0.0653, -0.1958]","[-654.4033, -43.4658, -776.1712, -820.6918, -2262.4649, -5337.3467, -15574.2572, -148470.9704]","[4.5975, 4.1374, -1000773.0717, -1000817.1194, -1002259.3654, -1005333.7744, -1015571.1577, -1148467.3981]","[1.033, 0.605, 0.845, 1.558, 0.914, 1.787, 3.165, 9.245]",2.6983,0.0,0.0,0.0,0.0,0.0,0.0,0.0,0.0,0.0,0.6049,8.0,0.4602,0.426,1.3253,0.2579,0.2755,0.6049,"[[3.686, 0.0], [6.256, 0.0], [9.396, -0.131], [12.537, 0.0], [17.962, -0.131], [20.818, -0.261]]",0.5699,0.8661,0.0,0.2849,0.6425,0.4284,3.0,0.0,ok,9.2454,0.0,0.0,0.0,0.0,0.0,0.0,0.0,0.0,0.0,457185e7311943ec97c79aea2a45df79,scene-0638,44
5.399,11.1096,16.2497,4.2569,7.0408,9.5394,0.0,0.0,0.0,0.0,0.0,0.0,0.0,0.0,0.0,ok,straight,5.6846,11.1096,15.9642,4.5424,7.1836,9.587,False,"[-0.0653, -0.0653, -0.1958, -0.1305, -0.0, -0.3264, -0.0, -0.0653]","[-162.9336, -180.1999, -100.7078, -1274.8052, -1572.4785, -3032.9636, -9950.9607, -21382.7903]","[4.1689, 4.1664, 2.9089, -1001271.6818, -1001569.3551, -1003029.8402, -1009947.8372, -1021379.6669]","[9.587, 9.492, 9.968, 10.111, 9.54, 8.971, 10.348, 9.805]",0.4,0.0,0.0,0.0,0.0,0.0,0.0,0.0,0.0,0.0,8.9706,8.0,5.6846,11.1096,15.1211,4.5424,7.1836,8.9706,"[[3.4, 0.0], [5.685, 0.0], [8.54, 0.0], [11.11, 0.0], [12.823, -0.131], [15.964, -0.131]]",0.0,0.0,0.843,0.0,0.0,0.6164,3.0,0.0,ok,10.3482,0.0,0.0,0.0,0.0,0.0,0.0,0.0,0.0,0.0,4cecbedd7c9c406ba5a0b22a3fa2e49c,scene-0770,44
5.399,11.1104,16.2497,4.2569,7.041,9.5871,0.0,0.0,0.0,0.0,0.0,0.0,0.0,0.0,0.0,ok,straight,5.399,9.3964,16.2497,4.2569,6.6135,9.3021,True,"[-0.0653, -0.3916, -0.1305, -0.1958, -0.0653, -0.0653, -8.2899, -0.3264]","[-1005.7183, -908.068, -1771.2665, -2068.0854, -2309.8579, -4121.8238, -11066.7327, -22029.0375]","[3.6401, 3.5331, -1001768.7179, -1002065.5372, -1002307.3093, -1004119.2756, -1011064.1841, -1022026.4892]","[9.302, 10.162, 9.968, 9.067, 9.778, 10.777, 11.854, 10.494]",0.8273,0.0,0.0,0.0,0.0,0.0,0.0,0.0,0.0,0.0,9.0666,8.0,5.399,9.3964,14.2558,4.2569,6.6135,9.0666,"[[3.115, 0.0], [5.399, 0.0], [8.54, 0.261], [9.396, 0.0], [13.108, -0.131], [16.249, -0.131]]",0.0,0.0,1.9939,0.0,0.0,0.2356,1.0,0.0,ok,11.8542,0.0,0.0,0.0,0.0,0.0,0.0,0.0,0.0,0.0,7aefa57cb973455985b3912a969692ec,scene-0770,44
5.9701,12.2524,15.9642,4.5424,7.4693,10.0154,0.0,0.0,0.0,0.0,0.0,0.0,0.0,0.0,0.0,ok,straight,5.9701,11.1096,15.9642,4.5424,7.1836,9.8249,True,"[-0.0653, -0.0653, -0.0653, -0.0653, -0.0653, -0.0, -0.0, -0.0653]","[-81.1145, -325.9356, -373.7362, -694.3371, -777.501, -2333.0492, -4282.9917, -24763.2031]","[3.3922, 3.3228, 3.3167, -1000690.8906, -1000774.0546, -1002329.641, -1004279.5836, -1024759.7567]","[9.825, 8.639, 9.351, 9.539, 9.539, 9.311, 10.302, 12.729]",1.155,0.0,0.0,0.0,0.0,0.0,0.0,0.0,0.0,0.0,8.6386,8.0,5.1135,10.253,13.109,3.9714,6.4723,8.6386,"[[3.115, 0.0], [5.97, 0.0], [8.54, 0.0], [11.11, 0.0], [14.25, -0.131], [15.964, -0.131]]",0.8566,0.8566,2.8552,0.5711,0.7113,1.1864,5.0,0.0,ok,12.7291,0.0,0.0,0.0,0.0,0.0,0.0,0.0,0.0,0.0,41e55a08b2dd4bb0836017b43cd181b3,scene-0770,44
5.399,11.1104,16.2497,4.2569,7.041,9.5871,0.0,0.0,0.0,0.0,0.0,0.0,0.0,0.0,0.0,ok,straight,5.399,11.1104,16.2497,4.2569,7.041,9.5871,False,"[-0.0653, -0.1305, -0.1305, -0.0653, -0.1958, -3.6554, -0.0653, -0.1958]","[-137.7634, -596.3888, -930.1124, -1060.0708, -1599.5773, -2626.8471, -38034.5264, -49086.0501]","[3.6673, -1000593.7724, -1000929.1629, -1001059.1213, -1001598.6278, -1002625.8976, -1038031.91, -1049083.4337]","[9.587, 9.207, 9.684, 9.731, 11.207, 10.421, 8.826, 8.065]",0.8939,0.0,0.0,0.0,0.0,0.0,0.0,0.0,0.0,0.0,8.0648,8.0,5.399,11.1104,18.2521,4.2569,7.041,8.0648,"[[3.115, 0.0], [5.399, 0.0], [8.54, 0.0], [11.11, -0.131], [13.108, -0.131], [16.249, -0.131]]",0.0,0.0,-2.0024,0.0,0.0,1.5223,3.0,0.0,ok,11.2073,0.0,0.0,0.0,0.0,0.0,0.0,0.0,0.0,0.0,18616ac104ee4f92b6127dc67bb85f0b,scene-0770,44
6.2556,12.2517,17.3918,4.6852,7.5405,10.3008,0.0,0.0,0.0,0.0,0.0,0.0,0.0,0.0,0.0,ok,straight,6.2556,12.2517,17.3918,4.6852,7.5405,10.3008,False,"[-0.0653, -0.0653, -1.1749, -0.0, -0.0653, -0.0, -0.0, -0.1305]","[-416.3517, -526.5973, -2100.967, -2154.6595, -3436.6705, -5775.4034, -7153.091, -10090.9964]","[5.1376, 4.0559, -1002097.2584, -1002151.9981, -1003432.9619, -1005772.7421, -1007150.4296, -1010087.2878]","[10.301, 10.017, 10.143, 9.398, 10.158, 10.874, 10.066, 9.636]",0.4114,0.0,0.0,0.0,0.0,0.0,0.0,0.0,0.0,0.0,9.3984,8.0,6.2556,10.2564,13.3939,4.6852,7.1152,9.3984,"[[3.115, 0.0], [6.256, 0.0], [8.54, 0.0], [12.252, 0.0], [14.25, -0.131], [17.391, -0.131]]",0.0,1.9954,3.9979,0.0,0.4253,0.9024,6.0,0.0,ok,10.8737,0.0,0.0,0.0,0.0,0.0,0.0,0.0,0.0,0.0,5a3a15f4ebdb4e6b83eb58628dc8e83f,scene-0771,44
5.9701,11.1096,16.2492,4.5424,7.1836,9.8723,0.0,0.0,0.0,0.0,0.0,0.0,0.0,0.0,0.0,ok,straight,5.9701,12.2517,16.8202,4.5424,7.4691,10.1579,False,"[-0.0, -0.0653, -0.0, -0.5875, -0.0, -0.1305, -0.1305, -0.3264]","[-268.5, -194.1802, -648.2907, -210.6658, -1882.3204, -4328.0688, -9893.5616, -31252.3225]","[3.9579, 3.627, 3.2883, 0.9184, -1001879.7473, -1004326.1273, -1009891.6201, -1031250.381]","[10.158, 10.302, 10.063, 11.591, 9.92, 11.586, 10.206, 9.447]",0.7231,0.0,0.0,0.0,0.0,0.0,0.0,0.0,0.0,0.0,9.4466,8.0,6.2556,12.2517,20.8279,4.2569,7.3264,9.4466,"[[3.115, 0.0], [5.97, 0.0], [8.54, 0.0], [12.252, 0.0], [14.25, 0.0], [16.82, 0.0]]",-0.2855,0.0,-4.0076,0.2855,0.1428,0.7113,3.0,0.0,ok,11.5908,0.0,0.0,0.0,0.0,0.0,0.0,0.0,0.0,0.0,fb26afe9632c4e4ca9ce4d7e3254dadc,scene-0771,44
5.9701,11.1104,15.9658,4.5424,7.1838,9.8253,0.0,0.0,0.0,0.0,0.0,0.0,0.0,0.0,0.0,ok,straight,5.9701,11.1104,15.3931,4.5424,7.1838,9.7299,True,"[-0.0653, -0.1305, -0.1958, -0.0653, -0.1305, -0.1958, -0.5875, -0.0653]","[-146.3148, -590.8879, -1592.639, -4100.3212, -33516.5622, -41030.8589, -1047815.504, -1275471.1748]","[3.9507, 2.5279, -1001589.9918, -1004098.694, -1033514.935, -1041029.2316, -2047812.8568, -2275468.5276]","[9.73, 7.59, 8.591, 9.16, 6.685, 7.496, 19.349, 16.726]",4.4008,0.0,0.0,0.0,0.0,0.0,0.0,0.0,0.0,0.0,6.6852,8.0,5.9701,8.2585,14.5383,4.5424,6.3283,6.6852,"[[3.115, 0.0], [5.97, 0.0], [8.54, 0.0], [11.11, -0.131], [14.25, -0.131], [15.393, -0.131]]",0.0,2.8519,0.8548,0.0,0.8555,3.0447,5.0,0.0,ok,19.3491,0.0,0.0,0.0,0.0,0.0,0.0,0.0,0.0,0.0,0fe5ba3f01ad436f9a5403efabdb1a1d,scene-0771,44
5.1135,10.5386,15.3931,3.9714,6.5411,9.1111,0.0,0.0,0.0,0.0,0.0,0.0,0.0,0.0,0.0,ok,straight,5.1135,10.5386,16.2497,3.9714,6.5411,9.2539,False,"[-0.0653, -0.0653, -0.8486, -0.1958, -0.5222, -0.1958, -0.1305, -0.1305]","[-32.3798, -1217.8394, -1121.3682, -12955.3693, -13934.4097, -32315.1422, -40658.1278, -96443.5085]","[4.6544, 4.4067, -1001118.5274, -1012952.3198, -1013931.3602, -1032312.3014, -1040655.287, -1096440.459]","[9.254, 8.969, 10.171, 8.731, 11.161, 12.919, 10.349, 10.819]",1.2853,0.0,0.0,0.0,0.0,0.0,0.0,0.0,0.0,0.0,8.7311,8.0,5.1135,10.5386,18.5375,3.9714,6.5411,8.7311,"[[2.829, 0.0], [5.113, 0.0], [7.683, 0.0], [10.539, 0.0], [13.108, -0.131], [16.249, -0.131]]",0.0,0.0,-2.2879,0.0,0.0,0.5228,2.0,0.0,ok,12.9191,0.0,0.0,0.0,0.0,0.0,0.0,0.0,0.0,0.0,e019f3b906734b6db807756748a4da2d,scene-0771,44
5.399,11.1096,14.8215,4.1141,6.9694,9.2537,0.0,0.0,0.0,0.0,0.0,0.0,0.0,0.0,0.0,ok,straight,5.399,11.1096,16.2492,4.1141,6.9694,9.4916,False,"[-0.0, -0.0, -0.0653, -3.0026, -0.0, -0.0653, -0.1958, -0.718]","[-159.7796, -181.082, -576.9692, -2605.8648, -5308.5834, -71143.4221, -81444.7783, -196731.6343]","[3.4265, 3.4255, 3.3528, -1002603.64, -1005306.3592, -1071141.1973, -1081442.5542, -1196729.4101]","[9.492, 9.682, 8.492, 10.18, 10.491, 9.968, 7.693, 10.692]",0.9579,0.0,0.0,0.0,0.0,0.0,0.0,0.0,0.0,0.0,7.6928,8.0,6.2556,11.1096,14.2558,4.6852,7.255,7.6928,"[[2.829, 0.0], [5.399, 0.0], [8.54, 0.0], [11.11, 0.0], [12.823, 0.0], [16.249, 0.0]]",-0.8566,0.0,1.9933,-0.5711,-0.2855,1.7988,2.0,0.0,ok,10.6921,0.0,0.0,0.0,0.0,0.0,0.0,0.0,0.0,0.0,e836d06299ce46b884b9187ac6017579,scene-0775,44
4.5424,9.3974,12.54,3.4003,5.7562,7.6364,0.0,0.0,0.0,0.0,0.0,0.0,0.0,0.0,0.0,ok,straight,4.5424,9.1119,13.3964,3.4003,5.6134,7.7792,False,"[-0.1305, -0.1305, -0.1305, -0.0653, -0.2611, -0.0653, -0.0653, -0.8486]","[-125.2229, -198.6889, -1167.5332, -1361.8041, -1481.1692, -1909.1801, -5234.5194, -5335.3687]","[3.3013, 3.2631, 2.7326, -1001359.8858, -1001479.2237, -1001907.2345, -1005232.6011, -1005333.4504]","[7.779, 7.541, 7.399, 8.256, 8.209, 8.208, 7.351, 7.563]",0.3581,0.0,0.0,0.0,0.0,0.0,0.0,0.0,0.0,0.0,7.3512,8.0,4.5424,7.4023,10.2539,3.4003,5.4002,7.3512,"[[2.258, 0.0], [4.542, 0.0], [6.541, 0.0], [9.111, -0.131], [10.824, 0.131], [13.394, -0.261]]",0.0,1.7095,3.1425,0.0,0.2132,0.428,4.0,0.0,ok,8.2563,0.0,0.0,0.0,0.0,0.0,0.0,0.0,0.0,0.0,6a1f2ebe1ef8437c87a5a742362b09b4,scene-0775,44
5.399,10.5394,14.2528,4.2569,6.6844,8.8738,0.0,0.0,0.0,0.0,0.0,0.0,0.0,0.0,0.0,ok,straight,5.1135,9.1109,14.2528,3.9714,6.1131,8.493,True,"[-0.1305, -0.1305, -0.0, -0.8486, -0.1305, -0.1305, -0.1958, -0.3916]","[-202.87, -84.4149, -429.097, -570.8056, -1547.34, -1721.8546, -6521.5368, -13399.3682]","[3.5807, 3.4152, -1000426.6259, -1000568.5272, -1001544.869, -1001719.3835, -1006519.2584, -1013397.0898]","[8.493, 8.779, 9.444, 9.601, 9.16, 9.207, 8.971, 7.687]",0.5704,0.0,0.0,0.0,0.0,0.0,0.0,0.0,0.0,0.0,7.6872,8.0,5.1135,10.5394,13.9869,3.9714,6.5416,7.6872,"[[2.829, 0.0], [5.113, 0.0], [7.398, -0.131], [9.111, 0.0], [12.252, -0.131], [14.25, -0.261]]",0.0,-1.4285,0.266,0.0,-0.4285,0.8057,1.0,0.0,ok,9.6012,0.0,0.0,0.0,0.0,0.0,0.0,0.0,0.0,0.0,bb8b6850aeb6411c89b496b9e45fbb6b,scene-0775,44
5.9701,11.1096,16.2513,4.5424,7.1836,9.6824,0.0,0.0,0.0,0.0,0.0,0.0,0.0,0.0,0.0,ok,straight,5.9701,11.1104,17.9628,4.5424,7.1838,10.1106,False,"[-0.0653, -0.1305, -0.1305, -0.2611, -0.1958, -0.2611, -5.8747, -0.3916]","[-40.5148, -70.4135, -317.5072, -762.6423, -1953.1623, -4648.8529, -5667.5436, -27892.458]","[3.9584, 3.9203, 3.8146, -1000759.7172, -1001950.3149, -1004646.0055, -1005664.6962, -1027889.533]","[10.111, 9.682, 10.159, 9.874, 10.353, 11.159, 9.829, 8.555]",0.6827,0.0,0.0,0.0,0.0,0.0,0.0,0.0,0.0,0.0,8.5555,8.0,5.9701,11.1104,4.0479,4.5424,7.1838,8.5555,"[[3.115, 0.0], [5.97, 0.0], [8.54, 0.0], [11.11, -0.131], [13.965, 0.131], [17.962, -0.131]]",0.0,0.0,13.9149,0.0,0.0,1.5551,4.0,0.0,ok,11.1593,0.0,0.0,0.0,0.0,0.0,0.0,0.0,0.0,0.0,798e338f792149f1b9fb2edebcc1018d,scene-0775,44
6.5412,12.2524,17.3918,4.828,7.6121,10.5389,0.0,0.0,0.0,0.0,0.0,0.0,0.0,0.0,0.0,ok,straight,6.5412,12.8228,25.9572,4.828,7.8974,12.68,False,"[-0.0, -0.0653, -0.1305, -0.2611, -0.4569, -0.0653, -0.0653, -0.1305]","[-152.6069, -242.0789, -463.7353, -1113.8875, -1613.9742, -1774.9483, -4525.6325, -98576.5517]","[5.4329, 4.9554, 4.4738, -1001111.3766, -1001611.4633, -1001772.4374, -1004523.1216, -1098572.6037]","[12.68, 10.872, 11.491, 9.923, 10.163, 9.922, 10.445, 20.152]",3.2182,0.0,0.0,0.0,0.0,0.0,0.0,0.0,0.0,0.0,9.9216,8.0,6.5412,9.9709,16.2497,4.828,7.2567,9.9216,"[[3.115, 0.0], [6.541, 0.0], [9.111, 0.0], [12.823, 0.0], [18.533, 0.0], [25.957, 0.0]]",0.0,2.8519,9.7075,0.0,0.6407,2.7585,6.0,0.0,ok,20.1516,0.0,0.0,0.0,0.0,0.0,0.0,0.0,0.0,0.0,bb10039077c74099b51fb67300391659,scene-0777,44
6.2556,12.2517,17.3913,4.6852,7.5405,10.3006,0.0,0.0,0.0,0.0,0.0,0.0,0.0,0.0,0.0,ok,straight,6.2556,12.2517,17.9623,4.6852,7.5405,10.5862,False,"[-0.0, -0.5875, -0.3916, -0.0653, -0.5222, -0.0, -0.0, -0.1958]","[-171.8354, -417.7224, -978.6126, -787.7893, -1248.3542, -1475.405, -2769.9484, -7012.3014]","[5.2367, 2.5715, 2.4794, -1000784.9887, -1001244.8816, -1001471.9323, -1002767.1478, -1007009.5009]","[10.586, 9.549, 12.065, 12.824, 9.551, 10.54, 11.11, 9.115]",1.2108,0.0,0.0,0.0,0.0,0.0,0.0,0.0,0.0,0.0,9.1149,8.0,6.2556,14.8221,9.9752,4.6852,8.3268,9.1149,"[[3.115, 0.0], [6.256, 0.0], [8.54, 0.0], [12.252, 0.0], [15.393, 0.0], [17.962, 0.0]]",0.0,-2.5703,7.9871,0.0,-0.7863,1.4712,4.0,0.0,ok,12.8237,0.0,0.0,0.0,0.0,0.0,0.0,0.0,0.0,0.0,426eacbdc6f6476e8905a2ee27b0319e,scene-0777,44
6.5412,12.8228,19.9615,4.9707,8.0402,11.3953,0.0,0.0,0.0,0.0,0.0,0.0,0.0,0.0,0.0,ok,straight,6.5412,12.8228,19.9615,4.9707,8.0402,11.3953,False,"[-0.0653, -0.0653, -0.1305, -0.3264, -0.1305, -0.0653, -5.94, -2.9374]","[-21.6448, -504.2781, -211.8859, -2587.3395, -2784.1093, -4520.812, -7152.9253, -56926.8435]","[3.313, 3.284, 3.2701, -1002585.108, -1002781.8802, -1004518.5805, -1007150.6962, -1056924.6145]","[11.395, 11.539, 11.586, 11.116, 11.491, 11.205, 13.755, 10.231]",0.9313,0.0,0.0,0.0,0.0,0.0,0.0,0.0,0.0,0.0,10.2308,8.0,6.5412,12.5373,24.391,4.9707,8.2551,10.2308,"[[3.4, 0.0], [6.541, 0.0], [9.396, 0.0], [12.823, 0.0], [16.249, -0.131], [19.961, -0.131]]",0.0,0.2855,-4.4295,0.0,-0.215,1.1645,3.0,0.0,ok,13.7551,0.0,0.0,0.0,0.0,0.0,0.0,0.0,0.0,0.0,6cd5721d228e4414987d355d12718b02,scene-0777,44
5.399,11.1096,17.3913,4.2569,7.0408,9.9675,0.0,0.0,0.0,0.0,0.0,0.0,0.0,0.0,0.0,ok,straight,5.399,11.1096,16.2497,4.2569,7.0408,9.7772,True,"[-0.0653, -0.0653, -0.2611, -1.1097, -0.2611, -0.6527, -0.0, -0.0]","[-157.1836, -262.6438, -105.7009, -832.8591, -2793.1683, -3912.2613, -9221.9278, -12624.553]","[3.6421, 3.6099, 3.1191, -1000830.6812, -1002790.982, -1003910.0751, -1009219.7498, -1012622.375]","[9.777, 9.587, 9.826, 10.702, 10.207, 11.543, 10.492, 8.064]",0.9455,0.0,0.0,0.0,0.0,0.0,0.0,0.0,0.0,0.0,8.0643,8.0,4.828,11.1096,5.399,3.6858,6.7553,8.0643,"[[3.115, 0.0], [5.399, 0.0], [8.54, 0.0], [11.11, 0.0], [14.25, 0.0], [16.249, -0.131]]",0.5711,0.0,10.8507,0.5711,0.2855,1.7129,2.0,0.0,ok,11.5432,0.0,0.0,0.0,0.0,0.0,0.0,0.0,0.0,0.0,9a2f17caf46e4ec592157a8ea3289be8,scene-0777,44
6.8267,14.2505,19.3438,5.2563,8.8254,11.8158,0.0,0.0,0.0,0.0,0.0,0.0,0.0,0.0,0.0,ok,straight,6.8267,14.2505,19.0583,5.2563,8.8254,11.7682,True,"[-0.0653, -0.0653, -0.1305, -0.3264, -0.2611, -0.2611, -0.5875, -0.1305]","[-198.7477, -255.1831, -262.5711, -1655.142, -2203.196, -2541.4863, -10324.7859, -16428.1032]","[4.6506, 4.6404, 4.2391, -1001652.2171, -1002200.2711, -1002538.5614, -1010321.861, -1016425.1784]","[11.768, 11.435, 12.149, 11.247, 11.246, 12.39, 13.493, 9.057]",1.1875,0.0,0.0,0.0,0.0,0.0,0.0,0.0,0.0,0.0,9.0572,8.0,6.8267,12.5373,3.9335,5.2563,8.3259,9.0572,"[[3.686, 0.0], [6.827, 0.0], [10.539, 0.0], [14.25, 0.0], [16.249, 0.0], [19.104, -0.131]]",0.0,1.7132,15.1248,0.0,0.4995,2.7109,4.0,0.0,ok,13.4931,0.0,0.0,0.0,0.0,0.0,0.0,0.0,0.0,0.0,485c78dbfed04fd5a6aad2a88b116fe9,scene-0778,44
2.6412,7.3334,13.6185,1.8795,3.9892,6.6933,0.0,0.0,0.0,0.0,0.0,0.0,0.0,0.0,0.0,ok,left,2.6412,7.3334,13.6185,1.8795,4.0068,6.705,False,"[-3.329, -3.329, -3.0026, 1.893, 2.2193, -3.329, 0.2611, -5.222]","[-81.2114, -534.717, -496.2288, -9272.8978, -13803.2011, -25335.3818, -110268.8272, -236047.7717]","[0.6275, 0.5794, -1000495.6166, -1009272.3278, -1013802.5889, -1025334.8118, -1110268.2149, -1236047.2017]","[6.705, 6.985, 6.956, 5.824, 6.172, 7.926, 6.225, 8.373]",0.8225,0.0,0.0,0.0,0.0,0.0,0.0,0.0,0.0,0.0,5.8243,8.0,4.0375,7.3334,6.3313,2.7181,4.4261,5.8243,"[[1.973, -0.131], [4.257, -0.522], [6.827, -1.567], [9.111, -2.48], [11.11, -4.569], [13.108, -6.658]]",-1.3963,0.0,7.2872,-0.8387,-0.4193,0.8807,3.0,0.0,ok,8.3726,0.0,0.0,0.0,0.0,0.0,0.0,0.0,0.0,0.0,29fca2b4244b4379828cd66a473c6d7e,scene-0778,44
2.1326,6.1325,9.3894,1.5013,3.3127,5.0943,0.0,0.0,0.0,0.0,0.0,0.0,0.0,0.0,0.0,ok,straight,2.1326,4.0079,9.8088,1.5013,2.5568,4.5524,True,"[-3.5248, -3.5248, -3.6554, -0.6527, -3.5901, -6.4622, -8.2899, -1.1749]","[-892.3006, -626.5076, -2505.6316, -7063.1601, -8588.343, -27794.877, -34290.8834, -105465.9476]","[4.1752, 3.8591, -1002502.2765, -1007060.1292, -1008585.3121, -1027791.8461, -1034287.5284, -1105462.5926]","[4.552, 4.959, 4.607, 3.871, 3.725, 7.936, 6.62, 5.16]",1.3355,0.0,0.0,0.0,0.0,0.0,0.0,0.0,0.0,0.0,3.7254,8.0,2.1326,6.1325,8.1019,1.5013,3.1663,3.7254,"[[1.116, 0.0], [2.544, -0.261], [3.686, 0.653], [4.542, -1.175], [7.398, -3.916], [8.254, -7.05]]",0.0,-2.1246,1.707,0.0,-0.6095,0.8271,2.0,0.0,ok,7.936,0.0,0.0,0.0,0.0,0.0,0.0,0.0,0.0,0.0,e5f4ba14f72d47769f75422a30667e2a,scene-0778,44
1.262,1.7637,2.3359,0.9962,1.3706,1.7313,0.0,0.0,0.0,0.0,0.0,0.0,0.0,0.0,0.0,ok,straight,1.8314,1.7774,5.1166,1.4271,1.5894,2.5148,False,"[-0.1958, -0.3264, -0.3264, -0.3264, -0.9138, -2.611, -1.436, -0.0]","[-309.3664, -62.9219, -119.0273, -132.5309, -138.0647, -2425.6573, -10854.9152, -21370.549]","[2.5042, 2.3796, 2.371, 2.3691, 1.652, -1002424.4162, -1010853.6731, -1021369.307]","[2.515, 1.734, 1.877, 2.007, 2.201, 2.768, 2.974, 3.863]",0.6578,0.0,0.0,0.0,0.0,0.0,0.0,0.0,0.0,0.0,1.7336,8.0,1.262,1.7774,2.3359,0.9962,1.374,1.7336,"[[3.4, -0.131], [6.541, -0.131], [8.54, -0.131], [11.11, -0.261], [15.107, -1.305], [19.104, -0.392]]",0.5694,0.0,2.7807,0.4309,0.2155,0.7812,4.0,0.0,ok,3.8626,0.0,0.0,0.0,0.0,0.0,0.0,0.0,0.0,0.0,7c5053e3642d4adaa86fd0ef1ca49ece,scene-0778,44
1.3416,2.5241,3.1441,1.0135,1.6962,2.1188,0.0,0.0,0.0,0.0,0.0,0.0,0.0,0.0,0.0,ok,straight,1.3416,2.8096,3.1441,1.0135,1.7676,2.214,False,"[-0.0, -0.0, -0.0, -0.1305, -0.0, -0.6527, -0.0, -0.1958]","[-11.2296, -38.4156, -105.1687, -48.2439, -377.9184, -699.7906, -4256.2813, -5158.1198]","[3.3895, 3.3783, 3.3418, 2.7593, -1000375.7747, -1000697.6468, -1004254.1402, -1005155.9786]","[2.214, 2.262, 2.642, 2.311, 1.975, 3.05, 2.166, 2.294]",0.312,0.0,0.0,0.0,0.0,0.0,0.0,0.0,0.0,0.0,1.9754,8.0,1.3416,3.0951,2.2813,1.0135,1.8396,1.9754,"[[1.116, 0.0], [1.973, 0.0], [3.115, 0.0], [3.971, 0.0], [4.542, 0.0], [4.828, 0.0]]",0.0,-0.2855,0.8628,0.0,-0.0719,0.2386,2.0,0.0,ok,3.0497,0.0,1.0,1.0,0.0,1.0,1.0,0.0,0.25,0.5,7949609177914534a89a8c7985ae4db7,scene-0780,44
1.1164,1.6875,2.2585,0.6881,1.045,1.3543,0.0,0.0,0.0,0.0,0.0,0.0,0.0,0.0,0.0,ok,straight,1.1164,1.6875,2.2585,0.6881,1.1878,1.4495,False,"[-0.0, -0.0, -0.0, -0.0, -0.0653, -0.0653, -0.0653, -0.0]","[-27.6933, -43.9981, -57.3574, -295.7115, -42.1629, -1294.9667, -181938.5521, -351429.3591]","[2.7131, 2.713, 2.7083, 2.7064, 0.6474, -1001293.5723, -1181937.1622, -1351427.9693]","[1.45, 1.403, 1.402, 1.212, 1.783, 1.498, 10.929, 15.869]",5.3183,0.0,0.0,0.0,0.0,0.0,0.0,0.0,0.0,0.0,1.2116,8.0,0.8309,1.6875,1.973,0.8309,1.1164,1.2116,"[[0.259, 0.0], [1.116, 0.0], [1.687, 0.0], [1.687, 0.0], [1.687, 0.0], [2.258, 0.0]]",0.2855,0.0,0.2855,-0.1428,0.0714,0.2379,3.0,0.0,ok,15.8693,0.0,1.0,1.0,0.0,1.0,1.0,0.0,0.5,0.6666666666666666,d50a519eecae4c59b5440f50c424edb0,scene-0780,44
1.1161,2.2582,2.5437,0.6878,1.3302,1.6871,0.0,0.0,0.0,0.0,0.0,0.0,0.0,0.0,0.0,ok,straight,1.1161,2.2582,4.2569,0.9733,1.473,2.163,False,"[-0.0, -0.0, -0.0, -0.0653, -0.0, -0.1305, -0.0, -0.0653]","[-27.6409, -31.8151, -75.1453, -1871.5387, -2006.6824, -2512.1891, -2701.4086, -6039.7239]","[3.2384, 3.2362, 3.213, -1001870.0039, -1002005.1479, -1002510.6545, -1002699.8741, -1006038.1891]","[2.163, 1.782, 1.877, 1.64, 2.211, 2.687, 2.405, 2.782]",0.3892,0.0,0.0,0.0,0.0,0.0,0.0,0.0,0.0,0.0,1.6399,8.0,1.1161,2.2582,3.6882,0.9733,1.473,1.6399,"[[0.831, 0.0], [1.116, 0.0], [1.687, 0.0], [2.258, 0.0], [2.829, 0.0], [4.257, 0.0]]",0.0,0.0,0.5687,0.0,0.0,0.5231,3.0,0.0,ok,2.7823,0.0,1.0,1.0,0.0,1.0,1.0,0.0,0.5,0.6666666666666666,8f6fc5405819408986cc0822197bfbd9,scene-0780,44
1.1161,2.5437,2.2582,0.6878,1.4016,1.6871,0.0,0.0,0.0,0.0,0.0,0.0,0.0,0.0,0.0,ok,straight,1.1161,2.2582,2.5437,0.6878,1.3302,1.6871,True,"[-0.0, -0.0, -0.0, -0.0653, -0.0653, -0.0, -0.0653, -0.0]","[-33.4328, -102.0231, -448.7546, -33.8145, -139.747, -557.5546, -2856.7612, -14843.5018]","[2.298, 2.2796, 2.2114, 0.2324, 0.2061, -1000556.52, -1002855.7307, -1014842.4714]","[1.687, 1.64, 2.353, 2.163, 1.973, 1.592, 1.878, 2.483]",0.3138,0.0,0.0,0.0,0.0,0.0,0.0,0.0,0.0,0.0,1.5924,8.0,1.1161,2.2582,0.8306,0.6878,1.3302,1.5924,"[[0.259, 0.0], [1.116, 0.0], [1.687, 0.0], [2.258, 0.0], [2.258, 0.0], [2.544, 0.0]]",0.0,0.0,1.7132,0.0,0.0,0.0948,2.0,0.0,ok,2.4828,0.0,1.0,1.0,0.0,1.0,1.0,0.0,0.5,0.6666666666666666,284234f5451d495fa01bd24bd04993dc,scene-0780,44
1.1161,1.9727,2.5437,0.6878,1.2588,1.6871,0.0,0.0,0.0,0.0,0.0,0.0,0.0,0.0,0.0,ok,straight,1.1161,2.2582,2.5437,0.6878,1.3302,1.7347,False,"[-0.0, -0.0, -0.0, -0.0, -0.1305, -0.0, -0.1958, -6.9191]","[-16.9969, -92.8814, -179.4896, -864.7558, -3561.4864, -7173.275, -8424.8605, -9577.4113]","[3.7553, 3.7354, 2.2971, -1000863.7913, -1003560.5219, -1007172.3105, -1008422.4805, -1009575.0312]","[1.735, 1.973, 1.45, 1.593, 3.164, 2.116, 3.544, 3.485]",0.816,0.0,0.0,0.0,0.0,0.0,0.0,0.0,0.0,0.0,1.4502,8.0,1.1161,1.4077,2.5437,0.6878,0.9035,1.4502,"[[0.259, 0.0], [1.116, 0.0], [1.687, 0.0], [2.258, 0.0], [2.544, 0.0], [2.544, 0.0]]",0.0,0.8505,0.0,0.0,0.4268,0.2845,2.0,0.0,ok,3.544,0.0,1.0,1.0,0.0,1.0,1.0,0.0,0.5,0.6666666666666666,87c3788da01f4f63953f35383d0f5095,scene-0781,44
1.6871,2.5437,3.4003,1.2588,1.8299,2.2582,0.0,0.0,0.0,0.0,0.0,0.0,0.0,0.0,0.0,ok,straight,1.6871,2.5437,3.4003,1.2588,1.8299,2.2582,False,"[-0.0, -0.0, -0.0, -0.0, -0.0653, -1.0444, -0.0, -0.0653]","[-4.9469, -10.0909, -26.7876, -186.6442, -139.024, -225.1913, -923.5031, -1724.9076]","[3.0153, 2.9958, 2.9667, 2.6874, 2.5893, -0.438, -1000921.629, -1001723.0229]","[2.258, 2.401, 2.115, 2.829, 3.448, 2.087, 2.353, 3.21]",0.482,0.0,0.0,0.0,0.0,0.0,0.0,0.0,0.0,0.0,2.0867,8.0,1.6871,2.5437,2.3683,1.2588,1.8299,2.0867,"[[0.831, 0.0], [1.687, 0.0], [2.258, 0.0], [2.544, 0.0], [2.829, 0.0], [3.4, 0.0]]",0.0,0.0,1.032,0.0,0.0,0.1715,2.0,0.0,ok,3.4481,0.0,1.0,1.0,0.0,1.0,1.0,0.0,0.5,0.6666666666666666,07cc7c2f5d22463398a2cda8670d08e9,scene-0781,44
1.1161,1.6871,2.5437,0.6878,1.1875,1.4968,0.0,0.0,0.0,0.0,0.0,0.0,0.0,0.0,0.0,ok,straight,1.1161,1.6871,2.5437,0.6878,1.1875,1.4968,False,"[-0.0, -0.0, -0.0, -0.0653, -0.0, -0.0, -0.0, -0.0]","[-35.5199, -88.9066, -136.6972, -223.5488, -674.8527, -1717.844, -2129.6439, -622692.8908]","[2.2965, 2.2962, 2.296, -0.7281, -1000673.3154, -1001716.3068, -1002128.1067, -1622691.3535]","[1.497, 1.973, 1.783, 2.401, 3.21, 2.449, 2.124, 9.016]",2.3032,0.0,0.0,0.0,0.0,0.0,0.0,0.0,0.0,0.0,1.4968,8.0,1.1161,1.6871,2.5437,0.6878,1.1875,1.4968,"[[0.259, 0.0], [1.116, 0.0], [1.687, 0.0], [1.687, 0.0], [1.687, 0.0], [2.544, 0.0]]",0.0,0.0,0.0,0.0,0.0,0.0,0.0,1.0,ok,9.016,0.0,1.0,1.0,0.0,1.0,1.0,0.0,0.5,0.6666666666666666,7e5447a8b3184ab1a0664511d21b8c6f,scene-0781,44
1.1161,2.5437,3.204,0.9733,1.5444,2.0341,0.0,0.0,0.0,0.0,0.0,0.0,0.0,0.0,0.0,ok,straight,1.1161,2.5437,6.9159,0.9733,1.5444,2.8907,False,"[-0.0, -0.0, -0.0, -0.0, -0.0653, -0.0653, -0.0, -0.0]","[-25.5538, -37.2937, -38.0304, -55.4762, -294.1505, -877.2487, -1242.0916, -38732.5462]","[3.7321, 3.7312, 3.7222, 3.7208, 1.3926, -1000874.5075, -1001239.3415, -1038729.7961]","[2.891, 2.034, 1.796, 2.367, 1.939, 2.18, 1.728, 3.605]",0.5969,0.0,0.0,0.0,0.0,0.0,0.0,0.0,0.0,0.0,1.7275,8.0,1.1161,2.5437,0.2223,0.9733,1.5444,1.7275,"[[0.831, 0.0], [1.116, 0.0], [1.687, 0.0], [2.544, 0.0], [4.257, 0.0], [7.112, 0.0]]",0.0,0.0,6.6936,0.0,0.0,1.1632,6.0,0.0,ok,3.6046,0.0,1.0,1.0,0.0,1.0,1.0,0.0,0.5,0.6666666666666666,a51cada4b76a41cabd4bb589a8a32e37,scene-0781,44
0.0316,0.1462,0.1978,0.1921,0.1547,0.2067,0.0,0.0,0.0,0.0,0.0,0.0,0.0,0.0,0.0,ok,straight,0.0316,0.7124,1.0514,0.1921,0.3675,0.4908,False,"[-0.0, -0.0, -0.0653, -0.0653, -0.0653, -0.0653, -0.0, -0.0]","[-46.9235, -465.8518, -28.1319, -119.0389, -264.2543, -2190.137, -90140.3154, -295643.5614]","[3.5497, 3.5443, 1.5499, 1.549, 1.5464, -1002188.0846, -1090138.2619, -1295641.5091]","[0.491, 0.776, 0.481, 0.669, 0.779, 0.908, 3.22, 5.396]",1.6665,0.0,0.0,0.0,0.0,0.0,0.0,0.0,0.0,0.0,0.481,8.0,0.0316,0.7124,1.2449,0.1921,0.3675,0.481,"[[0.831, 0.0], [1.116, 0.0], [1.402, 0.0], [1.687, 0.0], [2.544, 0.0], [2.544, 0.0]]",0.0,0.0,-0.1934,0.0,0.0,0.0098,1.0,0.0,ok,5.3964,0.0,1.0,1.0,0.0,1.0,1.0,0.0,0.25,0.5,9699d6a8d9384f8885e8c5318bc621ab,scene-0782,44
0.7638,2.9778,6.698,0.4368,1.3601,2.9803,0.0,0.0,0.0,0.0,0.0,0.0,0.0,0.0,0.0,ok,straight,0.7638,2.9778,4.9881,0.4368,1.3601,2.5051,True,"[-0.0, -0.0653, -0.0653, -0.1305, -7.3108, -0.1305, -0.0, -0.0]","[-60.0372, -165.9485, -4702.6739, -8526.9711, -10450.699, -20623.2112, -36329.7373, -75702.3336]","[3.5694, 3.5377, -1004700.3185, -1008524.6157, -1010448.343, -1020620.8552, -1036327.3819, -1075699.9781]","[2.505, 3.028, 2.288, 1.055, 3.799, 2.446, 2.669, 4.909]",1.0621,0.0,0.0,0.0,0.0,0.0,0.0,0.0,0.0,0.0,1.0553,8.0,0.1948,0.4573,0.7298,0.1859,0.25,1.0553,"[[1.687, 0.0], [3.115, 0.0], [4.542, 0.0], [5.685, 0.0], [6.827, -0.261], [9.396, 0.0]]",0.569,2.5205,4.2582,0.2509,1.1101,1.4498,3.0,0.0,ok,4.9094,0.0,0.0,0.0,0.0,0.0,0.0,0.0,0.0,0.0,6652a70586d741f5b9da67434412dd36,scene-0782,44
4.6098,8.8001,15.9026,3.4507,5.6772,8.3967,0.0,0.0,1.0,0.0,0.0,1.0,0.0,0.0,0.3333333333333333,ok,straight,4.6098,9.942,15.9026,3.4507,5.9627,8.7298,False,"[-0.0653, -0.0653, -0.1305, -1.3055, -1.0444, -0.5875, -0.0653, -0.0]","[-37.2479, -295.6489, -741.9847, -722.8065, -938.9869, -1178.3427, -16522.4073, -91126.3921]","[3.2767, 3.2659, 3.1147, -1000720.7139, -1000936.8943, -1001176.2524, -1016520.3169, -1091124.2995]","[8.73, 7.59, 7.257, 8.842, 7.702, 6.866, 6.972, 9.606]",0.9321,0.0,0.0,1.0,0.0,0.0,1.0,0.0,0.0,0.3333333333333333,6.8659,8.0,2.3378,8.7999,11.9972,1.8868,4.2525,6.8659,"[[1.973, 0.0], [3.971, -0.131], [5.97, 0.0], [7.398, 0.0], [9.111, 0.0], [10.253, -0.131]]",2.272,1.1421,3.9053,1.5639,1.7103,1.8639,5.0,0.0,ok,9.6062,0.0,0.0,0.0,0.0,0.0,0.0,0.0,0.0,0.0,8af2e40c9e8b4bec94a3d701d8d5753e,scene-0782,44
1.7872,1.5656,4.4693,1.188,1.3804,2.2134,0.0,0.0,0.0,0.0,0.0,0.0,0.0,0.0,0.0,ok,straight,1.7872,1.5656,4.4693,1.188,1.3804,1.9279,True,"[-0.0653, -0.0653, -0.1958, -0.1305, -0.0653, -0.2611, -0.0653, -0.6527]","[-239.0765, -308.1663, -544.7753, -534.9826, -7426.4604, -7878.1481, -78703.9537, -831517.9838]","[2.6306, 2.6304, 1.9377, -1000533.4262, -1007424.904, -1007876.5918, -1078702.3974, -1831516.4274]","[1.928, 1.738, 2.358, 2.217, 2.022, 2.596, 4.212, 9.365]",2.4014,0.0,0.0,0.0,0.0,0.0,0.0,0.0,0.0,0.0,1.7379,8.0,1.7872,0.4246,4.4693,1.188,1.0954,1.7379,"[[3.686, 0.0], [6.541, 0.0], [10.539, -0.131], [14.25, -0.131], [17.962, -0.131], [19.39, -0.131]]",0.0,1.1409,0.0,0.0,0.285,0.19,1.0,0.0,ok,9.3654,0.0,0.0,0.0,0.0,0.0,0.0,0.0,0.0,0.0,95682f8329cf487aa061d968b08f80ea,scene-0782,44
4.7184,8.467,14.5332,3.439,5.5287,8.1127,0.0,0.0,0.0,0.0,0.0,0.0,0.0,0.0,0.0,ok,straight,4.7184,8.467,14.8187,3.439,5.5287,8.1603,False,"[-0.0653, -0.1958, -0.3916, -0.2611, -0.0653, -0.4569, -0.0653, -0.0]","[-236.7774, -73.3858, -1579.0757, -1581.1961, -1920.7197, -3665.1802, -7342.5065, -15451.4012]","[3.705, 2.9124, -1001576.6741, -1001578.7945, -1001918.3181, -1003663.0222, -1007340.1049, -1015449.2432]","[8.16, 7.351, 7.502, 7.784, 7.78, 8.123, 7.829, 6.877]",0.396,0.0,0.0,0.0,0.0,0.0,0.0,0.0,0.0,0.0,6.8768,8.0,4.7184,8.467,4.5483,3.439,5.5287,6.8768,"[[1.973, 0.0], [3.686, 0.0], [5.97, 0.0], [8.54, -0.131], [9.111, -0.131], [10.253, -0.131]]",0.0,0.0,10.2704,0.0,0.0,1.2835,7.0,0.0,ok,8.1603,0.0,0.0,0.0,0.0,0.0,0.0,0.0,0.0,0.0,e829650532104af6bdb060d75924421f,scene-0783,44
5.0595,11.3395,17.4084,3.8188,6.5718,9.5736,0.0,0.0,0.0,0.0,0.0,0.0,0.0,0.0,0.0,ok,straight,5.0595,11.3395,17.4084,3.8188,6.6431,9.7163,False,"[-0.0, -0.0, -0.3264, -0.0653, -0.0653, -0.2611, -0.4569, -0.5222]","[-54.8236, -229.932, -651.085, -753.5947, -2478.3917, -11530.9628, -13704.0116, -18123.8942]","[4.3116, 3.516, -1000648.7213, -1000752.001, -1002476.028, -1011529.369, -1013701.6479, -1018122.3004]","[9.716, 9.336, 9.623, 9.242, 9.003, 8.528, 8.769, 6.57]",0.9401,0.0,0.0,0.0,0.0,0.0,0.0,0.0,0.0,0.0,6.5697,8.0,5.0595,9.9149,3.0108,3.8188,6.0729,6.5697,"[[1.687, 0.0], [3.686, 0.0], [5.685, 0.0], [6.827, 0.0], [8.54, 0.0], [10.253, 0.0]]",0.0,1.4246,14.3976,0.0,0.5703,3.1467,7.0,0.0,ok,9.7163,0.0,0.0,0.0,0.0,0.0,0.0,0.0,0.0,0.0,28553ad064614cb09fa5d4f12e4fa064,scene-0783,44
3.5687,7.3325,9.2282,2.4422,4.2726,5.9082,0.0,0.0,0.0,0.0,0.0,0.0,0.0,0.0,0.0,ok,straight,3.5687,7.3276,9.2211,2.4422,4.2714,5.9062,True,"[-0.0653, -0.0653, -0.1305, -0.4569, -0.5875, -0.4569, -0.3264, -0.3916]","[-175.4251, -397.0078, -848.8777, -460.9906, -268.697, -1069.9495, -5519.3931, -6169.0289]","[4.75, 4.6296, 4.1102, 2.5051, 1.9139, -1001067.2376, -1005516.7062, -1006166.3419]","[5.906, 6.287, 5.389, 6.617, 5.573, 5.904, 5.35, 5.572]",0.4178,0.0,0.0,0.0,0.0,0.0,0.0,0.0,0.0,0.0,5.3504,8.0,3.854,7.3276,8.1602,3.584,4.8423,5.3504,"[[3.115, 0.0], [5.399, 0.0], [8.54, 0.0], [10.539, -0.131], [13.108, 0.0], [16.249, -0.131]]",-0.2854,0.0,1.0609,-1.1418,-0.5709,0.5558,5.0,0.0,ok,6.6173,0.0,0.0,0.0,0.0,0.0,0.0,0.0,0.0,0.0,73ec2b6b0f8541bbbd01ab56134a2abd,scene-0783,44
1.5356,1.8592,0.6259,1.2063,1.5605,1.3787,0.0,0.0,0.0,0.0,0.0,0.0,0.0,0.0,0.0,ok,straight,1.5356,1.5818,0.6259,1.2063,1.3502,1.2384,True,"[-0.0, -0.0, -0.1958, -0.6527, -0.3264, -0.2611, -0.0653, -0.3916]","[-39.4056, -13.2215, -671.3954, -1558.0283, -3005.3074, -4046.7841, -4239.5351, -42681.1296]","[4.6447, 4.5919, -1000668.3992, -1001555.0869, -1003002.366, -1004043.8427, -1004236.539, -1042678.1334]","[1.238, 1.048, 1.418, 1.282, 1.558, 2.048, 2.282, 2.908]",0.5945,0.0,0.0,0.0,0.0,0.0,0.0,0.0,0.0,0.0,1.0484,8.0,0.9666,1.5818,0.6259,0.6362,1.0652,1.0484,"[[2.258, 0.0], [4.257, 0.0], [6.541, 0.0], [7.969, 0.0], [9.111, 0.0], [10.539, 0.0]]",0.569,0.0,0.0,0.57,0.285,0.19,1.0,0.0,ok,2.9083,0.0,0.0,0.0,0.0,0.0,0.0,0.0,0.0,0.0,4a0987ae93eb4cb7b77e94f8ab034a27,scene-0783,44
1.1122,1.1136,2.5412,0.6754,0.8945,1.2055,0.0,0.0,0.0,0.0,0.0,0.0,0.0,0.0,0.0,ok,straight,0.5412,1.1136,2.5412,0.3899,0.7518,1.1103,True,"[-0.0, -0.0, -0.0, -0.0, -0.3916, -0.0, -0.0653, -0.0]","[-59.4846, -98.3568, -117.4278, -143.0768, -725.979, -1483.9422, -90140.6128, -1548804.79]","[3.843, 3.8429, 3.8423, 3.8423, -1000722.9847, -1001480.9484, -1090137.6185, -2548801.7962]","[1.11, 1.681, 0.978, 1.396, 2.833, 1.539, 3.731, 13.202]",3.8404,0.0,0.0,0.0,0.0,0.0,0.0,0.0,0.0,0.0,0.9782,8.0,1.1122,1.3991,0.0355,0.6754,1.18,0.9782,"[[0.259, 0.0], [0.545, 0.0], [1.116, 0.0], [1.116, 0.0], [1.116, 0.0], [2.544, 0.0]]",-0.571,-0.2855,2.5058,-0.2855,-0.4283,0.1321,1.0,0.0,ok,13.2022,0.0,0.0,0.0,0.0,0.0,0.0,0.0,0.0,0.0,abad69b7e6194c95b18a054aa082cfb8,scene-0784,44
1.6871,2.5437,5.1135,0.9733,1.6871,2.6389,0.0,0.0,0.0,0.0,0.0,0.0,0.0,0.0,0.0,ok,straight,1.6871,4.828,2.5437,0.9733,2.4723,2.8296,False,"[-0.0, -0.0, -0.0, -0.0, -0.4569, -0.0653, -0.1305, -0.0]","[-166.2771, -174.2569, -599.7353, -819.1628, -919.822, -1147.8395, -1287.0719, -18060.5885]","[3.5486, 3.5467, 3.4732, -1000816.6384, -1000917.2981, -1001145.3157, -1001284.548, -1018058.0641]","[2.83, 2.782, 3.162, 2.877, 2.745, 2.687, 2.735, 3.599]",0.289,0.0,0.0,0.0,0.0,0.0,0.0,0.0,0.0,0.0,2.6867,8.0,1.9727,2.5437,6.5424,1.2588,1.9013,2.6867,"[[0.259, 0.0], [1.687, 0.0], [3.115, 0.0], [4.828, 0.0], [4.542, 0.131], [2.544, 0.0]]",-0.2855,2.2842,-3.9987,-0.2855,0.5711,0.1429,4.0,0.0,ok,3.5995,0.0,0.0,0.0,0.0,0.0,0.0,0.0,0.0,0.0,e821c04bbefc4fea85433c8976e786d0,scene-0784,44
1.6871,3.1148,4.5424,1.2588,2.0441,2.7817,0.0,0.0,0.0,0.0,0.0,0.0,0.0,0.0,0.0,ok,straight,1.6871,3.1148,4.5424,1.2588,2.0441,2.7817,False,"[-0.0, -0.0, -0.0653, -0.1305, -0.1958, -0.2611, -0.5875, -0.1305]","[-12.5356, -26.0804, -49.2695, -26.004, -74.286, -31.2675, -536.0164, -3023.7479]","[2.8518, 2.8379, 2.4486, 2.1069, 1.692, 1.3705, -0.9732, -1003022.3258]","[2.782, 2.829, 2.735, 2.831, 3.688, 2.883, 3.749, 2.782]",0.3969,0.0,0.0,0.0,0.0,0.0,0.0,0.0,0.0,0.0,2.7348,8.0,1.9727,3.1148,3.9735,1.4016,2.1154,2.7348,"[[0.831, 0.0], [1.687, 0.0], [2.544, 0.0], [3.115, 0.0], [3.971, 0.0], [4.542, 0.0]]",-0.2855,0.0,0.5689,-0.1428,-0.0714,0.0469,1.0,0.0,ok,3.7485,0.0,0.0,0.0,0.0,0.0,0.0,0.0,0.0,0.0,c6b40ac823cd4e0fb1c99b9602364b0d,scene-0784,44
1.6871,3.6858,5.1152,1.4016,2.2582,3.0199,0.0,0.0,0.0,0.0,0.0,0.0,0.0,0.0,0.0,ok,straight,1.1161,3.6858,5.1152,0.6878,1.9013,2.7819,True,"[-0.0653, -0.0653, -0.1958, -0.1305, -0.0653, -0.1305, -0.718, -2.2846]","[-71.4513, -85.4178, -34.8071, -567.6691, -767.8208, -1384.0208, -3009.4116, -8420.0614]","[3.141, 3.139, 2.9767, -1000565.7161, -1000765.8679, -1001382.0647, -1003007.4587, -1008418.1052]","[2.782, 3.02, 3.405, 3.401, 3.356, 3.116, 4.289, 4.497]",0.5642,0.0,0.0,0.0,0.0,0.0,0.0,0.0,0.0,0.0,2.7819,8.0,1.1161,3.6858,5.1152,0.6878,1.9013,2.7819,"[[0.259, 0.0], [1.116, 0.0], [2.544, 0.0], [3.686, 0.0], [3.971, 0.0], [5.113, -0.131]]",0.0,0.0,0.0,0.0,0.0,0.0,0.0,1.0,ok,4.4971,0.0,0.0,0.0,0.0,0.0,0.0,0.0,0.0,0.0,e39400ef772142919c70b68f77780294,scene-0784,44
1.1161,0.0261,1.1161,0.6878,0.6294,0.7916,0.0,0.0,0.0,0.0,0.0,0.0,0.0,0.0,0.0,ok,straight,1.1161,2.5437,1.1161,0.6878,1.4016,1.3064,False,"[-0.0, -0.0, -0.0, -0.0653, -0.0, -0.0, -0.1305, -0.0]","[-403.9115, -473.5561, -957.8139, -5276.0953, -9344.904, -22589.1164, -1449449.6059, -1527409.7019]","[2.882, 2.8818, -1000956.0573, -1005274.3387, -1009343.1474, -1022587.3599, -2449447.8493, -2527407.9453]","[1.306, 0.792, 1.696, 2.735, 3.211, 3.685, 13.775, 13.545]",5.0286,0.0,0.0,0.0,0.0,0.0,0.0,0.0,0.0,0.0,0.7916,8.0,1.1161,0.0261,1.1161,0.6878,0.6294,0.7916,"[[0.259, 0.0], [1.116, 0.0], [1.687, 0.0], [2.544, 0.0], [1.116, 0.0], [1.116, 0.0]]",0.0,2.5177,0.0,0.0,0.7722,0.5148,1.0,0.0,ok,13.7754,1.0,1.0,1.0,1.0,1.0,1.0,0.5,0.75,0.6666666666666666,159f9a70a6d64e27a38b3b2668b5a68e,scene-0794,44
1.1161,0.026,0.545,0.6878,0.6294,0.6013,0.0,0.0,0.0,0.0,0.0,0.0,0.0,0.0,0.0,ok,straight,1.4016,0.545,1.1161,0.8306,0.9733,1.0209,False,"[-0.0, -0.0, -0.0653, -0.3916, -0.0, -0.0, -0.4569, -0.0]","[-324.6099, -473.5561, -543.7454, -1116.7643, -1349.5408, -1525.0114, -2603.4071, -9624.5057]","[2.7943, 2.7432, -1000542.2288, -1001115.2478, -1001348.0246, -1001523.4948, -1002601.8909, -1009622.9894]","[1.021, 0.792, 1.649, 2.463, 3.02, 1.41, 3.407, 2.02]",0.8744,0.0,0.0,0.0,0.0,0.0,0.0,0.0,0.0,0.0,0.7916,8.0,1.1161,0.026,1.1161,0.6878,0.6294,0.7916,"[[0.259, 0.0], [1.402, 0.0], [1.687, 0.0], [0.545, 0.0], [1.116, 0.0], [1.116, 0.0]]",0.2855,0.519,0.0,0.1428,0.3439,0.2293,1.0,0.0,ok,3.4067,1.0,1.0,1.0,1.0,1.0,1.0,0.5,0.75,0.6666666666666666,8e7b267872c04c2b8a49b034ce6a9180,scene-0794,44
1.1161,0.1549,0.1785,0.6878,0.6521,0.4951,0.0,0.0,0.0,0.0,0.0,0.0,0.0,0.0,0.0,ok,straight,1.1161,1.5582,0.1785,0.6878,1.1457,0.8242,False,"[-0.0, -0.0, -0.0, -0.0, -0.0653, -0.0653, -0.0, -0.1305]","[-257.4381, -151.3078, -775.8773, -1209.434, -3826.6125, -4390.1106, -5812.4441, -26127.4586]","[3.3633, 3.3306, -1000773.8452, -1001207.4477, -1003824.5804, -1004388.1243, -1005810.4119, -1026125.4723]","[0.824, 0.495, 2.559, 2.615, 2.036, 3.896, 2.274, 4.23]",1.22,0.0,0.0,0.0,0.0,0.0,0.0,0.0,0.0,0.0,0.4951,8.0,1.1161,0.1549,0.1785,0.6878,0.6521,0.4951,"[[0.259, 0.0], [1.116, 0.0], [1.687, 0.0], [1.687, 0.0], [-0.026, 0.0], [-0.026, 0.0]]",0.0,1.4033,0.0,0.0,0.4936,0.3291,1.0,0.0,ok,4.2295,1.0,1.0,0.0,1.0,1.0,1.0,0.5,0.75,0.5,4f497d33a81042ae992f5109f2ea072f,scene-0794,44
1.3011,4.4601,8.5103,0.8095,2.1927,3.9034,0.0,0.0,0.0,0.0,0.0,0.0,0.0,0.0,0.0,ok,straight,1.3011,4.4601,8.5103,0.8095,2.1927,3.9034,False,"[-0.0, -0.0, -0.0, -0.0, -0.0, -0.1305, -0.0, -0.0]","[-0.013, -77.234, -442.2062, -960.2398, -1322.0593, -3571.2891, -5669.5361, -1593900.158]","[2.613, 2.6123, 2.6121, -1000958.386, -1001320.206, -1003569.4358, -1005667.6829, -2593898.3042]","[3.903, 3.369, 3.665, 2.999, 2.751, 2.27, 1.942, 12.803]",3.3059,0.0,0.0,0.0,0.0,0.0,0.0,0.0,0.0,0.0,1.942,8.0,0.4446,3.6035,5.6553,0.3489,1.3914,1.942,"[[-0.026, 0.0], [-0.026, 0.0], [-0.026, 0.0], [-0.026, 0.0], [-0.026, 0.0], [-0.026, 0.0]]",0.8566,0.8566,2.855,0.4606,0.8013,1.9614,6.0,0.0,ok,12.8026,0.0,0.0,0.0,0.0,0.0,0.0,0.0,0.0,0.0,3c55b075eee045b7918e4c12275cbdaa,scene-0794,44
3.8848,8.0796,13.9995,2.8516,5.0039,7.5826,0.0,0.0,0.0,0.0,0.0,0.0,0.0,0.0,0.0,ok,straight,3.8848,8.0796,13.9995,2.8516,5.0039,7.5826,False,"[-0.0653, -0.0653, -0.0, -0.5222, -0.0653, -0.2611, -0.1305, -0.0653]","[-85.2063, -103.447, -555.8939, -1101.2766, -1547.0117, -1588.7755, -6633.9379, -324301.3635]","[3.3097, 3.29, -1000553.4898, -1001098.8921, -1001544.6271, -1001586.3715, -1006631.5533, -1324298.9594]","[7.583, 7.535, 9.114, 6.941, 7.675, 7.815, 7.338, 8.912]",0.7085,0.0,0.0,0.0,0.0,0.0,0.0,0.0,0.0,0.0,6.9407,8.0,3.5994,8.0796,12.4101,2.7088,4.9326,6.9407,"[[1.116, 0.0], [2.258, 0.0], [3.686, 0.0], [5.113, 0.0], [5.685, 0.0], [7.398, 0.131]]",0.2854,0.0,1.5895,0.1427,0.0714,0.6419,3.0,0.0,ok,9.1142,0.0,0.0,0.0,0.0,0.0,0.0,0.0,0.0,0.0,f8e8dd98088d458abb0a664330403168,scene-0795,44
4.5711,10.7845,17.1966,3.1877,6.1203,9.1023,0.0,0.0,0.0,0.0,0.0,0.0,0.0,0.0,0.0,ok,straight,4.5766,10.7845,17.1966,3.1905,6.1217,9.1033,False,"[-0.1305, -0.5222, -0.6527, -0.1305, -0.4569, -0.0653, -0.3916, -0.0653]","[-297.0332, -1301.2063, -1737.9014, -3027.0447, -7131.9309, -8225.8144, -16312.6262, -124238.4639]","[3.6374, -1001299.011, -1001735.5608, -1003024.8494, -1007129.5903, -1008223.6191, -1016310.4309, -1124236.1233]","[9.103, 7.603, 9.193, 8.197, 9.708, 10.579, 5.877, 12.09]",1.765,0.0,0.0,0.0,0.0,0.0,0.0,0.0,0.0,0.0,5.8772,8.0,4.5766,6.4785,3.5712,3.1905,4.7627,5.8772,"[[3.115, 0.0], [5.97, 0.0], [8.54, -0.131], [10.539, -0.131], [13.965, -0.261], [15.393, -0.261]]",0.0,4.3061,13.6254,0.0,1.359,3.226,3.0,0.0,ok,12.0903,0.0,0.0,0.0,0.0,0.0,0.0,0.0,0.0,0.0,12494592c7614f2992bca2614f6b04e6,scene-0795,44
6.4278,13.7488,21.4638,4.8746,8.6117,12.1369,0.0,0.0,0.0,0.0,0.0,0.0,0.0,0.0,0.0,ok,straight,6.4278,13.7488,19.7508,4.8746,8.6117,11.8514,True,"[-0.0653, -0.5222, -0.0653, -0.718, -0.2611, -0.0653, -0.8486, -0.3264]","[-270.2594, -836.6752, -958.811, -3765.7242, -4719.2396, -6899.2535, -79494.9732, -189939.6803]","[3.8455, -1000834.6944, -1000956.8301, -1003763.4588, -1004716.9742, -1006896.9881, -1079492.9924, -1189937.6994]","[11.851, 12.717, 12.233, 12.722, 12.71, 14.425, 13.221, 10.261]",1.1106,0.0,0.0,0.0,0.0,0.0,0.0,0.0,0.0,0.0,10.2609,8.0,6.4278,15.4648,19.1781,4.8746,9.1835,10.2609,"[[3.115, 0.0], [6.541, 0.0], [8.54, 0.0], [12.252, 0.0], [16.249, -0.131], [19.961, -0.131]]",0.0,-1.716,0.5727,0.0,-0.5717,1.5905,1.0,0.0,ok,14.4245,0.0,0.0,0.0,0.0,0.0,0.0,0.0,0.0,0.0,3b8e9827e2d44455b6ff48ee5982b77a,scene-0795,44
5.6336,10.7648,16.1017,4.0738,6.6299,9.2662,0.0,0.0,0.0,0.0,0.0,0.0,0.0,0.0,0.0,ok,straight,5.6336,10.7648,15.2455,4.0738,6.6299,9.1235,True,"[-0.1305, -0.1305, -0.0, -0.2611, -0.1305, -0.1305, -0.1958, -0.718]","[-218.5417, -924.0437, -1343.4029, -2622.7904, -4781.3151, -5709.1966, -29285.5456, -891618.1742]","[4.0261, 2.3345, -1001341.8666, -1002621.254, -1004778.0896, -1005705.9711, -1029284.0093, -1891614.9487]","[9.123, 9.267, 10.172, 8.511, 8.579, 8.838, 7.37, 13.13]",1.6006,0.0,0.0,0.0,0.0,0.0,0.0,0.0,0.0,0.0,7.3704,8.0,5.6336,11.6257,12.9583,4.0738,6.8453,7.3704,"[[3.686, 0.0], [6.827, 0.0], [11.11, -0.131], [14.25, -0.131], [18.248, -0.131], [22.245, -0.261]]",0.0,-0.8609,2.2872,0.0,-0.2153,1.7531,4.0,0.0,ok,13.13,0.0,0.0,0.0,0.0,0.0,0.0,0.0,0.0,0.0,1be40a3cf7474c6293b5639a2d498b97,scene-0795,44
5.5578,10.2169,13.0681,4.4796,6.8069,8.6627,0.0,0.0,0.0,0.0,0.0,0.0,0.0,0.0,0.0,ok,straight,6.7035,10.2169,13.6383,5.3379,7.236,9.0439,False,"[-0.1305, -0.1305, -1.6319, -0.0653, -0.1305, -0.0, -0.1305, -0.1305]","[-182.6552, -932.6383, -3079.7191, -3339.168, -6315.309, -29332.2839, -38126.897, -119088.1849]","[3.3744, 3.354, -1003077.3216, -1003336.7704, -1006312.9108, -1029329.8857, -1038124.4988, -1119085.7873]","[9.044, 9.044, 9.826, 9.283, 12.135, 9.203, 6.754, 8.486]",1.3942,0.0,0.0,0.0,0.0,0.0,0.0,0.0,0.0,0.0,6.7535,8.0,6.7035,10.2169,11.0734,5.3379,7.236,6.7535,"[[3.686, 0.0], [7.398, 0.0], [12.537, -0.131], [16.82, -0.131], [21.674, -0.131], [25.957, -0.261]]",0.0,0.0,2.5648,0.0,0.0,2.2903,2.0,0.0,ok,12.1346,0.0,0.0,0.0,0.0,0.0,0.0,0.0,0.0,0.0,c1676a2feac74eee8aa38ca3901787d6,scene-0796,44
4.4272,8.6778,14.0377,3.3299,5.5111,7.8415,0.0,0.0,0.0,0.0,0.0,0.0,0.0,0.0,0.0,ok,straight,4.4272,8.6778,14.0377,3.3299,5.5111,7.8896,False,"[-0.1305, -0.3264, -0.1958, -1.1097, -0.1305, -0.1305, -0.0, -0.3916]","[-17.8905, -2211.4575, -22671.5921, -826375.5427, -12011.7727, -21867.2997, -26423.9343, -105725.5827]","[3.7499, -1002208.7106, -1022668.8451, -1826372.7957, -2021911.3936, -2031766.9206, -2036323.5552, -2115625.2036]","[7.89, 6.325, 6.132, 11.873, 8.269, 5.991, 6.75, 8.652]",1.8318,0.0,0.0,0.0,0.0,0.0,0.0,0.0,0.0,0.0,5.991,8.0,4.4272,7.2452,0.9442,3.3299,6.0806,5.991,"[[3.686, 0.0], [7.398, -0.131], [11.11, -0.131], [15.107, -0.131], [18.533, -0.131], [21.674, -0.261]]",0.0,1.4326,13.0934,0.0,-0.5695,1.8986,4.0,0.0,ok,11.873,0.0,0.0,0.0,0.0,0.0,0.0,0.0,0.0,0.0,17723c0411434e48875a93de4db0ecba,scene-0796,44
2.5626,4.8616,5.6318,2.0373,3.1366,4.0467,0.0,0.0,0.0,0.0,0.0,0.0,0.0,0.0,0.0,ok,straight,2.5626,5.4324,5.6318,2.0373,3.2793,4.1418,False,"[-0.0653, -0.0653, -0.0653, -0.3916, -1.436, -0.6527, -0.1305, -2.8068]","[-90.0542, -2950.5489, -4612.1588, -6261.4618, -11094.9017, -33022.1568, -49804.6328, -110841.4122]","[3.9659, -1002948.051, -1004609.2536, -1006258.9638, -1011091.9964, -1033019.2516, -1049801.7275, -1110838.9142]","[4.142, 4.238, 2.856, 3.959, 3.105, 3.521, 6.898, 9.285]",2.0688,0.0,0.0,0.0,0.0,0.0,0.0,0.0,0.0,0.0,2.8562,8.0,2.5626,0.5771,5.6318,2.0373,1.3509,2.8562,"[[4.542, 0.0], [9.396, 0.0], [14.25, -0.131], [18.248, -0.131], [23.387, -0.131], [29.669, -0.131]]",0.0,4.8554,0.0,0.0,1.9284,1.2856,4.0,0.0,ok,9.285,0.0,0.0,0.0,0.0,0.0,0.0,0.0,0.0,0.0,61d47d1198184bfdaa6777e9448d825d,scene-0796,44
2.7184,5.3317,6.4327,2.1287,3.4456,4.5006,0.0,0.0,0.0,0.0,0.0,0.0,0.0,0.0,0.0,ok,straight,2.433,5.9027,6.4327,1.8433,3.4457,4.5007,False,"[-0.1305, -0.1305, -1.3708, -0.1305, -0.0653, -0.2611, -0.0653, -0.0653]","[-33.7706, -483.0512, -437.1711, -1493.1685, -1509.4468, -2016.7423, -2126.4334, -2261.6227]","[3.9543, 3.3904, -1000435.1304, -1001491.1278, -1001507.4137, -1002014.7091, -1002124.3927, -1002259.5895]","[4.501, 3.978, 4.892, 5.262, 3.603, 3.787, 3.461, 2.652]",0.7864,0.0,0.0,0.0,0.0,0.0,0.0,0.0,0.0,0.0,2.6517,8.0,2.433,4.4751,3.0457,1.8433,2.6614,2.6517,"[[4.828, 0.0], [9.682, 0.0], [13.965, -0.131], [18.248, -0.131], [23.387, -0.131], [29.669, -0.261]]",0.0,1.4276,3.387,0.0,0.7843,1.8489,5.0,0.0,ok,5.262,0.0,0.0,0.0,0.0,0.0,0.0,0.0,0.0,0.0,fa51f1910942494cbe396640010fea64,scene-0796,44
2.6063,4.1138,4.4004,1.9722,2.8802,3.2424,0.0,0.0,0.0,0.0,0.0,0.0,0.0,0.0,0.0,ok,straight,2.3208,4.1138,1.2683,1.9721,2.8801,2.4348,True,"[-0.0653, -0.1305, -0.1305, -0.6527, -0.1305, -0.1305, -0.2611, -0.0]","[-569.9879, -118.4993, -156.0538, -251.5537, -1535.5033, -18945.0324, -613246.149, -729627.0411]","[2.6421, 2.3187, 2.2977, -0.4487, -1001534.0735, -1018943.6235, -1613244.7193, -1729625.6322]","[2.435, 3.242, 3.242, 3.383, 3.576, 3.588, 9.498, 9.715]",2.7759,0.0,0.0,0.0,0.0,0.0,0.0,0.0,0.0,0.0,2.4348,8.0,2.3208,4.1138,1.2683,1.9721,2.8801,2.4348,"[[4.257, 0.0], [9.396, -0.131], [13.965, -0.131], [18.819, -0.131], [26.528, -0.261], [32.81, -0.131]]",0.0,0.0,0.0,0.0,0.0,0.0,0.0,1.0,ok,9.7152,0.0,0.0,0.0,0.0,0.0,0.0,0.0,0.0,0.0,604d12ebcf784c3f945189f79262f19c,scene-0797,44
1.8111,4.2331,8.9695,1.285,2.3946,4.2351,0.0,0.0,0.0,0.0,0.0,0.0,0.0,0.0,0.0,ok,straight,1.8111,4.2331,11.8245,1.285,2.6087,5.044,False,"[-0.0653, -0.1958, -0.0653, -0.0653, -0.0653, -0.5222, -0.2611, -0.1305]","[-639.2936, -768.8823, -1202.4265, -1239.6285, -1385.1082, -26164.4581, -38941.4136, -153272.9455]","[4.3399, -1000768.1173, -1001199.3508, -1001238.8636, -1001384.3433, -1026161.3824, -1038938.3379, -1153272.1806]","[5.044, 3.369, 4.568, 5.839, 4.411, 6.334, 6.52, 9.957]",1.8708,0.0,0.0,0.0,0.0,0.0,0.0,0.0,0.0,0.0,3.369,8.0,1.2405,4.2331,7.0019,0.8124,2.3724,3.369,"[[4.828, 0.0], [9.682, 0.0], [15.107, -0.131], [19.104, -0.131], [25.957, -0.131], [32.524, -0.131]]",0.5706,0.0,4.8226,0.4726,0.2363,1.675,3.0,0.0,ok,9.9572,0.0,0.0,0.0,0.0,0.0,0.0,0.0,0.0,0.0,b285e88bcfe943ae9d5a398f11bff413,scene-0797,44
1.3609,3.1973,3.5469,0.9617,1.9123,2.3837,0.0,0.0,0.0,0.0,0.0,0.0,0.0,0.0,0.0,ok,straight,1.3609,3.1973,3.5469,0.9617,1.7696,2.2885,True,"[-0.0, -0.0, -0.0, -0.0, -0.0653, -0.0, -0.0653, -0.0653]","[-151.0101, -485.0147, -534.7285, -759.1775, -84.9713, -849.6309, -1716.2004, -5166.7399]","[3.857, 3.6244, 3.5926, 3.4493, 1.8336, -1000847.2303, -1001713.7997, -1005164.3585]","[2.289, 2.622, 2.146, 2.669, 3.193, 2.86, 3.145, 2.48]",0.3525,0.0,0.0,0.0,0.0,0.0,0.0,0.0,0.0,0.0,2.1458,8.0,1.3609,1.7697,3.5469,0.9617,1.5554,2.1458,"[[1.116, 0.0], [2.258, 0.0], [3.115, 0.0], [4.542, 0.0], [4.542, 0.0], [5.113, 0.0]]",0.0,1.4276,0.0,0.0,0.2141,0.1428,1.0,0.0,ok,3.193,0.0,1.0,1.0,0.0,1.0,1.0,0.0,0.5,0.6666666666666666,6434e21a18934c759cddbec6254d66d2,scene-0797,44
1.3908,3.3339,4.7628,1.1816,1.9703,2.6632,0.0,0.0,0.0,0.0,0.0,0.0,0.0,0.0,0.0,ok,straight,2.533,3.6194,4.7628,2.1809,2.8269,3.2818,False,"[-0.0, -0.0, -0.0, -0.0, -0.0, -0.0653, -0.0, -0.0653]","[-68.528, -80.6971, -85.0361, -109.1927, -844.3384, -211.8421, -592.0492, -3856.1062]","[2.7971, 2.7935, 2.7899, 2.7635, 2.1565, 0.3693, -1000590.3699, -1003854.427]","[3.282, 2.711, 2.711, 4.091, 4.043, 3.758, 2.806, 2.188]",0.6597,0.0,0.0,0.0,0.0,0.0,0.0,0.0,0.0,0.0,2.1876,8.0,1.3908,3.3339,4.7645,1.1816,1.9703,2.1876,"[[1.973, 0.0], [2.829, 0.0], [3.686, 0.0], [3.971, 0.0], [3.971, 0.0], [5.113, 0.0]]",1.1421,0.2855,-0.0017,0.9994,0.8566,1.0942,4.0,0.0,ok,4.0908,0.0,1.0,0.0,0.0,1.0,1.0,0.0,0.5,0.5,ea79b764adb244969b8df0897674695d,scene-0797,44
1.8853,4.2028,4.2641,1.5007,2.6396,3.255,0.0,0.0,0.0,0.0,0.0,0.0,0.0,0.0,0.0,ok,straight,1.8853,3.0607,6.2628,1.5007,2.0686,3.1123,True,"[-0.0, -0.0, -0.0, -0.1305, -0.1958, -0.0, -0.0, -0.0653]","[-45.3263, -69.9754, -267.9498, -101.1571, -396.8655, -300.9679, -16317.1134, -220028.7642]","[2.9807, 2.98, 2.9776, 1.1443, 0.2225, -1000299.0867, -1016315.2319, -1220026.8827]","[3.112, 3.16, 2.779, 3.685, 3.307, 2.5, 3.214, 7.209]",1.3955,0.0,0.0,0.0,0.0,0.0,0.0,0.0,0.0,0.0,2.5003,8.0,1.8853,4.2028,1.1611,1.5007,2.6396,2.5003,"[[1.116, 0.0], [1.973, 0.0], [2.544, 0.0], [3.971, 0.0], [5.97, 0.0], [9.396, 0.0]]",0.0,-1.1421,5.1016,0.0,-0.5711,0.6119,2.0,0.0,ok,7.2091,0.0,1.0,1.0,0.0,1.0,1.0,0.0,0.5,0.6666666666666666,154dbc8467d64780a1acffda0193d46b,scene-0798,44
2.1543,6.24,10.808,1.6666,3.5158,5.4868,0.0,0.0,1.0,0.0,0.0,1.0,0.0,0.0,0.16666666666666666,ok,straight,2.1543,5.9545,10.808,1.6666,3.3734,5.3918,True,"[-0.0653, -0.0653, -0.1305, -0.1305, -0.2611, -0.0653, -0.1305, -6.9844]","[-115.6957, -166.7738, -487.3137, -1211.1581, -1226.6981, -4386.4387, -6277.2649, -33045.7142]","[3.9042, 3.8172, -1000484.3605, -1001208.2049, -1001223.827, -1004383.4855, -1006274.3938, -1033042.8432]","[5.392, 5.487, 3.965, 4.583, 4.207, 3.932, 5.294, 6.816]",0.9203,0.0,0.0,1.0,0.0,0.0,1.0,0.0,0.0,0.16666666666666666,3.9323,8.0,2.1543,5.9545,4.0492,1.6666,3.3734,3.9323,"[[1.687, 0.0], [3.686, 0.0], [4.828, 0.131], [6.827, 0.0], [8.254, 0.0], [9.111, -0.131]]",0.0,0.0,6.7588,0.0,0.0,1.4596,5.0,0.0,ok,6.8158,0.0,0.0,0.0,0.0,0.0,0.0,0.0,0.0,0.0,c9627fc5be4e465f95dc19a358dc53c2,scene-0798,44
2.2123,5.1126,6.7278,1.7279,3.1486,4.322,0.0,0.0,0.0,0.0,0.0,0.0,0.0,0.0,0.0,ok,straight,2.2123,3.3953,6.7278,1.7279,2.4335,3.8453,True,"[-0.0653, -0.1305, -0.0653, -0.1305, -0.0, -0.5222, -1.7624, -0.5875]","[-595.5623, -378.0065, -30.0333, -1321.6687, -11772.5507, -16247.3788, -91222.2423, -95125.5688]","[4.4852, 4.3725, 3.7897, -1001319.2015, -1011769.3734, -1016244.9116, -1091219.7751, -1095122.3915]","[3.845, 2.768, 4.274, 3.989, 6.558, 3.083, 5.986, 5.158]",1.2555,0.0,0.0,0.0,0.0,0.0,0.0,0.0,0.0,0.0,2.7676,8.0,2.2123,3.3953,3.6125,1.7279,2.4335,2.7676,"[[3.115, 0.0], [6.541, 0.0], [10.253, -0.131], [13.965, 0.0], [15.393, 0.131], [19.39, 0.131]]",0.0,0.0,3.1153,0.0,0.0,1.0776,2.0,0.0,ok,6.5578,0.0,0.0,1.0,0.0,0.0,1.0,0.0,0.0,0.16666666666666666,eda45e041045428a90be43f94abbcbda,scene-0798,44
5.7081,11.8937,17.0142,4.2224,7.2396,10.032,0.0,1.0,1.0,0.0,1.0,1.0,0.0,0.25,0.5,ok,straight,5.7081,12.1792,18.7292,4.2224,7.3109,10.7461,False,"[-0.0, -0.0653, -0.0653, -0.0653, -2.1541, -0.1305, -0.1305, -0.3264]","[-139.6631, -74.5577, -182.8698, -190.4493, -738.3895, -1423.7667, -5413.7371, -8836.7091]","[3.312, 3.2357, 3.2001, 3.1996, -1000736.2712, -1001421.6465, -1005411.6189, -1008834.589]","[10.746, 9.937, 10.222, 10.08, 9.652, 8.416, 10.508, 8.184]",0.8781,0.0,1.0,1.0,0.0,1.0,1.0,0.0,0.25,0.5,8.1835,8.0,5.7081,12.1792,11.9151,4.2224,7.3109,8.1835,"[[1.973, 0.0], [3.686, 0.0], [5.399, 0.0], [6.541, 0.0], [6.827, -0.131], [8.825, 0.0]]",0.0,0.0,6.8141,0.0,0.0,2.5626,7.0,0.0,ok,10.7461,0.0,0.0,1.0,0.0,0.0,1.0,0.0,0.0,0.3333333333333333,ea69963e431145e383f0c05cd30116c7,scene-0798,44
3.1942,4.91,5.5535,2.6324,3.4185,4.2433,0.0,0.0,0.0,0.0,0.0,0.0,0.0,0.0,0.0,ok,straight,3.1942,4.91,8.4082,2.7752,3.4898,4.9094,False,"[-0.0653, -0.0, -0.0653, -0.1305, -1.5013, -0.2611, -0.3916, -8.2899]","[-96.3796, -286.782, -124.5291, -152.2764, -456.0466, -894.4733, -2319.256, -25641.645]","[2.3483, 2.3325, 2.3275, 2.2997, 1.7666, -1000893.0417, -1002317.8419, -1025640.2135]","[4.909, 3.484, 4.862, 5.196, 4.08, 3.483, 3.019, 5.643]",0.888,0.0,0.0,0.0,0.0,0.0,0.0,0.0,0.0,0.0,3.0185,8.0,3.1942,4.91,3.9048,2.6324,3.4185,3.0185,"[[3.4, 0.0], [7.398, 0.0], [11.966, -0.131], [15.393, -0.131], [18.248, -0.131], [21.96, -0.131]]",0.0,0.0,4.5034,0.1427,0.0714,1.8909,5.0,0.0,ok,5.6435,0.0,0.0,1.0,0.0,0.0,1.0,0.0,0.0,0.16666666666666666,2eef1a0ab4484a1faa73e7c2a048149e,scene-0799,44
1.8682,3.3312,4.0466,1.3867,2.1659,2.9806,0.0,0.0,0.0,0.0,0.0,0.0,0.0,0.0,0.0,ok,straight,1.8682,3.3312,3.4762,1.3867,2.1659,2.8856,True,"[-0.0653, -3.5901, -0.1305, -0.2611, -0.0653, -0.0653, -2.0235, -0.0653]","[-552.6173, -1751.6424, -123000.1564, -127062.1281, -3750.2759, -10694.9614, -12079.9596, -44820.9549]","[-1000550.6583, -1001749.6834, -1122998.1973, -1127060.1691, -2004460.6367, -2011405.3222, -2012790.3203, -2045531.3156]","[2.886, 4.266, 4.397, 5.569, 2.87, 3.014, 2.21, 2.626]",1.067,0.0,0.0,0.0,0.0,0.0,0.0,0.0,0.0,0.0,2.2095,8.0,0.7077,6.472,3.77,0.473,2.1424,2.2095,"[[4.542, 0.0], [9.111, 0.0], [13.965, -0.131], [18.819, -0.131], [22.531, -0.131], [29.669, -0.131]]",1.1605,-3.1408,-0.2939,0.9137,0.0235,0.676,3.0,0.0,ok,5.5688,0.0,0.0,0.0,0.0,0.0,0.0,0.0,0.0,0.0,aab42793af6b4563a8ef228423189163,scene-0799,44
5.2553,9.6615,14.7308,3.6926,5.9349,8.2611,0.0,0.0,1.0,0.0,0.0,1.0,0.0,0.0,0.16666666666666666,ok,straight,5.2553,8.8069,14.4452,3.6926,5.4357,7.8807,True,"[-0.0653, -0.0653, -0.0653, -0.0653, -0.0, -0.0, -0.1958, -0.1958]","[-723.508, -1006.261, -282.531, -558.6614, -3905.0904, -3910.2769, -8922.9672, -22869.6182]","[3.8927, 3.8533, 2.3806, 2.3422, -1003902.0604, -1003907.2469, -1008921.5107, -1022868.1618]","[7.881, 8.547, 8.262, 8.166, 9.404, 9.404, 6.254, 8.547]",0.9313,0.0,0.0,1.0,0.0,0.0,1.0,0.0,0.0,0.16666666666666666,6.2541,8.0,5.2553,9.6615,4.4024,3.6926,5.8635,6.2541,"[[2.829, 0.0], [4.542, 0.0], [8.54, 0.0], [10.539, 0.0], [13.108, -0.131], [14.536, -0.131]]",0.0,-0.8547,10.0429,0.0,-0.4278,1.6266,1.0,0.0,ok,9.4039,0.0,0.0,1.0,0.0,0.0,1.0,0.0,0.0,0.16666666666666666,fea20913dc8749788096a7c41b087d59,scene-0799,44
4.0345,8.0367,13.0569,2.9905,4.7136,6.6425,0.0,0.0,0.0,0.0,0.0,0.0,0.0,0.0,0.0,ok,straight,3.1791,8.0433,11.6235,2.4201,4.4314,6.2109,True,"[-0.5222, -0.2611, -0.5222, -0.2611, -5.6789, -0.0653, -0.0653, -0.2611]","[-950.7854, -442.9636, -900.1068, -4838.3516, -5531.6335, -5928.748, -6715.6377, -23694.2698]","[2.3563, -1000441.5826, -1000898.3059, -1004836.9706, -1005530.2525, -1005926.9471, -1006713.8368, -1023692.4689]","[6.211, 7.35, 5.875, 5.59, 9.127, 7.317, 6.674, 5.249]",1.1697,0.0,0.0,0.0,0.0,0.0,0.0,0.0,0.0,0.0,5.2488,8.0,4.0345,4.8931,3.3287,2.9905,3.9277,5.2488,"[[2.829, 0.0], [5.97, 0.0], [8.54, -0.392], [10.539, -0.653], [15.393, -0.914], [17.391, -1.044]]",-0.8554,3.1502,8.2948,-0.5704,0.5037,0.9621,3.0,0.0,ok,9.1268,0.0,0.0,0.0,0.0,0.0,0.0,0.0,0.0,0.0,e443b4ca9e474278b7147c4daaf67eca,scene-0799,44
6.3963,13.0321,22.5097,4.7212,7.9706,11.8963,0.0,0.0,0.0,0.0,0.0,0.0,0.0,0.0,0.0,ok,straight,6.3963,13.0321,22.5097,4.7212,7.9706,11.8963,False,"[-0.0, -0.0, -0.3916, -0.1305, -0.1305, -0.0, -0.0653, -0.1958]","[-64.1788, -113.7211, -137.141, -1878.0068, -2872.9196, -3845.6921, -12733.8204, -35877.4713]","[5.1725, 3.9301, 0.8035, -1001874.364, -1002869.2768, -1003843.2874, -1012730.1776, -1035875.0666]","[11.896, 11.849, 10.805, 11.468, 10.469, 11.563, 10.184, 9.186]",0.8872,0.0,0.0,0.0,0.0,0.0,0.0,0.0,0.0,0.0,9.1856,8.0,6.3963,13.0321,18.2306,4.5784,7.8993,9.1856,"[[1.973, 0.0], [3.686, 0.0], [5.97, 0.0], [7.683, 0.0], [9.111, 0.0], [9.111, 0.0]]",0.0,0.0,4.2791,0.1428,0.0714,2.7107,7.0,0.0,ok,11.8963,0.0,0.0,0.0,0.0,0.0,0.0,0.0,0.0,0.0,94cd383effba4e688570233a060a13f4,scene-0800,44
2.4371,5.1722,8.3743,1.8361,3.1957,4.6838,0.0,0.0,0.0,0.0,0.0,0.0,0.0,0.0,0.0,ok,straight,2.4371,5.1722,8.3743,1.8361,3.1957,4.6362,True,"[-0.0653, -0.0653, -0.0653, -0.3264, -0.0653, -0.1305, -0.5875, -0.1958]","[-14.8817, -828.4143, -1529.6252, -1920.3347, -4699.8054, -27691.4151, -116157.1418, -742130.9791]","[3.4862, 3.4609, -1001527.3281, -1001918.0376, -1004697.4864, -1027689.0961, -1116154.8228, -1742128.682]","[4.636, 3.876, 3.642, 3.736, 3.64, 4.657, 7.796, 9.466]",2.0709,0.0,0.0,0.0,0.0,0.0,0.0,0.0,0.0,0.0,3.6395,8.0,2.4371,5.1722,6.9467,1.8361,3.1957,3.6395,"[[4.257, 0.0], [8.54, 0.0], [12.537, 0.0], [16.82, -0.131], [20.818, -0.131], [24.53, -0.131]]",0.0,0.0,1.4276,0.0,0.0,0.9967,4.0,0.0,ok,9.4665,0.0,0.0,0.0,0.0,0.0,0.0,0.0,0.0,0.0,3c260dca3274465eaf38dd6c0a7d7872,scene-0800,44
4.3124,7.9978,10.0728,3.0451,5.0344,6.4755,0.0,0.0,0.0,0.0,0.0,0.0,0.0,0.0,0.0,ok,left,4.3124,8.1576,9.8675,3.0451,4.9962,6.5179,False,"[1.3708, 0.0, 0.0, 0.2611, 0.4569, 0.2611, 0.8486, -0.0653]","[-345.4679, -823.4866, -39.1181, -3627.3229, -3725.1662, -5148.9681, -95278.6074, -986723.015]","[4.4438, 1.4872, 1.2718, -1003625.6312, -1003723.2566, -1005147.2764, -1095276.9157, -1986721.1054]","[6.518, 6.36, 6.292, 5.097, 5.296, 6.478, 6.624, 12.563]",2.2066,0.0,0.0,0.0,0.0,0.0,0.0,0.0,0.0,0.0,5.0974,8.0,4.3124,7.4367,2.6408,3.0451,4.8941,5.0974,"[[3.686, 0.0], [6.541, 0.0], [10.253, 0.261], [12.823, 1.175], [16.535, 1.305], [20.532, 2.742]]",0.0,0.721,7.2267,0.0,0.1021,1.4205,5.0,0.0,ok,12.563,0.0,0.0,0.0,0.0,0.0,0.0,0.0,0.0,0.0,62c4690878a04a909a6c48a4e2c22d42,scene-0800,44
1.4019,2.0337,3.3441,0.9405,1.3172,2.0145,0.0,0.0,0.0,0.0,0.0,0.0,0.0,0.0,0.0,ok,left,1.4019,1.1805,3.3441,0.9405,1.1039,1.8723,True,"[0.8486, -0.9791, 8.2899, 0.9791, 0.5222, 0.8486, -0.8486, -3.4596]","[-718.4467, -490.3502, -32248.7711, -167057.9616, -720.4984, -900.0003, -3517.5737, -31257.5896]","[2.0222, -1000488.891, -1032247.3119, -1167056.5024, -2001814.8031, -2001994.305, -2004611.8783, -2032351.8943]","[1.872, 1.679, 4.32, 4.85, 3.011, 3.379, 3.642, 5.846]",1.3321,0.0,0.0,0.0,0.0,0.0,0.0,0.0,0.0,0.0,1.6788,8.0,1.4019,1.1805,5.0348,0.9405,1.1039,1.6788,"[[4.542, 0.0], [8.825, 0.131], [13.965, 0.261], [19.104, 0.783], [21.674, 0.783], [26.528, 1.697]]",0.0,0.0,-1.6907,0.0,0.0,0.1935,1.0,0.0,ok,5.8459,0.0,0.0,0.0,0.0,0.0,0.0,0.0,0.0,0.0,f5be8cc937e74e84b8d73e2074658382,scene-0800,44
1.7868,2.2917,1.7806,1.2018,1.7876,1.9238,0.0,0.0,0.0,0.0,0.0,0.0,0.0,0.0,0.0,ok,straight,1.7868,2.2917,1.7806,1.2018,1.7876,1.9238,False,"[-0.0653, -0.0653, -0.0653, -0.3916, -0.0653, -0.0653, -0.0653, -0.0653]","[-111.699, -325.6978, -357.8429, -1319.1743, -2812.5334, -15498.1326, -66596.0461, -91498.6814]","[3.4997, 3.4396, 3.4386, -1001316.7119, -1002810.0709, -1015495.6701, -1066593.6375, -1091496.2727]","[1.924, 2.162, 2.319, 1.594, 1.623, 3.007, 7.609, 4.138]",1.8947,0.0,0.0,0.0,0.0,0.0,0.0,0.0,0.0,0.0,1.5943,8.0,1.7868,2.2917,2.1216,1.2018,1.7876,1.5943,"[[5.113, 0.0], [10.253, 0.0], [15.107, -0.131], [20.818, -0.131], [25.957, -0.131], [32.239, -0.131]]",0.0,0.0,-0.341,0.0,0.0,0.3295,2.0,0.0,ok,7.6092,0.0,0.0,1.0,0.0,0.0,1.0,0.0,0.0,0.3333333333333333,63e3bc947eed4823b00e1beadecd3be3,scene-0802,44
3.9556,8.3733,12.6832,3.0288,5.3092,7.5927,0.0,0.0,0.0,0.0,0.0,0.0,0.0,0.0,0.0,ok,straight,3.9556,9.2299,19.5377,3.0288,5.5233,9.3547,False,"[-0.0653, -0.1958, -0.0653, -0.0653, -0.0653, -7.0497, -8.2899, -0.0]","[-116.0985, -115.5132, -438.0238, -2988.0364, -7385.7044, -10068.1655, -15660.6579, -18989.4043]","[4.9615, 4.922, 4.9149, -1002986.3012, -1007383.9692, -1010066.4303, -1015657.266, -1018987.6691]","[9.355, 7.594, 7.545, 6.023, 6.357, 6.296, 9.73, 4.55]",1.6298,0.0,0.0,0.0,0.0,0.0,0.0,0.0,0.0,0.0,4.5498,8.0,1.9579,4.6642,2.4077,1.7445,3.2405,4.5498,"[[3.115, 0.0], [6.541, 0.0], [9.111, -0.131], [11.11, -0.131], [11.395, 0.261], [11.395, 0.131]]",1.9977,4.5658,17.13,1.2843,2.2828,4.8049,6.0,0.0,ok,9.7298,0.0,0.0,0.0,0.0,0.0,0.0,0.0,0.0,0.0,1d944d3936de4206be42d584a884635f,scene-0802,44
1.9095,3.63,3.6753,1.3471,2.2687,2.8317,0.0,0.0,0.0,0.0,0.0,0.0,0.0,0.0,0.0,ok,straight,1.9095,3.63,3.6753,1.3471,2.2687,2.8317,False,"[-0.0653, -2.0235, -0.0, -0.1305, -0.1958, -0.0653, -0.1305, -0.8486]","[-24.8236, -5544.9793, -55269.2876, -720576.3208, -3584.5751, -10090.548, -53247.133, -536144.6745]","[3.4293, -1005542.7598, -1055267.0681, -1720574.1013, -2005484.7489, -2011990.7219, -2055147.3069, -2538044.8483]","[2.832, 3.258, 3.656, 9.463, 2.315, 2.528, 4.62, 8.542]",2.61,0.0,0.0,0.0,0.0,0.0,0.0,0.0,0.0,0.0,2.3153,8.0,3.0543,1.5196,5.4064,1.634,1.8133,2.3153,"[[4.828, 0.0], [9.396, 0.0], [14.25, -0.131], [19.104, -0.131], [24.815, -0.131], [31.097, -0.131]]",-1.1448,2.1104,-1.7311,-0.2869,0.4554,0.5164,2.0,0.0,ok,9.4626,0.0,0.0,0.0,0.0,0.0,0.0,0.0,0.0,0.0,aadad53902494b81bf5b1c332f423760,scene-0802,44
1.9044,3.8776,5.2899,1.4557,2.4755,3.305,0.0,0.0,0.0,0.0,0.0,0.0,0.0,0.0,0.0,ok,straight,1.9044,3.8776,5.0046,1.4557,2.4755,3.2574,True,"[-0.0653, -0.0653, -0.1958, -0.0653, -0.0653, -1.0444, -0.5875, -0.0653]","[-23.2507, -223.9014, -242.7312, -3065.8157, -11174.7549, -11842.0115, -17597.9385, -130591.074]","[3.4606, 3.4558, 3.0694, -1003063.4832, -1011172.4223, -1011839.6789, -1017595.6059, -1130588.7415]","[3.257, 3.695, 3.925, 2.497, 2.816, 3.009, 9.281, 7.634]",2.3526,0.0,0.0,0.0,0.0,0.0,0.0,0.0,0.0,0.0,2.4965,8.0,1.9044,0.4539,5.0046,1.4557,1.3341,2.4965,"[[5.113, 0.0], [10.253, 0.0], [15.107, -0.131], [20.532, -0.131], [25.957, -0.131], [31.097, -0.131]]",0.0,3.4237,0.0,0.0,1.1414,0.7609,3.0,0.0,ok,9.2814,0.0,0.0,0.0,0.0,0.0,0.0,0.0,0.0,0.0,f00d1ed58ab84a1a90b86e6e92838efe,scene-0802,44
1.7919,2.5289,3.2337,1.2859,1.8121,2.2155,0.0,0.0,0.0,0.0,0.0,0.0,0.0,0.0,0.0,ok,straight,1.7919,2.5289,3.2337,1.2859,1.8835,2.2147,True,"[-0.0653, -0.0653, -0.0653, -1.1097, -0.1305, -0.0, -0.1958, -0.5222]","[-31.1493, -245.6154, -479.5819, -262.1592, -593.1089, -699.8327, -1045.8901, -23615.957]","[4.1431, 4.0575, 4.0269, 1.1474, -1000589.9813, -1000696.7627, -1001042.7625, -1023612.887]","[2.215, 2.741, 2.215, 3.374, 1.863, 2.05, 4.604, 4.05]",0.9495,0.0,0.0,0.0,0.0,0.0,0.0,0.0,0.0,0.0,1.8628,8.0,1.7919,2.5289,0.55,1.2859,1.8835,1.8628,"[[2.258, 0.0], [5.113, 0.0], [7.683, 0.0], [9.968, 0.0], [12.252, -0.131], [15.393, -0.131]]",0.0,0.0,2.6837,0.0,0.0,0.3519,2.0,0.0,ok,4.6042,0.0,0.0,0.0,0.0,0.0,0.0,0.0,0.0,0.0,4e04d32a9949430287c14d49851f6f55,scene-0904,44
1.2387,1.0143,0.2068,0.9359,0.9493,0.8504,0.0,0.0,0.0,0.0,0.0,0.0,0.0,0.0,0.0,ok,straight,1.2387,1.0143,0.2068,0.9359,1.0206,0.8979,False,"[-0.0, -0.0, -0.3264, -0.0653, -0.3264, -0.0, -0.3264, -0.6527]","[-57.387, -179.2973, -2973.4496, -6274.0011, -39990.9388, -50087.9746, -66315.1899, -990296.1167]","[3.5375, 3.5242, -1002971.3237, -1006271.8882, -1039988.813, -1050085.8616, -1066313.064, -1990294.0038]","[0.898, 0.804, 1.581, 1.72, 2.55, 4.593, 10.851, 10.251]",3.8594,0.0,0.0,0.0,0.0,0.0,0.0,0.0,0.0,0.0,0.8038,8.0,1.2387,1.0143,0.2068,0.6536,0.8795,0.8038,"[[3.115, 0.0], [6.541, 0.0], [9.396, 0.0], [12.252, 0.0], [15.393, 0.0], [17.391, 0.0]]",0.0,0.0,0.0,0.2823,0.1411,0.0941,1.0,0.0,ok,10.8511,0.0,0.0,0.0,0.0,0.0,0.0,0.0,0.0,0.0,5515e95e3a9e488b98ea8c6979d39002,scene-0904,44
1.6473,3.2097,3.8391,1.0746,1.77,2.3918,0.0,0.0,0.0,0.0,0.0,0.0,0.0,0.0,0.0,ok,straight,1.6473,3.2097,3.8391,1.0746,1.77,2.3918,False,"[-0.0653, -0.2611, -0.8486, -0.0653, -0.0, -0.8486, -0.0653, -0.0653]","[-323.5839, -681.763, -469.939, -1508.7048, -3131.9203, -5072.7414, -6340.0031, -10493.2907]","[3.8088, 3.1218, 1.4553, -1001506.4561, -1003129.6716, -1005070.5055, -1006337.7672, -1010491.042]","[2.392, 2.776, 1.534, 2.108, 2.299, 1.679, 2.145, 3.25]",0.5202,0.0,0.0,0.0,0.0,0.0,0.0,0.0,0.0,0.0,1.534,8.0,1.6473,0.9258,2.8143,1.0746,1.3443,1.534,"[[2.829, 0.0], [5.113, 0.0], [8.54, -0.131], [10.539, -0.131], [13.679, -0.131], [16.249, -0.131]]",0.0,2.284,1.0248,0.0,0.4257,0.8578,5.0,0.0,ok,3.2502,0.0,0.0,0.0,0.0,0.0,0.0,0.0,0.0,0.0,c3177f4c31224fcb9b95f0d18bcfc2ca,scene-0904,44
0.4376,0.9059,2.6354,0.3119,0.5132,0.8673,0.0,0.0,0.0,0.0,0.0,0.0,0.0,0.0,0.0,ok,straight,0.4344,0.3468,2.0652,0.3103,0.3727,0.6786,True,"[-0.0653, -0.1305, -0.0653, -0.5222, -0.1305, -0.1305, -0.0653, -0.3916]","[-299.0252, -1933.0506, -12670.5507, -45157.9892, -3005.7378, -7211.4056, -10425.7306, -892652.0551]","[3.8386, -1001930.3866, -1012667.8867, -1045155.3252, -2003862.6762, -2008068.3439, -2011282.669, -2893508.9935]","[0.679, 1.141, 1.771, 10.964, 2.652, 2.961, 1.864, 11.704]",4.17,0.0,0.0,0.0,0.0,0.0,0.0,0.0,0.0,0.0,0.6786,8.0,0.4344,0.3468,2.0652,0.3103,0.3727,0.6786,"[[3.115, 0.0], [5.399, 0.0], [9.396, -0.131], [12.252, -0.131], [15.393, -0.131], [19.39, -0.131]]",0.0,0.0,0.0,0.0,0.0,0.0,0.0,1.0,ok,11.7044,0.0,0.0,0.0,0.0,0.0,0.0,0.0,0.0,0.0,666ce1928a0d4f4f9d06bf28e81b98f0,scene-0904,44
2.3319,5.1089,7.3525,1.7871,3.0744,4.3608,0.0,0.0,0.0,0.0,0.0,0.0,0.0,0.0,0.0,ok,straight,2.3319,5.1089,7.3525,1.7871,3.0744,4.3608,False,"[-0.0653, -0.1305, -0.3916, -0.718, -0.0653, -0.1958, -0.3916, -0.7833]","[-12.849, -55.7258, -641.0664, -2156.9899, -3612.0273, -3773.5104, -6725.9627, -8092.9901]","[3.3899, 3.1282, -1000639.8237, -1002155.7472, -1003610.7855, -1003772.2686, -1006724.7208, -1008091.7482]","[4.361, 3.7, 3.927, 3.772, 3.51, 2.003, 2.556, 3.86]",0.732,0.0,0.0,0.0,0.0,0.0,0.0,0.0,0.0,0.0,2.003,8.0,2.3319,1.4366,0.6103,1.7871,1.798,2.003,"[[1.973, 0.0], [4.257, 0.0], [6.541, 0.0], [8.54, -0.131], [10.539, -0.131], [13.108, -0.131]]",0.0,3.6723,6.7422,0.0,1.2765,2.3578,7.0,0.0,ok,4.3608,0.0,0.0,0.0,0.0,0.0,0.0,0.0,0.0,0.0,bc94beb70f694ee8a0399c4e7e1fc2d0,scene-0905,44
0.5974,0.6423,2.5928,0.4871,0.5249,1.0114,0.0,0.0,0.0,0.0,0.0,0.0,0.0,0.0,0.0,ok,straight,0.5974,0.6423,1.7325,0.4871,0.5249,1.0516,False,"[-0.0, -0.0, -0.0653, -0.2611, -1.8277, -0.1305, -0.1958, -0.0653]","[-467.772, -871.3266, -846.9058, -1250.7048, -3955.8393, -4441.1614, -15678.114, -841988.2942]","[3.8918, 3.8893, 3.7762, -1001247.756, -1003952.8905, -1004438.2116, -1015675.1642, -1841985.3444]","[1.052, 1.441, 1.524, 1.536, 1.87, 1.427, 2.53, 9.618]",2.6736,0.0,0.0,0.0,0.0,0.0,0.0,0.0,0.0,0.0,1.0516,8.0,0.5974,0.6423,1.7325,0.4871,0.5249,1.0516,"[[3.4, 0.0], [6.541, 0.0], [10.539, 0.0], [14.25, 0.0], [16.249, -0.131], [20.818, 0.0]]",0.0,0.0,0.0,0.0,0.0,0.0,0.0,1.0,ok,9.6176,0.0,0.0,0.0,0.0,0.0,0.0,0.0,0.0,0.0,4eec53dcb58148d4b95245ad72d00ef7,scene-0905,44
0.8775,3.0901,4.9015,0.7429,1.7989,2.6147,0.0,0.0,0.0,0.0,0.0,0.0,0.0,0.0,0.0,ok,straight,0.8775,3.0908,3.7594,0.5732,1.2863,2.0826,True,"[-0.0653, -0.0653, -0.1305, -0.3264, -0.1958, -0.3916, -0.0653, -0.3264]","[-1111.9318, -33.4425, -5700.4223, -5873.3817, -6209.8441, -7275.2916, -7472.9988, -95761.0701]","[4.5771, 3.1193, -1005697.3771, -1005871.8301, -1006206.7988, -1007273.7399, -1007469.9536, -1095759.5185]","[2.083, 2.329, 2.353, 2.647, 2.044, 1.727, 1.314, 4.508]",0.8921,0.0,0.0,0.0,0.0,0.0,0.0,0.0,0.0,0.0,1.3139,8.0,0.8775,3.0908,1.4751,0.5732,1.2863,1.3139,"[[3.971, -0.131], [6.541, 0.0], [11.11, -0.131], [12.823, 0.0], [16.249, -0.131], [19.961, -0.131]]",0.0,0.0,2.2842,0.0,0.0,0.7688,3.0,0.0,ok,4.508,0.0,0.0,0.0,0.0,0.0,0.0,0.0,0.0,0.0,f2fb282e13784e7c8a28d0d5e1370ad1,scene-0905,44
3.1186,5.5705,7.0457,2.3711,3.7719,4.9507,0.0,0.0,0.0,0.0,0.0,0.0,0.0,0.0,0.0,ok,straight,3.1186,5.5705,8.7584,2.3711,3.7719,5.2362,False,"[-0.0, -0.0653, -0.0, -0.4569, -1.2402, -0.1305, -0.6527, -0.5222]","[-159.3918, -117.6243, -487.1392, -323.7522, -1972.9284, -3440.5055, -6292.1288, -141644.1956]","[3.8444, 3.6828, 3.671, 2.7032, -1001970.4525, -1003438.1959, -1006289.8191, -1141641.886]","[5.236, 4.951, 5.046, 4.204, 5.35, 5.177, 3.011, 10.988]",2.1993,0.0,0.0,0.0,0.0,0.0,0.0,0.0,0.0,0.0,3.0108,8.0,2.2623,5.5705,3.6519,1.8002,3.4865,3.0108,"[[2.258, 0.0], [4.542, 0.0], [6.541, 0.0], [9.396, 0.0], [11.11, 0.0], [13.679, 0.0]]",0.8563,0.0,5.1064,0.5709,0.2854,2.2254,5.0,0.0,ok,10.9878,0.0,0.0,0.0,0.0,0.0,0.0,0.0,0.0,0.0,2a965239bc5f4ceda7369d0325c52377,scene-0905,44
0.2277,1.9221,0.5691,0.1709,0.8641,0.8463,0.0,0.0,0.0,0.0,0.0,0.0,0.0,0.0,0.0,ok,straight,0.2277,0.1437,0.5691,0.1709,0.1364,0.2184,True,"[-0.0653, -0.0653, -0.1958, -0.0, -0.3264, -0.2611, -0.5222, -0.0653]","[-219.7183, -6.311, -3584.207, -5989.8364, -7471.8318, -12087.1237, -131678.4128, -840880.8235]","[5.2745, 4.0389, -1003580.1328, -1005986.9986, -1007467.7576, -1012084.286, -1131675.5751, -1840876.7494]","[0.218, 0.561, 1.314, 1.307, 1.174, 2.495, 8.272, 8.576]",3.1991,0.0,0.0,0.0,0.0,0.0,0.0,0.0,0.0,0.0,0.2184,8.0,0.2277,0.1437,0.5691,0.1709,0.1364,0.2184,"[[3.686, 0.0], [7.398, 0.0], [12.252, -0.131], [16.249, 0.0], [19.104, -0.131], [23.387, -0.131]]",0.0,0.0,0.0,0.0,0.0,0.0,0.0,1.0,ok,8.5763,0.0,0.0,0.0,0.0,0.0,0.0,0.0,0.0,0.0,2fb7b5d1eab24b13abb4e0703850dba9,scene-0906,44
1.7818,4.4523,8.4908,1.4029,2.7125,4.1787,0.0,0.0,0.0,0.0,0.0,0.0,0.0,0.0,0.0,ok,straight,1.7818,4.4523,9.347,1.4029,2.6411,4.4161,False,"[-0.0653, -0.0653, -0.0653, -0.3264, -0.1305, -0.1305, -0.0653, -0.3264]","[-78.6898, -93.7023, -108.967, -244.055, -567.8068, -2690.1195, -5956.812, -108668.6961]","[3.3016, 3.3011, 0.9913, 0.8569, -1000567.9915, -1002690.3043, -1005956.9968, -1108666.5714]","[4.416, 4.274, 4.131, 4.178, 3.75, 3.417, 4.372, 7.509]",1.1781,0.0,0.0,0.0,0.0,0.0,0.0,0.0,0.0,0.0,3.4169,8.0,1.4983,4.4523,3.3501,0.9757,2.4275,3.4169,"[[3.115, 0.0], [6.541, 0.0], [9.396, -0.131], [12.823, -0.131], [15.393, -0.261], [17.391, -0.131]]",0.2835,0.0,5.9969,0.4272,0.2136,0.9991,6.0,0.0,ok,7.5091,0.0,0.0,0.0,0.0,0.0,0.0,0.0,0.0,0.0,9fd8ae00df104af290529a90cc5068b4,scene-0906,44
1.9059,4.3227,5.9127,1.438,2.5074,3.3322,0.0,0.0,0.0,0.0,0.0,0.0,0.0,0.0,0.0,ok,straight,1.9059,4.3227,3.6351,1.438,2.5074,3.095,True,"[-0.0653, -0.1305, -0.1305, -0.2611, -0.2611, -0.1305, -0.1958, -0.2611]","[-271.0568, -111.288, -2731.7747, -2825.9708, -3019.1473, -5346.4883, -7687.0217, -50697.8177]","[2.8409, 1.9333, -1002731.095, -1002825.2911, -1003018.4668, -1005345.8086, -1007686.342, -1050697.1371]","[3.095, 3.332, 3.666, 4.15, 3.998, 3.576, 3.428, 4.124]",0.3635,0.0,0.0,0.0,0.0,0.0,0.0,0.0,0.0,0.0,3.095,8.0,1.9059,4.3227,3.6351,1.438,2.5074,3.095,"[[3.686, 0.0], [7.398, -0.131], [11.11, -0.131], [14.25, -0.131], [17.391, -0.392], [23.387, -0.131]]",0.0,0.0,0.0,0.0,0.0,0.0,0.0,1.0,ok,4.1503,0.0,0.0,0.0,0.0,0.0,0.0,0.0,0.0,0.0,d903747f29c74016a3a702959cf43429,scene-0906,44
3.604,6.2861,9.2504,2.6779,4.1361,5.5841,0.0,0.0,0.0,0.0,0.0,0.0,0.0,0.0,0.0,ok,straight,3.604,6.2861,9.2504,2.6779,4.1361,5.4416,True,"[-0.0653, -0.0653, -0.0653, -0.4569, -0.1305, -0.1305, -0.1958, -0.1958]","[-161.7137, -1029.8007, -1262.8799, -1370.471, -1541.8707, -4202.7043, -8486.6249, -14190.1028]","[3.6958, -1001027.7523, -1001260.8314, -1001368.4213, -1001539.8223, -1004200.6559, -1008484.5752, -1014188.0531]","[5.442, 4.35, 4.681, 5.155, 3.669, 5.06, 5.982, 6.551]",0.8507,0.0,0.0,0.0,0.0,0.0,0.0,0.0,0.0,0.0,3.6688,8.0,3.604,3.1456,4.4286,2.6779,2.9958,3.6688,"[[2.258, 0.0], [4.257, 0.0], [6.541, -0.131], [8.54, -0.131], [11.11, -0.131], [11.681, -0.131]]",0.0,3.1405,4.8218,0.0,1.1403,1.7728,5.0,0.0,ok,6.5507,0.0,0.0,0.0,0.0,0.0,0.0,0.0,0.0,0.0,38b446951ae14bc9bad64c6fdd341ae5,scene-0906,44
0.3719,1.2944,3.6072,0.2523,0.6476,1.4074,0.0,0.0,0.0,0.0,0.0,0.0,0.0,0.0,0.0,ok,right,0.3719,1.3673,3.9505,0.2523,0.8424,1.5945,False,"[3.329, 3.329, -8.2899, 1.6971, -8.2899, -8.2899, 4.8303, 2.8721]","[-703.5373, -16.31, -6816.8842, -8061.1967, -12578.2661, -14064.4288, -27867.6469, -28447.397]","[2.3698, 2.1185, -1006816.7542, -1008060.7484, -1012577.8178, -1014064.2989, -1027867.517, -1028446.9487]","[1.594, 1.43, 6.262, 3.125, 5.611, 6.066, 2.428, 3.163]",1.8586,0.0,0.0,0.0,0.0,0.0,0.0,0.0,0.0,0.0,1.4296,8.0,0.3719,1.2944,3.9505,0.2523,0.5952,1.4296,"[[2.829, -0.131], [5.399, -0.783], [8.825, -1.436], [11.11, -4.178], [13.108, -4.961], [15.964, -6.658]]",0.0,0.0729,0.0,0.0,0.2472,0.1648,1.0,0.0,ok,6.2619,0.0,0.0,0.0,0.0,0.0,0.0,0.0,0.0,0.0,e693989d8ad141608999200df71aca71,scene-0907,44
2.1834,4.8437,9.86,1.6658,2.9381,4.9032,0.0,0.0,0.0,0.0,0.0,0.0,0.0,0.0,0.0,ok,straight,2.1834,5.1292,5.0046,1.6658,3.0094,3.9049,True,"[-0.0653, -0.1305, -0.1305, -0.1305, -0.0, -0.0653, -8.2899, -0.3264]","[-223.9598, -106.6339, -151.351, -158.6012, -6483.3663, -12274.6494, -142340.0395, -307212.8828]","[2.4426, 2.4195, 2.4191, 2.419, -1006481.8811, -1012273.1642, -1142338.5543, -1307211.3975]","[3.905, 4.524, 4.713, 4.808, 5.807, 5.665, 7.902, 8.49]",1.5419,0.0,0.0,0.0,0.0,0.0,0.0,0.0,0.0,0.0,3.9049,8.0,2.1834,5.1292,5.0046,1.6658,3.0094,3.9049,"[[4.828, 0.0], [9.396, -0.131], [14.25, -0.131], [19.104, -0.131], [23.387, -0.392], [24.815, -0.131]]",0.0,0.0,0.0,0.0,0.0,0.0,0.0,1.0,ok,8.4904,0.0,0.0,0.0,0.0,0.0,0.0,0.0,0.0,0.0,3a7e7dbee620460cbbe09a942c5d23be,scene-0907,44
1.2601,3.5604,6.2955,0.9531,2.0147,3.1019,0.0,0.0,1.0,0.0,0.0,1.0,0.0,0.0,0.16666666666666666,ok,straight,1.2601,3.5604,6.2955,0.9531,2.0147,3.1019,False,"[-0.0653, -0.0653, -0.1958, -0.0653, -0.0653, -0.0653, -0.1305, -0.1305]","[-74.3984, -459.6284, -446.2839, -1814.1618, -6317.7098, -17423.8302, -19654.3503, -24116.2595]","[3.527, 3.4857, 0.6587, -1001811.5479, -1006315.0959, -1017421.2163, -1019652.4638, -1024113.6456]","[3.102, 2.246, 3.532, 3.578, 3.626, 3.329, 5.149, 3.92]",0.7624,0.0,0.0,1.0,0.0,0.0,1.0,0.0,0.0,0.16666666666666666,2.246,8.0,1.2601,3.5604,3.1579,0.9531,2.0147,2.246,"[[1.973, 0.0], [3.686, 0.0], [5.97, 0.0], [7.683, -0.131], [9.111, -0.131], [11.681, -0.131]]",0.0,0.0,3.1376,0.0,0.0,0.8559,1.0,0.0,ok,5.1489,0.0,1.0,1.0,0.0,1.0,1.0,0.0,0.25,0.5,e9e1871dddf94ba7ba46a76dcf027bab,scene-0907,44
0.0221,0.0243,0.0265,0.0216,0.0227,0.0238,0.0,0.0,0.0,0.0,0.0,0.0,0.0,0.0,0.0,ok,straight,0.0221,0.0243,0.0265,0.0216,0.0227,0.0238,False,"[-0.0, -0.0, -0.0, -0.0, -0.1305, -0.0653, -0.0653, -0.0653]","[-0.013, -263.8225, -185.0404, -275.5046, -416.4368, -134380.4017, -1608240.7196, -1627934.9004]","[4.1731, 4.1727, 4.1725, 4.1724, -1000413.7706, -1134377.7358, -2608238.0534, -2627932.2345]","[0.024, 0.206, 0.342, 0.756, 2.055, 13.613, 12.144, 12.082]",5.8235,0.0,0.0,0.0,0.0,0.0,0.0,0.0,0.0,0.0,0.0238,8.0,0.0221,0.0243,0.0265,0.0216,0.0227,0.0238,"[[-0.026, 0.0], [-0.026, 0.0], [-0.026, 0.0], [-0.026, 0.0], [-0.026, 0.0], [-0.026, 0.0]]",0.0,0.0,0.0,0.0,0.0,0.0,0.0,1.0,ok,13.6125,1.0,1.0,0.0,1.0,1.0,1.0,0.5,0.75,0.5,0dc3d1fb0dcd4e19a2b8f6a32c9ebdcc,scene-0907,44
0.0261,0.0264,0.0266,0.0261,0.0262,0.0263,0.0,0.0,0.0,0.0,0.0,0.0,0.0,0.0,0.0,ok,straight,0.0261,0.0264,0.0266,0.0261,0.0262,0.0263,False,"[-0.0, -0.0, -0.0, -0.0, -0.0653, -0.1305, -0.0, -0.0]","[-0.013, -55.7905, -67.2695, -311.5312, -5500.4794, -233746.2131, -241881.5201, -261916.6249]","[3.3787, 3.3774, 3.3773, 3.3761, -1005498.4234, -1233744.1562, -1241879.4633, -1261914.5689]","[0.026, 0.113, 0.381, 0.342, 1.904, 11.954, 5.148, 11.754]",4.8278,0.0,0.0,0.0,0.0,0.0,0.0,0.0,0.0,0.0,0.0263,8.0,0.0261,0.0264,0.0266,0.0261,0.0262,0.0263,"[[-0.026, 0.0], [-0.026, 0.0], [-0.026, 0.0], [-0.026, 0.0], [-0.026, 0.0], [-0.026, 0.0]]",0.0,0.0,0.0,0.0,0.0,0.0,0.0,1.0,ok,11.9535,1.0,1.0,0.0,1.0,1.0,1.0,0.5,0.75,0.5,a4782f7ade234010b5b50553403f6e79,scene-0908,44
0.5439,0.0237,2.8652,0.3964,0.2686,0.8837,0.0,0.0,0.0,0.0,0.0,0.0,0.0,0.0,0.0,ok,straight,0.5439,0.0237,2.0087,0.3964,0.2686,0.8361,True,"[-0.0, -0.0, -0.0653, -0.0653, -0.0, -0.1305, -0.0653, -0.0653]","[-337.622, -844.9967, -279.094, -1427.2162, -2416.1467, -4009.0973, -5097.236, -11124.031]","[3.8125, 3.5774, 2.3178, -1001425.3744, -1002414.3912, -1004007.3418, -1005095.4806, -1011122.1893]","[0.836, 1.217, 0.836, 2.078, 1.621, 1.255, 1.762, 1.718]",0.4228,0.0,0.0,0.0,0.0,0.0,0.0,0.0,0.0,0.0,0.8361,8.0,0.5439,0.0237,2.0087,0.3964,0.2686,0.8361,"[[1.116, 0.0], [2.544, 0.0], [3.686, 0.0], [5.113, 0.0], [5.113, 0.0], [7.398, 0.0]]",0.0,0.0,0.0,0.0,0.0,0.0,0.0,1.0,ok,2.0784,0.0,0.0,0.0,0.0,0.0,0.0,0.0,0.0,0.0,c54d5bb693884c459e245a0abd3e4952,scene-0908,44
1.0235,1.6922,5.0795,0.7683,1.4093,2.4638,0.0,0.0,0.0,0.0,0.0,0.0,0.0,0.0,0.0,ok,straight,1.0235,1.6922,5.0795,0.7683,1.4093,2.4638,False,"[-0.0653, -0.0653, -0.5875, -0.2611, -0.1305, -0.3264, -5.4831, -0.0]","[-545.6535, -1127.2083, -1573.3291, -1640.2165, -3966.471, -5449.4072, -7742.0859, -9170.784]","[4.6449, 4.3863, -1001570.2405, -1001637.1958, -1003963.4504, -1005446.3865, -1007738.9973, -1009167.6954]","[2.464, 2.558, 1.408, 2.816, 3.132, 1.897, 3.789, 5.462]",1.1694,0.0,0.0,0.0,0.0,0.0,0.0,0.0,0.0,0.0,1.408,8.0,1.0235,1.6922,1.4456,0.7683,1.4093,1.408,"[[2.829, 0.0], [5.113, 0.0], [7.398, 0.0], [11.11, 0.0], [12.537, 0.0], [15.393, -0.131]]",0.0,0.0,3.6339,0.0,0.0,1.0557,2.0,0.0,ok,5.4619,0.0,0.0,0.0,0.0,0.0,0.0,0.0,0.0,0.0,c0f19958e8e84a3c83b70187bf9fa0a5,scene-0908,44
3.8026,7.0901,10.651,2.6963,4.5059,6.2036,0.0,0.0,0.0,0.0,0.0,0.0,0.0,0.0,0.0,ok,straight,3.8026,7.0901,10.08,2.6963,4.5059,6.1084,True,"[-0.0653, -0.0653, -0.0653, -0.0653, -0.1305, -2.2846, -0.0, -8.2899]","[-53.8076, -198.2621, -374.9077, -1558.638, -2985.1272, -3082.8525, -4121.9646, -22758.8692]","[3.7746, 3.7508, 3.7259, -1001555.9599, -1002982.4492, -1003080.171, -1004119.2831, -1022756.1878]","[6.108, 5.775, 6.204, 3.703, 5.871, 5.109, 5.255, 7.563]",1.0282,0.0,0.0,0.0,0.0,0.0,0.0,0.0,0.0,0.0,3.7035,8.0,2.3751,7.0901,2.7689,1.697,4.0063,3.7035,"[[2.829, 0.0], [5.113, 0.0], [7.969, 0.0], [10.539, -0.131], [13.679, -0.131], [16.82, -0.131]]",1.4275,0.0,7.3111,0.9992,0.4996,2.4049,5.0,0.0,ok,7.5627,0.0,0.0,0.0,0.0,0.0,0.0,0.0,0.0,0.0,e388dd5b5cdd4b60bfb3ab5ba61f7708,scene-0908,44
3.9523,7.9183,12.894,2.7063,4.7883,7.1196,0.0,0.0,0.0,0.0,0.0,0.0,0.0,0.0,0.0,ok,straight,3.9523,7.9183,12.894,2.7063,4.7883,7.1196,False,"[-0.0653, -0.0653, -0.2611, -0.9791, -0.1305, -5.6136, -0.0653, -0.1305]","[-59.2479, -809.8331, -1639.9019, -13964.5943, -15401.8126, -15852.9701, -81868.6181, -115354.9108]","[3.924, -1000807.1365, -1001637.2053, -1013961.8942, -1015399.1126, -1015850.2735, -1081865.918, -1115352.2142]","[7.12, 7.546, 6.999, 5.74, 6.266, 7.297, 10.568, 11.719]",1.9667,0.0,0.0,0.0,0.0,0.0,0.0,0.0,0.0,0.0,5.7403,8.0,3.9523,7.9183,12.0164,2.7063,4.7883,5.7403,"[[2.829, 0.0], [5.113, 0.0], [7.969, 0.0], [10.539, -0.131], [12.823, -0.131], [15.964, -0.131]]",0.0,0.0,0.8776,0.0,0.0,1.3793,3.0,0.0,ok,11.7189,0.0,0.0,0.0,0.0,0.0,0.0,0.0,0.0,0.0,3abf81a7c3894000a4c508e6ced0caca,scene-0909,44
2.3062,5.3683,9.7098,1.6472,3.2386,5.0883,0.0,0.0,0.0,0.0,0.0,0.0,0.0,0.0,0.0,ok,straight,2.3062,5.3683,4.449,1.6472,3.2386,3.8346,True,"[-0.0, -0.1305, -0.1305, -0.3264, -0.3916, -0.2611, -0.1958, -0.1958]","[-145.334, -995.2293, -49.2453, -370.4604, -721.9047, -1139.1448, -4424.1283, -127732.3893]","[3.53, 2.6274, 2.3981, 0.941, 0.3655, -1001137.5362, -1004422.7716, -1127731.0326]","[3.835, 4.334, 5.088, 2.768, 3.012, 4.198, 4.644, 10.446]",2.2587,0.0,0.0,0.0,0.0,0.0,0.0,0.0,0.0,0.0,2.7683,8.0,0.6016,3.6939,3.4458,0.7949,2.1066,2.7683,"[[2.829, 0.0], [5.399, -0.131], [8.54, -0.131], [11.11, -0.131], [15.393, -0.131], [20.818, 0.0]]",1.7046,1.6744,1.0033,0.8523,1.132,1.0663,2.0,0.0,ok,10.4456,0.0,0.0,0.0,0.0,0.0,0.0,0.0,0.0,0.0,4c55b0578d424ad88d1856c933ba2059,scene-0909,44
5.3078,10.2861,15.2865,4.1314,6.5197,9.0959,0.0,0.0,0.0,0.0,0.0,0.0,0.0,0.0,0.0,ok,straight,5.3078,10.2861,15.0012,4.1314,6.5197,9.0484,True,"[-0.0, -0.0, -0.0653, -0.6527, -0.4569, -0.0, -0.0653, -0.2611]","[-52.4745, -138.3606, -244.7723, -384.3066, -1005.4347, -1770.7019, -4081.9506, -5630.2684]","[4.194, 4.0463, 3.7102, 1.1044, -1001002.978, -1001768.1413, -1004079.39, -1005627.7078]","[9.048, 9.096, 8.002, 7.793, 8.159, 8.286, 9.477, 8.189]",0.5719,0.0,0.0,0.0,0.0,0.0,0.0,0.0,0.0,0.0,7.7934,8.0,5.0223,10.2861,10.0252,4.2742,6.5911,7.7934,"[[1.116, 0.0], [2.258, 0.0], [3.686, 0.0], [4.542, 0.0], [5.113, 0.0], [6.827, 0.0]]",0.2854,0.0,4.976,-0.1427,-0.0714,1.2549,5.0,0.0,ok,9.4774,0.0,0.0,0.0,0.0,0.0,0.0,0.0,0.0,0.0,0979033d108c4beba39e8516fb383230,scene-0909,44
1.1601,1.5122,2.3861,0.851,1.1392,1.4793,0.0,0.0,0.0,0.0,0.0,0.0,0.0,0.0,0.0,ok,straight,1.1601,0.0788,2.3861,0.851,0.6388,1.1458,True,"[-0.0653, -0.0653, -0.1958, -0.3916, -0.0, -0.1305, -0.1305, -0.1958]","[-490.1648, -4.7369, -393.3906, -158.4283, -1391.8035, -2198.7251, -3961.6974, -3998.4979]","[3.8322, 2.7327, 2.728, -0.2842, -1001390.8178, -1002196.3252, -1003959.2975, -1003997.5122]","[1.146, 1.479, 0.766, 2.58, 1.338, 1.339, 4.0, 2.068]",0.9704,0.0,0.0,0.0,0.0,0.0,0.0,0.0,0.0,0.0,0.7663,8.0,1.1601,0.0788,0.8077,0.851,0.6388,0.7663,"[[2.258, 0.0], [4.542, 0.0], [7.398, -0.131], [10.539, 0.0], [11.11, -0.131], [13.108, -0.131]]",0.0,0.0,1.5784,0.0,0.0,0.3794,1.0,0.0,ok,4.0001,0.0,0.0,0.0,0.0,0.0,0.0,0.0,0.0,0.0,7fa07947a975451da4b3d7c485af3c07,scene-0909,44
1.3972,3.5891,7.1231,1.1225,2.2422,3.3599,0.0,0.0,0.0,0.0,0.0,0.0,0.0,0.0,0.0,ok,straight,2.8245,5.0173,5.9823,1.6935,2.8135,3.7887,False,"[-0.0, -0.0653, -0.0653, -0.0653, -0.0653, -0.0653, -0.1305, -0.0]","[-1006.7014, -1500.7381, -1765.1735, -2220.1561, -2257.8505, -8237.031, -23548.0743, -28006.2621]","[4.0381, -1001498.8993, -1001763.3342, -1002218.3173, -1002256.0113, -1008235.1918, -1023546.2351, -1028004.4233]","[3.789, 2.789, 3.788, 3.741, 4.36, 3.552, 4.793, 3.813]",0.5455,0.0,0.0,0.0,0.0,0.0,0.0,0.0,0.0,0.0,2.7892,8.0,2.8245,5.0173,1.6981,1.6935,2.8135,2.7892,"[[1.973, 0.0], [2.258, 0.0], [4.828, -0.131], [5.113, 0.0], [7.112, 0.0], [9.682, 0.0]]",0.0,0.0,4.2842,0.0,0.0,0.9995,4.0,0.0,ok,4.7931,0.0,0.0,0.0,0.0,0.0,0.0,0.0,0.0,0.0,43da50265dfa4876bdf1efed38e7a261,scene-0910,44
0.8503,1.0961,3.2855,0.6124,0.9504,1.4246,0.0,0.0,0.0,0.0,0.0,0.0,0.0,0.0,0.0,ok,straight,0.2796,1.667,3.0117,0.3809,0.9774,1.4926,False,"[-0.0653, -0.0653, -0.0653, -0.0653, -0.0653, -1.1097, -0.0, -0.1305]","[-71.2127, -192.9423, -223.3144, -287.2559, -1382.4318, -3897.6561, -7927.03, -13666.1483]","[4.6869, 4.6673, 4.6607, 4.6402, -1001378.8526, -1003894.0703, -1007923.4508, -1013662.5625]","[1.493, 1.424, 0.853, 1.443, 2.394, 1.437, 1.966, 2.323]",0.4878,0.0,0.0,0.0,0.0,0.0,0.0,0.0,0.0,0.0,0.8532,8.0,0.8503,1.3818,0.7157,0.6124,0.95,0.8532,"[[3.115, 0.0], [5.113, 0.0], [6.827, -0.131], [9.111, 0.0], [11.966, 0.0], [13.965, 0.131]]",-0.5707,0.2852,2.2959,-0.2315,0.0275,0.6393,4.0,0.0,ok,2.3943,0.0,0.0,0.0,0.0,0.0,0.0,0.0,0.0,0.0,9e226262318d4df88e6221e46b8fe4c9,scene-0910,44
1.6981,3.9592,5.6161,1.1928,2.2375,3.2185,0.0,0.0,0.0,0.0,0.0,0.0,0.0,0.0,0.0,ok,straight,1.6981,3.9592,5.6161,1.1928,2.2375,3.2185,False,"[-0.0653, -0.0653, -0.1305, -0.0653, -0.0653, -0.1305, -0.0, -0.0653]","[-15.1248, -64.7863, -803.2404, -881.2984, -1796.4008, -2939.1788, -4779.7005, -185089.1348]","[2.9078, 2.907, -1000800.9452, -1000877.9005, -1001793.0028, -1002936.8837, -1004776.3026, -1185085.7369]","[3.219, 3.41, 3.219, 3.217, 2.456, 2.609, 2.018, 9.389]",2.1996,0.0,0.0,0.0,0.0,0.0,0.0,0.0,0.0,0.0,2.0181,8.0,1.6981,0.8157,6.4708,1.1928,1.0937,2.0181,"[[3.115, 0.0], [5.97, 0.0], [8.54, -0.131], [11.11, -0.131], [14.25, -0.131], [17.391, -0.131]]",0.0,3.1435,-0.8547,0.0,1.1438,1.2005,4.0,0.0,ok,9.3886,0.0,0.0,0.0,0.0,0.0,0.0,0.0,0.0,0.0,0a2daeb2d41147fc9fda982ce9783bf8,scene-0910,44
2.3138,4.285,6.6425,1.688,2.8788,4.1932,0.0,0.0,0.0,0.0,0.0,0.0,0.0,0.0,0.0,ok,straight,2.3138,4.285,4.6438,1.688,2.8788,3.4322,True,"[-0.0653, -0.0653, -0.8486, -0.0653, -0.0653, -0.1958, -5.0914, -0.0]","[-55.2172, -469.9624, -1432.3647, -136911.0018, -1586.3654, -2291.8726, -7755.7511, -17385.5303]","[3.2669, 3.2575, -1001430.019, -1136908.6561, -2003185.194, -2003890.7012, -2009354.5798, -2018984.3589]","[3.432, 4.526, 4.038, 10.17, 4.955, 4.385, 5.676, 6.954]",2.0264,0.0,0.0,0.0,0.0,0.0,0.0,0.0,0.0,0.0,3.4322,8.0,2.3138,4.285,4.6438,1.688,2.8788,3.4322,"[[3.115, 0.0], [5.97, 0.0], [8.54, -0.131], [12.252, -0.131], [16.249, 0.0], [20.247, -0.131]]",0.0,0.0,0.0,0.0,0.0,0.0,0.0,1.0,ok,10.1696,0.0,0.0,0.0,0.0,0.0,0.0,0.0,0.0,0.0,72359f16eac8449b96dc406f28c93e0d,scene-0910,44
3.5488,6.3437,10.5951,2.3699,3.9061,5.8122,0.0,0.0,0.0,0.0,0.0,0.0,0.0,0.0,0.0,ok,straight,4.1198,7.7591,10.5951,3.0837,5.1159,6.6187,False,"[-0.0653, -0.0653, -0.1305, -0.1958, -0.4569, -0.1305, -0.2611, -0.0]","[-96.9426, -217.1836, -78.9182, -137.6092, -667.2984, -4095.6691, -14856.6612, -144104.9114]","[3.4757, 3.2464, 2.991, 2.2779, 0.5531, -1004093.583, -1014854.3484, -1144102.8253]","[6.619, 6.239, 6.336, 5.531, 7.107, 5.433, 5.145, 11.518]",1.9073,0.0,0.0,0.0,0.0,0.0,0.0,0.0,0.0,0.0,5.1447,8.0,4.1198,7.7591,8.9305,3.0837,5.1159,5.1447,"[[2.258, 0.0], [4.542, 0.0], [6.541, -0.131], [9.682, 0.131], [12.823, -0.131], [15.393, -0.131]]",0.0,0.0,1.6646,0.0,0.0,1.474,5.0,0.0,ok,11.5175,0.0,0.0,0.0,0.0,0.0,0.0,0.0,0.0,0.0,d056b9bdd56f44669540c6c323042d30,scene-0911,44
0.8964,2.9153,6.2233,0.6788,1.4982,2.8705,0.0,0.0,0.0,0.0,0.0,0.0,0.0,0.0,0.0,ok,straight,0.8964,2.9153,6.2233,0.6788,1.4982,2.8705,False,"[-0.1305, -0.1305, -0.1958, -0.1958, -0.2611, -0.3264, -0.2611, -0.1958]","[-103.9518, -678.6925, -280.6391, -582.0915, -504.3164, -608.5793, -3809.3131, -11520.2109]","[2.5033, 2.3465, 1.4224, 1.34, -1000503.6916, -1000607.9545, -1003808.6886, -1011519.5863]","[2.871, 3.25, 2.4, 3.389, 2.206, 1.854, 2.913, 2.43]",0.4953,0.0,0.0,0.0,0.0,0.0,0.0,0.0,0.0,0.0,1.8543,8.0,0.8964,2.9153,4.3772,0.6788,1.4982,1.8543,"[[4.257, 0.0], [8.54, -0.131], [12.537, -0.131], [16.249, -0.131], [19.104, -0.261], [23.387, -0.261]]",0.0,0.0,1.8461,0.0,0.0,1.0162,4.0,0.0,ok,3.3888,0.0,0.0,0.0,0.0,0.0,0.0,0.0,0.0,0.0,9c79076d8e9646c5b77fca8fbe189d64,scene-0911,44
1.4153,2.8663,4.9091,1.0192,1.8494,2.6828,0.0,0.0,0.0,0.0,0.0,0.0,0.0,0.0,0.0,ok,straight,1.4153,3.7306,4.9091,1.0192,2.2081,2.8746,False,"[-0.1305, -0.1305, -0.1305, -0.1305, -0.1305, -0.0653, -0.0653, -0.1305]","[-364.2536, -76.5601, -674.7649, -2579.4561, -3813.5426, -28122.592, -66278.4608, -867626.4931]","[1.2234, 0.4045, -1000673.3912, -1002578.9023, -1003812.1689, -1028122.0382, -1066277.907, -1867625.1194]","[2.875, 2.635, 3.966, 2.59, 3.299, 7.296, 5.524, 10.084]",2.5224,0.0,0.0,0.0,0.0,0.0,0.0,0.0,0.0,0.0,2.5898,8.0,1.4153,2.8663,2.0722,1.0192,1.8494,2.5898,"[[4.257, 0.0], [8.54, -0.131], [11.966, -0.131], [15.393, 0.0], [20.818, -0.131], [24.53, -0.261]]",0.0,0.8643,2.8369,0.0,0.3587,0.2848,2.0,0.0,ok,10.084,0.0,0.0,0.0,0.0,0.0,0.0,0.0,0.0,0.0,4d214e9ba19f48ec8a6e636ca8c6b1c4,scene-0911,44
1.5235,2.9382,3.8692,1.279,1.8479,2.3954,0.0,0.0,0.0,0.0,0.0,0.0,0.0,0.0,0.0,ok,straight,1.5235,2.9382,3.8692,1.279,1.9907,2.4905,False,"[-0.1305, -0.1305, -0.2611, -0.0653, -0.1958, -0.1305, -0.0, -0.1305]","[-27.3437, -744.9135, -75.4216, -1551.2826, -7737.0858, -8466.3678, -22346.1698, -698748.7696]","[1.3131, 1.2791, -0.476, -1001550.3727, -1007736.2068, -1008465.4887, -1022345.2599, -1698747.8905]","[2.491, 2.491, 2.596, 1.684, 2.077, 2.634, 3.824, 9.163]",2.2629,0.0,0.0,0.0,0.0,0.0,0.0,0.0,0.0,0.0,1.6842,8.0,1.5235,2.9382,1.8734,1.279,1.9907,1.6842,"[[4.257, 0.0], [8.54, -0.131], [13.394, -0.131], [18.248, -0.131], [23.387, -0.131], [27.956, -0.261]]",0.0,0.0,1.9958,0.0,0.0,0.8063,2.0,0.0,ok,9.163,0.0,0.0,0.0,0.0,0.0,0.0,0.0,0.0,0.0,2c94aa3401594d3eaa64b3f2281e369c,scene-0911,44
1.914,2.2995,2.6958,1.4679,1.8487,2.193,0.0,0.0,0.0,0.0,0.0,0.0,0.0,0.0,0.0,ok,straight,1.0713,2.2995,2.6993,1.1888,1.7091,2.1481,True,"[-0.0653, -0.0653, -0.3264, -0.0, -0.0653, -8.2899, -0.1958, -0.0]","[-407.4612, -148.6177, -1362.2421, -2929.918, -4533.2408, -16223.7229, -722005.2318, -804058.1628]","[2.8972, 2.8669, -1001360.3554, -1002928.0001, -1004531.3229, -1016221.8362, -1722003.345, -1804056.245]","[2.148, 2.241, 2.295, 2.297, 2.198, 5.255, 8.855, 9.93]",3.0535,0.0,0.0,0.0,0.0,0.0,0.0,0.0,0.0,0.0,2.1481,8.0,1.0713,2.2995,2.6993,1.1888,1.7091,2.1481,"[[3.971, 0.0], [9.396, 0.0], [13.394, -0.131], [18.248, -0.131], [22.245, -0.131], [27.956, -0.131]]",0.0,0.0,0.0,0.0,0.0,0.0,0.0,1.0,ok,9.9299,0.0,0.0,0.0,0.0,0.0,0.0,0.0,0.0,0.0,8487e4c995874bb2aeb41d6484717d10,scene-0912,44
1.3693,2.7187,3.1108,1.0264,1.7345,2.2542,0.0,0.0,0.0,0.0,0.0,0.0,0.0,0.0,0.0,ok,straight,1.6547,2.7187,4.2528,1.1718,1.8072,2.4931,False,"[-0.1305, -0.0, -0.1958, -0.0653, -0.1305, -0.0653, -0.9791, -0.0653]","[-10.1603, -666.052, -1475.536, -2313.5348, -6208.598, -6406.8624, -188714.4686, -293749.0318]","[1.856, -1000664.9449, -1001474.5124, -1002312.4277, -1006207.4909, -1006405.8388, -1188713.445, -1293747.9247]","[2.493, 1.306, 2.544, 2.644, 2.024, 2.888, 10.801, 15.057]",4.7383,0.0,0.0,0.0,0.0,0.0,0.0,0.0,0.0,0.0,1.3065,8.0,1.3693,2.1443,1.7079,1.0264,1.1038,1.3065,"[[4.257, -0.131], [8.254, -0.131], [12.537, -0.131], [16.82, -0.131], [20.818, -0.131], [24.815, -0.261]]",0.2854,0.5744,2.545,0.1455,0.7034,1.1866,2.0,0.0,ok,15.0569,0.0,0.0,0.0,0.0,0.0,0.0,0.0,0.0,0.0,8b3b8a656b4243898c2233dd936d36eb,scene-0912,44
0.7181,1.5317,1.2568,0.5486,0.9633,1.1412,0.0,0.0,0.0,0.0,0.0,0.0,0.0,0.0,0.0,ok,straight,0.7181,2.1016,1.2568,0.5486,1.1057,1.2835,False,"[-0.1305, -0.1305, -0.0653, -0.1305, -0.0653, -0.1305, -0.1305, -0.3916]","[-29.6004, -68.6965, -1634.4661, -3282.2821, -8288.2215, -34763.437, -75409.3062, -856679.6021]","[2.1579, 2.1576, -1001632.9171, -1003280.7331, -1008286.6723, -1034761.8879, -1075407.7572, -1856678.0529]","[1.283, 1.254, 2.062, 2.264, 2.762, 4.339, 7.983, 9.369]",2.9149,0.0,0.0,0.0,0.0,0.0,0.0,0.0,0.0,0.0,1.2535,8.0,0.7181,2.1016,1.2568,0.4586,1.0608,1.2535,"[[4.257, 0.0], [8.54, -0.131], [12.537, -0.131], [16.249, -0.131], [20.818, -0.131], [25.957, -0.261]]",0.0,0.0,0.0,0.09,0.045,0.03,1.0,0.0,ok,9.3686,0.0,0.0,0.0,0.0,0.0,0.0,0.0,0.0,0.0,f3c21d4c864e400bb9212a4db0bc8586,scene-0912,44
0.3519,0.5731,0.2554,0.49,0.45,0.4349,0.0,0.0,0.0,0.0,0.0,0.0,0.0,0.0,0.0,ok,straight,0.3519,0.5731,0.541,0.49,0.45,0.4824,False,"[-0.1305, -0.1305, -0.4569, -0.0, -0.3264, -0.1958, -0.0653, -0.0653]","[-16.0343, -44.7518, -499.0648, -413.8551, -788.8926, -1488.8154, -4556.5073, -7537.0338]","[2.1195, 2.108, -0.3691, -1000412.7734, -1000787.8108, -1001487.7336, -1004555.4256, -1007535.952]","[0.482, 0.486, 1.968, 2.344, 0.708, 0.777, 1.296, 1.258]",0.6466,0.0,0.0,0.0,0.0,0.0,0.0,0.0,0.0,0.0,0.4824,8.0,0.3519,0.5731,0.541,0.49,0.45,0.4824,"[[4.257, 0.0], [8.54, -0.131], [12.537, -0.131], [16.82, -0.131], [20.818, -0.131], [24.815, -0.261]]",0.0,0.0,0.0,0.0,0.0,0.0,0.0,1.0,ok,2.3437,0.0,0.0,0.0,0.0,0.0,0.0,0.0,0.0,0.0,410c44889c1f4d458a90f8dd90c31c50,scene-0912,44
3.0481,4.7997,8.7785,2.0786,3.1877,4.524,0.0,0.0,0.0,0.0,0.0,0.0,0.0,0.0,0.0,ok,straight,2.1919,4.7997,8.7812,1.3653,2.831,4.3342,True,"[-0.0653, -0.1305, -0.1958, -0.1958, -0.5875, -0.0653, -0.1305, -8.2899]","[-100.4877, -328.3782, -63.8432, -1512.0583, -3779.1865, -4601.6803, -30421.3823, -863160.4279]","[4.1017, 4.0765, 4.0531, -1001508.7806, -1003775.9099, -1004598.4037, -1030418.1058, -1863157.1514]","[4.334, 3.72, 3.858, 3.911, 2.399, 3.528, 4.669, 12.166]",2.844,0.0,0.0,0.0,0.0,0.0,0.0,0.0,0.0,0.0,2.3994,8.0,2.1919,0.8048,3.7245,1.3653,1.6211,2.3994,"[[4.257, 0.0], [7.398, 0.0], [10.539, -0.131], [14.25, -0.131], [17.962, -0.131], [19.961, -0.131]]",0.0,3.995,5.0568,0.0,1.2099,1.9348,5.0,0.0,ok,12.1657,0.0,0.0,0.0,0.0,0.0,0.0,0.0,0.0,0.0,1f048fa210c64e80b9d57e3dc757702c,scene-0913,44
3.3842,5.6013,9.805,2.3432,3.6751,5.1757,0.0,0.0,0.0,0.0,0.0,0.0,0.0,0.0,0.0,ok,straight,3.3842,5.6013,10.0909,2.3432,3.6751,5.3699,False,"[-0.0653, -0.1305, -0.0653, -0.1305, -0.1305, -0.1305, -8.2899, -0.6527]","[-158.9059, -189.5455, -707.1916, -1245.4094, -3029.2621, -5233.7172, -16105.6037, -157559.7306]","[3.043, 3.0181, -1000705.0185, -1001243.3087, -1003027.1614, -1005231.6165, -1016103.503, -1157557.5574]","[5.37, 5.081, 6.556, 4.654, 4.987, 4.562, 6.881, 10.627]",1.8901,0.0,0.0,0.0,0.0,0.0,0.0,0.0,0.0,0.0,4.5616,8.0,1.6819,7.3145,8.1061,1.7776,3.5355,4.5616,"[[3.686, 0.0], [6.541, 0.0], [10.539, -0.131], [14.25, -0.131], [17.391, 0.392], [19.676, -0.131]]",1.7023,-1.7132,1.9848,0.5657,0.1395,0.8084,4.0,0.0,ok,10.6271,0.0,0.0,0.0,0.0,0.0,0.0,0.0,0.0,0.0,4083ba541c6149779624c5d5203925ad,scene-0913,44
1.7797,3.4702,5.2463,1.3198,2.2287,3.0092,0.0,0.0,0.0,0.0,0.0,0.0,0.0,0.0,0.0,ok,straight,1.7797,3.4702,5.2463,1.3198,2.2287,3.0092,False,"[-0.1305, -0.3264, -0.0, -0.1305, -0.2611, -0.0653, -0.1305, -0.0653]","[-17.2341, -471.4437, -1534.4841, -1584.0386, -1965.1734, -13442.8589, -15932.4401, -851213.3499]","[1.609, -1000470.3118, -1001533.3521, -1001581.6285, -1001962.7633, -1013440.4487, -1015931.3082, -1851210.9398]","[3.009, 2.266, 2.404, 3.2, 4.486, 3.077, 2.901, 9.754]",2.3043,0.0,0.0,0.0,0.0,0.0,0.0,0.0,0.0,0.0,2.266,8.0,1.7797,3.4702,1.066,1.3198,2.2287,2.266,"[[4.257, 0.0], [8.54, -0.131], [12.537, -0.131], [16.82, -0.131], [20.818, -0.261], [24.815, -0.261]]",0.0,0.0,4.1802,0.0,0.0,0.7432,3.0,0.0,ok,9.7542,0.0,0.0,0.0,0.0,0.0,0.0,0.0,0.0,0.0,51bbacdcf4c94b8c977ab36f1f0c9e1b,scene-0913,44
0.5047,1.1371,0.6807,0.3898,0.5152,0.556,0.0,0.0,0.0,0.0,0.0,0.0,0.0,0.0,0.0,ok,straight,0.5047,1.1371,0.317,0.3898,0.5152,0.4954,True,"[-0.1305, -0.2611, -0.0653, -0.0, -0.1305, -0.0, -0.2611, -0.3916]","[-140.2691, -1278.4573, -4584.1753, -21259.6292, -1926.5275, -2119.5847, -18402.9754, -18595.5015]","[3.2761, -1001276.3519, -1004582.0699, -1021257.5238, -2004170.3147, -2004363.372, -2020646.7626, -2020839.2888]","[0.495, 1.969, 1.996, 2.41, 0.591, 0.897, 2.54, 2.037]",0.7708,0.0,0.0,0.0,0.0,0.0,0.0,0.0,0.0,0.0,0.4954,8.0,0.5047,1.1371,0.317,0.3898,0.5152,0.4954,"[[4.257, 0.0], [8.54, -0.131], [13.394, -0.131], [18.248, -0.131], [21.674, -0.261], [25.957, -0.261]]",0.0,0.0,0.0,0.0,0.0,0.0,0.0,1.0,ok,2.5401,0.0,0.0,0.0,0.0,0.0,0.0,0.0,0.0,0.0,10304c813c9d47a8a560f6859dc14b17,scene-0913,44
1.1302,3.0222,4.9145,0.7939,1.6884,2.5913,0.0,0.0,0.0,0.0,0.0,0.0,0.0,0.0,0.0,ok,straight,1.1302,2.03,4.9145,0.7939,1.4404,2.3923,True,"[-1.5666, -2.1541, -1.5666, -3.0026, -1.8277, -2.8068, -8.2899, -8.2899]","[-338.604, -1058.6648, -3665.3408, -4465.9215, -7734.7364, -8038.0895, -15151.3125, -123339.5381]","[3.3929, -1001056.5715, -1003663.3856, -1004463.9663, -1007732.7812, -1008035.9963, -1015149.3572, -1123337.4448]","[2.392, 2.228, 2.187, 2.227, 2.385, 3.501, 4.341, 6.669]",1.4852,0.0,0.0,0.0,0.0,0.0,0.0,0.0,0.0,0.0,2.1874,8.0,1.1302,1.9254,4.9145,0.7939,1.133,2.1874,"[[3.115, -0.131], [5.97, -0.261], [8.54, -0.783], [12.252, -1.567], [14.25, -2.089], [17.391, -3.133]]",0.0,0.1046,0.0,0.0,0.3074,0.2049,4.0,0.0,ok,6.6691,0.0,0.0,0.0,0.0,0.0,0.0,0.0,0.0,0.0,f8de6e9a14d34f2791c21a07ce5d47c5,scene-0914,44
1.7749,1.2874,1.6787,1.1474,1.2759,1.5783,0.0,0.0,0.0,0.0,0.0,0.0,0.0,0.0,0.0,ok,straight,0.6356,1.8578,1.9641,0.4357,0.9242,1.3914,True,"[-0.0653, -0.0, -0.0653, -0.3264, -0.0653, -0.1305, -0.1958, -0.0653]","[-67.3438, -92.6528, -405.2345, -468.7238, -1719.8063, -2381.9391, -2549.6326, -3232.264]","[4.2724, 3.792, 2.8502, -1000467.1961, -1001718.2786, -1002379.2763, -1002546.9698, -1003229.6012]","[1.391, 0.974, 1.626, 1.543, 1.449, 1.689, 1.308, 3.39]",0.6818,0.0,0.0,0.0,0.0,0.0,0.0,0.0,0.0,0.0,0.9743,8.0,1.7749,1.2874,0.611,1.1474,1.2759,0.9743,"[[3.4, 0.0], [6.541, -0.131], [9.111, 0.131], [11.681, 0.0], [14.25, -0.131], [18.248, -0.131]]",-1.1393,0.5703,1.3531,-0.7117,-0.3517,0.4171,2.0,0.0,ok,3.3901,0.0,0.0,0.0,0.0,0.0,0.0,0.0,0.0,0.0,aa448108d99f49fc9df2da05914f8ad4,scene-0914,44
0.302,0.0718,1.2559,0.3274,0.3568,0.5867,0.0,0.0,0.0,0.0,0.0,0.0,0.0,0.0,0.0,ok,straight,0.302,1.3741,1.2559,0.3274,0.825,0.8989,False,"[-0.0653, -0.0653, -0.2611, -0.0653, -0.1305, -0.0653, -0.0653, -0.0653]","[-118.942, -930.8148, -491.0687, -1854.5612, -4792.06, -7676.2278, -7970.0222, -30274.5597]","[4.218, 4.1281, -1000488.0639, -1001851.5533, -1004789.0552, -1007673.2229, -1007967.0142, -1030271.5517]","[0.899, 1.279, 1.72, 1.002, 1.547, 1.574, 1.667, 2.381]",0.4355,0.0,0.0,0.0,0.0,0.0,0.0,0.0,0.0,0.0,0.8989,8.0,0.302,1.3741,1.2559,0.3274,0.825,0.8989,"[[2.258, 0.0], [4.542, 0.0], [6.256, 0.0], [8.254, 0.0], [11.11, -0.131], [12.537, -0.131]]",0.0,0.0,0.0,0.0,0.0,0.0,0.0,1.0,ok,2.3805,0.0,0.0,0.0,0.0,0.0,0.0,0.0,0.0,0.0,39ac0d94ecaa4c32a779975bad9502df,scene-0914,44
0.1809,0.5246,3.2302,0.1996,0.4067,0.95,0.0,0.0,0.0,0.0,0.0,0.0,0.0,0.0,0.0,ok,straight,0.1809,0.6853,1.803,0.1996,0.4469,0.8189,True,"[-0.8486, -1.5666, -0.8486, -1.5013, -1.6971, -0.5222, -8.2899, -8.2899]","[-83.6241, -1602.7196, -3083.0466, -6458.4896, -6894.8322, -10854.8197, -17952.3203, -33607.552]","[4.5752, -1001599.7816, -1003080.0486, -1006455.4916, -1006891.8943, -1010851.8218, -1017949.3223, -1033604.6141]","[0.819, 1.763, 1.129, 1.7, 1.425, 1.523, 4.662, 4.847]",1.4839,0.0,0.0,0.0,0.0,0.0,0.0,0.0,0.0,0.0,0.8189,8.0,0.1809,0.6853,1.803,0.1996,0.4469,0.8189,"[[1.973, 0.0], [3.686, 0.131], [5.97, 0.392], [7.398, 0.522], [9.111, 0.783], [10.539, 1.697]]",0.0,0.0,0.0,0.0,0.0,0.0,0.0,1.0,ok,4.8473,0.0,0.0,0.0,0.0,0.0,0.0,0.0,0.0,0.0,98605ed784f7455bb52d1994cdbaaaac,scene-0914,44
1.2081,5.5382,11.8355,0.8026,2.4121,5.119,0.0,0.0,0.0,0.0,0.0,0.0,0.0,0.0,0.0,ok,left,1.2081,5.5382,12.3577,0.8026,2.4121,5.206,False,"[-2.7415, 8.2899, -3.3943, 8.2899, -2.7415, 0.3264, -7.4413, -3.0026]","[-180.4474, -4534.0072, -7422.2536, -7982.7333, -12508.2191, -12673.4494, -13377.3978, -29209.283]","[2.437, -1004530.0392, -1007420.6957, -1007981.1753, -1012504.2511, -1012669.4814, -1013373.4298, -1029207.7251]","[5.206, 3.638, 6.324, 3.931, 4.419, 3.154, 4.895, 3.96]",0.9441,0.0,0.0,0.0,0.0,0.0,0.0,0.0,0.0,0.0,3.1538,8.0,0.4714,1.8717,6.2423,0.8356,1.2318,3.1538,"[[1.687, -0.131], [3.686, -0.392], [5.113, -0.914], [6.541, -2.48], [8.54, -4.569], [9.111, -5.483]]",0.7367,3.6665,6.1153,-0.0331,1.1803,2.0522,6.0,0.0,ok,6.3242,0.0,0.0,0.0,0.0,0.0,0.0,0.0,0.0,0.0,7f8368b7a14341b3bef03a7aec63f9b5,scene-0915,44
3.5535,6.5803,9.2083,2.6056,4.1362,5.6626,0.0,0.0,0.0,0.0,0.0,0.0,0.0,0.0,0.0,ok,straight,3.8389,5.4383,7.212,2.891,3.8513,4.7118,True,"[-0.0653, -0.1305, -0.1958, -0.1305, -0.0653, -0.0, -0.7833, -3.5901]","[-253.0225, -221.3828, -241.3573, -824.8177, -865.1675, -1593.1009, -2132.2418, -8902.4006]","[3.4255, 3.3814, 3.3158, 3.1592, -1000862.8202, -1001590.7536, -1002129.8945, -1008900.0547]","[4.712, 5.663, 5.092, 5.378, 4.332, 5.667, 6.264, 7.179]",0.8377,0.0,0.0,0.0,0.0,0.0,0.0,0.0,0.0,0.0,4.332,8.0,3.8389,6.5803,4.3585,2.891,4.2789,4.332,"[[2.829, 0.0], [5.113, 0.0], [9.111, 0.0], [12.252, -0.131], [15.678, -0.131], [18.248, -0.131]]",0.0,-1.142,2.8535,0.0,-0.4276,0.3798,1.0,0.0,ok,7.1788,0.0,0.0,0.0,0.0,0.0,0.0,0.0,0.0,0.0,cbd9af2921154c46bf9a5da785624d5f,scene-0915,44
2.0743,4.8139,8.6737,1.4492,2.9801,4.4815,0.0,0.0,0.0,0.0,0.0,0.0,0.0,0.0,0.0,ok,straight,2.0743,7.0962,8.9589,1.4492,3.7648,5.3884,False,"[-0.1305, -0.1305, -0.0653, -0.1305, -0.0, -0.1305, -0.2611, -0.0]","[-286.476, -579.2086, -62.1106, -78.6674, -11696.2842, -40174.196, -89244.4507, -1024732.896]","[2.9381, 2.9372, 1.4506, 0.6297, -1011693.4748, -1040171.3866, -1089243.9503, -2024732.3956]","[5.388, 5.005, 4.719, 4.767, 3.459, 4.431, 9.873, 11.377]",2.6747,0.0,0.0,0.0,0.0,0.0,0.0,0.0,0.0,0.0,3.4591,8.0,2.0743,7.0962,5.2399,1.4492,3.7648,3.4591,"[[3.115, 0.0], [6.256, 0.0], [7.683, -0.131], [9.968, 0.0], [12.252, -0.522], [15.964, -0.261]]",0.0,0.0,3.719,0.0,0.0,1.9294,5.0,0.0,ok,11.3771,0.0,0.0,0.0,0.0,0.0,0.0,0.0,0.0,0.0,35afe50d131847739f3221c6ffb88d42,scene-0915,44
3.1451,6.2376,8.8972,2.1677,3.6749,5.1195,0.0,0.0,0.0,0.0,0.0,0.0,0.0,0.0,0.0,ok,straight,3.1451,5.9521,9.1795,2.1677,3.6047,5.1707,False,"[-0.0, -0.1305, -0.1305, -0.0, -0.0653, -0.3916, -0.1305, -0.5222]","[-191.296, -121.1911, -230.5969, -945.7182, -3746.1395, -4127.5129, -10525.2067, -36790.4469]","[4.2348, 3.4976, 3.4879, -1000943.0486, -1003743.4695, -1004124.8429, -1010522.5368, -1036787.7774]","[5.171, 4.977, 5.025, 5.025, 5.262, 5.032, 3.74, 5.535]",0.4961,0.0,0.0,0.0,0.0,0.0,0.0,0.0,0.0,0.0,3.7396,8.0,3.1451,5.6666,7.4702,2.1677,3.5322,3.7396,"[[3.115, 0.0], [5.399, 0.0], [8.54, -0.261], [10.824, -0.131], [13.394, 0.522], [15.678, 0.0]]",0.0,0.2855,1.7093,0.0,0.0725,1.4312,5.0,0.0,ok,5.5351,0.0,0.0,0.0,0.0,0.0,0.0,0.0,0.0,0.0,88bbcc1cfea447b2a3d6ca38f5c12174,scene-0915,44
0.3975,0.6486,1.1709,0.369,0.3882,0.6424,0.0,0.0,0.0,0.0,0.0,0.0,0.0,0.0,0.0,ok,right,1.0789,0.6486,1.1709,0.857,0.6322,0.8051,False,"[2.7415, 2.7415, 1.9582, 3.1985, -0.0653, 0.5875, -8.2899, 0.9138]","[-951.0984, -129.3184, -548.2698, -7863.143, -17479.633, -27011.0019, -28853.1124, -42988.0365]","[5.0305, 3.2132, 2.9606, -1007859.7484, -1017478.1105, -1027007.6073, -1028849.7178, -1042986.514]","[0.805, 0.642, 0.811, 1.27, 3.601, 3.073, 5.255, 2.944]",1.5692,0.0,0.0,0.0,0.0,0.0,0.0,0.0,0.0,0.0,0.6424,8.0,0.3975,0.6486,1.1709,0.369,0.3882,0.6424,"[[2.258, 0.392], [3.971, -1.828], [5.399, -1.567], [6.541, -2.48], [7.969, -3.133], [9.111, -5.483]]",0.6813,0.0,0.0,0.488,0.244,0.1627,1.0,0.0,ok,5.255,0.0,0.0,0.0,0.0,0.0,0.0,0.0,0.0,0.0,b5989651183643369174912bc5641d3b,scene-0916,44
1.5665,2.2969,2.0707,1.0734,1.4402,1.7174,0.0,0.0,0.0,0.0,0.0,0.0,0.0,0.0,0.0,ok,right,1.5665,2.2969,2.0707,1.0734,1.4402,1.7174,False,"[2.2846, 0.5875, -8.2899, 2.2846, -8.2899, -8.2899, 5.1567, 2.9374]","[-257.2941, -2645.7794, -3582.5364, -4047.7364, -6223.8222, -9823.9951, -10033.7469, -199531.1922]","[3.5775, -1002643.3458, -1003580.1027, -1004044.2682, -1006220.354, -1009820.5269, -1010030.2787, -1199528.7586]","[1.717, 2.414, 5.761, 1.575, 5.299, 5.554, 2.286, 11.051]",2.9956,0.0,0.0,0.0,0.0,0.0,0.0,0.0,0.0,0.0,1.5752,8.0,1.5665,2.0064,2.0707,1.0734,1.2269,1.5752,"[[1.687, 0.0], [2.829, -0.261], [5.113, -0.783], [5.97, -1.567], [7.398, -2.48], [9.111, -4.569]]",0.0,0.2906,0.0,0.0,0.2133,0.1422,1.0,0.0,ok,11.0506,0.0,0.0,1.0,0.0,0.0,1.0,0.0,0.0,0.16666666666666666,858a1ece22cf45d9bc71e42336604b78,scene-0916,44
0.1679,0.1633,0.2159,0.2851,0.2252,0.297,0.0,0.0,0.0,0.0,0.0,0.0,0.0,0.0,0.0,ok,straight,0.1679,0.1633,0.5925,0.2851,0.2252,0.3597,False,"[-0.0, -0.0, -0.1305, -0.0653, -0.1958, -8.2899, -0.4569, -0.0653]","[-25.293, -150.9335, -5919.0099, -7952.3856, -10799.5642, -15235.287, -83346.1033, -152138.9607]","[3.7572, 3.4891, -1005916.6152, -1007949.9909, -1010797.1696, -1015232.6266, -1083343.4429, -1152136.3003]","[0.36, 0.419, 1.576, 1.24, 1.529, 2.994, 3.46, 8.927]",2.6156,0.0,0.0,0.0,0.0,0.0,0.0,0.0,0.0,0.0,0.3597,8.0,0.1679,0.1633,0.5925,0.2851,0.2252,0.3597,"[[3.115, 0.0], [5.685, 0.0], [8.54, 0.0], [11.11, 0.0], [13.679, 0.0], [16.82, 0.0]]",0.0,0.0,0.0,0.0,0.0,0.0,0.0,1.0,ok,8.9266,0.0,0.0,0.0,0.0,0.0,0.0,0.0,0.0,0.0,8573a885a7cb41d185c05029eeb9a54e,scene-0916,44
0.3109,0.3657,1.5434,0.3046,0.2866,0.5902,0.0,0.0,0.0,0.0,0.0,0.0,0.0,0.0,0.0,ok,left,0.3109,2.7675,2.9864,0.3046,1.2457,1.6901,False,"[2.4804, 2.3499, 2.7415, 2.3499, 8.2899, 8.2899, 3.3943, 3.6554]","[-755.6822, -594.1533, -1384.4205, -1838.4977, -30014.3445, -38483.3877, -89174.0593, -116680.3167]","[1.4862, 1.0468, -1001383.0311, -1001837.1082, -1030013.3441, -1038481.9982, -1089173.0588, -1116679.3163]","[1.69, 0.596, 3.125, 1.139, 3.185, 5.543, 3.57, 3.984]",1.5248,0.0,0.0,0.0,0.0,0.0,0.0,0.0,0.0,0.0,0.5957,8.0,0.5604,0.1232,0.9728,0.4293,0.4307,0.5957,"[[1.973, 0.131], [3.971, 0.522], [5.685, 2.611], [8.825, 4.569], [9.968, 5.222], [13.108, 4.961]]",-0.2495,2.6444,2.0136,-0.1247,0.815,1.0944,2.0,0.0,ok,5.5433,0.0,0.0,1.0,0.0,0.0,1.0,0.0,0.0,0.16666666666666666,e54b784a608644a2804fcf800c7499f7,scene-0916,44
2.4076,4.2474,6.0601,1.9403,2.8366,3.7127,0.0,0.0,0.0,0.0,0.0,0.0,0.0,0.0,0.0,ok,straight,2.4076,3.9634,5.4893,1.9403,2.7657,3.5702,True,"[-0.5222, -0.4569, -0.5222, -1.1749, -0.7833, -0.4569, -2.4152, -0.5875]","[-12.7649, -553.9701, -1139.7782, -2958.556, -19836.9973, -65098.3755, -80791.9092, -97341.3641]","[3.8827, -1000551.5087, -1001137.0959, -1002955.8738, -1019834.536, -1065095.6932, -1080789.2269, -1097338.9028]","[3.57, 4.205, 4.289, 4.777, 4.62, 6.742, 6.652, 6.48]",1.1782,0.0,0.0,0.0,0.0,0.0,0.0,0.0,0.0,0.0,3.5702,8.0,2.4076,3.9634,5.4893,1.9403,2.7657,3.5702,"[[3.4, 0.0], [6.541, 0.131], [9.682, 0.261], [12.823, 0.392], [16.249, 0.783], [19.39, 1.044]]",0.0,0.0,0.0,0.0,0.0,0.0,0.0,1.0,ok,6.7415,0.0,0.0,0.0,0.0,0.0,0.0,0.0,0.0,0.0,8c5c08c818d247ee9de5aa08e6762003,scene-0917,44
0.0888,0.1624,0.8015,0.136,0.1499,0.3595,0.0,0.0,0.0,0.0,0.0,0.0,0.0,0.0,0.0,ok,straight,0.0888,0.1624,1.3444,0.136,0.1499,0.45,False,"[-0.0, -0.0, -0.0, -0.0, -0.0653, -0.9791, -7.3108, -0.3916]","[-12.2763, -255.7904, -319.7351, -374.9666, -1722.4987, -7734.9471, -11870.8979, -254951.6952]","[3.5461, 3.5432, 2.7548, 2.7541, -1001719.8292, -1007732.2775, -1011869.0159, -1254949.8133]","[0.45, 0.408, 0.591, 0.829, 0.956, 1.657, 2.923, 13.461]",4.1568,0.0,0.0,0.0,0.0,0.0,0.0,0.0,0.0,0.0,0.408,8.0,0.0888,0.1624,0.5518,0.136,0.1499,0.408,"[[1.116, 0.0], [2.544, 0.0], [3.686, 0.0], [4.542, 0.0], [5.113, 0.0], [5.97, 0.0]]",0.0,0.0,0.7926,0.0,0.0,0.042,1.0,0.0,ok,13.4612,0.0,0.0,0.0,0.0,0.0,0.0,0.0,0.0,0.0,de8043171d774855a2a0059c4c0e14f6,scene-0917,44
0.6087,0.4987,2.0584,0.5681,0.619,0.8547,0.0,0.0,0.0,0.0,0.0,0.0,0.0,0.0,0.0,ok,straight,0.6087,0.4987,2.0584,0.5681,0.4781,1.0152,False,"[-0.4569, -0.9138, -0.3264, -0.8486, -0.4569, -0.2611, -0.0, -0.0]","[-814.2845, -166.5672, -932.0229, -1003.3062, -1411.3352, -4149.8553, -5680.8797, -21903.5583]","[2.63, 1.2933, -1000929.7818, -1001001.0651, -1001409.0951, -1004147.6152, -1005678.6386, -1021901.3182]","[1.015, 1.098, 0.683, 1.02, 1.301, 1.717, 1.363, 2.249]",0.4553,0.0,0.0,0.0,0.0,0.0,0.0,0.0,0.0,0.0,0.6834,8.0,0.6087,0.4987,0.7957,0.5681,0.4781,0.6834,"[[0.831, 0.0], [1.687, 0.0], [2.544, 0.0], [2.544, 0.0], [5.113, -0.653], [5.113, -0.914]]",0.0,0.0,1.2627,0.0,0.0,0.3318,1.0,0.0,ok,2.2491,0.0,0.0,0.0,0.0,0.0,0.0,0.0,0.0,0.0,a79ec336177c4db6a5579b335af98991,scene-0917,44
0.4073,0.6625,1.5095,0.2484,0.5287,0.6801,0.0,0.0,0.0,0.0,0.0,0.0,0.0,0.0,0.0,ok,left,0.4073,1.1942,1.5095,0.2484,0.7647,0.8375,False,"[2.3499, 2.3499, 3.1332, 2.611, -0.718, -7.4413, 8.2899, 8.2899]","[-736.9532, -435.1329, -3489.4456, -5837.9112, -11374.3819, -15454.5143, -22920.4933, -59429.8591]","[2.0991, 2.0944, -1003488.1215, -1005836.5871, -1011373.079, -1015453.2114, -1022919.1692, -1059428.5562]","[0.837, 0.951, 1.679, 1.518, 3.45, 4.716, 4.361, 4.075]",1.5102,0.0,0.0,0.0,0.0,0.0,0.0,0.0,0.0,0.0,0.8375,8.0,0.4073,1.1942,1.5095,0.2484,0.7647,0.8375,"[[1.687, 0.131], [3.686, 0.653], [3.971, 0.653], [5.685, 2.742], [8.54, 4.569], [9.968, 4.7]]",0.0,0.0,0.0,0.0,0.0,0.0,0.0,1.0,ok,4.7162,0.0,0.0,0.0,0.0,0.0,0.0,0.0,0.0,0.0,b34a0291b41b46988afe5cca72668bcb,scene-0917,44
0.3574,1.0661,1.1388,0.255,0.6184,0.7472,0.0,0.0,0.0,0.0,0.0,0.0,0.0,0.0,0.0,ok,straight,0.3574,1.1231,1.1388,0.255,0.8473,0.8998,False,"[-0.0653, -0.1958, -0.3916, -0.0653, -0.4569, -1.3055, -0.5875, -0.1305]","[-306.3773, -303.8298, -276.8144, -33.4272, -458.5615, -1232.4304, -4883.031, -91083.9366]","[4.9292, 4.5918, 4.0864, 3.7879, -1000456.0509, -1001229.9198, -1004880.5204, -1091080.2754]","[0.9, 1.178, 0.996, 0.747, 1.3, 1.201, 1.699, 3.363]",0.7809,0.0,0.0,0.0,0.0,0.0,0.0,0.0,0.0,0.0,0.7472,8.0,0.3574,1.0661,1.1388,0.255,0.6184,0.7472,"[[4.257, 0.0], [8.54, 0.0], [11.681, -0.131], [16.82, 0.0], [21.674, 0.131], [25.957, 0.131]]",0.0,0.057,0.0,0.0,0.2288,0.1526,1.0,0.0,ok,3.3633,0.0,0.0,0.0,0.0,0.0,0.0,0.0,0.0,0.0,bd0c27135b3c43c6b0e59f03fdf441cb,scene-0919,44
1.1872,2.4736,4.1085,0.711,1.4028,2.2309,0.0,0.0,0.0,0.0,0.0,0.0,0.0,0.0,0.0,ok,straight,1.1872,2.4736,4.6577,0.711,1.4028,2.3293,False,"[-0.3916, -0.3916, -1.3708, -0.718, -0.2611, -0.0653, -8.2899, -1.6319]","[-41.6537, -1477.8299, -1825.7625, -2725.7329, -3991.6836, -10086.2011, -12932.1361, -90951.401]","[3.3801, -1001475.4918, -1001823.4055, -1002723.3759, -1003989.3456, -1010083.8441, -1012929.7981, -1090949.063]","[2.329, 3.121, 1.317, 2.1, 3.392, 2.919, 5.156, 4.75]",1.2162,0.0,0.0,0.0,0.0,0.0,0.0,0.0,0.0,0.0,1.3165,8.0,1.1872,2.4736,1.0971,0.711,1.4028,1.3165,"[[3.115, 0.0], [5.685, 0.0], [8.54, 0.131], [11.11, 0.261], [13.108, 0.261], [15.393, 0.783]]",0.0,0.0,3.5606,0.0,0.0,1.0127,2.0,0.0,ok,5.1559,0.0,0.0,0.0,0.0,0.0,0.0,0.0,0.0,0.0,ee810fe8a5f94d5c9c33f6dad8c47383,scene-0919,44
0.8307,1.5358,1.4819,0.565,1.1155,1.1973,0.0,0.0,0.0,0.0,0.0,0.0,0.0,0.0,0.0,ok,left,1.1362,1.2853,1.4819,0.6109,1.0758,1.1708,True,"[0.8486, 0.8486, 0.3264, 0.0653, -6.7233, 8.2899, 1.5666, 8.2899]","[-212.3035, -2775.852, -8280.9168, -8899.2207, -22266.7041, -38542.9805, -68970.6746, -94871.5178]","[3.4179, -1002774.9196, -1008279.9845, -1008898.2883, -1022265.7717, -1038540.3146, -1068968.0087, -1094868.8519]","[1.171, 1.113, 2.019, 4.828, 4.609, 5.569, 3.335, 6.338]",1.8889,0.0,0.0,0.0,0.0,0.0,0.0,0.0,0.0,0.0,1.1134,8.0,0.8307,1.3097,1.4819,0.565,0.9897,1.1134,"[[3.4, 0.0], [5.685, 0.783], [8.54, 0.522], [12.252, 0.783], [15.393, 1.044], [17.391, 1.697]]",0.3055,-0.0244,0.0,0.0458,0.0861,0.0574,1.0,0.0,ok,6.3377,0.0,0.0,0.0,0.0,0.0,0.0,0.0,0.0,0.0,9ee74c648944413f9019afc2e222c088,scene-0919,44
2.6413,4.2736,6.1485,1.7399,2.5993,3.6221,0.0,1.0,0.0,0.0,1.0,1.0,0.0,0.25,0.16666666666666666,ok,left,2.6413,4.2736,5.8936,1.7399,2.5993,3.7118,False,"[2.2846, 1.1749, 1.5666, 2.2846, -7.3761, 8.2899, 2.4804, -8.2899]","[-579.2013, -815.8256, -827.1035, -1032.7991, -33882.3578, -34934.6415, -49976.1153, -154423.2782]","[3.8402, 3.6196, -1000825.6527, -1001031.3483, -1033880.907, -1034931.8812, -1049974.6645, -1154420.5179]","[3.712, 3.54, 3.669, 3.048, 5.75, 6.466, 4.356, 8.543]",1.7658,0.0,1.0,0.0,0.0,1.0,1.0,0.0,0.25,0.16666666666666666,3.0482,8.0,1.2017,3.4854,5.8936,0.9098,1.6039,3.0482,"[[2.544, 0.131], [5.97, 0.522], [7.398, 0.783], [10.539, 1.697], [13.679, 2.48], [15.393, 4.569]]",1.4396,0.7882,0.0,0.8301,0.9954,0.6636,3.0,0.0,ok,8.5427,0.0,1.0,0.0,0.0,1.0,1.0,0.0,0.25,0.16666666666666666,188fe79624af4474b8b720e2282b406a,scene-0919,44
0.7358,2.25,6.1741,0.4061,1.1057,2.429,0.0,0.0,0.0,0.0,0.0,0.0,0.0,0.0,0.0,ok,right,0.7358,2.25,6.5292,0.4061,1.1057,2.4882,False,"[-1.436, -1.436, -1.3055, 0.2611, -8.2899, -1.8277, -0.9791, -8.2899]","[-46.9892, -847.3657, -591.4728, -3624.8936, -11313.9775, -13987.6606, -14110.9057, -32906.3433]","[3.6161, 3.1658, -1000589.2478, -1003622.6686, -1011312.126, -1013985.8091, -1014109.0542, -1032904.1183]","[2.488, 3.081, 2.423, 1.979, 5.551, 4.138, 4.033, 5.755]",1.3414,0.0,0.0,0.0,0.0,0.0,0.0,0.0,0.0,0.0,1.9791,8.0,0.7358,2.25,2.5619,0.4061,1.1057,1.9791,"[[2.258, 0.0], [5.113, 0.261], [7.398, 0.653], [9.682, 0.914], [11.966, 1.697], [14.822, 2.872]]",0.0,0.0,3.9673,0.0,0.0,0.5091,2.0,0.0,ok,5.7555,0.0,0.0,0.0,0.0,0.0,0.0,0.0,0.0,0.0,e8a25125ab404726ab03976d3871c460,scene-0920,44
2.5619,3.9164,4.3486,1.91,2.6893,3.284,0.0,0.0,0.0,0.0,0.0,0.0,0.0,0.0,0.0,ok,right,2.5619,3.3579,4.3486,1.91,2.6243,3.2692,True,"[2.2846, 3.1985, 2.2846, 1.436, 1.3708, 2.9374, -2.7415, -3.1985]","[-316.8969, -2273.5031, -2364.4795, -4041.2298, -24554.9738, -32725.9442, -145990.6626, -936847.1126]","[1.9592, -1002272.5883, -1002363.4445, -1004040.1947, -1024553.9387, -1032725.0294, -1145989.6275, -1936846.1979]","[3.269, 4.618, 3.529, 3.875, 4.105, 3.707, 7.343, 13.63]",3.2966,0.0,0.0,0.0,0.0,0.0,0.0,0.0,0.0,0.0,3.2692,8.0,2.5619,3.3579,4.3486,1.91,2.6243,3.2692,"[[3.115, -0.131], [6.541, -0.522], [9.682, -0.914], [12.252, -1.697], [16.249, -3.133], [18.248, -4.569]]",0.0,0.0,0.0,0.0,0.0,0.0,0.0,1.0,ok,13.6304,0.0,0.0,0.0,0.0,0.0,0.0,0.0,0.0,0.0,fb87cdcfffbf4792b5e7c4fd87d97a54,scene-0920,44
4.1001,7.1248,11.2954,2.9208,4.6664,6.5814,0.0,0.0,0.0,0.0,0.0,0.0,0.0,0.0,0.0,ok,straight,4.1001,6.8446,8.7256,3.3489,4.4566,6.0133,True,"[-0.718, -2.1541, -0.1958, -0.718, -1.1097, -0.6527, -0.718, -3.2637]","[-944.4217, -1603.3868, -2058.151, -2370.2537, -4320.4317, -11959.7683, -24884.7822, -32170.5488]","[-1000941.6839, -1001599.9263, -1002054.6904, -1002366.7931, -1004317.6938, -1011956.3077, -1024882.0444, -1032167.811]","[6.013, 6.323, 5.22, 5.874, 9.308, 6.551, 7.631, 5.54]",1.2429,0.0,0.0,0.0,0.0,0.0,0.0,0.0,0.0,0.0,5.2203,8.0,4.1001,5.7352,9.3572,2.9208,4.2476,5.2203,"[[3.971, 0.0], [6.541, -0.131], [7.969, -0.653], [11.966, -0.261], [16.249, -1.175], [17.391, -1.436]]",0.0,1.1093,-0.6316,0.4281,0.209,0.793,3.0,0.0,ok,9.3078,0.0,0.0,0.0,0.0,0.0,0.0,0.0,0.0,0.0,b423cc4e44fd40cf920fff82810a93aa,scene-0920,44
2.5177,4.2606,5.8542,1.9498,2.9736,3.8612,0.0,0.0,0.0,0.0,0.0,0.0,0.0,0.0,0.0,ok,straight,2.5177,5.9608,7.0353,1.9498,3.8259,4.7193,False,"[-0.0653, -0.1305, -0.1305, -0.0, -0.3916, -0.2611, -0.1305, -0.1958]","[-689.9826, -7.7506, -558.6168, -2480.7391, -4459.2448, -13254.0909, -27630.5543, -189358.1204]","[3.0216, 2.982, 2.4464, -1002478.5347, -1004457.0404, -1013252.413, -1027628.8764, -1189355.9159]","[4.719, 3.956, 4.429, 4.672, 5.519, 3.869, 4.838, 10.337]",1.9678,0.0,0.0,0.0,0.0,0.0,0.0,0.0,0.0,0.0,3.8694,8.0,2.5177,5.9608,7.2595,1.9498,3.8259,3.8694,"[[4.542, 0.0], [9.111, 0.0], [15.678, -0.261], [19.961, -0.392], [23.958, -1.044], [29.098, 0.131]]",0.0,0.0,-0.2242,0.0,0.0,0.8499,4.0,0.0,ok,10.3375,0.0,0.0,0.0,0.0,0.0,0.0,0.0,0.0,0.0,d640474c9a0341fd91f2bd24d6deec25,scene-0920,44
0.3176,0.5274,0.1168,0.2951,0.2933,0.2396,0.0,0.0,0.0,0.0,0.0,0.0,0.0,0.0,0.0,ok,straight,1.1115,0.5274,0.2215,0.7024,0.4969,0.3928,False,"[-0.0653, -0.0653, -0.1958, -0.2611, -0.1305, -0.0653, -0.0653, -0.1958]","[-322.8859, -98.6303, -165.1927, -348.36, -1682.0405, -5978.7337, -121249.5967, -1070034.6062]","[3.4986, 3.4941, 1.705, 0.8152, -1001679.8641, -1005976.5623, -1121247.4254, -2070032.4297]","[0.393, 0.257, 0.734, 0.514, 0.993, 1.277, 9.864, 9.916]",3.9934,0.0,0.0,0.0,0.0,0.0,0.0,0.0,0.0,0.0,0.257,8.0,0.3176,0.5274,0.2215,0.2951,0.2933,0.257,"[[3.115, -0.131], [6.827, 0.0], [8.54, 0.0], [11.11, -0.131], [13.108, -0.131], [15.393, -0.131]]",0.7939,0.0,0.0,0.4073,0.2036,0.1358,1.0,0.0,ok,9.9159,0.0,0.0,0.0,0.0,0.0,0.0,0.0,0.0,0.0,852e22dbdbbf422e99224c488d7618bf,scene-0921,44
0.1744,1.3541,4.1873,0.1005,0.6254,1.5254,0.0,0.0,0.0,0.0,0.0,0.0,0.0,0.0,0.0,ok,straight,0.1744,1.9251,4.1873,0.1005,0.6968,1.6206,False,"[-0.0, -0.0, -0.0653, -0.4569, -0.1958, -0.6527, -0.9791, -0.0]","[-37.5563, -199.7649, -199.3572, -600.0905, -835.1732, -1048.8356, -8375.1565, -100803.0271]","[4.142, 4.0955, 3.9057, 2.7545, -1000832.3102, -1001045.9726, -1008372.335, -1100800.164]","[1.621, 1.763, 1.718, 1.872, 2.384, 2.408, 1.727, 3.798]",0.6807,0.0,0.0,0.0,0.0,0.0,0.0,0.0,0.0,0.0,1.6206,8.0,0.1744,1.9251,4.1873,0.1005,0.6968,1.6206,"[[1.402, 0.0], [2.544, 0.0], [3.686, 0.0], [5.113, 0.0], [5.97, 0.0], [7.398, 0.0]]",0.0,0.0,0.0,0.0,0.0,0.0,0.0,1.0,ok,3.7978,0.0,0.0,0.0,0.0,0.0,0.0,0.0,0.0,0.0,ae572fa851ae494a8f9288e627db0be8,scene-0921,44
3.1258,6.5462,8.9458,2.4065,3.976,5.3601,0.0,0.0,0.0,0.0,0.0,0.0,0.0,0.0,0.0,ok,straight,3.1258,6.5462,6.0386,2.4065,3.976,4.7538,True,"[-0.1958, -2.4804, -2.4804, -1.7624, -4.3081, -3.3943, -3.3943, -8.2899]","[-208.902, -287.0692, -146.566, -4671.0407, -11087.055, -15457.2665, -34108.1245, -58919.8699]","[4.7703, 4.0655, 3.7424, -1004668.4524, -1011084.1364, -1015454.348, -1034105.5362, -1058916.9513]","[4.754, 5.311, 5.36, 6.069, 5.21, 5.475, 6.066, 8.73]",1.1547,0.0,0.0,0.0,0.0,0.0,0.0,0.0,0.0,0.0,4.7538,8.0,3.1258,6.5462,6.0386,2.4065,3.976,4.7538,"[[1.687, 0.0], [3.115, -0.261], [4.542, -0.783], [6.541, -1.958], [7.112, -1.828], [7.683, -0.392]]",0.0,0.0,0.0,0.0,0.0,0.0,0.0,1.0,ok,8.73,0.0,1.0,0.0,0.0,1.0,1.0,0.0,0.25,0.3333333333333333,c2f07ed47010457db915a4190dfe662f,scene-0921,44
1.3776,2.8436,4.629,0.8865,1.713,2.5059,0.0,0.0,0.0,0.0,0.0,0.0,0.0,0.0,0.0,ok,left,1.3776,2.8436,4.784,0.8865,1.713,2.443,True,"[0.6527, 0.5222, 0.5222, 0.8486, 0.5875, 2.7415, -4.8303, 8.2899]","[-96.3325, -37.3176, -488.5534, -841.0406, -1277.1244, -1645.7487, -7883.9207, -8971.2706]","[2.7711, 2.7497, 2.6009, -1000838.8889, -1001274.9572, -1001643.5969, -1007881.7689, -1008969.1034]","[2.443, 2.447, 2.504, 2.321, 2.414, 2.142, 4.229, 3.35]",0.6572,0.0,0.0,0.0,0.0,0.0,0.0,0.0,0.0,0.0,2.1425,8.0,1.8888,2.8436,2.8378,1.058,1.7988,2.1425,"[[1.116, 0.0], [1.687, 0.0], [2.544, 0.131], [3.686, 0.392], [4.542, 1.436], [5.113, 1.305]]",-0.5112,0.0,1.9463,-0.1715,-0.0857,0.3005,3.0,0.0,ok,4.2285,0.0,0.0,0.0,0.0,0.0,0.0,0.0,0.0,0.0,4fe7d92f1beb403aa1e9228dc8de8365,scene-0921,44
0.3612,0.6633,1.4744,0.2795,0.3792,0.671,0.0,0.0,0.0,0.0,0.0,0.0,0.0,0.0,0.0,ok,straight,1.0733,0.6633,0.9034,0.6356,0.5572,0.7432,False,"[-0.1305, -0.1305, -0.1958, -0.3264, -0.3916, -0.6527, -0.0, -0.0653]","[-824.5326, -392.4575, -203.7346, -385.8345, -848.7121, -2658.2169, -3734.1486, -18536.2012]","[2.8296, 0.9706, 0.6739, -0.0155, -1000846.8678, -1002656.3726, -1003732.3043, -1018536.2901]","[0.743, 0.766, 0.554, 0.938, 1.784, 1.285, 1.485, 1.849]",0.4648,0.0,0.0,0.0,0.0,0.0,0.0,0.0,0.0,0.0,0.5537,8.0,0.9321,0.6633,0.6349,0.7054,0.5921,0.5537,"[[4.542, 0.0], [10.539, 0.0], [13.965, -0.131], [18.248, -0.131], [22.245, -0.131], [29.098, -0.261]]",0.1411,0.0,0.2685,-0.0698,-0.0349,0.1895,1.0,0.0,ok,1.8489,0.0,0.0,0.0,0.0,0.0,0.0,0.0,0.0,0.0,73c335a2a207457ea36cc855b2417bd9,scene-0922,44
2.5693,5.4227,9.7185,2.0359,3.533,5.3059,0.0,0.0,0.0,0.0,0.0,0.0,0.0,0.0,0.0,ok,straight,2.5693,5.4227,9.716,2.0359,3.533,5.3055,True,"[-0.1305, -0.1305, -1.3708, -0.9138, -0.4569, -2.4152, -0.0, -0.6527]","[-410.1273, -415.9749, -3071.6971, -3242.2865, -3599.9649, -3751.3873, -7573.9319, -11122.6761]","[4.5814, 4.5724, -1003069.0535, -1003239.6429, -1003597.3286, -1003748.751, -1007571.2883, -1011120.0398]","[5.305, 5.448, 5.6, 5.894, 6.22, 8.466, 5.151, 4.319]",1.1356,0.0,0.0,0.0,0.0,0.0,0.0,0.0,0.0,0.0,4.3191,8.0,2.8548,5.4227,9.7585,2.4641,3.7471,4.3191,"[[5.113, 0.0], [9.682, 0.0], [15.107, -0.131], [19.104, -0.131], [24.815, -0.131], [29.669, -0.261]]",-0.2855,0.0,-0.0425,-0.4283,-0.2141,0.9864,2.0,0.0,ok,8.4659,0.0,0.0,0.0,0.0,0.0,0.0,0.0,0.0,0.0,670e1b3ad3284258a44ca913f61d6065,scene-0922,44
1.9063,4.218,6.3869,1.2096,2.3237,3.529,0.0,0.0,0.0,0.0,0.0,0.0,0.0,0.0,0.0,ok,straight,1.9063,4.218,6.3869,1.2096,2.3237,3.529,False,"[-0.0653, -0.9138, -0.5875, -0.0653, -0.0653, -5.8095, -0.2611, -0.5222]","[-94.9959, -273.0647, -1213.0281, -3491.3325, -4019.4179, -8802.4789, -9932.5834, -38926.4369]","[3.1879, 2.7086, -1001211.0555, -1003489.3595, -1004017.445, -1008800.5063, -1009930.6105, -1038924.4639]","[3.529, 3.667, 3.34, 3.58, 3.872, 3.909, 2.755, 3.991]",0.3727,0.0,0.0,0.0,0.0,0.0,0.0,0.0,0.0,0.0,2.7547,8.0,3.3325,1.3983,0.9081,2.4937,2.4,2.7547,"[[2.829, 0.0], [4.828, 0.0], [7.398, 0.0], [9.111, 0.131], [11.11, 0.131], [13.679, 0.131]]",-1.4261,2.8198,5.4789,-1.2841,-0.0763,0.7743,2.0,0.0,ok,3.9911,0.0,0.0,0.0,0.0,0.0,0.0,0.0,0.0,0.0,42ec31bccc17489eabb72278e2d3758c,scene-0922,44
0.4545,1.1375,0.5739,0.3702,0.6443,0.655,0.0,0.0,0.0,0.0,0.0,0.0,0.0,0.0,0.0,ok,straight,0.3369,1.1375,4.2781,0.3114,0.4875,1.079,False,"[-0.0, -0.1305, -0.1305, -0.4569, -0.3264, -0.2611, -0.718, -1.3708]","[-313.9146, -300.3754, -133.5326, -527.6236, -1239.5975, -2148.9881, -4143.6664, -7703.5802]","[3.0736, 2.8777, 2.8311, -1000526.2812, -1001238.1411, -1002147.6456, -1004142.2101, -1007702.1239]","[1.079, 0.511, 0.55, 1.425, 0.836, 0.658, 1.112, 2.845]",0.7125,0.0,0.0,0.0,0.0,0.0,0.0,0.0,0.0,0.0,0.5111,8.0,0.3369,0.7065,0.5739,0.3114,0.4284,0.5111,"[[3.4, 0.0], [7.112, 0.131], [10.539, -0.131], [12.823, -0.261], [17.106, -0.392], [23.958, 0.0]]",0.0,0.4311,3.7042,0.0,0.0591,0.5679,4.0,0.0,ok,2.8454,0.0,0.0,0.0,0.0,0.0,0.0,0.0,0.0,0.0,af48d5a32c984af28c2e0804b0631714,scene-0922,44
2.1428,3.7984,6.4274,1.9666,2.6114,3.7113,0.0,0.0,0.0,0.0,0.0,0.0,0.0,0.0,0.0,ok,straight,2.1428,2.9422,6.4274,1.9666,2.327,3.5218,True,"[-0.1305, -0.4569, -0.1305, -0.0653, -0.3916, -0.0653, -0.2611, -0.0653]","[-321.785, -2813.6724, -4989.1962, -5047.8464, -13765.9468, -30432.8427, -53435.0861, -83245.9432]","[2.1129, -1002810.7994, -1004986.3232, -1005047.0369, -1013763.0738, -1030429.9697, -1053434.2766, -1083245.1337]","[3.522, 1.509, 2.978, 3.333, 3.755, 3.029, 10.095, 4.763]",2.4118,0.0,0.0,0.0,0.0,0.0,0.0,0.0,0.0,0.0,1.5095,8.0,2.1428,0.253,0.4656,1.9666,1.5117,1.5095,"[[5.113, 0.0], [10.539, 0.0], [15.107, 0.0], [19.961, -0.131], [26.814, -0.131], [32.239, -0.261]]",0.0,2.6892,5.9618,0.0,0.8153,2.0123,4.0,0.0,ok,10.0951,0.0,0.0,0.0,0.0,0.0,0.0,0.0,0.0,0.0,c07a480048b04e989f6fc1e002e5c5b8,scene-0923,44
1.0587,1.3376,2.0524,0.7758,1.2647,1.6157,0.0,0.0,0.0,0.0,0.0,0.0,0.0,0.0,0.0,ok,straight,1.0587,1.3376,5.7337,0.7758,1.0515,2.3701,False,"[-0.0, -0.0653, -0.0653, -0.1305, -0.1958, -0.1305, -0.0653, -0.1958]","[-352.7766, -312.0608, -93.3893, -367.1096, -268.1667, -9929.2606, -25426.1543, -71937.8254]","[4.3069, 3.907, 3.3101, 2.2905, 1.2868, -1009926.5467, -1025423.4405, -1071935.1116]","[2.37, 1.333, 1.146, 1.669, 1.312, 2.753, 9.886, 5.179]",2.8088,0.0,0.0,0.0,0.0,0.0,0.0,0.0,0.0,0.0,1.146,8.0,1.0587,1.3376,1.4953,0.7758,1.0515,1.146,"[[4.828, 0.0], [9.682, 0.0], [14.25, -0.131], [19.104, -0.131], [26.528, 0.261], [33.381, 0.0]]",0.0,0.0,4.2384,0.0,0.0,1.2241,4.0,0.0,ok,9.8857,0.0,0.0,0.0,0.0,0.0,0.0,0.0,0.0,0.0,cd29200927db42dcb63c2db3349a8698,scene-0923,44
2.1152,4.9458,7.4221,1.5791,2.8321,4.2428,0.0,0.0,0.0,0.0,0.0,0.0,0.0,0.0,0.0,ok,straight,2.1152,4.9458,7.4221,1.5791,2.8321,4.2428,False,"[-0.0653, -0.2611, -0.0, -0.0653, -0.1305, -0.0, -1.5013, -0.2611]","[-38.3759, -1445.4617, -2129.2155, -5130.8388, -10411.9397, -12672.502, -15600.7471, -780517.0128]","[3.3768, -1001442.9583, -1002126.7122, -1005128.4133, -1010409.4363, -1012670.0765, -1015598.3216, -1780514.5873]","[4.243, 3.034, 3.72, 3.245, 4.623, 4.196, 2.805, 9.531]",2.0201,0.0,0.0,0.0,0.0,0.0,0.0,0.0,0.0,0.0,2.8045,8.0,2.1152,0.6738,3.6388,1.5791,1.3355,2.8045,"[[3.686, 0.0], [7.398, 0.0], [11.11, -0.131], [14.25, -0.131], [17.391, -0.131], [21.674, -0.131]]",0.0,4.272,3.7834,0.0,1.4966,1.4382,5.0,0.0,ok,9.5311,0.0,0.0,0.0,0.0,0.0,0.0,0.0,0.0,0.0,77b766e9aa56434f8d975037278b9a62,scene-0923,44
0.3582,0.3902,1.6753,0.1993,0.2796,0.7654,0.0,0.0,0.0,0.0,0.0,0.0,0.0,0.0,0.0,ok,straight,0.6463,1.0604,0.4347,0.9112,1.3036,1.2413,False,"[-0.0653, -0.0653, -0.1305, -0.1305, -8.2899, -0.5875, -0.0653, -0.0653]","[-1459.1076, -1686.2994, -7943.3709, -10838.3172, -17702.4309, -24644.7881, -48456.2831, -77109.7365]","[-1001457.4588, -1001683.8281, -1007940.8996, -1010835.8459, -1017699.9596, -1024643.1392, -1048454.6342, -1077108.0876]","[1.241, 0.862, 1.437, 1.662, 3.652, 9.104, 4.343, 5.008]",2.5992,0.0,0.0,0.0,0.0,0.0,0.0,0.0,0.0,0.0,0.8618,8.0,0.6463,0.786,0.4347,0.9112,0.7344,0.8618,"[[3.971, 0.0], [9.682, 0.0], [13.108, 0.0], [18.533, -0.261], [25.957, -0.131], [29.669, -0.131]]",0.0,0.2744,0.0,0.0,0.5692,0.3795,1.0,0.0,ok,9.1041,0.0,0.0,0.0,0.0,0.0,0.0,0.0,0.0,0.0,f74ca01fe91e421b9f96864d8d59feca,scene-0923,44
0.6143,1.3125,1.5703,0.5387,0.8251,1.2079,0.0,0.0,0.0,0.0,0.0,0.0,0.0,0.0,0.0,ok,straight,0.6143,1.3125,1.5703,0.5387,0.8251,1.2079,False,"[-0.1305, -0.1305, -0.1305, -0.0653, -0.2611, -0.0, -0.1305, -0.1305]","[-153.6991, -3647.8173, -3811.5844, -3818.6402, -3825.7695, -4858.2788, -7583.6105, -181456.3978]","[1.8048, -1003646.3364, -1003810.054, -1003817.1098, -1003824.2391, -1004856.7979, -1007582.0801, -1181454.9168]","[1.208, 1.252, 1.224, 1.761, 2.573, 1.54, 1.659, 10.288]",2.9028,0.0,0.0,0.0,0.0,0.0,0.0,0.0,0.0,0.0,1.2079,8.0,0.6143,1.3125,1.5703,0.5387,0.8251,1.2079,"[[3.115, 0.0], [6.541, -0.131], [9.682, -0.131], [12.823, -0.131], [15.393, -0.261], [19.961, -0.261]]",0.0,0.0,0.0,0.0,0.0,0.0,0.0,1.0,ok,10.2884,0.0,0.0,0.0,0.0,0.0,0.0,0.0,0.0,0.0,c201dea88033406fb304747d32b823a6,scene-0924,44
0.8127,0.9167,2.4263,0.4997,0.6944,0.9836,0.0,0.0,0.0,0.0,0.0,0.0,0.0,0.0,0.0,ok,straight,0.8127,0.9167,2.4263,0.4997,0.6944,1.316,False,"[-0.0653, -0.1305, -0.0653, -0.2611, -0.4569, -0.0653, -0.2611, -0.0]","[-296.3087, -2880.3625, -4863.7731, -7047.4154, -9863.693, -10203.6734, -13573.7418, -19970.4285]","[4.6495, -1002877.8122, -1004861.2228, -1007044.8651, -1009861.1605, -1010201.1408, -1013571.2093, -1019967.896]","[1.316, 1.317, 1.234, 1.513, 3.186, 3.029, 2.499, 2.938]",0.8076,0.0,0.0,0.0,0.0,0.0,0.0,0.0,0.0,0.0,1.2343,8.0,0.8127,0.9167,1.8934,0.4997,0.6944,1.2343,"[[3.686, 0.0], [6.827, 0.0], [10.539, -0.131], [14.25, -0.131], [16.249, -0.131], [19.961, -0.131]]",0.0,0.0,0.5329,0.0,0.0,0.0817,1.0,0.0,ok,3.1859,0.0,0.0,0.0,0.0,0.0,0.0,0.0,0.0,0.0,2402ba90f72345d2abbc04224afd0330,scene-0924,44
1.8408,4.3377,6.2428,1.3066,2.4454,3.3146,0.0,0.0,0.0,0.0,0.0,0.0,0.0,0.0,0.0,ok,straight,1.8408,4.3377,6.2428,1.3066,2.4454,3.3146,False,"[-0.1305, -0.5222, -0.1305, -0.0653, -0.718, -1.5666, -0.0653, -0.1958]","[-619.2921, -185.1252, -985.4029, -2385.8269, -6634.3822, -18527.8445, -43123.6511, -779035.3389]","[4.6627, 3.8572, -1000981.9687, -1002382.3927, -1006630.7405, -1018524.2028, -1043120.217, -1779031.9047]","[3.315, 5.0, 3.556, 3.945, 7.218, 4.534, 6.596, 12.549]",2.852,0.0,0.0,0.0,0.0,0.0,0.0,0.0,0.0,0.0,3.3146,8.0,1.8408,4.3377,6.2428,1.3066,2.4454,3.3146,"[[4.257, 0.0], [8.54, 0.0], [12.537, 0.0], [16.82, 0.131], [18.819, 0.261], [23.387, 0.261]]",0.0,0.0,0.0,0.0,0.0,0.0,0.0,1.0,ok,12.5487,0.0,0.0,0.0,0.0,0.0,0.0,0.0,0.0,0.0,43e78092d75e44d7943687203bc111d8,scene-0924,44
5.3539,11.0529,13.563,4.0514,6.87,8.9524,0.0,0.0,0.0,0.0,0.0,0.0,0.0,0.0,0.0,ok,straight,5.3539,11.0616,13.5504,4.0514,6.8722,9.1415,False,"[-0.6527, -0.5875, -0.6527, -0.9791, -1.2402, -0.0, -0.9791, -0.4569]","[-221.755, -2986.2304, -3940.2144, -5179.4368, -7700.9902, -45994.8485, -58569.1094, -106101.1318]","[2.9481, -1002981.592, -1003935.5761, -1005177.4023, -1007696.3519, -1045990.2102, -1058567.0749, -1106099.0974]","[9.141, 9.432, 8.524, 8.787, 8.793, 8.126, 12.002, 11.68]",1.3676,0.0,0.0,0.0,0.0,0.0,0.0,0.0,0.0,0.0,8.1255,8.0,5.3539,8.1822,12.4907,4.0514,5.9462,8.1255,"[[4.257, 0.0], [8.54, -0.131], [13.394, -0.392], [18.248, -0.783], [23.387, -1.044], [25.957, -1.305]]",0.0,2.8793,1.0597,0.0,0.9259,1.016,4.0,0.0,ok,12.0016,0.0,0.0,0.0,0.0,0.0,0.0,0.0,0.0,0.0,6621ea99f14447fdab044d69eac8062a,scene-0924,44
5.081,10.6959,15.4922,3.6955,6.3395,9.1166,0.0,0.0,0.0,0.0,0.0,0.0,0.0,0.0,0.0,ok,straight,5.081,8.4118,9.4949,3.6955,5.7683,6.9277,True,"[-0.0653, -0.1305, -0.0653, -0.718, -0.1958, -0.1305, -0.4569, -0.0653]","[-43.6351, -80.1007, -769.1301, -1143.149, -2116.0408, -2118.989, -7868.2002, -104953.5192]","[3.2419, 2.9397, -1000767.0667, -1001141.0856, -1002113.9711, -1002116.9194, -1007866.1367, -1104951.4495]","[6.928, 8.926, 9.212, 9.413, 8.974, 8.736, 10.975, 17.539]",2.9987,0.0,0.0,0.0,0.0,0.0,0.0,0.0,0.0,0.0,6.9277,8.0,5.081,8.4118,9.4949,3.6955,5.7683,6.9277,"[[3.115, 0.0], [6.541, 0.0], [9.111, 0.0], [10.539, -0.131], [11.395, -0.261], [12.252, -0.131]]",0.0,0.0,0.0,0.0,0.0,0.0,0.0,1.0,ok,17.5394,0.0,0.0,0.0,0.0,0.0,0.0,0.0,0.0,0.0,e6fcfc5cd0254eee901c1bbc0a30a6ba,scene-0925,44
4.6561,8.8066,14.831,3.3683,5.3559,7.9422,0.0,0.0,0.0,0.0,0.0,0.0,0.0,0.0,0.0,ok,straight,4.6561,8.8066,17.9718,3.3683,5.4986,8.7038,False,"[-0.0653, -0.0653, -0.0653, -0.1305, -1.436, -0.1958, -0.1305, -0.1305]","[-135.3304, -187.1317, -298.5589, -265.7589, -618.2401, -8127.8915, -28801.0225, -31103.0058]","[3.863, 3.8588, 3.8377, -1000263.0601, -1000615.5413, -1008125.205, -1028798.336, -1031100.3192]","[8.704, 7.942, 7.562, 9.132, 8.273, 8.514, 10.798, 8.119]",0.9336,0.0,0.0,0.0,0.0,0.0,0.0,0.0,0.0,0.0,7.5618,8.0,4.6561,7.0935,14.831,3.3683,4.9279,7.5618,"[[2.258, 0.0], [5.113, 0.0], [7.398, 0.0], [9.968, 0.0], [13.394, 0.131], [19.104, -0.131]]",0.0,1.7132,3.1408,0.0,0.5708,1.142,5.0,0.0,ok,10.7978,0.0,0.0,0.0,0.0,0.0,0.0,0.0,0.0,0.0,9f7941301fc440459a1a6dd8182d4f91,scene-0925,44
3.5115,5.3228,6.3218,2.741,3.6959,4.4883,0.0,0.0,0.0,0.0,0.0,0.0,0.0,0.0,0.0,ok,straight,3.5115,5.3228,6.3218,2.741,3.6959,4.4883,False,"[-0.0653, -0.0653, -0.1305, -0.0, -0.1305, -0.3916, -0.0653, -0.0653]","[-154.4234, -564.6282, -210.3049, -663.8686, -1935.4825, -3148.1804, -4473.9661, -8231.7224]","[4.4247, 4.2394, 3.82, -1000660.7443, -1001932.3874, -1003145.0561, -1004470.871, -1008228.6273]","[4.488, 4.393, 5.392, 5.392, 5.345, 5.687, 4.251, 4.013]",0.6051,0.0,0.0,0.0,0.0,0.0,0.0,0.0,0.0,0.0,4.0132,8.0,3.5115,5.32,8.0297,2.741,3.5533,4.0132,"[[2.544, 0.0], [5.399, 0.0], [7.398, 0.0], [10.539, -0.131], [13.108, -0.131], [15.964, -0.131]]",0.0,0.0028,-1.7079,0.0,0.1427,0.4751,3.0,0.0,ok,5.6872,0.0,0.0,0.0,0.0,0.0,0.0,0.0,0.0,0.0,870569ebe8bf460eb4dc77e7a465975e,scene-0925,44
2.2906,6.0277,11.7131,1.8458,3.3199,5.3557,0.0,0.0,0.0,0.0,0.0,0.0,0.0,0.0,0.0,ok,straight,2.2906,6.0277,9.9999,1.8458,3.3199,5.0702,True,"[-0.0653, -0.3264, -0.0653, -1.5013, -0.0, -0.0, -0.3916, -0.0]","[-251.5695, -243.5106, -254.3334, -323.8158, -1555.9047, -2313.469, -14313.1286, -84300.6525]","[4.0842, 3.5389, 3.1666, 0.1632, -1001553.6797, -1002310.3264, -1014309.986, -1084298.4275]","[5.07, 6.214, 5.023, 6.372, 5.605, 5.118, 5.426, 12.404]",2.3177,0.0,0.0,0.0,0.0,0.0,0.0,0.0,0.0,0.0,5.0227,8.0,2.291,6.0277,9.9999,1.7033,3.2487,5.0227,"[[4.542, 0.0], [8.54, 0.0], [12.823, 0.0], [18.248, 0.0], [22.245, 0.0], [27.385, -0.131]]",-0.0004,0.0,0.0,0.1425,0.0713,0.0475,1.0,0.0,ok,12.4041,0.0,0.0,0.0,0.0,0.0,0.0,0.0,0.0,0.0,b9ac916091a2417a87126eb9ddd22474,scene-0925,44
2.3616,4.5415,5.998,1.8317,3.0319,3.9286,0.0,0.0,0.0,0.0,0.0,0.0,0.0,0.0,0.0,ok,straight,2.3616,3.9839,5.998,1.8317,2.8925,3.8356,True,"[-0.8486, -0.8486, -0.0653, -2.3499, -0.0, -8.2899, -2.2846, -1.6971]","[-367.3429, -712.5531, -1725.2014, -2247.0854, -7255.1351, -26486.5851, -68037.5042, -72873.6078]","[3.3278, 3.1725, -1001723.2611, -1002245.1451, -1007253.0514, -1026484.5014, -1068035.4205, -1072871.6675]","[3.836, 3.368, 4.346, 3.923, 3.692, 7.116, 6.775, 6.226]",1.4311,0.0,0.0,0.0,0.0,0.0,0.0,0.0,0.0,0.0,3.3681,8.0,0.9304,3.7412,5.998,0.9733,2.1912,3.3681,"[[1.973, 0.0], [3.686, 0.131], [5.97, 0.522], [6.827, 0.783], [9.111, 1.697], [10.539, 1.697]]",1.4312,0.2428,0.0,0.8584,0.7013,0.4676,2.0,0.0,ok,7.1162,0.0,0.0,0.0,0.0,0.0,0.0,0.0,0.0,0.0,45eda670b5a840acbb730aac15e63b19,scene-0926,44
0.1128,0.3597,0.6998,0.2284,0.3058,0.524,0.0,0.0,0.0,0.0,0.0,0.0,0.0,0.0,0.0,ok,straight,0.4839,0.3597,0.799,0.5535,0.4683,0.6484,False,"[-1.0444, -1.0444, -1.3708, -1.5013, -6.1358, -0.8486, -1.5666, -0.5222]","[-110.4586, -2518.2628, -2947.5539, -4348.787, -7939.9679, -9703.7819, -15147.9078, -79929.0166]","[3.617, -1002515.7004, -1002944.9915, -1004346.2038, -1007937.3847, -1009701.2195, -1015145.3454, -1079926.4334]","[0.648, 1.281, 1.34, 1.674, 2.388, 2.855, 2.521, 3.216]",0.8305,0.0,0.0,0.0,0.0,0.0,0.0,0.0,0.0,0.0,0.6484,8.0,0.4839,0.3597,0.799,0.5535,0.4683,0.6484,"[[2.829, -0.131], [5.113, -0.131], [7.683, -0.522], [9.682, -0.783], [11.681, -1.175], [15.393, -2.089]]",0.0,0.0,0.0,0.0,0.0,0.0,0.0,1.0,ok,3.2163,0.0,0.0,0.0,0.0,0.0,0.0,0.0,0.0,0.0,6d24000d98854d99b5af251bfdf31561,scene-0926,44
0.6361,0.9345,2.5745,0.549,0.6451,1.0782,0.0,0.0,0.0,0.0,0.0,0.0,0.0,0.0,0.0,ok,straight,0.6361,0.217,4.2781,0.549,0.4657,1.2425,False,"[-0.0, -0.0653, -0.0653, -0.1305, -0.0653, -0.0653, -0.0653, -0.718]","[-210.5166, -14.0992, -295.4542, -302.9318, -922.1781, -2668.1189, -4637.9287, -5395.1286]","[3.0814, 2.8796, 2.7405, 2.4378, -1000920.5581, -1002666.4989, -1004636.3087, -1005393.5085]","[1.243, 1.316, 0.959, 0.958, 0.731, 1.929, 1.739, 1.682]",0.4019,0.0,0.0,0.0,0.0,0.0,0.0,0.0,0.0,0.0,0.7306,8.0,0.6361,0.217,1.4533,0.549,0.4657,0.7306,"[[2.258, 0.0], [4.542, 0.0], [6.827, 0.0], [9.682, 0.0], [10.253, -0.131], [9.396, 0.0]]",0.0,0.0,2.8247,0.0,0.0,0.5119,3.0,0.0,ok,1.9294,0.0,0.0,0.0,0.0,0.0,0.0,0.0,0.0,0.0,0a6754bbd15c4a99a0df920e42cb8353,scene-0926,44
2.8865,4.5626,6.2606,2.1366,3.2224,4.4041,0.0,0.0,0.0,0.0,0.0,0.0,0.0,0.0,0.0,ok,straight,2.3154,4.5626,9.3995,1.9938,3.1511,4.689,False,"[-0.0, -0.0653, -0.0653, -0.0653, -0.0653, -0.0653, -0.1305, -0.1305]","[-376.9799, -80.6035, -134.1371, -384.0494, -4515.8588, -18564.3456, -66927.5205, -1197366.2221]","[3.5773, 1.9311, 1.931, 1.9092, -1004514.5677, -1018563.0334, -1066926.2083, -2197364.931]","[4.689, 4.023, 4.261, 4.214, 4.597, 4.975, 13.351, 13.929]",3.9876,0.0,0.0,0.0,0.0,0.0,0.0,0.0,0.0,0.0,4.0235,8.0,2.8865,4.5626,6.2606,2.1366,3.2224,4.0235,"[[3.971, 0.0], [6.827, 0.0], [11.11, 0.0], [14.25, -0.131], [17.962, 0.0], [23.958, 0.0]]",-0.5711,0.0,3.1389,-0.1428,-0.0714,0.6656,4.0,0.0,ok,13.9295,0.0,0.0,0.0,0.0,0.0,0.0,0.0,0.0,0.0,70308748f324468193d6189ab556f8e5,scene-0926,44
0.6852,0.1385,0.533,0.598,0.4487,0.3953,0.0,0.0,0.0,0.0,0.0,0.0,0.0,0.0,0.0,ok,straight,0.6852,0.1385,0.6513,0.598,0.4487,0.5468,False,"[-0.0653, -0.0653, -0.1305, -0.0, -0.0, -0.1305, -1.0444, -0.3916]","[-93.484, -110.7289, -40.1302, -688.8623, -1575.4925, -2929.0558, -7551.6281, -58774.0817]","[3.229, 3.2257, 3.0314, -1000686.5963, -1001573.2289, -1002926.7898, -1007549.3621, -1058771.8181]","[0.547, 0.499, 0.689, 2.163, 1.115, 1.11, 2.114, 3.94]",1.0974,0.0,0.0,0.0,0.0,0.0,0.0,0.0,0.0,0.0,0.4992,8.0,0.6852,0.1385,0.6513,0.4554,0.3774,0.4992,"[[3.4, 0.0], [6.541, 0.0], [9.396, 0.0], [12.252, 0.0], [16.249, 0.0], [19.39, -0.131]]",0.0,0.0,0.0,0.1426,0.0713,0.0475,1.0,0.0,ok,3.9399,0.0,0.0,0.0,0.0,0.0,0.0,0.0,0.0,0.0,5d785cd90a884e0ebf9c5047a527df76,scene-0927,44
0.6109,1.8872,2.6272,0.5677,0.9744,1.3983,0.0,0.0,0.0,0.0,0.0,0.0,0.0,0.0,0.0,ok,straight,0.6109,1.8872,2.6272,0.5677,0.9744,1.3983,False,"[-0.0653, -0.2611, -0.0, -0.0653, -8.2899, -0.1305, -0.1958, -0.0653]","[-114.3596, -27.5382, -308.0813, -1606.2667, -2318.3506, -9154.017, -9444.0293, -90262.3526]","[3.117, 3.0476, 2.4677, -1001604.6957, -1002316.1129, -1009152.4461, -1009441.7916, -1090260.7817]","[1.398, 1.82, 1.628, 1.628, 4.221, 4.006, 2.299, 4.033]",1.1555,0.0,0.0,0.0,0.0,0.0,0.0,0.0,0.0,0.0,1.3983,8.0,0.6109,1.8872,2.6272,0.5677,0.9744,1.3983,"[[3.115, 0.0], [6.541, 0.0], [9.682, 0.0], [11.966, 0.131], [15.107, 0.131], [17.391, 0.131]]",0.0,0.0,0.0,0.0,0.0,0.0,0.0,1.0,ok,4.2208,0.0,0.0,0.0,0.0,0.0,0.0,0.0,0.0,0.0,47a99007d3cd489fb6e671accaac003e,scene-0927,44
1.1944,1.4069,2.3072,0.8599,1.1957,1.6415,0.0,0.0,0.0,0.0,0.0,0.0,0.0,0.0,0.0,ok,straight,1.1944,1.4069,2.3072,0.8599,1.0529,1.4031,True,"[-0.0653, -0.0653, -0.0653, -0.1305, -0.1305, -0.1958, -0.7833, -0.0]","[-51.7207, -188.8678, -570.9434, -167.3963, -625.4398, -696.7086, -856.1555, -9287.9421]","[2.7702, 2.722, 2.5918, 2.4528, 2.2967, -1000694.9389, -1000854.3842, -1009286.1723]","[1.403, 1.213, 1.879, 1.784, 2.166, 1.221, 2.475, 2.341]",0.4645,0.0,0.0,0.0,0.0,0.0,0.0,0.0,0.0,0.0,1.2127,8.0,1.1944,0.8358,2.3072,0.8599,0.7674,1.2127,"[[2.258, 0.0], [4.542, 0.0], [5.97, 0.0], [7.969, 0.0], [10.253, 0.0], [12.537, -0.131]]",0.0,0.5711,0.0,0.0,0.2855,0.1903,2.0,0.0,ok,2.4748,0.0,0.0,0.0,0.0,0.0,0.0,0.0,0.0,0.0,13023d830bad41fbab80efdea5a548ce,scene-0927,44
0.9256,0.8495,1.157,0.7083,0.8754,0.9485,0.0,0.0,0.0,0.0,0.0,0.0,0.0,0.0,0.0,ok,straight,0.9256,0.8495,0.8717,0.7083,0.8754,0.9009,True,"[-0.3916, -0.3916, -0.9791, -1.1097, -0.7833, -0.718, -0.5875, -0.3264]","[-43.1529, -351.5743, -615.4281, -710.2441, -749.3301, -1339.4336, -2463.9644, -775816.0642]","[3.7842, 3.7558, 1.5789, -1000707.8657, -1000746.9244, -1001337.0279, -1002461.5587, -1775813.6857]","[0.901, 0.956, 1.25, 1.942, 1.207, 1.962, 1.322, 8.881]",2.5142,0.0,0.0,0.0,0.0,0.0,0.0,0.0,0.0,0.0,0.9009,8.0,0.9256,0.8495,0.8717,0.7083,0.8754,0.9009,"[[3.686, 0.0], [7.398, 0.0], [11.11, 0.131], [14.25, 0.392], [17.962, 0.522], [21.389, 0.783]]",0.0,0.0,0.0,0.0,0.0,0.0,0.0,1.0,ok,8.8811,0.0,0.0,0.0,0.0,0.0,0.0,0.0,0.0,0.0,841dd882d0bb442a8e17509f5decee06,scene-0927,44
1.5297,4.762,6.6018,1.1038,2.5213,3.6109,0.0,0.0,0.0,0.0,0.0,0.0,0.0,0.0,0.0,ok,straight,1.5297,4.762,6.6018,1.1038,2.5213,3.6109,False,"[-0.0, -0.0, -0.6527, -0.9791, -0.3916, -0.1958, -1.1097, -0.0]","[-189.1348, -396.045, -246.8588, -922.3988, -3354.3777, -3416.9531, -4857.5349, -5636.954]","[4.7308, 4.6254, 3.1549, -1000919.7136, -1003351.6977, -1003414.2679, -1004854.8549, -1005634.274]","[3.611, 3.421, 5.371, 3.791, 4.89, 4.096, 4.257, 3.265]",0.6853,0.0,0.0,0.0,0.0,0.0,0.0,0.0,0.0,0.0,3.2646,8.0,0.6736,4.762,5.465,0.533,2.2359,3.2646,"[[4.257, 0.0], [8.54, 0.0], [13.394, 0.0], [18.248, 0.0], [21.674, 0.0], [26.528, 0.0]]",0.8561,0.0,1.1368,0.5708,0.2854,0.3463,2.0,0.0,ok,5.3711,0.0,0.0,0.0,0.0,0.0,0.0,0.0,0.0,0.0,fd0915986a6444ee8296894d2a307291,scene-0928,44
0.1401,0.328,1.2305,0.0849,0.2621,0.4967,0.0,0.0,0.0,0.0,0.0,0.0,0.0,0.0,0.0,ok,straight,0.1401,1.5465,0.8707,0.0849,0.5951,0.6429,False,"[-0.0653, -0.0653, -0.1305, -3.1332, -0.7833, -1.0444, -0.0653, -0.1958]","[-714.7802, -60.1382, -697.5996, -863.6316, -977.3879, -3621.7011, -35303.4776, -1109374.1998]","[4.1766, 4.1596, -1000694.4609, -1000860.4742, -1000974.2304, -1003618.5437, -1035300.3389, -2109371.0611]","[0.643, 0.423, 0.86, 1.934, 1.316, 1.464, 2.818, 9.705]",2.8542,0.0,0.0,0.0,0.0,0.0,0.0,0.0,0.0,0.0,0.4233,8.0,0.1548,0.328,0.8707,0.0923,0.2658,0.4233,"[[2.829, 0.0], [5.399, 0.0], [7.398, -0.131], [8.825, 0.0], [13.108, 0.0], [15.393, -0.131]]",-0.0147,1.2185,0.0,-0.0073,0.3294,0.2196,1.0,0.0,ok,9.7048,0.0,0.0,0.0,0.0,0.0,0.0,0.0,0.0,0.0,b16163568a0e472791b837c0ecad1e5b,scene-0928,44
1.6584,5.6307,10.6331,1.0182,2.8508,4.9757,0.0,0.0,0.0,0.0,0.0,0.0,0.0,0.0,0.0,ok,right,1.6584,5.6307,10.6284,1.0182,2.8508,5.2029,False,"[-2.3499, -2.3499, 1.2402, -8.2899, -8.2899, -8.2899, -1.436, -8.2899]","[-485.1098, -2339.3679, -7128.1028, -14364.0831, -31779.4696, -35467.3346, -62809.8223, -318199.6952]","[2.9208, -1002337.5598, -1007126.2947, -1014362.4024, -1031777.7889, -1035465.5264, -1062808.1417, -1318197.8871]","[5.203, 4.985, 3.739, 6.676, 9.24, 9.019, 4.5, 11.426]",2.5685,0.0,0.0,0.0,0.0,0.0,0.0,0.0,0.0,0.0,3.7389,8.0,1.6584,4.6056,3.5605,1.0182,2.5246,3.7389,"[[1.687, 0.131], [3.686, 0.653], [5.113, 1.697], [6.541, 2.35], [8.254, 4.569], [8.254, 4.7]]",0.0,1.025,7.0679,0.0,0.3263,1.464,3.0,0.0,ok,11.4258,0.0,0.0,0.0,0.0,0.0,0.0,0.0,0.0,0.0,ca53a4aa044c4a319d6bd855757d5d43,scene-0928,44
1.5897,1.4846,1.32,1.0167,1.0687,1.0722,0.0,0.0,0.0,0.0,0.0,0.0,0.0,0.0,0.0,ok,straight,2.4426,2.5859,1.32,1.4507,2.3309,1.9136,False,"[-0.6527, -1.436, -0.718, -1.1749, -0.7833, -0.6527, -2.8721, -0.3264]","[-589.716, -756.2332, -1127.7787, -2642.2093, -3094.6552, -3625.5281, -19429.3099, -145307.8928]","[3.2761, 2.2281, -1001125.526, -1002639.9566, -1003092.4373, -1003623.3102, -1019427.092, -1145305.6749]","[1.914, 2.929, 2.799, 2.311, 2.247, 1.685, 2.924, 9.489]",2.3837,0.0,0.0,0.0,0.0,0.0,0.0,0.0,0.0,0.0,1.6845,8.0,2.4426,3.4421,1.32,1.4507,1.9872,1.6845,"[[3.115, -0.131], [7.398, 0.0], [11.681, -0.392], [13.394, -0.261], [14.25, -1.044], [17.391, -1.305]]",0.0,-0.8562,0.0,0.0,0.3437,0.2291,1.0,0.0,ok,9.4895,0.0,0.0,0.0,0.0,0.0,0.0,0.0,0.0,0.0,084108c61ce14d2cb00f7e8102e03626,scene-0928,44
1.5674,3.0369,7.2445,1.1299,1.9366,3.3816,0.0,0.0,0.0,0.0,0.0,0.0,0.0,0.0,0.0,ok,straight,1.5674,3.8851,7.2445,1.1299,2.2199,3.5705,False,"[-1.2402, -1.2402, -0.9791, -0.9138, -2.0235, -1.1749, -1.0444, -0.9138]","[-25.1318, -465.8605, -6480.4978, -7020.4894, -27087.344, -111397.3158, -167173.1042, -994001.227]","[4.2129, 4.0399, -1006476.8269, -1007016.6469, -1027083.6731, -1111393.4733, -1167169.4333, -1993997.3844]","[3.57, 3.593, 3.785, 3.917, 5.229, 5.004, 11.643, 12.065]",3.374,0.0,0.0,0.0,0.0,0.0,0.0,0.0,0.0,0.0,3.5705,8.0,1.5674,3.8851,7.2445,1.1299,2.2199,3.5705,"[[3.4, -0.131], [6.541, -0.261], [9.968, -0.522], [13.108, -1.175], [16.249, -1.958], [19.961, -2.48]]",0.0,0.0,0.0,0.0,0.0,0.0,0.0,1.0,ok,12.0645,0.0,0.0,0.0,0.0,0.0,0.0,0.0,0.0,0.0,dad9942ea8f1409985140f500c69c88e,scene-0929,44
1.4941,3.2982,5.0713,1.1769,1.9598,2.7679,0.0,0.0,0.0,0.0,0.0,0.0,0.0,0.0,0.0,ok,straight,1.4941,3.2982,6.1911,1.1769,1.9598,3.0469,False,"[-1.2402, -1.2402, -2.8721, -2.4804, -3.8512, -1.1749, -3.0026, -0.8486]","[-36.3677, -295.5529, -776.3272, -3076.4405, -11826.3986, -126847.7433, -130510.5906, -143575.2158]","[4.4473, 4.4396, 2.8545, -1003073.6405, -1011823.5986, -1126844.9397, -1130507.7869, -1143572.4158]","[3.047, 3.239, 3.9, 3.871, 3.714, 5.393, 5.073, 9.028]",1.8202,0.0,0.0,0.0,0.0,0.0,0.0,0.0,0.0,0.0,3.0469,8.0,1.4941,3.2982,6.1911,1.1769,1.9598,3.0469,"[[3.686, -0.131], [7.398, -0.261], [11.11, -0.783], [15.107, -1.436], [18.819, -1.958], [23.387, -2.48]]",0.0,0.0,0.0,0.0,0.0,0.0,0.0,1.0,ok,9.0279,0.0,0.0,0.0,0.0,0.0,0.0,0.0,0.0,0.0,633856fa1c53411c931b7503a188521d,scene-0929,44
0.1875,2.2374,3.601,0.367,1.0752,1.7959,0.0,0.0,0.0,0.0,0.0,0.0,0.0,0.0,0.0,ok,straight,0.099,2.2374,4.4575,0.18,0.839,1.7811,True,"[-0.0, -0.0, -0.3264, -0.0653, -0.0653, -0.5222, -0.5222, -8.2899]","[-104.6521, -176.662, -86.9398, -1542.5978, -2020.7734, -6129.7011, -9852.1201, -13409.1456]","[3.7472, 3.7057, 3.6291, -1001540.1848, -1002018.3341, -1006127.2618, -1009849.7072, -1013406.7326]","[1.781, 1.843, 2.453, 1.369, 1.688, 2.615, 2.899, 5.834]",1.3299,0.0,0.0,0.0,0.0,0.0,0.0,0.0,0.0,0.0,1.3694,8.0,0.1875,2.2374,3.6038,0.367,0.9325,1.3694,"[[1.402, 0.0], [2.829, 0.0], [4.542, 0.0], [6.541, 0.0], [7.398, 0.0], [9.111, 0.0]]",-0.0885,0.0,0.8537,-0.187,-0.0935,0.4117,2.0,0.0,ok,5.8342,0.0,0.0,0.0,0.0,0.0,0.0,0.0,0.0,0.0,4cf5a8b9ae7140e79b98c583ee502999,scene-0929,44
2.2986,4.3728,6.7181,1.9423,2.9213,3.931,0.0,0.0,0.0,0.0,0.0,0.0,0.0,0.0,0.0,ok,straight,2.2986,4.3728,6.1029,1.9423,2.9213,3.8285,True,"[-0.1305, -0.1305, -1.6971, -1.2402, -8.2899, -0.4569, -5.5484, -0.0653]","[-44.2478, -92.4202, -1590.7124, -4912.0141, -6161.9254, -27476.703, -48758.2615, -247362.7637]","[3.6975, 3.6814, -1001588.2811, -1004909.5674, -1006159.4788, -1027474.2717, -1048755.8148, -1247360.3324]","[3.829, 3.495, 3.845, 4.592, 5.829, 6.493, 5.315, 14.656]",3.4148,0.0,0.0,0.0,0.0,0.0,0.0,0.0,0.0,0.0,3.4954,8.0,1.442,4.3728,6.1029,0.943,2.4216,3.4954,"[[2.829, 0.0], [4.828, 0.0], [7.398, 0.0], [9.968, 0.131], [12.537, 0.131], [15.393, 0.261]]",0.8566,0.0,0.0,0.9993,0.4997,0.3331,1.0,0.0,ok,14.6563,0.0,0.0,0.0,0.0,0.0,0.0,0.0,0.0,0.0,cfb661d2947841ad8d6d18a0bb169d80,scene-0929,44
0.4468,0.7231,0.298,0.4974,0.4917,0.4852,0.0,0.0,0.0,0.0,0.0,0.0,0.0,0.0,0.0,ok,left,0.3482,0.7231,0.298,0.3334,0.4375,0.5188,False,"[1.2402, 1.2402, 2.2846, 3.1985, 8.2899, -5.0914, -8.2899, 8.2899]","[-282.1089, -704.303, -1314.829, -1673.4839, -42493.5085, -118116.8603, -141428.2351, -228965.1215]","[2.2564, -1000703.1287, -1001313.3666, -1001672.3096, -1042492.0462, -1118115.398, -1141427.0608, -1228963.9472]","[0.519, 1.086, 1.12, 4.027, 3.858, 4.868, 6.548, 6.785]",2.309,0.0,0.0,0.0,0.0,0.0,0.0,0.0,0.0,0.0,0.5188,8.0,0.3482,0.7231,0.298,0.3334,0.4375,0.5188,"[[1.973, 0.0], [4.828, 0.522], [6.827, 0.522], [9.968, 1.697], [13.108, 2.48], [15.393, 2.48]]",0.0,0.0,0.0,0.0,0.0,0.0,0.0,1.0,ok,6.7847,0.0,0.0,0.0,0.0,0.0,0.0,0.0,0.0,0.0,e57fa7124f6741e697b1841bc023a90f,scene-0930,44
0.1374,1.7679,4.2963,0.0897,0.7173,1.5635,0.0,0.0,0.0,0.0,0.0,0.0,0.0,0.0,0.0,ok,straight,0.1374,1.7679,4.2963,0.0897,0.7173,1.7533,False,"[-0.0, -0.0, -1.0444, -1.1749, -0.1305, -0.0, -0.0653, -0.0]","[-43.012, -15.9913, -191.092, -2643.2436, -5082.9422, -7708.8723, -8498.6434, -178511.6996]","[3.7537, 3.749, 1.5266, -1002640.5743, -1005080.2678, -1007706.203, -1008495.9742, -1178509.0252]","[1.753, 1.897, 1.892, 1.897, 1.657, 1.638, 2.165, 10.091]",2.7324,0.0,0.0,0.0,0.0,0.0,0.0,0.0,0.0,0.0,1.6379,8.0,0.1374,2.3383,4.2963,0.0897,0.9321,1.6379,"[[1.973, 0.0], [3.686, 0.0], [5.113, 0.0], [6.541, 0.0], [7.398, 0.0], [9.111, 0.0]]",0.0,-0.5704,0.0,0.0,-0.2148,0.1153,2.0,0.0,ok,10.0912,0.0,0.0,0.0,0.0,0.0,0.0,0.0,0.0,0.0,0e9f5667298748c4af70e09079465060,scene-0930,44
0.3368,0.8367,0.4739,0.3426,0.6189,0.7791,0.0,0.0,0.0,0.0,0.0,0.0,0.0,0.0,0.0,ok,straight,0.0848,0.5503,1.3156,0.6427,0.6391,0.9328,False,"[-0.3916, -0.4569, -0.3264, -0.3916, -0.3264, -0.1958, -2.5457, -0.3916]","[-1304.2326, -651.2823, -331.8434, -101.7042, -1920.9324, -3907.0011, -4212.2412, -106454.6185]","[3.2158, 3.145, 3.0821, 2.9991, -1001918.4327, -1003904.7528, -1004209.9929, -1106452.1188]","[0.933, 0.677, 0.904, 0.971, 1.132, 1.11, 1.557, 3.8]",0.9426,0.0,0.0,0.0,0.0,0.0,0.0,0.0,0.0,0.0,0.6769,8.0,0.0848,0.5503,1.0546,0.6427,0.6391,0.6769,"[[2.258, 0.0], [6.827, -0.131], [9.682, 0.261], [13.394, -0.131], [14.25, -0.653], [17.391, -0.783]]",0.0,0.0,0.2609,0.0,0.0,0.2559,2.0,0.0,ok,3.7996,0.0,0.0,0.0,0.0,0.0,0.0,0.0,0.0,0.0,ff93d6dd1c0e4c569ee4bbc0c965c7f2,scene-0930,44
1.3278,2.5743,2.8338,0.9804,1.6049,1.9295,0.0,0.0,0.0,0.0,0.0,0.0,0.0,0.0,0.0,ok,right,1.0866,2.5694,2.8338,0.5836,1.4053,1.7923,True,"[0.9791, 0.9791, 0.7833, 1.2402, 1.6319, -8.2899, -8.2899, 1.6319]","[-117.4339, -621.1316, -2547.3672, -13330.3744, -17016.0301, -18021.3599, -18178.2538, -30835.6021]","[4.2132, 3.4392, -1002545.6349, -1013327.9181, -1017013.5737, -1018019.6276, -1018176.5215, -1030833.1457]","[1.792, 2.401, 3.443, 2.608, 3.112, 6.656, 5.618, 3.952]",1.5576,0.0,0.0,0.0,0.0,0.0,0.0,0.0,0.0,0.0,1.7923,8.0,1.0866,2.5694,2.8338,0.5836,1.4053,1.7923,"[[1.687, 0.0], [4.257, -0.522], [6.827, -0.522], [9.396, -0.914], [11.11, -1.305], [13.679, -1.958]]",0.0,0.0,0.0,0.0,0.0,0.0,0.0,1.0,ok,6.6557,0.0,0.0,0.0,0.0,0.0,0.0,0.0,0.0,0.0,45cd8c6a4f8c4de8b7b47db174692dda,scene-0930,44
1.2198,1.4688,4.8172,0.8881,1.2249,2.2794,0.0,0.0,0.0,0.0,0.0,0.0,0.0,0.0,0.0,ok,right,1.2198,1.4688,4.8172,0.8881,1.0936,2.1919,True,"[1.5666, 2.6763, 1.5666, 2.9374, 4.047, 1.9582, -8.2899, 2.8068]","[-190.4659, -1870.066, -4172.9868, -9665.3094, -14061.2115, -15988.2483, -22112.0287, -130594.3528]","[3.6959, -1001867.1868, -1004170.1076, -1009662.4302, -1014058.2344, -1015985.2712, -1022109.1494, -1130591.3757]","[2.192, 2.263, 2.248, 2.21, 2.602, 3.962, 4.336, 4.285]",0.929,0.0,0.0,0.0,0.0,0.0,0.0,0.0,0.0,0.0,2.1919,8.0,1.2198,1.4688,4.8172,0.8881,1.0936,2.1919,"[[1.973, 0.0], [3.971, -0.261], [6.541, -0.783], [8.54, -1.567], [9.111, -1.828], [10.539, -3.133]]",0.0,0.0,0.0,0.0,0.0,0.0,0.0,1.0,ok,4.3362,0.0,0.0,0.0,0.0,0.0,0.0,0.0,0.0,0.0,b139c133286247d48093bba9151920b2,scene-0931,44
0.4362,0.8593,0.9517,0.3715,0.5443,0.6432,0.0,0.0,0.0,0.0,0.0,0.0,0.0,0.0,0.0,ok,right,0.4657,0.8593,0.9517,0.277,0.476,0.5976,True,"[0.7833, 0.718, 0.5875, 0.7833, 0.8486, 0.6527, 0.7833, 0.3264]","[-683.4052, -1428.116, -1488.3506, -5620.0603, -6138.8574, -6521.2362, -11819.7133, -387564.6033]","[3.0207, -1001423.7088, -1001486.3659, -1005615.6531, -1006134.4503, -1006519.2515, -1011815.3061, -1387562.6186]","[0.598, 2.243, 1.333, 1.586, 2.064, 3.419, 3.595, 11.673]",3.2971,0.0,0.0,0.0,0.0,0.0,0.0,0.0,0.0,0.0,0.5976,8.0,0.4657,0.8593,0.9517,0.277,0.476,0.5976,"[[2.544, 0.0], [5.399, -0.261], [6.827, -0.392], [9.968, -0.522], [11.11, -0.914], [13.679, -1.567]]",0.0,0.0,0.0,0.0,0.0,0.0,0.0,1.0,ok,11.6731,0.0,0.0,0.0,0.0,0.0,0.0,0.0,0.0,0.0,ff16d788ac4244e98f9bf8097cf6267c,scene-0931,44
3.3235,6.928,10.7147,2.6106,4.157,5.8361,0.0,0.0,0.0,0.0,0.0,0.0,0.0,0.0,0.0,ok,straight,3.3235,6.3633,10.7147,2.6106,4.0158,5.742,True,"[-1.2402, -1.2402, -2.2193, -1.1749, -0.5875, -6.7886, -8.2899, -0.3916]","[-137.0149, -180.499, -3810.549, -5562.3629, -10518.1429, -14438.2383, -37260.2439, -50842.8804]","[5.1288, 5.1254, -1003806.8168, -1005558.6318, -1010514.4108, -1014434.5071, -1037256.5118, -1050839.1492]","[5.742, 5.552, 5.571, 6.052, 7.832, 7.889, 9.394, 4.913]",1.4586,0.0,0.0,0.0,0.0,0.0,0.0,0.0,0.0,0.0,4.9131,8.0,3.039,6.3633,0.9763,2.0421,3.7315,4.9131,"[[2.829, 0.131], [5.399, 0.261], [7.683, 0.522], [10.539, 1.044], [12.823, 1.697], [16.82, 2.48]]",0.2845,0.0,9.7384,0.5686,0.2843,0.8289,3.0,0.0,ok,9.3939,0.0,0.0,0.0,0.0,0.0,0.0,0.0,0.0,0.0,e9c58a877bde42e68c0a4850cd93c6ca,scene-0931,44
1.5537,3.1756,5.7278,1.0428,1.875,2.8651,0.0,0.0,0.0,0.0,0.0,0.0,0.0,0.0,0.0,ok,straight,0.2081,2.4505,5.2039,0.2631,1.3039,2.3971,True,"[-0.8486, -0.8486, -0.0, -1.6319, -0.8486, -1.436, -1.5666, -2.611]","[-986.5917, -3405.6553, -5228.414, -27212.1141, -11127.6857, -11336.8431, -14749.1783, -47908.3353]","[4.0342, -1003403.1228, -1005225.8815, -1027209.5816, -2012639.6217, -2012848.7791, -2016261.1143, -2049420.2713]","[2.397, 2.748, 2.564, 3.48, 2.864, 2.483, 3.746, 3.97]",0.5726,0.0,0.0,0.0,0.0,0.0,0.0,0.0,0.0,0.0,2.3971,8.0,0.2081,2.4505,5.2039,0.2631,1.3039,2.3971,"[[1.402, -0.261], [2.258, 0.0], [5.113, -0.522], [5.685, 0.522], [7.398, 1.044], [8.54, 1.697]]",0.0,0.0,0.0,0.0,0.0,0.0,0.0,1.0,ok,3.9702,0.0,0.0,0.0,0.0,0.0,0.0,0.0,0.0,0.0,aa08bd8260bd4cb5a342c2efb1afde0a,scene-0931,44
0.9881,3.2535,4.5061,0.9562,1.922,2.7799,0.0,0.0,0.0,0.0,0.0,0.0,0.0,0.0,0.0,ok,straight,2.4042,3.2535,5.9759,1.5225,2.2051,3.3548,False,"[-0.1305, -0.2611, -0.2611, -0.3264, -0.5875, -0.7833, -0.5222, -0.3264]","[-513.449, -167.1975, -429.8835, -383.9042, -530.071, -137.1506, -787.8419, -2972.6814]","[2.9454, 2.7142, 2.3882, 2.1144, 0.6607, 0.1339, -1000786.5068, -1002971.3236]","[3.355, 2.78, 2.969, 3.729, 3.106, 2.587, 2.767, 3.73]",0.4101,0.0,0.0,0.0,0.0,0.0,0.0,0.0,0.0,0.0,2.587,8.0,0.9881,3.2535,3.9115,0.9562,1.922,2.587,"[[3.4, 0.0], [7.969, -0.131], [10.539, -0.131], [14.25, -0.261], [19.104, -0.392], [22.245, -0.261]]",1.4161,0.0,2.0643,0.5663,0.2832,0.7678,5.0,0.0,ok,3.73,0.0,0.0,0.0,0.0,0.0,0.0,0.0,0.0,0.0,b2a93b022374432d917cc7db15ca023a,scene-0962,44
0.9212,0.9775,2.1648,0.559,0.9219,1.3255,0.0,0.0,0.0,0.0,0.0,0.0,0.0,0.0,0.0,ok,straight,0.9212,1.3742,2.1648,0.559,0.9208,1.2885,True,"[-1.2402, -1.2402, -1.6971, -1.2402, -0.8486, -0.4569, -8.2899, -0.0653]","[-240.5579, -239.4197, -556.4162, -2214.9653, -2367.5442, -2951.345, -36889.88, -92588.6902]","[3.1768, 3.034, 2.8385, -1002212.7457, -1002365.1817, -1002948.9825, -1036887.6603, -1092586.3277]","[1.289, 1.178, 1.249, 1.366, 1.419, 1.779, 5.219, 4.208]",1.4751,0.0,0.0,0.0,0.0,0.0,0.0,0.0,0.0,0.0,1.1784,8.0,0.9212,1.4054,2.1648,0.559,0.7556,1.1784,"[[2.829, -0.131], [5.113, -0.261], [7.969, -0.914], [10.539, -0.522], [13.108, -1.567], [15.964, -2.48]]",0.0,-0.0312,0.0,0.0,0.1652,0.1101,2.0,0.0,ok,5.2194,0.0,0.0,0.0,0.0,0.0,0.0,0.0,0.0,0.0,af7ce8da343b4de19950c66b15ece116,scene-0962,44
0.8728,0.7174,1.6593,0.6583,0.6485,0.9318,0.0,0.0,0.0,0.0,0.0,0.0,0.0,0.0,0.0,ok,left,0.8728,0.7174,1.6593,0.6583,0.6485,0.9318,False,"[3.3943, 3.3943, 8.2899, 8.2899, 3.5248, -7.6372, -8.2899]","[-242.3045, -323.0094, -10625.7833, -24536.2494, -44317.2355, -141017.0518, -248296.1257]","[2.3009, 2.2945, -1010624.5396, -1024535.0112, -1044315.9918, -1141015.8137, -1248294.882]","[0.932, 0.912, 2.729, 4.148, 2.898, 6.163, 7.696]",2.3675,0.0,0.0,0.0,0.0,0.0,0.0,0.0,0.0,0.0,0.9121,7.0,0.3344,0.7174,1.6593,0.5992,0.6189,0.9121,"[[1.973, 0.131], [3.971, 0.653], [6.541, 1.697], [8.54, 3.003], [10.539, 3.786], [11.966, 6.789]]",0.5383,0.0,0.0,0.059,0.0295,0.0197,1.0,0.0,ok,7.6962,0.0,0.0,0.0,0.0,0.0,0.0,0.0,0.0,0.0,b402f8066efb4e34b7007a1d81aba25e,scene-0962,44
1.1485,0.4295,1.8339,0.7159,0.7965,1.1786,0.0,0.0,0.0,0.0,0.0,0.0,0.0,0.0,0.0,ok,straight,1.1485,1.8562,1.8339,0.7159,1.1532,1.4164,False,"[-0.0653, -0.2611, -0.0653, -0.0653, -0.0653, -0.7833, -0.0653, -0.0653]","[-4.9836, -709.6434, -1049.8104, -2660.7295, -4801.2963, -7532.9709, -17932.6228, -1073975.8969]","[3.2576, 2.4263, -1001047.4298, -1002658.3489, -1004798.9125, -1007530.5903, -1017930.239, -2073973.5131]","[1.416, 0.85, 1.377, 1.232, 1.874, 1.438, 2.259, 10.917]",3.1415,0.0,0.0,0.0,0.0,0.0,0.0,0.0,0.0,0.0,0.8502,8.0,1.1485,0.7496,0.9346,0.7159,0.8761,0.8502,"[[3.4, 0.0], [6.541, 0.0], [9.682, 0.0], [12.823, -0.131], [16.249, -0.131], [19.961, -0.131]]",0.0,1.1066,0.8993,0.0,0.2771,0.5662,3.0,0.0,ok,10.9167,0.0,0.0,0.0,0.0,0.0,0.0,0.0,0.0,0.0,01ac1c5f06994c82be7cc5498a41eab1,scene-0962,44
1.0854,1.131,1.448,0.6323,1.0515,1.2278,0.0,0.0,0.0,0.0,0.0,0.0,0.0,0.0,0.0,ok,straight,1.368,1.5848,1.8465,0.9146,1.0469,1.203,True,"[-0.3916, -0.3916, -0.6527, -0.0653, -1.5013, -0.3264, -0.6527, -0.0653]","[-451.873, -363.4923, -389.3287, -792.2289, -886.5703, -4235.6863, -5920.3901, -225840.22]","[3.0869, 3.0153, 2.4809, -1000789.8773, -1000884.2186, -1004233.3346, -1005917.9656, -1225837.7954]","[1.203, 1.109, 1.323, 2.916, 1.486, 1.459, 1.547, 5.432]",1.3802,0.0,0.0,0.0,0.0,0.0,0.0,0.0,0.0,0.0,1.1089,8.0,1.0854,1.5848,1.8465,0.6323,0.9058,1.1089,"[[2.544, 0.0], [4.828, 0.0], [8.54, 0.131], [10.539, 0.261], [13.679, 0.131], [15.964, 0.783]]",0.2826,0.0,0.0,0.2824,0.1412,0.0941,1.0,0.0,ok,5.432,0.0,0.0,0.0,0.0,0.0,0.0,0.0,0.0,0.0,637fc435f95f4bc1b72f09811f2d78d2,scene-0963,44
0.3222,0.4957,0.3075,0.3617,0.3902,0.4613,0.0,0.0,0.0,0.0,0.0,0.0,0.0,0.0,0.0,ok,straight,0.05,0.4957,0.3075,0.1103,0.2644,0.3775,True,"[-0.0, -0.0, -0.0653, -0.0653, -0.0653, -0.1305, -0.0, -0.0]","[-28.3776, -30.0167, -15.454, -17.8758, -315.7404, -256.0554, -739.8976, -6748.6841]","[2.856, 2.8541, 1.425, 1.4228, 1.2872, -1000254.5534, -1000738.3945, -1006747.1822]","[0.378, 0.461, 0.331, 0.357, 0.702, 1.178, 0.817, 1.67]",0.4456,0.0,0.0,0.0,0.0,0.0,0.0,0.0,0.0,0.0,0.3306,8.0,0.05,0.4957,0.7477,0.1103,0.2644,0.3306,"[[1.687, 0.0], [2.829, 0.0], [3.686, 0.0], [4.542, 0.0], [5.113, 0.0], [6.541, 0.0]]",0.0,0.0,-0.4403,0.0,0.0,0.0469,2.0,0.0,ok,1.6704,0.0,0.0,0.0,0.0,0.0,0.0,0.0,0.0,0.0,cea42507a76141998b455b4fed199c35,scene-0963,44
1.1342,1.4466,2.6274,0.9003,1.1052,1.6246,0.0,0.0,0.0,0.0,0.0,0.0,0.0,0.0,0.0,ok,straight,1.1342,2.2935,2.0585,0.9003,1.3193,1.6725,False,"[-0.0653, -0.0653, -0.0653, -0.1305, -2.0888, -0.2611, -0.0, -0.0653]","[-125.5791, -382.282, -182.4242, -89.8455, -2670.9871, -5077.0889, -14029.1794, -29288.1696]","[5.9585, 5.932, 2.9398, 2.851, -1002669.1149, -1005072.2039, -1014024.2944, -1029286.2974]","[1.673, 2.242, 1.53, 2.48, 3.047, 2.729, 2.01, 4.153]",0.7918,0.0,0.0,0.0,0.0,0.0,0.0,0.0,0.0,0.0,1.5298,8.0,1.1342,1.4466,2.0585,0.9003,1.1052,1.5298,"[[1.116, 0.0], [2.544, 0.0], [3.686, -0.131], [5.97, 0.0], [7.398, -0.131], [7.683, -0.131]]",0.0,0.8469,0.0,0.0,0.2141,0.1427,1.0,0.0,ok,4.1532,0.0,0.0,0.0,0.0,0.0,0.0,0.0,0.0,0.0,f500fa5dbede4e3ba3c8c523748d5110,scene-0963,44
0.3711,1.227,2.9176,0.2417,0.7279,1.3606,0.0,0.0,0.0,0.0,0.0,0.0,0.0,0.0,0.0,ok,straight,0.3711,1.227,2.9176,0.2417,0.7279,1.3606,False,"[-0.0653, -0.0653, -0.0653, -0.1305, -0.5222, -0.0653, -0.3264, -0.1958]","[-139.5859, -136.0782, -155.5953, -297.651, -95.4537, -5108.8022, -14184.2874, -29164.2214]","[4.1767, 3.8309, 3.8289, 3.7414, 1.246, -1005106.3174, -1014181.8026, -1029161.3904]","[1.361, 1.774, 1.63, 0.941, 1.355, 2.916, 4.249, 3.077]",1.0595,0.0,0.0,0.0,0.0,0.0,0.0,0.0,0.0,0.0,0.941,8.0,0.3711,1.227,0.6606,0.2417,0.7279,0.941,"[[1.116, 0.0], [2.258, 0.0], [3.686, 0.0], [3.971, 0.0], [5.113, -0.131], [5.685, -0.131]]",0.0,0.0,2.257,0.0,0.0,0.4196,2.0,0.0,ok,4.2494,0.0,0.0,0.0,0.0,0.0,0.0,0.0,0.0,0.0,3fafefe85e5741469e3539c361ec55ad,scene-0963,44
2.6372,6.8786,11.3388,2.0419,3.9252,5.7315,0.0,0.0,0.0,0.0,0.0,0.0,0.0,0.0,0.0,ok,straight,2.6372,6.8786,11.909,2.0419,3.9252,6.0164,False,"[-0.0653, -0.0653, -0.0653, -0.3264, -0.1305, -0.0653, -0.0653, -0.0]","[-177.1601, -420.7169, -165.8795, -189.833, -2171.4792, -4163.3482, -9385.8113, -158047.0955]","[3.8482, 3.8435, 1.5861, 1.0195, -1002170.6669, -1004162.536, -1009382.7368, -1158046.2833]","[6.016, 5.923, 6.111, 6.977, 6.109, 5.018, 6.023, 13.724]",2.5935,0.0,0.0,0.0,0.0,0.0,0.0,0.0,0.0,0.0,5.0177,8.0,3.4896,6.8786,9.3441,2.3255,4.067,5.0177,"[[3.686, 0.0], [6.541, 0.0], [10.539, -0.131], [14.25, -0.131], [17.391, -0.131], [21.96, -0.131]]",-0.8524,0.0,2.5649,-0.2836,-0.1418,0.9987,2.0,0.0,ok,13.724,0.0,0.0,0.0,0.0,0.0,0.0,0.0,0.0,0.0,b5cbf927fe0d47c39a9c1d1b05279c55,scene-0966,44
8.5042,18.0583,24.8539,6.3667,11.1791,15.1211,0.0,0.0,0.0,0.0,0.0,0.0,0.0,0.0,0.0,ok,straight,8.5042,16.9162,25.9959,6.3667,10.8936,15.2165,False,"[-0.0, -0.0653, -0.0653, -0.0653, -0.1958, -0.0, -0.0653, -0.2611]","[-696.6498, -122.7291, -630.8932, -803.2181, -411.9242, -3720.8449, -4980.1769, -29127.8067]","[3.7288, 3.0381, 2.9766, 2.9579, 1.4816, -1003718.6258, -1004977.9578, -1029125.5875]","[15.216, 14.931, 14.74, 14.885, 14.741, 14.931, 16.977, 24.211]",3.0581,0.0,0.0,0.0,0.0,0.0,0.0,0.0,0.0,0.0,14.7404,8.0,8.5042,16.9162,23.7118,6.3667,10.8936,14.7404,"[[4.257, 0.0], [8.54, 0.0], [13.965, -0.131], [17.106, -0.131], [22.245, 0.261], [27.099, 0.0]]",0.0,0.0,2.2841,0.0,0.0,0.4761,5.0,0.0,ok,24.2107,0.0,0.0,0.0,0.0,0.0,0.0,0.0,0.0,0.0,fbbdca28bed1419a87dd2f0b1ced635f,scene-0966,44
5.5781,9.5208,14.4766,4.3321,6.6439,8.9751,0.0,0.0,0.0,0.0,0.0,0.0,0.0,0.0,0.0,ok,straight,5.5781,10.3756,14.4766,4.3321,6.8576,9.1176,False,"[-0.3264, -0.3264, -0.6527, -0.5222, -0.6527, -0.1958, -0.3916, -0.2611]","[-41.9975, -35.2004, -1478.0536, -3187.7741, -7370.8084, -18453.4817, -30941.2747, -336605.2247]","[3.8776, 3.8645, -1001475.1965, -1003184.9039, -1007367.9382, -1018450.6245, -1030938.4175, -1336602.3545]","[9.118, 9.118, 10.548, 13.073, 8.04, 10.73, 10.823, 23.242]",4.5377,0.0,0.0,0.0,0.0,0.0,0.0,0.0,0.0,0.0,8.0395,8.0,5.5781,10.3756,13.4064,4.3321,6.8576,8.0395,"[[4.828, 0.0], [9.682, -0.131], [15.107, -0.131], [19.961, -0.261], [24.815, -0.261], [29.669, -0.653]]",0.0,0.0,1.0702,0.0,0.0,1.0781,2.0,0.0,ok,23.242,0.0,0.0,0.0,0.0,0.0,0.0,0.0,0.0,0.0,24e19e8837cc4653a68f6869cad091c5,scene-0966,44
2.9552,4.5032,8.538,2.0862,3.1436,4.502,0.0,0.0,0.0,0.0,0.0,0.0,0.0,0.0,0.0,ok,straight,2.9552,4.5032,8.538,2.0862,3.1436,4.5011,True,"[-0.1305, -0.1305, -0.0653, -0.0653, -0.1305, -0.2611, -0.0653, -8.2899]","[-38.4183, -68.4773, -351.8262, -992.9168, -1462.961, -3727.4892, -27932.9041, -60821.4752]","[2.3024, 2.0578, -1000350.7214, -1000991.5689, -1001461.6131, -1003726.3845, -1027931.5562, -1060820.3704]","[4.501, 4.596, 5.358, 5.219, 5.406, 3.944, 7.738, 8.063]",1.407,0.0,0.0,0.0,0.0,0.0,0.0,0.0,0.0,0.0,3.9444,8.0,2.9552,4.7886,7.958,2.0862,3.2861,3.9444,"[[4.542, 0.0], [9.396, -0.131], [13.965, -0.131], [18.248, -0.131], [23.387, -0.261], [29.669, -0.261]]",0.0,-0.2854,0.58,0.0,-0.1424,0.5567,1.0,0.0,ok,8.0633,0.0,0.0,0.0,0.0,0.0,0.0,0.0,0.0,0.0,9e5e0d9f86414e7699c2aed455c137ca,scene-0966,44
1.3349,3.3293,5.9222,0.798,1.7504,2.9075,0.0,0.0,0.0,0.0,0.0,0.0,0.0,0.0,0.0,ok,straight,1.0507,3.3293,5.9222,0.81,1.7564,2.9115,False,"[-0.0, -0.0, -0.0653, -1.3708, -0.7833, -0.2611, -0.3264, -1.6319]","[-12.6703, -42.802, -164.1117, -654.0428, -2167.1933, -4402.6983, -9928.9718, -12041.859]","[4.4476, 4.4406, 4.3046, -1000651.3407, -1002164.4914, -1004399.9961, -1009926.2696, -1012039.1571]","[2.911, 2.907, 3.063, 2.965, 2.562, 4.408, 3.052, 4.919]",0.7835,0.0,0.0,0.0,0.0,0.0,0.0,0.0,0.0,0.0,2.5619,8.0,1.3349,3.3293,6.4114,0.798,1.7504,2.5619,"[[4.257, 0.131], [8.254, 0.0], [12.537, 0.0], [16.82, 0.0], [20.818, 0.0], [24.815, 0.0]]",-0.2843,0.0,-0.4892,0.012,0.006,0.3496,2.0,0.0,ok,4.9192,0.0,0.0,0.0,0.0,0.0,0.0,0.0,0.0,0.0,23d02c83708b4f5e9579bbd99370a672,scene-0967,44
5.4738,11.2087,18.0964,3.9702,6.8802,9.8135,0.0,0.0,0.0,0.0,0.0,0.0,0.0,0.0,0.0,ok,straight,5.4738,10.9232,15.2411,3.9702,6.8089,9.2901,True,"[-0.0653, -0.0653, -0.4569, -0.2611, -0.718, -1.7624, -2.2193, -0.1305]","[-24.8372, -274.6788, -472.4064, -1310.7026, -3389.7674, -7571.8715, -111098.5361, -247583.584]","[5.3616, 1.5412, 1.0342, -1001306.7245, -1003385.7892, -1007571.7108, -1111098.3753, -1247579.6058]","[9.29, 9.338, 9.628, 9.577, 10.3, 13.228, 17.501, 11.056]",2.6657,0.0,0.0,0.0,0.0,0.0,0.0,0.0,0.0,0.0,9.2901,8.0,5.4738,10.9232,15.2411,3.9702,6.8089,9.2901,"[[3.686, 0.0], [7.969, 0.0], [11.966, -0.131], [15.393, -0.131], [18.819, -0.131], [21.96, -0.131]]",0.0,0.0,0.0,0.0,0.0,0.0,0.0,1.0,ok,17.5007,0.0,0.0,0.0,0.0,0.0,0.0,0.0,0.0,0.0,8b95c9f201034aedb14454f4e2869abe,scene-0967,44
3.604,6.4062,10.1576,2.4525,4.0967,5.5672,0.0,0.0,0.0,0.0,0.0,0.0,0.0,0.0,0.0,ok,straight,1.8938,8.6871,13.0088,1.5974,3.9541,6.7082,False,"[-0.0653, -0.1305, -0.5875, -0.1305, -0.0653, -0.0653, -0.1305, -0.3264]","[-549.2762, -888.2827, -4544.0251, -5136.2593, -5159.7844, -12208.8421, -17020.8693, -140907.2823]","[2.6691, 1.5192, -1004543.3408, -1005134.8144, -1005158.3395, -1012208.1578, -1017019.4244, -1140906.598]","[6.708, 5.282, 5.961, 5.472, 7.33, 4.427, 5.023, 6.692]",0.9234,0.0,0.0,0.0,0.0,0.0,0.0,0.0,0.0,0.0,4.4269,8.0,1.8938,6.4062,10.154,1.5974,3.6691,4.4269,"[[3.686, 0.0], [6.827, -0.131], [11.395, -0.131], [18.533, 0.0], [23.673, 0.0], [27.385, -0.131]]",0.0,2.281,2.8548,0.0,0.285,2.2813,6.0,0.0,ok,7.3296,0.0,0.0,0.0,0.0,0.0,0.0,0.0,0.0,0.0,114e0ea88971491bb49e93d56ff96419,scene-0967,44
1.469,3.2674,3.8445,1.2306,1.9638,2.6992,0.0,0.0,0.0,0.0,0.0,0.0,0.0,0.0,0.0,ok,straight,1.469,3.2674,6.1272,1.2306,1.9638,2.9846,False,"[-0.0, -0.0, -0.0653, -0.0653, -0.0653, -0.1305, -0.1305, -0.0]","[-91.5015, -120.173, -254.6473, -495.0894, -2857.6942, -4635.5577, -105032.1122, -135185.3594]","[3.8766, 3.8662, 2.5924, -1000492.9399, -1002855.5349, -1004633.4082, -1105029.9529, -1135183.2099]","[2.985, 3.032, 2.176, 2.798, 4.078, 2.603, 4.844, 12.565]",3.1934,0.0,0.0,0.0,0.0,0.0,0.0,0.0,0.0,0.0,2.1755,8.0,1.469,3.2674,2.6987,1.2306,1.9638,2.1755,"[[2.829, 0.0], [5.113, 0.0], [7.398, 0.0], [9.968, 0.0], [11.966, 0.0], [15.393, 0.0]]",0.0,0.0,3.4285,0.0,0.0,0.8091,3.0,0.0,ok,12.5649,0.0,0.0,0.0,0.0,0.0,0.0,0.0,0.0,0.0,f10cf1a409064743975d04dd496539e0,scene-0967,44
4.265,8.6036,11.8034,3.2635,5.4232,7.4558,0.0,0.0,0.0,0.0,0.0,0.0,0.0,0.0,0.0,ok,straight,3.9801,8.6036,11.8034,2.9786,5.1385,7.0781,True,"[-0.8486, -0.8486, -8.2899, -5.6789, -1.5013, -3.3943, -0.9138, -0.1958]","[-104.7979, -139.1487, -1824.796, -2103.8454, -5986.99, -9573.5824, -76050.3329, -232508.1617]","[3.7167, 3.7149, -1001822.3048, -1002101.3543, -1005984.5003, -1009571.0927, -1076047.8432, -1232505.6706]","[7.078, 7.173, 10.125, 8.201, 8.007, 7.124, 8.984, 12.532]",1.7661,0.0,0.0,0.0,0.0,0.0,0.0,0.0,0.0,0.0,7.0781,8.0,3.9801,8.6036,11.8034,2.9786,5.1385,7.0781,"[[1.973, 0.131], [3.971, 0.261], [5.97, 0.522], [8.54, 1.044], [9.968, 1.697], [11.681, 1.697]]",0.0,0.0,0.0,0.0,0.0,0.0,0.0,1.0,ok,12.532,0.0,0.0,0.0,0.0,0.0,0.0,0.0,0.0,0.0,aa298fdc84fb489a911a3f363d3beda9,scene-0968,44
4.2055,6.7585,10.9573,3.2269,4.6424,6.2021,0.0,0.0,0.0,0.0,0.0,0.0,0.0,0.0,0.0,ok,straight,4.2484,5.3084,10.9573,3.2502,4.1121,5.8486,True,"[-1.2402, -1.893, -1.2402, -1.3708, -1.9582, -8.2899, -8.2899, -3.3943]","[-218.3566, -994.5895, -1142.4222, -1568.4902, -2009.0782, -12957.1832, -13049.2075, -118001.0071]","[2.4514, -1000993.4025, -1001139.5555, -1001565.6235, -1002006.2115, -1012955.9962, -1013046.3408, -1117999.8202]","[5.849, 6.649, 6.366, 6.398, 6.528, 8.027, 8.043, 9.458]",1.1404,0.0,0.0,0.0,0.0,0.0,0.0,0.0,0.0,0.0,5.8486,8.0,4.2484,5.3084,10.9573,3.2502,4.1121,5.8486,"[[2.258, 0.131], [4.542, 0.653], [5.685, 1.175], [7.398, 1.697], [11.11, 1.697], [15.393, 2.48]]",0.0,0.0,0.0,0.0,0.0,0.0,0.0,1.0,ok,9.4584,0.0,0.0,0.0,0.0,0.0,0.0,0.0,0.0,0.0,b00c8fb7cac14cf89498c16fdd460ec5,scene-0968,44
0.8285,1.6291,2.1381,0.623,1.0505,1.267,0.0,0.0,0.0,0.0,0.0,0.0,0.0,0.0,0.0,ok,straight,0.8285,1.6291,4.7068,0.623,0.9792,1.8663,False,"[-0.0, -0.1305, -0.1305, -0.0, -0.1958, -0.4569, -0.7833, -0.2611]","[-278.4882, -135.9747, -966.5178, -2122.6623, -3153.4369, -4006.0575, -8855.1329, -14854.4212]","[4.6894, 4.1882, -1000963.6692, -1002119.8088, -1003150.5882, -1004003.2089, -1008852.2842, -1014851.5677]","[1.866, 1.219, 1.01, 1.171, 2.058, 1.364, 3.171, 2.504]",0.7065,0.0,0.0,0.0,0.0,0.0,0.0,0.0,0.0,0.0,1.0102,8.0,0.8285,0.9435,2.1381,0.623,0.6653,1.0102,"[[1.973, 0.0], [3.971, 0.0], [5.685, -0.131], [7.683, -0.131], [9.682, -1.044], [13.108, 0.0]]",0.0,0.6856,2.5687,0.0,0.3139,0.8561,4.0,0.0,ok,3.1715,0.0,0.0,0.0,0.0,0.0,0.0,0.0,0.0,0.0,2dbfc784e7b8463db1a273cd9b27b240,scene-0968,44
3.4368,5.7442,8.8845,2.4615,3.7447,5.1725,0.0,0.0,0.0,0.0,0.0,0.0,0.0,0.0,0.0,ok,straight,3.4368,6.5996,8.8845,2.4615,4.2444,5.5056,False,"[-0.0653, -0.0653, -0.0653, -0.0, -0.0653, -0.1958, -0.0, -0.1958]","[-80.2993, -62.076, -288.8253, -480.7606, -1157.9415, -14575.9312, -22952.507, -179243.3685]","[4.6384, 3.2018, 3.1978, -1000476.8222, -1001154.0031, -1014571.9928, -1022950.0055, -1179240.867]","[5.506, 5.363, 5.839, 4.125, 6.505, 9.456, 5.838, 8.744]",1.6778,0.0,0.0,0.0,0.0,0.0,0.0,0.0,0.0,0.0,4.1255,8.0,3.4368,6.5996,3.1732,2.4615,4.2444,4.1255,"[[1.687, 0.0], [3.686, 0.0], [5.685, -0.131], [6.827, 0.0], [7.398, -0.131], [9.111, -0.131]]",0.0,0.0,5.7113,0.0,0.0,1.3801,2.0,0.0,ok,9.4558,0.0,0.0,0.0,0.0,0.0,0.0,0.0,0.0,0.0,7f2bc98ed6dd4567aaf35b6d02f09621,scene-0968,44
1.9727,3.6521,3.2357,1.5444,2.3199,2.7459,0.0,0.0,0.0,0.0,0.0,0.0,0.0,0.0,0.0,ok,straight,1.9727,3.6521,2.3767,1.5444,2.3199,2.6031,True,"[-0.0, -0.0653, -0.0653, -0.0653, -0.2611, -0.0, -0.0653, -0.1958]","[-76.6126, -47.5678, -134.9345, -238.0237, -201.8461, -4164.2953, -8358.5459, -71875.9815]","[3.4927, 2.7346, 2.7065, 2.7021, 0.4257, -1004162.2996, -1008356.5503, -1071874.0102]","[2.603, 2.746, 2.698, 2.271, 2.61, 2.061, 3.033, 6.197]",1.2294,0.0,0.0,0.0,0.0,0.0,0.0,0.0,0.0,0.0,2.0609,8.0,1.9727,3.6521,2.9477,1.5444,2.3199,2.0609,"[[1.116, 0.0], [1.973, 0.0], [2.544, 0.0], [3.971, 0.0], [5.113, -0.131], [4.828, 0.0]]",0.0,0.0,-0.5711,0.0,0.0,0.5422,2.0,0.0,ok,6.1966,0.0,0.0,0.0,0.0,0.0,0.0,0.0,0.0,0.0,923b34d42c5048c0a4db75c65de52f3c,scene-0969,44
2.4399,6.923,9.5778,1.9637,3.7034,5.5284,0.0,0.0,1.0,0.0,0.0,1.0,0.0,0.0,0.16666666666666666,ok,straight,2.4399,5.7813,9.5778,1.9637,3.418,5.3381,True,"[-0.1305, -0.0653, -0.1305, -0.3264, -0.1305, -0.1958, -0.1958, -0.0]","[-280.6628, -2006.7148, -2104.9688, -2554.9686, -4359.6144, -5447.3964, -9591.4677, -29948.7234]","[3.2954, -1002004.3448, -1002102.5943, -1002552.5942, -1004357.2399, -1005445.0264, -1009589.0932, -1029946.3533]","[5.338, 5.862, 5.243, 7.148, 6.817, 6.005, 6.49, 3.984]",0.9462,0.0,0.0,1.0,0.0,0.0,1.0,0.0,0.0,0.16666666666666666,3.9843,8.0,2.4399,5.7813,7.2887,1.9637,3.418,3.9843,"[[2.829, 0.0], [5.113, 0.0], [7.969, -0.131], [11.11, -0.131], [15.393, -0.131], [17.391, -0.261]]",0.0,0.0,2.2891,0.0,0.0,1.3538,2.0,0.0,ok,7.1477,0.0,0.0,0.0,0.0,0.0,0.0,0.0,0.0,0.0,5e6c874d0a034ab88e2da0e9eab75c87,scene-0969,44
4.2039,7.4885,9.3782,3.0428,4.7922,6.0086,0.0,1.0,0.0,0.0,1.0,1.0,0.0,0.5,0.5,ok,straight,3.6329,7.4885,11.0962,2.9,4.7208,6.3425,False,"[-0.0653, -0.0653, -0.0653, -0.3264, -0.2611, -0.718, -0.1305, -0.8486]","[-376.1803, -278.0385, -426.2972, -2077.4785, -4023.915, -4250.2073, -7572.1758, -93285.2692]","[4.5461, 4.4907, 4.4858, -1002074.2322, -1004020.6687, -1004246.961, -1007568.9882, -1093282.0816]","[6.342, 6.586, 6.39, 7.624, 8.028, 7.577, 7.055, 12.29]",1.8167,0.0,1.0,0.0,0.0,1.0,1.0,0.0,0.5,0.5,6.3425,8.0,3.6329,7.4885,11.0962,2.9,4.7208,6.3425,"[[2.258, 0.0], [3.971, 0.0], [6.541, -0.131], [9.396, -0.131], [11.11, -0.131], [15.393, -0.131]]",0.0,0.0,0.0,0.0,0.0,0.0,0.0,1.0,ok,12.2902,0.0,1.0,0.0,0.0,1.0,1.0,0.0,0.5,0.5,588dd5faaf2a4697b35195f46196cb8b,scene-0969,44
3.054,6.4061,8.5813,2.506,4.122,5.7065,0.0,0.0,0.0,0.0,0.0,0.0,0.0,0.0,0.0,ok,straight,3.054,6.9746,8.5813,2.506,4.2641,5.8013,False,"[-0.0653, -0.1958, -0.1958, -0.2611, -0.0653, -0.1958, -0.0, -0.1305]","[-375.2302, -110.8901, -593.3751, -307.0615, -1632.3092, -2721.0432, -6203.5138, -142532.1158]","[3.3458, 1.775, 1.7646, 0.9825, -1001630.2573, -1002718.9913, -1006201.4619, -1142530.0639]","[5.801, 5.711, 5.572, 5.716, 6.371, 7.045, 5.578, 14.786]",2.9537,0.0,0.0,0.0,0.0,0.0,0.0,0.0,0.0,0.0,5.5715,8.0,3.054,6.9746,9.461,2.506,4.2641,5.5715,"[[3.686, 0.0], [6.541, 0.0], [10.539, -0.131], [14.25, -0.131], [18.248, -0.131], [19.39, -0.131]]",0.0,0.0,-0.8797,0.0,0.0,0.2297,4.0,0.0,ok,14.7864,0.0,0.0,0.0,0.0,0.0,0.0,0.0,0.0,0.0,ace2c4ce1a524b1f956d379baf10b82d,scene-0969,44
1.6605,2.2779,3.2511,1.2252,1.8125,2.3644,0.0,0.0,0.0,0.0,0.0,0.0,0.0,0.0,0.0,ok,straight,1.6605,2.2779,3.2178,1.2252,1.8125,2.4526,False,"[-0.3264, -1.1749, -1.1097, -1.3708, -0.3264, -8.2899, -0.0653, -1.6971]","[-814.906, -488.4839, -462.3292, -917.9116, -966.9279, -3103.3066, -106979.3067, -199574.047]","[3.9752, 3.7528, 3.6686, -1000914.9594, -1000963.9756, -1003100.3544, -1106976.465, -1199571.2052]","[2.453, 2.425, 2.858, 2.084, 2.07, 5.184, 4.342, 6.784]",1.6217,0.0,0.0,0.0,0.0,0.0,0.0,0.0,0.0,0.0,2.0705,8.0,1.6605,1.7021,3.2178,1.2252,1.2393,2.0705,"[[0.831, 0.0], [1.687, 0.0], [2.544, 0.131], [2.544, 0.131], [5.113, 0.653], [5.113, 0.653]]",0.0,0.5757,0.0,0.0,0.5732,0.3821,3.0,0.0,ok,6.7842,0.0,0.0,0.0,0.0,0.0,0.0,0.0,0.0,0.0,45c4bd03ee6f4a369dd42abf08dc3957,scene-0971,44
0.4127,0.8306,1.1512,0.2572,0.3709,0.5379,0.0,0.0,0.0,0.0,0.0,0.0,0.0,0.0,0.0,ok,right,0.4127,0.8306,0.5804,0.2572,0.4074,0.4671,True,"[2.7415, 2.7415, 1.5013, 2.7415, 1.436, 3.0679, 2.6763, 3.2637]","[-245.8905, -1139.7851, -1483.546, -1107.3891, -9175.1409, -15131.6172, -20484.2867, -44391.7859]","[2.6945, 2.6199, 0.6463, -1001105.8411, -1009173.5929, -1015130.0692, -1020482.7505, -1044390.2498]","[0.467, 0.702, 1.196, 0.72, 2.127, 1.871, 2.415, 2.991]",0.8634,0.0,0.0,0.0,0.0,0.0,0.0,0.0,0.0,0.0,0.4671,8.0,0.4127,0.8306,0.5804,0.2572,0.4074,0.4671,"[[1.973, -0.131], [3.686, -0.522], [5.685, -1.436], [8.54, -2.48], [9.968, -4.569], [11.11, -5.483]]",0.0,0.0,0.0,0.0,0.0,0.0,0.0,1.0,ok,2.9909,0.0,0.0,0.0,0.0,0.0,0.0,0.0,0.0,0.0,a8b576261b39410bb5105d3646fbb544,scene-0971,44
0.2446,0.5941,1.7519,0.1346,0.3216,0.633,0.0,0.0,0.0,0.0,0.0,0.0,0.0,0.0,0.0,ok,straight,0.9214,1.9419,0.7871,0.473,0.7944,0.8354,False,"[-0.0653, -0.2611, -0.0653, -0.0653, -0.0653, -0.0, -4.8956, -8.2899]","[-531.7, -1063.2663, -669.666, -957.6127, -1236.9858, -11048.8105, -119009.6935, -1093606.5869]","[2.6963, 2.6369, -1000667.9578, -1000955.8959, -1001235.269, -1011047.0937, -1119007.9853, -2093604.8787]","[0.835, 0.971, 0.948, 0.844, 1.092, 1.526, 9.755, 12.759]",4.4936,0.0,0.0,0.0,0.0,0.0,0.0,0.0,0.0,0.0,0.8354,8.0,0.9214,1.9419,0.7871,0.473,0.7944,0.8354,"[[3.115, 0.0], [5.399, 0.0], [9.682, 0.0], [14.536, 0.0], [16.82, 0.261], [18.819, -0.131]]",0.0,0.0,0.0,0.0,0.0,0.0,0.0,1.0,ok,12.7588,0.0,0.0,0.0,0.0,0.0,0.0,0.0,0.0,0.0,05e5176b77bb44ed85e6df6ad3aba980,scene-0971,44
1.9869,3.355,4.3874,1.4812,2.1386,2.8028,0.0,0.0,0.0,0.0,0.0,0.0,0.0,0.0,0.0,ok,straight,1.9869,3.355,4.3874,1.4812,2.1386,2.8028,False,"[-0.0, -0.0, -0.0653, -1.6971, -0.2611, -3.7859, -0.0653, -1.5013]","[-143.4586, -229.0224, -521.8041, -1084.5983, -1921.7309, -2771.6267, -5396.6672, -12955.8412]","[3.9029, 3.8307, -1000519.4187, -1001082.213, -1001919.2944, -1002769.1902, -1005394.2307, -1012953.4559]","[2.803, 2.755, 2.477, 2.927, 3.433, 5.17, 4.657, 3.352]",0.9045,0.0,0.0,0.0,0.0,0.0,0.0,0.0,0.0,0.0,2.4774,8.0,1.9869,3.355,2.4359,1.3385,2.0672,2.4774,"[[3.686, 0.0], [7.969, 0.0], [11.11, 0.0], [15.107, 0.0], [18.819, 0.0], [21.96, 0.0]]",0.0,0.0,1.9514,0.1427,0.0713,0.3254,2.0,0.0,ok,5.1696,0.0,0.0,0.0,0.0,0.0,0.0,0.0,0.0,0.0,ce0a66937ec741af9defc0fcde1134d5,scene-0971,44
1.6997,2.8045,4.6503,1.1968,1.6609,2.6041,0.0,0.0,0.0,0.0,0.0,0.0,0.0,0.0,0.0,ok,straight,1.6997,1.9385,4.6503,1.1968,1.4444,2.4598,True,"[-0.3916, -0.3916, -1.2402, -0.6527, -0.718, -1.1749, -8.2899, -8.2899]","[-468.3272, -395.4326, -1015.7942, -1052.2446, -4786.2485, -12387.4293, -13560.7614, -89214.6486]","[3.8296, 2.1667, -1001014.8432, -1001049.6281, -1004783.632, -1012386.4784, -1013559.8104, -1089212.0321]","[2.46, 2.511, 2.523, 2.341, 3.944, 3.712, 5.094, 5.799]",1.2453,0.0,0.0,0.0,0.0,0.0,0.0,0.0,0.0,0.0,2.3406,8.0,1.6997,1.9385,6.4263,1.1968,1.4444,2.3406,"[[3.115, 0.0], [6.541, 0.0], [8.54, 0.131], [11.11, 0.261], [15.393, 0.392], [17.391, 0.783]]",0.0,0.0,-1.776,0.0,0.0,0.1191,1.0,0.0,ok,5.7987,0.0,0.0,0.0,0.0,0.0,0.0,0.0,0.0,0.0,e80bfd61023745b0a97caae3ff4a1727,scene-0972,44
0.9014,3.1125,5.0335,0.6838,1.7773,2.8036,0.0,0.0,0.0,0.0,0.0,0.0,0.0,0.0,0.0,ok,straight,0.9014,5.1111,5.0335,0.6838,2.2764,3.1363,False,"[-0.1305, -0.1305, -0.1305, -0.1958, -0.3916, -0.1305, -2.2193, -0.1305]","[-634.9391, -421.9483, -461.7476, -225.8092, -2203.8985, -2315.3515, -2373.7485, -48256.4681]","[4.2129, 4.0742, 4.0717, 3.9909, -1002200.545, -1002311.9979, -1002370.3949, -1048253.2668]","[3.136, 2.853, 2.756, 2.236, 2.67, 3.138, 3.272, 3.771]",0.4295,0.0,0.0,0.0,0.0,0.0,0.0,0.0,0.0,0.0,2.2362,8.0,0.9014,2.827,3.603,0.6838,1.7059,2.2362,"[[1.687, 0.0], [3.686, 0.0], [4.542, -0.131], [4.542, -0.131], [7.398, -0.261], [9.111, -0.261]]",0.0,2.2841,1.4305,0.0,0.5705,0.9002,4.0,0.0,ok,3.7707,0.0,0.0,0.0,0.0,0.0,0.0,0.0,0.0,0.0,d6ff96145885480eae142252fffa6c66,scene-0972,44
2.3535,3.5719,5.1326,1.6445,2.576,3.3448,0.0,0.0,0.0,0.0,0.0,0.0,0.0,0.0,0.0,ok,straight,1.5106,3.5719,5.1326,1.366,2.4374,3.2524,True,"[-1.2402, -1.2402, -0.9791, -6.7233, -8.2899, -1.3708, -0.0, -8.2899]","[-321.4734, -2401.9605, -5517.0456, -27035.3066, -31213.182, -75861.4463, -102031.7829, -165819.1358]","[4.7468, -1002398.7435, -1005513.8285, -1027032.1631, -1031210.0385, -1075858.2292, -1102028.5659, -1165815.9924]","[3.252, 3.898, 3.493, 6.192, 7.201, 5.965, 8.209, 7.4]",1.7979,0.0,0.0,0.0,0.0,0.0,0.0,0.0,0.0,0.0,3.2524,8.0,1.5106,3.5719,5.1326,1.366,2.4374,3.2524,"[[2.544, 0.0], [5.97, 0.131], [7.683, 0.783], [10.539, 1.697], [13.108, 2.48], [15.964, 2.48]]",0.0,0.0,0.0,0.0,0.0,0.0,0.0,1.0,ok,8.2092,0.0,0.0,0.0,0.0,0.0,0.0,0.0,0.0,0.0,c1682fd7aaea47189d8820dd0abe8a32,scene-0972,44
0.8211,1.6163,1.1368,0.5645,1.0704,1.1595,0.0,0.0,0.0,0.0,0.0,0.0,0.0,0.0,0.0,ok,straight,0.8211,3.0499,1.1368,0.5645,1.5736,1.495,False,"[-0.1305, -0.1305, -0.1958, -0.1958, -0.4569, -0.1305, -0.0653, -0.1958]","[-337.1604, -564.9053, -3991.3902, -3999.2672, -5180.2732, -7598.1108, -120663.049, -1086136.4683]","[3.8283, 3.8144, -1003988.5115, -1003996.3885, -1005177.3945, -1007595.2454, -1120660.1836, -2086133.6028]","[1.495, 0.903, 1.568, 1.659, 2.141, 1.495, 3.87, 9.567]",2.6737,0.0,0.0,0.0,0.0,0.0,0.0,0.0,0.0,0.0,0.9032,8.0,0.3576,2.1988,1.1368,0.2057,0.6859,0.9032,"[[3.4, 0.0], [6.541, 0.0], [8.825, 0.0], [11.395, 0.0], [16.249, -0.131], [19.961, -0.261]]",0.4635,0.851,0.0,0.3587,0.8877,0.5918,2.0,0.0,ok,9.5672,0.0,0.0,0.0,0.0,0.0,0.0,0.0,0.0,0.0,82c379e1de1245e4b18822e277d2a0eb,scene-0972,44
2.2539,3.5006,6.1795,1.5611,2.2667,3.6358,0.0,0.0,0.0,0.0,0.0,0.0,0.0,0.0,0.0,ok,straight,2.2539,3.5006,5.6085,1.5611,2.2667,3.3026,True,"[-0.0653, -0.0653, -0.0653, -0.0653, -0.1958, -0.0, -0.8486, -0.0]","[-185.5464, -533.8475, -648.5397, -869.3687, -5497.1001, -7132.7096, -11308.3912, -13160.9589]","[3.3844, 3.313, 3.1927, -1000867.3238, -1005495.1519, -1007130.7614, -1011306.443, -1013158.9139]","[3.303, 3.826, 4.589, 3.636, 3.769, 5.451, 6.231, 3.958]",0.9473,0.0,0.0,0.0,0.0,0.0,0.0,0.0,0.0,0.0,3.3026,8.0,2.2539,3.5006,5.6085,1.5611,2.2667,3.3026,"[[3.115, 0.0], [6.541, 0.0], [8.54, 0.0], [11.11, -0.131], [13.965, 0.0], [15.393, -0.131]]",0.0,0.0,0.0,0.0,0.0,0.0,0.0,1.0,ok,6.2306,0.0,0.0,0.0,0.0,0.0,0.0,0.0,0.0,0.0,cb4504edb87a40d4b650cd5860f6c3b7,scene-1059,44
3.6607,6.4419,9.687,2.8038,4.3117,5.6442,0.0,0.0,0.0,0.0,0.0,0.0,0.0,0.0,0.0,ok,straight,4.2206,6.4419,8.2672,2.9486,4.3889,5.459,True,"[-1.8277, -1.8277, -1.5666, -2.0888, -3.0679, -2.8068, -1.3055, -8.2899]","[-310.5306, -54.2225, -1502.6526, -1910.9146, -4167.2147, -6639.5225, -12307.9891, -14278.4581]","[4.3043, 2.3844, -1001501.7385, -1001908.0307, -1004166.3005, -1006636.6385, -1012305.1052, -1014277.5439]","[5.459, 5.411, 4.806, 5.678, 4.958, 8.18, 6.385, 6.939]",1.0627,0.0,0.0,0.0,0.0,0.0,0.0,0.0,0.0,0.0,4.8062,8.0,3.6607,6.4419,7.0117,2.8038,4.3165,4.8062,"[[2.829, -0.261], [6.541, -0.261], [8.54, -0.914], [11.11, -1.436], [13.108, -2.48], [15.964, -3.655]]",0.5599,0.0,1.2555,0.1447,0.0724,0.6527,3.0,0.0,ok,8.1803,0.0,0.0,0.0,0.0,0.0,0.0,0.0,0.0,0.0,b4b81cfd5d734881ad386e5c2b00ed4a,scene-1059,44
2.7506,6.7278,10.1313,2.0587,3.9236,5.8427,0.0,0.0,1.0,0.0,0.0,1.0,0.0,0.0,0.3333333333333333,ok,straight,1.59,6.7278,13.0877,1.0535,3.421,6.1367,False,"[-2.2193, -2.7415, -2.7415, -3.0679, -3.4596, -3.9818, -8.2899, -2.0235]","[-616.5146, -584.7784, -161.4268, -275.2279, -213.6912, -3156.1912, -30022.1877, -94174.4174]","[3.3472, 3.0705, 3.0313, 2.8541, 2.6479, -1003154.0607, -1030020.1101, -1094172.2869]","[6.137, 5.508, 5.843, 5.679, 6.478, 6.023, 8.346, 8.344]",1.0749,0.0,0.0,0.0,0.0,0.0,1.0,0.0,0.0,0.16666666666666666,5.5076,8.0,1.59,6.7278,10.1313,1.0535,3.421,5.5076,"[[1.116, -0.131], [2.829, 0.131], [6.541, -1.044], [8.54, -2.48], [11.681, -4.047], [14.822, -4.439]]",0.0,0.0,2.9563,0.0,0.0,0.6291,4.0,0.0,ok,8.3461,0.0,0.0,0.0,0.0,0.0,0.0,0.0,0.0,0.0,913104aa7a4f4917a651fdc062c7fc30,scene-1059,44
2.6596,2.9175,2.9145,2.0237,2.4873,2.5626,0.0,0.0,0.0,0.0,0.0,0.0,0.0,0.0,0.0,ok,straight,1.8032,2.3386,2.9145,1.4516,1.701,1.9481,True,"[-2.1541, -2.1541, -1.6971, -1.8277, -4.047, -0.9791, -8.2899, -1.5013]","[-220.0817, -230.0768, -772.2521, -1047.5402, -3000.7348, -7239.5968, -19035.8333, -1076769.4362]","[4.0044, 3.4903, -1000768.9418, -1001044.2298, -1002997.9385, -1007236.8005, -1019032.5229, -2076766.6399]","[1.948, 2.482, 1.964, 3.856, 3.67, 2.378, 4.301, 11.654]",3.002,0.0,0.0,0.0,0.0,0.0,0.0,0.0,0.0,0.0,1.9481,8.0,1.8032,2.3386,2.9145,1.4516,1.701,1.9481,"[[2.544, 0.0], [5.113, -0.261], [7.112, -0.392], [10.539, -0.783], [13.108, -2.089], [16.249, -4.308]]",0.0,0.0,0.0,0.0,0.0,0.0,0.0,1.0,ok,11.6545,0.0,0.0,0.0,0.0,0.0,0.0,0.0,0.0,0.0,e0c4e822835f4a2e925dec94a835d5ab,scene-1059,44
2.2786,4.9504,5.5295,1.6974,3.0175,3.6334,0.0,0.0,0.0,0.0,0.0,0.0,0.0,0.0,0.0,ok,straight,2.2786,4.9504,5.5295,1.6974,3.0175,3.6334,False,"[-0.0653, -0.9791, -0.5222, -0.0653, -0.718, -0.0653, -0.3264, -0.9138]","[-373.7024, -344.8172, -1578.7404, -8266.282, -9344.7442, -21589.5631, -137532.0382, -154597.2054]","[3.6995, 1.1545, -1001576.8122, -1008264.3542, -1009342.8164, -1021587.6353, -1137530.1103, -1154595.2772]","[3.633, 3.064, 2.974, 2.755, 2.567, 4.487, 4.544, 5.552]",0.9921,0.0,0.0,0.0,0.0,0.0,0.0,0.0,0.0,0.0,2.5671,8.0,2.2786,1.6474,4.3529,1.6974,1.7007,2.5671,"[[3.115, 0.0], [5.97, 0.0], [8.54, 0.0], [11.11, 0.131], [15.393, 0.131], [17.391, 0.131]]",0.0,3.303,1.1766,0.0,1.3169,1.0663,4.0,0.0,ok,5.5524,0.0,0.0,0.0,0.0,0.0,0.0,0.0,0.0,0.0,e74b8ce0b1824e0c8167f2534d8d4f7d,scene-1060,44
0.4037,1.0893,2.5541,0.3695,0.6858,1.3589,0.0,0.0,0.0,0.0,0.0,0.0,0.0,0.0,0.0,ok,straight,0.4037,1.0893,2.5541,0.3695,0.6858,1.3488,True,"[-0.1305, -0.1305, -0.1305, -0.3264, -0.9138, -0.1305, -1.9582, -0.1958]","[-643.0558, -679.3981, -1407.8639, -452.9825, -588.5861, -5379.7338, -6274.006, -23858.6863]","[3.9018, 3.8957, 3.7984, -1000450.2406, -1000585.8442, -1005376.9931, -1006271.2653, -1023855.9444]","[1.349, 2.095, 1.904, 1.08, 1.868, 2.99, 2.051, 3.363]",0.7146,0.0,0.0,0.0,0.0,0.0,0.0,0.0,0.0,0.0,1.0796,8.0,0.4037,1.0893,2.5683,0.3695,0.6858,1.0796,"[[3.686, 0.0], [7.398, 0.0], [11.11, 0.0], [15.393, 0.131], [17.391, 0.261], [21.96, 0.261]]",0.0,0.0,-0.0142,0.0,0.0,0.2693,1.0,0.0,ok,3.3627,0.0,0.0,0.0,0.0,0.0,0.0,0.0,0.0,0.0,2b92bd1ee0d042fc982e0f2d9e118fb2,scene-1060,44
1.3782,3.7962,6.9652,1.1035,2.3503,3.5518,0.0,0.0,0.0,0.0,0.0,0.0,0.0,0.0,0.0,ok,right,0.2756,3.7962,6.9652,0.2993,1.9482,3.3074,True,"[2.6763, 1.6319, 3.4596, 1.5013, 2.6763, 2.7415, 0.2611, 1.5666]","[-962.1907, -2159.0091, -2908.3879, -3230.0264, -4907.0514, -8255.4121, -9408.2502, -973494.59]","[3.8702, -1002156.1347, -1002905.5537, -1003227.1923, -1004904.177, -1008252.578, -1009405.3758, -1973491.7156]","[3.307, 1.913, 2.843, 3.555, 2.424, 3.94, 4.002, 10.929]",2.6638,0.0,0.0,0.0,0.0,0.0,0.0,0.0,0.0,0.0,1.9128,8.0,0.2756,0.5063,6.6155,0.2993,0.6231,1.9128,"[[4.257, -0.261], [7.683, -0.914], [8.54, -1.436], [12.252, -2.48], [15.107, -3.655], [17.391, -5.353]]",0.0,3.2898,0.3497,0.0,1.3251,1.3945,3.0,0.0,ok,10.929,0.0,0.0,0.0,0.0,0.0,0.0,0.0,0.0,0.0,15f61a56df7a4ecab63dda6cff25e7a0,scene-1060,44
3.4665,6.6796,10.2514,2.4443,4.0041,5.8808,0.0,0.0,0.0,0.0,0.0,0.0,0.0,0.0,0.0,ok,straight,3.4665,6.6796,12.2501,2.4443,4.2183,6.3566,False,"[-0.1305, -0.1305, -0.0653, -0.0653, -0.1305, -0.3264, -0.1305, -0.0653]","[-54.1573, -549.417, -3906.3352, -4493.8289, -5701.1111, -10191.9875, -26382.2353, -56583.5835]","[2.8509, 2.6279, -1003904.227, -1004491.9163, -1005699.1985, -1010190.0749, -1026380.1271, -1056581.4754]","[6.357, 6.547, 4.465, 4.409, 4.748, 5.616, 5.03, 9.127]",1.4741,0.0,0.0,0.0,0.0,0.0,0.0,0.0,0.0,0.0,4.4087,8.0,4.6082,6.6796,5.4144,3.0152,4.5037,4.4087,"[[3.971, 0.0], [7.398, 0.0], [11.11, -0.131], [15.393, -0.131], [18.819, -0.131], [21.389, -0.261]]",-1.1417,0.0,6.8357,-0.5709,-0.2854,1.9479,5.0,0.0,ok,9.1266,0.0,0.0,0.0,0.0,0.0,0.0,0.0,0.0,0.0,463599ceb9a1454a90b192c29878a5f4,scene-1060,44
1.3845,2.1973,1.0081,1.0977,1.4651,1.3575,0.0,0.0,0.0,0.0,0.0,0.0,0.0,0.0,0.0,ok,straight,1.3845,1.378,1.0081,1.0977,1.1906,1.1745,True,"[-0.1305, -0.1305, -0.0653, -0.3916, -4.8956, -0.2611, -0.0, -0.3264]","[-91.5165, -327.4687, -513.7854, -2642.7206, -5840.4632, -6349.7427, -6799.4, -6906.784]","[4.6821, 3.0558, 3.0332, -1002639.6911, -1005837.4336, -1006346.7131, -1006797.9153, -1006905.2993]","[1.175, 1.299, 2.055, 1.817, 4.298, 2.165, 3.368, 2.416]",0.9825,0.0,0.0,0.0,0.0,0.0,0.0,0.0,0.0,0.0,1.1745,8.0,1.3845,1.378,1.0081,1.0977,1.1906,1.1745,"[[3.115, 0.0], [6.541, -0.131], [9.111, -0.131], [12.252, -0.131], [15.393, -0.261], [17.391, -0.261]]",0.0,0.0,0.0,0.0,0.0,0.0,0.0,1.0,ok,4.2985,0.0,0.0,0.0,0.0,0.0,0.0,0.0,0.0,0.0,79f6489272c24d3ebc5e225ce6ff2aea,scene-1061,44
0.257,0.6182,2.185,0.2998,0.354,0.8939,0.0,0.0,0.0,0.0,0.0,0.0,0.0,0.0,0.0,ok,straight,0.257,0.6182,2.185,0.2998,0.354,0.8939,False,"[-0.1305, -0.1305, -0.0653, -0.2611, -0.718, -0.4569, -0.0653, -8.2899]","[-46.585, -473.4195, -3600.0113, -17780.9832, -19830.2722, -20741.3416, -21689.1321, -23406.7087]","[3.9553, 3.9094, -1003597.8907, -1017778.8615, -1019828.1516, -1020739.221, -1021687.0104, -1023404.587]","[0.894, 0.951, 1.199, 2.087, 2.712, 2.456, 3.384, 3.654]",1.0071,0.0,0.0,0.0,0.0,0.0,0.0,0.0,0.0,0.0,0.8939,8.0,0.257,0.6182,2.185,0.2998,0.354,0.8939,"[[4.257, 0.0], [8.54, 0.0], [12.537, -0.131], [16.82, -0.131], [21.389, -0.131], [24.815, -0.261]]",0.0,0.0,0.0,0.0,0.0,0.0,0.0,1.0,ok,3.6539,0.0,0.0,0.0,0.0,0.0,0.0,0.0,0.0,0.0,89a1ce70fcc4404a8d34cca07523f07b,scene-1061,44
0.3791,1.3535,4.2367,0.2086,0.5924,1.6374,0.0,0.0,0.0,0.0,0.0,0.0,0.0,0.0,0.0,ok,straight,0.3791,1.3535,4.2367,0.2086,0.5924,1.7798,False,"[-0.1305, -0.5875, -0.1305, -0.0653, -0.1305, -0.3264, -0.1305, -0.3916]","[-643.7382, -1335.6496, -3693.3977, -6492.9033, -3673.5695, -8132.0621, -11098.2964, -84842.3679]","[2.1386, -1001334.6764, -1003692.4245, -1006491.9301, -2006913.9266, -2011372.4193, -2014338.6535, -2088082.725]","[1.78, 2.698, 1.479, 4.734, 2.561, 2.499, 1.993, 4.329]",1.0989,0.0,0.0,0.0,0.0,0.0,0.0,0.0,0.0,0.0,1.4792,8.0,0.3791,1.3535,5.9472,0.2086,0.5924,1.4792,"[[3.686, 0.0], [7.398, -0.131], [11.11, -0.131], [15.393, -0.131], [17.391, -0.131], [21.96, -0.261]]",0.0,0.0,-1.7105,0.0,0.0,0.3006,1.0,0.0,ok,4.7344,0.0,0.0,0.0,0.0,0.0,0.0,0.0,0.0,0.0,42060e0081f249d7bcb5d2a0aa4e980a,scene-1061,44
2.5437,2.4937,1.607,1.9873,2.2314,2.2757,0.0,0.0,0.0,0.0,0.0,0.0,0.0,0.0,0.0,ok,straight,2.5437,2.4937,1.8925,1.9873,2.2314,2.3708,False,"[-0.1305, -0.1305, -0.3916, -0.1305, -0.1305, -0.1305, -0.3916, -0.3916]","[-288.4776, -461.5193, -465.0608, -1671.9717, -1822.7967, -2903.5304, -3231.9334, -18092.6235]","[3.1301, -1000459.7615, -1000463.3051, -1001670.216, -1001821.0411, -1002901.7726, -1003230.1777, -1018090.8657]","[2.371, 3.893, 1.352, 2.229, 1.944, 4.081, 2.054, 2.679]",0.8905,0.0,0.0,0.0,0.0,0.0,0.0,0.0,0.0,0.0,1.3523,8.0,2.5437,0.787,1.4274,1.9873,1.5911,1.3523,"[[3.4, 0.0], [6.827, -0.131], [11.11, -0.131], [14.822, -0.131], [17.106, -0.261], [21.389, -0.261]]",0.0,1.7067,0.4651,0.0,0.6403,1.0185,4.0,0.0,ok,4.0813,0.0,0.0,0.0,0.0,0.0,0.0,0.0,0.0,0.0,1f7bbb7aa80e4f21a106c80392af97b9,scene-1061,44
0.4452,0.4655,2.5455,0.3513,0.3919,0.9432,0.0,0.0,0.0,0.0,0.0,0.0,0.0,0.0,0.0,ok,right,0.6155,0.3485,1.7128,0.5877,0.4808,0.6703,True,"[1.9582, 1.6971, 1.5666, 1.5666, 2.6763, 1.5666, 3.1985, 1.3708]","[-272.3722, -199.3049, -152.4348, -39.685, -273.4541, -5182.1071, -6205.6082, -1247386.5386]","[3.2312, 2.7997, 2.584, 1.4517, -1000271.7505, -1005180.4035, -1006203.9046, -2247383.7024]","[0.67, 0.957, 0.958, 0.879, 1.573, 1.367, 1.129, 10.841]",3.2404,0.0,0.0,0.0,0.0,0.0,0.0,0.0,0.0,0.0,0.6703,8.0,0.6155,0.3485,1.7128,0.5877,0.4808,0.6703,"[[1.687, -0.261], [3.686, -0.914], [5.685, -0.783], [7.683, -1.828], [9.111, -3.786], [10.824, -3.916]]",0.0,0.0,0.0,0.0,0.0,0.0,0.0,1.0,ok,10.8414,0.0,0.0,0.0,0.0,0.0,0.0,0.0,0.0,0.0,617899966d3e4fea9042a1f1a26b764e,scene-1062,44
0.1951,1.4429,2.3743,0.1233,0.4807,1.0225,0.0,0.0,0.0,0.0,0.0,0.0,0.0,0.0,0.0,ok,straight,0.1951,0.5687,3.8009,0.1233,0.2622,1.0196,True,"[-0.1305, -0.1305, -0.1305, -0.1958, -0.0, -0.0653, -1.3708, -2.3499]","[-431.5227, -1182.3525, -2476.0191, -3524.3637, -13516.6153, -23948.7293, -46123.5251, -53994.1081]","[4.2889, -1001179.4727, -1002473.5806, -1003521.9252, -1013513.7355, -1023946.2908, -1046121.0865, -1053991.2283]","[1.02, 1.355, 1.443, 3.088, 1.188, 2.877, 3.586, 3.21]",0.9929,0.0,0.0,0.0,0.0,0.0,0.0,0.0,0.0,0.0,1.0196,8.0,0.1951,0.5687,3.8009,0.1233,0.2622,1.0196,"[[3.686, 0.0], [7.398, 0.0], [11.966, -0.131], [17.391, -0.131], [19.961, -0.131], [21.96, -0.261]]",0.0,0.0,0.0,0.0,0.0,0.0,0.0,1.0,ok,3.5858,0.0,0.0,0.0,0.0,0.0,0.0,0.0,0.0,0.0,14032ef9a5194010a189dd4e822d1f5e,scene-1062,44
0.1731,1.0266,1.8623,0.2062,0.4188,0.8226,0.0,0.0,0.0,0.0,0.0,0.0,0.0,0.0,0.0,ok,right,0.1731,1.0266,2.5788,0.2062,0.4188,0.942,False,"[3.329, 2.9374, 3.329, 2.4152, -2.2846, -8.2899, -8.2899, 2.9374]","[-341.2569, -391.6126, -1323.5034, -2476.1155, -8551.5556, -35183.9628, -58106.873, -1082879.5286]","[2.8915, 2.8101, -1001321.57, -1002474.1822, -1008549.6223, -1035182.0295, -1058105.1928, -2082877.8484]","[0.942, 1.244, 1.104, 1.471, 2.908, 4.515, 7.334, 11.09]",3.4339,0.0,0.0,0.0,0.0,0.0,0.0,0.0,0.0,0.0,0.942,8.0,0.1731,1.0266,2.5788,0.2062,0.4188,0.942,"[[3.115, -0.131], [6.541, -0.783], [9.111, -1.828], [12.823, -2.48], [15.393, -4.569], [18.248, -6.658]]",0.0,0.0,0.0,0.0,0.0,0.0,0.0,1.0,ok,11.0898,0.0,0.0,0.0,0.0,0.0,0.0,0.0,0.0,0.0,4baa89b0de744b06b2a89f5ff15f3c71,scene-1062,44
6.1876,11.071,17.3953,4.6034,7.3328,10.1617,0.0,0.0,0.0,0.0,0.0,0.0,0.0,0.0,0.0,ok,straight,6.1876,11.0626,17.3738,4.6034,7.3307,10.1567,True,"[-0.6527, -0.7833, -0.6527, -0.6527, -1.1097, -2.4152, -0.2611, -1.1097]","[-122.1179, -753.4055, -1473.1057, -1816.5451, -4537.1472, -59852.4637, -142737.3695, -1032684.2845]","[3.1179, 2.9225, -1001470.9268, -1001814.3662, -1004534.9893, -1059850.2847, -1142735.2115, -2032682.1266]","[10.157, 10.779, 10.635, 11.439, 11.82, 10.765, 13.423, 19.726]",2.9455,0.0,0.0,0.0,0.0,0.0,0.0,0.0,0.0,0.0,10.1567,8.0,6.1876,11.0626,17.3738,4.6034,7.3307,10.1567,"[[3.115, 0.0], [6.256, -0.131], [9.111, -0.392], [11.11, -0.653], [14.25, -1.305], [17.391, -1.305]]",0.0,0.0,0.0,0.0,0.0,0.0,0.0,1.0,ok,19.7263,0.0,0.0,0.0,0.0,0.0,0.0,0.0,0.0,0.0,39711a523be04ea4b5dff56099d623eb,scene-1062,44
1.1492,0.7814,1.1499,0.9605,1.0094,1.0944,0.0,0.0,0.0,0.0,0.0,0.0,0.0,0.0,0.0,ok,left,0.8388,0.2181,1.1499,0.5149,0.6007,0.78,True,"[0.8486, 0.8486, 0.5875, 1.6319, 0.9791, 1.5666, -2.4152, 8.2899]","[-549.6624, -147.3729, -875.1693, -2265.4359, -3233.5125, -6784.9193, -7696.7786, -25316.0947]","[1.6026, 1.5566, -1000873.9999, -1002264.364, -1003232.4405, -1006783.8473, -1007695.6092, -1025314.9253]","[0.78, 0.901, 2.047, 1.049, 2.185, 1.904, 3.932, 3.613]",1.1157,0.0,0.0,0.0,0.0,0.0,0.0,0.0,0.0,0.0,0.78,8.0,0.8388,0.2181,1.1499,0.5149,0.6007,0.78,"[[3.686, 0.131], [6.541, 0.261], [9.682, 0.0], [13.108, 1.436], [15.393, 1.044], [17.391, 1.697]]",0.0,0.0,0.0,0.0,0.0,0.0,0.0,1.0,ok,3.9316,0.0,0.0,0.0,0.0,0.0,0.0,0.0,0.0,0.0,42c250251b504ee8a5f1e49def135715,scene-1063,44
0.3274,1.3965,2.6623,0.4927,0.6664,1.2692,0.0,0.0,0.0,0.0,0.0,0.0,0.0,0.0,0.0,ok,straight,0.3274,1.6739,8.043,0.4927,0.7358,2.5101,False,"[-0.0653, -0.0653, -0.0, -0.718, -0.0653, -0.2611, -0.0, -1.1749]","[-200.0463, -209.2116, -3433.5397, -5047.8168, -7592.2929, -32402.5962, -51553.606, -723476.7258]","[3.693, 3.6929, -1003430.8535, -1005047.3444, -1007591.8205, -1032402.1238, -1051550.9198, -1723476.2534]","[2.51, 1.315, 1.41, 2.353, 2.0, 3.76, 2.793, 10.397]",2.7739,0.0,0.0,0.0,0.0,0.0,0.0,0.0,0.0,0.0,1.3154,8.0,0.3274,1.6739,2.6623,0.4927,0.7358,1.3154,"[[4.542, 0.0], [8.54, 0.0], [13.108, -0.131], [16.535, -0.131], [19.676, -0.653], [21.103, -0.131]]",0.0,0.0,5.3807,0.0,0.0,1.1947,4.0,0.0,ok,10.3971,0.0,0.0,0.0,0.0,0.0,0.0,0.0,0.0,0.0,369487006f5a4bff82f96a3567858492,scene-1063,44
3.5564,7.3372,9.4435,2.7678,4.6886,6.0457,0.0,0.0,0.0,0.0,0.0,0.0,0.0,0.0,0.0,ok,straight,3.5564,7.3372,9.4435,2.7678,4.76,6.0933,False,"[-0.2611, -0.2611, -1.6319, -0.0, -0.1305, -0.718, -0.2611, -0.2611]","[-94.9848, -146.3426, -727.1503, -1021.2958, -3222.1128, -6450.8383, -26299.5768, -202545.7315]","[3.0483, 3.0472, 0.2371, -1001019.0705, -1003219.8877, -1006448.613, -1026297.3518, -1202543.5064]","[6.093, 5.856, 5.992, 8.327, 5.426, 5.977, 9.17, 12.043]",2.1658,0.0,0.0,0.0,0.0,0.0,0.0,0.0,0.0,0.0,5.426,8.0,2.9856,7.3372,9.7166,2.0571,4.4046,5.426,"[[3.115, 0.0], [6.541, -0.131], [9.111, -0.131], [12.252, -0.261], [15.393, -0.261], [17.391, -0.522]]",0.5708,0.0,-0.273,0.7107,0.3554,0.6673,4.0,0.0,ok,12.0425,0.0,0.0,0.0,0.0,0.0,0.0,0.0,0.0,0.0,10ff71451f7245d392410e8575a68934,scene-1063,44
1.2313,1.6623,2.767,1.0517,1.4254,1.6147,0.0,0.0,0.0,0.0,0.0,0.0,0.0,0.0,0.0,ok,straight,1.2313,1.6623,2.767,1.0517,1.4254,1.8044,False,"[-0.0653, -0.0653, -0.0, -0.1305, -1.7624, -0.0653, -0.2611, -0.0653]","[-1523.6655, -5062.6868, -9897.2296, -131964.5332, -2331.1412, -2550.0431, -4531.5847, -646745.1299]","[-1001520.4974, -1005059.5187, -1009894.0615, -1131961.3651, -2004517.5515, -2004736.4534, -2006717.995, -2648931.5402]","[1.804, 2.574, 1.911, 4.715, 2.325, 1.995, 2.061, 12.399]",3.3956,0.0,0.0,0.0,0.0,0.0,0.0,0.0,0.0,0.0,1.8044,8.0,1.2313,1.6623,2.767,1.0517,1.4254,1.8044,"[[3.686, 0.0], [7.398, 0.0], [11.966, -0.131], [15.964, -0.131], [21.389, -0.131], [21.389, -0.131]]",0.0,0.0,0.0,0.0,0.0,0.0,0.0,1.0,ok,12.3988,0.0,0.0,0.0,0.0,0.0,0.0,0.0,0.0,0.0,79a10e4d9e5b49e980a8897d6f09f450,scene-1063,44
0.3511,0.4663,3.6104,0.2668,0.3383,1.4063,0.0,0.0,0.0,0.0,0.0,0.0,0.0,0.0,0.0,ok,straight,0.3511,0.4663,3.6104,0.2668,0.3383,1.4063,False,"[-0.8486, -2.9374, -0.8486, -1.5013, -0.9791, -1.5666, -0.5875, -1.6971]","[-750.4585, -1654.4838, -3860.069, -5171.9043, -7784.4778, -11753.7233, -12855.1912, -13108.9975]","[4.8181, -1001652.6519, -1003858.2372, -1005169.1906, -1007781.764, -1011751.8914, -1012853.3593, -1013106.2838]","[1.406, 1.898, 1.981, 1.554, 1.495, 2.325, 1.816, 2.614]",0.3921,0.0,0.0,0.0,0.0,0.0,0.0,0.0,0.0,0.0,1.4063,8.0,0.3511,0.4663,3.6104,0.2668,0.3383,1.4063,"[[3.686, -0.131], [7.398, -0.131], [11.11, -0.392], [15.393, -0.653], [17.106, -1.175], [21.389, -1.697]]",0.0,0.0,0.0,0.0,0.0,0.0,0.0,1.0,ok,2.6139,0.0,0.0,0.0,0.0,0.0,0.0,0.0,0.0,0.0,b62a484b94a04ae4b1b2729fb2064696,scene-1064,44
3.4155,9.7277,16.3217,2.5693,5.4333,8.5843,0.0,0.0,0.0,0.0,0.0,0.0,0.0,0.0,0.0,ok,straight,3.4155,9.7277,16.3217,2.5693,5.2905,8.3939,True,"[-0.0653, -0.0653, -0.0653, -0.3264, -0.1305, -0.718, -0.0653, -4.1123]","[-47.2427, -192.0474, -236.0813, -703.1558, -2017.8252, -5143.1624, -9102.846, -870871.6147]","[2.9259, 2.8207, 2.8206, 2.6196, -1002015.8702, -1005141.1028, -1009100.7863, -1870869.555]","[8.394, 8.013, 8.251, 7.729, 9.203, 9.782, 9.351, 18.074]",3.179,0.0,0.0,0.0,0.0,0.0,0.0,0.0,0.0,0.0,7.7295,8.0,2.2735,9.7277,16.0455,1.4273,4.7196,7.7295,"[[3.686, 0.0], [6.827, 0.0], [10.539, 0.0], [14.25, -0.131], [17.391, -0.131], [20.818, -0.131]]",1.142,0.0,0.2762,1.142,0.571,0.6645,3.0,0.0,ok,18.0738,0.0,0.0,0.0,0.0,0.0,0.0,0.0,0.0,0.0,22604ed0b4234a8bafcb4be0eb38ee19,scene-1064,44
5.8603,9.7691,14.7793,4.3971,6.4963,8.6313,0.0,0.0,0.0,0.0,0.0,0.0,0.0,0.0,0.0,ok,right,4.1468,9.7691,14.7793,3.3976,6.1391,8.3931,True,"[-0.8486, -0.2611, -0.8486, -0.5875, -2.4804, -2.4152, -0.9138, -0.0]","[-872.398, -3609.2851, -4676.7718, -4945.678, -6964.7516, -7891.4425, -19171.4456, -166279.4521]","[3.4816, -1003606.4303, -1004673.9171, -1004942.913, -1006961.9867, -1007888.5877, -1019168.5908, -1166276.6872]","[8.393, 7.652, 8.637, 8.536, 9.466, 9.93, 9.55, 16.301]",2.5495,0.0,0.0,0.0,0.0,0.0,0.0,0.0,0.0,0.0,7.6525,8.0,4.1468,12.0184,9.5593,3.3976,6.5045,7.6525,"[[2.829, 0.0], [4.828, -0.131], [9.682, 0.261], [12.823, 0.522], [15.393, 0.783], [19.961, 1.697]]",0.0,-2.2494,5.22,0.0,-0.3654,0.7406,1.0,0.0,ok,16.3013,0.0,0.0,0.0,0.0,0.0,0.0,0.0,0.0,0.0,1f73768be216451fa02caa38b04a62b3,scene-1064,44
0.147,0.9834,0.9172,0.178,0.3919,0.6137,0.0,0.0,0.0,0.0,0.0,0.0,0.0,0.0,0.0,ok,straight,0.147,0.6997,0.9067,0.178,0.3916,0.6118,True,"[-0.0653, -0.0653, -0.9138, -0.6527, -0.3264, -1.7624, -0.7833, -0.8486]","[-37.9889, -802.4756, -2174.2046, -3150.2841, -4908.3379, -10467.608, -10963.4957, -12961.6238]","[6.342, 4.2775, -1002172.1408, -1003148.2203, -1004904.3714, -1010463.6414, -1010961.4319, -1012957.6573]","[0.612, 1.965, 2.261, 2.386, 1.95, 1.628, 2.705, 2.513]",0.6171,0.0,0.0,0.0,0.0,0.0,0.0,0.0,0.0,0.0,0.6118,8.0,0.147,0.6997,0.9067,0.178,0.3916,0.6118,"[[3.971, 0.0], [8.54, 0.0], [12.823, 0.0], [17.391, 0.0], [21.674, 0.0], [26.528, -0.131]]",0.0,0.0,0.0,0.0,0.0,0.0,0.0,1.0,ok,2.7048,0.0,0.0,0.0,0.0,0.0,0.0,0.0,0.0,0.0,868313d0288e4f9aa0535dbd437cede1,scene-1064,44
0.2711,1.1151,4.5666,0.3395,0.6504,1.6542,0.0,0.0,0.0,0.0,0.0,0.0,0.0,0.0,0.0,ok,straight,0.2711,0.9891,4.5666,0.3395,0.4974,1.5415,True,"[-0.5875, -0.5875, -0.6527, -1.0444, -0.2611, -0.3264, -0.7833, -0.6527]","[-34.5574, -141.4452, -2665.3324, -8221.4397, -22258.4809, -23691.57, -85909.2573, -98066.8769]","[3.6788, 3.0823, -1002663.1697, -1008218.6833, -1022256.3181, -1023688.8136, -1085906.501, -1098064.7141]","[1.541, 1.779, 3.164, 1.549, 3.753, 2.12, 10.132, 3.789]",2.6633,0.0,0.0,0.0,0.0,0.0,0.0,0.0,0.0,0.0,1.5415,8.0,0.2711,0.9891,4.5666,0.3395,0.4974,1.5415,"[[3.4, 0.0], [6.827, -0.131], [9.968, -0.261], [13.108, -0.131], [17.106, -0.522], [21.96, -1.175]]",0.0,0.0,0.0,0.0,0.0,0.0,0.0,1.0,ok,10.1316,0.0,0.0,0.0,0.0,0.0,0.0,0.0,0.0,0.0,dc2def2a7bc94693b67eba2ffbe13a56,scene-1065,44
0.4181,1.6498,2.1179,0.3002,0.6337,1.0113,0.0,0.0,0.0,0.0,0.0,0.0,0.0,0.0,0.0,ok,straight,0.4181,1.9348,2.1179,0.3002,0.705,1.0588,False,"[-0.1305, -0.0, -0.1305, -0.0653, -0.0653, -0.1305, -0.0653, -0.0653]","[-657.6096, -699.651, -1508.1466, -268335.9554, -2084.0014, -2413.1841, -5804.8326, -377929.1786]","[2.0495, -1000697.0449, -1001505.5405, -1268333.3492, -2003980.221, -2004309.4037, -2007701.0521, -2379825.3981]","[1.059, 2.345, 1.253, 8.537, 1.139, 1.16, 2.026, 14.118]",4.5005,0.0,0.0,0.0,0.0,0.0,0.0,0.0,0.0,0.0,1.0588,8.0,0.4181,1.9348,2.1179,0.3002,0.705,1.0588,"[[5.113, 0.0], [9.682, 0.0], [15.107, -0.131], [18.819, -0.131], [24.815, -0.131], [29.669, -0.261]]",0.0,0.0,0.0,0.0,0.0,0.0,0.0,1.0,ok,14.1184,0.0,0.0,0.0,0.0,0.0,0.0,0.0,0.0,0.0,092eac44a74545b39d53c642a06eaa2e,scene-1065,44
2.4713,3.7162,8.6543,1.7334,2.4724,4.2626,0.0,0.0,0.0,0.0,0.0,0.0,0.0,0.0,0.0,ok,straight,2.4713,3.7162,8.6543,1.7334,2.4724,4.2626,False,"[-0.0653, -0.1305, -0.0653, -0.1958, -0.1958, -0.3264, -0.0653, -0.1958]","[-492.9497, -243.0267, -679.2294, -15897.6689, -42673.1036, -52490.6916, -65402.27, -73297.7877]","[5.658, 4.9074, 3.3218, -1015896.4612, -1042669.5662, -1052489.4838, -1065398.7326, -1073296.5799]","[4.263, 4.831, 4.549, 3.894, 6.284, 5.051, 8.736, 8.878]",1.8503,0.0,0.0,0.0,0.0,0.0,0.0,0.0,0.0,0.0,3.894,8.0,3.3333,3.7162,1.5881,2.5925,2.902,3.894,"[[6.541, 0.0], [13.394, 0.0], [18.819, -0.131], [24.815, -0.131], [33.095, -0.131], [39.663, -0.131]]",-0.862,0.0,7.0662,-0.8591,-0.4296,0.3686,1.0,0.0,ok,8.8777,0.0,0.0,0.0,0.0,0.0,0.0,0.0,0.0,0.0,3adfe1171bb448f9a639e4bc3bc3dc11,scene-1065,44
1.0125,2.7486,2.4237,1.0564,1.6017,1.9695,0.0,0.0,0.0,0.0,0.0,0.0,0.0,0.0,0.0,ok,straight,1.0125,2.1922,2.4237,1.0564,1.4626,1.8767,True,"[-0.0, -0.0, -0.6527, -0.8486, -0.7833, -2.9374, -1.9582, -8.2899]","[-45.4567, -192.5047, -1187.7861, -1524.7395, -5177.6884, -13464.9499, -13717.2657, -179896.1136]","[4.1363, 4.1188, -1001184.8634, -1001521.8317, -1005174.7656, -1013462.0271, -1013714.358, -1179893.2058]","[1.877, 1.712, 2.376, 2.584, 4.203, 3.45, 3.169, 6.802]",1.5421,0.0,0.0,0.0,0.0,0.0,0.0,0.0,0.0,0.0,1.7124,8.0,0.2264,2.1922,2.4237,0.5632,1.216,1.7124,"[[3.971, 0.0], [8.54, 0.0], [13.108, 0.0], [17.391, 0.0], [21.389, 0.0], [26.528, 0.0]]",0.7861,0.0,0.0,0.4931,0.2466,0.1644,1.0,0.0,ok,6.8016,0.0,0.0,0.0,0.0,0.0,0.0,0.0,0.0,0.0,b6d6b3c2d1844f239791f7ca22ba5e8a,scene-1065,44
2.0206,5.5572,7.84,1.6367,3.1455,4.6069,0.0,0.0,0.0,0.0,0.0,0.0,0.0,0.0,0.0,ok,straight,2.0206,5.5572,10.4099,1.6367,3.1455,5.0833,False,"[-0.0653, -0.2611, -0.2611, -0.3916, -0.3264, -0.0653, -0.0653, -0.5222]","[-60.7823, -95.0329, -791.8108, -72.0081, -626.1035, -18669.4962, -23108.8606, -113590.1313]","[3.3516, 2.1195, 1.9827, 1.2994, -1000624.4153, -1018667.9258, -1023107.2902, -1113588.5609]","[5.083, 4.608, 4.751, 4.8, 6.419, 5.038, 6.381, 15.583]",3.4667,0.0,0.0,0.0,0.0,0.0,0.0,0.0,0.0,0.0,4.6079,8.0,2.0206,5.5572,7.8459,1.6367,3.1455,4.6079,"[[5.113, 0.0], [9.396, -0.131], [14.25, -0.131], [18.819, -0.261], [23.673, -0.392], [29.098, -0.131]]",0.0,0.0,2.564,0.0,0.0,0.4754,4.0,0.0,ok,15.5832,0.0,0.0,0.0,0.0,0.0,0.0,0.0,0.0,0.0,21bb21c84c3e43908cd554db2686278f,scene-1066,44
0.0911,0.939,0.2549,0.062,0.5926,0.4779,0.0,0.0,0.0,0.0,0.0,0.0,0.0,0.0,0.0,ok,straight,0.0911,0.939,4.078,0.062,0.5926,1.4391,False,"[-0.8486, -0.0, -0.0, -0.4569, -3.2637, -0.9138, -0.1305, -0.0653]","[-409.0302, -748.9078, -859.8101, -1275.3265, -11761.0356, -13883.8466, -21073.0188, -102740.3138]","[3.9614, -1000745.3871, -1000856.2895, -1001271.8059, -1011757.5149, -1013880.326, -1021069.4981, -1102736.7932]","[1.439, 0.985, 0.771, 3.484, 6.39, 2.514, 1.958, 5.224]",1.9128,0.0,0.0,0.0,0.0,0.0,0.0,0.0,0.0,0.0,0.7707,8.0,0.0911,0.6543,3.2949,0.062,0.2719,0.7707,"[[3.686, 0.0], [7.398, 0.0], [11.966, 0.0], [15.393, 0.0], [21.103, 0.261], [27.099, 1.697]]",0.0,0.2846,0.7831,0.0,0.3208,0.6684,2.0,0.0,ok,6.39,0.0,0.0,0.0,0.0,0.0,0.0,0.0,0.0,0.0,c880188955834ebaa53cc8bc887327d8,scene-1066,44
1.0132,3.8904,1.168,0.8094,1.9678,2.1086,0.0,0.0,0.0,0.0,0.0,0.0,0.0,0.0,0.0,ok,straight,1.0132,3.8904,2.8318,0.8094,1.9678,2.3859,False,"[-0.1305, -0.1305, -0.8486, -0.2611, -0.0653, -0.0653, -0.3264, -0.3916]","[-1320.7846, -1398.8954, -1546.1342, -16983.2136, -41845.0345, -43371.827, -79207.8139, -607426.8085]","[-1001318.2391, -1001396.3328, -1001543.5715, -1016980.651, -1041842.4719, -1043369.2815, -1079205.2684, -1607424.263]","[2.386, 2.529, 2.143, 3.078, 4.095, 3.715, 4.025, 9.194]",2.1229,0.0,0.0,0.0,0.0,0.0,0.0,0.0,0.0,0.0,2.143,8.0,1.5852,3.8904,2.2143,1.2379,2.1821,2.143,"[[5.113, 0.0], [10.539, -0.131], [15.107, -0.131], [18.819, -0.131], [24.815, -0.131], [36.807, -0.261]]",-0.572,0.0,0.6175,-0.4286,-0.2143,0.2429,1.0,0.0,ok,9.1943,0.0,0.0,0.0,0.0,0.0,0.0,0.0,0.0,0.0,5bb3471504034b869f8ab0d4f7060d4b,scene-1066,44
1.3629,2.0902,1.075,1.0313,1.3827,1.3706,0.0,0.0,0.0,0.0,0.0,0.0,0.0,0.0,0.0,ok,straight,0.9232,0.3915,1.6458,0.6831,0.5141,0.7915,True,"[-0.0653, -0.0653, -0.0653, -0.1958, -0.0, -0.1958, -0.5222, -0.3916]","[-218.565, -520.9895, -384.7309, -2448.4607, -5540.4487, -15739.3572, -67008.8455, -185096.1225]","[3.919, 3.9141, 1.9166, -1002447.8242, -1005539.8123, -1015736.7211, -1067008.2091, -1185093.4864]","[0.791, 1.839, 1.371, 1.95, 2.821, 2.465, 3.467, 4.539]",1.1213,0.0,0.0,0.0,0.0,0.0,0.0,0.0,0.0,0.0,0.7915,8.0,0.9232,0.3915,1.6458,0.6831,0.5141,0.7915,"[[5.685, 0.0], [10.824, 0.0], [14.25, -0.261], [18.533, 0.0], [22.245, -0.131], [25.957, -0.131]]",0.0,0.0,0.0,0.0,0.0,0.0,0.0,1.0,ok,4.5388,0.0,0.0,0.0,0.0,0.0,0.0,0.0,0.0,0.0,4ed8916b5144428295e66f5a54da6704,scene-1066,44
1.1611,1.3844,2.3781,0.8786,1.1451,1.3751,0.0,0.0,0.0,0.0,0.0,0.0,0.0,0.0,0.0,ok,straight,1.1611,1.9553,2.3833,0.8786,1.2878,1.4237,False,"[-0.0653, -0.0653, -0.6527, -1.0444, -0.1305, -0.1958, -0.3264, -0.0653]","[-280.663, -289.2974, -573.4799, -342.6962, -2797.4125, -8640.2633, -24741.8553, -203639.5841]","[3.1014, 3.0919, 1.3272, -1000340.8093, -1002795.535, -1008638.3858, -1024739.9779, -1203637.6972]","[1.424, 1.2, 1.143, 1.496, 1.455, 1.816, 3.553, 5.205]",1.3587,0.0,0.0,0.0,0.0,0.0,0.0,0.0,0.0,0.0,1.1433,8.0,1.1611,1.9553,1.2691,0.8786,1.2878,1.1433,"[[3.686, 0.0], [7.398, 0.0], [11.11, -0.131], [14.822, -0.131], [19.39, -0.131], [21.389, -0.131]]",0.0,0.0,1.1142,0.0,0.0,0.2804,2.0,0.0,ok,5.2054,0.0,0.0,0.0,0.0,0.0,0.0,0.0,0.0,0.0,b6a9d120895e4207a0527ad4b3284d42,scene-1067,44
1.0303,0.6047,1.7906,0.8678,0.9127,1.0403,0.0,0.0,0.0,0.0,0.0,0.0,0.0,0.0,0.0,ok,straight,1.0303,0.3509,1.7906,0.8678,0.8493,0.998,True,"[-0.0653, -0.0653, -0.2611, -0.0653, -0.1958, -0.0653, -0.1305, -0.1958]","[-413.0244, -494.6637, -584.8464, -3010.4488, -5098.6817, -5137.3405, -5872.5525, -137028.6345]","[2.5212, 2.5187, -0.1659, -1003009.2572, -1005097.4895, -1005136.149, -1005871.3609, -1137027.4422]","[0.998, 0.903, 1.333, 1.31, 1.526, 2.099, 2.152, 4.495]",1.0859,0.0,0.0,0.0,0.0,0.0,0.0,0.0,0.0,0.0,0.9028,8.0,0.7448,0.3509,1.7906,0.5823,0.7065,0.9028,"[[3.4, 0.0], [6.827, 0.0], [10.539, 0.0], [12.823, -0.131], [17.391, -0.131], [21.96, -0.131]]",0.2855,0.0,0.0,0.2855,0.1427,0.0952,1.0,0.0,ok,4.4947,0.0,0.0,0.0,0.0,0.0,0.0,0.0,0.0,0.0,4b0405ae89164fbfb3638a5dde6e374c,scene-1067,44
3.1718,7.6668,13.0273,2.1588,4.1723,6.4842,0.0,1.0,1.0,0.0,1.0,1.0,0.0,0.25,0.5,ok,straight,3.1718,7.6668,13.0273,2.1588,4.3151,6.5794,False,"[-0.0, -0.3264, -0.1958, -0.718, -0.0, -2.0235, -0.3916, -0.3264]","[-233.0712, -657.6801, -1807.543, -1813.7787, -2034.616, -12554.0957, -28997.1426, -39844.9798]","[5.2802, 3.2076, -1001805.3375, -1001810.0605, -1002032.4106, -1012550.3775, -1028994.9371, -1039841.2616]","[6.579, 7.062, 6.917, 7.447, 6.583, 7.157, 8.538, 8.843]",0.8005,0.0,1.0,1.0,0.0,1.0,1.0,0.0,0.5,0.6666666666666666,6.5794,8.0,3.1718,7.6668,13.0273,2.1588,4.3151,6.5794,"[[3.4, 0.0], [7.398, 0.0], [11.11, 0.0], [14.822, 0.0], [17.391, 0.131], [21.96, 0.0]]",0.0,0.0,0.0,0.0,0.0,0.0,0.0,1.0,ok,8.8429,0.0,0.0,1.0,0.0,0.0,1.0,0.0,0.0,0.16666666666666666,65e91e3a03fe4fbba79fd17c886638e7,scene-1067,44
2.5437,5.6369,7.5801,1.8299,3.2456,4.4733,0.0,1.0,1.0,0.0,1.0,1.0,0.0,0.25,0.5,ok,straight,2.5437,5.6369,6.7235,1.8299,3.2456,4.4733,False,"[-0.0, -0.0, -0.0653, -0.0, -0.0, -0.1305, -0.0, -0.0]","[-99.4949, -772.4606, -567.5456, -1168.5739, -5688.1655, -10992.9772, -15548.4456, -22851.7439]","[3.316, 3.1471, 1.8202, -1001166.7773, -1005686.3688, -1010991.1806, -1015546.5649, -1022849.8632]","[4.473, 4.711, 5.615, 4.378, 5.235, 4.474, 4.235, 4.711]",0.4387,0.0,1.0,1.0,0.0,1.0,1.0,0.0,0.25,0.5,4.2353,8.0,2.5437,5.6369,11.292,1.8299,3.2456,4.2353,"[[1.116, 0.0], [2.544, 0.0], [3.686, 0.0], [5.685, 0.0], [7.398, 0.0], [7.398, 0.0]]",0.0,0.0,-4.5685,0.0,0.0,0.2379,2.0,0.0,ok,5.6155,1.0,1.0,1.0,1.0,1.0,1.0,0.5,0.75,0.8333333333333334,66eaa9cb4bfd43d2a80be2fd894ef935,scene-1067,44
4.2191,8.9864,14.987,2.9758,5.333,7.8371,1.0,1.0,1.0,1.0,1.0,1.0,0.5,0.75,0.8333333333333334,ok,straight,4.7902,8.9864,14.987,3.5469,5.6185,8.0274,False,"[-0.0653, -0.0653, -0.1305, -0.3916, -0.0, -0.2611, -0.0, -0.0]","[-406.9522, -324.6072, -2731.2969, -3447.6924, -5508.4574, -15323.8459, -25504.2295, -28449.559]","[4.196, 3.1134, -1002728.3865, -1003445.8724, -1005506.6374, -1015322.026, -1025501.3192, -1028446.6487]","[8.027, 7.837, 8.361, 6.372, 7.694, 10.551, 11.073, 7.932]",1.458,1.0,1.0,1.0,1.0,1.0,1.0,0.5,0.75,0.8333333333333334,6.3716,8.0,4.2191,8.9864,5.337,2.9758,5.333,6.3716,"[[2.829, 0.0], [5.685, 0.0], [7.398, 0.0], [9.968, 0.0], [11.681, 0.0], [15.964, -0.131]]",0.5711,0.0,9.6499,0.5711,0.2855,1.6558,4.0,0.0,ok,11.073,1.0,1.0,1.0,1.0,1.0,1.0,0.5,0.75,0.8333333333333334,2920a3315ccd4fefb30fb0468ebb2351,scene-1068,44
2.6377,5.0423,5.0743,2.1439,3.1053,3.6161,0.0,0.0,0.0,0.0,0.0,0.0,0.0,0.0,0.0,ok,straight,2.6377,5.0423,5.359,2.1439,3.1053,3.6158,True,"[-0.0, -0.0653, -0.0653, -0.1305, -0.1958, -0.0653, -0.3916]","[-1079.0741, -569.0472, -643.4481, -1580.8848, -2381.84, -2474.5925, -13418.3902]","[3.2014, 2.8187, 2.764, -1001579.2545, -1002380.1725, -1002472.925, -1013416.7599]","[3.616, 2.903, 3.473, 2.999, 4.712, 3.094, 6.191]",1.1092,0.0,0.0,0.0,0.0,0.0,0.0,0.0,0.0,0.0,2.9032,7.0,2.6377,2.1889,4.2179,2.1439,2.25,2.9032,"[[2.544, 0.0], [4.828, 0.0], [6.827, 0.0], [10.539, -0.131], [11.395, 0.0], [14.822, 0.0]]",0.0,2.8533,1.1411,0.0,0.8553,0.7126,4.0,0.0,ok,6.1908,0.0,0.0,0.0,0.0,0.0,0.0,0.0,0.0,0.0,d20d151ade9c4229806e9664c1bda422,scene-1068,44
0.9596,3.328,9.2084,0.7266,2.0933,4.0945,0.0,0.0,1.0,0.0,0.0,1.0,0.0,0.0,0.3333333333333333,ok,straight,0.9596,3.328,6.9181,0.7266,2.0933,3.3323,True,"[-0.0, -0.1305, -0.1305, -0.1958, -0.3264, -0.7833, -0.0653, -0.1305]","[-806.3723, -858.1491, -1434.3509, -396.1401, -1214.9999, -4074.2574, -10517.9265, -17578.3437]","[3.8362, 3.2742, 3.1623, 3.0705, -1001212.7592, -1004072.0166, -1010515.6987, -1017576.116]","[3.332, 4.428, 4.047, 4.191, 4.146, 7.483, 2.925, 8.143]",1.7866,0.0,0.0,1.0,0.0,0.0,1.0,0.0,0.0,0.16666666666666666,2.9251,8.0,0.9596,3.328,8.6335,0.7266,2.0933,2.9251,"[[3.686, 0.0], [7.398, 0.0], [13.108, -0.131], [15.964, -0.131], [19.676, -0.131], [24.244, 0.0]]",0.0,0.0,-1.7154,0.0,0.0,0.4071,1.0,0.0,ok,8.143,0.0,0.0,0.0,0.0,0.0,0.0,0.0,0.0,0.0,fd6296714eda481bac74b50c926d0565,scene-1068,44
0.3228,0.1933,0.126,0.2748,0.2337,0.196,0.0,0.0,0.0,0.0,0.0,0.0,0.0,0.0,0.0,ok,straight,0.3228,0.1933,0.6796,0.2748,0.2337,0.432,False,"[-0.0653, -0.0653, -0.1305, -0.0, -0.0653, -0.718, -0.1305, -6.1358]","[-181.6898, -409.8713, -720.4766, -2585.912, -2736.908, -2772.1754, -5759.6534, -44732.5731]","[3.727, 0.7981, -1000717.6922, -1002583.1277, -1002737.0365, -1002772.3039, -1005759.7819, -1044729.7888]","[0.432, 0.653, 1.267, 1.127, 1.283, 1.089, 1.402, 4.28]",1.1168,0.0,0.0,0.0,0.0,0.0,0.0,0.0,0.0,0.0,0.432,8.0,0.3228,0.1933,0.6796,0.2748,0.2337,0.432,"[[2.258, 0.0], [4.542, 0.0], [6.541, 0.0], [8.54, 0.0], [9.111, 0.0], [11.11, -0.131]]",0.0,0.0,0.0,0.0,0.0,0.0,0.0,1.0,ok,4.28,0.0,0.0,0.0,0.0,0.0,0.0,0.0,0.0,0.0,b227c51db2594af5aba12ccc722b7973,scene-1068,44
1.6387,6.2074,15.2577,1.1279,3.1163,6.4102,0.0,0.0,0.0,0.0,0.0,0.0,0.0,0.0,0.0,ok,left,1.6387,6.2074,15.2577,1.1279,3.1163,6.4309,False,"[-3.3943, -3.3943, -3.6554, -3.3943, -4.2429, -2.7415, -1.893, 8.2899]","[-360.5887, -729.9569, -942.4462, -1785.6725, -5664.4769, -7893.8771, -10386.164, -30753.6649]","[2.4913, 2.1922, -1000940.5346, -1001783.5005, -1005662.3049, -1007891.9654, -1010384.2523, -1030751.4929]","[6.431, 6.534, 6.885, 5.952, 7.404, 6.333, 5.995, 5.703]",0.5144,0.0,0.0,0.0,0.0,0.0,0.0,0.0,0.0,0.0,5.7033,8.0,1.6387,6.2074,10.7613,1.1279,3.1163,5.7033,"[[2.258, -0.131], [4.542, -0.522], [7.398, -1.567], [9.111, -2.48], [11.966, -4.83], [13.679, -6.789]]",0.0,0.0,4.4964,0.0,0.0,0.7276,4.0,0.0,ok,7.4039,0.0,0.0,0.0,0.0,0.0,0.0,0.0,0.0,0.0,b58985f7ddc2454d95cb84a65d1fe9fe,scene-1069,44
3.8533,8.7255,9.4521,2.9174,5.0472,5.7062,0.0,0.0,0.0,0.0,0.0,0.0,0.0,0.0,0.0,ok,straight,2.7114,5.8712,4.8828,2.2037,3.5485,4.3262,True,"[-0.0653, -1.2402, -0.2611, -0.1305, -0.3916, -0.1305, -0.2611, -0.2611]","[-252.6369, -209.6485, -1000.0723, -2636.2501, -6718.9087, -8651.3851, -170753.061, -870124.6626]","[4.0145, 0.6829, -1000997.7732, -1002633.4879, -1006716.1465, -1008649.0861, -1170750.7619, -1870122.3636]","[4.326, 4.587, 5.377, 4.707, 10.895, 5.706, 16.033, 14.406]",4.4939,0.0,0.0,0.0,0.0,0.0,0.0,0.0,0.0,0.0,4.3262,8.0,2.7114,5.8712,4.8828,2.2037,3.5485,4.3262,"[[7.112, 0.0], [13.679, -0.131], [20.532, -0.131], [28.241, 0.0], [35.38, -0.131], [39.663, -0.131]]",0.0,0.0,0.0,0.0,0.0,0.0,0.0,1.0,ok,16.0331,0.0,0.0,0.0,0.0,0.0,0.0,0.0,0.0,0.0,3f3a2be2e43d4baaa417698eea0706cb,scene-1069,44
2.0082,3.6654,11.7431,1.4939,3.0991,5.0169,0.0,0.0,0.0,0.0,0.0,0.0,0.0,0.0,0.0,ok,straight,2.0082,7.0863,11.7431,1.4939,3.6702,5.3977,False,"[-0.0653, -0.0, -0.0653, -0.1305, -0.0653, -0.1305, -0.0, -0.2611]","[-6163.3337, -32745.6273, -100704.5035, -183292.6669, -1863.0952, -4463.7257, -85891.3046, -582914.5604]","[-1006162.2925, -1032744.5861, -1100703.4623, -1183291.6257, -2004021.6565, -2006622.287, -2088049.866, -2585073.1217]","[5.398, 4.303, 9.155, 15.721, 5.874, 3.311, 9.354, 13.262]",4.1338,0.0,0.0,0.0,0.0,0.0,0.0,0.0,0.0,0.0,3.3113,8.0,6.007,3.6654,2.0599,4.0641,4.3842,3.3113,"[[6.541, 0.0], [13.108, -0.131], [21.103, 0.0], [29.955, -0.131], [33.095, -0.131], [44.231, -0.131]]",-3.9988,3.4209,9.6832,-2.5702,-0.714,2.0864,2.0,0.0,ok,15.7211,0.0,0.0,0.0,0.0,0.0,0.0,0.0,0.0,0.0,b364e3e790fe40b9836c19782d80df4b,scene-1069,44
3.8254,6.5784,13.2131,3.0141,4.5281,6.797,0.0,0.0,0.0,0.0,0.0,0.0,0.0,0.0,0.0,ok,straight,3.8254,8.0091,13.2131,3.0141,5.2433,7.2737,False,"[-0.0653, -0.0653, -0.0653, -0.1958, -0.0653, -0.0653, -0.0653, -0.0]","[-455.9988, -136.7296, -1141.0614, -9005.462, -26187.4006, -38972.9887, -46501.5824, -101558.3001]","[4.0784, 2.1822, -1001139.8943, -1009004.2949, -1026184.3274, -1038971.8216, -1046498.5093, -1101555.227]","[7.274, 6.797, 7.368, 7.045, 8.94, 6.329, 5.268, 8.669]",1.1122,0.0,0.0,0.0,0.0,0.0,0.0,0.0,0.0,0.0,5.2679,8.0,3.8254,8.0091,6.0967,3.0141,5.2433,5.2679,"[[3.115, 0.0], [6.827, 0.0], [9.111, 0.0], [13.394, 0.0], [17.391, -0.131], [19.39, -0.131]]",0.0,0.0,7.1164,0.0,0.0,2.0059,4.0,0.0,ok,8.9403,0.0,0.0,0.0,0.0,0.0,0.0,0.0,0.0,0.0,79db58d69e7d401d94bbf1f001019051,scene-1069,44
0.2202,0.8646,1.9244,0.4226,0.7758,1.0217,0.0,0.0,0.0,0.0,0.0,0.0,0.0,0.0,0.0,ok,straight,2.6644,1.9965,6.6911,2.5013,2.0498,2.5846,False,"[-0.3264, -0.1305, -0.1305, -0.0653, -0.0, -0.0, -0.0653, -0.0]","[-1284.7458, -2026.7289, -6759.3716, -10119.2803, -26332.4718, -34787.0866, -52343.6618, -131229.6287]","[-1001282.4591, -1002026.1767, -1006757.0848, -1010118.7281, -1026330.185, -1034784.7998, -1052343.1097, -1131229.0765]","[2.585, 1.022, 1.871, 2.774, 3.598, 3.848, 3.225, 7.165]",1.7081,0.0,0.0,0.0,0.0,0.0,0.0,0.0,0.0,0.0,1.0217,8.0,0.2202,0.8646,1.9244,0.4226,0.7758,1.0217,"[[7.112, 0.0], [13.394, 0.0], [17.962, -0.261], [24.815, -0.131], [28.241, -0.131], [28.241, 0.653]]",2.4443,1.1319,4.7667,2.0787,1.274,1.5629,2.0,0.0,ok,7.165,0.0,0.0,0.0,0.0,0.0,0.0,0.0,0.0,0.0,23779301ebc34c1284e539ddf057f0b4,scene-1070,44
3.6201,7.595,12.8389,2.7627,4.4649,6.4136,0.0,0.0,0.0,0.0,0.0,0.0,0.0,0.0,0.0,ok,straight,3.6201,7.595,12.8389,2.7627,4.4649,6.3204,True,"[-0.1305, -0.5222, -0.2611, -0.2611, -0.9138, -0.1305, -0.4569, -0.1305]","[-2782.4936, -3144.4374, -15325.9061, -32578.8952, -29604.5084, -30062.5406, -32656.2095, -57766.0355]","[-1002778.9302, -1003140.874, -1015322.3427, -1032575.3318, -2038518.4692, -2038976.5015, -2041570.1704, -2066679.9964]","[6.32, 7.133, 8.082, 3.731, 7.875, 7.035, 7.635, 6.572]",1.2925,0.0,0.0,0.0,0.0,0.0,0.0,0.0,0.0,0.0,3.7313,8.0,3.6201,7.595,0.4949,2.7627,4.4649,3.7313,"[[3.971, 0.0], [8.54, -0.131], [13.108, -0.131], [15.964, -0.261], [21.96, -0.522], [21.96, -0.261]]",0.0,0.0,12.344,0.0,0.0,2.5891,1.0,0.0,ok,8.0824,0.0,0.0,0.0,0.0,0.0,0.0,0.0,0.0,0.0,7f86adb3a3ee43e7b69a410b28ef6ab0,scene-1070,44
1.824,3.2977,5.0329,1.2879,1.8283,2.7355,0.0,0.0,0.0,0.0,0.0,0.0,0.0,0.0,0.0,ok,straight,1.824,3.2977,5.0329,1.2879,1.8283,2.7355,False,"[-0.0653, -0.3916, -0.1305, -0.3264, -0.0653, -0.0, -0.0, -0.1958]","[-542.1294, -42271.0061, -54423.3119, -355331.7816, -2433.2078, -6434.5122, -20222.6307, -715909.8201]","[2.5462, -1042269.6721, -1054421.9779, -1355330.4476, -2006088.8789, -2010090.1833, -2023878.3018, -2719565.4912]","[2.736, 4.085, 7.639, 7.758, 3.306, 3.314, 9.207, 12.658]",3.3219,0.0,0.0,0.0,0.0,0.0,0.0,0.0,0.0,0.0,2.7355,8.0,1.824,3.2977,5.0329,1.2879,1.8283,2.7355,"[[6.541, 0.0], [13.394, -0.131], [18.819, -0.131], [26.528, -0.131], [33.095, -0.131], [39.663, -0.131]]",0.0,0.0,0.0,0.0,0.0,0.0,0.0,1.0,ok,12.6582,0.0,0.0,0.0,0.0,0.0,0.0,0.0,0.0,0.0,9b5678cae57643908e22f01ca710d135,scene-1070,44
2.8625,5.6101,14.9859,2.4835,3.6139,6.3846,0.0,0.0,1.0,0.0,0.0,1.0,0.0,0.0,0.16666666666666666,ok,straight,2.8625,7.3232,14.9859,2.4835,4.0422,6.6702,False,"[-0.0653, -0.0653, -0.2611, -0.0653, -0.3264, -0.0653, -0.9791, -0.1958]","[-1580.6741, -11981.6732, -102048.1217, -191439.7746, -33210.3706, -45117.8185, -52734.4309, -67391.1486]","[-1001578.1921, -1011979.1912, -1102045.6397, -1191437.2926, -2044900.8817, -2056808.3296, -2064424.942, -2079081.6597]","[6.67, 12.143, 8.431, 9.949, 6.576, 7.718, 6.478, 8.1]",1.8309,0.0,0.0,1.0,0.0,0.0,1.0,0.0,0.0,0.16666666666666666,6.4776,8.0,2.8625,14.4631,14.5102,2.4835,5.6133,6.4776,"[[6.541, 0.0], [12.537, 0.0], [18.248, -0.131], [26.528, -0.131], [33.095, -0.131], [44.231, -0.131]]",0.0,-7.1399,0.4757,0.0,-1.571,0.1926,2.0,0.0,ok,12.1428,0.0,0.0,0.0,0.0,0.0,0.0,0.0,0.0,0.0,5e0802535c0548728901a834f82b1c4f,scene-1070,44
3.3472,9.6831,14.3405,2.395,4.5638,6.7882,0.0,1.0,1.0,0.0,1.0,1.0,0.0,0.25,0.3333333333333333,ok,straight,3.0612,9.6831,14.3405,2.823,5.1347,7.1688,False,"[-0.0653, -0.4569, -0.0653, -0.0653, -0.0653, -0.0653, -0.3916, -0.1958]","[-6848.121, -9283.3861, -15189.9923, -108053.7504, -7438.4708, -23289.2891, -74513.1044, -112948.0159]","[-1006845.3995, -1009280.6645, -1015187.2708, -1108051.0289, -2008655.6387, -2024506.4569, -2075730.2722, -2114165.1837]","[7.169, 6.109, 4.015, 7.077, 7.216, 6.339, 10.242, 6.22]",1.6209,0.0,1.0,1.0,0.0,1.0,1.0,0.0,0.25,0.3333333333333333,4.0148,8.0,3.0612,9.6831,2.5098,2.823,5.1347,4.0148,"[[7.683, 0.0], [13.108, 0.0], [20.247, -0.131], [29.669, -0.131], [33.095, -0.131], [44.231, -0.131]]",0.0,0.0,11.8307,0.0,0.0,3.154,5.0,0.0,ok,10.2423,0.0,0.0,0.0,0.0,0.0,0.0,0.0,0.0,0.0,7e351605549547f8af19432917f23b73,scene-1071,44
3.8603,8.8579,13.5403,3.029,5.4805,7.7835,0.0,0.0,0.0,0.0,0.0,0.0,0.0,0.0,0.0,ok,straight,3.8603,8.8579,13.5403,3.029,5.4805,7.7835,False,"[-0.0653, -0.0653, -0.1305, -0.0, -0.0653, -0.3264, -0.2611, -0.0653]","[-238.9017, -223.6581, -629.1718, -1399.6858, -1796.1839, -5180.634, -15160.1829, -1101817.2314]","[3.8786, 3.6729, -1000626.4275, -1001396.7358, -1001793.2339, -1005177.6841, -1015157.4386, -2101814.4872]","[7.784, 7.879, 7.689, 6.881, 8.021, 7.647, 5.982, 13.175]",2.0075,0.0,0.0,0.0,0.0,0.0,0.0,0.0,0.0,0.0,5.9825,8.0,5.0022,8.8579,10.4329,3.3145,5.6232,5.9825,"[[2.258, 0.0], [5.113, 0.0], [6.541, 0.0], [9.111, 0.0], [11.11, -0.131], [13.108, -0.131]]",-1.1419,0.0,3.1075,-0.2855,-0.1427,1.801,4.0,0.0,ok,13.1745,0.0,0.0,0.0,0.0,0.0,0.0,0.0,0.0,0.0,f02d48168d5145109cfb2ddd7f35b04e,scene-1071,44
5.6458,15.269,17.8261,4.1688,8.24,10.9676,0.0,1.0,0.0,0.0,1.0,1.0,0.0,0.5,0.5,ok,straight,5.6458,15.269,17.8261,4.1688,8.24,10.9676,False,"[-0.0653, -0.0653, -0.0653, -0.9138, -0.1958, -0.0653, -0.0653, -0.3264]","[-3519.0179, -3732.1254, -16385.1254, -25059.9506, -25389.2952, -46668.1725, -52067.0119, -99556.7876]","[-1003515.8982, -1003731.0342, -1016382.0057, -1025058.8594, -1025388.2039, -1046667.0812, -1052063.8922, -1099553.6679]","[10.968, 11.159, 17.251, 10.033, 10.827, 16.591, 13.142, 13.373]",2.5522,0.0,1.0,0.0,0.0,1.0,1.0,0.0,0.5,0.5,10.0331,8.0,5.938,15.269,17.0652,4.7432,8.5272,10.0331,"[[6.541, 0.0], [13.108, 0.0], [20.247, 0.0], [29.669, 0.0], [33.095, 0.0], [39.663, -0.131]]",-0.2922,0.0,0.7609,-0.5744,-0.2872,0.9345,2.0,0.0,ok,17.2507,0.0,0.0,0.0,0.0,0.0,0.0,0.0,0.0,0.0,2a1710d55ac747339eae4502565b956b,scene-1071,44
2.5276,11.2958,17.717,2.218,4.8497,7.5135,0.0,1.0,0.0,0.0,1.0,1.0,0.0,0.25,0.16666666666666666,ok,straight,2.5276,11.2958,16.9459,2.218,4.8497,9.1453,False,"[-0.718, -0.1305, -0.0653, -1.5013, -0.0653, -0.3264, -0.5222, -0.0]","[-5674.7808, -8364.6082, -25067.2158, -26314.8187, -73307.8962, -108080.1925, -181985.6812, -188716.5984]","[-2008500.3801, -2011190.2074, -2027892.8151, -2034482.1355, -2081475.2131, -2116247.5093, -2190152.9981, -2191542.1977]","[9.145, 5.658, 7.513, 7.705, 8.607, 7.233, 7.536, 10.618]",1.3761,0.0,1.0,0.0,0.0,1.0,1.0,0.0,0.25,0.16666666666666666,5.6577,8.0,2.5276,11.2958,4.5804,2.218,4.8497,5.6577,"[[5.97, 0.0], [10.539, 0.0], [15.393, 0.0], [26.528, 0.0], [37.093, -0.131], [38.806, 1.436]]",0.0,0.0,12.3655,0.0,0.0,3.4876,6.0,0.0,ok,10.6181,0.0,0.0,0.0,0.0,0.0,0.0,0.0,0.0,0.0,dd30cd99e03a43ecb74f1a41769bd9a7,scene-1071,44
2.0185,8.8066,13.3623,1.9747,3.6613,6.5258,0.0,0.0,1.0,0.0,0.0,1.0,0.0,0.0,0.3333333333333333,ok,straight,2.0185,8.8066,13.3623,1.9747,3.6613,6.5258,False,"[-0.0653, -0.5222, -0.3916, -0.0653, -0.0653, -1.7624, -0.1305, -0.4569]","[-4896.4296, -6216.1999, -17518.9714, -23267.7376, -85653.4703, -99919.0489, -124323.7275, -242751.4551]","[-2008607.5553, -2009927.3257, -2021230.0972, -2026978.8634, -2105617.9943, -2119883.5729, -2144288.2515, -2262715.9791]","[6.526, 5.732, 3.991, 7.239, 6.398, 9.839, 5.351, 6.95]",1.5857,0.0,0.0,1.0,0.0,0.0,1.0,0.0,0.0,0.3333333333333333,3.9907,8.0,2.0185,8.8066,5.1685,1.9747,3.6613,3.9907,"[[6.541, 0.0], [11.11, 0.0], [15.393, -0.131], [26.528, -0.131], [33.095, -0.131], [39.663, -0.131]]",0.0,0.0,8.1938,0.0,0.0,2.535,4.0,0.0,ok,9.839,0.0,0.0,0.0,0.0,0.0,0.0,0.0,0.0,0.0,f9ad282e31ce47d5a16dffc3b25c456a,scene-1072,44
4.0662,8.9452,12.9643,2.922,5.0841,7.3833,0.0,0.0,1.0,0.0,0.0,1.0,0.0,0.0,0.3333333333333333,ok,straight,3.4947,8.9452,12.9636,2.6362,4.9412,7.2879,True,"[-0.0653, -0.0653, -0.0653, -0.1305, -4.1776, -0.0653, -0.3264, -0.0653]","[-173.3064, -360.4295, -4412.4539, -4464.7698, -7762.4797, -26171.7539, -67069.9666, -113936.6626]","[4.4972, 2.1618, -1004409.0889, -1004461.4048, -1007759.1147, -1026170.7194, -1067068.9322, -1113935.6281]","[7.288, 7.383, 8.489, 4.861, 6.309, 6.718, 6.526, 10.486]",1.5581,0.0,0.0,1.0,0.0,0.0,1.0,0.0,0.0,0.3333333333333333,4.8613,8.0,3.4947,8.9452,4.3999,2.6362,4.9412,4.8613,"[[6.541, 0.0], [12.537, 0.0], [18.819, -0.131], [26.528, -0.131], [33.095, -0.131], [39.663, -0.131]]",0.0,0.0,8.5637,0.0,0.0,2.4266,4.0,0.0,ok,10.4858,0.0,0.0,0.0,0.0,0.0,0.0,0.0,0.0,0.0,fcd1acc0208f4ac08c879e2be95529a5,scene-1072,44
1.043,0.0684,0.46,0.893,0.7681,1.0585,0.0,0.0,0.0,0.0,0.0,0.0,0.0,0.0,0.0,ok,straight,1.043,0.0684,0.46,0.893,0.7681,0.6308,True,"[-0.0653, -0.0653, -0.3916, -0.0653, -0.2611, -0.1305, -0.0653, -0.0653]","[-147.7083, -228.7482, -1313.8867, -2340.9177, -4535.0941, -5343.4172, -19368.5537, -37098.1114]","[3.2833, 3.2664, -1001311.951, -1002338.9923, -1004533.1687, -1005341.4918, -1019366.618, -1037096.1756]","[0.631, 0.479, 1.194, 2.993, 3.564, 1.243, 4.43, 2.581]",1.3661,0.0,0.0,0.0,0.0,0.0,0.0,0.0,0.0,0.0,0.4788,8.0,0.7578,0.0684,0.46,0.4371,0.5402,0.4788,"[[3.686, 0.0], [7.398, 0.0], [11.11, -0.131], [15.964, -0.131], [19.39, -0.131], [21.96, -0.131]]",0.2852,0.0,0.0,0.4559,0.2279,0.152,1.0,0.0,ok,4.4295,0.0,0.0,0.0,0.0,0.0,0.0,0.0,0.0,0.0,70d04b7ebd6f4cae85f7c0f1dade1871,scene-1072,44
1.9174,3.06,7.2394,1.2685,2.2238,3.6305,0.0,0.0,0.0,0.0,0.0,0.0,0.0,0.0,0.0,ok,straight,3.0598,4.4875,7.2394,2.2676,3.0803,4.2015,False,"[-0.1305, -0.1305, -0.1958, -0.1305, -0.0653, -0.1305, -0.1305]","[-147.5145, -17.9397, -1485.9002, -15101.0467, -19153.8437, -29936.1267, -47990.1334]","[3.7154, 1.7236, -1001485.151, -1015098.2979, -1019153.0946, -1029933.3779, -1047987.3846]","[4.202, 3.868, 2.697, 5.156, 4.025, 4.963, 4.714]",0.7701,0.0,0.0,0.0,0.0,0.0,0.0,0.0,0.0,0.0,2.6972,7.0,1.9174,4.4875,0.7794,1.2685,2.5807,2.6972,"[[4.828, 0.0], [9.682, 0.0], [13.108, -0.131], [17.391, -0.131], [21.674, -0.131], [26.528, -0.261]]",1.1424,0.0,6.46,0.9991,0.4996,1.5043,3.0,0.0,ok,5.1561,0.0,0.0,0.0,0.0,0.0,0.0,0.0,0.0,0.0,51b48a4ba38b4824a21d4a8b39a7a6e9,scene-1072,44
3.1148,5.9701,7.3977,2.401,3.6858,4.6852,0.0,1.0,1.0,0.0,1.0,1.0,0.0,0.25,0.5,ok,straight,3.1148,5.6846,7.3977,2.401,3.6145,4.7804,False,"[-0.0, -0.0, -0.0653, -0.0653, -0.0653, -0.3264, -1.6319, -0.0653]","[-72.469, -108.5316, -114.6194, -208.5416, -2217.164, -2629.1297, -3721.4312, -224008.6757]","[2.9411, 2.9345, 2.8152, 2.8078, -1002215.1499, -1002627.1217, -1003719.4171, -1224006.6678]","[4.78, 5.113, 5.447, 4.733, 6.208, 6.451, 9.335, 10.301]",1.9895,0.0,1.0,1.0,0.0,1.0,1.0,0.0,0.25,0.5,4.733,8.0,3.4003,5.9701,6.5424,2.5437,4.1141,4.733,"[[1.687, 0.0], [3.115, 0.0], [3.971, 0.0], [5.685, 0.0], [6.827, 0.0], [7.398, 0.0]]",-0.2855,-0.2855,0.8553,-0.1428,-0.4997,0.0474,1.0,0.0,ok,10.3008,1.0,1.0,0.0,1.0,1.0,1.0,0.5,0.75,0.5,127c5ddf95e947ef96888e56d5a355f6,scene-1073,44
2.5437,4.5424,6.8267,1.8299,2.972,3.9714,0.0,0.0,1.0,0.0,0.0,1.0,0.0,0.0,0.16666666666666666,ok,straight,2.5437,3.9714,6.5412,1.8299,2.8293,3.9238,True,"[-0.0, -0.0, -0.0653, -0.0653, -0.0, -0.0, -0.0653, -0.1958]","[-190.6894, -254.6785, -461.7248, -781.3403, -2613.0572, -14469.1701, -20241.092, -111532.244]","[2.805, 2.8032, -1000460.2152, -1000779.8307, -1002611.5477, -1014467.6605, -1020239.5824, -1111530.7344]","[3.924, 5.494, 3.638, 5.304, 4.78, 4.495, 5.209, 9.159]",1.6004,0.0,0.0,1.0,0.0,0.0,1.0,0.0,0.0,0.3333333333333333,3.6385,8.0,2.5437,3.9714,6.8279,1.8299,2.8293,3.6385,"[[1.116, 0.0], [2.544, 0.0], [3.686, 0.0], [3.971, 0.0], [5.685, 0.0], [6.541, 0.0]]",0.0,0.0,-0.2868,0.0,0.0,0.2853,1.0,0.0,ok,9.1588,1.0,1.0,0.0,1.0,1.0,1.0,0.5,0.75,0.6666666666666666,d527bdde872340a383de3a7cf3979e7d,scene-1073,44
4.0855,5.1094,4.5666,3.1982,4.0706,4.4006,0.0,0.0,0.0,0.0,0.0,0.0,0.0,0.0,0.0,ok,straight,4.0855,5.6803,5.1359,3.1982,4.2133,4.5907,False,"[-0.0653, -1.7624, -0.2611, -0.0, -0.5222, -0.0653, -0.5875, -0.0653]","[-77.739, -518.9086, -1006.0725, -10168.5535, -11356.2216, -14552.3164, -16677.8781, -75426.3495]","[3.7206, 0.6156, -1001003.6858, -1010166.1667, -2014393.5067, -2017589.6015, -2019715.1631, -2078463.6345]","[4.591, 6.23, 4.068, 6.873, 4.946, 4.402, 4.758, 6.827]",1.055,0.0,0.0,0.0,0.0,0.0,0.0,0.0,0.0,0.0,4.068,8.0,4.0855,5.6803,1.435,3.1982,4.2133,4.068,"[[2.829, 0.0], [5.97, 0.0], [8.54, 0.0], [11.681, 0.0], [13.965, -0.131], [15.964, -0.131]]",0.0,0.0,3.7009,0.0,0.0,0.5227,2.0,0.0,ok,6.8727,0.0,0.0,0.0,0.0,0.0,0.0,0.0,0.0,0.0,e353030f3b82412d9619cab425e59985,scene-1073,44
0.5007,3.0775,5.9385,0.4281,1.4381,2.6735,0.0,0.0,0.0,0.0,0.0,0.0,0.0,0.0,0.0,ok,left,0.2579,2.9763,5.2829,0.3917,1.3946,2.3502,True,"[-0.1305, -0.6527, -1.5013, -0.6527, -0.0653, -2.0235, -8.2899, -0.8486]","[-202.4623, -158.4669, -1278.6547, -1401.977, -7836.4135, -8499.0949, -13733.0288, -23972.1181]","[3.8481, 3.648, -1001276.2948, -1001399.6171, -1007834.0942, -1008496.7756, -1013730.6689, -1023969.7582]","[2.35, 2.757, 3.408, 3.001, 3.478, 3.719, 5.229, 3.606]",0.8026,0.0,0.0,0.0,0.0,0.0,0.0,0.0,0.0,0.0,2.3502,8.0,0.2579,2.9763,5.2829,0.3917,1.3946,2.3502,"[[3.115, -0.131], [5.113, 0.0], [6.541, -0.522], [8.54, -0.914], [12.823, -0.783], [17.962, -0.261]]",0.0,0.0,0.0,0.0,0.0,0.0,0.0,1.0,ok,5.2287,0.0,0.0,0.0,0.0,0.0,0.0,0.0,0.0,0.0,a7c9bbdba0ca4bd5b990b67654d8d836,scene-1073,44
